date,stock_id,stock_name,open,high,low,close,volume,foreign_buy,trust_buy,dealer_buy,foreign_hold_ratio,foreign_remain_ratio,foreign_limit_ratio
2026-05-26,0050,元大台灣50,101.6,101.8,100.1,100.1,93560,-14392,2131,-9330,3.25,96.74,100.0
2026-05-26,0051,元大中型100,140.65,142.05,139.95,140.3,183,-5,0,0,0.56,99.43,100.0
2026-05-26,0052,富邦科技,60.1,60.2,59.25,59.25,26652,-908,0,-2099,2.51,97.48,100.0
2026-05-26,0053,元大電子,236.0,236.0,234.0,234.95,19,0,0,-9,1.36,98.63,100.0
2026-05-26,0055,元大MSCI金融,34.05,34.5,33.98,34.3,704,236,0,-157,0.93,99.06,100.0
2026-05-26,0056,元大高股息,48.68,48.79,48.15,48.32,49374,4033,-240,6448,0.9,99.09,100.0
2026-05-26,0057,富邦摩台,300.05,300.85,297.9,298.9,13,0,0,-2,6.75,93.24,100.0
2026-05-26,0061,元大寶滬深,24.83,25.1,24.83,24.96,377,188,0,37,4.8,95.19,100.0
2026-05-26,1101,台泥,24.3,24.6,23.95,23.95,31297,-15528,-2,115,14.96,85.03,100.0
2026-05-26,1102,亞泥,33.55,33.65,33.25,33.25,15247,-10694,-570,-48,15.09,84.9,100.0
2026-05-26,1103,嘉泥,13.2,13.25,13.1,13.25,291,39,0,-1,4.51,95.48,100.0
2026-05-26,1104,環泥,27.55,27.8,27.35,27.35,872,-315,1,0,15.42,84.57,100.0
2026-05-26,1108,幸福,13.5,13.55,13.45,13.5,168,20,0,0,1.2,98.79,100.0
2026-05-26,1109,信大,14.4,14.5,14.35,14.5,181,-12,0,-15,2.27,97.72,100.0
2026-05-26,1110,東泥,14.0,14.1,13.9,14.0,167,40,0,0,5.9,94.09,100.0
2026-05-26,1201,味全,12.0,12.35,12.0,12.3,800,-45,0,0,5.0,94.99,100.0
2026-05-26,1203,味王,41.75,43.15,41.75,42.7,30,21,0,-3,1.72,98.27,100.0
2026-05-26,1210,大成,52.3,52.6,52.0,52.1,1760,105,-8,12,11.9,88.09,100.0
2026-05-26,1213,大飲,8.52,8.52,8.0,8.23,39,0,0,0,0.01,99.98,100.0
2026-05-26,1215,卜蜂,142.5,144.5,142.0,142.5,2725,-150,-658,-26,34.85,65.14,100.0
2026-05-26,1216,統一,71.3,71.9,70.8,70.8,17786,-9592,4813,-219,32.18,67.81,100.0
2026-05-26,1217,愛之味,9.48,9.62,9.42,9.56,957,135,0,-6,7.5,92.49,100.0
2026-05-26,1218,泰山,18.45,18.5,18.35,18.5,482,109,0,0,3.76,96.23,100.0
2026-05-26,1219,福壽,12.55,12.65,12.45,12.5,399,-52,0,-25,5.52,94.47,100.0
2026-05-26,1220,台榮,11.95,11.95,11.75,11.85,93,1,0,-12,7.08,92.91,100.0
2026-05-26,1225,福懋油,29.8,30.25,29.65,30.2,201,120,0,-13,1.35,98.64,100.0
2026-05-26,1227,佳格,28.1,28.45,28.05,28.25,927,217,0,-1,5.52,94.47,100.0
2026-05-26,1229,聯華,39.3,40.2,39.2,39.9,4698,-965,1,19,9.01,90.98,100.0
2026-05-26,1231,聯華食,84.8,85.8,84.8,85.6,317,110,0,0,2.62,97.37,100.0
2026-05-26,1232,大統益,148.0,148.5,147.5,147.5,108,-17,0,-4,2.59,97.4,100.0
2026-05-26,1233,天仁,28.55,28.55,28.3,28.35,18,-6,0,-2,5.67,94.32,100.0
2026-05-26,1234,黑松,33.95,34.4,33.95,34.25,197,52,0,0,4.71,95.28,100.0
2026-05-26,1235,興泰,38.0,38.0,38.0,38.0,8,2,0,0,0.25,99.74,100.0
2026-05-26,1236,宏亞,24.2,24.8,24.1,24.2,38,5,0,-4,0.45,99.54,100.0
2026-05-26,1240,茂生農經,57.5,57.7,57.5,57.7,13,2,0,0,3.66,96.33,100.0
2026-05-26,1256,鮮活果汁-KY,187.5,197.0,187.5,196.0,206,55,0,-4,4.94,95.05,100.0
2026-05-26,1259,安心,57.0,57.0,57.0,57.0,1,0,0,0,26.12,73.87,100.0
2026-05-26,1260,富味鄉,24.05,24.95,23.8,23.8,97,-6,0,0,0.0,0.0,0.0
2026-05-26,1264,德麥,272.0,272.0,271.0,271.0,19,-8,0,0,1.7,98.29,100.0
2026-05-26,1268,漢來美食,170.5,171.0,167.5,168.5,51,8,0,0,1.56,98.43,100.0
2026-05-26,1269,乾杯,70.8,70.8,67.5,67.5,2,0,0,0,0.0,0.0,0.0
2026-05-26,1271,晨暉生技,61.94,61.9,61.2,61.7,54,-7,0,0,0.0,0.0,0.0
2026-05-26,1293,利統,28.0,28.25,27.0,28.25,12,0,0,0,0.0,0.0,0.0
2026-05-26,1294,漢田生技,77.0,77.0,76.0,77.0,23,-1,0,0,0.68,99.31,100.0
2026-05-26,1295,生合,51.7,51.7,50.9,51.4,62,18,0,0,2.21,97.78,100.0
2026-05-26,1301,台塑,44.7,45.7,44.2,44.75,22123,-6955,-202,162,30.35,69.64,100.0
2026-05-26,1303,南亞,87.8,94.4,87.8,90.8,104635,34097,-1157,2395,33.16,66.83,100.0
2026-05-26,1304,台聚,12.25,12.35,11.95,12.1,4668,-501,0,-77,28.17,71.82,100.0
2026-05-26,1305,華夏,12.4,12.5,11.9,12.0,3720,285,0,-30,4.36,95.63,100.0
2026-05-26,1307,三芳,31.05,31.1,30.8,30.85,840,-337,-9,-1,6.6,93.39,100.0
2026-05-26,1308,亞聚,13.3,13.45,12.95,12.95,3068,-1048,0,-11,4.12,95.87,100.0
2026-05-26,1309,台達化,15.45,15.85,15.15,15.2,3420,-747,0,-7,2.73,97.26,100.0
2026-05-26,1310,台苯,8.01,8.07,7.83,7.85,3168,-950,0,-47,4.38,95.61,100.0
2026-05-26,1312,國喬,10.4,10.45,10.1,10.1,6179,-583,0,-6,4.21,95.78,100.0
2026-05-26,1313,聯成,10.75,10.85,10.4,10.45,2803,-601,0,-40,5.91,94.08,100.0
2026-05-26,1314,中石化,7.07,7.13,6.96,6.97,13300,-3457,0,-202,8.68,91.31,100.0
2026-05-26,1315,達新,60.9,61.0,60.7,60.7,15,2,0,0,1.26,98.73,100.0
2026-05-26,1316,上曜,10.2,10.4,10.1,10.2,1657,-3,0,0,4.34,95.65,100.0
2026-05-26,1319,東陽,81.1,81.7,80.0,80.1,2164,-334,-228,-16,7.47,92.52,100.0
2026-05-26,1321,大洋,29.0,29.3,28.6,29.0,290,74,0,0,6.76,93.23,100.0
2026-05-26,1323,永裕,20.15,20.45,20.1,20.25,111,49,0,0,1.22,98.77,100.0
2026-05-26,1324,地球,10.15,10.2,10.15,10.15,69,5,0,0,0.83,99.16,100.0
2026-05-26,1325,恆大,27.35,27.55,26.85,27.05,427,-12,0,0,1.21,98.78,100.0
2026-05-26,1326,台化,44.75,45.75,44.2,44.5,15263,-2185,0,125,36.69,63.3,100.0
2026-05-26,1336,台翰,13.25,13.25,13.05,13.05,116,-1,0,0,4.43,95.56,100.0
2026-05-26,1337,再生-KY,4.76,4.77,4.69,4.74,932,203,0,0,26.14,73.85,100.0
2026-05-26,1338,廣華-KY,15.8,15.8,15.5,15.65,85,1,0,6,6.12,93.87,100.0
2026-05-26,1339,昭輝,40.95,40.95,40.55,40.85,68,4,0,0,1.06,98.93,100.0
2026-05-26,1340,勝悅-KY,5.4,5.4,5.27,5.3,153,-48,0,4,26.55,73.44,100.0
2026-05-26,1341,富林-KY,61.5,61.5,61.5,61.5,5,0,0,0,79.88,20.11,100.0
2026-05-26,1342,八貫,93.3,93.3,92.2,92.7,158,-12,0,0,30.19,69.8,100.0
2026-05-26,1343,旭東環保,20.16,20.55,19.9,20.5,26,4,0,0,0.0,0.0,0.0
2026-05-26,1402,遠東新,26.95,27.2,25.8,26.05,52666,-12768,-11065,-1,18.23,81.76,100.0
2026-05-26,1409,新纖,17.65,18.0,17.4,17.65,15721,3328,-4,50,14.31,85.68,100.0
2026-05-26,1410,南染,26.45,26.65,25.85,26.2,226,-4,0,0,18.92,81.07,100.0
2026-05-26,1413,宏洲,9.36,9.44,9.31,9.42,50,3,0,0,0.39,99.6,100.0
2026-05-26,1414,東和,14.8,14.8,14.25,14.4,204,-56,0,0,1.18,98.81,100.0
2026-05-26,1416,廣豐,11.15,11.15,11.05,11.15,421,52,0,0,6.03,93.96,100.0
2026-05-26,1417,嘉裕,8.21,8.23,8.15,8.18,74,2,0,-14,0.93,99.06,100.0
2026-05-26,1418,東華,17.5,17.7,16.95,17.1,59,5,0,-2,0.91,99.08,100.0
2026-05-26,1419,新紡,67.9,71.0,66.3,66.8,456,-5,0,7,1.12,98.87,100.0
2026-05-26,1423,利華,41.8,42.45,40.85,40.85,419,4,0,5,1.22,98.77,100.0
2026-05-26,1432,大魯閣,16.4,16.45,16.2,16.25,377,-36,0,0,0.28,99.71,100.0
2026-05-26,1434,福懋,15.05,15.15,14.95,15.0,1710,-767,0,-11,7.11,92.88,100.0
2026-05-26,1436,華友聯,44.6,44.8,44.05,44.75,215,67,0,3,6.39,93.6,100.0
2026-05-26,1437,勤益控,28.25,28.5,28.0,28.3,207,4,0,0,8.24,91.75,100.0
2026-05-26,1438,三地開發,20.9,20.9,20.35,20.45,42,8,0,2,0.49,99.5,100.0
2026-05-26,1439,雋揚,25.35,26.3,25.1,26.0,147,122,0,1,1.0,98.99,100.0
2026-05-26,1440,南紡,11.95,12.0,11.7,11.7,2186,-665,1,-10,7.2,92.79,100.0
2026-05-26,1441,大東,9.38,9.42,9.22,9.29,52,2,0,0,1.34,98.65,100.0
2026-05-26,1442,名軒,25.8,25.8,25.55,25.7,222,-86,0,0,8.58,91.41,100.0
2026-05-26,1443,立益,25.9,25.9,24.7,25.45,23,0,0,-2,0.3,99.69,100.0
2026-05-26,1443,立益物流,25.9,25.9,24.7,25.45,23,0,0,-2,0.3,99.69,100.0
2026-05-26,1444,力麗,5.93,5.94,5.85,5.85,852,16,0,-7,5.12,94.87,100.0
2026-05-26,1445,大宇,11.7,11.7,11.5,11.55,45,5,0,-8,3.05,96.94,100.0
2026-05-26,1446,宏和,15.5,15.65,15.4,15.65,162,-18,0,0,6.17,93.82,100.0
2026-05-26,1447,力鵬,5.85,5.86,5.45,5.51,3511,562,0,-8,3.13,96.86,100.0
2026-05-26,1449,佳和,12.4,12.55,12.2,12.2,978,72,0,0,6.35,93.64,100.0
2026-05-26,1451,年興,16.55,16.55,16.45,16.5,360,-36,0,-17,5.3,94.69,100.0
2026-05-26,1452,宏益,10.45,10.5,10.3,10.4,130,22,0,0,1.91,98.08,100.0
2026-05-26,1453,大將,11.3,11.35,11.3,11.35,30,3,0,-8,0.52,99.47,100.0
2026-05-26,1454,台富,12.5,12.7,12.45,12.65,62,13,0,-4,0.43,99.56,100.0
2026-05-26,1455,集盛,8.07,8.14,7.98,8.02,753,-69,0,-5,2.23,97.76,100.0
2026-05-26,1456,怡華,12.95,13.1,12.5,13.0,172,8,0,-1,0.5,99.49,100.0
2026-05-26,1457,宜進,13.85,13.95,13.8,13.95,183,5,0,-1,1.8,98.19,100.0
2026-05-26,1459,聯發,11.6,11.75,11.55,11.65,578,-5,0,-13,1.66,98.33,100.0
2026-05-26,1460,宏遠,6.98,7.03,6.93,6.95,578,65,0,-15,1.93,98.06,100.0
2026-05-26,1463,強盛新,18.05,18.05,17.65,17.7,38,4,0,-6,11.46,88.53,100.0
2026-05-26,1464,得力,10.05,10.2,10.05,10.1,302,71,0,-25,1.97,98.02,100.0
2026-05-26,1465,偉全,12.0,12.65,11.9,12.25,149,23,0,-6,0.49,99.5,100.0
2026-05-26,1466,聚隆,14.6,14.6,14.2,14.45,128,9,0,1,0.52,99.47,100.0
2026-05-26,1467,南緯,6.95,6.99,6.84,6.95,266,17,0,0,19.18,80.81,100.0
2026-05-26,1468,昶和,11.95,12.0,11.75,12.0,48,3,0,-1,2.04,97.95,100.0
2026-05-26,1470,大統新創,22.0,22.0,21.7,21.7,16,1,0,0,0.26,99.73,100.0
2026-05-26,1471,首利,10.65,10.75,10.35,10.35,616,133,0,-2,0.76,99.23,100.0
2026-05-26,1472,三洋實業,89.5,89.9,87.6,89.9,5,1,0,-2,0.88,99.11,100.0
2026-05-26,1473,台南,20.2,20.3,20.1,20.15,75,-14,0,0,5.25,94.74,100.0
2026-05-26,1474,弘裕,9.8,9.85,9.7,9.85,218,-20,0,-2,0.48,99.51,100.0
2026-05-26,1475,業旺,25.1,25.2,24.7,25.0,43,2,0,0,0.34,99.65,100.0
2026-05-26,1476,儒鴻,339.5,339.5,330.5,334.5,2021,457,-4,8,30.67,69.32,100.0
2026-05-26,1477,聚陽,215.5,217.5,211.5,212.0,2650,-143,-59,-2,15.74,84.25,100.0
2026-05-26,1480,東盟開發,9.31,9.35,9.06,9.35,0,0,0,0,0.0,0.0,0.0
2026-05-26,1503,士電,205.0,209.5,203.0,203.0,6955,-396,0,58,31.14,68.85,100.0
2026-05-26,1504,東元,72.9,74.5,72.5,72.5,19404,-1293,2,202,11.6,88.39,100.0
2026-05-26,1506,正道,10.35,10.6,10.0,10.3,336,34,0,-11,0.55,99.44,100.0
2026-05-26,1512,瑞利,7.05,7.05,6.86,6.94,73,2,0,0,5.4,94.59,100.0
2026-05-26,1513,中興電,166.0,172.0,164.0,165.0,33962,-850,33,273,13.55,86.44,100.0
2026-05-26,1514,亞力,126.0,129.0,124.0,124.0,12480,-145,0,295,16.72,83.27,100.0
2026-05-26,1515,力山,22.9,23.55,22.75,22.75,465,-60,0,0,3.79,96.2,100.0
2026-05-26,1516,川飛,21.0,21.0,20.75,21.0,149,-6,0,-2,5.68,94.31,100.0
2026-05-26,1517,利奇,10.1,10.1,10.0,10.05,281,18,0,0,2.47,97.52,100.0
2026-05-26,1519,華城,845.0,885.0,845.0,851.0,3578,-316,20,54,20.08,79.91,100.0
2026-05-26,1521,大億,24.8,24.9,24.5,24.85,27,7,0,0,33.02,66.97,100.0
2026-05-26,1522,堤維西,29.2,29.5,29.0,29.1,775,-252,-7,24,2.82,97.17,100.0
2026-05-26,1524,耿鼎,29.7,29.75,29.0,29.05,946,-61,0,-6,1.65,98.34,100.0
2026-05-26,1525,江申,71.8,72.9,69.7,71.8,159,-10,0,-1,0.26,99.73,100.0
2026-05-26,1526,日馳,14.5,14.6,14.4,14.55,104,-11,0,-1,3.29,96.7,100.0
2026-05-26,1527,鑽全,32.55,33.0,32.55,32.95,270,57,0,-22,9.78,90.21,100.0
2026-05-26,1528,恩德,27.25,27.4,25.8,25.95,5737,-1201,0,73,2.1,97.89,100.0
2026-05-26,1529,樂事綠能,21.0,21.95,21.0,21.55,1504,-130,0,0,1.36,98.63,100.0
2026-05-26,1530,亞崴,29.75,31.95,29.75,31.95,512,7,0,20,0.63,99.36,100.0
2026-05-26,1531,高林股,12.2,12.4,12.1,12.2,310,81,0,1,1.47,98.52,100.0
2026-05-26,1532,勤美,20.65,20.95,20.65,20.65,558,9,-7,0,7.11,92.88,100.0
2026-05-26,1533,車王電,38.85,39.1,38.1,38.65,459,54,0,-10,6.78,93.21,100.0
2026-05-26,1535,中宇,49.5,49.7,49.15,49.55,144,60,0,0,1.06,98.93,100.0
2026-05-26,1536,和大,52.5,52.9,50.2,51.0,2928,-860,0,-11,7.47,92.52,100.0
2026-05-26,1537,廣隆,125.5,126.0,125.0,125.5,85,26,0,0,15.53,84.46,100.0
2026-05-26,1538,正峰,11.9,11.9,11.75,11.75,5,0,0,0,0.06,99.93,100.0
2026-05-26,1539,巨庭,16.2,16.3,15.9,16.0,90,-24,0,0,0.95,99.04,100.0
2026-05-26,1540,喬福,21.1,21.35,20.85,21.25,419,93,0,0,2.25,97.74,100.0
2026-05-26,1541,錩泰,20.3,20.55,20.3,20.4,31,0,0,0,9.79,90.2,100.0
2026-05-26,1558,伸興,93.0,93.8,91.2,91.5,127,-3,-1,0,6.57,93.42,100.0
2026-05-26,1560,中砂,720.0,745.0,718.0,742.0,2259,320,18,13,39.29,60.7,100.0
2026-05-26,1563,巧新,50.6,50.6,50.6,50.6,1592,-236,0,902,2.78,97.21,100.0
2026-05-26,1565,精華,93.1,93.6,92.6,93.6,172,44,0,-5,7.53,92.46,100.0
2026-05-26,1568,倉佑,35.1,35.1,35.1,35.1,1870,-57,0,182,1.71,98.28,100.0
2026-05-26,1569,濱川,52.9,53.4,51.7,52.0,924,13,0,-11,5.5,94.49,100.0
2026-05-26,1570,力肯,45.5,50.0,45.3,50.0,1127,-38,0,0,2.53,97.46,100.0
2026-05-26,1580,新麥,121.5,122.0,121.0,122.0,51,-10,0,0,5.2,94.79,100.0
2026-05-26,1582,信錦,115.5,116.5,108.5,111.5,8725,114,0,-105,6.15,93.84,100.0
2026-05-26,1583,程泰,48.0,50.6,48.0,49.85,98,28,0,-2,0.39,99.6,100.0
2026-05-26,1584,精剛,20.35,20.35,19.75,19.75,807,-223,0,-1,4.18,95.81,100.0
2026-05-26,1586,和勤,22.1,22.4,21.75,22.3,456,18,0,0,0.89,99.06,100.0
2026-05-26,1587,吉茂,28.85,29.4,28.05,28.25,295,-19,0,2,21.07,78.92,100.0
2026-05-26,1590,亞德客-KY,1450.0,1490.0,1430.0,1465.0,643,140,-57,-1,80.1,19.89,100.0
2026-05-26,1591,駿吉-KY,45.7,45.7,45.7,45.7,39,-3,0,0,4.92,95.07,100.0
2026-05-26,1593,祺驊,31.35,31.35,31.15,31.15,22,1,0,0,5.96,94.03,100.0
2026-05-26,1594,日高,10.3,11.95,10.4,10.9,192,-13,0,0,0.0,0.0,0.0
2026-05-26,1595,川寶,97.0,101.5,89.6,100.5,4484,275,0,-1,3.3,96.69,100.0
2026-05-26,1597,直得,211.0,221.0,208.5,221.0,9254,-186,0,-30,8.0,91.99,100.0
2026-05-26,1598,岱宇,20.3,20.45,20.0,20.25,215,67,0,-9,1.65,98.34,100.0
2026-05-26,1599,宏佳騰,23.1,23.5,23.1,23.5,40,5,0,0,7.25,92.74,100.0
2026-05-26,1603,華電,31.2,31.8,31.0,31.05,603,29,0,-22,2.07,97.92,100.0
2026-05-26,1604,聲寶,23.2,23.35,23.0,23.35,371,-19,0,0,7.48,92.51,100.0
2026-05-26,1605,華新,38.05,38.3,36.9,37.15,41539,2363,-8,-1226,15.15,84.84,100.0
2026-05-26,1608,華榮,34.3,34.65,33.3,33.45,3441,-252,-9,-20,3.66,96.33,100.0
2026-05-26,1609,大亞,36.65,37.0,36.0,36.05,7401,-441,0,57,12.84,87.15,100.0
2026-05-26,1611,中電,11.4,11.45,11.3,11.35,476,49,0,0,9.99,90.0,100.0
2026-05-26,1612,宏泰,36.8,37.25,36.7,36.95,908,48,-8,38,18.36,81.63,100.0
2026-05-26,1614,三洋電,31.0,31.25,30.8,30.8,45,14,0,0,2.24,97.75,100.0
2026-05-26,1615,大山,42.9,43.5,42.85,43.45,206,32,0,0,1.02,98.97,100.0
2026-05-26,1616,億泰,22.1,22.4,21.7,21.7,519,3,0,-7,2.22,97.77,100.0
2026-05-26,1617,榮星,14.75,14.85,14.65,14.75,101,13,0,-4,19.47,80.52,100.0
2026-05-26,1618,合機,41.3,42.75,41.1,42.3,4849,229,0,-1,1.11,98.88,100.0
2026-05-26,1623,大東電,232.0,232.0,227.5,229.0,193,-24,0,-11,0.37,99.62,100.0
2026-05-26,1626,艾美特-KY,9.98,10.2,9.98,9.98,38,4,0,0,43.67,56.32,100.0
2026-05-26,1702,南僑,32.85,33.2,32.85,33.05,551,59,0,-14,7.71,92.28,100.0
2026-05-26,1707,葡萄王,101.5,102.5,100.0,100.5,589,46,0,2,14.41,85.58,100.0
2026-05-26,1708,東鹼,40.15,40.2,38.3,38.3,6095,-4469,0,-70,14.95,85.04,100.0
2026-05-26,1709,和益,19.15,19.3,18.85,19.25,985,212,0,-11,3.51,96.48,100.0
2026-05-26,1710,東聯,13.2,13.2,12.7,12.7,3111,-992,0,-21,4.14,95.85,100.0
2026-05-26,1711,永光,51.5,52.5,49.65,50.7,15614,-1048,0,-2,4.71,95.28,100.0
2026-05-26,1712,興農,39.4,39.75,39.2,39.2,992,-375,0,-26,14.28,85.71,100.0
2026-05-26,1713,國化,49.45,49.45,48.35,48.45,164,12,0,-5,1.18,98.81,100.0
2026-05-26,1714,和桐,9.65,9.7,9.51,9.51,2555,-849,0,-1,21.43,78.56,100.0
2026-05-26,1717,長興,83.5,85.3,81.4,83.0,32823,4048,711,419,13.78,86.21,100.0
2026-05-26,1718,中纖,6.41,6.45,6.35,6.39,2845,-247,0,-58,5.55,94.44,100.0
2026-05-26,1720,生達,61.4,61.6,61.0,61.6,227,-79,0,-6,4.85,95.14,100.0
2026-05-26,1721,三晃,28.5,30.1,27.6,29.45,5562,-280,0,-3,1.79,98.2,100.0
2026-05-26,1722,台肥,45.85,46.35,45.8,45.8,2014,191,-1,-4,7.24,92.75,100.0
2026-05-26,1723,中碳,83.0,84.1,82.0,82.0,845,-182,0,30,8.12,91.87,100.0
2026-05-26,1725,元禎,31.3,31.85,30.85,30.85,145,5,0,-2,0.31,99.68,100.0
2026-05-26,1726,永記,77.0,77.2,76.5,77.0,38,-18,0,-2,12.83,87.16,100.0
2026-05-26,1727,中華化,103.0,104.5,95.5,97.0,13293,-2969,0,1,6.3,93.69,100.0
2026-05-26,1730,花仙子,52.5,52.7,52.5,52.5,36,-4,0,-2,6.74,93.25,100.0
2026-05-26,1731,美吾華,21.45,21.5,21.4,21.5,168,-2,0,-9,1.06,98.93,100.0
2026-05-26,1732,毛寶,26.2,26.4,26.1,26.4,111,28,0,0,2.01,97.98,100.0
2026-05-26,1733,五鼎,29.85,30.1,29.75,30.05,263,93,0,-1,3.35,96.64,100.0
2026-05-26,1734,杏輝,30.5,30.6,30.4,30.5,360,-49,0,-8,5.02,94.97,100.0
2026-05-26,1735,日勝化,27.2,27.5,25.9,25.95,670,-230,0,-3,50.86,49.13,100.0
2026-05-26,1736,喬山,118.5,119.5,117.5,119.0,318,10,0,14,4.58,95.41,100.0
2026-05-26,1737,臺鹽,31.5,31.7,31.5,31.55,179,45,0,-5,8.48,91.51,100.0
2026-05-26,1742,台蠟,15.2,15.4,14.85,15.0,21,-1,0,0,0.21,99.78,100.0
2026-05-26,1752,南光,32.4,32.5,32.3,32.5,105,-18,0,-3,1.63,98.36,100.0
2026-05-26,1760,寶齡富錦,61.5,61.5,60.6,60.6,186,-38,0,0,11.45,88.54,100.0
2026-05-26,1762,中化生,39.8,40.0,39.0,39.6,455,26,0,3,2.52,97.47,100.0
2026-05-26,1773,勝一,193.5,194.0,185.0,187.5,1627,38,0,-17,8.17,91.82,100.0
2026-05-26,1776,展宇,18.8,18.8,18.05,18.3,157,-16,0,-4,0.59,99.4,100.0
2026-05-26,1777,生泰,71.5,71.5,71.1,71.3,37,1,0,0,0.96,99.03,100.0
2026-05-26,1780,立弘,35.48,36.25,31.9,33.1,413,0,0,0,0.0,0.0,0.0
2026-05-26,1781,合世,10.9,10.9,10.65,10.85,7,-1,0,0,0.63,99.36,100.0
2026-05-26,1783,和康生,38.6,38.6,38.15,38.15,222,-13,0,0,7.09,92.9,100.0
2026-05-26,1784,訊聯,69.5,69.5,67.0,67.4,669,99,0,-4,2.84,97.15,100.0
2026-05-26,1785,光洋科,155.5,156.5,147.0,148.0,31558,-9146,-114,42,14.18,85.81,100.0
2026-05-26,1786,科妍,55.1,55.2,53.6,53.6,309,-34,0,3,1.49,98.5,100.0
2026-05-26,1788,杏昌,135.0,135.0,134.5,135.0,47,0,0,0,11.05,88.94,100.0
2026-05-26,1789,神隆,19.15,19.15,18.9,19.05,587,97,0,2,1.72,98.27,100.0
2026-05-26,1795,美時,198.0,199.5,193.0,193.0,2021,-622,0,23,52.68,47.31,100.0
2026-05-26,1796,金穎生技,37.1,37.1,36.5,36.5,9,0,0,0,0.76,99.23,100.0
2026-05-26,1799,易威,33.65,35.0,33.25,33.8,169,47,0,0,11.77,88.22,100.0
2026-05-26,1802,台玻,75.0,81.2,72.0,72.2,337055,3107,762,754,6.68,93.31,100.0
2026-05-26,1805,寶徠,9.83,10.1,9.82,10.0,102,7,0,-5,0.49,99.5,100.0
2026-05-26,1806,冠軍,8.02,8.09,7.99,8.02,379,-54,0,0,9.36,90.63,100.0
2026-05-26,1808,潤隆,28.8,29.05,28.55,28.95,1230,7,0,0,3.89,96.1,100.0
2026-05-26,1809,中釉,46.9,50.0,44.6,49.3,6371,-266,0,-227,5.93,94.06,100.0
2026-05-26,1810,和成,19.1,19.1,18.55,18.75,1103,-151,0,10,4.25,95.74,100.0
2026-05-26,1813,寶利徠,12.15,12.15,12.05,12.05,19,-1,0,0,9.43,90.56,100.0
2026-05-26,1815,富喬,110.0,114.0,108.0,108.0,63789,-3795,-240,62,19.72,80.27,100.0
2026-05-26,1817,凱撒衛,39.35,39.5,39.15,39.2,46,7,0,-1,1.59,98.4,100.0
2026-05-26,1903,士紙,50.6,52.6,49.75,49.9,441,-159,0,14,10.74,89.25,100.0
2026-05-26,1904,正隆,19.25,19.4,18.8,18.9,1504,-210,1,-32,9.09,90.9,100.0
2026-05-26,1905,華紙,12.35,12.4,11.9,12.0,3701,-1449,0,50,2.18,97.81,100.0
2026-05-26,1906,寶隆,10.5,10.5,10.35,10.35,274,-24,0,0,0.61,99.38,100.0
2026-05-26,1907,永豐餘,24.6,24.9,24.4,24.5,1020,11,1,6,12.07,87.92,100.0
2026-05-26,1909,榮成,8.93,8.96,8.82,8.91,3528,-1900,0,-24,7.65,92.34,100.0
2026-05-26,2002,中鋼,21.0,21.0,19.4,19.5,281826,-25412,10,223,12.63,87.36,100.0
2026-05-26,2006,東和鋼鐵,67.2,67.6,65.1,65.2,3478,-430,-318,-37,18.43,81.56,100.0
2026-05-26,2007,燁興,8.14,8.15,7.57,7.6,1845,-419,0,-16,0.58,99.41,100.0
2026-05-26,2008,高興昌,27.75,27.8,27.75,27.75,24,7,0,0,7.68,92.31,100.0
2026-05-26,2009,第一銅,41.0,41.0,39.4,39.55,2012,-737,0,0,2.31,97.68,100.0
2026-05-26,2010,春源,23.25,23.25,22.6,22.7,1944,-658,0,0,8.55,91.44,100.0
2026-05-26,2012,春雨,15.25,15.25,14.65,14.65,96,-4,0,-8,1.37,98.62,100.0
2026-05-26,2013,中鋼構,42.9,43.15,42.45,42.5,170,4,0,-8,7.0,92.99,100.0
2026-05-26,2014,中鴻,19.3,19.6,18.05,18.1,33360,-4602,0,-45,5.26,94.73,100.0
2026-05-26,2015,豐興,62.7,62.9,61.5,61.6,349,-160,-5,-3,12.25,87.74,100.0
2026-05-26,2017,官田鋼,9.26,9.26,8.81,8.83,1622,-583,0,-16,1.67,98.32,100.0
2026-05-26,2020,美亞,21.95,21.95,21.45,21.55,364,-171,0,0,1.54,98.45,100.0
2026-05-26,2022,聚亨,8.3,8.32,7.84,7.85,1915,-1121,0,0,2.02,97.97,100.0
2026-05-26,2023,燁輝,14.0,14.15,13.55,13.55,3961,-905,1,-63,3.71,96.28,100.0
2026-05-26,2024,志聯,14.2,14.2,13.9,14.0,11,3,0,0,0.43,99.56,100.0
2026-05-26,2025,千興,12.55,12.55,12.0,12.1,488,17,0,10,0.72,99.27,100.0
2026-05-26,2027,大成鋼,44.3,44.75,41.35,41.35,37127,-7447,-509,-708,17.93,82.06,100.0
2026-05-26,2028,威致,18.95,18.95,17.45,17.45,371,-65,0,0,0.75,99.24,100.0
2026-05-26,2029,盛餘,20.95,21.25,20.6,20.6,589,70,0,1,66.52,33.47,100.0
2026-05-26,2030,彰源,18.7,18.7,17.7,17.95,2419,-297,0,-13,3.76,96.23,100.0
2026-05-26,2031,新光鋼,39.9,40.15,38.75,38.85,1846,-458,-7,0,7.51,92.48,100.0
2026-05-26,2032,新鋼,19.0,19.25,17.6,17.75,5439,-113,0,8,2.74,97.25,100.0
2026-05-26,2033,佳大,15.8,15.8,15.15,15.4,213,-49,0,0,0.84,99.15,100.0
2026-05-26,2034,允強,21.0,21.0,20.05,20.2,2202,-920,0,-1,3.37,96.62,100.0
2026-05-26,2035,唐榮,27.65,28.15,27.65,28.15,2,0,0,0,0.0,99.99,100.0
2026-05-26,2038,海光,15.2,15.2,14.0,14.05,4073,179,0,-11,1.64,98.35,100.0
2026-05-26,2049,上銀,413.0,426.0,393.5,409.5,9959,-17,213,129,36.73,63.26,100.0
2026-05-26,2059,川湖,4980.0,5110.0,4970.0,5035.0,310,-3,-86,4,24.49,75.5,100.0
2026-05-26,2061,風青,30.95,32.2,30.0,32.2,8073,624,0,-1,4.27,95.72,100.0
2026-05-26,2062,橋椿,18.4,19.0,18.3,18.3,729,88,-119,0,7.22,92.77,100.0
2026-05-26,2063,世鎧,25.15,25.4,25.15,25.4,16,-1,0,0,1.0,98.99,100.0
2026-05-26,2064,晉椿,13.15,13.4,13.15,13.4,27,1,0,0,0.1,99.89,100.0
2026-05-26,2065,世豐,35.5,35.7,33.95,35.5,220,9,0,0,1.45,98.54,100.0
2026-05-26,2066,世德,57.9,59.0,57.7,57.7,96,18,0,0,9.37,90.62,100.0
2026-05-26,2067,嘉鋼,6.73,6.78,6.55,6.7,85,-11,0,0,11.29,88.7,100.0
2026-05-26,2069,運錩,19.85,19.85,19.35,19.4,411,-40,0,-4,2.48,97.51,100.0
2026-05-26,2070,精湛,69.0,75.4,69.0,75.4,6659,113,0,0,3.14,96.85,100.0
2026-05-26,2071,震南鐵,20.55,21.0,20.5,21.0,9,0,0,0,0.0,0.0,0.0
2026-05-26,2072,世紀風電,167.5,169.5,165.5,166.5,360,98,0,2,1.58,98.41,100.0
2026-05-26,2073,雄順,0.0,0.0,0.0,0.0,0,0,0,0,0.04,99.96,100.0
2026-05-26,2101,南港,30.2,30.5,30.0,30.4,1875,-57,0,-3,5.36,94.63,100.0
2026-05-26,2102,泰豐,18.05,18.2,17.95,18.1,251,-48,0,9,2.89,97.1,100.0
2026-05-26,2103,台橡,19.7,19.75,19.2,19.25,3510,-600,0,-109,21.09,78.9,100.0
2026-05-26,2104,國際中橡,10.1,10.2,9.9,9.92,2334,-1206,0,22,5.27,94.72,100.0
2026-05-26,2105,正新,31.9,32.35,31.5,31.6,10794,-4022,-389,197,10.89,89.1,100.0
2026-05-26,2106,建大,16.65,16.85,16.65,16.7,795,97,1,18,8.29,91.7,100.0
2026-05-26,2107,厚生,24.9,24.9,24.7,24.8,290,-101,0,-14,6.04,93.95,100.0
2026-05-26,2108,南帝,27.8,28.15,27.3,27.4,1239,-215,0,-7,4.97,95.02,100.0
2026-05-26,2109,華豐,13.95,14.15,13.95,14.1,136,57,0,0,15.07,84.92,100.0
2026-05-26,2114,鑫永銓,91.8,91.9,90.8,91.2,160,16,0,-4,4.22,95.77,100.0
2026-05-26,2115,六暉-KY,20.8,20.8,20.55,20.75,78,10,0,-3,44.06,55.93,100.0
2026-05-26,2201,裕隆,27.4,27.75,26.8,26.8,2873,-782,1,-2,4.22,95.77,100.0
2026-05-26,2204,中華,53.3,53.3,52.5,53.2,1666,-688,-15,-21,17.83,82.16,100.0
2026-05-26,2206,三陽工業,59.6,59.6,59.0,59.4,1108,-499,-8,-10,5.79,94.2,100.0
2026-05-26,2207,和泰車,460.0,465.5,459.5,462.0,392,-1,-69,1,21.44,78.55,100.0
2026-05-26,2208,台船,18.4,18.4,18.15,18.25,3417,-849,-9,0,8.83,91.16,100.0
2026-05-26,2211,長榮鋼,93.0,93.1,92.0,92.2,617,-405,-3,1,3.65,96.34,100.0
2026-05-26,2221,大甲,45.0,45.0,42.8,43.4,465,-19,0,0,1.43,98.56,100.0
2026-05-26,2227,裕日車,48.95,49.0,48.7,48.95,21,8,0,0,40.33,59.66,100.0
2026-05-26,2228,劍麟,83.5,83.7,82.2,82.7,153,-11,0,-3,3.17,96.82,100.0
2026-05-26,2230,泰茂,28.5,30.1,28.1,29.45,504,84,0,0,2.48,97.51,100.0
2026-05-26,2231,為升,105.5,108.0,104.5,106.5,383,-68,0,0,5.54,94.45,100.0
2026-05-26,2233,宇隆,375.0,394.0,367.0,377.0,3745,-538,0,-27,6.23,93.76,100.0
2026-05-26,2235,謚源,0.0,0.0,0.0,0.0,0,0,0,0,0.03,99.96,100.0
2026-05-26,2236,百達-KY,144.5,146.5,139.0,142.5,540,-48,0,-1,52.85,47.14,100.0
2026-05-26,2237,華德動能,37.31,38.15,36.5,38.05,339,17,0,0,0.0,0.0,0.0
2026-05-26,2239,英利-KY,22.4,22.9,22.1,22.25,73,11,0,-4,75.42,24.57,100.0
2026-05-26,2241,艾姆勒,38.8,38.8,36.1,36.95,2498,-228,0,-5,9.06,90.93,100.0
2026-05-26,2243,宏旭-KY,23.55,24.0,23.0,23.5,610,33,0,0,26.04,73.95,100.0
2026-05-26,2245,詠勝昌*,27.15,26.75,26.55,26.65,31,0,0,0,0.0,0.0,0.0
2026-05-26,2247,汎德永業,205.5,206.0,204.5,205.0,127,42,0,0,4.32,95.67,100.0
2026-05-26,2248,華勝-KY,54.5,54.8,53.8,54.5,25,-6,0,0,50.1,49.89,100.0
2026-05-26,2249,湧盛,125.14,123.5,120.0,122.5,67,-4,0,0,0.0,0.0,0.0
2026-05-26,2250,IKKA-KY,62.1,62.1,60.9,61.0,148,-7,0,0,6.93,93.05,100.0
2026-05-26,2252,為昇科,18.41,18.65,17.6,18.0,188,-1,0,0,0.0,0.0,0.0
2026-05-26,2254,巨鎧精密-創,58.5,60.1,57.5,59.2,37,1,0,-4,23.82,76.17,100.0
2026-05-26,2255,凱銳光電,19.93,20.1,19.2,20.0,10,0,0,0,0.0,0.0,0.0
2026-05-26,2256,歐特明,89.97,95.7,82.0,88.3,687,-43,0,0,0.0,0.0,0.0
2026-05-26,2258,鴻華先進-創,29.85,30.15,29.0,29.05,975,53,0,20,0.31,99.68,100.0
2026-05-26,2301,光寶科,234.0,241.5,224.0,239.5,63874,-1670,2855,58,40.68,59.31,100.0
2026-05-26,2302,麗正,30.95,33.95,30.75,33.95,18505,676,0,13,4.96,95.03,100.0
2026-05-26,2303,聯電,129.0,133.5,128.0,130.5,291896,71870,-19692,352,36.83,63.16,100.0
2026-05-26,2305,全友,22.1,22.7,18.95,20.8,37880,-1200,0,2,7.07,92.92,100.0
2026-05-26,2308,台達電,2350.0,2410.0,2290.0,2350.0,12198,2327,160,78,64.37,35.62,100.0
2026-05-26,2312,金寶,40.0,40.0,38.25,40.0,210267,30455,-2772,674,13.87,86.12,100.0
2026-05-26,2313,華通,299.0,299.0,282.0,284.5,88509,-13228,-3381,-966,26.86,73.13,100.0
2026-05-26,2314,台揚,16.8,16.8,16.3,16.35,526,7,0,0,1.58,98.41,100.0
2026-05-26,2316,楠梓電,175.0,177.0,165.0,171.5,13759,485,-64,28,34.56,65.43,100.0
2026-05-26,2317,鴻海,262.5,263.5,257.0,259.0,55665,9279,-245,-675,40.73,59.26,100.0
2026-05-26,2321,東訊,12.95,14.3,12.95,14.3,23,0,0,0,0.01,99.98,100.0
2026-05-26,2323,中環,10.9,10.95,10.15,10.2,11963,-3501,0,-283,10.12,89.87,100.0
2026-05-26,2324,仁寶,35.95,35.95,32.8,33.6,238724,-15249,-28022,-1409,39.84,60.15,100.0
2026-05-26,2327,國巨*,674.0,678.0,631.0,661.0,29457,-3752,124,1203,51.89,48.1,100.0
2026-05-26,2328,廣宇,57.3,57.3,54.4,54.5,12126,-1066,0,-378,9.38,90.61,100.0
2026-05-26,2329,華泰,57.2,58.4,55.8,58.4,18560,1801,0,334,10.08,89.91,100.0
2026-05-26,2330,台積電,2320.0,2325.0,2270.0,2270.0,32781,-7748,-597,97,70.35,29.64,100.0
2026-05-26,2331,精英,22.0,22.0,20.65,21.15,5471,-1305,0,5,6.08,93.91,100.0
2026-05-26,2332,友訊,16.1,16.15,15.2,15.5,6702,-1539,0,-13,10.94,89.05,100.0
2026-05-26,2337,旺宏,154.5,162.5,151.0,160.5,163663,29338,2969,77,27.04,72.95,100.0
2026-05-26,2338,光罩,59.1,60.3,55.1,55.4,15723,-10,0,-46,6.83,93.16,100.0
2026-05-26,2340,台亞,39.9,40.35,38.8,39.0,8058,759,0,-17,9.04,90.95,100.0
2026-05-26,2342,茂矽,45.85,47.45,43.05,43.35,19274,-1186,0,-11,5.8,94.19,100.0
2026-05-26,2344,華邦電,133.5,141.0,133.0,141.0,336105,46872,4364,2637,24.65,75.34,100.0
2026-05-26,2345,智邦,2610.0,2695.0,2560.0,2620.0,3688,377,294,25,58.18,41.81,100.0
2026-05-26,2347,聯強,84.5,85.1,84.2,84.4,2847,343,-217,-40,33.34,66.65,100.0
2026-05-26,2348,海悅,68.3,68.6,67.4,67.8,286,-88,0,0,0.81,99.18,100.0
2026-05-26,2349,錸德,14.55,14.6,13.2,13.5,15116,-80,0,-25,12.65,87.34,100.0
2026-05-26,2351,順德,206.5,216.0,206.0,216.0,8343,2878,-24,30,17.21,82.78,100.0
2026-05-26,2352,佳世達,29.0,29.15,28.0,28.1,9803,-167,-4,0,10.55,89.44,100.0
2026-05-26,2353,宏碁,34.25,34.25,31.2,31.9,120325,-11880,-534,-1441,9.85,90.14,100.0
2026-05-26,2354,鴻準,61.6,61.9,59.5,60.5,9924,14,1,-13,10.47,89.52,100.0
2026-05-26,2355,敬鵬,67.5,67.5,64.5,65.1,22789,2002,0,-330,18.56,81.43,100.0
2026-05-26,2356,英業達,69.0,69.5,61.5,62.6,192799,-31655,8891,-1732,18.26,81.73,100.0
2026-05-26,2357,華碩,711.0,717.0,694.0,699.0,4568,-539,481,7,33.23,66.76,100.0
2026-05-26,2359,所羅門,141.5,148.0,139.0,144.0,6651,1005,0,26,4.56,95.43,100.0
2026-05-26,2360,致茂,2550.0,2590.0,2450.0,2500.0,2805,176,34,-22,58.19,41.8,100.0
2026-05-26,2362,藍天,42.4,42.8,41.3,41.7,1822,115,0,-9,10.54,89.45,100.0
2026-05-26,2363,矽統,69.2,69.2,66.1,67.6,24830,-1225,0,-390,9.02,90.97,100.0
2026-05-26,2364,倫飛,69.9,70.5,68.0,68.6,239,18,0,-3,15.64,84.35,100.0
2026-05-26,2365,昆盈,39.85,40.4,37.85,38.15,6797,-93,0,-76,4.25,95.74,100.0
2026-05-26,2367,燿華,70.1,70.2,66.1,66.7,50999,-14539,0,-412,6.93,93.06,100.0
2026-05-26,2368,金像電,1465.0,1495.0,1425.0,1445.0,5681,638,19,-52,25.77,74.22,100.0
2026-05-26,2369,菱生,37.1,37.7,36.65,37.7,58300,9791,0,413,21.23,78.76,100.0
2026-05-26,2371,大同,30.5,31.1,29.85,29.85,19859,-3074,-14,-139,7.3,92.69,100.0
2026-05-26,2373,震旦行,57.3,57.4,56.6,57.2,25,-1,0,0,0.8,99.19,100.0
2026-05-26,2374,佳能,84.2,85.8,81.3,82.4,12463,-2360,0,-86,6.51,93.48,100.0
2026-05-26,2375,凱美,134.0,135.5,126.0,134.0,17340,2469,0,-122,13.53,86.46,100.0
2026-05-26,2376,技嘉,340.0,340.5,330.0,336.0,11025,1140,-10,-80,22.78,77.21,100.0
2026-05-26,2377,微星,128.0,128.5,123.5,126.0,29116,-4938,-156,-249,12.75,87.24,100.0
2026-05-26,2379,瑞昱,590.0,594.0,584.0,590.0,2963,-80,440,-14,52.13,47.86,100.0
2026-05-26,2380,虹光,5.85,5.85,5.74,5.74,294,0,0,0,0.26,99.73,100.0
2026-05-26,2382,廣達,322.0,327.0,316.5,316.5,46085,-16003,12747,204,24.96,75.03,100.0
2026-05-26,2383,台光電,5635.0,5635.0,5160.0,5290.0,2917,-69,-67,-67,43.25,56.74,100.0
2026-05-26,2385,群光,131.0,134.0,130.5,133.0,4123,-75,-313,243,18.89,81.1,100.0
2026-05-26,2387,精元,40.05,41.55,40.05,41.4,1605,592,0,20,9.06,90.93,100.0
2026-05-26,2388,威盛,84.6,84.9,77.1,78.0,21728,-3418,0,-690,14.57,85.42,100.0
2026-05-26,2390,云辰,10.65,10.7,10.35,10.5,913,30,0,-26,2.64,97.35,100.0
2026-05-26,2392,正崴,38.8,39.1,38.1,38.7,2125,330,0,13,6.75,93.24,100.0
2026-05-26,2393,億光,65.6,65.6,63.7,64.6,3050,-1575,-141,-5,29.97,70.02,100.0
2026-05-26,2395,研華,498.5,511.0,485.5,510.0,4127,147,-7,22,35.55,64.44,100.0
2026-05-26,2397,友通,66.3,66.3,62.8,63.9,597,85,0,0,12.44,87.55,100.0
2026-05-26,2399,映泰,48.2,51.2,46.2,50.5,28619,2099,0,0,8.46,91.53,100.0
2026-05-26,2401,凌陽,29.5,30.25,28.45,30.1,22630,2883,0,172,13.71,86.28,100.0
2026-05-26,2402,毅嘉,68.4,71.0,67.5,70.1,25492,-8063,-2303,64,6.48,92.9,100.0
2026-05-26,2404,漢唐,1285.0,1345.0,1250.0,1265.0,8007,2493,-555,-86,32.75,67.24,100.0
2026-05-26,2405,輔信,17.25,17.25,16.3,16.65,4467,-113,0,-16,6.51,93.48,100.0
2026-05-26,2406,國碩,34.0,35.45,33.75,34.5,23039,1352,0,3,17.28,82.71,100.0
2026-05-26,2408,南亞科,300.5,314.0,295.5,303.5,152949,7330,-3019,229,11.64,88.35,100.0
2026-05-26,2409,友達,25.5,25.8,22.0,22.0,818361,-166129,121,-3461,14.45,85.54,100.0
2026-05-26,2412,中華電,136.5,138.0,136.0,136.0,17970,-9162,1832,237,17.32,31.67,49.0
2026-05-26,2413,環科,51.5,53.1,49.05,51.5,5268,-593,0,22,4.33,95.66,100.0
2026-05-26,2414,精技,50.1,50.7,50.1,50.5,318,186,0,-15,5.4,94.59,100.0
2026-05-26,2415,錩新,27.05,27.05,26.7,26.75,104,-8,0,-3,20.95,79.04,100.0
2026-05-26,2417,圓剛,52.3,52.6,50.8,51.0,4688,-1064,0,-1,3.26,96.73,100.0
2026-05-26,2419,仲琦,32.6,32.6,30.65,31.05,2857,-761,0,-67,1.49,98.5,100.0
2026-05-26,2420,新巨,64.9,64.9,62.3,62.7,992,-251,0,-19,7.86,92.13,100.0
2026-05-26,2421,建準,164.0,166.5,160.0,165.0,11117,556,879,-16,29.98,70.01,100.0
2026-05-26,2423,固緯,76.0,81.0,76.0,81.0,580,-1,0,-5,5.19,94.8,100.0
2026-05-26,2424,隴華,12.25,13.75,12.25,12.35,541,1,0,-2,0.57,48.42,49.0
2026-05-26,2425,承啟,35.2,35.45,34.4,34.9,687,-28,0,0,10.27,89.72,100.0
2026-05-26,2426,鼎元,80.6,82.3,77.1,78.3,15596,-201,0,113,6.63,93.36,100.0
2026-05-26,2427,三商電,20.85,20.85,20.4,20.5,461,-148,0,0,3.45,96.54,100.0
2026-05-26,2428,興勤,243.5,257.5,233.0,256.0,3145,720,0,33,19.95,80.04,100.0
2026-05-26,2429,銘旺科,46.6,51.2,43.5,51.2,1427,221,0,5,1.02,98.97,100.0
2026-05-26,2430,燦坤,18.45,18.95,18.4,18.8,192,62,0,0,2.86,97.13,100.0
2026-05-26,2431,聯昌,10.55,10.65,10.3,10.3,548,-49,0,-3,2.12,97.87,100.0
2026-05-26,2432,倚天,26.7,26.75,25.75,26.2,68,19,0,-4,0.65,99.34,100.0
2026-05-26,2432,倚天酷碁-創,26.7,26.75,25.75,26.2,68,19,0,-4,0.65,99.34,100.0
2026-05-26,2433,互盛電,44.1,44.1,43.7,43.8,147,-18,0,-4,0.88,99.11,100.0
2026-05-26,2434,統懋,30.3,30.65,29.75,30.2,45,6,0,0,1.15,98.84,100.0
2026-05-26,2436,偉詮電,81.5,81.9,78.9,79.6,11996,3331,0,50,12.33,87.66,100.0
2026-05-26,2438,翔耀,22.7,23.6,22.05,23.0,398,102,0,-1,1.43,98.56,100.0
2026-05-26,2439,美律,88.5,93.1,88.2,92.3,10935,-540,-616,319,13.52,86.47,100.0
2026-05-26,2440,太空梭,18.35,18.55,17.7,17.8,793,23,0,-2,2.21,97.78,100.0
2026-05-26,2441,超豐,130.5,137.5,125.0,136.0,33284,-3708,521,-89,10.96,89.03,100.0
2026-05-26,2442,新美齊,18.45,18.6,18.35,18.5,1102,236,0,0,2.05,97.94,100.0
2026-05-26,2444,兆勁,12.75,12.85,12.45,12.45,624,-5,0,-2,2.0,97.99,100.0
2026-05-26,2449,京元電子,319.5,348.5,308.0,338.5,100783,24629,-3868,1152,28.76,71.23,100.0
2026-05-26,2450,神腦,29.1,29.3,29.0,29.15,249,-31,0,0,1.13,98.86,100.0
2026-05-26,2451,創見,315.5,318.0,310.0,316.5,4868,-695,47,12,11.14,88.85,100.0
2026-05-26,2453,凌群,58.2,62.2,58.2,61.6,5423,979,0,-3,6.01,93.98,100.0
2026-05-26,2454,聯發科,4375.0,4440.0,4180.0,4265.0,19540,1367,-598,207,56.06,43.93,100.0
2026-05-26,2455,全新,438.5,440.0,415.5,423.5,12770,-2546,-160,-38,25.77,74.22,100.0
2026-05-26,2457,飛宏,27.05,27.05,25.8,25.95,3852,302,0,-11,6.7,93.29,100.0
2026-05-26,2458,義隆,165.0,167.0,161.0,166.0,2806,544,-41,12,24.43,75.56,100.0
2026-05-26,2459,敦吉,66.1,67.3,66.1,67.0,336,74,0,-1,16.77,83.22,100.0
2026-05-26,2460,建通,33.1,33.1,31.95,32.55,758,108,0,0,0.78,99.21,100.0
2026-05-26,2461,光群雷,16.65,16.65,15.95,16.1,726,-47,0,0,5.13,94.86,100.0
2026-05-26,2462,良得電,21.0,21.1,20.5,20.85,443,-108,0,3,1.3,98.69,100.0
2026-05-26,2464,盟立,163.5,173.5,163.5,173.5,17717,4318,0,-229,13.51,86.48,100.0
2026-05-26,2465,麗臺,87.7,87.7,85.3,87.2,1787,207,0,-1,5.96,94.03,100.0
2026-05-26,2466,冠西電,49.85,49.85,48.25,48.65,206,2,0,0,10.44,89.55,100.0
2026-05-26,2467,志聖,670.0,692.0,661.0,668.0,4304,27,-28,28,20.48,79.51,100.0
2026-05-26,2468,華經,33.75,34.35,33.6,34.1,230,60,0,2,1.62,98.37,100.0
2026-05-26,2471,資通,50.2,51.0,50.2,50.9,248,31,0,0,4.95,95.04,100.0
2026-05-26,2472,立隆電,280.5,307.0,266.0,307.0,15044,1408,146,27,10.36,89.63,100.0
2026-05-26,2474,可成,188.5,198.0,188.0,195.0,13086,691,-2083,165,24.12,75.87,100.0
2026-05-26,2476,鉅祥,126.5,133.0,123.0,131.0,12057,-1396,167,314,10.42,89.57,100.0
2026-05-26,2477,美隆電,21.0,21.25,20.9,20.9,190,45,0,0,23.33,76.66,100.0
2026-05-26,2478,大毅,120.0,121.5,112.0,119.0,3880,269,0,3,15.23,84.76,100.0
2026-05-26,2480,敦陽科,147.0,148.0,146.5,148.0,398,-139,-2,0,9.97,90.02,100.0
2026-05-26,2481,強茂,137.0,147.0,135.5,147.0,52336,8279,0,489,26.93,73.06,100.0
2026-05-26,2482,連宇,16.85,16.95,16.6,16.7,95,-22,0,0,1.46,98.53,100.0
2026-05-26,2483,百容,25.55,26.25,25.4,25.8,822,251,0,-4,2.53,97.46,100.0
2026-05-26,2484,希華,54.7,56.8,50.4,56.0,44955,96,0,-76,7.96,92.03,100.0
2026-05-26,2485,兆赫,77.6,77.8,73.6,74.6,30717,-3747,0,106,2.67,97.32,100.0
2026-05-26,2486,一詮,305.5,314.0,288.0,289.0,12804,-3165,0,-166,14.19,85.8,100.0
2026-05-26,2488,漢平,54.0,54.0,53.0,53.2,223,1,0,-2,7.03,92.96,100.0
2026-05-26,2489,瑞軒,57.5,57.7,50.9,51.7,127851,6672,475,-171,10.73,89.26,100.0
2026-05-26,2491,吉祥全,23.5,23.5,22.05,22.35,1024,-203,0,-4,6.07,93.92,100.0
2026-05-26,2492,華新科,303.0,330.0,289.5,328.5,14055,2614,379,454,24.02,75.97,100.0
2026-05-26,2493,揚博,155.5,163.5,153.0,163.5,13254,1234,0,-29,5.02,94.97,100.0
2026-05-26,2495,普安,46.5,47.9,44.7,46.05,17553,1233,0,-80,10.05,89.94,100.0
2026-05-26,2496,卓越,65.4,65.4,64.5,64.8,8,1,0,0,23.26,76.73,100.0
2026-05-26,2497,怡利電,59.2,60.1,57.6,59.0,443,30,0,-1,2.99,97.0,100.0
2026-05-26,2498,宏達電,46.5,46.95,44.35,44.35,15432,-1352,0,-439,8.45,91.54,100.0
2026-05-26,2501,國建,21.8,21.9,21.6,21.7,2239,-727,0,31,10.8,89.19,100.0
2026-05-26,2504,國產,35.1,35.3,34.65,35.1,1590,-195,-23,81,7.47,92.52,100.0
2026-05-26,2505,國揚,17.7,17.9,17.65,17.75,218,-68,0,0,3.61,96.38,100.0
2026-05-26,2506,太設,8.6,8.63,8.58,8.62,157,38,0,0,4.77,95.22,100.0
2026-05-26,2509,全坤建,12.4,12.4,12.15,12.4,341,-2,0,0,1.33,98.66,100.0
2026-05-26,2511,太子,7.6,7.67,7.6,7.62,1085,26,0,-25,2.29,97.7,100.0
2026-05-26,2514,龍邦,12.95,12.95,12.85,12.95,104,7,0,0,2.16,97.83,100.0
2026-05-26,2515,中工,13.2,13.25,12.75,12.85,9639,-4631,0,-3,7.21,92.78,100.0
2026-05-26,2516,新建,11.95,13.05,11.8,12.85,560,14,0,-11,2.41,97.58,100.0
2026-05-26,2520,冠德,30.05,30.4,29.9,30.15,1401,-250,0,-4,12.07,87.92,100.0
2026-05-26,2524,京城,32.55,33.25,32.55,33.25,84,51,0,0,0.66,99.33,100.0
2026-05-26,2527,宏璟,35.25,35.6,34.8,35.15,436,136,-1,-19,42.08,57.91,100.0
2026-05-26,2528,皇普,22.1,22.2,21.9,22.0,876,-160,0,-2,1.11,98.88,100.0
2026-05-26,2530,華建,19.9,19.9,19.0,19.0,2254,-492,0,172,2.85,97.14,100.0
2026-05-26,2534,宏盛,17.65,17.75,17.3,17.75,767,194,0,-26,6.22,93.77,100.0
2026-05-26,2535,達欣工,76.7,77.3,75.5,75.9,329,-14,0,-5,6.37,93.62,100.0
2026-05-26,2536,宏普,19.75,19.8,19.45,19.55,491,86,0,4,8.86,91.13,100.0
2026-05-26,2537,聯上發,9.57,9.63,9.52,9.58,1313,501,0,-25,2.06,97.93,100.0
2026-05-26,2538,基泰,9.35,9.37,9.3,9.31,318,-57,0,-27,9.84,90.15,100.0
2026-05-26,2539,櫻花建,36.6,36.95,34.6,34.65,3977,-387,0,31,1.82,98.17,100.0
2026-05-26,2540,愛山林,53.5,54.8,53.0,54.2,574,13,0,-20,1.46,98.53,100.0
2026-05-26,2542,興富發,42.5,42.8,42.05,42.4,7146,68,0,-51,11.19,88.8,100.0
2026-05-26,2543,皇昌,42.45,43.0,39.95,40.8,3719,-196,0,-20,1.17,98.82,100.0
2026-05-26,2545,皇翔,36.4,36.75,36.2,36.3,406,71,0,-26,2.75,97.24,100.0
2026-05-26,2546,根基,86.0,87.0,85.6,86.7,206,5,0,-3,3.35,96.64,100.0
2026-05-26,2547,日勝生,9.95,9.99,9.86,9.99,2151,347,0,-22,12.84,87.15,100.0
2026-05-26,2548,華固,122.0,122.0,119.5,121.0,3290,-2045,0,-8,18.39,81.6,100.0
2026-05-26,2596,綠意,27.35,27.5,27.15,27.4,134,23,0,0,0.6,99.39,100.0
2026-05-26,2597,潤弘,161.0,161.0,156.5,157.5,836,-364,0,-1,2.97,97.02,100.0
2026-05-26,2601,益航,5.11,5.11,5.0,5.05,2094,280,0,-2,12.99,87.0,100.0
2026-05-26,2603,長榮,215.5,218.5,211.5,211.5,27903,-9238,7531,326,21.69,28.29,49.99
2026-05-26,2605,新興,31.3,31.8,31.25,31.25,2920,65,0,45,49.98,0.0,49.99
2026-05-26,2606,裕民,68.0,70.2,67.5,70.0,12487,2613,230,0,15.5,34.48,49.99
2026-05-26,2607,榮運,48.55,48.8,47.75,48.0,613,-289,0,0,8.68,41.3,49.99
2026-05-26,2608,嘉里大榮,28.8,29.0,28.7,28.75,433,-187,0,-1,3.28,96.71,100.0
2026-05-26,2609,陽明,51.8,53.0,51.6,52.0,14910,3325,-17,3,14.12,35.86,49.99
2026-05-26,2610,華航,19.0,19.1,18.6,18.65,33523,-17686,-44,-115,13.86,36.12,49.99
2026-05-26,2611,志信,12.9,13.0,12.75,12.9,473,-129,0,0,0.94,99.05,100.0
2026-05-26,2612,中航,57.1,57.6,56.6,56.9,597,-105,0,-2,3.81,96.18,100.0
2026-05-26,2613,中櫃,22.0,22.0,21.7,21.85,336,68,0,-4,1.24,32.08,33.33
2026-05-26,2614,東森,18.3,18.3,18.1,18.15,1160,-641,0,0,3.28,46.7,49.99
2026-05-26,2615,萬海,83.3,83.8,81.2,81.5,10516,-2706,554,58,42.66,7.32,49.99
2026-05-26,2616,山隆,13.4,13.45,13.3,13.35,447,-162,0,-6,1.79,98.2,100.0
2026-05-26,2617,台航,29.0,29.3,28.9,29.0,674,-131,0,0,8.57,41.41,49.99
2026-05-26,2618,長榮航,35.8,36.05,35.2,35.2,66828,-24050,14604,1073,22.93,27.05,49.99
2026-05-26,2630,亞航,43.0,43.4,42.0,42.0,1128,-113,0,-2,3.75,96.24,100.0
2026-05-26,2633,台灣高鐵,25.25,25.3,25.05,25.05,16178,-9529,-10,-22,8.74,40.24,48.99
2026-05-26,2634,漢翔,46.65,46.9,45.8,45.9,4624,-365,-7,0,2.64,7.35,10.0
2026-05-26,2636,台驊控股,66.9,67.7,66.7,67.0,372,127,0,-8,9.06,90.93,100.0
2026-05-26,2637,慧洋-KY,74.9,75.6,74.2,74.8,1978,518,-7,-94,18.41,81.58,100.0
2026-05-26,2640,大車隊,166.0,166.0,162.0,162.5,25,5,0,0,4.73,95.26,100.0
2026-05-26,2641,正德,18.0,18.05,17.8,17.85,1456,141,0,0,2.89,97.1,100.0
2026-05-26,2642,宅配通,20.3,20.3,20.15,20.15,138,-7,0,0,5.27,94.72,100.0
2026-05-26,2643,捷迅,66.8,66.8,65.5,66.3,76,-2,0,0,1.39,98.6,100.0
2026-05-26,2644,中信造船,78.98,79.8,78.0,79.0,67,0,0,0,0.0,0.0,0.0
2026-05-26,2645,長榮航太,162.5,162.5,158.0,158.5,1082,-380,-3,-2,7.24,92.75,100.0
2026-05-26,2646,星宇航空,20.3,20.5,20.15,20.2,6090,910,1,11,2.7,47.28,49.99
2026-05-26,2701,萬企,10.25,10.3,10.25,10.25,227,25,0,-7,0.64,99.35,100.0
2026-05-26,2702,華園,13.05,13.05,12.9,12.9,35,4,0,3,39.39,60.6,100.0
2026-05-26,2704,國賓,42.0,42.2,42.0,42.05,70,-12,0,-3,9.81,90.18,100.0
2026-05-26,2705,六福,15.25,15.25,15.0,15.05,270,-9,0,0,1.37,98.62,100.0
2026-05-26,2706,第一店,11.95,11.95,11.9,11.95,93,-10,0,-11,2.64,97.35,100.0
2026-05-26,2707,晶華,172.0,173.0,171.5,173.0,147,21,0,0,5.69,94.3,100.0
2026-05-26,2712,遠雄來,15.1,15.1,14.95,14.95,3,2,0,0,0.29,99.7,100.0
2026-05-26,2718,晶悅,45.1,45.25,44.8,45.1,61,9,0,0,0.56,99.43,100.0
2026-05-26,2718,全心投控,45.1,45.25,44.8,45.1,61,9,0,0,0.56,99.43,100.0
2026-05-26,2719,燦星旅,26.0,26.2,25.8,26.1,27,1,0,0,0.18,99.81,100.0
2026-05-26,2722,夏都,22.85,22.85,22.3,22.4,43,11,0,-3,0.34,99.65,100.0
2026-05-26,2723,美食-KY,61.7,61.7,60.6,60.8,546,-108,0,-5,46.13,53.86,100.0
2026-05-26,2724,富驛-KY,0.0,0.0,0.0,0.0,0,0,0,0,15.09,84.9,100.0
2026-05-26,2724,藝舍-KY,0.0,0.0,0.0,0.0,0,0,0,0,15.09,84.9,100.0
2026-05-26,2726,雅茗-KY,9.93,9.97,9.72,9.91,45,5,0,0,23.46,76.53,100.0
2026-05-26,2727,王品,229.5,230.5,229.0,229.5,235,-84,-5,-4,27.11,72.88,100.0
2026-05-26,2729,瓦城,160.0,160.0,159.5,160.0,24,4,0,0,2.06,97.93,100.0
2026-05-26,2731,雄獅,163.5,168.0,163.0,168.0,2764,679,0,67,12.4,87.59,100.0
2026-05-26,2732,六角,64.3,64.3,63.7,64.0,46,-5,0,0,4.34,95.65,100.0
2026-05-26,2733,維格餅家,11.05,11.05,11.05,11.05,0,0,0,0,0.0,0.0,0.0
2026-05-26,2734,易飛網,15.5,15.5,15.15,15.2,112,2,0,0,3.82,96.17,100.0
2026-05-26,2736,富野,12.35,12.35,12.15,12.2,58,-3,0,0,1.1,98.89,100.0
2026-05-26,2739,寒舍,35.2,35.4,34.8,34.8,99,-4,0,-7,2.54,97.45,100.0
2026-05-26,2740,天蔥,36.8,36.8,35.85,35.85,5,0,0,0,1.66,98.33,100.0
2026-05-26,2740,華軒,36.8,36.8,35.85,35.85,5,0,0,0,1.66,98.33,100.0
2026-05-26,2741,老四川,21.0,21.5,21.0,21.5,2,0,0,0,0.0,0.0,0.0
2026-05-26,2743,山富,66.8,68.4,66.8,67.7,106,41,0,3,1.12,98.87,100.0
2026-05-26,2745,五福,102.0,103.5,102.0,103.5,218,43,0,0,0.83,99.16,100.0
2026-05-26,2748,雲品,39.2,39.4,39.05,39.2,85,8,0,0,1.06,98.93,100.0
2026-05-26,2751,王座,51.6,51.9,51.1,51.8,15,0,0,0,0.41,99.58,100.0
2026-05-26,2752,豆府,172.0,173.0,172.0,173.0,33,9,0,0,1.29,98.7,100.0
2026-05-26,2753,八方雲集,174.0,174.5,173.5,174.5,276,-31,-1,-1,3.79,96.2,100.0
2026-05-26,2754,亞洲藏壽司,73.8,73.8,70.1,70.3,79,2,0,0,67.79,32.2,100.0
2026-05-26,2755,揚秦,130.0,132.0,130.0,132.0,26,2,0,0,1.19,98.8,100.0
2026-05-26,2756,聯發國際,60.6,60.6,60.0,60.6,8,0,0,0,1.24,98.75,100.0
2026-05-26,2758,路易莎咖啡,65.19,66.5,63.4,66.5,7,-1,0,0,0.0,0.0,0.0
2026-05-26,2760,巨宇翔,20.1,0.0,0.0,0.0,0,0,0,0,0.0,0.0,0.0
2026-05-26,2761,橘焱胡同,15.23,15.6,14.55,15.25,178,0,0,0,0.0,0.0,0.0
2026-05-26,2762,世界健身-KY,82.0,82.0,80.7,81.8,31,1,0,1,82.42,17.57,100.0
2026-05-26,2801,彰銀,20.25,20.3,20.15,20.15,19853,-10303,-145,24,17.17,82.82,100.0
2026-05-26,2812,台中銀,18.75,18.95,18.7,18.85,10409,3202,-11,18,7.77,92.22,100.0
2026-05-26,2816,旺旺保,31.25,31.8,31.25,31.7,191,61,0,0,2.0,97.99,100.0
2026-05-26,2820,華票,16.75,16.8,16.65,16.8,1438,-92,0,-20,8.57,91.42,100.0
2026-05-26,2832,台產,52.8,53.2,52.8,53.0,99,22,0,-3,4.0,95.99,100.0
2026-05-26,2834,臺企銀,15.9,16.1,15.9,16.0,22564,-735,-17,44,15.96,84.03,100.0
2026-05-26,2836,高雄銀,11.8,11.85,11.75,11.85,761,36,0,-11,7.35,92.64,100.0
2026-05-26,2838,聯邦銀,20.05,20.25,20.05,20.25,1151,533,0,3,4.22,95.77,100.0
2026-05-26,2845,遠東銀,12.05,12.1,12.0,12.0,11456,39,-7,-40,8.64,91.35,100.0
2026-05-26,2849,安泰銀,13.3,13.45,13.3,13.45,114,94,0,2,58.88,41.11,100.0
2026-05-26,2850,新產,137.0,139.5,136.0,139.0,458,-179,-4,-2,10.16,89.83,100.0
2026-05-26,2851,中再保,35.0,35.2,34.7,35.15,1485,-83,0,-14,8.25,91.74,100.0
2026-05-26,2852,第一保,26.8,26.9,26.7,26.75,231,-6,-6,-21,4.81,95.18,100.0
2026-05-26,2855,統一證,42.2,42.65,41.4,42.0,7453,650,-13,0,13.51,86.48,100.0
2026-05-26,2867,三商壽,7.52,7.65,7.5,7.58,8122,1809,0,1390,18.25,81.74,100.0
2026-05-26,2880,華南金,30.85,31.45,30.15,30.15,79395,-31853,14856,-54,17.0,82.99,100.0
2026-05-26,2881,富邦金,97.8,103.5,97.8,103.5,103318,58964,-15279,88,17.48,82.51,100.0
2026-05-26,2882,國泰金,80.6,83.1,80.6,83.1,54668,23552,-17889,-104,21.15,78.84,100.0
2026-05-26,2883,凱基金,21.6,21.9,21.5,21.55,69290,-3861,-8860,40,30.41,69.58,100.0
2026-05-26,2884,玉山金,30.9,31.5,30.9,31.15,48567,13997,-14166,-566,30.38,69.61,100.0
2026-05-26,2885,元大金,56.7,57.4,56.3,57.3,37682,11320,-9778,-160,26.31,73.68,100.0
2026-05-26,2886,兆豐金,39.5,40.05,39.4,39.4,31557,-13078,9291,-144,21.61,78.38,100.0
2026-05-26,2887,台新新光金,23.4,24.1,23.4,23.6,157314,5281,23249,-293,23.4,76.59,100.0
2026-05-26,2889,國票金,14.55,14.7,14.5,14.6,2233,89,0,-17,8.46,91.53,100.0
2026-05-26,2890,永豐金,28.95,29.85,28.95,29.55,36720,3218,-109,-230,28.04,71.95,100.0
2026-05-26,2891,中信金,57.3,58.7,57.3,57.6,51792,2091,4247,-3097,34.63,65.36,100.0
2026-05-26,2892,第一金,27.55,27.8,27.5,27.7,47398,-12748,5,76,25.1,74.89,100.0
2026-05-26,2897,王道銀行,9.95,9.99,9.94,9.98,1592,185,0,-14,6.83,93.16,100.0
2026-05-26,2901,欣欣,23.25,23.25,22.6,22.65,24,1,0,0,0.29,99.7,100.0
2026-05-26,2903,遠百,22.15,22.2,22.0,22.1,1479,-511,-13,63,7.83,92.16,100.0
2026-05-26,2904,匯僑,14.05,14.45,13.95,14.2,82,21,0,-3,0.6,99.39,100.0
2026-05-26,2905,三商,13.5,13.75,13.5,13.65,368,103,0,11,3.63,96.36,100.0
2026-05-26,2906,高林,12.6,12.6,12.1,12.35,440,44,0,-2,1.62,98.37,100.0
2026-05-26,2908,特力,21.1,21.35,21.0,21.35,468,116,0,-15,1.64,98.35,100.0
2026-05-26,2910,統領,21.15,21.6,21.15,21.6,7,7,0,0,0.26,99.73,100.0
2026-05-26,2911,麗嬰房,10.5,10.5,9.0,9.55,3866,-33,0,15,20.71,79.28,100.0
2026-05-26,2912,統一超,215.5,219.0,209.5,209.5,11659,-6633,2358,19,18.16,81.83,100.0
2026-05-26,2913,農林,10.85,10.85,10.7,10.8,1224,294,0,24,5.2,94.79,100.0
2026-05-26,2915,潤泰全,42.55,44.25,42.55,44.2,4129,1138,-225,-8,5.3,94.69,100.0
2026-05-26,2916,滿心,47.55,47.6,47.15,47.55,247,-6,0,0,21.12,78.87,100.0
2026-05-26,2923,鼎固-KY,23.2,23.25,22.55,23.0,63,34,0,0,99.4,0.59,100.0
2026-05-26,2924,宏太-KY,15.1,15.45,14.8,15.2,9,0,0,0,66.79,33.2,100.0
2026-05-26,2926,誠品生活,36.05,36.05,35.8,35.9,5,1,0,0,1.1,98.89,100.0
2026-05-26,2929,淘帝-KY,5.54,6.05,5.54,6.05,1150,83,0,-25,17.65,82.34,100.0
2026-05-26,2937,集雅社,47.5,47.75,47.15,47.75,11,1,0,4,0.08,99.91,100.0
2026-05-26,2938,床的世界,23.1,23.3,22.85,22.95,7,0,0,0,0.0,0.0,0.0
2026-05-26,2939,永邑-KY,22.7,22.7,22.1,22.6,6,0,0,0,19.87,80.12,100.0
2026-05-26,2940,歐都納,23.64,0.0,0.0,0.0,0,0,0,0,0.0,0.0,0.0
2026-05-26,2941,米斯特,31.8,31.8,31.8,31.8,3,0,0,0,0.48,99.51,100.0
2026-05-26,2942,京站,38.05,38.25,37.25,38.2,39,0,0,0,0.0,0.0,0.0
2026-05-26,2945,三商家購,41.25,41.25,41.2,41.2,4,1,0,0,0.38,99.61,100.0
2026-05-26,2947,振宇五金,77.0,77.8,77.0,77.7,14,2,0,0,0.09,99.9,100.0
2026-05-26,2948,寶陞,35.6,36.0,35.6,36.0,7,0,0,0,0.01,99.98,100.0
2026-05-26,2949,欣新網,62.1,62.9,62.0,62.9,12,0,0,0,0.03,99.96,100.0
2026-05-26,3002,歐格,17.55,17.75,17.0,17.1,283,-4,0,-1,2.67,97.32,100.0
2026-05-26,3003,健和興,61.6,62.8,59.2,62.7,1591,77,0,-12,4.31,95.68,100.0
2026-05-26,3004,豐達科,140.5,141.0,137.0,137.5,740,1,0,0,3.2,96.79,100.0
2026-05-26,3005,神基,103.5,105.0,102.5,104.0,5016,1350,-1401,44,11.39,88.6,100.0
2026-05-26,3006,晶豪科,231.0,240.0,226.0,231.5,23104,1429,0,211,32.25,67.74,100.0
2026-05-26,3008,大立光,3875.0,3875.0,3665.0,3665.0,1129,-302,-12,-92,34.18,65.81,100.0
2026-05-26,3010,華立,142.0,142.0,139.0,141.0,1301,497,-6,-12,18.12,81.87,100.0
2026-05-26,3011,今皓,13.1,13.2,12.8,13.05,1669,345,0,0,3.39,96.6,100.0
2026-05-26,3013,晟銘電,123.0,124.5,118.5,124.0,13122,-1124,0,-332,4.62,95.37,100.0
2026-05-26,3014,聯陽,148.5,151.5,147.0,151.0,2839,1307,-86,5,23.62,76.37,100.0
2026-05-26,3015,全漢,52.3,53.3,51.7,52.2,694,26,-1,-2,9.06,90.93,100.0
2026-05-26,3016,嘉晶,140.0,145.5,123.0,126.0,21713,-4043,0,127,6.39,93.6,100.0
2026-05-26,3017,奇鋐,2590.0,2750.0,2570.0,2725.0,6239,1123,595,91,52.77,47.22,100.0
2026-05-26,3018,隆銘綠能,9.49,9.53,9.49,9.53,25,0,0,0,0.22,99.77,100.0
2026-05-26,3019,亞光,158.0,159.5,150.5,153.5,8234,346,0,-306,7.52,92.47,100.0
2026-05-26,3021,鴻名,22.7,22.7,22.7,22.7,627,-6,0,170,3.87,96.12,100.0
2026-05-26,3022,威強電,74.1,75.1,72.2,75.0,1434,489,0,1,15.86,84.13,100.0
2026-05-26,3023,信邦,315.5,319.5,310.5,316.0,1178,386,-45,6,45.05,54.94,100.0
2026-05-26,3024,憶聲,16.05,16.25,15.5,16.1,3156,696,0,-28,2.62,97.37,100.0
2026-05-26,3025,星通,85.0,85.0,74.2,78.8,7419,149,0,-11,8.79,91.2,100.0
2026-05-26,3026,禾伸堂,523.0,570.0,471.0,570.0,3383,265,600,36,16.82,83.17,100.0
2026-05-26,3027,盛達,19.4,19.4,18.55,19.0,511,-91,0,14,1.96,98.03,100.0
2026-05-26,3028,增你強,81.5,83.3,80.9,81.6,3110,136,0,25,12.67,87.32,100.0
2026-05-26,3029,零壹,97.0,97.4,96.2,96.6,729,-130,-3,-1,3.13,96.86,100.0
2026-05-26,3030,德律,424.0,426.0,405.0,409.5,4162,-285,0,-25,14.58,85.41,100.0
2026-05-26,3031,佰鴻,32.95,33.0,31.4,31.85,3058,135,0,-3,3.02,96.97,100.0
2026-05-26,3032,偉訓,91.0,92.4,89.5,90.0,2479,52,0,69,1.49,98.5,100.0
2026-05-26,3033,威健,49.2,50.8,48.85,50.3,17247,5769,-22,-438,19.99,80.0,100.0
2026-05-26,3034,聯詠,491.5,496.5,486.0,491.5,4379,-175,379,26,37.84,62.15,100.0
2026-05-26,3035,智原,219.5,219.5,207.0,208.0,20600,-2743,0,-725,9.9,90.09,100.0
2026-05-26,3036,文曄,299.0,303.5,291.5,293.5,8573,1846,-2627,-152,21.21,78.76,100.0
2026-05-26,3037,欣興,992.0,1085.0,989.0,1085.0,34270,8680,2890,206,38.7,61.29,100.0
2026-05-26,3038,全台,23.65,23.65,23.15,23.45,485,160,-2,-20,8.94,91.05,100.0
2026-05-26,3040,遠見,40.7,41.5,39.65,41.15,169,62,0,0,0.9,99.09,100.0
2026-05-26,3041,揚智,27.0,27.0,25.55,26.4,2042,-24,0,-18,6.43,93.56,100.0
2026-05-26,3042,晶技,209.0,212.0,182.0,203.0,50022,-3046,7195,-133,21.05,78.94,100.0
2026-05-26,3043,科風,21.05,21.1,20.6,20.7,159,-4,0,0,1.33,98.66,100.0
2026-05-26,3044,健鼎,501.0,515.0,497.0,510.0,4580,1215,-39,50,48.56,51.43,100.0
2026-05-26,3045,台灣大,111.5,112.0,110.0,110.5,22514,-11129,5075,216,13.99,32.55,46.55
2026-05-26,3046,建碁,54.6,54.6,53.1,53.8,402,40,0,-2,4.52,95.47,100.0
2026-05-26,3047,訊舟,15.6,15.65,15.0,15.1,1540,-416,0,2,3.26,96.73,100.0
2026-05-26,3048,益登,73.0,74.6,69.6,73.0,15214,943,0,-107,12.86,87.13,100.0
2026-05-26,3049,精金,13.0,13.0,12.1,12.15,8396,-1163,0,-7,2.44,97.55,100.0
2026-05-26,3050,鈺德,12.8,12.95,12.15,12.35,1363,-61,0,3,7.07,92.92,100.0
2026-05-26,3051,力特,30.15,30.45,28.05,28.2,7703,-434,0,-10,2.55,97.44,100.0
2026-05-26,3052,夆典,10.6,10.6,10.4,10.45,929,31,0,-9,1.4,98.59,100.0
2026-05-26,3054,立萬利,69.5,69.5,67.7,68.3,159,17,0,1,0.49,99.5,100.0
2026-05-26,3055,蔚華科,118.0,121.5,114.0,119.0,4118,781,0,-29,2.32,97.67,100.0
2026-05-26,3056,富華新,13.35,13.5,13.25,13.4,1258,299,0,-14,3.69,96.3,100.0
2026-05-26,3057,喬鼎,20.0,20.6,19.85,20.0,319,-94,0,-5,2.28,97.71,100.0
2026-05-26,3058,立德,8.36,8.39,8.15,8.2,738,-16,0,-2,2.48,97.51,100.0
2026-05-26,3059,華晶科,43.5,43.85,42.15,42.45,6829,-978,0,5,7.92,92.07,100.0
2026-05-26,3060,銘異,29.05,29.3,28.1,28.35,1791,-264,0,-2,9.02,90.97,100.0
2026-05-26,3062,建漢,30.7,31.0,29.5,30.05,13974,475,0,20,12.44,87.55,100.0
2026-05-26,3064,泰偉,18.75,18.75,18.0,18.35,10,0,0,0,0.12,99.87,100.0
2026-05-26,3066,李洲,21.4,21.4,20.7,20.85,593,19,0,0,1.44,98.55,100.0
2026-05-26,3067,全域,18.3,18.3,18.15,18.15,6,0,0,0,0.02,99.97,100.0
2026-05-26,3071,協禧,32.2,33.55,31.35,33.55,2567,288,0,-15,3.36,96.63,100.0
2026-05-26,3073,天方能源,20.45,20.45,19.8,20.2,148,24,0,0,1.99,98.0,100.0
2026-05-26,3078,僑威,58.0,58.1,56.9,58.0,1177,104,0,14,12.57,87.42,100.0
2026-05-26,3081,聯亞,2960.0,3180.0,2825.0,3160.0,3130,249,185,1,22.61,77.38,100.0
2026-05-26,3083,網龍,27.2,27.2,26.65,26.95,141,-11,0,0,1.24,98.75,100.0
2026-05-26,3085,新零售,12.3,12.3,12.3,12.3,2,0,0,0,5.69,94.3,100.0
2026-05-26,3086,華義*,36.0,36.25,35.0,35.05,650,62,0,-1,40.34,59.65,100.0
2026-05-26,3088,艾訊,140.5,142.5,136.0,142.0,1997,625,0,2,15.64,84.35,100.0
2026-05-26,3090,日電貿,232.5,233.0,213.0,232.0,8243,907,-135,-119,11.99,88.0,100.0
2026-05-26,3092,鴻碩,30.05,30.4,29.8,30.3,566,91,0,0,1.37,98.62,100.0
2026-05-26,3093,港建*,56.0,59.6,53.9,58.4,3985,-249,0,14,68.3,31.69,100.0
2026-05-26,3094,聯傑,37.0,37.0,34.5,34.95,2762,-562,0,-5,2.94,97.05,100.0
2026-05-26,3095,及成,45.55,45.55,44.05,45.2,47,-5,0,0,3.56,96.43,100.0
2026-05-26,3097,拍檔,25.74,27.4,25.8,27.4,64,3,0,0,0.0,0.0,0.0
2026-05-26,3105,穩懋,551.0,562.0,517.0,562.0,33746,3267,169,806,23.3,76.69,100.0
2026-05-26,3114,好德,29.1,29.45,27.9,27.9,513,-17,0,0,0.92,99.07,100.0
2026-05-26,3115,富榮綱,8.0,8.0,7.8,7.92,25,8,0,0,1.78,98.21,100.0
2026-05-26,3117,年程,29.0,31.3,26.0,29.6,533,-7,0,0,0.0,0.0,0.0
2026-05-26,3118,進階,33.3,33.7,33.1,33.65,44,-1,0,0,0.34,99.65,100.0
2026-05-26,3122,笙泉,36.0,36.0,33.85,34.5,671,-9,0,0,2.97,97.02,100.0
2026-05-26,3128,昇銳,24.75,24.75,23.8,23.85,179,-40,0,0,3.7,96.29,100.0
2026-05-26,3130,一零四,222.0,222.0,220.5,221.5,19,-8,0,0,20.75,79.24,100.0
2026-05-26,3131,弘塑,3045.0,3205.0,3000.0,3115.0,1019,-152,248,14,35.82,64.17,100.0
2026-05-26,3135,凌航,219.0,225.5,219.0,225.0,2615,447,0,-11,4.84,95.15,100.0
2026-05-26,3138,耀登,177.0,178.0,168.0,172.5,1796,-119,0,-37,1.69,98.3,100.0
2026-05-26,3141,晶宏,78.7,82.0,75.8,79.2,6535,-312,0,-6,8.83,91.16,100.0
2026-05-26,3147,大綜,191.0,191.0,182.5,184.0,356,-9,0,1,2.63,97.36,100.0
2026-05-26,3149,正達,65.0,68.0,61.8,68.0,40572,428,0,-85,6.91,93.08,100.0
2026-05-26,3150,鈺寶-創,19.85,19.85,19.35,19.45,68,13,0,2,0.97,99.02,100.0
2026-05-26,3152,璟德,204.0,207.5,194.0,202.5,4845,-556,0,77,19.0,80.99,100.0
2026-05-26,3158,嘉實,85.6,85.6,85.2,85.4,10,0,0,0,1.62,98.37,100.0
2026-05-26,3162,精確,89.0,93.8,88.7,90.1,9670,126,0,-15,47.32,52.67,100.0
2026-05-26,3163,波若威,1215.0,1250.0,1150.0,1220.0,4415,-73,210,-57,15.04,84.95,100.0
2026-05-26,3164,景岳,16.45,16.55,16.3,16.45,63,8,0,0,0.81,99.18,100.0
2026-05-26,3167,大量,865.0,865.0,826.0,831.0,871,38,0,12,9.73,90.26,100.0
2026-05-26,3168,眾福科,50.8,52.3,49.4,52.1,461,-34,0,-1,1.28,98.71,100.0
2026-05-26,3169,亞信,123.0,125.5,118.0,120.0,1023,49,0,9,4.11,95.88,100.0
2026-05-26,3171,新洲,70.8,71.0,70.0,70.5,24,-4,0,1,0.79,99.2,100.0
2026-05-26,3171,炎洲流通,70.8,71.0,70.0,70.5,24,-4,0,1,0.79,99.2,100.0
2026-05-26,3176,基亞,36.5,36.6,35.35,36.15,688,-36,0,0,4.65,95.34,100.0
2026-05-26,3178,公準,75.5,75.5,71.1,74.3,357,-35,0,0,2.27,97.72,100.0
2026-05-26,3184,微邦,23.7,26.2,23.7,24.55,911,-75,0,0,0.0,0.0,0.0
2026-05-26,3188,鑫龍騰,23.2,23.35,22.85,22.95,481,70,0,0,1.6,98.39,100.0
2026-05-26,3189,景碩,670.0,719.0,654.0,696.0,50429,4397,2307,-124,22.88,77.11,100.0
2026-05-26,3191,雲嘉南,19.95,19.95,19.95,19.95,481,25,0,-1,0.11,99.88,100.0
2026-05-26,3205,佰研,53.3,54.2,53.2,53.3,106,14,0,0,0.97,99.02,100.0
2026-05-26,3206,志豐,37.0,38.15,36.75,36.85,172,12,0,3,2.45,97.54,100.0
2026-05-26,3207,耀勝,62.1,64.7,61.8,63.0,1442,-185,0,-8,4.76,95.23,100.0
2026-05-26,3209,全科,73.9,80.5,73.1,80.4,8024,1981,-8,152,19.83,80.16,100.0
2026-05-26,3211,順達,450.5,469.0,448.0,469.0,16584,3927,-29,331,26.31,73.68,100.0
2026-05-26,3213,茂訊,122.0,122.0,119.5,121.0,647,30,0,-2,7.35,92.64,100.0
2026-05-26,3217,優群,197.5,198.0,190.0,193.0,4160,1261,-1139,-23,9.17,90.82,100.0
2026-05-26,3218,大學光,129.0,129.5,128.0,128.5,270,77,-2,0,5.11,94.88,100.0
2026-05-26,3219,倚強股份,92.4,92.4,87.8,89.6,891,21,0,-18,1.3,98.69,100.0
2026-05-26,3219,倚強科,92.4,92.4,87.8,89.6,891,21,0,-18,1.3,98.69,100.0
2026-05-26,3221,台嘉碩,59.1,59.4,55.1,59.3,15325,1241,0,-64,8.61,91.38,100.0
2026-05-26,3224,三顧,41.05,41.55,40.5,40.85,117,-22,0,0,0.72,99.27,100.0
2026-05-26,3226,龍鋒,39.5,40.0,39.5,40.0,11,0,0,0,0.05,99.94,100.0
2026-05-26,3227,原相,235.5,237.0,230.5,236.0,2741,187,-16,121,22.8,77.18,100.0
2026-05-26,3228,金麗科,236.0,236.0,219.5,220.0,1311,-263,0,-10,6.77,93.22,100.0
2026-05-26,3229,晟鈦,47.0,47.9,46.5,47.9,743,219,0,7,1.38,98.61,100.0
2026-05-26,3230,錦明,32.85,32.95,30.9,31.45,573,31,0,0,0.91,99.08,100.0
2026-05-26,3231,緯創,149.5,149.5,145.5,146.0,35795,-914,-39,-456,29.41,70.58,100.0
2026-05-26,3232,昱捷,22.2,22.2,21.1,21.2,117,-2,0,0,8.27,91.72,100.0
2026-05-26,3234,光環,106.0,110.5,100.5,110.5,2363,215,0,0,3.32,96.67,100.0
2026-05-26,3236,千如,62.3,62.4,54.2,58.2,23146,2921,0,-155,19.66,80.33,100.0
2026-05-26,3252,海灣,18.4,18.4,18.25,18.25,5,1,0,0,2.27,97.72,100.0
2026-05-26,3257,虹冠電,55.1,59.8,54.7,59.8,3309,324,0,9,1.33,98.66,100.0
2026-05-26,3259,鑫創,15.75,16.1,15.45,16.0,88,-1,0,0,10.94,89.05,100.0
2026-05-26,3260,威剛,410.5,416.0,406.5,410.0,12227,957,-996,324,17.45,82.54,100.0
2026-05-26,3264,欣銓,228.0,233.5,221.0,231.0,10076,1242,-89,280,31.28,68.71,100.0
2026-05-26,3265,台星科,192.0,193.0,186.0,191.5,2060,496,0,41,9.23,90.76,100.0
2026-05-26,3266,昇陽,12.85,12.9,12.65,12.8,92,-15,0,0,8.33,91.66,100.0
2026-05-26,3268,海德威,18.05,18.1,17.3,17.7,148,-20,0,-3,0.66,99.33,100.0
2026-05-26,3272,東碩,16.9,17.15,16.75,16.75,114,5,0,0,0.71,99.28,100.0
2026-05-26,3276,宇環,14.25,14.25,13.95,14.0,105,0,0,0,1.01,98.98,100.0
2026-05-26,3284,太普高,16.8,16.8,16.1,16.2,268,-3,0,0,0.81,99.18,100.0
2026-05-26,3285,微端,29.3,29.45,29.15,29.35,26,0,0,0,12.97,87.02,100.0
2026-05-26,3287,廣寰科,32.6,33.15,32.25,33.0,329,-15,0,-7,1.8,98.19,100.0
2026-05-26,3288,點晶,14.65,14.9,14.65,14.9,11,0,0,0,0.14,99.85,100.0
2026-05-26,3289,宜特,175.0,175.0,168.5,172.5,1767,68,0,-9,7.62,92.37,100.0
2026-05-26,3290,東浦,47.45,48.9,46.95,48.45,1266,515,0,8,6.52,93.47,100.0
2026-05-26,3293,鈊象,741.0,746.0,734.0,735.0,1533,-306,283,-1,22.35,77.64,100.0
2026-05-26,3294,英濟,42.5,43.0,39.75,40.5,4741,-517,0,-26,6.91,93.08,100.0
2026-05-26,3296,勝德,20.2,20.2,19.6,19.9,179,-13,0,-1,2.15,97.84,100.0
2026-05-26,3297,杭特,30.2,30.35,29.9,30.1,85,19,0,0,3.15,96.84,100.0
2026-05-26,3303,岱稜,49.8,50.0,49.0,49.2,292,-16,0,0,4.37,95.62,100.0
2026-05-26,3305,昇貿,162.5,166.0,157.0,163.5,17035,487,0,-231,9.71,90.28,100.0
2026-05-26,3306,鼎天,47.4,47.4,46.35,46.55,158,-3,0,0,2.14,97.85,100.0
2026-05-26,3308,聯德,20.9,21.05,20.1,20.3,197,-16,0,2,0.79,99.2,100.0
2026-05-26,3310,佳穎,73.2,73.3,72.2,72.7,447,-5,0,0,0.23,99.76,100.0
2026-05-26,3311,閎暉,34.0,35.65,33.85,35.5,1812,447,0,-3,2.39,97.6,100.0
2026-05-26,3312,弘憶股,51.1,53.9,50.3,52.8,8654,-921,0,9,3.98,96.01,100.0
2026-05-26,3313,斐成,11.6,11.6,11.2,11.2,181,10,0,0,4.68,95.31,100.0
2026-05-26,3317,尼克森,84.2,87.7,81.0,83.7,12099,-902,0,-83,16.25,83.74,100.0
2026-05-26,3321,同泰,16.55,18.2,16.25,18.2,1623,345,0,-23,2.11,97.88,100.0
2026-05-26,3322,建舜電,13.1,13.1,12.65,12.75,751,-129,0,0,2.13,97.86,100.0
2026-05-26,3323,加百裕,37.75,38.8,36.3,37.1,2467,-83,0,3,5.79,94.2,100.0
2026-05-26,3324,雙鴻,1030.0,1045.0,1010.0,1040.0,2791,133,0,52,19.78,80.21,100.0
2026-05-26,3325,旭品,12.4,12.4,12.0,12.15,359,-141,0,0,1.28,98.71,100.0
2026-05-26,3332,幸康,65.1,65.1,63.1,63.2,27,2,0,0,0.89,99.1,100.0
2026-05-26,3338,泰碩,76.5,78.4,73.8,78.4,2159,332,0,-1,3.36,96.63,100.0
2026-05-26,3339,泰谷,49.65,53.4,49.1,50.8,3628,-60,0,0,3.65,96.34,100.0
2026-05-26,3346,麗清,16.05,16.3,15.8,16.15,376,50,0,12,2.38,97.61,100.0
2026-05-26,3349,寶德,18.7,18.8,18.1,18.1,259,84,0,0,2.08,97.91,100.0
2026-05-26,3354,律勝,34.0,36.7,33.05,34.2,3144,107,0,0,2.34,97.65,100.0
2026-05-26,3356,奇偶,65.5,66.3,64.2,65.3,1361,80,0,13,8.73,91.26,100.0
2026-05-26,3357,臺慶科,271.0,277.0,251.0,269.5,6596,596,0,-32,17.27,82.72,100.0
2026-05-26,3360,尚立,14.65,14.65,14.3,14.4,401,22,0,0,1.89,98.1,100.0
2026-05-26,3362,先進光,117.0,117.5,115.0,115.0,913,5,0,0,3.86,96.13,100.0
2026-05-26,3363,上詮,850.0,887.0,831.0,885.0,4496,987,0,0,17.68,82.31,100.0
2026-05-26,3372,典範,21.9,22.5,21.1,22.05,2772,661,0,0,2.96,97.03,100.0
2026-05-26,3373,熱映,16.9,16.9,16.75,16.75,122,7,0,0,1.97,98.02,100.0
2026-05-26,3374,精材,263.5,263.5,248.0,255.5,11698,-391,36,-511,10.87,89.12,100.0
2026-05-26,3376,新日興,221.5,224.5,217.5,219.0,4721,-200,-7,45,22.54,77.45,100.0
2026-05-26,3379,彬台,42.0,43.2,40.7,41.25,834,-17,0,0,1.26,98.73,100.0
2026-05-26,3380,明泰,36.2,36.2,34.7,35.4,4641,-244,0,-36,5.93,94.06,100.0
2026-05-26,3388,崇越電,107.0,107.0,99.9,100.5,1335,-36,0,1,7.49,92.5,100.0
2026-05-26,3390,旭軟,28.25,28.8,27.7,28.75,1510,224,0,0,5.66,94.33,100.0
2026-05-26,3402,漢科,144.0,156.0,143.0,154.0,4841,1207,0,134,10.47,89.52,100.0
2026-05-26,3406,玉晶光,600.0,600.0,580.0,588.0,1370,306,-16,-30,43.83,56.16,100.0
2026-05-26,3413,京鼎,358.5,359.0,345.0,346.0,3629,444,0,72,16.51,83.48,100.0
2026-05-26,3416,融程電,191.5,191.5,185.0,188.0,922,44,0,-18,2.82,97.17,100.0
2026-05-26,3419,譁裕,14.05,14.45,13.85,13.85,401,-18,0,-3,1.85,98.14,100.0
2026-05-26,3426,台興,47.7,47.75,47.7,47.75,6,0,0,0,0.44,99.55,100.0
2026-05-26,3430,奇鈦科,178.5,179.0,168.0,169.0,2143,-316,0,0,2.56,97.43,100.0
2026-05-26,3432,台端,20.5,20.5,19.0,19.35,92,-51,0,0,3.05,96.94,100.0
2026-05-26,3434,哲固,29.5,31.0,29.2,29.2,215,-37,0,0,1.85,98.14,100.0
2026-05-26,3437,榮創,25.8,26.2,24.3,24.65,2910,-125,0,-3,5.02,94.97,100.0
2026-05-26,3438,類比科,71.2,72.2,68.5,69.0,523,-27,0,0,2.63,97.36,100.0
2026-05-26,3441,聯一光,56.9,58.8,54.2,55.9,4753,312,0,-25,3.05,96.94,100.0
2026-05-26,3443,創意,5510.0,5510.0,4910.0,5285.0,2019,70,11,-33,28.3,71.69,100.0
2026-05-26,3444,利機,107.5,109.5,104.0,107.0,1370,46,0,0,12.83,87.16,100.0
2026-05-26,3447,展達,38.6,38.75,37.15,37.3,333,27,0,0,1.43,98.56,100.0
2026-05-26,3450,聯鈞,510.0,534.0,485.5,530.0,4386,-469,0,33,24.58,75.41,100.0
2026-05-26,3455,由田,276.5,285.0,270.0,271.5,2682,-495,4,4,16.46,83.53,100.0
2026-05-26,3465,進泰電子,27.35,27.5,27.3,27.4,15,5,0,0,5.01,94.98,100.0
2026-05-26,3466,德晉,32.95,33.95,32.45,33.65,676,-72,0,0,17.43,82.56,100.0
2026-05-26,3467,台灣精材,67.2,73.3,67.1,73.3,1268,257,0,4,2.36,97.63,100.0
2026-05-26,3473,智通聯網,92.99,93.8,91.0,93.0,19,0,0,0,0.0,0.0,0.0
2026-05-26,3479,安勤,129.5,134.0,127.5,134.0,2987,650,0,2,6.18,93.81,100.0
2026-05-26,3481,群創,52.0,52.2,44.65,45.7,1463227,-202889,-2712,-14323,26.7,73.29,100.0
2026-05-26,3483,力致,101.0,102.0,96.6,98.4,1644,32,0,-78,9.04,90.95,100.0
2026-05-26,3484,崧騰,44.0,44.0,43.4,43.65,208,18,0,0,7.11,92.88,100.0
2026-05-26,3485,敘豐,317.0,320.5,300.5,320.5,1099,0,0,0,0.07,99.92,100.0
2026-05-26,3489,森寶,21.85,21.95,21.75,21.9,116,23,0,0,0.66,99.33,100.0
2026-05-26,3490,單井,42.05,42.45,39.95,41.7,4192,-97,0,0,5.62,94.37,100.0
2026-05-26,3491,昇達科,2060.0,2075.0,2005.0,2075.0,603,142,37,-13,33.42,66.57,100.0
2026-05-26,3492,長盛,22.55,23.25,22.45,22.9,121,40,0,0,0.72,99.27,100.0
2026-05-26,3494,誠研,8.15,8.18,8.09,8.12,293,-1,0,-1,1.69,98.3,100.0
2026-05-26,3498,陽程,160.0,160.0,151.5,155.0,937,66,0,-3,17.55,82.44,100.0
2026-05-26,3499,環天科,14.9,15.25,14.85,14.9,151,23,0,0,0.69,99.3,100.0
2026-05-26,3501,維熹,40.1,40.25,40.0,40.2,304,40,0,5,3.31,96.68,100.0
2026-05-26,3504,揚明光,83.1,83.5,78.5,80.3,2233,476,0,-3,3.44,96.55,100.0
2026-05-26,3508,位速,19.95,21.35,19.95,21.35,571,194,0,0,0.84,99.15,100.0
2026-05-26,3511,矽瑪,21.55,21.55,20.6,20.75,173,-25,0,0,2.67,97.32,100.0
2026-05-26,3512,皇龍,20.35,20.45,20.2,20.45,79,-2,0,0,0.46,99.53,100.0
2026-05-26,3515,華擎,245.5,247.5,237.0,245.0,1070,-245,0,1,7.42,92.57,100.0
2026-05-26,3516,亞帝歐,23.45,25.65,23.45,23.95,333,-9,0,0,0.42,99.57,100.0
2026-05-26,3518,柏騰,37.5,37.5,35.2,36.0,1460,-47,0,-11,7.19,92.8,100.0
2026-05-26,3520,華盈,15.1,15.1,14.8,14.95,169,-40,0,0,1.17,98.82,100.0
2026-05-26,3521,鴻翊,12.7,12.9,12.5,12.55,161,-9,0,0,0.33,99.66,100.0
2026-05-26,3521,台鋼建設,12.7,12.9,12.5,12.55,161,-9,0,0,0.33,99.66,100.0
2026-05-26,3522,御頂,12.1,12.2,12.05,12.15,108,1,0,0,0.27,99.72,100.0
2026-05-26,3522,御嵿,12.1,12.2,12.05,12.15,108,1,0,0,0.27,99.72,100.0
2026-05-26,3523,迎輝,12.0,12.0,12.0,12.0,39,0,0,0,0.09,99.9,100.0
2026-05-26,3526,凡甲,378.0,381.0,361.5,377.0,1851,-244,-1,-11,21.84,78.15,100.0
2026-05-26,3527,聚積,61.1,61.1,58.7,59.4,160,-7,0,0,7.54,92.45,100.0
2026-05-26,3528,安馳,92.5,95.0,89.1,94.4,852,38,0,-4,6.09,93.9,100.0
2026-05-26,3529,力旺,3800.0,3800.0,3445.0,3485.0,682,113,-111,-19,68.42,31.57,100.0
2026-05-26,3530,晶相光,72.0,72.3,69.1,70.7,399,-30,0,-5,41.63,58.36,100.0
2026-05-26,3531,先益,23.05,23.75,22.75,22.75,17,1,0,0,19.27,80.72,100.0
2026-05-26,3532,台勝科,297.0,300.0,293.5,300.0,3630,269,0,-4,44.51,55.48,100.0
2026-05-26,3533,嘉澤,2600.0,2670.0,2550.0,2640.0,769,60,110,28,44.83,55.16,100.0
2026-05-26,3535,晶彩科,132.0,133.5,126.0,128.5,4650,-850,0,0,1.32,98.67,100.0
2026-05-26,3537,堡達,76.1,76.1,69.1,69.1,5127,-443,0,-12,4.96,95.03,100.0
2026-05-26,3540,曜越,26.75,26.9,26.4,26.45,254,-21,0,0,2.2,97.79,100.0
2026-05-26,3541,西柏,22.3,22.5,22.3,22.35,86,-23,0,0,0.89,99.1,100.0
2026-05-26,3543,州巧,37.2,37.2,35.35,35.75,995,52,0,3,7.02,92.97,100.0
2026-05-26,3545,敦泰,63.2,63.2,60.3,60.9,2757,-303,0,-26,14.63,85.36,100.0
2026-05-26,3546,宇峻,81.3,81.3,80.5,80.6,302,41,0,4,7.65,92.34,100.0
2026-05-26,3548,兆利,100.0,100.5,97.1,99.6,519,74,0,0,9.27,90.72,100.0
2026-05-26,3550,聯穎,21.7,21.8,20.35,20.4,2269,-916,0,-4,5.55,94.44,100.0
2026-05-26,3551,世禾,204.5,205.0,200.5,202.5,859,-30,0,-6,5.66,94.33,100.0
2026-05-26,3552,同致,53.3,53.9,52.4,52.7,229,-21,0,0,10.14,89.85,100.0
2026-05-26,3555,博士旺,236.0,245.0,229.0,242.5,367,-59,0,-2,1.88,98.11,100.0
2026-05-26,3556,禾瑞亞,56.6,57.2,55.0,56.3,638,25,0,5,6.6,93.39,100.0
2026-05-26,3557,嘉威,25.9,25.9,25.1,25.15,96,-1,0,-8,1.69,98.3,100.0
2026-05-26,3558,神準,139.0,139.0,131.5,135.0,784,-62,0,-6,1.52,98.47,100.0
2026-05-26,3563,牧德,903.0,905.0,883.0,890.0,1512,50,-3,-39,7.91,92.08,100.0
2026-05-26,3564,其陽,46.1,46.8,44.95,46.8,344,94,0,1,3.63,96.36,100.0
2026-05-26,3567,逸昌,29.7,29.7,29.1,29.5,135,-18,0,0,3.14,96.85,100.0
2026-05-26,3570,大塚,172.0,172.0,170.5,172.0,63,0,0,0,44.84,55.15,100.0
2026-05-26,3576,聯合再生,20.1,20.75,18.65,18.9,43255,-4197,0,-52,12.08,87.91,100.0
2026-05-26,3577,泓格,160.0,166.0,153.5,153.5,1877,4,0,-61,2.17,97.82,100.0
2026-05-26,3580,友威科,113.0,113.5,106.5,113.0,3298,54,0,-19,11.48,88.51,100.0
2026-05-26,3581,博磊,299.5,299.5,267.0,280.0,4411,-618,0,-55,16.07,83.92,100.0
2026-05-26,3583,辛耘,921.0,932.0,902.0,908.0,1727,109,-42,27,17.85,82.14,100.0
2026-05-26,3585,聯致,87.39,89.4,82.7,84.6,2464,1,0,0,0.0,0.0,0.0
2026-05-26,3587,閎康,344.0,344.5,332.0,338.0,1618,120,0,-24,11.54,88.45,100.0
2026-05-26,3588,通嘉,65.3,66.7,64.0,65.1,732,2,0,-1,4.97,95.02,100.0
2026-05-26,3591,艾笛森,26.5,26.55,25.7,25.9,2257,583,0,56,6.63,93.36,100.0
2026-05-26,3592,瑞鼎,285.0,285.0,278.5,284.5,1687,-480,-2,-23,16.07,83.92,100.0
2026-05-26,3593,力銘,17.2,17.4,16.55,17.4,43,1,0,0,0.25,99.74,100.0
2026-05-26,3594,磐儀,53.1,53.4,51.5,52.9,518,147,0,1,3.04,96.95,100.0
2026-05-26,3595,山太士,2843.66,2870.0,2695.0,2725.0,451,0,0,0,0.0,0.0,0.0
2026-05-26,3596,智易,190.5,192.5,188.5,191.5,1792,935,0,5,31.54,68.45,100.0
2026-05-26,3597,映興,27.65,29.7,27.65,28.25,420,-3,0,0,0.76,99.23,100.0
2026-05-26,3603,建祥國際,7.95,8.31,7.85,8.0,14,0,0,0,0.0,0.0,0.0
2026-05-26,3605,宏致,81.3,82.5,79.9,81.7,4608,761,0,68,10.98,89.01,100.0
2026-05-26,3607,谷崧,15.3,15.3,14.9,15.15,404,185,0,1,6.84,93.15,100.0
2026-05-26,3609,三一東林,29.6,29.9,28.9,29.6,417,-58,0,0,1.96,98.03,100.0
2026-05-26,3611,鼎翰,186.5,188.0,186.0,188.0,55,0,0,0,11.76,88.23,100.0
2026-05-26,3615,安可,52.3,52.7,49.6,51.0,17670,-719,0,-65,7.8,92.19,100.0
2026-05-26,3617,碩天,207.5,209.0,203.5,206.5,335,18,0,0,9.02,90.97,100.0
2026-05-26,3622,洋華,56.6,58.6,56.6,58.5,1229,202,0,4,3.84,96.15,100.0
2026-05-26,3623,富晶通,24.05,24.05,23.5,23.5,67,2,0,0,3.28,96.71,100.0
2026-05-26,3624,光頡,94.0,94.0,84.6,93.5,6739,742,-850,92,53.76,46.23,100.0
2026-05-26,3625,西勝,15.05,15.05,14.3,14.5,372,-136,0,0,5.17,94.82,100.0
2026-05-26,3628,盈正,66.4,66.8,65.5,66.1,100,-1,0,0,3.42,96.57,100.0
2026-05-26,3629,地心引力,17.95,17.95,17.4,17.4,3,0,0,0,0.02,99.97,100.0
2026-05-26,3630,新鉅科,27.05,27.5,26.45,27.0,767,67,0,-1,39.87,60.12,100.0
2026-05-26,3631,晟楠,38.1,38.1,37.0,37.15,338,7,0,-130,8.12,91.87,100.0
2026-05-26,3632,研勤,7.29,7.95,7.29,7.95,36,0,0,0,0.29,99.7,100.0
2026-05-26,3633,云光,129.33,130.5,129.0,129.0,78,2,0,0,0.0,0.0,0.0
2026-05-26,3645,達邁,117.5,121.5,114.0,117.5,18452,-808,0,20,13.51,86.48,100.0
2026-05-26,3646,艾恩特,23.2,23.85,23.2,23.4,20,1,0,0,6.69,93.3,100.0
2026-05-26,3652,精聯,34.45,34.45,32.5,32.8,444,-16,0,-5,0.68,99.31,100.0
2026-05-26,3653,健策,3830.0,3830.0,3670.0,3670.0,692,-21,-100,80,26.92,73.07,100.0
2026-05-26,3659,百辰,23.03,22.95,21.9,21.9,11,1,0,0,0.0,0.0,0.0
2026-05-26,3661,世芯-KY,4945.0,4955.0,4640.0,4640.0,1916,-291,-81,-1,53.96,46.03,100.0
2026-05-26,3663,鑫科,91.4,91.9,87.8,91.4,6394,789,0,-100,3.91,96.08,100.0
2026-05-26,3664,安瑞-KY,7.72,8.24,7.72,8.24,21,0,0,0,37.96,62.03,100.0
2026-05-26,3665,貿聯-KY,2410.0,2415.0,2250.0,2265.0,1437,-210,-58,18,56.28,43.71,100.0
2026-05-26,3666,光耀,27.45,29.9,27.4,28.8,578,-46,0,5,0.28,99.71,100.0
2026-05-26,3669,圓展,39.15,39.9,38.5,38.85,251,-27,0,0,2.45,97.54,100.0
2026-05-26,3672,康聯訊,10.9,11.6,10.35,11.0,59,-1,0,0,2.5,97.49,100.0
2026-05-26,3673,TPK-KY,85.2,87.4,85.2,87.4,26030,5322,0,69,45.8,54.19,100.0
2026-05-26,3675,德微,340.0,341.0,320.0,334.0,905,-56,0,11,60.81,39.18,100.0
2026-05-26,3678,聯享,62.22,63.0,58.1,60.1,31,0,0,0,0.0,0.0,0.0
2026-05-26,3679,新至陞,119.5,121.5,119.5,121.0,76,7,0,-2,8.91,91.08,100.0
2026-05-26,3680,家登,603.0,610.0,583.0,589.0,2444,201,-65,23,24.75,75.24,100.0
2026-05-26,3684,榮昌,63.0,63.0,59.0,60.1,223,0,0,0,1.79,98.2,100.0
2026-05-26,3685,元創精密,29.7,29.7,28.0,28.5,340,-48,0,9,0.22,99.77,100.0
2026-05-26,3686,達能,18.2,18.6,17.3,17.5,444,-57,0,-2,1.55,98.44,100.0
2026-05-26,3687,歐買尬,68.2,68.2,67.0,67.2,101,1,0,0,4.62,95.37,100.0
2026-05-26,3689,湧德,127.0,127.5,123.5,124.5,2763,-108,0,-23,6.68,93.31,100.0
2026-05-26,3691,碩禾,145.0,158.5,139.0,157.0,5799,-136,0,-62,10.27,89.72,100.0
2026-05-26,3693,營邦,623.0,627.0,588.0,603.0,1622,-151,0,7,13.06,86.93,100.0
2026-05-26,3694,海華,71.3,71.5,68.4,70.2,4046,95,0,-54,3.7,96.29,100.0
2026-05-26,3701,大眾控,58.6,58.7,56.3,57.1,1857,-263,0,36,4.59,95.4,100.0
2026-05-26,3702,大聯大,123.5,126.5,121.0,121.5,10041,211,-685,-284,35.09,64.9,100.0
2026-05-26,3703,欣陸,20.0,20.5,20.0,20.4,1649,64,0,-74,20.16,79.83,100.0
2026-05-26,3704,合勤控,43.9,46.65,43.2,45.25,9352,1616,0,18,13.39,86.6,100.0
2026-05-26,3705,永信,55.7,55.8,55.4,55.7,144,-19,0,-1,7.13,92.86,100.0
2026-05-26,3706,神達,89.1,89.7,86.4,87.4,19983,-476,1728,-351,10.21,89.78,100.0
2026-05-26,3707,漢磊,89.8,93.4,81.7,82.9,25626,-3798,0,3,16.19,83.8,100.0
2026-05-26,3708,上緯投控,125.5,135.5,124.0,131.5,4629,885,-1,322,8.33,91.66,100.0
2026-05-26,3709,鑫聯大投控,90.5,91.0,88.1,89.4,2220,-3,0,-187,8.78,91.21,100.0
2026-05-26,3710,連展投控,6.35,6.35,6.1,6.1,544,11,0,0,2.19,97.8,100.0
2026-05-26,3711,日月光投控,636.0,636.0,590.0,611.0,39627,-1468,-42,-434,78.1,21.89,100.0
2026-05-26,3712,永崴投控,16.1,16.5,15.8,16.15,940,170,0,18,2.08,97.91,100.0
2026-05-26,3713,新晶投控,12.95,14.2,12.95,14.2,262,48,0,2,0.44,99.55,100.0
2026-05-26,3714,富采,79.9,80.8,76.8,79.4,38332,-964,0,119,12.98,87.01,100.0
2026-05-26,3715,定穎投控,181.0,188.0,178.0,186.0,20563,8387,0,155,12.13,87.86,100.0
2026-05-26,3716,中化控股,34.55,35.15,34.15,34.3,412,128,0,-3,8.43,91.56,100.0
2026-05-26,3717,聯嘉投控,23.5,23.5,22.0,22.45,2580,-150,0,139,4.68,95.31,100.0
2026-05-26,4102,永日,17.1,17.4,16.9,17.15,126,-3,0,0,1.2,98.79,100.0
2026-05-26,4104,佳醫,70.0,70.4,69.3,70.0,315,80,0,3,2.94,97.05,100.0
2026-05-26,4105,東洋,73.6,74.1,73.5,73.9,468,140,0,-23,19.74,80.25,100.0
2026-05-26,4106,雃博,23.35,23.45,23.15,23.45,125,32,0,-2,1.92,98.07,100.0
2026-05-26,4107,邦特,115.5,115.5,114.0,115.0,172,-20,0,0,7.48,92.51,100.0
2026-05-26,4108,懷特,12.4,12.4,12.15,12.25,241,9,0,-9,0.98,99.01,100.0
2026-05-26,4109,加捷生醫,11.25,11.5,11.1,11.25,270,63,0,0,0.81,99.18,100.0
2026-05-26,4111,濟生,29.75,30.0,29.75,29.8,76,4,0,0,3.36,96.63,100.0
2026-05-26,4113,聯上,14.65,14.7,14.35,14.65,433,-74,0,0,1.62,98.37,100.0
2026-05-26,4114,健喬,30.6,30.6,30.3,30.35,1182,-579,0,-4,5.56,94.43,100.0
2026-05-26,4115,善德生技,8.43,8.65,7.6,7.79,648,-9,0,0,0.0,0.0,0.0
2026-05-26,4116,明基醫,38.3,38.3,38.0,38.05,27,1,0,0,0.4,99.59,100.0
2026-05-26,4119,旭富,41.0,41.45,40.6,41.3,161,37,0,7,5.23,94.76,100.0
2026-05-26,4120,友華,45.3,45.3,44.75,44.8,91,-4,0,0,6.23,93.76,100.0
2026-05-26,4121,優盛,14.7,14.75,14.4,14.4,179,-36,0,0,1.9,98.09,100.0
2026-05-26,4123,晟德,38.2,38.2,37.65,37.7,2029,-740,0,-27,9.06,90.93,100.0
2026-05-26,4126,太醫,79.0,79.3,78.9,79.0,31,-5,0,0,8.97,91.02,100.0
2026-05-26,4127,天良,69.0,74.8,65.0,68.1,1310,-3,0,3,0.67,99.32,100.0
2026-05-26,4128,中天,15.15,15.15,14.5,14.5,1986,-781,0,6,4.04,95.95,100.0
2026-05-26,4129,聯合,90.1,90.7,90.0,90.3,234,-33,0,0,11.88,88.11,100.0
2026-05-26,4130,健亞,26.2,26.4,25.45,25.8,378,99,0,-1,2.04,97.95,100.0
2026-05-26,4131,浩泰,33.35,34.4,33.3,34.4,4,1,0,0,1.26,98.73,100.0
2026-05-26,4133,亞諾法,21.0,21.25,20.8,20.85,154,-23,0,0,12.5,87.49,100.0
2026-05-26,4137,麗豐-KY,103.0,104.5,102.0,103.0,295,-27,0,-3,55.82,44.17,100.0
2026-05-26,4138,曜亞,50.7,51.7,50.3,50.6,47,6,0,0,1.12,98.87,100.0
2026-05-26,4139,馬光-KY,23.1,23.9,23.0,23.9,5,0,0,0,16.91,83.08,100.0
2026-05-26,4142,國光生,17.4,17.45,17.15,17.2,1310,-652,0,-9,4.67,95.32,100.0
2026-05-26,4147,中裕,49.45,50.2,48.65,48.75,1060,-591,0,0,8.19,91.8,100.0
2026-05-26,4148,全宇生技-KY,32.85,32.85,32.0,32.05,49,6,0,-2,71.02,28.97,100.0
2026-05-26,4150,優你康,5.92,6.0,5.47,5.64,738,-56,0,0,0.0,0.0,0.0
2026-05-26,4153,鈺緯,30.2,30.9,30.15,30.6,24,-2,0,0,0.32,99.67,100.0
2026-05-26,4154,樂威科-KY,13.15,13.6,13.0,13.6,38,-7,0,0,29.99,70.0,100.0
2026-05-26,4155,訊映,14.95,14.95,14.7,14.9,342,89,0,7,1.19,98.8,100.0
2026-05-26,4157,太景*-KY,9.22,9.22,9.03,9.03,1353,-505,0,0,1.79,98.2,100.0
2026-05-26,4160,訊聯基因,40.75,40.75,40.5,40.7,62,2,0,0,0.9,99.09,100.0
2026-05-26,4161,聿新科,23.3,23.4,23.05,23.2,43,-1,0,0,0.3,99.69,100.0
2026-05-26,4162,智擎,56.2,56.3,54.5,54.8,546,-147,0,-1,8.25,91.74,100.0
2026-05-26,4163,鐿鈦,104.5,106.0,104.0,105.5,109,2,0,-2,2.75,97.24,100.0
2026-05-26,4164,承業醫,28.3,28.45,28.05,28.05,588,-277,0,0,19.16,80.83,100.0
2026-05-26,4166,友霖,23.7,24.05,23.6,23.75,184,11,0,0,10.79,89.2,100.0
2026-05-26,4167,松瑞藥,19.15,19.15,18.8,18.85,996,-111,0,-2,10.37,89.62,100.0
2026-05-26,4168,醣聯,26.3,28.8,26.2,28.3,761,333,0,99,4.87,95.12,100.0
2026-05-26,4169,泰宗,158.5,158.5,155.0,155.0,93,16,0,0,6.45,93.54,100.0
2026-05-26,4170,鑫品生醫,13.48,13.65,13.3,13.3,58,0,0,0,0.0,0.0,0.0
2026-05-26,4171,瑞基,18.2,18.4,18.0,18.15,93,0,0,0,13.48,86.51,100.0
2026-05-26,4172,因華,13.39,13.65,13.05,13.05,164,5,0,0,0.0,0.0,0.0
2026-05-26,4173,久裕,18.15,18.3,18.15,18.25,99,7,0,0,0.62,99.37,100.0
2026-05-26,4174,浩鼎,30.45,30.7,29.3,29.45,792,80,0,0,6.57,93.42,100.0
2026-05-26,4175,杏一,52.9,56.0,52.7,53.3,37,-7,0,0,0.17,99.82,100.0
2026-05-26,4178,永笙-KY,18.8,18.9,18.65,18.9,728,-157,0,0,5.4,94.59,100.0
2026-05-26,4183,福永生技,12.4,13.1,12.35,13.1,22,0,0,0,0.0,99.99,100.0
2026-05-26,4186,尖端醫,10.14,10.45,9.96,10.35,276,0,0,0,0.0,0.0,0.0
2026-05-26,4188,安克,11.3,11.4,11.2,11.2,38,-12,0,0,0.05,99.94,100.0
2026-05-26,4190,佐登-KY,24.4,24.75,24.2,24.75,97,27,0,0,58.86,41.13,100.0
2026-05-26,4192,杏國,0.0,0.0,0.0,0.0,1,0,0,0,0.31,99.68,100.0
2026-05-26,4194,禾生技,7.06,7.27,6.97,7.15,126,3,0,0,0.0,0.0,0.0
2026-05-26,4195,基米-創,17.9,17.9,16.9,17.5,495,198,0,0,0.56,99.43,100.0
2026-05-26,4197,暐世,8.81,10.45,8.6,10.4,392,0,0,0,0.0,0.0,0.0
2026-05-26,4198,欣大健康,39.9,39.9,39.9,39.9,1,0,0,0,1.16,98.83,100.0
2026-05-26,4205,中華食,72.7,72.8,72.6,72.6,46,-6,0,0,0.58,99.41,100.0
2026-05-26,4207,環泰,19.55,19.55,19.15,19.35,181,-3,0,0,1.46,98.53,100.0
2026-05-26,4303,信立,49.9,50.3,49.3,49.4,659,-172,0,3,2.29,97.7,100.0
2026-05-26,4304,勝昱,29.0,29.0,27.15,27.15,22,0,0,0,0.03,99.96,100.0
2026-05-26,4305,世坤,43.85,44.0,43.85,44.0,2,1,0,0,0.06,99.93,100.0
2026-05-26,4306,炎洲,14.0,14.0,13.65,13.65,1589,-602,0,0,5.32,94.67,100.0
2026-05-26,4401,東隆興,13.85,13.85,13.7,13.75,133,5,0,0,1.36,98.63,100.0
2026-05-26,4402,郡都開發,12.1,12.1,11.7,11.7,82,-2,0,0,2.28,97.71,100.0
2026-05-26,4406,新昕纖,10.0,10.15,10.0,10.0,350,2,0,0,0.22,99.77,100.0
2026-05-26,4413,飛寶企業,16.55,17.4,16.4,17.0,33,1,0,0,5.74,94.25,100.0
2026-05-26,4414,如興,7.96,8.02,7.78,7.86,621,5,0,-3,26.48,73.51,100.0
2026-05-26,4416,三圓,12.15,12.15,11.1,11.1,2263,-31,0,0,1.1,98.89,100.0
2026-05-26,4417,金洲,44.55,45.0,44.4,44.9,190,69,0,0,3.97,96.02,100.0
2026-05-26,4419,元勝,45.5,45.65,45.25,45.25,16,0,0,0,0.0,99.99,100.0
2026-05-26,4419,皇家美食,45.5,45.65,45.25,45.25,16,0,0,0,0.0,99.99,100.0
2026-05-26,4420,光明,39.0,39.1,38.6,38.8,92,29,0,0,0.54,99.45,100.0
2026-05-26,4426,利勤,7.63,7.63,7.48,7.54,138,26,0,0,2.29,97.7,100.0
2026-05-26,4430,耀億,16.6,16.8,16.55,16.8,27,-1,0,0,2.27,97.72,100.0
2026-05-26,4431,敏成健康,16.73,17.8,16.8,17.05,56,0,0,0,0.0,0.0,0.0
2026-05-26,4432,銘旺實,16.9,17.1,16.7,17.1,63,1,0,0,0.87,99.12,100.0
2026-05-26,4433,興采,21.15,21.15,20.7,20.8,51,-1,0,0,0.18,99.81,100.0
2026-05-26,4438,廣越,57.4,58.2,57.3,58.2,41,7,0,-1,1.8,98.19,100.0
2026-05-26,4439,冠星-KY,92.0,92.6,91.0,92.6,15,-2,0,-1,61.34,38.65,100.0
2026-05-26,4440,宜新實業,18.15,18.15,17.55,18.0,86,-14,0,-13,0.74,99.25,100.0
2026-05-26,4441,振大環球,201.5,205.5,200.5,203.0,76,-30,0,0,1.52,98.47,100.0
2026-05-26,4442,竣邦-KY,51.4,52.0,51.0,51.0,172,-92,0,0,61.35,38.64,100.0
2026-05-26,4502,健信,15.7,16.05,15.55,15.8,44,0,0,0,4.06,95.93,100.0
2026-05-26,4503,金雨,44.0,44.2,41.65,41.75,365,-82,0,0,3.55,96.44,100.0
2026-05-26,4506,崇友,118.5,118.5,117.5,118.0,94,-20,0,0,3.21,96.78,100.0
2026-05-26,4510,高鋒,50.3,52.9,48.6,51.9,11985,633,0,200,6.45,93.54,100.0
2026-05-26,4513,福裕,14.7,14.8,14.2,14.2,483,-31,0,0,2.14,97.85,100.0
2026-05-26,4523,永彰,29.0,29.0,28.45,28.7,111,-2,0,0,2.42,97.57,100.0
2026-05-26,4526,東台,41.3,44.35,40.45,44.35,27008,1924,0,438,8.07,91.92,100.0
2026-05-26,4527,方土霖,45.0,45.0,44.2,44.2,88,-4,0,0,1.87,98.12,100.0
2026-05-26,4528,江興鍛,15.8,15.8,15.4,15.5,65,0,0,0,0.14,99.85,100.0
2026-05-26,4529,淳紳,5.18,5.38,4.96,5.08,153,-10,0,0,38.04,61.95,100.0
2026-05-26,4530,宏易,24.5,25.5,24.3,25.5,9,-1,0,0,3.0,96.99,100.0
2026-05-26,4532,瑞智,24.15,24.25,23.6,23.65,1046,16,-12,-90,17.05,82.94,100.0
2026-05-26,4533,協易機,34.5,35.25,33.15,34.25,8198,72,0,49,6.09,93.9,100.0
2026-05-26,4534,慶騰,27.9,27.9,25.45,26.6,2346,154,0,-4,0.81,99.18,100.0
2026-05-26,4535,至興,27.0,27.3,27.0,27.3,6,1,0,0,0.09,99.9,100.0
2026-05-26,4536,拓凱,159.5,160.0,158.0,159.5,219,29,0,0,11.35,88.64,100.0
2026-05-26,4537,旭東,171.2,171.0,167.0,169.0,205,-2,0,0,0.0,0.0,0.0
2026-05-26,4538,大詠城,18.75,18.85,18.5,18.65,47,3,0,0,0.15,99.84,100.0
2026-05-26,4540,全球傳動,72.4,74.5,70.0,71.8,9989,1914,0,0,10.55,89.44,100.0
2026-05-26,4541,晟田,44.35,44.6,43.45,43.75,683,-193,0,-20,5.94,94.05,100.0
2026-05-26,4542,科嶠,260.0,278.0,251.0,276.0,1899,201,0,-1,7.55,92.44,100.0
2026-05-26,4543,萬在,39.6,39.6,38.5,39.2,248,51,0,0,9.17,90.82,100.0
2026-05-26,4544,春日,13.98,14.45,14.45,14.45,2,0,0,0,0.0,0.0,0.0
2026-05-26,4545,銘鈺,33.0,33.2,32.5,33.2,225,66,0,2,28.96,71.03,100.0
2026-05-26,4546,長亨,103.3,104.0,96.1,99.7,64,0,0,0,0.0,0.0,0.0
2026-05-26,4549,桓達,106.5,109.0,104.0,107.0,399,75,0,0,2.58,97.41,100.0
2026-05-26,4550,長佳,24.85,24.85,24.7,24.7,37,-10,0,0,1.52,98.47,100.0
2026-05-26,4551,智伸科,158.5,159.5,154.0,156.0,654,-75,0,-20,52.1,47.89,100.0
2026-05-26,4552,力達-KY,20.2,20.2,19.95,20.0,177,3,0,-6,42.72,57.27,100.0
2026-05-26,4553,盛復,17.88,17.8,17.6,17.75,10,0,0,0,0.0,0.0,0.0
2026-05-26,4554,橙的,31.65,31.65,30.9,30.9,53,-9,0,0,24.36,75.63,100.0
2026-05-26,4555,氣立,53.2,57.3,50.2,56.2,5602,-578,0,-8,1.35,98.64,100.0
2026-05-26,4556,旭然,39.3,39.9,38.6,39.8,258,33,0,0,10.6,89.39,100.0
2026-05-26,4557,永新-KY,44.75,45.45,44.4,44.65,94,13,0,0,30.93,69.06,100.0
2026-05-26,4558,寶緯,19.7,20.1,19.7,20.0,89,-5,0,0,0.26,99.73,100.0
2026-05-26,4559,久裕興,8.68,8.53,8.3,8.5,35,0,0,0,0.0,0.0,0.0
2026-05-26,4560,強信-KY,32.3,32.65,32.1,32.5,153,16,0,-4,84.79,15.2,100.0
2026-05-26,4561,健椿,51.2,52.9,47.4,50.0,1721,47,0,-4,2.73,97.26,100.0
2026-05-26,4562,穎漢,42.5,44.0,41.55,42.9,3439,391,0,1,1.98,98.01,100.0
2026-05-26,4563,百德,50.2,52.1,49.65,50.2,317,43,0,14,1.33,98.66,100.0
2026-05-26,4564,元翎,15.6,15.75,15.5,15.65,600,-32,0,10,2.64,97.35,100.0
2026-05-26,4565,宏偉,116.0,118.0,116.5,118.0,31,2,0,0,0.0,0.0,0.0
2026-05-26,4566,時碩工業,65.1,65.1,63.0,63.5,596,-43,0,-2,1.75,98.24,100.0
2026-05-26,4568,科際精密,39.7,40.65,39.7,40.4,17,1,0,0,20.05,79.94,100.0
2026-05-26,4569,六方科-KY,192.0,193.5,187.0,187.5,93,1,0,-1,66.92,33.07,100.0
2026-05-26,4570,傑生,70.47,70.1,70.1,70.1,2,0,0,0,0.0,0.0,0.0
2026-05-26,4571,鈞興-KY,227.0,230.5,221.0,224.0,919,216,0,-10,65.41,34.58,100.0
2026-05-26,4572,駐龍,144.0,144.0,141.0,143.0,20,4,0,-1,1.97,98.02,100.0
2026-05-26,4573,高明鐵,482.02,491.5,460.5,467.5,765,-18,0,0,0.0,0.0,0.0
2026-05-26,4575,銓寶,25.97,26.8,25.9,26.4,52,-2,0,0,0.0,0.0,0.0
2026-05-26,4576,大銀微系統,278.0,289.0,271.0,284.5,7667,39,0,41,7.14,92.85,100.0
2026-05-26,4577,達航科技,140.5,144.5,135.0,136.5,2294,-133,0,0,2.38,97.61,100.0
2026-05-26,4580,捷流閥業,82.9,83.0,82.4,82.9,76,28,0,0,3.91,96.08,100.0
2026-05-26,4581,光隆精密-KY,50.4,50.5,50.0,50.1,24,-1,0,0,23.97,76.02,100.0
2026-05-26,4582,聚恆-創,23.75,23.75,22.0,22.45,646,25,0,0,0.69,99.3,100.0
2026-05-26,4583,台灣精銳,731.0,755.0,719.0,725.0,179,2,0,0,1.43,98.56,100.0
2026-05-26,4584,君帆,44.3,44.3,42.6,43.1,22,0,0,0,0.03,99.96,100.0
2026-05-26,4585,達明,360.0,372.5,353.5,360.5,953,23,0,15,0.58,99.41,100.0
2026-05-26,4587,寶元數控,68.9,74.5,66.7,71.5,135,0,0,0,0.0,0.0,0.0
2026-05-26,4588,玖鼎電力,57.4,58.0,55.0,55.3,164,-10,0,-1,2.44,97.55,100.0
2026-05-26,4589,碩陽電機,38.45,38.45,36.25,37.1,42,-2,0,0,0.0,0.0,0.0
2026-05-26,4590,富田-創,73.2,73.2,72.2,72.4,261,-109,0,0,1.78,98.21,100.0
2026-05-26,4609,唐鋒,5.38,5.78,5.38,5.75,4,0,0,0,0.0,99.99,100.0
2026-05-26,4702,中美實,9.74,9.9,9.71,9.85,120,-10,0,0,43.5,56.49,100.0
2026-05-26,4706,大恭,31.0,31.0,31.0,31.0,15,0,0,0,29.46,70.53,100.0
2026-05-26,4707,磐亞,14.55,14.75,14.3,14.65,1367,223,0,0,1.05,98.94,100.0
2026-05-26,4711,永純,16.8,17.7,16.7,16.95,528,50,0,0,1.1,98.89,100.0
2026-05-26,4714,永捷,14.55,14.85,14.3,14.3,4972,-521,0,1,2.76,97.23,100.0
2026-05-26,4716,大立,15.0,15.1,14.8,15.05,286,-18,0,0,3.48,96.51,100.0
2026-05-26,4720,德淵,25.75,25.85,24.65,24.8,2320,-111,-2,-1,6.47,93.52,100.0
2026-05-26,4721,美琪瑪,91.4,93.2,90.4,92.1,1208,324,0,-3,9.34,90.65,100.0
2026-05-26,4722,國精化,284.5,284.5,272.0,275.5,1282,-70,0,33,6.11,93.88,100.0
2026-05-26,4724,宣捷幹細胞,13.96,14.1,12.9,13.45,153,0,0,0,0.0,0.0,0.0
2026-05-26,4726,永昕,27.95,28.0,27.4,27.45,384,-41,0,0,20.6,79.39,100.0
2026-05-26,4728,雙美,0.0,0.0,0.0,0.0,0,0,0,0,19.61,80.38,100.0
2026-05-26,4729,熒茂,25.2,25.2,23.9,23.95,1317,58,0,0,2.12,97.87,100.0
2026-05-26,4732,彥臣,18.4,19.05,18.3,19.05,6,0,0,0,0.0,0.0,0.0
2026-05-26,4735,豪展,31.0,31.0,30.9,31.0,33,2,0,0,0.2,99.79,100.0
2026-05-26,4736,泰博,122.5,123.5,122.0,122.5,92,-14,0,-1,5.16,94.83,100.0
2026-05-26,4737,華廣,55.8,58.5,55.6,58.5,99,-3,0,0,28.67,71.32,100.0
2026-05-26,4738,大同精化,7.96,8.23,7.83,8.2,296,0,0,0,0.0,0.0,0.0
2026-05-26,4739,康普,105.0,108.0,103.5,105.0,3756,224,0,-137,10.99,89.0,100.0
2026-05-26,4741,泓瀚,63.7,64.7,61.8,63.5,1172,146,0,24,3.03,96.96,100.0
2026-05-26,4743,合一,52.2,52.3,50.4,50.7,2772,-751,0,6,7.19,92.8,100.0
2026-05-26,4744,皇將,35.05,35.05,34.0,34.5,192,12,0,0,4.4,95.59,100.0
2026-05-26,4745,合富-KY,16.55,16.55,16.25,16.4,112,-13,0,0,8.68,91.31,100.0
2026-05-26,4746,台耀,51.1,51.9,51.0,51.2,728,-288,0,-8,8.19,91.8,100.0
2026-05-26,4747,強生,54.5,58.1,54.5,56.8,48,-7,0,-1,0.62,99.37,100.0
2026-05-26,4749,新應材,1155.0,1190.0,1130.0,1140.0,2283,-116,-4,-8,14.37,85.62,100.0
2026-05-26,4754,國碳科,37.85,38.0,37.85,38.0,58,21,0,0,0.28,99.71,100.0
2026-05-26,4755,三福化,154.5,159.0,152.0,155.5,1259,342,0,-6,24.18,75.81,100.0
2026-05-26,4760,勤凱,412.5,412.5,350.0,395.5,4100,101,0,20,20.26,79.73,100.0
2026-05-26,4763,材料*-KY,43.05,43.1,41.85,41.9,7007,-1956,0,-23,46.33,53.66,100.0
2026-05-26,4764,雙鍵,366.0,366.5,330.0,338.0,3201,-686,255,-16,29.01,70.98,100.0
2026-05-26,4765,磐采,20.0,20.25,19.4,20.15,24,-2,0,0,0.0,0.0,0.0
2026-05-26,4766,南寶,378.0,380.5,372.5,375.0,809,86,-2,9,14.67,85.32,100.0
2026-05-26,4767,誠泰科技,27.45,27.45,26.65,26.65,12,0,0,0,0.03,99.96,100.0
2026-05-26,4768,晶呈科技,488.0,505.0,463.0,496.5,3017,72,0,1,7.69,92.3,100.0
2026-05-26,4770,上品,258.5,276.0,258.0,266.0,3175,598,0,25,7.61,92.38,100.0
2026-05-26,4771,望隼,193.5,199.5,193.5,199.5,567,129,0,7,6.89,93.1,100.0
2026-05-26,4772,台特化,306.0,307.5,301.0,303.0,1404,238,0,-1,5.11,94.88,100.0
2026-05-26,4806,桂田文創,9.95,9.98,9.7,9.98,34,0,0,0,1.88,98.11,100.0
2026-05-26,4807,日成-KY,24.45,25.65,23.05,23.35,608,-6,0,-10,66.65,33.34,100.0
2026-05-26,4903,聯光通,47.3,47.6,45.75,46.75,3224,322,0,0,4.11,95.88,100.0
2026-05-26,4904,遠傳,94.5,95.5,94.0,94.0,8953,-4823,2042,293,22.11,26.71,49.0
2026-05-26,4905,台聯電,81.0,85.9,80.5,81.1,74,8,0,0,9.7,90.29,100.0
2026-05-26,4906,正文,44.45,44.45,42.0,42.85,43668,-3245,0,-163,13.46,86.53,100.0
2026-05-26,4907,富宇,37.15,37.35,35.95,37.0,267,-14,0,0,0.18,99.81,100.0
2026-05-26,4908,前鼎,311.0,312.5,270.0,286.5,5558,-749,0,-45,12.27,87.72,100.0
2026-05-26,4909,新復興,57.3,57.3,54.9,55.4,1475,-165,0,-28,8.83,91.16,100.0
2026-05-26,4911,德英,31.85,32.0,31.1,31.8,34,-6,0,0,0.3,99.69,100.0
2026-05-26,4912,聯德控股-KY,111.0,111.5,106.0,106.5,833,-49,0,0,26.24,73.75,100.0
2026-05-26,4915,致伸,72.7,73.1,72.2,72.4,2566,-466,-95,0,33.61,66.38,100.0
2026-05-26,4916,事欣科,100.0,101.0,95.0,100.5,5515,563,0,-35,20.43,79.56,100.0
2026-05-26,4919,新唐,226.0,230.0,206.0,211.0,57485,2341,45,-617,9.13,90.86,100.0
2026-05-26,4923,力士,41.3,45.15,39.2,45.15,2276,256,0,4,1.61,98.38,100.0
2026-05-26,4924,欣厚-KY,12.75,12.75,12.15,12.3,113,-16,0,0,38.13,61.86,100.0
2026-05-26,4925,智微,175.79,180.5,168.0,170.0,347,-18,0,0,0.0,0.0,0.0
2026-05-26,4927,泰鼎-KY,63.9,65.9,59.7,61.2,35508,5674,0,-149,15.9,84.09,100.0
2026-05-26,4930,燦星網,17.3,18.9,17.3,18.2,190,-17,0,1,2.2,97.79,100.0
2026-05-26,4931,新盛力,229.0,238.0,214.5,215.0,16671,-1301,0,-36,11.91,88.08,100.0
2026-05-26,4933,友輝,74.5,78.8,73.8,73.8,1545,96,0,0,5.68,94.31,100.0
2026-05-26,4934,太極,18.2,18.7,17.6,17.65,2331,-391,0,-3,2.5,97.49,100.0
2026-05-26,4935,茂林-KY,37.25,37.25,36.6,37.15,104,29,0,-1,26.83,73.16,100.0
2026-05-26,4938,和碩,81.8,82.5,80.7,81.4,8234,-640,-158,-52,30.46,69.53,100.0
2026-05-26,4939,亞電,40.4,43.6,39.3,43.6,3990,246,0,98,5.53,94.46,100.0
2026-05-26,4942,嘉彰,38.2,38.2,37.75,38.05,40,8,0,-4,6.63,93.36,100.0
2026-05-26,4943,康控-KY,9.0,9.02,8.94,8.94,38,0,0,0,15.6,84.39,100.0
2026-05-26,4946,辣椒,105.0,105.0,102.5,103.0,61,-25,0,0,4.47,95.52,100.0
2026-05-26,4949,有成精密,111.5,111.5,103.0,105.0,7053,522,0,-32,4.52,95.47,100.0
2026-05-26,4950,金耘國際,16.5,17.3,16.35,17.0,20,2,0,0,0.08,99.91,100.0
2026-05-26,4951,精拓科,132.0,135.0,127.0,134.5,1556,40,0,-6,4.1,95.89,100.0
2026-05-26,4952,凌通,54.7,55.7,53.3,55.0,1944,36,0,-3,6.88,93.11,100.0
2026-05-26,4953,緯軟,123.5,124.0,121.0,122.0,340,-14,0,-1,11.09,88.9,100.0
2026-05-26,4956,光鋐,53.0,53.8,48.45,49.95,10609,-1111,0,-2,10.62,89.37,100.0
2026-05-26,4958,臻鼎-KY,529.0,542.0,516.0,540.0,41904,3230,272,163,63.75,36.24,100.0
2026-05-26,4960,誠美材,36.85,36.85,33.8,34.25,11138,-128,0,133,19.36,80.63,100.0
2026-05-26,4961,天鈺,177.0,177.5,171.5,174.5,1273,-251,0,-37,20.49,79.5,100.0
2026-05-26,4966,譜瑞-KY,824.0,824.0,798.0,807.0,1642,-466,-16,-26,33.75,66.24,100.0
2026-05-26,4967,十銓,272.5,277.5,270.5,271.0,6093,-875,0,-74,6.14,93.85,100.0
2026-05-26,4968,立積,121.5,122.5,117.0,119.0,1228,-99,0,21,4.65,95.34,100.0
2026-05-26,4971,IET-KY,750.0,765.0,716.0,765.0,273,51,0,7,13.11,86.88,100.0
2026-05-26,4972,湯石照明,16.3,16.45,16.3,16.4,85,-56,0,0,2.08,97.91,100.0
2026-05-26,4973,廣穎,119.5,129.5,117.5,126.5,12512,1645,0,-8,7.62,92.37,100.0
2026-05-26,4974,亞泰,77.0,77.2,75.5,76.5,299,13,0,0,4.7,95.29,100.0
2026-05-26,4976,佳凌,32.9,33.75,32.15,32.2,1554,11,0,7,4.0,95.99,100.0
2026-05-26,4977,眾達-KY,232.0,237.0,224.0,235.5,6071,935,98,-73,17.0,82.99,100.0
2026-05-26,4979,華星光,665.0,682.0,630.0,680.0,1509,-23,0,14,13.63,86.36,100.0
2026-05-26,4980,佐臻,51.44,52.2,49.75,51.2,395,-4,0,0,0.0,0.0,0.0
2026-05-26,4989,榮科,100.5,106.0,98.3,102.0,20603,-1062,0,-1,4.13,95.86,100.0
2026-05-26,4991,環宇-KY,850.0,877.0,791.0,870.0,4118,194,-144,0,19.93,80.06,100.0
2026-05-26,4994,傳奇,95.4,95.4,90.0,91.9,38,9,0,0,2.68,97.31,100.0
2026-05-26,4995,晶達,51.0,51.0,47.65,47.65,217,-25,0,8,0.43,99.56,100.0
2026-05-26,4999,鑫禾,19.6,19.9,19.6,19.65,131,16,0,0,1.7,98.29,100.0
2026-05-26,5007,三星,56.7,57.0,56.4,57.0,48,13,0,-2,2.92,97.07,100.0
2026-05-26,5009,榮剛,37.2,37.2,35.35,35.8,4677,-1216,0,-153,10.29,89.7,100.0
2026-05-26,5011,久陽,18.1,19.45,17.9,19.45,3437,-159,0,-1,2.86,97.13,100.0
2026-05-26,5013,強新,29.45,29.45,28.45,28.45,4,0,0,0,12.21,87.78,100.0
2026-05-26,5014,建錩,11.3,11.35,10.85,10.95,521,12,0,0,1.49,98.5,100.0
2026-05-26,5015,華祺,26.6,26.6,24.75,24.75,197,-24,0,0,6.72,93.27,100.0
2026-05-26,5016,松和,28.15,28.95,26.65,26.85,795,-86,0,0,0.38,99.61,100.0
2026-05-26,5201,凱衛,29.75,29.75,28.4,28.4,61,-17,0,0,6.76,93.23,100.0
2026-05-26,5202,力新,11.8,11.8,11.55,11.65,253,32,0,0,1.19,98.8,100.0
2026-05-26,5203,訊連,65.2,66.4,64.3,65.7,261,45,0,-2,11.81,88.18,100.0
2026-05-26,5205,中茂,23.85,23.85,23.85,23.85,1,0,0,0,0.04,99.95,100.0
2026-05-26,5206,坤悅,21.85,22.0,21.7,21.95,59,9,0,0,6.3,93.69,100.0
2026-05-26,5209,新鼎,169.0,170.0,168.5,169.0,35,2,0,0,1.96,98.03,100.0
2026-05-26,5210,寶碩,26.6,26.65,25.8,26.65,443,62,0,0,0.59,99.4,100.0
2026-05-26,5211,蒙恬,18.3,18.3,18.0,18.0,113,-24,0,0,8.06,91.93,100.0
2026-05-26,5212,凌網,46.2,46.3,46.15,46.15,14,-1,0,0,21.76,78.23,100.0
2026-05-26,5213,亞昕,26.2,26.35,26.05,26.15,680,211,0,0,1.14,98.85,100.0
2026-05-26,5215,科嘉-KY,47.7,48.5,45.9,47.25,423,-40,0,4,25.41,74.58,100.0
2026-05-26,5220,萬達光電,25.5,25.8,23.5,23.5,533,-26,0,-7,0.44,99.55,100.0
2026-05-26,5222,全訊,128.0,128.5,125.0,125.0,440,-83,-1,-4,4.02,5.97,10.0
2026-05-26,5223,安力-KY,26.2,27.1,25.7,26.05,78,-25,0,0,41.98,58.01,100.0
2026-05-26,5225,東科-KY,70.9,71.4,70.2,71.3,214,36,0,0,40.8,59.19,100.0
2026-05-26,5227,立凱-KY,25.9,25.9,24.6,24.6,224,23,0,0,12.75,87.24,100.0
2026-05-26,5228,鈺鎧,53.3,55.0,53.1,54.9,372,21,0,10,1.69,98.3,100.0
2026-05-26,5230,雷笛克光學,17.0,17.0,16.5,16.9,160,5,0,0,1.28,98.71,100.0
2026-05-26,5234,達興材料,450.5,461.0,433.0,439.0,1050,154,0,-62,11.28,88.71,100.0
2026-05-26,5236,凌陽創新,187.0,187.0,182.0,185.5,472,144,0,-5,6.23,93.76,100.0
2026-05-26,5240,建騰,26.13,26.5,25.5,26.3,13,0,0,0,0.0,0.0,0.0
2026-05-26,5243,乙盛-KY,143.0,143.5,126.5,132.0,16026,-530,0,-32,57.16,42.83,100.0
2026-05-26,5244,弘凱,40.45,40.9,39.5,40.2,441,-7,0,0,2.0,97.99,100.0
2026-05-26,5245,智晶,27.1,27.1,26.2,26.3,110,-42,0,0,3.17,96.82,100.0
2026-05-26,5246,勵威,183.84,232.0,187.0,206.0,1557,-24,0,0,0.0,0.0,0.0
2026-05-26,5248,景傳,47.97,48.3,45.6,47.1,197,3,0,0,0.0,0.0,0.0
2026-05-26,5251,天鉞電,27.0,27.5,26.6,27.5,156,66,0,0,28.73,71.26,100.0
2026-05-26,5254,欣訊科技,43.35,45.0,43.35,43.8,137,-1,0,0,0.0,0.0,0.0
2026-05-26,5258,虹堡,59.0,59.0,56.2,57.0,1423,108,0,0,4.45,95.54,100.0
2026-05-26,5262,立達,52.37,54.2,51.5,52.1,128,-10,0,0,0.0,0.0,0.0
2026-05-26,5263,智崴,109.0,109.5,106.5,108.0,278,63,0,-9,15.19,84.8,100.0
2026-05-26,5267,龍翩,64.2,79.3,67.4,79.0,1027,32,0,0,0.0,0.0,0.0
2026-05-26,5269,祥碩,1560.0,1575.0,1520.0,1545.0,2555,-181,95,16,7.7,92.29,100.0
2026-05-26,5271,紘通,19.65,20.4,19.05,19.95,890,-44,0,0,0.0,0.0,0.0
2026-05-26,5272,笙科,23.3,23.5,22.3,22.55,350,-3,0,0,3.34,96.65,100.0
2026-05-26,5274,信驊,17905.0,18060.0,17190.0,17240.0,207,17,-28,-1,53.36,46.63,100.0
2026-05-26,5276,達輝-KY,19.8,19.8,19.35,19.65,48,0,0,0,77.01,22.98,100.0
2026-05-26,5278,尚凡,23.7,23.7,22.8,22.85,771,-264,0,0,0.54,99.45,100.0
2026-05-26,5278,尚凡*,23.7,23.7,22.8,22.85,771,-264,0,0,0.54,99.45,100.0
2026-05-26,5283,禾聯碩,51.9,52.2,51.3,52.2,282,-12,0,0,1.31,98.68,100.0
2026-05-26,5284,jpp-KY,408.5,415.0,399.5,402.0,1319,-55,0,-8,54.26,45.73,100.0
2026-05-26,5285,界霖,83.0,89.6,82.5,89.6,10380,837,0,-6,6.01,93.98,100.0
2026-05-26,5287,數字,151.0,152.0,149.0,149.5,85,-30,0,0,16.65,83.34,100.0
2026-05-26,5288,豐祥-KY,152.0,154.0,152.0,153.5,100,10,0,-1,58.53,41.46,100.0
2026-05-26,5289,宜鼎,1715.0,1760.0,1685.0,1690.0,3177,-190,-264,-12,23.56,76.43,100.0
2026-05-26,5291,邑昇,77.0,77.5,73.9,74.7,1316,81,0,7,4.37,95.62,100.0
2026-05-26,5292,華懋,220.5,226.0,220.5,223.0,128,-11,0,9,6.54,93.45,100.0
2026-05-26,5297,廣化,129.27,145.0,130.5,136.0,1496,-117,0,0,0.0,0.0,0.0
2026-05-26,5299,杰力,115.0,127.5,114.0,127.5,3662,-19,0,5,2.76,97.23,100.0
2026-05-26,5301,寶得利,6.7,6.78,6.7,6.73,7,0,0,0,2.09,97.9,100.0
2026-05-26,5302,太欣,10.05,10.5,10.05,10.2,702,-20,0,0,0.73,99.26,100.0
2026-05-26,5306,桂盟,83.0,83.0,82.3,82.9,131,-1,0,-2,12.51,87.48,100.0
2026-05-26,5309,系統電,70.5,72.5,67.8,68.0,10162,-69,0,-344,9.32,90.67,100.0
2026-05-26,5310,天剛,22.8,23.6,22.55,23.6,30,0,0,0,0.06,99.93,100.0
2026-05-26,5312,寶島科,93.2,95.2,93.2,94.6,41,-4,0,0,7.74,92.25,100.0
2026-05-26,5314,世紀*,64.9,65.3,63.0,63.0,3431,-234,0,-32,12.69,87.3,100.0
2026-05-26,5315,光聯,22.25,22.25,22.05,22.1,342,-57,0,0,9.0,90.99,100.0
2026-05-26,5321,美而快,47.0,47.0,47.0,47.0,361,-16,0,0,1.48,98.51,100.0
2026-05-26,5324,士開,11.95,11.95,11.85,11.95,287,-14,0,0,5.23,94.76,100.0
2026-05-26,5328,華容,36.0,36.0,32.4,35.3,23046,2733,0,-87,7.49,92.5,100.0
2026-05-26,5340,建榮,110.0,114.0,107.0,108.0,6084,-217,0,11,49.65,50.34,100.0
2026-05-26,5344,立衛,16.15,16.15,15.6,15.6,123,9,0,0,0.13,99.86,100.0
2026-05-26,5345,天揚,18.8,19.5,18.25,18.95,44,1,0,0,0.0,99.99,100.0
2026-05-26,5345,馥鴻,18.8,19.5,18.25,18.95,44,1,0,0,0.0,99.99,100.0
2026-05-26,5347,世界,170.0,172.5,164.0,165.0,32989,-1803,-5064,3,28.17,71.82,100.0
2026-05-26,5348,正能量智能,15.5,16.0,15.5,16.0,7,0,0,0,0.02,99.97,100.0
2026-05-26,5351,鈺創,83.1,84.9,81.3,82.2,22255,-172,0,1,18.18,81.81,100.0
2026-05-26,5353,台林,26.95,26.95,26.3,26.5,86,-10,0,0,0.58,99.41,100.0
2026-05-26,5355,佳總,6.32,6.66,6.31,6.55,36,0,0,0,0.19,99.8,100.0
2026-05-26,5356,協益,27.15,27.2,27.0,27.1,99,7,0,0,3.29,96.7,100.0
2026-05-26,5364,力麗店,8.85,8.85,8.63,8.69,102,2,0,0,0.48,99.51,100.0
2026-05-26,5371,中光電,73.7,74.9,71.8,72.8,3919,50,0,-13,19.54,80.45,100.0
2026-05-26,5381,光譜,27.2,27.25,26.2,26.75,1515,-350,0,0,0.86,99.13,100.0
2026-05-26,5386,青雲,557.0,595.0,546.0,549.0,3537,-66,0,-38,3.43,96.56,100.0
2026-05-26,5388,中磊,87.0,87.3,84.1,84.6,4089,289,-98,-54,19.69,80.27,100.0
2026-05-26,5392,能率,44.9,44.9,42.6,43.0,3065,-1027,0,1,10.6,89.39,100.0
2026-05-26,5398,慕康生醫,17.3,17.5,17.0,17.0,101,-12,0,0,5.52,94.47,100.0
2026-05-26,5403,中菲,85.5,85.5,84.5,84.9,196,-22,0,0,6.13,93.86,100.0
2026-05-26,5410,國眾,38.2,38.45,37.75,37.75,620,83,0,0,9.4,90.59,100.0
2026-05-26,5425,台半,95.0,100.5,94.7,100.5,37355,3701,0,964,20.24,79.75,100.0
2026-05-26,5426,振發,19.7,19.8,18.7,18.85,552,-80,0,0,2.41,97.58,100.0
2026-05-26,5432,新門,143.5,143.5,140.0,140.0,69,-16,0,0,0.95,99.04,100.0
2026-05-26,5434,崇越,485.0,485.0,475.0,481.0,1217,-49,2,-14,31.46,68.53,100.0
2026-05-26,5438,東友,18.9,19.95,18.55,19.7,264,-49,0,0,1.24,98.75,100.0
2026-05-26,5439,高技,391.0,392.0,381.0,391.0,2490,122,0,-2,20.13,79.86,100.0
2026-05-26,5443,均豪,133.5,134.5,127.5,129.5,10145,388,0,-100,9.07,90.92,100.0
2026-05-26,5450,寶聯通,12.9,12.9,12.5,12.8,93,-2,0,0,0.12,99.87,100.0
2026-05-26,5450,南良,12.9,12.9,12.5,12.8,93,-2,0,0,0.12,99.87,100.0
2026-05-26,5452,佶優,35.0,35.55,33.2,33.5,2762,-272,0,3,16.36,83.63,100.0
2026-05-26,5455,昇益,22.0,22.9,22.0,22.55,7035,1,0,0,0.1,99.89,100.0
2026-05-26,5457,宣德,32.25,33.2,31.1,31.25,2518,-390,0,18,28.41,71.58,100.0
2026-05-26,5460,同協,15.7,15.7,15.15,15.2,61,4,0,0,0.38,99.61,100.0
2026-05-26,5464,霖宏,73.0,73.0,69.8,72.2,656,-60,0,-6,4.07,95.92,100.0
2026-05-26,5465,富驊,25.0,25.6,25.0,25.6,175,29,0,-1,2.3,97.69,100.0
2026-05-26,5468,凱鈺,17.8,17.8,17.65,17.7,32,0,0,0,0.17,99.82,100.0
2026-05-26,5469,瀚宇博,84.0,84.4,82.5,83.1,2412,373,0,21,11.51,88.48,100.0
2026-05-26,5471,松翰,53.3,53.7,51.5,52.2,1701,-114,0,17,13.68,86.31,100.0
2026-05-26,5474,聰泰,170.0,174.5,168.5,169.0,624,-8,0,-2,2.08,97.91,100.0
2026-05-26,5475,德宏,288.0,306.0,280.0,305.0,4769,405,0,-1,5.85,94.14,100.0
2026-05-26,5478,智冠,98.5,98.5,97.7,98.1,86,-8,0,2,17.9,82.09,100.0
2026-05-26,5481,新華,19.85,19.85,19.0,19.4,97,-41,0,0,25.77,74.22,100.0
2026-05-26,5483,中美晶,162.5,168.0,158.0,164.0,34247,2893,149,397,22.91,77.08,100.0
2026-05-26,5484,慧友,52.9,53.0,48.5,51.3,5027,-481,0,-20,1.86,98.13,100.0
2026-05-26,5487,通泰,27.5,28.0,26.9,26.9,69,3,0,0,0.59,99.4,100.0
2026-05-26,5488,松普,12.1,12.25,11.75,11.85,1097,72,0,0,1.64,98.35,100.0
2026-05-26,5489,彩富,39.45,39.7,39.4,39.5,29,-11,0,0,1.39,98.6,100.0
2026-05-26,5490,同亨,29.7,29.9,28.9,29.2,662,-48,0,0,7.4,92.59,100.0
2026-05-26,5493,三聯,92.7,93.0,89.5,91.2,268,27,0,-2,2.52,97.47,100.0
2026-05-26,5498,凱崴,70.4,72.8,69.1,70.3,11667,1057,0,22,3.65,96.34,100.0
2026-05-26,5508,永信建,47.4,47.45,47.0,47.1,353,-24,0,0,3.47,96.52,100.0
2026-05-26,5511,德昌,70.8,71.6,70.8,71.2,113,10,0,0,4.31,95.68,100.0
2026-05-26,5512,力麒,6.84,7.05,6.82,7.02,1759,9,0,0,4.9,95.09,100.0
2026-05-26,5514,三豐,14.8,15.7,14.8,15.0,120,24,0,0,0.03,99.96,100.0
2026-05-26,5515,建國,40.45,40.9,40.2,40.25,295,-9,0,0,12.25,87.74,100.0
2026-05-26,5516,雙喜,10.25,10.25,10.05,10.25,35,-3,0,0,0.07,99.92,100.0
2026-05-26,5519,隆大,32.3,32.5,32.1,32.25,317,-44,0,0,4.3,95.69,100.0
2026-05-26,5520,力泰,82.1,82.2,82.1,82.2,4,0,0,0,0.02,99.97,100.0
2026-05-26,5521,工信,10.3,10.4,10.2,10.25,2778,457,0,0,7.39,92.6,100.0
2026-05-26,5522,遠雄,69.3,71.2,69.2,71.1,924,387,-1,2,4.44,95.55,100.0
2026-05-26,5523,豐謙,30.2,30.45,30.15,30.45,88,3,0,0,0.13,99.86,100.0
2026-05-26,5525,順天,20.9,21.25,20.9,21.2,99,42,0,0,1.66,98.33,100.0
2026-05-26,5529,鉅陞,24.0,24.2,23.7,23.85,99,-8,0,0,0.55,99.44,100.0
2026-05-26,5530,龍巖,48.55,49.5,46.9,47.0,1213,-78,0,0,54.22,45.77,100.0
2026-05-26,5531,鄉林,7.65,7.75,7.61,7.7,749,-18,0,-14,2.53,97.46,100.0
2026-05-26,5533,皇鼎,13.85,13.9,13.75,13.9,70,14,0,0,2.7,97.29,100.0
2026-05-26,5534,長虹,74.9,75.2,74.5,75.1,730,-146,0,5,8.92,91.07,100.0
2026-05-26,5536,聖暉*,967.0,1040.0,966.0,1035.0,2794,518,368,80,37.86,62.13,100.0
2026-05-26,5538,東明-KY,35.0,35.0,34.45,34.75,52,12,0,-1,63.8,36.19,100.0
2026-05-26,5543,桓鼎-KY,29.65,30.25,29.4,29.95,16,2,0,0,0.03,99.96,100.0
2026-05-26,5546,永固-KY,17.0,17.0,16.35,16.6,27,3,0,0,53.69,46.3,100.0
2026-05-26,5547,久舜,21.6,21.8,21.6,21.6,28,0,0,0,0.16,99.83,100.0
2026-05-26,5548,安倉,23.5,23.5,23.2,23.25,59,1,0,0,0.22,99.77,100.0
2026-05-26,5601,台聯櫃,34.75,34.75,34.7,34.75,15,0,0,0,4.43,95.56,100.0
2026-05-26,5603,陸海,15.3,15.6,15.2,15.4,299,34,0,0,5.04,94.95,100.0
2026-05-26,5604,中連貨,31.25,31.5,31.2,31.2,31,-1,0,0,3.05,96.94,100.0
2026-05-26,5604,中連,31.25,31.5,31.2,31.2,31,-1,0,0,3.05,96.94,100.0
2026-05-26,5607,遠雄港,50.6,50.9,50.2,50.3,529,288,0,0,3.04,96.95,100.0
2026-05-26,5608,四維航,14.7,14.85,14.5,14.65,2155,-448,0,0,5.02,42.47,47.5
2026-05-26,5609,中菲行,80.3,81.1,80.2,80.4,148,17,0,0,14.49,85.5,100.0
2026-05-26,5701,劍湖山,3.39,3.5,3.34,3.34,53,0,0,0,0.0,99.99,100.0
2026-05-26,5703,亞都,13.5,13.5,13.5,13.5,1,0,0,0,6.62,93.37,100.0
2026-05-26,5704,老爺知,21.25,21.25,21.1,21.15,22,0,0,0,0.17,99.82,100.0
2026-05-26,5706,鳳凰,49.65,50.4,49.65,50.4,395,71,0,-2,1.47,98.52,100.0
2026-05-26,5859,遠壽,13.63,14.1,13.45,13.85,240,1,0,0,0.0,0.0,0.0
2026-05-26,5863,瑞興銀,10.75,11.0,10.7,11.0,55,0,0,0,0.0,0.0,0.0
2026-05-26,5864,致和證,34.0,35.45,33.45,35.1,7836,2452,0,0,5.08,94.91,100.0
2026-05-26,5871,中租-KY,108.5,110.0,107.0,107.0,10385,-4173,1320,-117,45.87,54.12,100.0
2026-05-26,5876,上海商銀,39.7,39.95,39.45,39.45,14597,-4789,2571,30,53.96,46.03,100.0
2026-05-26,5878,台名,41.35,41.5,40.65,40.85,17,1,0,0,0.59,99.4,100.0
2026-05-26,5880,合庫金,22.65,22.8,22.65,22.7,14984,-4136,2,32,15.18,84.81,100.0
2026-05-26,5902,德記,36.85,37.4,36.25,37.15,143,24,0,0,1.19,98.8,100.0
2026-05-26,5903,全家,187.5,188.0,187.5,187.5,36,-10,0,0,50.94,49.05,100.0
2026-05-26,5904,寶雅,559.0,559.0,552.0,552.0,218,-85,0,1,28.76,71.23,100.0
2026-05-26,5905,南仁湖,8.01,8.01,7.89,7.95,585,46,0,0,1.32,98.67,100.0
2026-05-26,5906,台南-KY,45.15,45.15,45.15,45.15,1,1,0,0,19.36,80.63,100.0
2026-05-26,5907,大洋-KY,4.88,5.0,4.85,4.98,265,19,0,0,52.05,47.94,100.0
2026-05-26,6005,群益證,32.85,33.4,32.5,33.05,11583,4181,-245,0,16.82,83.17,100.0
2026-05-26,6015,宏遠證,16.1,16.5,15.75,16.35,4533,1551,0,0,7.9,92.09,100.0
2026-05-26,6016,康和證,23.8,24.45,23.25,24.3,11017,1362,0,0,11.17,88.82,100.0
2026-05-26,6020,大展證,22.25,22.4,22.0,22.2,39,-5,0,0,0.01,99.98,100.0
2026-05-26,6021,美好證,32.45,32.5,31.8,32.25,250,20,0,0,7.45,92.54,100.0
2026-05-26,6023,元大期,98.4,98.7,97.7,98.2,162,39,0,0,1.93,98.06,100.0
2026-05-26,6024,群益期,55.8,56.3,55.5,56.2,334,50,0,0,3.88,96.11,100.0
2026-05-26,6026,福邦證,15.65,15.85,15.4,15.75,2032,267,0,0,5.69,94.3,100.0
2026-05-26,6027,德信,11.58,12.05,11.45,11.45,46,-4,0,0,0.0,0.0,0.0
2026-05-26,6028,公勝保經,79.7,79.7,79.7,79.7,5,0,0,0,0.65,99.34,100.0
2026-05-26,6035,悠遊卡,50.94,52.5,50.6,52.5,5,0,0,0,0.0,0.0,0.0
2026-05-26,6101,寬魚國際,39.55,41.85,38.8,41.5,687,17,0,0,0.41,99.58,100.0
2026-05-26,6103,合邦,37.2,37.2,37.2,37.2,1,0,0,0,0.71,99.28,100.0
2026-05-26,6104,創惟,104.0,104.5,101.0,101.5,1532,46,0,5,12.4,87.59,100.0
2026-05-26,6108,競國,20.0,20.1,19.6,19.65,1607,500,0,-4,4.6,95.39,100.0
2026-05-26,6109,亞元,10.75,10.9,10.55,10.65,206,-38,0,0,1.92,98.07,100.0
2026-05-26,6111,光聚晶電,45.85,46.05,44.85,45.4,409,-105,0,-6,10.23,89.76,100.0
2026-05-26,6112,邁達特,43.0,43.15,42.1,42.3,375,-108,0,-2,0.92,99.07,100.0
2026-05-26,6113,亞矽,27.4,27.5,26.0,26.6,714,-9,0,0,2.9,97.09,100.0
2026-05-26,6114,久威,31.4,31.4,30.5,30.5,78,-4,0,0,0.74,99.25,100.0
2026-05-26,6115,鎰勝,46.8,47.55,46.7,47.3,140,36,0,-5,5.44,94.55,100.0
2026-05-26,6116,彩晶,14.3,14.3,13.45,13.65,478320,-34299,0,-3867,7.95,92.04,100.0
2026-05-26,6117,迎廣,93.2,95.9,91.1,95.0,2800,399,0,-28,3.31,96.68,100.0
2026-05-26,6118,建達,19.0,19.05,18.2,18.5,546,-107,0,0,1.49,98.5,100.0
2026-05-26,6120,達運,15.3,15.35,13.85,14.0,8405,-2188,0,-45,8.6,91.39,100.0
2026-05-26,6121,新普,386.0,397.5,385.5,394.5,900,395,-16,4,37.1,62.89,100.0
2026-05-26,6122,擎邦,47.65,47.85,47.35,47.35,181,-33,0,0,4.6,95.39,100.0
2026-05-26,6123,上奇,44.7,44.7,43.9,43.9,99,4,0,2,2.64,97.35,100.0
2026-05-26,6124,業強,30.55,30.55,29.15,29.85,93,21,0,0,50.94,49.05,100.0
2026-05-26,6125,廣運,68.5,69.0,66.5,68.4,8832,1641,0,86,9.62,90.37,100.0
2026-05-26,6126,信音,36.7,36.7,35.15,36.45,1795,279,0,0,4.11,95.88,100.0
2026-05-26,6127,九豪,52.1,57.2,49.2,57.2,24642,-94,0,247,9.65,90.34,100.0
2026-05-26,6128,上福,18.9,19.0,18.7,18.7,280,59,0,-7,4.35,95.64,100.0
2026-05-26,6129,普誠,15.8,15.9,15.45,15.6,624,51,0,0,2.68,97.31,100.0
2026-05-26,6130,上亞科技,22.75,23.6,21.9,22.95,353,-2,0,0,0.57,99.42,100.0
2026-05-26,6133,金橋,24.15,24.45,23.4,23.5,1800,-283,0,-1,1.91,98.08,100.0
2026-05-26,6134,萬旭,32.4,32.65,31.4,32.65,697,70,0,0,25.68,74.31,100.0
2026-05-26,6136,富爾特,25.8,26.0,25.65,25.75,280,105,0,-11,3.62,96.37,100.0
2026-05-26,6138,茂達,383.5,383.5,354.0,369.5,5096,-448,252,-19,17.31,82.68,100.0
2026-05-26,6139,亞翔,817.0,853.0,811.0,826.0,6001,-39,1086,-43,30.8,69.19,100.0
2026-05-26,6140,訊達,19.9,20.0,19.55,19.65,109,18,0,0,1.69,98.3,100.0
2026-05-26,6141,柏承,32.95,35.75,32.5,35.75,5123,456,0,-4,3.04,96.95,100.0
2026-05-26,6142,友勁,8.15,8.16,7.9,8.1,842,-79,0,0,2.45,97.54,100.0
2026-05-26,6143,振曜,100.0,101.0,97.8,99.6,917,39,0,4,9.5,90.49,100.0
2026-05-26,6144,得利影,15.1,15.1,14.3,14.6,27,0,0,0,33.4,66.59,100.0
2026-05-26,6146,耕興,222.0,227.0,219.5,221.0,465,-21,0,0,30.51,69.48,100.0
2026-05-26,6147,頎邦,245.0,260.5,243.0,260.5,42573,4768,2363,-281,22.84,77.15,100.0
2026-05-26,6148,驊宏資,29.1,29.35,28.6,28.8,173,22,0,0,2.71,97.28,100.0
2026-05-26,6150,撼訊,69.7,70.4,67.6,70.0,757,35,0,90,6.91,93.08,100.0
2026-05-26,6151,晉倫,49.0,49.15,46.25,46.45,1547,-197,0,0,4.62,95.37,100.0
2026-05-26,6152,百一,16.15,16.15,15.1,15.15,2058,-369,0,-9,1.61,98.38,100.0
2026-05-26,6153,嘉聯益,19.2,19.35,18.35,18.55,3957,-305,0,11,11.8,88.19,100.0
2026-05-26,6154,順發,13.45,13.45,13.4,13.45,18,-1,0,0,0.71,99.28,100.0
2026-05-26,6155,鈞寶,61.4,61.5,56.8,59.4,6620,757,0,14,9.71,90.28,100.0
2026-05-26,6156,松上,19.7,19.7,18.75,18.95,681,-206,0,0,4.85,95.14,100.0
2026-05-26,6158,禾昌,18.05,18.05,17.9,18.05,34,-7,0,0,0.8,99.19,100.0
2026-05-26,6160,欣技,16.5,16.5,15.95,16.25,140,-9,0,0,3.95,96.04,100.0
2026-05-26,6161,捷波,65.0,65.0,63.0,65.0,5678,-60,0,8,3.42,96.57,100.0
2026-05-26,6163,華電網,51.5,52.3,50.4,51.0,3057,396,0,-4,2.85,97.14,100.0
2026-05-26,6164,華興,12.55,12.6,12.15,12.2,611,-16,0,0,4.88,95.11,100.0
2026-05-26,6165,浪凡,48.75,49.95,48.0,49.15,664,40,0,-2,17.76,82.23,100.0
2026-05-26,6166,凌華,127.5,133.0,123.5,133.0,3243,688,0,6,19.85,80.14,100.0
2026-05-26,6167,久正,13.0,13.1,12.05,12.2,2704,-1053,0,-13,4.78,95.21,100.0
2026-05-26,6168,宏齊,31.0,31.05,28.3,28.5,9090,-1243,0,-5,4.26,95.73,100.0
2026-05-26,6169,昱泉,14.3,14.3,13.8,14.15,46,7,0,0,0.19,99.8,100.0
2026-05-26,6170,統振,50.2,50.7,50.0,50.2,242,54,0,0,2.56,97.43,100.0
2026-05-26,6171,大城地產,23.9,23.9,23.35,23.5,34,-1,0,0,0.16,99.83,100.0
2026-05-26,6173,信昌電,212.0,228.0,200.0,224.0,1775,-351,0,272,24.74,75.25,100.0
2026-05-26,6174,安碁,47.5,48.25,44.2,47.2,4802,31,0,0,4.12,95.87,100.0
2026-05-26,6175,立敦,93.5,94.0,87.1,92.7,9313,448,0,-43,21.85,78.14,100.0
2026-05-26,6176,瑞儀,108.0,108.0,104.0,105.0,6571,-1637,-29,-86,24.21,75.78,100.0
2026-05-26,6177,達麗,42.65,42.8,41.55,42.2,3594,111,-695,-2,6.33,93.66,100.0
2026-05-26,6179,亞通,25.4,25.4,24.05,24.3,1636,-507,0,-37,4.89,95.1,100.0
2026-05-26,6180,橘子,39.5,40.7,38.5,40.65,1024,-98,-4,3,23.16,76.83,100.0
2026-05-26,6182,合晶,84.4,84.4,84.4,84.4,22357,-93,231,40,18.35,81.64,100.0
2026-05-26,6183,關貿,91.5,91.5,91.0,91.4,43,0,0,-3,1.03,98.96,100.0
2026-05-26,6184,大豐電,45.9,46.0,45.85,46.0,53,20,0,0,2.8,16.19,19.0
2026-05-26,6185,幃翔,14.2,14.2,13.9,13.95,167,-14,0,0,1.91,98.08,100.0
2026-05-26,6186,新潤,39.35,40.1,39.3,40.05,1044,651,0,3,2.43,97.56,100.0
2026-05-26,6187,萬潤,1230.0,1230.0,1140.0,1155.0,2203,-757,96,1,30.75,69.24,100.0
2026-05-26,6188,廣明,87.0,88.5,84.6,85.5,2816,382,-586,7,9.3,90.69,100.0
2026-05-26,6189,豐藝,51.6,51.9,50.0,51.8,1496,617,-6,-1,8.32,91.67,100.0
2026-05-26,6190,萬泰科,80.9,81.0,77.6,78.0,6748,-868,0,-80,10.85,89.14,100.0
2026-05-26,6191,精成科,98.7,98.7,95.6,96.2,4478,-190,0,11,4.7,95.29,100.0
2026-05-26,6192,巨路,131.0,132.5,129.5,131.5,376,17,0,-5,25.52,74.47,100.0
2026-05-26,6194,育富,35.45,35.55,34.65,35.3,693,-9,0,0,2.72,97.27,100.0
2026-05-26,6195,詩肯,25.75,26.0,25.65,26.0,25,5,0,0,45.01,54.98,100.0
2026-05-26,6196,帆宣,489.0,529.0,489.0,506.0,6296,2,704,-40,17.08,82.91,100.0
2026-05-26,6197,佳必琪,277.5,287.5,272.0,279.5,7419,36,0,-133,8.43,91.56,100.0
2026-05-26,6198,瑞築,21.5,21.5,21.25,21.35,31,0,0,0,0.04,99.95,100.0
2026-05-26,6199,天品,98.5,98.8,93.5,94.1,788,12,0,-29,5.64,94.35,100.0
2026-05-26,6201,亞弘電,48.0,49.35,48.0,49.0,80,-6,0,-6,1.16,98.83,100.0
2026-05-26,6202,盛群,62.8,65.7,59.3,61.5,7317,-610,0,-4,12.43,87.56,100.0
2026-05-26,6203,海韻電,73.0,73.2,71.7,72.0,327,-9,0,-1,2.96,97.03,100.0
2026-05-26,6204,艾華,90.0,90.1,84.0,84.5,506,-49,0,0,1.21,98.78,100.0
2026-05-26,6205,詮欣,86.5,86.5,81.6,83.0,2959,-170,0,-1,1.56,98.43,100.0
2026-05-26,6206,飛捷,145.0,145.0,137.0,140.0,2852,505,-3,-43,15.18,84.81,100.0
2026-05-26,6207,雷科,105.5,108.5,104.5,108.5,23563,2942,0,-519,15.13,84.86,100.0
2026-05-26,6208,日揚,103.0,103.0,96.6,97.8,1690,-254,0,0,2.46,97.53,100.0
2026-05-26,6209,今國光,86.2,86.2,80.3,81.0,17326,556,0,-327,8.9,91.09,100.0
2026-05-26,6210,慶生,21.2,21.4,21.1,21.4,17,1,0,0,0.23,99.76,100.0
2026-05-26,6212,理銘,27.6,27.6,27.3,27.6,25,1,0,0,0.47,99.52,100.0
2026-05-26,6213,聯茂,269.5,278.0,260.5,274.5,20587,786,-167,978,11.33,88.63,100.0
2026-05-26,6214,精誠,130.0,130.0,128.0,129.5,890,148,0,-10,12.36,87.63,100.0
2026-05-26,6215,和椿,134.5,137.5,130.0,132.5,4565,788,0,-12,9.89,90.1,100.0
2026-05-26,6216,居易,22.6,23.55,22.6,22.7,409,4,0,0,2.98,97.01,100.0
2026-05-26,6217,中探針,294.5,294.5,270.5,277.0,1321,185,0,36,18.8,81.19,100.0
2026-05-26,6218,豪勉,40.65,40.7,39.0,39.3,963,131,0,0,2.28,97.71,100.0
2026-05-26,6219,富旺,11.7,12.2,11.55,11.9,344,133,0,0,1.59,98.4,100.0
2026-05-26,6220,岳豐,31.0,31.95,30.6,31.75,676,273,0,26,4.33,95.66,100.0
2026-05-26,6221,晉泰,23.55,23.55,22.8,23.3,166,38,0,0,1.18,98.81,100.0
2026-05-26,6222,立軒,21.5,21.5,20.45,20.75,33,3,0,0,0.12,99.87,100.0
2026-05-26,6223,旺矽,6425.0,6425.0,6120.0,6240.0,769,17,13,-9,29.51,70.48,100.0
2026-05-26,6224,聚鼎,83.4,83.4,80.2,82.1,1867,447,0,-1,4.29,95.7,100.0
2026-05-26,6225,天瀚,25.4,27.5,25.4,26.0,80,0,0,0,0.04,99.95,100.0
2026-05-26,6226,光鼎,13.85,13.9,13.2,13.3,2498,290,0,0,1.88,98.11,100.0
2026-05-26,6227,茂綸,131.0,131.0,123.0,125.5,1780,4,0,-30,5.87,94.12,100.0
2026-05-26,6228,全譜,21.3,21.3,21.05,21.05,35,0,0,0,0.18,99.81,100.0
2026-05-26,6229,研通,27.6,27.9,27.2,27.6,382,83,0,0,1.75,98.24,100.0
2026-05-26,6230,尼得科超眾,141.5,146.0,139.5,142.5,196,6,0,0,86.98,13.01,100.0
2026-05-26,6231,系微,302.5,303.5,289.5,302.5,824,136,0,14,13.06,86.93,100.0
2026-05-26,6233,旺玖,26.95,27.15,25.9,26.1,407,-74,0,0,5.9,94.09,100.0
2026-05-26,6234,高僑,51.6,55.3,50.5,55.3,6779,307,0,12,12.44,87.55,100.0
2026-05-26,6235,華孚,41.75,42.15,40.4,40.85,920,-168,0,0,4.41,95.58,100.0
2026-05-26,6236,中湛,0.0,0.0,0.0,0.0,0,0,0,0,0.02,99.97,100.0
2026-05-26,6237,驊訊,54.5,55.0,52.2,53.6,2383,725,0,-37,11.3,88.69,100.0
2026-05-26,6239,力成,342.0,342.0,325.5,342.0,57938,713,-90,784,34.85,65.14,100.0
2026-05-26,6240,松崗,17.45,18.0,17.4,17.75,1330,-8,0,0,0.26,99.73,100.0
2026-05-26,6241,鑫永洋,10.65,10.65,10.35,10.35,117,11,0,0,0.14,99.85,100.0
2026-05-26,6242,立康,38.4,38.4,37.85,38.1,14,-1,0,0,0.48,99.51,100.0
2026-05-26,6243,迅杰,36.25,36.35,34.6,35.05,367,-60,0,-11,3.02,96.97,100.0
2026-05-26,6244,茂迪,30.7,32.0,29.55,29.7,14878,-2840,0,-158,18.55,81.44,100.0
2026-05-26,6245,立端,90.5,91.8,89.4,90.9,1920,596,0,-23,13.5,86.49,100.0
2026-05-26,6246,臺龍,15.8,16.2,15.75,15.9,44,-3,0,0,0.18,99.81,100.0
2026-05-26,6248,沛波,19.5,19.5,18.8,18.8,137,-38,0,0,0.81,99.18,100.0
2026-05-26,6257,矽格,236.0,239.5,227.0,237.0,14407,1794,-120,-1816,29.19,70.8,100.0
2026-05-26,6259,百徽,27.05,27.5,25.5,25.85,627,24,0,1,38.88,61.11,100.0
2026-05-26,6261,久元,122.0,124.5,115.5,123.0,5707,-253,0,27,5.68,94.31,100.0
2026-05-26,6263,普萊德,186.5,186.5,183.5,185.0,243,-4,0,7,1.68,98.31,100.0
2026-05-26,6264,富裔,6.04,6.24,5.9,6.05,92,0,0,0,0.03,99.96,100.0
2026-05-26,6265,方土昶,53.4,54.4,51.0,52.9,16806,13,0,-15,10.5,89.49,100.0
2026-05-26,6266,泰詠,27.75,27.75,27.3,27.65,201,-28,0,0,2.09,97.9,100.0
2026-05-26,6269,台郡,64.9,64.9,63.1,64.2,3010,380,0,96,18.02,81.97,100.0
2026-05-26,6270,倍微,27.5,27.55,26.5,26.85,444,94,0,0,3.57,96.42,100.0
2026-05-26,6271,同欣電,247.5,260.5,242.5,260.5,24724,1267,0,78,32.56,67.43,100.0
2026-05-26,6272,驊陞,33.1,33.45,32.85,33.3,259,-67,0,0,3.6,96.39,100.0
2026-05-26,6274,台燿,1640.0,1700.0,1560.0,1580.0,9545,-1100,1406,-389,38.04,61.95,100.0
2026-05-26,6275,元山,48.5,48.5,47.5,47.85,318,-9,0,-1,2.04,97.95,100.0
2026-05-26,6276,安鈦克,27.5,28.0,27.3,27.6,70,6,0,0,1.61,98.38,100.0
2026-05-26,6277,宏正,75.7,78.6,74.6,78.0,1014,-60,0,-6,8.41,91.58,100.0
2026-05-26,6278,台表科,240.0,250.0,231.0,246.5,22110,-655,-879,116,18.08,81.91,100.0
2026-05-26,6279,胡連,119.0,119.5,116.0,117.0,995,-123,-3,3,4.39,95.6,100.0
2026-05-26,6281,全國電,50.2,50.7,50.0,50.6,168,94,0,-2,2.11,97.88,100.0
2026-05-26,6282,康舒,63.6,63.7,60.0,62.4,95828,19147,-402,-1635,22.01,77.98,100.0
2026-05-26,6283,淳安,25.15,25.55,24.35,24.5,331,-41,0,0,18.65,81.34,100.0
2026-05-26,6284,佳邦,123.0,123.0,111.0,117.5,16003,1520,0,-324,16.93,83.06,100.0
2026-05-26,6285,啟碁,302.0,308.5,290.0,304.5,21738,4957,215,100,24.33,75.66,100.0
2026-05-26,6290,良維,327.0,332.0,311.5,332.0,12257,1099,0,-94,17.12,82.87,100.0
2026-05-26,6291,沛亨,549.0,587.0,526.0,587.0,2532,139,0,58,3.53,96.46,100.0
2026-05-26,6292,迅德,57.8,57.8,54.8,56.9,514,-47,0,0,1.81,98.18,100.0
2026-05-26,6294,智基,28.0,28.4,27.8,28.4,16,-3,0,0,0.45,99.54,100.0
2026-05-26,6405,悅城,75.9,75.9,69.0,75.9,7479,-40,0,-113,4.72,95.27,100.0
2026-05-26,6407,相互,35.99,40.15,36.85,38.3,3010,-82,0,0,0.0,0.0,0.0
2026-05-26,6409,旭隼,721.0,724.0,695.0,696.0,1084,-342,-1,-15,50.66,49.33,100.0
2026-05-26,6411,晶焱,96.9,102.0,94.8,100.5,4521,295,0,246,8.7,91.29,100.0
2026-05-26,6412,群電,105.0,106.5,100.5,102.0,3535,461,-84,-6,4.61,95.38,100.0
2026-05-26,6414,樺漢,364.0,364.0,348.0,355.5,1568,85,-3,-51,34.13,65.86,100.0
2026-05-26,6415,矽力*-KY,646.0,651.0,612.0,630.0,9435,66,89,12,80.76,19.23,100.0
2026-05-26,6416,瑞祺電通,92.3,93.3,90.1,91.3,353,18,0,-2,4.93,95.06,100.0
2026-05-26,6417,韋僑,145.5,147.5,141.5,146.5,354,17,0,0,10.54,89.45,100.0
2026-05-26,6418,詠昇,30.35,30.35,29.8,29.85,181,24,0,0,3.26,96.73,100.0
2026-05-26,6419,京晨科,154.5,159.5,151.0,154.0,1104,-107,0,-3,9.33,90.66,100.0
2026-05-26,6423,億而得-創,105.0,105.0,100.0,101.0,137,-6,0,0,4.2,95.79,100.0
2026-05-26,6423,億而得,105.0,105.0,100.0,101.0,137,-6,0,0,4.2,95.79,100.0
2026-05-26,6425,易發,98.3,101.5,98.3,101.5,5851,1070,0,45,6.34,93.65,100.0
2026-05-26,6426,統新,280.0,289.5,267.0,288.5,3084,276,0,-1,9.97,90.02,100.0
2026-05-26,6428,台灣淘米,14.29,14.3,13.6,14.3,0,0,0,0,0.0,0.0,0.0
2026-05-26,6431,光麗-KY,20.7,20.75,19.4,20.5,165,-53,0,0,56.77,43.22,100.0
2026-05-26,6432,今展科,58.3,59.4,55.1,59.3,3863,357,0,0,7.25,92.74,100.0
2026-05-26,6434,達輝光電,19.91,20.5,18.6,18.6,2098,-49,0,0,0.0,0.0,0.0
2026-05-26,6435,大中,271.5,279.0,269.5,279.0,1480,237,0,-9,13.05,86.94,100.0
2026-05-26,6438,迅得,176.0,176.0,171.5,174.0,1268,19,0,-88,7.97,92.02,100.0
2026-05-26,6441,廣錠,24.15,26.4,23.45,26.4,793,23,0,0,0.88,99.11,100.0
2026-05-26,6442,光聖,2115.0,2265.0,1990.0,2265.0,7118,332,427,76,33.15,66.84,100.0
2026-05-26,6443,元晶,45.7,45.7,42.1,42.3,42054,-7566,0,-501,13.18,86.81,100.0
2026-05-26,6446,藥華藥,854.0,883.0,852.0,878.0,3667,863,19,14,24.13,75.86,100.0
2026-05-26,6449,鈺邦,312.0,352.0,290.5,352.0,1061,-61,0,5,5.86,94.13,100.0
2026-05-26,6451,訊芯-KY,600.0,633.0,556.0,632.0,9341,593,0,-59,68.38,31.61,100.0
2026-05-26,6456,GIS-KY,76.0,82.0,73.2,82.0,23937,1030,0,287,46.37,53.62,100.0
2026-05-26,6461,益得,15.5,15.8,15.5,15.7,138,26,0,0,0.6,99.39,100.0
2026-05-26,6462,神盾,158.5,160.5,141.5,146.5,7499,-1166,0,-124,22.19,77.8,100.0
2026-05-26,6464,台數科,78.0,78.0,77.5,78.0,11,4,0,0,0.76,19.22,19.99
2026-05-26,6465,威潤,50.9,52.3,50.0,50.7,394,76,0,0,2.01,97.98,100.0
2026-05-26,6467,泰合,129.16,129.0,122.0,123.0,285,0,0,0,0.0,0.0,0.0
2026-05-26,6469,大樹,71.1,71.1,70.2,70.5,300,77,0,2,4.77,95.22,100.0
2026-05-26,6470,宇智,47.6,47.8,47.35,47.8,60,-20,0,0,6.47,93.52,100.0
2026-05-26,6472,保瑞,369.5,372.5,355.0,355.5,1301,-115,0,-3,9.93,90.06,100.0
2026-05-26,6473,美賣*,9.09,9.13,8.7,8.7,182,-53,0,0,0.0,0.0,0.0
2026-05-26,6474,華豫寧,38.55,38.65,38.4,38.55,11,-4,0,0,0.1,99.89,100.0
2026-05-26,6477,安集,35.7,35.85,34.3,34.4,719,-153,0,0,2.92,97.07,100.0
2026-05-26,6482,弘煜科,29.15,29.9,28.8,28.8,33,-3,0,0,2.44,97.55,100.0
2026-05-26,6483,原創生醫,13.09,13.15,12.8,12.85,123,0,0,0,0.0,0.0,0.0
2026-05-26,6485,點序,117.5,123.5,110.0,112.5,7269,-624,0,-19,11.5,88.49,100.0
2026-05-26,6486,互動,81.6,81.7,81.0,81.3,178,21,0,0,4.03,95.96,100.0
2026-05-26,6488,環球晶,866.0,866.0,866.0,866.0,11971,-566,-84,108,25.85,74.14,100.0
2026-05-26,6491,晶碩,310.0,326.5,310.0,325.0,1502,724,0,44,11.1,88.89,100.0
2026-05-26,6492,生華科,45.1,45.2,44.5,44.6,209,27,0,0,6.37,93.62,100.0
2026-05-26,6493,雷虎生,28.76,28.8,28.2,28.6,67,0,0,0,0.0,0.0,0.0
2026-05-26,6494,九齊,58.2,59.3,56.5,57.8,273,22,0,1,10.29,89.7,100.0
2026-05-26,6496,科懋,23.6,23.7,23.55,23.7,9,1,0,0,0.31,99.68,100.0
2026-05-26,6498,久禾光,108.0,108.5,103.0,105.0,394,28,0,2,2.64,97.35,100.0
2026-05-26,6499,益安,90.9,91.0,87.0,87.8,964,5,0,0,13.03,86.96,100.0
2026-05-26,6504,南六,38.3,38.8,38.0,38.0,102,-5,0,0,0.97,99.02,100.0
2026-05-26,6505,台塑化,49.5,50.2,49.1,49.3,7903,-1087,-705,-60,5.94,94.05,100.0
2026-05-26,6506,雙邦,19.35,19.35,19.1,19.35,207,5,0,0,0.68,99.31,100.0
2026-05-26,6508,惠光,23.9,23.9,23.5,23.5,36,-2,0,0,0.9,99.09,100.0
2026-05-26,6509,聚和,52.2,52.4,50.3,51.8,4059,1036,-1,-81,11.03,88.96,100.0
2026-05-26,6510,精測,3530.0,3530.0,3370.0,3415.0,425,19,-74,7,22.34,77.65,100.0
2026-05-26,6512,啟發電,19.75,19.75,19.65,19.65,9,0,0,0,0.07,99.92,100.0
2026-05-26,6515,穎崴,8950.0,9075.0,8655.0,8905.0,318,22,-35,-2,21.34,78.65,100.0
2026-05-26,6516,勤崴國際,56.1,56.1,55.1,55.3,99,9,0,0,1.09,98.9,100.0
2026-05-26,6517,保勝光學,62.0,62.4,60.5,60.8,351,56,0,0,2.87,97.12,100.0
2026-05-26,6518,康科特,29.88,30.8,29.9,30.6,29,0,0,0,0.0,0.0,0.0
2026-05-26,6523,達爾膚,99.1,99.2,98.2,99.2,25,-3,0,0,1.48,98.51,100.0
2026-05-26,6525,捷敏-KY,125.0,134.0,124.0,134.0,4298,-529,-3,13,15.34,84.65,100.0
2026-05-26,6526,達發,755.0,755.0,695.0,696.0,2228,-101,0,-31,7.29,92.7,100.0
2026-05-26,6527,明達醫,69.6,70.0,69.6,69.8,35,-2,0,0,0.16,99.83,100.0
2026-05-26,6530,創威,115.0,119.0,109.5,117.5,2000,245,0,-11,6.07,93.92,100.0
2026-05-26,6531,愛普*,1055.0,1125.0,1045.0,1080.0,10066,-82,-92,-52,28.85,71.14,100.0
2026-05-26,6532,瑞耘,103.0,103.5,99.5,100.5,1075,132,0,1,6.32,93.67,100.0
2026-05-26,6533,晶心科,245.0,245.0,234.0,234.5,911,-139,0,-4,12.93,87.06,100.0
2026-05-26,6534,正瀚-創,95.5,96.0,93.8,95.9,311,-79,0,-7,40.83,59.16,100.0
2026-05-26,6535,順藥,127.0,127.5,124.0,125.0,180,5,0,0,5.64,94.35,100.0
2026-05-26,6536,碩豐,23.81,23.5,22.85,22.85,6,0,0,0,0.0,0.0,0.0
2026-05-26,6538,倉和,130.5,131.5,125.0,128.0,641,56,0,-3,5.14,94.85,100.0
2026-05-26,6539,麗彤,45.0,45.0,43.0,45.0,1,0,0,0,0.0,0.0,0.0
2026-05-26,6541,泰福-KY,38.0,38.55,38.0,38.25,238,74,0,4,13.84,86.15,100.0
2026-05-26,6542,隆中,45.25,47.5,45.25,47.5,2,0,0,0,18.11,81.88,100.0
2026-05-26,6543,普惠醫工,21.86,22.3,21.5,22.2,0,0,0,0,0.0,0.0,0.0
2026-05-26,6546,正基,81.6,82.0,76.1,78.1,1524,62,0,-48,9.07,90.92,100.0
2026-05-26,6547,高端疫苗,46.8,46.95,45.7,46.0,1856,-4,0,31,9.6,90.39,100.0
2026-05-26,6548,長科*,56.5,60.3,55.8,60.3,23955,7979,0,775,4.42,95.57,100.0
2026-05-26,6549,景凱,7.93,8.02,7.66,7.94,113,2,0,0,0.0,0.0,0.0
2026-05-26,6550,北極星藥業-KY,15.1,15.1,15.1,15.1,1481,33,0,0,68.43,31.56,100.0
2026-05-26,6552,易華電,34.8,37.7,33.8,36.9,2647,235,0,-6,1.71,98.28,100.0
2026-05-26,6555,榮炭,21.3,21.95,20.9,21.25,152,-11,0,0,0.0,0.0,0.0
2026-05-26,6556,勝品,71.5,71.5,70.0,70.0,13,0,0,0,0.57,99.42,100.0
2026-05-26,6558,興能高,33.25,34.35,32.2,32.65,1177,88,0,-13,1.26,98.73,100.0
2026-05-26,6559,研晶,25.37,29.6,25.95,28.0,508,5,0,0,0.0,0.0,0.0
2026-05-26,6560,欣普羅,39.7,39.7,38.4,39.15,121,-2,0,0,5.09,94.9,100.0
2026-05-26,6561,是方,360.0,362.5,353.0,353.5,166,24,-8,1,6.27,93.72,100.0
2026-05-26,6563,映智,31.61,32.1,29.45,30.35,350,0,0,0,0.0,0.0,0.0
2026-05-26,6564,安特羅,17.87,18.0,17.5,17.6,79,-2,0,0,0.0,0.0,0.0
2026-05-26,6565,物聯,20.4,20.9,19.55,20.45,140,0,0,0,0.0,0.0,0.0
2026-05-26,6568,宏觀,232.0,249.0,221.0,246.0,1228,144,0,68,7.09,92.9,100.0
2026-05-26,6569,醫揚,95.0,97.3,95.0,96.1,116,30,0,0,3.1,96.89,100.0
2026-05-26,6570,維田,65.5,65.5,65.5,65.5,844,0,0,137,1.94,98.05,100.0
2026-05-26,6572,博錸,9.01,9.31,8.37,8.71,168,0,0,0,0.0,0.0,0.0
2026-05-26,6573,虹揚-KY,13.4,14.3,13.2,13.95,351,49,0,1,54.88,45.11,100.0
2026-05-26,6574,霈方,119.0,119.0,113.0,115.0,110,-25,0,2,0.69,99.3,100.0
2026-05-26,6576,逸達,78.3,79.0,77.8,78.5,152,15,0,0,22.32,77.67,100.0
2026-05-26,6577,勁豐,80.7,81.0,80.3,80.3,60,2,0,0,1.06,98.93,100.0
2026-05-26,6578,達邦蛋白,16.95,17.7,16.95,17.35,124,-17,0,0,0.7,99.29,100.0
2026-05-26,6579,研揚,170.0,174.5,170.0,174.5,1115,341,0,13,3.77,96.22,100.0
2026-05-26,6580,台睿,15.57,15.95,15.0,15.95,109,-1,0,0,0.0,0.0,0.0
2026-05-26,6581,鋼聯,107.0,107.0,106.5,106.5,38,0,0,0,0.97,99.02,100.0
2026-05-26,6582,申豐,30.6,30.7,30.3,30.5,58,15,0,-3,12.98,87.01,100.0
2026-05-26,6583,友松,12.25,12.35,11.85,12.1,15,0,0,0,0.0,0.0,0.0
2026-05-26,6584,南俊國際,697.0,703.0,683.0,690.0,475,71,-33,-1,14.56,85.43,100.0
2026-05-26,6585,鼎基,97.4,97.4,93.9,95.7,113,3,0,0,3.44,96.55,100.0
2026-05-26,6586,醣基,68.38,68.3,66.4,67.0,612,-22,0,0,0.0,0.0,0.0
2026-05-26,6588,東典光電,133.0,135.0,127.5,134.0,1000,151,0,0,2.43,97.56,100.0
2026-05-26,6589,台康生技,42.0,42.5,40.75,41.45,1803,-762,0,0,5.8,94.19,100.0
2026-05-26,6590,普鴻,66.5,66.5,66.0,66.1,26,0,0,0,0.06,99.93,100.0
2026-05-26,6591,動力-KY,54.9,55.0,54.0,54.8,296,-52,0,-4,20.55,79.44,100.0
2026-05-26,6592,和潤企業,60.4,60.7,60.2,60.5,455,129,0,-2,26.11,73.88,100.0
2026-05-26,6593,台灣銘板,35.25,35.25,34.5,35.1,103,-13,0,0,1.5,98.49,100.0
2026-05-26,6595,光禹國際,30.95,31.75,30.3,30.3,12,-2,0,0,0.0,0.0,0.0
2026-05-26,6596,寬宏藝術,98.0,99.4,97.5,97.7,180,-6,0,1,1.53,98.46,100.0
2026-05-26,6597,立誠,74.3,74.3,72.7,72.9,18,-3,0,0,0.01,99.98,100.0
2026-05-26,6598,ABC-KY,24.5,25.1,24.4,24.85,193,58,0,0,23.76,76.23,100.0
2026-05-26,6599,普達系統,43.94,45.7,43.8,43.85,4,0,0,0,0.0,0.0,0.0
2026-05-26,6603,富強鑫,23.0,23.3,22.1,22.9,1412,-193,0,3,2.16,97.83,100.0
2026-05-26,6604,儒億,30.41,30.65,30.15,30.65,27,0,0,0,0.0,0.0,0.0
2026-05-26,6605,帝寶,129.0,131.0,129.0,129.0,270,-13,0,6,15.46,84.53,100.0
2026-05-26,6606,建德工業,25.15,25.4,24.7,25.3,149,-5,0,-6,3.29,96.7,100.0
2026-05-26,6609,瀧澤科,50.0,50.0,46.25,47.85,1958,-152,0,4,52.97,47.02,100.0
2026-05-26,6610,安成生技,28.77,29.0,27.55,28.5,231,0,0,0,0.0,0.0,0.0
2026-05-26,6612,奈米醫材,71.5,75.0,70.2,73.9,87,2,0,0,26.0,73.99,100.0
2026-05-26,6613,朋億*,275.5,283.5,274.5,277.5,438,33,-1,29,7.73,92.26,100.0
2026-05-26,6614,資拓宏宇,38.7,38.75,38.55,38.65,105,5,0,-9,0.67,99.32,100.0
2026-05-26,6615,慧智,32.75,32.8,32.65,32.65,18,-1,0,0,0.25,99.74,100.0
2026-05-26,6616,特昇-KY,9.68,9.75,9.61,9.67,34,-11,0,0,56.0,43.99,100.0
2026-05-26,6617,共信-KY,65.4,68.0,64.3,67.1,282,51,0,0,38.42,61.57,100.0
2026-05-26,6618,永虹先進,19.56,19.55,18.95,18.95,686,-22,0,0,0.0,0.0,0.0
2026-05-26,6620,漢達,72.3,73.2,70.7,72.8,326,30,0,8,24.87,75.12,100.0
2026-05-26,6621,華宇藥,12.01,12.1,11.95,12.1,58,0,0,0,0.0,0.0,0.0
2026-05-26,6622,百聿數碼,7.83,7.91,7.53,7.91,33,0,0,0,0.0,0.0,0.0
2026-05-26,6624,萬年清,41.3,42.2,40.7,40.75,219,3,0,0,0.4,99.59,100.0
2026-05-26,6625,必應,73.6,73.6,72.5,72.7,263,-15,0,-4,0.95,99.04,100.0
2026-05-26,6629,泰金-KY,117.0,120.5,116.0,118.0,260,89,0,0,76.78,23.21,100.0
2026-05-26,6634,欣耀,67.0,69.4,66.5,67.7,144,-10,0,0,0.0,0.0,0.0
2026-05-26,6637,醫影,65.7,67.3,65.7,67.0,60,25,0,0,0.29,99.7,100.0
2026-05-26,6638,沅聖,62.5,64.0,56.0,58.8,84,-5,0,0,0.0,0.0,0.0
2026-05-26,6639,源大環能,7.25,7.36,7.03,7.1,50,4,0,0,0.0,0.0,0.0
2026-05-26,6640,均華,1500.0,1510.0,1430.0,1460.0,383,-9,-17,-11,7.07,92.92,100.0
2026-05-26,6641,基士德-KY,18.45,18.55,18.35,18.35,44,2,0,-2,29.92,70.07,100.0
2026-05-26,6642,富致,90.3,90.3,84.5,85.9,1384,-34,0,0,2.0,97.99,100.0
2026-05-26,6643,M31,619.0,630.0,596.0,616.0,1139,-35,0,-28,10.94,89.05,100.0
2026-05-26,6645,金萬林-創,11.8,11.85,11.75,11.85,48,-4,0,0,0.75,99.24,100.0
2026-05-26,6648,斯其大,15.89,17.35,15.65,17.1,70,2,0,0,0.0,0.0,0.0
2026-05-26,6649,台生材,38.0,38.7,38.0,38.7,49,1,0,0,6.47,93.52,100.0
2026-05-26,6650,帝圖,28.73,29.55,28.95,29.55,2,0,0,0,0.0,0.0,0.0
2026-05-26,6651,全宇昕,147.0,162.0,144.5,157.5,1454,-24,0,7,4.4,95.59,100.0
2026-05-26,6654,天正國際,110.0,116.0,110.0,116.0,232,-9,0,0,0.6,99.39,100.0
2026-05-26,6655,科定,131.5,134.5,130.0,131.0,12,1,0,0,0.49,99.5,100.0
2026-05-26,6657,華安,38.65,39.0,38.65,38.8,195,47,0,2,7.07,92.92,100.0
2026-05-26,6658,聯策,224.5,233.0,214.0,233.0,2221,74,0,-24,6.67,93.32,100.0
2026-05-26,6659,天明製藥,21.05,21.0,19.0,20.75,252,0,0,0,0.0,0.0,0.0
2026-05-26,6661,威健生技,17.65,17.65,17.6,17.6,3,0,0,0,0.0,99.99,100.0
2026-05-26,6662,樂斯科,29.2,29.2,28.5,28.8,12,2,0,0,0.21,99.78,100.0
2026-05-26,6664,群翊,449.5,472.0,443.0,466.5,2384,440,0,67,6.99,93.0,100.0
2026-05-26,6665,康聯生醫,20.36,20.7,19.75,20.7,27,-1,0,0,0.0,0.0,0.0
2026-05-26,6666,羅麗芬-KY,39.8,39.95,39.2,39.6,33,-2,0,0,75.24,24.75,100.0
2026-05-26,6667,信紘科,264.5,269.0,262.5,267.0,900,118,0,15,8.62,91.37,100.0
2026-05-26,6668,中揚光,42.2,42.45,40.3,41.05,2469,-852,0,0,11.16,88.83,100.0
2026-05-26,6669,緯穎,5600.0,5600.0,5155.0,5280.0,2655,126,-207,-50,30.64,69.35,100.0
2026-05-26,6670,復盛應用,257.5,257.5,254.0,254.5,233,-122,-10,3,25.51,74.48,100.0
2026-05-26,6671,三能-KY,28.3,28.3,27.45,27.6,39,-5,0,-1,39.79,60.2,100.0
2026-05-26,6672,騰輝電子-KY,211.0,214.0,205.5,214.0,8369,-559,0,-23,17.68,82.31,100.0
2026-05-26,6673,和詮,19.98,20.25,19.5,20.0,441,-6,0,0,0.0,0.0,0.0
2026-05-26,6674,鋐寶科技,18.1,18.45,17.9,18.45,47,-4,0,0,0.48,99.51,100.0
2026-05-26,6676,祥翊,14.23,14.25,13.95,14.15,220,0,0,0,0.0,0.0,0.0
2026-05-26,6677,瑩碩生技,17.89,17.9,17.4,17.65,168,-5,0,0,0.0,0.0,0.0
2026-05-26,6679,鈺太,348.0,352.5,334.5,343.0,811,143,29,-25,10.15,89.84,100.0
2026-05-26,6680,鑫創電子,57.0,57.6,55.6,57.6,3,0,0,0,0.2,99.79,100.0
2026-05-26,6682,華旭先進,59.92,62.9,58.1,60.9,3494,73,0,0,0.0,0.0,0.0
2026-05-26,6683,雍智科技,1890.0,1925.0,1780.0,1800.0,1755,-103,-80,0,14.94,85.05,100.0
2026-05-26,6684,安格,48.8,49.65,46.9,47.3,408,-92,0,0,5.55,94.44,100.0
2026-05-26,6689,伊雲谷,67.9,67.9,66.9,67.2,188,2,0,-1,4.62,95.37,100.0
2026-05-26,6690,安碁資訊,171.5,172.0,168.5,170.0,54,-1,0,0,3.72,96.27,100.0
2026-05-26,6691,洋基工程,647.0,666.0,647.0,650.0,959,331,0,10,15.83,84.16,100.0
2026-05-26,6692,進能服,27.75,27.85,27.55,27.55,57,1,0,0,0.46,99.53,100.0
2026-05-26,6693,廣閎科,148.0,157.5,146.0,157.5,1369,330,-60,42,12.8,87.19,100.0
2026-05-26,6695,芯鼎,66.8,68.4,63.5,64.0,12381,213,0,-156,5.38,94.61,100.0
2026-05-26,6696,仁新,385.64,390.0,373.5,380.5,689,0,0,0,0.0,0.0,0.0
2026-05-26,6697,東捷資訊,43.1,43.1,41.75,41.95,48,-13,0,0,0.89,99.1,100.0
2026-05-26,6698,旭暉應材,34.8,34.8,33.2,34.45,450,55,0,0,3.17,96.82,100.0
2026-05-26,6703,軒郁,110.5,110.5,109.5,110.5,72,-2,0,0,13.57,86.42,100.0
2026-05-26,6704,國璽幹細胞,20.91,21.5,20.6,20.8,135,0,0,0,0.0,0.0,0.0
2026-05-26,6705,振躍精密,96.45,95.5,89.7,93.1,96,-3,0,0,0.0,0.0,0.0
2026-05-26,6706,惠特,182.0,197.0,179.5,197.0,14579,1259,1678,95,12.58,87.41,100.0
2026-05-26,6707,富基電通,34.36,36.95,34.9,36.95,555,10,0,0,0.0,0.0,0.0
2026-05-26,6708,天擎,40.95,40.95,40.5,40.5,26,-2,0,0,3.14,96.85,100.0
2026-05-26,6709,昱厚生技,26.09,26.5,25.85,26.0,12,0,0,0,0.0,0.0,0.0
2026-05-26,6712,長聖,133.0,133.0,130.5,131.5,335,-59,0,0,3.37,96.62,100.0
2026-05-26,6715,嘉基,454.5,481.5,450.0,479.5,557,-11,0,5,3.22,96.77,100.0
2026-05-26,6716,應廣,106.5,115.5,105.0,107.0,2627,186,0,0,4.7,95.29,100.0
2026-05-26,6719,力智,276.5,280.0,255.0,273.5,8205,-1225,0,50,5.97,94.02,100.0
2026-05-26,6720,久昌,158.5,158.5,151.0,151.0,67,-18,0,-1,0.95,99.04,100.0
2026-05-26,6721,信實,0.0,0.0,0.0,0.0,0,0,0,0,0.0,100.0,100.0
2026-05-26,6722,輝創,37.75,38.1,37.75,38.0,66,33,0,-5,2.55,97.44,100.0
2026-05-26,6723,傑智環境,39.72,40.6,38.25,40.6,33,2,0,0,0.0,0.0,0.0
2026-05-26,6725,矽科宏晟,333.0,348.0,323.0,346.0,847,-48,0,27,4.07,95.92,100.0
2026-05-26,6727,亞泰金屬,697.0,697.0,620.0,651.0,2991,208,0,-7,15.36,84.63,100.0
2026-05-26,6728,上洋,108.5,109.0,108.0,108.5,49,-10,0,0,0.64,99.35,100.0
2026-05-26,6729,機光科技,53.47,64.0,54.5,61.9,419,31,0,0,0.0,0.0,0.0
2026-05-26,6730,常廣,36.5,36.95,35.95,36.2,106,0,0,0,0.03,99.96,100.0
2026-05-26,6732,昇佳電子,182.5,185.5,179.5,183.5,394,85,0,-1,5.4,94.59,100.0
2026-05-26,6733,博晟生醫,27.3,27.35,26.8,26.85,317,-13,0,0,1.23,98.76,100.0
2026-05-26,6734,安盛生,6.58,7.35,6.19,7.05,162,0,0,0,0.0,0.0,0.0
2026-05-26,6735,美達科技,112.0,116.0,109.0,115.0,1117,-41,0,0,2.51,97.48,100.0
2026-05-26,6737,秀育,33.53,33.95,32.85,33.95,20,1,0,0,0.0,0.0,0.0
2026-05-26,6738,鼎恒,66.54,68.1,64.5,68.0,207,-5,0,0,0.0,0.0,0.0
2026-05-26,6739,竹陞科技,1390.0,1405.0,1340.0,1360.0,418,-58,0,0,1.61,98.38,100.0
2026-05-26,6741,91APP*-KY,62.0,63.7,61.5,63.7,505,-57,0,0,41.97,58.02,100.0
2026-05-26,6742,澤米,59.6,60.5,59.1,59.6,902,61,0,1,2.02,97.97,100.0
2026-05-26,6743,安普新,29.15,29.45,28.85,29.15,405,0,0,-8,3.78,96.21,100.0
2026-05-26,6744,豐技生技,16.72,16.6,16.6,16.6,3,0,0,0,0.0,0.0,0.0
2026-05-26,6748,亞果生醫,70.57,71.7,69.2,70.5,306,-3,0,0,0.0,0.0,0.0
2026-05-26,6750,泰創工程,70.48,73.0,68.9,71.3,846,-8,0,0,0.0,0.0,0.0
2026-05-26,6751,智聯服務,47.55,47.85,47.45,47.5,13,2,0,0,0.72,99.27,100.0
2026-05-26,6752,叡揚,97.0,99.8,97.0,99.0,30,8,0,0,2.62,97.37,100.0
2026-05-26,6753,龍德造船,124.5,125.5,122.5,123.0,1185,-407,0,30,2.55,6.94,9.5
2026-05-26,6754,匯僑設計,44.2,44.4,43.9,44.15,20,-2,0,-1,15.46,84.53,100.0
2026-05-26,6755,連鋐科技,19.92,20.5,19.0,19.4,178,-5,0,0,0.0,0.0,0.0
2026-05-26,6756,威鋒電子,112.5,112.5,104.5,107.0,748,-63,0,-3,3.19,96.8,100.0
2026-05-26,6757,台灣虎航-創,54.8,55.4,54.1,55.2,1664,518,0,26,1.73,48.25,49.99
2026-05-26,6757,台灣虎航,54.8,55.4,54.1,55.2,1664,518,0,26,1.73,48.25,49.99
2026-05-26,6758,冠亞,30.05,30.0,29.05,29.05,8,0,0,0,0.0,0.0,0.0
2026-05-26,6761,穩得,221.0,230.0,218.5,230.0,3166,763,0,34,6.68,93.31,100.0
2026-05-26,6762,達亞,189.0,189.0,180.0,180.0,7,0,0,0,5.86,94.13,100.0
2026-05-26,6763,綠界科技,44.55,44.9,43.75,43.85,521,-17,0,0,3.55,96.44,100.0
2026-05-26,6763,綠界科技*,44.55,44.9,43.75,43.85,521,-17,0,0,3.55,96.44,100.0
2026-05-26,6767,台微醫,26.35,26.8,26.35,26.8,6,1,0,0,0.22,99.77,100.0
2026-05-26,6768,志強-KY,84.0,84.8,82.9,84.2,424,-50,-3,1,56.99,43.0,100.0
2026-05-26,6770,力積電,69.9,73.6,68.0,70.8,354361,59832,302,983,16.69,83.3,100.0
2026-05-26,6771,平和環保-創,41.4,41.65,41.3,41.45,64,14,0,-2,0.54,99.45,100.0
2026-05-26,6775,穎台科技,43.93,43.45,39.85,40.05,2096,-16,0,0,0.0,0.0,0.0
2026-05-26,6776,展碁國際,58.8,60.2,58.2,59.2,610,94,0,-1,2.06,97.93,100.0
2026-05-26,6780,學習王,40.14,0.0,0.0,0.0,0,0,0,0,0.0,0.0,0.0
2026-05-26,6781,AES-KY,1270.0,1315.0,1235.0,1245.0,2030,45,0,-20,68.24,31.75,100.0
2026-05-26,6782,視陽,192.0,195.0,192.0,194.0,374,29,0,6,7.75,92.24,100.0
2026-05-26,6784,天凱科技,26.06,30.4,26.55,28.0,145,4,0,0,0.0,0.0,0.0
2026-05-26,6785,昱展新藥,127.5,129.5,125.5,126.0,82,-40,0,0,8.08,91.91,100.0
2026-05-26,6786,芯測,95.04,95.0,89.0,91.0,397,1,0,0,0.0,0.0,0.0
2026-05-26,6787,晶瑞光,34.56,35.0,33.65,34.1,544,-5,0,0,0.0,0.0,0.0
2026-05-26,6788,華景電,429.5,434.5,422.5,427.0,668,53,-15,-7,10.87,89.12,100.0
2026-05-26,6789,采鈺,576.0,576.0,551.0,556.0,3580,509,-8,-2,3.51,96.48,100.0
2026-05-26,6790,永豐實,39.0,39.3,39.0,39.25,236,51,0,0,1.86,98.13,100.0
2026-05-26,6791,虎門科技,112.0,113.5,111.5,112.0,48,9,0,0,11.82,88.17,100.0
2026-05-26,6792,詠業,69.9,69.9,66.6,67.2,193,38,0,-2,1.91,98.08,100.0
2026-05-26,6793,天力離岸,4.99,5.18,4.82,5.0,356,-2,0,0,0.0,0.0,0.0
2026-05-26,6794,向榮生技-創,80.0,80.0,78.5,78.7,30,-3,0,-1,0.35,99.64,100.0
2026-05-26,6794,向榮生技,80.0,80.0,78.5,78.7,30,-3,0,-1,0.35,99.64,100.0
2026-05-26,6796,晉弘,61.5,63.4,60.9,61.4,151,51,0,2,15.46,84.53,100.0
2026-05-26,6797,圓點奈米,15.13,15.0,14.25,14.7,62,2,0,0,0.0,0.0,0.0
2026-05-26,6798,展逸,50.09,50.2,49.8,50.0,6,0,0,0,0.0,0.0,0.0
2026-05-26,6799,來頡,103.5,111.0,100.5,111.0,3407,161,0,29,10.6,89.39,100.0
2026-05-26,6803,崑鼎,286.5,287.0,286.0,286.0,60,-20,0,-5,3.21,96.78,100.0
2026-05-26,6804,明係,16.65,16.65,16.45,16.5,50,0,0,0,4.2,95.79,100.0
2026-05-26,6805,富世達,1750.0,1820.0,1705.0,1785.0,2439,798,-279,33,17.81,82.18,100.0
2026-05-26,6806,森崴能源,7.52,7.52,7.52,7.52,301,5,0,0,2.65,97.34,100.0
2026-05-26,6807,峰源-KY,33.5,33.5,32.85,33.1,17,0,0,0,43.53,56.46,100.0
2026-05-26,6808,三鼎生技,29.26,30.35,29.05,30.35,164,9,0,0,0.0,0.0,0.0
2026-05-26,6810,新穎生醫,29.89,30.15,29.0,29.85,133,0,0,0,0.0,0.0,0.0
2026-05-26,6811,宏碁資訊,220.0,220.0,214.5,214.5,106,11,0,0,1.96,98.03,100.0
2026-05-26,6812,梭特,70.25,70.9,67.3,70.9,195,0,0,0,0.0,0.0,0.0
2026-05-26,6814,路迦生醫,25.0,25.0,23.8,25.0,6,1,0,0,0.0,0.0,0.0
2026-05-26,6815,晶鑽生醫,31.63,32.9,31.0,32.75,45,-2,0,0,0.0,0.0,0.0
2026-05-26,6816,捷智商訊,39.28,0.0,0.0,0.0,0,0,0,0,0.0,0.0,0.0
2026-05-26,6817,溫士頓,61.97,62.5,59.7,61.7,8,0,0,0,0.0,0.0,0.0
2026-05-26,6818,連騰,59.96,62.2,58.0,61.1,151,-9,0,0,0.0,0.0,0.0
2026-05-26,6819,眾智,57.51,57.9,53.0,53.0,301,2,0,0,0.0,0.0,0.0
2026-05-26,6820,連訊,303.6,298.0,275.5,286.5,79,-3,0,0,0.0,0.0,0.0
2026-05-26,6821,聯寶,62.9,69.4,58.9,69.4,6257,356,0,-27,2.38,97.61,100.0
2026-05-26,6823,濾能,80.8,82.3,80.2,80.6,166,4,0,-7,24.99,75.0,100.0
2026-05-26,6825,和暢科技,43.92,44.8,43.0,43.15,11,0,0,0,0.0,0.0,0.0
2026-05-26,6826,和淞,578.76,585.0,564.0,571.0,280,-3,0,0,0.0,0.0,0.0
2026-05-26,6827,巨生醫,13.65,13.7,12.9,13.6,136,-5,0,0,0.0,0.0,0.0
2026-05-26,6829,千附精密,226.5,229.0,217.5,217.5,479,-32,0,9,2.54,97.45,100.0
2026-05-26,6830,汎銓,819.0,822.0,765.0,778.0,3599,-520,0,-33,4.82,95.17,100.0
2026-05-26,6831,邁科,795.0,821.0,790.0,820.0,411,49,-4,10,15.22,84.77,100.0
2026-05-26,6832,金鼎科,99.12,100.0,88.4,97.0,174,-1,0,0,0.0,0.0,0.0
2026-05-26,6833,太康精密,26.08,26.35,25.3,26.1,18,0,0,0,0.0,0.0,0.0
2026-05-26,6834,天二科技,76.4,82.7,72.0,81.9,2886,-47,0,12,14.53,85.46,100.0
2026-05-26,6835,圓裕,38.15,38.65,37.7,38.25,256,19,0,0,6.46,93.53,100.0
2026-05-26,6838,台新藥,25.65,25.65,25.25,25.55,118,8,0,1,1.27,98.72,100.0
2026-05-26,6839,開陽能源,11.71,12.0,11.5,11.95,20,0,0,0,0.0,0.0,0.0
2026-05-26,6840,東研信超,62.9,63.2,62.2,63.1,117,20,0,0,3.88,96.11,100.0
2026-05-26,6841,長佳智能,58.2,58.3,57.3,57.5,341,52,0,0,3.0,96.99,100.0
2026-05-26,6842,瑞宇,103.86,106.0,101.0,104.5,213,1,0,0,0.0,0.0,0.0
2026-05-26,6843,進典,42.15,45.0,42.15,42.7,21,-3,0,0,0.2,99.79,100.0
2026-05-26,6844,諾貝兒,65.4,66.0,65.0,66.0,32,1,0,0,0.03,99.96,100.0
2026-05-26,6846,綠茵,68.3,68.6,67.8,68.4,38,-6,0,0,0.16,99.83,100.0
2026-05-26,6847,普瑞博,67.33,66.5,65.2,66.1,29,0,0,0,0.0,0.0,0.0
2026-05-26,6848,拉法醫,19.09,19.65,19.05,19.6,14,0,0,0,0.0,0.0,0.0
2026-05-26,6849,奇鼎科技,229.02,231.0,218.0,224.0,196,0,0,0,0.0,0.0,0.0
2026-05-26,6850,光鼎生技,35.14,35.5,34.6,35.2,21,0,0,0,0.0,0.0,0.0
2026-05-26,6854,錼創科技-KY創,173.0,175.0,156.0,160.0,2051,114,0,8,32.94,67.05,100.0
2026-05-26,6855,數泓科,103.0,112.0,103.0,111.0,40,-4,0,0,0.2,99.79,100.0
2026-05-26,6856,鑫傳,0.0,0.0,0.0,0.0,0,0,0,0,0.0,49.98,49.99
2026-05-26,6857,宏碁智醫,95.98,94.5,94.5,94.5,1,0,0,0,0.0,0.0,0.0
2026-05-26,6858,愛比科技,27.27,25.7,24.45,25.4,36,0,0,0,0.0,0.0,0.0
2026-05-26,6859,伯特光,119.0,123.5,117.0,123.5,148,39,0,0,13.81,86.18,100.0
2026-05-26,6861,睿生光電,410.5,463.5,403.0,449.5,2660,324,0,5,2.01,97.98,100.0
2026-05-26,6862,三集瑞-KY,188.5,188.5,173.0,181.5,1101,109,0,-10,66.17,33.82,100.0
2026-05-26,6863,永道-KY,112.0,112.5,110.0,112.0,115,-10,0,-4,69.61,30.38,100.0
2026-05-26,6864,元樟生技,54.64,55.6,54.0,55.2,6,0,0,0,0.0,0.0,0.0
2026-05-26,6865,偉康科技,28.0,28.0,25.35,27.8,109,1,0,0,0.23,99.76,100.0
2026-05-26,6867,坦德科技,21.19,21.2,20.45,20.95,42,0,0,0,0.0,0.0,0.0
2026-05-26,6868,采威國際,29.67,35.75,31.15,35.55,83,0,0,0,0.0,0.0,0.0
2026-05-26,6869,雲豹能源-創,83.7,85.9,83.6,83.8,907,79,0,11,2.38,97.61,100.0
2026-05-26,6869,雲豹能源,83.7,85.9,83.6,83.8,907,79,0,11,2.38,97.61,100.0
2026-05-26,6870,騰雲,234.0,239.0,225.0,233.0,157,10,0,0,0.93,99.06,100.0
2026-05-26,6872,浩宇生醫,18.6,18.6,18.05,18.1,27,-1,0,0,0.36,99.63,100.0
2026-05-26,6873,泓德能源-創,89.0,92.6,89.0,89.7,747,39,0,4,7.98,92.01,100.0
2026-05-26,6873,泓德能源,89.0,92.6,89.0,89.7,747,39,0,4,7.98,92.01,100.0
2026-05-26,6874,倍力,81.1,81.1,78.8,79.5,40,-10,0,0,0.65,99.34,100.0
2026-05-26,6875,國邑*,38.5,38.5,37.2,38.05,104,-13,0,0,1.84,98.15,100.0
2026-05-26,6876,朗齊生醫*,19.13,19.3,18.6,19.1,210,0,0,0,0.0,0.0,0.0
2026-05-26,6877,鏵友益,160.0,176.5,156.5,176.5,1003,-67,0,27,4.49,95.5,100.0
2026-05-26,6878,歐付寶,9.96,10.0,10.0,10.0,0,0,0,0,0.0,0.0,0.0
2026-05-26,6879,大江基因,36.62,36.65,36.0,36.65,20,0,0,0,0.0,0.0,0.0
2026-05-26,6881,潤德,268.0,268.0,268.0,268.0,3,0,0,0,0.1,99.89,100.0
2026-05-26,6882,甲尚,19.58,19.9,18.95,19.0,74,3,0,0,0.0,0.0,0.0
2026-05-26,6883,微電能源,17.73,17.7,15.5,15.8,112,0,0,0,0.0,0.0,0.0
2026-05-26,6884,海柏特,33.1,33.35,33.1,33.35,3,0,0,0,5.55,94.44,100.0
2026-05-26,6885,全福生技,21.6,21.9,21.4,21.5,281,69,0,-6,3.07,96.92,100.0
2026-05-26,6886,遠東生技,48.32,48.7,46.5,48.7,1,0,0,0,0.0,0.0,0.0
2026-05-26,6887,寶綠特-KY,31.7,32.6,31.7,31.9,81,21,0,0,53.26,46.73,100.0
2026-05-26,6890,來億-KY,170.5,173.0,168.0,169.0,380,-7,0,5,87.58,12.41,100.0
2026-05-26,6891,樂迦再生,54.07,62.0,55.8,58.2,1393,-60,0,0,0.0,0.0,0.0
2026-05-26,6892,台寶生醫,28.31,29.3,28.0,28.35,383,-2,0,0,0.0,0.0,0.0
2026-05-26,6894,衛司特,375.0,386.5,368.0,376.0,176,-5,0,0,2.83,97.16,100.0
2026-05-26,6895,宏碩系統,155.5,155.5,152.5,152.5,65,1,0,-1,4.48,95.51,100.0
2026-05-26,6898,程曦資訊,100.48,102.0,100.0,102.0,40,1,0,0,0.0,0.0,0.0
2026-05-26,6899,創為精密,64.1,64.6,61.1,61.3,185,-11,0,0,5.08,94.91,100.0
2026-05-26,6901,鑽石投資,13.3,13.3,12.7,12.8,2695,-721,0,15,0.38,99.61,100.0
2026-05-26,6902,GOGOLOOK-創,137.5,148.5,137.0,141.0,546,4,0,0,3.5,96.49,100.0
2026-05-26,6902,GOGOLOOK,137.5,148.5,137.0,141.0,546,4,0,0,3.5,96.49,100.0
2026-05-26,6903,巨漢,420.0,445.5,418.5,434.0,2453,816,0,24,4.47,95.52,100.0
2026-05-26,6904,伯鑫,117.0,117.0,117.0,117.0,2,-1,0,0,0.06,99.93,100.0
2026-05-26,6906,現觀科,97.0,101.5,97.0,101.5,977,-72,0,-1,7.26,92.73,100.0
2026-05-26,6907,雅特力-KY,124.5,126.0,119.0,121.5,954,20,0,0,52.17,47.82,100.0
2026-05-26,6908,宏碁遊戲-創,38.65,39.0,38.65,38.8,16,5,0,-2,0.61,99.38,100.0
2026-05-26,6909,創控,54.9,56.4,53.2,55.2,953,96,0,0,8.65,91.34,100.0
2026-05-26,6910,德鴻,28.05,28.05,27.55,27.55,9,-1,0,0,4.74,95.25,100.0
2026-05-26,6911,群運,31.91,32.0,31.75,31.9,81,-3,0,0,0.0,0.0,0.0
2026-05-26,6912,益鈞環科*,14.92,15.05,14.0,14.0,387,0,0,0,0.0,0.0,0.0
2026-05-26,6913,鴻呈,144.0,152.0,144.0,149.0,2000,107,0,44,2.88,97.11,100.0
2026-05-26,6914,阜爾運通,141.5,141.5,140.5,141.0,83,-14,0,0,2.1,97.89,100.0
2026-05-26,6915,美強光,67.2,70.8,67.3,70.3,48,0,0,0,0.0,0.0,0.0
2026-05-26,6916,華凌,19.05,19.1,18.0,18.0,65,0,0,-1,0.5,99.49,100.0
2026-05-26,6917,竟天,34.48,34.7,33.65,33.8,335,0,0,0,0.0,0.0,0.0
2026-05-26,6918,愛派司,73.8,73.8,73.1,73.5,33,-9,0,-2,0.75,99.24,100.0
2026-05-26,6919,康霈*,110.0,110.0,102.0,102.5,5982,-1403,-12,-38,12.77,87.22,100.0
2026-05-26,6920,恆勁科技,115.68,140.0,117.5,130.0,10017,-32,0,0,0.0,0.0,0.0
2026-05-26,6921,嘉雨思-創,78.9,78.9,75.2,77.0,44,-18,0,0,29.62,70.37,100.0
2026-05-26,6922,宸曜,192.0,195.0,189.0,193.5,165,2,0,5,1.76,98.23,100.0
2026-05-26,6923,中台,78.6,79.3,78.1,78.8,203,76,0,0,1.35,98.64,100.0
2026-05-26,6924,榮惠-KY創,163.0,163.0,156.5,161.0,68,0,0,-3,76.91,23.08,100.0
2026-05-26,6925,意藍,60.5,60.5,57.7,57.7,61,-9,0,0,3.78,96.21,100.0
2026-05-26,6926,聖安生醫,63.12,64.8,62.1,64.8,2,0,0,0,0.0,0.0,0.0
2026-05-26,6927,聯合聚晶,60.48,60.9,59.6,60.8,40,-2,0,0,0.0,0.0,0.0
2026-05-26,6928,攸泰科技,47.0,47.0,46.25,46.75,85,-9,0,0,0.49,99.5,100.0
2026-05-26,6929,佑全,22.5,22.5,21.7,22.0,12,0,0,0,0.01,99.98,100.0
2026-05-26,6931,青松健康,40.0,40.15,39.7,40.0,89,18,0,0,0.56,99.43,100.0
2026-05-26,6932,水星生醫*,6.85,6.99,6.79,6.94,149,0,0,0,0.0,0.0,0.0
2026-05-26,6933,AMAX-KY,169.5,169.5,162.5,165.5,180,-4,0,0,28.23,71.76,100.0
2026-05-26,6934,心誠鎂,75.8,75.8,71.7,75.4,101,0,0,0,12.39,87.6,100.0
2026-05-26,6935,王子製藥,30.06,30.0,29.8,29.8,22,0,0,0,0.0,0.0,0.0
2026-05-26,6936,永鴻生技,33.5,33.5,33.0,33.0,105,-4,0,0,0.47,99.52,100.0
2026-05-26,6937,天虹,355.0,355.0,337.5,337.5,1480,84,0,-26,3.64,96.35,100.0
2026-05-26,6938,藍新資訊,96.26,101.5,95.6,100.0,33,0,0,0,0.0,0.0,0.0
2026-05-26,6939,啟弘生技,20.54,20.7,20.0,20.1,57,3,0,0,0.0,0.0,0.0
2026-05-26,6940,格斯科技*,22.71,24.05,22.65,23.9,2206,117,0,0,0.0,0.0,0.0
2026-05-26,6944,兆聯實業,936.0,979.0,935.0,951.0,889,144,0,13,13.59,86.4,100.0
2026-05-26,6945,圓祥生技,135.09,151.5,128.5,145.0,689,0,0,0,0.0,0.0,0.0
2026-05-26,6946,三地能源,10.96,11.5,10.7,11.35,174,0,0,0,0.0,0.0,0.0
2026-05-26,6947,台鎔科技,79.88,81.2,79.2,79.6,426,0,0,0,0.0,0.0,0.0
2026-05-26,6949,沛爾生醫-創,657.0,670.0,649.0,668.0,65,18,0,-1,2.15,97.84,100.0
2026-05-26,6951,青新-創,81.0,81.4,80.5,81.0,25,-1,0,0,1.86,98.13,100.0
2026-05-26,6952,大武山,36.5,36.65,36.2,36.5,36,-1,0,0,0.35,99.64,100.0
2026-05-26,6953,家碩,269.5,269.5,262.5,262.5,111,6,0,0,1.05,98.94,100.0
2026-05-26,6955,邦睿生技-創,151.5,151.5,151.0,151.5,3,1,0,-1,17.71,82.28,100.0
2026-05-26,6957,裕慶-KY,160.0,160.0,157.0,159.5,83,-10,0,0,6.24,93.75,100.0
2026-05-26,6958,日盛台駿,17.05,17.15,16.7,17.1,61,-5,0,0,0.42,99.57,100.0
2026-05-26,6959,兆捷科技,120.37,122.5,119.5,121.5,200,0,0,0,0.0,0.0,0.0
2026-05-26,6961,旅天下,58.5,58.5,58.3,58.5,55,-2,0,0,0.46,99.53,100.0
2026-05-26,6962,奕力-KY,39.35,39.8,38.5,38.7,5976,-1429,0,53,41.7,58.29,100.0
2026-05-26,6963,品元,25.8,0.0,0.0,0.0,0,0,0,0,0.0,0.0,0.0
2026-05-26,6965,中傑-KY,76.0,76.0,75.4,76.0,25,-7,0,0,77.23,22.76,100.0
2026-05-26,6967,汎瑋材料,74.0,74.0,72.3,72.9,101,6,0,0,2.44,97.55,100.0
2026-05-26,6968,萬達寵物,43.6,43.6,42.85,42.9,130,4,0,0,1.11,98.88,100.0
2026-05-26,6969,成信實業*-創,28.5,28.55,27.6,28.0,118,-31,0,-6,0.38,99.61,100.0
2026-05-26,6971,惠民實業,27.5,27.85,27.05,27.5,85,25,0,0,0.36,99.63,100.0
2026-05-26,6972,博瑞達應材,24.05,24.45,22.8,23.9,14,0,0,0,0.0,0.0,0.0
2026-05-26,6973,永立榮,34.37,34.15,32.85,33.5,54,0,0,0,0.0,0.0,0.0
2026-05-26,6976,育世博-KY,13.06,13.2,12.8,12.85,642,0,0,0,0.0,0.0,0.0
2026-05-26,6977,聯純,298.89,305.0,298.0,300.5,61,0,0,0,0.0,0.0,0.0
2026-05-26,6979,勝釩,235.89,247.5,227.5,238.5,41,0,0,0,0.0,0.0,0.0
2026-05-26,6980,鐳洋科技,180.45,182.0,169.5,174.5,179,0,0,0,0.0,0.0,0.0
2026-05-26,6982,大井泵浦,56.9,59.8,55.8,57.0,198,-1,0,0,1.28,98.71,100.0
2026-05-26,6983,華洋精機,385.5,520.0,385.5,472.0,797,50,0,5,0.3,99.69,100.0
2026-05-26,6984,ACpay,15.94,18.15,16.0,18.0,50,6,0,0,0.0,0.0,0.0
2026-05-26,6986,和迅,59.85,60.4,59.7,60.2,103,-15,0,0,0.0,0.0,0.0
2026-05-26,6987,寶晶能源*,19.71,20.1,19.9,20.0,128,0,0,0,0.0,0.0,0.0
2026-05-26,6988,威力暘-創,16.65,17.0,16.5,16.55,49,5,0,-2,3.82,96.17,100.0
2026-05-26,6990,華鉬,149.15,175.0,143.0,154.5,759,-7,0,0,0.0,0.0,0.0
2026-05-26,6994,富威電力,55.3,56.6,54.9,56.4,506,-27,0,-1,1.06,98.93,100.0
2026-05-26,6995,野獸國,46.9,47.9,46.7,47.9,16,0,0,0,0.0,0.0,0.0
2026-05-26,6996,力領科技,190.0,192.5,188.0,191.5,230,100,0,0,3.27,96.72,100.0
2026-05-26,6997,博弘,70.8,70.8,66.4,66.4,14,1,0,0,20.13,79.86,100.0
2026-05-26,6999,瀚醫生技,31.0,31.05,31.0,31.05,6,0,0,0,0.0,0.0,0.0
2026-05-26,7402,邑錡,99.8,103.5,98.4,98.6,524,2,0,0,11.14,88.85,100.0
2026-05-26,7419,達勝,105.87,133.0,114.0,123.0,1163,-33,0,0,0.0,0.0,0.0
2026-05-26,7427,華上生醫,39.5,39.65,39.0,39.5,250,0,0,0,0.0,0.0,0.0
2026-05-26,7443,凡事康,9.48,9.7,9.22,9.7,23,0,0,0,0.0,0.0,0.0
2026-05-26,7455,樺緯物聯,61.83,62.4,62.4,62.4,0,0,0,0,0.0,0.0,0.0
2026-05-26,7507,環拓科技,23.03,23.0,22.4,22.5,66,0,0,0,0.0,0.0,0.0
2026-05-26,7516,清淨海,9.45,9.5,9.1,9.36,47,0,0,0,0.0,0.0,0.0
2026-05-26,7530,鋒魁科技,44.64,45.35,44.05,44.15,428,-1,0,0,0.0,0.0,0.0
2026-05-26,7547,碩網,68.0,68.1,62.1,64.6,394,83,0,0,24.6,75.39,100.0
2026-05-26,7551,知識科技,13.28,13.1,12.55,13.1,15,0,0,0,0.0,0.0,0.0
2026-05-26,7556,意德士,295.0,301.5,286.0,293.0,185,28,0,0,3.67,96.32,100.0
2026-05-26,7558,群利科技,20.42,20.95,19.95,20.45,72,2,0,0,0.0,0.0,0.0
2026-05-26,7561,光晟生技,18.86,19.05,18.1,18.6,27,0,0,0,0.0,0.0,0.0
2026-05-26,7562,博來科技,52.45,57.4,54.0,55.9,68,0,0,0,0.0,0.0,0.0
2026-05-26,7566,亞果遊艇,13.01,13.25,12.9,13.15,206,8,0,0,0.0,0.0,0.0
2026-05-26,7575,安美得,20.12,20.1,19.6,19.7,31,-3,0,0,0.0,0.0,0.0
2026-05-26,7578,利百景,34.53,34.65,33.15,33.8,77,-11,0,0,0.0,0.0,0.0
2026-05-26,7583,國際海洋,45.74,43.0,38.75,40.3,48,1,0,0,0.0,0.0,0.0
2026-05-26,7584,樂意,27.25,27.25,24.65,24.9,68,-1,0,0,19.57,80.42,100.0
2026-05-26,7590,怡和國際,23.47,24.1,22.1,23.0,551,8,0,0,0.0,0.0,0.0
2026-05-26,7595,世基生醫,9.1,9.4,8.95,9.4,12,0,0,0,0.0,0.0,0.0
2026-05-26,7607,通用幹細胞*,13.15,13.15,12.85,13.0,55,0,0,0,0.0,0.0,0.0
2026-05-26,7610,聯友金屬-創,1300.0,1300.0,1240.0,1260.0,153,15,0,0,13.0,86.99,100.0
2026-05-26,7631,聚賢研發-創,126.0,127.5,125.0,127.5,32,8,0,0,0.65,99.34,100.0
2026-05-26,7642,昶瑞機電,68.3,68.3,66.5,68.0,28,5,0,0,0.41,99.58,100.0
2026-05-26,7669,碩正科技,755.29,789.0,731.0,762.0,174,0,0,0,0.0,0.0,0.0
2026-05-26,7689,大鵬科CLMX,250.7,256.0,244.5,250.0,32,0,0,0,0.0,0.0,0.0
2026-05-26,7702,前端風電,20.82,20.6,18.75,18.8,96,0,0,0,0.0,0.0,0.0
2026-05-26,7703,銳澤,217.5,220.0,214.5,217.0,215,-10,0,0,2.62,97.37,100.0
2026-05-26,7704,明遠精密,70.9,71.4,67.4,67.7,398,-30,0,0,1.01,98.98,100.0
2026-05-26,7705,三商餐飲,31.2,31.25,31.2,31.2,25,2,0,-2,1.44,98.55,100.0
2026-05-26,7706,宏碁創達,40.0,0.0,0.0,0.0,0,0,0,0,0.0,0.0,0.0
2026-05-26,7707,益芯科,161.98,163.5,155.5,158.5,164,0,0,0,0.0,0.0,0.0
2026-05-26,7708,全家餐飲,91.5,92.4,91.5,92.4,18,0,0,0,0.4,99.59,100.0
2026-05-26,7709,榮田,91.3,93.7,90.3,91.7,426,23,0,0,1.69,98.3,100.0
2026-05-26,7710,東擎科技,260.0,257.0,249.5,257.0,8,0,0,0,0.0,0.0,0.0
2026-05-26,7711,永擎,398.0,400.0,386.5,389.0,555,19,0,0,1.2,98.79,100.0
2026-05-26,7712,博盛半導體,168.5,184.0,166.5,184.0,2164,-4,0,6,2.85,97.14,100.0
2026-05-26,7713,威力德生醫,66.9,67.5,66.3,66.8,38,-1,0,0,0.1,99.89,100.0
2026-05-26,7714,創泓科技,122.0,123.0,120.5,122.0,71,14,0,0,1.06,98.93,100.0
2026-05-26,7715,裕山,28.35,28.4,28.0,28.05,134,8,0,0,0.75,99.24,100.0
2026-05-26,7716,昱臺國際,24.5,25.15,24.5,25.15,2,0,0,0,0.01,99.98,100.0
2026-05-26,7717,萊德光電-KY,730.0,733.0,685.0,686.0,402,-42,0,-7,16.65,83.34,100.0
2026-05-26,7718,友鋮,49.9,49.9,48.9,48.9,21,-1,0,0,0.78,99.21,100.0
2026-05-26,7719,碳基,41.81,41.6,38.85,41.15,548,3,0,0,0.0,0.0,0.0
2026-05-26,7721,微程式,81.5,81.9,78.1,78.8,532,6,0,-1,1.81,98.18,100.0
2026-05-26,7722,LINEPAY,262.0,267.5,260.0,261.0,116,14,0,1,59.63,40.36,100.0
2026-05-26,7723,築間,23.45,23.7,23.2,23.7,168,70,0,0,0.44,99.55,100.0
2026-05-26,7724,諾亞克,23.48,23.95,22.9,23.55,12,0,0,0,0.0,0.0,0.0
2026-05-26,7725,列特博,21.11,21.2,21.1,21.2,5,0,0,0,0.0,0.0,0.0
2026-05-26,7726,暄達,33.85,33.85,33.85,33.85,0,0,0,0,0.0,0.0,0.0
2026-05-26,7728,光焱科技,770.0,775.0,736.0,762.0,106,2,0,0,1.71,98.28,100.0
2026-05-26,7729,仲恩生醫,71.59,72.3,70.1,71.9,325,0,0,0,0.0,0.0,0.0
2026-05-26,7730,暉盛-創,220.5,225.5,215.5,216.0,130,-6,0,0,2.48,97.51,100.0
2026-05-26,7731,火星生技*,5.67,5.88,5.48,5.57,3265,-5,0,0,0.0,0.0,0.0
2026-05-26,7732,金興精密,35.5,35.5,35.2,35.5,5,0,0,0,0.27,99.72,100.0
2026-05-26,7734,印能科技,3570.0,3725.0,3480.0,3610.0,294,22,30,0,3.83,96.16,100.0
2026-05-26,7736,虎山,72.2,72.2,71.0,71.8,41,3,0,0,1.14,98.85,100.0
2026-05-26,7737,凱鈿,43.34,44.25,42.3,44.15,8,0,0,0,0.0,0.0,0.0
2026-05-26,7738,東聯互動,165.0,168.0,165.0,167.5,44,8,0,0,0.32,99.67,100.0
2026-05-26,7740,熙特爾-創,172.5,180.0,171.0,171.5,309,-25,0,-1,4.7,95.29,100.0
2026-05-26,7742,天弘化,169.19,168.0,152.0,153.5,831,0,0,0,0.0,0.0,0.0
2026-05-26,7743,金利食安,19.05,19.2,19.0,19.0,16,0,0,0,2.88,97.11,100.0
2026-05-26,7744,崴寶,520.0,521.0,499.0,505.0,318,14,0,0,28.15,71.84,100.0
2026-05-26,7745,紅陽,17.75,17.75,17.0,17.0,4,0,0,0,0.0,0.0,0.0
2026-05-26,7747,昕奇雲端,126.5,130.0,125.5,130.0,10,-1,0,0,0.73,99.26,100.0
2026-05-26,7748,鑫囍創業,21.1,21.1,21.1,21.1,1,0,0,0,0.0,0.0,0.0
2026-05-26,7749,意騰-KY,535.0,540.0,516.0,519.0,724,63,0,-7,23.37,76.62,100.0
2026-05-26,7750,新代,2570.0,2700.0,2535.0,2630.0,828,-253,131,-2,16.71,83.28,100.0
2026-05-26,7751,竑騰,1830.0,1830.0,1740.0,1760.0,97,1,-20,7,4.02,95.97,100.0
2026-05-26,7752,世紀樺欣,29.33,29.3,26.25,27.5,386,0,0,0,0.0,0.0,0.0
2026-05-26,7753,星亞,42.9,43.7,42.55,43.05,21,-4,0,0,0.21,99.78,100.0
2026-05-26,7754,安基生技,59.31,59.0,57.8,58.9,161,-2,0,0,0.0,0.0,0.0
2026-05-26,7756,多那之,43.35,43.35,42.8,42.8,5,0,0,0,0.0,0.0,0.0
2026-05-26,7757,金色三麥,103.0,104.0,103.0,104.0,14,-1,0,0,19.47,80.52,100.0
2026-05-26,7758,睿騰能源,49.69,49.4,47.0,49.4,1,0,0,0,0.0,0.0,0.0
2026-05-26,7759,視航生醫,36.16,37.0,35.4,35.55,35,0,0,0,0.0,0.0,0.0
2026-05-26,7760,享溫馨,33.5,33.5,32.8,33.05,180,48,0,-13,0.08,99.91,100.0
2026-05-26,7761,三大未來,39.64,39.55,38.8,39.25,215,0,0,0,0.0,0.0,0.0
2026-05-26,7762,吉晟生,54.04,54.5,52.8,53.8,30,0,0,0,0.0,0.0,0.0
2026-05-26,7763,崇舜,222.61,225.0,216.5,220.0,117,0,0,0,0.0,0.0,0.0
2026-05-26,7764,聖州,13.08,13.15,12.55,12.8,257,0,0,0,0.0,0.0,0.0
2026-05-26,7765,中華資安,246.5,246.5,241.5,244.5,69,-1,0,-3,0.59,99.4,100.0
2026-05-26,7767,仁大資訊,43.4,43.4,43.25,43.4,32,0,0,0,0.11,99.88,100.0
2026-05-26,7768,頌勝科技,393.5,393.5,380.0,385.0,387,-135,0,0,0.76,99.23,100.0
2026-05-26,7769,鴻勁,7560.0,8045.0,7560.0,7900.0,296,-12,-6,0,20.1,79.89,100.0
2026-05-26,7770,君曜,42.65,42.65,41.3,41.8,12,-1,0,-1,0.21,99.78,100.0
2026-05-26,7771,綠基,53.28,56.4,53.5,56.4,15,0,0,0,0.0,0.0,0.0
2026-05-26,7772,耀穎,170.0,171.5,160.0,164.0,384,-10,0,0,0.62,99.37,100.0
2026-05-26,7773,富禾生醫,30.46,31.5,29.95,31.25,47,0,0,0,0.0,0.0,0.0
2026-05-26,7776,奧孟亞,26.66,27.25,26.05,26.2,9,0,0,0,0.0,0.0,0.0
2026-05-26,7777,能率亞洲,35.5,36.0,33.9,36.0,5922,-880,0,48,0.35,99.64,100.0
2026-05-26,7779,鍇睿國際,12.63,12.9,12.45,12.55,13,0,0,0,0.0,0.0,0.0
2026-05-26,7780,大研生醫*,18.05,18.05,17.7,17.9,2760,6,0,-21,0.48,99.51,100.0
2026-05-26,7781,昕力資*,31.04,32.6,30.0,30.95,2941,77,0,0,0.0,0.0,0.0
2026-05-26,7782,光速火箭,25.65,25.65,25.4,25.6,62,-3,0,0,0.27,99.72,100.0
2026-05-26,7783,佳運,103.93,106.0,97.9,98.5,31,0,0,0,0.0,0.0,0.0
2026-05-26,7784,安邦生技*,9.59,10.25,9.3,9.74,712,0,0,0,0.0,0.0,0.0
2026-05-26,7785,北祥科服,34.15,0.0,0.0,0.0,0,0,0,0,0.0,0.0,0.0
2026-05-26,7786,東方風能,118.0,119.0,116.0,116.5,155,4,0,1,1.4,98.59,100.0
2026-05-26,7788,松川精密,194.0,194.0,187.5,190.5,671,58,0,4,6.8,93.19,100.0
2026-05-26,7789,開展,35.15,35.1,35.1,35.1,0,0,0,0,0.0,0.0,0.0
2026-05-26,7790,思必瑞特,51.01,52.6,50.1,52.6,7,0,0,0,0.0,0.0,0.0
2026-05-26,7791,皇家可口,64.5,65.5,64.4,64.5,119,-31,0,0,0.56,99.43,100.0
2026-05-26,7792,安葆,277.0,278.0,267.5,268.5,222,30,0,-1,18.08,81.91,100.0
2026-05-26,7794,宏碁智新,29.3,29.3,28.65,28.7,54,0,0,-10,1.35,98.64,100.0
2026-05-26,7795,長廣,429.0,437.0,413.0,416.0,524,128,0,0,8.7,91.29,100.0
2026-05-26,7796,擷發科,101.36,101.5,98.9,99.7,139,-3,0,0,0.0,0.0,0.0
2026-05-26,7797,Q Burger,56.69,57.2,55.2,56.8,3,0,0,0,0.0,0.0,0.0
2026-05-26,7798,將捷,16.02,16.45,16.1,16.25,93,0,0,0,0.0,0.0,0.0
2026-05-26,7799,禾榮科,339.5,344.0,327.0,328.5,373,-114,0,0,3.8,96.19,100.0
2026-05-26,7801,華芸科技,148.74,156.0,149.0,153.0,88,0,0,0,0.0,0.0,0.0
2026-05-26,7803,雲象科技-創,26.0,26.0,24.1,24.1,425,-22,0,0,2.48,97.51,100.0
2026-05-26,7805,威聯通,784.0,795.0,764.0,784.0,191,78,0,3,10.23,89.76,100.0
2026-05-26,7806,精華生醫,65.76,66.8,65.0,65.0,0,0,0,0,0.0,0.0,0.0
2026-05-26,7808,訊聯智藥,38.56,38.85,37.55,38.85,36,0,0,0,0.0,0.0,0.0
2026-05-26,7810,捷創科技,241.5,243.5,234.0,236.5,109,1,0,-1,0.54,99.45,100.0
2026-05-26,7811,民盛,78.0,81.5,78.0,80.5,49,-4,0,0,0.32,99.67,100.0
2026-05-26,7812,稜研科技*,82.43,96.5,82.6,93.5,1051,-86,0,0,0.0,0.0,0.0
2026-05-26,7813,宇辰系統,142.62,144.5,140.0,141.0,65,0,0,0,0.0,0.0,0.0
2026-05-26,7814,海昌生技,42.79,43.2,42.0,42.95,44,0,0,0,0.0,0.0,0.0
2026-05-26,7815,新特,484.97,504.0,483.5,499.5,199,0,0,0,0.0,0.0,0.0
2026-05-26,7816,來穎,66.35,67.0,65.0,66.0,46,0,0,0,0.0,0.0,0.0
2026-05-26,7818,溢泰實業,66.5,67.9,66.4,67.0,829,30,0,0,0.15,99.84,100.0
2026-05-26,7819,精誠金融,56.24,57.1,54.4,55.0,111,0,0,0,0.53,99.46,100.0
2026-05-26,7820,立盈,140.0,140.0,133.5,133.5,60,-4,0,0,0.08,99.91,100.0
2026-05-26,7821,神數,45.25,45.3,44.0,44.45,150,-14,0,0,0.46,99.53,100.0
2026-05-26,7822,倍利科,1165.0,1200.0,1110.0,1180.0,463,-72,0,-1,0.74,99.25,100.0
2026-05-26,7823,奧義賽博-KY創,100.0,102.0,98.0,100.5,74,-1,0,-1,25.88,74.11,100.0
2026-05-26,7824,智寶,45.67,47.0,45.5,45.65,11,0,0,0,0.0,0.0,0.0
2026-05-26,7825,和亞智慧,134.87,134.0,124.5,130.0,244,0,0,0,0.0,0.0,0.0
2026-05-26,7826,極風雲創,43.29,43.45,43.45,43.45,0,0,0,0,0.0,0.0,0.0
2026-05-26,7827,漢康-KY創,130.37,137.0,129.0,133.0,610,-4,0,0,0.0,0.0,0.0
2026-05-26,7828,創新服務,1320.0,1405.0,1320.0,1405.0,822,44,77,10,22.03,77.96,100.0
2026-05-26,7829,思捷優達-KY,40.59,41.7,39.8,41.2,33,0,0,0,0.0,0.0,0.0
2026-05-26,7831,捷博,37.1,0.0,0.0,0.0,0,0,0,0,0.0,0.0,0.0
2026-05-26,7832,智新生技*,11.91,12.1,11.8,11.95,296,0,0,0,0.0,0.0,0.0
2026-05-26,7833,綠岩能源,28.83,29.4,28.0,29.3,47,8,0,0,0.0,0.0,0.0
2026-05-26,7834,來毅數位,19.16,19.8,18.9,18.9,12,0,0,0,0.0,0.0,0.0
2026-05-26,7836,智生活,54.46,54.7,54.1,54.7,7,0,0,0,0.0,0.0,0.0
2026-05-26,7837,啟新生,103.0,0.0,0.0,0.0,0,0,0,0,0.0,0.0,0.0
2026-05-26,7839,達人網,62.6,71.6,63.0,68.5,24,0,0,0,0.0,0.0,0.0
2026-05-26,7840,祥圃,38.0,38.0,38.0,38.0,2,0,0,0,0.0,0.0,0.0
2026-05-26,7841,經貿聯網,29.04,29.15,28.8,29.15,15,0,0,0,0.0,0.0,0.0
2026-05-26,7842,天能綠電,111.0,122.0,110.5,121.0,238,-40,0,0,0.37,99.62,100.0
2026-05-26,7843,英柏得,126.88,131.0,124.0,130.5,198,0,0,0,0.0,0.0,0.0
2026-05-26,7846,德揚,81.97,80.9,77.3,80.0,31,0,0,0,0.0,0.0,0.0
2026-05-26,7847,豊漁,22.01,22.85,21.8,22.3,48,0,0,0,0.0,0.0,0.0
2026-05-26,7848,騏億鑫,450.87,455.0,447.5,450.0,49,0,0,0,0.0,0.0,0.0
2026-05-26,7849,旭誼,171.85,177.0,170.0,177.0,0,0,0,0,0.0,0.0,0.0
2026-05-26,7850,寶泰生醫,18.09,18.55,17.9,18.0,91,1,0,0,0.0,0.0,0.0
2026-05-26,7851,慧康生技*-KY,41.78,42.25,40.35,40.95,57,0,0,0,0.0,0.0,0.0
2026-05-26,7853,政美應用,390.67,399.0,367.0,375.5,849,-3,0,0,0.0,0.0,0.0
2026-05-26,7854,佐茂,93.91,95.0,92.0,94.0,58,0,0,0,0.0,0.0,0.0
2026-05-26,7855,和運租車,103.28,104.0,101.5,103.5,4,0,0,0,0.0,0.0,0.0
2026-05-26,7856,漢測,3336.39,3535.0,3320.0,3515.0,152,-8,0,0,0.0,0.0,0.0
2026-05-26,7857,合水先進,49.55,50.9,48.5,50.9,25,0,0,0,0.0,0.0,0.0
2026-05-26,7858,芝普,213.09,215.0,209.0,212.0,141,0,0,0,0.0,0.0,0.0
2026-05-26,7860,得生製藥,55.3,0.0,0.0,0.0,0,0,0,0,0.0,0.0,0.0
2026-05-26,7861,貝爾威勒,1355.71,1405.0,1300.0,1400.0,197,0,0,0,0.0,0.0,0.0
2026-05-26,7862,聚泰,34.56,35.05,34.95,34.95,0,0,0,0,0.0,0.0,0.0
2026-05-26,7863,中科物流,53.3,53.3,53.3,53.3,0,0,0,0,0.0,0.0,0.0
2026-05-26,7865,金聯成,56.78,60.0,49.45,56.6,163,-1,0,0,0.0,0.0,0.0
2026-05-26,7866,丹立,257.99,260.0,247.0,255.0,217,0,0,0,0.0,0.0,0.0
2026-05-26,7867,特力屋,58.49,59.0,58.2,58.2,20,0,0,0,0.0,0.0,0.0
2026-05-26,7868,聖育,98.22,102.0,95.0,101.0,150,0,0,0,0.0,0.0,0.0
2026-05-26,7869,宏于電機,375.57,376.5,374.0,376.0,1,0,0,0,0.0,0.0,0.0
2026-05-26,7870,聯剛科技,160.94,174.0,166.0,171.0,16,0,0,0,0.0,0.0,0.0
2026-05-26,7871,安立璽榮-KY,67.39,69.2,65.9,69.2,764,0,0,0,0.0,0.0,0.0
2026-05-26,7872,登豐,60.81,66.2,61.0,66.0,243,0,0,0,0.0,0.0,0.0
2026-05-26,7875,安圖斯,145.05,143.0,127.0,127.5,13,0,0,0,0.0,0.0,0.0
2026-05-26,7876,鼎晉生技,35.53,35.95,34.25,35.8,81,2,0,0,0.0,0.0,0.0
2026-05-26,7877,海利普,42.09,42.95,40.9,42.65,89,0,0,0,0.0,0.0,0.0
2026-05-26,7878,藥祇,288.96,290.0,286.0,288.0,148,-4,0,0,0.0,0.0,0.0
2026-05-26,7879,益材科技,123.47,126.5,122.0,125.5,294,0,0,0,0.0,0.0,0.0
2026-05-26,7880,聖凰,200.33,200.5,196.5,198.0,77,0,0,0,0.0,0.0,0.0
2026-05-26,7881,科明,101.27,102.0,100.5,100.5,3,0,0,0,0.0,0.0,0.0
2026-05-26,7882,倍利創投,22.23,22.5,21.8,22.2,244,-1,0,0,0.0,0.0,0.0
2026-05-26,7883,饗賓,290.66,303.0,289.0,303.0,83,0,0,0,0.0,0.0,0.0
2026-05-26,7885,宏羚,23.9,25.1,23.05,25.1,27,0,0,0,0.0,0.0,0.0
2026-05-26,7886,科建,187.79,191.5,185.0,185.0,33,0,0,0,0.0,0.0,0.0
2026-05-26,7887,宇川精材,268.89,275.0,261.5,264.0,657,0,0,0,0.0,0.0,0.0
2026-05-26,7888,麗寶新藥,36.34,37.15,36.35,37.15,7,0,0,0,0.0,0.0,0.0
2026-05-26,7889,騰勢,84.35,84.4,84.2,84.4,2,0,0,0,0.0,0.0,0.0
2026-05-26,7890,明曜科技,113.04,114.0,111.0,112.5,24,0,0,0,0.0,0.0,0.0
2026-05-26,7891,博研醫藥,24.37,24.35,23.9,24.35,7,0,0,0,0.0,0.0,0.0
2026-05-26,7892,元鈦科,901.97,917.0,893.0,897.0,81,0,0,0,0.0,0.0,0.0
2026-05-26,7893,睿信,216.34,216.0,210.0,213.0,57,0,0,0,0.0,0.0,0.0
2026-05-26,7895,元進莊,70.05,70.3,69.7,70.2,39,0,0,0,0.0,0.0,0.0
2026-05-26,7896,喬越,272.77,280.5,258.0,270.0,19,0,0,0,0.0,0.0,0.0
2026-05-26,7897,禾迅綠電,40.45,0.0,0.0,0.0,0,0,0,0,0.0,0.0,0.0
2026-05-26,7899,景美,460.98,473.0,435.5,451.5,310,0,0,0,0.0,0.0,0.0
2026-05-26,7901,大大寬頻,74.34,75.0,73.0,74.9,11,0,0,0,0.0,0.0,0.0
2026-05-26,7902,宇越生醫*,39.58,40.2,38.8,40.15,125,0,0,0,0.0,0.0,0.0
2026-05-26,7904,任開數位,24.1,0.0,0.0,0.0,0,0,0,0,0.0,0.0,0.0
2026-05-26,7907,錸恩帕斯,280.31,288.0,264.5,266.5,35,0,0,0,0.0,0.0,0.0
2026-05-26,7909,鈺祥,786.24,830.0,794.0,808.0,298,0,0,0,0.0,0.0,0.0
2026-05-26,7911,阿波羅電力,121.6,123.0,116.0,117.0,212,0,0,0,0.0,0.0,0.0
2026-05-26,7912,新聿科,507.82,542.0,490.0,537.0,294,51,0,0,0.0,0.0,0.0
2026-05-26,7913,通寶半導體,366.05,370.5,330.0,335.0,119,0,0,0,0.0,0.0,0.0
2026-05-26,7915,廌家,756.81,769.0,706.0,730.0,71,0,0,0,0.0,0.0,0.0
2026-05-26,7918,創鉅材料,1250.65,1255.0,1115.0,1205.0,286,0,0,0,0.0,0.0,0.0
2026-05-26,7919,禾蒼,67.77,77.3,67.2,76.6,360,0,0,0,0.0,0.0,0.0
2026-05-26,7920,瀚陽*,6.49,8.59,6.8,8.35,11763,24,0,0,0.0,0.0,0.0
2026-05-26,7922,源點*,115.17,126.5,109.5,120.0,94,0,0,0,0.0,0.0,0.0
2026-05-26,8011,台通,18.3,18.4,17.85,17.9,1380,-371,0,0,2.67,97.32,100.0
2026-05-26,8016,矽創,292.5,292.5,286.5,289.5,1111,111,-16,-49,36.44,63.55,100.0
2026-05-26,8021,尖點,440.0,464.5,425.0,464.5,2834,778,0,13,20.78,79.21,100.0
2026-05-26,8024,佑華,12.85,12.95,12.6,12.75,60,1,0,0,1.77,98.22,100.0
2026-05-26,8027,鈦昇,257.0,257.0,248.0,256.5,1644,291,0,1,7.52,92.47,100.0
2026-05-26,8028,昇陽半導體,319.5,335.0,309.0,311.0,13567,-660,-460,-91,27.17,72.82,100.0
2026-05-26,8032,光菱,46.3,46.95,44.4,46.55,617,-20,0,0,0.99,99.0,100.0
2026-05-26,8033,雷虎,139.5,140.5,135.5,136.5,2278,-404,0,-18,4.07,95.92,100.0
2026-05-26,8034,榮群,24.55,24.55,24.05,24.2,356,-24,0,0,9.4,90.59,100.0
2026-05-26,8038,長園科,41.3,41.75,40.55,41.25,397,18,0,0,0.62,99.37,100.0
2026-05-26,8039,台虹,151.0,156.5,148.5,155.5,13770,2774,0,166,18.62,81.37,100.0
2026-05-26,8040,九暘,124.0,126.5,115.0,118.0,4784,-816,0,10,5.62,94.37,100.0
2026-05-26,8042,金山電,133.0,148.5,121.5,147.0,2360,-264,0,365,17.56,82.43,100.0
2026-05-26,8043,蜜望實,126.0,126.5,117.0,121.0,11708,1633,0,10,5.21,94.78,100.0
2026-05-26,8044,網家,28.2,28.45,27.0,27.05,1016,144,0,0,5.62,94.37,100.0
2026-05-26,8045,達運光電,70.5,70.5,67.3,68.3,632,52,0,-105,1.16,98.83,100.0
2026-05-26,8046,南電,888.0,947.0,871.0,922.0,24438,4947,-420,19,11.65,88.34,100.0
2026-05-26,8047,星雲,44.45,44.45,42.7,42.7,61,1,0,0,0.52,99.47,100.0
2026-05-26,8048,德勝,64.9,65.2,62.2,62.8,481,-5,0,0,14.66,85.33,100.0
2026-05-26,8049,晶采,27.4,27.4,26.9,27.0,379,26,0,0,2.58,97.41,100.0
2026-05-26,8050,廣積,54.9,60.1,53.9,60.1,5055,433,0,17,3.87,96.12,100.0
2026-05-26,8054,安國,117.0,117.5,110.0,112.0,4180,-705,0,-47,4.96,95.03,100.0
2026-05-26,8058,耐特,109.45,111.5,106.0,109.5,171,1,0,0,0.0,0.0,0.0
2026-05-26,8059,凱碩,20.35,20.35,19.5,19.8,542,-140,0,0,0.7,99.29,100.0
2026-05-26,8064,東捷,151.0,152.5,137.0,149.0,24983,-562,0,-111,10.53,89.46,100.0
2026-05-26,8066,來思達,16.3,16.3,15.95,16.15,84,7,0,0,3.08,96.91,100.0
2026-05-26,8067,志旭,12.5,13.6,12.5,13.6,16,0,0,0,8.42,91.57,100.0
2026-05-26,8068,全達,20.4,20.45,19.85,20.0,497,-89,0,0,9.69,90.3,100.0
2026-05-26,8069,元太,237.0,237.0,229.5,235.0,4432,-1030,1481,11,41.24,58.75,100.0
2026-05-26,8070,長華*,46.3,49.8,46.3,49.55,11125,3841,-54,48,9.5,90.49,100.0
2026-05-26,8071,能率網通,21.25,21.25,20.0,20.1,1586,-202,0,0,4.32,95.67,100.0
2026-05-26,8072,陞泰,28.45,28.55,27.65,27.8,223,-25,0,1,2.15,97.84,100.0
2026-05-26,8074,鉅橡,81.6,82.7,78.5,80.0,2627,-137,0,-78,5.65,94.34,100.0
2026-05-26,8076,伍豐,24.0,24.2,23.6,23.85,1111,-151,0,52,6.12,93.87,100.0
2026-05-26,8077,洛碁,45.3,45.3,45.3,45.3,2,0,0,0,51.12,48.87,100.0
2026-05-26,8080,永利聯合,27.7,27.85,27.7,27.8,20,0,0,0,0.1,99.89,100.0
2026-05-26,8080,泰霖,27.7,27.85,27.7,27.8,20,0,0,0,0.1,99.89,100.0
2026-05-26,8081,致新,292.5,297.0,288.0,291.0,1900,73,0,15,21.12,78.87,100.0
2026-05-26,8083,瑞穎,168.5,170.0,167.5,167.5,48,-12,0,0,3.2,96.79,100.0
2026-05-26,8084,巨虹,44.2,45.5,43.5,45.0,154,37,0,0,1.16,98.83,100.0
2026-05-26,8085,福華,11.75,11.9,11.25,11.4,348,0,0,0,4.38,95.61,100.0
2026-05-26,8086,宏捷科,166.0,179.0,158.5,179.0,14419,1029,0,284,26.7,73.29,100.0
2026-05-26,8087,華鎂鑫,32.8,32.95,32.3,32.95,29,0,0,0,3.02,96.97,100.0
2026-05-26,8087,麗升能源,32.8,32.95,32.3,32.95,29,0,0,0,3.02,96.97,100.0
2026-05-26,8088,品安,59.6,61.5,58.2,60.4,9356,-740,0,0,3.43,96.56,100.0
2026-05-26,8089,康全電訊,20.15,20.45,19.8,20.0,174,5,0,0,4.46,95.53,100.0
2026-05-26,8091,翔名,273.5,273.5,266.0,269.5,503,20,0,10,13.35,86.64,100.0
2026-05-26,8092,建暐,18.05,18.65,17.9,17.9,175,1,0,0,0.54,99.45,100.0
2026-05-26,8093,保銳,18.45,18.45,18.0,18.2,10,2,0,0,0.05,99.94,100.0
2026-05-26,8096,擎亞,124.5,125.0,117.0,119.5,14500,-1397,0,-106,30.37,69.62,100.0
2026-05-26,8097,常珵,57.4,58.2,57.3,57.6,58,17,0,0,2.72,97.27,100.0
2026-05-26,8098,慶康科技,390.3,399.0,378.5,386.0,17,1,0,0,0.0,0.0,0.0
2026-05-26,8099,大世科,60.1,60.5,58.5,58.9,160,1,0,0,3.45,96.54,100.0
2026-05-26,8101,華冠,13.3,13.3,13.3,13.3,2,0,0,0,0.06,99.93,100.0
2026-05-26,8102,傑霖科技,63.1,64.9,62.8,64.9,10,1,0,0,0.17,99.82,100.0
2026-05-26,8103,瀚荃,108.5,108.5,105.5,107.0,1896,278,0,-8,24.91,75.08,100.0
2026-05-26,8104,錸寶,36.45,36.8,34.95,34.95,1161,-189,0,0,2.24,97.75,100.0
2026-05-26,8105,凌巨,17.5,17.7,16.4,16.6,7976,1406,0,2,41.86,58.13,100.0
2026-05-26,8107,大億金茂,11.5,11.5,11.3,11.45,78,5,0,0,0.49,99.5,100.0
2026-05-26,8109,博大,124.0,124.5,121.0,123.0,199,-1,0,-2,5.05,94.94,100.0
2026-05-26,8110,華東,50.5,55.1,50.1,55.1,43681,6120,0,305,3.72,96.27,100.0
2026-05-26,8111,立碁,68.8,69.3,66.3,68.8,2032,189,0,7,5.88,94.11,100.0
2026-05-26,8112,至上,83.8,84.7,83.1,83.3,12085,-1068,-13,-45,18.1,81.89,100.0
2026-05-26,8114,振樺電,266.0,266.0,250.0,260.5,731,-8,0,21,12.28,87.63,100.0
2026-05-26,8119,公信,11.29,12.25,11.15,12.15,615,51,0,0,0.0,0.0,0.0
2026-05-26,8121,越峰,43.5,43.5,39.2,41.5,5395,-1258,0,0,2.03,97.96,100.0
2026-05-26,8131,福懋科,65.4,67.5,64.4,66.6,6063,463,0,42,2.97,97.02,100.0
2026-05-26,8147,正淩,175.5,184.5,169.0,183.0,1079,-83,0,-1,21.4,78.59,100.0
2026-05-26,8150,南茂,86.8,88.1,83.8,85.4,44236,-1548,0,305,42.45,57.54,100.0
2026-05-26,8155,博智,427.0,430.0,415.0,418.0,1865,-35,0,-13,10.99,89.0,100.0
2026-05-26,8162,微矽電子-創,73.4,73.4,69.9,73.4,2166,-50,0,-54,2.28,97.71,100.0
2026-05-26,8163,達方,36.55,38.0,36.1,36.75,6096,514,0,8,7.1,92.89,100.0
2026-05-26,8171,天宇,23.7,23.7,23.0,23.05,118,18,0,0,2.95,97.04,100.0
2026-05-26,8176,智捷,10.15,10.2,10.05,10.15,142,6,0,0,0.85,99.14,100.0
2026-05-26,8182,加高,45.45,45.9,42.2,45.65,7921,17,0,8,53.4,46.59,100.0
2026-05-26,8183,精星,32.4,32.8,31.65,32.0,477,24,0,-2,3.76,96.23,100.0
2026-05-26,8201,無敵,13.8,14.1,13.3,13.35,283,0,0,1,0.71,99.28,100.0
2026-05-26,8210,勤誠,1470.0,1470.0,1410.0,1440.0,1471,-488,336,-8,10.72,89.27,100.0
2026-05-26,8213,志超,39.55,39.65,38.8,39.25,838,138,0,0,22.79,77.2,100.0
2026-05-26,8215,明基材,30.0,30.3,28.5,29.4,3272,-469,-2,24,2.23,97.76,100.0
2026-05-26,8222,寶一,35.6,36.0,35.1,35.1,435,-62,0,0,2.61,97.38,100.0
2026-05-26,8227,巨有科技,240.0,245.0,224.5,224.5,3312,-358,0,-132,3.37,96.62,100.0
2026-05-26,8234,新漢,75.4,76.5,71.1,73.2,1876,-76,0,-16,2.78,97.21,100.0
2026-05-26,8240,華宏,68.0,70.9,65.7,69.4,5486,311,0,9,5.83,94.16,100.0
2026-05-26,8249,菱光,53.5,58.3,51.5,58.3,9046,634,0,4,1.78,98.21,100.0
2026-05-26,8255,朋程,171.5,187.0,169.0,187.0,6474,544,0,157,10.9,89.09,100.0
2026-05-26,8261,富鼎,193.5,193.5,185.5,193.5,14430,1001,0,96,9.97,90.02,100.0
2026-05-26,8271,宇瞻,230.5,235.0,226.5,230.0,3137,-437,0,-10,12.77,87.22,100.0
2026-05-26,8272,全景軟體,71.8,71.8,70.1,70.2,10,1,0,0,0.21,99.78,100.0
2026-05-26,8277,商丞,7.1,7.14,7.0,7.08,187,2,0,0,1.89,98.1,100.0
2026-05-26,8279,生展,98.0,98.0,96.1,96.3,6,-2,0,1,5.49,94.5,100.0
2026-05-26,8284,三竹,63.1,63.5,63.0,63.3,9,0,0,0,0.91,99.08,100.0
2026-05-26,8289,泰藝,67.9,69.9,64.0,69.5,6167,526,0,6,4.91,95.08,100.0
2026-05-26,8291,尚茂,110.0,110.0,110.0,110.0,90,0,0,0,73.46,26.53,100.0
2026-05-26,8298,威睿,48.72,49.8,48.0,49.75,17,-2,0,0,0.0,0.0,0.0
2026-05-26,8299,群聯,2510.0,2590.0,2440.0,2505.0,7287,-733,-98,48,36.3,63.69,100.0
2026-05-26,8329,台視,10.23,10.45,10.15,10.25,77,0,0,0,0.0,0.0,0.0
2026-05-26,8341,日友,75.7,75.9,75.4,75.7,164,43,0,0,4.21,95.78,100.0
2026-05-26,8342,益張,91.4,91.5,91.4,91.5,2,0,0,0,0.13,99.86,100.0
2026-05-26,8345,超秦,54.45,56.2,54.4,56.0,55,0,0,0,0.0,0.0,0.0
2026-05-26,8349,恒耀,41.3,41.35,40.5,40.85,183,52,0,0,1.09,98.9,100.0
2026-05-26,8354,冠好,16.7,16.9,16.5,16.7,120,29,0,0,0.76,99.23,100.0
2026-05-26,8358,金居,546.0,546.0,517.0,533.0,2519,737,-1,18,33.7,66.29,100.0
2026-05-26,8359,錢櫃,64.48,65.1,64.2,65.1,92,0,0,0,0.0,0.0,0.0
2026-05-26,8367,建新國際,40.6,40.8,40.25,40.6,21,7,0,0,1.5,98.49,100.0
2026-05-26,8374,羅昇,111.0,117.0,107.5,110.5,3295,-40,0,-37,3.15,96.84,100.0
2026-05-26,8383,千附,64.1,64.1,61.1,61.3,2008,111,0,6,13.5,86.49,100.0
2026-05-26,8390,金益鼎,122.5,126.0,120.0,120.5,1188,53,0,-34,21.99,78.0,100.0
2026-05-26,8401,白紗科,22.95,23.0,22.85,22.95,52,0,0,0,0.23,99.76,100.0
2026-05-26,8403,盛弘,19.7,19.8,19.6,19.65,140,-33,0,0,1.72,98.27,100.0
2026-05-26,8404,百和興業-KY,16.65,16.65,16.45,16.45,361,-141,0,-4,52.86,47.13,100.0
2026-05-26,8409,商之器,19.5,19.5,19.2,19.2,13,-1,0,0,0.12,99.87,100.0
2026-05-26,8410,森田,35.0,35.35,34.4,35.05,58,0,0,0,0.68,99.31,100.0
2026-05-26,8411,福貞-KY,12.1,12.1,11.95,12.0,50,5,0,-7,53.76,46.23,100.0
2026-05-26,8415,大國鋼,36.25,36.3,34.9,34.9,829,-77,0,-84,6.66,93.33,100.0
2026-05-26,8416,實威,172.0,172.5,170.0,172.5,19,0,0,0,0.76,99.23,100.0
2026-05-26,8421,旭源,13.6,13.6,13.35,13.5,39,13,0,0,0.56,99.43,100.0
2026-05-26,8422,可寧衛,28.0,28.45,27.15,27.15,11842,-1870,-172,12,4.56,95.43,100.0
2026-05-26,8422,可寧衛*,28.0,28.45,27.15,27.15,11842,-1870,-172,12,4.56,95.43,100.0
2026-05-26,8423,保綠-KY,17.7,17.75,17.65,17.7,32,2,0,0,24.92,75.07,100.0
2026-05-26,8424,惠普,72.5,73.0,72.0,72.6,39,-10,0,0,0.51,99.48,100.0
2026-05-26,8426,紅木-KY,21.65,22.95,21.55,22.55,71,2,0,0,67.57,32.42,100.0
2026-05-26,8429,金麗-KY,6.11,6.34,6.06,6.24,371,75,0,-12,30.21,69.78,100.0
2026-05-26,8431,匯鑽科,60.0,60.5,58.5,59.2,656,-95,0,-24,2.41,97.58,100.0
2026-05-26,8432,東生華,51.9,51.9,51.2,51.2,18,-3,0,0,0.87,99.12,100.0
2026-05-26,8433,弘帆,53.2,53.3,53.1,53.3,14,-4,0,0,1.44,98.55,100.0
2026-05-26,8435,鉅邁,54.8,55.0,54.7,54.7,28,2,0,0,0.55,99.44,100.0
2026-05-26,8436,大江,119.5,120.0,117.0,119.0,744,-335,-8,-4,14.67,85.32,100.0
2026-05-26,8437,大地-KY,11.4,11.9,11.4,11.75,85,17,0,0,24.22,75.77,100.0
2026-05-26,8438,昶昕,92.0,95.0,92.0,92.1,399,-13,0,13,3.38,96.61,100.0
2026-05-26,8440,綠電,22.1,22.1,21.6,22.0,136,36,0,0,1.07,98.92,100.0
2026-05-26,8442,威宏-KY,40.1,40.15,39.7,39.95,109,44,0,0,55.71,44.28,100.0
2026-05-26,8443,阿瘦,11.2,11.3,11.2,11.3,28,3,0,-1,3.71,96.28,100.0
2026-05-26,8444,綠河-KY,6.2,6.35,6.15,6.15,26,0,0,0,58.55,41.44,100.0
2026-05-26,8446,華研,84.3,84.9,84.0,84.7,73,46,0,0,4.69,95.3,100.0
2026-05-26,8450,霹靂,15.45,15.95,15.4,15.8,56,0,0,0,0.09,49.89,49.99
2026-05-26,8454,富邦媒,188.0,190.0,188.0,188.0,378,-59,-16,20,12.79,87.2,100.0
2026-05-26,8455,大拓-KY,40.85,40.85,39.55,40.0,99,4,0,0,87.81,12.18,100.0
2026-05-26,8458,影一,15.7,15.65,14.95,15.65,3,0,0,0,0.0,0.0,0.0
2026-05-26,8462,柏文,138.0,138.0,135.5,136.5,240,-31,0,0,3.76,96.23,100.0
2026-05-26,8463,潤泰材,21.2,21.8,21.2,21.6,163,64,0,0,0.38,99.61,100.0
2026-05-26,8464,億豐,318.0,324.0,313.5,315.5,876,-60,-5,-2,42.19,57.8,100.0
2026-05-26,8466,美吉吉-KY,14.45,15.95,14.45,15.95,308,52,0,0,50.39,49.6,100.0
2026-05-26,8467,波力-KY,128.0,134.0,128.0,131.0,41,0,0,0,46.48,53.51,100.0
2026-05-26,8472,夠麻吉,68.6,69.5,68.6,69.5,9,-1,0,0,1.37,98.62,100.0
2026-05-26,8473,山林水,42.15,42.8,41.2,42.1,1739,716,0,0,3.34,96.65,100.0
2026-05-26,8476,台境,15.6,15.6,15.2,15.45,411,73,0,1,1.35,98.64,100.0
2026-05-26,8476,台境*,15.6,15.6,15.2,15.45,411,73,0,1,1.35,98.64,100.0
2026-05-26,8477,創業家,18.0,18.9,18.0,18.9,293,3,0,0,0.18,99.81,100.0
2026-05-26,8478,東哥遊艇,150.5,152.0,150.0,150.5,136,-31,0,-4,39.47,60.52,100.0
2026-05-26,8481,政伸,40.55,40.55,40.5,40.55,8,5,0,-2,0.38,99.61,100.0
2026-05-26,8482,商億-KY,49.0,49.1,49.0,49.1,6,-1,0,0,91.72,8.27,100.0
2026-05-26,8487,愛爾達-創,81.0,81.9,81.0,81.7,52,-1,0,-1,0.96,49.02,49.99
2026-05-26,8488,吉源-KY,9.76,9.83,9.64,9.8,5,-1,0,0,69.56,30.43,100.0
2026-05-26,8489,三貝德,23.5,23.75,23.25,23.45,88,16,0,9,3.29,96.7,100.0
2026-05-26,8499,鼎炫-KY,332.0,340.0,321.0,336.5,271,37,0,5,72.0,27.99,100.0
2026-05-26,8905,裕國,0.0,0.0,0.0,0.0,0,0,0,0,0.49,99.5,100.0
2026-05-26,8906,花王,25.0,25.05,24.55,25.0,56,-3,0,0,0.43,99.56,100.0
2026-05-26,8908,欣雄,40.55,40.65,40.3,40.65,359,-31,0,0,0.24,99.75,100.0
2026-05-26,8916,光隆,45.5,45.75,45.25,45.5,128,-24,0,0,2.87,97.12,100.0
2026-05-26,8917,欣泰,52.1,53.0,52.1,52.1,17,0,0,0,1.43,98.56,100.0
2026-05-26,8921,沈氏,18.5,18.5,18.5,18.5,1,0,0,0,0.18,99.81,100.0
2026-05-26,8923,時報,0.0,0.0,0.0,0.0,0,0,0,0,4.14,95.85,100.0
2026-05-26,8924,大田,64.2,64.3,63.9,64.0,152,-37,0,0,2.5,97.49,100.0
2026-05-26,8926,台汽電,63.5,68.7,63.0,68.7,18031,671,96,359,11.86,88.13,100.0
2026-05-26,8927,北基,18.9,18.9,18.4,18.4,535,-102,0,0,0.81,99.18,100.0
2026-05-26,8928,鉅明,21.5,21.5,21.15,21.15,21,-2,0,0,0.32,99.67,100.0
2026-05-26,8929,富堡,14.0,14.0,13.8,13.85,49,1,0,0,0.27,99.72,100.0
2026-05-26,8930,青鋼,28.7,28.85,28.5,28.5,50,5,0,0,2.67,97.32,100.0
2026-05-26,8931,大汽電,42.25,42.7,41.55,42.7,171,66,0,0,0.2,99.79,100.0
2026-05-26,8932,智通*,105.5,108.0,100.0,101.5,3770,-1380,0,-154,28.2,71.79,100.0
2026-05-26,8933,愛地雅,4.44,4.44,4.35,4.4,261,-12,0,0,1.06,98.93,100.0
2026-05-26,8935,邦泰,20.3,20.4,19.9,19.95,627,-130,0,0,2.03,97.96,100.0
2026-05-26,8936,國統,50.2,51.4,50.2,50.6,3291,690,-6,-18,8.59,91.4,100.0
2026-05-26,8937,合騏*,30.9,30.9,30.4,30.6,213,-17,0,-8,5.55,94.44,100.0
2026-05-26,8938,明安,54.2,54.2,53.2,53.5,587,-117,0,0,6.35,93.64,100.0
2026-05-26,8940,新天地,16.8,16.9,16.65,16.7,46,-1,0,-2,8.31,91.68,100.0
2026-05-26,8941,關中,44.2,44.2,43.3,44.05,8,0,0,0,0.19,99.8,100.0
2026-05-26,8942,森鉅,41.7,41.75,40.7,41.0,352,73,0,0,13.71,86.28,100.0
2026-05-26,8996,高力,1170.0,1245.0,1165.0,1245.0,4733,719,326,83,33.78,66.21,100.0
2026-05-26,8999,台灣積層,38.58,37.05,37.05,37.05,0,0,0,0,0.0,0.0,0.0
2026-05-26,9103,美德醫療-DR,5.66,5.66,5.21,5.21,3333,-455,0,0,1.62,98.37,100.0
2026-05-26,9105,泰金寶-DR,8.16,8.16,8.16,8.16,36791,348,0,2343,2.76,97.23,100.0
2026-05-26,9110,越南控-DR,2.61,2.61,2.53,2.58,99,0,0,0,0.04,99.95,100.0
2026-05-26,9136,巨騰-DR,11.5,11.5,10.8,10.9,1336,-155,0,0,2.89,97.1,100.0
2026-05-26,9802,鈺齊-KY,73.9,75.2,72.9,74.4,661,3,0,0,41.76,58.23,100.0
2026-05-26,9902,台火,14.0,14.1,13.8,13.8,86,-22,0,-2,1.51,98.48,100.0
2026-05-26,9904,寶成,25.7,25.85,25.5,25.55,11925,-5286,-769,-97,32.87,67.12,100.0
2026-05-26,9905,大華,20.7,20.75,20.65,20.7,92,8,0,0,2.2,97.79,100.0
2026-05-26,9906,欣巴巴,33.5,33.7,32.85,33.15,134,-35,0,-1,1.27,98.72,100.0
2026-05-26,9907,統一實,15.95,16.1,15.85,15.85,3809,-1490,-34,-5,14.55,85.44,100.0
2026-05-26,9908,大台北,29.1,29.15,29.05,29.1,262,33,0,0,1.44,98.55,100.0
2026-05-26,9910,豐泰,67.7,68.0,66.8,67.5,2485,-1575,-7,-2,8.7,91.29,100.0
2026-05-26,9911,櫻花,82.2,82.3,81.8,81.9,292,-180,0,0,18.45,81.54,100.0
2026-05-26,9912,偉聯,12.75,12.75,12.45,12.45,62,10,0,-2,15.84,84.15,100.0
2026-05-26,9914,美利達,68.2,68.2,66.1,67.3,1786,-549,0,8,22.7,77.29,100.0
2026-05-26,9917,中保科,113.0,114.0,112.5,113.0,366,90,-6,-3,39.6,60.39,100.0
2026-05-26,9918,欣天然,43.65,43.65,43.05,43.2,64,-8,0,0,2.65,97.34,100.0
2026-05-26,9919,康那香,14.3,14.35,14.0,14.15,548,-36,0,-11,4.4,95.59,100.0
2026-05-26,9921,巨大,69.3,70.0,67.8,68.0,1879,-1165,0,10,26.92,73.07,100.0
2026-05-26,9924,福興,42.25,42.5,41.75,41.8,326,-4,-2,0,10.88,89.11,100.0
2026-05-26,9925,新保,40.3,40.3,40.1,40.15,205,-15,0,-15,17.34,82.65,100.0
2026-05-26,9926,新海,48.95,49.2,48.95,48.95,59,8,0,0,0.65,99.34,100.0
2026-05-26,9927,泰銘,67.3,67.5,67.1,67.4,117,21,0,-4,6.5,93.49,100.0
2026-05-26,9928,中視,18.0,18.0,17.85,17.95,13,0,0,-2,0.0,0.0,0.0
2026-05-26,9929,秋雨,11.9,12.0,11.85,11.85,9,0,0,0,0.44,99.55,100.0
2026-05-26,9930,中聯資源,67.7,68.5,67.7,68.5,67,22,0,-1,1.91,98.08,100.0
2026-05-26,9931,欣高,33.85,34.05,33.8,33.9,38,12,0,0,0.77,99.22,100.0
2026-05-26,9933,中鼎,39.9,41.0,39.75,40.6,8418,2453,-4,-684,16.88,83.11,100.0
2026-05-26,9934,成霖,9.63,9.63,9.54,9.63,410,-99,0,-26,12.8,87.19,100.0
2026-05-26,9935,慶豐富,18.7,18.8,18.5,18.6,380,10,0,0,5.37,94.62,100.0
2026-05-26,9937,全國,55.5,55.5,55.1,55.3,31,8,0,-5,1.69,98.3,100.0
2026-05-26,9938,百和,42.6,42.9,42.35,42.6,2081,-441,-6,-8,10.95,89.04,100.0
2026-05-26,9939,宏全,124.5,125.0,122.5,122.5,840,-223,-8,0,14.14,85.85,100.0
2026-05-26,9940,信義,18.55,18.75,18.5,18.75,514,236,0,7,3.51,96.48,100.0
2026-05-26,9941,裕融,73.0,73.5,72.6,72.8,1374,-349,-5,-8,6.65,93.34,100.0
2026-05-26,9942,茂順,117.5,118.0,117.0,117.0,93,-6,0,-2,4.3,95.69,100.0
2026-05-26,9943,好樂迪,55.3,55.8,55.1,55.8,92,9,0,-1,1.12,98.87,100.0
2026-05-26,9944,新麗,17.0,17.1,16.65,16.95,163,1,0,-5,1.05,98.94,100.0
2026-05-26,9945,潤泰新,22.95,23.8,22.95,23.65,9583,2657,0,7,7.96,92.03,100.0
2026-05-26,9946,三發地產,16.4,16.45,16.2,16.35,307,-111,0,-6,2.3,97.69,100.0
2026-05-26,9949,琉園,22.5,22.8,22.4,22.8,25,-6,0,0,2.51,97.48,100.0
2026-05-26,9950,萬國通,10.8,10.9,10.55,10.85,92,0,0,0,0.04,99.95,100.0
2026-05-26,9951,皇田,53.0,53.0,51.7,52.2,478,95,0,0,4.7,95.29,100.0
2026-05-26,9955,佳龍,28.2,28.4,27.65,27.9,396,-25,0,1,4.73,95.26,100.0
2026-05-26,9957,燁聯,6.65,7.16,6.44,6.6,1133,-79,0,0,0.0,0.0,0.0
2026-05-26,9958,世紀鋼,106.5,108.0,104.0,105.0,2504,-583,0,-34,12.13,87.86,100.0
2026-05-26,9960,邁達康,30.0,30.0,29.6,29.8,640,3,0,0,8.95,91.04,100.0
2026-05-26,9962,有益,9.75,9.98,9.67,9.67,98,-9,0,0,0.34,99.65,100.0
