date,stock_id,stock_name,open,high,low,close,volume,foreign_buy,trust_buy,dealer_buy,foreign_hold_ratio,foreign_remain_ratio,foreign_limit_ratio
2026-06-01,0050,元大台灣50,105.25,106.7,104.5,105.5,135817,-22685,2124,-36309,4.11,95.88,100.0
2026-06-01,0051,元大中型100,142.4,145.5,142.4,145.0,158,13,0,32,0.56,99.43,100.0
2026-06-01,0052,富邦科技,62.15,63.2,62.0,62.05,34779,1823,0,-8949,2.67,97.32,100.0
2026-06-01,0053,元大電子,246.15,246.15,244.05,244.75,37,0,0,-11,1.36,98.63,100.0
2026-06-01,0055,元大MSCI金融,35.11,36.05,34.98,35.9,501,151,0,-22,1.28,98.71,100.0
2026-06-01,0056,元大高股息,50.5,51.9,50.5,51.9,58919,6462,130,6241,0.98,99.01,100.0
2026-06-01,0057,富邦摩台,311.55,314.0,311.55,313.4,19,0,0,0,6.88,93.11,100.0
2026-06-01,0061,元大寶滬深,25.25,25.25,24.83,24.98,435,-210,0,310,5.06,94.93,100.0
2026-06-01,1101,台泥,24.4,24.7,24.2,24.55,35557,6802,0,483,15.08,84.91,100.0
2026-06-01,1102,亞泥,34.0,34.15,33.65,33.8,16350,-2308,-2194,-79,14.58,85.41,100.0
2026-06-01,1103,嘉泥,13.45,13.45,13.0,13.3,606,35,0,4,4.54,95.45,100.0
2026-06-01,1104,環泥,27.65,27.95,27.6,27.9,969,142,0,3,15.35,84.64,100.0
2026-06-01,1108,幸福,13.75,13.85,13.65,13.8,341,48,0,0,1.25,98.74,100.0
2026-06-01,1109,信大,14.6,14.8,14.35,14.65,147,-2,0,0,2.34,97.65,100.0
2026-06-01,1110,東泥,14.6,14.7,14.3,14.6,576,18,0,11,5.87,94.12,100.0
2026-06-01,1201,味全,12.05,12.35,11.95,12.3,943,362,0,0,5.12,94.87,100.0
2026-06-01,1203,味王,43.55,44.3,43.55,43.65,36,10,0,0,1.73,98.26,100.0
2026-06-01,1210,大成,52.4,52.5,51.9,52.5,2907,-10,-7,107,11.87,88.12,100.0
2026-06-01,1213,大飲,8.57,8.57,8.1,8.5,26,0,0,0,0.01,99.98,100.0
2026-06-01,1215,卜蜂,125.0,125.0,120.5,121.5,3333,-230,-8,-1,35.09,64.9,100.0
2026-06-01,1216,統一,72.1,74.3,72.1,73.7,26071,1039,5969,-1,31.8,68.19,100.0
2026-06-01,1217,愛之味,9.74,9.86,9.73,9.82,929,295,0,1,7.59,92.4,100.0
2026-06-01,1218,泰山,18.85,19.4,18.85,19.3,2222,1087,0,0,4.0,95.99,100.0
2026-06-01,1219,福壽,12.65,12.75,12.55,12.7,717,277,0,8,5.6,94.39,100.0
2026-06-01,1220,台榮,11.75,11.75,11.6,11.7,183,5,0,0,7.08,92.91,100.0
2026-06-01,1225,福懋油,29.6,30.15,29.4,29.7,241,124,0,-13,1.39,98.6,100.0
2026-06-01,1227,佳格,27.95,28.3,27.85,28.2,2466,964,-541,6,5.57,94.42,100.0
2026-06-01,1229,聯華,40.0,40.45,40.0,40.4,3429,351,34,6,8.99,91.0,100.0
2026-06-01,1231,聯華食,85.8,86.2,84.7,86.0,574,244,0,1,2.8,97.19,100.0
2026-06-01,1232,大統益,148.0,148.5,147.0,147.5,340,-134,0,1,2.47,97.52,100.0
2026-06-01,1233,天仁,27.9,28.0,27.6,27.8,44,-6,0,2,5.68,94.31,100.0
2026-06-01,1234,黑松,34.55,34.55,34.35,34.55,131,28,0,0,4.72,95.27,100.0
2026-06-01,1235,興泰,41.1,41.7,40.55,41.1,324,11,0,0,0.27,99.72,100.0
2026-06-01,1236,宏亞,24.4,24.6,24.3,24.6,71,18,0,2,0.49,99.5,100.0
2026-06-01,1240,茂生農經,57.3,57.7,57.3,57.3,14,2,0,0,3.67,96.32,100.0
2026-06-01,1256,鮮活果汁-KY,212.0,218.5,205.0,209.5,385,9,0,-4,4.85,95.14,100.0
2026-06-01,1259,安心,57.1,58.0,56.8,58.0,18,2,0,0,26.13,73.86,100.0
2026-06-01,1260,富味鄉,23.63,24.55,23.4,24.55,55,2,0,0,0.0,0.0,0.0
2026-06-01,1264,德麥,270.0,270.0,260.0,267.0,189,-23,0,0,1.66,98.33,100.0
2026-06-01,1268,漢來美食,168.5,171.0,168.5,169.0,41,4,0,0,1.62,98.37,100.0
2026-06-01,1269,乾杯,68.38,69.7,66.5,69.7,2,-1,0,0,0.0,0.0,0.0
2026-06-01,1271,晨暉生技,60.12,61.4,59.5,60.2,277,9,0,0,0.0,0.0,0.0
2026-06-01,1293,利統,26.95,27.7,27.7,27.7,0,0,0,0,0.0,0.0,0.0
2026-06-01,1294,漢田生技,77.2,78.0,76.5,78.0,23,-2,0,0,0.69,99.3,100.0
2026-06-01,1295,生合,50.2,50.4,49.8,50.0,76,31,0,0,2.22,97.77,100.0
2026-06-01,1301,台塑,47.9,50.3,46.4,50.0,65949,-8080,0,892,30.39,69.6,100.0
2026-06-01,1303,南亞,98.7,107.5,97.5,107.5,111908,13945,696,603,34.3,65.69,100.0
2026-06-01,1304,台聚,12.3,13.1,12.15,13.0,10442,3243,0,60,28.34,71.65,100.0
2026-06-01,1305,華夏,12.3,12.95,12.2,12.85,3578,927,0,20,4.42,95.57,100.0
2026-06-01,1307,三芳,31.15,32.55,30.8,32.5,1883,857,-19,1,6.82,93.17,100.0
2026-06-01,1308,亞聚,13.2,13.7,13.0,13.65,4039,1455,0,41,4.36,95.63,100.0
2026-06-01,1309,台達化,15.85,16.3,15.55,16.2,5928,-69,0,78,3.03,96.96,100.0
2026-06-01,1310,台苯,8.05,8.38,7.97,8.33,4934,1032,0,14,4.56,95.43,100.0
2026-06-01,1312,國喬,11.5,12.2,11.1,12.05,23812,1155,0,256,3.72,96.27,100.0
2026-06-01,1313,聯成,10.7,11.05,10.5,10.95,7145,310,0,0,5.79,94.2,100.0
2026-06-01,1314,中石化,7.1,7.2,7.02,7.1,27008,1001,0,10,8.75,91.24,100.0
2026-06-01,1315,達新,62.1,62.3,62.0,62.3,58,6,0,0,1.26,98.73,100.0
2026-06-01,1316,上曜,10.15,10.45,10.05,10.35,2691,1332,0,0,4.78,95.21,100.0
2026-06-01,1319,東陽,91.1,92.6,86.9,87.5,18936,4436,-129,-176,7.92,92.07,100.0
2026-06-01,1321,大洋,28.85,28.85,28.05,28.5,399,18,0,2,6.81,93.18,100.0
2026-06-01,1323,永裕,20.1,21.0,20.1,20.95,287,102,0,2,1.39,98.6,100.0
2026-06-01,1324,地球,10.3,10.5,10.15,10.35,146,2,0,-2,0.86,99.13,100.0
2026-06-01,1325,恆大,27.25,27.25,26.8,26.8,428,65,0,1,1.27,98.72,100.0
2026-06-01,1326,台化,51.4,54.5,50.0,53.8,74407,8000,-411,1208,37.35,62.64,100.0
2026-06-01,1336,台翰,13.4,13.65,13.25,13.55,222,8,0,0,3.35,96.64,100.0
2026-06-01,1337,再生-KY,4.84,5.09,4.78,4.93,1360,233,0,22,26.05,73.94,100.0
2026-06-01,1338,廣華-KY,16.45,16.8,16.2,16.35,703,198,0,4,6.64,93.35,100.0
2026-06-01,1339,昭輝,45.9,45.9,44.25,44.35,483,47,0,-2,0.98,99.01,100.0
2026-06-01,1340,勝悅-KY,5.42,5.51,5.35,5.47,378,83,0,11,26.4,73.59,100.0
2026-06-01,1341,富林-KY,61.0,62.0,61.0,62.0,32,7,0,0,79.9,20.09,100.0
2026-06-01,1342,八貫,91.3,93.0,91.0,92.8,342,221,0,0,30.14,69.85,100.0
2026-06-01,1343,旭東環保,19.96,20.55,19.75,20.05,29,0,0,0,0.0,0.0,0.0
2026-06-01,1402,遠東新,25.6,25.6,24.65,25.05,78316,14700,-37345,148,17.92,82.07,100.0
2026-06-01,1409,新纖,25.05,25.05,25.05,25.05,8617,-530,0,639,14.26,85.73,100.0
2026-06-01,1410,南染,26.1,26.9,25.8,25.9,84,10,0,2,18.95,81.04,100.0
2026-06-01,1413,宏洲,9.34,9.43,9.23,9.42,70,9,0,0,0.41,99.58,100.0
2026-06-01,1414,東和,14.6,15.0,14.55,15.0,261,72,0,6,1.22,98.77,100.0
2026-06-01,1416,廣豐,11.1,11.35,11.1,11.25,452,170,0,0,6.15,93.84,100.0
2026-06-01,1417,嘉裕,8.06,8.22,8.06,8.2,193,70,0,-3,1.01,98.98,100.0
2026-06-01,1418,東華,18.2,20.0,18.2,19.1,54,2,0,2,0.96,99.03,100.0
2026-06-01,1419,新紡,64.6,66.8,64.3,66.0,346,125,0,1,1.14,98.85,100.0
2026-06-01,1423,利華,41.45,41.9,41.2,41.45,131,21,0,1,1.29,98.7,100.0
2026-06-01,1432,大魯閣,17.0,17.0,16.75,16.8,609,-109,0,1,0.42,99.57,100.0
2026-06-01,1434,福懋,15.4,15.7,15.2,15.55,4225,522,-986,33,7.19,92.8,100.0
2026-06-01,1436,華友聯,44.25,44.7,44.0,44.7,476,237,0,0,6.45,93.54,100.0
2026-06-01,1437,勤益控,28.35,28.45,28.25,28.4,528,37,0,0,8.4,91.59,100.0
2026-06-01,1438,三地開發,20.1,20.1,19.75,20.0,62,3,0,0,0.5,99.49,100.0
2026-06-01,1439,雋揚,25.6,25.9,25.5,25.6,11,7,0,0,1.03,98.96,100.0
2026-06-01,1440,南紡,12.45,13.3,12.15,12.95,7678,111,1,94,7.37,92.62,100.0
2026-06-01,1441,大東,9.21,9.38,9.21,9.37,62,18,0,0,1.38,98.61,100.0
2026-06-01,1442,名軒,25.95,26.85,25.8,26.8,795,174,0,1,8.58,91.41,100.0
2026-06-01,1443,立益,25.15,25.2,24.8,25.1,17,9,0,0,0.31,99.68,100.0
2026-06-01,1443,立益物流,25.15,25.2,24.8,25.1,17,9,0,0,0.31,99.68,100.0
2026-06-01,1444,力麗,6.26,6.78,6.25,6.74,5062,833,0,21,5.29,94.7,100.0
2026-06-01,1445,大宇,11.6,11.7,11.6,11.6,124,36,0,1,3.14,96.85,100.0
2026-06-01,1446,宏和,16.0,16.1,15.75,16.1,306,85,0,5,6.26,93.73,100.0
2026-06-01,1447,力鵬,6.21,6.46,6.12,6.33,3419,-411,0,21,3.2,96.79,100.0
2026-06-01,1449,佳和,13.25,14.05,13.2,14.05,4144,28,0,7,6.22,93.77,100.0
2026-06-01,1451,年興,16.55,16.9,16.55,16.65,377,187,0,1,5.38,94.61,100.0
2026-06-01,1452,宏益,10.5,10.6,10.45,10.55,277,25,0,5,1.95,98.04,100.0
2026-06-01,1453,大將,11.15,11.25,11.0,11.15,178,22,0,0,0.6,99.39,100.0
2026-06-01,1454,台富,12.6,13.3,12.3,13.0,301,41,0,1,0.48,99.51,100.0
2026-06-01,1455,集盛,8.61,9.07,8.52,9.02,1419,588,0,19,2.45,97.54,100.0
2026-06-01,1456,怡華,12.45,12.6,12.1,12.5,117,53,0,3,0.58,99.41,100.0
2026-06-01,1457,宜進,14.0,14.05,13.9,14.0,208,25,0,-10,1.79,98.2,100.0
2026-06-01,1459,聯發,11.65,11.7,11.3,11.55,535,99,0,0,1.71,98.28,100.0
2026-06-01,1460,宏遠,6.94,7.03,6.86,7.0,843,222,0,0,1.95,98.04,100.0
2026-06-01,1463,強盛新,17.95,17.95,17.8,17.8,60,18,0,0,11.5,88.49,100.0
2026-06-01,1464,得力,10.3,10.3,10.1,10.25,457,157,0,0,2.04,97.95,100.0
2026-06-01,1465,偉全,12.25,12.5,12.25,12.5,103,25,0,0,0.51,99.48,100.0
2026-06-01,1466,聚隆,14.05,14.3,13.75,14.2,303,50,0,5,0.76,99.23,100.0
2026-06-01,1467,南緯,6.92,7.38,6.9,7.37,798,3,0,0,19.23,80.76,100.0
2026-06-01,1468,昶和,11.95,12.1,11.75,12.1,56,8,0,2,2.06,97.93,100.0
2026-06-01,1470,大統新創,22.5,22.65,22.4,22.65,12,10,0,0,0.29,99.7,100.0
2026-06-01,1471,首利,11.55,12.25,11.55,12.25,3635,123,0,0,1.01,98.98,100.0
2026-06-01,1472,三洋實業,89.8,90.9,89.8,90.0,78,1,0,0,0.89,99.1,100.0
2026-06-01,1473,台南,21.0,21.2,20.7,21.2,106,25,0,0,5.26,94.73,100.0
2026-06-01,1474,弘裕,9.87,10.5,9.77,10.2,506,33,0,-7,0.51,99.48,100.0
2026-06-01,1475,業旺,24.6,25.2,24.5,25.1,102,38,0,1,0.41,99.58,100.0
2026-06-01,1476,儒鴻,342.5,353.0,339.0,353.0,2955,578,-2,11,31.28,68.71,100.0
2026-06-01,1477,聚陽,216.5,223.5,215.5,222.5,2962,532,19,24,16.23,83.76,100.0
2026-06-01,1480,東盟開發,9.1,9.4,9.1,9.14,16,0,0,0,0.0,0.0,0.0
2026-06-01,1503,士電,220.5,225.0,218.0,220.5,5753,-148,29,58,30.68,69.31,100.0
2026-06-01,1504,東元,76.0,80.0,74.4,78.7,59156,-19515,85,1074,10.49,89.5,100.0
2026-06-01,1506,正道,10.15,10.2,10.0,10.1,842,30,0,7,0.59,99.4,100.0
2026-06-01,1512,瑞利,6.74,6.8,6.5,6.8,264,21,0,-4,5.37,94.62,100.0
2026-06-01,1513,中興電,167.5,171.0,166.5,168.5,9845,1931,75,219,12.09,87.9,100.0
2026-06-01,1514,亞力,126.0,129.0,124.0,126.5,5070,202,22,0,15.77,84.22,100.0
2026-06-01,1515,力山,21.8,22.2,21.5,22.1,1313,373,0,0,4.31,95.68,100.0
2026-06-01,1516,川飛,19.35,21.2,19.35,21.0,111,0,0,1,5.71,94.28,100.0
2026-06-01,1517,利奇,10.0,10.2,10.0,10.2,362,80,0,3,2.51,97.48,100.0
2026-06-01,1519,華城,870.0,888.0,861.0,870.0,2619,56,-100,43,19.92,80.07,100.0
2026-06-01,1521,大億,29.8,29.8,27.8,28.35,600,-19,0,-1,33.02,66.97,100.0
2026-06-01,1522,堤維西,33.95,33.95,32.65,32.85,5206,-1021,0,-25,2.39,97.6,100.0
2026-06-01,1524,耿鼎,33.45,33.65,32.55,32.7,5052,113,0,5,1.45,98.54,100.0
2026-06-01,1525,江申,68.9,71.0,67.9,70.2,60,6,0,0,0.3,99.69,100.0
2026-06-01,1526,日馳,14.45,14.65,14.3,14.65,169,67,0,-2,2.9,97.09,100.0
2026-06-01,1527,鑽全,33.0,33.7,32.65,33.5,448,63,0,-1,10.15,89.84,100.0
2026-06-01,1528,恩德,26.3,27.35,26.25,27.35,10355,2490,-2,22,3.19,96.8,100.0
2026-06-01,1529,樂事綠能,22.15,22.9,22.05,22.6,982,422,0,0,1.53,98.46,100.0
2026-06-01,1530,亞崴,35.2,35.2,33.95,34.1,562,-18,0,-3,0.6,99.39,100.0
2026-06-01,1531,高林股,12.15,12.45,12.15,12.4,212,72,0,0,1.59,98.4,100.0
2026-06-01,1532,勤美,21.0,21.8,20.9,21.7,1738,57,0,0,7.19,92.8,100.0
2026-06-01,1533,車王電,39.35,40.2,38.75,39.85,656,221,0,1,6.63,93.36,100.0
2026-06-01,1535,中宇,49.6,50.2,49.5,50.0,102,48,0,-1,1.16,98.83,100.0
2026-06-01,1536,和大,53.5,55.6,52.7,53.9,6311,249,0,105,6.32,93.67,100.0
2026-06-01,1537,廣隆,126.0,126.0,125.0,126.0,162,35,0,0,15.68,84.31,100.0
2026-06-01,1538,正峰,11.15,11.7,11.15,11.7,4,0,0,0,0.06,99.93,100.0
2026-06-01,1539,巨庭,16.6,16.65,16.05,16.2,201,-22,0,7,0.88,99.11,100.0
2026-06-01,1540,喬福,21.2,22.25,21.2,22.2,778,196,0,8,2.28,97.71,100.0
2026-06-01,1541,錩泰,22.35,22.35,21.3,21.95,54,5,0,4,9.86,90.13,100.0
2026-06-01,1558,伸興,91.8,91.8,90.6,91.6,106,49,0,0,6.69,93.3,100.0
2026-06-01,1560,中砂,721.0,727.0,709.0,717.0,1098,-129,-8,-37,38.71,61.28,100.0
2026-06-01,1563,巧新,65.6,72.5,60.7,69.9,7979,1001,0,-9,4.54,95.45,100.0
2026-06-01,1565,精華,93.5,94.4,93.0,94.3,140,12,0,0,6.0,93.99,100.0
2026-06-01,1568,倉佑,46.5,49.8,45.1,49.8,3710,88,0,-164,2.22,97.77,100.0
2026-06-01,1569,濱川,51.7,52.5,51.0,51.2,821,140,0,0,5.61,94.38,100.0
2026-06-01,1570,力肯,52.3,53.5,51.1,53.0,393,94,0,0,3.39,96.6,100.0
2026-06-01,1580,新麥,122.5,123.5,122.0,123.0,97,19,0,0,5.2,94.79,100.0
2026-06-01,1582,信錦,121.0,121.5,112.0,114.0,10144,-2457,-1,-54,5.28,94.71,100.0
2026-06-01,1583,程泰,63.0,63.0,57.0,57.3,276,23,0,1,0.37,99.62,100.0
2026-06-01,1584,精剛,19.8,20.1,19.5,19.85,1333,715,0,0,4.78,95.21,100.0
2026-06-01,1586,和勤,21.95,22.25,21.7,21.85,423,26,0,0,0.85,99.1,100.0
2026-06-01,1587,吉茂,31.45,31.45,30.3,30.65,1429,-537,0,0,20.02,79.97,100.0
2026-06-01,1590,亞德客-KY,1365.0,1385.0,1340.0,1350.0,1345,-12,-23,1,80.17,19.82,100.0
2026-06-01,1591,駿吉-KY,40.9,42.0,40.3,41.95,154,-25,0,0,4.75,95.24,100.0
2026-06-01,1593,祺驊,31.4,31.4,31.15,31.2,43,9,0,0,6.01,93.98,100.0
2026-06-01,1594,日高,9.09,9.57,9.04,9.57,6,0,0,0,0.0,0.0,0.0
2026-06-01,1595,川寶,86.2,87.5,77.8,80.0,4400,646,0,-9,3.46,96.53,100.0
2026-06-01,1597,直得,180.5,187.0,179.0,180.5,5043,-573,-1,14,4.57,95.42,100.0
2026-06-01,1598,岱宇,20.5,20.75,20.05,20.65,504,161,0,4,1.89,98.1,100.0
2026-06-01,1599,宏佳騰,23.4,23.6,23.3,23.5,93,29,0,0,7.29,92.7,100.0
2026-06-01,1603,華電,32.1,32.3,31.55,32.0,503,29,0,3,2.09,97.9,100.0
2026-06-01,1604,聲寶,23.35,23.35,23.0,23.2,627,-68,0,2,7.36,92.63,100.0
2026-06-01,1605,華新,39.3,41.4,38.3,39.7,114616,-26095,2,1138,15.2,84.79,100.0
2026-06-01,1608,華榮,34.8,35.0,34.1,34.8,5230,1208,-19,3,3.95,96.04,100.0
2026-06-01,1609,大亞,39.1,39.65,38.25,39.0,17366,-3140,0,47,12.17,87.82,100.0
2026-06-01,1611,中電,11.9,12.55,11.8,12.35,2683,-205,0,7,9.98,90.01,100.0
2026-06-01,1612,宏泰,37.25,38.1,37.15,37.65,1940,632,-17,45,18.87,81.12,100.0
2026-06-01,1614,三洋電,31.85,32.8,31.8,32.15,55,12,0,-1,2.28,97.71,100.0
2026-06-01,1615,大山,43.4,43.9,43.25,43.9,358,213,0,0,1.1,98.89,100.0
2026-06-01,1616,億泰,22.0,22.5,21.9,22.15,718,111,0,-22,2.28,97.71,100.0
2026-06-01,1617,榮星,17.0,17.45,16.0,16.9,1285,-256,0,6,19.38,80.61,100.0
2026-06-01,1618,合機,42.5,42.95,41.8,42.6,1211,280,0,2,1.26,98.73,100.0
2026-06-01,1623,大東電,244.0,244.0,239.0,240.0,254,19,0,0,0.29,99.7,100.0
2026-06-01,1626,艾美特-KY,10.0,10.15,9.99,10.0,168,20,0,-2,43.74,56.25,100.0
2026-06-01,1702,南僑,31.1,31.15,30.6,30.8,1285,-107,0,3,7.64,92.35,100.0
2026-06-01,1707,葡萄王,101.0,101.0,99.7,100.5,373,-8,0,-1,14.23,85.76,100.0
2026-06-01,1708,東鹼,38.3,38.9,38.0,38.6,2369,878,0,13,15.6,84.39,100.0
2026-06-01,1709,和益,19.25,19.7,19.15,19.5,1029,591,0,8,3.9,96.09,100.0
2026-06-01,1710,東聯,13.95,14.05,13.5,13.65,11797,-705,0,-122,4.57,95.42,100.0
2026-06-01,1711,永光,49.1,51.3,49.0,49.35,12409,894,0,122,4.97,95.02,100.0
2026-06-01,1712,興農,38.9,39.15,38.3,39.0,1326,-98,0,16,14.22,85.77,100.0
2026-06-01,1713,國化,49.5,49.9,49.4,49.5,298,135,0,0,1.33,98.66,100.0
2026-06-01,1714,和桐,9.66,9.96,9.51,9.81,8125,3339,0,123,21.75,78.24,100.0
2026-06-01,1717,長興,82.0,84.4,81.1,81.5,23201,276,-904,273,12.54,87.45,100.0
2026-06-01,1718,中纖,6.81,7.28,6.68,7.28,17991,3313,0,104,5.76,94.23,100.0
2026-06-01,1720,生達,61.6,61.8,61.0,61.6,347,125,0,2,4.96,95.03,100.0
2026-06-01,1721,三晃,28.5,29.0,28.1,28.1,2992,161,0,0,1.61,98.38,100.0
2026-06-01,1722,台肥,46.6,47.2,46.1,47.05,4239,1387,1,1,7.63,92.36,100.0
2026-06-01,1723,中碳,82.3,84.5,82.0,83.9,1258,293,0,20,8.26,91.73,100.0
2026-06-01,1725,元禎,32.45,33.1,32.0,32.3,199,36,0,-2,0.3,99.69,100.0
2026-06-01,1726,永記,77.8,78.6,77.1,77.8,65,9,0,0,12.87,87.12,100.0
2026-06-01,1727,中華化,94.5,99.3,93.8,95.4,8641,-134,0,3,3.62,96.37,100.0
2026-06-01,1730,花仙子,52.4,52.5,52.3,52.5,66,9,0,0,6.77,93.22,100.0
2026-06-01,1731,美吾華,21.4,21.4,21.25,21.4,249,-27,0,0,1.0,98.99,100.0
2026-06-01,1732,毛寶,26.35,26.6,26.25,26.45,266,109,0,0,2.28,97.71,100.0
2026-06-01,1733,五鼎,29.9,30.25,29.9,30.1,241,94,0,9,3.4,96.59,100.0
2026-06-01,1734,杏輝,30.65,31.0,30.5,31.0,681,112,0,-11,5.04,94.95,100.0
2026-06-01,1735,日勝化,25.05,25.65,24.7,25.3,375,71,0,1,50.82,49.17,100.0
2026-06-01,1736,喬山,120.5,123.0,116.0,118.5,1154,-112,175,3,4.57,95.42,100.0
2026-06-01,1737,臺鹽,31.55,31.65,31.45,31.6,170,65,0,0,8.53,91.46,100.0
2026-06-01,1742,台蠟,15.5,15.9,15.35,15.4,47,-1,0,0,0.21,99.78,100.0
2026-06-01,1752,南光,33.2,33.2,32.85,32.95,63,-6,0,0,1.7,98.29,100.0
2026-06-01,1760,寶齡富錦,60.9,61.0,59.8,60.7,205,39,0,2,11.1,88.89,100.0
2026-06-01,1762,中化生,38.85,39.4,38.0,38.75,504,60,0,-2,2.57,97.42,100.0
2026-06-01,1773,勝一,188.0,189.5,184.0,185.0,770,-159,0,-8,7.82,92.17,100.0
2026-06-01,1776,展宇,18.2,18.6,18.2,18.35,140,45,0,4,0.78,99.21,100.0
2026-06-01,1777,生泰,71.1,71.7,71.1,71.6,31,0,0,0,0.96,99.03,100.0
2026-06-01,1780,立弘,33.45,33.7,32.1,32.6,511,-21,0,0,0.0,0.0,0.0
2026-06-01,1781,合世,10.55,10.95,10.55,10.95,30,-2,0,0,0.61,99.38,100.0
2026-06-01,1783,和康生,38.8,39.0,38.1,38.8,97,15,0,3,7.14,92.85,100.0
2026-06-01,1784,訊聯,67.1,67.2,65.2,66.2,218,64,0,0,3.44,96.55,100.0
2026-06-01,1785,光洋科,160.0,168.0,156.0,157.0,47891,-7599,-267,-50,13.4,86.59,100.0
2026-06-01,1786,科妍,53.6,55.0,52.8,54.8,397,17,0,3,1.71,98.28,100.0
2026-06-01,1788,杏昌,134.0,134.0,133.5,134.0,106,-6,0,0,11.07,88.92,100.0
2026-06-01,1789,神隆,19.75,19.85,19.5,19.7,811,243,0,3,1.73,98.26,100.0
2026-06-01,1795,美時,196.0,199.0,193.5,198.5,1399,-27,28,23,52.46,47.53,100.0
2026-06-01,1796,金穎生技,35.5,35.85,35.0,35.5,25,-1,0,0,0.78,99.21,100.0
2026-06-01,1799,易威,33.25,33.3,32.0,33.05,221,37,0,-2,11.82,88.17,100.0
2026-06-01,1802,台玻,72.0,78.1,71.0,74.8,180789,35838,421,-24,7.08,92.91,100.0
2026-06-01,1805,寶徠,10.05,10.05,9.98,10.05,143,48,0,6,0.52,99.47,100.0
2026-06-01,1806,冠軍,7.99,8.09,7.95,8.09,459,198,0,2,9.39,90.6,100.0
2026-06-01,1808,潤隆,29.0,29.3,28.5,29.1,2272,-700,0,3,3.84,96.15,100.0
2026-06-01,1809,中釉,43.55,47.9,42.65,47.9,13633,2547,0,31,4.49,95.5,100.0
2026-06-01,1810,和成,19.75,20.4,19.35,20.05,6187,1789,0,-4,4.31,95.68,100.0
2026-06-01,1813,寶利徠,12.0,12.0,11.9,11.9,54,-14,0,0,9.38,90.61,100.0
2026-06-01,1815,富喬,108.0,113.0,107.0,109.0,57330,7464,0,1121,21.74,78.25,100.0
2026-06-01,1817,凱撒衛,39.25,39.95,39.25,39.55,57,29,0,0,1.65,98.34,100.0
2026-06-01,1903,士紙,49.2,49.4,48.6,49.4,227,72,0,-2,10.81,89.18,100.0
2026-06-01,1904,正隆,19.2,19.85,19.05,19.65,3031,1121,1,27,9.26,90.73,100.0
2026-06-01,1905,華紙,11.95,12.2,11.8,12.15,4198,381,-6,59,2.23,97.76,100.0
2026-06-01,1906,寶隆,10.1,10.3,10.1,10.3,110,29,0,1,0.64,99.35,100.0
2026-06-01,1907,永豐餘,24.45,24.6,23.95,24.45,1534,537,1,4,12.02,87.97,100.0
2026-06-01,1909,榮成,8.89,9.07,8.88,9.04,4042,1906,0,-70,7.75,92.24,100.0
2026-06-01,2002,中鋼,19.2,19.25,18.9,19.1,66981,-7595,5,768,12.41,87.58,100.0
2026-06-01,2006,東和鋼鐵,67.9,67.9,66.8,67.6,1859,335,-247,-16,18.98,81.01,100.0
2026-06-01,2007,燁興,7.51,7.67,7.45,7.64,733,382,0,16,0.68,99.31,100.0
2026-06-01,2008,高興昌,28.85,29.05,28.8,29.0,32,14,0,3,7.71,92.28,100.0
2026-06-01,2009,第一銅,40.05,40.5,39.4,40.05,2553,712,0,41,2.68,97.31,100.0
2026-06-01,2010,春源,23.3,23.8,23.1,23.75,2284,711,0,4,8.69,91.3,100.0
2026-06-01,2012,春雨,14.35,14.5,14.2,14.5,135,40,0,0,1.4,98.59,100.0
2026-06-01,2013,中鋼構,42.5,42.7,42.05,42.55,133,52,0,0,7.04,92.95,100.0
2026-06-01,2014,中鴻,18.45,18.75,18.15,18.5,9125,3744,0,4,5.63,94.36,100.0
2026-06-01,2015,豐興,63.0,63.0,62.3,62.9,531,-5,-5,49,12.3,87.69,100.0
2026-06-01,2017,官田鋼,8.99,9.13,8.79,9.04,1343,757,0,13,1.94,98.05,100.0
2026-06-01,2020,美亞,21.1,21.25,20.95,21.25,1239,254,0,-5,1.65,98.34,100.0
2026-06-01,2022,聚亨,7.68,7.86,7.5,7.84,1814,965,0,20,2.24,97.75,100.0
2026-06-01,2023,燁輝,13.65,14.05,13.6,13.95,3638,1519,1,27,3.82,96.17,100.0
2026-06-01,2024,志聯,14.35,14.35,14.1,14.1,18,11,0,0,0.46,99.53,100.0
2026-06-01,2025,千興,11.9,11.95,11.7,11.9,371,43,0,7,0.77,99.22,100.0
2026-06-01,2027,大成鋼,42.05,43.2,41.6,43.2,28077,2233,5724,1568,18.47,81.52,100.0
2026-06-01,2028,威致,16.85,17.2,16.8,17.1,198,15,0,9,0.78,99.21,100.0
2026-06-01,2029,盛餘,20.35,20.6,20.25,20.5,456,212,0,2,66.67,33.32,100.0
2026-06-01,2030,彰源,18.2,18.45,17.8,18.3,1654,651,0,6,4.0,95.99,100.0
2026-06-01,2031,新光鋼,39.3,39.9,38.65,39.8,1190,291,-15,2,7.7,92.29,100.0
2026-06-01,2032,新鋼,18.0,18.3,17.7,18.2,1214,486,0,8,3.7,96.29,100.0
2026-06-01,2033,佳大,15.25,15.4,15.1,15.35,136,24,0,7,0.86,99.13,100.0
2026-06-01,2034,允強,20.2,20.35,19.9,20.2,2237,849,0,34,3.48,96.51,100.0
2026-06-01,2035,唐榮,27.95,28.0,27.95,28.0,2,0,0,0,0.0,99.99,100.0
2026-06-01,2038,海光,13.95,14.2,13.6,13.95,676,240,0,12,1.52,98.47,100.0
2026-06-01,2049,上銀,392.5,398.5,387.0,387.5,5578,-432,79,32,35.71,64.28,100.0
2026-06-01,2059,川湖,5285.0,5345.0,5110.0,5215.0,720,-79,83,1,24.41,75.58,100.0
2026-06-01,2061,風青,37.4,39.9,37.4,39.9,1431,-57,0,0,4.84,95.15,100.0
2026-06-01,2062,橋椿,18.7,18.85,18.4,18.85,337,113,0,0,7.28,92.71,100.0
2026-06-01,2063,世鎧,25.2,25.2,25.1,25.2,27,1,0,0,1.01,98.98,100.0
2026-06-01,2064,晉椿,14.4,15.15,13.75,15.15,88,-3,0,0,0.1,99.89,100.0
2026-06-01,2065,世豐,36.5,36.5,36.0,36.0,133,0,0,0,0.75,99.24,100.0
2026-06-01,2066,世德,61.0,61.0,58.0,58.4,148,-17,0,0,9.43,90.56,100.0
2026-06-01,2067,嘉鋼,6.5,6.7,6.42,6.5,109,0,0,0,11.28,88.71,100.0
2026-06-01,2069,運錩,19.1,19.65,19.1,19.6,345,177,0,1,2.83,97.16,100.0
2026-06-01,2070,精湛,77.6,77.6,74.6,75.5,1398,53,0,0,1.43,98.56,100.0
2026-06-01,2071,震南鐵,20.58,20.65,20.15,20.6,36,-4,0,0,0.0,0.0,0.0
2026-06-01,2072,世紀風電,171.0,174.5,170.0,174.0,616,193,0,0,1.92,98.07,100.0
2026-06-01,2073,雄順,25.85,25.95,25.85,25.95,8,0,0,0,0.04,99.96,100.0
2026-06-01,2101,南港,30.3,32.35,29.95,32.0,7022,925,0,14,5.41,94.58,100.0
2026-06-01,2102,泰豐,18.05,18.05,17.75,17.95,447,57,0,-1,2.91,97.08,100.0
2026-06-01,2103,台橡,19.05,19.55,18.85,19.45,3630,685,0,8,20.96,79.03,100.0
2026-06-01,2104,國際中橡,10.25,10.5,10.1,10.5,4265,385,0,13,5.43,94.56,100.0
2026-06-01,2105,正新,32.4,33.05,32.2,33.0,14468,-822,56,278,10.74,89.25,100.0
2026-06-01,2106,建大,16.9,17.05,16.7,17.05,2262,783,1,11,8.35,91.64,100.0
2026-06-01,2107,厚生,25.3,25.65,25.25,25.65,382,205,0,-1,6.1,93.89,100.0
2026-06-01,2108,南帝,27.2,27.65,27.0,27.25,1171,446,0,0,5.01,94.98,100.0
2026-06-01,2109,華豐,14.1,14.1,14.0,14.05,221,43,0,0,15.13,84.86,100.0
2026-06-01,2114,鑫永銓,94.8,95.3,94.3,94.4,337,-89,0,3,4.08,95.91,100.0
2026-06-01,2115,六暉-KY,21.65,21.75,21.35,21.65,151,31,0,2,44.16,55.83,100.0
2026-06-01,2201,裕隆,27.35,28.05,26.75,27.85,5791,840,46,-9,4.35,95.64,100.0
2026-06-01,2204,中華,54.1,54.1,53.2,53.6,1539,-258,-192,0,17.68,82.31,100.0
2026-06-01,2206,三陽工業,60.6,61.1,60.3,61.0,1389,529,-114,6,5.66,94.33,100.0
2026-06-01,2207,和泰車,478.0,484.0,470.0,473.5,952,5,-146,49,21.38,78.61,100.0
2026-06-01,2208,台船,17.8,18.4,17.75,18.3,10265,-1477,-8,-85,8.4,91.59,100.0
2026-06-01,2211,長榮鋼,92.9,93.9,92.4,93.9,1178,433,-213,0,3.75,96.24,100.0
2026-06-01,2221,大甲,43.25,44.45,41.8,43.65,523,25,0,0,1.69,98.3,100.0
2026-06-01,2227,裕日車,50.5,50.5,49.75,50.0,73,26,0,0,40.37,59.62,100.0
2026-06-01,2228,劍麟,85.1,86.0,84.3,85.2,227,50,0,1,3.05,96.94,100.0
2026-06-01,2230,泰茂,28.25,28.7,27.85,28.15,278,72,0,1,2.47,97.52,100.0
2026-06-01,2231,為升,106.5,111.0,106.0,109.0,1561,-170,0,22,4.84,95.15,100.0
2026-06-01,2233,宇隆,353.0,361.5,344.0,355.0,1186,193,0,-46,6.34,93.65,100.0
2026-06-01,2235,謚源,30.3,30.8,30.05,30.5,20,0,0,0,0.03,99.96,100.0
2026-06-01,2236,百達-KY,140.0,141.5,136.0,140.5,378,60,0,-16,52.32,47.67,100.0
2026-06-01,2237,華德動能,38.17,39.0,37.5,38.2,129,0,0,0,0.0,0.0,0.0
2026-06-01,2239,英利-KY,24.35,24.95,24.0,24.5,92,-5,0,0,75.36,24.63,100.0
2026-06-01,2241,艾姆勒,34.6,35.7,33.45,34.65,2545,-65,0,0,7.73,92.26,100.0
2026-06-01,2243,宏旭-KY,27.3,30.0,27.2,29.95,3608,429,-1,0,28.2,71.79,100.0
2026-06-01,2245,詠勝昌*,28.17,32.85,27.7,30.95,148,1,0,0,0.0,0.0,0.0
2026-06-01,2247,汎德永業,225.0,225.0,216.5,217.5,167,-56,0,2,4.0,95.99,100.0
2026-06-01,2248,華勝-KY,54.8,55.7,54.7,55.1,67,10,0,0,50.21,49.78,100.0
2026-06-01,2249,湧盛,124.72,124.5,121.5,123.5,60,-2,0,0,0.0,0.0,0.0
2026-06-01,2250,IKKA-KY,65.2,65.3,63.9,64.3,142,16,0,2,6.93,93.04,100.0
2026-06-01,2252,為昇科,17.75,18.1,17.0,17.4,262,0,0,0,0.0,0.0,0.0
2026-06-01,2254,巨鎧精密-創,70.0,70.0,67.0,67.0,28,3,0,9,23.84,76.15,100.0
2026-06-01,2255,凱銳光電,18.94,19.3,18.6,19.3,31,0,0,0,0.0,0.0,0.0
2026-06-01,2256,歐特明,87.44,88.8,82.0,85.3,245,0,0,0,0.0,0.0,0.0
2026-06-01,2258,鴻華先進-創,30.4,33.05,30.3,32.95,2239,341,0,-16,0.36,99.63,100.0
2026-06-01,2301,光寶科,239.0,241.5,231.0,234.5,35719,2418,-694,-199,40.24,59.75,100.0
2026-06-01,2302,麗正,37.35,40.65,36.85,38.25,10553,-1346,0,7,2.09,97.9,100.0
2026-06-01,2303,聯電,143.0,155.5,140.0,146.0,289268,20426,-38025,-87,36.73,63.26,100.0
2026-06-01,2305,全友,23.85,24.4,23.05,23.05,6468,-970,0,12,5.7,94.29,100.0
2026-06-01,2308,台達電,2450.0,2520.0,2410.0,2420.0,9840,-821,133,-81,64.31,35.68,100.0
2026-06-01,2312,金寶,39.9,42.0,39.8,40.6,120797,-6375,593,535,10.93,89.06,100.0
2026-06-01,2313,華通,288.5,291.5,278.5,282.0,72392,-13708,25,81,24.74,75.25,100.0
2026-06-01,2314,台揚,16.0,16.15,16.0,16.15,590,15,0,0,1.59,98.4,100.0
2026-06-01,2316,楠梓電,171.5,175.0,164.0,166.0,6644,-1164,0,-20,33.34,66.65,100.0
2026-06-01,2317,鴻海,302.0,304.5,293.0,293.5,205766,-6575,1808,-376,41.41,58.58,100.0
2026-06-01,2321,東訊,15.0,15.0,14.95,14.95,4,0,0,0,0.01,99.98,100.0
2026-06-01,2323,中環,10.45,10.75,10.4,10.55,12849,4142,62,86,10.42,89.57,100.0
2026-06-01,2324,仁寶,40.05,40.35,40.05,40.35,113043,919,-14227,2431,41.98,58.01,100.0
2026-06-01,2327,國巨*,765.0,811.0,765.0,790.0,32143,2259,-13,537,51.43,48.56,100.0
2026-06-01,2328,廣宇,57.0,61.0,56.4,61.0,26828,1890,0,1145,9.8,90.19,100.0
2026-06-01,2329,華泰,61.3,62.3,60.6,61.0,16891,1587,12,-547,11.19,88.8,100.0
2026-06-01,2330,台積電,2355.0,2415.0,2350.0,2355.0,60942,-3311,458,922,70.37,29.62,100.0
2026-06-01,2331,精英,24.0,24.4,23.85,24.4,7498,1064,0,313,6.68,93.31,100.0
2026-06-01,2332,友訊,17.1,17.1,16.55,16.7,6996,-1048,0,-11,11.19,88.8,100.0
2026-06-01,2337,旺宏,169.5,175.0,166.0,167.5,190490,14372,3088,1263,29.75,70.24,100.0
2026-06-01,2338,光罩,59.0,60.0,56.9,57.2,11246,-3219,0,89,6.24,93.75,100.0
2026-06-01,2340,台亞,38.2,38.7,36.6,36.6,8213,-430,0,-352,8.84,91.15,100.0
2026-06-01,2342,茂矽,42.55,43.3,41.5,41.7,5208,-731,0,1,5.64,94.35,100.0
2026-06-01,2344,華邦電,168.0,173.5,166.0,168.0,295190,-6767,5952,961,24.75,75.24,100.0
2026-06-01,2345,智邦,2460.0,2540.0,2430.0,2510.0,3363,356,33,-64,58.23,41.76,100.0
2026-06-01,2347,聯強,85.4,86.9,84.4,86.5,6341,-219,954,63,33.28,66.71,100.0
2026-06-01,2348,海悅,68.2,69.9,68.2,69.9,338,67,0,0,0.91,99.08,100.0
2026-06-01,2349,錸德,14.25,14.7,14.0,14.3,12923,3086,0,12,14.01,85.98,100.0
2026-06-01,2351,順德,211.0,211.0,198.5,202.0,6988,-571,-2,-61,16.12,83.87,100.0
2026-06-01,2352,佳世達,29.4,31.5,29.2,30.65,27389,-5151,103,650,10.29,89.7,100.0
2026-06-01,2353,宏碁,38.7,38.7,38.7,38.7,27395,8567,-2747,506,10.85,89.14,100.0
2026-06-01,2354,鴻準,61.6,64.0,61.4,62.8,32610,1966,8,583,10.79,89.2,100.0
2026-06-01,2355,敬鵬,63.0,63.0,60.0,60.2,38150,-14830,-334,-906,15.14,84.85,100.0
2026-06-01,2356,英業達,71.5,77.2,69.2,77.2,241053,-10745,7569,1138,17.82,82.17,100.0
2026-06-01,2357,華碩,837.0,837.0,837.0,837.0,4445,1256,-10,147,33.92,66.07,100.0
2026-06-01,2359,所羅門,147.0,154.5,145.5,150.5,15640,-282,0,266,4.19,95.8,100.0
2026-06-01,2360,致茂,2520.0,2710.0,2500.0,2580.0,3918,-655,-252,-11,57.93,42.06,100.0
2026-06-01,2362,藍天,45.2,48.45,43.9,47.25,8683,-2035,0,1,10.28,89.71,100.0
2026-06-01,2363,矽統,67.9,68.8,66.5,67.1,16195,-1080,0,-183,8.42,91.57,100.0
2026-06-01,2364,倫飛,69.8,71.8,69.1,71.6,550,66,0,2,15.78,84.21,100.0
2026-06-01,2365,昆盈,38.5,39.2,38.0,38.0,7493,68,0,11,4.08,95.91,100.0
2026-06-01,2367,燿華,68.6,69.2,66.2,67.4,45237,-4747,0,-154,6.92,93.07,100.0
2026-06-01,2368,金像電,1345.0,1350.0,1300.0,1325.0,4844,502,-216,-5,26.02,73.97,100.0
2026-06-01,2369,菱生,40.9,40.9,39.5,39.7,23872,-4202,0,-330,20.78,79.21,100.0
2026-06-01,2371,大同,30.2,30.9,29.85,30.25,22190,4569,0,279,7.68,92.31,100.0
2026-06-01,2373,震旦行,58.2,58.4,58.0,58.4,82,19,0,0,0.85,99.14,100.0
2026-06-01,2374,佳能,84.2,86.4,83.3,84.7,21521,244,0,281,6.89,93.1,100.0
2026-06-01,2375,凱美,163.5,175.0,158.0,164.0,7997,74,0,-45,12.22,87.77,100.0
2026-06-01,2376,技嘉,385.0,396.0,376.5,387.0,38916,-4462,4171,491,23.44,76.55,100.0
2026-06-01,2377,微星,136.0,144.0,134.5,141.5,79728,4293,60,473,13.46,86.53,100.0
2026-06-01,2379,瑞昱,595.0,610.0,583.0,609.0,5909,-696,1389,-34,51.96,48.03,100.0
2026-06-01,2380,虹光,5.35,5.35,5.3,5.33,411,4,0,0,0.26,99.73,100.0
2026-06-01,2382,廣達,366.0,372.5,361.0,372.5,76692,-2613,7281,206,23.97,76.02,100.0
2026-06-01,2383,台光電,5130.0,5280.0,4985.0,5070.0,2273,718,-654,-24,43.45,56.54,100.0
2026-06-01,2385,群光,136.5,142.5,136.0,141.5,6640,911,182,-410,19.05,80.94,100.0
2026-06-01,2387,精元,41.1,43.1,41.1,42.45,2117,1000,0,0,9.78,90.21,100.0
2026-06-01,2388,威盛,77.4,77.5,74.6,74.8,8687,-990,-6,-319,13.6,86.39,100.0
2026-06-01,2390,云辰,10.8,11.4,10.7,11.25,1997,820,0,9,3.4,96.59,100.0
2026-06-01,2392,正崴,40.05,42.2,39.7,41.85,5764,587,0,318,7.19,92.8,100.0
2026-06-01,2393,億光,62.8,64.5,62.6,64.4,3534,-994,725,50,29.16,70.83,100.0
2026-06-01,2395,研華,505.0,525.0,505.0,517.0,3813,29,211,-26,35.42,64.57,100.0
2026-06-01,2397,友通,64.4,65.4,64.1,64.8,888,219,0,0,12.58,87.41,100.0
2026-06-01,2399,映泰,48.7,52.4,48.5,50.2,13406,4862,-2,-7,9.23,90.76,100.0
2026-06-01,2401,凌陽,30.2,30.2,29.2,29.65,11158,-599,0,-3,13.32,86.67,100.0
2026-06-01,2402,毅嘉,69.3,71.5,69.3,69.9,10897,32,-102,230,6.1,93.28,100.0
2026-06-01,2404,漢唐,1170.0,1175.0,1135.0,1175.0,2682,-472,179,28,32.55,67.44,100.0
2026-06-01,2405,輔信,17.8,18.75,17.45,18.4,15182,-214,0,-1,5.45,94.54,100.0
2026-06-01,2406,國碩,34.55,36.65,34.2,35.9,22815,8412,0,5,19.55,80.44,100.0
2026-06-01,2408,南亞科,362.0,381.5,359.5,381.5,129059,27016,2178,520,15.07,84.92,100.0
2026-06-01,2409,友達,23.8,24.8,23.1,23.8,564845,-110354,99,-2139,12.49,87.5,100.0
2026-06-01,2412,中華電,137.0,142.0,137.0,140.5,27375,5039,5941,632,17.08,31.91,49.0
2026-06-01,2413,環科,52.1,53.9,51.6,53.2,9055,-1261,0,-5,4.14,95.85,100.0
2026-06-01,2414,精技,50.8,51.9,50.8,51.5,360,60,0,0,5.48,94.51,100.0
2026-06-01,2415,錩新,27.0,27.35,26.85,27.15,222,91,0,2,21.07,78.92,100.0
2026-06-01,2417,圓剛,49.8,53.9,49.8,53.9,13058,255,0,5,3.99,96.0,100.0
2026-06-01,2419,仲琦,33.4,34.55,32.65,33.0,5311,-203,-1,-521,1.72,98.27,100.0
2026-06-01,2420,新巨,64.6,64.7,63.7,63.7,720,234,11,15,7.9,92.09,100.0
2026-06-01,2421,建準,161.0,166.0,159.5,165.0,7806,1662,158,215,30.29,69.7,100.0
2026-06-01,2423,固緯,82.3,84.7,79.5,80.7,336,7,0,-3,4.96,95.03,100.0
2026-06-01,2424,隴華,12.4,12.95,12.3,12.95,111,23,0,0,0.47,48.52,49.0
2026-06-01,2425,承啟,35.85,37.0,35.85,36.7,1321,149,0,-14,10.41,89.58,100.0
2026-06-01,2426,鼎元,81.9,81.9,75.0,77.0,19361,-3082,387,1,6.51,93.48,100.0
2026-06-01,2427,三商電,20.6,22.1,20.6,22.05,2347,-248,0,0,3.47,96.52,100.0
2026-06-01,2428,興勤,291.0,304.5,278.0,283.0,3957,-758,83,-27,18.94,81.05,100.0
2026-06-01,2429,銘旺科,47.5,49.9,47.5,48.85,717,180,0,0,0.92,99.07,100.0
2026-06-01,2430,燦坤,18.25,18.45,18.2,18.35,285,164,0,0,2.84,97.15,100.0
2026-06-01,2431,聯昌,10.45,11.2,10.35,10.9,1517,-319,0,1,2.21,97.78,100.0
2026-06-01,2432,倚天,26.55,26.65,26.2,26.65,99,18,0,-1,0.69,99.3,100.0
2026-06-01,2432,倚天酷碁-創,26.55,26.65,26.2,26.65,99,18,0,-1,0.69,99.3,100.0
2026-06-01,2433,互盛電,43.0,43.5,42.95,43.5,59,36,0,0,0.92,99.07,100.0
2026-06-01,2434,統懋,39.75,39.75,36.15,37.15,642,9,0,0,1.05,98.94,100.0
2026-06-01,2436,偉詮電,78.2,78.6,75.5,75.9,6523,-1081,0,5,11.48,88.51,100.0
2026-06-01,2438,翔耀,28.2,28.9,26.4,26.95,929,32,0,0,0.96,99.03,100.0
2026-06-01,2439,美律,92.0,93.0,91.0,91.6,3230,630,-189,5,12.85,87.14,100.0
2026-06-01,2440,太空梭,17.75,18.7,17.6,18.15,1339,276,0,5,2.59,97.4,100.0
2026-06-01,2441,超豐,143.0,143.0,135.0,137.5,14977,-1324,406,-291,9.97,90.02,100.0
2026-06-01,2442,新美齊,18.7,18.95,18.55,18.9,2759,670,0,2,2.05,97.94,100.0
2026-06-01,2444,兆勁,12.55,12.7,12.1,12.5,1173,575,0,-1,2.97,97.02,100.0
2026-06-01,2449,京元電子,328.5,329.5,317.0,318.0,51661,1486,-7544,-7,29.7,70.29,100.0
2026-06-01,2450,神腦,29.9,31.15,29.85,30.8,1068,237,0,0,1.26,98.73,100.0
2026-06-01,2451,創見,351.0,360.0,343.0,357.5,8658,815,987,42,12.12,87.87,100.0
2026-06-01,2453,凌群,61.4,64.5,61.3,63.9,4146,490,0,0,4.89,95.1,100.0
2026-06-01,2454,聯發科,4440.0,4710.0,4440.0,4555.0,20083,3786,-461,-176,56.27,43.72,100.0
2026-06-01,2455,全新,428.0,428.5,410.5,415.5,1670,623,22,-83,26.62,73.37,100.0
2026-06-01,2457,飛宏,27.0,27.4,26.4,26.85,5181,-207,0,238,6.84,93.15,100.0
2026-06-01,2458,義隆,164.0,168.0,161.0,167.0,5356,-1004,1331,20,24.19,75.8,100.0
2026-06-01,2459,敦吉,67.5,67.5,66.8,67.3,325,-95,0,0,16.7,83.29,100.0
2026-06-01,2460,建通,33.05,33.05,32.35,32.8,739,69,0,0,1.0,98.99,100.0
2026-06-01,2461,光群雷,16.35,17.2,16.15,16.8,1796,580,0,2,5.71,94.28,100.0
2026-06-01,2462,良得電,21.15,23.1,21.15,23.1,1273,338,0,10,1.51,98.48,100.0
2026-06-01,2464,盟立,194.5,202.0,191.5,199.0,23206,772,169,-197,12.98,87.01,100.0
2026-06-01,2465,麗臺,83.8,90.8,83.8,88.5,4090,866,0,3,6.41,93.58,100.0
2026-06-01,2466,冠西電,47.85,48.35,46.65,47.0,280,-4,0,1,10.47,89.52,100.0
2026-06-01,2467,志聖,634.0,647.0,625.0,637.0,1405,151,22,0,20.35,79.64,100.0
2026-06-01,2468,華經,34.15,36.5,34.15,36.5,988,326,0,8,2.0,97.99,100.0
2026-06-01,2471,資通,51.3,56.2,51.3,54.6,2251,347,0,3,5.47,94.52,100.0
2026-06-01,2472,立隆電,383.0,408.0,383.0,392.0,3708,27,24,5,10.53,89.46,100.0
2026-06-01,2474,可成,223.5,223.5,223.5,223.5,7965,-538,-3910,385,22.56,77.43,100.0
2026-06-01,2476,鉅祥,124.5,127.0,121.0,122.0,3308,-443,0,27,9.97,90.02,100.0
2026-06-01,2477,美隆電,21.6,22.4,21.6,22.15,703,242,0,-4,23.52,76.47,100.0
2026-06-01,2478,大毅,140.5,152.5,140.5,144.0,3472,278,0,17,15.85,84.14,100.0
2026-06-01,2480,敦陽科,150.0,161.0,150.0,161.0,1943,15,-46,14,10.16,89.83,100.0
2026-06-01,2481,強茂,163.5,163.5,151.0,157.0,61880,-14261,7014,-68,19.09,80.9,100.0
2026-06-01,2482,連宇,16.25,16.95,16.25,16.75,376,89,0,3,1.58,98.41,100.0
2026-06-01,2483,百容,26.0,26.5,25.3,25.5,684,119,0,3,2.63,97.36,100.0
2026-06-01,2484,希華,54.7,55.2,52.6,53.2,13856,-393,0,-3,6.3,93.69,100.0
2026-06-01,2485,兆赫,74.6,74.8,72.5,72.6,21901,-3281,-3,-69,2.17,97.82,100.0
2026-06-01,2486,一詮,267.0,270.0,256.0,266.5,11620,-441,-1356,11,13.42,86.57,100.0
2026-06-01,2488,漢平,53.1,54.1,53.1,54.1,165,91,0,0,7.1,92.89,100.0
2026-06-01,2489,瑞軒,50.1,50.4,48.65,48.65,31391,-4771,15,-164,6.43,93.56,100.0
2026-06-01,2491,吉祥全,23.55,25.6,23.55,25.6,2101,325,0,6,6.88,93.11,100.0
2026-06-01,2492,華新科,408.0,433.0,408.0,416.0,4963,965,170,329,25.31,74.68,100.0
2026-06-01,2493,揚博,159.0,159.0,150.0,153.0,4523,-1252,411,-50,2.62,97.37,100.0
2026-06-01,2495,普安,50.6,52.6,49.05,50.9,15163,190,38,7,10.83,89.16,100.0
2026-06-01,2496,卓越,64.8,64.8,64.5,64.7,15,1,0,0,23.26,76.73,100.0
2026-06-01,2497,怡利電,60.1,65.6,60.1,65.6,5008,302,7,29,3.34,96.65,100.0
2026-06-01,2498,宏達電,45.5,45.95,45.2,45.5,8946,-224,0,-24,8.77,91.22,100.0
2026-06-01,2501,國建,22.65,23.0,22.35,22.95,5070,2350,-677,-1,11.21,88.78,100.0
2026-06-01,2504,國產,34.95,35.65,34.95,35.5,3251,52,0,1,7.37,92.62,100.0
2026-06-01,2505,國揚,17.4,17.55,17.25,17.45,370,117,0,0,3.56,96.43,100.0
2026-06-01,2506,太設,8.65,8.73,8.6,8.72,228,114,0,0,4.83,95.16,100.0
2026-06-01,2509,全坤建,12.2,12.35,12.2,12.3,227,54,0,0,1.36,98.63,100.0
2026-06-01,2511,太子,7.7,7.88,7.69,7.81,2463,679,0,31,2.38,97.61,100.0
2026-06-01,2514,龍邦,12.95,13.9,12.95,13.65,1389,164,0,-10,2.27,97.72,100.0
2026-06-01,2515,中工,12.95,13.1,12.8,12.8,8437,-286,0,11,7.08,92.91,100.0
2026-06-01,2516,新建,12.75,12.8,12.5,12.6,148,9,0,0,2.4,97.59,100.0
2026-06-01,2520,冠德,29.9,30.9,29.8,30.9,1729,1246,0,23,12.08,87.91,100.0
2026-06-01,2524,京城,34.45,35.5,34.45,35.45,184,116,0,-2,0.73,99.26,100.0
2026-06-01,2527,宏璟,36.75,37.25,36.2,36.75,437,219,0,5,42.34,57.65,100.0
2026-06-01,2528,皇普,21.1,21.1,20.0,20.15,2261,-109,0,0,1.06,98.93,100.0
2026-06-01,2530,華建,18.9,19.7,18.5,19.7,1604,531,0,-36,2.93,97.06,100.0
2026-06-01,2534,宏盛,17.3,17.3,17.05,17.3,1198,133,0,10,6.15,93.84,100.0
2026-06-01,2535,達欣工,81.0,83.0,79.9,82.4,628,115,0,0,6.65,93.34,100.0
2026-06-01,2536,宏普,19.5,19.8,19.4,19.75,308,149,0,5,8.88,91.11,100.0
2026-06-01,2537,聯上發,9.42,10.1,9.42,10.05,1983,440,0,2,2.08,97.91,100.0
2026-06-01,2538,基泰,9.31,9.8,9.29,9.64,3664,552,0,2,9.99,90.0,100.0
2026-06-01,2539,櫻花建,36.7,37.55,35.35,36.7,3249,-1049,0,40,1.78,98.21,100.0
2026-06-01,2540,愛山林,55.0,55.0,54.0,54.2,672,13,0,7,1.5,98.49,100.0
2026-06-01,2542,興富發,41.9,42.6,41.3,42.6,10112,1726,0,263,10.94,89.05,100.0
2026-06-01,2543,皇昌,46.5,48.1,46.1,47.0,4006,-236,0,11,1.11,98.88,100.0
2026-06-01,2545,皇翔,36.35,37.1,36.15,36.95,399,139,0,4,2.65,97.34,100.0
2026-06-01,2546,根基,87.6,87.6,86.3,87.3,214,97,0,0,3.47,96.52,100.0
2026-06-01,2547,日勝生,9.87,9.95,9.82,9.92,2285,1298,0,15,12.86,87.13,100.0
2026-06-01,2548,華固,119.5,123.0,117.5,122.5,4868,-1510,121,12,16.2,83.79,100.0
2026-06-01,2596,綠意,27.5,27.85,26.9,27.85,174,58,0,0,0.7,99.29,100.0
2026-06-01,2597,潤弘,164.5,169.0,163.5,166.5,1026,291,0,78,3.21,96.78,100.0
2026-06-01,2601,益航,5.24,5.76,5.15,5.76,5897,73,0,17,13.14,36.84,49.99
2026-06-01,2603,長榮,217.0,225.0,216.5,224.0,38077,2159,12843,946,20.66,29.32,49.99
2026-06-01,2605,新興,30.5,33.2,30.5,33.2,16558,6390,0,-353,49.94,0.04,49.99
2026-06-01,2606,裕民,68.8,72.1,68.5,71.9,6679,656,-32,358,15.2,34.78,49.99
2026-06-01,2607,榮運,48.0,48.6,47.7,48.55,814,59,0,88,8.53,41.45,49.99
2026-06-01,2608,嘉里大榮,29.1,29.55,28.8,29.4,583,274,0,0,3.22,96.77,100.0
2026-06-01,2609,陽明,53.6,55.7,53.6,54.9,51690,20142,-6005,809,15.27,34.71,49.99
2026-06-01,2610,華航,19.2,19.6,19.15,19.55,75526,1787,-38,1706,13.95,36.03,49.99
2026-06-01,2611,志信,13.0,13.65,12.95,13.65,1119,328,0,0,1.08,98.91,100.0
2026-06-01,2612,中航,55.8,57.7,55.3,57.3,1289,307,0,-15,4.01,95.98,100.0
2026-06-01,2613,中櫃,21.9,22.95,21.8,22.8,1145,207,0,0,1.46,31.86,33.33
2026-06-01,2614,東森,18.35,18.85,18.25,18.7,1095,199,0,-1,3.15,46.83,49.99
2026-06-01,2615,萬海,83.6,85.9,83.6,84.4,17927,4523,0,185,42.9,7.08,49.99
2026-06-01,2616,山隆,13.7,13.8,13.55,13.65,432,172,0,4,2.11,97.88,100.0
2026-06-01,2617,台航,28.95,29.7,28.95,29.65,1672,630,0,3,8.75,41.23,49.99
2026-06-01,2618,長榮航,36.45,37.85,36.3,37.7,82974,-24438,37712,271,21.31,28.67,49.99
2026-06-01,2630,亞航,43.25,44.4,42.8,43.7,1464,432,0,4,4.22,95.77,100.0
2026-06-01,2633,台灣高鐵,25.2,25.4,25.0,25.1,14497,-6145,-6,26,8.18,40.8,48.99
2026-06-01,2634,漢翔,47.5,48.3,47.05,47.75,7555,1489,-8,83,3.01,6.98,10.0
2026-06-01,2636,台驊控股,68.4,70.2,67.8,69.8,1180,546,0,-4,9.68,90.31,100.0
2026-06-01,2637,慧洋-KY,75.7,79.8,75.2,78.8,5255,1546,-227,66,19.06,80.93,100.0
2026-06-01,2640,大車隊,160.0,160.5,159.5,160.5,22,-6,0,0,4.77,95.22,100.0
2026-06-01,2641,正德,17.7,19.4,17.7,19.35,15416,-1482,0,84,2.88,97.11,100.0
2026-06-01,2642,宅配通,21.3,21.3,20.7,20.95,200,-43,0,0,5.27,94.72,100.0
2026-06-01,2643,捷迅,66.4,66.9,65.8,66.9,54,-2,0,0,1.41,98.58,100.0
2026-06-01,2644,中信造船,77.64,78.5,75.8,77.9,16,-6,0,0,0.0,0.0,0.0
2026-06-01,2645,長榮航太,167.0,174.5,166.0,172.5,3117,1034,117,69,7.7,92.29,100.0
2026-06-01,2646,星宇航空,20.5,20.8,20.25,20.7,11694,3732,1,45,2.93,47.05,49.99
2026-06-01,2701,萬企,10.3,10.35,10.2,10.3,88,53,0,0,0.56,99.43,100.0
2026-06-01,2702,華園,14.15,14.15,13.3,13.5,276,11,0,3,39.45,60.54,100.0
2026-06-01,2704,國賓,42.4,42.45,42.15,42.3,108,-2,0,1,9.78,90.21,100.0
2026-06-01,2705,六福,15.15,15.4,15.1,15.3,316,68,0,0,1.43,98.56,100.0
2026-06-01,2706,第一店,11.95,12.05,11.9,11.9,196,67,0,0,2.66,97.33,100.0
2026-06-01,2707,晶華,172.5,174.0,172.5,173.5,253,149,0,0,5.74,94.25,100.0
2026-06-01,2712,遠雄來,14.6,15.4,14.6,15.35,21,12,0,0,0.31,99.68,100.0
2026-06-01,2718,晶悅,46.6,46.6,45.5,46.55,93,-7,0,0,0.58,99.41,100.0
2026-06-01,2718,全心投控,46.6,46.6,45.5,46.55,93,-7,0,0,0.58,99.41,100.0
2026-06-01,2719,燦星旅,24.9,25.3,24.9,25.1,31,3,0,0,0.19,99.8,100.0
2026-06-01,2722,夏都,22.3,22.6,22.15,22.5,45,11,0,0,0.37,99.62,100.0
2026-06-01,2723,美食-KY,61.2,62.4,60.9,62.1,380,154,0,2,46.11,53.88,100.0
2026-06-01,2724,富驛-KY,13.05,13.05,13.0,13.05,16,0,0,0,15.09,84.9,100.0
2026-06-01,2724,藝舍-KY,13.05,13.05,13.0,13.05,16,0,0,0,15.09,84.9,100.0
2026-06-01,2726,雅茗-KY,10.4,10.5,10.0,10.45,69,-10,0,0,23.52,76.47,100.0
2026-06-01,2727,王品,233.0,236.5,232.0,236.0,499,212,0,7,27.2,72.79,100.0
2026-06-01,2729,瓦城,159.0,159.0,157.0,158.0,70,-4,0,0,2.09,97.9,100.0
2026-06-01,2731,雄獅,168.0,170.0,167.5,169.5,1230,-21,0,44,12.01,87.98,100.0
2026-06-01,2732,六角,64.2,65.8,63.5,65.0,68,5,0,-1,4.33,95.66,100.0
2026-06-01,2733,維格餅家,11.03,11.05,10.55,11.05,0,0,0,0,0.0,0.0,0.0
2026-06-01,2734,易飛網,14.85,15.15,14.8,15.1,190,67,0,0,3.86,96.13,100.0
2026-06-01,2736,富野,12.0,12.1,12.0,12.0,58,5,0,0,1.04,98.95,100.0
2026-06-01,2739,寒舍,35.0,35.35,34.6,35.35,156,36,0,3,2.66,97.33,100.0
2026-06-01,2740,天蔥,34.85,34.85,31.8,34.35,5,0,0,0,1.66,98.33,100.0
2026-06-01,2740,華軒,34.85,34.85,31.8,34.35,5,0,0,0,1.66,98.33,100.0
2026-06-01,2741,老四川,20.92,21.2,20.4,21.1,22,0,0,0,0.0,0.0,0.0
2026-06-01,2743,山富,67.5,69.5,67.2,69.2,310,95,0,4,1.49,98.5,100.0
2026-06-01,2745,五福,102.5,104.0,102.5,104.0,249,89,0,0,1.32,98.67,100.0
2026-06-01,2748,雲品,39.05,39.4,39.0,39.4,143,42,0,-1,1.09,98.9,100.0
2026-06-01,2751,王座,53.0,54.3,52.3,52.5,13,-2,0,0,0.43,99.56,100.0
2026-06-01,2752,豆府,172.5,172.5,170.5,171.0,105,2,0,0,1.28,98.71,100.0
2026-06-01,2753,八方雲集,175.5,178.0,174.5,177.0,312,-37,-3,0,3.45,96.54,100.0
2026-06-01,2754,亞洲藏壽司,68.0,68.5,66.6,68.3,90,0,0,0,67.84,32.15,100.0
2026-06-01,2755,揚秦,135.0,135.5,134.0,134.0,32,1,0,0,1.14,98.85,100.0
2026-06-01,2756,聯發國際,59.5,60.2,59.0,60.2,44,-1,0,0,1.24,98.75,100.0
2026-06-01,2758,路易莎咖啡,66.51,67.9,64.7,67.9,2,0,0,0,0.0,0.0,0.0
2026-06-01,2760,巨宇翔,20.7,0.0,0.0,0.0,0,0,0,0,0.0,0.0,0.0
2026-06-01,2761,橘焱胡同,14.96,15.3,14.7,14.7,7,0,0,0,0.0,0.0,0.0
2026-06-01,2762,世界健身-KY,83.4,85.8,83.3,85.5,257,128,0,-3,82.68,17.31,100.0
2026-06-01,2801,彰銀,20.3,20.55,20.15,20.45,26990,-697,3246,2,17.03,82.96,100.0
2026-06-01,2812,台中銀,18.45,18.45,18.1,18.4,41743,3910,-4,26,7.69,92.3,100.0
2026-06-01,2816,旺旺保,32.7,33.5,32.65,33.3,507,23,0,1,2.08,97.91,100.0
2026-06-01,2820,華票,16.8,16.8,16.7,16.75,2183,-425,-433,1,8.51,91.48,100.0
2026-06-01,2832,台產,53.1,53.9,53.0,53.6,315,82,0,0,4.04,95.95,100.0
2026-06-01,2834,臺企銀,16.25,16.25,16.05,16.2,32673,4907,-5,333,16.05,83.94,100.0
2026-06-01,2836,高雄銀,11.7,11.75,11.55,11.7,2996,8,0,9,7.24,92.75,100.0
2026-06-01,2838,聯邦銀,20.4,20.5,20.05,20.5,2440,185,0,61,4.24,95.75,100.0
2026-06-01,2845,遠東銀,11.95,12.2,11.85,12.1,19201,360,0,31,8.53,91.46,100.0
2026-06-01,2849,安泰銀,14.05,14.05,13.8,14.0,125,73,0,11,58.9,41.09,100.0
2026-06-01,2850,新產,142.0,143.5,139.0,142.5,1079,-348,-121,49,10.31,89.68,100.0
2026-06-01,2851,中再保,35.1,35.25,34.8,35.15,2194,755,-487,-17,8.75,91.24,100.0
2026-06-01,2852,第一保,27.0,27.25,27.0,27.1,721,119,0,11,4.84,95.15,100.0
2026-06-01,2855,統一證,47.75,49.35,47.75,48.2,11286,-1626,-432,0,13.78,86.21,100.0
2026-06-01,2867,三商壽,7.52,7.65,7.46,7.63,16761,10795,0,962,18.35,81.64,100.0
2026-06-01,2880,華南金,30.55,33.45,30.55,32.85,92466,-27362,48387,-379,15.79,84.2,100.0
2026-06-01,2881,富邦金,109.5,112.0,107.0,110.5,87829,7218,-9379,400,18.22,81.77,100.0
2026-06-01,2882,國泰金,86.6,89.4,85.3,88.2,57818,26002,-22290,638,21.69,78.3,100.0
2026-06-01,2883,凱基金,22.45,22.9,22.3,22.65,82690,25119,-1866,1359,30.54,69.45,100.0
2026-06-01,2884,玉山金,30.95,31.5,30.8,31.45,59743,22276,-3281,176,30.42,69.57,100.0
2026-06-01,2885,元大金,59.3,59.6,58.3,59.2,31159,2600,-7462,10,26.52,73.47,100.0
2026-06-01,2886,兆豐金,40.2,41.45,40.1,41.45,49587,10597,14140,-272,21.56,78.43,100.0
2026-06-01,2887,台新新光金,23.35,24.7,23.25,24.6,184994,35320,69049,-5672,22.71,77.28,100.0
2026-06-01,2889,國票金,14.7,14.75,14.55,14.75,4540,2158,0,5,8.46,91.53,100.0
2026-06-01,2890,永豐金,30.0,30.65,29.85,30.45,40613,21154,149,-161,28.23,71.76,100.0
2026-06-01,2891,中信金,60.5,62.6,60.5,62.1,43910,-4346,13697,-207,34.37,65.62,100.0
2026-06-01,2892,第一金,27.45,27.85,27.3,27.75,52244,-2334,1268,164,24.69,75.3,100.0
2026-06-01,2897,王道銀行,9.92,9.98,9.88,9.94,9531,1551,-1552,11,6.8,93.19,100.0
2026-06-01,2901,欣欣,23.3,23.7,23.2,23.5,33,12,0,2,0.31,99.68,100.0
2026-06-01,2903,遠百,21.8,21.95,21.65,21.9,3514,301,-716,3,7.53,92.46,100.0
2026-06-01,2904,匯僑,14.05,14.45,14.0,14.2,137,32,0,0,0.67,99.32,100.0
2026-06-01,2905,三商,13.65,13.75,13.5,13.7,1316,641,0,12,3.65,96.34,100.0
2026-06-01,2906,高林,12.4,12.6,12.3,12.55,261,43,0,6,1.69,98.3,100.0
2026-06-01,2908,特力,21.45,21.6,21.35,21.55,349,45,0,0,1.69,98.3,100.0
2026-06-01,2910,統領,21.6,22.7,21.6,22.0,8,5,0,0,0.27,99.72,100.0
2026-06-01,2911,麗嬰房,8.2,8.21,7.67,7.68,673,58,0,8,20.87,79.12,100.0
2026-06-01,2912,統一超,217.0,230.5,215.5,227.5,14924,-2828,7994,0,15.76,84.23,100.0
2026-06-01,2913,農林,10.8,11.2,10.75,11.1,3473,1160,0,10,5.5,94.49,100.0
2026-06-01,2915,潤泰全,44.0,45.35,43.9,45.25,3336,1381,-64,1,5.18,94.81,100.0
2026-06-01,2916,滿心,43.5,43.6,43.35,43.45,94,-15,0,0,21.11,78.88,100.0
2026-06-01,2923,鼎固-KY,25.05,26.25,24.3,25.7,150,66,0,3,99.41,0.58,100.0
2026-06-01,2924,宏太-KY,15.7,16.0,15.7,15.8,10,0,0,0,66.79,33.2,100.0
2026-06-01,2926,誠品生活,35.0,35.0,34.75,34.9,34,-3,0,0,1.12,98.87,100.0
2026-06-01,2929,淘帝-KY,5.9,5.97,5.7,5.79,597,27,0,-1,17.23,82.76,100.0
2026-06-01,2937,集雅社,48.65,48.9,48.0,48.6,8,0,0,1,0.08,99.91,100.0
2026-06-01,2938,床的世界,22.22,22.95,22.0,22.15,20,2,0,0,0.0,0.0,0.0
2026-06-01,2939,永邑-KY,21.1,21.1,21.0,21.0,15,5,0,0,19.72,80.27,100.0
2026-06-01,2940,歐都納,24.1,24.0,23.9,24.0,14,0,0,0,0.0,0.0,0.0
2026-06-01,2941,米斯特,32.6,32.6,31.0,31.0,7,0,0,0,0.48,99.51,100.0
2026-06-01,2942,京站,38.11,37.6,37.6,37.6,1,0,0,0,0.0,0.0,0.0
2026-06-01,2945,三商家購,41.0,41.8,40.6,41.7,45,15,0,0,0.41,99.58,100.0
2026-06-01,2947,振宇五金,77.2,77.5,77.2,77.5,7,0,0,0,0.09,99.9,100.0
2026-06-01,2948,寶陞,0.0,0.0,0.0,0.0,0,0,0,0,0.01,99.98,100.0
2026-06-01,2949,欣新網,63.4,63.5,63.1,63.5,10,-1,0,0,0.02,99.97,100.0
2026-06-01,3002,歐格,17.65,19.45,17.65,19.45,1250,44,0,6,2.94,97.05,100.0
2026-06-01,3003,健和興,63.2,63.4,62.0,62.1,979,28,0,2,3.52,96.47,100.0
2026-06-01,3004,豐達科,123.5,125.0,120.0,123.5,671,176,0,-17,2.54,97.45,100.0
2026-06-01,3005,神基,104.5,108.0,104.5,107.0,6783,846,-77,74,11.61,88.38,100.0
2026-06-01,3006,晶豪科,251.5,262.0,247.5,250.0,25907,-846,124,102,32.84,67.15,100.0
2026-06-01,3008,大立光,3630.0,3835.0,3630.0,3835.0,1342,104,2,39,34.03,65.96,100.0
2026-06-01,3010,華立,139.0,140.0,137.0,138.5,1226,-16,9,-7,18.34,81.65,100.0
2026-06-01,3011,今皓,13.25,14.5,13.25,14.5,7269,1729,0,0,4.81,95.18,100.0
2026-06-01,3013,晟銘電,123.5,127.0,122.0,123.5,8444,570,0,-18,4.73,95.26,100.0
2026-06-01,3014,聯陽,154.0,154.0,149.5,152.5,2901,-1373,745,-6,22.63,77.36,100.0
2026-06-01,3015,全漢,51.1,55.2,51.1,55.2,2367,948,0,-38,9.41,90.58,100.0
2026-06-01,3016,嘉晶,138.5,141.0,125.0,126.0,15785,-1637,0,-196,4.72,95.27,100.0
2026-06-01,3017,奇鋐,2705.0,2835.0,2705.0,2785.0,5090,645,67,64,52.81,47.18,100.0
2026-06-01,3018,隆銘綠能,9.42,9.56,9.4,9.54,43,0,0,0,0.22,99.77,100.0
2026-06-01,3019,亞光,155.5,156.5,153.0,155.0,6349,121,0,-82,7.6,92.39,100.0
2026-06-01,3021,鴻名,33.1,33.1,33.1,33.1,1114,-56,0,-187,3.82,96.17,100.0
2026-06-01,3022,威強電,75.5,77.3,75.4,75.9,1494,368,-104,5,16.11,83.88,100.0
2026-06-01,3023,信邦,316.5,321.5,313.0,318.0,1837,-272,-200,2,45.45,54.54,100.0
2026-06-01,3024,憶聲,14.75,14.75,13.95,14.0,4909,1045,0,-2,3.15,96.84,100.0
2026-06-01,3025,星通,74.5,74.5,72.5,72.5,1391,-254,0,0,7.84,92.15,100.0
2026-06-01,3026,禾伸堂,671.0,699.0,665.0,672.0,1634,15,65,3,16.94,83.05,100.0
2026-06-01,3027,盛達,19.5,19.95,19.35,19.75,663,252,0,7,1.71,98.28,100.0
2026-06-01,3028,增你強,81.5,82.2,80.5,81.1,2550,-187,0,-30,12.37,87.62,100.0
2026-06-01,3029,零壹,96.9,105.5,96.9,105.5,5786,641,-6,50,3.61,96.38,100.0
2026-06-01,3030,德律,415.0,417.5,401.0,408.0,3596,-407,0,-2,13.75,86.24,100.0
2026-06-01,3031,佰鴻,32.5,33.7,32.0,32.4,3465,143,-1,-2,2.74,97.25,100.0
2026-06-01,3032,偉訓,91.1,92.4,90.3,91.0,1755,60,0,-34,1.53,98.46,100.0
2026-06-01,3033,威健,50.3,50.5,48.05,48.85,17868,-1850,-18,-119,21.61,78.38,100.0
2026-06-01,3034,聯詠,484.0,497.0,480.0,496.5,7656,-558,1917,224,36.64,63.35,100.0
2026-06-01,3035,智原,209.5,214.0,205.0,211.0,11475,238,0,399,8.9,91.09,100.0
2026-06-01,3036,文曄,286.5,291.5,281.0,287.5,8860,1222,-1558,-23,21.82,78.14,100.0
2026-06-01,3037,欣興,1070.0,1100.0,1025.0,1050.0,19127,261,-917,-52,38.61,61.38,100.0
2026-06-01,3038,全台,23.3,24.3,23.25,23.8,1094,269,0,3,9.12,90.87,100.0
2026-06-01,3040,遠見,39.75,42.5,39.75,41.65,277,34,0,-1,0.83,99.16,100.0
2026-06-01,3041,揚智,25.85,26.05,25.3,25.65,1271,265,0,0,6.05,93.94,100.0
2026-06-01,3042,晶技,217.0,227.5,198.0,202.5,34913,-259,89,-255,18.21,81.78,100.0
2026-06-01,3043,科風,21.0,21.8,20.8,21.55,410,127,0,0,1.74,98.25,100.0
2026-06-01,3044,健鼎,530.0,540.0,512.0,518.0,5048,-1903,326,-9,48.13,51.86,100.0
2026-06-01,3045,台灣大,112.5,115.0,112.0,114.0,15419,1010,3417,-123,13.75,32.79,46.55
2026-06-01,3046,建碁,58.0,64.0,57.3,64.0,4371,-193,0,-19,4.67,95.32,100.0
2026-06-01,3047,訊舟,15.15,15.65,15.0,15.45,2202,555,0,9,3.69,96.3,100.0
2026-06-01,3048,益登,72.0,73.0,67.5,68.4,14888,207,0,-156,10.32,89.67,100.0
2026-06-01,3049,精金,12.95,13.5,12.7,13.1,18135,4564,0,2,3.42,96.57,100.0
2026-06-01,3050,鈺德,12.5,12.8,12.4,12.75,1087,268,0,6,7.39,92.6,100.0
2026-06-01,3051,力特,27.85,28.95,27.4,28.8,5035,202,0,5,2.7,97.29,100.0
2026-06-01,3052,夆典,10.5,10.7,10.45,10.65,1056,430,0,10,1.73,98.26,100.0
2026-06-01,3054,立萬利,66.7,68.9,66.7,68.5,208,77,0,-2,0.51,99.48,100.0
2026-06-01,3055,蔚華科,109.0,113.5,107.0,108.5,3392,-276,0,26,2.32,97.67,100.0
2026-06-01,3056,富華新,13.2,13.55,13.15,13.4,2169,1349,0,1,4.06,95.93,100.0
2026-06-01,3057,喬鼎,20.45,22.45,20.45,22.4,1590,436,0,-3,3.3,96.69,100.0
2026-06-01,3058,立德,8.7,9.36,8.7,9.36,3241,-81,0,20,2.72,97.27,100.0
2026-06-01,3059,華晶科,42.45,46.5,42.45,46.45,23546,4437,26,750,9.74,90.25,100.0
2026-06-01,3060,銘異,30.5,30.9,29.55,29.65,3286,181,0,4,8.79,91.2,100.0
2026-06-01,3062,建漢,31.5,31.95,30.8,31.1,16737,-1656,0,77,12.81,87.18,100.0
2026-06-01,3064,泰偉,0.0,0.0,0.0,0.0,0,0,0,0,0.12,99.87,100.0
2026-06-01,3066,李洲,21.45,22.2,21.15,21.35,608,188,0,0,2.14,97.85,100.0
2026-06-01,3067,全域,19.5,19.5,19.3,19.5,24,0,0,0,0.02,99.97,100.0
2026-06-01,3071,協禧,32.2,33.8,32.2,33.45,1733,444,0,0,3.87,96.12,100.0
2026-06-01,3073,天方能源,20.25,20.4,20.0,20.25,97,5,0,0,2.06,97.93,100.0
2026-06-01,3078,僑威,58.1,58.9,57.7,58.9,1949,258,-206,16,12.76,87.23,100.0
2026-06-01,3081,聯亞,2620.0,2740.0,2585.0,2685.0,1653,10,-161,-2,21.59,78.4,100.0
2026-06-01,3083,網龍,27.8,28.75,27.5,28.1,408,79,0,0,1.44,98.55,100.0
2026-06-01,3085,新零售,11.95,12.5,11.95,12.5,43,0,0,0,5.69,94.3,100.0
2026-06-01,3086,華義*,30.75,33.8,30.55,33.8,491,36,0,0,40.3,59.69,100.0
2026-06-01,3088,艾訊,142.5,144.5,141.0,141.5,1407,404,8,-20,15.64,84.35,100.0
2026-06-01,3090,日電貿,225.0,251.0,225.0,233.5,2078,346,0,11,12.7,87.29,100.0
2026-06-01,3092,鴻碩,29.45,32.05,29.3,31.95,1596,172,0,-6,1.65,98.34,100.0
2026-06-01,3093,港建*,52.5,53.1,51.6,52.0,923,-40,0,1,68.29,31.7,100.0
2026-06-01,3094,聯傑,33.7,34.55,33.4,34.0,1803,151,0,1,3.2,96.79,100.0
2026-06-01,3095,及成,43.2,44.4,42.25,44.0,50,6,0,0,3.6,96.39,100.0
2026-06-01,3097,拍檔,25.69,27.1,24.75,27.1,52,1,0,0,0.0,0.0,0.0
2026-06-01,3105,穩懋,528.0,546.0,522.0,530.0,23881,516,-26,110,22.88,77.11,100.0
2026-06-01,3114,好德,32.45,34.35,31.75,33.1,4191,-195,0,12,0.92,99.07,100.0
2026-06-01,3115,富榮綱,8.11,8.63,8.11,8.63,8,1,0,0,1.82,98.17,100.0
2026-06-01,3117,年程,29.67,30.7,28.05,29.15,310,-13,0,0,0.0,0.0,0.0
2026-06-01,3118,進階,33.7,33.7,33.25,33.6,90,1,0,0,0.34,99.65,100.0
2026-06-01,3122,笙泉,32.75,32.75,31.6,31.8,512,65,0,0,3.2,96.79,100.0
2026-06-01,3128,昇銳,23.0,23.6,22.85,23.5,216,72,0,0,3.91,96.08,100.0
2026-06-01,3130,一零四,220.5,221.5,220.0,221.5,60,0,0,0,20.7,79.29,100.0
2026-06-01,3131,弘塑,3420.0,3420.0,3235.0,3265.0,559,-85,-16,-8,35.55,64.44,100.0
2026-06-01,3135,凌航,259.5,266.0,250.0,250.5,6635,-712,0,-10,4.92,95.07,100.0
2026-06-01,3138,耀登,169.5,171.0,166.0,167.0,1133,32,0,-3,2.4,97.59,100.0
2026-06-01,3141,晶宏,80.1,80.1,78.0,78.0,2449,-157,0,-15,7.62,92.37,100.0
2026-06-01,3147,大綜,182.5,200.5,182.0,200.5,2512,331,0,38,3.66,96.33,100.0
2026-06-01,3149,正達,76.0,78.3,75.8,78.3,7001,-679,0,88,5.86,94.13,100.0
2026-06-01,3150,鈺寶-創,20.25,20.8,20.25,20.4,65,3,0,0,0.95,99.04,100.0
2026-06-01,3152,璟德,200.0,200.0,184.0,186.5,2196,-495,0,-17,18.31,81.68,100.0
2026-06-01,3158,嘉實,85.5,85.8,85.3,85.3,21,1,0,0,1.63,98.36,100.0
2026-06-01,3162,精確,85.8,87.8,85.6,86.1,3476,229,0,13,46.73,53.26,100.0
2026-06-01,3163,波若威,1035.0,1100.0,1015.0,1060.0,2923,60,-478,-3,14.94,85.05,100.0
2026-06-01,3164,景岳,16.7,16.7,16.2,16.4,113,11,0,-1,0.67,99.32,100.0
2026-06-01,3167,大量,809.0,809.0,780.0,786.0,667,41,-181,28,9.58,90.41,100.0
2026-06-01,3168,眾福科,48.85,49.05,48.15,48.95,74,11,0,-1,1.26,98.73,100.0
2026-06-01,3169,亞信,121.0,122.5,117.0,119.0,564,-66,8,-3,3.9,96.09,100.0
2026-06-01,3171,新洲,70.1,70.8,69.2,69.5,44,8,0,0,0.79,99.2,100.0
2026-06-01,3171,炎洲流通,70.1,70.8,69.2,69.5,44,8,0,0,0.79,99.2,100.0
2026-06-01,3176,基亞,32.85,33.0,32.1,32.45,626,-49,0,0,4.58,95.41,100.0
2026-06-01,3178,公準,71.0,71.3,69.4,70.0,230,-35,0,-1,1.91,98.08,100.0
2026-06-01,3184,微邦,22.43,22.95,21.5,22.8,728,-19,0,0,0.0,0.0,0.0
2026-06-01,3188,鑫龍騰,22.45,22.65,22.2,22.55,429,198,0,0,1.64,98.35,100.0
2026-06-01,3189,景碩,740.0,775.0,740.0,774.0,6218,934,15,353,23.04,76.95,100.0
2026-06-01,3191,雲嘉南,28.0,28.0,24.3,24.7,1376,23,0,0,0.07,99.92,100.0
2026-06-01,3205,佰研,53.6,54.4,52.6,53.3,186,74,0,0,1.19,98.8,100.0
2026-06-01,3206,志豐,40.1,41.2,39.3,40.4,669,-53,0,-3,2.58,97.41,100.0
2026-06-01,3207,耀勝,65.1,67.9,64.6,67.9,752,337,0,4,2.16,97.83,100.0
2026-06-01,3209,全科,76.5,78.3,75.0,75.3,3682,64,-3,12,19.45,80.54,100.0
2026-06-01,3211,順達,439.5,456.0,431.0,436.0,8131,-556,-75,-51,25.73,74.26,100.0
2026-06-01,3213,茂訊,123.0,124.5,121.5,122.0,701,149,0,13,8.07,91.92,100.0
2026-06-01,3217,優群,191.5,195.0,191.5,193.5,998,233,-123,2,9.96,90.03,100.0
2026-06-01,3218,大學光,137.5,141.0,135.0,140.0,603,211,-4,0,6.01,93.98,100.0
2026-06-01,3219,倚強股份,85.0,85.9,80.5,80.8,877,-43,0,6,1.15,98.84,100.0
2026-06-01,3219,倚強科,85.0,85.9,80.5,80.8,877,-43,0,6,1.15,98.84,100.0
2026-06-01,3221,台嘉碩,60.0,60.8,57.0,57.5,8526,-514,0,-43,6.1,93.89,100.0
2026-06-01,3224,三顧,39.25,39.6,38.65,38.65,225,59,0,0,0.75,99.24,100.0
2026-06-01,3226,龍鋒,45.0,45.4,45.0,45.25,7,0,0,0,0.05,99.94,100.0
2026-06-01,3227,原相,227.5,233.0,221.5,233.0,3266,-997,789,11,21.67,78.31,100.0
2026-06-01,3228,金麗科,203.0,205.0,196.0,196.5,855,87,0,-5,7.26,92.73,100.0
2026-06-01,3229,晟鈦,51.7,54.4,51.7,54.4,2094,-15,0,20,1.91,98.08,100.0
2026-06-01,3230,錦明,30.45,31.25,30.25,30.7,568,116,0,0,1.91,98.08,100.0
2026-06-01,3231,緯創,174.0,174.0,172.5,174.0,94609,24686,1488,-268,30.79,69.2,100.0
2026-06-01,3232,昱捷,23.5,23.5,22.6,23.2,382,-10,0,-6,7.87,92.12,100.0
2026-06-01,3234,光環,118.5,118.5,118.5,118.5,3503,19,0,70,3.31,96.68,100.0
2026-06-01,3236,千如,56.8,58.8,56.0,57.3,2932,95,0,51,17.92,82.07,100.0
2026-06-01,3252,海灣,18.3,18.3,17.75,17.75,28,-1,0,0,2.27,97.72,100.0
2026-06-01,3257,虹冠電,67.1,67.9,66.1,66.7,1940,145,0,0,0.95,99.04,100.0
2026-06-01,3259,鑫創,16.75,16.75,16.05,16.75,86,16,0,0,10.95,89.04,100.0
2026-06-01,3260,威剛,422.0,432.5,420.5,427.0,16050,873,237,124,17.59,82.4,100.0
2026-06-01,3264,欣銓,245.0,245.0,219.5,223.0,27827,-7627,-5801,-718,30.15,69.84,100.0
2026-06-01,3265,台星科,192.5,193.5,183.0,185.0,2311,-964,8,-72,8.34,91.65,100.0
2026-06-01,3266,昇陽,12.65,13.0,12.6,13.0,112,53,0,6,8.29,91.7,100.0
2026-06-01,3268,海德威,18.55,18.55,17.55,17.55,214,-25,0,0,0.68,99.31,100.0
2026-06-01,3272,東碩,17.1,18.6,16.85,18.2,741,-236,0,17,0.57,99.42,100.0
2026-06-01,3276,宇環,14.2,15.0,14.2,14.8,409,38,0,0,1.09,98.9,100.0
2026-06-01,3284,太普高,16.0,16.3,15.8,15.85,295,-4,0,0,0.79,99.2,100.0
2026-06-01,3285,微端,31.25,31.25,30.5,30.6,65,-1,0,0,12.96,87.03,100.0
2026-06-01,3287,廣寰科,38.85,39.0,37.95,38.45,899,-97,0,0,1.0,98.99,100.0
2026-06-01,3288,點晶,18.25,18.25,18.25,18.25,141,0,0,0,0.14,99.85,100.0
2026-06-01,3289,宜特,169.0,170.0,166.0,166.5,1405,105,0,-84,7.45,92.54,100.0
2026-06-01,3290,東浦,48.8,50.4,48.3,48.75,1613,275,0,43,6.85,93.14,100.0
2026-06-01,3293,鈊象,754.0,770.0,753.0,769.0,2266,562,471,34,22.11,77.88,100.0
2026-06-01,3294,英濟,41.0,42.95,40.15,40.2,2522,-376,0,0,6.92,93.07,100.0
2026-06-01,3296,勝德,19.9,21.8,19.9,21.8,296,77,0,0,2.24,97.75,100.0
2026-06-01,3297,杭特,29.6,31.6,29.5,31.1,211,46,0,0,3.23,96.76,100.0
2026-06-01,3303,岱稜,49.35,49.5,48.75,49.2,423,43,0,0,4.36,95.63,100.0
2026-06-01,3305,昇貿,160.5,167.5,154.0,167.5,12706,-267,0,154,8.03,91.96,100.0
2026-06-01,3306,鼎天,47.45,50.4,47.4,48.9,629,62,0,0,2.56,97.43,100.0
2026-06-01,3308,聯德,21.0,21.4,20.0,21.1,291,82,0,-1,0.98,99.01,100.0
2026-06-01,3310,佳穎,72.4,76.4,71.6,72.8,1123,50,0,0,0.32,99.67,100.0
2026-06-01,3311,閎暉,36.15,37.8,35.9,35.95,1070,101,0,1,1.82,98.17,100.0
2026-06-01,3312,弘憶股,50.9,55.1,49.75,55.1,6614,1177,0,29,3.66,96.33,100.0
2026-06-01,3313,斐成,11.1,11.35,10.8,11.15,445,43,0,1,4.73,95.26,100.0
2026-06-01,3317,尼克森,83.5,84.0,79.7,79.8,4874,-506,0,-8,10.62,89.37,100.0
2026-06-01,3321,同泰,19.95,20.2,19.55,19.8,1170,362,0,0,2.33,97.66,100.0
2026-06-01,3322,建舜電,13.1,13.6,13.1,13.5,1023,459,0,0,2.64,97.35,100.0
2026-06-01,3323,加百裕,38.5,40.5,38.45,39.6,8648,27,0,-214,6.12,93.87,100.0
2026-06-01,3324,雙鴻,1085.0,1165.0,1080.0,1145.0,6075,1047,0,142,21.76,78.23,100.0
2026-06-01,3325,旭品,11.8,12.15,11.65,12.1,453,113,0,0,1.36,98.63,100.0
2026-06-01,3332,幸康,66.8,66.8,65.0,65.7,33,-9,0,0,0.89,99.1,100.0
2026-06-01,3338,泰碩,80.7,80.7,80.7,80.7,1669,-14,0,702,2.45,97.54,100.0
2026-06-01,3339,泰谷,45.55,45.55,43.8,44.1,2234,359,0,0,3.57,96.42,100.0
2026-06-01,3346,麗清,23.55,23.55,23.55,23.55,1474,-67,0,129,2.39,97.6,100.0
2026-06-01,3349,寶德,17.8,17.95,17.5,17.9,131,34,0,0,2.36,97.63,100.0
2026-06-01,3354,律勝,31.8,34.85,31.05,34.6,2599,423,0,0,2.56,97.43,100.0
2026-06-01,3356,奇偶,63.5,63.5,61.9,62.2,950,-87,0,0,7.87,92.12,100.0
2026-06-01,3357,臺慶科,298.0,314.5,282.0,284.5,9216,-965,0,11,15.17,84.82,100.0
2026-06-01,3360,尚立,14.15,14.3,14.0,14.1,602,65,0,0,2.04,97.95,100.0
2026-06-01,3362,先進光,113.0,121.0,112.5,121.0,3334,859,0,19,4.43,95.56,100.0
2026-06-01,3363,上詮,801.0,833.0,787.0,809.0,2748,29,17,0,17.12,82.87,100.0
2026-06-01,3372,典範,22.0,22.2,21.7,22.0,1469,370,0,0,3.44,96.55,100.0
2026-06-01,3373,熱映,16.95,17.1,16.75,16.9,77,-2,0,0,1.98,98.01,100.0
2026-06-01,3374,精材,262.0,265.0,253.0,260.5,15520,-2163,-105,120,10.46,89.53,100.0
2026-06-01,3376,新日興,205.0,222.5,204.5,215.0,8550,2711,0,459,22.89,77.1,100.0
2026-06-01,3379,彬台,41.9,42.5,41.15,41.35,834,26,0,0,1.23,98.76,100.0
2026-06-01,3380,明泰,39.1,39.65,38.1,38.8,7954,-785,0,-94,6.68,93.31,100.0
2026-06-01,3388,崇越電,109.5,109.5,105.5,106.0,1936,-251,0,38,6.99,93.0,100.0
2026-06-01,3390,旭軟,28.3,29.5,28.2,28.75,1456,321,0,0,4.87,95.12,100.0
2026-06-01,3402,漢科,147.0,147.0,143.0,146.0,968,-110,0,-4,8.78,91.21,100.0
2026-06-01,3406,玉晶光,609.0,628.0,598.0,603.0,2858,-122,15,-62,44.27,55.72,100.0
2026-06-01,3413,京鼎,322.0,322.0,315.0,316.5,2817,-529,-563,-47,16.94,83.05,100.0
2026-06-01,3416,融程電,184.5,188.0,181.5,184.0,533,33,0,4,2.9,97.09,100.0
2026-06-01,3419,譁裕,14.05,14.4,14.0,14.25,446,-29,0,-3,1.96,98.03,100.0
2026-06-01,3426,台興,47.75,47.8,47.75,47.8,4,0,0,0,0.44,99.55,100.0
2026-06-01,3430,奇鈦科,170.0,171.0,163.0,164.0,1319,-32,0,0,1.87,98.12,100.0
2026-06-01,3432,台端,18.8,19.2,18.7,18.8,59,-20,0,0,2.98,97.01,100.0
2026-06-01,3434,哲固,29.45,30.45,29.45,30.15,146,34,0,0,1.93,98.06,100.0
2026-06-01,3437,榮創,24.05,24.9,23.7,24.35,1810,136,0,4,4.92,95.07,100.0
2026-06-01,3438,類比科,70.9,75.8,69.1,74.4,944,62,0,0,2.75,97.24,100.0
2026-06-01,3441,聯一光,53.4,55.4,52.2,54.2,2270,6,0,0,2.69,97.3,100.0
2026-06-01,3443,創意,4655.0,4790.0,4540.0,4655.0,3322,72,145,-13,28.96,71.03,100.0
2026-06-01,3444,利機,107.0,110.5,102.0,104.5,1547,95,0,0,11.45,88.54,100.0
2026-06-01,3447,展達,36.9,39.0,36.9,38.6,460,89,0,2,1.58,98.41,100.0
2026-06-01,3450,聯鈞,497.5,539.0,497.0,539.0,10680,2027,326,119,23.0,76.99,100.0
2026-06-01,3455,由田,242.5,247.0,240.0,244.0,1557,-44,0,4,17.32,82.67,100.0
2026-06-01,3465,進泰電子,28.65,29.8,28.65,29.8,35,-1,0,0,5.04,94.95,100.0
2026-06-01,3466,德晉,32.9,33.1,32.55,32.6,414,29,0,0,9.76,90.23,100.0
2026-06-01,3467,台灣精材,76.6,76.6,71.2,71.6,469,-33,0,0,2.47,97.52,100.0
2026-06-01,3473,智通聯網,90.55,94.4,90.1,91.3,13,0,0,0,0.0,0.0,0.0
2026-06-01,3479,安勤,136.0,137.0,130.5,132.0,2089,231,0,-3,5.8,94.19,100.0
2026-06-01,3481,群創,54.5,56.1,53.7,56.1,478118,80703,5100,14,26.22,73.77,100.0
2026-06-01,3483,力致,97.3,104.0,97.0,103.0,3179,655,8,84,10.26,89.73,100.0
2026-06-01,3484,崧騰,43.7,44.5,43.7,44.4,276,91,0,1,7.28,92.71,100.0
2026-06-01,3485,敘豐,341.0,367.0,337.5,367.0,1424,274,0,22,0.45,99.54,100.0
2026-06-01,3489,森寶,21.8,21.95,21.5,21.7,345,75,0,0,0.25,99.74,100.0
2026-06-01,3490,單井,38.5,38.9,37.55,38.0,2215,91,0,0,5.04,94.95,100.0
2026-06-01,3491,昇達科,2180.0,2200.0,2085.0,2165.0,1304,256,0,-49,34.79,65.2,100.0
2026-06-01,3492,長盛,23.5,23.55,23.3,23.4,139,13,0,0,0.56,99.43,100.0
2026-06-01,3494,誠研,8.16,8.16,8.0,8.05,164,24,0,5,1.79,98.2,100.0
2026-06-01,3498,陽程,146.5,149.5,144.0,144.0,1446,-261,0,-73,16.27,83.72,100.0
2026-06-01,3499,環天科,15.0,15.0,14.6,14.75,118,26,0,0,0.71,99.28,100.0
2026-06-01,3501,維熹,40.0,41.45,39.8,41.3,676,134,0,0,3.31,96.68,100.0
2026-06-01,3504,揚明光,78.2,80.8,78.2,78.4,1522,-149,0,7,3.38,96.61,100.0
2026-06-01,3508,位速,20.75,20.75,19.85,19.9,268,27,0,0,0.76,99.23,100.0
2026-06-01,3511,矽瑪,20.9,21.85,20.5,21.85,830,-30,0,0,2.82,97.17,100.0
2026-06-01,3512,皇龍,20.55,20.7,20.5,20.6,114,21,0,0,0.53,99.46,100.0
2026-06-01,3515,華擎,247.0,258.0,242.5,253.5,2588,681,6,68,8.31,91.68,100.0
2026-06-01,3516,亞帝歐,22.95,23.5,22.95,23.25,163,19,0,0,0.45,99.54,100.0
2026-06-01,3518,柏騰,33.45,34.05,31.15,31.9,3706,747,0,2,7.95,92.04,100.0
2026-06-01,3520,華盈,14.65,14.65,14.35,14.45,270,-1,0,0,1.1,98.89,100.0
2026-06-01,3521,鴻翊,12.1,12.1,11.95,11.95,164,-5,0,0,0.31,99.68,100.0
2026-06-01,3521,台鋼建設,12.1,12.1,11.95,11.95,164,-5,0,0,0.31,99.68,100.0
2026-06-01,3522,御頂,11.75,11.8,11.3,11.5,235,19,0,0,0.25,99.74,100.0
2026-06-01,3522,御嵿,11.75,11.8,11.3,11.5,235,19,0,0,0.25,99.74,100.0
2026-06-01,3523,迎輝,17.5,17.5,17.5,17.5,146,0,0,-125,0.09,99.9,100.0
2026-06-01,3526,凡甲,369.0,369.5,363.0,364.0,551,175,-12,8,22.57,77.42,100.0
2026-06-01,3527,聚積,57.2,57.9,56.5,56.7,404,158,0,0,7.74,92.25,100.0
2026-06-01,3528,安馳,129.0,129.0,129.0,129.0,1451,-32,0,16,6.04,93.95,100.0
2026-06-01,3529,力旺,3480.0,3505.0,3215.0,3280.0,1106,232,-239,7,69.46,30.53,100.0
2026-06-01,3530,晶相光,67.8,69.3,67.3,68.0,345,26,0,0,41.53,58.46,100.0
2026-06-01,3531,先益,23.15,23.7,23.15,23.7,31,0,0,0,19.26,80.73,100.0
2026-06-01,3532,台勝科,350.5,350.5,350.5,350.5,1076,-304,0,3,44.0,55.99,100.0
2026-06-01,3533,嘉澤,2675.0,2735.0,2605.0,2675.0,795,46,-72,9,45.21,54.78,100.0
2026-06-01,3535,晶彩科,124.5,134.5,123.0,134.5,6979,431,0,93,2.06,97.93,100.0
2026-06-01,3537,堡達,80.8,84.7,79.1,79.1,9844,546,0,8,5.47,94.52,100.0
2026-06-01,3540,曜越,26.3,27.6,26.3,27.5,508,295,0,0,2.65,97.34,100.0
2026-06-01,3541,西柏,22.3,22.3,21.8,21.9,214,-48,0,0,0.83,99.16,100.0
2026-06-01,3543,州巧,35.95,36.65,35.5,36.0,722,157,0,0,6.87,93.12,100.0
2026-06-01,3545,敦泰,60.9,61.7,58.5,59.6,3052,-265,0,-3,13.8,86.19,100.0
2026-06-01,3546,宇峻,82.2,83.0,81.7,81.7,485,-2,0,-2,8.32,91.67,100.0
2026-06-01,3548,兆利,95.5,98.3,94.7,96.5,558,150,0,18,4.08,95.91,100.0
2026-06-01,3550,聯穎,20.95,22.3,20.85,21.45,4852,1745,0,0,6.61,93.38,100.0
2026-06-01,3551,世禾,226.0,226.0,216.5,218.5,2173,-191,0,-36,6.44,93.55,100.0
2026-06-01,3552,同致,56.4,56.4,53.3,54.5,511,-76,0,-66,9.92,90.07,100.0
2026-06-01,3555,博士旺,211.0,214.0,210.0,211.0,128,14,0,0,1.7,98.29,100.0
2026-06-01,3556,禾瑞亞,73.9,73.9,73.9,73.9,615,-57,0,23,6.75,93.24,100.0
2026-06-01,3557,嘉威,23.8,24.0,23.3,23.9,227,67,0,3,1.81,98.18,100.0
2026-06-01,3558,神準,143.5,144.0,139.5,140.5,597,-45,8,-1,1.47,98.52,100.0
2026-06-01,3563,牧德,833.0,833.0,823.0,825.0,674,31,-24,9,6.41,93.58,100.0
2026-06-01,3564,其陽,48.55,52.4,48.55,52.4,1344,233,0,1,3.66,96.33,100.0
2026-06-01,3567,逸昌,29.45,29.5,29.0,29.3,220,25,0,0,3.45,96.54,100.0
2026-06-01,3570,大塚,174.0,179.5,174.0,179.5,178,37,0,-2,45.16,54.83,100.0
2026-06-01,3576,聯合再生,18.4,18.9,18.0,18.5,20929,4270,0,5,12.65,87.34,100.0
2026-06-01,3577,泓格,158.0,168.5,151.5,153.0,1339,-53,10,-4,2.25,97.74,100.0
2026-06-01,3580,友威科,105.0,114.0,104.5,113.0,4985,980,0,0,12.56,87.43,100.0
2026-06-01,3581,博磊,236.5,250.0,233.5,244.0,911,-69,0,1,14.23,85.76,100.0
2026-06-01,3583,辛耘,867.0,880.0,851.0,867.0,1598,153,-31,10,16.32,83.67,100.0
2026-06-01,3585,聯致,80.28,81.3,75.5,76.3,2732,-11,0,0,0.0,0.0,0.0
2026-06-01,3587,閎康,327.0,329.0,321.5,323.5,1210,124,0,-3,11.82,88.17,100.0
2026-06-01,3588,通嘉,61.8,64.5,61.8,63.6,1013,276,0,1,5.82,94.17,100.0
2026-06-01,3591,艾笛森,26.25,26.7,25.8,25.85,1378,38,0,2,6.63,93.36,100.0
2026-06-01,3592,瑞鼎,272.0,285.0,272.0,285.0,1533,-63,379,-3,15.65,84.34,100.0
2026-06-01,3593,力銘,16.65,16.85,16.0,16.85,52,-2,0,0,0.25,99.74,100.0
2026-06-01,3594,磐儀,50.8,51.4,50.2,51.1,331,91,0,1,3.16,96.83,100.0
2026-06-01,3595,山太士,2711.09,2715.0,2585.0,2605.0,354,3,0,0,0.0,0.0,0.0
2026-06-01,3596,智易,191.0,195.5,188.0,193.5,3205,1162,-8,18,32.24,67.75,100.0
2026-06-01,3597,映興,28.1,28.1,27.0,27.5,84,-3,0,0,0.77,99.22,100.0
2026-06-01,3603,建祥國際,7.78,8.0,7.55,7.6,30,0,0,0,0.0,0.0,0.0
2026-06-01,3605,宏致,79.8,80.8,79.2,79.2,2859,72,0,10,11.22,88.77,100.0
2026-06-01,3607,谷崧,15.7,16.35,15.55,16.2,1432,92,0,0,7.34,92.65,100.0
2026-06-01,3609,三一東林,27.85,30.2,27.2,29.5,735,-28,0,0,1.6,98.39,100.0
2026-06-01,3611,鼎翰,190.0,192.5,189.5,192.0,99,35,0,0,11.86,88.13,100.0
2026-06-01,3615,安可,49.1,53.5,48.65,50.7,11486,-832,0,0,5.61,94.38,100.0
2026-06-01,3617,碩天,210.5,213.5,210.0,212.0,293,62,0,0,8.78,91.21,100.0
2026-06-01,3622,洋華,56.8,58.6,56.6,58.4,585,114,0,2,3.84,96.15,100.0
2026-06-01,3623,富晶通,23.8,23.8,23.05,23.25,112,26,0,0,2.75,97.24,100.0
2026-06-01,3624,光頡,114.0,121.0,113.0,113.0,4645,165,-40,28,54.38,45.61,100.0
2026-06-01,3625,西勝,14.5,15.85,14.5,15.5,1157,-16,0,0,5.44,94.55,100.0
2026-06-01,3628,盈正,68.9,69.9,67.4,69.2,256,74,0,0,3.61,96.38,100.0
2026-06-01,3629,地心引力,0.0,0.0,0.0,0.0,0,0,0,0,0.02,99.97,100.0
2026-06-01,3630,新鉅科,26.3,26.9,26.05,26.5,821,129,0,0,40.07,59.92,100.0
2026-06-01,3631,晟楠,36.45,36.7,36.2,36.4,123,41,0,0,8.14,91.85,100.0
2026-06-01,3632,研勤,8.12,8.12,7.93,7.94,39,0,0,0,0.29,99.7,100.0
2026-06-01,3633,云光,121.59,123.0,120.0,122.0,38,0,0,0,0.0,0.0,0.0
2026-06-01,3645,達邁,107.0,108.0,104.5,107.0,4135,274,-1,-11,13.92,86.07,100.0
2026-06-01,3646,艾恩特,23.9,24.5,23.6,23.6,11,0,0,0,6.72,93.27,100.0
2026-06-01,3652,精聯,35.4,36.45,34.8,36.4,460,68,0,-5,0.88,99.11,100.0
2026-06-01,3653,健策,3550.0,3895.0,3550.0,3840.0,2419,-366,515,-21,26.29,73.7,100.0
2026-06-01,3659,百辰,22.91,23.05,22.95,23.05,6,0,0,0,0.0,0.0,0.0
2026-06-01,3661,世芯-KY,4485.0,4855.0,4450.0,4855.0,2425,231,3,16,54.61,45.38,100.0
2026-06-01,3663,鑫科,88.6,93.8,88.6,89.5,8171,141,0,138,4.26,95.73,100.0
2026-06-01,3664,安瑞-KY,8.2,8.2,7.7,7.8,64,0,0,0,37.96,62.03,100.0
2026-06-01,3665,貿聯-KY,2150.0,2180.0,2095.0,2120.0,1512,94,-416,1,56.57,43.42,100.0
2026-06-01,3666,光耀,28.15,28.15,27.2,27.2,83,-16,0,0,0.26,99.73,100.0
2026-06-01,3669,圓展,39.0,41.95,39.0,41.6,696,185,0,1,2.67,97.32,100.0
2026-06-01,3672,康聯訊,10.95,11.2,10.55,11.2,53,2,0,0,2.5,97.49,100.0
2026-06-01,3673,TPK-KY,87.5,94.9,87.4,89.5,48207,-1636,0,580,43.49,56.5,100.0
2026-06-01,3675,德微,413.0,413.0,372.0,372.0,1604,35,0,-6,60.99,39.0,100.0
2026-06-01,3678,聯享,58.48,68.0,59.5,63.1,205,1,0,0,0.0,0.0,0.0
2026-06-01,3679,新至陞,121.5,125.0,121.5,124.5,170,48,0,-2,9.02,90.97,100.0
2026-06-01,3680,家登,554.0,554.0,527.0,536.0,1766,-294,0,-23,23.71,76.28,100.0
2026-06-01,3684,榮昌,59.1,60.9,59.1,59.7,94,24,0,0,1.98,98.01,100.0
2026-06-01,3685,元創精密,28.0,28.0,27.0,27.8,419,74,0,0,0.35,99.64,100.0
2026-06-01,3686,達能,17.8,17.8,17.2,17.6,290,96,0,3,1.84,98.15,100.0
2026-06-01,3687,歐買尬,78.0,78.1,75.5,76.4,944,-192,0,0,4.75,95.24,100.0
2026-06-01,3689,湧德,139.0,144.0,136.0,137.5,6937,676,0,42,12.26,87.73,100.0
2026-06-01,3691,碩禾,170.0,173.0,161.0,169.5,6151,-185,0,-9,8.96,91.03,100.0
2026-06-01,3693,營邦,588.0,639.0,583.0,632.0,2531,123,0,20,13.9,86.09,100.0
2026-06-01,3694,海華,69.0,69.9,68.4,68.9,1674,-179,0,-2,3.99,96.0,100.0
2026-06-01,3701,大眾控,53.3,56.9,53.3,55.7,1986,230,0,3,4.73,95.26,100.0
2026-06-01,3702,大聯大,117.5,120.0,116.5,118.5,9193,3538,-649,-156,35.37,64.62,100.0
2026-06-01,3703,欣陸,20.2,20.65,20.15,20.4,1501,399,0,1,20.21,79.78,100.0
2026-06-01,3704,合勤控,46.85,47.2,46.25,46.8,5829,789,0,-8,14.14,85.85,100.0
2026-06-01,3705,永信,56.0,56.1,55.5,56.0,246,73,0,0,7.2,92.79,100.0
2026-06-01,3706,神達,90.8,94.5,90.8,93.5,62080,11755,75,103,12.45,87.54,100.0
2026-06-01,3707,漢磊,90.0,90.9,83.0,83.3,22367,-6038,0,-20,13.84,86.15,100.0
2026-06-01,3708,上緯投控,124.5,125.0,119.0,119.0,1921,-233,0,-64,8.37,91.62,100.0
2026-06-01,3709,鑫聯大投控,87.0,88.6,86.6,86.7,2031,-724,0,-68,8.31,91.68,100.0
2026-06-01,3710,連展投控,6.11,6.28,6.11,6.25,695,162,0,0,2.28,97.71,100.0
2026-06-01,3711,日月光投控,603.0,615.0,599.0,601.0,25834,2284,-4656,102,77.06,22.93,100.0
2026-06-01,3712,永崴投控,19.5,20.05,18.55,19.9,3244,-394,0,1,2.15,97.84,100.0
2026-06-01,3713,新晶投控,15.05,16.5,15.05,16.05,193,-22,0,0,0.34,99.65,100.0
2026-06-01,3714,富采,73.5,74.2,71.5,71.6,19876,-3162,-289,-84,11.06,88.93,100.0
2026-06-01,3715,定穎投控,176.0,185.5,173.5,182.0,15082,4700,-3,218,10.75,89.24,100.0
2026-06-01,3716,中化控股,34.2,34.4,33.7,34.4,290,88,0,9,8.56,91.43,100.0
2026-06-01,3717,聯嘉投控,22.85,23.15,22.05,22.4,2246,-284,0,49,3.85,96.14,100.0
2026-06-01,4102,永日,16.8,16.8,16.6,16.75,109,3,0,0,1.21,98.78,100.0
2026-06-01,4104,佳醫,70.1,70.1,69.5,70.1,344,171,0,0,3.08,96.91,100.0
2026-06-01,4105,東洋,73.9,74.0,73.4,73.7,1328,652,0,-110,19.82,80.17,100.0
2026-06-01,4106,雃博,24.65,24.7,23.85,24.4,359,50,0,5,2.13,97.86,100.0
2026-06-01,4107,邦特,114.5,114.5,114.0,114.0,70,-17,0,0,7.53,92.46,100.0
2026-06-01,4108,懷特,12.25,12.25,12.0,12.15,438,69,0,2,1.06,98.93,100.0
2026-06-01,4109,加捷生醫,11.2,11.55,11.2,11.5,310,50,0,0,0.91,99.08,100.0
2026-06-01,4111,濟生,30.05,30.1,29.95,30.05,43,0,0,0,3.35,96.64,100.0
2026-06-01,4113,聯上,14.25,14.55,14.05,14.45,361,195,0,0,1.69,98.3,100.0
2026-06-01,4114,健喬,30.05,30.15,29.9,30.1,1431,-66,0,0,5.65,94.34,100.0
2026-06-01,4115,善德生技,7.31,8.26,7.06,7.75,212,5,0,0,0.0,0.0,0.0
2026-06-01,4116,明基醫,37.0,37.5,37.0,37.35,74,11,0,0,0.43,99.56,100.0
2026-06-01,4119,旭富,40.45,41.9,40.35,41.9,339,107,0,0,5.38,94.61,100.0
2026-06-01,4120,友華,44.6,44.6,44.1,44.1,89,-21,0,0,6.2,93.79,100.0
2026-06-01,4121,優盛,14.0,14.35,14.0,14.2,288,23,0,0,1.93,98.06,100.0
2026-06-01,4123,晟德,38.55,38.55,37.9,38.4,2230,167,0,4,9.22,90.77,100.0
2026-06-01,4126,太醫,79.0,79.5,79.0,79.2,45,7,0,0,8.99,91.0,100.0
2026-06-01,4127,天良,71.7,71.7,68.6,68.7,301,-7,0,-13,0.69,99.3,100.0
2026-06-01,4128,中天,14.45,14.7,14.25,14.55,1823,601,0,13,4.14,95.85,100.0
2026-06-01,4129,聯合,90.2,90.2,88.5,88.8,382,-133,0,-1,11.53,88.46,100.0
2026-06-01,4130,健亞,26.35,27.0,26.1,26.2,261,-9,0,-2,2.11,97.88,100.0
2026-06-01,4131,浩泰,33.05,33.05,33.05,33.05,1,0,0,0,1.19,98.8,100.0
2026-06-01,4133,亞諾法,21.2,21.2,20.85,21.0,203,-4,0,0,12.61,87.38,100.0
2026-06-01,4137,麗豐-KY,103.5,106.5,103.0,106.5,490,68,0,131,55.77,44.22,100.0
2026-06-01,4138,曜亞,50.3,50.8,50.3,50.7,52,16,0,0,1.16,98.83,100.0
2026-06-01,4139,馬光-KY,22.8,22.8,22.35,22.75,16,-3,0,0,16.9,83.09,100.0
2026-06-01,4142,國光生,17.15,17.35,17.15,17.2,1055,273,0,7,4.65,95.34,100.0
2026-06-01,4147,中裕,50.1,54.1,48.85,53.2,4194,709,0,0,8.27,91.72,100.0
2026-06-01,4148,全宇生技-KY,30.45,30.7,30.1,30.4,64,24,0,4,71.08,28.91,100.0
2026-06-01,4150,優你康,5.33,5.51,5.22,5.3,424,-5,0,0,0.0,0.0,0.0
2026-06-01,4153,鈺緯,32.5,32.5,31.75,31.85,85,-3,0,0,0.32,99.67,100.0
2026-06-01,4154,樂威科-KY,12.5,12.9,12.5,12.9,56,5,0,0,29.99,70.0,100.0
2026-06-01,4155,訊映,14.8,14.9,14.4,14.65,622,-43,0,1,1.23,98.76,100.0
2026-06-01,4157,太景*-KY,9.19,9.21,9.03,9.06,1969,-350,0,0,1.92,98.07,100.0
2026-06-01,4160,訊聯基因,39.9,39.9,39.4,39.7,98,0,0,0,0.95,99.04,100.0
2026-06-01,4161,聿新科,22.95,23.05,22.8,23.0,56,-4,0,0,0.29,99.7,100.0
2026-06-01,4162,智擎,53.9,54.9,53.1,54.3,514,169,0,-3,8.52,91.47,100.0
2026-06-01,4163,鐿鈦,117.5,122.0,114.0,121.0,208,28,0,0,2.7,97.29,100.0
2026-06-01,4164,承業醫,28.05,28.6,27.95,28.55,868,38,0,-10,19.12,80.87,100.0
2026-06-01,4166,友霖,24.1,24.1,23.15,23.5,345,-116,0,0,10.64,89.35,100.0
2026-06-01,4167,松瑞藥,19.85,20.15,19.6,20.05,1503,283,0,16,10.78,89.21,100.0
2026-06-01,4168,醣聯,25.4,26.5,25.4,26.15,394,9,0,0,4.69,95.3,100.0
2026-06-01,4169,泰宗,160.0,160.5,156.5,158.5,162,51,0,7,6.55,93.44,100.0
2026-06-01,4170,鑫品生醫,13.11,13.55,12.95,13.55,19,0,0,0,0.0,0.0,0.0
2026-06-01,4171,瑞基,18.0,18.0,17.75,17.85,108,14,0,0,13.47,86.52,100.0
2026-06-01,4172,因華,12.44,12.6,11.7,12.2,701,5,0,0,0.0,0.0,0.0
2026-06-01,4173,久裕,17.95,18.0,17.9,18.0,116,32,0,0,0.6,99.39,100.0
2026-06-01,4174,浩鼎,28.85,29.2,28.35,28.55,405,23,0,0,6.78,93.21,100.0
2026-06-01,4175,杏一,53.6,54.5,53.6,53.6,42,2,0,0,0.15,99.84,100.0
2026-06-01,4178,永笙-KY,18.65,19.1,18.65,18.9,613,223,0,23,5.4,94.59,100.0
2026-06-01,4183,福永生技,0.0,0.0,0.0,0.0,0,0,0,0,0.0,99.99,100.0
2026-06-01,4186,尖端醫,10.06,10.2,9.9,10.2,511,5,0,0,0.0,0.0,0.0
2026-06-01,4188,安克,11.4,11.4,10.95,11.05,98,13,0,0,0.08,99.91,100.0
2026-06-01,4190,佐登-KY,24.3,24.65,24.25,24.3,38,4,0,0,58.81,41.18,100.0
2026-06-01,4192,杏國,20.0,20.0,19.8,19.8,9,0,0,0,0.31,99.68,100.0
2026-06-01,4194,禾生技,7.08,7.24,7.0,7.21,70,7,0,0,0.0,0.0,0.0
2026-06-01,4195,基米-創,16.55,16.85,16.3,16.75,299,127,0,6,1.02,98.97,100.0
2026-06-01,4197,暐世,8.94,9.2,8.54,9.19,160,0,0,0,0.0,0.0,0.0
2026-06-01,4198,欣大健康,38.0,39.15,37.0,38.65,21,0,0,0,1.16,98.83,100.0
2026-06-01,4205,中華食,72.4,72.4,72.0,72.2,72,0,0,0,0.58,99.41,100.0
2026-06-01,4207,環泰,19.5,19.9,19.4,19.65,404,144,0,0,1.58,98.41,100.0
2026-06-01,4303,信立,47.2,48.65,46.95,48.3,739,237,0,0,2.6,97.39,100.0
2026-06-01,4304,勝昱,28.0,28.0,26.6,27.0,54,0,0,0,0.05,99.94,100.0
2026-06-01,4305,世坤,43.9,44.0,43.9,43.95,20,0,0,0,0.06,99.93,100.0
2026-06-01,4306,炎洲,14.15,14.5,14.15,14.25,2864,904,0,28,5.66,94.33,100.0
2026-06-01,4401,東隆興,13.65,13.7,13.5,13.6,105,7,0,0,1.36,98.63,100.0
2026-06-01,4402,郡都開發,11.95,12.1,11.9,12.1,138,0,0,0,2.31,97.68,100.0
2026-06-01,4406,新昕纖,9.65,9.8,9.65,9.8,13,-1,0,0,0.22,99.77,100.0
2026-06-01,4413,飛寶企業,16.5,17.05,16.5,16.7,7,0,0,0,5.73,94.26,100.0
2026-06-01,4414,如興,7.95,8.07,7.75,7.86,661,106,0,14,26.5,73.49,100.0
2026-06-01,4416,三圓,10.9,11.5,10.9,11.45,398,126,0,0,2.01,97.98,100.0
2026-06-01,4417,金洲,45.95,45.95,45.3,45.65,224,47,0,0,3.73,96.26,100.0
2026-06-01,4419,元勝,46.1,46.8,45.8,46.8,70,1,0,0,0.0,99.99,100.0
2026-06-01,4419,皇家美食,46.1,46.8,45.8,46.8,70,1,0,0,0.0,99.99,100.0
2026-06-01,4420,光明,38.2,38.45,38.0,38.2,64,14,0,0,0.65,99.34,100.0
2026-06-01,4426,利勤,7.73,7.86,7.5,7.76,653,46,0,-4,2.39,97.6,100.0
2026-06-01,4430,耀億,16.95,17.1,16.85,16.9,41,0,0,0,2.27,97.72,100.0
2026-06-01,4431,敏成健康,16.5,16.6,15.95,16.45,35,0,0,0,0.0,0.0,0.0
2026-06-01,4432,銘旺實,17.05,17.95,17.05,17.35,166,18,0,0,0.93,99.06,100.0
2026-06-01,4433,興采,21.2,21.2,20.75,21.1,46,-8,0,0,0.16,99.83,100.0
2026-06-01,4438,廣越,61.0,61.9,60.2,61.1,171,14,0,-3,1.85,98.14,100.0
2026-06-01,4439,冠星-KY,92.2,92.2,90.5,91.8,14,3,0,0,61.39,38.6,100.0
2026-06-01,4440,宜新實業,17.75,17.75,17.45,17.75,161,18,0,0,0.78,99.21,100.0
2026-06-01,4441,振大環球,203.0,212.5,203.0,210.5,150,37,0,0,1.57,98.42,100.0
2026-06-01,4442,竣邦-KY,50.5,50.7,50.4,50.6,9,0,0,0,60.95,39.04,100.0
2026-06-01,4502,健信,15.75,15.95,15.6,15.7,46,3,0,0,4.16,95.83,100.0
2026-06-01,4503,金雨,39.0,39.7,38.6,39.1,271,51,0,0,3.48,96.51,100.0
2026-06-01,4506,崇友,117.0,119.0,116.5,117.0,188,42,0,0,3.29,96.7,100.0
2026-06-01,4510,高鋒,51.0,54.9,50.2,54.3,11867,2122,0,204,7.52,92.47,100.0
2026-06-01,4513,福裕,14.95,15.2,14.7,14.8,388,34,0,0,4.54,95.45,100.0
2026-06-01,4523,永彰,30.0,31.0,29.4,30.2,322,53,0,0,2.7,97.29,100.0
2026-06-01,4526,東台,39.25,42.8,39.1,42.8,15995,5510,0,169,8.13,91.86,100.0
2026-06-01,4527,方土霖,42.25,42.75,42.0,42.5,150,7,0,1,1.82,98.17,100.0
2026-06-01,4528,江興鍛,15.5,15.7,15.3,15.45,86,1,0,0,0.14,99.85,100.0
2026-06-01,4529,淳紳,4.93,4.93,4.68,4.71,66,7,0,0,38.04,61.95,100.0
2026-06-01,4530,宏易,25.0,25.0,24.5,24.5,12,0,0,0,2.28,97.71,100.0
2026-06-01,4532,瑞智,23.8,24.3,23.8,24.3,2195,1088,-25,-6,17.41,82.58,100.0
2026-06-01,4533,協易機,32.6,33.15,32.25,32.7,2855,931,0,-10,5.61,94.38,100.0
2026-06-01,4534,慶騰,29.2,29.85,27.0,27.45,3508,-144,0,-1,1.78,98.21,100.0
2026-06-01,4535,至興,27.3,27.3,27.0,27.3,19,0,0,0,0.09,99.9,100.0
2026-06-01,4536,拓凱,161.5,162.5,160.0,162.0,231,121,0,0,11.55,88.44,100.0
2026-06-01,4537,旭東,158.35,164.0,158.0,161.5,85,12,0,0,0.0,0.0,0.0
2026-06-01,4538,大詠城,17.9,17.9,17.6,17.6,47,0,0,0,0.14,99.85,100.0
2026-06-01,4540,全球傳動,70.8,75.4,70.8,75.4,18060,4935,0,35,11.75,88.24,100.0
2026-06-01,4541,晟田,45.85,48.0,45.45,46.7,2447,588,0,3,6.31,93.68,100.0
2026-06-01,4542,科嶠,274.0,282.0,262.0,262.0,752,-158,0,-3,6.54,93.45,100.0
2026-06-01,4543,萬在,41.5,44.1,40.85,42.15,1129,-42,0,0,9.53,90.46,100.0
2026-06-01,4544,春日,14.25,14.3,13.6,14.3,5,0,0,0,0.0,0.0,0.0
2026-06-01,4545,銘鈺,38.6,42.35,38.6,42.05,1086,91,0,3,29.02,70.97,100.0
2026-06-01,4546,長亨,99.57,102.0,98.6,101.5,41,0,0,0,0.0,0.0,0.0
2026-06-01,4549,桓達,130.5,136.5,122.5,136.5,2942,-233,8,0,2.19,97.8,100.0
2026-06-01,4550,長佳,25.45,25.45,24.75,24.9,63,1,0,0,1.55,98.44,100.0
2026-06-01,4551,智伸科,158.0,158.0,152.0,153.5,908,229,0,7,52.6,47.39,100.0
2026-06-01,4552,力達-KY,19.95,20.6,19.95,20.55,306,134,0,0,42.77,57.22,100.0
2026-06-01,4553,盛復,18.06,18.1,17.7,18.1,13,0,0,0,0.0,0.0,0.0
2026-06-01,4554,橙的,30.3,30.5,30.0,30.25,85,12,0,0,24.41,75.58,100.0
2026-06-01,4555,氣立,58.5,60.2,57.0,57.1,1526,249,0,0,2.4,97.59,100.0
2026-06-01,4556,旭然,40.4,40.95,39.2,39.95,441,72,0,0,10.64,89.35,100.0
2026-06-01,4557,永新-KY,43.6,43.6,42.4,42.65,235,45,0,2,30.47,69.52,100.0
2026-06-01,4558,寶緯,19.65,19.7,19.1,19.2,120,26,0,0,0.32,99.67,100.0
2026-06-01,4559,久裕興,8.15,8.23,7.98,8.1,29,0,0,0,0.0,0.0,0.0
2026-06-01,4560,強信-KY,32.0,32.45,31.85,32.35,143,25,0,0,84.82,15.17,100.0
2026-06-01,4561,健椿,53.3,56.8,53.3,56.8,2793,323,0,0,3.87,96.12,100.0
2026-06-01,4562,穎漢,41.95,45.55,41.85,45.55,3404,539,0,1,1.86,98.13,100.0
2026-06-01,4563,百德,48.3,50.9,48.3,50.2,440,107,0,0,1.74,98.25,100.0
2026-06-01,4564,元翎,15.5,15.8,15.4,15.65,889,187,0,4,2.74,97.25,100.0
2026-06-01,4565,宏偉,116.83,120.0,117.0,118.5,35,1,0,0,0.0,0.0,0.0
2026-06-01,4566,時碩工業,72.8,74.5,71.6,71.6,5880,27,0,-1,1.32,98.67,100.0
2026-06-01,4568,科際精密,40.65,41.0,40.65,41.0,17,7,0,0,20.07,79.92,100.0
2026-06-01,4569,六方科-KY,180.0,180.5,170.0,170.5,294,37,0,0,67.05,32.94,100.0
2026-06-01,4570,傑生,70.14,71.4,70.1,71.0,2,0,0,0,0.0,0.0,0.0
2026-06-01,4571,鈞興-KY,223.5,225.0,216.0,217.5,747,79,0,-7,66.47,33.52,100.0
2026-06-01,4572,駐龍,150.0,150.0,146.0,149.0,48,18,0,2,2.01,97.98,100.0
2026-06-01,4573,高明鐵,434.36,444.5,414.5,419.0,635,-16,0,0,0.0,0.0,0.0
2026-06-01,4575,銓寶,31.1,30.8,29.4,30.3,128,-13,0,0,0.0,0.0,0.0
2026-06-01,4576,大銀微系統,268.0,273.0,263.0,263.0,3150,-389,0,8,6.07,93.92,100.0
2026-06-01,4577,達航科技,113.5,113.5,109.0,110.0,957,274,0,0,3.14,96.85,100.0
2026-06-01,4580,捷流閥業,82.5,83.9,82.3,83.7,120,66,0,0,4.1,95.89,100.0
2026-06-01,4581,光隆精密-KY,49.3,50.0,49.3,49.8,22,4,0,0,24.01,75.98,100.0
2026-06-01,4582,聚恆-創,25.5,26.8,24.4,26.15,499,81,0,0,0.82,99.17,100.0
2026-06-01,4583,台灣精銳,735.0,735.0,715.0,715.0,112,33,0,4,1.41,98.58,100.0
2026-06-01,4584,君帆,46.3,46.7,42.65,43.0,23,-5,0,0,0.01,99.98,100.0
2026-06-01,4585,達明,365.0,376.0,357.0,371.5,1444,144,0,27,0.58,99.41,100.0
2026-06-01,4587,寶元數控,63.11,64.5,61.3,64.2,98,-1,0,0,0.0,0.0,0.0
2026-06-01,4588,玖鼎電力,58.5,59.9,56.8,58.0,270,56,0,0,2.59,97.4,100.0
2026-06-01,4589,碩陽電機,38.73,39.95,39.0,39.7,17,-4,0,0,0.0,0.0,0.0
2026-06-01,4590,富田-創,72.5,73.4,71.9,73.0,174,68,0,1,1.77,98.22,100.0
2026-06-01,4609,唐鋒,5.95,5.95,5.36,5.51,16,0,0,0,0.0,99.99,100.0
2026-06-01,4702,中美實,9.69,9.82,9.64,9.77,120,15,0,0,43.55,56.44,100.0
2026-06-01,4706,大恭,32.5,32.5,31.5,31.5,2,0,0,0,29.47,70.52,100.0
2026-06-01,4707,磐亞,17.8,17.9,17.3,17.9,5532,924,0,37,1.77,98.22,100.0
2026-06-01,4711,永純,16.95,16.95,16.4,16.6,358,92,0,0,1.22,98.77,100.0
2026-06-01,4714,永捷,13.5,13.65,13.35,13.5,806,211,0,-3,2.55,97.44,100.0
2026-06-01,4716,大立,14.8,15.4,14.75,15.05,959,373,0,0,3.7,96.29,100.0
2026-06-01,4720,德淵,25.25,25.75,24.9,25.4,2507,272,-1,2,5.4,94.59,100.0
2026-06-01,4721,美琪瑪,95.1,96.4,90.8,91.6,2118,-342,0,4,9.61,90.38,100.0
2026-06-01,4722,國精化,287.0,288.5,274.0,286.0,902,-18,0,-21,5.96,94.03,100.0
2026-06-01,4724,宣捷幹細胞,12.21,12.3,11.55,12.05,110,0,0,0,0.0,0.0,0.0
2026-06-01,4726,永昕,27.2,27.65,26.15,27.0,418,102,0,0,20.75,79.24,100.0
2026-06-01,4728,雙美,377.5,380.0,377.5,379.0,13,0,0,0,19.65,80.34,100.0
2026-06-01,4729,熒茂,25.1,25.5,24.5,25.2,1278,62,0,0,2.38,97.61,100.0
2026-06-01,4732,彥臣,18.51,19.15,18.95,19.15,21,0,0,0,0.0,0.0,0.0
2026-06-01,4735,豪展,30.8,31.35,30.7,31.05,61,-5,0,0,0.19,99.8,100.0
2026-06-01,4736,泰博,123.0,124.0,123.0,124.0,274,110,2,0,5.28,94.71,100.0
2026-06-01,4737,華廣,55.3,57.0,55.3,56.9,105,10,0,-1,28.71,71.28,100.0
2026-06-01,4738,大同精化,7.85,8.08,7.15,7.9,813,0,0,0,0.0,0.0,0.0
2026-06-01,4739,康普,115.0,118.5,108.0,109.0,12940,1073,0,-193,13.0,86.99,100.0
2026-06-01,4741,泓瀚,60.8,61.9,59.3,59.3,446,-21,0,10,2.66,97.33,100.0
2026-06-01,4743,合一,50.7,51.9,49.85,51.1,2828,317,0,0,7.38,92.61,100.0
2026-06-01,4744,皇將,34.6,37.15,34.25,36.7,874,369,0,0,4.24,95.75,100.0
2026-06-01,4745,合富-KY,15.95,16.1,15.8,15.85,254,45,0,0,8.79,91.2,100.0
2026-06-01,4746,台耀,52.4,53.8,51.3,53.3,1485,212,0,1,8.19,91.8,100.0
2026-06-01,4747,強生,56.8,57.2,56.1,56.9,42,-1,0,0,0.62,99.37,100.0
2026-06-01,4749,新應材,1065.0,1080.0,1055.0,1065.0,1390,-434,-57,7,13.2,86.79,100.0
2026-06-01,4754,國碳科,37.85,37.95,37.65,37.65,43,-2,0,0,0.26,99.73,100.0
2026-06-01,4755,三福化,151.5,155.5,148.5,152.0,517,92,8,0,24.69,75.3,100.0
2026-06-01,4760,勤凱,478.0,510.0,426.0,429.0,4630,-862,0,24,16.01,83.98,100.0
2026-06-01,4763,材料*-KY,41.2,42.6,40.9,42.6,8802,2900,0,155,46.25,53.74,100.0
2026-06-01,4764,雙鍵,310.0,335.0,305.0,320.0,2409,-231,102,0,27.32,72.67,100.0
2026-06-01,4765,磐采,19.69,19.4,18.9,19.1,87,-17,0,0,0.0,0.0,0.0
2026-06-01,4766,南寶,363.5,374.5,361.5,372.5,880,34,37,3,14.17,85.82,100.0
2026-06-01,4767,誠泰科技,27.0,27.0,26.75,26.85,13,0,0,0,0.04,99.95,100.0
2026-06-01,4768,晶呈科技,472.0,494.0,465.0,491.5,1447,297,0,11,7.7,92.29,100.0
2026-06-01,4770,上品,256.0,257.0,251.0,254.5,645,-110,0,31,7.02,92.97,100.0
2026-06-01,4771,望隼,199.5,200.0,196.0,199.5,206,59,0,0,7.12,92.87,100.0
2026-06-01,4772,台特化,305.0,306.5,300.0,303.0,1071,107,0,3,5.15,94.84,100.0
2026-06-01,4806,桂田文創,9.97,9.99,9.8,9.8,14,0,0,0,1.88,98.11,100.0
2026-06-01,4807,日成-KY,27.9,29.95,27.4,28.7,749,-15,0,-3,67.06,32.93,100.0
2026-06-01,4903,聯光通,44.95,45.35,44.35,44.4,1724,-114,0,0,2.64,97.35,100.0
2026-06-01,4904,遠傳,95.4,97.6,94.6,97.1,10021,-1515,3827,58,21.63,27.19,49.0
2026-06-01,4905,台聯電,80.2,88.1,80.2,87.8,107,4,0,0,9.73,90.26,100.0
2026-06-01,4906,正文,50.4,54.6,49.35,53.4,57649,3286,-5,87,13.93,86.06,100.0
2026-06-01,4907,富宇,36.15,37.85,35.55,37.5,229,44,0,0,0.22,99.77,100.0
2026-06-01,4908,前鼎,234.5,237.5,227.0,227.5,2817,2,0,-30,10.51,89.48,100.0
2026-06-01,4909,新復興,55.5,55.5,53.3,54.0,1231,19,0,19,9.41,90.58,100.0
2026-06-01,4911,德英,31.35,32.1,31.35,32.0,31,3,0,0,0.29,99.7,100.0
2026-06-01,4912,聯德控股-KY,116.5,117.0,111.5,113.5,3213,-221,0,-1,24.89,75.1,100.0
2026-06-01,4915,致伸,75.1,76.5,74.6,76.0,10962,-2023,292,-204,32.4,67.59,100.0
2026-06-01,4916,事欣科,117.0,123.5,115.5,119.0,6365,-216,0,59,20.72,79.27,100.0
2026-06-01,4919,新唐,199.5,208.0,199.5,208.0,3780,713,0,58,8.88,91.11,100.0
2026-06-01,4923,力士,47.0,47.15,45.1,45.1,1195,19,0,0,0.91,99.08,100.0
2026-06-01,4924,欣厚-KY,12.2,13.05,11.9,12.85,553,3,0,0,38.22,61.77,100.0
2026-06-01,4925,智微,165.62,170.5,162.0,165.5,441,-15,0,0,0.0,0.0,0.0
2026-06-01,4927,泰鼎-KY,56.2,59.9,55.4,55.8,12635,-2149,0,1,11.33,88.66,100.0
2026-06-01,4930,燦星網,17.75,17.95,17.75,17.85,89,0,0,0,2.17,97.82,100.0
2026-06-01,4931,新盛力,241.5,249.5,233.0,238.5,19176,-1242,0,8,11.31,88.68,100.0
2026-06-01,4933,友輝,78.0,78.6,75.8,76.4,1144,53,10,0,7.05,92.94,100.0
2026-06-01,4934,太極,17.3,17.95,17.15,17.3,1777,107,0,7,2.66,97.33,100.0
2026-06-01,4935,茂林-KY,40.9,42.75,40.6,41.65,843,-190,0,3,26.72,73.27,100.0
2026-06-01,4938,和碩,92.0,92.1,89.5,91.2,39426,1005,1475,-154,30.94,69.05,100.0
2026-06-01,4939,亞電,55.0,55.5,54.5,55.5,4874,1082,0,253,9.43,90.56,100.0
2026-06-01,4942,嘉彰,37.6,38.75,37.35,38.25,268,124,0,0,6.76,93.23,100.0
2026-06-01,4943,康控-KY,9.3,9.3,8.77,9.29,60,0,0,0,15.6,84.39,100.0
2026-06-01,4946,辣椒,102.0,109.5,102.0,105.0,112,11,0,0,4.04,95.95,100.0
2026-06-01,4949,有成精密,97.5,104.0,95.7,103.5,4367,-177,-1,58,2.98,97.01,100.0
2026-06-01,4950,金耘國際,16.1,16.5,15.95,16.0,46,0,0,0,0.08,99.91,100.0
2026-06-01,4951,精拓科,127.0,128.0,123.0,123.5,825,-113,0,0,4.34,95.65,100.0
2026-06-01,4952,凌通,52.8,53.3,51.5,51.9,1029,-167,0,3,5.84,94.15,100.0
2026-06-01,4953,緯軟,125.0,134.0,125.0,132.0,2712,0,4,-1,11.49,88.5,100.0
2026-06-01,4956,光鋐,45.4,47.15,45.2,45.5,2843,241,-1,-4,10.88,89.11,100.0
2026-06-01,4958,臻鼎-KY,542.0,555.0,541.0,548.0,12673,1967,-1331,-358,63.63,36.36,100.0
2026-06-01,4960,誠美材,32.1,34.8,32.1,33.75,12317,403,0,-1,19.23,80.76,100.0
2026-06-01,4961,天鈺,171.5,175.0,168.0,175.0,1771,-341,384,-11,19.86,80.13,100.0
2026-06-01,4966,譜瑞-KY,879.0,902.0,830.0,859.0,6257,-931,357,-41,34.26,65.73,100.0
2026-06-01,4967,十銓,280.0,290.0,278.0,289.0,12063,1874,0,30,9.18,90.81,100.0
2026-06-01,4968,立積,117.5,119.0,116.0,117.0,1175,231,0,14,4.77,95.22,100.0
2026-06-01,4971,IET-KY,749.0,789.0,749.0,789.0,378,-5,0,-7,13.2,86.79,100.0
2026-06-01,4972,湯石照明,16.45,16.8,16.45,16.55,85,13,0,0,2.09,97.9,100.0
2026-06-01,4973,廣穎,158.0,167.0,155.5,156.5,10457,-1207,0,-2,7.77,92.22,100.0
2026-06-01,4974,亞泰,78.0,78.5,77.5,77.8,251,31,0,0,4.81,95.18,100.0
2026-06-01,4976,佳凌,31.5,32.45,31.3,32.3,1055,257,0,3,3.98,96.01,100.0
2026-06-01,4977,眾達-KY,210.5,219.5,210.5,217.0,3947,126,-400,68,15.56,84.43,100.0
2026-06-01,4979,華星光,622.0,679.0,618.0,650.0,9215,1495,250,6,13.59,86.4,100.0
2026-06-01,4980,佐臻,47.69,50.2,47.55,48.45,165,-4,0,0,0.0,0.0,0.0
2026-06-01,4989,榮科,105.0,111.5,104.5,107.0,15450,326,0,-59,4.48,95.51,100.0
2026-06-01,4991,環宇-KY,730.0,754.0,709.0,735.0,4999,-396,70,5,17.57,82.42,100.0
2026-06-01,4994,傳奇,91.3,91.3,87.5,90.1,46,7,0,1,2.7,97.29,100.0
2026-06-01,4995,晶達,45.1,47.0,44.5,45.9,78,11,0,0,0.43,99.56,100.0
2026-06-01,4999,鑫禾,20.0,20.5,19.9,20.4,141,40,0,0,1.78,98.21,100.0
2026-06-01,5007,三星,57.8,58.0,57.0,58.0,90,28,0,0,2.95,97.04,100.0
2026-06-01,5009,榮剛,36.1,36.85,35.75,36.3,3668,375,0,29,10.59,89.4,100.0
2026-06-01,5011,久陽,18.7,20.0,18.55,19.35,1536,136,0,-8,2.88,97.11,100.0
2026-06-01,5013,強新,27.5,28.1,27.5,28.1,8,2,0,0,12.21,87.78,100.0
2026-06-01,5014,建錩,11.15,11.3,11.05,11.1,509,44,0,0,1.54,98.45,100.0
2026-06-01,5015,華祺,24.25,25.0,24.25,24.8,58,10,0,0,6.75,93.24,100.0
2026-06-01,5016,松和,25.6,25.6,25.15,25.2,120,16,0,0,0.59,99.4,100.0
2026-06-01,5201,凱衛,28.3,29.5,27.95,29.0,92,22,0,0,8.29,91.7,100.0
2026-06-01,5202,力新,12.3,13.1,12.3,12.8,596,-40,0,0,1.23,98.76,100.0
2026-06-01,5203,訊連,65.5,71.0,65.5,70.0,1538,22,0,2,11.81,88.18,100.0
2026-06-01,5205,中茂,23.3,23.3,23.3,23.3,1,0,0,0,0.04,99.95,100.0
2026-06-01,5206,坤悅,21.6,21.8,21.5,21.7,144,10,0,-95,6.31,93.68,100.0
2026-06-01,5209,新鼎,170.0,172.5,170.0,171.5,47,-1,0,0,2.09,97.9,100.0
2026-06-01,5210,寶碩,29.5,29.9,29.2,29.25,1097,241,0,0,1.47,98.52,100.0
2026-06-01,5211,蒙恬,18.5,18.6,18.3,18.45,51,-15,0,0,8.0,91.99,100.0
2026-06-01,5212,凌網,47.45,47.5,46.25,46.75,52,-5,0,0,21.76,78.23,100.0
2026-06-01,5213,亞昕,26.5,26.75,26.25,26.75,1124,426,0,0,1.27,98.72,100.0
2026-06-01,5215,科嘉-KY,50.2,51.2,49.5,50.3,332,1,0,10,25.72,74.27,100.0
2026-06-01,5220,萬達光電,23.5,23.55,23.05,23.35,85,-14,0,0,0.42,99.57,100.0
2026-06-01,5222,全訊,127.5,128.0,126.0,126.5,515,23,-1,1,3.99,6.0,10.0
2026-06-01,5223,安力-KY,25.0,25.75,24.9,25.55,58,11,0,0,41.98,58.01,100.0
2026-06-01,5225,東科-KY,70.9,71.9,70.1,71.6,550,228,0,0,40.61,59.38,100.0
2026-06-01,5227,立凱-KY,24.55,25.0,24.4,24.7,148,4,0,0,12.77,87.22,100.0
2026-06-01,5228,鈺鎧,66.0,70.4,64.6,64.7,3539,244,0,-5,2.41,97.58,100.0
2026-06-01,5230,雷笛克光學,17.4,17.6,17.25,17.45,194,64,0,0,1.41,98.58,100.0
2026-06-01,5234,達興材料,411.0,415.0,406.0,412.5,522,-96,0,-4,10.85,89.14,100.0
2026-06-01,5236,凌陽創新,184.5,184.5,181.0,182.0,534,-117,0,0,6.0,93.99,100.0
2026-06-01,5240,建騰,24.29,25.2,24.5,25.0,5,-1,0,0,0.0,0.0,0.0
2026-06-01,5243,乙盛-KY,128.5,132.0,123.0,124.0,5910,-461,0,-39,55.67,44.32,100.0
2026-06-01,5244,弘凱,38.4,39.25,38.4,38.65,318,37,0,2,1.92,98.07,100.0
2026-06-01,5245,智晶,27.15,28.15,27.15,27.6,239,32,0,0,3.19,96.8,100.0
2026-06-01,5246,勵威,174.69,197.5,174.0,187.0,604,11,0,0,0.0,0.0,0.0
2026-06-01,5248,景傳,41.43,43.6,40.9,43.6,97,10,0,0,0.0,0.0,0.0
2026-06-01,5251,天鉞電,26.45,29.35,26.45,29.35,411,43,0,0,28.8,71.19,100.0
2026-06-01,5254,欣訊科技,45.0,52.6,46.45,52.4,348,16,0,0,0.0,0.0,0.0
2026-06-01,5258,虹堡,50.5,52.5,50.1,52.5,1303,-14,0,0,5.17,94.82,100.0
2026-06-01,5262,立達,51.99,52.5,50.5,51.5,215,2,0,0,0.0,0.0,0.0
2026-06-01,5263,智崴,104.0,104.0,100.5,101.0,239,54,0,0,15.35,84.64,100.0
2026-06-01,5267,龍翩,63.99,64.6,61.5,63.6,118,12,0,0,0.0,0.0,0.0
2026-06-01,5269,祥碩,1470.0,1520.0,1465.0,1520.0,1419,86,142,56,7.89,92.1,100.0
2026-06-01,5271,紘通,17.86,18.0,16.45,16.85,2335,31,0,0,0.0,0.0,0.0
2026-06-01,5272,笙科,22.15,22.75,22.0,22.5,304,104,0,0,3.55,96.44,100.0
2026-06-01,5274,信驊,19325.0,19325.0,18225.0,18500.0,372,-70,-35,-1,53.91,46.08,100.0
2026-06-01,5276,達輝-KY,20.25,20.25,19.1,19.7,23,1,0,0,76.99,23.0,100.0
2026-06-01,5278,尚凡,22.25,23.4,22.25,22.65,441,62,0,0,0.54,99.45,100.0
2026-06-01,5278,尚凡*,22.25,23.4,22.25,22.65,441,62,0,0,0.54,99.45,100.0
2026-06-01,5283,禾聯碩,52.1,53.6,52.1,53.4,164,69,0,0,1.45,98.54,100.0
2026-06-01,5284,jpp-KY,451.0,454.5,441.0,446.5,715,-114,0,0,53.86,46.13,100.0
2026-06-01,5285,界霖,89.5,90.0,85.2,89.4,3792,320,0,-1,5.18,94.81,100.0
2026-06-01,5287,數字,146.5,147.0,144.0,145.0,278,-104,0,0,16.11,83.88,100.0
2026-06-01,5288,豐祥-KY,159.0,162.5,156.0,161.0,246,59,0,0,58.7,41.29,100.0
2026-06-01,5289,宜鼎,1855.0,1950.0,1830.0,1905.0,4953,-356,23,5,23.42,76.57,100.0
2026-06-01,5291,邑昇,71.8,72.9,70.6,71.5,716,16,0,0,4.28,95.71,100.0
2026-06-01,5292,華懋,227.5,232.0,221.5,229.5,235,10,0,3,6.16,93.83,100.0
2026-06-01,5297,廣化,126.87,127.0,106.5,108.5,1889,-15,0,0,0.0,0.0,0.0
2026-06-01,5299,杰力,121.0,121.0,113.0,115.0,927,-98,0,0,1.97,98.02,100.0
2026-06-01,5301,寶得利,6.83,6.84,6.69,6.79,22,0,0,0,2.1,97.89,100.0
2026-06-01,5302,太欣,10.55,11.35,10.55,11.0,1118,230,0,0,0.85,99.14,100.0
2026-06-01,5306,桂盟,83.4,84.5,83.0,84.3,191,58,0,1,12.62,87.37,100.0
2026-06-01,5309,系統電,72.4,75.9,72.4,75.9,17420,4848,0,332,12.06,87.93,100.0
2026-06-01,5310,天剛,23.0,24.7,22.95,24.7,11,0,0,0,0.06,99.93,100.0
2026-06-01,5312,寶島科,94.0,94.1,93.6,93.9,83,17,0,0,7.82,92.17,100.0
2026-06-01,5314,世紀*,64.3,65.5,63.1,65.3,3941,179,0,17,12.98,87.01,100.0
2026-06-01,5315,光聯,22.4,22.65,22.35,22.55,1079,241,0,0,9.1,90.89,100.0
2026-06-01,5321,美而快,57.4,57.4,56.4,57.4,853,81,0,0,1.65,98.34,100.0
2026-06-01,5324,士開,11.9,11.95,11.85,11.9,206,26,0,0,5.23,94.76,100.0
2026-06-01,5328,華容,41.7,43.35,39.8,39.8,44950,-5566,0,-211,3.7,96.29,100.0
2026-06-01,5340,建榮,102.5,107.0,101.5,105.0,4298,576,0,11,49.69,50.3,100.0
2026-06-01,5344,立衛,15.6,16.0,15.3,15.85,126,2,0,0,0.15,99.84,100.0
2026-06-01,5345,天揚,21.2,24.65,20.75,24.65,215,1,0,0,0.03,99.96,100.0
2026-06-01,5345,馥鴻,21.2,24.65,20.75,24.65,215,1,0,0,0.03,99.96,100.0
2026-06-01,5347,世界,175.0,184.5,174.5,179.0,68210,7887,-3753,804,28.67,71.32,100.0
2026-06-01,5348,正能量智能,0.0,0.0,0.0,0.0,0,0,0,0,0.02,99.97,100.0
2026-06-01,5351,鈺創,87.5,93.8,87.1,89.7,37124,-1404,0,56,20.62,79.37,100.0
2026-06-01,5353,台林,30.45,32.2,30.35,32.0,1588,-33,0,2,0.7,99.29,100.0
2026-06-01,5355,佳總,6.28,6.51,6.2,6.4,249,0,0,0,0.19,99.8,100.0
2026-06-01,5356,協益,27.05,27.65,26.9,27.35,171,15,0,0,3.31,96.68,100.0
2026-06-01,5364,力麗店,8.79,8.88,8.74,8.84,50,-6,0,0,0.59,99.4,100.0
2026-06-01,5371,中光電,73.0,76.0,71.8,73.9,7973,880,0,233,20.06,79.93,100.0
2026-06-01,5381,光譜,25.7,27.4,25.65,26.55,1638,130,0,0,0.94,99.05,100.0
2026-06-01,5386,青雲,616.0,619.0,578.0,581.0,2883,-363,0,-10,2.54,97.45,100.0
2026-06-01,5388,中磊,88.0,91.9,86.6,90.1,11283,-2739,0,625,19.22,80.75,100.0
2026-06-01,5392,能率,46.4,49.0,44.8,48.9,20162,-1662,0,-26,11.12,88.87,100.0
2026-06-01,5398,慕康生醫,16.85,17.0,16.75,17.0,56,28,0,0,5.6,94.39,100.0
2026-06-01,5403,中菲,85.5,89.3,85.5,89.1,176,11,0,0,6.2,93.79,100.0
2026-06-01,5410,國眾,41.65,42.15,41.0,41.75,4265,-1276,0,0,8.56,91.43,100.0
2026-06-01,5425,台半,115.5,115.5,105.0,106.5,43731,-4721,0,-247,16.83,83.16,100.0
2026-06-01,5426,振發,20.5,20.5,20.5,20.5,503,0,0,0,2.52,97.47,100.0
2026-06-01,5432,新門,139.0,140.5,135.5,135.5,99,13,0,0,0.88,99.11,100.0
2026-06-01,5434,崇越,456.0,456.0,448.5,453.0,672,-58,-76,0,31.04,68.95,100.0
2026-06-01,5438,東友,19.0,19.5,19.0,19.35,132,24,0,-2,1.1,98.89,100.0
2026-06-01,5439,高技,386.5,389.5,379.5,380.0,1812,-320,0,15,19.23,80.76,100.0
2026-06-01,5443,均豪,126.5,131.5,124.5,127.0,4712,-109,0,-86,8.84,91.15,100.0
2026-06-01,5450,寶聯通,12.95,12.95,12.7,12.8,51,1,0,0,0.12,99.87,100.0
2026-06-01,5450,南良,12.95,12.95,12.7,12.8,51,1,0,0,0.12,99.87,100.0
2026-06-01,5452,佶優,35.3,35.95,34.7,35.1,5749,252,0,4,10.31,89.68,100.0
2026-06-01,5455,昇益,23.1,24.9,23.1,24.6,21,-4,0,0,0.1,99.89,100.0
2026-06-01,5457,宣德,30.5,30.5,29.75,30.05,674,-47,0,0,27.97,72.02,100.0
2026-06-01,5460,同協,15.0,15.45,14.6,14.8,212,19,0,0,0.39,99.6,100.0
2026-06-01,5464,霖宏,88.0,91.0,74.9,80.5,5946,-297,0,-4,4.73,95.26,100.0
2026-06-01,5465,富驊,26.3,27.6,26.3,27.1,295,63,0,0,2.31,97.68,100.0
2026-06-01,5468,凱鈺,17.5,18.5,17.2,18.25,171,2,0,0,0.18,99.81,100.0
2026-06-01,5469,瀚宇博,86.0,86.2,84.5,86.0,3655,-436,0,5,11.29,88.7,100.0
2026-06-01,5471,松翰,54.4,54.5,52.7,53.1,2996,-553,0,6,10.04,89.95,100.0
2026-06-01,5474,聰泰,190.5,198.0,187.0,198.0,5383,64,0,25,2.88,97.11,100.0
2026-06-01,5475,德宏,274.5,297.0,263.0,297.0,7723,1766,0,-10,8.05,91.94,100.0
2026-06-01,5478,智冠,99.0,101.5,98.7,100.0,348,145,0,0,17.95,82.04,100.0
2026-06-01,5481,新華,18.0,18.15,17.7,17.75,136,7,0,0,25.74,74.25,100.0
2026-06-01,5483,中美晶,174.5,179.5,167.0,168.5,25948,-1859,-831,32,23.28,76.71,100.0
2026-06-01,5484,慧友,48.7,53.6,47.8,53.6,2308,70,0,25,2.09,97.9,100.0
2026-06-01,5487,通泰,27.4,27.65,27.2,27.6,104,-2,0,0,0.6,99.39,100.0
2026-06-01,5488,松普,13.0,13.4,12.85,13.4,4563,-41,0,0,2.0,97.99,100.0
2026-06-01,5489,彩富,39.0,39.35,38.6,38.85,69,4,0,0,0.64,99.35,100.0
2026-06-01,5490,同亨,28.75,29.45,28.45,29.25,626,230,0,0,7.58,92.41,100.0
2026-06-01,5493,三聯,89.1,95.4,88.1,95.3,779,288,0,2,3.16,96.83,100.0
2026-06-01,5498,凱崴,65.6,68.0,64.8,66.0,4811,231,0,-4,3.34,96.65,100.0
2026-06-01,5508,永信建,46.25,47.25,45.95,46.85,612,203,0,2,3.45,96.54,100.0
2026-06-01,5511,德昌,71.0,71.8,70.9,71.4,239,84,0,0,4.22,95.77,100.0
2026-06-01,5512,力麒,7.05,7.39,6.98,7.38,3260,344,0,0,4.91,95.08,100.0
2026-06-01,5514,三豐,13.75,14.65,13.7,13.95,110,7,0,0,0.03,99.96,100.0
2026-06-01,5515,建國,40.8,41.75,40.75,41.55,754,52,0,4,12.41,87.58,100.0
2026-06-01,5516,雙喜,10.4,10.4,10.2,10.2,17,-2,0,0,0.06,99.93,100.0
2026-06-01,5519,隆大,32.1,32.1,31.85,31.95,1080,245,0,0,4.36,95.63,100.0
2026-06-01,5520,力泰,81.0,82.7,81.0,81.3,6,0,0,0,0.03,99.96,100.0
2026-06-01,5521,工信,10.3,10.35,10.15,10.2,4238,586,0,2,7.68,92.31,100.0
2026-06-01,5522,遠雄,72.8,74.2,71.9,74.2,1485,576,-1,146,4.6,95.39,100.0
2026-06-01,5523,豐謙,30.5,30.5,30.3,30.5,19,-1,0,0,0.13,99.86,100.0
2026-06-01,5525,順天,21.15,21.9,20.85,21.8,137,26,0,-4,1.69,98.3,100.0
2026-06-01,5529,鉅陞,22.25,22.3,22.0,22.2,61,10,0,0,0.68,99.31,100.0
2026-06-01,5530,龍巖,46.55,50.1,46.55,49.0,1915,315,0,0,54.2,45.79,100.0
2026-06-01,5531,鄉林,7.68,7.93,7.6,7.85,943,366,0,0,2.59,97.4,100.0
2026-06-01,5533,皇鼎,14.0,14.0,13.8,13.95,101,29,0,0,2.71,97.28,100.0
2026-06-01,5534,長虹,74.3,74.8,73.7,74.7,1101,142,0,-103,8.92,91.07,100.0
2026-06-01,5536,聖暉*,998.0,1025.0,988.0,1005.0,1218,-257,253,18,37.37,62.62,100.0
2026-06-01,5538,東明-KY,36.65,36.65,35.7,36.0,44,15,0,1,63.83,36.16,100.0
2026-06-01,5543,桓鼎-KY,30.0,30.0,29.0,29.95,39,-2,0,0,0.02,99.97,100.0
2026-06-01,5546,永固-KY,16.9,17.6,16.8,16.8,88,9,0,2,53.73,46.26,100.0
2026-06-01,5547,久舜,21.85,21.85,21.75,21.85,23,0,0,0,0.16,99.83,100.0
2026-06-01,5548,安倉,23.3,23.3,23.1,23.3,154,-38,0,0,0.16,99.83,100.0
2026-06-01,5601,台聯櫃,32.05,32.2,32.05,32.2,21,11,0,0,4.44,95.55,100.0
2026-06-01,5603,陸海,15.0,15.25,14.95,15.25,148,43,0,0,5.08,94.91,100.0
2026-06-01,5604,中連貨,31.0,31.0,30.6,30.8,67,-9,0,0,3.03,96.96,100.0
2026-06-01,5604,中連,31.0,31.0,30.6,30.8,67,-9,0,0,3.03,96.96,100.0
2026-06-01,5607,遠雄港,50.5,52.3,50.3,51.8,1612,512,0,4,3.32,96.67,100.0
2026-06-01,5608,四維航,14.4,15.15,14.35,15.0,3870,646,0,6,5.17,42.32,47.5
2026-06-01,5609,中菲行,81.0,81.4,80.5,81.3,325,66,0,54,14.52,85.47,100.0
2026-06-01,5701,劍湖山,4.4,4.4,4.4,4.4,308,0,0,45,0.0,99.99,100.0
2026-06-01,5703,亞都,13.85,13.85,13.85,13.85,13,0,0,0,6.62,93.37,100.0
2026-06-01,5704,老爺知,21.1,21.4,21.0,21.15,17,-2,0,0,0.16,99.83,100.0
2026-06-01,5706,鳳凰,50.7,51.9,50.5,51.6,529,285,0,1,1.94,98.05,100.0
2026-06-01,5859,遠壽,13.58,13.7,13.3,13.65,438,0,0,0,0.0,0.0,0.0
2026-06-01,5863,瑞興銀,10.76,11.0,10.5,11.0,26,0,0,0,0.0,0.0,0.0
2026-06-01,5864,致和證,43.6,44.5,42.55,43.4,10789,-734,0,0,6.13,93.86,100.0
2026-06-01,5871,中租-KY,108.5,110.0,107.5,108.5,10456,-415,2234,66,45.58,54.41,100.0
2026-06-01,5876,上海商銀,39.5,40.0,39.2,39.8,13437,-6507,7035,230,53.32,46.67,100.0
2026-06-01,5878,台名,41.2,41.2,40.75,40.8,31,-5,0,0,0.57,99.42,100.0
2026-06-01,5880,合庫金,22.85,22.95,22.6,22.85,29130,-2934,167,145,15.11,84.88,100.0
2026-06-01,5902,德記,34.9,34.9,34.0,34.45,117,-9,0,0,1.18,98.81,100.0
2026-06-01,5903,全家,187.0,187.0,185.5,187.0,93,-25,0,0,50.91,49.08,100.0
2026-06-01,5904,寶雅,571.0,575.0,564.0,569.0,233,24,-14,0,29.04,70.95,100.0
2026-06-01,5905,南仁湖,7.84,8.0,7.81,7.86,716,156,0,0,1.33,98.66,100.0
2026-06-01,5906,台南-KY,47.0,47.0,47.0,47.0,5,5,0,0,19.37,80.62,100.0
2026-06-01,5907,大洋-KY,4.99,5.14,4.99,5.07,407,177,0,0,52.16,47.83,100.0
2026-06-01,6005,群益證,39.5,40.3,38.35,39.6,20435,436,-1849,0,17.49,82.5,100.0
2026-06-01,6015,宏遠證,19.85,20.05,19.2,19.75,9979,-1464,0,0,8.98,91.01,100.0
2026-06-01,6016,康和證,29.8,30.9,28.9,30.2,26384,-6039,0,0,11.1,88.89,100.0
2026-06-01,6020,大展證,24.15,24.4,24.05,24.1,122,-4,0,0,0.02,99.97,100.0
2026-06-01,6021,美好證,38.2,38.5,37.3,37.65,658,-106,0,0,7.58,92.41,100.0
2026-06-01,6023,元大期,99.7,101.0,99.3,100.0,419,166,-92,0,2.01,97.98,100.0
2026-06-01,6024,群益期,58.0,58.5,57.5,58.2,578,188,0,0,4.08,95.91,100.0
2026-06-01,6026,福邦證,17.2,17.5,17.05,17.3,8603,924,0,0,7.51,92.48,100.0
2026-06-01,6027,德信,12.64,12.55,12.25,12.55,51,0,0,0,0.0,0.0,0.0
2026-06-01,6028,公勝保經,79.1,79.1,78.8,79.1,32,0,0,0,0.65,99.34,100.0
2026-06-01,6035,悠遊卡,51.37,52.4,49.9,51.2,11,0,0,0,0.0,0.0,0.0
2026-06-01,6101,寬魚國際,39.85,42.15,39.85,40.25,1420,-99,0,16,0.34,99.65,100.0
2026-06-01,6103,合邦,39.7,39.7,39.45,39.45,3,0,0,0,0.68,99.31,100.0
2026-06-01,6104,創惟,99.1,103.0,98.8,101.5,2012,647,0,80,12.21,87.78,100.0
2026-06-01,6108,競國,20.2,20.2,19.6,19.95,1852,-190,0,9,3.74,96.25,100.0
2026-06-01,6109,亞元,11.5,11.5,11.1,11.15,249,-82,0,0,1.85,98.14,100.0
2026-06-01,6111,光聚晶電,45.45,45.45,44.1,44.1,556,-81,0,-2,10.43,89.56,100.0
2026-06-01,6112,邁達特,43.2,47.05,43.2,47.05,4145,904,0,68,1.53,98.46,100.0
2026-06-01,6113,亞矽,28.2,28.85,27.4,27.7,847,106,0,-8,3.5,96.49,100.0
2026-06-01,6114,久威,30.6,30.7,30.35,30.7,34,-1,0,0,0.79,99.2,100.0
2026-06-01,6115,鎰勝,47.5,47.6,46.9,47.45,306,-48,0,0,5.47,94.52,100.0
2026-06-01,6116,彩晶,18.25,18.8,18.25,18.8,58323,-3854,0,1027,7.34,92.65,100.0
2026-06-01,6117,迎廣,84.9,86.6,84.1,85.8,980,100,0,-1,1.93,98.06,100.0
2026-06-01,6118,建達,17.7,18.0,17.6,17.85,393,66,0,0,1.43,98.56,100.0
2026-06-01,6120,達運,14.5,15.5,14.3,14.9,8166,841,50,415,8.93,91.06,100.0
2026-06-01,6121,新普,393.0,397.5,388.5,396.0,937,163,90,5,37.61,62.38,100.0
2026-06-01,6122,擎邦,47.2,48.8,47.0,48.65,622,-43,0,-1,4.65,95.34,100.0
2026-06-01,6123,上奇,43.2,44.7,43.2,44.7,139,18,0,-1,2.63,97.36,100.0
2026-06-01,6124,業強,29.8,30.55,29.35,30.0,137,-37,0,0,50.93,49.06,100.0
2026-06-01,6125,廣運,69.4,73.3,69.4,73.3,8363,421,0,244,10.14,89.85,100.0
2026-06-01,6126,信音,36.95,37.85,36.35,37.25,3861,887,0,159,5.1,94.89,100.0
2026-06-01,6127,九豪,74.0,74.0,73.2,74.0,9363,797,0,-22,12.81,87.18,100.0
2026-06-01,6128,上福,19.45,19.6,19.1,19.5,217,56,0,0,4.43,95.56,100.0
2026-06-01,6129,普誠,17.3,17.45,16.75,16.9,3461,-955,0,-4,2.27,97.72,100.0
2026-06-01,6130,上亞科技,22.25,24.1,21.65,23.25,549,2,0,0,0.51,99.48,100.0
2026-06-01,6133,金橋,23.6,23.85,23.35,23.55,1176,42,0,1,2.12,97.87,100.0
2026-06-01,6134,萬旭,39.75,39.8,39.45,39.8,1806,170,0,19,28.19,71.8,100.0
2026-06-01,6136,富爾特,25.6,26.2,25.6,26.05,419,185,0,1,3.92,96.07,100.0
2026-06-01,6138,茂達,349.5,354.5,342.0,353.0,1268,-51,111,13,16.85,83.14,100.0
2026-06-01,6139,亞翔,791.0,792.0,765.0,777.0,3006,-215,-123,0,29.24,70.75,100.0
2026-06-01,6140,訊達,20.0,20.65,19.9,20.65,447,66,0,4,1.76,98.23,100.0
2026-06-01,6141,柏承,46.05,46.05,41.4,44.4,7282,-1668,0,-1,3.75,96.24,100.0
2026-06-01,6142,友勁,8.39,8.79,8.27,8.52,1213,157,0,-3,2.55,97.44,100.0
2026-06-01,6143,振曜,99.9,101.0,98.8,99.4,976,0,0,0,10.28,89.71,100.0
2026-06-01,6144,得利影,14.85,15.2,14.3,14.4,42,0,0,0,33.4,66.59,100.0
2026-06-01,6146,耕興,233.0,233.0,225.5,227.5,776,-421,62,-10,29.98,70.01,100.0
2026-06-01,6147,頎邦,313.0,313.5,284.0,285.5,88663,-3805,-565,-193,21.96,78.03,100.0
2026-06-01,6148,驊宏資,29.25,31.65,29.25,31.65,648,94,0,0,3.0,96.99,100.0
2026-06-01,6150,撼訊,70.5,71.9,68.6,69.1,1196,35,0,-98,6.24,93.75,100.0
2026-06-01,6151,晉倫,44.2,45.7,43.55,45.6,1188,206,0,7,5.17,94.82,100.0
2026-06-01,6152,百一,15.1,15.3,14.85,15.1,1804,295,0,-4,1.98,98.01,100.0
2026-06-01,6153,嘉聯益,18.1,18.9,17.95,18.5,5484,1176,0,-29,11.76,88.23,100.0
2026-06-01,6154,順發,13.3,13.5,13.25,13.35,83,8,0,0,0.73,99.26,100.0
2026-06-01,6155,鈞寶,63.0,69.0,63.0,69.0,20681,3654,0,25,12.53,87.46,100.0
2026-06-01,6156,松上,18.5,19.3,18.3,19.15,734,179,0,0,5.19,94.8,100.0
2026-06-01,6158,禾昌,17.95,18.6,17.9,18.25,152,30,0,0,0.78,99.21,100.0
2026-06-01,6160,欣技,17.5,17.65,17.05,17.1,335,-14,0,0,3.97,96.02,100.0
2026-06-01,6161,捷波,59.2,59.5,57.8,58.4,827,-10,0,0,2.68,97.31,100.0
2026-06-01,6163,華電網,53.4,53.9,51.9,53.4,5084,-1083,0,-2,2.53,97.46,100.0
2026-06-01,6164,華興,12.2,12.7,12.0,12.65,1445,404,0,1,5.25,94.74,100.0
2026-06-01,6165,浪凡,48.6,48.9,48.2,48.25,741,58,0,0,17.8,82.19,100.0
2026-06-01,6166,凌華,135.0,142.0,131.5,133.5,3698,-322,0,-17,19.89,80.1,100.0
2026-06-01,6167,久正,11.7,12.2,11.6,11.9,917,2,0,0,4.63,95.36,100.0
2026-06-01,6168,宏齊,28.0,29.2,27.7,28.2,4141,-136,0,-8,3.62,96.37,100.0
2026-06-01,6169,昱泉,13.65,14.05,13.6,13.75,30,-2,0,0,0.17,99.82,100.0
2026-06-01,6170,統振,51.5,52.1,51.1,52.0,445,115,0,0,2.93,97.06,100.0
2026-06-01,6171,大城地產,23.1,23.4,23.05,23.15,18,0,0,0,0.16,99.83,100.0
2026-06-01,6173,信昌電,237.0,256.5,237.0,237.0,1426,266,0,-493,25.24,74.75,100.0
2026-06-01,6174,安碁,47.05,47.5,45.0,45.35,1754,-27,0,0,3.07,96.92,100.0
2026-06-01,6175,立敦,104.5,110.0,99.6,99.8,8896,-477,0,-27,22.32,77.67,100.0
2026-06-01,6176,瑞儀,104.0,105.5,102.0,105.0,10495,4011,-956,127,24.93,75.06,100.0
2026-06-01,6177,達麗,42.45,43.7,42.1,43.6,1553,192,0,6,6.54,93.45,100.0
2026-06-01,6179,亞通,24.0,24.6,23.65,23.8,1606,-204,0,108,4.81,95.18,100.0
2026-06-01,6180,橘子,41.8,42.1,40.9,42.0,1041,-133,0,4,22.99,77.0,100.0
2026-06-01,6182,合晶,100.0,101.5,96.6,97.0,9818,837,0,-388,22.09,77.9,100.0
2026-06-01,6183,關貿,90.1,91.7,90.1,91.5,56,12,0,-1,1.09,98.9,100.0
2026-06-01,6184,大豐電,46.05,46.05,45.8,45.95,113,6,0,0,2.77,16.22,19.0
2026-06-01,6185,幃翔,13.8,13.95,13.7,13.95,317,56,0,0,1.98,98.01,100.0
2026-06-01,6186,新潤,39.6,39.6,38.9,39.4,720,166,0,0,2.59,97.4,100.0
2026-06-01,6187,萬潤,1090.0,1100.0,1040.0,1070.0,4478,-811,-450,-2,27.38,72.61,100.0
2026-06-01,6188,廣明,85.3,88.2,85.2,87.4,4976,1065,0,8,9.81,90.18,100.0
2026-06-01,6189,豐藝,50.3,50.9,49.6,49.9,1167,74,-134,0,8.22,91.77,100.0
2026-06-01,6190,萬泰科,92.0,99.6,90.0,91.6,17014,-224,0,-159,11.28,88.71,100.0
2026-06-01,6191,精成科,97.6,98.0,96.2,96.2,5561,-314,10,-20,4.16,95.83,100.0
2026-06-01,6192,巨路,128.5,130.0,128.0,129.0,414,-78,0,-3,25.14,74.85,100.0
2026-06-01,6194,育富,34.75,34.9,33.55,34.15,231,54,0,0,2.38,97.61,100.0
2026-06-01,6195,詩肯,26.2,26.45,26.0,26.15,55,2,0,0,45.02,54.97,100.0
2026-06-01,6196,帆宣,518.0,518.0,505.0,513.0,1688,138,60,-19,17.2,82.79,100.0
2026-06-01,6197,佳必琪,300.5,318.0,297.0,309.0,7216,103,48,-19,7.9,92.09,100.0
2026-06-01,6198,瑞築,20.3,20.8,20.2,20.4,18,0,0,0,0.04,99.95,100.0
2026-06-01,6199,天品,91.0,92.0,89.9,89.9,318,73,0,-6,5.74,94.25,100.0
2026-06-01,6201,亞弘電,48.6,48.6,48.05,48.5,65,2,0,0,1.14,98.85,100.0
2026-06-01,6202,盛群,58.8,59.6,57.5,58.1,2781,-434,12,-1,12.01,87.98,100.0
2026-06-01,6203,海韻電,71.3,72.3,70.9,72.0,380,82,10,-1,3.16,96.83,100.0
2026-06-01,6204,艾華,101.5,102.0,99.9,102.0,1257,262,0,0,2.6,97.39,100.0
2026-06-01,6205,詮欣,78.0,81.5,77.7,81.2,1384,145,0,1,1.73,98.26,100.0
2026-06-01,6206,飛捷,136.5,145.5,136.5,141.5,3174,581,147,-92,15.6,84.39,100.0
2026-06-01,6207,雷科,114.0,122.5,114.0,122.5,8497,1756,0,39,8.92,91.07,100.0
2026-06-01,6208,日揚,96.1,96.4,92.7,92.8,1148,-84,0,0,2.16,97.83,100.0
2026-06-01,6209,今國光,83.9,86.4,83.4,84.5,16659,-1599,0,31,5.81,94.18,100.0
2026-06-01,6210,慶生,20.4,21.0,20.35,20.75,32,1,0,0,0.25,99.74,100.0
2026-06-01,6212,理銘,28.4,28.4,27.4,27.6,6,1,0,0,0.47,99.52,100.0
2026-06-01,6213,聯茂,283.0,295.0,282.0,295.0,31063,11994,-3,356,14.68,85.28,100.0
2026-06-01,6214,精誠,137.5,144.0,137.5,144.0,4021,1103,0,82,12.96,87.03,100.0
2026-06-01,6215,和椿,129.0,133.0,127.5,129.0,3971,-197,0,17,9.01,90.98,100.0
2026-06-01,6216,居易,22.4,23.1,22.2,23.0,536,120,0,0,3.03,96.96,100.0
2026-06-01,6217,中探針,300.0,305.0,295.5,305.0,1436,80,0,-13,19.06,80.93,100.0
2026-06-01,6218,豪勉,39.05,39.5,38.3,38.35,1344,-140,0,0,1.53,98.46,100.0
2026-06-01,6219,富旺,12.15,12.55,12.05,12.1,616,250,0,0,1.89,98.1,100.0
2026-06-01,6220,岳豐,33.9,33.9,32.9,33.65,897,-81,0,9,3.94,96.05,100.0
2026-06-01,6221,晉泰,23.15,24.45,23.15,23.85,598,-7,0,0,1.21,98.78,100.0
2026-06-01,6222,立軒,21.0,21.0,20.6,20.65,15,-4,0,0,0.12,99.87,100.0
2026-06-01,6223,旺矽,6015.0,6015.0,5645.0,5680.0,1400,17,-242,15,29.95,70.04,100.0
2026-06-01,6224,聚鼎,93.7,93.7,88.1,88.1,3327,-563,0,-9,4.45,95.54,100.0
2026-06-01,6225,天瀚,25.2,25.7,24.45,24.45,15,0,0,0,0.04,99.95,100.0
2026-06-01,6226,光鼎,13.05,13.85,13.05,13.55,2778,1005,0,2,3.51,96.48,100.0
2026-06-01,6227,茂綸,136.5,136.5,130.0,132.0,1898,-279,0,3,5.44,94.55,100.0
2026-06-01,6228,全譜,20.65,21.0,20.55,20.95,32,0,0,0,0.18,99.81,100.0
2026-06-01,6229,研通,26.65,27.45,26.65,27.1,316,-21,0,0,1.56,98.43,100.0
2026-06-01,6230,尼得科超眾,140.5,144.5,137.5,141.5,186,58,0,0,87.05,12.94,100.0
2026-06-01,6231,系微,292.0,312.5,292.0,312.5,2165,149,0,72,13.41,86.58,100.0
2026-06-01,6233,旺玖,26.3,26.35,25.35,25.65,536,155,0,0,6.18,93.81,100.0
2026-06-01,6234,高僑,49.8,51.4,49.0,49.3,2141,-153,0,-1,9.7,90.29,100.0
2026-06-01,6235,華孚,44.5,47.65,43.3,47.2,4245,-266,0,19,3.84,96.15,100.0
2026-06-01,6236,中湛,0.0,0.0,0.0,0.0,0,0,0,0,0.02,99.97,100.0
2026-06-01,6237,驊訊,50.8,51.4,49.6,49.9,1271,139,0,-28,11.59,88.4,100.0
2026-06-01,6239,力成,382.0,386.0,366.0,366.0,14415,-496,-570,-356,35.72,64.27,100.0
2026-06-01,6240,松崗,17.95,18.3,17.2,18.3,79,1,0,0,0.26,99.73,100.0
2026-06-01,6241,鑫永洋,9.91,10.3,9.91,10.2,135,8,0,0,0.18,99.81,100.0
2026-06-01,6242,立康,38.15,38.15,37.2,37.9,15,0,0,0,0.49,99.5,100.0
2026-06-01,6243,迅杰,33.7,34.7,33.3,33.85,463,-22,0,0,2.54,97.45,100.0
2026-06-01,6244,茂迪,30.6,31.7,30.0,30.6,12221,2895,0,339,20.12,79.87,100.0
2026-06-01,6245,立端,88.2,91.0,87.2,89.8,1614,-1,0,13,9.74,90.25,100.0
2026-06-01,6246,臺龍,14.95,15.4,14.95,15.35,86,14,0,0,0.22,99.77,100.0
2026-06-01,6248,沛波,18.45,18.65,18.4,18.55,227,35,0,0,0.84,99.15,100.0
2026-06-01,6257,矽格,230.0,230.0,218.0,219.5,13427,-3371,-806,-404,27.67,72.32,100.0
2026-06-01,6259,百徽,27.0,27.95,26.35,26.55,852,-20,0,0,39.35,60.64,100.0
2026-06-01,6261,久元,123.0,123.0,118.0,118.5,4731,-1032,0,-87,4.8,95.19,100.0
2026-06-01,6263,普萊德,182.0,182.0,173.0,175.5,498,-82,0,0,1.6,98.39,100.0
2026-06-01,6264,富裔,6.05,6.09,5.95,6.06,92,-11,0,0,0.02,99.97,100.0
2026-06-01,6265,方土昶,56.0,57.9,54.9,56.0,13240,-69,0,35,10.21,89.78,100.0
2026-06-01,6266,泰詠,28.0,28.2,27.8,28.1,424,69,0,0,2.23,97.76,100.0
2026-06-01,6269,台郡,69.1,69.1,69.1,69.1,3699,-44,0,1128,17.88,82.11,100.0
2026-06-01,6270,倍微,27.95,29.0,27.55,28.15,1162,300,0,0,4.37,95.62,100.0
2026-06-01,6271,同欣電,252.0,252.0,245.0,247.5,2612,-155,-186,-20,32.3,67.69,100.0
2026-06-01,6272,驊陞,34.4,36.0,34.4,34.95,624,29,0,-2,3.4,96.59,100.0
2026-06-01,6274,台燿,1690.0,1815.0,1650.0,1705.0,8984,-548,968,-39,37.53,62.46,100.0
2026-06-01,6275,元山,50.0,54.1,49.75,53.3,4045,-308,0,20,1.97,98.02,100.0
2026-06-01,6276,安鈦克,27.5,29.4,27.5,28.3,67,-3,0,0,1.72,98.27,100.0
2026-06-01,6277,宏正,77.9,82.3,77.1,81.0,871,89,0,0,8.71,91.28,100.0
2026-06-01,6278,台表科,221.5,225.5,212.5,219.0,12281,-1077,-372,-37,17.01,82.98,100.0
2026-06-01,6279,胡連,122.5,122.5,119.0,119.0,1103,-218,-81,6,4.08,95.91,100.0
2026-06-01,6281,全國電,50.7,51.4,50.1,50.9,201,23,0,0,2.29,97.7,100.0
2026-06-01,6282,康舒,61.2,65.8,61.1,65.8,103122,20670,0,3074,22.22,77.77,100.0
2026-06-01,6283,淳安,24.0,25.65,23.9,25.1,611,156,0,0,18.65,81.34,100.0
2026-06-01,6284,佳邦,120.0,130.5,115.0,116.0,9076,-597,8,5,14.78,85.21,100.0
2026-06-01,6285,啟碁,321.0,321.0,308.5,314.0,17008,-3049,152,-247,24.62,75.37,100.0
2026-06-01,6290,良維,360.5,375.0,358.0,367.0,8497,73,0,-129,17.89,82.1,100.0
2026-06-01,6291,沛亨,662.0,666.0,647.0,648.0,678,27,0,-38,3.14,96.85,100.0
2026-06-01,6292,迅德,69.9,70.3,66.6,67.8,1575,-27,0,0,1.22,98.77,100.0
2026-06-01,6294,智基,27.45,27.9,27.15,27.65,66,19,0,0,0.56,99.43,100.0
2026-06-01,6405,悅城,86.0,86.0,77.9,79.7,682,-36,0,6,5.15,94.84,100.0
2026-06-01,6407,相互,34.63,34.35,32.45,32.85,1495,0,0,0,0.0,0.0,0.0
2026-06-01,6409,旭隼,713.0,718.0,697.0,713.0,1106,-382,312,6,50.51,49.48,100.0
2026-06-01,6411,晶焱,112.0,114.5,105.0,106.5,5185,-237,0,40,8.2,91.79,100.0
2026-06-01,6412,群電,104.5,112.0,103.5,106.0,7794,1253,-1277,83,5.08,94.91,100.0
2026-06-01,6414,樺漢,364.0,379.5,362.0,375.5,2648,131,234,-34,35.16,64.83,100.0
2026-06-01,6415,矽力*-KY,600.0,636.0,593.0,606.0,7635,-883,679,-41,80.31,19.68,100.0
2026-06-01,6416,瑞祺電通,89.9,92.3,89.5,91.5,441,220,0,0,4.86,95.13,100.0
2026-06-01,6417,韋僑,142.5,142.5,136.0,141.0,140,-20,0,0,10.39,89.6,100.0
2026-06-01,6418,詠昇,29.55,31.5,29.55,29.9,203,8,0,0,3.16,96.83,100.0
2026-06-01,6419,京晨科,139.0,144.5,138.5,142.0,389,-18,0,0,9.42,90.57,100.0
2026-06-01,6423,億而得-創,96.4,96.4,93.2,94.9,149,47,0,0,4.3,95.69,100.0
2026-06-01,6423,億而得,96.4,96.4,93.2,94.9,149,47,0,0,4.3,95.69,100.0
2026-06-01,6425,易發,95.1,98.3,92.3,93.0,3362,-341,0,0,3.63,96.36,100.0
2026-06-01,6426,統新,270.0,281.0,266.5,267.0,1425,-55,0,9,8.51,91.48,100.0
2026-06-01,6428,台灣淘米,13.6,0.0,0.0,0.0,0,0,0,0,0.0,0.0,0.0
2026-06-01,6431,光麗-KY,18.65,19.55,18.55,18.85,220,-3,0,0,56.77,43.22,100.0
2026-06-01,6432,今展科,71.1,73.0,68.1,68.1,3282,-571,0,0,3.58,96.41,100.0
2026-06-01,6434,達輝光電,17.43,17.85,15.85,17.2,2271,51,0,0,0.0,0.0,0.0
2026-06-01,6435,大中,290.0,292.0,278.0,289.0,923,93,0,-18,13.46,86.53,100.0
2026-06-01,6438,迅得,176.0,176.5,171.0,172.5,1376,-118,0,3,7.7,92.29,100.0
2026-06-01,6441,廣錠,24.5,24.6,24.2,24.3,193,7,0,0,0.56,99.43,100.0
2026-06-01,6442,光聖,1855.0,1930.0,1835.0,1885.0,1936,-86,-113,-21,31.47,68.52,100.0
2026-06-01,6443,元晶,40.85,43.2,40.2,42.1,25974,6111,0,208,14.42,85.57,100.0
2026-06-01,6446,藥華藥,958.0,978.0,930.0,962.0,3934,391,84,-12,24.78,75.21,100.0
2026-06-01,6449,鈺邦,403.5,434.5,403.5,411.0,611,-40,0,9,5.66,94.33,100.0
2026-06-01,6451,訊芯-KY,573.0,627.0,573.0,627.0,5780,904,56,37,67.89,32.1,100.0
2026-06-01,6456,GIS-KY,78.4,84.1,78.0,83.9,36104,8562,0,159,47.15,52.84,100.0
2026-06-01,6461,益得,15.3,15.45,15.2,15.3,223,75,0,0,0.74,99.25,100.0
2026-06-01,6462,神盾,126.0,126.5,121.0,123.0,2307,26,0,-28,21.56,78.43,100.0
2026-06-01,6464,台數科,77.4,78.2,77.4,78.0,39,16,0,0,0.81,19.17,19.99
2026-06-01,6465,威潤,47.75,50.2,47.7,48.45,238,-6,0,0,1.83,98.16,100.0
2026-06-01,6467,泰合,126.28,128.5,122.5,123.5,183,0,0,0,0.0,0.0,0.0
2026-06-01,6469,大樹,71.5,71.9,70.4,71.5,679,220,0,2,5.31,94.68,100.0
2026-06-01,6470,宇智,48.3,49.1,48.3,48.95,89,33,0,0,6.77,93.22,100.0
2026-06-01,6472,保瑞,348.0,359.5,342.0,356.5,1047,107,-14,40,10.3,89.69,100.0
2026-06-01,6473,美賣*,8.57,8.83,7.74,8.03,2179,-157,0,0,0.0,0.0,0.0
2026-06-01,6474,華豫寧,37.65,38.2,37.65,37.85,68,6,0,0,0.44,99.55,100.0
2026-06-01,6477,安集,33.95,35.0,33.75,34.25,656,231,0,2,3.09,96.9,100.0
2026-06-01,6482,弘煜科,28.1,28.6,28.1,28.6,22,4,0,0,2.45,97.54,100.0
2026-06-01,6483,原創生醫,13.26,13.65,13.35,13.65,70,0,0,0,0.0,0.0,0.0
2026-06-01,6485,點序,105.5,115.5,105.5,115.5,3050,341,0,46,12.13,87.86,100.0
2026-06-01,6486,互動,81.6,82.7,81.1,82.5,103,-9,0,0,3.94,96.05,100.0
2026-06-01,6488,環球晶,1015.0,1040.0,936.0,950.0,4452,989,-792,602,26.02,73.97,100.0
2026-06-01,6491,晶碩,323.5,323.5,315.5,322.5,365,86,0,-23,11.29,88.7,100.0
2026-06-01,6492,生華科,44.05,45.15,43.0,45.15,338,144,0,0,6.78,93.21,100.0
2026-06-01,6493,雷虎生,28.54,29.2,27.95,28.55,81,-3,0,0,0.0,0.0,0.0
2026-06-01,6494,九齊,59.3,60.5,57.2,57.2,291,-57,0,0,10.17,89.82,100.0
2026-06-01,6496,科懋,22.8,24.5,22.5,24.1,79,2,0,0,0.31,99.68,100.0
2026-06-01,6498,久禾光,105.0,107.0,103.5,105.5,252,16,0,0,2.2,97.79,100.0
2026-06-01,6499,益安,85.0,85.6,83.3,83.3,387,-70,0,0,13.02,86.97,100.0
2026-06-01,6504,南六,36.65,36.65,36.2,36.5,79,11,0,0,0.95,99.04,100.0
2026-06-01,6505,台塑化,51.6,53.8,50.7,53.3,11498,4099,43,99,6.03,93.96,100.0
2026-06-01,6506,雙邦,19.0,19.6,18.85,19.45,438,133,0,0,0.89,99.1,100.0
2026-06-01,6508,惠光,23.35,23.35,23.15,23.15,140,11,0,0,0.92,99.07,100.0
2026-06-01,6509,聚和,50.8,52.7,50.2,51.5,3613,373,0,-51,11.62,88.37,100.0
2026-06-01,6510,精測,3150.0,3320.0,3060.0,3290.0,712,-47,138,-1,22.26,77.73,100.0
2026-06-01,6512,啟發電,19.2,19.2,19.0,19.05,18,0,0,0,0.07,99.92,100.0
2026-06-01,6515,穎崴,8820.0,8895.0,8575.0,8705.0,322,-17,-21,0,20.64,79.35,100.0
2026-06-01,6516,勤崴國際,56.6,58.9,56.6,58.1,159,49,0,0,1.28,98.71,100.0
2026-06-01,6517,保勝光學,59.6,61.4,58.0,60.5,296,30,0,0,2.47,97.52,100.0
2026-06-01,6518,康科特,29.84,30.8,29.7,30.7,44,0,0,0,0.0,0.0,0.0
2026-06-01,6523,達爾膚,98.2,98.2,97.2,97.7,70,-23,0,0,1.45,98.54,100.0
2026-06-01,6525,捷敏-KY,124.0,124.5,119.0,120.5,1403,-211,-7,-7,14.71,85.28,100.0
2026-06-01,6526,達發,667.0,682.0,661.0,673.0,749,-55,27,2,7.06,92.93,100.0
2026-06-01,6527,明達醫,70.0,70.3,69.5,70.0,50,0,0,0,0.16,99.83,100.0
2026-06-01,6530,創威,106.0,110.0,106.0,107.0,997,137,0,0,4.93,95.06,100.0
2026-06-01,6531,愛普*,1240.0,1305.0,1115.0,1125.0,11967,124,345,-24,28.56,71.43,100.0
2026-06-01,6532,瑞耘,98.7,102.5,97.5,101.0,1135,15,0,0,5.78,94.21,100.0
2026-06-01,6533,晶心科,220.0,222.5,217.5,221.0,505,-69,0,0,11.86,88.13,100.0
2026-06-01,6534,正瀚-創,96.3,96.3,93.0,93.0,213,-61,0,5,40.61,59.38,100.0
2026-06-01,6535,順藥,127.0,133.0,123.0,124.0,499,-92,0,0,5.56,94.43,100.0
2026-06-01,6536,碩豐,21.93,21.8,20.2,21.35,45,3,0,0,0.0,0.0,0.0
2026-06-01,6538,倉和,120.5,127.5,120.5,126.0,550,13,0,-9,5.5,94.49,100.0
2026-06-01,6539,麗彤,43.18,43.3,41.85,42.0,8,0,0,0,0.0,0.0,0.0
2026-06-01,6541,泰福-KY,39.55,41.4,39.0,41.4,919,173,0,0,14.02,85.97,100.0
2026-06-01,6542,隆中,46.3,46.9,45.2,46.15,18,1,0,0,18.11,81.88,100.0
2026-06-01,6543,普惠醫工,20.79,21.2,20.5,20.95,5,2,0,0,0.0,0.0,0.0
2026-06-01,6546,正基,84.5,90.8,83.0,85.4,2732,134,0,87,10.21,89.78,100.0
2026-06-01,6547,高端疫苗,45.5,46.3,44.8,46.0,1705,260,0,12,9.9,90.09,100.0
2026-06-01,6548,長科*,71.3,75.0,71.3,75.0,12239,2937,0,144,5.5,94.49,100.0
2026-06-01,6549,景凱,7.79,8.0,7.64,7.86,518,-10,0,0,0.0,0.0,0.0
2026-06-01,6550,北極星藥業-KY,13.3,13.5,12.8,13.1,4636,458,0,0,68.53,31.46,100.0
2026-06-01,6552,易華電,35.35,35.35,33.2,33.65,557,-74,0,0,1.77,98.22,100.0
2026-06-01,6555,榮炭,20.21,20.85,19.9,20.4,149,9,0,0,0.0,0.0,0.0
2026-06-01,6556,勝品,70.0,72.8,70.0,72.7,37,0,0,0,0.57,99.42,100.0
2026-06-01,6558,興能高,32.8,34.5,32.6,34.35,2462,503,0,3,1.81,98.18,100.0
2026-06-01,6559,研晶,22.4,23.55,21.2,22.7,176,-3,0,0,0.0,0.0,0.0
2026-06-01,6560,欣普羅,38.05,38.6,37.95,38.0,135,4,0,0,5.04,94.95,100.0
2026-06-01,6561,是方,359.0,362.0,357.5,361.0,150,84,2,0,6.56,93.43,100.0
2026-06-01,6563,映智,30.01,30.6,28.4,29.9,235,0,0,0,0.0,0.0,0.0
2026-06-01,6564,安特羅,17.07,17.45,17.0,17.35,115,0,0,0,0.0,0.0,0.0
2026-06-01,6565,物聯,20.22,22.6,20.8,22.45,195,3,0,0,0.0,0.0,0.0
2026-06-01,6568,宏觀,233.0,243.0,227.5,238.5,755,114,0,36,6.47,93.52,100.0
2026-06-01,6569,醫揚,101.0,105.5,101.0,102.5,157,-16,0,1,3.09,96.9,100.0
2026-06-01,6570,維田,59.8,61.2,59.8,60.5,441,-4,0,61,1.8,98.19,100.0
2026-06-01,6572,博錸,8.17,8.2,7.5,8.0,401,0,0,0,0.0,0.0,0.0
2026-06-01,6573,虹揚-KY,15.7,16.55,14.7,15.75,2262,-112,0,-119,54.71,45.28,100.0
2026-06-01,6574,霈方,120.0,120.0,115.0,115.5,65,-35,0,0,0.93,99.06,100.0
2026-06-01,6576,逸達,76.5,77.0,75.6,76.8,208,31,0,0,22.29,77.7,100.0
2026-06-01,6577,勁豐,80.5,80.9,80.4,80.4,52,5,0,0,1.06,98.93,100.0
2026-06-01,6578,達邦蛋白,16.6,16.6,16.0,16.35,228,-10,0,0,0.69,99.3,100.0
2026-06-01,6579,研揚,172.5,174.0,165.5,167.5,891,-106,0,0,3.33,96.66,100.0
2026-06-01,6580,台睿,14.95,15.15,14.5,15.05,179,0,0,0,0.0,0.0,0.0
2026-06-01,6581,鋼聯,110.5,115.0,110.0,113.0,242,30,0,0,1.03,98.96,100.0
2026-06-01,6582,申豐,30.7,32.9,30.7,31.45,97,-8,0,2,12.97,87.02,100.0
2026-06-01,6583,友松,11.89,11.9,11.8,11.9,9,0,0,0,0.0,0.0,0.0
2026-06-01,6584,南俊國際,799.0,818.0,710.0,731.0,5119,-430,100,15,14.05,85.94,100.0
2026-06-01,6585,鼎基,97.9,99.9,96.8,98.0,187,42,0,0,3.45,96.54,100.0
2026-06-01,6586,醣基,67.79,70.8,68.0,70.3,661,-2,0,0,0.0,0.0,0.0
2026-06-01,6588,東典光電,112.5,113.5,106.0,107.5,1782,576,0,0,4.03,95.96,100.0
2026-06-01,6589,台康生技,42.35,44.15,42.35,44.0,1568,92,0,17,5.38,94.61,100.0
2026-06-01,6590,普鴻,65.3,66.1,65.0,66.0,20,0,0,0,0.05,99.94,100.0
2026-06-01,6591,動力-KY,57.2,58.9,57.2,58.2,794,-25,0,2,20.21,79.78,100.0
2026-06-01,6592,和潤企業,60.7,61.9,60.3,61.4,1255,326,240,2,26.15,73.84,100.0
2026-06-01,6593,台灣銘板,35.2,35.2,34.7,35.15,59,-3,0,0,1.54,98.45,100.0
2026-06-01,6595,光禹國際,30.41,31.25,29.45,31.25,53,-1,0,0,0.0,0.0,0.0
2026-06-01,6596,寬宏藝術,96.1,97.5,96.1,97.3,193,65,0,0,1.58,98.41,100.0
2026-06-01,6597,立誠,71.0,73.0,71.0,73.0,25,1,0,0,0.0,99.99,100.0
2026-06-01,6598,ABC-KY,24.75,24.95,24.15,24.2,376,39,0,2,23.87,76.12,100.0
2026-06-01,6599,普達系統,44.7,44.85,44.85,44.85,0,0,0,0,0.0,0.0,0.0
2026-06-01,6603,富強鑫,25.5,26.15,24.75,24.9,2996,-323,0,-22,1.48,98.51,100.0
2026-06-01,6604,儒億,35.98,40.4,32.45,35.6,800,-7,0,0,0.0,0.0,0.0
2026-06-01,6605,帝寶,145.0,145.0,137.0,141.5,1594,62,-233,-9,15.34,84.65,100.0
2026-06-01,6606,建德工業,25.9,26.35,25.0,26.35,302,64,0,3,3.39,96.6,100.0
2026-06-01,6609,瀧澤科,46.35,49.8,45.35,47.85,1817,121,0,3,53.44,46.55,100.0
2026-06-01,6610,安成生技,26.42,27.65,25.2,26.2,224,3,0,0,0.0,0.0,0.0
2026-06-01,6612,奈米醫材,71.9,72.5,70.7,72.5,62,1,0,0,26.01,73.98,100.0
2026-06-01,6613,朋億*,266.5,267.5,261.0,261.0,206,-36,0,-3,7.68,92.31,100.0
2026-06-01,6614,資拓宏宇,39.25,40.8,39.0,40.0,155,16,0,-35,0.69,99.3,100.0
2026-06-01,6615,慧智,32.95,33.0,32.8,32.8,42,-1,0,0,0.25,99.74,100.0
2026-06-01,6616,特昇-KY,9.26,9.26,8.9,8.99,126,-11,0,0,55.9,44.09,100.0
2026-06-01,6617,共信-KY,72.2,72.2,69.0,69.0,221,-33,0,0,38.5,61.49,100.0
2026-06-01,6618,永虹先進,18.79,19.1,18.5,18.95,441,-19,0,0,0.0,0.0,0.0
2026-06-01,6620,漢達,72.0,72.5,71.2,72.1,410,121,0,6,25.03,74.96,100.0
2026-06-01,6621,華宇藥,11.85,12.0,11.8,11.9,51,0,0,0,0.0,0.0,0.0
2026-06-01,6622,百聿數碼,7.34,7.51,7.22,7.49,7,0,0,0,0.0,0.0,0.0
2026-06-01,6624,萬年清,0.0,0.0,0.0,0.0,0,0,0,0,0.42,99.57,100.0
2026-06-01,6625,必應,73.1,73.6,72.8,73.6,147,59,0,1,1.15,98.84,100.0
2026-06-01,6629,泰金-KY,116.5,117.5,115.5,116.0,67,6,0,0,76.89,23.1,100.0
2026-06-01,6634,欣耀,66.96,68.0,64.7,67.0,177,0,0,0,0.0,0.0,0.0
2026-06-01,6637,醫影,66.3,67.0,66.0,66.4,26,6,0,0,0.3,99.69,100.0
2026-06-01,6638,沅聖,51.32,53.5,51.0,53.2,68,0,0,0,0.0,0.0,0.0
2026-06-01,6639,源大環能,6.94,7.21,6.87,7.05,61,0,0,0,0.0,0.0,0.0
2026-06-01,6640,均華,1370.0,1370.0,1285.0,1315.0,594,32,-242,-5,7.28,92.71,100.0
2026-06-01,6641,基士德-KY,18.35,18.6,18.3,18.6,95,22,0,5,30.0,69.99,100.0
2026-06-01,6642,富致,90.6,90.7,84.8,85.0,1860,-101,0,-5,1.89,98.1,100.0
2026-06-01,6643,M31,580.0,595.0,572.0,576.0,514,35,0,-10,10.88,89.11,100.0
2026-06-01,6645,金萬林-創,11.95,11.95,11.5,11.7,111,16,0,2,0.84,99.15,100.0
2026-06-01,6648,斯其大,16.42,16.2,15.8,15.85,92,0,0,0,0.0,0.0,0.0
2026-06-01,6649,台生材,38.3,38.4,37.35,38.05,177,51,0,0,3.9,96.09,100.0
2026-06-01,6650,帝圖,28.26,0.0,0.0,0.0,0,0,0,0,0.0,0.0,0.0
2026-06-01,6651,全宇昕,151.0,151.0,141.5,141.5,412,-78,0,0,4.17,95.82,100.0
2026-06-01,6654,天正國際,169.0,169.0,169.0,169.0,151,1,0,1,0.67,99.32,100.0
2026-06-01,6655,科定,130.0,132.0,130.0,130.5,15,11,0,0,0.52,99.47,100.0
2026-06-01,6657,華安,38.65,38.8,35.6,38.05,554,40,0,1,7.13,92.86,100.0
2026-06-01,6658,聯策,221.5,222.0,207.0,207.5,1438,-170,-1,-1,4.36,95.63,100.0
2026-06-01,6659,天明製藥,19.38,20.45,18.9,20.45,68,-1,0,0,0.0,0.0,0.0
2026-06-01,6661,威健生技,17.05,17.05,16.6,16.6,29,0,0,0,0.0,99.99,100.0
2026-06-01,6662,樂斯科,29.0,29.0,28.8,28.8,7,-1,0,0,0.22,99.77,100.0
2026-06-01,6664,群翊,438.0,444.0,429.5,429.5,806,-44,4,-26,7.22,92.77,100.0
2026-06-01,6665,康聯生醫,19.99,19.8,18.75,19.6,323,2,0,0,0.0,0.0,0.0
2026-06-01,6666,羅麗芬-KY,39.7,40.4,39.7,39.95,20,5,0,0,75.2,24.79,100.0
2026-06-01,6667,信紘科,284.0,284.5,277.0,278.5,1504,-278,0,-34,8.94,91.05,100.0
2026-06-01,6668,中揚光,39.55,40.55,39.25,40.3,549,51,0,0,11.14,88.85,100.0
2026-06-01,6669,緯穎,5715.0,5795.0,5460.0,5515.0,2252,-133,83,-2,30.88,69.11,100.0
2026-06-01,6670,復盛應用,262.5,274.0,261.5,272.0,592,101,51,3,25.0,74.99,100.0
2026-06-01,6671,三能-KY,27.0,27.2,26.95,27.2,528,10,0,1,39.8,60.19,100.0
2026-06-01,6672,騰輝電子-KY,223.0,226.0,218.0,220.0,5736,7,-1,-7,17.31,82.68,100.0
2026-06-01,6673,和詮,16.91,17.2,15.25,15.9,1049,-10,0,0,0.0,0.0,0.0
2026-06-01,6674,鋐寶科技,18.3,18.5,17.65,18.15,87,13,0,0,0.5,99.49,100.0
2026-06-01,6676,祥翊,13.82,14.0,13.45,13.85,450,0,0,0,0.0,0.0,0.0
2026-06-01,6677,瑩碩生技,17.45,17.7,17.1,17.7,73,-1,0,0,0.0,0.0,0.0
2026-06-01,6679,鈺太,314.0,316.5,303.0,305.0,449,-38,0,-30,9.7,90.29,100.0
2026-06-01,6680,鑫創電子,56.4,58.3,56.4,57.8,6,0,0,0,0.17,99.82,100.0
2026-06-01,6682,華旭先進,61.75,71.9,62.0,71.2,8138,-70,0,0,0.0,0.0,0.0
2026-06-01,6683,雍智科技,1660.0,1775.0,1650.0,1715.0,1225,-32,-18,-3,14.73,85.26,100.0
2026-06-01,6684,安格,44.7,44.7,44.1,44.3,223,-14,0,0,5.17,94.82,100.0
2026-06-01,6689,伊雲谷,65.9,71.5,65.9,71.5,578,69,0,10,4.83,95.16,100.0
2026-06-01,6690,安碁資訊,174.0,187.5,174.0,187.5,646,-52,0,4,3.82,96.17,100.0
2026-06-01,6691,洋基工程,650.0,650.0,636.0,648.0,555,-191,27,-6,15.85,84.14,100.0
2026-06-01,6692,進能服,26.75,26.8,25.25,25.4,109,0,0,0,0.12,99.87,100.0
2026-06-01,6693,廣閎科,150.0,153.0,148.0,152.0,840,304,0,60,13.69,86.3,100.0
2026-06-01,6695,芯鼎,58.1,58.5,56.5,57.2,1764,-392,0,1,4.13,95.86,100.0
2026-06-01,6696,仁新,379.51,386.5,370.5,386.5,643,10,0,0,0.0,0.0,0.0
2026-06-01,6697,東捷資訊,41.2,44.5,41.2,43.7,286,26,0,2,0.97,99.02,100.0
2026-06-01,6698,旭暉應材,38.5,41.0,38.5,39.5,3294,84,0,2,1.76,98.23,100.0
2026-06-01,6703,軒郁,109.0,110.0,108.5,109.5,51,11,0,0,13.63,86.36,100.0
2026-06-01,6704,國璽幹細胞,20.3,21.0,19.1,20.0,364,-6,0,0,0.0,0.0,0.0
2026-06-01,6705,振躍精密,92.38,96.8,92.4,95.0,99,1,0,0,0.0,0.0,0.0
2026-06-01,6706,惠特,206.0,225.0,206.0,216.5,13702,-1027,0,75,7.48,92.51,100.0
2026-06-01,6707,富基電通,35.11,35.85,34.05,35.35,209,-4,0,0,0.0,0.0,0.0
2026-06-01,6708,天擎,43.45,43.45,40.9,41.1,66,1,0,0,3.16,96.83,100.0
2026-06-01,6709,昱厚生技,25.77,25.75,25.15,25.5,226,-3,0,0,0.0,0.0,0.0
2026-06-01,6712,長聖,133.5,136.5,133.0,136.0,362,81,0,0,3.04,96.95,100.0
2026-06-01,6715,嘉基,443.0,455.0,428.0,453.0,384,-2,70,4,3.1,96.89,100.0
2026-06-01,6716,應廣,108.5,112.0,104.0,104.5,2014,-129,0,0,4.77,95.22,100.0
2026-06-01,6719,力智,249.0,252.5,241.5,243.5,1913,-173,0,-5,4.76,95.23,100.0
2026-06-01,6720,久昌,150.5,150.5,141.5,146.5,90,30,0,-2,1.06,98.93,100.0
2026-06-01,6721,信實,58.6,59.0,58.1,59.0,3,0,0,0,0.0,99.99,100.0
2026-06-01,6722,輝創,37.15,37.7,37.15,37.5,201,37,0,0,2.66,97.33,100.0
2026-06-01,6723,傑智環境,38.93,39.3,38.35,39.05,25,0,0,0,0.0,0.0,0.0
2026-06-01,6725,矽科宏晟,337.0,337.0,325.0,325.5,217,-17,0,-1,3.64,96.35,100.0
2026-06-01,6727,亞泰金屬,586.0,596.0,554.0,556.0,1500,-162,0,-1,10.7,89.29,100.0
2026-06-01,6728,上洋,111.5,112.5,111.5,112.5,46,-2,0,0,0.69,99.3,100.0
2026-06-01,6729,機光科技,59.68,62.0,58.5,61.4,101,0,0,0,0.0,0.0,0.0
2026-06-01,6730,常廣,34.35,34.4,34.2,34.4,11,0,0,0,0.0,99.99,100.0
2026-06-01,6732,昇佳電子,178.0,178.5,171.5,174.0,363,-134,0,-2,5.22,94.77,100.0
2026-06-01,6733,博晟生醫,26.1,26.3,25.6,26.05,282,126,0,0,1.5,98.49,100.0
2026-06-01,6734,安盛生,7.14,7.05,6.6,6.6,157,0,0,0,0.0,0.0,0.0
2026-06-01,6735,美達科技,107.0,107.0,103.0,104.0,747,93,0,0,2.18,97.81,100.0
2026-06-01,6737,秀育,31.21,32.05,31.0,32.05,82,0,0,0,0.0,0.0,0.0
2026-06-01,6738,鼎恒,66.0,68.0,68.0,68.0,1,0,0,0,0.0,0.0,0.0
2026-06-01,6739,竹陞科技,1235.0,1280.0,1230.0,1255.0,164,18,0,-5,1.74,98.25,100.0
2026-06-01,6741,91APP*-KY,62.4,64.8,62.1,64.3,602,297,0,0,41.97,58.02,100.0
2026-06-01,6742,澤米,59.0,60.3,59.0,60.3,1170,44,0,-13,2.01,97.98,100.0
2026-06-01,6743,安普新,29.9,30.4,29.7,30.05,737,151,0,2,3.81,96.18,100.0
2026-06-01,6744,豐技生技,16.38,0.0,0.0,0.0,0,0,0,0,0.0,0.0,0.0
2026-06-01,6748,亞果生醫,75.6,75.3,71.3,74.6,538,-7,0,0,0.0,0.0,0.0
2026-06-01,6750,泰創工程,68.4,69.4,67.2,67.4,299,8,0,0,0.0,0.0,0.0
2026-06-01,6751,智聯服務,47.9,51.6,46.95,50.5,134,-5,0,0,0.65,99.34,100.0
2026-06-01,6752,叡揚,101.0,109.0,101.0,106.5,269,-19,0,0,2.67,97.32,100.0
2026-06-01,6753,龍德造船,130.0,132.0,128.0,130.0,1566,365,0,-4,3.39,6.1,9.5
2026-06-01,6754,匯僑設計,44.0,47.8,44.0,46.55,119,14,0,0,15.52,84.47,100.0
2026-06-01,6755,連鋐科技,18.37,18.05,16.85,17.9,134,0,0,0,0.0,0.0,0.0
2026-06-01,6756,威鋒電子,101.0,101.5,98.3,98.5,434,-106,0,1,2.99,97.0,100.0
2026-06-01,6757,台灣虎航-創,56.7,58.9,56.0,58.9,2382,883,0,36,2.25,47.73,49.99
2026-06-01,6757,台灣虎航,56.7,58.9,56.0,58.9,2382,883,0,36,2.25,47.73,49.99
2026-06-01,6758,冠亞,28.36,28.5,27.5,28.5,10,0,0,0,0.0,0.0,0.0
2026-06-01,6761,穩得,217.0,217.0,211.0,213.0,720,-2,0,-4,7.16,92.83,100.0
2026-06-01,6762,達亞,0.0,0.0,0.0,0.0,0,0,0,0,5.85,94.14,100.0
2026-06-01,6763,綠界科技,43.25,44.8,42.75,44.45,785,134,4,0,3.75,96.24,100.0
2026-06-01,6763,綠界科技*,43.25,44.8,42.75,44.45,785,134,4,0,3.75,96.24,100.0
2026-06-01,6767,台微醫,26.5,26.5,24.25,25.9,40,0,0,0,0.22,99.77,100.0
2026-06-01,6768,志強-KY,84.8,87.2,83.9,87.0,690,210,-7,42,57.08,42.91,100.0
2026-06-01,6770,力積電,93.2,94.5,87.0,87.0,770941,-158205,199,-7273,17.27,82.72,100.0
2026-06-01,6771,平和環保-創,42.0,42.3,41.85,42.2,29,9,0,0,0.6,99.39,100.0
2026-06-01,6775,穎台科技,48.75,52.9,48.8,52.0,1784,58,0,0,0.0,0.0,0.0
2026-06-01,6776,展碁國際,58.9,60.3,58.9,60.0,641,137,0,0,2.06,97.93,100.0
2026-06-01,6780,學習王,41.19,41.05,40.85,40.85,10,0,0,0,0.0,0.0,0.0
2026-06-01,6781,AES-KY,1180.0,1225.0,1175.0,1200.0,1537,-42,0,-33,68.15,31.84,100.0
2026-06-01,6782,視陽,192.0,196.5,191.0,195.0,344,17,0,0,7.44,92.55,100.0
2026-06-01,6784,天凱科技,26.91,27.5,25.9,26.75,61,0,0,0,0.0,0.0,0.0
2026-06-01,6785,昱展新藥,123.0,124.0,121.0,122.0,119,-28,0,0,8.04,91.95,100.0
2026-06-01,6786,芯測,89.66,90.9,85.1,88.8,362,2,0,0,0.0,0.0,0.0
2026-06-01,6787,晶瑞光,31.66,35.15,32.0,34.85,922,14,0,0,0.0,0.0,0.0
2026-06-01,6788,華景電,424.5,429.0,420.0,425.5,891,-11,0,7,10.88,89.11,100.0
2026-06-01,6789,采鈺,532.0,550.0,522.0,547.0,2859,-27,-2,-17,3.53,96.46,100.0
2026-06-01,6790,永豐實,39.4,39.65,39.1,39.5,280,87,0,0,1.94,98.05,100.0
2026-06-01,6791,虎門科技,116.5,125.0,114.0,125.0,248,-12,0,0,11.82,88.17,100.0
2026-06-01,6792,詠業,71.3,73.8,70.6,72.0,150,26,0,1,1.85,98.14,100.0
2026-06-01,6793,天力離岸,4.9,5.1,4.71,5.05,246,0,0,0,0.0,0.0,0.0
2026-06-01,6794,向榮生技-創,80.5,84.5,80.2,82.7,106,19,0,1,0.46,99.53,100.0
2026-06-01,6794,向榮生技,80.5,84.5,80.2,82.7,106,19,0,1,0.46,99.53,100.0
2026-06-01,6796,晉弘,61.3,62.3,60.5,61.9,139,45,0,0,15.58,84.41,100.0
2026-06-01,6797,圓點奈米,14.2,16.0,14.1,14.55,119,5,0,0,0.0,0.0,0.0
2026-06-01,6798,展逸,49.6,50.1,49.5,50.0,7,0,0,0,0.0,0.0,0.0
2026-06-01,6799,來頡,112.5,115.0,107.0,107.5,1183,-219,0,-4,8.03,91.93,100.0
2026-06-01,6803,崑鼎,286.0,286.5,285.0,286.5,184,13,0,1,3.22,96.77,100.0
2026-06-01,6804,明係,16.05,16.1,15.9,16.1,55,-2,0,1,4.17,95.82,100.0
2026-06-01,6805,富世達,2040.0,2120.0,2040.0,2120.0,2968,719,749,58,21.37,78.62,100.0
2026-06-01,6806,森崴能源,7.38,7.38,7.38,7.38,5942,-339,0,0,2.43,97.56,100.0
2026-06-01,6807,峰源-KY,32.8,33.55,32.8,33.45,31,8,0,0,43.54,56.45,100.0
2026-06-01,6808,三鼎生技,29.01,29.35,27.15,28.35,402,20,0,0,0.0,0.0,0.0
2026-06-01,6810,新穎生醫,29.82,31.0,29.85,30.45,554,-16,0,0,0.0,0.0,0.0
2026-06-01,6811,宏碁資訊,221.0,236.0,221.0,236.0,684,-58,0,1,2.34,97.65,100.0
2026-06-01,6812,梭特,68.96,69.8,66.0,69.2,204,0,0,0,0.0,0.0,0.0
2026-06-01,6814,路迦生醫,23.82,25.1,23.75,25.0,47,0,0,0,0.0,0.0,0.0
2026-06-01,6815,晶鑽生醫,31.58,32.9,31.35,31.5,77,0,0,0,0.0,0.0,0.0
2026-06-01,6816,捷智商訊,37.68,38.0,36.0,37.8,26,0,0,0,0.0,0.0,0.0
2026-06-01,6817,溫士頓,62.84,63.5,62.0,62.8,45,0,0,0,0.0,0.0,0.0
2026-06-01,6818,連騰,63.19,68.4,65.0,67.0,122,0,0,0,0.0,0.0,0.0
2026-06-01,6819,眾智,54.85,57.0,53.5,55.4,136,-4,0,0,0.0,0.0,0.0
2026-06-01,6820,連訊,295.75,311.0,296.0,308.0,183,15,0,0,0.0,0.0,0.0
2026-06-01,6821,聯寶,70.4,70.4,69.0,69.0,577,29,0,0,1.85,98.14,100.0
2026-06-01,6823,濾能,75.0,75.3,72.0,74.0,190,-2,0,7,24.89,75.1,100.0
2026-06-01,6825,和暢科技,45.28,46.8,44.55,46.2,60,-3,0,0,0.0,0.0,0.0
2026-06-01,6826,和淞,556.1,561.0,543.0,549.0,249,-22,0,0,0.0,0.0,0.0
2026-06-01,6827,巨生醫,12.53,13.35,12.5,13.0,156,0,0,0,0.0,0.0,0.0
2026-06-01,6829,千附精密,230.0,245.5,225.5,245.5,2076,-55,0,-9,2.54,97.45,100.0
2026-06-01,6830,汎銓,678.0,685.0,650.0,683.0,1593,203,10,-6,5.28,94.71,100.0
2026-06-01,6831,邁科,752.0,802.0,704.0,762.0,3210,-252,79,-1,14.54,85.45,100.0
2026-06-01,6832,金鼎科,87.21,88.0,84.5,86.3,24,0,0,0,0.0,0.0,0.0
2026-06-01,6833,太康精密,25.29,26.3,25.3,26.1,103,3,0,0,0.0,0.0,0.0
2026-06-01,6834,天二科技,78.0,82.7,76.6,77.0,812,120,0,2,15.69,84.3,100.0
2026-06-01,6835,圓裕,39.3,39.4,38.2,38.2,1356,469,0,0,7.15,92.84,100.0
2026-06-01,6838,台新藥,25.2,25.55,24.9,25.15,163,37,0,-1,1.34,98.65,100.0
2026-06-01,6839,開陽能源,12.12,12.2,11.9,12.15,57,0,0,0,0.0,0.0,0.0
2026-06-01,6840,東研信超,63.5,66.0,63.4,65.4,158,20,0,0,3.86,96.13,100.0
2026-06-01,6841,長佳智能,56.0,56.9,55.7,56.4,320,127,0,0,3.11,96.88,100.0
2026-06-01,6842,瑞宇,112.51,116.5,106.5,112.5,223,-13,0,0,0.0,0.0,0.0
2026-06-01,6843,進典,41.0,41.2,40.8,40.9,39,-2,0,0,0.16,99.83,100.0
2026-06-01,6844,諾貝兒,63.8,64.5,63.4,64.5,34,-1,0,0,0.02,99.97,100.0
2026-06-01,6846,綠茵,67.4,68.5,66.7,67.3,21,5,0,0,0.16,99.83,100.0
2026-06-01,6847,普瑞博,75.72,93.7,76.3,87.1,189,2,0,0,0.0,0.0,0.0
2026-06-01,6848,拉法醫,19.18,19.6,19.0,19.6,14,0,0,0,0.0,0.0,0.0
2026-06-01,6849,奇鼎科技,209.45,211.0,201.0,204.5,334,0,0,0,0.0,0.0,0.0
2026-06-01,6850,光鼎生技,35.08,36.0,34.65,35.7,61,0,0,0,0.0,0.0,0.0
2026-06-01,6854,錼創科技-KY創,152.0,152.0,146.0,148.0,967,-138,0,0,32.56,67.43,100.0
2026-06-01,6855,數泓科,117.5,117.5,117.5,117.5,32,0,0,0,0.18,99.81,100.0
2026-06-01,6856,鑫傳,49.5,49.6,49.3,49.3,5,0,0,0,0.0,49.98,49.99
2026-06-01,6857,宏碁智醫,96.49,97.5,95.0,97.5,7,0,0,0,0.0,0.0,0.0
2026-06-01,6858,愛比科技,24.27,24.3,24.15,24.2,56,0,0,0,0.0,0.0,0.0
2026-06-01,6859,伯特光,127.0,133.5,124.0,132.0,426,28,0,0,13.85,86.14,100.0
2026-06-01,6861,睿生光電,435.0,439.0,396.0,396.0,2244,-221,0,-4,1.2,98.79,100.0
2026-06-01,6862,三集瑞-KY,228.0,245.0,209.5,214.0,5544,-469,0,-6,66.84,33.15,100.0
2026-06-01,6863,永道-KY,110.0,112.0,109.5,110.5,137,26,0,0,69.46,30.53,100.0
2026-06-01,6864,元樟生技,51.28,51.7,50.3,50.3,232,0,0,0,0.0,0.0,0.0
2026-06-01,6865,偉康科技,27.55,27.55,26.0,26.0,28,-2,0,0,0.25,99.74,100.0
2026-06-01,6867,坦德科技,21.02,21.9,21.0,21.5,43,1,0,0,0.0,0.0,0.0
2026-06-01,6868,采威國際,35.38,34.5,33.55,34.5,7,0,0,0,0.0,0.0,0.0
2026-06-01,6869,雲豹能源-創,85.4,85.9,84.2,85.3,820,56,0,-2,2.74,97.25,100.0
2026-06-01,6869,雲豹能源,85.4,85.9,84.2,85.3,820,56,0,-2,2.74,97.25,100.0
2026-06-01,6870,騰雲,278.0,292.5,278.0,292.5,233,29,0,-1,1.2,98.79,100.0
2026-06-01,6872,浩宇生醫,17.4,17.4,17.1,17.1,45,1,0,0,0.36,99.63,100.0
2026-06-01,6873,泓德能源-創,89.9,90.9,88.1,90.2,685,10,0,14,7.76,92.23,100.0
2026-06-01,6873,泓德能源,89.9,90.9,88.1,90.2,685,10,0,14,7.76,92.23,100.0
2026-06-01,6874,倍力,80.6,82.6,80.3,82.0,149,14,0,0,0.6,99.39,100.0
2026-06-01,6875,國邑*,38.0,38.0,35.0,35.6,149,-2,0,0,1.8,98.19,100.0
2026-06-01,6876,朗齊生醫*,16.96,17.85,16.4,16.8,677,0,0,0,0.0,0.0,0.0
2026-06-01,6877,鏵友益,164.5,169.0,161.5,162.0,250,-31,0,-2,4.27,95.72,100.0
2026-06-01,6878,歐付寶,9.78,10.05,9.66,9.66,111,-3,0,0,0.0,0.0,0.0
2026-06-01,6879,大江基因,36.71,37.0,35.5,37.0,1,0,0,0,0.0,0.0,0.0
2026-06-01,6881,潤德,255.0,268.5,255.0,267.0,13,1,0,0,0.05,99.94,100.0
2026-06-01,6882,甲尚,19.81,21.55,19.65,20.6,79,4,0,0,0.0,0.0,0.0
2026-06-01,6883,微電能源,14.97,15.45,14.25,14.75,67,0,0,0,0.0,0.0,0.0
2026-06-01,6884,海柏特,33.2,33.35,33.15,33.35,16,3,0,0,5.57,94.42,100.0
2026-06-01,6885,全福生技,20.7,22.7,20.7,22.35,825,43,0,3,3.33,96.66,100.0
2026-06-01,6886,遠東生技,46.0,47.95,46.0,47.95,0,0,0,0,0.0,0.0,0.0
2026-06-01,6887,寶綠特-KY,33.5,37.95,33.5,36.95,50,20,0,2,53.33,46.66,100.0
2026-06-01,6890,來億-KY,169.0,177.0,169.0,174.5,930,85,85,35,87.62,12.37,100.0
2026-06-01,6891,樂迦再生,53.12,55.7,51.0,55.2,837,44,0,0,0.0,0.0,0.0
2026-06-01,6892,台寶生醫,27.7,28.1,25.65,27.1,303,2,0,0,0.0,0.0,0.0
2026-06-01,6894,衛司特,394.5,409.5,385.5,409.0,297,26,0,0,3.71,96.28,100.0
2026-06-01,6895,宏碩系統,145.5,146.5,141.5,146.5,112,22,0,-1,3.48,96.51,100.0
2026-06-01,6898,程曦資訊,98.7,99.3,96.1,99.2,78,0,0,0,0.0,0.0,0.0
2026-06-01,6899,創為精密,65.5,68.4,64.1,66.1,376,-5,0,0,5.08,94.91,100.0
2026-06-01,6901,鑽石投資,12.55,13.15,12.4,13.15,1430,518,0,7,0.45,99.54,100.0
2026-06-01,6902,GOGOLOOK-創,147.0,149.0,142.0,147.0,400,-47,0,0,3.88,96.11,100.0
2026-06-01,6902,GOGOLOOK,147.0,149.0,142.0,147.0,400,-47,0,0,3.88,96.11,100.0
2026-06-01,6903,巨漢,399.5,406.5,392.5,401.0,676,5,0,7,3.73,96.26,100.0
2026-06-01,6904,伯鑫,116.0,118.0,116.0,118.0,3,0,0,0,0.06,99.93,100.0
2026-06-01,6906,現觀科,109.5,111.5,101.0,105.0,363,18,0,0,7.15,92.84,100.0
2026-06-01,6907,雅特力-KY,124.5,130.5,122.0,128.0,1967,164,0,-6,52.42,47.57,100.0
2026-06-01,6908,宏碁遊戲-創,39.0,41.6,39.0,40.95,105,-19,0,0,0.6,99.39,100.0
2026-06-01,6909,創控,53.3,54.5,52.4,52.8,635,-32,0,0,8.35,91.64,100.0
2026-06-01,6910,德鴻,28.0,29.1,28.0,29.0,96,15,0,0,4.8,95.19,100.0
2026-06-01,6911,群運,32.01,32.1,31.5,32.1,123,3,0,0,0.0,0.0,0.0
2026-06-01,6912,益鈞環科*,13.93,14.25,13.35,13.7,344,-17,0,0,0.0,0.0,0.0
2026-06-01,6913,鴻呈,142.5,142.5,136.5,140.0,372,-30,8,-11,3.12,96.87,100.0
2026-06-01,6914,阜爾運通,141.5,141.5,138.5,141.0,229,-2,0,0,2.12,97.87,100.0
2026-06-01,6915,美強光,66.3,65.3,61.7,62.0,114,-2,0,0,0.0,0.0,0.0
2026-06-01,6916,華凌,18.6,18.6,18.2,18.55,64,12,0,2,0.53,99.46,100.0
2026-06-01,6917,竟天,30.08,33.2,29.95,33.0,505,18,0,0,0.0,0.0,0.0
2026-06-01,6918,愛派司,73.9,73.9,72.2,73.5,77,19,0,0,0.79,99.2,100.0
2026-06-01,6919,康霈*,101.5,102.5,98.5,98.6,5048,-976,0,2,12.83,87.16,100.0
2026-06-01,6920,恆勁科技,120.51,131.0,118.0,126.5,4463,28,0,0,0.0,0.0,0.0
2026-06-01,6921,嘉雨思-創,75.0,75.9,75.0,75.5,19,0,0,0,29.55,70.44,100.0
2026-06-01,6922,宸曜,211.0,218.0,208.0,212.0,1475,-117,0,-10,1.44,98.55,100.0
2026-06-01,6923,中台,77.6,77.7,76.6,77.3,165,20,0,0,1.32,98.67,100.0
2026-06-01,6924,榮惠-KY創,181.5,181.5,169.0,176.0,157,-3,0,-1,76.67,23.32,100.0
2026-06-01,6925,意藍,57.2,62.8,57.2,62.8,469,70,0,4,3.96,96.03,100.0
2026-06-01,6926,聖安生醫,63.29,64.7,61.9,64.0,25,0,0,0,0.0,0.0,0.0
2026-06-01,6927,聯合聚晶,60.14,65.7,61.1,65.2,244,7,0,0,0.0,0.0,0.0
2026-06-01,6928,攸泰科技,47.7,49.55,47.1,48.2,325,47,0,0,0.48,99.51,100.0
2026-06-01,6929,佑全,21.9,22.05,21.9,22.05,7,1,0,0,0.02,99.97,100.0
2026-06-01,6931,青松健康,40.0,40.55,39.55,40.0,85,40,0,0,0.64,99.35,100.0
2026-06-01,6932,水星生醫*,6.94,7.21,6.65,6.91,536,-24,0,0,0.0,0.0,0.0
2026-06-01,6933,AMAX-KY,189.0,189.5,188.5,189.5,651,91,0,6,28.42,71.57,100.0
2026-06-01,6934,心誠鎂,74.0,74.0,72.0,72.6,87,18,0,1,12.4,87.59,100.0
2026-06-01,6935,王子製藥,28.7,30.3,29.9,30.3,61,-3,0,0,0.0,0.0,0.0
2026-06-01,6936,永鴻生技,32.95,33.4,32.95,33.4,34,12,0,0,0.49,99.5,100.0
2026-06-01,6937,天虹,303.0,312.0,295.0,311.0,1017,-66,-135,-3,2.66,97.32,100.0
2026-06-01,6938,藍新資訊,96.59,103.5,98.0,100.5,28,0,0,0,0.0,0.0,0.0
2026-06-01,6939,啟弘生技,20.05,20.45,20.45,20.45,0,0,0,0,0.0,0.0,0.0
2026-06-01,6940,格斯科技*,27.88,30.55,28.7,30.35,4943,-47,0,0,0.0,0.0,0.0
2026-06-01,6944,兆聯實業,959.0,959.0,922.0,932.0,530,-139,0,-11,13.98,86.01,100.0
2026-06-01,6945,圓祥生技,123.77,126.5,122.5,126.5,466,0,0,0,0.0,0.0,0.0
2026-06-01,6946,三地能源,11.03,11.0,10.5,11.0,58,0,0,0,0.0,0.0,0.0
2026-06-01,6947,台鎔科技,80.19,82.3,79.9,81.3,814,0,0,0,0.0,0.0,0.0
2026-06-01,6949,沛爾生醫-創,667.0,667.0,607.0,644.0,291,-35,0,-1,1.95,98.04,100.0
2026-06-01,6951,青新-創,83.0,83.0,81.1,81.1,125,29,0,3,2.02,97.97,100.0
2026-06-01,6952,大武山,36.55,37.45,36.55,37.0,25,6,0,0,0.32,99.67,100.0
2026-06-01,6953,家碩,242.0,251.5,242.0,247.0,109,-7,0,6,0.72,99.27,100.0
2026-06-01,6955,邦睿生技-創,145.0,145.0,141.5,145.0,23,2,0,0,17.73,82.26,100.0
2026-06-01,6957,裕慶-KY,168.0,172.5,166.0,171.5,222,-31,0,-2,6.24,93.75,100.0
2026-06-01,6958,日盛台駿,17.35,17.65,17.0,17.4,78,24,0,8,0.45,99.54,100.0
2026-06-01,6959,兆捷科技,129.46,140.5,129.0,135.5,345,0,0,0,0.0,0.0,0.0
2026-06-01,6961,旅天下,60.5,60.6,60.1,60.2,154,-19,0,0,0.4,99.59,100.0
2026-06-01,6962,奕力-KY,38.45,38.95,37.9,38.1,4974,-800,-226,4,41.32,58.67,100.0
2026-06-01,6963,品元,27.1,27.1,27.1,27.1,2,0,0,0,0.0,0.0,0.0
2026-06-01,6965,中傑-KY,77.9,79.5,76.0,79.1,148,-3,0,-1,77.27,22.72,100.0
2026-06-01,6967,汎瑋材料,71.4,72.8,70.9,70.9,98,-12,0,3,2.0,97.99,100.0
2026-06-01,6968,萬達寵物,42.6,43.2,42.6,43.0,142,41,0,0,1.18,98.81,100.0
2026-06-01,6969,成信實業*-創,27.6,28.2,27.6,28.2,121,9,0,2,0.43,99.56,100.0
2026-06-01,6971,惠民實業,27.05,27.15,27.0,27.05,49,1,0,0,0.34,99.65,100.0
2026-06-01,6972,博瑞達應材,22.99,23.9,22.65,23.8,18,0,0,0,0.0,0.0,0.0
2026-06-01,6973,永立榮,33.89,34.0,32.85,33.1,33,0,0,0,0.0,0.0,0.0
2026-06-01,6976,育世博-KY,11.94,13.6,12.05,12.8,884,-6,0,0,0.0,0.0,0.0
2026-06-01,6977,聯純,291.71,291.5,285.5,287.0,95,0,0,0,0.0,0.0,0.0
2026-06-01,6979,勝釩,219.96,220.0,194.5,205.0,44,0,0,0,0.0,0.0,0.0
2026-06-01,6980,鐳洋科技,164.98,169.0,158.5,158.5,154,1,0,0,0.0,0.0,0.0
2026-06-01,6982,大井泵浦,56.0,56.0,54.7,55.1,71,3,0,0,1.19,98.8,100.0
2026-06-01,6983,華洋精機,380.0,398.0,361.5,370.5,192,9,0,-1,0.14,99.85,100.0
2026-06-01,6984,ACpay,21.96,20.5,16.4,17.0,51,0,0,0,0.0,0.0,0.0
2026-06-01,6986,和迅,63.66,64.7,61.7,62.3,169,-8,0,0,0.0,0.0,0.0
2026-06-01,6987,寶晶能源*,20.27,21.1,20.45,21.0,291,0,0,0,0.0,0.0,0.0
2026-06-01,6988,威力暘-創,15.75,16.1,15.3,15.35,77,0,0,2,3.81,96.18,100.0
2026-06-01,6990,華鉬,146.24,148.0,127.5,129.5,825,-5,0,0,0.0,0.0,0.0
2026-06-01,6994,富威電力,64.8,67.0,63.0,66.0,1019,37,0,-2,0.95,99.04,100.0
2026-06-01,6995,野獸國,46.58,46.75,46.35,46.35,46,0,0,0,0.0,0.0,0.0
2026-06-01,6996,力領科技,191.5,191.5,185.5,189.5,198,-62,0,0,3.36,96.63,100.0
2026-06-01,6997,博弘,71.5,78.6,71.5,77.5,33,-2,0,0,20.12,79.87,100.0
2026-06-01,6999,瀚醫生技,31.65,31.0,31.0,31.0,0,0,0,0,0.0,0.0,0.0
2026-06-01,7402,邑錡,102.0,108.0,102.0,104.0,636,60,0,-3,11.28,88.71,100.0
2026-06-01,7419,達勝,107.64,110.5,99.0,101.0,563,-2,0,0,0.0,0.0,0.0
2026-06-01,7427,華上生醫,38.39,38.5,37.5,38.15,354,0,0,0,0.0,0.0,0.0
2026-06-01,7443,凡事康,9.68,9.53,9.5,9.5,30,0,0,0,0.0,0.0,0.0
2026-06-01,7455,樺緯物聯,59.38,60.5,59.8,60.2,8,0,0,0,0.0,0.0,0.0
2026-06-01,7507,環拓科技,21.18,20.95,20.45,20.55,104,-2,0,0,0.0,0.0,0.0
2026-06-01,7516,清淨海,8.98,9.3,8.85,9.0,33,0,0,0,0.0,0.0,0.0
2026-06-01,7530,鋒魁科技,41.01,43.1,40.85,41.6,384,16,0,0,0.0,0.0,0.0
2026-06-01,7547,碩網,61.8,64.9,61.3,63.4,143,9,0,0,23.91,76.08,100.0
2026-06-01,7551,知識科技,12.77,13.7,12.7,13.4,110,0,0,0,0.0,0.0,0.0
2026-06-01,7556,意德士,286.0,288.0,277.5,278.5,113,2,0,2,3.75,96.24,100.0
2026-06-01,7558,群利科技,21.77,25.75,21.7,24.7,134,13,0,0,0.0,0.0,0.0
2026-06-01,7561,光晟生技,18.3,19.3,18.4,18.7,36,0,0,0,0.0,0.0,0.0
2026-06-01,7562,博來科技,58.26,59.5,58.3,58.5,2,0,0,0,0.0,0.0,0.0
2026-06-01,7566,亞果遊艇,12.99,13.0,12.3,12.95,720,-4,0,0,0.0,0.0,0.0
2026-06-01,7575,安美得,19.02,18.95,18.4,18.8,113,0,0,0,0.0,0.0,0.0
2026-06-01,7578,利百景,32.11,32.2,31.7,32.2,50,0,0,0,0.0,0.0,0.0
2026-06-01,7583,國際海洋,35.38,35.45,33.5,34.5,16,0,0,0,0.0,0.0,0.0
2026-06-01,7584,樂意,24.25,24.25,23.5,23.6,13,1,0,0,19.65,80.34,100.0
2026-06-01,7590,怡和國際,21.71,21.75,19.95,20.9,505,1,0,0,0.0,0.0,0.0
2026-06-01,7595,世基生醫,8.79,8.9,8.46,8.7,28,0,0,0,0.0,0.0,0.0
2026-06-01,7607,通用幹細胞*,12.95,13.8,13.05,13.8,45,2,0,0,0.0,0.0,0.0
2026-06-01,7610,聯友金屬-創,1580.0,1620.0,1515.0,1615.0,343,74,0,0,13.65,86.34,100.0
2026-06-01,7631,聚賢研發-創,126.0,127.5,125.0,125.0,20,0,0,0,0.75,99.24,100.0
2026-06-01,7642,昶瑞機電,66.6,67.0,66.4,66.8,27,3,0,1,0.46,99.53,100.0
2026-06-01,7669,碩正科技,703.15,705.0,620.0,634.0,482,0,0,0,0.0,0.0,0.0
2026-06-01,7689,大鵬科CLMX,244.47,251.0,242.0,249.5,40,0,0,0,0.0,0.0,0.0
2026-06-01,7702,前端風電,19.68,0.0,0.0,0.0,0,0,0,0,0.0,0.0,0.0
2026-06-01,7703,銳澤,206.5,208.5,204.5,208.5,370,117,0,0,3.03,96.96,100.0
2026-06-01,7704,明遠精密,59.8,62.4,59.8,62.4,109,20,0,0,1.03,98.96,100.0
2026-06-01,7705,三商餐飲,30.9,31.45,30.7,31.35,559,507,0,-1,2.26,97.73,100.0
2026-06-01,7706,宏碁創達,38.0,0.0,0.0,0.0,0,0,0,0,0.0,0.0,0.0
2026-06-01,7707,益芯科,144.32,153.5,148.5,153.5,149,0,0,0,0.0,0.0,0.0
2026-06-01,7708,全家餐飲,92.4,92.4,91.5,91.9,24,5,0,0,0.42,99.57,100.0
2026-06-01,7709,榮田,121.5,121.5,121.5,121.5,158,0,0,67,1.77,98.22,100.0
2026-06-01,7710,東擎科技,258.0,279.5,258.0,266.0,13,0,0,0,0.0,0.0,0.0
2026-06-01,7711,永擎,418.0,424.5,406.0,413.0,1554,-204,0,-21,1.25,98.74,100.0
2026-06-01,7712,博盛半導體,168.0,172.5,161.0,161.5,888,-62,0,28,1.87,98.12,100.0
2026-06-01,7713,威力德生醫,67.2,73.9,66.9,73.9,212,-11,0,0,0.07,99.92,100.0
2026-06-01,7714,創泓科技,117.5,126.5,117.5,125.5,162,6,0,0,1.1,98.89,100.0
2026-06-01,7715,裕山,27.65,28.0,27.5,27.95,31,0,0,0,0.7,99.29,100.0
2026-06-01,7716,昱臺國際,25.2,26.2,25.2,26.2,10,0,0,0,0.01,99.98,100.0
2026-06-01,7717,萊德光電-KY,710.0,710.0,643.0,669.0,719,6,0,-19,16.91,83.08,100.0
2026-06-01,7718,友鋮,49.0,49.7,48.8,49.7,62,16,0,0,0.78,99.21,100.0
2026-06-01,7719,碳基,40.75,42.6,40.55,41.15,455,-16,0,0,0.0,0.0,0.0
2026-06-01,7721,微程式,74.1,80.0,73.6,80.0,1787,329,0,9,2.27,97.72,100.0
2026-06-01,7722,LINEPAY,263.5,280.5,263.0,280.0,256,-5,0,2,59.61,40.38,100.0
2026-06-01,7723,築間,23.05,23.05,22.3,22.65,191,36,0,0,0.58,99.41,100.0
2026-06-01,7724,諾亞克,23.37,23.4,22.8,22.85,18,0,0,0,0.0,0.0,0.0
2026-06-01,7725,列特博,22.17,22.75,22.7,22.7,6,0,0,0,0.0,0.0,0.0
2026-06-01,7726,暄達,33.85,33.85,33.85,33.85,0,0,0,0,0.0,0.0,0.0
2026-06-01,7728,光焱科技,752.0,770.0,740.0,740.0,90,-13,0,0,1.8,98.19,100.0
2026-06-01,7729,仲恩生醫,68.01,70.9,67.6,70.9,417,0,0,0,0.0,0.0,0.0
2026-06-01,7730,暉盛-創,214.0,223.0,213.0,215.0,106,0,0,0,2.53,97.46,100.0
2026-06-01,7731,火星生技*,5.78,6.18,5.72,5.72,1795,0,0,0,0.0,0.0,0.0
2026-06-01,7732,金興精密,36.0,36.5,35.9,36.05,69,31,0,0,0.33,99.66,100.0
2026-06-01,7734,印能科技,3595.0,3675.0,3400.0,3415.0,242,-39,7,4,3.61,96.38,100.0
2026-06-01,7735,台智雲,213.76,352.5,253.5,270.0,758,0,0,0,0.0,0.0,0.0
2026-06-01,7736,虎山,75.0,77.2,74.0,74.3,69,-5,0,1,1.16,98.83,100.0
2026-06-01,7737,凱鈿,40.91,43.0,41.55,42.85,5,0,0,0,0.0,0.0,0.0
2026-06-01,7738,東聯互動,172.0,175.0,172.0,174.0,51,2,0,0,0.3,99.69,100.0
2026-06-01,7740,熙特爾-創,191.0,191.0,172.0,172.0,777,-108,0,3,5.89,94.1,100.0
2026-06-01,7742,天弘化,148.86,156.5,146.0,148.0,393,0,0,0,0.0,0.0,0.0
2026-06-01,7743,金利食安,19.0,19.05,19.0,19.05,5,0,0,0,2.87,97.12,100.0
2026-06-01,7744,崴寶,493.0,520.0,493.0,504.0,301,57,0,1,28.34,71.65,100.0
2026-06-01,7745,紅陽,16.79,17.0,16.2,17.0,32,0,0,0,0.0,0.0,0.0
2026-06-01,7747,昕奇雲端,128.5,128.5,128.5,128.5,1,0,0,0,0.73,99.26,100.0
2026-06-01,7748,鑫囍創業,19.5,19.2,19.2,19.2,0,0,0,0,0.0,0.0,0.0
2026-06-01,7749,意騰-KY,510.0,533.0,494.0,499.0,867,-53,20,1,22.76,77.23,100.0
2026-06-01,7750,新代,2400.0,2425.0,2220.0,2250.0,983,431,12,-2,17.3,82.69,100.0
2026-06-01,7751,竑騰,1830.0,1940.0,1745.0,1830.0,1060,256,-164,-39,4.85,95.14,100.0
2026-06-01,7752,世紀樺欣,27.15,32.8,28.05,32.75,420,0,0,0,0.0,0.0,0.0
2026-06-01,7753,星亞,44.55,44.55,43.4,43.55,71,6,0,0,0.26,99.73,100.0
2026-06-01,7754,安基生技,58.47,60.2,58.7,60.2,194,-4,0,0,0.0,0.0,0.0
2026-06-01,7756,多那之,42.8,42.8,42.8,42.8,0,0,0,0,0.0,0.0,0.0
2026-06-01,7757,金色三麥,106.0,112.0,106.0,110.0,106,19,0,0,19.56,80.43,100.0
2026-06-01,7758,睿騰能源,45.97,47.6,45.35,47.55,2,0,0,0,0.0,0.0,0.0
2026-06-01,7759,視航生醫,33.4,33.4,30.0,31.25,164,0,0,0,0.0,0.0,0.0
2026-06-01,7760,享溫馨,30.3,32.8,30.3,32.3,190,54,0,-42,0.23,99.76,100.0
2026-06-01,7761,三大未來,39.6,40.0,38.7,39.0,285,0,0,0,0.0,0.0,0.0
2026-06-01,7762,吉晟生,53.65,53.9,52.5,53.9,38,0,0,0,0.0,0.0,0.0
2026-06-01,7763,崇舜,186.94,196.0,180.0,192.5,199,0,0,0,0.0,0.0,0.0
2026-06-01,7764,聖州,12.66,13.2,12.6,13.0,77,0,0,0,0.0,0.0,0.0
2026-06-01,7765,中華資安,247.5,272.0,247.5,271.0,449,-33,0,-15,0.6,99.39,100.0
2026-06-01,7767,仁大資訊,42.3,42.3,41.3,41.6,93,1,0,0,0.1,99.89,100.0
2026-06-01,7768,頌勝科技,400.0,416.0,400.0,416.0,1078,259,0,6,1.16,98.83,100.0
2026-06-01,7769,鴻勁,8090.0,8165.0,7515.0,7515.0,1264,-409,37,0,19.71,80.28,100.0
2026-06-01,7770,君曜,44.0,44.8,42.1,44.05,19,0,0,-1,0.2,99.79,100.0
2026-06-01,7771,綠基,55.74,57.7,55.1,56.8,24,0,0,0,0.0,0.0,0.0
2026-06-01,7772,耀穎,148.0,153.0,141.0,146.5,263,46,0,0,0.48,99.51,100.0
2026-06-01,7773,富禾生醫,30.89,31.5,29.45,29.9,85,0,0,0,0.0,0.0,0.0
2026-06-01,7776,奧孟亞,25.1,26.1,24.85,25.4,57,0,0,0,0.0,0.0,0.0
2026-06-01,7777,能率亞洲,45.75,45.8,43.0,43.55,18592,-494,0,-90,0.91,99.08,100.0
2026-06-01,7779,鍇睿國際,12.06,12.85,12.3,12.6,42,0,0,0,0.0,0.0,0.0
2026-06-01,7780,大研生醫*,17.65,17.9,17.55,17.6,1891,-8,0,0,0.54,99.45,100.0
2026-06-01,7781,昕力資*,30.31,31.85,30.3,31.0,4317,-1,0,0,0.0,0.0,0.0
2026-06-01,7782,光速火箭,25.5,25.7,25.5,25.65,15,5,0,0,0.28,99.71,100.0
2026-06-01,7783,佳運,97.34,98.9,94.9,98.3,25,0,0,0,0.0,0.0,0.0
2026-06-01,7784,安邦生技*,9.65,11.5,9.41,10.45,2138,0,0,0,0.0,0.0,0.0
2026-06-01,7785,北祥科服,32.3,33.0,33.0,33.0,0,0,0,0,0.0,0.0,0.0
2026-06-01,7786,東方風能,118.5,118.5,114.0,115.0,432,-82,0,1,1.31,98.68,100.0
2026-06-01,7788,松川精密,195.0,195.0,187.5,189.5,621,-273,0,-8,10.37,89.62,100.0
2026-06-01,7789,開展,33.48,35.0,35.0,35.0,0,0,0,0,0.0,0.0,0.0
2026-06-01,7790,思必瑞特,51.24,52.6,49.4,51.7,5,0,0,0,0.0,0.0,0.0
2026-06-01,7791,皇家可口,68.4,68.4,67.5,68.0,66,-10,0,0,0.56,99.43,100.0
2026-06-01,7792,安葆,307.0,309.5,289.5,295.0,818,-162,0,48,17.71,82.28,100.0
2026-06-01,7794,宏碁智新,28.9,29.8,28.7,29.8,83,0,0,-25,1.35,98.64,100.0
2026-06-01,7795,長廣,407.5,430.0,405.5,410.0,486,103,0,3,8.98,91.01,100.0
2026-06-01,7796,擷發科,100.08,102.5,99.6,101.5,137,-2,0,0,0.0,0.0,0.0
2026-06-01,7797,Q Burger,53.81,60.5,58.0,59.9,4,0,0,0,0.0,0.0,0.0
2026-06-01,7798,將捷,15.92,16.55,15.9,16.55,22,0,0,0,0.0,0.0,0.0
2026-06-01,7799,禾榮科,318.0,341.0,307.5,330.0,460,44,0,-2,3.84,96.15,100.0
2026-06-01,7801,華芸科技,141.29,142.5,138.5,141.0,190,0,0,0,0.0,0.0,0.0
2026-06-01,7803,雲象科技-創,23.05,23.55,22.4,22.7,177,12,0,0,2.48,97.51,100.0
2026-06-01,7805,威聯通,806.0,816.0,791.0,799.0,185,-19,0,3,10.35,89.64,100.0
2026-06-01,7806,精華生醫,66.7,66.8,66.8,66.8,2,0,0,0,0.0,0.0,0.0
2026-06-01,7808,訊聯智藥,37.31,37.95,36.8,37.45,20,0,0,0,0.0,0.0,0.0
2026-06-01,7810,捷創科技,235.5,246.0,232.0,244.0,346,79,0,9,0.97,99.02,100.0
2026-06-01,7811,民盛,79.2,80.0,79.2,79.3,10,3,0,0,0.34,99.65,100.0
2026-06-01,7812,稜研科技*,90.4,94.5,89.7,90.5,285,0,0,0,0.0,0.0,0.0
2026-06-01,7813,宇辰系統,139.36,141.0,136.0,137.0,97,0,0,0,0.0,0.0,0.0
2026-06-01,7814,海昌生技,42.65,42.9,42.0,42.75,31,0,0,0,0.0,0.0,0.0
2026-06-01,7815,新特,454.1,456.0,437.5,446.0,152,0,0,0,0.0,0.0,0.0
2026-06-01,7816,來穎,67.02,68.0,66.1,66.3,74,0,0,0,0.0,0.0,0.0
2026-06-01,7818,溢泰實業,66.0,66.5,64.6,65.5,300,36,0,0,0.11,99.88,100.0
2026-06-01,7819,精誠金融,45.65,46.0,45.4,45.75,233,35,0,0,1.94,98.05,100.0
2026-06-01,7820,立盈,124.0,127.5,120.0,127.5,138,63,0,0,0.25,99.74,100.0
2026-06-01,7821,神數,44.7,46.65,44.15,46.2,699,85,0,16,0.64,99.35,100.0
2026-06-01,7822,倍利科,1060.0,1095.0,1045.0,1095.0,245,18,0,0,0.73,99.26,100.0
2026-06-01,7823,奧義賽博-KY創,99.7,99.9,95.0,98.9,39,7,0,0,25.89,74.1,100.0
2026-06-01,7824,智寶,46.92,47.5,45.8,47.5,6,0,0,0,0.0,0.0,0.0
2026-06-01,7825,和亞智慧,117.51,125.0,117.5,119.0,130,0,0,0,0.0,0.0,0.0
2026-06-01,7826,極風雲創,43.45,43.4,43.4,43.4,0,0,0,0,0.0,0.0,0.0
2026-06-01,7827,漢康-KY創,137.0,155.0,135.0,153.5,1579,225,0,-6,20.12,79.87,100.0
2026-06-01,7828,創新服務,1425.0,1480.0,1420.0,1450.0,244,10,0,3,22.52,77.47,100.0
2026-06-01,7829,思捷優達-KY,44.39,46.25,44.0,45.9,115,0,0,0,0.0,0.0,0.0
2026-06-01,7831,捷博,37.1,0.0,0.0,0.0,0,0,0,0,0.0,0.0,0.0
2026-06-01,7832,智新生技*,11.54,11.45,10.95,11.25,462,0,0,0,0.0,0.0,0.0
2026-06-01,7833,綠岩能源,28.63,29.25,27.85,28.8,35,0,0,0,0.0,0.0,0.0
2026-06-01,7834,來毅數位,18.9,19.7,18.8,19.0,10,0,0,0,0.0,0.0,0.0
2026-06-01,7836,智生活,52.13,53.0,51.0,52.0,17,0,0,0,0.0,0.0,0.0
2026-06-01,7837,啟新生,103.38,0.0,0.0,0.0,0,0,0,0,0.0,0.0,0.0
2026-06-01,7839,達人網,65.73,68.7,65.5,67.0,22,0,0,0,0.0,0.0,0.0
2026-06-01,7840,祥圃,37.5,37.0,36.5,37.0,4,0,0,0,0.0,0.0,0.0
2026-06-01,7841,經貿聯網,28.43,28.5,28.0,28.5,2,0,0,0,0.0,0.0,0.0
2026-06-01,7842,天能綠電,110.0,114.5,110.0,113.0,85,8,0,0,0.03,99.96,100.0
2026-06-01,7843,英柏得,133.66,137.0,130.5,135.5,219,0,0,0,0.0,0.0,0.0
2026-06-01,7846,德揚,74.12,74.4,70.9,71.9,23,0,0,0,0.0,0.0,0.0
2026-06-01,7847,豊漁,22.04,22.6,21.9,22.4,26,0,0,0,0.0,0.0,0.0
2026-06-01,7848,騏億鑫,444.25,442.5,430.0,439.0,19,0,0,0,0.0,0.0,0.0
2026-06-01,7849,旭誼,171.33,205.0,171.5,185.0,87,0,0,0,0.0,0.0,0.0
2026-06-01,7850,寶泰生醫,17.55,18.4,17.8,18.1,86,0,0,0,0.0,0.0,0.0
2026-06-01,7851,慧康生技*-KY,39.69,40.3,37.55,38.3,95,0,0,0,0.0,0.0,0.0
2026-06-01,7853,政美應用,359.47,365.0,346.0,349.5,691,0,0,0,0.0,0.0,0.0
2026-06-01,7854,佐茂,95.32,96.5,89.1,92.4,99,0,0,0,0.0,0.0,0.0
2026-06-01,7855,和運租車,102.5,103.0,98.9,99.8,1,0,0,0,0.0,0.0,0.0
2026-06-01,7856,漢測,3180.67,3295.0,3170.0,3260.0,67,-1,0,0,0.0,0.0,0.0
2026-06-01,7857,合水先進,48.86,50.4,48.05,50.4,20,0,0,0,0.0,0.0,0.0
2026-06-01,7858,芝普,202.6,207.0,201.5,207.0,105,0,0,0,0.0,0.0,0.0
2026-06-01,7860,得生製藥,55.9,55.9,53.3,55.9,0,0,0,0,0.0,0.0,0.0
2026-06-01,7861,貝爾威勒,1345.68,1410.0,1300.0,1360.0,141,0,0,0,0.0,0.0,0.0
2026-06-01,7862,聚泰,29.51,29.9,28.5,28.55,1,0,0,0,0.0,0.0,0.0
2026-06-01,7863,中科物流,53.3,53.3,53.3,53.3,0,0,0,0,0.0,0.0,0.0
2026-06-01,7865,金聯成,69.69,72.5,65.0,71.9,398,0,0,0,0.0,0.0,0.0
2026-06-01,7866,丹立,253.62,255.0,236.5,247.5,333,0,0,0,0.0,0.0,0.0
2026-06-01,7867,特力屋,59.26,60.2,57.6,59.0,39,0,0,0,0.0,0.0,0.0
2026-06-01,7868,聖育,92.71,96.8,91.0,95.7,84,0,0,0,0.0,0.0,0.0
2026-06-01,7869,宏于電機,387.7,392.5,380.0,392.0,2,0,0,0,0.0,0.0,0.0
2026-06-01,7870,聯剛科技,178.8,177.5,175.0,175.5,10,0,0,0,0.0,0.0,0.0
2026-06-01,7871,安立璽榮-KY,69.51,74.3,70.0,71.5,550,1,0,0,0.0,0.0,0.0
2026-06-01,7872,登豐,62.22,69.3,62.8,65.7,163,0,0,0,0.0,0.0,0.0
2026-06-01,7873,瑞峰,278.48,275.0,229.5,236.0,1394,0,0,0,0.0,0.0,0.0
2026-06-01,7875,安圖斯,125.51,148.0,130.0,141.5,33,0,0,0,0.0,0.0,0.0
2026-06-01,7876,鼎晉生技,36.62,36.8,35.8,36.45,188,0,0,0,0.0,0.0,0.0
2026-06-01,7877,海利普,40.28,41.95,39.9,41.95,71,0,0,0,0.0,0.0,0.0
2026-06-01,7878,藥祇,277.55,279.0,273.0,278.5,213,0,0,0,0.0,0.0,0.0
2026-06-01,7879,益材科技,119.17,127.0,120.5,121.5,454,0,0,0,0.0,0.0,0.0
2026-06-01,7880,聖凰,182.46,194.5,180.5,193.5,58,0,0,0,0.0,0.0,0.0
2026-06-01,7881,科明,102.67,102.5,101.0,102.5,3,0,0,0,0.0,0.0,0.0
2026-06-01,7882,倍利創投,21.37,21.85,20.9,21.45,278,0,0,0,0.0,0.0,0.0
2026-06-01,7883,饗賓,280.94,291.0,280.0,290.0,14,0,0,0,0.0,0.0,0.0
2026-06-01,7885,宏羚,31.0,36.2,31.6,33.35,554,0,0,0,0.0,0.0,0.0
2026-06-01,7886,科建,192.71,195.5,189.0,189.0,57,0,0,0,0.0,0.0,0.0
2026-06-01,7887,宇川精材,249.88,251.0,240.0,246.0,916,0,0,0,0.0,0.0,0.0
2026-06-01,7888,麗寶新藥,39.16,40.1,38.5,39.4,73,0,0,0,0.0,0.0,0.0
2026-06-01,7889,騰勢,83.15,83.0,82.7,83.0,3,0,0,0,0.0,0.0,0.0
2026-06-01,7890,明曜科技,110.64,113.0,108.5,112.0,12,0,0,0,0.0,0.0,0.0
2026-06-01,7891,博研醫藥,23.5,24.0,23.8,23.8,5,0,0,0,0.0,0.0,0.0
2026-06-01,7892,元鈦科,908.73,925.0,870.0,877.0,161,0,0,0,0.0,0.0,0.0
2026-06-01,7893,睿信,208.65,210.0,201.5,204.0,37,0,0,0,0.0,0.0,0.0
2026-06-01,7895,元進莊,69.73,70.2,68.7,68.7,44,0,0,0,0.0,0.0,0.0
2026-06-01,7896,喬越,265.3,265.0,252.5,263.5,5,0,0,0,0.0,0.0,0.0
2026-06-01,7897,禾迅綠電,40.4,40.4,40.4,40.4,1,0,0,0,0.0,0.0,0.0
2026-06-01,7898,乾瞻,683.11,710.0,657.0,695.0,226,0,0,0,0.0,0.0,0.0
2026-06-01,7899,景美,420.99,441.5,394.0,421.0,567,35,0,0,0.0,0.0,0.0
2026-06-01,7901,大大寬頻,74.24,75.0,73.0,74.9,14,0,0,0,0.0,0.0,0.0
2026-06-01,7902,宇越生醫*,38.94,40.55,38.8,39.05,241,0,0,0,0.0,0.0,0.0
2026-06-01,7904,任開數位,24.05,25.1,25.1,25.1,0,0,0,0,0.0,0.0,0.0
2026-06-01,7907,錸恩帕斯,265.32,271.0,257.0,265.5,48,0,0,0,0.0,0.0,0.0
2026-06-01,7909,鈺祥,714.52,816.0,713.0,765.0,147,0,0,0,0.0,0.0,0.0
2026-06-01,7911,阿波羅電力,123.74,145.0,122.0,141.0,483,0,0,0,0.0,0.0,0.0
2026-06-01,7912,新聿科,571.03,580.0,518.0,542.0,228,-1,0,0,0.0,0.0,0.0
2026-06-01,7913,通寶半導體,329.7,420.5,329.5,400.0,491,0,0,0,0.0,0.0,0.0
2026-06-01,7915,廌家,694.46,724.0,676.0,676.0,50,1,0,0,0.0,0.0,0.0
2026-06-01,7918,創鉅材料,1189.17,1220.0,1105.0,1170.0,145,1,0,0,0.0,0.0,0.0
2026-06-01,7919,禾蒼,68.72,76.6,65.6,74.0,402,1,0,0,0.0,0.0,0.0
2026-06-01,7920,瀚陽*,8.03,8.7,7.93,8.61,3801,-19,0,0,0.0,0.0,0.0
2026-06-01,7921,台普威,141.56,148.5,135.5,143.0,340,0,0,0,0.0,0.0,0.0
2026-06-01,7922,源點*,113.11,123.5,118.0,120.0,37,0,0,0,0.0,0.0,0.0
2026-06-01,8011,台通,18.15,18.95,18.1,18.8,2363,317,0,3,2.91,97.08,100.0
2026-06-01,8016,矽創,306.0,310.0,298.0,309.0,3666,-752,106,-23,35.61,64.38,100.0
2026-06-01,8021,尖點,466.0,475.0,463.5,464.0,1800,309,100,58,21.34,78.65,100.0
2026-06-01,8024,佑華,12.4,12.5,12.0,12.4,73,5,0,0,1.81,98.18,100.0
2026-06-01,8027,鈦昇,266.5,283.0,266.5,283.0,2307,252,0,-10,8.35,91.64,100.0
2026-06-01,8028,昇陽半導體,329.0,359.5,327.5,356.5,15191,2218,500,45,25.85,74.14,100.0
2026-06-01,8032,光菱,43.2,45.3,43.0,43.75,418,145,0,0,1.27,98.72,100.0
2026-06-01,8033,雷虎,146.0,147.5,139.5,141.0,6791,-682,0,-50,5.09,94.9,100.0
2026-06-01,8034,榮群,23.95,24.45,23.95,24.25,593,231,0,0,7.11,92.88,100.0
2026-06-01,8038,長園科,41.15,42.2,41.05,41.55,497,76,0,0,0.8,99.19,100.0
2026-06-01,8039,台虹,161.5,161.5,149.0,153.0,32721,-9266,-138,-40,18.62,81.37,100.0
2026-06-01,8040,九暘,112.0,117.5,111.0,112.5,2501,-304,0,0,3.88,96.11,100.0
2026-06-01,8042,金山電,164.0,169.5,164.0,169.0,1590,-127,0,82,15.43,84.56,100.0
2026-06-01,8043,蜜望實,155.0,155.0,148.0,155.0,10714,-695,0,44,7.05,92.94,100.0
2026-06-01,8044,網家,29.0,31.2,28.9,29.0,2694,218,0,0,5.61,94.38,100.0
2026-06-01,8045,達運光電,66.0,71.7,64.9,71.3,711,212,0,-20,1.32,98.67,100.0
2026-06-01,8046,南電,842.0,923.0,838.0,905.0,21446,5749,764,-23,11.95,88.04,100.0
2026-06-01,8047,星雲,42.9,44.0,42.9,44.0,61,30,0,0,0.5,99.49,100.0
2026-06-01,8048,德勝,61.5,63.6,61.3,62.0,281,47,0,-13,14.62,85.37,100.0
2026-06-01,8049,晶采,27.0,27.3,26.85,27.0,467,102,0,0,2.74,97.25,100.0
2026-06-01,8050,廣積,59.4,61.4,58.3,58.7,2247,-453,0,0,3.15,96.84,100.0
2026-06-01,8054,安國,103.0,103.5,101.5,102.0,1845,-585,0,-7,3.97,96.02,100.0
2026-06-01,8058,耐特,101.69,103.0,97.5,99.1,223,0,0,0,0.0,0.0,0.0
2026-06-01,8059,凱碩,19.3,19.3,18.8,19.1,552,207,0,0,0.79,99.2,100.0
2026-06-01,8064,東捷,145.0,157.0,142.0,157.0,17703,2070,0,109,9.85,90.14,100.0
2026-06-01,8066,來思達,15.65,16.0,15.05,16.0,440,-7,0,0,2.99,97.0,100.0
2026-06-01,8067,志旭,13.35,13.4,13.35,13.4,3,0,0,0,8.42,91.57,100.0
2026-06-01,8068,全達,20.1,20.2,19.8,20.0,307,74,0,0,9.73,90.26,100.0
2026-06-01,8069,元太,220.5,228.5,212.5,225.0,8734,721,85,-93,41.34,58.65,100.0
2026-06-01,8070,長華*,53.8,54.7,52.5,52.8,8555,-1506,-340,57,10.01,89.98,100.0
2026-06-01,8071,能率網通,21.8,23.4,21.75,23.4,5275,571,0,20,5.78,94.21,100.0
2026-06-01,8072,陞泰,27.5,28.75,27.5,28.4,598,311,0,1,2.48,97.51,100.0
2026-06-01,8074,鉅橡,75.5,77.8,74.2,76.5,1617,370,0,-3,6.05,93.94,100.0
2026-06-01,8076,伍豐,24.2,25.5,23.9,24.9,2858,52,0,-6,6.29,93.7,100.0
2026-06-01,8077,洛碁,48.3,48.8,46.0,48.65,34,0,0,0,51.12,48.87,100.0
2026-06-01,8080,永利聯合,28.05,29.0,27.7,28.15,33,3,0,0,0.09,99.9,100.0
2026-06-01,8080,泰霖,28.05,29.0,27.7,28.15,33,3,0,0,0.09,99.9,100.0
2026-06-01,8081,致新,282.0,290.0,280.5,290.0,1450,-145,456,6,20.25,79.74,100.0
2026-06-01,8083,瑞穎,168.0,169.0,167.0,168.0,55,11,0,0,3.1,96.89,100.0
2026-06-01,8084,巨虹,47.4,49.1,46.5,49.0,194,8,0,0,1.09,98.9,100.0
2026-06-01,8085,福華,11.4,12.15,11.4,12.15,646,47,0,1,4.58,95.41,100.0
2026-06-01,8086,宏捷科,171.0,171.0,165.5,166.0,4219,-708,0,-23,25.69,74.3,100.0
2026-06-01,8087,華鎂鑫,33.3,34.8,32.9,33.85,124,48,0,0,3.13,96.86,100.0
2026-06-01,8087,麗升能源,33.3,34.8,32.9,33.85,124,48,0,0,3.13,96.86,100.0
2026-06-01,8088,品安,60.7,61.9,59.7,59.7,3806,188,0,0,4.26,95.73,100.0
2026-06-01,8089,康全電訊,19.9,20.5,19.85,20.45,255,118,0,0,4.62,95.37,100.0
2026-06-01,8091,翔名,263.0,269.0,262.5,265.5,503,-153,0,-15,11.44,88.55,100.0
2026-06-01,8092,建暐,17.8,18.0,17.1,17.1,177,-30,0,0,0.24,99.75,100.0
2026-06-01,8093,保銳,18.4,18.6,17.75,18.6,39,0,0,0,0.05,99.94,100.0
2026-06-01,8096,擎亞,124.0,134.5,123.5,134.5,11029,2371,0,207,32.5,67.49,100.0
2026-06-01,8097,常珵,58.8,61.2,58.6,59.8,138,5,0,0,2.82,97.17,100.0
2026-06-01,8098,慶康科技,377.45,390.0,370.0,377.0,32,0,0,0,0.0,0.0,0.0
2026-06-01,8099,大世科,61.9,64.9,61.9,62.2,185,-5,0,0,2.97,97.02,100.0
2026-06-01,8101,華冠,13.25,14.55,13.25,14.55,59,-1,0,0,0.05,99.94,100.0
2026-06-01,8102,傑霖科技,71.2,73.7,71.2,73.4,235,-7,0,0,0.18,99.81,100.0
2026-06-01,8103,瀚荃,115.0,119.5,111.5,113.5,5068,-1198,0,127,23.14,76.85,100.0
2026-06-01,8104,錸寶,41.25,43.0,40.05,41.5,7200,-511,0,2,2.01,97.98,100.0
2026-06-01,8105,凌巨,17.8,19.3,17.4,19.3,20015,2516,0,44,43.18,56.81,100.0
2026-06-01,8107,大億金茂,13.0,13.1,12.4,12.55,931,40,0,0,0.51,99.48,100.0
2026-06-01,8109,博大,125.5,127.5,123.5,126.5,471,111,0,0,5.27,94.72,100.0
2026-06-01,8110,華東,65.6,69.5,64.0,65.2,56172,-1579,0,-40,1.89,98.1,100.0
2026-06-01,8111,立碁,66.0,67.9,66.0,66.0,1823,268,0,103,5.82,94.17,100.0
2026-06-01,8112,至上,89.3,92.7,88.3,91.4,48435,515,2315,751,19.83,80.16,100.0
2026-06-01,8114,振樺電,247.0,264.0,238.5,259.5,2148,-186,487,1,11.87,88.04,100.0
2026-06-01,8119,公信,11.25,11.45,11.0,11.35,222,-5,0,0,0.0,0.0,0.0
2026-06-01,8121,越峰,40.45,40.55,39.4,39.6,1734,117,0,-6,2.23,97.75,100.0
2026-06-01,8131,福懋科,74.6,79.2,73.5,75.5,17463,-1055,0,255,4.34,95.65,100.0
2026-06-01,8147,正淩,176.5,176.5,170.0,171.5,627,-144,0,-9,20.13,79.86,100.0
2026-06-01,8150,南茂,113.0,114.0,103.0,106.5,108776,-12338,262,2023,42.14,57.85,100.0
2026-06-01,8155,博智,397.0,409.5,394.5,398.5,1046,-127,-54,-4,10.62,89.37,100.0
2026-06-01,8162,微矽電子-創,74.3,80.8,73.5,80.8,792,-22,0,0,1.47,98.52,100.0
2026-06-01,8163,達方,39.3,42.9,39.0,41.8,8252,820,0,24,7.14,92.85,100.0
2026-06-01,8171,天宇,25.0,25.55,24.35,24.7,533,-33,0,0,3.13,96.86,100.0
2026-06-01,8176,智捷,10.3,10.35,10.15,10.25,240,15,0,0,1.13,98.86,100.0
2026-06-01,8182,加高,47.5,47.85,44.3,44.35,3698,-248,0,-35,52.06,47.93,100.0
2026-06-01,8183,精星,32.15,32.35,31.9,32.05,516,55,0,0,3.87,96.12,100.0
2026-06-01,8201,無敵,13.4,13.7,13.1,13.7,217,20,0,-1,0.82,99.17,100.0
2026-06-01,8210,勤誠,1395.0,1450.0,1375.0,1400.0,898,65,1,20,10.07,89.92,100.0
2026-06-01,8213,志超,39.0,39.5,38.6,38.85,1109,104,0,13,22.81,77.18,100.0
2026-06-01,8215,明基材,29.2,32.35,29.2,32.35,18534,3928,0,110,3.13,96.86,100.0
2026-06-01,8222,寶一,37.05,38.95,36.65,38.25,1691,482,0,1,3.54,96.45,100.0
2026-06-01,8227,巨有科技,212.0,229.5,210.5,219.0,1815,-88,0,62,2.71,97.28,100.0
2026-06-01,8234,新漢,72.0,76.2,72.0,75.9,3952,128,0,38,2.9,97.09,100.0
2026-06-01,8240,華宏,63.7,65.4,63.6,63.8,808,-3,0,0,4.93,95.06,100.0
2026-06-01,8249,菱光,56.0,56.5,55.7,55.8,1203,-89,0,0,1.05,98.94,100.0
2026-06-01,8255,朋程,196.5,196.5,183.5,186.0,5240,-950,0,186,9.33,90.66,100.0
2026-06-01,8261,富鼎,182.5,188.5,172.0,174.0,9012,-1237,80,74,6.83,93.16,100.0
2026-06-01,8271,宇瞻,248.5,256.0,245.5,248.5,6612,215,-1,9,12.72,87.27,100.0
2026-06-01,8272,全景軟體,72.5,76.3,70.0,73.9,73,8,0,1,0.24,99.75,100.0
2026-06-01,8277,商丞,9.47,9.47,9.34,9.47,1385,-17,0,0,1.8,98.19,100.0
2026-06-01,8279,生展,96.4,96.7,96.3,96.7,9,0,0,0,5.5,94.49,100.0
2026-06-01,8284,三竹,62.8,63.3,62.6,63.3,47,1,0,0,0.91,99.08,100.0
2026-06-01,8289,泰藝,74.6,75.5,70.0,70.1,4987,-454,0,0,3.46,96.53,100.0
2026-06-01,8291,尚茂,108.0,108.0,108.0,108.0,50,0,0,0,73.47,26.52,100.0
2026-06-01,8298,威睿,48.76,50.5,48.85,50.4,14,1,0,0,0.0,0.0,0.0
2026-06-01,8299,群聯,2655.0,2825.0,2625.0,2770.0,8835,298,-36,111,36.15,63.84,100.0
2026-06-01,8329,台視,10.27,10.35,10.15,10.35,11,0,0,0,0.0,0.0,0.0
2026-06-01,8341,日友,75.3,76.6,74.9,76.6,354,110,0,1,4.29,95.7,100.0
2026-06-01,8342,益張,91.0,91.1,88.9,89.9,7,1,0,0,0.14,99.85,100.0
2026-06-01,8345,超秦,55.68,56.5,54.9,56.0,21,0,0,0,0.0,0.0,0.0
2026-06-01,8349,恒耀,41.7,41.8,41.4,41.7,143,18,0,0,1.26,98.73,100.0
2026-06-01,8354,冠好,16.95,17.15,16.8,16.8,172,4,0,0,0.76,99.23,100.0
2026-06-01,8358,金居,637.0,668.0,636.0,668.0,10003,-93,0,-432,34.37,65.62,100.0
2026-06-01,8359,錢櫃,64.49,65.3,64.3,65.2,26,0,0,0,0.0,0.0,0.0
2026-06-01,8367,建新國際,40.5,41.3,40.5,41.2,62,30,0,0,1.56,98.43,100.0
2026-06-01,8374,羅昇,108.0,114.0,106.0,112.0,4619,-223,0,10,2.59,97.4,100.0
2026-06-01,8383,千附,62.6,65.5,62.6,64.2,3499,318,0,27,13.97,86.02,100.0
2026-06-01,8390,金益鼎,123.0,123.5,119.5,120.5,793,-4,0,-44,22.51,77.48,100.0
2026-06-01,8401,白紗科,23.0,23.0,22.75,22.9,91,6,0,0,0.19,99.8,100.0
2026-06-01,8403,盛弘,19.45,19.65,19.3,19.55,269,105,0,0,1.62,98.37,100.0
2026-06-01,8404,百和興業-KY,16.35,16.75,16.35,16.7,553,302,0,8,52.92,47.07,100.0
2026-06-01,8409,商之器,19.05,19.3,18.95,18.95,12,0,0,0,0.12,99.87,100.0
2026-06-01,8410,森田,33.45,35.15,33.2,34.9,119,-21,0,0,0.6,99.39,100.0
2026-06-01,8411,福貞-KY,12.1,12.15,11.95,12.15,163,-11,0,9,53.77,46.22,100.0
2026-06-01,8415,大國鋼,34.35,35.05,34.15,34.95,1162,192,-173,18,6.66,93.33,100.0
2026-06-01,8416,實威,179.5,182.0,177.0,181.5,67,0,0,0,0.74,99.25,100.0
2026-06-01,8421,旭源,13.3,13.6,13.3,13.35,34,-5,0,0,0.58,99.41,100.0
2026-06-01,8422,可寧衛,27.0,28.4,27.0,27.7,15510,5701,-2995,133,4.96,95.03,100.0
2026-06-01,8422,可寧衛*,27.0,28.4,27.0,27.7,15510,5701,-2995,133,4.96,95.03,100.0
2026-06-01,8423,保綠-KY,17.7,17.75,17.7,17.7,20,0,0,0,24.93,75.06,100.0
2026-06-01,8424,惠普,72.6,73.1,72.6,73.0,54,10,0,0,0.55,99.44,100.0
2026-06-01,8426,紅木-KY,21.8,21.8,21.6,21.7,46,3,0,0,67.57,32.42,100.0
2026-06-01,8429,金麗-KY,6.23,6.28,6.13,6.17,530,63,0,0,30.07,69.92,100.0
2026-06-01,8431,匯鑽科,56.1,56.6,55.3,55.8,510,55,0,1,2.38,97.61,100.0
2026-06-01,8432,東生華,50.2,51.0,49.35,49.75,157,0,0,0,0.85,99.14,100.0
2026-06-01,8433,弘帆,52.1,52.4,52.0,52.0,51,4,0,0,1.43,98.56,100.0
2026-06-01,8435,鉅邁,56.0,56.0,55.5,56.0,51,2,0,0,0.54,99.45,100.0
2026-06-01,8436,大江,120.0,120.5,118.5,120.0,519,270,-5,0,14.98,85.0,100.0
2026-06-01,8437,大地-KY,11.35,11.35,10.55,10.8,334,-35,0,0,24.12,75.87,100.0
2026-06-01,8438,昶昕,88.0,88.2,85.4,87.0,323,-14,0,0,3.01,96.98,100.0
2026-06-01,8440,綠電,23.6,23.6,22.85,23.15,264,8,0,0,0.95,99.04,100.0
2026-06-01,8442,威宏-KY,40.0,40.0,39.4,39.55,114,31,0,0,55.91,44.08,100.0
2026-06-01,8443,阿瘦,11.15,11.25,11.15,11.25,30,9,0,0,3.71,96.28,100.0
2026-06-01,8444,綠河-KY,5.02,5.13,5.0,5.0,51,0,0,0,58.55,41.44,100.0
2026-06-01,8446,華研,85.9,85.9,84.4,84.6,166,-74,0,0,4.56,95.43,100.0
2026-06-01,8450,霹靂,15.25,15.6,15.1,15.6,123,6,0,0,0.1,49.88,49.99
2026-06-01,8454,富邦媒,240.0,254.0,236.5,241.5,6217,-919,0,-50,12.43,87.56,100.0
2026-06-01,8455,大拓-KY,44.8,44.8,41.75,41.8,142,-3,0,0,87.79,12.2,100.0
2026-06-01,8458,影一,13.99,14.4,13.8,14.2,8,0,0,0,0.0,0.0,0.0
2026-06-01,8462,柏文,139.5,142.0,138.5,141.5,181,77,0,-2,3.76,96.23,100.0
2026-06-01,8463,潤泰材,21.7,21.9,21.5,21.7,69,16,0,2,0.41,99.58,100.0
2026-06-01,8464,億豐,321.0,325.5,318.0,324.0,2260,21,41,23,42.21,57.78,100.0
2026-06-01,8466,美吉吉-KY,16.5,16.6,16.0,16.2,88,-16,0,0,50.18,49.81,100.0
2026-06-01,8467,波力-KY,128.0,132.0,127.0,131.5,36,18,0,0,46.54,53.45,100.0
2026-06-01,8472,夠麻吉,85.9,85.9,82.9,85.9,163,6,0,0,1.44,98.55,100.0
2026-06-01,8473,山林水,52.4,55.4,50.8,55.4,6381,-841,0,43,4.24,95.75,100.0
2026-06-01,8476,台境,15.4,15.85,15.3,15.6,445,61,0,2,1.45,98.54,100.0
2026-06-01,8476,台境*,15.4,15.85,15.3,15.6,445,61,0,2,1.45,98.54,100.0
2026-06-01,8477,創業家,19.8,19.95,19.05,19.35,235,-9,0,0,0.23,99.76,100.0
2026-06-01,8478,東哥遊艇,154.0,159.0,151.5,155.5,295,10,0,-1,39.44,60.55,100.0
2026-06-01,8481,政伸,41.0,41.25,40.95,40.95,43,3,0,0,0.42,99.57,100.0
2026-06-01,8482,商億-KY,49.0,49.55,48.65,49.0,18,15,0,0,91.74,8.25,100.0
2026-06-01,8487,愛爾達-創,82.2,82.2,81.1,82.0,101,22,0,0,0.99,48.99,49.99
2026-06-01,8488,吉源-KY,9.9,10.15,9.9,10.15,22,14,0,-4,69.58,30.41,100.0
2026-06-01,8489,三貝德,22.9,23.4,22.7,23.3,95,37,0,-1,3.45,96.54,100.0
2026-06-01,8499,鼎炫-KY,321.5,322.0,299.0,301.5,175,-31,0,-1,72.08,27.91,100.0
2026-06-01,8905,裕國,29.15,29.25,29.15,29.25,2,1,0,0,0.49,99.5,100.0
2026-06-01,8906,花王,23.85,24.0,23.35,23.9,133,-11,0,0,0.39,99.6,100.0
2026-06-01,8908,欣雄,40.85,40.9,40.6,40.9,273,29,0,0,0.32,99.67,100.0
2026-06-01,8916,光隆,44.95,44.95,44.3,44.95,368,-34,0,0,2.85,97.14,100.0
2026-06-01,8917,欣泰,52.6,53.1,52.0,52.0,28,2,0,0,1.43,98.56,100.0
2026-06-01,8921,沈氏,18.7,18.7,18.0,18.0,6,0,0,0,0.18,99.81,100.0
2026-06-01,8923,時報,19.1,19.3,18.9,18.9,19,2,0,0,4.15,95.84,100.0
2026-06-01,8924,大田,60.0,60.0,58.7,59.3,617,-85,0,-174,2.48,97.51,100.0
2026-06-01,8926,台汽電,67.0,69.9,66.0,67.2,10988,-1323,100,29,10.97,89.02,100.0
2026-06-01,8927,北基,18.8,18.9,18.35,18.9,886,480,0,0,1.05,98.94,100.0
2026-06-01,8928,鉅明,20.95,20.95,20.7,20.85,56,-1,0,0,0.33,99.66,100.0
2026-06-01,8929,富堡,13.75,13.75,13.5,13.55,53,-1,0,0,0.27,99.72,100.0
2026-06-01,8930,青鋼,28.45,28.45,28.15,28.2,76,-16,0,0,2.6,97.39,100.0
2026-06-01,8931,大汽電,42.3,42.8,42.1,42.3,111,-6,0,0,0.18,99.81,100.0
2026-06-01,8932,智通*,101.0,106.0,100.0,103.5,3916,1543,0,103,28.82,71.17,100.0
2026-06-01,8933,愛地雅,4.72,4.8,4.49,4.6,385,-98,0,0,1.01,98.98,100.0
2026-06-01,8935,邦泰,21.3,21.3,20.45,20.85,912,-383,0,0,2.23,97.76,100.0
2026-06-01,8936,國統,52.5,54.5,51.5,53.4,6918,1585,-12,0,9.97,90.02,100.0
2026-06-01,8937,合騏*,27.45,27.45,25.8,26.75,545,62,0,-42,5.61,94.38,100.0
2026-06-01,8938,明安,53.3,53.3,52.0,52.4,585,-190,0,0,6.33,93.66,100.0
2026-06-01,8940,新天地,16.45,16.7,16.45,16.6,72,27,0,3,8.37,91.62,100.0
2026-06-01,8941,關中,43.5,43.7,43.5,43.6,5,-1,0,0,0.18,99.81,100.0
2026-06-01,8942,森鉅,41.8,42.1,41.2,41.7,487,-150,0,0,13.8,86.19,100.0
2026-06-01,8996,高力,1080.0,1100.0,1040.0,1045.0,2391,139,-328,-45,33.12,66.87,100.0
2026-06-01,8999,台灣積層,37.05,38.3,37.0,38.3,6,0,0,0,0.0,0.0,0.0
2026-06-01,9103,美德醫療-DR,5.27,5.27,5.12,5.16,1936,160,0,0,1.8,98.19,100.0
2026-06-01,9105,泰金寶-DR,9.0,9.68,9.0,9.68,192788,16867,0,234,2.25,97.74,100.0
2026-06-01,9110,越南控-DR,3.0,3.04,2.99,3.04,59,0,0,0,0.04,99.95,100.0
2026-06-01,9136,巨騰-DR,11.1,12.2,10.85,12.15,2084,256,0,0,3.17,96.82,100.0
2026-06-01,9802,鈺齊-KY,74.5,77.8,73.7,77.7,1651,484,-110,0,41.9,58.09,100.0
2026-06-01,9902,台火,13.75,13.9,13.75,13.8,226,58,0,0,1.58,98.41,100.0
2026-06-01,9904,寶成,25.5,25.8,25.4,25.8,22820,408,-3527,-18,32.37,67.62,100.0
2026-06-01,9905,大華,20.85,20.9,20.65,20.85,196,-7,0,0,2.22,97.77,100.0
2026-06-01,9906,欣巴巴,34.5,36.15,33.6,35.9,235,46,0,3,1.19,98.8,100.0
2026-06-01,9907,統一實,16.1,16.25,16.05,16.2,4822,-514,-944,0,14.38,85.61,100.0
2026-06-01,9908,大台北,29.2,29.4,29.1,29.3,351,144,0,0,1.5,98.49,100.0
2026-06-01,9910,豐泰,70.0,72.0,69.3,71.9,3159,-107,-5,32,8.29,91.7,100.0
2026-06-01,9911,櫻花,82.0,82.5,81.6,82.0,411,102,0,0,18.34,81.65,100.0
2026-06-01,9912,偉聯,12.15,12.5,12.15,12.45,53,5,0,2,15.9,84.09,100.0
2026-06-01,9914,美利達,67.0,68.0,66.0,68.0,1162,212,0,-9,22.64,77.35,100.0
2026-06-01,9917,中保科,114.0,115.0,113.5,115.0,831,415,-50,2,39.76,60.23,100.0
2026-06-01,9918,欣天然,43.2,44.2,43.05,43.5,110,59,0,0,2.7,97.29,100.0
2026-06-01,9919,康那香,14.1,14.3,14.0,14.15,955,462,0,2,4.68,95.31,100.0
2026-06-01,9921,巨大,69.4,70.5,68.2,69.8,2297,-126,0,7,27.25,72.74,100.0
2026-06-01,9924,福興,42.5,42.8,42.25,42.65,146,13,0,3,10.59,89.4,100.0
2026-06-01,9925,新保,40.5,40.5,40.15,40.25,383,-135,0,-1,17.33,82.66,100.0
2026-06-01,9926,新海,49.3,49.45,49.0,49.0,33,9,0,0,0.68,99.31,100.0
2026-06-01,9927,泰銘,68.0,68.7,67.8,68.3,129,32,0,0,6.57,93.42,100.0
2026-06-01,9928,中視,17.55,17.9,17.5,17.9,130,0,0,0,0.0,0.0,0.0
2026-06-01,9929,秋雨,11.5,11.8,11.45,11.6,14,6,0,0,0.43,99.56,100.0
2026-06-01,9930,中聯資源,69.2,69.2,68.7,69.0,94,37,0,0,1.94,98.05,100.0
2026-06-01,9931,欣高,34.05,34.95,34.05,34.75,48,17,0,0,0.82,99.17,100.0
2026-06-01,9933,中鼎,39.8,40.1,39.35,39.65,3987,890,0,-12,17.19,82.8,100.0
2026-06-01,9934,成霖,9.78,9.97,9.7,9.96,1813,694,0,0,12.97,87.02,100.0
2026-06-01,9935,慶豐富,18.95,19.0,18.6,18.9,556,193,0,0,5.72,94.27,100.0
2026-06-01,9937,全國,55.6,55.7,55.1,55.7,53,43,0,2,1.73,98.26,100.0
2026-06-01,9938,百和,43.3,44.3,43.05,44.05,2880,-14,-13,28,10.59,89.4,100.0
2026-06-01,9939,宏全,124.0,124.5,122.0,124.5,1107,238,105,1,14.2,85.79,100.0
2026-06-01,9940,信義,18.65,19.15,18.55,19.1,949,364,0,8,3.6,96.39,100.0
2026-06-01,9941,裕融,73.1,73.8,72.5,73.6,1983,355,-9,-1,6.58,93.41,100.0
2026-06-01,9942,茂順,119.5,120.5,118.5,120.0,146,59,0,0,4.4,95.59,100.0
2026-06-01,9943,好樂迪,55.7,55.8,55.3,55.6,130,59,0,0,1.24,98.75,100.0
2026-06-01,9944,新麗,16.9,17.0,16.6,16.9,140,0,0,0,1.07,98.92,100.0
2026-06-01,9945,潤泰新,23.3,23.8,23.15,23.7,9485,2392,0,4,8.02,91.97,100.0
2026-06-01,9946,三發地產,16.45,16.55,16.2,16.55,555,277,0,-1,2.39,97.6,100.0
2026-06-01,9949,琉園,23.0,23.25,22.6,23.25,62,2,0,-2,2.5,97.49,100.0
2026-06-01,9950,萬國通,11.0,11.25,10.85,11.0,83,5,0,0,0.05,99.94,100.0
2026-06-01,9951,皇田,52.6,52.6,52.2,52.4,152,49,0,0,4.74,95.25,100.0
2026-06-01,9955,佳龍,28.0,29.1,27.85,28.85,613,234,0,-1,4.92,95.07,100.0
2026-06-01,9957,燁聯,6.29,6.5,6.18,6.36,586,-12,0,0,0.0,0.0,0.0
2026-06-01,9958,世紀鋼,104.0,107.0,104.0,105.0,2195,729,0,-7,12.35,87.64,100.0
2026-06-01,9960,邁達康,30.0,30.7,30.0,30.4,29,18,0,0,9.08,90.91,100.0
2026-06-01,9962,有益,9.69,9.69,9.62,9.66,91,5,0,0,0.32,99.67,100.0
