date,stock_id,stock_name,open,high,low,close,volume,day_trading_volume,foreign_buy,trust_buy,dealer_buy,foreign_hold_ratio,foreign_remain_ratio,foreign_limit_ratio
2026-06-03,0050,元大台灣50,107.3,107.85,107.1,107.6,79592,9837,1761,1602,-8739,3.9,96.09,100.0
2026-06-03,0051,元大中型100,146.8,148.05,146.15,147.75,102,11,0,0,43,0.5,99.49,100.0
2026-06-03,0052,富邦科技,63.55,63.75,63.2,63.6,23456,4112,-401,0,-4663,2.22,97.77,100.0
2026-06-03,0053,元大電子,248.3,249.35,248.0,248.5,22,3,1,0,-6,1.4,98.59,100.0
2026-06-03,0055,元大MSCI金融,36.77,38.63,36.77,38.61,2124,214,-469,0,-162,0.84,99.15,100.0
2026-06-03,0056,元大高股息,53.4,53.8,52.75,53.8,48338,12571,3799,0,1827,1.0,98.99,100.0
2026-06-03,0057,富邦摩台,319.35,320.0,319.0,319.25,7,0,0,0,0,6.88,93.11,100.0
2026-06-03,0061,元大寶滬深,25.28,25.6,25.26,25.43,553,19,-8,0,505,5.12,94.87,100.0
2026-06-03,1101,台泥,24.65,25.2,24.45,24.85,45323,9947,5592,41,211,15.23,84.76,100.0
2026-06-03,1102,亞泥,33.85,34.45,33.5,34.2,16795,6133,-5668,-943,69,13.2,86.79,100.0
2026-06-03,1103,嘉泥,13.3,13.6,13.25,13.55,654,171,98,0,2,4.55,95.44,100.0
2026-06-03,1104,環泥,28.6,28.9,28.35,28.7,1028,194,-268,0,-24,15.24,84.75,100.0
2026-06-03,1108,幸福,13.85,14.0,13.8,14.0,550,49,222,0,0,1.31,98.68,100.0
2026-06-03,1109,信大,14.65,14.9,14.6,14.85,249,3,26,0,1,2.34,97.65,100.0
2026-06-03,1110,東泥,14.6,15.95,14.4,15.95,1377,223,52,0,-2,5.88,94.11,100.0
2026-06-03,1201,味全,12.35,12.55,12.3,12.55,1230,121,141,0,2,5.1,94.89,100.0
2026-06-03,1203,味王,44.05,44.05,44.05,44.05,2,0,-1,0,0,1.73,98.26,100.0
2026-06-03,1210,大成,53.4,54.3,53.0,53.7,11137,1998,-4830,5330,264,10.76,89.23,100.0
2026-06-03,1213,大飲,8.7,8.7,8.63,8.63,2,0,0,0,0,0.01,99.98,100.0
2026-06-03,1215,卜蜂,117.0,117.0,112.5,114.0,6424,1559,1418,-1755,-33,36.17,63.82,100.0
2026-06-03,1216,統一,74.5,74.5,72.9,73.3,15796,2711,-6640,4757,-31,31.56,68.43,100.0
2026-06-03,1217,愛之味,9.88,10.05,9.84,10.0,2979,265,1544,0,1,7.94,92.05,100.0
2026-06-03,1218,泰山,19.4,19.65,19.3,19.6,1631,165,525,0,2,4.15,95.84,100.0
2026-06-03,1219,福壽,12.75,12.95,12.75,12.9,660,67,-9,0,2,5.53,94.46,100.0
2026-06-03,1220,台榮,11.95,11.95,11.75,11.9,147,24,3,0,0,7.08,92.91,100.0
2026-06-03,1225,福懋油,29.4,29.85,29.4,29.65,122,14,28,0,0,1.4,98.59,100.0
2026-06-03,1227,佳格,28.35,28.5,28.1,28.4,5841,547,2707,0,-30,6.15,93.84,100.0
2026-06-03,1229,聯華,43.45,44.9,42.05,43.95,13653,5419,-2473,-12,26,8.79,91.2,100.0
2026-06-03,1231,聯華食,86.3,87.5,85.8,86.7,486,113,-72,0,-2,2.78,97.21,100.0
2026-06-03,1232,大統益,148.0,149.0,147.5,148.0,109,14,17,0,0,2.53,97.46,100.0
2026-06-03,1233,天仁,27.55,27.8,27.5,27.6,58,6,-11,0,0,5.66,94.33,100.0
2026-06-03,1234,黑松,35.0,35.15,34.95,35.0,179,22,-16,0,0,4.73,95.26,100.0
2026-06-03,1235,興泰,40.95,41.4,39.7,40.25,21,10,2,0,1,0.27,99.72,100.0
2026-06-03,1236,宏亞,25.0,25.1,24.95,25.05,50,26,5,0,0,0.49,99.5,100.0
2026-06-03,1240,茂生農經,57.5,57.5,57.1,57.2,12,1,-1,0,0,3.66,96.33,100.0
2026-06-03,1256,鮮活果汁-KY,204.0,208.0,201.5,201.5,218,100,-21,0,0,4.69,95.3,100.0
2026-06-03,1259,安心,56.3,57.9,56.3,57.8,13,3,4,0,0,26.14,73.85,100.0
2026-06-03,1260,富味鄉,23.56,24.2,23.05,24.15,33,0,0,0,0,0.0,0.0,0.0
2026-06-03,1264,德麥,267.5,267.5,265.5,266.5,53,4,-9,0,0,1.64,98.35,100.0
2026-06-03,1268,漢來美食,169.0,170.5,169.0,170.5,36,1,16,0,0,1.66,98.33,100.0
2026-06-03,1269,乾杯,69.45,69.7,66.5,69.7,1,0,0,0,0,0.0,0.0,0.0
2026-06-03,1271,晨暉生技,59.9,60.2,59.3,59.9,159,0,-2,0,0,0.0,0.0,0.0
2026-06-03,1293,利統,26.9,27.7,26.85,27.3,21,0,0,0,0,0.0,0.0,0.0
2026-06-03,1294,漢田生技,79.2,79.4,79.0,79.0,22,1,2,0,0,0.69,99.3,100.0
2026-06-03,1295,生合,48.35,50.4,47.4,50.2,175,49,10,0,0,2.26,97.73,100.0
2026-06-03,1301,台塑,51.4,53.4,50.7,52.0,49981,12877,20228,0,130,30.79,69.2,100.0
2026-06-03,1303,南亞,118.5,118.5,107.0,113.0,77820,41951,-1466,3087,-532,34.49,65.5,100.0
2026-06-03,1304,台聚,13.45,14.35,13.25,14.3,18581,6114,803,0,1274,28.29,71.7,100.0
2026-06-03,1305,華夏,13.3,14.1,13.15,13.9,8020,2801,213,0,190,4.36,95.63,100.0
2026-06-03,1307,三芳,33.2,34.2,32.95,34.0,2710,615,983,-19,13,7.08,92.91,100.0
2026-06-03,1308,亞聚,13.9,14.6,13.85,14.4,6182,1851,95,0,25,4.25,95.74,100.0
2026-06-03,1309,台達化,16.75,18.1,16.55,17.7,14070,4940,767,0,139,2.86,97.13,100.0
2026-06-03,1310,台苯,8.73,9.51,8.73,9.51,11532,2606,2208,0,61,4.74,95.25,100.0
2026-06-03,1312,國喬,14.55,14.55,14.55,14.55,18059,27,-2420,0,-154,3.18,96.81,100.0
2026-06-03,1313,聯成,11.3,12.15,11.1,11.9,19178,6022,-2386,0,63,5.58,94.41,100.0
2026-06-03,1314,中石化,7.62,8.28,7.55,8.08,180153,95549,-4905,0,878,8.67,91.32,100.0
2026-06-03,1315,達新,62.6,62.6,62.1,62.1,26,1,-1,0,0,1.26,98.73,100.0
2026-06-03,1316,上曜,10.25,10.75,10.2,10.65,3830,1298,692,0,0,5.06,94.93,100.0
2026-06-03,1319,東陽,93.4,96.5,91.6,94.3,14980,4918,-3200,3337,287,7.14,92.85,100.0
2026-06-03,1321,大洋,28.45,29.2,28.2,29.2,310,72,56,0,1,6.86,93.13,100.0
2026-06-03,1323,永裕,20.25,20.4,20.05,20.4,86,11,-10,0,0,1.26,98.73,100.0
2026-06-03,1324,地球,10.4,10.9,10.4,10.8,341,48,36,0,0,0.89,99.1,100.0
2026-06-03,1325,恆大,26.35,26.8,26.3,26.6,323,76,92,0,0,1.29,98.7,100.0
2026-06-03,1326,台化,56.5,57.8,53.8,56.5,68914,27914,18523,0,475,37.99,62.0,100.0
2026-06-03,1336,台翰,13.6,14.55,13.6,14.4,330,91,21,0,0,3.37,96.62,100.0
2026-06-03,1337,再生-KY,5.14,5.46,5.12,5.21,1842,426,-363,0,-11,25.94,74.05,100.0
2026-06-03,1338,廣華-KY,16.5,16.75,16.5,16.65,231,35,125,0,-10,6.82,93.17,100.0
2026-06-03,1339,昭輝,44.6,45.0,43.2,43.75,339,57,-20,0,1,0.95,99.04,100.0
2026-06-03,1340,勝悅-KY,5.51,6.03,5.51,6.03,1144,439,131,0,1,26.54,73.45,100.0
2026-06-03,1341,富林-KY,62.7,63.0,62.7,62.8,12,0,2,0,0,79.91,20.08,100.0
2026-06-03,1342,八貫,94.8,95.5,93.7,95.2,368,49,107,0,-1,30.33,69.66,100.0
2026-06-03,1343,旭東環保,19.8,20.0,18.6,19.8,131,0,0,0,0,0.0,0.0,0.0
2026-06-03,1402,遠東新,26.85,27.7,26.45,27.3,96933,38919,8321,2588,543,17.62,82.37,100.0
2026-06-03,1409,新纖,30.3,30.3,30.3,30.3,10278,5,-1477,-4,1070,14.1,85.89,100.0
2026-06-03,1410,南染,25.65,26.9,25.6,26.7,112,85,0,0,0,18.95,81.04,100.0
2026-06-03,1413,宏洲,9.79,9.79,9.47,9.69,69,0,2,0,1,0.42,99.57,100.0
2026-06-03,1414,東和,15.95,16.0,15.65,15.95,364,175,42,0,-5,1.39,98.6,100.0
2026-06-03,1416,廣豐,11.6,11.7,11.55,11.7,749,45,-39,0,0,6.14,93.85,100.0
2026-06-03,1417,嘉裕,8.35,8.55,8.3,8.53,500,141,7,0,-1,1.04,98.95,100.0
2026-06-03,1418,東華,18.65,18.9,18.55,18.65,50,10,4,0,0,0.95,99.04,100.0
2026-06-03,1419,新紡,67.2,68.4,66.1,67.7,282,44,67,0,0,1.16,98.83,100.0
2026-06-03,1423,利華,43.25,44.25,43.25,43.5,189,47,29,0,-7,1.25,98.74,100.0
2026-06-03,1432,大魯閣,17.0,17.2,16.7,17.2,730,86,157,0,-3,0.54,99.45,100.0
2026-06-03,1434,福懋,15.95,16.75,15.95,16.65,7514,1412,2984,0,11,7.39,92.6,100.0
2026-06-03,1436,華友聯,45.15,46.4,44.8,46.3,595,106,24,0,-2,6.47,93.52,100.0
2026-06-03,1437,勤益控,28.7,29.1,28.7,29.0,193,22,-6,0,0,8.41,91.58,100.0
2026-06-03,1438,三地開發,20.0,20.0,19.5,19.6,116,19,24,0,0,0.51,99.48,100.0
2026-06-03,1439,雋揚,25.3,25.55,25.25,25.5,36,10,5,0,0,1.04,98.95,100.0
2026-06-03,1440,南紡,15.0,15.6,14.8,15.6,21199,7259,1584,0,134,7.48,92.51,100.0
2026-06-03,1441,大東,9.6,9.7,9.46,9.61,55,0,-2,0,0,1.39,98.6,100.0
2026-06-03,1442,名軒,27.55,27.7,27.05,27.7,999,140,144,0,26,8.66,91.33,100.0
2026-06-03,1443,立益,26.0,26.0,24.85,25.2,20,3,-4,0,-2,0.31,99.68,100.0
2026-06-03,1443,立益物流,26.0,26.0,24.85,25.2,20,3,-4,0,-2,0.31,99.68,100.0
2026-06-03,1444,力麗,6.8,7.48,6.78,7.48,10898,0,267,0,22,5.3,94.69,100.0
2026-06-03,1445,大宇,11.6,11.7,11.6,11.65,216,1,5,0,0,3.15,96.84,100.0
2026-06-03,1446,宏和,16.2,16.6,16.15,16.5,708,179,104,0,0,6.32,93.67,100.0
2026-06-03,1447,力鵬,6.35,6.97,6.35,6.97,8872,0,174,0,-6,3.26,96.73,100.0
2026-06-03,1449,佳和,13.95,14.05,13.7,13.9,2570,743,341,0,-4,6.2,93.79,100.0
2026-06-03,1451,年興,16.75,16.95,16.7,16.9,430,22,120,0,0,5.44,94.55,100.0
2026-06-03,1452,宏益,10.6,11.0,10.6,10.95,235,15,31,0,1,1.96,98.03,100.0
2026-06-03,1453,大將,11.2,12.0,11.2,11.85,150,27,5,0,-2,0.63,99.36,100.0
2026-06-03,1454,台富,13.4,13.75,13.0,13.0,170,74,-6,0,-3,0.44,99.55,100.0
2026-06-03,1455,集盛,9.3,9.55,9.16,9.4,2740,755,890,0,5,2.62,97.37,100.0
2026-06-03,1456,怡華,12.3,13.8,12.3,13.45,179,72,-14,0,0,0.59,99.4,100.0
2026-06-03,1457,宜進,14.05,14.85,14.0,14.75,611,98,73,0,-11,1.82,98.17,100.0
2026-06-03,1459,聯發,11.7,11.75,11.65,11.7,144,6,17,0,0,1.72,98.27,100.0
2026-06-03,1460,宏遠,7.24,7.48,7.16,7.48,2248,0,499,0,0,2.08,97.91,100.0
2026-06-03,1463,強盛新,17.7,17.85,17.7,17.8,83,1,7,0,2,11.51,88.48,100.0
2026-06-03,1464,得力,10.45,10.8,10.3,10.75,1472,370,-129,0,-3,2.01,97.98,100.0
2026-06-03,1465,偉全,12.45,12.7,12.4,12.55,161,32,0,0,0,0.5,99.49,100.0
2026-06-03,1466,聚隆,14.35,14.7,14.3,14.7,169,66,41,0,-3,0.75,99.24,100.0
2026-06-03,1467,南緯,7.5,7.96,7.42,7.86,1221,261,-82,0,2,19.18,80.81,100.0
2026-06-03,1468,昶和,12.0,12.15,11.8,12.15,55,0,5,0,-3,2.07,97.92,100.0
2026-06-03,1470,大統新創,22.7,22.8,22.45,22.45,17,1,7,0,0,0.3,99.69,100.0
2026-06-03,1471,首利,12.1,12.2,11.6,11.95,1639,0,66,0,-5,1.01,98.98,100.0
2026-06-03,1472,三洋實業,89.0,90.4,87.0,90.0,26,3,1,0,0,0.89,99.1,100.0
2026-06-03,1473,台南,21.25,21.85,21.1,21.7,189,12,86,0,0,5.26,94.73,100.0
2026-06-03,1474,弘裕,10.2,10.35,10.15,10.25,127,2,14,0,0,0.52,99.47,100.0
2026-06-03,1475,業旺,25.0,25.85,24.95,25.75,109,8,38,0,-1,0.48,99.51,100.0
2026-06-03,1476,儒鴻,352.0,361.5,352.0,360.5,1784,361,-613,-6,25,30.99,69.0,100.0
2026-06-03,1477,聚陽,227.0,232.0,224.0,230.5,3502,1165,-143,-3,170,16.26,83.73,100.0
2026-06-03,1480,東盟開發,9.13,9.13,8.95,9.0,13,0,0,0,0,0.0,0.0,0.0
2026-06-03,1503,士電,231.0,244.0,225.5,244.0,14885,3854,45,-11,543,30.68,69.31,100.0
2026-06-03,1504,東元,76.0,83.0,75.5,83.0,95894,45416,1350,-726,2035,9.25,90.74,100.0
2026-06-03,1506,正道,10.1,10.2,10.0,10.1,666,0,13,0,0,0.6,99.39,100.0
2026-06-03,1512,瑞利,6.96,7.2,6.9,7.11,259,0,25,0,0,5.4,94.59,100.0
2026-06-03,1513,中興電,171.0,184.5,169.0,184.5,45937,12928,7023,27,1053,13.17,86.82,100.0
2026-06-03,1514,亞力,126.5,136.0,124.5,136.0,22381,8302,753,-8,542,16.16,83.83,100.0
2026-06-03,1515,力山,22.35,23.0,21.9,23.0,1105,236,-149,0,0,4.02,95.97,100.0
2026-06-03,1516,川飛,20.4,21.65,20.4,21.65,84,0,5,0,-1,5.7,94.29,100.0
2026-06-03,1517,利奇,10.15,10.7,10.15,10.6,575,35,62,0,0,2.55,97.44,100.0
2026-06-03,1519,華城,860.0,935.0,856.0,935.0,9083,2751,1325,0,528,20.34,79.65,100.0
2026-06-03,1521,大億,27.5,28.3,27.5,28.0,189,5,2,0,-2,33.0,66.99,100.0
2026-06-03,1522,堤維西,33.1,33.45,32.8,33.2,1698,455,-167,0,25,2.42,97.57,100.0
2026-06-03,1524,耿鼎,32.8,34.2,32.8,33.75,5344,2265,286,0,-32,1.6,98.39,100.0
2026-06-03,1525,江申,70.3,70.3,67.4,67.4,35,11,-5,0,0,0.3,99.69,100.0
2026-06-03,1526,日馳,15.2,15.5,15.1,15.5,271,43,41,0,0,2.85,97.14,100.0
2026-06-03,1527,鑽全,33.45,33.45,33.0,33.3,403,53,139,0,0,10.25,89.74,100.0
2026-06-03,1528,恩德,32.7,32.7,30.7,30.7,48918,20376,-2474,-2,-69,3.81,96.18,100.0
2026-06-03,1529,樂事綠能,22.55,24.65,22.4,24.65,2873,574,456,0,23,1.79,98.2,100.0
2026-06-03,1530,亞崴,32.5,33.2,32.5,33.0,233,54,22,0,0,0.63,99.36,100.0
2026-06-03,1531,高林股,12.3,12.7,12.3,12.65,216,26,31,0,0,1.58,98.41,100.0
2026-06-03,1532,勤美,21.8,22.3,21.7,22.2,1421,343,-47,0,5,7.08,92.91,100.0
2026-06-03,1533,車王電,38.9,39.2,37.8,38.25,315,79,48,0,7,6.56,93.43,100.0
2026-06-03,1535,中宇,49.8,50.2,49.8,50.1,93,2,54,0,0,1.21,98.78,100.0
2026-06-03,1536,和大,52.7,52.8,51.7,52.0,2388,707,217,0,-3,5.61,94.38,100.0
2026-06-03,1537,廣隆,126.0,126.5,125.5,126.5,110,5,42,0,1,15.73,84.26,100.0
2026-06-03,1538,正峰,10.95,11.8,10.95,11.8,11,0,0,0,0,0.06,99.93,100.0
2026-06-03,1539,巨庭,16.25,16.55,16.2,16.45,190,17,20,0,0,0.89,99.1,100.0
2026-06-03,1540,喬福,23.1,23.1,22.5,22.85,546,140,93,0,0,2.31,97.68,100.0
2026-06-03,1541,錩泰,22.2,22.75,22.2,22.45,33,5,-8,0,-2,9.86,90.13,100.0
2026-06-03,1558,伸興,91.1,91.5,90.8,91.4,73,3,14,0,1,6.62,93.37,100.0
2026-06-03,1560,中砂,707.0,733.0,707.0,727.0,1623,693,475,-23,15,38.11,61.88,100.0
2026-06-03,1563,巧新,69.0,69.8,67.1,67.8,1597,0,322,0,-3,4.41,95.58,100.0
2026-06-03,1565,精華,95.4,95.7,93.7,95.6,322,41,84,0,0,6.21,93.78,100.0
2026-06-03,1568,倉佑,47.95,48.6,46.0,46.3,1363,0,65,0,3,2.3,97.69,100.0
2026-06-03,1569,濱川,55.2,55.4,52.7,54.3,2279,831,141,0,-15,5.83,94.16,100.0
2026-06-03,1570,力肯,55.1,55.6,51.6,51.8,700,111,-202,0,0,2.88,97.11,100.0
2026-06-03,1580,新麥,125.5,126.0,124.0,126.0,111,6,-32,0,0,5.22,94.77,100.0
2026-06-03,1582,信錦,112.5,113.0,110.0,111.5,3218,1131,-286,-2,-45,4.96,95.03,100.0
2026-06-03,1583,程泰,56.4,57.2,54.2,55.5,85,28,-3,0,0,0.38,99.61,100.0
2026-06-03,1584,精剛,19.85,20.65,19.7,20.5,1805,197,826,0,0,5.24,94.75,100.0
2026-06-03,1586,和勤,22.2,22.3,22.0,22.1,345,157,-23,0,0,0.94,99.01,100.0
2026-06-03,1587,吉茂,30.2,30.75,29.9,30.45,658,189,159,0,5,20.15,79.84,100.0
2026-06-03,1590,亞德客-KY,1350.0,1380.0,1325.0,1370.0,1346,346,124,0,11,80.18,19.81,100.0
2026-06-03,1591,駿吉-KY,44.9,44.9,42.0,43.25,115,0,6,0,0,4.76,95.23,100.0
2026-06-03,1593,祺驊,31.3,31.6,31.3,31.5,32,1,0,0,0,6.01,93.98,100.0
2026-06-03,1594,日高,9.33,10.0,9.13,10.0,52,0,1,0,0,0.0,0.0,0.0
2026-06-03,1595,川寶,77.3,79.5,76.5,78.1,1546,518,-212,0,0,4.1,95.89,100.0
2026-06-03,1597,直得,170.5,170.5,163.5,166.5,3737,1799,-108,-1,-34,4.71,95.28,100.0
2026-06-03,1598,岱宇,20.5,21.0,20.3,21.0,517,81,171,0,-1,1.99,98.0,100.0
2026-06-03,1599,宏佳騰,23.95,24.05,23.6,24.05,95,16,21,0,0,7.33,92.66,100.0
2026-06-03,1603,華電,32.35,34.3,32.25,34.2,1859,536,303,0,-6,2.14,97.85,100.0
2026-06-03,1604,聲寶,23.25,23.6,23.1,23.55,839,63,519,0,2,7.51,92.48,100.0
2026-06-03,1605,華新,41.55,43.4,40.7,42.7,148415,73937,11509,36,3180,15.82,84.17,100.0
2026-06-03,1608,華榮,36.8,39.4,36.5,39.4,32966,12109,-612,-32,364,3.94,96.05,100.0
2026-06-03,1609,大亞,38.9,42.15,38.55,42.15,31492,8202,4335,-1,829,12.48,87.51,100.0
2026-06-03,1611,中電,12.5,13.65,12.5,13.65,4720,623,1145,0,24,10.4,89.59,100.0
2026-06-03,1612,宏泰,37.7,39.5,37.7,39.5,5769,1308,1664,-17,255,19.45,80.54,100.0
2026-06-03,1614,三洋電,32.7,33.9,32.7,33.9,126,20,-17,0,-2,2.28,97.71,100.0
2026-06-03,1615,大山,44.5,47.45,44.05,46.6,1102,347,-147,0,0,0.97,99.02,100.0
2026-06-03,1616,億泰,22.2,24.35,22.1,24.35,3587,1130,29,0,79,2.32,97.67,100.0
2026-06-03,1617,榮星,16.55,17.6,16.35,17.1,1040,406,131,0,-21,19.43,80.56,100.0
2026-06-03,1618,合機,42.7,45.55,42.25,45.2,6154,2189,663,0,64,1.62,98.37,100.0
2026-06-03,1623,大東電,234.0,251.0,231.0,245.5,841,0,291,0,-80,0.73,99.26,100.0
2026-06-03,1626,艾美特-KY,10.1,10.15,10.0,10.05,71,4,13,0,-1,43.75,56.24,100.0
2026-06-03,1702,南僑,31.15,31.45,30.95,31.35,502,53,-21,0,0,7.75,92.24,100.0
2026-06-03,1707,葡萄王,101.0,101.5,100.5,101.5,431,31,-115,0,16,14.2,85.79,100.0
2026-06-03,1708,東鹼,39.9,43.35,39.6,43.35,20426,7146,1853,0,210,17.04,82.95,100.0
2026-06-03,1709,和益,19.95,20.45,19.7,20.15,2369,484,770,0,-15,4.12,95.87,100.0
2026-06-03,1710,東聯,15.1,16.0,14.75,16.0,34746,13934,335,0,510,5.06,94.93,100.0
2026-06-03,1711,永光,47.95,48.45,47.0,47.4,8955,2890,1563,0,-16,5.06,94.93,100.0
2026-06-03,1712,興農,39.05,39.8,39.0,39.5,1212,188,-118,0,2,14.14,85.85,100.0
2026-06-03,1713,國化,49.4,49.4,48.75,49.4,152,8,50,0,0,1.35,98.64,100.0
2026-06-03,1714,和桐,10.1,11.0,10.05,11.0,48728,18091,4148,0,579,22.45,77.54,100.0
2026-06-03,1717,長興,79.4,79.7,77.5,78.1,15035,6373,-1303,1,129,11.5,88.49,100.0
2026-06-03,1718,中纖,8.8,8.8,8.8,8.8,18134,44,-557,0,114,5.5,94.49,100.0
2026-06-03,1720,生達,62.0,62.3,61.6,62.1,311,18,-73,0,0,4.98,95.01,100.0
2026-06-03,1721,三晃,26.9,28.2,26.5,27.5,3166,0,330,0,1,1.83,98.16,100.0
2026-06-03,1722,台肥,47.25,48.4,46.9,47.95,6745,762,1708,-2,4,7.78,92.21,100.0
2026-06-03,1723,中碳,83.0,84.9,82.7,84.1,793,125,228,4,-9,8.24,91.75,100.0
2026-06-03,1725,元禎,33.05,34.6,32.65,34.1,473,94,175,0,0,0.41,99.58,100.0
2026-06-03,1726,永記,78.2,78.2,77.7,78.0,29,1,6,0,0,12.88,87.11,100.0
2026-06-03,1727,中華化,97.0,97.0,94.2,94.2,4758,1917,-693,0,-2,3.15,96.84,100.0
2026-06-03,1730,花仙子,52.6,52.7,52.3,52.6,72,3,-7,0,0,6.76,93.23,100.0
2026-06-03,1731,美吾華,21.4,21.6,21.4,21.6,137,3,-12,0,0,1.0,98.99,100.0
2026-06-03,1732,毛寶,26.1,26.5,26.05,26.5,202,28,58,0,0,2.34,97.65,100.0
2026-06-03,1733,五鼎,30.35,30.55,30.2,30.4,405,23,67,0,0,3.39,96.6,100.0
2026-06-03,1734,杏輝,31.3,31.3,30.8,30.9,478,70,-70,0,0,5.0,94.99,100.0
2026-06-03,1735,日勝化,25.15,27.1,25.05,26.5,1115,268,431,-1,-6,51.23,48.76,100.0
2026-06-03,1736,喬山,120.0,120.5,115.5,116.0,958,292,-24,10,11,4.54,95.45,100.0
2026-06-03,1737,臺鹽,31.6,31.75,31.55,31.55,313,12,-24,0,0,8.54,91.45,100.0
2026-06-03,1742,台蠟,15.6,15.6,15.5,15.6,85,0,-1,0,0,0.21,99.78,100.0
2026-06-03,1752,南光,32.5,32.95,32.45,32.85,83,8,16,0,0,1.72,98.27,100.0
2026-06-03,1760,寶齡富錦,60.5,60.8,60.2,60.4,237,34,27,0,0,11.07,88.92,100.0
2026-06-03,1762,中化生,39.0,39.3,38.2,38.55,376,61,85,0,2,2.7,97.29,100.0
2026-06-03,1773,勝一,180.0,182.0,177.0,180.0,532,117,-57,0,9,7.71,92.28,100.0
2026-06-03,1776,展宇,17.6,18.65,17.6,18.2,912,357,132,0,-4,0.96,99.03,100.0
2026-06-03,1777,生泰,71.7,72.1,71.6,71.9,88,2,-2,0,0,0.96,99.03,100.0
2026-06-03,1780,立弘,32.59,33.8,32.8,33.0,203,0,3,0,0,0.0,0.0,0.0
2026-06-03,1781,合世,11.95,11.95,11.4,11.65,240,20,1,0,0,0.62,99.37,100.0
2026-06-03,1783,和康生,38.8,40.45,38.6,39.85,275,66,11,0,1,7.13,92.86,100.0
2026-06-03,1784,訊聯,66.6,67.0,65.5,66.3,179,36,50,0,0,3.79,96.2,100.0
2026-06-03,1785,光洋科,145.0,145.5,140.5,142.0,15482,5609,-1842,0,29,12.48,87.51,100.0
2026-06-03,1786,科妍,54.5,54.5,53.5,54.3,145,37,21,0,0,1.62,98.37,100.0
2026-06-03,1788,杏昌,134.5,135.0,133.0,134.5,100,3,-2,0,0,11.06,88.93,100.0
2026-06-03,1789,神隆,20.1,20.4,19.95,20.25,1143,283,154,0,2,1.68,98.31,100.0
2026-06-03,1795,美時,196.5,197.5,194.5,196.0,936,231,98,-1,-3,52.39,47.6,100.0
2026-06-03,1796,金穎生技,36.4,37.2,36.4,36.6,20,0,3,0,0,0.79,99.2,100.0
2026-06-03,1799,易威,33.1,33.5,32.8,33.15,190,0,35,0,0,11.8,88.19,100.0
2026-06-03,1802,台玻,71.8,72.4,70.4,71.8,59799,35206,-2789,-1,-83,5.39,94.6,100.0
2026-06-03,1805,寶徠,10.05,11.0,10.0,11.0,460,87,32,0,0,0.55,99.44,100.0
2026-06-03,1806,冠軍,8.22,8.37,8.2,8.3,1178,169,114,0,8,9.58,90.41,100.0
2026-06-03,1808,潤隆,29.25,30.85,29.15,30.8,4784,679,1858,0,-22,4.07,95.92,100.0
2026-06-03,1809,中釉,57.8,57.8,49.85,56.2,44368,28436,1863,0,-422,6.39,93.6,100.0
2026-06-03,1810,和成,19.85,20.2,19.4,20.1,3591,835,654,-31,-1,4.12,95.87,100.0
2026-06-03,1813,寶利徠,11.95,12.3,11.9,12.15,149,28,37,0,0,9.45,90.54,100.0
2026-06-03,1815,富喬,110.5,110.5,106.5,106.5,17087,5198,-2554,120,-189,7.72,92.27,100.0
2026-06-03,1817,凱撒衛,39.5,39.65,39.45,39.6,27,1,5,0,0,1.67,98.32,100.0
2026-06-03,1903,士紙,48.8,49.95,48.5,49.6,256,44,57,0,-2,10.83,89.16,100.0
2026-06-03,1904,正隆,20.35,20.5,20.0,20.3,3506,611,997,0,38,9.53,90.46,100.0
2026-06-03,1905,華紙,12.25,12.75,12.15,12.75,8576,2296,-1125,-6,96,2.29,97.7,100.0
2026-06-03,1906,寶隆,10.45,10.95,10.45,10.7,186,52,-26,0,0,0.63,99.36,100.0
2026-06-03,1907,永豐餘,24.5,25.45,24.5,25.05,4037,667,2490,-19,41,12.17,87.82,100.0
2026-06-03,1909,榮成,9.05,9.43,9.05,9.36,5328,1064,1188,0,-14,7.82,92.17,100.0
2026-06-03,2002,中鋼,19.1,19.5,19.05,19.4,111692,26870,17749,73,1351,12.43,87.56,100.0
2026-06-03,2006,東和鋼鐵,66.8,67.1,65.9,66.7,2610,766,565,-91,9,18.82,81.17,100.0
2026-06-03,2007,燁興,7.52,8.15,7.51,7.99,1798,0,587,0,-23,0.77,99.22,100.0
2026-06-03,2008,高興昌,29.5,30.0,29.5,30.0,36,1,11,0,0,7.71,92.28,100.0
2026-06-03,2009,第一銅,41.9,45.2,41.2,45.2,15999,6332,750,0,274,3.14,96.85,100.0
2026-06-03,2010,春源,23.7,24.15,23.55,24.05,2086,210,1080,0,17,8.8,91.19,100.0
2026-06-03,2012,春雨,14.9,14.9,14.5,14.65,131,9,25,0,-7,1.41,98.58,100.0
2026-06-03,2013,中鋼構,42.6,43.25,42.25,43.2,300,32,83,0,0,7.09,92.9,100.0
2026-06-03,2014,中鴻,18.4,19.2,18.1,18.8,18215,4698,6514,0,251,5.94,94.05,100.0
2026-06-03,2015,豐興,63.3,63.3,62.3,62.7,556,87,161,-34,0,12.34,87.65,100.0
2026-06-03,2017,官田鋼,9.05,9.72,9.02,9.68,2744,359,1005,0,-16,2.13,97.86,100.0
2026-06-03,2020,美亞,21.2,21.9,21.1,21.75,958,77,432,0,1,1.77,98.22,100.0
2026-06-03,2022,聚亨,7.78,8.19,7.76,8.08,2836,431,1263,0,-32,2.46,97.53,100.0
2026-06-03,2023,燁輝,13.85,14.15,13.7,14.1,3605,367,1725,0,47,3.9,96.09,100.0
2026-06-03,2024,志聯,14.4,14.5,14.4,14.45,18,0,4,0,0,0.47,99.52,100.0
2026-06-03,2025,千興,12.1,12.6,12.0,12.25,601,0,60,0,1,0.81,99.18,100.0
2026-06-03,2027,大成鋼,43.35,44.35,42.2,43.85,35447,10643,13673,-8447,510,19.27,80.72,100.0
2026-06-03,2028,威致,16.95,17.45,16.8,17.35,378,68,108,0,-9,0.86,99.13,100.0
2026-06-03,2029,盛餘,20.6,20.9,20.5,20.8,367,28,110,0,1,66.73,33.26,100.0
2026-06-03,2030,彰源,18.4,19.0,18.2,18.85,3473,750,941,0,-17,4.06,95.93,100.0
2026-06-03,2031,新光鋼,39.85,42.35,39.5,42.1,4234,434,1773,-15,1,8.2,91.79,100.0
2026-06-03,2032,新鋼,18.0,18.85,17.95,18.65,2263,755,512,0,-8,3.78,96.21,100.0
2026-06-03,2033,佳大,15.25,16.0,15.2,16.0,245,69,51,0,0,0.92,99.07,100.0
2026-06-03,2034,允強,20.1,20.65,20.0,20.5,3257,408,1687,0,-9,3.82,96.17,100.0
2026-06-03,2035,唐榮,27.65,27.75,27.65,27.65,19,0,0,0,0,0.0,99.99,100.0
2026-06-03,2038,海光,14.0,14.85,13.95,14.6,2071,388,889,0,-21,1.93,98.06,100.0
2026-06-03,2049,上銀,372.5,373.5,362.5,369.0,5201,2382,403,-48,-32,35.71,64.28,100.0
2026-06-03,2059,川湖,5200.0,5375.0,5045.0,5350.0,510,201,21,58,18,24.43,75.56,100.0
2026-06-03,2061,風青,41.5,41.55,40.25,41.55,737,0,10,0,-3,4.96,95.03,100.0
2026-06-03,2062,橋椿,19.35,19.5,19.15,19.25,551,120,95,0,-22,7.33,92.66,100.0
2026-06-03,2063,世鎧,25.5,25.5,25.2,25.45,18,2,-2,0,0,1.0,98.99,100.0
2026-06-03,2064,晉椿,15.05,15.05,14.5,14.9,40,4,1,0,0,0.1,99.89,100.0
2026-06-03,2065,世豐,35.3,35.3,34.2,34.75,114,11,-41,0,0,0.67,99.32,100.0
2026-06-03,2066,世德,60.0,61.0,58.7,59.8,167,47,-27,0,0,9.44,90.55,100.0
2026-06-03,2067,嘉鋼,6.5,6.5,6.45,6.46,61,0,0,0,0,11.28,88.71,100.0
2026-06-03,2069,運錩,19.55,19.9,19.55,19.85,582,50,290,0,-1,2.69,97.3,100.0
2026-06-03,2070,精湛,67.6,68.7,66.6,67.0,1389,391,64,0,0,1.64,98.35,100.0
2026-06-03,2071,震南鐵,20.9,21.0,20.7,20.8,23,0,-7,0,0,0.0,0.0,0.0
2026-06-03,2072,世紀風電,175.0,182.5,171.5,181.0,888,0,339,0,0,2.04,97.95,100.0
2026-06-03,2073,雄順,0.0,0.0,0.0,0.0,0,0,0,0,0,0.04,99.96,100.0
2026-06-03,2101,南港,32.2,32.85,31.95,32.85,3397,581,1108,0,-19,5.61,94.38,100.0
2026-06-03,2102,泰豐,17.8,18.85,17.8,18.55,663,135,121,0,-12,2.9,97.09,100.0
2026-06-03,2103,台橡,20.35,21.8,20.2,21.7,11281,2636,3430,-2,1047,21.68,78.31,100.0
2026-06-03,2104,國際中橡,11.0,11.5,10.9,11.25,7897,2214,1557,0,3,5.62,94.37,100.0
2026-06-03,2105,正新,34.5,35.15,33.6,34.55,41550,10289,-20965,15361,726,9.87,90.12,100.0
2026-06-03,2106,建大,18.1,18.45,18.05,18.25,2741,523,916,0,45,8.47,91.52,100.0
2026-06-03,2107,厚生,25.7,25.95,25.6,25.9,339,27,54,0,0,6.07,93.92,100.0
2026-06-03,2108,南帝,28.1,29.7,28.0,28.9,5015,1306,1544,0,2,5.4,94.59,100.0
2026-06-03,2109,華豐,14.35,14.5,14.25,14.45,411,31,16,0,0,15.15,84.84,100.0
2026-06-03,2114,鑫永銓,93.0,93.0,91.5,92.1,97,5,-39,0,0,3.98,96.01,100.0
2026-06-03,2115,六暉-KY,21.65,21.9,21.6,21.85,165,4,29,0,0,44.2,55.79,100.0
2026-06-03,2201,裕隆,28.45,29.55,28.3,29.15,8504,2361,62,-19,18,4.4,95.59,100.0
2026-06-03,2204,中華,54.0,55.1,53.7,54.9,2890,356,806,-118,22,17.95,82.04,100.0
2026-06-03,2206,三陽工業,62.0,62.2,61.9,62.2,1222,117,709,-66,46,5.85,94.14,100.0
2026-06-03,2207,和泰車,479.5,487.5,471.5,485.0,976,272,-147,-5,15,21.27,78.72,100.0
2026-06-03,2208,台船,18.0,18.3,17.85,18.2,6351,0,254,-4,-7,8.0,91.99,100.0
2026-06-03,2211,長榮鋼,93.7,95.0,92.7,95.0,1616,415,411,-163,10,3.86,96.13,100.0
2026-06-03,2221,大甲,42.35,43.8,42.35,42.35,328,113,37,0,3,1.8,98.19,100.0
2026-06-03,2227,裕日車,49.55,50.9,49.55,50.3,28,0,1,0,0,40.38,59.61,100.0
2026-06-03,2228,劍麟,87.1,87.2,85.8,86.3,389,71,117,0,0,3.28,96.71,100.0
2026-06-03,2230,泰茂,28.35,28.85,28.25,28.5,245,61,74,0,2,2.63,97.36,100.0
2026-06-03,2231,為升,106.0,106.0,103.5,105.0,455,171,79,0,-1,4.79,95.2,100.0
2026-06-03,2233,宇隆,339.5,339.5,314.0,316.0,2004,601,337,0,-54,6.7,93.29,100.0
2026-06-03,2235,謚源,30.2,30.5,30.1,30.5,45,2,0,0,0,0.03,99.96,100.0
2026-06-03,2236,百達-KY,140.0,140.0,136.5,138.5,261,61,-91,0,0,52.22,47.77,100.0
2026-06-03,2237,華德動能,37.98,38.75,37.65,38.4,163,0,-4,0,0,0.0,0.0,0.0
2026-06-03,2239,英利-KY,25.4,25.4,24.85,24.95,96,9,-10,0,0,75.39,24.6,100.0
2026-06-03,2241,艾姆勒,32.4,32.4,31.3,31.9,2650,612,619,0,0,8.15,91.84,100.0
2026-06-03,2243,宏旭-KY,27.95,28.1,26.35,27.0,1123,302,-91,0,-3,28.47,71.52,100.0
2026-06-03,2245,詠勝昌*,27.56,27.9,26.0,27.65,56,0,0,0,0,0.0,0.0,0.0
2026-06-03,2247,汎德永業,220.0,224.5,218.0,224.5,150,50,20,0,0,3.84,96.15,100.0
2026-06-03,2248,華勝-KY,55.9,57.2,55.9,56.8,135,8,7,0,0,50.24,49.75,100.0
2026-06-03,2249,湧盛,123.25,125.5,122.0,124.0,24,0,0,0,0,0.0,0.0,0.0
2026-06-03,2250,IKKA-KY,67.5,67.5,64.2,65.2,227,60,41,0,0,7.03,92.95,100.0
2026-06-03,2252,為昇科,16.98,17.4,16.6,16.65,163,0,0,0,0,0.0,0.0,0.0
2026-06-03,2254,巨鎧精密-創,66.2,66.2,65.3,66.1,5,0,0,0,3,23.84,76.15,100.0
2026-06-03,2255,凱銳光電,18.85,19.3,18.8,18.8,5,0,0,0,0,0.0,0.0,0.0
2026-06-03,2256,歐特明,80.51,81.0,74.8,78.5,459,0,18,0,0,0.0,0.0,0.0
2026-06-03,2258,鴻華先進-創,32.55,34.0,32.05,32.05,1572,437,-399,0,37,0.34,99.65,100.0
2026-06-03,2301,光寶科,234.0,250.0,233.0,250.0,48471,17828,8658,-2022,689,40.65,59.34,100.0
2026-06-03,2302,麗正,37.5,37.5,35.5,35.5,2399,0,93,0,20,2.37,97.62,100.0
2026-06-03,2303,聯電,141.5,141.5,130.5,130.5,379788,95324,74044,-140693,2382,37.77,62.22,100.0
2026-06-03,2305,全友,23.5,23.85,22.75,23.55,5093,2490,108,-1,53,6.34,93.65,100.0
2026-06-03,2308,台達電,2420.0,2460.0,2410.0,2455.0,10882,3621,2633,41,29,64.41,35.58,100.0
2026-06-03,2312,金寶,41.7,44.4,40.7,43.4,167087,101500,4087,2,1628,10.98,89.01,100.0
2026-06-03,2313,華通,275.5,278.0,266.0,266.5,35476,9140,-12351,-785,-384,22.7,77.29,100.0
2026-06-03,2314,台揚,16.45,16.6,16.45,16.6,528,0,-1,0,0,1.59,98.4,100.0
2026-06-03,2316,楠梓電,160.0,167.5,159.5,166.5,4809,2227,-362,0,57,33.51,66.48,100.0
2026-06-03,2317,鴻海,306.0,314.0,299.0,309.0,149620,61589,28019,2775,997,41.79,58.2,100.0
2026-06-03,2321,東訊,14.9,15.0,14.05,14.1,9,0,0,0,0,0.01,99.98,100.0
2026-06-03,2323,中環,12.05,12.75,11.45,12.75,72297,24794,-7659,0,2124,10.22,89.77,100.0
2026-06-03,2324,仁寶,45.0,47.75,43.3,47.05,400804,199775,-10610,60,-2324,40.53,59.46,100.0
2026-06-03,2327,國巨*,810.0,844.0,810.0,820.0,16771,0,-5655,-326,332,51.21,48.78,100.0
2026-06-03,2328,廣宇,61.7,62.4,59.8,60.5,29160,12420,2671,6,342,9.43,90.56,100.0
2026-06-03,2329,華泰,59.4,60.8,58.7,58.8,9780,4558,226,0,336,10.81,89.18,100.0
2026-06-03,2330,台積電,2425.0,2440.0,2410.0,2425.0,29219,5355,-103,647,226,70.37,29.62,100.0
2026-06-03,2331,精英,25.3,25.3,24.05,24.6,12147,3917,120,-26,0,5.9,94.09,100.0
2026-06-03,2332,友訊,17.6,17.6,16.75,16.85,13710,3152,4678,0,21,12.26,87.73,100.0
2026-06-03,2337,旺宏,177.5,177.5,162.0,162.0,58191,0,-6930,-6,-2226,30.91,69.08,100.0
2026-06-03,2338,光罩,54.5,54.5,52.6,53.0,6829,2208,-2011,0,-23,5.81,94.18,100.0
2026-06-03,2340,台亞,35.9,38.2,35.8,37.1,7717,3019,1179,0,93,9.13,90.86,100.0
2026-06-03,2342,茂矽,40.7,44.65,40.5,44.65,15954,6042,3844,0,58,8.22,91.77,100.0
2026-06-03,2344,華邦電,188.0,193.0,177.0,177.5,332157,175972,-49530,1842,-4402,23.81,76.18,100.0
2026-06-03,2345,智邦,2470.0,2645.0,2470.0,2585.0,4091,1316,652,-28,18,58.4,41.59,100.0
2026-06-03,2347,聯強,92.1,93.9,90.0,91.1,17900,5246,-9826,8367,32,32.25,67.74,100.0
2026-06-03,2348,海悅,70.5,76.6,69.7,74.8,923,236,-3,0,15,0.94,99.05,100.0
2026-06-03,2349,錸德,14.95,16.15,14.5,16.15,36103,0,5607,0,146,14.94,85.05,100.0
2026-06-03,2351,順德,206.0,210.5,202.5,207.5,8945,2768,-2632,310,121,14.43,85.56,100.0
2026-06-03,2352,佳世達,33.75,34.65,33.7,34.65,12684,1096,244,-12,304,10.43,89.56,100.0
2026-06-03,2353,宏碁,44.0,44.2,41.8,43.4,302713,148950,-6878,776,-162,12.18,87.81,100.0
2026-06-03,2354,鴻準,65.0,66.4,63.2,65.1,37299,13975,7737,0,534,11.4,88.59,100.0
2026-06-03,2355,敬鵬,60.4,61.2,59.3,59.3,12154,4272,-2546,-4,12,14.63,85.36,100.0
2026-06-03,2356,英業達,82.5,88.6,81.0,85.4,198106,119192,7652,15597,523,17.63,82.36,100.0
2026-06-03,2357,華碩,954.0,964.0,899.0,931.0,13575,5392,1219,1987,95,34.54,65.45,100.0
2026-06-03,2359,所羅門,144.5,145.5,140.5,141.0,3353,1090,-227,0,-53,3.41,96.58,100.0
2026-06-03,2360,致茂,2470.0,2555.0,2450.0,2545.0,1597,480,520,-130,-1,58.24,41.75,100.0
2026-06-03,2362,藍天,52.1,52.1,50.0,50.4,10068,4149,-889,-1,-30,10.21,89.78,100.0
2026-06-03,2363,矽統,67.5,68.3,65.4,65.4,11617,5260,-988,0,-176,8.41,91.58,100.0
2026-06-03,2364,倫飛,73.2,77.9,72.3,77.9,1793,390,-29,0,38,15.6,84.39,100.0
2026-06-03,2365,昆盈,37.4,37.6,36.5,37.15,4474,1898,-74,0,2,3.47,96.52,100.0
2026-06-03,2367,燿華,66.3,67.1,65.1,65.2,19666,8698,-2459,0,19,6.13,93.86,100.0
2026-06-03,2368,金像電,1360.0,1400.0,1350.0,1385.0,7490,3034,2421,-289,30,26.76,73.23,100.0
2026-06-03,2369,菱生,36.65,37.1,34.85,35.5,21429,9294,-3409,0,-358,18.99,81.0,100.0
2026-06-03,2371,大同,30.0,32.1,29.95,31.65,67765,29130,190,23,887,7.6,92.39,100.0
2026-06-03,2373,震旦行,58.4,58.7,58.0,58.7,93,1,33,0,0,0.87,99.12,100.0
2026-06-03,2374,佳能,82.5,82.9,81.5,81.6,7506,2020,-1055,0,-181,5.81,94.18,100.0
2026-06-03,2375,凱美,161.5,162.5,155.0,155.5,3008,0,76,0,20,13.05,86.94,100.0
2026-06-03,2376,技嘉,392.0,402.0,377.0,399.0,23444,11170,-1412,921,-192,23.08,76.91,100.0
2026-06-03,2377,微星,151.5,152.0,146.0,146.5,46778,21366,-1882,274,-673,13.03,86.96,100.0
2026-06-03,2379,瑞昱,685.0,689.0,642.0,646.0,9907,3447,-2923,3322,-110,50.88,49.11,100.0
2026-06-03,2380,虹光,5.74,5.76,5.74,5.76,458,0,2,0,0,0.27,99.72,100.0
2026-06-03,2382,廣達,408.5,438.0,393.0,417.0,111020,44725,-24200,33418,-900,23.08,76.91,100.0
2026-06-03,2383,台光電,4910.0,5010.0,4820.0,4830.0,2199,889,201,-76,8,43.51,56.48,100.0
2026-06-03,2385,群光,144.5,149.5,142.0,145.5,5761,1467,141,281,3,18.89,81.1,100.0
2026-06-03,2387,精元,43.5,43.9,42.75,43.5,1727,337,673,0,11,10.4,89.59,100.0
2026-06-03,2388,威盛,77.2,77.6,73.1,73.4,9173,3038,-2246,-8,-450,13.07,86.92,100.0
2026-06-03,2390,云辰,12.0,12.85,11.75,12.85,6834,2374,80,0,10,3.52,96.47,100.0
2026-06-03,2392,正崴,42.3,44.25,42.15,44.15,7219,2029,1914,0,257,7.34,92.65,100.0
2026-06-03,2393,億光,64.9,66.4,64.3,65.6,4032,641,792,-24,115,29.09,70.9,100.0
2026-06-03,2395,研華,519.0,520.0,500.0,513.0,4019,1270,-141,79,3,35.33,64.66,100.0
2026-06-03,2397,友通,65.5,69.7,65.3,67.1,1950,749,178,0,1,12.74,87.25,100.0
2026-06-03,2399,映泰,51.8,54.6,50.7,50.7,16893,8499,633,-2,-14,9.12,90.87,100.0
2026-06-03,2401,凌陽,29.8,29.8,29.0,29.35,6818,2501,-27,0,-7,13.6,86.39,100.0
2026-06-03,2402,毅嘉,69.1,72.5,69.1,69.7,18391,7452,3490,0,421,7.25,92.12,100.0
2026-06-03,2404,漢唐,1155.0,1180.0,1130.0,1155.0,5099,1705,844,-2149,16,33.21,66.78,100.0
2026-06-03,2405,輔信,20.8,21.8,19.75,21.7,40433,19112,-3031,0,-31,4.52,95.47,100.0
2026-06-03,2406,國碩,36.0,38.7,35.4,38.0,28940,9154,10781,0,43,21.89,78.1,100.0
2026-06-03,2408,南亞科,430.0,430.5,400.0,401.5,151116,77078,-14402,964,-847,15.11,84.88,100.0
2026-06-03,2409,友達,27.5,28.75,26.7,28.75,706729,393764,-31128,-6,1166,12.74,87.25,100.0
2026-06-03,2412,中華電,142.0,143.0,141.0,141.0,13985,4137,-4190,4132,212,16.98,32.01,49.0
2026-06-03,2413,環科,55.3,56.7,54.5,55.1,13828,6436,-632,0,-1,3.63,96.36,100.0
2026-06-03,2414,精技,52.3,52.4,51.8,52.2,323,43,55,0,1,5.55,94.44,100.0
2026-06-03,2415,錩新,27.7,28.2,27.7,27.95,202,19,-27,0,0,21.08,78.91,100.0
2026-06-03,2417,圓剛,52.6,52.6,50.7,50.8,3335,637,-873,0,12,3.17,96.82,100.0
2026-06-03,2419,仲琦,33.6,33.6,32.4,32.55,2897,935,203,-2,2,1.87,98.12,100.0
2026-06-03,2420,新巨,64.0,65.0,63.8,64.4,624,116,20,0,-1,7.97,92.02,100.0
2026-06-03,2421,建準,165.5,168.5,163.0,167.5,6668,1808,1961,-10,45,30.42,69.57,100.0
2026-06-03,2423,固緯,82.7,82.7,80.5,80.6,174,36,-21,0,2,4.97,95.02,100.0
2026-06-03,2424,隴華,12.75,13.1,12.65,13.1,76,0,17,0,0,0.5,48.49,49.0
2026-06-03,2425,承啟,36.8,37.0,35.9,36.45,928,270,209,0,3,10.56,89.43,100.0
2026-06-03,2426,鼎元,73.2,78.6,73.2,74.3,22782,12850,-484,0,16,6.03,93.96,100.0
2026-06-03,2427,三商電,24.7,24.7,23.55,23.7,5302,1533,-954,0,21,3.12,96.87,100.0
2026-06-03,2428,興勤,280.0,280.0,267.0,271.0,1678,637,-321,0,-18,19.2,80.79,100.0
2026-06-03,2429,銘旺科,45.4,45.4,44.25,44.85,569,0,-92,0,0,0.74,99.25,100.0
2026-06-03,2430,燦坤,18.6,20.4,18.6,19.75,842,269,-66,0,0,2.84,97.15,100.0
2026-06-03,2431,聯昌,10.95,11.75,10.8,11.55,1879,0,133,0,-4,2.12,97.87,100.0
2026-06-03,2432,倚天,27.85,28.3,27.75,27.75,87,5,-15,0,2,0.69,99.3,100.0
2026-06-03,2432,倚天酷碁-創,27.85,28.3,27.75,27.75,87,5,-15,0,2,0.69,99.3,100.0
2026-06-03,2433,互盛電,44.0,44.55,43.85,44.5,60,6,12,0,1,0.94,99.05,100.0
2026-06-03,2434,統懋,37.0,39.45,36.85,36.95,432,223,-33,0,0,1.0,98.99,100.0
2026-06-03,2436,偉詮電,74.4,75.2,73.2,73.5,4130,1133,-1035,0,-49,10.66,89.33,100.0
2026-06-03,2438,翔耀,26.8,27.1,25.8,26.5,411,0,45,0,0,1.13,98.86,100.0
2026-06-03,2439,美律,94.1,95.4,93.2,94.0,3561,908,26,-8,70,13.03,86.96,100.0
2026-06-03,2440,太空梭,18.3,18.9,18.0,18.65,1610,424,472,0,-7,2.88,97.11,100.0
2026-06-03,2441,超豐,135.5,140.0,134.0,137.0,8526,3613,-540,-80,69,10.15,89.84,100.0
2026-06-03,2442,新美齊,18.9,19.5,18.75,19.4,3488,662,237,0,-2,2.0,97.99,100.0
2026-06-03,2444,兆勁,13.3,13.75,12.85,13.45,1842,0,566,0,1,3.79,96.2,100.0
2026-06-03,2449,京元電子,309.5,328.0,309.0,322.5,46358,15616,20207,-965,268,31.05,68.94,100.0
2026-06-03,2450,神腦,30.9,32.0,30.9,31.45,936,184,51,0,-1,1.29,98.7,100.0
2026-06-03,2451,創見,369.0,369.0,348.0,358.0,9314,3771,1999,-2381,-57,12.7,87.29,100.0
2026-06-03,2453,凌群,62.0,62.3,61.1,61.6,1118,252,219,0,1,5.04,94.95,100.0
2026-06-03,2454,聯發科,4540.0,4650.0,4420.0,4545.0,10480,3519,707,-908,63,56.27,43.72,100.0
2026-06-03,2455,全新,413.5,422.0,413.5,414.0,1545,0,431,17,-44,26.78,73.21,100.0
2026-06-03,2457,飛宏,26.8,29.15,26.6,29.15,8259,1838,1373,0,436,7.08,92.91,100.0
2026-06-03,2458,義隆,169.5,169.5,163.5,165.0,2727,956,-233,85,6,23.83,76.16,100.0
2026-06-03,2459,敦吉,71.4,72.0,70.3,70.7,414,75,-79,0,-4,16.59,83.4,100.0
2026-06-03,2460,建通,35.7,35.95,33.8,34.6,1937,0,-366,0,2,0.78,99.21,100.0
2026-06-03,2461,光群雷,18.3,18.3,17.6,17.75,2469,551,394,0,-1,6.22,93.77,100.0
2026-06-03,2462,良得電,24.1,24.95,23.75,24.05,1583,500,176,0,0,1.49,98.5,100.0
2026-06-03,2464,盟立,190.0,191.0,174.5,175.5,16188,6407,-266,0,-113,11.27,88.72,100.0
2026-06-03,2465,麗臺,90.3,90.3,82.5,82.8,3561,713,-1682,0,7,4.27,95.72,100.0
2026-06-03,2466,冠西電,46.0,47.95,45.7,47.05,419,124,89,0,1,10.53,89.46,100.0
2026-06-03,2467,志聖,600.0,626.0,599.0,615.0,2340,884,229,-2,-100,19.84,80.15,100.0
2026-06-03,2468,華經,42.0,43.95,40.15,40.7,4614,2007,-662,0,0,0.93,99.06,100.0
2026-06-03,2471,資通,54.2,54.3,53.4,54.2,475,79,-19,0,-1,5.63,94.36,100.0
2026-06-03,2472,立隆電,367.0,382.5,356.0,359.0,2869,0,184,66,-17,10.6,89.39,100.0
2026-06-03,2474,可成,241.0,266.0,233.0,257.0,45226,23527,-3754,784,182,20.42,79.57,100.0
2026-06-03,2476,鉅祥,121.0,125.0,118.5,123.0,4597,1887,-213,0,57,9.97,90.02,100.0
2026-06-03,2477,美隆電,22.35,23.9,22.35,23.65,744,101,197,0,0,23.74,76.25,100.0
2026-06-03,2478,大毅,142.0,143.0,136.5,137.0,1292,0,-25,0,-3,15.95,84.04,100.0
2026-06-03,2480,敦陽科,159.5,161.5,158.0,160.5,576,74,176,-4,5,9.99,90.0,100.0
2026-06-03,2481,強茂,153.0,160.5,153.0,159.0,33857,13284,10307,5126,58,21.21,78.78,100.0
2026-06-03,2482,連宇,17.1,17.75,16.9,17.35,479,115,50,0,0,1.67,98.32,100.0
2026-06-03,2483,百容,25.85,26.25,25.45,25.5,575,153,188,0,0,2.86,97.13,100.0
2026-06-03,2484,希華,54.3,57.0,53.4,54.5,35454,17350,-3218,0,40,5.55,94.44,100.0
2026-06-03,2485,兆赫,70.4,71.0,69.1,69.2,12006,5265,-395,-4,-77,1.92,98.07,100.0
2026-06-03,2486,一詮,260.0,278.5,260.0,278.5,11997,4404,1899,0,-243,13.98,86.01,100.0
2026-06-03,2488,漢平,53.8,54.5,53.8,54.2,90,15,10,0,1,6.97,93.02,100.0
2026-06-03,2489,瑞軒,48.5,52.5,48.5,50.1,76506,45166,-4041,0,419,5.88,94.11,100.0
2026-06-03,2491,吉祥全,30.95,30.95,30.95,30.95,652,0,-8,0,362,6.84,93.15,100.0
2026-06-03,2492,華新科,446.0,450.5,422.0,423.0,3424,0,-638,5,148,25.69,74.3,100.0
2026-06-03,2493,揚博,150.0,161.5,149.5,161.5,6004,1612,694,0,179,3.11,96.88,100.0
2026-06-03,2495,普安,53.0,53.8,51.4,52.8,25449,12910,-4319,1,56,9.46,90.53,100.0
2026-06-03,2496,卓越,64.9,65.0,64.5,65.0,32,1,4,0,0,23.28,76.71,100.0
2026-06-03,2497,怡利電,62.6,63.7,60.6,61.0,1386,531,-14,-2,5,3.29,96.7,100.0
2026-06-03,2498,宏達電,51.5,52.4,48.7,49.95,39697,21056,-5411,0,523,9.15,90.84,100.0
2026-06-03,2501,國建,22.85,23.25,22.65,23.15,3384,331,1953,0,5,11.3,88.69,100.0
2026-06-03,2504,國產,35.5,36.05,35.35,35.9,4775,1068,1146,-248,60,7.05,92.94,100.0
2026-06-03,2505,國揚,17.7,17.85,17.5,17.8,401,23,88,0,2,3.57,96.42,100.0
2026-06-03,2506,太設,8.73,8.93,8.73,8.92,212,8,49,0,0,4.85,95.14,100.0
2026-06-03,2509,全坤建,12.35,12.55,12.1,12.5,381,49,146,0,1,1.43,98.56,100.0
2026-06-03,2511,太子,7.91,8.06,7.88,8.01,3626,390,784,0,9,2.41,97.58,100.0
2026-06-03,2514,龍邦,13.45,13.9,13.4,13.8,314,50,-43,0,-6,2.27,97.72,100.0
2026-06-03,2515,中工,12.8,13.4,12.75,13.3,13869,3928,2578,0,-1,7.29,92.7,100.0
2026-06-03,2516,新建,12.4,12.4,12.2,12.3,289,0,71,0,1,2.43,97.56,100.0
2026-06-03,2520,冠德,31.2,31.85,31.0,31.6,1925,297,617,0,-10,12.3,87.69,100.0
2026-06-03,2524,京城,34.45,36.35,34.45,35.75,314,52,120,0,-3,0.8,99.19,100.0
2026-06-03,2527,宏璟,37.2,37.4,36.85,37.25,621,44,324,0,10,42.48,57.51,100.0
2026-06-03,2528,皇普,20.35,21.15,20.0,21.0,910,145,138,0,-2,1.09,98.9,100.0
2026-06-03,2530,華建,18.85,19.3,18.65,19.3,893,177,294,-26,-99,2.98,97.01,100.0
2026-06-03,2534,宏盛,17.15,17.8,17.05,17.8,1254,83,344,0,0,6.12,93.87,100.0
2026-06-03,2535,達欣工,81.3,82.5,80.7,80.8,286,72,-26,0,-9,6.59,93.4,100.0
2026-06-03,2536,宏普,19.7,20.2,19.7,20.2,456,45,50,0,-1,8.92,91.07,100.0
2026-06-03,2537,聯上發,9.98,10.1,9.94,10.05,1018,189,417,0,0,2.22,97.77,100.0
2026-06-03,2538,基泰,9.55,10.15,9.55,10.1,1311,250,103,0,-3,9.92,90.07,100.0
2026-06-03,2539,櫻花建,36.0,36.5,35.65,36.5,1112,173,-109,10,27,1.79,98.2,100.0
2026-06-03,2540,愛山林,52.9,54.5,52.7,53.2,553,126,36,0,17,1.49,98.5,100.0
2026-06-03,2542,興富發,42.8,43.2,42.35,43.0,19886,3719,-8583,10161,60,10.16,89.83,100.0
2026-06-03,2543,皇昌,45.95,46.0,45.05,45.8,1353,272,39,0,15,1.12,98.87,100.0
2026-06-03,2545,皇翔,37.5,38.25,37.2,38.2,490,78,185,0,-2,2.76,97.23,100.0
2026-06-03,2546,根基,86.9,87.0,85.7,86.6,174,31,61,0,0,3.48,96.51,100.0
2026-06-03,2547,日勝生,10.35,10.4,10.15,10.3,5049,922,-66,0,-22,12.85,87.14,100.0
2026-06-03,2548,華固,104.5,105.0,100.5,101.0,7325,1150,-729,-512,115,15.6,84.39,100.0
2026-06-03,2596,綠意,29.05,29.45,28.35,29.25,115,70,-24,0,0,0.67,99.32,100.0
2026-06-03,2597,潤弘,175.0,181.5,174.0,176.0,3640,1370,-1042,1850,24,2.76,97.23,100.0
2026-06-03,2601,益航,6.89,6.89,6.36,6.4,17416,0,-3288,0,-15,12.74,37.24,49.99
2026-06-03,2603,長榮,233.0,242.5,228.5,237.0,38862,11133,-6268,12281,518,19.95,30.03,49.99
2026-06-03,2605,新興,33.4,33.65,32.5,33.1,9066,3683,-2425,0,233,49.51,0.47,49.99
2026-06-03,2606,裕民,72.5,73.0,70.7,71.1,6649,2112,2213,-849,32,15.31,34.67,49.99
2026-06-03,2607,榮運,48.85,49.95,48.65,49.5,965,216,-304,0,41,8.47,41.51,49.99
2026-06-03,2608,嘉里大榮,29.95,30.05,29.75,29.95,540,31,-83,0,8,3.16,96.83,100.0
2026-06-03,2609,陽明,53.9,55.3,52.9,53.7,61465,17228,27805,-29387,249,16.59,33.39,49.99
2026-06-03,2610,華航,19.6,19.95,19.5,19.95,55672,13911,11070,295,598,12.88,37.1,49.99
2026-06-03,2611,志信,13.7,14.0,13.5,13.8,612,92,41,0,0,1.08,98.91,100.0
2026-06-03,2612,中航,56.7,57.2,56.1,56.5,600,174,174,0,-3,3.99,96.0,100.0
2026-06-03,2613,中櫃,22.45,23.0,22.2,22.7,555,106,108,0,0,1.4,31.92,33.33
2026-06-03,2614,東森,18.45,19.15,18.4,18.9,1267,263,-105,0,0,3.1,46.88,49.99
2026-06-03,2615,萬海,84.5,85.3,83.2,83.9,11443,4469,-128,-50,68,42.85,7.13,49.99
2026-06-03,2616,山隆,13.6,13.95,13.6,13.9,471,102,53,0,-3,2.18,97.81,100.0
2026-06-03,2617,台航,29.65,29.75,29.25,29.7,814,144,103,0,1,8.71,41.27,49.99
2026-06-03,2618,長榮航,37.8,38.45,37.3,37.7,81050,14722,-38676,32622,61,20.02,29.96,49.99
2026-06-03,2630,亞航,43.2,43.35,42.1,42.8,985,277,26,0,0,3.99,96.0,100.0
2026-06-03,2633,台灣高鐵,25.35,25.85,25.35,25.75,9148,1517,2059,205,-29,7.64,41.34,48.99
2026-06-03,2634,漢翔,47.2,47.4,46.75,46.9,4832,614,-984,-4,5,2.77,7.22,10.0
2026-06-03,2636,台驊控股,69.9,70.6,69.4,70.1,716,105,199,0,1,9.57,90.42,100.0
2026-06-03,2637,慧洋-KY,77.6,78.1,76.1,77.0,5279,1278,2132,-2388,22,19.37,80.62,100.0
2026-06-03,2640,大車隊,157.0,159.5,154.5,159.0,42,10,-10,0,0,4.7,95.29,100.0
2026-06-03,2641,正德,19.6,20.05,19.5,19.95,8694,1968,-516,0,1,2.67,97.32,100.0
2026-06-03,2642,宅配通,20.25,20.5,20.15,20.5,235,44,23,0,0,5.25,94.74,100.0
2026-06-03,2643,捷迅,66.5,66.9,66.2,66.8,23,3,-2,0,0,1.44,98.55,100.0
2026-06-03,2644,中信造船,75.76,78.4,75.3,76.6,52,0,-1,0,0,0.0,0.0,0.0
2026-06-03,2645,長榮航太,166.0,168.0,164.5,168.0,1085,201,133,5,-4,7.48,92.51,100.0
2026-06-03,2646,星宇航空,20.95,21.6,20.8,21.05,13026,3003,-2682,0,36,2.87,47.11,49.99
2026-06-03,2701,萬企,10.3,10.55,10.25,10.45,205,5,80,0,0,0.58,99.41,100.0
2026-06-03,2702,華園,13.45,13.7,13.1,13.55,97,10,20,0,-8,39.44,60.55,100.0
2026-06-03,2704,國賓,42.55,43.35,42.5,42.75,364,75,-69,0,0,9.78,90.21,100.0
2026-06-03,2705,六福,15.5,15.9,15.45,15.75,349,91,-40,0,-3,1.4,98.59,100.0
2026-06-03,2706,第一店,12.0,12.25,12.0,12.2,172,11,32,0,-6,2.68,97.31,100.0
2026-06-03,2707,晶華,175.5,176.5,174.5,176.5,296,28,63,0,11,5.86,94.13,100.0
2026-06-03,2712,遠雄來,15.0,15.1,15.0,15.1,11,0,5,0,0,0.32,99.67,100.0
2026-06-03,2718,晶悅,47.3,47.3,46.5,46.75,66,4,-20,0,0,0.56,99.43,100.0
2026-06-03,2718,全心投控,47.3,47.3,46.5,46.75,66,4,-20,0,0,0.56,99.43,100.0
2026-06-03,2719,燦星旅,25.0,25.55,25.0,25.4,15,4,-2,0,0,0.19,99.8,100.0
2026-06-03,2722,夏都,22.75,23.1,22.75,22.8,34,3,9,0,0,0.39,99.6,100.0
2026-06-03,2723,美食-KY,63.6,63.9,62.7,63.6,287,73,30,0,7,46.13,53.86,100.0
2026-06-03,2724,富驛-KY,12.2,13.5,12.2,13.5,64,0,0,0,0,15.09,84.9,100.0
2026-06-03,2724,藝舍-KY,12.2,13.5,12.2,13.5,64,0,0,0,0,15.09,84.9,100.0
2026-06-03,2726,雅茗-KY,9.98,10.1,9.9,9.9,63,0,11,0,0,23.55,76.44,100.0
2026-06-03,2727,王品,237.0,241.0,236.5,240.0,747,109,325,-2,-7,27.59,72.4,100.0
2026-06-03,2729,瓦城,158.5,160.0,158.0,158.0,35,2,-6,0,0,2.08,97.91,100.0
2026-06-03,2731,雄獅,170.5,171.5,169.0,171.0,1289,129,146,0,18,11.87,88.12,100.0
2026-06-03,2732,六角,64.7,65.4,64.4,64.6,61,2,19,0,0,4.36,95.63,100.0
2026-06-03,2733,維格餅家,11.05,11.05,10.5,10.9,9,0,0,0,0,0.0,0.0,0.0
2026-06-03,2734,易飛網,15.05,15.45,15.05,15.4,129,6,33,0,0,3.92,96.07,100.0
2026-06-03,2736,富野,12.1,12.15,12.0,12.15,79,4,-10,0,0,1.03,98.96,100.0
2026-06-03,2739,寒舍,35.4,36.1,35.2,36.05,262,14,92,0,0,2.81,97.18,100.0
2026-06-03,2740,天蔥,37.5,37.5,33.0,33.0,13,0,0,0,0,1.66,98.33,100.0
2026-06-03,2740,華軒,37.5,37.5,33.0,33.0,13,0,0,0,0,1.66,98.33,100.0
2026-06-03,2741,老四川,20.53,20.8,20.2,20.8,17,0,0,0,0,0.0,0.0,0.0
2026-06-03,2743,山富,68.6,69.2,68.2,69.0,107,17,15,0,0,1.56,98.43,100.0
2026-06-03,2745,五福,103.5,104.0,102.0,103.5,246,39,51,0,0,1.57,98.42,100.0
2026-06-03,2748,雲品,39.75,39.75,39.2,39.75,126,7,50,0,1,1.16,98.83,100.0
2026-06-03,2751,王座,52.0,52.9,51.0,52.4,16,3,0,0,0,0.41,99.58,100.0
2026-06-03,2752,豆府,173.0,173.5,172.0,173.5,31,0,10,0,0,1.34,98.65,100.0
2026-06-03,2753,八方雲集,180.0,183.0,178.0,180.5,498,65,-21,-3,1,3.39,96.6,100.0
2026-06-03,2754,亞洲藏壽司,67.6,69.1,67.6,68.6,41,4,0,0,0,67.86,32.13,100.0
2026-06-03,2755,揚秦,134.0,135.5,134.0,135.5,30,6,4,0,-1,1.14,98.85,100.0
2026-06-03,2756,聯發國際,59.2,59.9,58.2,59.9,42,11,-1,0,0,1.24,98.75,100.0
2026-06-03,2758,路易莎咖啡,66.57,67.8,65.2,67.3,7,0,0,0,0,0.0,0.0,0.0
2026-06-03,2760,巨宇翔,20.7,0.0,0.0,0.0,0,0,0,0,0,0.0,0.0,0.0
2026-06-03,2761,橘焱胡同,15.16,15.5,15.5,15.5,5,0,0,0,0,0.0,0.0,0.0
2026-06-03,2762,世界健身-KY,84.5,85.7,84.1,85.5,124,10,4,0,0,82.68,17.31,100.0
2026-06-03,2801,彰銀,20.7,21.2,20.6,21.1,49122,8050,3488,1377,45,16.92,83.07,100.0
2026-06-03,2812,台中銀,18.75,19.4,18.7,19.25,27278,5676,-3076,170,-19,7.66,92.33,100.0
2026-06-03,2816,旺旺保,33.15,35.95,33.0,35.1,1841,484,175,0,0,2.1,97.89,100.0
2026-06-03,2820,華票,17.0,17.3,16.9,17.15,5493,288,4301,-400,6,8.91,91.08,100.0
2026-06-03,2832,台產,53.8,55.2,53.6,55.0,374,40,68,0,1,4.06,95.93,100.0
2026-06-03,2834,臺企銀,16.4,16.9,16.25,16.85,90844,9218,46348,-21,118,16.65,83.34,100.0
2026-06-03,2836,高雄銀,11.9,12.2,11.85,12.05,5227,1904,1746,0,7,7.37,92.62,100.0
2026-06-03,2838,聯邦銀,20.6,21.4,20.45,21.1,3245,566,1355,-6,222,4.29,95.7,100.0
2026-06-03,2845,遠東銀,12.15,12.45,12.1,12.35,20161,2811,7287,-10,0,8.68,91.31,100.0
2026-06-03,2849,安泰銀,14.0,14.0,13.9,14.0,445,103,134,0,-4,58.91,41.08,100.0
2026-06-03,2850,新產,141.0,146.5,141.0,143.5,576,124,137,-25,32,10.38,89.61,100.0
2026-06-03,2851,中再保,35.2,36.95,35.1,36.8,3628,541,917,0,-35,8.88,91.11,100.0
2026-06-03,2852,第一保,27.3,27.95,27.25,27.9,1357,102,366,0,-3,4.79,95.2,100.0
2026-06-03,2855,統一證,50.5,54.3,49.95,54.3,16512,3863,-3965,1705,0,13.01,86.98,100.0
2026-06-03,2867,三商壽,7.8,8.07,7.79,8.0,42223,6099,16062,0,2013,18.68,81.31,100.0
2026-06-03,2880,華南金,34.15,36.5,33.7,36.4,83036,21210,-24246,47739,563,15.25,84.74,100.0
2026-06-03,2881,富邦金,115.5,116.0,111.0,113.0,72033,30646,11610,-23947,411,18.3,81.69,100.0
2026-06-03,2882,國泰金,89.9,92.5,89.2,91.8,57367,11038,22605,-22053,1337,21.93,78.06,100.0
2026-06-03,2883,凱基金,24.45,25.7,24.35,25.7,121759,28371,4355,5772,660,30.19,69.8,100.0
2026-06-03,2884,玉山金,32.3,33.3,32.05,33.0,78949,18346,26524,2840,-346,30.59,69.4,100.0
2026-06-03,2885,元大金,60.4,64.1,59.7,63.7,45088,15666,4738,-5203,724,26.63,73.36,100.0
2026-06-03,2886,兆豐金,41.6,42.45,40.9,41.65,51809,14203,-15377,11601,70,21.42,78.57,100.0
2026-06-03,2887,台新新光金,26.0,28.35,25.65,28.3,303603,99671,27079,50316,-9381,22.71,77.28,100.0
2026-06-03,2889,國票金,14.75,15.2,14.65,15.15,9916,1935,2257,-6,-1,8.51,91.48,100.0
2026-06-03,2890,永豐金,31.5,33.0,31.15,33.0,93687,17326,55408,1220,177,28.77,71.22,100.0
2026-06-03,2891,中信金,65.4,70.5,64.3,70.5,84076,14175,-9800,7692,2219,34.34,65.65,100.0
2026-06-03,2892,第一金,28.4,29.3,28.1,29.0,81559,14684,31932,3387,176,24.96,75.03,100.0
2026-06-03,2897,王道銀行,10.05,10.3,10.0,10.2,13245,1309,8455,0,-266,7.18,92.81,100.0
2026-06-03,2901,欣欣,23.5,23.95,23.4,23.45,41,11,5,0,-2,0.33,99.66,100.0
2026-06-03,2903,遠百,22.2,22.75,22.1,22.7,4901,527,1153,-76,57,7.63,92.36,100.0
2026-06-03,2904,匯僑,14.2,14.35,14.15,14.3,90,13,26,0,0,0.71,99.28,100.0
2026-06-03,2905,三商,14.05,14.5,13.95,14.35,1237,230,253,0,-5,3.7,96.29,100.0
2026-06-03,2906,高林,12.55,12.7,12.45,12.65,287,10,31,0,0,1.7,98.29,100.0
2026-06-03,2908,特力,21.7,21.85,21.5,21.8,408,31,49,0,0,1.73,98.26,100.0
2026-06-03,2910,統領,22.15,22.2,21.95,22.2,7,1,4,0,0,0.28,99.71,100.0
2026-06-03,2911,麗嬰房,8.06,8.8,8.06,8.56,514,0,20,0,1,20.92,79.07,100.0
2026-06-03,2912,統一超,233.0,240.0,226.0,239.0,12647,3895,-3356,7182,0,15.04,84.95,100.0
2026-06-03,2913,農林,11.3,11.55,11.15,11.5,5212,1312,317,0,-13,5.56,94.43,100.0
2026-06-03,2915,潤泰全,46.0,47.95,45.95,47.75,5585,1137,-437,-84,30,5.11,94.88,100.0
2026-06-03,2916,滿心,43.5,43.65,43.3,43.35,154,3,0,0,0,21.18,78.81,100.0
2026-06-03,2923,鼎固-KY,26.45,26.45,25.2,25.5,32,0,-7,0,6,99.42,0.57,100.0
2026-06-03,2924,宏太-KY,16.0,16.2,15.7,15.7,3,0,0,0,0,66.79,33.2,100.0
2026-06-03,2926,誠品生活,34.3,34.75,34.0,34.65,23,5,-1,0,0,1.13,98.86,100.0
2026-06-03,2929,淘帝-KY,6.05,6.28,6.05,6.18,705,104,86,0,0,17.3,82.69,100.0
2026-06-03,2937,集雅社,48.5,48.5,48.45,48.45,2,0,-1,0,1,0.08,99.91,100.0
2026-06-03,2938,床的世界,23.05,23.05,21.9,22.55,71,0,-1,0,0,0.0,0.0,0.0
2026-06-03,2939,永邑-KY,21.0,21.9,21.0,21.1,32,4,2,0,0,19.73,80.26,100.0
2026-06-03,2940,歐都納,23.96,24.2,24.2,24.2,2,0,0,0,0,0.0,0.0,0.0
2026-06-03,2941,米斯特,30.65,30.75,30.5,30.5,10,0,0,0,0,0.49,99.5,100.0
2026-06-03,2942,京站,37.99,37.95,36.5,37.95,19,0,0,0,0,0.0,0.0,0.0
2026-06-03,2945,三商家購,41.5,42.3,41.0,42.1,20,0,0,0,0,0.41,99.58,100.0
2026-06-03,2947,振宇五金,77.5,77.7,77.4,77.4,10,0,0,0,0,0.09,99.9,100.0
2026-06-03,2948,寶陞,37.9,37.9,37.9,37.9,1,0,0,0,0,0.01,99.98,100.0
2026-06-03,2949,欣新網,63.5,63.5,62.8,63.5,41,0,0,0,0,0.02,99.97,100.0
2026-06-03,3002,歐格,20.4,20.4,19.6,19.75,1132,294,-472,0,-6,2.31,97.68,100.0
2026-06-03,3003,健和興,61.8,62.8,61.0,62.6,836,216,122,0,-11,3.81,96.18,100.0
2026-06-03,3004,豐達科,126.0,129.0,123.0,126.0,1430,488,136,0,17,2.71,97.28,100.0
2026-06-03,3005,神基,112.0,112.5,109.0,110.5,8390,2659,-1032,-278,0,11.18,88.81,100.0
2026-06-03,3006,晶豪科,273.0,273.5,255.0,259.5,32842,18894,-4104,-4,-190,32.88,67.11,100.0
2026-06-03,3008,大立光,3920.0,4225.0,3820.0,3985.0,3706,1424,-363,203,-11,33.62,66.37,100.0
2026-06-03,3010,華立,141.5,143.5,140.0,142.0,1432,421,399,-37,5,18.49,81.5,100.0
2026-06-03,3011,今皓,14.7,15.25,14.35,14.85,3178,823,700,0,0,5.35,94.64,100.0
2026-06-03,3013,晟銘電,135.0,136.0,131.0,133.5,11378,4727,-922,0,-80,4.1,95.89,100.0
2026-06-03,3014,聯陽,152.5,152.5,150.0,151.0,1321,366,87,160,0,22.69,77.3,100.0
2026-06-03,3015,全漢,55.5,58.8,54.9,57.0,3202,1089,239,7,26,9.17,90.82,100.0
2026-06-03,3016,嘉晶,120.5,122.0,112.5,115.5,9013,4501,-1009,0,-46,4.65,95.34,100.0
2026-06-03,3017,奇鋐,2750.0,2965.0,2700.0,2855.0,6908,2816,1667,52,-20,53.17,46.82,100.0
2026-06-03,3018,隆銘綠能,9.42,9.99,9.39,9.99,36,0,0,0,0,0.22,99.77,100.0
2026-06-03,3019,亞光,153.5,155.0,151.5,151.5,4854,1623,-60,0,-5,6.9,93.09,100.0
2026-06-03,3021,鴻名,40.0,40.0,39.95,40.0,2125,0,2,0,5,3.78,96.21,100.0
2026-06-03,3022,威強電,78.6,78.6,76.7,77.1,1057,229,-18,0,-43,16.45,83.54,100.0
2026-06-03,3023,信邦,319.0,321.0,310.5,318.0,2455,606,610,-46,23,45.82,54.17,100.0
2026-06-03,3024,憶聲,14.1,14.1,13.65,13.85,3375,1146,-541,0,-31,3.33,96.66,100.0
2026-06-03,3025,星通,72.1,74.4,71.8,73.1,963,328,-122,0,0,7.59,92.4,100.0
2026-06-03,3026,禾伸堂,638.0,650.0,628.0,640.0,1133,0,35,145,-31,16.94,83.05,100.0
2026-06-03,3027,盛達,20.1,22.05,19.7,22.05,2113,470,337,0,118,2.0,97.99,100.0
2026-06-03,3028,增你強,84.8,85.2,83.1,83.4,3541,1486,-21,0,2,12.7,87.29,100.0
2026-06-03,3029,零壹,115.5,115.5,110.0,112.5,4352,1397,-104,-11,0,3.12,96.87,100.0
2026-06-03,3030,德律,373.0,376.5,363.5,372.5,3703,1297,-423,0,-41,12.62,87.37,100.0
2026-06-03,3031,佰鴻,32.15,33.4,32.15,32.75,2392,728,509,-1,-29,2.96,97.03,100.0
2026-06-03,3032,偉訓,88.5,96.2,88.4,92.1,3347,1144,478,0,4,1.68,98.31,100.0
2026-06-03,3033,威健,50.5,50.5,49.6,49.65,7582,2368,-360,-18,16,21.68,78.31,100.0
2026-06-03,3034,聯詠,511.0,512.0,500.0,503.0,5153,1159,-980,845,-1,36.51,63.48,100.0
2026-06-03,3035,智原,211.5,212.0,203.0,203.0,9487,3075,-2202,0,-55,7.36,92.63,100.0
2026-06-03,3036,文曄,296.0,298.5,288.0,292.5,15503,3553,5918,-6790,20,22.8,77.16,100.0
2026-06-03,3037,欣興,976.0,1010.0,964.0,1000.0,19513,9727,3333,-1907,-67,38.67,61.32,100.0
2026-06-03,3038,全台,23.75,25.2,23.75,25.2,1646,363,210,0,0,9.17,90.82,100.0
2026-06-03,3040,遠見,40.0,40.95,38.9,39.7,324,87,-61,-1,0,0.68,99.31,100.0
2026-06-03,3041,揚智,25.65,26.65,25.65,26.5,2739,556,862,0,0,6.15,93.84,100.0
2026-06-03,3042,晶技,225.0,231.0,213.5,217.5,48213,31163,3753,-149,-3,19.15,80.84,100.0
2026-06-03,3043,科風,21.65,22.25,21.2,22.0,363,53,94,0,0,1.9,98.09,100.0
2026-06-03,3044,健鼎,509.0,516.0,501.0,510.0,4155,878,1635,-744,44,48.59,51.4,100.0
2026-06-03,3045,台灣大,115.5,116.5,114.5,116.0,13036,2813,1110,3647,-137,13.68,32.86,46.55
2026-06-03,3046,建碁,63.0,63.2,61.0,62.4,1258,472,-57,0,-14,4.34,95.65,100.0
2026-06-03,3047,訊舟,17.5,17.6,16.6,17.0,7063,2057,-1639,0,25,3.3,96.69,100.0
2026-06-03,3048,益登,76.0,76.2,68.2,69.2,29668,10808,-4154,0,-159,8.01,91.98,100.0
2026-06-03,3049,精金,15.8,15.8,15.05,15.8,55988,0,-942,0,449,3.14,96.85,100.0
2026-06-03,3050,鈺德,13.45,14.5,13.1,14.1,7133,3221,593,0,8,8.0,91.99,100.0
2026-06-03,3051,力特,30.7,31.4,29.9,30.25,11428,4504,241,0,5,1.91,98.08,100.0
2026-06-03,3052,夆典,10.65,10.9,10.6,10.8,849,48,324,0,0,1.81,98.18,100.0
2026-06-03,3054,立萬利,72.3,76.0,70.5,76.0,618,215,24,0,-3,0.58,99.41,100.0
2026-06-03,3055,蔚華科,102.5,109.5,100.5,100.5,2118,991,-113,0,3,2.25,97.74,100.0
2026-06-03,3056,富華新,13.5,14.05,13.35,14.0,4286,622,1261,0,-5,4.32,95.67,100.0
2026-06-03,3057,喬鼎,22.3,22.55,21.6,22.55,609,0,195,0,-3,3.58,96.41,100.0
2026-06-03,3058,立德,10.1,10.45,9.6,10.15,3630,0,255,0,-1,2.31,97.68,100.0
2026-06-03,3059,華晶科,54.0,54.5,50.2,50.6,45397,16143,-6470,-9,390,8.22,91.77,100.0
2026-06-03,3060,銘異,34.55,35.05,32.75,33.75,21825,11304,-1116,0,-19,10.41,89.58,100.0
2026-06-03,3062,建漢,31.7,31.8,30.55,30.95,9645,2986,429,0,-176,13.88,86.11,100.0
2026-06-03,3064,泰偉,0.0,0.0,0.0,0.0,0,0,0,0,0,0.12,99.87,100.0
2026-06-03,3066,李洲,21.9,22.85,21.65,21.8,856,326,-73,0,0,2.21,97.78,100.0
2026-06-03,3067,全域,18.2,19.35,18.2,19.3,8,0,0,0,0,0.02,99.97,100.0
2026-06-03,3071,協禧,34.05,36.2,33.8,34.4,2066,924,-39,0,0,3.88,96.11,100.0
2026-06-03,3073,天方能源,20.5,22.55,20.25,22.55,331,61,45,0,1,2.24,97.75,100.0
2026-06-03,3078,僑威,59.5,59.5,58.3,59.0,1117,205,-313,8,13,12.78,87.21,100.0
2026-06-03,3081,聯亞,2790.0,2830.0,2785.0,2830.0,1498,123,381,72,161,21.77,78.22,100.0
2026-06-03,3083,網龍,28.55,28.55,27.9,28.2,295,31,-47,0,0,1.43,98.56,100.0
2026-06-03,3085,新零售,12.15,12.95,12.1,12.75,106,0,0,0,-1,5.69,94.3,100.0
2026-06-03,3086,華義*,40.85,40.85,37.3,39.75,3340,1151,-496,0,-11,40.11,59.88,100.0
2026-06-03,3088,艾訊,141.0,141.5,136.5,140.0,2214,782,-722,0,0,15.51,84.48,100.0
2026-06-03,3090,日電貿,216.0,220.0,212.5,214.0,1671,0,524,-605,-2,13.06,86.93,100.0
2026-06-03,3092,鴻碩,31.3,31.3,30.15,30.6,491,130,23,0,0,1.46,98.53,100.0
2026-06-03,3093,港建*,51.5,56.1,51.3,56.1,1952,486,-17,0,3,67.95,32.04,100.0
2026-06-03,3094,聯傑,33.5,33.6,32.6,32.7,1506,411,28,0,3,2.78,97.21,100.0
2026-06-03,3095,及成,42.3,42.85,42.2,42.2,13,3,4,0,0,3.57,96.42,100.0
2026-06-03,3097,拍檔,26.54,27.4,26.1,27.0,19,0,-2,0,0,0.0,0.0,0.0
2026-06-03,3105,穩懋,545.0,564.0,508.0,515.0,40450,26959,-4144,-268,-207,21.29,78.7,100.0
2026-06-03,3114,好德,33.8,36.95,32.7,36.95,3687,1476,135,0,11,1.29,98.7,100.0
2026-06-03,3115,富榮綱,9.0,9.31,9.0,9.31,7,0,0,0,0,1.83,98.16,100.0
2026-06-03,3117,年程,28.6,28.4,26.8,27.5,246,0,-4,0,0,0.0,0.0,0.0
2026-06-03,3118,進階,33.5,33.6,33.4,33.5,125,7,0,0,0,0.36,99.63,100.0
2026-06-03,3122,笙泉,31.85,32.75,31.5,31.8,309,0,-90,0,0,3.01,96.98,100.0
2026-06-03,3128,昇銳,25.6,25.6,24.65,25.15,1039,387,-182,0,-1,1.4,98.59,100.0
2026-06-03,3130,一零四,221.5,221.5,221.0,221.5,28,1,-6,0,0,20.63,79.36,100.0
2026-06-03,3131,弘塑,3325.0,3400.0,3200.0,3200.0,532,200,-136,-1,-4,35.15,64.84,100.0
2026-06-03,3135,凌航,245.0,247.0,230.5,238.5,5141,2347,71,0,0,5.39,94.6,100.0
2026-06-03,3138,耀登,167.0,170.5,162.5,168.0,1241,388,347,0,9,2.61,97.38,100.0
2026-06-03,3141,晶宏,78.0,79.0,75.7,75.7,1311,408,-175,0,-22,7.95,92.04,100.0
2026-06-03,3147,大綜,242.5,242.5,241.0,242.5,1589,273,20,0,16,4.08,95.91,100.0
2026-06-03,3149,正達,89.7,93.4,88.8,90.8,50508,27825,-5140,0,-142,6.46,93.53,100.0
2026-06-03,3150,鈺寶-創,20.05,20.35,20.0,20.2,62,5,-8,0,0,0.94,99.05,100.0
2026-06-03,3152,璟德,186.5,187.0,181.0,183.5,1019,323,0,0,-12,19.02,80.97,100.0
2026-06-03,3158,嘉實,85.1,85.2,83.6,84.1,15,0,2,0,0,1.39,98.6,100.0
2026-06-03,3162,精確,84.1,85.2,82.6,82.8,1338,263,-236,0,3,46.54,53.45,100.0
2026-06-03,3163,波若威,1065.0,1085.0,1065.0,1085.0,1537,138,235,0,121,14.1,85.89,100.0
2026-06-03,3164,景岳,16.25,16.65,16.2,16.6,100,4,10,0,0,0.69,99.3,100.0
2026-06-03,3167,大量,860.0,920.0,860.0,920.0,970,0,283,-15,14,10.3,89.69,100.0
2026-06-03,3168,眾福科,48.25,49.3,48.2,49.0,55,5,14,0,3,1.26,98.73,100.0
2026-06-03,3169,亞信,123.0,123.0,117.0,119.0,678,138,-244,0,-1,3.73,96.26,100.0
2026-06-03,3171,新洲,73.2,73.3,71.3,72.0,53,15,2,0,1,0.95,99.04,100.0
2026-06-03,3171,炎洲流通,73.2,73.3,71.3,72.0,53,15,2,0,1,0.95,99.04,100.0
2026-06-03,3176,基亞,32.7,32.95,31.95,32.0,874,238,-4,0,0,4.55,95.44,100.0
2026-06-03,3178,公準,69.7,72.3,69.0,71.2,231,58,38,0,0,1.93,98.06,100.0
2026-06-03,3184,微邦,23.47,25.45,23.4,24.05,1440,0,-4,0,0,0.0,0.0,0.0
2026-06-03,3188,鑫龍騰,22.7,23.3,22.65,23.25,368,101,-1,0,0,1.62,98.37,100.0
2026-06-03,3189,景碩,740.0,749.0,730.0,739.0,4661,0,1265,-905,-145,23.31,76.68,100.0
2026-06-03,3191,雲嘉南,22.45,22.45,20.8,20.85,742,0,6,0,0,0.1,99.89,100.0
2026-06-03,3205,佰研,52.3,52.5,51.7,51.7,139,22,-10,0,0,1.11,98.88,100.0
2026-06-03,3206,志豐,40.35,40.35,38.9,39.1,352,43,-71,0,0,2.53,97.46,100.0
2026-06-03,3207,耀勝,73.1,73.5,69.5,70.3,1891,718,-436,0,10,2.01,97.98,100.0
2026-06-03,3209,全科,77.2,79.5,77.0,77.8,2650,888,71,-2,-31,19.69,80.3,100.0
2026-06-03,3211,順達,426.0,464.0,421.0,464.0,16630,7809,-20,-848,592,25.36,74.63,100.0
2026-06-03,3213,茂訊,125.5,126.5,123.0,126.0,865,200,27,0,28,8.39,91.6,100.0
2026-06-03,3217,優群,193.0,195.0,191.5,192.5,813,158,88,0,-4,10.36,89.63,100.0
2026-06-03,3218,大學光,138.0,138.5,135.0,137.0,388,107,49,-4,2,6.06,93.93,100.0
2026-06-03,3219,倚強股份,80.0,80.8,79.3,79.8,295,87,-21,0,-3,1.1,98.89,100.0
2026-06-03,3219,倚強科,80.0,80.8,79.3,79.8,295,87,-21,0,-3,1.1,98.89,100.0
2026-06-03,3221,台嘉碩,60.0,63.0,58.2,58.3,21296,11963,-812,0,40,6.36,93.63,100.0
2026-06-03,3224,三顧,38.55,38.9,38.2,38.5,159,44,37,0,0,0.85,99.14,100.0
2026-06-03,3226,龍鋒,43.65,46.9,43.65,46.9,23,2,1,0,0,0.05,99.94,100.0
2026-06-03,3227,原相,237.5,238.0,232.0,233.0,2286,750,-145,105,16,21.71,78.28,100.0
2026-06-03,3228,金麗科,194.5,196.5,189.5,190.0,559,0,27,0,-3,7.25,92.74,100.0
2026-06-03,3229,晟鈦,50.2,50.4,46.2,46.7,1074,0,-70,0,23,1.59,98.4,100.0
2026-06-03,3230,錦明,31.25,31.55,30.2,30.85,599,209,147,0,0,2.12,97.87,100.0
2026-06-03,3231,緯創,193.0,201.0,188.0,194.0,175481,81285,-11394,18857,-777,33.27,66.72,100.0
2026-06-03,3232,昱捷,23.0,23.0,22.55,22.85,89,8,4,0,0,7.91,92.08,100.0
2026-06-03,3234,光環,142.0,143.0,138.0,143.0,3338,0,135,0,87,8.48,91.51,100.0
2026-06-03,3236,千如,55.6,55.8,54.0,54.0,1409,0,118,0,85,18.47,81.52,100.0
2026-06-03,3252,海灣,17.8,18.05,17.75,18.05,17,0,4,0,0,2.29,97.7,100.0
2026-06-03,3257,虹冠電,63.5,64.7,61.8,62.1,987,327,-6,0,1,0.83,99.16,100.0
2026-06-03,3259,鑫創,17.25,18.4,17.05,18.2,113,0,1,0,0,10.94,89.05,100.0
2026-06-03,3260,威剛,480.5,481.0,456.5,462.0,36794,18104,-5438,204,-180,17.79,82.2,100.0
2026-06-03,3264,欣銓,222.0,233.0,221.5,229.5,15758,4691,7092,-721,108,33.25,66.74,100.0
2026-06-03,3265,台星科,185.0,194.0,185.0,190.0,3109,983,906,52,119,9.04,90.95,100.0
2026-06-03,3266,昇陽,13.15,13.15,12.95,13.0,82,10,21,0,0,8.3,91.69,100.0
2026-06-03,3268,海德威,20.35,21.2,19.6,21.2,1867,738,17,0,0,1.14,98.85,100.0
2026-06-03,3272,東碩,18.0,18.2,17.7,18.05,151,21,21,0,0,0.62,99.37,100.0
2026-06-03,3276,宇環,14.8,15.35,14.6,15.0,384,37,95,0,0,1.18,98.81,100.0
2026-06-03,3284,太普高,16.05,17.4,15.85,17.4,673,80,213,0,0,0.99,99.0,100.0
2026-06-03,3285,微端,30.45,30.6,30.35,30.55,22,0,0,0,0,12.96,87.03,100.0
2026-06-03,3287,廣寰科,38.0,38.0,36.55,36.6,702,159,39,0,0,1.32,98.67,100.0
2026-06-03,3288,點晶,22.05,22.05,22.05,22.05,266,0,0,0,63,0.14,99.85,100.0
2026-06-03,3289,宜特,166.0,180.5,166.0,180.5,5799,1721,-417,0,198,7.11,92.88,100.0
2026-06-03,3290,東浦,48.55,49.3,47.7,48.45,635,142,182,0,24,6.84,93.15,100.0
2026-06-03,3293,鈊象,800.0,800.0,787.0,789.0,4159,736,-2151,1560,-49,21.5,78.49,100.0
2026-06-03,3294,英濟,41.5,41.8,40.3,40.75,2459,1263,-306,0,-3,7.29,92.7,100.0
2026-06-03,3296,勝德,21.8,22.35,21.8,22.15,62,6,8,0,0,2.2,97.79,100.0
2026-06-03,3297,杭特,35.0,36.3,33.6,33.6,851,322,-208,0,0,2.85,97.14,100.0
2026-06-03,3303,岱稜,49.25,50.7,48.95,50.3,524,80,128,0,0,4.48,95.51,100.0
2026-06-03,3305,昇貿,158.0,167.0,156.5,163.0,8924,3777,2343,0,190,7.81,92.18,100.0
2026-06-03,3306,鼎天,49.6,50.5,49.0,50.1,685,273,88,0,0,3.04,96.95,100.0
2026-06-03,3308,聯德,21.55,23.1,21.55,21.8,369,114,9,0,0,1.0,98.99,100.0
2026-06-03,3310,佳穎,71.5,73.6,71.5,72.0,1128,21,13,0,0,0.32,99.67,100.0
2026-06-03,3311,閎暉,37.2,40.3,36.7,39.2,5429,2730,-332,0,1,1.61,98.38,100.0
2026-06-03,3312,弘憶股,66.6,66.6,66.6,66.6,2033,4,-9,0,252,3.52,96.47,100.0
2026-06-03,3313,斐成,11.2,11.4,11.15,11.35,281,0,14,0,0,4.74,95.25,100.0
2026-06-03,3317,尼克森,83.0,84.9,81.0,81.5,5020,2323,-827,0,-5,10.52,89.47,100.0
2026-06-03,3321,同泰,21.1,21.1,19.5,19.9,1339,0,-388,0,-20,2.15,97.84,100.0
2026-06-03,3322,建舜電,14.5,14.55,14.1,14.35,1700,423,60,0,0,3.04,96.95,100.0
2026-06-03,3323,加百裕,38.3,39.95,38.0,38.95,3916,1755,648,0,6,6.88,93.11,100.0
2026-06-03,3324,雙鴻,1210.0,1280.0,1190.0,1280.0,9226,3454,2612,1,74,27.23,72.76,100.0
2026-06-03,3325,旭品,13.4,14.6,13.3,14.6,2632,0,-663,0,1,0.85,99.14,100.0
2026-06-03,3332,幸康,65.5,66.3,65.5,66.0,21,1,2,0,0,0.89,99.1,100.0
2026-06-03,3338,泰碩,93.1,94.3,85.6,85.8,11483,5169,119,0,-48,4.18,95.81,100.0
2026-06-03,3339,泰谷,53.3,53.3,51.0,51.2,9681,5316,-407,0,-3,3.71,96.28,100.0
2026-06-03,3346,麗清,22.7,23.45,22.0,23.25,4014,1499,122,0,3,3.08,96.91,100.0
2026-06-03,3349,寶德,17.75,17.95,17.5,17.95,141,0,18,0,0,2.43,97.56,100.0
2026-06-03,3354,律勝,33.15,34.3,32.55,32.55,938,301,-120,0,0,1.78,98.21,100.0
2026-06-03,3356,奇偶,63.3,63.3,61.7,61.7,2226,231,-849,0,20,7.07,92.92,100.0
2026-06-03,3357,臺慶科,288.0,293.0,278.0,282.0,4503,2436,-618,0,-9,15.31,84.68,100.0
2026-06-03,3360,尚立,14.45,15.0,14.35,14.85,840,216,-83,0,0,2.06,97.93,100.0
2026-06-03,3362,先進光,118.5,131.0,118.5,131.0,3562,773,855,0,35,4.92,95.07,100.0
2026-06-03,3363,上詮,860.0,884.0,860.0,884.0,2628,352,526,0,152,17.73,82.26,100.0
2026-06-03,3372,典範,22.0,22.35,21.85,21.9,1375,0,113,0,0,3.55,96.44,100.0
2026-06-03,3373,熱映,16.9,16.95,16.8,16.95,146,15,17,0,0,2.01,97.98,100.0
2026-06-03,3374,精材,259.5,279.5,259.0,275.5,33250,14893,7824,0,633,12.66,87.33,100.0
2026-06-03,3376,新日興,211.5,231.5,210.0,226.5,14199,4353,4737,0,125,25.14,74.85,100.0
2026-06-03,3379,彬台,40.25,40.8,39.85,39.85,265,35,42,0,0,1.31,98.68,100.0
2026-06-03,3380,明泰,40.25,40.7,39.15,40.55,7967,3097,1760,0,-368,7.36,92.63,100.0
2026-06-03,3388,崇越電,102.5,103.0,100.0,100.5,655,132,-25,0,-22,6.97,93.02,100.0
2026-06-03,3390,旭軟,28.55,28.85,27.75,28.1,1343,336,277,0,0,3.98,96.01,100.0
2026-06-03,3402,漢科,145.0,147.0,144.5,145.0,784,183,44,0,-2,3.88,96.11,100.0
2026-06-03,3406,玉晶光,608.0,625.0,600.0,606.0,2371,753,519,-32,59,44.7,55.29,100.0
2026-06-03,3413,京鼎,316.0,322.5,315.5,319.5,2465,394,1074,-1,6,18.4,81.59,100.0
2026-06-03,3416,融程電,183.5,185.5,181.0,182.5,326,85,28,0,-2,2.93,97.06,100.0
2026-06-03,3419,譁裕,14.25,14.6,14.15,14.45,506,0,233,0,0,2.14,97.85,100.0
2026-06-03,3430,奇鈦科,151.0,153.0,147.0,147.5,1052,357,-48,0,0,2.47,97.52,100.0
2026-06-03,3432,台端,18.6,18.9,18.5,18.8,81,0,29,0,0,3.04,96.95,100.0
2026-06-03,3434,哲固,34.6,36.45,33.5,35.9,2741,1037,-142,0,-6,1.56,98.43,100.0
2026-06-03,3437,榮創,24.05,25.65,24.05,24.3,3693,1700,188,0,-5,5.02,94.97,100.0
2026-06-03,3438,類比科,79.2,80.0,76.0,76.4,869,315,-121,0,0,2.39,97.6,100.0
2026-06-03,3441,聯一光,54.7,55.6,52.1,52.2,1691,558,-178,0,0,2.24,97.75,100.0
2026-06-03,3443,創意,4600.0,4725.0,4510.0,4605.0,1608,586,-9,0,25,29.24,70.75,100.0
2026-06-03,3444,利機,104.5,107.0,101.0,101.0,856,211,-255,0,0,11.15,88.84,100.0
2026-06-03,3447,展達,41.2,43.7,40.6,42.7,1445,593,-41,0,-1,1.34,98.65,100.0
2026-06-03,3450,聯鈞,590.0,602.0,539.0,548.0,19256,10876,-2177,498,68,20.43,79.56,100.0
2026-06-03,3455,由田,233.0,237.5,230.5,230.5,1193,475,-81,0,-3,17.54,82.45,100.0
2026-06-03,3465,進泰電子,32.0,33.95,30.75,32.1,127,40,-8,0,0,5.04,94.95,100.0
2026-06-03,3466,德晉,32.7,32.95,32.6,32.65,349,101,24,0,0,9.89,90.1,100.0
2026-06-03,3467,台灣精材,70.9,73.1,70.0,71.3,281,81,-38,0,0,2.63,97.36,100.0
2026-06-03,3473,智通聯網,89.42,90.3,88.7,90.2,17,0,0,0,0,0.0,0.0,0.0
2026-06-03,3479,安勤,133.0,134.5,131.0,132.0,1186,302,-151,0,-9,5.97,94.02,100.0
2026-06-03,3481,群創,57.0,60.5,56.2,59.4,972688,583838,48121,30478,1541,23.61,76.38,100.0
2026-06-03,3483,力致,102.0,110.5,102.0,110.5,4245,1284,878,0,134,10.86,89.13,100.0
2026-06-03,3484,崧騰,45.25,45.4,44.8,45.05,363,30,73,0,0,7.37,92.62,100.0
2026-06-03,3485,敘豐,363.0,390.0,361.0,386.5,706,0,38,0,0,0.62,99.37,100.0
2026-06-03,3489,森寶,21.4,21.8,21.4,21.8,106,6,38,0,0,0.29,99.7,100.0
2026-06-03,3490,單井,38.25,38.75,37.75,38.7,1793,559,-365,0,0,4.75,95.24,100.0
2026-06-03,3491,昇達科,2030.0,2095.0,2005.0,2020.0,636,0,-90,-47,4,34.69,65.3,100.0
2026-06-03,3492,長盛,22.9,23.35,22.75,23.3,81,5,-2,0,0,0.56,99.43,100.0
2026-06-03,3494,誠研,8.04,8.18,8.04,8.13,288,0,56,0,0,1.87,98.12,100.0
2026-06-03,3498,陽程,142.0,142.0,132.5,138.0,2638,1253,-155,0,-33,14.59,85.4,100.0
2026-06-03,3499,環天科,14.75,15.4,14.7,15.4,263,0,49,0,0,0.75,99.24,100.0
2026-06-03,3501,維熹,41.6,43.0,41.6,42.6,378,69,-9,0,-4,3.28,96.71,100.0
2026-06-03,3504,揚明光,80.0,83.9,78.4,83.7,3937,1678,-257,0,2,3.29,96.7,100.0
2026-06-03,3508,位速,20.5,20.5,19.85,20.0,247,0,48,0,0,0.86,99.13,100.0
2026-06-03,3511,矽瑪,26.4,26.4,26.4,26.4,738,0,0,0,3,2.84,97.15,100.0
2026-06-03,3512,皇龍,20.3,20.4,20.25,20.35,201,10,37,0,0,0.56,99.43,100.0
2026-06-03,3515,華擎,273.5,273.5,257.5,259.0,3851,1296,-903,-1,-32,7.91,92.08,100.0
2026-06-03,3516,亞帝歐,23.2,23.95,23.2,23.55,106,14,13,0,-2,0.51,99.48,100.0
2026-06-03,3518,柏騰,34.0,34.7,33.0,33.45,1167,538,-37,0,-5,7.76,92.23,100.0
2026-06-03,3520,華盈,14.75,15.0,14.6,14.95,367,30,107,0,0,1.31,98.68,100.0
2026-06-03,3521,鴻翊,11.8,12.0,11.8,11.95,44,2,8,0,0,0.33,99.66,100.0
2026-06-03,3521,台鋼建設,11.8,12.0,11.8,11.95,44,2,8,0,0,0.33,99.66,100.0
2026-06-03,3522,御頂,11.4,11.45,11.1,11.45,181,0,12,0,0,0.25,99.74,100.0
2026-06-03,3522,御嵿,11.4,11.45,11.1,11.45,181,0,12,0,0,0.25,99.74,100.0
2026-06-03,3523,迎輝,21.15,21.15,21.15,21.15,80,0,-1,0,0,0.09,99.9,100.0
2026-06-03,3526,凡甲,373.5,396.5,370.5,390.0,2272,857,364,-2,44,20.29,79.7,100.0
2026-06-03,3527,聚積,58.8,61.0,58.0,60.8,317,55,108,0,0,8.02,91.97,100.0
2026-06-03,3528,安馳,135.0,139.5,133.0,139.5,1336,0,26,0,18,6.15,93.84,100.0
2026-06-03,3529,力旺,3580.0,3605.0,3470.0,3570.0,1021,223,-193,107,10,64.68,35.31,100.0
2026-06-03,3530,晶相光,68.5,69.4,67.5,68.4,360,115,2,0,-13,41.49,58.5,100.0
2026-06-03,3531,先益,23.4,23.6,23.35,23.6,7,0,0,0,0,19.26,80.73,100.0
2026-06-03,3532,台勝科,321.0,324.5,310.0,314.5,898,0,9,0,157,44.08,55.91,100.0
2026-06-03,3533,嘉澤,2645.0,2665.0,2530.0,2570.0,1216,392,46,-71,-1,45.24,54.75,100.0
2026-06-03,3535,晶彩科,137.5,145.5,132.0,135.5,13075,7563,94,0,-13,4.82,95.17,100.0
2026-06-03,3537,堡達,82.0,85.9,79.3,79.3,6354,3092,-933,0,0,4.72,95.27,100.0
2026-06-03,3540,曜越,28.05,29.05,27.7,28.3,893,275,105,0,0,2.75,97.24,100.0
2026-06-03,3541,西柏,21.4,22.5,21.4,22.4,183,12,55,0,0,0.89,99.1,100.0
2026-06-03,3543,州巧,35.95,36.55,35.65,36.4,703,201,206,0,0,7.08,92.91,100.0
2026-06-03,3545,敦泰,60.0,60.1,59.0,59.1,1711,643,-25,0,-4,13.84,86.15,100.0
2026-06-03,3546,宇峻,84.9,84.9,82.0,83.2,515,149,-124,0,-2,8.22,91.77,100.0
2026-06-03,3548,兆利,97.0,99.0,95.9,98.5,608,173,123,0,9,4.31,95.68,100.0
2026-06-03,3550,聯穎,21.5,22.05,20.85,21.8,2995,825,424,0,1,6.49,93.5,100.0
2026-06-03,3551,世禾,215.0,216.0,211.5,211.5,852,165,-212,0,-13,5.96,94.03,100.0
2026-06-03,3552,同致,54.1,55.7,53.9,55.6,521,117,84,0,3,10.07,89.92,100.0
2026-06-03,3555,博士旺,214.5,222.0,212.0,212.0,218,111,-17,0,0,1.61,98.38,100.0
2026-06-03,3556,禾瑞亞,75.0,77.6,75.0,76.0,3675,1055,-598,0,2,5.48,94.51,100.0
2026-06-03,3557,嘉威,24.4,24.95,24.2,24.8,91,6,49,0,0,1.89,98.1,100.0
2026-06-03,3558,神準,143.0,143.0,139.0,140.0,340,80,-19,0,10,1.41,98.58,100.0
2026-06-03,3563,牧德,812.0,821.0,806.0,820.0,657,173,-51,-1,10,6.3,93.69,100.0
2026-06-03,3564,其陽,58.7,62.9,57.0,57.9,1923,703,-265,0,-2,3.32,96.67,100.0
2026-06-03,3567,逸昌,29.25,29.3,28.7,29.05,122,29,13,0,0,3.47,96.52,100.0
2026-06-03,3570,大塚,185.0,186.5,183.0,186.0,172,35,-6,0,0,44.87,55.12,100.0
2026-06-03,3576,聯合再生,18.25,18.8,17.85,18.6,24389,0,8446,0,6,12.95,87.04,100.0
2026-06-03,3577,泓格,145.0,151.5,143.5,144.0,602,250,43,0,2,2.67,97.32,100.0
2026-06-03,3580,友威科,111.5,116.5,107.5,108.5,3634,1638,-659,0,0,9.88,90.11,100.0
2026-06-03,3581,博磊,221.5,226.0,210.0,211.0,1368,601,31,0,-1,14.49,85.5,100.0
2026-06-03,3583,辛耘,857.0,883.0,843.0,845.0,1341,688,97,-37,-8,16.58,83.41,100.0
2026-06-03,3585,聯致,72.23,86.6,69.5,84.2,5581,0,60,0,0,0.0,0.0,0.0
2026-06-03,3587,閎康,317.0,328.0,315.5,321.0,1369,537,-311,0,24,11.47,88.52,100.0
2026-06-03,3588,通嘉,63.9,63.9,62.3,62.4,569,175,-100,0,-3,5.19,94.8,100.0
2026-06-03,3591,艾笛森,24.7,25.5,24.5,24.8,1781,557,391,0,-3,6.17,93.82,100.0
2026-06-03,3592,瑞鼎,283.0,283.0,280.0,280.0,553,83,-10,80,0,15.26,84.73,100.0
2026-06-03,3593,力銘,16.7,17.0,16.5,16.85,45,0,1,0,0,0.25,99.74,100.0
2026-06-03,3594,磐儀,50.5,50.5,49.7,50.0,283,56,-19,0,0,3.06,96.93,100.0
2026-06-03,3595,山太士,2545.91,2740.0,2495.0,2675.0,497,0,80,0,0,0.0,0.0,0.0
2026-06-03,3596,智易,193.0,193.0,189.5,190.5,1473,331,528,0,2,32.6,67.39,100.0
2026-06-03,3597,映興,27.5,29.9,27.5,28.8,399,114,36,0,0,0.88,99.11,100.0
2026-06-03,3603,建祥國際,7.52,8.07,7.65,8.07,16,0,0,0,0,0.0,0.0,0.0
2026-06-03,3605,宏致,78.5,78.5,76.7,77.3,1945,408,446,0,-52,11.24,88.75,100.0
2026-06-03,3607,谷崧,19.55,19.55,18.0,18.3,6893,1874,-2231,0,-8,5.88,94.11,100.0
2026-06-03,3609,三一東林,29.05,29.1,28.35,28.6,155,15,3,0,0,1.6,98.39,100.0
2026-06-03,3611,鼎翰,192.0,193.0,191.5,192.5,38,3,-3,0,0,11.84,88.15,100.0
2026-06-03,3615,安可,49.8,54.8,49.55,54.3,12544,6111,1238,0,0,7.72,92.27,100.0
2026-06-03,3617,碩天,213.5,220.0,213.0,217.5,592,106,137,0,8,8.83,91.16,100.0
2026-06-03,3622,洋華,58.8,60.3,57.4,60.2,1702,351,563,0,0,4.2,95.79,100.0
2026-06-03,3623,富晶通,24.3,26.2,24.0,25.7,546,179,-39,0,0,2.59,97.4,100.0
2026-06-03,3624,光頡,121.5,122.0,115.0,115.0,4004,0,-607,-200,-15,50.31,49.68,100.0
2026-06-03,3625,西勝,15.7,16.2,15.5,16.15,1072,0,291,0,0,5.63,94.36,100.0
2026-06-03,3628,盈正,70.0,75.7,70.0,75.7,1446,401,392,0,5,4.52,95.47,100.0
2026-06-03,3629,地心引力,16.05,16.05,15.85,15.9,3,0,0,0,0,0.02,99.97,100.0
2026-06-03,3630,新鉅科,27.2,27.8,26.7,27.35,1347,481,255,0,0,40.2,59.79,100.0
2026-06-03,3631,晟楠,35.05,35.6,34.7,34.95,153,62,33,0,0,8.16,91.83,100.0
2026-06-03,3632,研勤,8.48,8.48,7.95,8.18,46,0,0,0,0,0.29,99.7,100.0
2026-06-03,3633,云光,122.71,126.0,122.5,126.0,10,0,0,0,0,0.0,0.0,0.0
2026-06-03,3645,達邁,102.0,102.0,99.5,100.0,3126,1139,-223,-2,-20,13.64,86.35,100.0
2026-06-03,3646,艾恩特,24.0,24.2,23.7,23.7,25,5,-8,0,0,6.7,93.29,100.0
2026-06-03,3652,精聯,35.8,36.1,34.9,34.95,326,54,50,0,0,0.91,99.08,100.0
2026-06-03,3653,健策,4040.0,4210.0,3860.0,3905.0,1925,832,-283,97,-28,26.11,73.88,100.0
2026-06-03,3659,百辰,23.1,23.25,23.05,23.15,9,0,0,0,0,0.0,0.0,0.0
2026-06-03,3661,世芯-KY,4600.0,4685.0,4530.0,4595.0,1171,557,-128,1,-2,54.16,45.83,100.0
2026-06-03,3663,鑫科,85.9,89.5,83.6,83.9,3728,1642,-266,0,-20,3.89,96.1,100.0
2026-06-03,3664,安瑞-KY,7.7,7.7,7.6,7.7,27,0,0,0,0,37.96,62.03,100.0
2026-06-03,3665,貿聯-KY,2345.0,2385.0,2265.0,2305.0,4884,1649,-639,832,104,56.36,43.63,100.0
2026-06-03,3666,光耀,27.75,27.75,27.35,27.55,64,9,8,0,12,0.26,99.73,100.0
2026-06-03,3669,圓展,42.3,42.3,40.75,41.7,409,122,81,0,27,2.62,97.37,100.0
2026-06-03,3672,康聯訊,11.2,11.2,10.65,11.0,31,0,0,0,0,2.5,97.49,100.0
2026-06-03,3673,TPK-KY,93.0,98.9,91.8,94.0,55556,35357,-4881,0,1027,41.5,58.49,100.0
2026-06-03,3675,德微,376.0,392.0,360.0,371.0,955,0,-78,0,36,61.18,38.81,100.0
2026-06-03,3678,聯享,59.82,60.4,58.5,60.0,46,0,1,0,0,0.0,0.0,0.0
2026-06-03,3679,新至陞,126.5,126.5,124.5,124.5,65,7,-10,0,0,8.81,91.18,100.0
2026-06-03,3680,家登,531.0,552.0,528.0,539.0,2190,1005,123,1,63,23.87,76.12,100.0
2026-06-03,3684,榮昌,59.3,64.2,59.3,62.2,313,94,74,0,0,2.2,97.79,100.0
2026-06-03,3685,元創精密,27.0,28.0,26.5,28.0,381,0,84,0,0,0.51,99.48,100.0
2026-06-03,3686,達能,17.3,17.8,17.1,17.7,525,0,267,0,2,2.37,97.62,100.0
2026-06-03,3687,歐買尬,74.6,74.6,73.1,73.1,139,15,-30,0,0,4.57,95.42,100.0
2026-06-03,3689,湧德,138.5,145.0,137.5,142.0,9808,4163,1623,0,232,14.74,85.25,100.0
2026-06-03,3691,碩禾,159.0,166.0,156.5,163.5,3586,1784,-257,0,-5,6.95,93.04,100.0
2026-06-03,3693,營邦,601.0,606.0,584.0,588.0,1280,472,-81,0,4,13.62,86.37,100.0
2026-06-03,3694,海華,70.3,71.1,68.7,69.4,2503,858,-339,0,9,3.76,96.23,100.0
2026-06-03,3701,大眾控,58.0,58.9,56.8,58.3,3082,1289,-136,0,4,4.57,95.42,100.0
2026-06-03,3702,大聯大,120.0,120.0,116.5,118.0,15454,3565,8818,-6083,-58,36.35,63.64,100.0
2026-06-03,3703,欣陸,21.0,21.55,20.9,21.4,2374,243,724,0,-45,20.2,79.79,100.0
2026-06-03,3704,合勤控,48.7,50.0,48.35,49.05,7021,2139,1159,0,16,14.66,85.33,100.0
2026-06-03,3705,永信,56.3,56.4,56.0,56.3,164,22,-27,0,1,7.2,92.79,100.0
2026-06-03,3706,神達,97.6,103.5,93.6,100.0,99764,50985,10591,-42,1554,13.86,86.13,100.0
2026-06-03,3707,漢磊,83.0,84.7,80.5,84.3,17935,9152,-1720,0,13,14.09,85.9,100.0
2026-06-03,3708,上緯投控,121.0,123.5,119.5,122.0,927,238,145,2,25,8.38,91.61,100.0
2026-06-03,3709,鑫聯大投控,89.9,89.9,86.3,86.5,2408,755,-823,0,-185,7.85,92.14,100.0
2026-06-03,3710,連展投控,6.87,7.0,6.63,6.8,1190,0,-86,0,0,2.25,97.74,100.0
2026-06-03,3711,日月光投控,615.0,636.0,614.0,618.0,28543,7400,7524,-3719,255,77.25,22.74,100.0
2026-06-03,3712,永崴投控,19.1,19.75,18.8,19.7,1276,382,213,0,-4,2.08,97.91,100.0
2026-06-03,3713,新晶投控,17.7,18.55,17.15,17.5,443,0,-41,0,0,0.43,99.56,100.0
2026-06-03,3714,富采,70.1,74.1,69.8,70.0,33042,15734,-5945,0,-66,10.17,89.82,100.0
2026-06-03,3715,定穎投控,175.0,179.0,172.5,174.0,6319,3390,-106,-3,42,9.16,90.83,100.0
2026-06-03,3716,中化控股,34.75,35.0,34.5,34.8,297,27,57,0,-4,8.63,91.36,100.0
2026-06-03,3717,聯嘉投控,22.45,23.6,22.45,23.35,3678,758,1315,0,65,4.46,95.53,100.0
2026-06-03,4102,永日,16.9,17.5,16.7,17.35,219,24,55,0,0,1.41,98.58,100.0
2026-06-03,4104,佳醫,70.4,71.3,70.1,71.2,343,47,80,0,0,3.17,96.82,100.0
2026-06-03,4105,東洋,74.7,74.8,74.0,74.5,1100,135,-30,0,-148,20.44,79.55,100.0
2026-06-03,4106,雃博,24.05,24.3,23.75,24.3,305,21,28,0,-4,2.2,97.79,100.0
2026-06-03,4107,邦特,114.5,116.0,114.5,115.0,174,13,43,0,0,7.64,92.35,100.0
2026-06-03,4108,懷特,12.15,12.3,12.1,12.25,599,0,152,0,0,1.18,98.81,100.0
2026-06-03,4109,加捷生醫,11.4,11.45,11.25,11.45,306,19,26,0,0,0.94,99.05,100.0
2026-06-03,4111,濟生,30.1,30.15,29.85,29.95,254,10,52,0,0,3.44,96.55,100.0
2026-06-03,4113,聯上,14.4,15.4,14.35,15.25,368,28,93,0,0,1.74,98.25,100.0
2026-06-03,4114,健喬,30.4,30.45,30.1,30.35,1355,215,-126,0,0,5.72,94.27,100.0
2026-06-03,4115,善德生技,7.39,7.75,7.38,7.75,36,0,-4,0,0,0.0,0.0,0.0
2026-06-03,4116,明基醫,37.45,38.2,37.0,38.0,122,18,0,0,0,0.43,99.56,100.0
2026-06-03,4119,旭富,42.2,42.2,40.7,41.05,238,78,44,0,-6,5.41,94.58,100.0
2026-06-03,4120,友華,44.65,47.35,44.65,45.6,109,20,-14,0,0,6.18,93.81,100.0
2026-06-03,4121,優盛,14.0,14.25,13.95,14.15,165,21,41,0,0,2.0,97.99,100.0
2026-06-03,4123,晟德,38.4,38.4,38.1,38.35,2266,206,-600,0,-1,9.22,90.77,100.0
2026-06-03,4126,太醫,80.2,80.2,79.6,79.8,66,5,-13,0,0,8.97,91.02,100.0
2026-06-03,4127,天良,68.0,71.0,68.0,70.0,281,0,39,0,-5,0.86,99.13,100.0
2026-06-03,4128,中天,14.65,14.85,14.3,14.65,2071,710,177,0,0,4.26,95.73,100.0
2026-06-03,4129,聯合,88.0,89.7,87.4,88.8,323,59,-40,0,2,11.43,88.56,100.0
2026-06-03,4130,健亞,25.95,26.15,25.75,25.95,107,7,15,0,1,2.11,97.88,100.0
2026-06-03,4131,浩泰,33.3,33.3,33.0,33.0,6,0,0,0,0,1.19,98.8,100.0
2026-06-03,4133,亞諾法,20.85,21.3,20.85,21.25,210,9,65,0,0,12.57,87.42,100.0
2026-06-03,4137,麗豐-KY,107.0,109.0,106.0,108.5,292,23,-41,0,67,55.66,44.33,100.0
2026-06-03,4138,曜亞,50.9,51.8,50.0,51.3,169,17,7,0,0,1.19,98.8,100.0
2026-06-03,4139,馬光-KY,21.85,23.0,21.85,23.0,15,0,2,0,0,16.9,83.09,100.0
2026-06-03,4142,國光生,17.2,17.3,17.05,17.3,1278,281,128,0,1,4.71,95.28,100.0
2026-06-03,4147,中裕,52.9,56.2,52.3,55.8,2317,605,-103,0,0,8.17,91.82,100.0
2026-06-03,4148,全宇生技-KY,31.75,33.0,31.0,32.5,131,40,-5,0,-3,71.11,28.88,100.0
2026-06-03,4150,優你康,5.08,5.77,5.0,5.41,856,0,40,0,0,0.0,0.0,0.0
2026-06-03,4153,鈺緯,31.15,31.75,31.0,31.25,67,6,-2,0,0,0.32,99.67,100.0
2026-06-03,4154,樂威科-KY,12.85,13.1,12.85,13.1,6,0,0,0,0,29.99,70.0,100.0
2026-06-03,4155,訊映,14.5,14.5,14.35,14.45,520,51,59,0,0,1.33,98.66,100.0
2026-06-03,4157,太景*-KY,9.09,9.09,8.98,9.03,1632,174,497,0,-2,2.0,97.99,100.0
2026-06-03,4160,訊聯基因,40.0,40.35,40.0,40.05,66,7,3,0,0,0.94,99.05,100.0
2026-06-03,4161,聿新科,23.25,23.5,23.0,23.05,213,42,5,0,0,0.29,99.7,100.0
2026-06-03,4162,智擎,55.5,55.8,54.3,55.6,709,245,-128,0,0,8.52,91.47,100.0
2026-06-03,4163,鐿鈦,146.0,146.0,136.0,136.0,1474,494,-36,0,-1,2.65,97.34,100.0
2026-06-03,4164,承業醫,28.75,29.9,28.55,29.3,1060,176,-219,0,-8,18.9,81.09,100.0
2026-06-03,4166,友霖,23.35,23.95,23.3,23.45,140,19,-47,0,0,10.64,89.35,100.0
2026-06-03,4167,松瑞藥,20.1,20.2,19.95,20.15,1144,199,189,0,-5,10.91,89.08,100.0
2026-06-03,4168,醣聯,25.55,26.45,25.4,26.2,349,0,-32,0,0,4.69,95.3,100.0
2026-06-03,4169,泰宗,157.0,157.0,154.0,155.0,174,0,-64,0,0,6.51,93.48,100.0
2026-06-03,4170,鑫品生醫,13.14,13.55,12.9,13.55,68,0,0,0,0,0.0,0.0,0.0
2026-06-03,4171,瑞基,18.05,18.15,18.0,18.1,181,3,38,0,0,13.58,86.41,100.0
2026-06-03,4172,因華,11.47,11.35,10.35,10.4,1755,0,5,0,0,0.0,0.0,0.0
2026-06-03,4173,久裕,18.05,18.35,18.0,18.3,138,2,50,0,0,0.69,99.3,100.0
2026-06-03,4174,浩鼎,28.7,30.3,28.15,29.25,871,228,78,0,0,6.87,93.12,100.0
2026-06-03,4175,杏一,53.6,54.2,53.6,53.7,46,7,6,0,0,0.17,99.82,100.0
2026-06-03,4178,永笙-KY,18.6,18.9,18.5,18.6,488,0,-113,0,2,5.33,94.66,100.0
2026-06-03,4183,福永生技,13.0,13.3,12.9,13.3,5,0,0,0,0,0.0,99.99,100.0
2026-06-03,4186,尖端醫,9.93,10.45,9.9,10.1,438,0,7,0,0,0.0,0.0,0.0
2026-06-03,4188,安克,10.95,10.95,10.75,10.8,132,0,5,0,0,0.07,99.92,100.0
2026-06-03,4190,佐登-KY,24.4,24.7,24.3,24.65,93,4,10,0,0,58.82,41.17,100.0
2026-06-03,4192,杏國,20.5,20.75,20.35,20.75,23,0,0,0,0,0.31,99.68,100.0
2026-06-03,4194,禾生技,7.01,7.2,6.84,7.0,67,0,1,0,0,0.0,0.0,0.0
2026-06-03,4195,基米-創,16.9,16.9,16.4,16.55,444,0,167,0,0,1.22,98.77,100.0
2026-06-03,4197,暐世,8.71,9.35,8.78,9.35,65,0,0,0,0,0.0,0.0,0.0
2026-06-03,4198,欣大健康,38.45,38.65,38.45,38.65,3,0,0,0,0,1.16,98.83,100.0
2026-06-03,4205,中華食,72.4,72.7,72.1,72.7,67,1,5,0,0,0.6,99.39,100.0
2026-06-03,4207,環泰,19.5,19.5,19.2,19.5,205,14,13,0,0,1.6,98.39,100.0
2026-06-03,4303,信立,47.8,49.15,47.8,48.95,951,243,275,0,0,2.86,97.13,100.0
2026-06-03,4304,勝昱,26.05,26.3,26.0,26.0,52,0,-10,0,0,0.03,99.96,100.0
2026-06-03,4305,世坤,44.05,44.5,43.9,44.0,12,2,-1,0,0,0.06,99.93,100.0
2026-06-03,4306,炎洲,14.6,15.0,14.4,14.95,5039,662,1872,0,-3,5.97,94.02,100.0
2026-06-03,4401,東隆興,13.75,14.2,13.65,14.1,285,15,117,0,0,1.45,98.54,100.0
2026-06-03,4402,郡都開發,12.0,12.1,11.85,12.1,82,0,-8,0,0,2.25,97.74,100.0
2026-06-03,4406,新昕纖,0.0,0.0,0.0,0.0,0,0,0,0,0,0.18,99.81,100.0
2026-06-03,4413,飛寶企業,16.7,16.7,16.5,16.6,14,0,-5,0,0,5.72,94.27,100.0
2026-06-03,4414,如興,8.08,8.46,8.05,8.34,724,138,-174,0,0,26.52,73.47,100.0
2026-06-03,4416,三圓,12.2,12.2,11.7,11.7,244,34,-48,0,0,1.88,98.11,100.0
2026-06-03,4417,金洲,45.65,46.1,45.45,45.85,204,24,-47,0,0,3.67,96.32,100.0
2026-06-03,4419,元勝,46.2,46.2,45.5,45.6,69,0,-5,0,0,0.0,99.99,100.0
2026-06-03,4419,皇家美食,46.2,46.2,45.5,45.6,69,0,-5,0,0,0.0,99.99,100.0
2026-06-03,4420,光明,39.0,39.5,38.95,39.45,98,8,26,0,0,0.77,99.22,100.0
2026-06-03,4426,利勤,8.1,8.77,8.1,8.77,276,9,18,0,2,2.44,97.55,100.0
2026-06-03,4430,耀億,17.15,17.55,16.85,17.25,206,153,0,0,0,2.27,97.72,100.0
2026-06-03,4431,敏成健康,16.41,17.0,16.15,16.5,67,0,2,0,0,0.0,0.0,0.0
2026-06-03,4432,銘旺實,17.4,17.4,17.05,17.1,59,6,6,0,0,0.94,99.05,100.0
2026-06-03,4433,興采,20.75,20.95,20.6,20.7,50,3,0,0,0,0.16,99.83,100.0
2026-06-03,4438,廣越,61.9,62.5,61.7,61.9,88,15,-13,0,-3,1.86,98.13,100.0
2026-06-03,4439,冠星-KY,90.3,90.7,89.0,90.3,30,5,8,0,0,61.41,38.58,100.0
2026-06-03,4440,宜新實業,17.9,18.35,17.9,18.3,200,4,22,0,0,0.83,99.16,100.0
2026-06-03,4441,振大環球,210.0,214.5,207.5,212.5,86,23,4,0,0,1.6,98.39,100.0
2026-06-03,4442,竣邦-KY,51.1,51.2,51.0,51.2,15,0,1,0,0,60.96,39.03,100.0
2026-06-03,4502,健信,15.8,16.0,15.4,15.9,43,0,0,0,0,4.16,95.83,100.0
2026-06-03,4503,金雨,39.7,40.7,39.3,40.15,297,75,40,0,0,3.58,96.41,100.0
2026-06-03,4506,崇友,118.0,118.0,117.0,117.5,97,11,-13,0,0,3.3,96.69,100.0
2026-06-03,4510,高鋒,53.6,53.9,50.5,50.6,5398,1231,-1316,0,-145,4.56,95.43,100.0
2026-06-03,4513,福裕,15.25,15.65,15.05,15.35,662,186,-3,0,0,4.65,95.34,100.0
2026-06-03,4523,永彰,30.2,30.6,29.75,30.15,227,26,112,0,0,2.85,97.14,100.0
2026-06-03,4526,東台,42.5,45.2,41.5,44.7,22027,11558,1403,0,156,7.06,92.93,100.0
2026-06-03,4527,方土霖,42.1,42.1,41.5,41.7,125,1,-22,0,0,1.79,98.2,100.0
2026-06-03,4528,江興鍛,15.65,16.0,15.6,15.8,107,7,2,0,0,0.14,99.85,100.0
2026-06-03,4529,淳紳,4.9,5.0,4.85,4.86,54,0,5,0,0,38.06,61.93,100.0
2026-06-03,4530,宏易,29.0,29.0,25.8,26.5,80,22,2,0,0,2.32,97.67,100.0
2026-06-03,4532,瑞智,24.3,24.9,24.05,24.85,2039,279,763,-25,56,17.58,82.41,100.0
2026-06-03,4533,協易機,31.55,32.45,31.0,31.9,2558,681,748,0,4,5.33,94.66,100.0
2026-06-03,4534,慶騰,27.1,29.6,27.0,28.8,2473,0,492,0,0,2.84,97.15,100.0
2026-06-03,4535,至興,27.3,27.3,27.0,27.25,55,3,-2,0,-5,0.09,99.9,100.0
2026-06-03,4536,拓凱,160.5,165.5,159.5,163.0,572,84,57,0,0,11.64,88.35,100.0
2026-06-03,4537,旭東,159.55,174.0,156.0,171.0,302,0,16,0,0,0.0,0.0,0.0
2026-06-03,4538,大詠城,17.95,18.4,17.7,18.4,82,8,6,0,0,0.14,99.85,100.0
2026-06-03,4540,全球傳動,76.8,76.8,71.2,72.0,12991,3849,-3998,0,7,4.78,95.21,100.0
2026-06-03,4541,晟田,46.0,47.65,45.3,47.3,1667,334,350,0,3,6.28,93.71,100.0
2026-06-03,4542,科嶠,238.0,238.5,224.0,236.5,1097,526,-40,0,-24,6.72,93.27,100.0
2026-06-03,4543,萬在,46.25,47.95,45.4,45.4,4453,2009,-347,0,9,9.27,90.72,100.0
2026-06-03,4544,春日,14.12,14.5,14.2,14.25,12,0,0,0,0,0.0,0.0,0.0
2026-06-03,4545,銘鈺,42.5,43.1,41.15,42.05,533,148,66,0,-1,29.27,70.72,100.0
2026-06-03,4546,長亨,99.83,100.5,99.0,100.0,37,0,0,0,0,0.0,0.0,0.0
2026-06-03,4549,桓達,133.0,133.0,125.5,125.5,783,251,-123,0,1,1.71,98.28,100.0
2026-06-03,4550,長佳,24.9,25.3,24.9,25.3,59,8,7,0,0,1.58,98.41,100.0
2026-06-03,4551,智伸科,154.0,157.0,151.0,151.5,1123,337,65,-161,-1,52.92,47.07,100.0
2026-06-03,4552,力達-KY,20.85,20.85,20.4,20.7,126,9,-7,0,-1,42.78,57.21,100.0
2026-06-03,4553,盛復,18.01,18.55,17.8,18.55,9,0,0,0,0,0.0,0.0,0.0
2026-06-03,4554,橙的,30.3,30.35,30.2,30.2,30,0,12,0,0,24.45,75.54,100.0
2026-06-03,4555,氣立,53.9,57.0,53.8,56.1,947,239,143,0,25,2.82,97.17,100.0
2026-06-03,4556,旭然,39.2,40.0,39.15,39.5,244,55,101,0,0,10.88,89.11,100.0
2026-06-03,4557,永新-KY,43.7,44.45,43.25,44.4,79,10,0,0,0,30.5,69.49,100.0
2026-06-03,4558,寶緯,19.9,20.0,19.6,19.75,86,23,-1,0,0,0.35,99.64,100.0
2026-06-03,4559,久裕興,7.91,8.26,7.9,8.1,11,0,0,0,0,0.0,0.0,0.0
2026-06-03,4560,強信-KY,32.35,32.5,32.0,32.2,192,123,21,0,0,84.82,15.17,100.0
2026-06-03,4561,健椿,55.1,55.1,51.0,51.0,1327,265,-360,0,0,2.95,97.04,100.0
2026-06-03,4562,穎漢,41.85,42.0,40.55,40.7,1292,373,-332,0,-3,1.3,98.69,100.0
2026-06-03,4563,百德,50.5,54.0,50.5,51.2,851,342,20,0,-3,1.78,98.21,100.0
2026-06-03,4564,元翎,16.25,16.3,15.7,16.2,933,169,-74,0,2,2.74,97.25,100.0
2026-06-03,4565,宏偉,118.16,119.5,117.0,118.5,9,0,0,0,0,0.0,0.0,0.0
2026-06-03,4566,時碩工業,69.6,69.8,68.0,68.7,1242,292,-78,0,0,1.51,98.48,100.0
2026-06-03,4568,科際精密,41.9,41.95,41.1,41.95,59,16,7,0,0,20.09,79.9,100.0
2026-06-03,4569,六方科-KY,172.0,174.0,169.0,172.0,60,27,-3,0,0,67.05,32.94,100.0
2026-06-03,4570,傑生,72.5,72.4,70.1,70.1,1,0,0,0,0,0.0,0.0,0.0
2026-06-03,4571,鈞興-KY,200.0,201.0,194.0,195.0,660,215,56,0,0,66.42,33.57,100.0
2026-06-03,4572,駐龍,147.5,147.5,145.0,146.5,54,4,10,0,0,2.08,97.91,100.0
2026-06-03,4573,高明鐵,414.29,463.0,415.0,441.5,783,0,19,0,0,0.0,0.0,0.0
2026-06-03,4575,銓寶,29.5,29.55,29.0,29.55,65,0,-6,0,0,0.0,0.0,0.0
2026-06-03,4576,大銀微系統,240.0,243.0,232.0,233.0,2822,1180,-183,0,-157,5.93,94.06,100.0
2026-06-03,4577,達航科技,106.0,107.0,103.5,104.0,803,284,59,0,0,4.01,95.98,100.0
2026-06-03,4580,捷流閥業,82.8,83.6,82.8,83.4,55,3,20,0,0,4.03,95.96,100.0
2026-06-03,4581,光隆精密-KY,49.8,50.1,49.8,49.9,15,1,2,0,0,24.01,75.98,100.0
2026-06-03,4582,聚恆-創,25.95,26.3,25.1,26.0,511,0,92,0,3,0.92,99.07,100.0
2026-06-03,4583,台灣精銳,694.0,695.0,683.0,683.0,106,14,-6,0,-3,1.28,98.71,100.0
2026-06-03,4584,君帆,42.2,42.8,42.1,42.8,7,0,0,0,0,0.0,99.99,100.0
2026-06-03,4585,達明,354.5,357.0,345.0,347.0,569,146,-75,0,-2,0.34,99.65,100.0
2026-06-03,4587,寶元數控,61.91,62.8,59.3,59.3,93,0,-3,0,0,0.0,0.0,0.0
2026-06-03,4588,玖鼎電力,59.7,63.6,58.3,63.6,619,173,101,0,7,2.78,97.21,100.0
2026-06-03,4589,碩陽電機,38.74,39.15,37.4,39.15,10,0,0,0,0,0.0,0.0,0.0
2026-06-03,4590,富田-創,73.0,74.5,73.0,73.4,158,0,86,0,-3,1.82,98.17,100.0
2026-06-03,4609,唐鋒,5.62,5.62,5.44,5.44,8,0,0,0,0,0.0,99.99,100.0
2026-06-03,4702,中美實,9.9,10.3,9.9,10.1,397,86,11,0,0,43.67,56.32,100.0
2026-06-03,4706,大恭,31.6,32.0,31.5,31.95,55,9,3,0,0,29.47,70.52,100.0
2026-06-03,4707,磐亞,21.6,21.6,19.7,19.8,12193,3785,-166,0,-34,1.72,98.27,100.0
2026-06-03,4711,永純,18.65,19.0,18.0,18.2,1336,495,-45,0,-2,1.33,98.66,100.0
2026-06-03,4714,永捷,13.65,14.3,13.55,14.15,1771,325,248,0,-2,2.78,97.21,100.0
2026-06-03,4716,大立,16.75,17.0,16.4,16.65,2076,681,217,0,0,4.15,95.84,100.0
2026-06-03,4720,德淵,25.65,27.4,25.2,27.0,6331,1264,2149,-1,-51,7.42,92.57,100.0
2026-06-03,4721,美琪瑪,88.9,90.8,88.1,88.1,1222,418,1,0,1,9.58,90.41,100.0
2026-06-03,4722,國精化,278.0,286.0,277.0,278.0,714,0,17,0,-20,5.95,94.04,100.0
2026-06-03,4724,宣捷幹細胞,11.86,12.1,11.2,11.8,255,0,0,0,0,0.0,0.0,0.0
2026-06-03,4726,永昕,26.95,27.1,26.4,27.0,557,0,121,0,0,20.86,79.13,100.0
2026-06-03,4728,雙美,379.0,379.0,378.0,379.0,9,0,0,0,0,19.65,80.34,100.0
2026-06-03,4729,熒茂,27.8,28.0,26.35,27.2,4007,1686,-256,0,0,1.52,98.47,100.0
2026-06-03,4732,彥臣,18.95,19.05,18.9,19.05,15,0,0,0,0,0.0,0.0,0.0
2026-06-03,4735,豪展,32.35,32.65,31.9,32.6,85,7,6,0,0,0.21,99.78,100.0
2026-06-03,4736,泰博,126.0,126.0,124.0,126.0,251,46,7,-1,0,5.25,94.74,100.0
2026-06-03,4737,華廣,55.0,55.0,53.8,54.2,77,12,-21,0,-2,28.71,71.28,100.0
2026-06-03,4738,大同精化,7.76,8.0,7.51,7.94,501,0,-1,0,0,0.0,0.0,0.0
2026-06-03,4739,康普,110.0,116.5,109.0,114.5,5037,1884,58,0,106,12.15,87.84,100.0
2026-06-03,4741,泓瀚,58.9,59.2,56.7,58.0,605,295,-34,0,-2,2.58,97.41,100.0
2026-06-03,4743,合一,50.1,50.4,49.1,50.1,3982,1194,-763,0,1,7.49,92.5,100.0
2026-06-03,4744,皇將,35.7,36.3,35.4,35.95,308,56,-37,0,0,4.03,95.96,100.0
2026-06-03,4745,合富-KY,15.7,15.8,15.5,15.7,248,17,3,0,0,8.84,91.15,100.0
2026-06-03,4746,台耀,52.5,52.7,51.9,52.5,678,115,88,0,0,8.1,91.89,100.0
2026-06-03,4747,強生,55.6,55.6,54.5,55.0,37,2,0,0,0,0.61,99.38,100.0
2026-06-03,4749,新應材,1065.0,1075.0,1055.0,1070.0,969,268,-238,-8,23,12.71,87.28,100.0
2026-06-03,4754,國碳科,38.0,38.5,38.0,38.5,57,0,7,0,0,0.28,99.71,100.0
2026-06-03,4755,三福化,148.5,151.0,146.0,151.0,391,107,67,0,0,24.65,75.34,100.0
2026-06-03,4760,勤凱,406.0,425.0,396.5,420.5,1798,714,-626,0,25,8.17,91.82,100.0
2026-06-03,4763,材料*-KY,43.15,45.0,42.7,43.95,12735,4250,2313,-10,186,46.59,53.4,100.0
2026-06-03,4764,雙鍵,290.0,300.5,275.0,295.5,4372,2127,-698,419,-13,26.23,73.76,100.0
2026-06-03,4765,磐采,18.84,19.1,18.3,19.1,12,0,0,0,0,0.0,0.0,0.0
2026-06-03,4766,南寶,372.5,373.5,368.0,369.5,432,81,-15,4,0,13.86,86.13,100.0
2026-06-03,4767,誠泰科技,27.2,27.2,27.05,27.15,16,0,-1,0,0,0.04,99.95,100.0
2026-06-03,4768,晶呈科技,508.0,518.0,485.0,485.0,2275,999,-606,0,20,7.15,92.84,100.0
2026-06-03,4770,上品,252.5,253.5,243.0,243.5,712,136,-85,0,12,6.81,93.18,100.0
2026-06-03,4771,望隼,198.5,201.5,194.5,199.0,253,53,24,0,7,7.14,92.85,100.0
2026-06-03,4772,台特化,305.0,313.0,300.5,305.5,2762,849,543,0,94,5.39,94.6,100.0
2026-06-03,4806,桂田文創,10.0,10.0,10.0,10.0,7,0,0,0,0,1.88,98.11,100.0
2026-06-03,4807,日成-KY,31.5,33.3,31.45,32.15,1101,521,-7,0,-1,66.98,33.01,100.0
2026-06-03,4903,聯光通,45.95,47.9,45.95,46.4,5029,2712,-47,0,0,2.67,97.32,100.0
2026-06-03,4904,遠傳,99.9,101.5,98.6,100.5,9932,2816,-2271,3513,468,21.54,27.28,49.0
2026-06-03,4905,台聯電,84.5,85.5,82.2,83.9,42,10,0,0,0,9.68,90.31,100.0
2026-06-03,4906,正文,53.4,55.8,51.7,51.8,33350,17980,-3262,-6,-3,12.44,87.55,100.0
2026-06-03,4907,富宇,37.0,37.5,36.5,37.45,101,17,21,0,0,0.24,99.75,100.0
2026-06-03,4908,前鼎,245.0,255.0,243.0,251.0,5138,2650,54,0,15,10.08,89.91,100.0
2026-06-03,4909,新復興,53.8,54.0,53.1,53.1,764,247,79,0,0,9.6,90.39,100.0
2026-06-03,4911,德英,32.05,32.5,31.7,32.5,83,14,-1,0,0,0.29,99.7,100.0
2026-06-03,4912,聯德控股-KY,102.5,102.5,99.5,100.5,1663,376,-25,0,-1,24.32,75.67,100.0
2026-06-03,4915,致伸,77.8,78.7,77.6,78.0,6571,1126,1059,-621,412,33.09,66.9,100.0
2026-06-03,4916,事欣科,120.0,124.5,118.0,124.5,3693,0,-118,0,11,20.99,79.0,100.0
2026-06-03,4919,新唐,212.5,212.5,203.0,203.0,1696,0,267,0,79,9.3,90.69,100.0
2026-06-03,4923,力士,42.6,46.4,42.25,46.4,1284,397,119,0,12,1.44,98.55,100.0
2026-06-03,4924,欣厚-KY,12.75,13.1,12.6,12.6,260,40,-5,0,0,38.22,61.77,100.0
2026-06-03,4925,智微,154.94,156.5,136.5,147.0,901,0,-4,0,0,0.0,0.0,0.0
2026-06-03,4927,泰鼎-KY,52.9,53.5,51.7,52.0,6886,2240,-1247,0,-3,9.45,90.54,100.0
2026-06-03,4930,燦星網,17.85,18.05,17.7,18.05,69,2,13,0,0,2.17,97.82,100.0
2026-06-03,4931,新盛力,236.5,254.0,231.5,254.0,10841,4806,-259,0,91,11.43,88.56,100.0
2026-06-03,4933,友輝,78.5,81.2,77.5,77.9,1431,500,214,0,-1,7.56,92.43,100.0
2026-06-03,4934,太極,17.0,17.8,16.85,17.55,2153,0,1019,0,-1,3.0,96.99,100.0
2026-06-03,4935,茂林-KY,43.25,43.25,41.7,41.95,297,46,-84,0,-1,26.71,73.28,100.0
2026-06-03,4938,和碩,100.0,102.5,96.9,98.5,57606,23019,-14002,14205,-166,30.16,69.83,100.0
2026-06-03,4939,亞電,56.0,56.0,51.5,53.4,9205,2792,-558,0,-86,6.86,93.13,100.0
2026-06-03,4942,嘉彰,38.7,39.0,38.5,38.8,249,4,95,0,1,6.88,93.11,100.0
2026-06-03,4943,康控-KY,9.0,9.0,8.65,8.9,64,0,0,0,0,15.6,84.39,100.0
2026-06-03,4946,辣椒,104.0,106.0,102.0,104.0,51,0,14,0,0,4.22,95.77,100.0
2026-06-03,4949,有成精密,105.0,105.0,100.5,101.0,2564,1119,-220,-1,6,3.04,96.95,100.0
2026-06-03,4950,金耘國際,15.8,16.0,15.6,15.8,84,0,0,0,0,0.08,99.91,100.0
2026-06-03,4951,精拓科,121.0,124.0,118.5,121.5,593,142,-32,0,0,4.37,95.62,100.0
2026-06-03,4952,凌通,52.0,52.5,51.1,52.0,709,152,-117,0,0,5.6,94.39,100.0
2026-06-03,4953,緯軟,142.0,143.0,135.5,140.5,3743,1265,34,-1,88,11.89,88.1,100.0
2026-06-03,4956,光鋐,45.45,48.4,45.35,46.25,5621,3103,83,-1,-2,10.96,89.03,100.0
2026-06-03,4958,臻鼎-KY,516.0,524.0,505.0,510.0,8477,0,-3,-2664,-1,63.56,36.43,100.0
2026-06-03,4960,誠美材,33.0,34.4,32.85,33.9,9279,3107,1652,0,0,19.5,80.49,100.0
2026-06-03,4961,天鈺,173.0,174.5,170.5,171.5,801,152,122,20,13,19.71,80.28,100.0
2026-06-03,4966,譜瑞-KY,845.0,883.0,803.0,805.0,5308,2182,-353,-214,-20,34.1,65.89,100.0
2026-06-03,4967,十銓,314.5,315.5,295.5,299.0,17780,8813,-2368,0,-95,9.11,90.88,100.0
2026-06-03,4968,立積,121.5,122.0,117.5,117.5,1182,294,-230,0,-5,4.37,95.62,100.0
2026-06-03,4971,IET-KY,741.0,776.0,715.0,716.0,1832,899,-329,0,-32,12.25,87.74,100.0
2026-06-03,4972,湯石照明,16.5,16.55,16.4,16.55,104,6,7,0,0,2.1,97.89,100.0
2026-06-03,4973,廣穎,172.0,172.0,166.0,172.0,5203,0,-89,0,1,7.91,92.08,100.0
2026-06-03,4974,亞泰,78.0,79.5,77.6,79.0,542,62,75,0,0,4.92,95.07,100.0
2026-06-03,4976,佳凌,32.05,34.95,31.95,34.65,3453,945,-79,0,1,3.94,96.05,100.0
2026-06-03,4977,眾達-KY,217.5,232.5,217.5,219.5,8171,4478,55,-2,153,15.36,84.63,100.0
2026-06-03,4979,華星光,652.0,652.0,626.0,637.0,1696,0,-104,150,38,12.79,87.2,100.0
2026-06-03,4980,佐臻,48.34,50.9,47.85,48.55,248,0,-11,0,0,0.0,0.0,0.0
2026-06-03,4989,榮科,100.5,103.0,96.5,96.5,10882,4051,-588,0,0,2.96,97.03,100.0
2026-06-03,4991,環宇-KY,730.0,763.0,714.0,731.0,5107,2906,92,50,29,17.63,82.36,100.0
2026-06-03,4994,傳奇,88.0,88.0,85.6,87.2,45,13,-9,0,-5,2.68,97.31,100.0
2026-06-03,4995,晶達,46.8,46.8,46.2,46.75,88,1,2,0,-8,0.44,99.55,100.0
2026-06-03,4999,鑫禾,20.5,22.55,20.5,22.55,247,3,113,0,3,1.97,98.02,100.0
2026-06-03,5007,三星,58.0,58.0,57.2,57.9,554,9,4,0,0,2.96,97.03,100.0
2026-06-03,5009,榮剛,36.1,38.5,35.9,38.0,9869,2007,2381,0,698,10.94,89.05,100.0
2026-06-03,5011,久陽,19.0,19.5,18.9,19.05,612,130,83,0,0,2.79,97.2,100.0
2026-06-03,5013,強新,28.5,28.85,28.25,28.25,9,4,1,0,0,12.22,87.77,100.0
2026-06-03,5014,建錩,11.2,11.4,11.0,11.3,521,14,144,0,0,1.63,98.36,100.0
2026-06-03,5015,華祺,25.0,25.0,24.7,25.0,18,0,3,0,0,6.77,93.22,100.0
2026-06-03,5016,松和,25.15,25.3,25.0,25.1,139,3,68,0,0,0.68,99.31,100.0
2026-06-03,5201,凱衛,30.0,30.0,28.85,28.85,83,19,-7,0,0,8.27,91.72,100.0
2026-06-03,5202,力新,13.75,13.85,13.15,13.45,543,142,-169,0,0,1.03,98.96,100.0
2026-06-03,5203,訊連,72.0,72.3,70.3,71.4,940,190,-245,0,19,11.35,88.64,100.0
2026-06-03,5205,中茂,21.1,22.7,21.1,22.65,11,0,0,0,0,0.04,99.95,100.0
2026-06-03,5206,坤悅,21.7,21.85,21.5,21.65,555,45,125,0,-424,6.38,93.61,100.0
2026-06-03,5209,新鼎,177.0,178.0,174.0,175.0,81,8,-24,0,-1,2.06,97.93,100.0
2026-06-03,5210,寶碩,29.25,30.85,28.85,29.95,1209,271,200,0,0,1.77,98.22,100.0
2026-06-03,5211,蒙恬,19.4,19.65,19.4,19.6,55,5,-17,0,-1,7.93,92.06,100.0
2026-06-03,5212,凌網,45.8,46.8,45.8,46.25,19,7,2,0,0,21.76,78.23,100.0
2026-06-03,5213,亞昕,27.0,27.2,26.85,27.0,1599,112,-446,0,0,1.22,98.77,100.0
2026-06-03,5215,科嘉-KY,49.0,50.6,49.0,50.0,299,49,76,0,0,25.85,74.14,100.0
2026-06-03,5220,萬達光電,23.05,23.3,22.65,23.1,114,12,16,0,0,0.46,99.53,100.0
2026-06-03,5222,全訊,123.5,124.5,122.5,124.5,449,33,207,0,0,4.03,5.96,10.0
2026-06-03,5223,安力-KY,25.45,26.5,25.45,26.15,57,10,9,0,0,42.0,57.99,100.0
2026-06-03,5225,東科-KY,73.0,78.6,73.0,78.6,1608,381,-312,0,16,40.29,59.7,100.0
2026-06-03,5227,立凱-KY,24.4,24.55,24.4,24.5,136,0,21,0,0,12.82,87.17,100.0
2026-06-03,5228,鈺鎧,64.5,68.7,60.5,66.7,2669,1459,-432,0,0,1.76,98.23,100.0
2026-06-03,5230,雷笛克光學,17.95,18.45,17.8,18.3,475,79,136,0,0,1.76,98.23,100.0
2026-06-03,5234,達興材料,409.5,411.0,398.5,399.0,608,176,-120,-95,18,10.51,89.48,100.0
2026-06-03,5236,凌陽創新,172.5,173.0,168.5,169.0,672,99,-157,0,-18,5.42,94.57,100.0
2026-06-03,5240,建騰,24.23,24.8,24.0,24.8,5,0,0,0,0,0.0,0.0,0.0
2026-06-03,5243,乙盛-KY,125.5,131.0,122.5,128.5,7669,3039,-643,1433,151,55.91,44.08,100.0
2026-06-03,5244,弘凱,39.25,42.3,39.25,40.3,1853,984,-12,0,0,1.86,98.13,100.0
2026-06-03,5245,智晶,27.85,30.1,27.8,29.15,540,252,37,0,0,3.25,96.74,100.0
2026-06-03,5246,勵威,177.35,194.0,179.0,184.0,426,0,-9,0,0,0.0,0.0,0.0
2026-06-03,5248,景傳,40.74,43.95,39.85,42.1,100,0,4,0,0,0.0,0.0,0.0
2026-06-03,5251,天鉞電,33.4,33.85,31.4,32.85,2212,1069,-503,0,-2,26.98,73.01,100.0
2026-06-03,5254,欣訊科技,50.36,55.2,49.4,51.4,298,0,7,0,0,0.0,0.0,0.0
2026-06-03,5258,虹堡,52.6,52.7,51.9,52.3,638,115,-32,0,0,4.88,95.11,100.0
2026-06-03,5262,立達,51.63,53.9,51.5,52.9,217,0,-2,0,0,0.0,0.0,0.0
2026-06-03,5263,智崴,107.5,111.5,106.5,107.5,350,86,-82,0,0,15.23,84.76,100.0
2026-06-03,5267,龍翩,59.44,67.0,58.5,62.2,106,0,5,0,0,0.0,0.0,0.0
2026-06-03,5269,祥碩,1635.0,1635.0,1565.0,1575.0,1735,707,-203,23,-65,7.82,92.17,100.0
2026-06-03,5271,紘通,16.72,19.25,16.7,18.95,1092,0,56,0,0,0.0,0.0,0.0
2026-06-03,5272,笙科,23.5,23.7,22.8,23.45,519,147,27,0,0,3.6,96.39,100.0
2026-06-03,5274,信驊,18550.0,18755.0,17655.0,17980.0,297,113,-26,-49,3,53.69,46.3,100.0
2026-06-03,5276,達輝-KY,19.2,19.7,19.1,19.1,24,0,1,0,0,76.99,23.0,100.0
2026-06-03,5278,尚凡,23.7,24.9,23.2,24.6,551,88,-16,0,0,0.64,99.35,100.0
2026-06-03,5278,尚凡*,23.7,24.9,23.2,24.6,551,88,-16,0,0,0.64,99.35,100.0
2026-06-03,5283,禾聯碩,52.5,53.5,52.5,53.3,139,19,22,0,0,1.43,98.56,100.0
2026-06-03,5284,jpp-KY,430.0,442.0,425.0,426.0,661,265,-101,0,-16,51.37,48.62,100.0
2026-06-03,5285,界霖,91.4,93.8,90.1,90.6,4458,1979,325,0,7,4.36,95.63,100.0
2026-06-03,5287,數字,144.0,145.5,143.0,145.5,210,36,-55,0,0,15.96,84.03,100.0
2026-06-03,5288,豐祥-KY,161.5,168.5,160.5,166.5,290,43,35,0,1,58.79,41.2,100.0
2026-06-03,5289,宜鼎,1920.0,1980.0,1850.0,1890.0,4597,2661,582,-2,-1,24.23,75.76,100.0
2026-06-03,5291,邑昇,69.2,70.8,68.3,68.5,632,247,-62,0,19,4.1,95.89,100.0
2026-06-03,5292,華懋,224.5,227.0,222.5,222.5,99,31,9,-1,0,6.06,93.93,100.0
2026-06-03,5297,廣化,98.74,107.0,94.2,103.5,823,0,-22,0,0,0.0,0.0,0.0
2026-06-03,5299,杰力,112.5,115.5,110.0,111.0,682,279,-74,0,0,2.47,97.52,100.0
2026-06-03,5301,寶得利,7.09,7.32,6.79,7.04,52,0,1,0,0,2.1,97.89,100.0
2026-06-03,5302,太欣,11.4,11.9,11.25,11.65,1258,0,278,0,0,1.43,98.56,100.0
2026-06-03,5306,桂盟,84.9,84.9,84.4,84.8,101,8,16,0,0,12.62,87.37,100.0
2026-06-03,5309,系統電,82.3,83.8,77.9,79.5,22641,9094,1069,6,-100,12.52,87.47,100.0
2026-06-03,5310,天剛,22.8,24.55,22.8,24.55,15,0,0,0,0,0.06,99.93,100.0
2026-06-03,5312,寶島科,96.8,96.8,95.0,95.8,71,11,9,0,0,7.85,92.14,100.0
2026-06-03,5314,世紀*,63.6,63.9,62.7,63.5,2102,550,527,0,11,13.1,86.89,100.0
2026-06-03,5315,光聯,22.35,22.7,22.35,22.6,1429,91,589,0,0,9.53,90.46,100.0
2026-06-03,5321,美而快,66.0,66.0,56.1,56.1,702,0,2,0,0,1.71,98.28,100.0
2026-06-03,5324,士開,11.95,12.05,11.9,12.0,372,0,48,0,0,5.25,94.74,100.0
2026-06-03,5328,華容,39.6,39.85,38.0,38.05,17363,8030,-4238,0,-44,2.64,97.35,100.0
2026-06-03,5340,建榮,102.5,103.5,100.0,101.0,2100,453,390,0,-4,49.88,50.11,100.0
2026-06-03,5344,立衛,16.2,17.0,16.1,16.9,350,0,30,0,0,0.19,99.8,100.0
2026-06-03,5345,天揚,24.0,24.0,22.0,22.35,37,0,3,0,-1,0.03,99.96,100.0
2026-06-03,5345,馥鴻,24.0,24.0,22.0,22.35,37,0,3,0,-1,0.03,99.96,100.0
2026-06-03,5347,世界,172.5,175.0,168.0,168.0,28185,8215,2263,-5658,-244,28.95,71.04,100.0
2026-06-03,5348,正能量智能,15.45,15.45,15.35,15.35,8,0,0,0,0,0.02,99.97,100.0
2026-06-03,5351,鈺創,95.0,95.0,90.0,90.1,28428,15358,-1575,0,28,22.05,77.94,100.0
2026-06-03,5353,台林,32.1,32.3,31.25,32.0,532,95,89,0,0,0.57,99.42,100.0
2026-06-03,5355,佳總,6.45,6.58,6.27,6.58,183,0,0,0,0,0.19,99.8,100.0
2026-06-03,5356,協益,27.45,27.5,27.1,27.4,105,14,14,0,0,3.33,96.66,100.0
2026-06-03,5364,力麗店,8.72,8.93,8.61,8.84,260,59,53,0,0,0.69,99.3,100.0
2026-06-03,5371,中光電,74.2,75.8,73.2,75.1,5169,1386,1292,300,312,20.36,79.63,100.0
2026-06-03,5381,光譜,26.85,29.25,26.7,29.25,4136,970,656,0,43,1.29,98.7,100.0
2026-06-03,5386,青雲,560.0,562.0,537.0,547.0,2187,1036,23,0,-11,3.46,96.53,100.0
2026-06-03,5388,中磊,94.5,94.5,91.0,92.1,6769,2297,-802,0,-173,18.82,81.14,100.0
2026-06-03,5392,能率,47.45,47.45,45.7,45.9,5155,2151,-321,0,0,3.91,96.08,100.0
2026-06-03,5398,慕康生醫,17.25,18.3,17.25,18.2,93,9,-8,0,0,5.57,94.42,100.0
2026-06-03,5403,中菲,90.3,90.3,88.3,88.9,119,19,15,0,0,6.23,93.76,100.0
2026-06-03,5410,國眾,41.5,41.5,40.1,40.2,2058,270,296,0,6,8.77,91.22,100.0
2026-06-03,5425,台半,110.0,112.5,104.5,105.0,31281,16942,-6342,0,42,15.86,84.13,100.0
2026-06-03,5426,振發,24.8,24.8,24.8,24.8,655,0,0,0,0,2.52,97.47,100.0
2026-06-03,5432,新門,134.5,135.0,132.5,133.0,98,29,-1,0,0,0.86,99.13,100.0
2026-06-03,5434,崇越,476.0,491.0,472.0,473.0,1100,340,17,-2,0,31.05,68.94,100.0
2026-06-03,5438,東友,19.5,20.6,19.5,20.0,350,80,68,0,0,1.17,98.82,100.0
2026-06-03,5439,高技,380.0,385.0,375.0,375.0,1557,710,-84,50,9,18.94,81.05,100.0
2026-06-03,5443,均豪,122.5,127.0,121.5,122.0,3181,1547,41,0,-16,8.3,91.69,100.0
2026-06-03,5450,寶聯通,12.9,13.35,12.75,13.3,212,73,4,0,0,0.12,99.87,100.0
2026-06-03,5450,南良,12.9,13.35,12.75,13.3,212,73,4,0,0,0.12,99.87,100.0
2026-06-03,5452,佶優,34.15,36.2,33.5,35.35,4458,1283,1055,0,150,10.95,89.04,100.0
2026-06-03,5455,昇益,24.4,25.0,24.4,25.0,7,0,1,0,0,0.12,99.87,100.0
2026-06-03,5457,宣德,31.35,32.25,30.7,32.0,895,198,178,0,-3,28.15,71.84,100.0
2026-06-03,5460,同協,15.05,15.4,15.0,15.15,115,5,14,0,0,0.42,99.57,100.0
2026-06-03,5464,霖宏,76.3,78.7,69.1,69.9,2018,759,-68,0,0,4.17,95.82,100.0
2026-06-03,5465,富驊,28.0,28.6,27.8,28.3,349,82,20,0,0,2.36,97.63,100.0
2026-06-03,5468,凱鈺,18.3,18.3,18.05,18.05,120,0,-8,0,0,0.16,99.83,100.0
2026-06-03,5469,瀚宇博,86.2,88.2,85.7,86.9,5093,1679,926,0,126,11.34,88.65,100.0
2026-06-03,5471,松翰,53.0,53.6,52.2,52.7,1762,552,33,0,7,10.16,89.83,100.0
2026-06-03,5474,聰泰,187.0,187.0,180.5,181.0,898,210,-27,0,-2,2.22,97.77,100.0
2026-06-03,5475,德宏,322.0,322.0,300.0,305.0,4029,0,-237,0,-34,9.32,90.67,100.0
2026-06-03,5478,智冠,104.0,104.0,102.0,103.0,214,41,11,0,-1,18.03,81.96,100.0
2026-06-03,5481,新華,18.65,18.9,18.2,18.8,1266,65,85,0,0,25.94,74.05,100.0
2026-06-03,5483,中美晶,165.5,172.5,163.0,167.0,13770,6334,656,12,372,23.52,76.47,100.0
2026-06-03,5484,慧友,57.4,57.7,54.5,54.5,3010,0,-549,-1,2,1.45,98.54,100.0
2026-06-03,5487,通泰,27.65,27.95,27.2,27.4,62,37,-7,0,0,0.57,99.42,100.0
2026-06-03,5488,松普,14.25,14.3,13.6,13.9,2278,754,-199,0,0,1.46,98.53,100.0
2026-06-03,5489,彩富,38.85,39.35,38.85,39.3,68,8,9,0,0,0.65,99.34,100.0
2026-06-03,5490,同亨,29.95,31.4,29.95,30.45,1388,433,198,0,4,6.74,93.25,100.0
2026-06-03,5493,三聯,94.5,94.5,91.7,91.9,263,68,-19,0,-1,2.65,97.34,100.0
2026-06-03,5498,凱崴,63.9,64.0,61.6,62.4,4374,1368,275,0,-9,3.28,96.71,100.0
2026-06-03,5508,永信建,48.85,53.7,48.3,53.7,2089,323,183,0,24,3.53,96.46,100.0
2026-06-03,5511,德昌,72.2,72.6,72.0,72.3,100,2,35,0,0,4.28,95.71,100.0
2026-06-03,5512,力麒,7.39,7.71,7.33,7.69,3735,1142,-13,0,0,4.93,95.06,100.0
2026-06-03,5514,三豐,14.2,14.45,13.85,14.0,308,260,2,0,4,0.03,99.96,100.0
2026-06-03,5515,建國,41.4,41.75,40.95,41.15,730,395,44,-8,6,12.32,87.67,100.0
2026-06-03,5516,雙喜,10.4,10.75,10.3,10.5,75,0,4,0,0,0.06,99.93,100.0
2026-06-03,5519,隆大,32.0,32.3,31.7,32.15,750,75,256,0,1,4.34,95.65,100.0
2026-06-03,5520,力泰,81.4,81.4,81.4,81.4,3,0,1,0,0,0.03,99.96,100.0
2026-06-03,5521,工信,10.25,10.65,10.2,10.55,7501,2126,2976,0,-1,7.99,92.0,100.0
2026-06-03,5522,遠雄,75.5,76.7,74.0,76.2,1886,554,654,-10,81,4.7,95.29,100.0
2026-06-03,5523,豐謙,30.5,30.7,30.4,30.45,32,3,-3,0,0,0.12,99.87,100.0
2026-06-03,5525,順天,21.8,21.95,21.6,21.9,93,6,29,0,0,1.7,98.29,100.0
2026-06-03,5529,鉅陞,22.35,22.35,21.9,22.2,97,17,-6,0,0,0.71,99.28,100.0
2026-06-03,5530,龍巖,50.0,54.0,49.8,54.0,3496,992,1031,0,11,54.46,45.53,100.0
2026-06-03,5531,鄉林,7.98,8.04,7.83,7.96,745,178,6,0,0,2.6,97.39,100.0
2026-06-03,5533,皇鼎,14.0,14.05,13.95,14.05,144,1,27,0,0,2.73,97.26,100.0
2026-06-03,5534,長虹,73.9,74.0,72.7,73.6,2112,222,-530,0,-3,8.37,91.62,100.0
2026-06-03,5536,聖暉*,1005.0,1065.0,999.0,1055.0,2200,523,554,-12,69,37.87,62.12,100.0
2026-06-03,5538,東明-KY,35.8,36.0,35.6,35.85,33,2,-3,0,2,63.83,36.16,100.0
2026-06-03,5543,桓鼎-KY,29.75,29.75,29.1,29.7,10,0,-2,0,0,0.02,99.97,100.0
2026-06-03,5546,永固-KY,17.05,17.3,17.05,17.2,16,4,6,0,0,53.75,46.24,100.0
2026-06-03,5547,久舜,21.9,22.25,21.9,22.2,50,0,0,0,0,0.16,99.83,100.0
2026-06-03,5548,安倉,23.3,23.45,23.2,23.35,83,5,22,0,0,0.2,99.79,100.0
2026-06-03,5601,台聯櫃,32.0,32.15,32.0,32.15,5,0,0,0,0,4.44,95.55,100.0
2026-06-03,5603,陸海,15.2,15.2,15.0,15.15,273,29,91,0,0,5.17,94.82,100.0
2026-06-03,5604,中連貨,30.7,30.9,30.6,30.7,39,2,18,0,0,3.04,96.95,100.0
2026-06-03,5604,中連,30.7,30.9,30.6,30.7,39,2,18,0,0,3.04,96.95,100.0
2026-06-03,5607,遠雄港,51.6,52.4,51.0,52.1,872,163,307,0,-5,3.46,96.53,100.0
2026-06-03,5608,四維航,14.85,15.2,14.6,15.05,3099,868,314,0,0,5.15,42.34,47.5
2026-06-03,5609,中菲行,81.5,82.3,81.2,82.2,270,29,-61,0,23,14.44,85.55,100.0
2026-06-03,5701,劍湖山,5.32,5.32,5.32,5.32,407,0,0,0,228,0.0,99.99,100.0
2026-06-03,5703,亞都,14.65,14.65,14.65,14.65,1,0,0,0,0,6.62,93.37,100.0
2026-06-03,5704,老爺知,21.0,21.35,21.0,21.25,29,1,2,0,0,0.16,99.83,100.0
2026-06-03,5706,鳳凰,52.8,53.1,52.2,52.9,418,47,78,0,0,1.92,98.07,100.0
2026-06-03,5859,遠壽,13.56,13.85,13.2,13.65,219,0,0,0,0,0.0,0.0,0.0
2026-06-03,5863,瑞興銀,10.75,10.9,10.5,10.9,74,0,0,0,0,0.0,0.0,0.0
2026-06-03,5864,致和證,46.6,49.9,45.65,49.9,17689,7778,-213,0,0,6.65,93.34,100.0
2026-06-03,5871,中租-KY,116.0,119.0,114.0,117.5,26063,8107,-7317,9684,92,45.06,54.93,100.0
2026-06-03,5876,上海商銀,41.0,41.2,40.65,40.8,13663,2085,-1927,3649,-8,53.47,46.52,100.0
2026-06-03,5878,台名,41.55,41.9,41.3,41.7,90,0,-2,0,0,0.56,99.43,100.0
2026-06-03,5880,合庫金,23.1,23.5,22.95,23.4,31552,4503,11099,930,133,15.21,84.78,100.0
2026-06-03,5902,德記,34.2,34.45,34.0,34.45,40,1,8,0,0,1.19,98.8,100.0
2026-06-03,5903,全家,187.0,187.5,186.5,187.5,44,4,1,0,0,50.91,49.08,100.0
2026-06-03,5904,寶雅,568.0,575.0,560.0,571.0,297,81,-38,-2,-4,29.08,70.91,100.0
2026-06-03,5905,南仁湖,8.12,8.59,8.01,8.42,1965,0,126,0,0,1.46,98.53,100.0
2026-06-03,5906,台南-KY,46.5,47.0,46.5,47.0,6,0,0,0,0,19.37,80.62,100.0
2026-06-03,5907,大洋-KY,5.18,5.22,5.05,5.2,615,116,65,0,0,52.23,47.76,100.0
2026-06-03,6005,群益證,41.7,45.35,41.4,44.7,46972,21301,-9156,-4070,0,17.22,82.77,100.0
2026-06-03,6015,宏遠證,21.3,22.9,20.9,22.9,10061,2254,-534,0,0,9.4,90.59,100.0
2026-06-03,6016,康和證,33.3,35.75,32.75,35.75,39412,18824,-2249,0,0,11.06,88.93,100.0
2026-06-03,6020,大展證,24.3,26.15,24.25,25.7,1752,675,0,0,0,0.02,99.97,100.0
2026-06-03,6021,美好證,40.65,43.35,39.6,43.3,1692,725,238,0,0,7.69,92.3,100.0
2026-06-03,6023,元大期,101.0,102.0,100.0,102.0,286,28,130,0,0,2.06,97.93,100.0
2026-06-03,6024,群益期,58.7,61.2,58.7,60.0,1280,206,468,0,0,4.29,95.7,100.0
2026-06-03,6026,福邦證,18.2,19.55,18.1,19.3,17346,7150,1552,0,0,8.98,91.01,100.0
2026-06-03,6027,德信,11.87,14.15,12.35,13.0,86,0,-12,0,0,0.0,0.0,0.0
2026-06-03,6028,公勝保經,78.7,79.5,78.7,79.0,14,0,0,0,0,0.64,99.35,100.0
2026-06-03,6035,悠遊卡,50.55,52.5,50.8,52.4,24,0,0,0,0,0.0,0.0,0.0
2026-06-03,6101,寬魚國際,40.9,42.0,40.8,41.55,501,67,-38,0,13,0.43,99.56,100.0
2026-06-03,6103,合邦,39.4,39.4,39.4,39.4,3,0,0,0,0,0.68,99.31,100.0
2026-06-03,6104,創惟,102.0,105.0,99.7,103.0,2909,981,663,0,14,12.91,87.08,100.0
2026-06-03,6108,競國,19.75,19.95,19.4,19.75,1116,160,234,0,-10,3.79,96.2,100.0
2026-06-03,6109,亞元,11.3,11.95,11.15,11.75,774,0,195,0,0,2.0,97.99,100.0
2026-06-03,6111,光聚晶電,44.0,44.25,43.3,43.8,300,78,-8,0,0,10.66,89.33,100.0
2026-06-03,6112,邁達特,49.7,49.7,47.85,48.95,2756,1148,354,0,41,1.78,98.21,100.0
2026-06-03,6113,亞矽,28.05,28.1,27.2,27.25,386,68,-46,0,0,3.42,96.57,100.0
2026-06-03,6114,久威,30.5,31.65,30.3,31.3,74,7,8,0,0,0.79,99.2,100.0
2026-06-03,6115,鎰勝,47.85,48.8,47.85,48.45,623,61,105,0,-1,5.56,94.43,100.0
2026-06-03,6116,彩晶,21.55,22.7,21.55,22.7,108791,0,-3529,0,-342,7.54,92.45,100.0
2026-06-03,6117,迎廣,88.0,89.7,86.0,88.8,1738,726,268,0,0,2.21,97.78,100.0
2026-06-03,6118,建達,18.85,18.9,18.3,18.45,660,291,41,0,0,1.46,98.53,100.0
2026-06-03,6120,達運,15.7,16.5,15.55,16.1,12546,5071,781,20,232,9.4,90.59,100.0
2026-06-03,6121,新普,403.5,413.0,401.5,408.0,1778,420,789,-501,10,38.41,61.58,100.0
2026-06-03,6122,擎邦,48.35,49.0,47.55,48.65,353,64,43,0,0,4.68,95.31,100.0
2026-06-03,6123,上奇,46.0,46.25,45.65,46.25,200,20,-22,0,0,2.64,97.35,100.0
2026-06-03,6124,業強,35.55,35.55,33.05,33.6,943,284,-165,0,0,50.88,49.11,100.0
2026-06-03,6125,廣運,71.8,72.2,69.3,69.3,4382,654,-1445,0,20,9.42,90.57,100.0
2026-06-03,6126,信音,38.8,42.65,37.8,42.65,15724,5140,1909,0,460,7.32,92.67,100.0
2026-06-03,6127,九豪,79.8,80.5,74.4,74.6,31348,14309,-3693,0,-73,8.82,91.17,100.0
2026-06-03,6128,上福,20.2,21.05,20.2,20.9,341,19,-8,0,1,4.51,95.48,100.0
2026-06-03,6129,普誠,16.4,17.95,16.25,17.55,2584,0,390,0,79,2.54,97.45,100.0
2026-06-03,6130,上亞科技,23.2,23.35,22.65,22.8,287,59,-15,0,0,0.46,99.53,100.0
2026-06-03,6133,金橋,23.55,24.3,23.35,24.15,2028,498,448,0,-1,2.43,97.56,100.0
2026-06-03,6134,萬旭,39.7,39.7,37.1,37.25,2767,913,-417,0,0,27.29,72.7,100.0
2026-06-03,6136,富爾特,26.7,27.2,26.45,27.1,1501,353,-442,0,1,3.56,96.43,100.0
2026-06-03,6138,茂達,333.5,337.5,328.0,330.5,643,256,27,0,11,17.08,82.91,100.0
2026-06-03,6139,亞翔,762.0,798.0,762.0,784.0,2887,1191,318,-4,43,29.45,70.54,100.0
2026-06-03,6140,訊達,24.0,24.0,22.8,23.2,1375,0,-64,0,-3,1.6,98.39,100.0
2026-06-03,6141,柏承,40.35,41.7,39.75,40.0,2592,0,-871,0,-3,3.43,96.56,100.0
2026-06-03,6142,友勁,8.66,8.97,8.66,8.92,716,0,2,0,-2,2.67,97.32,100.0
2026-06-03,6143,振曜,101.0,101.0,99.0,99.0,859,187,-95,0,-4,10.25,89.74,100.0
2026-06-03,6144,得利影,14.15,14.95,14.15,14.75,35,0,2,0,0,33.41,66.58,100.0
2026-06-03,6146,耕興,223.0,223.5,218.5,220.0,896,212,-98,0,-11,29.67,70.32,100.0
2026-06-03,6147,頎邦,295.0,307.0,275.0,275.0,74366,41374,-7886,-3154,-152,22.2,77.79,100.0
2026-06-03,6148,驊宏資,35.25,36.7,33.8,33.9,3652,1947,-367,0,0,1.88,98.11,100.0
2026-06-03,6150,撼訊,83.6,83.6,72.0,72.1,6709,3496,-436,0,-2,6.26,93.73,100.0
2026-06-03,6151,晉倫,44.2,45.8,43.8,44.9,757,213,122,0,19,4.99,95.0,100.0
2026-06-03,6152,百一,15.75,16.25,15.3,15.8,3432,0,50,0,-5,2.11,97.88,100.0
2026-06-03,6153,嘉聯益,19.15,19.65,18.85,19.6,8931,3575,1712,0,194,12.07,87.92,100.0
2026-06-03,6154,順發,13.35,13.9,13.35,13.85,206,20,10,0,0,0.74,99.25,100.0
2026-06-03,6155,鈞寶,75.5,78.1,71.3,71.4,13693,7161,-1109,0,-6,9.45,90.54,100.0
2026-06-03,6156,松上,19.35,19.75,19.35,19.65,610,80,61,0,0,5.37,94.62,100.0
2026-06-03,6158,禾昌,18.0,18.2,17.85,18.1,133,19,42,0,0,0.92,99.07,100.0
2026-06-03,6160,欣技,17.9,18.4,17.8,17.85,323,0,-36,0,0,2.31,97.68,100.0
2026-06-03,6161,捷波,57.1,57.6,55.6,57.0,542,139,54,0,0,3.09,96.9,100.0
2026-06-03,6163,華電網,52.5,57.4,52.5,57.4,7758,1868,645,0,67,3.22,96.77,100.0
2026-06-03,6164,華興,13.4,13.9,13.2,13.55,2458,726,734,0,-14,5.75,94.24,100.0
2026-06-03,6165,浪凡,48.4,48.4,47.95,48.2,590,80,19,0,0,17.82,82.17,100.0
2026-06-03,6166,凌華,130.5,131.5,123.0,127.0,3189,1473,241,0,-8,20.35,79.64,100.0
2026-06-03,6167,久正,12.4,12.85,12.25,12.6,1766,539,-291,0,0,4.75,95.24,100.0
2026-06-03,6168,宏齊,27.6,28.7,27.6,27.6,3724,1659,80,0,-2,3.52,96.47,100.0
2026-06-03,6169,昱泉,14.25,15.45,14.25,15.45,348,0,109,0,0,0.64,99.35,100.0
2026-06-03,6170,統振,51.9,53.0,51.7,52.7,362,23,84,0,1,3.13,96.86,100.0
2026-06-03,6171,大城地產,23.65,23.65,23.05,23.5,19,7,1,0,0,0.16,99.83,100.0
2026-06-03,6173,信昌電,227.0,233.0,220.5,230.5,1072,0,-100,0,328,17.45,82.54,100.0
2026-06-03,6174,安碁,46.9,50.4,46.0,46.35,4071,2451,-307,0,0,3.09,96.9,100.0
2026-06-03,6175,立敦,95.6,95.6,89.0,91.3,9488,4217,-2037,0,-145,22.5,77.49,100.0
2026-06-03,6176,瑞儀,104.5,104.5,102.0,102.5,10505,3125,3878,-5548,96,26.58,73.41,100.0
2026-06-03,6177,達麗,43.25,44.65,42.65,44.2,2322,458,650,-380,274,6.64,93.35,100.0
2026-06-03,6179,亞通,23.6,24.5,23.45,24.35,1955,255,794,0,27,4.93,95.06,100.0
2026-06-03,6180,橘子,44.0,44.0,42.7,43.5,1134,141,-506,0,27,22.65,77.34,100.0
2026-06-03,6182,合晶,92.3,96.9,92.3,96.9,9019,0,3470,0,-525,22.92,77.07,100.0
2026-06-03,6183,關貿,91.0,91.0,90.0,90.9,80,5,9,0,0,1.09,98.9,100.0
2026-06-03,6184,大豐電,46.0,46.4,46.0,46.3,74,0,21,0,0,2.79,16.2,19.0
2026-06-03,6185,幃翔,14.1,14.8,14.05,14.8,708,123,22,0,0,2.03,97.96,100.0
2026-06-03,6186,新潤,39.2,40.0,38.8,39.95,1511,290,409,0,0,2.75,97.24,100.0
2026-06-03,6187,萬潤,1035.0,1075.0,1015.0,1065.0,2631,1009,86,145,-11,28.71,71.28,100.0
2026-06-03,6188,廣明,87.4,89.9,86.1,88.2,4129,1642,126,0,18,10.08,89.91,100.0
2026-06-03,6189,豐藝,52.3,56.2,51.2,56.2,3972,889,-104,-13,4,8.1,91.89,100.0
2026-06-03,6190,萬泰科,83.9,85.1,83.0,83.0,5488,2181,-82,0,-51,10.8,89.19,100.0
2026-06-03,6191,精成科,97.7,103.5,97.3,100.5,15277,6164,2347,293,199,4.8,95.19,100.0
2026-06-03,6192,巨路,127.5,131.0,127.5,130.5,237,30,140,0,1,25.29,74.7,100.0
2026-06-03,6194,育富,33.2,35.4,33.2,34.6,276,96,16,0,0,2.44,97.55,100.0
2026-06-03,6195,詩肯,26.05,26.4,25.9,26.1,47,2,4,0,0,45.03,54.96,100.0
2026-06-03,6196,帆宣,529.0,529.0,508.0,510.0,1845,798,-293,24,-31,17.11,82.88,100.0
2026-06-03,6197,佳必琪,330.0,338.0,320.5,329.0,6076,3296,-450,5,50,7.73,92.26,100.0
2026-06-03,6198,瑞築,20.25,20.4,20.25,20.25,16,0,-1,0,0,0.04,99.95,100.0
2026-06-03,6199,天品,90.5,91.7,89.7,90.8,717,197,81,0,3,5.3,94.69,100.0
2026-06-03,6201,亞弘電,49.0,49.45,48.9,49.45,33,0,8,0,0,1.16,98.83,100.0
2026-06-03,6202,盛群,58.0,59.2,56.8,58.4,2414,895,-324,8,8,11.92,88.07,100.0
2026-06-03,6203,海韻電,72.6,73.3,72.0,72.5,347,78,-15,8,0,3.16,96.83,100.0
2026-06-03,6204,艾華,109.5,114.0,103.0,103.5,1197,479,-248,0,0,1.56,98.43,100.0
2026-06-03,6205,詮欣,89.0,94.0,87.6,91.2,13657,8007,-372,0,-56,1.18,98.81,100.0
2026-06-03,6206,飛捷,144.5,145.5,140.0,141.5,2455,1046,-665,-6,-22,15.0,84.99,100.0
2026-06-03,6207,雷科,130.0,139.5,129.5,139.5,7437,3252,452,0,121,7.52,92.47,100.0
2026-06-03,6208,日揚,92.8,92.8,90.0,90.6,741,138,48,0,0,2.31,97.68,100.0
2026-06-03,6209,今國光,79.0,82.4,78.2,80.6,7477,3591,184,0,67,5.37,94.62,100.0
2026-06-03,6210,慶生,21.0,21.5,21.0,21.2,21,0,1,0,0,0.25,99.74,100.0
2026-06-03,6212,理銘,28.0,28.0,28.0,28.0,2,0,0,0,0,0.47,99.52,100.0
2026-06-03,6213,聯茂,275.0,278.5,268.0,270.0,12618,6364,-2502,-5,-216,11.79,88.17,100.0
2026-06-03,6214,精誠,162.0,162.0,149.0,153.0,9993,3190,1673,300,-20,13.82,86.17,100.0
2026-06-03,6215,和椿,120.0,120.0,116.0,117.5,2322,760,106,0,-43,7.31,92.68,100.0
2026-06-03,6216,居易,23.85,24.0,23.5,23.9,407,43,-18,0,0,3.11,96.88,100.0
2026-06-03,6217,中探針,322.0,327.0,291.5,292.0,11644,4762,-1445,0,-87,18.05,81.94,100.0
2026-06-03,6218,豪勉,38.1,38.7,37.25,38.2,919,306,-155,0,0,1.49,98.5,100.0
2026-06-03,6219,富旺,12.45,12.7,12.15,12.6,555,74,188,0,0,2.22,97.77,100.0
2026-06-03,6220,岳豐,33.3,33.3,33.0,33.05,380,82,-14,0,-15,3.77,96.22,100.0
2026-06-03,6221,晉泰,24.4,24.6,24.05,24.5,296,51,59,0,0,1.23,98.76,100.0
2026-06-03,6222,立軒,20.6,20.6,20.3,20.5,7,0,0,0,0,0.12,99.87,100.0
2026-06-03,6223,旺矽,5760.0,6060.0,5750.0,5900.0,1036,430,-101,69,17,30.11,69.88,100.0
2026-06-03,6224,聚鼎,85.0,86.0,81.8,82.1,1252,367,-319,0,1,4.31,95.68,100.0
2026-06-03,6225,天瀚,26.1,26.1,23.6,23.95,34,0,1,0,0,0.04,99.95,100.0
2026-06-03,6226,光鼎,13.6,14.25,13.4,14.0,4999,1314,1521,0,0,4.74,95.25,100.0
2026-06-03,6227,茂綸,134.5,139.0,134.0,135.5,2220,835,229,0,25,5.97,94.02,100.0
2026-06-03,6228,全譜,21.0,21.7,20.45,21.7,28,0,1,0,0,0.18,99.81,100.0
2026-06-03,6229,研通,27.25,27.65,26.95,27.55,251,47,51,0,0,1.54,98.45,100.0
2026-06-03,6230,尼得科超眾,143.0,148.0,143.0,143.0,178,58,53,0,0,87.09,12.9,100.0
2026-06-03,6231,系微,323.0,324.0,307.5,312.0,1365,473,-262,0,15,12.75,87.24,100.0
2026-06-03,6233,旺玖,25.25,26.25,25.0,25.95,588,98,164,0,0,6.42,93.57,100.0
2026-06-03,6234,高僑,48.0,48.9,47.2,47.65,1307,437,-234,0,-2,9.99,90.0,100.0
2026-06-03,6235,華孚,46.3,46.3,44.95,45.35,1858,533,-368,0,3,3.47,96.52,100.0
2026-06-03,6236,中湛,0.0,0.0,0.0,0.0,0,0,0,0,0,0.02,99.97,100.0
2026-06-03,6237,驊訊,55.5,56.1,52.5,56.1,4474,1368,-95,0,36,11.6,88.39,100.0
2026-06-03,6239,力成,342.0,353.0,333.0,343.0,15557,0,1324,-4956,342,36.28,63.71,100.0
2026-06-03,6240,松崗,18.25,18.3,18.15,18.15,5,0,-1,0,0,0.25,99.74,100.0
2026-06-03,6241,鑫永洋,10.35,10.7,10.35,10.45,253,0,5,0,0,0.18,99.81,100.0
2026-06-03,6242,立康,37.55,38.2,37.55,38.2,30,0,-2,0,0,0.48,99.51,100.0
2026-06-03,6243,迅杰,33.8,34.15,33.3,34.05,434,80,123,0,0,2.98,97.01,100.0
2026-06-03,6244,茂迪,29.7,31.8,29.3,31.25,15381,3970,5851,0,1102,21.05,78.94,100.0
2026-06-03,6245,立端,92.8,92.8,89.7,89.9,1910,544,-279,0,14,9.7,90.29,100.0
2026-06-03,6246,臺龍,15.55,16.7,15.55,16.05,185,80,11,0,0,0.24,99.75,100.0
2026-06-03,6248,沛波,18.5,18.95,18.4,18.95,193,11,89,0,0,0.91,99.08,100.0
2026-06-03,6257,矽格,220.5,234.5,220.0,230.0,15054,4276,6138,-2335,64,29.7,70.29,100.0
2026-06-03,6259,百徽,26.9,27.8,26.65,27.2,473,152,81,0,4,40.22,59.77,100.0
2026-06-03,6261,久元,107.5,110.5,105.0,105.5,4072,1457,448,0,-139,5.8,94.19,100.0
2026-06-03,6263,普萊德,182.5,183.5,179.5,180.5,647,84,-135,0,0,1.61,98.38,100.0
2026-06-03,6264,富裔,6.05,6.21,5.92,6.06,77,0,-2,0,0,0.02,99.97,100.0
2026-06-03,6265,方土昶,62.3,62.8,58.3,58.9,20784,8686,-5273,0,-27,8.38,91.61,100.0
2026-06-03,6266,泰詠,28.4,28.4,28.15,28.25,511,75,81,0,0,2.32,97.67,100.0
2026-06-03,6269,台郡,75.2,80.0,72.2,77.5,24865,12653,755,0,770,18.11,81.88,100.0
2026-06-03,6270,倍微,29.65,29.9,28.6,29.35,1680,587,236,0,0,4.82,95.17,100.0
2026-06-03,6271,同欣電,253.0,253.0,247.5,250.0,1916,0,193,0,13,33.02,66.97,100.0
2026-06-03,6272,驊陞,39.3,41.5,37.2,40.35,2079,0,-679,0,-1,2.77,97.22,100.0
2026-06-03,6274,台燿,1605.0,1730.0,1585.0,1695.0,6904,2912,708,419,-168,37.81,62.18,100.0
2026-06-03,6275,元山,52.2,52.7,51.2,52.3,797,181,119,0,-4,2.35,97.64,100.0
2026-06-03,6276,安鈦克,27.0,28.0,27.0,27.95,64,0,16,0,0,1.73,98.26,100.0
2026-06-03,6277,宏正,80.1,81.9,79.1,79.8,731,255,-32,0,7,8.73,91.26,100.0
2026-06-03,6278,台表科,220.0,230.5,208.0,209.0,17394,8822,205,-835,55,17.53,82.46,100.0
2026-06-03,6279,胡連,119.0,121.5,118.0,120.5,1074,240,-75,-6,9,4.14,95.85,100.0
2026-06-03,6281,全國電,51.0,51.4,50.9,51.0,162,21,9,0,0,2.36,97.63,100.0
2026-06-03,6282,康舒,63.8,67.8,62.1,64.4,79340,48544,-7260,11,207,20.04,79.95,100.0
2026-06-03,6283,淳安,25.5,25.9,25.25,25.4,439,92,131,0,-2,18.77,81.22,100.0
2026-06-03,6284,佳邦,110.0,111.5,104.5,106.0,4024,1419,235,-1,35,10.31,89.68,100.0
2026-06-03,6285,啟碁,309.0,314.0,303.0,306.0,10693,6254,26,0,33,24.7,75.29,100.0
2026-06-03,6290,良維,365.5,375.0,361.5,366.5,5210,2705,497,0,0,17.8,82.19,100.0
2026-06-03,6291,沛亨,629.0,650.0,614.0,615.0,384,0,19,0,-12,3.37,96.62,100.0
2026-06-03,6292,迅德,64.3,64.8,62.5,62.6,527,192,-41,0,0,1.34,98.65,100.0
2026-06-03,6294,智基,27.15,27.65,27.15,27.5,41,1,9,0,0,0.61,99.38,100.0
2026-06-03,6405,悅城,77.3,77.3,74.7,76.5,437,0,0,0,9,5.16,94.83,100.0
2026-06-03,6407,相互,31.59,34.1,31.9,32.9,738,0,-11,0,0,0.0,0.0,0.0
2026-06-03,6409,旭隼,746.0,790.0,727.0,768.0,2053,865,-89,30,40,50.25,49.74,100.0
2026-06-03,6411,晶焱,100.0,104.0,100.0,100.5,2465,1005,-116,0,-2,8.88,91.11,100.0
2026-06-03,6412,群電,106.5,106.5,100.5,104.5,5816,1840,2011,-2278,118,5.9,94.09,100.0
2026-06-03,6414,樺漢,387.5,389.0,378.0,385.0,1355,571,244,-81,-26,35.68,64.31,100.0
2026-06-03,6415,矽力*-KY,594.0,603.0,584.0,599.0,3778,1612,915,-69,0,80.6,19.39,100.0
2026-06-03,6416,瑞祺電通,92.6,92.6,90.6,90.9,270,64,-15,0,1,4.85,95.14,100.0
2026-06-03,6417,韋僑,140.5,142.5,136.5,141.5,214,98,22,0,11,10.5,89.49,100.0
2026-06-03,6418,詠昇,30.85,31.45,30.75,31.4,248,89,31,0,0,3.39,96.6,100.0
2026-06-03,6419,京晨科,150.5,152.0,145.5,148.0,391,133,-14,0,0,9.0,90.99,100.0
2026-06-03,6423,億而得-創,92.7,93.9,91.0,92.6,362,112,92,0,0,4.79,95.2,100.0
2026-06-03,6423,億而得,92.7,93.9,91.0,92.6,362,112,92,0,0,4.79,95.2,100.0
2026-06-03,6425,易發,88.8,89.9,86.4,86.7,1780,587,-87,0,0,3.56,96.43,100.0
2026-06-03,6426,統新,268.0,276.0,242.0,242.5,2717,1318,-179,0,-7,7.94,92.05,100.0
2026-06-03,6428,台灣淘米,13.6,13.7,13.7,13.7,0,0,0,0,0,0.0,0.0,0.0
2026-06-03,6431,光麗-KY,18.65,18.7,17.9,18.7,202,0,60,0,0,56.82,43.17,100.0
2026-06-03,6432,今展科,65.8,66.2,63.8,64.3,1339,591,-142,0,-7,4.99,95.0,100.0
2026-06-03,6434,達輝光電,16.18,20.5,16.1,20.2,3550,0,189,0,0,0.0,0.0,0.0
2026-06-03,6435,大中,298.0,304.0,284.5,291.0,1324,612,-196,0,13,13.34,86.65,100.0
2026-06-03,6438,迅得,164.5,166.0,161.0,161.5,1189,234,-63,0,-49,6.85,93.14,100.0
2026-06-03,6441,廣錠,24.05,24.5,23.9,24.4,211,54,30,0,0,0.73,99.26,100.0
2026-06-03,6442,光聖,1985.0,2065.0,1985.0,2065.0,2930,397,898,-30,148,32.95,67.04,100.0
2026-06-03,6443,元晶,42.9,43.9,41.9,42.9,31630,13022,5543,0,1086,14.57,85.42,100.0
2026-06-03,6446,藥華藥,903.0,906.0,883.0,899.0,2256,832,-439,40,-6,24.08,75.91,100.0
2026-06-03,6449,鈺邦,365.5,385.0,364.0,385.0,416,0,115,25,1,5.79,94.2,100.0
2026-06-03,6451,訊芯-KY,702.0,724.0,702.0,724.0,3420,1235,462,-1,52,69.32,30.67,100.0
2026-06-03,6456,GIS-KY,88.9,91.1,88.9,91.1,7647,304,954,0,91,47.81,52.18,100.0
2026-06-03,6461,益得,17.1,17.45,16.1,16.45,768,0,-262,0,0,0.58,99.41,100.0
2026-06-03,6462,神盾,125.0,125.0,121.0,122.0,1478,363,-539,0,-26,20.74,79.25,100.0
2026-06-03,6464,台數科,77.9,80.0,77.9,78.1,71,1,11,0,0,0.82,19.16,19.99
2026-06-03,6465,威潤,51.4,55.2,49.9,55.2,1166,228,256,0,0,2.46,97.53,100.0
2026-06-03,6467,泰合,120.63,123.0,116.5,120.5,195,0,0,0,0,0.0,0.0,0.0
2026-06-03,6469,大樹,72.5,73.1,71.6,72.9,728,164,53,0,0,5.48,94.51,100.0
2026-06-03,6470,宇智,49.5,50.0,49.05,50.0,79,3,-1,0,0,6.83,93.16,100.0
2026-06-03,6472,保瑞,358.0,358.0,349.0,354.0,532,140,137,0,0,10.3,89.69,100.0
2026-06-03,6473,美賣*,8.21,8.37,8.02,8.21,298,0,0,0,0,0.0,0.0,0.0
2026-06-03,6474,華豫寧,38.3,38.5,38.1,38.45,158,10,-76,0,0,0.31,99.68,100.0
2026-06-03,6477,安集,33.95,35.25,33.5,34.85,1439,237,856,0,1,3.68,96.31,100.0
2026-06-03,6482,弘煜科,30.9,30.9,29.5,29.6,7,1,-2,0,0,2.43,97.56,100.0
2026-06-03,6483,原創生醫,13.42,13.55,13.25,13.5,41,0,0,0,0,0.0,0.0,0.0
2026-06-03,6485,點序,117.0,117.0,110.5,113.0,3108,1530,176,0,-23,12.55,87.44,100.0
2026-06-03,6486,互動,81.9,83.1,81.8,82.7,145,24,2,0,0,3.89,96.1,100.0
2026-06-03,6488,環球晶,940.0,955.0,940.0,950.0,1611,0,221,-444,272,26.12,73.87,100.0
2026-06-03,6491,晶碩,330.5,330.5,323.0,325.0,543,143,-64,0,0,11.32,88.67,100.0
2026-06-03,6492,生華科,46.3,46.6,44.8,45.0,320,0,3,0,0,6.78,93.21,100.0
2026-06-03,6493,雷虎生,27.92,28.6,28.1,28.6,18,0,0,0,0,0.0,0.0,0.0
2026-06-03,6494,九齊,56.7,57.8,56.2,57.1,176,51,0,0,-2,10.19,89.8,100.0
2026-06-03,6496,科懋,23.8,24.6,23.8,24.05,14,1,0,0,0,0.3,99.69,100.0
2026-06-03,6498,久禾光,105.0,106.0,102.5,104.0,128,22,21,0,0,2.16,97.83,100.0
2026-06-03,6499,益安,84.7,84.7,82.3,82.8,320,66,-71,0,0,13.59,86.4,100.0
2026-06-03,6504,南六,37.3,37.3,36.55,37.0,48,10,15,0,-2,0.98,99.01,100.0
2026-06-03,6505,台塑化,54.8,56.5,53.9,55.9,16107,3520,6148,23,-61,6.11,93.88,100.0
2026-06-03,6506,雙邦,20.8,21.3,20.5,20.7,852,217,15,0,0,0.99,99.0,100.0
2026-06-03,6508,惠光,23.2,23.95,23.2,23.95,92,10,8,0,0,0.92,99.07,100.0
2026-06-03,6509,聚和,49.75,50.3,48.65,49.5,2245,727,141,9,-8,11.08,88.91,100.0
2026-06-03,6510,精測,3260.0,3365.0,3260.0,3310.0,725,300,-18,31,0,21.69,78.3,100.0
2026-06-03,6512,啟發電,20.0,20.0,19.4,19.4,40,0,0,0,0,0.07,99.92,100.0
2026-06-03,6515,穎崴,8290.0,8405.0,8080.0,8220.0,307,110,41,-41,-2,21.31,78.68,100.0
2026-06-03,6516,勤崴國際,58.3,59.9,58.1,59.9,244,63,0,0,0,1.33,98.66,100.0
2026-06-03,6517,保勝光學,60.9,62.5,60.6,61.4,416,96,103,0,0,2.61,97.38,100.0
2026-06-03,6518,康科特,30.26,31.05,29.8,31.05,64,0,2,0,0,0.0,0.0,0.0
2026-06-03,6523,達爾膚,98.3,99.8,98.0,99.5,41,7,-2,0,0,1.45,98.54,100.0
2026-06-03,6525,捷敏-KY,122.0,122.5,120.0,120.0,906,163,-115,-7,-7,14.87,85.12,100.0
2026-06-03,6526,達發,730.0,737.0,706.0,712.0,1861,759,-307,247,-10,6.84,93.15,100.0
2026-06-03,6527,明達醫,70.5,71.3,70.2,71.0,42,0,-1,0,0,0.18,99.81,100.0
2026-06-03,6530,創威,113.5,119.5,113.5,119.5,2003,249,444,0,44,6.23,93.76,100.0
2026-06-03,6531,愛普*,1110.0,1165.0,1090.0,1100.0,5331,2812,-469,-2,-24,27.99,72.0,100.0
2026-06-03,6532,瑞耘,99.8,106.0,99.6,101.5,2083,760,20,0,0,5.94,94.05,100.0
2026-06-03,6533,晶心科,241.0,241.0,233.0,236.5,1366,560,-219,0,-7,11.63,88.36,100.0
2026-06-03,6534,正瀚-創,93.0,93.0,90.9,91.5,158,27,-44,0,-1,40.51,59.48,100.0
2026-06-03,6535,順藥,120.0,120.0,115.5,118.0,497,0,-124,0,0,5.44,94.55,100.0
2026-06-03,6536,碩豐,20.99,25.15,20.5,25.1,54,0,5,0,0,0.0,0.0,0.0
2026-06-03,6538,倉和,129.0,129.0,125.0,129.0,368,0,2,0,18,5.55,94.44,100.0
2026-06-03,6539,麗彤,42.95,43.65,43.65,43.65,0,0,0,0,0,0.0,0.0,0.0
2026-06-03,6541,泰福-KY,41.9,42.7,41.15,41.3,544,161,-62,0,-5,13.95,86.04,100.0
2026-06-03,6542,隆中,46.3,49.5,46.25,49.5,48,8,-1,0,0,18.1,81.89,100.0
2026-06-03,6543,普惠醫工,20.8,21.1,20.35,20.95,2,0,0,0,0,0.0,0.0,0.0
2026-06-03,6546,正基,82.2,84.7,80.7,81.8,1071,269,69,0,-19,10.5,89.49,100.0
2026-06-03,6547,高端疫苗,45.35,45.65,44.4,45.35,1887,540,-199,0,-2,9.71,90.28,100.0
2026-06-03,6548,長科*,81.5,89.2,80.3,89.2,27118,15383,-1297,1926,-42,5.7,94.29,100.0
2026-06-03,6549,景凱,7.7,7.77,7.47,7.6,372,0,0,0,0,0.0,0.0,0.0
2026-06-03,6550,北極星藥業-KY,13.4,13.55,12.95,13.25,2220,0,285,0,-1,68.58,31.41,100.0
2026-06-03,6552,易華電,35.5,36.55,34.2,36.25,708,177,-114,0,-2,1.6,98.39,100.0
2026-06-03,6555,榮炭,20.06,23.1,19.9,23.1,481,0,60,0,0,0.0,0.0,0.0
2026-06-03,6556,勝品,71.2,73.0,71.2,72.8,32,0,1,0,0,0.57,99.42,100.0
2026-06-03,6558,興能高,33.6,34.2,32.7,33.4,1638,660,424,0,0,2.17,97.82,100.0
2026-06-03,6559,研晶,21.99,24.1,21.9,23.05,46,0,0,0,0,0.0,0.0,0.0
2026-06-03,6560,欣普羅,40.0,40.35,38.85,39.4,293,82,12,0,0,5.09,94.9,100.0
2026-06-03,6561,是方,370.0,381.0,367.0,378.0,305,70,55,-1,8,6.81,93.18,100.0
2026-06-03,6563,映智,28.67,29.1,28.05,28.7,141,0,0,0,0,0.0,0.0,0.0
2026-06-03,6564,安特羅,17.25,17.5,16.35,17.1,181,0,-1,0,0,0.0,0.0,0.0
2026-06-03,6565,物聯,22.71,23.15,22.0,23.0,119,0,-2,0,0,0.0,0.0,0.0
2026-06-03,6568,宏觀,224.0,228.0,216.0,223.0,395,136,104,0,14,6.02,93.97,100.0
2026-06-03,6569,醫揚,104.0,107.0,101.0,105.5,235,51,35,0,0,3.17,96.82,100.0
2026-06-03,6570,維田,58.6,59.9,58.0,59.2,213,0,4,0,-4,1.82,98.17,100.0
2026-06-03,6572,博錸,7.7,7.89,7.41,7.7,188,0,0,0,0,0.0,0.0,0.0
2026-06-03,6573,虹揚-KY,18.35,18.65,17.7,18.05,1866,0,-235,0,5,54.55,45.44,100.0
2026-06-03,6574,霈方,110.0,112.0,109.5,111.5,33,0,4,0,0,0.84,99.15,100.0
2026-06-03,6576,逸達,76.0,76.6,75.4,76.6,157,0,36,0,0,22.32,77.67,100.0
2026-06-03,6577,勁豐,80.3,81.6,80.2,81.2,54,5,5,0,0,1.07,98.92,100.0
2026-06-03,6578,達邦蛋白,16.6,16.8,16.5,16.6,96,8,36,0,0,0.77,99.22,100.0
2026-06-03,6579,研揚,172.0,172.0,167.5,167.5,608,161,-85,0,1,3.36,96.63,100.0
2026-06-03,6580,台睿,14.75,15.05,14.5,15.0,201,0,0,0,0,0.0,0.0,0.0
2026-06-03,6581,鋼聯,113.0,113.0,111.0,111.0,20,1,-2,0,-2,1.03,98.96,100.0
2026-06-03,6582,申豐,31.5,33.0,31.4,32.25,156,43,-9,0,-1,12.96,87.03,100.0
2026-06-03,6583,友松,11.8,11.9,11.8,11.9,2,0,0,0,0,0.0,0.0,0.0
2026-06-03,6584,南俊國際,661.0,715.0,638.0,660.0,2714,1069,-706,882,5,12.21,87.78,100.0
2026-06-03,6585,鼎基,102.5,102.5,99.2,99.2,295,74,-32,0,0,3.47,96.52,100.0
2026-06-03,6586,醣基,68.31,69.9,67.5,68.3,400,0,0,0,0,0.0,0.0,0.0
2026-06-03,6588,東典光電,114.5,118.0,111.5,114.5,1440,768,-119,0,-1,2.8,97.19,100.0
2026-06-03,6589,台康生技,44.45,44.8,43.4,44.8,979,236,150,0,1,4.61,95.38,100.0
2026-06-03,6590,普鴻,65.6,65.7,65.6,65.7,12,0,1,0,0,0.06,99.93,100.0
2026-06-03,6591,動力-KY,59.6,59.6,58.8,59.1,435,116,8,0,-1,20.04,79.95,100.0
2026-06-03,6592,和潤企業,62.3,65.2,62.1,64.7,2007,263,1169,19,0,26.38,73.61,100.0
2026-06-03,6593,台灣銘板,35.0,35.05,34.8,35.0,70,5,8,0,0,1.58,98.41,100.0
2026-06-03,6595,光禹國際,30.45,31.05,29.45,31.05,52,0,1,0,0,0.0,0.0,0.0
2026-06-03,6596,寬宏藝術,97.0,97.6,96.8,97.2,176,8,28,0,0,1.56,98.43,100.0
2026-06-03,6597,立誠,73.0,74.9,71.1,71.1,26,0,-1,0,-2,0.0,100.0,100.0
2026-06-03,6598,ABC-KY,24.3,24.5,23.9,24.1,140,0,-23,0,2,23.82,76.17,100.0
2026-06-03,6599,普達系統,44.87,45.3,44.8,45.0,4,0,0,0,0,0.0,0.0,0.0
2026-06-03,6603,富強鑫,23.85,24.7,23.6,24.4,1016,232,-39,0,0,1.56,98.43,100.0
2026-06-03,6604,儒億,35.28,38.0,35.0,37.95,278,0,10,0,0,0.0,0.0,0.0
2026-06-03,6605,帝寶,143.0,145.5,141.5,144.0,1113,270,10,0,7,15.39,84.6,100.0
2026-06-03,6606,建德工業,26.7,27.3,26.3,26.75,439,55,6,0,0,3.41,96.58,100.0
2026-06-03,6609,瀧澤科,47.25,48.95,46.55,46.8,899,273,-143,0,0,53.22,46.77,100.0
2026-06-03,6610,安成生技,26.11,28.1,26.5,27.55,183,0,7,0,0,0.0,0.0,0.0
2026-06-03,6612,奈米醫材,72.1,72.4,71.2,71.7,46,2,-5,0,0,26.01,73.98,100.0
2026-06-03,6613,朋億*,262.0,263.5,258.0,261.5,230,54,27,0,0,7.7,92.29,100.0
2026-06-03,6614,資拓宏宇,40.6,41.0,40.2,40.25,121,34,-14,0,-9,0.7,99.29,100.0
2026-06-03,6615,慧智,32.9,33.1,32.85,33.0,25,1,0,0,0,0.26,99.73,100.0
2026-06-03,6616,特昇-KY,9.15,9.15,8.99,9.01,34,3,-2,0,0,55.92,44.07,100.0
2026-06-03,6617,共信-KY,69.3,69.8,68.1,68.1,104,20,-28,0,0,38.47,61.52,100.0
2026-06-03,6618,永虹先進,18.55,19.0,18.4,18.6,531,0,0,0,0,0.0,0.0,0.0
2026-06-03,6620,漢達,71.0,72.2,70.2,71.3,429,78,39,0,5,25.09,74.9,100.0
2026-06-03,6621,華宇藥,11.83,11.9,11.7,11.8,160,0,0,0,0,0.0,0.0,0.0
2026-06-03,6622,百聿數碼,7.14,7.15,6.9,7.15,9,0,0,0,0,0.0,0.0,0.0
2026-06-03,6624,萬年清,39.1,39.15,39.05,39.1,30,1,2,0,0,0.43,99.56,100.0
2026-06-03,6625,必應,73.7,73.9,73.2,73.9,154,13,-4,0,0,1.13,98.86,100.0
2026-06-03,6629,泰金-KY,117.5,118.5,116.5,118.0,31,5,11,0,0,76.96,23.03,100.0
2026-06-03,6634,欣耀,64.97,64.4,61.5,62.2,223,0,-1,0,0,0.0,0.0,0.0
2026-06-03,6637,醫影,67.5,68.1,67.4,67.5,22,1,5,0,0,0.35,99.64,100.0
2026-06-03,6638,沅聖,51.13,52.9,50.6,51.2,18,0,0,0,0,0.0,0.0,0.0
2026-06-03,6639,源大環能,7.26,7.25,6.71,7.25,81,0,0,0,0,0.0,0.0,0.0
2026-06-03,6640,均華,1330.0,1330.0,1265.0,1265.0,552,186,46,-251,4,7.5,92.49,100.0
2026-06-03,6641,基士德-KY,18.3,18.45,18.3,18.4,28,2,4,0,-3,29.99,70.0,100.0
2026-06-03,6642,富致,85.9,85.9,82.6,83.2,568,205,-141,0,0,1.91,98.08,100.0
2026-06-03,6643,M31,588.0,596.0,571.0,577.0,621,313,-105,0,-1,10.67,89.32,100.0
2026-06-03,6645,金萬林-創,11.8,12.05,11.8,11.95,71,0,3,0,-7,0.85,99.14,100.0
2026-06-03,6648,斯其大,16.63,17.1,16.45,16.7,41,0,-1,0,0,0.0,0.0,0.0
2026-06-03,6649,台生材,38.4,39.1,38.4,39.1,9,0,-2,0,0,3.9,96.09,100.0
2026-06-03,6650,帝圖,27.9,28.0,26.6,27.2,17,0,0,0,0,0.0,0.0,0.0
2026-06-03,6651,全宇昕,142.5,148.5,142.0,143.0,431,150,-18,0,-2,4.35,95.64,100.0
2026-06-03,6654,天正國際,166.0,168.0,162.5,166.0,183,0,-29,0,0,0.58,99.41,100.0
2026-06-03,6655,科定,129.0,129.5,129.0,129.5,6,1,1,0,0,0.52,99.47,100.0
2026-06-03,6657,華安,39.3,40.7,39.0,40.25,1138,0,82,0,0,7.2,92.79,100.0
2026-06-03,6658,聯策,204.0,210.5,202.5,203.0,864,321,-131,0,1,3.93,96.06,100.0
2026-06-03,6659,天明製藥,19.93,20.35,19.0,20.1,184,0,0,0,0,0.0,0.0,0.0
2026-06-03,6661,威健生技,16.25,16.25,15.9,16.0,30,0,0,0,0,0.0,99.99,100.0
2026-06-03,6662,樂斯科,29.15,29.15,28.55,29.1,8,0,-2,0,0,0.21,99.78,100.0
2026-06-03,6664,群翊,414.0,418.5,407.0,408.0,718,184,-157,-2,-12,6.95,93.04,100.0
2026-06-03,6665,康聯生醫,19.51,19.65,18.4,19.4,65,0,1,0,0,0.0,0.0,0.0
2026-06-03,6666,羅麗芬-KY,40.4,40.75,39.8,40.75,44,5,-4,0,0,75.19,24.8,100.0
2026-06-03,6667,信紘科,271.5,272.5,268.0,269.5,472,96,-12,0,-4,8.65,91.34,100.0
2026-06-03,6668,中揚光,39.25,40.0,39.2,39.4,625,100,308,0,1,10.07,89.92,100.0
2026-06-03,6669,緯穎,5550.0,5675.0,5420.0,5600.0,1716,741,91,-35,16,31.03,68.96,100.0
2026-06-03,6670,復盛應用,275.5,282.5,275.5,281.5,660,169,70,-5,31,24.95,75.04,100.0
2026-06-03,6671,三能-KY,26.8,26.95,26.75,26.85,26,0,2,0,-7,39.83,60.16,100.0
2026-06-03,6672,騰輝電子-KY,216.5,219.5,212.5,217.0,3335,1340,84,-1,-7,17.32,82.67,100.0
2026-06-03,6673,和詮,14.96,18.05,14.55,18.05,648,0,59,0,0,0.0,0.0,0.0
2026-06-03,6674,鋐寶科技,18.15,18.85,17.85,18.45,98,21,18,0,1,0.52,99.47,100.0
2026-06-03,6676,祥翊,13.49,13.65,13.0,13.6,564,0,-14,0,0,0.0,0.0,0.0
2026-06-03,6677,瑩碩生技,17.71,18.0,17.55,17.9,163,0,0,0,0,0.0,0.0,0.0
2026-06-03,6679,鈺太,301.0,303.5,292.5,297.5,378,115,65,11,-41,10.01,89.98,100.0
2026-06-03,6680,鑫創電子,56.2,56.2,56.2,56.2,3,0,0,0,0,0.17,99.82,100.0
2026-06-03,6682,華旭先進,70.52,72.9,66.6,70.2,3642,0,27,0,0,0.0,0.0,0.0
2026-06-03,6683,雍智科技,1760.0,1855.0,1700.0,1715.0,1275,642,-211,0,12,14.19,85.8,100.0
2026-06-03,6684,安格,45.2,45.7,44.85,45.2,233,58,26,0,0,2.11,97.88,100.0
2026-06-03,6689,伊雲谷,74.0,74.0,71.6,73.0,668,207,41,0,0,4.35,95.64,100.0
2026-06-03,6690,安碁資訊,187.0,187.5,182.5,183.0,253,55,52,0,1,4.14,95.85,100.0
2026-06-03,6691,洋基工程,651.0,656.0,644.0,645.0,375,125,141,0,8,15.95,84.04,100.0
2026-06-03,6692,進能服,25.2,26.55,25.15,25.5,68,13,6,0,0,0.13,99.86,100.0
2026-06-03,6693,廣閎科,150.0,155.5,150.0,154.0,1020,264,308,0,8,13.77,86.22,100.0
2026-06-03,6695,芯鼎,56.0,57.9,55.6,57.3,2324,516,-808,0,-2,3.36,96.63,100.0
2026-06-03,6696,仁新,394.98,391.5,375.0,381.0,445,0,-16,0,0,0.0,0.0,0.0
2026-06-03,6697,東捷資訊,45.0,45.5,43.45,44.5,320,82,-18,0,0,0.78,99.21,100.0
2026-06-03,6698,旭暉應材,47.45,47.5,42.25,42.3,4167,1724,-464,0,1,1.12,98.87,100.0
2026-06-03,6703,軒郁,109.5,111.0,109.5,109.5,69,6,12,0,0,13.69,86.3,100.0
2026-06-03,6704,國璽幹細胞,19.64,20.5,19.3,19.8,179,0,3,0,0,0.0,0.0,0.0
2026-06-03,6705,振躍精密,103.23,106.5,98.5,106.0,83,0,-2,0,0,0.0,0.0,0.0
2026-06-03,6706,惠特,209.5,217.0,206.0,206.0,5500,3104,-682,0,7,6.91,93.08,100.0
2026-06-03,6707,富基電通,34.88,35.95,34.25,35.85,189,0,5,0,0,0.0,0.0,0.0
2026-06-03,6708,天擎,41.65,41.65,40.0,40.3,92,7,3,0,0,3.17,96.82,100.0
2026-06-03,6709,昱厚生技,25.42,25.5,24.9,25.4,267,0,5,0,0,0.0,0.0,0.0
2026-06-03,6712,長聖,140.0,140.0,136.5,137.5,291,50,-81,0,0,2.94,97.05,100.0
2026-06-03,6715,嘉基,453.0,481.0,453.0,481.0,1055,245,446,88,7,3.72,96.27,100.0
2026-06-03,6716,應廣,107.0,109.0,101.5,101.5,868,155,-157,0,0,4.21,95.78,100.0
2026-06-03,6719,力智,245.0,247.5,240.0,242.5,1227,374,-343,0,0,5.08,94.91,100.0
2026-06-03,6720,久昌,155.0,155.0,150.5,151.0,103,20,20,0,-1,1.18,98.81,100.0
2026-06-03,6721,信實,59.8,59.8,59.8,59.8,1,0,0,0,0,0.0,100.0,100.0
2026-06-03,6722,輝創,41.9,41.9,40.15,40.45,215,0,-91,0,0,2.61,97.38,100.0
2026-06-03,6723,傑智環境,38.4,39.5,38.0,39.4,43,0,4,0,0,0.0,0.0,0.0
2026-06-03,6725,矽科宏晟,334.5,334.5,324.5,324.5,162,20,-24,0,-5,3.62,96.37,100.0
2026-06-03,6727,亞泰金屬,531.0,543.0,504.0,522.0,1939,1016,16,0,66,11.03,88.96,100.0
2026-06-03,6728,上洋,115.0,117.0,115.0,115.5,85,4,-15,0,0,0.74,99.25,100.0
2026-06-03,6729,機光科技,60.82,61.9,56.5,59.0,176,0,-3,0,0,0.0,0.0,0.0
2026-06-03,6730,常廣,34.5,38.5,34.5,36.5,27,0,2,0,1,0.01,99.98,100.0
2026-06-03,6732,昇佳電子,173.5,175.0,172.5,172.5,242,52,12,0,0,5.36,94.63,100.0
2026-06-03,6733,博晟生醫,25.85,26.2,25.55,26.2,274,0,106,0,0,1.54,98.45,100.0
2026-06-03,6734,安盛生,6.85,7.2,6.18,7.09,224,0,0,0,0,0.0,0.0,0.0
2026-06-03,6735,美達科技,100.0,109.5,99.8,109.5,949,217,-141,0,1,2.41,97.58,100.0
2026-06-03,6737,秀育,30.95,32.0,30.75,31.05,34,0,0,0,0,0.0,0.0,0.0
2026-06-03,6738,鼎恒,66.08,68.1,65.0,67.6,288,0,-5,0,0,0.0,0.0,0.0
2026-06-03,6739,竹陞科技,1310.0,1330.0,1290.0,1305.0,190,70,-27,0,3,1.65,98.34,100.0
2026-06-03,6741,91APP*-KY,64.3,66.2,64.2,64.5,664,249,-236,0,0,41.82,58.17,100.0
2026-06-03,6742,澤米,61.5,61.5,60.8,61.4,1378,0,114,0,30,2.18,97.81,100.0
2026-06-03,6743,安普新,30.1,30.75,30.1,30.4,638,126,182,0,-5,3.83,96.16,100.0
2026-06-03,6744,豐技生技,16.0,16.0,16.0,16.0,1,0,0,0,0,0.0,0.0,0.0
2026-06-03,6748,亞果生醫,72.87,79.3,72.6,75.0,1126,0,34,0,0,0.0,0.0,0.0
2026-06-03,6750,泰創工程,67.05,68.5,65.6,68.2,315,0,15,0,0,0.0,0.0,0.0
2026-06-03,6751,智聯服務,51.9,52.0,51.0,51.5,67,15,-9,0,0,0.58,99.41,100.0
2026-06-03,6752,叡揚,109.5,110.0,107.5,107.5,127,21,2,0,0,2.68,97.31,100.0
2026-06-03,6753,龍德造船,126.0,127.0,125.0,125.5,571,93,51,0,0,2.93,6.56,9.5
2026-06-03,6754,匯僑設計,45.85,46.15,45.8,45.95,57,0,24,0,0,15.55,84.44,100.0
2026-06-03,6755,連鋐科技,17.68,18.35,17.35,18.05,127,0,16,0,0,0.0,0.0,0.0
2026-06-03,6756,威鋒電子,104.0,104.5,99.2,100.0,439,139,-141,0,-3,2.78,97.21,100.0
2026-06-03,6757,台灣虎航-創,55.2,57.0,54.9,55.7,6561,1901,3394,-3370,30,3.25,46.73,49.99
2026-06-03,6757,台灣虎航,55.2,57.0,54.9,55.7,6561,1901,3394,-3370,30,3.25,46.73,49.99
2026-06-03,6758,冠亞,28.3,28.5,28.5,28.5,1,0,0,0,0,0.0,0.0,0.0
2026-06-03,6761,穩得,204.0,212.5,202.0,210.5,738,230,-127,0,12,6.55,93.44,100.0
2026-06-03,6762,達亞,178.0,178.0,178.0,178.0,2,0,-1,0,0,5.85,94.14,100.0
2026-06-03,6763,綠界科技,45.2,45.95,44.25,45.8,871,223,135,-1,17,1.75,98.24,100.0
2026-06-03,6763,綠界科技*,45.2,45.95,44.25,45.8,871,223,135,-1,17,1.75,98.24,100.0
2026-06-03,6767,台微醫,25.5,26.5,25.35,26.4,31,0,-1,0,0,0.23,99.76,100.0
2026-06-03,6768,志強-KY,95.0,96.9,93.4,96.9,1849,704,-215,-7,16,57.04,42.95,100.0
2026-06-03,6770,力積電,88.0,88.0,84.1,84.6,64659,0,5424,0,-1065,17.64,82.35,100.0
2026-06-03,6771,平和環保-創,42.0,42.0,41.8,41.8,26,4,1,0,0,0.6,99.39,100.0
2026-06-03,6775,穎台科技,51.54,51.9,47.9,48.5,825,0,-18,0,0,0.0,0.0,0.0
2026-06-03,6776,展碁國際,61.4,61.7,60.7,61.0,636,145,129,0,0,2.13,97.86,100.0
2026-06-03,6780,學習王,40.65,0.0,0.0,0.0,0,0,0,0,0,0.0,0.0,0.0
2026-06-03,6781,AES-KY,1140.0,1230.0,1125.0,1210.0,2259,940,221,-300,112,67.81,32.18,100.0
2026-06-03,6782,視陽,196.5,197.5,193.5,195.5,304,82,-35,0,1,7.48,92.51,100.0
2026-06-03,6784,天凱科技,25.75,26.9,25.6,26.5,82,0,0,0,0,0.0,0.0,0.0
2026-06-03,6785,昱展新藥,120.0,120.0,115.5,115.5,183,25,14,0,0,8.05,91.94,100.0
2026-06-03,6786,芯測,93.42,94.3,89.0,91.0,262,0,-25,0,0,0.0,0.0,0.0
2026-06-03,6787,晶瑞光,34.37,34.55,33.05,33.65,268,0,-3,0,0,0.0,0.0,0.0
2026-06-03,6788,華景電,404.5,426.0,404.0,417.0,656,154,71,0,27,10.64,89.35,100.0
2026-06-03,6789,采鈺,529.0,562.0,529.0,540.0,3954,1769,497,-1,5,3.3,96.69,100.0
2026-06-03,6790,永豐實,39.5,39.75,39.5,39.75,256,24,46,0,0,1.93,98.06,100.0
2026-06-03,6791,虎門科技,119.5,120.0,118.0,120.0,77,13,-19,0,-1,11.97,88.02,100.0
2026-06-03,6792,詠業,70.1,71.4,69.5,70.1,108,24,25,0,0,1.89,98.1,100.0
2026-06-03,6793,天力離岸,5.0,5.14,4.68,5.1,225,0,10,0,0,0.0,0.0,0.0
2026-06-03,6794,向榮生技-創,83.8,84.5,82.5,83.2,60,4,10,0,-2,0.48,99.51,100.0
2026-06-03,6794,向榮生技,83.8,84.5,82.5,83.2,60,4,10,0,-2,0.48,99.51,100.0
2026-06-03,6796,晉弘,61.5,61.5,59.7,61.0,97,24,28,0,-1,15.53,84.46,100.0
2026-06-03,6797,圓點奈米,13.51,14.3,12.5,13.4,420,0,1,0,0,0.0,0.0,0.0
2026-06-03,6798,展逸,50.0,50.0,50.0,50.0,1,0,0,0,0,0.0,0.0,0.0
2026-06-03,6799,來頡,105.0,106.0,103.0,104.0,543,189,-49,0,2,8.26,91.7,100.0
2026-06-03,6803,崑鼎,286.5,287.5,285.5,287.5,133,6,-8,0,6,3.21,96.78,100.0
2026-06-03,6804,明係,16.0,16.0,15.75,15.95,55,8,-4,0,0,4.16,95.83,100.0
2026-06-03,6805,富世達,2240.0,2260.0,2020.0,2085.0,3383,1451,-274,321,-28,21.39,78.6,100.0
2026-06-03,6806,森崴能源,6.95,6.95,6.95,6.95,1503,0,4,0,0,2.32,97.67,100.0
2026-06-03,6807,峰源-KY,33.8,33.85,33.1,33.5,9,1,-2,0,0,43.55,56.44,100.0
2026-06-03,6808,三鼎生技,25.25,26.05,22.45,24.9,1186,0,-11,0,0,0.0,0.0,0.0
2026-06-03,6810,新穎生醫,29.82,30.0,29.05,29.8,105,0,0,0,0,0.0,0.0,0.0
2026-06-03,6811,宏碁資訊,254.0,257.0,247.5,248.0,922,313,104,0,0,2.2,97.79,100.0
2026-06-03,6812,梭特,68.68,70.9,67.6,70.5,178,0,3,0,0,0.0,0.0,0.0
2026-06-03,6814,路迦生醫,23.02,25.25,23.0,24.15,21,0,0,0,0,0.0,0.0,0.0
2026-06-03,6815,晶鑽生醫,31.28,31.3,30.65,30.95,40,0,1,0,0,0.0,0.0,0.0
2026-06-03,6816,捷智商訊,36.27,37.5,36.2,37.0,5,0,0,0,0,0.0,0.0,0.0
2026-06-03,6817,溫士頓,63.39,63.9,62.3,63.5,60,0,-3,0,0,0.0,0.0,0.0
2026-06-03,6818,連騰,66.21,66.9,63.6,64.6,90,0,2,0,0,0.0,0.0,0.0
2026-06-03,6819,眾智,52.72,52.4,50.4,51.0,87,0,-4,0,0,0.0,0.0,0.0
2026-06-03,6820,連訊,296.98,339.5,296.5,329.5,218,0,6,0,0,0.0,0.0,0.0
2026-06-03,6821,聯寶,71.0,71.0,68.9,69.4,361,0,16,0,-6,1.93,98.06,100.0
2026-06-03,6823,濾能,74.8,75.4,72.6,72.6,177,52,-30,0,-10,24.85,75.14,100.0
2026-06-03,6825,和暢科技,44.8,45.5,43.8,44.2,35,0,-2,0,0,0.0,0.0,0.0
2026-06-03,6826,和淞,545.39,553.0,542.0,549.0,234,0,-3,0,0,0.0,0.0,0.0
2026-06-03,6827,巨生醫,13.23,13.4,12.95,13.05,234,0,4,0,0,0.0,0.0,0.0
2026-06-03,6829,千附精密,226.0,238.5,219.5,220.5,1529,520,-195,0,-10,2.05,97.94,100.0
2026-06-03,6830,汎銓,682.0,720.0,682.0,714.0,2265,1222,214,61,11,5.25,94.74,100.0
2026-06-03,6831,邁科,701.0,743.0,680.0,726.0,2295,1053,-69,8,22,13.21,86.78,100.0
2026-06-03,6832,金鼎科,88.84,93.6,89.0,92.7,46,0,0,0,0,0.0,0.0,0.0
2026-06-03,6833,太康精密,26.07,26.2,25.2,26.2,18,0,-3,0,0,0.0,0.0,0.0
2026-06-03,6834,天二科技,73.3,80.0,73.3,77.5,828,0,211,0,194,16.21,83.78,100.0
2026-06-03,6835,圓裕,37.75,38.5,37.75,38.4,253,59,-100,0,0,6.69,93.3,100.0
2026-06-03,6838,台新藥,25.9,25.9,25.4,25.75,204,0,8,0,-2,1.3,98.69,100.0
2026-06-03,6839,開陽能源,12.01,12.4,11.9,12.15,222,0,6,0,0,0.0,0.0,0.0
2026-06-03,6840,東研信超,77.9,77.9,72.1,72.7,892,236,-45,0,-5,3.73,96.26,100.0
2026-06-03,6841,長佳智能,56.3,56.8,55.7,56.4,320,33,128,0,0,3.25,96.74,100.0
2026-06-03,6842,瑞宇,105.61,108.0,103.0,106.0,125,0,0,0,0,0.0,0.0,0.0
2026-06-03,6843,進典,40.8,41.9,40.8,41.0,34,4,1,0,0,0.09,99.9,100.0
2026-06-03,6844,諾貝兒,63.3,64.9,63.2,64.9,57,0,1,0,0,0.03,99.96,100.0
2026-06-03,6846,綠茵,66.8,68.5,66.6,67.5,56,0,6,0,0,0.18,99.81,100.0
2026-06-03,6847,普瑞博,87.98,92.5,81.8,88.7,105,0,2,0,0,0.0,0.0,0.0
2026-06-03,6848,拉法醫,19.1,19.75,19.0,19.45,44,0,0,0,0,0.0,0.0,0.0
2026-06-03,6849,奇鼎科技,199.45,201.0,194.0,197.5,432,0,-61,0,0,0.0,0.0,0.0
2026-06-03,6850,光鼎生技,34.81,35.9,35.0,35.0,39,0,0,0,0,0.0,0.0,0.0
2026-06-03,6854,錼創科技-KY創,144.0,146.0,140.5,141.5,653,118,-182,0,1,32.35,67.64,100.0
2026-06-03,6855,數泓科,133.5,136.0,126.0,133.0,156,0,8,0,-14,0.23,99.76,100.0
2026-06-03,6856,鑫傳,51.0,51.0,49.0,49.8,15,0,0,0,0,0.0,49.98,49.99
2026-06-03,6857,宏碁智醫,98.0,98.8,98.8,98.8,0,0,0,0,0,0.0,0.0,0.0
2026-06-03,6858,愛比科技,24.1,25.0,24.0,25.0,11,0,0,0,0,0.0,0.0,0.0
2026-06-03,6859,伯特光,129.0,130.5,127.5,129.5,86,15,22,0,0,13.8,86.19,100.0
2026-06-03,6861,睿生光電,368.0,384.5,359.0,359.5,1078,486,-122,0,0,1.16,98.83,100.0
2026-06-03,6862,三集瑞-KY,203.0,205.0,192.5,194.5,1249,481,-282,0,23,66.75,33.24,100.0
2026-06-03,6863,永道-KY,110.0,110.0,107.0,108.0,160,26,-61,0,0,69.42,30.57,100.0
2026-06-03,6864,元樟生技,50.07,50.2,49.75,49.8,202,0,0,0,0,0.0,0.0,0.0
2026-06-03,6865,偉康科技,26.7,28.95,26.7,27.9,44,17,-1,0,0,0.26,99.73,100.0
2026-06-03,6867,坦德科技,21.0,21.25,20.4,21.1,23,0,0,0,0,0.0,0.0,0.0
2026-06-03,6868,采威國際,33.41,33.25,29.9,30.95,33,0,-3,0,0,0.0,0.0,0.0
2026-06-03,6869,雲豹能源-創,85.4,88.5,82.8,87.0,1777,715,318,0,14,3.09,96.9,100.0
2026-06-03,6869,雲豹能源,85.4,88.5,82.8,87.0,1777,715,318,0,14,3.09,96.9,100.0
2026-06-03,6870,騰雲,300.0,300.5,289.5,289.5,201,10,9,0,-4,1.24,98.75,100.0
2026-06-03,6872,浩宇生醫,16.85,17.1,16.85,16.95,35,0,0,0,0,0.36,99.63,100.0
2026-06-03,6873,泓德能源-創,90.6,96.8,88.4,94.9,1555,516,119,0,21,7.64,92.35,100.0
2026-06-03,6873,泓德能源,90.6,96.8,88.4,94.9,1555,516,119,0,21,7.64,92.35,100.0
2026-06-03,6874,倍力,85.0,85.3,82.8,83.2,60,22,-3,0,0,0.65,99.34,100.0
2026-06-03,6875,國邑*,35.05,35.05,34.2,34.8,124,0,29,0,0,1.81,98.18,100.0
2026-06-03,6876,朗齊生醫*,16.02,16.05,15.35,15.8,676,0,0,0,0,0.0,0.0,0.0
2026-06-03,6877,鏵友益,158.0,160.0,153.5,156.0,458,125,1,0,142,4.27,95.72,100.0
2026-06-03,6878,歐付寶,9.62,10.0,9.61,9.82,68,0,0,0,0,0.0,0.0,0.0
2026-06-03,6879,大江基因,36.88,0.0,0.0,0.0,0,0,0,0,0,0.0,0.0,0.0
2026-06-03,6881,潤德,268.0,268.5,268.0,268.0,4,0,0,0,0,0.05,99.94,100.0
2026-06-03,6882,甲尚,20.05,20.8,19.7,20.35,91,0,3,0,0,0.0,0.0,0.0
2026-06-03,6883,微電能源,15.73,17.7,16.2,17.4,140,0,0,0,0,0.0,0.0,0.0
2026-06-03,6884,海柏特,34.2,34.2,33.85,34.0,16,0,0,0,0,5.6,94.39,100.0
2026-06-03,6885,全福生技,25.3,25.5,23.9,24.45,1880,586,-601,0,-1,2.99,97.0,100.0
2026-06-03,6886,遠東生技,46.58,48.2,48.2,48.2,0,0,0,0,0,0.0,0.0,0.0
2026-06-03,6887,寶綠特-KY,35.7,36.5,34.2,34.75,34,10,2,0,-2,53.33,46.66,100.0
2026-06-03,6890,來億-KY,201.0,210.5,198.0,210.5,4246,1840,-569,1014,97,87.32,12.67,100.0
2026-06-03,6891,樂迦再生,53.11,54.1,51.1,51.4,648,0,1,0,0,0.0,0.0,0.0
2026-06-03,6892,台寶生醫,26.13,26.5,25.7,26.35,212,0,3,0,0,0.0,0.0,0.0
2026-06-03,6894,衛司特,410.5,410.5,393.5,402.0,81,21,-5,0,0,3.7,96.29,100.0
2026-06-03,6895,宏碩系統,140.0,143.0,138.5,140.5,121,15,41,0,0,3.54,96.45,100.0
2026-06-03,6898,程曦資訊,95.67,96.4,92.1,96.4,16,0,0,0,0,0.0,0.0,0.0
2026-06-03,6899,創為精密,64.2,66.2,62.0,63.0,211,123,5,0,0,5.11,94.88,100.0
2026-06-03,6901,鑽石投資,13.2,14.45,13.2,14.35,3095,595,934,0,-12,0.59,99.4,100.0
2026-06-03,6902,GOGOLOOK-創,146.0,149.0,143.0,147.0,233,82,7,0,0,3.83,96.16,100.0
2026-06-03,6902,GOGOLOOK,146.0,149.0,143.0,147.0,233,82,7,0,0,3.83,96.16,100.0
2026-06-03,6903,巨漢,396.0,400.0,391.0,393.5,290,65,-64,0,0,3.41,96.58,100.0
2026-06-03,6904,伯鑫,0.0,0.0,0.0,0.0,0,0,0,0,0,0.06,99.93,100.0
2026-06-03,6906,現觀科,102.0,104.5,101.5,103.5,142,0,4,0,24,7.22,92.77,100.0
2026-06-03,6907,雅特力-KY,130.5,140.0,130.5,140.0,3836,922,1063,0,47,53.69,46.3,100.0
2026-06-03,6908,宏碁遊戲-創,40.5,40.5,39.6,40.0,27,0,12,0,0,0.64,99.35,100.0
2026-06-03,6909,創控,51.5,52.2,50.5,50.9,588,102,37,0,0,8.39,91.6,100.0
2026-06-03,6910,德鴻,28.65,29.0,28.6,29.0,57,0,4,0,0,4.8,95.19,100.0
2026-06-03,6911,群運,31.79,32.15,32.0,32.1,68,0,0,0,0,0.0,0.0,0.0
2026-06-03,6912,益鈞環科*,13.89,14.2,13.05,13.95,432,0,8,0,0,0.0,0.0,0.0
2026-06-03,6913,鴻呈,135.5,137.5,135.0,136.5,212,43,27,0,8,3.07,96.92,100.0
2026-06-03,6914,阜爾運通,142.0,142.5,141.5,142.5,62,2,-4,0,0,2.09,97.9,100.0
2026-06-03,6915,美強光,59.06,60.1,56.3,58.2,105,0,0,0,0,0.0,0.0,0.0
2026-06-03,6916,華凌,18.55,19.5,18.45,19.2,156,44,20,0,-1,0.56,99.43,100.0
2026-06-03,6917,竟天,33.73,32.85,30.5,31.5,446,0,-9,0,0,0.0,0.0,0.0
2026-06-03,6918,愛派司,73.7,75.0,73.5,74.0,106,4,13,0,0,0.84,99.15,100.0
2026-06-03,6919,康霈*,97.2,98.0,96.5,96.5,2601,645,-2,0,14,12.8,87.19,100.0
2026-06-03,6920,恆勁科技,118.32,121.0,115.5,116.0,2013,0,-3,0,0,0.0,0.0,0.0
2026-06-03,6921,嘉雨思-創,73.4,75.7,73.0,75.7,66,0,18,0,-9,29.59,70.4,100.0
2026-06-03,6922,宸曜,200.0,200.0,191.5,193.0,312,52,-37,0,8,0.97,99.02,100.0
2026-06-03,6923,中台,77.5,78.8,77.4,78.3,154,18,80,0,0,1.3,98.69,100.0
2026-06-03,6924,榮惠-KY創,191.0,193.0,179.0,188.0,182,0,2,0,0,76.58,23.41,100.0
2026-06-03,6925,意藍,75.4,75.5,71.0,72.2,999,301,-342,0,-4,2.52,97.47,100.0
2026-06-03,6926,聖安生醫,63.18,64.5,61.6,63.8,37,0,2,0,0,0.0,0.0,0.0
2026-06-03,6927,聯合聚晶,63.85,65.2,62.9,65.2,198,0,4,0,0,0.0,0.0,0.0
2026-06-03,6928,攸泰科技,47.75,47.95,47.1,47.8,174,24,49,0,0,0.55,99.44,100.0
2026-06-03,6929,佑全,22.0,22.3,21.95,22.2,5,0,0,0,0,0.02,99.97,100.0
2026-06-03,6931,青松健康,39.9,41.5,39.7,40.8,130,34,11,0,-1,0.66,99.33,100.0
2026-06-03,6932,水星生醫*,6.68,6.64,6.17,6.64,493,0,5,0,0,0.0,0.0,0.0
2026-06-03,6933,AMAX-KY,185.5,195.0,183.0,186.0,745,310,-27,0,0,28.44,71.55,100.0
2026-06-03,6934,心誠鎂,72.5,75.0,72.5,73.4,83,0,2,0,0,12.51,87.48,100.0
2026-06-03,6935,王子製藥,29.9,30.0,28.75,28.75,5,0,0,0,0,0.0,0.0,0.0
2026-06-03,6936,永鴻生技,33.7,33.85,33.7,33.7,25,4,3,0,0,0.49,99.5,100.0
2026-06-03,6937,天虹,305.0,305.0,297.0,298.0,604,180,-104,-40,-67,2.35,97.63,100.0
2026-06-03,6938,藍新資訊,98.89,101.5,97.8,100.0,13,0,0,0,0,0.0,0.0,0.0
2026-06-03,6939,啟弘生技,20.45,20.5,20.5,20.5,2,0,0,0,0,0.0,0.0,0.0
2026-06-03,6940,格斯科技*,29.62,29.15,25.2,26.9,4632,0,136,0,0,0.0,0.0,0.0
2026-06-03,6944,兆聯實業,908.0,917.0,905.0,914.0,362,84,151,0,4,13.9,86.09,100.0
2026-06-03,6945,圓祥生技,125.42,127.0,124.0,126.5,359,0,0,0,0,0.0,0.0,0.0
2026-06-03,6946,三地能源,10.66,11.1,10.6,11.1,127,0,0,0,0,0.0,0.0,0.0
2026-06-03,6947,台鎔科技,82.67,86.3,83.0,85.0,1218,0,3,0,0,0.0,0.0,0.0
2026-06-03,6949,沛爾生醫-創,634.0,636.0,623.0,635.0,52,12,-11,0,0,1.92,98.07,100.0
2026-06-03,6951,青新-創,82.4,82.5,81.9,82.0,40,2,-4,0,3,2.0,97.99,100.0
2026-06-03,6952,大武山,36.45,36.95,36.45,36.45,11,2,4,0,0,0.34,99.65,100.0
2026-06-03,6953,家碩,244.0,250.0,244.0,246.0,49,11,2,0,0,0.71,99.28,100.0
2026-06-03,6955,邦睿生技-創,146.0,146.0,146.0,146.0,5,0,3,0,0,17.75,82.24,100.0
2026-06-03,6957,裕慶-KY,183.0,199.0,183.0,188.0,559,166,-100,0,0,5.95,94.04,100.0
2026-06-03,6958,日盛台駿,17.45,17.5,17.15,17.25,36,4,3,0,0,0.46,99.53,100.0
2026-06-03,6959,兆捷科技,138.88,150.5,142.0,150.0,895,0,23,0,0,0.0,0.0,0.0
2026-06-03,6961,旅天下,60.1,60.1,59.8,60.0,172,0,9,0,0,0.43,99.56,100.0
2026-06-03,6962,奕力-KY,38.6,39.15,38.2,38.4,4502,1463,-433,0,32,41.32,58.67,100.0
2026-06-03,6963,品元,27.2,27.8,26.5,27.8,0,0,0,0,0,0.0,0.0,0.0
2026-06-03,6965,中傑-KY,82.4,82.4,80.3,81.8,138,35,-30,0,1,77.27,22.72,100.0
2026-06-03,6967,汎瑋材料,69.5,71.0,69.5,69.7,126,18,5,0,0,1.97,98.02,100.0
2026-06-03,6968,萬達寵物,42.6,42.65,41.85,42.4,144,33,12,0,0,1.18,98.81,100.0
2026-06-03,6969,成信實業*-創,27.7,27.9,27.6,27.8,60,0,1,0,0,0.42,99.57,100.0
2026-06-03,6971,惠民實業,27.1,27.3,27.05,27.2,32,1,1,0,0,0.34,99.65,100.0
2026-06-03,6972,博瑞達應材,23.8,23.8,22.65,22.8,18,0,0,0,0,0.0,0.0,0.0
2026-06-03,6973,永立榮,32.74,33.0,32.3,32.85,36,0,0,0,0,0.0,0.0,0.0
2026-06-03,6976,育世博-KY,12.9,13.0,12.7,12.9,500,0,-4,0,0,0.0,0.0,0.0
2026-06-03,6977,聯純,284.69,285.0,278.0,282.5,80,0,0,0,0,0.0,0.0,0.0
2026-06-03,6979,勝釩,202.15,206.0,200.0,200.0,21,0,0,0,0,0.0,0.0,0.0
2026-06-03,6980,鐳洋科技,153.76,160.0,148.0,152.5,167,0,10,0,0,0.0,0.0,0.0
2026-06-03,6982,大井泵浦,59.4,61.6,59.4,61.6,294,27,61,0,3,1.37,98.62,100.0
2026-06-03,6983,華洋精機,360.0,375.0,356.0,366.0,135,0,-18,0,0,0.23,99.76,100.0
2026-06-03,6984,ACpay,17.99,19.35,18.1,18.5,58,0,0,0,0,0.0,0.0,0.0
2026-06-03,6986,和迅,61.73,62.1,60.8,61.0,39,0,-4,0,0,0.0,0.0,0.0
2026-06-03,6987,寶晶能源*,20.94,20.85,20.4,20.4,181,0,0,0,0,0.0,0.0,0.0
2026-06-03,6988,威力暘-創,15.05,15.1,14.7,14.7,34,0,0,0,0,3.82,96.17,100.0
2026-06-03,6990,華鉬,124.63,131.0,120.5,131.0,304,0,0,0,0,0.0,0.0,0.0
2026-06-03,6994,富威電力,63.5,65.2,62.9,63.1,901,238,257,0,-1,1.08,98.91,100.0
2026-06-03,6995,野獸國,47.1,47.45,46.95,47.3,41,0,0,0,0,0.0,0.0,0.0
2026-06-03,6996,力領科技,192.5,198.0,190.5,197.0,265,24,109,0,4,3.68,96.31,100.0
2026-06-03,6997,博弘,73.8,75.5,72.1,72.5,14,0,0,0,0,20.12,79.87,100.0
2026-06-03,6999,瀚醫生技,30.06,30.5,30.5,30.5,0,0,0,0,0,0.0,0.0,0.0
2026-06-03,7402,邑錡,102.5,102.5,100.5,101.0,194,48,26,0,-1,11.17,88.82,100.0
2026-06-03,7419,達勝,91.23,104.0,94.6,98.6,302,0,6,0,0,0.0,0.0,0.0
2026-06-03,7427,華上生醫,37.84,38.15,37.05,37.55,313,0,0,0,0,0.0,0.0,0.0
2026-06-03,7443,凡事康,9.51,9.75,9.4,9.75,13,0,0,0,0,0.0,0.0,0.0
2026-06-03,7455,樺緯物聯,60.08,60.4,60.4,60.4,0,0,0,0,0,0.0,0.0,0.0
2026-06-03,7507,環拓科技,20.0,20.2,19.3,20.0,69,0,5,0,0,0.0,0.0,0.0
2026-06-03,7516,清淨海,9.0,9.35,8.95,9.35,17,0,0,0,0,0.0,0.0,0.0
2026-06-03,7530,鋒魁科技,40.3,43.15,41.0,42.2,509,0,10,0,0,0.0,0.0,0.0
2026-06-03,7547,碩網,64.0,64.0,63.2,63.2,46,8,-8,0,0,23.93,76.06,100.0
2026-06-03,7551,知識科技,13.21,13.55,12.8,13.35,62,0,0,0,0,0.0,0.0,0.0
2026-06-03,7556,意德士,274.0,283.0,274.0,279.0,149,30,41,0,-7,3.86,96.13,100.0
2026-06-03,7558,群利科技,24.3,23.6,22.6,23.55,20,0,0,0,0,0.0,0.0,0.0
2026-06-03,7561,光晟生技,18.58,18.9,18.4,18.6,21,0,0,0,0,0.0,0.0,0.0
2026-06-03,7562,博來科技,59.32,59.5,57.3,59.5,18,0,-1,0,0,0.0,0.0,0.0
2026-06-03,7566,亞果遊艇,12.83,13.05,12.5,12.85,228,0,-10,0,0,0.0,0.0,0.0
2026-06-03,7575,安美得,18.79,19.0,18.7,18.8,23,0,0,0,0,0.0,0.0,0.0
2026-06-03,7578,利百景,31.56,31.85,31.35,31.85,200,0,0,0,0,0.0,0.0,0.0
2026-06-03,7583,國際海洋,34.89,45.05,35.95,43.3,79,0,1,0,0,0.0,0.0,0.0
2026-06-03,7584,樂意,24.25,25.35,24.25,25.25,18,5,3,0,0,19.71,80.28,100.0
2026-06-03,7590,怡和國際,20.12,23.15,19.55,22.5,549,0,25,0,0,0.0,0.0,0.0
2026-06-03,7595,世基生醫,8.09,8.93,8.15,8.9,259,0,0,0,0,0.0,0.0,0.0
2026-06-03,7607,通用幹細胞*,13.79,14.1,13.7,13.8,12,0,0,0,0,0.0,0.0,0.0
2026-06-03,7610,聯友金屬-創,1705.0,1705.0,1660.0,1660.0,300,0,50,0,-1,13.94,86.05,100.0
2026-06-03,7631,聚賢研發-創,122.5,128.5,122.5,127.0,19,0,-2,0,-1,0.72,99.27,100.0
2026-06-03,7642,昶瑞機電,65.7,66.7,65.7,66.6,38,2,1,0,0,0.42,99.57,100.0
2026-06-03,7669,碩正科技,553.56,719.0,565.0,719.0,372,0,5,0,0,0.0,0.0,0.0
2026-06-03,7689,大鵬科CLMX,247.71,251.0,245.0,248.0,26,0,0,0,0,0.0,0.0,0.0
2026-06-03,7702,前端風電,20.46,20.7,20.2,20.7,34,0,0,0,0,0.0,0.0,0.0
2026-06-03,7703,銳澤,208.0,208.0,205.0,206.5,150,29,27,0,0,2.98,97.01,100.0
2026-06-03,7704,明遠精密,62.4,62.4,61.5,62.0,98,13,19,0,0,1.09,98.9,100.0
2026-06-03,7705,三商餐飲,31.55,31.75,31.0,31.75,56,1,12,0,1,2.27,97.72,100.0
2026-06-03,7706,宏碁創達,38.0,37.0,37.0,37.0,1,0,0,0,0,0.0,0.0,0.0
2026-06-03,7707,益芯科,151.39,152.5,148.5,151.0,127,0,0,0,0,0.0,0.0,0.0
2026-06-03,7708,全家餐飲,92.0,92.5,92.0,92.3,11,0,0,0,0,0.42,99.57,100.0
2026-06-03,7709,榮田,146.5,146.5,123.0,127.0,2613,1049,182,0,-128,2.27,97.72,100.0
2026-06-03,7710,東擎科技,258.94,260.0,255.0,258.5,12,0,0,0,0,0.0,0.0,0.0
2026-06-03,7711,永擎,410.0,410.5,391.5,395.5,651,176,-125,0,0,1.24,98.75,100.0
2026-06-03,7712,博盛半導體,162.0,167.0,159.0,159.0,485,193,-83,0,3,1.94,98.05,100.0
2026-06-03,7713,威力德生醫,71.9,73.9,71.9,72.4,41,5,-5,0,0,0.08,99.91,100.0
2026-06-03,7714,創泓科技,125.5,130.0,124.0,126.5,118,31,20,0,0,1.16,98.83,100.0
2026-06-03,7715,裕山,27.7,28.0,27.55,27.95,147,18,21,0,0,0.79,99.2,100.0
2026-06-03,7716,昱臺國際,25.4,25.9,24.7,25.9,3,0,-1,0,0,0.0,99.99,100.0
2026-06-03,7717,萊德光電-KY,647.0,673.0,647.0,648.0,396,180,-27,0,1,16.68,83.31,100.0
2026-06-03,7718,友鋮,49.6,50.5,48.9,48.9,49,19,4,0,0,0.79,99.2,100.0
2026-06-03,7719,碳基,40.45,41.05,39.0,40.15,261,0,0,0,0,0.0,0.0,0.0
2026-06-03,7721,微程式,75.9,79.7,75.8,77.5,658,198,-99,0,-2,2.23,97.76,100.0
2026-06-03,7722,LINEPAY,274.5,281.5,271.0,277.0,146,35,3,0,0,59.57,40.42,100.0
2026-06-03,7723,築間,23.1,23.15,22.6,23.1,183,23,70,0,0,0.86,99.13,100.0
2026-06-03,7724,諾亞克,22.18,22.15,22.05,22.15,11,0,0,0,0,0.0,0.0,0.0
2026-06-03,7725,列特博,22.73,0.0,0.0,0.0,0,0,0,0,0,0.0,0.0,0.0
2026-06-03,7726,暄達,33.85,33.85,33.85,33.85,0,0,0,0,0,0.0,0.0,0.0
2026-06-03,7728,光焱科技,707.0,765.0,707.0,763.0,107,44,2,0,0,1.76,98.23,100.0
2026-06-03,7729,仲恩生醫,70.37,74.4,70.2,74.2,231,0,5,0,0,0.0,0.0,0.0
2026-06-03,7730,暉盛-創,206.5,207.5,198.0,200.5,177,11,-28,0,0,2.4,97.59,100.0
2026-06-03,7731,火星生技*,5.57,5.67,5.4,5.62,2260,0,0,0,0,0.0,0.0,0.0
2026-06-03,7732,金興精密,36.65,36.65,36.0,36.15,22,2,-2,0,0,0.33,99.66,100.0
2026-06-03,7734,印能科技,3300.0,3405.0,3200.0,3240.0,118,42,-8,-1,0,3.63,96.36,100.0
2026-06-03,7735,台智雲,250.06,252.0,227.0,239.0,275,0,0,0,0,0.0,0.0,0.0
2026-06-03,7736,虎山,72.7,74.8,72.5,72.9,48,30,8,0,-1,1.17,98.82,100.0
2026-06-03,7737,凱鈿,41.5,42.8,41.0,42.0,29,0,0,0,0,0.0,0.0,0.0
2026-06-03,7738,東聯互動,170.0,170.5,168.0,169.5,135,28,3,0,0,0.32,99.67,100.0
2026-06-03,7740,熙特爾-創,172.0,185.5,167.0,185.5,996,250,197,0,2,6.01,93.98,100.0
2026-06-03,7742,天弘化,140.45,144.5,139.5,142.0,306,0,0,0,0,0.0,0.0,0.0
2026-06-03,7743,金利食安,18.8,19.2,18.2,19.2,11,0,0,0,0,2.87,97.12,100.0
2026-06-03,7744,崴寶,500.0,500.0,476.0,480.5,241,21,-83,0,-1,28.24,71.75,100.0
2026-06-03,7745,紅陽,16.85,16.75,16.75,16.75,1,0,0,0,0,0.0,0.0,0.0
2026-06-03,7747,昕奇雲端,126.5,126.5,126.5,126.5,1,0,0,0,0,0.73,99.26,100.0
2026-06-03,7748,鑫囍創業,19.16,20.4,20.0,20.4,3,0,0,0,0,0.0,0.0,0.0
2026-06-03,7749,意騰-KY,498.5,498.5,478.0,482.0,500,88,-149,0,-5,22.54,77.45,100.0
2026-06-03,7750,新代,2240.0,2320.0,2240.0,2295.0,263,89,27,0,5,17.52,82.47,100.0
2026-06-03,7751,竑騰,1685.0,1685.0,1550.0,1575.0,566,225,24,-107,-22,4.8,95.19,100.0
2026-06-03,7752,世紀樺欣,34.2,38.3,35.05,38.3,316,0,8,0,0,0.0,0.0,0.0
2026-06-03,7753,星亞,43.15,43.85,42.95,42.95,42,13,-5,0,0,0.24,99.75,100.0
2026-06-03,7754,安基生技,59.94,60.2,59.6,60.0,77,0,-1,0,0,0.0,0.0,0.0
2026-06-03,7756,多那之,42.85,42.85,42.8,42.8,0,0,0,0,0,0.0,0.0,0.0
2026-06-03,7757,金色三麥,113.0,113.0,110.0,111.5,112,13,-10,0,0,19.47,80.52,100.0
2026-06-03,7758,睿騰能源,45.3,45.1,44.05,45.1,8,0,0,0,0,0.0,0.0,0.0
2026-06-03,7759,視航生醫,29.97,30.95,28.5,29.85,91,0,0,0,0,0.0,0.0,0.0
2026-06-03,7760,享溫馨,31.95,31.95,31.5,31.5,127,0,-2,0,-10,0.27,99.72,100.0
2026-06-03,7761,三大未來,38.98,39.9,38.05,39.0,149,0,0,0,0,0.0,0.0,0.0
2026-06-03,7762,吉晟生,53.39,54.0,52.2,53.5,74,0,0,0,0,0.0,0.0,0.0
2026-06-03,7763,崇舜,187.46,189.0,180.0,188.0,108,0,0,0,0,0.0,0.0,0.0
2026-06-03,7764,聖州,12.61,13.05,12.6,13.05,115,0,0,0,0,0.0,0.0,0.0
2026-06-03,7765,中華資安,264.0,265.5,259.5,261.0,98,10,-12,-1,0,0.53,99.46,100.0
2026-06-03,7767,仁大資訊,41.95,42.8,41.95,42.8,52,0,0,0,0,0.1,99.89,100.0
2026-06-03,7768,頌勝科技,428.0,444.0,415.5,430.0,581,0,84,0,1,1.02,98.97,100.0
2026-06-03,7769,鴻勁,7450.0,7800.0,7360.0,7525.0,714,297,-82,121,1,19.53,80.46,100.0
2026-06-03,7770,君曜,44.05,45.3,44.05,44.95,23,0,1,0,-5,0.21,99.78,100.0
2026-06-03,7771,綠基,57.05,57.0,54.7,54.8,8,0,0,0,0,0.0,0.0,0.0
2026-06-03,7772,耀穎,143.0,156.0,141.0,153.5,332,0,-5,0,0,0.26,99.73,100.0
2026-06-03,7773,富禾生醫,29.61,30.5,29.5,30.45,31,0,0,0,0,0.0,0.0,0.0
2026-06-03,7776,奧孟亞,25.64,26.2,24.7,25.15,43,0,0,0,0,0.0,0.0,0.0
2026-06-03,7777,能率亞洲,43.0,43.7,41.75,42.05,4129,1376,-578,0,17,0.75,99.24,100.0
2026-06-03,7779,鍇睿國際,12.62,13.1,13.1,13.1,5,0,0,0,0,0.0,0.0,0.0
2026-06-03,7780,大研生醫*,17.5,17.9,17.5,17.8,2465,396,-65,0,0,0.58,99.41,100.0
2026-06-03,7781,昕力資*,30.24,31.0,29.95,30.55,2398,0,59,0,0,0.0,0.0,0.0
2026-06-03,7782,光速火箭,25.55,25.6,25.45,25.55,34,4,15,0,0,0.36,99.63,100.0
2026-06-03,7783,佳運,95.34,96.0,94.7,95.9,19,0,-2,0,0,0.0,0.0,0.0
2026-06-03,7784,安邦生技*,10.33,14.8,10.45,14.3,4332,0,48,0,0,0.0,0.0,0.0
2026-06-03,7785,北祥科服,31.44,31.0,29.8,30.5,21,0,0,0,0,0.0,0.0,0.0
2026-06-03,7786,東方風能,114.5,125.0,113.0,124.0,964,306,65,0,2,1.32,98.67,100.0
2026-06-03,7788,松川精密,185.0,200.0,182.0,198.5,1805,610,-82,0,44,9.11,90.88,100.0
2026-06-03,7789,開展,35.1,35.1,35.1,35.1,0,0,0,0,0,0.0,0.0,0.0
2026-06-03,7790,思必瑞特,49.78,51.5,49.25,51.5,5,0,0,0,0,0.0,0.0,0.0
2026-06-03,7791,皇家可口,67.5,67.9,67.1,67.2,302,6,8,0,0,0.57,99.42,100.0
2026-06-03,7792,安葆,291.0,304.0,284.5,299.5,277,90,13,0,-19,17.77,82.22,100.0
2026-06-03,7794,宏碁智新,32.9,34.0,32.75,33.25,298,0,6,0,-10,1.37,98.62,100.0
2026-06-03,7795,長廣,394.5,401.5,385.0,391.5,198,0,-50,0,0,8.67,91.32,100.0
2026-06-03,7796,擷發科,99.01,99.0,96.7,97.8,108,0,0,0,0,0.0,0.0,0.0
2026-06-03,7797,Q Burger,57.5,65.2,57.0,65.2,73,0,0,0,0,0.0,0.0,0.0
2026-06-03,7798,將捷,15.99,16.25,15.95,16.2,47,0,0,0,0,0.0,0.0,0.0
2026-06-03,7799,禾榮科,324.0,333.0,319.5,323.5,241,66,-91,0,0,3.74,96.25,100.0
2026-06-03,7801,華芸科技,135.56,137.5,134.5,136.5,106,0,0,0,0,0.0,0.0,0.0
2026-06-03,7803,雲象科技-創,23.15,23.15,22.1,22.2,188,0,-16,0,0,2.5,97.49,100.0
2026-06-03,7805,威聯通,801.0,801.0,779.0,785.0,139,30,-12,0,-7,10.46,89.53,100.0
2026-06-03,7806,精華生醫,66.8,66.8,64.0,66.8,1,0,0,0,0,0.0,0.0,0.0
2026-06-03,7808,訊聯智藥,37.08,37.8,36.65,37.2,45,0,0,0,0,0.0,0.0,0.0
2026-06-03,7810,捷創科技,235.5,238.5,233.0,234.0,94,25,-13,0,0,0.54,99.45,100.0
2026-06-03,7811,民盛,80.0,80.5,79.6,79.7,20,0,3,0,0,0.35,99.64,100.0
2026-06-03,7812,稜研科技*,88.25,92.9,88.1,89.3,270,0,0,0,0,0.0,0.0,0.0
2026-06-03,7813,宇辰系統,130.64,135.5,131.5,134.0,52,0,-1,0,0,0.0,0.0,0.0
2026-06-03,7814,海昌生技,42.65,43.3,42.2,42.9,114,0,0,0,0,0.0,0.0,0.0
2026-06-03,7815,新特,442.42,460.5,440.0,460.5,92,0,0,0,0,0.0,0.0,0.0
2026-06-03,7816,來穎,66.1,69.3,65.0,66.8,89,0,2,0,0,0.0,0.0,0.0
2026-06-03,7818,溢泰實業,65.8,66.0,64.8,65.5,455,0,38,0,0,0.14,99.85,100.0
2026-06-03,7819,精誠金融,49.2,49.4,47.5,48.1,204,0,-17,0,-2,1.95,98.04,100.0
2026-06-03,7820,立盈,126.5,126.5,120.0,123.0,103,0,35,0,0,0.25,99.74,100.0
2026-06-03,7821,神數,46.1,46.4,45.4,45.95,309,0,-35,0,1,0.63,99.36,100.0
2026-06-03,7822,倍利科,1060.0,1090.0,1040.0,1070.0,232,0,23,0,0,0.68,99.31,100.0
2026-06-03,7823,奧義賽博-KY創,96.1,98.4,96.0,98.0,34,0,0,0,0,25.89,74.1,100.0
2026-06-03,7824,智寶,47.24,48.0,47.0,48.0,10,0,0,0,0,0.0,0.0,0.0
2026-06-03,7825,和亞智慧,122.97,124.5,119.0,120.0,133,0,0,0,0,0.0,0.0,0.0
2026-06-03,7826,極風雲創,43.35,43.3,42.25,43.25,1,0,0,0,0,0.0,0.0,0.0
2026-06-03,7827,漢康-KY創,167.5,170.0,155.0,159.0,2455,0,568,0,-2,21.01,78.98,100.0
2026-06-03,7828,創新服務,1495.0,1625.0,1445.0,1625.0,503,0,3,92,0,22.52,77.47,100.0
2026-06-03,7829,思捷優達-KY,46.01,46.65,44.2,45.85,91,0,1,0,0,0.0,0.0,0.0
2026-06-03,7831,捷博,37.1,38.0,38.0,38.0,0,0,0,0,0,0.0,0.0,0.0
2026-06-03,7832,智新生技*,11.19,11.25,11.05,11.1,118,0,0,0,0,0.0,0.0,0.0
2026-06-03,7833,綠岩能源,28.32,29.0,27.5,28.45,115,0,38,0,0,0.0,0.0,0.0
2026-06-03,7834,來毅數位,18.83,19.55,19.0,19.55,2,0,0,0,0,0.0,0.0,0.0
2026-06-03,7836,智生活,52.09,52.4,51.6,52.4,1,0,0,0,0,0.0,0.0,0.0
2026-06-03,7837,啟新生,100.5,103.5,103.5,103.5,0,0,0,0,0,0.0,0.0,0.0
2026-06-03,7839,達人網,61.26,62.6,59.5,60.0,33,0,0,0,0,0.0,0.0,0.0
2026-06-03,7840,祥圃,36.75,38.0,36.5,37.0,3,0,0,0,0,0.0,0.0,0.0
2026-06-03,7841,經貿聯網,28.8,29.0,28.05,28.7,19,0,0,0,0,0.0,0.0,0.0
2026-06-03,7842,天能綠電,112.0,114.5,111.0,113.0,63,0,23,0,0,0.12,99.87,100.0
2026-06-03,7843,英柏得,134.32,147.0,137.0,144.5,284,0,3,0,0,0.0,0.0,0.0
2026-06-03,7846,德揚,68.9,67.8,63.3,63.9,90,0,0,0,0,0.0,0.0,0.0
2026-06-03,7847,豊漁,22.37,22.4,22.0,22.2,6,0,0,0,0,0.0,0.0,0.0
2026-06-03,7848,騏億鑫,439.55,445.0,435.5,440.0,14,0,0,0,0,0.0,0.0,0.0
2026-06-03,7849,旭誼,166.55,169.0,161.0,165.0,3,0,0,0,0,0.0,0.0,0.0
2026-06-03,7850,寶泰生醫,17.61,17.8,17.45,17.8,43,0,0,0,0,0.0,0.0,0.0
2026-06-03,7851,慧康生技*-KY,37.42,38.1,36.05,37.1,41,0,2,0,0,0.0,0.0,0.0
2026-06-03,7853,政美應用,339.44,373.0,339.0,367.5,782,0,7,0,0,0.0,0.0,0.0
2026-06-03,7854,佐茂,91.24,91.9,88.2,90.9,49,0,0,0,0,0.0,0.0,0.0
2026-06-03,7855,和運租車,100.06,102.5,102.5,102.5,0,0,0,0,0,0.0,0.0,0.0
2026-06-03,7856,漢測,3166.7,3335.0,3135.0,3205.0,83,0,-12,0,0,0.0,0.0,0.0
2026-06-03,7857,合水先進,48.3,50.4,48.05,50.4,12,0,0,0,0,0.0,0.0,0.0
2026-06-03,7858,芝普,197.44,195.0,185.0,189.0,275,0,0,0,0,0.0,0.0,0.0
2026-06-03,7860,得生製藥,55.03,0.0,0.0,0.0,0,0,0,0,0,0.0,0.0,0.0
2026-06-03,7861,貝爾威勒,1319.48,1325.0,1270.0,1320.0,127,0,0,0,0,0.0,0.0,0.0
2026-06-03,7862,聚泰,28.96,29.45,28.5,28.5,15,0,0,0,0,0.0,0.0,0.0
2026-06-03,7863,中科物流,52.5,54.7,52.1,54.0,8,0,0,0,0,0.0,0.0,0.0
2026-06-03,7865,金聯成,60.97,60.9,57.0,59.5,80,0,0,0,0,0.0,0.0,0.0
2026-06-03,7866,丹立,239.33,246.0,236.0,239.0,174,0,0,0,0,0.0,0.0,0.0
2026-06-03,7867,特力屋,58.32,57.9,55.3,57.5,52,0,0,0,0,0.0,0.0,0.0
2026-06-03,7868,聖育,91.16,94.3,89.8,93.2,121,0,0,0,0,0.0,0.0,0.0
2026-06-03,7869,宏于電機,377.12,404.5,374.0,404.5,25,0,0,0,0,0.0,0.0,0.0
2026-06-03,7870,聯剛科技,167.0,165.5,165.0,165.0,8,0,0,0,0,0.0,0.0,0.0
2026-06-03,7871,安立璽榮-KY,70.48,71.2,69.9,71.2,510,0,0,0,0,0.0,0.0,0.0
2026-06-03,7872,登豐,62.78,63.8,60.2,62.1,45,0,0,0,0,0.0,0.0,0.0
2026-06-03,7873,瑞峰,205.6,224.0,200.0,206.5,583,0,19,0,0,0.0,0.0,0.0
2026-06-03,7875,安圖斯,138.61,142.5,137.5,142.5,9,0,0,0,0,0.0,0.0,0.0
2026-06-03,7876,鼎晉生技,35.94,37.3,35.05,35.85,76,0,-2,0,0,0.0,0.0,0.0
2026-06-03,7877,海利普,41.05,42.1,40.05,40.7,74,0,0,0,0,0.0,0.0,0.0
2026-06-03,7878,藥祇,275.05,276.0,270.0,275.0,165,0,0,0,0,0.0,0.0,0.0
2026-06-03,7879,益材科技,119.35,120.5,117.0,118.0,286,0,0,0,0,0.0,0.0,0.0
2026-06-03,7880,聖凰,185.94,186.0,180.0,182.5,151,0,0,0,0,0.0,0.0,0.0
2026-06-03,7881,科明,101.7,101.5,99.5,101.5,18,0,0,0,0,0.0,0.0,0.0
2026-06-03,7882,倍利創投,21.17,21.6,20.9,21.45,175,0,0,0,0,0.0,0.0,0.0
2026-06-03,7883,饗賓,278.56,286.5,264.0,271.5,63,0,0,0,0,0.0,0.0,0.0
2026-06-03,7885,宏羚,30.25,30.45,29.8,30.1,51,0,0,0,0,0.0,0.0,0.0
2026-06-03,7886,科建,183.43,189.0,180.0,184.0,56,0,0,0,0,0.0,0.0,0.0
2026-06-03,7887,宇川精材,239.72,242.0,231.5,239.0,762,0,1,0,0,0.0,0.0,0.0
2026-06-03,7888,麗寶新藥,39.91,39.45,38.5,38.5,18,0,0,0,0,0.0,0.0,0.0
2026-06-03,7889,騰勢,82.72,82.9,82.0,82.0,3,0,0,0,0,0.0,0.0,0.0
2026-06-03,7890,明曜科技,110.09,114.5,109.0,114.5,21,0,0,0,0,0.0,0.0,0.0
2026-06-03,7891,博研醫藥,23.82,24.0,23.05,23.1,17,0,0,0,0,0.0,0.0,0.0
2026-06-03,7892,元鈦科,858.77,902.0,859.0,880.0,78,0,6,0,0,0.0,0.0,0.0
2026-06-03,7893,睿信,201.09,204.0,200.0,203.0,19,0,0,0,0,0.0,0.0,0.0
2026-06-03,7895,元進莊,69.14,70.3,67.5,70.0,53,0,0,0,0,0.0,0.0,0.0
2026-06-03,7896,喬越,255.27,259.0,228.5,251.0,11,0,0,0,0,0.0,0.0,0.0
2026-06-03,7897,禾迅綠電,38.85,40.5,40.5,40.5,2,0,0,0,0,0.0,0.0,0.0
2026-06-03,7898,乾瞻,686.87,691.0,639.0,669.0,208,0,2,0,0,0.0,0.0,0.0
2026-06-03,7899,景美,469.1,539.0,470.5,506.0,699,0,19,0,0,0.0,0.0,0.0
2026-06-03,7901,大大寬頻,73.73,74.9,73.0,74.0,49,0,0,0,0,0.0,0.0,0.0
2026-06-03,7902,宇越生醫*,39.02,39.5,38.65,39.45,110,0,0,0,0,0.0,0.0,0.0
2026-06-03,7904,任開數位,25.1,0.0,0.0,0.0,0,0,0,0,0,0.0,0.0,0.0
2026-06-03,7907,錸恩帕斯,258.12,261.0,250.0,257.5,13,0,0,0,0,0.0,0.0,0.0
2026-06-03,7909,鈺祥,723.88,729.0,702.0,724.0,64,0,0,0,0,0.0,0.0,0.0
2026-06-03,7911,阿波羅電力,157.39,174.5,156.5,168.0,615,0,-2,0,0,0.0,0.0,0.0
2026-06-03,7912,新聿科,535.53,549.0,504.0,505.0,62,0,0,0,0,0.0,0.0,0.0
2026-06-03,7913,通寶半導體,397.15,409.0,390.0,400.0,197,0,0,0,0,0.0,0.0,0.0
2026-06-03,7915,廌家,657.85,670.0,590.0,617.0,89,0,0,0,0,0.0,0.0,0.0
2026-06-03,7918,創鉅材料,1032.88,1260.0,1000.0,1205.0,222,0,3,0,0,0.0,0.0,0.0
2026-06-03,7919,禾蒼,75.77,79.2,72.3,74.3,265,0,0,0,0,0.0,0.0,0.0
2026-06-03,7920,瀚陽*,9.08,12.8,9.1,12.6,13967,0,485,0,0,0.0,0.0,0.0
2026-06-03,7921,台普威,135.52,136.5,130.0,134.5,171,0,0,0,0,0.0,0.0,0.0
2026-06-03,7922,源點*,113.03,116.0,105.5,109.5,37,0,0,0,0,0.0,0.0,0.0
2026-06-03,8011,台通,19.3,19.6,19.05,19.6,2723,828,393,0,1,3.28,96.71,100.0
2026-06-03,8016,矽創,307.0,310.0,303.5,304.0,1975,521,685,27,35,36.18,63.81,100.0
2026-06-03,8021,尖點,461.5,470.0,458.0,470.0,1413,0,687,-5,31,21.83,78.16,100.0
2026-06-03,8024,佑華,12.45,12.45,12.15,12.4,137,0,3,0,0,1.81,98.18,100.0
2026-06-03,8027,鈦昇,288.0,293.0,281.0,291.0,1504,0,38,0,-23,8.7,91.29,100.0
2026-06-03,8028,昇陽半導體,348.0,355.5,335.0,344.5,8947,4802,-709,-64,20,24.63,75.36,100.0
2026-06-03,8032,光菱,46.6,46.95,45.55,46.75,415,139,-18,0,0,1.3,98.69,100.0
2026-06-03,8033,雷虎,136.0,136.5,134.0,134.5,2390,333,-515,0,-15,4.32,95.67,100.0
2026-06-03,8034,榮群,25.3,25.3,24.75,24.95,587,137,102,0,0,7.47,92.52,100.0
2026-06-03,8038,長園科,40.3,42.75,40.25,42.55,844,0,246,0,-1,1.11,98.88,100.0
2026-06-03,8039,台虹,149.5,157.0,146.5,150.5,16318,8726,886,0,237,17.41,82.58,100.0
2026-06-03,8040,九暘,108.0,110.0,104.0,105.5,1565,507,-294,0,0,4.03,95.96,100.0
2026-06-03,8042,金山電,172.0,172.0,157.0,162.0,670,0,-98,0,67,15.34,84.65,100.0
2026-06-03,8043,蜜望實,157.0,158.5,150.0,151.0,12742,7393,-1374,0,-23,3.39,96.6,100.0
2026-06-03,8044,網家,32.0,33.25,30.8,31.5,3978,1549,-662,0,1,5.73,94.26,100.0
2026-06-03,8045,達運光電,69.7,70.8,69.0,70.2,266,47,126,0,-67,1.29,98.7,100.0
2026-06-03,8046,南電,860.0,920.0,856.0,904.0,17486,6375,8066,-441,25,12.65,87.34,100.0
2026-06-03,8047,星雲,44.15,46.95,44.15,46.95,31,0,18,0,0,0.59,99.4,100.0
2026-06-03,8048,德勝,62.3,64.9,62.1,64.0,696,181,210,0,27,7.9,92.09,100.0
2026-06-03,8049,晶采,27.25,27.6,27.2,27.3,653,132,133,0,0,2.83,97.16,100.0
2026-06-03,8050,廣積,60.0,60.0,59.0,59.3,1105,275,-42,0,13,3.36,96.63,100.0
2026-06-03,8054,安國,103.5,104.0,101.0,101.5,1321,508,-121,0,-2,3.88,96.11,100.0
2026-06-03,8058,耐特,97.62,105.5,98.0,105.0,311,0,6,0,0,0.0,0.0,0.0
2026-06-03,8059,凱碩,20.2,21.75,20.2,21.0,1617,0,18,0,0,0.8,99.19,100.0
2026-06-03,8064,東捷,161.0,172.5,157.5,172.5,9044,3505,960,0,-73,9.61,90.38,100.0
2026-06-03,8066,來思達,16.0,16.5,15.95,16.25,64,9,5,0,0,2.99,97.0,100.0
2026-06-03,8067,志旭,12.25,12.7,12.25,12.3,16,0,0,0,0,8.42,91.57,100.0
2026-06-03,8068,全達,20.45,20.65,20.25,20.5,397,84,90,0,0,8.81,91.18,100.0
2026-06-03,8069,元太,229.5,236.0,223.0,227.5,8508,3594,-643,187,63,41.29,58.7,100.0
2026-06-03,8070,長華*,60.7,61.3,56.9,60.0,30031,15753,-974,-5045,251,10.77,89.22,100.0
2026-06-03,8071,能率網通,23.5,23.75,22.45,22.7,2501,883,215,0,0,5.23,94.76,100.0
2026-06-03,8072,陞泰,29.45,29.85,29.0,29.85,704,286,41,0,-3,2.37,97.62,100.0
2026-06-03,8074,鉅橡,74.8,77.3,72.6,75.2,1595,610,261,0,62,6.24,93.75,100.0
2026-06-03,8076,伍豐,25.3,27.4,25.0,27.4,6573,1488,1011,0,77,6.67,93.32,100.0
2026-06-03,8077,洛碁,49.0,51.0,49.0,50.8,16,0,0,0,0,51.12,48.87,100.0
2026-06-03,8080,永利聯合,28.0,28.2,27.9,28.15,43,0,-3,0,0,0.09,99.9,100.0
2026-06-03,8080,泰霖,28.0,28.2,27.9,28.15,43,0,-3,0,0,0.09,99.9,100.0
2026-06-03,8081,致新,288.0,288.0,284.5,286.0,600,97,25,91,3,19.77,80.22,100.0
2026-06-03,8083,瑞穎,170.0,171.0,169.0,170.0,61,29,-5,0,0,3.2,96.79,100.0
2026-06-03,8084,巨虹,49.5,50.4,48.85,50.0,140,0,15,0,0,1.07,98.92,100.0
2026-06-03,8085,福華,14.65,14.65,14.65,14.65,668,0,-12,0,4,4.55,95.44,100.0
2026-06-03,8086,宏捷科,170.5,174.5,163.0,164.5,8471,3458,-2787,0,-33,24.04,75.95,100.0
2026-06-03,8087,華鎂鑫,33.7,34.7,33.6,34.45,82,11,22,0,0,3.19,96.8,100.0
2026-06-03,8087,麗升能源,33.7,34.7,33.6,34.45,82,11,22,0,0,3.19,96.8,100.0
2026-06-03,8088,品安,65.0,66.8,62.2,66.3,16448,8991,-743,0,0,5.23,94.76,100.0
2026-06-03,8089,康全電訊,21.5,21.55,20.65,20.95,581,161,-13,0,0,4.65,95.34,100.0
2026-06-03,8091,翔名,252.0,260.0,246.0,256.0,1237,486,-236,0,-1,10.83,89.16,100.0
2026-06-03,8092,建暐,17.3,17.35,16.65,17.0,206,49,40,0,0,0.32,99.67,100.0
2026-06-03,8093,保銳,18.3,18.4,17.8,18.4,16,0,0,0,0,0.05,99.94,100.0
2026-06-03,8096,擎亞,136.5,140.0,134.5,136.5,6956,4089,384,0,-41,32.14,67.85,100.0
2026-06-03,8097,常珵,61.2,61.2,58.9,59.9,188,24,-61,0,0,2.69,97.3,100.0
2026-06-03,8098,慶康科技,361.75,370.0,355.0,362.0,22,0,3,0,0,0.0,0.0,0.0
2026-06-03,8099,大世科,63.2,63.3,61.5,63.0,179,30,-29,0,0,2.98,97.01,100.0
2026-06-03,8101,華冠,16.0,16.45,14.35,16.3,92,0,-1,0,0,0.05,99.94,100.0
2026-06-03,8102,傑霖科技,80.0,80.5,77.0,79.0,217,0,-17,0,0,0.15,99.84,100.0
2026-06-03,8103,瀚荃,104.5,106.0,103.0,103.0,1378,482,-176,0,79,22.7,77.29,100.0
2026-06-03,8104,錸寶,40.45,44.6,39.6,44.6,11336,3854,1685,0,98,3.65,96.34,100.0
2026-06-03,8105,凌巨,21.2,21.85,20.4,20.6,40098,18681,-8928,0,-114,40.76,59.23,100.0
2026-06-03,8107,大億金茂,12.35,12.7,12.2,12.6,141,16,27,0,0,0.56,99.43,100.0
2026-06-03,8109,博大,122.5,122.5,118.0,118.0,384,26,-101,2,-2,5.01,94.98,100.0
2026-06-03,8110,華東,62.0,63.0,60.1,60.1,16238,7198,-1088,0,-25,1.72,98.27,100.0
2026-06-03,8111,立碁,65.0,68.2,65.0,65.2,3254,1578,448,0,-130,6.0,93.99,100.0
2026-06-03,8112,至上,96.0,96.1,93.1,94.4,42210,20911,-3215,-9,-436,21.01,78.98,100.0
2026-06-03,8114,振樺電,258.5,262.5,245.0,246.0,1337,410,-259,150,-4,11.38,88.61,100.0
2026-06-03,8119,公信,10.75,11.15,10.65,10.95,218,0,4,0,0,0.0,0.0,0.0
2026-06-03,8121,越峰,38.9,40.3,38.55,39.0,1483,0,90,0,0,2.56,97.43,100.0
2026-06-03,8131,福懋科,74.7,75.3,71.0,72.9,7281,3436,700,0,45,4.55,95.44,100.0
2026-06-03,8147,正淩,171.5,174.5,166.0,169.0,626,222,-21,0,3,20.19,79.8,100.0
2026-06-03,8150,南茂,99.4,104.5,95.7,95.8,50209,26018,-7401,-17,-422,41.03,58.96,100.0
2026-06-03,8155,博智,396.5,401.5,389.0,395.0,1227,486,177,-100,-28,10.74,89.25,100.0
2026-06-03,8162,微矽電子-創,80.8,85.0,75.5,76.9,1108,301,-164,0,7,1.01,98.98,100.0
2026-06-03,8163,達方,41.6,41.85,40.35,41.15,3905,1621,421,0,179,7.42,92.57,100.0
2026-06-03,8171,天宇,24.0,24.55,24.0,24.45,477,37,162,0,0,3.22,96.77,100.0
2026-06-03,8176,智捷,10.5,10.8,10.4,10.55,520,0,38,0,0,1.2,98.79,100.0
2026-06-03,8182,加高,44.95,47.5,44.45,45.25,8581,5308,22,0,123,52.53,47.46,100.0
2026-06-03,8183,精星,32.6,33.9,32.55,33.4,1108,240,116,0,28,4.09,95.9,100.0
2026-06-03,8201,無敵,13.6,13.9,13.5,13.7,184,0,46,0,0,0.94,99.05,100.0
2026-06-03,8210,勤誠,1390.0,1470.0,1380.0,1455.0,1832,601,169,-43,24,10.3,89.69,100.0
2026-06-03,8213,志超,38.35,38.95,38.05,38.45,720,103,344,0,0,22.76,77.23,100.0
2026-06-03,8215,明基材,31.5,33.4,31.3,32.6,8734,3342,958,13,48,3.14,96.85,100.0
2026-06-03,8222,寶一,36.8,37.6,36.3,37.55,576,88,275,0,-4,3.26,96.73,100.0
2026-06-03,8227,巨有科技,226.0,227.0,216.5,218.0,1192,390,-230,0,-28,2.54,97.45,100.0
2026-06-03,8234,新漢,72.0,72.6,70.8,70.8,1184,315,9,0,12,2.74,97.25,100.0
2026-06-03,8240,華宏,63.2,63.2,61.8,61.9,654,116,69,0,-1,5.14,94.85,100.0
2026-06-03,8249,菱光,55.0,56.9,54.5,55.7,1381,475,283,0,0,1.33,98.66,100.0
2026-06-03,8255,朋程,186.0,189.5,180.0,183.5,2700,1023,-560,0,-31,9.39,90.6,100.0
2026-06-03,8261,富鼎,171.5,179.5,168.0,171.0,10152,4855,-2932,6,105,5.67,94.32,100.0
2026-06-03,8271,宇瞻,260.0,261.0,247.0,250.0,5735,2510,-1192,-1,-6,11.84,88.15,100.0
2026-06-03,8272,全景軟體,75.4,77.9,72.4,73.4,36,0,-1,0,0,0.19,99.8,100.0
2026-06-03,8277,商丞,11.4,11.4,11.4,11.4,598,0,-1,0,0,1.8,98.19,100.0
2026-06-03,8279,生展,96.7,97.5,96.5,97.1,12,0,4,0,0,5.5,94.49,100.0
2026-06-03,8284,三竹,63.2,63.5,63.2,63.2,23,0,3,0,0,0.91,99.08,100.0
2026-06-03,8289,泰藝,72.2,76.0,70.0,72.2,7846,4624,-879,0,0,2.58,97.41,100.0
2026-06-03,8291,尚茂,87.5,87.5,87.5,87.5,20,0,0,0,0,73.47,26.52,100.0
2026-06-03,8298,威睿,50.38,51.0,49.15,50.9,17,0,1,0,0,0.0,0.0,0.0
2026-06-03,8299,群聯,2835.0,2835.0,2685.0,2685.0,11235,4578,-2195,-447,-95,35.19,64.8,100.0
2026-06-03,8329,台視,10.3,10.3,10.0,10.2,43,0,0,0,0,0.0,0.0,0.0
2026-06-03,8341,日友,77.2,78.0,76.7,77.5,423,64,102,0,1,4.4,95.59,100.0
2026-06-03,8342,益張,90.9,91.5,88.3,88.8,7,2,0,0,0,0.14,99.85,100.0
2026-06-03,8345,超秦,56.15,56.9,55.9,56.9,23,0,0,0,0,0.0,0.0,0.0
2026-06-03,8349,恒耀,41.85,42.3,41.6,42.05,186,9,45,0,0,1.29,98.7,100.0
2026-06-03,8354,冠好,16.8,17.0,16.5,16.95,116,20,26,0,0,0.77,99.22,100.0
2026-06-03,8358,金居,635.0,654.0,606.0,615.0,18008,8775,-2895,-5,-649,33.27,66.72,100.0
2026-06-03,8359,錢櫃,64.54,65.2,64.1,65.1,49,0,0,0,0,0.0,0.0,0.0
2026-06-03,8367,建新國際,40.8,41.55,40.8,41.1,20,1,4,0,0,1.56,98.43,100.0
2026-06-03,8374,羅昇,101.0,105.5,100.5,101.0,1631,653,-214,0,-21,2.13,97.86,100.0
2026-06-03,8383,千附,61.0,61.3,59.7,60.0,969,274,-38,0,11,13.04,86.95,100.0
2026-06-03,8390,金益鼎,120.0,120.0,117.0,119.5,730,309,6,0,-4,22.5,77.49,100.0
2026-06-03,8401,白紗科,22.9,23.3,22.9,23.3,144,3,57,0,0,0.25,99.74,100.0
2026-06-03,8403,盛弘,19.6,19.75,19.45,19.7,224,27,13,0,0,1.63,98.36,100.0
2026-06-03,8404,百和興業-KY,17.2,17.6,17.05,17.35,500,135,-83,0,-3,52.89,47.1,100.0
2026-06-03,8409,商之器,19.05,19.3,19.0,19.2,31,0,0,0,0,0.12,99.87,100.0
2026-06-03,8410,森田,35.35,36.75,35.35,36.4,111,30,0,0,0,0.58,99.41,100.0
2026-06-03,8411,福貞-KY,12.05,12.1,11.95,12.1,85,20,-3,0,4,53.78,46.21,100.0
2026-06-03,8415,大國鋼,34.75,35.35,34.6,35.25,714,75,230,0,-190,6.68,93.31,100.0
2026-06-03,8416,實威,185.5,185.5,182.0,184.0,27,0,1,0,0,0.75,99.24,100.0
2026-06-03,8421,旭源,13.1,13.15,13.0,13.15,35,1,-2,0,0,0.57,99.42,100.0
2026-06-03,8422,可寧衛,27.4,28.3,27.1,28.1,19432,2657,10544,-3682,248,5.61,94.38,100.0
2026-06-03,8422,可寧衛*,27.4,28.3,27.1,28.1,19432,2657,10544,-3682,248,5.61,94.38,100.0
2026-06-03,8423,保綠-KY,18.0,18.0,17.7,17.85,10,0,0,0,0,24.93,75.06,100.0
2026-06-03,8424,惠普,73.0,73.1,72.9,72.9,106,1,2,0,0,0.56,99.43,100.0
2026-06-03,8426,紅木-KY,22.8,22.8,22.0,22.2,113,57,9,0,0,67.6,32.39,100.0
2026-06-03,8429,金麗-KY,6.35,6.62,6.35,6.55,918,203,80,0,0,28.98,71.01,100.0
2026-06-03,8431,匯鑽科,54.6,57.8,53.6,57.2,1090,269,148,0,-7,2.67,97.32,100.0
2026-06-03,8432,東生華,50.0,50.8,49.65,50.7,70,6,11,0,0,0.9,99.09,100.0
2026-06-03,8433,弘帆,51.9,52.9,51.7,52.9,42,5,13,0,0,1.02,98.97,100.0
2026-06-03,8435,鉅邁,55.4,55.7,54.8,55.3,72,3,2,0,0,0.55,99.44,100.0
2026-06-03,8436,大江,120.5,124.5,119.5,122.5,1032,230,-9,-112,0,15.07,84.92,100.0
2026-06-03,8437,大地-KY,10.85,11.3,10.7,10.95,121,18,31,0,0,24.24,75.75,100.0
2026-06-03,8438,昶昕,85.7,89.0,85.2,87.1,315,94,-66,0,-1,2.71,97.28,100.0
2026-06-03,8440,綠電,23.2,24.45,23.2,24.25,530,132,-28,0,0,0.91,99.08,100.0
2026-06-03,8442,威宏-KY,40.45,40.45,39.55,39.8,164,7,-3,0,-3,55.87,44.12,100.0
2026-06-03,8443,阿瘦,11.25,11.25,11.2,11.25,42,0,1,0,0,3.72,96.27,100.0
2026-06-03,8444,綠河-KY,4.67,5.13,4.67,5.13,86,0,0,0,0,58.55,41.44,100.0
2026-06-03,8446,華研,84.5,84.9,84.0,84.9,94,9,16,0,0,4.65,95.34,100.0
2026-06-03,8450,霹靂,15.75,15.95,15.5,15.75,66,0,0,0,0,0.1,49.88,49.99
2026-06-03,8454,富邦媒,267.0,292.0,265.0,292.0,6858,2738,-1436,1335,82,11.74,88.25,100.0
2026-06-03,8455,大拓-KY,41.0,41.45,40.2,40.7,115,0,0,0,0,87.79,12.2,100.0
2026-06-03,8458,影一,13.5,13.65,13.25,13.65,28,0,1,0,0,0.0,0.0,0.0
2026-06-03,8462,柏文,141.5,141.5,139.0,139.0,107,11,-1,0,1,3.75,96.24,100.0
2026-06-03,8463,潤泰材,21.65,22.1,21.65,22.0,65,1,32,0,0,0.44,99.55,100.0
2026-06-03,8464,億豐,323.5,327.5,318.5,324.0,2169,340,-55,-3,7,42.19,57.8,100.0
2026-06-03,8466,美吉吉-KY,16.1,16.4,16.0,16.25,80,16,0,0,0,50.16,49.83,100.0
2026-06-03,8467,波力-KY,131.5,132.5,130.0,132.5,14,4,6,0,0,46.54,53.45,100.0
2026-06-03,8472,夠麻吉,99.0,99.0,86.8,92.1,174,103,4,0,0,1.47,98.52,100.0
2026-06-03,8473,山林水,55.0,55.6,53.0,53.4,5761,2276,-328,0,31,3.72,96.27,100.0
2026-06-03,8476,台境,15.35,15.95,15.35,15.8,374,53,175,0,-2,1.58,98.41,100.0
2026-06-03,8476,台境*,15.35,15.95,15.35,15.8,374,53,175,0,-2,1.58,98.41,100.0
2026-06-03,8477,創業家,19.9,20.45,19.25,20.1,145,0,3,0,0,0.22,99.77,100.0
2026-06-03,8478,東哥遊艇,155.5,158.5,153.5,158.0,515,171,80,0,2,39.5,60.49,100.0
2026-06-03,8481,政伸,41.2,41.5,41.2,41.25,20,2,0,0,0,0.42,99.57,100.0
2026-06-03,8482,商億-KY,49.1,49.1,49.1,49.1,2,0,2,0,0,91.75,8.24,100.0
2026-06-03,8487,愛爾達-創,78.4,79.0,77.5,78.4,106,7,-1,0,0,0.94,49.04,49.99
2026-06-03,8488,吉源-KY,10.2,10.2,10.2,10.2,1,0,0,0,0,69.58,30.41,100.0
2026-06-03,8489,三貝德,22.3,22.95,22.3,22.8,89,19,25,0,0,3.45,96.54,100.0
2026-06-03,8499,鼎炫-KY,297.5,300.0,292.5,296.5,116,29,15,5,0,72.12,27.87,100.0
2026-06-03,8905,裕國,30.0,30.0,29.6,30.0,5,0,2,0,0,0.5,99.49,100.0
2026-06-03,8906,花王,23.9,23.9,23.3,23.5,104,7,-3,0,0,0.38,99.61,100.0
2026-06-03,8908,欣雄,40.9,41.0,40.65,41.0,362,56,-25,0,0,0.32,99.67,100.0
2026-06-03,8916,光隆,44.85,44.85,44.2,44.85,253,13,17,0,0,2.86,97.13,100.0
2026-06-03,8917,欣泰,52.6,53.3,52.6,52.7,13,3,1,0,1,1.43,98.56,100.0
2026-06-03,8921,沈氏,18.65,18.65,17.8,18.1,17,0,0,0,0,0.18,99.81,100.0
2026-06-03,8923,時報,18.9,19.1,18.9,19.1,13,0,0,0,0,4.15,95.84,100.0
2026-06-03,8924,大田,59.5,59.5,58.5,58.8,224,3,-70,0,0,2.45,97.54,100.0
2026-06-03,8926,台汽電,68.0,71.4,67.5,70.4,13702,4446,2189,58,12,11.26,88.73,100.0
2026-06-03,8927,北基,19.75,20.55,19.25,20.1,712,241,43,0,0,1.1,98.89,100.0
2026-06-03,8928,鉅明,21.5,21.5,21.05,21.2,74,2,-2,0,0,0.33,99.66,100.0
2026-06-03,8929,富堡,14.2,15.0,14.1,14.75,227,76,-79,0,0,0.28,99.71,100.0
2026-06-03,8930,青鋼,28.15,28.35,28.1,28.35,70,1,10,0,0,2.62,97.37,100.0
2026-06-03,8931,大汽電,42.25,42.7,41.9,42.6,144,15,22,0,0,0.19,99.8,100.0
2026-06-03,8932,智通*,101.5,103.0,99.3,99.7,2157,334,-1251,0,-4,28.37,71.62,100.0
2026-06-03,8933,愛地雅,4.46,4.59,4.35,4.55,272,0,41,0,0,1.02,98.97,100.0
2026-06-03,8935,邦泰,21.95,22.9,21.8,22.7,1445,0,158,0,0,2.62,97.37,100.0
2026-06-03,8936,國統,52.5,54.8,52.2,54.7,5534,1172,1763,-12,10,10.47,89.52,100.0
2026-06-03,8937,合騏*,26.25,27.0,26.1,26.3,169,0,-27,0,0,5.61,94.38,100.0
2026-06-03,8938,明安,52.7,53.4,52.5,53.3,223,37,-40,0,0,6.3,93.69,100.0
2026-06-03,8940,新天地,16.75,16.75,16.5,16.6,79,14,-2,0,0,8.38,91.61,100.0
2026-06-03,8941,關中,42.55,43.45,42.55,43.45,3,1,0,0,0,0.19,99.8,100.0
2026-06-03,8942,森鉅,40.85,41.75,40.85,41.5,385,53,127,0,0,13.8,86.19,100.0
2026-06-03,8996,高力,1090.0,1155.0,1085.0,1095.0,3008,1457,499,-30,28,33.33,66.66,100.0
2026-06-03,8999,台灣積層,37.83,38.8,38.8,38.8,0,0,0,0,0,0.0,0.0,0.0
2026-06-03,9103,美德醫療-DR,5.26,5.55,5.22,5.44,3071,466,1198,0,2,2.53,97.46,100.0
2026-06-03,9105,泰金寶-DR,10.95,11.55,10.75,11.55,120669,35067,-3092,0,655,1.48,98.51,100.0
2026-06-03,9110,越南控-DR,3.5,3.63,3.35,3.6,170,0,0,0,0,0.04,99.95,100.0
2026-06-03,9136,巨騰-DR,14.5,14.6,14.15,14.6,5142,1266,-185,0,0,2.84,97.15,100.0
2026-06-03,9802,鈺齊-KY,81.0,81.5,79.7,79.7,1192,364,-140,0,-3,41.45,58.54,100.0
2026-06-03,9902,台火,14.45,14.5,14.25,14.4,218,20,-23,0,1,1.61,98.38,100.0
2026-06-03,9904,寶成,26.3,26.5,26.05,26.5,23295,3745,-8791,-566,283,32.15,67.84,100.0
2026-06-03,9905,大華,20.85,21.0,20.85,20.9,155,3,45,0,0,2.24,97.75,100.0
2026-06-03,9906,欣巴巴,36.5,39.3,36.2,39.3,312,95,22,0,0,1.18,98.81,100.0
2026-06-03,9907,統一實,16.5,16.8,16.45,16.75,5255,1123,-1186,-256,9,14.25,85.74,100.0
2026-06-03,9908,大台北,29.4,29.4,29.25,29.3,288,17,76,0,3,1.53,98.46,100.0
2026-06-03,9910,豐泰,79.0,86.8,77.0,82.5,14216,5353,-5116,4383,-41,7.4,92.59,100.0
2026-06-03,9911,櫻花,82.9,83.5,82.3,83.4,414,26,128,0,23,18.5,81.49,100.0
2026-06-03,9912,偉聯,12.45,12.55,12.4,12.55,83,0,25,0,0,15.95,84.04,100.0
2026-06-03,9914,美利達,69.5,69.9,68.1,69.3,1293,503,16,0,8,22.7,77.29,100.0
2026-06-03,9917,中保科,115.0,116.0,115.0,115.0,592,107,77,-49,-6,39.75,60.24,100.0
2026-06-03,9918,欣天然,43.75,44.45,43.7,44.05,67,15,16,0,0,2.72,97.27,100.0
2026-06-03,9919,康那香,14.2,14.3,14.05,14.25,940,35,489,0,-4,4.96,95.03,100.0
2026-06-03,9921,巨大,70.5,71.4,69.1,70.4,2247,477,229,0,-2,27.26,72.73,100.0
2026-06-03,9924,福興,43.1,43.15,42.85,42.9,190,27,-57,0,1,10.54,89.45,100.0
2026-06-03,9925,新保,40.25,40.4,40.2,40.4,287,5,91,0,1,17.37,82.62,100.0
2026-06-03,9926,新海,49.05,49.35,48.95,49.35,26,3,7,0,0,0.69,99.3,100.0
2026-06-03,9927,泰銘,69.0,70.3,69.0,70.0,227,11,75,0,1,6.68,93.31,100.0
2026-06-03,9928,中視,18.0,18.1,17.9,17.95,79,2,0,0,0,0.0,0.0,0.0
2026-06-03,9929,秋雨,11.35,11.55,11.35,11.35,20,0,6,0,0,0.44,99.55,100.0
2026-06-03,9930,中聯資源,70.1,70.1,69.5,69.5,105,19,-1,0,2,1.95,98.04,100.0
2026-06-03,9931,欣高,35.0,35.3,35.0,35.25,99,12,19,0,0,0.85,99.14,100.0
2026-06-03,9933,中鼎,40.55,43.1,40.55,42.7,20359,7195,4098,12,-217,17.62,82.37,100.0
2026-06-03,9934,成霖,9.99,10.3,9.96,10.25,2852,187,1285,0,-2,13.22,86.77,100.0
2026-06-03,9935,慶豐富,19.15,19.55,18.95,19.5,886,101,-80,0,-7,5.69,94.3,100.0
2026-06-03,9937,全國,55.8,56.0,55.3,56.0,60,3,27,0,0,1.76,98.23,100.0
2026-06-03,9938,百和,45.25,46.4,45.05,46.0,3429,784,330,-13,18,9.41,90.58,100.0
2026-06-03,9939,宏全,124.0,127.0,123.0,126.5,2343,588,-579,-26,4,14.12,85.87,100.0
2026-06-03,9940,信義,19.25,19.55,19.15,19.55,575,127,-77,0,0,3.53,96.46,100.0
2026-06-03,9941,裕融,78.2,83.8,77.9,82.7,10531,3045,-2117,3887,30,6.14,93.85,100.0
2026-06-03,9942,茂順,119.5,120.0,119.0,119.5,131,8,10,0,0,4.44,95.55,100.0
2026-06-03,9943,好樂迪,56.5,57.0,56.2,56.7,102,5,4,0,0,1.26,98.73,100.0
2026-06-03,9944,新麗,16.85,16.9,16.8,16.9,75,3,3,0,0,1.08,98.91,100.0
2026-06-03,9945,潤泰新,24.05,25.05,23.85,24.55,13484,3090,-3718,-79,34,7.91,92.08,100.0
2026-06-03,9946,三發地產,16.55,16.9,16.45,16.9,584,82,151,0,0,2.46,97.53,100.0
2026-06-03,9949,琉園,22.8,22.9,22.3,22.65,117,2,-1,0,0,2.49,97.5,100.0
2026-06-03,9950,萬國通,11.1,11.1,10.75,11.0,98,0,-12,0,0,0.03,99.96,100.0
2026-06-03,9951,皇田,52.4,52.9,52.0,52.7,228,30,-2,0,0,4.7,95.29,100.0
2026-06-03,9955,佳龍,28.6,29.35,28.5,29.05,692,206,224,0,0,5.04,94.95,100.0
2026-06-03,9957,燁聯,6.27,6.35,6.11,6.35,573,0,-2,0,0,0.0,0.0,0.0
2026-06-03,9958,世紀鋼,103.5,109.0,103.0,107.0,4265,873,1621,0,126,12.48,87.51,100.0
2026-06-03,9960,邁達康,31.5,32.5,31.4,32.3,118,15,-7,0,0,9.1,90.89,100.0
2026-06-03,9962,有益,9.87,10.1,9.75,10.0,256,52,35,0,0,0.37,99.62,100.0
