date,stock_id,stock_name,open,high,low,close,volume,foreign_buy,trust_buy,dealer_buy,foreign_hold_ratio,foreign_remain_ratio,foreign_limit_ratio
2026-05-28,0050,元大台灣50,104.0,104.25,100.1,100.5,152915,-39725,688,-21961,4.01,95.98,100.0
2026-05-28,0051,元大中型100,141.1,141.85,136.6,137.6,169,-2,0,14,0.47,99.52,100.0
2026-05-28,0052,富邦科技,61.25,61.55,59.0,59.4,48065,-5299,0,-3612,2.43,97.56,100.0
2026-05-28,0053,元大電子,242.0,242.65,233.0,233.85,29,0,0,-4,1.32,98.67,100.0
2026-05-28,0055,元大MSCI金融,34.9,35.14,34.75,34.85,615,-115,0,-182,0.85,99.14,100.0
2026-05-28,0056,元大高股息,49.65,50.1,48.5,48.83,62678,2848,0,432,0.85,99.14,100.0
2026-05-28,0057,富邦摩台,307.5,309.35,297.55,299.6,76,0,0,-2,6.88,93.11,100.0
2026-05-28,0061,元大寶滬深,25.0,25.0,24.74,24.75,225,21,0,108,4.98,95.01,100.0
2026-05-28,1101,台泥,23.85,24.0,23.65,23.65,35826,-16495,0,51,14.71,85.28,100.0
2026-05-28,1102,亞泥,32.9,33.1,32.4,32.4,23858,-12119,-1460,24,14.6,85.39,100.0
2026-05-28,1103,嘉泥,13.2,13.25,13.1,13.2,296,44,0,-19,4.51,95.48,100.0
2026-05-28,1104,環泥,27.25,27.4,27.0,27.2,797,-250,0,0,15.31,84.68,100.0
2026-05-28,1108,幸福,13.6,13.6,13.5,13.55,384,96,0,0,1.23,98.76,100.0
2026-05-28,1109,信大,14.45,14.5,14.3,14.45,134,-13,0,0,2.26,97.73,100.0
2026-05-28,1110,東泥,14.0,14.05,13.9,14.0,118,26,0,1,5.85,94.14,100.0
2026-05-28,1201,味全,12.1,12.2,11.95,12.0,412,68,0,-2,5.01,94.98,100.0
2026-05-28,1203,味王,43.5,43.5,41.1,43.0,16,7,0,0,1.72,98.27,100.0
2026-05-28,1210,大成,51.7,52.0,51.6,51.8,2413,-389,-8,5,11.77,88.22,100.0
2026-05-28,1213,大飲,8.06,8.16,8.05,8.16,15,0,0,0,0.01,99.98,100.0
2026-05-28,1215,卜蜂,130.5,130.5,126.0,127.5,3162,-28,-8,-866,34.93,65.06,100.0
2026-05-28,1216,統一,70.8,71.5,70.4,70.8,22407,-5392,5798,94,31.9,68.09,100.0
2026-05-28,1217,愛之味,9.76,9.76,9.6,9.64,700,-268,0,-1,7.49,92.5,100.0
2026-05-28,1218,泰山,18.45,18.6,18.45,18.5,952,197,0,-2,3.76,96.23,100.0
2026-05-28,1219,福壽,12.35,12.5,12.3,12.5,287,47,0,4,5.52,94.47,100.0
2026-05-28,1220,台榮,11.8,11.8,11.65,11.65,173,-15,0,0,7.07,92.92,100.0
2026-05-28,1225,福懋油,29.45,29.75,29.2,29.2,165,53,0,-6,1.35,98.64,100.0
2026-05-28,1227,佳格,28.1,28.1,27.9,27.9,1345,-355,0,-13,5.45,94.54,100.0
2026-05-28,1229,聯華,39.95,40.0,39.3,39.4,2833,-1263,0,-28,8.89,91.1,100.0
2026-05-28,1231,聯華食,85.6,86.4,84.6,84.7,437,-56,0,1,2.64,97.35,100.0
2026-05-28,1232,大統益,148.0,148.0,147.5,147.5,119,-6,0,-1,2.56,97.43,100.0
2026-05-28,1233,天仁,28.0,28.0,27.6,28.0,33,-14,0,3,5.65,94.34,100.0
2026-05-28,1234,黑松,34.35,34.35,34.05,34.2,122,34,0,0,4.71,95.28,100.0
2026-05-28,1235,興泰,40.8,40.8,40.8,40.8,1,1,0,0,0.25,99.74,100.0
2026-05-28,1236,宏亞,24.2,24.4,24.2,24.3,19,3,0,0,0.46,99.53,100.0
2026-05-28,1240,茂生農經,57.5,57.6,57.0,57.3,48,2,0,0,3.66,96.33,100.0
2026-05-28,1256,鮮活果汁-KY,192.5,200.0,192.5,198.0,239,19,0,-5,4.93,95.06,100.0
2026-05-28,1259,安心,57.9,57.9,57.9,57.9,2,0,0,0,26.12,73.87,100.0
2026-05-28,1260,富味鄉,24.16,24.5,23.75,24.5,76,-3,0,0,0.0,0.0,0.0
2026-05-28,1264,德麥,270.5,271.5,270.5,270.5,35,1,0,0,1.7,98.29,100.0
2026-05-28,1268,漢來美食,167.5,168.5,166.5,168.0,21,8,0,0,1.6,98.39,100.0
2026-05-28,1269,乾杯,67.56,67.8,66.5,67.8,0,0,0,0,0.0,0.0,0.0
2026-05-28,1271,晨暉生技,61.37,61.2,60.0,60.2,89,0,0,0,0.0,0.0,0.0
2026-05-28,1293,利統,26.99,28.25,26.85,27.6,28,-1,0,0,0.0,0.0,0.0
2026-05-28,1294,漢田生技,76.7,78.0,76.6,77.3,24,0,0,-1,0.7,99.29,100.0
2026-05-28,1295,生合,50.8,51.3,49.5,50.9,114,15,0,0,2.17,97.82,100.0
2026-05-28,1301,台塑,45.8,45.85,44.8,45.05,16825,-2361,-15,-142,30.35,69.64,100.0
2026-05-28,1303,南亞,96.0,96.0,89.8,90.5,88363,-25023,363,-1195,33.4,66.59,100.0
2026-05-28,1304,台聚,12.0,12.5,11.9,12.35,12130,-3669,0,341,27.97,72.02,100.0
2026-05-28,1305,華夏,12.15,12.65,12.05,12.6,7743,-925,0,34,4.23,95.76,100.0
2026-05-28,1307,三芳,30.8,31.0,30.6,30.75,759,-71,-24,0,6.55,93.44,100.0
2026-05-28,1308,亞聚,12.8,13.35,12.75,13.25,6690,-765,0,7,4.07,95.92,100.0
2026-05-28,1309,台達化,15.0,16.25,14.5,16.25,13004,212,0,48,2.95,97.04,100.0
2026-05-28,1310,台苯,7.72,8.23,7.7,8.12,5886,-340,0,8,4.41,95.58,100.0
2026-05-28,1312,國喬,10.1,10.95,10.1,10.95,15134,-698,0,10,4.18,95.81,100.0
2026-05-28,1313,聯成,10.45,10.6,10.3,10.6,3698,271,0,19,5.88,94.11,100.0
2026-05-28,1314,中石化,6.91,7.12,6.89,7.1,23612,6970,0,-10,8.79,91.2,100.0
2026-05-28,1315,達新,62.0,63.0,61.5,61.6,51,-6,0,0,1.26,98.73,100.0
2026-05-28,1316,上曜,10.15,10.3,10.1,10.2,2386,527,0,22,4.42,95.57,100.0
2026-05-28,1319,東陽,86.5,86.5,86.5,86.5,4171,-404,-275,648,7.33,92.66,100.0
2026-05-28,1321,大洋,29.05,29.05,28.8,28.85,100,-6,0,13,6.79,93.2,100.0
2026-05-28,1323,永裕,20.2,20.3,20.0,20.15,133,52,0,3,1.29,98.7,100.0
2026-05-28,1324,地球,10.25,10.3,10.2,10.25,38,-7,0,0,0.84,99.15,100.0
2026-05-28,1325,恆大,27.0,27.2,26.9,27.0,391,77,0,0,1.19,98.8,100.0
2026-05-28,1326,台化,46.8,46.85,45.05,45.4,29690,-7582,0,-236,36.7,63.29,100.0
2026-05-28,1336,台翰,13.3,13.3,13.1,13.1,68,12,0,0,4.48,95.51,100.0
2026-05-28,1337,再生-KY,4.7,4.79,4.69,4.75,751,17,0,0,25.89,74.1,100.0
2026-05-28,1338,廣華-KY,15.65,16.3,15.5,16.1,471,166,0,4,6.31,93.68,100.0
2026-05-28,1339,昭輝,41.3,44.85,41.3,44.85,1127,54,0,3,1.14,98.85,100.0
2026-05-28,1340,勝悅-KY,5.57,5.62,5.38,5.42,637,-219,0,3,26.31,73.68,100.0
2026-05-28,1341,富林-KY,61.7,61.7,61.7,61.7,1,0,0,0,79.88,20.11,100.0
2026-05-28,1342,八貫,91.4,92.3,90.3,91.4,273,26,0,0,29.9,70.09,100.0
2026-05-28,1343,旭東環保,20.38,20.55,19.9,19.9,8,-4,0,0,0.0,0.0,0.0
2026-05-28,1402,遠東新,23.8,24.8,23.3,24.8,105947,18907,-28366,-406,17.13,82.86,100.0
2026-05-28,1409,新纖,19.35,20.75,19.2,20.75,84258,3181,0,143,14.37,85.62,100.0
2026-05-28,1410,南染,26.35,26.35,25.95,26.15,23,1,0,1,18.92,81.07,100.0
2026-05-28,1413,宏洲,9.3,9.62,9.21,9.25,85,9,0,0,0.4,99.59,100.0
2026-05-28,1414,東和,14.1,14.5,14.1,14.25,156,27,0,4,1.19,98.8,100.0
2026-05-28,1416,廣豐,11.1,11.15,11.0,11.05,199,58,0,0,6.01,93.98,100.0
2026-05-28,1417,嘉裕,8.06,8.12,8.05,8.06,140,26,0,5,0.95,99.04,100.0
2026-05-28,1418,東華,19.0,19.0,18.0,18.0,56,4,0,-2,0.93,99.06,100.0
2026-05-28,1419,新紡,64.0,64.3,62.6,63.8,95,-6,0,-1,1.09,98.9,100.0
2026-05-28,1423,利華,41.0,41.7,40.95,41.7,35,7,0,0,1.24,98.75,100.0
2026-05-28,1432,大魯閣,16.15,16.25,16.05,16.2,355,144,0,0,0.49,99.5,100.0
2026-05-28,1434,福懋,15.0,15.05,14.8,14.95,2804,-455,0,-2,7.06,92.93,100.0
2026-05-28,1436,華友聯,44.15,44.3,43.85,44.25,349,-11,0,1,6.35,93.64,100.0
2026-05-28,1437,勤益控,28.35,28.35,28.1,28.2,163,-21,0,0,8.24,91.75,100.0
2026-05-28,1438,三地開發,20.1,20.4,19.85,19.9,27,-1,0,2,0.48,99.51,100.0
2026-05-28,1439,雋揚,25.2,25.55,24.75,25.5,34,16,0,0,1.02,98.97,100.0
2026-05-28,1440,南紡,12.2,12.3,11.8,11.9,3378,-320,0,10,7.24,92.75,100.0
2026-05-28,1441,大東,9.2,9.29,9.19,9.22,24,3,0,0,1.35,98.64,100.0
2026-05-28,1442,名軒,25.85,25.9,25.5,25.55,342,-124,0,0,8.54,91.45,100.0
2026-05-28,1443,立益,26.25,26.35,24.9,25.2,31,1,0,0,0.3,99.69,100.0
2026-05-28,1443,立益物流,26.25,26.35,24.9,25.2,31,1,0,0,0.3,99.69,100.0
2026-05-28,1444,力麗,5.79,6.02,5.75,6.01,2962,237,0,-1,5.12,94.87,100.0
2026-05-28,1445,大宇,11.85,11.85,11.6,11.6,124,10,0,0,3.09,96.9,100.0
2026-05-28,1446,宏和,16.3,16.3,15.8,15.9,293,24,0,-1,6.2,93.79,100.0
2026-05-28,1447,力鵬,5.53,5.8,5.53,5.73,2018,508,0,11,3.21,96.78,100.0
2026-05-28,1449,佳和,12.3,12.35,12.05,12.15,762,5,0,9,6.4,93.59,100.0
2026-05-28,1451,年興,16.4,16.5,16.3,16.45,161,-35,0,0,5.26,94.73,100.0
2026-05-28,1452,宏益,10.3,10.5,10.3,10.4,84,7,0,0,1.92,98.07,100.0
2026-05-28,1453,大將,11.3,11.3,11.2,11.2,38,1,0,0,0.53,99.46,100.0
2026-05-28,1454,台富,12.65,12.7,12.4,12.65,128,10,0,-1,0.44,99.55,100.0
2026-05-28,1455,集盛,8.15,8.88,8.15,8.61,2101,483,0,-6,2.35,97.64,100.0
2026-05-28,1456,怡華,12.75,13.05,12.6,12.9,58,15,0,0,0.52,99.47,100.0
2026-05-28,1457,宜進,13.95,13.95,13.85,13.95,104,27,0,-15,1.75,98.24,100.0
2026-05-28,1459,聯發,11.6,11.75,11.6,11.65,171,61,0,0,1.68,98.31,100.0
2026-05-28,1460,宏遠,6.89,6.95,6.8,6.93,725,36,0,0,1.92,98.07,100.0
2026-05-28,1463,強盛新,17.65,17.75,17.55,17.7,43,14,0,0,11.47,88.52,100.0
2026-05-28,1464,得力,10.1,10.1,10.0,10.1,723,74,0,0,2.01,97.98,100.0
2026-05-28,1465,偉全,12.3,12.4,12.15,12.15,105,6,0,0,0.49,99.5,100.0
2026-05-28,1466,聚隆,13.55,14.15,13.55,13.8,409,107,0,1,0.61,99.38,100.0
2026-05-28,1467,南緯,6.94,6.95,6.88,6.88,334,75,0,0,19.22,80.77,100.0
2026-05-28,1468,昶和,11.95,12.0,11.6,12.0,68,5,0,0,2.04,97.95,100.0
2026-05-28,1470,大統新創,22.1,22.2,22.1,22.1,18,8,0,0,0.27,99.72,100.0
2026-05-28,1471,首利,10.35,10.55,10.15,10.15,672,-14,0,-1,0.93,99.06,100.0
2026-05-28,1472,三洋實業,89.9,91.0,89.1,90.5,56,6,0,1,0.88,99.11,100.0
2026-05-28,1473,台南,20.2,20.2,19.95,20.1,130,6,0,0,5.26,94.73,100.0
2026-05-28,1474,弘裕,9.72,9.74,9.51,9.6,174,-20,0,0,0.46,99.53,100.0
2026-05-28,1475,業旺,24.9,25.0,24.5,24.85,49,6,0,-2,0.35,99.64,100.0
2026-05-28,1476,儒鴻,335.0,344.0,332.5,340.5,1801,300,-2,82,31.0,68.99,100.0
2026-05-28,1477,聚陽,217.5,221.0,215.5,217.5,2643,326,-58,42,16.02,83.97,100.0
2026-05-28,1480,東盟開發,9.08,9.38,9.04,9.38,0,0,0,0,0.0,0.0,0.0
2026-05-28,1503,士電,221.5,239.0,214.0,216.0,24546,-3170,0,-132,30.77,69.22,100.0
2026-05-28,1504,東元,71.8,73.9,70.8,70.9,21294,1519,0,64,11.45,88.54,100.0
2026-05-28,1506,正道,10.2,10.6,10.15,10.45,497,14,0,0,0.57,99.42,100.0
2026-05-28,1512,瑞利,6.51,6.91,6.5,6.89,161,4,0,0,5.41,94.58,100.0
2026-05-28,1513,中興電,170.0,177.0,165.0,165.5,30884,-1508,-4,-133,12.68,87.31,100.0
2026-05-28,1514,亞力,127.5,136.5,124.5,125.5,22023,560,0,-19,16.5,83.49,100.0
2026-05-28,1515,力山,22.25,22.45,21.6,21.95,590,-18,0,0,3.91,96.08,100.0
2026-05-28,1516,川飛,20.6,21.05,20.6,21.0,194,10,0,-2,5.72,94.27,100.0
2026-05-28,1517,利奇,10.0,10.1,9.94,10.05,358,68,0,0,2.47,97.52,100.0
2026-05-28,1519,華城,889.0,920.0,836.0,846.0,7369,-800,-246,-73,19.9,80.09,100.0
2026-05-28,1521,大億,24.95,26.95,24.9,26.95,205,161,0,0,33.24,66.75,100.0
2026-05-28,1522,堤維西,31.35,31.45,31.35,31.45,3536,209,0,0,2.74,97.25,100.0
2026-05-28,1524,耿鼎,31.9,31.9,31.9,31.9,5399,128,0,33,1.66,98.33,100.0
2026-05-28,1525,江申,69.8,70.0,68.0,68.7,77,3,0,0,0.29,99.7,100.0
2026-05-28,1526,日馳,14.15,14.4,14.05,14.35,114,31,0,0,2.78,97.21,100.0
2026-05-28,1527,鑽全,32.7,33.35,32.5,32.75,361,54,0,-2,9.99,90.0,100.0
2026-05-28,1528,恩德,25.1,25.5,24.2,24.35,5003,-608,0,1,1.65,98.34,100.0
2026-05-28,1529,樂事綠能,22.3,23.35,21.85,22.0,1753,-195,0,0,1.2,98.79,100.0
2026-05-28,1530,亞崴,31.85,35.95,31.8,35.8,2307,-19,0,-3,0.69,99.3,100.0
2026-05-28,1531,高林股,12.15,12.3,12.1,12.3,87,39,0,0,1.52,98.47,100.0
2026-05-28,1532,勤美,20.85,21.0,20.7,20.8,822,-48,0,-3,7.13,92.86,100.0
2026-05-28,1533,車王電,39.35,41.8,38.3,40.6,1410,-134,0,4,6.69,93.3,100.0
2026-05-28,1535,中宇,48.9,49.5,48.85,49.0,86,18,0,0,1.1,98.89,100.0
2026-05-28,1536,和大,51.0,53.7,50.3,51.3,6853,-1368,0,12,6.56,93.43,100.0
2026-05-28,1537,廣隆,125.5,126.0,124.5,125.5,77,32,0,-1,15.58,84.41,100.0
2026-05-28,1538,正峰,11.8,11.8,11.75,11.8,3,0,0,0,0.06,99.93,100.0
2026-05-28,1539,巨庭,16.1,16.3,15.75,16.0,140,-5,0,0,0.92,99.07,100.0
2026-05-28,1540,喬福,20.85,21.9,20.85,21.25,558,142,0,0,2.07,97.92,100.0
2026-05-28,1541,錩泰,20.9,20.9,20.4,20.65,56,6,0,0,9.81,90.18,100.0
2026-05-28,1558,伸興,90.7,91.3,90.5,91.2,70,3,0,1,6.6,93.39,100.0
2026-05-28,1560,中砂,736.0,741.0,708.0,717.0,1691,261,-2,-27,39.1,60.89,100.0
2026-05-28,1563,巧新,61.1,61.1,61.1,61.1,4815,-58,0,-894,2.72,97.27,100.0
2026-05-28,1565,精華,93.0,93.3,92.1,92.3,150,-15,0,-2,7.52,92.47,100.0
2026-05-28,1568,倉佑,41.25,41.25,41.25,41.25,1658,-24,0,451,1.63,98.36,100.0
2026-05-28,1569,濱川,52.1,52.4,50.3,50.6,1087,-162,0,-12,5.43,94.56,100.0
2026-05-28,1570,力肯,52.2,53.6,51.2,52.3,1017,377,0,4,3.31,96.68,100.0
2026-05-28,1580,新麥,122.0,122.0,121.0,121.5,57,0,0,0,5.16,94.83,100.0
2026-05-28,1582,信錦,110.5,121.0,110.0,113.5,21256,4388,362,-74,8.59,91.4,100.0
2026-05-28,1583,程泰,56.5,59.1,55.0,58.7,583,30,0,0,0.43,99.56,100.0
2026-05-28,1584,精剛,19.5,19.85,19.5,19.8,1138,680,0,0,4.31,95.68,100.0
2026-05-28,1586,和勤,22.35,22.4,21.9,22.15,258,-24,0,0,0.83,99.12,100.0
2026-05-28,1587,吉茂,29.95,32.1,29.5,32.1,1815,139,0,108,21.12,78.87,100.0
2026-05-28,1590,亞德客-KY,1435.0,1445.0,1360.0,1390.0,1607,-17,0,12,80.08,19.91,100.0
2026-05-28,1591,駿吉-KY,44.6,44.6,42.0,42.1,199,-2,0,0,4.82,95.17,100.0
2026-05-28,1593,祺驊,30.95,30.95,30.8,30.85,15,1,0,0,5.96,94.03,100.0
2026-05-28,1594,日高,9.8,10.1,8.85,9.48,97,-4,0,0,0.0,0.0,0.0
2026-05-28,1595,川寶,92.3,94.4,86.2,87.3,2469,-67,0,-28,2.25,97.74,100.0
2026-05-28,1597,直得,199.0,199.0,179.5,180.5,7600,-695,0,-102,5.94,94.05,100.0
2026-05-28,1598,岱宇,20.0,20.2,19.8,19.95,287,80,0,-9,1.68,98.31,100.0
2026-05-28,1599,宏佳騰,23.1,23.2,23.0,23.1,58,4,0,0,7.26,92.73,100.0
2026-05-28,1603,華電,31.55,31.6,30.9,31.15,465,-28,0,-3,2.01,97.98,100.0
2026-05-28,1604,聲寶,23.4,23.5,23.1,23.3,366,51,0,-1,7.4,92.59,100.0
2026-05-28,1605,華新,37.5,38.1,35.8,36.0,46690,-1986,0,-388,15.17,84.82,100.0
2026-05-28,1608,華榮,33.95,34.45,33.4,33.45,8820,-2227,-23,17,3.32,96.67,100.0
2026-05-28,1609,大亞,37.0,38.1,35.7,35.9,13182,-2808,0,-14,12.57,87.42,100.0
2026-05-28,1611,中電,11.55,11.65,11.3,11.35,780,-237,0,0,9.91,90.08,100.0
2026-05-28,1612,宏泰,36.9,37.45,36.5,36.75,1123,1,-22,26,18.49,81.5,100.0
2026-05-28,1614,三洋電,31.15,31.4,31.0,31.2,47,27,0,-1,2.26,97.73,100.0
2026-05-28,1615,大山,43.25,43.25,42.55,42.7,191,-38,0,-9,0.94,99.05,100.0
2026-05-28,1616,億泰,21.4,21.9,21.25,21.4,540,122,0,0,2.32,97.67,100.0
2026-05-28,1617,榮星,14.65,14.85,14.55,14.55,255,61,0,-1,19.54,80.45,100.0
2026-05-28,1618,合機,42.1,43.25,40.85,41.2,2023,203,0,-4,0.99,99.0,100.0
2026-05-28,1623,大東電,242.0,254.0,238.5,246.0,872,-27,0,-64,0.45,99.54,100.0
2026-05-28,1626,艾美特-KY,10.1,10.25,9.96,9.97,255,31,0,3,43.72,56.27,100.0
2026-05-28,1702,南僑,31.5,31.5,31.0,31.2,763,-214,0,0,7.63,92.36,100.0
2026-05-28,1707,葡萄王,99.8,101.0,99.5,100.0,440,-59,0,0,14.22,85.77,100.0
2026-05-28,1708,東鹼,37.1,37.7,36.5,36.5,3428,-151,0,-50,14.79,85.2,100.0
2026-05-28,1709,和益,19.3,19.75,19.1,19.6,1363,651,0,3,3.84,96.15,100.0
2026-05-28,1710,東聯,13.0,13.5,12.85,13.5,7280,1659,0,53,4.24,95.75,100.0
2026-05-28,1711,永光,51.2,51.4,48.25,48.95,14431,-1967,0,-18,4.62,95.37,100.0
2026-05-28,1712,興農,39.55,39.55,38.85,38.85,1775,-830,0,14,14.12,85.87,100.0
2026-05-28,1713,國化,49.65,50.4,49.25,49.35,517,93,0,-1,1.26,98.73,100.0
2026-05-28,1714,和桐,9.46,9.48,9.3,9.37,2555,-42,0,-9,21.32,78.67,100.0
2026-05-28,1717,長興,85.6,86.7,81.7,82.4,46789,-4657,451,169,13.72,86.27,100.0
2026-05-28,1718,中纖,6.32,6.44,6.31,6.4,3945,1356,0,13,5.52,94.47,100.0
2026-05-28,1720,生達,61.2,61.4,60.8,61.4,302,75,0,-1,4.86,95.13,100.0
2026-05-28,1721,三晃,30.5,30.6,28.3,28.5,5581,-1068,0,-2,1.66,98.33,100.0
2026-05-28,1722,台肥,46.5,46.8,46.0,46.1,4019,693,0,6,7.34,92.65,100.0
2026-05-28,1723,中碳,81.2,83.3,80.9,82.8,932,317,0,-10,8.18,91.81,100.0
2026-05-28,1725,元禎,31.0,31.5,30.65,30.8,106,-19,0,3,0.31,99.68,100.0
2026-05-28,1726,永記,77.2,77.2,76.6,77.0,56,19,0,0,12.84,87.15,100.0
2026-05-28,1727,中華化,96.8,98.0,92.3,94.2,8406,-821,0,0,4.87,95.12,100.0
2026-05-28,1730,花仙子,52.4,52.6,52.4,52.4,42,0,0,0,6.74,93.25,100.0
2026-05-28,1731,美吾華,21.5,21.5,21.25,21.3,187,-55,0,0,1.02,98.97,100.0
2026-05-28,1732,毛寶,26.4,26.8,26.3,26.6,359,49,0,0,2.12,97.87,100.0
2026-05-28,1733,五鼎,29.9,30.05,29.45,29.45,177,-84,0,2,3.21,96.78,100.0
2026-05-28,1734,杏輝,30.55,30.85,30.55,30.7,435,9,0,0,5.01,94.98,100.0
2026-05-28,1735,日勝化,26.05,26.05,24.35,24.5,687,-102,0,6,50.8,49.19,100.0
2026-05-28,1736,喬山,116.5,116.5,114.5,116.0,403,-83,0,0,4.55,95.44,100.0
2026-05-28,1737,臺鹽,31.6,31.6,31.4,31.45,320,-13,0,0,8.48,91.51,100.0
2026-05-28,1742,台蠟,15.15,15.15,14.9,15.15,21,-1,0,0,0.21,99.78,100.0
2026-05-28,1752,南光,32.5,32.65,32.35,32.5,79,10,0,0,1.63,98.36,100.0
2026-05-28,1760,寶齡富錦,60.1,60.7,59.3,59.7,393,-51,0,2,11.07,88.92,100.0
2026-05-28,1762,中化生,39.75,40.6,39.7,39.95,488,177,0,-4,2.86,97.13,100.0
2026-05-28,1773,勝一,197.0,197.0,182.0,184.0,1969,-602,0,-52,8.12,91.87,100.0
2026-05-28,1776,展宇,18.15,18.6,18.1,18.15,154,25,0,2,0.65,99.34,100.0
2026-05-28,1777,生泰,71.4,71.6,71.3,71.5,8,1,0,0,0.96,99.03,100.0
2026-05-28,1780,立弘,33.03,33.95,33.2,33.75,312,0,0,0,0.0,0.0,0.0
2026-05-28,1781,合世,10.5,10.6,10.4,10.4,93,-2,0,0,0.61,99.38,100.0
2026-05-28,1783,和康生,38.4,38.5,38.0,38.4,115,21,0,-1,7.1,92.89,100.0
2026-05-28,1784,訊聯,66.1,66.6,64.0,64.8,494,144,0,-6,3.21,96.78,100.0
2026-05-28,1785,光洋科,145.0,157.0,144.0,146.0,49119,1112,0,-227,14.71,85.28,100.0
2026-05-28,1786,科妍,53.4,53.5,52.1,52.2,371,25,0,0,1.58,98.41,100.0
2026-05-28,1788,杏昌,134.5,134.5,133.5,134.0,91,3,0,0,11.07,88.92,100.0
2026-05-28,1789,神隆,19.0,19.3,18.95,19.2,1045,254,0,-3,1.72,98.27,100.0
2026-05-28,1795,美時,192.5,193.0,189.0,189.0,1520,-400,0,-5,52.45,47.54,100.0
2026-05-28,1796,金穎生技,35.9,36.0,35.9,35.9,18,6,0,0,0.78,99.21,100.0
2026-05-28,1799,易威,33.8,34.0,33.0,33.2,126,-7,0,0,11.75,88.24,100.0
2026-05-28,1802,台玻,73.4,76.0,69.1,70.4,152764,-10144,610,-1048,6.13,93.86,100.0
2026-05-28,1805,寶徠,10.0,10.2,9.92,10.1,100,10,0,-5,0.46,99.53,100.0
2026-05-28,1806,冠軍,8.0,8.02,7.93,7.93,369,-51,0,1,9.32,90.67,100.0
2026-05-28,1808,潤隆,28.6,28.65,28.05,28.15,1633,-777,0,15,3.74,96.25,100.0
2026-05-28,1809,中釉,44.45,44.9,40.55,41.75,12395,-186,0,1,3.55,96.44,100.0
2026-05-28,1810,和成,20.6,20.75,19.8,20.0,11421,-1400,0,-4,4.11,95.88,100.0
2026-05-28,1813,寶利徠,11.95,11.95,11.8,11.95,75,-19,0,0,9.39,90.6,100.0
2026-05-28,1815,富喬,103.5,110.0,102.5,103.5,39713,4989,2390,-94,20.57,79.42,100.0
2026-05-28,1817,凱撒衛,39.1,39.4,39.05,39.05,28,-3,0,-2,1.6,98.39,100.0
2026-05-28,1903,士紙,49.25,50.0,49.0,49.0,324,108,0,-4,10.78,89.21,100.0
2026-05-28,1904,正隆,18.9,19.0,18.75,18.8,1085,78,0,-2,9.12,90.87,100.0
2026-05-28,1905,華紙,11.9,12.15,11.8,11.95,4864,1893,0,-24,2.23,97.76,100.0
2026-05-28,1906,寶隆,10.15,10.25,10.0,10.05,162,-6,0,0,0.61,99.38,100.0
2026-05-28,1907,永豐餘,24.2,24.5,24.0,24.25,1538,80,0,-8,12.0,87.99,100.0
2026-05-28,1909,榮成,8.81,8.99,8.8,8.91,3308,135,0,-4,7.57,92.42,100.0
2026-05-28,2002,中鋼,19.1,19.35,18.8,18.85,85146,-14546,-41,-729,12.42,87.57,100.0
2026-05-28,2006,東和鋼鐵,66.9,67.0,66.1,66.4,4043,1944,-23,-9,18.76,81.23,100.0
2026-05-28,2007,燁興,7.44,7.66,7.4,7.41,338,10,0,-4,0.6,99.39,100.0
2026-05-28,2008,高興昌,28.5,28.95,28.15,28.25,20,7,0,0,7.69,92.3,100.0
2026-05-28,2009,第一銅,39.95,40.25,38.55,38.8,1920,55,0,0,2.4,97.59,100.0
2026-05-28,2010,春源,23.0,23.05,22.6,22.85,1673,-663,0,6,8.46,91.53,100.0
2026-05-28,2012,春雨,14.85,14.85,14.35,14.5,82,16,0,5,1.37,98.62,100.0
2026-05-28,2013,中鋼構,42.4,42.8,42.4,42.4,109,11,0,-1,7.0,92.99,100.0
2026-05-28,2014,中鴻,18.0,18.45,17.85,17.85,7121,251,0,1,5.11,94.88,100.0
2026-05-28,2015,豐興,62.4,62.5,61.6,61.8,455,67,-5,-3,12.27,87.72,100.0
2026-05-28,2017,官田鋼,8.91,9.29,8.91,8.99,1124,147,0,8,1.78,98.21,100.0
2026-05-28,2020,美亞,21.25,21.4,21.05,21.05,643,-136,0,0,1.5,98.49,100.0
2026-05-28,2022,聚亨,7.64,7.72,7.53,7.59,1049,-103,0,12,1.91,98.08,100.0
2026-05-28,2023,燁輝,13.7,13.75,13.55,13.65,2225,599,0,-33,3.73,96.26,100.0
2026-05-28,2024,志聯,13.8,14.1,13.55,14.1,41,5,0,0,0.44,99.55,100.0
2026-05-28,2025,千興,12.1,12.25,11.8,12.0,248,10,0,-4,0.73,99.26,100.0
2026-05-28,2027,大成鋼,42.55,43.15,41.4,41.75,18913,3489,0,-2066,18.34,81.65,100.0
2026-05-28,2028,威致,16.95,17.0,16.6,16.65,220,10,0,0,0.75,99.24,100.0
2026-05-28,2029,盛餘,20.45,20.5,20.1,20.3,364,122,0,-1,66.58,33.41,100.0
2026-05-28,2030,彰源,18.0,18.2,17.7,17.75,1248,109,0,15,3.82,96.17,100.0
2026-05-28,2031,新光鋼,39.15,39.15,38.4,38.7,859,-160,-18,0,7.42,92.57,100.0
2026-05-28,2032,新鋼,18.15,18.45,17.8,17.8,1320,292,0,13,3.48,96.51,100.0
2026-05-28,2033,佳大,15.1,15.25,15.0,15.25,90,12,0,0,0.81,99.18,100.0
2026-05-28,2034,允強,20.05,20.3,19.95,20.1,1506,61,0,4,3.36,96.63,100.0
2026-05-28,2035,唐榮,28.25,28.25,28.25,28.25,1,0,0,0,0.0,99.99,100.0
2026-05-28,2038,海光,13.75,14.15,13.65,13.65,634,-85,0,4,1.41,98.58,100.0
2026-05-28,2049,上銀,418.0,418.0,383.0,388.0,9726,-1331,0,-140,36.42,63.57,100.0
2026-05-28,2059,川湖,4930.0,5120.0,4615.0,4700.0,593,53,-33,4,24.61,75.38,100.0
2026-05-28,2061,風青,32.9,33.9,32.7,33.0,1240,53,0,0,4.72,95.27,100.0
2026-05-28,2062,橋椿,18.35,18.65,18.25,18.4,607,129,0,1,7.2,92.79,100.0
2026-05-28,2063,世鎧,25.05,25.05,24.65,24.9,20,-1,0,0,1.01,98.98,100.0
2026-05-28,2064,晉椿,13.6,13.75,13.55,13.75,29,2,0,0,0.1,99.89,100.0
2026-05-28,2065,世豐,35.55,35.6,35.5,35.5,99,5,0,0,1.31,98.68,100.0
2026-05-28,2066,世德,56.6,58.7,56.6,57.8,213,21,0,0,9.45,90.54,100.0
2026-05-28,2067,嘉鋼,6.84,6.84,6.52,6.6,24,0,0,0,11.28,88.71,100.0
2026-05-28,2069,運錩,19.2,19.35,19.0,19.0,388,125,0,0,2.57,97.42,100.0
2026-05-28,2070,精湛,80.0,81.5,74.3,75.9,3650,-155,0,5,1.8,98.19,100.0
2026-05-28,2071,震南鐵,20.98,21.0,20.65,20.65,55,0,0,0,0.0,0.0,0.0
2026-05-28,2072,世紀風電,165.5,169.0,163.5,166.5,461,108,0,1,1.65,98.34,100.0
2026-05-28,2073,雄順,0.0,0.0,0.0,0.0,0,0,0,0,0.04,99.96,100.0
2026-05-28,2101,南港,29.75,30.1,29.5,29.75,2200,-194,0,-9,5.28,94.71,100.0
2026-05-28,2102,泰豐,18.2,18.2,17.8,17.9,639,-118,0,-3,2.88,97.11,100.0
2026-05-28,2103,台橡,18.8,19.1,18.65,18.95,3295,33,0,22,20.91,79.08,100.0
2026-05-28,2104,國際中橡,9.97,9.97,9.77,9.87,2425,195,0,-3,5.26,94.73,100.0
2026-05-28,2105,正新,31.8,32.3,31.7,31.9,11662,-1017,-45,98,10.84,89.15,100.0
2026-05-28,2106,建大,16.65,16.8,16.6,16.65,917,69,0,12,8.26,91.73,100.0
2026-05-28,2107,厚生,24.85,24.85,24.6,24.8,168,3,0,0,6.02,93.97,100.0
2026-05-28,2108,南帝,27.0,27.4,26.65,26.95,781,-40,0,-8,4.9,95.09,100.0
2026-05-28,2109,華豐,14.05,14.1,13.9,14.1,181,14,0,0,15.08,84.91,100.0
2026-05-28,2114,鑫永銓,91.6,92.3,91.6,91.8,136,17,0,-2,4.22,95.77,100.0
2026-05-28,2115,六暉-KY,21.4,22.4,21.35,21.95,481,81,0,0,44.17,55.82,100.0
2026-05-28,2201,裕隆,26.85,27.5,26.85,27.35,5240,1711,0,-6,4.28,95.71,100.0
2026-05-28,2204,中華,52.6,53.5,52.2,52.9,1916,-390,-88,-1,17.64,82.35,100.0
2026-05-28,2206,三陽工業,59.8,60.2,59.8,60.0,2131,-694,-9,2,5.7,94.29,100.0
2026-05-28,2207,和泰車,462.0,462.5,456.0,456.0,952,-260,-86,4,21.37,78.62,100.0
2026-05-28,2208,台船,18.1,18.3,17.85,18.0,4882,-1002,-7,-4,8.76,91.23,100.0
2026-05-28,2211,長榮鋼,92.4,92.9,91.4,91.4,601,-10,-7,-3,3.63,96.36,100.0
2026-05-28,2221,大甲,42.25,42.6,40.85,41.3,370,71,0,0,1.52,98.47,100.0
2026-05-28,2227,裕日車,49.9,49.9,48.35,48.5,55,26,0,0,40.35,59.64,100.0
2026-05-28,2228,劍麟,83.4,87.2,83.4,85.0,662,-133,0,-1,3.06,96.93,100.0
2026-05-28,2230,泰茂,28.25,28.95,28.2,28.25,260,22,0,0,2.34,97.65,100.0
2026-05-28,2231,為升,106.5,111.5,103.5,104.5,1220,-504,0,-5,4.87,95.12,100.0
2026-05-28,2233,宇隆,365.5,377.0,345.0,351.5,2379,284,0,-108,6.77,93.22,100.0
2026-05-28,2235,謚源,30.5,31.95,30.5,31.95,15,0,0,0,0.03,99.96,100.0
2026-05-28,2236,百達-KY,141.0,142.5,134.5,137.5,654,-185,0,-10,52.39,47.6,100.0
2026-05-28,2237,華德動能,37.82,38.5,37.35,37.9,202,-18,0,0,0.0,0.0,0.0
2026-05-28,2239,英利-KY,22.25,24.5,22.25,24.5,188,34,0,0,75.44,24.55,100.0
2026-05-28,2241,艾姆勒,37.05,39.95,37.0,38.25,10963,653,0,15,9.5,90.49,100.0
2026-05-28,2243,宏旭-KY,24.05,25.95,24.05,24.85,1550,226,0,7,26.46,73.53,100.0
2026-05-28,2245,詠勝昌*,26.47,26.8,26.4,26.5,13,0,0,0,0.0,0.0,0.0
2026-05-28,2247,汎德永業,206.0,211.5,206.0,211.5,169,14,0,0,4.34,95.65,100.0
2026-05-28,2248,華勝-KY,53.8,56.3,53.6,54.7,160,25,0,-33,50.16,49.83,100.0
2026-05-28,2249,湧盛,120.02,127.0,122.0,124.5,83,1,0,0,0.0,0.0,0.0
2026-05-28,2250,IKKA-KY,61.5,62.7,60.5,60.9,129,8,0,0,6.84,93.13,100.0
2026-05-28,2252,為昇科,17.73,18.6,17.4,18.05,146,-2,0,0,0.0,0.0,0.0
2026-05-28,2254,巨鎧精密-創,64.8,66.0,64.5,65.2,11,-3,0,-2,23.83,76.16,100.0
2026-05-28,2255,凱銳光電,19.32,19.7,18.7,19.45,35,0,0,0,0.0,0.0,0.0
2026-05-28,2256,歐特明,88.53,90.3,82.5,84.4,364,17,0,0,0.0,0.0,0.0
2026-05-28,2258,鴻華先進-創,29.15,29.9,28.8,29.2,984,245,0,-17,0.32,99.67,100.0
2026-05-28,2301,光寶科,242.0,242.0,227.0,230.5,54634,-11471,-124,-604,40.27,59.72,100.0
2026-05-28,2302,麗正,32.05,35.95,31.8,35.7,16558,-63,0,-56,4.93,95.06,100.0
2026-05-28,2303,聯電,145.0,151.0,137.0,142.0,418286,59,-34484,2337,36.87,63.12,100.0
2026-05-28,2305,全友,24.95,25.0,22.55,23.2,16978,-1023,0,-118,6.76,93.23,100.0
2026-05-28,2308,台達電,2485.0,2520.0,2370.0,2390.0,11721,-1742,-121,-149,64.34,35.65,100.0
2026-05-28,2312,金寶,38.0,41.05,37.3,37.7,161629,-6901,0,319,11.74,88.25,100.0
2026-05-28,2313,華通,285.5,290.0,257.5,259.0,114452,-33742,-3001,-2580,23.54,76.45,100.0
2026-05-28,2314,台揚,15.8,15.85,15.6,15.75,437,-1,0,0,1.57,98.42,100.0
2026-05-28,2316,楠梓電,169.5,172.5,166.5,168.5,5762,428,0,-77,34.6,65.39,100.0
2026-05-28,2317,鴻海,265.0,269.5,259.5,263.0,73792,12866,130,-172,40.93,59.06,100.0
2026-05-28,2321,東訊,15.0,15.0,14.95,14.95,7,0,0,0,0.01,99.98,100.0
2026-05-28,2323,中環,10.35,10.5,10.05,10.15,6790,142,0,-81,9.99,90.0,100.0
2026-05-28,2324,仁寶,33.5,35.4,33.05,33.5,146821,19507,-7725,-553,40.72,59.27,100.0
2026-05-28,2327,國巨*,709.0,769.0,709.0,742.0,25023,-1412,26,457,51.64,48.35,100.0
2026-05-28,2328,廣宇,54.0,55.8,52.7,53.0,9669,1061,0,-198,9.34,90.65,100.0
2026-05-28,2329,華泰,58.7,63.0,58.3,59.9,46157,11627,0,332,11.69,88.3,100.0
2026-05-28,2330,台積電,2350.0,2360.0,2270.0,2295.0,42313,-7078,465,466,70.34,29.65,100.0
2026-05-28,2331,精英,20.75,21.25,20.05,20.2,3657,-199,-5,0,6.0,93.99,100.0
2026-05-28,2332,友訊,15.9,16.9,15.7,16.0,15163,303,0,32,10.8,89.19,100.0
2026-05-28,2337,旺宏,155.5,168.0,153.5,160.0,220204,81634,-147,665,28.92,71.07,100.0
2026-05-28,2338,光罩,56.9,61.4,55.1,55.9,15689,-255,0,39,7.01,92.98,100.0
2026-05-28,2340,台亞,39.4,40.8,38.0,38.1,11932,984,0,-203,9.16,90.83,100.0
2026-05-28,2342,茂矽,44.05,46.5,41.8,42.4,13734,254,0,-2,6.43,93.56,100.0
2026-05-28,2344,華邦電,151.0,156.5,142.0,144.0,362557,-51733,4855,-1201,23.93,76.06,100.0
2026-05-28,2345,智邦,2575.0,2580.0,2395.0,2435.0,5051,-765,-58,-76,58.04,41.95,100.0
2026-05-28,2347,聯強,86.4,88.2,85.7,85.7,5334,-392,-3,633,33.28,66.71,100.0
2026-05-28,2348,海悅,68.2,68.4,67.4,67.6,226,-32,0,-1,0.8,99.19,100.0
2026-05-28,2349,錸德,13.75,14.35,13.6,13.65,12270,2242,0,-5,13.2,86.79,100.0
2026-05-28,2351,順德,227.0,232.0,214.5,220.0,8251,153,0,-60,17.08,82.91,100.0
2026-05-28,2352,佳世達,27.55,29.2,27.35,27.65,11045,-607,0,-43,10.5,89.49,100.0
2026-05-28,2353,宏碁,31.8,33.4,31.8,32.0,77812,12782,-897,1506,10.45,89.54,100.0
2026-05-28,2354,鴻準,59.7,60.5,57.8,58.3,10686,-1376,2,-62,10.44,89.55,100.0
2026-05-28,2355,敬鵬,62.6,66.1,60.3,61.7,23172,-136,-30,-320,18.65,81.34,100.0
2026-05-28,2356,英業達,62.0,67.3,61.3,63.9,136331,25878,7708,2067,18.48,81.51,100.0
2026-05-28,2357,華碩,703.0,711.0,690.0,692.0,4308,-859,496,51,33.09,66.9,100.0
2026-05-28,2359,所羅門,145.5,146.0,135.5,137.0,5177,-572,0,-154,3.88,96.11,100.0
2026-05-28,2360,致茂,2560.0,2795.0,2530.0,2570.0,4838,-244,-151,-14,58.09,41.9,100.0
2026-05-28,2362,藍天,40.85,41.9,40.7,41.0,1118,266,0,-2,10.57,89.42,100.0
2026-05-28,2363,矽統,67.3,68.0,64.5,64.7,18295,690,0,-134,8.83,91.16,100.0
2026-05-28,2364,倫飛,67.4,68.8,66.9,67.3,207,69,0,1,15.58,84.41,100.0
2026-05-28,2365,昆盈,37.55,38.2,36.05,36.35,5431,18,0,-12,3.64,96.35,100.0
2026-05-28,2367,燿華,68.0,70.0,64.2,65.8,61519,-10755,0,-348,5.87,94.12,100.0
2026-05-28,2368,金像電,1395.0,1420.0,1290.0,1305.0,5166,547,-548,-164,25.87,74.12,100.0
2026-05-28,2369,菱生,40.0,42.0,38.75,39.75,54879,1688,0,-443,22.24,77.75,100.0
2026-05-28,2371,大同,29.45,30.45,28.7,28.85,21006,-4955,0,-103,7.15,92.84,100.0
2026-05-28,2373,震旦行,58.0,58.1,57.3,57.5,61,11,0,-6,0.83,99.16,100.0
2026-05-28,2374,佳能,81.0,82.3,78.1,78.6,9188,-543,0,-87,6.0,93.99,100.0
2026-05-28,2375,凱美,148.0,161.5,145.0,161.5,30081,-319,0,91,12.74,87.25,100.0
2026-05-28,2376,技嘉,336.0,350.0,331.0,337.5,17174,947,1370,174,22.92,77.07,100.0
2026-05-28,2377,微星,127.5,129.0,122.0,123.5,27848,-2605,3,-422,12.07,87.92,100.0
2026-05-28,2379,瑞昱,605.0,616.0,593.0,594.0,4278,-107,586,-56,52.4,47.59,100.0
2026-05-28,2380,虹光,5.6,5.6,5.45,5.5,261,-1,0,0,0.26,99.73,100.0
2026-05-28,2382,廣達,312.5,319.0,308.5,308.5,43210,-17684,12612,38,23.93,76.06,100.0
2026-05-28,2383,台光電,5300.0,5515.0,5025.0,5055.0,2289,-136,48,-38,43.29,56.7,100.0
2026-05-28,2385,群光,137.0,137.5,132.0,132.0,3385,-794,-216,-7,18.93,81.06,100.0
2026-05-28,2387,精元,40.2,41.1,40.05,40.35,707,145,0,-1,9.12,90.87,100.0
2026-05-28,2388,威盛,75.9,77.5,73.2,74.4,11139,-1854,0,-152,14.01,85.98,100.0
2026-05-28,2390,云辰,10.9,11.2,10.65,10.65,2016,537,0,-6,3.03,96.96,100.0
2026-05-28,2392,正崴,38.0,39.2,37.15,37.65,2702,471,0,0,6.91,93.08,100.0
2026-05-28,2393,億光,62.9,63.4,61.7,62.3,2711,-514,-153,133,29.43,70.56,100.0
2026-05-28,2395,研華,509.0,523.0,488.5,490.5,4642,-176,-7,-46,35.48,64.51,100.0
2026-05-28,2397,友通,63.2,64.4,62.1,62.2,380,83,0,1,12.34,87.65,100.0
2026-05-28,2399,映泰,48.45,49.35,46.95,47.7,8994,572,0,0,7.03,92.96,100.0
2026-05-28,2401,凌陽,30.9,31.65,29.9,30.05,18548,2593,0,-405,13.66,86.33,100.0
2026-05-28,2402,毅嘉,68.7,69.6,65.9,66.1,8452,-1027,-516,-266,5.79,93.59,100.0
2026-05-28,2404,漢唐,1240.0,1255.0,1150.0,1160.0,4494,848,-50,-213,33.4,66.59,100.0
2026-05-28,2405,輔信,16.5,17.05,16.4,16.45,4355,760,0,1,6.29,93.7,100.0
2026-05-28,2406,國碩,34.5,35.55,33.1,33.3,14377,631,0,-25,17.03,82.96,100.0
2026-05-28,2408,南亞科,310.0,339.0,306.0,324.0,226715,62166,809,528,13.71,86.28,100.0
2026-05-28,2409,友達,21.9,23.4,21.2,21.2,538705,-840,85,-1893,13.09,86.9,100.0
2026-05-28,2412,中華電,137.0,138.0,136.5,136.5,16998,-9468,3518,358,17.1,31.89,49.0
2026-05-28,2413,環科,50.2,52.5,49.65,51.0,4945,1384,0,0,5.06,94.93,100.0
2026-05-28,2414,精技,51.2,51.3,50.2,50.4,319,-30,0,0,5.42,94.57,100.0
2026-05-28,2415,錩新,26.6,27.4,26.6,26.85,183,46,0,-1,20.96,79.03,100.0
2026-05-28,2417,圓剛,50.3,51.2,47.5,48.05,2410,66,0,2,3.61,96.38,100.0
2026-05-28,2419,仲琦,30.8,33.5,30.8,31.45,8852,1623,0,210,1.83,98.16,100.0
2026-05-28,2420,新巨,63.0,65.6,62.9,64.5,1508,30,1,-5,7.91,92.08,100.0
2026-05-28,2421,建準,162.5,164.5,152.0,156.5,7620,403,0,-27,29.65,70.34,100.0
2026-05-28,2423,固緯,82.1,87.9,82.1,84.8,558,-9,0,-3,5.1,94.89,100.0
2026-05-28,2424,隴華,13.3,14.0,12.8,13.3,316,21,0,0,0.4,48.59,49.0
2026-05-28,2425,承啟,36.15,37.0,34.5,34.6,1599,-157,0,4,10.16,89.83,100.0
2026-05-28,2426,鼎元,78.9,85.5,78.5,80.9,37925,2262,0,29,8.34,91.65,100.0
2026-05-28,2427,三商電,20.4,20.45,20.15,20.3,589,87,0,-1,3.36,96.63,100.0
2026-05-28,2428,興勤,292.5,292.5,287.5,292.5,2874,347,0,61,20.11,79.88,100.0
2026-05-28,2429,銘旺科,48.05,48.15,46.7,46.7,545,-192,0,0,0.69,99.3,100.0
2026-05-28,2430,燦坤,18.65,18.65,18.05,18.05,237,-90,0,-1,2.69,97.3,100.0
2026-05-28,2431,聯昌,10.35,10.6,10.2,10.2,676,62,0,-1,2.28,97.71,100.0
2026-05-28,2432,倚天,26.25,26.7,26.25,26.25,34,5,0,0,0.67,99.32,100.0
2026-05-28,2432,倚天酷碁-創,26.25,26.7,26.25,26.25,34,5,0,0,0.67,99.32,100.0
2026-05-28,2433,互盛電,43.85,43.85,42.8,42.95,128,-16,0,-1,0.88,99.11,100.0
2026-05-28,2434,統懋,34.85,36.5,34.6,36.5,629,24,0,3,1.26,98.73,100.0
2026-05-28,2436,偉詮電,78.5,81.4,75.6,76.8,10774,1320,0,-39,13.23,86.76,100.0
2026-05-28,2438,翔耀,27.7,27.8,26.8,27.8,1892,-258,0,-4,1.09,98.9,100.0
2026-05-28,2439,美律,90.4,92.0,89.7,91.5,3882,-55,-33,3,12.63,87.36,100.0
2026-05-28,2440,太空梭,17.4,17.55,16.65,16.85,543,19,0,2,2.22,97.77,100.0
2026-05-28,2441,超豐,135.5,148.0,135.5,141.0,20880,132,-11,-62,11.01,88.98,100.0
2026-05-28,2442,新美齊,18.4,18.8,18.4,18.7,2656,821,0,8,2.15,97.84,100.0
2026-05-28,2444,兆勁,12.25,12.65,12.1,12.3,846,215,0,-2,2.16,97.83,100.0
2026-05-28,2449,京元電子,315.5,334.0,312.0,320.0,72840,22857,-5045,-322,29.12,70.87,100.0
2026-05-28,2450,神腦,29.35,29.4,29.15,29.25,164,-27,0,-1,1.1,98.89,100.0
2026-05-28,2451,創見,325.0,337.0,319.0,322.0,8839,2461,-424,73,11.58,88.41,100.0
2026-05-28,2453,凌群,62.0,62.0,59.9,60.1,2586,-146,0,-1,4.53,95.46,100.0
2026-05-28,2454,聯發科,4620.0,4685.0,4270.0,4410.0,16433,-856,-623,-71,56.2,43.79,100.0
2026-05-28,2455,全新,413.0,420.0,391.5,391.5,2272,649,-100,-142,25.92,74.07,100.0
2026-05-28,2457,飛宏,25.2,26.0,24.7,25.15,3685,75,0,-34,6.55,93.44,100.0
2026-05-28,2458,義隆,164.5,166.5,158.5,161.0,3208,585,10,-43,24.57,75.42,100.0
2026-05-28,2459,敦吉,67.0,67.3,66.3,66.7,346,64,0,-1,16.76,83.23,100.0
2026-05-28,2460,建通,32.0,32.7,31.4,31.65,791,139,0,-1,0.9,99.09,100.0
2026-05-28,2461,光群雷,15.9,16.3,15.8,16.05,1740,305,0,4,5.21,94.78,100.0
2026-05-28,2462,良得電,20.4,21.05,20.4,20.65,827,236,0,3,1.35,98.64,100.0
2026-05-28,2464,盟立,177.0,177.0,163.5,168.0,17695,-1122,0,-283,11.94,88.05,100.0
2026-05-28,2465,麗臺,86.0,86.5,81.5,81.9,1623,-82,0,-3,5.77,94.22,100.0
2026-05-28,2466,冠西電,47.8,48.0,46.7,46.8,262,16,0,2,10.46,89.53,100.0
2026-05-28,2467,志聖,655.0,660.0,614.0,617.0,2719,216,-346,39,20.5,79.49,100.0
2026-05-28,2468,華經,33.45,34.35,32.6,33.0,275,-10,0,-1,1.55,98.44,100.0
2026-05-28,2471,資通,50.9,50.9,50.3,50.8,265,-9,0,0,4.76,95.23,100.0
2026-05-28,2472,立隆電,352.0,371.0,352.0,371.0,9320,-410,37,43,11.17,88.82,100.0
2026-05-28,2474,可成,212.0,212.5,190.0,190.5,24693,-6968,-2683,-581,22.49,77.5,100.0
2026-05-28,2476,鉅祥,130.0,132.0,119.5,122.0,9137,390,0,-181,10.57,89.42,100.0
2026-05-28,2477,美隆電,20.6,21.15,20.55,21.05,391,33,0,-3,23.36,76.63,100.0
2026-05-28,2478,大毅,118.5,129.5,118.5,127.0,5923,216,0,46,15.47,84.52,100.0
2026-05-28,2480,敦陽科,147.0,148.0,145.5,147.0,492,-21,-9,2,9.89,90.1,100.0
2026-05-28,2481,強茂,146.5,160.5,143.0,148.0,86464,-12952,8022,449,24.16,75.83,100.0
2026-05-28,2482,連宇,16.35,16.5,16.1,16.25,251,25,0,0,1.44,98.55,100.0
2026-05-28,2483,百容,25.5,26.05,25.3,25.5,464,16,0,-2,2.53,97.46,100.0
2026-05-28,2484,希華,52.6,57.8,52.5,55.2,43220,8173,0,54,11.18,88.81,100.0
2026-05-28,2485,兆赫,74.8,77.6,70.3,71.8,38949,-2382,0,-401,1.95,98.04,100.0
2026-05-28,2486,一詮,279.5,282.0,255.0,261.0,9778,420,-580,-136,14.03,85.96,100.0
2026-05-28,2488,漢平,53.2,53.4,52.8,53.0,269,-46,0,2,6.96,93.03,100.0
2026-05-28,2489,瑞軒,50.7,52.8,47.2,48.0,70715,-9312,0,-511,7.32,92.67,100.0
2026-05-28,2491,吉祥全,22.5,23.2,22.1,22.3,740,-10,0,-3,6.21,93.78,100.0
2026-05-28,2492,華新科,355.0,397.0,355.0,390.0,5997,2334,195,47,25.04,74.95,100.0
2026-05-28,2493,揚博,162.5,173.5,162.0,163.0,9554,-200,0,-8,4.41,95.58,100.0
2026-05-28,2495,普安,49.0,49.85,46.55,47.35,25814,-61,0,-250,10.99,89.0,100.0
2026-05-28,2496,卓越,65.3,65.3,64.6,64.7,16,-2,0,0,23.24,76.75,100.0
2026-05-28,2497,怡利電,58.6,63.6,58.6,60.8,3508,500,0,2,3.35,96.64,100.0
2026-05-28,2498,宏達電,45.0,45.5,43.8,43.9,9042,313,-6,-361,8.68,91.31,100.0
2026-05-28,2501,國建,21.95,22.4,21.95,22.25,4399,1082,0,1,10.87,89.12,100.0
2026-05-28,2504,國產,34.95,34.95,34.5,34.5,2045,-879,-10,2,7.32,92.67,100.0
2026-05-28,2505,國揚,17.6,17.6,17.4,17.5,313,-101,0,-2,3.52,96.47,100.0
2026-05-28,2506,太設,8.64,8.65,8.59,8.63,133,48,0,0,4.79,95.2,100.0
2026-05-28,2509,全坤建,12.3,12.5,12.25,12.35,178,29,0,1,1.34,98.65,100.0
2026-05-28,2511,太子,7.65,7.68,7.6,7.66,937,275,0,-8,2.31,97.68,100.0
2026-05-28,2514,龍邦,12.9,12.9,12.75,12.8,91,-3,0,0,2.22,97.77,100.0
2026-05-28,2515,中工,12.9,12.9,12.6,12.6,7476,-3168,0,8,7.0,92.99,100.0
2026-05-28,2516,新建,13.1,13.55,12.65,12.65,415,-50,0,-1,2.39,97.6,100.0
2026-05-28,2520,冠德,30.15,30.35,29.9,29.95,1942,-246,0,2,11.97,88.02,100.0
2026-05-28,2524,京城,33.55,34.35,33.5,34.05,141,77,0,0,0.68,99.31,100.0
2026-05-28,2527,宏璟,36.3,37.25,36.1,36.75,737,285,0,-1,42.28,57.71,100.0
2026-05-28,2528,皇普,21.95,21.95,21.1,21.35,1064,-261,0,2,1.08,98.91,100.0
2026-05-28,2530,華建,18.2,18.3,17.7,18.0,1608,-38,-5,20,2.83,97.16,100.0
2026-05-28,2534,宏盛,17.55,17.55,16.95,17.3,2659,-281,0,-1,6.12,93.87,100.0
2026-05-28,2535,達欣工,78.1,81.0,78.1,79.5,885,241,0,-47,6.61,93.38,100.0
2026-05-28,2536,宏普,19.35,19.6,19.15,19.45,457,11,0,-1,8.85,91.14,100.0
2026-05-28,2537,聯上發,9.39,9.61,9.39,9.47,878,382,0,15,1.97,98.02,100.0
2026-05-28,2538,基泰,9.37,9.37,9.25,9.29,376,-164,0,20,9.85,90.14,100.0
2026-05-28,2539,櫻花建,33.2,34.8,33.1,34.5,2917,353,0,40,1.88,98.11,100.0
2026-05-28,2540,愛山林,53.5,54.1,51.5,53.6,1689,77,0,-7,1.47,98.52,100.0
2026-05-28,2542,興富發,43.05,43.45,42.0,42.0,13535,-5547,1,-16,10.98,89.01,100.0
2026-05-28,2543,皇昌,41.7,42.7,41.0,41.8,2298,-96,0,0,1.15,98.84,100.0
2026-05-28,2545,皇翔,35.85,36.95,35.85,36.35,467,-94,0,-3,2.7,97.29,100.0
2026-05-28,2546,根基,87.9,88.2,86.8,86.9,153,29,0,0,3.38,96.61,100.0
2026-05-28,2547,日勝生,9.94,9.95,9.86,9.89,2159,-180,0,3,12.7,87.29,100.0
2026-05-28,2548,華固,121.5,123.0,120.0,121.0,2654,-1417,0,-106,17.49,82.5,100.0
2026-05-28,2596,綠意,26.5,27.35,26.5,27.2,352,117,0,0,0.67,99.32,100.0
2026-05-28,2597,潤弘,158.0,159.5,155.0,157.0,509,-107,0,0,2.95,97.04,100.0
2026-05-28,2601,益航,5.0,5.06,4.96,5.06,2112,706,0,3,13.11,86.88,100.0
2026-05-28,2603,長榮,212.0,215.0,211.0,211.0,27762,-10649,11320,578,21.0,28.98,49.99
2026-05-28,2605,新興,30.85,31.75,30.8,31.45,5393,219,0,239,49.97,0.01,49.99
2026-05-28,2606,裕民,72.0,72.7,70.9,70.9,7539,-2136,-15,-129,15.31,34.67,49.99
2026-05-28,2607,榮運,47.5,47.7,47.2,47.3,995,2,0,-2,8.58,41.4,49.99
2026-05-28,2608,嘉里大榮,28.6,28.8,28.4,28.6,868,-14,0,-1,3.22,96.77,100.0
2026-05-28,2609,陽明,52.9,53.5,52.0,52.3,16197,3235,0,290,14.53,35.45,49.99
2026-05-28,2610,華航,18.65,19.2,18.6,18.6,62854,12819,-132,254,13.78,36.2,49.99
2026-05-28,2611,志信,13.0,13.05,12.8,13.05,540,-24,0,7,0.88,99.11,100.0
2026-05-28,2612,中航,58.2,58.6,57.4,57.5,980,121,0,33,3.97,96.02,100.0
2026-05-28,2613,中櫃,21.65,21.75,21.2,21.3,527,121,0,3,1.3,32.02,33.33
2026-05-28,2614,東森,18.1,18.3,17.95,18.1,996,-279,0,0,3.05,46.93,49.99
2026-05-28,2615,萬海,81.8,82.4,80.3,80.7,7318,-716,1,-48,42.75,7.23,49.99
2026-05-28,2616,山隆,13.15,13.65,13.15,13.55,665,196,0,4,1.89,98.1,100.0
2026-05-28,2617,台航,28.8,29.05,28.75,28.8,747,126,0,19,8.57,41.41,49.99
2026-05-28,2618,長榮航,35.5,36.25,35.3,35.3,86240,-15338,28288,408,22.12,27.86,49.99
2026-05-28,2630,亞航,41.35,42.25,41.2,41.8,789,173,0,0,3.91,96.08,100.0
2026-05-28,2633,台灣高鐵,25.25,25.25,24.8,24.8,19395,-12810,0,68,8.41,40.57,48.99
2026-05-28,2634,漢翔,45.9,46.65,45.65,45.9,4439,971,-6,-2,2.8,7.19,10.0
2026-05-28,2636,台驊控股,66.9,67.6,66.9,67.1,445,185,0,0,9.23,90.76,100.0
2026-05-28,2637,慧洋-KY,76.4,78.4,76.0,76.7,6114,2297,-121,27,18.98,81.01,100.0
2026-05-28,2640,大車隊,160.5,161.5,160.5,161.0,10,4,0,0,4.77,95.22,100.0
2026-05-28,2641,正德,17.8,17.85,17.5,17.55,2005,-86,0,0,3.1,96.89,100.0
2026-05-28,2642,宅配通,20.1,20.9,20.1,20.75,244,23,0,-1,5.33,94.66,100.0
2026-05-28,2643,捷迅,65.5,66.1,65.5,66.0,57,16,0,0,1.42,98.57,100.0
2026-05-28,2644,中信造船,77.66,77.8,76.9,77.6,39,0,0,0,0.0,0.0,0.0
2026-05-28,2645,長榮航太,164.0,166.0,160.5,164.0,1916,71,-2,-1,7.39,92.6,100.0
2026-05-28,2646,星宇航空,20.05,20.35,20.05,20.05,6605,2109,0,-5,2.73,47.25,49.99
2026-05-28,2701,萬企,10.3,10.3,10.2,10.2,110,8,0,0,0.53,99.46,100.0
2026-05-28,2702,華園,12.75,13.0,12.7,12.8,96,39,0,6,39.43,60.56,100.0
2026-05-28,2704,國賓,42.7,42.75,42.15,42.15,84,-39,0,0,9.8,90.19,100.0
2026-05-28,2705,六福,15.0,15.15,14.9,15.0,3858,50,0,-1,1.37,98.62,100.0
2026-05-28,2706,第一店,11.95,12.0,11.85,11.9,226,16,0,0,2.64,97.35,100.0
2026-05-28,2707,晶華,173.0,174.0,171.5,171.5,194,-21,0,-1,5.69,94.3,100.0
2026-05-28,2712,遠雄來,14.75,14.75,14.65,14.75,6,1,0,0,0.29,99.7,100.0
2026-05-28,2718,晶悅,44.75,45.6,44.75,45.4,86,-6,0,0,0.56,99.43,100.0
2026-05-28,2718,全心投控,44.75,45.6,44.75,45.4,86,-6,0,0,0.56,99.43,100.0
2026-05-28,2719,燦星旅,25.15,25.15,25.15,25.15,4,0,0,0,0.18,99.81,100.0
2026-05-28,2722,夏都,22.55,22.75,22.35,22.35,31,11,0,0,0.35,99.64,100.0
2026-05-28,2723,美食-KY,60.3,60.8,59.7,60.5,608,-15,0,-4,46.0,53.99,100.0
2026-05-28,2724,富驛-KY,12.75,13.8,12.5,13.8,10,0,0,0,15.09,84.9,100.0
2026-05-28,2724,藝舍-KY,12.75,13.8,12.5,13.8,10,0,0,0,15.09,84.9,100.0
2026-05-28,2726,雅茗-KY,9.9,10.0,9.39,9.83,77,19,0,0,23.57,76.42,100.0
2026-05-28,2727,王品,233.0,234.0,231.5,232.0,350,-9,-18,80,26.88,73.11,100.0
2026-05-28,2729,瓦城,162.0,162.0,159.0,159.0,62,4,0,0,2.06,97.93,100.0
2026-05-28,2731,雄獅,167.0,168.5,164.5,165.5,1456,154,-35,4,12.01,87.98,100.0
2026-05-28,2732,六角,63.1,63.2,62.5,63.0,58,8,0,0,4.35,95.64,100.0
2026-05-28,2733,維格餅家,11.02,11.05,11.05,11.05,0,0,0,0,0.0,0.0,0.0
2026-05-28,2734,易飛網,15.1,15.1,14.8,14.9,198,-45,0,0,3.7,96.29,100.0
2026-05-28,2736,富野,12.25,12.25,12.05,12.05,90,-28,0,0,1.04,98.95,100.0
2026-05-28,2739,寒舍,34.5,35.1,34.5,34.6,103,47,0,1,2.55,97.44,100.0
2026-05-28,2740,天蔥,36.2,36.2,32.8,35.5,11,0,0,0,1.66,98.33,100.0
2026-05-28,2740,華軒,36.2,36.2,32.8,35.5,11,0,0,0,1.66,98.33,100.0
2026-05-28,2741,老四川,21.16,21.0,20.8,20.9,23,-1,0,0,0.0,0.0,0.0
2026-05-28,2743,山富,68.5,68.6,67.0,67.8,113,34,0,2,1.19,98.8,100.0
2026-05-28,2745,五福,102.5,103.0,101.5,101.5,139,39,0,-9,0.86,99.13,100.0
2026-05-28,2748,雲品,38.9,38.95,38.5,38.75,238,-118,0,-3,1.02,98.97,100.0
2026-05-28,2751,王座,51.0,52.0,51.0,51.8,17,5,0,0,0.44,99.55,100.0
2026-05-28,2752,豆府,173.0,173.0,172.0,172.5,13,-1,0,0,1.28,98.71,100.0
2026-05-28,2753,八方雲集,173.0,174.0,172.0,172.0,282,-118,-4,-1,3.51,96.48,100.0
2026-05-28,2754,亞洲藏壽司,68.9,69.0,67.0,67.8,113,12,0,0,67.85,32.14,100.0
2026-05-28,2755,揚秦,133.0,133.0,131.5,131.5,13,-5,0,0,1.15,98.84,100.0
2026-05-28,2756,聯發國際,60.1,60.1,59.5,60.0,17,4,0,0,1.27,98.72,100.0
2026-05-28,2758,路易莎咖啡,65.77,67.9,66.4,67.9,2,0,0,0,0.0,0.0,0.0
2026-05-28,2760,巨宇翔,20.1,21.05,20.0,21.05,7,0,0,0,0.0,0.0,0.0
2026-05-28,2761,橘焱胡同,15.2,15.15,14.9,14.9,8,0,0,0,0.0,0.0,0.0
2026-05-28,2762,世界健身-KY,81.9,83.8,81.3,81.3,154,73,0,0,82.51,17.48,100.0
2026-05-28,2801,彰銀,20.15,20.3,20.05,20.05,28409,-10683,-1400,-36,17.08,82.91,100.0
2026-05-28,2812,台中銀,18.8,18.8,18.5,18.5,26000,-6914,0,-3,7.59,92.4,100.0
2026-05-28,2816,旺旺保,32.3,32.55,32.0,32.1,458,-59,0,0,2.0,97.99,100.0
2026-05-28,2820,華票,16.75,16.75,16.7,16.7,832,-132,0,-4,8.55,91.44,100.0
2026-05-28,2832,台產,53.2,53.5,52.8,53.0,215,30,0,0,4.03,95.96,100.0
2026-05-28,2834,臺企銀,16.1,16.15,15.9,15.9,36626,-7739,0,-35,15.98,84.01,100.0
2026-05-28,2836,高雄銀,11.8,11.8,11.7,11.75,1676,-765,0,-6,7.27,92.72,100.0
2026-05-28,2838,聯邦銀,20.5,20.5,20.15,20.2,1301,-640,0,-15,4.22,95.77,100.0
2026-05-28,2845,遠東銀,11.9,11.95,11.85,11.9,11646,-3472,0,-29,8.55,91.44,100.0
2026-05-28,2849,安泰銀,13.85,13.85,13.6,13.75,58,23,0,-12,58.89,41.1,100.0
2026-05-28,2850,新產,141.5,141.5,137.0,137.0,455,-280,-4,0,10.32,89.67,100.0
2026-05-28,2851,中再保,35.0,35.45,34.75,35.2,2376,1528,0,-11,8.68,91.31,100.0
2026-05-28,2852,第一保,26.95,26.95,26.7,26.9,363,-28,0,-1,4.79,95.2,100.0
2026-05-28,2855,統一證,46.4,46.8,44.4,45.1,13693,-1826,-24,0,13.77,86.22,100.0
2026-05-28,2867,三商壽,7.56,7.56,7.43,7.44,8621,-1830,0,3,18.11,81.88,100.0
2026-05-28,2880,華南金,30.1,30.3,29.6,29.6,96181,-46412,31452,-109,16.45,83.54,100.0
2026-05-28,2881,富邦金,110.0,112.0,107.0,110.0,83541,33906,-29133,-439,18.02,81.97,100.0
2026-05-28,2882,國泰金,85.4,86.2,83.4,84.8,61980,17727,-21169,147,21.4,78.59,100.0
2026-05-28,2883,凱基金,22.4,22.85,22.0,22.15,88869,-9177,-10313,22,30.42,69.57,100.0
2026-05-28,2884,玉山金,31.15,31.15,30.65,30.7,68131,-18091,-18101,36,30.23,69.76,100.0
2026-05-28,2885,元大金,59.5,60.2,58.4,59.1,37726,4990,-7216,177,26.43,73.56,100.0
2026-05-28,2886,兆豐金,39.8,40.25,39.5,39.8,36810,-1815,9002,225,21.52,78.47,100.0
2026-05-28,2887,台新新光金,23.4,23.55,23.0,23.0,171562,-59196,43583,1800,22.83,77.16,100.0
2026-05-28,2889,國票金,14.6,14.7,14.5,14.6,3705,-1436,0,-5,8.44,91.55,100.0
2026-05-28,2890,永豐金,29.65,29.85,29.5,29.5,28864,-1664,189,-18,27.99,72.0,100.0
2026-05-28,2891,中信金,58.6,60.8,58.6,59.3,69083,-10717,9368,-261,34.54,65.45,100.0
2026-05-28,2892,第一金,27.6,27.65,27.25,27.25,47996,-25867,-29,129,24.78,75.21,100.0
2026-05-28,2897,王道銀行,10.0,10.05,9.9,9.94,3717,-660,0,2,6.82,93.17,100.0
2026-05-28,2901,欣欣,22.45,23.0,22.45,22.75,17,3,0,0,0.29,99.7,100.0
2026-05-28,2903,遠百,22.0,22.0,21.6,21.8,2646,-1744,-12,9,7.62,92.37,100.0
2026-05-28,2904,匯僑,14.15,14.4,14.0,14.05,55,7,0,0,0.61,99.38,100.0
2026-05-28,2905,三商,13.65,13.65,13.4,13.45,506,11,0,-6,3.6,96.39,100.0
2026-05-28,2906,高林,12.4,12.4,12.2,12.25,419,76,0,4,1.66,98.33,100.0
2026-05-28,2908,特力,21.3,21.45,21.15,21.45,312,82,0,0,1.73,98.26,100.0
2026-05-28,2910,統領,21.45,21.45,20.65,21.45,17,7,0,0,0.26,99.73,100.0
2026-05-28,2911,麗嬰房,8.43,9.08,8.33,8.33,480,105,0,-2,20.81,79.18,100.0
2026-05-28,2912,統一超,207.5,211.5,203.5,207.0,15455,-7446,4657,0,16.61,83.38,100.0
2026-05-28,2913,農林,10.65,10.85,10.6,10.7,3361,1249,0,4,5.27,94.72,100.0
2026-05-28,2915,潤泰全,43.9,44.45,43.7,44.0,3204,-173,-117,-3,5.17,94.82,100.0
2026-05-28,2916,滿心,43.5,44.0,43.25,43.65,455,18,0,0,21.09,78.9,100.0
2026-05-28,2923,鼎固-KY,25.0,25.0,23.35,23.8,73,21,0,0,99.4,0.59,100.0
2026-05-28,2924,宏太-KY,15.55,15.55,15.55,15.55,1,0,0,0,66.79,33.2,100.0
2026-05-28,2926,誠品生活,35.35,36.2,34.65,35.0,98,14,0,0,1.13,98.86,100.0
2026-05-28,2929,淘帝-KY,6.55,6.62,6.0,6.0,2505,-1017,0,-3,17.28,82.71,100.0
2026-05-28,2937,集雅社,47.95,48.9,47.75,48.55,9,0,0,2,0.08,99.91,100.0
2026-05-28,2938,床的世界,22.7,22.95,22.9,22.9,0,0,0,0,0.0,0.0,0.0
2026-05-28,2939,永邑-KY,22.3,22.35,22.05,22.25,7,2,0,0,19.89,80.1,100.0
2026-05-28,2940,歐都納,24.25,24.25,24.15,24.25,9,0,0,0,0.0,0.0,0.0
2026-05-28,2941,米斯特,29.75,30.95,29.75,30.95,10,0,0,0,0.48,99.51,100.0
2026-05-28,2942,京站,38.06,37.7,37.55,37.55,7,0,0,0,0.0,0.0,0.0
2026-05-28,2945,三商家購,41.15,41.15,40.6,40.6,5,1,0,0,0.39,99.6,100.0
2026-05-28,2947,振宇五金,77.7,77.7,77.7,77.7,18,0,0,0,0.09,99.9,100.0
2026-05-28,2948,寶陞,38.95,38.95,38.0,38.0,5,0,0,0,0.01,99.98,100.0
2026-05-28,2949,欣新網,63.0,63.0,63.0,63.0,1,0,0,0,0.03,99.96,100.0
2026-05-28,3002,歐格,16.9,17.45,16.9,17.05,335,72,0,0,2.84,97.15,100.0
2026-05-28,3003,健和興,62.9,64.7,61.8,62.2,1965,203,0,-3,3.67,96.32,100.0
2026-05-28,3004,豐達科,123.5,123.5,118.0,118.0,1126,-234,0,10,2.25,97.74,100.0
2026-05-28,3005,神基,103.0,104.5,102.5,103.0,4068,1289,-18,-95,11.47,88.52,100.0
2026-05-28,3006,晶豪科,243.0,253.0,236.0,242.5,29229,-898,0,-234,33.59,66.4,100.0
2026-05-28,3008,大立光,3505.0,3630.0,3420.0,3425.0,1352,51,-9,-45,34.12,65.87,100.0
2026-05-28,3010,華立,141.5,144.0,136.0,138.0,1695,428,95,-16,18.4,81.59,100.0
2026-05-28,3011,今皓,13.15,13.75,13.0,13.15,1483,0,0,0,3.42,96.57,100.0
2026-05-28,3013,晟銘電,120.0,121.5,115.5,117.5,5144,-386,0,-66,4.23,95.76,100.0
2026-05-28,3014,聯陽,153.0,156.0,148.0,148.5,2680,421,16,-4,24.04,75.95,100.0
2026-05-28,3015,全漢,51.6,52.6,50.8,50.9,650,73,1,-1,8.98,91.01,100.0
2026-05-28,3016,嘉晶,126.0,138.5,125.0,134.5,17126,1954,0,-136,6.49,93.5,100.0
2026-05-28,3017,奇鋐,2740.0,2795.0,2540.0,2580.0,5097,-459,65,-74,52.63,47.36,100.0
2026-05-28,3018,隆銘綠能,9.6,9.6,9.35,9.35,25,0,0,0,0.22,99.77,100.0
2026-05-28,3019,亞光,152.0,156.5,149.0,149.5,11103,1266,0,-239,7.79,92.2,100.0
2026-05-28,3021,鴻名,27.4,27.4,27.4,27.4,536,0,0,4,3.88,96.11,100.0
2026-05-28,3022,威強電,74.2,75.9,72.8,73.1,1119,68,-9,0,16.07,83.92,100.0
2026-05-28,3023,信邦,317.0,317.0,300.0,302.5,1446,-71,-136,-13,45.06,54.93,100.0
2026-05-28,3024,憶聲,15.85,15.95,15.4,15.55,2081,133,0,-13,2.67,97.32,100.0
2026-05-28,3025,星通,77.2,79.3,74.6,75.5,2256,-232,0,3,8.58,91.41,100.0
2026-05-28,3026,禾伸堂,608.0,635.0,585.0,605.0,2506,-58,551,-10,16.74,83.25,100.0
2026-05-28,3027,盛達,18.9,20.35,18.9,19.25,1866,-285,0,0,1.7,98.29,100.0
2026-05-28,3028,增你強,82.1,84.1,80.8,81.2,4307,1219,0,32,12.72,87.27,100.0
2026-05-28,3029,零壹,95.3,96.2,94.1,94.4,987,-29,-8,-4,3.06,96.93,100.0
2026-05-28,3030,德律,410.0,433.5,405.5,409.0,7057,635,0,-23,14.41,85.58,100.0
2026-05-28,3031,佰鴻,31.65,33.15,31.0,31.3,4864,-173,0,0,2.68,97.31,100.0
2026-05-28,3032,偉訓,90.6,93.6,88.5,90.3,2910,-115,0,-121,1.62,98.37,100.0
2026-05-28,3033,威健,51.1,51.7,49.8,50.1,12249,3853,-20,-1383,21.99,78.0,100.0
2026-05-28,3034,聯詠,487.5,496.0,477.5,478.5,6060,-485,766,-45,37.32,62.67,100.0
2026-05-28,3035,智原,203.0,210.5,201.5,208.5,16061,2783,0,88,10.29,89.7,100.0
2026-05-28,3036,文曄,299.5,299.5,289.0,289.5,6314,-368,-615,-25,21.81,78.15,100.0
2026-05-28,3037,欣興,1125.0,1130.0,1000.0,1025.0,25166,344,469,-254,38.65,61.34,100.0
2026-05-28,3038,全台,23.25,23.65,23.15,23.3,524,97,0,-3,8.91,91.08,100.0
2026-05-28,3040,遠見,39.75,40.4,39.3,39.65,118,-10,0,0,0.83,99.16,100.0
2026-05-28,3041,揚智,25.9,26.3,25.1,25.4,1790,45,0,0,6.13,93.86,100.0
2026-05-28,3042,晶技,205.0,217.5,205.0,217.5,20696,4858,0,102,20.7,79.29,100.0
2026-05-28,3043,科風,20.6,22.15,20.6,20.8,402,53,0,-1,1.39,98.6,100.0
2026-05-28,3044,健鼎,533.0,533.0,490.0,493.5,5510,-1670,-49,-81,48.36,51.63,100.0
2026-05-28,3045,台灣大,110.0,112.5,110.0,111.0,20078,-1267,2368,10,13.83,32.71,46.55
2026-05-28,3046,建碁,54.6,55.6,53.9,54.4,760,193,0,-1,4.76,95.23,100.0
2026-05-28,3047,訊舟,15.05,15.55,14.7,14.8,2204,-17,0,5,3.36,96.63,100.0
2026-05-28,3048,益登,70.5,77.0,69.5,72.2,29697,-326,0,128,11.96,88.03,100.0
2026-05-28,3049,精金,12.3,13.2,12.3,12.4,14374,650,0,34,2.76,97.23,100.0
2026-05-28,3050,鈺德,12.45,12.85,12.3,12.45,1204,59,0,-1,7.33,92.66,100.0
2026-05-28,3051,力特,27.25,28.3,26.65,27.1,3540,-904,0,6,2.0,97.99,100.0
2026-05-28,3052,夆典,10.35,10.5,10.35,10.45,486,99,0,20,1.51,98.48,100.0
2026-05-28,3054,立萬利,69.5,69.5,66.0,67.5,231,12,0,1,0.4,99.59,100.0
2026-05-28,3055,蔚華科,112.5,112.5,103.5,105.5,4319,1134,0,-17,3.06,96.93,100.0
2026-05-28,3056,富華新,13.3,13.4,13.15,13.2,1401,255,0,-22,3.73,96.26,100.0
2026-05-28,3057,喬鼎,20.25,20.65,19.85,20.05,298,19,0,-1,2.4,97.59,100.0
2026-05-28,3058,立德,8.14,8.23,8.08,8.12,997,363,0,0,2.71,97.28,100.0
2026-05-28,3059,華晶科,42.25,44.85,41.6,41.85,12814,2566,0,34,8.54,91.45,100.0
2026-05-28,3060,銘異,29.8,30.1,28.45,28.7,3731,-902,0,-1,8.11,91.88,100.0
2026-05-28,3062,建漢,29.6,30.85,29.0,29.4,13029,2659,0,181,13.08,86.91,100.0
2026-05-28,3064,泰偉,18.5,19.5,18.5,19.0,9,0,0,0,0.12,99.87,100.0
2026-05-28,3066,李洲,20.9,22.0,20.9,21.05,917,291,0,0,1.85,98.14,100.0
2026-05-28,3067,全域,18.85,19.4,18.8,18.8,17,0,0,0,0.02,99.97,100.0
2026-05-28,3071,協禧,33.1,33.8,31.25,31.65,1298,99,0,0,3.37,96.62,100.0
2026-05-28,3073,天方能源,20.3,20.45,19.8,20.3,140,-2,0,0,2.02,97.97,100.0
2026-05-28,3078,僑威,57.0,57.8,55.9,56.1,1255,92,-18,5,12.55,87.44,100.0
2026-05-28,3081,聯亞,2890.0,2890.0,2600.0,2650.0,3052,-566,-136,-37,21.81,78.18,100.0
2026-05-28,3083,網龍,26.7,27.3,26.6,27.2,186,47,0,0,1.27,98.72,100.0
2026-05-28,3085,新零售,12.85,13.7,12.45,12.45,59,0,0,0,5.69,94.3,100.0
2026-05-28,3086,華義*,31.6,31.6,29.6,30.45,1227,213,0,-50,40.36,59.63,100.0
2026-05-28,3088,艾訊,146.0,149.0,137.5,140.0,2832,-61,0,-39,15.33,84.66,100.0
2026-05-28,3090,日電貿,231.0,233.0,208.5,208.5,2940,722,-54,-55,12.23,87.76,100.0
2026-05-28,3092,鴻碩,29.5,30.5,28.75,28.9,503,-31,0,0,1.35,98.64,100.0
2026-05-28,3093,港建*,54.5,55.6,51.7,52.3,1254,-47,0,0,68.3,31.69,100.0
2026-05-28,3094,聯傑,35.6,36.3,33.7,34.25,2950,222,0,-17,3.32,96.67,100.0
2026-05-28,3095,及成,45.65,45.65,43.6,44.45,34,0,0,0,3.57,96.42,100.0
2026-05-28,3097,拍檔,26.87,26.35,25.0,25.7,40,-1,0,0,0.0,0.0,0.0
2026-05-28,3105,穩懋,558.0,582.0,520.0,528.0,48753,-789,-57,-426,23.34,76.65,100.0
2026-05-28,3114,好德,28.75,29.4,28.2,28.45,349,4,0,0,0.98,99.01,100.0
2026-05-28,3115,富榮綱,7.55,8.1,7.55,8.0,36,3,0,0,1.81,98.18,100.0
2026-05-28,3117,年程,28.08,29.45,28.0,28.7,239,-20,0,0,0.0,0.0,0.0
2026-05-28,3118,進階,33.3,33.75,33.25,33.3,36,0,0,0,0.33,99.66,100.0
2026-05-28,3122,笙泉,33.15,34.15,32.5,32.5,565,86,0,1,3.13,96.86,100.0
2026-05-28,3128,昇銳,23.25,23.5,22.75,22.8,227,0,0,0,3.65,96.34,100.0
2026-05-28,3130,一零四,221.5,221.5,220.0,221.0,37,-5,0,0,20.72,79.27,100.0
2026-05-28,3131,弘塑,3650.0,3765.0,3510.0,3635.0,1910,403,1,-122,37.21,62.78,100.0
2026-05-28,3135,凌航,252.0,256.0,245.0,250.0,3644,612,0,-4,6.38,93.61,100.0
2026-05-28,3138,耀登,168.0,174.0,160.0,160.5,1533,111,0,-26,1.9,98.09,100.0
2026-05-28,3141,晶宏,79.9,82.9,79.4,82.0,9435,110,0,40,8.63,91.36,100.0
2026-05-28,3147,大綜,184.5,184.5,177.5,178.0,335,-31,0,-2,2.76,97.23,100.0
2026-05-28,3149,正達,65.9,71.8,65.7,67.1,34145,5693,0,22,8.17,91.82,100.0
2026-05-28,3150,鈺寶-創,19.0,20.7,18.9,19.85,127,11,0,-15,0.99,99.0,100.0
2026-05-28,3152,璟德,202.0,213.0,194.0,197.0,3449,-327,0,-69,19.15,80.84,100.0
2026-05-28,3158,嘉實,86.5,86.5,85.5,85.5,5,0,0,0,1.62,98.37,100.0
2026-05-28,3162,精確,84.7,86.1,80.3,82.3,4875,-354,0,0,46.67,53.32,100.0
2026-05-28,3163,波若威,1080.0,1085.0,1025.0,1050.0,3845,7,-404,-7,14.96,85.03,100.0
2026-05-28,3164,景岳,16.2,16.75,16.2,16.4,98,58,0,0,0.64,99.35,100.0
2026-05-28,3167,大量,835.0,835.0,784.0,795.0,502,34,0,-7,9.71,90.28,100.0
2026-05-28,3168,眾福科,50.2,50.7,47.5,47.5,171,-6,0,0,1.23,98.76,100.0
2026-05-28,3169,亞信,120.0,127.0,119.5,121.5,1260,274,0,0,4.46,95.53,100.0
2026-05-28,3171,新洲,71.4,71.5,68.8,68.8,26,-1,0,2,0.76,99.23,100.0
2026-05-28,3171,炎洲流通,71.4,71.5,68.8,68.8,26,-1,0,2,0.76,99.23,100.0
2026-05-28,3176,基亞,34.35,35.0,32.85,33.1,676,50,0,0,4.63,95.36,100.0
2026-05-28,3178,公準,73.1,76.7,71.0,71.0,378,-11,0,0,2.09,97.9,100.0
2026-05-28,3184,微邦,22.28,22.8,20.85,21.7,709,-24,0,0,0.0,0.0,0.0
2026-05-28,3188,鑫龍騰,23.0,23.2,22.7,22.8,293,6,0,0,1.55,98.44,100.0
2026-05-28,3189,景碩,702.0,702.0,654.0,681.0,8187,-70,2,-353,22.54,77.45,100.0
2026-05-28,3191,雲嘉南,24.05,24.05,24.05,24.05,861,18,0,-12,0.1,99.89,100.0
2026-05-28,3205,佰研,52.7,54.6,52.7,54.2,127,53,0,0,1.06,98.93,100.0
2026-05-28,3206,志豐,38.3,41.5,37.1,40.1,1118,321,0,0,3.12,96.87,100.0
2026-05-28,3207,耀勝,64.6,65.5,63.5,65.0,900,-177,0,-5,4.98,95.01,100.0
2026-05-28,3209,全科,81.8,82.2,78.1,78.5,3929,38,2,-29,19.95,80.04,100.0
2026-05-28,3211,順達,472.0,490.0,439.0,442.5,15014,-352,-244,-88,27.75,72.24,100.0
2026-05-28,3213,茂訊,121.0,123.0,118.0,119.5,675,154,0,0,7.72,92.27,100.0
2026-05-28,3217,優群,199.5,200.0,186.5,188.5,3315,-676,-545,-74,9.6,90.39,100.0
2026-05-28,3218,大學光,130.5,131.0,128.0,130.5,318,-22,-6,0,5.24,94.75,100.0
2026-05-28,3219,倚強股份,85.9,87.9,81.6,82.4,635,-50,0,4,1.27,98.72,100.0
2026-05-28,3219,倚強科,85.9,87.9,81.6,82.4,635,-50,0,4,1.27,98.72,100.0
2026-05-28,3221,台嘉碩,56.9,62.0,56.9,60.2,21252,3048,0,18,10.26,89.73,100.0
2026-05-28,3224,三顧,39.65,40.3,39.65,39.95,65,10,0,0,0.7,99.29,100.0
2026-05-28,3226,龍鋒,43.5,43.6,42.5,42.5,12,-4,0,0,0.05,99.94,100.0
2026-05-28,3227,原相,230.0,240.5,223.0,225.5,4785,-308,13,-100,22.41,77.58,100.0
2026-05-28,3228,金麗科,211.0,215.0,200.0,201.0,1183,170,0,-5,7.3,92.69,100.0
2026-05-28,3229,晟鈦,45.8,48.35,44.5,45.0,844,20,0,-48,1.63,98.36,100.0
2026-05-28,3230,錦明,30.9,31.85,30.2,30.4,626,198,0,0,1.55,98.44,100.0
2026-05-28,3231,緯創,146.0,149.0,143.0,144.5,41753,2936,1124,286,29.5,70.49,100.0
2026-05-28,3232,昱捷,20.75,22.9,20.75,22.9,336,12,0,110,8.28,91.71,100.0
2026-05-28,3234,光環,103.5,104.5,98.0,98.6,1728,180,0,1,3.0,96.99,100.0
2026-05-28,3236,千如,55.0,58.0,53.0,53.5,3984,-38,0,-25,17.63,82.36,100.0
2026-05-28,3252,海灣,18.55,18.55,17.9,17.9,7,-2,0,0,2.27,97.72,100.0
2026-05-28,3257,虹冠電,59.1,67.2,58.6,65.6,5130,-94,0,-7,0.77,99.22,100.0
2026-05-28,3259,鑫創,16.2,17.25,16.2,16.8,111,-1,0,0,10.94,89.05,100.0
2026-05-28,3260,威剛,414.5,421.0,403.0,404.5,14016,-609,-50,-444,16.99,83.0,100.0
2026-05-28,3264,欣銓,231.0,249.0,227.5,235.5,16614,1902,-164,129,31.71,68.28,100.0
2026-05-28,3265,台星科,190.0,204.5,188.0,189.0,3872,144,0,35,9.41,90.58,100.0
2026-05-28,3266,昇陽,12.7,12.8,12.65,12.75,63,12,0,1,8.26,91.73,100.0
2026-05-28,3268,海德威,17.6,18.2,17.35,17.4,132,32,0,0,0.7,99.29,100.0
2026-05-28,3272,東碩,16.3,16.55,16.1,16.3,67,7,0,0,0.72,99.27,100.0
2026-05-28,3276,宇環,14.0,14.4,13.85,14.0,226,14,0,-26,1.01,98.98,100.0
2026-05-28,3284,太普高,15.9,16.0,15.7,15.9,110,16,0,0,0.82,99.17,100.0
2026-05-28,3285,微端,32.45,34.0,31.25,31.25,222,-9,0,0,12.94,87.05,100.0
2026-05-28,3287,廣寰科,37.5,39.9,37.0,38.1,4795,-54,0,-3,1.94,98.05,100.0
2026-05-28,3288,點晶,14.95,15.4,14.95,15.1,28,0,0,0,0.14,99.85,100.0
2026-05-28,3289,宜特,171.5,174.5,163.5,165.5,2585,-411,0,42,7.27,92.72,100.0
2026-05-28,3290,東浦,47.85,48.55,47.35,47.95,935,191,0,-4,6.55,93.44,100.0
2026-05-28,3293,鈊象,765.0,767.0,749.0,749.0,2880,-934,228,-8,21.95,78.04,100.0
2026-05-28,3294,英濟,40.05,40.9,38.5,39.35,2211,105,0,-6,7.21,92.78,100.0
2026-05-28,3296,勝德,19.65,19.85,19.5,19.5,146,19,0,0,2.14,97.85,100.0
2026-05-28,3297,杭特,29.95,30.1,29.55,29.7,67,3,0,0,3.09,96.9,100.0
2026-05-28,3303,岱稜,48.35,49.6,48.35,49.0,469,62,0,0,4.35,95.64,100.0
2026-05-28,3305,昇貿,161.5,165.0,155.5,158.0,10438,913,0,-108,9.32,90.67,100.0
2026-05-28,3306,鼎天,46.7,47.55,46.2,46.6,295,7,0,0,2.27,97.72,100.0
2026-05-28,3308,聯德,20.1,20.6,19.85,20.0,135,-21,0,-1,0.81,99.18,100.0
2026-05-28,3310,佳穎,76.6,78.0,72.6,72.6,1085,-2,0,0,0.23,99.76,100.0
2026-05-28,3311,閎暉,35.0,38.35,34.7,36.45,4396,786,0,0,2.72,97.27,100.0
2026-05-28,3312,弘憶股,50.2,51.7,48.35,49.3,3745,596,0,-33,3.61,96.38,100.0
2026-05-28,3313,斐成,11.1,11.2,10.9,11.0,3668,41,0,0,4.7,95.29,100.0
2026-05-28,3317,尼克森,82.9,86.0,80.7,82.8,6340,580,0,23,16.64,83.35,100.0
2026-05-28,3321,同泰,19.1,20.5,19.1,19.45,2186,263,0,-7,1.99,98.0,100.0
2026-05-28,3322,建舜電,13.4,13.55,12.9,12.9,790,-77,0,0,2.18,97.81,100.0
2026-05-28,3323,加百裕,38.5,39.5,36.8,37.0,4271,94,0,18,6.37,93.62,100.0
2026-05-28,3324,雙鴻,1050.0,1070.0,1000.0,1005.0,3211,135,8,-77,19.9,80.09,100.0
2026-05-28,3325,旭品,11.65,12.05,11.65,11.75,313,-11,0,0,1.24,98.75,100.0
2026-05-28,3332,幸康,64.6,69.7,64.6,65.1,115,12,0,0,0.92,99.07,100.0
2026-05-28,3338,泰碩,75.7,77.1,71.9,72.5,1540,-130,0,0,2.58,97.41,100.0
2026-05-28,3339,泰谷,48.15,49.4,44.4,45.8,2955,-23,0,-2,3.23,96.76,100.0
2026-05-28,3346,麗清,19.5,19.5,19.5,19.5,708,-117,0,231,2.55,97.44,100.0
2026-05-28,3349,寶德,18.25,18.3,17.5,17.9,225,33,0,0,2.22,97.77,100.0
2026-05-28,3354,律勝,32.85,34.4,30.95,31.35,1503,201,0,0,2.1,97.89,100.0
2026-05-28,3356,奇偶,64.5,65.6,61.5,62.0,2763,-117,0,3,8.31,91.68,100.0
2026-05-28,3357,臺慶科,290.0,298.0,270.0,283.0,9932,3,0,-46,16.79,83.2,100.0
2026-05-28,3360,尚立,14.35,14.8,14.1,14.1,658,80,0,0,2.0,97.99,100.0
2026-05-28,3362,先進光,112.5,115.0,109.5,110.5,928,37,0,0,3.88,96.11,100.0
2026-05-28,3363,上詮,851.0,851.0,802.0,815.0,2754,-280,0,-4,17.31,82.68,100.0
2026-05-28,3372,典範,22.05,22.3,21.0,21.5,2349,-632,0,0,2.93,97.06,100.0
2026-05-28,3373,熱映,16.7,16.8,16.6,16.65,77,-4,0,0,1.95,98.04,100.0
2026-05-28,3374,精材,259.5,275.5,248.5,255.0,37470,2489,0,25,11.93,88.06,100.0
2026-05-28,3376,新日興,214.5,216.5,204.0,205.0,4332,-667,0,-122,22.26,77.73,100.0
2026-05-28,3379,彬台,41.0,41.75,39.2,39.45,420,-10,0,0,1.16,98.83,100.0
2026-05-28,3380,明泰,35.7,38.05,35.7,36.1,9716,2377,0,33,6.44,93.55,100.0
2026-05-28,3388,崇越電,102.5,111.0,102.0,111.0,4906,47,0,-111,7.99,92.0,100.0
2026-05-28,3390,旭軟,29.8,30.05,28.05,28.5,2271,-345,0,0,4.53,95.46,100.0
2026-05-28,3402,漢科,154.0,154.0,145.0,146.0,2248,-198,0,-8,8.98,91.01,100.0
2026-05-28,3406,玉晶光,586.0,595.0,570.0,572.0,1081,157,-31,-25,44.12,55.87,100.0
2026-05-28,3413,京鼎,315.0,326.0,313.0,318.0,6540,369,-75,-49,17.21,82.78,100.0
2026-05-28,3416,融程電,187.0,187.0,178.0,179.0,842,175,0,-19,2.96,97.03,100.0
2026-05-28,3419,譁裕,13.55,13.9,13.5,13.55,474,39,0,1,1.9,98.09,100.0
2026-05-28,3426,台興,47.75,47.8,47.75,47.75,9,0,0,0,0.44,99.55,100.0
2026-05-28,3430,奇鈦科,163.0,178.5,163.0,171.0,4485,-65,0,1,2.48,97.51,100.0
2026-05-28,3432,台端,19.1,19.3,18.6,18.75,91,8,0,0,3.03,96.96,100.0
2026-05-28,3434,哲固,29.0,29.8,28.95,29.35,72,-2,0,0,1.83,98.16,100.0
2026-05-28,3437,榮創,23.8,24.4,23.0,23.45,1872,-300,0,3,4.76,95.23,100.0
2026-05-28,3438,類比科,73.5,74.5,71.5,72.1,1352,-155,0,0,2.77,97.22,100.0
2026-05-28,3441,聯一光,51.0,53.9,49.6,50.2,2132,285,0,0,3.68,96.31,100.0
2026-05-28,3443,創意,5090.0,5320.0,4590.0,4590.0,4074,758,-198,-299,28.78,71.21,100.0
2026-05-28,3444,利機,118.0,124.0,114.0,115.5,3862,64,0,0,12.36,87.63,100.0
2026-05-28,3447,展達,36.25,37.25,35.85,36.65,286,7,0,0,1.42,98.57,100.0
2026-05-28,3450,聯鈞,510.0,527.0,471.5,481.0,15667,180,0,178,23.19,76.8,100.0
2026-05-28,3455,由田,249.5,255.5,237.0,241.5,3976,893,0,0,18.12,81.87,100.0
2026-05-28,3465,進泰電子,27.5,27.95,27.45,27.8,10,3,0,0,5.02,94.97,100.0
2026-05-28,3466,德晉,33.75,34.55,32.65,32.75,702,-193,0,0,17.42,82.57,100.0
2026-05-28,3467,台灣精材,77.0,78.5,74.1,74.1,852,40,0,-4,2.89,97.1,100.0
2026-05-28,3473,智通聯網,91.56,92.9,88.7,90.9,27,0,0,0,0.0,0.0,0.0
2026-05-28,3479,安勤,135.5,145.0,134.0,137.5,3385,-6,0,6,5.68,94.31,100.0
2026-05-28,3481,群創,50.2,52.2,46.2,46.4,1259689,-289338,109,-20798,23.98,76.01,100.0
2026-05-28,3483,力致,97.5,98.5,93.5,93.8,990,88,0,-11,9.49,90.5,100.0
2026-05-28,3484,崧騰,43.9,43.9,42.9,43.1,281,-17,0,0,7.06,92.93,100.0
2026-05-28,3485,敘豐,322.5,348.0,308.0,340.0,1498,143,0,0,0.28,99.71,100.0
2026-05-28,3489,森寶,21.75,21.85,21.65,21.65,47,-8,0,0,0.63,99.36,100.0
2026-05-28,3490,單井,39.4,40.8,38.05,38.45,2865,327,0,0,4.87,95.12,100.0
2026-05-28,3491,昇達科,2125.0,2180.0,1995.0,2000.0,1093,367,-49,-20,34.13,65.86,100.0
2026-05-28,3492,長盛,22.7,23.9,22.7,23.6,342,16,0,0,0.75,99.24,100.0
2026-05-28,3494,誠研,8.11,8.11,7.98,8.04,175,25,0,0,1.74,98.25,100.0
2026-05-28,3498,陽程,155.5,156.0,143.0,145.0,1091,-335,0,19,16.86,83.13,100.0
2026-05-28,3499,環天科,14.7,14.7,14.2,14.7,156,19,0,0,0.68,99.31,100.0
2026-05-28,3501,維熹,39.6,40.2,39.5,39.85,303,-32,0,1,3.1,96.89,100.0
2026-05-28,3504,揚明光,77.6,80.6,76.5,77.1,1693,111,0,-2,3.54,96.45,100.0
2026-05-28,3508,位速,20.95,21.55,19.75,20.2,419,-6,0,0,0.78,99.21,100.0
2026-05-28,3511,矽瑪,20.3,20.8,20.0,20.1,281,43,0,0,2.71,97.28,100.0
2026-05-28,3512,皇龍,20.5,20.8,20.5,20.55,99,27,0,0,0.5,99.49,100.0
2026-05-28,3515,華擎,240.5,246.0,232.0,233.5,638,45,0,-14,7.47,92.52,100.0
2026-05-28,3516,亞帝歐,23.55,23.65,23.2,23.2,58,4,0,0,0.42,99.57,100.0
2026-05-28,3518,柏騰,35.25,37.1,34.35,34.55,1862,267,0,2,7.39,92.6,100.0
2026-05-28,3520,華盈,14.35,15.0,14.35,14.5,373,49,0,0,1.11,98.88,100.0
2026-05-28,3521,鴻翊,12.5,12.5,12.2,12.2,97,21,0,0,0.33,99.66,100.0
2026-05-28,3521,台鋼建設,12.5,12.5,12.2,12.2,97,21,0,0,0.33,99.66,100.0
2026-05-28,3522,御頂,11.8,11.95,11.65,11.75,170,-32,0,0,0.21,99.78,100.0
2026-05-28,3522,御嵿,11.8,11.95,11.65,11.75,170,-32,0,0,0.21,99.78,100.0
2026-05-28,3523,迎輝,14.5,14.5,14.5,14.5,49,0,0,9,0.09,99.9,100.0
2026-05-28,3526,凡甲,370.0,381.5,360.0,370.0,1472,237,-33,42,22.14,77.85,100.0
2026-05-28,3527,聚積,58.5,59.7,57.4,58.3,148,8,0,0,7.62,92.37,100.0
2026-05-28,3528,安馳,112.5,113.5,111.0,113.5,1151,15,0,18,6.59,93.4,100.0
2026-05-28,3529,力旺,3420.0,3520.0,3370.0,3470.0,1248,27,-239,14,69.18,30.81,100.0
2026-05-28,3530,晶相光,68.9,70.3,66.5,66.8,352,-49,0,-1,41.56,58.43,100.0
2026-05-28,3531,先益,23.0,23.25,23.0,23.25,16,-5,0,0,19.26,80.73,100.0
2026-05-28,3532,台勝科,290.5,316.5,281.0,290.0,10928,-795,0,-291,44.25,55.74,100.0
2026-05-28,3533,嘉澤,2630.0,2685.0,2455.0,2485.0,1190,252,-319,-33,45.06,54.93,100.0
2026-05-28,3535,晶彩科,124.5,126.5,120.0,120.5,2462,-119,0,0,1.24,98.75,100.0
2026-05-28,3537,堡達,69.3,73.9,69.1,73.9,4165,-119,0,40,5.58,94.41,100.0
2026-05-28,3540,曜越,26.55,27.75,26.5,26.5,617,41,0,0,2.34,97.65,100.0
2026-05-28,3541,西柏,22.3,22.4,22.3,22.4,37,0,0,0,0.88,99.11,100.0
2026-05-28,3543,州巧,35.65,36.85,35.15,35.4,1106,-116,0,2,6.81,93.18,100.0
2026-05-28,3545,敦泰,60.0,60.3,57.2,58.2,2260,188,0,-23,14.21,85.78,100.0
2026-05-28,3546,宇峻,81.3,81.9,80.8,80.8,359,119,0,-3,8.15,91.84,100.0
2026-05-28,3548,兆利,97.2,100.0,94.6,95.3,704,-24,0,0,9.21,90.78,100.0
2026-05-28,3550,聯穎,20.2,20.65,19.7,20.0,1869,93,0,3,4.97,95.02,100.0
2026-05-28,3551,世禾,210.0,227.0,210.0,217.5,6307,1588,0,75,8.81,91.18,100.0
2026-05-28,3552,同致,52.6,56.7,52.6,56.0,1362,-89,0,106,10.14,89.85,100.0
2026-05-28,3555,博士旺,228.5,232.5,211.0,212.0,267,-12,0,0,1.66,98.33,100.0
2026-05-28,3556,禾瑞亞,56.8,61.7,56.8,61.1,3771,44,0,0,6.81,93.18,100.0
2026-05-28,3557,嘉威,24.7,24.8,23.6,23.6,434,-13,0,37,1.67,98.32,100.0
2026-05-28,3558,神準,131.0,141.5,130.0,141.5,2254,207,0,5,1.78,98.21,100.0
2026-05-28,3563,牧德,850.0,866.0,814.0,816.0,1615,-73,-10,-12,6.47,93.52,100.0
2026-05-28,3564,其陽,46.15,50.6,46.1,48.15,834,20,0,0,3.44,96.55,100.0
2026-05-28,3567,逸昌,29.1,30.25,29.1,29.25,299,83,0,0,3.38,96.61,100.0
2026-05-28,3570,大塚,172.0,177.5,172.0,172.5,110,11,0,0,44.87,55.12,100.0
2026-05-28,3576,聯合再生,19.0,19.7,18.2,18.25,29399,-3042,0,11,12.31,87.68,100.0
2026-05-28,3577,泓格,146.5,161.0,145.0,161.0,2526,175,0,2,2.85,97.14,100.0
2026-05-28,3580,友威科,108.5,110.0,99.9,101.0,2808,227,0,0,10.59,89.4,100.0
2026-05-28,3581,博磊,244.5,254.0,236.5,240.0,1739,-46,0,-1,15.07,84.92,100.0
2026-05-28,3583,辛耘,878.0,947.0,872.0,877.0,4759,-72,81,61,17.81,82.18,100.0
2026-05-28,3585,聯致,82.36,83.8,71.9,75.6,3838,8,0,0,0.0,0.0,0.0
2026-05-28,3587,閎康,334.0,340.0,325.5,329.5,1456,91,0,-14,11.71,88.28,100.0
2026-05-28,3588,通嘉,65.2,65.9,61.2,61.7,1004,138,0,-1,5.24,94.75,100.0
2026-05-28,3591,艾笛森,25.55,26.85,25.5,26.05,2551,626,0,202,6.65,93.34,100.0
2026-05-28,3592,瑞鼎,281.0,284.0,270.5,274.0,1171,-81,-19,-22,15.74,84.25,100.0
2026-05-28,3593,力銘,16.6,17.4,16.6,16.95,32,1,0,0,0.25,99.74,100.0
2026-05-28,3594,磐儀,53.5,53.9,50.8,50.8,615,-110,0,-7,3.1,96.89,100.0
2026-05-28,3595,山太士,2664.13,2665.0,2585.0,2630.0,251,0,0,0,0.0,0.0,0.0
2026-05-28,3596,智易,190.0,191.0,183.0,184.0,1572,-143,0,-2,31.64,68.35,100.0
2026-05-28,3597,映興,27.95,28.5,27.7,28.0,89,3,0,0,0.76,99.23,100.0
2026-05-28,3603,建祥國際,8.01,8.57,7.79,8.15,71,0,0,0,0.0,0.0,0.0
2026-05-28,3605,宏致,79.1,81.8,78.3,78.3,6021,1343,0,73,11.47,88.52,100.0
2026-05-28,3607,谷崧,15.2,15.75,15.1,15.2,852,228,0,0,7.08,92.91,100.0
2026-05-28,3609,三一東林,27.05,29.8,26.35,28.2,625,-122,0,0,1.67,98.32,100.0
2026-05-28,3611,鼎翰,188.5,189.5,187.5,189.0,49,11,0,0,11.78,88.21,100.0
2026-05-28,3615,安可,48.1,51.4,46.7,48.7,9017,-116,0,0,7.05,92.94,100.0
2026-05-28,3617,碩天,217.5,217.5,206.0,211.5,717,-137,0,-5,8.78,91.21,100.0
2026-05-28,3622,洋華,57.4,58.0,55.9,56.4,532,-33,0,-3,3.76,96.23,100.0
2026-05-28,3623,富晶通,23.3,23.4,22.5,22.95,52,-1,0,0,3.31,96.68,100.0
2026-05-28,3624,光頡,95.0,103.0,95.0,100.0,6982,242,0,62,54.2,45.79,100.0
2026-05-28,3625,西勝,14.2,14.7,14.2,14.3,313,94,0,0,5.28,94.71,100.0
2026-05-28,3628,盈正,66.8,69.0,66.7,66.8,276,44,0,0,3.45,96.54,100.0
2026-05-28,3629,地心引力,0.0,0.0,0.0,0.0,0,0,0,0,0.02,99.97,100.0
2026-05-28,3630,新鉅科,26.2,26.6,25.4,25.65,675,148,0,0,39.92,60.07,100.0
2026-05-28,3631,晟楠,37.5,37.75,36.4,36.45,189,-19,0,0,8.1,91.89,100.0
2026-05-28,3632,研勤,9.3,9.6,9.3,9.3,248,1,0,0,0.29,99.7,100.0
2026-05-28,3633,云光,126.56,125.0,120.0,122.0,124,-1,0,0,0.0,0.0,0.0
2026-05-28,3645,達邁,110.0,112.0,103.0,104.0,8231,399,0,-146,14.44,85.55,100.0
2026-05-28,3646,艾恩特,23.45,25.0,23.45,23.95,57,0,0,0,6.73,93.26,100.0
2026-05-28,3652,精聯,33.65,35.4,33.65,33.95,947,70,0,0,0.88,99.11,100.0
2026-05-28,3653,健策,3700.0,3830.0,3460.0,3500.0,2199,-504,186,-64,26.49,73.5,100.0
2026-05-28,3659,百辰,22.82,23.1,22.8,22.9,53,3,0,0,0.0,0.0,0.0
2026-05-28,3661,世芯-KY,4530.0,4575.0,4230.0,4300.0,2420,181,-224,-77,54.55,45.44,100.0
2026-05-28,3663,鑫科,90.0,91.9,85.0,85.7,6249,392,0,-11,4.29,95.7,100.0
2026-05-28,3664,安瑞-KY,7.67,7.68,7.67,7.67,45,0,0,0,37.96,62.03,100.0
2026-05-28,3665,貿聯-KY,2030.0,2115.0,1950.0,2115.0,3095,553,-819,43,56.59,43.4,100.0
2026-05-28,3666,光耀,28.45,28.8,27.5,28.2,154,-13,0,0,0.28,99.71,100.0
2026-05-28,3669,圓展,39.3,39.9,37.8,38.25,272,-50,0,-8,2.39,97.6,100.0
2026-05-28,3672,康聯訊,10.65,11.5,10.6,10.6,99,0,0,0,2.5,97.49,100.0
2026-05-28,3673,TPK-KY,89.6,90.3,80.0,81.0,41573,-3655,0,-1004,45.07,54.92,100.0
2026-05-28,3675,德微,369.5,401.5,367.0,384.0,2023,-164,0,34,60.62,39.37,100.0
2026-05-28,3678,聯享,58.15,59.9,55.8,57.6,74,0,0,0,0.0,0.0,0.0
2026-05-28,3679,新至陞,120.0,121.5,119.5,120.5,58,3,0,-2,8.94,91.05,100.0
2026-05-28,3680,家登,562.0,568.0,530.0,535.0,2318,-122,-16,-31,24.2,75.79,100.0
2026-05-28,3684,榮昌,59.3,60.0,57.5,58.3,69,22,0,0,1.9,98.09,100.0
2026-05-28,3685,元創精密,28.9,29.75,28.05,28.45,214,14,0,-4,0.28,99.71,100.0
2026-05-28,3686,達能,17.6,18.1,17.3,17.35,312,-9,0,0,1.64,98.35,100.0
2026-05-28,3687,歐買尬,67.5,72.7,66.9,71.5,561,147,0,-8,5.05,94.94,100.0
2026-05-28,3689,湧德,134.0,139.5,130.5,132.0,12682,2705,0,33,10.85,89.14,100.0
2026-05-28,3691,碩禾,158.0,161.5,147.5,151.0,3975,-286,0,8,9.38,90.61,100.0
2026-05-28,3693,營邦,590.0,599.0,557.0,560.0,1234,83,0,-9,13.18,86.81,100.0
2026-05-28,3694,海華,68.7,70.0,66.2,66.6,2596,574,0,-10,4.26,95.73,100.0
2026-05-28,3701,大眾控,56.1,56.7,52.1,52.6,2408,111,0,8,4.61,95.38,100.0
2026-05-28,3702,大聯大,120.5,125.0,120.0,121.5,10701,2804,-491,-226,35.37,64.62,100.0
2026-05-28,3703,欣陸,20.1,20.3,20.0,20.05,1500,49,0,-3,20.18,79.81,100.0
2026-05-28,3704,合勤控,45.25,47.15,45.1,45.35,8612,2768,0,-1,13.84,86.15,100.0
2026-05-28,3705,永信,55.5,55.7,55.3,55.6,183,-48,0,0,7.15,92.84,100.0
2026-05-28,3706,神達,84.9,86.2,82.7,83.1,13165,-1132,5,84,10.11,89.88,100.0
2026-05-28,3707,漢磊,88.6,96.9,86.2,87.1,56001,-8114,0,49,15.82,84.17,100.0
2026-05-28,3708,上緯投控,132.0,133.5,123.0,124.0,2389,643,0,-226,8.78,91.21,100.0
2026-05-28,3709,鑫聯大投控,86.0,89.3,85.1,87.3,2216,476,0,19,8.84,91.15,100.0
2026-05-28,3710,連展投控,6.4,6.4,6.1,6.23,331,22,0,0,2.21,97.78,100.0
2026-05-28,3711,日月光投控,626.0,668.0,617.0,627.0,35071,-2361,401,-79,77.96,22.03,100.0
2026-05-28,3712,永崴投控,16.3,17.15,16.3,16.6,1453,129,0,-5,2.15,97.84,100.0
2026-05-28,3713,新晶投控,14.05,16.7,14.05,15.7,915,-285,0,6,0.47,99.52,100.0
2026-05-28,3714,富采,74.8,78.5,72.6,72.7,35510,-2655,0,-333,12.1,87.89,100.0
2026-05-28,3715,定穎投控,178.5,180.0,170.0,171.0,9726,-1770,0,-252,9.58,90.41,100.0
2026-05-28,3716,中化控股,34.4,34.5,34.05,34.4,190,82,0,-9,8.5,91.49,100.0
2026-05-28,3717,聯嘉投控,22.0,22.4,21.4,21.6,3779,-360,0,53,4.08,95.91,100.0
2026-05-28,4102,永日,17.0,17.1,16.75,17.0,60,-5,0,0,1.21,98.78,100.0
2026-05-28,4104,佳醫,70.8,70.8,69.4,69.5,373,-100,0,0,2.94,97.05,100.0
2026-05-28,4105,東洋,73.6,73.8,72.8,73.0,520,-110,0,-45,19.53,80.46,100.0
2026-05-28,4106,雃博,23.3,24.0,23.3,23.8,413,150,0,-1,2.08,97.91,100.0
2026-05-28,4107,邦特,113.5,114.5,113.5,113.5,105,28,0,0,7.5,92.49,100.0
2026-05-28,4108,懷特,12.5,12.7,12.5,12.55,295,29,0,-3,1.01,98.98,100.0
2026-05-28,4109,加捷生醫,11.2,11.3,11.1,11.15,214,16,0,0,0.81,99.18,100.0
2026-05-28,4111,濟生,30.0,30.2,29.7,29.9,57,-4,0,0,3.34,96.65,100.0
2026-05-28,4113,聯上,14.4,14.45,14.15,14.25,195,-66,0,0,1.59,98.4,100.0
2026-05-28,4114,健喬,30.3,30.3,30.05,30.05,1417,-471,0,0,5.57,94.42,100.0
2026-05-28,4115,善德生技,7.98,7.85,7.6,7.85,37,-1,0,0,0.0,0.0,0.0
2026-05-28,4116,明基醫,37.55,37.55,37.0,37.1,77,-11,0,0,0.39,99.6,100.0
2026-05-28,4119,旭富,41.35,41.35,40.5,40.7,312,-8,0,1,5.29,94.7,100.0
2026-05-28,4120,友華,44.2,44.5,44.15,44.35,52,1,0,0,6.22,93.77,100.0
2026-05-28,4121,優盛,14.05,14.25,13.95,14.15,145,-51,0,0,1.8,98.19,100.0
2026-05-28,4123,晟德,37.2,38.15,37.15,37.8,2002,373,0,-1,9.06,90.93,100.0
2026-05-28,4126,太醫,79.1,79.3,78.7,79.1,21,5,0,0,8.98,91.01,100.0
2026-05-28,4127,天良,65.3,69.2,65.3,65.8,362,18,0,0,0.74,99.25,100.0
2026-05-28,4128,中天,14.35,14.55,14.2,14.35,1575,21,0,0,4.05,95.94,100.0
2026-05-28,4129,聯合,90.1,90.3,89.2,90.0,544,-222,0,3,11.63,88.36,100.0
2026-05-28,4130,健亞,26.25,27.05,25.8,25.85,208,15,0,0,2.08,97.91,100.0
2026-05-28,4131,浩泰,33.5,33.9,33.1,33.9,19,-1,0,0,1.25,98.74,100.0
2026-05-28,4133,亞諾法,20.95,20.95,20.45,20.55,163,4,0,0,12.49,87.5,100.0
2026-05-28,4137,麗豐-KY,102.0,102.5,101.5,102.0,198,2,0,1,55.73,44.26,100.0
2026-05-28,4138,曜亞,51.3,51.3,50.6,50.7,32,-3,0,0,1.11,98.88,100.0
2026-05-28,4139,馬光-KY,24.9,24.9,22.95,22.95,15,-6,0,0,16.89,83.1,100.0
2026-05-28,4142,國光生,17.05,17.15,16.8,16.95,1344,-528,0,2,4.52,95.47,100.0
2026-05-28,4147,中裕,47.75,48.1,47.0,47.1,1413,-477,0,0,7.82,92.17,100.0
2026-05-28,4148,全宇生技-KY,31.8,31.85,30.8,30.9,90,-10,0,1,71.02,28.97,100.0
2026-05-28,4150,優你康,5.62,5.69,5.38,5.5,829,0,0,0,0.0,0.0,0.0
2026-05-28,4153,鈺緯,31.5,32.55,31.0,31.6,43,1,0,0,0.32,99.67,100.0
2026-05-28,4154,樂威科-KY,13.0,13.5,12.6,13.1,34,6,0,-1,29.99,70.0,100.0
2026-05-28,4155,訊映,14.8,15.0,14.65,14.85,383,7,0,-3,1.23,98.76,100.0
2026-05-28,4157,太景*-KY,9.1,9.1,8.98,9.01,1294,-6,0,0,1.88,98.11,100.0
2026-05-28,4160,訊聯基因,41.05,41.05,39.95,40.0,104,-15,0,0,0.96,99.03,100.0
2026-05-28,4161,聿新科,23.25,23.45,22.85,22.9,106,-9,0,0,0.29,99.7,100.0
2026-05-28,4162,智擎,53.9,54.1,53.0,53.0,618,-106,0,-9,8.22,91.77,100.0
2026-05-28,4163,鐿鈦,115.5,122.5,113.0,118.0,359,-13,0,0,2.67,97.32,100.0
2026-05-28,4164,承業醫,28.25,28.55,27.9,28.0,540,-99,0,3,19.07,80.92,100.0
2026-05-28,4166,友霖,23.6,23.8,23.2,23.3,816,-13,0,0,10.71,89.28,100.0
2026-05-28,4167,松瑞藥,18.95,19.5,18.95,19.2,1610,451,0,2,10.57,89.42,100.0
2026-05-28,4168,醣聯,28.25,28.3,27.5,27.5,499,-95,0,0,4.82,95.17,100.0
2026-05-28,4169,泰宗,157.5,157.5,152.0,154.5,131,-2,0,0,6.44,93.55,100.0
2026-05-28,4170,鑫品生醫,13.33,13.5,12.9,13.5,58,0,0,0,0.0,0.0,0.0
2026-05-28,4171,瑞基,17.7,17.95,17.6,17.8,112,10,0,0,13.44,86.55,100.0
2026-05-28,4172,因華,13.04,13.4,12.35,12.85,744,0,0,0,0.0,0.0,0.0
2026-05-28,4173,久裕,18.05,18.05,17.9,18.0,125,-26,0,0,0.54,99.45,100.0
2026-05-28,4174,浩鼎,28.7,28.85,28.05,28.2,557,172,0,0,6.75,93.24,100.0
2026-05-28,4175,杏一,54.1,54.1,53.7,53.7,43,-6,0,0,0.14,99.85,100.0
2026-05-28,4178,永笙-KY,18.85,18.85,18.55,18.55,280,-46,0,0,5.31,94.68,100.0
2026-05-28,4183,福永生技,12.5,13.05,12.5,13.05,18,0,0,0,0.0,99.99,100.0
2026-05-28,4186,尖端醫,10.06,10.4,9.94,10.25,139,3,0,0,0.0,0.0,0.0
2026-05-28,4188,安克,11.15,11.4,11.1,11.25,72,0,0,0,0.06,99.93,100.0
2026-05-28,4190,佐登-KY,24.4,24.4,24.1,24.2,50,-6,0,1,58.8,41.19,100.0
2026-05-28,4192,杏國,19.5,19.5,19.5,19.5,8,0,0,0,0.31,99.68,100.0
2026-05-28,4194,禾生技,7.06,7.23,6.78,7.19,86,-8,0,0,0.0,0.0,0.0
2026-05-28,4195,基米-創,16.85,17.5,16.65,16.7,554,126,0,0,0.77,99.22,100.0
2026-05-28,4197,暐世,9.82,9.8,8.98,9.3,58,0,0,0,0.0,0.0,0.0
2026-05-28,4198,欣大健康,37.1,38.9,37.0,37.0,12,1,0,0,1.17,98.82,100.0
2026-05-28,4205,中華食,72.8,72.8,72.3,72.4,52,-1,0,0,0.58,99.41,100.0
2026-05-28,4207,環泰,19.35,19.45,19.3,19.35,134,37,0,0,1.48,98.51,100.0
2026-05-28,4303,信立,47.4,48.0,46.55,47.1,673,72,0,0,2.2,97.79,100.0
2026-05-28,4304,勝昱,27.15,27.15,27.0,27.15,38,14,0,0,0.05,99.94,100.0
2026-05-28,4305,世坤,44.2,44.2,44.0,44.0,4,0,0,0,0.06,99.93,100.0
2026-05-28,4306,炎洲,13.85,13.85,13.65,13.85,1085,223,0,9,5.36,94.63,100.0
2026-05-28,4401,東隆興,13.5,13.8,13.5,13.6,88,2,0,0,1.35,98.64,100.0
2026-05-28,4402,郡都開發,11.75,11.75,11.65,11.7,111,10,0,0,2.31,97.68,100.0
2026-05-28,4406,新昕纖,0.0,0.0,0.0,0.0,0,0,0,0,0.22,99.77,100.0
2026-05-28,4413,飛寶企業,17.15,17.15,16.7,16.7,11,-1,0,0,5.74,94.25,100.0
2026-05-28,4414,如興,7.64,7.96,7.64,7.83,505,89,0,-3,26.5,73.49,100.0
2026-05-28,4416,三圓,10.8,11.25,10.8,10.8,306,45,0,0,1.75,98.24,100.0
2026-05-28,4417,金洲,45.7,46.65,45.7,45.95,167,-64,0,0,3.76,96.23,100.0
2026-05-28,4419,元勝,45.5,46.5,45.5,46.05,20,0,0,0,0.0,99.99,100.0
2026-05-28,4419,皇家美食,45.5,46.5,45.5,46.05,20,0,0,0,0.0,99.99,100.0
2026-05-28,4420,光明,38.1,38.1,37.85,37.95,93,7,0,0,0.58,99.41,100.0
2026-05-28,4426,利勤,7.69,7.95,7.57,7.72,251,51,0,17,2.34,97.65,100.0
2026-05-28,4430,耀億,17.05,17.35,16.8,17.25,119,-1,0,0,2.27,97.72,100.0
2026-05-28,4431,敏成健康,16.71,17.05,16.35,16.9,16,0,0,0,0.0,0.0,0.0
2026-05-28,4432,銘旺實,16.7,16.7,16.5,16.6,34,4,0,0,0.88,99.11,100.0
2026-05-28,4433,興采,21.9,21.9,21.45,21.55,91,-1,0,0,0.18,99.81,100.0
2026-05-28,4438,廣越,59.0,59.4,58.6,59.3,84,-6,0,-1,1.82,98.17,100.0
2026-05-28,4439,冠星-KY,92.6,92.6,91.0,91.4,9,4,0,0,61.37,38.62,100.0
2026-05-28,4440,宜新實業,17.8,17.8,17.45,17.75,51,6,0,0,0.75,99.24,100.0
2026-05-28,4441,振大環球,206.0,207.5,203.0,204.0,114,-19,0,2,1.49,98.5,100.0
2026-05-28,4442,竣邦-KY,51.0,51.0,49.6,50.1,70,-29,0,0,60.98,39.01,100.0
2026-05-28,4502,健信,15.7,15.75,15.35,15.7,45,12,0,0,4.1,95.89,100.0
2026-05-28,4503,金雨,39.1,39.55,38.05,38.5,261,-15,0,0,3.42,96.57,100.0
2026-05-28,4506,崇友,117.5,117.5,116.0,117.0,144,-25,0,0,3.19,96.8,100.0
2026-05-28,4510,高鋒,48.9,51.6,47.5,47.8,4147,-26,0,-69,4.64,95.35,100.0
2026-05-28,4513,福裕,13.95,14.3,13.95,14.1,394,199,0,0,2.29,97.7,100.0
2026-05-28,4523,永彰,28.95,29.8,28.95,29.0,469,69,0,0,2.54,97.45,100.0
2026-05-28,4526,東台,39.95,40.6,38.1,38.45,11292,998,0,-114,6.35,93.64,100.0
2026-05-28,4527,方土霖,44.95,45.3,44.85,45.1,132,-1,0,-1,1.87,98.12,100.0
2026-05-28,4528,江興鍛,15.35,15.7,15.1,15.3,121,0,0,0,0.14,99.85,100.0
2026-05-28,4529,淳紳,5.15,5.15,4.82,4.84,212,0,0,0,38.04,61.95,100.0
2026-05-28,4530,宏易,24.55,24.85,23.1,24.85,18,-1,0,-1,2.99,97.0,100.0
2026-05-28,4532,瑞智,23.75,23.8,23.2,23.2,1240,216,-31,17,17.13,82.86,100.0
2026-05-28,4533,協易機,32.2,33.1,31.7,32.0,2917,123,0,-63,5.14,94.85,100.0
2026-05-28,4534,慶騰,25.8,27.4,25.25,25.65,1228,12,0,9,1.24,98.75,100.0
2026-05-28,4535,至興,27.35,27.35,27.35,27.35,16,0,0,-4,0.09,99.9,100.0
2026-05-28,4536,拓凱,157.5,160.0,157.0,159.0,239,69,0,-1,11.34,88.65,100.0
2026-05-28,4537,旭東,166.69,166.5,163.5,165.0,99,0,0,0,0.0,0.0,0.0
2026-05-28,4538,大詠城,17.9,17.9,17.1,17.45,123,-5,0,0,0.15,99.84,100.0
2026-05-28,4540,全球傳動,67.3,68.8,65.0,65.6,5889,160,0,-5,7.65,92.34,100.0
2026-05-28,4541,晟田,45.1,45.25,43.5,44.8,1371,-46,0,0,5.56,94.43,100.0
2026-05-28,4542,科嶠,268.5,271.0,255.0,261.5,921,3,0,0,6.84,93.15,100.0
2026-05-28,4543,萬在,38.9,40.4,38.3,38.7,651,116,0,0,9.37,90.62,100.0
2026-05-28,4544,春日,14.02,14.45,13.8,14.2,23,0,0,0,0.0,0.0,0.0
2026-05-28,4545,銘鈺,37.6,40.1,37.1,38.65,1908,21,0,-5,29.03,70.96,100.0
2026-05-28,4546,長亨,96.55,100.5,95.1,99.0,56,-2,0,0,0.0,0.0,0.0
2026-05-28,4549,桓達,106.5,113.5,106.5,113.5,1860,173,0,4,2.74,97.25,100.0
2026-05-28,4550,長佳,25.3,25.3,24.9,24.95,42,3,0,0,1.53,98.46,100.0
2026-05-28,4551,智伸科,155.5,166.0,153.5,155.0,2137,62,-198,19,52.36,47.63,100.0
2026-05-28,4552,力達-KY,19.9,19.95,19.65,19.7,124,-44,0,0,42.67,57.32,100.0
2026-05-28,4553,盛復,17.6,18.1,17.7,18.1,6,0,0,0,0.0,0.0,0.0
2026-05-28,4554,橙的,30.9,30.95,30.35,30.35,103,4,0,0,24.37,75.62,100.0
2026-05-28,4555,氣立,53.9,59.0,53.9,57.8,3868,544,0,-28,2.14,97.85,100.0
2026-05-28,4556,旭然,38.65,38.9,38.0,38.2,234,-4,0,0,10.64,89.35,100.0
2026-05-28,4557,永新-KY,43.4,46.55,43.15,44.85,247,4,0,0,30.73,69.26,100.0
2026-05-28,4558,寶緯,19.7,19.85,19.35,19.65,99,4,0,0,0.26,99.73,100.0
2026-05-28,4559,久裕興,8.34,8.35,8.06,8.25,10,0,0,0,0.0,0.0,0.0
2026-05-28,4560,強信-KY,32.65,32.65,32.15,32.3,130,-9,0,-12,84.78,15.21,100.0
2026-05-28,4561,健椿,48.95,50.3,46.9,47.0,914,-2,0,0,2.84,97.15,100.0
2026-05-28,4562,穎漢,41.5,42.8,39.4,40.3,1414,30,0,0,1.61,98.38,100.0
2026-05-28,4563,百德,49.35,50.3,47.05,48.1,225,14,0,-6,1.43,98.56,100.0
2026-05-28,4564,元翎,15.35,15.6,15.1,15.2,836,-66,0,6,2.55,97.44,100.0
2026-05-28,4565,宏偉,116.83,117.5,116.0,117.0,16,-2,0,0,0.0,0.0,0.0
2026-05-28,4566,時碩工業,62.0,67.2,62.0,67.2,4646,420,0,20,2.07,97.92,100.0
2026-05-28,4568,科際精密,40.15,40.15,40.1,40.1,2,0,0,0,20.05,79.94,100.0
2026-05-28,4569,六方科-KY,180.5,186.0,174.0,179.0,167,-5,0,1,66.96,33.03,100.0
2026-05-28,4570,傑生,70.1,70.1,70.1,70.1,0,0,0,0,0.0,0.0,0.0
2026-05-28,4571,鈞興-KY,218.5,226.0,206.0,212.0,1353,177,0,-3,66.68,33.31,100.0
2026-05-28,4572,駐龍,145.0,150.5,143.5,146.0,174,18,0,0,2.02,97.97,100.0
2026-05-28,4573,高明鐵,448.29,453.0,412.0,423.5,562,8,0,0,0.0,0.0,0.0
2026-05-28,4575,銓寶,26.49,29.8,26.95,29.3,175,6,0,0,0.0,0.0,0.0
2026-05-28,4576,大銀微系統,270.5,273.5,250.5,255.5,4643,-391,0,-68,6.98,93.01,100.0
2026-05-28,4577,達航科技,128.5,129.0,116.0,116.5,1637,-48,0,1,2.42,97.57,100.0
2026-05-28,4580,捷流閥業,82.5,82.7,81.6,81.6,58,21,0,0,3.94,96.05,100.0
2026-05-28,4581,光隆精密-KY,50.4,50.5,49.65,49.65,50,10,0,-4,23.99,76.0,100.0
2026-05-28,4582,聚恆-創,26.5,27.3,25.0,25.3,1100,-98,0,0,0.74,99.25,100.0
2026-05-28,4583,台灣精銳,715.0,722.0,683.0,692.0,225,-47,0,38,1.32,98.67,100.0
2026-05-28,4584,君帆,43.1,43.2,43.1,43.2,15,0,0,0,0.03,99.96,100.0
2026-05-28,4585,達明,351.0,355.0,328.0,330.5,691,-203,0,-26,0.35,99.64,100.0
2026-05-28,4587,寶元數控,65.02,68.4,58.9,61.0,326,-11,0,0,0.0,0.0,0.0
2026-05-28,4588,玖鼎電力,56.5,57.2,55.1,55.2,132,-44,0,0,2.43,97.56,100.0
2026-05-28,4589,碩陽電機,37.23,40.3,38.1,40.3,120,4,0,0,0.0,0.0,0.0
2026-05-28,4590,富田-創,72.0,72.8,71.5,71.6,197,-56,0,0,1.58,98.41,100.0
2026-05-28,4609,唐鋒,5.28,5.72,5.28,5.72,52,0,0,0,0.0,99.99,100.0
2026-05-28,4702,中美實,9.69,9.85,9.63,9.66,166,20,0,0,43.53,56.46,100.0
2026-05-28,4706,大恭,31.5,32.0,31.25,32.0,50,2,0,0,29.46,70.53,100.0
2026-05-28,4707,磐亞,15.05,15.2,14.6,14.85,1359,66,0,1,1.17,98.82,100.0
2026-05-28,4711,永純,17.65,17.65,16.9,16.9,317,-94,0,11,1.1,98.89,100.0
2026-05-28,4714,永捷,13.65,13.85,13.35,13.45,948,-230,0,-3,2.29,97.7,100.0
2026-05-28,4716,大立,14.6,14.75,14.5,14.75,300,-43,0,0,3.33,96.66,100.0
2026-05-28,4720,德淵,26.4,26.6,25.25,25.75,6497,-1012,0,-40,5.67,94.32,100.0
2026-05-28,4721,美琪瑪,90.4,91.7,87.0,87.0,1246,-26,0,-16,9.42,90.57,100.0
2026-05-28,4722,國精化,270.5,281.0,268.0,272.0,909,-23,0,17,6.04,93.95,100.0
2026-05-28,4724,宣捷幹細胞,12.4,12.5,11.95,12.45,169,0,0,0,0.0,0.0,0.0
2026-05-28,4726,永昕,27.5,27.55,27.0,27.3,298,61,0,0,20.62,79.37,100.0
2026-05-28,4728,雙美,378.0,380.5,378.0,380.0,5,1,0,0,19.65,80.34,100.0
2026-05-28,4729,熒茂,23.95,25.35,23.95,24.7,1298,128,0,0,2.16,97.83,100.0
2026-05-28,4732,彥臣,18.97,19.05,18.4,19.05,1,0,0,0,0.0,0.0,0.0
2026-05-28,4735,豪展,30.75,30.95,30.7,30.9,19,1,0,0,0.21,99.78,100.0
2026-05-28,4736,泰博,123.0,123.0,121.5,122.0,114,-12,0,-1,5.15,94.84,100.0
2026-05-28,4737,華廣,58.7,59.9,56.6,59.9,187,-17,0,2,28.67,71.32,100.0
2026-05-28,4738,大同精化,8.1,8.19,7.71,8.1,386,0,0,0,0.0,0.0,0.0
2026-05-28,4739,康普,104.5,105.5,97.6,98.2,4862,-780,0,-145,10.27,89.72,100.0
2026-05-28,4741,泓瀚,62.6,64.4,61.2,61.9,941,42,0,1,3.04,96.95,100.0
2026-05-28,4743,合一,50.8,50.9,49.7,49.7,2845,-1177,0,6,7.12,92.87,100.0
2026-05-28,4744,皇將,34.15,35.2,34.05,34.45,294,72,0,0,4.58,95.41,100.0
2026-05-28,4745,合富-KY,16.1,16.15,15.55,15.55,186,43,0,0,8.73,91.26,100.0
2026-05-28,4746,台耀,50.5,51.2,50.1,50.3,977,-474,0,0,7.4,92.59,100.0
2026-05-28,4747,強生,56.3,57.2,55.1,56.5,49,3,0,0,0.62,99.37,100.0
2026-05-28,4749,新應材,1135.0,1180.0,1080.0,1090.0,2780,-246,-8,-65,13.92,86.07,100.0
2026-05-28,4754,國碳科,37.9,38.1,37.65,37.7,28,1,0,0,0.28,99.71,100.0
2026-05-28,4755,三福化,160.5,160.5,148.5,150.5,1771,-318,0,-5,24.72,75.27,100.0
2026-05-28,4760,勤凱,390.5,425.5,390.5,425.5,2915,-137,0,-23,18.72,81.27,100.0
2026-05-28,4763,材料*-KY,41.45,41.6,40.2,40.3,9691,-3824,0,-40,45.82,54.17,100.0
2026-05-28,4764,雙鍵,328.0,333.5,309.0,312.0,2708,-62,309,-2,28.16,71.83,100.0
2026-05-28,4765,磐采,19.67,20.1,19.2,20.05,85,0,0,0,0.0,0.0,0.0
2026-05-28,4766,南寶,368.5,368.5,354.5,356.0,1209,-447,-2,-21,14.05,85.94,100.0
2026-05-28,4767,誠泰科技,26.65,26.9,26.65,26.9,17,2,0,0,0.03,99.96,100.0
2026-05-28,4768,晶呈科技,508.0,518.0,482.0,491.0,2083,109,0,-3,8.19,91.8,100.0
2026-05-28,4770,上品,263.5,266.5,251.0,254.0,1059,72,0,3,7.26,92.73,100.0
2026-05-28,4771,望隼,199.5,201.0,195.5,198.5,415,-13,0,-8,7.02,92.97,100.0
2026-05-28,4772,台特化,305.0,312.5,297.0,299.0,2002,-50,0,-34,5.1,94.89,100.0
2026-05-28,4806,桂田文創,9.94,9.95,9.94,9.95,6,0,0,0,1.88,98.11,100.0
2026-05-28,4807,日成-KY,25.7,26.25,24.5,25.4,751,114,0,-13,66.99,33.0,100.0
2026-05-28,4903,聯光通,45.05,45.45,43.6,43.7,3696,-515,0,0,2.88,97.11,100.0
2026-05-28,4904,遠傳,93.4,94.9,93.0,93.6,10828,-3378,2894,548,21.85,26.97,49.0
2026-05-28,4905,台聯電,80.5,80.5,77.4,77.4,13,0,0,0,9.69,90.3,100.0
2026-05-28,4906,正文,46.5,49.2,46.2,47.3,53893,-2583,0,255,13.97,86.02,100.0
2026-05-28,4907,富宇,35.75,35.75,35.5,35.6,137,9,0,0,0.17,99.82,100.0
2026-05-28,4908,前鼎,260.5,260.5,234.5,239.0,4934,-541,0,-20,11.32,88.67,100.0
2026-05-28,4909,新復興,54.2,55.7,51.6,52.1,1058,-132,0,-13,8.74,91.25,100.0
2026-05-28,4911,德英,31.9,32.75,31.8,31.85,18,-4,0,0,0.3,99.69,100.0
2026-05-28,4912,聯德控股-KY,112.5,113.5,103.5,106.0,1521,-179,0,-1,25.91,74.08,100.0
2026-05-28,4915,致伸,72.2,72.6,70.6,70.7,4549,-2263,-110,-2,32.68,67.31,100.0
2026-05-28,4916,事欣科,102.0,104.5,99.8,102.5,5999,124,0,62,20.9,79.09,100.0
2026-05-28,4919,新唐,199.0,199.0,188.5,188.5,5657,818,0,308,8.67,91.32,100.0
2026-05-28,4923,力士,49.15,51.1,46.35,48.85,5909,14,0,-6,1.66,98.33,100.0
2026-05-28,4924,欣厚-KY,11.65,11.9,11.35,11.35,116,18,0,0,38.2,61.79,100.0
2026-05-28,4925,智微,169.6,178.0,165.0,169.5,315,2,0,0,0.0,0.0,0.0
2026-05-28,4927,泰鼎-KY,58.7,62.0,56.3,57.3,16223,-254,0,-21,13.68,86.31,100.0
2026-05-28,4930,燦星網,17.7,17.75,17.4,17.45,66,4,0,-14,2.16,97.83,100.0
2026-05-28,4931,新盛力,210.0,222.0,207.0,209.0,11306,-467,0,129,10.29,89.7,100.0
2026-05-28,4933,友輝,75.6,77.2,73.7,74.5,1002,304,0,0,6.54,93.45,100.0
2026-05-28,4934,太極,17.4,17.95,16.7,16.9,1460,-92,0,0,2.6,97.39,100.0
2026-05-28,4935,茂林-KY,36.55,38.15,36.55,37.2,257,19,0,5,26.84,73.15,100.0
2026-05-28,4938,和碩,82.5,84.4,82.5,83.4,16399,2574,-84,118,30.71,69.28,100.0
2026-05-28,4939,亞電,44.75,47.0,43.4,45.95,19954,1778,0,234,5.75,94.24,100.0
2026-05-28,4942,嘉彰,37.75,37.8,37.3,37.4,222,49,0,-6,6.65,93.34,100.0
2026-05-28,4943,康控-KY,8.99,8.99,8.87,8.88,29,0,0,0,15.6,84.39,100.0
2026-05-28,4946,辣椒,100.5,102.5,100.0,101.0,86,0,0,0,3.96,96.03,100.0
2026-05-28,4949,有成精密,100.0,102.0,94.0,95.5,3357,-611,0,-36,3.39,96.6,100.0
2026-05-28,4950,金耘國際,16.45,16.6,16.3,16.3,20,-10,0,0,0.07,99.92,100.0
2026-05-28,4951,精拓科,124.5,126.0,120.0,123.0,1048,171,0,0,4.85,95.14,100.0
2026-05-28,4952,凌通,54.5,55.5,52.3,53.3,2044,-166,0,-6,6.36,93.63,100.0
2026-05-28,4953,緯軟,120.0,123.5,120.0,120.0,447,112,0,1,11.29,88.7,100.0
2026-05-28,4956,光鋐,47.85,49.65,44.65,45.2,5054,128,0,6,10.96,89.03,100.0
2026-05-28,4958,臻鼎-KY,521.0,522.0,479.0,486.0,20687,239,-2618,-461,63.4,36.59,100.0
2026-05-28,4960,誠美材,33.6,34.25,31.7,31.95,9341,-439,0,-100,19.31,80.68,100.0
2026-05-28,4961,天鈺,171.5,175.0,167.0,170.0,1187,-68,19,-6,20.22,79.77,100.0
2026-05-28,4966,譜瑞-KY,897.0,922.0,830.0,845.0,3209,246,-3,-35,35.47,64.52,100.0
2026-05-28,4967,十銓,269.5,284.5,268.0,270.5,11768,2331,0,-6,7.22,92.77,100.0
2026-05-28,4968,立積,119.0,123.0,115.0,115.5,1990,-55,0,40,4.67,95.32,100.0
2026-05-28,4971,IET-KY,740.0,740.0,695.0,711.0,303,28,0,14,13.2,86.79,100.0
2026-05-28,4972,湯石照明,16.45,16.5,16.4,16.5,70,-2,0,0,2.07,97.92,100.0
2026-05-28,4973,廣穎,152.5,152.5,146.5,152.5,8787,1723,0,-16,10.32,89.67,100.0
2026-05-28,4974,亞泰,76.9,80.0,76.9,77.8,1048,254,0,0,4.96,95.03,100.0
2026-05-28,4976,佳凌,31.3,32.35,30.75,30.75,977,26,0,-4,3.84,96.15,100.0
2026-05-28,4977,眾達-KY,221.5,222.0,206.0,210.5,4731,7,0,-14,15.96,84.03,100.0
2026-05-28,4979,華星光,645.0,654.0,594.0,604.0,9770,-600,-1008,-34,12.49,87.5,100.0
2026-05-28,4980,佐臻,48.98,48.45,43.5,45.65,421,-1,0,0,0.0,0.0,0.0
2026-05-28,4989,榮科,105.0,108.0,99.7,102.5,16085,-2017,0,-7,3.81,96.18,100.0
2026-05-28,4991,環宇-KY,765.0,766.0,705.0,705.0,6947,-622,-397,4,18.53,81.46,100.0
2026-05-28,4994,傳奇,89.5,91.7,88.0,90.1,23,5,0,-1,2.68,97.31,100.0
2026-05-28,4995,晶達,44.9,44.95,44.3,44.3,36,3,0,0,0.39,99.6,100.0
2026-05-28,4999,鑫禾,19.5,20.45,19.5,19.65,141,-14,0,0,1.66,98.33,100.0
2026-05-28,5007,三星,57.8,57.8,56.8,57.6,70,20,0,0,2.94,97.05,100.0
2026-05-28,5009,榮剛,35.75,36.45,35.25,35.5,3794,1259,0,40,10.44,89.55,100.0
2026-05-28,5011,久陽,18.7,18.9,18.0,18.1,2129,44,0,0,2.97,97.02,100.0
2026-05-28,5013,強新,27.5,28.4,27.5,28.0,14,6,0,0,12.21,87.78,100.0
2026-05-28,5014,建錩,11.05,11.05,10.9,10.9,372,43,0,0,1.53,98.46,100.0
2026-05-28,5015,華祺,24.6,24.95,24.0,24.05,25,3,0,0,6.72,93.27,100.0
2026-05-28,5016,松和,25.85,26.1,25.4,25.65,89,30,0,0,0.57,99.42,100.0
2026-05-28,5201,凱衛,28.3,28.3,27.15,28.3,182,-33,0,0,8.26,91.73,100.0
2026-05-28,5202,力新,11.45,12.45,11.45,12.45,1114,191,0,1,1.38,98.61,100.0
2026-05-28,5203,訊連,65.1,65.4,63.6,64.0,221,-43,0,-3,11.68,88.31,100.0
2026-05-28,5205,中茂,23.8,23.8,21.6,23.45,11,0,0,0,0.04,99.95,100.0
2026-05-28,5206,坤悅,21.75,21.9,21.65,21.7,60,4,0,-33,6.3,93.69,100.0
2026-05-28,5209,新鼎,169.0,170.5,168.5,169.0,55,12,0,0,1.99,98.0,100.0
2026-05-28,5210,寶碩,27.3,29.8,27.2,28.85,2009,220,0,0,1.09,98.9,100.0
2026-05-28,5211,蒙恬,17.8,18.0,17.7,17.7,74,8,0,0,8.03,91.96,100.0
2026-05-28,5212,凌網,45.2,46.8,45.1,46.6,44,-2,0,0,21.75,78.24,100.0
2026-05-28,5213,亞昕,26.35,26.35,26.1,26.15,754,53,0,0,1.17,98.82,100.0
2026-05-28,5215,科嘉-KY,47.7,48.35,46.75,47.15,288,61,0,-1,25.58,74.41,100.0
2026-05-28,5220,萬達光電,23.3,23.4,23.0,23.0,87,6,0,0,0.47,99.52,100.0
2026-05-28,5222,全訊,125.5,126.5,121.0,122.5,561,-88,-1,-7,4.05,5.94,10.0
2026-05-28,5223,安力-KY,25.45,25.5,24.7,24.7,50,-9,0,0,41.94,58.05,100.0
2026-05-28,5225,東科-KY,70.6,71.1,69.7,70.2,369,35,0,-1,40.59,59.4,100.0
2026-05-28,5227,立凱-KY,24.65,25.2,24.3,24.35,159,-33,0,0,12.72,87.27,100.0
2026-05-28,5228,鈺鎧,60.0,63.2,60.0,63.2,600,15,0,9,1.78,98.21,100.0
2026-05-28,5230,雷笛克光學,17.0,17.15,16.65,16.85,125,19,0,0,1.32,98.67,100.0
2026-05-28,5234,達興材料,426.0,434.5,406.5,411.5,846,-166,0,-33,11.17,88.82,100.0
2026-05-28,5236,凌陽創新,187.0,194.0,181.0,181.5,875,139,0,0,6.5,93.49,100.0
2026-05-28,5240,建騰,25.01,25.2,24.5,25.0,12,-2,0,0,0.0,0.0,0.0
2026-05-28,5243,乙盛-KY,128.0,133.5,118.5,120.5,10693,814,0,-100,57.55,42.44,100.0
2026-05-28,5244,弘凱,39.0,39.5,38.1,38.2,465,-24,0,0,1.92,98.07,100.0
2026-05-28,5245,智晶,26.15,28.35,26.15,26.8,530,49,0,0,3.25,96.74,100.0
2026-05-28,5246,勵威,191.2,196.0,169.0,178.0,616,-4,0,0,0.0,0.0,0.0
2026-05-28,5248,景傳,45.17,44.95,42.75,43.65,154,4,0,0,0.0,0.0,0.0
2026-05-28,5251,天鉞電,26.65,27.2,26.6,26.65,103,38,0,0,28.67,71.32,100.0
2026-05-28,5254,欣訊科技,43.69,49.2,43.8,44.55,255,1,0,0,0.0,0.0,0.0
2026-05-28,5258,虹堡,52.3,53.4,50.3,51.0,1357,136,0,-1,5.15,94.84,100.0
2026-05-28,5262,立達,51.8,52.2,50.7,51.0,184,-1,0,0,0.0,0.0,0.0
2026-05-28,5263,智崴,107.5,107.5,103.0,105.0,253,4,0,0,15.25,84.74,100.0
2026-05-28,5267,龍翩,69.44,69.7,62.6,64.2,260,3,0,0,0.0,0.0,0.0
2026-05-28,5269,祥碩,1510.0,1510.0,1435.0,1440.0,1717,-89,1,-80,7.89,92.1,100.0
2026-05-28,5271,紘通,18.87,19.3,17.9,18.15,1271,0,0,0,0.0,0.0,0.0
2026-05-28,5272,笙科,22.85,23.1,22.0,22.0,332,-55,0,0,3.32,96.67,100.0
2026-05-28,5274,信驊,17825.0,19000.0,17500.0,17835.0,266,-1,2,0,53.7,46.29,100.0
2026-05-28,5276,達輝-KY,19.3,19.4,19.1,19.4,10,0,0,0,76.99,23.0,100.0
2026-05-28,5278,尚凡,22.45,22.55,22.05,22.05,294,-31,0,0,0.51,99.48,100.0
2026-05-28,5278,尚凡*,22.45,22.55,22.05,22.05,294,-31,0,0,0.51,99.48,100.0
2026-05-28,5283,禾聯碩,51.7,52.2,51.7,52.1,133,16,0,0,1.3,98.69,100.0
2026-05-28,5284,jpp-KY,478.0,480.0,453.0,460.0,3032,46,0,-35,54.93,45.06,100.0
2026-05-28,5285,界霖,88.0,96.0,87.8,90.1,5980,347,0,-25,6.12,93.87,100.0
2026-05-28,5287,數字,150.5,150.5,148.0,148.5,103,-57,0,0,16.51,83.48,100.0
2026-05-28,5288,豐祥-KY,153.5,158.5,153.5,154.0,220,62,0,-2,58.6,41.39,100.0
2026-05-28,5289,宜鼎,1685.0,1760.0,1655.0,1700.0,3905,267,247,4,23.63,76.36,100.0
2026-05-28,5291,邑昇,76.2,77.6,68.0,71.0,2514,-85,0,-59,4.4,95.59,100.0
2026-05-28,5292,華懋,225.5,234.5,225.5,231.0,480,-23,0,9,6.47,93.52,100.0
2026-05-28,5297,廣化,134.8,134.0,122.5,126.5,911,6,0,0,0.0,0.0,0.0
2026-05-28,5299,杰力,118.0,122.5,115.5,119.0,1496,-76,0,0,2.54,97.45,100.0
2026-05-28,5301,寶得利,6.71,6.92,6.71,6.9,9,0,0,0,2.09,97.9,100.0
2026-05-28,5302,太欣,10.05,10.95,10.0,10.95,1351,288,0,2,0.9,99.09,100.0
2026-05-28,5306,桂盟,83.2,83.2,82.2,82.6,155,35,0,0,12.51,87.48,100.0
2026-05-28,5309,系統電,68.6,70.8,66.7,67.1,9927,-340,0,-227,10.11,89.88,100.0
2026-05-28,5310,天剛,23.25,24.15,23.0,23.0,34,0,0,0,0.06,99.93,100.0
2026-05-28,5312,寶島科,94.0,94.0,93.5,93.8,57,29,0,0,7.78,92.21,100.0
2026-05-28,5314,世紀*,62.9,63.0,61.2,61.2,3103,-14,0,1,12.66,87.33,100.0
2026-05-28,5315,光聯,21.95,22.15,21.9,21.9,521,34,0,0,8.92,91.07,100.0
2026-05-28,5321,美而快,56.8,56.8,49.0,49.0,1577,3,0,6,1.5,98.49,100.0
2026-05-28,5324,士開,11.85,11.95,11.7,11.8,86,-24,0,0,5.22,94.77,100.0
2026-05-28,5328,華容,35.8,39.0,35.7,36.0,42024,236,0,164,6.34,93.65,100.0
2026-05-28,5340,建榮,103.0,105.0,99.9,100.0,3500,-69,0,-5,49.46,50.53,100.0
2026-05-28,5344,立衛,15.7,15.7,15.25,15.3,108,-1,0,0,0.14,99.85,100.0
2026-05-28,5345,天揚,19.1,20.45,19.1,20.45,107,11,0,0,0.03,99.96,100.0
2026-05-28,5345,馥鴻,19.1,20.45,19.1,20.45,107,11,0,0,0.03,99.96,100.0
2026-05-28,5347,世界,167.5,170.5,160.0,161.5,31394,-2303,289,-587,28.47,71.52,100.0
2026-05-28,5348,正能量智能,15.3,15.3,15.25,15.3,39,0,0,0,0.02,99.97,100.0
2026-05-28,5351,鈺創,83.3,87.4,82.3,82.6,30235,4765,0,9,20.16,79.83,100.0
2026-05-28,5353,台林,27.2,27.25,26.75,26.95,111,30,0,0,0.61,99.38,100.0
2026-05-28,5355,佳總,6.3,6.46,6.0,6.42,181,9,0,0,0.19,99.8,100.0
2026-05-28,5356,協益,27.0,27.0,26.9,27.0,69,3,0,0,3.29,96.7,100.0
2026-05-28,5364,力麗店,8.69,8.87,8.66,8.74,136,37,0,0,0.58,99.41,100.0
2026-05-28,5371,中光電,72.0,73.4,70.0,70.1,4063,435,0,18,19.67,80.32,100.0
2026-05-28,5381,光譜,26.25,26.6,25.2,25.2,1515,-104,0,0,0.9,99.09,100.0
2026-05-28,5386,青雲,585.0,628.0,568.0,575.0,4187,24,0,-12,3.72,96.27,100.0
2026-05-28,5388,中磊,84.6,87.5,83.9,84.7,5807,1697,0,114,20.13,79.83,100.0
2026-05-28,5392,能率,41.4,42.7,40.0,40.5,3868,-264,0,-9,10.23,89.76,100.0
2026-05-28,5398,慕康生醫,17.1,17.1,16.8,17.05,82,3,0,0,5.51,94.48,100.0
2026-05-28,5403,中菲,84.6,85.1,84.5,85.0,138,51,0,0,6.15,93.84,100.0
2026-05-28,5410,國眾,38.15,39.25,38.15,39.0,1127,372,0,-2,10.02,89.97,100.0
2026-05-28,5425,台半,104.5,114.5,102.5,114.5,67465,7260,1,434,22.78,77.21,100.0
2026-05-28,5426,振發,18.5,18.9,18.45,18.65,351,119,0,0,2.49,97.5,100.0
2026-05-28,5432,新門,137.0,140.5,134.0,134.5,85,-14,0,0,0.84,99.15,100.0
2026-05-28,5434,崇越,472.5,472.5,446.5,450.5,1192,-186,-1,-24,31.16,68.83,100.0
2026-05-28,5438,東友,19.35,19.65,19.05,19.05,110,-5,0,0,1.06,98.93,100.0
2026-05-28,5439,高技,388.5,389.0,368.0,370.0,2755,-419,0,-98,19.08,80.91,100.0
2026-05-28,5443,均豪,127.0,130.5,121.0,122.0,5557,-156,0,-125,8.87,91.12,100.0
2026-05-28,5450,寶聯通,12.65,12.7,12.5,12.6,46,1,0,0,0.12,99.87,100.0
2026-05-28,5450,南良,12.65,12.7,12.5,12.6,46,1,0,0,0.12,99.87,100.0
2026-05-28,5452,佶優,32.85,34.0,32.0,32.35,1952,-137,0,-9,16.19,83.8,100.0
2026-05-28,5455,昇益,22.55,23.4,22.55,23.4,5,-2,0,0,0.1,99.89,100.0
2026-05-28,5457,宣德,29.75,30.2,29.0,29.3,698,-206,0,-3,28.0,71.99,100.0
2026-05-28,5460,同協,15.0,15.05,14.9,15.0,67,-9,0,0,0.36,99.63,100.0
2026-05-28,5464,霖宏,70.0,78.2,69.0,75.5,4526,412,0,20,4.63,95.36,100.0
2026-05-28,5465,富驊,27.1,27.75,25.85,26.0,476,-110,0,-2,2.27,97.72,100.0
2026-05-28,5468,凱鈺,17.3,17.4,17.2,17.3,37,1,0,0,0.18,99.81,100.0
2026-05-28,5469,瀚宇博,88.0,88.5,83.5,84.0,7004,-2252,0,39,11.29,88.7,100.0
2026-05-28,5471,松翰,58.2,58.2,54.1,55.6,16326,-5042,0,-24,10.95,89.04,100.0
2026-05-28,5474,聰泰,165.0,167.5,159.0,164.0,286,8,0,-1,2.04,97.95,100.0
2026-05-28,5475,德宏,285.0,286.0,262.5,266.5,4238,146,0,-18,5.34,94.65,100.0
2026-05-28,5478,智冠,97.4,99.8,97.0,99.8,170,6,0,0,17.89,82.1,100.0
2026-05-28,5481,新華,19.1,19.15,18.0,18.3,164,-33,0,0,25.72,74.27,100.0
2026-05-28,5483,中美晶,161.0,170.0,159.0,160.5,31245,5450,109,157,23.41,76.58,100.0
2026-05-28,5484,慧友,49.7,51.0,46.5,46.85,1713,5,0,0,2.09,97.9,100.0
2026-05-28,5487,通泰,27.45,27.8,27.05,27.05,72,2,0,0,0.6,99.39,100.0
2026-05-28,5488,松普,12.0,12.0,11.5,11.5,465,62,0,0,1.82,98.17,100.0
2026-05-28,5489,彩富,39.4,39.4,39.0,39.0,75,-13,0,0,1.37,98.62,100.0
2026-05-28,5490,同亨,28.9,29.45,28.7,28.95,450,109,0,0,7.39,92.6,100.0
2026-05-28,5493,三聯,90.2,92.8,88.0,88.6,286,13,0,0,2.51,97.48,100.0
2026-05-28,5498,凱崴,69.2,69.2,65.6,65.7,5947,1,0,-20,3.21,96.78,100.0
2026-05-28,5508,永信建,46.8,46.85,46.0,46.05,877,-227,0,-17,3.32,96.67,100.0
2026-05-28,5511,德昌,71.7,71.8,71.3,71.3,96,-29,0,0,4.16,95.83,100.0
2026-05-28,5512,力麒,6.91,7.1,6.91,6.98,2205,52,0,-1,4.85,95.14,100.0
2026-05-28,5514,三豐,14.55,15.2,14.2,14.45,192,6,0,0,0.02,99.97,100.0
2026-05-28,5515,建國,41.2,41.2,40.15,40.6,419,38,-2,5,12.39,87.6,100.0
2026-05-28,5516,雙喜,10.55,10.55,10.15,10.25,15,-2,0,0,0.06,99.93,100.0
2026-05-28,5519,隆大,32.1,32.25,32.0,32.0,544,-45,0,-1,4.25,95.74,100.0
2026-05-28,5520,力泰,82.5,82.5,82.2,82.4,3,-1,0,0,0.03,99.96,100.0
2026-05-28,5521,工信,10.35,10.4,10.15,10.15,4119,-265,0,-3,7.4,92.59,100.0
2026-05-28,5522,遠雄,71.5,72.7,70.8,72.0,1327,602,-1,25,4.52,95.47,100.0
2026-05-28,5523,豐謙,30.35,30.5,30.25,30.45,46,1,0,0,0.13,99.86,100.0
2026-05-28,5525,順天,21.0,21.1,20.65,21.1,211,14,0,-4,1.67,98.32,100.0
2026-05-28,5529,鉅陞,22.7,22.75,21.75,21.95,197,123,0,0,0.67,99.32,100.0
2026-05-28,5530,龍巖,46.75,46.85,45.95,46.0,559,-54,0,0,54.13,45.86,100.0
2026-05-28,5531,鄉林,7.75,7.75,7.58,7.64,717,328,0,0,2.55,97.44,100.0
2026-05-28,5533,皇鼎,14.0,14.0,13.8,13.95,39,14,0,0,2.69,97.3,100.0
2026-05-28,5534,長虹,75.0,75.5,74.5,74.6,746,-113,-58,-4,8.95,91.04,100.0
2026-05-28,5536,聖暉*,1110.0,1110.0,1030.0,1035.0,2693,-510,920,-84,37.61,62.38,100.0
2026-05-28,5538,東明-KY,35.75,35.75,34.65,34.95,45,14,0,0,63.81,36.18,100.0
2026-05-28,5543,桓鼎-KY,30.95,30.95,29.65,30.15,19,-1,0,0,0.02,99.97,100.0
2026-05-28,5546,永固-KY,16.25,16.6,16.2,16.6,22,6,0,0,53.7,46.29,100.0
2026-05-28,5547,久舜,21.75,21.8,21.65,21.75,12,0,0,0,0.16,99.83,100.0
2026-05-28,5548,安倉,23.3,23.35,23.25,23.25,49,-4,0,0,0.22,99.77,100.0
2026-05-28,5601,台聯櫃,33.5,33.5,31.95,32.0,45,-3,0,0,4.42,95.57,100.0
2026-05-28,5603,陸海,15.15,15.15,15.0,15.15,278,5,0,0,5.02,94.97,100.0
2026-05-28,5604,中連貨,31.4,31.9,31.0,31.0,33,-5,0,0,3.04,96.95,100.0
2026-05-28,5604,中連,31.4,31.9,31.0,31.0,33,-5,0,0,3.04,96.95,100.0
2026-05-28,5607,遠雄港,50.2,50.3,49.0,49.5,603,59,0,8,3.07,96.92,100.0
2026-05-28,5608,四維航,14.55,14.6,14.3,14.3,1144,191,0,0,5.07,42.42,47.5
2026-05-28,5609,中菲行,80.8,81.1,80.2,80.4,228,30,0,10,14.53,85.46,100.0
2026-05-28,5701,劍湖山,3.27,3.64,3.27,3.64,363,0,0,0,0.0,99.99,100.0
2026-05-28,5703,亞都,14.1,14.1,13.25,13.7,13,0,0,0,6.62,93.37,100.0
2026-05-28,5704,老爺知,21.5,21.5,21.0,21.35,42,-1,0,0,0.17,99.82,100.0
2026-05-28,5706,鳳凰,49.9,50.5,49.75,50.1,244,63,0,-1,1.47,98.52,100.0
2026-05-28,5859,遠壽,13.61,13.85,13.45,13.65,122,12,0,0,0.0,0.0,0.0
2026-05-28,5863,瑞興銀,10.85,11.0,10.6,10.9,22,0,0,0,0.0,0.0,0.0
2026-05-28,5864,致和證,38.95,40.7,37.7,39.85,21291,3238,0,0,6.52,93.47,100.0
2026-05-28,5871,中租-KY,108.5,110.5,107.0,107.0,13675,-2326,1452,12,45.66,54.33,100.0
2026-05-28,5876,上海商銀,39.7,39.7,38.65,38.65,16133,-10485,2426,18,53.54,46.45,100.0
2026-05-28,5878,台名,41.1,41.2,41.0,41.2,13,0,0,0,0.59,99.4,100.0
2026-05-28,5880,合庫金,22.75,22.8,22.6,22.7,21036,-5778,81,192,15.1,84.89,100.0
2026-05-28,5902,德記,36.55,36.55,34.0,35.0,569,18,0,0,1.2,98.79,100.0
2026-05-28,5903,全家,187.5,187.5,186.5,186.5,47,-19,0,0,50.92,49.07,100.0
2026-05-28,5904,寶雅,555.0,563.0,552.0,557.0,206,62,-10,3,28.83,71.16,100.0
2026-05-28,5905,南仁湖,7.83,8.0,7.77,7.8,618,31,0,0,1.29,98.7,100.0
2026-05-28,5906,台南-KY,45.5,49.3,45.5,46.5,4,0,0,0,19.36,80.63,100.0
2026-05-28,5907,大洋-KY,5.03,5.1,4.91,4.96,414,-5,0,0,52.04,47.95,100.0
2026-05-28,6005,群益證,35.85,37.2,35.05,36.0,25048,6213,-92,0,17.39,82.6,100.0
2026-05-28,6015,宏遠證,18.3,18.5,17.6,18.0,13255,-353,0,0,9.05,90.94,100.0
2026-05-28,6016,康和證,27.85,27.85,26.25,26.95,33642,89,0,0,12.07,87.92,100.0
2026-05-28,6020,大展證,23.8,24.2,23.0,23.35,146,-7,0,0,0.01,99.98,100.0
2026-05-28,6021,美好證,35.4,35.85,34.25,35.35,761,64,0,0,7.54,92.45,100.0
2026-05-28,6023,元大期,99.4,99.8,98.6,99.1,156,59,0,0,1.97,98.02,100.0
2026-05-28,6024,群益期,57.1,57.2,56.2,56.5,413,21,0,0,3.92,96.07,100.0
2026-05-28,6026,福邦證,16.7,16.8,16.2,16.25,6776,702,0,0,6.51,93.48,100.0
2026-05-28,6027,德信,12.56,13.0,11.5,12.6,171,5,0,0,0.0,0.0,0.0
2026-05-28,6028,公勝保經,78.6,79.5,78.6,79.1,27,0,0,0,0.65,99.34,100.0
2026-05-28,6035,悠遊卡,51.51,52.2,49.9,52.2,6,1,0,0,0.0,0.0,0.0
2026-05-28,6101,寬魚國際,40.6,40.6,38.8,39.6,156,-22,0,-4,0.38,99.61,100.0
2026-05-28,6103,合邦,35.15,37.0,35.15,37.0,3,0,0,0,0.71,99.28,100.0
2026-05-28,6104,創惟,99.0,102.0,96.8,97.7,1665,-217,0,-22,11.6,88.39,100.0
2026-05-28,6108,競國,19.8,21.4,19.75,20.15,3552,-720,0,-14,4.07,95.92,100.0
2026-05-28,6109,亞元,10.65,10.9,10.6,10.7,302,-19,0,0,1.89,98.1,100.0
2026-05-28,6111,光聚晶電,45.1,46.0,44.3,44.3,453,-24,0,0,10.3,89.69,100.0
2026-05-28,6112,邁達特,42.2,42.8,41.6,41.9,622,19,0,-3,0.95,99.04,100.0
2026-05-28,6113,亞矽,27.0,27.9,26.2,26.2,583,76,0,0,3.25,96.74,100.0
2026-05-28,6114,久威,31.9,31.9,30.0,30.3,112,-3,0,0,0.78,99.21,100.0
2026-05-28,6115,鎰勝,47.2,47.6,47.2,47.6,167,65,0,-1,5.5,94.49,100.0
2026-05-28,6116,彩晶,14.7,15.95,14.5,15.55,326422,6246,0,345,7.35,92.64,100.0
2026-05-28,6117,迎廣,85.2,85.8,82.5,82.6,1734,6,0,-31,2.01,97.98,100.0
2026-05-28,6118,建達,18.0,18.15,17.4,17.45,463,-114,0,0,1.39,98.6,100.0
2026-05-28,6120,達運,13.95,14.6,13.65,13.75,5365,426,0,-154,8.56,91.43,100.0
2026-05-28,6121,新普,398.0,400.0,387.0,387.5,983,329,-35,-2,37.26,62.73,100.0
2026-05-28,6122,擎邦,47.0,47.2,46.35,46.35,310,-5,0,-9,4.53,95.46,100.0
2026-05-28,6123,上奇,42.85,43.3,42.6,43.1,93,-18,0,0,2.57,97.42,100.0
2026-05-28,6124,業強,29.75,30.1,28.8,28.8,129,-16,0,0,50.94,49.05,100.0
2026-05-28,6125,廣運,67.0,69.5,64.9,65.6,4065,-247,0,-22,9.85,90.14,100.0
2026-05-28,6126,信音,35.4,36.45,35.2,35.35,2169,1005,0,1,4.43,95.56,100.0
2026-05-28,6127,九豪,57.5,62.5,57.5,61.2,43758,7571,0,81,16.2,83.79,100.0
2026-05-28,6128,上福,19.45,19.5,19.0,19.35,168,-16,0,-1,4.38,95.61,100.0
2026-05-28,6129,普誠,15.35,15.9,15.0,15.1,833,-72,0,-22,2.69,97.3,100.0
2026-05-28,6130,上亞科技,22.1,22.65,21.95,22.05,141,-27,0,0,0.47,99.52,100.0
2026-05-28,6133,金橋,23.5,23.75,22.65,22.95,1431,139,0,1,2.12,97.87,100.0
2026-05-28,6134,萬旭,34.2,35.8,32.85,32.95,3765,556,0,0,26.62,73.37,100.0
2026-05-28,6136,富爾特,25.65,25.9,25.4,25.6,406,-28,0,-12,3.65,96.34,100.0
2026-05-28,6138,茂達,361.0,365.5,331.0,343.0,1981,3,0,-28,17.2,82.79,100.0
2026-05-28,6139,亞翔,816.0,816.0,765.0,772.0,5377,-1112,107,-108,29.71,70.28,100.0
2026-05-28,6140,訊達,19.55,19.7,19.0,19.0,184,2,0,0,1.65,98.34,100.0
2026-05-28,6141,柏承,41.95,43.2,41.9,43.2,4189,617,0,11,4.77,95.22,100.0
2026-05-28,6142,友勁,8.0,8.39,8.0,8.15,952,-20,0,-1,2.49,97.5,100.0
2026-05-28,6143,振曜,101.0,104.0,99.7,101.5,2729,751,0,17,10.75,89.24,100.0
2026-05-28,6144,得利影,14.55,14.85,14.2,14.5,4,0,0,0,33.4,66.59,100.0
2026-05-28,6146,耕興,226.0,235.0,224.0,227.5,2096,-43,0,2,30.52,69.47,100.0
2026-05-28,6147,頎邦,267.5,291.5,261.5,278.0,97570,-1700,4153,-502,23.61,76.38,100.0
2026-05-28,6148,驊宏資,28.8,29.45,28.5,28.6,349,76,0,0,2.86,97.13,100.0
2026-05-28,6150,撼訊,67.0,69.1,67.0,68.0,713,91,0,97,6.22,93.77,100.0
2026-05-28,6151,晉倫,44.7,46.5,43.0,43.1,2016,35,0,-10,4.9,95.09,100.0
2026-05-28,6152,百一,15.0,15.35,14.95,15.0,1611,-185,0,19,1.66,98.33,100.0
2026-05-28,6153,嘉聯益,18.6,19.0,17.4,17.6,6356,-1341,0,-39,11.57,88.42,100.0
2026-05-28,6154,順發,13.35,13.45,13.25,13.45,41,1,0,0,0.71,99.28,100.0
2026-05-28,6155,鈞寶,58.5,64.5,58.5,64.5,12195,368,0,3,9.85,90.14,100.0
2026-05-28,6156,松上,18.65,18.85,18.2,18.2,729,32,0,0,4.8,95.19,100.0
2026-05-28,6158,禾昌,17.85,17.9,17.6,17.6,68,-8,0,0,0.7,99.29,100.0
2026-05-28,6160,欣技,16.25,16.8,16.0,16.15,229,11,0,0,3.99,96.0,100.0
2026-05-28,6161,捷波,60.6,62.5,58.8,60.2,1449,-309,0,3,2.82,97.17,100.0
2026-05-28,6163,華電網,50.2,50.9,48.0,48.2,3422,-528,0,-53,2.87,97.12,100.0
2026-05-28,6164,華興,12.2,12.45,12.1,12.15,589,80,0,2,4.86,95.13,100.0
2026-05-28,6165,浪凡,48.3,49.0,47.8,48.2,383,62,0,-2,17.71,82.28,100.0
2026-05-28,6166,凌華,140.5,145.0,128.5,129.5,4569,568,0,-8,20.22,79.77,100.0
2026-05-28,6167,久正,11.9,12.1,11.5,11.5,968,-157,0,0,4.61,95.38,100.0
2026-05-28,6168,宏齊,28.0,29.15,27.15,27.4,5333,-548,0,2,3.78,96.21,100.0
2026-05-28,6169,昱泉,14.15,14.2,13.75,13.85,27,0,0,0,0.16,99.83,100.0
2026-05-28,6170,統振,50.2,50.9,50.1,50.5,273,82,0,0,2.66,97.33,100.0
2026-05-28,6171,大城地產,23.65,23.65,23.3,23.4,124,-4,0,0,0.16,99.83,100.0
2026-05-28,6173,信昌電,218.5,240.0,214.5,219.5,2138,-29,0,79,24.8,75.19,100.0
2026-05-28,6174,安碁,46.65,51.2,46.0,46.55,6928,0,0,0,4.18,95.81,100.0
2026-05-28,6175,立敦,96.2,107.0,96.1,107.0,16962,3359,0,29,24.19,75.8,100.0
2026-05-28,6176,瑞儀,102.0,105.0,101.5,102.0,5255,153,-104,-193,24.11,75.88,100.0
2026-05-28,6177,達麗,42.55,42.55,41.7,41.8,1953,70,-270,-43,6.44,93.55,100.0
2026-05-28,6179,亞通,23.8,24.15,23.5,23.65,1462,200,0,-4,4.88,95.11,100.0
2026-05-28,6180,橘子,39.9,39.9,39.1,39.35,647,-265,0,-1,22.9,77.09,100.0
2026-05-28,6182,合晶,90.2,99.2,89.5,90.7,17287,-2877,0,-49,21.34,78.65,100.0
2026-05-28,6183,關貿,91.4,91.5,90.9,91.1,30,8,0,1,1.04,98.95,100.0
2026-05-28,6184,大豐電,45.95,46.0,45.6,45.9,72,7,0,0,2.76,16.23,19.0
2026-05-28,6185,幃翔,13.9,13.9,13.65,13.65,200,22,0,0,1.92,98.07,100.0
2026-05-28,6186,新潤,39.7,39.7,39.1,39.15,597,66,0,0,2.32,97.67,100.0
2026-05-28,6187,萬潤,1180.0,1240.0,1180.0,1240.0,4553,-1374,-1,188,29.0,70.99,100.0
2026-05-28,6188,廣明,84.0,85.2,81.5,81.8,2503,-606,0,-22,9.11,90.88,100.0
2026-05-28,6189,豐藝,50.1,51.3,49.85,50.1,1293,545,-25,-5,8.33,91.66,100.0
2026-05-28,6190,萬泰科,82.0,88.0,81.5,85.9,19265,-1421,0,-65,11.34,88.65,100.0
2026-05-28,6191,精成科,100.0,102.5,96.2,97.1,17921,-4194,0,5,4.41,95.58,100.0
2026-05-28,6192,巨路,128.0,129.5,125.5,128.0,404,109,0,-2,25.61,74.38,100.0
2026-05-28,6194,育富,34.5,34.85,34.3,34.55,98,17,0,0,2.73,97.26,100.0
2026-05-28,6195,詩肯,26.0,26.5,26.0,26.1,30,3,0,0,45.02,54.97,100.0
2026-05-28,6196,帆宣,510.0,527.0,492.0,496.0,3671,177,5,5,17.07,82.92,100.0
2026-05-28,6197,佳必琪,287.0,296.5,274.0,282.5,8131,-1128,0,-98,8.32,91.67,100.0
2026-05-28,6198,瑞築,0.0,0.0,0.0,0.0,0,0,0,0,0.04,99.95,100.0
2026-05-28,6199,天品,94.5,96.3,92.4,92.4,516,-13,0,-8,5.58,94.41,100.0
2026-05-28,6201,亞弘電,47.8,48.5,47.8,48.45,28,-1,0,0,1.13,98.86,100.0
2026-05-28,6202,盛群,61.1,61.5,58.2,59.1,5027,50,0,2,12.64,87.35,100.0
2026-05-28,6203,海韻電,71.2,72.1,70.1,70.4,359,60,0,0,3.02,96.97,100.0
2026-05-28,6204,艾華,92.0,96.1,88.5,91.5,1292,-143,0,0,1.66,98.33,100.0
2026-05-28,6205,詮欣,81.5,81.7,76.4,77.0,1834,111,0,2,1.58,98.41,100.0
2026-05-28,6206,飛捷,141.0,145.0,136.0,138.5,3201,367,-6,18,15.75,84.24,100.0
2026-05-28,6207,雷科,104.0,109.5,102.0,105.0,19450,-1761,0,2,11.44,88.55,100.0
2026-05-28,6208,日揚,93.7,96.2,91.7,93.1,1272,33,0,0,2.32,97.67,100.0
2026-05-28,6209,今國光,82.5,84.4,79.4,80.7,13577,-1276,0,6,7.15,92.84,100.0
2026-05-28,6210,慶生,20.65,21.3,20.55,21.05,74,6,0,0,0.25,99.74,100.0
2026-05-28,6212,理銘,27.15,28.15,27.15,27.9,15,-2,0,0,0.47,99.52,100.0
2026-05-28,6213,聯茂,285.0,297.0,258.0,261.0,32386,-7693,0,-307,10.99,88.97,100.0
2026-05-28,6214,精誠,130.5,131.5,128.5,129.0,2323,240,0,18,12.39,87.6,100.0
2026-05-28,6215,和椿,130.5,133.0,123.0,124.5,3489,257,0,-25,9.75,90.24,100.0
2026-05-28,6216,居易,22.2,22.6,22.2,22.35,591,42,0,-1,2.91,97.08,100.0
2026-05-28,6217,中探針,271.0,285.0,271.0,275.0,1250,-41,0,31,18.92,81.07,100.0
2026-05-28,6218,豪勉,42.5,43.9,39.5,39.5,7148,-291,0,-16,2.49,97.5,100.0
2026-05-28,6219,富旺,11.9,11.95,11.55,11.75,390,11,0,0,1.57,98.42,100.0
2026-05-28,6220,岳豐,35.0,35.0,32.6,33.05,2254,-473,0,-15,4.08,95.91,100.0
2026-05-28,6221,晉泰,22.9,23.2,22.7,23.1,167,66,0,0,1.2,98.79,100.0
2026-05-28,6222,立軒,20.7,20.7,20.6,20.7,12,0,0,0,0.12,99.87,100.0
2026-05-28,6223,旺矽,6390.0,6450.0,5855.0,5915.0,1128,-116,-30,-13,29.58,70.41,100.0
2026-05-28,6224,聚鼎,85.1,88.7,85.1,88.7,4860,1164,0,24,5.8,94.19,100.0
2026-05-28,6225,天瀚,26.9,26.95,25.2,26.0,28,0,0,0,0.04,99.95,100.0
2026-05-28,6226,光鼎,13.3,14.05,12.95,13.05,2577,173,0,0,2.47,97.52,100.0
2026-05-28,6227,茂綸,128.0,136.0,127.0,130.5,4802,719,0,47,6.78,93.21,100.0
2026-05-28,6228,全譜,21.6,21.6,21.0,21.0,12,0,0,0,0.18,99.81,100.0
2026-05-28,6229,研通,26.95,27.3,26.3,26.5,164,26,0,0,1.73,98.26,100.0
2026-05-28,6230,尼得科超眾,137.0,139.0,132.0,134.0,125,3,0,-1,86.97,13.02,100.0
2026-05-28,6231,系微,296.5,306.0,287.5,290.0,868,127,0,-23,13.27,86.72,100.0
2026-05-28,6233,旺玖,25.5,26.0,25.0,25.0,369,-27,0,0,5.97,94.02,100.0
2026-05-28,6234,高僑,54.1,54.9,50.0,51.2,4497,-352,0,-21,10.15,89.84,100.0
2026-05-28,6235,華孚,40.0,43.85,40.0,43.85,2461,124,0,12,4.32,95.67,100.0
2026-05-28,6236,中湛,0.0,0.0,0.0,0.0,0,0,0,0,0.02,99.97,100.0
2026-05-28,6237,驊訊,51.1,53.0,50.4,52.0,1733,203,0,-5,11.75,88.24,100.0
2026-05-28,6239,力成,343.5,374.5,341.5,357.5,83839,9558,-1044,121,36.0,63.99,100.0
2026-05-28,6240,松崗,18.15,18.35,17.75,17.85,34,12,0,0,0.33,99.66,100.0
2026-05-28,6241,鑫永洋,10.1,10.2,10.0,10.0,180,6,0,0,0.17,99.82,100.0
2026-05-28,6242,立康,38.2,38.4,38.15,38.15,25,0,0,0,0.49,99.5,100.0
2026-05-28,6243,迅杰,34.65,35.05,33.25,33.7,286,-83,0,0,2.68,97.31,100.0
2026-05-28,6244,茂迪,29.4,31.2,29.35,30.1,15455,3940,0,294,19.83,80.16,100.0
2026-05-28,6245,立端,91.3,92.3,86.1,86.1,2381,-58,1,-14,13.63,86.36,100.0
2026-05-28,6246,臺龍,15.75,16.05,15.5,15.5,72,4,0,0,0.19,99.8,100.0
2026-05-28,6248,沛波,18.4,18.5,18.3,18.35,109,20,0,0,0.79,99.2,100.0
2026-05-28,6257,矽格,233.5,240.5,228.0,229.0,12607,854,-74,-145,29.04,70.95,100.0
2026-05-28,6259,百徽,26.65,28.8,26.65,27.0,1458,101,0,0,39.41,60.58,100.0
2026-05-28,6261,久元,119.0,123.0,117.5,118.0,4039,853,0,122,6.05,93.94,100.0
2026-05-28,6263,普萊德,183.5,185.0,177.0,177.0,310,-3,0,-33,1.67,98.32,100.0
2026-05-28,6264,富裔,6.08,6.12,5.93,6.09,35,0,0,0,0.02,99.97,100.0
2026-05-28,6265,方土昶,55.0,57.8,52.8,53.8,14652,303,0,23,10.38,89.61,100.0
2026-05-28,6266,泰詠,27.45,28.8,27.35,28.15,1005,121,0,0,2.18,97.81,100.0
2026-05-28,6269,台郡,63.0,64.0,60.5,60.8,3752,-707,0,-52,17.67,82.32,100.0
2026-05-28,6270,倍微,27.25,27.85,26.65,27.05,631,73,0,0,3.9,96.09,100.0
2026-05-28,6271,同欣電,252.5,256.0,243.5,244.5,5491,-172,0,-102,32.57,67.42,100.0
2026-05-28,6272,驊陞,34.2,35.0,34.05,34.2,488,-105,0,0,3.46,96.53,100.0
2026-05-28,6274,台燿,1615.0,1695.0,1525.0,1540.0,8948,-790,1213,-185,37.69,62.3,100.0
2026-05-28,6275,元山,47.85,48.5,47.65,47.95,540,60,0,-1,2.07,97.92,100.0
2026-05-28,6276,安鈦克,26.75,27.5,26.55,26.95,122,21,0,0,1.7,98.29,100.0
2026-05-28,6277,宏正,75.9,77.1,75.1,76.0,445,258,0,0,8.59,91.4,100.0
2026-05-28,6278,台表科,234.5,238.5,220.5,222.5,13777,-84,-142,-1067,17.7,82.29,100.0
2026-05-28,6279,胡連,119.0,127.5,119.0,122.5,3133,-16,-14,7,4.31,95.68,100.0
2026-05-28,6281,全國電,50.5,51.5,50.4,50.7,268,136,0,0,2.23,97.76,100.0
2026-05-28,6282,康舒,59.8,61.4,56.8,57.7,52796,3870,0,-910,20.21,79.78,100.0
2026-05-28,6283,淳安,23.5,24.2,23.45,23.7,366,88,0,-7,18.55,81.44,100.0
2026-05-28,6284,佳邦,122.0,124.0,122.0,124.0,5469,642,0,88,17.73,82.26,100.0
2026-05-28,6285,啟碁,324.0,336.5,302.0,304.0,30735,-574,20,-166,24.93,75.06,100.0
2026-05-28,6290,良維,335.0,361.0,330.5,336.0,13623,1979,0,-211,19.02,80.97,100.0
2026-05-28,6291,沛亨,650.0,697.0,621.0,654.0,7232,211,517,-17,3.99,96.0,100.0
2026-05-28,6292,迅德,68.7,68.7,67.1,68.7,2913,-104,0,1,1.82,98.17,100.0
2026-05-28,6294,智基,27.7,27.7,27.0,27.5,41,3,0,0,0.45,99.54,100.0
2026-05-28,6405,悅城,79.6,89.1,76.0,76.9,8799,162,0,-9,5.24,94.75,100.0
2026-05-28,6407,相互,36.58,35.85,33.4,33.65,1387,-15,0,0,0.0,0.0,0.0
2026-05-28,6409,旭隼,718.0,731.0,692.0,699.0,1345,-52,0,-20,50.81,49.18,100.0
2026-05-28,6411,晶焱,101.0,111.0,100.5,111.0,8898,1266,0,37,9.78,90.21,100.0
2026-05-28,6412,群電,100.5,103.0,98.2,98.8,2605,384,0,5,4.79,95.2,100.0
2026-05-28,6414,樺漢,360.0,365.0,350.0,352.5,1301,177,-2,-54,34.82,65.17,100.0
2026-05-28,6415,矽力*-KY,667.0,680.0,600.0,620.0,11838,-222,-843,-204,80.54,19.45,100.0
2026-05-28,6416,瑞祺電通,92.8,94.4,87.8,88.6,751,-181,0,0,4.8,95.19,100.0
2026-05-28,6417,韋僑,145.5,152.5,141.5,146.0,470,11,0,-13,10.59,89.4,100.0
2026-05-28,6418,詠昇,29.75,30.25,29.75,30.2,132,-9,0,0,3.24,96.75,100.0
2026-05-28,6419,京晨科,146.0,147.5,140.0,140.0,627,51,0,0,9.83,90.16,100.0
2026-05-28,6423,億而得-創,99.5,101.5,93.9,94.6,192,-19,0,0,4.21,95.78,100.0
2026-05-28,6423,億而得,99.5,101.5,93.9,94.6,192,-19,0,0,4.21,95.78,100.0
2026-05-28,6425,易發,100.0,101.0,93.5,95.0,5940,-215,0,0,4.98,95.01,100.0
2026-05-28,6426,統新,279.0,282.5,258.5,260.5,1793,-200,0,0,8.31,91.68,100.0
2026-05-28,6428,台灣淘米,13.6,14.3,14.3,14.3,0,0,0,0,0.0,0.0,0.0
2026-05-28,6431,光麗-KY,19.35,19.85,19.05,19.05,125,32,0,0,56.79,43.2,100.0
2026-05-28,6432,今展科,67.3,71.7,66.6,70.0,10252,-182,0,0,5.93,94.06,100.0
2026-05-28,6434,達輝光電,18.59,19.1,17.7,18.4,1390,5,0,0,0.0,0.0,0.0
2026-05-28,6435,大中,288.0,295.5,274.5,278.0,1936,-192,0,-3,13.63,86.36,100.0
2026-05-28,6438,迅得,174.5,180.5,168.0,174.5,2546,205,0,12,7.96,92.03,100.0
2026-05-28,6441,廣錠,25.45,25.45,24.05,24.55,518,-28,0,0,0.56,99.43,100.0
2026-05-28,6442,光聖,2025.0,2025.0,1890.0,1895.0,4531,-81,-159,-25,32.75,67.24,100.0
2026-05-28,6443,元晶,41.2,43.15,40.0,40.45,21083,388,0,-161,13.3,86.69,100.0
2026-05-28,6446,藥華藥,886.0,896.0,852.0,862.0,3014,438,7,-27,24.41,75.58,100.0
2026-05-28,6449,鈺邦,383.5,394.0,370.0,375.0,442,-22,71,69,5.77,94.22,100.0
2026-05-28,6451,訊芯-KY,602.0,617.0,563.0,569.0,5290,172,0,-13,68.04,31.95,100.0
2026-05-28,6456,GIS-KY,84.0,84.0,71.2,71.6,36774,-7042,0,-272,44.46,55.53,100.0
2026-05-28,6461,益得,15.75,16.1,15.3,15.35,253,1,0,0,0.62,99.37,100.0
2026-05-28,6462,神盾,134.0,134.5,123.5,125.0,4054,-95,0,5,21.86,78.13,100.0
2026-05-28,6464,台數科,78.0,78.0,77.4,78.0,62,2,0,0,0.77,19.21,19.99
2026-05-28,6465,威潤,51.4,51.5,48.8,48.8,319,-59,0,0,2.12,97.87,100.0
2026-05-28,6467,泰合,120.8,123.5,119.5,122.5,72,0,0,0,0.0,0.0,0.0
2026-05-28,6469,大樹,69.9,70.7,69.2,70.1,616,224,0,0,4.94,95.05,100.0
2026-05-28,6470,宇智,48.25,49.0,48.15,48.45,183,41,0,0,6.78,93.21,100.0
2026-05-28,6472,保瑞,349.0,349.5,332.5,336.0,1452,8,0,-15,10.04,89.95,100.0
2026-05-28,6473,美賣*,8.66,8.73,8.45,8.47,173,-45,0,0,0.0,0.0,0.0
2026-05-28,6474,華豫寧,38.15,38.45,37.8,37.8,242,202,0,0,0.49,99.5,100.0
2026-05-28,6477,安集,34.1,34.85,33.25,33.25,814,-23,0,1,2.83,97.16,100.0
2026-05-28,6482,弘煜科,28.3,29.1,28.0,28.25,18,3,0,0,2.43,97.56,100.0
2026-05-28,6483,原創生醫,12.9,13.3,12.85,13.15,39,0,0,0,0.0,0.0,0.0
2026-05-28,6485,點序,106.0,109.0,100.5,103.0,2635,-44,0,-17,11.11,88.88,100.0
2026-05-28,6486,互動,80.8,81.5,80.3,81.0,83,6,0,0,3.91,96.08,100.0
2026-05-28,6488,環球晶,935.0,1020.0,914.0,927.0,21729,-1670,2147,-250,25.71,74.28,100.0
2026-05-28,6491,晶碩,325.0,325.0,315.0,319.0,495,19,0,-6,11.15,88.84,100.0
2026-05-28,6492,生華科,44.4,44.5,43.65,44.0,255,59,0,0,6.56,93.43,100.0
2026-05-28,6493,雷虎生,28.02,28.45,27.5,27.7,76,-3,0,0,0.0,0.0,0.0
2026-05-28,6494,九齊,59.7,62.5,58.4,59.0,1070,-63,0,0,10.46,89.53,100.0
2026-05-28,6496,科懋,23.15,23.15,22.9,23.1,19,0,0,0,0.31,99.68,100.0
2026-05-28,6498,久禾光,105.0,106.0,101.5,101.5,187,41,0,0,2.15,97.84,100.0
2026-05-28,6499,益安,88.4,89.2,85.9,86.3,391,-132,0,0,13.13,86.86,100.0
2026-05-28,6504,南六,37.4,38.7,36.85,36.9,113,-26,0,-1,0.94,99.05,100.0
2026-05-28,6505,台塑化,50.5,50.5,49.15,49.9,9178,-89,33,20,5.96,94.03,100.0
2026-05-28,6506,雙邦,19.1,19.1,18.7,18.8,250,-31,0,0,0.71,99.28,100.0
2026-05-28,6508,惠光,23.45,23.45,23.0,23.25,96,9,0,0,0.88,99.11,100.0
2026-05-28,6509,聚和,51.3,51.3,49.55,50.0,4104,471,0,51,11.32,88.67,100.0
2026-05-28,6510,精測,3250.0,3365.0,3210.0,3280.0,913,125,-214,8,22.6,77.39,100.0
2026-05-28,6512,啟發電,19.2,19.2,19.2,19.2,8,0,0,0,0.07,99.92,100.0
2026-05-28,6515,穎崴,10000.0,10100.0,8935.0,9120.0,1108,39,-120,-62,21.46,78.53,100.0
2026-05-28,6516,勤崴國際,55.4,56.0,54.6,55.4,156,25,0,0,1.15,98.84,100.0
2026-05-28,6517,保勝光學,59.0,59.9,57.3,57.6,290,-60,0,0,2.43,97.56,100.0
2026-05-28,6518,康科特,29.98,30.65,29.85,29.85,34,0,0,0,0.0,0.0,0.0
2026-05-28,6523,達爾膚,98.1,98.5,98.0,98.2,48,4,0,0,1.48,98.51,100.0
2026-05-28,6525,捷敏-KY,127.5,131.0,120.5,122.5,2473,204,-9,2,15.11,84.88,100.0
2026-05-28,6526,達發,683.0,694.0,650.0,660.0,1339,-6,-40,-52,7.22,92.77,100.0
2026-05-28,6527,明達醫,70.3,70.3,69.1,69.1,49,2,0,0,0.17,99.82,100.0
2026-05-28,6530,創威,112.5,113.5,105.0,105.0,1514,-56,0,-2,4.38,95.61,100.0
2026-05-28,6531,愛普*,1085.0,1185.0,1070.0,1095.0,14735,347,896,-16,29.15,70.84,100.0
2026-05-28,6532,瑞耘,96.1,101.0,95.6,96.2,970,79,0,0,5.63,94.36,100.0
2026-05-28,6533,晶心科,229.0,232.0,217.0,219.5,921,-253,0,0,12.36,87.63,100.0
2026-05-28,6534,正瀚-創,94.0,96.5,93.9,96.0,277,-27,0,2,40.75,59.24,100.0
2026-05-28,6535,順藥,124.0,126.0,121.5,121.5,239,-7,0,0,5.64,94.35,100.0
2026-05-28,6536,碩豐,22.82,23.2,21.4,22.0,21,0,0,0,0.0,0.0,0.0
2026-05-28,6538,倉和,123.0,129.0,111.0,112.5,1507,108,0,-33,5.48,94.51,100.0
2026-05-28,6539,麗彤,42.86,44.0,42.3,44.0,3,0,0,0,0.0,0.0,0.0
2026-05-28,6541,泰福-KY,37.9,38.35,37.3,37.4,391,9,0,-2,13.85,86.14,100.0
2026-05-28,6542,隆中,46.1,47.7,45.0,47.25,12,0,0,0,18.11,81.88,100.0
2026-05-28,6543,普惠醫工,21.4,21.2,20.9,21.15,9,0,0,0,0.0,0.0,0.0
2026-05-28,6546,正基,82.0,83.6,79.5,80.8,1740,275,0,18,9.98,90.01,100.0
2026-05-28,6547,高端疫苗,45.5,46.25,44.2,44.2,2876,45,0,43,9.65,90.34,100.0
2026-05-28,6548,長科*,62.0,67.2,61.4,66.4,30645,6950,-582,-90,5.72,94.27,100.0
2026-05-28,6549,景凱,7.73,7.99,7.67,7.82,297,-8,0,0,0.0,0.0,0.0
2026-05-28,6550,北極星藥業-KY,14.05,14.5,13.85,14.2,3091,283,0,-26,68.55,31.44,100.0
2026-05-28,6552,易華電,36.2,37.45,34.0,34.1,1144,117,0,0,1.99,98.0,100.0
2026-05-28,6555,榮炭,20.49,20.85,19.95,20.75,184,-15,0,0,0.0,0.0,0.0
2026-05-28,6556,勝品,69.7,69.8,69.7,69.7,5,0,0,0,0.57,99.42,100.0
2026-05-28,6558,興能高,31.75,33.9,31.7,32.3,2196,424,0,2,1.63,98.36,100.0
2026-05-28,6559,研晶,25.53,25.65,20.8,20.8,304,7,0,0,0.0,0.0,0.0
2026-05-28,6560,欣普羅,39.1,39.1,38.0,38.05,118,-12,0,0,5.03,94.96,100.0
2026-05-28,6561,是方,351.5,354.0,346.0,350.0,179,40,0,0,6.39,93.6,100.0
2026-05-28,6563,映智,30.38,31.0,29.9,30.7,185,0,0,0,0.0,0.0,0.0
2026-05-28,6564,安特羅,17.38,17.45,16.8,17.0,146,0,0,0,0.0,0.0,0.0
2026-05-28,6565,物聯,19.96,20.8,19.8,20.25,76,0,0,0,0.0,0.0,0.0
2026-05-28,6568,宏觀,228.0,234.0,224.5,230.0,427,46,0,5,6.34,93.65,100.0
2026-05-28,6569,醫揚,98.3,99.3,95.9,98.9,108,12,0,-4,3.15,96.84,100.0
2026-05-28,6570,維田,58.0,61.4,57.2,59.3,694,-15,0,0,1.84,98.15,100.0
2026-05-28,6572,博錸,8.66,8.91,8.01,8.39,201,0,0,0,0.0,0.0,0.0
2026-05-28,6573,虹揚-KY,13.55,14.85,13.55,14.85,1341,79,0,6,54.88,45.11,100.0
2026-05-28,6574,霈方,117.0,117.0,113.0,115.5,79,35,0,0,0.96,99.03,100.0
2026-05-28,6576,逸達,77.6,77.9,76.9,77.6,91,-24,0,0,22.29,77.7,100.0
2026-05-28,6577,勁豐,80.0,80.5,79.4,79.6,44,2,0,0,1.05,98.94,100.0
2026-05-28,6578,達邦蛋白,16.65,16.7,16.0,16.4,89,13,0,0,0.71,99.28,100.0
2026-05-28,6579,研揚,177.0,177.0,167.5,169.5,1433,-116,0,0,3.47,96.52,100.0
2026-05-28,6580,台睿,15.15,15.35,14.75,14.95,177,0,0,0,0.0,0.0,0.0
2026-05-28,6581,鋼聯,107.0,107.0,105.5,106.5,52,10,0,0,0.99,99.0,100.0
2026-05-28,6582,申豐,30.65,31.1,30.55,30.6,57,7,0,-2,12.96,87.03,100.0
2026-05-28,6583,友松,11.95,11.9,11.75,11.75,14,0,0,0,0.0,0.0,0.0
2026-05-28,6584,南俊國際,704.0,720.0,672.0,690.0,1378,-142,0,-3,14.23,85.76,100.0
2026-05-28,6585,鼎基,95.5,97.2,94.2,97.2,243,85,0,-1,3.53,96.46,100.0
2026-05-28,6586,醣基,66.6,67.2,62.8,64.8,970,9,0,0,0.0,0.0,0.0
2026-05-28,6588,東典光電,129.0,130.5,115.5,115.5,2114,142,0,0,2.35,97.64,100.0
2026-05-28,6589,台康生技,41.1,41.85,40.6,41.5,1275,-78,0,3,5.53,94.46,100.0
2026-05-28,6590,普鴻,65.8,65.8,65.3,65.3,11,0,0,0,0.06,99.93,100.0
2026-05-28,6591,動力-KY,55.5,56.0,53.8,54.4,343,-118,0,0,20.07,79.92,100.0
2026-05-28,6592,和潤企業,60.7,60.8,59.9,60.0,769,31,0,0,26.06,73.93,100.0
2026-05-28,6593,台灣銘板,34.65,35.15,34.65,35.0,88,0,0,0,1.52,98.47,100.0
2026-05-28,6595,光禹國際,30.43,31.8,30.25,31.0,19,0,0,0,0.0,0.0,0.0
2026-05-28,6596,寬宏藝術,96.6,97.1,95.6,96.0,329,-30,0,3,1.42,98.57,100.0
2026-05-28,6597,立誠,76.4,76.4,72.6,72.7,11,-1,0,0,0.0,99.99,100.0
2026-05-28,6598,ABC-KY,25.0,25.3,24.7,24.75,138,3,0,0,23.82,76.17,100.0
2026-05-28,6599,普達系統,43.83,43.5,43.5,43.5,2,0,0,0,0.0,0.0,0.0
2026-05-28,6603,富強鑫,22.4,24.55,22.4,24.55,3017,589,0,0,2.31,97.68,100.0
2026-05-28,6604,儒億,30.32,33.85,30.05,32.0,465,8,0,0,0.0,0.0,0.0
2026-05-28,6605,帝寶,140.5,140.5,140.0,140.5,1067,40,0,42,15.39,84.6,100.0
2026-05-28,6606,建德工業,25.9,25.9,25.5,25.75,419,-21,0,-5,3.35,96.64,100.0
2026-05-28,6609,瀧澤科,46.85,47.65,44.15,44.85,966,-134,0,0,52.84,47.15,100.0
2026-05-28,6610,安成生技,27.91,27.85,25.9,26.3,445,0,0,0,0.0,0.0,0.0
2026-05-28,6612,奈米醫材,76.6,76.6,72.0,72.4,38,2,0,0,26.01,73.98,100.0
2026-05-28,6613,朋億*,282.0,282.0,262.0,265.5,442,-31,0,-23,7.83,92.16,100.0
2026-05-28,6614,資拓宏宇,38.35,40.0,38.35,39.0,124,11,0,0,0.66,99.33,100.0
2026-05-28,6615,慧智,32.7,33.2,32.7,33.15,22,1,0,0,0.26,99.73,100.0
2026-05-28,6616,特昇-KY,9.52,9.52,9.05,9.18,137,-11,0,0,55.96,44.03,100.0
2026-05-28,6617,共信-KY,78.0,80.3,70.6,71.8,822,-31,0,-5,38.53,61.46,100.0
2026-05-28,6618,永虹先進,18.99,19.85,18.85,18.85,546,-13,0,0,0.0,0.0,0.0
2026-05-28,6620,漢達,72.9,73.5,71.7,71.7,282,-35,0,1,24.89,75.1,100.0
2026-05-28,6621,華宇藥,11.96,12.05,11.85,12.0,46,0,0,0,0.0,0.0,0.0
2026-05-28,6622,百聿數碼,7.54,7.8,7.23,7.23,37,0,0,0,0.0,0.0,0.0
2026-05-28,6624,萬年清,39.55,40.0,39.05,39.9,12,1,0,0,0.43,99.56,100.0
2026-05-28,6625,必應,72.4,72.5,71.8,72.2,159,-10,0,0,0.95,99.04,100.0
2026-05-28,6629,泰金-KY,118.0,123.0,117.5,117.5,83,1,0,1,76.86,23.13,100.0
2026-05-28,6634,欣耀,68.49,69.0,65.7,66.9,177,-3,0,0,0.0,0.0,0.0
2026-05-28,6637,醫影,67.1,67.9,66.0,66.0,16,-1,0,0,0.27,99.72,100.0
2026-05-28,6638,沅聖,56.59,57.0,50.5,53.0,69,0,0,0,0.0,0.0,0.0
2026-05-28,6639,源大環能,7.04,7.36,7.0,7.04,20,0,0,0,0.0,0.0,0.0
2026-05-28,6640,均華,1440.0,1475.0,1330.0,1340.0,410,-68,0,-7,6.91,93.08,100.0
2026-05-28,6641,基士德-KY,18.4,18.4,18.2,18.25,19,-3,0,-1,29.93,70.06,100.0
2026-05-28,6642,富致,82.9,91.9,82.7,91.9,2230,308,0,50,2.87,97.12,100.0
2026-05-28,6643,M31,598.0,611.0,557.0,563.0,1177,-55,0,-31,10.63,89.36,100.0
2026-05-28,6645,金萬林-創,11.9,12.0,11.8,11.9,40,5,0,-5,0.77,99.22,100.0
2026-05-28,6648,斯其大,16.8,16.9,16.4,16.6,25,0,0,0,0.0,0.0,0.0
2026-05-28,6649,台生材,38.0,38.45,38.0,38.3,40,0,0,0,6.45,93.54,100.0
2026-05-28,6650,帝圖,29.55,28.3,28.1,28.25,6,0,0,0,0.0,0.0,0.0
2026-05-28,6651,全宇昕,151.0,155.0,144.0,145.5,519,77,0,0,4.51,95.48,100.0
2026-05-28,6654,天正國際,129.5,140.0,128.0,140.0,524,31,0,0,0.66,99.33,100.0
2026-05-28,6655,科定,131.0,131.0,130.5,131.0,7,5,0,-1,0.5,99.49,100.0
2026-05-28,6657,華安,38.5,38.95,38.2,38.3,159,2,0,0,7.09,92.9,100.0
2026-05-28,6658,聯策,228.0,245.0,215.0,216.5,2031,-218,0,2,5.5,94.49,100.0
2026-05-28,6659,天明製藥,20.0,20.15,19.2,20.15,163,0,0,0,0.0,0.0,0.0
2026-05-28,6661,威健生技,17.15,17.15,17.0,17.0,10,0,0,0,0.0,99.99,100.0
2026-05-28,6662,樂斯科,28.55,28.55,28.5,28.55,43,2,0,0,0.23,99.76,100.0
2026-05-28,6664,群翊,456.0,468.0,436.0,441.0,1338,101,0,38,7.1,92.89,100.0
2026-05-28,6665,康聯生醫,20.19,20.6,19.8,20.4,23,-3,0,0,0.0,0.0,0.0
2026-05-28,6666,羅麗芬-KY,39.95,41.0,39.6,39.6,18,0,0,0,75.18,24.81,100.0
2026-05-28,6667,信紘科,266.5,282.0,260.5,268.0,2403,518,0,57,9.61,90.38,100.0
2026-05-28,6668,中揚光,40.3,40.7,38.9,39.1,504,39,0,-1,11.06,88.93,100.0
2026-05-28,6669,緯穎,5100.0,5260.0,4900.0,4950.0,2157,191,-191,-105,30.62,69.37,100.0
2026-05-28,6670,復盛應用,262.0,262.0,257.0,258.0,788,-459,-21,-73,24.92,75.07,100.0
2026-05-28,6671,三能-KY,27.45,27.45,26.8,26.8,56,9,0,-8,39.8,60.19,100.0
2026-05-28,6672,騰輝電子-KY,212.0,219.5,211.0,215.0,9662,-215,0,-28,17.17,82.82,100.0
2026-05-28,6673,和詮,18.93,19.05,17.45,17.7,802,6,0,0,0.0,0.0,0.0
2026-05-28,6674,鋐寶科技,17.85,18.2,17.85,18.05,24,-5,0,0,0.47,99.52,100.0
2026-05-28,6676,祥翊,13.71,13.95,13.5,13.75,487,-7,0,0,0.0,0.0,0.0
2026-05-28,6677,瑩碩生技,17.4,17.7,17.2,17.7,131,1,0,0,0.0,0.0,0.0
2026-05-28,6679,鈺太,331.0,338.0,310.0,316.5,648,-68,0,-52,9.87,90.12,100.0
2026-05-28,6680,鑫創電子,57.9,57.9,57.9,57.9,1,0,0,0,0.2,99.79,100.0
2026-05-28,6682,華旭先進,61.5,63.4,58.9,59.4,3239,152,0,0,0.0,0.0,0.0
2026-05-28,6683,雍智科技,1780.0,1840.0,1650.0,1700.0,1178,38,0,-12,15.01,84.98,100.0
2026-05-28,6684,安格,46.8,46.8,44.0,44.25,198,-61,0,0,5.32,94.67,100.0
2026-05-28,6689,伊雲谷,65.6,66.2,63.9,64.6,278,21,0,0,4.62,95.37,100.0
2026-05-28,6690,安碁資訊,169.5,170.0,167.5,169.5,87,17,0,-1,3.76,96.23,100.0
2026-05-28,6691,洋基工程,674.0,674.0,637.0,638.0,862,-239,0,-60,15.99,84.0,100.0
2026-05-28,6692,進能服,27.35,27.35,27.0,27.0,50,-4,0,0,0.45,99.54,100.0
2026-05-28,6693,廣閎科,152.5,157.5,148.5,150.0,1537,305,0,11,13.71,86.28,100.0
2026-05-28,6695,芯鼎,61.0,61.8,55.7,57.8,3463,-236,0,-4,4.84,95.15,100.0
2026-05-28,6696,仁新,376.45,378.0,368.5,372.5,322,0,0,0,0.0,0.0,0.0
2026-05-28,6697,東捷資訊,41.35,41.4,40.55,40.65,58,0,0,0,0.86,99.13,100.0
2026-05-28,6698,旭暉應材,36.45,37.3,34.75,36.2,2447,-536,0,-3,2.32,97.67,100.0
2026-05-28,6703,軒郁,109.0,109.5,108.5,108.5,68,11,0,0,13.59,86.4,100.0
2026-05-28,6704,國璽幹細胞,20.87,21.0,20.45,20.45,190,-6,0,0,0.0,0.0,0.0
2026-05-28,6705,振躍精密,89.58,89.5,87.7,88.0,10,0,0,0,0.0,0.0,0.0
2026-05-28,6706,惠特,215.0,222.0,195.0,202.5,15494,-1297,0,-191,11.35,88.64,100.0
2026-05-28,6707,富基電通,36.81,37.0,34.35,35.6,344,-4,0,0,0.0,0.0,0.0
2026-05-28,6708,天擎,41.5,42.5,40.8,40.8,67,3,0,0,3.15,96.84,100.0
2026-05-28,6709,昱厚生技,25.78,26.15,25.55,25.55,68,0,0,0,0.0,0.0,0.0
2026-05-28,6712,長聖,132.0,132.5,130.5,131.5,247,13,0,0,3.42,96.57,100.0
2026-05-28,6715,嘉基,455.0,458.0,425.5,429.5,789,-71,0,0,3.1,96.89,100.0
2026-05-28,6716,應廣,107.0,117.5,107.0,117.5,1188,50,0,9,4.92,95.07,100.0
2026-05-28,6719,力智,257.0,263.0,246.5,248.5,3985,-161,0,-1,5.21,94.78,100.0
2026-05-28,6720,久昌,148.5,150.0,135.5,147.0,257,-19,0,0,0.94,99.05,100.0
2026-05-28,6721,信實,0.0,0.0,0.0,0.0,0,0,0,0,0.0,100.0,100.0
2026-05-28,6722,輝創,38.5,38.5,35.75,36.95,228,48,0,-2,2.63,97.36,100.0
2026-05-28,6723,傑智環境,39.39,40.3,37.55,39.8,69,-2,0,0,0.0,0.0,0.0
2026-05-28,6725,矽科宏晟,340.5,345.0,322.0,323.0,490,-16,0,-7,3.74,96.25,100.0
2026-05-28,6727,亞泰金屬,630.0,645.0,570.0,578.0,4679,-747,0,-14,11.97,88.02,100.0
2026-05-28,6728,上洋,109.0,109.5,109.0,109.5,19,-3,0,0,0.63,99.36,100.0
2026-05-28,6729,機光科技,60.81,64.0,59.0,59.6,237,-8,0,0,0.0,0.0,0.0
2026-05-28,6730,常廣,35.5,35.55,34.0,35.5,195,-7,0,0,0.0,99.99,100.0
2026-05-28,6732,昇佳電子,177.0,179.5,168.5,170.0,519,39,0,0,5.43,94.56,100.0
2026-05-28,6733,博晟生醫,26.15,26.4,25.55,25.75,409,74,0,0,1.37,98.62,100.0
2026-05-28,6734,安盛生,7.23,8.53,7.25,7.5,855,0,0,0,0.0,0.0,0.0
2026-05-28,6735,美達科技,110.0,114.0,108.0,108.5,640,111,0,0,2.19,97.8,100.0
2026-05-28,6737,秀育,32.68,32.8,30.55,31.6,69,0,0,0,0.0,0.0,0.0
2026-05-28,6738,鼎恒,67.54,68.0,64.8,68.0,7,0,0,0,0.0,0.0,0.0
2026-05-28,6739,竹陞科技,1305.0,1350.0,1250.0,1255.0,270,37,0,-6,1.67,98.32,100.0
2026-05-28,6741,91APP*-KY,63.3,64.3,62.0,62.9,463,-193,0,0,41.75,58.24,100.0
2026-05-28,6742,澤米,57.7,58.9,55.8,57.0,752,112,0,5,1.96,98.03,100.0
2026-05-28,6743,安普新,29.1,29.8,29.0,29.35,553,157,0,1,3.77,96.22,100.0
2026-05-28,6744,豐技生技,16.67,16.8,16.0,16.0,2,0,0,0,0.0,0.0,0.0
2026-05-28,6748,亞果生醫,69.62,75.9,70.0,75.4,1410,42,0,0,0.0,0.0,0.0
2026-05-28,6750,泰創工程,68.3,70.3,67.1,67.5,383,-11,0,0,0.0,0.0,0.0
2026-05-28,6751,智聯服務,47.75,48.05,47.0,47.05,25,-6,0,0,0.69,99.3,100.0
2026-05-28,6752,叡揚,99.0,99.0,97.1,98.7,21,-5,0,0,2.62,97.37,100.0
2026-05-28,6753,龍德造船,124.5,127.0,123.0,124.0,793,-2,0,-4,2.67,6.82,9.5
2026-05-28,6754,匯僑設計,43.5,44.0,43.1,43.5,29,3,0,0,15.48,84.51,100.0
2026-05-28,6755,連鋐科技,18.52,18.9,18.15,18.7,27,0,0,0,0.0,0.0,0.0
2026-05-28,6756,威鋒電子,106.5,108.0,100.5,101.0,432,-13,0,1,3.16,96.83,100.0
2026-05-28,6757,台灣虎航-創,54.5,55.9,54.5,54.8,2170,1022,0,0,1.93,48.05,49.99
2026-05-28,6757,台灣虎航,54.5,55.9,54.5,54.8,2170,1022,0,0,1.93,48.05,49.99
2026-05-28,6758,冠亞,29.22,29.5,28.5,29.0,12,0,0,0,0.0,0.0,0.0
2026-05-28,6761,穩得,225.5,229.5,219.0,223.0,1294,66,0,6,7.38,92.61,100.0
2026-05-28,6762,達亞,172.0,172.0,164.0,172.0,18,1,0,0,5.85,94.14,100.0
2026-05-28,6763,綠界科技,43.3,43.4,42.6,42.75,652,-58,0,0,3.56,96.43,100.0
2026-05-28,6763,綠界科技*,43.3,43.4,42.6,42.75,652,-58,0,0,3.56,96.43,100.0
2026-05-28,6767,台微醫,26.3,26.3,26.25,26.3,11,1,0,0,0.22,99.77,100.0
2026-05-28,6768,志強-KY,83.2,85.1,82.0,82.3,734,144,-9,2,56.95,43.04,100.0
2026-05-28,6770,力積電,75.6,82.2,73.5,80.7,742969,120688,15,10466,21.25,78.74,100.0
2026-05-28,6771,平和環保-創,42.0,42.0,41.7,41.7,4,0,0,0,0.56,99.43,100.0
2026-05-28,6775,穎台科技,38.9,47.95,37.9,45.2,2146,-31,0,0,0.0,0.0,0.0
2026-05-28,6776,展碁國際,58.2,58.9,57.2,57.5,331,46,0,0,1.91,98.08,100.0
2026-05-28,6780,學習王,41.15,40.15,39.1,40.15,59,-2,0,0,0.0,0.0,0.0
2026-05-28,6781,AES-KY,1220.0,1245.0,1150.0,1160.0,1487,46,0,-14,68.31,31.68,100.0
2026-05-28,6782,視陽,192.5,193.0,189.0,190.0,243,-81,0,0,7.42,92.57,100.0
2026-05-28,6784,天凱科技,26.87,27.85,26.4,27.05,77,3,0,0,0.0,0.0,0.0
2026-05-28,6785,昱展新藥,124.5,124.5,122.0,122.5,136,-16,0,0,8.04,91.95,100.0
2026-05-28,6786,芯測,91.88,92.0,88.6,89.6,310,0,0,0,0.0,0.0,0.0
2026-05-28,6787,晶瑞光,33.27,33.35,30.1,30.15,1068,0,0,0,0.0,0.0,0.0
2026-05-28,6788,華景電,420.0,425.0,416.0,417.5,637,77,0,0,10.74,89.25,100.0
2026-05-28,6789,采鈺,550.0,562.0,516.0,524.0,4549,27,1,-46,3.49,96.5,100.0
2026-05-28,6790,永豐實,39.2,39.4,39.0,39.2,200,72,0,0,1.89,98.1,100.0
2026-05-28,6791,虎門科技,113.0,114.0,110.0,111.0,76,4,0,0,11.86,88.13,100.0
2026-05-28,6792,詠業,69.6,76.5,69.6,72.5,744,-47,0,0,1.92,98.07,100.0
2026-05-28,6793,天力離岸,4.83,5.25,4.71,4.99,240,2,0,0,0.0,0.0,0.0
2026-05-28,6794,向榮生技-創,80.9,80.9,79.3,79.8,29,2,0,0,0.42,99.57,100.0
2026-05-28,6794,向榮生技,80.9,80.9,79.3,79.8,29,2,0,0,0.42,99.57,100.0
2026-05-28,6796,晉弘,63.0,63.0,61.5,62.2,61,11,0,0,15.51,84.48,100.0
2026-05-28,6797,圓點奈米,14.44,15.25,13.95,14.65,51,-4,0,0,0.0,0.0,0.0
2026-05-28,6798,展逸,49.9,50.0,49.6,50.0,6,0,0,0,0.0,0.0,0.0
2026-05-28,6799,來頡,109.5,118.0,109.5,111.5,2545,579,0,2,10.07,89.92,100.0
2026-05-28,6803,崑鼎,286.5,287.0,285.5,285.5,110,-10,0,-12,3.19,96.8,100.0
2026-05-28,6804,明係,16.2,16.4,15.9,16.05,43,-1,0,0,4.17,95.82,100.0
2026-05-28,6805,富世達,1765.0,1865.0,1730.0,1765.0,3125,533,-388,10,18.39,81.6,100.0
2026-05-28,6806,森崴能源,6.1,6.1,6.1,6.1,369,5,0,0,2.65,97.34,100.0
2026-05-28,6807,峰源-KY,32.95,33.9,32.95,33.05,6,3,0,0,43.53,56.46,100.0
2026-05-28,6808,三鼎生技,29.66,29.85,27.9,29.0,182,2,0,0,0.0,0.0,0.0
2026-05-28,6810,新穎生醫,29.19,29.6,28.5,29.05,202,0,0,0,0.0,0.0,0.0
2026-05-28,6811,宏碁資訊,210.5,212.0,207.0,209.0,185,65,0,0,2.39,97.6,100.0
2026-05-28,6812,梭特,69.44,71.1,68.0,71.1,178,0,0,0,0.0,0.0,0.0
2026-05-28,6814,路迦生醫,24.13,25.0,23.7,24.95,16,0,0,0,0.0,0.0,0.0
2026-05-28,6815,晶鑽生醫,32.19,33.0,32.0,32.6,19,0,0,0,0.0,0.0,0.0
2026-05-28,6816,捷智商訊,39.55,39.55,39.55,39.55,0,0,0,0,0.0,0.0,0.0
2026-05-28,6817,溫士頓,61.59,62.7,60.9,62.7,6,1,0,0,0.0,0.0,0.0
2026-05-28,6818,連騰,66.98,70.2,61.8,63.7,333,-29,0,0,0.0,0.0,0.0
2026-05-28,6819,眾智,52.8,59.4,52.3,56.4,259,6,0,0,0.0,0.0,0.0
2026-05-28,6820,連訊,304.23,320.5,287.0,296.0,147,-9,0,0,0.0,0.0,0.0
2026-05-28,6821,聯寶,69.7,74.4,69.0,72.0,4280,279,0,-16,1.79,98.2,100.0
2026-05-28,6823,濾能,75.9,75.9,72.5,72.7,438,13,0,0,24.92,75.07,100.0
2026-05-28,6825,和暢科技,43.78,47.1,43.0,46.4,96,8,0,0,0.0,0.0,0.0
2026-05-28,6826,和淞,565.45,562.0,543.0,549.0,292,-4,0,0,0.0,0.0,0.0
2026-05-28,6827,巨生醫,13.37,13.0,12.15,12.5,104,5,0,0,0.0,0.0,0.0
2026-05-28,6829,千附精密,218.0,220.0,207.0,216.0,328,11,0,44,2.61,97.38,100.0
2026-05-28,6830,汎銓,715.0,727.0,679.0,686.0,2186,84,0,-23,4.92,95.07,100.0
2026-05-28,6831,邁科,830.0,850.0,779.0,790.0,502,17,0,5,15.48,84.51,100.0
2026-05-28,6832,金鼎科,96.63,94.1,81.5,86.2,202,0,0,0,0.0,0.0,0.0
2026-05-28,6833,太康精密,26.32,26.6,25.3,26.5,59,0,0,0,0.0,0.0,0.0
2026-05-28,6834,天二科技,75.8,80.1,70.5,70.5,1527,472,0,0,15.24,84.75,100.0
2026-05-28,6835,圓裕,38.8,39.2,38.2,39.0,650,-19,0,0,6.4,93.59,100.0
2026-05-28,6838,台新藥,25.2,25.4,24.75,24.75,251,16,0,1,1.31,98.68,100.0
2026-05-28,6839,開陽能源,11.97,12.15,11.75,12.15,139,-12,0,0,0.0,0.0,0.0
2026-05-28,6840,東研信超,62.5,65.8,62.0,63.4,174,-18,0,0,3.82,96.17,100.0
2026-05-28,6841,長佳智能,56.5,57.8,55.3,55.6,656,-135,0,-1,2.89,97.1,100.0
2026-05-28,6842,瑞宇,103.79,105.0,99.8,103.0,186,0,0,0,0.0,0.0,0.0
2026-05-28,6843,進典,43.35,43.6,41.65,42.4,29,-4,0,0,0.18,99.81,100.0
2026-05-28,6844,諾貝兒,64.6,65.0,63.5,65.0,43,1,0,0,0.02,99.97,100.0
2026-05-28,6846,綠茵,67.9,67.9,66.0,66.5,13,1,0,0,0.15,99.84,100.0
2026-05-28,6847,普瑞博,72.74,76.6,72.7,76.3,75,2,0,0,0.0,0.0,0.0
2026-05-28,6848,拉法醫,19.06,19.75,19.0,19.55,28,0,0,0,0.0,0.0,0.0
2026-05-28,6849,奇鼎科技,219.73,230.5,204.0,214.5,451,24,0,0,0.0,0.0,0.0
2026-05-28,6850,光鼎生技,34.84,35.0,34.65,35.0,11,0,0,0,0.0,0.0,0.0
2026-05-28,6854,錼創科技-KY創,156.0,164.0,150.5,152.0,927,-104,0,1,32.88,67.11,100.0
2026-05-28,6855,數泓科,108.0,108.0,106.0,108.0,15,1,0,0,0.18,99.81,100.0
2026-05-28,6856,鑫傳,49.3,50.4,49.3,50.4,2,0,0,0,0.0,49.98,49.99
2026-05-28,6857,宏碁智醫,95.51,95.0,95.0,95.0,0,0,0,0,0.0,0.0,0.0
2026-05-28,6858,愛比科技,24.95,24.3,24.3,24.3,2,0,0,0,0.0,0.0,0.0
2026-05-28,6859,伯特光,122.5,129.5,122.5,125.0,326,74,0,0,13.9,86.09,100.0
2026-05-28,6861,睿生光電,463.5,470.0,416.0,416.0,1599,-282,0,0,1.55,98.44,100.0
2026-05-28,6862,三集瑞-KY,183.0,204.5,183.0,204.5,4190,726,0,99,67.65,32.34,100.0
2026-05-28,6863,永道-KY,113.0,114.0,108.5,109.5,139,-67,0,0,69.54,30.45,100.0
2026-05-28,6864,元樟生技,53.78,53.8,52.0,53.5,46,0,0,0,0.0,0.0,0.0
2026-05-28,6865,偉康科技,26.2,27.35,26.0,26.5,18,1,0,0,0.25,99.74,100.0
2026-05-28,6867,坦德科技,20.54,21.0,20.1,21.0,2,0,0,0,0.0,0.0,0.0
2026-05-28,6868,采威國際,36.86,38.3,35.35,36.95,17,0,0,0,0.0,0.0,0.0
2026-05-28,6869,雲豹能源-創,84.3,86.9,82.4,83.4,993,-82,0,-7,2.48,97.51,100.0
2026-05-28,6869,雲豹能源,84.3,86.9,82.4,83.4,993,-82,0,-7,2.48,97.51,100.0
2026-05-28,6870,騰雲,245.0,263.0,232.0,263.0,528,20,0,7,1.07,98.92,100.0
2026-05-28,6872,浩宇生醫,17.85,17.85,17.1,17.6,95,-2,0,0,0.35,99.64,100.0
2026-05-28,6873,泓德能源-創,93.0,94.2,88.3,89.8,594,-139,0,-8,7.95,92.04,100.0
2026-05-28,6873,泓德能源,93.0,94.2,88.3,89.8,594,-139,0,-8,7.95,92.04,100.0
2026-05-28,6874,倍力,79.3,79.9,77.5,77.5,49,-11,0,0,0.52,99.47,100.0
2026-05-28,6875,國邑*,38.0,38.0,35.45,35.45,175,-32,0,0,1.8,98.19,100.0
2026-05-28,6876,朗齊生醫*,18.48,19.0,17.5,18.7,354,0,0,0,0.0,0.0,0.0
2026-05-28,6877,鏵友益,172.0,173.0,162.5,165.0,346,-10,0,0,4.39,95.6,100.0
2026-05-28,6878,歐付寶,9.77,9.99,9.6,9.8,43,-1,0,0,0.0,0.0,0.0
2026-05-28,6879,大江基因,36.0,0.0,0.0,0.0,0,0,0,0,0.0,0.0,0.0
2026-05-28,6881,潤德,269.5,271.5,269.5,271.5,14,-9,0,0,0.04,99.95,100.0
2026-05-28,6882,甲尚,19.97,20.5,19.5,20.4,65,-2,0,0,0.0,0.0,0.0
2026-05-28,6883,微電能源,15.76,15.6,14.0,14.7,128,0,0,0,0.0,0.0,0.0
2026-05-28,6884,海柏特,33.4,33.4,32.85,32.85,10,0,0,0,5.55,94.44,100.0
2026-05-28,6885,全福生技,21.2,21.45,20.5,20.7,628,100,0,-5,3.21,96.78,100.0
2026-05-28,6886,遠東生技,46.64,46.0,46.0,46.0,1,0,0,0,0.0,0.0,0.0
2026-05-28,6887,寶綠特-KY,33.0,35.4,32.8,34.8,83,16,0,-1,53.3,46.69,100.0
2026-05-28,6890,來億-KY,171.5,172.5,167.0,169.5,580,75,0,0,87.58,12.41,100.0
2026-05-28,6891,樂迦再生,55.46,56.0,52.8,53.9,539,-2,0,0,0.0,0.0,0.0
2026-05-28,6892,台寶生醫,28.03,29.0,27.65,28.15,268,0,0,0,0.0,0.0,0.0
2026-05-28,6894,衛司特,370.5,374.0,360.0,360.0,156,33,0,2,3.04,96.95,100.0
2026-05-28,6895,宏碩系統,150.5,153.0,150.0,151.5,83,-19,0,0,4.48,95.51,100.0
2026-05-28,6898,程曦資訊,98.54,99.9,95.1,99.7,33,0,0,0,0.0,0.0,0.0
2026-05-28,6899,創為精密,62.8,67.8,62.6,64.7,659,-27,0,0,5.09,94.9,100.0
2026-05-28,6901,鑽石投資,12.35,12.55,12.15,12.3,1374,56,0,18,0.36,99.63,100.0
2026-05-28,6902,GOGOLOOK-創,136.0,142.0,132.0,134.5,411,82,0,0,3.87,96.12,100.0
2026-05-28,6902,GOGOLOOK,136.0,142.0,132.0,134.5,411,82,0,0,3.87,96.12,100.0
2026-05-28,6903,巨漢,420.0,421.5,396.0,399.5,1281,-176,0,-25,4.09,95.9,100.0
2026-05-28,6904,伯鑫,118.0,118.0,114.0,116.0,4,0,0,0,0.06,99.93,100.0
2026-05-28,6906,現觀科,106.0,112.5,104.0,108.5,400,11,0,5,7.11,92.88,100.0
2026-05-28,6907,雅特力-KY,119.5,123.5,115.5,117.5,872,82,0,1,52.03,47.96,100.0
2026-05-28,6908,宏碁遊戲-創,38.9,38.9,36.8,37.35,79,5,0,2,0.62,99.37,100.0
2026-05-28,6909,創控,53.0,54.3,51.0,51.3,678,-24,0,0,8.12,91.87,100.0
2026-05-28,6910,德鴻,28.0,28.0,27.05,27.35,35,-1,0,-3,4.71,95.28,100.0
2026-05-28,6911,群運,31.8,31.85,31.55,31.75,120,0,0,0,0.0,0.0,0.0
2026-05-28,6912,益鈞環科*,14.14,14.5,13.75,14.45,434,-3,0,0,0.0,0.0,0.0
2026-05-28,6913,鴻呈,144.5,146.5,139.0,142.0,626,73,0,-8,3.24,96.75,100.0
2026-05-28,6914,阜爾運通,140.0,141.5,140.0,141.0,74,15,0,0,2.11,97.88,100.0
2026-05-28,6915,美強光,67.92,69.5,65.3,65.3,60,0,0,0,0.0,0.0,0.0
2026-05-28,6916,華凌,18.0,18.45,17.8,18.0,29,10,0,1,0.51,99.48,100.0
2026-05-28,6917,竟天,31.82,32.15,30.0,30.9,418,3,0,0,0.0,0.0,0.0
2026-05-28,6918,愛派司,73.0,74.8,72.9,73.0,28,0,0,0,0.72,99.27,100.0
2026-05-28,6919,康霈*,98.1,102.0,98.0,98.0,4198,-153,-13,23,12.72,87.27,100.0
2026-05-28,6920,恆勁科技,125.71,127.5,112.0,119.5,5172,7,0,0,0.0,0.0,0.0
2026-05-28,6921,嘉雨思-創,76.1,76.2,73.9,75.0,42,-12,0,2,29.58,70.41,100.0
2026-05-28,6922,宸曜,187.5,203.0,187.0,191.0,654,60,0,-30,1.92,98.07,100.0
2026-05-28,6923,中台,79.2,79.2,77.2,77.8,123,-49,0,1,1.24,98.75,100.0
2026-05-28,6924,榮惠-KY創,164.5,175.0,160.5,175.0,107,-11,0,2,76.86,23.13,100.0
2026-05-28,6925,意藍,58.5,58.5,56.8,57.8,87,5,0,0,3.68,96.31,100.0
2026-05-28,6926,聖安生醫,63.44,64.8,62.5,64.2,43,-1,0,0,0.0,0.0,0.0
2026-05-28,6927,聯合聚晶,58.61,57.5,55.2,57.0,104,-2,0,0,0.0,0.0,0.0
2026-05-28,6928,攸泰科技,46.85,46.95,46.2,46.4,99,15,0,0,0.53,99.46,100.0
2026-05-28,6929,佑全,21.4,22.0,21.4,21.55,16,0,0,0,0.01,99.98,100.0
2026-05-28,6931,青松健康,39.7,40.0,39.5,39.8,110,12,0,0,0.56,99.43,100.0
2026-05-28,6932,水星生醫*,6.64,7.04,6.47,6.89,815,12,0,0,0.0,0.0,0.0
2026-05-28,6933,AMAX-KY,163.0,166.0,155.5,157.0,244,-33,0,-3,28.13,71.86,100.0
2026-05-28,6934,心誠鎂,73.6,75.5,72.5,74.5,63,9,0,0,12.37,87.62,100.0
2026-05-28,6935,王子製藥,29.97,30.1,29.4,29.5,23,0,0,0,0.0,0.0,0.0
2026-05-28,6936,永鴻生技,32.9,33.0,32.65,32.7,81,2,0,0,0.47,99.52,100.0
2026-05-28,6937,天虹,321.0,326.5,302.0,308.0,858,-139,0,-27,3.13,96.85,100.0
2026-05-28,6938,藍新資訊,99.62,101.0,96.0,99.9,31,0,0,0,0.0,0.0,0.0
2026-05-28,6939,啟弘生技,20.07,20.1,19.5,20.05,6,0,0,0,0.0,0.0,0.0
2026-05-28,6940,格斯科技*,23.93,29.45,23.95,28.1,5640,62,0,0,0.0,0.0,0.0
2026-05-28,6944,兆聯實業,949.0,950.0,900.0,924.0,757,76,0,-55,13.78,86.21,100.0
2026-05-28,6945,圓祥生技,130.59,129.0,121.5,122.0,659,2,0,0,0.0,0.0,0.0
2026-05-28,6946,三地能源,10.62,11.2,10.25,10.75,101,0,0,0,0.0,0.0,0.0
2026-05-28,6947,台鎔科技,79.82,80.5,78.9,78.9,70,0,0,0,0.0,0.0,0.0
2026-05-28,6949,沛爾生醫-創,704.0,757.0,668.0,668.0,320,-70,0,2,2.12,97.87,100.0
2026-05-28,6951,青新-創,81.8,81.9,81.0,81.4,34,17,0,0,1.89,98.1,100.0
2026-05-28,6952,大武山,36.5,36.5,35.8,36.35,89,-25,0,0,0.31,99.68,100.0
2026-05-28,6953,家碩,252.5,256.0,239.0,239.5,137,-14,0,0,0.79,99.2,100.0
2026-05-28,6955,邦睿生技-創,150.0,150.5,150.0,150.0,7,0,0,2,17.71,82.28,100.0
2026-05-28,6957,裕慶-KY,166.5,169.5,163.5,163.5,171,-36,0,0,6.26,93.73,100.0
2026-05-28,6958,日盛台駿,17.3,17.35,16.85,17.1,29,10,0,-3,0.43,99.56,100.0
2026-05-28,6959,兆捷科技,129.18,139.5,127.0,130.5,556,0,0,0,0.0,0.0,0.0
2026-05-28,6961,旅天下,58.7,60.0,58.6,59.9,147,7,0,0,0.49,99.5,100.0
2026-05-28,6962,奕力-KY,37.9,39.25,37.25,37.55,4861,-459,-21,22,41.53,58.46,100.0
2026-05-28,6963,品元,25.8,27.1,27.1,27.1,0,0,0,0,0.0,0.0,0.0
2026-05-28,6965,中傑-KY,76.0,78.6,75.4,78.0,121,62,0,-1,77.27,22.72,100.0
2026-05-28,6967,汎瑋材料,72.3,73.6,70.7,71.3,157,-66,0,0,2.1,97.89,100.0
2026-05-28,6968,萬達寵物,42.95,43.0,42.65,42.65,63,-6,0,0,1.11,98.88,100.0
2026-05-28,6969,成信實業*-創,28.0,28.3,27.8,27.8,97,16,0,0,0.41,99.58,100.0
2026-05-28,6971,惠民實業,27.0,27.6,27.0,27.3,38,-2,0,0,0.34,99.65,100.0
2026-05-28,6972,博瑞達應材,22.91,23.9,22.8,23.5,4,0,0,0,0.0,0.0,0.0
2026-05-28,6973,永立榮,33.83,33.9,33.0,33.65,14,0,0,0,0.0,0.0,0.0
2026-05-28,6976,育世博-KY,12.4,12.4,11.85,12.2,1265,-24,0,0,0.0,0.0,0.0
2026-05-28,6977,聯純,296.71,299.5,290.5,292.5,50,0,0,0,0.0,0.0,0.0
2026-05-28,6979,勝釩,221.09,231.0,220.0,230.0,4,0,0,0,0.0,0.0,0.0
2026-05-28,6980,鐳洋科技,172.99,170.0,159.5,160.5,174,0,0,0,0.0,0.0,0.0
2026-05-28,6982,大井泵浦,53.8,57.0,53.8,55.3,84,-12,0,0,1.18,98.81,100.0
2026-05-28,6983,華洋精機,430.0,430.0,380.0,385.0,413,6,0,0,0.24,99.75,100.0
2026-05-28,6984,ACpay,20.21,25.85,21.75,24.0,103,1,0,0,0.0,0.0,0.0
2026-05-28,6986,和迅,60.21,60.7,60.2,60.7,58,0,0,0,0.0,0.0,0.0
2026-05-28,6987,寶晶能源*,19.88,19.95,19.7,19.8,111,0,0,0,0.0,0.0,0.0
2026-05-28,6988,威力暘-創,17.0,17.75,16.4,16.45,102,-6,0,6,3.79,96.2,100.0
2026-05-28,6990,華鉬,140.84,153.0,128.0,143.0,474,3,0,0,0.0,0.0,0.0
2026-05-28,6994,富威電力,60.9,64.0,60.3,61.6,983,-79,0,-2,0.82,99.17,100.0
2026-05-28,6995,野獸國,47.27,47.9,46.1,47.65,38,0,0,0,0.0,0.0,0.0
2026-05-28,6996,力領科技,191.5,193.0,186.0,189.0,180,54,0,0,3.45,96.54,100.0
2026-05-28,6997,博弘,68.0,68.5,68.0,68.5,3,0,0,0,20.13,79.86,100.0
2026-05-28,6999,瀚醫生技,31.65,0.0,0.0,0.0,0,0,0,0,0.0,0.0,0.0
2026-05-28,7402,邑錡,97.5,100.5,96.3,98.0,288,-3,0,0,11.13,88.86,100.0
2026-05-28,7419,達勝,121.98,121.0,99.8,103.0,758,-3,0,0,0.0,0.0,0.0
2026-05-28,7427,華上生醫,38.94,39.15,38.0,38.65,243,0,0,0,0.0,0.0,0.0
2026-05-28,7443,凡事康,9.7,9.7,9.22,9.7,46,0,0,0,0.0,0.0,0.0
2026-05-28,7455,樺緯物聯,62.5,60.8,59.9,60.5,12,0,0,0,0.0,0.0,0.0
2026-05-28,7507,環拓科技,22.19,23.5,20.55,20.85,173,3,0,0,0.0,0.0,0.0
2026-05-28,7516,清淨海,9.27,9.36,8.8,9.25,66,0,0,0,0.0,0.0,0.0
2026-05-28,7530,鋒魁科技,41.91,41.65,39.25,40.1,435,-3,0,0,0.0,0.0,0.0
2026-05-28,7547,碩網,60.9,61.5,60.5,61.0,136,-26,0,0,23.88,76.11,100.0
2026-05-28,7551,知識科技,13.02,13.3,12.5,12.7,127,0,0,0,0.0,0.0,0.0
2026-05-28,7556,意德士,290.0,291.5,272.0,272.5,193,-20,0,8,3.77,96.22,100.0
2026-05-28,7558,群利科技,20.35,20.7,20.15,20.6,19,0,0,0,0.0,0.0,0.0
2026-05-28,7561,光晟生技,18.49,18.6,17.7,17.7,7,0,0,0,0.0,0.0,0.0
2026-05-28,7562,博來科技,59.82,62.1,57.3,59.2,73,-1,0,0,0.0,0.0,0.0
2026-05-28,7566,亞果遊艇,12.91,13.3,12.7,13.2,270,-5,0,0,0.0,0.0,0.0
2026-05-28,7575,安美得,19.67,19.7,18.8,19.2,75,0,0,0,0.0,0.0,0.0
2026-05-28,7578,利百景,33.68,33.35,31.9,33.0,61,-1,0,0,0.0,0.0,0.0
2026-05-28,7583,國際海洋,33.34,37.15,34.2,35.75,60,0,0,0,0.0,0.0,0.0
2026-05-28,7584,樂意,22.55,23.75,22.2,23.75,55,7,0,0,19.65,80.34,100.0
2026-05-28,7590,怡和國際,22.18,23.0,21.8,22.1,174,-6,0,0,0.0,0.0,0.0
2026-05-28,7595,世基生醫,8.87,9.42,8.51,9.35,86,0,0,0,0.0,0.0,0.0
2026-05-28,7607,通用幹細胞*,12.89,13.05,13.05,13.05,0,0,0,0,0.0,0.0,0.0
2026-05-28,7610,聯友金屬-創,1225.0,1345.0,1225.0,1345.0,363,135,0,0,13.34,86.65,100.0
2026-05-28,7631,聚賢研發-創,125.0,126.0,122.5,122.5,29,0,0,5,0.75,99.24,100.0
2026-05-28,7642,昶瑞機電,68.4,68.4,65.6,66.0,22,-3,0,0,0.41,99.58,100.0
2026-05-28,7669,碩正科技,749.21,774.0,737.0,737.0,106,0,0,0,0.0,0.0,0.0
2026-05-28,7689,大鵬科CLMX,247.46,258.5,245.0,250.0,56,0,0,0,0.0,0.0,0.0
2026-05-28,7702,前端風電,19.18,19.7,19.5,19.5,4,0,0,0,0.0,0.0,0.0
2026-05-28,7703,銳澤,214.5,215.0,204.0,206.5,241,-137,0,0,2.3,97.69,100.0
2026-05-28,7704,明遠精密,61.9,62.9,59.6,60.2,303,-4,0,0,1.0,98.99,100.0
2026-05-28,7705,三商餐飲,30.45,30.75,30.4,30.7,34,10,0,0,1.46,98.53,100.0
2026-05-28,7706,宏碁創達,38.44,38.3,38.0,38.0,3,0,0,0,0.0,0.0,0.0
2026-05-28,7707,益芯科,156.64,158.0,146.5,149.0,221,0,0,0,0.0,0.0,0.0
2026-05-28,7708,全家餐飲,92.0,92.4,92.0,92.2,10,0,0,0,0.4,99.59,100.0
2026-05-28,7709,榮田,94.5,100.5,94.5,100.5,832,15,0,18,1.81,98.18,100.0
2026-05-28,7710,東擎科技,253.4,255.0,250.0,250.0,7,0,0,0,0.0,0.0,0.0
2026-05-28,7711,永擎,390.0,393.5,360.0,366.0,885,3,0,0,1.01,98.98,100.0
2026-05-28,7712,博盛半導體,173.0,176.5,160.0,162.5,1381,-20,0,-7,2.51,97.48,100.0
2026-05-28,7713,威力德生醫,66.9,67.5,66.9,67.1,7,0,0,0,0.1,99.89,100.0
2026-05-28,7714,創泓科技,117.0,117.0,114.0,114.5,107,14,0,0,1.0,98.99,100.0
2026-05-28,7715,裕山,27.9,28.0,27.5,28.0,69,-10,0,0,0.7,99.29,100.0
2026-05-28,7716,昱臺國際,25.6,25.6,25.35,25.4,5,0,0,0,0.01,99.98,100.0
2026-05-28,7717,萊德光電-KY,654.0,673.0,628.0,628.0,390,19,0,-23,16.68,83.31,100.0
2026-05-28,7718,友鋮,48.35,49.65,48.35,48.5,81,-13,0,0,0.75,99.24,100.0
2026-05-28,7719,碳基,40.01,41.3,39.25,40.15,283,-2,0,0,0.0,0.0,0.0
2026-05-28,7721,微程式,74.0,77.0,73.6,73.9,366,-13,0,1,1.66,98.33,100.0
2026-05-28,7722,LINEPAY,260.5,260.5,256.0,258.5,95,27,0,-1,59.54,40.45,100.0
2026-05-28,7723,築間,23.2,23.45,22.6,22.7,113,2,0,0,0.44,99.55,100.0
2026-05-28,7724,諾亞克,23.17,23.3,22.9,22.9,12,0,0,0,0.0,0.0,0.0
2026-05-28,7725,列特博,20.9,20.75,20.75,20.75,3,0,0,0,0.0,0.0,0.0
2026-05-28,7726,暄達,32.89,33.85,32.3,33.85,1,0,0,0,0.0,0.0,0.0
2026-05-28,7728,光焱科技,748.0,788.0,727.0,778.0,233,83,0,0,2.28,97.71,100.0
2026-05-28,7729,仲恩生醫,70.11,69.9,68.6,69.5,420,0,0,0,0.0,0.0,0.0
2026-05-28,7730,暉盛-創,213.0,224.0,210.5,214.0,134,39,0,2,2.55,97.44,100.0
2026-05-28,7731,火星生技*,5.54,5.83,5.44,5.46,1877,5,0,0,0.0,0.0,0.0
2026-05-28,7732,金興精密,36.0,36.5,35.5,36.0,48,10,0,-1,0.29,99.7,100.0
2026-05-28,7734,印能科技,3885.0,4160.0,3535.0,3670.0,423,11,-20,-6,3.71,96.28,100.0
2026-05-28,7736,虎山,73.0,78.2,73.0,73.7,126,-1,0,0,1.15,98.84,100.0
2026-05-28,7737,凱鈿,41.82,42.4,40.3,41.5,15,0,0,0,0.0,0.0,0.0
2026-05-28,7738,東聯互動,166.0,167.5,165.5,166.0,55,-8,0,0,0.29,99.7,100.0
2026-05-28,7740,熙特爾-創,169.5,182.0,167.0,179.0,1094,494,0,-1,5.62,94.37,100.0
2026-05-28,7742,天弘化,151.33,154.5,143.5,145.0,592,-3,0,0,0.0,0.0,0.0
2026-05-28,7743,金利食安,18.95,18.95,18.5,18.5,31,0,0,0,2.88,97.11,100.0
2026-05-28,7744,崴寶,498.5,505.0,478.0,478.0,279,52,0,0,28.12,71.87,100.0
2026-05-28,7745,紅陽,17.02,0.0,0.0,0.0,0,0,0,0,0.0,0.0,0.0
2026-05-28,7747,昕奇雲端,127.5,127.5,127.5,127.5,1,0,0,0,0.73,99.26,100.0
2026-05-28,7748,鑫囍創業,20.19,20.0,19.3,20.0,4,0,0,0,0.0,0.0,0.0
2026-05-28,7749,意騰-KY,502.0,515.0,486.0,488.0,687,-81,0,-10,22.89,77.1,100.0
2026-05-28,7750,新代,2550.0,2550.0,2300.0,2375.0,409,58,0,-11,16.74,83.25,100.0
2026-05-28,7751,竑騰,1680.0,1765.0,1675.0,1725.0,87,-5,0,12,4.04,95.95,100.0
2026-05-28,7752,世紀樺欣,26.63,26.8,26.15,26.65,157,0,0,0,0.0,0.0,0.0
2026-05-28,7753,星亞,45.2,45.2,42.15,42.4,72,-3,0,0,0.24,99.75,100.0
2026-05-28,7754,安基生技,58.24,60.2,58.1,58.2,274,-2,0,0,0.0,0.0,0.0
2026-05-28,7756,多那之,41.74,43.0,40.85,40.85,8,0,0,0,0.0,0.0,0.0
2026-05-28,7757,金色三麥,104.5,104.5,103.5,104.0,28,0,0,0,19.47,80.52,100.0
2026-05-28,7758,睿騰能源,49.29,47.5,46.8,46.8,6,0,0,0,0.0,0.0,0.0
2026-05-28,7759,視航生醫,34.51,35.0,32.7,33.3,52,0,0,0,0.0,0.0,0.0
2026-05-28,7760,享溫馨,32.75,32.85,32.75,32.85,93,32,0,0,0.11,99.88,100.0
2026-05-28,7761,三大未來,38.92,39.9,37.1,38.9,155,0,0,0,0.0,0.0,0.0
2026-05-28,7762,吉晟生,52.97,54.6,52.6,54.6,31,-1,0,0,0.0,0.0,0.0
2026-05-28,7763,崇舜,204.44,203.0,188.0,191.5,246,0,0,0,0.0,0.0,0.0
2026-05-28,7764,聖州,12.7,13.1,12.65,12.85,57,0,0,0,0.0,0.0,0.0
2026-05-28,7765,中華資安,242.5,252.0,241.0,247.5,133,21,0,-3,0.63,99.36,100.0
2026-05-28,7767,仁大資訊,43.4,43.4,42.9,42.9,33,-2,0,0,0.1,99.89,100.0
2026-05-28,7768,頌勝科技,381.5,381.5,365.5,365.5,216,-22,0,0,0.74,99.25,100.0
2026-05-28,7769,鴻勁,7945.0,8435.0,7605.0,7700.0,1512,-166,393,0,19.96,80.03,100.0
2026-05-28,7770,君曜,45.0,48.95,45.0,45.2,89,-3,0,-15,0.2,99.79,100.0
2026-05-28,7771,綠基,54.18,55.7,52.1,54.5,9,0,0,0,0.0,0.0,0.0
2026-05-28,7772,耀穎,151.5,156.0,147.5,151.5,257,-38,0,0,0.4,99.59,100.0
2026-05-28,7773,富禾生醫,30.13,31.7,30.0,31.05,48,0,0,0,0.0,0.0,0.0
2026-05-28,7776,奧孟亞,26.07,26.0,24.75,25.8,78,0,0,0,0.0,0.0,0.0
2026-05-28,7777,能率亞洲,35.85,38.5,35.45,37.9,7853,1600,0,130,1.18,98.81,100.0
2026-05-28,7779,鍇睿國際,12.22,12.2,12.05,12.2,4,0,0,0,0.0,0.0,0.0
2026-05-28,7780,大研生醫*,17.75,17.75,17.5,17.6,2705,138,0,-3,0.5,99.49,100.0
2026-05-28,7781,昕力資*,30.78,30.8,29.8,30.1,2757,125,0,0,0.0,0.0,0.0
2026-05-28,7782,光速火箭,25.4,26.35,25.25,26.15,24,-1,0,0,0.25,99.74,100.0
2026-05-28,7783,佳運,98.95,100.0,98.1,100.0,14,0,0,0,0.0,0.0,0.0
2026-05-28,7784,安邦生技*,10.37,10.5,9.35,9.89,556,0,0,0,0.0,0.0,0.0
2026-05-28,7785,北祥科服,34.15,33.0,32.0,32.0,13,0,0,0,0.0,0.0,0.0
2026-05-28,7786,東方風能,118.5,120.0,114.0,114.5,316,-139,0,1,1.32,98.67,100.0
2026-05-28,7788,松川精密,190.0,194.5,180.5,181.0,4004,3093,0,36,10.59,89.4,100.0
2026-05-28,7789,開展,35.1,0.0,0.0,0.0,0,0,0,0,0.0,0.0,0.0
2026-05-28,7790,思必瑞特,50.7,52.5,50.0,50.4,5,0,0,0,0.0,0.0,0.0
2026-05-28,7791,皇家可口,66.0,68.3,66.0,66.9,182,-12,0,0,0.59,99.4,100.0
2026-05-28,7792,安葆,269.0,273.5,255.5,256.0,153,-11,0,-8,17.97,82.02,100.0
2026-05-28,7794,宏碁智新,28.6,28.9,28.6,28.7,28,0,0,0,1.35,98.64,100.0
2026-05-28,7795,長廣,417.0,418.0,392.5,400.5,409,51,0,0,8.83,91.16,100.0
2026-05-28,7796,擷發科,98.23,98.8,97.6,98.4,104,-5,0,0,0.0,0.0,0.0
2026-05-28,7797,Q Burger,53.34,53.5,50.4,52.3,9,0,0,0,0.0,0.0,0.0
2026-05-28,7798,將捷,16.02,16.1,15.75,15.9,95,0,0,0,0.0,0.0,0.0
2026-05-28,7799,禾榮科,326.0,335.0,318.0,321.0,361,-5,0,2,3.81,96.18,100.0
2026-05-28,7801,華芸科技,148.45,146.5,131.0,139.0,179,0,0,0,0.0,0.0,0.0
2026-05-28,7803,雲象科技-創,23.3,23.3,22.0,22.4,403,-4,0,-19,2.47,97.52,100.0
2026-05-28,7805,威聯通,778.0,815.0,777.0,785.0,249,54,0,6,10.43,89.56,100.0
2026-05-28,7806,精華生醫,66.8,66.8,64.4,66.0,8,0,0,0,0.0,0.0,0.0
2026-05-28,7808,訊聯智藥,37.72,38.9,37.2,38.0,26,0,0,0,0.0,0.0,0.0
2026-05-28,7810,捷創科技,235.0,241.0,225.0,226.0,244,-7,0,-1,0.49,99.5,100.0
2026-05-28,7811,民盛,78.9,81.6,75.8,80.3,152,1,0,0,0.32,99.67,100.0
2026-05-28,7812,稜研科技*,97.63,98.0,89.0,93.5,312,0,0,0,0.0,0.0,0.0
2026-05-28,7813,宇辰系統,141.21,142.0,136.0,139.0,89,0,0,0,0.0,0.0,0.0
2026-05-28,7814,海昌生技,42.33,43.0,42.7,43.0,18,0,0,0,0.0,0.0,0.0
2026-05-28,7815,新特,486.44,485.0,458.5,465.5,178,0,0,0,0.0,0.0,0.0
2026-05-28,7816,來穎,66.37,75.3,66.5,69.1,234,0,0,0,0.0,0.0,0.0
2026-05-28,7818,溢泰實業,66.5,67.0,65.3,65.9,568,-18,0,0,0.09,99.9,100.0
2026-05-28,7819,精誠金融,46.0,47.55,45.85,45.95,397,34,0,0,1.71,98.28,100.0
2026-05-28,7820,立盈,130.5,130.5,126.0,126.5,100,-16,0,0,0.03,99.96,100.0
2026-05-28,7821,神數,43.05,43.8,42.7,42.95,276,19,0,0,0.43,99.56,100.0
2026-05-28,7822,倍利科,1145.0,1245.0,1110.0,1115.0,342,-55,0,2,0.67,99.32,100.0
2026-05-28,7823,奧義賽博-KY創,98.8,99.0,93.3,99.0,17,-1,0,0,25.86,74.13,100.0
2026-05-28,7824,智寶,45.54,47.5,45.8,47.25,11,0,0,0,0.0,0.0,0.0
2026-05-28,7825,和亞智慧,123.78,123.0,113.0,120.0,188,0,0,0,0.0,0.0,0.0
2026-05-28,7826,極風雲創,43.45,0.0,0.0,0.0,0,0,0,0,0.0,0.0,0.0
2026-05-28,7827,漢康-KY創,140.47,150.0,142.5,145.0,1138,9,0,0,0.0,100.0,100.0
2026-05-28,7828,創新服務,1485.0,1525.0,1385.0,1400.0,588,113,57,25,22.59,77.4,100.0
2026-05-28,7829,思捷優達-KY,41.11,43.45,41.5,43.45,43,0,0,0,0.0,0.0,0.0
2026-05-28,7831,捷博,37.1,0.0,0.0,0.0,0,0,0,0,0.0,0.0,0.0
2026-05-28,7832,智新生技*,11.55,11.5,11.35,11.5,156,0,0,0,0.0,0.0,0.0
2026-05-28,7833,綠岩能源,28.67,29.25,28.0,29.2,3,0,0,0,0.0,0.0,0.0
2026-05-28,7834,來毅數位,18.96,19.7,18.9,18.9,3,0,0,0,0.0,0.0,0.0
2026-05-28,7836,智生活,54.22,54.2,50.5,52.4,40,0,0,0,0.0,0.0,0.0
2026-05-28,7837,啟新生,103.0,105.0,103.0,105.0,7,0,0,0,0.0,0.0,0.0
2026-05-28,7839,達人網,67.59,67.0,64.9,64.9,1,0,0,0,0.0,0.0,0.0
2026-05-28,7840,祥圃,37.0,36.8,36.5,36.8,4,0,0,0,0.0,0.0,0.0
2026-05-28,7841,經貿聯網,28.73,28.7,28.0,28.0,6,0,0,0,0.0,0.0,0.0
2026-05-28,7842,天能綠電,115.0,115.5,110.0,110.5,118,1,0,0,0.03,99.96,100.0
2026-05-28,7843,英柏得,132.8,139.5,130.5,132.5,304,0,0,0,0.0,0.0,0.0
2026-05-28,7846,德揚,78.53,80.0,74.5,76.6,40,0,0,0,0.0,0.0,0.0
2026-05-28,7847,豊漁,21.45,22.4,21.5,21.5,28,0,0,0,0.0,0.0,0.0
2026-05-28,7848,騏億鑫,448.15,449.0,441.0,441.0,27,0,0,0,0.0,0.0,0.0
2026-05-28,7849,旭誼,173.29,175.0,167.0,175.0,0,0,0,0,0.0,0.0,0.0
2026-05-28,7850,寶泰生醫,17.9,18.45,17.65,18.05,108,1,0,0,0.0,0.0,0.0
2026-05-28,7851,慧康生技*-KY,39.99,41.1,39.0,40.65,64,0,0,0,0.0,0.0,0.0
2026-05-28,7853,政美應用,367.62,369.5,350.0,356.5,624,12,0,0,0.0,0.0,0.0
2026-05-28,7854,佐茂,96.52,106.0,93.6,96.8,137,0,0,0,0.0,0.0,0.0
2026-05-28,7855,和運租車,102.63,102.5,98.8,102.5,0,0,0,0,0.0,0.0,0.0
2026-05-28,7856,漢測,3498.55,3540.0,3145.0,3310.0,164,-10,0,0,0.0,0.0,0.0
2026-05-28,7857,合水先進,49.06,50.4,49.45,50.4,9,0,0,0,0.0,0.0,0.0
2026-05-28,7858,芝普,207.93,212.5,203.0,206.5,99,0,0,0,0.0,0.0,0.0
2026-05-28,7860,得生製藥,55.9,0.0,0.0,0.0,0,0,0,0,0.0,0.0,0.0
2026-05-28,7861,貝爾威勒,1434.23,1425.0,1305.0,1350.0,302,0,0,0,0.0,0.0,0.0
2026-05-28,7862,聚泰,33.42,33.5,31.35,31.4,14,0,0,0,0.0,0.0,0.0
2026-05-28,7863,中科物流,51.8,53.3,53.3,53.3,0,0,0,0,0.0,0.0,0.0
2026-05-28,7865,金聯成,56.72,73.5,59.0,69.2,529,-2,0,0,0.0,0.0,0.0
2026-05-28,7866,丹立,255.41,259.0,250.0,252.0,252,0,0,0,0.0,0.0,0.0
2026-05-28,7867,特力屋,59.48,60.0,59.4,59.7,10,0,0,0,0.0,0.0,0.0
2026-05-28,7868,聖育,96.61,99.9,90.4,95.3,230,0,0,0,0.0,0.0,0.0
2026-05-28,7869,宏于電機,375.03,392.0,380.0,385.0,7,0,0,0,0.0,0.0,0.0
2026-05-28,7870,聯剛科技,176.25,184.0,176.0,179.5,35,0,0,0,0.0,0.0,0.0
2026-05-28,7871,安立璽榮-KY,68.71,68.6,67.3,68.1,287,0,0,0,0.0,0.0,0.0
2026-05-28,7872,登豐,68.08,67.9,62.2,65.0,94,0,0,0,0.0,0.0,0.0
2026-05-28,7875,安圖斯,129.09,133.5,125.0,125.0,9,0,0,0,0.0,0.0,0.0
2026-05-28,7876,鼎晉生技,36.07,38.95,35.85,36.5,266,0,0,0,0.0,0.0,0.0
2026-05-28,7877,海利普,41.26,41.65,39.9,40.15,120,0,0,0,0.0,0.0,0.0
2026-05-28,7878,藥祇,282.03,285.0,276.5,281.0,216,-9,0,0,0.0,0.0,0.0
2026-05-28,7879,益材科技,124.22,125.0,114.5,117.5,490,0,0,0,0.0,0.0,0.0
2026-05-28,7880,聖凰,190.72,190.5,185.0,185.5,73,0,0,0,0.0,0.0,0.0
2026-05-28,7881,科明,103.21,103.0,100.5,101.0,2,0,0,0,0.0,0.0,0.0
2026-05-28,7882,倍利創投,21.82,22.1,21.55,21.6,137,0,0,0,0.0,0.0,0.0
2026-05-28,7883,饗賓,290.65,296.0,281.0,292.0,18,0,0,0,0.0,0.0,0.0
2026-05-28,7885,宏羚,24.25,26.1,24.1,26.1,27,0,0,0,0.0,0.0,0.0
2026-05-28,7886,科建,185.69,187.0,181.5,182.0,67,0,0,0,0.0,0.0,0.0
2026-05-28,7887,宇川精材,258.7,257.0,246.0,248.0,661,0,0,0,0.0,0.0,0.0
2026-05-28,7888,麗寶新藥,39.3,45.15,39.35,39.5,675,0,0,0,0.0,0.0,0.0
2026-05-28,7889,騰勢,83.7,84.0,83.0,83.2,2,0,0,0,0.0,0.0,0.0
2026-05-28,7890,明曜科技,110.39,118.5,112.0,113.0,15,0,0,0,0.0,0.0,0.0
2026-05-28,7891,博研醫藥,23.55,23.55,23.55,23.55,3,0,0,0,0.0,0.0,0.0
2026-05-28,7892,元鈦科,940.84,943.0,879.0,900.0,201,0,0,0,0.0,0.0,0.0
2026-05-28,7893,睿信,206.76,205.0,200.0,201.0,91,0,0,0,0.0,0.0,0.0
2026-05-28,7895,元進莊,69.43,70.0,69.0,70.0,3,0,0,0,0.0,0.0,0.0
2026-05-28,7896,喬越,265.6,266.0,254.5,265.5,5,0,0,0,0.0,0.0,0.0
2026-05-28,7897,禾迅綠電,40.45,40.0,38.95,38.95,4,0,0,0,0.0,0.0,0.0
2026-05-28,7898,乾瞻,903.19,840.0,649.0,670.0,1353,-1,0,0,0.0,0.0,0.0
2026-05-28,7899,景美,444.73,445.0,428.5,431.5,182,0,0,0,0.0,0.0,0.0
2026-05-28,7901,大大寬頻,74.72,75.8,73.3,75.8,10,0,0,0,0.0,0.0,0.0
2026-05-28,7902,宇越生醫*,39.19,40.15,38.55,39.95,228,0,0,0,0.0,0.0,0.0
2026-05-28,7904,任開數位,24.1,24.05,24.05,24.05,2,0,0,0,0.0,0.0,0.0
2026-05-28,7907,錸恩帕斯,270.02,277.0,259.0,271.0,30,0,0,0,0.0,0.0,0.0
2026-05-28,7909,鈺祥,786.64,770.0,718.0,724.0,145,0,0,0,0.0,0.0,0.0
2026-05-28,7911,阿波羅電力,119.27,125.0,117.0,120.0,223,4,0,0,0.0,0.0,0.0
2026-05-28,7912,新聿科,615.52,696.0,568.0,576.0,516,0,0,0,0.0,0.0,0.0
2026-05-28,7913,通寶半導體,309.33,303.0,261.5,274.5,166,0,0,0,0.0,0.0,0.0
2026-05-28,7915,廌家,708.24,746.0,690.0,691.0,40,0,0,0,0.0,0.0,0.0
2026-05-28,7918,創鉅材料,1231.24,1250.0,1150.0,1215.0,149,0,0,0,0.0,0.0,0.0
2026-05-28,7919,禾蒼,70.4,72.0,66.3,69.4,123,0,0,0,0.0,0.0,0.0
2026-05-28,7920,瀚陽*,8.16,8.33,7.87,8.02,2654,0,0,0,0.0,0.0,0.0
2026-05-28,7921,台普威,159.23,150.5,126.0,149.5,1072,1,0,0,0.0,0.0,0.0
2026-05-28,7922,源點*,121.32,123.5,110.0,120.0,78,0,0,0,0.0,0.0,0.0
2026-05-28,8011,台通,17.5,18.4,17.5,17.75,1670,117,0,-2,2.59,97.4,100.0
2026-05-28,8016,矽創,303.5,305.0,297.0,300.0,3268,0,-10,-36,36.68,63.31,100.0
2026-05-28,8021,尖點,442.5,453.0,418.0,418.0,1417,226,0,-17,20.46,79.53,100.0
2026-05-28,8024,佑華,12.7,12.85,12.45,12.65,61,7,0,0,1.78,98.21,100.0
2026-05-28,8027,鈦昇,250.0,253.5,242.0,245.5,1336,151,0,-4,7.85,92.14,100.0
2026-05-28,8028,昇陽半導體,310.5,338.5,306.5,334.5,20115,-276,3351,-347,27.19,72.8,100.0
2026-05-28,8032,光菱,46.5,46.5,44.0,44.0,379,1,0,0,0.87,99.12,100.0
2026-05-28,8033,雷虎,135.0,138.0,134.5,135.0,2879,-32,0,-33,4.22,95.77,100.0
2026-05-28,8034,榮群,23.7,24.15,23.6,23.75,397,14,0,0,6.67,93.32,100.0
2026-05-28,8038,長園科,40.7,41.2,39.85,39.9,539,-61,0,0,0.52,99.47,100.0
2026-05-28,8039,台虹,162.0,162.0,150.0,153.5,21144,-3165,-14,-320,17.91,82.08,100.0
2026-05-28,8040,九暘,113.5,120.0,107.0,109.5,3727,-381,0,0,4.64,95.35,100.0
2026-05-28,8042,金山電,137.0,158.5,137.0,151.5,1077,-13,0,-84,17.5,82.49,100.0
2026-05-28,8043,蜜望實,130.5,144.0,126.5,128.5,31487,571,0,-7,4.66,95.33,100.0
2026-05-28,8044,網家,28.05,29.1,27.85,28.85,1916,68,0,2,5.58,94.41,100.0
2026-05-28,8045,達運光電,65.2,65.4,64.0,64.6,307,43,0,-78,1.13,98.86,100.0
2026-05-28,8046,南電,905.0,909.0,837.0,850.0,20528,-4031,-1987,-58,11.11,88.88,100.0
2026-05-28,8047,星雲,44.1,44.7,42.8,43.45,50,-23,0,0,0.46,99.53,100.0
2026-05-28,8048,德勝,63.9,65.2,61.0,61.4,518,-73,0,0,14.62,85.37,100.0
2026-05-28,8049,晶采,27.05,27.2,26.85,27.05,344,100,0,0,2.66,97.33,100.0
2026-05-28,8050,廣積,57.9,60.5,57.1,58.2,4821,-579,1,6,3.44,96.55,100.0
2026-05-28,8054,安國,107.5,109.5,102.0,103.5,2322,99,0,44,4.88,95.11,100.0
2026-05-28,8058,耐特,106.24,106.5,101.5,103.5,222,0,0,0,0.0,0.0,0.0
2026-05-28,8059,凱碩,19.8,19.9,18.95,19.05,537,75,0,0,0.7,99.29,100.0
2026-05-28,8064,東捷,143.0,146.0,130.0,133.0,12882,-1859,0,-112,9.0,90.99,100.0
2026-05-28,8066,來思達,15.5,16.0,15.3,15.9,151,-10,0,0,3.01,96.98,100.0
2026-05-28,8067,志旭,12.85,13.55,12.85,13.55,14,0,0,0,8.42,91.57,100.0
2026-05-28,8068,全達,19.8,20.4,19.5,19.55,489,-76,0,0,9.6,90.39,100.0
2026-05-28,8069,元太,245.0,251.0,228.5,233.0,6102,-676,58,-211,41.32,58.67,100.0
2026-05-28,8070,長華*,50.8,53.9,49.9,50.9,11232,1373,-64,-86,10.06,89.93,100.0
2026-05-28,8071,能率網通,19.5,20.15,19.2,19.85,845,-10,0,0,4.03,95.96,100.0
2026-05-28,8072,陞泰,27.8,28.65,27.3,27.3,375,-50,0,-2,2.06,97.93,100.0
2026-05-28,8074,鉅橡,78.0,79.5,75.0,75.5,1726,11,0,-14,5.74,94.25,100.0
2026-05-28,8076,伍豐,23.8,24.3,23.5,23.6,1518,383,0,20,6.2,93.79,100.0
2026-05-28,8077,洛碁,44.65,46.95,44.65,46.75,9,0,0,0,51.12,48.87,100.0
2026-05-28,8080,永利聯合,27.85,27.85,27.15,27.15,42,-3,0,0,0.1,99.89,100.0
2026-05-28,8080,泰霖,27.85,27.85,27.15,27.15,42,-3,0,0,0.1,99.89,100.0
2026-05-28,8081,致新,289.0,290.0,278.5,286.5,1756,-168,13,-3,20.84,79.15,100.0
2026-05-28,8083,瑞穎,168.0,168.5,166.0,167.0,59,-13,0,0,3.14,96.85,100.0
2026-05-28,8084,巨虹,45.5,47.5,45.0,46.35,151,19,0,0,1.14,98.85,100.0
2026-05-28,8085,福華,11.1,11.3,10.9,11.0,640,49,0,0,4.39,95.6,100.0
2026-05-28,8086,宏捷科,174.5,175.5,161.0,165.5,9736,990,0,-234,26.24,73.75,100.0
2026-05-28,8087,華鎂鑫,32.6,32.7,32.25,32.25,35,0,0,0,3.02,96.97,100.0
2026-05-28,8087,麗升能源,32.6,32.7,32.25,32.25,35,0,0,0,3.02,96.97,100.0
2026-05-28,8088,品安,61.2,62.7,59.4,60.4,8879,-788,0,0,4.05,95.94,100.0
2026-05-28,8089,康全電訊,20.0,20.15,19.55,19.75,266,-3,0,0,4.43,95.56,100.0
2026-05-28,8091,翔名,266.0,269.0,255.0,258.0,457,15,0,-10,13.43,86.56,100.0
2026-05-28,8092,建暐,17.85,18.55,17.35,17.6,169,29,0,0,0.57,99.42,100.0
2026-05-28,8093,保銳,17.3,18.0,17.3,17.5,19,0,0,0,0.05,99.94,100.0
2026-05-28,8096,擎亞,121.5,129.0,120.0,121.0,14092,2087,0,238,31.46,68.53,100.0
2026-05-28,8097,常珵,57.2,58.5,57.2,57.8,62,10,0,0,2.8,97.19,100.0
2026-05-28,8098,慶康科技,382.57,389.0,353.0,380.5,47,2,0,0,0.0,0.0,0.0
2026-05-28,8099,大世科,60.0,60.7,59.7,60.5,93,20,0,0,3.49,96.5,100.0
2026-05-28,8101,華冠,13.25,13.8,13.25,13.8,5,0,0,0,0.05,99.94,100.0
2026-05-28,8102,傑霖科技,62.6,63.0,62.0,62.0,15,-4,0,0,0.15,99.84,100.0
2026-05-28,8103,瀚荃,108.0,108.5,100.0,101.5,2143,223,0,-57,24.25,75.74,100.0
2026-05-28,8104,錸寶,40.95,40.95,40.6,40.95,5254,345,0,51,3.26,96.73,100.0
2026-05-28,8105,凌巨,16.8,17.4,16.35,16.6,6087,153,0,-5,42.09,57.9,100.0
2026-05-28,8107,大億金茂,11.5,12.3,11.45,12.3,556,70,0,0,0.62,99.37,100.0
2026-05-28,8109,博大,122.5,129.0,121.5,126.0,722,18,0,3,5.15,94.84,100.0
2026-05-28,8110,華東,61.9,66.0,60.3,62.0,114740,-2505,0,353,2.62,97.37,100.0
2026-05-28,8111,立碁,68.0,68.6,64.4,64.4,2468,-567,0,-38,5.6,94.39,100.0
2026-05-28,8112,至上,86.0,89.3,85.1,86.0,47052,222,-43,552,18.95,81.04,100.0
2026-05-28,8114,振樺電,270.0,276.5,241.0,246.0,1306,-178,0,-49,11.89,88.02,100.0
2026-05-28,8119,公信,11.75,11.75,10.85,10.85,251,-39,0,0,0.0,0.0,0.0
2026-05-28,8121,越峰,41.2,42.3,39.7,40.0,2736,276,0,0,2.16,97.83,100.0
2026-05-28,8131,福懋科,70.0,72.8,68.2,69.2,13249,1648,0,115,4.02,95.97,100.0
2026-05-28,8147,正淩,175.0,179.5,169.0,170.0,883,-81,0,-23,20.33,79.66,100.0
2026-05-28,8150,南茂,98.8,103.0,98.5,103.0,112421,7028,405,-116,44.8,55.19,100.0
2026-05-28,8155,博智,406.5,414.0,387.0,393.5,1817,-69,0,-77,10.6,89.39,100.0
2026-05-28,8162,微矽電子-創,72.1,78.0,69.6,77.0,1621,-232,0,-5,2.04,97.95,100.0
2026-05-28,8163,達方,36.0,38.5,36.0,36.75,8111,1062,0,-3,7.4,92.59,100.0
2026-05-28,8171,天宇,23.3,23.7,22.85,22.95,236,60,0,0,3.04,96.95,100.0
2026-05-28,8176,智捷,9.97,10.25,9.97,10.0,276,72,0,0,1.03,98.96,100.0
2026-05-28,8182,加高,44.65,48.5,44.35,47.5,11345,419,0,4,53.11,46.88,100.0
2026-05-28,8183,精星,32.75,33.3,31.8,32.15,889,42,0,0,3.84,96.15,100.0
2026-05-28,8201,無敵,13.05,13.15,13.0,13.0,161,24,0,0,0.76,99.23,100.0
2026-05-28,8210,勤誠,1400.0,1420.0,1315.0,1325.0,1726,-215,-145,-26,10.22,89.77,100.0
2026-05-28,8213,志超,40.6,41.2,38.7,38.9,1626,-210,0,-6,22.96,77.03,100.0
2026-05-28,8215,明基材,29.2,29.65,28.1,28.7,3499,-102,0,0,1.96,98.03,100.0
2026-05-28,8222,寶一,35.25,36.3,35.05,35.75,692,187,0,-5,2.68,97.31,100.0
2026-05-28,8227,巨有科技,224.5,228.0,206.0,212.5,2176,-125,0,-93,3.03,96.96,100.0
2026-05-28,8234,新漢,71.3,72.6,68.0,68.2,1050,-219,0,-16,2.6,97.39,100.0
2026-05-28,8240,華宏,68.3,68.6,63.5,63.8,1653,-129,0,-19,4.98,95.01,100.0
2026-05-28,8249,菱光,56.5,57.4,54.6,54.8,1592,28,0,-9,1.06,98.93,100.0
2026-05-28,8255,朋程,186.0,200.0,179.5,184.5,6535,199,0,78,11.25,88.74,100.0
2026-05-28,8261,富鼎,190.0,198.0,183.5,190.0,16676,-751,0,-18,9.84,90.15,100.0
2026-05-28,8271,宇瞻,234.5,243.0,231.5,237.0,7539,897,0,39,12.73,87.26,100.0
2026-05-28,8272,全景軟體,71.5,71.5,69.6,69.6,8,-1,0,0,0.21,99.78,100.0
2026-05-28,8277,商丞,7.2,7.83,7.2,7.83,434,7,0,0,1.9,98.09,100.0
2026-05-28,8279,生展,97.2,97.3,96.1,96.3,12,2,0,0,5.5,94.49,100.0
2026-05-28,8284,三竹,63.1,63.6,63.0,63.1,19,0,0,0,0.91,99.08,100.0
2026-05-28,8289,泰藝,69.1,75.7,69.1,75.7,13622,1320,0,-9,6.9,93.09,100.0
2026-05-28,8291,尚茂,133.0,133.0,133.0,133.0,67,-1,0,0,73.45,26.54,100.0
2026-05-28,8298,威睿,49.41,50.5,48.05,48.95,100,-4,0,0,0.0,0.0,0.0
2026-05-28,8299,群聯,2475.0,2535.0,2410.0,2450.0,7044,698,-262,-44,35.79,64.2,100.0
2026-05-28,8329,台視,10.26,10.3,9.9,10.3,34,0,0,0,0.0,0.0,0.0
2026-05-28,8341,日友,75.3,75.6,74.6,74.8,265,-2,0,-1,4.16,95.83,100.0
2026-05-28,8342,益張,91.1,91.2,91.1,91.2,4,-1,0,0,0.13,99.86,100.0
2026-05-28,8345,超秦,55.02,55.8,54.5,54.7,24,0,0,0,0.0,0.0,0.0
2026-05-28,8349,恒耀,41.0,41.55,40.35,40.8,293,7,0,0,1.15,98.84,100.0
2026-05-28,8354,冠好,17.0,17.3,16.75,17.1,293,7,0,0,0.77,99.22,100.0
2026-05-28,8358,金居,555.0,578.0,550.0,553.0,4870,237,-1,-77,34.27,65.72,100.0
2026-05-28,8359,錢櫃,64.65,65.1,64.1,65.1,45,0,0,0,0.0,0.0,0.0
2026-05-28,8367,建新國際,40.8,40.8,40.45,40.5,5,2,0,0,1.51,98.48,100.0
2026-05-28,8374,羅昇,107.0,109.0,100.0,102.0,2003,335,0,-47,3.24,96.75,100.0
2026-05-28,8383,千附,60.9,62.6,59.9,60.0,1493,230,0,2,13.83,86.16,100.0
2026-05-28,8390,金益鼎,120.0,124.5,119.5,121.0,1365,408,0,0,22.63,77.36,100.0
2026-05-28,8401,白紗科,24.0,24.0,23.15,23.2,79,-31,0,0,0.18,99.81,100.0
2026-05-28,8403,盛弘,19.25,19.35,19.1,19.3,264,88,0,0,1.73,98.26,100.0
2026-05-28,8404,百和興業-KY,16.45,16.9,16.15,16.15,407,1,0,1,52.84,47.15,100.0
2026-05-28,8409,商之器,19.1,19.1,19.05,19.05,18,0,0,0,0.12,99.87,100.0
2026-05-28,8410,森田,33.85,34.15,33.0,33.35,212,-5,0,0,0.65,99.34,100.0
2026-05-28,8411,福貞-KY,12.05,12.05,11.8,11.8,198,12,0,0,53.77,46.22,100.0
2026-05-28,8415,大國鋼,34.8,34.85,34.3,34.5,624,-80,0,-15,6.65,93.34,100.0
2026-05-28,8416,實威,189.0,189.0,189.0,189.0,121,26,0,13,0.85,99.14,100.0
2026-05-28,8421,旭源,13.6,13.6,13.35,13.35,5,0,0,0,0.55,99.44,100.0
2026-05-28,8422,可寧衛,27.3,27.45,26.6,26.7,8073,35,-24,-54,4.69,95.3,100.0
2026-05-28,8422,可寧衛*,27.3,27.45,26.6,26.7,8073,35,-24,-54,4.69,95.3,100.0
2026-05-28,8423,保綠-KY,17.8,18.0,17.4,17.4,21,-1,0,0,24.93,75.06,100.0
2026-05-28,8424,惠普,73.0,73.0,72.6,73.0,29,0,0,0,0.52,99.47,100.0
2026-05-28,8426,紅木-KY,22.65,22.65,21.6,21.6,14,-4,0,0,67.57,32.42,100.0
2026-05-28,8429,金麗-KY,6.37,6.38,6.18,6.21,460,-261,0,0,30.04,69.95,100.0
2026-05-28,8431,匯鑽科,57.3,58.1,55.6,55.9,811,-38,0,-17,2.33,97.66,100.0
2026-05-28,8432,東生華,49.8,50.1,49.8,50.0,21,0,0,0,0.85,99.14,100.0
2026-05-28,8433,弘帆,52.6,52.9,51.7,51.7,54,0,0,0,1.43,98.56,100.0
2026-05-28,8435,鉅邁,54.8,55.2,54.6,54.7,34,0,0,0,0.54,99.45,100.0
2026-05-28,8436,大江,117.0,120.0,116.5,120.0,732,477,-7,1,14.74,85.24,100.0
2026-05-28,8437,大地-KY,11.8,11.95,11.55,11.55,39,-3,0,0,24.21,75.78,100.0
2026-05-28,8438,昶昕,88.2,89.4,84.1,86.0,554,-115,0,-33,3.05,96.94,100.0
2026-05-28,8440,綠電,25.0,25.9,23.35,23.4,1792,-222,0,3,0.92,99.07,100.0
2026-05-28,8442,威宏-KY,39.8,40.1,39.55,39.75,73,40,0,1,55.78,44.21,100.0
2026-05-28,8443,阿瘦,11.2,11.3,11.15,11.3,35,11,0,0,3.74,96.25,100.0
2026-05-28,8444,綠河-KY,5.64,6.0,5.6,5.6,41,-1,0,0,58.55,41.44,100.0
2026-05-28,8446,華研,85.5,86.7,85.2,85.6,185,-16,0,0,4.77,95.22,100.0
2026-05-28,8450,霹靂,15.6,15.6,15.3,15.5,73,6,0,0,0.1,49.88,49.99
2026-05-28,8454,富邦媒,193.5,210.0,193.5,210.0,2765,256,-22,50,12.81,87.18,100.0
2026-05-28,8455,大拓-KY,40.6,43.7,40.05,43.7,127,-2,0,0,87.8,12.19,100.0
2026-05-28,8458,影一,14.95,14.85,14.1,14.65,17,-4,0,0,0.0,0.0,0.0
2026-05-28,8462,柏文,137.5,139.5,137.0,138.5,104,-37,0,-1,3.72,96.27,100.0
2026-05-28,8463,潤泰材,22.1,22.1,21.55,21.65,80,11,0,0,0.38,99.61,100.0
2026-05-28,8464,億豐,311.0,311.0,302.5,308.5,650,106,0,0,42.14,57.85,100.0
2026-05-28,8466,美吉吉-KY,16.75,16.8,15.6,16.0,292,-88,0,0,50.2,49.79,100.0
2026-05-28,8467,波力-KY,129.0,129.0,126.5,126.5,19,4,0,0,46.46,53.53,100.0
2026-05-28,8472,夠麻吉,70.5,73.0,68.3,71.0,48,4,0,0,1.36,98.63,100.0
2026-05-28,8473,山林水,43.8,46.95,43.8,45.95,4176,595,0,-4,3.94,96.05,100.0
2026-05-28,8476,台境,15.2,15.55,15.2,15.35,367,47,0,-1,1.4,98.59,100.0
2026-05-28,8476,台境*,15.2,15.55,15.2,15.35,367,47,0,-1,1.4,98.59,100.0
2026-05-28,8477,創業家,22.75,22.75,19.7,20.0,829,10,0,-4,0.25,99.74,100.0
2026-05-28,8478,東哥遊艇,151.5,151.5,149.5,150.0,197,-60,0,-2,39.4,60.59,100.0
2026-05-28,8481,政伸,40.8,41.1,40.7,41.1,22,11,0,0,0.41,99.58,100.0
2026-05-28,8482,商億-KY,49.0,49.0,49.0,49.0,3,-1,0,0,91.72,8.27,100.0
2026-05-28,8487,愛爾達-創,81.6,81.6,80.5,80.7,61,-6,0,3,0.92,49.06,49.99
2026-05-28,8488,吉源-KY,9.76,9.76,9.76,9.76,1,0,0,0,69.56,30.43,100.0
2026-05-28,8489,三貝德,22.75,23.05,22.45,22.7,132,46,0,0,3.35,96.64,100.0
2026-05-28,8499,鼎炫-KY,313.0,319.5,309.5,314.0,156,-10,0,-1,72.07,27.92,100.0
2026-05-28,8905,裕國,29.8,30.0,29.35,30.0,9,0,0,0,0.49,99.5,100.0
2026-05-28,8906,花王,24.8,24.8,24.5,24.5,33,0,0,0,0.42,99.57,100.0
2026-05-28,8908,欣雄,40.8,40.8,40.3,40.8,334,45,0,0,0.29,99.7,100.0
2026-05-28,8916,光隆,45.3,45.55,44.8,45.15,141,-20,0,0,2.86,97.13,100.0
2026-05-28,8917,欣泰,53.1,53.5,53.1,53.3,18,0,0,0,1.43,98.56,100.0
2026-05-28,8921,沈氏,18.55,18.55,17.8,18.5,3,0,0,0,0.18,99.81,100.0
2026-05-28,8923,時報,19.95,19.95,19.95,19.95,1,0,0,0,4.14,95.85,100.0
2026-05-28,8924,大田,63.5,64.1,63.4,63.6,253,19,0,0,2.54,97.45,100.0
2026-05-28,8926,台汽電,71.0,71.6,66.9,67.3,20222,-2084,0,-14,11.36,88.63,100.0
2026-05-28,8927,北基,18.25,18.4,18.1,18.15,432,155,0,0,0.9,99.09,100.0
2026-05-28,8928,鉅明,21.1,21.25,20.9,20.9,81,2,0,0,0.33,99.66,100.0
2026-05-28,8929,富堡,13.75,13.75,13.45,13.55,107,-7,0,0,0.26,99.73,100.0
2026-05-28,8930,青鋼,28.7,28.7,28.35,28.45,58,-27,0,0,2.62,97.37,100.0
2026-05-28,8931,大汽電,43.1,43.5,42.15,42.15,72,-16,0,0,0.19,99.8,100.0
2026-05-28,8932,智通*,101.0,102.0,96.2,97.0,5066,-275,0,-57,28.32,71.67,100.0
2026-05-28,8933,愛地雅,4.3,4.73,4.26,4.73,618,97,0,0,1.07,98.92,100.0
2026-05-28,8935,邦泰,19.75,20.4,19.75,19.85,700,217,0,0,2.28,97.71,100.0
2026-05-28,8936,國統,49.95,52.3,49.95,51.3,5354,2263,-15,-1,9.59,90.4,100.0
2026-05-28,8937,合騏*,30.1,30.4,27.4,28.2,594,58,0,-21,5.57,94.42,100.0
2026-05-28,8938,明安,52.7,53.0,52.3,52.6,245,61,0,0,6.41,93.58,100.0
2026-05-28,8940,新天地,16.8,16.8,16.55,16.6,56,6,0,0,8.31,91.68,100.0
2026-05-28,8941,關中,43.7,44.2,43.45,43.8,17,-2,0,0,0.19,99.8,100.0
2026-05-28,8942,森鉅,40.5,42.2,40.5,41.45,775,286,0,0,13.84,86.15,100.0
2026-05-28,8996,高力,1195.0,1205.0,1095.0,1095.0,4103,-377,-286,-50,33.11,66.88,100.0
2026-05-28,8999,台灣積層,37.57,37.05,37.05,37.05,0,0,0,0,0.0,0.0,0.0
2026-05-28,9103,美德醫療-DR,5.5,5.55,5.27,5.3,2198,-568,0,-1,1.83,98.16,100.0
2026-05-28,9105,泰金寶-DR,8.9,9.25,8.4,8.51,233675,-18076,0,-902,2.04,97.95,100.0
2026-05-28,9110,越南控-DR,2.92,2.92,2.7,2.71,112,0,0,0,0.04,99.95,100.0
2026-05-28,9136,巨騰-DR,11.55,11.6,10.9,11.15,1047,-188,0,0,3.05,96.94,100.0
2026-05-28,9802,鈺齊-KY,74.0,74.4,72.4,73.5,1249,245,-52,0,41.73,58.26,100.0
2026-05-28,9902,台火,13.85,14.1,13.65,13.7,161,-14,0,0,1.51,98.48,100.0
2026-05-28,9904,寶成,25.35,25.5,25.1,25.2,16106,-5062,-2252,-26,32.43,67.56,100.0
2026-05-28,9905,大華,20.8,20.8,20.65,20.65,47,15,0,0,2.21,97.78,100.0
2026-05-28,9906,欣巴巴,33.4,34.45,32.75,34.1,231,-13,0,2,1.18,98.81,100.0
2026-05-28,9907,統一實,15.85,15.95,15.8,15.8,2923,-1786,-72,-5,14.39,85.6,100.0
2026-05-28,9908,大台北,29.2,29.2,29.0,29.05,268,11,0,-2,1.45,98.54,100.0
2026-05-28,9910,豐泰,67.3,68.4,66.8,68.0,2558,-543,-87,-43,8.51,91.48,100.0
2026-05-28,9911,櫻花,82.5,82.5,81.3,81.5,489,-225,0,2,18.3,81.69,100.0
2026-05-28,9912,偉聯,12.4,12.6,12.4,12.5,23,2,0,0,15.88,84.11,100.0
2026-05-28,9914,美利達,65.2,66.0,63.8,66.0,1319,32,0,0,22.58,77.41,100.0
2026-05-28,9917,中保科,114.5,114.5,112.5,113.0,440,-11,-5,0,39.65,60.34,100.0
2026-05-28,9918,欣天然,43.7,45.0,43.45,44.35,152,72,0,0,2.7,97.29,100.0
2026-05-28,9919,康那香,14.2,14.25,14.0,14.1,449,-65,0,1,4.41,95.58,100.0
2026-05-28,9921,巨大,66.3,68.4,66.2,67.8,1825,93,0,-20,26.68,73.31,100.0
2026-05-28,9924,福興,41.7,42.2,41.6,42.2,102,5,0,0,10.61,89.38,100.0
2026-05-28,9925,新保,40.2,40.2,40.1,40.1,251,-38,0,-1,17.32,82.67,100.0
2026-05-28,9926,新海,48.95,49.35,48.95,49.0,24,6,0,0,0.66,99.33,100.0
2026-05-28,9927,泰銘,67.6,67.9,67.0,67.7,128,3,0,-1,6.52,93.47,100.0
2026-05-28,9928,中視,17.75,18.0,17.6,17.9,46,0,0,0,0.0,0.0,0.0
2026-05-28,9929,秋雨,11.25,11.6,11.2,11.4,12,3,0,0,0.45,99.54,100.0
2026-05-28,9930,中聯資源,68.5,68.5,67.9,68.1,92,14,0,-1,1.93,98.06,100.0
2026-05-28,9931,欣高,33.7,34.15,33.7,33.9,45,12,0,0,0.79,99.2,100.0
2026-05-28,9933,中鼎,39.35,39.7,38.75,38.9,3943,1098,0,-390,16.96,83.03,100.0
2026-05-28,9934,成霖,9.54,9.64,9.52,9.54,443,-9,0,0,12.77,87.22,100.0
2026-05-28,9935,慶豐富,18.5,18.95,18.5,18.6,527,263,0,0,5.55,94.44,100.0
2026-05-28,9937,全國,55.5,55.7,54.9,55.2,38,14,0,1,1.7,98.29,100.0
2026-05-28,9938,百和,42.35,42.7,42.05,42.1,2356,-843,-113,-1,10.51,89.48,100.0
2026-05-28,9939,宏全,124.0,124.0,121.5,123.0,1144,374,-12,-1,14.15,85.84,100.0
2026-05-28,9940,信義,18.6,18.65,18.45,18.55,501,33,0,29,3.53,96.46,100.0
2026-05-28,9941,裕融,72.7,73.4,72.4,72.8,1517,463,-72,-1,6.56,93.43,100.0
2026-05-28,9942,茂順,118.0,120.5,117.5,119.5,251,69,0,0,4.38,95.61,100.0
2026-05-28,9943,好樂迪,55.3,55.8,55.2,55.5,99,57,0,0,1.16,98.83,100.0
2026-05-28,9944,新麗,16.85,17.1,16.85,17.05,116,0,0,0,1.06,98.93,100.0
2026-05-28,9945,潤泰新,23.35,23.6,23.2,23.25,6031,855,0,20,7.92,92.07,100.0
2026-05-28,9946,三發地產,16.2,16.45,16.15,16.35,313,158,0,0,2.31,97.68,100.0
2026-05-28,9949,琉園,22.75,22.85,22.55,22.6,39,2,0,0,2.49,97.5,100.0
2026-05-28,9950,萬國通,10.8,11.0,10.6,10.85,73,4,0,0,0.04,99.95,100.0
2026-05-28,9951,皇田,52.5,53.0,52.2,52.6,174,0,0,0,4.69,95.3,100.0
2026-05-28,9955,佳龍,27.75,28.4,27.75,28.05,507,191,0,2,4.84,95.15,100.0
2026-05-28,9957,燁聯,6.4,6.32,6.06,6.25,683,19,0,0,0.0,0.0,0.0
2026-05-28,9958,世紀鋼,102.0,104.5,101.0,103.0,2508,259,0,9,11.86,88.13,100.0
2026-05-28,9960,邁達康,29.6,30.45,29.6,30.45,45,1,0,0,9.0,90.99,100.0
2026-05-28,9962,有益,9.62,9.62,9.5,9.61,31,-3,0,0,0.31,99.68,100.0
