date,stock_id,stock_name,open,high,low,close,volume,foreign_buy,trust_buy,dealer_buy,foreign_hold_ratio,foreign_remain_ratio,foreign_limit_ratio
2026-05-14,0050,元大台灣50,96.9,97.2,95.75,96.05,57229,-6046,580,-2,3.34,96.65,100.0
2026-05-14,0051,元大中型100,134.35,134.35,131.95,132.45,108,0,0,-51,0.45,99.54,100.0
2026-05-14,0052,富邦科技,57.0,57.15,56.2,56.6,25099,3903,-350,3449,2.12,97.87,100.0
2026-05-14,0053,元大電子,224.7,224.7,222.9,223.8,9,0,0,-3,0.74,99.25,100.0
2026-05-14,0055,元大MSCI金融,33.9,34.05,33.63,33.66,213,-14,0,-100,0.67,99.32,100.0
2026-05-14,0056,元大高股息,45.51,45.65,45.15,45.15,35738,-3947,0,14611,0.87,99.12,100.0
2026-05-14,0057,富邦摩台,289.95,289.95,286.0,287.1,5,0,0,-3,5.76,94.23,100.0
2026-05-14,0061,元大寶滬深,25.5,25.7,25.21,25.34,236,60,0,-55,4.58,95.41,100.0
2026-05-14,1101,台泥,24.65,24.8,24.4,24.55,29408,-13939,-14,-92,16.04,83.95,100.0
2026-05-14,1102,亞泥,35.0,35.45,35.0,35.2,13239,-1808,-436,-255,16.35,83.64,100.0
2026-05-14,1103,嘉泥,13.1,13.25,13.0,13.05,445,-159,0,-12,4.57,95.42,100.0
2026-05-14,1104,環泥,28.0,28.15,27.9,27.9,634,-347,-4,-49,15.65,84.34,100.0
2026-05-14,1108,幸福,14.2,14.2,13.9,13.95,496,-162,0,0,1.23,98.76,100.0
2026-05-14,1109,信大,15.3,15.3,14.95,15.2,922,-131,0,-6,2.35,97.64,100.0
2026-05-14,1110,東泥,14.4,14.55,14.1,14.4,273,-114,0,-1,5.86,94.13,100.0
2026-05-14,1201,味全,12.2,12.3,12.15,12.15,449,46,0,-6,5.09,94.9,100.0
2026-05-14,1203,味王,42.3,42.85,42.3,42.65,28,-8,0,-2,1.72,98.27,100.0
2026-05-14,1210,大成,52.3,52.9,52.3,52.6,1734,260,-104,-40,11.92,88.07,100.0
2026-05-14,1213,大飲,8.5,8.95,8.34,8.95,8,0,0,0,0.01,99.98,100.0
2026-05-14,1215,卜蜂,135.5,140.0,135.5,138.5,1672,-445,220,34,35.56,64.43,100.0
2026-05-14,1216,統一,74.6,75.6,74.6,74.8,12388,2394,-1482,78,32.58,67.41,100.0
2026-05-14,1217,愛之味,9.67,9.67,9.61,9.61,447,-244,0,-6,7.55,92.44,100.0
2026-05-14,1218,泰山,18.85,18.95,18.75,18.75,404,-164,0,-3,4.07,95.92,100.0
2026-05-14,1219,福壽,13.0,13.1,12.95,12.95,621,-51,0,-2,5.62,94.37,100.0
2026-05-14,1220,台榮,12.25,12.25,12.05,12.1,224,-93,0,0,7.12,92.87,100.0
2026-05-14,1225,福懋油,30.0,30.75,29.75,30.25,1223,-11,0,-1,1.38,98.61,100.0
2026-05-14,1227,佳格,28.8,28.95,28.55,28.55,1327,-663,-2,-34,5.6,94.39,100.0
2026-05-14,1229,聯華,40.3,40.6,39.8,39.95,3408,-1483,-7,-36,9.12,90.87,100.0
2026-05-14,1231,聯華食,85.7,86.6,85.7,85.8,261,11,-1,-8,2.73,97.26,100.0
2026-05-14,1232,大統益,148.0,149.0,147.5,147.5,106,-32,-1,-2,2.6,97.39,100.0
2026-05-14,1233,天仁,28.8,29.0,28.8,28.8,14,-6,0,0,5.6,94.39,100.0
2026-05-14,1234,黑松,34.6,34.6,33.9,34.0,533,-180,0,-1,4.77,95.22,100.0
2026-05-14,1235,興泰,42.45,42.45,40.0,40.0,22,-5,0,-1,0.26,99.73,100.0
2026-05-14,1236,宏亞,24.35,24.55,24.1,24.5,37,-5,0,3,0.45,99.54,100.0
2026-05-14,1240,茂生農經,58.7,58.7,58.3,58.3,9,1,0,0,3.65,96.34,100.0
2026-05-14,1256,鮮活果汁-KY,196.0,196.0,184.0,185.0,222,8,0,-2,4.77,95.22,100.0
2026-05-14,1259,安心,57.3,57.8,57.0,57.2,29,1,0,0,26.11,73.88,100.0
2026-05-14,1260,富味鄉,24.64,24.9,23.8,24.15,74,-4,0,0,0.0,0.0,0.0
2026-05-14,1264,德麥,271.5,273.0,271.5,272.0,34,3,0,-18,1.69,98.3,100.0
2026-05-14,1268,漢來美食,159.0,159.0,158.5,159.0,19,-1,0,0,1.55,98.44,100.0
2026-05-14,1269,乾杯,67.5,68.7,65.5,68.7,0,0,0,0,0.0,0.0,0.0
2026-05-14,1271,晨暉生技,65.35,66.6,61.6,62.5,174,1,0,0,0.0,0.0,0.0
2026-05-14,1293,利統,28.0,28.1,26.9,28.1,5,0,0,0,0.0,0.0,0.0
2026-05-14,1294,漢田生技,78.4,78.4,77.6,77.8,37,4,0,0,0.67,99.32,100.0
2026-05-14,1295,生合,51.1,51.6,50.5,50.9,73,6,0,0,1.98,98.01,100.0
2026-05-14,1301,台塑,46.85,47.1,46.0,46.1,18540,-3945,-54,-358,30.68,69.31,100.0
2026-05-14,1303,南亞,87.0,89.6,85.3,85.3,51575,-5958,-427,-102,33.01,66.98,100.0
2026-05-14,1304,台聚,12.85,12.85,12.55,12.75,4595,58,0,-99,27.91,72.08,100.0
2026-05-14,1305,華夏,12.75,12.8,12.5,12.65,3694,505,0,-38,4.18,95.81,100.0
2026-05-14,1307,三芳,31.9,32.1,31.7,31.9,900,106,-24,-3,6.95,93.04,100.0
2026-05-14,1308,亞聚,13.35,13.45,13.2,13.3,2589,670,0,-58,4.06,95.93,100.0
2026-05-14,1309,台達化,16.25,16.25,15.95,16.1,4148,1698,0,-8,2.89,97.1,100.0
2026-05-14,1310,台苯,8.35,8.35,8.02,8.04,5741,-583,0,19,4.73,95.26,100.0
2026-05-14,1312,國喬,11.0,11.05,10.6,10.65,6970,575,0,-154,4.37,95.62,100.0
2026-05-14,1313,聯成,10.9,11.05,10.55,10.55,4731,-1100,0,9,5.92,94.07,100.0
2026-05-14,1314,中石化,7.02,7.03,6.87,6.91,27451,-2166,0,-201,8.68,91.31,100.0
2026-05-14,1315,達新,61.2,61.4,60.7,61.1,32,-15,0,-1,1.28,98.71,100.0
2026-05-14,1316,上曜,11.2,11.25,10.95,11.15,1682,-14,0,0,4.31,95.68,100.0
2026-05-14,1319,東陽,80.2,80.5,79.1,79.2,2126,-318,-127,-46,7.59,92.4,100.0
2026-05-14,1321,大洋,29.25,29.95,29.25,29.5,146,-35,0,-1,6.77,93.22,100.0
2026-05-14,1323,永裕,19.2,19.5,19.1,19.35,79,-3,0,2,1.44,98.55,100.0
2026-05-14,1324,地球,10.25,10.3,10.2,10.3,366,13,0,0,0.81,99.18,100.0
2026-05-14,1325,恆大,26.85,27.4,26.85,27.0,226,2,0,0,1.27,98.72,100.0
2026-05-14,1326,台化,46.05,46.1,44.8,44.95,19735,-4406,-9,-390,37.14,62.85,100.0
2026-05-14,1336,台翰,13.7,13.7,13.65,13.65,83,-6,0,0,4.4,95.59,100.0
2026-05-14,1337,再生-KY,4.93,4.98,4.88,4.9,638,119,0,0,25.77,74.22,100.0
2026-05-14,1338,廣華-KY,15.9,15.95,15.25,15.45,256,-91,0,-9,6.1,93.89,100.0
2026-05-14,1339,昭輝,41.0,41.25,40.1,40.45,262,9,0,-1,1.03,98.96,100.0
2026-05-14,1340,勝悅-KY,5.46,5.71,5.42,5.55,475,-81,0,-11,26.55,73.44,100.0
2026-05-14,1341,富林-KY,61.1,61.1,60.7,60.7,6,-3,0,0,79.87,20.12,100.0
2026-05-14,1342,八貫,94.6,95.2,93.1,93.5,310,74,0,0,30.2,69.79,100.0
2026-05-14,1343,旭東環保,20.81,21.1,20.65,21.1,46,2,0,0,0.0,0.0,0.0
2026-05-14,1402,遠東新,26.5,26.9,26.35,26.75,26610,-6747,-282,-143,17.97,82.02,100.0
2026-05-14,1409,新纖,16.9,17.4,16.9,17.25,12722,7819,-7,296,13.31,86.68,100.0
2026-05-14,1410,南染,26.85,27.95,26.65,27.1,107,1,0,-1,18.92,81.07,100.0
2026-05-14,1413,宏洲,9.33,9.55,9.33,9.47,21,-6,0,0,0.4,99.59,100.0
2026-05-14,1414,東和,16.05,16.05,15.6,15.75,445,-46,0,-1,1.26,98.73,100.0
2026-05-14,1416,廣豐,11.3,11.35,11.2,11.25,370,-33,0,0,6.03,93.96,100.0
2026-05-14,1417,嘉裕,8.38,8.5,8.3,8.3,106,-47,0,-1,0.97,99.02,100.0
2026-05-14,1418,東華,18.7,18.7,18.2,18.35,22,-11,0,0,0.91,99.08,100.0
2026-05-14,1419,新紡,63.1,65.3,62.7,62.7,177,-16,-2,-3,1.18,98.81,100.0
2026-05-14,1423,利華,40.55,41.4,39.6,40.55,244,4,0,6,1.23,98.76,100.0
2026-05-14,1432,大魯閣,16.55,16.65,16.5,16.5,185,-78,0,0,0.34,99.65,100.0
2026-05-14,1434,福懋,15.6,15.6,15.3,15.35,2990,-904,-4,-39,7.44,92.55,100.0
2026-05-14,1436,華友聯,48.0,48.45,47.7,48.05,261,80,0,-7,4.71,95.28,100.0
2026-05-14,1437,勤益控,28.6,28.6,28.15,28.2,253,-50,0,-1,8.23,91.76,100.0
2026-05-14,1438,三地開發,20.7,21.4,20.65,20.85,71,30,0,0,0.46,99.53,100.0
2026-05-14,1439,雋揚,26.0,26.3,25.6,25.6,19,-10,0,0,0.42,99.57,100.0
2026-05-14,1440,南紡,11.75,11.8,11.6,11.65,2601,-575,-7,-28,7.5,92.49,100.0
2026-05-14,1441,大東,9.76,9.76,9.61,9.64,132,-17,0,0,1.32,98.67,100.0
2026-05-14,1442,名軒,26.6,26.95,26.35,26.35,593,-351,0,0,8.77,91.22,100.0
2026-05-14,1443,立益,26.8,27.1,26.35,26.35,46,-18,0,1,0.3,99.69,100.0
2026-05-14,1443,立益物流,26.8,27.1,26.35,26.35,46,-18,0,1,0.3,99.69,100.0
2026-05-14,1444,力麗,5.93,6.03,5.86,5.95,2033,26,0,-8,5.14,94.85,100.0
2026-05-14,1445,大宇,11.85,12.0,11.75,11.8,97,-18,0,-3,2.92,97.07,100.0
2026-05-14,1446,宏和,15.2,15.35,15.2,15.2,219,32,0,-2,6.19,93.8,100.0
2026-05-14,1447,力鵬,4.92,5.38,4.92,5.22,6341,-886,0,-13,3.12,96.87,100.0
2026-05-14,1449,佳和,13.2,13.4,12.8,12.9,1269,-286,0,-6,6.06,93.93,100.0
2026-05-14,1451,年興,16.8,16.95,16.7,16.95,170,-72,0,-2,5.33,94.66,100.0
2026-05-14,1452,宏益,11.05,11.1,10.95,11.0,97,-39,0,-1,1.92,98.07,100.0
2026-05-14,1453,大將,11.4,11.75,11.3,11.35,77,-16,0,0,0.55,99.44,100.0
2026-05-14,1454,台富,13.35,13.35,12.9,12.95,103,-7,0,-1,0.43,99.56,100.0
2026-05-14,1455,集盛,8.1,8.2,8.1,8.1,641,55,0,-10,2.37,97.62,100.0
2026-05-14,1456,怡華,14.3,14.3,13.25,13.25,56,-13,0,-1,0.49,99.5,100.0
2026-05-14,1457,宜進,14.25,14.5,14.2,14.2,138,-42,0,-1,1.75,98.24,100.0
2026-05-14,1459,聯發,11.9,12.1,11.85,11.85,242,-32,0,-1,1.69,98.3,100.0
2026-05-14,1460,宏遠,7.04,7.18,7.04,7.05,998,110,0,0,2.07,97.92,100.0
2026-05-14,1463,強盛新,18.0,18.2,18.0,18.0,92,-16,0,-2,11.48,88.51,100.0
2026-05-14,1464,得力,10.15,10.2,9.99,10.15,802,79,0,5,1.75,98.24,100.0
2026-05-14,1465,偉全,12.0,12.1,11.95,11.95,74,0,0,-4,0.47,99.52,100.0
2026-05-14,1466,聚隆,14.55,14.85,14.3,14.35,197,-31,0,-7,0.46,99.53,100.0
2026-05-14,1467,南緯,7.15,7.28,7.1,7.11,223,-21,0,0,19.2,80.79,100.0
2026-05-14,1468,昶和,12.35,12.4,12.0,12.25,49,-16,0,2,2.05,97.94,100.0
2026-05-14,1470,大統新創,21.25,21.8,21.25,21.4,26,-3,0,0,0.27,99.72,100.0
2026-05-14,1471,首利,10.8,10.8,10.4,10.6,705,-134,0,-1,0.8,99.19,100.0
2026-05-14,1472,三洋實業,89.2,89.2,89.2,89.2,9,-2,0,0,0.83,99.16,100.0
2026-05-14,1473,台南,20.5,20.6,20.25,20.25,79,-14,0,1,5.3,94.69,100.0
2026-05-14,1474,弘裕,10.0,10.0,9.9,9.9,95,-21,0,-6,0.59,99.4,100.0
2026-05-14,1475,業旺,27.3,27.3,26.65,26.95,76,-23,0,0,0.41,99.58,100.0
2026-05-14,1476,儒鴻,349.0,353.0,341.5,341.5,808,-451,-15,-13,30.2,69.79,100.0
2026-05-14,1477,聚陽,231.0,231.0,222.5,223.0,2788,-1057,-23,5,14.56,85.43,100.0
2026-05-14,1480,東盟開發,9.15,9.45,9.1,9.15,12,0,0,0,0.0,0.0,0.0
2026-05-14,1503,士電,203.5,204.5,196.5,197.0,2565,-697,-2,-41,31.14,68.85,100.0
2026-05-14,1504,東元,74.1,76.4,72.0,72.4,20939,-2607,-4,11,11.64,88.35,100.0
2026-05-14,1506,正道,10.35,10.4,10.05,10.2,315,-70,0,2,0.52,99.47,100.0
2026-05-14,1512,瑞利,7.02,7.05,6.92,6.96,205,-39,0,-7,5.38,94.61,100.0
2026-05-14,1513,中興電,156.5,157.0,153.0,153.0,4842,-1502,-19,-19,13.72,86.27,100.0
2026-05-14,1514,亞力,122.0,122.0,116.0,116.5,4786,-1604,-1,-82,16.05,83.94,100.0
2026-05-14,1515,力山,22.65,22.75,22.1,22.15,347,-150,0,-1,3.94,96.05,100.0
2026-05-14,1516,川飛,21.6,21.85,21.6,21.8,98,-17,0,0,5.88,94.11,100.0
2026-05-14,1517,利奇,10.25,10.25,10.1,10.1,238,0,0,-15,2.46,97.53,100.0
2026-05-14,1519,華城,900.0,901.0,862.0,870.0,4959,-1493,-78,-69,20.71,79.28,100.0
2026-05-14,1521,大億,25.1,25.15,24.5,24.5,28,-9,0,0,33.01,66.98,100.0
2026-05-14,1522,堤維西,31.1,31.1,30.1,30.15,1976,-530,-10,-7,2.99,97.0,100.0
2026-05-14,1524,耿鼎,29.25,29.25,28.8,28.8,656,-127,0,-1,1.3,98.69,100.0
2026-05-14,1525,江申,60.2,60.2,59.7,59.8,18,-6,0,0,0.32,99.67,100.0
2026-05-14,1526,日馳,15.3,15.3,14.65,14.7,274,11,0,-5,2.37,97.62,100.0
2026-05-14,1527,鑽全,32.35,32.6,32.35,32.5,227,6,0,-7,9.94,90.05,100.0
2026-05-14,1528,恩德,26.25,26.3,25.1,25.25,6878,-1710,0,1,2.42,97.57,100.0
2026-05-14,1529,樂事綠能,21.8,21.8,20.75,20.85,1503,-328,0,0,1.04,98.95,100.0
2026-05-14,1530,亞崴,26.45,26.8,26.4,26.4,28,-6,0,0,0.68,99.31,100.0
2026-05-14,1531,高林股,12.7,12.7,12.5,12.55,110,-28,0,0,1.39,98.6,100.0
2026-05-14,1532,勤美,20.25,20.5,20.05,20.2,1515,-452,-10,-3,7.27,92.72,100.0
2026-05-14,1533,車王電,33.9,34.75,33.9,34.7,511,203,0,7,6.33,93.66,100.0
2026-05-14,1535,中宇,49.2,49.7,49.2,49.4,84,-3,0,0,1.12,98.87,100.0
2026-05-14,1536,和大,51.3,52.2,51.2,51.3,1298,540,0,-1,7.62,92.37,100.0
2026-05-14,1537,廣隆,126.5,126.5,126.0,126.0,107,1,0,-1,15.41,84.58,100.0
2026-05-14,1538,正峰,0.0,0.0,0.0,0.0,0,0,0,0,0.07,99.92,100.0
2026-05-14,1539,巨庭,15.7,15.9,15.55,15.55,145,3,0,-3,0.93,99.06,100.0
2026-05-14,1540,喬福,20.8,21.0,20.5,20.5,251,-62,0,-2,1.85,98.14,100.0
2026-05-14,1541,錩泰,22.75,22.75,21.7,21.8,86,-10,0,-4,9.78,90.21,100.0
2026-05-14,1558,伸興,90.9,90.9,90.5,90.5,57,-9,-1,0,6.64,93.35,100.0
2026-05-14,1560,中砂,640.0,657.0,627.0,650.0,3543,-1277,20,74,38.07,61.92,100.0
2026-05-14,1563,巧新,44.4,46.6,44.4,45.4,1578,674,0,-8,2.64,97.35,100.0
2026-05-14,1565,精華,96.8,96.8,95.1,95.3,327,14,0,0,7.78,92.21,100.0
2026-05-14,1568,倉佑,28.6,29.15,28.2,28.35,347,-81,0,1,1.8,98.19,100.0
2026-05-14,1569,濱川,52.8,53.0,51.3,52.0,1261,-138,0,-27,5.51,94.48,100.0
2026-05-14,1570,力肯,40.1,40.55,39.15,39.8,276,36,0,0,3.0,96.99,100.0
2026-05-14,1580,新麥,123.5,124.0,122.5,123.0,65,22,0,0,5.24,94.75,100.0
2026-05-14,1582,信錦,93.8,99.8,93.2,97.8,7138,296,850,4,4.85,95.14,100.0
2026-05-14,1583,程泰,47.05,48.0,46.7,46.7,31,-23,0,0,0.4,99.59,100.0
2026-05-14,1584,精剛,19.95,20.0,19.55,19.75,863,-211,0,0,3.72,96.27,100.0
2026-05-14,1586,和勤,21.75,21.8,21.55,21.65,169,11,0,0,1.05,98.9,100.0
2026-05-14,1587,吉茂,30.05,30.3,29.0,29.1,455,-91,0,0,20.38,79.61,100.0
2026-05-14,1590,亞德客-KY,1470.0,1520.0,1440.0,1465.0,897,216,-126,-2,79.7,20.29,100.0
2026-05-14,1591,駿吉-KY,54.1,54.1,52.2,52.7,894,50,0,0,4.47,95.52,100.0
2026-05-14,1593,祺驊,31.55,31.55,30.95,31.1,33,-2,0,0,5.94,94.05,100.0
2026-05-14,1594,日高,10.07,11.15,10.5,11.1,98,20,0,0,0.0,0.0,0.0
2026-05-14,1595,川寶,94.6,94.8,90.2,90.2,872,0,0,-24,5.5,94.49,100.0
2026-05-14,1597,直得,195.0,195.0,180.0,180.0,1210,-83,0,-6,8.37,91.62,100.0
2026-05-14,1598,岱宇,20.5,20.75,20.15,20.15,178,24,0,-4,1.55,98.44,100.0
2026-05-14,1599,宏佳騰,24.25,24.25,23.7,23.95,62,6,0,0,7.2,92.79,100.0
2026-05-14,1603,華電,32.25,32.8,32.05,32.05,306,27,0,-6,2.43,97.56,100.0
2026-05-14,1604,聲寶,22.9,23.15,22.8,22.85,317,-73,0,-6,7.48,92.51,100.0
2026-05-14,1605,華新,35.8,36.7,34.6,35.6,68254,857,1137,900,14.3,85.69,100.0
2026-05-14,1608,華榮,33.8,34.0,32.95,32.95,2881,174,-34,-34,3.43,96.56,100.0
2026-05-14,1609,大亞,34.55,35.2,34.05,34.1,4011,192,-3,15,12.11,87.88,100.0
2026-05-14,1611,中電,11.45,11.5,11.2,11.2,798,-82,0,-2,9.87,90.12,100.0
2026-05-14,1612,宏泰,36.85,37.05,36.15,36.15,826,-306,-22,8,18.34,81.65,100.0
2026-05-14,1614,三洋電,31.55,31.65,31.15,31.15,95,-42,0,-1,2.25,97.74,100.0
2026-05-14,1615,大山,43.3,43.95,43.1,43.1,212,-86,0,0,0.97,99.02,100.0
2026-05-14,1616,億泰,22.1,22.4,21.55,21.55,1162,-148,0,-10,2.23,97.76,100.0
2026-05-14,1617,榮星,14.9,15.05,14.8,14.8,248,-53,0,0,19.5,80.49,100.0
2026-05-14,1618,合機,39.05,39.7,38.3,38.3,822,67,0,-1,0.82,99.17,100.0
2026-05-14,1623,大東電,226.0,228.5,220.5,222.0,196,-61,0,0,0.26,99.73,100.0
2026-05-14,1626,艾美特-KY,10.25,10.35,10.0,10.0,149,3,0,3,43.65,56.34,100.0
2026-05-14,1702,南僑,33.3,33.75,33.25,33.5,469,32,0,-9,8.61,91.38,100.0
2026-05-14,1707,葡萄王,108.5,109.0,108.0,108.5,282,-70,0,-1,14.25,85.74,100.0
2026-05-14,1708,東鹼,41.6,41.6,40.45,40.5,2487,174,0,-144,16.93,83.06,100.0
2026-05-14,1709,和益,18.55,18.6,18.35,18.4,465,108,0,-15,3.3,96.69,100.0
2026-05-14,1710,東聯,12.25,12.25,11.95,11.95,1994,-168,0,-33,4.42,95.57,100.0
2026-05-14,1711,永光,51.4,52.8,50.4,50.8,15774,375,0,24,4.47,95.52,100.0
2026-05-14,1712,興農,41.45,41.45,41.25,41.25,357,-96,-3,-7,15.23,84.76,100.0
2026-05-14,1713,國化,47.25,47.5,47.1,47.3,156,64,0,0,1.09,98.9,100.0
2026-05-14,1714,和桐,10.0,10.1,9.89,10.0,4377,1847,-1,-9,21.63,78.36,100.0
2026-05-14,1717,長興,81.1,81.4,78.0,79.6,32282,-6734,-204,-75,10.55,89.44,100.0
2026-05-14,1718,中纖,6.57,6.73,6.52,6.68,5573,1823,0,83,5.77,94.22,100.0
2026-05-14,1720,生達,61.6,62.5,61.4,61.8,389,-49,0,-47,4.98,95.01,100.0
2026-05-14,1721,三晃,34.7,34.75,32.5,32.5,9805,-2326,0,0,2.27,97.72,100.0
2026-05-14,1722,台肥,46.8,47.3,46.5,47.0,3527,-10,-4,-42,7.47,92.52,100.0
2026-05-14,1723,中碳,79.8,81.5,79.5,80.7,749,280,0,4,8.12,91.87,100.0
2026-05-14,1725,元禎,32.2,32.2,31.15,31.45,126,-45,0,1,0.28,99.71,100.0
2026-05-14,1726,永記,77.0,78.5,77.0,77.2,119,-18,0,-1,12.92,87.07,100.0
2026-05-14,1727,中華化,80.0,80.6,77.5,79.5,8180,-153,0,-1,4.2,95.79,100.0
2026-05-14,1730,花仙子,52.9,53.1,52.8,52.8,43,2,0,0,6.77,93.22,100.0
2026-05-14,1731,美吾華,21.55,21.7,21.5,21.55,177,-25,0,0,1.14,98.85,100.0
2026-05-14,1732,毛寶,26.25,26.65,26.1,26.3,119,-11,0,0,2.42,97.57,100.0
2026-05-14,1733,五鼎,28.75,29.05,28.75,28.8,159,-30,0,0,3.6,96.39,100.0
2026-05-14,1734,杏輝,30.55,30.8,30.55,30.65,258,-106,0,0,5.07,94.92,100.0
2026-05-14,1735,日勝化,26.95,27.5,26.65,26.7,536,-15,0,-5,50.94,49.05,100.0
2026-05-14,1736,喬山,117.5,118.0,114.5,116.5,528,-233,-1,-3,4.46,95.53,100.0
2026-05-14,1737,臺鹽,31.5,31.65,31.45,31.5,140,-37,0,0,8.47,91.52,100.0
2026-05-14,1742,台蠟,15.6,15.6,15.15,15.15,34,0,0,0,0.21,99.78,100.0
2026-05-14,1752,南光,33.25,33.3,33.0,33.0,143,-5,0,0,1.78,98.21,100.0
2026-05-14,1760,寶齡富錦,63.0,63.0,61.8,61.8,161,-69,0,-1,11.6,88.39,100.0
2026-05-14,1762,中化生,39.4,40.85,36.25,37.0,2960,-292,0,-16,1.87,98.12,100.0
2026-05-14,1773,勝一,181.0,181.0,176.5,177.5,762,-14,-2,-4,7.92,92.07,100.0
2026-05-14,1776,展宇,17.5,18.7,17.5,18.7,800,109,0,4,0.78,99.21,100.0
2026-05-14,1777,生泰,71.0,71.0,70.0,70.7,49,1,0,0,0.96,99.03,100.0
2026-05-14,1780,立弘,31.33,31.45,30.9,31.4,102,0,0,0,0.0,0.0,0.0
2026-05-14,1781,合世,10.55,10.55,10.5,10.5,30,-6,0,0,0.54,99.45,100.0
2026-05-14,1783,和康生,38.25,38.6,38.25,38.3,93,12,0,-1,7.23,92.76,100.0
2026-05-14,1784,訊聯,73.6,77.7,73.1,77.5,501,-99,0,17,3.03,96.96,100.0
2026-05-14,1785,光洋科,158.5,159.0,148.5,149.0,23716,-406,92,-111,21.53,78.46,100.0
2026-05-14,1786,科妍,53.6,54.0,51.3,51.5,745,57,0,-1,1.62,98.37,100.0
2026-05-14,1788,杏昌,134.5,135.5,134.5,135.5,42,-2,0,0,10.88,89.11,100.0
2026-05-14,1789,神隆,19.1,19.2,18.95,19.15,655,109,0,-12,1.7,98.29,100.0
2026-05-14,1795,美時,205.5,206.0,195.5,198.5,6164,-566,-1,-63,53.09,46.9,100.0
2026-05-14,1796,金穎生技,36.0,36.0,35.6,35.6,19,-5,0,0,0.77,99.22,100.0
2026-05-14,1799,易威,39.0,39.0,36.75,36.75,122,-35,0,0,11.67,88.32,100.0
2026-05-14,1802,台玻,68.6,69.2,66.5,66.9,65655,-14533,-7,-918,4.58,95.41,100.0
2026-05-14,1805,寶徠,10.25,10.35,10.2,10.25,144,-71,0,-2,0.54,99.45,100.0
2026-05-14,1806,冠軍,8.08,8.27,8.08,8.09,468,-45,0,-3,9.37,90.62,100.0
2026-05-14,1808,潤隆,29.0,29.55,28.7,29.45,1832,265,0,-5,3.99,96.0,100.0
2026-05-14,1809,中釉,40.2,41.45,39.0,39.25,3396,95,0,0,6.23,93.76,100.0
2026-05-14,1810,和成,19.3,19.4,18.6,18.75,4123,-91,-15,24,3.57,96.42,100.0
2026-05-14,1813,寶利徠,12.2,12.25,12.2,12.25,29,-1,0,0,9.44,90.55,100.0
2026-05-14,1815,富喬,107.0,110.0,105.5,106.5,27932,-1253,-5,-33,19.25,80.74,100.0
2026-05-14,1817,凱撒衛,40.25,40.3,39.4,39.4,69,-14,0,0,1.67,98.32,100.0
2026-05-14,1903,士紙,48.05,48.3,47.55,47.55,319,-129,0,-2,10.78,89.21,100.0
2026-05-14,1904,正隆,18.9,20.1,18.75,19.95,7652,2770,-5,-11,9.16,90.83,100.0
2026-05-14,1905,華紙,12.15,12.15,11.95,12.1,3112,131,0,10,2.34,97.65,100.0
2026-05-14,1906,寶隆,10.7,10.95,10.6,10.7,116,-21,0,-11,0.53,99.46,100.0
2026-05-14,1907,永豐餘,24.45,24.75,24.35,24.45,1234,23,-17,-57,12.04,87.95,100.0
2026-05-14,1909,榮成,9.01,9.06,8.91,8.95,4181,-2089,0,-37,8.09,91.9,100.0
2026-05-14,2002,中鋼,18.5,18.5,18.3,18.3,36358,-15411,-176,385,12.9,87.09,100.0
2026-05-14,2006,東和鋼鐵,65.5,66.2,65.3,66.1,1401,158,-134,-54,18.46,81.53,100.0
2026-05-14,2007,燁興,6.95,7.18,6.95,7.08,427,18,0,-2,0.64,99.35,100.0
2026-05-14,2008,高興昌,27.5,27.95,27.5,27.5,37,-16,0,0,7.68,92.31,100.0
2026-05-14,2009,第一銅,41.6,42.0,40.55,40.6,2771,430,0,-22,2.51,97.48,100.0
2026-05-14,2010,春源,23.0,23.4,23.0,23.35,1879,-438,0,-7,9.02,90.97,100.0
2026-05-14,2012,春雨,14.7,16.2,14.7,14.8,129,-61,0,-3,1.38,98.61,100.0
2026-05-14,2013,中鋼構,42.4,42.8,42.4,42.5,107,-24,0,0,7.06,92.93,100.0
2026-05-14,2014,中鴻,18.0,18.25,17.85,17.9,4432,1039,0,-32,4.73,95.26,100.0
2026-05-14,2015,豐興,62.1,63.3,62.1,63.1,239,50,-18,-15,12.21,87.78,100.0
2026-05-14,2017,官田鋼,8.81,8.89,8.59,8.72,997,130,0,-20,1.71,98.28,100.0
2026-05-14,2020,美亞,21.95,22.15,21.8,21.8,429,-286,0,-2,1.63,98.36,100.0
2026-05-14,2022,聚亨,8.11,8.12,7.86,7.9,2465,-1222,0,0,2.42,97.57,100.0
2026-05-14,2023,燁輝,13.85,13.95,13.8,13.95,2282,63,-7,-67,4.19,95.8,100.0
2026-05-14,2024,志聯,13.45,13.55,13.4,13.4,13,-6,0,0,0.44,99.55,100.0
2026-05-14,2025,千興,12.9,12.9,12.2,12.2,691,-45,0,-14,0.7,99.29,100.0
2026-05-14,2027,大成鋼,38.25,40.5,38.1,39.8,57508,34683,-905,269,14.81,85.18,100.0
2026-05-14,2028,威致,16.85,17.0,16.65,16.65,156,-49,0,-6,0.69,99.3,100.0
2026-05-14,2029,盛餘,20.25,20.3,20.1,20.15,227,7,0,3,66.51,33.48,100.0
2026-05-14,2030,彰源,18.3,18.5,17.95,17.95,3074,727,0,-9,3.39,96.6,100.0
2026-05-14,2031,新光鋼,38.55,39.15,38.45,38.65,554,32,-19,5,7.76,92.23,100.0
2026-05-14,2032,新鋼,17.1,17.5,16.85,16.9,467,140,0,1,2.2,97.79,100.0
2026-05-14,2033,佳大,15.0,15.0,14.75,15.0,157,-18,0,-3,0.86,99.13,100.0
2026-05-14,2034,允強,20.0,20.4,19.9,19.95,1732,-379,0,-9,3.58,96.41,100.0
2026-05-14,2035,唐榮,27.5,28.4,27.2,28.4,7,1,0,0,0.01,99.98,100.0
2026-05-14,2038,海光,13.75,13.9,13.5,13.5,429,-40,0,-11,1.21,98.78,100.0
2026-05-14,2049,上銀,369.0,384.0,364.5,374.5,9818,278,119,79,35.8,64.19,100.0
2026-05-14,2059,川湖,5400.0,5400.0,5010.0,5010.0,230,-12,-18,-2,24.37,75.62,100.0
2026-05-14,2061,風青,21.8,21.95,20.5,21.8,1260,-215,0,0,1.53,98.46,100.0
2026-05-14,2062,橋椿,19.95,19.95,19.5,19.6,809,-233,-166,0,6.91,93.08,100.0
2026-05-14,2063,世鎧,25.05,25.5,25.05,25.5,13,-1,0,0,0.99,99.0,100.0
2026-05-14,2064,晉椿,12.85,12.85,12.75,12.8,32,8,0,0,0.08,99.91,100.0
2026-05-14,2065,世豐,32.0,34.4,31.7,33.5,539,9,0,0,1.33,98.66,100.0
2026-05-14,2066,世德,55.6,55.6,55.6,55.6,165,7,0,41,10.02,89.97,100.0
2026-05-14,2067,嘉鋼,6.88,7.06,6.88,6.92,29,-1,0,0,11.34,88.65,100.0
2026-05-14,2069,運錩,20.05,20.25,19.9,20.0,513,272,0,0,2.43,97.56,100.0
2026-05-14,2070,精湛,65.7,67.0,62.9,63.3,918,105,0,-3,2.17,97.82,100.0
2026-05-14,2071,震南鐵,20.3,21.0,20.15,20.25,9,0,0,0,0.0,0.0,0.0
2026-05-14,2072,世紀風電,173.0,173.5,162.5,171.5,1178,-141,0,0,1.46,98.53,100.0
2026-05-14,2073,雄順,26.2,26.2,25.6,25.6,2,0,0,0,0.04,99.96,100.0
2026-05-14,2101,南港,33.3,34.15,32.5,32.55,2133,-80,0,-11,5.08,94.91,100.0
2026-05-14,2102,泰豐,18.3,18.5,18.05,18.15,600,-248,0,-10,3.03,96.96,100.0
2026-05-14,2103,台橡,21.7,22.45,21.5,22.0,6625,1378,-1,7,21.6,78.39,100.0
2026-05-14,2104,國際中橡,10.0,10.1,9.92,9.94,3540,113,0,-24,5.71,94.28,100.0
2026-05-14,2105,正新,31.35,32.1,31.15,31.9,9627,-1400,-115,-218,11.31,88.68,100.0
2026-05-14,2106,建大,17.05,17.15,16.75,16.85,1169,-263,-5,-30,8.48,91.51,100.0
2026-05-14,2107,厚生,25.35,25.6,25.35,25.45,367,-31,0,-2,6.3,93.69,100.0
2026-05-14,2108,南帝,27.6,28.35,27.5,27.65,979,177,0,-3,4.93,95.06,100.0
2026-05-14,2109,華豐,14.1,14.15,14.0,14.0,193,-94,0,1,15.08,84.91,100.0
2026-05-14,2114,鑫永銓,88.0,88.5,87.9,88.0,73,-21,0,-2,4.11,95.88,100.0
2026-05-14,2115,六暉-KY,20.75,20.75,20.4,20.45,250,-62,0,0,44.07,55.92,100.0
2026-05-14,2201,裕隆,27.85,27.95,27.2,27.3,2626,-983,-6,-192,4.56,95.43,100.0
2026-05-14,2204,中華,52.7,53.1,52.0,52.2,3028,-1566,216,-4,18.34,81.65,100.0
2026-05-14,2206,三陽工業,58.1,58.6,56.7,58.5,1635,-525,-69,-6,5.84,94.15,100.0
2026-05-14,2207,和泰車,474.0,479.0,468.0,468.5,470,-275,-33,2,21.65,78.34,100.0
2026-05-14,2208,台船,20.2,20.2,19.75,19.75,3461,-951,-3,-8,9.53,90.46,100.0
2026-05-14,2211,長榮鋼,96.1,96.8,96.1,96.8,507,-188,-9,-7,3.77,96.22,100.0
2026-05-14,2221,大甲,42.15,45.75,41.7,45.75,3912,-22,0,0,1.46,98.53,100.0
2026-05-14,2227,裕日車,50.6,50.6,49.5,49.5,82,-43,0,0,40.34,59.65,100.0
2026-05-14,2228,劍麟,85.5,85.7,83.0,83.0,449,-33,0,6,3.06,96.93,100.0
2026-05-14,2230,泰茂,30.4,30.75,29.8,30.15,294,-7,0,-1,2.45,97.54,100.0
2026-05-14,2231,為升,112.0,114.5,107.0,107.0,577,-119,0,-2,5.49,94.5,100.0
2026-05-14,2233,宇隆,292.0,292.5,279.5,282.5,523,2,0,-26,6.8,93.19,100.0
2026-05-14,2235,謚源,30.4,30.4,30.0,30.0,6,0,0,0,0.03,99.96,100.0
2026-05-14,2236,百達-KY,139.0,140.0,138.0,138.5,409,158,0,0,52.86,47.13,100.0
2026-05-14,2237,華德動能,34.97,36.5,35.1,35.7,153,7,0,0,0.0,0.0,0.0
2026-05-14,2239,英利-KY,21.35,21.9,21.35,21.6,106,-14,0,-3,75.38,24.61,100.0
2026-05-14,2241,艾姆勒,32.8,33.2,31.75,32.85,1171,-47,0,0,9.35,90.64,100.0
2026-05-14,2243,宏旭-KY,21.95,21.95,21.0,21.0,728,-110,0,-5,25.56,74.43,100.0
2026-05-14,2245,詠勝昌*,27.2,27.5,27.2,27.3,5,0,0,0,0.0,0.0,0.0
2026-05-14,2247,汎德永業,210.5,212.0,208.0,208.0,128,-31,0,-1,4.22,95.77,100.0
2026-05-14,2248,華勝-KY,54.2,54.9,53.2,54.7,47,15,0,2,50.1,49.89,100.0
2026-05-14,2249,湧盛,116.99,119.0,116.0,117.0,18,0,0,0,0.0,0.0,0.0
2026-05-14,2250,IKKA-KY,62.1,62.5,62.0,62.5,50,-6,0,0,7.11,92.86,100.0
2026-05-14,2252,為昇科,19.34,19.9,19.1,19.2,64,0,0,0,0.0,0.0,0.0
2026-05-14,2254,巨鎧精密-創,60.2,60.5,58.0,58.5,45,-6,0,1,23.66,76.33,100.0
2026-05-14,2255,凱銳光電,18.09,19.2,18.25,18.85,62,0,0,0,0.0,0.0,0.0
2026-05-14,2256,歐特明,81.53,83.0,71.9,75.4,640,-5,0,0,0.0,0.0,0.0
2026-05-14,2258,鴻華先進-創,28.85,29.05,28.15,28.2,739,-501,0,-7,0.33,99.66,100.0
2026-05-14,2301,光寶科,209.0,211.0,203.0,207.0,42081,4717,-3979,490,40.43,59.56,100.0
2026-05-14,2302,麗正,27.0,27.3,24.85,25.25,17155,1251,0,1,4.24,95.75,100.0
2026-05-14,2303,聯電,102.0,108.0,98.8,108.0,333998,24455,5303,3459,36.84,63.15,100.0
2026-05-14,2305,全友,16.8,17.0,16.2,16.35,1591,-418,0,-2,4.44,95.55,100.0
2026-05-14,2308,台達電,2210.0,2250.0,2155.0,2155.0,7332,768,-177,-14,64.17,35.82,100.0
2026-05-14,2312,金寶,29.4,29.4,28.05,28.25,32865,-10235,0,-668,6.44,93.55,100.0
2026-05-14,2313,華通,242.0,253.0,239.5,245.5,66767,17869,355,603,24.63,75.36,100.0
2026-05-14,2314,台揚,12.85,13.2,12.6,12.6,348,0,0,0,1.57,98.42,100.0
2026-05-14,2316,楠梓電,144.5,149.5,132.0,134.0,16089,-425,0,-90,35.19,64.8,100.0
2026-05-14,2317,鴻海,255.0,255.0,244.0,244.5,73360,-21537,-784,-1142,39.32,60.67,100.0
2026-05-14,2321,東訊,12.8,13.0,12.8,12.8,8,0,0,0,0.01,99.98,100.0
2026-05-14,2323,中環,10.3,10.3,10.0,10.0,16656,-6847,0,-416,10.3,89.69,100.0
2026-05-14,2324,仁寶,31.6,31.8,30.15,30.25,52760,-11279,-2446,-1805,38.73,61.26,100.0
2026-05-14,2327,國巨*,462.0,462.0,462.0,462.0,17046,-3584,-165,367,52.36,47.63,100.0
2026-05-14,2328,廣宇,52.2,53.3,51.6,51.8,7171,827,0,130,8.38,91.61,100.0
2026-05-14,2329,華泰,57.9,61.0,57.1,58.2,18998,3031,0,407,11.04,88.95,100.0
2026-05-14,2330,台積電,2250.0,2270.0,2230.0,2270.0,39564,600,5856,-1288,70.52,29.47,100.0
2026-05-14,2331,精英,20.15,20.2,19.75,19.9,3270,-112,-5,-14,6.84,93.15,100.0
2026-05-14,2332,友訊,13.7,13.9,13.7,13.75,2317,590,0,-25,9.84,90.15,100.0
2026-05-14,2337,旺宏,172.0,178.5,165.0,169.0,318986,-1827,542,-462,27.5,72.49,100.0
2026-05-14,2338,光罩,49.0,49.55,47.8,48.15,4057,-301,0,1,3.23,96.76,100.0
2026-05-14,2340,台亞,36.3,37.2,35.15,36.35,6396,1713,0,-38,8.77,91.22,100.0
2026-05-14,2342,茂矽,41.75,43.55,41.5,42.15,9221,913,0,-9,4.55,95.44,100.0
2026-05-14,2344,華邦電,127.0,134.0,124.5,134.0,419382,24008,16323,2043,22.45,77.54,100.0
2026-05-14,2345,智邦,2625.0,2675.0,2605.0,2675.0,7660,2982,798,-121,58.53,41.46,100.0
2026-05-14,2347,聯強,82.6,84.6,82.4,83.3,4280,-786,746,-105,33.23,66.76,100.0
2026-05-14,2348,海悅,70.1,70.6,69.1,69.7,518,-108,0,-11,0.83,99.16,100.0
2026-05-14,2349,錸德,12.7,12.75,12.5,12.6,3261,568,0,-2,11.15,88.84,100.0
2026-05-14,2351,順德,190.5,197.0,177.0,182.0,10222,-893,0,127,15.57,84.42,100.0
2026-05-14,2352,佳世達,26.5,26.5,25.55,25.6,6371,-1858,0,-37,10.39,89.6,100.0
2026-05-14,2353,宏碁,28.5,28.7,27.8,28.0,21583,-3882,-247,-517,9.97,90.02,100.0
2026-05-14,2354,鴻準,61.0,61.4,58.8,59.0,16228,-1429,-9,151,10.83,89.16,100.0
2026-05-14,2355,敬鵬,51.6,56.1,51.5,53.9,35065,13045,-7,961,21.07,78.92,100.0
2026-05-14,2356,英業達,53.5,53.9,51.6,53.2,80235,13922,-164,-410,18.83,81.16,100.0
2026-05-14,2357,華碩,675.0,687.0,667.0,679.0,5612,1517,-453,-139,32.91,67.08,100.0
2026-05-14,2359,所羅門,125.0,127.5,122.5,123.0,1961,-123,0,-2,3.69,96.3,100.0
2026-05-14,2360,致茂,2410.0,2435.0,2255.0,2260.0,4876,367,-393,-29,57.94,42.05,100.0
2026-05-14,2362,藍天,38.8,39.55,38.8,39.1,944,367,-2,-4,10.5,89.49,100.0
2026-05-14,2363,矽統,60.5,64.5,58.9,63.0,37135,7090,0,411,9.1,90.89,100.0
2026-05-14,2364,倫飛,72.1,72.6,69.0,69.0,516,-139,0,0,15.37,84.62,100.0
2026-05-14,2365,昆盈,34.95,35.5,34.05,35.3,6091,573,0,-8,1.7,98.29,100.0
2026-05-14,2367,燿華,62.3,66.9,62.1,65.0,58077,19868,0,530,9.48,90.51,100.0
2026-05-14,2368,金像電,1400.0,1480.0,1375.0,1430.0,7002,951,876,-98,25.89,74.1,100.0
2026-05-14,2369,菱生,30.95,31.4,29.85,30.25,9942,-463,0,-56,14.25,85.74,100.0
2026-05-14,2371,大同,30.0,30.2,29.0,29.0,24081,-10185,26,-567,7.31,92.68,100.0
2026-05-14,2373,震旦行,56.3,57.3,55.7,55.7,61,-34,0,-3,0.79,99.2,100.0
2026-05-14,2374,佳能,80.6,82.9,80.2,80.3,11775,1445,-2,3,5.74,94.25,100.0
2026-05-14,2375,凱美,103.5,105.5,98.1,101.0,18728,-396,0,72,10.46,89.53,100.0
2026-05-14,2376,技嘉,322.5,332.0,320.0,327.0,16985,1099,108,256,23.67,76.32,100.0
2026-05-14,2377,微星,121.0,124.0,116.5,117.0,98929,-15395,-3447,-1279,11.98,88.01,100.0
2026-05-14,2379,瑞昱,559.0,577.0,556.0,574.0,3289,932,-130,25,50.48,49.51,100.0
2026-05-14,2380,虹光,5.9,5.9,5.81,5.86,319,2,0,0,0.26,99.73,100.0
2026-05-14,2382,廣達,346.0,351.5,333.0,334.5,21733,-3000,-77,-293,26.86,73.13,100.0
2026-05-14,2383,台光電,5095.0,5215.0,4920.0,4920.0,2342,178,172,-45,42.76,57.23,100.0
2026-05-14,2385,群光,129.0,130.0,126.0,126.5,4166,-2116,-388,13,19.0,80.99,100.0
2026-05-14,2387,精元,38.0,38.9,38.0,38.55,642,-25,0,0,8.32,91.67,100.0
2026-05-14,2388,威盛,75.5,76.4,73.4,75.8,11167,-1369,0,-166,13.88,86.11,100.0
2026-05-14,2390,云辰,9.9,10.2,9.7,10.0,2398,88,0,-10,2.07,97.92,100.0
2026-05-14,2392,正崴,34.4,34.4,34.4,34.4,1615,139,0,-543,5.69,94.3,100.0
2026-05-14,2393,億光,69.4,69.4,65.7,65.7,11639,-5868,-40,198,31.81,68.18,100.0
2026-05-14,2395,研華,461.0,471.0,456.5,465.0,4931,1008,-12,37,35.66,64.33,100.0
2026-05-14,2397,友通,59.5,61.7,59.5,61.0,904,189,0,0,15.45,84.54,100.0
2026-05-14,2399,映泰,49.0,49.5,45.9,47.2,27070,-5466,0,103,3.5,96.49,100.0
2026-05-14,2401,凌陽,25.05,25.2,24.25,24.85,5533,1489,0,-98,13.16,86.83,100.0
2026-05-14,2402,毅嘉,68.8,69.2,67.1,67.9,5517,106,0,-154,8.72,90.66,100.0
2026-05-14,2404,漢唐,1040.0,1060.0,1000.0,1050.0,5790,820,-13,116,26.94,73.05,100.0
2026-05-14,2405,輔信,15.3,15.3,14.9,14.95,1717,-353,0,-19,4.89,95.1,100.0
2026-05-14,2406,國碩,33.3,33.75,31.8,31.8,9943,-295,0,3,15.9,84.09,100.0
2026-05-14,2408,南亞科,342.5,353.0,335.5,341.0,181771,207,3730,867,12.82,87.17,100.0
2026-05-14,2409,友達,20.7,20.7,19.3,19.55,323755,-24390,-44,-2236,14.09,85.9,100.0
2026-05-14,2412,中華電,136.5,138.0,136.5,137.5,17475,2909,-79,296,17.56,31.43,49.0
2026-05-14,2413,環科,44.35,44.75,43.8,43.85,1014,124,0,0,3.74,96.25,100.0
2026-05-14,2414,精技,48.2,49.25,48.2,48.7,433,41,0,0,5.19,94.8,100.0
2026-05-14,2415,錩新,26.65,27.15,26.55,26.65,150,0,0,-1,20.94,79.05,100.0
2026-05-14,2417,圓剛,49.4,50.3,48.5,49.1,2135,-192,0,0,3.55,96.44,100.0
2026-05-14,2419,仲琦,29.85,30.25,29.3,29.35,1453,49,0,-3,1.16,98.83,100.0
2026-05-14,2420,新巨,56.3,57.9,56.3,56.9,616,275,0,1,7.42,92.57,100.0
2026-05-14,2421,建準,146.0,147.5,143.5,145.5,5029,-1247,-1,-6,27.58,72.41,100.0
2026-05-14,2423,固緯,68.5,73.4,68.5,73.4,817,5,0,15,5.15,94.84,100.0
2026-05-14,2424,隴華,27.65,27.65,23.0,23.6,1008,-314,0,-2,0.74,48.25,49.0
2026-05-14,2425,承啟,33.65,35.4,33.65,35.2,2092,112,0,0,10.03,89.96,100.0
2026-05-14,2426,鼎元,68.4,70.2,66.8,66.8,1228,-63,0,128,8.4,91.59,100.0
2026-05-14,2427,三商電,21.25,21.45,20.95,21.0,687,-149,0,0,3.36,96.63,100.0
2026-05-14,2428,興勤,210.5,219.0,208.0,212.0,3239,242,0,9,18.54,81.45,100.0
2026-05-14,2429,銘旺科,49.65,54.0,49.65,54.0,632,93,0,4,1.08,98.91,100.0
2026-05-14,2430,燦坤,19.2,19.2,18.7,18.75,294,-96,0,0,2.61,97.38,100.0
2026-05-14,2431,聯昌,10.45,10.55,10.3,10.3,442,-22,0,0,2.05,97.94,100.0
2026-05-14,2432,倚天,26.4,26.5,25.9,26.25,106,-41,0,2,0.63,99.36,100.0
2026-05-14,2432,倚天酷碁-創,26.4,26.5,25.9,26.25,106,-41,0,2,0.63,99.36,100.0
2026-05-14,2433,互盛電,45.45,45.45,45.15,45.15,38,-15,0,-2,0.96,99.03,100.0
2026-05-14,2434,統懋,31.0,31.0,30.05,30.4,34,-1,0,0,1.07,98.92,100.0
2026-05-14,2436,偉詮電,73.3,73.8,70.8,71.4,6244,339,0,-13,6.53,93.46,100.0
2026-05-14,2438,翔耀,21.8,21.8,21.05,21.2,119,-17,0,1,1.0,98.99,100.0
2026-05-14,2439,美律,84.3,85.2,83.9,84.2,1318,-165,-24,-84,12.25,87.74,100.0
2026-05-14,2440,太空梭,17.6,18.4,16.9,16.9,1224,-135,0,-6,1.51,98.48,100.0
2026-05-14,2441,超豐,97.9,104.0,97.0,101.0,29415,-1654,-362,346,12.48,87.51,100.0
2026-05-14,2442,新美齊,18.35,18.4,18.15,18.2,1648,-296,0,-5,1.78,98.21,100.0
2026-05-14,2444,兆勁,13.75,13.75,13.2,13.2,843,-281,0,-1,1.78,98.21,100.0
2026-05-14,2449,京元電子,309.0,309.0,295.5,296.0,39127,-17065,-1398,-592,26.31,73.68,100.0
2026-05-14,2450,神腦,29.5,29.6,29.4,29.4,198,-93,0,34,1.26,98.73,100.0
2026-05-14,2451,創見,335.5,351.5,333.5,344.5,10911,2551,-273,107,12.36,87.63,100.0
2026-05-14,2453,凌群,54.1,55.2,54.1,54.8,384,56,0,-1,4.92,95.07,100.0
2026-05-14,2454,聯發科,3585.0,3590.0,3385.0,3405.0,7103,-263,-159,-52,56.36,43.63,100.0
2026-05-14,2455,全新,380.0,382.5,357.0,358.5,2848,838,0,-8,27.03,72.96,100.0
2026-05-14,2457,飛宏,25.3,25.65,24.35,24.7,2613,-480,0,-6,6.26,93.73,100.0
2026-05-14,2458,義隆,144.0,151.5,143.5,149.5,4454,1993,-196,39,23.05,76.94,100.0
2026-05-14,2459,敦吉,65.8,66.6,65.8,65.8,133,-23,0,1,16.9,83.09,100.0
2026-05-14,2460,建通,34.15,35.55,33.5,33.6,2404,-172,0,-5,0.79,99.2,100.0
2026-05-14,2461,光群雷,16.35,16.45,16.0,16.1,306,-49,0,-7,4.85,95.14,100.0
2026-05-14,2462,良得電,20.3,20.4,20.0,20.1,440,-176,0,0,1.25,98.74,100.0
2026-05-14,2464,盟立,114.0,118.5,112.5,115.0,12945,-150,0,-262,10.21,89.78,100.0
2026-05-14,2465,麗臺,83.4,84.0,81.4,82.6,1559,172,0,3,4.49,95.5,100.0
2026-05-14,2466,冠西電,50.9,50.9,47.2,48.4,384,-75,0,0,10.46,89.53,100.0
2026-05-14,2467,志聖,636.0,639.0,598.0,610.0,2431,-290,17,-18,20.04,79.95,100.0
2026-05-14,2468,華經,33.5,33.8,32.85,32.85,398,-38,0,0,1.41,98.58,100.0
2026-05-14,2471,資通,50.9,50.9,50.0,50.2,479,-23,0,0,5.13,94.86,100.0
2026-05-14,2472,立隆電,236.0,256.0,227.0,231.5,18720,-2127,167,-113,11.06,88.93,100.0
2026-05-14,2474,可成,200.5,200.5,190.0,190.5,7700,-3906,-337,-51,24.39,75.6,100.0
2026-05-14,2476,鉅祥,119.0,121.0,117.0,119.0,3695,-184,0,-6,10.12,89.87,100.0
2026-05-14,2477,美隆電,20.75,21.35,20.75,20.75,248,-80,0,12,23.31,76.68,100.0
2026-05-14,2478,大毅,85.2,88.7,81.5,82.1,9420,-227,0,124,15.22,84.77,100.0
2026-05-14,2480,敦陽科,148.5,152.0,148.5,150.0,493,119,-6,0,10.15,89.84,100.0
2026-05-14,2481,強茂,130.5,133.0,114.5,115.5,73640,3002,306,-642,28.32,71.67,100.0
2026-05-14,2482,連宇,16.25,17.15,16.25,16.35,289,34,0,0,1.4,98.59,100.0
2026-05-14,2483,百容,23.6,24.7,23.5,24.3,797,131,0,1,1.9,98.09,100.0
2026-05-14,2484,希華,38.35,38.95,36.85,38.3,7918,246,0,-3,4.89,95.1,100.0
2026-05-14,2485,兆赫,67.6,73.9,67.2,70.7,67752,7180,0,604,4.06,95.93,100.0
2026-05-14,2486,一詮,268.0,268.0,257.0,259.0,1914,-217,0,-14,17.43,82.56,100.0
2026-05-14,2488,漢平,51.7,51.8,51.6,51.8,108,18,0,0,6.93,93.06,100.0
2026-05-14,2489,瑞軒,41.6,42.45,40.25,40.55,24690,-2715,0,-75,4.55,95.44,100.0
2026-05-14,2491,吉祥全,21.5,21.6,20.2,20.2,673,-116,0,1,5.74,94.25,100.0
2026-05-14,2492,華新科,220.0,220.0,215.5,220.0,29663,8422,-2,219,21.07,78.92,100.0
2026-05-14,2493,揚博,130.5,140.0,129.0,140.0,4605,-242,0,139,3.09,96.9,100.0
2026-05-14,2495,普安,36.0,36.5,35.55,36.4,3372,-526,0,65,6.67,93.32,100.0
2026-05-14,2496,卓越,65.0,65.2,64.7,64.7,41,-2,0,0,23.19,76.8,100.0
2026-05-14,2497,怡利電,59.0,59.3,57.1,57.1,619,-246,0,0,2.67,97.32,100.0
2026-05-14,2498,宏達電,40.3,44.1,39.4,44.1,21497,541,0,803,8.82,91.17,100.0
2026-05-14,2501,國建,22.45,22.55,21.9,22.0,7070,918,0,-10,11.07,88.92,100.0
2026-05-14,2504,國產,34.2,34.3,34.0,34.2,1850,-1035,-50,-10,7.45,92.54,100.0
2026-05-14,2505,國揚,17.95,18.2,17.6,17.65,822,-366,0,-6,3.78,96.21,100.0
2026-05-14,2506,太設,8.53,8.64,8.53,8.58,167,-31,0,-1,4.74,95.25,100.0
2026-05-14,2509,全坤建,13.1,13.35,13.0,13.05,216,-24,0,-1,1.39,98.6,100.0
2026-05-14,2511,太子,7.67,7.72,7.62,7.64,1413,-571,0,-29,2.39,97.6,100.0
2026-05-14,2514,龍邦,13.1,13.2,13.05,13.05,192,-117,0,-2,2.23,97.76,100.0
2026-05-14,2515,中工,13.35,13.35,12.75,12.9,12011,-7256,-10,-48,8.32,91.67,100.0
2026-05-14,2516,新建,13.0,13.15,12.75,12.75,293,-33,0,0,2.41,97.58,100.0
2026-05-14,2520,冠德,30.75,31.5,30.75,31.15,1875,928,-3,-8,12.28,87.71,100.0
2026-05-14,2524,京城,35.55,35.55,34.25,34.25,157,-71,0,1,0.69,99.3,100.0
2026-05-14,2527,宏璟,34.1,34.35,33.35,33.35,455,-156,-2,-3,42.04,57.95,100.0
2026-05-14,2528,皇普,22.2,22.4,22.1,22.25,426,-154,0,-3,1.2,98.79,100.0
2026-05-14,2530,華建,21.25,21.3,20.4,21.05,1791,-902,-8,-59,3.02,96.97,100.0
2026-05-14,2534,宏盛,18.4,18.45,17.8,17.8,1550,-423,0,-68,6.21,93.78,100.0
2026-05-14,2535,達欣工,75.1,77.0,75.0,75.1,920,-40,0,-7,6.51,93.48,100.0
2026-05-14,2536,宏普,20.3,20.45,20.1,20.1,560,-148,0,-5,8.99,91.0,100.0
2026-05-14,2537,聯上發,10.1,10.1,9.98,9.99,1128,-168,0,0,2.33,97.66,100.0
2026-05-14,2538,基泰,9.62,9.67,9.57,9.59,403,-97,0,-7,9.84,90.15,100.0
2026-05-14,2539,櫻花建,39.3,39.65,38.5,38.65,1539,-608,-7,-36,1.88,98.11,100.0
2026-05-14,2540,愛山林,53.2,56.9,52.9,54.9,1443,-189,0,-19,1.54,98.45,100.0
2026-05-14,2542,興富發,42.4,43.5,42.4,43.15,14890,2698,18,-36,10.93,89.06,100.0
2026-05-14,2543,皇昌,42.0,42.1,39.5,39.8,5286,414,-1,47,1.59,98.4,100.0
2026-05-14,2545,皇翔,38.15,38.55,37.8,37.9,436,-106,0,1,2.72,97.27,100.0
2026-05-14,2546,根基,84.8,85.2,84.6,84.9,140,14,0,-1,3.34,96.65,100.0
2026-05-14,2547,日勝生,10.1,10.15,10.0,10.0,3079,-330,0,-79,13.35,86.64,100.0
2026-05-14,2548,華固,125.0,128.0,124.5,126.5,1423,312,-411,0,20.65,79.34,100.0
2026-05-14,2596,綠意,29.9,29.9,29.15,29.3,66,-29,0,0,0.72,99.27,100.0
2026-05-14,2597,潤弘,159.5,160.5,158.0,158.0,415,-49,-4,-3,2.86,97.13,100.0
2026-05-14,2601,益航,4.82,4.9,4.75,4.76,1850,-122,0,0,12.91,87.08,100.0
2026-05-14,2603,長榮,209.5,213.0,207.0,211.5,9016,3352,-307,50,21.3,28.68,49.99
2026-05-14,2605,新興,32.4,32.45,31.05,31.05,6673,-30,-3,-634,49.97,0.01,49.99
2026-05-14,2606,裕民,64.9,66.3,64.1,64.6,13884,6669,-6207,327,13.88,36.1,49.99
2026-05-14,2607,榮運,47.25,47.4,47.0,47.0,593,-271,0,-3,8.84,41.14,49.99
2026-05-14,2608,嘉里大榮,29.65,29.75,29.6,29.6,337,-75,0,-4,3.44,96.55,100.0
2026-05-14,2609,陽明,49.15,49.2,48.3,48.6,22899,-7916,4,-622,13.49,36.49,49.99
2026-05-14,2610,華航,18.9,19.0,18.55,18.55,32297,-9840,-984,-530,13.65,36.33,49.99
2026-05-14,2611,志信,13.4,13.4,13.1,13.1,461,-72,0,0,1.2,98.79,100.0
2026-05-14,2612,中航,57.0,58.0,57.0,57.1,537,80,0,16,4.04,95.95,100.0
2026-05-14,2613,中櫃,21.8,21.95,21.4,21.5,522,-33,0,0,1.27,32.05,33.33
2026-05-14,2614,東森,18.7,18.95,18.35,18.4,1714,-705,0,0,3.89,46.09,49.99
2026-05-14,2615,萬海,74.3,75.5,73.5,74.8,9727,-2035,-14,141,42.32,7.66,49.99
2026-05-14,2616,山隆,13.75,13.85,13.65,13.65,318,66,0,6,1.88,98.11,100.0
2026-05-14,2617,台航,29.2,29.45,29.1,29.15,493,-58,0,-3,8.67,41.31,49.99
2026-05-14,2618,長榮航,35.5,36.2,34.95,35.0,37043,3924,-2512,-204,23.56,26.42,49.99
2026-05-14,2630,亞航,44.05,44.1,42.95,42.95,1289,-232,0,-60,3.59,96.4,100.0
2026-05-14,2633,台灣高鐵,26.15,26.25,25.8,25.9,11289,-8163,-12,-65,9.4,39.58,48.99
2026-05-14,2634,漢翔,46.9,46.9,46.35,46.35,4121,-1054,-7,-28,2.74,7.25,10.0
2026-05-14,2636,台驊控股,67.6,68.1,67.5,67.7,246,-15,0,9,9.86,90.13,100.0
2026-05-14,2637,慧洋-KY,74.7,75.8,74.2,74.9,2237,287,-14,-21,18.7,81.29,100.0
2026-05-14,2640,大車隊,160.0,166.0,160.0,165.0,27,4,0,0,4.76,95.23,100.0
2026-05-14,2641,正德,17.85,17.95,17.65,17.85,1801,722,0,-6,2.6,97.39,100.0
2026-05-14,2642,宅配通,21.25,21.25,21.0,21.05,105,-3,0,0,5.32,94.67,100.0
2026-05-14,2643,捷迅,66.2,66.8,66.1,66.8,20,2,0,0,1.4,98.59,100.0
2026-05-14,2644,中信造船,80.89,82.8,80.7,82.2,15,0,0,0,0.0,0.0,0.0
2026-05-14,2645,長榮航太,156.5,158.0,152.0,153.0,1689,205,-4,-14,7.04,92.95,100.0
2026-05-14,2646,星宇航空,20.25,20.35,20.2,20.2,3323,584,-5,-40,2.6,47.38,49.99
2026-05-14,2701,萬企,10.5,10.6,10.4,10.4,92,-46,0,0,0.52,99.47,100.0
2026-05-14,2702,華園,13.5,13.5,12.9,13.0,83,-34,0,-1,39.36,60.63,100.0
2026-05-14,2704,國賓,43.25,43.3,42.15,42.2,102,-49,0,0,9.92,90.07,100.0
2026-05-14,2705,六福,15.6,15.7,15.3,15.3,530,-158,0,-13,1.62,98.37,100.0
2026-05-14,2706,第一店,12.3,12.3,12.15,12.15,174,-85,0,-4,2.67,97.32,100.0
2026-05-14,2707,晶華,175.5,175.5,172.5,172.5,272,-134,-1,-2,5.71,94.28,100.0
2026-05-14,2712,遠雄來,16.3,16.3,16.0,16.0,6,-2,0,0,0.28,99.71,100.0
2026-05-14,2718,晶悅,45.9,46.5,45.55,46.35,121,-6,0,0,0.65,99.34,100.0
2026-05-14,2718,全心投控,45.9,46.5,45.55,46.35,121,-6,0,0,0.65,99.34,100.0
2026-05-14,2719,燦星旅,26.0,26.4,25.9,25.9,10,-2,0,0,0.17,99.82,100.0
2026-05-14,2722,夏都,23.2,23.9,23.15,23.3,49,-19,0,-1,0.36,99.63,100.0
2026-05-14,2723,美食-KY,66.4,66.8,65.1,65.1,421,-200,0,-1,46.41,53.58,100.0
2026-05-14,2724,富驛-KY,15.15,15.15,13.8,14.25,55,0,0,0,15.09,84.9,100.0
2026-05-14,2724,藝舍-KY,15.15,15.15,13.8,14.25,55,0,0,0,15.09,84.9,100.0
2026-05-14,2726,雅茗-KY,9.83,9.83,9.32,9.32,152,-21,0,0,23.41,76.58,100.0
2026-05-14,2727,王品,235.0,238.5,235.0,237.0,503,91,17,3,27.57,72.42,100.0
2026-05-14,2729,瓦城,165.5,167.0,164.0,164.0,35,2,0,0,2.08,97.91,100.0
2026-05-14,2731,雄獅,160.0,161.5,158.5,161.0,913,-345,0,-1,13.29,86.7,100.0
2026-05-14,2732,六角,67.0,67.0,65.7,65.8,18,-8,0,0,4.16,95.83,100.0
2026-05-14,2733,維格餅家,11.74,11.95,11.8,11.9,6,0,0,0,0.0,0.0,0.0
2026-05-14,2734,易飛網,15.55,15.6,15.5,15.55,53,20,0,0,3.89,96.1,100.0
2026-05-14,2736,富野,12.4,12.6,12.3,12.35,43,-8,0,0,0.97,99.02,100.0
2026-05-14,2739,寒舍,35.2,35.5,34.4,34.7,219,7,0,2,2.59,97.4,100.0
2026-05-14,2740,天蔥,37.5,37.5,37.5,37.5,1,0,0,0,1.66,98.33,100.0
2026-05-14,2740,華軒,37.5,37.5,37.5,37.5,1,0,0,0,1.66,98.33,100.0
2026-05-14,2741,老四川,21.65,21.35,20.9,21.3,34,0,0,0,0.0,0.0,0.0
2026-05-14,2743,山富,69.3,69.7,68.4,68.4,165,-53,0,0,2.77,97.22,100.0
2026-05-14,2745,五福,102.5,102.5,101.0,101.0,204,-53,0,0,3.52,96.47,100.0
2026-05-14,2748,雲品,40.0,40.1,39.8,40.0,120,-41,0,-1,1.13,98.86,100.0
2026-05-14,2751,王座,54.0,54.0,53.2,53.3,7,1,0,0,0.42,99.57,100.0
2026-05-14,2752,豆府,183.0,183.0,182.0,182.0,17,-1,0,0,1.29,98.7,100.0
2026-05-14,2753,八方雲集,180.0,180.0,177.5,177.5,376,-225,-4,0,4.76,95.23,100.0
2026-05-14,2754,亞洲藏壽司,72.3,72.3,69.0,69.5,77,0,0,0,68.02,31.97,100.0
2026-05-14,2755,揚秦,131.5,133.0,131.5,133.0,21,-4,0,0,1.21,98.78,100.0
2026-05-14,2756,聯發國際,60.9,60.9,60.6,60.7,38,2,0,0,1.61,98.38,100.0
2026-05-14,2758,路易莎咖啡,68.87,69.9,64.5,67.5,30,0,0,0,0.0,0.0,0.0
2026-05-14,2760,巨宇翔,21.59,21.95,20.9,21.95,0,0,0,0,0.0,0.0,0.0
2026-05-14,2761,橘焱胡同,15.5,15.65,15.65,15.65,1,0,0,0,0.0,0.0,0.0
2026-05-14,2762,世界健身-KY,83.5,85.0,81.2,83.9,502,46,0,-3,82.42,17.57,100.0
2026-05-14,2801,彰銀,20.5,20.6,20.4,20.4,25145,-17259,-94,28,17.83,82.16,100.0
2026-05-14,2812,台中銀,19.3,19.4,18.9,19.0,47828,-11040,-23,-164,7.91,92.08,100.0
2026-05-14,2816,旺旺保,31.9,32.3,31.2,31.25,580,144,0,0,1.95,98.04,100.0
2026-05-14,2820,華票,16.9,16.95,16.75,16.75,1838,-653,0,-6,8.82,91.17,100.0
2026-05-14,2832,台產,54.0,55.1,53.8,53.9,495,70,0,-23,3.97,96.02,100.0
2026-05-14,2834,臺企銀,16.05,16.2,16.0,16.0,27907,-13145,-69,-312,16.69,83.3,100.0
2026-05-14,2836,高雄銀,11.85,11.95,11.8,11.8,1066,-409,-5,-13,7.36,92.63,100.0
2026-05-14,2838,聯邦銀,20.3,20.45,20.15,20.15,2328,-913,-22,-287,4.25,95.74,100.0
2026-05-14,2845,遠東銀,12.15,12.15,12.05,12.05,13567,-3872,-26,-86,8.79,91.2,100.0
2026-05-14,2849,安泰銀,13.4,13.5,13.15,13.15,249,-123,0,-19,58.89,41.1,100.0
2026-05-14,2850,新產,132.5,134.0,131.0,132.0,258,-93,-18,-25,10.23,89.76,100.0
2026-05-14,2851,中再保,34.05,34.4,33.1,33.1,2912,-1331,-1,-42,7.69,92.3,100.0
2026-05-14,2852,第一保,26.5,27.2,26.5,26.5,1096,203,-9,-6,4.81,95.18,100.0
2026-05-14,2855,統一證,41.95,42.4,40.0,40.15,11653,-4505,-53,0,13.54,86.45,100.0
2026-05-14,2867,三商壽,7.73,7.77,7.67,7.7,7090,135,0,595,18.13,81.86,100.0
2026-05-14,2880,華南金,32.45,33.25,32.45,32.6,13664,-2384,-628,-282,17.41,82.58,100.0
2026-05-14,2881,富邦金,93.9,96.0,93.9,94.6,20009,7182,-5074,42,16.46,83.53,100.0
2026-05-14,2882,國泰金,76.9,78.6,76.7,76.7,26797,3955,-8315,170,20.12,79.87,100.0
2026-05-14,2883,凱基金,22.25,22.9,22.1,22.1,58899,-6857,-1704,-1844,30.77,69.22,100.0
2026-05-14,2884,玉山金,31.95,32.1,31.75,31.85,25650,-2529,-3640,-570,30.59,69.4,100.0
2026-05-14,2885,元大金,56.3,56.8,55.2,55.5,21879,-6703,-1410,-485,25.93,74.06,100.0
2026-05-14,2886,兆豐金,39.25,39.65,39.25,39.3,14378,-3652,-195,-495,21.7,78.29,100.0
2026-05-14,2887,台新新光金,23.15,23.55,23.0,23.1,118169,52710,-61938,88,23.46,76.53,100.0
2026-05-14,2889,國票金,14.7,14.85,14.5,14.6,3621,-1521,-4,-102,8.46,91.53,100.0
2026-05-14,2890,永豐金,30.45,30.75,30.4,30.5,24158,-2389,-646,-422,28.01,71.98,100.0
2026-05-14,2891,中信金,54.4,55.9,54.4,54.8,39236,13915,-14156,-284,33.9,66.09,100.0
2026-05-14,2892,第一金,29.3,29.65,29.3,29.5,24610,4215,-170,-236,27.44,72.55,100.0
2026-05-14,2897,王道銀行,10.1,10.2,10.05,10.05,3499,-1241,0,-19,6.96,93.03,100.0
2026-05-14,2901,欣欣,23.35,23.35,22.9,22.9,49,-5,0,-1,0.32,99.67,100.0
2026-05-14,2903,遠百,22.35,22.65,22.3,22.35,2164,-727,-106,21,7.99,92.0,100.0
2026-05-14,2904,匯僑,15.5,15.5,15.45,15.45,42,4,0,0,0.5,99.49,100.0
2026-05-14,2905,三商,13.4,13.55,13.3,13.35,406,-130,0,-11,3.67,96.32,100.0
2026-05-14,2906,高林,12.3,12.45,12.25,12.25,122,-25,0,-2,1.66,98.33,100.0
2026-05-14,2908,特力,20.7,20.8,20.6,20.75,334,-100,0,-5,1.61,98.38,100.0
2026-05-14,2910,統領,21.7,22.3,21.45,21.45,26,-19,0,0,0.26,99.73,100.0
2026-05-14,2911,麗嬰房,5.0,5.09,4.99,5.03,185,-1,0,0,20.77,79.22,100.0
2026-05-14,2912,統一超,225.5,229.5,225.5,226.5,1388,-8,-7,-8,19.64,80.35,100.0
2026-05-14,2913,農林,11.05,11.15,10.95,10.95,1802,-8,0,-20,5.21,94.78,100.0
2026-05-14,2915,潤泰全,43.0,43.5,42.7,42.75,1833,-284,-53,-20,5.4,94.59,100.0
2026-05-14,2916,滿心,46.1,46.9,46.0,46.55,81,10,0,0,21.37,78.62,100.0
2026-05-14,2923,鼎固-KY,23.9,25.0,21.9,21.9,224,-168,0,-3,99.41,0.58,100.0
2026-05-14,2924,宏太-KY,16.7,16.7,16.7,16.7,3,0,0,0,66.79,33.2,100.0
2026-05-14,2926,誠品生活,36.45,36.45,35.7,36.05,12,-2,0,0,1.12,98.87,100.0
2026-05-14,2929,淘帝-KY,5.54,5.57,5.5,5.5,291,-15,0,-1,18.04,81.95,100.0
2026-05-14,2937,集雅社,45.6,45.85,45.6,45.85,6,0,0,1,0.08,99.91,100.0
2026-05-14,2938,床的世界,23.25,23.4,23.4,23.4,1,0,0,0,0.0,0.0,0.0
2026-05-14,2939,永邑-KY,24.6,24.85,23.7,23.7,24,-3,0,0,19.92,80.07,100.0
2026-05-14,2940,歐都納,23.55,24.35,23.4,23.5,12,0,0,0,0.0,0.0,0.0
2026-05-14,2941,米斯特,30.0,32.1,30.0,31.7,8,1,0,0,0.48,99.51,100.0
2026-05-14,2942,京站,38.3,39.25,37.8,37.8,0,0,0,0,0.0,0.0,0.0
2026-05-14,2945,三商家購,41.0,41.45,40.7,40.7,29,-10,0,0,0.36,99.63,100.0
2026-05-14,2947,振宇五金,78.5,78.5,78.5,78.5,4,0,0,0,0.09,99.9,100.0
2026-05-14,2948,寶陞,37.85,37.9,37.2,37.9,4,0,0,0,0.01,99.98,100.0
2026-05-14,2949,欣新網,53.5,58.5,53.5,58.5,29,2,0,0,0.02,99.97,100.0
2026-05-14,3002,歐格,17.7,17.9,17.0,17.1,311,-131,0,-1,2.63,97.36,100.0
2026-05-14,3003,健和興,58.3,62.5,58.3,61.0,2863,835,0,1,3.81,96.18,100.0
2026-05-14,3004,豐達科,115.5,117.5,115.0,117.0,376,23,30,0,2.65,97.34,100.0
2026-05-14,3005,神基,98.5,107.0,98.5,103.5,19737,5693,-27,162,10.24,89.75,100.0
2026-05-14,3006,晶豪科,230.0,238.0,229.5,238.0,20445,6474,-2,163,33.28,66.71,100.0
2026-05-14,3008,大立光,2930.0,3135.0,2895.0,3135.0,4216,632,319,153,33.07,66.92,100.0
2026-05-14,3010,華立,133.0,134.0,130.0,130.0,1775,66,-155,-10,17.31,82.68,100.0
2026-05-14,3011,今皓,13.35,13.4,12.6,12.6,1868,-412,0,0,2.4,97.59,100.0
2026-05-14,3013,晟銘電,108.0,109.5,105.0,105.5,2247,-340,-1,-29,3.89,96.1,100.0
2026-05-14,3014,聯陽,137.5,141.0,137.5,139.0,2225,954,-16,-5,20.69,79.3,100.0
2026-05-14,3015,全漢,51.0,51.1,50.0,50.1,289,-121,0,-5,8.94,91.05,100.0
2026-05-14,3016,嘉晶,124.5,125.0,120.0,123.0,1173,-121,0,-5,7.97,92.02,100.0
2026-05-14,3017,奇鋐,2700.0,2775.0,2555.0,2555.0,7168,-1172,309,-44,53.56,46.43,100.0
2026-05-14,3018,隆銘綠能,10.15,10.15,10.15,10.15,8,0,0,0,0.22,99.77,100.0
2026-05-14,3019,亞光,142.0,149.0,142.0,147.0,9570,2179,0,399,6.04,93.95,100.0
2026-05-14,3021,鴻名,16.4,17.6,16.25,17.0,379,27,0,0,3.96,96.03,100.0
2026-05-14,3022,威強電,68.0,68.5,67.3,68.2,683,68,-3,-3,15.24,84.75,100.0
2026-05-14,3023,信邦,302.0,303.5,290.0,293.0,1610,-465,-6,-36,44.42,55.57,100.0
2026-05-14,3024,憶聲,15.75,16.9,15.75,16.55,10894,392,0,-34,2.65,97.34,100.0
2026-05-14,3025,星通,63.2,63.2,60.8,60.8,545,-53,0,1,6.81,93.18,100.0
2026-05-14,3026,禾伸堂,357.0,357.5,350.0,357.5,4517,593,-2,334,15.49,84.5,100.0
2026-05-14,3027,盛達,18.05,18.45,17.5,17.55,477,-130,0,-7,1.62,98.37,100.0
2026-05-14,3028,增你強,75.8,79.4,75.8,78.8,7909,2485,1,-113,12.57,87.42,100.0
2026-05-14,3029,零壹,98.0,99.5,97.1,97.2,1256,-38,-12,0,3.39,96.6,100.0
2026-05-14,3030,德律,419.0,419.0,402.5,402.5,1146,-83,16,2,14.51,85.48,100.0
2026-05-14,3031,佰鴻,29.65,30.3,29.6,30.0,1597,275,0,-6,2.93,97.06,100.0
2026-05-14,3032,偉訓,80.0,83.0,78.8,80.1,3087,-399,0,-15,2.33,97.66,100.0
2026-05-14,3033,威健,43.35,46.75,43.3,46.4,27593,5245,-39,-780,18.93,81.06,100.0
2026-05-14,3034,聯詠,487.5,499.5,484.0,493.0,7632,3062,-78,72,37.15,62.84,100.0
2026-05-14,3035,智原,197.0,200.0,188.5,198.5,19023,-544,0,346,8.59,91.4,100.0
2026-05-14,3036,文曄,288.0,288.0,270.0,271.5,16745,-3668,-319,-428,22.09,77.88,100.0
2026-05-14,3037,欣興,910.0,918.0,879.0,881.0,29924,-3445,3620,29,37.75,62.24,100.0
2026-05-14,3038,全台,22.5,23.05,22.5,23.05,383,144,-3,-1,8.59,91.4,100.0
2026-05-14,3040,遠見,39.8,40.05,39.05,39.05,92,-31,0,0,0.57,99.42,100.0
2026-05-14,3041,揚智,24.05,24.55,23.7,24.15,747,192,0,-10,4.16,95.83,100.0
2026-05-14,3042,晶技,148.0,149.5,142.0,149.5,12787,4145,-4,-38,20.92,79.07,100.0
2026-05-14,3043,科風,19.85,19.85,19.25,19.55,206,-62,0,0,1.05,98.94,100.0
2026-05-14,3044,健鼎,534.0,542.0,506.0,512.0,9519,107,44,-118,48.36,51.63,100.0
2026-05-14,3045,台灣大,111.5,115.0,111.5,115.0,20362,13086,563,-363,14.31,32.23,46.55
2026-05-14,3046,建碁,52.4,52.7,51.2,51.3,226,10,0,0,4.4,95.59,100.0
2026-05-14,3047,訊舟,14.4,14.7,14.2,14.35,1039,221,0,-8,2.67,97.32,100.0
2026-05-14,3048,益登,48.5,51.0,46.6,51.0,34119,8141,0,436,9.53,90.46,100.0
2026-05-14,3049,精金,13.05,13.05,12.65,12.65,4568,-498,0,0,2.39,97.6,100.0
2026-05-14,3050,鈺德,12.2,12.3,12.0,12.15,920,60,0,-5,6.81,93.18,100.0
2026-05-14,3051,力特,26.05,26.4,25.35,26.4,1902,40,0,0,1.79,98.2,100.0
2026-05-14,3052,夆典,10.65,10.7,10.55,10.55,698,-15,0,2,1.5,98.49,100.0
2026-05-14,3054,立萬利,69.4,69.4,67.2,67.5,203,-78,0,1,0.35,99.64,100.0
2026-05-14,3055,蔚華科,112.5,113.5,105.0,106.0,4970,-789,0,-96,2.19,97.8,100.0
2026-05-14,3056,富華新,13.9,13.95,13.7,13.85,1088,-31,0,-7,3.92,96.07,100.0
2026-05-14,3057,喬鼎,20.1,20.1,19.05,19.1,383,-65,0,1,2.33,97.66,100.0
2026-05-14,3058,立德,8.48,8.48,8.0,8.21,890,133,0,-1,2.28,97.71,100.0
2026-05-14,3059,華晶科,39.15,40.15,39.15,39.9,3431,553,0,-8,9.59,90.4,100.0
2026-05-14,3060,銘異,28.3,29.0,27.65,27.8,2183,61,0,-3,8.01,91.98,100.0
2026-05-14,3062,建漢,28.05,28.65,27.05,27.05,7668,-320,0,-16,9.62,90.37,100.0
2026-05-14,3064,泰偉,0.0,0.0,0.0,0.0,1,0,0,0,0.12,99.87,100.0
2026-05-14,3066,李洲,18.35,19.2,17.95,18.1,327,-20,0,0,0.65,99.34,100.0
2026-05-14,3067,全域,17.5,17.5,17.25,17.25,5,0,0,0,0.02,99.97,100.0
2026-05-14,3071,協禧,30.5,30.75,29.8,29.8,511,86,0,15,2.17,97.82,100.0
2026-05-14,3073,天方能源,21.45,21.5,19.8,20.0,427,26,0,0,1.74,98.25,100.0
2026-05-14,3078,僑威,55.8,55.8,55.1,55.1,1249,-204,-7,0,18.13,81.86,100.0
2026-05-14,3081,聯亞,2960.0,2980.0,2815.0,2945.0,3194,-143,316,0,21.42,78.57,100.0
2026-05-14,3083,網龍,26.45,26.5,26.0,26.15,156,-10,0,0,1.25,98.74,100.0
2026-05-14,3085,新零售,13.2,13.25,12.7,12.7,16,0,0,0,5.69,94.3,100.0
2026-05-14,3086,華義*,38.5,39.8,37.8,37.95,468,-147,0,0,40.49,59.5,100.0
2026-05-14,3088,艾訊,135.5,136.0,127.0,129.0,2550,345,0,-15,16.05,83.94,100.0
2026-05-14,3090,日電貿,130.5,134.5,126.0,129.5,28643,-1628,920,-5,8.79,91.2,100.0
2026-05-14,3092,鴻碩,30.05,30.2,29.15,29.35,610,-119,0,-3,1.35,98.64,100.0
2026-05-14,3093,港建*,54.0,54.6,51.1,51.8,2059,319,0,0,68.8,31.19,100.0
2026-05-14,3094,聯傑,30.65,33.65,30.05,32.8,6818,489,0,-15,2.64,97.35,100.0
2026-05-14,3095,及成,46.3,47.15,44.4,44.4,29,-3,0,0,3.51,96.48,100.0
2026-05-14,3097,拍檔,26.11,26.95,25.3,26.65,21,0,0,0,0.0,0.0,0.0
2026-05-14,3105,穩懋,503.0,504.0,482.0,483.5,20779,-2341,-324,-157,27.46,72.53,100.0
2026-05-14,3114,好德,27.0,27.2,26.5,27.15,500,14,0,0,0.94,99.05,100.0
2026-05-14,3115,富榮綱,9.4,9.68,9.4,9.4,9,1,0,0,1.71,98.28,100.0
2026-05-14,3117,年程,24.3,25.15,22.3,22.6,230,-3,0,0,0.0,0.0,0.0
2026-05-14,3118,進階,33.65,33.85,33.5,33.85,22,-7,0,0,0.32,99.67,100.0
2026-05-14,3122,笙泉,37.55,38.15,36.5,37.35,551,83,0,-7,3.33,96.66,100.0
2026-05-14,3128,昇銳,23.45,23.45,22.75,22.9,82,18,0,0,3.86,96.13,100.0
2026-05-14,3130,一零四,222.5,223.5,222.5,223.0,18,-6,0,0,20.96,79.03,100.0
2026-05-14,3131,弘塑,3100.0,3110.0,2930.0,2935.0,481,-81,-61,2,37.05,62.94,100.0
2026-05-14,3135,凌航,220.0,227.5,206.0,220.5,10454,-457,0,-2,5.1,94.89,100.0
2026-05-14,3138,耀登,156.5,159.5,152.0,153.0,948,-34,0,0,0.6,99.39,100.0
2026-05-14,3141,晶宏,63.4,64.5,61.4,62.6,3698,-178,0,-26,10.39,89.6,100.0
2026-05-14,3147,大綜,175.5,175.5,168.0,172.5,403,39,0,-4,2.65,97.34,100.0
2026-05-14,3149,正達,55.7,56.0,53.0,53.9,18912,-813,0,-35,3.2,96.79,100.0
2026-05-14,3150,鈺寶-創,18.85,18.85,18.2,18.25,46,-13,0,2,0.95,99.04,100.0
2026-05-14,3152,璟德,172.0,178.0,164.0,173.5,2876,134,0,-158,15.88,84.11,100.0
2026-05-14,3158,嘉實,88.0,88.0,87.4,87.4,16,-2,0,0,1.6,98.39,100.0
2026-05-14,3162,精確,86.2,87.4,83.1,83.7,5610,-506,0,0,47.1,52.89,100.0
2026-05-14,3163,波若威,1075.0,1075.0,1020.0,1020.0,423,-98,-14,12,17.15,82.84,100.0
2026-05-14,3164,景岳,17.25,17.3,17.05,17.2,164,11,0,0,0.51,99.48,100.0
2026-05-14,3167,大量,782.0,782.0,738.0,765.0,678,-32,0,24,12.9,87.09,100.0
2026-05-14,3168,眾福科,44.0,44.05,43.7,43.7,20,-11,0,0,1.24,98.75,100.0
2026-05-14,3169,亞信,112.0,116.0,111.0,114.5,982,311,0,16,4.36,95.63,100.0
2026-05-14,3171,新洲,68.6,70.0,68.5,69.0,13,-5,0,0,0.82,99.17,100.0
2026-05-14,3171,炎洲流通,68.6,70.0,68.5,69.0,13,-5,0,0,0.82,99.17,100.0
2026-05-14,3176,基亞,31.2,31.7,31.05,31.2,275,46,0,0,4.7,95.29,100.0
2026-05-14,3178,公準,66.2,68.8,65.4,67.7,98,2,0,0,1.98,98.01,100.0
2026-05-14,3184,微邦,30.14,31.5,28.05,29.65,2186,-82,0,0,0.0,0.0,0.0
2026-05-14,3188,鑫龍騰,24.25,25.0,24.0,25.0,418,12,0,0,2.31,97.68,100.0
2026-05-14,3189,景碩,506.0,540.0,488.0,522.0,45244,6706,-440,742,20.59,79.4,100.0
2026-05-14,3191,雲嘉南,13.7,14.0,13.7,13.8,63,0,0,0,0.05,99.94,100.0
2026-05-14,3205,佰研,53.1,54.0,53.1,53.1,2765,18,0,0,1.0,98.99,100.0
2026-05-14,3206,志豐,37.6,38.15,37.55,38.0,195,-50,0,0,2.31,97.68,100.0
2026-05-14,3207,耀勝,56.9,58.5,56.9,57.3,159,9,0,0,4.48,95.51,100.0
2026-05-14,3209,全科,63.0,65.2,62.2,63.5,4614,-159,-12,21,19.46,80.53,100.0
2026-05-14,3211,順達,391.0,392.0,374.5,375.5,9711,-759,-759,-146,17.03,82.96,100.0
2026-05-14,3213,茂訊,115.0,117.0,114.5,115.0,490,22,0,-4,5.85,94.14,100.0
2026-05-14,3217,優群,181.5,190.0,180.0,187.0,4160,1213,-3,138,5.73,94.26,100.0
2026-05-14,3218,大學光,132.0,132.5,129.0,129.0,221,-102,-6,0,4.81,95.18,100.0
2026-05-14,3219,倚強股份,86.7,86.7,79.5,81.1,1694,-37,0,-127,1.36,98.63,100.0
2026-05-14,3219,倚強科,86.7,86.7,79.5,81.1,1694,-37,0,-127,1.36,98.63,100.0
2026-05-14,3221,台嘉碩,42.35,44.3,40.85,41.85,4940,-402,0,-4,4.0,95.99,100.0
2026-05-14,3224,三顧,44.0,44.25,43.55,43.55,77,-5,0,0,0.47,99.52,100.0
2026-05-14,3226,龍鋒,38.9,41.55,38.9,40.55,51,-2,0,0,0.06,99.93,100.0
2026-05-14,3227,原相,224.5,230.0,224.0,228.0,2313,274,459,17,27.32,72.59,100.0
2026-05-14,3228,金麗科,213.0,216.0,207.0,207.0,996,-46,0,-32,7.35,92.64,100.0
2026-05-14,3229,晟鈦,43.4,44.3,40.35,40.35,1393,-52,0,0,1.07,98.92,100.0
2026-05-14,3230,錦明,32.3,32.5,31.1,31.25,639,88,0,0,4.02,95.97,100.0
2026-05-14,3231,緯創,140.5,141.5,138.0,138.0,42377,-13913,-311,-234,28.3,71.69,100.0
2026-05-14,3232,昱捷,20.95,20.95,20.75,20.85,39,2,0,0,8.25,91.74,100.0
2026-05-14,3234,光環,99.3,103.5,99.3,99.5,1670,-158,0,0,2.06,97.93,100.0
2026-05-14,3236,千如,40.3,42.7,39.15,40.2,37525,-409,0,220,13.54,86.45,100.0
2026-05-14,3252,海灣,18.2,18.75,18.2,18.35,12,-2,0,0,2.24,97.75,100.0
2026-05-14,3257,虹冠電,54.4,55.2,54.0,54.4,340,32,0,0,1.11,98.88,100.0
2026-05-14,3259,鑫創,17.5,17.5,17.05,17.1,38,-2,0,0,10.94,89.05,100.0
2026-05-14,3260,威剛,446.0,452.5,438.0,447.0,19349,398,-1002,-18,17.83,82.16,100.0
2026-05-14,3264,欣銓,234.0,237.0,227.0,229.0,9622,-1302,181,-124,28.7,71.29,100.0
2026-05-14,3265,台星科,181.0,183.5,178.0,182.5,1895,84,0,76,10.33,89.66,100.0
2026-05-14,3266,昇陽,13.05,13.2,12.7,12.7,232,-30,0,0,8.27,91.72,100.0
2026-05-14,3268,海德威,17.45,17.85,16.9,16.95,135,-2,0,2,0.87,99.12,100.0
2026-05-14,3272,東碩,18.15,18.15,17.75,17.9,96,0,0,0,0.68,99.31,100.0
2026-05-14,3276,宇環,16.0,16.0,15.3,15.4,429,-46,0,17,0.92,99.07,100.0
2026-05-14,3284,太普高,16.3,16.5,15.7,16.0,222,-16,0,0,0.8,99.19,100.0
2026-05-14,3285,微端,28.4,28.4,28.3,28.35,7,-1,0,0,12.9,87.09,100.0
2026-05-14,3287,廣寰科,32.1,32.45,31.35,31.35,693,-34,0,5,1.48,98.51,100.0
2026-05-14,3288,點晶,15.25,15.5,14.9,14.95,16,0,0,0,0.14,99.85,100.0
2026-05-14,3289,宜特,176.5,178.0,164.0,168.0,6258,-142,0,-152,6.18,93.81,100.0
2026-05-14,3290,東浦,48.4,49.9,47.7,48.4,2119,535,0,7,7.01,92.98,100.0
2026-05-14,3293,鈊象,726.0,730.0,724.0,724.0,1067,-8,-3,0,27.75,72.24,100.0
2026-05-14,3294,英濟,30.5,33.2,30.25,33.2,1739,377,0,3,8.25,91.74,100.0
2026-05-14,3296,勝德,21.35,21.85,21.3,21.3,73,-25,0,0,2.25,97.74,100.0
2026-05-14,3297,杭特,31.85,32.85,31.05,31.35,73,-20,0,0,3.05,96.94,100.0
2026-05-14,3303,岱稜,50.5,51.1,50.0,50.4,439,83,0,0,5.13,94.86,100.0
2026-05-14,3305,昇貿,132.0,134.5,125.0,126.0,15009,-830,0,-259,6.14,93.85,100.0
2026-05-14,3306,鼎天,44.6,45.25,44.5,44.95,144,-8,0,0,2.01,97.98,100.0
2026-05-14,3308,聯德,20.8,21.0,20.35,20.35,123,-7,0,1,0.81,99.18,100.0
2026-05-14,3310,佳穎,68.2,70.1,67.5,70.1,216,3,0,0,0.2,99.79,100.0
2026-05-14,3311,閎暉,32.0,32.0,31.0,31.45,165,-61,0,-1,1.55,98.44,100.0
2026-05-14,3312,弘憶股,48.2,49.15,46.2,48.7,8942,1366,0,6,3.9,96.09,100.0
2026-05-14,3313,斐成,11.35,11.45,11.3,11.3,110,4,0,0,4.7,95.29,100.0
2026-05-14,3317,尼克森,69.0,74.9,69.0,74.0,13131,1745,0,13,12.84,87.15,100.0
2026-05-14,3321,同泰,16.3,16.5,15.9,15.9,377,-77,0,-2,1.61,98.38,100.0
2026-05-14,3322,建舜電,14.05,14.2,13.35,13.55,4011,-209,0,0,2.49,97.5,100.0
2026-05-14,3323,加百裕,35.75,36.2,35.0,35.45,869,51,0,-2,3.58,96.41,100.0
2026-05-14,3324,雙鴻,1085.0,1095.0,1015.0,1015.0,4282,-1701,-19,-24,26.84,73.15,100.0
2026-05-14,3325,旭品,12.9,12.9,11.95,12.05,436,-65,0,0,0.9,99.09,100.0
2026-05-14,3332,幸康,67.9,67.9,64.6,65.8,31,-4,0,0,0.91,99.08,100.0
2026-05-14,3338,泰碩,71.0,71.9,68.6,68.7,1520,129,0,-1,3.77,96.22,100.0
2026-05-14,3339,泰谷,50.2,50.7,48.35,48.75,2727,278,0,0,8.66,91.33,100.0
2026-05-14,3346,麗清,16.05,16.6,15.8,15.8,622,136,0,2,2.1,97.89,100.0
2026-05-14,3349,寶德,20.05,20.25,19.0,19.0,241,-11,0,0,1.05,98.94,100.0
2026-05-14,3354,律勝,35.3,35.9,33.1,33.6,1576,-181,0,0,2.35,97.64,100.0
2026-05-14,3356,奇偶,60.3,63.2,60.3,62.7,2438,437,0,0,8.23,91.76,100.0
2026-05-14,3357,臺慶科,232.0,234.0,223.0,231.5,12209,-262,0,-138,15.65,84.34,100.0
2026-05-14,3360,尚立,16.1,16.2,15.7,15.75,2282,-65,0,0,1.61,98.38,100.0
2026-05-14,3362,先進光,104.0,111.5,104.0,111.5,3037,238,0,45,8.32,91.67,100.0
2026-05-14,3363,上詮,875.0,903.0,845.0,902.0,3876,-171,0,-12,19.19,80.8,100.0
2026-05-14,3372,典範,19.0,19.75,18.9,19.35,734,312,0,-2,1.37,98.62,100.0
2026-05-14,3373,熱映,17.15,17.4,16.9,16.9,68,-7,0,0,1.47,98.52,100.0
2026-05-14,3374,精材,242.0,260.0,234.0,259.5,26843,-2341,1,766,10.73,89.26,100.0
2026-05-14,3376,新日興,202.5,202.5,195.0,196.5,5005,-872,-1,23,16.72,83.27,100.0
2026-05-14,3379,彬台,34.4,34.95,34.15,34.15,383,-60,0,0,1.37,98.62,100.0
2026-05-14,3380,明泰,32.15,32.7,31.5,31.6,3104,-546,-3,-35,5.55,94.44,100.0
2026-05-14,3388,崇越電,115.5,115.5,107.5,108.0,2343,-410,0,102,6.41,93.58,100.0
2026-05-14,3390,旭軟,27.75,27.95,26.8,27.1,1387,-256,0,0,3.25,96.74,100.0
2026-05-14,3402,漢科,139.5,140.0,136.0,139.5,844,65,0,2,7.49,92.5,100.0
2026-05-14,3406,玉晶光,524.0,564.0,522.0,560.0,5186,786,-40,141,42.58,57.41,100.0
2026-05-14,3413,京鼎,315.0,326.0,315.0,321.0,4059,1259,-4,3,14.24,85.75,100.0
2026-05-14,3416,融程電,169.5,171.0,167.0,168.5,371,52,0,0,3.01,96.98,100.0
2026-05-14,3419,譁裕,14.05,14.05,13.85,13.85,260,-46,0,-1,1.82,98.17,100.0
2026-05-14,3426,台興,47.7,47.7,47.7,47.7,39,0,0,0,0.44,99.55,100.0
2026-05-14,3430,奇鈦科,177.5,189.0,165.5,177.0,8431,-786,0,0,1.93,98.06,100.0
2026-05-14,3432,台端,20.3,20.3,19.15,19.15,125,-42,0,0,3.02,96.97,100.0
2026-05-14,3434,哲固,28.4,28.65,28.2,28.4,72,-6,0,0,1.87,98.12,100.0
2026-05-14,3437,榮創,25.0,25.25,24.1,24.35,1912,380,0,-5,4.15,95.84,100.0
2026-05-14,3438,類比科,61.6,64.3,61.2,62.8,364,43,0,0,3.28,96.71,100.0
2026-05-14,3441,聯一光,39.6,42.9,39.15,42.9,2373,358,0,1,3.36,96.63,100.0
2026-05-14,3443,創意,5505.0,5515.0,5055.0,5075.0,2742,285,-380,6,28.33,71.66,100.0
2026-05-14,3444,利機,95.0,98.0,94.3,95.5,703,10,0,0,11.13,88.86,100.0
2026-05-14,3447,展達,37.65,37.9,36.25,36.3,435,-91,0,0,1.03,98.96,100.0
2026-05-14,3450,聯鈞,451.0,452.0,413.5,422.0,5932,44,-189,-31,26.31,73.68,100.0
2026-05-14,3455,由田,295.0,295.0,285.0,285.5,285,72,0,30,20.02,79.97,100.0
2026-05-14,3465,進泰電子,28.8,28.8,28.0,28.0,7,-2,0,0,4.7,95.29,100.0
2026-05-14,3466,德晉,38.4,39.9,37.7,39.2,541,22,0,0,17.3,82.69,100.0
2026-05-14,3467,台灣精材,68.3,68.4,66.0,66.1,232,9,0,0,1.33,98.66,100.0
2026-05-14,3473,智通聯網,95.3,95.6,93.3,95.3,9,0,0,0,0.0,0.0,0.0
2026-05-14,3479,安勤,101.5,104.0,100.5,104.0,1844,762,0,8,7.07,92.92,100.0
2026-05-14,3481,群創,38.4,38.65,35.0,35.4,998720,-205693,7,1346,27.43,72.56,100.0
2026-05-14,3483,力致,88.1,88.5,86.0,87.0,1334,64,0,-11,7.43,92.56,100.0
2026-05-14,3484,崧騰,42.55,43.1,42.5,42.7,211,3,0,0,7.1,92.89,100.0
2026-05-14,3485,敘豐,297.5,297.5,280.5,287.5,389,10,0,15,0.07,99.92,100.0
2026-05-14,3489,森寶,22.4,22.4,21.95,21.95,74,-25,0,0,0.7,99.29,100.0
2026-05-14,3490,單井,35.65,35.65,35.65,35.65,1809,-45,0,839,6.61,93.38,100.0
2026-05-14,3491,昇達科,1775.0,1780.0,1610.0,1625.0,1887,-539,-52,0,30.64,69.35,100.0
2026-05-14,3492,長盛,22.8,22.8,22.6,22.6,65,9,0,0,0.58,99.41,100.0
2026-05-14,3494,誠研,7.76,7.98,7.17,7.55,147,-26,0,-3,1.67,98.32,100.0
2026-05-14,3498,陽程,133.5,135.5,132.0,135.5,1423,243,0,29,19.1,80.89,100.0
2026-05-14,3499,環天科,14.65,14.65,14.35,14.6,125,28,0,0,0.69,99.3,100.0
2026-05-14,3501,維熹,42.2,42.25,38.65,38.8,2740,92,0,-2,3.26,96.73,100.0
2026-05-14,3504,揚明光,67.0,71.5,66.0,71.4,2703,43,0,-3,3.55,96.44,100.0
2026-05-14,3508,位速,20.0,20.55,19.5,19.8,585,55,0,0,0.47,99.52,100.0
2026-05-14,3511,矽瑪,21.25,21.25,20.05,20.4,625,-40,0,0,3.47,96.52,100.0
2026-05-14,3512,皇龍,20.4,20.4,20.2,20.3,78,0,0,0,0.47,99.52,100.0
2026-05-14,3515,華擎,228.5,231.0,227.5,227.5,538,-39,0,0,7.25,92.74,100.0
2026-05-14,3516,亞帝歐,25.4,25.4,25.4,25.4,575,-40,0,7,0.35,99.64,100.0
2026-05-14,3518,柏騰,36.8,38.5,35.85,36.3,1459,63,0,-1,6.46,93.53,100.0
2026-05-14,3520,華盈,15.05,15.45,14.9,15.0,208,20,0,0,1.38,98.61,100.0
2026-05-14,3521,鴻翊,13.35,13.4,12.95,13.2,107,-11,0,0,0.35,99.64,100.0
2026-05-14,3521,台鋼建設,13.35,13.4,12.95,13.2,107,-11,0,0,0.35,99.64,100.0
2026-05-14,3522,御頂,13.0,13.0,12.45,13.0,212,-13,0,0,0.26,99.73,100.0
2026-05-14,3522,御嵿,13.0,13.0,12.45,13.0,212,-13,0,0,0.26,99.73,100.0
2026-05-14,3523,迎輝,11.8,12.2,11.2,11.65,62,-3,0,0,0.07,99.92,100.0
2026-05-14,3526,凡甲,393.0,397.5,381.5,386.0,997,334,-2,-35,21.4,78.59,100.0
2026-05-14,3527,聚積,63.0,63.0,60.6,61.9,264,37,0,0,7.1,92.89,100.0
2026-05-14,3528,安馳,82.0,84.5,82.0,83.0,898,-29,0,1,4.91,95.08,100.0
2026-05-14,3529,力旺,4015.0,4040.0,3885.0,3920.0,542,35,18,6,67.41,32.58,100.0
2026-05-14,3530,晶相光,69.0,69.0,66.4,68.2,559,299,0,0,41.31,58.68,100.0
2026-05-14,3531,先益,23.3,23.3,23.3,23.3,1,0,0,0,19.28,80.71,100.0
2026-05-14,3532,台勝科,248.0,250.0,245.0,246.0,713,-71,0,85,44.45,55.54,100.0
2026-05-14,3533,嘉澤,2600.0,2625.0,2360.0,2450.0,3110,441,-358,-27,46.32,53.67,100.0
2026-05-14,3535,晶彩科,127.5,128.0,122.0,122.0,2251,-262,0,-1,1.49,98.5,100.0
2026-05-14,3537,堡達,50.5,53.5,50.3,51.5,5270,399,0,0,3.73,96.26,100.0
2026-05-14,3540,曜越,27.75,27.75,26.6,26.65,440,30,0,0,3.11,96.88,100.0
2026-05-14,3541,西柏,23.0,23.0,22.8,23.0,65,6,0,0,1.01,98.98,100.0
2026-05-14,3543,州巧,38.45,38.6,37.2,37.45,1372,-226,0,0,7.2,92.79,100.0
2026-05-14,3545,敦泰,56.3,59.5,56.2,57.8,4967,1742,0,73,14.06,85.93,100.0
2026-05-14,3546,宇峻,68.7,72.8,68.4,71.6,508,156,0,16,10.2,89.79,100.0
2026-05-14,3548,兆利,99.0,99.5,94.0,94.1,1172,176,0,-6,8.54,91.45,100.0
2026-05-14,3550,聯穎,20.55,21.9,20.25,21.05,3869,-66,0,1,4.78,95.21,100.0
2026-05-14,3551,世禾,212.0,221.5,211.5,214.5,2096,-172,0,33,4.49,95.5,100.0
2026-05-14,3552,同致,55.7,56.9,55.1,55.5,216,10,0,0,10.01,89.98,100.0
2026-05-14,3555,博士旺,224.5,224.5,214.5,215.5,197,-38,0,-2,1.54,98.45,100.0
2026-05-14,3556,禾瑞亞,53.5,55.3,53.2,54.1,584,87,0,0,5.72,94.27,100.0
2026-05-14,3557,嘉威,25.9,28.35,25.9,28.35,163,117,0,0,1.92,98.07,100.0
2026-05-14,3558,神準,112.5,112.5,109.5,110.0,158,0,0,0,4.09,95.9,100.0
2026-05-14,3563,牧德,833.0,863.0,813.0,818.0,2470,-473,0,10,6.8,93.19,100.0
2026-05-14,3564,其陽,42.55,42.55,41.1,41.1,140,-27,0,0,3.34,96.65,100.0
2026-05-14,3567,逸昌,28.5,28.95,28.25,28.25,97,8,0,0,3.03,96.96,100.0
2026-05-14,3570,大塚,174.0,176.0,173.5,175.0,44,4,0,0,44.75,55.24,100.0
2026-05-14,3576,聯合再生,18.25,18.25,17.55,17.7,24836,-3611,0,-10,11.21,88.78,100.0
2026-05-14,3577,泓格,109.5,109.5,109.5,109.5,1602,3,0,4,2.71,97.28,100.0
2026-05-14,3580,友威科,100.0,101.0,95.2,95.5,3249,-251,0,2,8.14,91.85,100.0
2026-05-14,3581,博磊,242.0,242.0,218.5,226.0,226,9,0,7,17.31,82.68,100.0
2026-05-14,3583,辛耘,990.0,1010.0,923.0,929.0,5211,-801,255,-54,18.04,81.95,100.0
2026-05-14,3585,聯致,104.78,110.0,91.0,93.0,5297,-25,0,0,0.0,0.0,0.0
2026-05-14,3587,閎康,393.0,393.0,366.0,369.0,6170,-1474,0,-23,11.35,88.64,100.0
2026-05-14,3588,通嘉,60.9,61.6,59.9,60.9,413,61,0,0,3.77,96.22,100.0
2026-05-14,3591,艾笛森,24.05,24.25,23.35,23.7,1274,-89,0,-5,4.29,95.7,100.0
2026-05-14,3592,瑞鼎,263.0,267.0,262.0,263.0,1058,113,-6,3,16.83,83.16,100.0
2026-05-14,3593,力銘,18.1,18.1,17.1,17.45,40,1,0,0,0.25,99.74,100.0
2026-05-14,3594,磐儀,55.9,59.0,55.1,55.2,2747,257,0,14,2.69,97.3,100.0
2026-05-14,3595,山太士,2860.17,2895.0,2740.0,2760.0,427,1,0,0,0.0,0.0,0.0
2026-05-14,3596,智易,186.0,186.0,179.0,179.0,1718,-437,0,-5,29.66,70.33,100.0
2026-05-14,3597,映興,27.55,27.8,26.9,27.5,151,-37,0,-1,0.73,99.26,100.0
2026-05-14,3603,建祥國際,8.6,9.94,9.1,9.63,70,0,0,0,0.0,0.0,0.0
2026-05-14,3605,宏致,81.9,82.5,80.2,80.2,4835,-217,0,-22,11.81,88.18,100.0
2026-05-14,3607,谷崧,14.45,14.7,14.35,14.45,610,326,0,2,6.15,93.84,100.0
2026-05-14,3609,三一東林,27.8,27.85,27.25,27.85,147,0,0,1,3.49,96.5,100.0
2026-05-14,3611,鼎翰,190.5,191.0,190.5,190.5,30,-3,0,0,11.93,88.06,100.0
2026-05-14,3615,安可,36.8,37.85,34.25,36.15,15453,-244,0,-23,5.48,94.51,100.0
2026-05-14,3617,碩天,198.0,198.0,193.5,193.5,273,-53,-1,-1,9.21,90.78,100.0
2026-05-14,3622,洋華,55.1,55.9,55.1,55.3,325,-74,0,0,3.61,96.38,100.0
2026-05-14,3623,富晶通,22.8,23.0,22.55,22.85,32,1,0,0,2.83,97.16,100.0
2026-05-14,3624,光頡,72.9,73.2,72.6,73.2,6104,-84,97,192,51.01,48.98,100.0
2026-05-14,3625,西勝,14.55,14.55,13.55,13.9,1267,41,0,0,5.54,94.45,100.0
2026-05-14,3628,盈正,66.6,66.8,64.1,64.5,331,11,0,2,4.78,95.21,100.0
2026-05-14,3629,地心引力,16.7,16.7,16.7,16.7,1,0,0,0,0.02,99.97,100.0
2026-05-14,3630,新鉅科,25.6,25.9,24.8,25.15,1577,317,0,-11,39.71,60.28,100.0
2026-05-14,3631,晟楠,40.75,40.95,39.0,39.4,207,-19,0,0,8.09,91.9,100.0
2026-05-14,3632,研勤,8.3,8.47,8.3,8.32,12,0,0,0,0.29,99.7,100.0
2026-05-14,3633,云光,128.38,131.5,128.0,128.5,47,0,0,0,0.0,0.0,0.0
2026-05-14,3645,達邁,116.5,119.0,107.5,112.0,32509,799,0,3,14.08,85.91,100.0
2026-05-14,3646,艾恩特,23.8,25.45,23.65,24.2,183,-1,0,2,6.8,93.19,100.0
2026-05-14,3652,精聯,30.45,30.45,30.0,30.2,66,-3,0,0,0.63,99.36,100.0
2026-05-14,3653,健策,3640.0,3640.0,3310.0,3365.0,1062,-165,-184,140,26.69,73.3,100.0
2026-05-14,3659,百辰,24.39,26.2,24.95,26.0,14,0,0,0,0.0,0.0,0.0
2026-05-14,3661,世芯-KY,4870.0,5005.0,4720.0,4830.0,3193,175,62,19,54.9,45.09,100.0
2026-05-14,3663,鑫科,69.0,69.5,67.1,67.9,1254,-32,0,-6,2.8,97.19,100.0
2026-05-14,3664,安瑞-KY,11.35,11.35,10.25,10.25,480,9,0,0,37.97,62.02,100.0
2026-05-14,3665,貿聯-KY,2250.0,2300.0,2250.0,2250.0,5373,838,-1097,4,53.59,46.4,100.0
2026-05-14,3666,光耀,29.15,29.15,27.55,29.0,273,-51,0,-1,0.27,99.72,100.0
2026-05-14,3669,圓展,38.6,39.1,38.25,38.3,188,-9,0,-1,2.44,97.55,100.0
2026-05-14,3672,康聯訊,11.15,11.6,10.8,10.95,26,-2,0,0,2.43,97.56,100.0
2026-05-14,3673,TPK-KY,69.0,69.1,64.2,64.3,47856,-7605,0,-634,42.4,57.59,100.0
2026-05-14,3675,德微,259.0,272.0,243.0,254.5,3756,-332,0,-28,56.79,43.2,100.0
2026-05-14,3678,聯享,58.81,61.5,57.0,59.0,106,-8,0,0,0.0,0.0,0.0
2026-05-14,3679,新至陞,118.0,119.0,117.5,117.5,69,-3,0,0,8.9,91.09,100.0
2026-05-14,3680,家登,593.0,603.0,573.0,580.0,3608,-122,0,-16,23.3,76.69,100.0
2026-05-14,3684,榮昌,57.5,59.3,56.2,58.3,133,2,0,0,1.28,98.71,100.0
2026-05-14,3685,元創精密,29.0,29.0,27.4,28.15,162,-1,0,0,0.27,99.72,100.0
2026-05-14,3686,達能,17.4,17.5,16.95,17.25,359,-139,0,1,1.13,98.86,100.0
2026-05-14,3687,歐買尬,63.1,63.7,63.0,63.0,103,1,0,2,4.84,95.15,100.0
2026-05-14,3689,湧德,123.5,125.5,122.0,123.0,2506,153,0,32,5.92,94.07,100.0
2026-05-14,3691,碩禾,154.0,154.5,139.0,139.0,4883,-749,0,12,9.0,90.99,100.0
2026-05-14,3693,營邦,571.0,572.0,545.0,554.0,1659,200,-67,-7,11.5,88.49,100.0
2026-05-14,3694,海華,56.4,59.5,55.6,58.1,1206,56,0,16,4.34,95.65,100.0
2026-05-14,3701,大眾控,58.6,59.3,56.3,56.8,3724,114,0,-3,4.38,95.61,100.0
2026-05-14,3702,大聯大,110.5,115.5,109.0,111.0,12886,-933,-487,97,35.32,64.67,100.0
2026-05-14,3703,欣陸,20.25,20.3,20.1,20.15,1127,-281,-2,-144,20.4,79.59,100.0
2026-05-14,3704,合勤控,37.4,38.25,36.7,36.7,4602,624,0,-10,10.17,89.82,100.0
2026-05-14,3705,永信,56.0,56.1,55.6,55.7,232,-66,0,0,7.19,92.8,100.0
2026-05-14,3706,神達,82.4,82.5,81.2,81.2,12014,-1579,-10,-63,9.77,90.22,100.0
2026-05-14,3707,漢磊,74.3,80.0,74.3,80.0,38050,16295,0,104,16.07,83.92,100.0
2026-05-14,3708,上緯投控,118.5,120.5,116.0,116.5,797,-169,0,-3,5.42,94.57,100.0
2026-05-14,3709,鑫聯大投控,83.4,85.6,81.6,81.8,3609,-351,0,147,10.07,89.92,100.0
2026-05-14,3710,連展投控,6.22,6.3,6.08,6.23,470,-27,0,0,2.24,97.75,100.0
2026-05-14,3711,日月光投控,555.0,564.0,548.0,548.0,14595,-880,-355,-314,78.34,21.65,100.0
2026-05-14,3712,永崴投控,17.95,17.95,17.95,17.95,250,5,0,0,1.19,98.8,100.0
2026-05-14,3713,新晶投控,13.9,14.15,13.55,13.8,85,-23,0,0,0.38,99.61,100.0
2026-05-14,3714,富采,71.4,71.5,66.1,68.2,31730,-5979,0,-144,11.12,88.87,100.0
2026-05-14,3715,定穎投控,178.5,186.5,177.5,181.0,15769,575,0,449,9.47,90.52,100.0
2026-05-14,3716,中化控股,34.8,35.1,34.35,34.7,493,111,0,2,8.31,91.68,100.0
2026-05-14,3717,聯嘉投控,22.3,23.2,22.2,22.2,1323,-135,0,-7,3.78,96.21,100.0
2026-05-14,4102,永日,17.5,17.55,17.2,17.2,74,-24,0,0,1.09,98.9,100.0
2026-05-14,4104,佳醫,69.2,69.4,68.5,68.5,578,-113,0,0,2.68,97.31,100.0
2026-05-14,4105,東洋,75.7,76.2,75.0,76.0,602,96,172,0,19.71,80.28,100.0
2026-05-14,4106,雃博,23.5,23.55,22.75,22.9,388,-25,0,-1,1.83,98.16,100.0
2026-05-14,4107,邦特,120.0,120.0,118.5,118.5,60,1,0,0,7.63,92.36,100.0
2026-05-14,4108,懷特,11.95,11.95,11.7,11.75,356,-23,0,0,1.12,98.87,100.0
2026-05-14,4109,加捷生醫,11.45,11.5,11.15,11.25,351,36,0,0,0.75,99.24,100.0
2026-05-14,4111,濟生,30.05,30.25,30.05,30.1,44,-1,0,0,3.33,96.66,100.0
2026-05-14,4113,聯上,14.8,14.8,14.4,14.45,160,-37,0,0,2.16,97.83,100.0
2026-05-14,4114,健喬,31.0,31.0,30.7,30.75,694,9,0,0,6.38,93.61,100.0
2026-05-14,4115,善德生技,9.43,9.44,8.7,9.3,80,0,0,0,0.0,0.0,0.0
2026-05-14,4116,明基醫,38.4,38.5,38.3,38.3,21,-7,0,0,0.42,99.57,100.0
2026-05-14,4119,旭富,41.6,41.8,40.55,40.95,360,-27,0,0,5.82,94.17,100.0
2026-05-14,4120,友華,46.5,46.5,46.25,46.25,36,0,0,0,6.24,93.75,100.0
2026-05-14,4121,優盛,14.2,14.3,13.8,13.85,290,14,0,0,2.24,97.75,100.0
2026-05-14,4123,晟德,39.05,40.0,38.75,39.45,9309,-256,0,-373,9.17,90.82,100.0
2026-05-14,4126,太醫,80.2,80.4,80.0,80.0,29,2,0,0,9.1,90.89,100.0
2026-05-14,4127,天良,48.0,48.0,43.3,43.35,3283,-54,0,0,0.57,99.42,100.0
2026-05-14,4128,中天,15.1,15.3,14.95,15.15,1186,507,0,-2,7.02,92.97,100.0
2026-05-14,4129,聯合,92.1,92.3,91.5,91.9,296,-68,0,0,12.34,87.65,100.0
2026-05-14,4130,健亞,28.35,28.35,27.9,28.2,136,13,0,0,1.93,98.06,100.0
2026-05-14,4131,浩泰,35.55,35.55,34.7,35.35,78,11,0,0,1.3,98.69,100.0
2026-05-14,4133,亞諾法,21.4,21.4,20.95,21.2,376,-34,0,0,12.44,87.55,100.0
2026-05-14,4137,麗豐-KY,105.5,107.5,105.0,106.5,161,-24,0,-1,56.42,43.57,100.0
2026-05-14,4138,曜亞,51.9,51.9,51.0,51.3,73,-5,0,0,1.12,98.87,100.0
2026-05-14,4139,馬光-KY,23.5,23.95,23.35,23.95,18,0,0,0,19.96,80.03,100.0
2026-05-14,4142,國光生,17.85,17.85,17.6,17.7,859,-10,0,-6,4.76,95.23,100.0
2026-05-14,4147,中裕,49.15,54.0,49.15,53.7,3046,877,0,0,9.17,90.82,100.0
2026-05-14,4148,全宇生技-KY,36.4,36.8,35.5,35.5,251,-16,0,-1,71.09,28.9,100.0
2026-05-14,4150,優你康,6.11,6.45,6.0,6.07,355,3,0,0,0.0,0.0,0.0
2026-05-14,4153,鈺緯,29.7,30.25,29.5,30.2,47,3,0,0,0.37,99.62,100.0
2026-05-14,4154,樂威科-KY,13.75,14.9,13.55,14.75,73,-29,0,0,29.97,70.02,100.0
2026-05-14,4155,訊映,14.5,14.5,13.75,14.0,1751,-465,0,-17,1.14,98.85,100.0
2026-05-14,4157,太景*-KY,9.21,9.28,9.08,9.24,1930,706,0,0,1.72,98.27,100.0
2026-05-14,4160,訊聯基因,42.2,43.15,41.9,43.1,51,-1,0,0,0.77,99.22,100.0
2026-05-14,4161,聿新科,22.85,23.2,22.8,22.85,63,-1,0,0,0.36,99.63,100.0
2026-05-14,4162,智擎,56.0,56.3,55.5,55.8,522,268,0,-1,11.81,88.18,100.0
2026-05-14,4163,鐿鈦,100.5,107.5,100.5,107.5,191,18,0,0,2.73,97.26,100.0
2026-05-14,4164,承業醫,28.2,28.6,27.85,27.9,816,-145,0,-1,19.39,80.6,100.0
2026-05-14,4166,友霖,26.5,26.7,25.95,26.25,326,-96,0,0,10.81,89.18,100.0
2026-05-14,4167,松瑞藥,19.25,19.35,19.0,19.1,1061,166,0,-3,10.36,89.63,100.0
2026-05-14,4168,醣聯,22.8,22.8,22.55,22.65,108,37,0,0,4.86,95.13,100.0
2026-05-14,4169,泰宗,152.0,153.0,149.5,150.0,194,8,0,0,6.31,93.68,100.0
2026-05-14,4170,鑫品生醫,13.43,13.5,13.0,13.0,19,0,0,0,0.0,0.0,0.0
2026-05-14,4171,瑞基,18.5,18.5,18.0,18.0,260,59,0,0,13.62,86.37,100.0
2026-05-14,4172,因華,13.62,14.1,13.45,14.05,255,4,0,0,0.0,0.0,0.0
2026-05-14,4173,久裕,18.5,18.65,18.5,18.5,119,-2,0,0,0.71,99.28,100.0
2026-05-14,4174,浩鼎,32.8,33.4,32.5,33.0,295,16,0,0,6.47,93.52,100.0
2026-05-14,4175,杏一,53.5,53.6,53.2,53.5,58,12,0,0,0.22,99.77,100.0
2026-05-14,4178,永笙-KY,19.0,19.1,18.8,19.0,593,-5,0,0,5.59,94.4,100.0
2026-05-14,4183,福永生技,13.5,13.5,13.5,13.5,1,0,0,0,0.0,99.99,100.0
2026-05-14,4186,尖端醫,10.67,10.95,10.15,10.55,358,-19,0,0,0.0,0.0,0.0
2026-05-14,4188,安克,11.8,11.8,11.35,11.5,38,2,0,0,0.08,99.91,100.0
2026-05-14,4190,佐登-KY,24.8,25.1,24.6,24.6,22,-6,0,0,61.52,38.47,100.0
2026-05-14,4192,杏國,0.0,0.0,0.0,0.0,1,0,0,0,0.31,99.68,100.0
2026-05-14,4194,禾生技,7.54,7.6,7.22,7.59,79,0,0,0,0.0,0.0,0.0
2026-05-14,4195,基米-創,20.5,20.5,19.1,19.8,901,122,0,0,0.37,99.62,100.0
2026-05-14,4197,暐世,10.15,10.45,9.96,10.05,79,0,0,0,0.0,0.0,0.0
2026-05-14,4198,欣大健康,38.45,39.4,37.9,37.9,3,0,0,0,1.16,98.83,100.0
2026-05-14,4205,中華食,73.2,73.2,73.0,73.1,47,-1,0,0,0.59,99.4,100.0
2026-05-14,4207,環泰,18.8,19.05,18.8,19.0,404,86,0,0,1.55,98.44,100.0
2026-05-14,4303,信立,50.5,50.6,48.8,48.8,1414,-123,0,-1,2.16,97.83,100.0
2026-05-14,4304,勝昱,30.0,30.0,29.75,29.8,68,-2,0,0,0.03,99.96,100.0
2026-05-14,4305,世坤,44.3,45.0,44.3,44.3,6,1,0,0,0.06,99.93,100.0
2026-05-14,4306,炎洲,13.1,13.15,13.05,13.05,993,-180,0,0,4.59,95.4,100.0
2026-05-14,4401,東隆興,14.1,14.2,13.85,14.15,84,7,0,0,1.39,98.6,100.0
2026-05-14,4402,郡都開發,12.35,12.35,11.5,11.7,182,-8,0,0,2.25,97.74,100.0
2026-05-14,4406,新昕纖,9.95,10.0,9.9,10.0,18,-1,0,0,0.21,99.78,100.0
2026-05-14,4413,飛寶企業,18.1,18.2,18.1,18.1,4,0,0,0,5.73,94.26,100.0
2026-05-14,4414,如興,9.91,10.35,9.91,10.35,847,-148,0,-2,26.75,73.24,100.0
2026-05-14,4416,三圓,12.5,12.5,12.15,12.4,90,-49,0,0,1.15,98.84,100.0
2026-05-14,4417,金洲,46.0,46.25,45.75,45.8,115,0,0,0,4.14,95.85,100.0
2026-05-14,4419,元勝,46.15,46.5,46.15,46.5,5,1,0,0,0.0,99.99,100.0
2026-05-14,4419,皇家美食,46.15,46.5,46.15,46.5,5,1,0,0,0.0,99.99,100.0
2026-05-14,4420,光明,40.85,41.0,40.5,40.5,96,-28,0,0,1.33,98.66,100.0
2026-05-14,4426,利勤,7.98,8.05,7.93,7.98,217,-19,0,-2,2.29,97.7,100.0
2026-05-14,4430,耀億,17.1,17.1,16.75,16.75,29,0,0,0,2.27,97.72,100.0
2026-05-14,4431,敏成健康,16.93,17.3,16.8,16.8,12,0,0,0,0.0,0.0,0.0
2026-05-14,4432,銘旺實,17.1,17.1,17.1,17.1,244,-2,0,0,0.93,99.06,100.0
2026-05-14,4433,興采,20.2,20.2,20.15,20.2,15,4,0,0,0.15,99.84,100.0
2026-05-14,4438,廣越,58.0,58.0,56.9,57.2,83,-12,0,-3,1.85,98.14,100.0
2026-05-14,4439,冠星-KY,96.5,97.1,95.8,96.4,24,-6,0,0,61.37,38.62,100.0
2026-05-14,4440,宜新實業,19.4,20.1,19.25,19.25,340,-19,0,-1,0.78,99.21,100.0
2026-05-14,4441,振大環球,215.5,216.0,211.5,213.0,66,-2,0,0,1.46,98.53,100.0
2026-05-14,4442,竣邦-KY,55.1,55.1,51.3,51.3,117,-25,0,0,62.9,37.09,100.0
2026-05-14,4502,健信,15.95,16.0,15.75,15.75,38,-3,0,0,3.88,96.11,100.0
2026-05-14,4503,金雨,45.4,45.6,43.85,44.1,327,15,0,0,3.45,96.54,100.0
2026-05-14,4506,崇友,119.5,119.5,118.0,118.5,48,2,0,0,3.17,96.82,100.0
2026-05-14,4510,高鋒,46.65,47.35,45.5,45.85,1392,-136,0,-29,3.83,96.16,100.0
2026-05-14,4513,福裕,14.75,15.0,14.5,14.6,336,-1,0,0,1.83,98.16,100.0
2026-05-14,4523,永彰,29.45,29.6,28.85,29.0,218,-35,0,0,2.39,97.6,100.0
2026-05-14,4526,東台,35.45,36.35,35.2,35.55,4223,817,0,-24,3.98,96.01,100.0
2026-05-14,4527,方土霖,43.7,43.8,43.2,43.5,61,8,0,0,1.87,98.12,100.0
2026-05-14,4528,江興鍛,16.4,16.4,16.0,16.05,19,-5,0,0,0.11,99.88,100.0
2026-05-14,4529,淳紳,5.15,5.29,5.01,5.07,299,10,0,0,38.05,61.94,100.0
2026-05-14,4530,宏易,26.05,26.95,25.35,25.35,8,0,0,0,2.99,97.0,100.0
2026-05-14,4532,瑞智,23.1,23.45,23.1,23.3,1064,354,-32,-4,16.87,83.12,100.0
2026-05-14,4533,協易機,31.35,32.25,30.65,30.65,1663,47,0,-9,4.05,95.94,100.0
2026-05-14,4534,慶騰,23.5,23.5,22.2,23.4,622,-4,0,0,0.57,99.42,100.0
2026-05-14,4535,至興,27.55,27.55,27.55,27.55,3,-1,0,0,0.09,99.9,100.0
2026-05-14,4536,拓凱,153.0,153.5,149.5,151.5,432,48,-13,1,12.15,87.84,100.0
2026-05-14,4537,旭東,175.71,180.0,175.0,177.5,234,0,0,0,0.0,0.0,0.0
2026-05-14,4538,大詠城,18.6,18.75,18.2,18.35,54,3,0,0,0.12,99.87,100.0
2026-05-14,4540,全球傳動,65.7,66.8,64.2,64.5,4368,172,0,0,9.98,90.01,100.0
2026-05-14,4541,晟田,44.25,45.05,43.2,44.15,794,-63,0,-90,6.73,93.26,100.0
2026-05-14,4542,科嶠,222.5,228.5,212.0,212.0,298,21,0,-5,8.19,91.8,100.0
2026-05-14,4543,萬在,36.85,37.4,36.7,36.8,315,-19,0,0,8.99,91.0,100.0
2026-05-14,4544,春日,15.66,0.0,0.0,0.0,0,0,0,0,0.0,0.0,0.0
2026-05-14,4545,銘鈺,30.0,30.0,29.5,29.95,156,33,0,-1,29.19,70.8,100.0
2026-05-14,4546,長亨,115.37,117.0,113.0,116.0,31,1,0,0,0.0,0.0,0.0
2026-05-14,4549,桓達,99.4,99.9,97.5,98.0,199,-4,0,0,4.04,95.95,100.0
2026-05-14,4550,長佳,24.25,24.35,24.15,24.35,36,-1,0,0,1.57,98.42,100.0
2026-05-14,4551,智伸科,159.0,162.0,155.0,155.5,1505,4,0,-8,52.08,47.91,100.0
2026-05-14,4552,力達-KY,20.0,20.0,19.85,19.95,118,-25,0,0,42.86,57.13,100.0
2026-05-14,4553,盛復,18.87,19.65,18.7,18.9,23,0,0,0,0.0,0.0,0.0
2026-05-14,4554,橙的,30.85,31.3,30.85,30.85,759,-1,0,-7,24.57,75.42,100.0
2026-05-14,4555,氣立,41.4,42.4,40.5,40.55,428,-79,0,8,1.52,98.47,100.0
2026-05-14,4556,旭然,44.4,44.4,42.0,42.15,305,-66,0,0,10.54,89.45,100.0
2026-05-14,4557,永新-KY,50.8,51.0,49.75,49.85,152,-69,0,0,30.97,69.02,100.0
2026-05-14,4558,寶緯,19.45,21.2,19.45,20.1,228,8,0,-1,0.26,99.73,100.0
2026-05-14,4559,久裕興,9.35,9.44,8.75,9.0,42,0,0,0,0.0,0.0,0.0
2026-05-14,4560,強信-KY,35.55,35.6,34.7,34.8,227,-26,0,1,85.11,14.88,100.0
2026-05-14,4561,健椿,47.1,49.4,47.1,48.45,401,-4,0,89,2.54,97.45,100.0
2026-05-14,4562,穎漢,36.8,36.8,35.5,35.5,400,1,0,-1,1.44,98.55,100.0
2026-05-14,4563,百德,48.35,48.55,46.55,46.6,358,12,0,0,2.65,97.34,100.0
2026-05-14,4564,元翎,17.1,17.1,16.45,16.6,1178,-317,0,6,2.58,97.41,100.0
2026-05-14,4565,宏偉,121.08,121.5,117.5,119.5,24,-1,0,0,0.0,0.0,0.0
2026-05-14,4566,時碩工業,62.9,66.0,61.5,63.2,1550,-224,0,0,1.42,98.57,100.0
2026-05-14,4568,科際精密,40.1,40.3,39.9,40.15,25,0,0,0,20.09,79.9,100.0
2026-05-14,4569,六方科-KY,201.5,201.5,177.0,194.0,1525,-19,0,0,67.38,32.61,100.0
2026-05-14,4570,傑生,71.5,71.5,70.2,70.2,1,0,0,0,0.0,0.0,0.0
2026-05-14,4571,鈞興-KY,195.0,208.0,194.0,204.5,1983,513,0,55,62.96,37.03,100.0
2026-05-14,4572,駐龍,148.5,148.5,145.5,147.0,26,-9,0,0,1.99,98.0,100.0
2026-05-14,4573,高明鐵,464.14,486.5,435.0,443.0,1006,-98,0,0,0.0,0.0,0.0
2026-05-14,4575,銓寶,26.0,26.1,25.5,25.9,153,-3,0,0,0.0,0.0,0.0
2026-05-14,4576,大銀微系統,250.0,252.0,239.0,241.5,4658,-247,0,-52,5.15,94.84,100.0
2026-05-14,4577,達航科技,143.0,143.0,130.5,132.5,1942,217,0,0,3.23,96.76,100.0
2026-05-14,4580,捷流閥業,83.0,83.1,81.7,82.5,104,12,0,0,3.71,96.28,100.0
2026-05-14,4581,光隆精密-KY,50.0,50.2,49.4,49.4,17,-9,0,0,23.96,76.03,100.0
2026-05-14,4582,聚恆-創,33.39,33.65,32.55,32.95,277,-1,0,0,0.0,0.0,0.0
2026-05-14,4583,台灣精銳,771.0,772.0,753.0,756.0,121,-20,0,-2,1.45,98.54,100.0
2026-05-14,4584,君帆,41.2,41.2,40.95,40.95,19,0,0,0,0.01,99.98,100.0
2026-05-14,4585,達明,334.5,342.0,333.5,333.5,366,19,0,2,0.64,99.35,100.0
2026-05-14,4587,寶元數控,57.38,59.8,57.0,57.5,42,-1,0,0,0.0,0.0,0.0
2026-05-14,4588,玖鼎電力,56.6,57.0,55.8,55.8,178,-62,0,0,2.88,97.11,100.0
2026-05-14,4589,碩陽電機,39.02,39.9,36.65,38.5,38,-3,0,0,0.0,0.0,0.0
2026-05-14,4590,富田-創,75.0,75.0,73.3,73.6,149,6,0,0,1.81,98.18,100.0
2026-05-14,4609,唐鋒,5.09,5.16,5.09,5.16,3,0,0,0,0.0,99.99,100.0
2026-05-14,4702,中美實,9.71,9.77,9.67,9.67,55,-22,0,0,43.15,56.84,100.0
2026-05-14,4706,大恭,32.0,32.0,32.0,32.0,2,0,0,0,29.41,70.58,100.0
2026-05-14,4707,磐亞,15.1,15.2,14.75,14.85,1797,-326,0,-1,1.07,98.92,100.0
2026-05-14,4711,永純,16.55,16.85,16.35,16.45,75,-5,0,0,0.85,99.14,100.0
2026-05-14,4714,永捷,14.0,14.15,13.8,13.8,1336,-271,0,-5,2.98,97.01,100.0
2026-05-14,4716,大立,15.4,15.5,14.95,14.95,515,-251,0,0,3.63,96.36,100.0
2026-05-14,4720,德淵,27.5,27.9,26.35,27.55,10816,-359,-4,-6,6.22,93.77,100.0
2026-05-14,4721,美琪瑪,94.7,96.0,92.1,92.1,2843,276,0,61,7.51,92.48,100.0
2026-05-14,4722,國精化,255.0,265.0,248.0,258.0,4616,393,-1,24,6.08,93.91,100.0
2026-05-14,4724,宣捷幹細胞,12.84,12.9,12.2,12.6,117,0,0,0,0.0,0.0,0.0
2026-05-14,4726,永昕,29.2,29.7,28.6,28.9,305,129,0,0,20.77,79.22,100.0
2026-05-14,4728,雙美,0.0,0.0,0.0,0.0,0,0,0,0,19.67,80.32,100.0
2026-05-14,4729,熒茂,20.3,20.45,20.0,20.45,261,18,0,0,1.91,98.08,100.0
2026-05-14,4732,彥臣,18.98,19.05,18.6,18.8,6,0,0,0,0.0,0.0,0.0
2026-05-14,4735,豪展,31.0,31.0,30.6,30.65,20,0,0,0,0.19,99.8,100.0
2026-05-14,4736,泰博,122.0,123.5,122.0,122.0,195,-70,0,0,5.19,94.8,100.0
2026-05-14,4737,華廣,58.1,58.1,55.0,55.3,151,-35,0,-1,28.81,71.18,100.0
2026-05-14,4738,大同精化,9.94,10.2,8.4,9.25,1098,-101,0,0,0.0,0.0,0.0
2026-05-14,4739,康普,103.0,108.5,99.1,101.5,6893,253,0,-198,8.96,91.03,100.0
2026-05-14,4741,泓瀚,65.0,66.0,63.1,64.4,1326,30,0,0,0.97,99.02,100.0
2026-05-14,4743,合一,50.8,52.3,50.4,52.0,2408,1034,0,-4,13.7,86.29,100.0
2026-05-14,4744,皇將,33.95,33.95,33.35,33.6,321,-42,0,0,4.55,95.44,100.0
2026-05-14,4745,合富-KY,20.1,20.1,19.75,19.75,118,-31,0,0,8.77,91.22,100.0
2026-05-14,4746,台耀,52.9,53.7,51.6,53.1,1325,-498,214,0,9.66,90.33,100.0
2026-05-14,4747,強生,56.0,57.0,55.2,57.0,60,4,0,0,0.63,99.36,100.0
2026-05-14,4749,新應材,1160.0,1165.0,1110.0,1120.0,2642,-272,149,-20,13.32,86.67,100.0
2026-05-14,4754,國碳科,38.85,38.85,38.3,38.35,50,-2,0,0,0.23,99.76,100.0
2026-05-14,4755,三福化,138.0,139.5,137.0,138.0,401,72,0,-1,23.4,76.59,100.0
2026-05-14,4760,勤凱,328.0,339.0,315.0,321.5,2416,-436,0,61,16.73,83.26,100.0
2026-05-14,4763,材料*-KY,41.8,42.85,41.75,42.25,6335,1589,-12,23,46.19,53.8,100.0
2026-05-14,4764,雙鍵,317.0,317.0,305.0,310.0,326,36,0,4,31.27,68.72,100.0
2026-05-14,4765,磐采,19.84,20.6,19.6,20.55,27,0,0,0,0.0,0.0,0.0
2026-05-14,4766,南寶,394.0,398.0,376.5,390.0,3288,-356,-62,-28,13.97,86.02,100.0
2026-05-14,4767,誠泰科技,26.8,27.15,26.65,26.9,19,3,0,0,0.05,99.94,100.0
2026-05-14,4768,晶呈科技,473.0,482.5,460.0,462.0,1085,-191,0,0,5.97,94.02,100.0
2026-05-14,4770,上品,228.5,229.5,221.0,223.5,491,-94,0,-4,6.46,93.53,100.0
2026-05-14,4771,望隼,184.5,186.0,182.5,183.0,79,-41,0,0,5.24,94.75,100.0
2026-05-14,4772,台特化,311.0,313.0,305.0,305.0,1736,-371,0,-17,4.54,95.45,100.0
2026-05-14,4806,桂田文創,10.4,10.4,10.1,10.1,7,0,0,0,1.88,98.11,100.0
2026-05-14,4807,日成-KY,27.5,27.55,25.2,25.2,759,4,0,4,66.6,33.39,100.0
2026-05-14,4903,聯光通,48.5,51.5,47.15,49.9,12642,-200,0,0,3.13,96.86,100.0
2026-05-14,4904,遠傳,96.0,98.5,96.0,98.1,6144,1574,694,-82,22.4,26.42,49.0
2026-05-14,4905,台聯電,80.8,80.8,78.1,78.6,20,2,0,0,9.61,90.38,100.0
2026-05-14,4906,正文,39.0,41.2,38.35,39.15,31326,2136,0,-5,11.91,88.08,100.0
2026-05-14,4907,富宇,39.05,39.3,38.4,39.05,26,0,0,0,0.17,99.82,100.0
2026-05-14,4908,前鼎,244.5,244.5,236.5,240.0,440,35,0,-17,11.48,88.51,100.0
2026-05-14,4909,新復興,52.4,53.7,51.7,51.7,912,125,0,-16,8.65,91.34,100.0
2026-05-14,4911,德英,32.15,32.15,31.15,31.4,63,-13,0,0,0.28,99.71,100.0
2026-05-14,4912,聯德控股-KY,102.0,109.0,99.2,104.5,3701,280,0,-12,26.33,73.66,100.0
2026-05-14,4915,致伸,71.0,71.2,70.3,70.3,3942,-2205,-400,692,34.54,65.45,100.0
2026-05-14,4916,事欣科,65.9,68.5,65.7,66.9,6166,934,0,148,11.27,88.72,100.0
2026-05-14,4919,新唐,167.0,171.5,159.5,160.0,24176,-433,0,-190,7.99,92.0,100.0
2026-05-14,4923,力士,39.8,40.65,38.5,38.6,1296,8,0,0,0.43,99.56,100.0
2026-05-14,4924,欣厚-KY,10.65,10.65,10.25,10.45,96,2,0,0,38.18,61.81,100.0
2026-05-14,4925,智微,190.84,195.0,180.0,190.0,761,0,0,0,0.0,0.0,0.0
2026-05-14,4927,泰鼎-KY,50.8,51.6,49.1,50.4,12136,-1549,0,-4,8.17,91.82,100.0
2026-05-14,4930,燦星網,17.55,17.55,17.0,17.15,243,-2,0,5,2.07,97.92,100.0
2026-05-14,4931,新盛力,201.5,203.5,191.0,198.5,11910,-1763,0,-41,7.9,92.09,100.0
2026-05-14,4933,友輝,69.6,69.8,68.4,68.8,503,49,0,22,5.37,94.62,100.0
2026-05-14,4934,太極,17.95,18.2,17.3,17.35,1205,-173,0,0,2.38,97.61,100.0
2026-05-14,4935,茂林-KY,36.0,36.45,36.0,36.05,107,-14,0,-1,26.75,73.24,100.0
2026-05-14,4938,和碩,81.0,81.0,75.8,77.0,36439,-17524,-145,-216,31.08,68.91,100.0
2026-05-14,4939,亞電,38.4,39.55,37.4,37.8,2508,79,0,-4,4.48,95.51,100.0
2026-05-14,4942,嘉彰,37.65,37.65,37.05,37.25,353,-225,0,-1,6.64,93.35,100.0
2026-05-14,4943,康控-KY,9.03,9.33,9.02,9.33,45,0,0,0,15.6,84.39,100.0
2026-05-14,4946,辣椒,105.0,105.5,103.5,104.0,45,1,0,0,4.48,95.51,100.0
2026-05-14,4949,有成精密,88.5,89.6,83.0,84.3,3481,422,0,-2,2.89,97.1,100.0
2026-05-14,4950,金耘國際,17.05,17.55,17.0,17.5,18,1,0,0,0.07,99.92,100.0
2026-05-14,4951,精拓科,128.0,133.0,128.0,128.5,401,27,0,68,5.69,94.3,100.0
2026-05-14,4952,凌通,53.5,54.2,51.5,52.0,2591,503,0,-5,6.18,93.81,100.0
2026-05-14,4953,緯軟,118.5,120.0,117.0,117.5,288,31,0,0,11.04,88.95,100.0
2026-05-14,4956,光鋐,44.45,44.7,42.45,42.9,3604,756,0,0,10.31,89.68,100.0
2026-05-14,4958,臻鼎-KY,456.0,471.5,433.5,436.5,69591,-11051,823,-387,60.47,39.52,100.0
2026-05-14,4960,誠美材,33.9,35.95,32.15,33.65,23986,1791,0,-8,20.34,79.65,100.0
2026-05-14,4961,天鈺,175.5,179.0,173.0,174.5,1580,22,-2,11,19.43,80.56,100.0
2026-05-14,4966,譜瑞-KY,808.0,834.0,788.0,819.0,7345,205,266,2,32.42,67.57,100.0
2026-05-14,4967,十銓,290.5,295.0,284.5,285.0,12059,-564,0,-40,11.02,88.97,100.0
2026-05-14,4968,立積,117.0,118.5,114.5,115.5,886,133,0,-3,3.93,96.06,100.0
2026-05-14,4971,IET-KY,795.0,829.0,763.0,783.0,3925,-113,0,-1,12.72,87.27,100.0
2026-05-14,4972,湯石照明,16.45,16.45,16.4,16.45,41,1,0,0,2.25,97.74,100.0
2026-05-14,4973,廣穎,122.0,129.0,116.0,116.5,11219,-2219,0,-3,6.35,93.64,100.0
2026-05-14,4974,亞泰,73.7,74.3,73.3,74.1,210,112,0,0,4.15,95.84,100.0
2026-05-14,4976,佳凌,30.5,31.5,30.05,31.25,1467,316,0,17,3.49,96.5,100.0
2026-05-14,4977,眾達-KY,244.5,248.0,233.5,235.5,12705,-44,0,-57,18.49,81.5,100.0
2026-05-14,4979,華星光,630.0,630.0,580.0,589.0,1329,89,-3,35,12.33,87.66,100.0
2026-05-14,4980,佐臻,37.97,39.4,37.05,39.0,228,1,0,0,0.0,0.0,0.0
2026-05-14,4987,科誠,81.6,81.6,81.5,81.6,6,-1,0,0,3.18,96.81,100.0
2026-05-14,4989,榮科,93.5,95.5,89.3,90.7,11074,991,0,0,6.48,93.51,100.0
2026-05-14,4991,環宇-KY,731.0,731.0,700.0,708.0,707,245,0,11,17.1,82.89,100.0
2026-05-14,4994,傳奇,96.5,97.0,92.2,92.2,30,-13,0,2,2.75,97.24,100.0
2026-05-14,4995,晶達,44.9,44.9,44.6,44.85,12,-1,0,0,0.44,99.55,100.0
2026-05-14,4999,鑫禾,21.0,21.0,20.6,20.6,70,-22,0,-1,1.68,98.31,100.0
2026-05-14,5007,三星,57.3,57.3,56.0,57.0,66,-44,0,-6,2.94,97.05,100.0
2026-05-14,5009,榮剛,38.0,39.2,37.2,37.5,5627,-742,0,-22,10.21,89.78,100.0
2026-05-14,5011,久陽,15.3,16.3,15.3,15.7,964,366,0,0,2.51,97.48,100.0
2026-05-14,5013,強新,27.35,27.7,27.3,27.5,11,1,0,0,12.21,87.78,100.0
2026-05-14,5014,建錩,10.4,10.5,10.2,10.2,237,-70,0,0,1.43,98.56,100.0
2026-05-14,5015,華祺,21.85,22.25,21.85,22.0,61,16,0,0,6.68,93.31,100.0
2026-05-14,5016,松和,25.95,25.95,25.3,25.45,54,-16,0,0,0.43,99.56,100.0
2026-05-14,5201,凱衛,29.0,29.55,28.35,28.8,148,-40,0,0,7.24,92.75,100.0
2026-05-14,5202,力新,12.65,12.65,12.55,12.6,92,-16,0,0,1.17,98.82,100.0
2026-05-14,5203,訊連,63.3,64.1,63.0,63.8,371,-124,0,0,11.84,88.15,100.0
2026-05-14,5205,中茂,22.0,22.6,22.0,22.6,2,0,0,0,0.04,99.95,100.0
2026-05-14,5206,坤悅,23.6,24.0,23.5,23.7,61,-7,0,-1,6.3,93.69,100.0
2026-05-14,5209,新鼎,166.0,166.0,163.5,165.0,28,-1,0,0,1.66,98.33,100.0
2026-05-14,5210,寶碩,25.35,25.6,25.25,25.5,135,8,0,2,0.54,99.45,100.0
2026-05-14,5211,蒙恬,21.5,21.5,20.3,20.3,105,-7,0,0,8.32,91.67,100.0
2026-05-14,5212,凌網,47.65,48.15,47.5,48.0,10,-2,0,0,21.76,78.23,100.0
2026-05-14,5213,亞昕,25.8,25.95,25.65,25.95,1046,21,0,12,1.02,98.97,100.0
2026-05-14,5215,科嘉-KY,50.9,50.9,43.8,45.0,3492,-74,0,35,25.38,74.61,100.0
2026-05-14,5220,萬達光電,21.6,23.0,21.55,22.45,334,49,0,6,0.45,99.54,100.0
2026-05-14,5222,全訊,127.0,128.0,125.0,126.0,459,-153,0,-8,4.31,5.68,10.0
2026-05-14,5223,安力-KY,24.65,24.7,24.45,24.5,24,-1,0,0,41.94,58.05,100.0
2026-05-14,5225,東科-KY,71.8,71.8,70.8,70.8,223,-23,0,0,40.66,59.33,100.0
2026-05-14,5227,立凱-KY,20.6,21.8,20.4,21.8,252,77,0,0,12.65,87.34,100.0
2026-05-14,5228,鈺鎧,53.2,53.9,49.8,50.2,4322,-296,0,29,0.91,99.08,100.0
2026-05-14,5230,雷笛克光學,16.6,16.85,16.05,16.4,301,72,0,0,1.23,98.76,100.0
2026-05-14,5234,達興材料,417.5,424.5,412.0,418.0,581,73,0,-74,10.96,89.03,100.0
2026-05-14,5236,凌陽創新,162.0,164.5,162.0,164.0,338,137,0,7,4.67,95.32,100.0
2026-05-14,5240,建騰,27.43,27.5,25.9,27.1,17,-1,0,0,0.0,0.0,0.0
2026-05-14,5243,乙盛-KY,104.0,105.0,100.0,101.0,3027,297,0,-21,57.34,42.65,100.0
2026-05-14,5244,弘凱,39.85,40.05,39.0,39.0,419,-66,0,0,2.03,97.96,100.0
2026-05-14,5245,智晶,25.3,25.3,24.65,24.7,77,-15,0,0,3.86,96.13,100.0
2026-05-14,5246,勵威,204.65,206.0,183.0,185.5,1164,-3,0,0,0.0,0.0,0.0
2026-05-14,5248,景傳,48.76,48.8,45.4,45.75,287,-14,0,0,0.0,0.0,0.0
2026-05-14,5251,天鉞電,27.75,27.75,27.5,27.65,66,-10,0,0,28.51,71.48,100.0
2026-05-14,5254,欣訊科技,42.77,59.0,38.95,57.8,952,3,0,0,0.0,0.0,0.0
2026-05-14,5258,虹堡,57.1,61.0,54.5,55.7,4603,-494,0,0,4.46,95.53,100.0
2026-05-14,5262,立達,51.79,56.2,52.5,53.9,342,-5,0,0,0.0,0.0,0.0
2026-05-14,5263,智崴,100.0,100.5,99.0,100.0,165,52,0,-15,14.6,85.39,100.0
2026-05-14,5267,龍翩,62.33,63.0,58.8,59.5,150,-3,0,0,0.0,0.0,0.0
2026-05-14,5269,祥碩,1445.0,1480.0,1420.0,1465.0,3368,-285,2,5,7.72,92.27,100.0
2026-05-14,5271,紘通,19.77,25.2,19.95,24.95,3657,57,0,0,0.0,0.0,0.0
2026-05-14,5272,笙科,23.0,23.05,22.75,22.75,194,53,0,0,3.27,96.72,100.0
2026-05-14,5274,信驊,18420.0,18535.0,17530.0,17810.0,297,22,10,-1,52.04,47.95,100.0
2026-05-14,5276,達輝-KY,19.8,19.8,19.4,19.75,50,0,0,-1,77.0,22.99,100.0
2026-05-14,5278,尚凡,25.0,25.1,23.85,24.2,637,-296,0,1,0.67,99.32,100.0
2026-05-14,5278,尚凡*,25.0,25.1,23.85,24.2,637,-296,0,1,0.67,99.32,100.0
2026-05-14,5283,禾聯碩,52.2,52.3,51.9,52.2,141,9,0,0,1.28,98.71,100.0
2026-05-14,5284,jpp-KY,394.5,396.5,380.0,386.0,2134,-370,0,-95,54.28,45.71,100.0
2026-05-14,5285,界霖,74.5,74.6,71.0,73.1,2206,-102,0,12,5.17,94.82,100.0
2026-05-14,5287,數字,151.5,151.5,149.0,149.5,50,-2,0,0,16.67,83.32,100.0
2026-05-14,5288,豐祥-KY,158.0,158.0,151.5,152.5,236,-44,0,0,58.47,41.52,100.0
2026-05-14,5289,宜鼎,1880.0,1935.0,1850.0,1865.0,6038,-917,325,2,27.27,72.72,100.0
2026-05-14,5291,邑昇,67.9,70.3,67.8,67.8,846,59,0,13,1.37,98.62,100.0
2026-05-14,5292,華懋,228.0,232.0,223.0,223.0,169,-47,0,0,6.81,93.18,100.0
2026-05-14,5297,廣化,148.55,148.0,129.5,132.0,2185,-3,0,0,0.0,0.0,0.0
2026-05-14,5299,杰力,100.5,106.0,100.5,103.5,725,121,0,1,3.24,96.75,100.0
2026-05-14,5301,寶得利,7.66,7.66,7.25,7.32,28,-2,0,0,2.09,97.9,100.0
2026-05-14,5302,太欣,10.6,10.65,10.25,10.55,607,-18,0,0,0.82,99.17,100.0
2026-05-14,5306,桂盟,82.8,85.9,82.8,83.4,337,94,0,-7,12.53,87.46,100.0
2026-05-14,5309,系統電,64.0,66.4,63.1,64.8,5132,407,0,141,4.52,95.47,100.0
2026-05-14,5310,天剛,25.0,26.0,24.8,26.0,19,0,0,0,0.06,99.93,100.0
2026-05-14,5312,寶島科,96.4,96.4,94.2,94.7,229,-68,0,0,7.81,92.18,100.0
2026-05-14,5314,世紀*,70.3,70.8,67.0,67.2,8097,0,0,-25,12.42,87.57,100.0
2026-05-14,5315,光聯,22.1,22.25,21.95,22.0,353,18,0,0,9.45,90.54,100.0
2026-05-14,5321,美而快,22.75,23.45,22.5,23.25,127,36,0,0,1.16,98.83,100.0
2026-05-14,5324,士開,11.2,11.5,11.15,11.5,332,40,0,-1,5.31,94.68,100.0
2026-05-14,5328,華容,30.35,31.45,29.05,29.15,31287,-371,0,29,6.12,93.87,100.0
2026-05-14,5340,建榮,106.5,109.0,105.0,106.5,2183,-266,0,-17,50.0,49.99,100.0
2026-05-14,5344,立衛,15.65,16.75,15.65,16.7,212,0,0,-1,0.12,99.87,100.0
2026-05-14,5345,天揚,21.15,21.3,20.95,21.25,29,0,0,0,0.0,99.99,100.0
2026-05-14,5345,馥鴻,21.15,21.3,20.95,21.25,29,0,0,0,0.0,99.99,100.0
2026-05-14,5347,世界,170.0,179.0,166.5,175.0,39662,1979,1167,123,22.52,77.47,100.0
2026-05-14,5348,正能量智能,15.0,15.95,15.0,15.95,12,0,0,0,0.02,99.97,100.0
2026-05-14,5351,鈺創,90.0,94.0,87.0,91.5,70193,-3360,0,66,19.78,80.21,100.0
2026-05-14,5353,台林,26.2,26.2,25.75,26.0,132,-17,0,0,0.6,99.39,100.0
2026-05-14,5355,佳總,6.88,6.88,6.5,6.51,46,-4,0,0,0.19,99.8,100.0
2026-05-14,5356,協益,26.65,26.7,26.5,26.5,112,-35,0,0,3.38,96.61,100.0
2026-05-14,5364,力麗店,9.5,9.56,9.32,9.35,56,-2,0,0,0.46,99.53,100.0
2026-05-14,5371,中光電,68.7,68.9,67.4,68.6,3722,34,-283,-54,17.3,82.69,100.0
2026-05-14,5381,光譜,28.0,28.05,26.3,26.65,5377,-1138,0,-1,0.76,99.23,100.0
2026-05-14,5386,青雲,420.0,431.0,420.0,430.5,458,42,0,20,3.05,96.94,100.0
2026-05-14,5388,中磊,79.5,79.5,76.2,77.7,10026,-3513,0,-174,16.38,83.58,100.0
2026-05-14,5392,能率,41.0,43.5,40.85,41.85,8955,659,0,34,9.78,90.21,100.0
2026-05-14,5398,慕康生醫,19.95,20.0,19.9,20.0,71,-18,0,0,5.66,94.33,100.0
2026-05-14,5403,中菲,90.8,90.8,88.0,88.3,482,-29,0,0,5.99,94.0,100.0
2026-05-14,5410,國眾,36.9,37.9,36.9,37.35,1128,302,0,15,9.03,90.96,100.0
2026-05-14,5425,台半,78.5,80.3,72.3,72.7,26416,-4581,0,-323,14.24,85.75,100.0
2026-05-14,5426,振發,18.5,18.5,17.85,18.0,263,-45,0,0,2.16,97.83,100.0
2026-05-14,5432,新門,148.5,148.5,142.5,143.0,100,-13,0,0,0.9,99.09,100.0
2026-05-14,5434,崇越,415.0,421.5,412.5,413.0,469,1,-3,0,31.32,68.67,100.0
2026-05-14,5438,東友,18.95,19.0,18.65,18.65,122,29,0,0,1.25,98.74,100.0
2026-05-14,5439,高技,387.0,411.0,387.0,411.0,8990,3953,498,110,20.45,79.54,100.0
2026-05-14,5443,均豪,127.0,130.5,123.5,126.0,5239,59,0,54,8.56,91.43,100.0
2026-05-14,5450,寶聯通,12.65,12.7,12.65,12.65,17,0,0,0,0.11,99.88,100.0
2026-05-14,5450,南良,12.65,12.7,12.65,12.65,17,0,0,0,0.11,99.88,100.0
2026-05-14,5452,佶優,33.2,33.7,32.05,32.85,1561,59,0,4,14.01,85.98,100.0
2026-05-14,5455,昇益,25.45,26.15,24.3,24.8,27,-5,0,0,0.1,99.89,100.0
2026-05-14,5457,宣德,34.7,35.1,34.3,34.4,645,188,-150,-8,28.81,71.18,100.0
2026-05-14,5460,同協,15.4,15.4,14.95,15.1,94,-3,0,0,0.36,99.63,100.0
2026-05-14,5464,霖宏,61.5,64.0,59.0,59.5,1368,97,0,-1,3.24,96.75,100.0
2026-05-14,5465,富驊,24.8,25.0,24.55,24.7,101,-2,0,0,2.21,97.78,100.0
2026-05-14,5468,凱鈺,17.6,18.15,17.6,17.95,28,5,0,0,0.17,99.82,100.0
2026-05-14,5469,瀚宇博,82.0,82.6,81.2,81.2,2040,-303,-63,9,11.38,88.61,100.0
2026-05-14,5471,松翰,50.7,52.3,50.6,51.3,3001,444,0,-4,13.0,86.99,100.0
2026-05-14,5474,聰泰,162.5,173.0,160.5,169.0,740,116,0,27,2.39,97.6,100.0
2026-05-14,5475,德宏,323.0,338.0,314.5,315.5,2499,-281,0,16,5.63,94.36,100.0
2026-05-14,5478,智冠,101.0,101.5,98.9,99.0,544,44,0,2,17.92,82.07,100.0
2026-05-14,5481,新華,20.4,20.4,20.0,20.1,92,-30,0,0,25.89,74.1,100.0
2026-05-14,5483,中美晶,152.0,157.5,150.5,152.5,16527,-120,-51,242,22.49,77.5,100.0
2026-05-14,5484,慧友,38.4,38.5,37.7,37.7,275,-22,0,3,1.18,98.81,100.0
2026-05-14,5487,通泰,27.5,28.1,27.3,28.1,13,1,0,0,0.58,99.41,100.0
2026-05-14,5488,松普,10.4,10.55,10.1,10.5,496,-76,0,0,1.19,98.8,100.0
2026-05-14,5489,彩富,40.2,40.4,40.2,40.3,19,1,0,0,1.42,98.57,100.0
2026-05-14,5490,同亨,28.5,28.65,27.95,28.1,443,136,0,0,6.89,93.1,100.0
2026-05-14,5493,三聯,93.5,96.0,93.0,95.3,1633,90,0,6,2.09,97.9,100.0
2026-05-14,5498,凱崴,73.8,78.3,72.4,74.5,22102,-407,0,12,3.14,96.85,100.0
2026-05-14,5508,永信建,48.8,49.05,48.3,48.4,278,-62,0,-1,7.22,92.77,100.0
2026-05-14,5511,德昌,72.4,72.8,72.0,72.4,151,-63,0,0,4.58,95.41,100.0
2026-05-14,5512,力麒,6.91,6.91,6.79,6.83,1299,-31,0,0,5.41,94.58,100.0
2026-05-14,5514,三豐,15.3,15.3,15.25,15.3,3,0,0,0,0.02,99.97,100.0
2026-05-14,5515,建國,40.5,42.9,40.5,40.95,2932,-175,-3,140,12.24,87.75,100.0
2026-05-14,5516,雙喜,11.15,11.15,10.8,10.95,55,-3,0,0,0.06,99.93,100.0
2026-05-14,5519,隆大,32.35,32.4,32.1,32.1,465,-157,0,-2,4.27,95.72,100.0
2026-05-14,5520,力泰,81.0,81.0,81.0,81.0,1,1,0,0,0.02,99.97,100.0
2026-05-14,5521,工信,11.25,11.25,10.6,10.6,9682,-550,0,-4,7.87,92.12,100.0
2026-05-14,5522,遠雄,70.2,71.0,69.8,70.5,603,33,-53,-7,4.56,95.43,100.0
2026-05-14,5523,豐謙,30.05,30.25,29.95,30.25,257,9,0,0,0.19,99.8,100.0
2026-05-14,5525,順天,22.75,23.2,22.7,23.0,189,-61,0,-3,1.67,98.32,100.0
2026-05-14,5529,鉅陞,21.55,21.6,21.1,21.15,118,-15,0,0,0.63,99.36,100.0
2026-05-14,5530,龍巖,48.2,52.4,48.2,50.1,2087,408,0,-66,54.28,45.71,100.0
2026-05-14,5531,鄉林,8.23,8.25,8.07,8.07,574,-253,0,0,2.47,97.52,100.0
2026-05-14,5533,皇鼎,14.0,14.1,13.95,13.95,105,-48,0,0,2.76,97.23,100.0
2026-05-14,5534,長虹,77.0,77.2,75.3,76.6,1612,-997,200,-21,9.38,90.61,100.0
2026-05-14,5536,聖暉*,973.0,1040.0,946.0,1010.0,4487,1222,329,-9,36.78,63.21,100.0
2026-05-14,5538,東明-KY,33.5,33.9,33.5,33.9,301,-6,0,0,63.84,36.15,100.0
2026-05-14,5543,桓鼎-KY,29.0,29.4,29.0,29.0,21,0,0,0,0.0,99.99,100.0
2026-05-14,5546,永固-KY,15.7,16.5,15.7,15.95,25,-1,0,0,53.64,46.35,100.0
2026-05-14,5547,久舜,21.4,21.4,21.35,21.35,16,0,0,0,0.16,99.83,100.0
2026-05-14,5548,安倉,23.45,23.45,23.25,23.25,41,1,0,0,0.24,99.75,100.0
2026-05-14,5601,台聯櫃,35.75,35.75,35.3,35.45,8,-1,0,0,3.75,96.24,100.0
2026-05-14,5603,陸海,15.9,16.1,15.55,15.8,266,-14,0,0,4.97,95.02,100.0
2026-05-14,5604,中連貨,32.5,32.5,32.0,32.0,15,2,0,0,3.03,96.96,100.0
2026-05-14,5604,中連,32.5,32.5,32.0,32.0,15,2,0,0,3.03,96.96,100.0
2026-05-14,5607,遠雄港,49.25,49.45,48.75,48.75,367,-129,-1,-12,2.9,97.09,100.0
2026-05-14,5608,四維航,14.85,14.85,14.6,14.6,1585,-122,0,-15,5.01,42.48,47.5
2026-05-14,5609,中菲行,79.7,80.4,79.6,80.3,384,199,0,18,14.49,85.5,100.0
2026-05-14,5701,劍湖山,3.39,3.39,3.18,3.22,90,0,0,0,0.0,99.99,100.0
2026-05-14,5703,亞都,13.95,13.95,13.95,13.95,1,0,0,0,6.62,93.37,100.0
2026-05-14,5704,老爺知,21.5,21.5,21.35,21.35,4,-2,0,0,0.19,99.8,100.0
2026-05-14,5706,鳳凰,50.3,50.6,50.3,50.3,117,-30,0,0,1.61,98.38,100.0
2026-05-14,5859,遠壽,14.34,14.7,14.05,14.6,125,0,0,0,0.0,0.0,0.0
2026-05-14,5863,瑞興銀,10.98,11.15,10.65,11.1,108,-3,0,0,0.0,0.0,0.0
2026-05-14,5864,致和證,32.6,32.75,30.5,30.8,6142,-2361,0,0,5.46,94.53,100.0
2026-05-14,5871,中租-KY,107.5,109.5,107.5,108.0,5812,-1085,-119,-27,46.3,53.69,100.0
2026-05-14,5876,上海商銀,40.05,40.5,40.05,40.3,7744,3242,-388,-306,53.85,46.14,100.0
2026-05-14,5878,台名,40.55,40.6,40.55,40.55,10,1,0,0,0.58,99.41,100.0
2026-05-14,5880,合庫金,22.8,22.95,22.75,22.75,17895,-8613,-200,-30,15.44,84.55,100.0
2026-05-14,5902,德記,38.15,38.15,37.1,37.45,25,0,0,0,1.15,98.84,100.0
2026-05-14,5903,全家,189.5,190.0,189.0,189.0,45,8,0,0,51.08,48.91,100.0
2026-05-14,5904,寶雅,562.0,568.0,553.0,553.0,259,-93,5,3,29.27,70.72,100.0
2026-05-14,5905,南仁湖,8.47,8.47,8.2,8.24,845,-227,0,0,1.31,98.68,100.0
2026-05-14,5906,台南-KY,46.45,46.45,46.45,46.45,1,0,0,0,19.35,80.64,100.0
2026-05-14,5907,大洋-KY,5.23,5.28,5.15,5.17,366,10,0,1,52.04,47.95,100.0
2026-05-14,6005,群益證,32.1,32.75,31.45,31.6,13160,-1461,-1091,0,16.09,83.9,100.0
2026-05-14,6015,宏遠證,15.4,15.75,14.95,15.0,4290,-221,0,0,7.0,92.99,100.0
2026-05-14,6016,康和證,23.9,24.15,22.2,22.3,16506,-5535,0,0,11.86,88.13,100.0
2026-05-14,6020,大展證,22.0,22.1,21.1,21.5,143,2,0,0,0.01,99.98,100.0
2026-05-14,6021,美好證,32.4,32.9,31.7,32.05,354,-84,0,0,7.53,92.46,100.0
2026-05-14,6023,元大期,99.4,99.7,98.9,99.0,83,-16,0,0,2.06,97.93,100.0
2026-05-14,6024,群益期,57.2,57.3,56.3,56.5,609,50,0,0,4.32,95.67,100.0
2026-05-14,6026,福邦證,16.0,16.1,15.5,15.55,3951,-1982,0,0,6.79,93.2,100.0
2026-05-14,6027,德信,12.93,13.15,12.4,13.0,37,0,0,0,0.0,0.0,0.0
2026-05-14,6028,公勝保經,81.3,82.7,81.3,82.2,56,34,0,0,0.66,99.34,100.0
2026-05-14,6035,悠遊卡,51.74,53.2,50.6,53.2,11,-1,0,0,0.0,0.0,0.0
2026-05-14,6101,寬魚國際,39.05,39.1,38.05,38.05,118,-6,0,5,0.38,99.61,100.0
2026-05-14,6103,合邦,39.1,39.1,39.1,39.1,1,0,0,0,0.73,99.26,100.0
2026-05-14,6104,創惟,101.5,103.0,98.1,98.9,2223,-146,0,-33,8.82,91.17,100.0
2026-05-14,6108,競國,19.4,19.45,18.75,18.95,2684,281,0,-8,3.82,96.17,100.0
2026-05-14,6109,亞元,11.0,11.55,11.0,11.3,636,120,0,0,2.23,97.76,100.0
2026-05-14,6111,光聚晶電,48.4,48.4,47.3,47.9,303,-73,0,0,12.8,87.19,100.0
2026-05-14,6112,邁達特,42.6,42.85,42.15,42.35,539,-201,0,0,1.0,98.99,100.0
2026-05-14,6113,亞矽,24.2,24.25,23.45,23.8,366,-1,0,0,1.77,98.22,100.0
2026-05-14,6114,久威,30.7,30.7,30.5,30.65,45,0,0,0,0.71,99.28,100.0
2026-05-14,6115,鎰勝,47.25,47.5,47.0,47.0,295,-51,0,-1,5.57,94.42,100.0
2026-05-14,6116,彩晶,11.25,11.3,10.3,10.4,191343,15068,0,-971,7.88,92.11,100.0
2026-05-14,6117,迎廣,79.9,81.9,79.3,81.5,598,-14,0,0,1.71,98.28,100.0
2026-05-14,6118,建達,16.9,18.5,16.7,18.5,2795,-428,0,3,1.14,98.85,100.0
2026-05-14,6120,達運,13.15,13.25,12.7,12.95,3537,-731,0,-41,7.59,92.4,100.0
2026-05-14,6121,新普,381.0,384.5,370.5,372.5,983,-136,-207,-4,37.21,62.78,100.0
2026-05-14,6122,擎邦,48.5,48.5,47.35,47.35,386,-104,0,-1,4.6,95.39,100.0
2026-05-14,6123,上奇,44.15,44.45,43.8,43.95,48,-8,0,0,2.55,97.44,100.0
2026-05-14,6124,業強,29.35,29.35,28.85,29.05,105,0,0,0,50.89,49.1,100.0
2026-05-14,6125,廣運,59.3,59.8,58.4,58.5,1170,26,0,-6,7.43,92.56,100.0
2026-05-14,6126,信音,33.0,33.65,32.55,32.55,1309,188,0,-8,2.63,97.36,100.0
2026-05-14,6127,九豪,49.8,51.5,47.4,47.4,15844,-501,0,10,5.27,94.72,100.0
2026-05-14,6128,上福,20.2,20.2,19.5,19.6,324,-150,0,0,4.24,95.75,100.0
2026-05-14,6129,普誠,16.0,16.1,15.5,15.6,636,-42,0,-17,2.86,97.13,100.0
2026-05-14,6130,上亞科技,23.2,23.2,22.15,22.5,303,-53,0,0,1.57,98.42,100.0
2026-05-14,6133,金橋,21.7,22.1,21.3,21.55,860,-130,0,0,2.78,97.21,100.0
2026-05-14,6134,萬旭,32.5,33.6,31.9,31.9,872,-88,0,0,25.15,74.84,100.0
2026-05-14,6136,富爾特,24.85,25.0,24.8,25.0,233,-19,0,0,3.59,96.4,100.0
2026-05-14,6138,茂達,291.0,316.0,290.0,306.5,3388,663,-1,30,19.21,80.78,100.0
2026-05-14,6139,亞翔,698.0,736.0,692.0,720.0,6557,1810,32,132,31.16,68.83,100.0
2026-05-14,6140,訊達,20.15,20.55,19.9,20.1,99,-13,0,0,1.55,98.44,100.0
2026-05-14,6141,柏承,25.7,25.7,25.7,25.7,1011,24,0,0,1.9,98.09,100.0
2026-05-14,6142,友勁,8.35,8.4,8.27,8.28,623,-187,0,-3,2.49,97.5,100.0
2026-05-14,6143,振曜,102.0,102.0,98.8,98.8,2819,-699,-125,0,8.94,91.05,100.0
2026-05-14,6144,得利影,15.0,15.0,14.2,14.6,9,0,0,0,33.4,66.59,100.0
2026-05-14,6146,耕興,215.5,222.0,215.0,220.0,673,-34,143,7,30.37,69.62,100.0
2026-05-14,6147,頎邦,197.5,197.5,185.0,186.5,30325,-1381,-237,-97,22.53,77.46,100.0
2026-05-14,6148,驊宏資,29.75,30.0,28.8,28.85,312,-84,0,0,2.45,97.54,100.0
2026-05-14,6150,撼訊,71.9,74.7,69.3,69.3,3145,-48,0,-109,6.43,93.56,100.0
2026-05-14,6151,晉倫,41.85,42.55,41.2,41.3,996,220,0,0,6.33,93.66,100.0
2026-05-14,6152,百一,15.75,16.5,15.2,15.8,2591,12,0,-2,1.26,98.73,100.0
2026-05-14,6153,嘉聯益,17.8,18.1,17.6,17.8,3158,711,0,-2,10.68,89.31,100.0
2026-05-14,6154,順發,13.2,13.25,13.1,13.2,47,1,0,0,0.74,99.25,100.0
2026-05-14,6155,鈞寶,54.5,56.4,51.1,51.2,7664,-231,0,0,8.49,91.5,100.0
2026-05-14,6156,松上,19.4,19.5,19.15,19.3,426,-14,0,0,7.31,92.68,100.0
2026-05-14,6158,禾昌,17.9,18.0,17.75,17.9,65,-10,0,0,0.8,99.19,100.0
2026-05-14,6160,欣技,17.4,17.65,16.4,16.4,293,-48,0,0,3.99,96.0,100.0
2026-05-14,6161,捷波,44.35,46.0,44.05,45.9,485,77,0,0,3.8,96.19,100.0
2026-05-14,6163,華電網,62.3,62.4,59.1,60.5,4317,-307,0,-12,2.59,97.4,100.0
2026-05-14,6164,華興,12.05,12.1,11.85,11.85,390,-127,0,0,4.5,95.49,100.0
2026-05-14,6165,浪凡,49.15,49.5,48.5,48.95,575,59,0,-2,18.23,81.76,100.0
2026-05-14,6166,凌華,111.5,116.0,103.5,111.5,12618,2084,0,-361,19.0,80.99,100.0
2026-05-14,6167,久正,11.65,11.85,11.5,11.85,690,217,0,0,5.45,94.54,100.0
2026-05-14,6168,宏齊,26.3,28.0,25.8,26.9,7308,-141,0,-6,2.59,97.4,100.0
2026-05-14,6169,昱泉,15.85,15.85,15.0,15.0,59,0,0,0,0.1,99.89,100.0
2026-05-14,6170,統振,50.8,51.1,50.2,50.3,362,6,0,0,3.34,96.65,100.0
2026-05-14,6171,大城地產,24.2,24.2,23.95,24.0,20,1,0,0,0.22,99.77,100.0
2026-05-14,6173,信昌電,171.0,174.0,165.0,172.0,3423,290,0,319,24.41,75.58,100.0
2026-05-14,6174,安碁,40.5,42.25,38.8,39.2,1829,-184,0,0,2.98,97.01,100.0
2026-05-14,6175,立敦,71.6,74.0,67.3,69.0,11277,-1629,0,47,20.21,79.78,100.0
2026-05-14,6176,瑞儀,102.5,103.5,100.0,100.5,5911,-963,-175,-48,24.65,75.34,100.0
2026-05-14,6177,達麗,46.55,46.7,45.65,45.7,1983,-255,0,-76,6.71,93.28,100.0
2026-05-14,6179,亞通,24.15,24.4,23.4,23.45,1174,-238,0,-6,4.48,95.51,100.0
2026-05-14,6180,橘子,39.0,39.05,38.45,38.9,498,36,-6,0,23.0,76.99,100.0
2026-05-14,6182,合晶,57.3,57.6,56.8,57.4,11344,1061,0,-61,17.08,82.91,100.0
2026-05-14,6183,關貿,92.0,92.1,91.8,92.0,48,-17,0,-3,1.05,98.94,100.0
2026-05-14,6184,大豐電,46.4,46.45,46.1,46.15,98,-60,0,0,2.92,16.07,19.0
2026-05-14,6185,幃翔,13.9,13.95,13.85,13.85,129,-7,0,0,1.85,98.14,100.0
2026-05-14,6186,新潤,38.25,39.95,38.25,39.55,1234,400,0,8,1.93,98.06,100.0
2026-05-14,6187,萬潤,1280.0,1285.0,1125.0,1140.0,3908,-475,-415,-7,30.75,69.24,100.0
2026-05-14,6188,廣明,83.0,84.2,83.0,83.1,1022,437,0,-12,7.13,92.86,100.0
2026-05-14,6189,豐藝,46.95,48.5,46.95,48.2,973,387,-19,-2,7.83,92.16,100.0
2026-05-14,6190,萬泰科,78.8,81.2,77.6,78.2,9607,-60,0,-102,10.84,89.15,100.0
2026-05-14,6191,精成科,93.1,94.5,92.3,92.5,5277,-1075,-3,-32,4.54,95.45,100.0
2026-05-14,6192,巨路,129.5,136.0,126.5,133.5,969,157,0,-2,25.17,74.82,100.0
2026-05-14,6194,育富,32.3,32.4,32.3,32.3,77,5,0,0,2.77,97.22,100.0
2026-05-14,6195,詩肯,28.4,28.4,26.6,27.0,366,-75,0,0,44.96,55.03,100.0
2026-05-14,6196,帆宣,426.0,450.0,408.0,435.5,5660,517,-2,110,16.91,83.08,100.0
2026-05-14,6197,佳必琪,235.0,239.0,224.0,226.5,4451,-220,-1,-139,8.74,91.25,100.0
2026-05-14,6198,瑞築,22.7,23.05,21.95,22.4,7,0,0,0,0.04,99.95,100.0
2026-05-14,6199,天品,103.5,105.0,100.0,104.0,908,-80,0,11,5.6,94.39,100.0
2026-05-14,6201,亞弘電,49.5,50.1,49.5,49.5,39,-18,0,0,1.2,98.79,100.0
2026-05-14,6202,盛群,55.2,56.0,54.5,55.2,2152,259,0,-2,9.54,90.45,100.0
2026-05-14,6203,海韻電,70.2,71.1,69.4,69.4,401,10,0,-2,3.0,96.99,100.0
2026-05-14,6204,艾華,79.0,84.8,79.0,83.8,933,60,0,0,2.64,97.35,100.0
2026-05-14,6205,詮欣,81.2,83.5,78.6,79.3,2156,-1,0,-3,1.78,98.21,100.0
2026-05-14,6206,飛捷,141.5,142.5,134.0,136.5,4342,-793,-9,4,13.7,86.29,100.0
2026-05-14,6207,雷科,68.9,70.9,67.2,70.2,9021,-167,0,87,8.2,91.79,100.0
2026-05-14,6208,日揚,104.5,104.5,98.7,104.5,10017,76,0,-150,2.02,97.97,100.0
2026-05-14,6209,今國光,62.8,68.3,62.8,68.3,12031,3761,0,367,7.77,92.22,100.0
2026-05-14,6210,慶生,22.35,22.35,21.0,21.5,255,5,0,0,0.23,99.76,100.0
2026-05-14,6212,理銘,28.55,28.55,28.05,28.05,6,1,0,0,0.47,99.52,100.0
2026-05-14,6213,聯茂,282.0,285.0,265.0,268.0,15104,-3247,-32,6,11.27,88.57,100.0
2026-05-14,6214,精誠,122.0,124.0,122.0,122.0,738,-10,0,-3,11.45,88.54,100.0
2026-05-14,6215,和椿,121.0,122.0,117.0,119.0,3423,343,0,-63,7.71,92.28,100.0
2026-05-14,6216,居易,23.0,23.0,22.5,22.55,336,-39,0,-5,3.03,96.96,100.0
2026-05-14,6217,中探針,365.5,371.0,324.5,324.5,22220,-980,0,-357,19.12,80.87,100.0
2026-05-14,6218,豪勉,45.0,46.6,41.45,41.55,13621,-436,0,-193,2.66,97.33,100.0
2026-05-14,6219,富旺,12.25,12.3,11.95,12.2,450,113,0,0,1.65,98.34,100.0
2026-05-14,6220,岳豐,29.8,30.25,29.8,30.1,117,37,0,0,4.61,95.38,100.0
2026-05-14,6221,晉泰,23.85,23.85,23.05,23.1,659,-28,0,0,1.13,98.86,100.0
2026-05-14,6222,立軒,22.0,22.0,21.75,21.75,4,0,0,1,0.11,99.88,100.0
2026-05-14,6223,旺矽,6290.0,6290.0,6290.0,6290.0,545,-55,-31,33,29.22,70.77,100.0
2026-05-14,6224,聚鼎,75.6,78.9,71.8,73.6,1946,328,0,-4,4.3,95.69,100.0
2026-05-14,6225,天瀚,31.9,31.9,31.9,31.9,82,0,0,0,0.03,99.96,100.0
2026-05-14,6226,光鼎,12.15,12.4,12.0,12.05,772,-63,0,0,0.78,99.21,100.0
2026-05-14,6227,茂綸,110.0,117.0,108.5,113.5,2621,437,0,14,4.37,95.62,100.0
2026-05-14,6228,全譜,20.65,22.7,20.65,22.7,69,54,0,0,0.54,99.45,100.0
2026-05-14,6229,研通,28.7,29.0,27.9,28.5,462,-18,0,-8,1.4,98.59,100.0
2026-05-14,6230,尼得科超眾,145.0,147.0,139.0,139.0,224,-60,0,-1,87.07,12.92,100.0
2026-05-14,6231,系微,310.0,312.0,286.0,289.0,1876,-131,-50,-37,11.7,88.29,100.0
2026-05-14,6233,旺玖,25.7,25.95,25.15,25.85,377,92,0,0,5.46,94.53,100.0
2026-05-14,6234,高僑,55.6,57.5,55.5,56.0,1122,-103,0,-2,12.82,87.17,100.0
2026-05-14,6235,華孚,41.5,42.05,40.1,40.35,1361,-31,0,-2,4.24,95.75,100.0
2026-05-14,6236,中湛,0.0,0.0,0.0,0.0,0,0,0,0,0.02,99.97,100.0
2026-05-14,6237,驊訊,44.3,47.75,43.4,47.75,4533,163,0,63,9.98,90.01,100.0
2026-05-14,6239,力成,233.0,236.5,226.5,229.0,20525,-750,-23,-11,33.4,66.59,100.0
2026-05-14,6240,松崗,17.9,18.25,17.55,17.85,13,0,0,0,0.27,99.72,100.0
2026-05-14,6241,鑫永洋,10.45,10.45,10.45,10.45,200,-58,0,0,0.09,99.9,100.0
2026-05-14,6242,立康,37.75,37.75,37.2,37.2,13,0,0,0,0.48,99.51,100.0
2026-05-14,6243,迅杰,33.9,35.5,33.4,34.9,623,117,0,-4,2.01,97.98,100.0
2026-05-14,6244,茂迪,29.35,29.65,28.2,28.25,6894,559,0,-100,17.65,82.34,100.0
2026-05-14,6245,立端,83.3,83.4,80.8,81.5,911,-123,0,-9,11.47,88.52,100.0
2026-05-14,6246,臺龍,16.1,16.1,15.8,15.95,45,-7,0,0,0.19,99.8,100.0
2026-05-14,6248,沛波,18.75,18.75,18.5,18.55,110,8,0,0,0.74,99.25,100.0
2026-05-14,6257,矽格,214.0,217.5,210.0,210.5,9585,-955,-1,-41,26.18,73.81,100.0
2026-05-14,6259,百徽,27.0,28.85,24.25,24.35,3130,67,0,22,39.01,60.98,100.0
2026-05-14,6261,久元,121.5,127.0,116.0,120.5,8921,-1334,0,73,6.52,93.47,100.0
2026-05-14,6263,普萊德,188.5,188.5,180.0,182.0,1485,-73,0,0,1.94,98.05,100.0
2026-05-14,6264,富裔,6.11,6.11,6.08,6.1,19,0,0,0,0.02,99.97,100.0
2026-05-14,6265,方土昶,43.5,47.0,43.5,46.2,21178,4812,0,75,6.22,93.77,100.0
2026-05-14,6266,泰詠,26.8,27.0,26.6,26.9,319,29,0,0,2.1,97.89,100.0
2026-05-14,6269,台郡,56.6,59.6,56.4,59.0,5162,1074,-2,45,17.12,82.87,100.0
2026-05-14,6270,倍微,26.75,26.85,26.15,26.35,559,173,0,0,2.73,97.26,100.0
2026-05-14,6271,同欣電,184.5,188.5,183.0,183.5,4923,1138,0,54,29.57,70.42,100.0
2026-05-14,6272,驊陞,31.5,32.0,30.6,30.8,527,-157,0,1,3.97,96.02,100.0
2026-05-14,6274,台燿,1480.0,1480.0,1400.0,1450.0,2167,680,-894,261,38.19,61.8,100.0
2026-05-14,6275,元山,46.85,47.55,46.7,47.05,836,-198,0,-25,3.95,96.04,100.0
2026-05-14,6276,安鈦克,29.9,30.7,29.5,29.5,69,0,0,0,2.4,97.59,100.0
2026-05-14,6277,宏正,70.7,72.8,70.5,71.4,316,28,0,0,8.12,91.87,100.0
2026-05-14,6278,台表科,216.0,226.0,212.0,226.0,20640,-487,3700,-502,21.12,78.87,100.0
2026-05-14,6279,胡連,120.0,120.0,117.0,117.5,680,-51,-9,0,4.95,95.04,100.0
2026-05-14,6281,全國電,50.2,52.5,50.2,51.7,182,37,0,1,2.16,97.83,100.0
2026-05-14,6282,康舒,51.7,52.2,50.0,50.4,27197,-2081,0,19,14.43,85.56,100.0
2026-05-14,6283,淳安,25.35,26.3,25.15,25.95,1270,-428,0,-9,18.45,81.54,100.0
2026-05-14,6284,佳邦,85.0,87.9,84.2,85.7,3832,956,0,18,11.35,88.64,100.0
2026-05-14,6285,啟碁,280.0,286.0,260.0,262.0,35882,-2056,-141,-764,22.54,77.45,100.0
2026-05-14,6290,良維,266.5,280.0,258.0,277.0,7826,-1623,0,115,16.59,83.4,100.0
2026-05-14,6291,沛亨,495.0,517.0,488.0,509.0,2203,-110,0,27,2.46,97.53,100.0
2026-05-14,6292,迅德,55.0,55.5,53.1,53.5,296,35,0,2,1.42,98.57,100.0
2026-05-14,6294,智基,29.0,29.0,27.8,27.8,169,6,0,0,1.14,98.85,100.0
2026-05-14,6405,悅城,65.3,65.7,58.0,58.0,947,15,0,-15,5.04,94.95,100.0
2026-05-14,6407,相互,34.9,35.55,32.7,32.95,1861,6,0,0,0.0,0.0,0.0
2026-05-14,6409,旭隼,761.0,761.0,702.0,705.0,1882,-933,-4,0,51.57,48.42,100.0
2026-05-14,6411,晶焱,83.8,89.0,82.5,85.1,2170,293,0,7,8.59,91.4,100.0
2026-05-14,6412,群電,95.5,96.2,91.6,91.7,3110,-959,-102,21,4.11,95.88,100.0
2026-05-14,6414,樺漢,350.5,357.5,350.5,355.0,1458,651,-54,15,34.71,65.28,100.0
2026-05-14,6415,矽力*-KY,492.0,514.0,490.0,503.0,7352,1156,313,17,80.9,19.09,100.0
2026-05-14,6416,瑞祺電通,85.0,91.5,85.0,89.5,1663,239,0,4,4.41,95.58,100.0
2026-05-14,6417,韋僑,141.0,142.0,133.0,135.0,261,24,0,4,10.41,89.58,100.0
2026-05-14,6418,詠昇,32.55,32.55,30.45,31.0,370,-105,0,0,3.32,96.67,100.0
2026-05-14,6419,京晨科,177.0,182.0,169.0,177.0,2648,13,0,-3,12.2,87.79,100.0
2026-05-14,6423,億而得-創,113.0,114.5,107.5,110.5,529,81,0,0,4.02,95.97,100.0
2026-05-14,6423,億而得,113.0,114.5,107.5,110.5,529,81,0,0,4.02,95.97,100.0
2026-05-14,6425,易發,89.4,95.5,87.3,92.9,8488,-35,0,0,2.72,97.27,100.0
2026-05-14,6426,統新,290.0,294.0,272.0,275.0,3304,-312,0,-7,6.89,93.1,100.0
2026-05-14,6428,台灣淘米,13.33,14.4,13.8,13.9,19,0,0,0,0.0,0.0,0.0
2026-05-14,6431,光麗-KY,21.0,21.0,20.0,21.0,117,-54,0,0,56.83,43.16,100.0
2026-05-14,6432,今展科,48.6,52.4,48.6,49.6,3800,12,0,0,3.73,96.26,100.0
2026-05-14,6434,達輝光電,22.06,23.0,19.8,20.65,3682,-76,0,0,0.0,0.0,0.0
2026-05-14,6435,大中,252.5,257.0,244.0,248.5,1537,-455,0,6,12.9,87.09,100.0
2026-05-14,6438,迅得,170.5,171.5,166.0,167.5,971,17,0,-14,7.21,92.78,100.0
2026-05-14,6441,廣錠,27.1,27.1,24.9,25.5,321,-67,0,0,0.56,99.43,100.0
2026-05-14,6442,光聖,1860.0,1875.0,1780.0,1855.0,2071,130,39,-2,33.58,66.41,100.0
2026-05-14,6443,元晶,42.3,42.3,39.05,39.8,31748,-4382,0,-979,13.31,86.68,100.0
2026-05-14,6446,藥華藥,780.0,832.0,772.0,782.0,6655,701,-3,-31,22.96,77.03,100.0
2026-05-14,6449,鈺邦,239.5,239.5,228.5,239.5,4342,486,0,12,4.73,95.26,100.0
2026-05-14,6451,訊芯-KY,484.0,525.0,471.5,525.0,10570,1173,0,24,67.34,32.65,100.0
2026-05-14,6456,GIS-KY,70.6,71.2,67.9,68.5,6393,-765,0,-76,42.66,57.33,100.0
2026-05-14,6461,益得,16.8,17.15,16.5,16.5,169,-68,0,0,0.67,99.32,100.0
2026-05-14,6462,神盾,131.0,133.0,129.5,131.5,1730,307,0,-12,19.29,80.7,100.0
2026-05-14,6464,台數科,75.4,76.9,75.4,76.5,50,-5,0,1,0.79,19.19,19.99
2026-05-14,6465,威潤,47.95,48.6,47.1,48.6,787,120,0,3,0.93,99.06,100.0
2026-05-14,6467,泰合,140.83,154.5,144.0,150.0,638,-1,0,0,0.0,0.0,0.0
2026-05-14,6469,大樹,71.9,72.5,70.5,72.3,749,93,0,0,8.24,91.75,100.0
2026-05-14,6470,宇智,46.7,46.95,46.5,46.5,31,-3,0,0,5.82,94.17,100.0
2026-05-14,6472,保瑞,363.0,363.0,363.0,363.0,2046,579,0,-29,10.11,89.88,100.0
2026-05-14,6473,美賣*,9.49,9.52,8.62,8.66,150,-5,0,0,0.0,0.0,0.0
2026-05-14,6474,華豫寧,38.9,39.2,38.5,38.7,49,4,0,0,0.1,99.89,100.0
2026-05-14,6477,安集,34.0,34.35,33.2,33.25,575,-47,0,-3,2.65,97.34,100.0
2026-05-14,6482,弘煜科,28.6,28.8,28.4,28.4,33,0,0,0,2.5,97.49,100.0
2026-05-14,6483,原創生醫,13.93,14.0,12.95,13.1,274,0,0,0,0.0,0.0,0.0
2026-05-14,6485,點序,89.3,89.3,89.3,89.3,659,-28,0,176,8.72,91.27,100.0
2026-05-14,6486,互動,82.5,83.4,82.3,83.1,106,8,0,0,4.14,95.85,100.0
2026-05-14,6488,環球晶,785.0,805.0,780.0,788.0,2725,860,16,-28,27.01,72.98,100.0
2026-05-14,6491,晶碩,286.5,289.5,286.0,289.5,426,168,0,4,10.23,89.76,100.0
2026-05-14,6492,生華科,48.75,48.95,48.0,48.25,515,2,0,0,7.75,92.24,100.0
2026-05-14,6493,雷虎生,29.91,30.0,29.5,29.95,52,-2,0,0,0.0,0.0,0.0
2026-05-14,6494,九齊,55.0,55.8,54.6,55.0,230,66,0,0,8.57,91.42,100.0
2026-05-14,6496,科懋,24.3,25.15,23.6,23.8,138,1,0,0,0.35,99.64,100.0
2026-05-14,6498,久禾光,101.5,112.5,100.0,112.5,1796,-39,0,5,2.41,97.58,100.0
2026-05-14,6499,益安,81.7,86.5,81.7,83.7,757,86,0,0,18.45,81.54,100.0
2026-05-14,6504,南六,39.4,39.4,38.75,38.75,29,-2,0,0,1.01,98.98,100.0
2026-05-14,6505,台塑化,52.3,53.3,52.3,52.4,5235,-693,-36,84,6.05,93.94,100.0
2026-05-14,6506,雙邦,19.7,19.9,19.5,19.65,895,-30,0,11,0.69,99.3,100.0
2026-05-14,6508,惠光,24.35,24.35,23.85,24.15,61,4,0,0,1.04,98.95,100.0
2026-05-14,6509,聚和,47.05,48.9,46.6,47.05,6638,2128,0,1,7.48,92.51,100.0
2026-05-14,6510,精測,3870.0,4150.0,3835.0,4150.0,1372,212,103,14,34.32,65.67,100.0
2026-05-14,6512,啟發電,19.2,19.2,19.2,19.2,5,0,0,0,0.07,99.92,100.0
2026-05-14,6515,穎崴,10200.0,10745.0,9845.0,10540.0,510,28,103,8,21.78,78.21,100.0
2026-05-14,6516,勤崴國際,58.5,58.5,55.5,56.2,220,19,0,0,1.42,98.57,100.0
2026-05-14,6517,保勝光學,56.5,58.6,56.5,57.5,239,-6,0,0,4.78,95.21,100.0
2026-05-14,6518,康科特,31.9,32.5,31.35,32.35,21,1,0,0,0.0,0.0,0.0
2026-05-14,6523,達爾膚,99.0,99.0,98.8,98.9,25,0,0,0,1.5,98.49,100.0
2026-05-14,6525,捷敏-KY,107.0,116.5,107.0,116.5,2069,19,-9,12,15.49,84.5,100.0
2026-05-14,6526,達發,722.0,724.0,700.0,706.0,1424,-285,-2,6,7.33,92.66,100.0
2026-05-14,6527,明達醫,70.0,70.7,69.6,69.8,41,5,0,0,0.14,99.85,100.0
2026-05-14,6530,創威,120.0,122.0,114.0,115.5,2714,-298,0,0,3.78,96.21,100.0
2026-05-14,6531,愛普*,1115.0,1140.0,1020.0,1050.0,10450,-2100,1211,1,30.07,69.92,100.0
2026-05-14,6532,瑞耘,102.5,111.5,101.5,111.5,2083,-22,0,8,5.82,94.17,100.0
2026-05-14,6533,晶心科,236.0,239.5,227.0,233.5,1118,53,0,-3,11.89,88.1,100.0
2026-05-14,6534,正瀚-創,96.7,96.7,93.0,94.2,129,-40,0,1,41.02,58.97,100.0
2026-05-14,6535,順藥,129.0,130.5,127.0,128.0,109,21,0,0,5.68,94.31,100.0
2026-05-14,6536,碩豐,21.22,30.8,22.2,30.3,101,9,0,0,0.0,0.0,0.0
2026-05-14,6538,倉和,76.5,84.0,76.5,84.0,375,103,-1,21,5.88,94.11,100.0
2026-05-14,6539,麗彤,45.92,46.5,45.55,45.55,4,0,0,0,0.0,0.0,0.0
2026-05-14,6541,泰福-KY,40.0,40.3,38.55,38.55,1108,-485,0,-4,13.75,86.24,100.0
2026-05-14,6542,隆中,46.0,46.5,46.0,46.5,5,0,0,0,18.1,81.89,100.0
2026-05-14,6543,普惠醫工,22.06,22.5,21.65,22.35,91,0,0,0,0.0,0.0,0.0
2026-05-14,6546,正基,69.6,71.6,69.3,69.3,519,100,0,3,7.08,92.91,100.0
2026-05-14,6547,高端疫苗,47.9,49.15,47.85,49.0,1204,410,0,1,9.46,90.53,100.0
2026-05-14,6548,長科*,51.2,51.3,49.8,49.8,4013,-111,0,-82,2.99,97.0,100.0
2026-05-14,6549,景凱,7.88,8.1,7.71,8.03,159,-7,0,0,0.0,0.0,0.0
2026-05-14,6550,北極星藥業-KY,17.9,18.1,16.75,17.0,2779,-995,0,-3,67.26,32.73,100.0
2026-05-14,6552,易華電,29.15,29.5,28.8,28.9,199,13,0,-1,0.86,99.13,100.0
2026-05-14,6555,榮炭,22.1,22.6,21.7,21.7,216,-2,0,0,0.0,0.0,0.0
2026-05-14,6556,勝品,69.8,70.0,69.8,70.0,10,0,0,0,0.57,99.42,100.0
2026-05-14,6558,興能高,29.45,31.4,28.7,30.6,894,-41,0,0,1.78,98.21,100.0
2026-05-14,6559,研晶,27.23,27.1,23.55,25.4,319,0,0,0,0.0,0.0,0.0
2026-05-14,6560,欣普羅,38.3,38.3,37.5,37.7,97,0,0,0,5.03,94.96,100.0
2026-05-14,6561,是方,346.0,349.0,346.0,346.0,78,0,0,0,5.87,94.12,100.0
2026-05-14,6563,映智,30.8,32.55,30.75,31.95,191,0,0,0,0.0,0.0,0.0
2026-05-14,6564,安特羅,18.26,18.8,18.0,18.3,81,0,0,0,0.0,0.0,0.0
2026-05-14,6565,物聯,22.45,23.0,22.05,22.9,63,0,0,0,0.0,0.0,0.0
2026-05-14,6568,宏觀,223.0,224.5,212.0,212.0,576,-3,-79,-41,6.51,93.48,100.0
2026-05-14,6569,醫揚,101.5,101.5,99.0,99.1,32,0,0,0,2.93,97.06,100.0
2026-05-14,6570,維田,43.8,44.3,43.1,43.75,179,5,0,0,1.45,98.54,100.0
2026-05-14,6572,博錸,9.07,9.19,8.37,8.52,293,-3,0,0,0.0,0.0,0.0
2026-05-14,6573,虹揚-KY,13.3,13.45,13.05,13.15,235,-32,0,-6,54.78,45.21,100.0
2026-05-14,6574,霈方,126.5,130.5,124.0,124.0,351,55,0,0,0.86,99.13,100.0
2026-05-14,6576,逸達,79.2,79.5,78.6,79.3,94,7,0,0,22.35,77.64,100.0
2026-05-14,6577,勁豐,80.2,80.9,79.2,79.2,48,-3,0,0,0.99,99.0,100.0
2026-05-14,6578,達邦蛋白,16.1,16.9,14.95,16.55,387,-65,0,-2,0.82,99.17,100.0
2026-05-14,6579,研揚,152.0,152.0,144.0,147.5,1392,-199,-1,0,3.1,96.89,100.0
2026-05-14,6580,台睿,15.82,16.3,15.55,16.1,52,0,0,0,0.0,0.0,0.0
2026-05-14,6581,鋼聯,107.5,108.5,107.0,107.0,50,-16,0,-1,0.99,99.0,100.0
2026-05-14,6582,申豐,29.8,31.05,29.8,30.75,187,9,0,-2,12.98,87.01,100.0
2026-05-14,6583,友松,12.35,12.85,12.35,12.85,2,0,0,0,0.0,0.0,0.0
2026-05-14,6584,南俊國際,691.0,710.0,667.0,667.0,1661,-705,0,0,14.62,85.37,100.0
2026-05-14,6585,鼎基,91.2,91.8,89.9,91.1,276,43,0,-1,6.8,93.19,100.0
2026-05-14,6586,醣基,66.35,73.4,65.0,69.8,2186,-66,0,0,0.0,0.0,0.0
2026-05-14,6588,東典光電,138.5,142.0,131.5,132.5,1437,115,0,0,2.36,97.63,100.0
2026-05-14,6589,台康生技,41.35,41.6,40.15,40.55,1364,6,0,-1,6.86,93.13,100.0
2026-05-14,6590,普鴻,66.3,68.6,66.0,67.5,21,0,0,0,0.05,99.94,100.0
2026-05-14,6591,動力-KY,53.9,54.1,51.9,52.6,592,36,0,-1,20.85,79.14,100.0
2026-05-14,6592,和潤企業,59.9,60.5,59.8,59.8,620,-15,-1,-7,26.21,73.78,100.0
2026-05-14,6593,台灣銘板,35.4,35.4,35.0,35.1,60,-13,0,0,1.24,98.75,100.0
2026-05-14,6595,光禹國際,32.04,32.35,30.8,32.15,25,0,0,0,0.0,0.0,0.0
2026-05-14,6596,寬宏藝術,100.0,100.0,98.2,98.2,286,-85,0,0,4.32,95.67,100.0
2026-05-14,6597,立誠,77.4,78.0,76.9,77.0,55,5,0,0,0.02,99.97,100.0
2026-05-14,6598,ABC-KY,24.5,24.9,23.65,23.75,223,-56,0,-2,23.33,76.66,100.0
2026-05-14,6599,普達系統,46.07,47.0,45.6,46.0,13,0,0,0,0.0,0.0,0.0
2026-05-14,6603,富強鑫,23.25,23.35,22.2,22.3,1408,91,0,-8,2.62,97.37,100.0
2026-05-14,6604,儒億,30.47,30.9,30.3,30.7,142,0,0,0,0.0,0.0,0.0
2026-05-14,6605,帝寶,132.5,132.5,128.5,129.5,438,-30,-131,-25,15.62,84.37,100.0
2026-05-14,6606,建德工業,25.25,25.25,24.95,25.1,70,-9,0,0,3.36,96.63,100.0
2026-05-14,6609,瀧澤科,40.6,41.25,40.2,40.5,241,44,0,0,54.81,45.18,100.0
2026-05-14,6610,安成生技,29.87,30.65,28.55,29.0,406,-31,0,0,0.0,0.0,0.0
2026-05-14,6612,奈米醫材,67.8,67.8,66.6,67.0,47,-1,0,0,26.0,73.99,100.0
2026-05-14,6613,朋億*,241.5,256.0,239.5,252.0,785,319,-1,8,7.38,92.61,100.0
2026-05-14,6614,資拓宏宇,40.15,41.05,39.9,40.3,116,10,0,-1,0.83,99.16,100.0
2026-05-14,6615,慧智,33.5,33.6,32.9,33.1,70,3,0,0,0.22,99.77,100.0
2026-05-14,6616,特昇-KY,9.5,9.65,9.5,9.6,24,-9,0,0,56.7,43.29,100.0
2026-05-14,6617,共信-KY,67.3,68.0,64.1,64.2,340,-37,0,-2,38.24,61.75,100.0
2026-05-14,6618,永虹先進,19.83,19.9,19.0,19.1,945,0,0,0,0.0,0.0,0.0
2026-05-14,6620,漢達,70.3,70.3,69.4,69.5,210,-4,0,1,24.87,75.12,100.0
2026-05-14,6621,華宇藥,12.09,12.2,12.0,12.0,48,-1,0,0,0.0,0.0,0.0
2026-05-14,6622,百聿數碼,7.24,7.42,6.84,7.15,38,0,0,0,0.0,0.0,0.0
2026-05-14,6624,萬年清,46.1,47.0,45.65,46.2,41,1,0,0,0.4,99.59,100.0
2026-05-14,6625,必應,72.3,72.7,72.0,72.0,120,-16,0,0,0.98,99.01,100.0
2026-05-14,6629,泰金-KY,127.0,129.5,125.5,126.0,105,13,0,0,76.62,23.37,100.0
2026-05-14,6634,欣耀,75.73,85.0,72.4,76.1,915,-3,0,0,0.0,0.0,0.0
2026-05-14,6637,醫影,66.9,66.9,65.6,66.7,77,-3,0,0,0.19,99.8,100.0
2026-05-14,6638,沅聖,42.61,43.0,40.5,42.0,25,0,0,0,0.0,0.0,0.0
2026-05-14,6639,源大環能,7.65,7.63,7.15,7.21,93,0,0,0,0.0,0.0,0.0
2026-05-14,6640,均華,1450.0,1500.0,1395.0,1460.0,504,66,0,2,6.87,93.12,100.0
2026-05-14,6641,基士德-KY,18.3,18.5,18.3,18.35,42,0,0,-2,29.96,70.03,100.0
2026-05-14,6642,富致,64.0,65.7,62.7,63.5,778,91,0,0,1.62,98.37,100.0
2026-05-14,6643,M31,671.0,671.0,632.0,639.0,1339,-154,0,-57,10.56,89.43,100.0
2026-05-14,6645,金萬林-創,12.6,12.65,11.9,12.35,197,-45,0,3,0.77,99.22,100.0
2026-05-14,6648,斯其大,17.54,17.6,16.9,17.0,86,0,0,0,0.0,0.0,0.0
2026-05-14,6649,台生材,39.45,39.5,39.25,39.25,33,-8,0,0,6.48,93.51,100.0
2026-05-14,6650,帝圖,31.39,31.45,29.95,31.45,7,0,0,0,0.0,0.0,0.0
2026-05-14,6651,全宇昕,125.0,131.5,125.0,128.5,753,-36,0,0,6.82,93.17,100.0
2026-05-14,6654,天正國際,103.0,103.0,95.0,98.0,134,-12,0,0,0.55,99.44,100.0
2026-05-14,6655,科定,137.0,137.0,136.0,136.0,6,-3,0,0,0.49,99.5,100.0
2026-05-14,6657,華安,40.15,40.2,39.4,39.8,172,26,0,0,7.14,92.85,100.0
2026-05-14,6658,聯策,216.0,216.0,192.0,193.0,1253,14,0,-11,7.5,92.49,100.0
2026-05-14,6659,天明製藥,20.44,21.45,19.85,20.75,100,0,0,0,0.0,0.0,0.0
2026-05-14,6661,威健生技,17.6,17.6,17.6,17.6,1,0,0,0,0.02,99.97,100.0
2026-05-14,6662,樂斯科,29.0,30.5,29.0,30.5,20,4,0,0,0.21,99.78,100.0
2026-05-14,6664,群翊,486.0,486.5,455.0,463.5,2923,-730,0,-37,14.08,85.91,100.0
2026-05-14,6665,康聯生醫,22.1,23.0,22.2,22.8,14,0,0,0,0.0,0.0,0.0
2026-05-14,6666,羅麗芬-KY,41.4,41.4,40.45,40.45,10,-3,0,0,75.18,24.81,100.0
2026-05-14,6667,信紘科,255.0,255.0,251.0,252.0,422,-47,0,-1,8.53,91.46,100.0
2026-05-14,6668,中揚光,36.65,39.0,36.3,37.5,646,54,0,1,11.32,88.67,100.0
2026-05-14,6669,緯穎,5715.0,5730.0,5435.0,5435.0,1749,-66,55,-27,30.41,69.58,100.0
2026-05-14,6670,復盛應用,266.5,267.5,260.5,263.0,373,-17,-12,3,25.78,74.21,100.0
2026-05-14,6671,三能-KY,29.45,29.45,28.9,29.2,63,-24,0,2,39.82,60.17,100.0
2026-05-14,6672,騰輝電子-KY,199.5,201.0,192.5,195.0,5148,843,0,86,21.2,78.79,100.0
2026-05-14,6673,和詮,21.51,22.35,20.05,21.2,620,0,0,0,0.0,0.0,0.0
2026-05-14,6674,鋐寶科技,17.5,17.5,17.2,17.2,23,-10,0,1,0.47,99.52,100.0
2026-05-14,6676,祥翊,14.46,15.15,14.25,14.5,179,0,0,0,0.0,0.0,0.0
2026-05-14,6677,瑩碩生技,18.26,18.4,17.85,18.1,40,2,0,0,0.0,0.0,0.0
2026-05-14,6679,鈺太,324.0,324.0,311.0,315.0,390,17,2,-25,10.36,89.63,100.0
2026-05-14,6680,鑫創電子,55.1,55.1,54.0,54.4,10,-1,0,0,0.21,99.78,100.0
2026-05-14,6682,華旭先進,53.94,55.7,49.95,50.1,2524,4,0,0,0.0,0.0,0.0
2026-05-14,6683,雍智科技,1925.0,1925.0,1925.0,1925.0,160,0,0,15,11.86,88.13,100.0
2026-05-14,6684,安格,46.25,46.5,45.75,45.85,107,-12,0,0,5.25,94.74,100.0
2026-05-14,6689,伊雲谷,67.4,67.5,66.2,66.8,171,66,0,0,4.51,95.48,100.0
2026-05-14,6690,安碁資訊,167.5,167.5,166.5,167.0,55,19,0,0,3.53,96.46,100.0
2026-05-14,6691,洋基工程,634.0,646.0,631.0,637.0,326,-6,-2,-4,15.64,84.35,100.0
2026-05-14,6692,進能服,30.0,30.0,28.8,29.5,62,0,0,0,0.46,99.53,100.0
2026-05-14,6693,廣閎科,152.5,153.0,145.0,146.0,1036,-85,0,-12,11.77,88.22,100.0
2026-05-14,6695,芯鼎,51.2,52.0,49.6,50.3,1508,81,0,0,2.81,97.18,100.0
2026-05-14,6696,仁新,405.67,405.5,389.5,402.0,310,-2,0,0,0.0,0.0,0.0
2026-05-14,6697,東捷資訊,41.1,41.1,40.15,40.4,99,-1,0,0,0.79,99.2,100.0
2026-05-14,6698,旭暉應材,30.8,30.8,29.8,30.0,274,-108,0,0,1.39,98.6,100.0
2026-05-14,6703,軒郁,118.5,118.5,113.0,113.0,213,-59,0,0,13.94,86.05,100.0
2026-05-14,6704,國璽幹細胞,21.21,22.1,21.15,21.5,57,-2,0,0,0.0,0.0,0.0
2026-05-14,6705,振躍精密,95.07,113.0,89.7,102.0,198,7,0,0,0.0,0.0,0.0
2026-05-14,6706,惠特,165.0,166.5,160.0,164.0,4757,-428,0,-23,10.37,89.62,100.0
2026-05-14,6707,富基電通,34.96,37.5,35.7,36.85,435,5,0,0,0.0,0.0,0.0
2026-05-14,6708,天擎,42.8,42.8,41.45,42.45,23,-1,0,0,3.14,96.85,100.0
2026-05-14,6709,昱厚生技,25.02,25.2,24.9,25.05,121,0,0,0,0.0,0.0,0.0
2026-05-14,6712,長聖,132.5,133.0,130.0,130.0,323,-160,0,0,3.45,96.54,100.0
2026-05-14,6715,嘉基,473.5,492.0,470.0,487.0,874,-3,221,1,3.2,96.79,100.0
2026-05-14,6716,應廣,97.2,100.5,92.5,94.4,887,-59,0,0,3.53,96.46,100.0
2026-05-14,6719,力智,204.5,214.0,198.5,208.5,2316,314,-1,27,7.85,92.14,100.0
2026-05-14,6720,久昌,166.5,166.5,161.0,161.5,83,-18,0,0,1.12,98.87,100.0
2026-05-14,6721,信實,58.0,58.0,57.5,57.9,8,0,0,0,0.0,99.99,100.0
2026-05-14,6722,輝創,38.25,38.7,38.2,38.5,114,-52,0,-7,2.65,97.34,100.0
2026-05-14,6723,傑智環境,38.28,39.4,37.3,37.4,79,-3,0,0,0.0,0.0,0.0
2026-05-14,6725,矽科宏晟,320.0,328.0,307.0,307.5,408,11,0,-3,4.1,95.89,100.0
2026-05-14,6727,亞泰金屬,530.0,540.0,515.0,518.0,2396,-218,0,-7,9.32,90.67,100.0
2026-05-14,6728,上洋,112.5,112.5,110.5,111.5,30,2,0,0,0.76,99.23,100.0
2026-05-14,6729,機光科技,52.31,57.4,51.0,57.0,213,7,0,0,0.0,0.0,0.0
2026-05-14,6730,常廣,37.6,37.65,37.5,37.5,9,0,0,0,0.03,99.96,100.0
2026-05-14,6732,昇佳電子,167.5,177.5,167.0,172.5,408,100,0,1,6.97,93.02,100.0
2026-05-14,6733,博晟生醫,27.65,28.0,27.35,27.75,213,97,0,0,1.3,98.69,100.0
2026-05-14,6734,安盛生,6.58,6.68,6.32,6.32,65,0,0,0,0.0,0.0,0.0
2026-05-14,6735,美達科技,149.5,149.5,131.0,137.5,647,2,0,-105,1.19,98.8,100.0
2026-05-14,6737,秀育,33.2,34.2,33.55,34.15,23,0,0,0,0.0,0.0,0.0
2026-05-14,6738,鼎恒,68.15,69.2,66.1,69.0,39,-6,0,0,0.0,0.0,0.0
2026-05-14,6739,竹陞科技,1290.0,1355.0,1255.0,1330.0,620,0,-85,2,4.93,95.06,100.0
2026-05-14,6741,91APP*-KY,66.3,66.6,65.2,65.9,274,-93,0,0,43.52,56.47,100.0
2026-05-14,6742,澤米,39.05,42.45,37.8,42.45,1081,75,0,-7,2.06,97.93,100.0
2026-05-14,6743,安普新,29.45,29.75,29.35,29.65,350,-55,0,2,3.67,96.32,100.0
2026-05-14,6744,豐技生技,15.66,15.75,15.05,15.05,1,0,0,0,0.0,0.0,0.0
2026-05-14,6748,亞果生醫,70.71,72.3,69.5,70.2,172,-1,0,0,0.0,0.0,0.0
2026-05-14,6750,泰創工程,68.05,75.0,68.0,72.0,1424,37,0,0,0.0,0.0,0.0
2026-05-14,6751,智聯服務,48.05,48.5,47.7,48.0,25,0,0,0,0.72,99.27,100.0
2026-05-14,6752,叡揚,101.5,101.5,99.5,100.0,91,-25,0,0,2.68,97.31,100.0
2026-05-14,6753,龍德造船,130.0,131.0,128.0,128.0,999,-348,0,-42,4.63,4.86,9.5
2026-05-14,6754,匯僑設計,44.55,45.0,44.45,44.45,28,-17,0,-1,15.5,84.49,100.0
2026-05-14,6755,連鋐科技,21.2,21.6,19.9,20.55,103,-3,0,0,0.0,0.0,0.0
2026-05-14,6756,威鋒電子,103.5,106.0,100.0,102.0,582,-3,0,-1,2.87,97.12,100.0
2026-05-14,6757,台灣虎航-創,52.6,53.6,52.6,53.0,794,-63,0,13,1.59,48.39,49.99
2026-05-14,6757,台灣虎航,52.6,53.6,52.6,53.0,794,-63,0,13,1.59,48.39,49.99
2026-05-14,6758,冠亞,34.5,35.15,34.3,34.5,5,0,0,0,0.0,0.0,0.0
2026-05-14,6761,穩得,194.5,196.0,190.0,190.0,568,-97,0,-5,2.33,97.66,100.0
2026-05-14,6762,達亞,161.0,172.0,161.0,168.0,12,8,0,0,5.81,94.18,100.0
2026-05-14,6763,綠界科技,46.3,46.5,45.7,45.7,387,-78,0,-1,3.42,96.57,100.0
2026-05-14,6763,綠界科技*,46.3,46.5,45.7,45.7,387,-78,0,-1,3.42,96.57,100.0
2026-05-14,6767,台微醫,26.8,27.0,26.3,27.0,25,0,0,0,0.23,99.76,100.0
2026-05-14,6768,志強-KY,87.7,87.9,84.2,84.2,898,-77,-9,-9,58.22,41.77,100.0
2026-05-14,6770,力積電,61.8,63.4,60.8,62.2,196451,16960,1906,1302,10.65,89.34,100.0
2026-05-14,6771,平和環保-創,42.85,42.85,42.0,42.0,109,-32,0,0,0.53,99.46,100.0
2026-05-14,6775,穎台科技,67.96,72.0,59.0,60.1,6711,-70,0,0,0.0,0.0,0.0
2026-05-14,6776,展碁國際,57.5,58.2,57.3,57.8,375,114,0,0,1.61,98.38,100.0
2026-05-14,6780,學習王,42.29,0.0,0.0,0.0,0,0,0,0,0.0,0.0,0.0
2026-05-14,6781,AES-KY,1245.0,1260.0,1170.0,1185.0,1867,-203,0,-48,67.73,32.26,100.0
2026-05-14,6782,視陽,189.5,192.5,188.0,190.0,364,-193,119,-4,8.56,91.43,100.0
2026-05-14,6784,天凱科技,25.53,26.1,25.35,26.1,47,0,0,0,0.0,0.0,0.0
2026-05-14,6785,昱展新藥,132.5,136.5,132.5,134.5,57,-8,0,2,8.3,91.69,100.0
2026-05-14,6786,芯測,102.28,103.5,96.7,98.0,886,-31,0,0,0.0,0.0,0.0
2026-05-14,6787,晶瑞光,39.37,39.5,36.6,36.85,1202,-28,0,0,0.0,0.0,0.0
2026-05-14,6788,華景電,458.0,461.5,442.5,443.5,1045,32,0,-11,10.83,89.16,100.0
2026-05-14,6789,采鈺,600.0,600.0,561.0,573.0,6948,-698,1,-13,3.19,96.8,100.0
2026-05-14,6790,永豐實,40.0,40.4,39.85,39.85,268,57,0,0,1.96,98.03,100.0
2026-05-14,6791,虎門科技,118.0,119.5,116.0,116.0,66,-1,0,0,11.63,88.36,100.0
2026-05-14,6792,詠業,58.0,59.9,57.9,59.5,112,33,0,-1,1.43,98.56,100.0
2026-05-14,6793,天力離岸,6.06,6.25,5.7,5.9,354,-8,0,0,0.0,0.0,0.0
2026-05-14,6794,向榮生技-創,83.1,83.1,78.0,79.0,89,-19,0,0,0.4,99.59,100.0
2026-05-14,6794,向榮生技,83.1,83.1,78.0,79.0,89,-19,0,0,0.4,99.59,100.0
2026-05-14,6796,晉弘,66.5,66.5,64.5,64.6,111,-32,0,-1,14.98,85.01,100.0
2026-05-14,6797,圓點奈米,15.29,15.3,13.95,14.6,60,-4,0,0,0.0,0.0,0.0
2026-05-14,6798,展逸,50.0,50.4,50.0,50.0,8,0,0,0,0.0,0.0,0.0
2026-05-14,6799,來頡,95.1,96.5,93.1,94.4,563,94,0,0,9.47,90.52,100.0
2026-05-14,6803,崑鼎,286.0,287.5,286.0,286.5,49,3,0,0,3.32,96.67,100.0
2026-05-14,6804,明係,15.15,15.25,14.95,15.0,37,-4,0,0,4.17,95.82,100.0
2026-05-14,6805,富世達,1875.0,1885.0,1780.0,1780.0,2191,553,-750,-5,17.07,82.92,100.0
2026-05-14,6806,森崴能源,17.3,17.3,17.3,17.3,5129,4983,0,0,3.71,96.28,100.0
2026-05-14,6807,峰源-KY,34.45,34.5,33.15,33.9,21,2,0,0,43.54,56.45,100.0
2026-05-14,6808,三鼎生技,30.6,32.4,30.9,31.2,128,-9,0,0,0.0,0.0,0.0
2026-05-14,6810,新穎生醫,27.81,28.5,26.95,27.85,148,2,0,0,0.0,0.0,0.0
2026-05-14,6811,宏碁資訊,209.0,209.0,207.0,207.5,84,34,0,0,1.58,98.41,100.0
2026-05-14,6812,梭特,69.35,70.5,67.2,70.3,89,0,0,0,0.0,0.0,0.0
2026-05-14,6814,路迦生醫,25.08,26.2,25.0,26.2,84,0,0,0,0.0,0.0,0.0
2026-05-14,6815,晶鑽生醫,26.98,29.45,25.45,28.45,184,3,0,0,0.0,0.0,0.0
2026-05-14,6816,捷智商訊,38.28,0.0,0.0,0.0,0,0,0,0,0.0,0.0,0.0
2026-05-14,6817,溫士頓,67.77,68.3,65.1,68.3,48,5,0,0,0.0,0.0,0.0
2026-05-14,6818,連騰,61.85,62.4,58.2,59.6,252,0,0,0,0.0,0.0,0.0
2026-05-14,6819,眾智,57.37,73.0,59.5,70.4,2091,22,0,0,0.0,0.0,0.0
2026-05-14,6820,連訊,290.6,307.5,271.5,276.0,102,1,0,0,0.0,0.0,0.0
2026-05-14,6821,聯寶,50.4,50.7,49.0,49.95,498,28,0,0,0.55,99.44,100.0
2026-05-14,6823,濾能,85.3,85.4,80.2,80.6,609,66,0,0,25.77,74.22,100.0
2026-05-14,6825,和暢科技,44.5,45.75,43.3,44.1,70,1,0,0,0.0,0.0,0.0
2026-05-14,6826,和淞,556.76,562.0,548.0,554.0,190,-5,0,0,0.0,0.0,0.0
2026-05-14,6827,巨生醫,11.9,12.0,11.65,11.95,52,0,0,0,0.0,0.0,0.0
2026-05-14,6829,千附精密,214.0,215.0,194.5,202.5,2981,398,0,-74,2.4,97.59,100.0
2026-05-14,6830,汎銓,760.0,766.0,705.0,727.0,2992,291,42,-45,6.41,93.58,100.0
2026-05-14,6831,邁科,733.0,755.0,709.0,722.0,3907,584,241,-153,14.15,85.84,100.0
2026-05-14,6832,金鼎科,95.79,100.0,96.0,99.4,68,0,0,0,0.0,0.0,0.0
2026-05-14,6833,太康精密,26.22,27.0,25.8,26.8,24,0,0,0,0.0,0.0,0.0
2026-05-14,6834,天二科技,44.45,48.25,44.45,48.25,5442,-63,0,-8,12.56,87.43,100.0
2026-05-14,6835,圓裕,39.0,39.0,37.4,38.0,712,-149,0,0,6.27,93.72,100.0
2026-05-14,6838,台新藥,26.3,26.3,25.7,25.85,206,6,0,-1,1.33,98.66,100.0
2026-05-14,6839,開陽能源,11.97,12.2,11.7,11.85,51,0,0,0,0.0,0.0,0.0
2026-05-14,6840,東研信超,62.2,62.6,61.2,61.3,154,27,0,0,3.07,96.92,100.0
2026-05-14,6841,長佳智能,59.9,60.9,58.9,59.6,178,25,0,0,2.67,97.32,100.0
2026-05-14,6842,瑞宇,115.32,116.5,106.5,111.0,453,-35,0,0,0.0,0.0,0.0
2026-05-14,6843,進典,46.5,46.5,45.0,45.0,3,0,0,0,0.19,99.8,100.0
2026-05-14,6844,諾貝兒,64.0,64.6,63.5,64.6,40,1,0,0,0.03,99.96,100.0
2026-05-14,6846,綠茵,70.4,70.4,68.9,69.0,5,-2,0,0,0.21,99.78,100.0
2026-05-14,6847,普瑞博,64.33,64.8,61.8,61.8,7,-1,0,0,0.0,0.0,0.0
2026-05-14,6848,拉法醫,19.17,19.6,19.1,19.6,8,0,0,0,0.0,0.0,0.0
2026-05-14,6849,奇鼎科技,231.52,242.0,222.5,226.0,418,0,0,0,0.0,0.0,0.0
2026-05-14,6850,光鼎生技,34.9,35.0,34.65,34.65,20,0,0,0,0.0,0.0,0.0
2026-05-14,6854,錼創科技-KY創,145.0,148.0,145.0,147.0,526,-58,0,-2,32.44,67.55,100.0
2026-05-14,6855,數泓科,105.0,105.0,104.0,105.0,9,1,0,0,0.2,99.79,100.0
2026-05-14,6856,鑫傳,47.3,49.3,47.3,49.3,9,0,0,0,0.0,49.98,49.99
2026-05-14,6857,宏碁智醫,95.5,95.8,95.0,95.0,5,0,0,0,0.0,0.0,0.0
2026-05-14,6858,愛比科技,24.08,24.9,23.95,24.9,0,0,0,0,0.0,0.0,0.0
2026-05-14,6859,伯特光,115.5,120.0,115.0,117.0,181,35,0,0,15.41,84.58,100.0
2026-05-14,6861,睿生光電,445.0,450.0,440.0,450.0,346,28,0,8,2.18,97.81,100.0
2026-05-14,6862,三集瑞-KY,163.5,173.0,161.5,162.0,852,-118,0,-4,64.67,35.32,100.0
2026-05-14,6863,永道-KY,116.5,117.5,113.0,113.0,165,-38,0,-1,69.66,30.33,100.0
2026-05-14,6864,元樟生技,55.11,56.2,54.8,55.8,20,0,0,0,0.0,0.0,0.0
2026-05-14,6865,偉康科技,34.0,34.0,31.0,31.5,118,-2,0,0,0.34,99.65,100.0
2026-05-14,6867,坦德科技,22.69,23.45,22.5,23.4,3,0,0,0,0.0,0.0,0.0
2026-05-14,6868,采威國際,29.12,29.25,27.6,28.0,32,0,0,0,0.0,0.0,0.0
2026-05-14,6869,雲豹能源-創,84.3,85.1,81.6,82.4,1286,-567,0,-15,2.17,97.82,100.0
2026-05-14,6869,雲豹能源,84.3,85.1,81.6,82.4,1286,-567,0,-15,2.17,97.82,100.0
2026-05-14,6870,騰雲,190.5,194.0,180.5,191.0,199,33,0,0,1.6,98.39,100.0
2026-05-14,6872,浩宇生醫,18.8,19.0,18.15,18.2,72,-2,0,1,0.34,99.65,100.0
2026-05-14,6873,泓德能源-創,89.8,91.0,87.1,87.1,718,-105,0,-12,7.87,92.12,100.0
2026-05-14,6873,泓德能源,89.8,91.0,87.1,87.1,718,-105,0,-12,7.87,92.12,100.0
2026-05-14,6874,倍力,82.0,82.0,80.0,81.2,56,-9,0,0,0.9,99.09,100.0
2026-05-14,6875,國邑*,40.5,42.15,38.6,39.0,880,-335,0,0,1.88,98.11,100.0
2026-05-14,6876,朗齊生醫*,19.76,20.2,19.4,20.1,239,0,0,0,0.0,0.0,0.0
2026-05-14,6877,鏵友益,164.5,167.0,158.0,158.0,351,-53,0,1,6.95,93.04,100.0
2026-05-14,6878,歐付寶,9.97,10.05,9.67,9.8,16,0,0,0,0.0,0.0,0.0
2026-05-14,6879,大江基因,36.36,36.5,36.35,36.35,13,0,0,0,0.0,0.0,0.0
2026-05-14,6881,潤德,270.0,270.0,270.0,270.0,3,0,0,0,0.11,99.88,100.0
2026-05-14,6882,甲尚,18.85,21.15,18.7,21.15,577,-1,0,0,0.0,0.0,0.0
2026-05-14,6883,微電能源,23.11,24.15,20.15,20.9,203,0,0,0,0.0,0.0,0.0
2026-05-14,6884,海柏特,33.9,33.9,33.2,33.7,23,-1,0,0,5.56,94.43,100.0
2026-05-14,6885,全福生技,22.0,22.0,21.2,21.4,391,19,0,-5,2.99,97.0,100.0
2026-05-14,6886,遠東生技,46.8,47.95,45.6,47.5,10,0,0,0,0.0,0.0,0.0
2026-05-14,6887,寶綠特-KY,36.5,37.1,36.5,36.5,51,-2,0,0,53.27,46.72,100.0
2026-05-14,6890,來億-KY,163.5,167.0,161.0,161.5,342,4,0,-4,87.42,12.57,100.0
2026-05-14,6891,樂迦再生,57.96,59.0,54.9,54.9,940,-2,0,0,0.0,0.0,0.0
2026-05-14,6892,台寶生醫,24.72,25.2,23.6,24.8,282,8,0,0,0.0,0.0,0.0
2026-05-14,6894,衛司特,353.0,361.0,345.0,351.5,147,15,0,0,2.16,97.83,100.0
2026-05-14,6895,宏碩系統,157.0,160.0,155.0,156.0,90,-32,0,-2,4.46,95.53,100.0
2026-05-14,6898,程曦資訊,103.64,104.5,101.5,103.5,31,0,0,0,0.0,0.0,0.0
2026-05-14,6899,創為精密,70.5,70.8,63.0,63.0,1347,-6,0,9,5.16,94.83,100.0
2026-05-14,6901,鑽石投資,15.1,15.1,14.2,14.25,4831,-755,0,-14,0.51,99.48,100.0
2026-05-14,6902,GOGOLOOK-創,98.8,101.0,96.8,101.0,117,13,0,0,3.33,96.65,100.0
2026-05-14,6902,GOGOLOOK,98.8,101.0,96.8,101.0,117,13,0,0,3.33,96.65,100.0
2026-05-14,6903,巨漢,440.5,446.0,405.0,410.0,3096,-885,0,-33,3.69,96.3,100.0
2026-05-14,6904,伯鑫,0.0,0.0,0.0,0.0,0,0,0,0,0.07,99.92,100.0
2026-05-14,6906,現觀科,66.9,66.9,64.7,64.7,91,-49,0,0,8.37,91.62,100.0
2026-05-14,6907,雅特力-KY,126.0,126.0,119.0,122.0,728,-16,0,0,51.98,48.01,100.0
2026-05-14,6908,宏碁遊戲-創,38.7,40.35,38.5,39.0,25,1,0,0,0.55,99.44,100.0
2026-05-14,6909,創控,51.0,55.5,51.0,52.4,1280,111,0,-1,7.97,92.02,100.0
2026-05-14,6910,德鴻,27.35,27.35,27.05,27.15,88,-1,0,0,4.8,95.19,100.0
2026-05-14,6911,群運,31.83,32.45,31.8,31.85,56,0,0,0,0.0,0.0,0.0
2026-05-14,6912,益鈞環科*,16.14,17.0,15.85,16.45,117,0,0,0,0.0,0.0,0.0
2026-05-14,6913,鴻呈,135.5,135.5,131.0,131.0,284,-48,0,-1,1.44,98.55,100.0
2026-05-14,6914,阜爾運通,144.0,146.0,144.0,144.5,74,2,0,0,2.27,97.72,100.0
2026-05-14,6915,美強光,69.61,69.1,62.7,66.0,153,-2,0,0,0.0,0.0,0.0
2026-05-14,6916,華凌,18.25,18.3,18.1,18.1,26,-7,0,0,0.55,99.44,100.0
2026-05-14,6917,竟天,36.23,36.5,35.65,35.8,323,0,0,0,0.0,0.0,0.0
2026-05-14,6918,愛派司,78.1,78.1,76.0,76.0,44,-19,0,0,0.93,99.06,100.0
2026-05-14,6919,康霈*,99.6,101.5,97.4,97.4,3845,-418,-15,8,12.7,87.29,100.0
2026-05-14,6920,恆勁科技,111.37,112.5,100.0,102.5,3729,105,0,0,0.0,0.0,0.0
2026-05-14,6921,嘉雨思-創,80.0,80.0,77.2,79.2,66,-7,0,1,29.88,70.11,100.0
2026-05-14,6922,宸曜,185.0,186.5,181.5,184.0,118,18,0,24,1.2,98.79,100.0
2026-05-14,6923,中台,81.6,82.9,79.2,79.7,255,-49,0,0,1.34,98.65,100.0
2026-05-14,6924,榮惠-KY創,125.5,125.5,114.0,120.0,287,-8,0,14,77.51,22.48,100.0
2026-05-14,6925,意藍,62.5,62.5,61.6,61.9,29,-1,0,0,4.11,95.88,100.0
2026-05-14,6926,聖安生醫,64.3,65.0,62.5,64.9,26,-1,0,0,0.0,0.0,0.0
2026-05-14,6927,聯合聚晶,50.26,67.5,50.8,67.5,519,6,0,0,0.0,0.0,0.0
2026-05-14,6928,攸泰科技,47.5,47.5,46.3,46.3,138,-48,0,-1,0.54,99.45,100.0
2026-05-14,6929,佑全,24.0,24.0,23.65,23.65,9,-2,0,0,0.01,99.98,100.0
2026-05-14,6931,青松健康,42.0,42.4,41.35,41.5,144,-10,0,-2,0.48,99.51,100.0
2026-05-14,6932,水星生醫*,7.49,7.6,7.1,7.19,353,0,0,0,0.0,0.0,0.0
2026-05-14,6933,AMAX-KY,183.5,183.5,167.0,168.5,756,-13,0,-5,28.1,71.89,100.0
2026-05-14,6934,心誠鎂,77.3,77.3,74.6,74.7,59,1,0,0,12.5,87.49,100.0
2026-05-14,6935,王子製藥,30.3,30.35,29.0,30.35,2,0,0,0,0.0,0.0,0.0
2026-05-14,6936,永鴻生技,33.8,33.8,33.5,33.5,78,-17,0,0,0.54,99.45,100.0
2026-05-14,6937,天虹,306.0,311.5,292.0,300.0,733,-100,0,-12,2.23,97.76,100.0
2026-05-14,6938,藍新資訊,98.14,102.0,98.0,100.5,24,0,0,0,0.0,0.0,0.0
2026-05-14,6939,啟弘生技,23.04,0.0,0.0,0.0,0,0,0,0,0.0,0.0,0.0
2026-05-14,6940,格斯科技*,21.19,21.4,20.9,21.2,663,-6,0,0,0.0,0.0,0.0
2026-05-14,6944,兆聯實業,928.0,934.0,898.0,913.0,986,-194,0,-20,12.98,87.01,100.0
2026-05-14,6945,圓祥生技,183.19,187.0,173.5,177.5,457,0,0,0,0.0,0.0,0.0
2026-05-14,6946,三地能源,12.45,12.35,11.6,12.15,232,0,0,0,0.0,0.0,0.0
2026-05-14,6947,台鎔科技,78.7,79.1,77.9,78.6,100,-2,0,0,0.0,0.0,0.0
2026-05-14,6949,沛爾生醫-創,692.0,745.0,677.0,716.0,321,-11,0,-7,2.25,97.74,100.0
2026-05-14,6951,青新-創,79.7,80.7,79.6,80.1,65,8,0,-6,2.02,97.97,100.0
2026-05-14,6952,大武山,37.1,37.75,36.8,36.8,17,-4,0,-1,0.36,99.63,100.0
2026-05-14,6953,家碩,260.5,266.0,259.0,260.5,179,13,0,-2,1.62,98.37,100.0
2026-05-14,6955,邦睿生技-創,156.5,156.5,154.0,154.5,17,-2,0,1,17.73,82.26,100.0
2026-05-14,6957,裕慶-KY,156.5,159.0,153.5,159.0,206,-82,0,0,6.26,93.73,100.0
2026-05-14,6958,日盛台駿,18.0,18.6,16.85,16.85,205,-45,0,-3,0.43,99.56,100.0
2026-05-14,6959,兆捷科技,106.07,126.5,99.0,115.5,639,0,0,0,0.0,0.0,0.0
2026-05-14,6961,旅天下,59.1,59.3,58.7,59.0,21,4,0,0,0.49,99.5,100.0
2026-05-14,6962,奕力-KY,38.5,38.65,37.25,37.25,5239,-254,-5,-29,42.27,57.72,100.0
2026-05-14,6963,品元,25.96,0.0,0.0,0.0,0,0,0,0,0.0,0.0,0.0
2026-05-14,6965,中傑-KY,78.4,79.0,78.1,78.1,109,-51,0,0,77.29,22.7,100.0
2026-05-14,6967,汎瑋材料,74.5,74.6,72.5,73.0,141,-7,0,0,2.58,97.41,100.0
2026-05-14,6968,萬達寵物,43.8,44.0,43.4,43.5,87,1,0,0,1.14,98.85,100.0
2026-05-14,6969,成信實業*-創,28.25,28.5,28.1,28.2,58,-2,0,1,0.51,99.48,100.0
2026-05-14,6971,惠民實業,27.3,27.3,26.45,26.5,172,-8,0,0,0.26,99.73,100.0
2026-05-14,6972,博瑞達應材,23.47,24.5,24.45,24.5,3,0,0,0,0.0,0.0,0.0
2026-05-14,6973,永立榮,33.89,34.45,33.5,33.9,16,0,0,0,0.0,0.0,0.0
2026-05-14,6976,育世博-KY,12.83,13.0,12.7,12.85,468,-9,0,0,0.0,0.0,0.0
2026-05-14,6977,聯純,336.14,346.0,322.0,322.5,155,0,0,0,0.0,0.0,0.0
2026-05-14,6979,勝釩,231.3,245.5,225.0,244.0,23,0,0,0,0.0,0.0,0.0
2026-05-14,6980,鐳洋科技,167.9,169.5,159.5,159.5,213,0,0,0,0.0,0.0,0.0
2026-05-14,6982,大井泵浦,52.5,55.6,52.0,52.4,154,1,0,0,1.43,98.56,100.0
2026-05-14,6983,華洋精機,395.28,408.0,376.0,390.0,150,-1,0,0,0.0,0.0,0.0
2026-05-14,6984,ACpay,18.48,18.65,17.75,18.65,3,0,0,0,0.0,0.0,0.0
2026-05-14,6986,和迅,60.31,60.8,60.1,60.7,56,1,0,0,0.0,0.0,0.0
2026-05-14,6987,寶晶能源*,19.99,20.4,19.7,19.95,111,0,0,0,0.0,0.0,0.0
2026-05-14,6988,威力暘-創,15.0,16.1,15.0,15.55,89,-11,0,1,3.83,96.16,100.0
2026-05-14,6990,華鉬,79.56,93.6,80.0,93.3,540,29,0,0,0.0,0.0,0.0
2026-05-14,6994,富威電力,57.9,57.9,57.9,57.9,658,-26,0,0,1.47,98.52,100.0
2026-05-14,6995,野獸國,47.76,48.0,47.2,47.5,10,0,0,0,0.0,0.0,0.0
2026-05-14,6996,力領科技,183.0,193.0,183.0,189.5,308,130,0,-10,3.54,96.45,100.0
2026-05-14,6997,博弘,74.0,74.5,73.6,74.5,3,1,0,0,20.13,79.86,100.0
2026-05-14,6999,瀚醫生技,30.0,30.4,30.0,30.0,8,0,0,0,0.0,0.0,0.0
2026-05-14,7402,邑錡,109.5,109.5,100.0,101.5,1105,170,-200,-10,10.44,89.55,100.0
2026-05-14,7419,達勝,148.46,156.0,136.5,137.5,884,-3,0,0,0.0,0.0,0.0
2026-05-14,7427,華上生醫,40.87,41.9,40.0,41.9,283,5,0,0,0.0,0.0,0.0
2026-05-14,7443,凡事康,10.07,10.0,9.56,9.89,40,0,0,0,0.0,0.0,0.0
2026-05-14,7455,樺緯物聯,64.8,0.0,0.0,0.0,0,0,0,0,0.0,0.0,0.0
2026-05-14,7507,環拓科技,23.86,24.25,22.65,24.0,37,-1,0,0,0.0,0.0,0.0
2026-05-14,7516,清淨海,8.94,9.1,8.8,8.8,71,0,0,0,0.0,0.0,0.0
2026-05-14,7530,鋒魁科技,44.23,45.05,43.0,43.5,589,5,0,0,0.0,0.0,0.0
2026-05-14,7547,碩網,72.0,72.3,69.2,70.1,166,-4,0,0,24.23,75.76,100.0
2026-05-14,7551,知識科技,13.66,14.15,13.2,14.15,62,0,0,0,0.0,0.0,0.0
2026-05-14,7556,意德士,270.0,278.0,263.5,273.0,137,13,0,0,3.43,96.56,100.0
2026-05-14,7558,群利科技,24.85,24.5,21.85,22.0,124,0,0,0,0.0,0.0,0.0
2026-05-14,7561,光晟生技,19.13,19.15,18.85,19.05,22,0,0,0,0.0,0.0,0.0
2026-05-14,7562,博來科技,53.3,52.8,52.0,52.0,22,0,0,0,0.0,0.0,0.0
2026-05-14,7566,亞果遊艇,12.85,13.25,12.8,13.05,171,0,0,0,0.0,0.0,0.0
2026-05-14,7575,安美得,20.52,20.2,19.95,20.2,19,3,0,0,0.0,0.0,0.0
2026-05-14,7578,利百景,32.77,33.05,32.25,32.7,76,0,0,0,0.0,0.0,0.0
2026-05-14,7583,國際海洋,65.75,66.0,66.0,66.0,1,0,0,0,0.0,0.0,0.0
2026-05-14,7584,樂意,30.1,30.1,27.65,27.9,111,-15,0,0,14.16,85.83,100.0
2026-05-14,7590,怡和國際,24.27,25.25,23.15,24.35,329,2,0,0,0.0,0.0,0.0
2026-05-14,7595,世基生醫,9.91,9.95,9.29,9.75,22,0,0,0,0.0,0.0,0.0
2026-05-14,7607,通用幹細胞*,14.29,14.65,14.65,14.65,0,0,0,0,0.0,0.0,0.0
2026-05-14,7610,聯友金屬-創,870.0,918.0,861.0,870.0,923,-163,0,0,15.5,84.49,100.0
2026-05-14,7631,聚賢研發-創,124.5,126.0,123.0,123.0,60,3,0,1,0.68,99.31,100.0
2026-05-14,7642,昶瑞機電,68.5,69.7,68.5,69.7,7,2,0,0,0.38,99.61,100.0
2026-05-14,7669,碩正科技,783.4,899.0,787.0,830.0,334,0,0,0,0.0,0.0,0.0
2026-05-14,7689,大鵬科CLMX,251.36,255.5,247.0,255.0,85,0,0,0,0.0,0.0,0.0
2026-05-14,7702,前端風電,22.37,23.1,20.75,21.75,41,-2,0,0,0.0,0.0,0.0
2026-05-14,7703,銳澤,213.5,218.0,208.5,215.0,157,24,0,0,1.75,98.24,100.0
2026-05-14,7704,明遠精密,62.9,68.8,62.9,68.8,718,55,0,0,1.01,98.98,100.0
2026-05-14,7705,三商餐飲,31.2,31.3,30.8,31.0,65,-23,0,0,1.43,98.56,100.0
2026-05-14,7706,宏碁創達,39.17,40.0,38.05,40.0,0,0,0,0,0.0,0.0,0.0
2026-05-14,7707,益芯科,163.89,168.0,159.0,161.0,223,-1,0,0,0.0,0.0,0.0
2026-05-14,7708,全家餐飲,91.5,94.9,91.5,94.4,27,5,0,0,0.13,99.86,100.0
2026-05-14,7709,榮田,81.3,81.3,76.5,77.4,313,-38,0,0,1.49,98.5,100.0
2026-05-14,7710,東擎科技,267.71,269.0,263.0,269.0,0,0,0,0,0.0,0.0,0.0
2026-05-14,7711,永擎,427.5,429.5,400.0,400.0,2174,-463,0,-33,0.72,99.27,100.0
2026-05-14,7712,博盛半導體,157.0,168.0,150.0,168.0,2293,-299,0,6,2.56,97.43,100.0
2026-05-14,7713,威力德生醫,68.0,68.3,67.9,68.0,29,8,0,0,0.1,99.89,100.0
2026-05-14,7714,創泓科技,129.0,129.0,125.5,126.0,79,-17,0,0,0.83,99.16,100.0
2026-05-14,7715,裕山,29.95,29.95,29.15,29.25,66,-9,0,0,0.93,99.06,100.0
2026-05-14,7716,昱臺國際,24.6,24.7,24.6,24.7,5,0,0,0,0.02,99.97,100.0
2026-05-14,7717,萊德光電-KY,658.0,659.0,633.0,635.0,316,-45,0,-1,16.28,83.71,100.0
2026-05-14,7718,友鋮,48.65,48.95,48.6,48.6,17,-3,0,0,0.76,99.23,100.0
2026-05-14,7719,碳基,41.18,43.1,39.0,40.75,330,-23,0,0,0.0,0.0,0.0
2026-05-14,7721,微程式,79.1,79.7,76.6,77.2,348,-51,0,-2,1.26,98.73,100.0
2026-05-14,7722,LINEPAY,279.0,279.0,263.0,263.0,258,-123,0,-1,59.39,40.6,100.0
2026-05-14,7723,築間,26.8,27.05,26.1,26.45,178,-3,0,0,0.19,99.8,100.0
2026-05-14,7724,諾亞克,24.05,24.1,23.6,24.0,11,0,0,0,0.0,0.0,0.0
2026-05-14,7725,列特博,21.85,0.0,0.0,0.0,0,0,0,0,0.0,0.0,0.0
2026-05-14,7726,暄達,32.46,33.9,32.95,33.85,9,0,0,0,0.0,0.0,0.0
2026-05-14,7728,光焱科技,753.0,769.0,743.0,746.0,81,-6,0,0,2.15,97.84,100.0
2026-05-14,7729,仲恩生醫,70.83,74.2,68.9,74.1,330,0,0,0,0.0,0.0,0.0
2026-05-14,7730,暉盛-創,171.0,173.0,169.0,171.0,27,-3,0,0,2.18,97.81,100.0
2026-05-14,7731,火星生技*,5.93,6.14,5.86,5.9,1709,0,0,0,0.0,0.0,0.0
2026-05-14,7732,金興精密,35.8,35.8,35.05,35.35,18,-7,0,0,0.42,99.57,100.0
2026-05-14,7734,印能科技,4500.0,4635.0,3940.0,3940.0,1283,-83,125,-40,3.62,96.37,100.0
2026-05-14,7736,虎山,73.2,74.9,71.5,71.5,55,-10,0,0,1.1,98.89,100.0
2026-05-14,7737,凱鈿,43.42,45.15,43.0,44.5,90,-3,0,0,0.0,0.0,0.0
2026-05-14,7738,東聯互動,177.0,177.5,172.0,173.5,71,-8,0,0,0.3,99.69,100.0
2026-05-14,7740,熙特爾-創,176.0,176.0,166.5,168.5,164,-75,0,0,4.7,95.29,100.0
2026-05-14,7742,天弘化,181.45,189.5,169.0,171.5,845,0,0,0,0.0,0.0,0.0
2026-05-14,7743,金利食安,0.0,0.0,0.0,0.0,0,0,0,0,2.88,97.11,100.0
2026-05-14,7744,崴寶,591.0,618.0,582.0,608.0,231,-14,0,3,28.03,71.96,100.0
2026-05-14,7745,紅陽,18.07,18.45,17.9,18.0,19,0,0,0,0.0,0.0,0.0
2026-05-14,7747,昕奇雲端,126.5,129.0,125.5,129.0,9,0,0,0,0.73,99.26,100.0
2026-05-14,7748,鑫囍創業,20.15,20.1,19.1,20.0,12,0,0,0,0.0,0.0,0.0
2026-05-14,7749,意騰-KY,495.0,505.0,483.0,500.0,690,-29,127,0,22.82,77.17,100.0
2026-05-14,7750,新代,2850.0,2920.0,2705.0,2745.0,685,-76,3,1,15.55,84.44,100.0
2026-05-14,7751,竑騰,1725.0,1725.0,1550.0,1550.0,317,31,0,3,4.28,95.71,100.0
2026-05-14,7752,世紀樺欣,34.94,34.9,31.4,32.25,255,0,0,0,0.0,0.0,0.0
2026-05-14,7753,星亞,42.2,42.25,41.95,41.95,30,2,0,0,0.19,99.8,100.0
2026-05-14,7754,安基生技,60.42,60.4,59.8,60.3,169,-5,0,0,0.0,0.0,0.0
2026-05-14,7756,多那之,41.87,44.05,41.9,44.05,6,0,0,0,0.0,0.0,0.0
2026-05-14,7757,金色三麥,104.5,105.0,104.0,104.0,20,0,0,0,19.48,80.51,100.0
2026-05-14,7758,睿騰能源,46.76,49.45,46.5,48.45,42,0,0,0,0.0,0.0,0.0
2026-05-14,7759,視航生醫,37.09,38.25,36.6,37.5,20,0,0,0,0.0,0.0,0.0
2026-05-14,7760,享溫馨,34.0,34.2,33.85,34.2,56,2,0,0,0.14,99.85,100.0
2026-05-14,7761,三大未來,39.08,40.0,38.0,39.3,184,0,0,0,0.0,0.0,0.0
2026-05-14,7762,吉晟生,47.89,54.0,48.3,53.2,193,0,0,0,0.0,0.0,0.0
2026-05-14,7763,崇舜,268.91,270.5,254.0,258.0,289,0,0,0,0.0,0.0,0.0
2026-05-14,7764,聖州,13.58,13.85,13.45,13.8,3,0,0,0,0.0,0.0,0.0
2026-05-14,7765,中華資安,245.5,247.0,240.5,245.0,98,-4,0,0,0.58,99.41,100.0
2026-05-14,7767,仁大資訊,44.3,44.3,43.9,43.9,38,0,0,0,0.11,99.88,100.0
2026-05-14,7768,頌勝科技,347.0,374.5,337.5,374.5,633,131,0,-15,0.93,99.06,100.0
2026-05-14,7769,鴻勁,7440.0,7995.0,7440.0,7560.0,675,14,-18,6,20.12,79.87,100.0
2026-05-14,7770,君曜,45.7,46.0,45.1,45.4,21,1,0,-1,0.22,99.77,100.0
2026-05-14,7771,綠基,59.8,61.6,57.5,60.5,18,0,0,0,0.0,0.0,0.0
2026-05-14,7772,耀穎,166.5,181.0,166.5,170.0,462,-23,0,-35,0.54,99.45,100.0
2026-05-14,7773,富禾生醫,28.13,28.35,27.1,28.1,44,0,0,0,0.0,0.0,0.0
2026-05-14,7776,奧孟亞,26.76,27.05,25.9,27.05,19,0,0,0,0.0,0.0,0.0
2026-05-14,7777,能率亞洲,33.4,34.15,32.9,34.15,6534,108,0,42,0.61,99.38,100.0
2026-05-14,7779,鍇睿國際,15.12,15.0,14.8,15.0,7,0,0,0,0.0,0.0,0.0
2026-05-14,7780,大研生醫*,18.35,18.4,18.0,18.0,1716,-435,0,-4,0.57,99.42,100.0
2026-05-14,7781,昕力資*,30.1,31.1,29.95,30.2,2191,0,0,0,0.0,0.0,0.0
2026-05-14,7782,光速火箭,26.55,26.6,26.55,26.55,14,1,0,0,0.34,99.65,100.0
2026-05-14,7783,佳運,105.66,107.5,98.9,102.5,38,0,0,0,0.0,0.0,0.0
2026-05-14,7784,安邦生技*,9.52,11.25,9.97,10.45,751,0,0,0,0.0,0.0,0.0
2026-05-14,7785,北祥科服,37.2,36.2,36.1,36.2,3,0,0,0,0.0,0.0,0.0
2026-05-14,7786,東方風能,132.0,134.5,125.0,131.0,903,-158,0,2,1.45,98.54,100.0
2026-05-14,7788,松川精密,191.0,206.0,189.0,206.0,2814,604,0,15,6.58,93.41,100.0
2026-05-14,7789,開展,34.08,35.2,33.5,35.2,0,0,0,0,0.0,0.0,0.0
2026-05-14,7790,思必瑞特,52.47,66.3,54.0,64.2,68,0,0,0,0.0,0.0,0.0
2026-05-14,7791,皇家可口,63.8,64.0,63.7,63.8,41,-11,0,0,0.62,99.37,100.0
2026-05-14,7792,安葆,301.0,308.0,291.5,300.0,463,-1,0,-16,18.68,81.31,100.0
2026-05-14,7794,宏碁智新,30.1,30.3,30.05,30.05,42,0,0,0,1.35,98.64,100.0
2026-05-14,7795,長廣,396.0,396.5,363.0,365.0,853,-384,0,0,6.92,93.07,100.0
2026-05-14,7796,擷發科,106.83,110.5,106.5,108.5,114,-4,0,0,0.0,0.0,0.0
2026-05-14,7797,Q Burger,58.98,59.0,56.2,59.0,1,0,0,0,0.0,0.0,0.0
2026-05-14,7798,將捷,14.54,14.8,14.5,14.75,3,0,0,0,0.0,0.0,0.0
2026-05-14,7799,禾榮科,329.0,332.5,318.5,322.0,271,-72,0,-1,3.96,96.03,100.0
2026-05-14,7801,華芸科技,144.77,147.0,142.5,145.0,35,0,0,0,0.0,0.0,0.0
2026-05-14,7803,雲象科技-創,29.48,29.85,29.2,29.45,128,0,0,0,0.0,0.0,0.0
2026-05-14,7805,威聯通,725.0,736.0,716.0,719.0,112,30,0,4,9.39,90.6,100.0
2026-05-14,7806,精華生醫,69.11,70.0,70.0,70.0,0,0,0,0,0.0,0.0,0.0
2026-05-14,7808,訊聯智藥,39.97,40.8,38.7,40.45,67,0,0,0,0.0,0.0,0.0
2026-05-14,7810,捷創科技,240.0,248.0,234.5,234.5,291,-17,0,1,0.49,99.5,100.0
2026-05-14,7811,民盛,79.3,83.4,78.5,81.4,66,-13,0,-18,0.37,99.62,100.0
2026-05-14,7812,稜研科技*,79.85,80.3,75.1,80.2,221,0,0,0,0.0,0.0,0.0
2026-05-14,7813,宇辰系統,143.2,144.5,140.0,142.5,47,0,0,0,0.0,0.0,0.0
2026-05-14,7814,海昌生技,43.4,43.8,42.7,42.85,55,0,0,0,0.0,0.0,0.0
2026-05-14,7815,新特,482.94,488.0,460.0,474.5,202,0,0,0,0.0,0.0,0.0
2026-05-14,7816,來穎,67.05,67.7,66.0,66.6,60,0,0,0,0.0,0.0,0.0
2026-05-14,7818,溢泰實業,93.85,99.3,96.0,98.3,104,0,0,0,0.0,0.0,0.0
2026-05-14,7819,精誠金融,62.93,64.4,59.9,62.0,289,-86,0,0,0.0,0.0,0.0
2026-05-14,7820,立盈,142.0,143.0,138.0,139.5,151,5,0,0,0.05,99.94,100.0
2026-05-14,7821,神數,44.35,44.4,43.35,43.6,299,25,0,-1,0.32,99.67,100.0
2026-05-14,7822,倍利科,1200.0,1210.0,1130.0,1140.0,618,112,0,-5,0.79,99.2,100.0
2026-05-14,7823,奧義賽博-KY創,90.2,99.1,90.0,98.5,219,54,0,-19,25.88,74.11,100.0
2026-05-14,7824,智寶,44.67,45.0,44.55,45.0,17,0,0,0,0.0,0.0,0.0
2026-05-14,7825,和亞智慧,98.01,100.0,97.0,99.9,253,0,0,0,0.0,0.0,0.0
2026-05-14,7826,極風雲創,45.64,45.85,45.85,45.85,3,0,0,0,0.0,0.0,0.0
2026-05-14,7827,漢康-KY創,136.75,136.5,134.0,135.0,363,4,0,0,0.0,0.0,0.0
2026-05-14,7828,創新服務,1310.0,1320.0,1255.0,1275.0,355,-3,0,0,21.66,78.33,100.0
2026-05-14,7829,思捷優達-KY,39.26,40.6,38.95,39.6,95,0,0,0,0.0,0.0,0.0
2026-05-14,7831,捷博,37.1,0.0,0.0,0.0,0,0,0,0,0.0,0.0,0.0
2026-05-14,7832,智新生技*,12.53,12.6,12.4,12.5,245,0,0,0,0.0,0.0,0.0
2026-05-14,7833,綠岩能源,29.18,30.05,28.45,30.0,108,20,0,0,0.0,0.0,0.0
2026-05-14,7834,來毅數位,20.0,20.5,20.5,20.5,0,0,0,0,0.0,0.0,0.0
2026-05-14,7836,智生活,51.68,52.2,51.6,51.9,28,0,0,0,0.0,0.0,0.0
2026-05-14,7837,啟新生,105.0,0.0,0.0,0.0,0,0,0,0,0.0,0.0,0.0
2026-05-14,7839,達人網,62.6,62.6,60.0,60.0,8,0,0,0,0.0,0.0,0.0
2026-05-14,7840,祥圃,36.43,37.85,37.85,37.85,1,0,0,0,0.0,0.0,0.0
2026-05-14,7841,經貿聯網,29.43,29.5,29.2,29.5,3,0,0,0,0.0,0.0,0.0
2026-05-14,7842,天能綠電,116.0,116.0,110.0,110.5,138,2,0,0,0.04,99.95,100.0
2026-05-14,7843,英柏得,128.29,143.0,130.5,141.5,648,0,0,0,0.0,0.0,0.0
2026-05-14,7846,德揚,87.92,88.8,85.7,88.0,22,0,0,0,0.0,0.0,0.0
2026-05-14,7847,豊漁,22.76,23.5,22.6,22.8,21,0,0,0,0.0,0.0,0.0
2026-05-14,7848,騏億鑫,487.25,490.5,475.0,475.0,33,0,0,0,0.0,0.0,0.0
2026-05-14,7849,旭誼,143.0,0.0,0.0,0.0,0,0,0,0,0.0,0.0,0.0
2026-05-14,7850,寶泰生醫,18.97,19.1,18.85,19.05,43,0,0,0,0.0,0.0,0.0
2026-05-14,7851,慧康生技*-KY,43.51,45.3,42.5,43.5,182,0,0,0,0.0,0.0,0.0
2026-05-14,7853,政美應用,379.65,391.0,357.0,359.5,1282,-24,0,0,0.0,0.0,0.0
2026-05-14,7854,佐茂,101.12,101.5,96.0,101.5,74,1,0,0,0.0,0.0,0.0
2026-05-14,7855,和運租車,102.5,104.5,100.5,104.5,3,0,0,0,0.0,0.0,0.0
2026-05-14,7856,漢測,3287.4,3450.0,3265.0,3345.0,171,28,0,0,0.0,0.0,0.0
2026-05-14,7857,合水先進,50.75,52.7,50.3,52.6,20,0,0,0,0.0,0.0,0.0
2026-05-14,7858,芝普,229.72,240.5,222.0,233.5,168,1,0,0,0.0,0.0,0.0
2026-05-14,7860,得生製藥,56.13,58.7,56.0,58.7,3,0,0,0,0.0,0.0,0.0
2026-05-14,7861,貝爾威勒,1071.29,1235.0,1095.0,1195.0,616,78,0,0,0.0,0.0,0.0
2026-05-14,7862,聚泰,38.6,38.05,37.9,38.05,27,0,0,0,0.0,0.0,0.0
2026-05-14,7863,中科物流,49.65,0.0,0.0,0.0,0,0,0,0,0.0,0.0,0.0
2026-05-14,7865,金聯成,45.0,44.9,41.8,43.0,50,0,0,0,0.0,0.0,0.0
2026-05-14,7866,丹立,272.18,286.0,270.0,278.0,446,4,0,0,0.0,0.0,0.0
2026-05-14,7867,特力屋,55.66,56.6,55.1,56.3,12,0,0,0,0.0,0.0,0.0
2026-05-14,7868,聖育,89.12,94.6,86.0,89.1,156,0,0,0,0.0,0.0,0.0
2026-05-14,7869,宏于電機,391.31,405.0,380.0,391.5,8,0,0,0,0.0,0.0,0.0
2026-05-14,7870,聯剛科技,161.13,165.0,150.0,157.5,24,0,0,0,0.0,0.0,0.0
2026-05-14,7871,安立璽榮-KY,69.84,70.8,68.3,69.5,577,0,0,0,0.0,0.0,0.0
2026-05-14,7872,登豐,66.77,67.6,64.1,64.4,84,0,0,0,0.0,0.0,0.0
2026-05-14,7875,安圖斯,130.37,140.0,131.5,131.5,26,0,0,0,0.0,0.0,0.0
2026-05-14,7876,鼎晉生技,36.07,36.15,35.5,36.15,112,0,0,0,0.0,0.0,0.0
2026-05-14,7877,海利普,40.12,41.0,39.5,40.15,56,0,0,0,0.0,0.0,0.0
2026-05-14,7878,藥祇,288.35,289.5,285.0,287.5,127,0,0,0,0.0,0.0,0.0
2026-05-14,7879,益材科技,109.55,126.0,111.0,124.5,551,0,0,0,0.0,0.0,0.0
2026-05-14,7880,聖凰,208.91,211.0,206.5,207.5,138,0,0,0,0.0,0.0,0.0
2026-05-14,7881,科明,102.9,104.5,101.0,102.0,2,0,0,0,0.0,0.0,0.0
2026-05-14,7882,倍利創投,22.74,23.1,22.6,23.05,156,0,0,0,0.0,0.0,0.0
2026-05-14,7883,饗賓,281.49,292.0,278.5,292.0,129,0,0,0,0.0,0.0,0.0
2026-05-14,7885,宏羚,24.15,25.2,24.05,24.6,18,0,0,0,0.0,0.0,0.0
2026-05-14,7886,科建,200.93,228.0,204.0,210.5,273,0,0,0,0.0,0.0,0.0
2026-05-14,7887,宇川精材,269.42,272.0,262.5,264.0,556,0,0,0,0.0,0.0,0.0
2026-05-14,7888,麗寶新藥,39.28,39.35,38.65,38.65,9,0,0,0,0.0,0.0,0.0
2026-05-14,7889,騰勢,87.95,88.0,87.3,88.0,3,0,0,0,0.0,0.0,0.0
2026-05-14,7890,明曜科技,118.46,120.0,115.0,120.0,6,0,0,0,0.0,0.0,0.0
2026-05-14,7891,博研醫藥,21.4,21.45,21.3,21.3,5,0,0,0,0.0,0.0,0.0
2026-05-14,7892,元鈦科,982.61,1010.0,962.0,972.0,96,0,0,0,0.0,0.0,0.0
2026-05-14,7893,睿信,213.01,221.0,209.5,212.5,84,0,0,0,0.0,0.0,0.0
2026-05-14,7895,元進莊,70.14,70.3,70.0,70.0,22,0,0,0,0.0,0.0,0.0
2026-05-14,7896,喬越,291.64,290.0,250.5,277.5,65,0,0,0,0.0,0.0,0.0
2026-05-14,7897,禾迅綠電,42.5,42.5,40.5,40.5,2,0,0,0,0.0,0.0,0.0
2026-05-14,7899,景美,578.28,582.0,518.0,521.0,692,0,0,0,0.0,0.0,0.0
2026-05-14,7901,大大寬頻,74.14,76.0,74.5,76.0,5,0,0,0,0.0,0.0,0.0
2026-05-14,7902,宇越生醫*,40.53,40.85,39.2,40.8,156,0,0,0,0.0,0.0,0.0
2026-05-14,7904,任開數位,24.3,25.3,25.3,25.3,0,0,0,0,0.0,0.0,0.0
2026-05-14,7907,錸恩帕斯,297.68,301.0,289.0,297.0,31,0,0,0,0.0,0.0,0.0
2026-05-14,7909,鈺祥,867.37,868.0,815.0,839.0,276,0,0,0,0.0,0.0,0.0
2026-05-14,7911,阿波羅電力,134.86,144.0,135.5,139.5,264,0,0,0,0.0,0.0,0.0
2026-05-14,7912,新聿科,440.16,577.0,445.0,542.0,547,1,0,0,0.0,0.0,0.0
2026-05-14,7915,廌家,757.01,774.0,733.0,769.0,43,0,0,0,0.0,0.0,0.0
2026-05-14,7918,創鉅材料,1016.44,1195.0,1005.0,1180.0,670,0,0,0,0.0,0.0,0.0
2026-05-14,7919,禾蒼,0.0,171.0,37.85,120.5,451,0,0,0,0.0,0.0,0.0
2026-05-14,8011,台通,18.45,18.8,17.95,18.1,2477,-240,0,-2,2.36,97.63,100.0
2026-05-14,8016,矽創,270.5,294.5,270.5,294.5,6691,2226,-166,58,36.34,63.65,100.0
2026-05-14,8021,尖點,490.0,490.5,480.5,490.5,6217,1155,-2,242,19.33,80.66,100.0
2026-05-14,8024,佑華,12.3,12.4,12.1,12.2,166,0,0,0,2.36,97.63,100.0
2026-05-14,8027,鈦昇,258.0,275.0,257.5,264.0,4635,-47,0,-61,19.23,80.76,100.0
2026-05-14,8028,昇陽半導體,241.5,261.5,240.0,261.5,26663,6354,477,182,24.52,75.47,100.0
2026-05-14,8032,光菱,41.95,42.95,41.15,42.0,130,-1,0,0,1.19,98.8,100.0
2026-05-14,8033,雷虎,139.0,141.5,137.5,137.5,3515,-338,0,-143,5.21,94.78,100.0
2026-05-14,8034,榮群,24.6,24.65,24.0,24.05,459,-152,0,0,9.57,90.42,100.0
2026-05-14,8038,長園科,41.95,42.1,41.65,41.7,205,13,0,0,0.38,99.61,100.0
2026-05-14,8039,台虹,141.5,151.5,141.0,149.5,31365,5283,-3,286,15.59,84.4,100.0
2026-05-14,8040,九暘,85.1,88.5,83.3,87.9,4538,1073,0,0,3.6,96.39,100.0
2026-05-14,8042,金山電,116.5,116.5,106.5,109.0,2644,326,0,27,17.64,82.35,100.0
2026-05-14,8043,蜜望實,105.5,108.5,100.5,103.0,22580,918,0,-8,4.63,95.36,100.0
2026-05-14,8044,網家,24.0,24.3,23.15,23.25,521,-13,0,-2,5.91,94.08,100.0
2026-05-14,8045,達運光電,73.8,74.0,71.8,72.2,325,-108,0,-2,1.05,98.94,100.0
2026-05-14,8046,南電,899.0,900.0,846.0,847.0,20591,-3770,-1633,-99,11.28,88.71,100.0
2026-05-14,8047,星雲,58.6,58.6,52.5,54.4,212,-23,0,0,0.65,99.34,100.0
2026-05-14,8048,德勝,62.4,62.5,61.1,62.1,321,-7,0,-2,14.19,85.8,100.0
2026-05-14,8049,晶采,26.0,26.25,25.9,26.05,338,13,0,0,2.5,97.49,100.0
2026-05-14,8050,廣積,48.0,50.3,47.6,49.05,2419,100,0,0,3.58,96.41,100.0
2026-05-14,8054,安國,101.5,103.0,100.5,101.0,1177,240,0,-5,2.55,97.44,100.0
2026-05-14,8058,耐特,107.58,108.5,95.5,99.0,621,0,0,0,0.0,0.0,0.0
2026-05-14,8059,凱碩,20.5,20.55,19.5,19.6,598,-21,0,0,0.77,99.22,100.0
2026-05-14,8064,東捷,123.0,123.0,115.5,115.5,3509,-304,0,-34,12.43,87.56,100.0
2026-05-14,8066,來思達,17.0,17.0,16.45,16.45,56,0,0,-5,2.96,97.03,100.0
2026-05-14,8067,志旭,12.5,12.9,12.5,12.9,3,0,0,0,8.42,91.57,100.0
2026-05-14,8068,全達,22.05,22.2,20.7,21.45,996,-232,0,0,9.75,90.24,100.0
2026-05-14,8069,元太,217.0,231.0,208.5,226.0,51749,8374,8128,-755,40.8,59.19,100.0
2026-05-14,8070,長華*,46.45,46.7,45.4,45.6,2711,19,-19,-36,9.37,90.62,100.0
2026-05-14,8071,能率網通,16.95,18.45,16.6,18.3,5228,-14,0,0,4.58,95.41,100.0
2026-05-14,8072,陞泰,27.9,27.9,27.2,27.2,182,-78,0,0,1.82,98.17,100.0
2026-05-14,8074,鉅橡,80.9,83.4,79.5,79.5,3411,-258,0,7,5.72,94.27,100.0
2026-05-14,8076,伍豐,24.5,25.3,23.9,25.05,3349,-466,0,3,6.0,93.99,100.0
2026-05-14,8077,洛碁,0.0,0.0,0.0,0.0,0,0,0,0,51.12,48.87,100.0
2026-05-14,8080,永利聯合,28.4,28.4,28.0,28.0,95,0,0,0,0.1,99.89,100.0
2026-05-14,8080,泰霖,28.4,28.4,28.0,28.0,95,0,0,0,0.1,99.89,100.0
2026-05-14,8081,致新,259.5,265.0,257.5,261.0,1057,153,-2,16,21.29,78.7,100.0
2026-05-14,8083,瑞穎,174.5,174.5,172.0,173.0,59,-32,0,0,3.35,96.64,100.0
2026-05-14,8084,巨虹,44.3,45.0,43.35,43.35,80,-25,0,0,1.1,98.89,100.0
2026-05-14,8085,福華,12.25,12.25,11.75,11.8,357,-69,0,0,4.05,95.94,100.0
2026-05-14,8086,宏捷科,159.5,160.5,152.5,154.0,4905,-920,0,-155,29.04,70.95,100.0
2026-05-14,8087,華鎂鑫,33.0,36.3,33.0,35.35,418,-32,0,0,3.11,96.88,100.0
2026-05-14,8087,麗升能源,33.0,36.3,33.0,35.35,418,-32,0,0,3.11,96.88,100.0
2026-05-14,8088,品安,60.0,60.5,56.1,56.3,14514,-2358,0,-34,2.96,97.03,100.0
2026-05-14,8089,康全電訊,20.7,21.0,20.0,20.3,382,-19,0,0,4.25,95.74,100.0
2026-05-14,8091,翔名,200.0,215.5,191.0,215.5,1782,-48,0,39,12.29,87.7,100.0
2026-05-14,8092,建暐,16.65,16.65,15.7,16.0,172,-1,0,0,0.55,99.44,100.0
2026-05-14,8093,保銳,18.9,19.7,17.05,19.3,75,0,0,0,0.07,99.92,100.0
2026-05-14,8096,擎亞,97.5,101.0,95.7,97.1,17196,4420,0,136,24.84,75.15,100.0
2026-05-14,8097,常珵,52.0,52.8,52.0,52.5,44,17,0,0,2.34,97.65,100.0
2026-05-14,8098,慶康科技,391.75,400.0,380.5,381.5,53,0,0,0,0.0,0.0,0.0
2026-05-14,8099,大世科,59.3,59.9,59.0,59.5,108,13,0,0,3.47,96.52,100.0
2026-05-14,8101,華冠,14.15,14.15,13.45,13.6,27,0,0,0,0.05,99.94,100.0
2026-05-14,8102,傑霖科技,63.5,63.5,63.2,63.2,10,2,0,0,0.21,99.78,100.0
2026-05-14,8103,瀚荃,117.5,117.5,106.5,107.0,5975,-1621,0,-91,24.41,75.58,100.0
2026-05-14,8104,錸寶,34.55,36.55,33.4,34.75,2043,-381,0,0,1.36,98.63,100.0
2026-05-14,8105,凌巨,16.3,16.6,15.6,16.0,25024,-1317,0,8,40.97,59.02,100.0
2026-05-14,8107,大億金茂,11.55,11.75,11.5,11.55,161,31,0,0,0.41,99.58,100.0
2026-05-14,8109,博大,116.0,120.0,112.5,113.5,523,-125,0,0,5.75,94.24,100.0
2026-05-14,8110,華東,50.4,52.7,50.3,51.5,22711,5297,0,76,3.0,96.99,100.0
2026-05-14,8111,立碁,65.2,66.6,63.9,64.6,2245,-143,0,-13,5.11,94.88,100.0
2026-05-14,8112,至上,82.8,85.4,81.5,84.5,27607,4747,1657,-204,20.54,79.45,100.0
2026-05-14,8114,振樺電,243.0,254.0,235.0,240.0,3350,-356,0,42,12.76,87.16,100.0
2026-05-14,8119,公信,10.53,11.35,9.99,11.35,782,42,0,0,0.0,0.0,0.0
2026-05-14,8121,越峰,33.2,36.7,33.2,35.6,3631,609,0,0,2.07,97.91,100.0
2026-05-14,8131,福懋科,66.6,69.0,65.8,67.0,6643,931,-3,20,3.0,96.99,100.0
2026-05-14,8147,正淩,172.5,182.0,171.5,182.0,2386,806,0,28,21.27,78.72,100.0
2026-05-14,8150,南茂,86.0,88.0,82.5,83.9,31450,-2618,-4,-550,46.27,53.72,100.0
2026-05-14,8155,博智,434.0,438.0,418.5,418.5,2615,-101,20,-121,10.33,89.66,100.0
2026-05-14,8162,微矽電子-創,54.0,56.4,53.7,56.2,828,219,0,-7,1.57,98.42,100.0
2026-05-14,8163,達方,29.7,32.3,29.7,32.3,6437,1288,0,665,6.69,93.3,100.0
2026-05-14,8171,天宇,23.75,23.75,23.3,23.3,178,-19,0,0,2.85,97.14,100.0
2026-05-14,8176,智捷,10.5,10.5,10.15,10.3,374,-30,0,0,0.83,99.16,100.0
2026-05-14,8182,加高,36.9,37.9,34.6,34.7,1484,-16,0,-9,51.56,48.43,100.0
2026-05-14,8183,精星,31.25,31.45,30.75,30.75,469,-17,0,-4,3.8,96.19,100.0
2026-05-14,8201,無敵,12.9,13.0,12.6,12.6,98,-6,0,0,0.72,99.27,100.0
2026-05-14,8210,勤誠,1560.0,1560.0,1450.0,1460.0,2311,-527,216,-27,12.12,87.87,100.0
2026-05-14,8213,志超,39.05,39.6,38.4,38.55,2124,435,0,-7,22.67,77.32,100.0
2026-05-14,8215,明基材,27.3,27.4,26.45,26.75,1854,-12,0,-7,1.94,98.05,100.0
2026-05-14,8222,寶一,35.35,35.95,35.05,35.15,288,58,0,6,2.48,97.51,100.0
2026-05-14,8227,巨有科技,205.5,209.5,200.0,207.0,699,-14,0,64,4.14,95.85,100.0
2026-05-14,8234,新漢,68.1,69.1,67.2,68.1,852,77,0,-5,6.52,93.47,100.0
2026-05-14,8240,華宏,67.4,68.1,64.9,65.0,1480,-24,0,-6,6.81,93.18,100.0
2026-05-14,8249,菱光,48.4,48.6,47.8,47.9,408,-41,0,-2,1.45,98.54,100.0
2026-05-14,8255,朋程,149.0,150.5,143.5,144.0,943,50,0,42,12.83,87.16,100.0
2026-05-14,8261,富鼎,136.0,145.0,136.0,136.0,17730,4313,0,102,8.81,91.18,100.0
2026-05-14,8271,宇瞻,254.0,264.0,251.0,252.0,7012,17,0,8,13.61,86.38,100.0
2026-05-14,8272,全景軟體,75.0,75.0,72.1,73.7,15,-1,0,0,0.19,99.8,100.0
2026-05-14,8277,商丞,6.8,6.8,6.6,6.73,285,46,0,0,1.85,98.14,100.0
2026-05-14,8279,生展,95.4,99.0,95.4,99.0,11,0,0,0,5.49,94.5,100.0
2026-05-14,8284,三竹,63.4,63.5,63.3,63.4,10,-1,0,0,0.91,99.08,100.0
2026-05-14,8289,泰藝,54.7,59.4,52.5,53.0,4592,-258,0,0,3.54,96.45,100.0
2026-05-14,8291,尚茂,51.7,51.7,51.7,51.7,118,0,0,0,73.43,26.56,100.0
2026-05-14,8298,威睿,47.98,49.0,47.0,48.0,20,0,0,0,0.0,0.0,0.0
2026-05-14,8299,群聯,2875.0,2880.0,2815.0,2880.0,9894,346,-236,122,39.27,60.72,100.0
2026-05-14,8329,台視,10.48,10.55,10.15,10.15,9,0,0,0,0.0,0.0,0.0
2026-05-14,8341,日友,76.3,77.6,76.1,76.2,368,44,0,0,4.29,95.7,100.0
2026-05-14,8342,益張,91.8,91.8,88.8,88.8,7,1,0,0,0.14,99.85,100.0
2026-05-14,8345,超秦,54.76,55.5,54.5,54.9,14,0,0,0,0.0,0.0,0.0
2026-05-14,8349,恒耀,41.85,41.85,41.3,41.5,51,-23,0,0,0.98,99.01,100.0
2026-05-14,8354,冠好,18.2,18.2,17.2,17.2,208,-26,0,0,0.71,99.28,100.0
2026-05-14,8358,金居,461.0,461.0,419.5,427.0,31719,-487,-1921,-1296,28.92,71.07,100.0
2026-05-14,8359,錢櫃,64.45,64.7,63.8,64.6,31,0,0,0,0.0,0.0,0.0
2026-05-14,8367,建新國際,41.85,42.0,41.8,41.9,47,-5,0,0,1.6,98.39,100.0
2026-05-14,8374,羅昇,90.4,94.3,89.5,94.0,2370,60,0,109,2.82,97.17,100.0
2026-05-14,8383,千附,57.0,57.0,54.1,54.6,1643,-172,0,-9,13.38,86.61,100.0
2026-05-14,8390,金益鼎,114.0,116.5,109.0,111.0,1746,294,0,-206,20.52,79.47,100.0
2026-05-14,8401,白紗科,24.75,24.75,23.85,24.0,46,2,0,0,0.23,99.76,100.0
2026-05-14,8403,盛弘,20.2,20.3,20.0,20.05,395,-170,0,0,1.66,98.33,100.0
2026-05-14,8404,百和興業-KY,16.45,16.7,16.3,16.5,574,-171,0,-47,52.92,47.07,100.0
2026-05-14,8409,商之器,19.2,19.35,19.0,19.2,25,-1,0,0,0.12,99.87,100.0
2026-05-14,8410,森田,36.7,36.7,35.6,36.05,93,14,0,0,0.69,99.3,100.0
2026-05-14,8411,福貞-KY,12.3,12.4,12.2,12.25,89,-37,0,0,53.76,46.23,100.0
2026-05-14,8415,大國鋼,34.45,35.1,34.35,34.8,1469,699,0,-478,6.37,93.62,100.0
2026-05-14,8416,實威,174.5,174.5,173.5,173.5,2,0,0,0,0.76,99.23,100.0
2026-05-14,8421,旭源,13.75,13.9,13.6,13.75,34,-2,0,0,0.54,99.45,100.0
2026-05-14,8422,可寧衛,27.1,27.2,26.65,26.7,11165,-217,-33,-55,4.39,95.6,100.0
2026-05-14,8422,可寧衛*,27.1,27.2,26.65,26.7,11165,-217,-33,-55,4.39,95.6,100.0
2026-05-14,8423,保綠-KY,17.9,17.95,17.7,17.8,47,-3,0,0,24.8,75.19,100.0
2026-05-14,8424,惠普,73.2,73.3,73.0,73.0,42,1,0,0,0.52,99.47,100.0
2026-05-14,8426,紅木-KY,22.05,22.05,21.0,21.1,209,-2,0,0,67.53,32.46,100.0
2026-05-14,8429,金麗-KY,6.22,6.35,6.22,6.23,492,-59,0,0,30.13,69.86,100.0
2026-05-14,8431,匯鑽科,59.2,60.0,56.7,57.5,1126,-14,0,-34,2.56,97.43,100.0
2026-05-14,8432,東生華,49.25,50.1,48.6,49.45,88,2,0,0,0.86,99.13,100.0
2026-05-14,8433,弘帆,53.6,53.6,53.0,53.0,50,-11,0,0,1.43,98.56,100.0
2026-05-14,8435,鉅邁,55.5,56.0,55.4,55.8,10,0,0,0,0.56,99.43,100.0
2026-05-14,8436,大江,119.5,120.5,119.0,119.0,342,80,-15,0,14.55,85.43,100.0
2026-05-14,8437,大地-KY,11.35,11.35,11.15,11.25,80,-19,0,0,24.06,75.93,100.0
2026-05-14,8438,昶昕,101.0,105.0,97.9,101.0,1573,-404,0,-3,4.32,95.67,100.0
2026-05-14,8440,綠電,24.3,24.85,24.15,24.85,900,-121,0,6,1.4,98.59,100.0
2026-05-14,8442,威宏-KY,45.0,46.0,45.0,45.1,664,-70,0,-23,57.87,42.12,100.0
2026-05-14,8443,阿瘦,11.65,11.65,11.5,11.5,29,-5,0,0,3.71,96.28,100.0
2026-05-14,8444,綠河-KY,8.84,8.86,8.65,8.86,91,0,0,0,58.56,41.43,100.0
2026-05-14,8446,華研,83.8,84.0,83.4,83.6,93,25,0,0,4.34,95.65,100.0
2026-05-14,8450,霹靂,16.05,16.05,15.7,15.8,22,-2,0,0,0.09,49.89,49.99
2026-05-14,8454,富邦媒,194.5,196.0,189.5,191.0,525,-47,-1,-2,13.13,86.86,100.0
2026-05-14,8455,大拓-KY,29.0,29.9,29.0,29.9,59,0,0,0,87.8,12.19,100.0
2026-05-14,8458,影一,15.09,15.1,15.1,15.1,0,0,0,0,0.0,0.0,0.0
2026-05-14,8462,柏文,146.5,146.5,143.0,144.0,194,-25,0,0,4.02,95.97,100.0
2026-05-14,8463,潤泰材,22.0,22.0,21.85,21.85,48,-27,0,-2,0.39,99.6,100.0
2026-05-14,8464,億豐,330.5,334.5,325.0,328.0,816,75,-4,-1,41.76,58.23,100.0
2026-05-14,8466,美吉吉-KY,15.15,15.15,14.0,14.15,232,-63,0,0,50.2,49.79,100.0
2026-05-14,8467,波力-KY,134.5,134.5,131.0,131.0,31,-11,0,0,46.46,53.53,100.0
2026-05-14,8472,夠麻吉,70.0,71.7,70.0,71.0,28,1,0,0,1.36,98.63,100.0
2026-05-14,8473,山林水,35.4,35.7,34.25,34.35,772,-145,0,0,1.43,98.56,100.0
2026-05-14,8476,台境,16.75,16.9,16.05,16.2,950,-163,0,-4,1.16,98.83,100.0
2026-05-14,8476,台境*,16.75,16.9,16.05,16.2,950,-163,0,-4,1.16,98.83,100.0
2026-05-14,8477,創業家,18.05,18.25,16.9,17.25,252,-2,0,0,0.15,99.84,100.0
2026-05-14,8478,東哥遊艇,164.0,166.0,160.5,160.5,227,-89,0,0,39.75,60.24,100.0
2026-05-14,8481,政伸,39.9,40.1,39.55,39.55,80,-14,0,-1,0.36,99.63,100.0
2026-05-14,8482,商億-KY,49.6,49.6,47.7,48.05,12,-6,0,0,91.73,8.26,100.0
2026-05-14,8487,愛爾達-創,78.7,79.0,77.5,78.2,76,-7,0,2,0.93,49.05,49.99
2026-05-14,8488,吉源-KY,9.91,9.98,9.85,9.89,14,-4,0,0,69.56,30.43,100.0
2026-05-14,8489,三貝德,24.8,24.85,24.4,24.55,64,-6,0,0,3.22,96.77,100.0
2026-05-14,8499,鼎炫-KY,307.5,312.0,288.5,295.0,351,47,0,-1,71.51,28.48,100.0
2026-05-14,8905,裕國,29.95,29.95,29.1,29.35,27,5,0,-20,0.48,99.51,100.0
2026-05-14,8906,花王,24.45,24.45,24.1,24.45,26,0,0,0,0.39,99.6,100.0
2026-05-14,8908,欣雄,39.05,40.05,38.65,40.05,282,18,0,0,0.3,99.69,100.0
2026-05-14,8916,光隆,46.8,46.8,46.25,46.65,142,-41,0,2,3.02,96.97,100.0
2026-05-14,8917,欣泰,0.0,0.0,0.0,0.0,0,0,0,0,1.37,98.62,100.0
2026-05-14,8921,沈氏,18.5,18.5,17.8,17.8,5,0,0,0,0.18,99.81,100.0
2026-05-14,8923,時報,0.0,0.0,0.0,0.0,0,0,0,0,4.14,95.85,100.0
2026-05-14,8924,大田,64.8,65.0,64.7,64.7,109,-18,0,0,2.69,97.3,100.0
2026-05-14,8926,台汽電,59.7,60.7,57.0,57.6,22306,2249,-4,-129,10.95,89.04,100.0
2026-05-14,8927,北基,19.8,19.9,19.4,19.4,364,-74,0,0,0.61,99.38,100.0
2026-05-14,8928,鉅明,20.9,20.9,20.85,20.85,11,0,0,0,0.32,99.67,100.0
2026-05-14,8929,富堡,14.75,14.75,14.4,14.5,42,-9,0,0,0.47,99.52,100.0
2026-05-14,8930,青鋼,28.85,28.95,28.85,28.95,20,-2,0,0,2.85,97.14,100.0
2026-05-14,8931,大汽電,43.4,43.4,41.95,42.6,167,-18,0,1,0.32,99.67,100.0
2026-05-14,8932,智通*,97.6,102.5,97.6,100.5,5019,906,0,252,28.72,71.27,100.0
2026-05-14,8933,愛地雅,5.68,5.68,5.52,5.57,642,3,0,0,0.94,99.05,100.0
2026-05-14,8935,邦泰,19.3,19.65,19.0,19.05,480,109,0,0,1.43,98.56,100.0
2026-05-14,8936,國統,50.4,50.4,49.8,49.85,1443,-362,-15,-9,10.69,89.3,100.0
2026-05-14,8937,合騏*,32.5,33.6,31.35,32.15,609,-4,0,-5,5.55,94.44,100.0
2026-05-14,8938,明安,55.3,55.6,54.9,55.3,449,25,0,0,8.12,91.87,100.0
2026-05-14,8940,新天地,17.4,17.7,17.2,17.2,31,-7,0,1,8.34,91.65,100.0
2026-05-14,8941,關中,43.8,44.0,43.8,44.0,6,1,0,0,0.18,99.81,100.0
2026-05-14,8942,森鉅,42.75,43.1,41.65,42.0,485,76,0,0,13.69,86.3,100.0
2026-05-14,8996,高力,1050.0,1090.0,1030.0,1065.0,2203,-276,347,15,33.16,66.83,100.0
2026-05-14,8999,台灣積層,38.1,0.0,0.0,0.0,0,0,0,0,0.0,0.0,0.0
2026-05-14,9103,美德醫療-DR,5.02,5.02,4.75,4.78,1185,-95,0,0,0.84,99.15,100.0
2026-05-14,9105,泰金寶-DR,5.67,5.78,5.6,5.77,13171,1670,0,0,1.51,98.48,100.0
2026-05-14,9110,越南控-DR,2.65,2.71,2.5,2.69,117,0,0,0,0.04,99.95,100.0
2026-05-14,9136,巨騰-DR,0.0,0.0,0.0,0.0,0,0,0,0,3.4,96.59,100.0
2026-05-14,9802,鈺齊-KY,79.1,79.5,77.0,77.0,852,-70,-1,-38,42.05,57.94,100.0
2026-05-14,9902,台火,14.15,14.3,14.0,14.0,224,-33,0,0,1.66,98.33,100.0
2026-05-14,9904,寶成,26.05,26.15,25.85,25.85,11112,-3308,-884,-213,38.62,61.37,100.0
2026-05-14,9905,大華,21.05,21.3,21.0,21.0,77,-16,0,0,2.21,97.78,100.0
2026-05-14,9906,欣巴巴,32.4,33.3,31.1,32.95,302,20,0,-1,1.3,98.69,100.0
2026-05-14,9907,統一實,16.45,16.55,16.2,16.4,5580,-1399,418,-16,15.2,84.79,100.0
2026-05-14,9908,大台北,29.4,29.5,29.25,29.25,458,-59,0,-5,1.39,98.6,100.0
2026-05-14,9910,豐泰,71.0,71.9,69.7,70.5,1295,-200,-32,-15,9.11,90.88,100.0
2026-05-14,9911,櫻花,83.0,83.1,82.5,82.5,192,-61,-3,-2,18.6,81.39,100.0
2026-05-14,9912,偉聯,12.45,12.55,12.3,12.4,55,-7,0,-1,15.8,84.19,100.0
2026-05-14,9914,美利達,63.5,65.6,63.0,63.8,4035,343,-1,-5,22.09,77.9,100.0
2026-05-14,9917,中保科,114.0,114.0,112.5,113.0,401,-126,-1,-36,39.77,60.22,100.0
2026-05-14,9918,欣天然,43.95,43.95,43.2,43.2,84,18,0,0,2.58,97.41,100.0
2026-05-14,9919,康那香,14.3,14.4,14.2,14.2,281,123,0,-7,4.46,95.53,100.0
2026-05-14,9921,巨大,75.7,76.6,73.1,73.5,2559,-257,-1,-89,27.49,72.5,100.0
2026-05-14,9924,福興,41.8,42.4,41.8,42.1,175,-21,-3,-1,10.83,89.16,100.0
2026-05-14,9925,新保,40.2,40.3,40.2,40.2,232,-80,0,-5,17.51,82.48,100.0
2026-05-14,9926,新海,49.05,49.75,49.0,49.0,35,-23,0,0,0.45,99.54,100.0
2026-05-14,9927,泰銘,68.1,68.7,68.1,68.2,138,-38,0,-10,6.63,93.36,100.0
2026-05-14,9928,中視,17.6,17.65,17.6,17.65,35,0,0,0,0.0,0.0,0.0
2026-05-14,9929,秋雨,11.75,11.9,11.5,11.5,23,-13,0,0,0.45,99.54,100.0
2026-05-14,9930,中聯資源,69.2,69.5,69.0,69.1,193,-70,0,-3,2.01,97.98,100.0
2026-05-14,9931,欣高,34.4,34.65,34.25,34.35,107,12,0,0,0.8,99.19,100.0
2026-05-14,9933,中鼎,36.9,37.8,36.75,37.6,3975,1968,-1,-16,15.78,84.21,100.0
2026-05-14,9934,成霖,9.58,9.58,9.45,9.52,768,-351,0,0,12.84,87.15,100.0
2026-05-14,9935,慶豐富,18.45,18.7,18.3,18.45,330,9,0,0,5.37,94.62,100.0
2026-05-14,9937,全國,56.1,56.4,56.0,56.3,51,-28,0,0,1.72,98.27,100.0
2026-05-14,9938,百和,44.55,44.8,43.5,44.5,2484,357,-193,-10,11.27,88.72,100.0
2026-05-14,9939,宏全,119.5,123.0,118.5,121.0,1624,-40,210,-23,14.3,85.69,100.0
2026-05-14,9940,信義,18.9,19.05,18.6,18.6,486,-267,0,-6,3.65,96.34,100.0
2026-05-14,9941,裕融,73.5,74.1,73.1,73.1,1407,-401,-119,-39,6.7,93.29,100.0
2026-05-14,9942,茂順,120.0,120.0,118.0,118.0,95,-10,0,-35,4.35,95.64,100.0
2026-05-14,9943,好樂迪,56.1,56.5,55.5,55.6,104,-17,0,0,1.17,98.82,100.0
2026-05-14,9944,新麗,17.2,17.2,17.0,17.1,180,-2,0,0,1.03,98.96,100.0
2026-05-14,9945,潤泰新,23.3,23.65,23.15,23.15,6006,-2376,-50,-5,8.36,91.63,100.0
2026-05-14,9946,三發地產,16.9,17.15,16.75,17.0,1298,399,0,0,2.42,97.57,100.0
2026-05-14,9949,琉園,24.15,24.15,23.9,23.95,31,-2,0,0,2.6,97.39,100.0
2026-05-14,9950,萬國通,10.45,10.55,10.45,10.55,22,-10,0,0,0.03,99.96,100.0
2026-05-14,9951,皇田,53.5,53.6,52.5,53.2,222,6,0,0,5.04,94.95,100.0
2026-05-14,9955,佳龍,29.05,29.25,28.55,28.85,435,-17,0,0,4.86,95.13,100.0
2026-05-14,9957,燁聯,6.42,6.43,6.26,6.32,522,0,0,0,0.0,0.0,0.0
2026-05-14,9958,世紀鋼,104.5,111.0,102.5,110.0,3630,167,306,44,13.0,86.99,100.0
2026-05-14,9960,邁達康,35.25,35.3,35.0,35.2,125,-1,0,0,9.0,90.99,100.0
2026-05-14,9962,有益,9.46,9.51,9.45,9.5,105,2,0,0,0.32,99.67,100.0
