date,stock_id,stock_name,open,high,low,close,volume,day_trading_volume,foreign_buy,trust_buy,dealer_buy,foreign_hold_ratio,foreign_remain_ratio,foreign_limit_ratio
2026-05-08,0050,元大台灣50,97.35,97.7,95.85,97.0,131188,19869,-46154,0,-17526,3.39,96.6,100.0
2026-05-08,0051,元大中型100,133.4,133.65,130.45,131.65,114,10,-27,0,-7,0.46,99.53,100.0
2026-05-08,0052,富邦科技,57.2,57.5,56.2,57.1,33899,5000,-619,-380,-4573,2.22,97.77,100.0
2026-05-08,0053,元大電子,221.15,224.9,220.0,222.05,49,4,-20,0,6,0.74,99.25,100.0
2026-05-08,0055,元大MSCI金融,34.22,34.45,33.98,34.39,290,3,-7,0,92,0.8,99.19,100.0
2026-05-08,0056,元大高股息,44.7,45.2,44.29,44.85,97813,13812,46497,0,11678,1.81,98.18,100.0
2026-05-08,0057,富邦摩台,290.35,290.4,287.9,288.35,8,0,-3,0,0,5.05,94.94,100.0
2026-05-08,0061,元大寶滬深,24.86,24.97,24.69,24.82,186,3,68,0,-18,4.13,95.86,100.0
2026-05-08,1101,台泥,25.6,25.7,24.95,25.0,27759,6057,-3849,0,-7,16.54,83.45,100.0
2026-05-08,1102,亞泥,34.95,35.35,34.9,34.95,6615,1217,111,-779,-127,16.37,83.62,100.0
2026-05-08,1103,嘉泥,13.4,13.6,13.4,13.4,202,14,96,0,-1,4.54,95.45,100.0
2026-05-08,1104,環泥,28.5,28.5,28.15,28.3,571,115,-215,0,-7,15.77,84.22,100.0
2026-05-08,1108,幸福,14.65,14.65,14.55,14.55,141,14,31,0,0,1.33,98.66,100.0
2026-05-08,1109,信大,15.45,15.45,15.4,15.4,122,3,31,0,1,2.39,97.6,100.0
2026-05-08,1110,東泥,15.25,15.35,14.85,15.0,125,69,37,0,-5,5.89,94.1,100.0
2026-05-08,1201,味全,12.45,12.45,12.3,12.4,401,46,41,0,3,5.11,94.88,100.0
2026-05-08,1203,味王,44.0,44.0,43.05,44.0,46,8,15,0,-2,1.72,98.27,100.0
2026-05-08,1210,大成,52.2,52.9,52.2,52.9,1921,234,266,-214,-2,12.03,87.96,100.0
2026-05-08,1213,大飲,8.7,8.83,8.7,8.75,33,0,0,0,0,0.01,99.98,100.0
2026-05-08,1215,卜蜂,134.5,136.5,130.5,134.0,3515,575,-1232,25,64,36.32,63.67,100.0
2026-05-08,1216,統一,70.2,73.4,70.0,73.2,35053,3956,16940,767,-78,32.29,67.7,100.0
2026-05-08,1217,愛之味,9.69,9.72,9.64,9.66,660,61,-119,0,0,7.61,92.38,100.0
2026-05-08,1218,泰山,19.1,19.2,19.0,19.1,794,134,130,0,1,4.16,95.83,100.0
2026-05-08,1219,福壽,13.4,13.45,13.35,13.4,334,65,45,0,0,5.71,94.28,100.0
2026-05-08,1220,台榮,12.3,12.4,12.25,12.25,131,34,-5,0,0,7.21,92.78,100.0
2026-05-08,1225,福懋油,32.85,32.85,31.8,32.0,188,29,-66,0,0,1.4,98.59,100.0
2026-05-08,1227,佳格,28.95,29.15,28.9,29.05,581,45,35,0,-4,5.74,94.25,100.0
2026-05-08,1229,聯華,41.75,42.35,41.75,42.15,3007,269,80,0,0,9.37,90.62,100.0
2026-05-08,1231,聯華食,86.7,88.0,86.4,86.5,308,68,-14,0,0,2.78,97.21,100.0
2026-05-08,1232,大統益,148.0,149.0,147.5,148.0,154,16,30,0,-1,2.65,97.34,100.0
2026-05-08,1233,天仁,29.3,29.3,28.8,28.8,17,0,3,0,0,5.62,94.37,100.0
2026-05-08,1234,黑松,35.3,35.35,35.1,35.2,134,19,14,0,0,4.84,95.15,100.0
2026-05-08,1235,興泰,45.2,45.8,45.15,45.8,19,3,15,0,0,0.26,99.73,100.0
2026-05-08,1236,宏亞,26.4,26.55,26.15,26.35,64,27,-8,0,0,0.5,99.49,100.0
2026-05-08,1240,茂生農經,58.9,59.4,58.9,59.0,35,4,-2,0,0,3.69,96.3,100.0
2026-05-08,1256,鮮活果汁-KY,171.5,177.0,169.5,176.0,235,50,6,0,-4,4.68,95.31,100.0
2026-05-08,1259,安心,57.9,58.0,57.0,57.5,17,0,-1,0,0,26.11,73.88,100.0
2026-05-08,1260,富味鄉,24.01,24.8,23.65,24.75,42,0,0,0,0,0.0,0.0,0.0
2026-05-08,1264,德麥,270.5,272.5,270.5,271.5,35,0,4,0,-15,1.58,98.41,100.0
2026-05-08,1268,漢來美食,158.0,160.0,158.0,158.5,119,12,10,0,0,1.55,98.44,100.0
2026-05-08,1269,乾杯,72.3,72.3,70.0,72.2,4,0,0,0,0,0.0,0.0,0.0
2026-05-08,1271,晨暉生技,64.66,66.8,64.2,66.2,208,0,1,0,0,0.0,0.0,0.0
2026-05-08,1293,利統,27.63,28.1,28.1,28.1,0,0,0,0,0,0.0,0.0,0.0
2026-05-08,1294,漢田生技,79.4,80.2,77.5,78.0,57,6,-3,0,0,0.67,99.32,100.0
2026-05-08,1295,生合,55.5,55.5,52.6,54.1,103,23,-6,0,0,1.9,98.09,100.0
2026-05-08,1301,台塑,51.0,51.3,48.15,48.55,38566,11647,-7919,0,-159,30.97,69.02,100.0
2026-05-08,1303,南亞,89.5,90.8,86.6,88.6,61558,28712,-11042,70,-2958,33.19,66.8,100.0
2026-05-08,1304,台聚,13.15,13.25,12.7,12.7,5050,952,-594,0,-39,27.98,72.01,100.0
2026-05-08,1305,華夏,13.2,13.25,12.7,12.75,3097,1041,-344,0,7,3.95,96.04,100.0
2026-05-08,1307,三芳,31.5,32.3,31.5,32.2,1464,314,-170,153,320,6.05,93.94,100.0
2026-05-08,1308,亞聚,13.85,13.95,13.35,13.4,3128,865,-379,0,-8,3.71,96.28,100.0
2026-05-08,1309,台達化,17.7,17.85,16.75,16.85,7688,2865,-920,0,11,2.89,97.1,100.0
2026-05-08,1310,台苯,8.84,8.91,8.62,8.63,3764,494,-1293,0,1,4.9,95.09,100.0
2026-05-08,1312,國喬,12.15,12.2,11.6,11.6,4496,910,-1911,0,-435,4.45,95.54,100.0
2026-05-08,1313,聯成,11.3,11.6,11.1,11.1,4782,1575,-190,0,-27,5.94,94.05,100.0
2026-05-08,1314,中石化,7.25,7.33,7.13,7.14,21973,5261,-6349,0,13,8.76,91.23,100.0
2026-05-08,1315,達新,62.0,62.0,61.6,61.8,15,2,2,0,0,1.31,98.68,100.0
2026-05-08,1316,上曜,11.35,11.45,11.15,11.2,1780,407,-282,0,-1,4.29,95.7,100.0
2026-05-08,1319,東陽,80.0,81.2,78.7,80.2,4910,1208,-1777,709,-99,7.87,92.12,100.0
2026-05-08,1321,大洋,29.75,29.75,29.25,29.55,180,31,-42,0,-4,6.81,93.18,100.0
2026-05-08,1323,永裕,19.25,19.4,18.95,19.25,101,24,-4,0,0,1.49,98.5,100.0
2026-05-08,1324,地球,10.25,10.35,10.2,10.3,149,8,33,0,0,0.81,99.18,100.0
2026-05-08,1325,恆大,27.15,28.25,27.05,27.3,1253,463,-15,0,0,1.32,98.67,100.0
2026-05-08,1326,台化,50.0,50.1,46.6,46.95,42319,13041,-18031,0,-329,37.12,62.87,100.0
2026-05-08,1336,台翰,13.75,13.95,13.75,13.85,82,3,8,0,0,4.4,95.59,100.0
2026-05-08,1337,再生-KY,5.04,5.1,5.0,5.01,388,68,-4,0,-1,25.73,74.26,100.0
2026-05-08,1338,廣華-KY,16.1,16.45,15.7,15.7,85,14,-4,0,0,6.25,93.74,100.0
2026-05-08,1339,昭輝,41.8,43.2,41.15,41.6,274,65,15,0,0,1.03,98.96,100.0
2026-05-08,1340,勝悅-KY,5.8,5.8,5.6,5.63,229,19,-41,0,-2,26.7,73.29,100.0
2026-05-08,1341,富林-KY,62.6,63.5,61.8,62.1,28,0,4,0,0,79.87,20.12,100.0
2026-05-08,1342,八貫,96.1,96.5,93.3,94.2,415,109,18,0,-15,29.87,70.12,100.0
2026-05-08,1343,旭東環保,20.54,21.0,20.4,20.75,45,0,0,0,0,0.0,0.0,0.0
2026-05-08,1402,遠東新,26.2,26.2,25.9,26.1,10420,1714,-2963,-98,-63,17.64,82.35,100.0
2026-05-08,1409,新纖,16.8,17.0,16.7,16.8,5209,1453,-265,0,104,12.76,87.23,100.0
2026-05-08,1410,南染,28.0,28.6,27.6,27.6,143,112,7,0,0,18.91,81.08,100.0
2026-05-08,1413,宏洲,9.68,9.68,9.44,9.65,12,0,7,0,0,0.4,99.59,100.0
2026-05-08,1414,東和,16.4,16.6,16.2,16.2,337,199,23,0,-1,1.28,98.71,100.0
2026-05-08,1416,廣豐,11.4,11.4,11.25,11.3,169,25,18,0,0,6.1,93.89,100.0
2026-05-08,1417,嘉裕,8.74,8.74,8.62,8.71,74,15,3,0,0,0.99,99.0,100.0
2026-05-08,1418,東華,18.75,19.3,18.75,19.1,5,1,1,0,0,0.94,99.05,100.0
2026-05-08,1419,新紡,64.8,64.8,63.8,64.3,64,17,18,0,1,1.2,98.79,100.0
2026-05-08,1423,利華,42.0,42.0,40.8,40.85,17,0,7,0,-2,1.56,98.43,100.0
2026-05-08,1432,大魯閣,16.75,16.9,16.7,16.85,255,41,-8,0,0,0.39,99.6,100.0
2026-05-08,1434,福懋,15.95,16.0,15.8,15.85,1475,341,-559,0,-3,7.56,92.43,100.0
2026-05-08,1436,華友聯,48.7,49.1,48.45,48.85,286,68,-16,0,0,4.62,95.37,100.0
2026-05-08,1437,勤益控,29.15,29.15,28.85,29.0,139,21,7,0,0,8.05,91.94,100.0
2026-05-08,1438,三地開發,20.4,22.1,20.0,20.45,711,421,47,0,5,0.45,99.54,100.0
2026-05-08,1439,雋揚,27.3,27.3,26.1,26.85,16,6,4,0,1,0.44,99.55,100.0
2026-05-08,1440,南紡,12.4,12.45,12.15,12.25,2036,254,-965,0,-17,7.65,92.34,100.0
2026-05-08,1441,大東,9.82,9.94,9.79,9.81,65,0,3,0,0,1.34,98.65,100.0
2026-05-08,1442,名軒,26.75,27.6,26.3,27.1,663,157,-50,0,-52,8.91,91.08,100.0
2026-05-08,1443,立益,26.7,26.9,26.35,26.8,40,13,-1,0,0,0.32,99.67,100.0
2026-05-08,1443,立益物流,26.7,26.9,26.35,26.8,40,13,-1,0,0,0.32,99.67,100.0
2026-05-08,1444,力麗,5.97,6.02,5.97,6.0,721,0,239,0,0,5.19,94.8,100.0
2026-05-08,1445,大宇,12.95,12.95,12.55,12.7,13,5,3,0,-1,2.93,97.06,100.0
2026-05-08,1446,宏和,15.75,15.85,15.75,15.8,124,25,-19,0,0,6.2,93.79,100.0
2026-05-08,1447,力鵬,4.99,4.99,4.95,4.95,525,0,-91,0,0,3.32,96.67,100.0
2026-05-08,1449,佳和,13.2,13.3,12.85,12.95,1191,302,66,0,0,6.23,93.76,100.0
2026-05-08,1451,年興,17.0,17.0,16.6,16.7,160,28,-31,0,-7,5.41,94.58,100.0
2026-05-08,1452,宏益,11.2,11.3,11.1,11.2,62,3,8,0,0,1.96,98.03,100.0
2026-05-08,1453,大將,11.8,11.8,11.5,11.6,47,3,2,0,0,0.57,99.42,100.0
2026-05-08,1454,台富,14.7,14.7,13.75,14.05,67,23,5,0,-4,0.44,99.55,100.0
2026-05-08,1455,集盛,8.11,8.15,8.08,8.08,438,70,-66,0,-3,2.39,97.6,100.0
2026-05-08,1456,怡華,14.45,14.45,13.5,14.2,186,60,18,0,-5,0.51,99.48,100.0
2026-05-08,1457,宜進,14.65,14.65,14.5,14.5,99,1,35,0,0,1.76,98.23,100.0
2026-05-08,1459,聯發,11.9,11.9,11.75,11.9,106,1,15,0,0,1.71,98.28,100.0
2026-05-08,1460,宏遠,7.26,7.33,7.25,7.25,942,0,200,0,-4,2.09,97.9,100.0
2026-05-08,1463,強盛新,18.65,18.7,18.2,18.25,65,12,5,0,0,11.51,88.48,100.0
2026-05-08,1464,得力,10.1,10.1,9.99,10.0,430,31,57,0,-2,1.74,98.25,100.0
2026-05-08,1465,偉全,12.45,12.45,12.15,12.3,52,12,9,0,0,0.47,99.52,100.0
2026-05-08,1466,聚隆,15.95,15.95,15.6,15.6,104,54,-11,0,-1,0.51,99.48,100.0
2026-05-08,1467,南緯,7.22,7.22,7.11,7.13,128,7,-25,0,1,19.22,80.77,100.0
2026-05-08,1468,昶和,12.4,12.45,12.15,12.45,50,0,17,0,0,2.06,97.93,100.0
2026-05-08,1470,大統新創,22.9,22.9,22.15,22.55,16,3,3,0,0,0.28,99.71,100.0
2026-05-08,1471,首利,11.5,11.5,11.0,11.1,536,0,-76,0,0,0.87,99.12,100.0
2026-05-08,1472,三洋實業,91.3,91.3,89.9,91.2,17,3,4,0,0,0.85,99.14,100.0
2026-05-08,1473,台南,20.8,20.8,20.5,20.65,75,8,16,0,0,5.32,94.67,100.0
2026-05-08,1474,弘裕,9.97,10.05,9.93,10.05,78,2,22,0,0,0.62,99.37,100.0
2026-05-08,1475,業旺,27.35,27.8,27.35,27.7,86,1,16,0,0,0.48,99.51,100.0
2026-05-08,1476,儒鴻,341.5,347.5,339.0,344.0,1515,416,-62,-9,13,30.58,69.41,100.0
2026-05-08,1477,聚陽,223.0,225.5,218.0,221.5,2623,1045,-972,693,2,16.42,83.57,100.0
2026-05-08,1480,東盟開發,9.34,9.45,9.2,9.3,25,0,0,0,0,0.0,0.0,0.0
2026-05-08,1503,士電,200.5,210.0,198.5,202.5,6374,3010,-170,0,152,31.25,68.74,100.0
2026-05-08,1504,東元,74.6,74.7,70.5,72.8,40799,16674,-4079,366,-528,11.77,88.22,100.0
2026-05-08,1506,正道,10.5,10.6,10.45,10.5,130,0,3,0,-5,0.54,99.45,100.0
2026-05-08,1512,瑞利,7.45,7.45,7.2,7.35,48,0,9,0,-1,5.43,94.56,100.0
2026-05-08,1513,中興電,157.0,163.5,157.0,158.0,17757,7427,-1399,-159,252,14.44,85.55,100.0
2026-05-08,1514,亞力,120.5,131.0,120.0,123.5,18383,9853,-668,0,236,16.55,83.44,100.0
2026-05-08,1515,力山,22.0,22.2,21.85,21.95,334,67,-13,0,-1,4.45,95.54,100.0
2026-05-08,1516,川飛,21.7,21.95,21.55,21.7,34,0,10,0,-1,5.99,94.0,100.0
2026-05-08,1517,利奇,10.4,10.4,10.1,10.1,191,19,12,0,2,2.38,97.61,100.0
2026-05-08,1519,華城,894.0,939.0,876.0,896.0,5195,2636,-28,24,108,21.39,78.6,100.0
2026-05-08,1521,大億,24.85,25.0,24.7,24.9,20,0,4,0,0,33.03,66.96,100.0
2026-05-08,1522,堤維西,32.8,33.3,32.0,32.1,5454,1669,-983,-2,-5,3.46,96.53,100.0
2026-05-08,1524,耿鼎,30.0,30.0,28.8,29.1,2797,605,17,0,-1165,1.34,98.65,100.0
2026-05-08,1525,江申,62.2,62.4,61.6,61.7,13,6,6,0,0,0.33,99.66,100.0
2026-05-08,1526,日馳,15.75,15.9,15.55,15.6,139,25,21,0,0,2.44,97.55,100.0
2026-05-08,1527,鑽全,32.45,32.55,32.1,32.4,339,31,11,0,-2,10.07,89.92,100.0
2026-05-08,1528,恩德,27.7,27.9,26.3,26.55,6355,2418,-638,0,1,4.54,95.45,100.0
2026-05-08,1529,樂事綠能,23.1,23.8,22.7,22.9,1494,642,-263,0,-2,1.14,98.85,100.0
2026-05-08,1530,亞崴,26.2,26.2,25.95,26.2,19,0,7,0,0,0.69,99.3,100.0
2026-05-08,1531,高林股,13.05,13.05,12.75,13.0,212,39,-42,0,0,1.41,98.58,100.0
2026-05-08,1532,勤美,20.95,21.05,20.65,20.65,977,146,-24,-287,0,7.4,92.59,100.0
2026-05-08,1533,車王電,34.8,35.95,33.0,33.85,978,260,77,0,-9,6.12,93.87,100.0
2026-05-08,1535,中宇,51.3,51.3,50.3,50.3,56,3,-1,0,0,1.19,98.8,100.0
2026-05-08,1536,和大,55.6,55.7,52.8,53.7,2554,767,-327,0,-70,7.3,92.69,100.0
2026-05-08,1537,廣隆,123.0,123.0,122.5,122.5,94,7,21,0,0,15.41,84.58,100.0
2026-05-08,1538,正峰,11.1,12.2,11.1,12.2,3,0,0,0,0,0.07,99.92,100.0
2026-05-08,1539,巨庭,15.9,15.95,15.55,15.75,111,2,-20,0,0,0.88,99.11,100.0
2026-05-08,1540,喬福,21.15,21.4,20.6,20.9,285,65,25,0,5,2.09,97.9,100.0
2026-05-08,1541,錩泰,23.2,24.65,23.15,23.4,250,143,0,0,0,9.82,90.17,100.0
2026-05-08,1558,伸興,91.3,91.7,91.1,91.3,76,4,35,0,0,6.63,93.36,100.0
2026-05-08,1560,中砂,588.0,617.0,568.0,572.0,3249,1776,-106,60,-81,38.76,61.23,100.0
2026-05-08,1563,巧新,43.8,44.05,43.0,43.9,1017,180,403,0,0,2.25,97.74,100.0
2026-05-08,1565,精華,102.5,102.5,102.0,102.5,173,13,-49,0,0,7.91,92.08,100.0
2026-05-08,1568,倉佑,29.15,29.95,28.6,28.9,283,101,6,0,1,1.87,98.12,100.0
2026-05-08,1569,濱川,58.7,58.8,54.5,56.1,1975,582,-120,0,-58,5.52,94.47,100.0
2026-05-08,1570,力肯,38.3,38.9,37.35,37.5,326,79,31,0,0,2.87,97.12,100.0
2026-05-08,1580,新麥,125.0,125.0,123.0,124.5,47,3,-22,0,0,5.17,94.82,100.0
2026-05-08,1582,信錦,88.5,90.4,86.7,87.8,2027,851,-288,0,-24,4.21,95.78,100.0
2026-05-08,1583,程泰,48.45,48.45,47.0,47.5,29,4,6,0,0,0.39,99.6,100.0
2026-05-08,1584,精剛,20.5,20.7,20.05,20.1,726,228,-14,0,0,3.85,96.14,100.0
2026-05-08,1586,和勤,21.65,22.0,21.5,21.7,176,76,-42,0,0,1.53,98.16,100.0
2026-05-08,1587,吉茂,32.6,32.9,31.7,32.4,285,82,-15,0,0,20.64,79.35,100.0
2026-05-08,1590,亞德客-KY,1515.0,1515.0,1470.0,1505.0,1622,560,320,2,-15,79.44,20.55,100.0
2026-05-08,1591,駿吉-KY,64.6,64.7,62.3,64.5,1065,354,233,0,0,5.43,94.56,100.0
2026-05-08,1593,祺驊,31.15,31.15,30.8,30.9,53,1,0,0,0,5.92,94.07,100.0
2026-05-08,1594,日高,11.05,11.55,10.6,11.1,88,0,7,0,0,0.0,0.0,0.0
2026-05-08,1595,川寶,96.4,99.9,90.1,98.2,7105,4599,-93,0,-1,5.49,94.5,100.0
2026-05-08,1597,直得,181.0,181.0,166.0,173.0,1606,0,39,0,-9,8.31,91.68,100.0
2026-05-08,1598,岱宇,20.8,22.5,20.55,22.2,1373,292,-160,0,-11,1.67,98.32,100.0
2026-05-08,1599,宏佳騰,24.75,24.75,24.4,24.75,44,2,-3,0,0,7.84,92.15,100.0
2026-05-08,1603,華電,32.7,32.95,32.05,32.1,443,198,-80,0,-1,2.53,97.46,100.0
2026-05-08,1604,聲寶,22.9,22.9,22.7,22.75,306,18,-56,0,2,7.45,92.54,100.0
2026-05-08,1605,華新,36.0,36.05,32.65,33.75,116777,43967,-37010,0,-687,14.03,85.96,100.0
2026-05-08,1608,華榮,34.6,35.1,33.75,34.0,5032,1766,209,-28,-114,3.5,96.49,100.0
2026-05-08,1609,大亞,35.2,37.15,35.15,36.05,27013,12297,-2646,0,194,12.26,87.73,100.0
2026-05-08,1611,中電,11.9,12.1,11.85,11.9,607,164,106,0,-10,10.04,89.95,100.0
2026-05-08,1612,宏泰,37.05,37.2,36.35,36.7,1257,231,-404,153,0,18.32,81.67,100.0
2026-05-08,1614,三洋電,32.25,32.25,31.85,32.0,72,9,-16,0,0,2.28,97.71,100.0
2026-05-08,1615,大山,45.6,46.5,44.55,44.7,455,102,-44,0,1,1.07,98.92,100.0
2026-05-08,1616,億泰,22.6,22.85,22.15,22.15,929,301,-230,0,-1,2.34,97.65,100.0
2026-05-08,1617,榮星,15.3,15.3,14.9,15.05,257,66,-13,0,0,19.55,80.44,100.0
2026-05-08,1618,合機,39.85,40.4,39.1,39.2,1286,464,-66,0,12,0.89,99.1,100.0
2026-05-08,1623,大東電,245.0,248.5,243.0,246.0,178,0,5,0,-1,0.42,99.57,100.0
2026-05-08,1626,艾美特-KY,11.2,11.2,10.9,10.95,251,14,188,0,2,43.59,56.4,100.0
2026-05-08,1702,南僑,34.55,34.65,34.25,34.35,675,57,-84,-284,-9,8.68,91.31,100.0
2026-05-08,1707,葡萄王,112.5,114.0,112.5,113.0,142,13,-7,0,0,14.52,85.47,100.0
2026-05-08,1708,東鹼,38.1,38.7,37.15,37.2,3689,872,-569,0,-120,14.63,85.36,100.0
2026-05-08,1709,和益,18.5,18.8,18.5,18.65,476,74,50,0,-5,3.25,96.74,100.0
2026-05-08,1710,東聯,12.35,12.45,12.1,12.1,2189,469,-662,0,10,4.48,95.51,100.0
2026-05-08,1711,永光,58.0,59.0,57.5,57.5,6846,0,-1208,0,-92,6.74,93.25,100.0
2026-05-08,1712,興農,42.2,42.2,41.8,41.95,700,83,-268,0,0,15.33,84.66,100.0
2026-05-08,1713,國化,48.25,48.3,46.85,47.5,168,44,-24,0,-5,1.03,98.96,100.0
2026-05-08,1714,和桐,9.15,9.36,9.15,9.23,2594,720,85,0,2,20.07,79.92,100.0
2026-05-08,1717,長興,80.1,80.6,74.7,77.9,38807,15852,-10479,0,-554,9.54,90.45,100.0
2026-05-08,1718,中纖,6.35,6.42,6.28,6.34,4962,1048,-770,0,8,5.56,94.43,100.0
2026-05-08,1720,生達,61.0,61.5,60.8,61.1,241,63,-74,0,1,5.1,94.89,100.0
2026-05-08,1721,三晃,29.95,29.95,27.85,28.5,3096,0,-86,0,-56,4.38,95.61,100.0
2026-05-08,1722,台肥,47.2,47.2,46.55,46.55,2754,335,-379,0,-10,7.36,92.63,100.0
2026-05-08,1723,中碳,80.2,82.0,78.7,79.9,1227,438,-14,0,-15,8.0,91.99,100.0
2026-05-08,1725,元禎,31.6,31.9,30.95,31.45,236,65,0,0,-1,0.37,99.62,100.0
2026-05-08,1726,永記,76.4,76.6,76.1,76.6,41,0,-5,0,0,12.95,87.04,100.0
2026-05-08,1727,中華化,77.4,78.5,71.1,72.3,8658,3316,-1016,0,0,6.61,93.38,100.0
2026-05-08,1730,花仙子,53.0,53.0,52.8,52.8,26,0,-2,0,0,6.78,93.21,100.0
2026-05-08,1731,美吾華,21.8,21.8,21.6,21.7,148,14,20,0,0,1.22,98.77,100.0
2026-05-08,1732,毛寶,26.9,27.65,26.5,26.5,747,284,40,0,0,2.44,97.55,100.0
2026-05-08,1733,五鼎,28.3,28.5,28.05,28.35,127,18,-1,0,-5,3.71,96.28,100.0
2026-05-08,1734,杏輝,30.7,30.9,30.55,30.65,314,32,-168,0,0,5.36,94.63,100.0
2026-05-08,1735,日勝化,26.0,26.4,25.15,25.4,700,199,107,0,1,50.71,49.28,100.0
2026-05-08,1736,喬山,128.5,128.5,123.0,125.0,462,140,-88,0,1,4.53,95.46,100.0
2026-05-08,1737,臺鹽,31.65,31.8,31.5,31.55,77,10,9,0,0,8.5,91.49,100.0
2026-05-08,1742,台蠟,15.7,15.7,15.2,15.5,20,3,0,0,0,0.21,99.78,100.0
2026-05-08,1752,南光,34.45,34.45,33.45,33.9,54,8,8,0,0,1.79,98.2,100.0
2026-05-08,1760,寶齡富錦,66.7,66.7,64.1,64.4,250,31,-84,0,0,11.82,88.17,100.0
2026-05-08,1762,中化生,38.75,38.75,38.75,38.75,1200,129,-3,0,55,2.04,97.95,100.0
2026-05-08,1773,勝一,176.5,178.0,171.5,172.5,885,293,45,0,-16,7.95,92.04,100.0
2026-05-08,1776,展宇,17.25,17.25,16.95,17.0,81,9,-9,0,3,0.62,99.37,100.0
2026-05-08,1777,生泰,70.9,71.9,70.9,71.9,35,1,1,0,0,1.28,98.71,100.0
2026-05-08,1780,立弘,31.53,32.4,31.6,31.85,95,0,0,0,0,0.0,0.0,0.0
2026-05-08,1781,合世,10.8,10.95,10.75,10.85,34,1,0,0,0,0.57,99.42,100.0
2026-05-08,1783,和康生,39.95,39.95,39.35,39.4,78,7,-7,0,0,7.29,92.7,100.0
2026-05-08,1784,訊聯,71.9,73.2,71.1,72.6,168,35,-2,0,-1,6.81,93.18,100.0
2026-05-08,1785,光洋科,180.0,185.0,166.5,167.0,56741,16645,-19026,96,-270,21.66,78.33,100.0
2026-05-08,1786,科妍,57.2,58.2,56.8,56.8,264,66,2,0,0,1.47,98.52,100.0
2026-05-08,1788,杏昌,135.0,135.5,134.5,135.5,17,2,0,0,0,10.87,89.12,100.0
2026-05-08,1789,神隆,20.3,20.3,19.8,19.8,775,117,-158,0,8,1.73,98.26,100.0
2026-05-08,1795,美時,234.5,242.0,232.5,236.5,6067,2315,-837,0,41,53.3,46.69,100.0
2026-05-08,1796,金穎生技,38.4,38.4,37.55,37.55,51,14,0,0,0,0.8,99.19,100.0
2026-05-08,1799,易威,37.4,37.4,35.8,36.0,253,0,-64,0,0,11.69,88.3,100.0
2026-05-08,1802,台玻,71.4,71.8,67.3,68.9,84842,48099,-10238,0,-1476,5.45,94.54,100.0
2026-05-08,1805,寶徠,10.8,10.9,10.7,10.75,99,9,12,0,-4,0.62,99.37,100.0
2026-05-08,1806,冠軍,8.29,8.29,8.2,8.25,248,6,30,0,-1,9.47,90.52,100.0
2026-05-08,1808,潤隆,28.4,28.65,28.2,28.45,849,137,-44,0,0,4.05,95.94,100.0
2026-05-08,1809,中釉,34.75,37.25,33.65,36.0,23648,13312,469,0,1,5.11,94.88,100.0
2026-05-08,1810,和成,18.6,19.25,18.45,18.5,3210,1018,285,-15,0,3.59,96.4,100.0
2026-05-08,1813,寶利徠,12.25,12.3,12.2,12.3,30,1,2,0,0,9.46,90.53,100.0
2026-05-08,1815,富喬,110.0,110.5,105.0,107.0,36464,12364,-9506,-391,-358,20.03,79.96,100.0
2026-05-08,1817,凱撒衛,38.6,38.6,38.5,38.5,73,1,1,0,0,1.67,98.32,100.0
2026-05-08,1903,士紙,49.55,49.85,49.25,49.3,147,29,29,0,-1,11.07,88.92,100.0
2026-05-08,1904,正隆,17.6,17.6,17.4,17.45,1277,159,-559,0,-4,8.69,91.3,100.0
2026-05-08,1905,華紙,12.7,12.75,12.4,12.45,2751,512,-955,0,8,2.47,97.52,100.0
2026-05-08,1906,寶隆,11.2,11.2,10.95,11.0,45,2,-1,0,0,0.56,99.43,100.0
2026-05-08,1907,永豐餘,24.2,24.2,23.95,24.05,1062,149,109,-9,2,12.05,87.94,100.0
2026-05-08,1909,榮成,9.19,9.25,9.11,9.17,2371,574,107,0,-15,8.16,91.83,100.0
2026-05-08,2002,中鋼,18.85,18.85,18.6,18.75,37205,4443,-13107,21,203,13.28,86.71,100.0
2026-05-08,2006,東和鋼鐵,67.8,67.8,66.3,67.4,2125,374,-368,-121,-84,18.71,81.28,100.0
2026-05-08,2007,燁興,7.38,7.4,7.28,7.37,426,0,45,0,4,0.64,99.35,100.0
2026-05-08,2008,高興昌,28.25,28.25,27.15,28.15,57,7,12,0,0,7.69,92.3,100.0
2026-05-08,2009,第一銅,39.05,39.05,37.8,37.9,2032,326,-1091,0,-8,1.92,98.07,100.0
2026-05-08,2010,春源,24.6,24.6,23.3,23.4,7813,835,-5018,0,6,9.32,90.67,100.0
2026-05-08,2012,春雨,15.0,15.2,14.9,15.1,47,2,19,0,-2,1.41,98.58,100.0
2026-05-08,2013,中鋼構,42.9,43.2,42.65,42.8,124,16,-13,0,-5,7.09,92.9,100.0
2026-05-08,2014,中鴻,18.3,18.3,17.75,17.85,3449,544,153,0,0,4.65,95.34,100.0
2026-05-08,2015,豐興,62.5,62.8,61.8,62.5,474,93,282,-36,-7,12.12,87.87,100.0
2026-05-08,2017,官田鋼,8.85,8.97,8.72,8.84,664,204,-182,0,1,1.7,98.29,100.0
2026-05-08,2020,美亞,21.85,22.05,21.85,21.95,491,59,-86,0,0,1.67,98.32,100.0
2026-05-08,2022,聚亨,8.15,8.21,8.0,8.04,586,102,-107,0,-1,2.42,97.57,100.0
2026-05-08,2023,燁輝,14.05,14.5,13.9,14.4,3877,1381,-307,0,-10,4.3,95.69,100.0
2026-05-08,2024,志聯,14.2,14.3,14.2,14.3,6,0,3,0,0,0.45,99.54,100.0
2026-05-08,2025,千興,11.05,11.5,11.05,11.3,445,0,36,0,-16,0.72,99.27,100.0
2026-05-08,2027,大成鋼,39.1,39.8,38.65,39.6,33348,6548,12942,-716,1380,13.54,86.45,100.0
2026-05-08,2028,威致,17.25,17.55,16.75,17.15,294,42,24,0,-11,0.7,99.29,100.0
2026-05-08,2029,盛餘,20.25,20.25,20.05,20.1,176,23,57,0,-2,66.47,33.52,100.0
2026-05-08,2030,彰源,16.5,16.5,16.2,16.4,584,120,20,0,-1,2.53,97.46,100.0
2026-05-08,2031,新光鋼,39.85,39.85,39.05,39.65,680,181,-210,-16,30,7.86,92.13,100.0
2026-05-08,2032,新鋼,17.1,17.1,16.35,16.55,794,239,-106,0,1,1.33,98.66,100.0
2026-05-08,2033,佳大,15.1,15.2,14.9,15.2,163,35,25,0,3,1.01,98.98,100.0
2026-05-08,2034,允強,21.55,21.55,20.95,21.2,1339,281,37,0,-94,3.93,96.06,100.0
2026-05-08,2035,唐榮,27.55,27.85,27.55,27.85,9,0,0,0,0,0.03,99.96,100.0
2026-05-08,2038,海光,14.2,14.25,13.8,13.9,289,61,-97,0,-1,1.08,98.91,100.0
2026-05-08,2049,上銀,322.0,324.5,308.0,319.5,6374,3674,537,0,-138,34.18,65.81,100.0
2026-05-08,2059,川湖,5320.0,5320.0,5185.0,5320.0,1475,435,402,236,-13,24.61,75.38,100.0
2026-05-08,2061,風青,21.2,21.3,20.35,20.6,972,396,23,0,5,2.29,97.7,100.0
2026-05-08,2062,橋椿,20.7,20.85,20.2,20.3,582,38,-339,-10,0,7.07,92.92,100.0
2026-05-08,2063,世鎧,25.1,25.55,25.0,25.55,25,3,1,0,0,0.96,99.03,100.0
2026-05-08,2064,晉椿,13.6,13.6,12.6,12.8,27,8,0,0,0,0.06,99.93,100.0
2026-05-08,2065,世豐,28.6,30.45,28.6,30.1,162,19,10,0,0,1.37,98.62,100.0
2026-05-08,2066,世德,44.7,44.7,43.6,44.1,63,11,-6,0,0,9.98,90.01,100.0
2026-05-08,2067,嘉鋼,6.79,7.51,6.68,7.51,96,0,0,0,0,11.35,88.64,100.0
2026-05-08,2069,運錩,19.6,20.0,19.4,19.6,908,143,315,0,-3,2.22,97.77,100.0
2026-05-08,2070,精湛,72.6,79.0,70.7,72.2,4750,2622,-197,0,-4,1.98,98.01,100.0
2026-05-08,2071,震南鐵,20.15,20.3,19.85,19.95,66,0,2,0,0,0.0,0.0,0.0
2026-05-08,2072,世紀風電,180.0,183.5,177.5,180.5,478,0,90,40,0,1.6,98.39,100.0
2026-05-08,2073,雄順,26.9,26.9,26.9,26.9,2,0,0,0,0,0.04,99.96,100.0
2026-05-08,2101,南港,34.7,34.95,34.05,34.5,1039,158,198,0,-8,5.0,94.99,100.0
2026-05-08,2102,泰豐,18.8,18.9,18.7,18.8,251,19,-10,0,-1,3.15,96.84,100.0
2026-05-08,2103,台橡,19.95,21.15,19.8,20.3,23456,11128,3585,0,28,21.23,78.76,100.0
2026-05-08,2104,國際中橡,10.5,10.8,10.3,10.3,3141,745,-1171,0,-4,5.64,94.35,100.0
2026-05-08,2105,正新,32.2,32.3,31.75,32.1,11623,3398,-2945,-60,-144,11.52,88.47,100.0
2026-05-08,2106,建大,17.55,17.6,17.2,17.2,602,129,-165,0,1,8.01,91.98,100.0
2026-05-08,2107,厚生,26.5,26.55,26.1,26.1,304,19,-48,0,0,6.35,93.64,100.0
2026-05-08,2108,南帝,27.5,29.25,27.3,28.5,4856,1058,1752,0,30,5.08,94.91,100.0
2026-05-08,2109,華豐,14.0,14.0,13.95,14.0,108,0,36,0,0,15.11,84.88,100.0
2026-05-08,2114,鑫永銓,87.0,88.2,87.0,88.2,91,11,2,0,0,4.15,95.84,100.0
2026-05-08,2115,六暉-KY,21.75,21.75,21.25,21.3,66,8,3,0,1,44.18,55.81,100.0
2026-05-08,2201,裕隆,27.9,28.25,27.7,27.75,4559,846,1005,0,-5,4.71,95.28,100.0
2026-05-08,2204,中華,55.3,55.5,54.4,54.4,951,251,-111,167,0,19.0,80.99,100.0
2026-05-08,2206,三陽工業,58.0,58.3,57.9,58.0,1256,141,-272,-130,0,5.97,94.02,100.0
2026-05-08,2207,和泰車,494.0,494.0,478.5,487.0,372,105,-5,-39,-1,21.78,78.21,100.0
2026-05-08,2208,台船,21.25,21.9,21.05,21.7,10171,0,1105,-4,-335,10.26,89.73,100.0
2026-05-08,2211,長榮鋼,99.6,99.6,98.0,98.5,613,105,-304,-7,0,4.14,95.85,100.0
2026-05-08,2221,大甲,35.6,37.5,35.6,35.9,300,133,-14,0,0,1.34,98.65,100.0
2026-05-08,2227,裕日車,54.0,54.0,52.9,53.8,38,0,18,0,0,40.35,59.64,100.0
2026-05-08,2228,劍麟,91.2,91.2,88.6,88.6,185,39,10,0,0,3.16,96.83,100.0
2026-05-08,2230,泰茂,35.75,37.95,33.15,33.85,3408,1497,-786,0,-5,7.6,92.39,100.0
2026-05-08,2231,為升,118.0,121.5,114.0,116.0,965,430,-241,0,11,5.61,94.38,100.0
2026-05-08,2233,宇隆,287.0,297.5,280.0,292.0,905,0,-82,0,-45,7.28,92.71,100.0
2026-05-08,2235,謚源,30.5,30.85,29.9,29.9,11,1,0,0,0,0.08,99.91,100.0
2026-05-08,2236,百達-KY,131.5,135.0,131.5,135.0,406,103,-30,0,0,52.08,47.91,100.0
2026-05-08,2237,華德動能,36.09,37.2,33.85,35.3,417,0,-8,0,0,0.0,0.0,0.0
2026-05-08,2239,英利-KY,22.4,22.5,22.2,22.2,38,7,-8,0,-1,75.41,24.58,100.0
2026-05-08,2241,艾姆勒,30.9,30.9,29.5,29.65,583,67,-159,0,2,8.98,91.01,100.0
2026-05-08,2243,宏旭-KY,23.8,23.8,23.8,23.8,2037,124,39,0,0,26.11,73.88,100.0
2026-05-08,2245,詠勝昌*,27.81,27.8,27.8,27.8,1,0,0,0,0,0.0,0.0,0.0
2026-05-08,2247,汎德永業,214.0,217.5,214.0,215.0,88,17,11,0,0,4.06,95.93,100.0
2026-05-08,2248,華勝-KY,55.4,56.0,53.5,55.6,46,4,-1,0,-2,50.31,49.68,100.0
2026-05-08,2249,湧盛,118.25,120.0,117.0,118.5,34,0,-1,0,0,0.0,0.0,0.0
2026-05-08,2250,IKKA-KY,65.2,65.3,62.5,63.5,80,9,3,0,0,7.16,92.77,100.0
2026-05-08,2252,為昇科,20.1,20.3,19.65,19.9,119,0,0,0,0,0.0,0.0,0.0
2026-05-08,2254,巨鎧精密-創,68.2,68.5,68.2,68.5,3,0,3,0,0,23.68,76.31,100.0
2026-05-08,2255,凱銳光電,19.99,20.0,19.4,19.4,26,0,0,0,0,0.0,0.0,0.0
2026-05-08,2256,歐特明,92.66,92.7,85.7,90.0,455,0,-27,0,0,0.0,0.0,0.0
2026-05-08,2258,鴻華先進-創,28.95,29.8,28.6,28.7,1295,454,144,0,-3,0.35,99.64,100.0
2026-05-08,2301,光寶科,208.0,214.5,198.5,204.0,98460,51164,10059,-4807,-1341,39.28,60.71,100.0
2026-05-08,2302,麗正,20.15,20.35,19.1,19.55,1144,328,243,0,-1,3.14,96.85,100.0
2026-05-08,2303,聯電,96.5,98.8,89.9,91.3,219273,113801,-11332,2535,-3297,36.44,63.55,100.0
2026-05-08,2305,全友,17.8,17.8,17.2,17.8,9100,2607,1083,0,-7,4.8,95.19,100.0
2026-05-08,2308,台達電,2230.0,2250.0,2170.0,2200.0,11802,2620,-4460,111,30,64.28,35.71,100.0
2026-05-08,2312,金寶,28.6,29.8,27.7,27.95,44666,22545,2934,-726,-419,6.08,93.91,100.0
2026-05-08,2313,華通,245.5,259.5,239.0,253.5,86924,58044,3880,892,29,25.38,74.61,100.0
2026-05-08,2314,台揚,13.0,13.0,12.9,13.0,395,0,0,0,0,1.59,98.4,100.0
2026-05-08,2316,楠梓電,117.0,117.0,110.0,112.5,5313,2326,-1567,0,-63,32.41,67.58,100.0
2026-05-08,2317,鴻海,254.0,256.0,245.5,250.0,102375,25674,30089,342,-1500,39.06,60.93,100.0
2026-05-08,2321,東訊,13.0,13.0,12.35,12.35,14,0,0,0,0,0.01,99.98,100.0
2026-05-08,2323,中環,10.75,11.0,10.55,10.55,6010,1877,-594,0,-15,10.99,89.0,100.0
2026-05-08,2324,仁寶,29.9,30.25,29.15,29.65,60000,20894,-6422,-442,-298,38.06,61.93,100.0
2026-05-08,2327,國巨*,390.0,400.0,369.5,389.0,96857,52647,667,6097,51,53.19,46.8,100.0
2026-05-08,2328,廣宇,53.6,53.6,51.2,51.8,9667,2425,1086,0,-205,8.41,91.58,100.0
2026-05-08,2329,華泰,62.2,62.4,58.2,59.7,18616,7951,-775,0,-761,11.55,88.44,100.0
2026-05-08,2330,台積電,2300.0,2310.0,2265.0,2290.0,31730,5823,-857,1268,107,70.66,29.33,100.0
2026-05-08,2331,精英,20.6,21.05,20.25,20.35,2481,772,-524,-29,-4,6.85,93.14,100.0
2026-05-08,2332,友訊,14.2,14.55,13.9,13.95,3873,1514,210,0,7,10.15,89.84,100.0
2026-05-08,2337,旺宏,160.0,164.5,149.0,153.0,169291,79972,1095,-1448,-1156,25.65,74.34,100.0
2026-05-08,2338,光罩,54.0,57.0,50.2,51.5,22940,11530,1278,0,-130,4.91,95.08,100.0
2026-05-08,2340,台亞,40.8,40.8,37.2,37.3,15424,6067,-651,0,-531,8.63,91.36,100.0
2026-05-08,2342,茂矽,45.75,46.7,42.4,43.8,31903,19301,-761,0,-68,5.43,94.56,100.0
2026-05-08,2344,華邦電,111.0,115.0,103.5,107.0,174129,86913,-15612,1781,-623,20.71,79.28,100.0
2026-05-08,2345,智邦,2400.0,2425.0,2305.0,2375.0,10934,4374,-1883,-355,219,57.83,42.16,100.0
2026-05-08,2347,聯強,84.2,84.9,82.2,82.2,3652,1048,-639,-435,-73,33.21,66.78,100.0
2026-05-08,2348,海悅,71.7,71.7,70.4,70.9,311,60,-98,0,0,0.85,99.14,100.0
2026-05-08,2349,錸德,12.8,12.95,12.4,12.45,4317,0,-1897,0,-2,11.22,88.77,100.0
2026-05-08,2351,順德,179.5,183.0,170.0,183.0,14140,4681,2711,0,-47,15.7,84.29,100.0
2026-05-08,2352,佳世達,25.1,25.4,24.8,24.85,5032,1628,237,0,-6,9.97,90.02,100.0
2026-05-08,2353,宏碁,28.1,28.6,27.8,27.8,29518,10224,-5041,-2415,-218,9.69,90.3,100.0
2026-05-08,2354,鴻準,63.0,63.0,60.2,61.4,25532,7861,-5009,0,-409,11.33,88.66,100.0
2026-05-08,2355,敬鵬,52.7,54.0,50.3,51.8,13063,5754,-2532,0,-415,18.22,81.77,100.0
2026-05-08,2356,英業達,50.0,51.0,48.85,49.55,37330,14316,9713,-152,-580,17.07,82.92,100.0
2026-05-08,2357,華碩,640.0,670.0,638.0,650.0,9024,2513,3219,-996,47,35.26,64.73,100.0
2026-05-08,2359,所羅門,120.5,124.0,118.0,119.5,1773,729,98,0,3,3.77,96.22,100.0
2026-05-08,2360,致茂,2325.0,2370.0,2210.0,2230.0,4059,1274,248,71,-74,57.71,42.28,100.0
2026-05-08,2362,藍天,39.95,40.4,39.35,39.9,990,201,-172,0,-3,10.54,89.45,100.0
2026-05-08,2363,矽統,58.0,62.2,57.1,59.4,34532,15838,8514,0,262,8.1,91.89,100.0
2026-05-08,2364,倫飛,65.0,65.2,63.7,63.9,116,19,-37,0,0,15.08,84.91,100.0
2026-05-08,2365,昆盈,36.3,37.85,35.9,36.25,8343,6061,-78,0,83,1.47,98.52,100.0
2026-05-08,2367,燿華,61.4,65.0,60.5,61.7,62713,39333,-3153,0,147,6.93,93.06,100.0
2026-05-08,2368,金像電,1460.0,1460.0,1305.0,1330.0,7086,2813,-131,-335,-9,25.65,74.34,100.0
2026-05-08,2369,菱生,32.8,33.75,30.25,30.7,20342,8429,-4530,0,-909,14.78,85.21,100.0
2026-05-08,2371,大同,31.1,31.8,30.5,30.55,26689,12506,-1970,36,342,8.1,91.89,100.0
2026-05-08,2373,震旦行,57.0,57.3,56.3,56.8,51,8,19,0,-2,0.81,99.18,100.0
2026-05-08,2374,佳能,79.6,81.1,77.1,78.5,8950,4214,-502,0,-130,4.73,95.26,100.0
2026-05-08,2375,凱美,92.1,95.5,89.5,90.4,9064,5888,-347,0,-8,9.17,90.82,100.0
2026-05-08,2376,技嘉,316.0,323.5,304.5,317.0,21918,9818,4094,-108,37,22.52,77.47,100.0
2026-05-08,2377,微星,100.5,103.5,98.9,100.0,13009,4711,2559,6,-90,13.11,86.88,100.0
2026-05-08,2379,瑞昱,555.0,592.0,551.0,592.0,9246,2004,1882,-264,117,49.79,50.2,100.0
2026-05-08,2380,虹光,5.3,5.6,5.3,5.6,227,0,0,0,0,0.25,99.74,100.0
2026-05-08,2382,廣達,343.5,345.5,335.5,340.5,17406,6129,1384,164,-46,26.79,73.2,100.0
2026-05-08,2383,台光電,4810.0,4905.0,4670.0,4750.0,2812,1179,-138,3,-42,42.51,57.48,100.0
2026-05-08,2385,群光,132.0,134.5,131.0,134.0,4902,1513,-274,729,-47,19.73,80.26,100.0
2026-05-08,2387,精元,41.65,41.85,40.6,40.75,815,185,-249,0,0,8.63,91.36,100.0
2026-05-08,2388,威盛,75.0,76.5,70.8,71.4,13102,5518,-700,0,-633,14.07,85.92,100.0
2026-05-08,2390,云辰,9.55,9.85,9.36,9.46,799,269,-93,0,-5,1.96,98.03,100.0
2026-05-08,2392,正崴,40.9,41.15,38.8,38.8,3618,1083,-1055,0,-29,5.96,94.03,100.0
2026-05-08,2393,億光,72.7,74.7,72.7,73.7,5034,1732,1334,608,31,33.15,66.84,100.0
2026-05-08,2395,研華,450.0,488.0,449.5,476.5,10464,3865,2770,49,-16,35.49,64.5,100.0
2026-05-08,2397,友通,60.4,60.4,58.6,59.2,263,55,0,0,-1,15.3,84.69,100.0
2026-05-08,2399,映泰,43.2,44.55,42.1,42.3,14536,7056,-1192,0,127,2.46,97.53,100.0
2026-05-08,2401,凌陽,25.55,26.35,24.65,25.3,11519,5360,156,0,-1,12.54,87.45,100.0
2026-05-08,2402,毅嘉,70.7,70.7,66.7,68.0,8389,2759,-841,0,-115,8.88,90.5,100.0
2026-05-08,2404,漢唐,999.0,1050.0,996.0,1015.0,6940,2657,1804,-63,54,26.97,73.02,100.0
2026-05-08,2405,輔信,15.35,15.45,14.9,14.95,2420,559,-1066,0,0,4.63,95.36,100.0
2026-05-08,2406,國碩,34.6,35.4,32.85,33.0,14502,7193,-1328,0,0,15.54,84.45,100.0
2026-05-08,2408,南亞科,282.0,289.0,260.0,274.0,130863,69412,-4297,1797,-675,11.39,88.6,100.0
2026-05-08,2409,友達,18.45,18.9,17.75,17.85,206094,108022,-6425,0,-3241,11.8,88.19,100.0
2026-05-08,2412,中華電,136.0,136.5,135.5,136.5,9445,2506,-1034,-2,60,17.5,31.49,49.0
2026-05-08,2413,環科,45.75,49.3,45.6,46.1,4029,1967,-458,0,0,3.94,96.05,100.0
2026-05-08,2414,精技,48.25,49.9,48.2,48.9,548,126,146,0,-2,5.2,94.79,100.0
2026-05-08,2415,錩新,27.8,28.45,27.7,28.0,204,51,-43,0,0,20.99,79.0,100.0
2026-05-08,2417,圓剛,50.6,53.6,49.85,50.4,4972,1978,-687,0,-9,3.45,96.54,100.0
2026-05-08,2419,仲琦,30.7,31.6,29.85,30.05,1974,883,-113,0,0,1.22,98.77,100.0
2026-05-08,2420,新巨,55.0,56.0,55.0,55.5,695,133,89,0,-2,7.34,92.65,100.0
2026-05-08,2421,建準,149.5,159.0,148.0,149.0,14241,7335,-503,0,137,28.29,71.7,100.0
2026-05-08,2423,固緯,66.5,68.0,64.6,65.7,372,127,29,0,-2,5.11,94.88,100.0
2026-05-08,2424,隴華,17.8,19.25,17.2,19.25,448,0,-65,0,0,1.34,47.65,49.0
2026-05-08,2425,承啟,31.0,31.9,30.5,30.85,443,123,-51,0,7,9.58,90.41,100.0
2026-05-08,2426,鼎元,70.2,72.6,66.9,67.5,6152,0,-124,0,-585,8.74,91.25,100.0
2026-05-08,2427,三商電,21.35,22.0,21.3,21.55,843,199,113,0,-3,3.6,96.39,100.0
2026-05-08,2428,興勤,182.0,193.0,178.0,190.5,3916,1903,603,0,23,17.32,82.67,100.0
2026-05-08,2429,銘旺科,53.5,54.9,52.8,53.8,371,0,1,0,0,1.11,98.88,100.0
2026-05-08,2430,燦坤,19.95,19.95,19.85,19.9,106,2,-7,0,-1,2.74,97.25,100.0
2026-05-08,2431,聯昌,10.85,11.15,10.75,10.8,555,0,34,0,0,2.19,97.8,100.0
2026-05-08,2432,倚天,27.25,27.75,27.2,27.6,124,7,46,0,-2,0.69,99.3,100.0
2026-05-08,2432,倚天酷碁-創,27.25,27.75,27.2,27.6,124,7,46,0,-2,0.69,99.3,100.0
2026-05-08,2433,互盛電,45.75,45.9,45.5,45.75,45,3,8,0,0,0.99,99.0,100.0
2026-05-08,2434,統懋,32.25,32.25,31.0,31.95,42,6,8,0,0,1.1,98.89,100.0
2026-05-08,2436,偉詮電,73.3,74.5,70.5,72.0,6379,2489,489,0,-181,8.59,91.4,100.0
2026-05-08,2438,翔耀,23.4,23.4,22.5,22.6,258,0,3,0,0,1.06,98.93,100.0
2026-05-08,2439,美律,86.5,87.0,85.8,86.2,1322,239,-313,-4,-32,12.5,87.49,100.0
2026-05-08,2440,太空梭,17.7,17.9,16.5,16.75,1341,400,201,0,2,1.65,98.34,100.0
2026-05-08,2441,超豐,93.5,93.9,88.6,90.5,7727,2596,-2295,-24,-159,13.43,86.56,100.0
2026-05-08,2442,新美齊,18.65,18.8,18.45,18.65,1514,327,-508,0,1,2.0,97.99,100.0
2026-05-08,2444,兆勁,13.9,14.2,13.15,13.15,1105,0,-207,0,0,1.94,98.05,100.0
2026-05-08,2449,京元電子,336.0,341.0,306.5,311.0,40147,13679,-6745,-1464,-1172,29.68,70.31,100.0
2026-05-08,2450,神腦,29.7,29.95,29.7,29.9,210,14,96,0,22,1.3,98.69,100.0
2026-05-08,2451,創見,313.0,330.0,301.5,312.5,22628,11229,4261,-383,74,11.73,88.26,100.0
2026-05-08,2453,凌群,55.0,55.5,54.2,54.6,336,59,98,0,0,4.78,95.21,100.0
2026-05-08,2454,聯發科,3320.0,3670.0,3320.0,3630.0,9525,0,-500,185,213,56.55,43.44,100.0
2026-05-08,2455,全新,335.0,341.0,329.0,337.0,2191,0,506,7,-41,23.99,76.0,100.0
2026-05-08,2457,飛宏,25.5,25.55,24.2,24.25,4431,757,-2310,0,-62,6.03,93.96,100.0
2026-05-08,2458,義隆,144.5,155.0,144.0,151.5,8538,2868,2794,-959,37,22.47,77.52,100.0
2026-05-08,2459,敦吉,66.4,67.1,66.4,66.7,108,8,25,0,-1,17.04,82.95,100.0
2026-05-08,2460,建通,33.05,33.35,32.0,32.0,1204,0,-76,0,-74,0.94,99.05,100.0
2026-05-08,2461,光群雷,17.0,17.05,16.5,16.5,681,153,-22,0,3,4.9,95.09,100.0
2026-05-08,2462,良得電,21.3,22.35,21.3,21.85,1023,302,-292,0,-3,1.6,98.39,100.0
2026-05-08,2464,盟立,112.0,122.0,109.0,122.0,55247,34685,-1928,0,526,10.58,89.41,100.0
2026-05-08,2465,麗臺,86.3,88.4,79.5,80.5,3983,1674,-147,0,0,4.27,95.72,100.0
2026-05-08,2466,冠西電,53.2,54.6,50.0,50.4,790,270,44,0,-1,10.48,89.51,100.0
2026-05-08,2467,志聖,555.0,564.0,524.0,537.0,1940,826,107,17,-50,18.29,81.7,100.0
2026-05-08,2468,華經,36.0,38.1,35.7,35.8,1120,528,-174,0,0,1.61,98.38,100.0
2026-05-08,2471,資通,52.9,53.7,52.9,53.1,191,33,37,0,0,5.74,94.25,100.0
2026-05-08,2472,立隆電,198.5,221.5,197.5,221.5,10762,4536,1318,0,0,13.37,86.62,100.0
2026-05-08,2474,可成,206.0,207.0,199.5,205.0,5464,2202,-966,743,-93,25.09,74.9,100.0
2026-05-08,2476,鉅祥,115.0,115.5,109.0,112.0,6334,2225,-148,0,64,11.67,88.32,100.0
2026-05-08,2477,美隆電,21.25,21.25,20.75,21.0,306,71,-57,0,-2,23.38,76.61,100.0
2026-05-08,2478,大毅,80.3,83.8,77.9,78.1,11626,6840,367,0,-61,14.45,85.54,100.0
2026-05-08,2480,敦陽科,148.5,149.5,146.0,148.0,322,30,-12,-5,0,9.83,90.16,100.0
2026-05-08,2481,強茂,103.0,104.5,98.5,99.5,15039,6230,-2917,-218,-534,20.66,79.33,100.0
2026-05-08,2482,連宇,16.55,16.85,16.55,16.7,165,27,30,0,-3,1.39,98.6,100.0
2026-05-08,2483,百容,24.1,24.4,23.3,23.8,453,114,66,0,1,1.76,98.23,100.0
2026-05-08,2484,希華,44.4,47.6,41.4,41.8,30250,17036,-3938,0,-22,4.2,95.79,100.0
2026-05-08,2485,兆赫,67.7,71.2,66.0,68.6,39430,27524,-1183,0,0,1.74,98.25,100.0
2026-05-08,2486,一詮,278.0,289.0,277.5,281.5,2255,0,53,0,5,17.32,82.67,100.0
2026-05-08,2488,漢平,52.3,52.3,51.6,51.9,160,27,-9,0,0,6.87,93.12,100.0
2026-05-08,2489,瑞軒,43.8,44.9,41.4,41.6,38356,18304,-1432,0,-691,4.73,95.26,100.0
2026-05-08,2491,吉祥全,18.8,21.1,18.8,21.1,2414,786,91,0,3,6.19,93.8,100.0
2026-05-08,2492,華新科,159.5,164.5,152.5,156.0,39690,25360,-302,1,-445,17.32,82.67,100.0
2026-05-08,2493,揚博,136.5,138.0,130.0,131.5,4012,1145,-454,1,-84,2.58,97.41,100.0
2026-05-08,2495,普安,39.0,39.05,36.8,36.8,16485,3307,-5560,0,-198,6.9,93.09,100.0
2026-05-08,2496,卓越,65.2,66.2,65.2,65.9,44,2,5,0,0,23.13,76.86,100.0
2026-05-08,2497,怡利電,61.0,62.7,60.0,60.7,2984,1243,-349,0,-14,3.16,96.83,100.0
2026-05-08,2498,宏達電,40.9,41.25,39.3,39.35,12845,4151,-5444,0,-339,8.86,91.13,100.0
2026-05-08,2501,國建,23.5,23.5,22.95,23.0,2409,390,-903,0,-8,11.3,88.69,100.0
2026-05-08,2504,國產,35.0,35.2,34.65,34.75,2022,297,-768,-64,57,7.87,92.12,100.0
2026-05-08,2505,國揚,17.9,17.9,17.55,17.75,656,67,-262,0,1,3.96,96.03,100.0
2026-05-08,2506,太設,8.8,8.8,8.66,8.75,80,15,3,0,0,4.81,95.18,100.0
2026-05-08,2509,全坤建,13.55,13.6,13.4,13.4,303,23,-67,0,0,1.41,98.58,100.0
2026-05-08,2511,太子,7.98,7.98,7.61,7.81,2789,919,7,0,-42,2.5,97.49,100.0
2026-05-08,2514,龍邦,13.35,13.35,13.15,13.25,217,27,8,0,0,2.29,97.7,100.0
2026-05-08,2515,中工,13.25,13.4,13.1,13.1,3251,826,-825,0,-1,8.71,91.28,100.0
2026-05-08,2516,新建,13.75,13.75,13.2,13.2,320,0,5,0,0,2.45,97.54,100.0
2026-05-08,2520,冠德,29.5,30.25,29.25,30.05,1561,185,345,0,-3,12.14,87.85,100.0
2026-05-08,2524,京城,36.6,38.0,36.3,36.85,245,35,-17,0,-3,0.73,99.26,100.0
2026-05-08,2527,宏璟,34.9,35.2,33.85,34.65,304,106,-36,0,-7,42.33,57.66,100.0
2026-05-08,2528,皇普,22.45,22.8,22.2,22.25,377,102,-17,0,-1,1.38,98.61,100.0
2026-05-08,2530,華建,21.5,21.5,21.05,21.5,1632,241,-253,-29,-175,3.77,96.22,100.0
2026-05-08,2534,宏盛,18.85,18.9,18.5,18.75,1161,188,-312,0,-16,6.47,93.52,100.0
2026-05-08,2535,達欣工,75.1,75.3,74.2,74.2,241,69,0,0,0,6.94,93.05,100.0
2026-05-08,2536,宏普,20.95,21.05,20.6,20.65,461,56,-142,0,-3,9.1,90.89,100.0
2026-05-08,2537,聯上發,10.55,10.55,10.25,10.25,621,135,94,0,-3,2.66,97.33,100.0
2026-05-08,2538,基泰,9.89,10.05,9.89,9.96,299,10,140,0,-2,9.89,90.1,100.0
2026-05-08,2539,櫻花建,40.3,40.3,39.25,39.35,1166,223,-387,-5,-1,1.91,98.08,100.0
2026-05-08,2540,愛山林,51.9,52.1,51.2,51.3,510,121,-2,0,-1,1.54,98.45,100.0
2026-05-08,2542,興富發,39.5,40.1,39.5,40.0,9527,1135,4332,21,-12,10.21,89.78,100.0
2026-05-08,2543,皇昌,43.6,44.2,42.2,42.2,2758,684,-399,0,-292,1.51,98.48,100.0
2026-05-08,2545,皇翔,38.55,38.95,38.4,38.95,418,93,92,0,19,2.77,97.22,100.0
2026-05-08,2546,根基,85.5,85.8,85.3,85.4,84,8,16,0,-2,3.33,96.66,100.0
2026-05-08,2547,日勝生,10.3,10.35,10.25,10.3,1522,203,125,0,-10,13.59,86.4,100.0
2026-05-08,2548,華固,125.0,125.5,122.0,123.5,2348,806,-109,414,38,20.97,79.02,100.0
2026-05-08,2596,綠意,28.95,29.5,28.95,28.95,173,3,17,0,0,0.81,99.18,100.0
2026-05-08,2597,潤弘,157.0,157.5,154.5,156.0,927,512,11,0,1,2.64,97.35,100.0
2026-05-08,2601,益航,4.93,4.95,4.86,4.91,1803,0,-334,0,0,13.0,86.99,100.0
2026-05-08,2603,長榮,212.5,214.0,211.0,211.5,12482,3061,421,-1731,-77,21.18,28.8,49.99
2026-05-08,2605,新興,34.65,34.65,33.0,33.05,6967,1186,-12,0,-592,49.98,0.0,49.99
2026-05-08,2606,裕民,65.3,66.5,64.9,65.0,6973,2047,3213,-567,-18,12.12,37.86,49.99
2026-05-08,2607,榮運,48.25,48.25,47.7,47.9,206,41,-76,0,0,8.95,41.03,49.99
2026-05-08,2608,嘉里大榮,30.1,30.1,29.95,30.0,357,28,27,0,1,3.52,96.47,100.0
2026-05-08,2609,陽明,50.7,50.7,49.8,49.9,17222,2745,-8773,28,18,13.97,36.01,49.99
2026-05-08,2610,華航,18.65,18.65,18.35,18.55,21303,4419,1960,-313,-37,13.43,36.55,49.99
2026-05-08,2611,志信,13.55,13.6,13.35,13.4,496,36,-125,0,0,1.33,98.66,100.0
2026-05-08,2612,中航,59.1,59.1,57.7,57.9,463,111,-96,0,-2,4.35,95.64,100.0
2026-05-08,2613,中櫃,22.65,22.9,22.1,22.3,312,51,-69,0,0,1.37,31.95,33.33
2026-05-08,2614,東森,20.25,20.25,20.05,20.1,648,52,-118,0,0,4.53,45.45,49.99
2026-05-08,2615,萬海,78.1,78.1,76.3,76.5,7766,1399,-3112,-161,1,42.47,7.51,49.99
2026-05-08,2616,山隆,14.05,14.05,13.85,14.0,329,25,-16,0,1,1.8,98.19,100.0
2026-05-08,2617,台航,29.75,29.75,29.3,29.4,1156,167,-354,0,0,8.82,41.16,49.99
2026-05-08,2618,長榮航,35.4,35.7,35.2,35.65,34415,9061,-4079,1700,-148,23.72,26.26,49.99
2026-05-08,2630,亞航,50.5,51.9,49.95,50.4,2732,873,791,0,-7,5.14,94.85,100.0
2026-05-08,2633,台灣高鐵,26.6,26.65,26.35,26.55,5513,789,914,-7,16,9.59,39.39,48.99
2026-05-08,2634,漢翔,49.5,51.6,49.5,50.1,11067,4320,1988,-5,67,3.51,6.48,10.0
2026-05-08,2636,台驊控股,68.2,68.5,67.5,67.7,400,48,-146,0,0,9.72,90.27,100.0
2026-05-08,2637,慧洋-KY,77.0,77.4,74.2,74.6,2607,707,-854,-12,-42,18.63,81.36,100.0
2026-05-08,2640,大車隊,172.0,172.0,168.5,169.5,48,8,-32,0,0,4.8,95.19,100.0
2026-05-08,2641,正德,18.55,18.55,18.05,18.05,2047,330,-622,0,-11,4.47,95.52,100.0
2026-05-08,2642,宅配通,21.5,21.5,21.2,21.5,173,22,5,0,0,5.32,94.67,100.0
2026-05-08,2643,捷迅,67.4,67.8,66.8,67.5,16,1,-4,0,0,1.51,98.48,100.0
2026-05-08,2644,中信造船,83.72,84.2,81.2,82.7,55,0,0,0,0,0.0,0.0,0.0
2026-05-08,2645,長榮航太,160.0,169.0,160.0,164.0,3730,1178,1176,-58,127,7.37,92.62,100.0
2026-05-08,2646,星宇航空,20.6,20.7,20.4,20.6,4015,662,671,0,-4,2.63,47.35,49.99
2026-05-08,2701,萬企,10.8,10.85,10.65,10.7,98,12,24,0,0,0.54,99.45,100.0
2026-05-08,2702,華園,15.55,15.55,14.4,14.6,452,59,-56,0,0,39.42,60.57,100.0
2026-05-08,2704,國賓,42.7,42.7,42.0,42.5,109,16,57,0,-6,9.91,90.08,100.0
2026-05-08,2705,六福,16.05,16.1,15.85,15.9,512,78,50,0,1,1.77,98.22,100.0
2026-05-08,2706,第一店,12.5,12.55,12.4,12.5,119,11,24,0,0,2.69,97.3,100.0
2026-05-08,2707,晶華,170.0,172.0,170.0,170.5,177,17,-28,0,0,5.81,94.18,100.0
2026-05-08,2712,遠雄來,17.3,17.4,16.85,17.4,16,0,6,0,2,0.28,99.71,100.0
2026-05-08,2718,晶悅,42.5,42.5,41.4,41.7,89,2,-3,0,0,0.84,99.15,100.0
2026-05-08,2718,全心投控,42.5,42.5,41.4,41.7,89,2,-3,0,0,0.84,99.15,100.0
2026-05-08,2719,燦星旅,26.15,26.4,26.15,26.35,15,0,-4,0,0,0.17,99.82,100.0
2026-05-08,2722,夏都,24.1,24.25,23.4,23.5,51,13,12,0,-1,0.38,99.61,100.0
2026-05-08,2723,美食-KY,66.4,67.1,65.6,66.8,275,26,39,0,1,46.67,53.32,100.0
2026-05-08,2724,富驛-KY,14.2,14.2,13.9,14.15,3,0,0,0,0,15.09,84.9,100.0
2026-05-08,2724,藝舍-KY,14.2,14.2,13.9,14.15,3,0,0,0,0,15.09,84.9,100.0
2026-05-08,2726,雅茗-KY,11.0,11.0,10.15,10.15,65,10,-7,0,0,23.65,76.34,100.0
2026-05-08,2727,王品,234.0,238.5,231.0,234.5,1561,363,779,-69,1,27.07,72.92,100.0
2026-05-08,2729,瓦城,165.0,168.0,163.5,166.0,38,1,3,0,0,2.06,97.93,100.0
2026-05-08,2731,雄獅,162.0,162.0,158.5,159.5,2364,263,-1038,139,0,14.85,85.14,100.0
2026-05-08,2732,六角,66.5,67.5,65.1,66.9,174,15,8,0,0,4.16,95.83,100.0
2026-05-08,2733,維格餅家,11.85,12.45,11.85,12.45,3,0,0,0,0,0.0,0.0,0.0
2026-05-08,2734,易飛網,15.9,15.9,15.7,15.8,67,1,0,0,0,4.1,95.89,100.0
2026-05-08,2736,富野,12.6,12.65,12.5,12.5,50,2,-3,0,0,0.98,99.01,100.0
2026-05-08,2739,寒舍,34.95,34.95,34.55,34.7,77,5,-25,0,0,2.67,97.32,100.0
2026-05-08,2740,天蔥,42.65,42.65,37.7,39.85,18,0,0,0,0,1.67,98.32,100.0
2026-05-08,2740,華軒,42.65,42.65,37.7,39.85,18,0,0,0,0,1.67,98.32,100.0
2026-05-08,2741,老四川,21.86,22.1,20.9,21.15,85,0,-2,0,0,0.0,0.0,0.0
2026-05-08,2743,山富,70.4,70.4,69.8,69.9,131,23,-13,0,0,2.95,97.04,100.0
2026-05-08,2745,五福,103.0,103.5,101.5,101.5,200,21,32,0,-1,3.92,96.07,100.0
2026-05-08,2748,雲品,40.9,40.95,39.8,40.1,203,32,-36,0,0,1.15,98.84,100.0
2026-05-08,2751,王座,54.1,55.5,52.0,55.4,114,16,-7,0,0,0.42,99.57,100.0
2026-05-08,2752,豆府,180.5,185.0,180.0,184.0,44,0,3,0,0,1.32,98.67,100.0
2026-05-08,2753,八方雲集,181.0,182.5,180.5,180.5,181,38,-25,-3,0,5.06,94.93,100.0
2026-05-08,2754,亞洲藏壽司,70.5,70.6,69.2,69.2,38,7,-1,0,0,68.14,31.85,100.0
2026-05-08,2755,揚秦,134.0,135.5,132.0,135.5,59,8,2,0,0,1.21,98.78,100.0
2026-05-08,2756,聯發國際,65.2,66.0,65.1,65.7,26,5,0,0,0,1.66,98.33,100.0
2026-05-08,2758,路易莎咖啡,74.58,74.9,71.4,72.8,28,0,0,0,0,0.0,0.0,0.0
2026-05-08,2760,巨宇翔,21.05,21.8,21.8,21.8,1,0,0,0,0,0.0,0.0,0.0
2026-05-08,2761,橘焱胡同,15.22,15.75,15.75,15.75,0,0,0,0,0,0.0,0.0,0.0
2026-05-08,2762,世界健身-KY,74.5,76.0,72.9,74.0,181,17,47,0,-1,87.17,12.82,100.0
2026-05-08,2801,彰銀,21.05,21.1,20.8,20.95,18931,4415,717,-715,68,18.27,81.72,100.0
2026-05-08,2812,台中銀,19.85,19.95,19.75,19.75,14905,2369,-1445,3,61,8.26,91.73,100.0
2026-05-08,2816,旺旺保,30.4,30.5,30.25,30.4,108,10,27,0,0,1.9,98.09,100.0
2026-05-08,2820,華票,16.85,16.9,16.75,16.85,1088,143,40,0,0,8.8,91.19,100.0
2026-05-08,2832,台產,52.8,53.8,52.7,53.6,319,32,75,0,25,3.92,96.07,100.0
2026-05-08,2834,臺企銀,16.2,16.3,16.0,16.25,42813,6920,-15629,12,44,17.16,82.83,100.0
2026-05-08,2836,高雄銀,11.95,11.95,11.85,11.9,835,161,235,0,-23,7.43,92.56,100.0
2026-05-08,2838,聯邦銀,20.7,20.7,20.4,20.55,1801,501,-216,0,33,4.28,95.71,100.0
2026-05-08,2845,遠東銀,12.3,12.3,12.2,12.2,6699,1759,-2143,5,77,9.04,90.95,100.0
2026-05-08,2849,安泰銀,14.15,14.15,13.95,14.1,180,2,127,0,28,58.9,41.09,100.0
2026-05-08,2850,新產,133.0,133.5,132.0,132.5,320,46,52,-54,1,10.23,89.76,100.0
2026-05-08,2851,中再保,31.4,31.4,31.05,31.15,1246,173,-278,0,3,7.17,92.82,100.0
2026-05-08,2852,第一保,26.2,26.25,26.1,26.15,187,14,40,-2,-5,4.72,95.27,100.0
2026-05-08,2855,統一證,40.35,40.55,39.05,40.0,11856,4552,-979,-10,0,13.98,86.01,100.0
2026-05-08,2867,三商壽,7.81,7.83,7.75,7.83,6736,1132,962,0,2652,17.99,82.0,100.0
2026-05-08,2880,華南金,33.8,33.8,32.95,33.3,19776,5444,1948,-1681,-412,17.49,82.5,100.0
2026-05-08,2881,富邦金,94.5,96.9,94.1,96.7,58348,9714,37499,-6848,221,16.39,83.6,100.0
2026-05-08,2882,國泰金,79.5,80.8,79.3,80.0,36917,6483,16243,-6258,661,20.2,79.79,100.0
2026-05-08,2883,凱基金,22.6,22.95,22.3,22.9,60958,11084,17894,358,-133,30.8,69.19,100.0
2026-05-08,2884,玉山金,32.5,32.5,31.9,32.5,40274,9513,15786,-9006,-836,30.65,69.34,100.0
2026-05-08,2885,元大金,56.9,57.1,55.4,56.5,26118,6302,4501,288,111,26.05,73.94,100.0
2026-05-08,2886,兆豐金,40.0,40.2,39.65,40.2,21349,2628,11720,3,-153,21.69,78.3,100.0
2026-05-08,2887,台新新光金,24.1,24.2,23.75,23.8,110828,25548,36299,-55368,196,22.87,77.12,100.0
2026-05-08,2889,國票金,14.65,14.65,14.5,14.65,2112,258,-137,0,60,8.54,91.45,100.0
2026-05-08,2890,永豐金,31.15,31.3,30.6,31.0,35823,9163,12193,392,-453,27.95,72.04,100.0
2026-05-08,2891,中信金,57.0,57.0,55.6,56.4,56787,10935,8763,-3736,-241,33.85,66.14,100.0
2026-05-08,2892,第一金,29.4,29.6,29.05,29.5,39860,6247,19114,88,151,27.14,72.85,100.0
2026-05-08,2897,王道銀行,10.15,10.15,10.1,10.15,2798,315,1834,0,45,6.87,93.12,100.0
2026-05-08,2901,欣欣,23.6,23.65,23.6,23.65,15,1,4,0,1,0.32,99.67,100.0
2026-05-08,2903,遠百,22.35,22.35,22.15,22.15,2017,174,-858,-163,-1,8.17,91.82,100.0
2026-05-08,2904,匯僑,16.2,16.2,15.75,15.85,70,11,8,0,1,0.5,99.49,100.0
2026-05-08,2905,三商,13.6,13.75,13.5,13.65,398,60,-13,0,-6,3.72,96.27,100.0
2026-05-08,2906,高林,12.5,12.55,12.4,12.4,83,11,-17,0,0,1.64,98.35,100.0
2026-05-08,2908,特力,20.95,20.95,20.7,20.9,287,19,82,0,0,1.65,98.34,100.0
2026-05-08,2910,統領,23.4,23.4,22.85,22.85,12,0,10,0,0,0.27,99.72,100.0
2026-05-08,2911,麗嬰房,5.01,5.12,4.95,5.11,88,0,-13,0,0,20.76,79.23,100.0
2026-05-08,2912,統一超,229.5,233.5,229.0,232.0,3176,384,686,-83,-2,19.66,80.33,100.0
2026-05-08,2913,農林,11.3,11.35,11.15,11.25,1645,164,34,0,-1,5.22,94.77,100.0
2026-05-08,2915,潤泰全,43.9,44.2,43.25,43.25,1858,534,-133,2,0,5.51,94.48,100.0
2026-05-08,2916,滿心,44.85,44.85,44.5,44.55,72,0,-3,0,0,21.33,78.66,100.0
2026-05-08,2923,鼎固-KY,27.0,29.0,26.55,28.25,207,0,156,0,3,99.42,0.57,100.0
2026-05-08,2924,宏太-KY,0.0,0.0,0.0,0.0,0,0,0,0,0,66.79,33.2,100.0
2026-05-08,2926,誠品生活,37.2,37.3,37.2,37.2,12,0,0,0,0,1.13,98.86,100.0
2026-05-08,2929,淘帝-KY,5.57,5.66,5.51,5.52,199,24,18,0,0,18.1,81.89,100.0
2026-05-08,2937,集雅社,43.0,43.5,42.95,43.5,11,0,1,0,2,0.08,99.91,100.0
2026-05-08,2938,床的世界,23.3,23.6,23.0,23.1,18,0,0,0,0,0.0,0.0,0.0
2026-05-08,2939,永邑-KY,24.5,24.75,24.2,24.6,9,3,3,0,0,19.92,80.07,100.0
2026-05-08,2940,歐都納,23.55,23.5,23.5,23.5,5,0,0,0,0,0.0,0.0,0.0
2026-05-08,2941,米斯特,30.0,30.1,29.8,30.1,12,0,-1,0,0,0.44,99.55,100.0
2026-05-08,2942,京站,36.97,37.65,37.35,37.5,12,0,0,0,0,0.0,0.0,0.0
2026-05-08,2945,三商家購,40.15,41.45,40.15,41.45,15,0,7,0,0,0.39,99.6,100.0
2026-05-08,2947,振宇五金,78.7,78.7,78.7,78.7,13,0,1,0,0,0.07,99.92,100.0
2026-05-08,2948,寶陞,0.0,0.0,0.0,0.0,0,0,0,0,0,0.01,99.98,100.0
2026-05-08,2949,欣新網,55.6,55.6,51.2,52.4,24,0,3,0,0,0.03,99.96,100.0
2026-05-08,3002,歐格,18.15,18.4,17.7,17.8,272,42,-69,0,0,2.43,97.56,100.0
2026-05-08,3003,健和興,55.7,56.8,55.3,55.8,863,275,108,0,0,3.99,96.0,100.0
2026-05-08,3004,豐達科,121.5,123.5,116.5,117.0,503,109,-176,0,21,2.96,97.03,100.0
2026-05-08,3005,神基,99.0,100.0,97.5,98.2,3464,1265,-761,-107,-26,9.38,90.61,100.0
2026-05-08,3006,晶豪科,196.5,215.0,194.5,202.0,43461,26803,6307,0,-159,29.59,70.4,100.0
2026-05-08,3008,大立光,2585.0,2620.0,2530.0,2570.0,1447,366,-57,0,-30,31.58,68.41,100.0
2026-05-08,3010,華立,134.0,135.5,131.5,133.5,1539,378,-329,-54,0,17.94,82.05,100.0
2026-05-08,3011,今皓,13.6,14.05,13.45,13.45,1253,394,-64,0,0,2.65,97.34,100.0
2026-05-08,3013,晟銘電,105.5,108.0,104.0,107.0,3307,1243,617,0,107,4.23,95.76,100.0
2026-05-08,3014,聯陽,132.0,140.5,131.5,135.5,9650,2715,1440,-7,2,20.66,79.33,100.0
2026-05-08,3015,全漢,51.6,52.0,50.2,50.7,370,64,56,-125,0,9.03,90.96,100.0
2026-05-08,3016,嘉晶,120.0,120.0,110.5,117.0,3059,0,260,0,86,8.05,91.94,100.0
2026-05-08,3017,奇鋐,2405.0,2500.0,2350.0,2445.0,5937,2587,-696,235,51,54.06,45.93,100.0
2026-05-08,3018,隆銘綠能,10.45,10.45,10.1,10.15,54,0,0,0,0,0.22,99.77,100.0
2026-05-08,3019,亞光,143.0,148.0,141.5,144.0,8286,3969,370,0,49,5.09,94.9,100.0
2026-05-08,3021,鴻名,16.4,16.5,16.25,16.3,129,2,26,0,5,3.96,96.03,100.0
2026-05-08,3022,威強電,75.3,76.2,73.7,73.7,1200,328,153,0,-3,15.68,84.31,100.0
2026-05-08,3023,信邦,306.0,307.0,298.0,302.5,2192,614,-86,1,-22,45.2,54.79,100.0
2026-05-08,3024,憶聲,14.55,14.7,14.0,14.25,4213,1040,-825,0,2,1.95,98.04,100.0
2026-05-08,3025,星通,63.7,66.2,62.8,63.3,1119,380,103,0,-2,7.23,92.76,100.0
2026-05-08,3026,禾伸堂,313.5,330.0,297.0,330.0,22732,10711,765,2145,257,14.82,85.17,100.0
2026-05-08,3027,盛達,19.3,19.5,19.05,19.2,568,122,-73,0,0,1.71,98.28,100.0
2026-05-08,3028,增你強,76.2,81.5,75.0,79.8,9299,4692,153,0,-9,13.16,86.83,100.0
2026-05-08,3029,零壹,100.0,102.0,98.0,98.3,1506,404,-402,-9,-11,3.25,96.74,100.0
2026-05-08,3030,德律,410.0,421.0,383.0,389.5,3349,0,-92,21,-81,14.71,85.28,100.0
2026-05-08,3031,佰鴻,30.4,31.0,29.15,29.55,2199,616,66,0,-43,2.1,97.89,100.0
2026-05-08,3032,偉訓,71.6,72.3,68.0,70.7,2347,769,-774,0,-7,2.66,97.33,100.0
2026-05-08,3033,威健,42.4,45.0,41.95,43.85,21596,7874,7812,-28,-372,17.61,82.38,100.0
2026-05-08,3034,聯詠,464.0,498.0,455.5,498.0,20155,6424,2025,646,312,35.54,64.45,100.0
2026-05-08,3035,智原,178.5,185.0,173.0,178.0,10769,5262,1528,0,-21,8.55,91.44,100.0
2026-05-08,3036,文曄,240.5,240.5,240.5,240.5,6029,88,-1442,-381,96,23.38,76.58,100.0
2026-05-08,3037,欣興,871.0,872.0,808.0,818.0,36009,12956,-5767,-2105,-922,38.06,61.93,100.0
2026-05-08,3038,全台,23.25,23.3,22.75,22.85,405,55,-172,0,-3,8.64,91.35,100.0
2026-05-08,3040,遠見,42.35,42.35,40.5,40.9,297,67,-25,0,0,0.61,99.38,100.0
2026-05-08,3041,揚智,24.75,25.4,24.1,24.3,1936,791,156,0,-2,3.82,96.17,100.0
2026-05-08,3042,晶技,167.0,168.0,148.0,154.0,17578,9371,-261,-9,-1425,17.66,82.33,100.0
2026-05-08,3043,科風,20.1,20.8,20.1,20.35,198,35,39,0,-1,1.31,98.68,100.0
2026-05-08,3044,健鼎,500.0,501.0,475.5,481.0,4629,1472,-568,128,-188,48.0,51.99,100.0
2026-05-08,3045,台灣大,110.0,110.5,109.5,110.0,7901,2200,2494,-840,4,13.8,32.74,46.55
2026-05-08,3046,建碁,50.5,52.4,49.65,50.6,804,221,136,0,40,4.13,95.86,100.0
2026-05-08,3047,訊舟,14.7,14.95,14.3,14.4,1289,379,-370,0,0,2.34,97.65,100.0
2026-05-08,3048,益登,42.45,43.4,41.05,42.4,11908,4302,2299,0,207,4.53,95.46,100.0
2026-05-08,3049,精金,13.1,13.35,12.55,12.75,6791,0,-153,0,-74,2.48,97.51,100.0
2026-05-08,3050,鈺德,12.45,12.6,12.05,12.3,714,365,-175,0,0,6.73,93.26,100.0
2026-05-08,3051,力特,27.25,27.35,25.8,26.0,3312,1011,172,0,1,1.64,98.35,100.0
2026-05-08,3052,夆典,10.75,10.75,10.6,10.65,527,88,-188,0,6,1.5,98.49,100.0
2026-05-08,3054,立萬利,76.0,76.0,69.0,70.4,672,223,-52,0,-2,0.55,99.44,100.0
2026-05-08,3055,蔚華科,84.3,95.7,84.3,91.2,10370,5478,318,0,96,1.97,98.02,100.0
2026-05-08,3056,富華新,13.55,13.55,13.35,13.4,884,269,-52,0,-6,4.36,95.63,100.0
2026-05-08,3057,喬鼎,21.35,22.2,20.75,21.6,934,0,212,0,-2,2.8,97.19,100.0
2026-05-08,3058,立德,8.36,8.63,8.27,8.34,676,0,-104,0,0,2.49,97.5,100.0
2026-05-08,3059,華晶科,40.6,41.05,39.25,39.35,3848,1360,-52,0,-25,9.39,90.6,100.0
2026-05-08,3060,銘異,29.3,29.7,27.8,28.0,2684,1141,16,0,3,7.8,92.19,100.0
2026-05-08,3062,建漢,26.8,28.9,26.55,26.8,16460,7888,-2043,0,62,10.23,89.76,100.0
2026-05-08,3064,泰偉,0.0,0.0,0.0,0.0,0,0,0,0,0,0.12,99.87,100.0
2026-05-08,3066,李洲,18.95,19.3,18.05,18.3,298,136,23,0,0,0.91,99.08,100.0
2026-05-08,3067,全域,17.45,17.75,17.45,17.5,16,0,1,0,0,0.01,99.98,100.0
2026-05-08,3071,協禧,30.75,31.2,29.1,29.3,848,272,-177,0,0,2.23,97.76,100.0
2026-05-08,3073,天方能源,23.7,23.7,22.2,22.25,82,30,-6,0,0,1.93,98.06,100.0
2026-05-08,3078,僑威,57.6,58.8,56.9,57.5,1535,424,22,0,-6,18.25,81.74,100.0
2026-05-08,3081,聯亞,2565.0,2750.0,2555.0,2620.0,2642,1503,235,-170,-19,21.07,78.92,100.0
2026-05-08,3083,網龍,27.3,27.3,26.65,26.9,127,10,16,0,0,1.38,98.61,100.0
2026-05-08,3085,新零售,11.8,11.8,11.8,11.8,5,0,0,0,0,5.69,94.3,100.0
2026-05-08,3086,華義*,39.5,41.05,39.5,39.9,666,195,-135,0,0,40.75,59.24,100.0
2026-05-08,3088,艾訊,123.5,128.0,120.5,124.5,2418,757,721,0,-42,14.65,85.34,100.0
2026-05-08,3090,日電貿,120.0,123.5,112.0,113.5,28382,17296,-182,0,-181,10.6,89.39,100.0
2026-05-08,3092,鴻碩,32.0,32.7,30.95,30.95,781,184,-200,0,-7,1.46,98.53,100.0
2026-05-08,3093,港建*,62.6,63.9,58.5,59.2,1873,505,133,0,0,68.61,31.38,100.0
2026-05-08,3094,聯傑,34.05,34.2,30.1,30.9,9979,4238,-114,0,-5,2.52,97.47,100.0
2026-05-08,3095,及成,45.0,46.0,44.0,44.8,115,28,2,0,0,3.9,96.09,100.0
2026-05-08,3097,拍檔,26.89,27.3,25.7,27.3,16,0,2,0,0,0.0,0.0,0.0
2026-05-08,3105,穩懋,494.5,518.0,481.5,492.5,25292,16033,106,118,-1136,28.31,71.68,100.0
2026-05-08,3114,好德,26.35,26.45,26.0,26.0,145,5,20,0,11,0.92,99.07,100.0
2026-05-08,3115,富榮綱,9.7,9.7,9.66,9.66,7,0,-5,0,0,1.71,98.28,100.0
2026-05-08,3117,年程,27.71,29.0,27.0,28.15,237,0,2,0,0,0.0,0.0,0.0
2026-05-08,3118,進階,33.8,33.85,33.7,33.8,30,1,0,0,0,0.45,99.54,100.0
2026-05-08,3122,笙泉,42.25,42.3,38.9,40.2,2808,0,58,0,6,2.73,97.26,100.0
2026-05-08,3128,昇銳,23.7,24.0,23.5,23.7,135,37,-1,0,0,4.0,95.99,100.0
2026-05-08,3130,一零四,221.0,225.0,220.5,222.0,63,26,3,0,1,20.97,79.02,100.0
2026-05-08,3131,弘塑,3120.0,3140.0,2900.0,2940.0,449,166,-73,1,-18,35.95,64.04,100.0
2026-05-08,3135,凌航,164.5,185.0,156.5,177.0,11066,5191,337,0,-22,3.31,96.68,100.0
2026-05-08,3138,耀登,154.0,162.0,152.0,155.0,1810,1057,-29,0,7,1.45,98.54,100.0
2026-05-08,3141,晶宏,59.1,59.1,53.5,55.0,5057,2179,-561,0,127,11.1,88.89,100.0
2026-05-08,3147,大綜,177.0,182.5,177.0,179.0,423,129,60,0,2,2.59,97.4,100.0
2026-05-08,3149,正達,50.9,51.4,48.25,48.25,9062,3778,-271,0,0,2.73,97.26,100.0
2026-05-08,3150,鈺寶-創,18.45,20.2,18.45,19.95,386,74,-4,0,-24,1.04,98.95,100.0
2026-05-08,3152,璟德,173.5,176.0,168.5,174.0,868,307,122,0,-1,15.27,84.72,100.0
2026-05-08,3158,嘉實,89.0,89.9,89.0,89.0,12,0,1,0,0,1.62,98.37,100.0
2026-05-08,3162,精確,94.9,97.8,90.3,91.1,10459,4602,-1724,0,-82,47.99,52.0,100.0
2026-05-08,3163,波若威,1035.0,1050.0,1000.0,1010.0,1353,0,65,-94,-20,33.04,66.95,100.0
2026-05-08,3164,景岳,17.75,17.75,17.4,17.4,54,1,-6,0,0,0.57,99.42,100.0
2026-05-08,3167,大量,745.0,745.0,684.0,684.0,1641,0,-180,-341,-13,12.7,87.29,100.0
2026-05-08,3168,眾福科,44.6,45.9,44.3,45.9,146,31,5,0,1,1.27,98.72,100.0
2026-05-08,3169,亞信,109.5,119.0,109.5,112.5,1528,647,74,0,15,4.14,95.85,100.0
2026-05-08,3171,新洲,65.7,66.0,63.1,64.0,118,9,-52,0,0,0.6,99.39,100.0
2026-05-08,3171,炎洲流通,65.7,66.0,63.1,64.0,118,9,-52,0,0,0.6,99.39,100.0
2026-05-08,3176,基亞,33.45,34.6,32.7,33.05,406,164,-61,0,0,4.8,95.19,100.0
2026-05-08,3178,公準,69.3,69.3,68.0,69.0,103,17,17,0,0,2.04,97.95,100.0
2026-05-08,3184,微邦,33.78,35.7,27.0,29.5,4671,0,-107,0,0,0.0,0.0,0.0
2026-05-08,3188,鑫龍騰,24.6,24.95,24.3,24.35,492,56,-69,0,0,2.31,97.68,100.0
2026-05-08,3189,景碩,487.0,487.5,445.5,458.0,28689,12221,3659,-3549,-197,18.56,81.43,100.0
2026-05-08,3191,雲嘉南,13.7,13.7,13.6,13.6,17,0,0,0,0,0.05,99.94,100.0
2026-05-08,3205,佰研,55.8,59.1,55.6,56.4,484,256,66,0,0,1.11,98.88,100.0
2026-05-08,3206,志豐,34.4,36.75,34.15,35.95,408,192,119,0,0,2.53,97.46,100.0
2026-05-08,3207,耀勝,60.6,61.4,59.4,59.5,302,52,-61,0,-4,4.35,95.64,100.0
2026-05-08,3209,全科,55.1,56.2,53.5,55.0,2450,1011,449,-2,-5,18.07,81.92,100.0
2026-05-08,3211,順達,385.5,398.5,370.0,381.5,15780,9034,-455,234,-124,15.88,84.11,100.0
2026-05-08,3213,茂訊,115.5,118.0,114.5,117.5,1373,256,340,0,-51,9.85,90.14,100.0
2026-05-08,3217,優群,175.0,176.5,172.0,176.0,885,273,35,0,24,6.19,93.8,100.0
2026-05-08,3218,大學光,135.0,135.0,131.0,132.5,432,67,-106,-5,0,4.9,95.09,100.0
2026-05-08,3219,倚強股份,68.0,72.0,67.2,68.7,914,337,49,0,-1,1.65,98.34,100.0
2026-05-08,3219,倚強科,68.0,72.0,67.2,68.7,914,337,49,0,-1,1.65,98.34,100.0
2026-05-08,3221,台嘉碩,49.9,53.0,45.0,45.2,19180,11095,-601,0,-3,4.91,95.08,100.0
2026-05-08,3224,三顧,44.7,44.7,42.55,43.2,242,67,3,0,0,0.81,99.18,100.0
2026-05-08,3226,龍鋒,41.05,41.05,41.05,41.05,1,0,0,0,0,0.06,99.93,100.0
2026-05-08,3227,原相,217.0,231.0,215.5,226.5,6236,2452,1991,0,163,26.54,73.37,100.0
2026-05-08,3228,金麗科,249.5,256.5,232.0,242.0,1198,0,-14,0,-4,7.16,92.83,100.0
2026-05-08,3229,晟鈦,40.8,42.0,40.6,40.75,252,0,2,0,0,1.32,98.67,100.0
2026-05-08,3230,錦明,34.45,35.3,33.9,34.2,582,206,-58,0,0,3.79,96.2,100.0
2026-05-08,3231,緯創,146.0,149.0,143.5,146.5,44206,18352,7444,-27,87,29.63,70.36,100.0
2026-05-08,3232,昱捷,21.1,21.1,20.7,20.8,83,5,1,0,0,8.24,91.75,100.0
2026-05-08,3234,光環,100.5,103.0,95.0,98.0,2912,0,179,0,0,2.4,97.59,100.0
2026-05-08,3236,千如,33.0,35.85,32.9,34.0,13937,7284,1940,0,105,17.3,82.69,100.0
2026-05-08,3252,海灣,19.35,19.35,18.75,19.0,7,2,-1,0,0,2.22,97.77,100.0
2026-05-08,3257,虹冠電,54.4,55.2,53.0,54.9,480,157,-91,0,1,0.81,99.18,100.0
2026-05-08,3259,鑫創,17.85,18.2,17.4,17.5,36,0,-5,0,0,10.94,89.05,100.0
2026-05-08,3260,威剛,454.0,466.5,435.0,448.5,24933,13759,703,-500,-185,17.57,82.42,100.0
2026-05-08,3264,欣銓,240.0,244.5,224.0,224.0,21124,6107,-5903,182,-364,28.46,71.53,100.0
2026-05-08,3265,台星科,186.0,187.5,174.0,179.0,3648,1501,-374,-300,-29,10.18,89.81,100.0
2026-05-08,3266,昇陽,13.8,13.8,13.35,13.75,76,8,25,0,0,8.27,91.72,100.0
2026-05-08,3268,海德威,19.45,19.6,18.35,18.35,723,202,-46,0,0,1.01,98.98,100.0
2026-05-08,3272,東碩,18.15,18.45,17.8,18.45,109,20,2,0,0,0.69,99.3,100.0
2026-05-08,3276,宇環,15.3,16.5,15.1,16.2,2734,1441,62,0,6,1.04,98.95,100.0
2026-05-08,3284,太普高,16.3,17.7,16.3,17.7,564,186,10,0,0,1.03,98.96,100.0
2026-05-08,3285,微端,28.15,29.3,28.15,29.25,16,2,0,0,0,12.91,87.08,100.0
2026-05-08,3287,廣寰科,28.25,28.6,28.25,28.4,52,1,-7,0,0,1.45,98.54,100.0
2026-05-08,3288,點晶,15.1,15.25,14.85,14.85,10,0,0,0,0,0.14,99.85,100.0
2026-05-08,3289,宜特,172.5,183.0,171.0,175.5,5031,1952,814,0,0,11.61,88.38,100.0
2026-05-08,3290,東浦,46.9,47.3,46.35,46.6,433,97,-71,0,-56,6.37,93.62,100.0
2026-05-08,3293,鈊象,725.0,739.0,721.0,735.0,1908,426,153,194,39,27.61,72.38,100.0
2026-05-08,3294,英濟,31.7,32.25,30.25,30.25,909,257,-404,0,0,12.01,87.98,100.0
2026-05-08,3296,勝德,22.2,24.15,22.0,23.45,502,102,-65,0,-2,2.4,97.59,100.0
2026-05-08,3297,杭特,32.0,32.2,31.65,31.8,98,27,-11,0,0,3.11,96.88,100.0
2026-05-08,3303,岱稜,52.7,53.2,51.5,52.0,705,184,46,0,0,5.14,94.85,100.0
2026-05-08,3305,昇貿,118.5,119.5,110.5,115.0,5892,2142,1935,0,-53,4.71,95.28,100.0
2026-05-08,3306,鼎天,48.3,48.3,47.0,47.5,190,64,-7,0,0,3.39,96.6,100.0
2026-05-08,3308,聯德,21.95,22.35,20.8,21.25,256,106,-19,0,0,0.82,99.17,100.0
2026-05-08,3310,佳穎,68.1,70.0,67.1,68.9,14,5,0,0,0,0.22,99.77,100.0
2026-05-08,3311,閎暉,32.6,32.85,31.8,32.4,372,54,88,0,1,1.47,98.52,100.0
2026-05-08,3312,弘憶股,42.6,43.3,41.05,41.75,1970,877,-210,0,-1,2.56,97.43,100.0
2026-05-08,3313,斐成,11.8,11.8,11.65,11.7,163,0,1,0,0,4.7,95.29,100.0
2026-05-08,3317,尼克森,66.2,66.5,62.0,62.2,5350,1602,-577,0,-76,10.99,89.0,100.0
2026-05-08,3321,同泰,16.85,17.0,16.4,16.5,350,0,5,0,-1,1.73,98.26,100.0
2026-05-08,3322,建舜電,13.5,13.6,13.0,13.1,1194,338,-183,0,0,2.79,97.2,100.0
2026-05-08,3323,加百裕,35.0,36.65,34.3,34.75,1975,1014,-159,0,0,12.24,87.75,100.0
2026-05-08,3324,雙鴻,1070.0,1105.0,1035.0,1065.0,4159,2041,-384,1,-26,28.74,71.25,100.0
2026-05-08,3325,旭品,12.9,12.95,12.6,12.6,258,0,-12,0,0,0.66,99.33,100.0
2026-05-08,3332,幸康,65.1,65.2,64.1,65.2,37,6,3,0,0,0.91,99.08,100.0
2026-05-08,3338,泰碩,73.1,74.1,71.4,72.9,2151,663,-92,0,1,3.47,96.52,100.0
2026-05-08,3339,泰谷,64.6,68.8,58.2,58.8,9153,4053,-975,0,0,6.94,93.05,100.0
2026-05-08,3346,麗清,17.1,18.3,17.1,17.45,981,332,-192,0,-3,2.34,97.65,100.0
2026-05-08,3349,寶德,22.85,23.5,22.0,23.45,452,0,181,0,0,0.82,99.17,100.0
2026-05-08,3354,律勝,36.0,37.6,33.7,35.4,9027,4639,-396,0,-8,2.68,97.31,100.0
2026-05-08,3356,奇偶,56.1,56.6,54.2,55.1,705,160,-103,0,0,7.17,92.82,100.0
2026-05-08,3357,臺慶科,185.0,195.0,184.0,187.5,10379,5104,999,0,-29,15.24,84.75,100.0
2026-05-08,3360,尚立,13.45,14.65,13.4,14.05,1173,335,-292,0,0,3.85,96.14,100.0
2026-05-08,3362,先進光,108.0,109.0,104.0,104.5,987,179,-326,0,0,7.82,92.17,100.0
2026-05-08,3363,上詮,778.0,815.0,778.0,810.0,503,0,170,0,-16,19.12,80.87,100.0
2026-05-08,3372,典範,19.95,20.6,19.05,19.75,1073,0,-72,0,0,1.15,98.84,100.0
2026-05-08,3373,熱映,16.6,17.2,16.6,16.85,112,26,-2,0,0,1.5,98.49,100.0
2026-05-08,3374,精材,203.0,226.5,202.5,226.5,28439,7574,7283,0,992,12.67,87.32,100.0
2026-05-08,3376,新日興,214.0,216.0,202.0,202.5,6381,1905,-1325,-10,-156,17.7,82.29,100.0
2026-05-08,3379,彬台,37.65,38.55,37.0,37.3,268,72,7,0,0,2.61,97.38,100.0
2026-05-08,3380,明泰,32.6,33.2,31.7,31.9,3659,1063,-1338,0,-23,5.73,94.26,100.0
2026-05-08,3388,崇越電,111.5,122.0,108.0,109.5,6259,3459,-227,0,-47,7.13,92.86,100.0
2026-05-08,3390,旭軟,28.3,28.5,27.0,27.1,2431,895,-214,0,11,3.53,96.46,100.0
2026-05-08,3402,漢科,142.0,143.0,136.5,139.0,1888,490,-11,0,0,7.65,92.34,100.0
2026-05-08,3406,玉晶光,518.0,522.0,498.0,506.0,1358,434,-360,-34,-8,41.81,58.18,100.0
2026-05-08,3413,京鼎,308.0,317.5,304.5,315.5,2846,824,341,0,20,13.22,86.77,100.0
2026-05-08,3416,融程電,171.0,178.5,168.5,175.5,1538,636,-65,0,0,2.76,97.23,100.0
2026-05-08,3419,譁裕,15.1,15.5,14.2,14.5,584,0,-172,0,-2,1.96,98.03,100.0
2026-05-08,3426,台興,47.7,47.7,47.7,47.7,58,0,0,0,0,0.44,99.55,100.0
2026-05-08,3430,奇鈦科,144.5,153.0,143.0,153.0,1452,0,-82,0,-1,8.68,91.31,100.0
2026-05-08,3432,台端,20.8,20.8,19.65,20.2,320,0,-18,0,0,2.9,97.09,100.0
2026-05-08,3434,哲固,29.45,29.45,28.65,28.65,106,20,-7,0,0,1.9,98.09,100.0
2026-05-08,3437,榮創,26.5,27.3,25.65,25.85,4013,1688,-514,0,-35,4.03,95.96,100.0
2026-05-08,3438,類比科,67.6,69.3,63.9,64.8,1182,308,-301,0,0,3.1,96.89,100.0
2026-05-08,3441,聯一光,40.0,43.0,38.0,42.8,3017,1112,79,0,0,3.65,96.34,100.0
2026-05-08,3443,創意,5465.0,5555.0,5210.0,5210.0,2898,1423,-176,367,-116,27.39,72.6,100.0
2026-05-08,3444,利機,89.0,94.4,86.7,89.0,532,181,3,0,0,11.27,88.72,100.0
2026-05-08,3447,展達,39.8,39.8,37.7,39.4,227,50,-60,0,-1,1.15,98.84,100.0
2026-05-08,3450,聯鈞,376.0,414.5,375.0,410.0,40990,21312,9368,0,-136,23.69,76.3,100.0
2026-05-08,3455,由田,283.0,283.0,260.0,260.0,1092,0,25,0,-14,19.03,80.96,100.0
2026-05-08,3465,進泰電子,27.6,27.8,27.25,27.5,20,1,4,0,0,4.67,95.32,100.0
2026-05-08,3466,德晉,44.75,44.8,40.05,41.1,3229,1214,-466,0,0,17.21,82.78,100.0
2026-05-08,3467,台灣精材,70.0,74.2,68.5,72.0,1292,513,-12,0,-8,1.33,98.66,100.0
2026-05-08,3473,智通聯網,96.11,97.9,95.0,97.9,0,0,0,0,0,0.0,0.0,0.0
2026-05-08,3479,安勤,97.0,97.2,95.4,96.2,334,62,31,0,0,5.65,94.34,100.0
2026-05-08,3481,群創,29.85,31.45,28.65,29.4,785095,452829,96566,3706,604,27.23,72.76,100.0
2026-05-08,3483,力致,94.4,96.5,90.6,91.3,1324,462,63,0,-1,7.04,92.95,100.0
2026-05-08,3484,崧騰,45.4,45.4,44.55,44.85,225,27,-92,0,0,7.82,92.17,100.0
2026-05-08,3485,敘豐,277.0,287.0,260.0,270.0,744,0,-9,0,-6,0.14,99.85,100.0
2026-05-08,3489,森寶,22.0,22.25,21.95,22.15,81,3,9,0,0,0.76,99.23,100.0
2026-05-08,3490,單井,31.1,32.3,30.1,30.95,2245,1009,-130,0,0,6.08,93.91,100.0
2026-05-08,3491,昇達科,1615.0,1695.0,1605.0,1655.0,1767,734,283,-5,-19,30.77,69.22,100.0
2026-05-08,3492,長盛,23.05,23.55,22.75,22.75,83,22,-4,0,0,0.57,99.42,100.0
2026-05-08,3494,誠研,8.03,8.09,7.93,8.02,79,0,15,0,2,1.76,98.23,100.0
2026-05-08,3498,陽程,95.9,99.6,90.0,93.5,3260,1560,16,0,-12,14.85,85.14,100.0
2026-05-08,3499,環天科,15.55,15.8,15.4,15.5,130,0,-2,0,0,0.6,99.39,100.0
2026-05-08,3501,維熹,48.0,48.3,47.3,47.35,110,20,-30,0,0,3.48,96.51,100.0
2026-05-08,3504,揚明光,65.3,65.9,62.1,62.1,769,260,-199,0,0,3.45,96.54,100.0
2026-05-08,3508,位速,22.3,24.5,22.0,22.0,771,0,-181,0,-1,0.63,99.36,100.0
2026-05-08,3511,矽瑪,22.15,22.4,21.7,22.0,403,45,142,0,0,3.33,96.66,100.0
2026-05-08,3512,皇龍,20.4,20.4,20.15,20.2,180,8,-13,0,0,0.46,99.53,100.0
2026-05-08,3515,華擎,246.0,250.0,242.5,245.5,1409,339,110,0,261,7.57,92.42,100.0
2026-05-08,3516,亞帝歐,20.35,21.0,20.15,20.5,136,15,9,0,0,0.54,99.45,100.0
2026-05-08,3518,柏騰,38.0,39.3,35.0,36.0,3209,1158,-68,0,0,6.17,93.82,100.0
2026-05-08,3520,華盈,15.5,16.0,15.25,15.55,361,44,33,0,0,1.53,98.46,100.0
2026-05-08,3521,鴻翊,13.9,14.0,13.7,13.7,55,1,-6,0,0,0.37,99.62,100.0
2026-05-08,3521,台鋼建設,13.9,14.0,13.7,13.7,55,1,-6,0,0,0.37,99.62,100.0
2026-05-08,3522,御頂,12.6,12.6,12.3,12.5,73,0,0,0,0,0.35,99.64,100.0
2026-05-08,3522,御嵿,12.6,12.6,12.3,12.5,73,0,0,0,0,0.35,99.64,100.0
2026-05-08,3523,迎輝,12.6,12.65,12.6,12.65,2,0,-1,0,0,0.09,99.9,100.0
2026-05-08,3526,凡甲,377.5,403.0,377.0,395.0,3363,1345,610,152,-56,20.6,79.39,100.0
2026-05-08,3527,聚積,60.2,64.9,60.0,64.2,1030,534,171,0,0,7.25,92.74,100.0
2026-05-08,3528,安馳,89.5,92.6,87.6,91.0,1489,488,93,0,0,5.53,94.46,100.0
2026-05-08,3529,力旺,4640.0,4650.0,4235.0,4335.0,1308,533,-226,126,-10,65.71,34.28,100.0
2026-05-08,3530,晶相光,68.2,68.4,65.1,65.2,440,109,-70,0,0,41.32,58.67,100.0
2026-05-08,3531,先益,22.85,23.5,22.45,23.2,7,1,0,0,0,19.28,80.71,100.0
2026-05-08,3532,台勝科,260.0,271.0,250.0,257.5,13841,8125,536,863,-335,48.97,51.02,100.0
2026-05-08,3533,嘉澤,2850.0,2850.0,2675.0,2700.0,1770,532,335,91,-50,45.74,54.25,100.0
2026-05-08,3535,晶彩科,131.0,135.0,125.0,128.5,4894,2179,-573,0,0,2.14,97.85,100.0
2026-05-08,3537,堡達,46.9,48.6,45.95,46.7,1029,309,174,0,0,2.46,97.53,100.0
2026-05-08,3540,曜越,28.4,28.4,27.3,27.35,216,30,-47,0,0,2.98,97.01,100.0
2026-05-08,3541,西柏,23.05,23.15,23.0,23.15,113,3,5,0,0,0.98,99.01,100.0
2026-05-08,3543,州巧,39.0,41.5,39.0,39.85,1708,663,-206,0,-1,7.39,92.6,100.0
2026-05-08,3545,敦泰,54.0,59.2,54.0,56.7,8326,3335,849,0,104,13.91,86.08,100.0
2026-05-08,3546,宇峻,68.0,68.8,67.2,67.6,194,51,-22,0,5,10.0,89.99,100.0
2026-05-08,3548,兆利,103.5,105.5,99.3,100.0,1102,352,-158,0,-30,7.97,92.02,100.0
2026-05-08,3550,聯穎,22.0,22.4,20.7,21.35,3453,1255,394,0,0,4.83,95.16,100.0
2026-05-08,3551,世禾,219.5,220.0,203.5,210.0,6787,3330,-518,90,-35,10.54,89.45,100.0
2026-05-08,3552,同致,55.8,58.0,54.5,54.6,530,190,-114,0,-4,11.51,88.48,100.0
2026-05-08,3555,博士旺,232.0,244.5,221.5,224.5,440,156,-14,0,0,1.9,98.09,100.0
2026-05-08,3556,禾瑞亞,52.8,54.3,51.7,52.6,625,210,73,0,0,5.74,94.25,100.0
2026-05-08,3557,嘉威,30.5,30.5,29.0,29.45,132,17,-32,0,-3,1.72,98.27,100.0
2026-05-08,3558,神準,113.5,113.5,110.0,112.0,148,37,-25,0,0,4.1,95.89,100.0
2026-05-08,3563,牧德,816.0,835.0,798.0,802.0,1560,629,-270,0,2,7.65,92.34,100.0
2026-05-08,3564,其陽,40.35,41.5,40.25,40.9,207,29,55,0,0,3.37,96.62,100.0
2026-05-08,3567,逸昌,30.0,30.95,29.55,29.8,284,90,6,0,0,2.81,97.18,100.0
2026-05-08,3570,大塚,164.5,167.0,164.5,166.5,55,4,20,0,0,45.58,54.41,100.0
2026-05-08,3576,聯合再生,17.4,18.3,16.8,17.45,57284,0,-3896,0,-106,11.04,88.95,100.0
2026-05-08,3577,泓格,87.7,89.9,87.0,89.5,161,37,33,0,1,2.6,97.39,100.0
2026-05-08,3580,友威科,88.5,90.0,84.6,88.8,2028,937,98,0,-2,9.27,90.72,100.0
2026-05-08,3581,博磊,224.5,238.0,220.0,235.0,536,0,142,0,17,17.21,82.78,100.0
2026-05-08,3583,辛耘,804.0,813.0,773.0,788.0,1833,830,-202,128,70,19.14,80.85,100.0
2026-05-08,3585,聯致,126.42,122.5,98.4,107.5,5931,0,8,0,0,0.0,0.0,0.0
2026-05-08,3587,閎康,329.5,337.0,312.0,319.0,2137,986,190,0,-20,11.2,88.79,100.0
2026-05-08,3588,通嘉,60.8,63.0,59.0,59.2,953,331,-152,0,0,3.43,96.56,100.0
2026-05-08,3591,艾笛森,24.2,24.75,22.65,23.6,2578,876,-205,0,0,4.77,95.22,100.0
2026-05-08,3592,瑞鼎,247.0,262.0,247.0,258.5,2731,967,202,206,11,17.03,82.96,100.0
2026-05-08,3593,力銘,19.0,19.0,18.4,18.95,34,0,0,0,0,0.24,99.75,100.0
2026-05-08,3594,磐儀,55.4,56.2,53.1,55.4,1057,328,-124,0,2,2.17,97.82,100.0
2026-05-08,3595,山太士,2405.27,2670.0,2445.0,2535.0,465,0,1,0,0,0.0,0.0,0.0
2026-05-08,3596,智易,169.0,178.0,168.0,178.0,6662,1976,-2763,0,57,29.87,70.12,100.0
2026-05-08,3597,映興,26.3,26.3,25.55,25.65,65,10,3,0,0,0.94,99.05,100.0
2026-05-08,3603,建祥國際,10.0,10.1,9.1,9.35,45,0,0,0,0,0.0,0.0,0.0
2026-05-08,3605,宏致,86.3,86.6,82.1,83.3,7012,2213,43,0,-109,11.57,88.42,100.0
2026-05-08,3607,谷崧,14.7,15.0,14.5,14.55,513,113,-166,0,0,6.42,93.57,100.0
2026-05-08,3609,三一東林,22.6,22.85,21.6,22.6,248,73,10,0,0,3.13,96.86,100.0
2026-05-08,3611,鼎翰,189.0,190.5,189.0,190.0,39,3,-10,0,0,12.22,87.77,100.0
2026-05-08,3615,安可,34.45,36.2,33.45,34.1,4014,1708,551,0,0,5.04,94.95,100.0
2026-05-08,3617,碩天,196.5,198.5,194.0,197.0,277,70,33,0,-1,9.28,90.71,100.0
2026-05-08,3622,洋華,57.0,57.5,55.7,56.4,550,108,-215,0,0,3.83,96.16,100.0
2026-05-08,3623,富晶通,23.65,24.3,23.45,23.55,113,46,17,0,0,2.82,97.17,100.0
2026-05-08,3624,光頡,57.8,63.4,57.5,59.0,11054,5927,326,0,3,47.8,52.19,100.0
2026-05-08,3625,西勝,15.3,15.9,15.15,15.3,606,0,-84,0,0,5.53,94.46,100.0
2026-05-08,3628,盈正,68.1,69.6,66.8,67.6,291,112,28,0,0,5.03,94.96,100.0
2026-05-08,3629,地心引力,16.65,16.65,16.5,16.6,22,0,0,0,0,0.02,99.97,100.0
2026-05-08,3630,新鉅科,27.6,27.8,26.6,27.0,1089,307,-166,0,-1,41.93,58.06,100.0
2026-05-08,3631,晟楠,39.35,39.4,38.5,39.1,181,0,14,0,0,8.14,91.85,100.0
2026-05-08,3632,研勤,8.5,8.5,8.5,8.5,34,0,0,0,0,0.27,99.72,100.0
2026-05-08,3633,云光,130.24,130.0,126.5,127.0,71,0,-1,0,0,0.0,0.0,0.0
2026-05-08,3645,達邁,97.7,102.0,91.7,94.1,8983,4547,-1424,0,174,13.28,86.71,100.0
2026-05-08,3646,艾恩特,23.05,23.2,23.0,23.2,28,7,-2,0,0,6.8,93.19,100.0
2026-05-08,3652,精聯,29.9,30.15,29.5,29.5,168,22,12,0,2,0.66,99.33,100.0
2026-05-08,3653,健策,3775.0,4010.0,3490.0,3650.0,5820,0,-862,-1765,458,26.73,73.26,100.0
2026-05-08,3659,百辰,27.06,27.5,24.9,26.1,59,0,2,0,0,0.0,0.0,0.0
2026-05-08,3661,世芯-KY,4805.0,5000.0,4680.0,4890.0,3239,1908,190,117,10,54.58,45.41,100.0
2026-05-08,3663,鑫科,75.0,76.4,71.0,72.1,3479,1845,-36,0,-12,3.88,96.11,100.0
2026-05-08,3664,安瑞-KY,7.81,7.81,7.81,7.81,14,0,-1,0,0,37.89,62.1,100.0
2026-05-08,3665,貿聯-KY,2760.0,2800.0,2710.0,2750.0,1930,615,531,21,-4,52.87,47.12,100.0
2026-05-08,3666,光耀,26.8,29.2,26.8,28.7,826,214,66,0,1,0.3,99.69,100.0
2026-05-08,3669,圓展,40.0,41.15,39.2,39.5,283,87,42,0,0,2.13,97.86,100.0
2026-05-08,3672,康聯訊,11.8,11.95,11.5,11.5,29,0,-2,0,0,2.4,97.59,100.0
2026-05-08,3673,TPK-KY,61.8,62.3,58.5,59.0,8371,3507,-1000,0,-274,44.42,55.57,100.0
2026-05-08,3675,德微,242.5,250.0,225.5,226.0,2449,1023,-235,0,-14,60.7,39.29,100.0
2026-05-08,3678,聯享,59.81,60.9,57.0,58.4,105,0,0,0,0,0.0,0.0,0.0
2026-05-08,3679,新至陞,119.5,121.0,119.0,120.5,79,7,-2,0,1,8.92,91.07,100.0
2026-05-08,3680,家登,590.0,614.0,557.0,560.0,5727,2939,38,0,-70,22.01,77.98,100.0
2026-05-08,3684,榮昌,58.9,60.4,58.5,59.5,153,41,52,0,0,1.26,98.73,100.0
2026-05-08,3685,元創精密,29.35,31.4,29.3,30.1,524,0,47,0,0,0.35,99.64,100.0
2026-05-08,3686,達能,17.8,18.1,17.6,17.6,164,0,-41,0,-1,1.71,98.28,100.0
2026-05-08,3687,歐買尬,66.5,66.8,65.6,65.6,76,13,-5,0,0,4.82,95.17,100.0
2026-05-08,3689,湧德,125.5,129.0,124.0,126.0,5539,2436,-283,0,20,5.76,94.23,100.0
2026-05-08,3691,碩禾,132.0,137.0,126.0,135.0,1175,515,89,0,1,9.91,90.08,100.0
2026-05-08,3693,營邦,670.0,680.0,603.0,603.0,3602,1119,-287,-20,-27,10.12,89.87,100.0
2026-05-08,3694,海華,61.6,62.4,59.8,60.0,1400,448,-371,0,-2,4.87,95.12,100.0
2026-05-08,3701,大眾控,62.6,63.7,59.7,60.9,2778,1041,-217,0,-1,4.65,95.34,100.0
2026-05-08,3702,大聯大,105.5,113.5,105.5,113.5,25183,7494,-2625,1253,-2858,35.61,64.38,100.0
2026-05-08,3703,欣陸,20.95,20.95,20.5,20.7,1216,262,-66,0,-4,20.6,79.39,100.0
2026-05-08,3704,合勤控,35.9,36.35,35.0,35.3,2171,517,413,0,-5,9.78,90.21,100.0
2026-05-08,3705,永信,55.5,55.5,55.1,55.3,114,21,42,0,0,6.69,93.3,100.0
2026-05-08,3706,神達,87.2,88.4,85.2,86.2,16332,5824,2072,-1,-26,10.94,89.05,100.0
2026-05-08,3707,漢磊,73.3,75.8,68.7,73.2,26372,16562,-38,0,-50,11.76,88.23,100.0
2026-05-08,3708,上緯投控,121.5,121.5,117.0,118.5,730,129,-180,0,-21,5.16,94.83,100.0
2026-05-08,3709,鑫聯大投控,85.3,92.9,83.6,92.9,9430,3701,1060,0,-31,14.05,85.94,100.0
2026-05-08,3710,連展投控,6.5,6.5,6.22,6.29,909,0,-90,0,0,2.31,97.68,100.0
2026-05-08,3711,日月光投控,524.0,529.0,511.0,516.0,23722,4832,-7779,584,-84,78.48,21.51,100.0
2026-05-08,3712,永崴投控,21.05,21.3,20.35,20.65,604,202,-129,0,-1,1.25,98.74,100.0
2026-05-08,3713,新晶投控,14.05,14.05,13.5,13.7,320,0,19,0,0,0.41,99.58,100.0
2026-05-08,3714,富采,71.0,78.2,71.0,71.1,66254,38015,2467,0,82,11.94,88.05,100.0
2026-05-08,3715,定穎投控,189.0,190.5,177.0,180.5,19061,7373,-4322,0,-151,9.86,90.13,100.0
2026-05-08,3716,中化控股,34.45,35.2,34.1,35.0,867,71,214,0,0,8.33,91.66,100.0
2026-05-08,3717,聯嘉投控,24.25,24.75,23.45,24.05,6716,2573,-149,0,-414,4.0,95.99,100.0
2026-05-08,4102,永日,17.45,17.7,17.4,17.7,58,2,2,0,0,1.4,98.59,100.0
2026-05-08,4104,佳醫,70.5,71.2,70.4,70.6,369,16,-70,0,1,3.61,96.38,100.0
2026-05-08,4105,東洋,74.2,75.6,74.2,75.4,913,157,144,130,0,19.87,80.12,100.0
2026-05-08,4106,雃博,22.2,22.25,22.05,22.2,87,6,-28,0,0,1.88,98.11,100.0
2026-05-08,4107,邦特,116.0,117.0,116.0,117.0,42,1,-15,0,0,7.36,92.63,100.0
2026-05-08,4108,懷特,12.0,12.25,12.0,12.1,213,0,27,0,-1,1.15,98.84,100.0
2026-05-08,4109,加捷生醫,11.6,11.6,11.4,11.45,155,9,-13,0,0,1.8,98.19,100.0
2026-05-08,4111,濟生,30.15,30.5,29.9,30.4,259,9,6,0,0,3.36,96.63,100.0
2026-05-08,4113,聯上,15.2,15.2,14.75,14.85,233,22,-28,0,0,2.09,97.9,100.0
2026-05-08,4114,健喬,31.0,31.35,30.85,30.95,953,88,-100,0,0,6.31,93.68,100.0
2026-05-08,4115,善德生技,9.21,10.85,9.15,10.5,1012,0,0,0,0,0.0,0.0,0.0
2026-05-08,4116,明基醫,39.45,39.45,39.15,39.2,37,1,0,0,0,0.81,99.18,100.0
2026-05-08,4119,旭富,47.5,47.7,46.55,46.65,183,33,-53,0,-2,5.61,94.38,100.0
2026-05-08,4120,友華,46.6,46.6,46.15,46.55,84,2,-3,0,0,6.24,93.75,100.0
2026-05-08,4121,優盛,14.6,15.1,14.6,14.65,157,28,4,0,0,2.24,97.75,100.0
2026-05-08,4123,晟德,38.25,38.45,37.6,37.95,2179,328,-746,0,37,9.21,90.78,100.0
2026-05-08,4126,太醫,80.7,80.7,79.6,79.8,19,1,2,0,0,9.0,90.99,100.0
2026-05-08,4127,天良,40.5,40.5,39.3,39.8,303,35,-27,0,0,0.47,99.52,100.0
2026-05-08,4128,中天,15.2,15.4,14.95,15.0,1367,195,37,0,-2,6.89,93.1,100.0
2026-05-08,4129,聯合,98.1,101.0,98.1,99.7,205,33,27,0,0,13.02,86.97,100.0
2026-05-08,4130,健亞,27.35,27.4,27.0,27.2,118,24,-3,0,0,1.81,98.18,100.0
2026-05-08,4131,浩泰,35.6,35.6,34.95,35.4,52,0,13,0,0,1.22,98.77,100.0
2026-05-08,4133,亞諾法,22.5,22.85,21.95,21.95,211,69,-11,0,0,12.53,87.46,100.0
2026-05-08,4137,麗豐-KY,108.0,108.0,106.0,107.5,202,14,57,0,0,56.34,43.65,100.0
2026-05-08,4138,曜亞,55.3,55.5,53.8,55.5,105,10,17,0,-1,1.33,98.66,100.0
2026-05-08,4139,馬光-KY,23.5,23.9,23.5,23.9,2,0,0,0,0,19.95,80.04,100.0
2026-05-08,4142,國光生,18.05,18.2,17.75,17.8,1182,295,-224,0,-2,4.78,95.21,100.0
2026-05-08,4147,中裕,49.35,51.9,49.35,49.7,1246,371,224,0,0,10.26,89.73,100.0
2026-05-08,4148,全宇生技-KY,36.35,36.4,36.2,36.25,19,1,0,0,0,71.14,28.85,100.0
2026-05-08,4150,優你康,6.85,7.85,6.49,6.88,2440,0,-75,0,0,0.0,0.0,0.0
2026-05-08,4153,鈺緯,30.15,30.15,29.8,29.95,49,1,5,0,0,0.35,99.64,100.0
2026-05-08,4154,樂威科-KY,11.5,12.35,11.5,12.3,38,0,0,0,0,27.08,72.91,100.0
2026-05-08,4155,訊映,13.2,13.25,13.0,13.05,251,22,-3,0,0,1.02,98.97,100.0
2026-05-08,4157,太景*-KY,9.72,9.84,9.44,9.45,1723,273,-449,0,1,1.5,98.49,100.0
2026-05-08,4160,訊聯基因,43.6,43.95,42.85,43.95,66,16,-15,0,0,0.8,99.19,100.0
2026-05-08,4161,聿新科,23.2,23.2,22.9,22.9,207,85,4,0,0,0.71,99.28,100.0
2026-05-08,4162,智擎,58.2,59.2,57.7,57.8,483,159,-98,0,-2,11.52,88.47,100.0
2026-05-08,4163,鐿鈦,95.0,96.0,95.0,95.5,8,0,0,0,0,2.71,97.28,100.0
2026-05-08,4164,承業醫,29.55,29.85,28.45,28.5,2569,318,-1269,0,22,20.72,79.27,100.0
2026-05-08,4166,友霖,26.6,26.6,26.0,26.05,281,24,103,0,0,10.72,89.27,100.0
2026-05-08,4167,松瑞藥,18.55,18.95,18.55,18.75,1215,288,-223,0,12,10.36,89.63,100.0
2026-05-08,4168,醣聯,22.85,23.15,22.3,22.5,247,0,-77,0,0,4.85,95.14,100.0
2026-05-08,4169,泰宗,154.0,160.0,153.5,156.0,172,0,-28,0,0,6.38,93.61,100.0
2026-05-08,4170,鑫品生醫,13.55,14.0,13.05,14.0,69,0,0,0,0,0.0,0.0,0.0
2026-05-08,4171,瑞基,19.0,19.1,18.55,18.55,116,22,2,0,0,14.39,85.6,100.0
2026-05-08,4172,因華,14.2,14.45,13.85,14.3,201,0,2,0,0,0.0,0.0,0.0
2026-05-08,4173,久裕,18.6,18.8,18.6,18.75,57,0,-2,0,0,1.37,98.62,100.0
2026-05-08,4174,浩鼎,35.15,35.5,33.7,34.05,439,87,-186,0,0,6.33,93.66,100.0
2026-05-08,4175,杏一,54.0,54.0,53.9,53.9,16,1,-1,0,0,0.19,99.8,100.0
2026-05-08,4178,永笙-KY,19.0,19.1,18.7,19.0,1492,0,295,0,0,5.45,94.54,100.0
2026-05-08,4183,福永生技,13.6,14.0,13.55,14.0,8,0,0,0,0,0.0,99.99,100.0
2026-05-08,4186,尖端醫,10.32,11.05,10.45,10.75,278,0,9,0,0,0.0,0.0,0.0
2026-05-08,4188,安克,11.8,11.9,11.7,11.85,17,0,0,0,0,0.09,99.9,100.0
2026-05-08,4190,佐登-KY,24.7,24.95,24.6,24.6,26,0,2,0,0,61.54,38.45,100.0
2026-05-08,4192,杏國,20.1,20.8,20.0,20.5,21,0,0,0,0,0.31,99.68,100.0
2026-05-08,4194,禾生技,7.52,7.6,7.18,7.57,59,0,0,0,0,0.0,0.0,0.0
2026-05-08,4195,基米-創,28.87,30.15,28.0,29.45,851,0,1,0,0,0.0,100.0,100.0
2026-05-08,4197,暐世,11.07,11.15,10.65,11.15,97,0,0,0,0,0.0,0.0,0.0
2026-05-08,4198,欣大健康,38.2,38.8,38.0,38.0,6,0,0,0,0,1.16,98.83,100.0
2026-05-08,4205,中華食,73.8,74.0,73.7,74.0,42,1,-2,0,0,0.59,99.4,100.0
2026-05-08,4207,環泰,17.7,17.9,17.65,17.9,101,2,32,0,0,1.42,98.57,100.0
2026-05-08,4303,信立,52.6,53.4,51.9,52.3,510,105,-95,0,-1,2.16,97.83,100.0
2026-05-08,4304,勝昱,31.0,31.0,30.0,30.0,13,0,-1,0,0,0.03,99.96,100.0
2026-05-08,4305,世坤,43.35,43.85,43.35,43.85,6,0,0,0,0,0.06,99.93,100.0
2026-05-08,4306,炎洲,13.25,13.3,13.1,13.15,881,82,-118,0,0,4.6,95.39,100.0
2026-05-08,4401,東隆興,14.15,14.15,13.8,14.0,110,1,-29,0,0,1.4,98.59,100.0
2026-05-08,4402,郡都開發,13.6,14.25,13.5,13.8,32,0,-3,0,0,2.28,97.71,100.0
2026-05-08,4406,新昕纖,10.0,10.0,10.0,10.0,12,0,0,0,0,0.22,99.77,100.0
2026-05-08,4413,飛寶企業,18.2,18.6,17.8,18.6,10,1,0,0,0,5.73,94.26,100.0
2026-05-08,4414,如興,10.1,10.1,9.97,10.0,360,53,24,0,-1,26.8,73.19,100.0
2026-05-08,4416,三圓,12.5,12.7,12.5,12.55,91,12,-5,0,0,1.32,98.67,100.0
2026-05-08,4417,金洲,46.3,46.55,45.85,46.1,316,6,11,0,0,4.17,95.82,100.0
2026-05-08,4419,元勝,46.0,46.0,45.0,45.2,4,0,0,0,0,0.0,99.99,100.0
2026-05-08,4419,皇家美食,46.0,46.0,45.0,45.2,4,0,0,0,0,0.0,99.99,100.0
2026-05-08,4420,光明,41.5,41.75,41.5,41.6,64,0,24,0,0,1.27,98.72,100.0
2026-05-08,4426,利勤,8.03,8.13,7.87,8.04,350,31,-5,0,-8,2.27,97.72,100.0
2026-05-08,4430,耀億,17.05,17.3,16.95,17.05,11,2,0,0,0,2.27,97.72,100.0
2026-05-08,4431,敏成健康,17.17,17.5,16.8,17.4,56,0,1,0,0,0.0,0.0,0.0
2026-05-08,4432,銘旺實,14.2,14.2,14.15,14.15,60,3,-3,0,0,0.95,99.04,100.0
2026-05-08,4433,興采,20.05,20.05,19.9,19.95,15,2,0,0,0,0.13,99.86,100.0
2026-05-08,4438,廣越,61.1,61.1,57.0,58.3,398,43,-148,0,0,2.05,97.94,100.0
2026-05-08,4439,冠星-KY,98.0,99.0,98.0,99.0,15,1,0,0,0,61.53,38.46,100.0
2026-05-08,4440,宜新實業,17.7,18.1,17.6,18.1,105,2,44,0,0,0.8,99.19,100.0
2026-05-08,4441,振大環球,197.5,200.0,195.0,195.0,35,6,-2,0,0,1.47,98.52,100.0
2026-05-08,4442,竣邦-KY,55.6,55.8,54.8,54.9,38,0,0,0,0,63.28,36.71,100.0
2026-05-08,4502,健信,15.8,16.6,15.8,16.45,67,0,0,0,0,3.88,96.11,100.0
2026-05-08,4503,金雨,42.5,45.45,42.25,45.15,546,119,176,0,0,3.61,96.38,100.0
2026-05-08,4506,崇友,119.0,119.5,118.0,118.5,35,3,-6,0,0,3.13,96.86,100.0
2026-05-08,4510,高鋒,46.5,48.5,46.1,47.0,2267,1212,-80,0,110,4.19,95.8,100.0
2026-05-08,4513,福裕,14.9,15.15,14.5,14.7,375,80,53,0,0,4.64,95.35,100.0
2026-05-08,4523,永彰,31.2,31.35,30.8,31.0,158,28,-27,0,0,2.64,97.35,100.0
2026-05-08,4526,東台,36.05,36.65,34.2,34.5,4861,1519,-693,0,-58,4.41,95.58,100.0
2026-05-08,4527,方土霖,42.85,43.0,42.8,42.95,26,1,-2,0,0,2.02,97.97,100.0
2026-05-08,4528,江興鍛,15.55,16.0,15.5,15.95,37,4,2,0,-4,0.13,99.86,100.0
2026-05-08,4529,淳紳,5.04,5.04,4.66,4.85,147,0,0,0,0,38.04,61.95,100.0
2026-05-08,4530,宏易,25.0,25.45,24.5,25.45,6,1,0,0,0,2.99,97.0,100.0
2026-05-08,4532,瑞智,23.05,23.3,22.75,22.95,909,195,-173,-28,6,16.59,83.4,100.0
2026-05-08,4533,協易機,31.25,32.9,30.35,30.5,2159,655,-626,0,-32,3.73,96.26,100.0
2026-05-08,4534,慶騰,24.05,24.05,23.05,23.95,649,0,-22,0,0,0.8,99.19,100.0
2026-05-08,4535,至興,0.0,0.0,0.0,0.0,0,0,0,0,0,0.09,99.9,100.0
2026-05-08,4536,拓凱,152.0,152.5,149.5,151.0,139,29,-18,0,0,12.2,87.79,100.0
2026-05-08,4537,旭東,178.76,178.0,170.5,173.0,241,0,-8,0,0,0.0,0.0,0.0
2026-05-08,4538,大詠城,18.8,18.8,18.25,18.4,19,4,-4,0,0,0.12,99.87,100.0
2026-05-08,4540,全球傳動,74.0,75.5,68.2,68.6,20684,8283,-2662,0,-223,9.01,90.98,100.0
2026-05-08,4541,晟田,49.4,50.7,47.8,47.95,2200,725,-523,0,-5,7.09,92.9,100.0
2026-05-08,4542,科嶠,210.0,210.0,194.0,196.0,637,0,23,0,15,8.13,91.86,100.0
2026-05-08,4543,萬在,40.45,41.85,39.65,40.4,538,156,30,0,15,9.31,90.68,100.0
2026-05-08,4544,春日,15.51,15.75,15.5,15.75,1,0,0,0,0,0.0,0.0,0.0
2026-05-08,4545,銘鈺,31.35,31.35,30.05,30.05,128,29,-18,0,0,29.14,70.85,100.0
2026-05-08,4546,長亨,121.56,122.0,116.5,118.5,42,0,0,0,0,0.0,0.0,0.0
2026-05-08,4549,桓達,106.5,106.5,100.0,101.5,577,129,-96,0,0,4.02,95.97,100.0
2026-05-08,4550,長佳,24.55,24.55,24.45,24.45,13,0,0,0,0,1.58,98.41,100.0
2026-05-08,4551,智伸科,135.0,137.5,132.5,135.0,637,259,-55,0,-16,51.52,48.47,100.0
2026-05-08,4552,力達-KY,20.2,20.2,19.85,20.15,188,21,-37,0,-3,42.93,57.06,100.0
2026-05-08,4553,盛復,21.35,22.0,20.9,22.0,19,0,-1,0,0,0.0,0.0,0.0
2026-05-08,4554,橙的,29.95,30.9,29.95,30.45,81,8,6,0,0,24.49,75.5,100.0
2026-05-08,4555,氣立,42.1,43.1,41.4,42.65,367,97,108,0,0,1.67,98.32,100.0
2026-05-08,4556,旭然,39.2,43.3,39.1,42.3,1178,477,-23,0,-1,10.87,89.12,100.0
2026-05-08,4557,永新-KY,52.4,53.2,50.4,51.0,186,28,-49,0,2,31.07,68.92,100.0
2026-05-08,4558,寶緯,19.35,19.45,19.0,19.4,65,18,2,0,0,0.33,99.66,100.0
2026-05-08,4559,久裕興,8.98,9.3,8.65,9.0,29,0,0,0,0,0.0,0.0,0.0
2026-05-08,4560,強信-KY,35.3,35.6,34.95,35.2,351,266,39,0,0,85.12,14.87,100.0
2026-05-08,4561,健椿,47.85,51.9,47.7,51.4,4865,1887,-279,0,5,2.46,97.53,100.0
2026-05-08,4562,穎漢,37.45,39.05,36.75,37.7,807,364,-49,0,1,1.34,98.65,100.0
2026-05-08,4563,百德,48.7,50.4,47.95,48.55,216,82,-13,0,0,2.5,97.49,100.0
2026-05-08,4564,元翎,18.85,19.15,17.9,18.0,1272,225,-493,0,10,2.68,97.31,100.0
2026-05-08,4565,宏偉,107.36,108.5,106.5,108.5,13,0,2,0,0,0.0,0.0,0.0
2026-05-08,4566,時碩工業,68.8,70.5,65.3,67.2,1503,460,202,0,0,2.04,97.95,100.0
2026-05-08,4568,科際精密,40.95,40.95,40.4,40.9,19,5,-2,0,0,20.09,79.9,100.0
2026-05-08,4569,六方科-KY,174.0,178.5,170.5,171.0,87,25,-25,0,0,67.33,32.66,100.0
2026-05-08,4570,傑生,70.5,70.5,70.0,70.0,2,0,0,0,0,0.0,0.0,0.0
2026-05-08,4571,鈞興-KY,197.5,197.5,185.0,190.0,875,237,81,0,-7,60.85,39.14,100.0
2026-05-08,4572,駐龍,147.0,149.5,146.5,148.0,37,4,14,0,-2,2.06,97.93,100.0
2026-05-08,4573,高明鐵,452.21,450.0,415.5,422.0,1055,0,-1,0,0,0.0,0.0,0.0
2026-05-08,4575,銓寶,27.36,27.6,26.35,27.4,87,0,3,0,0,0.0,0.0,0.0
2026-05-08,4576,大銀微系統,238.0,240.5,218.0,228.0,7370,3541,11,85,-234,3.62,96.37,100.0
2026-05-08,4577,達航科技,152.0,153.0,141.0,142.0,1888,552,297,0,1,2.73,97.26,100.0
2026-05-08,4580,捷流閥業,82.2,82.9,82.0,82.1,73,9,-5,0,0,3.63,96.36,100.0
2026-05-08,4581,光隆精密-KY,50.6,50.6,50.0,50.0,13,2,3,0,0,23.99,76.0,100.0
2026-05-08,4582,聚恆-創,33.57,33.35,32.3,32.75,296,0,0,0,0,0.0,0.0,0.0
2026-05-08,4583,台灣精銳,784.0,784.0,747.0,762.0,195,93,-1,0,2,1.48,98.51,100.0
2026-05-08,4584,君帆,41.15,41.15,40.85,40.85,4,0,0,0,0,0.0,99.99,100.0
2026-05-08,4585,達明,338.0,345.5,327.0,329.5,585,197,20,0,21,0.57,99.42,100.0
2026-05-08,4587,寶元數控,62.5,62.1,53.7,57.0,332,0,3,0,0,0.0,0.0,0.0
2026-05-08,4588,玖鼎電力,59.7,59.7,58.1,58.7,165,25,-41,0,-2,3.39,96.6,100.0
2026-05-08,4589,碩陽電機,37.57,38.45,37.0,38.1,30,0,-2,0,0,0.0,0.0,0.0
2026-05-08,4590,富田-創,79.3,80.6,78.2,78.6,229,0,18,0,0,1.92,98.07,100.0
2026-05-08,4609,唐鋒,5.23,5.23,5.23,5.23,36,0,0,0,0,0.0,99.99,100.0
2026-05-08,4702,中美實,9.81,9.85,9.67,9.67,116,33,-17,0,0,43.54,56.45,100.0
2026-05-08,4706,大恭,31.8,31.8,31.1,31.1,18,2,-2,0,0,29.42,70.57,100.0
2026-05-08,4707,磐亞,15.9,15.95,15.3,15.4,3442,588,-1446,0,4,1.29,98.7,100.0
2026-05-08,4711,永純,15.8,16.2,15.65,16.05,196,23,11,0,0,0.88,99.11,100.0
2026-05-08,4714,永捷,15.0,15.05,14.6,14.75,1004,184,-206,0,-1,10.33,89.66,100.0
2026-05-08,4716,大立,15.0,15.2,14.7,15.0,924,259,-140,0,0,3.75,96.24,100.0
2026-05-08,4720,德淵,27.0,27.65,25.5,26.05,6028,1764,-1285,-1,-6,6.07,93.92,100.0
2026-05-08,4721,美琪瑪,94.2,96.5,92.0,95.5,8383,4307,-270,0,-190,8.34,91.65,100.0
2026-05-08,4722,國精化,216.0,236.5,213.0,236.5,10764,4949,492,0,-111,5.74,94.25,100.0
2026-05-08,4724,宣捷幹細胞,12.55,13.1,12.55,13.05,132,0,0,0,0,0.0,0.0,0.0
2026-05-08,4726,永昕,28.0,29.35,28.0,28.55,325,0,-8,0,0,20.8,79.19,100.0
2026-05-08,4728,雙美,353.5,383.0,350.0,382.0,74,39,5,0,0,19.51,80.48,100.0
2026-05-08,4729,熒茂,19.95,21.65,19.95,20.7,2060,988,180,0,0,2.35,97.64,100.0
2026-05-08,4732,彥臣,18.94,19.1,18.9,19.0,4,0,0,0,0,0.0,0.0,0.0
2026-05-08,4735,豪展,29.65,30.5,29.65,30.15,74,23,0,0,0,0.18,99.81,100.0
2026-05-08,4736,泰博,128.0,128.0,125.0,126.0,319,58,-96,0,-11,5.48,94.51,100.0
2026-05-08,4737,華廣,58.8,59.5,58.3,58.8,124,20,43,0,0,29.06,70.93,100.0
2026-05-08,4738,大同精化,8.94,9.05,8.0,8.2,1141,0,7,0,0,0.0,0.0,0.0
2026-05-08,4739,康普,93.3,95.0,84.3,86.9,6778,2473,-1603,0,-116,5.13,94.86,100.0
2026-05-08,4741,泓瀚,62.8,64.6,56.6,61.6,1764,788,-175,0,0,1.07,98.92,100.0
2026-05-08,4743,合一,53.3,53.7,51.5,51.6,2113,496,-824,0,3,13.55,86.44,100.0
2026-05-08,4744,皇將,32.5,32.95,32.35,32.4,74,7,13,0,0,4.74,95.25,100.0
2026-05-08,4745,合富-KY,20.2,20.2,20.0,20.05,1339,31,-536,0,0,8.86,91.13,100.0
2026-05-08,4746,台耀,55.3,55.5,53.8,54.3,917,227,-314,161,-4,10.34,89.65,100.0
2026-05-08,4747,強生,53.9,54.9,53.1,53.1,61,8,3,0,0,1.32,98.67,100.0
2026-05-08,4749,新應材,985.0,1085.0,971.0,1085.0,6656,2108,1031,-20,275,22.2,77.79,100.0
2026-05-08,4754,國碳科,37.0,37.2,36.95,37.2,50,0,-1,0,0,0.22,99.77,100.0
2026-05-08,4755,三福化,144.0,144.5,137.5,139.0,786,162,-207,0,-11,23.66,76.33,100.0
2026-05-08,4760,勤凱,282.5,293.5,272.5,287.5,5229,2676,323,0,-131,20.26,79.73,100.0
2026-05-08,4763,材料*-KY,41.9,42.55,41.35,41.9,6274,2050,-1265,-5,-17,46.29,53.7,100.0
2026-05-08,4764,雙鍵,350.5,350.5,330.0,340.0,424,0,46,0,-1,31.03,68.96,100.0
2026-05-08,4765,磐采,20.75,21.05,20.0,21.05,37,0,0,0,0,0.0,0.0,0.0
2026-05-08,4766,南寶,368.0,394.5,352.5,392.0,2736,921,-647,-37,17,14.39,85.6,100.0
2026-05-08,4767,誠泰科技,26.5,27.0,26.5,26.85,26,3,5,0,0,0.07,99.92,100.0
2026-05-08,4768,晶呈科技,512.0,519.0,496.0,507.0,412,0,-13,0,-10,16.29,83.7,100.0
2026-05-08,4770,上品,228.5,228.5,220.5,223.5,429,77,-171,0,-4,6.74,93.25,100.0
2026-05-08,4771,望隼,192.0,192.0,185.0,187.5,302,67,-22,0,0,5.72,94.27,100.0
2026-05-08,4772,台特化,308.0,324.0,302.5,321.5,4608,1689,-45,0,104,11.49,88.5,100.0
2026-05-08,4806,桂田文創,10.2,10.5,10.2,10.5,12,0,0,0,0,1.88,98.11,100.0
2026-05-08,4807,日成-KY,20.6,21.65,20.55,21.55,147,35,35,0,0,66.63,33.36,100.0
2026-05-08,4903,聯光通,44.45,46.1,42.1,43.0,3171,1091,-213,0,0,2.24,97.75,100.0
2026-05-08,4904,遠傳,95.5,96.4,94.8,95.9,8954,2625,913,481,-48,22.34,26.48,49.0
2026-05-08,4905,台聯電,79.9,82.0,77.4,79.7,40,8,-2,0,-2,9.63,90.36,100.0
2026-05-08,4906,正文,41.5,42.55,39.8,40.0,124068,67160,16510,0,138,14.36,85.63,100.0
2026-05-08,4907,富宇,37.45,37.45,37.0,37.25,41,1,12,0,0,0.18,99.81,100.0
2026-05-08,4908,前鼎,238.5,238.5,223.0,229.5,801,0,20,0,-1,11.07,88.92,100.0
2026-05-08,4909,新復興,57.2,58.9,54.6,54.8,1619,573,-533,0,-16,8.41,91.58,100.0
2026-05-08,4911,德英,35.0,35.0,34.3,34.3,16,2,-4,0,0,0.32,99.67,100.0
2026-05-08,4912,聯德控股-KY,91.4,97.2,90.4,94.3,2058,607,462,0,0,24.83,75.16,100.0
2026-05-08,4915,致伸,73.3,73.3,71.3,72.5,7556,1257,-4808,386,0,36.68,63.31,100.0
2026-05-08,4916,事欣科,63.6,66.0,61.7,62.0,7070,3731,-1069,0,0,10.44,89.55,100.0
2026-05-08,4919,新唐,172.5,179.0,164.0,167.5,39775,22405,-3064,0,-238,8.86,91.13,100.0
2026-05-08,4923,力士,36.2,36.55,35.3,35.6,77,13,-8,0,0,0.44,99.55,100.0
2026-05-08,4924,欣厚-KY,10.25,10.25,10.2,10.25,8,0,-1,0,0,38.18,61.81,100.0
2026-05-08,4925,智微,194.87,203.0,175.5,185.0,1257,0,95,0,0,0.0,0.0,0.0
2026-05-08,4927,泰鼎-KY,58.1,58.2,53.5,54.4,15425,5224,-4107,0,-99,8.92,91.07,100.0
2026-05-08,4930,燦星網,17.85,17.85,17.7,17.85,167,11,-6,0,0,2.03,97.96,100.0
2026-05-08,4931,新盛力,165.0,173.0,159.5,170.0,18619,11519,677,0,31,4.48,95.51,100.0
2026-05-08,4933,友輝,71.7,72.2,68.8,69.1,872,138,6,0,7,6.96,93.03,100.0
2026-05-08,4934,太極,19.2,19.8,18.0,18.5,3397,0,-88,0,4,2.28,97.71,100.0
2026-05-08,4935,茂林-KY,38.15,38.15,36.75,37.25,141,23,-57,0,-1,26.82,73.17,100.0
2026-05-08,4938,和碩,84.5,85.3,83.9,84.4,10969,2259,1926,-428,-18,31.96,68.03,100.0
2026-05-08,4939,亞電,44.5,44.9,40.6,41.5,3983,1539,-582,0,-57,8.2,91.79,100.0
2026-05-08,4942,嘉彰,38.05,38.3,37.9,38.05,101,6,58,0,0,6.81,93.18,100.0
2026-05-08,4943,康控-KY,9.58,9.58,9.0,9.33,32,0,0,0,0,15.6,84.39,100.0
2026-05-08,4946,辣椒,105.5,107.0,105.0,107.0,62,0,3,0,0,4.31,95.68,100.0
2026-05-08,4949,有成精密,97.9,102.5,93.7,93.7,3687,2036,-274,0,1,2.85,97.14,100.0
2026-05-08,4950,金耘國際,17.35,17.35,16.35,16.8,69,0,0,0,0,0.08,99.91,100.0
2026-05-08,4951,精拓科,129.0,130.0,123.5,124.0,818,0,61,0,23,5.43,94.56,100.0
2026-05-08,4952,凌通,49.75,51.4,48.25,48.9,1070,277,-211,0,0,5.34,94.65,100.0
2026-05-08,4953,緯軟,122.5,123.0,118.5,121.0,551,165,-140,5,0,11.21,88.78,100.0
2026-05-08,4956,光鋐,53.5,56.2,48.3,49.0,14999,7599,-2563,0,-6,11.41,88.58,100.0
2026-05-08,4958,臻鼎-KY,427.0,427.5,392.0,401.0,43760,21077,-2788,199,-643,59.46,40.53,100.0
2026-05-08,4960,誠美材,43.7,44.05,39.35,39.35,35928,11898,-11906,0,-217,20.45,79.54,100.0
2026-05-08,4961,天鈺,161.5,174.0,160.5,170.0,4471,1306,1879,0,-13,20.04,79.95,100.0
2026-05-08,4966,譜瑞-KY,610.0,669.0,605.0,669.0,5861,1217,1558,461,173,28.67,71.32,100.0
2026-05-08,4967,十銓,296.0,309.5,283.5,298.0,17663,11255,858,0,-109,14.82,85.17,100.0
2026-05-08,4968,立積,120.0,125.5,117.5,119.5,2217,979,-142,0,-8,4.05,95.94,100.0
2026-05-08,4971,IET-KY,699.0,730.0,688.0,688.0,544,0,8,0,27,31.44,68.55,100.0
2026-05-08,4972,湯石照明,16.5,16.5,16.4,16.45,67,0,16,0,0,2.24,97.75,100.0
2026-05-08,4973,廣穎,94.2,105.0,93.0,99.6,15886,9917,514,0,7,5.98,94.01,100.0
2026-05-08,4974,亞泰,74.0,74.2,72.8,73.5,149,20,5,0,0,3.88,96.11,100.0
2026-05-08,4976,佳凌,29.85,30.6,28.9,28.95,740,230,-227,0,-1,3.08,96.91,100.0
2026-05-08,4977,眾達-KY,0.0,0.0,0.0,0.0,0,0,0,0,0,19.32,80.67,100.0
2026-05-08,4979,華星光,665.0,695.0,634.0,660.0,13739,7743,-1311,187,-56,13.76,86.23,100.0
2026-05-08,4980,佐臻,40.74,41.95,37.85,40.0,370,0,-18,0,0,0.0,0.0,0.0
2026-05-08,4987,科誠,81.5,81.6,81.5,81.5,9,0,1,0,0,3.18,96.81,100.0
2026-05-08,4989,榮科,102.5,104.0,94.0,94.7,15355,5323,-508,0,19,7.7,92.29,100.0
2026-05-08,4991,環宇-KY,656.0,692.0,640.0,644.0,6358,3023,693,-1017,-3,15.2,84.79,100.0
2026-05-08,4994,傳奇,98.5,98.9,96.6,97.9,14,3,-4,0,0,2.79,97.2,100.0
2026-05-08,4995,晶達,44.3,44.5,43.0,44.2,195,37,-2,0,0,0.49,99.5,100.0
2026-05-08,4999,鑫禾,21.0,21.25,20.9,21.0,157,10,-7,0,0,1.71,98.28,100.0
2026-05-08,5007,三星,58.4,58.4,57.6,58.0,45,7,21,0,1,2.96,97.03,100.0
2026-05-08,5009,榮剛,36.4,37.15,35.25,36.5,11176,4745,-767,300,149,10.36,89.63,100.0
2026-05-08,5011,久陽,14.9,15.1,14.6,14.6,305,32,15,0,0,1.62,98.37,100.0
2026-05-08,5013,強新,27.85,28.25,27.7,28.25,14,1,0,0,0,12.22,87.77,100.0
2026-05-08,5014,建錩,9.46,9.61,9.4,9.43,410,68,-3,0,0,1.34,98.65,100.0
2026-05-08,5015,華祺,22.95,23.0,22.85,22.95,47,1,-12,0,0,6.67,93.32,100.0
2026-05-08,5016,松和,26.0,26.0,25.35,25.55,34,1,0,0,0,0.34,99.65,100.0
2026-05-08,5201,凱衛,30.65,30.7,30.0,30.4,49,12,-8,0,0,7.18,92.81,100.0
2026-05-08,5202,力新,13.1,13.1,12.9,13.05,176,73,-4,0,0,1.21,98.78,100.0
2026-05-08,5203,訊連,65.2,66.6,65.2,65.6,223,38,44,0,0,12.02,87.97,100.0
2026-05-08,5205,中茂,22.2,23.4,20.6,23.0,15,0,0,0,0,0.04,99.95,100.0
2026-05-08,5206,坤悅,23.5,24.5,23.0,24.3,242,93,-92,0,0,6.32,93.67,100.0
2026-05-08,5209,新鼎,165.0,165.5,163.5,164.0,72,7,5,0,0,2.0,97.99,100.0
2026-05-08,5210,寶碩,27.6,28.35,26.85,28.05,686,0,59,0,0,0.58,99.41,100.0
2026-05-08,5211,蒙恬,20.3,20.4,20.15,20.15,82,4,4,0,0,8.43,91.56,100.0
2026-05-08,5212,凌網,47.95,47.95,46.55,46.65,3,1,0,0,0,21.86,78.13,100.0
2026-05-08,5213,亞昕,26.25,26.45,25.75,25.95,856,84,-237,0,27,0.99,99.0,100.0
2026-05-08,5215,科嘉-KY,39.15,39.6,38.0,38.35,146,38,-6,0,-1,25.56,74.43,100.0
2026-05-08,5220,萬達光電,20.7,20.7,20.05,20.25,47,13,-4,0,0,0.28,99.71,100.0
2026-05-08,5222,全訊,137.0,142.0,136.5,139.0,1191,409,174,-1,16,5.37,4.62,10.0
2026-05-08,5223,安力-KY,24.7,24.75,24.5,24.75,17,2,-1,0,0,41.99,58.0,100.0
2026-05-08,5225,東科-KY,76.3,76.4,74.1,74.4,634,103,-152,0,-1,40.3,59.69,100.0
2026-05-08,5227,立凱-KY,20.8,21.0,20.5,20.75,147,0,15,0,0,12.49,87.5,100.0
2026-05-08,5228,鈺鎧,39.95,39.95,39.95,39.95,812,0,-14,0,203,2.75,97.24,100.0
2026-05-08,5230,雷笛克光學,17.05,17.15,16.85,16.9,94,23,-22,0,0,1.82,98.17,100.0
2026-05-08,5234,達興材料,396.5,424.5,396.5,408.0,1110,525,32,0,11,10.77,89.22,100.0
2026-05-08,5236,凌陽創新,166.0,170.0,163.5,168.5,1192,407,37,0,3,4.57,95.42,100.0
2026-05-08,5240,建騰,28.23,29.0,26.6,27.9,41,0,0,0,0,0.0,0.0,0.0
2026-05-08,5243,乙盛-KY,107.5,112.0,104.0,107.0,5148,2349,-489,0,-2,57.41,42.58,100.0
2026-05-08,5244,弘凱,40.5,42.5,39.9,42.0,1447,586,-66,0,-1,2.09,97.9,100.0
2026-05-08,5245,智晶,27.3,27.9,25.7,25.7,645,260,-65,0,0,3.78,96.21,100.0
2026-05-08,5246,勵威,197.55,205.0,179.0,204.5,942,0,8,0,0,0.0,0.0,0.0
2026-05-08,5248,景傳,55.42,54.0,47.8,50.4,635,0,15,0,0,0.0,0.0,0.0
2026-05-08,5251,天鉞電,29.3,29.3,28.4,28.75,136,14,-87,0,0,28.43,71.56,100.0
2026-05-08,5254,欣訊科技,33.42,39.25,33.8,37.2,135,0,1,0,0,0.0,0.0,0.0
2026-05-08,5258,虹堡,48.95,53.3,48.9,53.3,2531,715,42,0,2,6.61,93.38,100.0
2026-05-08,5262,立達,56.22,62.2,51.0,53.1,1346,0,-7,0,0,0.0,0.0,0.0
2026-05-08,5263,智崴,102.5,104.5,101.5,103.5,211,65,-28,0,11,14.53,85.46,100.0
2026-05-08,5267,龍翩,61.11,65.7,57.9,61.7,222,0,-3,0,0,0.0,0.0,0.0
2026-05-08,5269,祥碩,1360.0,1440.0,1360.0,1410.0,3488,1508,1,5,104,9.19,90.8,100.0
2026-05-08,5271,紘通,22.04,22.95,19.9,20.1,3071,0,233,0,0,0.0,0.0,0.0
2026-05-08,5272,笙科,24.4,25.4,24.0,24.2,538,169,-25,0,0,3.46,96.53,100.0
2026-05-08,5274,信驊,17540.0,18150.0,16955.0,16955.0,458,140,-99,0,2,51.9,48.09,100.0
2026-05-08,5276,達輝-KY,21.85,21.85,19.5,19.5,69,0,7,0,1,77.0,22.99,100.0
2026-05-08,5278,尚凡,23.35,23.45,22.9,23.0,805,326,-30,0,0,1.86,98.13,100.0
2026-05-08,5278,尚凡*,23.35,23.45,22.9,23.0,805,326,-30,0,0,1.86,98.13,100.0
2026-05-08,5283,禾聯碩,53.0,53.0,52.3,52.5,118,13,-20,0,-4,1.29,98.7,100.0
2026-05-08,5284,jpp-KY,377.5,389.0,356.0,360.0,3045,1593,-227,0,-198,54.69,45.3,100.0
2026-05-08,5285,界霖,58.4,62.3,57.1,61.7,1669,497,175,0,-1,4.19,95.8,100.0
2026-05-08,5287,數字,150.5,153.0,149.0,152.5,224,30,-5,0,0,16.56,83.43,100.0
2026-05-08,5288,豐祥-KY,153.5,153.5,151.0,152.0,178,35,-23,0,0,59.67,40.32,100.0
2026-05-08,5289,宜鼎,1560.0,1690.0,1510.0,1600.0,7080,4143,82,555,-4,27.19,72.8,100.0
2026-05-08,5291,邑昇,67.7,70.4,67.5,70.4,6069,3207,606,0,19,2.45,97.54,100.0
2026-05-08,5292,華懋,230.0,232.5,224.5,226.0,232,26,-113,0,0,6.71,93.28,100.0
2026-05-08,5297,廣化,170.21,168.5,137.0,147.0,2673,0,21,0,0,0.0,0.0,0.0
2026-05-08,5299,杰力,92.0,92.2,90.4,92.2,273,75,-18,0,0,3.15,96.84,100.0
2026-05-08,5301,寶得利,7.34,7.4,7.22,7.4,45,0,-3,0,0,2.1,97.89,100.0
2026-05-08,5302,太欣,12.25,12.25,11.6,11.8,742,0,23,0,0,1.04,98.95,100.0
2026-05-08,5306,桂盟,80.3,81.1,80.2,80.9,150,18,-2,0,-1,12.29,87.7,100.0
2026-05-08,5309,系統電,63.6,67.9,62.1,63.8,13171,6916,1348,0,-11,4.3,95.69,100.0
2026-05-08,5310,天剛,25.7,27.15,25.4,26.0,67,0,0,0,0,0.06,99.93,100.0
2026-05-08,5312,寶島科,96.2,97.4,96.2,97.2,40,3,7,0,0,7.89,92.1,100.0
2026-05-08,5314,世紀*,75.1,76.4,71.6,74.1,5310,2656,-649,0,-38,12.59,87.4,100.0
2026-05-08,5315,光聯,22.4,22.45,22.1,22.1,481,45,-176,0,0,10.29,89.7,100.0
2026-05-08,5321,美而快,21.75,23.8,21.75,22.5,471,201,-14,0,0,0.96,99.03,100.0
2026-05-08,5324,士開,10.5,10.6,10.45,10.6,101,0,15,0,0,5.25,94.74,100.0
2026-05-08,5328,華容,29.1,30.1,26.9,26.9,35958,20623,-2229,0,160,6.01,93.98,100.0
2026-05-08,5340,建榮,116.0,116.5,109.0,111.5,3421,951,43,0,-3,50.46,49.53,100.0
2026-05-08,5344,立衛,16.2,17.2,16.1,17.0,259,0,17,0,0,0.15,99.84,100.0
2026-05-08,5345,天揚,21.75,21.75,21.75,21.75,12,0,0,0,0,0.0,99.99,100.0
2026-05-08,5345,馥鴻,21.75,21.75,21.75,21.75,12,0,0,0,0,0.0,99.99,100.0
2026-05-08,5347,世界,178.5,184.5,167.0,167.5,69119,29243,-5809,88,-183,22.71,77.28,100.0
2026-05-08,5348,正能量智能,14.7,14.9,14.65,14.9,15,0,0,0,0,0.02,99.97,100.0
2026-05-08,5351,鈺創,78.0,81.3,73.5,75.1,29783,18395,-37,0,0,31.35,68.64,100.0
2026-05-08,5353,台林,26.5,26.5,26.2,26.45,81,7,14,0,0,0.6,99.39,100.0
2026-05-08,5355,佳總,6.71,7.19,6.71,7.08,73,0,0,0,0,0.2,99.79,100.0
2026-05-08,5356,協益,27.0,27.1,27.0,27.1,108,13,10,0,0,3.41,96.58,100.0
2026-05-08,5364,力麗店,10.05,10.05,9.75,9.85,72,15,-26,0,0,0.49,99.5,100.0
2026-05-08,5371,中光電,73.8,77.9,73.6,74.3,8430,4562,59,0,27,17.23,82.76,100.0
2026-05-08,5381,光譜,24.25,25.2,24.2,24.3,1549,529,-198,0,0,2.72,97.27,100.0
2026-05-08,5386,青雲,483.0,497.5,470.0,470.0,1228,0,76,0,-4,7.11,92.88,100.0
2026-05-08,5388,中磊,80.6,86.0,80.6,85.1,17005,4824,7934,0,269,19.19,80.79,100.0
2026-05-08,5392,能率,41.4,42.35,39.6,40.3,3030,1296,268,0,-12,9.12,90.87,100.0
2026-05-08,5398,慕康生醫,20.0,20.5,19.95,20.0,79,15,25,0,0,5.96,94.03,100.0
2026-05-08,5403,中菲,91.2,93.5,91.2,92.9,248,35,31,0,0,6.08,93.91,100.0
2026-05-08,5410,國眾,36.0,37.55,35.85,36.7,1397,333,292,0,0,8.88,91.11,100.0
2026-05-08,5425,台半,70.8,74.9,68.9,73.0,23623,11437,3951,0,739,23.62,76.37,100.0
2026-05-08,5426,振發,18.0,18.25,17.65,17.75,369,114,-10,0,0,2.12,97.87,100.0
2026-05-08,5432,新門,140.0,147.5,135.0,147.0,442,131,122,0,0,1.75,98.24,100.0
2026-05-08,5434,崇越,428.0,434.0,420.5,423.0,1255,417,43,81,-3,31.61,68.38,100.0
2026-05-08,5438,東友,20.3,20.3,19.3,19.5,133,17,-29,0,0,1.23,98.76,100.0
2026-05-08,5439,高技,405.0,418.0,380.5,388.0,7886,3651,-1487,0,-80,15.81,84.18,100.0
2026-05-08,5443,均豪,124.0,127.0,118.5,121.5,5757,2489,-541,0,-185,8.32,91.67,100.0
2026-05-08,5450,寶聯通,12.9,13.4,12.85,13.1,82,51,-2,0,0,0.13,99.86,100.0
2026-05-08,5450,南良,12.9,13.4,12.85,13.1,82,51,-2,0,0,0.13,99.86,100.0
2026-05-08,5452,佶優,32.95,34.65,31.8,32.15,2972,1435,-131,0,-8,13.26,86.73,100.0
2026-05-08,5455,昇益,26.45,26.75,25.1,25.8,80,78,1,0,0,0.11,99.88,100.0
2026-05-08,5457,宣德,36.8,37.15,36.2,36.25,560,82,-145,0,-10,29.48,70.51,100.0
2026-05-08,5460,同協,16.0,16.0,15.05,15.05,55,6,-1,0,0,0.38,99.61,100.0
2026-05-08,5464,霖宏,52.4,52.4,50.4,52.4,7919,971,340,0,-265,2.69,97.3,100.0
2026-05-08,5465,富驊,25.4,25.4,24.7,24.9,97,6,-45,0,0,2.2,97.79,100.0
2026-05-08,5468,凱鈺,18.0,18.0,17.7,17.8,2103,0,-4,0,0,0.18,99.81,100.0
2026-05-08,5469,瀚宇博,84.4,84.5,80.8,81.8,3930,866,-1512,0,23,11.41,88.58,100.0
2026-05-08,5471,松翰,44.2,45.95,43.1,45.35,1866,663,183,0,-4,12.74,87.25,100.0
2026-05-08,5474,聰泰,171.0,171.0,164.0,165.5,608,142,-6,0,9,1.77,98.22,100.0
2026-05-08,5475,德宏,345.0,346.0,315.5,325.0,4163,0,588,0,-14,5.92,94.07,100.0
2026-05-08,5478,智冠,96.0,96.5,95.6,96.3,106,10,-25,0,0,17.91,82.08,100.0
2026-05-08,5481,新華,20.8,20.9,20.45,20.6,132,7,-28,0,0,25.87,74.12,100.0
2026-05-08,5483,中美晶,152.0,155.5,144.0,149.0,22284,11459,-466,43,-484,27.16,72.83,100.0
2026-05-08,5484,慧友,38.9,38.9,37.6,37.95,257,0,-56,0,0,1.14,98.85,100.0
2026-05-08,5487,通泰,28.65,29.5,28.3,28.3,182,44,8,0,0,0.59,99.4,100.0
2026-05-08,5488,松普,10.0,10.15,9.95,10.1,284,51,38,0,0,1.02,98.97,100.0
2026-05-08,5489,彩富,40.2,40.65,40.2,40.5,43,4,-2,0,-1,1.43,98.56,100.0
2026-05-08,5490,同亨,28.5,28.65,27.9,28.1,412,70,58,0,0,6.4,93.59,100.0
2026-05-08,5493,三聯,87.2,87.2,84.9,85.5,208,42,25,0,0,3.01,96.98,100.0
2026-05-08,5498,凱崴,74.0,74.0,71.0,72.0,2309,0,0,0,-93,4.89,95.1,100.0
2026-05-08,5508,永信建,49.85,50.2,48.95,49.1,454,103,-187,0,-1,7.22,92.77,100.0
2026-05-08,5511,德昌,70.5,70.9,70.1,70.8,157,12,-30,0,0,4.58,95.41,100.0
2026-05-08,5512,力麒,6.99,7.03,6.95,6.97,1585,114,-479,0,0,5.41,94.58,100.0
2026-05-08,5514,三豐,15.55,15.55,15.55,15.55,1,0,0,0,0,0.02,99.97,100.0
2026-05-08,5515,建國,39.6,40.05,39.55,39.95,321,54,7,-9,12,12.63,87.36,100.0
2026-05-08,5516,雙喜,10.75,10.95,10.6,10.7,41,0,-4,0,0,0.04,99.95,100.0
2026-05-08,5519,隆大,33.2,33.25,32.8,33.1,346,46,-8,0,0,4.54,95.45,100.0
2026-05-08,5520,力泰,81.9,81.9,81.2,81.2,5,0,0,0,0,0.01,99.98,100.0
2026-05-08,5521,工信,12.1,12.25,11.2,11.55,12172,4774,2252,0,4,8.65,91.34,100.0
2026-05-08,5522,遠雄,70.0,70.4,69.5,70.0,1202,349,233,-351,0,4.6,95.39,100.0
2026-05-08,5523,豐謙,30.15,30.35,30.05,30.35,153,41,2,0,0,0.18,99.81,100.0
2026-05-08,5525,順天,23.15,23.5,23.1,23.5,88,10,31,0,-3,1.71,98.28,100.0
2026-05-08,5529,鉅陞,21.9,22.2,21.85,21.95,89,4,10,0,0,0.65,99.34,100.0
2026-05-08,5530,龍巖,46.2,46.85,45.0,45.25,487,138,-57,0,0,54.14,45.85,100.0
2026-05-08,5531,鄉林,8.55,8.67,8.43,8.47,768,136,-182,0,0,2.48,97.51,100.0
2026-05-08,5533,皇鼎,14.25,14.25,14.0,14.05,177,18,-29,0,0,2.81,97.18,100.0
2026-05-08,5534,長虹,78.6,79.5,78.4,78.4,942,215,-281,150,1,9.74,90.25,100.0
2026-05-08,5536,聖暉*,862.0,902.0,860.0,860.0,1658,829,204,-31,-34,35.2,64.79,100.0
2026-05-08,5538,東明-KY,31.8,31.8,31.15,31.15,40,11,11,0,2,63.84,36.15,100.0
2026-05-08,5543,桓鼎-KY,29.55,30.0,29.3,29.3,18,0,0,0,0,0.0,99.99,100.0
2026-05-08,5546,永固-KY,16.7,16.7,16.25,16.55,10,1,5,0,1,53.63,46.36,100.0
2026-05-08,5547,久舜,21.8,21.85,21.75,21.75,10,0,1,0,0,0.12,99.87,100.0
2026-05-08,5548,安倉,23.7,23.7,23.45,23.5,34,0,-4,0,0,0.24,99.75,100.0
2026-05-08,5601,台聯櫃,34.8,35.5,34.8,35.35,3,2,-1,0,0,3.75,96.24,100.0
2026-05-08,5603,陸海,15.8,15.85,15.7,15.85,71,2,-3,0,0,4.97,95.02,100.0
2026-05-08,5604,中連貨,31.2,31.65,31.1,31.5,34,1,7,0,0,3.01,96.98,100.0
2026-05-08,5604,中連,31.2,31.65,31.1,31.5,34,1,7,0,0,3.01,96.98,100.0
2026-05-08,5607,遠雄港,50.0,52.6,50.0,51.9,2757,511,728,0,-38,2.96,97.03,100.0
2026-05-08,5608,四維航,15.55,15.55,15.05,15.15,2287,191,-1135,0,0,4.99,42.5,47.5
2026-05-08,5609,中菲行,79.7,79.9,79.3,79.6,161,14,2,0,5,14.28,85.71,100.0
2026-05-08,5701,劍湖山,3.42,3.49,3.42,3.48,23,0,0,0,0,0.0,99.99,100.0
2026-05-08,5703,亞都,0.0,0.0,0.0,0.0,0,0,0,0,0,6.62,93.37,100.0
2026-05-08,5704,老爺知,21.55,21.6,21.5,21.5,10,1,-1,0,0,0.19,99.8,100.0
2026-05-08,5706,鳳凰,51.8,51.8,51.1,51.4,200,20,-91,0,0,1.86,98.13,100.0
2026-05-08,5859,遠壽,14.72,15.1,14.6,15.1,48,0,0,0,0,0.0,0.0,0.0
2026-05-08,5863,瑞興銀,11.01,11.3,10.75,11.3,55,0,-2,0,0,0.0,0.0,0.0
2026-05-08,5864,致和證,35.75,35.75,34.3,34.9,9358,3275,1055,0,0,7.03,92.96,100.0
2026-05-08,5871,中租-KY,115.5,115.5,110.5,112.5,11385,3188,-3818,-1037,-7,46.65,53.34,100.0
2026-05-08,5876,上海商銀,38.95,38.95,38.6,38.9,5777,1075,-395,-183,-191,53.3,46.69,100.0
2026-05-08,5878,台名,40.65,41.0,40.65,40.7,9,0,0,0,0,0.56,99.43,100.0
2026-05-08,5880,合庫金,23.1,23.15,22.95,23.05,15616,1953,-1684,98,227,15.73,84.26,100.0
2026-05-08,5902,德記,38.1,38.1,37.65,38.0,17,3,0,0,0,1.15,98.84,100.0
2026-05-08,5903,全家,190.0,190.0,189.0,189.5,30,4,2,0,0,51.07,48.92,100.0
2026-05-08,5904,寶雅,587.0,590.0,582.0,589.0,154,34,61,-4,-5,29.38,70.61,100.0
2026-05-08,5905,南仁湖,8.01,8.05,7.9,8.0,462,0,54,0,0,1.36,98.63,100.0
2026-05-08,5906,台南-KY,49.0,49.0,47.3,47.3,4,0,1,0,0,19.35,80.64,100.0
2026-05-08,5907,大洋-KY,5.38,5.45,5.27,5.3,271,73,1,0,-1,52.02,47.97,100.0
2026-05-08,6005,群益證,31.5,31.6,30.3,30.55,26522,8160,-4673,31,0,15.62,84.37,100.0
2026-05-08,6015,宏遠證,16.7,16.75,15.85,16.15,7508,1847,1002,0,0,8.13,91.86,100.0
2026-05-08,6016,康和證,22.2,22.25,21.2,21.9,8700,3092,-1398,0,0,11.92,88.07,100.0
2026-05-08,6020,大展證,21.0,21.35,20.9,21.35,833,91,113,0,0,0.05,99.94,100.0
2026-05-08,6021,美好證,35.0,35.2,34.3,34.95,386,105,100,0,0,7.59,92.4,100.0
2026-05-08,6023,元大期,102.0,102.0,99.4,100.0,425,107,-99,0,0,2.03,97.96,100.0
2026-05-08,6024,群益期,58.4,58.4,57.9,58.2,258,15,115,0,0,4.28,95.71,100.0
2026-05-08,6026,福邦證,16.9,17.0,16.6,16.8,5026,1300,846,0,0,7.89,92.1,100.0
2026-05-08,6027,德信,13.65,14.1,12.9,13.55,66,0,-2,0,0,0.0,0.0,0.0
2026-05-08,6028,公勝保經,78.5,79.1,78.5,78.7,14,0,2,0,0,0.4,99.59,100.0
2026-05-08,6035,悠遊卡,51.9,52.9,50.5,52.2,16,0,1,0,0,0.0,0.0,0.0
2026-05-08,6101,寬魚國際,38.65,39.4,38.5,39.2,182,53,20,0,0,0.77,99.22,100.0
2026-05-08,6103,合邦,39.7,40.0,39.7,40.0,2,0,0,0,0,0.74,99.25,100.0
2026-05-08,6104,創惟,102.0,106.0,100.5,102.0,3916,1739,233,0,34,18.2,81.79,100.0
2026-05-08,6108,競國,22.15,22.55,21.8,21.8,5126,314,-76,0,-5,4.23,95.76,100.0
2026-05-08,6109,亞元,12.55,13.0,12.4,12.55,683,0,56,0,0,2.11,97.88,100.0
2026-05-08,6111,光聚晶電,47.7,48.5,46.95,48.45,474,58,83,0,14,12.95,87.04,100.0
2026-05-08,6112,邁達特,44.75,45.3,44.35,44.35,919,167,-436,0,-6,1.27,98.72,100.0
2026-05-08,6113,亞矽,25.0,26.4,24.2,24.55,2701,942,36,0,-2,3.01,96.98,100.0
2026-05-08,6114,久威,31.45,31.45,31.0,31.0,33,4,-6,0,0,1.14,98.85,100.0
2026-05-08,6115,鎰勝,47.8,48.1,47.65,47.85,274,25,59,0,0,5.62,94.37,100.0
2026-05-08,6116,彩晶,9.37,9.77,9.02,9.2,84005,38806,10430,0,8,7.79,92.2,100.0
2026-05-08,6117,迎廣,85.0,85.0,79.5,80.7,1558,405,-310,0,19,1.88,98.11,100.0
2026-05-08,6118,建達,17.75,18.3,17.4,17.55,339,167,-47,0,0,2.89,97.1,100.0
2026-05-08,6120,達運,13.45,13.75,12.85,12.9,4290,1531,-1065,0,20,7.63,92.36,100.0
2026-05-08,6121,新普,371.5,393.0,371.5,390.0,2724,729,254,-225,47,37.77,62.22,100.0
2026-05-08,6122,擎邦,49.85,49.85,49.0,49.25,168,16,-43,0,-4,4.75,95.24,100.0
2026-05-08,6123,上奇,46.0,46.0,45.25,45.75,130,25,-31,0,0,2.65,97.34,100.0
2026-05-08,6124,業強,33.3,33.3,30.7,30.8,134,45,-18,0,0,50.93,49.06,100.0
2026-05-08,6125,廣運,60.1,62.8,58.1,59.1,5312,2439,-1083,0,23,6.65,93.34,100.0
2026-05-08,6126,信音,32.85,33.2,32.0,32.0,1023,269,-201,0,-119,2.17,97.82,100.0
2026-05-08,6127,九豪,48.15,50.7,47.15,48.05,18316,10953,-1468,0,23,4.76,95.23,100.0
2026-05-08,6128,上福,20.55,20.55,20.3,20.5,173,24,-8,0,0,4.41,95.58,100.0
2026-05-08,6129,普誠,16.7,16.7,16.1,16.15,1173,0,212,0,0,2.85,97.14,100.0
2026-05-08,6130,上亞科技,24.35,24.35,23.0,23.7,119,25,-30,0,0,1.82,98.17,100.0
2026-05-08,6133,金橋,22.5,22.75,21.8,21.95,1085,358,-96,0,-2,2.77,97.22,100.0
2026-05-08,6134,萬旭,32.0,34.2,31.7,33.25,3458,1231,720,0,-9,25.09,74.9,100.0
2026-05-08,6136,富爾特,24.85,25.95,24.85,25.95,815,284,-45,0,-2,3.76,96.23,100.0
2026-05-08,6138,茂達,258.0,274.0,258.0,260.5,1692,733,-24,1,-13,17.72,82.27,100.0
2026-05-08,6139,亞翔,719.0,735.0,693.0,714.0,3093,1606,-89,44,15,31.19,68.8,100.0
2026-05-08,6140,訊達,24.75,24.75,22.5,23.25,1207,0,-231,0,-6,1.76,98.23,100.0
2026-05-08,6141,柏承,33.3,36.0,32.85,33.1,2781,0,-533,0,0,2.04,97.95,100.0
2026-05-08,6142,友勁,8.86,9.0,8.73,8.73,531,0,-64,0,1,2.51,97.48,100.0
2026-05-08,6143,振曜,94.0,95.1,91.6,92.0,969,320,-117,0,0,11.1,88.89,100.0
2026-05-08,6144,得利影,14.95,14.95,14.3,14.3,17,0,2,0,0,33.42,66.57,100.0
2026-05-08,6146,耕興,223.5,224.0,216.5,217.5,661,110,-213,0,-1,30.29,69.7,100.0
2026-05-08,6147,頎邦,189.0,202.5,181.5,198.0,84759,47210,7776,-4821,182,25.05,74.94,100.0
2026-05-08,6148,驊宏資,32.0,33.25,31.5,31.6,386,158,9,0,0,5.98,94.01,100.0
2026-05-08,6150,撼訊,77.4,78.0,70.8,70.9,5169,2312,412,0,-57,6.59,93.4,100.0
2026-05-08,6151,晉倫,36.4,38.6,36.4,37.05,1015,313,160,0,0,6.64,93.35,100.0
2026-05-08,6152,百一,13.8,14.3,13.45,13.5,1795,0,-301,0,3,2.75,97.24,100.0
2026-05-08,6153,嘉聯益,19.0,19.2,18.1,18.35,4736,1949,-700,0,2,11.01,88.98,100.0
2026-05-08,6154,順發,12.9,12.95,12.9,12.95,22,2,-1,0,0,0.73,99.26,100.0
2026-05-08,6155,鈞寶,51.4,55.9,50.5,53.2,20993,13290,1391,0,-18,10.35,89.64,100.0
2026-05-08,6156,松上,19.6,19.75,19.3,19.45,467,126,-86,0,0,7.27,92.72,100.0
2026-05-08,6158,禾昌,18.55,18.7,18.15,18.5,88,19,10,0,0,0.79,99.2,100.0
2026-05-08,6160,欣技,16.0,16.75,15.65,16.55,347,0,50,0,0,4.06,95.93,100.0
2026-05-08,6161,捷波,43.8,44.55,43.5,44.3,189,45,0,0,0,3.72,96.27,100.0
2026-05-08,6163,華電網,59.0,60.2,56.9,57.2,3800,1621,-632,0,-1,9.75,90.24,100.0
2026-05-08,6164,華興,12.65,12.8,12.4,12.45,510,139,-19,0,5,4.97,95.02,100.0
2026-05-08,6165,浪凡,51.2,53.8,51.1,52.0,4250,1044,2392,0,0,19.09,80.9,100.0
2026-05-08,6166,凌華,85.0,88.7,84.1,87.3,4415,1874,-3,0,164,17.4,82.59,100.0
2026-05-08,6167,久正,12.1,12.35,11.95,12.2,530,97,8,0,0,5.33,94.66,100.0
2026-05-08,6168,宏齊,27.0,27.85,26.0,26.1,4546,2165,-66,0,-1,2.69,97.3,100.0
2026-05-08,6169,昱泉,17.1,17.1,16.5,16.6,19,1,1,0,0,0.09,99.9,100.0
2026-05-08,6170,統振,51.8,52.0,51.5,51.9,226,16,29,0,0,3.4,96.59,100.0
2026-05-08,6171,大城地產,24.25,24.35,24.25,24.35,17,0,-3,0,0,0.22,99.77,100.0
2026-05-08,6173,信昌電,122.0,122.0,118.0,122.0,16510,5404,2763,0,99,19.67,80.32,100.0
2026-05-08,6174,安碁,39.75,43.3,38.6,41.0,5154,2883,40,0,6,3.44,96.55,100.0
2026-05-08,6175,立敦,66.9,72.3,66.3,68.3,11848,6686,-298,0,-85,19.98,80.01,100.0
2026-05-08,6176,瑞儀,102.0,106.0,101.5,104.5,7469,2031,200,-109,31,24.86,75.13,100.0
2026-05-08,6177,達麗,46.0,47.35,46.0,46.8,1554,410,407,0,13,6.8,93.19,100.0
2026-05-08,6179,亞通,24.1,24.1,23.35,23.7,956,120,-403,0,-5,4.8,95.19,100.0
2026-05-08,6180,橘子,39.1,39.4,38.65,39.25,521,108,173,-1,0,23.0,76.99,100.0
2026-05-08,6182,合晶,56.3,60.0,53.0,56.9,165138,110430,489,0,32,17.15,82.84,100.0
2026-05-08,6183,關貿,93.4,93.4,92.2,92.7,24,3,15,0,0,1.07,98.92,100.0
2026-05-08,6184,大豐電,47.5,47.5,46.5,46.7,102,5,-19,0,0,2.98,16.01,19.0
2026-05-08,6185,幃翔,13.8,13.95,13.7,13.85,345,41,-81,0,0,1.9,98.09,100.0
2026-05-08,6186,新潤,40.45,41.9,39.75,39.95,1306,298,-497,0,29,4.66,95.33,100.0
2026-05-08,6187,萬潤,1120.0,1145.0,1035.0,1070.0,3568,1344,495,-346,-12,30.14,69.85,100.0
2026-05-08,6188,廣明,86.1,87.1,83.6,83.7,2917,731,-229,-272,-4,6.61,93.38,100.0
2026-05-08,6189,豐藝,48.5,49.2,48.2,49.0,745,165,148,-14,1,7.67,92.32,100.0
2026-05-08,6190,萬泰科,75.8,81.8,75.0,79.9,19104,10003,2097,0,-194,11.79,88.2,100.0
2026-05-08,6191,精成科,100.0,100.0,94.2,95.5,13565,3717,-4729,0,-145,5.04,94.95,100.0
2026-05-08,6192,巨路,121.5,126.5,121.5,124.0,788,118,361,0,-94,24.48,75.51,100.0
2026-05-08,6194,育富,32.5,32.5,32.2,32.3,33,0,-1,0,0,2.76,97.23,100.0
2026-05-08,6195,詩肯,23.5,23.75,23.5,23.75,28,3,10,0,0,44.84,55.15,100.0
2026-05-08,6196,帆宣,398.0,429.0,398.0,410.0,6222,3015,709,0,49,16.63,83.36,100.0
2026-05-08,6197,佳必琪,231.0,231.5,217.0,218.5,5163,1770,714,0,-58,10.03,89.96,100.0
2026-05-08,6198,瑞築,22.5,22.6,21.7,21.7,16,0,-2,0,0,0.04,99.95,100.0
2026-05-08,6199,天品,96.7,97.9,95.0,96.0,1036,161,-33,0,-1,5.6,94.39,100.0
2026-05-08,6201,亞弘電,50.5,50.7,50.2,50.6,52,2,15,0,0,1.24,98.75,100.0
2026-05-08,6202,盛群,58.7,58.7,54.2,55.2,3486,1136,-879,0,2,9.15,90.84,100.0
2026-05-08,6203,海韻電,71.0,71.0,68.6,68.9,629,147,1,0,9,3.3,96.69,100.0
2026-05-08,6204,艾華,72.3,74.6,71.1,73.4,154,51,-35,0,0,2.32,97.67,100.0
2026-05-08,6205,詮欣,90.7,91.2,84.3,84.9,4844,1772,-331,0,-5,1.98,98.01,100.0
2026-05-08,6206,飛捷,121.0,123.5,117.5,119.0,5367,2212,714,-6,34,10.98,89.01,100.0
2026-05-08,6207,雷科,68.1,68.7,62.7,63.6,6460,2348,-367,0,-116,6.55,93.44,100.0
2026-05-08,6208,日揚,75.4,76.0,72.2,72.4,853,203,35,0,0,1.96,98.03,100.0
2026-05-08,6209,今國光,72.2,73.3,65.9,66.0,15090,5634,-1841,0,-334,7.6,92.39,100.0
2026-05-08,6210,慶生,20.15,20.15,20.05,20.1,32,1,0,0,0,0.3,99.69,100.0
2026-05-08,6212,理銘,28.55,28.55,28.55,28.55,1,0,-1,0,0,0.47,99.52,100.0
2026-05-08,6213,聯茂,295.5,301.0,277.0,287.5,5525,0,-1632,0,-60,13.11,86.73,100.0
2026-05-08,6214,精誠,126.0,128.0,125.0,125.5,1975,383,912,0,1,11.74,88.25,100.0
2026-05-08,6215,和椿,112.5,116.0,109.0,112.0,2253,1152,-156,0,17,6.04,93.95,100.0
2026-05-08,6216,居易,23.45,23.9,23.35,23.85,367,92,43,0,-6,3.12,96.87,100.0
2026-05-08,6217,中探針,271.5,281.5,266.0,266.0,1365,0,-221,0,-28,19.28,80.71,100.0
2026-05-08,6218,豪勉,36.75,39.6,34.6,39.0,5224,2777,-325,0,0,1.35,98.64,100.0
2026-05-08,6219,富旺,12.85,13.05,12.75,13.05,224,44,21,0,0,1.33,98.66,100.0
2026-05-08,6220,岳豐,30.4,30.4,29.85,30.05,168,23,38,0,1,4.56,95.43,100.0
2026-05-08,6221,晉泰,25.65,25.7,25.3,25.4,211,26,7,0,0,1.12,98.87,100.0
2026-05-08,6222,立軒,23.0,23.0,22.35,22.35,12,2,-3,0,0,0.16,99.83,100.0
2026-05-08,6223,旺矽,4930.0,5370.0,4930.0,5025.0,1722,793,-114,317,6,28.98,71.01,100.0
2026-05-08,6224,聚鼎,86.5,87.9,78.3,78.7,3024,1317,-98,0,0,3.71,96.28,100.0
2026-05-08,6225,天瀚,23.3,25.6,23.25,24.4,23,0,0,0,0,0.01,99.98,100.0
2026-05-08,6226,光鼎,12.85,12.9,12.15,12.3,1088,0,-61,0,1,0.76,99.23,100.0
2026-05-08,6227,茂綸,101.5,102.5,97.5,100.5,871,304,113,0,17,4.71,95.28,100.0
2026-05-08,6228,全譜,22.4,23.45,22.4,22.45,14,0,0,0,0,0.33,99.66,100.0
2026-05-08,6229,研通,30.35,30.35,28.45,29.0,1564,603,-103,0,0,1.28,98.71,100.0
2026-05-08,6230,尼得科超眾,157.0,163.5,155.0,156.5,229,85,-15,0,-1,87.21,12.78,100.0
2026-05-08,6231,系微,342.5,351.0,320.5,322.0,4098,2264,-522,0,-60,12.7,87.29,100.0
2026-05-08,6233,旺玖,26.25,27.95,26.25,26.8,1120,248,351,0,0,5.56,94.43,100.0
2026-05-08,6234,高僑,62.3,62.3,57.0,57.8,2557,0,0,0,28,12.42,87.57,100.0
2026-05-08,6235,華孚,43.65,44.3,42.9,43.0,939,208,-267,0,0,4.31,95.68,100.0
2026-05-08,6236,中湛,0.0,0.0,0.0,0.0,0,0,0,0,0,0.02,99.97,100.0
2026-05-08,6237,驊訊,43.65,43.65,43.65,43.65,1213,0,-8,0,429,9.56,90.43,100.0
2026-05-08,6239,力成,227.5,229.5,217.5,222.0,16620,5814,-3043,-258,-868,33.78,66.21,100.0
2026-05-08,6240,松崗,18.25,18.5,18.25,18.5,8,0,0,0,0,0.27,99.72,100.0
2026-05-08,6241,鑫永洋,9.74,9.74,8.82,8.99,567,0,-51,0,0,0.03,99.96,100.0
2026-05-08,6242,立康,0.0,0.0,0.0,0.0,0,0,0,0,0,0.48,99.51,100.0
2026-05-08,6243,迅杰,36.05,36.7,34.15,34.45,728,262,-85,0,1,1.68,98.31,100.0
2026-05-08,6244,茂迪,31.0,31.25,28.9,29.7,19131,11411,844,0,-57,24.75,75.24,100.0
2026-05-08,6245,立端,82.3,82.5,78.9,80.1,1485,401,-224,0,-27,11.49,88.5,100.0
2026-05-08,6246,臺龍,17.9,17.95,16.95,16.95,186,55,6,0,0,0.2,99.79,100.0
2026-05-08,6248,沛波,19.6,19.6,19.1,19.6,185,36,-31,0,0,0.75,99.24,100.0
2026-05-08,6257,矽格,216.0,218.5,204.0,211.0,17813,9073,-417,-100,-650,27.01,72.98,100.0
2026-05-08,6259,百徽,21.0,22.55,21.0,22.55,1037,305,148,0,3,38.52,61.47,100.0
2026-05-08,6261,久元,131.5,136.0,120.5,120.5,19106,7249,-684,0,11,8.27,91.72,100.0
2026-05-08,6263,普萊德,142.0,153.0,140.0,153.0,778,23,-34,0,36,1.95,98.04,100.0
2026-05-08,6264,富裔,6.11,6.11,5.75,6.1,86,0,-2,0,0,0.02,99.97,100.0
2026-05-08,6265,方土昶,43.3,45.5,41.25,44.15,10282,5356,1602,0,10,6.28,93.71,100.0
2026-05-08,6266,泰詠,27.85,28.0,27.8,27.95,224,33,23,0,0,2.2,97.79,100.0
2026-05-08,6269,台郡,66.9,66.9,62.7,63.2,5013,1071,-1331,0,-88,18.94,81.05,100.0
2026-05-08,6270,倍微,27.9,28.7,27.25,27.65,787,288,-57,0,0,2.28,97.71,100.0
2026-05-08,6271,同欣電,181.5,185.5,178.0,181.5,7838,2914,-1167,0,86,28.37,71.62,100.0
2026-05-08,6272,驊陞,32.0,32.75,31.55,31.55,358,0,16,0,2,3.95,96.04,100.0
2026-05-08,6274,台燿,1400.0,1475.0,1320.0,1370.0,14583,6084,-490,227,-112,37.91,62.08,100.0
2026-05-08,6275,元山,54.0,54.3,52.1,53.2,847,205,-268,0,0,4.9,95.09,100.0
2026-05-08,6276,安鈦克,29.8,30.8,29.8,30.6,95,34,27,0,0,2.38,97.61,100.0
2026-05-08,6277,宏正,72.3,72.3,70.3,70.5,235,61,-46,0,1,7.96,92.03,100.0
2026-05-08,6278,台表科,181.5,201.0,176.5,201.0,30433,15551,-662,39,-107,25.6,74.39,100.0
2026-05-08,6279,胡連,123.5,126.5,122.0,124.0,2506,639,-151,-15,6,5.61,94.38,100.0
2026-05-08,6281,全國電,50.5,51.1,50.1,51.0,194,36,47,0,-2,2.17,97.82,100.0
2026-05-08,6282,康舒,50.8,53.2,49.25,50.4,53598,29216,10801,0,247,13.93,86.06,100.0
2026-05-08,6283,淳安,26.25,26.45,25.3,25.65,1468,300,-321,0,0,18.7,81.29,100.0
2026-05-08,6284,佳邦,82.0,84.2,80.3,81.5,2234,939,388,0,2,9.84,90.15,100.0
2026-05-08,6285,啟碁,250.0,270.0,241.5,247.5,49912,32011,1580,287,-254,20.64,79.35,100.0
2026-05-08,6290,良維,280.5,288.0,274.0,276.5,3182,1102,72,0,-34,17.09,82.9,100.0
2026-05-08,6291,沛亨,485.0,510.0,466.5,468.0,3579,1880,83,310,12,5.16,94.83,100.0
2026-05-08,6292,迅德,54.3,54.8,51.2,51.9,1413,484,-137,0,0,1.48,98.51,100.0
2026-05-08,6294,智基,31.5,31.7,31.05,31.7,54,2,8,0,0,1.16,98.83,100.0
2026-05-08,6405,悅城,63.1,67.2,62.1,64.4,2973,0,-349,0,127,4.82,95.17,100.0
2026-05-08,6407,相互,38.74,37.65,33.85,34.05,3230,0,58,0,0,0.0,0.0,0.0
2026-05-08,6409,旭隼,800.0,833.0,799.0,821.0,1620,675,306,-2,36,53.62,46.37,100.0
2026-05-08,6411,晶焱,79.7,80.5,77.1,79.8,952,402,-39,0,-12,8.13,91.86,100.0
2026-05-08,6412,群電,87.0,89.0,85.2,86.0,1717,568,-276,0,-13,4.53,95.46,100.0
2026-05-08,6414,樺漢,351.5,361.0,345.0,346.5,3040,736,1218,-60,-44,33.49,66.5,100.0
2026-05-08,6415,矽力*-KY,426.0,438.0,419.5,425.5,2272,0,-8,39,-22,80.88,19.11,100.0
2026-05-08,6416,瑞祺電通,84.8,85.5,83.2,84.5,222,54,-9,0,1,4.09,95.9,100.0
2026-05-08,6417,韋僑,131.0,140.0,128.5,138.0,1359,606,3,0,7,10.97,89.02,100.0
2026-05-08,6418,詠昇,32.0,33.55,31.6,31.8,303,97,-38,0,0,4.33,95.66,100.0
2026-05-08,6419,京晨科,134.0,147.0,131.0,144.0,828,324,-140,0,-6,9.48,90.51,100.0
2026-05-08,6423,億而得-創,116.0,118.0,112.0,114.0,191,0,4,0,-43,4.39,95.6,100.0
2026-05-08,6423,億而得,116.0,118.0,112.0,114.0,191,0,4,0,-43,4.39,95.6,100.0
2026-05-08,6425,易發,82.2,85.7,81.0,81.3,2436,1351,51,0,0,6.59,93.4,100.0
2026-05-08,6426,統新,234.0,262.0,231.0,262.0,6006,2474,582,0,66,9.15,90.84,100.0
2026-05-08,6428,台灣淘米,14.1,13.7,13.7,13.7,10,0,0,0,0,0.0,0.0,0.0
2026-05-08,6431,光麗-KY,19.8,21.3,19.8,21.0,660,0,-35,0,1,56.97,43.02,100.0
2026-05-08,6432,今展科,43.4,45.6,41.7,44.2,2223,1094,242,0,0,3.26,96.73,100.0
2026-05-08,6434,達輝光電,26.71,27.15,22.8,24.7,3781,0,4,0,0,0.0,0.0,0.0
2026-05-08,6435,大中,220.0,220.5,207.0,210.5,925,305,-124,0,-48,13.16,86.83,100.0
2026-05-08,6438,迅得,175.5,175.5,169.0,170.5,1420,415,-69,0,-38,7.13,92.86,100.0
2026-05-08,6441,廣錠,31.6,31.65,27.5,27.8,1011,345,-148,0,0,0.77,99.22,100.0
2026-05-08,6442,光聖,2050.0,2065.0,1965.0,1965.0,2513,996,-480,-260,-17,33.26,66.73,100.0
2026-05-08,6443,元晶,41.4,41.4,39.05,39.95,3193,0,667,0,4,14.17,85.82,100.0
2026-05-08,6446,藥華藥,668.0,724.0,668.0,724.0,6129,1670,1509,0,65,22.47,77.52,100.0
2026-05-08,6449,鈺邦,179.0,193.0,178.0,183.0,2827,1162,469,0,8,3.66,96.33,100.0
2026-05-08,6451,訊芯-KY,478.0,490.0,441.0,441.0,5839,2002,-733,0,-35,65.2,34.79,100.0
2026-05-08,6456,GIS-KY,70.5,70.6,65.3,65.5,11819,3725,-387,0,-44,43.69,56.3,100.0
2026-05-08,6461,益得,17.3,17.3,16.8,16.95,174,0,-17,0,0,0.65,99.34,100.0
2026-05-08,6462,神盾,127.0,131.5,125.0,126.5,1797,932,204,0,9,18.0,81.99,100.0
2026-05-08,6464,台數科,77.1,77.1,76.1,76.2,44,2,14,0,0,0.81,19.17,19.99
2026-05-08,6465,威潤,50.0,50.0,47.6,47.75,320,53,-19,0,0,0.73,99.26,100.0
2026-05-08,6467,泰合,128.2,145.0,129.0,136.5,558,0,0,0,0,0.0,0.0,0.0
2026-05-08,6469,大樹,77.5,78.3,76.4,76.4,801,70,-398,0,-3,8.46,91.53,100.0
2026-05-08,6470,宇智,48.65,48.65,47.8,47.8,57,2,-8,0,0,5.79,94.2,100.0
2026-05-08,6472,保瑞,416.0,434.0,412.5,419.0,2043,959,-507,0,20,9.92,90.07,100.0
2026-05-08,6473,美賣*,9.21,9.5,9.07,9.47,702,0,3,0,0,0.0,0.0,0.0
2026-05-08,6474,華豫寧,39.9,40.45,39.3,40.0,106,0,13,0,0,0.1,99.89,100.0
2026-05-08,6477,安集,36.5,36.95,33.9,35.05,1601,703,-69,0,2,2.7,97.29,100.0
2026-05-08,6482,弘煜科,29.8,30.1,29.8,29.9,11,1,-2,0,0,2.5,97.49,100.0
2026-05-08,6483,原創生醫,14.61,14.6,14.25,14.4,82,0,0,0,0,0.0,0.0,0.0
2026-05-08,6485,點序,85.2,87.3,80.3,82.6,1220,516,110,0,-24,8.83,91.16,100.0
2026-05-08,6486,互動,84.0,84.2,83.3,83.3,215,18,-92,0,0,4.89,95.1,100.0
2026-05-08,6488,環球晶,808.0,842.0,772.0,802.0,19248,10781,2122,2,-425,29.88,70.11,100.0
2026-05-08,6491,晶碩,281.5,285.5,280.0,283.0,361,86,48,0,-2,9.83,90.16,100.0
2026-05-08,6492,生華科,52.4,52.4,50.0,51.4,412,0,-1,0,0,7.82,92.17,100.0
2026-05-08,6493,雷虎生,30.29,31.5,30.5,31.3,149,0,2,0,0,0.0,0.0,0.0
2026-05-08,6494,九齊,55.0,58.6,54.7,55.8,1123,441,156,0,19,8.27,91.72,100.0
2026-05-08,6496,科懋,24.25,24.45,24.0,24.45,16,1,0,0,0,0.35,99.64,100.0
2026-05-08,6498,久禾光,95.8,97.2,94.1,95.4,135,20,28,0,0,2.24,97.75,100.0
2026-05-08,6499,益安,81.2,83.0,80.8,82.8,438,115,17,0,0,18.29,81.7,100.0
2026-05-08,6504,南六,39.65,40.35,39.55,39.8,56,20,5,0,-1,1.03,98.96,100.0
2026-05-08,6505,台塑化,53.2,53.7,52.3,53.0,9478,4211,1070,64,3,5.99,94.0,100.0
2026-05-08,6506,雙邦,17.35,17.4,17.3,17.4,103,6,9,0,0,0.58,99.41,100.0
2026-05-08,6508,惠光,24.35,24.6,24.3,24.5,55,4,6,0,0,0.98,99.01,100.0
2026-05-08,6509,聚和,40.95,44.65,40.85,44.65,9060,3356,1695,0,104,5.15,94.84,100.0
2026-05-08,6510,精測,3730.0,3840.0,3575.0,3580.0,820,404,-35,-42,-15,33.21,66.78,100.0
2026-05-08,6512,啟發電,19.3,19.3,19.3,19.3,4,0,0,0,0,0.07,99.92,100.0
2026-05-08,6515,穎崴,9950.0,10190.0,9630.0,9630.0,282,101,6,-25,2,21.4,78.59,100.0
2026-05-08,6516,勤崴國際,59.8,59.8,58.0,58.5,243,59,1,0,0,1.43,98.56,100.0
2026-05-08,6517,保勝光學,58.8,59.9,57.7,58.0,182,51,-25,0,0,4.9,95.09,100.0
2026-05-08,6518,康科特,32.86,33.2,31.5,31.5,44,0,0,0,0,0.0,0.0,0.0
2026-05-08,6523,達爾膚,99.9,100.5,99.8,100.0,33,1,-11,0,0,1.98,98.01,100.0
2026-05-08,6525,捷敏-KY,108.0,113.5,104.5,106.5,2029,859,178,-18,-25,15.5,84.49,100.0
2026-05-08,6526,達發,750.0,787.0,734.0,753.0,6700,3399,13,347,-49,7.72,92.27,100.0
2026-05-08,6527,明達醫,70.0,71.8,70.0,71.8,28,0,8,0,0,0.12,99.87,100.0
2026-05-08,6530,創威,113.0,116.5,106.0,108.0,1960,860,63,0,0,4.24,95.75,100.0
2026-05-08,6531,愛普*,894.0,894.0,833.0,875.0,3479,0,-57,-13,-104,31.81,68.18,100.0
2026-05-08,6532,瑞耘,112.0,114.0,109.0,114.0,5313,2378,734,0,0,7.2,92.79,100.0
2026-05-08,6533,晶心科,247.0,252.5,238.0,238.5,1292,607,-23,0,-3,12.01,87.98,100.0
2026-05-08,6534,正瀚-創,97.8,97.8,93.5,95.8,208,47,-88,0,1,41.12,58.87,100.0
2026-05-08,6535,順藥,137.0,138.5,134.0,136.0,112,0,10,0,0,5.7,94.29,100.0
2026-05-08,6536,碩豐,27.22,27.5,24.15,24.15,20,0,0,0,0,0.0,0.0,0.0
2026-05-08,6538,倉和,82.1,83.5,78.7,79.5,240,60,-36,0,10,5.59,94.4,100.0
2026-05-08,6539,麗彤,46.04,47.95,45.8,47.95,4,0,0,0,0,0.0,0.0,0.0
2026-05-08,6541,泰福-KY,40.05,40.65,39.3,39.3,394,104,-97,0,0,13.88,86.11,100.0
2026-05-08,6542,隆中,47.7,49.0,47.7,47.75,67,9,2,0,1,18.1,81.89,100.0
2026-05-08,6543,普惠醫工,22.82,22.95,22.4,22.4,2,0,0,0,0,0.0,0.0,0.0
2026-05-08,6546,正基,65.6,70.8,65.4,70.0,1442,409,80,0,10,6.96,93.03,100.0
2026-05-08,6547,高端疫苗,48.0,49.95,48.0,48.55,1728,514,-291,0,0,9.31,90.68,100.0
2026-05-08,6548,長科*,52.5,53.9,51.6,52.6,9878,4116,-1276,0,154,3.12,96.87,100.0
2026-05-08,6549,景凱,7.91,8.3,7.83,8.16,168,0,-2,0,0,0.0,0.0,0.0
2026-05-08,6550,北極星藥業-KY,18.1,18.4,17.5,17.6,949,0,-381,0,0,67.38,32.61,100.0
2026-05-08,6552,易華電,30.5,30.65,28.9,29.6,428,118,-71,0,0,0.78,99.21,100.0
2026-05-08,6555,榮炭,24.63,25.05,23.2,24.6,346,0,-2,0,0,0.0,0.0,0.0
2026-05-08,6556,勝品,70.1,70.4,69.3,69.3,13,0,0,0,0,0.57,99.42,100.0
2026-05-08,6558,興能高,29.2,30.9,28.85,29.25,1032,503,26,0,-5,2.48,97.51,100.0
2026-05-08,6559,研晶,30.44,31.0,26.7,28.9,325,0,-1,0,0,0.0,0.0,0.0
2026-05-08,6560,欣普羅,40.0,40.2,38.5,39.8,209,36,3,0,0,5.02,94.97,100.0
2026-05-08,6561,是方,334.0,347.0,334.0,345.0,200,51,-19,0,0,5.79,94.2,100.0
2026-05-08,6563,映智,32.62,34.0,30.4,32.7,1129,0,0,0,0,0.0,0.0,0.0
2026-05-08,6564,安特羅,18.63,18.95,18.4,18.95,120,0,-1,0,0,0.0,0.0,0.0
2026-05-08,6565,物聯,24.53,24.7,23.55,24.25,107,0,0,0,0,0.0,0.0,0.0
2026-05-08,6568,宏觀,245.0,251.0,230.5,233.0,709,272,-29,-35,-36,6.22,93.77,100.0
2026-05-08,6569,醫揚,100.5,103.5,100.0,100.5,123,27,9,0,0,2.92,97.07,100.0
2026-05-08,6570,維田,42.5,45.0,42.5,43.8,506,116,20,0,0,1.4,98.59,100.0
2026-05-08,6572,博錸,10.41,10.65,10.0,10.35,229,0,0,0,0,0.0,0.0,0.0
2026-05-08,6573,虹揚-KY,12.7,12.8,12.4,12.7,128,0,16,0,1,54.87,45.12,100.0
2026-05-08,6574,霈方,118.5,121.0,114.0,119.0,198,0,-5,0,0,0.51,99.48,100.0
2026-05-08,6576,逸達,82.6,82.6,78.7,79.0,211,0,-101,0,0,22.34,77.65,100.0
2026-05-08,6577,勁豐,82.5,82.5,81.8,82.0,19,1,-2,0,0,1.31,98.68,100.0
2026-05-08,6578,達邦蛋白,15.25,15.25,15.1,15.1,279,11,0,0,0,0.78,99.21,100.0
2026-05-08,6579,研揚,132.5,135.0,131.0,135.0,324,82,-21,0,-2,3.07,96.92,100.0
2026-05-08,6580,台睿,16.04,16.55,15.55,16.15,117,0,0,0,0,0.0,0.0,0.0
2026-05-08,6581,鋼聯,111.5,111.5,109.0,110.0,41,9,11,0,0,1.01,98.98,100.0
2026-05-08,6582,申豐,31.0,31.8,31.0,31.7,85,15,-1,0,1,13.0,86.99,100.0
2026-05-08,6583,友松,12.63,13.0,12.4,13.0,25,0,0,0,0,0.0,0.0,0.0
2026-05-08,6584,南俊國際,678.0,700.0,645.0,669.0,2289,883,-178,-26,-2,16.07,83.92,100.0
2026-05-08,6585,鼎基,97.1,97.1,91.2,94.0,1040,527,1,0,2,6.78,93.21,100.0
2026-05-08,6586,醣基,54.92,57.8,52.1,54.6,923,0,-58,0,0,0.0,0.0,0.0
2026-05-08,6588,東典光電,146.0,150.5,139.5,143.0,1992,1068,68,0,0,4.52,95.47,100.0
2026-05-08,6589,台康生技,46.0,46.65,45.1,45.35,679,195,-150,0,0,6.1,93.89,100.0
2026-05-08,6590,普鴻,69.4,70.0,68.3,69.5,52,0,-2,0,0,0.05,99.94,100.0
2026-05-08,6591,動力-KY,58.2,59.2,57.2,57.9,471,155,-111,0,-2,21.3,78.69,100.0
2026-05-08,6592,和潤企業,62.4,62.4,60.5,60.7,1309,182,-883,0,-1,26.26,73.73,100.0
2026-05-08,6593,台灣銘板,35.25,35.9,35.2,35.35,81,7,0,0,0,1.16,98.83,100.0
2026-05-08,6595,光禹國際,32.45,32.45,30.9,32.45,0,0,0,0,0,0.0,0.0,0.0
2026-05-08,6596,寬宏藝術,99.6,100.5,97.9,98.5,199,43,-28,0,0,4.2,95.79,100.0
2026-05-08,6597,立誠,70.9,70.9,67.6,68.2,40,0,0,0,0,0.03,99.96,100.0
2026-05-08,6598,ABC-KY,22.25,22.7,22.2,22.5,158,0,22,0,-2,23.36,76.63,100.0
2026-05-08,6599,普達系統,50.74,49.9,49.9,49.9,0,0,0,0,0,0.0,0.0,0.0
2026-05-08,6603,富強鑫,24.7,25.05,23.85,24.2,1614,416,-111,0,-13,4.5,95.49,100.0
2026-05-08,6604,儒億,31.07,31.3,29.45,30.4,116,0,0,0,0,0.0,0.0,0.0
2026-05-08,6605,帝寶,130.0,131.5,129.0,130.0,348,55,-38,0,0,15.7,84.29,100.0
2026-05-08,6606,建德工業,25.4,25.5,24.8,25.35,242,20,-22,0,-1,3.41,96.58,100.0
2026-05-08,6609,瀧澤科,43.6,45.45,42.5,42.6,1144,509,-34,0,0,54.03,45.96,100.0
2026-05-08,6610,安成生技,28.87,29.75,28.05,28.15,506,0,0,0,0,0.0,0.0,0.0
2026-05-08,6612,奈米醫材,68.1,69.0,66.5,68.3,64,9,0,0,0,26.41,73.58,100.0
2026-05-08,6613,朋億*,248.0,254.0,245.0,245.5,925,310,233,0,6,6.91,93.08,100.0
2026-05-08,6614,資拓宏宇,41.3,41.4,40.95,41.0,76,0,18,0,-6,0.82,99.17,100.0
2026-05-08,6615,慧智,32.6,32.7,32.6,32.6,11,0,0,0,0,0.05,99.94,100.0
2026-05-08,6616,特昇-KY,10.3,10.3,9.85,10.0,57,22,-2,0,0,56.73,43.26,100.0
2026-05-08,6617,共信-KY,64.5,64.9,63.0,63.0,134,35,-49,0,0,38.28,61.71,100.0
2026-05-08,6618,永虹先進,21.75,23.1,21.3,22.35,1381,0,74,0,0,0.0,0.0,0.0
2026-05-08,6620,漢達,70.2,70.7,69.7,70.7,415,54,-38,0,2,24.82,75.17,100.0
2026-05-08,6621,華宇藥,12.34,12.55,12.15,12.15,161,0,0,0,0,0.0,0.0,0.0
2026-05-08,6622,百聿數碼,7.66,7.79,7.47,7.7,23,0,0,0,0,0.0,0.0,0.0
2026-05-08,6624,萬年清,48.4,50.4,48.3,49.95,140,72,5,0,0,0.39,99.6,100.0
2026-05-08,6625,必應,74.2,74.2,73.3,74.0,99,6,-33,0,0,1.07,98.92,100.0
2026-05-08,6629,泰金-KY,118.5,121.5,118.0,119.0,40,24,-4,0,-1,76.51,23.48,100.0
2026-05-08,6634,欣耀,51.63,56.7,52.1,54.7,597,0,9,0,0,0.0,0.0,0.0
2026-05-08,6637,醫影,71.6,72.0,71.0,71.3,75,6,-2,0,0,0.48,99.51,100.0
2026-05-08,6638,沅聖,42.81,42.95,40.9,42.95,7,0,0,0,0,0.0,0.0,0.0
2026-05-08,6639,源大環能,7.9,8.25,7.7,8.09,49,0,0,0,0,0.0,0.0,0.0
2026-05-08,6640,均華,1415.0,1435.0,1335.0,1395.0,225,102,24,5,0,6.93,93.06,100.0
2026-05-08,6641,基士德-KY,19.05,19.75,19.05,19.2,127,19,7,0,2,29.98,70.01,100.0
2026-05-08,6642,富致,66.2,67.3,63.4,64.4,960,550,7,0,-20,1.47,98.52,100.0
2026-05-08,6643,M31,646.0,660.0,603.0,621.0,735,0,30,0,-41,11.32,88.67,100.0
2026-05-08,6645,金萬林-創,12.8,13.05,12.7,13.0,39,0,10,0,-1,0.85,99.14,100.0
2026-05-08,6648,斯其大,18.31,18.5,18.0,18.2,70,0,3,0,0,0.0,0.0,0.0
2026-05-08,6649,台生材,39.55,39.75,39.3,39.5,55,6,9,0,0,6.45,93.54,100.0
2026-05-08,6650,帝圖,32.45,32.0,31.85,32.0,5,0,0,0,0,0.0,0.0,0.0
2026-05-08,6651,全宇昕,117.5,121.5,114.5,121.5,1254,112,2,0,18,7.01,92.98,100.0
2026-05-08,6654,天正國際,90.5,91.5,89.5,89.6,22,4,-2,0,0,0.59,99.4,100.0
2026-05-08,6655,科定,138.5,138.5,138.5,138.5,2,0,1,0,0,0.5,99.49,100.0
2026-05-08,6657,華安,41.1,41.5,40.25,41.0,252,68,-53,0,0,7.1,92.89,100.0
2026-05-08,6658,聯策,160.0,163.5,160.0,160.5,524,0,-35,0,0,7.23,92.76,100.0
2026-05-08,6659,天明製藥,19.76,20.25,19.2,20.15,66,0,0,0,0,0.0,0.0,0.0
2026-05-08,6661,威健生技,17.55,17.9,17.3,17.8,15,0,0,0,0,0.02,99.97,100.0
2026-05-08,6662,樂斯科,29.45,29.6,29.2,29.5,24,0,-5,0,0,0.2,99.79,100.0
2026-05-08,6664,群翊,450.5,458.0,435.5,443.0,1380,580,140,0,0,14.43,85.56,100.0
2026-05-08,6665,康聯生醫,23.89,24.05,23.0,24.0,36,0,3,0,0,0.0,0.0,0.0
2026-05-08,6666,羅麗芬-KY,41.9,41.9,41.0,41.4,17,2,2,0,0,75.19,24.8,100.0
2026-05-08,6667,信紘科,267.5,269.5,258.0,261.5,729,154,-90,0,-12,9.45,90.54,100.0
2026-05-08,6668,中揚光,37.75,38.0,36.6,36.7,503,103,62,0,0,11.14,88.85,100.0
2026-05-08,6669,緯穎,4920.0,5250.0,4890.0,5200.0,4060,1604,-70,767,55,31.82,68.17,100.0
2026-05-08,6670,復盛應用,256.0,258.0,251.5,254.0,499,88,-276,54,5,25.61,74.38,100.0
2026-05-08,6671,三能-KY,30.8,30.8,29.7,30.05,52,14,3,0,4,39.85,60.14,100.0
2026-05-08,6672,騰輝電子-KY,226.5,226.5,205.0,208.0,6478,2104,-1651,0,-35,19.34,80.65,100.0
2026-05-08,6673,和詮,23.53,28.3,23.4,24.9,1354,0,-22,0,0,0.0,0.0,0.0
2026-05-08,6674,鋐寶科技,18.5,18.5,18.2,18.4,20,5,7,0,-1,0.49,99.5,100.0
2026-05-08,6676,祥翊,13.21,15.2,13.4,14.85,1031,0,29,0,0,0.0,0.0,0.0
2026-05-08,6677,瑩碩生技,18.87,19.0,18.65,18.9,94,0,0,0,0,0.0,0.0,0.0
2026-05-08,6679,鈺太,314.0,343.0,312.0,331.0,1776,846,184,0,96,10.4,89.59,100.0
2026-05-08,6680,鑫創電子,53.2,54.0,53.2,54.0,2,0,0,0,0,0.18,99.81,100.0
2026-05-08,6682,華旭先進,56.25,57.0,50.6,52.4,2693,0,-3,0,0,0.0,0.0,0.0
2026-05-08,6683,雍智科技,2320.0,2320.0,2150.0,2210.0,279,0,49,0,65,11.26,88.73,100.0
2026-05-08,6684,安格,51.0,51.4,47.65,48.5,455,116,-37,0,0,5.15,94.84,100.0
2026-05-08,6689,伊雲谷,70.3,71.0,69.2,69.5,242,32,20,0,0,4.42,95.57,100.0
2026-05-08,6690,安碁資訊,170.0,172.0,168.5,170.0,130,25,-12,0,0,3.66,96.33,100.0
2026-05-08,6691,洋基工程,663.0,681.0,652.0,654.0,646,179,11,-165,-12,15.89,84.1,100.0
2026-05-08,6692,進能服,31.5,32.0,31.1,31.4,50,12,-5,0,0,0.51,99.48,100.0
2026-05-08,6693,廣閎科,153.0,163.5,148.0,149.0,2053,1023,-235,0,-21,12.76,87.23,100.0
2026-05-08,6695,芯鼎,48.95,52.9,48.55,52.9,7375,2216,1860,0,1,3.38,96.61,100.0
2026-05-08,6696,仁新,395.11,396.0,383.0,393.0,442,0,-2,0,0,0.0,0.0,0.0
2026-05-08,6697,東捷資訊,41.25,41.25,41.0,41.2,44,2,-3,0,0,0.73,99.26,100.0
2026-05-08,6698,旭暉應材,31.05,33.5,30.8,32.9,1623,664,-321,0,0,1.77,98.22,100.0
2026-05-08,6703,軒郁,114.5,117.0,113.5,117.0,171,18,13,0,0,13.93,86.06,100.0
2026-05-08,6704,國璽幹細胞,21.43,22.0,21.0,21.5,133,0,-16,0,0,0.0,0.0,0.0
2026-05-08,6705,振躍精密,109.82,121.5,97.0,118.0,380,0,0,0,0,0.0,0.0,0.0
2026-05-08,6706,惠特,172.0,182.5,170.0,172.5,12469,7068,-1681,0,-132,11.25,88.74,100.0
2026-05-08,6707,富基電通,33.43,41.55,35.5,39.0,3152,0,-41,0,0,0.0,0.0,0.0
2026-05-08,6708,天擎,42.4,42.5,41.4,41.4,32,0,3,0,0,3.14,96.85,100.0
2026-05-08,6709,昱厚生技,25.44,25.7,25.3,25.4,117,0,0,0,0,0.0,0.0,0.0
2026-05-08,6712,長聖,139.0,140.0,137.0,138.5,182,28,-4,0,0,3.4,96.59,100.0
2026-05-08,6715,嘉基,442.0,450.5,423.5,445.0,2156,968,-399,519,0,2.26,97.73,100.0
2026-05-08,6716,應廣,94.7,94.7,92.0,94.7,1293,408,124,0,0,3.77,96.22,100.0
2026-05-08,6719,力智,186.0,190.0,185.0,187.0,696,245,0,0,-1,7.29,92.7,100.0
2026-05-08,6720,久昌,156.0,164.0,155.5,163.0,91,18,12,0,-1,1.15,98.84,100.0
2026-05-08,6721,信實,57.8,57.8,57.5,57.6,4,0,-2,0,0,0.0,99.99,100.0
2026-05-08,6722,輝創,40.55,40.9,40.05,40.7,112,0,40,0,0,2.8,97.19,100.0
2026-05-08,6723,傑智環境,40.32,42.1,39.4,41.3,31,0,-1,0,0,0.0,0.0,0.0
2026-05-08,6725,矽科宏晟,341.0,342.0,320.0,327.0,515,195,-33,0,-2,3.93,96.06,100.0
2026-05-08,6727,亞泰金屬,494.0,504.0,475.0,504.0,4550,2135,612,0,78,12.34,87.65,100.0
2026-05-08,6728,上洋,115.5,115.5,115.0,115.0,29,2,7,0,0,0.86,99.13,100.0
2026-05-08,6729,機光科技,58.06,60.5,55.0,56.5,125,0,0,0,0,0.0,0.0,0.0
2026-05-08,6730,常廣,37.75,37.75,37.5,37.6,52,0,-10,0,0,0.03,99.96,100.0
2026-05-08,6732,昇佳電子,163.5,171.0,163.5,164.0,566,214,13,0,0,6.85,93.14,100.0
2026-05-08,6733,博晟生醫,29.0,29.3,28.25,28.3,150,0,-15,0,0,1.34,98.65,100.0
2026-05-08,6734,安盛生,6.97,7.11,6.52,6.84,105,0,0,0,0,0.0,0.0,0.0
2026-05-08,6735,美達科技,129.0,130.5,126.5,126.5,349,0,-18,0,3,1.19,98.8,100.0
2026-05-08,6737,秀育,34.45,35.7,33.45,35.7,27,0,-1,0,0,0.0,0.0,0.0
2026-05-08,6738,鼎恒,69.06,70.0,67.0,69.2,61,0,-1,0,0,0.0,0.0,0.0
2026-05-08,6739,竹陞科技,1345.0,1395.0,1300.0,1325.0,528,149,100,0,-5,4.96,95.03,100.0
2026-05-08,6741,91APP*-KY,64.8,66.3,64.8,65.6,460,32,232,0,0,43.45,56.54,100.0
2026-05-08,6742,澤米,38.85,40.0,38.65,38.65,281,56,-13,0,0,1.9,98.09,100.0
2026-05-08,6743,安普新,30.3,30.3,29.2,29.8,607,142,-124,0,0,3.68,96.31,100.0
2026-05-08,6744,豐技生技,16.62,16.55,16.45,16.5,40,0,0,0,0,0.0,0.0,0.0
2026-05-08,6748,亞果生醫,69.59,72.8,69.3,71.0,288,0,-7,0,0,0.0,0.0,0.0
2026-05-08,6750,泰創工程,66.87,68.9,65.1,67.3,160,0,-6,0,0,0.0,0.0,0.0
2026-05-08,6751,智聯服務,51.0,51.0,50.0,50.0,73,2,-24,0,0,0.72,99.27,100.0
2026-05-08,6752,叡揚,103.0,105.0,103.0,103.0,71,13,-7,0,0,2.76,97.23,100.0
2026-05-08,6753,龍德造船,141.5,151.0,141.5,145.0,3707,1503,372,0,84,6.64,2.85,9.5
2026-05-08,6754,匯僑設計,46.2,46.2,45.6,45.95,23,1,5,0,0,15.49,84.5,100.0
2026-05-08,6755,連鋐科技,19.91,21.8,20.25,20.95,245,0,7,0,0,0.0,0.0,0.0
2026-05-08,6756,威鋒電子,100.0,101.5,92.0,92.8,1551,664,-274,0,-20,2.89,97.1,100.0
2026-05-08,6757,台灣虎航-創,56.0,60.0,55.7,57.0,7144,2750,41,0,23,1.81,48.17,49.99
2026-05-08,6757,台灣虎航,56.0,60.0,55.7,57.0,7144,2750,41,0,23,1.81,48.17,49.99
2026-05-08,6758,冠亞,35.51,36.15,34.7,36.15,0,0,0,0,0,0.0,0.0,0.0
2026-05-08,6761,穩得,203.5,221.0,203.5,206.0,2018,931,264,0,-1,3.13,96.86,100.0
2026-05-08,6762,達亞,0.0,0.0,0.0,0.0,0,0,0,0,0,5.79,94.2,100.0
2026-05-08,6763,綠界科技,48.4,48.5,47.25,47.45,347,41,-122,0,-3,3.46,96.53,100.0
2026-05-08,6763,綠界科技*,48.4,48.5,47.25,47.45,347,41,-122,0,-3,3.46,96.53,100.0
2026-05-08,6767,台微醫,27.5,27.6,27.35,27.6,14,0,0,0,0,0.23,99.76,100.0
2026-05-08,6768,志強-KY,83.5,87.5,83.5,87.5,1345,395,65,121,1,58.65,41.34,100.0
2026-05-08,6770,力積電,65.0,66.5,60.1,61.4,442180,245251,-59021,0,-6516,10.76,89.23,100.0
2026-05-08,6771,平和環保-創,44.3,44.3,43.8,43.8,73,17,11,0,3,0.65,99.34,100.0
2026-05-08,6775,穎台科技,48.17,48.15,41.5,43.05,2260,0,1,0,0,0.0,0.0,0.0
2026-05-08,6776,展碁國際,59.0,59.8,57.8,58.3,526,186,36,0,0,1.69,98.3,100.0
2026-05-08,6780,學習王,41.13,41.05,40.85,40.85,11,0,0,0,0,0.0,0.0,0.0
2026-05-08,6781,AES-KY,1180.0,1260.0,1180.0,1230.0,3561,1689,590,0,18,68.57,31.42,100.0
2026-05-08,6782,視陽,203.5,203.5,194.5,196.0,809,119,-314,0,12,9.66,90.33,100.0
2026-05-08,6784,天凱科技,29.51,29.5,27.8,28.6,153,0,-3,0,0,0.0,0.0,0.0
2026-05-08,6785,昱展新藥,139.0,139.0,135.5,137.0,102,28,-20,0,0,8.27,91.72,100.0
2026-05-08,6786,芯測,112.17,115.5,101.0,110.0,559,0,-10,0,0,0.0,0.0,0.0
2026-05-08,6787,晶瑞光,40.09,40.05,37.55,38.65,1083,0,0,0,0,0.0,0.0,0.0
2026-05-08,6788,華景電,460.5,487.0,444.0,454.5,2434,1132,-384,5,-22,19.26,80.73,100.0
2026-05-08,6789,采鈺,580.0,608.0,566.0,603.0,10024,5089,1045,13,-5,3.31,96.68,100.0
2026-05-08,6790,永豐實,40.4,40.4,39.85,40.05,116,18,-5,0,0,1.95,98.04,100.0
2026-05-08,6791,虎門科技,119.5,122.5,118.0,120.0,74,17,13,0,0,11.67,88.32,100.0
2026-05-08,6792,詠業,58.7,58.7,56.6,56.8,161,39,13,0,0,1.48,98.51,100.0
2026-05-08,6793,天力離岸,6.09,6.21,5.8,6.21,188,0,-19,0,0,0.0,0.0,0.0
2026-05-08,6794,向榮生技-創,82.2,84.7,82.2,83.3,44,9,2,0,0,0.43,99.56,100.0
2026-05-08,6794,向榮生技,82.2,84.7,82.2,83.3,44,9,2,0,0,0.43,99.56,100.0
2026-05-08,6796,晉弘,69.7,70.9,68.7,69.7,111,24,28,0,0,15.1,84.89,100.0
2026-05-08,6797,圓點奈米,14.59,15.15,14.25,14.25,19,0,0,0,0,0.0,0.0,0.0
2026-05-08,6798,展逸,50.6,50.8,49.5,50.2,13,0,0,0,0,0.0,0.0,0.0
2026-05-08,6799,來頡,88.8,90.7,87.0,88.9,363,148,47,0,0,9.33,90.66,100.0
2026-05-08,6803,崑鼎,288.0,290.0,287.0,289.5,131,18,-7,0,0,3.45,96.54,100.0
2026-05-08,6804,明係,15.1,15.55,15.1,15.55,85,6,-3,0,0,4.11,95.88,100.0
2026-05-08,6805,富世達,1925.0,2035.0,1900.0,1980.0,2786,1271,241,195,3,16.57,83.42,100.0
2026-05-08,6806,森崴能源,21.5,21.5,20.2,20.35,465,0,-49,0,0,2.03,97.96,100.0
2026-05-08,6807,峰源-KY,35.0,35.8,34.9,35.4,12,6,0,0,0,43.59,56.4,100.0
2026-05-08,6808,三鼎生技,30.87,31.3,29.4,31.1,215,0,1,0,0,0.0,0.0,0.0
2026-05-08,6810,新穎生醫,26.2,26.6,25.75,26.2,139,0,0,0,0,0.0,0.0,0.0
2026-05-08,6811,宏碁資訊,210.0,216.0,210.0,210.0,153,31,32,0,-1,1.46,98.53,100.0
2026-05-08,6812,梭特,78.65,80.3,75.7,76.0,170,0,-2,0,0,0.0,0.0,0.0
2026-05-08,6814,路迦生醫,24.18,25.35,24.15,25.35,1,0,0,0,0,0.0,0.0,0.0
2026-05-08,6815,晶鑽生醫,29.95,31.05,29.8,30.4,47,0,1,0,0,0.0,0.0,0.0
2026-05-08,6816,捷智商訊,38.66,39.45,38.5,39.45,3,0,0,0,0,0.0,0.0,0.0
2026-05-08,6817,溫士頓,66.39,68.3,66.7,68.3,8,0,0,0,0,0.0,0.0,0.0
2026-05-08,6818,連騰,65.79,66.6,60.4,62.2,207,0,0,0,0,0.0,0.0,0.0
2026-05-08,6819,眾智,34.12,51.0,36.6,50.5,1741,0,-5,0,0,0.0,0.0,0.0
2026-05-08,6820,連訊,261.54,279.0,254.0,261.5,79,0,2,0,0,0.0,0.0,0.0
2026-05-08,6821,聯寶,52.8,53.3,50.7,51.0,661,146,-22,0,0,0.36,99.63,100.0
2026-05-08,6823,濾能,91.0,95.3,88.7,88.7,1606,374,-4,0,0,25.71,74.28,100.0
2026-05-08,6825,和暢科技,42.49,44.15,42.05,44.15,43,0,0,0,0,0.0,0.0,0.0
2026-05-08,6826,和淞,552.66,589.0,556.0,560.0,368,0,-23,0,0,0.0,0.0,0.0
2026-05-08,6827,巨生醫,12.95,12.6,12.1,12.35,74,0,-6,0,0,0.0,0.0,0.0
2026-05-08,6829,千附精密,255.5,264.0,250.5,250.5,3521,906,-187,0,-51,2.08,97.91,100.0
2026-05-08,6830,汎銓,881.0,884.0,787.0,787.0,2939,1063,257,0,-12,5.03,94.96,100.0
2026-05-08,6831,邁科,535.0,573.0,527.0,540.0,2677,1237,-72,6,22,11.73,88.26,100.0
2026-05-08,6832,金鼎科,106.55,113.0,88.5,96.7,265,0,-1,0,0,0.0,0.0,0.0
2026-05-08,6833,太康精密,27.28,27.35,26.6,26.7,21,0,0,0,0,0.0,0.0,0.0
2026-05-08,6834,天二科技,48.0,48.1,45.8,48.1,5906,2319,170,0,-14,13.39,86.6,100.0
2026-05-08,6835,圓裕,37.25,38.5,37.25,38.4,341,210,57,0,0,6.55,93.44,100.0
2026-05-08,6838,台新藥,26.7,27.15,26.65,26.9,111,0,17,0,-2,1.4,98.59,100.0
2026-05-08,6839,開陽能源,13.07,13.2,12.1,12.3,106,0,0,0,0,0.0,0.0,0.0
2026-05-08,6840,東研信超,65.7,65.9,64.6,64.9,221,40,-28,0,0,3.11,96.88,100.0
2026-05-08,6841,長佳智能,61.4,62.3,60.8,61.6,201,56,4,0,0,2.49,97.5,100.0
2026-05-08,6842,瑞宇,149.43,150.5,141.0,150.5,414,0,-1,0,0,0.0,0.0,0.0
2026-05-08,6843,進典,46.35,46.35,46.25,46.25,7,1,0,0,0,0.21,99.78,100.0
2026-05-08,6844,諾貝兒,63.8,64.0,63.3,64.0,24,0,-1,0,0,0.02,99.97,100.0
2026-05-08,6846,綠茵,68.0,69.3,68.0,69.3,11,5,0,0,0,0.2,99.79,100.0
2026-05-08,6847,普瑞博,63.6,67.5,64.0,64.7,32,0,0,0,0,0.0,0.0,0.0
2026-05-08,6848,拉法醫,19.0,19.75,19.15,19.25,85,0,0,0,0,0.0,0.0,0.0
2026-05-08,6849,奇鼎科技,243.43,245.0,226.5,228.0,686,0,0,0,0,0.0,0.0,0.0
2026-05-08,6850,光鼎生技,34.6,35.3,33.8,34.3,40,0,-5,0,0,0.0,0.0,0.0
2026-05-08,6854,錼創科技-KY創,155.0,155.0,145.0,147.0,906,174,-75,0,3,32.45,67.54,100.0
2026-05-08,6855,數泓科,104.0,104.0,103.0,104.0,6,0,-1,0,0,0.19,99.8,100.0
2026-05-08,6856,鑫傳,50.9,50.9,50.9,50.9,2,0,0,0,0,0.0,49.98,49.99
2026-05-08,6857,宏碁智醫,96.03,98.5,98.5,98.5,0,0,0,0,0,0.0,0.0,0.0
2026-05-08,6858,愛比科技,26.02,26.1,25.2,25.2,0,0,0,0,0,0.0,0.0,0.0
2026-05-08,6859,伯特光,122.0,124.5,120.5,122.0,87,25,0,0,0,15.4,84.59,100.0
2026-05-08,6861,睿生光電,408.0,413.0,375.0,376.0,537,0,-157,0,0,1.88,98.11,100.0
2026-05-08,6862,三集瑞-KY,195.0,198.5,180.5,187.0,2617,1492,17,0,5,65.86,34.13,100.0
2026-05-08,6863,永道-KY,101.5,103.5,101.5,103.0,104,10,42,0,0,69.7,30.29,100.0
2026-05-08,6864,元樟生技,58.13,59.1,56.9,57.3,38,0,0,0,0,0.0,0.0,0.0
2026-05-08,6865,偉康科技,36.35,36.35,35.05,35.5,16,3,0,0,0,0.4,99.59,100.0
2026-05-08,6867,坦德科技,23.76,24.15,23.25,24.0,29,0,-4,0,0,0.0,0.0,0.0
2026-05-08,6868,采威國際,30.22,30.4,29.0,30.4,28,0,1,0,0,0.0,0.0,0.0
2026-05-08,6869,雲豹能源-創,87.5,88.6,85.5,87.3,826,307,-128,0,11,2.49,97.5,100.0
2026-05-08,6869,雲豹能源,87.5,88.6,85.5,87.3,826,307,-128,0,11,2.49,97.5,100.0
2026-05-08,6870,騰雲,184.5,188.0,178.5,188.0,109,27,15,0,3,1.51,98.48,100.0
2026-05-08,6872,浩宇生醫,18.1,18.5,18.0,18.0,32,0,-3,0,0,0.35,99.64,100.0
2026-05-08,6873,泓德能源-創,95.0,95.0,91.9,91.9,487,161,-142,0,1,8.0,91.99,100.0
2026-05-08,6873,泓德能源,95.0,95.0,91.9,91.9,487,161,-142,0,1,8.0,91.99,100.0
2026-05-08,6874,倍力,88.3,93.5,88.3,93.4,200,44,35,0,0,1.42,98.57,100.0
2026-05-08,6875,國邑*,35.9,35.9,34.65,34.8,207,0,-82,0,0,2.22,97.77,100.0
2026-05-08,6876,朗齊生醫*,20.56,21.1,20.5,21.0,185,0,0,0,0,0.0,0.0,0.0
2026-05-08,6877,鏵友益,170.5,170.5,163.0,166.0,383,114,0,0,0,7.11,92.88,100.0
2026-05-08,6878,歐付寶,10.31,10.7,10.2,10.3,37,0,-3,0,0,0.0,0.0,0.0
2026-05-08,6879,大江基因,35.93,36.5,35.5,36.0,11,0,0,0,0,0.0,0.0,0.0
2026-05-08,6881,潤德,272.0,272.0,263.0,270.0,17,0,3,0,0,0.11,99.88,100.0
2026-05-08,6882,甲尚,19.07,19.1,17.9,18.4,131,0,0,0,0,0.0,0.0,0.0
2026-05-08,6883,微電能源,19.32,21.5,18.4,19.9,299,0,0,0,0,0.0,0.0,0.0
2026-05-08,6884,海柏特,34.5,34.6,34.0,34.4,13,0,0,0,0,5.54,94.45,100.0
2026-05-08,6885,全福生技,23.0,23.2,22.15,22.4,452,118,-53,0,-2,3.01,96.98,100.0
2026-05-08,6886,遠東生技,47.04,49.15,47.0,49.1,3,0,0,0,0,0.0,0.0,0.0
2026-05-08,6887,寶綠特-KY,39.95,39.95,39.0,39.95,12,2,0,0,0,53.29,46.7,100.0
2026-05-08,6890,來億-KY,154.5,157.5,150.0,154.0,747,306,-90,0,0,87.34,12.65,100.0
2026-05-08,6891,樂迦再生,60.04,60.5,55.4,56.0,2146,0,-13,0,0,0.0,0.0,0.0
2026-05-08,6892,台寶生醫,25.92,26.1,25.0,25.6,56,0,0,0,0,0.0,0.0,0.0
2026-05-08,6894,衛司特,341.0,358.5,341.0,351.5,183,41,34,0,0,2.01,97.98,100.0
2026-05-08,6895,宏碩系統,169.0,169.5,163.5,165.0,93,24,-12,0,-3,4.55,95.44,100.0
2026-05-08,6898,程曦資訊,108.0,109.5,106.0,109.5,33,0,0,0,0,0.0,0.0,0.0
2026-05-08,6899,創為精密,53.3,53.5,53.0,53.5,13,1,0,0,0,5.17,94.82,100.0
2026-05-08,6901,鑽石投資,13.3,13.3,13.0,13.0,657,126,99,0,1,0.56,99.43,100.0
2026-05-08,6902,GOGOLOOK-創,102.5,103.5,100.0,103.0,156,36,29,0,0,3.39,96.59,100.0
2026-05-08,6902,GOGOLOOK,102.5,103.5,100.0,103.0,156,36,29,0,0,3.39,96.59,100.0
2026-05-08,6903,巨漢,416.0,427.0,405.5,422.0,1423,710,74,0,6,4.94,95.05,100.0
2026-05-08,6904,伯鑫,113.0,116.0,112.0,116.0,6,2,0,0,0,0.07,99.92,100.0
2026-05-08,6906,現觀科,64.6,67.7,63.7,67.7,403,62,-3,0,6,9.64,90.35,100.0
2026-05-08,6907,雅特力-KY,143.0,145.5,129.5,129.5,6443,4156,218,0,0,52.08,47.91,100.0
2026-05-08,6908,宏碁遊戲-創,40.1,40.1,39.55,40.1,10,0,3,0,0,0.53,99.46,100.0
2026-05-08,6909,創控,59.5,61.6,55.7,56.9,1979,832,-246,0,1,7.7,92.29,100.0
2026-05-08,6910,德鴻,28.9,28.9,28.6,28.75,85,0,-3,0,0,4.85,95.14,100.0
2026-05-08,6911,群運,33.01,33.0,32.05,32.15,107,0,0,0,0,0.0,0.0,0.0
2026-05-08,6912,益鈞環科*,17.5,18.1,17.0,17.8,337,0,0,0,0,0.0,0.0,0.0
2026-05-08,6913,鴻呈,133.5,135.5,128.0,129.5,304,86,-38,0,-1,2.02,97.97,100.0
2026-05-08,6914,阜爾運通,147.0,147.0,144.5,145.0,83,10,-33,0,0,2.37,97.62,100.0
2026-05-08,6915,美強光,88.28,88.2,72.1,78.0,252,0,5,0,0,0.0,0.0,0.0
2026-05-08,6916,華凌,18.5,18.95,18.25,18.8,28,4,3,0,0,0.53,99.46,100.0
2026-05-08,6917,竟天,40.09,39.65,36.5,38.25,1071,0,-2,0,0,0.0,0.0,0.0
2026-05-08,6918,愛派司,74.2,74.9,74.0,74.4,44,3,24,0,0,0.93,99.06,100.0
2026-05-08,6919,康霈*,103.0,105.0,101.5,104.0,5302,1997,1316,0,0,12.84,87.15,100.0
2026-05-08,6920,恆勁科技,118.71,117.5,97.9,106.5,7791,0,5,0,0,0.0,0.0,0.0
2026-05-08,6921,嘉雨思-創,93.5,93.5,90.5,90.9,32,0,-3,0,3,30.07,69.92,100.0
2026-05-08,6922,宸曜,188.5,189.5,175.5,175.5,380,69,-6,0,-27,1.04,98.95,100.0
2026-05-08,6923,中台,83.2,84.2,81.6,83.0,183,32,-112,0,0,1.41,98.58,100.0
2026-05-08,6924,榮惠-KY創,93.3,94.0,92.3,94.0,13,0,-2,0,0,77.8,22.19,100.0
2026-05-08,6925,意藍,66.0,66.0,64.0,64.2,83,12,-11,0,0,4.04,95.95,100.0
2026-05-08,6926,聖安生醫,64.18,66.2,64.5,64.5,3,0,-1,0,0,0.0,0.0,0.0
2026-05-08,6927,聯合聚晶,53.25,54.1,49.75,52.7,100,0,2,0,0,0.0,0.0,0.0
2026-05-08,6928,攸泰科技,51.5,51.5,49.3,49.9,117,29,0,0,0,0.63,99.36,100.0
2026-05-08,6929,佑全,24.5,24.95,24.2,24.2,19,0,0,0,0,0.0,99.99,100.0
2026-05-08,6931,青松健康,43.7,44.5,43.0,43.6,115,28,-31,0,-1,0.53,99.46,100.0
2026-05-08,6932,水星生醫*,7.81,8.0,7.61,7.98,176,0,0,0,0,0.0,0.0,0.0
2026-05-08,6933,AMAX-KY,170.5,172.0,162.0,165.0,211,50,-8,0,-5,31.07,68.92,100.0
2026-05-08,6934,心誠鎂,78.9,80.5,77.5,78.1,81,0,-18,0,0,12.44,87.55,100.0
2026-05-08,6935,王子製藥,31.18,31.5,29.7,30.95,62,0,-3,0,0,0.0,0.0,0.0
2026-05-08,6936,永鴻生技,34.1,34.4,34.05,34.3,45,4,-2,0,0,0.6,99.39,100.0
2026-05-08,6937,天虹,320.0,323.5,300.0,306.5,836,310,-12,0,-23,2.75,97.24,100.0
2026-05-08,6938,藍新資訊,110.67,112.5,103.5,111.0,85,0,0,0,0,0.0,0.0,0.0
2026-05-08,6939,啟弘生技,26.71,24.6,23.45,23.6,28,0,0,0,0,0.0,0.0,0.0
2026-05-08,6940,格斯科技*,20.52,22.2,20.6,21.25,1269,0,4,0,0,0.0,0.0,0.0
2026-05-08,6944,兆聯實業,996.0,1045.0,964.0,964.0,1621,799,-45,-137,-22,14.41,85.58,100.0
2026-05-08,6945,圓祥生技,171.97,175.0,170.0,172.0,189,0,0,0,0,0.0,0.0,0.0
2026-05-08,6946,三地能源,13.33,13.35,12.75,13.35,103,0,0,0,0,0.0,0.0,0.0
2026-05-08,6947,台鎔科技,78.68,79.8,78.3,79.3,35,0,0,0,0,0.0,0.0,0.0
2026-05-08,6949,沛爾生醫-創,684.0,709.0,660.0,690.0,186,84,-24,0,1,2.37,97.62,100.0
2026-05-08,6951,青新-創,81.7,83.1,81.7,82.0,63,4,13,0,-3,2.19,97.8,100.0
2026-05-08,6952,大武山,40.0,40.0,37.55,37.55,42,8,6,0,0,0.39,99.6,100.0
2026-05-08,6953,家碩,284.5,288.0,274.0,277.5,239,68,23,0,0,1.45,98.54,100.0
2026-05-08,6955,邦睿生技-創,161.0,161.0,159.0,159.0,15,0,3,0,0,17.73,82.26,100.0
2026-05-08,6957,裕慶-KY,162.0,162.0,159.0,159.5,97,14,4,0,0,6.61,93.38,100.0
2026-05-08,6958,日盛台駿,19.1,19.15,18.95,19.05,52,0,27,0,0,0.45,99.54,100.0
2026-05-08,6959,兆捷科技,129.62,130.0,122.5,125.0,470,0,0,0,0,0.0,0.0,0.0
2026-05-08,6961,旅天下,61.4,61.4,60.5,60.9,145,0,0,0,0,0.49,99.5,100.0
2026-05-08,6962,奕力-KY,37.2,38.8,36.8,38.3,11988,5407,-57,0,1,42.4,57.59,100.0
2026-05-08,6963,品元,27.2,0.0,0.0,0.0,0,0,0,0,0,0.0,0.0,0.0
2026-05-08,6965,中傑-KY,86.9,86.9,84.3,84.7,47,11,-6,0,-2,77.32,22.67,100.0
2026-05-08,6967,汎瑋材料,81.0,81.6,76.2,76.4,490,130,3,0,0,2.69,97.3,100.0
2026-05-08,6968,萬達寵物,42.6,43.05,42.55,42.7,54,1,10,0,0,1.05,98.94,100.0
2026-05-08,6969,成信實業*-創,28.8,28.95,28.5,28.95,40,0,7,0,-1,0.48,99.51,100.0
2026-05-08,6971,惠民實業,29.0,29.3,28.8,29.3,36,2,-1,0,0,0.26,99.73,100.0
2026-05-08,6972,博瑞達應材,24.24,25.0,24.0,24.95,13,0,0,0,0,0.0,0.0,0.0
2026-05-08,6973,永立榮,35.45,36.0,35.0,35.2,56,0,0,0,0,0.0,0.0,0.0
2026-05-08,6976,育世博-KY,12.78,13.0,12.6,12.75,467,0,-6,0,0,0.0,0.0,0.0
2026-05-08,6977,聯純,359.15,381.0,352.0,360.0,139,0,0,0,0,0.0,0.0,0.0
2026-05-08,6979,勝釩,267.93,290.0,244.0,249.0,99,0,8,0,0,0.0,0.0,0.0
2026-05-08,6980,鐳洋科技,171.3,185.0,170.0,179.0,250,0,1,0,0,0.0,0.0,0.0
2026-05-08,6982,大井泵浦,52.1,53.0,51.0,52.6,73,10,6,0,0,1.39,98.6,100.0
2026-05-08,6983,華洋精機,443.36,435.0,378.0,391.0,194,0,0,0,0,0.0,0.0,0.0
2026-05-08,6984,ACpay,20.16,20.25,20.0,20.0,5,0,0,0,0,0.0,0.0,0.0
2026-05-08,6986,和迅,61.96,62.3,61.8,62.0,41,0,2,0,0,0.0,0.0,0.0
2026-05-08,6987,寶晶能源*,19.97,20.1,19.75,20.1,74,0,0,0,0,0.0,0.0,0.0
2026-05-08,6988,威力暘-創,14.2,15.1,14.2,14.5,114,0,8,0,-30,3.82,96.17,100.0
2026-05-08,6990,華鉬,70.35,70.5,67.0,68.5,112,0,0,0,0,0.0,0.0,0.0
2026-05-08,6994,富威電力,65.0,65.4,63.9,64.4,331,102,-70,0,0,1.18,98.81,100.0
2026-05-08,6995,野獸國,48.4,48.85,48.0,48.5,28,0,0,0,0,0.0,0.0,0.0
2026-05-08,6996,力領科技,187.5,192.5,184.5,185.0,224,60,39,0,-5,3.06,96.93,100.0
2026-05-08,6997,博弘,70.3,70.9,70.0,70.6,18,0,0,0,0,20.12,79.87,100.0
2026-05-08,6999,瀚醫生技,31.5,31.55,31.0,31.45,13,0,0,0,0,0.0,0.0,0.0
2026-05-08,7402,邑錡,123.5,129.5,122.5,125.5,1173,550,143,0,3,10.55,89.44,100.0
2026-05-08,7419,達勝,131.94,131.5,121.5,124.0,494,0,-1,0,0,0.0,0.0,0.0
2026-05-08,7427,華上生醫,39.48,39.9,38.8,39.1,218,0,2,0,0,0.0,0.0,0.0
2026-05-08,7443,凡事康,10.48,10.7,10.2,10.7,23,0,0,0,0,0.0,0.0,0.0
2026-05-08,7455,樺緯物聯,65.9,64.0,63.2,64.0,3,0,0,0,0,0.0,0.0,0.0
2026-05-08,7507,環拓科技,25.52,25.65,23.45,25.4,81,0,-3,0,0,0.0,0.0,0.0
2026-05-08,7516,清淨海,8.98,9.25,8.7,8.9,190,0,0,0,0,0.0,0.0,0.0
2026-05-08,7530,鋒魁科技,47.06,47.65,45.15,45.8,669,0,0,0,0,0.0,0.0,0.0
2026-05-08,7547,碩網,74.5,75.8,72.1,72.9,106,29,5,0,0,24.13,75.86,100.0
2026-05-08,7551,知識科技,13.72,14.15,12.95,14.0,80,0,0,0,0,0.0,0.0,0.0
2026-05-08,7556,意德士,282.5,282.5,256.5,257.0,372,108,-4,0,-10,3.29,96.7,100.0
2026-05-08,7558,群利科技,26.96,27.2,26.55,26.65,119,0,0,0,0,0.0,0.0,0.0
2026-05-08,7561,光晟生技,19.76,20.5,19.6,20.5,45,0,1,0,0,0.0,0.0,0.0
2026-05-08,7562,博來科技,56.15,56.2,55.9,56.2,3,0,0,0,0,0.0,0.0,0.0
2026-05-08,7566,亞果遊艇,12.63,13.55,12.55,13.55,358,0,17,0,0,0.0,0.0,0.0
2026-05-08,7575,安美得,20.79,20.8,20.5,20.5,13,0,0,0,0,0.0,0.0,0.0
2026-05-08,7578,利百景,33.45,34.0,33.25,33.5,25,0,0,0,0,0.0,0.0,0.0
2026-05-08,7583,國際海洋,65.52,66.6,64.6,66.6,16,0,0,0,0,0.0,0.0,0.0
2026-05-08,7584,樂意,33.0,33.3,32.9,33.25,9,0,-2,0,0,14.13,85.86,100.0
2026-05-08,7590,怡和國際,27.93,28.1,25.9,26.7,695,0,-2,0,0,0.0,0.0,0.0
2026-05-08,7595,世基生醫,9.85,9.85,9.45,9.74,19,0,0,0,0,0.0,0.0,0.0
2026-05-08,7607,通用幹細胞*,14.57,15.05,14.4,14.4,20,0,0,0,0,0.0,0.0,0.0
2026-05-08,7610,聯友金屬-創,762.0,825.0,750.0,792.0,1187,0,119,0,-27,16.48,83.51,100.0
2026-05-08,7631,聚賢研發-創,127.5,127.5,120.0,123.5,143,0,-59,0,0,0.61,99.38,100.0
2026-05-08,7642,昶瑞機電,75.8,75.8,72.2,73.4,131,42,-18,0,0,0.4,99.59,100.0
2026-05-08,7669,碩正科技,830.54,824.0,755.0,804.0,420,0,-38,0,0,0.0,0.0,0.0
2026-05-08,7689,大鵬科CLMX,229.99,245.0,227.0,240.0,114,0,0,0,0,0.0,0.0,0.0
2026-05-08,7702,前端風電,18.53,18.55,18.55,18.55,1,0,0,0,0,0.0,0.0,0.0
2026-05-08,7703,銳澤,210.5,215.5,209.5,209.5,130,29,-1,0,0,1.47,98.52,100.0
2026-05-08,7704,明遠精密,58.7,60.0,57.2,58.7,95,15,-3,0,0,0.68,99.31,100.0
2026-05-08,7705,三商餐飲,32.25,32.65,32.25,32.3,56,7,19,0,0,1.55,98.44,100.0
2026-05-08,7706,宏碁創達,43.15,43.15,41.0,42.0,3,0,0,0,0,0.0,0.0,0.0
2026-05-08,7707,益芯科,180.7,180.0,168.5,171.0,346,0,0,0,0,0.0,0.0,0.0
2026-05-08,7708,全家餐飲,91.6,92.0,91.3,92.0,24,0,0,0,0,0.1,99.89,100.0
2026-05-08,7709,榮田,88.3,96.5,84.2,84.2,1892,933,-176,0,0,1.82,98.17,100.0
2026-05-08,7710,東擎科技,266.56,275.0,265.0,272.0,14,0,0,0,0,0.0,0.0,0.0
2026-05-08,7711,永擎,468.0,468.0,445.0,467.0,394,0,-22,0,-15,1.54,98.45,100.0
2026-05-08,7712,博盛半導體,122.5,134.5,120.0,134.5,2164,813,318,0,53,2.83,97.16,100.0
2026-05-08,7713,威力德生醫,68.2,68.9,68.2,68.9,7,0,-2,0,0,0.08,99.91,100.0
2026-05-08,7714,創泓科技,129.0,132.0,128.0,131.5,65,10,11,0,0,0.96,99.03,100.0
2026-05-08,7715,裕山,28.3,28.3,27.85,28.2,75,1,6,0,0,0.94,99.05,100.0
2026-05-08,7716,昱臺國際,24.9,25.3,24.7,25.3,6,0,1,0,0,0.03,99.96,100.0
2026-05-08,7717,萊德光電-KY,651.0,686.0,631.0,668.0,568,284,21,0,0,16.76,83.23,100.0
2026-05-08,7718,友鋮,48.9,49.5,48.9,49.15,16,2,-2,0,0,0.78,99.21,100.0
2026-05-08,7719,碳基,45.61,47.35,44.0,45.1,668,0,15,0,0,0.0,0.0,0.0
2026-05-08,7721,微程式,73.8,74.5,72.0,72.1,349,104,2,0,0,1.41,98.58,100.0
2026-05-08,7722,LINEPAY,282.0,287.0,280.0,280.5,113,35,-5,0,0,59.56,40.43,100.0
2026-05-08,7723,築間,28.1,28.45,27.7,28.15,109,14,-14,0,0,0.36,99.63,100.0
2026-05-08,7724,諾亞克,24.42,25.1,24.4,24.45,5,0,0,0,0,0.0,0.0,0.0
2026-05-08,7725,列特博,22.45,22.5,21.9,22.0,6,0,0,0,0,0.0,0.0,0.0
2026-05-08,7726,暄達,33.88,34.0,32.35,33.0,4,0,0,0,0,0.0,0.0,0.0
2026-05-08,7728,光焱科技,796.0,805.0,743.0,800.0,267,107,44,0,0,2.53,97.46,100.0
2026-05-08,7729,仲恩生醫,74.97,77.4,74.0,75.0,221,0,0,0,0,0.0,0.0,0.0
2026-05-08,7730,暉盛-創,178.5,178.5,168.0,168.0,119,0,14,0,-5,2.29,97.7,100.0
2026-05-08,7731,火星生技*,6.13,6.44,6.07,6.13,1731,0,0,0,0,0.0,0.0,0.0
2026-05-08,7732,金興精密,35.05,35.9,35.05,35.85,9,3,1,0,0,0.43,99.56,100.0
2026-05-08,7734,印能科技,3600.0,3630.0,3380.0,3630.0,88,0,45,0,-5,4.12,95.87,100.0
2026-05-08,7736,虎山,76.8,76.8,74.2,76.7,20,7,3,0,0,0.91,99.08,100.0
2026-05-08,7737,凱鈿,44.32,45.7,43.35,45.25,66,0,0,0,0,0.0,0.0,0.0
2026-05-08,7738,東聯互動,179.0,179.0,173.5,175.5,254,10,-41,0,0,0.32,99.67,100.0
2026-05-08,7740,熙特爾-創,175.5,175.5,168.0,170.5,283,88,-48,0,-1,4.86,95.13,100.0
2026-05-08,7742,天弘化,169.23,195.5,168.5,182.5,1370,0,0,0,0,0.0,0.0,0.0
2026-05-08,7743,金利食安,0.0,0.0,0.0,0.0,0,0,0,0,0,2.88,97.11,100.0
2026-05-08,7744,崴寶,536.0,573.0,534.0,564.0,134,41,-26,0,-1,28.23,71.76,100.0
2026-05-08,7745,紅陽,18.55,18.7,18.55,18.55,2,0,0,0,0,0.0,0.0,0.0
2026-05-08,7747,昕奇雲端,131.5,131.5,126.5,131.0,5,0,0,0,0,0.72,99.27,100.0
2026-05-08,7748,鑫囍創業,21.58,22.1,21.4,22.1,2,0,0,0,0,0.0,0.0,0.0
2026-05-08,7749,意騰-KY,514.0,555.0,509.0,514.0,2687,1360,-122,0,3,24.21,75.78,100.0
2026-05-08,7750,新代,2610.0,2710.0,2545.0,2545.0,457,194,72,0,5,15.28,84.71,100.0
2026-05-08,7751,竑騰,2010.0,2275.0,1940.0,1940.0,378,0,-48,-167,-31,4.92,95.07,100.0
2026-05-08,7752,世紀樺欣,36.15,36.7,35.15,36.0,109,0,0,0,0,0.0,0.0,0.0
2026-05-08,7753,星亞,43.3,43.3,41.75,42.05,39,7,4,0,0,0.17,99.82,100.0
2026-05-08,7754,安基生技,60.48,61.2,59.6,60.6,334,0,-10,0,0,0.0,0.0,0.0
2026-05-08,7756,多那之,42.5,43.0,41.35,42.9,4,0,0,0,0,0.0,0.0,0.0
2026-05-08,7757,金色三麥,105.5,105.5,105.0,105.5,9,0,-2,0,0,19.51,80.48,100.0
2026-05-08,7758,睿騰能源,43.73,48.4,44.25,47.0,54,0,0,0,0,0.0,0.0,0.0
2026-05-08,7759,視航生醫,38.45,38.6,37.2,37.3,45,0,0,0,0,0.0,0.0,0.0
2026-05-08,7760,享溫馨,34.0,35.1,34.0,34.5,240,0,48,0,-30,0.09,99.9,100.0
2026-05-08,7761,三大未來,41.99,42.45,39.85,40.45,325,0,-3,0,0,0.0,0.0,0.0
2026-05-08,7762,吉晟生,47.3,47.7,46.85,47.7,33,0,0,0,0,0.0,0.0,0.0
2026-05-08,7763,崇舜,275.64,278.0,255.0,263.0,468,0,0,0,0,0.0,0.0,0.0
2026-05-08,7764,聖州,14.12,14.6,13.95,14.2,80,0,0,0,0,0.0,0.0,0.0
2026-05-08,7765,中華資安,243.5,249.0,243.5,243.5,93,12,-8,0,-3,0.37,99.62,100.0
2026-05-08,7767,仁大資訊,44.35,44.35,44.15,44.2,24,0,0,0,0,0.1,99.89,100.0
2026-05-08,7768,頌勝科技,368.0,381.0,348.0,350.0,1027,0,-88,0,0,1.36,98.63,100.0
2026-05-08,7769,鴻勁,5885.0,6040.0,5770.0,5800.0,1128,426,281,-21,-8,20.15,79.84,100.0
2026-05-08,7770,君曜,48.0,48.0,47.0,47.15,13,0,0,0,0,0.23,99.76,100.0
2026-05-08,7771,綠基,62.1,61.5,57.6,57.9,101,0,0,0,0,0.0,0.0,0.0
2026-05-08,7772,耀穎,196.0,196.5,179.0,196.5,1318,0,29,0,0,0.1,99.89,100.0
2026-05-08,7773,富禾生醫,28.06,28.3,27.5,28.05,29,0,0,0,0,0.0,0.0,0.0
2026-05-08,7776,奧孟亞,27.92,28.1,26.9,27.6,36,0,0,0,0,0.0,0.0,0.0
2026-05-08,7777,能率亞洲,29.35,29.8,28.1,28.75,782,209,-69,0,-1,0.26,99.73,100.0
2026-05-08,7779,鍇睿國際,15.05,15.05,15.05,15.05,0,0,0,0,0,0.0,0.0,0.0
2026-05-08,7780,大研生醫*,18.95,19.2,18.6,18.65,2454,481,-452,0,-5,0.61,99.38,100.0
2026-05-08,7781,昕力資*,29.36,30.1,28.9,29.65,2729,0,-1,0,0,0.0,0.0,0.0
2026-05-08,7782,光速火箭,27.55,27.75,26.85,27.4,27,3,-1,0,0,0.27,99.72,100.0
2026-05-08,7783,佳運,96.91,101.0,91.0,101.0,62,0,0,0,0,0.0,0.0,0.0
2026-05-08,7784,安邦生技*,11.51,12.4,9.99,11.3,1511,0,0,0,0,0.0,0.0,0.0
2026-05-08,7785,北祥科服,37.05,37.0,36.1,37.0,17,0,0,0,0,0.0,0.0,0.0
2026-05-08,7786,東方風能,139.5,141.5,137.5,139.5,215,0,65,0,0,1.39,98.6,100.0
2026-05-08,7788,松川精密,172.0,182.5,170.5,176.0,1097,383,190,0,-1,5.38,94.61,100.0
2026-05-08,7789,開展,34.47,36.8,35.1,35.25,5,0,0,0,0,0.0,0.0,0.0
2026-05-08,7790,思必瑞特,48.06,48.8,47.0,48.75,14,0,0,0,0,0.0,0.0,0.0
2026-05-08,7791,皇家可口,64.6,64.8,64.2,64.4,70,3,-3,0,0,0.58,99.41,100.0
2026-05-08,7792,安葆,328.0,328.0,316.0,322.5,188,25,-31,0,-7,18.82,81.17,100.0
2026-05-08,7794,宏碁智新,31.6,32.0,31.0,31.2,105,0,0,0,-7,1.35,98.64,100.0
2026-05-08,7795,長廣,373.0,380.0,362.0,363.0,515,0,-103,0,0,6.5,93.48,100.0
2026-05-08,7796,擷發科,115.22,119.5,114.5,118.5,206,0,0,0,0,0.0,0.0,0.0
2026-05-08,7797,Q Burger,58.63,60.0,56.0,59.5,35,0,0,0,0,0.0,0.0,0.0
2026-05-08,7798,將捷,14.86,15.25,14.8,14.95,18,0,0,0,0,0.0,0.0,0.0
2026-05-08,7799,禾榮科,361.5,361.5,341.0,343.5,380,93,-35,0,2,4.04,95.95,100.0
2026-05-08,7801,華芸科技,171.06,171.5,162.5,166.0,120,0,0,0,0,0.0,0.0,0.0
2026-05-08,7803,雲象科技-創,30.59,31.3,30.25,31.2,243,0,0,0,0,0.0,0.0,0.0
2026-05-08,7805,威聯通,713.0,734.0,710.0,716.0,95,29,-5,0,4,9.09,90.9,100.0
2026-05-08,7806,精華生醫,72.68,73.0,68.7,70.9,21,0,1,0,0,0.0,0.0,0.0
2026-05-08,7808,訊聯智藥,40.04,41.0,39.35,40.15,58,0,0,0,0,0.0,0.0,0.0
2026-05-08,7810,捷創科技,217.5,221.0,210.0,212.0,124,24,10,0,0,0.74,99.25,100.0
2026-05-08,7811,民盛,80.5,81.5,80.5,81.2,41,0,8,0,-26,0.36,99.63,100.0
2026-05-08,7812,稜研科技*,86.64,90.5,79.9,83.7,310,0,-5,0,0,0.0,0.0,0.0
2026-05-08,7813,宇辰系統,161.18,159.5,147.0,150.0,170,0,0,0,0,0.0,0.0,0.0
2026-05-08,7814,海昌生技,41.4,42.95,41.4,42.4,133,0,0,0,0,0.0,0.0,0.0
2026-05-08,7815,新特,449.36,458.0,418.0,436.5,169,0,0,0,0,0.0,0.0,0.0
2026-05-08,7816,來穎,67.37,67.5,66.6,67.0,39,0,3,0,0,0.0,0.0,0.0
2026-05-08,7818,溢泰實業,104.02,102.5,99.5,101.0,76,0,-10,0,0,0.0,0.0,0.0
2026-05-08,7819,精誠金融,68.6,72.3,67.0,69.9,91,0,0,0,0,0.0,0.0,0.0
2026-05-08,7820,立盈,142.0,142.5,139.0,141.0,119,0,-3,0,0,0.05,99.94,100.0
2026-05-08,7821,神數,46.4,46.55,45.0,45.45,221,0,-19,0,-1,0.26,99.73,100.0
2026-05-08,7822,倍利科,1300.0,1300.0,1250.0,1260.0,242,0,-15,0,0,0.46,99.53,100.0
2026-05-08,7823,奧義賽博-KY創,90.6,90.6,88.0,89.9,32,0,0,0,0,25.73,74.26,100.0
2026-05-08,7824,智寶,43.61,45.3,43.5,45.3,18,0,0,0,0,0.0,0.0,0.0
2026-05-08,7825,和亞智慧,122.77,122.5,111.0,116.5,314,0,0,0,0,0.0,0.0,0.0
2026-05-08,7826,極風雲創,49.12,47.9,45.9,47.9,3,0,0,0,0,0.0,0.0,0.0
2026-05-08,7827,漢康-KY創,135.9,138.5,133.5,135.0,271,0,17,0,0,0.0,0.0,0.0
2026-05-08,7828,創新服務,1170.0,1205.0,1075.0,1115.0,586,0,63,0,1,21.84,78.15,100.0
2026-05-08,7829,思捷優達-KY,43.43,44.15,42.0,44.15,69,0,0,0,0,0.0,0.0,0.0
2026-05-08,7831,捷博,37.1,0.0,0.0,0.0,0,0,0,0,0,0.0,0.0,0.0
2026-05-08,7832,智新生技*,12.86,12.9,12.65,12.75,329,0,0,0,0,0.0,0.0,0.0
2026-05-08,7833,綠岩能源,29.23,30.05,28.6,29.9,20,0,6,0,0,0.0,0.0,0.0
2026-05-08,7834,來毅數位,19.76,20.0,19.5,20.0,7,0,0,0,0,0.0,0.0,0.0
2026-05-08,7836,智生活,52.59,52.7,51.8,52.0,25,0,0,0,0,0.0,0.0,0.0
2026-05-08,7837,啟新生,102.2,106.0,102.5,105.0,3,0,0,0,0,0.0,0.0,0.0
2026-05-08,7839,達人網,59.5,62.0,62.0,62.0,0,0,0,0,0,0.0,0.0,0.0
2026-05-08,7840,祥圃,36.8,38.4,36.8,38.4,8,0,0,0,0,0.0,0.0,0.0
2026-05-08,7841,經貿聯網,30.07,30.0,29.65,30.0,7,0,0,0,0,0.0,0.0,0.0
2026-05-08,7842,天能綠電,151.48,153.5,149.0,150.0,79,0,0,0,0,0.0,100.0,100.0
2026-05-08,7843,英柏得,123.96,127.0,114.0,123.0,326,0,0,0,0,0.0,0.0,0.0
2026-05-08,7846,德揚,93.68,94.1,90.7,91.8,25,0,0,0,0,0.0,0.0,0.0
2026-05-08,7847,豊漁,22.26,22.9,22.0,22.9,28,0,0,0,0,0.0,0.0,0.0
2026-05-08,7848,騏億鑫,476.05,481.0,465.5,470.0,40,0,0,0,0,0.0,0.0,0.0
2026-05-08,7849,旭誼,140.26,144.0,139.0,139.0,4,0,0,0,0,0.0,0.0,0.0
2026-05-08,7850,寶泰生醫,20.87,21.05,18.75,19.95,717,0,55,0,0,0.0,0.0,0.0
2026-05-08,7851,慧康生技*-KY,37.02,40.5,38.1,39.1,227,0,0,0,0,0.0,0.0,0.0
2026-05-08,7853,政美應用,348.69,345.0,319.0,323.0,1801,0,-12,0,0,0.0,0.0,0.0
2026-05-08,7854,佐茂,81.86,134.0,88.0,130.0,1821,0,2,0,0,0.0,0.0,0.0
2026-05-08,7855,和運租車,99.93,102.5,102.5,102.5,1,0,0,0,0,0.0,0.0,0.0
2026-05-08,7856,漢測,3236.58,3330.0,3200.0,3285.0,70,0,13,0,0,0.0,0.0,0.0
2026-05-08,7857,合水先進,52.91,53.0,50.5,52.9,35,0,0,0,0,0.0,0.0,0.0
2026-05-08,7858,芝普,232.0,251.0,230.5,243.0,187,0,0,0,0,0.0,0.0,0.0
2026-05-08,7860,得生製藥,61.4,61.4,58.4,61.4,0,0,0,0,0,0.0,0.0,0.0
2026-05-08,7861,貝爾威勒,893.41,900.0,871.0,899.0,87,0,0,0,0,0.0,0.0,0.0
2026-05-08,7862,聚泰,41.2,39.3,36.95,38.8,14,0,0,0,0,0.0,0.0,0.0
2026-05-08,7863,中科物流,45.6,0.0,0.0,0.0,0,0,0,0,0,0.0,0.0,0.0
2026-05-08,7865,金聯成,44.44,46.3,43.75,46.3,11,0,7,0,0,0.0,0.0,0.0
2026-05-08,7866,丹立,279.46,287.0,268.0,278.0,1058,0,-2,0,0,0.0,0.0,0.0
2026-05-08,7867,特力屋,55.16,55.4,55.0,55.2,9,0,0,0,0,0.0,0.0,0.0
2026-05-08,7868,聖育,91.36,110.5,91.0,106.0,625,0,-3,0,0,0.0,0.0,0.0
2026-05-08,7869,宏于電機,400.3,408.5,395.0,401.0,4,0,0,0,0,0.0,0.0,0.0
2026-05-08,7870,聯剛科技,170.91,171.0,167.0,168.0,16,0,0,0,0,0.0,0.0,0.0
2026-05-08,7871,安立璽榮-KY,70.0,71.9,69.4,70.5,845,0,0,0,0,0.0,0.0,0.0
2026-05-08,7872,登豐,65.18,64.9,60.0,62.9,285,0,0,0,0,0.0,0.0,0.0
2026-05-08,7875,安圖斯,144.07,142.0,134.5,137.0,8,0,0,0,0,0.0,0.0,0.0
2026-05-08,7876,鼎晉生技,38.42,38.75,36.45,37.3,672,0,0,0,0,0.0,0.0,0.0
2026-05-08,7877,海利普,40.22,40.15,40.15,40.15,13,0,0,0,0,0.0,0.0,0.0
2026-05-08,7878,藥祇,290.98,296.5,285.0,291.5,202,0,8,0,0,0.0,0.0,0.0
2026-05-08,7879,益材科技,129.77,131.5,117.0,122.5,615,0,0,0,0,0.0,0.0,0.0
2026-05-08,7880,聖凰,215.02,213.0,202.0,204.5,211,0,0,0,0,0.0,0.0,0.0
2026-05-08,7881,科明,106.66,105.5,99.6,99.6,17,0,0,0,0,0.0,0.0,0.0
2026-05-08,7882,倍利創投,22.52,23.0,21.85,22.7,198,0,0,0,0,0.0,0.0,0.0
2026-05-08,7883,饗賓,279.22,290.0,276.5,290.0,56,0,0,0,0,0.0,0.0,0.0
2026-05-08,7885,宏羚,22.39,23.45,23.45,23.45,4,0,0,0,0,0.0,0.0,0.0
2026-05-08,7886,科建,204.58,209.0,198.0,202.5,106,0,0,0,0,0.0,0.0,0.0
2026-05-08,7887,宇川精材,267.49,269.5,252.0,255.0,1513,0,3,0,0,0.0,0.0,0.0
2026-05-08,7888,麗寶新藥,39.61,40.5,39.05,40.0,37,0,0,0,0,0.0,0.0,0.0
2026-05-08,7889,騰勢,90.9,90.6,90.4,90.5,1,0,0,0,0,0.0,0.0,0.0
2026-05-08,7890,明曜科技,121.43,122.0,118.0,118.0,21,0,0,0,0,0.0,0.0,0.0
2026-05-08,7891,博研醫藥,22.68,22.6,22.35,22.35,15,0,0,0,0,0.0,0.0,0.0
2026-05-08,7892,元鈦科,960.12,951.0,872.0,898.0,406,0,0,0,0,0.0,0.0,0.0
2026-05-08,7893,睿信,220.69,224.5,208.5,212.5,157,0,0,0,0,0.0,0.0,0.0
2026-05-08,7895,元進莊,70.2,70.5,70.0,70.0,20,0,0,0,0,0.0,0.0,0.0
2026-05-08,7896,喬越,311.32,314.0,302.0,312.0,5,0,0,0,0,0.0,0.0,0.0
2026-05-08,7897,禾迅綠電,39.98,39.7,39.7,39.7,0,0,0,0,0,0.0,0.0,0.0
2026-05-08,7899,景美,590.01,602.0,580.0,594.0,350,0,0,0,0,0.0,0.0,0.0
2026-05-08,7901,大大寬頻,73.32,75.0,72.1,74.9,8,0,0,0,0,0.0,0.0,0.0
2026-05-08,7902,宇越生醫*,40.84,41.55,40.0,41.0,158,0,0,0,0,0.0,0.0,0.0
2026-05-08,7904,任開數位,24.35,0.0,0.0,0.0,0,0,0,0,0,0.0,0.0,0.0
2026-05-08,7907,錸恩帕斯,293.11,341.0,295.0,318.0,223,0,0,0,0,0.0,0.0,0.0
2026-05-08,7909,鈺祥,925.8,930.0,900.0,918.0,221,0,45,0,0,0.0,0.0,0.0
2026-05-08,7911,阿波羅電力,137.37,140.0,131.0,135.0,153,0,0,0,0,0.0,0.0,0.0
2026-05-08,7912,新聿科,454.91,535.0,456.0,518.0,783,0,2,0,0,0.0,0.0,0.0
2026-05-08,7915,廌家,706.26,730.0,675.0,729.0,59,0,0,0,0,0.0,0.0,0.0
2026-05-08,8011,台通,19.85,20.2,19.2,19.3,2091,1092,-261,0,2,2.73,97.26,100.0
2026-05-08,8016,矽創,271.0,279.5,262.0,273.0,7424,3555,-256,-3,-44,33.58,66.41,100.0
2026-05-08,8021,尖點,424.0,424.0,400.0,401.0,960,0,-144,-59,6,18.53,81.46,100.0
2026-05-08,8024,佑華,12.5,12.75,12.3,12.4,71,0,-4,0,0,2.35,97.64,100.0
2026-05-08,8027,鈦昇,206.0,212.0,195.0,203.0,3138,0,184,0,32,18.46,81.53,100.0
2026-05-08,8028,昇陽半導體,230.5,241.0,225.0,226.0,13241,7605,-962,0,38,21.03,78.96,100.0
2026-05-08,8032,光菱,41.9,41.95,40.4,41.05,96,13,6,0,-2,1.06,98.93,100.0
2026-05-08,8033,雷虎,152.5,164.0,152.5,159.0,12296,5018,2627,0,58,9.32,90.67,100.0
2026-05-08,8034,榮群,24.4,26.0,24.25,25.35,2572,950,321,0,0,10.11,89.88,100.0
2026-05-08,8038,長園科,44.6,45.6,43.6,44.4,525,0,-167,0,0,0.44,99.55,100.0
2026-05-08,8039,台虹,136.5,138.0,130.0,132.5,6335,3019,223,0,-204,13.91,86.08,100.0
2026-05-08,8040,九暘,80.0,84.7,77.5,77.8,3182,1580,-440,0,-12,1.86,98.13,100.0
2026-05-08,8042,金山電,85.0,93.5,84.0,84.1,26385,17827,4178,0,-209,16.03,83.96,100.0
2026-05-08,8043,蜜望實,96.5,100.0,89.4,89.8,18939,12426,226,0,-39,5.97,94.02,100.0
2026-05-08,8044,網家,22.9,23.0,22.45,23.0,336,85,1,0,0,6.06,93.93,100.0
2026-05-08,8045,達運光電,72.5,75.4,72.5,73.3,405,86,196,0,0,1.23,98.76,100.0
2026-05-08,8046,南電,942.0,942.0,853.0,854.0,20326,10013,-1460,-475,-132,11.24,88.75,100.0
2026-05-08,8047,星雲,54.7,54.9,53.9,54.0,84,0,29,0,0,0.77,99.22,100.0
2026-05-08,8048,德勝,62.2,63.3,60.5,62.0,384,114,-3,0,0,14.36,85.63,100.0
2026-05-08,8049,晶采,25.2,25.3,25.1,25.25,190,48,21,0,0,2.62,97.37,100.0
2026-05-08,8050,廣積,44.0,44.9,43.8,44.45,576,150,-53,0,0,3.32,96.67,100.0
2026-05-08,8054,安國,105.5,109.0,104.0,106.5,2601,1337,59,0,3,12.71,87.28,100.0
2026-05-08,8058,耐特,115.99,116.5,112.0,113.5,292,0,-1,0,0,0.0,0.0,0.0
2026-05-08,8059,凱碩,20.9,20.9,20.45,20.55,363,0,76,0,0,0.78,99.21,100.0
2026-05-08,8064,東捷,105.0,110.5,103.5,103.5,4151,0,-868,0,-38,12.46,87.53,100.0
2026-05-08,8066,來思達,17.1,17.1,16.8,16.8,90,7,-5,0,0,2.95,97.04,100.0
2026-05-08,8067,志旭,0.0,0.0,0.0,0.0,0,0,0,0,0,8.42,91.57,100.0
2026-05-08,8068,全達,23.75,24.55,23.25,23.25,609,180,102,0,0,10.08,89.91,100.0
2026-05-08,8069,元太,153.0,165.0,149.5,162.0,22979,9857,846,1,286,36.94,63.05,100.0
2026-05-08,8070,長華*,48.9,48.9,47.45,48.2,2884,913,-56,-14,-11,9.36,90.63,100.0
2026-05-08,8071,能率網通,17.15,17.4,16.65,16.75,277,42,46,0,0,4.74,95.25,100.0
2026-05-08,8072,陞泰,28.9,29.2,28.2,28.75,253,68,50,0,0,1.74,98.25,100.0
2026-05-08,8074,鉅橡,81.5,84.7,78.5,82.1,4988,2497,-639,0,21,7.93,92.06,100.0
2026-05-08,8076,伍豐,23.55,23.95,23.2,23.4,1131,215,92,0,15,5.89,94.1,100.0
2026-05-08,8077,洛碁,40.2,40.2,39.7,39.7,16,0,0,0,0,51.12,48.87,100.0
2026-05-08,8080,永利聯合,29.55,29.55,28.1,29.4,51,0,0,0,0,0.11,99.88,100.0
2026-05-08,8080,泰霖,29.55,29.55,28.1,29.4,51,0,0,0,0,0.11,99.88,100.0
2026-05-08,8081,致新,257.5,262.5,251.0,253.5,1507,427,-185,-259,0,21.28,78.71,100.0
2026-05-08,8083,瑞穎,176.0,177.0,172.0,174.0,100,37,-26,0,0,3.68,96.31,100.0
2026-05-08,8084,巨虹,45.4,45.9,44.6,45.35,89,0,2,0,0,1.17,98.82,100.0
2026-05-08,8085,福華,12.55,12.65,12.0,12.3,596,0,72,0,0,4.13,95.86,100.0
2026-05-08,8086,宏捷科,158.0,170.5,155.0,159.5,29598,18360,2905,0,270,30.99,69.0,100.0
2026-05-08,8087,華鎂鑫,32.85,34.95,32.8,33.0,52,5,-2,0,3,3.12,96.87,100.0
2026-05-08,8087,麗升能源,32.85,34.95,32.8,33.0,52,5,-2,0,3,3.12,96.87,100.0
2026-05-08,8088,品安,54.5,56.2,52.5,54.0,2988,1460,366,0,0,4.04,95.95,100.0
2026-05-08,8089,康全電訊,21.05,22.2,21.05,21.75,588,127,145,0,0,4.18,95.81,100.0
2026-05-08,8091,翔名,188.5,195.5,187.5,191.0,735,270,21,0,-33,12.23,87.76,100.0
2026-05-08,8092,建暐,18.35,18.35,17.6,18.05,142,0,6,0,0,0.53,99.46,100.0
2026-05-08,8093,保銳,19.0,20.0,19.0,19.6,24,0,0,0,0,0.07,99.92,100.0
2026-05-08,8096,擎亞,94.8,96.9,91.2,95.9,9180,5152,-75,0,26,24.02,75.97,100.0
2026-05-08,8097,常珵,51.6,53.1,51.6,52.6,112,11,16,0,0,2.24,97.75,100.0
2026-05-08,8098,慶康科技,375.85,382.5,357.0,372.5,59,0,0,0,0,0.0,0.0,0.0
2026-05-08,8099,大世科,62.5,62.5,61.3,61.3,30,2,-9,0,3,3.46,96.53,100.0
2026-05-08,8101,華冠,12.35,12.45,12.3,12.45,21,0,0,0,0,0.05,99.94,100.0
2026-05-08,8102,傑霖科技,68.0,71.3,67.2,71.2,72,0,-1,0,0,0.08,99.91,100.0
2026-05-08,8103,瀚荃,120.5,123.5,115.5,116.0,1597,611,-109,0,-68,25.69,74.3,100.0
2026-05-08,8104,錸寶,34.6,36.0,33.7,33.75,1030,416,-189,0,0,1.53,98.46,100.0
2026-05-08,8105,凌巨,13.85,14.3,13.45,13.55,2228,705,-234,0,1,40.54,59.45,100.0
2026-05-08,8107,大億金茂,12.25,12.25,12.0,12.05,241,18,-60,0,0,0.69,99.3,100.0
2026-05-08,8109,博大,121.0,122.0,117.5,119.5,288,78,-11,0,0,5.72,94.27,100.0
2026-05-08,8110,華東,50.9,51.9,47.4,48.55,13039,4742,-3048,0,-54,2.06,97.93,100.0
2026-05-08,8111,立碁,68.2,70.1,66.2,66.8,2685,943,-488,0,-21,12.39,87.6,100.0
2026-05-08,8112,至上,87.0,90.5,85.2,89.3,30008,13880,5489,-503,973,26.21,73.78,100.0
2026-05-08,8114,振樺電,188.0,198.5,188.0,198.5,3261,1079,366,0,46,13.0,86.91,100.0
2026-05-08,8119,公信,12.89,13.05,12.1,12.2,495,0,0,0,0,0.0,0.0,0.0
2026-05-08,8121,越峰,32.15,32.7,30.5,30.8,1588,0,50,0,0,1.7,98.29,100.0
2026-05-08,8131,福懋科,70.0,70.0,64.3,65.9,8615,2986,-949,0,-493,2.87,97.12,100.0
2026-05-08,8147,正淩,158.0,163.0,151.5,154.5,1175,387,257,0,37,15.43,84.56,100.0
2026-05-08,8150,南茂,100.5,103.0,88.3,92.7,101806,59180,-13308,0,360,49.18,50.81,100.0
2026-05-08,8155,博智,440.0,450.0,420.5,444.0,3314,1662,-154,245,25,11.77,88.22,100.0
2026-05-08,8162,微矽電子-創,56.1,58.9,53.9,54.7,898,340,24,0,7,1.29,98.7,100.0
2026-05-08,8163,達方,29.0,31.3,28.85,29.75,5398,2191,480,0,57,6.44,93.55,100.0
2026-05-08,8171,天宇,21.85,24.0,21.85,23.7,700,181,48,0,0,3.0,96.99,100.0
2026-05-08,8176,智捷,10.1,10.2,10.05,10.15,205,0,4,0,0,0.96,99.03,100.0
2026-05-08,8182,加高,42.8,44.9,39.0,39.5,4445,2252,-504,0,-21,51.64,48.35,100.0
2026-05-08,8183,精星,34.95,35.0,32.15,32.25,1647,335,-270,0,-6,3.58,96.41,100.0
2026-05-08,8201,無敵,12.65,12.7,12.55,12.7,36,0,3,0,0,0.74,99.25,100.0
2026-05-08,8210,勤誠,1345.0,1415.0,1335.0,1415.0,6155,2407,766,1044,-8,12.74,87.2,100.0
2026-05-08,8213,志超,38.0,38.5,37.45,38.0,1122,357,125,0,2,22.05,77.94,100.0
2026-05-08,8215,明基材,29.3,29.4,27.0,27.05,5631,1294,-1411,0,-25,2.14,97.85,100.0
2026-05-08,8222,寶一,37.7,39.0,37.2,37.95,736,332,31,0,0,3.07,96.92,100.0
2026-05-08,8227,巨有科技,220.0,224.0,211.0,219.0,7400,3405,291,0,139,5.65,94.34,100.0
2026-05-08,8234,新漢,72.6,74.3,69.8,70.5,1571,421,-48,0,-10,6.23,93.76,100.0
2026-05-08,8240,華宏,69.4,69.6,65.6,67.5,2053,628,-183,0,-6,7.0,92.99,100.0
2026-05-08,8249,菱光,50.5,50.5,49.2,49.65,515,136,-135,0,-1,1.69,98.3,100.0
2026-05-08,8255,朋程,146.0,149.0,141.5,145.5,714,218,177,0,-25,12.23,87.76,100.0
2026-05-08,8261,富鼎,126.5,127.5,120.5,126.0,4695,1426,-1079,0,-121,6.06,93.93,100.0
2026-05-08,8271,宇瞻,255.0,260.5,242.0,260.5,1857,0,-82,0,-13,17.84,82.15,100.0
2026-05-08,8272,全景軟體,71.0,76.1,71.0,76.1,93,0,50,0,0,0.49,99.5,100.0
2026-05-08,8277,商丞,7.3,7.5,7.0,7.1,186,0,-39,0,0,1.86,98.13,100.0
2026-05-08,8279,生展,99.7,103.0,99.1,99.1,59,9,3,0,0,5.53,94.46,100.0
2026-05-08,8284,三竹,64.9,64.9,64.1,64.2,16,1,-1,0,0,0.98,99.01,100.0
2026-05-08,8289,泰藝,52.3,54.3,48.0,48.8,8497,4597,-642,0,-5,4.18,95.81,100.0
2026-05-08,8291,尚茂,35.4,35.4,35.4,35.4,150,0,0,0,0,73.43,26.56,100.0
2026-05-08,8298,威睿,48.75,52.5,49.45,52.5,51,0,1,0,0,0.0,0.0,0.0
2026-05-08,8299,群聯,2355.0,2500.0,2230.0,2430.0,13334,7088,1070,297,-66,39.79,60.2,100.0
2026-05-08,8329,台視,10.39,10.6,10.15,10.5,38,0,0,0,0,0.0,0.0,0.0
2026-05-08,8341,日友,75.5,76.0,74.9,75.8,301,45,66,0,1,4.21,95.78,100.0
2026-05-08,8342,益張,0.0,0.0,0.0,0.0,0,0,0,0,0,0.17,99.82,100.0
2026-05-08,8345,超秦,56.34,56.2,55.0,55.2,48,0,0,0,0,0.0,0.0,0.0
2026-05-08,8349,恒耀,44.65,46.5,44.55,45.1,534,109,-96,0,0,1.31,98.68,100.0
2026-05-08,8354,冠好,15.5,15.5,15.25,15.3,18,1,-1,0,0,0.74,99.25,100.0
2026-05-08,8358,金居,473.0,487.5,436.5,454.5,29991,17327,1446,-3840,1104,36.2,63.79,100.0
2026-05-08,8359,錢櫃,64.51,65.8,64.3,65.0,80,0,0,0,0,0.0,0.0,0.0
2026-05-08,8367,建新國際,42.5,42.5,41.85,42.05,128,3,-2,0,0,1.63,98.36,100.0
2026-05-08,8374,羅昇,91.5,93.0,87.5,88.6,1167,609,9,0,0,2.41,97.58,100.0
2026-05-08,8383,千附,64.0,64.7,60.1,60.1,5282,1002,-2205,0,-118,14.69,85.3,100.0
2026-05-08,8390,金益鼎,94.8,95.0,92.9,94.1,756,146,165,0,12,17.15,82.84,100.0
2026-05-08,8401,白紗科,24.4,24.4,24.15,24.2,63,9,-2,0,0,0.23,99.76,100.0
2026-05-08,8403,盛弘,21.25,21.3,21.05,21.1,196,10,11,0,0,1.75,98.24,100.0
2026-05-08,8404,百和興業-KY,17.75,17.75,17.15,17.15,533,110,-205,0,-2,53.01,46.98,100.0
2026-05-08,8409,商之器,19.75,19.75,19.55,19.6,14,0,0,0,0,0.12,99.87,100.0
2026-05-08,8410,森田,36.45,36.9,36.3,36.55,24,4,2,0,5,0.8,99.19,100.0
2026-05-08,8411,福貞-KY,12.35,12.35,12.15,12.25,63,15,21,0,0,53.79,46.2,100.0
2026-05-08,8415,大國鋼,33.9,34.35,33.8,34.35,455,76,186,0,-73,6.22,93.77,100.0
2026-05-08,8416,實威,172.0,172.5,171.5,172.5,8,0,0,0,0,0.76,99.23,100.0
2026-05-08,8421,旭源,13.7,13.7,13.5,13.65,83,11,1,0,0,0.54,99.45,100.0
2026-05-08,8422,可寧衛,28.4,28.6,27.7,27.9,7641,2001,-824,-133,-13,4.54,95.45,100.0
2026-05-08,8422,可寧衛*,28.4,28.6,27.7,27.9,7641,2001,-824,-133,-13,4.54,95.45,100.0
2026-05-08,8423,保綠-KY,18.0,18.05,17.8,17.95,18,2,-2,0,0,24.81,75.18,100.0
2026-05-08,8424,惠普,74.2,74.2,73.4,74.1,41,3,2,0,0,0.51,99.48,100.0
2026-05-08,8426,紅木-KY,22.65,22.95,22.2,22.6,80,23,-1,0,0,67.52,32.47,100.0
2026-05-08,8429,金麗-KY,6.55,6.58,6.49,6.53,238,10,82,0,0,30.18,69.81,100.0
2026-05-08,8431,匯鑽科,63.0,63.0,60.3,60.7,833,192,-85,0,27,2.42,97.57,100.0
2026-05-08,8432,東生華,51.1,51.4,50.7,51.3,25,3,0,0,0,1.02,98.97,100.0
2026-05-08,8433,弘帆,54.0,54.2,53.5,54.2,101,18,17,0,0,1.42,98.57,100.0
2026-05-08,8435,鉅邁,56.3,56.4,56.0,56.0,21,0,-1,0,0,0.53,99.46,100.0
2026-05-08,8436,大江,122.0,123.0,120.0,122.0,523,148,-37,-15,1,14.62,85.36,100.0
2026-05-08,8437,大地-KY,11.7,12.0,11.65,11.9,50,2,5,0,0,24.11,75.88,100.0
2026-05-08,8438,昶昕,90.0,90.0,85.9,89.8,642,225,47,0,0,4.01,95.98,100.0
2026-05-08,8440,綠電,20.85,20.85,19.9,20.2,336,74,90,0,0,1.47,98.52,100.0
2026-05-08,8442,威宏-KY,50.8,50.8,50.1,50.4,46,2,-6,0,0,57.99,42.0,100.0
2026-05-08,8443,阿瘦,11.55,11.8,11.55,11.8,35,0,5,0,0,3.83,96.16,100.0
2026-05-08,8444,綠河-KY,6.5,6.7,6.5,6.7,18,0,-10,0,0,58.57,41.42,100.0
2026-05-08,8446,華研,85.6,85.6,83.7,83.7,207,14,25,0,0,4.9,95.09,100.0
2026-05-08,8450,霹靂,16.3,16.3,15.9,16.0,85,0,0,0,0,0.62,49.36,49.99
2026-05-08,8454,富邦媒,191.0,198.0,190.0,196.0,1665,441,325,161,0,13.12,86.87,100.0
2026-05-08,8455,大拓-KY,25.55,26.5,24.0,26.0,35,0,0,0,0,87.8,12.19,100.0
2026-05-08,8458,影一,15.66,16.1,15.45,16.1,2,0,0,0,0,0.0,0.0,0.0
2026-05-08,8462,柏文,147.0,149.5,147.0,148.0,100,14,11,0,0,4.16,95.83,100.0
2026-05-08,8463,潤泰材,22.45,22.45,22.0,22.2,83,15,-20,0,-5,0.45,99.54,100.0
2026-05-08,8464,億豐,333.0,346.5,326.5,343.0,1130,331,-5,-2,16,41.7,58.29,100.0
2026-05-08,8466,美吉吉-KY,15.7,15.7,15.35,15.55,46,16,11,0,0,50.38,49.61,100.0
2026-05-08,8467,波力-KY,129.0,130.5,127.5,130.5,65,21,21,0,0,46.52,53.47,100.0
2026-05-08,8472,夠麻吉,70.0,72.0,68.6,68.6,13,4,2,0,0,1.29,98.7,100.0
2026-05-08,8473,山林水,35.7,35.7,34.15,34.6,905,149,-10,0,4,1.66,98.33,100.0
2026-05-08,8476,台境,17.35,17.4,16.95,17.15,529,81,22,0,0,1.28,98.71,100.0
2026-05-08,8476,台境*,17.35,17.4,16.95,17.15,529,81,22,0,0,1.28,98.71,100.0
2026-05-08,8477,創業家,13.6,13.8,13.6,13.65,23,0,0,0,0,0.18,99.81,100.0
2026-05-08,8478,東哥遊艇,168.0,169.5,166.5,169.0,107,35,0,0,0,40.21,59.78,100.0
2026-05-08,8481,政伸,40.85,41.45,40.5,40.9,21,2,3,0,1,0.38,99.61,100.0
2026-05-08,8482,商億-KY,50.0,50.0,50.0,50.0,2,0,2,0,0,91.74,8.25,100.0
2026-05-08,8487,愛爾達-創,78.5,78.7,76.4,78.7,105,15,0,0,0,0.97,49.01,49.99
2026-05-08,8488,吉源-KY,10.1,10.1,10.1,10.1,2,0,2,0,0,69.86,30.13,100.0
2026-05-08,8489,三貝德,25.0,25.0,24.6,24.8,59,4,-2,0,0,3.68,96.31,100.0
2026-05-08,8499,鼎炫-KY,285.0,295.0,275.0,282.0,327,118,-29,0,-1,71.75,28.24,100.0
2026-05-08,8905,裕國,39.45,39.45,36.4,36.6,32,7,0,0,0,0.48,99.51,100.0
2026-05-08,8906,花王,25.6,26.15,25.3,25.5,73,2,-19,0,0,0.46,99.53,100.0
2026-05-08,8908,欣雄,39.1,39.2,38.8,39.2,68,1,-13,0,0,0.27,99.72,100.0
2026-05-08,8916,光隆,47.05,47.7,46.75,47.7,180,19,-37,0,0,3.08,96.91,100.0
2026-05-08,8917,欣泰,53.3,54.3,53.3,53.6,18,7,0,0,-1,1.35,98.64,100.0
2026-05-08,8921,沈氏,18.0,18.05,18.0,18.05,4,0,0,0,0,0.18,99.81,100.0
2026-05-08,8923,時報,19.1,19.1,19.1,19.1,4,0,0,0,0,4.14,95.85,100.0
2026-05-08,8924,大田,63.8,63.9,63.3,63.7,231,5,-53,0,-22,2.75,97.24,100.0
2026-05-08,8926,台汽電,48.0,49.2,47.8,49.1,6852,1365,1883,0,0,10.12,89.87,100.0
2026-05-08,8927,北基,20.7,20.8,20.3,20.3,253,37,-22,0,0,0.62,99.37,100.0
2026-05-08,8928,鉅明,21.1,21.35,21.05,21.3,19,2,1,0,0,0.34,99.65,100.0
2026-05-08,8929,富堡,14.45,14.65,14.45,14.6,17,0,0,0,0,0.48,99.51,100.0
2026-05-08,8930,青鋼,29.7,29.7,29.3,29.45,44,0,-3,0,0,2.8,97.19,100.0
2026-05-08,8931,大汽電,41.75,41.75,41.35,41.6,50,6,0,0,0,0.29,99.7,100.0
2026-05-08,8932,智通*,91.6,94.3,89.5,92.5,2169,709,-534,0,12,28.5,71.49,100.0
2026-05-08,8933,愛地雅,5.86,5.93,5.86,5.88,233,0,26,0,0,0.93,99.06,100.0
2026-05-08,8935,邦泰,18.9,18.9,18.25,18.5,259,0,-50,0,0,1.01,98.98,100.0
2026-05-08,8936,國統,53.0,53.7,52.0,52.0,3169,648,-325,-14,2,10.99,89.0,100.0
2026-05-08,8937,合騏*,34.05,35.0,33.4,34.15,679,90,-74,0,-15,5.56,94.43,100.0
2026-05-08,8938,明安,55.9,56.5,55.3,56.0,372,34,-81,0,2,8.18,91.81,100.0
2026-05-08,8940,新天地,19.0,19.0,17.7,18.3,231,76,-29,0,2,8.4,91.59,100.0
2026-05-08,8941,關中,44.2,44.2,43.7,44.2,6,0,0,0,0,0.18,99.81,100.0
2026-05-08,8942,森鉅,45.3,46.2,43.8,44.2,789,198,22,0,0,13.66,86.33,100.0
2026-05-08,8996,高力,1055.0,1065.0,1000.0,1015.0,3937,1422,754,-22,36,34.69,65.3,100.0
2026-05-08,8999,台灣積層,36.7,36.7,36.7,36.7,1,0,0,0,0,0.0,0.0,0.0
2026-05-08,9103,美德醫療-DR,4.75,4.9,4.72,4.86,2197,574,-571,0,0,0.99,99.0,100.0
2026-05-08,9105,泰金寶-DR,5.72,5.81,5.6,5.68,19225,7374,-3317,0,-93,1.34,98.65,100.0
2026-05-08,9110,越南控-DR,2.95,2.95,2.81,2.92,154,0,0,0,0,0.04,99.95,100.0
2026-05-08,9136,巨騰-DR,0.0,0.0,0.0,0.0,0,0,0,0,0,3.39,96.6,100.0
2026-05-08,9802,鈺齊-KY,80.9,80.9,79.3,80.4,829,275,-193,184,0,41.91,58.08,100.0
2026-05-08,9902,台火,14.6,14.95,13.9,13.9,355,38,9,0,-3,1.69,98.3,100.0
2026-05-08,9904,寶成,26.2,26.2,25.75,25.9,11645,2551,-3898,-1462,-105,39.06,60.93,100.0
2026-05-08,9905,大華,21.45,21.5,21.2,21.3,96,3,52,0,0,2.24,97.75,100.0
2026-05-08,9906,欣巴巴,37.0,37.5,36.2,36.2,122,31,-39,0,0,1.3,98.69,100.0
2026-05-08,9907,統一實,17.25,17.25,17.0,17.1,3918,453,-1715,-21,-9,15.72,84.27,100.0
2026-05-08,9908,大台北,29.6,29.6,29.4,29.45,268,45,6,0,0,1.32,98.67,100.0
2026-05-08,9910,豐泰,71.0,74.4,70.7,73.8,3581,1043,-217,573,-25,9.2,90.79,100.0
2026-05-08,9911,櫻花,83.6,83.7,83.0,83.2,264,48,1,0,2,18.56,81.43,100.0
2026-05-08,9912,偉聯,12.45,12.7,12.45,12.65,34,0,0,0,0,15.8,84.19,100.0
2026-05-08,9914,美利達,56.2,57.7,55.6,55.7,1574,490,-309,0,-3,21.66,78.33,100.0
2026-05-08,9917,中保科,114.0,114.0,113.0,114.0,299,85,32,63,-1,39.87,60.12,100.0
2026-05-08,9918,欣天然,43.6,43.8,42.8,42.8,148,46,-42,0,0,2.57,97.42,100.0
2026-05-08,9919,康那香,14.55,15.1,14.55,14.55,1768,760,-375,0,-2,4.35,95.64,100.0
2026-05-08,9921,巨大,68.1,68.3,66.0,66.0,1770,331,-880,0,-19,26.9,73.09,100.0
2026-05-08,9924,福興,43.5,43.65,43.25,43.3,95,7,32,0,0,10.94,89.05,100.0
2026-05-08,9925,新保,40.6,40.6,40.4,40.4,130,16,1,0,0,17.61,82.38,100.0
2026-05-08,9926,新海,49.55,49.55,49.15,49.35,68,0,5,0,0,0.45,99.54,100.0
2026-05-08,9927,泰銘,69.7,69.7,68.7,69.2,105,12,19,0,0,6.71,93.28,100.0
2026-05-08,9928,中視,17.65,17.7,17.55,17.65,20,0,0,0,0,0.0,0.0,0.0
2026-05-08,9929,秋雨,13.0,13.0,11.55,12.45,79,0,22,0,0,0.47,99.52,100.0
2026-05-08,9930,中聯資源,70.7,70.7,69.9,70.0,70,18,19,0,1,2.04,97.95,100.0
2026-05-08,9931,欣高,34.5,34.6,34.25,34.6,82,7,7,0,0,0.8,99.19,100.0
2026-05-08,9933,中鼎,37.9,38.4,36.75,36.8,7089,2880,-805,0,-65,15.6,84.39,100.0
2026-05-08,9934,成霖,9.15,9.28,9.1,9.27,808,237,202,0,-3,12.79,87.2,100.0
2026-05-08,9935,慶豐富,18.3,18.3,18.05,18.25,197,30,-5,0,0,5.47,94.52,100.0
2026-05-08,9937,全國,56.8,57.2,56.8,57.1,47,4,39,0,1,1.73,98.26,100.0
2026-05-08,9938,百和,45.5,45.5,44.75,44.8,2090,374,-618,278,0,10.65,89.34,100.0
2026-05-08,9939,宏全,111.5,112.0,109.5,111.5,1452,289,-766,-57,1,13.3,86.69,100.0
2026-05-08,9940,信義,19.6,19.75,19.55,19.6,741,42,214,0,-16,3.79,96.2,100.0
2026-05-08,9941,裕融,76.1,76.2,74.8,75.7,3108,645,-1205,434,-1,7.23,92.76,100.0
2026-05-08,9942,茂順,120.5,122.0,120.0,121.5,209,6,115,0,0,4.47,95.52,100.0
2026-05-08,9943,好樂迪,57.3,57.3,56.0,56.5,61,9,-5,0,1,1.2,98.79,100.0
2026-05-08,9944,新麗,16.35,16.5,16.3,16.5,124,3,6,0,0,1.07,98.92,100.0
2026-05-08,9945,潤泰新,23.6,23.7,23.4,23.4,4918,937,-654,0,5,8.6,91.39,100.0
2026-05-08,9946,三發地產,15.95,16.15,15.85,16.15,500,124,-44,0,-3,2.4,97.59,100.0
2026-05-08,9949,琉園,26.8,26.8,24.4,24.5,64,0,-2,0,0,2.61,97.38,100.0
2026-05-08,9950,萬國通,10.4,10.6,10.4,10.55,39,0,2,0,0,0.05,99.94,100.0
2026-05-08,9951,皇田,55.2,55.3,54.5,54.8,204,9,30,0,0,5.14,94.85,100.0
2026-05-08,9955,佳龍,30.25,30.25,29.75,29.85,305,43,-68,0,0,5.06,94.93,100.0
2026-05-08,9957,燁聯,6.48,6.52,6.4,6.48,714,0,0,0,0,0.0,0.0,0.0
2026-05-08,9958,世紀鋼,106.5,107.0,102.5,103.0,1370,357,-546,0,-15,12.87,87.12,100.0
2026-05-08,9960,邁達康,34.5,34.7,34.35,34.5,139,11,2,0,-13,8.94,91.05,100.0
2026-05-08,9962,有益,9.68,9.68,9.41,9.42,33,3,0,0,0,0.32,99.67,100.0
