date,stock_id,stock_name,open,high,low,close,volume,foreign_buy,trust_buy,dealer_buy,foreign_hold_ratio,foreign_remain_ratio,foreign_limit_ratio
2026-05-12,0050,元大台灣50,96.85,97.35,95.5,96.85,102303,-12502,0,-3421,3.31,96.68,100.0
2026-05-12,0051,元大中型100,135.55,136.95,134.25,134.6,101,0,0,-29,0.45,99.54,100.0
2026-05-12,0052,富邦科技,57.05,57.4,56.1,56.9,42873,88,0,4037,1.98,98.01,100.0
2026-05-12,0053,元大電子,224.4,225.7,221.35,224.9,55,0,0,36,0.74,99.25,100.0
2026-05-12,0055,元大MSCI金融,34.0,34.13,33.45,33.45,511,-168,0,-38,0.69,99.3,100.0
2026-05-12,0056,元大高股息,45.79,45.95,45.24,45.58,71013,-1001,-200,34432,1.02,98.97,100.0
2026-05-12,0057,富邦摩台,287.25,289.15,285.75,288.85,49,0,0,0,5.12,94.87,100.0
2026-05-12,0061,元大寶滬深,25.28,25.37,25.2,25.3,323,83,0,13,4.48,95.51,100.0
2026-05-12,1101,台泥,25.45,25.5,24.85,24.95,28275,-11364,-18,-486,16.31,83.68,100.0
2026-05-12,1102,亞泥,34.75,34.9,34.6,34.6,7762,-695,-841,-465,16.28,83.71,100.0
2026-05-12,1103,嘉泥,13.45,13.45,13.25,13.3,341,-187,0,-13,4.52,95.47,100.0
2026-05-12,1104,環泥,28.2,28.55,28.05,28.2,986,-178,0,-16,15.73,84.26,100.0
2026-05-12,1108,幸福,14.55,14.55,14.15,14.2,1201,-237,0,0,1.3,98.69,100.0
2026-05-12,1109,信大,15.4,15.4,15.3,15.3,72,-20,0,-7,2.38,97.61,100.0
2026-05-12,1110,東泥,15.3,15.3,14.7,15.0,136,-48,0,-8,5.89,94.1,100.0
2026-05-12,1201,味全,12.3,12.3,12.15,12.15,382,-55,0,-13,5.09,94.9,100.0
2026-05-12,1203,味王,42.95,43.3,42.6,42.9,46,1,0,-1,1.72,98.27,100.0
2026-05-12,1210,大成,52.3,52.6,52.0,52.1,2474,-398,-116,-23,11.89,88.1,100.0
2026-05-12,1213,大飲,8.62,8.77,8.4,8.7,30,0,0,0,0.01,99.98,100.0
2026-05-12,1215,卜蜂,133.5,135.5,132.0,135.0,1193,-481,-2,4,35.93,64.06,100.0
2026-05-12,1216,統一,73.9,74.7,73.1,73.1,15905,3691,-1014,-706,32.34,67.65,100.0
2026-05-12,1217,愛之味,9.7,9.76,9.65,9.67,803,-82,0,-13,7.59,92.4,100.0
2026-05-12,1218,泰山,19.1,19.1,18.85,18.9,873,-254,0,-26,4.11,95.88,100.0
2026-05-12,1219,福壽,13.35,13.35,13.2,13.2,549,-284,0,-7,5.64,94.35,100.0
2026-05-12,1220,台榮,12.35,12.35,12.25,12.3,95,-27,0,0,7.19,92.8,100.0
2026-05-12,1225,福懋油,32.0,32.1,31.4,31.55,251,-107,0,0,1.38,98.61,100.0
2026-05-12,1227,佳格,28.95,29.1,28.75,28.8,1196,-214,11,-37,5.69,94.3,100.0
2026-05-12,1229,聯華,41.2,41.2,40.35,40.5,4754,-1395,0,-34,9.16,90.83,100.0
2026-05-12,1231,聯華食,87.0,87.0,85.9,86.3,286,-30,0,-7,2.74,97.25,100.0
2026-05-12,1232,大統益,148.0,148.0,147.5,147.5,79,-32,0,-4,2.63,97.36,100.0
2026-05-12,1233,天仁,28.55,28.9,28.55,28.65,29,-14,0,-2,5.61,94.38,100.0
2026-05-12,1234,黑松,35.05,35.05,34.85,34.9,192,-60,0,-1,4.82,95.17,100.0
2026-05-12,1235,興泰,44.2,44.5,44.2,44.3,3,0,0,-1,0.26,99.73,100.0
2026-05-12,1236,宏亞,26.75,26.75,25.15,25.15,124,-24,0,3,0.47,99.52,100.0
2026-05-12,1240,茂生農經,58.9,59.9,57.0,57.7,106,-3,0,1,3.67,96.32,100.0
2026-05-12,1256,鮮活果汁-KY,193.0,193.0,186.5,186.5,327,68,0,-1,4.81,95.18,100.0
2026-05-12,1259,安心,57.5,59.5,56.9,59.5,21,1,0,0,26.11,73.88,100.0
2026-05-12,1260,富味鄉,24.27,24.9,23.9,24.9,76,0,0,0,0.0,0.0,0.0
2026-05-12,1264,德麥,271.0,273.0,271.0,273.0,22,4,0,0,1.63,98.36,100.0
2026-05-12,1268,漢來美食,160.0,160.0,158.5,159.5,38,-5,0,0,1.55,98.44,100.0
2026-05-12,1269,乾杯,70.37,72.1,70.0,72.1,4,-1,0,0,0.0,0.0,0.0
2026-05-12,1271,晨暉生技,71.09,71.0,67.0,67.3,252,-8,0,0,0.0,0.0,0.0
2026-05-12,1293,利統,26.86,28.1,26.9,28.0,6,1,0,0,0.0,0.0,0.0
2026-05-12,1294,漢田生技,78.5,80.2,78.4,79.4,24,-4,0,0,0.67,99.32,100.0
2026-05-12,1295,生合,53.4,53.4,50.8,51.0,210,0,0,0,1.87,98.12,100.0
2026-05-12,1301,台塑,49.55,49.55,47.6,47.65,25928,-14874,-46,-488,30.8,69.19,100.0
2026-05-12,1303,南亞,92.4,92.9,88.5,89.1,63621,-9120,-456,-1772,33.26,66.73,100.0
2026-05-12,1304,台聚,13.0,13.1,12.75,12.75,3603,-244,0,-83,27.98,72.01,100.0
2026-05-12,1305,華夏,13.2,13.35,12.95,13.0,2699,193,0,-49,4.15,95.84,100.0
2026-05-12,1307,三芳,32.65,32.75,32.3,32.3,1094,144,-24,-28,6.21,93.78,100.0
2026-05-12,1308,亞聚,13.6,13.65,13.4,13.45,1790,191,0,-41,3.87,96.12,100.0
2026-05-12,1309,台達化,16.75,16.9,16.45,16.65,3956,748,0,-29,2.89,97.1,100.0
2026-05-12,1310,台苯,8.67,8.71,8.52,8.52,2618,-224,0,-5,4.84,95.15,100.0
2026-05-12,1312,國喬,11.9,11.9,11.5,11.5,4919,-1784,0,-74,4.48,95.51,100.0
2026-05-12,1313,聯成,11.25,11.3,11.05,11.2,2027,688,0,-18,5.97,94.02,100.0
2026-05-12,1314,中石化,7.09,7.13,7.01,7.08,16856,4082,0,-97,8.71,91.28,100.0
2026-05-12,1315,達新,61.8,62.0,61.5,61.5,21,-8,0,0,1.3,98.69,100.0
2026-05-12,1316,上曜,11.65,11.8,11.25,11.45,2250,-895,0,-21,4.32,95.67,100.0
2026-05-12,1319,東陽,80.8,80.8,79.1,80.0,3530,-1519,-13,-65,7.62,92.37,100.0
2026-05-12,1321,大洋,29.6,29.65,29.15,29.45,220,-35,0,-6,6.79,93.2,100.0
2026-05-12,1323,永裕,19.6,19.75,19.3,19.45,142,-30,0,-1,1.46,98.53,100.0
2026-05-12,1324,地球,10.3,10.3,10.2,10.2,61,-11,0,0,0.78,99.21,100.0
2026-05-12,1325,恆大,28.1,28.1,27.05,27.05,296,-88,0,0,1.27,98.72,100.0
2026-05-12,1326,台化,48.1,48.2,46.7,47.05,13453,611,0,-200,37.27,62.72,100.0
2026-05-12,1336,台翰,13.8,14.3,13.8,13.8,163,11,0,0,4.43,95.56,100.0
2026-05-12,1337,再生-KY,4.9,5.09,4.9,5.0,572,54,0,0,25.76,74.23,100.0
2026-05-12,1338,廣華-KY,16.75,16.75,16.3,16.45,173,5,0,-5,6.24,93.75,100.0
2026-05-12,1339,昭輝,41.0,41.0,39.65,40.0,383,-20,0,0,0.97,99.02,100.0
2026-05-12,1340,勝悅-KY,5.5,5.52,5.46,5.47,141,-26,0,2,26.64,73.35,100.0
2026-05-12,1341,富林-KY,61.0,61.1,60.9,60.9,11,1,0,0,79.88,20.11,100.0
2026-05-12,1342,八貫,95.6,95.6,94.4,95.0,215,24,0,-8,29.96,70.03,100.0
2026-05-12,1343,旭東環保,20.79,21.0,20.5,21.0,37,0,0,0,0.0,0.0,0.0
2026-05-12,1402,遠東新,26.35,26.85,26.35,26.65,26015,13866,-3,-128,18.06,81.93,100.0
2026-05-12,1409,新纖,17.3,17.35,16.7,16.85,7369,-2303,0,-202,12.99,87.0,100.0
2026-05-12,1410,南染,27.7,27.9,26.75,26.8,138,-10,0,0,18.89,81.1,100.0
2026-05-12,1413,宏洲,9.63,9.63,9.31,9.45,65,-3,0,0,0.4,99.59,100.0
2026-05-12,1414,東和,16.4,16.4,15.85,15.9,228,-82,0,-1,1.15,98.84,100.0
2026-05-12,1416,廣豐,11.3,11.35,11.2,11.2,153,-22,0,0,6.07,93.92,100.0
2026-05-12,1417,嘉裕,8.67,8.87,8.35,8.55,228,-12,0,-12,1.0,98.99,100.0
2026-05-12,1418,東華,18.6,18.7,18.1,18.4,25,1,0,0,0.94,99.05,100.0
2026-05-12,1419,新紡,64.2,64.2,62.0,62.5,107,-51,0,-5,1.19,98.8,100.0
2026-05-12,1423,利華,40.0,41.15,39.55,40.2,78,-12,0,1,1.55,98.44,100.0
2026-05-12,1432,大魯閣,16.75,16.8,16.6,16.7,226,-63,0,0,0.36,99.63,100.0
2026-05-12,1434,福懋,16.1,16.1,15.55,15.7,2983,-1387,19,-41,7.48,92.51,100.0
2026-05-12,1436,華友聯,48.65,48.65,47.9,48.35,364,51,0,-2,4.69,95.3,100.0
2026-05-12,1437,勤益控,28.65,28.65,28.55,28.65,146,-71,0,0,8.0,91.99,100.0
2026-05-12,1438,三地開發,21.7,21.9,21.15,21.25,69,-33,0,0,0.44,99.55,100.0
2026-05-12,1439,雋揚,26.75,26.75,26.3,26.5,13,-3,0,0,0.43,99.56,100.0
2026-05-12,1440,南紡,12.2,12.2,11.9,12.05,2707,-839,0,-38,7.55,92.44,100.0
2026-05-12,1441,大東,9.97,9.99,9.86,9.86,33,-2,0,0,1.34,98.65,100.0
2026-05-12,1442,名軒,26.95,27.1,26.4,26.95,455,-144,0,-1,8.87,91.12,100.0
2026-05-12,1443,立益,27.7,27.7,27.05,27.1,19,-13,0,-2,0.31,99.68,100.0
2026-05-12,1443,立益物流,27.7,27.7,27.05,27.1,19,-13,0,-2,0.31,99.68,100.0
2026-05-12,1444,力麗,5.96,5.99,5.92,5.93,934,104,0,-20,5.19,94.8,100.0
2026-05-12,1445,大宇,12.5,12.5,12.1,12.2,109,9,0,-7,2.93,97.06,100.0
2026-05-12,1446,宏和,15.6,15.6,15.45,15.55,307,-30,0,2,6.14,93.85,100.0
2026-05-12,1447,力鵬,4.96,5.0,4.91,4.93,1029,-399,0,0,3.26,96.73,100.0
2026-05-12,1449,佳和,14.45,14.5,13.6,13.75,4494,-425,0,4,6.3,93.69,100.0
2026-05-12,1451,年興,16.85,16.95,16.7,16.85,172,-32,0,-7,5.38,94.61,100.0
2026-05-12,1452,宏益,11.1,11.1,11.05,11.05,74,-6,0,-1,1.95,98.04,100.0
2026-05-12,1453,大將,11.6,11.8,11.5,11.55,58,-11,0,2,0.56,99.43,100.0
2026-05-12,1454,台富,13.5,13.85,13.5,13.7,105,-10,0,0,0.44,99.55,100.0
2026-05-12,1455,集盛,8.15,8.21,8.08,8.1,679,35,0,-5,2.36,97.63,100.0
2026-05-12,1456,怡華,14.85,15.1,14.1,14.1,114,-29,0,2,0.48,99.51,100.0
2026-05-12,1457,宜進,14.4,14.4,14.25,14.3,175,-7,0,-7,1.76,98.23,100.0
2026-05-12,1459,聯發,12.05,12.05,11.9,11.9,444,-14,0,0,1.7,98.29,100.0
2026-05-12,1460,宏遠,7.18,7.18,6.9,7.02,732,-360,0,0,2.03,97.96,100.0
2026-05-12,1463,強盛新,18.05,18.25,17.95,18.1,91,17,0,0,11.5,88.49,100.0
2026-05-12,1464,得力,10.15,10.4,10.15,10.35,558,110,0,-10,1.79,98.2,100.0
2026-05-12,1465,偉全,12.1,12.2,12.0,12.05,93,-5,0,1,0.47,99.52,100.0
2026-05-12,1466,聚隆,15.9,15.95,15.25,15.25,243,-57,0,8,0.51,99.48,100.0
2026-05-12,1467,南緯,7.23,7.23,7.09,7.13,173,-12,0,1,19.21,80.78,100.0
2026-05-12,1468,昶和,12.4,12.55,12.3,12.5,51,-6,0,0,2.06,97.93,100.0
2026-05-12,1470,大統新創,21.65,22.4,21.65,22.3,45,-6,0,0,0.27,99.72,100.0
2026-05-12,1471,首利,11.0,11.2,10.75,10.85,535,78,0,2,0.88,99.11,100.0
2026-05-12,1472,三洋實業,89.1,90.8,88.8,89.2,21,-5,0,0,0.84,99.15,100.0
2026-05-12,1473,台南,20.8,20.8,20.5,20.65,78,-3,0,0,5.32,94.67,100.0
2026-05-12,1474,弘裕,10.05,10.05,9.92,9.97,60,-9,0,-7,0.61,99.38,100.0
2026-05-12,1475,業旺,27.95,27.95,27.35,27.35,28,-16,0,0,0.47,99.52,100.0
2026-05-12,1476,儒鴻,345.5,349.5,340.5,344.5,1072,-174,-156,-10,30.41,69.58,100.0
2026-05-12,1477,聚陽,218.5,230.5,216.5,228.5,4892,-1783,-51,-23,15.44,84.55,100.0
2026-05-12,1480,東盟開發,9.45,9.15,9.15,9.15,7,0,0,0,0.0,0.0,0.0
2026-05-12,1503,士電,208.0,208.0,201.0,204.5,3464,-161,-1,97,31.29,68.7,100.0
2026-05-12,1504,東元,73.1,73.8,71.6,72.5,12274,-60,-6,-238,11.64,88.35,100.0
2026-05-12,1506,正道,10.7,10.7,10.6,10.65,62,-18,0,-5,0.55,99.44,100.0
2026-05-12,1512,瑞利,7.21,7.21,7.1,7.13,176,6,0,-3,5.43,94.56,100.0
2026-05-12,1513,中興電,159.5,159.5,156.0,157.0,4903,-243,-15,-42,13.89,86.1,100.0
2026-05-12,1514,亞力,126.5,126.5,123.0,123.5,5599,-373,0,-101,16.56,83.43,100.0
2026-05-12,1515,力山,24.1,24.1,22.75,23.0,1460,-387,0,-19,4.16,95.83,100.0
2026-05-12,1516,川飛,21.0,21.65,21.0,21.6,78,-10,0,0,6.02,93.97,100.0
2026-05-12,1517,利奇,10.2,10.2,10.05,10.05,223,9,0,-1,2.41,97.58,100.0
2026-05-12,1519,華城,921.0,942.0,906.0,914.0,5651,82,-1,95,21.41,78.58,100.0
2026-05-12,1521,大億,25.8,25.8,25.3,25.3,46,-9,0,-2,33.03,66.96,100.0
2026-05-12,1522,堤維西,32.0,32.0,31.05,31.4,1252,-547,-4,-12,3.16,96.83,100.0
2026-05-12,1524,耿鼎,29.55,29.7,29.15,29.15,633,-5,0,-1,1.42,98.57,100.0
2026-05-12,1525,江申,62.4,62.4,60.7,60.9,17,-5,0,0,0.32,99.67,100.0
2026-05-12,1526,日馳,15.65,15.65,15.35,15.4,185,-42,0,0,2.38,97.61,100.0
2026-05-12,1527,鑽全,32.6,32.6,32.25,32.4,303,-59,0,-3,9.95,90.04,100.0
2026-05-12,1528,恩德,26.5,26.8,25.7,26.45,4742,-22,-10,-4,4.26,95.73,100.0
2026-05-12,1529,樂事綠能,22.85,22.85,22.1,22.2,691,89,0,0,1.26,98.73,100.0
2026-05-12,1530,亞崴,26.6,26.6,26.35,26.6,54,-7,0,0,0.69,99.3,100.0
2026-05-12,1531,高林股,12.75,12.8,12.45,12.6,277,-2,0,9,1.4,98.59,100.0
2026-05-12,1532,勤美,20.6,20.6,20.4,20.4,878,-249,-4,-9,7.38,92.61,100.0
2026-05-12,1533,車王電,34.95,34.95,33.5,33.9,280,-12,0,4,6.11,93.88,100.0
2026-05-12,1535,中宇,50.1,50.1,49.3,49.5,148,-71,0,5,1.12,98.87,100.0
2026-05-12,1536,和大,54.8,54.8,52.1,53.5,3385,-953,0,-116,7.33,92.66,100.0
2026-05-12,1537,廣隆,125.5,125.5,124.5,125.0,104,-14,0,-1,15.42,84.57,100.0
2026-05-12,1538,正峰,12.0,12.4,12.0,12.15,11,-3,0,0,0.05,99.94,100.0
2026-05-12,1539,巨庭,15.7,15.7,15.55,15.65,72,-4,0,-3,0.88,99.11,100.0
2026-05-12,1540,喬福,20.75,20.9,20.6,20.8,229,25,0,2,2.04,97.95,100.0
2026-05-12,1541,錩泰,23.25,23.25,22.2,22.2,70,-13,0,0,9.79,90.2,100.0
2026-05-12,1558,伸興,92.0,92.0,91.0,91.2,56,-9,0,0,6.68,93.31,100.0
2026-05-12,1560,中砂,646.0,683.0,645.0,668.0,5738,88,98,14,40.15,59.84,100.0
2026-05-12,1563,巧新,43.9,44.2,43.05,44.0,775,215,0,2,2.27,97.72,100.0
2026-05-12,1565,精華,100.5,100.5,97.8,98.3,528,-49,0,-4,7.82,92.17,100.0
2026-05-12,1568,倉佑,28.85,29.4,28.1,28.9,618,52,0,4,1.86,98.13,100.0
2026-05-12,1569,濱川,55.1,55.2,53.1,55.0,2271,185,0,-15,5.49,94.5,100.0
2026-05-12,1570,力肯,40.45,40.45,38.6,39.1,261,-122,0,0,2.85,97.14,100.0
2026-05-12,1580,新麥,123.0,123.0,122.5,123.0,50,-9,0,0,5.15,94.84,100.0
2026-05-12,1582,信錦,91.0,92.8,89.7,89.8,2300,-99,-9,36,4.31,95.68,100.0
2026-05-12,1583,程泰,48.8,49.0,47.9,48.7,34,-3,0,-2,0.43,99.56,100.0
2026-05-12,1584,精剛,20.4,20.6,19.8,20.0,989,-205,0,0,3.76,96.23,100.0
2026-05-12,1586,和勤,21.65,21.65,21.1,21.55,248,-45,0,0,1.47,98.22,100.0
2026-05-12,1587,吉茂,29.9,30.1,29.5,29.5,383,23,0,0,20.46,79.53,100.0
2026-05-12,1590,亞德客-KY,1560.0,1560.0,1520.0,1535.0,787,19,-21,-18,79.62,20.37,100.0
2026-05-12,1591,駿吉-KY,63.0,64.3,59.9,59.9,1771,-114,0,0,4.99,95.0,100.0
2026-05-12,1593,祺驊,31.75,31.9,31.75,31.9,15,0,0,0,5.94,94.05,100.0
2026-05-12,1594,日高,10.37,10.6,9.95,10.2,70,-9,0,0,0.0,0.0,0.0
2026-05-12,1595,川寶,92.0,93.0,86.0,90.5,1493,27,0,0,5.53,94.46,100.0
2026-05-12,1597,直得,189.0,189.0,180.0,187.0,1702,123,-6,0,8.56,91.43,100.0
2026-05-12,1598,岱宇,21.55,21.55,20.4,20.4,484,-159,0,1,1.59,98.4,100.0
2026-05-12,1599,宏佳騰,24.55,24.55,24.3,24.4,24,-1,0,0,7.19,92.8,100.0
2026-05-12,1603,華電,32.75,33.0,32.25,32.25,283,-145,0,-4,2.43,97.56,100.0
2026-05-12,1604,聲寶,22.9,23.0,22.7,22.8,458,11,0,-15,7.48,92.51,100.0
2026-05-12,1605,華新,35.3,35.3,33.7,34.5,42785,-1624,1146,-481,14.09,85.9,100.0
2026-05-12,1608,華榮,34.5,34.6,33.4,33.8,3021,-106,-24,-26,3.57,96.42,100.0
2026-05-12,1609,大亞,36.2,36.25,35.2,35.3,7042,-2077,-1,-68,12.15,87.84,100.0
2026-05-12,1611,中電,11.8,11.8,11.6,11.65,874,-62,0,0,9.94,90.05,100.0
2026-05-12,1612,宏泰,37.55,37.55,36.75,36.8,724,-137,-22,-2,18.39,81.6,100.0
2026-05-12,1614,三洋電,31.75,31.85,31.6,31.65,129,-8,0,-1,2.28,97.71,100.0
2026-05-12,1615,大山,44.45,44.45,43.5,43.85,297,-98,0,-3,1.01,98.98,100.0
2026-05-12,1616,億泰,22.5,22.6,22.25,22.55,437,62,0,-3,2.36,97.63,100.0
2026-05-12,1617,榮星,15.15,15.15,14.8,14.85,150,-21,0,-2,19.55,80.44,100.0
2026-05-12,1618,合機,39.0,39.05,38.25,38.4,650,-110,0,-2,0.79,99.2,100.0
2026-05-12,1623,大東電,240.0,241.0,230.5,231.5,416,-81,0,0,0.3,99.69,100.0
2026-05-12,1626,艾美特-KY,10.85,10.85,10.5,10.6,120,24,0,-1,43.59,56.4,100.0
2026-05-12,1702,南僑,34.1,34.1,33.7,33.75,627,-248,0,-8,8.56,91.43,100.0
2026-05-12,1707,葡萄王,111.5,111.5,110.0,110.5,529,-200,0,-4,14.36,85.63,100.0
2026-05-12,1708,東鹼,39.95,41.8,39.25,41.75,4377,1841,0,41,16.61,83.38,100.0
2026-05-12,1709,和益,18.5,18.5,18.15,18.2,465,-58,0,-3,3.24,96.75,100.0
2026-05-12,1710,東聯,12.5,12.5,12.2,12.25,1585,160,0,-68,4.5,95.49,100.0
2026-05-12,1711,永光,54.1,55.3,52.4,53.9,25949,-288,0,-101,4.64,95.35,100.0
2026-05-12,1712,興農,41.5,41.5,41.2,41.3,859,-237,0,-13,15.25,84.74,100.0
2026-05-12,1713,國化,47.8,48.35,47.35,47.5,142,30,0,0,1.08,98.91,100.0
2026-05-12,1714,和桐,9.63,10.3,9.63,10.25,21029,10620,0,39,21.5,78.49,100.0
2026-05-12,1717,長興,82.2,85.0,79.8,82.7,77114,4487,-300,1818,11.63,88.36,100.0
2026-05-12,1718,中纖,6.59,6.77,6.51,6.71,6025,529,0,-7,5.67,94.32,100.0
2026-05-12,1720,生達,61.2,61.2,60.8,60.8,223,-54,0,-3,5.04,94.95,100.0
2026-05-12,1721,三晃,32.0,34.45,29.3,34.45,20915,-2267,0,45,2.74,97.25,100.0
2026-05-12,1722,台肥,47.65,47.75,46.95,47.0,4638,549,0,-40,7.49,92.5,100.0
2026-05-12,1723,中碳,81.7,82.2,80.1,81.0,869,259,0,1,8.07,91.92,100.0
2026-05-12,1725,元禎,33.65,33.65,32.6,32.7,274,-85,0,6,0.32,99.67,100.0
2026-05-12,1726,永記,76.2,76.2,75.8,76.0,26,-14,0,-1,12.94,87.05,100.0
2026-05-12,1727,中華化,76.3,80.3,75.3,78.6,9270,-542,0,-31,5.78,94.21,100.0
2026-05-12,1730,花仙子,52.7,53.3,52.5,52.9,56,-7,0,0,6.77,93.22,100.0
2026-05-12,1731,美吾華,21.65,21.65,21.55,21.6,145,-48,0,0,1.18,98.81,100.0
2026-05-12,1732,毛寶,26.95,26.95,26.5,26.6,207,-14,0,0,2.38,97.61,100.0
2026-05-12,1733,五鼎,28.8,28.8,28.35,28.4,107,-24,0,7,3.67,96.32,100.0
2026-05-12,1734,杏輝,30.55,30.95,30.45,30.95,593,-222,0,0,5.17,94.82,100.0
2026-05-12,1735,日勝化,28.3,28.3,26.55,27.9,1089,184,-3,-1,51.04,48.95,100.0
2026-05-12,1736,喬山,124.0,125.0,119.0,120.0,819,-152,0,-9,4.53,95.46,100.0
2026-05-12,1737,臺鹽,31.55,31.65,31.45,31.45,142,-3,0,-1,8.5,91.49,100.0
2026-05-12,1742,台蠟,15.35,15.85,15.25,15.6,42,0,0,0,0.21,99.78,100.0
2026-05-12,1752,南光,33.55,33.55,33.35,33.4,71,-3,0,0,1.79,98.2,100.0
2026-05-12,1760,寶齡富錦,63.8,63.8,62.5,62.6,293,-94,0,-1,11.74,88.25,100.0
2026-05-12,1762,中化生,38.65,38.9,34.15,34.5,1487,24,0,1,2.07,97.92,100.0
2026-05-12,1773,勝一,178.0,183.0,175.0,179.5,1270,343,0,28,8.06,91.93,100.0
2026-05-12,1776,展宇,17.0,17.0,16.55,16.85,41,-1,0,0,0.6,99.39,100.0
2026-05-12,1777,生泰,71.1,71.8,71.1,71.3,11,-1,0,0,0.96,99.03,100.0
2026-05-12,1780,立弘,31.79,32.1,31.4,31.95,48,0,0,0,0.0,0.0,0.0
2026-05-12,1781,合世,10.85,10.85,10.7,10.7,72,-6,0,0,0.55,99.44,100.0
2026-05-12,1783,和康生,38.95,39.0,38.45,38.75,154,-21,0,0,7.21,92.78,100.0
2026-05-12,1784,訊聯,74.0,74.0,72.0,72.7,168,1,0,-1,3.17,96.82,100.0
2026-05-12,1785,光洋科,161.0,165.5,156.5,158.5,25273,-2970,38,-39,20.96,79.03,100.0
2026-05-12,1786,科妍,56.0,56.0,52.8,54.2,709,73,0,-1,1.46,98.53,100.0
2026-05-12,1788,杏昌,135.5,135.5,135.0,135.0,20,0,0,0,10.88,89.11,100.0
2026-05-12,1789,神隆,19.25,19.3,18.9,19.0,1028,2,0,-14,1.68,98.31,100.0
2026-05-12,1795,美時,211.0,213.5,210.0,210.0,11572,-1750,-1,-235,52.77,47.22,100.0
2026-05-12,1796,金穎生技,37.5,37.5,37.0,37.0,50,1,0,0,0.79,99.2,100.0
2026-05-12,1799,易威,36.1,36.6,36.0,36.5,138,16,0,0,11.69,88.3,100.0
2026-05-12,1802,台玻,70.5,73.4,70.0,71.1,132631,12479,0,-11,5.63,94.36,100.0
2026-05-12,1805,寶徠,10.3,10.35,10.2,10.35,74,-7,0,3,0.6,99.39,100.0
2026-05-12,1806,冠軍,8.18,8.22,8.16,8.17,338,-4,0,-7,9.44,90.55,100.0
2026-05-12,1808,潤隆,28.9,29.1,28.75,28.75,1192,-301,0,-21,4.03,95.96,100.0
2026-05-12,1809,中釉,43.45,43.55,40.0,40.4,34259,1316,0,-22,6.37,93.62,100.0
2026-05-12,1810,和成,18.35,18.35,18.0,18.1,1025,46,0,0,3.48,96.51,100.0
2026-05-12,1813,寶利徠,12.25,12.3,12.15,12.2,47,-8,0,0,9.44,90.55,100.0
2026-05-12,1815,富喬,111.0,113.0,108.0,108.0,29401,-4759,-318,-324,19.4,80.59,100.0
2026-05-12,1817,凱撒衛,38.5,38.65,38.5,38.65,49,-9,0,0,1.67,98.32,100.0
2026-05-12,1903,士紙,49.3,49.3,48.3,48.5,312,-201,0,0,11.0,88.99,100.0
2026-05-12,1904,正隆,17.5,17.65,17.4,17.55,1307,-218,0,-24,8.65,91.34,100.0
2026-05-12,1905,華紙,12.35,12.35,11.95,12.0,5619,-937,-35,-67,2.42,97.57,100.0
2026-05-12,1906,寶隆,10.85,11.0,10.75,10.8,112,-30,0,2,0.53,99.46,100.0
2026-05-12,1907,永豐餘,24.05,24.15,23.8,23.8,1330,-103,0,-18,12.02,87.97,100.0
2026-05-12,1909,榮成,9.2,9.33,9.16,9.19,2815,-315,0,-35,8.19,91.8,100.0
2026-05-12,2002,中鋼,18.8,18.8,18.5,18.5,46640,-21342,-122,-496,13.1,86.89,100.0
2026-05-12,2006,東和鋼鐵,67.7,67.7,65.8,66.2,3270,-1442,-250,-115,18.51,81.48,100.0
2026-05-12,2007,燁興,7.32,7.39,7.25,7.28,382,-44,0,3,0.64,99.35,100.0
2026-05-12,2008,高興昌,27.55,27.55,27.5,27.5,30,-18,0,-1,7.68,92.31,100.0
2026-05-12,2009,第一銅,40.5,41.15,40.0,40.9,5369,817,0,17,2.42,97.57,100.0
2026-05-12,2010,春源,23.35,23.35,22.9,23.1,3375,-392,0,84,9.12,90.87,100.0
2026-05-12,2012,春雨,14.95,15.0,14.7,14.85,28,-12,0,3,1.4,98.59,100.0
2026-05-12,2013,中鋼構,42.95,43.4,42.6,42.6,105,-61,0,-3,7.07,92.92,100.0
2026-05-12,2014,中鴻,18.4,18.4,17.8,17.95,5455,-473,0,-33,4.73,95.26,100.0
2026-05-12,2015,豐興,64.2,64.2,63.3,63.9,280,75,-18,-21,12.2,87.79,100.0
2026-05-12,2017,官田鋼,9.2,9.2,8.88,8.94,768,-331,0,-10,1.65,98.34,100.0
2026-05-12,2020,美亞,22.3,22.3,22.0,22.05,394,-117,0,-2,1.62,98.37,100.0
2026-05-12,2022,聚亨,8.31,8.31,8.15,8.2,801,-69,0,-5,2.57,97.42,100.0
2026-05-12,2023,燁輝,13.95,13.95,13.75,13.9,3573,-1527,0,-14,4.18,95.81,100.0
2026-05-12,2024,志聯,13.8,13.8,13.2,13.55,75,-3,0,0,0.45,99.54,100.0
2026-05-12,2025,千興,11.9,12.15,11.75,12.0,464,-20,0,-4,0.7,99.29,100.0
2026-05-12,2027,大成鋼,40.2,40.25,39.4,39.7,23834,8865,-5216,-480,14.05,85.94,100.0
2026-05-12,2028,威致,17.1,17.25,16.85,16.95,277,25,0,1,0.71,99.28,100.0
2026-05-12,2029,盛餘,20.75,20.75,20.25,20.25,336,54,0,-4,66.52,33.47,100.0
2026-05-12,2030,彰源,18.0,18.6,17.4,17.95,9086,1025,0,-48,3.4,96.59,100.0
2026-05-12,2031,新光鋼,39.95,39.95,39.1,39.2,809,-254,-19,94,7.92,92.07,100.0
2026-05-12,2032,新鋼,17.8,17.85,17.25,17.4,965,-20,0,-9,2.16,97.83,100.0
2026-05-12,2033,佳大,15.15,15.15,14.8,15.05,207,-29,0,0,0.9,99.09,100.0
2026-05-12,2034,允強,21.1,21.15,20.15,20.3,3446,-744,0,-19,3.76,96.23,100.0
2026-05-12,2035,唐榮,28.2,28.35,27.3,28.3,24,-9,0,0,0.01,99.98,100.0
2026-05-12,2038,海光,14.1,14.2,13.8,13.9,525,-121,0,-5,1.07,98.92,100.0
2026-05-12,2049,上銀,355.0,370.5,349.5,367.5,13843,1274,576,-69,35.8,64.19,100.0
2026-05-12,2059,川湖,5450.0,5600.0,5280.0,5445.0,959,-122,99,-9,24.6,75.39,100.0
2026-05-12,2061,風青,22.75,23.25,21.15,21.5,1565,-61,0,-11,2.48,97.51,100.0
2026-05-12,2062,橋椿,20.3,20.3,20.0,20.1,494,-36,-110,-4,7.05,92.94,100.0
2026-05-12,2063,世鎧,25.85,26.05,25.5,25.5,12,-4,0,0,0.96,99.03,100.0
2026-05-12,2064,晉椿,12.5,12.95,12.5,12.95,47,2,0,0,0.07,99.92,100.0
2026-05-12,2065,世豐,32.3,32.3,31.5,31.7,95,-12,0,0,1.3,98.69,100.0
2026-05-12,2066,世德,47.4,47.4,45.2,46.0,57,5,0,0,10.01,89.98,100.0
2026-05-12,2067,嘉鋼,6.91,7.23,6.91,7.04,28,0,0,0,11.35,88.64,100.0
2026-05-12,2069,運錩,20.75,20.75,19.95,20.2,584,-73,0,-2,2.2,97.79,100.0
2026-05-12,2070,精湛,68.0,68.5,65.3,68.0,1757,87,0,0,1.99,98.0,100.0
2026-05-12,2071,震南鐵,19.96,20.9,20.15,20.3,84,0,0,0,0.0,0.0,0.0
2026-05-12,2072,世紀風電,180.0,181.0,178.5,178.5,357,61,0,0,1.64,98.35,100.0
2026-05-12,2073,雄順,26.2,26.2,25.15,25.15,6,0,0,0,0.04,99.96,100.0
2026-05-12,2101,南港,33.6,33.85,33.25,33.4,1091,10,0,-28,5.0,94.99,100.0
2026-05-12,2102,泰豐,18.55,18.7,18.45,18.55,649,-168,0,-1,3.1,96.89,100.0
2026-05-12,2103,台橡,21.1,21.6,20.75,21.3,6247,1683,-4,-41,21.6,78.39,100.0
2026-05-12,2104,國際中橡,10.3,10.3,10.1,10.15,2855,-51,0,-15,5.94,94.05,100.0
2026-05-12,2105,正新,32.15,32.3,31.6,31.85,11516,-2677,-574,-361,11.45,88.54,100.0
2026-05-12,2106,建大,17.35,17.35,17.05,17.05,777,-279,0,-20,8.51,91.48,100.0
2026-05-12,2107,厚生,26.05,26.15,25.95,25.95,273,-52,0,-2,6.34,93.65,100.0
2026-05-12,2108,南帝,29.75,29.75,27.65,27.75,2980,-439,0,-12,4.92,95.07,100.0
2026-05-12,2109,華豐,14.1,14.15,14.0,14.1,303,55,0,0,15.13,84.86,100.0
2026-05-12,2114,鑫永銓,88.0,88.1,87.7,87.9,120,-7,0,0,4.14,95.85,100.0
2026-05-12,2115,六暉-KY,21.1,21.1,20.55,20.75,317,-15,0,1,44.14,55.85,100.0
2026-05-12,2201,裕隆,28.05,28.05,27.4,27.7,2570,-69,-6,-41,4.66,95.33,100.0
2026-05-12,2204,中華,54.0,54.5,53.9,54.0,1157,-217,15,-50,18.9,81.09,100.0
2026-05-12,2206,三陽工業,58.1,58.9,57.8,58.9,1546,-458,-51,-15,5.93,94.06,100.0
2026-05-12,2207,和泰車,477.0,480.5,470.0,470.0,611,-258,-25,-9,21.69,78.3,100.0
2026-05-12,2208,台船,20.25,20.3,20.0,20.0,5068,-1443,-8,-8,9.67,90.32,100.0
2026-05-12,2211,長榮鋼,97.7,97.7,96.5,96.6,1228,-548,-11,-6,3.94,96.05,100.0
2026-05-12,2221,大甲,38.0,38.3,36.7,37.85,334,-32,0,0,1.28,98.71,100.0
2026-05-12,2227,裕日車,54.5,54.5,52.3,52.3,37,-13,0,1,40.35,59.64,100.0
2026-05-12,2228,劍麟,87.5,87.7,85.3,85.5,434,-76,0,3,3.07,96.92,100.0
2026-05-12,2230,泰茂,31.4,32.95,30.65,30.7,596,-82,0,0,7.4,92.59,100.0
2026-05-12,2231,為升,109.0,113.0,109.0,112.0,546,169,0,3,5.68,94.31,100.0
2026-05-12,2233,宇隆,309.0,309.0,295.5,298.0,623,-7,0,-14,7.24,92.75,100.0
2026-05-12,2235,謚源,30.5,30.5,30.05,30.05,5,0,0,0,0.03,99.96,100.0
2026-05-12,2236,百達-KY,141.0,142.0,137.5,139.5,606,22,0,0,52.84,47.15,100.0
2026-05-12,2237,華德動能,36.58,37.3,34.85,35.0,451,-2,0,0,0.0,0.0,0.0
2026-05-12,2239,英利-KY,22.0,22.4,21.8,21.95,98,2,0,-1,75.39,24.6,100.0
2026-05-12,2241,艾姆勒,32.1,34.25,31.85,34.25,3186,409,0,4,9.64,90.35,100.0
2026-05-12,2243,宏旭-KY,21.65,22.8,21.05,22.2,1438,29,-3,5,26.02,73.97,100.0
2026-05-12,2245,詠勝昌*,27.24,28.2,27.2,28.2,2,0,0,0,0.0,0.0,0.0
2026-05-12,2247,汎德永業,210.5,210.5,208.0,209.0,180,-72,0,1,3.95,96.04,100.0
2026-05-12,2248,華勝-KY,58.0,58.0,54.1,54.1,243,-15,0,-1,50.28,49.71,100.0
2026-05-12,2249,湧盛,119.64,119.5,117.0,119.0,34,-4,0,0,0.0,0.0,0.0
2026-05-12,2250,IKKA-KY,64.0,64.0,62.8,63.1,109,7,0,0,7.15,92.79,100.0
2026-05-12,2252,為昇科,19.41,19.45,18.85,19.2,209,7,0,0,0.0,0.0,0.0
2026-05-12,2254,巨鎧精密-創,65.0,65.0,61.0,61.1,44,2,0,-1,23.67,76.32,100.0
2026-05-12,2255,凱銳光電,19.22,19.5,17.9,18.8,119,-10,0,0,0.0,0.0,0.0
2026-05-12,2256,歐特明,89.93,89.9,83.6,85.3,431,-19,0,0,0.0,0.0,0.0
2026-05-12,2258,鴻華先進-創,28.05,28.9,28.0,28.6,850,208,0,-23,0.35,99.64,100.0
2026-05-12,2301,光寶科,245.0,246.0,230.0,234.5,91946,27226,-4394,-1615,40.79,59.2,100.0
2026-05-12,2302,麗正,23.65,23.65,23.65,23.65,3781,2,0,11,3.69,96.3,100.0
2026-05-12,2303,聯電,96.7,104.5,94.3,104.5,383024,35286,9426,5198,37.0,62.99,100.0
2026-05-12,2305,全友,17.55,18.25,17.1,17.5,5468,762,-3,100,4.9,95.09,100.0
2026-05-12,2308,台達電,2225.0,2260.0,2190.0,2195.0,13011,-4268,256,-283,64.14,35.85,100.0
2026-05-12,2312,金寶,30.0,30.1,28.6,29.45,53924,-7865,-294,-438,7.11,92.88,100.0
2026-05-12,2313,華通,246.0,264.5,246.0,260.0,93921,29975,2857,718,26.52,73.47,100.0
2026-05-12,2314,台揚,12.7,13.0,12.6,13.0,497,0,0,0,1.57,98.42,100.0
2026-05-12,2316,楠梓電,130.0,135.5,130.0,135.5,3238,868,0,132,34.01,65.98,100.0
2026-05-12,2317,鴻海,254.0,254.0,246.0,250.0,84325,31682,-10780,113,39.33,60.66,100.0
2026-05-12,2321,東訊,12.5,13.0,12.3,12.95,15,0,0,0,0.01,99.98,100.0
2026-05-12,2323,中環,10.7,10.8,10.45,10.6,7885,-533,0,-29,10.94,89.05,100.0
2026-05-12,2324,仁寶,30.7,30.75,29.3,29.9,51063,-15008,-1506,-1897,37.87,62.12,100.0
2026-05-12,2327,國巨*,399.0,430.0,390.5,419.5,63365,-1289,1699,913,52.7,47.29,100.0
2026-05-12,2328,廣宇,54.7,54.9,52.6,54.0,8617,-310,0,-314,8.59,91.4,100.0
2026-05-12,2329,華泰,59.2,60.6,58.0,60.0,12912,935,0,374,11.22,88.77,100.0
2026-05-12,2330,台積電,2235.0,2280.0,2210.0,2255.0,54239,-9237,8879,424,70.56,29.43,100.0
2026-05-12,2331,精英,21.05,21.05,20.25,20.55,1963,-129,-13,-18,6.93,93.06,100.0
2026-05-12,2332,友訊,13.9,14.1,13.7,14.05,2532,737,0,-7,9.86,90.13,100.0
2026-05-12,2337,旺宏,159.5,159.5,151.5,153.0,137568,-13007,-6090,-1482,25.71,74.28,100.0
2026-05-12,2338,光罩,50.6,51.9,50.0,50.5,6617,222,0,-7,3.84,96.15,100.0
2026-05-12,2340,台亞,37.8,38.7,37.1,38.05,6608,942,0,43,8.68,91.31,100.0
2026-05-12,2342,茂矽,42.2,44.8,40.9,44.1,13768,1895,0,1,6.38,93.61,100.0
2026-05-12,2344,華邦電,118.5,123.5,116.0,121.5,317628,27421,7659,-219,21.83,78.16,100.0
2026-05-12,2345,智邦,2675.0,2695.0,2520.0,2525.0,6056,-1153,461,-60,58.12,41.87,100.0
2026-05-12,2347,聯強,87.5,87.5,84.9,84.9,5472,-1111,-506,-233,33.3,66.69,100.0
2026-05-12,2348,海悅,70.8,70.9,70.0,70.9,231,-8,0,-3,0.89,99.1,100.0
2026-05-12,2349,錸德,12.8,13.65,12.55,13.25,8962,-1340,0,0,11.2,88.79,100.0
2026-05-12,2351,順德,190.0,190.5,177.5,182.0,9592,-49,-11,-136,15.39,84.6,100.0
2026-05-12,2352,佳世達,25.8,26.0,25.2,25.95,6747,2897,-6,-39,10.34,89.65,100.0
2026-05-12,2353,宏碁,28.95,29.05,28.2,28.3,26976,-4083,-1493,-947,10.12,89.87,100.0
2026-05-12,2354,鴻準,62.6,63.5,60.8,62.5,26967,-2538,-1,79,11.19,88.8,100.0
2026-05-12,2355,敬鵬,52.9,53.8,51.5,51.6,9846,-2054,-28,-106,17.88,82.11,100.0
2026-05-12,2356,英業達,50.4,50.4,47.75,48.7,29010,-6968,-78,-525,16.84,83.15,100.0
2026-05-12,2357,華碩,686.0,693.0,672.0,673.0,6512,-694,492,-177,35.67,64.32,100.0
2026-05-12,2359,所羅門,124.0,130.5,119.5,128.0,3563,334,0,33,3.89,96.1,100.0
2026-05-12,2360,致茂,2450.0,2480.0,2400.0,2440.0,4455,232,412,-49,57.76,42.23,100.0
2026-05-12,2362,藍天,40.7,41.1,39.7,39.7,1515,-372,-1,-27,10.52,89.47,100.0
2026-05-12,2363,矽統,61.0,66.5,58.7,63.2,42472,-35,20,267,7.97,92.02,100.0
2026-05-12,2364,倫飛,70.9,72.0,68.3,70.9,1832,-37,0,27,15.28,84.71,100.0
2026-05-12,2365,昆盈,37.35,37.8,35.85,36.1,8617,-987,0,-86,1.62,98.37,100.0
2026-05-12,2367,燿華,63.0,65.8,63.0,64.8,57458,4178,0,758,7.99,92.0,100.0
2026-05-12,2368,金像電,1400.0,1465.0,1390.0,1390.0,4642,-658,727,8,25.65,74.34,100.0
2026-05-12,2369,菱生,31.05,31.45,30.0,31.2,10320,1339,0,-215,14.62,85.37,100.0
2026-05-12,2371,大同,30.7,30.7,30.0,30.1,18800,-5936,36,-278,7.71,92.28,100.0
2026-05-12,2373,震旦行,58.0,58.0,56.6,56.6,44,-25,0,0,0.8,99.19,100.0
2026-05-12,2374,佳能,81.0,83.7,78.8,82.4,15194,3976,-4,479,6.15,93.84,100.0
2026-05-12,2375,凱美,91.5,95.9,89.6,94.8,10395,379,0,58,9.89,90.1,100.0
2026-05-12,2376,技嘉,327.5,329.0,315.0,321.0,12394,3123,43,-231,23.14,76.85,100.0
2026-05-12,2377,微星,114.0,118.0,103.5,105.0,67323,-9305,-97,844,12.63,87.36,100.0
2026-05-12,2379,瑞昱,581.0,583.0,555.0,555.0,6324,277,-94,-91,50.21,49.78,100.0
2026-05-12,2380,虹光,5.9,5.9,5.8,5.81,308,0,0,0,0.25,99.74,100.0
2026-05-12,2382,廣達,346.5,347.5,338.0,340.0,12855,2490,91,-290,26.88,73.11,100.0
2026-05-12,2383,台光電,4805.0,5080.0,4805.0,4900.0,2661,395,277,-32,42.63,57.36,100.0
2026-05-12,2385,群光,132.5,135.0,130.0,135.0,7142,-1698,-15,-84,19.44,80.55,100.0
2026-05-12,2387,精元,39.35,39.35,38.05,38.5,1484,-563,0,-2,8.44,91.55,100.0
2026-05-12,2388,威盛,77.3,77.8,74.1,74.9,10298,-250,-38,-275,14.18,85.81,100.0
2026-05-12,2390,云辰,9.38,9.39,9.23,9.38,570,85,0,2,1.99,98.0,100.0
2026-05-12,2392,正崴,39.15,39.15,38.05,38.2,2109,-673,0,-6,5.76,94.23,100.0
2026-05-12,2393,億光,74.0,74.0,72.5,72.7,1694,-347,0,9,33.06,66.93,100.0
2026-05-12,2395,研華,487.0,500.0,484.0,494.5,6168,529,-8,60,35.53,64.46,100.0
2026-05-12,2397,友通,59.5,60.2,58.9,59.8,347,117,0,-1,15.35,84.64,100.0
2026-05-12,2399,映泰,45.0,46.6,44.1,46.45,26698,1614,-12,-160,4.98,95.01,100.0
2026-05-12,2401,凌陽,25.85,26.35,25.05,25.95,7540,933,5,-143,13.22,86.77,100.0
2026-05-12,2402,毅嘉,69.3,73.0,68.9,70.8,17070,1065,0,655,9.3,90.08,100.0
2026-05-12,2404,漢唐,1040.0,1040.0,990.0,993.0,4734,-884,-480,-101,26.38,73.61,100.0
2026-05-12,2405,輔信,15.45,15.6,15.1,15.25,1428,175,0,-6,4.97,95.02,100.0
2026-05-12,2406,國碩,35.55,36.0,34.05,34.7,14738,-573,0,66,16.86,83.13,100.0
2026-05-12,2408,南亞科,312.5,325.0,301.0,321.0,217595,25571,2842,440,12.99,87.0,100.0
2026-05-12,2409,友達,19.2,20.7,18.85,20.7,730161,110947,-8,8418,13.49,86.5,100.0
2026-05-12,2412,中華電,135.5,136.5,135.5,135.5,9747,-1807,-68,-100,17.45,31.54,49.0
2026-05-12,2413,環科,45.8,46.25,44.8,45.0,981,-20,0,1,3.78,96.21,100.0
2026-05-12,2414,精技,48.15,48.15,47.1,47.65,368,-38,0,-58,5.13,94.86,100.0
2026-05-12,2415,錩新,27.65,27.65,26.95,27.0,187,-25,0,3,20.9,79.09,100.0
2026-05-12,2417,圓剛,51.1,51.9,48.5,50.4,3563,376,0,1,3.76,96.23,100.0
2026-05-12,2419,仲琦,30.5,30.75,29.9,30.15,1234,132,-9,-12,1.24,98.75,100.0
2026-05-12,2420,新巨,57.0,58.0,56.1,58.0,802,130,0,6,7.43,92.56,100.0
2026-05-12,2421,建準,152.5,152.5,146.0,149.0,5159,-1233,0,-162,28.31,71.68,100.0
2026-05-12,2423,固緯,60.9,62.1,59.1,60.8,196,-10,0,-1,5.03,94.96,100.0
2026-05-12,2424,隴華,23.25,23.25,23.25,23.25,398,-103,0,52,1.16,47.83,49.0
2026-05-12,2425,承啟,33.7,34.6,33.1,34.0,1871,34,0,10,9.98,90.01,100.0
2026-05-12,2426,鼎元,70.0,70.2,66.8,69.9,3000,197,0,32,8.54,91.45,100.0
2026-05-12,2427,三商電,21.8,21.8,21.25,21.3,726,-260,0,0,3.47,96.52,100.0
2026-05-12,2428,興勤,193.0,204.5,193.0,201.5,2831,889,0,9,18.1,81.89,100.0
2026-05-12,2429,銘旺科,51.4,52.8,50.8,51.6,309,-32,0,0,1.07,98.92,100.0
2026-05-12,2430,燦坤,19.75,19.75,19.6,19.65,101,-20,0,-1,2.73,97.26,100.0
2026-05-12,2431,聯昌,10.55,10.75,10.45,10.7,655,271,0,4,2.15,97.84,100.0
2026-05-12,2432,倚天,27.75,27.75,26.85,26.85,169,-12,0,9,0.66,99.33,100.0
2026-05-12,2432,倚天酷碁-創,27.75,27.75,26.85,26.85,169,-12,0,9,0.66,99.33,100.0
2026-05-12,2433,互盛電,45.5,45.65,45.5,45.5,29,-15,0,-4,0.98,99.01,100.0
2026-05-12,2434,統懋,31.5,31.7,31.1,31.15,21,-2,0,0,1.1,98.89,100.0
2026-05-12,2436,偉詮電,77.0,77.9,75.0,76.6,14212,-2854,0,-95,7.79,92.2,100.0
2026-05-12,2438,翔耀,21.5,21.5,21.2,21.35,107,10,0,0,1.04,98.95,100.0
2026-05-12,2439,美律,86.4,86.4,85.5,85.6,1298,-188,-7,-15,12.49,87.5,100.0
2026-05-12,2440,太空梭,17.2,17.5,16.75,16.85,640,64,0,-2,1.68,98.31,100.0
2026-05-12,2441,超豐,93.0,97.2,91.8,96.5,19024,257,-162,123,13.54,86.45,100.0
2026-05-12,2442,新美齊,18.9,18.9,18.65,18.75,1367,-69,0,-8,2.0,97.99,100.0
2026-05-12,2444,兆勁,12.9,13.15,12.75,13.0,575,62,0,0,1.99,98.0,100.0
2026-05-12,2449,京元電子,302.5,302.5,295.0,301.0,41675,-12063,-1790,53,27.67,72.32,100.0
2026-05-12,2450,神腦,29.9,29.9,29.7,29.75,125,-21,0,21,1.31,98.68,100.0
2026-05-12,2451,創見,352.0,360.0,342.5,351.0,15720,-247,-208,-108,12.57,87.42,100.0
2026-05-12,2453,凌群,54.9,55.1,54.0,54.6,268,-1,0,-2,4.8,95.19,100.0
2026-05-12,2454,聯發科,3835.0,3910.0,3700.0,3700.0,11090,-1730,-98,28,56.43,43.56,100.0
2026-05-12,2455,全新,375.0,375.0,361.5,375.0,3358,1834,0,-55,26.18,73.81,100.0
2026-05-12,2457,飛宏,25.5,26.2,25.15,25.45,3223,215,0,55,6.35,93.64,100.0
2026-05-12,2458,義隆,151.5,151.5,144.5,145.5,3348,310,-380,-80,22.46,77.53,100.0
2026-05-12,2459,敦吉,66.4,66.7,66.4,66.5,114,-6,0,-1,16.94,83.05,100.0
2026-05-12,2460,建通,31.45,32.65,31.45,32.05,959,97,0,-45,1.04,98.95,100.0
2026-05-12,2461,光群雷,15.85,16.35,15.85,15.95,335,20,0,3,4.82,95.17,100.0
2026-05-12,2462,良得電,21.15,21.15,20.6,20.65,631,-198,0,0,1.32,98.67,100.0
2026-05-12,2464,盟立,120.5,123.0,116.0,118.0,14892,689,0,-284,10.17,89.82,100.0
2026-05-12,2465,麗臺,88.5,88.5,83.9,85.4,2836,128,0,23,4.28,95.71,100.0
2026-05-12,2466,冠西電,51.3,51.5,50.0,50.2,350,-17,0,0,10.51,89.48,100.0
2026-05-12,2467,志聖,604.0,649.0,604.0,649.0,5112,1628,-18,-39,20.31,79.68,100.0
2026-05-12,2468,華經,34.35,34.35,33.6,33.6,289,7,0,0,1.47,98.52,100.0
2026-05-12,2471,資通,51.8,51.8,50.9,51.3,245,-67,0,0,5.25,94.74,100.0
2026-05-12,2472,立隆電,221.5,234.0,209.5,223.0,16652,-2192,-9,113,11.81,88.18,100.0
2026-05-12,2474,可成,207.0,207.5,202.0,205.5,3225,72,-141,-92,25.05,74.94,100.0
2026-05-12,2476,鉅祥,122.0,122.5,115.5,118.5,6600,-2091,0,-332,10.08,89.91,100.0
2026-05-12,2477,美隆電,21.15,21.25,21.0,21.05,178,-24,0,-3,23.38,76.61,100.0
2026-05-12,2478,大毅,77.8,81.9,76.6,80.0,5812,1005,0,89,15.07,84.92,100.0
2026-05-12,2480,敦陽科,149.5,149.5,147.5,148.0,327,41,-5,-1,9.95,90.04,100.0
2026-05-12,2481,強茂,113.0,118.5,112.0,115.5,61667,13481,897,805,26.87,73.12,100.0
2026-05-12,2482,連宇,16.75,16.75,16.45,16.55,293,-37,0,-2,1.39,98.6,100.0
2026-05-12,2483,百容,23.95,26.0,23.95,24.6,1921,311,0,68,1.99,98.0,100.0
2026-05-12,2484,希華,39.8,40.5,37.6,38.9,9202,784,0,-4,5.13,94.86,100.0
2026-05-12,2485,兆赫,67.6,69.7,67.1,67.7,21302,248,-21,-18,1.86,98.13,100.0
2026-05-12,2486,一詮,274.5,274.5,264.5,270.5,3038,409,-1,35,17.49,82.5,100.0
2026-05-12,2488,漢平,52.7,52.7,51.9,51.9,167,-11,0,-2,6.87,93.12,100.0
2026-05-12,2489,瑞軒,42.6,44.8,41.75,41.8,35036,-2466,0,-334,4.63,95.36,100.0
2026-05-12,2491,吉祥全,21.1,22.5,20.5,21.45,1856,-140,0,-1,5.79,94.2,100.0
2026-05-12,2492,華新科,175.0,188.5,167.5,188.5,41347,-2137,2248,438,18.38,81.61,100.0
2026-05-12,2493,揚博,131.0,132.5,125.5,127.5,1501,194,0,-7,3.16,96.83,100.0
2026-05-12,2495,普安,36.5,36.75,36.05,36.1,3115,-389,-1,0,6.68,93.31,100.0
2026-05-12,2496,卓越,65.5,66.3,65.3,65.9,34,-4,0,0,23.14,76.85,100.0
2026-05-12,2497,怡利電,58.6,59.0,57.3,58.5,567,114,0,2,3.06,96.93,100.0
2026-05-12,2498,宏達電,40.35,41.3,39.35,41.3,12069,3145,25,274,8.96,91.03,100.0
2026-05-12,2501,國建,22.85,22.85,22.3,22.4,4424,-2089,10,-33,11.02,88.97,100.0
2026-05-12,2504,國產,34.8,34.8,34.4,34.6,2178,-1368,-39,93,7.73,92.26,100.0
2026-05-12,2505,國揚,17.65,18.05,17.5,18.0,771,-174,0,-9,3.9,96.09,100.0
2026-05-12,2506,太設,8.67,8.68,8.5,8.6,445,-49,0,4,4.8,95.19,100.0
2026-05-12,2509,全坤建,13.25,13.25,13.0,13.1,408,14,0,0,1.4,98.59,100.0
2026-05-12,2511,太子,7.82,7.82,7.67,7.69,2388,-1390,0,-46,2.42,97.57,100.0
2026-05-12,2514,龍邦,13.3,13.3,13.1,13.1,272,-53,0,-7,2.27,97.72,100.0
2026-05-12,2515,中工,13.2,13.3,13.05,13.05,6052,-2644,-6,-3,8.6,91.39,100.0
2026-05-12,2516,新建,13.05,13.15,12.9,12.95,216,-32,0,0,2.43,97.56,100.0
2026-05-12,2520,冠德,30.7,30.7,30.05,30.3,970,131,0,-16,12.15,87.84,100.0
2026-05-12,2524,京城,37.05,37.05,36.2,36.35,75,-20,0,-1,0.72,99.27,100.0
2026-05-12,2527,宏璟,33.55,34.35,33.3,33.7,757,-136,0,-7,42.08,57.91,100.0
2026-05-12,2528,皇普,22.45,22.45,21.8,22.15,998,-343,0,1,1.38,98.61,100.0
2026-05-12,2530,華建,21.2,21.4,20.55,21.3,1924,-1081,-13,59,3.6,96.39,100.0
2026-05-12,2534,宏盛,18.75,18.8,18.5,18.8,1064,-352,0,-14,6.33,93.66,100.0
2026-05-12,2535,達欣工,73.5,76.1,72.9,74.8,955,-159,0,-26,6.63,93.36,100.0
2026-05-12,2536,宏普,20.5,20.5,20.25,20.35,516,-188,0,-5,9.03,90.96,100.0
2026-05-12,2537,聯上發,10.25,10.25,10.05,10.1,1403,-619,0,0,2.34,97.65,100.0
2026-05-12,2538,基泰,9.75,9.8,9.72,9.72,322,-29,0,-1,9.85,90.14,100.0
2026-05-12,2539,櫻花建,40.05,40.15,38.8,39.05,1322,-468,0,20,1.9,98.09,100.0
2026-05-12,2540,愛山林,51.3,51.7,50.0,50.0,858,-61,0,-31,1.55,98.44,100.0
2026-05-12,2542,興富發,41.75,41.75,41.0,41.1,6901,-628,23,-117,10.53,89.46,100.0
2026-05-12,2543,皇昌,43.7,43.7,42.5,42.5,1939,-350,0,-30,1.51,98.48,100.0
2026-05-12,2545,皇翔,38.85,38.9,38.35,38.4,383,-114,0,1,2.75,97.24,100.0
2026-05-12,2546,根基,85.1,85.1,84.5,84.8,976,0,0,-2,3.31,96.68,100.0
2026-05-12,2547,日勝生,10.25,10.25,10.15,10.15,2394,-1035,0,-7,13.44,86.55,100.0
2026-05-12,2548,華固,130.0,130.0,123.0,123.5,2604,-1772,36,34,20.68,79.31,100.0
2026-05-12,2596,綠意,29.55,29.7,28.7,29.25,87,-34,0,0,0.77,99.22,100.0
2026-05-12,2597,潤弘,161.0,164.0,160.5,162.5,924,324,0,-21,2.83,97.16,100.0
2026-05-12,2601,益航,5.1,5.1,4.92,4.93,2403,-648,0,0,12.93,87.06,100.0
2026-05-12,2603,長榮,216.0,216.5,213.5,214.0,8784,929,-273,19,21.26,28.72,49.99
2026-05-12,2605,新興,33.6,34.1,32.85,33.0,6221,-8,0,-220,49.98,0.0,49.99
2026-05-12,2606,裕民,65.3,65.6,63.4,63.9,8247,3520,-3675,-111,12.8,37.18,49.99
2026-05-12,2607,榮運,48.5,48.55,47.85,47.85,543,-367,-4,-9,8.9,41.08,49.99
2026-05-12,2608,嘉里大榮,30.15,30.15,29.8,29.8,247,-123,0,-9,3.5,96.49,100.0
2026-05-12,2609,陽明,51.0,51.0,50.0,50.1,10783,-2863,16,-108,14.0,35.98,49.99
2026-05-12,2610,華航,19.3,19.3,18.75,18.85,39446,-5235,-7608,-119,13.86,36.12,49.99
2026-05-12,2611,志信,13.75,13.8,13.45,13.55,413,-163,0,0,1.26,98.73,100.0
2026-05-12,2612,中航,57.3,57.4,56.0,56.0,498,-197,0,-3,4.03,95.96,100.0
2026-05-12,2613,中櫃,22.35,22.35,21.9,22.0,550,-109,0,0,1.38,31.94,33.33
2026-05-12,2614,東森,20.05,20.05,19.5,19.8,1913,-291,0,0,4.26,45.72,49.99
2026-05-12,2615,萬海,78.4,78.4,76.9,76.9,5766,-1393,-22,-67,42.59,7.39,49.99
2026-05-12,2616,山隆,13.85,13.85,13.5,13.7,433,55,0,0,1.84,98.15,100.0
2026-05-12,2617,台航,29.25,29.45,29.1,29.1,640,-238,0,-7,8.68,41.3,49.99
2026-05-12,2618,長榮航,35.75,35.9,35.05,35.1,35572,-9296,-4797,-1745,23.56,26.42,49.99
2026-05-12,2630,亞航,45.6,45.95,45.05,45.15,1415,-441,0,-20,3.77,96.22,100.0
2026-05-12,2633,台灣高鐵,26.75,26.85,26.65,26.75,4231,-329,-105,-68,9.61,39.37,48.99
2026-05-12,2634,漢翔,47.2,47.4,46.6,46.7,8207,-108,-7,-32,2.94,7.05,10.0
2026-05-12,2636,台驊控股,68.4,68.8,68.0,68.1,265,25,0,-3,9.87,90.12,100.0
2026-05-12,2637,慧洋-KY,74.5,74.5,72.6,73.0,2311,-873,-10,-32,18.52,81.47,100.0
2026-05-12,2640,大車隊,165.0,166.0,163.0,163.5,52,-10,0,0,4.74,95.25,100.0
2026-05-12,2641,正德,18.25,18.25,17.7,17.85,1540,-123,0,-6,2.3,97.69,100.0
2026-05-12,2642,宅配通,21.5,21.6,21.3,21.4,70,-9,0,0,5.32,94.67,100.0
2026-05-12,2643,捷迅,67.0,67.0,66.5,67.0,7,0,0,0,1.53,98.46,100.0
2026-05-12,2644,中信造船,81.27,82.9,80.5,81.3,66,-1,0,0,0.0,0.0,0.0
2026-05-12,2645,長榮航太,158.0,160.0,155.0,157.0,2172,210,-3,-65,7.09,92.9,100.0
2026-05-12,2646,星宇航空,20.5,20.6,20.4,20.45,4268,1330,0,-54,2.64,47.34,49.99
2026-05-12,2701,萬企,10.7,10.7,10.55,10.55,145,-19,0,-1,0.54,99.45,100.0
2026-05-12,2702,華園,13.9,14.25,13.25,13.45,158,-16,0,0,39.39,60.6,100.0
2026-05-12,2704,國賓,43.05,43.8,42.8,42.8,171,18,0,-1,9.93,90.06,100.0
2026-05-12,2705,六福,16.0,16.05,15.75,15.8,227,-77,0,0,1.71,98.28,100.0
2026-05-12,2706,第一店,12.4,12.4,12.2,12.25,107,-12,0,-2,2.69,97.3,100.0
2026-05-12,2707,晶華,173.0,174.5,172.5,172.5,397,-87,0,-4,5.79,94.2,100.0
2026-05-12,2712,遠雄來,16.8,16.8,16.5,16.6,14,1,0,-2,0.28,99.71,100.0
2026-05-12,2718,晶悅,41.6,43.3,41.5,42.7,71,7,0,0,0.85,99.14,100.0
2026-05-12,2718,全心投控,41.6,43.3,41.5,42.7,71,7,0,0,0.85,99.14,100.0
2026-05-12,2719,燦星旅,26.15,26.2,26.0,26.0,11,-3,0,0,0.17,99.82,100.0
2026-05-12,2722,夏都,23.8,23.8,23.4,23.4,34,-9,0,-2,0.38,99.61,100.0
2026-05-12,2723,美食-KY,68.0,68.0,66.8,67.0,222,-62,0,-10,46.66,53.33,100.0
2026-05-12,2724,富驛-KY,14.05,14.15,13.0,13.9,55,0,0,0,15.09,84.9,100.0
2026-05-12,2724,藝舍-KY,14.05,14.15,13.0,13.9,55,0,0,0,15.09,84.9,100.0
2026-05-12,2726,雅茗-KY,10.0,10.0,9.73,9.93,102,-14,0,0,23.6,76.39,100.0
2026-05-12,2727,王品,236.5,236.5,233.0,235.5,332,116,9,1,27.28,72.71,100.0
2026-05-12,2729,瓦城,165.0,165.0,164.5,164.5,9,-1,0,0,2.07,97.92,100.0
2026-05-12,2731,雄獅,159.5,160.0,158.0,158.0,1641,-630,21,-4,13.76,86.23,100.0
2026-05-12,2732,六角,65.8,65.8,65.5,65.6,55,-2,0,0,4.17,95.82,100.0
2026-05-12,2733,維格餅家,11.91,12.4,11.95,12.0,5,0,0,0,0.0,0.0,0.0
2026-05-12,2734,易飛網,15.55,15.65,15.5,15.65,72,-8,0,0,3.86,96.13,100.0
2026-05-12,2736,富野,12.45,12.5,12.3,12.4,60,-16,0,0,0.97,99.02,100.0
2026-05-12,2739,寒舍,34.7,34.8,34.2,34.25,97,-30,0,0,2.63,97.36,100.0
2026-05-12,2740,天蔥,38.9,38.9,38.9,38.9,2,0,0,0,1.67,98.32,100.0
2026-05-12,2740,華軒,38.9,38.9,38.9,38.9,2,0,0,0,1.67,98.32,100.0
2026-05-12,2741,老四川,21.42,22.0,21.0,21.7,74,4,0,0,0.0,0.0,0.0
2026-05-12,2743,山富,69.5,69.8,69.5,69.5,101,-12,0,0,2.88,97.11,100.0
2026-05-12,2745,五福,101.5,102.5,101.5,101.5,144,-25,0,-1,3.63,96.36,100.0
2026-05-12,2748,雲品,40.1,40.15,39.9,39.95,151,4,0,-2,1.14,98.85,100.0
2026-05-12,2751,王座,54.0,54.0,53.1,53.9,28,0,0,0,0.42,99.57,100.0
2026-05-12,2752,豆府,182.5,182.5,181.5,181.5,16,0,0,0,1.29,98.7,100.0
2026-05-12,2753,八方雲集,179.0,179.5,178.0,178.5,255,-96,-4,-2,5.12,94.87,100.0
2026-05-12,2754,亞洲藏壽司,70.8,71.3,70.0,71.2,91,6,0,0,68.14,31.85,100.0
2026-05-12,2755,揚秦,132.5,133.0,131.0,131.5,67,6,0,0,1.14,98.85,100.0
2026-05-12,2756,聯發國際,62.9,62.9,62.7,62.7,12,-1,0,0,1.6,98.39,100.0
2026-05-12,2758,路易莎咖啡,71.07,72.0,68.0,69.4,51,0,0,0,0.0,0.0,0.0
2026-05-12,2760,巨宇翔,20.9,21.8,21.4,21.8,2,0,0,0,0.0,0.0,0.0
2026-05-12,2761,橘焱胡同,15.74,15.8,15.05,15.5,26,0,0,0,0.0,0.0,0.0
2026-05-12,2762,世界健身-KY,75.4,76.9,74.5,76.9,192,-27,0,0,87.16,12.83,100.0
2026-05-12,2801,彰銀,20.9,20.95,20.6,20.6,32750,-22780,-633,-243,18.06,81.93,100.0
2026-05-12,2812,台中銀,19.8,19.8,19.6,19.6,16289,-6529,-15,-135,8.11,91.88,100.0
2026-05-12,2816,旺旺保,30.75,31.3,30.55,31.1,495,-135,0,0,1.84,98.15,100.0
2026-05-12,2820,華票,17.0,17.1,16.9,16.9,1736,-437,5,-23,8.88,91.11,100.0
2026-05-12,2832,台產,53.9,53.9,53.1,53.6,209,54,0,2,3.91,96.08,100.0
2026-05-12,2834,臺企銀,16.15,16.15,16.0,16.0,39027,-20867,-55,-266,16.88,83.11,100.0
2026-05-12,2836,高雄銀,11.85,11.95,11.85,11.85,1246,-479,0,-33,7.4,92.59,100.0
2026-05-12,2838,聯邦銀,20.75,20.8,20.5,20.55,1529,-256,-9,-92,4.29,95.7,100.0
2026-05-12,2845,遠東銀,12.2,12.25,12.15,12.15,8751,-2251,-26,-136,8.95,91.04,100.0
2026-05-12,2849,安泰銀,13.8,13.8,13.55,13.55,112,-63,0,-5,58.9,41.09,100.0
2026-05-12,2850,新產,136.0,136.0,133.0,133.0,333,-61,-27,-5,10.24,89.75,100.0
2026-05-12,2851,中再保,33.0,34.7,32.85,34.1,10620,4281,10,-13,7.83,92.16,100.0
2026-05-12,2852,第一保,26.1,26.25,26.05,26.2,507,73,-3,-5,4.75,95.24,100.0
2026-05-12,2855,統一證,43.7,43.8,41.65,41.8,17564,-6550,438,0,13.85,86.14,100.0
2026-05-12,2867,三商壽,7.79,7.79,7.69,7.7,7296,256,0,-461,18.08,81.91,100.0
2026-05-12,2880,華南金,33.5,33.5,32.55,32.55,22674,-7671,-690,-1371,17.42,82.57,100.0
2026-05-12,2881,富邦金,96.0,96.0,93.7,93.7,36169,-1610,-6072,-579,16.36,83.63,100.0
2026-05-12,2882,國泰金,78.7,79.5,76.4,76.4,44745,-8338,-3319,-737,20.11,79.88,100.0
2026-05-12,2883,凱基金,22.8,22.8,21.6,21.6,75956,-21932,-6866,-2233,30.72,69.27,100.0
2026-05-12,2884,玉山金,32.3,32.3,31.75,31.8,48368,-10937,-5374,-1259,30.59,69.4,100.0
2026-05-12,2885,元大金,57.3,57.3,54.6,54.6,31911,-8398,-3908,-748,26.0,73.99,100.0
2026-05-12,2886,兆豐金,40.1,40.1,39.2,39.2,23345,-7427,-485,-1142,21.7,78.29,100.0
2026-05-12,2887,台新新光金,23.6,23.65,23.0,23.0,139438,43324,-76326,553,23.06,76.93,100.0
2026-05-12,2889,國票金,14.8,14.85,14.6,14.8,3792,-1219,-11,-99,8.51,91.48,100.0
2026-05-12,2890,永豐金,30.8,31.5,30.55,30.55,54546,2098,-1039,-1655,28.01,71.98,100.0
2026-05-12,2891,中信金,54.9,54.9,53.5,53.5,89185,-25961,-15292,-1092,33.69,66.3,100.0
2026-05-12,2892,第一金,29.55,29.7,29.15,29.4,41174,10374,-363,-274,27.32,72.67,100.0
2026-05-12,2897,王道銀行,10.25,10.3,10.15,10.2,2856,288,9,-47,7.0,92.99,100.0
2026-05-12,2901,欣欣,23.45,23.45,22.9,23.0,26,-5,0,0,0.31,99.68,100.0
2026-05-12,2903,遠百,22.25,22.25,22.0,22.1,2024,-1065,-77,59,7.99,92.0,100.0
2026-05-12,2904,匯僑,15.6,15.65,15.5,15.55,58,-7,0,0,0.48,99.51,100.0
2026-05-12,2905,三商,13.35,13.45,13.25,13.25,457,-88,0,-13,3.71,96.28,100.0
2026-05-12,2906,高林,12.35,12.4,12.3,12.3,138,-8,0,-3,1.67,98.32,100.0
2026-05-12,2908,特力,20.95,20.95,20.55,20.7,311,-115,0,-1,1.63,98.36,100.0
2026-05-12,2910,統領,22.9,22.9,21.75,21.8,16,-10,0,0,0.27,99.72,100.0
2026-05-12,2911,麗嬰房,4.99,5.0,4.91,4.92,32,0,0,0,20.77,79.22,100.0
2026-05-12,2912,統一超,227.5,230.0,226.0,226.0,1493,86,-38,-16,19.65,80.34,100.0
2026-05-12,2913,農林,11.3,11.3,11.2,11.2,1014,-80,0,-13,5.29,94.7,100.0
2026-05-12,2915,潤泰全,43.6,43.75,43.15,43.5,1494,-69,0,-21,5.54,94.45,100.0
2026-05-12,2916,滿心,44.8,44.95,44.2,44.6,159,10,0,0,21.33,78.66,100.0
2026-05-12,2923,鼎固-KY,27.35,28.0,25.45,25.55,157,-23,0,-2,99.42,0.57,100.0
2026-05-12,2924,宏太-KY,17.25,17.25,17.25,17.25,1,0,0,0,66.79,33.2,100.0
2026-05-12,2926,誠品生活,37.0,37.0,36.3,36.3,14,-1,0,0,1.12,98.87,100.0
2026-05-12,2929,淘帝-KY,5.51,5.55,5.47,5.5,518,-109,0,-6,18.01,81.98,100.0
2026-05-12,2937,集雅社,44.4,45.2,44.4,45.0,7,-1,0,1,0.08,99.91,100.0
2026-05-12,2938,床的世界,23.06,23.05,22.9,23.05,5,0,0,0,0.0,0.0,0.0
2026-05-12,2939,永邑-KY,24.5,24.7,24.35,24.7,9,-1,0,-1,19.92,80.07,100.0
2026-05-12,2940,歐都納,23.52,0.0,0.0,0.0,0,0,0,0,0.0,0.0,0.0
2026-05-12,2941,米斯特,29.1,29.85,29.1,29.85,10,2,0,0,0.47,99.52,100.0
2026-05-12,2942,京站,37.36,37.35,37.3,37.3,2,0,0,0,0.0,0.0,0.0
2026-05-12,2945,三商家購,41.2,41.4,41.0,41.35,18,-3,0,0,0.38,99.61,100.0
2026-05-12,2947,振宇五金,78.5,79.0,78.4,78.4,28,1,0,0,0.09,99.9,100.0
2026-05-12,2948,寶陞,37.9,38.1,37.9,38.1,10,0,0,0,0.0,99.99,100.0
2026-05-12,2949,欣新網,54.8,54.8,53.0,53.3,12,0,0,0,0.02,99.97,100.0
2026-05-12,3002,歐格,17.8,18.1,17.25,17.25,346,2,0,0,2.54,97.45,100.0
2026-05-12,3003,健和興,58.6,60.8,57.5,59.8,2186,-253,0,-2,3.64,96.35,100.0
2026-05-12,3004,豐達科,114.5,114.5,112.0,113.5,342,-71,0,2,2.79,97.2,100.0
2026-05-12,3005,神基,100.0,100.5,98.2,98.5,2728,-1154,-26,-94,9.35,90.64,100.0
2026-05-12,3006,晶豪科,227.0,227.5,210.0,220.0,40934,2286,14,-290,30.87,69.12,100.0
2026-05-12,3008,大立光,2600.0,2795.0,2580.0,2795.0,3209,228,154,202,31.76,68.23,100.0
2026-05-12,3010,華立,137.0,141.0,135.5,141.0,2731,20,-55,67,17.82,82.17,100.0
2026-05-12,3011,今皓,13.85,13.9,13.25,13.45,1582,-125,0,0,2.63,97.36,100.0
2026-05-12,3013,晟銘電,113.5,114.0,108.5,110.0,2957,-143,0,-55,4.21,95.78,100.0
2026-05-12,3014,聯陽,144.0,146.5,137.5,140.0,7534,36,-7,10,20.52,79.47,100.0
2026-05-12,3015,全漢,51.1,51.1,50.2,50.2,253,-2,0,-4,8.96,91.03,100.0
2026-05-12,3016,嘉晶,129.0,130.5,121.0,121.5,2318,-375,0,-71,7.99,92.0,100.0
2026-05-12,3017,奇鋐,2625.0,2625.0,2520.0,2520.0,5010,-1080,785,-50,53.74,46.25,100.0
2026-05-12,3018,隆銘綠能,10.6,10.6,10.6,10.6,7,0,0,0,0.22,99.77,100.0
2026-05-12,3019,亞光,148.5,149.0,142.5,144.0,5671,-288,0,-183,5.32,94.67,100.0
2026-05-12,3021,鴻名,16.55,16.55,16.15,16.15,100,-9,0,-1,3.93,96.06,100.0
2026-05-12,3022,威強電,69.5,70.1,68.3,69.7,1028,220,0,-2,15.3,84.69,100.0
2026-05-12,3023,信邦,305.5,311.0,297.5,301.5,1992,137,-1,-26,44.62,55.37,100.0
2026-05-12,3024,憶聲,14.7,14.95,14.6,14.85,2834,457,0,-8,2.63,97.36,100.0
2026-05-12,3025,星通,64.5,64.5,62.7,62.9,492,47,0,0,7.09,92.9,100.0
2026-05-12,3026,禾伸堂,328.5,339.0,325.0,330.0,2669,367,-12,174,15.35,84.64,100.0
2026-05-12,3027,盛達,18.3,18.4,18.1,18.25,279,129,0,8,1.71,98.28,100.0
2026-05-12,3028,增你強,76.5,76.8,73.6,74.8,6133,645,0,-206,11.89,88.1,100.0
2026-05-12,3029,零壹,99.2,99.7,97.4,99.0,983,-16,-9,-3,3.28,96.71,100.0
2026-05-12,3030,德律,399.5,410.0,391.0,408.0,1406,76,0,26,14.53,85.46,100.0
2026-05-12,3031,佰鴻,30.2,30.3,29.2,29.85,1849,359,-6,-2,2.73,97.26,100.0
2026-05-12,3032,偉訓,78.0,81.2,77.1,78.7,4301,-737,0,-41,2.54,97.45,100.0
2026-05-12,3033,威健,44.0,44.6,42.25,44.45,16919,5852,-31,-337,18.44,81.55,100.0
2026-05-12,3034,聯詠,497.5,500.0,476.0,487.0,9533,3403,-198,-242,36.73,63.26,100.0
2026-05-12,3035,智原,200.5,210.5,187.0,208.5,40874,-2047,0,1027,10.22,89.77,100.0
2026-05-12,3036,文曄,270.0,283.0,260.0,275.5,43177,-8350,7615,-488,22.54,77.43,100.0
2026-05-12,3037,欣興,904.0,926.0,872.0,875.0,30082,1088,2464,-128,38.31,61.68,100.0
2026-05-12,3038,全台,22.5,22.6,22.25,22.45,335,71,-1,-7,8.44,91.55,100.0
2026-05-12,3040,遠見,40.0,40.25,39.0,39.0,221,8,-3,0,0.62,99.37,100.0
2026-05-12,3041,揚智,25.1,25.65,24.1,24.55,1522,3,0,0,4.24,95.75,100.0
2026-05-12,3042,晶技,157.0,157.0,146.5,149.5,11995,1277,-59,-153,18.95,81.04,100.0
2026-05-12,3043,科風,20.15,20.3,19.85,20.1,145,-21,0,0,1.23,98.76,100.0
2026-05-12,3044,健鼎,496.0,508.0,481.0,481.0,6607,33,171,-75,47.93,52.06,100.0
2026-05-12,3045,台灣大,110.0,110.5,110.0,110.0,5413,587,-739,-329,13.86,32.68,46.55
2026-05-12,3046,建碁,52.7,52.7,51.3,52.0,317,-18,0,20,4.45,95.54,100.0
2026-05-12,3047,訊舟,14.65,14.75,14.4,14.55,1110,518,0,6,2.73,97.26,100.0
2026-05-12,3048,益登,45.0,47.0,43.6,46.9,19697,3959,0,-51,6.89,93.1,100.0
2026-05-12,3049,精金,13.5,13.55,12.95,12.95,9134,-1397,0,0,2.43,97.56,100.0
2026-05-12,3050,鈺德,12.35,12.45,12.05,12.35,1163,0,0,-3,6.82,93.17,100.0
2026-05-12,3051,力特,26.35,26.5,25.5,26.0,1675,294,0,-2,1.56,98.43,100.0
2026-05-12,3052,夆典,10.75,10.85,10.65,10.75,423,-63,0,-1,1.5,98.49,100.0
2026-05-12,3054,立萬利,69.1,69.1,67.3,68.5,246,-47,0,0,0.5,99.49,100.0
2026-05-12,3055,蔚華科,106.5,110.0,106.0,110.0,4419,1169,0,280,2.85,97.14,100.0
2026-05-12,3056,富華新,13.75,13.75,13.35,13.35,812,-152,0,-18,3.88,96.11,100.0
2026-05-12,3057,喬鼎,21.65,21.7,20.4,20.45,867,-166,0,0,2.43,97.56,100.0
2026-05-12,3058,立德,8.3,9.0,8.3,8.77,1439,-138,0,5,2.4,97.59,100.0
2026-05-12,3059,華晶科,40.3,40.3,38.9,39.3,3770,-103,-1,-28,9.56,90.43,100.0
2026-05-12,3060,銘異,28.95,29.0,28.05,28.55,1648,197,0,-2,8.41,91.58,100.0
2026-05-12,3062,建漢,28.9,29.3,28.2,29.0,21881,-1594,0,-11,10.41,89.58,100.0
2026-05-12,3064,泰偉,20.55,20.55,20.55,20.55,3,0,0,0,0.12,99.87,100.0
2026-05-12,3066,李洲,18.45,18.9,18.0,18.45,358,40,0,0,0.73,99.26,100.0
2026-05-12,3067,全域,17.5,17.5,17.5,17.5,9,1,0,0,0.02,99.97,100.0
2026-05-12,3071,協禧,31.15,31.15,30.05,30.1,630,-129,0,0,2.08,97.91,100.0
2026-05-12,3073,天方能源,22.3,22.5,21.35,21.45,151,53,0,0,2.21,97.78,100.0
2026-05-12,3078,僑威,57.1,57.4,56.3,56.5,832,-171,0,0,18.14,81.85,100.0
2026-05-12,3081,聯亞,3055.0,3055.0,2955.0,3055.0,4193,481,78,-2,21.77,78.22,100.0
2026-05-12,3083,網龍,27.05,27.05,26.45,26.8,164,-90,0,0,1.33,98.66,100.0
2026-05-12,3085,新零售,13.5,14.2,13.5,14.2,154,0,0,0,5.69,94.3,100.0
2026-05-12,3086,華義*,40.0,40.65,39.1,39.15,498,-159,0,-2,40.55,59.44,100.0
2026-05-12,3088,艾訊,131.0,132.0,126.5,132.0,2173,712,0,-52,15.47,84.52,100.0
2026-05-12,3090,日電貿,118.0,122.5,112.5,120.5,16522,-2232,0,342,9.61,90.38,100.0
2026-05-12,3092,鴻碩,30.3,30.8,30.25,30.8,307,-11,0,0,1.46,98.53,100.0
2026-05-12,3093,港建*,59.1,59.4,57.0,57.5,1484,106,0,0,68.52,31.47,100.0
2026-05-12,3094,聯傑,30.65,32.3,29.3,31.4,3155,87,0,15,1.98,98.01,100.0
2026-05-12,3095,及成,45.0,46.5,44.7,45.35,126,7,0,3,3.88,96.11,100.0
2026-05-12,3097,拍檔,26.99,27.3,25.9,26.15,39,0,0,0,0.0,0.0,0.0
2026-05-12,3105,穩懋,555.0,559.0,510.0,512.0,32042,-5906,-150,-108,28.03,71.96,100.0
2026-05-12,3114,好德,26.3,26.35,25.75,26.05,55,-17,0,0,0.9,99.09,100.0
2026-05-12,3115,富榮綱,9.99,9.99,9.33,9.59,20,0,0,0,1.7,98.29,100.0
2026-05-12,3117,年程,27.44,28.4,24.0,24.9,364,5,0,0,0.0,0.0,0.0
2026-05-12,3118,進階,33.8,33.8,33.55,33.65,25,0,0,0,0.35,99.64,100.0
2026-05-12,3122,笙泉,38.15,41.6,37.55,38.9,1596,16,0,0,3.26,96.73,100.0
2026-05-12,3128,昇銳,23.45,23.45,22.85,23.05,195,-62,0,0,3.8,96.19,100.0
2026-05-12,3130,一零四,222.0,223.0,222.0,222.0,15,-3,0,0,20.98,79.01,100.0
2026-05-12,3131,弘塑,3095.0,3215.0,3025.0,3140.0,804,108,-104,-4,37.34,62.65,100.0
2026-05-12,3135,凌航,209.0,213.5,208.0,213.5,6047,1668,0,-137,5.3,94.69,100.0
2026-05-12,3138,耀登,158.0,162.5,156.0,160.5,1489,91,0,2,1.15,98.84,100.0
2026-05-12,3141,晶宏,57.6,63.0,56.5,63.0,3953,464,0,44,11.94,88.05,100.0
2026-05-12,3147,大綜,183.0,183.5,175.5,177.5,243,-9,0,-1,2.55,97.44,100.0
2026-05-12,3149,正達,51.0,53.4,49.9,51.4,15371,1551,0,-1,3.74,96.25,100.0
2026-05-12,3150,鈺寶-創,18.15,19.15,18.15,18.7,105,12,0,7,1.03,98.96,100.0
2026-05-12,3152,璟德,176.0,176.5,170.5,175.5,736,132,0,-13,15.83,84.16,100.0
2026-05-12,3158,嘉實,89.0,89.0,88.2,88.3,24,-3,0,0,1.61,98.38,100.0
2026-05-12,3162,精確,89.1,91.1,86.9,88.2,4321,-408,0,0,47.12,52.87,100.0
2026-05-12,3163,波若威,1100.0,1130.0,1065.0,1065.0,538,132,-42,5,33.15,66.84,100.0
2026-05-12,3164,景岳,17.5,17.7,17.3,17.6,66,-22,0,-3,0.51,99.48,100.0
2026-05-12,3167,大量,736.0,770.0,736.0,760.0,785,203,-29,-6,13.01,86.98,100.0
2026-05-12,3168,眾福科,45.45,45.45,44.4,44.5,35,-13,0,0,1.24,98.75,100.0
2026-05-12,3169,亞信,118.5,118.5,110.5,111.5,982,-258,0,-6,3.85,96.14,100.0
2026-05-12,3171,新洲,66.9,67.9,64.5,67.2,124,2,0,0,0.63,99.36,100.0
2026-05-12,3171,炎洲流通,66.9,67.9,64.5,67.2,124,2,0,0,0.63,99.36,100.0
2026-05-12,3176,基亞,32.6,32.6,31.6,31.8,332,-115,0,0,4.7,95.29,100.0
2026-05-12,3178,公準,67.0,67.8,66.9,67.0,91,5,0,0,1.98,98.01,100.0
2026-05-12,3184,微邦,27.76,32.0,25.9,30.7,3291,6,0,0,0.0,0.0,0.0
2026-05-12,3188,鑫龍騰,24.35,24.35,24.0,24.15,296,25,0,0,2.32,97.67,100.0
2026-05-12,3189,景碩,525.0,532.0,494.0,494.0,29425,-1011,-1166,-354,19.17,80.82,100.0
2026-05-12,3191,雲嘉南,14.6,14.6,14.3,14.3,3,0,0,0,0.05,99.94,100.0
2026-05-12,3205,佰研,56.9,56.9,54.7,54.8,318,-94,0,0,0.93,99.06,100.0
2026-05-12,3206,志豐,41.5,41.5,39.65,39.9,1285,-381,0,0,2.2,97.79,100.0
2026-05-12,3207,耀勝,59.8,60.3,58.1,58.4,452,90,0,0,4.48,95.51,100.0
2026-05-12,3209,全科,64.7,66.5,64.1,66.5,8106,958,130,9,19.53,80.46,100.0
2026-05-12,3211,順達,415.0,430.0,399.0,402.0,16611,-493,150,-111,17.1,82.89,100.0
2026-05-12,3213,茂訊,117.0,117.0,114.0,114.5,694,195,0,4,5.86,94.13,100.0
2026-05-12,3217,優群,184.5,186.0,178.5,182.5,4099,-209,0,4,4.37,95.62,100.0
2026-05-12,3218,大學光,137.5,137.5,132.0,133.5,305,-78,-6,0,4.92,95.07,100.0
2026-05-12,3219,倚強股份,76.6,83.0,75.6,83.0,2661,137,0,119,1.94,98.05,100.0
2026-05-12,3219,倚強科,76.6,83.0,75.6,83.0,2661,137,0,119,1.94,98.05,100.0
2026-05-12,3221,台嘉碩,43.9,44.95,41.5,43.8,5718,35,0,35,4.84,95.15,100.0
2026-05-12,3224,三顧,45.25,46.25,43.75,45.75,705,-26,0,-3,0.9,99.09,100.0
2026-05-12,3226,龍鋒,0.0,0.0,0.0,0.0,0,0,0,0,0.06,99.93,100.0
2026-05-12,3227,原相,232.0,233.0,224.0,228.5,2480,279,0,-91,27.24,72.67,100.0
2026-05-12,3228,金麗科,236.0,248.5,222.0,226.5,1847,-113,1,2,6.96,93.03,100.0
2026-05-12,3229,晟鈦,45.3,49.25,41.5,49.0,2226,-153,0,0,1.49,98.5,100.0
2026-05-12,3230,錦明,32.65,32.85,32.1,32.85,448,49,0,-1,3.91,96.08,100.0
2026-05-12,3231,緯創,139.0,143.0,135.5,141.5,75965,20508,-112,-191,28.8,71.19,100.0
2026-05-12,3232,昱捷,20.8,20.95,20.65,20.95,57,0,0,0,8.23,91.76,100.0
2026-05-12,3234,光環,99.8,107.0,98.6,107.0,3484,445,0,50,2.79,97.2,100.0
2026-05-12,3236,千如,34.9,36.0,33.5,35.35,9425,103,0,11,17.41,82.58,100.0
2026-05-12,3252,海灣,19.1,19.25,18.9,18.9,10,-2,0,0,2.22,97.77,100.0
2026-05-12,3257,虹冠電,56.2,56.2,54.5,55.5,362,-41,0,-2,1.14,98.85,100.0
2026-05-12,3259,鑫創,17.2,17.9,17.2,17.5,38,0,0,0,10.94,89.05,100.0
2026-05-12,3260,威剛,461.0,464.5,444.0,445.5,21420,-1027,-814,-229,17.33,82.66,100.0
2026-05-12,3264,欣銓,227.5,234.0,222.0,228.5,11199,369,-370,-91,28.63,71.36,100.0
2026-05-12,3265,台星科,181.5,182.0,177.5,178.5,1802,33,0,-69,10.24,89.75,100.0
2026-05-12,3266,昇陽,13.55,13.55,13.2,13.2,180,4,0,0,8.27,91.72,100.0
2026-05-12,3268,海德威,18.9,18.9,17.75,17.75,244,-49,0,0,0.92,99.07,100.0
2026-05-12,3272,東碩,18.7,20.15,18.3,18.6,314,-20,0,0,0.68,99.31,100.0
2026-05-12,3276,宇環,16.5,16.6,15.8,16.25,909,-86,0,3,0.99,99.0,100.0
2026-05-12,3284,太普高,17.65,17.65,16.65,16.7,289,16,0,0,0.79,99.2,100.0
2026-05-12,3285,微端,28.9,28.9,28.5,28.5,12,0,0,0,12.91,87.08,100.0
2026-05-12,3287,廣寰科,30.85,30.85,30.85,30.85,242,-5,0,1,1.45,98.54,100.0
2026-05-12,3288,點晶,15.1,15.4,15.0,15.25,20,0,0,0,0.14,99.85,100.0
2026-05-12,3289,宜特,186.0,188.0,180.5,181.5,4866,-240,0,-78,11.26,88.73,100.0
2026-05-12,3290,東浦,49.05,49.05,47.35,47.75,654,-230,0,0,6.53,93.46,100.0
2026-05-12,3293,鈊象,731.0,748.0,722.0,738.0,2003,274,-47,66,27.78,72.21,100.0
2026-05-12,3294,英濟,31.1,31.1,30.45,31.1,466,85,0,0,12.22,87.77,100.0
2026-05-12,3296,勝德,22.7,22.7,21.8,21.8,120,-53,0,0,2.28,97.71,100.0
2026-05-12,3297,杭特,33.35,33.35,32.6,32.85,54,-6,0,0,3.17,96.82,100.0
2026-05-12,3303,岱稜,50.5,50.5,48.95,49.8,1146,-179,0,-4,4.9,95.09,100.0
2026-05-12,3305,昇貿,117.0,128.5,116.5,128.5,22543,5093,0,412,7.98,92.01,100.0
2026-05-12,3306,鼎天,46.25,46.3,45.0,45.4,270,16,0,0,3.3,96.69,100.0
2026-05-12,3308,聯德,21.35,21.35,20.6,21.05,151,57,0,-2,0.86,99.13,100.0
2026-05-12,3310,佳穎,69.3,69.6,68.6,68.9,53,-4,0,0,0.19,99.8,100.0
2026-05-12,3311,閎暉,33.15,34.0,33.0,33.1,305,98,0,-2,1.74,98.25,100.0
2026-05-12,3312,弘憶股,44.3,45.85,43.5,45.6,4121,484,0,31,3.39,96.6,100.0
2026-05-12,3313,斐成,11.4,11.5,11.3,11.45,192,10,0,0,4.7,95.29,100.0
2026-05-12,3317,尼克森,67.0,69.0,66.7,67.9,6964,-326,0,3,10.54,89.45,100.0
2026-05-12,3321,同泰,16.45,17.2,16.0,16.9,513,86,0,0,1.83,98.16,100.0
2026-05-12,3322,建舜電,13.35,13.8,13.15,13.8,997,165,0,0,3.05,96.94,100.0
2026-05-12,3323,加百裕,36.95,37.7,36.1,37.0,4110,-470,0,16,12.52,87.47,100.0
2026-05-12,3324,雙鴻,1080.0,1085.0,1055.0,1060.0,2834,-320,-299,-54,28.04,71.95,100.0
2026-05-12,3325,旭品,12.65,12.65,12.1,12.3,503,74,0,0,0.73,99.26,100.0
2026-05-12,3332,幸康,66.5,66.5,64.2,65.8,36,1,0,0,0.92,99.07,100.0
2026-05-12,3338,泰碩,73.0,74.4,71.2,71.5,1335,-341,0,-2,3.57,96.42,100.0
2026-05-12,3339,泰谷,52.5,54.9,51.0,52.3,5052,381,0,0,8.64,91.35,100.0
2026-05-12,3346,麗清,16.85,17.0,16.4,16.55,598,-62,0,6,2.0,97.99,100.0
2026-05-12,3349,寶德,19.2,21.1,19.2,20.0,272,121,0,0,0.99,99.0,100.0
2026-05-12,3354,律勝,35.6,36.2,34.0,34.7,2416,30,0,0,2.13,97.86,100.0
2026-05-12,3356,奇偶,61.5,62.3,60.1,60.9,3446,-123,0,-1,7.58,92.41,100.0
2026-05-12,3357,臺慶科,187.0,196.0,180.0,194.0,7843,272,0,-77,15.34,84.65,100.0
2026-05-12,3360,尚立,15.2,16.0,14.75,16.0,6399,125,0,10,2.55,97.44,100.0
2026-05-12,3362,先進光,103.5,106.0,100.0,104.5,1078,-126,0,1,8.13,91.86,100.0
2026-05-12,3363,上詮,912.0,938.0,888.0,920.0,5613,457,35,1,19.72,80.27,100.0
2026-05-12,3372,典範,19.8,20.2,19.25,19.25,938,-32,0,4,1.17,98.82,100.0
2026-05-12,3373,熱映,16.9,16.9,16.65,16.75,101,-1,0,0,1.5,98.49,100.0
2026-05-12,3374,精材,248.0,265.0,236.5,255.5,33752,-28,474,868,13.11,86.88,100.0
2026-05-12,3376,新日興,206.5,206.5,201.0,204.0,3077,-293,-17,-9,17.49,82.5,100.0
2026-05-12,3379,彬台,36.6,36.6,35.0,35.5,403,33,0,0,2.91,97.08,100.0
2026-05-12,3380,明泰,32.35,32.65,31.8,32.2,2177,-167,0,-71,5.73,94.26,100.0
2026-05-12,3388,崇越電,120.5,121.0,120.5,121.0,2414,-167,0,-132,7.01,92.98,100.0
2026-05-12,3390,旭軟,27.85,27.9,26.9,27.7,1247,-202,0,-11,3.39,96.6,100.0
2026-05-12,3402,漢科,140.0,141.0,137.0,139.0,572,68,0,0,7.68,92.31,100.0
2026-05-12,3406,玉晶光,511.0,530.0,501.0,523.0,1813,-37,-49,66,41.81,58.18,100.0
2026-05-12,3413,京鼎,308.5,315.0,306.5,308.5,2217,170,-2,0,12.72,87.27,100.0
2026-05-12,3416,融程電,173.0,174.0,170.0,170.5,741,193,0,22,2.83,97.16,100.0
2026-05-12,3419,譁裕,14.35,14.4,13.8,14.15,569,-4,0,-1,1.9,98.09,100.0
2026-05-12,3426,台興,47.75,47.75,47.7,47.7,25,0,0,0,0.44,99.55,100.0
2026-05-12,3430,奇鈦科,155.0,179.5,151.5,178.0,9099,-543,0,-18,6.74,93.25,100.0
2026-05-12,3432,台端,19.8,20.0,19.05,19.3,259,14,0,0,3.1,96.89,100.0
2026-05-12,3434,哲固,28.6,28.9,28.5,28.65,70,-1,0,0,1.9,98.09,100.0
2026-05-12,3437,榮創,25.6,26.8,25.5,26.3,3012,613,0,-6,4.28,95.71,100.0
2026-05-12,3438,類比科,65.3,65.4,61.5,62.8,445,-11,0,0,3.03,96.96,100.0
2026-05-12,3441,聯一光,40.85,40.9,39.1,40.1,1018,19,0,0,2.46,97.53,100.0
2026-05-12,3443,創意,5950.0,5950.0,5510.0,5570.0,2615,-256,278,-45,27.6,72.39,100.0
2026-05-12,3444,利機,92.0,94.6,89.1,94.5,762,114,0,0,11.58,88.41,100.0
2026-05-12,3447,展達,38.85,39.05,37.8,38.7,180,81,0,2,1.18,98.81,100.0
2026-05-12,3450,聯鈞,455.0,470.5,455.0,470.5,19389,5718,50,22,25.62,74.37,100.0
2026-05-12,3455,由田,292.0,295.0,290.0,292.0,537,209,0,-11,19.7,80.29,100.0
2026-05-12,3465,進泰電子,28.75,29.0,27.95,28.25,34,2,0,0,4.7,95.29,100.0
2026-05-12,3466,德晉,39.85,40.75,38.45,39.05,785,174,0,5,17.29,82.7,100.0
2026-05-12,3467,台灣精材,72.1,74.5,70.3,71.0,524,51,0,0,1.41,98.58,100.0
2026-05-12,3473,智通聯網,95.77,98.0,95.1,97.9,13,0,0,0,0.0,0.0,0.0
2026-05-12,3479,安勤,97.1,97.3,95.8,96.3,466,23,0,0,5.77,94.22,100.0
2026-05-12,3481,群創,34.7,35.5,33.6,35.5,833426,81994,-74,849,28.28,71.71,100.0
2026-05-12,3483,力致,91.2,92.0,89.6,91.7,916,162,0,3,7.33,92.66,100.0
2026-05-12,3484,崧騰,43.85,43.9,43.15,43.15,298,-29,0,0,7.62,92.37,100.0
2026-05-12,3485,敘豐,309.5,314.0,285.5,308.0,681,-20,0,0,0.24,99.75,100.0
2026-05-12,3489,森寶,22.4,22.4,22.05,22.15,83,-24,0,0,0.72,99.27,100.0
2026-05-12,3490,單井,31.1,31.15,30.15,31.05,969,131,0,0,5.97,94.02,100.0
2026-05-12,3491,昇達科,1865.0,1865.0,1745.0,1765.0,2750,-165,90,-13,31.46,68.53,100.0
2026-05-12,3492,長盛,22.85,22.85,22.6,22.65,74,5,0,0,0.58,99.41,100.0
2026-05-12,3494,誠研,7.96,7.98,7.71,7.78,108,-5,0,-3,1.74,98.25,100.0
2026-05-12,3498,陽程,112.0,112.5,110.0,112.5,3897,856,0,158,16.14,83.85,100.0
2026-05-12,3499,環天科,15.05,15.05,14.5,14.8,178,22,0,0,0.67,99.32,100.0
2026-05-12,3501,維熹,46.55,46.55,44.65,44.75,1102,-221,0,-3,3.28,96.71,100.0
2026-05-12,3504,揚明光,63.8,65.8,62.5,65.6,793,10,0,-2,3.61,96.38,100.0
2026-05-12,3508,位速,20.85,21.5,20.1,21.1,384,-28,0,0,0.42,99.57,100.0
2026-05-12,3511,矽瑪,21.8,21.8,20.7,20.9,592,210,0,0,3.58,96.41,100.0
2026-05-12,3512,皇龍,20.35,20.4,20.1,20.35,56,-4,0,0,0.47,99.52,100.0
2026-05-12,3515,華擎,234.5,235.0,229.0,231.5,787,-90,-2,-3,7.39,92.6,100.0
2026-05-12,3516,亞帝歐,20.95,21.5,20.6,21.0,166,-14,0,0,0.53,99.46,100.0
2026-05-12,3518,柏騰,37.35,39.25,36.8,37.6,2760,583,0,-2,6.72,93.27,100.0
2026-05-12,3520,華盈,15.45,15.45,15.05,15.2,206,-43,0,0,1.38,98.61,100.0
2026-05-12,3521,鴻翊,13.3,13.3,12.9,12.95,131,4,0,0,0.37,99.62,100.0
2026-05-12,3521,台鋼建設,13.3,13.3,12.9,12.95,131,4,0,0,0.37,99.62,100.0
2026-05-12,3522,御頂,12.2,12.6,12.15,12.55,137,-16,0,0,0.28,99.71,100.0
2026-05-12,3522,御嵿,12.2,12.6,12.15,12.55,137,-16,0,0,0.28,99.71,100.0
2026-05-12,3523,迎輝,12.2,12.4,11.8,12.4,788,0,0,0,0.09,99.9,100.0
2026-05-12,3526,凡甲,387.0,395.0,380.0,391.5,1117,169,-190,14,20.48,79.51,100.0
2026-05-12,3527,聚積,63.5,63.5,60.2,61.3,394,3,0,0,7.01,92.98,100.0
2026-05-12,3528,安馳,82.5,82.9,76.8,79.0,1292,167,0,2,4.97,95.02,100.0
2026-05-12,3529,力旺,4460.0,4460.0,4035.0,4115.0,1851,82,78,30,66.52,33.47,100.0
2026-05-12,3530,晶相光,72.2,73.8,67.3,70.0,1020,-267,0,-1,41.05,58.94,100.0
2026-05-12,3531,先益,22.7,23.7,22.6,23.1,16,0,0,0,19.28,80.71,100.0
2026-05-12,3532,台勝科,269.0,269.0,260.0,264.5,691,-7,0,123,44.53,55.46,100.0
2026-05-12,3533,嘉澤,2815.0,2905.0,2800.0,2800.0,1299,-161,78,0,45.29,54.7,100.0
2026-05-12,3535,晶彩科,128.5,130.0,126.0,127.5,2483,64,0,-4,1.77,98.22,100.0
2026-05-12,3537,堡達,48.15,49.45,47.45,48.45,675,126,0,0,2.86,97.13,100.0
2026-05-12,3540,曜越,27.6,28.25,26.55,27.95,711,-22,0,0,3.11,96.88,100.0
2026-05-12,3541,西柏,23.05,23.3,22.85,23.2,53,1,0,0,1.0,98.99,100.0
2026-05-12,3543,州巧,38.6,39.3,38.15,38.25,1067,201,0,0,7.35,92.64,100.0
2026-05-12,3545,敦泰,58.3,58.6,55.6,57.9,3348,-232,-1,0,13.88,86.11,100.0
2026-05-12,3546,宇峻,68.0,68.8,67.4,68.7,119,-9,0,5,9.95,90.04,100.0
2026-05-12,3548,兆利,102.0,102.0,99.6,99.9,514,52,0,-25,8.24,91.75,100.0
2026-05-12,3550,聯穎,21.85,21.95,19.95,20.3,3458,-75,0,-157,4.81,95.18,100.0
2026-05-12,3551,世禾,218.0,219.5,211.5,216.0,3496,-300,0,-40,4.7,95.29,100.0
2026-05-12,3552,同致,55.8,56.4,54.4,56.4,342,44,0,3,11.59,88.4,100.0
2026-05-12,3555,博士旺,218.0,232.0,218.0,220.5,294,-92,0,0,1.67,98.32,100.0
2026-05-12,3556,禾瑞亞,54.9,54.9,52.4,53.5,476,-101,0,0,5.59,94.4,100.0
2026-05-12,3557,嘉威,27.0,27.3,26.25,26.3,268,21,0,5,1.61,98.38,100.0
2026-05-12,3558,神準,111.5,116.0,109.0,114.0,343,65,0,0,4.21,95.78,100.0
2026-05-12,3563,牧德,813.0,820.0,795.0,815.0,1213,106,-152,-19,8.12,91.87,100.0
2026-05-12,3564,其陽,43.0,43.0,41.0,41.8,165,-19,0,0,3.33,96.66,100.0
2026-05-12,3567,逸昌,29.4,29.4,28.2,29.0,202,34,0,0,2.96,97.03,100.0
2026-05-12,3570,大塚,180.0,180.0,169.0,173.5,275,0,0,0,45.31,54.68,100.0
2026-05-12,3576,聯合再生,17.75,18.35,17.25,17.3,18718,-436,0,-62,10.79,89.2,100.0
2026-05-12,3577,泓格,89.8,92.3,88.4,90.6,332,-1,0,-41,2.66,97.33,100.0
2026-05-12,3580,友威科,97.0,103.0,94.0,102.5,4439,532,0,0,11.35,88.64,100.0
2026-05-12,3581,博磊,240.0,240.0,229.0,234.0,224,54,0,9,17.35,82.64,100.0
2026-05-12,3583,辛耘,906.0,952.0,847.0,952.0,5891,-561,93,-14,19.22,80.77,100.0
2026-05-12,3585,聯致,107.28,116.0,103.5,110.0,2922,28,0,0,0.0,0.0,0.0
2026-05-12,3587,閎康,378.0,385.5,372.0,385.5,6270,926,0,2,13.48,86.51,100.0
2026-05-12,3588,通嘉,64.0,64.0,61.0,62.3,598,26,0,0,3.79,96.2,100.0
2026-05-12,3591,艾笛森,23.4,24.8,23.15,24.55,2769,219,0,-3,4.96,95.03,100.0
2026-05-12,3592,瑞鼎,265.0,267.5,259.5,261.0,1534,206,14,-17,16.05,83.94,100.0
2026-05-12,3593,力銘,17.1,18.45,17.1,17.95,38,1,0,0,0.25,99.74,100.0
2026-05-12,3594,磐儀,56.0,56.6,53.5,53.5,809,-101,0,16,2.37,97.62,100.0
2026-05-12,3595,山太士,2710.17,2985.0,2795.0,2910.0,847,91,0,0,0.0,0.0,0.0
2026-05-12,3596,智易,184.0,186.0,180.5,181.0,2190,221,1,-63,29.7,70.29,100.0
2026-05-12,3597,映興,27.05,29.0,26.8,27.55,560,-39,0,0,0.73,99.26,100.0
2026-05-12,3603,建祥國際,8.8,8.8,7.88,8.23,51,0,0,0,0.0,0.0,0.0
2026-05-12,3605,宏致,82.6,84.0,80.7,81.8,5109,642,0,-19,11.83,88.16,100.0
2026-05-12,3607,谷崧,14.55,14.8,14.25,14.4,804,-381,0,-3,6.01,93.98,100.0
2026-05-12,3609,三一東林,22.9,23.35,22.3,23.05,158,58,0,0,3.3,96.69,100.0
2026-05-12,3611,鼎翰,191.0,191.5,188.0,189.5,81,-17,0,0,11.95,88.04,100.0
2026-05-12,3615,安可,33.4,33.85,32.05,32.85,1356,114,0,0,5.18,94.81,100.0
2026-05-12,3617,碩天,202.5,202.5,193.0,194.0,641,-157,0,-5,9.14,90.85,100.0
2026-05-12,3622,洋華,57.4,57.5,56.2,56.6,409,-103,0,-4,3.75,96.24,100.0
2026-05-12,3623,富晶通,23.1,23.25,22.85,23.0,56,-7,0,0,2.84,97.15,100.0
2026-05-12,3624,光頡,63.1,68.3,61.5,66.3,14461,1925,0,414,50.29,49.7,100.0
2026-05-12,3625,西勝,15.1,15.2,14.65,14.65,652,-58,0,0,5.43,94.56,100.0
2026-05-12,3628,盈正,67.7,68.4,67.0,67.4,139,0,0,0,4.88,95.11,100.0
2026-05-12,3629,地心引力,18.8,18.8,18.8,18.8,1,0,0,0,0.02,99.97,100.0
2026-05-12,3630,新鉅科,26.6,26.95,26.05,26.3,1046,209,0,-3,39.53,60.46,100.0
2026-05-12,3631,晟楠,41.35,42.8,39.65,41.45,714,-37,0,-4,8.13,91.86,100.0
2026-05-12,3632,研勤,8.35,8.35,8.31,8.32,31,0,0,0,0.29,99.7,100.0
2026-05-12,3633,云光,129.35,134.0,128.5,131.5,85,3,0,0,0.0,0.0,0.0
2026-05-12,3645,達邁,102.5,108.5,100.5,107.5,16309,-1478,-8,103,13.65,86.34,100.0
2026-05-12,3646,艾恩特,23.0,23.2,23.0,23.2,9,1,0,0,6.81,93.18,100.0
2026-05-12,3652,精聯,31.6,31.65,30.4,30.7,83,-33,0,0,0.63,99.36,100.0
2026-05-12,3653,健策,4050.0,4150.0,3865.0,3920.0,3524,-419,424,-126,26.62,73.37,100.0
2026-05-12,3659,百辰,24.9,25.15,24.0,24.0,25,-2,0,0,0.0,0.0,0.0
2026-05-12,3661,世芯-KY,5555.0,5640.0,5300.0,5310.0,3189,77,82,-83,54.83,45.16,100.0
2026-05-12,3663,鑫科,68.4,69.7,66.7,68.2,1925,-346,0,3,2.69,97.3,100.0
2026-05-12,3664,安瑞-KY,9.44,9.44,9.44,9.44,148,-1,0,0,37.98,62.01,100.0
2026-05-12,3665,貿聯-KY,3000.0,3010.0,2775.0,2775.0,3445,396,-201,-142,53.26,46.73,100.0
2026-05-12,3666,光耀,28.4,29.7,27.45,28.7,330,54,0,18,0.32,99.67,100.0
2026-05-12,3669,圓展,40.9,41.0,38.4,38.9,655,185,0,0,2.39,97.6,100.0
2026-05-12,3672,康聯訊,11.05,11.45,11.05,11.2,19,5,0,0,2.44,97.55,100.0
2026-05-12,3673,TPK-KY,60.6,63.5,60.4,60.6,16345,-2023,0,249,44.03,55.96,100.0
2026-05-12,3675,德微,245.5,257.0,240.0,240.0,2154,-161,0,-53,57.04,42.95,100.0
2026-05-12,3678,聯享,60.13,63.0,59.5,61.9,98,0,0,0,0.0,0.0,0.0
2026-05-12,3679,新至陞,119.5,120.0,118.5,118.5,71,-15,0,-1,8.92,91.07,100.0
2026-05-12,3680,家登,617.0,623.0,600.0,602.0,3618,-305,34,-37,23.36,76.63,100.0
2026-05-12,3684,榮昌,58.7,58.7,57.6,58.4,122,-3,0,0,1.27,98.72,100.0
2026-05-12,3685,元創精密,30.0,30.0,28.7,29.3,236,9,0,0,0.29,99.7,100.0
2026-05-12,3686,達能,17.2,17.2,17.0,17.05,215,-46,0,0,1.31,98.68,100.0
2026-05-12,3687,歐買尬,64.9,64.9,64.2,64.6,82,-8,0,3,4.84,95.15,100.0
2026-05-12,3689,湧德,124.5,126.5,122.5,124.0,2112,25,0,11,5.49,94.5,100.0
2026-05-12,3691,碩禾,147.0,155.0,144.0,155.0,3053,204,0,18,9.89,90.1,100.0
2026-05-12,3693,營邦,601.0,605.0,570.0,593.0,1887,-152,0,22,10.89,89.1,100.0
2026-05-12,3694,海華,57.5,57.5,55.4,56.1,1288,-287,0,-5,4.4,95.59,100.0
2026-05-12,3701,大眾控,63.6,65.5,62.4,62.6,3703,-137,0,2,4.46,95.53,100.0
2026-05-12,3702,大聯大,114.0,116.0,111.5,114.0,13478,2537,-3033,-584,35.41,64.58,100.0
2026-05-12,3703,欣陸,20.8,20.8,20.45,20.5,1868,-1477,0,-25,20.47,79.52,100.0
2026-05-12,3704,合勤控,35.85,37.45,35.8,37.05,5392,1871,0,-9,10.08,89.91,100.0
2026-05-12,3705,永信,55.6,55.6,55.3,55.4,191,-39,0,-3,7.19,92.8,100.0
2026-05-12,3706,神達,87.0,87.5,84.7,85.9,12996,1300,29,-274,10.92,89.07,100.0
2026-05-12,3707,漢磊,74.7,78.4,72.7,77.2,22930,5373,0,2,13.05,86.94,100.0
2026-05-12,3708,上緯投控,122.5,124.5,120.5,121.5,1045,349,0,62,6.0,93.99,100.0
2026-05-12,3709,鑫聯大投控,86.0,86.5,80.3,82.0,9256,-2839,0,35,10.29,89.7,100.0
2026-05-12,3710,連展投控,6.02,6.4,6.02,6.38,585,23,0,0,2.28,97.71,100.0
2026-05-12,3711,日月光投控,537.0,579.0,533.0,555.0,30939,-2401,5151,45,78.48,21.51,100.0
2026-05-12,3712,永崴投控,20.3,20.35,19.85,19.9,684,10,0,-1,1.21,98.78,100.0
2026-05-12,3713,新晶投控,14.2,14.35,13.7,14.2,57,-7,0,0,0.41,99.58,100.0
2026-05-12,3714,富采,68.5,74.6,68.0,73.7,52502,8061,0,205,12.47,87.52,100.0
2026-05-12,3715,定穎投控,182.0,184.0,179.0,180.5,8670,-1230,30,46,9.28,90.71,100.0
2026-05-12,3716,中化控股,34.5,34.5,33.7,34.5,343,-70,0,-1,8.19,91.8,100.0
2026-05-12,3717,聯嘉投控,23.3,23.3,22.25,22.8,2514,290,0,31,3.84,96.15,100.0
2026-05-12,4102,永日,17.85,17.85,17.5,17.65,57,-5,0,0,1.35,98.64,100.0
2026-05-12,4104,佳醫,70.2,70.2,69.5,69.7,565,-131,0,0,3.54,96.45,100.0
2026-05-12,4105,東洋,75.3,75.3,74.6,75.3,524,-56,25,29,19.77,80.22,100.0
2026-05-12,4106,雃博,22.15,22.25,22.05,22.2,134,-20,0,-3,1.87,98.12,100.0
2026-05-12,4107,邦特,121.0,121.5,120.5,120.5,115,24,0,0,7.62,92.37,100.0
2026-05-12,4108,懷特,12.0,12.0,11.8,11.8,309,-60,0,0,1.13,98.86,100.0
2026-05-12,4109,加捷生醫,11.5,11.65,11.4,11.45,220,30,0,0,0.68,99.31,100.0
2026-05-12,4111,濟生,30.15,30.3,29.95,30.0,68,3,0,0,3.33,96.66,100.0
2026-05-12,4113,聯上,14.6,14.9,14.55,14.8,201,42,0,0,2.09,97.9,100.0
2026-05-12,4114,健喬,31.25,31.3,31.05,31.15,981,-111,0,-1,6.34,93.65,100.0
2026-05-12,4115,善德生技,9.98,10.0,8.98,9.25,110,1,0,0,0.0,0.0,0.0
2026-05-12,4116,明基醫,38.8,38.8,38.55,38.8,44,1,0,0,0.42,99.57,100.0
2026-05-12,4119,旭富,44.3,44.3,41.8,42.1,656,26,0,0,5.68,94.31,100.0
2026-05-12,4120,友華,46.55,46.55,46.35,46.5,19,-1,0,0,6.24,93.75,100.0
2026-05-12,4121,優盛,14.7,14.7,14.2,14.25,202,-54,0,0,2.24,97.75,100.0
2026-05-12,4123,晟德,38.45,38.5,37.85,38.35,1784,-369,0,2,9.21,90.78,100.0
2026-05-12,4126,太醫,79.9,80.0,79.2,79.6,78,18,0,0,9.05,90.94,100.0
2026-05-12,4127,天良,44.65,48.1,44.65,48.1,1381,-19,0,0,0.61,99.38,100.0
2026-05-12,4128,中天,15.1,15.1,14.8,14.85,1476,67,0,-4,6.9,93.09,100.0
2026-05-12,4129,聯合,91.0,93.5,90.6,92.8,1440,-567,0,0,12.44,87.55,100.0
2026-05-12,4130,健亞,27.95,28.5,27.9,28.25,289,44,0,1,1.87,98.12,100.0
2026-05-12,4131,浩泰,35.25,35.9,34.85,35.7,68,17,0,0,1.29,98.7,100.0
2026-05-12,4133,亞諾法,21.75,21.75,21.05,21.4,278,-52,0,0,12.41,87.58,100.0
2026-05-12,4137,麗豐-KY,107.5,108.0,105.0,105.0,392,50,0,-2,56.44,43.55,100.0
2026-05-12,4138,曜亞,53.0,53.5,52.5,52.5,80,2,0,0,1.2,98.79,100.0
2026-05-12,4139,馬光-KY,23.4,23.5,23.4,23.5,7,1,0,0,19.96,80.03,100.0
2026-05-12,4142,國光生,17.7,17.7,17.5,17.55,837,-267,0,-5,4.67,95.32,100.0
2026-05-12,4147,中裕,48.85,50.4,48.55,50.1,863,98,0,0,10.25,89.74,100.0
2026-05-12,4148,全宇生技-KY,39.2,39.2,37.2,37.45,113,-45,0,0,71.1,28.89,100.0
2026-05-12,4150,優你康,6.14,6.44,6.0,6.31,653,35,0,0,0.0,0.0,0.0
2026-05-12,4153,鈺緯,30.7,30.7,30.35,30.35,9,-1,0,0,0.35,99.64,100.0
2026-05-12,4154,樂威科-KY,11.4,12.5,11.4,12.5,42,0,0,0,29.97,70.02,100.0
2026-05-12,4155,訊映,12.95,13.0,12.9,12.95,149,-13,0,0,1.04,98.95,100.0
2026-05-12,4157,太景*-KY,9.27,9.4,9.15,9.23,1181,368,0,0,1.59,98.4,100.0
2026-05-12,4160,訊聯基因,42.95,42.95,42.3,42.3,77,0,0,0,0.77,99.22,100.0
2026-05-12,4161,聿新科,23.15,23.25,22.8,22.95,50,-2,0,0,0.38,99.61,100.0
2026-05-12,4162,智擎,56.4,57.2,56.1,56.3,307,123,0,-2,11.52,88.47,100.0
2026-05-12,4163,鐿鈦,98.7,98.7,96.6,97.9,15,-5,0,-1,2.7,97.29,100.0
2026-05-12,4164,承業醫,29.15,29.15,28.5,28.5,1086,-436,0,4,20.52,79.47,100.0
2026-05-12,4166,友霖,26.55,27.0,26.15,26.2,228,-79,0,0,10.75,89.24,100.0
2026-05-12,4167,松瑞藥,18.9,19.1,18.8,19.1,612,91,0,0,10.32,89.67,100.0
2026-05-12,4168,醣聯,22.4,22.55,22.25,22.5,162,3,0,0,4.85,95.14,100.0
2026-05-12,4169,泰宗,154.0,159.0,152.0,155.5,114,16,0,0,6.36,93.63,100.0
2026-05-12,4170,鑫品生醫,13.42,13.45,12.85,13.2,64,0,0,0,0.0,0.0,0.0
2026-05-12,4171,瑞基,18.6,18.65,18.1,18.3,165,-6,0,0,14.38,85.61,100.0
2026-05-12,4172,因華,13.61,14.25,13.35,13.95,195,-6,0,0,0.0,0.0,0.0
2026-05-12,4173,久裕,18.65,18.65,18.45,18.45,175,-11,0,0,0.71,99.28,100.0
2026-05-12,4174,浩鼎,33.6,33.7,32.6,32.8,290,-23,0,0,6.31,93.68,100.0
2026-05-12,4175,杏一,53.3,53.9,53.3,53.6,22,-2,0,0,0.19,99.8,100.0
2026-05-12,4178,永笙-KY,19.0,19.1,18.95,19.05,565,69,0,0,5.55,94.44,100.0
2026-05-12,4183,福永生技,13.8,13.8,13.7,13.7,12,0,0,0,0.0,99.99,100.0
2026-05-12,4186,尖端醫,10.85,11.8,10.55,11.35,907,0,0,0,0.0,0.0,0.0
2026-05-12,4188,安克,11.6,11.7,11.35,11.35,70,0,0,0,0.09,99.9,100.0
2026-05-12,4190,佐登-KY,24.65,24.7,24.5,24.5,28,-3,0,0,61.53,38.46,100.0
2026-05-12,4192,杏國,19.5,21.0,19.5,21.0,10,0,0,0,0.31,99.68,100.0
2026-05-12,4194,禾生技,7.31,7.89,7.37,7.82,58,0,0,0,0.0,0.0,0.0
2026-05-12,4195,基米-創,22.5,22.7,21.25,21.25,1588,-11,0,0,0.19,99.8,100.0
2026-05-12,4197,暐世,10.09,10.1,9.66,10.0,77,0,0,0,0.0,0.0,0.0
2026-05-12,4198,欣大健康,34.8,37.5,34.8,37.5,4,0,0,0,1.16,98.83,100.0
2026-05-12,4205,中華食,73.8,73.9,73.5,73.6,42,-2,0,0,0.59,99.4,100.0
2026-05-12,4207,環泰,18.55,18.7,18.4,18.7,278,58,0,0,1.49,98.5,100.0
2026-05-12,4303,信立,48.95,51.6,48.95,50.7,1434,-36,0,-4,2.23,97.76,100.0
2026-05-12,4304,勝昱,30.3,30.3,30.0,30.0,31,-1,0,0,0.03,99.96,100.0
2026-05-12,4305,世坤,44.6,45.0,44.3,44.3,9,-1,0,0,0.06,99.93,100.0
2026-05-12,4306,炎洲,13.35,13.35,13.15,13.15,765,-153,0,0,4.62,95.37,100.0
2026-05-12,4401,東隆興,14.0,14.0,13.7,13.8,188,-12,0,0,1.39,98.6,100.0
2026-05-12,4402,郡都開發,13.35,13.5,12.5,12.5,193,-2,0,0,2.27,97.72,100.0
2026-05-12,4406,新昕纖,9.95,10.0,9.95,10.0,14,0,0,0,0.22,99.77,100.0
2026-05-12,4413,飛寶企業,18.7,19.05,18.7,18.7,17,0,0,0,5.73,94.26,100.0
2026-05-12,4414,如興,10.05,10.05,9.9,9.91,537,-175,0,-4,26.75,73.24,100.0
2026-05-12,4416,三圓,12.45,12.45,12.25,12.25,102,-24,0,0,1.28,98.71,100.0
2026-05-12,4417,金洲,46.45,46.6,46.0,46.3,174,-36,0,0,4.21,95.78,100.0
2026-05-12,4419,元勝,47.0,47.0,47.0,47.0,1,0,0,0,0.0,99.99,100.0
2026-05-12,4419,皇家美食,47.0,47.0,47.0,47.0,1,0,0,0,0.0,99.99,100.0
2026-05-12,4420,光明,42.4,42.4,41.65,41.75,34,-2,0,0,1.29,98.7,100.0
2026-05-12,4426,利勤,8.0,8.0,7.95,8.0,138,34,0,-3,2.3,97.69,100.0
2026-05-12,4430,耀億,17.0,17.35,16.9,17.0,22,0,0,0,2.27,97.72,100.0
2026-05-12,4431,敏成健康,17.38,17.45,16.9,17.3,23,0,0,0,0.0,0.0,0.0
2026-05-12,4432,銘旺實,14.15,14.2,14.15,14.15,25,-1,0,0,0.93,99.06,100.0
2026-05-12,4433,興采,20.1,20.4,20.1,20.3,48,6,0,0,0.14,99.85,100.0
2026-05-12,4438,廣越,59.0,59.0,57.7,58.8,128,-58,0,2,1.91,98.08,100.0
2026-05-12,4439,冠星-KY,98.3,98.5,96.5,96.5,19,-1,0,2,61.39,38.6,100.0
2026-05-12,4440,宜新實業,17.9,17.95,17.75,17.95,104,1,0,0,0.79,99.2,100.0
2026-05-12,4441,振大環球,209.0,217.0,207.0,214.5,258,-9,0,0,1.48,98.51,100.0
2026-05-12,4442,竣邦-KY,55.9,56.2,55.9,56.0,45,-6,0,0,63.05,36.94,100.0
2026-05-12,4502,健信,15.95,15.95,15.7,15.9,7,3,0,0,3.9,96.09,100.0
2026-05-12,4503,金雨,47.6,48.35,46.5,46.5,785,-100,0,0,3.49,96.5,100.0
2026-05-12,4506,崇友,117.0,119.0,116.5,118.0,116,45,0,0,3.16,96.83,100.0
2026-05-12,4510,高鋒,47.55,48.5,46.5,48.3,2256,193,0,0,4.2,95.79,100.0
2026-05-12,4513,福裕,14.75,14.9,14.5,14.9,323,44,0,0,4.72,95.27,100.0
2026-05-12,4523,永彰,30.25,30.25,29.6,29.95,252,5,0,0,2.49,97.5,100.0
2026-05-12,4526,東台,35.5,37.3,34.5,36.95,11095,-1186,0,60,3.93,96.06,100.0
2026-05-12,4527,方土霖,43.85,43.85,43.15,43.6,33,-3,0,0,1.86,98.13,100.0
2026-05-12,4528,江興鍛,15.95,15.95,15.6,15.75,25,1,0,0,0.12,99.87,100.0
2026-05-12,4529,淳紳,4.49,4.49,4.35,4.38,77,0,0,0,38.04,61.95,100.0
2026-05-12,4530,宏易,26.2,26.25,25.1,26.25,22,0,0,0,2.99,97.0,100.0
2026-05-12,4532,瑞智,23.25,23.5,23.1,23.15,1552,280,-32,-6,16.79,83.2,100.0
2026-05-12,4533,協易機,31.55,32.0,30.7,31.1,1352,-102,0,0,3.92,96.07,100.0
2026-05-12,4534,慶騰,23.05,23.9,22.75,23.4,774,-65,0,0,0.57,99.42,100.0
2026-05-12,4535,至興,27.3,27.55,27.2,27.4,11,0,0,0,0.1,99.89,100.0
2026-05-12,4536,拓凱,151.0,152.0,150.5,152.0,198,52,0,-3,12.23,87.76,100.0
2026-05-12,4537,旭東,178.79,200.0,176.0,184.0,346,-6,0,0,0.0,0.0,0.0
2026-05-12,4538,大詠城,18.6,18.7,18.25,18.3,21,0,0,0,0.12,99.87,100.0
2026-05-12,4540,全球傳動,70.0,70.3,67.5,68.9,6234,928,0,-6,9.77,90.22,100.0
2026-05-12,4541,晟田,45.75,45.8,44.85,45.0,1020,-137,0,-3,6.97,93.02,100.0
2026-05-12,4542,科嶠,198.0,213.5,198.0,213.5,397,-1,0,18,8.09,91.9,100.0
2026-05-12,4543,萬在,38.0,38.4,36.85,37.45,419,46,0,0,9.05,90.94,100.0
2026-05-12,4544,春日,15.1,15.75,15.05,15.75,0,0,0,0,0.0,0.0,0.0
2026-05-12,4545,銘鈺,30.6,30.6,29.85,29.95,149,-35,0,0,29.14,70.85,100.0
2026-05-12,4546,長亨,115.26,117.5,111.5,117.0,74,2,0,0,0.0,0.0,0.0
2026-05-12,4549,桓達,101.5,102.0,99.5,99.5,180,-39,0,0,4.07,95.92,100.0
2026-05-12,4550,長佳,24.0,24.25,24.0,24.05,42,-2,0,0,1.58,98.41,100.0
2026-05-12,4551,智伸科,151.0,161.5,151.0,155.5,2686,576,0,26,52.19,47.8,100.0
2026-05-12,4552,力達-KY,20.0,20.05,19.9,20.05,175,-6,0,0,42.91,57.08,100.0
2026-05-12,4553,盛復,20.52,20.3,19.3,20.0,17,0,0,0,0.0,0.0,0.0
2026-05-12,4554,橙的,30.75,31.15,30.55,31.15,146,18,0,-1,24.53,75.46,100.0
2026-05-12,4555,氣立,42.65,42.65,41.85,42.5,240,39,0,5,1.63,98.36,100.0
2026-05-12,4556,旭然,45.3,46.8,43.95,44.25,977,-109,0,0,10.72,89.27,100.0
2026-05-12,4557,永新-KY,50.5,50.8,50.4,50.4,57,-14,0,0,31.01,68.98,100.0
2026-05-12,4558,寶緯,20.6,20.6,19.9,19.9,60,-15,0,0,0.24,99.75,100.0
2026-05-12,4559,久裕興,9.15,9.47,9.0,9.47,52,-2,0,0,0.0,0.0,0.0
2026-05-12,4560,強信-KY,35.5,36.4,34.85,35.8,307,54,0,9,85.19,14.8,100.0
2026-05-12,4561,健椿,51.0,51.0,49.3,50.2,630,23,0,0,2.46,97.53,100.0
2026-05-12,4562,穎漢,37.1,37.65,36.15,36.95,517,139,0,0,1.42,98.57,100.0
2026-05-12,4563,百德,50.3,50.3,48.65,49.0,255,10,0,0,2.64,97.35,100.0
2026-05-12,4564,元翎,18.05,18.05,17.0,17.15,1155,-167,0,23,2.73,97.26,100.0
2026-05-12,4565,宏偉,114.23,118.5,113.0,115.5,65,0,0,0,0.0,0.0,0.0
2026-05-12,4566,時碩工業,68.7,68.7,65.8,65.8,1394,-379,0,0,1.73,98.26,100.0
2026-05-12,4568,科際精密,39.8,40.8,39.8,40.1,15,1,0,0,20.09,79.9,100.0
2026-05-12,4569,六方科-KY,166.0,170.5,165.5,167.0,75,-15,0,0,67.21,32.78,100.0
2026-05-12,4570,傑生,70.8,71.5,70.2,70.2,1,0,0,0,0.0,0.0,0.0
2026-05-12,4571,鈞興-KY,199.0,199.0,191.5,194.0,614,180,0,1,61.82,38.17,100.0
2026-05-12,4572,駐龍,143.5,144.5,142.0,144.5,73,9,0,0,2.04,97.95,100.0
2026-05-12,4573,高明鐵,466.74,531.0,475.5,484.5,1096,13,0,0,0.0,0.0,0.0
2026-05-12,4575,銓寶,26.63,27.1,26.5,26.8,130,-1,0,0,0.0,0.0,0.0
2026-05-12,4576,大銀微系統,251.5,264.5,249.0,258.0,8874,686,0,-101,5.51,94.48,100.0
2026-05-12,4577,達航科技,139.5,150.0,139.5,143.0,1201,42,0,4,2.99,97.0,100.0
2026-05-12,4580,捷流閥業,81.6,81.6,80.7,81.4,98,29,0,0,3.67,96.32,100.0
2026-05-12,4581,光隆精密-KY,50.4,50.5,49.4,49.8,76,-4,0,0,23.98,76.01,100.0
2026-05-12,4582,聚恆-創,36.43,37.3,32.85,33.65,365,-6,0,0,0.0,0.0,0.0
2026-05-12,4583,台灣精銳,787.0,787.0,751.0,777.0,244,41,0,-4,1.56,98.43,100.0
2026-05-12,4584,君帆,40.15,40.3,40.15,40.3,2,0,0,0,0.02,99.97,100.0
2026-05-12,4585,達明,343.0,346.0,335.5,339.0,449,37,-1,-2,0.64,99.35,100.0
2026-05-12,4587,寶元數控,60.21,61.0,56.5,57.8,60,-7,0,0,0.0,0.0,0.0
2026-05-12,4588,玖鼎電力,58.2,58.2,57.0,57.2,200,-108,0,0,3.13,96.86,100.0
2026-05-12,4589,碩陽電機,39.5,40.35,38.5,39.95,15,2,0,0,0.0,0.0,0.0
2026-05-12,4590,富田-創,75.8,76.7,74.5,76.4,189,54,0,0,1.88,98.11,100.0
2026-05-12,4609,唐鋒,5.24,5.24,4.88,5.0,10,0,0,0,0.0,99.99,100.0
2026-05-12,4702,中美實,9.87,9.95,9.83,9.89,67,-5,0,0,43.27,56.72,100.0
2026-05-12,4706,大恭,32.45,32.5,30.7,32.5,36,-2,0,0,29.42,70.57,100.0
2026-05-12,4707,磐亞,16.55,17.2,16.05,16.2,6341,-1435,0,-8,1.38,98.61,100.0
2026-05-12,4711,永純,17.2,17.2,16.6,16.7,266,-10,0,0,0.84,99.15,100.0
2026-05-12,4714,永捷,14.95,14.95,14.25,14.35,1837,-211,0,-1,10.28,89.71,100.0
2026-05-12,4716,大立,15.2,15.2,14.9,15.15,624,36,0,0,3.8,96.19,100.0
2026-05-12,4720,德淵,25.75,27.2,25.4,26.95,4838,1442,-7,-1,7.06,92.93,100.0
2026-05-12,4721,美琪瑪,95.1,98.0,94.0,97.8,7507,-738,0,-336,7.49,92.5,100.0
2026-05-12,4722,國精化,235.0,258.5,230.0,258.5,7263,733,0,68,6.42,93.57,100.0
2026-05-12,4724,宣捷幹細胞,12.7,13.35,12.75,13.05,118,0,0,0,0.0,0.0,0.0
2026-05-12,4726,永昕,29.5,29.5,28.95,29.3,285,-18,0,0,20.8,79.19,100.0
2026-05-12,4728,雙美,380.5,381.0,380.0,381.0,8,2,0,0,19.66,80.33,100.0
2026-05-12,4729,熒茂,21.2,21.2,20.4,20.45,359,-86,0,0,1.92,98.07,100.0
2026-05-12,4732,彥臣,19.58,19.85,18.9,19.85,36,-3,0,0,0.0,0.0,0.0
2026-05-12,4735,豪展,30.85,30.85,30.5,30.55,26,-5,0,0,0.17,99.82,100.0
2026-05-12,4736,泰博,125.0,125.5,123.5,123.5,308,-112,0,-1,5.3,94.69,100.0
2026-05-12,4737,華廣,60.0,60.9,58.1,58.2,107,2,0,0,29.08,70.91,100.0
2026-05-12,4738,大同精化,8.17,9.47,8.0,9.46,626,49,0,0,0.0,0.0,0.0
2026-05-12,4739,康普,95.5,102.5,94.6,101.0,15006,2934,0,-80,8.19,91.8,100.0
2026-05-12,4741,泓瀚,61.4,67.0,59.2,65.2,2637,356,0,0,1.64,98.35,100.0
2026-05-12,4743,合一,51.7,51.7,50.4,51.0,2049,-173,0,2,13.52,86.47,100.0
2026-05-12,4744,皇將,33.0,33.4,32.6,33.2,300,-13,0,0,4.76,95.23,100.0
2026-05-12,4745,合富-KY,20.2,20.25,20.05,20.25,441,-44,0,0,8.74,91.25,100.0
2026-05-12,4746,台耀,55.8,56.1,54.2,54.5,1132,-296,30,-4,10.4,89.59,100.0
2026-05-12,4747,強生,53.5,55.0,53.4,54.4,53,1,0,0,0.62,99.37,100.0
2026-05-12,4749,新應材,1175.0,1210.0,1100.0,1175.0,5629,-274,-26,-74,22.21,77.78,100.0
2026-05-12,4754,國碳科,37.7,38.25,37.4,38.25,51,0,0,0,0.23,99.76,100.0
2026-05-12,4755,三福化,139.5,142.0,137.5,141.0,580,-77,0,-2,23.49,76.5,100.0
2026-05-12,4760,勤凱,281.5,307.0,273.0,301.0,3106,-33,0,-13,19.47,80.52,100.0
2026-05-12,4763,材料*-KY,42.25,42.6,41.75,41.9,5693,549,0,2,46.42,53.57,100.0
2026-05-12,4764,雙鍵,337.0,337.0,318.5,324.5,327,22,0,6,31.14,68.85,100.0
2026-05-12,4765,磐采,20.07,20.3,19.5,20.0,36,3,0,0,0.0,0.0,0.0
2026-05-12,4766,南寶,385.0,396.5,371.5,373.5,2010,273,-62,40,14.31,85.68,100.0
2026-05-12,4767,誠泰科技,26.6,26.85,26.5,26.65,4,-1,0,0,0.06,99.93,100.0
2026-05-12,4768,晶呈科技,493.5,510.0,485.5,493.0,1050,-145,0,-5,6.48,93.51,100.0
2026-05-12,4770,上品,240.5,240.5,230.0,230.5,700,-159,0,-11,6.77,93.22,100.0
2026-05-12,4771,望隼,191.0,192.0,184.0,184.0,456,-194,0,0,5.38,94.61,100.0
2026-05-12,4772,台特化,318.5,329.5,311.5,315.0,4127,-109,14,83,4.86,95.13,100.0
2026-05-12,4806,桂田文創,10.2,10.85,10.2,10.85,8,0,0,0,1.88,98.11,100.0
2026-05-12,4807,日成-KY,23.7,25.75,23.4,25.6,544,-91,0,-1,66.61,33.38,100.0
2026-05-12,4903,聯光通,44.2,46.15,44.2,44.4,4694,144,0,0,2.49,97.5,100.0
2026-05-12,4904,遠傳,96.5,97.1,95.5,95.5,3721,134,-442,-18,22.33,26.49,49.0
2026-05-12,4905,台聯電,81.5,81.5,78.1,80.7,29,0,0,-1,9.61,90.38,100.0
2026-05-12,4906,正文,40.3,40.65,37.9,39.5,31364,-4562,-31,20,12.37,87.62,100.0
2026-05-12,4907,富宇,39.45,40.0,38.85,38.95,82,-11,0,0,0.17,99.82,100.0
2026-05-12,4908,前鼎,233.0,243.0,233.0,237.0,558,26,0,-28,11.22,88.77,100.0
2026-05-12,4909,新復興,54.2,54.9,54.0,54.4,744,-92,0,-5,8.55,91.44,100.0
2026-05-12,4911,德英,34.15,34.15,33.6,33.6,60,-5,0,0,0.31,99.68,100.0
2026-05-12,4912,聯德控股-KY,96.1,96.1,93.0,95.0,620,-32,0,0,24.98,75.01,100.0
2026-05-12,4915,致伸,71.9,72.0,70.8,71.1,4368,-2689,-183,319,35.53,64.46,100.0
2026-05-12,4916,事欣科,67.9,69.5,66.9,68.4,10916,1936,0,351,12.9,87.09,100.0
2026-05-12,4919,新唐,186.0,197.0,179.5,181.0,48844,-6374,3,-286,8.32,91.67,100.0
2026-05-12,4923,力士,37.8,38.6,37.0,37.5,345,13,0,-1,0.5,99.49,100.0
2026-05-12,4924,欣厚-KY,10.35,10.6,10.0,10.05,91,3,0,0,38.19,61.8,100.0
2026-05-12,4925,智微,184.4,208.5,189.5,200.0,1266,14,0,0,0.0,0.0,0.0
2026-05-12,4927,泰鼎-KY,54.8,55.6,52.2,52.8,11683,-158,0,-3,8.69,91.3,100.0
2026-05-12,4930,燦星網,17.85,17.95,17.45,17.75,93,5,0,0,2.04,97.95,100.0
2026-05-12,4931,新盛力,198.0,205.5,192.0,202.5,32312,2466,0,-503,10.05,89.94,100.0
2026-05-12,4933,友輝,70.0,70.6,68.8,69.1,506,29,0,40,7.1,92.89,100.0
2026-05-12,4934,太極,18.95,18.95,17.75,18.4,2171,524,0,79,2.44,97.55,100.0
2026-05-12,4935,茂林-KY,37.15,37.15,35.9,36.05,164,-64,0,-3,26.75,73.24,100.0
2026-05-12,4938,和碩,83.6,83.8,81.1,81.1,12329,-4908,-308,-364,31.76,68.23,100.0
2026-05-12,4939,亞電,40.5,40.8,38.8,39.45,3493,657,0,-8,4.12,95.87,100.0
2026-05-12,4942,嘉彰,38.0,38.0,37.85,37.85,94,-27,0,-2,6.8,93.19,100.0
2026-05-12,4943,康控-KY,9.36,9.36,9.0,9.06,28,0,0,0,15.6,84.39,100.0
2026-05-12,4946,辣椒,105.5,110.5,104.0,107.0,65,-3,0,0,4.18,95.81,100.0
2026-05-12,4949,有成精密,95.3,101.0,95.0,98.8,3409,281,-4,-4,3.1,96.89,100.0
2026-05-12,4950,金耘國際,17.0,17.0,16.5,16.55,54,0,0,0,0.08,99.91,100.0
2026-05-12,4951,精拓科,123.0,132.0,123.0,132.0,597,20,0,0,5.66,94.33,100.0
2026-05-12,4952,凌通,51.5,52.5,50.5,51.0,1896,123,0,-3,5.92,94.07,100.0
2026-05-12,4953,緯軟,118.5,120.0,117.0,119.0,457,23,0,0,11.05,88.94,100.0
2026-05-12,4956,光鋐,44.85,47.45,44.8,46.9,8649,-133,-6,1,10.1,89.89,100.0
2026-05-12,4958,臻鼎-KY,417.0,434.0,406.0,407.0,40077,-4374,821,117,59.16,40.83,100.0
2026-05-12,4960,誠美材,40.0,40.0,37.15,38.15,17595,-2800,0,-8,19.68,80.31,100.0
2026-05-12,4961,天鈺,178.0,180.0,173.0,177.5,4229,96,-1,-9,19.78,80.21,100.0
2026-05-12,4966,譜瑞-KY,787.0,787.0,723.0,761.0,16142,2716,2454,-147,31.03,68.96,100.0
2026-05-12,4967,十銓,287.0,290.5,278.0,285.5,11401,120,0,-143,11.83,88.16,100.0
2026-05-12,4968,立積,121.5,123.5,118.5,120.5,1422,126,0,-24,4.09,95.9,100.0
2026-05-12,4971,IET-KY,787.0,795.0,750.0,795.0,2720,-697,0,-64,29.69,70.3,100.0
2026-05-12,4972,湯石照明,16.45,16.45,16.4,16.45,49,0,0,0,2.25,97.74,100.0
2026-05-12,4973,廣穎,115.5,120.0,114.5,120.0,12716,931,0,3,9.51,90.48,100.0
2026-05-12,4974,亞泰,74.6,74.8,73.3,73.6,157,-15,0,0,4.0,95.99,100.0
2026-05-12,4976,佳凌,29.1,29.55,28.75,29.4,476,180,0,-4,3.26,96.73,100.0
2026-05-12,4977,眾達-KY,240.0,270.5,239.5,270.5,23093,414,-6,39,21.83,78.16,100.0
2026-05-12,4979,華星光,703.0,717.0,652.0,659.0,19147,-2562,-680,-8,11.84,88.15,100.0
2026-05-12,4980,佐臻,38.34,39.35,37.2,38.9,162,0,0,0,0.0,0.0,0.0
2026-05-12,4987,科誠,81.5,81.6,81.5,81.5,7,1,0,0,3.19,96.8,100.0
2026-05-12,4989,榮科,94.7,101.0,93.5,94.5,11633,-2717,0,-22,6.01,93.98,100.0
2026-05-12,4991,環宇-KY,721.0,740.0,690.0,740.0,1478,990,0,8,16.73,83.26,100.0
2026-05-12,4994,傳奇,98.0,98.4,95.8,96.1,20,-5,0,-2,2.77,97.22,100.0
2026-05-12,4995,晶達,44.0,45.1,43.5,45.1,68,-5,0,0,0.47,99.52,100.0
2026-05-12,4999,鑫禾,20.85,21.15,20.7,20.9,77,-22,0,-1,1.68,98.31,100.0
2026-05-12,5007,三星,58.0,58.0,57.2,57.5,49,-26,0,-1,2.95,97.04,100.0
2026-05-12,5009,榮剛,40.95,40.95,37.3,38.05,17826,-5276,300,-661,10.35,89.64,100.0
2026-05-12,5011,久陽,15.4,15.6,15.1,15.1,261,-18,0,0,1.98,98.01,100.0
2026-05-12,5013,強新,28.15,28.2,27.8,27.85,13,-1,0,0,12.22,87.77,100.0
2026-05-12,5014,建錩,10.5,10.55,10.15,10.25,995,-439,0,0,1.48,98.51,100.0
2026-05-12,5015,華祺,22.4,22.4,22.0,22.0,127,-14,0,0,6.64,93.35,100.0
2026-05-12,5016,松和,25.15,25.7,24.85,25.1,79,0,0,0,0.36,99.63,100.0
2026-05-12,5201,凱衛,30.6,30.65,30.15,30.5,39,-14,0,0,7.17,92.82,100.0
2026-05-12,5202,力新,13.05,13.05,12.8,12.9,191,-46,0,0,1.2,98.79,100.0
2026-05-12,5203,訊連,64.7,64.8,64.0,64.4,176,17,0,-1,12.02,87.97,100.0
2026-05-12,5205,中茂,22.85,22.85,22.85,22.85,1,0,0,0,0.04,99.95,100.0
2026-05-12,5206,坤悅,24.5,24.5,23.9,24.2,76,-21,0,0,6.31,93.68,100.0
2026-05-12,5209,新鼎,164.5,165.0,163.5,165.0,40,-5,0,-2,1.97,98.02,100.0
2026-05-12,5210,寶碩,28.5,28.5,25.05,26.15,651,-48,0,0,0.46,99.53,100.0
2026-05-12,5211,蒙恬,20.3,20.35,20.0,20.2,167,0,0,0,8.45,91.54,100.0
2026-05-12,5212,凌網,48.05,48.35,47.7,48.25,21,2,0,0,21.87,78.12,100.0
2026-05-12,5213,亞昕,25.85,25.85,25.6,25.65,677,-50,0,10,0.99,99.0,100.0
2026-05-12,5215,科嘉-KY,41.95,42.1,41.05,42.1,459,-1,0,1,25.55,74.44,100.0
2026-05-12,5220,萬達光電,20.55,21.2,20.55,20.8,94,8,0,0,0.31,99.68,100.0
2026-05-12,5222,全訊,131.5,131.5,128.0,129.0,873,-27,-1,-14,4.57,5.42,10.0
2026-05-12,5223,安力-KY,25.0,25.0,24.7,24.8,6,-1,0,0,41.99,58.0,100.0
2026-05-12,5225,東科-KY,73.7,73.9,71.4,71.6,658,142,0,-1,40.64,59.35,100.0
2026-05-12,5227,立凱-KY,20.5,21.35,20.5,21.05,228,13,0,0,12.57,87.42,100.0
2026-05-12,5228,鈺鎧,41.4,45.85,39.75,45.85,4251,233,0,-3,2.85,97.14,100.0
2026-05-12,5230,雷笛克光學,16.6,16.8,16.1,16.6,134,27,0,0,1.1,98.89,100.0
2026-05-12,5234,達興材料,422.0,445.0,414.5,433.0,1633,324,-286,22,10.99,89.0,100.0
2026-05-12,5236,凌陽創新,169.5,169.5,164.5,166.5,491,-7,0,-21,4.41,95.58,100.0
2026-05-12,5240,建騰,28.55,29.0,27.5,28.9,21,0,0,0,0.0,0.0,0.0
2026-05-12,5243,乙盛-KY,107.5,107.5,102.5,103.5,4199,429,0,-136,57.33,42.66,100.0
2026-05-12,5244,弘凱,40.75,41.25,40.4,40.4,287,-35,0,0,2.02,97.97,100.0
2026-05-12,5245,智晶,25.9,25.9,25.0,25.15,86,0,0,0,3.84,96.15,100.0
2026-05-12,5246,勵威,206.54,223.0,209.0,217.5,784,-8,0,0,0.0,0.0,0.0
2026-05-12,5248,景傳,51.62,55.0,50.8,51.6,211,-17,0,0,0.0,0.0,0.0
2026-05-12,5251,天鉞電,28.75,28.75,28.2,28.2,104,-8,0,0,28.52,71.47,100.0
2026-05-12,5254,欣訊科技,45.56,56.9,43.75,48.8,847,-4,0,0,0.0,0.0,0.0
2026-05-12,5258,虹堡,54.5,54.9,51.6,53.2,1921,75,0,-4,4.87,95.12,100.0
2026-05-12,5262,立達,54.62,55.9,52.5,53.9,385,-5,0,0,0.0,0.0,0.0
2026-05-12,5263,智崴,105.0,105.0,101.0,102.0,144,2,0,0,14.5,85.49,100.0
2026-05-12,5267,龍翩,69.75,68.2,63.8,67.4,219,-2,0,0,0.0,0.0,0.0
2026-05-12,5269,祥碩,1435.0,1525.0,1385.0,1525.0,5518,241,158,12,10.09,89.9,100.0
2026-05-12,5271,紘通,18.93,20.15,19.0,20.15,1227,-14,0,0,0.0,0.0,0.0
2026-05-12,5272,笙科,24.1,24.1,23.05,23.45,280,29,0,0,3.45,96.54,100.0
2026-05-12,5274,信驊,17955.0,18385.0,17780.0,18005.0,303,-35,57,-1,51.95,48.04,100.0
2026-05-12,5276,達輝-KY,19.85,19.9,18.8,18.9,61,0,0,0,77.0,22.99,100.0
2026-05-12,5278,尚凡,22.55,23.6,22.55,23.4,751,6,0,1,1.82,98.17,100.0
2026-05-12,5278,尚凡*,22.55,23.6,22.55,23.4,751,6,0,1,1.82,98.17,100.0
2026-05-12,5283,禾聯碩,52.3,52.3,51.2,51.3,195,-64,0,0,1.23,98.76,100.0
2026-05-12,5284,jpp-KY,367.0,389.0,357.0,382.0,2793,347,0,-119,54.97,45.02,100.0
2026-05-12,5285,界霖,74.0,74.5,72.5,74.5,5413,641,0,5,5.03,94.96,100.0
2026-05-12,5287,數字,151.0,151.0,150.0,150.0,107,2,0,0,16.64,83.35,100.0
2026-05-12,5288,豐祥-KY,155.5,157.5,154.5,157.0,186,54,0,0,58.5,41.49,100.0
2026-05-12,5289,宜鼎,1820.0,1910.0,1785.0,1795.0,6920,235,-125,-70,28.09,71.9,100.0
2026-05-12,5291,邑昇,69.2,73.1,69.2,70.7,1921,153,0,-1,1.1,98.89,100.0
2026-05-12,5292,華懋,226.0,233.0,224.0,233.0,410,-21,-2,5,6.96,93.03,100.0
2026-05-12,5297,廣化,139.45,155.5,140.0,155.5,1328,-22,0,0,0.0,0.0,0.0
2026-05-12,5299,杰力,100.0,102.5,98.4,101.0,854,-76,0,0,3.16,96.83,100.0
2026-05-12,5301,寶得利,7.55,7.78,7.55,7.78,4,0,0,0,2.09,97.9,100.0
2026-05-12,5302,太欣,11.45,11.45,10.75,10.9,1287,-1,0,0,0.95,99.04,100.0
2026-05-12,5306,桂盟,81.0,83.4,81.0,83.0,570,252,0,-5,12.49,87.5,100.0
2026-05-12,5309,系統電,68.5,69.4,66.3,66.5,16971,-1947,0,-503,3.96,96.03,100.0
2026-05-12,5310,天剛,25.2,25.2,25.1,25.1,10,0,0,0,0.06,99.93,100.0
2026-05-12,5312,寶島科,97.5,97.5,96.7,96.8,74,-2,0,0,7.93,92.06,100.0
2026-05-12,5314,世紀*,73.0,73.5,71.5,71.5,3476,-342,1,25,12.4,87.59,100.0
2026-05-12,5315,光聯,22.35,22.35,22.1,22.2,382,-119,0,0,10.13,89.86,100.0
2026-05-12,5321,美而快,22.3,22.65,22.0,22.5,153,4,0,0,0.98,99.01,100.0
2026-05-12,5324,士開,10.7,10.9,10.65,10.9,146,7,0,-3,5.25,94.74,100.0
2026-05-12,5328,華容,28.1,29.3,27.45,28.25,15067,629,0,288,5.97,94.02,100.0
2026-05-12,5340,建榮,113.0,116.0,109.0,109.0,3558,-650,0,-19,50.05,49.94,100.0
2026-05-12,5344,立衛,16.75,16.75,16.0,16.05,190,10,0,0,0.11,99.88,100.0
2026-05-12,5345,天揚,21.85,21.95,21.85,21.95,23,0,0,0,0.0,99.99,100.0
2026-05-12,5345,馥鴻,21.85,21.95,21.85,21.95,23,0,0,0,0.0,99.99,100.0
2026-05-12,5347,世界,174.0,175.0,164.5,170.0,48959,-4570,1871,1052,22.21,77.78,100.0
2026-05-12,5348,正能量智能,15.0,15.0,15.0,15.0,7,0,0,0,0.02,99.97,100.0
2026-05-12,5351,鈺創,82.0,86.9,78.8,83.8,55029,2334,15,37,33.35,66.64,100.0
2026-05-12,5353,台林,26.15,26.2,25.9,26.1,101,3,0,0,0.61,99.38,100.0
2026-05-12,5355,佳總,6.99,7.0,6.71,6.99,94,-18,0,0,0.19,99.8,100.0
2026-05-12,5356,協益,26.95,26.95,26.65,26.75,78,-6,0,0,3.42,96.57,100.0
2026-05-12,5364,力麗店,9.73,9.75,9.69,9.72,52,-5,0,0,0.48,99.51,100.0
2026-05-12,5371,中光電,70.5,70.6,69.4,69.9,3728,856,-438,-2,17.31,82.68,100.0
2026-05-12,5381,光譜,24.3,25.35,24.25,24.4,1102,56,0,0,0.91,99.08,100.0
2026-05-12,5386,青雲,435.0,448.0,425.0,448.0,540,0,0,23,7.38,92.61,100.0
2026-05-12,5388,中磊,87.6,89.2,86.5,88.2,7550,1307,-186,-118,20.13,79.84,100.0
2026-05-12,5392,能率,42.3,42.3,40.5,41.25,4350,184,0,-3,9.27,90.72,100.0
2026-05-12,5398,慕康生醫,20.45,20.45,19.8,19.9,86,-25,0,0,5.71,94.28,100.0
2026-05-12,5403,中菲,92.6,92.7,90.8,91.0,243,-84,0,0,6.0,93.99,100.0
2026-05-12,5410,國眾,38.4,38.4,36.6,37.2,981,-189,0,30,8.62,91.37,100.0
2026-05-12,5425,台半,81.0,84.8,78.8,81.1,44026,-1649,0,-61,15.86,84.13,100.0
2026-05-12,5426,振發,18.75,18.8,17.9,17.9,602,-113,0,0,2.11,97.88,100.0
2026-05-12,5432,新門,153.0,153.5,145.0,147.0,157,-39,0,0,1.02,98.97,100.0
2026-05-12,5434,崇越,430.0,430.0,420.0,423.5,1077,-251,-10,-77,31.39,68.6,100.0
2026-05-12,5438,東友,19.55,19.55,18.9,18.9,100,-4,0,0,1.22,98.77,100.0
2026-05-12,5439,高技,389.5,404.0,381.0,381.0,5264,-264,91,-61,15.81,84.18,100.0
2026-05-12,5443,均豪,129.5,132.0,126.5,128.0,6365,153,0,-132,8.24,91.75,100.0
2026-05-12,5450,寶聯通,12.8,13.05,12.7,12.75,47,1,0,0,0.13,99.86,100.0
2026-05-12,5450,南良,12.8,13.05,12.7,12.75,47,1,0,0,0.13,99.86,100.0
2026-05-12,5452,佶優,33.75,34.0,32.7,33.5,1995,36,0,-14,14.15,85.84,100.0
2026-05-12,5455,昇益,24.7,25.7,24.7,25.55,50,-4,0,0,0.11,99.88,100.0
2026-05-12,5457,宣德,37.0,37.0,35.55,35.7,718,6,0,-5,28.74,71.25,100.0
2026-05-12,5460,同協,15.3,15.3,14.9,15.0,38,-10,0,0,0.37,99.62,100.0
2026-05-12,5464,霖宏,62.9,63.3,62.9,63.3,1161,-12,0,0,2.96,97.03,100.0
2026-05-12,5465,富驊,25.5,25.5,24.95,25.1,123,-9,0,0,2.22,97.77,100.0
2026-05-12,5468,凱鈺,18.55,18.55,17.8,18.15,91,7,0,0,0.16,99.83,100.0
2026-05-12,5469,瀚宇博,85.9,85.9,82.6,82.8,4568,-1655,0,-9,11.62,88.37,100.0
2026-05-12,5471,松翰,50.6,53.8,49.1,52.4,10914,-93,0,-10,13.43,86.56,100.0
2026-05-12,5474,聰泰,165.0,165.0,160.5,163.5,392,73,0,5,2.12,97.87,100.0
2026-05-12,5475,德宏,332.0,344.0,320.0,320.0,2326,-229,0,-2,5.5,94.49,100.0
2026-05-12,5478,智冠,96.3,96.8,95.8,96.6,67,-17,0,0,17.9,82.09,100.0
2026-05-12,5481,新華,20.4,20.45,20.0,20.1,107,-15,0,0,25.82,74.17,100.0
2026-05-12,5483,中美晶,167.0,167.0,155.0,155.0,31644,-6571,1555,-262,22.54,77.45,100.0
2026-05-12,5484,慧友,39.0,40.3,38.55,39.0,560,103,-4,0,1.34,98.65,100.0
2026-05-12,5487,通泰,27.8,28.3,27.2,27.2,82,-1,0,0,0.58,99.41,100.0
2026-05-12,5488,松普,10.4,10.45,10.05,10.1,595,-33,0,0,1.1,98.89,100.0
2026-05-12,5489,彩富,39.9,40.35,39.15,40.15,53,-3,0,0,1.42,98.57,100.0
2026-05-12,5490,同亨,28.8,28.9,28.05,28.35,562,145,0,0,6.58,93.41,100.0
2026-05-12,5493,三聯,87.1,91.2,85.5,90.4,664,156,0,1,2.03,97.96,100.0
2026-05-12,5498,凱崴,70.5,74.3,69.2,72.4,16163,-2996,0,-3,3.18,96.81,100.0
2026-05-12,5508,永信建,49.65,49.75,49.2,49.35,222,13,0,0,7.27,92.72,100.0
2026-05-12,5511,德昌,71.1,73.2,70.9,72.0,405,67,0,1,4.63,95.36,100.0
2026-05-12,5512,力麒,6.92,6.93,6.87,6.91,869,25,0,0,5.43,94.56,100.0
2026-05-12,5514,三豐,15.3,15.35,15.3,15.35,7,1,0,0,0.02,99.97,100.0
2026-05-12,5515,建國,38.1,38.25,37.6,38.05,843,-73,-5,1,12.32,87.67,100.0
2026-05-12,5516,雙喜,10.6,10.8,10.55,10.8,23,2,0,0,0.05,99.94,100.0
2026-05-12,5519,隆大,33.0,33.0,32.6,32.7,397,-230,0,-6,4.37,95.62,100.0
2026-05-12,5520,力泰,81.2,81.2,80.2,80.2,5,1,0,0,0.02,99.97,100.0
2026-05-12,5521,工信,12.05,12.05,11.4,11.5,6398,-3320,0,-14,8.43,91.56,100.0
2026-05-12,5522,遠雄,72.8,72.8,69.1,69.8,1522,-378,-1,81,4.55,95.44,100.0
2026-05-12,5523,豐謙,30.1,30.35,30.0,30.35,280,2,0,0,0.18,99.81,100.0
2026-05-12,5525,順天,23.4,23.4,23.05,23.3,59,-35,0,-1,1.7,98.29,100.0
2026-05-12,5529,鉅陞,21.9,21.95,21.7,21.95,48,-1,0,-1,0.65,99.34,100.0
2026-05-12,5530,龍巖,47.4,48.95,47.05,48.2,1945,281,0,0,54.22,45.77,100.0
2026-05-12,5531,鄉林,8.4,8.4,8.16,8.19,574,-298,0,0,2.47,97.52,100.0
2026-05-12,5533,皇鼎,14.05,14.05,13.95,14.0,142,-33,0,-1,2.79,97.2,100.0
2026-05-12,5534,長虹,80.1,80.1,78.8,79.2,716,-337,326,-6,9.7,90.29,100.0
2026-05-12,5536,聖暉*,900.0,903.0,859.0,885.0,1999,-391,-49,-5,34.97,65.02,100.0
2026-05-12,5538,東明-KY,31.05,31.1,30.75,30.85,64,-6,0,-1,63.84,36.15,100.0
2026-05-12,5543,桓鼎-KY,29.95,30.0,28.95,29.45,25,0,0,0,0.0,99.99,100.0
2026-05-12,5546,永固-KY,16.45,16.45,16.15,16.2,13,2,0,0,53.63,46.36,100.0
2026-05-12,5547,久舜,21.95,22.05,21.6,22.0,35,3,0,0,0.16,99.83,100.0
2026-05-12,5548,安倉,23.35,23.45,23.25,23.3,50,-8,0,0,0.21,99.78,100.0
2026-05-12,5601,台聯櫃,35.3,35.3,35.3,35.3,1,-1,0,0,3.75,96.24,100.0
2026-05-12,5603,陸海,15.8,15.85,15.55,15.85,190,12,0,0,4.98,95.01,100.0
2026-05-12,5604,中連貨,31.4,31.9,31.4,31.9,13,1,0,0,3.02,96.97,100.0
2026-05-12,5604,中連,31.4,31.9,31.4,31.9,13,1,0,0,3.02,96.97,100.0
2026-05-12,5607,遠雄港,51.0,51.0,49.6,49.7,839,91,0,-5,2.93,97.06,100.0
2026-05-12,5608,四維航,15.25,15.25,14.95,15.05,1773,47,0,-6,5.16,42.33,47.5
2026-05-12,5609,中菲行,79.9,79.9,79.2,79.6,181,44,0,24,14.34,85.65,100.0
2026-05-12,5701,劍湖山,3.4,3.4,3.3,3.4,81,0,0,0,0.0,99.99,100.0
2026-05-12,5703,亞都,0.0,0.0,0.0,0.0,0,0,0,0,6.62,93.37,100.0
2026-05-12,5704,老爺知,21.45,21.5,21.3,21.4,17,0,0,0,0.19,99.8,100.0
2026-05-12,5706,鳳凰,51.5,51.5,50.4,50.5,376,-149,0,-1,1.66,98.33,100.0
2026-05-12,5859,遠壽,14.71,15.15,14.35,14.5,226,0,0,0,0.0,0.0,0.0
2026-05-12,5863,瑞興銀,11.0,11.4,10.8,11.25,59,3,0,0,0.0,0.0,0.0
2026-05-12,5864,致和證,36.9,36.9,33.7,33.85,10824,-3694,0,0,6.19,93.8,100.0
2026-05-12,5871,中租-KY,111.5,112.0,109.0,109.5,10668,-3825,-31,-24,46.4,53.59,100.0
2026-05-12,5876,上海商銀,39.85,40.6,39.85,40.1,15075,7273,-399,-568,53.67,46.32,100.0
2026-05-12,5878,台名,40.7,40.7,40.7,40.7,11,2,0,0,0.57,99.42,100.0
2026-05-12,5880,合庫金,23.05,23.05,22.8,22.8,23232,-14036,-194,-270,15.49,84.5,100.0
2026-05-12,5902,德記,37.35,37.9,36.9,37.85,59,0,0,0,1.15,98.84,100.0
2026-05-12,5903,全家,189.5,189.5,189.0,189.5,40,1,0,0,51.07,48.92,100.0
2026-05-12,5904,寶雅,576.0,577.0,559.0,561.0,297,-30,-3,2,29.34,70.65,100.0
2026-05-12,5905,南仁湖,8.69,8.7,8.4,8.42,1173,40,0,24,1.35,98.64,100.0
2026-05-12,5906,台南-KY,0.0,0.0,0.0,0.0,0,0,0,0,19.35,80.64,100.0
2026-05-12,5907,大洋-KY,5.3,5.37,5.27,5.27,202,12,0,-3,52.06,47.93,100.0
2026-05-12,6005,群益證,32.4,32.9,31.3,31.7,19681,1094,-2456,0,16.08,83.91,100.0
2026-05-12,6015,宏遠證,17.4,17.4,15.9,16.4,8436,-312,0,0,8.36,91.63,100.0
2026-05-12,6016,康和證,25.4,25.7,23.8,24.0,16229,-637,0,0,12.77,87.22,100.0
2026-05-12,6020,大展證,24.35,25.05,22.25,22.95,446,0,0,0,0.0,99.99,100.0
2026-05-12,6021,美好證,36.15,36.35,34.05,34.4,626,-107,0,0,7.65,92.34,100.0
2026-05-12,6023,元大期,100.0,100.0,98.2,99.8,335,2,-77,0,2.05,97.94,100.0
2026-05-12,6024,群益期,58.2,58.2,57.1,57.5,639,168,-195,0,4.28,95.71,100.0
2026-05-12,6026,福邦證,16.8,16.9,16.05,16.2,4082,-739,0,0,7.34,92.65,100.0
2026-05-12,6027,德信,13.95,14.05,12.85,13.45,120,-1,0,0,0.0,0.0,0.0
2026-05-12,6028,公勝保經,82.3,82.3,80.6,81.4,28,0,0,0,0.55,99.44,100.0
2026-05-12,6035,悠遊卡,51.09,53.0,51.1,52.7,9,0,0,0,0.0,0.0,0.0
2026-05-12,6101,寬魚國際,39.0,39.15,38.45,38.65,104,-47,0,0,0.39,99.6,100.0
2026-05-12,6103,合邦,40.0,40.0,40.0,40.0,3,0,0,0,0.74,99.25,100.0
2026-05-12,6104,創惟,104.0,104.0,100.5,102.0,1809,107,0,33,18.66,81.33,100.0
2026-05-12,6108,競國,20.35,20.7,19.8,20.35,2747,-452,0,9,3.88,96.11,100.0
2026-05-12,6109,亞元,12.5,12.5,12.05,12.15,386,-37,0,0,2.04,97.95,100.0
2026-05-12,6111,光聚晶電,48.0,48.7,47.3,48.15,474,-48,0,-3,12.83,87.16,100.0
2026-05-12,6112,邁達特,44.3,44.3,43.0,43.3,868,-245,0,-7,1.17,98.82,100.0
2026-05-12,6113,亞矽,24.85,25.05,23.9,23.95,458,30,0,-135,2.89,97.1,100.0
2026-05-12,6114,久威,31.6,31.6,30.5,30.5,45,-3,0,0,1.14,98.85,100.0
2026-05-12,6115,鎰勝,47.7,47.7,47.4,47.5,164,-67,0,-1,5.6,94.39,100.0
2026-05-12,6116,彩晶,9.73,10.65,9.69,10.65,134250,15276,0,1365,8.15,91.84,100.0
2026-05-12,6117,迎廣,80.7,81.5,78.7,80.2,561,97,0,-33,1.83,98.16,100.0
2026-05-12,6118,建達,17.4,17.55,16.9,17.05,421,113,0,0,2.9,97.09,100.0
2026-05-12,6120,達運,12.95,13.3,12.8,13.05,4237,1094,0,-32,7.66,92.33,100.0
2026-05-12,6121,新普,391.5,391.5,378.0,382.0,1691,-581,-110,-28,37.27,62.72,100.0
2026-05-12,6122,擎邦,48.0,48.4,47.7,47.75,875,-82,0,-8,4.7,95.29,100.0
2026-05-12,6123,上奇,45.2,45.5,44.55,44.9,128,-22,0,0,2.57,97.42,100.0
2026-05-12,6124,業強,30.75,30.8,30.15,30.15,88,9,0,0,50.91,49.08,100.0
2026-05-12,6125,廣運,60.2,61.8,58.5,60.7,3238,737,0,50,7.06,92.93,100.0
2026-05-12,6126,信音,33.0,33.45,32.5,33.15,808,157,0,0,2.44,97.55,100.0
2026-05-12,6127,九豪,47.55,49.0,47.0,48.45,8381,552,0,67,5.24,94.75,100.0
2026-05-12,6128,上福,20.3,20.35,20.1,20.2,125,-43,0,-3,4.37,95.62,100.0
2026-05-12,6129,普誠,16.5,16.5,16.05,16.1,1043,163,0,-191,2.96,97.03,100.0
2026-05-12,6130,上亞科技,23.65,23.65,22.85,23.2,157,-48,0,0,1.67,98.32,100.0
2026-05-12,6133,金橋,22.2,22.25,21.8,22.1,776,267,0,0,2.93,97.06,100.0
2026-05-12,6134,萬旭,33.5,34.1,32.9,33.1,1174,117,0,0,25.28,74.71,100.0
2026-05-12,6136,富爾特,25.65,25.65,25.15,25.2,570,93,0,-1,3.66,96.33,100.0
2026-05-12,6138,茂達,291.0,298.0,281.5,289.5,3037,-198,0,0,18.08,81.91,100.0
2026-05-12,6139,亞翔,680.0,686.0,663.0,680.0,3644,331,-690,40,30.19,69.8,100.0
2026-05-12,6140,訊達,22.1,22.1,20.5,21.0,249,-21,0,0,1.56,98.43,100.0
2026-05-12,6141,柏承,34.0,34.2,31.6,31.7,1743,-264,0,2,1.83,98.16,100.0
2026-05-12,6142,友勁,8.6,8.61,8.49,8.52,894,259,0,0,2.54,97.45,100.0
2026-05-12,6143,振曜,97.6,101.5,96.5,99.7,4395,-639,0,11,9.5,90.49,100.0
2026-05-12,6144,得利影,14.7,14.95,14.6,14.85,15,-6,0,0,33.4,66.59,100.0
2026-05-12,6146,耕興,215.0,217.0,213.0,215.0,243,59,0,3,30.38,69.61,100.0
2026-05-12,6147,頎邦,196.5,201.5,193.0,196.0,31804,406,845,-305,22.26,77.73,100.0
2026-05-12,6148,驊宏資,30.2,30.35,29.7,30.2,291,34,0,0,2.62,97.37,100.0
2026-05-12,6150,撼訊,66.2,68.5,65.7,66.5,1177,-175,0,55,6.25,93.74,100.0
2026-05-12,6151,晉倫,40.3,42.4,39.8,41.5,2093,29,0,16,6.27,93.72,100.0
2026-05-12,6152,百一,16.2,16.3,15.7,16.05,6873,-2128,0,-6,1.5,98.49,100.0
2026-05-12,6153,嘉聯益,18.1,18.85,18.0,18.45,5473,1069,0,79,10.9,89.09,100.0
2026-05-12,6154,順發,12.8,12.85,12.75,12.85,59,5,0,0,0.74,99.25,100.0
2026-05-12,6155,鈞寶,51.5,53.4,50.6,51.8,4493,-492,0,0,8.62,91.37,100.0
2026-05-12,6156,松上,19.65,19.65,19.3,19.65,393,29,0,0,7.38,92.61,100.0
2026-05-12,6158,禾昌,18.3,18.3,17.85,18.0,149,5,0,0,0.8,99.19,100.0
2026-05-12,6160,欣技,16.45,16.5,16.0,16.05,98,-21,0,0,3.99,96.0,100.0
2026-05-12,6161,捷波,44.7,44.7,43.8,43.9,109,-18,0,0,3.67,96.32,100.0
2026-05-12,6163,華電網,59.0,59.0,55.6,57.8,4918,-1272,0,-55,9.46,90.53,100.0
2026-05-12,6164,華興,12.3,12.45,12.15,12.3,515,103,0,5,4.86,95.13,100.0
2026-05-12,6165,浪凡,51.8,51.8,49.85,49.95,1303,-350,0,-10,18.3,81.69,100.0
2026-05-12,6166,凌華,96.5,101.5,93.2,101.5,5663,682,0,53,17.8,82.19,100.0
2026-05-12,6167,久正,12.0,12.0,11.6,11.95,776,184,0,0,5.45,94.54,100.0
2026-05-12,6168,宏齊,26.75,27.65,26.35,26.85,4081,723,0,-8,3.03,96.96,100.0
2026-05-12,6169,昱泉,16.35,16.7,15.8,15.9,120,-12,0,0,0.1,99.89,100.0
2026-05-12,6170,統振,50.9,51.0,50.6,50.6,429,87,0,0,3.27,96.72,100.0
2026-05-12,6171,大城地產,24.1,24.15,24.0,24.15,12,-2,0,0,0.22,99.77,100.0
2026-05-12,6173,信昌電,134.0,147.0,130.0,147.0,6911,689,0,1045,23.83,76.16,100.0
2026-05-12,6174,安碁,40.35,40.75,39.0,39.35,1817,-31,0,0,2.82,97.17,100.0
2026-05-12,6175,立敦,67.8,69.6,65.6,67.7,6801,182,0,15,20.18,79.81,100.0
2026-05-12,6176,瑞儀,104.5,105.5,102.0,104.0,9731,1286,-53,-36,24.84,75.15,100.0
2026-05-12,6177,達麗,47.05,47.5,46.95,47.25,1299,-131,502,-7,6.82,93.17,100.0
2026-05-12,6179,亞通,25.0,25.1,24.05,24.4,1573,-326,0,1,4.77,95.22,100.0
2026-05-12,6180,橘子,39.4,39.6,39.0,39.6,361,99,-2,-2,23.0,76.99,100.0
2026-05-12,6182,合晶,57.0,57.3,55.0,56.3,20609,1927,0,-289,16.6,83.39,100.0
2026-05-12,6183,關貿,94.2,94.2,91.7,92.5,56,-12,0,0,1.06,98.93,100.0
2026-05-12,6184,大豐電,46.9,46.9,46.5,46.55,38,-20,0,0,2.95,16.04,19.0
2026-05-12,6185,幃翔,13.95,14.0,13.8,14.0,195,-19,0,0,1.86,98.13,100.0
2026-05-12,6186,新潤,39.65,39.65,38.0,38.85,2383,-695,0,45,4.39,95.6,100.0
2026-05-12,6187,萬潤,1190.0,1220.0,1150.0,1220.0,3556,563,4,30,30.93,69.06,100.0
2026-05-12,6188,廣明,85.1,85.8,83.2,85.6,1656,457,0,17,7.07,92.92,100.0
2026-05-12,6189,豐藝,47.85,48.45,47.2,47.9,778,222,-16,-2,7.61,92.38,100.0
2026-05-12,6190,萬泰科,81.0,81.4,79.5,80.6,8363,293,0,-330,11.2,88.79,100.0
2026-05-12,6191,精成科,95.2,95.8,93.4,93.8,5740,-444,0,-28,4.85,95.14,100.0
2026-05-12,6192,巨路,129.0,133.0,127.5,132.0,604,211,0,13,25.08,74.91,100.0
2026-05-12,6194,育富,32.1,32.7,32.1,32.55,68,1,0,0,2.76,97.23,100.0
2026-05-12,6195,詩肯,25.85,25.85,25.85,25.85,141,0,0,0,44.84,55.15,100.0
2026-05-12,6196,帆宣,445.0,446.5,415.0,419.5,3790,152,0,-70,16.49,83.5,100.0
2026-05-12,6197,佳必琪,231.5,234.5,222.0,234.0,3529,-467,-107,9,8.95,91.04,100.0
2026-05-12,6198,瑞築,21.8,22.5,21.8,21.9,38,0,0,0,0.04,99.95,100.0
2026-05-12,6199,天品,99.8,102.0,98.1,98.5,1139,-119,0,0,5.69,94.3,100.0
2026-05-12,6201,亞弘電,49.95,50.0,49.1,49.75,37,-1,0,0,1.24,98.75,100.0
2026-05-12,6202,盛群,59.9,61.0,58.1,58.2,5603,-1027,0,0,10.05,89.94,100.0
2026-05-12,6203,海韻電,73.2,74.7,71.1,71.8,797,-134,0,-4,3.02,96.97,100.0
2026-05-12,6204,艾華,73.0,77.8,71.0,77.0,623,146,0,-3,3.03,96.96,100.0
2026-05-12,6205,詮欣,86.2,87.6,83.7,85.9,2463,-45,0,0,1.77,98.22,100.0
2026-05-12,6206,飛捷,135.0,142.0,132.5,140.0,9680,3337,-7,52,13.91,86.08,100.0
2026-05-12,6207,雷科,70.9,71.0,66.6,68.8,7684,-767,0,91,7.46,92.53,100.0
2026-05-12,6208,日揚,86.5,86.5,86.5,86.5,1284,-15,0,30,1.9,98.09,100.0
2026-05-12,6209,今國光,66.1,67.6,65.1,66.0,6418,-418,0,-15,6.24,93.75,100.0
2026-05-12,6210,慶生,20.5,20.6,20.45,20.6,75,1,0,0,0.24,99.75,100.0
2026-05-12,6212,理銘,0.0,0.0,0.0,0.0,0,0,0,0,0.47,99.52,100.0
2026-05-12,6213,聯茂,311.0,322.0,285.0,285.5,29159,-5242,-212,-568,11.62,88.22,100.0
2026-05-12,6214,精誠,127.5,127.5,123.0,124.0,1155,-344,-2,-14,11.56,88.43,100.0
2026-05-12,6215,和椿,125.0,128.0,120.5,126.0,9135,785,0,74,7.52,92.47,100.0
2026-05-12,6216,居易,23.6,23.6,23.1,23.1,430,-70,0,-3,2.98,97.01,100.0
2026-05-12,6217,中探針,300.0,310.0,300.0,310.0,4361,155,-126,127,19.38,80.61,100.0
2026-05-12,6218,豪勉,37.95,41.0,37.65,41.0,4178,959,0,0,2.69,97.3,100.0
2026-05-12,6219,富旺,12.9,12.9,12.4,12.4,977,293,0,0,1.57,98.42,100.0
2026-05-12,6220,岳豐,31.0,31.0,29.7,30.05,310,-28,0,2,4.56,95.43,100.0
2026-05-12,6221,晉泰,24.4,24.45,23.85,24.2,296,27,0,0,1.11,98.88,100.0
2026-05-12,6222,立軒,23.05,23.4,22.3,22.45,21,-3,0,0,0.11,99.88,100.0
2026-05-12,6223,旺矽,5315.0,5480.0,5250.0,5480.0,1001,16,1,70,29.16,70.83,100.0
2026-05-12,6224,聚鼎,79.0,81.0,76.5,77.5,1842,-111,0,-1,3.96,96.03,100.0
2026-05-12,6225,天瀚,25.95,27.35,25.8,26.4,75,2,0,0,0.02,99.97,100.0
2026-05-12,6226,光鼎,12.3,12.7,12.3,12.55,1371,367,0,0,1.06,98.93,100.0
2026-05-12,6227,茂綸,102.5,105.5,99.5,103.0,1426,223,0,5,3.53,96.46,100.0
2026-05-12,6228,全譜,22.0,22.0,21.4,21.55,12,-1,0,0,0.32,99.67,100.0
2026-05-12,6229,研通,29.35,31.15,28.4,30.45,1464,173,0,0,1.63,98.36,100.0
2026-05-12,6230,尼得科超眾,154.0,154.0,149.5,150.0,135,-12,0,-1,87.14,12.85,100.0
2026-05-12,6231,系微,318.5,327.0,308.0,311.5,1359,-265,0,4,12.0,87.99,100.0
2026-05-12,6233,旺玖,26.85,26.85,26.2,26.5,377,83,0,0,5.47,94.52,100.0
2026-05-12,6234,高僑,55.0,57.9,54.6,55.5,2261,30,0,-3,12.9,87.09,100.0
2026-05-12,6235,華孚,43.6,43.65,42.65,42.7,724,-325,0,-3,4.3,95.69,100.0
2026-05-12,6236,中湛,0.0,0.0,0.0,0.0,0,0,0,0,0.02,99.97,100.0
2026-05-12,6237,驊訊,45.0,45.0,43.0,43.7,1687,292,0,8,9.75,90.24,100.0
2026-05-12,6239,力成,227.5,233.0,219.0,226.5,18062,-736,-1188,156,33.49,66.5,100.0
2026-05-12,6240,松崗,18.5,18.5,18.1,18.1,9,-2,0,0,0.28,99.71,100.0
2026-05-12,6241,鑫永洋,8.68,8.89,8.56,8.68,124,13,0,0,0.06,99.93,100.0
2026-05-12,6242,立康,37.75,37.8,37.25,37.7,10,2,0,0,0.48,99.51,100.0
2026-05-12,6243,迅杰,34.5,34.5,33.25,34.35,305,68,0,0,1.88,98.11,100.0
2026-05-12,6244,茂迪,30.0,30.75,29.4,29.4,6879,-358,0,27,24.53,75.46,100.0
2026-05-12,6245,立端,82.5,82.8,80.8,82.8,1137,297,0,0,11.95,88.04,100.0
2026-05-12,6246,臺龍,16.95,16.95,16.2,16.2,105,-6,0,6,0.17,99.82,100.0
2026-05-12,6248,沛波,19.25,19.25,18.9,18.95,140,-6,0,0,0.74,99.25,100.0
2026-05-12,6257,矽格,213.5,214.0,208.0,210.0,12870,-1232,450,-1069,26.33,73.66,100.0
2026-05-12,6259,百徽,24.6,24.6,23.45,23.9,1007,-65,0,15,38.58,61.41,100.0
2026-05-12,6261,久元,120.5,123.0,112.5,120.5,9242,170,0,-339,7.52,92.47,100.0
2026-05-12,6263,普萊德,184.5,184.5,184.5,184.5,357,-24,0,15,1.92,98.07,100.0
2026-05-12,6264,富裔,6.31,6.33,6.1,6.19,89,-13,0,0,0.02,99.97,100.0
2026-05-12,6265,方土昶,47.0,47.6,44.0,44.85,11694,-863,0,-55,5.7,94.29,100.0
2026-05-12,6266,泰詠,27.55,27.6,27.15,27.25,556,-67,0,0,2.09,97.9,100.0
2026-05-12,6269,台郡,58.1,58.5,56.4,57.6,4575,-1330,0,-68,17.45,82.54,100.0
2026-05-12,6270,倍微,27.3,27.75,26.95,27.05,439,60,0,0,2.4,97.59,100.0
2026-05-12,6271,同欣電,186.5,186.5,182.5,183.0,4248,431,0,-60,28.9,71.09,100.0
2026-05-12,6272,驊陞,30.6,30.8,30.1,30.3,447,62,0,0,3.92,96.07,100.0
2026-05-12,6274,台燿,1455.0,1460.0,1400.0,1450.0,1519,-311,42,282,37.86,62.13,100.0
2026-05-12,6275,元山,50.5,50.5,49.5,50.0,678,9,0,-11,4.61,95.38,100.0
2026-05-12,6276,安鈦克,30.05,30.05,29.5,29.55,163,22,0,0,2.39,97.6,100.0
2026-05-12,6277,宏正,71.8,71.9,70.4,70.8,175,22,0,-1,8.02,91.97,100.0
2026-05-12,6278,台表科,220.0,222.0,210.0,214.5,19357,-3785,-73,-364,21.68,78.31,100.0
2026-05-12,6279,胡連,120.5,121.0,118.5,119.0,1132,-265,-7,-3,5.04,94.95,100.0
2026-05-12,6281,全國電,51.3,51.3,50.6,51.0,93,-31,0,0,2.11,97.88,100.0
2026-05-12,6282,康舒,56.3,56.5,52.5,56.0,96766,1577,0,-30,17.33,82.66,100.0
2026-05-12,6283,淳安,25.05,25.35,24.8,24.85,562,50,0,2,18.64,81.35,100.0
2026-05-12,6284,佳邦,82.0,83.5,79.9,83.2,1782,624,0,5,10.4,89.59,100.0
2026-05-12,6285,啟碁,266.0,282.5,262.0,282.0,47530,6668,539,315,22.6,77.39,100.0
2026-05-12,6290,良維,272.5,281.0,271.0,272.5,3048,-194,0,-58,17.17,82.82,100.0
2026-05-12,6291,沛亨,510.0,518.0,509.0,518.0,2174,556,0,11,3.49,96.5,100.0
2026-05-12,6292,迅德,57.7,59.6,55.5,57.0,1250,-249,0,8,1.36,98.63,100.0
2026-05-12,6294,智基,31.95,31.95,30.0,30.4,174,-9,0,0,1.12,98.87,100.0
2026-05-12,6405,悅城,60.1,60.1,55.5,58.2,984,-5,0,70,4.89,95.1,100.0
2026-05-12,6407,相互,36.59,38.15,35.75,36.85,1233,-56,0,0,0.0,0.0,0.0
2026-05-12,6409,旭隼,767.0,775.0,757.0,764.0,1092,-97,-15,0,52.72,47.27,100.0
2026-05-12,6411,晶焱,83.2,84.5,81.4,84.5,973,208,0,0,8.43,91.56,100.0
2026-05-12,6412,群電,94.3,97.4,93.6,96.5,9786,-1667,0,72,4.4,95.59,100.0
2026-05-12,6414,樺漢,361.5,362.0,351.0,362.0,1787,629,-87,-71,34.57,65.42,100.0
2026-05-12,6415,矽力*-KY,488.0,492.0,462.0,476.5,10896,-281,355,-42,80.72,19.27,100.0
2026-05-12,6416,瑞祺電通,84.0,84.7,83.2,83.9,253,65,0,-2,4.13,95.86,100.0
2026-05-12,6417,韋僑,142.0,152.0,140.5,146.5,1090,-11,0,7,10.36,89.63,100.0
2026-05-12,6418,詠昇,30.95,31.9,30.55,31.9,216,3,0,0,3.78,96.21,100.0
2026-05-12,6419,京晨科,150.5,150.5,150.5,150.5,335,29,0,6,9.95,90.04,100.0
2026-05-12,6423,億而得-創,119.0,119.0,109.0,116.5,602,-120,0,-4,4.16,95.83,100.0
2026-05-12,6423,億而得,119.0,119.0,109.0,116.5,602,-120,0,-4,4.16,95.83,100.0
2026-05-12,6425,易發,88.5,91.8,87.4,89.0,8537,-236,0,7,2.62,97.37,100.0
2026-05-12,6426,統新,273.5,280.0,265.0,265.5,8427,-724,0,-19,6.83,93.16,100.0
2026-05-12,6428,台灣淘米,13.7,13.9,13.9,13.9,0,0,0,0,0.0,0.0,0.0
2026-05-12,6431,光麗-KY,19.9,22.0,19.9,21.3,227,56,0,0,56.96,43.03,100.0
2026-05-12,6432,今展科,50.0,52.6,47.05,47.3,6481,-522,0,-2,3.01,96.98,100.0
2026-05-12,6434,達輝光電,24.29,25.2,22.0,23.15,3145,-20,0,0,0.0,0.0,0.0
2026-05-12,6435,大中,242.0,254.5,240.5,248.5,2257,157,0,1,14.32,85.67,100.0
2026-05-12,6438,迅得,172.0,173.0,169.0,171.5,1454,485,-320,-20,7.88,92.11,100.0
2026-05-12,6441,廣錠,27.95,27.95,25.95,26.45,499,-54,0,0,0.6,99.39,100.0
2026-05-12,6442,光聖,2050.0,2120.0,1905.0,1905.0,3778,-650,-389,-2,32.81,67.18,100.0
2026-05-12,6443,元晶,41.5,41.5,41.0,41.5,3341,486,0,103,14.25,85.74,100.0
2026-05-12,6446,藥華藥,708.0,724.0,693.0,711.0,2276,145,-3,-3,22.38,77.61,100.0
2026-05-12,6449,鈺邦,182.0,198.5,177.5,198.5,3917,660,0,100,4.22,95.77,100.0
2026-05-12,6451,訊芯-KY,465.0,479.0,443.5,456.5,6956,-623,-4,-15,65.29,34.7,100.0
2026-05-12,6456,GIS-KY,69.0,71.4,67.0,67.8,9762,-432,0,-48,42.93,57.06,100.0
2026-05-12,6461,益得,17.0,17.0,16.5,16.7,275,63,0,0,0.7,99.29,100.0
2026-05-12,6462,神盾,132.0,132.5,127.5,131.0,2238,283,0,-110,18.83,81.16,100.0
2026-05-12,6464,台數科,76.0,76.5,76.0,76.5,21,-15,0,0,0.79,19.19,19.99
2026-05-12,6465,威潤,45.7,45.7,44.05,44.2,178,-10,0,0,0.64,99.35,100.0
2026-05-12,6467,泰合,135.48,137.5,131.0,132.5,281,1,0,0,0.0,0.0,0.0
2026-05-12,6469,大樹,74.5,74.7,72.1,72.4,1251,29,0,0,8.05,91.94,100.0
2026-05-12,6470,宇智,46.55,46.75,46.55,46.6,52,1,0,0,5.78,94.21,100.0
2026-05-12,6472,保瑞,403.5,413.0,388.5,404.0,2834,42,2,57,9.93,90.06,100.0
2026-05-12,6473,美賣*,9.75,10.05,9.37,9.82,602,-5,0,0,0.0,0.0,0.0
2026-05-12,6474,華豫寧,39.0,39.2,38.75,38.9,64,-3,0,0,0.1,99.89,100.0
2026-05-12,6477,安集,34.85,35.15,34.3,34.65,484,18,0,-2,2.82,97.17,100.0
2026-05-12,6482,弘煜科,28.85,29.05,28.45,28.5,31,-2,0,0,2.49,97.5,100.0
2026-05-12,6483,原創生醫,14.29,14.35,13.9,14.0,152,0,0,0,0.0,0.0,0.0
2026-05-12,6485,點序,86.0,86.0,82.5,84.9,503,5,0,-1,9.01,90.98,100.0
2026-05-12,6486,互動,83.2,83.3,82.1,82.6,232,-74,0,0,4.71,95.28,100.0
2026-05-12,6488,環球晶,829.0,833.0,785.0,785.0,3616,-273,-12,25,26.69,73.3,100.0
2026-05-12,6491,晶碩,285.5,287.5,283.5,287.5,285,58,0,0,9.91,90.08,100.0
2026-05-12,6492,生華科,50.4,50.5,49.75,49.95,229,-14,0,0,7.75,92.24,100.0
2026-05-12,6493,雷虎生,29.27,30.1,29.2,29.95,93,-5,0,0,0.0,0.0,0.0
2026-05-12,6494,九齊,58.9,58.9,55.5,56.1,592,-162,0,-47,7.99,92.0,100.0
2026-05-12,6496,科懋,24.6,24.6,24.15,24.2,13,-1,0,0,0.35,99.64,100.0
2026-05-12,6498,久禾光,96.2,96.2,93.2,94.9,105,8,0,0,2.28,97.71,100.0
2026-05-12,6499,益安,83.5,83.7,81.5,81.5,378,-74,0,0,18.29,81.7,100.0
2026-05-12,6504,南六,40.7,40.7,39.35,39.4,39,-6,0,-1,1.03,98.96,100.0
2026-05-12,6505,台塑化,54.3,54.3,52.7,53.1,7758,980,-824,-212,6.06,93.93,100.0
2026-05-12,6506,雙邦,18.0,18.3,18.0,18.3,288,37,0,0,0.67,99.32,100.0
2026-05-12,6508,惠光,24.5,24.65,23.8,24.0,133,31,0,0,1.02,98.97,100.0
2026-05-12,6509,聚和,46.7,47.75,45.9,46.65,10522,3570,0,19,6.17,93.82,100.0
2026-05-12,6510,精測,3865.0,3965.0,3760.0,3860.0,1041,-71,134,-1,33.43,66.56,100.0
2026-05-12,6512,啟發電,19.2,19.2,19.2,19.2,10,0,0,0,0.07,99.92,100.0
2026-05-12,6515,穎崴,10120.0,10255.0,9855.0,9950.0,263,34,-2,-5,21.59,78.4,100.0
2026-05-12,6516,勤崴國際,58.6,58.6,57.2,57.8,111,-4,0,0,1.44,98.55,100.0
2026-05-12,6517,保勝光學,57.0,57.0,56.0,56.3,210,-7,0,0,4.84,95.15,100.0
2026-05-12,6518,康科特,32.08,33.0,31.35,32.1,30,0,0,0,0.0,0.0,0.0
2026-05-12,6523,達爾膚,99.0,99.0,98.5,98.6,54,-13,0,0,1.97,98.02,100.0
2026-05-12,6525,捷敏-KY,109.5,110.5,106.5,107.5,881,-75,-9,0,15.29,84.7,100.0
2026-05-12,6526,達發,750.0,753.0,724.0,734.0,2247,77,0,-10,7.42,92.57,100.0
2026-05-12,6527,明達醫,70.9,70.9,67.9,70.0,93,-7,0,0,0.11,99.88,100.0
2026-05-12,6530,創威,115.0,121.5,114.0,121.5,4689,533,0,10,6.52,93.47,100.0
2026-05-12,6531,愛普*,973.0,1055.0,903.0,1055.0,9459,-1027,-33,63,30.94,69.05,100.0
2026-05-12,6532,瑞耘,106.5,109.0,102.5,103.5,1868,-123,0,3,6.1,93.89,100.0
2026-05-12,6533,晶心科,252.5,252.5,240.0,245.5,1343,-143,0,-6,12.04,87.95,100.0
2026-05-12,6534,正瀚-創,97.0,98.5,96.0,97.8,160,-8,0,0,41.09,58.9,100.0
2026-05-12,6535,順藥,133.0,133.0,129.0,132.0,222,-1,0,0,5.69,94.3,100.0
2026-05-12,6536,碩豐,23.57,23.0,21.8,21.85,24,0,0,0,0.0,0.0,0.0
2026-05-12,6538,倉和,78.4,78.7,77.5,77.9,119,26,0,9,5.6,94.39,100.0
2026-05-12,6539,麗彤,46.99,0.0,0.0,0.0,0,0,0,0,0.0,0.0,0.0
2026-05-12,6541,泰福-KY,40.15,40.35,39.0,39.3,391,-123,0,0,13.79,86.2,100.0
2026-05-12,6542,隆中,47.9,47.9,47.3,47.3,3,-1,0,0,18.11,81.88,100.0
2026-05-12,6543,普惠醫工,22.34,22.4,22.0,22.25,69,-6,0,0,0.0,0.0,0.0
2026-05-12,6546,正基,68.8,72.0,67.6,70.9,725,34,0,4,6.99,93.0,100.0
2026-05-12,6547,高端疫苗,49.1,49.3,48.2,48.25,1605,-158,0,14,9.36,90.63,100.0
2026-05-12,6548,長科*,54.2,54.4,51.6,52.7,6376,-915,-5,-129,2.99,97.0,100.0
2026-05-12,6549,景凱,7.94,8.22,7.85,8.2,120,6,0,0,0.0,0.0,0.0
2026-05-12,6550,北極星藥業-KY,16.8,16.85,16.15,16.3,1899,97,0,-2,67.34,32.65,100.0
2026-05-12,6552,易華電,30.6,30.6,29.65,30.0,217,8,0,-4,0.85,99.14,100.0
2026-05-12,6555,榮炭,22.81,23.0,21.45,22.15,421,-10,0,0,0.0,0.0,0.0
2026-05-12,6556,勝品,70.2,70.2,69.6,70.1,6,0,0,0,0.57,99.42,100.0
2026-05-12,6558,興能高,30.85,31.55,29.95,30.65,1461,-323,0,-1,2.08,97.91,100.0
2026-05-12,6559,研晶,28.61,29.5,26.9,28.2,126,0,0,0,0.0,0.0,0.0
2026-05-12,6560,欣普羅,39.15,39.3,38.2,38.8,139,-10,0,0,4.96,95.03,100.0
2026-05-12,6561,是方,356.5,356.5,344.0,344.5,155,-10,0,-3,5.84,94.15,100.0
2026-05-12,6563,映智,32.44,34.6,31.0,32.4,273,0,0,0,0.0,0.0,0.0
2026-05-12,6564,安特羅,18.5,18.75,18.1,18.55,93,-8,0,0,0.0,0.0,0.0
2026-05-12,6565,物聯,23.46,24.0,22.8,23.45,115,2,0,0,0.0,0.0,0.0
2026-05-12,6568,宏觀,226.5,234.5,226.5,226.5,409,4,0,0,6.27,93.72,100.0
2026-05-12,6569,醫揚,99.6,101.5,97.7,100.0,88,-1,0,-30,2.93,97.06,100.0
2026-05-12,6570,維田,46.5,46.5,43.25,44.0,316,4,0,0,1.37,98.62,100.0
2026-05-12,6572,博錸,9.76,9.97,9.21,9.57,238,0,0,0,0.0,0.0,0.0
2026-05-12,6573,虹揚-KY,12.5,13.5,12.25,13.5,375,218,0,0,55.07,44.92,100.0
2026-05-12,6574,霈方,126.0,126.0,114.5,118.0,137,-17,0,5,0.5,99.49,100.0
2026-05-12,6576,逸達,80.0,80.1,79.0,80.0,93,-16,0,0,22.33,77.66,100.0
2026-05-12,6577,勁豐,80.4,80.7,80.0,80.0,46,-10,0,0,1.29,98.7,100.0
2026-05-12,6578,達邦蛋白,14.75,14.75,14.35,14.65,557,22,0,0,0.77,99.22,100.0
2026-05-12,6579,研揚,141.0,141.5,136.5,141.0,610,168,0,-4,3.1,96.89,100.0
2026-05-12,6580,台睿,15.98,16.15,15.55,15.9,104,0,0,0,0.0,0.0,0.0
2026-05-12,6581,鋼聯,108.0,109.0,107.0,108.0,25,-5,0,0,1.01,98.98,100.0
2026-05-12,6582,申豐,31.4,31.45,31.0,31.0,65,-8,0,0,12.98,87.01,100.0
2026-05-12,6583,友松,12.4,12.4,12.4,12.4,0,0,0,0,0.0,0.0,0.0
2026-05-12,6584,南俊國際,720.0,722.0,677.0,681.0,1547,-292,-186,1,15.79,84.2,100.0
2026-05-12,6585,鼎基,94.4,94.4,91.1,91.5,141,-1,0,0,6.75,93.24,100.0
2026-05-12,6586,醣基,57.75,62.8,56.2,62.8,1587,22,0,0,0.0,0.0,0.0
2026-05-12,6588,東典光電,149.0,151.0,141.5,141.5,2091,-246,0,0,4.06,95.93,100.0
2026-05-12,6589,台康生技,44.75,44.75,43.55,43.6,1422,-344,0,-4,6.0,93.99,100.0
2026-05-12,6590,普鴻,68.5,68.6,68.5,68.6,9,2,0,0,0.05,99.94,100.0
2026-05-12,6591,動力-KY,56.4,56.4,55.1,55.4,610,-116,0,0,20.74,79.25,100.0
2026-05-12,6592,和潤企業,60.8,60.8,60.2,60.2,724,20,-2,-12,26.27,73.72,100.0
2026-05-12,6593,台灣銘板,35.6,37.0,34.65,35.4,219,5,0,0,1.24,98.75,100.0
2026-05-12,6595,光禹國際,32.21,32.45,30.9,32.35,5,0,0,0,0.0,0.0,0.0
2026-05-12,6596,寬宏藝術,104.5,104.5,102.5,103.0,282,-32,0,-3,4.51,95.48,100.0
2026-05-12,6597,立誠,76.0,79.9,75.0,76.4,45,-8,0,0,0.0,99.99,100.0
2026-05-12,6598,ABC-KY,23.2,23.35,22.65,23.35,257,60,0,-1,23.42,76.57,100.0
2026-05-12,6599,普達系統,48.6,48.8,46.45,46.45,9,0,0,0,0.0,0.0,0.0
2026-05-12,6603,富強鑫,24.0,24.5,23.75,23.9,1033,-128,0,-3,4.64,95.35,100.0
2026-05-12,6604,儒億,30.8,31.0,29.6,30.4,94,-1,0,0,0.0,0.0,0.0
2026-05-12,6605,帝寶,130.0,130.0,128.5,128.5,294,-138,0,-3,15.61,84.38,100.0
2026-05-12,6606,建德工業,25.05,25.4,25.0,25.15,94,-21,0,-3,3.37,96.62,100.0
2026-05-12,6609,瀧澤科,43.65,43.95,40.75,41.65,721,172,0,0,54.52,45.47,100.0
2026-05-12,6610,安成生技,28.72,30.5,28.4,30.1,488,26,0,0,0.0,0.0,0.0
2026-05-12,6612,奈米醫材,67.7,67.7,66.5,66.6,81,2,0,0,26.0,73.99,100.0
2026-05-12,6613,朋億*,240.5,242.0,231.5,235.0,369,-51,-72,0,6.83,93.16,100.0
2026-05-12,6614,資拓宏宇,40.8,40.8,40.4,40.5,84,-2,0,-11,0.84,99.15,100.0
2026-05-12,6615,慧智,33.85,33.85,32.6,32.8,14,-2,0,0,0.07,99.92,100.0
2026-05-12,6616,特昇-KY,9.77,9.88,9.68,9.88,37,2,0,0,56.73,43.26,100.0
2026-05-12,6617,共信-KY,62.2,62.2,59.8,61.5,269,-71,0,0,38.24,61.75,100.0
2026-05-12,6618,永虹先進,20.18,20.7,19.9,20.05,685,-17,0,0,0.0,0.0,0.0
2026-05-12,6620,漢達,69.7,72.0,68.9,70.3,600,-103,0,9,24.83,75.16,100.0
2026-05-12,6621,華宇藥,12.23,12.4,12.1,12.2,114,0,0,0,0.0,0.0,0.0
2026-05-12,6622,百聿數碼,7.43,7.49,7.3,7.31,11,1,0,0,0.0,0.0,0.0
2026-05-12,6624,萬年清,48.1,49.5,45.75,48.05,99,0,0,0,0.38,99.61,100.0
2026-05-12,6625,必應,73.2,73.4,72.7,72.8,155,-53,0,0,0.98,99.01,100.0
2026-05-12,6629,泰金-KY,123.0,125.0,121.5,123.5,87,11,0,0,76.53,23.46,100.0
2026-05-12,6634,欣耀,56.97,66.3,56.0,66.3,749,15,0,0,0.0,0.0,0.0
2026-05-12,6637,醫影,70.0,70.0,66.6,67.1,380,-74,0,0,0.21,99.78,100.0
2026-05-12,6638,沅聖,43.28,44.85,42.7,43.95,9,0,0,0,0.0,0.0,0.0
2026-05-12,6639,源大環能,7.81,8.09,7.2,7.67,264,-5,0,0,0.0,0.0,0.0
2026-05-12,6640,均華,1430.0,1480.0,1405.0,1475.0,428,16,18,9,6.89,93.1,100.0
2026-05-12,6641,基士德-KY,19.1,19.1,18.55,18.55,60,-8,0,2,29.97,70.02,100.0
2026-05-12,6642,富致,64.9,66.7,63.7,63.9,508,-9,0,0,1.34,98.65,100.0
2026-05-12,6643,M31,683.0,730.0,677.0,697.0,3126,-65,5,4,11.12,88.87,100.0
2026-05-12,6645,金萬林-創,12.8,12.9,12.7,12.9,20,-4,0,0,0.84,99.15,100.0
2026-05-12,6648,斯其大,18.1,18.1,17.0,17.55,130,-3,0,0,0.0,0.0,0.0
2026-05-12,6649,台生材,40.95,40.95,39.0,39.3,69,12,0,0,6.49,93.5,100.0
2026-05-12,6650,帝圖,31.69,33.0,31.2,33.0,14,0,0,0,0.0,0.0,0.0
2026-05-12,6651,全宇昕,130.5,136.5,125.0,133.5,1641,-105,0,4,6.85,93.14,100.0
2026-05-12,6654,天正國際,92.5,92.5,90.6,91.0,47,3,0,0,0.6,99.39,100.0
2026-05-12,6655,科定,139.5,139.5,136.5,138.0,8,-1,0,0,0.5,99.49,100.0
2026-05-12,6657,華安,40.0,40.05,39.3,39.7,228,2,0,0,7.16,92.83,100.0
2026-05-12,6658,聯策,193.5,194.0,187.0,194.0,727,66,-2,7,7.56,92.43,100.0
2026-05-12,6659,天明製藥,21.45,24.2,20.5,21.5,524,0,0,0,0.0,0.0,0.0
2026-05-12,6661,威健生技,17.2,17.9,17.2,17.65,7,0,0,0,0.02,99.97,100.0
2026-05-12,6662,樂斯科,29.8,30.4,29.8,30.0,7,-2,0,0,0.2,99.79,100.0
2026-05-12,6664,群翊,449.0,469.5,443.0,467.0,2509,-39,0,73,14.78,85.21,100.0
2026-05-12,6665,康聯生醫,23.02,24.0,21.85,23.0,63,0,0,0,0.0,0.0,0.0
2026-05-12,6666,羅麗芬-KY,41.2,41.45,40.5,40.75,27,-3,0,0,75.19,24.8,100.0
2026-05-12,6667,信紘科,258.0,258.5,250.5,252.0,1121,-394,0,-24,8.67,91.32,100.0
2026-05-12,6668,中揚光,37.0,37.0,36.0,36.05,319,73,0,-2,11.2,88.79,100.0
2026-05-12,6669,緯穎,5480.0,5870.0,5415.0,5790.0,4213,-1385,1024,51,30.79,69.2,100.0
2026-05-12,6670,復盛應用,262.0,277.0,262.0,274.5,867,82,1,-4,25.8,74.19,100.0
2026-05-12,6671,三能-KY,30.2,30.25,29.4,29.4,29,-18,0,6,39.84,60.15,100.0
2026-05-12,6672,騰輝電子-KY,209.5,215.0,204.5,206.0,3942,-111,-5,40,19.32,80.67,100.0
2026-05-12,6673,和詮,23.02,23.9,21.0,22.45,984,-11,0,0,0.0,0.0,0.0
2026-05-12,6674,鋐寶科技,18.35,18.45,17.9,17.9,33,-5,0,-1,0.48,99.51,100.0
2026-05-12,6676,祥翊,15.04,15.45,14.6,15.0,456,-17,0,0,0.0,0.0,0.0
2026-05-12,6677,瑩碩生技,18.59,18.7,18.0,18.0,175,0,0,0,0.0,0.0,0.0
2026-05-12,6679,鈺太,329.0,334.5,320.5,324.5,475,8,12,-7,10.42,89.57,100.0
2026-05-12,6680,鑫創電子,53.8,54.1,53.8,54.1,4,1,0,0,0.2,99.79,100.0
2026-05-12,6682,華旭先進,54.94,60.5,55.0,56.5,2787,-63,0,0,0.0,0.0,0.0
2026-05-12,6683,雍智科技,2285.0,2410.0,2270.0,2370.0,267,93,0,3,11.79,88.2,100.0
2026-05-12,6684,安格,49.05,49.05,46.75,46.95,375,33,0,0,5.24,94.75,100.0
2026-05-12,6689,伊雲谷,69.9,69.9,68.8,68.8,224,-69,0,-2,4.5,95.49,100.0
2026-05-12,6690,安碁資訊,168.0,168.0,166.5,168.0,68,-8,0,0,3.47,96.52,100.0
2026-05-12,6691,洋基工程,644.0,644.0,632.0,633.0,404,-135,-3,-4,15.64,84.35,100.0
2026-05-12,6692,進能服,31.5,31.5,30.05,30.05,87,-21,0,0,0.47,99.52,100.0
2026-05-12,6693,廣閎科,159.5,165.0,157.0,162.0,3557,-444,0,9,12.21,87.78,100.0
2026-05-12,6695,芯鼎,53.1,53.5,51.4,52.0,2811,61,0,-3,2.5,97.49,100.0
2026-05-12,6696,仁新,398.59,430.5,403.5,417.5,1034,9,0,0,0.0,0.0,0.0
2026-05-12,6697,東捷資訊,41.2,41.4,41.0,41.0,43,-1,0,0,0.75,99.24,100.0
2026-05-12,6698,旭暉應材,31.25,31.25,30.35,30.75,280,-114,0,0,1.54,98.45,100.0
2026-05-12,6703,軒郁,120.0,120.0,116.0,116.0,100,4,0,0,13.96,86.03,100.0
2026-05-12,6704,國璽幹細胞,21.13,22.0,21.0,21.5,139,3,0,0,0.0,0.0,0.0
2026-05-12,6705,振躍精密,106.36,106.0,96.7,96.7,138,-1,0,0,0.0,0.0,0.0
2026-05-12,6706,惠特,168.5,171.5,161.0,168.5,8323,422,0,-18,10.93,89.06,100.0
2026-05-12,6707,富基電通,39.42,41.0,34.0,36.1,2100,-13,0,0,0.0,0.0,0.0
2026-05-12,6708,天擎,41.5,42.9,41.1,41.7,47,0,0,0,3.15,96.84,100.0
2026-05-12,6709,昱厚生技,25.23,25.4,25.15,25.3,74,1,0,0,0.0,0.0,0.0
2026-05-12,6712,長聖,139.0,140.0,137.5,139.0,217,115,0,0,3.52,96.47,100.0
2026-05-12,6715,嘉基,490.0,514.0,477.5,480.0,2052,-56,-2,-1,3.04,96.95,100.0
2026-05-12,6716,應廣,109.0,113.5,99.4,99.9,2837,180,0,-9,4.73,95.26,100.0
2026-05-12,6719,力智,192.5,196.0,190.0,195.0,1233,43,0,14,7.5,92.49,100.0
2026-05-12,6720,久昌,164.0,167.0,163.0,163.5,94,44,0,0,1.29,98.7,100.0
2026-05-12,6721,信實,57.2,57.5,57.1,57.5,6,-1,0,0,0.0,99.99,100.0
2026-05-12,6722,輝創,40.35,40.35,39.5,39.5,76,-23,0,0,2.77,97.22,100.0
2026-05-12,6723,傑智環境,40.18,41.1,37.85,39.8,83,-2,0,0,0.0,0.0,0.0
2026-05-12,6725,矽科宏晟,324.0,337.0,316.5,328.0,518,-15,0,7,4.19,95.8,100.0
2026-05-12,6727,亞泰金屬,452.0,517.0,451.5,515.0,4063,-120,0,-60,10.77,89.22,100.0
2026-05-12,6728,上洋,114.5,115.5,114.0,114.0,26,-7,0,0,0.84,99.15,100.0
2026-05-12,6729,機光科技,53.74,55.7,52.8,53.6,86,0,0,0,0.0,0.0,0.0
2026-05-12,6730,常廣,37.5,39.0,37.4,38.75,26,-2,0,0,0.03,99.96,100.0
2026-05-12,6732,昇佳電子,168.0,173.0,168.0,170.5,440,21,0,1,6.88,93.11,100.0
2026-05-12,6733,博晟生醫,28.05,28.3,27.6,28.15,256,62,0,0,1.28,98.71,100.0
2026-05-12,6734,安盛生,6.83,7.0,6.61,6.89,112,0,0,0,0.0,0.0,0.0
2026-05-12,6735,美達科技,130.0,137.0,125.5,135.5,461,0,0,18,1.2,98.79,100.0
2026-05-12,6737,秀育,34.1,34.15,33.85,34.15,17,0,0,0,0.0,0.0,0.0
2026-05-12,6738,鼎恒,68.27,69.4,66.1,69.0,95,0,0,0,0.0,0.0,0.0
2026-05-12,6739,竹陞科技,1405.0,1420.0,1325.0,1345.0,657,-66,-65,0,4.68,95.31,100.0
2026-05-12,6741,91APP*-KY,66.5,67.0,65.4,65.9,309,47,0,0,43.62,56.37,100.0
2026-05-12,6742,澤米,39.8,40.9,39.0,40.15,352,72,0,-1,2.08,97.91,100.0
2026-05-12,6743,安普新,29.95,30.4,29.55,29.95,370,-26,0,-5,3.71,96.28,100.0
2026-05-12,6744,豐技生技,16.52,16.2,16.1,16.15,19,0,0,0,0.0,0.0,0.0
2026-05-12,6748,亞果生醫,69.14,74.2,68.7,72.4,594,12,0,0,0.0,0.0,0.0
2026-05-12,6750,泰創工程,65.3,69.5,63.3,68.8,439,25,0,0,0.0,0.0,0.0
2026-05-12,6751,智聯服務,48.8,49.0,48.65,48.8,27,1,0,0,0.74,99.25,100.0
2026-05-12,6752,叡揚,103.0,103.0,102.0,102.5,73,-8,0,0,2.74,97.25,100.0
2026-05-12,6753,龍德造船,130.0,135.0,130.0,133.0,1344,-71,0,-58,5.46,4.03,9.5
2026-05-12,6754,匯僑設計,45.2,45.6,45.0,45.2,11,-5,0,0,15.49,84.5,100.0
2026-05-12,6755,連鋐科技,20.31,31.75,19.6,23.35,573,-3,0,0,0.0,0.0,0.0
2026-05-12,6756,威鋒電子,95.1,105.0,94.6,105.0,1072,157,0,3,2.99,97.0,100.0
2026-05-12,6757,台灣虎航-創,55.5,56.3,53.2,54.0,1846,-261,0,-34,1.73,48.25,49.99
2026-05-12,6757,台灣虎航,55.5,56.3,53.2,54.0,1846,-261,0,-34,1.73,48.25,49.99
2026-05-12,6758,冠亞,36.15,36.15,36.15,36.15,0,0,0,0,0.0,0.0,0.0
2026-05-12,6761,穩得,213.0,219.5,203.5,204.0,1687,-264,0,-29,2.42,97.57,100.0
2026-05-12,6762,達亞,144.0,157.5,144.0,156.5,13,0,0,0,5.79,94.2,100.0
2026-05-12,6763,綠界科技,47.1,47.1,46.5,46.8,436,7,-1,0,3.47,96.52,100.0
2026-05-12,6763,綠界科技*,47.1,47.1,46.5,46.8,436,7,-1,0,3.47,96.52,100.0
2026-05-12,6767,台微醫,26.65,27.0,26.65,26.8,31,0,0,0,0.22,99.77,100.0
2026-05-12,6768,志強-KY,92.4,95.0,89.6,90.4,975,-309,14,-4,58.59,41.4,100.0
2026-05-12,6770,力積電,63.0,63.3,60.4,62.1,170376,2725,14,-189,10.47,89.52,100.0
2026-05-12,6771,平和環保-創,43.55,43.9,43.5,43.6,29,-1,0,0,0.65,99.34,100.0
2026-05-12,6775,穎台科技,44.8,73.3,42.7,72.3,12383,-342,0,0,0.0,0.0,0.0
2026-05-12,6776,展碁國際,58.1,58.2,57.1,57.4,378,11,0,0,1.56,98.43,100.0
2026-05-12,6780,學習王,40.92,42.6,41.1,41.8,58,2,0,0,0.0,0.0,0.0
2026-05-12,6781,AES-KY,1355.0,1370.0,1280.0,1285.0,3196,-5,15,-62,68.08,31.91,100.0
2026-05-12,6782,視陽,194.5,196.0,189.5,190.0,447,-278,0,-3,9.1,90.89,100.0
2026-05-12,6784,天凱科技,26.81,27.25,25.5,26.55,82,-4,0,0,0.0,0.0,0.0
2026-05-12,6785,昱展新藥,133.5,135.0,132.0,134.0,95,21,0,0,8.3,91.69,100.0
2026-05-12,6786,芯測,107.79,110.0,100.5,103.5,866,-8,0,0,0.0,0.0,0.0
2026-05-12,6787,晶瑞光,39.89,40.9,38.75,39.05,818,36,0,0,0.0,0.0,0.0
2026-05-12,6788,華景電,470.0,478.0,458.0,465.0,1326,-88,0,-10,19.64,80.35,100.0
2026-05-12,6789,采鈺,616.0,642.0,593.0,594.0,10081,-658,-26,-18,3.28,96.71,100.0
2026-05-12,6790,永豐實,39.85,39.85,39.7,39.7,172,-82,0,0,1.92,98.07,100.0
2026-05-12,6791,虎門科技,124.5,124.5,118.0,120.5,101,-8,0,0,11.58,88.41,100.0
2026-05-12,6792,詠業,61.7,61.7,57.8,58.5,274,-36,0,0,1.37,98.62,100.0
2026-05-12,6793,天力離岸,6.05,6.2,5.76,6.1,89,0,0,0,0.0,0.0,0.0
2026-05-12,6794,向榮生技-創,84.0,84.0,81.0,81.4,46,-9,0,-1,0.4,99.59,100.0
2026-05-12,6794,向榮生技,84.0,84.0,81.0,81.4,46,-9,0,-1,0.4,99.59,100.0
2026-05-12,6796,晉弘,67.9,68.0,65.7,67.2,96,17,0,0,15.02,84.97,100.0
2026-05-12,6797,圓點奈米,14.65,15.8,14.35,15.8,129,14,0,0,0.0,0.0,0.0
2026-05-12,6798,展逸,51.45,51.4,50.0,50.0,44,0,0,0,0.0,0.0,0.0
2026-05-12,6799,來頡,91.7,94.8,90.8,94.4,963,104,0,4,9.69,90.3,100.0
2026-05-12,6803,崑鼎,287.0,288.5,285.0,286.5,160,-89,0,0,3.38,96.61,100.0
2026-05-12,6804,明係,15.15,15.2,14.9,15.1,106,3,0,0,4.11,95.88,100.0
2026-05-12,6805,富世達,2020.0,2035.0,1845.0,1850.0,2904,-279,-820,-49,15.82,84.17,100.0
2026-05-12,6806,森崴能源,19.6,19.65,18.9,19.2,791,304,0,0,2.07,97.92,100.0
2026-05-12,6807,峰源-KY,34.5,34.5,33.55,34.25,43,-18,0,0,43.54,56.45,100.0
2026-05-12,6808,三鼎生技,30.71,31.5,30.35,30.6,132,0,0,0,0.0,0.0,0.0
2026-05-12,6810,新穎生醫,28.48,29.3,27.2,28.3,192,-9,0,0,0.0,0.0,0.0
2026-05-12,6811,宏碁資訊,213.5,213.5,209.5,211.0,175,-3,0,0,1.48,98.51,100.0
2026-05-12,6812,梭特,72.66,72.7,68.7,71.3,417,-1,0,0,0.0,0.0,0.0
2026-05-12,6814,路迦生醫,24.26,25.4,24.15,25.3,17,1,0,0,0.0,0.0,0.0
2026-05-12,6815,晶鑽生醫,29.16,29.0,28.0,28.2,112,0,0,0,0.0,0.0,0.0
2026-05-12,6816,捷智商訊,39.29,39.5,39.0,39.05,16,0,0,0,0.0,0.0,0.0
2026-05-12,6817,溫士頓,67.66,68.3,66.8,68.2,9,0,0,0,0.0,0.0,0.0
2026-05-12,6818,連騰,63.42,65.2,62.0,63.9,149,1,0,0,0.0,0.0,0.0
2026-05-12,6819,眾智,54.16,66.9,59.0,60.3,1185,-8,0,0,0.0,0.0,0.0
2026-05-12,6820,連訊,247.81,317.0,245.0,313.5,298,7,0,0,0.0,0.0,0.0
2026-05-12,6821,聯寶,51.0,51.5,49.15,50.0,335,-1,0,0,0.31,99.68,100.0
2026-05-12,6823,濾能,90.8,90.8,88.0,89.0,449,36,0,2,25.54,74.45,100.0
2026-05-12,6825,和暢科技,41.25,42.65,40.8,42.65,47,-1,0,0,0.0,0.0,0.0
2026-05-12,6826,和淞,579.72,583.0,553.0,559.0,457,-12,0,0,0.0,0.0,0.0
2026-05-12,6827,巨生醫,12.07,12.25,11.95,12.0,130,0,0,0,0.0,0.0,0.0
2026-05-12,6829,千附精密,215.0,224.0,209.0,215.0,3466,-2,0,-37,2.28,97.71,100.0
2026-05-12,6830,汎銓,790.0,816.0,770.0,780.0,2724,-82,-29,-18,5.1,94.89,100.0
2026-05-12,6831,邁科,600.0,650.0,600.0,626.0,2148,96,0,-16,12.74,87.25,100.0
2026-05-12,6832,金鼎科,100.59,107.0,97.0,100.5,158,-4,0,0,0.0,0.0,0.0
2026-05-12,6833,太康精密,26.69,27.2,26.0,26.8,46,0,0,0,0.0,0.0,0.0
2026-05-12,6834,天二科技,47.35,47.35,43.1,43.4,3929,-342,0,3,12.56,87.43,100.0
2026-05-12,6835,圓裕,37.8,39.2,37.7,39.0,587,25,0,0,6.5,93.49,100.0
2026-05-12,6838,台新藥,26.5,26.6,26.35,26.4,133,-18,0,0,1.36,98.63,100.0
2026-05-12,6839,開陽能源,12.23,12.4,11.8,11.95,96,1,0,0,0.0,0.0,0.0
2026-05-12,6840,東研信超,66.1,66.3,64.0,64.0,145,2,0,0,3.04,96.95,100.0
2026-05-12,6841,長佳智能,60.5,60.6,59.1,59.6,282,104,0,-2,2.62,97.37,100.0
2026-05-12,6842,瑞宇,121.93,126.5,116.0,119.0,262,4,0,0,0.0,0.0,0.0
2026-05-12,6843,進典,46.0,46.05,45.65,45.65,22,-2,0,0,0.2,99.79,100.0
2026-05-12,6844,諾貝兒,64.9,64.9,63.9,64.6,17,1,0,0,0.03,99.96,100.0
2026-05-12,6846,綠茵,71.0,71.0,69.9,70.3,3,0,0,0,0.21,99.78,100.0
2026-05-12,6847,普瑞博,65.77,67.8,64.6,64.8,6,0,0,0,0.0,0.0,0.0
2026-05-12,6848,拉法醫,19.35,19.6,19.15,19.2,8,0,0,0,0.0,0.0,0.0
2026-05-12,6849,奇鼎科技,230.8,247.0,232.0,240.0,392,0,0,0,0.0,0.0,0.0
2026-05-12,6850,光鼎生技,34.53,35.2,34.0,34.65,43,0,0,0,0.0,0.0,0.0
2026-05-12,6854,錼創科技-KY創,146.5,154.0,146.5,147.5,807,-66,0,6,32.46,67.53,100.0
2026-05-12,6855,數泓科,104.0,105.0,103.5,105.0,7,1,0,0,0.19,99.8,100.0
2026-05-12,6856,鑫傳,50.0,50.0,46.1,48.0,38,0,0,0,0.0,49.98,49.99
2026-05-12,6857,宏碁智醫,96.0,96.0,95.5,95.5,0,0,0,0,0.0,0.0,0.0
2026-05-12,6858,愛比科技,25.09,25.15,24.15,25.15,18,0,0,0,0.0,0.0,0.0
2026-05-12,6859,伯特光,118.5,119.0,116.5,118.5,57,2,0,0,15.34,84.65,100.0
2026-05-12,6861,睿生光電,400.0,427.5,390.0,426.0,497,20,0,5,2.01,97.98,100.0
2026-05-12,6862,三集瑞-KY,168.0,168.0,160.5,168.0,866,-110,0,-24,65.36,34.63,100.0
2026-05-12,6863,永道-KY,120.5,121.5,113.0,118.5,572,-63,0,-5,69.71,30.28,100.0
2026-05-12,6864,元樟生技,56.99,57.1,56.2,56.5,34,0,0,0,0.0,0.0,0.0
2026-05-12,6865,偉康科技,33.85,35.2,33.85,35.0,20,1,0,0,0.32,99.67,100.0
2026-05-12,6867,坦德科技,23.06,23.5,22.5,23.4,26,0,0,0,0.0,0.0,0.0
2026-05-12,6868,采威國際,29.02,29.45,28.7,29.35,9,0,0,0,0.0,0.0,0.0
2026-05-12,6869,雲豹能源-創,86.3,86.3,83.5,84.9,837,-126,0,-5,2.45,97.54,100.0
2026-05-12,6869,雲豹能源,86.3,86.3,83.5,84.9,837,-126,0,-5,2.45,97.54,100.0
2026-05-12,6870,騰雲,190.0,190.0,183.5,186.5,72,-10,0,0,1.47,98.52,100.0
2026-05-12,6872,浩宇生醫,19.1,19.1,18.0,18.25,109,-6,0,0,0.34,99.65,100.0
2026-05-12,6873,泓德能源-創,91.5,91.5,87.6,90.1,1067,-354,0,-9,7.84,92.15,100.0
2026-05-12,6873,泓德能源,91.5,91.5,87.6,90.1,1067,-354,0,-9,7.84,92.15,100.0
2026-05-12,6874,倍力,85.0,88.2,84.5,84.5,65,-7,0,-3,0.99,99.0,100.0
2026-05-12,6875,國邑*,35.25,37.15,34.7,36.5,183,-8,0,0,2.21,97.78,100.0
2026-05-12,6876,朗齊生醫*,20.99,21.1,20.4,20.8,256,0,0,0,0.0,0.0,0.0
2026-05-12,6877,鏵友益,163.0,169.0,160.0,169.0,444,15,0,0,7.2,92.79,100.0
2026-05-12,6878,歐付寶,10.37,10.35,9.79,10.1,64,0,0,0,0.0,0.0,0.0
2026-05-12,6879,大江基因,35.73,36.5,35.2,36.5,34,0,0,0,0.0,0.0,0.0
2026-05-12,6881,潤德,0.0,0.0,0.0,0.0,0,0,0,0,0.11,99.88,100.0
2026-05-12,6882,甲尚,18.09,19.2,17.85,19.15,401,18,0,0,0.0,0.0,0.0
2026-05-12,6883,微電能源,26.17,32.4,24.9,25.1,710,1,0,0,0.0,0.0,0.0
2026-05-12,6884,海柏特,33.4,34.2,33.35,33.45,14,4,0,0,5.56,94.43,100.0
2026-05-12,6885,全福生技,22.55,22.6,21.9,22.0,533,-63,0,1,2.98,97.01,100.0
2026-05-12,6886,遠東生技,48.91,49.0,46.9,48.9,7,0,0,0,0.0,0.0,0.0
2026-05-12,6887,寶綠特-KY,38.85,39.35,37.2,38.1,26,-7,0,1,53.27,46.72,100.0
2026-05-12,6890,來億-KY,162.5,171.5,162.5,168.5,884,274,0,-32,87.54,12.45,100.0
2026-05-12,6891,樂迦再生,52.5,61.5,54.7,60.1,2133,-58,0,0,0.0,0.0,0.0
2026-05-12,6892,台寶生醫,25.03,25.35,24.8,25.1,74,0,0,0,0.0,0.0,0.0
2026-05-12,6894,衛司特,331.0,346.0,331.0,340.0,106,7,0,0,1.9,98.09,100.0
2026-05-12,6895,宏碩系統,162.5,164.5,157.0,159.5,165,-9,0,-1,4.53,95.46,100.0
2026-05-12,6898,程曦資訊,106.27,109.5,105.0,107.5,15,0,0,0,0.0,0.0,0.0
2026-05-12,6899,創為精密,55.0,59.4,55.0,59.4,523,63,0,0,5.32,94.67,100.0
2026-05-12,6901,鑽石投資,13.85,14.0,13.35,13.45,1259,-374,0,-29,0.5,99.49,100.0
2026-05-12,6902,GOGOLOOK-創,105.0,105.0,99.2,101.0,341,-37,0,0,3.34,96.64,100.0
2026-05-12,6902,GOGOLOOK,105.0,105.0,99.2,101.0,341,-37,0,0,3.34,96.64,100.0
2026-05-12,6903,巨漢,405.0,438.0,403.0,424.0,2165,516,0,52,5.15,94.84,100.0
2026-05-12,6904,伯鑫,114.5,116.0,114.0,114.0,4,0,0,0,0.07,99.92,100.0
2026-05-12,6906,現觀科,70.0,70.0,67.9,67.9,154,-56,0,0,8.54,91.45,100.0
2026-05-12,6907,雅特力-KY,134.5,135.0,125.0,126.0,1505,-106,0,0,51.91,48.08,100.0
2026-05-12,6908,宏碁遊戲-創,39.45,39.5,39.3,39.3,10,0,0,0,0.54,99.45,100.0
2026-05-12,6909,創控,57.0,59.6,56.1,57.2,1307,103,0,-1,8.06,91.93,100.0
2026-05-12,6910,德鴻,28.25,28.25,27.6,28.0,85,2,0,0,4.81,95.18,100.0
2026-05-12,6911,群運,32.05,32.8,31.55,32.0,37,0,0,0,0.0,0.0,0.0
2026-05-12,6912,益鈞環科*,17.19,17.75,16.15,16.15,753,1,0,0,0.0,0.0,0.0
2026-05-12,6913,鴻呈,132.0,141.0,131.0,139.5,1084,18,0,16,2.08,97.91,100.0
2026-05-12,6914,阜爾運通,146.0,146.5,145.0,145.5,71,-18,0,0,2.35,97.64,100.0
2026-05-12,6915,美強光,74.53,77.7,70.0,72.1,133,-1,0,0,0.0,0.0,0.0
2026-05-12,6916,華凌,18.3,18.6,18.05,18.55,34,-4,0,0,0.54,99.45,100.0
2026-05-12,6917,竟天,38.26,37.6,36.35,36.6,585,-3,0,0,0.0,0.0,0.0
2026-05-12,6918,愛派司,81.8,81.8,77.3,77.4,108,-68,0,-3,0.89,99.1,100.0
2026-05-12,6919,康霈*,102.5,103.0,97.1,97.1,7763,-1333,-11,-65,12.73,87.26,100.0
2026-05-12,6920,恆勁科技,101.24,115.5,98.8,113.5,4353,59,0,0,0.0,0.0,0.0
2026-05-12,6921,嘉雨思-創,81.9,83.5,80.4,83.0,38,1,0,0,29.97,70.02,100.0
2026-05-12,6922,宸曜,180.0,183.5,175.0,183.0,171,24,0,19,1.19,98.8,100.0
2026-05-12,6923,中台,81.0,82.8,80.8,81.9,347,78,0,0,1.4,98.59,100.0
2026-05-12,6924,榮惠-KY創,112.0,113.0,109.5,113.0,429,-40,0,-4,77.67,22.32,100.0
2026-05-12,6925,意藍,63.9,63.9,61.1,62.0,120,17,0,0,4.09,95.9,100.0
2026-05-12,6926,聖安生醫,63.98,65.4,62.4,64.0,56,0,0,0,0.0,0.0,0.0
2026-05-12,6927,聯合聚晶,50.72,51.0,49.85,50.3,46,0,0,0,0.0,0.0,0.0
2026-05-12,6928,攸泰科技,48.5,48.5,47.15,47.65,122,8,0,0,0.63,99.36,100.0
2026-05-12,6929,佑全,23.8,24.2,23.75,24.2,21,2,0,0,0.01,99.98,100.0
2026-05-12,6931,青松健康,42.5,42.6,41.8,42.1,120,-14,0,0,0.5,99.49,100.0
2026-05-12,6932,水星生醫*,7.53,7.79,7.49,7.79,239,0,0,0,0.0,0.0,0.0
2026-05-12,6933,AMAX-KY,167.0,179.0,166.5,179.0,593,23,0,6,31.22,68.77,100.0
2026-05-12,6934,心誠鎂,78.0,79.0,76.2,77.1,94,16,0,0,12.47,87.52,100.0
2026-05-12,6935,王子製藥,29.81,30.35,30.0,30.0,210,3,0,0,0.0,0.0,0.0
2026-05-12,6936,永鴻生技,34.2,34.2,33.85,33.95,66,-8,0,0,0.57,99.42,100.0
2026-05-12,6937,天虹,297.0,311.0,294.5,300.5,872,-85,0,25,2.42,97.57,100.0
2026-05-12,6938,藍新資訊,112.89,110.0,96.0,100.5,113,0,0,0,0.0,0.0,0.0
2026-05-12,6939,啟弘生技,23.05,24.1,23.0,23.05,11,-1,0,0,0.0,0.0,0.0
2026-05-12,6940,格斯科技*,22.72,23.2,20.9,22.0,1393,-83,0,0,0.0,0.0,0.0
2026-05-12,6944,兆聯實業,914.0,928.0,906.0,910.0,1082,-133,0,-35,13.37,86.62,100.0
2026-05-12,6945,圓祥生技,169.77,172.5,169.0,172.5,237,0,0,0,0.0,0.0,0.0
2026-05-12,6946,三地能源,12.84,12.95,12.55,12.6,89,0,0,0,0.0,0.0,0.0
2026-05-12,6947,台鎔科技,78.14,79.2,76.7,79.0,294,-2,0,0,0.0,0.0,0.0
2026-05-12,6949,沛爾生醫-創,699.0,699.0,660.0,680.0,211,-50,0,0,2.26,97.73,100.0
2026-05-12,6951,青新-創,81.6,81.6,79.2,79.7,174,-68,0,3,2.02,97.97,100.0
2026-05-12,6952,大武山,37.25,37.25,36.75,37.0,23,-8,0,0,0.38,99.61,100.0
2026-05-12,6953,家碩,281.0,281.0,271.5,277.0,243,42,0,10,1.8,98.19,100.0
2026-05-12,6955,邦睿生技-創,158.5,159.5,157.0,159.5,18,-2,0,0,17.73,82.26,100.0
2026-05-12,6957,裕慶-KY,156.0,159.5,156.0,159.0,49,3,0,-1,6.44,93.55,100.0
2026-05-12,6958,日盛台駿,18.7,18.7,17.95,18.0,142,-25,0,-5,0.44,99.55,100.0
2026-05-12,6959,兆捷科技,121.19,120.5,111.5,113.0,613,0,0,0,0.0,0.0,0.0
2026-05-12,6961,旅天下,60.4,60.5,59.5,59.6,56,-7,0,0,0.47,99.52,100.0
2026-05-12,6962,奕力-KY,38.45,38.95,37.6,37.75,4859,259,0,-5,42.24,57.75,100.0
2026-05-12,6963,品元,27.2,27.2,27.2,27.2,0,0,0,0,0.0,0.0,0.0
2026-05-12,6965,中傑-KY,83.8,84.1,82.5,82.7,42,-9,0,4,77.31,22.68,100.0
2026-05-12,6967,汎瑋材料,77.7,77.7,73.3,75.0,195,48,0,-3,2.86,97.13,100.0
2026-05-12,6968,萬達寵物,44.35,44.5,43.05,43.5,49,2,0,0,1.14,98.85,100.0
2026-05-12,6969,成信實業*-創,28.5,28.55,28.2,28.45,84,1,0,1,0.51,99.48,100.0
2026-05-12,6971,惠民實業,28.65,28.8,28.0,28.15,157,1,0,0,0.26,99.73,100.0
2026-05-12,6972,博瑞達應材,24.13,24.55,24.5,24.55,1,0,0,0,0.0,0.0,0.0
2026-05-12,6973,永立榮,35.04,34.8,34.0,34.4,56,0,0,0,0.0,0.0,0.0
2026-05-12,6976,育世博-KY,12.99,13.1,12.9,13.0,1387,4,0,0,0.0,0.0,0.0
2026-05-12,6977,聯純,356.06,359.5,324.5,340.0,264,0,0,0,0.0,0.0,0.0
2026-05-12,6979,勝釩,248.42,256.0,237.0,241.5,30,0,0,0,0.0,0.0,0.0
2026-05-12,6980,鐳洋科技,184.33,183.5,167.5,173.0,224,1,0,0,0.0,0.0,0.0
2026-05-12,6982,大井泵浦,53.1,53.2,52.6,52.9,46,0,0,0,1.41,98.58,100.0
2026-05-12,6983,華洋精機,386.85,397.0,378.5,395.0,60,-1,0,0,0.0,0.0,0.0
2026-05-12,6984,ACpay,20.25,20.0,19.4,19.6,18,0,0,0,0.0,0.0,0.0
2026-05-12,6986,和迅,61.36,61.6,60.1,61.6,86,0,0,0,0.0,0.0,0.0
2026-05-12,6987,寶晶能源*,19.99,20.5,19.7,20.0,160,0,0,0,0.0,0.0,0.0
2026-05-12,6988,威力暘-創,15.0,15.6,15.0,15.1,90,5,0,2,3.82,96.17,100.0
2026-05-12,6990,華鉬,81.41,93.4,80.6,84.0,244,-19,0,0,0.0,0.0,0.0
2026-05-12,6994,富威電力,64.3,64.5,63.5,63.9,319,34,0,0,1.3,98.69,100.0
2026-05-12,6995,野獸國,47.91,48.5,47.3,47.3,18,0,0,0,0.0,0.0,0.0
2026-05-12,6996,力領科技,184.0,192.5,183.5,189.0,208,60,0,0,3.26,96.73,100.0
2026-05-12,6997,博弘,76.4,76.4,74.9,74.9,8,-1,0,0,20.13,79.86,100.0
2026-05-12,6999,瀚醫生技,30.39,30.0,30.0,30.0,0,0,0,0,0.0,0.0,0.0
2026-05-12,7402,邑錡,116.0,116.0,112.0,112.5,482,-178,0,4,10.17,89.82,100.0
2026-05-12,7419,達勝,150.16,162.5,143.0,149.0,796,-21,0,0,0.0,0.0,0.0
2026-05-12,7427,華上生醫,39.68,42.75,40.35,40.8,349,-18,0,0,0.0,0.0,0.0
2026-05-12,7443,凡事康,10.28,0.0,0.0,0.0,0,0,0,0,0.0,0.0,0.0
2026-05-12,7455,樺緯物聯,63.72,65.0,62.7,62.7,0,0,0,0,0.0,0.0,0.0
2026-05-12,7507,環拓科技,24.51,24.3,22.35,23.85,108,2,0,0,0.0,0.0,0.0
2026-05-12,7516,清淨海,8.89,9.26,8.8,8.8,59,0,0,0,0.0,0.0,0.0
2026-05-12,7530,鋒魁科技,45.07,46.25,44.7,45.35,527,0,0,0,0.0,0.0,0.0
2026-05-12,7547,碩網,73.0,73.8,69.0,69.2,213,8,0,0,24.17,75.82,100.0
2026-05-12,7551,知識科技,13.57,14.1,12.95,14.0,102,0,0,0,0.0,0.0,0.0
2026-05-12,7556,意德士,275.5,280.0,271.0,271.0,129,-2,0,-6,3.35,96.64,100.0
2026-05-12,7558,群利科技,26.78,26.7,25.6,26.0,135,0,0,0,0.0,0.0,0.0
2026-05-12,7561,光晟生技,19.39,19.8,19.0,19.8,16,1,0,0,0.0,0.0,0.0
2026-05-12,7562,博來科技,55.72,55.0,53.2,54.2,18,-1,0,0,0.0,0.0,0.0
2026-05-12,7566,亞果遊艇,12.98,13.3,13.0,13.2,184,-2,0,0,0.0,0.0,0.0
2026-05-12,7575,安美得,20.7,20.8,20.05,20.8,12,0,0,0,0.0,0.0,0.0
2026-05-12,7578,利百景,33.13,33.45,32.7,33.0,143,0,0,0,0.0,0.0,0.0
2026-05-12,7583,國際海洋,66.27,65.7,64.2,65.7,14,0,0,0,0.0,0.0,0.0
2026-05-12,7584,樂意,32.7,32.8,32.0,32.0,6,-3,0,0,14.11,85.88,100.0
2026-05-12,7590,怡和國際,25.99,28.2,25.4,26.05,491,-18,0,0,0.0,0.0,0.0
2026-05-12,7595,世基生醫,9.74,10.0,9.32,10.0,22,0,0,0,0.0,0.0,0.0
2026-05-12,7607,通用幹細胞*,14.53,15.0,14.4,14.5,19,0,0,0,0.0,0.0,0.0
2026-05-12,7610,聯友金屬-創,869.0,869.0,782.0,795.0,1361,-390,0,-1,15.57,84.42,100.0
2026-05-12,7631,聚賢研發-創,122.0,129.0,120.5,127.5,153,-16,0,13,0.71,99.28,100.0
2026-05-12,7642,昶瑞機電,73.9,73.9,70.3,70.7,34,0,0,-1,0.38,99.61,100.0
2026-05-12,7669,碩正科技,777.97,799.0,761.0,777.0,79,-13,0,0,0.0,0.0,0.0
2026-05-12,7689,大鵬科CLMX,253.56,282.0,255.5,266.0,139,0,0,0,0.0,0.0,0.0
2026-05-12,7702,前端風電,20.2,22.0,19.65,21.85,149,-1,0,0,0.0,0.0,0.0
2026-05-12,7703,銳澤,212.0,212.0,208.0,209.5,138,40,0,0,1.61,98.38,100.0
2026-05-12,7704,明遠精密,58.5,61.5,57.7,60.7,201,39,0,0,0.87,99.12,100.0
2026-05-12,7705,三商餐飲,31.7,31.7,31.0,31.0,75,-27,0,0,1.44,98.55,100.0
2026-05-12,7706,宏碁創達,41.54,41.15,39.1,40.0,9,0,0,0,0.0,0.0,0.0
2026-05-12,7707,益芯科,173.76,176.5,170.0,172.5,127,0,0,0,0.0,0.0,0.0
2026-05-12,7708,全家餐飲,92.2,92.2,91.0,91.3,18,0,0,0,0.1,99.89,100.0
2026-05-12,7709,榮田,84.6,84.6,80.7,82.0,351,69,0,-3,1.47,98.52,100.0
2026-05-12,7710,東擎科技,266.38,264.0,260.0,260.5,7,0,0,0,0.0,0.0,0.0
2026-05-12,7711,永擎,390.0,415.0,390.0,415.0,740,-78,0,53,1.42,98.57,100.0
2026-05-12,7712,博盛半導體,162.0,162.0,162.0,162.0,1016,-10,0,-111,2.71,97.28,100.0
2026-05-12,7713,威力德生醫,68.0,69.0,68.0,68.5,23,3,0,0,0.08,99.91,100.0
2026-05-12,7714,創泓科技,129.5,129.5,126.5,127.5,100,-4,0,0,0.83,99.16,100.0
2026-05-12,7715,裕山,28.45,28.45,28.3,28.45,32,0,0,0,0.95,99.04,100.0
2026-05-12,7716,昱臺國際,25.1,25.1,24.7,25.1,8,0,0,0,0.03,99.96,100.0
2026-05-12,7717,萊德光電-KY,698.0,701.0,655.0,659.0,406,-48,0,0,16.28,83.71,100.0
2026-05-12,7718,友鋮,48.75,49.0,48.75,49.0,7,0,0,0,0.78,99.21,100.0
2026-05-12,7719,碳基,40.32,43.6,40.05,42.05,656,26,0,0,0.0,0.0,0.0
2026-05-12,7721,微程式,80.5,85.0,80.1,82.0,1955,-168,0,-3,1.24,98.75,100.0
2026-05-12,7722,LINEPAY,275.0,275.0,268.5,271.0,156,-14,0,-1,59.52,40.47,100.0
2026-05-12,7723,築間,27.7,27.7,27.05,27.4,96,-13,0,0,0.35,99.64,100.0
2026-05-12,7724,諾亞克,24.04,24.3,23.85,24.0,8,0,0,0,0.0,0.0,0.0
2026-05-12,7725,列特博,22.8,0.0,0.0,0.0,0,0,0,0,0.0,0.0,0.0
2026-05-12,7726,暄達,32.26,32.95,32.95,32.95,0,0,0,0,0.0,0.0,0.0
2026-05-12,7728,光焱科技,770.0,780.0,750.0,750.0,204,-7,0,-2,2.18,97.81,100.0
2026-05-12,7729,仲恩生醫,73.13,74.1,70.4,71.8,292,0,0,0,0.0,0.0,0.0
2026-05-12,7730,暉盛-創,184.0,185.0,175.0,175.0,82,-29,0,0,2.24,97.75,100.0
2026-05-12,7731,火星生技*,6.13,6.32,5.97,6.02,2645,1,0,0,0.0,0.0,0.0
2026-05-12,7732,金興精密,35.35,35.35,34.9,34.9,10,-2,0,0,0.43,99.56,100.0
2026-05-12,7734,印能科技,3850.0,4005.0,3770.0,3980.0,165,0,0,9,4.13,95.86,100.0
2026-05-12,7736,虎山,75.2,75.3,74.6,74.6,22,-8,0,-1,1.1,98.89,100.0
2026-05-12,7737,凱鈿,44.23,45.55,43.7,45.1,18,-3,0,0,0.0,0.0,0.0
2026-05-12,7738,東聯互動,178.0,178.0,175.5,176.0,29,-11,0,0,0.29,99.7,100.0
2026-05-12,7740,熙特爾-創,176.0,179.5,169.5,170.0,278,-57,0,2,4.78,95.21,100.0
2026-05-12,7742,天弘化,191.48,194.0,178.5,190.5,1145,0,0,0,0.0,0.0,0.0
2026-05-12,7743,金利食安,20.3,20.5,20.3,20.5,5,0,0,0,2.88,97.11,100.0
2026-05-12,7744,崴寶,550.0,563.0,540.0,555.0,117,11,0,2,28.01,71.98,100.0
2026-05-12,7745,紅陽,18.5,18.95,18.1,18.95,11,0,0,0,0.0,0.0,0.0
2026-05-12,7747,昕奇雲端,130.0,130.5,125.5,130.5,6,0,0,0,0.73,99.26,100.0
2026-05-12,7748,鑫囍創業,21.4,21.05,20.9,21.0,4,0,0,0,0.0,0.0,0.0
2026-05-12,7749,意騰-KY,530.0,530.0,507.0,508.0,1416,-236,0,-36,23.75,76.24,100.0
2026-05-12,7750,新代,3060.0,3070.0,2990.0,3070.0,549,90,3,-6,15.5,84.49,100.0
2026-05-12,7751,竑騰,1830.0,1870.0,1780.0,1835.0,448,12,-59,-11,3.92,96.07,100.0
2026-05-12,7752,世紀樺欣,36.6,37.1,34.9,35.85,100,0,0,0,0.0,0.0,0.0
2026-05-12,7753,星亞,41.95,42.7,41.85,42.2,38,-1,0,0,0.17,99.82,100.0
2026-05-12,7754,安基生技,60.72,61.6,59.4,61.0,517,-116,0,0,0.0,0.0,0.0
2026-05-12,7756,多那之,41.88,43.05,40.85,43.05,21,0,0,0,0.0,0.0,0.0
2026-05-12,7757,金色三麥,105.0,105.5,104.0,104.5,20,-2,0,0,19.49,80.5,100.0
2026-05-12,7758,睿騰能源,48.73,51.0,47.5,49.85,101,0,0,0,0.0,0.0,0.0
2026-05-12,7759,視航生醫,38.04,38.15,36.65,36.65,5,0,0,0,0.0,0.0,0.0
2026-05-12,7760,享溫馨,34.3,34.6,34.2,34.3,162,22,0,-30,0.14,99.85,100.0
2026-05-12,7761,三大未來,39.31,39.9,38.8,39.6,94,0,0,0,0.0,0.0,0.0
2026-05-12,7762,吉晟生,47.46,48.0,47.2,47.95,46,0,0,0,0.0,0.0,0.0
2026-05-12,7763,崇舜,253.57,273.5,247.0,267.0,477,0,0,0,0.0,0.0,0.0
2026-05-12,7764,聖州,13.66,13.75,13.3,13.5,63,0,0,0,0.0,0.0,0.0
2026-05-12,7765,中華資安,246.5,249.0,242.0,243.5,114,-17,0,-2,0.47,99.52,100.0
2026-05-12,7767,仁大資訊,44.2,44.25,44.0,44.25,22,0,0,0,0.11,99.88,100.0
2026-05-12,7768,頌勝科技,355.0,355.0,334.0,336.0,578,-249,0,0,0.91,99.08,100.0
2026-05-12,7769,鴻勁,6515.0,7000.0,6415.0,6870.0,2086,168,245,-7,20.19,79.8,100.0
2026-05-12,7770,君曜,47.5,47.5,47.5,47.5,6,0,0,-1,0.22,99.77,100.0
2026-05-12,7771,綠基,60.07,61.0,58.1,60.4,7,0,0,0,0.0,0.0,0.0
2026-05-12,7772,耀穎,190.0,192.0,173.0,175.0,741,18,0,15,0.48,99.51,100.0
2026-05-12,7773,富禾生醫,28.0,28.65,27.1,28.1,36,0,0,0,0.0,0.0,0.0
2026-05-12,7776,奧孟亞,26.31,27.2,25.95,27.2,23,0,0,0,0.0,0.0,0.0
2026-05-12,7777,能率亞洲,28.85,28.9,28.0,28.8,732,-21,0,6,0.27,99.72,100.0
2026-05-12,7779,鍇睿國際,15.12,0.0,0.0,0.0,0,0,0,0,0.0,0.0,0.0
2026-05-12,7780,大研生醫*,18.5,18.5,18.0,18.05,3551,-1,0,-23,0.58,99.41,100.0
2026-05-12,7781,昕力資*,31.65,32.6,29.75,30.6,3610,1,0,0,0.0,0.0,0.0
2026-05-12,7782,光速火箭,26.8,26.9,26.8,26.85,25,7,0,3,0.34,99.65,100.0
2026-05-12,7783,佳運,102.8,108.5,95.7,108.5,140,-2,0,0,0.0,0.0,0.0
2026-05-12,7784,安邦生技*,10.76,10.95,9.5,10.0,588,0,0,0,0.0,0.0,0.0
2026-05-12,7785,北祥科服,37.0,37.2,37.0,37.0,9,0,0,0,0.0,0.0,0.0
2026-05-12,7786,東方風能,140.0,141.0,138.0,138.5,131,-8,0,0,1.36,98.63,100.0
2026-05-12,7788,松川精密,183.5,192.0,180.5,184.0,821,113,0,18,5.5,94.49,100.0
2026-05-12,7789,開展,34.44,35.25,35.25,35.25,0,0,0,0,0.0,0.0,0.0
2026-05-12,7790,思必瑞特,46.37,50.5,47.25,50.5,13,0,0,0,0.0,0.0,0.0
2026-05-12,7791,皇家可口,63.5,64.2,63.4,63.6,66,14,0,0,0.59,99.4,100.0
2026-05-12,7792,安葆,316.5,316.5,309.5,311.5,279,18,0,18,18.65,81.34,100.0
2026-05-12,7794,宏碁智新,30.65,30.7,30.55,30.65,43,0,0,-10,1.35,98.64,100.0
2026-05-12,7795,長廣,367.5,400.0,361.0,400.0,1029,434,-1,3,7.26,92.73,100.0
2026-05-12,7796,擷發科,112.3,114.0,110.5,111.5,151,0,0,0,0.0,0.0,0.0
2026-05-12,7797,Q Burger,57.05,59.0,56.5,57.0,4,0,0,0,0.0,0.0,0.0
2026-05-12,7798,將捷,14.55,14.7,14.45,14.5,28,0,0,0,0.0,0.0,0.0
2026-05-12,7799,禾榮科,335.0,339.0,330.0,332.5,219,-31,0,0,3.99,96.0,100.0
2026-05-12,7801,華芸科技,150.15,151.0,142.0,146.0,214,0,0,0,0.0,0.0,0.0
2026-05-12,7803,雲象科技-創,30.21,30.2,29.35,29.95,128,0,0,0,0.0,0.0,0.0
2026-05-12,7805,威聯通,736.0,738.0,728.0,730.0,98,1,0,0,9.17,90.82,100.0
2026-05-12,7806,精華生醫,69.29,70.5,69.0,70.5,6,0,0,0,0.0,0.0,0.0
2026-05-12,7808,訊聯智藥,39.99,41.0,40.7,41.0,5,0,0,0,0.0,0.0,0.0
2026-05-12,7810,捷創科技,242.0,248.5,233.0,237.0,438,-39,0,40,0.6,99.39,100.0
2026-05-12,7811,民盛,80.9,80.9,80.4,80.4,23,1,0,-6,0.35,99.64,100.0
2026-05-12,7812,稜研科技*,81.54,83.9,79.7,80.8,248,-25,0,0,0.0,0.0,0.0
2026-05-12,7813,宇辰系統,151.25,153.0,145.5,147.5,182,1,0,0,0.0,0.0,0.0
2026-05-12,7814,海昌生技,43.67,44.5,42.85,43.15,111,0,0,0,0.0,0.0,0.0
2026-05-12,7815,新特,485.71,510.0,481.5,499.5,260,0,0,0,0.0,0.0,0.0
2026-05-12,7816,來穎,67.61,68.1,66.3,66.8,61,0,0,0,0.0,0.0,0.0
2026-05-12,7818,溢泰實業,94.39,92.3,89.9,90.8,122,0,0,0,0.0,0.0,0.0
2026-05-12,7819,精誠金融,67.4,67.4,63.8,64.9,119,0,0,0,0.0,0.0,0.0
2026-05-12,7820,立盈,150.0,150.5,146.0,146.0,115,-27,0,0,0.05,99.94,100.0
2026-05-12,7821,神數,44.85,45.65,44.2,44.5,275,21,0,-1,0.31,99.68,100.0
2026-05-12,7822,倍利科,1310.0,1330.0,1250.0,1270.0,269,-19,0,1,0.5,99.49,100.0
2026-05-12,7823,奧義賽博-KY創,88.4,90.0,87.3,90.0,38,-3,0,-4,25.72,74.27,100.0
2026-05-12,7824,智寶,44.0,45.5,43.85,45.4,10,0,0,0,0.0,0.0,0.0
2026-05-12,7825,和亞智慧,100.03,101.5,94.0,97.5,433,0,0,0,0.0,0.0,0.0
2026-05-12,7826,極風雲創,47.94,46.0,45.6,46.0,5,0,0,0,0.0,0.0,0.0
2026-05-12,7827,漢康-KY創,143.37,145.5,135.5,139.0,770,-35,0,0,0.0,0.0,0.0
2026-05-12,7828,創新服務,1315.0,1345.0,1295.0,1345.0,834,-23,0,8,21.84,78.15,100.0
2026-05-12,7829,思捷優達-KY,42.71,42.05,40.0,40.2,133,0,0,0,0.0,0.0,0.0
2026-05-12,7831,捷博,37.1,0.0,0.0,0.0,0,0,0,0,0.0,0.0,0.0
2026-05-12,7832,智新生技*,12.92,13.0,12.75,12.85,125,0,0,0,0.0,0.0,0.0
2026-05-12,7833,綠岩能源,29.61,30.1,27.5,29.85,66,16,0,0,0.0,0.0,0.0
2026-05-12,7834,來毅數位,19.34,0.0,0.0,0.0,0,0,0,0,0.0,0.0,0.0
2026-05-12,7836,智生活,51.83,52.0,51.0,52.0,26,0,0,0,0.0,0.0,0.0
2026-05-12,7837,啟新生,106.49,110.5,105.5,105.5,2,0,0,0,0.0,0.0,0.0
2026-05-12,7839,達人網,62.0,62.6,62.6,62.6,0,0,0,0,0.0,0.0,0.0
2026-05-12,7840,祥圃,37.5,36.8,36.5,36.5,9,0,0,0,0.0,0.0,0.0
2026-05-12,7841,經貿聯網,30.14,30.5,29.4,30.0,58,0,0,0,0.0,0.0,0.0
2026-05-12,7842,天能綠電,124.0,125.0,117.5,118.5,328,7,0,0,0.03,99.96,100.0
2026-05-12,7843,英柏得,133.34,147.0,127.5,133.5,519,1,0,0,0.0,0.0,0.0
2026-05-12,7846,德揚,90.46,90.9,90.0,90.5,18,0,0,0,0.0,0.0,0.0
2026-05-12,7847,豊漁,22.12,22.9,21.9,22.9,31,0,0,0,0.0,0.0,0.0
2026-05-12,7848,騏億鑫,488.18,490.0,475.0,486.0,17,0,0,0,0.0,0.0,0.0
2026-05-12,7849,旭誼,143.5,143.0,136.5,136.5,0,0,0,0,0.0,0.0,0.0
2026-05-12,7850,寶泰生醫,19.13,19.6,18.7,19.0,117,5,0,0,0.0,0.0,0.0
2026-05-12,7851,慧康生技*-KY,39.24,40.45,38.75,40.45,212,0,0,0,0.0,0.0,0.0
2026-05-12,7853,政美應用,326.54,380.5,343.0,379.0,1380,-37,0,0,0.0,0.0,0.0
2026-05-12,7854,佐茂,116.78,120.0,103.5,105.0,294,0,0,0,0.0,0.0,0.0
2026-05-12,7855,和運租車,99.4,99.4,99.4,99.4,0,0,0,0,0.0,0.0,0.0
2026-05-12,7856,漢測,3200.28,3435.0,3300.0,3370.0,100,3,0,0,0.0,0.0,0.0
2026-05-12,7857,合水先進,51.8,52.9,50.5,52.9,38,0,0,0,0.0,0.0,0.0
2026-05-12,7858,芝普,246.84,250.0,234.0,237.5,151,0,0,0,0.0,0.0,0.0
2026-05-12,7860,得生製藥,61.4,58.4,58.4,58.4,6,0,0,0,0.0,0.0,0.0
2026-05-12,7861,貝爾威勒,913.47,994.0,925.0,974.0,363,5,0,0,0.0,0.0,0.0
2026-05-12,7862,聚泰,38.21,38.6,37.9,38.05,18,0,0,0,0.0,0.0,0.0
2026-05-12,7863,中科物流,47.35,47.35,47.0,47.05,10,0,0,0,0.0,0.0,0.0
2026-05-12,7865,金聯成,44.31,45.0,42.8,42.8,19,0,0,0,0.0,0.0,0.0
2026-05-12,7866,丹立,287.19,296.5,279.0,285.5,724,1,0,0,0.0,0.0,0.0
2026-05-12,7867,特力屋,55.1,55.7,55.1,55.1,8,0,0,0,0.0,0.0,0.0
2026-05-12,7868,聖育,96.67,97.0,88.9,93.3,325,0,0,0,0.0,0.0,0.0
2026-05-12,7869,宏于電機,400.42,409.5,390.5,390.5,3,0,0,0,0.0,0.0,0.0
2026-05-12,7870,聯剛科技,168.06,167.5,158.5,164.0,20,0,0,0,0.0,0.0,0.0
2026-05-12,7871,安立璽榮-KY,70.53,70.5,69.3,70.1,491,0,0,0,0.0,0.0,0.0
2026-05-12,7872,登豐,62.77,67.3,61.5,67.3,127,0,0,0,0.0,0.0,0.0
2026-05-12,7875,安圖斯,136.74,137.0,131.0,131.0,11,0,0,0,0.0,0.0,0.0
2026-05-12,7876,鼎晉生技,36.62,37.15,35.85,36.55,106,4,0,0,0.0,0.0,0.0
2026-05-12,7877,海利普,40.44,41.9,40.0,40.6,55,0,0,0,0.0,0.0,0.0
2026-05-12,7878,藥祇,289.22,293.5,284.5,292.5,125,0,0,0,0.0,0.0,0.0
2026-05-12,7879,益材科技,119.94,120.5,113.5,116.0,469,0,0,0,0.0,0.0,0.0
2026-05-12,7880,聖凰,207.34,211.0,205.0,210.5,119,0,0,0,0.0,0.0,0.0
2026-05-12,7881,科明,100.11,102.0,99.7,101.5,6,0,0,0,0.0,0.0,0.0
2026-05-12,7882,倍利創投,22.87,23.1,22.4,22.9,274,0,0,0,0.0,0.0,0.0
2026-05-12,7883,饗賓,280.24,292.0,278.0,292.0,48,0,0,0,0.0,0.0,0.0
2026-05-12,7885,宏羚,23.29,24.1,24.1,24.1,0,0,0,0,0.0,0.0,0.0
2026-05-12,7886,科建,198.17,201.5,194.0,196.0,72,0,0,0,0.0,0.0,0.0
2026-05-12,7887,宇川精材,251.0,277.5,247.5,277.0,1498,0,0,0,0.0,0.0,0.0
2026-05-12,7888,麗寶新藥,39.0,39.5,38.75,39.5,1,0,0,0,0.0,0.0,0.0
2026-05-12,7889,騰勢,90.4,90.4,87.9,88.0,12,0,0,0,0.0,0.0,0.0
2026-05-12,7890,明曜科技,116.44,124.5,115.5,120.0,29,0,0,0,0.0,0.0,0.0
2026-05-12,7891,博研醫藥,22.38,22.4,21.6,21.7,35,0,0,0,0.0,0.0,0.0
2026-05-12,7892,元鈦科,901.15,1120.0,923.0,1045.0,382,0,0,0,0.0,0.0,0.0
2026-05-12,7893,睿信,201.91,212.5,203.5,212.5,56,0,0,0,0.0,0.0,0.0
2026-05-12,7895,元進莊,70.61,71.1,70.2,70.5,46,0,0,0,0.0,0.0,0.0
2026-05-12,7896,喬越,311.06,312.5,299.5,305.0,45,0,0,0,0.0,0.0,0.0
2026-05-12,7897,禾迅綠電,39.7,42.8,40.9,42.5,12,0,0,0,0.0,0.0,0.0
2026-05-12,7899,景美,610.84,617.0,599.0,603.0,306,0,0,0,0.0,0.0,0.0
2026-05-12,7901,大大寬頻,74.12,76.9,73.5,75.0,27,0,0,0,0.0,0.0,0.0
2026-05-12,7902,宇越生醫*,40.83,41.35,39.9,40.95,132,0,0,0,0.0,0.0,0.0
2026-05-12,7904,任開數位,24.35,24.3,24.3,24.3,1,0,0,0,0.0,0.0,0.0
2026-05-12,7907,錸恩帕斯,299.47,299.0,286.5,292.0,40,0,0,0,0.0,0.0,0.0
2026-05-12,7909,鈺祥,936.51,924.0,895.0,904.0,242,0,0,0,0.0,0.0,0.0
2026-05-12,7911,阿波羅電力,140.25,141.0,134.0,135.5,215,0,0,0,0.0,0.0,0.0
2026-05-12,7912,新聿科,487.09,479.0,442.0,464.5,239,-1,0,0,0.0,0.0,0.0
2026-05-12,7915,廌家,772.59,799.0,728.0,799.0,69,3,0,0,0.0,0.0,0.0
2026-05-12,7918,創鉅材料,856.56,1115.0,700.0,1015.0,1092,33,0,0,0.0,0.0,0.0
2026-05-12,8011,台通,19.3,19.4,18.8,18.8,1915,-490,0,-3,2.51,97.48,100.0
2026-05-12,8016,矽創,270.5,276.5,268.5,274.0,2324,684,-5,-31,34.5,65.49,100.0
2026-05-12,8021,尖點,470.0,471.5,460.5,471.5,8738,919,-382,-30,19.23,80.76,100.0
2026-05-12,8024,佑華,12.35,12.7,12.25,12.45,86,0,0,0,2.35,97.64,100.0
2026-05-12,8027,鈦昇,230.0,242.5,227.5,241.5,4428,90,0,37,19.2,80.79,100.0
2026-05-12,8028,昇陽半導體,236.0,253.5,232.5,238.5,21724,80,0,149,21.37,78.62,100.0
2026-05-12,8032,光菱,42.55,44.0,42.1,42.65,398,0,0,0,1.15,98.84,100.0
2026-05-12,8033,雷虎,144.0,144.0,139.5,141.5,3783,-998,0,-9,5.85,94.14,100.0
2026-05-12,8034,榮群,25.55,25.55,24.85,24.85,648,2,0,0,9.95,90.04,100.0
2026-05-12,8038,長園科,43.0,43.3,42.0,42.8,484,36,0,0,0.44,99.55,100.0
2026-05-12,8039,台虹,136.5,147.0,136.0,138.5,16274,-240,0,76,13.76,86.23,100.0
2026-05-12,8040,九暘,77.2,82.8,76.2,81.5,2244,127,0,-32,2.0,97.99,100.0
2026-05-12,8042,金山電,95.0,97.7,95.0,97.7,2881,53,0,45,16.16,83.83,100.0
2026-05-12,8043,蜜望實,85.5,93.1,82.7,93.1,10556,393,0,164,6.38,93.61,100.0
2026-05-12,8044,網家,24.4,24.55,23.55,23.55,692,-222,0,-3,5.93,94.06,100.0
2026-05-12,8045,達運光電,76.3,76.3,73.1,73.8,256,-61,0,0,1.17,98.82,100.0
2026-05-12,8046,南電,928.0,965.0,899.0,900.0,15710,-228,1259,-115,11.72,88.27,100.0
2026-05-12,8047,星雲,55.0,55.0,50.4,53.3,41,-7,0,0,0.7,99.29,100.0
2026-05-12,8048,德勝,63.3,64.7,62.1,63.4,708,83,0,0,14.38,85.61,100.0
2026-05-12,8049,晶采,25.75,26.35,25.6,26.05,543,21,0,0,2.71,97.28,100.0
2026-05-12,8050,廣積,47.8,48.7,47.2,47.4,1205,-81,0,0,3.46,96.53,100.0
2026-05-12,8054,安國,104.0,105.0,101.5,102.5,1977,125,0,2,2.24,97.75,100.0
2026-05-12,8058,耐特,111.29,113.0,107.5,109.5,350,0,0,0,0.0,0.0,0.0
2026-05-12,8059,凱碩,21.35,21.35,20.6,21.35,603,69,0,-10,0.82,99.17,100.0
2026-05-12,8064,東捷,118.0,119.5,111.5,118.5,5202,366,0,52,12.63,87.36,100.0
2026-05-12,8066,來思達,16.8,17.1,16.5,17.1,129,0,0,0,2.96,97.03,100.0
2026-05-12,8067,志旭,12.25,12.6,12.2,12.6,4,0,0,0,8.42,91.57,100.0
2026-05-12,8068,全達,23.7,23.7,22.85,23.05,347,21,0,0,10.06,89.93,100.0
2026-05-12,8069,元太,195.5,195.5,188.5,195.5,61918,18750,905,352,38.55,61.44,100.0
2026-05-12,8070,長華*,48.65,48.65,46.95,47.6,2600,28,-24,-148,9.46,90.53,100.0
2026-05-12,8071,能率網通,16.8,16.8,16.55,16.6,143,-19,0,0,4.69,95.3,100.0
2026-05-12,8072,陞泰,28.0,28.15,27.45,27.55,160,-10,0,0,1.58,98.41,100.0
2026-05-12,8074,鉅橡,83.3,87.4,82.3,83.5,6574,-631,0,62,6.68,93.31,100.0
2026-05-12,8076,伍豐,24.7,24.85,24.1,24.85,1514,225,0,1,6.11,93.88,100.0
2026-05-12,8077,洛碁,41.0,42.95,41.0,42.95,8,0,0,0,51.12,48.87,100.0
2026-05-12,8080,永利聯合,28.55,28.7,28.35,28.35,42,-7,0,0,0.1,99.89,100.0
2026-05-12,8080,泰霖,28.55,28.7,28.35,28.35,42,-7,0,0,0.1,99.89,100.0
2026-05-12,8081,致新,267.0,268.0,259.0,260.0,1194,-180,-1,3,21.41,78.58,100.0
2026-05-12,8083,瑞穎,175.5,176.0,174.0,175.0,24,-11,0,0,3.7,96.29,100.0
2026-05-12,8084,巨虹,44.8,45.8,43.5,44.8,107,28,0,0,1.14,98.85,100.0
2026-05-12,8085,福華,12.15,12.25,11.8,12.2,386,211,0,0,4.13,95.86,100.0
2026-05-12,8086,宏捷科,164.5,167.5,157.0,158.0,8924,-246,0,-310,29.43,70.56,100.0
2026-05-12,8087,華鎂鑫,33.7,33.7,31.25,33.2,143,-56,0,0,3.14,96.85,100.0
2026-05-12,8087,麗升能源,33.7,33.7,31.25,33.2,143,-56,0,0,3.14,96.85,100.0
2026-05-12,8088,品安,54.0,54.0,51.5,52.0,6890,-1712,0,0,2.41,97.58,100.0
2026-05-12,8089,康全電訊,21.2,21.3,20.8,21.25,150,24,0,0,4.2,95.79,100.0
2026-05-12,8091,翔名,197.0,197.0,188.0,190.0,1244,-224,0,-37,11.99,88.0,100.0
2026-05-12,8092,建暐,17.5,17.9,17.0,17.4,137,4,0,0,0.54,99.45,100.0
2026-05-12,8093,保銳,21.15,21.15,19.15,19.2,36,0,0,0,0.07,99.92,100.0
2026-05-12,8096,擎亞,98.8,101.0,95.8,96.9,17449,-3422,0,-139,22.48,77.51,100.0
2026-05-12,8097,常珵,51.9,52.1,51.7,51.9,77,6,0,0,2.3,97.69,100.0
2026-05-12,8098,慶康科技,410.63,434.5,389.0,401.0,194,-19,0,0,0.0,0.0,0.0
2026-05-12,8099,大世科,60.5,60.8,59.8,60.0,306,20,0,0,3.47,96.52,100.0
2026-05-12,8101,華冠,13.7,13.7,11.95,12.7,11,0,0,0,0.05,99.94,100.0
2026-05-12,8102,傑霖科技,67.8,69.0,64.0,64.3,86,6,0,0,0.11,99.88,100.0
2026-05-12,8103,瀚荃,116.5,121.5,115.5,118.0,2586,484,0,70,26.62,73.37,100.0
2026-05-12,8104,錸寶,35.1,35.6,34.2,34.55,926,-15,0,0,1.64,98.35,100.0
2026-05-12,8105,凌巨,14.15,14.75,14.15,14.75,11599,2802,0,35,41.11,58.88,100.0
2026-05-12,8107,大億金茂,11.75,11.75,11.5,11.6,117,-17,0,-2,0.36,99.63,100.0
2026-05-12,8109,博大,118.0,119.0,114.0,117.5,388,118,0,1,5.89,94.1,100.0
2026-05-12,8110,華東,51.0,51.9,49.2,50.8,9808,-442,0,-14,2.15,97.84,100.0
2026-05-12,8111,立碁,67.5,68.5,66.1,66.8,2478,219,0,-113,5.64,94.35,100.0
2026-05-12,8112,至上,86.8,86.9,81.2,81.8,46744,-24118,-50,-1189,20.02,79.97,100.0
2026-05-12,8114,振樺電,222.5,239.5,219.5,239.5,5332,151,0,7,13.2,86.71,100.0
2026-05-12,8119,公信,10.94,11.0,9.98,10.8,699,39,0,0,0.0,0.0,0.0
2026-05-12,8121,越峰,35.0,35.4,32.6,34.0,3662,-47,0,0,1.79,98.19,100.0
2026-05-12,8131,福懋科,68.3,68.3,64.5,67.0,6375,-30,0,-123,2.97,97.02,100.0
2026-05-12,8147,正淩,182.0,186.0,175.0,183.0,4450,1227,0,84,19.22,80.77,100.0
2026-05-12,8150,南茂,90.4,90.6,86.1,87.0,34358,-4812,-3,-34,47.18,52.81,100.0
2026-05-12,8155,博智,417.0,431.5,417.0,420.0,1815,-11,45,30,10.27,89.72,100.0
2026-05-12,8162,微矽電子-創,56.8,56.8,52.3,54.2,768,86,0,-3,1.26,98.73,100.0
2026-05-12,8163,達方,30.2,30.2,29.2,29.6,1612,175,0,-66,6.36,93.63,100.0
2026-05-12,8171,天宇,24.25,24.9,24.0,24.6,348,44,0,0,2.94,97.05,100.0
2026-05-12,8176,智捷,10.5,10.75,10.45,10.5,274,-8,0,0,0.96,99.03,100.0
2026-05-12,8182,加高,37.7,38.85,35.4,37.15,1606,-35,0,-5,51.74,48.25,100.0
2026-05-12,8183,精星,32.05,32.05,31.6,32.0,514,-52,0,-14,3.84,96.15,100.0
2026-05-12,8201,無敵,12.8,12.8,12.5,12.55,53,-3,0,1,0.74,99.25,100.0
2026-05-12,8210,勤誠,1505.0,1590.0,1485.0,1550.0,4957,-562,381,-124,12.97,87.02,100.0
2026-05-12,8213,志超,43.8,43.8,40.9,41.2,6136,-270,0,-6,22.94,77.05,100.0
2026-05-12,8215,明基材,27.8,27.9,26.95,27.65,2956,418,0,-14,2.04,97.95,100.0
2026-05-12,8222,寶一,35.6,36.25,35.45,35.8,339,76,0,2,2.51,97.48,100.0
2026-05-12,8227,巨有科技,227.0,227.0,208.5,212.5,1854,31,0,-89,4.1,95.89,100.0
2026-05-12,8234,新漢,71.9,72.1,69.5,70.8,984,281,0,0,6.46,93.53,100.0
2026-05-12,8240,華宏,70.0,70.5,68.5,69.1,2593,-17,0,6,7.01,92.98,100.0
2026-05-12,8249,菱光,50.4,50.6,49.05,49.2,916,-222,0,-10,1.6,98.39,100.0
2026-05-12,8255,朋程,151.0,153.0,148.0,148.5,1587,189,0,-72,12.69,87.3,100.0
2026-05-12,8261,富鼎,135.0,139.5,129.5,131.0,7254,-470,0,-127,4.57,95.42,100.0
2026-05-12,8271,宇瞻,265.0,271.0,241.0,249.0,10672,-2755,-9,-85,13.8,86.19,100.0
2026-05-12,8272,全景軟體,78.8,78.8,73.6,76.7,29,-7,0,0,0.2,99.79,100.0
2026-05-12,8277,商丞,7.3,7.3,6.95,7.04,215,-65,0,0,1.81,98.18,100.0
2026-05-12,8279,生展,98.0,98.0,96.8,96.8,24,-4,0,0,5.5,94.49,100.0
2026-05-12,8284,三竹,63.7,63.7,62.7,63.4,61,-2,0,0,0.98,99.01,100.0
2026-05-12,8289,泰藝,51.1,54.9,48.6,54.9,7150,735,0,61,4.9,95.09,100.0
2026-05-12,8291,尚茂,42.75,42.75,42.75,42.75,64,0,0,0,73.43,26.56,100.0
2026-05-12,8298,威睿,53.46,54.5,48.0,50.0,26,-5,0,0,0.0,0.0,0.0
2026-05-12,8299,群聯,2780.0,2860.0,2645.0,2725.0,15579,-2247,646,-94,38.76,61.23,100.0
2026-05-12,8329,台視,10.46,10.55,10.45,10.55,102,0,0,0,0.0,0.0,0.0
2026-05-12,8341,日友,76.4,76.8,76.2,76.2,219,47,0,-3,4.24,95.75,100.0
2026-05-12,8342,益張,89.9,93.0,89.9,90.1,14,1,0,0,0.17,99.82,100.0
2026-05-12,8345,超秦,55.03,55.6,54.8,55.6,32,0,0,0,0.0,0.0,0.0
2026-05-12,8349,恒耀,42.25,42.4,40.95,41.9,222,-58,0,0,1.29,98.7,100.0
2026-05-12,8354,冠好,16.2,16.4,16.1,16.35,153,-11,0,0,0.73,99.26,100.0
2026-05-12,8358,金居,476.0,500.0,474.5,477.0,27295,2706,101,116,38.96,61.03,100.0
2026-05-12,8359,錢櫃,64.52,65.0,64.3,64.6,24,0,0,0,0.0,0.0,0.0
2026-05-12,8367,建新國際,42.0,42.0,41.8,41.95,62,-14,0,0,1.61,98.38,100.0
2026-05-12,8374,羅昇,90.0,91.5,88.2,91.2,940,311,0,7,2.72,97.27,100.0
2026-05-12,8383,千附,56.1,57.2,55.1,56.7,1764,-63,0,-4,13.4,86.59,100.0
2026-05-12,8390,金益鼎,106.0,113.0,104.0,110.5,4445,1263,0,206,20.1,79.89,100.0
2026-05-12,8401,白紗科,24.25,24.25,24.0,24.05,94,-1,0,0,0.24,99.75,100.0
2026-05-12,8403,盛弘,20.2,20.4,20.05,20.25,524,34,0,0,1.77,98.22,100.0
2026-05-12,8404,百和興業-KY,17.2,17.2,16.8,16.8,372,-152,0,-8,52.98,47.01,100.0
2026-05-12,8409,商之器,19.35,19.45,19.0,19.1,39,0,0,0,0.12,99.87,100.0
2026-05-12,8410,森田,36.6,36.6,36.1,36.55,57,3,0,0,0.65,99.34,100.0
2026-05-12,8411,福貞-KY,12.25,12.25,12.05,12.2,79,-14,0,-1,53.78,46.21,100.0
2026-05-12,8415,大國鋼,34.85,34.85,34.25,34.6,550,206,3,-80,6.3,93.69,100.0
2026-05-12,8416,實威,175.5,175.5,175.0,175.0,4,0,0,0,0.76,99.23,100.0
2026-05-12,8421,旭源,13.9,14.0,13.65,13.75,43,-4,0,0,0.55,99.44,100.0
2026-05-12,8422,可寧衛,28.0,28.0,27.5,27.55,7711,-1330,-83,-52,4.45,95.54,100.0
2026-05-12,8422,可寧衛*,28.0,28.0,27.5,27.55,7711,-1330,-83,-52,4.45,95.54,100.0
2026-05-12,8423,保綠-KY,17.95,18.0,17.9,17.9,35,0,0,0,24.81,75.18,100.0
2026-05-12,8424,惠普,74.5,74.5,73.4,73.7,41,1,0,0,0.51,99.48,100.0
2026-05-12,8426,紅木-KY,22.5,22.55,22.2,22.55,25,1,0,0,67.52,32.47,100.0
2026-05-12,8429,金麗-KY,6.41,6.53,6.32,6.41,714,10,0,-3,30.17,69.82,100.0
2026-05-12,8431,匯鑽科,60.9,61.3,60.4,61.1,552,14,0,-1,2.64,97.35,100.0
2026-05-12,8432,東生華,49.6,50.4,49.0,49.55,111,2,0,0,1.04,98.95,100.0
2026-05-12,8433,弘帆,54.4,55.1,54.1,54.2,48,7,0,0,1.46,98.53,100.0
2026-05-12,8435,鉅邁,55.6,55.8,55.6,55.7,19,-1,0,0,0.56,99.43,100.0
2026-05-12,8436,大江,120.5,121.0,119.0,119.5,517,100,-13,-3,14.5,85.48,100.0
2026-05-12,8437,大地-KY,11.55,11.6,11.35,11.4,70,-8,0,0,24.1,75.89,100.0
2026-05-12,8438,昶昕,99.2,108.5,99.2,103.5,3372,541,0,26,5.69,94.3,100.0
2026-05-12,8440,綠電,20.9,20.9,20.0,20.55,134,22,0,0,1.55,98.44,100.0
2026-05-12,8442,威宏-KY,50.3,50.5,49.8,50.3,26,-8,0,0,57.98,42.01,100.0
2026-05-12,8443,阿瘦,11.65,11.65,11.6,11.65,16,-6,0,0,3.82,96.17,100.0
2026-05-12,8444,綠河-KY,7.22,7.5,7.2,7.33,38,0,0,0,58.56,41.43,100.0
2026-05-12,8446,華研,84.2,84.4,83.7,83.7,119,-15,0,0,4.95,95.04,100.0
2026-05-12,8450,霹靂,16.0,16.3,15.75,16.05,104,-10,0,0,0.6,49.38,49.99
2026-05-12,8454,富邦媒,194.0,195.0,188.0,189.0,650,-64,12,-18,13.09,86.9,100.0
2026-05-12,8455,大拓-KY,27.95,29.8,26.8,28.05,39,0,0,0,87.8,12.19,100.0
2026-05-12,8458,影一,15.49,15.8,15.25,15.8,5,0,0,0,0.0,0.0,0.0
2026-05-12,8462,柏文,147.5,147.5,143.5,146.5,177,-75,0,-1,4.1,95.89,100.0
2026-05-12,8463,潤泰材,22.1,22.1,22.0,22.05,37,-12,0,0,0.42,99.57,100.0
2026-05-12,8464,億豐,335.0,338.0,322.0,334.5,1238,82,0,-15,41.7,58.29,100.0
2026-05-12,8466,美吉吉-KY,15.5,15.5,15.25,15.3,34,-14,0,0,50.29,49.7,100.0
2026-05-12,8467,波力-KY,137.5,138.0,134.5,136.5,35,-2,0,0,46.49,53.5,100.0
2026-05-12,8472,夠麻吉,70.0,71.1,69.8,70.0,14,1,0,0,1.3,98.69,100.0
2026-05-12,8473,山林水,34.2,34.2,33.8,33.9,624,-121,0,0,1.57,98.42,100.0
2026-05-12,8476,台境,17.25,17.25,16.85,17.0,339,6,0,2,1.24,98.75,100.0
2026-05-12,8476,台境*,17.25,17.25,16.85,17.0,339,6,0,2,1.24,98.75,100.0
2026-05-12,8477,創業家,15.55,16.5,15.55,16.5,331,83,0,5,0.31,99.68,100.0
2026-05-12,8478,東哥遊艇,164.5,164.5,160.0,160.0,313,-32,0,-4,40.01,59.98,100.0
2026-05-12,8481,政伸,40.7,40.95,40.2,40.25,100,-2,0,0,0.39,99.6,100.0
2026-05-12,8482,商億-KY,49.0,49.0,48.5,48.5,7,-3,0,0,91.73,8.26,100.0
2026-05-12,8487,愛爾達-創,77.7,78.0,77.4,77.6,26,1,0,-1,0.98,49.0,49.99
2026-05-12,8488,吉源-KY,9.99,10.0,9.91,9.91,22,1,0,0,69.86,30.13,100.0
2026-05-12,8489,三貝德,24.95,25.3,24.75,25.0,106,20,0,0,3.78,96.21,100.0
2026-05-12,8499,鼎炫-KY,294.0,306.5,291.0,306.5,420,49,0,5,71.76,28.23,100.0
2026-05-12,8905,裕國,33.0,33.0,31.0,31.5,46,3,0,-14,0.48,99.51,100.0
2026-05-12,8906,花王,25.0,25.0,24.5,24.9,30,2,0,0,0.37,99.62,100.0
2026-05-12,8908,欣雄,38.55,39.1,38.5,39.1,325,38,0,0,0.3,99.69,100.0
2026-05-12,8916,光隆,47.3,47.3,46.2,46.7,185,-11,0,6,3.06,96.93,100.0
2026-05-12,8917,欣泰,54.3,54.5,52.5,52.7,50,-1,0,0,1.35,98.64,100.0
2026-05-12,8921,沈氏,17.8,17.8,17.8,17.8,1,0,0,0,0.18,99.81,100.0
2026-05-12,8923,時報,19.2,19.4,19.2,19.4,4,0,0,0,4.14,95.85,100.0
2026-05-12,8924,大田,64.0,64.5,63.8,64.5,166,-34,0,14,2.73,97.26,100.0
2026-05-12,8926,台汽電,52.5,52.5,50.1,51.6,4481,283,-3,-22,10.09,89.9,100.0
2026-05-12,8927,北基,20.15,20.15,19.8,19.95,298,-22,0,0,0.6,99.39,100.0
2026-05-12,8928,鉅明,21.2,21.2,21.05,21.1,13,0,0,0,0.33,99.66,100.0
2026-05-12,8929,富堡,14.35,14.45,14.35,14.4,15,1,0,0,0.48,99.51,100.0
2026-05-12,8930,青鋼,29.1,29.2,28.8,28.9,96,30,0,0,2.85,97.14,100.0
2026-05-12,8931,大汽電,41.5,41.5,41.2,41.3,26,3,0,0,0.29,99.7,100.0
2026-05-12,8932,智通*,93.0,94.7,92.2,92.7,1690,-191,0,12,28.38,71.61,100.0
2026-05-12,8933,愛地雅,5.82,5.82,5.66,5.67,738,16,0,0,0.93,99.06,100.0
2026-05-12,8935,邦泰,18.2,19.2,18.2,18.8,558,209,0,0,1.15,98.84,100.0
2026-05-12,8936,國統,50.6,50.7,49.9,49.95,2391,-727,-15,28,10.77,89.22,100.0
2026-05-12,8937,合騏*,33.7,34.9,33.4,33.4,627,-52,0,9,5.56,94.43,100.0
2026-05-12,8938,明安,55.2,55.9,55.0,55.8,264,-31,0,0,8.15,91.84,100.0
2026-05-12,8940,新天地,18.15,18.2,17.7,17.7,44,-13,0,7,8.36,91.63,100.0
2026-05-12,8941,關中,44.2,44.85,44.2,44.85,3,0,0,0,0.18,99.81,100.0
2026-05-12,8942,森鉅,46.4,46.4,42.4,43.9,1107,-197,0,0,13.6,86.39,100.0
2026-05-12,8996,高力,1095.0,1110.0,1050.0,1055.0,2887,-681,520,-2,33.5,66.49,100.0
2026-05-12,8999,台灣積層,37.15,38.1,38.1,38.1,1,0,0,0,0.0,0.0,0.0
2026-05-12,9103,美德醫療-DR,4.98,5.23,4.97,5.0,2377,-23,0,-5,0.86,99.13,100.0
2026-05-12,9105,泰金寶-DR,5.85,5.85,5.67,5.69,13871,-3883,0,-60,1.42,98.57,100.0
2026-05-12,9110,越南控-DR,2.64,2.86,2.64,2.71,126,0,0,0,0.04,99.95,100.0
2026-05-12,9136,巨騰-DR,0.0,0.0,0.0,0.0,0,0,0,0,3.39,96.6,100.0
2026-05-12,9802,鈺齊-KY,83.5,83.5,80.5,80.7,955,-552,33,-13,41.77,58.22,100.0
2026-05-12,9902,台火,14.25,14.35,14.1,14.1,114,-6,0,-3,1.67,98.32,100.0
2026-05-12,9904,寶成,26.0,26.15,25.8,25.85,14870,-600,-2557,-335,38.7,61.29,100.0
2026-05-12,9905,大華,21.3,21.55,21.1,21.1,148,-30,0,5,2.23,97.76,100.0
2026-05-12,9906,欣巴巴,35.5,36.0,34.3,34.3,381,-45,0,-7,1.29,98.7,100.0
2026-05-12,9907,統一實,17.05,17.05,16.85,16.85,4356,-2066,-188,-39,15.4,84.59,100.0
2026-05-12,9908,大台北,29.5,29.5,29.3,29.3,561,71,0,-13,1.35,98.64,100.0
2026-05-12,9910,豐泰,75.4,75.4,73.2,73.5,1998,-130,26,-35,9.13,90.86,100.0
2026-05-12,9911,櫻花,84.2,84.3,82.5,82.5,406,-175,-2,-3,18.62,81.37,100.0
2026-05-12,9912,偉聯,12.25,12.5,12.15,12.2,171,-4,0,-1,15.81,84.18,100.0
2026-05-12,9914,美利達,57.3,59.7,56.7,59.5,2803,-100,0,19,21.82,78.17,100.0
2026-05-12,9917,中保科,113.5,113.5,112.0,112.5,428,-225,2,23,39.8,60.19,100.0
2026-05-12,9918,欣天然,42.5,43.15,42.5,43.1,73,10,0,0,2.56,97.43,100.0
2026-05-12,9919,康那香,14.6,14.6,14.1,14.2,1048,94,0,-4,4.36,95.63,100.0
2026-05-12,9921,巨大,69.9,74.2,69.6,72.1,4498,265,-1,11,27.19,72.8,100.0
2026-05-12,9924,福興,42.85,42.85,42.05,42.2,303,-56,-1,-3,10.87,89.12,100.0
2026-05-12,9925,新保,40.35,40.35,40.15,40.35,524,-345,0,-7,17.51,82.48,100.0
2026-05-12,9926,新海,49.25,49.3,49.0,49.1,99,-18,0,0,0.44,99.55,100.0
2026-05-12,9927,泰銘,68.4,68.4,68.2,68.2,66,-13,0,-3,6.67,93.32,100.0
2026-05-12,9928,中視,17.5,17.6,17.5,17.6,16,0,0,0,0.0,0.0,0.0
2026-05-12,9929,秋雨,12.0,12.0,11.8,11.8,10,-1,0,0,0.47,99.52,100.0
2026-05-12,9930,中聯資源,69.6,70.0,69.5,69.5,68,-28,0,-7,2.04,97.95,100.0
2026-05-12,9931,欣高,34.95,34.95,34.3,34.35,45,-13,0,0,0.79,99.2,100.0
2026-05-12,9933,中鼎,36.6,37.3,36.0,37.1,4165,1525,-3,-22,15.64,84.35,100.0
2026-05-12,9934,成霖,10.0,10.0,9.73,9.73,1053,-314,0,-37,12.99,87.0,100.0
2026-05-12,9935,慶豐富,18.55,18.95,18.35,18.85,691,11,0,0,5.47,94.52,100.0
2026-05-12,9937,全國,56.5,56.5,56.1,56.4,43,-5,0,-1,1.73,98.26,100.0
2026-05-12,9938,百和,45.65,45.7,44.7,44.75,1736,-415,35,-9,10.83,89.16,100.0
2026-05-12,9939,宏全,120.5,126.0,119.5,122.5,4380,1250,-63,9,14.27,85.72,100.0
2026-05-12,9940,信義,19.2,19.2,18.9,18.95,1002,-279,0,-14,3.7,96.29,100.0
2026-05-12,9941,裕融,75.2,75.2,74.1,74.3,2094,-870,-75,-14,7.09,92.9,100.0
2026-05-12,9942,茂順,120.5,120.5,119.0,119.5,115,-12,0,-1,4.35,95.64,100.0
2026-05-12,9943,好樂迪,56.0,56.0,55.5,55.7,72,-15,0,0,1.19,98.8,100.0
2026-05-12,9944,新麗,17.05,17.35,16.95,17.1,256,3,0,0,1.03,98.96,100.0
2026-05-12,9945,潤泰新,23.65,23.85,23.4,23.45,9902,-3031,0,-75,8.5,91.49,100.0
2026-05-12,9946,三發地產,16.65,16.7,16.4,16.7,718,-311,0,-5,2.32,97.67,100.0
2026-05-12,9949,琉園,23.8,24.25,23.4,24.25,98,-4,0,0,2.6,97.39,100.0
2026-05-12,9950,萬國通,10.75,10.8,10.5,10.6,65,-4,0,0,0.05,99.94,100.0
2026-05-12,9951,皇田,54.0,54.2,53.6,53.9,144,-23,0,0,5.05,94.94,100.0
2026-05-12,9955,佳龍,30.4,30.4,29.3,29.35,645,-203,0,0,4.99,95.0,100.0
2026-05-12,9957,燁聯,6.67,6.73,6.43,6.51,412,-12,0,0,0.0,0.0,0.0
2026-05-12,9958,世紀鋼,104.5,104.5,102.5,104.5,1160,102,0,-4,12.95,87.04,100.0
2026-05-12,9960,邁達康,35.2,35.35,34.9,35.1,163,-9,0,0,8.99,91.0,100.0
2026-05-12,9962,有益,9.7,9.7,9.6,9.64,71,-18,0,0,0.32,99.67,100.0
