date,stock_id,stock_name,open,high,low,close,volume,day_trading_volume,foreign_buy,trust_buy,dealer_buy,foreign_hold_ratio,foreign_remain_ratio,foreign_limit_ratio
2026-06-04,0050,元大台灣50,106.75,107.0,106.05,106.1,236782,6617,-38479,1150,-29520,4.47,95.52,100.0
2026-06-04,0051,元大中型100,147.45,147.45,145.3,145.6,70,7,-1,0,-18,0.49,99.5,100.0
2026-06-04,0052,富邦科技,63.0,63.1,62.3,62.3,37835,1895,-6662,0,-8885,1.95,98.04,100.0
2026-06-04,0053,元大電子,247.1,247.1,243.5,243.95,33,3,0,0,-21,1.38,98.61,100.0
2026-06-04,0055,元大MSCI金融,38.5,39.12,38.32,38.88,1455,150,240,0,-500,1.13,98.86,100.0
2026-06-04,0056,元大高股息,53.3,53.3,52.5,52.65,66916,9701,-8393,0,3767,0.85,99.14,100.0
2026-06-04,0057,富邦摩台,315.25,316.55,315.25,315.25,42,0,0,0,-1,6.88,93.11,100.0
2026-06-04,0061,元大寶滬深,25.4,25.4,25.18,25.25,207,1,-53,0,21,5.06,94.93,100.0
2026-06-04,1101,台泥,24.9,24.95,24.45,24.45,37205,7026,-17408,359,-67,14.97,85.02,100.0
2026-06-04,1102,亞泥,34.2,34.65,34.0,34.35,13879,5280,-785,-7,-19,13.15,86.84,100.0
2026-06-04,1103,嘉泥,13.55,13.7,13.5,13.65,382,21,166,0,4,4.57,95.42,100.0
2026-06-04,1104,環泥,28.7,29.25,28.5,29.25,1348,178,-113,0,265,15.21,84.78,100.0
2026-06-04,1108,幸福,14.0,14.15,14.0,14.1,375,10,-69,0,23,1.29,98.7,100.0
2026-06-04,1109,信大,14.85,14.9,14.75,14.9,117,10,-11,0,2,2.34,97.65,100.0
2026-06-04,1110,東泥,16.8,17.25,15.95,16.0,1124,331,-242,0,1,5.84,94.15,100.0
2026-06-04,1201,味全,12.55,12.75,12.45,12.55,808,129,-342,0,2,5.04,94.95,100.0
2026-06-04,1203,味王,43.1,43.55,43.05,43.1,7,2,2,0,0,1.73,98.26,100.0
2026-06-04,1210,大成,53.7,55.0,53.4,54.2,10074,2298,-4126,5342,23,10.35,89.64,100.0
2026-06-04,1213,大飲,0.0,0.0,0.0,0.0,0,0,0,0,0,0.01,99.98,100.0
2026-06-04,1215,卜蜂,114.0,116.5,113.0,116.0,4338,1378,75,-1750,10,36.27,63.72,100.0
2026-06-04,1216,統一,73.3,74.4,73.1,73.6,14833,3480,848,1870,173,31.47,68.52,100.0
2026-06-04,1217,愛之味,10.05,10.1,10.0,10.0,1047,110,-289,0,2,7.89,92.1,100.0
2026-06-04,1218,泰山,19.65,19.65,19.4,19.5,1013,107,159,0,3,4.18,95.81,100.0
2026-06-04,1219,福壽,12.9,13.1,12.9,13.0,717,93,4,0,3,5.53,94.46,100.0
2026-06-04,1220,台榮,11.8,12.0,11.8,11.95,153,7,8,0,-1,7.09,92.9,100.0
2026-06-04,1225,福懋油,29.6,30.15,29.6,29.7,188,40,34,0,-10,1.42,98.57,100.0
2026-06-04,1227,佳格,28.5,29.0,28.45,28.45,5792,905,1320,0,8,6.25,93.74,100.0
2026-06-04,1229,聯華,43.4,43.4,42.35,43.0,5090,884,-1079,0,4,8.8,91.19,100.0
2026-06-04,1231,聯華食,87.2,87.2,86.1,86.9,255,38,-24,0,4,2.79,97.2,100.0
2026-06-04,1232,大統益,148.0,149.0,148.0,149.0,133,14,20,0,1,2.54,97.45,100.0
2026-06-04,1233,天仁,27.65,27.95,27.6,27.8,43,4,-6,0,0,5.66,94.33,100.0
2026-06-04,1234,黑松,35.2,35.2,34.9,35.15,82,9,24,0,5,4.74,95.25,100.0
2026-06-04,1235,興泰,38.65,39.0,38.65,39.0,16,1,-4,0,3,0.27,99.72,100.0
2026-06-04,1236,宏亞,25.25,25.25,25.0,25.2,36,14,4,0,2,0.5,99.49,100.0
2026-06-04,1240,茂生農經,57.3,57.5,57.3,57.4,10,0,0,0,0,3.66,96.33,100.0
2026-06-04,1256,鮮活果汁-KY,202.0,204.5,196.5,200.0,114,19,-21,0,1,4.65,95.34,100.0
2026-06-04,1259,安心,57.8,57.8,57.8,57.8,1,0,0,0,0,26.14,73.85,100.0
2026-06-04,1260,富味鄉,23.46,24.15,23.05,24.15,13,0,-2,0,0,0.0,0.0,0.0
2026-06-04,1264,德麥,266.5,271.5,266.5,271.5,64,5,14,0,-21,1.68,98.31,100.0
2026-06-04,1268,漢來美食,171.0,171.5,169.5,170.5,28,5,1,0,0,1.67,98.32,100.0
2026-06-04,1269,乾杯,68.3,69.7,66.5,69.7,6,0,0,0,0,0.0,0.0,0.0
2026-06-04,1271,晨暉生技,59.72,60.2,59.3,59.6,135,0,0,0,0,0.0,0.0,0.0
2026-06-04,1293,利統,26.93,27.7,26.8,27.1,32,0,-1,0,0,0.0,0.0,0.0
2026-06-04,1294,漢田生技,79.1,79.6,78.7,78.7,30,0,-6,0,0,0.67,99.32,100.0
2026-06-04,1295,生合,49.6,50.5,48.4,49.2,71,18,-7,0,0,2.24,97.75,100.0
2026-06-04,1301,台塑,52.0,53.1,50.6,50.8,50546,15814,17068,0,-301,30.97,69.02,100.0
2026-06-04,1303,南亞,111.0,117.0,110.5,111.0,55044,30005,-763,3862,0,34.47,65.52,100.0
2026-06-04,1304,台聚,14.15,14.45,13.65,13.7,9986,3521,-469,0,-216,28.24,71.75,100.0
2026-06-04,1305,華夏,13.9,14.05,13.5,13.55,4365,1289,477,0,-12,4.45,95.54,100.0
2026-06-04,1307,三芳,34.0,34.95,33.85,34.45,2304,694,499,-9,67,7.21,92.78,100.0
2026-06-04,1308,亞聚,14.7,14.75,13.9,14.05,3710,1801,37,0,-2,4.3,95.69,100.0
2026-06-04,1309,台達化,17.9,17.95,16.9,16.95,9029,3673,-285,0,-8,2.83,97.16,100.0
2026-06-04,1310,台苯,9.56,9.56,9.09,9.18,16138,6338,-627,0,-84,4.71,95.28,100.0
2026-06-04,1312,國喬,14.9,15.8,14.1,14.2,126456,54236,1359,0,-422,3.17,96.82,100.0
2026-06-04,1313,聯成,11.8,12.0,11.3,11.4,9092,3028,-1065,0,37,5.36,94.63,100.0
2026-06-04,1314,中石化,8.11,8.43,8.01,8.25,120986,54158,14181,0,535,9.13,90.86,100.0
2026-06-04,1315,達新,62.1,62.4,61.8,61.8,57,2,15,0,3,1.27,98.72,100.0
2026-06-04,1316,上曜,10.65,10.8,10.45,10.65,2420,673,-332,0,-12,4.74,95.25,100.0
2026-06-04,1319,東陽,94.0,97.0,92.6,96.5,8512,2286,-1038,3608,-51,6.97,93.02,100.0
2026-06-04,1321,大洋,29.25,29.4,28.8,28.95,163,30,-51,0,0,6.85,93.14,100.0
2026-06-04,1323,永裕,20.4,20.45,20.1,20.45,59,8,0,0,1,1.26,98.73,100.0
2026-06-04,1324,地球,10.8,10.8,10.55,10.7,106,11,-17,0,0,0.86,99.13,100.0
2026-06-04,1325,恆大,26.95,27.7,26.5,27.35,774,208,154,0,0,1.51,98.48,100.0
2026-06-04,1326,台化,57.0,59.0,55.2,55.2,59996,27217,-1283,0,-350,37.96,62.03,100.0
2026-06-04,1336,台翰,14.5,14.8,14.5,14.55,355,45,-57,0,0,3.3,96.69,100.0
2026-06-04,1337,再生-KY,5.21,5.29,5.09,5.13,994,229,218,0,0,25.99,74.0,100.0
2026-06-04,1338,廣華-KY,16.45,18.0,16.45,17.1,592,192,63,0,0,6.9,93.09,100.0
2026-06-04,1339,昭輝,43.75,44.15,43.5,43.8,190,9,59,0,3,1.03,98.96,100.0
2026-06-04,1340,勝悅-KY,6.08,6.17,5.93,5.93,685,150,-132,0,-1,26.38,73.61,100.0
2026-06-04,1341,富林-KY,62.8,63.7,62.8,63.5,18,0,1,0,0,79.91,20.08,100.0
2026-06-04,1342,八貫,96.1,103.0,96.1,100.5,1632,443,240,0,0,30.65,69.34,100.0
2026-06-04,1343,旭東環保,19.1,20.0,19.1,19.9,19,0,0,0,0,0.0,0.0,0.0
2026-06-04,1402,遠東新,27.3,28.2,27.2,27.55,64194,16362,-20579,26664,321,17.25,82.74,100.0
2026-06-04,1409,新纖,29.95,29.95,27.3,27.3,42340,0,1582,0,-3021,14.2,85.79,100.0
2026-06-04,1410,南染,26.55,26.7,26.25,26.7,23,9,2,0,0,18.95,81.04,100.0
2026-06-04,1413,宏洲,9.84,9.84,9.57,9.68,27,0,1,0,-1,0.42,99.57,100.0
2026-06-04,1414,東和,15.65,16.1,15.65,16.1,190,71,63,0,0,1.42,98.57,100.0
2026-06-04,1416,廣豐,11.6,11.9,11.55,11.8,1105,36,-136,0,0,6.07,93.92,100.0
2026-06-04,1417,嘉裕,8.53,8.58,8.41,8.44,244,95,-3,0,0,1.04,98.95,100.0
2026-06-04,1418,東華,18.55,18.9,18.55,18.8,16,3,3,0,-1,0.95,99.04,100.0
2026-06-04,1419,新紡,66.9,67.4,66.1,66.6,93,22,-20,0,1,1.16,98.83,100.0
2026-06-04,1423,利華,44.5,44.5,43.5,43.75,280,87,55,0,-7,1.3,98.69,100.0
2026-06-04,1432,大魯閣,17.15,17.2,17.05,17.1,365,35,0,0,0,0.53,99.46,100.0
2026-06-04,1434,福懋,16.8,17.2,16.65,16.9,7335,2062,590,0,20,7.44,92.55,100.0
2026-06-04,1436,華友聯,46.5,47.3,46.1,46.4,458,58,-208,-1,7,6.32,93.67,100.0
2026-06-04,1437,勤益控,28.75,29.25,28.75,29.25,129,13,-12,0,0,8.41,91.58,100.0
2026-06-04,1438,三地開發,19.95,20.35,19.65,20.3,105,9,39,0,-1,0.54,99.45,100.0
2026-06-04,1439,雋揚,25.45,25.7,25.3,25.7,32,8,2,0,4,1.04,98.95,100.0
2026-06-04,1440,南紡,15.8,15.85,14.3,14.65,21689,7419,-2478,0,140,7.34,92.65,100.0
2026-06-04,1441,大東,9.44,9.67,9.44,9.6,29,0,2,0,0,1.39,98.6,100.0
2026-06-04,1442,名軒,27.5,28.05,27.5,27.75,477,150,-17,0,0,8.65,91.34,100.0
2026-06-04,1443,立益,25.5,26.45,25.3,26.4,69,7,1,0,2,0.31,99.68,100.0
2026-06-04,1443,立益物流,25.5,26.45,25.3,26.4,69,7,1,0,2,0.31,99.68,100.0
2026-06-04,1444,力麗,7.83,7.9,7.03,7.16,11261,0,-906,0,-25,5.21,94.78,100.0
2026-06-04,1445,大宇,11.75,11.75,11.5,11.6,37,5,12,0,1,3.16,96.83,100.0
2026-06-04,1446,宏和,16.5,16.95,16.45,16.75,433,65,22,0,1,6.34,93.65,100.0
2026-06-04,1447,力鵬,7.26,7.26,6.37,6.58,6848,0,-699,0,55,3.18,96.81,100.0
2026-06-04,1449,佳和,13.9,13.95,13.55,13.6,1356,348,-98,0,-8,6.12,93.87,100.0
2026-06-04,1451,年興,16.65,16.9,16.65,16.8,304,8,55,0,0,5.46,94.53,100.0
2026-06-04,1452,宏益,11.0,11.0,10.9,10.95,88,3,8,0,0,1.97,98.02,100.0
2026-06-04,1453,大將,12.0,12.0,11.5,11.5,119,2,-27,0,0,0.61,99.38,100.0
2026-06-04,1454,台富,13.0,13.15,12.95,12.95,57,10,-3,0,3,0.44,99.55,100.0
2026-06-04,1455,集盛,9.3,9.4,9.12,9.33,1883,624,175,0,0,2.66,97.33,100.0
2026-06-04,1456,怡華,13.55,14.0,13.3,13.85,151,40,-38,0,0,0.55,99.44,100.0
2026-06-04,1457,宜進,15.9,16.2,15.3,15.55,2629,810,26,0,9,1.84,98.15,100.0
2026-06-04,1459,聯發,11.7,11.8,11.65,11.8,108,5,24,0,-3,1.73,98.26,100.0
2026-06-04,1460,宏遠,7.5,7.6,7.45,7.53,1383,0,-39,0,0,2.07,97.92,100.0
2026-06-04,1463,強盛新,17.8,17.9,17.8,17.9,50,3,8,0,0,11.5,88.49,100.0
2026-06-04,1464,得力,10.65,10.8,10.5,10.7,639,138,-43,0,8,1.99,98.0,100.0
2026-06-04,1465,偉全,12.75,12.75,12.3,12.35,229,52,-4,0,0,0.5,99.49,100.0
2026-06-04,1466,聚隆,14.7,14.7,14.3,14.4,162,59,-66,0,1,0.7,99.29,100.0
2026-06-04,1467,南緯,7.87,7.98,7.67,7.71,452,62,13,0,0,19.19,80.8,100.0
2026-06-04,1468,昶和,12.0,12.15,11.8,12.15,59,0,2,0,4,2.07,97.92,100.0
2026-06-04,1470,大統新創,22.45,22.45,22.2,22.2,2,0,2,0,0,0.3,99.69,100.0
2026-06-04,1471,首利,12.0,12.0,11.7,11.8,943,0,60,0,4,1.05,98.94,100.0
2026-06-04,1472,三洋實業,90.5,91.0,90.0,91.0,70,1,5,0,0,0.9,99.09,100.0
2026-06-04,1473,台南,21.7,21.75,21.5,21.6,84,8,23,0,1,5.27,94.72,100.0
2026-06-04,1474,弘裕,10.25,10.4,10.25,10.4,105,0,42,0,-2,0.55,99.44,100.0
2026-06-04,1475,業旺,25.2,26.05,25.15,26.05,55,4,0,0,-2,0.48,99.51,100.0
2026-06-04,1476,儒鴻,360.0,366.5,355.0,363.5,2500,340,-1379,1,29,30.49,69.5,100.0
2026-06-04,1477,聚陽,231.0,232.5,228.0,230.0,3085,685,-884,-286,13,16.01,83.98,100.0
2026-06-04,1480,東盟開發,9.04,9.36,9.36,9.36,0,0,0,0,0,0.0,0.0,0.0
2026-06-04,1503,士電,268.0,268.0,268.0,268.0,5616,98,-58,0,473,30.67,69.32,100.0
2026-06-04,1504,東元,83.5,89.6,83.2,87.0,176599,108357,-24802,473,-1084,8.27,91.72,100.0
2026-06-04,1506,正道,10.1,10.45,10.1,10.3,715,0,64,0,0,0.62,99.37,100.0
2026-06-04,1512,瑞利,7.1,7.5,6.94,7.29,268,0,13,0,-1,5.41,94.58,100.0
2026-06-04,1513,中興電,190.0,201.0,186.5,187.0,79393,45239,-5006,118,-228,12.27,87.72,100.0
2026-06-04,1514,亞力,140.0,149.5,140.0,149.5,18956,2713,640,0,509,16.38,83.61,100.0
2026-06-04,1515,力山,23.5,25.3,23.1,25.3,3446,883,-176,0,17,4.0,95.99,100.0
2026-06-04,1516,川飛,21.65,21.65,21.45,21.5,13,0,-2,0,0,5.69,94.3,100.0
2026-06-04,1517,利奇,10.6,10.9,10.55,10.8,821,82,-331,0,2,2.4,97.59,100.0
2026-06-04,1519,華城,946.0,997.0,910.0,910.0,19360,11548,-936,0,-340,20.04,79.95,100.0
2026-06-04,1521,大億,28.4,28.4,27.0,27.5,101,13,-1,0,4,33.0,66.99,100.0
2026-06-04,1522,堤維西,33.0,33.1,32.45,32.8,1284,271,-181,0,5,2.39,97.6,100.0
2026-06-04,1524,耿鼎,33.2,33.4,32.55,32.75,2293,594,-105,0,-295,1.55,98.44,100.0
2026-06-04,1525,江申,65.2,66.5,65.2,65.9,23,7,3,0,3,0.3,99.69,100.0
2026-06-04,1526,日馳,15.6,15.7,15.35,15.4,206,30,-35,0,0,2.81,97.18,100.0
2026-06-04,1527,鑽全,33.2,33.7,33.15,33.6,337,35,111,0,0,10.33,89.66,100.0
2026-06-04,1528,恩德,30.5,30.5,29.0,29.0,12564,4775,833,0,-6,4.19,95.8,100.0
2026-06-04,1529,樂事綠能,24.65,25.8,24.1,24.2,8063,4107,-923,0,-5,1.21,98.78,100.0
2026-06-04,1530,亞崴,33.3,34.5,32.4,33.2,231,63,-21,0,4,0.61,99.38,100.0
2026-06-04,1531,高林股,12.8,13.2,12.7,12.95,429,39,56,0,-1,1.61,98.38,100.0
2026-06-04,1532,勤美,22.1,22.5,21.9,22.2,956,149,-22,0,2,7.11,92.88,100.0
2026-06-04,1533,車王電,38.4,38.9,38.05,38.3,231,29,81,0,1,6.64,93.35,100.0
2026-06-04,1535,中宇,50.3,53.7,50.3,52.4,427,143,-36,0,-2,1.18,98.81,100.0
2026-06-04,1536,和大,52.3,52.3,50.8,51.0,2249,531,-392,-70,10,5.47,94.52,100.0
2026-06-04,1537,廣隆,126.5,128.5,126.0,128.5,200,14,63,0,0,15.81,84.18,100.0
2026-06-04,1538,正峰,11.3,11.7,11.3,11.7,23,0,0,0,0,0.06,99.93,100.0
2026-06-04,1539,巨庭,16.5,16.9,16.4,16.55,187,47,32,0,2,0.94,99.05,100.0
2026-06-04,1540,喬福,23.0,23.3,22.85,23.05,494,122,113,0,-4,2.44,97.55,100.0
2026-06-04,1541,錩泰,22.45,23.0,21.5,22.2,58,15,-2,0,0,9.86,90.13,100.0
2026-06-04,1558,伸興,91.4,91.9,91.3,91.9,96,2,45,0,0,6.7,93.29,100.0
2026-06-04,1560,中砂,717.0,730.0,710.0,716.0,1516,439,587,19,-3,38.5,61.49,100.0
2026-06-04,1563,巧新,67.9,67.9,65.6,66.3,1773,0,728,0,-1,4.72,95.27,100.0
2026-06-04,1565,精華,95.5,96.4,95.0,96.2,219,54,2,0,0,6.22,93.77,100.0
2026-06-04,1568,倉佑,45.7,45.7,44.7,45.05,749,0,35,0,5,2.33,97.66,100.0
2026-06-04,1569,濱川,53.9,54.6,51.6,51.6,1245,341,-249,0,-18,5.69,94.3,100.0
2026-06-04,1570,力肯,52.1,52.7,50.0,51.0,450,104,-2,0,-1,2.88,97.11,100.0
2026-06-04,1580,新麥,126.0,127.5,125.5,127.5,74,3,14,0,0,5.26,94.73,100.0
2026-06-04,1582,信錦,110.0,110.5,107.5,107.5,2484,559,-32,0,-35,4.89,95.1,100.0
2026-06-04,1583,程泰,55.5,55.5,53.5,54.2,42,6,-10,0,1,0.37,99.62,100.0
2026-06-04,1584,精剛,20.6,20.6,20.3,20.35,852,196,-95,0,5,5.22,94.77,100.0
2026-06-04,1586,和勤,22.15,22.15,21.25,21.6,369,202,57,0,0,1.0,98.95,100.0
2026-06-04,1587,吉茂,30.45,30.45,29.75,30.05,341,51,65,0,1,20.11,79.88,100.0
2026-06-04,1590,亞德客-KY,1325.0,1335.0,1290.0,1310.0,643,213,-57,-30,0,80.06,19.93,100.0
2026-06-04,1591,駿吉-KY,42.6,42.7,41.5,41.5,194,0,-2,0,0,4.75,95.24,100.0
2026-06-04,1593,祺驊,32.0,32.0,31.7,31.7,22,0,2,0,0,6.01,93.98,100.0
2026-06-04,1594,日高,9.59,10.7,9.8,10.0,128,0,21,0,0,0.0,0.0,0.0
2026-06-04,1595,川寶,76.9,79.5,76.3,77.0,998,418,-88,0,-12,3.97,96.02,100.0
2026-06-04,1597,直得,166.5,174.0,163.5,172.5,3068,1348,-561,0,6,4.27,95.72,100.0
2026-06-04,1598,岱宇,21.0,21.0,20.5,20.85,253,48,53,0,5,2.02,97.97,100.0
2026-06-04,1599,宏佳騰,24.0,24.0,23.55,23.8,80,2,3,0,0,7.34,92.65,100.0
2026-06-04,1603,華電,34.55,34.7,33.75,33.75,1483,610,-210,0,0,2.03,97.96,100.0
2026-06-04,1604,聲寶,23.6,23.75,23.6,23.7,508,49,203,0,2,7.56,92.43,100.0
2026-06-04,1605,華新,42.3,44.0,41.6,41.6,112532,59405,3390,236,-963,15.9,84.09,100.0
2026-06-04,1608,華榮,38.6,39.4,38.25,38.8,18639,9435,1042,-9,7,4.16,95.83,100.0
2026-06-04,1609,大亞,43.6,44.65,42.2,43.0,68799,40420,-7343,-2,-262,11.57,88.42,100.0
2026-06-04,1611,中電,14.1,15.0,13.9,15.0,11258,3978,-489,0,35,10.27,89.72,100.0
2026-06-04,1612,宏泰,41.75,42.5,40.35,40.65,14143,4465,-3858,-8,53,18.32,81.67,100.0
2026-06-04,1614,三洋電,33.9,33.9,33.2,33.4,59,14,-6,0,4,2.28,97.71,100.0
2026-06-04,1615,大山,47.0,47.05,46.05,46.55,520,154,-83,0,-1,0.93,99.06,100.0
2026-06-04,1616,億泰,24.35,25.5,24.0,24.95,7003,2826,-1485,0,6,1.77,98.22,100.0
2026-06-04,1617,榮星,17.1,17.7,16.7,16.7,746,232,-166,0,1,19.33,80.66,100.0
2026-06-04,1618,合機,45.2,46.05,44.25,44.25,5536,2543,-752,0,-4,1.22,98.77,100.0
2026-06-04,1623,大東電,246.0,250.0,238.0,238.5,509,0,-88,0,-4,0.6,99.39,100.0
2026-06-04,1626,艾美特-KY,10.05,10.05,9.99,10.05,161,27,17,0,0,43.76,56.23,100.0
2026-06-04,1702,南僑,31.35,31.4,31.15,31.25,450,35,-13,0,2,7.83,92.16,100.0
2026-06-04,1707,葡萄王,101.5,102.5,101.0,102.0,533,96,-236,0,1,14.01,85.98,100.0
2026-06-04,1708,東鹼,45.8,47.65,44.5,47.65,33865,16497,-3143,0,-75,16.08,83.91,100.0
2026-06-04,1709,和益,20.2,21.25,20.2,20.7,4146,1622,-497,0,1,4.04,95.95,100.0
2026-06-04,1710,東聯,15.9,16.6,15.3,15.4,30914,12010,5020,0,-277,5.65,94.34,100.0
2026-06-04,1711,永光,47.5,51.1,47.5,48.05,22941,12516,-2520,0,179,4.74,95.25,100.0
2026-06-04,1712,興農,39.5,39.7,39.3,39.55,786,61,-313,0,0,14.12,85.87,100.0
2026-06-04,1713,國化,49.4,49.8,49.4,49.8,170,10,56,0,1,1.35,98.64,100.0
2026-06-04,1714,和桐,11.9,12.1,11.6,12.1,39115,12979,695,0,260,22.54,77.45,100.0
2026-06-04,1717,長興,78.0,78.7,76.3,76.4,13799,3562,-5302,0,-210,11.09,88.9,100.0
2026-06-04,1718,中纖,9.68,9.68,9.68,9.68,33368,758,-64,0,2683,5.48,94.51,100.0
2026-06-04,1720,生達,62.1,63.2,62.1,63.0,475,22,156,0,0,5.07,94.92,100.0
2026-06-04,1721,三晃,27.7,29.15,27.6,27.65,2892,0,-403,0,-1,1.61,98.38,100.0
2026-06-04,1722,台肥,47.85,48.35,47.75,48.05,4792,594,1204,0,20,7.88,92.11,100.0
2026-06-04,1723,中碳,84.2,86.7,84.2,86.5,1580,447,-64,28,141,8.23,91.76,100.0
2026-06-04,1725,元禎,34.9,34.9,33.2,33.2,346,93,89,0,1,0.46,99.53,100.0
2026-06-04,1726,永記,78.5,79.8,78.5,79.2,106,19,-10,0,1,12.87,87.12,100.0
2026-06-04,1727,中華化,94.4,95.8,91.0,91.0,5186,2266,-643,0,2,2.72,97.27,100.0
2026-06-04,1730,花仙子,53.0,53.2,52.6,53.2,113,0,-24,0,-1,6.72,93.27,100.0
2026-06-04,1731,美吾華,21.6,21.8,21.6,21.7,235,19,12,0,0,1.02,98.97,100.0
2026-06-04,1732,毛寶,26.7,27.4,26.3,26.9,512,119,82,0,0,2.55,97.44,100.0
2026-06-04,1733,五鼎,30.4,30.8,30.35,30.8,261,5,82,0,0,3.46,96.53,100.0
2026-06-04,1734,杏輝,30.9,31.4,30.85,31.35,585,76,64,0,0,5.03,94.96,100.0
2026-06-04,1735,日勝化,26.7,27.2,25.95,25.95,697,282,-144,0,1,51.07,48.92,100.0
2026-06-04,1736,喬山,115.0,115.0,111.0,111.5,966,118,-423,-49,4,4.5,95.49,100.0
2026-06-04,1737,臺鹽,31.6,31.8,31.6,31.7,224,4,52,0,0,8.56,91.43,100.0
2026-06-04,1742,台蠟,15.7,16.15,15.65,15.9,63,7,1,0,0,0.21,99.78,100.0
2026-06-04,1752,南光,32.9,34.0,32.8,33.55,130,19,-1,0,0,1.72,98.27,100.0
2026-06-04,1760,寶齡富錦,60.5,62.0,60.5,61.2,231,37,-1,0,0,11.06,88.93,100.0
2026-06-04,1762,中化生,38.6,40.7,38.55,40.7,831,160,125,0,-8,2.87,97.12,100.0
2026-06-04,1773,勝一,178.0,181.0,177.5,178.5,510,117,6,0,0,7.72,92.27,100.0
2026-06-04,1776,展宇,18.2,19.1,18.2,18.8,352,52,36,0,-3,1.02,98.97,100.0
2026-06-04,1777,生泰,71.6,72.2,71.5,71.7,101,3,0,0,0,0.96,99.03,100.0
2026-06-04,1780,立弘,33.04,33.2,31.85,32.7,97,0,3,0,0,0.0,0.0,0.0
2026-06-04,1781,合世,11.4,12.6,11.4,12.0,377,117,17,0,0,0.65,99.34,100.0
2026-06-04,1783,和康生,39.9,39.9,39.1,39.8,99,18,11,0,1,7.15,92.84,100.0
2026-06-04,1784,訊聯,66.9,68.2,66.3,67.4,334,106,-43,0,0,3.73,96.26,100.0
2026-06-04,1785,光洋科,140.0,144.5,138.5,139.5,10182,3300,-214,0,-6,12.48,87.51,100.0
2026-06-04,1786,科妍,53.7,55.0,53.6,54.9,207,54,27,0,1,1.66,98.33,100.0
2026-06-04,1788,杏昌,135.0,135.5,134.0,134.0,38,1,2,0,0,11.07,88.92,100.0
2026-06-04,1789,神隆,20.25,20.7,20.15,20.4,794,127,-67,0,8,1.68,98.31,100.0
2026-06-04,1795,美時,196.5,204.0,195.5,201.0,2967,1024,-107,0,153,52.37,47.62,100.0
2026-06-04,1796,金穎生技,37.4,37.4,36.65,36.65,14,2,-1,0,0,0.79,99.2,100.0
2026-06-04,1799,易威,34.8,35.45,33.4,34.4,283,0,63,0,0,11.85,88.14,100.0
2026-06-04,1802,台玻,70.9,71.8,68.4,68.9,64070,26072,-16922,262,-2187,4.83,95.16,100.0
2026-06-04,1805,寶徠,11.9,12.1,11.9,12.1,3036,334,337,0,1,0.8,99.19,100.0
2026-06-04,1806,冠軍,8.3,8.38,8.29,8.33,547,71,130,0,1,9.61,90.38,100.0
2026-06-04,1808,潤隆,30.9,31.7,30.75,31.7,2764,672,371,0,3,4.12,95.87,100.0
2026-06-04,1809,中釉,56.5,61.8,56.3,58.5,36365,23665,-3632,0,-11,4.64,95.35,100.0
2026-06-04,1810,和成,20.1,20.55,19.8,20.55,2810,839,-98,0,-13,4.09,95.9,100.0
2026-06-04,1813,寶利徠,12.15,12.25,12.0,12.2,85,15,6,0,0,9.47,90.52,100.0
2026-06-04,1815,富喬,106.0,107.5,103.5,104.0,13326,4089,-1106,0,-15,7.55,92.44,100.0
2026-06-04,1817,凱撒衛,39.6,39.85,39.6,39.7,22,2,2,0,0,1.67,98.32,100.0
2026-06-04,1903,士紙,50.0,52.8,49.3,50.3,1121,502,-224,0,1,10.75,89.24,100.0
2026-06-04,1904,正隆,20.8,22.3,20.75,22.3,27597,14420,-647,0,191,9.52,90.47,100.0
2026-06-04,1905,華紙,13.0,14.0,12.75,14.0,41543,21688,-4212,0,26,1.98,98.01,100.0
2026-06-04,1906,寶隆,10.85,11.75,10.85,11.45,1178,455,-195,0,1,0.51,99.48,100.0
2026-06-04,1907,永豐餘,25.1,27.55,25.1,26.4,7894,3883,-56,0,94,12.18,87.81,100.0
2026-06-04,1909,榮成,9.54,10.2,9.49,9.93,22523,10238,-2583,0,48,7.67,92.32,100.0
2026-06-04,2002,中鋼,19.45,19.6,19.2,19.25,75211,25428,3592,499,620,12.41,87.58,100.0
2026-06-04,2006,東和鋼鐵,66.8,67.5,66.5,67.4,2349,593,247,-61,106,18.86,81.13,100.0
2026-06-04,2007,燁興,7.96,7.98,7.84,7.95,478,0,64,0,0,0.78,99.21,100.0
2026-06-04,2008,高興昌,30.0,30.2,30.0,30.0,34,1,11,0,0,7.72,92.27,100.0
2026-06-04,2009,第一銅,45.2,45.95,43.65,44.5,23378,9560,-4884,0,192,2.01,97.98,100.0
2026-06-04,2010,春源,24.05,24.2,23.8,24.1,1566,310,270,0,-2,8.84,91.15,100.0
2026-06-04,2012,春雨,14.8,14.8,14.6,14.75,37,4,6,0,0,1.41,98.58,100.0
2026-06-04,2013,中鋼構,43.25,43.5,42.95,43.3,204,17,58,0,1,7.12,92.87,100.0
2026-06-04,2014,中鴻,18.65,19.15,18.5,18.7,9118,3417,16,0,-13,5.92,94.07,100.0
2026-06-04,2015,豐興,62.8,63.1,62.5,63.0,275,67,99,-34,20,12.36,87.63,100.0
2026-06-04,2017,官田鋼,9.68,10.15,9.5,9.86,2271,553,190,0,2,2.17,97.82,100.0
2026-06-04,2020,美亞,21.75,21.85,21.55,21.85,348,83,72,0,-5,1.79,98.2,100.0
2026-06-04,2022,聚亨,8.1,8.17,8.0,8.08,1610,460,197,0,-14,2.51,97.48,100.0
2026-06-04,2023,燁輝,14.05,14.15,13.9,13.9,1177,270,-160,0,26,3.91,96.08,100.0
2026-06-04,2024,志聯,14.45,14.45,13.95,14.05,8,1,-1,0,0,0.46,99.53,100.0
2026-06-04,2025,千興,12.25,12.3,12.1,12.2,318,0,82,0,-1,0.86,99.13,100.0
2026-06-04,2027,大成鋼,43.8,44.2,43.35,44.1,26108,5179,13480,-8937,-469,19.79,80.2,100.0
2026-06-04,2028,威致,17.35,17.4,17.2,17.3,116,28,-8,0,4,0.82,99.17,100.0
2026-06-04,2029,盛餘,20.8,20.9,20.7,20.9,253,13,64,0,1,66.76,33.23,100.0
2026-06-04,2030,彰源,18.8,19.0,18.4,18.65,1831,464,-173,0,2,3.99,96.0,100.0
2026-06-04,2031,新光鋼,41.7,43.75,41.45,43.0,2824,728,584,-8,0,8.4,91.59,100.0
2026-06-04,2032,新鋼,18.65,18.65,18.15,18.3,1024,329,-39,0,3,3.75,96.24,100.0
2026-06-04,2033,佳大,16.0,16.0,15.65,15.95,131,55,-25,0,0,0.89,99.1,100.0
2026-06-04,2034,允強,20.6,20.65,20.2,20.3,1510,368,231,0,58,3.87,96.12,100.0
2026-06-04,2035,唐榮,27.8,27.95,27.8,27.95,2,0,0,0,0,0.0,99.99,100.0
2026-06-04,2038,海光,14.6,14.7,14.25,14.3,526,124,-7,0,-3,1.93,98.06,100.0
2026-06-04,2049,上銀,365.0,366.0,352.0,358.0,4085,1488,301,-316,-63,35.81,64.18,100.0
2026-06-04,2059,川湖,5350.0,5475.0,5150.0,5350.0,460,194,-27,52,2,24.4,75.59,100.0
2026-06-04,2061,風青,44.75,44.95,43.1,43.8,650,0,7,0,0,4.97,95.02,100.0
2026-06-04,2062,橋椿,19.45,19.85,19.25,19.65,642,133,-54,0,25,7.31,92.68,100.0
2026-06-04,2063,世鎧,25.2,25.4,25.2,25.4,12,0,-1,0,0,1.0,98.99,100.0
2026-06-04,2064,晉椿,15.35,16.35,14.95,14.95,148,27,-18,0,2,0.07,99.92,100.0
2026-06-04,2065,世豐,34.75,34.75,34.2,34.55,79,4,0,0,0,0.67,99.32,100.0
2026-06-04,2066,世德,59.3,59.5,58.5,58.8,62,11,-5,0,0,9.43,90.56,100.0
2026-06-04,2067,嘉鋼,6.7,6.7,6.5,6.52,65,0,0,0,0,11.28,88.71,100.0
2026-06-04,2069,運錩,19.8,19.9,19.6,19.85,264,58,23,0,0,2.69,97.3,100.0
2026-06-04,2070,精湛,67.0,67.4,64.1,66.7,889,409,49,0,0,1.33,98.66,100.0
2026-06-04,2071,震南鐵,20.86,20.95,20.1,20.95,161,0,4,0,0,0.0,0.0,0.0
2026-06-04,2072,世紀風電,180.0,199.0,179.5,199.0,2024,0,115,155,-6,2.1,97.89,100.0
2026-06-04,2073,雄順,0.0,0.0,0.0,0.0,0,0,0,0,0,0.04,99.96,100.0
2026-06-04,2101,南港,32.7,33.0,32.0,32.45,2386,650,-108,0,-8,5.6,94.39,100.0
2026-06-04,2102,泰豐,18.5,18.55,18.05,18.2,504,89,151,0,13,2.82,97.17,100.0
2026-06-04,2103,台橡,21.7,22.7,21.5,22.25,11105,3062,4476,0,-150,22.24,77.75,100.0
2026-06-04,2104,國際中橡,11.35,11.4,11.05,11.2,4288,1152,924,0,-7,5.67,94.32,100.0
2026-06-04,2105,正新,34.45,35.3,34.15,34.55,38178,10362,-18334,15889,181,9.43,90.56,100.0
2026-06-04,2106,建大,18.6,18.75,18.35,18.4,1320,289,224,0,6,8.49,91.5,100.0
2026-06-04,2107,厚生,25.9,26.15,25.85,26.05,551,32,91,0,41,6.09,93.9,100.0
2026-06-04,2108,南帝,28.95,31.4,28.9,30.9,7382,2009,1396,0,-6,5.7,94.29,100.0
2026-06-04,2109,華豐,14.55,14.75,14.5,14.65,337,48,41,0,0,15.17,84.82,100.0
2026-06-04,2114,鑫永銓,92.1,92.1,90.9,91.4,85,4,-21,0,-1,3.96,96.03,100.0
2026-06-04,2115,六暉-KY,21.85,22.1,21.85,21.95,188,15,28,0,9,44.22,55.77,100.0
2026-06-04,2201,裕隆,29.2,29.85,28.75,28.8,6469,2544,-671,-15,-3,4.35,95.64,100.0
2026-06-04,2204,中華,54.9,56.5,54.8,56.1,2570,379,481,-7,-12,18.03,81.96,100.0
2026-06-04,2206,三陽工業,62.4,63.2,62.4,62.9,1797,265,947,-58,6,5.96,94.03,100.0
2026-06-04,2207,和泰車,484.5,492.0,477.0,485.5,707,125,-57,-4,14,21.26,78.73,100.0
2026-06-04,2208,台船,18.25,18.55,18.05,18.15,6205,0,-1479,-2,-9,7.88,92.11,100.0
2026-06-04,2211,長榮鋼,94.7,95.5,94.1,94.6,807,243,19,-4,30,3.82,96.17,100.0
2026-06-04,2221,大甲,42.75,42.9,41.5,42.55,301,127,-2,0,0,1.8,98.19,100.0
2026-06-04,2227,裕日車,50.0,50.3,49.9,50.3,58,0,7,0,0,40.38,59.61,100.0
2026-06-04,2228,劍麟,86.3,86.3,85.5,85.5,166,22,12,0,1,3.3,96.69,100.0
2026-06-04,2230,泰茂,28.55,28.6,28.25,28.25,223,35,40,0,0,2.69,97.3,100.0
2026-06-04,2231,為升,105.5,105.5,102.0,102.0,458,44,-161,0,-24,4.67,95.32,100.0
2026-06-04,2233,宇隆,319.0,323.0,310.0,316.5,1777,671,-38,0,477,6.59,93.4,100.0
2026-06-04,2235,謚源,30.5,30.5,30.5,30.5,11,0,0,0,0,0.03,99.96,100.0
2026-06-04,2236,百達-KY,136.5,138.5,134.0,136.0,320,116,-46,0,0,52.14,47.85,100.0
2026-06-04,2237,華德動能,38.15,38.5,37.45,37.7,133,0,2,0,0,0.0,0.0,0.0
2026-06-04,2239,英利-KY,24.55,25.15,24.3,25.0,48,21,-10,0,1,75.35,24.64,100.0
2026-06-04,2241,艾姆勒,31.9,33.2,31.8,32.2,1093,377,-204,0,0,8.08,91.91,100.0
2026-06-04,2243,宏旭-KY,28.0,29.7,27.25,29.65,4018,1136,453,0,0,29.12,70.87,100.0
2026-06-04,2245,詠勝昌*,26.57,28.05,26.8,26.9,22,0,0,0,0,0.0,0.0,0.0
2026-06-04,2247,汎德永業,224.5,241.0,224.5,234.5,349,100,11,0,-14,3.81,96.18,100.0
2026-06-04,2248,華勝-KY,56.9,57.8,56.2,57.7,83,5,17,0,0,50.27,49.72,100.0
2026-06-04,2249,湧盛,123.75,124.0,122.0,123.5,25,0,-2,0,0,0.0,0.0,0.0
2026-06-04,2250,IKKA-KY,65.2,66.0,64.8,66.0,90,11,37,0,0,7.13,92.85,100.0
2026-06-04,2252,為昇科,16.77,16.6,15.85,16.15,241,0,-5,0,0,0.0,0.0,0.0
2026-06-04,2254,巨鎧精密-創,65.8,65.8,63.1,63.7,15,5,0,0,2,23.84,76.15,100.0
2026-06-04,2255,凱銳光電,18.8,18.85,18.65,18.8,48,0,0,0,0,0.0,0.0,0.0
2026-06-04,2256,歐特明,78.09,80.0,73.3,77.1,329,0,11,0,0,0.0,0.0,0.0
2026-06-04,2258,鴻華先進-創,32.3,33.9,32.0,32.2,1365,507,-134,0,26,0.33,99.66,100.0
2026-06-04,2301,光寶科,247.0,258.5,242.5,248.5,58372,28289,917,-1252,88,40.65,59.34,100.0
2026-06-04,2302,麗正,35.0,35.4,34.1,34.75,1771,0,450,0,66,2.64,97.35,100.0
2026-06-04,2303,聯電,126.5,131.5,122.5,125.0,380918,111549,149147,-156280,4534,38.93,61.06,100.0
2026-06-04,2305,全友,23.3,24.25,22.45,22.55,5058,1839,-1241,0,5,5.73,94.26,100.0
2026-06-04,2308,台達電,2440.0,2465.0,2405.0,2425.0,9416,2171,-154,221,127,64.39,35.6,100.0
2026-06-04,2312,金寶,42.15,44.1,40.65,41.05,111914,60640,-14686,16,-1571,10.05,89.94,100.0
2026-06-04,2313,華通,266.0,272.0,258.0,265.5,39459,19345,-6794,-1476,-922,22.18,77.81,100.0
2026-06-04,2314,台揚,16.5,17.0,16.5,16.75,467,0,11,0,0,1.6,98.39,100.0
2026-06-04,2316,楠梓電,162.0,164.5,159.5,160.0,2504,1054,34,0,-42,33.56,66.43,100.0
2026-06-04,2317,鴻海,309.0,309.0,293.0,293.0,110760,23947,-28177,856,-2279,41.58,58.41,100.0
2026-06-04,2321,東訊,14.65,14.65,14.65,14.65,8,0,0,0,0,0.01,99.98,100.0
2026-06-04,2323,中環,12.65,12.7,11.85,12.15,51361,16749,10209,53,-492,11.13,88.86,100.0
2026-06-04,2324,仁寶,45.0,45.85,42.35,42.35,263712,77620,-99951,176,-3634,38.42,61.57,100.0
2026-06-04,2327,國巨*,775.0,788.0,743.0,743.0,24383,0,-6557,244,-158,50.89,49.1,100.0
2026-06-04,2328,廣宇,60.3,60.5,57.2,57.9,18044,6108,-3866,0,-1178,8.63,91.36,100.0
2026-06-04,2329,華泰,57.8,60.6,57.8,58.0,9549,4788,1002,13,-252,10.94,89.05,100.0
2026-06-04,2330,台積電,2385.0,2415.0,2385.0,2385.0,32542,4655,-11256,537,1099,70.31,29.68,100.0
2026-06-04,2331,精英,24.35,24.5,23.3,23.35,6724,1433,-1403,0,-183,5.67,94.32,100.0
2026-06-04,2332,友訊,16.7,16.8,16.45,16.55,6642,1947,112,0,32,12.05,87.94,100.0
2026-06-04,2337,旺宏,158.0,161.0,156.5,156.5,27236,0,-9622,-386,-1458,30.42,69.57,100.0
2026-06-04,2338,光罩,52.6,53.9,51.5,52.7,6127,2334,-1476,0,-11,5.59,94.4,100.0
2026-06-04,2340,台亞,37.5,38.55,36.4,37.1,7968,3513,98,0,-182,9.25,90.74,100.0
2026-06-04,2342,茂矽,43.3,47.25,42.5,43.05,18426,10954,795,0,-57,8.76,91.23,100.0
2026-06-04,2344,華邦電,175.0,188.0,175.0,179.5,227016,151525,-9552,1104,99,23.58,76.41,100.0
2026-06-04,2345,智邦,2525.0,2550.0,2460.0,2510.0,2462,732,-351,10,-149,58.32,41.67,100.0
2026-06-04,2347,聯強,91.0,92.5,89.7,89.9,15239,3472,-8266,8442,124,31.7,68.29,100.0
2026-06-04,2348,海悅,77.2,79.9,74.3,74.3,1496,664,-257,0,5,0.84,99.15,100.0
2026-06-04,2349,錸德,16.0,16.1,14.8,14.9,27610,0,-8,0,-143,14.94,85.05,100.0
2026-06-04,2351,順德,204.0,214.5,203.0,211.0,8202,4095,107,5,-43,14.49,85.5,100.0
2026-06-04,2352,佳世達,35.5,35.55,33.85,34.25,63832,28754,-4823,219,52,10.18,89.81,100.0
2026-06-04,2353,宏碁,42.4,42.6,39.1,39.1,196654,49043,-64384,6710,-2296,9.84,90.15,100.0
2026-06-04,2354,鴻準,64.6,64.8,62.2,62.3,16419,4080,-3559,7,-333,10.99,89.0,100.0
2026-06-04,2355,敬鵬,59.0,59.5,56.0,56.4,16584,6831,-1066,0,-250,14.44,85.55,100.0
2026-06-04,2356,英業達,84.6,85.8,77.8,77.8,138221,65801,-2465,82,-2381,17.32,82.67,100.0
2026-06-04,2357,華碩,916.0,927.0,881.0,892.0,6988,2376,-245,925,4,34.55,65.44,100.0
2026-06-04,2359,所羅門,141.0,145.0,134.5,143.0,5082,2259,32,0,15,3.41,96.58,100.0
2026-06-04,2360,致茂,2510.0,2670.0,2510.0,2620.0,2502,646,223,15,14,58.27,41.72,100.0
2026-06-04,2362,藍天,49.8,50.5,47.8,48.35,4913,1410,-309,0,50,10.17,89.82,100.0
2026-06-04,2363,矽統,64.5,65.0,63.0,63.1,8346,2603,-606,0,-149,8.3,91.69,100.0
2026-06-04,2364,倫飛,83.3,83.6,78.1,80.6,4460,1865,-178,0,-39,15.35,84.64,100.0
2026-06-04,2365,昆盈,37.1,37.2,35.8,36.65,3728,1758,-658,0,-23,3.21,96.78,100.0
2026-06-04,2367,燿華,64.4,64.9,62.0,62.0,24111,8517,-2678,0,-565,5.85,94.14,100.0
2026-06-04,2368,金像電,1350.0,1370.0,1315.0,1350.0,4195,1682,-445,183,-268,26.7,73.29,100.0
2026-06-04,2369,菱生,34.9,36.9,34.8,35.25,16235,8489,-1798,0,100,18.87,81.12,100.0
2026-06-04,2371,大同,31.7,32.8,31.45,32.05,82194,37134,-13029,172,662,7.1,92.89,100.0
2026-06-04,2373,震旦行,58.4,58.9,58.0,58.8,42,2,10,0,0,0.87,99.12,100.0
2026-06-04,2374,佳能,81.3,83.6,79.1,80.9,10702,4824,-1435,0,-42,5.47,94.52,100.0
2026-06-04,2375,凱美,149.0,152.0,145.0,145.0,2948,0,358,0,-65,13.38,86.61,100.0
2026-06-04,2376,技嘉,391.0,392.5,372.5,374.0,22721,8429,-2511,1191,-546,22.85,77.14,100.0
2026-06-04,2377,微星,145.0,147.5,140.0,140.0,27232,9040,2717,68,-434,13.32,86.67,100.0
2026-06-04,2379,瑞昱,640.0,645.0,624.0,624.0,7282,2044,-3043,2970,-74,50.43,49.56,100.0
2026-06-04,2380,虹光,5.94,5.96,5.92,5.96,506,0,-1,0,0,0.26,99.73,100.0
2026-06-04,2382,廣達,402.0,412.0,395.0,404.0,73706,24049,-32713,33871,-50,22.24,77.75,100.0
2026-06-04,2383,台光電,4880.0,4885.0,4740.0,4830.0,1722,625,52,0,12,43.51,56.48,100.0
2026-06-04,2385,群光,145.5,148.0,141.5,146.5,4974,1066,-1954,137,105,18.59,81.4,100.0
2026-06-04,2387,精元,43.5,43.5,42.2,42.3,678,159,-98,0,0,10.07,89.92,100.0
2026-06-04,2388,威盛,73.0,74.6,71.8,73.3,6044,2771,-7,0,-133,13.1,86.89,100.0
2026-06-04,2390,云辰,13.4,13.7,12.7,13.1,6521,2479,-119,0,-12,3.47,96.52,100.0
2026-06-04,2392,正崴,44.0,44.0,41.65,42.0,3925,1181,-962,0,-29,7.15,92.84,100.0
2026-06-04,2393,億光,66.3,66.9,65.6,66.7,3689,527,-307,-9,199,29.01,70.98,100.0
2026-06-04,2395,研華,509.0,539.0,508.0,522.0,4921,1678,1050,159,48,35.44,64.55,100.0
2026-06-04,2397,友通,68.0,68.3,65.3,65.4,1759,728,-161,0,0,12.62,87.37,100.0
2026-06-04,2399,映泰,50.7,51.3,49.35,49.75,6141,2705,-282,0,0,8.89,91.1,100.0
2026-06-04,2401,凌陽,29.0,29.15,28.05,28.1,7060,1798,-1301,0,-127,13.5,86.49,100.0
2026-06-04,2402,毅嘉,69.7,70.3,68.2,69.3,8602,2935,-2358,0,-307,6.54,92.84,100.0
2026-06-04,2404,漢唐,1150.0,1245.0,1150.0,1230.0,6428,2199,2104,-1145,177,34.3,65.69,100.0
2026-06-04,2405,輔信,20.6,20.95,20.2,20.25,15978,5978,-454,0,30,4.58,95.41,100.0
2026-06-04,2406,國碩,39.8,41.8,38.45,38.5,90088,55007,-5372,0,147,20.06,79.93,100.0
2026-06-04,2408,南亞科,395.5,409.5,392.0,395.0,115749,65201,-11907,-270,-1522,14.75,85.24,100.0
2026-06-04,2409,友達,28.4,29.6,27.5,29.25,878685,547667,-8471,156,2105,12.61,87.38,100.0
2026-06-04,2412,中華電,141.0,143.0,140.5,141.5,13961,4300,-1017,1631,823,16.96,32.03,49.0
2026-06-04,2413,環科,54.6,54.6,52.7,52.7,3004,811,-68,0,0,3.66,96.33,100.0
2026-06-04,2414,精技,52.3,53.9,52.3,53.3,568,70,138,0,0,5.64,94.35,100.0
2026-06-04,2415,錩新,27.8,28.5,27.7,27.9,234,56,26,0,0,21.11,78.88,100.0
2026-06-04,2417,圓剛,51.0,51.0,48.45,48.8,2770,605,-325,0,6,3.02,96.97,100.0
2026-06-04,2419,仲琦,32.45,32.5,31.15,31.25,2471,551,-897,0,-41,1.62,98.37,100.0
2026-06-04,2420,新巨,64.4,65.6,63.5,65.3,847,196,112,13,5,8.06,91.93,100.0
2026-06-04,2421,建準,167.0,178.0,166.5,168.5,11228,4897,857,7,35,30.55,69.44,100.0
2026-06-04,2423,固緯,79.8,81.5,78.7,78.8,218,51,35,0,4,5.0,94.99,100.0
2026-06-04,2424,隴華,13.55,13.55,13.1,13.35,90,0,19,0,0,0.53,48.46,49.0
2026-06-04,2425,承啟,36.8,36.8,35.3,35.75,774,256,-213,0,1,10.35,89.64,100.0
2026-06-04,2426,鼎元,72.2,75.0,71.2,72.1,10169,3839,-2177,0,-13,5.49,94.5,100.0
2026-06-04,2427,三商電,23.5,24.35,23.05,23.5,1860,793,-314,0,-3,2.93,97.06,100.0
2026-06-04,2428,興勤,268.0,270.5,262.0,265.0,1040,256,267,0,-6,19.39,80.6,100.0
2026-06-04,2429,銘旺科,44.9,44.9,44.05,44.2,324,0,-44,0,0,0.69,99.3,100.0
2026-06-04,2430,燦坤,19.7,19.7,18.85,19.1,471,63,-30,0,-1,2.83,97.16,100.0
2026-06-04,2431,聯昌,11.5,11.5,11.1,11.15,777,0,-418,0,0,1.74,98.25,100.0
2026-06-04,2432,倚天,27.5,28.25,27.25,28.0,70,17,-13,0,-2,0.66,99.33,100.0
2026-06-04,2432,倚天酷碁-創,27.5,28.25,27.25,28.0,70,17,-13,0,-2,0.66,99.33,100.0
2026-06-04,2433,互盛電,44.0,44.75,44.0,44.55,34,7,9,0,1,0.94,99.05,100.0
2026-06-04,2434,統懋,36.2,36.95,35.25,35.55,61,13,-3,0,0,1.0,98.99,100.0
2026-06-04,2436,偉詮電,72.9,73.7,71.6,71.8,3124,609,-462,0,-31,10.34,89.65,100.0
2026-06-04,2438,翔耀,26.5,26.5,25.9,25.95,287,0,3,0,1,1.14,98.85,100.0
2026-06-04,2439,美律,94.8,95.0,92.6,92.6,2798,496,-700,0,-49,12.72,87.27,100.0
2026-06-04,2440,太空梭,18.75,20.5,18.6,20.5,2585,370,-281,0,10,2.72,97.27,100.0
2026-06-04,2441,超豐,135.0,139.0,135.0,136.5,4827,1740,85,-72,24,10.13,89.86,100.0
2026-06-04,2442,新美齊,19.45,19.7,19.35,19.6,2780,515,-413,0,5,1.91,98.08,100.0
2026-06-04,2444,兆勁,13.7,13.9,13.35,13.5,941,0,244,0,-1,4.03,95.96,100.0
2026-06-04,2449,京元電子,320.5,333.0,315.5,322.0,39706,20342,7927,540,-24,31.61,68.38,100.0
2026-06-04,2450,神腦,31.45,31.7,30.9,31.3,504,126,53,0,2,1.31,98.68,100.0
2026-06-04,2451,創見,354.0,383.0,353.5,357.0,14060,6314,4223,-3120,3,13.62,86.37,100.0
2026-06-04,2453,凌群,61.6,62.3,60.6,61.0,685,202,152,0,1,5.19,94.8,100.0
2026-06-04,2454,聯發科,4600.0,4685.0,4430.0,4430.0,11204,3566,317,-330,-66,56.28,43.71,100.0
2026-06-04,2455,全新,405.0,405.0,395.0,402.0,962,0,204,33,-134,26.73,73.26,100.0
2026-06-04,2457,飛宏,32.0,32.05,31.85,32.05,7740,677,-43,0,95,7.07,92.92,100.0
2026-06-04,2458,義隆,166.0,167.0,161.0,162.0,2926,1141,-36,-16,-42,23.88,76.11,100.0
2026-06-04,2459,敦吉,70.0,70.0,69.0,70.0,211,28,-18,0,1,16.57,83.42,100.0
2026-06-04,2460,建通,34.0,34.95,32.9,33.5,1275,0,200,0,1,0.9,99.09,100.0
2026-06-04,2461,光群雷,17.75,17.85,17.45,17.75,783,91,298,0,-13,6.39,93.6,100.0
2026-06-04,2462,良得電,24.05,24.95,23.8,24.6,1423,369,322,0,2,1.71,98.28,100.0
2026-06-04,2464,盟立,173.5,178.5,168.0,170.0,10037,5080,589,0,-65,11.66,88.33,100.0
2026-06-04,2465,麗臺,83.1,85.5,80.3,85.2,1825,754,13,0,4,4.32,95.67,100.0
2026-06-04,2466,冠西電,46.65,46.65,44.7,45.0,657,113,-68,0,2,10.49,89.5,100.0
2026-06-04,2467,志聖,615.0,646.0,608.0,626.0,2881,1458,466,-29,-165,20.11,79.88,100.0
2026-06-04,2468,華經,40.5,44.75,39.6,44.75,3791,1104,45,0,30,1.04,98.95,100.0
2026-06-04,2471,資通,54.0,55.4,53.5,54.6,565,119,38,0,-1,5.62,94.37,100.0
2026-06-04,2472,立隆電,346.5,350.5,341.0,350.0,2057,0,365,28,-17,10.79,89.2,100.0
2026-06-04,2474,可成,249.5,252.0,241.5,242.0,15947,5266,-3721,-219,-257,19.78,80.21,100.0
2026-06-04,2476,鉅祥,123.0,123.5,119.5,121.0,3166,1197,-124,0,-43,9.93,90.06,100.0
2026-06-04,2477,美隆電,23.65,24.15,23.4,23.8,834,113,291,0,1,23.92,76.07,100.0
2026-06-04,2478,大毅,133.5,140.0,130.0,137.5,2078,0,126,0,14,16.03,83.96,100.0
2026-06-04,2480,敦陽科,160.5,163.0,159.0,160.5,543,80,90,-2,1,10.04,89.95,100.0
2026-06-04,2481,強茂,157.0,172.0,156.0,159.5,53843,35351,-1693,3242,-262,20.63,79.36,100.0
2026-06-04,2482,連宇,17.35,17.35,17.05,17.2,176,29,-5,0,0,1.66,98.33,100.0
2026-06-04,2483,百容,25.55,27.85,25.5,27.7,2339,768,129,0,-1,3.0,96.99,100.0
2026-06-04,2484,希華,54.0,55.8,50.8,50.8,18649,7859,1232,0,58,6.31,93.68,100.0
2026-06-04,2485,兆赫,68.3,68.5,65.8,65.8,14053,5354,-660,0,-227,1.75,98.24,100.0
2026-06-04,2486,一詮,278.5,286.0,269.0,274.5,15630,8084,-1104,0,-159,13.61,86.38,100.0
2026-06-04,2488,漢平,54.2,54.3,53.8,54.0,144,36,20,0,0,6.91,93.08,100.0
2026-06-04,2489,瑞軒,49.1,49.4,48.0,49.05,24152,9088,-4980,1,-111,5.17,94.82,100.0
2026-06-04,2491,吉祥全,34.0,34.0,34.0,34.0,839,0,-2,0,151,6.84,93.15,100.0
2026-06-04,2492,華新科,392.0,405.0,392.0,392.0,3097,0,1034,591,-3,25.9,74.09,100.0
2026-06-04,2493,揚博,161.0,177.5,159.0,177.5,11657,4479,1927,25,-26,4.67,95.32,100.0
2026-06-04,2495,普安,51.5,52.0,50.8,51.0,8337,2999,-788,0,-94,9.27,90.72,100.0
2026-06-04,2496,卓越,65.0,65.9,64.9,65.9,34,4,6,0,0,23.31,76.68,100.0
2026-06-04,2497,怡利電,61.0,63.0,60.6,61.7,723,277,17,0,0,3.31,96.68,100.0
2026-06-04,2498,宏達電,50.0,50.4,47.7,47.7,17241,6699,-2284,-1,-813,8.83,91.16,100.0
2026-06-04,2501,國建,23.25,23.6,23.15,23.5,3920,555,2409,0,8,11.51,88.48,100.0
2026-06-04,2504,國產,35.9,36.3,35.75,36.0,3352,609,-729,30,82,6.76,93.23,100.0
2026-06-04,2505,國揚,17.7,17.95,17.7,17.8,204,12,34,0,3,3.59,96.4,100.0
2026-06-04,2506,太設,8.92,8.99,8.87,8.89,157,7,33,0,0,4.86,95.13,100.0
2026-06-04,2509,全坤建,12.5,13.25,12.5,13.0,390,70,-79,0,-2,1.39,98.6,100.0
2026-06-04,2511,太子,8.05,8.05,7.99,8.02,1807,116,264,0,12,2.43,97.56,100.0
2026-06-04,2514,龍邦,13.85,14.15,13.75,13.85,1043,56,31,0,-7,2.28,97.71,100.0
2026-06-04,2515,中工,13.15,13.45,13.15,13.25,8858,2646,1635,-1,62,7.42,92.57,100.0
2026-06-04,2516,新建,12.3,12.6,12.3,12.3,185,0,42,0,0,2.45,97.54,100.0
2026-06-04,2520,冠德,31.8,32.2,31.7,31.8,2070,356,459,-3,4,12.35,87.64,100.0
2026-06-04,2524,京城,36.2,37.35,35.1,36.25,168,51,-23,0,4,0.79,99.2,100.0
2026-06-04,2527,宏璟,37.5,37.5,36.65,37.0,328,104,-8,0,-2,42.47,57.52,100.0
2026-06-04,2528,皇普,21.2,22.1,21.2,21.25,702,212,-21,-3,-2,1.09,98.9,100.0
2026-06-04,2530,華建,19.25,19.4,18.95,19.1,1238,242,484,0,12,3.04,96.95,100.0
2026-06-04,2534,宏盛,17.85,18.05,17.65,18.05,600,103,-42,0,25,6.12,93.87,100.0
2026-06-04,2535,達欣工,81.6,81.6,80.2,80.2,255,49,79,0,4,6.62,93.37,100.0
2026-06-04,2536,宏普,20.2,20.25,20.05,20.1,244,38,-33,0,0,8.91,91.08,100.0
2026-06-04,2537,聯上發,10.05,10.15,9.99,10.05,1211,118,487,0,-4,2.38,97.61,100.0
2026-06-04,2538,基泰,10.1,10.1,9.98,9.98,520,53,-123,0,0,9.92,90.07,100.0
2026-06-04,2539,櫻花建,37.3,39.85,36.95,38.15,3232,1179,-701,20,4,1.79,98.2,100.0
2026-06-04,2540,愛山林,53.8,54.3,53.2,53.5,470,155,21,0,32,1.49,98.5,100.0
2026-06-04,2542,興富發,43.05,43.6,42.85,43.1,18332,2817,-10121,10106,-2,9.78,90.21,100.0
2026-06-04,2543,皇昌,45.8,46.75,45.45,46.1,1972,556,85,0,-10,1.14,98.85,100.0
2026-06-04,2545,皇翔,38.3,38.45,37.9,38.1,365,88,16,0,4,2.76,97.23,100.0
2026-06-04,2546,根基,86.6,87.9,86.6,87.7,101,7,20,0,0,3.5,96.49,100.0
2026-06-04,2547,日勝生,10.3,10.5,10.2,10.35,5402,2021,379,-6,36,12.9,87.09,100.0
2026-06-04,2548,華固,101.0,101.5,99.5,99.8,5803,711,-1291,-652,84,15.33,84.66,100.0
2026-06-04,2596,綠意,29.55,29.85,29.5,29.6,149,48,-12,0,0,0.66,99.33,100.0
2026-06-04,2597,潤弘,175.5,182.0,172.5,179.5,3319,1144,-770,1850,12,2.51,97.48,100.0
2026-06-04,2601,益航,6.15,6.2,6.0,6.08,6913,0,1477,0,-4,12.92,37.06,49.99
2026-06-04,2603,長榮,237.0,240.5,231.0,236.0,27370,6578,-10045,9564,9,19.53,30.45,49.99
2026-06-04,2605,新興,33.25,33.25,32.1,32.3,7633,2254,-2798,0,169,49.05,0.93,49.99
2026-06-04,2606,裕民,71.0,71.0,69.3,69.9,3598,960,-1179,19,92,15.18,34.8,49.99
2026-06-04,2607,榮運,49.7,49.85,49.25,49.3,575,122,-79,0,10,8.48,41.5,49.99
2026-06-04,2608,嘉里大榮,30.0,30.35,29.8,30.15,422,48,62,0,1,3.05,96.94,100.0
2026-06-04,2609,陽明,54.1,54.4,52.7,53.2,54851,16400,20265,-28976,279,16.76,33.22,49.99
2026-06-04,2610,華航,19.95,20.15,19.8,19.9,45086,11082,-1026,-196,42,12.67,37.31,49.99
2026-06-04,2611,志信,13.8,14.05,13.55,13.9,633,35,184,0,44,1.18,98.81,100.0
2026-06-04,2612,中航,56.6,56.6,55.5,55.7,536,72,-209,0,0,3.85,96.14,100.0
2026-06-04,2613,中櫃,22.8,22.8,22.2,22.3,315,85,31,0,1,1.38,31.94,33.33
2026-06-04,2614,東森,18.95,18.95,18.65,18.8,498,104,-104,0,-1,3.06,46.92,49.99
2026-06-04,2615,萬海,83.9,84.7,82.6,83.7,9334,2940,-767,-7,176,42.85,7.13,49.99
2026-06-04,2616,山隆,14.0,14.4,14.0,14.1,674,154,-215,0,0,1.96,98.03,100.0
2026-06-04,2617,台航,29.7,29.7,29.45,29.55,592,118,-159,0,1,8.68,41.3,49.99
2026-06-04,2618,長榮航,37.55,38.4,37.3,37.9,59159,12162,-17770,28363,361,19.63,30.35,49.99
2026-06-04,2630,亞航,42.75,42.8,42.1,42.15,691,162,-131,0,0,3.93,96.06,100.0
2026-06-04,2633,台灣高鐵,25.75,25.75,25.55,25.55,5390,808,-1558,139,18,7.54,41.44,48.99
2026-06-04,2634,漢翔,46.9,47.0,46.55,46.55,3553,521,-472,-1,11,2.71,7.28,10.0
2026-06-04,2636,台驊控股,70.1,70.9,69.8,70.4,596,71,244,0,1,9.72,90.27,100.0
2026-06-04,2637,慧洋-KY,78.2,79.8,77.2,78.1,8394,1580,3960,-2383,138,19.9,80.09,100.0
2026-06-04,2640,大車隊,158.0,159.0,157.0,158.0,16,1,1,0,0,4.71,95.28,100.0
2026-06-04,2641,正德,19.95,20.05,19.6,19.9,4714,672,-603,0,109,2.63,97.36,100.0
2026-06-04,2642,宅配通,20.5,21.2,20.5,20.8,226,33,8,0,0,5.23,94.76,100.0
2026-06-04,2643,捷迅,66.2,66.8,66.1,66.8,13,1,-1,0,0,1.44,98.55,100.0
2026-06-04,2644,中信造船,76.29,78.0,75.6,77.0,34,0,2,0,0,0.0,0.0,0.0
2026-06-04,2645,長榮航太,168.0,168.5,165.0,165.0,726,183,-62,1,-37,7.47,92.52,100.0
2026-06-04,2646,星宇航空,21.05,21.1,20.65,20.75,6118,1199,-488,0,-68,2.83,47.15,49.99
2026-06-04,2701,萬企,10.5,10.75,10.5,10.55,221,42,-35,0,-6,0.57,99.42,100.0
2026-06-04,2702,華園,13.65,13.8,13.5,13.5,57,12,-24,0,1,39.43,60.56,100.0
2026-06-04,2704,國賓,43.0,44.5,43.0,43.75,459,79,167,0,-6,9.82,90.17,100.0
2026-06-04,2705,六福,16.0,16.0,15.55,15.75,275,59,-75,0,2,1.38,98.61,100.0
2026-06-04,2706,第一店,12.2,12.4,12.2,12.35,197,4,30,0,0,2.69,97.3,100.0
2026-06-04,2707,晶華,177.0,180.5,177.0,180.0,491,46,145,0,1,5.96,94.03,100.0
2026-06-04,2712,遠雄來,15.1,15.55,15.1,15.55,11,0,5,0,0,0.32,99.67,100.0
2026-06-04,2718,晶悅,47.05,47.25,46.6,47.15,80,4,22,0,0,0.58,99.41,100.0
2026-06-04,2718,全心投控,47.05,47.25,46.6,47.15,80,4,22,0,0,0.58,99.41,100.0
2026-06-04,2719,燦星旅,25.4,26.5,25.3,26.0,50,9,-2,0,0,0.19,99.8,100.0
2026-06-04,2722,夏都,22.8,23.4,22.8,23.15,67,15,1,0,1,0.39,99.6,100.0
2026-06-04,2723,美食-KY,63.8,64.3,63.1,64.2,441,60,-44,0,0,46.1,53.89,100.0
2026-06-04,2724,富驛-KY,13.3,13.3,12.5,13.0,30,0,0,0,0,15.09,84.9,100.0
2026-06-04,2724,藝舍-KY,13.3,13.3,12.5,13.0,30,0,0,0,0,15.09,84.9,100.0
2026-06-04,2726,雅茗-KY,9.84,10.35,9.84,10.3,9,0,2,0,0,23.56,76.43,100.0
2026-06-04,2727,王品,240.0,244.5,240.0,242.5,639,70,240,0,9,27.87,72.12,100.0
2026-06-04,2729,瓦城,159.5,160.0,159.0,159.0,28,3,0,0,0,2.08,97.91,100.0
2026-06-04,2731,雄獅,172.0,178.0,171.0,175.0,3040,611,42,283,129,11.9,88.09,100.0
2026-06-04,2732,六角,64.2,64.5,64.2,64.4,24,1,2,0,0,4.37,95.62,100.0
2026-06-04,2733,維格餅家,10.55,10.9,10.4,10.9,18,0,0,0,0,0.0,0.0,0.0
2026-06-04,2734,易飛網,15.65,15.8,15.35,15.7,164,19,-34,0,0,3.86,96.13,100.0
2026-06-04,2736,富野,12.1,12.35,12.1,12.3,96,5,22,0,0,1.06,98.93,100.0
2026-06-04,2739,寒舍,36.05,36.5,35.9,36.3,160,17,-31,0,0,2.77,97.22,100.0
2026-06-04,2740,天蔥,34.0,34.0,29.75,30.0,52,0,0,0,0,1.66,98.33,100.0
2026-06-04,2740,華軒,34.0,34.0,29.75,30.0,52,0,0,0,0,1.66,98.33,100.0
2026-06-04,2741,老四川,20.35,20.8,20.4,20.8,12,0,0,0,0,0.0,0.0,0.0
2026-06-04,2743,山富,68.3,72.4,68.3,70.6,353,120,29,0,0,1.65,98.34,100.0
2026-06-04,2745,五福,103.5,109.5,103.5,108.0,842,140,72,0,5,1.8,98.19,100.0
2026-06-04,2748,雲品,39.75,40.5,39.6,40.45,398,26,40,0,1,1.19,98.8,100.0
2026-06-04,2751,王座,52.6,52.6,51.7,52.3,22,11,0,0,0,0.41,99.58,100.0
2026-06-04,2752,豆府,173.5,178.0,173.0,177.5,56,0,8,0,0,1.37,98.62,100.0
2026-06-04,2753,八方雲集,181.0,183.5,180.0,182.5,335,53,83,-1,0,3.51,96.48,100.0
2026-06-04,2754,亞洲藏壽司,68.8,69.6,67.8,68.2,21,4,-7,0,0,67.85,32.14,100.0
2026-06-04,2755,揚秦,135.5,137.5,135.0,137.5,45,4,13,0,0,1.18,98.81,100.0
2026-06-04,2756,聯發國際,59.9,60.4,59.0,60.2,36,8,7,0,0,1.27,98.72,100.0
2026-06-04,2758,路易莎咖啡,65.63,67.3,64.7,67.0,7,0,2,0,0,0.0,0.0,0.0
2026-06-04,2760,巨宇翔,20.7,20.25,20.0,20.25,6,0,0,0,0,0.0,0.0,0.0
2026-06-04,2761,橘焱胡同,15.5,15.55,15.55,15.55,1,0,0,0,0,0.0,0.0,0.0
2026-06-04,2762,世界健身-KY,85.5,86.5,84.9,85.7,117,8,22,0,0,82.7,17.29,100.0
2026-06-04,2801,彰銀,21.0,21.6,20.95,21.4,53337,6535,22466,-52,84,17.16,82.83,100.0
2026-06-04,2812,台中銀,19.35,19.65,19.25,19.4,29039,4915,1157,160,54,7.7,92.29,100.0
2026-06-04,2816,旺旺保,34.9,35.45,34.2,34.3,686,139,4,0,0,2.1,97.89,100.0
2026-06-04,2820,華票,17.2,17.35,17.15,17.15,3024,203,1707,0,8,9.04,90.95,100.0
2026-06-04,2832,台產,55.0,55.0,54.6,54.7,231,22,10,0,0,4.06,95.93,100.0
2026-06-04,2834,臺企銀,16.85,17.25,16.8,17.1,60212,4317,31853,-138,465,16.88,83.11,100.0
2026-06-04,2836,高雄銀,12.1,12.25,12.05,12.2,3792,1892,230,0,10,7.38,92.61,100.0
2026-06-04,2838,聯邦銀,21.1,21.45,21.1,21.35,2416,456,1060,-3,43,4.31,95.68,100.0
2026-06-04,2845,遠東銀,12.4,12.6,12.35,12.55,20317,3554,11157,-4,31,8.9,91.09,100.0
2026-06-04,2849,安泰銀,14.1,14.25,14.0,14.2,269,60,68,0,2,58.91,41.08,100.0
2026-06-04,2850,新產,145.5,147.0,144.5,145.0,498,137,131,-25,43,10.42,89.57,100.0
2026-06-04,2851,中再保,36.75,36.9,36.5,36.85,1280,104,605,0,-2,8.96,91.03,100.0
2026-06-04,2852,第一保,27.95,28.1,27.8,27.85,451,55,164,0,11,4.84,95.15,100.0
2026-06-04,2855,統一證,55.1,58.2,52.2,55.5,48881,18693,-16982,17276,0,12.0,87.99,100.0
2026-06-04,2867,三商壽,8.02,8.19,7.96,8.12,25609,4888,10416,0,3224,18.86,81.13,100.0
2026-06-04,2880,華南金,36.0,38.6,35.5,37.7,92745,30914,-25643,50923,-494,15.06,84.93,100.0
2026-06-04,2881,富邦金,113.5,114.0,112.0,114.0,55345,16177,19027,-20712,566,18.42,81.57,100.0
2026-06-04,2882,國泰金,96.3,96.3,91.8,94.4,54014,11445,25038,-19920,635,22.1,77.89,100.0
2026-06-04,2883,凱基金,26.9,28.15,26.0,27.4,526935,170093,-150842,215910,-745,29.41,70.58,100.0
2026-06-04,2884,玉山金,33.0,33.7,32.9,33.45,71753,12762,26986,631,172,30.84,69.15,100.0
2026-06-04,2885,元大金,63.8,65.2,63.0,63.9,33224,8802,6822,-4618,613,26.68,73.31,100.0
2026-06-04,2886,兆豐金,42.0,42.7,41.75,42.1,47559,10503,10266,720,483,21.51,78.48,100.0
2026-06-04,2887,台新新光金,28.3,29.4,28.0,28.55,246346,75446,-12975,71704,-1050,22.62,77.37,100.0
2026-06-04,2889,國票金,15.15,15.2,14.95,15.15,5669,1084,249,0,-141,8.52,91.47,100.0
2026-06-04,2890,永豐金,32.85,33.3,32.45,33.15,54394,10003,21935,739,804,28.91,71.08,100.0
2026-06-04,2891,中信金,68.0,69.2,66.0,68.0,97008,27258,-2791,-3299,1577,34.32,65.67,100.0
2026-06-04,2892,第一金,29.0,29.65,28.85,29.55,89347,11298,31430,948,602,25.2,74.79,100.0
2026-06-04,2897,王道銀行,10.2,10.35,10.2,10.35,7362,526,4560,0,15,7.34,92.65,100.0
2026-06-04,2901,欣欣,23.9,23.9,23.0,23.5,58,17,7,0,3,0.34,99.65,100.0
2026-06-04,2903,遠百,22.6,23.0,22.6,22.95,4040,405,995,-74,51,7.67,92.32,100.0
2026-06-04,2904,匯僑,14.3,14.4,14.25,14.35,54,6,6,0,0,0.72,99.27,100.0
2026-06-04,2905,三商,14.35,14.55,14.25,14.35,750,148,-180,0,18,3.69,96.3,100.0
2026-06-04,2906,高林,12.7,12.75,12.65,12.7,232,6,59,0,1,1.72,98.27,100.0
2026-06-04,2908,特力,21.7,21.75,21.55,21.65,253,20,37,0,0,1.73,98.26,100.0
2026-06-04,2910,統領,22.2,22.2,22.2,22.2,2,0,0,0,0,0.28,99.71,100.0
2026-06-04,2911,麗嬰房,8.37,8.37,8.2,8.22,255,0,27,0,1,20.94,79.05,100.0
2026-06-04,2912,統一超,236.5,250.0,234.0,246.0,13468,3974,-1900,7623,-40,14.8,85.19,100.0
2026-06-04,2913,農林,11.55,11.8,11.4,11.5,7987,2053,-1799,0,25,5.35,94.64,100.0
2026-06-04,2915,潤泰全,47.65,49.05,47.45,48.9,5126,722,-483,0,11,5.07,94.92,100.0
2026-06-04,2916,滿心,43.35,43.7,43.3,43.4,74,5,-2,0,0,21.2,78.79,100.0
2026-06-04,2923,鼎固-KY,25.0,25.9,24.4,25.9,55,0,24,0,-5,99.42,0.57,100.0
2026-06-04,2924,宏太-KY,15.7,17.25,15.65,17.25,38,0,2,0,0,66.79,33.2,100.0
2026-06-04,2926,誠品生活,34.55,34.9,34.05,34.9,12,5,0,0,0,1.13,98.86,100.0
2026-06-04,2929,淘帝-KY,6.18,6.37,6.13,6.13,382,76,-78,0,0,17.23,82.76,100.0
2026-06-04,2937,集雅社,0.0,0.0,0.0,0.0,0,0,0,0,0,0.08,99.91,100.0
2026-06-04,2938,床的世界,22.17,22.55,22.4,22.55,10,0,1,0,0,0.0,0.0,0.0
2026-06-04,2939,永邑-KY,21.05,21.65,20.65,20.85,16,6,5,0,0,19.74,80.25,100.0
2026-06-04,2940,歐都納,24.2,24.6,24.6,24.6,0,0,0,0,0,0.0,0.0,0.0
2026-06-04,2941,米斯特,30.5,30.6,30.5,30.5,5,0,0,0,0,0.49,99.5,100.0
2026-06-04,2942,京站,37.62,38.0,37.0,37.55,9,0,0,0,0,0.0,0.0,0.0
2026-06-04,2945,三商家購,42.1,42.1,41.05,42.0,21,0,2,0,-1,0.41,99.58,100.0
2026-06-04,2947,振宇五金,77.7,77.8,77.7,77.8,9,0,0,0,0,0.09,99.9,100.0
2026-06-04,2948,寶陞,37.2,37.9,37.2,37.9,2,0,0,0,0,0.01,99.98,100.0
2026-06-04,2949,欣新網,64.0,64.0,63.7,64.0,15,0,0,0,0,0.02,99.97,100.0
2026-06-04,3002,歐格,19.75,20.5,19.75,19.9,817,293,71,0,-1,2.39,97.6,100.0
2026-06-04,3003,健和興,62.5,63.3,61.5,62.5,707,203,-88,0,0,3.75,96.24,100.0
2026-06-04,3004,豐達科,125.5,128.5,122.0,127.0,779,193,133,0,1,3.05,96.94,100.0
2026-06-04,3005,神基,109.0,111.0,108.0,110.0,5924,1441,1256,-1,-44,11.47,88.52,100.0
2026-06-04,3006,晶豪科,257.0,265.5,244.5,245.0,23201,12716,-2926,0,-216,31.9,68.09,100.0
2026-06-04,3008,大立光,3940.0,3995.0,3785.0,3825.0,2589,982,-12,23,-23,33.64,66.35,100.0
2026-06-04,3010,華立,142.0,143.0,138.5,140.5,829,216,-57,-34,6,18.48,81.51,100.0
2026-06-04,3011,今皓,14.8,15.3,14.5,15.2,3056,1178,92,0,0,5.51,94.48,100.0
2026-06-04,3013,晟銘電,131.0,132.0,128.0,129.5,5624,1753,-395,0,-41,3.94,96.05,100.0
2026-06-04,3014,聯陽,150.0,151.0,149.0,150.5,1066,163,104,2,-1,22.83,77.16,100.0
2026-06-04,3015,全漢,57.1,62.7,57.1,62.7,11744,5083,-874,44,102,8.8,91.19,100.0
2026-06-04,3016,嘉晶,113.5,114.5,109.0,110.5,4569,1484,973,0,8,4.9,95.09,100.0
2026-06-04,3017,奇鋐,2805.0,2820.0,2675.0,2710.0,4446,1303,-1164,111,-83,52.87,47.12,100.0
2026-06-04,3018,隆銘綠能,9.97,10.7,9.97,10.7,37,0,0,0,0,0.22,99.77,100.0
2026-06-04,3019,亞光,151.0,155.0,145.5,152.0,9312,4881,53,0,242,6.9,93.09,100.0
2026-06-04,3021,鴻名,39.0,39.0,36.0,36.0,1347,0,29,0,0,3.81,96.18,100.0
2026-06-04,3022,威強電,76.8,76.9,75.6,76.0,762,86,261,0,-22,16.6,83.39,100.0
2026-06-04,3023,信邦,318.5,318.5,310.5,312.5,661,168,-19,19,-13,45.74,54.25,100.0
2026-06-04,3024,憶聲,13.7,14.0,13.6,13.8,2461,986,-2,0,6,3.3,96.69,100.0
2026-06-04,3025,星通,72.2,73.1,70.1,70.1,788,147,-304,0,2,7.09,92.9,100.0
2026-06-04,3026,禾伸堂,600.0,632.0,600.0,622.0,1120,0,312,8,-168,17.13,82.86,100.0
2026-06-04,3027,盛達,23.25,24.25,23.25,24.25,7149,2431,328,0,-95,2.36,97.63,100.0
2026-06-04,3028,增你強,83.5,86.0,83.5,83.7,3531,1510,810,-6,0,12.9,87.09,100.0
2026-06-04,3029,零壹,110.5,112.0,108.0,110.0,2441,868,-103,-3,-16,3.13,96.86,100.0
2026-06-04,3030,德律,370.0,377.0,363.0,365.0,2882,1130,-270,0,-22,12.46,87.53,100.0
2026-06-04,3031,佰鴻,32.3,32.4,31.4,31.8,1524,579,-247,0,1,2.91,97.08,100.0
2026-06-04,3032,偉訓,92.0,92.3,89.4,90.0,1395,356,-356,0,14,1.39,98.6,100.0
2026-06-04,3033,威健,49.5,50.8,48.8,50.0,10680,3479,371,-9,-206,21.72,78.27,100.0
2026-06-04,3034,聯詠,502.0,502.0,489.0,489.0,4171,1012,-342,-81,-95,36.35,63.64,100.0
2026-06-04,3035,智原,200.5,201.0,191.5,191.5,12281,3870,838,0,-307,7.87,92.12,100.0
2026-06-04,3036,文曄,290.0,291.5,277.5,282.0,14366,3722,4654,-6854,-26,23.36,76.61,100.0
2026-06-04,3037,欣興,977.0,1005.0,970.0,971.0,13760,5701,183,40,-230,38.67,61.32,100.0
2026-06-04,3038,全台,25.05,25.4,24.7,25.15,991,206,27,0,1,9.19,90.8,100.0
2026-06-04,3040,遠見,38.85,39.7,38.85,39.15,195,40,16,0,0,0.7,99.29,100.0
2026-06-04,3041,揚智,26.35,26.35,25.2,25.3,1590,209,-747,0,0,5.67,94.32,100.0
2026-06-04,3042,晶技,210.0,220.0,204.5,208.0,14603,7957,-1263,18,-114,18.78,81.21,100.0
2026-06-04,3043,科風,21.85,24.2,21.8,24.2,1184,213,141,0,6,2.26,97.73,100.0
2026-06-04,3044,健鼎,507.0,514.0,501.0,512.0,2666,767,688,-579,5,48.72,51.27,100.0
2026-06-04,3045,台灣大,116.0,117.0,115.5,116.0,7908,1945,2891,-131,-48,13.73,32.81,46.55
2026-06-04,3046,建碁,61.8,61.9,60.0,60.1,1008,195,30,0,4,4.37,95.62,100.0
2026-06-04,3047,訊舟,16.8,16.8,16.2,16.35,2551,642,169,0,-7,3.44,96.55,100.0
2026-06-04,3048,益登,68.7,70.9,67.8,67.8,8914,4624,132,0,-15,8.06,91.93,100.0
2026-06-04,3049,精金,16.15,17.35,16.0,17.3,71328,0,3909,0,-465,3.63,96.36,100.0
2026-06-04,3050,鈺德,13.9,14.15,13.6,13.6,2495,1013,409,0,-7,8.28,91.71,100.0
2026-06-04,3051,力特,30.1,30.8,29.25,29.3,4718,1870,-82,0,6,1.83,98.16,100.0
2026-06-04,3052,夆典,10.95,11.0,10.8,10.9,524,47,83,0,0,1.84,98.15,100.0
2026-06-04,3054,立萬利,83.6,83.6,83.6,83.6,598,0,-17,0,7,0.55,99.44,100.0
2026-06-04,3055,蔚華科,100.0,105.5,99.5,103.5,1590,561,-176,0,0,2.16,97.83,100.0
2026-06-04,3056,富華新,14.05,14.55,13.9,14.5,3766,999,-869,0,3,4.0,95.99,100.0
2026-06-04,3057,喬鼎,22.9,24.1,22.5,23.55,921,0,52,0,2,3.66,96.33,100.0
2026-06-04,3058,立德,10.15,11.0,9.96,10.5,4881,0,1259,0,-1,2.93,97.06,100.0
2026-06-04,3059,華晶科,50.1,51.7,48.05,50.8,22028,9231,133,0,185,8.33,91.66,100.0
2026-06-04,3060,銘異,33.5,34.35,31.7,31.95,5785,1996,303,0,0,10.54,89.45,100.0
2026-06-04,3062,建漢,30.7,30.95,29.55,29.55,8407,2612,-541,0,-94,13.66,86.33,100.0
2026-06-04,3064,泰偉,18.45,18.6,18.45,18.6,3,0,0,0,0,0.12,99.87,100.0
2026-06-04,3066,李洲,22.2,23.95,22.2,23.95,1925,490,394,0,7,2.68,97.31,100.0
2026-06-04,3067,全域,19.3,19.3,18.75,19.3,7,0,0,0,0,0.02,99.97,100.0
2026-06-04,3071,協禧,33.85,33.85,32.05,33.65,1375,514,-87,0,0,3.83,96.16,100.0
2026-06-04,3073,天方能源,23.7,24.8,23.65,24.8,420,53,180,0,2,2.7,97.29,100.0
2026-06-04,3078,僑威,58.9,58.9,58.1,58.6,859,181,-166,-1,1,12.75,87.24,100.0
2026-06-04,3081,聯亞,2700.0,2755.0,2560.0,2580.0,3184,1414,-458,67,-163,21.41,78.58,100.0
2026-06-04,3083,網龍,28.45,29.4,28.3,28.85,453,93,25,0,0,1.15,98.84,100.0
2026-06-04,3085,新零售,12.75,13.0,12.75,12.85,40,0,0,0,0,5.69,94.3,100.0
2026-06-04,3086,華義*,39.75,40.0,37.65,37.65,1146,319,-187,0,-3,40.04,59.95,100.0
2026-06-04,3088,艾訊,140.0,141.5,138.0,139.0,1137,347,210,6,0,15.72,84.27,100.0
2026-06-04,3090,日電貿,210.0,221.0,208.5,221.0,2284,0,299,-175,-26,13.16,86.83,100.0
2026-06-04,3092,鴻碩,30.9,31.95,30.15,30.85,981,388,-82,0,0,1.41,98.58,100.0
2026-06-04,3093,港建*,56.1,61.7,56.1,61.7,6183,2368,696,0,4,68.45,31.54,100.0
2026-06-04,3094,聯傑,32.7,33.1,32.4,32.7,928,265,118,0,6,2.96,97.03,100.0
2026-06-04,3095,及成,42.3,43.2,41.2,42.8,42,10,5,0,0,3.6,96.39,100.0
2026-06-04,3097,拍檔,26.44,27.0,26.1,27.0,32,0,0,0,0,0.0,0.0,0.0
2026-06-04,3105,穩懋,515.0,533.0,486.0,487.5,28501,16022,-4438,-141,-908,20.4,79.59,100.0
2026-06-04,3114,好德,40.55,40.6,40.3,40.6,3785,896,204,0,12,1.61,98.38,100.0
2026-06-04,3115,富榮綱,9.31,9.5,9.26,9.48,21,0,-1,0,0,1.83,98.16,100.0
2026-06-04,3117,年程,27.32,28.5,27.35,28.0,71,0,-4,0,0,0.0,0.0,0.0
2026-06-04,3118,進階,33.5,33.6,33.5,33.55,152,2,0,0,0,0.36,99.63,100.0
2026-06-04,3122,笙泉,31.8,31.8,30.85,31.15,278,0,-42,0,0,2.91,97.08,100.0
2026-06-04,3128,昇銳,25.05,27.6,24.9,25.4,2130,1147,-188,0,0,1.01,98.98,100.0
2026-06-04,3130,一零四,221.5,222.0,220.5,222.0,50,3,-1,0,0,20.6,79.39,100.0
2026-06-04,3131,弘塑,3150.0,3300.0,3100.0,3210.0,491,190,-64,0,0,34.98,65.01,100.0
2026-06-04,3135,凌航,238.5,249.0,238.0,240.5,5198,2418,59,0,-3,5.48,94.51,100.0
2026-06-04,3138,耀登,167.0,167.5,162.0,163.0,646,181,-146,0,-2,2.37,97.62,100.0
2026-06-04,3141,晶宏,77.8,80.0,75.3,75.9,2007,1025,50,0,-3,8.05,91.94,100.0
2026-06-04,3147,大綜,245.0,266.5,244.5,266.5,2049,494,264,0,65,4.68,95.31,100.0
2026-06-04,3149,正達,90.0,96.5,89.6,91.0,42746,28697,-2299,0,43,5.48,94.51,100.0
2026-06-04,3150,鈺寶-創,20.05,20.15,19.9,19.9,31,1,8,0,4,0.96,99.03,100.0
2026-06-04,3152,璟德,182.0,185.5,180.0,181.0,574,164,-19,0,-19,18.99,81.0,100.0
2026-06-04,3158,嘉實,83.8,84.1,83.8,84.1,7,0,0,0,0,1.39,98.6,100.0
2026-06-04,3162,精確,82.7,84.2,80.9,82.6,1879,550,64,0,14,46.59,53.4,100.0
2026-06-04,3163,波若威,1005.0,1035.0,990.0,990.0,3973,1469,-576,0,-124,13.69,86.3,100.0
2026-06-04,3164,景岳,16.5,16.65,16.4,16.55,68,5,-7,0,0,0.69,99.3,100.0
2026-06-04,3167,大量,950.0,950.0,901.0,901.0,652,0,111,0,-10,10.36,89.63,100.0
2026-06-04,3168,眾福科,49.0,49.15,48.6,48.8,42,6,1,0,2,1.26,98.73,100.0
2026-06-04,3169,亞信,117.0,118.0,114.0,114.5,491,79,-29,0,-13,3.71,96.28,100.0
2026-06-04,3171,新洲,72.4,72.5,71.4,71.7,14,0,7,0,0,0.98,99.01,100.0
2026-06-04,3171,炎洲流通,72.4,72.5,71.4,71.7,14,0,7,0,0,0.98,99.01,100.0
2026-06-04,3176,基亞,33.65,33.75,32.3,33.3,1174,441,-137,0,0,4.47,95.52,100.0
2026-06-04,3178,公準,71.9,72.6,69.5,69.6,213,84,-4,0,0,1.92,98.07,100.0
2026-06-04,3184,微邦,24.26,24.05,22.05,24.05,541,0,-23,0,0,0.0,0.0,0.0
2026-06-04,3188,鑫龍騰,23.25,23.65,23.05,23.35,434,24,-222,0,0,1.56,98.43,100.0
2026-06-04,3189,景碩,706.0,720.0,681.0,692.0,6144,0,-602,-890,-555,23.2,76.79,100.0
2026-06-04,3191,雲嘉南,20.0,21.9,20.0,21.45,382,0,-1,0,0,0.1,99.89,100.0
2026-06-04,3205,佰研,52.0,56.4,51.6,56.2,625,163,19,0,-5,1.14,98.85,100.0
2026-06-04,3206,志豐,39.1,39.1,38.6,38.6,105,13,-3,0,0,2.54,97.45,100.0
2026-06-04,3207,耀勝,70.3,70.6,68.0,68.5,1056,279,-55,0,0,2.01,97.98,100.0
2026-06-04,3209,全科,77.3,78.4,76.2,77.0,2195,742,-105,0,-1,19.65,80.34,100.0
2026-06-04,3211,順達,454.0,470.0,452.5,454.0,18588,9886,1534,-692,-133,26.4,73.59,100.0
2026-06-04,3213,茂訊,127.0,129.0,125.0,126.5,828,193,-88,0,0,8.26,91.73,100.0
2026-06-04,3217,優群,192.5,192.5,189.0,190.5,657,127,61,0,-26,10.46,89.53,100.0
2026-06-04,3218,大學光,137.0,137.5,135.0,135.5,260,32,62,-2,0,6.13,93.86,100.0
2026-06-04,3219,倚強股份,80.0,80.3,79.0,79.0,213,47,-28,0,0,1.06,98.93,100.0
2026-06-04,3219,倚強科,80.0,80.3,79.0,79.0,213,47,-28,0,0,1.06,98.93,100.0
2026-06-04,3221,台嘉碩,58.3,61.0,55.0,55.3,12162,5471,-471,0,-77,6.0,93.99,100.0
2026-06-04,3224,三顧,38.5,39.0,38.4,38.6,53,7,-4,0,0,0.84,99.15,100.0
2026-06-04,3226,龍鋒,47.5,48.0,47.0,47.75,11,0,-1,0,0,0.05,99.94,100.0
2026-06-04,3227,原相,232.5,232.5,227.0,228.0,1667,317,-390,5,-10,21.48,78.51,100.0
2026-06-04,3228,金麗科,190.0,192.0,185.5,185.5,533,0,40,0,-51,7.31,92.68,100.0
2026-06-04,3229,晟鈦,46.8,47.75,46.5,46.5,540,0,-85,0,1,1.46,98.53,100.0
2026-06-04,3230,錦明,30.85,31.05,30.4,30.75,292,75,12,0,0,2.14,97.85,100.0
2026-06-04,3231,緯創,188.0,189.0,176.0,176.0,128624,40354,-43098,962,-1180,31.94,68.05,100.0
2026-06-04,3232,昱捷,22.95,23.4,22.9,23.0,136,39,0,0,0,7.91,92.08,100.0
2026-06-04,3234,光環,140.0,142.0,131.0,136.5,6358,0,947,0,-87,9.33,90.66,100.0
2026-06-04,3236,千如,52.1,52.8,51.2,51.5,1395,0,129,0,8,18.59,81.4,100.0
2026-06-04,3252,海灣,18.05,18.7,18.0,18.1,36,6,-2,0,0,2.29,97.7,100.0
2026-06-04,3257,虹冠電,61.5,63.2,61.4,62.3,471,127,-59,0,0,0.78,99.21,100.0
2026-06-04,3259,鑫創,18.5,18.5,17.6,17.75,64,0,-22,0,0,10.91,89.08,100.0
2026-06-04,3260,威剛,457.0,476.0,451.5,458.0,23101,13260,2450,14,-192,18.56,81.43,100.0
2026-06-04,3264,欣銓,230.0,241.0,227.0,236.5,12829,5845,2691,15,-20,33.8,66.19,100.0
2026-06-04,3265,台星科,189.0,194.0,187.5,193.0,2188,920,357,48,-27,9.3,90.69,100.0
2026-06-04,3266,昇陽,12.95,12.95,12.6,12.75,138,10,-8,0,-3,8.29,91.7,100.0
2026-06-04,3268,海德威,21.95,22.5,20.0,20.85,1638,732,-124,0,0,0.78,99.21,100.0
2026-06-04,3272,東碩,18.05,18.05,17.1,17.2,164,49,5,0,0,0.63,99.36,100.0
2026-06-04,3276,宇環,15.0,15.2,14.75,14.9,184,24,-22,0,0,0.73,99.26,100.0
2026-06-04,3284,太普高,18.1,19.1,18.1,19.1,2893,932,113,0,0,1.1,98.89,100.0
2026-06-04,3285,微端,31.0,33.25,30.8,33.25,262,34,1,0,0,12.96,87.03,100.0
2026-06-04,3287,廣寰科,36.35,37.5,35.8,37.35,340,62,-15,0,0,1.29,98.7,100.0
2026-06-04,3288,點晶,24.25,24.25,24.25,24.25,245,0,34,0,-93,0.34,99.65,100.0
2026-06-04,3289,宜特,178.0,184.0,174.5,179.0,6523,2452,-948,0,104,6.41,93.58,100.0
2026-06-04,3290,東浦,49.15,50.3,48.85,50.1,2574,620,524,0,-233,7.43,92.56,100.0
2026-06-04,3293,鈊象,788.0,809.0,781.0,800.0,4283,886,-1137,1545,86,21.27,78.72,100.0
2026-06-04,3294,英濟,40.75,41.1,39.2,39.4,1510,517,-140,0,-10,7.19,92.8,100.0
2026-06-04,3296,勝德,22.2,23.0,22.15,22.7,116,16,-5,0,0,2.2,97.79,100.0
2026-06-04,3297,杭特,33.6,36.95,32.85,34.9,1297,766,-19,0,0,2.8,97.19,100.0
2026-06-04,3303,岱稜,50.4,50.7,50.1,50.4,508,105,14,0,0,4.5,95.49,100.0
2026-06-04,3305,昇貿,160.0,162.0,157.5,160.0,4169,1889,-112,0,-114,7.74,92.25,100.0
2026-06-04,3306,鼎天,50.1,50.1,48.3,48.75,358,159,-42,0,0,2.96,97.03,100.0
2026-06-04,3308,聯德,21.75,23.95,21.0,23.95,1070,183,195,0,10,1.32,98.67,100.0
2026-06-04,3310,佳穎,72.0,73.5,71.9,72.1,975,17,-7,0,0,0.32,99.67,100.0
2026-06-04,3311,閎暉,37.95,40.8,37.5,40.15,2904,1014,484,0,0,2.12,97.87,100.0
2026-06-04,3312,弘憶股,73.2,73.2,71.1,73.2,12490,881,1169,0,-726,4.19,95.8,100.0
2026-06-04,3313,斐成,11.25,11.35,11.15,11.3,122,0,-2,0,0,4.74,95.25,100.0
2026-06-04,3317,尼克森,81.0,82.6,80.5,80.8,2165,800,489,0,-1,11.12,88.87,100.0
2026-06-04,3321,同泰,19.85,20.65,19.85,20.5,1130,0,378,0,-30,2.59,97.4,100.0
2026-06-04,3322,建舜電,14.65,14.9,14.4,14.55,1568,503,144,0,0,3.17,96.82,100.0
2026-06-04,3323,加百裕,39.6,41.3,38.9,38.9,5746,3488,-133,0,9,6.83,93.16,100.0
2026-06-04,3324,雙鴻,1265.0,1295.0,1180.0,1185.0,7020,3169,-448,0,-135,26.9,73.09,100.0
2026-06-04,3325,旭品,14.6,14.6,13.9,13.9,1416,0,-244,0,-1,0.62,99.37,100.0
2026-06-04,3332,幸康,66.7,72.6,66.7,72.6,354,58,31,0,0,0.96,99.03,100.0
2026-06-04,3338,泰碩,85.8,85.8,81.5,81.5,3144,1040,-13,0,-2,4.18,95.81,100.0
2026-06-04,3339,泰谷,50.7,55.3,50.5,50.5,4685,1991,-593,0,0,2.98,97.01,100.0
2026-06-04,3346,麗清,25.0,25.55,24.35,25.55,4170,0,-34,0,33,3.06,96.93,100.0
2026-06-04,3349,寶德,17.7,17.9,17.7,17.75,15,0,2,0,0,2.44,97.55,100.0
2026-06-04,3354,律勝,32.55,32.7,31.1,31.1,712,118,-219,0,0,1.52,98.47,100.0
2026-06-04,3356,奇偶,57.3,59.5,57.1,58.9,1385,185,274,0,-15,7.55,92.44,100.0
2026-06-04,3357,臺慶科,278.0,283.5,270.0,270.5,2433,956,508,0,-11,15.75,84.24,100.0
2026-06-04,3360,尚立,14.85,15.0,14.65,14.85,407,47,-32,0,0,2.05,97.94,100.0
2026-06-04,3362,先進光,144.0,144.0,143.5,144.0,1886,22,-1,0,45,4.96,95.03,100.0
2026-06-04,3363,上詮,860.0,884.0,840.0,840.0,4597,2208,153,0,-155,17.97,82.02,100.0
2026-06-04,3372,典範,21.9,23.7,21.9,22.9,3683,0,-99,0,-14,3.5,96.49,100.0
2026-06-04,3373,熱映,16.95,17.4,16.8,17.05,208,44,11,0,0,2.04,97.95,100.0
2026-06-04,3374,精材,270.0,270.0,250.0,254.0,18162,5274,-6133,0,-763,10.52,89.47,100.0
2026-06-04,3376,新日興,227.5,227.5,213.5,215.5,6456,2590,-1435,13,-320,24.48,75.51,100.0
2026-06-04,3379,彬台,40.0,40.0,38.9,39.0,219,30,9,0,0,1.34,98.65,100.0
2026-06-04,3380,明泰,40.7,40.75,38.9,39.0,6235,2145,-60,0,94,7.2,92.79,100.0
2026-06-04,3388,崇越電,100.5,101.0,98.2,100.0,768,261,-76,0,-8,6.9,93.09,100.0
2026-06-04,3390,旭軟,28.05,28.1,27.55,27.7,735,161,-139,0,0,3.84,96.15,100.0
2026-06-04,3402,漢科,145.0,148.5,143.0,146.0,1037,331,-24,0,-1,3.9,96.09,100.0
2026-06-04,3406,玉晶光,612.0,665.0,603.0,659.0,4607,1409,674,-8,112,45.47,54.52,100.0
2026-06-04,3413,京鼎,319.0,328.0,318.0,322.0,2700,661,1057,0,32,19.38,80.61,100.0
2026-06-04,3416,融程電,182.5,182.5,178.5,180.0,305,73,6,0,0,2.94,97.05,100.0
2026-06-04,3419,譁裕,14.55,14.75,14.2,14.3,414,0,-6,0,0,2.13,97.86,100.0
2026-06-04,3430,奇鈦科,147.5,153.0,145.0,146.5,1008,528,-46,0,0,2.42,97.57,100.0
2026-06-04,3432,台端,18.8,18.8,18.45,18.5,48,0,3,0,0,3.04,96.95,100.0
2026-06-04,3434,哲固,35.5,38.05,34.35,35.0,1638,845,-66,0,0,1.42,98.57,100.0
2026-06-04,3437,榮創,24.3,24.6,23.6,23.85,1513,345,-477,0,3,4.73,95.26,100.0
2026-06-04,3438,類比科,75.2,75.5,72.8,72.9,421,85,-72,0,0,2.33,97.66,100.0
2026-06-04,3441,聯一光,51.6,55.5,50.0,54.8,2168,681,402,0,0,3.27,96.72,100.0
2026-06-04,3443,創意,4550.0,4690.0,4400.0,4400.0,1429,441,111,8,-32,29.32,70.67,100.0
2026-06-04,3444,利機,101.0,105.5,95.0,104.0,1821,805,-4,0,0,11.14,88.85,100.0
2026-06-04,3447,展達,42.2,42.3,40.4,40.5,410,100,-83,0,1,1.22,98.77,100.0
2026-06-04,3450,聯鈞,531.0,557.0,520.0,520.0,10203,5567,163,-6,-126,20.54,79.45,100.0
2026-06-04,3455,由田,226.0,232.5,222.5,225.0,1194,405,134,0,0,17.79,82.2,100.0
2026-06-04,3465,進泰電子,33.05,33.5,31.8,31.9,67,17,-9,0,0,5.01,94.98,100.0
2026-06-04,3466,德晉,32.5,33.45,32.3,32.85,462,138,-20,0,0,9.92,90.07,100.0
2026-06-04,3467,台灣精材,71.5,72.2,68.3,68.7,397,51,-82,0,0,2.38,97.61,100.0
2026-06-04,3473,智通聯網,89.72,90.3,89.4,90.3,22,0,0,0,0,0.0,0.0,0.0
2026-06-04,3479,安勤,128.5,130.0,127.0,129.0,1148,307,124,0,44,6.19,93.8,100.0
2026-06-04,3481,群創,56.9,57.0,55.2,55.8,170430,0,-7769,196,-2433,23.52,76.47,100.0
2026-06-04,3483,力致,113.0,113.5,105.5,107.0,7972,3681,-1007,0,-56,10.18,89.81,100.0
2026-06-04,3484,崧騰,45.0,45.2,44.7,45.0,382,23,62,0,0,7.45,92.54,100.0
2026-06-04,3485,敘豐,366.0,388.0,366.0,368.0,523,0,-11,0,0,0.59,99.4,100.0
2026-06-04,3489,森寶,21.8,22.15,21.65,21.95,231,23,32,0,0,0.33,99.66,100.0
2026-06-04,3490,單井,38.2,38.5,37.6,37.7,1074,288,-161,0,0,4.51,95.48,100.0
2026-06-04,3491,昇達科,1900.0,1970.0,1900.0,1950.0,683,0,-147,1,-17,34.48,65.51,100.0
2026-06-04,3492,長盛,23.3,23.3,23.05,23.1,37,2,1,0,0,0.57,99.42,100.0
2026-06-04,3494,誠研,8.3,8.3,8.06,8.12,174,0,44,0,1,1.92,98.07,100.0
2026-06-04,3498,陽程,137.0,143.0,126.0,132.5,3096,1375,-482,0,-40,13.93,86.06,100.0
2026-06-04,3499,環天科,15.6,15.65,15.2,15.25,148,0,-12,0,0,0.72,99.27,100.0
2026-06-04,3501,維熹,42.5,43.05,42.35,42.75,289,75,14,0,12,3.29,96.7,100.0
2026-06-04,3504,揚明光,83.0,83.6,79.9,80.5,1877,699,-254,0,-1,3.08,96.91,100.0
2026-06-04,3508,位速,20.0,20.7,19.75,19.75,277,0,-31,0,0,0.83,99.16,100.0
2026-06-04,3511,矽瑪,27.95,28.5,26.3,27.0,6682,2420,-453,0,-329,2.41,97.58,100.0
2026-06-04,3512,皇龍,20.25,21.2,20.2,20.8,157,24,-17,0,0,0.45,99.54,100.0
2026-06-04,3515,華擎,256.5,258.0,249.0,249.0,1203,310,-101,0,-40,7.81,92.18,100.0
2026-06-04,3516,亞帝歐,23.3,23.5,23.1,23.2,93,9,8,0,9,0.52,99.47,100.0
2026-06-04,3518,柏騰,33.2,33.45,32.0,32.05,880,215,-189,0,-1,7.54,92.45,100.0
2026-06-04,3520,華盈,15.0,16.05,14.85,15.5,972,268,208,0,0,1.62,98.37,100.0
2026-06-04,3521,鴻翊,12.0,13.1,12.0,12.35,588,165,0,0,0,0.33,99.66,100.0
2026-06-04,3521,台鋼建設,12.0,13.1,12.0,12.35,588,165,0,0,0,0.33,99.66,100.0
2026-06-04,3522,御頂,11.45,11.6,11.15,11.6,118,0,13,0,-4,0.27,99.72,100.0
2026-06-04,3522,御嵿,11.45,11.6,11.15,11.6,118,0,13,0,-4,0.27,99.72,100.0
2026-06-04,3523,迎輝,23.25,23.25,23.25,23.25,129,0,-6,0,0,0.08,99.91,100.0
2026-06-04,3526,凡甲,385.0,389.5,375.0,388.5,740,280,-81,-2,-2,20.18,79.81,100.0
2026-06-04,3527,聚積,61.1,61.1,59.2,59.3,144,17,-55,0,0,7.9,92.09,100.0
2026-06-04,3528,安馳,137.0,142.5,137.0,140.0,902,0,5,0,1,6.16,93.83,100.0
2026-06-04,3529,力旺,3510.0,3625.0,3470.0,3545.0,870,307,-61,-121,0,64.6,35.39,100.0
2026-06-04,3530,晶相光,68.2,68.4,66.5,66.6,265,68,-114,0,0,41.34,58.65,100.0
2026-06-04,3531,先益,0.0,0.0,0.0,0.0,0,0,0,0,0,19.26,80.73,100.0
2026-06-04,3532,台勝科,308.0,310.0,290.0,291.0,843,0,23,-30,107,44.08,55.91,100.0
2026-06-04,3533,嘉澤,2555.0,2555.0,2380.0,2400.0,2460,379,484,-317,7,45.68,54.31,100.0
2026-06-04,3535,晶彩科,136.5,141.0,134.5,137.0,7800,3868,-443,0,-29,3.64,96.35,100.0
2026-06-04,3537,堡達,77.5,80.5,75.4,76.0,3125,1506,295,0,0,5.29,94.7,100.0
2026-06-04,3540,曜越,28.65,29.45,27.6,27.7,897,317,-26,0,0,2.72,97.27,100.0
2026-06-04,3541,西柏,22.4,22.8,22.1,22.7,101,20,13,0,0,0.91,99.08,100.0
2026-06-04,3543,州巧,36.4,37.8,35.45,35.45,815,226,-381,0,0,6.55,93.44,100.0
2026-06-04,3545,敦泰,59.0,59.0,56.2,56.2,2276,395,-856,0,-48,13.61,86.38,100.0
2026-06-04,3546,宇峻,82.9,83.1,82.1,82.7,279,56,41,0,-1,8.32,91.67,100.0
2026-06-04,3548,兆利,98.5,98.5,94.2,95.4,634,197,-209,0,-2,4.22,95.77,100.0
2026-06-04,3550,聯穎,21.55,23.95,21.2,23.95,10932,3742,2245,0,6,8.58,91.41,100.0
2026-06-04,3551,世禾,210.0,212.0,206.0,206.0,846,160,-172,0,-27,5.81,94.18,100.0
2026-06-04,3552,同致,55.4,55.7,54.5,54.8,281,59,-42,0,0,10.05,89.94,100.0
2026-06-04,3555,博士旺,212.5,233.0,212.5,233.0,322,59,45,0,2,1.73,98.26,100.0
2026-06-04,3556,禾瑞亞,75.0,75.0,72.8,72.8,1080,0,51,0,0,5.61,94.38,100.0
2026-06-04,3557,嘉威,24.7,25.5,24.3,24.4,82,17,-11,0,3,1.88,98.11,100.0
2026-06-04,3558,神準,139.5,139.5,135.0,136.0,338,51,-35,0,-1,1.37,98.62,100.0
2026-06-04,3563,牧德,816.0,829.0,807.0,807.0,597,205,-80,0,-5,6.29,93.7,100.0
2026-06-04,3564,其陽,56.6,56.9,55.0,55.0,646,158,96,0,1,3.48,96.51,100.0
2026-06-04,3567,逸昌,29.0,29.0,28.75,28.9,100,21,8,0,0,3.5,96.49,100.0
2026-06-04,3570,大塚,186.0,186.0,182.5,184.0,120,38,2,0,0,44.9,55.09,100.0
2026-06-04,3576,聯合再生,18.4,18.8,18.05,18.05,15195,0,-3130,0,4,12.75,87.24,100.0
2026-06-04,3577,泓格,144.0,144.0,136.0,140.5,707,192,259,0,0,3.07,96.92,100.0
2026-06-04,3580,友威科,107.0,112.0,104.5,106.0,2242,1188,-223,0,0,9.53,90.46,100.0
2026-06-04,3581,博磊,206.5,225.0,190.0,192.5,2724,1101,-125,0,-5,14.26,85.73,100.0
2026-06-04,3583,辛耘,837.0,885.0,836.0,872.0,1970,947,536,80,-15,17.24,82.75,100.0
2026-06-04,3585,聯致,80.53,87.1,79.4,80.5,3058,0,-9,0,0,0.0,0.0,0.0
2026-06-04,3587,閎康,321.0,321.0,310.0,311.0,1274,318,-476,0,-9,10.88,89.11,100.0
2026-06-04,3588,通嘉,63.1,63.8,60.4,60.4,488,107,-169,0,-1,4.94,95.05,100.0
2026-06-04,3591,艾笛森,24.8,25.05,24.25,24.6,1432,438,-422,0,2,5.94,94.05,100.0
2026-06-04,3592,瑞鼎,279.0,279.0,272.5,274.5,483,57,-92,2,-7,15.22,84.77,100.0
2026-06-04,3593,力銘,16.85,16.85,16.0,16.45,51,0,0,0,0,0.25,99.74,100.0
2026-06-04,3594,磐儀,49.9,49.9,48.3,48.3,327,34,-155,0,-3,2.92,97.07,100.0
2026-06-04,3595,山太士,2674.67,2740.0,2645.0,2675.0,237,0,3,0,0,0.0,0.0,0.0
2026-06-04,3596,智易,190.0,190.0,186.5,188.0,1181,390,-20,0,1,32.62,67.37,100.0
2026-06-04,3597,映興,29.2,29.75,27.4,29.45,342,107,-9,0,0,0.86,99.13,100.0
2026-06-04,3603,建祥國際,7.77,8.05,7.32,8.0,115,0,0,0,0,0.0,0.0,0.0
2026-06-04,3605,宏致,77.3,78.0,76.3,76.3,1479,389,-23,0,-21,11.23,88.76,100.0
2026-06-04,3607,谷崧,17.8,17.8,17.0,17.0,2366,478,296,0,0,6.14,93.85,100.0
2026-06-04,3609,三一東林,28.6,28.6,27.8,28.05,157,4,-17,0,0,1.56,98.43,100.0
2026-06-04,3611,鼎翰,192.0,193.5,191.5,192.0,51,5,0,0,0,11.84,88.15,100.0
2026-06-04,3615,安可,53.0,59.7,52.6,57.9,27244,16338,-309,0,0,3.93,96.06,100.0
2026-06-04,3617,碩天,221.0,230.5,220.0,221.5,1032,434,-127,0,11,8.71,91.28,100.0
2026-06-04,3622,洋華,60.9,61.6,59.7,61.3,1164,329,-62,0,5,4.18,95.81,100.0
2026-06-04,3623,富晶通,25.8,25.8,24.9,25.05,246,47,-53,0,0,2.4,97.59,100.0
2026-06-04,3624,光頡,104.0,113.0,103.5,103.5,14813,5674,-1862,-1561,-118,48.72,51.27,100.0
2026-06-04,3625,西勝,16.55,16.6,15.95,16.4,1335,0,222,0,0,5.82,94.17,100.0
2026-06-04,3628,盈正,76.5,80.9,75.5,77.5,2030,998,-8,0,2,4.5,95.49,100.0
2026-06-04,3629,地心引力,15.9,15.9,15.9,15.9,1,0,0,0,0,0.02,99.97,100.0
2026-06-04,3630,新鉅科,27.35,30.05,26.7,29.15,5203,2245,172,0,5,40.29,59.7,100.0
2026-06-04,3631,晟楠,35.0,35.7,34.75,34.75,124,60,-10,0,0,7.43,92.56,100.0
2026-06-04,3632,研勤,8.22,8.23,8.2,8.2,17,0,0,0,0,0.29,99.7,100.0
2026-06-04,3633,云光,124.15,126.0,123.0,125.0,7,0,0,0,0,0.0,0.0,0.0
2026-06-04,3645,達邁,100.0,102.5,99.5,100.0,2502,983,-292,0,0,13.51,86.48,100.0
2026-06-04,3646,艾恩特,23.8,23.8,23.5,23.55,14,1,-1,0,0,6.7,93.29,100.0
2026-06-04,3652,精聯,34.95,34.95,34.25,34.35,228,15,26,0,0,0.95,99.04,100.0
2026-06-04,3653,健策,3800.0,3875.0,3695.0,3730.0,1442,523,-335,27,-7,25.84,74.15,100.0
2026-06-04,3659,百辰,23.16,23.1,22.6,22.7,15,0,0,0,0,0.0,0.0,0.0
2026-06-04,3661,世芯-KY,4530.0,4555.0,4335.0,4340.0,1544,459,-3,-230,-17,54.19,45.8,100.0
2026-06-04,3663,鑫科,83.6,86.5,82.4,82.5,2460,1351,268,0,-10,4.16,95.83,100.0
2026-06-04,3664,安瑞-KY,7.05,7.68,7.05,7.68,47,0,0,0,0,37.96,62.03,100.0
2026-06-04,3665,貿聯-KY,2265.0,2275.0,2130.0,2155.0,3373,994,-678,43,1,56.02,43.97,100.0
2026-06-04,3666,光耀,27.5,27.5,26.8,27.3,166,55,14,0,1,0.27,99.72,100.0
2026-06-04,3669,圓展,41.7,41.7,41.0,41.6,211,67,30,0,-2,2.65,97.34,100.0
2026-06-04,3672,康聯訊,11.0,11.4,11.0,11.3,49,0,0,0,0,2.5,97.49,100.0
2026-06-04,3673,TPK-KY,92.0,94.5,87.5,87.6,31428,15129,-4155,0,-1096,40.69,59.3,100.0
2026-06-04,3675,德微,360.0,379.0,360.0,361.0,483,0,4,0,-6,61.18,38.81,100.0
2026-06-04,3678,聯享,59.74,60.9,58.1,58.1,23,0,0,0,0,0.0,0.0,0.0
2026-06-04,3679,新至陞,124.5,127.0,124.0,125.5,112,13,8,0,1,8.82,91.17,100.0
2026-06-04,3680,家登,539.0,552.0,533.0,537.0,1402,665,-152,0,-26,23.71,76.28,100.0
2026-06-04,3684,榮昌,62.2,62.9,60.8,61.0,112,15,-13,0,0,2.16,97.83,100.0
2026-06-04,3685,元創精密,27.75,28.0,27.3,28.0,294,0,13,0,0,0.53,99.46,100.0
2026-06-04,3686,達能,17.6,18.2,17.25,17.4,272,0,-51,0,-1,2.3,97.69,100.0
2026-06-04,3687,歐買尬,73.0,73.0,71.3,71.3,123,24,-5,0,0,4.55,95.44,100.0
2026-06-04,3689,湧德,141.0,144.5,138.0,141.0,4091,1914,-52,0,-93,14.76,85.23,100.0
2026-06-04,3691,碩禾,163.5,175.5,162.5,164.5,6077,3732,-82,0,-9,6.9,93.09,100.0
2026-06-04,3693,營邦,582.0,586.0,570.0,571.0,748,247,-16,0,-4,13.66,86.33,100.0
2026-06-04,3694,海華,69.0,69.1,67.8,68.1,1096,229,-131,0,0,3.79,96.2,100.0
2026-06-04,3701,大眾控,58.3,60.2,57.3,58.5,3640,1486,260,0,-10,4.69,95.3,100.0
2026-06-04,3702,大聯大,119.0,119.5,115.0,116.5,16158,3732,6971,-5522,-38,36.76,63.23,100.0
2026-06-04,3703,欣陸,21.3,21.65,21.25,21.5,1879,291,334,0,-47,20.14,79.85,100.0
2026-06-04,3704,合勤控,49.35,49.35,47.7,47.7,4732,1444,-922,0,15,14.41,85.58,100.0
2026-06-04,3705,永信,56.6,56.9,56.4,56.9,265,32,24,0,0,7.21,92.78,100.0
2026-06-04,3706,神達,98.0,102.0,93.9,93.9,60949,25669,-7572,31,-811,13.3,86.69,100.0
2026-06-04,3707,漢磊,82.6,83.6,77.5,77.5,14849,5051,-2939,0,-34,13.55,86.44,100.0
2026-06-04,3708,上緯投控,122.0,124.0,121.5,124.0,938,334,63,19,-9,8.39,91.6,100.0
2026-06-04,3709,鑫聯大投控,86.7,88.5,86.2,86.7,1589,564,183,0,16,8.0,91.99,100.0
2026-06-04,3710,連展投控,6.8,6.8,6.48,6.59,431,0,-57,0,0,2.23,97.76,100.0
2026-06-04,3711,日月光投控,617.0,622.0,593.0,593.0,21218,3976,1533,-4837,233,77.26,22.73,100.0
2026-06-04,3712,永崴投控,19.55,19.7,18.5,18.5,1035,170,-548,0,-8,1.9,98.09,100.0
2026-06-04,3713,新晶投控,17.6,17.6,16.6,17.2,258,0,-75,0,-1,0.34,99.65,100.0
2026-06-04,3714,富采,69.0,70.2,67.8,68.5,12615,4784,-206,0,-126,10.2,89.79,100.0
2026-06-04,3715,定穎投控,172.5,172.5,167.0,169.0,8786,2565,-2371,0,-221,8.56,91.43,100.0
2026-06-04,3716,中化控股,34.8,35.45,34.8,35.4,533,69,12,0,0,8.65,91.34,100.0
2026-06-04,3717,聯嘉投控,23.5,23.55,22.65,22.85,1973,450,-82,0,34,4.42,95.57,100.0
2026-06-04,4102,永日,17.35,17.55,17.25,17.5,71,13,4,0,0,1.42,98.57,100.0
2026-06-04,4104,佳醫,71.2,71.9,71.0,71.5,324,26,59,0,0,3.2,96.79,100.0
2026-06-04,4105,東洋,74.5,75.1,74.1,74.6,1432,194,356,0,-25,20.58,79.41,100.0
2026-06-04,4106,雃博,24.3,24.3,24.0,24.0,107,11,-8,0,1,2.21,97.78,100.0
2026-06-04,4107,邦特,114.5,116.0,114.5,115.5,81,6,13,0,0,7.66,92.33,100.0
2026-06-04,4108,懷特,12.25,12.6,12.25,12.4,427,0,69,0,-1,1.22,98.77,100.0
2026-06-04,4109,加捷生醫,11.45,11.95,11.45,11.9,408,29,66,0,0,1.0,98.99,100.0
2026-06-04,4111,濟生,29.9,30.15,29.7,30.1,302,20,10,0,0,3.46,96.53,100.0
2026-06-04,4113,聯上,15.2,15.6,14.85,15.1,229,33,29,0,0,1.76,98.23,100.0
2026-06-04,4114,健喬,30.4,30.65,30.35,30.5,1015,94,-331,0,0,5.7,94.29,100.0
2026-06-04,4115,善德生技,7.57,8.2,7.68,8.2,52,0,5,0,0,0.0,0.0,0.0
2026-06-04,4116,明基醫,38.2,38.5,38.05,38.45,83,6,11,0,0,0.45,99.54,100.0
2026-06-04,4119,旭富,41.05,41.55,40.7,40.9,183,41,-19,0,2,5.4,94.59,100.0
2026-06-04,4120,友華,46.6,46.6,45.2,46.0,10,2,-1,0,0,6.18,93.81,100.0
2026-06-04,4121,優盛,14.15,14.4,14.15,14.3,167,17,26,0,0,2.05,97.94,100.0
2026-06-04,4123,晟德,38.45,38.8,38.4,38.45,3208,697,-335,0,9,9.29,90.7,100.0
2026-06-04,4126,太醫,79.6,80.2,79.6,80.1,35,2,9,0,0,8.98,91.01,100.0
2026-06-04,4127,天良,69.6,70.2,69.5,70.2,257,0,29,0,-5,0.92,99.07,100.0
2026-06-04,4128,中天,14.85,15.25,14.65,15.1,2423,815,10,0,11,4.27,95.72,100.0
2026-06-04,4129,聯合,88.9,90.0,88.5,89.2,239,58,-70,0,0,11.36,88.63,100.0
2026-06-04,4130,健亞,26.1,27.0,26.1,26.35,192,39,62,0,0,2.15,97.84,100.0
2026-06-04,4131,浩泰,33.0,33.4,32.9,33.4,5,0,0,0,0,1.19,98.8,100.0
2026-06-04,4133,亞諾法,21.5,21.9,21.4,21.6,171,26,36,0,0,12.61,87.38,100.0
2026-06-04,4137,麗豐-KY,108.5,112.5,108.0,111.5,391,41,125,0,-4,55.81,44.18,100.0
2026-06-04,4138,曜亞,51.1,52.3,51.1,52.1,44,1,-4,0,0,1.18,98.81,100.0
2026-06-04,4139,馬光-KY,22.0,22.9,21.95,22.9,17,0,3,0,0,16.91,83.08,100.0
2026-06-04,4142,國光生,17.35,18.0,17.35,17.8,2695,681,366,0,3,4.77,95.22,100.0
2026-06-04,4147,中裕,55.1,59.0,54.3,58.6,2863,1086,-113,0,0,8.17,91.82,100.0
2026-06-04,4148,全宇生技-KY,32.5,32.6,31.8,32.4,33,8,3,0,-3,71.11,28.88,100.0
2026-06-04,4150,優你康,5.39,5.55,5.18,5.4,685,0,-26,0,0,0.0,0.0,0.0
2026-06-04,4153,鈺緯,31.4,31.45,31.2,31.45,2820,1,0,0,0,0.32,99.67,100.0
2026-06-04,4154,樂威科-KY,13.05,13.05,13.05,13.05,1,0,0,0,0,29.99,70.0,100.0
2026-06-04,4155,訊映,14.35,15.15,14.3,15.1,873,116,147,0,-6,1.43,98.56,100.0
2026-06-04,4157,太景*-KY,9.03,9.15,8.99,9.03,1905,389,529,0,0,2.08,97.91,100.0
2026-06-04,4160,訊聯基因,40.1,41.0,40.05,40.65,63,9,11,0,0,0.99,99.0,100.0
2026-06-04,4161,聿新科,23.15,23.2,22.9,23.1,84,16,3,0,0,0.3,99.69,100.0
2026-06-04,4162,智擎,55.7,56.5,55.1,55.7,431,124,21,0,-41,8.54,91.45,100.0
2026-06-04,4163,鐿鈦,135.0,135.0,123.5,123.5,460,144,1,0,0,2.71,97.28,100.0
2026-06-04,4164,承業醫,29.3,30.3,29.05,30.2,1406,149,-196,0,-9,18.79,81.2,100.0
2026-06-04,4166,友霖,23.45,23.9,23.4,23.85,137,21,14,0,0,10.65,89.34,100.0
2026-06-04,4167,松瑞藥,20.05,20.8,20.05,20.55,2356,494,723,0,34,11.19,88.8,100.0
2026-06-04,4168,醣聯,26.2,26.75,25.95,26.05,252,0,24,0,0,4.71,95.28,100.0
2026-06-04,4169,泰宗,155.0,160.0,155.0,159.0,174,0,41,0,0,6.57,93.42,100.0
2026-06-04,4170,鑫品生醫,13.22,13.55,12.9,13.1,160,0,0,0,0,0.0,0.0,0.0
2026-06-04,4171,瑞基,18.1,18.2,18.0,18.15,118,12,19,0,0,13.61,86.38,100.0
2026-06-04,4172,因華,10.7,12.5,10.2,11.7,1038,0,42,0,0,0.0,0.0,0.0
2026-06-04,4173,久裕,18.35,18.55,18.2,18.5,263,24,75,0,0,0.79,99.2,100.0
2026-06-04,4174,浩鼎,29.8,29.8,28.8,29.5,324,90,-63,0,0,6.84,93.15,100.0
2026-06-04,4175,杏一,53.7,54.4,53.6,53.7,33,0,0,0,0,0.17,99.82,100.0
2026-06-04,4178,永笙-KY,18.75,18.95,18.6,18.9,279,0,36,0,0,5.35,94.64,100.0
2026-06-04,4183,福永生技,13.8,13.8,13.7,13.7,5,0,0,0,0,0.0,99.99,100.0
2026-06-04,4186,尖端醫,10.01,10.15,9.86,10.1,285,0,-7,0,0,0.0,0.0,0.0
2026-06-04,4188,安克,10.9,10.9,10.55,10.7,140,0,6,0,0,0.08,99.91,100.0
2026-06-04,4190,佐登-KY,24.65,25.0,24.5,24.8,47,2,9,0,0,58.84,41.15,100.0
2026-06-04,4192,杏國,20.1,20.75,20.1,20.75,8,0,0,0,0,0.31,99.68,100.0
2026-06-04,4194,禾生技,7.04,7.32,6.95,7.12,54,0,1,0,0,0.0,0.0,0.0
2026-06-04,4195,基米-創,16.9,17.35,16.6,17.0,285,0,-81,0,0,1.12,98.87,100.0
2026-06-04,4197,暐世,9.02,9.36,8.94,9.36,37,0,0,0,0,0.0,0.0,0.0
2026-06-04,4198,欣大健康,37.4,38.4,36.65,37.8,13,0,0,0,0,1.16,98.83,100.0
2026-06-04,4205,中華食,72.5,72.7,72.3,72.7,44,1,4,0,0,0.6,99.39,100.0
2026-06-04,4207,環泰,19.35,19.5,19.3,19.45,281,12,32,0,0,1.61,98.38,100.0
2026-06-04,4303,信立,49.05,49.45,48.3,49.0,555,201,-51,0,1,2.81,97.18,100.0
2026-06-04,4304,勝昱,27.2,27.2,25.2,25.95,31,0,0,0,-1,0.03,99.96,100.0
2026-06-04,4305,世坤,44.2,44.2,43.7,43.7,26,0,0,0,0,0.06,99.93,100.0
2026-06-04,4306,炎洲,15.0,15.15,14.8,15.0,3603,642,477,0,0,6.11,93.88,100.0
2026-06-04,4401,東隆興,14.3,14.35,14.05,14.1,133,15,-11,0,0,1.45,98.54,100.0
2026-06-04,4402,郡都開發,12.3,12.3,12.1,12.15,25,0,-10,0,0,2.24,97.75,100.0
2026-06-04,4406,新昕纖,9.77,9.84,9.77,9.82,3,1,-1,0,0,0.18,99.81,100.0
2026-06-04,4413,飛寶企業,16.95,17.0,16.65,16.65,11,2,0,0,0,5.72,94.27,100.0
2026-06-04,4414,如興,8.35,8.6,8.3,8.56,498,69,-150,0,0,26.48,73.51,100.0
2026-06-04,4416,三圓,11.7,12.0,11.6,11.6,205,11,62,0,0,1.96,98.03,100.0
2026-06-04,4417,金洲,45.85,46.25,45.8,46.1,137,7,36,0,0,3.71,96.28,100.0
2026-06-04,4419,元勝,46.8,46.8,45.5,45.55,19,0,0,0,0,0.0,99.99,100.0
2026-06-04,4419,皇家美食,46.8,46.8,45.5,45.55,19,0,0,0,0,0.0,99.99,100.0
2026-06-04,4420,光明,39.5,39.5,38.8,38.9,43,1,-14,0,0,0.74,99.25,100.0
2026-06-04,4426,利勤,9.6,9.64,8.89,9.4,2684,613,390,0,-12,2.65,97.34,100.0
2026-06-04,4430,耀億,17.35,18.0,17.35,18.0,83,8,1,0,0,2.27,97.72,100.0
2026-06-04,4431,敏成健康,16.29,17.0,16.0,17.0,55,0,0,0,0,0.0,0.0,0.0
2026-06-04,4432,銘旺實,17.1,17.1,17.0,17.05,23,4,8,0,0,0.96,99.03,100.0
2026-06-04,4433,興采,20.7,20.75,20.65,20.75,56,0,0,0,0,0.16,99.83,100.0
2026-06-04,4438,廣越,61.1,63.9,61.0,62.7,213,36,12,0,-1,1.87,98.12,100.0
2026-06-04,4439,冠星-KY,90.0,90.8,89.0,90.8,30,7,9,0,0,61.43,38.56,100.0
2026-06-04,4440,宜新實業,18.45,18.45,18.2,18.25,62,1,6,0,0,0.84,99.15,100.0
2026-06-04,4441,振大環球,212.5,217.5,211.0,215.0,123,33,-10,0,-1,1.58,98.41,100.0
2026-06-04,4442,竣邦-KY,51.4,51.4,51.0,51.0,20,3,-1,0,0,60.96,39.03,100.0
2026-06-04,4502,健信,15.9,16.0,15.85,15.9,47,0,0,0,0,4.16,95.83,100.0
2026-06-04,4503,金雨,40.5,41.3,39.5,40.15,225,79,25,0,0,3.61,96.38,100.0
2026-06-04,4506,崇友,117.5,118.0,117.0,117.5,69,11,14,0,0,3.32,96.67,100.0
2026-06-04,4510,高鋒,50.3,50.3,48.65,49.5,2451,898,-66,0,-83,4.64,95.35,100.0
2026-06-04,4513,福裕,15.4,15.4,15.1,15.2,367,68,6,0,0,4.66,95.33,100.0
2026-06-04,4523,永彰,30.1,30.55,29.95,30.2,180,22,24,0,0,2.89,97.1,100.0
2026-06-04,4526,東台,44.6,46.3,43.9,44.05,18495,10998,248,0,26,7.17,92.82,100.0
2026-06-04,4527,方土霖,42.0,42.2,41.8,42.0,60,0,4,0,0,1.79,98.2,100.0
2026-06-04,4528,江興鍛,15.8,15.85,15.65,15.8,50,3,0,0,0,0.14,99.85,100.0
2026-06-04,4529,淳紳,4.85,4.9,4.82,4.9,63,0,0,0,0,38.06,61.93,100.0
2026-06-04,4530,宏易,0.0,0.0,0.0,0.0,0,0,0,0,0,2.32,97.67,100.0
2026-06-04,4532,瑞智,25.0,25.75,24.9,25.4,3282,503,1195,-12,13,17.81,82.18,100.0
2026-06-04,4533,協易機,31.75,31.85,31.2,31.8,1409,596,-96,0,-21,5.27,94.72,100.0
2026-06-04,4534,慶騰,29.0,31.65,28.0,31.65,5303,0,408,0,3,3.31,96.68,100.0
2026-06-04,4535,至興,27.3,27.3,27.2,27.25,18,1,-2,0,0,0.09,99.9,100.0
2026-06-04,4536,拓凱,163.0,163.0,162.0,162.5,148,16,47,0,0,11.69,88.3,100.0
2026-06-04,4537,旭東,168.48,196.0,172.0,181.5,640,0,-15,0,0,0.0,0.0,0.0
2026-06-04,4538,大詠城,18.4,18.45,18.0,18.4,76,13,5,0,0,0.15,99.84,100.0
2026-06-04,4540,全球傳動,72.0,73.3,70.4,70.9,5089,2111,-452,0,0,4.5,95.49,100.0
2026-06-04,4541,晟田,47.45,47.9,46.8,47.25,1328,418,211,0,4,6.59,93.4,100.0
2026-06-04,4542,科嶠,233.0,260.0,233.0,260.0,1526,328,74,0,2,7.08,92.91,100.0
2026-06-04,4543,萬在,44.75,44.75,43.2,43.3,760,172,-40,0,0,9.21,90.78,100.0
2026-06-04,4544,春日,14.33,14.2,14.2,14.2,2,0,0,0,0,0.0,0.0,0.0
2026-06-04,4545,銘鈺,42.0,42.3,40.8,40.8,303,66,-31,0,-1,29.21,70.78,100.0
2026-06-04,4546,長亨,99.85,100.5,96.1,99.0,24,0,-5,0,0,0.0,0.0,0.0
2026-06-04,4549,桓達,124.0,124.0,119.5,120.0,511,100,84,0,-1,1.91,98.08,100.0
2026-06-04,4550,長佳,25.3,25.3,25.05,25.2,25,1,-2,0,0,1.57,98.42,100.0
2026-06-04,4551,智伸科,151.5,151.5,142.0,145.0,1209,296,68,0,-78,52.99,47.0,100.0
2026-06-04,4552,力達-KY,20.35,20.7,20.35,20.55,42,4,-9,0,0,42.78,57.21,100.0
2026-06-04,4553,盛復,18.42,18.55,17.8,18.55,1,0,0,0,0,0.0,0.0,0.0
2026-06-04,4554,橙的,30.05,30.35,30.05,30.1,31,3,3,0,0,24.46,75.53,100.0
2026-06-04,4555,氣立,56.5,56.5,52.9,53.5,608,132,-133,0,0,2.6,97.39,100.0
2026-06-04,4556,旭然,39.5,43.45,38.95,43.45,641,152,109,0,0,11.15,88.84,100.0
2026-06-04,4557,永新-KY,43.9,46.0,43.8,45.7,102,16,-15,0,5,30.48,69.51,100.0
2026-06-04,4558,寶緯,19.7,19.7,19.3,19.4,71,8,15,0,0,0.38,99.61,100.0
2026-06-04,4559,久裕興,8.02,8.27,8.02,8.27,17,0,0,0,0,0.0,0.0,0.0
2026-06-04,4560,強信-KY,32.35,33.1,32.0,32.95,474,355,66,0,-3,84.92,15.07,100.0
2026-06-04,4561,健椿,49.35,51.0,47.6,48.6,1113,385,-159,0,-3,2.78,97.21,100.0
2026-06-04,4562,穎漢,40.85,41.7,39.3,40.85,956,399,-12,0,0,1.24,98.75,100.0
2026-06-04,4563,百德,51.2,52.4,51.0,51.0,302,98,-46,0,0,1.7,98.29,100.0
2026-06-04,4564,元翎,16.2,16.35,16.0,16.05,674,161,-116,0,0,2.67,97.32,100.0
2026-06-04,4565,宏偉,118.22,120.0,117.0,118.0,50,0,0,0,0,0.0,0.0,0.0
2026-06-04,4566,時碩工業,68.7,69.0,67.0,68.6,758,210,-14,0,0,1.5,98.49,100.0
2026-06-04,4568,科際精密,42.15,42.15,41.6,42.05,9,0,-2,0,0,20.09,79.9,100.0
2026-06-04,4569,六方科-KY,169.0,172.5,169.0,169.5,58,11,6,0,0,67.06,32.93,100.0
2026-06-04,4570,傑生,72.4,72.4,70.1,70.1,1,0,0,0,0,0.0,0.0,0.0
2026-06-04,4571,鈞興-KY,194.5,194.5,191.0,191.5,482,141,59,0,-3,66.52,33.47,100.0
2026-06-04,4572,駐龍,145.5,147.0,143.5,147.0,42,12,25,0,0,2.14,97.85,100.0
2026-06-04,4573,高明鐵,443.18,443.0,409.0,425.0,655,0,-37,0,0,0.0,0.0,0.0
2026-06-04,4575,銓寶,29.17,29.2,28.3,28.3,76,0,2,0,0,0.0,0.0,0.0
2026-06-04,4576,大銀微系統,229.5,231.5,223.0,229.0,1838,701,219,0,-38,6.06,93.93,100.0
2026-06-04,4577,達航科技,102.0,102.0,99.9,100.0,487,148,4,0,1,4.02,95.97,100.0
2026-06-04,4580,捷流閥業,83.4,84.0,83.1,83.8,71,3,24,0,0,4.08,95.91,100.0
2026-06-04,4581,光隆精密-KY,49.9,50.3,49.9,49.9,22,0,5,0,0,24.03,75.96,100.0
2026-06-04,4582,聚恆-創,26.2,27.0,26.2,26.3,392,0,119,0,2,1.08,98.91,100.0
2026-06-04,4583,台灣精銳,679.0,681.0,673.0,675.0,61,9,-5,0,-1,1.27,98.72,100.0
2026-06-04,4584,君帆,43.0,43.0,42.9,42.95,8,0,0,0,0,0.0,99.99,100.0
2026-06-04,4585,達明,343.5,348.0,337.0,342.0,363,90,-39,0,-2,0.32,99.67,100.0
2026-06-04,4587,寶元數控,60.8,61.5,58.5,61.4,39,0,0,0,0,0.0,0.0,0.0
2026-06-04,4588,玖鼎電力,66.0,67.0,62.7,62.8,1472,584,-212,0,-6,2.33,97.66,100.0
2026-06-04,4589,碩陽電機,38.71,39.15,37.35,39.15,32,0,0,0,0,0.0,0.0,0.0
2026-06-04,4590,富田-創,73.2,73.9,72.6,73.6,98,0,41,0,1,1.9,98.09,100.0
2026-06-04,4609,唐鋒,5.44,5.7,5.44,5.68,4,0,0,0,0,0.0,99.99,100.0
2026-06-04,4702,中美實,10.1,10.55,10.0,10.2,456,120,14,0,0,43.69,56.3,100.0
2026-06-04,4706,大恭,32.0,32.0,31.95,31.95,14,0,0,0,0,29.47,70.52,100.0
2026-06-04,4707,磐亞,19.7,21.75,19.6,21.1,14655,7496,-1564,0,90,1.38,98.61,100.0
2026-06-04,4711,永純,17.8,18.1,17.15,17.6,658,172,121,0,4,1.53,98.46,100.0
2026-06-04,4714,永捷,14.15,14.15,13.9,14.0,738,207,-70,0,-2,2.74,97.25,100.0
2026-06-04,4716,大立,16.65,17.25,16.15,16.7,1493,560,64,0,0,4.21,95.78,100.0
2026-06-04,4720,德淵,29.6,29.7,28.7,29.7,9847,1628,649,0,35,7.98,92.01,100.0
2026-06-04,4721,美琪瑪,88.7,91.3,88.7,89.7,1202,459,208,0,7,9.86,90.13,100.0
2026-06-04,4722,國精化,275.0,278.0,275.0,278.0,478,0,28,0,0,5.98,94.01,100.0
2026-06-04,4724,宣捷幹細胞,11.6,11.95,11.2,11.7,118,0,0,0,0,0.0,0.0,0.0
2026-06-04,4726,永昕,26.9,27.6,26.9,27.55,288,0,-24,0,0,20.84,79.15,100.0
2026-06-04,4728,雙美,378.0,380.5,378.0,380.5,3,0,0,0,0,19.65,80.34,100.0
2026-06-04,4729,熒茂,26.8,27.7,25.7,26.3,2130,980,102,0,0,1.68,98.31,100.0
2026-06-04,4732,彥臣,18.97,19.05,18.2,19.0,8,0,0,0,0,0.0,0.0,0.0
2026-06-04,4735,豪展,32.4,33.0,32.0,33.0,56,9,2,0,0,0.22,99.77,100.0
2026-06-04,4736,泰博,125.5,126.5,124.5,126.0,250,45,15,0,0,5.27,94.72,100.0
2026-06-04,4737,華廣,54.4,54.6,53.0,54.0,75,17,8,0,2,28.72,71.27,100.0
2026-06-04,4738,大同精化,7.66,9.0,7.52,9.0,583,0,122,0,0,0.0,0.0,0.0
2026-06-04,4739,康普,114.5,120.0,112.0,118.5,6501,3117,-560,0,3,11.73,88.26,100.0
2026-06-04,4741,泓瀚,59.8,63.8,57.9,63.8,2428,817,379,0,-13,3.7,96.29,100.0
2026-06-04,4743,合一,50.2,51.6,49.8,50.2,2339,729,226,0,0,7.57,92.42,100.0
2026-06-04,4744,皇將,36.8,36.8,35.55,35.7,240,38,-6,0,0,4.02,95.97,100.0
2026-06-04,4745,合富-KY,15.7,15.75,15.5,15.6,158,11,5,0,0,9.84,90.15,100.0
2026-06-04,4746,台耀,52.7,53.5,52.3,53.1,630,159,77,0,2,8.17,91.82,100.0
2026-06-04,4747,強生,55.5,56.0,54.5,55.4,12,1,0,0,0,0.61,99.38,100.0
2026-06-04,4749,新應材,1055.0,1070.0,1025.0,1025.0,1033,186,-310,0,-36,12.41,87.58,100.0
2026-06-04,4754,國碳科,38.5,38.55,38.45,38.45,38,2,-8,0,0,0.26,99.73,100.0
2026-06-04,4755,三福化,149.0,150.5,145.5,146.0,497,130,72,0,-10,24.71,75.28,100.0
2026-06-04,4760,勤凱,415.5,419.0,405.0,405.0,622,214,-20,0,8,8.15,91.84,100.0
2026-06-04,4763,材料*-KY,44.15,45.5,43.8,44.75,11418,3970,1117,0,0,46.56,53.43,100.0
2026-06-04,4764,雙鍵,290.0,302.0,286.0,286.0,1459,726,-135,0,1,26.15,73.84,100.0
2026-06-04,4765,磐采,18.38,19.1,18.3,18.5,5,0,2,0,0,0.0,0.0,0.0
2026-06-04,4766,南寶,369.5,379.0,365.5,374.0,764,153,170,4,6,14.06,85.93,100.0
2026-06-04,4767,誠泰科技,28.0,28.0,27.25,27.7,18,2,-1,0,-2,0.04,99.95,100.0
2026-06-04,4768,晶呈科技,485.0,485.0,456.5,457.0,1692,593,-324,0,-28,6.8,93.19,100.0
2026-06-04,4770,上品,242.5,250.0,241.0,243.0,759,278,71,0,32,6.88,93.11,100.0
2026-06-04,4771,望隼,198.0,208.0,197.0,207.0,628,128,41,0,0,7.21,92.78,100.0
2026-06-04,4772,台特化,305.5,308.5,300.0,300.0,1069,241,-214,0,-32,5.32,94.67,100.0
2026-06-04,4806,桂田文創,9.97,10.0,9.97,10.0,9,0,0,0,0,1.88,98.11,100.0
2026-06-04,4807,日成-KY,32.5,35.35,32.5,35.35,1090,336,74,0,10,67.17,32.82,100.0
2026-06-04,4903,聯光通,46.8,46.8,44.75,45.5,1958,630,-302,0,-3,2.39,97.6,100.0
2026-06-04,4904,遠傳,101.0,103.0,99.7,102.0,9654,3221,-949,897,649,21.52,27.3,49.0
2026-06-04,4905,台聯電,82.0,82.9,81.7,82.0,21,1,2,0,0,9.69,90.3,100.0
2026-06-04,4906,正文,51.1,51.2,48.75,48.9,25420,11009,794,0,-398,12.65,87.34,100.0
2026-06-04,4907,富宇,37.5,38.9,37.5,38.8,197,49,17,0,0,0.25,99.74,100.0
2026-06-04,4908,前鼎,240.0,244.0,233.5,234.5,2009,807,-198,0,-14,9.87,90.12,100.0
2026-06-04,4909,新復興,53.1,53.1,50.6,50.8,1148,235,-480,0,-22,9.14,90.85,100.0
2026-06-04,4911,德英,32.4,33.0,32.4,32.55,30,6,2,0,0,0.3,99.69,100.0
2026-06-04,4912,聯德控股-KY,99.9,100.5,95.2,95.3,976,234,-76,0,1,24.2,75.79,100.0
2026-06-04,4915,致伸,77.7,78.4,77.0,77.1,3538,996,-711,-19,256,32.86,67.13,100.0
2026-06-04,4916,事欣科,122.0,127.5,120.0,122.5,2939,0,-208,0,4,20.8,79.19,100.0
2026-06-04,4919,新唐,200.0,200.0,191.0,194.0,1848,0,16,0,-66,9.31,90.68,100.0
2026-06-04,4923,力士,46.4,47.3,43.8,43.8,1473,610,-173,0,-12,0.95,99.04,100.0
2026-06-04,4924,欣厚-KY,12.6,12.75,12.6,12.6,80,10,3,0,0,38.23,61.76,100.0
2026-06-04,4925,智微,148.66,147.0,129.5,136.0,1095,0,23,0,0,0.0,0.0,0.0
2026-06-04,4927,泰鼎-KY,52.0,53.0,51.0,53.0,6361,1913,-2021,0,3,8.71,91.28,100.0
2026-06-04,4930,燦星網,18.25,18.65,18.25,18.3,122,25,4,0,4,2.18,97.81,100.0
2026-06-04,4931,新盛力,258.5,274.0,257.0,260.0,24252,16589,829,0,-106,12.7,87.29,100.0
2026-06-04,4933,友輝,78.5,79.4,75.6,75.6,679,151,-54,10,96,7.49,92.5,100.0
2026-06-04,4934,太極,17.5,17.75,17.0,17.1,1386,0,-405,0,-2,2.82,97.17,100.0
2026-06-04,4935,茂林-KY,42.0,42.0,40.7,41.0,186,18,-29,0,8,26.7,73.29,100.0
2026-06-04,4938,和碩,101.0,101.0,95.6,97.0,45248,7751,-13694,14645,-191,29.74,70.25,100.0
2026-06-04,4939,亞電,52.0,58.0,52.0,54.3,12996,6053,-823,0,266,6.02,93.97,100.0
2026-06-04,4942,嘉彰,38.8,38.9,38.5,38.55,68,5,-3,0,5,6.88,93.11,100.0
2026-06-04,4943,康控-KY,8.99,9.0,8.8,8.95,22,0,0,0,0,15.6,84.39,100.0
2026-06-04,4946,辣椒,104.0,109.0,103.0,106.0,61,0,24,0,0,4.5,95.49,100.0
2026-06-04,4949,有成精密,99.0,101.5,98.0,98.4,1238,407,-142,0,0,2.86,97.13,100.0
2026-06-04,4950,金耘國際,15.7,16.2,15.65,16.15,40,0,-2,0,0,0.08,99.91,100.0
2026-06-04,4951,精拓科,122.5,123.0,118.5,119.5,640,108,-155,0,0,3.96,96.03,100.0
2026-06-04,4952,凌通,51.6,52.0,50.3,50.7,525,84,-161,0,2,5.4,94.59,100.0
2026-06-04,4953,緯軟,140.5,143.0,136.0,142.0,1580,475,149,0,3,12.12,87.87,100.0
2026-06-04,4956,光鋐,46.25,46.25,43.7,43.75,2775,717,-905,0,1,10.1,89.89,100.0
2026-06-04,4958,臻鼎-KY,489.0,499.5,484.0,492.5,10608,0,-1096,-2516,187,63.49,36.5,100.0
2026-06-04,4960,誠美材,33.7,33.7,32.2,32.7,6179,2028,-881,0,-2,19.39,80.6,100.0
2026-06-04,4961,天鈺,172.0,172.5,168.0,168.0,753,158,-211,18,6,19.56,80.43,100.0
2026-06-04,4966,譜瑞-KY,788.0,795.0,741.0,756.0,5110,1840,532,-143,-241,35.2,64.79,100.0
2026-06-04,4967,十銓,295.0,312.0,295.0,302.0,13432,5484,4421,0,-5,14.38,85.61,100.0
2026-06-04,4968,立積,117.0,118.0,116.0,116.5,961,203,-75,0,-17,4.32,95.67,100.0
2026-06-04,4971,IET-KY,688.0,704.0,665.0,676.0,1182,476,-14,0,-2,12.33,87.66,100.0
2026-06-04,4972,湯石照明,16.55,17.65,16.55,16.85,141,33,5,0,0,2.11,97.88,100.0
2026-06-04,4973,廣穎,171.0,178.5,171.0,176.0,2980,0,45,0,5,7.98,92.01,100.0
2026-06-04,4974,亞泰,78.5,78.5,77.2,77.5,350,61,-83,0,-3,4.82,95.17,100.0
2026-06-04,4976,佳凌,33.95,34.95,33.25,34.5,1715,558,-266,0,1,3.76,96.23,100.0
2026-06-04,4977,眾達-KY,212.5,214.0,208.0,209.0,3158,1155,-259,0,-67,15.06,84.93,100.0
2026-06-04,4979,華星光,606.0,612.0,590.0,590.0,1384,0,47,0,7,12.83,87.16,100.0
2026-06-04,4980,佐臻,48.64,49.05,46.45,48.1,156,0,-10,0,0,0.0,0.0,0.0
2026-06-04,4989,榮科,96.3,98.1,92.4,92.4,6700,2499,-229,0,0,2.8,97.19,100.0
2026-06-04,4991,環宇-KY,702.0,708.0,680.0,682.0,2856,1193,-357,-1,-3,17.45,82.54,100.0
2026-06-04,4994,傳奇,88.0,88.5,85.7,86.8,23,7,-2,0,-3,2.67,97.32,100.0
2026-06-04,4995,晶達,46.6,46.6,45.45,45.6,36,4,2,0,0,0.44,99.55,100.0
2026-06-04,4999,鑫禾,22.15,22.95,21.7,22.5,524,127,-195,0,-1,1.71,98.28,100.0
2026-06-04,5007,三星,57.8,58.0,57.5,57.7,27,3,2,0,0,2.96,97.03,100.0
2026-06-04,5009,榮剛,38.0,38.05,37.2,37.35,3657,817,-444,-5,-177,10.88,89.11,100.0
2026-06-04,5011,久陽,19.05,19.5,18.95,19.4,597,136,106,0,0,2.89,97.1,100.0
2026-06-04,5013,強新,28.2,28.25,27.5,28.15,8,5,-1,0,0,12.22,87.77,100.0
2026-06-04,5014,建錩,11.25,11.4,11.2,11.3,645,24,81,0,0,1.68,98.31,100.0
2026-06-04,5015,華祺,24.6,25.2,24.6,25.0,38,3,5,0,0,6.77,93.22,100.0
2026-06-04,5016,松和,25.1,26.85,25.1,26.15,236,60,-26,0,0,0.63,99.36,100.0
2026-06-04,5201,凱衛,28.65,29.25,28.5,29.0,56,9,3,0,0,8.28,91.71,100.0
2026-06-04,5202,力新,13.45,14.75,13.3,14.75,967,215,85,0,3,1.13,98.86,100.0
2026-06-04,5203,訊連,71.4,74.8,70.4,72.0,1660,522,-442,0,0,10.9,89.09,100.0
2026-06-04,5205,中茂,21.15,22.7,21.15,22.7,2,0,0,0,0,0.04,99.95,100.0
2026-06-04,5206,坤悅,21.8,22.3,21.8,22.3,366,57,33,0,-250,6.4,93.59,100.0
2026-06-04,5209,新鼎,176.0,177.0,174.0,175.5,71,7,10,0,-11,2.1,97.89,100.0
2026-06-04,5210,寶碩,30.05,31.7,29.6,31.3,1001,268,108,0,0,1.91,98.08,100.0
2026-06-04,5211,蒙恬,20.15,20.15,19.6,19.65,57,11,0,0,0,7.93,92.06,100.0
2026-06-04,5212,凌網,0.0,0.0,0.0,0.0,0,0,0,0,0,21.76,78.23,100.0
2026-06-04,5213,亞昕,27.05,27.25,26.85,26.95,3117,222,-554,0,0,1.16,98.83,100.0
2026-06-04,5215,科嘉-KY,49.5,49.6,48.15,48.75,184,32,-22,0,1,25.81,74.18,100.0
2026-06-04,5220,萬達光電,22.8,23.05,22.7,23.05,43,8,-1,0,0,0.45,99.54,100.0
2026-06-04,5222,全訊,123.0,125.0,122.5,123.0,337,52,18,0,-2,4.05,5.94,10.0
2026-06-04,5223,安力-KY,26.15,26.55,25.6,26.5,33,2,-8,0,0,41.99,58.0,100.0
2026-06-04,5225,東科-KY,78.6,80.9,77.3,78.9,2010,811,-498,0,20,39.89,60.1,100.0
2026-06-04,5227,立凱-KY,24.6,26.3,24.5,26.3,775,0,160,0,0,13.06,86.93,100.0
2026-06-04,5228,鈺鎧,65.0,69.4,63.1,63.1,1156,612,-104,0,0,1.49,98.5,100.0
2026-06-04,5230,雷笛克光學,18.45,18.8,18.0,18.0,378,82,-130,0,0,1.52,98.47,100.0
2026-06-04,5234,達興材料,399.0,401.0,390.0,391.0,591,106,-321,2,-14,10.17,89.82,100.0
2026-06-04,5236,凌陽創新,169.5,171.0,164.0,164.5,479,64,-8,0,-5,5.49,94.5,100.0
2026-06-04,5240,建騰,24.35,25.05,24.0,25.05,2,0,0,0,0,0.0,0.0,0.0
2026-06-04,5243,乙盛-KY,131.0,131.5,118.5,119.0,6988,2203,-2643,0,-253,54.63,45.36,100.0
2026-06-04,5244,弘凱,40.3,40.3,39.15,39.45,272,62,-8,0,1,1.81,98.18,100.0
2026-06-04,5245,智晶,28.9,29.45,27.8,27.9,238,59,-70,0,0,3.21,96.78,100.0
2026-06-04,5246,勵威,184.23,184.0,174.0,179.0,385,0,0,0,0,0.0,0.0,0.0
2026-06-04,5248,景傳,42.2,43.0,39.9,41.1,76,0,-2,0,0,0.0,0.0,0.0
2026-06-04,5251,天鉞電,32.55,36.1,31.8,32.85,2641,1477,12,0,4,27.06,72.93,100.0
2026-06-04,5254,欣訊科技,52.37,51.5,46.0,46.55,176,0,-6,0,0,0.0,0.0,0.0
2026-06-04,5258,虹堡,52.1,52.2,50.6,51.0,684,181,-97,0,0,4.82,95.17,100.0
2026-06-04,5262,立達,52.55,51.9,51.0,51.6,117,0,-7,0,0,0.0,0.0,0.0
2026-06-04,5263,智崴,107.0,107.0,105.0,106.0,87,12,15,0,0,15.25,84.74,100.0
2026-06-04,5267,龍翩,63.93,63.8,60.7,63.4,96,0,-2,0,0,0.0,0.0,0.0
2026-06-04,5269,祥碩,1570.0,1610.0,1545.0,1570.0,1590,738,-174,1,2,7.53,92.46,100.0
2026-06-04,5271,紘通,18.34,19.0,17.0,17.55,935,0,-66,0,0,0.0,0.0,0.0
2026-06-04,5272,笙科,23.6,23.6,22.85,22.85,225,43,-69,0,0,3.48,96.51,100.0
2026-06-04,5274,信驊,17890.0,18600.0,17775.0,18265.0,165,44,29,10,1,53.76,46.23,100.0
2026-06-04,5276,達輝-KY,20.5,20.5,19.35,19.9,47,0,6,0,0,77.01,22.98,100.0
2026-06-04,5278,尚凡,24.0,24.25,23.75,23.75,264,42,-23,0,0,0.63,99.36,100.0
2026-06-04,5278,尚凡*,24.0,24.25,23.75,23.75,264,42,-23,0,0,0.63,99.36,100.0
2026-06-04,5283,禾聯碩,53.3,53.7,52.9,53.2,105,10,-7,0,0,1.42,98.57,100.0
2026-06-04,5284,jpp-KY,426.0,430.5,412.0,416.5,725,235,-24,0,-25,51.35,48.64,100.0
2026-06-04,5285,界霖,91.0,99.6,90.6,99.3,10689,4755,1109,40,-4,5.46,94.53,100.0
2026-06-04,5287,數字,145.5,146.5,145.0,146.5,58,2,6,0,0,15.98,84.01,100.0
2026-06-04,5288,豐祥-KY,167.5,168.0,163.5,166.5,126,33,22,0,0,58.82,41.17,100.0
2026-06-04,5289,宜鼎,1865.0,1945.0,1845.0,1905.0,2955,1783,143,-2,-20,24.39,75.6,100.0
2026-06-04,5291,邑昇,68.5,69.0,66.7,67.8,422,140,-56,0,0,3.98,96.01,100.0
2026-06-04,5292,華懋,222.5,226.5,222.0,225.0,82,17,17,0,0,6.11,93.88,100.0
2026-06-04,5297,廣化,102.32,104.5,97.7,99.6,548,0,-7,0,0,0.0,0.0,0.0
2026-06-04,5299,杰力,111.0,111.5,109.0,109.0,376,119,-43,0,0,2.4,97.59,100.0
2026-06-04,5301,寶得利,7.04,7.04,6.8,7.01,19,0,0,0,0,2.1,97.89,100.0
2026-06-04,5302,太欣,11.5,11.5,11.05,11.15,625,0,-104,0,0,1.36,98.63,100.0
2026-06-04,5306,桂盟,84.5,84.8,84.0,84.5,90,16,4,0,0,12.62,87.37,100.0
2026-06-04,5309,系統電,78.7,84.4,77.8,81.8,35904,17683,246,37,710,12.64,87.35,100.0
2026-06-04,5310,天剛,23.8,23.9,23.0,23.85,14,0,0,0,0,0.06,99.93,100.0
2026-06-04,5312,寶島科,96.0,96.0,95.0,95.6,35,0,1,0,0,7.86,92.13,100.0
2026-06-04,5314,世紀*,63.5,63.5,61.9,62.0,2710,717,-703,0,-19,12.87,87.12,100.0
2026-06-04,5315,光聯,22.7,22.75,22.5,22.75,612,42,-89,0,0,9.48,90.51,100.0
2026-06-04,5321,美而快,50.5,50.5,50.5,50.5,450,0,0,0,0,1.71,98.28,100.0
2026-06-04,5324,士開,12.0,12.05,11.95,12.0,195,0,23,0,0,5.26,94.73,100.0
2026-06-04,5328,華容,37.2,39.0,37.2,37.5,10147,5660,-200,0,-66,3.03,96.96,100.0
2026-06-04,5340,建榮,101.0,101.5,99.0,99.5,1800,412,-205,0,-15,49.78,50.21,100.0
2026-06-04,5344,立衛,16.9,16.9,16.35,16.5,126,0,-20,0,0,0.16,99.83,100.0
2026-06-04,5345,天揚,22.05,22.05,21.0,22.0,30,0,0,0,0,0.03,99.96,100.0
2026-06-04,5345,馥鴻,22.05,22.05,21.0,22.0,30,0,0,0,0,0.03,99.96,100.0
2026-06-04,5347,世界,166.0,168.0,160.0,163.0,31676,9390,7278,-7749,-402,29.34,70.65,100.0
2026-06-04,5348,正能量智能,15.4,15.45,15.4,15.4,7,0,0,0,0,0.02,99.97,100.0
2026-06-04,5351,鈺創,89.1,94.9,88.0,88.1,35694,21029,4841,0,34,23.57,76.42,100.0
2026-06-04,5353,台林,32.3,35.2,32.05,33.5,1974,901,-43,0,0,0.51,99.48,100.0
2026-06-04,5355,佳總,6.53,6.98,6.4,6.92,177,0,-4,0,0,0.19,99.8,100.0
2026-06-04,5356,協益,27.6,27.6,27.35,27.35,175,10,-23,0,0,3.31,96.68,100.0
2026-06-04,5364,力麗店,8.84,8.88,8.73,8.86,140,23,1,0,0,0.69,99.3,100.0
2026-06-04,5371,中光電,75.4,76.5,74.1,75.2,6289,2850,-1036,300,117,20.11,79.88,100.0
2026-06-04,5381,光譜,29.25,31.9,28.8,30.25,12055,6651,-816,0,-43,0.93,99.06,100.0
2026-06-04,5386,青雲,541.0,564.0,540.0,541.0,1375,718,54,0,-4,3.64,96.35,100.0
2026-06-04,5388,中磊,90.9,92.0,87.8,88.9,5189,1332,-435,0,-119,18.65,81.31,100.0
2026-06-04,5392,能率,45.55,47.0,43.6,46.95,6847,3805,-46,0,14,3.96,96.03,100.0
2026-06-04,5398,慕康生醫,17.8,18.0,17.75,17.85,61,4,2,0,0,5.57,94.42,100.0
2026-06-04,5403,中菲,89.2,89.2,88.0,88.5,39,3,-15,0,0,6.21,93.78,100.0
2026-06-04,5410,國眾,40.3,41.0,40.05,40.05,1188,217,319,0,0,9.11,90.88,100.0
2026-06-04,5425,台半,103.0,111.0,101.5,101.5,29419,17576,-2839,0,-829,14.91,85.08,100.0
2026-06-04,5426,振發,27.25,27.25,27.25,27.25,1410,0,0,0,154,2.52,97.47,100.0
2026-06-04,5432,新門,133.5,134.0,130.0,130.0,68,9,-11,0,0,0.81,99.18,100.0
2026-06-04,5434,崇越,479.5,484.0,461.5,464.5,838,217,-38,3,0,31.04,68.95,100.0
2026-06-04,5438,東友,20.05,20.35,19.75,19.75,240,30,-30,0,0,1.14,98.85,100.0
2026-06-04,5439,高技,374.5,374.5,360.5,366.0,1882,633,-390,0,-15,18.6,81.39,100.0
2026-06-04,5443,均豪,122.0,122.0,117.0,118.0,3707,1468,-426,0,-108,8.11,91.88,100.0
2026-06-04,5450,寶聯通,13.35,13.45,13.0,13.35,130,78,8,0,0,0.13,99.86,100.0
2026-06-04,5450,南良,13.35,13.45,13.0,13.35,130,78,8,0,0,0.13,99.86,100.0
2026-06-04,5452,佶優,35.35,37.5,35.05,36.15,9394,4089,304,0,85,11.17,88.82,100.0
2026-06-04,5455,昇益,0.0,0.0,0.0,0.0,0,0,0,0,0,0.07,99.92,100.0
2026-06-04,5457,宣德,31.8,32.2,31.0,31.35,797,185,-127,0,2,28.09,71.9,100.0
2026-06-04,5460,同協,15.3,15.5,15.2,15.25,90,6,0,0,0,0.42,99.57,100.0
2026-06-04,5464,霖宏,69.0,69.0,63.0,65.8,3638,1307,-507,0,-9,3.57,96.42,100.0
2026-06-04,5465,富驊,28.25,28.3,27.4,27.7,184,26,-39,0,0,2.37,97.62,100.0
2026-06-04,5468,凱鈺,18.05,18.35,17.95,17.95,218,0,13,0,14,0.18,99.81,100.0
2026-06-04,5469,瀚宇博,87.6,87.6,85.1,85.6,2526,901,-648,0,-21,11.23,88.76,100.0
2026-06-04,5471,松翰,52.2,52.6,51.3,51.7,1787,387,-278,0,2,9.95,90.04,100.0
2026-06-04,5474,聰泰,178.5,179.0,174.0,176.0,530,113,33,0,-5,2.31,97.68,100.0
2026-06-04,5475,德宏,319.5,319.5,300.5,303.0,2575,0,-447,0,1,8.97,91.02,100.0
2026-06-04,5478,智冠,103.0,104.0,102.0,103.5,200,52,15,0,2,18.04,81.95,100.0
2026-06-04,5481,新華,19.0,19.1,18.7,18.8,127,19,-13,0,0,25.92,74.07,100.0
2026-06-04,5483,中美晶,164.0,164.5,159.0,160.5,11766,4315,-1649,4,-226,23.27,76.72,100.0
2026-06-04,5484,慧友,54.5,56.0,52.6,54.1,1298,0,13,0,0,1.47,98.52,100.0
2026-06-04,5487,通泰,27.4,29.2,27.4,27.4,102,62,7,0,0,0.6,99.39,100.0
2026-06-04,5488,松普,13.6,13.95,13.3,13.3,1671,402,-80,0,0,1.42,98.57,100.0
2026-06-04,5489,彩富,38.75,41.9,38.7,40.15,282,102,-37,0,3,0.61,99.38,100.0
2026-06-04,5490,同亨,30.15,30.45,29.65,29.65,761,131,17,0,0,6.76,93.23,100.0
2026-06-04,5493,三聯,91.9,92.9,88.7,89.2,228,53,-69,0,-3,2.49,97.5,100.0
2026-06-04,5498,凱崴,62.4,63.2,60.2,61.1,3346,940,-496,0,-6,3.03,96.96,100.0
2026-06-04,5508,永信建,55.7,56.6,53.9,54.6,3524,1080,-552,-2,69,3.35,96.64,100.0
2026-06-04,5511,德昌,71.8,73.2,71.8,73.2,181,62,75,0,0,4.35,95.64,100.0
2026-06-04,5512,力麒,7.73,7.96,7.65,7.82,3563,1563,93,0,-2,4.95,95.04,100.0
2026-06-04,5514,三豐,14.1,14.1,13.65,13.75,63,18,6,0,0,0.03,99.96,100.0
2026-06-04,5515,建國,41.0,41.6,40.95,41.1,380,62,145,0,2,12.39,87.6,100.0
2026-06-04,5516,雙喜,10.3,11.15,10.3,11.0,119,0,8,0,0,0.08,99.91,100.0
2026-06-04,5519,隆大,32.25,32.4,32.2,32.3,507,74,36,0,8,4.33,95.66,100.0
2026-06-04,5520,力泰,81.4,81.4,81.4,81.4,4,0,2,0,0,0.03,99.96,100.0
2026-06-04,5521,工信,10.6,10.6,10.3,10.5,3780,1306,-1106,0,1,7.76,92.23,100.0
2026-06-04,5522,遠雄,75.8,76.4,74.3,74.4,1527,445,-50,-9,78,4.68,95.31,100.0
2026-06-04,5523,豐謙,30.3,30.45,30.2,30.45,105,33,-1,0,0,0.12,99.87,100.0
2026-06-04,5525,順天,22.0,22.65,21.85,22.15,218,95,36,0,1,1.71,98.28,100.0
2026-06-04,5529,鉅陞,22.2,22.6,22.2,22.45,180,7,3,0,0,0.75,99.24,100.0
2026-06-04,5530,龍巖,58.3,58.3,53.7,54.8,3388,1334,-503,0,-11,54.35,45.64,100.0
2026-06-04,5531,鄉林,7.98,8.14,7.92,8.1,566,92,49,0,0,2.61,97.38,100.0
2026-06-04,5533,皇鼎,13.95,14.1,13.95,14.05,134,7,-11,0,0,2.75,97.24,100.0
2026-06-04,5534,長虹,73.8,74.6,73.5,74.2,2131,229,-330,0,8,8.3,91.69,100.0
2026-06-04,5536,聖暉*,1085.0,1160.0,1075.0,1120.0,1854,527,738,8,-27,38.48,61.51,100.0
2026-06-04,5538,東明-KY,36.4,36.4,34.95,35.2,26,9,-4,0,0,63.83,36.16,100.0
2026-06-04,5543,桓鼎-KY,29.8,30.0,29.75,29.95,26,0,0,0,0,0.02,99.97,100.0
2026-06-04,5546,永固-KY,17.2,17.2,16.7,17.1,65,8,15,0,1,53.77,46.22,100.0
2026-06-04,5547,久舜,22.4,22.5,22.15,22.2,25,0,0,0,0,0.16,99.83,100.0
2026-06-04,5548,安倉,23.5,23.5,23.3,23.4,38,7,0,0,0,0.2,99.79,100.0
2026-06-04,5601,台聯櫃,31.7,33.2,31.7,33.2,16,0,0,0,0,4.44,95.55,100.0
2026-06-04,5603,陸海,15.2,15.35,15.2,15.3,168,6,35,0,0,5.21,94.78,100.0
2026-06-04,5604,中連貨,30.8,31.35,30.8,31.35,40,0,10,0,0,3.05,96.94,100.0
2026-06-04,5604,中連,30.8,31.35,30.8,31.35,40,0,10,0,0,3.05,96.94,100.0
2026-06-04,5607,遠雄港,52.4,53.4,51.9,52.9,950,140,32,0,12,3.47,96.52,100.0
2026-06-04,5608,四維航,15.1,15.1,14.85,14.95,1431,266,-379,0,0,5.02,42.47,47.5
2026-06-04,5609,中菲行,82.2,82.4,81.8,82.3,224,4,21,0,0,14.46,85.53,100.0
2026-06-04,5701,劍湖山,5.85,5.85,5.85,5.85,1299,0,0,0,-432,0.0,99.99,100.0
2026-06-04,5703,亞都,14.6,14.6,13.65,14.45,10,0,0,0,0,6.62,93.37,100.0
2026-06-04,5704,老爺知,21.25,21.4,21.05,21.15,16,2,-2,0,0,0.17,99.82,100.0
2026-06-04,5706,鳳凰,52.9,54.3,52.5,53.5,608,127,145,0,1,2.04,97.95,100.0
2026-06-04,5859,遠壽,13.48,13.75,13.25,13.75,230,0,-6,0,0,0.0,0.0,0.0
2026-06-04,5863,瑞興銀,10.77,11.0,10.7,11.0,72,0,1,0,0,0.0,0.0,0.0
2026-06-04,5864,致和證,49.5,51.8,48.7,50.6,12648,5741,-811,0,0,6.48,93.51,100.0
2026-06-04,5871,中租-KY,118.0,120.5,117.0,119.0,24881,6833,-3721,9086,-2,44.85,55.14,100.0
2026-06-04,5876,上海商銀,40.85,41.65,40.75,40.75,13002,1329,3454,82,-105,53.56,46.43,100.0
2026-06-04,5878,台名,39.0,39.95,39.0,39.3,92,0,0,0,0,0.56,99.43,100.0
2026-06-04,5880,合庫金,23.4,24.0,23.35,23.7,44263,7301,20194,613,699,15.33,84.66,100.0
2026-06-04,5902,德記,34.65,35.4,34.2,35.25,33,3,4,0,0,1.19,98.8,100.0
2026-06-04,5903,全家,187.5,189.5,187.5,189.5,85,12,12,0,0,50.92,49.07,100.0
2026-06-04,5904,寶雅,569.0,584.0,569.0,582.0,333,62,126,-3,-6,29.22,70.77,100.0
2026-06-04,5905,南仁湖,8.48,8.5,8.23,8.35,1214,0,102,0,0,1.5,98.49,100.0
2026-06-04,5906,台南-KY,0.0,0.0,0.0,0.0,0,0,0,0,0,19.37,80.62,100.0
2026-06-04,5907,大洋-KY,5.11,5.48,5.11,5.28,636,130,135,0,0,52.3,47.69,100.0
2026-06-04,6005,群益證,44.55,44.55,41.45,42.45,48237,19448,5720,-10234,0,17.48,82.51,100.0
2026-06-04,6015,宏遠證,22.85,24.0,22.25,22.5,23929,10558,-1176,0,0,9.13,90.86,100.0
2026-06-04,6016,康和證,35.9,36.5,34.2,35.3,35636,16673,-3084,0,0,10.61,89.38,100.0
2026-06-04,6020,大展證,25.7,25.7,24.75,25.25,585,175,9,0,0,0.03,99.96,100.0
2026-06-04,6021,美好證,42.95,43.9,42.3,42.75,964,351,33,0,0,7.7,92.29,100.0
2026-06-04,6023,元大期,102.0,102.5,100.5,101.5,249,42,57,0,0,2.08,97.91,100.0
2026-06-04,6024,群益期,60.0,60.7,59.7,60.1,461,60,109,0,0,4.34,95.65,100.0
2026-06-04,6026,福邦證,19.2,19.4,18.8,18.95,9543,3186,-471,0,0,8.86,91.13,100.0
2026-06-04,6027,德信,13.2,13.2,12.55,13.15,70,0,3,0,0,0.0,0.0,0.0
2026-06-04,6028,公勝保經,79.7,79.7,79.0,79.0,56,0,0,0,0,0.64,99.35,100.0
2026-06-04,6035,悠遊卡,51.94,52.4,50.7,52.2,6,0,-1,0,0,0.0,0.0,0.0
2026-06-04,6101,寬魚國際,41.6,41.8,41.3,41.6,280,35,-15,0,0,0.42,99.57,100.0
2026-06-04,6103,合邦,0.0,0.0,0.0,0.0,0,0,0,0,0,0.68,99.31,100.0
2026-06-04,6104,創惟,103.0,103.5,101.0,102.5,1654,551,-294,0,47,12.6,87.39,100.0
2026-06-04,6108,競國,19.75,19.75,19.35,19.4,779,118,-255,0,4,3.63,96.36,100.0
2026-06-04,6109,亞元,11.7,11.9,11.5,11.8,285,0,-24,0,0,1.97,98.02,100.0
2026-06-04,6111,光聚晶電,43.9,43.9,43.45,43.5,203,26,-22,0,-10,10.69,89.3,100.0
2026-06-04,6112,邁達特,48.95,49.4,47.3,47.7,1890,792,27,0,-93,1.83,98.16,100.0
2026-06-04,6113,亞矽,27.05,27.4,26.0,26.0,379,66,1,0,0,3.42,96.57,100.0
2026-06-04,6114,久威,31.5,31.55,31.2,31.3,52,2,-7,0,0,0.77,99.22,100.0
2026-06-04,6115,鎰勝,48.7,50.1,48.65,49.9,1119,135,187,0,0,5.66,94.33,100.0
2026-06-04,6116,彩晶,21.6,21.6,20.45,20.45,43646,0,947,0,105,7.51,92.48,100.0
2026-06-04,6117,迎廣,87.5,87.6,84.1,85.1,1130,252,-427,0,-11,1.83,98.16,100.0
2026-06-04,6118,建達,18.35,18.4,18.05,18.25,245,73,-59,0,0,1.41,98.58,100.0
2026-06-04,6120,達運,15.9,16.0,15.2,15.85,6382,2430,-23,22,-12,9.4,90.59,100.0
2026-06-04,6121,新普,406.0,414.0,406.0,410.0,1355,341,558,-472,-2,38.71,61.28,100.0
2026-06-04,6122,擎邦,48.65,48.65,48.05,48.35,216,20,51,0,0,4.75,95.24,100.0
2026-06-04,6123,上奇,46.3,47.9,46.05,47.3,305,48,13,0,-5,2.66,97.33,100.0
2026-06-04,6124,業強,34.0,36.95,33.4,36.95,629,98,216,0,8,51.0,48.99,100.0
2026-06-04,6125,廣運,68.2,68.8,66.5,66.6,2569,377,-281,0,-171,9.31,90.68,100.0
2026-06-04,6126,信音,42.2,44.5,41.0,43.0,18946,9956,-495,0,245,7.0,92.99,100.0
2026-06-04,6127,九豪,74.6,78.5,74.2,75.2,20695,13148,39,0,-17,9.02,90.97,100.0
2026-06-04,6128,上福,20.75,21.3,20.75,21.2,189,14,-17,0,1,4.5,95.49,100.0
2026-06-04,6129,普誠,17.5,17.5,16.6,16.7,1229,0,-427,0,0,2.3,97.69,100.0
2026-06-04,6130,上亞科技,23.2,23.2,22.25,22.25,112,24,8,0,0,0.49,99.5,100.0
2026-06-04,6133,金橋,24.05,25.3,23.7,24.8,3308,1111,575,0,0,2.93,97.06,100.0
2026-06-04,6134,萬旭,37.0,39.05,36.3,36.6,2821,1483,1,0,0,27.3,72.69,100.0
2026-06-04,6136,富爾特,26.95,26.95,26.35,26.55,490,107,-77,0,-1,3.5,96.49,100.0
2026-06-04,6138,茂達,327.5,334.0,325.0,325.5,494,166,47,0,-4,17.15,82.84,100.0
2026-06-04,6139,亞翔,779.0,848.0,773.0,825.0,9442,3565,2934,375,39,30.7,69.29,100.0
2026-06-04,6140,訊達,22.5,25.5,21.8,25.35,1560,0,80,0,0,1.74,98.25,100.0
2026-06-04,6141,柏承,40.0,40.2,39.2,39.4,1470,0,121,0,0,3.54,96.45,100.0
2026-06-04,6142,友勁,8.88,8.97,8.79,8.8,598,0,47,0,-2,2.68,97.31,100.0
2026-06-04,6143,振曜,99.0,99.0,96.6,96.6,995,75,-229,0,-2,10.09,89.9,100.0
2026-06-04,6144,得利影,14.85,14.85,14.15,14.65,21,0,-1,0,0,33.41,66.58,100.0
2026-06-04,6146,耕興,220.5,224.5,219.0,223.0,543,97,112,0,-4,29.79,70.2,100.0
2026-06-04,6147,頎邦,269.0,279.5,256.5,271.0,45491,28036,2146,-304,-133,22.51,77.48,100.0
2026-06-04,6148,驊宏資,33.1,37.25,33.1,37.25,2008,438,-30,0,16,1.83,98.16,100.0
2026-06-04,6150,撼訊,72.0,73.1,71.0,71.4,901,286,-154,0,5,5.96,94.03,100.0
2026-06-04,6151,晉倫,44.9,46.4,44.5,45.2,858,321,-77,0,0,4.85,95.14,100.0
2026-06-04,6152,百一,15.8,15.8,14.95,15.25,1973,0,42,0,0,2.14,97.85,100.0
2026-06-04,6153,嘉聯益,19.25,19.45,18.4,18.45,6681,1348,-2974,0,10,11.63,88.36,100.0
2026-06-04,6154,順發,13.85,13.9,13.75,13.85,91,2,-10,0,0,0.73,99.26,100.0
2026-06-04,6155,鈞寶,71.3,75.0,68.9,72.1,8863,5398,-201,0,0,9.27,90.72,100.0
2026-06-04,6156,松上,19.75,19.75,19.1,19.5,435,126,-116,0,0,5.26,94.73,100.0
2026-06-04,6158,禾昌,18.0,18.4,17.9,18.25,76,8,9,0,0,0.93,99.06,100.0
2026-06-04,6160,欣技,17.85,17.85,17.0,17.4,199,0,0,0,0,2.31,97.68,100.0
2026-06-04,6161,捷波,57.5,57.5,54.8,54.8,439,59,-114,0,0,2.93,97.06,100.0
2026-06-04,6163,華電網,56.8,59.0,55.5,55.5,11482,5874,-672,0,-56,2.95,97.04,100.0
2026-06-04,6164,華興,13.15,13.45,12.9,13.0,1494,434,150,0,0,5.93,94.06,100.0
2026-06-04,6165,浪凡,48.45,49.2,48.0,49.1,752,162,127,0,0,17.99,82.0,100.0
2026-06-04,6166,凌華,128.5,133.0,126.5,129.5,2761,1147,527,0,14,20.59,79.4,100.0
2026-06-04,6167,久正,12.65,12.9,12.25,12.35,952,293,-30,0,0,4.75,95.24,100.0
2026-06-04,6168,宏齊,27.4,27.4,26.45,26.55,3410,595,-286,0,2,3.38,96.61,100.0
2026-06-04,6169,昱泉,14.0,15.45,14.0,15.1,246,0,-94,0,0,0.23,99.76,100.0
2026-06-04,6170,統振,52.7,53.6,52.5,53.1,518,35,143,0,0,3.27,96.72,100.0
2026-06-04,6171,大城地產,23.5,23.85,23.5,23.85,28,1,16,0,0,0.18,99.81,100.0
2026-06-04,6173,信昌電,225.0,225.0,215.0,215.5,920,0,-87,0,90,17.4,82.59,100.0
2026-06-04,6174,安碁,45.95,47.55,43.85,43.85,1549,677,4,0,0,3.12,96.87,100.0
2026-06-04,6175,立敦,89.4,93.0,87.5,87.9,4004,1917,-107,0,-13,22.44,77.55,100.0
2026-06-04,6176,瑞儀,103.0,103.5,101.0,101.5,11567,3470,4641,-5388,8,27.39,72.6,100.0
2026-06-04,6177,達麗,44.1,45.0,44.1,44.65,1336,256,271,0,38,6.7,93.29,100.0
2026-06-04,6179,亞通,24.45,24.65,23.95,24.3,892,222,80,0,-1,4.98,95.01,100.0
2026-06-04,6180,橘子,43.05,43.05,42.15,42.8,732,197,-195,0,-5,22.65,77.34,100.0
2026-06-04,6182,合晶,94.0,94.3,89.9,90.9,4612,0,629,0,-168,23.03,76.96,100.0
2026-06-04,6183,關貿,90.9,90.9,90.3,90.9,11,0,4,0,0,1.09,98.9,100.0
2026-06-04,6184,大豐電,46.3,48.35,46.3,47.05,36,5,2,0,0,2.79,16.2,19.0
2026-06-04,6185,幃翔,14.95,14.95,14.4,14.55,461,59,-91,0,0,1.97,98.02,100.0
2026-06-04,6186,新潤,40.2,41.05,40.15,40.65,1841,537,-87,0,1,2.75,97.24,100.0
2026-06-04,6187,萬潤,1065.0,1170.0,1055.0,1115.0,4260,1609,-61,575,-4,28.67,71.32,100.0
2026-06-04,6188,廣明,87.9,87.9,84.8,86.7,3397,1545,-890,0,7,9.8,90.19,100.0
2026-06-04,6189,豐藝,54.2,54.8,52.8,52.8,5122,1408,-977,-8,-28,7.77,92.22,100.0
2026-06-04,6190,萬泰科,81.8,84.4,81.6,82.0,4743,1747,253,0,161,10.96,89.03,100.0
2026-06-04,6191,精成科,101.0,102.0,97.8,98.2,9121,2742,-1913,2,-60,4.49,95.5,100.0
2026-06-04,6192,巨路,130.5,131.0,128.0,128.5,217,40,12,0,2,25.3,74.69,100.0
2026-06-04,6194,育富,34.95,34.95,34.05,34.25,65,20,1,0,0,2.44,97.55,100.0
2026-06-04,6195,詩肯,25.9,26.65,25.9,26.55,26,2,3,0,0,45.04,54.95,100.0
2026-06-04,6196,帆宣,508.0,525.0,504.0,504.0,1864,895,354,19,5,17.27,82.72,100.0
2026-06-04,6197,佳必琪,318.0,325.0,316.5,316.5,5187,1788,-926,0,-70,7.06,92.93,100.0
2026-06-04,6198,瑞築,20.85,20.85,20.3,20.3,12,0,0,0,0,0.04,99.95,100.0
2026-06-04,6199,天品,91.3,91.8,90.4,90.8,756,313,226,0,0,5.67,94.32,100.0
2026-06-04,6201,亞弘電,49.8,49.8,49.3,49.3,21,4,-5,0,0,1.16,98.83,100.0
2026-06-04,6202,盛群,58.4,58.5,56.7,57.4,1716,563,-152,0,-12,11.85,88.14,100.0
2026-06-04,6203,海韻電,72.5,72.8,71.7,72.0,299,60,28,0,2,3.2,96.79,100.0
2026-06-04,6204,艾華,101.0,106.0,99.0,106.0,662,228,153,0,0,2.25,97.74,100.0
2026-06-04,6205,詮欣,90.0,90.6,84.5,86.0,3720,1547,-124,0,1,1.01,98.98,100.0
2026-06-04,6206,飛捷,141.5,142.0,138.5,140.0,1264,461,125,-3,-4,15.09,84.9,100.0
2026-06-04,6207,雷科,142.0,153.0,141.0,153.0,20703,13173,56,0,-141,7.59,92.4,100.0
2026-06-04,6208,日揚,90.6,90.6,85.7,86.7,1030,242,28,0,0,2.35,97.64,100.0
2026-06-04,6209,今國光,80.0,87.5,79.8,84.7,16433,8364,1124,0,384,6.11,93.88,100.0
2026-06-04,6210,慶生,21.2,21.2,20.9,21.05,17,0,0,0,0,0.25,99.74,100.0
2026-06-04,6212,理銘,28.0,28.05,28.0,28.05,2,0,-1,0,0,0.47,99.52,100.0
2026-06-04,6213,聯茂,266.5,267.5,258.0,260.5,7187,2692,-179,-33,-318,11.74,88.22,100.0
2026-06-04,6214,精誠,156.5,158.0,147.0,150.0,4586,2025,-475,0,-28,13.65,86.34,100.0
2026-06-04,6215,和椿,116.5,119.5,114.0,117.0,2119,862,57,0,-14,7.39,92.6,100.0
2026-06-04,6216,居易,23.9,23.9,23.55,23.75,211,46,-52,0,0,3.06,96.93,100.0
2026-06-04,6217,中探針,285.0,288.0,263.0,266.0,9416,3168,-254,0,-52,18.09,81.9,100.0
2026-06-04,6218,豪勉,38.4,38.5,36.85,36.9,586,75,-50,0,0,1.41,98.58,100.0
2026-06-04,6219,富旺,12.7,12.85,12.6,12.85,408,90,21,0,0,2.25,97.74,100.0
2026-06-04,6220,岳豐,33.3,35.75,33.05,35.0,1210,387,43,0,17,3.81,96.18,100.0
2026-06-04,6221,晉泰,24.5,24.75,23.9,24.75,596,74,37,0,0,1.25,98.74,100.0
2026-06-04,6222,立軒,20.4,20.45,20.3,20.45,16,0,1,0,0,0.12,99.87,100.0
2026-06-04,6223,旺矽,5925.0,6070.0,5835.0,6070.0,903,443,25,29,2,30.15,69.84,100.0
2026-06-04,6224,聚鼎,82.1,82.7,80.6,80.6,696,183,-135,0,1,4.18,95.81,100.0
2026-06-04,6225,天瀚,23.6,23.65,22.5,22.95,52,0,1,0,0,0.04,99.95,100.0
2026-06-04,6226,光鼎,14.0,14.0,13.3,13.6,2304,659,-462,0,-2,4.32,95.67,100.0
2026-06-04,6227,茂綸,133.0,135.5,131.0,134.5,1049,443,-46,0,49,5.92,94.07,100.0
2026-06-04,6228,全譜,21.7,21.7,20.75,20.85,29,0,0,0,0,0.18,99.81,100.0
2026-06-04,6229,研通,27.5,27.8,27.2,27.2,169,31,-5,0,0,1.53,98.46,100.0
2026-06-04,6230,尼得科超眾,143.5,147.0,140.5,142.5,99,35,-31,0,0,87.04,12.95,100.0
2026-06-04,6231,系微,310.0,339.0,307.0,319.0,2540,1144,336,0,38,13.51,86.48,100.0
2026-06-04,6233,旺玖,26.0,26.0,25.35,25.45,254,32,-70,0,0,6.34,93.65,100.0
2026-06-04,6234,高僑,47.35,47.5,46.35,46.4,1071,296,55,0,-6,10.06,89.93,100.0
2026-06-04,6235,華孚,45.35,45.65,44.3,45.1,1769,577,-81,0,0,3.5,96.49,100.0
2026-06-04,6236,中湛,0.0,0.0,0.0,0.0,0,0,0,0,0,0.02,99.97,100.0
2026-06-04,6237,驊訊,54.8,56.1,51.2,51.4,3965,1732,-655,0,-24,11.03,88.96,100.0
2026-06-04,6239,力成,340.0,360.0,339.0,354.0,15978,0,2108,-4622,936,36.56,63.43,100.0
2026-06-04,6240,松崗,18.15,18.4,18.15,18.4,7,0,0,0,0,0.25,99.74,100.0
2026-06-04,6241,鑫永洋,10.25,10.6,10.25,10.3,187,0,0,0,0,0.18,99.81,100.0
2026-06-04,6242,立康,38.2,38.4,38.2,38.3,12,0,1,0,0,0.48,99.51,100.0
2026-06-04,6243,迅杰,34.15,34.35,33.35,33.75,305,35,-155,0,0,2.62,97.37,100.0
2026-06-04,6244,茂迪,30.65,32.65,30.2,30.2,17320,9296,-3289,0,-414,20.28,79.71,100.0
2026-06-04,6245,立端,89.7,89.7,85.7,86.3,1646,301,-521,0,-20,9.38,90.61,100.0
2026-06-04,6246,臺龍,16.8,16.8,15.95,16.1,55,13,-2,0,0,0.23,99.76,100.0
2026-06-04,6248,沛波,19.0,19.15,18.85,19.05,151,9,-5,0,0,0.91,99.08,100.0
2026-06-04,6257,矽格,228.0,237.0,227.0,228.0,11694,5015,1858,-30,31,30.08,69.91,100.0
2026-06-04,6259,百徽,27.25,27.45,26.45,26.45,338,83,-46,0,1,40.06,59.93,100.0
2026-06-04,6261,久元,105.5,108.5,105.0,107.0,1647,536,203,0,26,6.05,93.94,100.0
2026-06-04,6263,普萊德,183.0,185.5,180.5,181.5,1264,165,-335,0,10,1.34,98.65,100.0
2026-06-04,6264,富裔,6.17,6.17,6.0,6.07,90,0,4,0,0,0.02,99.97,100.0
2026-06-04,6265,方土昶,58.5,64.7,58.5,63.9,23537,10557,6567,0,43,14.19,85.8,100.0
2026-06-04,6266,泰詠,28.25,28.4,28.15,28.15,342,20,-80,0,0,2.27,97.72,100.0
2026-06-04,6269,台郡,76.4,76.8,71.4,71.5,13826,4857,-2370,0,-1832,17.42,82.57,100.0
2026-06-04,6270,倍微,29.3,30.2,29.0,29.65,1627,466,237,0,0,5.16,94.83,100.0
2026-06-04,6271,同欣電,249.5,249.5,242.0,243.5,1991,0,438,-187,-47,33.21,66.78,100.0
2026-06-04,6272,驊陞,39.85,40.8,38.9,39.6,884,0,-139,0,-1,2.6,97.39,100.0
2026-06-04,6274,台燿,1680.0,1705.0,1640.0,1695.0,3450,1818,-221,208,-130,37.73,62.26,100.0
2026-06-04,6275,元山,52.0,52.0,51.0,51.3,457,87,-67,0,-7,2.26,97.73,100.0
2026-06-04,6276,安鈦克,27.95,28.45,27.5,27.6,29,0,-9,0,0,1.69,98.3,100.0
2026-06-04,6277,宏正,79.5,79.5,77.5,78.9,395,107,87,0,2,8.82,91.17,100.0
2026-06-04,6278,台表科,207.0,214.0,206.5,212.0,6519,2682,609,-442,-122,16.93,83.06,100.0
2026-06-04,6279,胡連,120.5,120.5,118.5,118.5,429,29,-86,-3,7,4.09,95.9,100.0
2026-06-04,6281,全國電,51.0,51.8,51.0,51.5,159,21,26,0,1,2.39,97.6,100.0
2026-06-04,6282,康舒,63.9,70.8,63.8,70.8,123061,60911,13077,0,1827,21.61,78.38,100.0
2026-06-04,6283,淳安,25.4,26.5,25.2,25.3,621,197,39,0,2,18.79,81.2,100.0
2026-06-04,6284,佳邦,104.0,107.5,101.0,101.0,2853,957,-255,0,-13,10.14,89.85,100.0
2026-06-04,6285,啟碁,303.0,305.0,289.0,296.0,11401,6049,-266,-67,-97,24.64,75.35,100.0
2026-06-04,6290,良維,361.5,364.0,357.5,363.5,2453,1056,181,0,-51,17.97,82.02,100.0
2026-06-04,6291,沛亨,603.0,603.0,588.0,590.0,512,0,16,0,-175,3.41,96.58,100.0
2026-06-04,6292,迅德,62.6,63.0,61.2,61.6,304,48,10,0,0,1.38,98.61,100.0
2026-06-04,6294,智基,27.45,27.6,27.45,27.55,11,2,-1,0,0,0.6,99.39,100.0
2026-06-04,6405,悅城,80.0,80.0,77.5,79.0,506,0,-30,0,152,5.09,94.9,100.0
2026-06-04,6407,相互,32.98,34.1,32.55,32.75,624,0,0,0,0,0.0,0.0,0.0
2026-06-04,6409,旭隼,778.0,844.0,777.0,844.0,1705,291,504,0,164,50.82,49.17,100.0
2026-06-04,6411,晶焱,99.7,101.5,98.0,99.1,1437,577,88,0,0,9.03,90.96,100.0
2026-06-04,6412,群電,105.0,105.0,101.0,103.0,5202,1207,1174,-2280,15,6.14,93.85,100.0
2026-06-04,6414,樺漢,382.5,389.5,378.5,389.5,1790,562,440,14,-45,36.03,63.96,100.0
2026-06-04,6415,矽力*-KY,581.0,589.0,565.0,570.0,3131,1409,234,-213,-8,80.6,19.39,100.0
2026-06-04,6416,瑞祺電通,91.0,91.6,89.4,89.4,252,56,-40,0,0,4.8,95.19,100.0
2026-06-04,6417,韋僑,139.0,140.5,137.0,138.5,156,47,-5,0,0,10.5,89.49,100.0
2026-06-04,6418,詠昇,31.4,34.5,31.25,34.5,506,120,55,0,1,3.59,96.4,100.0
2026-06-04,6419,京晨科,145.0,147.5,144.0,144.0,175,34,-3,0,0,8.97,91.02,100.0
2026-06-04,6423,億而得-創,92.6,92.6,90.0,91.5,127,36,-4,0,0,4.79,95.2,100.0
2026-06-04,6423,億而得,92.6,92.6,90.0,91.5,127,36,-4,0,0,4.79,95.2,100.0
2026-06-04,6425,易發,86.7,88.9,84.2,84.2,1344,442,-120,0,0,3.32,96.67,100.0
2026-06-04,6426,統新,245.5,251.0,233.0,242.5,1515,724,103,0,-2,8.21,91.78,100.0
2026-06-04,6428,台灣淘米,13.7,0.0,0.0,0.0,0,0,0,0,0,0.0,0.0,0.0
2026-06-04,6431,光麗-KY,18.5,18.5,18.15,18.35,70,0,0,0,0,56.82,43.17,100.0
2026-06-04,6432,今展科,63.4,65.3,61.2,61.2,1191,444,-74,0,10,4.77,95.22,100.0
2026-06-04,6434,達輝光電,18.31,21.05,19.0,20.2,1876,0,-27,0,0,0.0,0.0,0.0
2026-06-04,6435,大中,285.0,293.5,285.0,289.5,436,183,98,0,1,13.62,86.37,100.0
2026-06-04,6438,迅得,161.5,163.0,160.0,161.5,627,135,0,0,-5,6.48,93.51,100.0
2026-06-04,6441,廣錠,24.4,25.55,24.3,25.15,395,129,-16,0,0,0.73,99.26,100.0
2026-06-04,6442,光聖,1950.0,2200.0,1950.0,2145.0,5777,2870,539,96,-116,33.65,66.34,100.0
2026-06-04,6443,元晶,42.9,43.9,41.45,41.5,22864,10412,-6170,0,-478,13.3,86.69,100.0
2026-06-04,6446,藥華藥,892.0,945.0,885.0,938.0,2644,1092,527,24,3,24.22,75.77,100.0
2026-06-04,6449,鈺邦,370.0,388.5,370.0,385.0,179,0,32,0,-10,5.82,94.17,100.0
2026-06-04,6451,訊芯-KY,700.0,756.0,676.0,680.0,11188,7176,156,0,-129,69.38,30.61,100.0
2026-06-04,6456,GIS-KY,91.5,95.1,85.1,86.0,40084,19561,-5392,0,-153,46.61,53.38,100.0
2026-06-04,6461,益得,16.05,17.6,15.95,16.5,345,0,0,0,0,0.58,99.41,100.0
2026-06-04,6462,神盾,121.5,121.5,118.0,118.0,1386,358,-292,0,-14,20.62,79.37,100.0
2026-06-04,6464,台數科,78.0,78.0,77.7,78.0,20,6,-1,0,0,0.82,19.16,19.99
2026-06-04,6465,威潤,54.7,60.0,54.1,58.0,1862,883,66,0,0,2.6,97.39,100.0
2026-06-04,6467,泰合,118.9,124.5,120.0,124.0,77,0,0,0,0,0.0,0.0,0.0
2026-06-04,6469,大樹,72.9,74.6,72.9,74.6,1315,247,-33,0,0,5.49,94.5,100.0
2026-06-04,6470,宇智,50.3,50.9,49.75,50.8,111,19,23,0,0,6.89,93.1,100.0
2026-06-04,6472,保瑞,355.5,372.5,352.5,363.0,1310,476,98,0,47,10.38,89.61,100.0
2026-06-04,6473,美賣*,8.16,8.73,8.15,8.72,234,0,-5,0,0,0.0,0.0,0.0
2026-06-04,6474,華豫寧,38.4,38.4,38.0,38.25,62,1,-11,0,0,0.29,99.7,100.0
2026-06-04,6477,安集,34.85,35.85,34.35,34.35,985,446,-252,0,2,3.45,96.54,100.0
2026-06-04,6482,弘煜科,29.0,30.3,29.0,30.3,16,6,1,0,0,2.43,97.56,100.0
2026-06-04,6483,原創生醫,13.42,13.6,13.3,13.55,35,0,0,0,0,0.0,0.0,0.0
2026-06-04,6485,點序,114.0,124.0,114.0,124.0,6985,2709,463,0,179,13.57,86.42,100.0
2026-06-04,6486,互動,82.2,83.2,82.1,83.2,109,5,-5,0,0,3.89,96.1,100.0
2026-06-04,6488,環球晶,929.0,935.0,870.0,870.0,1538,0,-18,-66,-124,26.12,73.87,100.0
2026-06-04,6491,晶碩,324.0,330.0,322.5,328.0,591,98,137,0,5,11.51,88.48,100.0
2026-06-04,6492,生華科,44.0,45.65,44.0,44.5,180,0,18,0,0,6.8,93.19,100.0
2026-06-04,6493,雷虎生,28.34,28.7,27.6,28.0,12,0,0,0,0,0.0,0.0,0.0
2026-06-04,6494,九齊,57.1,57.8,56.0,57.7,124,42,-1,0,1,10.19,89.8,100.0
2026-06-04,6496,科懋,23.45,24.05,23.45,24.05,9,2,2,0,0,0.3,99.69,100.0
2026-06-04,6498,久禾光,104.0,104.0,101.5,103.0,153,35,-10,0,1,2.14,97.85,100.0
2026-06-04,6499,益安,83.2,83.9,82.6,82.8,340,92,35,0,-75,13.72,86.27,100.0
2026-06-04,6504,南六,37.95,37.95,36.8,37.35,47,17,12,0,0,0.98,99.01,100.0
2026-06-04,6505,台塑化,56.5,58.1,55.7,57.5,16387,2859,7640,40,-224,6.19,93.8,100.0
2026-06-04,6506,雙邦,20.8,21.3,20.6,20.6,564,132,-17,0,0,0.97,99.02,100.0
2026-06-04,6508,惠光,23.95,24.3,23.8,24.15,121,34,26,0,0,0.95,99.04,100.0
2026-06-04,6509,聚和,49.05,52.6,49.05,51.5,4960,1334,1273,55,90,11.72,88.27,100.0
2026-06-04,6510,精測,3355.0,3555.0,3295.0,3505.0,1623,641,-67,209,-9,21.49,78.5,100.0
2026-06-04,6512,啟發電,19.5,19.9,19.5,19.85,34,0,0,0,0,0.07,99.92,100.0
2026-06-04,6515,穎崴,8150.0,8710.0,8150.0,8650.0,344,125,19,72,-5,21.33,78.66,100.0
2026-06-04,6516,勤崴國際,59.9,61.0,59.9,60.1,148,42,-8,0,2,1.32,98.67,100.0
2026-06-04,6517,保勝光學,61.6,63.8,60.8,63.0,583,207,106,0,0,3.0,96.99,100.0
2026-06-04,6518,康科特,30.22,30.65,30.1,30.1,4,0,0,0,0,0.0,0.0,0.0
2026-06-04,6523,達爾膚,99.5,99.5,98.5,98.9,33,1,-2,0,0,1.44,98.55,100.0
2026-06-04,6525,捷敏-KY,120.0,122.0,115.0,119.5,1232,275,160,-3,-4,15.0,84.99,100.0
2026-06-04,6526,達發,706.0,712.0,686.0,687.0,808,222,-117,1,-7,6.76,93.23,100.0
2026-06-04,6527,明達醫,71.0,71.0,70.5,70.8,33,0,1,0,0,0.18,99.81,100.0
2026-06-04,6530,創威,119.5,120.0,109.5,109.5,4145,1763,-640,0,-34,4.33,95.66,100.0
2026-06-04,6531,愛普*,1060.0,1150.0,1055.0,1055.0,4002,2205,8,23,1,27.96,72.03,100.0
2026-06-04,6532,瑞耘,101.5,105.5,99.7,101.0,1222,463,-79,0,0,5.77,94.22,100.0
2026-06-04,6533,晶心科,233.0,233.0,224.5,225.0,891,227,-291,0,-7,11.21,88.78,100.0
2026-06-04,6534,正瀚-創,91.5,93.6,91.3,91.3,102,23,29,0,2,40.54,59.45,100.0
2026-06-04,6535,順藥,117.5,121.5,115.5,115.5,372,0,-59,0,0,5.4,94.59,100.0
2026-06-04,6536,碩豐,23.39,24.5,21.85,22.8,29,0,-3,0,0,0.0,0.0,0.0
2026-06-04,6538,倉和,126.5,138.5,125.5,136.0,618,0,-34,0,-13,5.46,94.53,100.0
2026-06-04,6539,麗彤,43.65,43.25,42.0,43.25,3,0,0,0,0,0.0,0.0,0.0
2026-06-04,6541,泰福-KY,41.3,41.95,41.15,41.15,279,98,16,0,1,13.96,86.03,100.0
2026-06-04,6542,隆中,50.2,51.5,48.5,48.5,12,3,-1,0,0,18.1,81.89,100.0
2026-06-04,6543,普惠醫工,20.8,20.9,20.15,20.75,5,0,0,0,0,0.0,0.0,0.0
2026-06-04,6546,正基,80.7,81.7,77.5,77.6,1476,378,97,0,-38,10.65,89.34,100.0
2026-06-04,6547,高端疫苗,45.35,49.85,45.0,49.85,3723,1125,916,0,26,10.0,89.99,100.0
2026-06-04,6548,長科*,89.2,98.1,81.4,98.1,12992,0,480,2938,-144,5.76,94.23,100.0
2026-06-04,6549,景凱,7.58,7.83,7.42,7.61,336,0,0,0,0,0.0,0.0,0.0
2026-06-04,6550,北極星藥業-KY,13.25,13.35,12.95,13.1,1635,0,-189,0,-4,68.55,31.44,100.0
2026-06-04,6552,易華電,34.95,36.15,33.8,33.85,578,143,-158,0,0,1.42,98.57,100.0
2026-06-04,6555,榮炭,21.59,23.3,22.35,22.95,275,0,-6,0,0,0.0,0.0,0.0
2026-06-04,6556,勝品,73.0,73.0,71.5,72.5,19,0,0,0,0,0.57,99.42,100.0
2026-06-04,6558,興能高,34.1,35.2,33.55,34.05,2735,1268,-788,0,0,1.33,98.66,100.0
2026-06-04,6559,研晶,22.96,23.05,20.95,21.55,111,0,2,0,0,0.0,0.0,0.0
2026-06-04,6560,欣普羅,39.8,41.1,39.4,39.9,190,33,-5,0,0,5.08,94.91,100.0
2026-06-04,6561,是方,377.5,378.5,367.5,370.5,116,14,-50,7,1,6.76,93.23,100.0
2026-06-04,6563,映智,28.51,28.7,27.9,28.0,46,0,0,0,0,0.0,0.0,0.0
2026-06-04,6564,安特羅,17.0,17.5,17.05,17.5,84,0,0,0,0,0.0,0.0,0.0
2026-06-04,6565,物聯,22.69,23.0,21.75,22.35,40,0,6,0,0,0.0,0.0,0.0
2026-06-04,6568,宏觀,221.0,221.0,213.5,213.5,285,66,-75,0,-26,5.81,94.18,100.0
2026-06-04,6569,醫揚,104.5,113.5,103.0,111.5,275,58,-13,0,11,3.13,96.86,100.0
2026-06-04,6570,維田,59.2,59.2,57.5,57.8,139,0,4,0,-6,1.83,98.16,100.0
2026-06-04,6572,博錸,7.74,7.94,7.51,7.78,118,0,-10,0,0,0.0,0.0,0.0
2026-06-04,6573,虹揚-KY,18.0,18.0,16.5,16.65,1062,0,140,0,-1,54.72,45.27,100.0
2026-06-04,6574,霈方,110.0,114.0,110.0,113.5,54,0,13,0,-1,0.9,99.09,100.0
2026-06-04,6576,逸達,76.0,77.0,75.4,76.5,116,0,17,0,-2,22.33,77.66,100.0
2026-06-04,6577,勁豐,81.2,82.2,81.2,81.9,43,0,2,0,0,1.07,98.92,100.0
2026-06-04,6578,達邦蛋白,16.6,16.9,16.6,16.75,57,5,8,0,0,0.78,99.21,100.0
2026-06-04,6579,研揚,167.0,167.0,161.0,163.5,628,113,87,0,0,3.4,96.59,100.0
2026-06-04,6580,台睿,14.7,15.15,14.5,14.95,86,0,0,0,0,0.0,0.0,0.0
2026-06-04,6581,鋼聯,110.0,111.0,109.5,109.5,23,2,8,0,0,1.03,98.96,100.0
2026-06-04,6582,申豐,32.25,32.55,31.5,32.25,107,23,15,0,0,12.97,87.02,100.0
2026-06-04,6583,友松,11.85,11.75,11.75,11.75,1,0,0,0,0,0.0,0.0,0.0
2026-06-04,6584,南俊國際,670.0,673.0,651.0,670.0,599,268,-116,0,0,12.1,87.89,100.0
2026-06-04,6585,鼎基,99.6,109.0,99.6,109.0,1167,265,14,0,8,3.49,96.5,100.0
2026-06-04,6586,醣基,68.6,68.8,67.1,67.8,341,0,0,0,0,0.0,0.0,0.0
2026-06-04,6588,東典光電,111.5,113.0,106.5,108.5,622,260,-75,0,0,2.6,97.39,100.0
2026-06-04,6589,台康生技,44.8,46.95,44.45,44.9,1703,594,-352,0,4,4.44,95.55,100.0
2026-06-04,6590,普鴻,66.5,66.5,66.4,66.5,8,0,0,0,0,0.06,99.93,100.0
2026-06-04,6591,動力-KY,59.0,59.5,58.1,59.1,358,104,26,0,0,20.17,79.82,100.0
2026-06-04,6592,和潤企業,65.0,65.0,63.9,64.4,826,198,60,2,9,26.39,73.6,100.0
2026-06-04,6593,台灣銘板,35.25,35.25,34.8,34.9,42,0,8,0,0,1.6,98.39,100.0
2026-06-04,6595,光禹國際,30.23,31.15,29.8,31.15,45,0,-1,0,0,0.0,0.0,0.0
2026-06-04,6596,寬宏藝術,98.1,98.8,97.3,97.7,185,26,43,0,0,1.69,98.3,100.0
2026-06-04,6597,立誠,71.0,71.0,71.0,71.0,1,0,0,0,0,0.0,100.0,100.0
2026-06-04,6598,ABC-KY,24.0,24.85,24.0,24.5,265,0,15,0,-3,23.83,76.16,100.0
2026-06-04,6599,普達系統,45.11,0.0,0.0,0.0,0,0,0,0,0,0.0,0.0,0.0
2026-06-04,6603,富強鑫,24.35,24.35,23.8,23.9,671,140,-61,0,0,1.53,98.46,100.0
2026-06-04,6604,儒億,37.1,39.45,37.3,39.0,171,0,6,0,0,0.0,0.0,0.0
2026-06-04,6605,帝寶,145.0,145.5,142.0,143.5,609,154,82,0,0,15.42,84.57,100.0
2026-06-04,6606,建德工業,26.75,26.8,26.05,26.6,263,30,-14,0,-2,3.4,96.59,100.0
2026-06-04,6609,瀧澤科,46.8,47.05,45.25,45.6,751,240,-41,0,-2,53.17,46.82,100.0
2026-06-04,6610,安成生技,27.47,27.1,26.0,27.1,99,0,0,0,0,0.0,0.0,0.0
2026-06-04,6612,奈米醫材,71.8,72.4,71.7,72.4,39,2,3,0,0,26.01,73.98,100.0
2026-06-04,6613,朋億*,261.5,277.0,261.5,266.0,353,148,28,0,-6,7.74,92.25,100.0
2026-06-04,6614,資拓宏宇,40.1,40.45,39.85,40.0,64,7,4,0,-7,0.71,99.28,100.0
2026-06-04,6615,慧智,33.05,33.9,33.05,33.45,36,6,0,0,0,0.26,99.73,100.0
2026-06-04,6616,特昇-KY,9.01,9.89,9.0,9.75,407,93,24,0,1,55.99,44.0,100.0
2026-06-04,6617,共信-KY,68.1,68.9,67.1,67.4,145,51,-13,0,0,38.46,61.53,100.0
2026-06-04,6618,永虹先進,18.63,19.05,18.25,19.0,601,0,46,0,0,0.0,0.0,0.0
2026-06-04,6620,漢達,72.0,72.9,71.3,71.3,246,68,-25,0,24,25.08,74.91,100.0
2026-06-04,6621,華宇藥,11.78,11.9,11.55,11.6,130,0,2,0,0,0.0,0.0,0.0
2026-06-04,6622,百聿數碼,7.02,7.15,7.0,7.15,25,0,0,0,0,0.0,0.0,0.0
2026-06-04,6624,萬年清,39.2,43.0,39.2,43.0,47,6,-5,0,0,0.41,99.58,100.0
2026-06-04,6625,必應,74.6,75.2,74.3,74.7,321,49,34,0,0,1.2,98.79,100.0
2026-06-04,6629,泰金-KY,117.5,119.5,117.5,118.5,47,5,17,0,-1,77.02,22.97,100.0
2026-06-04,6634,欣耀,62.86,64.0,61.0,62.0,158,0,0,0,0,0.0,0.0,0.0
2026-06-04,6637,醫影,67.9,68.0,67.0,67.4,41,9,2,0,0,0.35,99.64,100.0
2026-06-04,6638,沅聖,51.01,53.0,50.6,52.9,22,0,0,0,0,0.0,0.0,0.0
2026-06-04,6639,源大環能,6.95,7.05,6.7,7.0,95,0,0,0,0,0.0,0.0,0.0
2026-06-04,6640,均華,1250.0,1250.0,1190.0,1200.0,760,257,99,-231,-3,7.87,92.12,100.0
2026-06-04,6641,基士德-KY,18.4,19.25,18.4,19.05,77,15,16,0,-2,30.03,69.96,100.0
2026-06-04,6642,富致,83.3,83.9,81.7,82.3,666,234,-28,0,0,1.85,98.14,100.0
2026-06-04,6643,M31,577.0,578.0,561.0,561.0,556,168,-42,0,-3,10.61,89.38,100.0
2026-06-04,6645,金萬林-創,11.9,11.95,11.5,11.8,40,0,3,0,0,0.85,99.14,100.0
2026-06-04,6648,斯其大,16.68,19.55,17.1,18.85,320,0,6,0,0,0.0,0.0,0.0
2026-06-04,6649,台生材,39.1,39.2,39.0,39.0,3,0,-1,0,0,3.89,96.1,100.0
2026-06-04,6650,帝圖,26.8,27.2,25.95,27.1,0,0,0,0,0,0.0,0.0,0.0
2026-06-04,6651,全宇昕,143.0,145.0,139.5,140.5,279,83,24,0,0,4.42,95.57,100.0
2026-06-04,6654,天正國際,164.0,170.5,163.5,169.5,172,0,-6,0,0,0.57,99.42,100.0
2026-06-04,6655,科定,128.0,128.0,127.5,128.0,10,3,-2,0,0,0.52,99.47,100.0
2026-06-04,6657,華安,41.1,41.2,39.4,39.55,294,0,5,0,0,7.15,92.84,100.0
2026-06-04,6658,聯策,204.0,211.0,200.0,203.0,816,334,-51,0,0,3.75,96.24,100.0
2026-06-04,6659,天明製藥,19.79,20.15,19.25,20.15,55,0,0,0,0,0.0,0.0,0.0
2026-06-04,6661,威健生技,16.1,16.25,16.0,16.1,14,0,0,0,0,0.0,99.99,100.0
2026-06-04,6662,樂斯科,29.05,30.0,29.05,29.4,7,0,0,0,0,0.21,99.78,100.0
2026-06-04,6664,群翊,407.0,418.0,404.5,409.0,584,228,-97,0,3,6.83,93.16,100.0
2026-06-04,6665,康聯生醫,18.76,19.4,19.0,19.15,25,0,-2,0,0,0.0,0.0,0.0
2026-06-04,6666,羅麗芬-KY,40.5,40.75,40.0,40.65,10,1,-2,0,0,75.19,24.8,100.0
2026-06-04,6667,信紘科,267.0,277.0,267.0,276.0,698,165,81,0,22,8.86,91.13,100.0
2026-06-04,6668,中揚光,39.15,39.2,38.05,38.55,584,209,30,0,0,10.12,89.87,100.0
2026-06-04,6669,緯穎,5515.0,5720.0,5380.0,5570.0,1704,841,-192,35,10,30.84,69.15,100.0
2026-06-04,6670,復盛應用,280.0,280.5,278.0,280.0,599,107,-229,0,5,24.81,75.18,100.0
2026-06-04,6671,三能-KY,27.0,27.4,26.9,26.9,60,8,37,0,3,39.89,60.1,100.0
2026-06-04,6672,騰輝電子-KY,222.5,228.0,220.5,222.0,7183,3545,-243,0,-5,17.0,82.99,100.0
2026-06-04,6673,和詮,16.65,18.1,16.15,17.05,367,0,-46,0,0,0.0,0.0,0.0
2026-06-04,6674,鋐寶科技,18.65,18.65,17.95,18.45,36,10,-2,0,0,0.52,99.47,100.0
2026-06-04,6676,祥翊,13.26,14.3,13.35,13.7,464,0,0,0,0,0.0,0.0,0.0
2026-06-04,6677,瑩碩生技,17.72,17.9,17.5,17.8,15,0,0,0,0,0.0,0.0,0.0
2026-06-04,6679,鈺太,294.0,296.0,285.5,287.0,509,114,0,11,-25,10.01,89.98,100.0
2026-06-04,6680,鑫創電子,55.2,56.2,55.2,56.2,2,0,-1,0,0,0.17,99.82,100.0
2026-06-04,6682,華旭先進,69.92,71.0,67.6,68.3,2170,0,12,0,0,0.0,0.0,0.0
2026-06-04,6683,雍智科技,1690.0,1735.0,1650.0,1680.0,614,289,23,0,-3,14.37,85.62,100.0
2026-06-04,6684,安格,45.05,45.1,44.35,44.5,177,22,-29,0,0,2.06,97.93,100.0
2026-06-04,6689,伊雲谷,72.0,76.3,71.5,74.3,684,246,-45,0,-1,4.29,95.7,100.0
2026-06-04,6690,安碁資訊,183.0,186.0,179.0,182.5,154,34,0,0,0,4.16,95.83,100.0
2026-06-04,6691,洋基工程,640.0,663.0,631.0,635.0,793,356,-33,0,-2,15.94,84.05,100.0
2026-06-04,6692,進能服,25.4,27.4,25.2,27.4,51,3,9,0,0,0.15,99.84,100.0
2026-06-04,6693,廣閎科,155.5,157.0,150.5,157.0,1015,295,109,0,12,14.04,85.95,100.0
2026-06-04,6695,芯鼎,56.6,56.6,52.8,53.1,2296,570,-321,0,2,3.08,96.91,100.0
2026-06-04,6696,仁新,380.3,391.5,377.5,381.5,184,0,0,0,0,0.0,0.0,0.0
2026-06-04,6697,東捷資訊,44.5,44.5,43.8,43.8,76,7,-9,0,0,0.75,99.24,100.0
2026-06-04,6698,旭暉應材,42.55,45.8,41.1,44.75,4437,2196,-226,0,-1,0.9,99.09,100.0
2026-06-04,6703,軒郁,109.5,112.0,109.0,111.0,72,12,9,0,0,13.72,86.27,100.0
2026-06-04,6704,國璽幹細胞,19.79,20.5,19.65,20.1,151,0,0,0,0,0.0,0.0,0.0
2026-06-04,6705,振躍精密,102.66,106.5,99.3,103.0,55,0,-4,0,0,0.0,0.0,0.0
2026-06-04,6706,惠特,202.5,204.5,194.5,194.5,3261,1122,122,0,-50,7.17,92.82,100.0
2026-06-04,6707,富基電通,35.25,35.95,34.55,35.9,187,0,-5,0,0,0.0,0.0,0.0
2026-06-04,6708,天擎,40.0,40.35,39.95,40.35,18,0,0,0,0,3.17,96.82,100.0
2026-06-04,6709,昱厚生技,25.19,25.6,25.1,25.35,79,0,-3,0,0,0.0,0.0,0.0
2026-06-04,6712,長聖,138.5,143.0,138.0,139.5,591,197,-17,0,0,2.95,97.04,100.0
2026-06-04,6715,嘉基,476.0,501.0,451.0,455.0,836,449,-91,0,-16,3.58,96.41,100.0
2026-06-04,6716,應廣,101.0,105.0,101.0,102.5,662,243,-25,0,0,4.14,95.85,100.0
2026-06-04,6719,力智,236.0,239.0,234.0,234.5,1038,225,137,0,-12,5.11,94.88,100.0
2026-06-04,6720,久昌,153.0,153.0,148.5,150.5,34,12,-3,0,-1,1.17,98.82,100.0
2026-06-04,6721,信實,0.0,0.0,0.0,0.0,0,0,0,0,0,0.0,100.0,100.0
2026-06-04,6722,輝創,40.6,40.6,39.3,39.75,88,0,20,0,0,2.63,97.36,100.0
2026-06-04,6723,傑智環境,38.71,39.4,37.4,38.95,32,0,0,0,0,0.0,0.0,0.0
2026-06-04,6725,矽科宏晟,324.0,324.0,310.5,310.5,251,42,-14,0,-5,3.79,96.2,100.0
2026-06-04,6727,亞泰金屬,521.0,529.0,485.5,489.5,2171,950,160,0,66,11.67,88.32,100.0
2026-06-04,6728,上洋,117.0,117.0,113.0,113.5,47,5,-4,0,0,0.73,99.26,100.0
2026-06-04,6729,機光科技,58.37,58.5,55.0,57.3,74,0,-12,0,0,0.0,0.0,0.0
2026-06-04,6730,常廣,36.8,36.8,36.8,36.8,1,0,0,0,0,0.01,99.98,100.0
2026-06-04,6732,昇佳電子,174.0,174.0,168.0,169.0,239,36,-99,0,0,5.21,94.78,100.0
2026-06-04,6733,博晟生醫,26.2,26.5,26.0,26.4,146,0,15,0,0,1.55,98.44,100.0
2026-06-04,6734,安盛生,6.71,7.35,6.75,6.85,72,0,0,0,0,0.0,0.0,0.0
2026-06-04,6735,美達科技,111.0,114.5,105.0,106.0,1739,793,-302,0,-1,1.94,98.05,100.0
2026-06-04,6737,秀育,30.95,31.1,30.55,31.1,5,0,0,0,0,0.0,0.0,0.0
2026-06-04,6738,鼎恒,67.34,67.7,66.5,67.7,77,0,0,0,0,0.0,0.0,0.0
2026-06-04,6739,竹陞科技,1300.0,1305.0,1270.0,1275.0,114,46,-2,0,0,1.65,98.34,100.0
2026-06-04,6741,91APP*-KY,64.0,64.1,63.3,63.6,192,47,-3,0,0,41.83,58.16,100.0
2026-06-04,6742,澤米,60.1,63.9,60.1,63.6,2113,0,-63,0,-1,2.09,97.9,100.0
2026-06-04,6743,安普新,30.6,30.9,30.05,30.3,636,190,-135,0,0,3.74,96.25,100.0
2026-06-04,6744,豐技生技,16.0,16.15,15.45,15.75,30,0,0,0,0,0.0,0.0,0.0
2026-06-04,6748,亞果生醫,75.45,84.8,73.7,82.8,1127,0,10,0,0,0.0,0.0,0.0
2026-06-04,6750,泰創工程,66.79,69.2,65.7,65.8,410,0,-13,0,0,0.0,0.0,0.0
2026-06-04,6751,智聯服務,51.4,51.5,50.4,50.6,25,3,3,0,0,0.6,99.39,100.0
2026-06-04,6752,叡揚,107.5,107.5,104.5,105.0,64,4,6,0,0,2.71,97.28,100.0
2026-06-04,6753,龍德造船,126.0,126.0,123.5,124.0,668,83,-258,0,10,2.71,6.78,9.5
2026-06-04,6754,匯僑設計,46.05,46.3,46.05,46.1,25,1,0,0,0,15.56,84.43,100.0
2026-06-04,6755,連鋐科技,18.02,18.05,17.4,18.05,4,0,0,0,0,0.0,0.0,0.0
2026-06-04,6756,威鋒電子,100.0,100.0,96.6,97.0,354,90,-23,0,1,2.75,97.24,100.0
2026-06-04,6757,台灣虎航-創,55.8,56.2,54.0,54.2,5639,1058,1197,-3370,9,3.46,46.52,49.99
2026-06-04,6757,台灣虎航,55.8,56.2,54.0,54.2,5639,1058,1197,-3370,9,3.46,46.52,49.99
2026-06-04,6758,冠亞,28.5,29.35,28.0,28.35,21,0,0,0,0,0.0,0.0,0.0
2026-06-04,6761,穩得,216.0,223.0,211.5,212.5,1795,764,-420,0,60,5.38,94.61,100.0
2026-06-04,6762,達亞,0.0,0.0,0.0,0.0,0,0,0,0,0,5.85,94.14,100.0
2026-06-04,6763,綠界科技,46.3,46.7,45.8,45.85,691,166,-145,0,0,1.69,98.3,100.0
2026-06-04,6763,綠界科技*,46.3,46.7,45.8,45.85,691,166,-145,0,0,1.69,98.3,100.0
2026-06-04,6767,台微醫,26.4,26.4,25.75,26.0,5,0,0,0,0,0.23,99.76,100.0
2026-06-04,6768,志強-KY,96.8,98.0,94.5,95.7,1265,461,184,-3,0,57.13,42.86,100.0
2026-06-04,6770,力積電,82.9,83.4,80.2,81.0,73514,0,16811,67,-6715,18.02,81.97,100.0
2026-06-04,6771,平和環保-創,41.85,41.85,41.4,41.45,59,8,8,0,4,0.63,99.36,100.0
2026-06-04,6775,穎台科技,49.5,49.0,44.95,46.6,552,0,-7,0,0,0.0,0.0,0.0
2026-06-04,6776,展碁國際,61.0,61.1,60.1,60.3,304,53,55,0,0,2.19,97.8,100.0
2026-06-04,6780,學習王,40.65,40.8,40.65,40.65,13,0,0,0,0,0.0,0.0,0.0
2026-06-04,6781,AES-KY,1200.0,1245.0,1155.0,1155.0,1999,1082,-204,-41,-59,67.58,32.41,100.0
2026-06-04,6782,視陽,195.0,201.0,195.0,200.0,503,70,63,0,0,7.6,92.39,100.0
2026-06-04,6784,天凱科技,25.95,27.1,25.8,26.4,53,0,0,0,0,0.0,0.0,0.0
2026-06-04,6785,昱展新藥,116.0,120.5,115.5,116.0,118,41,-14,0,0,8.04,91.95,100.0
2026-06-04,6786,芯測,90.99,94.6,88.1,90.4,227,0,25,0,0,0.0,0.0,0.0
2026-06-04,6787,晶瑞光,33.65,33.9,32.9,33.05,457,0,0,0,0,0.0,0.0,0.0
2026-06-04,6788,華景電,415.0,415.5,407.5,408.5,347,83,-90,0,-12,10.44,89.55,100.0
2026-06-04,6789,采鈺,530.0,533.0,521.0,524.0,1859,499,-449,-62,-3,3.15,96.84,100.0
2026-06-04,6790,永豐實,39.8,40.85,39.7,40.0,860,278,140,0,0,1.98,98.01,100.0
2026-06-04,6791,虎門科技,119.5,119.5,116.5,117.0,32,7,-10,0,0,11.93,88.06,100.0
2026-06-04,6792,詠業,70.2,70.3,69.2,69.8,103,14,0,0,-1,1.88,98.11,100.0
2026-06-04,6793,天力離岸,4.94,5.2,4.86,5.14,143,0,7,0,0,0.0,0.0,0.0
2026-06-04,6794,向榮生技-創,84.5,84.5,82.1,83.2,43,5,-6,0,1,0.47,99.52,100.0
2026-06-04,6794,向榮生技,84.5,84.5,82.1,83.2,43,5,-6,0,1,0.47,99.52,100.0
2026-06-04,6796,晉弘,61.6,63.1,60.8,62.7,231,44,56,0,0,15.67,84.32,100.0
2026-06-04,6797,圓點奈米,13.04,14.0,12.0,13.15,444,0,0,0,0,0.0,0.0,0.0
2026-06-04,6798,展逸,50.0,49.95,49.5,49.95,0,0,0,0,0,0.0,0.0,0.0
2026-06-04,6799,來頡,102.0,102.5,95.1,97.0,2228,959,543,0,0,9.55,90.42,100.0
2026-06-04,6803,崑鼎,286.5,288.5,286.5,287.5,62,8,-3,0,1,3.21,96.78,100.0
2026-06-04,6804,明係,15.95,16.5,15.8,16.3,42,4,0,0,0,4.16,95.83,100.0
2026-06-04,6805,富世達,2020.0,2055.0,1955.0,1985.0,1191,479,-95,65,-18,21.22,78.77,100.0
2026-06-04,6806,森崴能源,6.26,6.26,6.26,6.26,844,0,1,0,0,2.32,97.67,100.0
2026-06-04,6807,峰源-KY,34.0,34.0,33.5,33.85,14,2,3,0,0,43.55,56.44,100.0
2026-06-04,6808,三鼎生技,23.77,25.75,22.8,23.8,693,0,-4,0,0,0.0,0.0,0.0
2026-06-04,6810,新穎生醫,29.6,30.6,28.75,29.7,143,0,0,0,0,0.0,0.0,0.0
2026-06-04,6811,宏碁資訊,245.0,247.5,242.5,244.0,311,91,49,0,-1,2.32,97.67,100.0
2026-06-04,6812,梭特,70.05,70.8,66.7,70.5,137,0,-3,0,0,0.0,0.0,0.0
2026-06-04,6814,路迦生醫,24.0,24.15,22.9,24.0,80,0,-1,0,0,0.0,0.0,0.0
2026-06-04,6815,晶鑽生醫,30.94,30.95,30.0,30.8,44,0,-1,0,0,0.0,0.0,0.0
2026-06-04,6816,捷智商訊,36.27,37.0,35.3,36.5,11,0,0,0,0,0.0,0.0,0.0
2026-06-04,6817,溫士頓,63.15,63.8,62.6,63.5,55,0,-1,0,0,0.0,0.0,0.0
2026-06-04,6818,連騰,64.79,65.0,61.7,62.6,71,0,-2,0,0,0.0,0.0,0.0
2026-06-04,6819,眾智,51.28,60.1,43.0,47.0,720,0,14,0,0,0.0,0.0,0.0
2026-06-04,6820,連訊,314.16,329.0,300.5,314.0,111,0,-11,0,0,0.0,0.0,0.0
2026-06-04,6821,聯寶,68.8,69.2,67.5,67.5,300,0,6,0,-2,1.95,98.04,100.0
2026-06-04,6823,濾能,72.5,72.5,71.1,71.4,135,27,26,0,-7,24.93,75.06,100.0
2026-06-04,6825,和暢科技,44.46,45.15,43.7,45.0,17,0,0,0,0,0.0,0.0,0.0
2026-06-04,6826,和淞,548.08,567.0,546.0,558.0,336,0,45,0,0,0.0,0.0,0.0
2026-06-04,6827,巨生醫,13.12,13.2,12.65,13.05,68,0,4,0,0,0.0,0.0,0.0
2026-06-04,6829,千附精密,214.0,219.5,206.0,207.5,920,269,14,0,-17,2.16,97.83,100.0
2026-06-04,6830,汎銓,690.0,733.0,676.0,676.0,1586,715,-258,0,-14,4.86,95.13,100.0
2026-06-04,6831,邁科,716.0,736.0,712.0,721.0,646,278,-102,90,-5,13.06,86.93,100.0
2026-06-04,6832,金鼎科,91.46,96.0,92.0,94.5,78,0,2,0,0,0.0,0.0,0.0
2026-06-04,6833,太康精密,25.59,26.2,23.95,24.55,50,0,-1,0,0,0.0,0.0,0.0
2026-06-04,6834,天二科技,70.5,75.3,70.5,72.0,567,0,40,0,-26,16.26,83.73,100.0
2026-06-04,6835,圓裕,38.5,38.5,37.5,37.5,111,20,-51,0,0,6.64,93.35,100.0
2026-06-04,6838,台新藥,25.85,26.25,25.7,25.7,190,0,60,0,2,1.34,98.65,100.0
2026-06-04,6839,開陽能源,12.06,13.55,11.8,13.55,452,0,6,0,0,0.0,0.0,0.0
2026-06-04,6840,東研信超,72.0,72.7,69.4,69.9,205,55,37,0,0,3.85,96.14,100.0
2026-06-04,6841,長佳智能,56.6,58.7,56.1,58.1,393,80,20,0,3,3.27,96.72,100.0
2026-06-04,6842,瑞宇,104.94,106.0,103.0,104.5,130,0,0,0,0,0.0,0.0,0.0
2026-06-04,6843,進典,41.0,41.1,40.9,40.9,18,2,2,0,1,0.1,99.89,100.0
2026-06-04,6844,諾貝兒,64.7,65.0,63.5,65.0,44,0,0,0,0,0.03,99.96,100.0
2026-06-04,6846,綠茵,68.8,68.8,68.0,68.0,12,1,-2,0,0,0.18,99.81,100.0
2026-06-04,6847,普瑞博,86.36,88.7,84.3,87.6,48,0,-2,0,0,0.0,0.0,0.0
2026-06-04,6848,拉法醫,19.47,19.5,19.1,19.1,13,0,0,0,0,0.0,0.0,0.0
2026-06-04,6849,奇鼎科技,196.67,221.0,193.0,210.5,422,0,25,0,0,0.0,0.0,0.0
2026-06-04,6850,光鼎生技,35.35,35.85,35.0,35.2,12,0,0,0,0,0.0,0.0,0.0
2026-06-04,6854,錼創科技-KY創,141.0,145.5,139.0,143.5,480,94,-149,0,-11,32.26,67.73,100.0
2026-06-04,6855,數泓科,128.0,132.5,128.0,129.5,52,0,0,0,11,0.23,99.76,100.0
2026-06-04,6856,鑫傳,48.85,49.65,48.85,49.2,12,0,0,0,0,0.0,49.98,49.99
2026-06-04,6857,宏碁智醫,98.8,98.5,96.0,98.5,0,0,0,0,0,0.0,0.0,0.0
2026-06-04,6858,愛比科技,24.08,24.0,24.0,24.0,3,0,0,0,0,0.0,0.0,0.0
2026-06-04,6859,伯特光,129.0,136.0,128.5,132.0,238,66,45,0,0,13.91,86.08,100.0
2026-06-04,6861,睿生光電,349.5,363.0,348.0,348.5,675,304,83,0,0,1.25,98.74,100.0
2026-06-04,6862,三集瑞-KY,192.5,196.0,184.5,186.0,901,355,55,0,-16,66.86,33.13,100.0
2026-06-04,6863,永道-KY,106.5,108.0,105.0,106.5,79,12,-24,0,0,69.37,30.62,100.0
2026-06-04,6864,元樟生技,49.87,50.2,49.6,50.0,28,0,0,0,0,0.0,0.0,0.0
2026-06-04,6865,偉康科技,29.0,29.65,28.2,29.0,48,11,-10,0,0,0.2,99.79,100.0
2026-06-04,6867,坦德科技,20.66,21.1,20.2,20.95,20,0,1,0,0,0.0,0.0,0.0
2026-06-04,6868,采威國際,31.11,31.0,30.4,31.0,8,0,0,0,0,0.0,0.0,0.0
2026-06-04,6869,雲豹能源-創,88.5,91.3,87.4,88.2,2707,1306,-294,0,-15,2.89,97.1,100.0
2026-06-04,6869,雲豹能源,88.5,91.3,87.4,88.2,2707,1306,-294,0,-15,2.89,97.1,100.0
2026-06-04,6870,騰雲,264.5,296.0,261.5,275.5,804,410,5,0,1,1.27,98.72,100.0
2026-06-04,6872,浩宇生醫,17.1,17.1,16.95,16.95,53,0,0,0,0,0.36,99.63,100.0
2026-06-04,6873,泓德能源-創,95.3,103.5,95.3,98.6,2755,1363,-361,0,52,7.41,92.58,100.0
2026-06-04,6873,泓德能源,95.3,103.5,95.3,98.6,2755,1363,-361,0,52,7.41,92.58,100.0
2026-06-04,6874,倍力,83.0,84.0,82.9,82.9,49,14,6,0,0,0.68,99.31,100.0
2026-06-04,6875,國邑*,35.6,35.9,35.05,35.15,87,0,-2,0,0,1.81,98.18,100.0
2026-06-04,6876,朗齊生醫*,15.65,17.45,15.75,17.45,355,0,2,0,0,0.0,0.0,0.0
2026-06-04,6877,鏵友益,153.5,158.0,151.5,155.5,135,41,-40,0,-2,4.2,95.79,100.0
2026-06-04,6878,歐付寶,9.8,10.05,9.7,9.7,98,0,0,0,0,0.0,0.0,0.0
2026-06-04,6879,大江基因,36.88,0.0,0.0,0.0,0,0,0,0,0,0.0,0.0,0.0
2026-06-04,6881,潤德,268.0,268.0,264.5,264.5,6,0,0,0,0,0.05,99.94,100.0
2026-06-04,6882,甲尚,20.13,21.0,19.1,20.3,93,0,-3,0,0,0.0,0.0,0.0
2026-06-04,6883,微電能源,16.95,17.4,16.05,16.45,87,0,1,0,0,0.0,0.0,0.0
2026-06-04,6884,海柏特,34.2,34.2,33.95,33.95,3,0,0,0,0,5.6,94.39,100.0
2026-06-04,6885,全福生技,24.5,24.85,23.9,24.15,761,297,4,0,6,3.0,96.99,100.0
2026-06-04,6886,遠東生技,48.2,48.35,46.0,48.35,2,0,0,0,0,0.0,0.0,0.0
2026-06-04,6887,寶綠特-KY,34.7,36.9,34.5,35.65,14,4,0,0,0,53.33,46.66,100.0
2026-06-04,6890,來億-KY,208.5,231.5,207.5,231.5,5824,2451,-743,1890,25,87.07,12.92,100.0
2026-06-04,6891,樂迦再生,51.56,51.1,48.8,50.7,470,0,3,0,0,0.0,0.0,0.0
2026-06-04,6892,台寶生醫,26.02,27.35,25.85,26.2,279,0,11,0,0,0.0,0.0,0.0
2026-06-04,6894,衛司特,394.5,399.0,384.0,384.0,109,17,-35,0,-1,3.55,96.44,100.0
2026-06-04,6895,宏碩系統,145.0,154.5,145.0,154.5,119,9,24,0,1,3.62,96.37,100.0
2026-06-04,6898,程曦資訊,93.94,96.0,91.8,94.9,47,0,0,0,0,0.0,0.0,0.0
2026-06-04,6899,創為精密,63.8,63.8,61.0,61.2,106,13,4,0,0,5.12,94.87,100.0
2026-06-04,6901,鑽石投資,14.3,15.7,14.0,14.5,4408,1616,499,0,-26,0.67,99.32,100.0
2026-06-04,6902,GOGOLOOK-創,145.0,146.0,140.0,144.0,267,73,-43,0,0,3.74,96.25,100.0
2026-06-04,6902,GOGOLOOK,145.0,146.0,140.0,144.0,267,73,-43,0,0,3.74,96.25,100.0
2026-06-04,6903,巨漢,391.5,414.0,390.0,406.5,1124,399,139,0,12,3.64,96.35,100.0
2026-06-04,6904,伯鑫,115.0,118.0,115.0,118.0,4,1,0,0,0,0.06,99.93,100.0
2026-06-04,6906,現觀科,105.0,106.0,103.0,103.5,127,0,20,0,1,7.28,92.71,100.0
2026-06-04,6907,雅特力-KY,147.0,154.0,140.5,154.0,4782,2243,43,0,-25,53.76,46.23,100.0
2026-06-04,6908,宏碁遊戲-創,40.0,40.5,40.0,40.5,17,0,6,0,-1,0.66,99.33,100.0
2026-06-04,6909,創控,50.9,50.9,47.85,48.25,896,167,-90,0,0,8.32,91.67,100.0
2026-06-04,6910,德鴻,29.1,29.15,28.85,29.15,46,0,-3,0,0,4.79,95.2,100.0
2026-06-04,6911,群運,32.07,32.15,31.9,32.1,27,0,0,0,0,0.0,0.0,0.0
2026-06-04,6912,益鈞環科*,13.47,14.0,13.2,13.8,177,0,-4,0,0,0.0,0.0,0.0
2026-06-04,6913,鴻呈,136.5,137.0,132.5,136.5,316,122,-9,0,-9,3.05,96.94,100.0
2026-06-04,6914,阜爾運通,142.5,143.0,142.0,142.0,33,1,-1,0,0,2.09,97.9,100.0
2026-06-04,6915,美強光,57.88,64.7,58.2,62.7,53,0,0,0,0,0.0,0.0,0.0
2026-06-04,6916,華凌,19.5,19.55,18.8,19.1,93,24,0,0,0,0.56,99.43,100.0
2026-06-04,6917,竟天,31.27,31.9,30.5,31.3,143,0,0,0,0,0.0,0.0,0.0
2026-06-04,6918,愛派司,75.2,75.2,74.0,74.0,16,1,-2,0,0,0.84,99.15,100.0
2026-06-04,6919,康霈*,98.0,101.5,96.4,96.4,5762,2793,18,0,67,12.76,87.23,100.0
2026-06-04,6920,恆勁科技,118.59,118.0,111.5,112.5,2146,0,12,0,0,0.0,0.0,0.0
2026-06-04,6921,嘉雨思-創,75.7,75.7,73.0,73.0,63,0,-18,0,5,29.53,70.46,100.0
2026-06-04,6922,宸曜,193.5,193.5,187.5,188.0,213,43,-26,0,-2,0.89,99.1,100.0
2026-06-04,6923,中台,78.6,79.8,78.5,79.3,277,128,67,0,0,1.37,98.62,100.0
2026-06-04,6924,榮惠-KY創,181.0,182.0,169.5,169.5,167,0,-15,0,5,76.51,23.48,100.0
2026-06-04,6925,意藍,71.6,76.0,68.6,69.3,444,213,-3,0,0,2.55,97.44,100.0
2026-06-04,6926,聖安生醫,62.56,64.4,62.4,64.4,48,0,2,0,0,0.0,0.0,0.0
2026-06-04,6927,聯合聚晶,64.48,68.2,64.3,66.2,155,0,-4,0,0,0.0,0.0,0.0
2026-06-04,6928,攸泰科技,47.8,47.8,46.95,47.3,126,28,34,0,0,0.59,99.4,100.0
2026-06-04,6929,佑全,23.45,23.5,23.1,23.5,17,0,0,0,0,0.02,99.97,100.0
2026-06-04,6931,青松健康,40.9,41.2,40.45,41.0,46,9,4,0,0,0.67,99.32,100.0
2026-06-04,6932,水星生醫*,6.47,6.73,6.42,6.72,189,0,0,0,0,0.0,0.0,0.0
2026-06-04,6933,AMAX-KY,183.0,183.5,173.0,174.0,364,74,-30,0,-3,28.37,71.62,100.0
2026-06-04,6934,心誠鎂,73.5,74.9,72.7,73.4,42,0,7,0,0,12.53,87.46,100.0
2026-06-04,6935,王子製藥,29.83,30.0,30.0,30.0,1,0,0,0,0,0.0,0.0,0.0
2026-06-04,6936,永鴻生技,33.65,34.05,33.55,33.7,74,0,3,0,0,0.49,99.5,100.0
2026-06-04,6937,天虹,295.5,299.5,293.0,297.0,400,161,-47,0,-26,2.31,97.67,100.0
2026-06-04,6938,藍新資訊,98.33,102.5,97.2,100.0,44,0,0,0,0,0.0,0.0,0.0
2026-06-04,6939,啟弘生技,20.5,20.5,19.5,20.5,30,0,2,0,0,0.0,0.0,0.0
2026-06-04,6940,格斯科技*,26.85,28.1,25.35,26.95,1388,0,-22,0,0,0.0,0.0,0.0
2026-06-04,6944,兆聯實業,912.0,953.0,906.0,934.0,959,261,503,0,35,14.53,85.46,100.0
2026-06-04,6945,圓祥生技,125.42,131.0,123.0,131.0,343,0,0,0,0,2.94,97.05,100.0
2026-06-04,6946,三地能源,10.89,12.05,10.9,11.55,183,0,0,0,0,0.0,0.0,0.0
2026-06-04,6947,台鎔科技,84.82,93.0,84.7,91.5,1826,0,5,0,0,0.0,0.0,0.0
2026-06-04,6949,沛爾生醫-創,629.0,650.0,625.0,645.0,52,9,-19,0,0,1.95,98.04,100.0
2026-06-04,6951,青新-創,82.4,83.0,82.0,82.9,49,9,7,0,-2,2.01,97.98,100.0
2026-06-04,6952,大武山,36.25,36.4,36.15,36.15,16,1,4,0,0,0.34,99.65,100.0
2026-06-04,6953,家碩,241.0,244.0,240.0,241.0,55,3,-25,0,0,0.63,99.36,100.0
2026-06-04,6955,邦睿生技-創,146.0,146.0,146.0,146.0,1,0,0,0,0,17.75,82.24,100.0
2026-06-04,6957,裕慶-KY,189.0,197.5,188.0,194.0,278,68,-4,0,0,5.94,94.05,100.0
2026-06-04,6958,日盛台駿,17.15,17.45,17.1,17.2,31,9,3,0,6,0.46,99.53,100.0
2026-06-04,6959,兆捷科技,146.54,150.5,143.0,146.0,407,0,0,0,0,0.0,0.0,0.0
2026-06-04,6961,旅天下,60.2,60.8,60.1,60.8,133,0,1,0,0,0.43,99.56,100.0
2026-06-04,6962,奕力-KY,38.2,38.2,36.75,36.75,5796,1006,-2525,0,-137,40.96,59.03,100.0
2026-06-04,6963,品元,26.59,26.5,26.5,26.5,0,0,0,0,0,0.0,0.0,0.0
2026-06-04,6965,中傑-KY,83.1,83.1,81.1,81.8,32,9,11,0,0,77.23,22.76,100.0
2026-06-04,6967,汎瑋材料,70.6,72.5,70.5,71.3,108,36,-8,0,0,1.94,98.05,100.0
2026-06-04,6968,萬達寵物,42.4,45.1,42.35,44.05,159,21,36,0,0,1.26,98.73,100.0
2026-06-04,6969,成信實業*-創,27.85,27.9,27.7,27.7,37,0,3,0,2,0.43,99.56,100.0
2026-06-04,6971,惠民實業,27.1,27.6,26.9,27.55,64,1,6,0,0,0.36,99.63,100.0
2026-06-04,6972,博瑞達應材,22.78,23.8,22.65,23.8,3,0,0,0,0,0.0,0.0,0.0
2026-06-04,6973,永立榮,32.66,33.0,32.4,32.75,21,0,0,0,0,0.0,0.0,0.0
2026-06-04,6976,育世博-KY,12.83,13.05,12.7,12.95,500,0,-9,0,0,0.0,0.0,0.0
2026-06-04,6977,聯純,280.54,305.0,282.0,294.0,189,0,12,0,0,0.0,0.0,0.0
2026-06-04,6979,勝釩,200.34,202.0,199.0,200.0,4,0,0,0,0,0.0,0.0,0.0
2026-06-04,6980,鐳洋科技,153.62,153.0,147.5,149.5,156,0,-3,0,0,0.0,0.0,0.0
2026-06-04,6982,大井泵浦,61.3,66.8,61.2,63.2,881,303,-137,0,-3,1.08,98.91,100.0
2026-06-04,6983,華洋精機,360.0,360.0,354.5,356.0,73,0,-14,0,-1,0.15,99.84,100.0
2026-06-04,6984,ACpay,18.72,19.55,18.45,18.6,38,0,0,0,0,0.0,0.0,0.0
2026-06-04,6986,和迅,61.09,62.0,61.0,61.7,24,0,0,0,0,0.0,0.0,0.0
2026-06-04,6987,寶晶能源*,20.55,20.55,20.0,20.35,250,0,5,0,0,0.0,0.0,0.0
2026-06-04,6988,威力暘-創,14.5,15.05,14.5,14.55,34,0,0,0,1,3.82,96.17,100.0
2026-06-04,6990,華鉬,124.69,161.5,126.5,161.5,1098,0,30,0,0,0.0,0.0,0.0
2026-06-04,6994,富威電力,64.3,66.0,63.4,63.9,594,194,-52,0,0,1.01,98.98,100.0
2026-06-04,6995,野獸國,47.26,47.55,47.15,47.55,1,0,0,0,0,0.0,0.0,0.0
2026-06-04,6996,力領科技,194.5,195.0,192.0,195.0,110,13,-38,0,0,3.58,96.41,100.0
2026-06-04,6997,博弘,72.5,73.7,71.2,73.7,6,0,0,0,0,20.12,79.87,100.0
2026-06-04,6999,瀚醫生技,30.5,30.5,30.5,30.5,1,0,0,0,0,0.0,0.0,0.0
2026-06-04,7402,邑錡,101.0,101.5,99.6,100.0,200,39,22,0,0,11.3,88.69,100.0
2026-06-04,7419,達勝,99.38,101.5,91.3,94.0,273,0,-4,0,0,0.0,0.0,0.0
2026-06-04,7427,華上生醫,37.47,37.7,36.95,37.3,140,0,0,0,0,0.0,0.0,0.0
2026-06-04,7443,凡事康,9.45,9.75,9.75,9.75,1,0,0,0,0,0.0,0.0,0.0
2026-06-04,7455,樺緯物聯,60.4,0.0,0.0,0.0,0,0,0,0,0,0.0,0.0,0.0
2026-06-04,7507,環拓科技,19.58,20.2,19.25,19.9,67,0,0,0,0,0.0,0.0,0.0
2026-06-04,7516,清淨海,9.02,9.35,8.8,9.1,29,0,0,0,0,0.0,0.0,0.0
2026-06-04,7530,鋒魁科技,42.31,42.3,40.0,41.65,317,0,-10,0,0,0.0,0.0,0.0
2026-06-04,7547,碩網,62.6,62.6,61.5,61.6,44,5,-11,0,0,23.9,76.09,100.0
2026-06-04,7551,知識科技,13.14,13.65,12.45,13.0,91,0,0,0,0,0.0,0.0,0.0
2026-06-04,7556,意德士,275.0,286.5,274.0,276.5,127,38,7,0,-7,3.89,96.1,100.0
2026-06-04,7558,群利科技,23.06,23.6,22.6,23.4,6,0,0,0,0,0.0,0.0,0.0
2026-06-04,7561,光晟生技,18.61,19.1,18.4,18.45,20,0,0,0,0,0.0,0.0,0.0
2026-06-04,7562,博來科技,58.33,82.1,59.5,76.7,284,0,3,0,0,0.0,0.0,0.0
2026-06-04,7566,亞果遊艇,12.82,13.0,12.55,12.9,181,0,-1,0,0,0.0,0.0,0.0
2026-06-04,7575,安美得,18.82,19.1,18.7,19.1,17,0,0,0,0,0.0,0.0,0.0
2026-06-04,7578,利百景,31.48,32.0,31.35,31.6,81,0,0,0,0,0.0,0.0,0.0
2026-06-04,7583,國際海洋,40.83,52.1,43.4,50.5,98,0,0,0,0,0.0,0.0,0.0
2026-06-04,7584,樂意,25.35,25.35,25.1,25.1,3,2,-1,0,0,19.7,80.29,100.0
2026-06-04,7590,怡和國際,20.66,21.9,20.0,20.85,214,0,-34,0,0,0.0,0.0,0.0
2026-06-04,7595,世基生醫,8.53,8.9,8.08,8.3,27,0,0,0,0,0.0,0.0,0.0
2026-06-04,7607,通用幹細胞*,13.86,0.0,0.0,0.0,0,0,0,0,0,0.0,0.0,0.0
2026-06-04,7610,聯友金屬-創,1665.0,1810.0,1665.0,1730.0,220,0,41,0,0,14.04,85.95,100.0
2026-06-04,7631,聚賢研發-創,0.0,0.0,0.0,0.0,0,0,0,0,0,0.72,99.27,100.0
2026-06-04,7642,昶瑞機電,67.5,73.2,66.5,73.2,133,27,5,0,0,0.43,99.56,100.0
2026-06-04,7669,碩正科技,646.71,734.0,680.0,705.0,217,0,0,0,0,0.0,0.0,0.0
2026-06-04,7689,大鵬科CLMX,247.35,254.0,242.0,251.0,50,0,0,0,0,0.0,0.0,0.0
2026-06-04,7702,前端風電,20.4,20.7,20.4,20.7,15,0,0,0,0,0.0,0.0,0.0
2026-06-04,7703,銳澤,206.0,214.0,205.5,206.5,185,47,3,0,0,2.99,97.0,100.0
2026-06-04,7704,明遠精密,61.7,63.0,61.3,61.4,108,17,28,0,0,1.18,98.81,100.0
2026-06-04,7705,三商餐飲,31.55,31.95,31.55,31.75,126,3,44,0,0,2.34,97.65,100.0
2026-06-04,7706,宏碁創達,37.0,38.2,37.0,38.2,1,0,0,0,0,0.0,0.0,0.0
2026-06-04,7707,益芯科,149.75,151.5,148.5,151.0,117,0,0,0,0,0.0,0.0,0.0
2026-06-04,7708,全家餐飲,92.5,92.8,92.5,92.7,16,0,0,0,0,0.42,99.57,100.0
2026-06-04,7709,榮田,126.5,130.0,118.5,122.5,463,0,-1,0,-6,2.27,97.72,100.0
2026-06-04,7710,東擎科技,257.86,261.0,259.0,260.0,13,0,0,0,0,0.0,0.0,0.0
2026-06-04,7711,永擎,388.0,390.0,377.0,380.0,585,135,-64,0,0,1.16,98.83,100.0
2026-06-04,7712,博盛半導體,159.0,162.0,150.5,150.5,751,242,-19,0,10,1.91,98.08,100.0
2026-06-04,7713,威力德生醫,73.0,73.0,70.1,70.8,34,5,-6,0,0,0.07,99.92,100.0
2026-06-04,7714,創泓科技,126.5,127.5,124.5,127.5,111,21,-8,0,32,1.12,98.87,100.0
2026-06-04,7715,裕山,27.95,28.05,27.6,28.05,102,6,20,0,0,0.85,99.14,100.0
2026-06-04,7716,昱臺國際,24.75,25.7,24.75,25.7,3,0,0,0,0,0.0,99.99,100.0
2026-06-04,7717,萊德光電-KY,648.0,648.0,623.0,625.0,240,82,-11,0,-6,16.64,83.35,100.0
2026-06-04,7718,友鋮,48.8,48.9,48.8,48.9,11,0,-3,0,0,0.78,99.21,100.0
2026-06-04,7719,碳基,40.12,40.2,39.0,40.0,121,0,0,0,0,0.0,0.0,0.0
2026-06-04,7721,微程式,76.3,76.5,74.2,76.2,392,99,-134,0,0,1.97,98.02,100.0
2026-06-04,7722,LINEPAY,280.5,285.0,275.5,278.0,169,55,-31,0,0,59.52,40.47,100.0
2026-06-04,7723,築間,23.0,23.75,22.9,23.35,212,18,39,0,0,0.94,99.05,100.0
2026-06-04,7724,諾亞克,22.12,22.05,21.5,21.9,18,0,0,0,0,0.0,0.0,0.0
2026-06-04,7725,列特博,22.73,0.0,0.0,0.0,0,0,0,0,0,0.0,0.0,0.0
2026-06-04,7726,暄達,33.85,33.85,32.25,33.85,1,0,0,0,0,0.0,0.0,0.0
2026-06-04,7728,光焱科技,763.0,763.0,725.0,744.0,62,20,6,0,0,1.8,98.19,100.0
2026-06-04,7729,仲恩生醫,72.35,78.9,74.0,76.9,334,0,0,0,0,0.0,0.0,0.0
2026-06-04,7730,暉盛-創,199.0,199.0,184.5,186.0,178,51,-11,0,0,2.37,97.62,100.0
2026-06-04,7731,火星生技*,5.52,5.76,5.47,5.52,1212,0,0,0,0,0.0,0.0,0.0
2026-06-04,7732,金興精密,36.15,36.5,36.1,36.25,16,1,-1,0,0,0.33,99.66,100.0
2026-06-04,7734,印能科技,3280.0,3280.0,3110.0,3110.0,73,19,3,0,-2,3.64,96.35,100.0
2026-06-04,7735,台智雲,233.9,260.0,232.0,249.5,153,0,-2,0,0,0.0,0.0,0.0
2026-06-04,7736,虎山,73.8,73.9,72.9,73.0,21,3,4,0,1,1.18,98.81,100.0
2026-06-04,7737,凱鈿,42.23,42.9,41.5,42.9,10,0,0,0,0,0.0,0.0,0.0
2026-06-04,7738,東聯互動,169.0,169.5,167.0,167.0,76,6,1,0,0,0.32,99.67,100.0
2026-06-04,7740,熙特爾-創,185.5,188.5,177.0,181.5,610,261,15,0,-2,6.07,93.92,100.0
2026-06-04,7742,天弘化,141.21,145.0,138.0,142.0,336,0,0,0,0,0.0,0.0,0.0
2026-06-04,7743,金利食安,18.55,18.55,18.55,18.55,3,0,0,0,0,2.87,97.12,100.0
2026-06-04,7744,崴寶,481.0,482.0,450.0,465.0,353,108,41,0,2,28.39,71.6,100.0
2026-06-04,7745,紅陽,16.75,16.75,16.65,16.65,2,0,0,0,0,0.0,0.0,0.0
2026-06-04,7747,昕奇雲端,128.5,128.5,126.0,127.0,12,0,-3,0,0,0.72,99.27,100.0
2026-06-04,7748,鑫囍創業,20.0,19.7,19.7,19.7,0,0,0,0,0,0.0,0.0,0.0
2026-06-04,7749,意騰-KY,481.5,503.0,467.0,484.0,561,229,-33,0,6,22.56,77.43,100.0
2026-06-04,7750,新代,2320.0,2330.0,2285.0,2285.0,201,50,10,0,-1,17.53,82.46,100.0
2026-06-04,7751,竑騰,1550.0,1645.0,1510.0,1580.0,273,121,-23,0,0,4.71,95.28,100.0
2026-06-04,7752,世紀樺欣,36.77,47.35,37.5,47.35,551,0,-3,0,0,0.0,0.0,0.0
2026-06-04,7753,星亞,42.95,43.3,42.7,42.7,8,0,0,0,0,0.24,99.75,100.0
2026-06-04,7754,安基生技,59.9,62.0,59.5,60.1,191,0,-3,0,0,0.0,0.0,0.0
2026-06-04,7756,多那之,42.81,42.5,40.4,41.0,6,0,0,0,0,0.0,0.0,0.0
2026-06-04,7757,金色三麥,110.0,111.5,110.0,110.0,73,5,2,0,0,19.48,80.51,100.0
2026-06-04,7758,睿騰能源,44.81,45.1,42.8,44.95,11,0,0,0,0,0.0,0.0,0.0
2026-06-04,7759,視航生醫,29.26,30.2,28.5,28.75,25,0,0,0,0,0.0,0.0,0.0
2026-06-04,7760,享溫馨,31.4,32.1,31.4,32.0,152,0,19,0,-22,0.3,99.69,100.0
2026-06-04,7761,三大未來,38.51,39.95,38.05,39.6,110,0,2,0,0,0.0,0.0,0.0
2026-06-04,7762,吉晟生,52.65,53.6,51.0,52.5,107,0,1,0,0,0.0,0.0,0.0
2026-06-04,7763,崇舜,183.69,189.0,182.0,187.0,63,0,0,0,0,0.0,0.0,0.0
2026-06-04,7764,聖州,12.94,13.05,12.55,13.05,127,0,0,0,0,0.0,0.0,0.0
2026-06-04,7765,中華資安,261.0,261.0,253.0,254.0,88,12,11,0,-1,0.55,99.44,100.0
2026-06-04,7767,仁大資訊,42.8,43.4,42.15,42.85,14,0,0,0,0,0.1,99.89,100.0
2026-06-04,7768,頌勝科技,428.0,428.0,412.0,415.5,367,0,-148,0,0,0.81,99.18,100.0
2026-06-04,7769,鴻勁,7480.0,7645.0,7355.0,7385.0,435,176,-9,5,-6,19.52,80.47,100.0
2026-06-04,7770,君曜,44.95,45.0,44.2,44.5,10,0,0,0,-1,0.21,99.78,100.0
2026-06-04,7771,綠基,55.06,56.7,54.1,54.1,5,0,0,0,0,0.0,0.0,0.0
2026-06-04,7772,耀穎,165.0,168.5,157.5,168.5,850,0,56,0,13,0.47,99.52,100.0
2026-06-04,7773,富禾生醫,30.15,31.05,29.95,30.75,45,0,0,0,0,0.0,0.0,0.0
2026-06-04,7776,奧孟亞,25.53,25.85,24.6,25.85,18,0,0,0,0,0.0,0.0,0.0
2026-06-04,7777,能率亞洲,42.1,42.1,39.9,39.9,3456,963,-564,0,-19,0.44,99.55,100.0
2026-06-04,7779,鍇睿國際,13.1,13.1,12.9,13.1,2,0,0,0,0,0.0,0.0,0.0
2026-06-04,7780,大研生醫*,17.9,18.1,17.7,17.85,2176,424,-376,0,0,0.54,99.45,100.0
2026-06-04,7781,昕力資*,30.5,31.0,29.9,30.15,2602,0,120,0,0,0.0,0.0,0.0
2026-06-04,7782,光速火箭,25.4,25.65,25.2,25.6,30,1,2,0,0,0.37,99.62,100.0
2026-06-04,7783,佳運,95.05,95.9,90.5,93.9,53,0,-5,0,0,0.0,0.0,0.0
2026-06-04,7784,安邦生技*,12.46,14.8,12.35,14.05,2314,0,18,0,0,0.0,0.0,0.0
2026-06-04,7785,北祥科服,30.21,30.0,28.05,28.5,37,0,0,0,0,0.0,0.0,0.0
2026-06-04,7786,東方風能,123.5,124.5,120.5,121.5,393,122,-44,0,-2,1.31,98.68,100.0
2026-06-04,7788,松川精密,201.5,218.0,195.0,204.0,4162,2191,-432,0,55,8.56,91.43,100.0
2026-06-04,7789,開展,35.1,35.1,35.1,35.1,0,0,0,0,0,0.0,0.0,0.0
2026-06-04,7790,思必瑞特,50.35,51.5,51.5,51.5,0,0,0,0,0,0.0,0.0,0.0
2026-06-04,7791,皇家可口,67.3,67.9,67.0,67.0,326,9,-12,0,6,0.56,99.43,100.0
2026-06-04,7792,安葆,303.5,303.5,292.5,295.0,210,59,-8,0,-31,17.76,82.23,100.0
2026-06-04,7794,宏碁智新,33.15,33.15,31.75,31.75,121,0,-6,0,-3,1.35,98.64,100.0
2026-06-04,7795,長廣,392.0,395.5,389.0,389.5,197,0,-33,0,2,8.63,91.36,100.0
2026-06-04,7796,擷發科,97.31,105.0,98.0,101.0,274,0,0,0,0,0.0,0.0,0.0
2026-06-04,7797,Q Burger,60.64,65.2,62.5,65.0,7,0,0,0,0,0.0,0.0,0.0
2026-06-04,7798,將捷,16.13,16.3,15.9,16.2,31,0,0,0,0,0.0,0.0,0.0
2026-06-04,7799,禾榮科,325.5,355.5,325.5,355.5,713,145,85,0,8,3.82,96.17,100.0
2026-06-04,7801,華芸科技,135.69,137.5,131.0,133.5,85,0,0,0,0,0.0,0.0,0.0
2026-06-04,7803,雲象科技-創,22.25,23.8,22.1,23.0,382,0,87,0,0,2.6,97.39,100.0
2026-06-04,7805,威聯通,778.0,782.0,755.0,764.0,168,45,3,0,-12,10.47,89.52,100.0
2026-06-04,7806,精華生醫,64.05,66.8,66.8,66.8,0,0,0,0,0,0.0,0.0,0.0
2026-06-04,7808,訊聯智藥,37.03,37.45,37.0,37.45,14,0,0,0,0,0.0,0.0,0.0
2026-06-04,7810,捷創科技,234.0,238.5,229.5,236.0,91,25,11,0,0,0.61,99.38,100.0
2026-06-04,7811,民盛,79.7,79.7,79.7,79.7,1,0,0,0,0,0.35,99.64,100.0
2026-06-04,7812,稜研科技*,88.84,92.5,85.3,89.6,175,0,0,0,0,0.0,0.0,0.0
2026-06-04,7813,宇辰系統,133.43,134.0,131.0,133.5,30,0,0,0,0,0.0,0.0,0.0
2026-06-04,7814,海昌生技,42.81,43.15,41.7,41.85,42,0,0,0,0,0.0,0.0,0.0
2026-06-04,7815,新特,446.56,460.5,443.0,449.5,51,0,0,0,0,0.0,0.0,0.0
2026-06-04,7816,來穎,67.11,69.2,66.6,66.6,36,0,0,0,0,0.0,0.0,0.0
2026-06-04,7818,溢泰實業,65.0,66.2,64.4,65.3,368,0,11,0,0,0.14,99.85,100.0
2026-06-04,7819,精誠金融,48.5,49.6,47.9,49.05,259,0,14,0,0,2.01,97.98,100.0
2026-06-04,7820,立盈,120.5,123.5,120.5,123.5,33,0,12,0,0,0.28,99.71,100.0
2026-06-04,7821,神數,46.1,46.1,44.85,45.1,277,0,71,0,3,0.69,99.3,100.0
2026-06-04,7822,倍利科,1080.0,1175.0,1040.0,1175.0,584,0,24,0,20,0.73,99.26,100.0
2026-06-04,7823,奧義賽博-KY創,95.3,98.0,95.2,97.8,18,0,0,0,0,25.89,74.1,100.0
2026-06-04,7824,智寶,47.28,48.5,46.1,48.5,11,0,0,0,0,0.0,0.0,0.0
2026-06-04,7825,和亞智慧,120.19,120.0,115.0,116.5,106,0,0,0,0,0.0,0.0,0.0
2026-06-04,7826,極風雲創,42.27,43.25,43.25,43.25,0,0,0,0,0,0.0,0.0,0.0
2026-06-04,7827,漢康-KY創,158.5,167.0,157.0,161.5,1874,0,704,0,-4,21.51,78.48,100.0
2026-06-04,7828,創新服務,1595.0,1700.0,1570.0,1580.0,308,0,-2,0,-2,22.51,77.48,100.0
2026-06-04,7829,思捷優達-KY,45.9,45.85,42.0,44.5,141,0,2,0,0,0.0,0.0,0.0
2026-06-04,7831,捷博,38.0,38.0,36.1,36.1,0,0,0,0,0,0.0,0.0,0.0
2026-06-04,7832,智新生技*,11.12,11.4,10.95,11.25,160,0,0,0,0,0.0,0.0,0.0
2026-06-04,7833,綠岩能源,27.97,29.0,27.55,28.55,26,0,0,0,0,0.0,0.0,0.0
2026-06-04,7834,來毅數位,19.28,19.15,18.4,19.15,15,0,0,0,0,0.0,0.0,0.0
2026-06-04,7836,智生活,52.14,51.7,51.0,51.4,24,0,0,0,0,0.0,0.0,0.0
2026-06-04,7837,啟新生,103.5,0.0,0.0,0.0,0,0,0,0,0,0.0,0.0,0.0
2026-06-04,7839,達人網,60.47,62.5,59.4,62.0,9,0,0,0,0,0.0,0.0,0.0
2026-06-04,7840,祥圃,36.83,37.85,37.85,37.85,0,0,0,0,0,0.0,0.0,0.0
2026-06-04,7841,經貿聯網,28.34,28.8,28.1,28.3,4,0,0,0,0,0.0,0.0,0.0
2026-06-04,7842,天能綠電,114.0,115.5,112.0,112.0,76,0,0,0,0,0.12,99.87,100.0
2026-06-04,7843,英柏得,142.17,147.5,140.0,147.5,223,0,-1,0,0,0.0,0.0,0.0
2026-06-04,7846,德揚,65.04,64.2,58.6,61.2,61,0,0,0,0,0.0,0.0,0.0
2026-06-04,7847,豊漁,22.17,22.2,21.4,22.1,42,0,0,0,0,0.0,0.0,0.0
2026-06-04,7848,騏億鑫,439.78,443.5,434.0,441.0,4,0,0,0,0,0.0,0.0,0.0
2026-06-04,7849,旭誼,164.83,167.0,161.0,167.0,0,0,0,0,0,0.0,0.0,0.0
2026-06-04,7850,寶泰生醫,17.7,18.25,17.6,18.25,54,0,0,0,0,0.0,0.0,0.0
2026-06-04,7851,慧康生技*-KY,36.93,37.15,35.9,35.9,41,0,0,0,0,0.0,0.0,0.0
2026-06-04,7853,政美應用,361.76,366.0,337.5,350.5,502,0,-1,0,0,0.0,0.0,0.0
2026-06-04,7854,佐茂,89.82,93.6,89.0,92.0,27,0,2,0,0,0.0,0.0,0.0
2026-06-04,7855,和運租車,102.5,102.5,102.0,102.5,0,0,0,0,0,0.0,0.0,0.0
2026-06-04,7856,漢測,3199.24,3250.0,3130.0,3225.0,121,0,-6,0,0,0.0,0.0,0.0
2026-06-04,7857,合水先進,48.91,50.4,48.05,49.45,55,0,0,0,0,0.0,0.0,0.0
2026-06-04,7858,芝普,188.11,191.0,180.0,180.0,80,0,0,0,0,0.0,0.0,0.0
2026-06-04,7860,得生製藥,55.03,55.9,55.9,55.9,0,0,0,0,0,0.0,0.0,0.0
2026-06-04,7861,貝爾威勒,1293.15,1330.0,1280.0,1310.0,59,0,0,0,0,0.0,0.0,0.0
2026-06-04,7862,聚泰,29.37,29.8,29.3,29.4,32,0,0,0,0,0.0,0.0,0.0
2026-06-04,7863,中科物流,52.96,53.0,50.6,53.0,6,0,0,0,0,0.0,0.0,0.0
2026-06-04,7865,金聯成,58.54,59.5,56.7,59.4,64,0,0,0,0,0.0,0.0,0.0
2026-06-04,7866,丹立,239.03,240.0,233.0,235.5,174,0,0,0,0,0.0,0.0,0.0
2026-06-04,7867,特力屋,56.62,57.5,55.0,55.3,42,0,0,0,0,0.0,0.0,0.0
2026-06-04,7868,聖育,92.13,94.0,89.5,93.5,120,0,0,0,0,0.0,0.0,0.0
2026-06-04,7869,宏于電機,392.63,424.0,400.0,410.5,32,0,0,0,0,0.0,0.0,0.0
2026-06-04,7870,聯剛科技,165.12,167.0,161.5,167.0,0,0,0,0,0,0.0,0.0,0.0
2026-06-04,7871,安立璽榮-KY,70.51,88.0,73.4,76.8,2111,0,1,0,0,0.0,0.0,0.0
2026-06-04,7872,登豐,61.18,62.1,57.3,59.9,60,0,5,0,0,0.0,0.0,0.0
2026-06-04,7873,瑞峰,209.06,220.5,200.0,206.0,520,0,45,0,0,0.0,0.0,0.0
2026-06-04,7875,安圖斯,141.53,142.5,133.0,133.0,9,0,0,0,0,0.0,0.0,0.0
2026-06-04,7876,鼎晉生技,35.92,36.3,35.15,36.2,139,0,0,0,0,0.0,0.0,0.0
2026-06-04,7877,海利普,40.8,42.0,40.0,41.35,48,0,4,0,0,0.0,0.0,0.0
2026-06-04,7878,藥祇,272.28,275.0,266.5,270.0,175,0,1,0,0,0.0,0.0,0.0
2026-06-04,7879,益材科技,118.61,118.5,114.0,116.5,184,0,0,0,0,0.0,0.0,0.0
2026-06-04,7880,聖凰,182.15,184.5,179.5,179.5,38,0,0,0,0,0.0,0.0,0.0
2026-06-04,7881,科明,100.99,101.5,100.5,101.5,0,0,0,0,0,0.0,0.0,0.0
2026-06-04,7882,倍利創投,21.24,21.5,20.95,21.4,247,0,0,0,0,0.0,0.0,0.0
2026-06-04,7883,饗賓,269.92,273.5,260.5,273.5,21,0,0,0,0,0.0,0.0,0.0
2026-06-04,7885,宏羚,30.05,31.2,29.55,29.6,26,0,0,0,0,0.0,0.0,0.0
2026-06-04,7886,科建,182.69,189.0,179.5,180.0,68,0,0,0,0,0.0,0.0,0.0
2026-06-04,7887,宇川精材,235.94,239.5,229.5,231.0,525,0,0,0,0,0.0,0.0,0.0
2026-06-04,7888,麗寶新藥,38.77,39.5,38.2,39.1,15,0,0,0,0,0.0,0.0,0.0
2026-06-04,7889,騰勢,82.02,81.9,81.9,81.9,1,0,0,0,0,0.0,0.0,0.0
2026-06-04,7890,明曜科技,111.77,123.0,114.5,122.5,39,0,2,0,0,0.0,0.0,0.0
2026-06-04,7891,博研醫藥,23.54,23.75,23.75,23.75,0,0,0,0,0,0.0,0.0,0.0
2026-06-04,7892,元鈦科,877.98,893.0,859.0,878.0,57,0,-1,0,0,0.0,0.0,0.0
2026-06-04,7893,睿信,201.4,201.5,190.0,200.0,33,0,0,0,0,0.0,0.0,0.0
2026-06-04,7895,元進莊,68.46,70.3,67.1,67.2,6,0,0,0,0,0.0,0.0,0.0
2026-06-04,7896,喬越,249.54,251.0,239.5,249.0,17,0,0,0,0,0.0,0.0,0.0
2026-06-04,7897,禾迅綠電,40.5,40.55,40.25,40.5,3,0,0,0,0,0.0,0.0,0.0
2026-06-04,7898,乾瞻,665.64,672.0,642.0,653.0,78,0,0,0,0,0.0,0.0,0.0
2026-06-04,7899,景美,515.07,510.0,473.5,489.0,286,0,8,0,0,0.0,0.0,0.0
2026-06-04,7901,大大寬頻,73.77,74.4,72.3,74.4,5,0,0,0,0,0.0,0.0,0.0
2026-06-04,7902,宇越生醫*,38.92,39.45,38.35,39.45,259,0,0,0,0,0.0,0.0,0.0
2026-06-04,7904,任開數位,25.1,25.1,25.1,25.1,0,0,0,0,0,0.0,0.0,0.0
2026-06-04,7907,錸恩帕斯,257.07,258.5,244.5,249.5,38,0,-1,0,0,0.0,0.0,0.0
2026-06-04,7909,鈺祥,712.7,729.0,700.0,715.0,59,0,0,0,0,0.0,0.0,0.0
2026-06-04,7911,阿波羅電力,168.29,184.0,160.0,179.0,644,0,-1,0,0,0.0,0.0,0.0
2026-06-04,7912,新聿科,522.54,530.0,480.5,504.0,90,0,0,0,0,0.0,0.0,0.0
2026-06-04,7913,通寶半導體,397.53,400.0,375.5,380.0,116,0,3,0,0,0.0,0.0,0.0
2026-06-04,7915,廌家,609.59,615.0,576.0,589.0,47,0,0,0,0,0.0,0.0,0.0
2026-06-04,7918,創鉅材料,1159.25,1205.0,1070.0,1160.0,126,0,0,0,0,0.0,0.0,0.0
2026-06-04,7919,禾蒼,74.39,75.0,68.7,70.8,112,0,2,0,0,0.0,0.0,0.0
2026-06-04,7920,瀚陽*,11.24,17.3,11.15,16.75,15573,0,492,0,0,0.0,0.0,0.0
2026-06-04,7921,台普威,133.27,145.5,132.0,140.0,392,0,6,0,0,0.0,0.0,0.0
2026-06-04,7922,源點*,110.18,112.5,105.0,109.5,47,0,1,0,0,0.0,0.0,0.0
2026-06-04,8011,台通,19.6,19.6,19.05,19.05,936,162,-114,0,0,3.21,96.78,100.0
2026-06-04,8016,矽創,302.5,307.0,302.5,303.5,1217,300,282,29,-7,36.03,63.96,100.0
2026-06-04,8021,尖點,460.0,460.0,438.5,441.0,940,0,-320,4,1,21.61,78.38,100.0
2026-06-04,8024,佑華,12.4,12.55,12.25,12.45,62,0,2,0,0,1.81,98.18,100.0
2026-06-04,8027,鈦昇,285.0,295.5,280.0,292.5,1209,0,-68,0,-5,8.65,91.34,100.0
2026-06-04,8028,昇陽半導體,341.0,351.0,337.0,341.0,5926,3294,-434,4,-14,24.38,75.61,100.0
2026-06-04,8032,光菱,47.4,47.4,45.55,46.45,211,57,-40,0,0,1.23,98.76,100.0
2026-06-04,8033,雷虎,135.5,135.5,132.5,133.0,2245,296,-898,0,-88,3.76,96.23,100.0
2026-06-04,8034,榮群,25.0,25.2,25.0,25.0,482,32,86,0,0,7.65,92.34,100.0
2026-06-04,8038,長園科,42.7,44.8,42.1,43.2,1239,0,-295,0,0,0.63,99.36,100.0
2026-06-04,8039,台虹,147.5,150.0,140.5,140.5,11781,3287,-5029,0,-257,15.63,84.36,100.0
2026-06-04,8040,九暘,105.0,109.0,101.5,103.5,1876,809,-287,0,0,3.75,96.24,100.0
2026-06-04,8042,金山電,155.0,159.5,149.0,149.0,717,0,-46,0,-78,15.3,84.69,100.0
2026-06-04,8043,蜜望實,148.5,159.0,145.0,145.0,10135,6301,33,0,-19,3.43,96.56,100.0
2026-06-04,8044,網家,31.35,31.5,30.0,30.3,1533,391,-175,0,-6,5.67,94.32,100.0
2026-06-04,8045,達運光電,70.8,70.8,67.5,67.5,174,28,-3,0,0,1.28,98.71,100.0
2026-06-04,8046,南電,870.0,900.0,866.0,878.0,8813,5335,24,133,-89,12.65,87.34,100.0
2026-06-04,8047,星雲,45.35,47.95,45.35,47.95,83,0,17,0,0,0.63,99.36,100.0
2026-06-04,8048,德勝,64.5,65.2,63.1,64.7,753,237,-36,0,1,7.86,92.13,100.0
2026-06-04,8049,晶采,27.4,27.45,27.05,27.2,353,30,-3,0,0,2.86,97.13,100.0
2026-06-04,8050,廣積,59.2,59.2,56.9,57.1,1973,281,591,0,-9,3.65,96.34,100.0
2026-06-04,8054,安國,101.5,102.0,100.0,100.5,878,160,-47,0,-1,3.88,96.11,100.0
2026-06-04,8058,耐特,102.47,105.5,101.0,102.5,126,0,0,0,0,0.0,0.0,0.0
2026-06-04,8059,凱碩,21.0,21.0,19.7,19.9,789,0,-218,0,0,0.69,99.3,100.0
2026-06-04,8064,東捷,171.5,189.5,166.0,169.0,42646,29397,-285,0,-299,9.81,90.18,100.0
2026-06-04,8066,來思達,16.25,16.25,16.0,16.0,41,4,8,0,0,3.02,96.97,100.0
2026-06-04,8067,志旭,12.9,13.5,12.9,13.5,38,0,0,0,0,8.42,91.57,100.0
2026-06-04,8068,全達,20.35,20.4,20.1,20.2,254,53,17,0,0,8.83,91.16,100.0
2026-06-04,8069,元太,224.0,228.0,214.5,214.5,9524,2460,-1894,4,-189,41.21,58.78,100.0
2026-06-04,8070,長華*,62.9,66.0,62.5,65.3,55584,27820,5405,-5036,-33,11.52,88.47,100.0
2026-06-04,8071,能率網通,22.6,22.6,21.35,21.75,1296,340,75,0,0,5.36,94.63,100.0
2026-06-04,8072,陞泰,29.75,31.8,29.15,30.6,2130,972,-387,0,3,1.94,98.05,100.0
2026-06-04,8074,鉅橡,75.2,75.3,72.3,73.0,963,279,-231,0,-38,6.04,93.95,100.0
2026-06-04,8076,伍豐,29.3,29.9,28.5,28.6,14802,4926,-2637,0,-26,5.98,94.01,100.0
2026-06-04,8077,洛碁,51.5,54.9,50.0,54.2,66,0,0,0,0,51.12,48.87,100.0
2026-06-04,8080,永利聯合,28.15,28.2,27.95,28.0,55,0,5,0,0,0.1,99.89,100.0
2026-06-04,8080,泰霖,28.15,28.2,27.95,28.0,55,0,5,0,0,0.1,99.89,100.0
2026-06-04,8081,致新,285.0,285.0,279.0,280.0,739,122,-39,3,-14,19.67,80.32,100.0
2026-06-04,8083,瑞穎,170.5,172.0,169.0,171.5,73,22,17,0,0,3.25,96.74,100.0
2026-06-04,8084,巨虹,50.1,50.1,49.0,49.9,103,0,-8,0,0,1.05,98.94,100.0
2026-06-04,8085,福華,16.1,16.1,16.1,16.1,1084,0,-71,0,131,4.5,95.49,100.0
2026-06-04,8086,宏捷科,163.0,165.0,159.0,159.0,3098,1223,-188,0,-50,23.96,76.03,100.0
2026-06-04,8087,華鎂鑫,34.7,35.6,34.6,35.2,180,52,34,0,0,3.28,96.71,100.0
2026-06-04,8087,麗升能源,34.7,35.6,34.6,35.2,180,52,34,0,0,3.28,96.71,100.0
2026-06-04,8088,品安,65.0,68.0,65.0,67.6,14320,7613,-534,0,-9,4.35,95.64,100.0
2026-06-04,8089,康全電訊,20.95,20.95,20.3,20.35,270,75,-37,0,0,4.59,95.4,100.0
2026-06-04,8091,翔名,250.0,262.5,248.5,254.5,714,283,38,0,17,10.91,89.08,100.0
2026-06-04,8092,建暐,17.0,17.0,16.7,17.0,47,9,-15,0,0,0.3,99.69,100.0
2026-06-04,8093,保銳,18.35,18.35,17.85,17.85,9,0,0,0,0,0.05,99.94,100.0
2026-06-04,8096,擎亞,134.0,142.0,134.0,136.0,6979,3733,634,0,57,32.6,67.39,100.0
2026-06-04,8097,常珵,59.7,59.7,57.2,57.2,122,20,-30,0,0,2.64,97.35,100.0
2026-06-04,8098,慶康科技,360.41,375.5,358.5,375.0,23,0,-1,0,0,0.0,0.0,0.0
2026-06-04,8099,大世科,63.2,64.5,62.4,63.9,228,59,18,0,0,3.0,96.99,100.0
2026-06-04,8101,華冠,16.2,16.2,16.0,16.0,9,0,0,0,0,0.05,99.94,100.0
2026-06-04,8102,傑霖科技,79.0,79.0,76.0,78.5,92,0,-6,0,0,0.12,99.87,100.0
2026-06-04,8103,瀚荃,103.5,104.5,100.5,101.5,1317,388,-4,0,36,22.65,77.34,100.0
2026-06-04,8104,錸寶,46.1,47.8,42.75,42.75,17657,9409,-1835,0,-98,1.96,98.03,100.0
2026-06-04,8105,凌巨,20.4,20.95,20.0,20.05,16182,7714,390,0,5,41.09,58.9,100.0
2026-06-04,8107,大億金茂,12.7,12.85,12.55,12.65,151,37,8,0,0,0.57,99.42,100.0
2026-06-04,8109,博大,117.5,123.5,117.0,119.5,563,303,8,19,-2,5.02,94.97,100.0
2026-06-04,8110,華東,59.0,62.0,59.0,59.6,17395,10529,-331,0,131,1.69,98.3,100.0
2026-06-04,8111,立碁,64.8,65.2,62.8,62.9,1804,381,-827,0,-75,5.26,94.73,100.0
2026-06-04,8112,至上,93.5,99.0,93.4,95.6,61466,32577,5648,-270,63,21.99,78.0,100.0
2026-06-04,8114,振樺電,245.0,248.0,237.0,238.5,1264,278,-46,0,-21,11.43,88.56,100.0
2026-06-04,8119,公信,10.9,11.4,10.95,11.15,269,0,21,0,0,0.0,0.0,0.0
2026-06-04,8121,越峰,39.0,40.8,38.75,40.5,1503,0,118,0,0,2.62,97.37,100.0
2026-06-04,8131,福懋科,73.2,77.0,72.9,73.2,8498,3626,1711,-1,79,4.65,95.34,100.0
2026-06-04,8147,正淩,169.0,169.0,161.0,162.5,543,134,-164,0,-4,19.88,80.11,100.0
2026-06-04,8150,南茂,94.1,105.0,94.1,99.1,79645,50873,3378,0,1747,41.49,58.5,100.0
2026-06-04,8155,博智,391.0,393.5,380.5,382.0,1104,247,-416,0,-26,10.06,89.93,100.0
2026-06-04,8162,微矽電子-創,77.0,78.0,74.5,75.8,657,226,21,0,3,1.06,98.93,100.0
2026-06-04,8163,達方,40.8,41.8,40.0,40.5,3132,1233,476,0,1,7.57,92.42,100.0
2026-06-04,8171,天宇,24.55,26.25,24.55,25.9,816,182,102,0,0,3.32,96.67,100.0
2026-06-04,8176,智捷,10.55,10.55,10.3,10.4,231,0,-3,0,0,1.2,98.79,100.0
2026-06-04,8182,加高,44.0,45.5,43.05,43.05,1632,614,-144,0,-97,52.42,47.57,100.0
2026-06-04,8183,精星,33.4,33.4,32.15,32.35,543,78,-118,0,-2,4.0,95.99,100.0
2026-06-04,8201,無敵,13.95,15.05,13.95,15.05,792,0,54,0,6,1.03,98.96,100.0
2026-06-04,8210,勤誠,1440.0,1475.0,1380.0,1420.0,2305,1209,60,19,-2,10.37,89.62,100.0
2026-06-04,8213,志超,38.45,38.45,37.35,37.7,871,150,-412,0,-2,22.61,77.38,100.0
2026-06-04,8215,明基材,32.5,32.5,30.5,30.5,3843,913,-1266,85,4,2.69,97.3,100.0
2026-06-04,8222,寶一,37.6,38.25,37.1,37.25,446,126,13,0,5,3.26,96.73,100.0
2026-06-04,8227,巨有科技,216.0,216.0,197.5,197.5,2028,653,1,0,-191,2.64,97.35,100.0
2026-06-04,8234,新漢,70.6,70.6,68.8,69.6,801,198,-176,0,-13,2.67,97.32,100.0
2026-06-04,8240,華宏,61.9,61.9,60.8,61.1,484,100,20,0,-4,5.16,94.83,100.0
2026-06-04,8249,菱光,55.7,56.1,54.5,54.8,789,276,-122,0,-1,1.23,98.76,100.0
2026-06-04,8255,朋程,182.0,186.5,180.0,180.0,1459,608,14,0,18,9.49,90.5,100.0
2026-06-04,8261,富鼎,167.0,177.0,167.0,176.5,7104,3220,-498,1,104,5.19,94.8,100.0
2026-06-04,8271,宇瞻,245.0,257.5,244.5,245.0,5076,2560,357,0,4,11.97,88.02,100.0
2026-06-04,8272,全景軟體,73.9,73.9,72.3,72.8,16,0,-1,0,0,0.18,99.81,100.0
2026-06-04,8277,商丞,12.5,12.5,10.3,12.0,6250,0,-174,0,0,1.61,98.38,100.0
2026-06-04,8279,生展,97.5,97.7,97.2,97.7,5,1,0,0,0,5.5,94.49,100.0
2026-06-04,8284,三竹,63.4,63.8,63.4,63.8,8,0,-1,0,0,0.91,99.08,100.0
2026-06-04,8289,泰藝,71.7,74.2,68.1,68.2,2465,1176,-170,0,-7,2.38,97.61,100.0
2026-06-04,8291,尚茂,78.8,78.8,78.8,78.8,19,0,0,0,0,73.47,26.52,100.0
2026-06-04,8298,威睿,49.93,51.0,49.7,50.9,7,0,0,0,0,0.0,0.0,0.0
2026-06-04,8299,群聯,2635.0,2715.0,2580.0,2580.0,7685,3465,72,-449,-61,35.24,64.75,100.0
2026-06-04,8329,台視,10.18,10.3,10.15,10.2,43,0,0,0,0,0.0,0.0,0.0
2026-06-04,8341,日友,77.5,78.8,77.5,78.6,460,55,101,0,2,4.48,95.51,100.0
2026-06-04,8342,益張,90.4,90.4,88.0,88.0,4,1,1,0,0,0.14,99.85,100.0
2026-06-04,8345,超秦,56.53,56.9,55.8,56.7,37,0,0,0,0,0.0,0.0,0.0
2026-06-04,8349,恒耀,42.05,42.65,41.95,42.65,246,35,53,0,0,1.31,98.68,100.0
2026-06-04,8354,冠好,17.0,17.0,16.7,16.8,33,4,-3,0,0,0.77,99.22,100.0
2026-06-04,8358,金居,608.0,626.0,565.0,565.0,19434,9222,-1251,17,-381,32.83,67.16,100.0
2026-06-04,8359,錢櫃,64.65,65.2,64.4,65.2,33,0,0,0,0,0.0,0.0,0.0
2026-06-04,8367,建新國際,40.95,41.25,40.9,41.15,19,0,9,0,0,1.57,98.42,100.0
2026-06-04,8374,羅昇,100.0,102.5,96.1,99.0,1721,717,249,0,-16,2.38,97.61,100.0
2026-06-04,8383,千附,60.0,62.3,59.0,60.8,1912,679,94,0,-16,13.14,86.85,100.0
2026-06-04,8390,金益鼎,119.5,128.0,119.0,125.0,2028,632,-182,0,119,22.31,77.68,100.0
2026-06-04,8401,白紗科,23.35,23.35,22.8,23.2,60,12,4,0,0,0.26,99.73,100.0
2026-06-04,8403,盛弘,19.7,20.0,19.65,19.9,277,56,-34,0,0,1.6,98.39,100.0
2026-06-04,8404,百和興業-KY,17.35,18.2,17.2,17.8,811,214,-58,0,6,52.89,47.1,100.0
2026-06-04,8409,商之器,19.3,19.35,19.2,19.35,24,0,0,0,0,0.12,99.87,100.0
2026-06-04,8410,森田,36.0,36.0,35.5,35.75,65,10,-8,0,0,0.57,99.42,100.0
2026-06-04,8411,福貞-KY,12.15,12.15,11.9,12.15,255,58,13,0,1,53.79,46.2,100.0
2026-06-04,8415,大國鋼,35.3,35.7,35.25,35.4,595,50,43,0,-36,6.68,93.31,100.0
2026-06-04,8416,實威,184.0,184.0,182.0,184.0,8,0,-1,0,0,0.75,99.24,100.0
2026-06-04,8421,旭源,13.05,13.25,13.0,13.15,15,5,2,0,0,0.57,99.42,100.0
2026-06-04,8422,可寧衛,28.55,28.55,27.95,28.25,14090,3763,3246,-3583,-142,5.75,94.24,100.0
2026-06-04,8422,可寧衛*,28.55,28.55,27.95,28.25,14090,3763,3246,-3583,-142,5.75,94.24,100.0
2026-06-04,8423,保綠-KY,17.85,18.05,17.85,18.05,21,0,5,0,0,24.94,75.05,100.0
2026-06-04,8424,惠普,73.0,73.1,72.9,72.9,90,1,-2,0,0,0.55,99.44,100.0
2026-06-04,8426,紅木-KY,22.2,22.2,21.8,21.95,33,8,-2,0,0,67.32,32.67,100.0
2026-06-04,8429,金麗-KY,6.55,7.09,6.55,6.88,1772,768,-226,0,0,28.86,71.13,100.0
2026-06-04,8431,匯鑽科,57.2,57.2,55.8,55.8,527,178,-124,0,0,2.43,97.56,100.0
2026-06-04,8432,東生華,52.5,52.5,51.8,52.0,106,5,2,0,0,0.91,99.08,100.0
2026-06-04,8433,弘帆,52.6,52.9,52.6,52.8,13,1,-1,0,0,1.02,98.97,100.0
2026-06-04,8435,鉅邁,54.9,56.6,54.9,56.2,39,6,0,0,0,0.73,99.26,100.0
2026-06-04,8436,大江,122.5,123.5,121.5,122.5,415,90,-47,-3,0,15.04,84.94,100.0
2026-06-04,8437,大地-KY,10.75,11.0,10.7,10.95,62,3,24,0,0,22.14,77.85,100.0
2026-06-04,8438,昶昕,87.1,88.7,85.1,86.8,211,66,-44,0,0,2.67,97.32,100.0
2026-06-04,8440,綠電,24.25,24.25,23.3,23.8,272,59,20,0,0,0.95,99.04,100.0
2026-06-04,8442,威宏-KY,39.5,40.1,39.5,40.0,129,10,60,0,0,55.96,44.03,100.0
2026-06-04,8443,阿瘦,11.25,11.35,11.25,11.35,23,0,1,0,0,3.72,96.27,100.0
2026-06-04,8444,綠河-KY,4.91,5.41,4.91,5.12,70,0,0,0,0,58.55,41.44,100.0
2026-06-04,8446,華研,85.3,87.8,85.2,86.6,127,22,30,0,0,4.71,95.28,100.0
2026-06-04,8450,霹靂,15.85,15.85,15.4,15.75,51,0,-7,0,0,0.09,49.89,49.99
2026-06-04,8454,富邦媒,302.0,321.0,300.0,321.0,8086,3792,-424,1078,25,11.56,88.43,100.0
2026-06-04,8455,大拓-KY,38.0,39.3,36.65,36.65,78,0,5,0,0,87.81,12.18,100.0
2026-06-04,8458,影一,13.5,14.0,14.0,14.0,0,0,0,0,0,0.0,0.0,0.0
2026-06-04,8462,柏文,140.0,141.5,140.0,141.0,102,8,-1,0,0,3.75,96.24,100.0
2026-06-04,8463,潤泰材,22.05,22.6,22.05,22.4,71,8,15,0,1,0.45,99.54,100.0
2026-06-04,8464,億豐,328.0,332.0,323.0,331.5,748,169,24,23,-3,42.2,57.79,100.0
2026-06-04,8466,美吉吉-KY,16.25,16.45,16.1,16.45,67,10,19,0,0,50.18,49.81,100.0
2026-06-04,8467,波力-KY,131.0,131.0,129.5,129.5,9,3,0,0,0,46.54,53.45,100.0
2026-06-04,8472,夠麻吉,93.3,93.5,86.8,90.1,75,29,-1,0,2,1.47,98.52,100.0
2026-06-04,8473,山林水,52.2,57.2,51.7,54.6,13712,7972,-1405,0,-21,3.01,96.98,100.0
2026-06-04,8476,台境,15.8,15.95,15.65,15.65,205,44,-18,0,0,1.57,98.42,100.0
2026-06-04,8476,台境*,15.8,15.95,15.65,15.65,205,44,-18,0,0,1.57,98.42,100.0
2026-06-04,8477,創業家,20.1,20.2,19.7,19.7,100,0,-21,0,0,0.18,99.81,100.0
2026-06-04,8478,東哥遊艇,159.0,161.0,156.5,159.0,241,71,-8,0,1,39.5,60.49,100.0
2026-06-04,8481,政伸,41.3,41.3,41.05,41.15,31,2,-2,0,0,0.42,99.57,100.0
2026-06-04,8482,商億-KY,49.8,49.9,49.65,49.9,5,2,1,0,0,91.75,8.24,100.0
2026-06-04,8487,愛爾達-創,78.7,79.6,78.4,79.4,50,3,15,0,0,1.0,48.98,49.99
2026-06-04,8488,吉源-KY,10.2,10.2,10.05,10.1,15,3,3,0,1,69.59,30.4,100.0
2026-06-04,8489,三貝德,22.7,23.4,22.7,23.4,89,10,20,0,0,3.48,96.51,100.0
2026-06-04,8499,鼎炫-KY,296.0,300.0,295.0,297.0,47,15,-8,0,0,72.1,27.89,100.0
2026-06-04,8905,裕國,30.0,30.7,29.8,30.7,10,1,3,0,0,0.5,99.49,100.0
2026-06-04,8906,花王,24.0,24.2,23.6,24.2,26,3,2,0,0,0.39,99.6,100.0
2026-06-04,8908,欣雄,41.2,42.7,41.2,42.3,397,38,138,0,0,0.36,99.63,100.0
2026-06-04,8916,光隆,44.85,44.85,44.5,44.85,173,12,12,0,0,2.87,97.12,100.0
2026-06-04,8917,欣泰,53.5,53.5,52.0,52.2,13,4,-5,0,0,1.43,98.56,100.0
2026-06-04,8921,沈氏,17.85,17.95,17.5,17.95,7,0,0,0,0,0.18,99.81,100.0
2026-06-04,8923,時報,19.0,19.05,19.0,19.05,9,0,0,0,0,4.15,95.84,100.0
2026-06-04,8924,大田,58.5,58.5,58.0,58.2,216,4,-81,0,0,2.42,97.57,100.0
2026-06-04,8926,台汽電,70.5,73.7,70.0,72.4,17435,7206,2026,115,11,11.46,88.53,100.0
2026-06-04,8927,北基,20.25,20.4,19.9,20.0,421,84,36,0,0,1.11,98.88,100.0
2026-06-04,8928,鉅明,21.35,21.45,21.35,21.35,12,0,1,0,0,0.33,99.66,100.0
2026-06-04,8929,富堡,14.75,14.75,14.45,14.65,36,3,-11,0,0,0.26,99.73,100.0
2026-06-04,8930,青鋼,28.4,28.8,28.4,28.75,61,1,23,0,0,2.65,97.34,100.0
2026-06-04,8931,大汽電,43.5,44.2,42.7,43.2,320,67,35,0,-5,0.22,99.77,100.0
2026-06-04,8932,智通*,99.7,105.0,99.3,100.0,2380,982,251,0,67,28.46,71.53,100.0
2026-06-04,8933,愛地雅,4.62,4.96,4.58,4.79,266,0,-87,0,0,1.0,98.99,100.0
2026-06-04,8935,邦泰,22.55,23.45,22.2,23.05,990,0,119,0,0,2.73,97.26,100.0
2026-06-04,8936,國統,55.5,60.1,55.2,60.1,21554,7184,-848,-6,117,10.38,89.61,100.0
2026-06-04,8937,合騏*,26.25,26.25,25.8,26.0,179,0,-39,0,0,5.6,94.39,100.0
2026-06-04,8938,明安,52.9,53.5,52.7,53.2,123,5,-57,0,0,6.26,93.73,100.0
2026-06-04,8940,新天地,16.7,16.9,16.65,16.9,104,21,34,0,0,8.43,91.56,100.0
2026-06-04,8941,關中,43.8,43.8,42.35,43.35,23,6,0,0,0,0.19,99.8,100.0
2026-06-04,8942,森鉅,41.6,42.35,41.5,41.55,241,57,37,0,0,13.82,86.17,100.0
2026-06-04,8996,高力,1065.0,1170.0,1065.0,1120.0,3673,1582,780,95,35,34.16,65.83,100.0
2026-06-04,8999,台灣積層,38.8,38.6,38.6,38.6,0,0,0,0,0,0.0,0.0,0.0
2026-06-04,9103,美德醫療-DR,5.57,5.98,5.46,5.98,5665,1588,13,0,35,2.54,97.45,100.0
2026-06-04,9105,泰金寶-DR,11.95,12.7,11.9,12.7,84356,21301,3488,0,107,1.55,98.44,100.0
2026-06-04,9110,越南控-DR,3.86,3.96,3.86,3.96,492,0,0,0,0,0.04,99.95,100.0
2026-06-04,9136,巨騰-DR,15.45,16.05,15.4,16.05,5054,1401,466,0,0,3.19,96.8,100.0
2026-06-04,9802,鈺齊-KY,79.7,81.9,79.7,80.4,1118,341,104,-100,0,41.39,58.6,100.0
2026-06-04,9902,台火,14.4,15.05,14.4,14.55,478,129,-18,0,3,1.59,98.4,100.0
2026-06-04,9904,寶成,26.5,26.7,26.35,26.4,21945,3423,-10362,-151,229,31.9,68.09,100.0
2026-06-04,9905,大華,21.05,21.05,20.5,20.6,742,74,42,0,0,2.25,97.74,100.0
2026-06-04,9906,欣巴巴,39.75,41.9,39.0,41.4,367,139,-61,0,-3,1.12,98.87,100.0
2026-06-04,9907,統一實,16.8,16.8,16.6,16.8,4283,364,-2124,-187,22,14.12,85.87,100.0
2026-06-04,9908,大台北,29.3,29.55,29.3,29.4,256,11,144,0,3,1.53,98.46,100.0
2026-06-04,9910,豐泰,81.7,84.8,80.4,80.5,11981,3800,-4281,4064,17,6.94,93.05,100.0
2026-06-04,9911,櫻花,83.4,84.0,83.4,83.7,425,76,112,0,-2,18.55,81.44,100.0
2026-06-04,9912,偉聯,12.55,12.55,12.5,12.55,39,0,12,0,0,15.97,84.02,100.0
2026-06-04,9914,美利達,69.3,69.8,67.4,68.6,1220,474,53,0,-5,22.71,77.28,100.0
2026-06-04,9917,中保科,115.0,117.5,115.0,117.0,1021,74,679,-46,5,39.9,60.09,100.0
2026-06-04,9918,欣天然,44.05,44.5,44.05,44.45,40,8,5,0,0,2.73,97.26,100.0
2026-06-04,9919,康那香,14.3,14.7,14.25,14.55,1098,211,28,0,1,4.98,95.01,100.0
2026-06-04,9921,巨大,70.8,71.4,68.6,70.6,2210,622,-344,0,12,27.08,72.91,100.0
2026-06-04,9924,福興,43.0,43.3,42.9,43.3,294,10,-51,0,4,10.5,89.49,100.0
2026-06-04,9925,新保,40.4,40.6,40.4,40.5,277,12,87,0,7,17.39,82.6,100.0
2026-06-04,9926,新海,49.5,49.55,49.15,49.35,10,2,1,0,0,0.69,99.3,100.0
2026-06-04,9927,泰銘,70.0,70.3,69.5,70.2,148,17,24,0,7,6.7,93.29,100.0
2026-06-04,9928,中視,18.0,18.05,17.9,18.0,30,2,0,0,0,0.0,0.0,0.0
2026-06-04,9929,秋雨,11.4,11.9,11.3,11.3,20,0,4,0,1,0.44,99.55,100.0
2026-06-04,9930,中聯資源,69.9,69.9,69.6,69.8,61,6,9,0,3,1.96,98.03,100.0
2026-06-04,9931,欣高,35.6,35.6,35.15,35.4,45,3,-1,0,0,0.85,99.14,100.0
2026-06-04,9933,中鼎,42.7,43.45,41.8,42.15,10861,3783,2109,102,-6,17.88,82.11,100.0
2026-06-04,9934,成霖,10.35,11.25,10.25,11.25,10289,1948,687,0,15,13.38,86.61,100.0
2026-06-04,9935,慶豐富,19.4,19.7,19.25,19.45,326,59,-2,0,0,5.69,94.3,100.0
2026-06-04,9937,全國,56.0,56.5,56.0,56.5,78,0,10,0,-2,1.76,98.23,100.0
2026-06-04,9938,百和,46.0,46.2,45.65,45.75,1567,389,-222,-6,31,9.31,90.68,100.0
2026-06-04,9939,宏全,126.0,127.5,125.0,125.5,2296,424,-855,-32,65,13.7,86.29,100.0
2026-06-04,9940,信義,19.5,19.55,19.25,19.5,567,67,-108,0,4,3.51,96.48,100.0
2026-06-04,9941,裕融,82.2,85.0,80.7,82.0,8784,2778,-3212,3900,-2,5.64,94.35,100.0
2026-06-04,9942,茂順,119.5,120.5,119.5,119.5,73,1,21,0,0,4.47,95.52,100.0
2026-06-04,9943,好樂迪,57.1,57.3,56.9,57.0,80,6,17,0,0,1.27,98.72,100.0
2026-06-04,9944,新麗,16.9,16.95,16.9,16.9,65,1,11,0,0,1.09,98.9,100.0
2026-06-04,9945,潤泰新,24.55,25.3,24.45,25.2,12073,1982,-1732,-11,438,7.93,92.06,100.0
2026-06-04,9946,三發地產,16.9,17.05,16.85,16.95,790,89,361,0,0,2.57,97.42,100.0
2026-06-04,9949,琉園,22.65,22.95,22.4,22.95,28,0,2,0,0,2.49,97.5,100.0
2026-06-04,9950,萬國通,11.0,11.0,10.9,11.0,60,0,0,0,0,0.03,99.96,100.0
2026-06-04,9951,皇田,52.7,53.2,52.6,52.8,92,11,-3,0,0,4.7,95.29,100.0
2026-06-04,9955,佳龍,29.55,29.55,28.7,28.9,365,107,-31,0,-1,5.01,94.98,100.0
2026-06-04,9957,燁聯,6.27,6.4,6.21,6.32,397,0,0,0,0,0.0,0.0,0.0
2026-06-04,9958,世紀鋼,107.5,117.5,106.5,117.5,5299,1628,527,0,123,12.71,87.28,100.0
2026-06-04,9960,邁達康,31.7,32.2,31.7,32.05,43,0,8,0,0,9.13,90.86,100.0
2026-06-04,9962,有益,10.0,10.2,9.92,10.05,139,24,-10,0,0,0.36,99.63,100.0
