date,stock_id,stock_name,open,high,low,close,volume,foreign_buy,trust_buy,dealer_buy,foreign_hold_ratio,foreign_remain_ratio,foreign_limit_ratio
2026-05-27,0050,元大台灣50,102.4,103.9,102.0,102.55,94959,3238,28,7013,3.22,96.77,100.0
2026-05-27,0051,元大中型100,142.65,143.05,140.2,141.1,156,-18,0,-61,0.48,99.51,100.0
2026-05-27,0052,富邦科技,60.75,61.15,60.0,60.45,30613,3712,-162,2970,2.66,97.33,100.0
2026-05-27,0053,元大電子,242.75,242.75,238.0,238.8,32,0,0,-10,1.34,98.65,100.0
2026-05-27,0055,元大MSCI金融,34.3,35.07,34.3,34.89,467,50,0,59,0.99,99.0,100.0
2026-05-27,0056,元大高股息,49.17,49.87,49.1,49.64,61667,13623,2100,9700,0.93,99.06,100.0
2026-05-27,0057,富邦摩台,307.05,307.65,302.7,304.2,10,2,0,-1,6.88,93.11,100.0
2026-05-27,0061,元大寶滬深,25.02,25.28,24.98,25.05,396,140,0,101,4.93,95.06,100.0
2026-05-27,1101,台泥,23.95,24.05,23.8,23.85,29819,-9752,-31,90,14.9,85.09,100.0
2026-05-27,1102,亞泥,33.1,33.25,32.85,33.0,17414,-6162,-120,-45,14.92,85.07,100.0
2026-05-27,1103,嘉泥,13.25,13.25,13.1,13.2,412,-5,0,-1,4.51,95.48,100.0
2026-05-27,1104,環泥,27.7,27.7,27.15,27.2,800,-413,0,3,15.36,84.63,100.0
2026-05-27,1108,幸福,13.5,13.55,13.4,13.5,287,19,0,0,1.2,98.79,100.0
2026-05-27,1109,信大,14.5,14.5,14.35,14.45,129,-15,0,1,2.26,97.73,100.0
2026-05-27,1110,東泥,13.95,14.15,13.95,14.1,245,25,0,0,5.85,94.14,100.0
2026-05-27,1201,味全,12.25,12.3,12.05,12.1,581,-119,0,0,4.99,95.0,100.0
2026-05-27,1203,味王,42.7,42.7,42.05,42.7,17,3,0,0,1.72,98.27,100.0
2026-05-27,1210,大成,52.3,52.4,51.6,51.7,2773,-1232,-9,5,11.79,88.2,100.0
2026-05-27,1213,大飲,8.22,8.29,8.0,8.29,12,0,0,0,0.01,99.98,100.0
2026-05-27,1215,卜蜂,132.0,132.0,125.0,129.5,6872,505,-8,-1659,34.96,65.03,100.0
2026-05-27,1216,統一,70.8,71.2,70.0,70.2,21423,-11296,4771,221,31.94,68.05,100.0
2026-05-27,1217,愛之味,9.8,9.9,9.68,9.7,1111,-381,0,3,7.46,92.53,100.0
2026-05-27,1218,泰山,18.5,18.55,18.4,18.45,444,-67,0,3,3.72,96.27,100.0
2026-05-27,1219,福壽,12.5,12.5,12.35,12.35,538,-52,0,2,5.51,94.48,100.0
2026-05-27,1220,台榮,11.85,11.85,11.75,11.75,80,-10,0,0,7.08,92.91,100.0
2026-05-27,1225,福懋油,29.85,29.85,29.2,29.25,203,-56,0,-3,1.32,98.67,100.0
2026-05-27,1227,佳格,28.25,28.25,28.0,28.1,1730,-354,0,61,5.47,94.52,100.0
2026-05-27,1229,聯華,39.85,40.3,39.15,39.95,4450,-1129,0,5,8.99,91.0,100.0
2026-05-27,1231,聯華食,85.3,86.1,85.0,85.6,488,118,0,2,2.66,97.33,100.0
2026-05-27,1232,大統益,147.5,149.0,147.5,148.0,156,-24,0,4,2.56,97.43,100.0
2026-05-27,1233,天仁,28.3,28.3,27.85,27.85,51,-7,0,0,5.66,94.33,100.0
2026-05-27,1234,黑松,34.25,34.35,34.05,34.25,283,-42,0,0,4.7,95.29,100.0
2026-05-27,1235,興泰,39.35,39.35,39.1,39.1,2,0,0,1,0.25,99.74,100.0
2026-05-27,1236,宏亞,24.05,24.4,24.05,24.35,20,5,0,0,0.46,99.53,100.0
2026-05-27,1240,茂生農經,58.3,58.5,57.8,57.8,8,0,0,0,3.66,96.33,100.0
2026-05-27,1256,鮮活果汁-KY,196.0,196.0,190.0,192.0,152,-21,0,0,4.88,95.11,100.0
2026-05-27,1259,安心,57.2,58.0,57.2,58.0,20,0,0,0,26.12,73.87,100.0
2026-05-27,1260,富味鄉,24.08,24.9,23.8,24.5,113,-3,0,0,0.0,0.0,0.0
2026-05-27,1264,德麥,271.5,272.0,271.0,271.5,21,1,0,0,1.7,98.29,100.0
2026-05-27,1268,漢來美食,168.5,168.5,166.0,168.5,28,9,0,0,1.58,98.41,100.0
2026-05-27,1269,乾杯,68.17,70.8,67.4,67.8,3,0,0,0,0.0,0.0,0.0
2026-05-27,1271,晨暉生技,61.52,61.7,61.0,61.6,44,0,0,0,0.0,0.0,0.0
2026-05-27,1293,利統,27.05,27.6,26.9,27.1,8,0,0,0,0.0,0.0,0.0
2026-05-27,1294,漢田生技,76.7,77.0,76.7,77.0,16,5,0,0,0.7,99.29,100.0
2026-05-27,1295,生合,51.4,51.4,50.1,50.3,68,-28,0,0,2.13,97.86,100.0
2026-05-27,1301,台塑,44.95,46.1,44.9,45.45,21747,4079,0,782,30.44,69.55,100.0
2026-05-27,1303,南亞,93.6,96.4,92.3,95.5,123528,45684,1300,2,33.73,66.26,100.0
2026-05-27,1304,台聚,12.0,12.2,11.9,11.9,3923,120,0,-51,28.17,71.82,100.0
2026-05-27,1305,華夏,12.1,12.25,11.9,12.1,3549,179,0,28,4.39,95.6,100.0
2026-05-27,1307,三芳,31.0,31.1,30.6,30.6,1007,-283,-24,-4,6.55,93.44,100.0
2026-05-27,1308,亞聚,12.95,13.1,12.85,12.85,2106,-47,0,1,4.13,95.86,100.0
2026-05-27,1309,台達化,15.2,15.45,14.75,14.8,3898,306,0,1,2.83,97.16,100.0
2026-05-27,1310,台苯,7.85,7.91,7.7,7.7,3829,-282,0,1,4.37,95.62,100.0
2026-05-27,1312,國喬,10.15,10.2,9.98,9.98,7881,459,0,-29,4.28,95.71,100.0
2026-05-27,1313,聯成,10.5,10.55,10.3,10.3,2322,124,0,10,5.91,94.08,100.0
2026-05-27,1314,中石化,6.97,6.97,6.85,6.9,17995,-2542,0,6,8.63,91.36,100.0
2026-05-27,1315,達新,61.0,62.0,61.0,62.0,130,3,0,0,1.26,98.73,100.0
2026-05-27,1316,上曜,10.2,10.2,10.0,10.15,2616,22,0,0,4.34,95.65,100.0
2026-05-27,1319,東陽,80.6,80.6,78.6,78.7,2749,-881,-12,88,7.37,92.62,100.0
2026-05-27,1321,大洋,29.15,29.2,28.75,29.05,172,35,0,1,6.79,93.2,100.0
2026-05-27,1323,永裕,20.2,20.2,19.95,20.2,79,13,0,0,1.23,98.76,100.0
2026-05-27,1324,地球,10.15,10.3,10.1,10.2,232,18,0,0,0.85,99.14,100.0
2026-05-27,1325,恆大,27.8,27.8,26.85,26.9,359,-77,0,0,1.14,98.85,100.0
2026-05-27,1326,台化,45.0,45.85,44.75,45.45,20351,6360,0,860,36.81,63.18,100.0
2026-05-27,1336,台翰,13.1,13.25,13.05,13.15,99,26,0,0,4.46,95.53,100.0
2026-05-27,1337,再生-KY,4.77,4.77,4.68,4.7,521,40,0,0,25.9,74.09,100.0
2026-05-27,1338,廣華-KY,15.7,15.85,15.6,15.7,236,-6,0,-2,6.12,93.87,100.0
2026-05-27,1339,昭輝,40.75,40.85,40.6,40.8,65,-7,0,0,1.05,98.94,100.0
2026-05-27,1340,勝悅-KY,5.3,5.58,5.16,5.52,1429,-98,0,5,26.46,73.53,100.0
2026-05-27,1341,富林-KY,61.0,61.8,61.0,61.8,4,1,0,0,79.88,20.11,100.0
2026-05-27,1342,八貫,92.9,94.0,91.5,91.8,398,-99,0,1,29.85,70.14,100.0
2026-05-27,1343,旭東環保,20.15,20.65,20.0,20.4,19,0,0,0,0.0,0.0,0.0
2026-05-27,1402,遠東新,25.9,25.9,23.45,23.45,162133,-78085,-19104,469,16.77,83.22,100.0
2026-05-27,1409,新纖,18.2,19.4,18.2,18.9,57381,-2799,-4,977,14.17,85.82,100.0
2026-05-27,1410,南染,26.0,26.85,26.0,26.25,21,-1,0,0,18.92,81.07,100.0
2026-05-27,1413,宏洲,9.41,9.41,9.33,9.4,15,4,0,0,0.4,99.59,100.0
2026-05-27,1414,東和,14.45,14.45,13.85,14.05,257,-1,0,-1,1.17,98.82,100.0
2026-05-27,1416,廣豐,11.1,11.15,11.0,11.1,361,66,0,0,5.98,94.01,100.0
2026-05-27,1417,嘉裕,8.23,8.23,8.0,8.06,254,-1,0,0,0.93,99.06,100.0
2026-05-27,1418,東華,17.35,18.8,17.3,18.8,139,2,0,1,0.92,99.07,100.0
2026-05-27,1419,新紡,66.9,66.9,63.5,63.8,334,-41,0,3,1.09,98.9,100.0
2026-05-27,1423,利華,41.0,41.8,41.0,41.5,43,16,0,-8,1.23,98.76,100.0
2026-05-27,1432,大魯閣,16.45,16.45,16.05,16.05,511,45,0,0,0.36,99.63,100.0
2026-05-27,1434,福懋,15.0,15.15,14.9,15.0,2110,-266,0,63,7.1,92.89,100.0
2026-05-27,1436,華友聯,44.75,44.9,44.05,44.05,219,-72,-2,-1,6.35,93.64,100.0
2026-05-27,1437,勤益控,28.3,28.3,28.05,28.25,85,-8,0,0,8.24,91.75,100.0
2026-05-27,1438,三地開發,20.45,20.45,19.55,20.1,79,-5,0,-3,0.49,99.5,100.0
2026-05-27,1439,雋揚,25.8,25.95,25.4,25.4,23,-1,0,0,1.0,98.99,100.0
2026-05-27,1440,南紡,11.9,12.2,11.7,12.05,3542,250,0,32,7.23,92.76,100.0
2026-05-27,1441,大東,9.27,9.29,9.22,9.23,78,9,0,0,1.35,98.64,100.0
2026-05-27,1442,名軒,25.6,25.9,25.6,25.8,354,-71,0,0,8.57,91.42,100.0
2026-05-27,1443,立益,25.35,25.35,24.5,25.1,31,2,0,4,0.3,99.69,100.0
2026-05-27,1443,立益物流,25.35,25.35,24.5,25.1,31,2,0,4,0.3,99.69,100.0
2026-05-27,1444,力麗,5.86,5.86,5.75,5.79,1167,-238,0,6,5.09,94.9,100.0
2026-05-27,1445,大宇,11.55,11.8,11.55,11.8,168,30,0,-3,3.07,96.92,100.0
2026-05-27,1446,宏和,15.75,15.8,15.6,15.7,203,-9,0,1,6.16,93.83,100.0
2026-05-27,1447,力鵬,5.39,5.54,5.36,5.5,2262,188,0,20,3.15,96.84,100.0
2026-05-27,1449,佳和,12.35,12.35,12.05,12.1,947,15,0,0,6.37,93.62,100.0
2026-05-27,1451,年興,16.5,16.55,16.3,16.4,289,-107,0,0,5.27,94.72,100.0
2026-05-27,1452,宏益,10.4,10.5,10.25,10.3,119,4,0,0,1.92,98.07,100.0
2026-05-27,1453,大將,11.3,11.5,11.25,11.3,79,14,0,0,0.53,99.46,100.0
2026-05-27,1454,台富,12.55,12.55,12.4,12.5,42,10,0,0,0.44,99.55,100.0
2026-05-27,1455,集盛,8.0,8.13,7.99,8.12,795,135,0,-29,2.25,97.74,100.0
2026-05-27,1456,怡華,12.9,13.1,12.65,13.05,94,0,0,1,0.5,99.49,100.0
2026-05-27,1457,宜進,13.9,14.0,13.8,13.95,135,12,0,0,1.74,98.25,100.0
2026-05-27,1459,聯發,11.65,11.75,11.6,11.6,191,26,0,0,1.67,98.32,100.0
2026-05-27,1460,宏遠,6.95,7.08,6.87,6.87,587,-118,0,0,1.91,98.08,100.0
2026-05-27,1463,強盛新,17.7,17.85,17.7,17.7,23,-2,0,0,11.46,88.53,100.0
2026-05-27,1464,得力,10.15,10.15,10.0,10.1,619,103,0,0,1.99,98.0,100.0
2026-05-27,1465,偉全,12.2,12.45,12.05,12.3,87,-5,0,-1,0.48,99.51,100.0
2026-05-27,1466,聚隆,14.45,14.45,13.7,13.75,243,-14,0,0,0.51,99.48,100.0
2026-05-27,1467,南緯,6.95,6.98,6.88,6.94,495,18,0,0,19.19,80.8,100.0
2026-05-27,1468,昶和,11.95,12.1,11.75,12.05,41,8,0,1,2.04,97.95,100.0
2026-05-27,1470,大統新創,21.55,22.15,21.5,22.0,7,2,0,0,0.26,99.73,100.0
2026-05-27,1471,首利,10.55,10.55,10.1,10.35,797,262,0,3,0.93,99.06,100.0
2026-05-27,1472,三洋實業,89.9,90.0,89.5,89.5,9,2,0,0,0.87,99.12,100.0
2026-05-27,1473,台南,20.3,20.3,19.95,20.05,247,2,0,0,5.26,94.73,100.0
2026-05-27,1474,弘裕,9.85,9.86,9.66,9.67,190,-33,0,0,0.47,99.52,100.0
2026-05-27,1475,業旺,25.0,25.2,24.55,25.0,102,4,0,6,0.34,99.65,100.0
2026-05-27,1476,儒鴻,337.0,340.0,324.5,331.0,3134,584,81,81,30.86,69.13,100.0
2026-05-27,1477,聚陽,215.0,220.5,213.0,215.5,4095,194,-119,-10,15.9,84.09,100.0
2026-05-27,1480,東盟開發,9.21,9.1,9.06,9.1,10,0,0,0,0.0,0.0,0.0
2026-05-27,1503,士電,209.0,223.0,209.0,221.0,20890,967,0,314,31.33,68.66,100.0
2026-05-27,1504,東元,73.0,74.9,70.8,70.8,24989,-6227,-66,218,11.37,88.62,100.0
2026-05-27,1506,正道,10.35,10.35,10.0,10.1,466,43,0,1,0.56,99.43,100.0
2026-05-27,1512,瑞利,6.94,6.96,6.81,6.82,97,4,0,0,5.41,94.58,100.0
2026-05-27,1513,中興電,168.5,175.5,166.5,169.0,30847,-4565,-3,-54,12.87,87.12,100.0
2026-05-27,1514,亞力,126.0,132.5,124.0,125.0,14329,-1092,0,145,16.42,83.57,100.0
2026-05-27,1515,力山,23.0,23.0,21.85,21.95,1064,190,0,1,3.91,96.08,100.0
2026-05-27,1516,川飛,21.3,21.35,20.6,20.6,36,4,0,3,5.69,94.3,100.0
2026-05-27,1517,利奇,10.1,10.1,9.95,9.95,463,-94,0,1,2.44,97.55,100.0
2026-05-27,1519,華城,870.0,912.0,867.0,878.0,6244,219,10,110,20.14,79.85,100.0
2026-05-27,1521,大億,24.8,24.8,24.2,24.5,44,4,0,0,33.02,66.97,100.0
2026-05-27,1522,堤維西,29.1,29.1,28.55,28.6,1649,-594,-1,12,2.67,97.32,100.0
2026-05-27,1524,耿鼎,29.3,29.3,28.7,29.0,987,-45,0,3,1.58,98.41,100.0
2026-05-27,1525,江申,72.5,72.5,68.0,69.8,140,18,0,-1,0.29,99.7,100.0
2026-05-27,1526,日馳,14.55,14.55,14.2,14.3,141,-29,0,0,2.72,97.27,100.0
2026-05-27,1527,鑽全,33.0,33.55,32.4,32.7,820,266,0,1,9.95,90.04,100.0
2026-05-27,1528,恩德,26.2,26.2,24.7,25.05,5564,-796,0,2,1.81,98.18,100.0
2026-05-27,1529,樂事綠能,21.8,23.1,21.8,22.45,2037,-42,0,-2,1.3,98.69,100.0
2026-05-27,1530,亞崴,34.5,35.1,32.1,32.7,2063,-17,0,-18,0.62,99.37,100.0
2026-05-27,1531,高林股,12.25,12.3,12.0,12.05,395,55,0,-2,1.5,98.49,100.0
2026-05-27,1532,勤美,20.65,20.85,20.6,20.8,801,105,-1,-13,7.13,92.86,100.0
2026-05-27,1533,車王電,38.9,39.6,38.35,38.65,596,1,0,4,6.78,93.21,100.0
2026-05-27,1535,中宇,49.5,49.6,48.8,49.0,135,14,0,-2,1.08,98.91,100.0
2026-05-27,1536,和大,51.0,51.1,49.3,49.7,3088,-1312,0,-20,7.02,92.97,100.0
2026-05-27,1537,廣隆,125.5,126.0,124.0,125.5,118,34,0,1,15.54,84.45,100.0
2026-05-27,1538,正峰,11.75,11.8,11.15,11.8,20,1,0,0,0.06,99.93,100.0
2026-05-27,1539,巨庭,16.05,16.05,15.7,15.8,74,-13,0,0,0.93,99.06,100.0
2026-05-27,1540,喬福,21.65,21.65,20.8,20.85,444,-266,0,-3,1.91,98.08,100.0
2026-05-27,1541,錩泰,20.5,21.15,20.2,20.55,37,5,0,0,9.8,90.19,100.0
2026-05-27,1558,伸興,91.5,91.6,90.5,90.7,103,13,0,-4,6.59,93.4,100.0
2026-05-27,1560,中砂,750.0,750.0,723.0,727.0,2063,-560,58,-3,38.92,61.07,100.0
2026-05-27,1563,巧新,55.6,55.6,55.6,55.6,1389,-33,0,14,2.77,97.22,100.0
2026-05-27,1565,精華,93.3,93.4,92.3,92.6,176,-26,0,0,7.5,92.49,100.0
2026-05-27,1568,倉佑,37.5,37.5,37.5,37.5,1409,-24,0,8,1.69,98.3,100.0
2026-05-27,1569,濱川,52.5,53.2,51.5,52.1,897,-64,0,-6,5.48,94.51,100.0
2026-05-27,1570,力肯,52.5,54.5,50.2,52.2,1812,24,0,0,2.58,97.41,100.0
2026-05-27,1580,新麥,122.0,122.0,120.5,122.0,160,-21,0,0,5.16,94.83,100.0
2026-05-27,1582,信錦,113.0,114.5,109.0,110.0,7279,-1094,0,189,5.53,94.46,100.0
2026-05-27,1583,程泰,50.2,54.0,49.85,53.8,147,13,0,-2,0.4,99.59,100.0
2026-05-27,1584,精剛,19.75,19.85,19.25,19.45,1567,-551,0,0,4.01,95.98,100.0
2026-05-27,1586,和勤,22.3,22.5,22.0,22.2,168,-48,0,0,0.85,99.1,100.0
2026-05-27,1587,吉茂,28.25,30.15,28.0,29.2,821,-112,0,3,20.97,79.02,100.0
2026-05-27,1590,亞德客-KY,1495.0,1500.0,1430.0,1435.0,612,-38,-9,8,80.09,19.9,100.0
2026-05-27,1591,駿吉-KY,50.2,50.2,42.95,46.0,771,-37,0,5,4.82,95.17,100.0
2026-05-27,1593,祺驊,30.95,31.05,30.8,30.9,42,-1,0,0,5.96,94.03,100.0
2026-05-27,1594,日高,11.05,10.6,9.4,10.05,136,2,0,0,0.0,0.0,0.0
2026-05-27,1595,川寶,100.5,105.0,91.4,91.6,4132,-675,0,-4,2.23,97.76,100.0
2026-05-27,1597,直得,215.0,215.0,199.0,199.0,9347,-1279,0,-52,6.64,93.35,100.0
2026-05-27,1598,岱宇,20.2,20.2,19.85,20.0,179,1,0,3,1.65,98.34,100.0
2026-05-27,1599,宏佳騰,23.2,23.75,23.0,23.0,72,3,0,0,7.26,92.73,100.0
2026-05-27,1603,華電,31.5,31.5,30.8,31.15,302,-74,0,-1,2.03,97.96,100.0
2026-05-27,1604,聲寶,23.3,23.35,23.05,23.35,440,-119,0,2,7.42,92.57,100.0
2026-05-27,1605,華新,38.0,38.2,36.45,37.5,49093,6246,-5762,-439,15.24,84.75,100.0
2026-05-27,1608,華榮,33.6,34.25,33.3,33.65,3219,523,-11,17,3.63,96.36,100.0
2026-05-27,1609,大亞,36.4,37.35,36.3,36.75,10689,2484,0,79,12.9,87.09,100.0
2026-05-27,1611,中電,11.45,11.65,11.4,11.5,912,-47,0,0,9.98,90.01,100.0
2026-05-27,1612,宏泰,37.05,37.35,36.8,36.9,1570,382,-22,63,18.47,81.52,100.0
2026-05-27,1614,三洋電,30.95,31.25,30.8,31.0,121,36,0,3,2.25,97.74,100.0
2026-05-27,1615,大山,44.05,44.05,42.9,42.9,279,-99,0,0,0.96,99.03,100.0
2026-05-27,1616,億泰,21.7,22.2,21.2,21.25,750,151,0,-1,2.26,97.73,100.0
2026-05-27,1617,榮星,14.8,14.8,14.65,14.65,154,46,0,0,19.5,80.49,100.0
2026-05-27,1618,合機,43.6,43.7,41.05,41.8,2683,-381,0,7,0.91,99.08,100.0
2026-05-27,1623,大東電,230.0,245.0,230.0,238.5,555,75,0,-58,0.49,99.5,100.0
2026-05-27,1626,艾美特-KY,10.35,10.35,9.92,10.05,281,44,0,0,43.7,56.29,100.0
2026-05-27,1702,南僑,33.1,33.1,32.85,32.9,700,-127,0,1,7.69,92.3,100.0
2026-05-27,1707,葡萄王,100.5,101.0,99.4,99.6,834,-229,0,8,14.25,85.74,100.0
2026-05-27,1708,東鹼,38.5,38.75,38.2,38.45,2433,-80,0,31,14.88,85.11,100.0
2026-05-27,1709,和益,19.25,19.7,19.15,19.2,2091,938,0,2,3.7,96.29,100.0
2026-05-27,1710,東聯,12.7,13.05,12.7,12.95,3206,1151,0,53,4.14,95.85,100.0
2026-05-27,1711,永光,51.3,53.3,50.0,51.0,18293,673,0,102,4.9,95.09,100.0
2026-05-27,1712,興農,39.25,39.6,39.05,39.55,1035,-9,0,28,14.3,85.69,100.0
2026-05-27,1713,國化,48.45,50.0,48.35,49.25,479,65,0,7,1.2,98.79,100.0
2026-05-27,1714,和桐,9.6,9.62,9.37,9.4,4285,-1077,0,0,21.32,78.67,100.0
2026-05-27,1717,長興,84.7,89.9,83.5,84.5,87021,6832,538,574,14.29,85.7,100.0
2026-05-27,1718,中纖,6.42,6.46,6.29,6.31,5049,-987,0,-7,5.47,94.52,100.0
2026-05-27,1720,生達,61.2,61.3,60.8,61.2,396,-160,0,1,4.8,95.19,100.0
2026-05-27,1721,三晃,29.9,31.0,29.1,30.15,7613,832,0,1,2.24,97.75,100.0
2026-05-27,1722,台肥,45.85,45.95,45.35,45.65,3501,-281,-2,26,7.27,92.72,100.0
2026-05-27,1723,中碳,82.2,83.1,80.8,81.0,715,44,0,9,8.05,91.94,100.0
2026-05-27,1725,元禎,31.2,31.4,30.8,31.0,138,24,0,0,0.32,99.67,100.0
2026-05-27,1726,永記,77.0,77.0,76.6,76.9,46,-11,0,0,12.83,87.16,100.0
2026-05-27,1727,中華化,97.3,103.0,95.2,96.5,11971,-1079,0,-1,5.44,94.55,100.0
2026-05-27,1730,花仙子,52.5,52.7,52.4,52.4,50,2,0,0,6.74,93.25,100.0
2026-05-27,1731,美吾華,21.5,21.5,21.2,21.4,414,-11,0,1,1.06,98.93,100.0
2026-05-27,1732,毛寶,26.75,27.0,26.35,26.4,231,-21,0,1,2.01,97.98,100.0
2026-05-27,1733,五鼎,30.0,30.05,29.5,29.9,141,-61,0,0,3.29,96.7,100.0
2026-05-27,1734,杏輝,30.5,30.65,30.35,30.6,324,-17,0,0,5.01,94.98,100.0
2026-05-27,1735,日勝化,26.0,27.15,25.7,25.95,753,41,0,-2,50.9,49.09,100.0
2026-05-27,1736,喬山,119.0,119.0,115.0,116.5,644,-21,0,2,4.58,95.41,100.0
2026-05-27,1737,臺鹽,31.5,31.6,31.5,31.55,104,10,0,0,8.49,91.5,100.0
2026-05-27,1742,台蠟,15.0,15.1,14.85,14.85,45,1,0,0,0.21,99.78,100.0
2026-05-27,1752,南光,32.5,32.5,32.2,32.5,74,-1,0,0,1.63,98.36,100.0
2026-05-27,1760,寶齡富錦,61.1,61.2,60.5,60.5,185,12,0,0,11.24,88.75,100.0
2026-05-27,1762,中化生,39.95,40.55,39.15,39.7,544,93,0,1,2.62,97.37,100.0
2026-05-27,1773,勝一,190.5,204.0,188.5,195.0,3135,419,230,41,8.3,91.69,100.0
2026-05-27,1776,展宇,18.2,18.6,18.1,18.15,132,7,0,-1,0.6,99.39,100.0
2026-05-27,1777,生泰,71.1,72.0,71.0,71.4,27,-1,0,0,0.96,99.03,100.0
2026-05-27,1780,立弘,33.27,33.5,32.85,33.2,480,-3,0,0,0.0,0.0,0.0
2026-05-27,1781,合世,11.0,11.0,10.55,10.6,110,-5,0,0,0.62,99.37,100.0
2026-05-27,1783,和康生,38.1,38.25,38.0,38.2,130,-24,0,0,7.07,92.92,100.0
2026-05-27,1784,訊聯,67.0,67.6,65.6,66.0,469,49,0,-6,2.93,97.06,100.0
2026-05-27,1785,光洋科,148.5,149.5,142.0,143.0,22388,1043,-7,-98,14.4,85.59,100.0
2026-05-27,1786,科妍,53.8,54.2,53.0,53.3,283,-11,0,5,1.52,98.47,100.0
2026-05-27,1788,杏昌,135.0,135.0,134.5,134.5,69,6,0,0,11.07,88.92,100.0
2026-05-27,1789,神隆,19.05,19.15,18.85,19.0,563,0,0,6,1.69,98.3,100.0
2026-05-27,1795,美時,195.0,195.0,190.5,191.5,1855,-436,1,0,52.57,47.42,100.0
2026-05-27,1796,金穎生技,36.1,36.1,35.55,35.55,8,-1,0,0,0.76,99.23,100.0
2026-05-27,1799,易威,33.55,33.8,33.35,33.8,107,21,0,0,11.76,88.23,100.0
2026-05-27,1802,台玻,73.0,74.4,70.2,72.8,154134,568,970,644,6.5,93.49,100.0
2026-05-27,1805,寶徠,10.3,10.3,9.89,9.98,164,-44,0,2,0.46,99.53,100.0
2026-05-27,1806,冠軍,8.0,8.02,7.94,7.97,518,-162,0,2,9.33,90.66,100.0
2026-05-27,1808,潤隆,28.85,28.85,28.4,28.45,1472,-709,0,9,3.82,96.17,100.0
2026-05-27,1809,中釉,47.05,48.5,44.4,44.4,13175,-4243,0,-10,3.56,96.43,100.0
2026-05-27,1810,和成,18.85,20.15,18.6,19.9,11157,683,28,27,4.51,95.48,100.0
2026-05-27,1813,寶利徠,12.15,12.15,11.9,12.0,108,2,0,0,9.43,90.56,100.0
2026-05-27,1815,富喬,109.5,110.0,103.0,103.5,29587,-2042,-217,-881,19.42,80.57,100.0
2026-05-27,1817,凱撒衛,39.1,39.35,39.05,39.2,32,10,0,-1,1.6,98.39,100.0
2026-05-27,1903,士紙,50.0,50.5,48.8,49.25,424,-9,0,-7,10.74,89.25,100.0
2026-05-27,1904,正隆,18.95,19.2,18.8,18.9,1481,477,0,17,9.12,90.87,100.0
2026-05-27,1905,華紙,12.05,12.05,11.8,11.85,3142,242,0,14,2.08,97.91,100.0
2026-05-27,1906,寶隆,10.35,10.35,10.0,10.05,208,-12,0,1,0.61,99.38,100.0
2026-05-27,1907,永豐餘,24.5,24.5,23.95,24.0,1790,-870,17,15,12.02,87.97,100.0
2026-05-27,1909,榮成,8.91,8.94,8.81,8.9,3174,-644,0,2,7.58,92.41,100.0
2026-05-27,2002,中鋼,19.65,19.7,19.0,19.1,97154,-26456,20,-1769,12.49,87.5,100.0
2026-05-27,2006,東和鋼鐵,65.8,66.9,64.9,66.9,2374,889,-31,-10,18.58,81.41,100.0
2026-05-27,2007,燁興,7.51,7.68,7.42,7.44,581,75,0,19,0.6,99.39,100.0
2026-05-27,2008,高興昌,28.0,28.3,27.75,28.15,26,7,0,0,7.68,92.31,100.0
2026-05-27,2009,第一銅,40.0,40.3,39.35,39.7,1730,458,0,3,2.43,97.56,100.0
2026-05-27,2010,春源,22.85,23.0,22.75,22.95,1728,27,0,-3,8.55,91.44,100.0
2026-05-27,2012,春雨,14.65,14.75,14.5,14.5,60,-3,0,3,1.37,98.62,100.0
2026-05-27,2013,中鋼構,42.5,42.75,42.3,42.4,125,-7,0,2,7.0,92.99,100.0
2026-05-27,2014,中鴻,18.35,18.4,17.8,18.0,8449,245,0,-16,5.13,94.86,100.0
2026-05-27,2015,豐興,61.6,62.2,61.4,62.0,287,26,-5,17,12.25,87.74,100.0
2026-05-27,2017,官田鋼,8.91,8.95,8.77,8.91,814,290,0,9,1.74,98.25,100.0
2026-05-27,2020,美亞,21.6,21.6,21.2,21.25,766,-1,0,0,1.55,98.44,100.0
2026-05-27,2022,聚亨,7.9,7.9,7.63,7.63,1294,-493,0,10,1.94,98.05,100.0
2026-05-27,2023,燁輝,13.7,13.7,13.5,13.65,2495,-262,0,40,3.69,96.3,100.0
2026-05-27,2024,志聯,13.8,13.8,13.7,13.8,12,6,0,0,0.44,99.55,100.0
2026-05-27,2025,千興,12.4,12.4,12.1,12.1,355,11,0,-1,0.72,99.27,100.0
2026-05-27,2027,大成鋼,41.5,43.25,41.05,42.45,27210,8995,0,2839,18.27,81.72,100.0
2026-05-27,2028,威致,17.7,17.7,16.9,16.9,242,-11,0,9,0.75,99.24,100.0
2026-05-27,2029,盛餘,20.55,20.6,20.4,20.45,293,65,0,2,66.54,33.45,100.0
2026-05-27,2030,彰源,17.95,18.45,17.65,18.0,1774,229,0,16,3.77,96.22,100.0
2026-05-27,2031,新光鋼,38.95,39.1,38.5,38.85,928,-26,-21,2,7.5,92.49,100.0
2026-05-27,2032,新鋼,17.8,18.6,17.65,18.0,2391,780,0,-15,3.28,96.71,100.0
2026-05-27,2033,佳大,15.45,15.45,15.1,15.1,185,-42,0,0,0.79,99.2,100.0
2026-05-27,2034,允強,20.2,20.2,19.95,20.05,1601,-24,0,4,3.38,96.61,100.0
2026-05-27,2035,唐榮,27.6,28.3,27.45,28.3,18,2,0,0,0.0,99.99,100.0
2026-05-27,2038,海光,14.05,14.1,13.65,13.75,1092,-353,0,5,1.44,98.55,100.0
2026-05-27,2049,上銀,415.0,425.0,402.5,409.0,7797,439,420,87,36.76,63.23,100.0
2026-05-27,2059,川湖,5065.0,5195.0,4875.0,4920.0,562,65,0,-9,24.57,75.42,100.0
2026-05-27,2061,風青,31.55,34.6,31.55,33.6,7439,199,0,-10,4.61,95.38,100.0
2026-05-27,2062,橋椿,18.4,18.45,18.05,18.2,453,-217,0,0,7.13,92.86,100.0
2026-05-27,2063,世鎧,25.2,25.25,25.2,25.25,36,7,0,0,1.02,98.97,100.0
2026-05-27,2064,晉椿,13.55,13.55,13.4,13.45,66,-1,0,0,0.1,99.89,100.0
2026-05-27,2065,世豐,35.5,35.6,35.45,35.55,263,-97,0,0,1.3,98.69,100.0
2026-05-27,2066,世德,57.7,57.7,55.0,55.7,227,14,0,0,9.4,90.59,100.0
2026-05-27,2067,嘉鋼,6.7,6.7,6.5,6.68,96,-2,0,0,11.28,88.71,100.0
2026-05-27,2069,運錩,19.65,19.7,19.2,19.2,538,33,0,3,2.5,97.49,100.0
2026-05-27,2070,精湛,79.0,82.9,77.0,82.4,11355,-414,0,0,2.17,97.82,100.0
2026-05-27,2071,震南鐵,20.59,21.1,20.4,21.1,36,0,0,0,0.0,0.0,0.0
2026-05-27,2072,世紀風電,167.0,170.0,163.5,165.5,546,13,0,0,1.59,98.4,100.0
2026-05-27,2073,雄順,26.0,26.0,26.0,26.0,1,0,0,0,0.04,99.96,100.0
2026-05-27,2101,南港,30.5,30.5,29.55,29.75,3224,-548,0,5,5.29,94.7,100.0
2026-05-27,2102,泰豐,18.1,18.45,18.0,18.2,298,13,0,2,2.9,97.09,100.0
2026-05-27,2103,台橡,19.4,19.4,18.7,18.8,7012,-2066,0,12,20.9,79.09,100.0
2026-05-27,2104,國際中橡,10.05,10.1,9.85,9.86,2361,-386,0,1,5.23,94.76,100.0
2026-05-27,2105,正新,31.55,31.95,31.5,31.55,9033,-735,-716,42,10.87,89.12,100.0
2026-05-27,2106,建大,16.75,16.8,16.55,16.65,980,-230,0,-2,8.26,91.73,100.0
2026-05-27,2107,厚生,24.8,24.8,24.6,24.75,360,-90,0,0,6.02,93.97,100.0
2026-05-27,2108,南帝,27.7,28.15,26.6,27.0,2378,-260,0,8,4.91,95.08,100.0
2026-05-27,2109,華豐,14.1,14.1,13.9,13.9,205,29,0,0,15.08,84.91,100.0
2026-05-27,2114,鑫永銓,91.6,92.0,91.4,91.6,91,-13,0,1,4.2,95.79,100.0
2026-05-27,2115,六暉-KY,20.7,20.75,20.45,20.75,218,30,0,0,44.09,55.9,100.0
2026-05-27,2201,裕隆,27.0,27.0,26.45,26.45,2793,-343,-79,33,4.11,95.88,100.0
2026-05-27,2204,中華,53.4,53.4,52.5,52.6,1695,-626,-19,1,17.69,82.3,100.0
2026-05-27,2206,三陽工業,59.5,59.8,59.0,59.8,1898,-333,-1,2,5.76,94.23,100.0
2026-05-27,2207,和泰車,462.5,466.5,458.0,466.5,502,14,-27,1,21.44,78.55,100.0
2026-05-27,2208,台船,18.15,18.3,18.05,18.1,4181,78,-3,12,8.83,91.16,100.0
2026-05-27,2211,長榮鋼,92.7,92.7,91.5,91.7,827,-272,-15,10,3.59,96.4,100.0
2026-05-27,2221,大甲,43.7,43.7,41.5,41.95,620,-64,0,0,1.34,98.65,100.0
2026-05-27,2227,裕日車,48.35,48.9,48.35,48.4,84,26,0,0,40.34,59.65,100.0
2026-05-27,2228,劍麟,82.7,83.7,81.8,81.9,249,12,0,0,3.18,96.81,100.0
2026-05-27,2230,泰茂,29.95,29.95,28.45,28.45,354,-159,0,-1,2.29,97.7,100.0
2026-05-27,2231,為升,107.5,108.0,104.0,104.5,526,-212,0,1,5.15,94.84,100.0
2026-05-27,2233,宇隆,380.0,381.5,362.0,365.0,2143,45,0,-33,6.29,93.7,100.0
2026-05-27,2235,謚源,29.25,30.5,29.25,30.5,6,0,0,0,0.03,99.96,100.0
2026-05-27,2236,百達-KY,142.5,144.5,139.5,141.5,421,-57,0,0,52.77,47.22,100.0
2026-05-27,2237,華德動能,37.6,38.4,37.0,38.0,244,2,0,0,0.0,0.0,0.0
2026-05-27,2239,英利-KY,22.25,22.85,22.1,22.3,110,-14,0,4,75.41,24.58,100.0
2026-05-27,2241,艾姆勒,37.7,38.8,36.2,36.35,1706,-143,0,0,8.92,91.07,100.0
2026-05-27,2243,宏旭-KY,23.9,24.2,23.5,23.75,493,64,0,0,26.14,73.85,100.0
2026-05-27,2245,詠勝昌*,26.64,26.75,26.4,26.75,5,0,0,0,0.0,0.0,0.0
2026-05-27,2247,汎德永業,205.5,206.0,204.0,204.5,69,3,0,0,4.32,95.67,100.0
2026-05-27,2248,華勝-KY,54.1,54.5,53.0,54.3,37,1,0,-19,50.1,49.89,100.0
2026-05-27,2249,湧盛,121.84,123.0,118.5,122.0,26,0,0,0,0.0,0.0,0.0
2026-05-27,2250,IKKA-KY,61.8,61.8,60.7,60.7,119,-38,0,0,6.82,93.15,100.0
2026-05-27,2252,為昇科,17.81,18.25,17.4,17.75,136,2,0,0,0.0,0.0,0.0
2026-05-27,2254,巨鎧精密-創,59.2,64.8,59.2,64.8,43,12,0,-6,23.84,76.15,100.0
2026-05-27,2255,凱銳光電,19.32,19.6,19.0,19.5,45,-9,0,0,0.0,0.0,0.0
2026-05-27,2256,歐特明,87.17,90.9,86.4,90.3,420,-1,0,0,0.0,0.0,0.0
2026-05-27,2258,鴻華先進-創,29.05,29.2,28.4,28.65,863,-85,0,18,0.31,99.68,100.0
2026-05-27,2301,光寶科,250.0,262.0,242.5,246.0,57628,1802,2759,-344,40.74,59.25,100.0
2026-05-27,2302,麗正,36.0,37.25,32.35,32.7,15444,24,0,-4,4.98,95.01,100.0
2026-05-27,2303,聯電,139.5,143.5,138.5,143.5,280261,21529,-19010,-598,36.86,63.13,100.0
2026-05-27,2305,全友,21.8,22.85,21.4,22.85,7961,404,0,13,7.23,92.76,100.0
2026-05-27,2308,台達電,2490.0,2585.0,2490.0,2520.0,13897,3515,296,-3,64.42,35.57,100.0
2026-05-27,2312,金寶,38.85,38.85,36.0,37.35,165750,-23537,0,-1837,12.26,87.73,100.0
2026-05-27,2313,華通,289.5,291.0,277.0,282.0,80875,-5969,-3901,-777,26.34,73.65,100.0
2026-05-27,2314,台揚,16.4,16.8,15.6,15.6,734,-1,0,0,1.57,98.42,100.0
2026-05-27,2316,楠梓電,174.0,188.0,166.0,168.0,11974,-394,0,-86,34.44,65.55,100.0
2026-05-27,2317,鴻海,263.0,269.0,261.0,264.0,78352,19616,133,376,40.85,59.14,100.0
2026-05-27,2321,東訊,14.3,15.5,14.25,15.0,52,0,0,0,0.01,99.98,100.0
2026-05-27,2323,中環,10.35,10.45,10.15,10.3,8330,443,0,131,10.05,89.94,100.0
2026-05-27,2324,仁寶,33.9,34.15,32.55,33.4,116483,20055,-10057,-48,40.28,59.71,100.0
2026-05-27,2327,國巨*,683.0,727.0,683.0,701.0,24969,-3390,41,1213,51.72,48.27,100.0
2026-05-27,2328,廣宇,55.2,55.2,52.8,53.8,9423,235,0,213,9.29,90.7,100.0
2026-05-27,2329,華泰,60.4,61.0,58.3,58.5,22890,-75,0,125,10.06,89.93,100.0
2026-05-27,2330,台積電,2310.0,2330.0,2290.0,2300.0,40272,8810,1,371,70.39,29.6,100.0
2026-05-27,2331,精英,21.2,21.6,20.55,20.55,4018,-85,-10,-36,6.07,93.92,100.0
2026-05-27,2332,友訊,15.7,15.8,15.3,15.6,6331,-4,0,-26,10.77,89.22,100.0
2026-05-27,2337,旺宏,172.0,175.0,154.0,155.5,242819,-45691,-160,-1751,24.84,75.15,100.0
2026-05-27,2338,光罩,56.9,57.4,54.8,56.2,8529,1117,0,49,7.04,92.95,100.0
2026-05-27,2340,台亞,39.5,40.5,38.0,40.1,14458,-1057,0,180,8.88,91.11,100.0
2026-05-27,2342,茂矽,43.6,44.8,42.0,44.05,13295,546,0,0,6.31,93.68,100.0
2026-05-27,2344,華邦電,155.0,155.0,146.0,155.0,439027,14773,10671,478,25.1,74.89,100.0
2026-05-27,2345,智邦,2645.0,2670.0,2570.0,2620.0,3955,147,-65,-40,58.2,41.79,100.0
2026-05-27,2347,聯強,85.0,86.7,84.3,85.9,5081,-928,595,14,33.29,66.7,100.0
2026-05-27,2348,海悅,68.0,68.4,67.8,67.9,432,-23,0,1,0.81,99.18,100.0
2026-05-27,2349,錸德,13.5,14.2,13.25,13.85,10567,1553,0,3,12.87,87.12,100.0
2026-05-27,2351,順德,227.5,232.0,215.0,229.0,12559,-303,200,-204,16.99,83.0,100.0
2026-05-27,2352,佳世達,28.2,28.2,27.3,27.55,8070,-474,0,-22,10.52,89.47,100.0
2026-05-27,2353,宏碁,32.1,32.4,31.2,31.4,61791,8428,-718,200,10.03,89.96,100.0
2026-05-27,2354,鴻準,60.9,61.3,59.3,59.7,11087,-103,-3,-16,10.5,89.49,100.0
2026-05-27,2355,敬鵬,65.8,65.9,61.8,62.6,29431,-105,0,-165,18.63,81.36,100.0
2026-05-27,2356,英業達,63.7,63.7,60.8,62.0,79832,-15761,6890,508,17.74,82.25,100.0
2026-05-27,2357,華碩,700.0,709.0,694.0,701.0,4222,119,829,67,33.4,66.59,100.0
2026-05-27,2359,所羅門,147.5,150.0,142.0,144.5,10233,-465,0,-39,4.24,95.75,100.0
2026-05-27,2360,致茂,2550.0,2680.0,2495.0,2625.0,2643,-169,134,-46,58.16,41.83,100.0
2026-05-27,2362,藍天,42.0,42.2,40.95,41.05,1389,246,0,20,10.54,89.45,100.0
2026-05-27,2363,矽統,69.0,71.8,66.3,66.8,27101,-1832,0,-319,8.72,91.27,100.0
2026-05-27,2364,倫飛,68.6,68.6,67.3,67.3,226,-17,0,0,15.51,84.48,100.0
2026-05-27,2365,昆盈,38.3,39.75,36.95,37.35,6148,-874,0,-20,3.55,96.44,100.0
2026-05-27,2367,燿華,67.6,67.6,64.9,67.1,40194,-912,0,-247,6.94,93.05,100.0
2026-05-27,2368,金像電,1450.0,1470.0,1370.0,1375.0,5687,87,-78,-45,25.75,74.24,100.0
2026-05-27,2369,菱生,38.85,41.0,36.95,40.15,90986,2453,0,414,21.9,78.09,100.0
2026-05-27,2371,大同,30.05,30.75,29.4,29.4,18425,486,-1962,-101,7.33,92.66,100.0
2026-05-27,2373,震旦行,57.4,58.0,56.8,58.0,145,61,0,-1,0.82,99.17,100.0
2026-05-27,2374,佳能,83.1,83.5,80.0,80.8,9658,-515,0,-91,6.17,93.82,100.0
2026-05-27,2375,凱美,137.0,147.0,133.0,147.0,33132,-754,0,361,12.97,87.02,100.0
2026-05-27,2376,技嘉,341.0,341.0,331.0,332.5,9035,415,242,80,22.77,77.22,100.0
2026-05-27,2377,微星,127.5,132.0,125.5,126.5,31363,-2852,-348,-186,12.34,87.65,100.0
2026-05-27,2379,瑞昱,595.0,624.0,595.0,605.0,6045,647,461,79,52.31,47.68,100.0
2026-05-27,2380,虹光,5.74,5.74,5.5,5.53,435,1,0,0,0.26,99.73,100.0
2026-05-27,2382,廣達,322.0,323.5,312.0,312.0,43591,-21413,12553,325,24.4,75.59,100.0
2026-05-27,2383,台光電,5500.0,5545.0,5300.0,5305.0,2342,352,143,-2,43.35,56.64,100.0
2026-05-27,2385,群光,133.5,138.0,132.5,135.5,6098,1286,-306,26,19.03,80.96,100.0
2026-05-27,2387,精元,41.5,41.5,40.25,40.35,1017,8,0,-1,9.05,90.94,100.0
2026-05-27,2388,威盛,78.7,79.5,75.6,75.9,12942,-1534,0,-404,14.34,85.65,100.0
2026-05-27,2390,云辰,10.55,10.9,10.45,10.7,1466,320,0,2,2.8,97.19,100.0
2026-05-27,2392,正崴,38.9,38.9,37.3,37.6,3203,448,0,1,6.84,93.15,100.0
2026-05-27,2393,億光,64.5,64.5,62.5,62.7,3797,-2008,-33,102,29.55,70.44,100.0
2026-05-27,2395,研華,507.0,530.0,503.0,509.0,4521,-274,2,6,35.52,64.47,100.0
2026-05-27,2397,友通,65.0,65.5,62.7,62.9,586,13,0,1,12.27,87.72,100.0
2026-05-27,2399,映泰,50.8,50.8,47.7,48.0,16424,-3053,0,1,6.73,93.26,100.0
2026-05-27,2401,凌陽,30.35,33.0,30.35,31.05,30654,-2619,0,-13,13.2,86.79,100.0
2026-05-27,2402,毅嘉,70.5,70.5,67.9,68.7,12508,-2742,-835,8,5.93,93.45,100.0
2026-05-27,2404,漢唐,1285.0,1300.0,1225.0,1235.0,5007,708,-21,-172,33.01,66.98,100.0
2026-05-27,2405,輔信,16.95,16.95,16.35,16.4,2439,20,0,-3,6.19,93.8,100.0
2026-05-27,2406,國碩,36.0,36.2,34.45,34.9,22652,-1694,0,-1,16.79,83.2,100.0
2026-05-27,2408,南亞科,333.0,333.5,306.0,312.0,206216,5746,-42,-1452,11.77,88.22,100.0
2026-05-27,2409,友達,22.15,22.2,20.5,21.8,566175,-88321,-4,666,13.18,86.81,100.0
2026-05-27,2412,中華電,137.0,138.0,136.0,137.0,15609,-5203,1297,325,17.25,31.74,49.0
2026-05-27,2413,環科,51.7,52.0,49.45,49.55,2953,-449,0,-1,3.97,96.02,100.0
2026-05-27,2414,精技,50.5,51.3,50.5,51.2,320,46,0,6,5.43,94.56,100.0
2026-05-27,2415,錩新,26.85,26.85,26.5,26.65,139,-36,0,0,20.91,79.08,100.0
2026-05-27,2417,圓剛,51.2,51.5,49.7,50.2,2495,491,0,7,3.53,96.46,100.0
2026-05-27,2419,仲琦,31.3,31.9,30.3,30.5,1967,-3,0,-30,1.31,98.68,100.0
2026-05-27,2420,新巨,63.0,64.2,62.3,62.5,927,59,0,5,7.89,92.1,100.0
2026-05-27,2421,建準,166.0,166.0,159.0,162.0,7155,-1088,428,-117,29.52,70.47,100.0
2026-05-27,2423,固緯,82.1,86.5,80.3,82.6,692,-117,0,3,5.11,94.88,100.0
2026-05-27,2424,隴華,12.25,13.55,12.25,13.55,608,-123,0,0,0.37,48.62,49.0
2026-05-27,2425,承啟,35.25,37.0,35.0,36.5,1837,53,0,14,10.31,89.68,100.0
2026-05-27,2426,鼎元,79.9,81.4,73.5,77.8,19382,509,0,-287,7.07,92.92,100.0
2026-05-27,2427,三商電,20.55,20.55,20.2,20.3,723,-293,0,0,3.31,96.68,100.0
2026-05-27,2428,興勤,260.0,267.5,255.5,266.0,2437,-103,0,40,19.86,80.13,100.0
2026-05-27,2429,銘旺科,52.9,53.0,48.1,48.25,1340,-88,0,-5,0.92,99.07,100.0
2026-05-27,2430,燦坤,18.8,18.85,18.5,18.55,203,-114,0,1,2.76,97.23,100.0
2026-05-27,2431,聯昌,10.5,10.5,10.3,10.35,375,115,0,6,2.23,97.76,100.0
2026-05-27,2432,倚天,26.1,26.2,26.1,26.2,7,5,0,0,0.66,99.33,100.0
2026-05-27,2432,倚天酷碁-創,26.1,26.2,26.1,26.2,7,5,0,0,0.66,99.33,100.0
2026-05-27,2433,互盛電,43.85,43.85,43.35,43.4,111,-14,0,1,0.88,99.11,100.0
2026-05-27,2434,統懋,30.7,33.2,30.4,33.2,268,5,0,0,1.17,98.82,100.0
2026-05-27,2436,偉詮電,81.8,82.5,77.1,78.1,12170,1086,0,-29,12.62,87.37,100.0
2026-05-27,2438,翔耀,23.5,25.3,23.5,25.3,1833,13,0,5,1.45,98.54,100.0
2026-05-27,2439,美律,93.1,93.1,90.2,90.7,7069,-2755,-606,-50,12.55,87.44,100.0
2026-05-27,2440,太空梭,17.85,17.9,17.0,17.35,970,-26,0,10,2.2,97.79,100.0
2026-05-27,2441,超豐,139.0,139.0,132.5,136.0,19478,-246,17,-518,10.96,89.03,100.0
2026-05-27,2442,新美齊,18.6,18.6,18.25,18.3,1800,-514,0,3,1.89,98.1,100.0
2026-05-27,2444,兆勁,12.7,12.7,12.2,12.3,831,-51,0,1,1.95,98.04,100.0
2026-05-27,2449,京元電子,344.5,345.0,308.5,315.5,95192,-11950,-10894,-1766,27.5,72.49,100.0
2026-05-27,2450,神腦,29.25,29.45,29.1,29.35,232,-60,0,1,1.11,98.88,100.0
2026-05-27,2451,創見,333.0,344.0,318.5,321.0,8864,-436,-89,19,11.04,88.95,100.0
2026-05-27,2453,凌群,65.6,65.6,61.6,62.5,8958,-1383,0,-2,4.68,95.31,100.0
2026-05-27,2454,聯發科,4475.0,4690.0,4450.0,4640.0,18260,2997,-1279,127,56.26,43.73,100.0
2026-05-27,2455,全新,411.0,418.5,402.0,418.5,3208,186,-168,244,25.6,74.39,100.0
2026-05-27,2457,飛宏,26.15,26.4,25.0,25.2,3367,-143,0,-79,6.54,93.45,100.0
2026-05-27,2458,義隆,168.5,170.0,163.0,164.5,3325,-271,-15,-24,24.33,75.66,100.0
2026-05-27,2459,敦吉,66.5,67.4,66.5,67.0,299,-77,0,1,16.7,83.29,100.0
2026-05-27,2460,建通,32.8,32.8,31.55,31.95,804,54,0,1,0.81,99.18,100.0
2026-05-27,2461,光群雷,16.1,16.1,15.65,15.65,907,-199,0,1,5.03,94.96,100.0
2026-05-27,2462,良得電,20.9,20.9,20.2,20.25,396,-105,0,6,1.23,98.76,100.0
2026-05-27,2464,盟立,177.0,184.0,173.0,177.0,32535,-1847,0,-359,12.5,87.49,100.0
2026-05-27,2465,麗臺,88.6,90.8,84.5,86.0,3244,-199,0,10,5.83,94.16,100.0
2026-05-27,2466,冠西電,49.35,50.5,47.5,47.7,266,9,0,-1,10.45,89.54,100.0
2026-05-27,2467,志聖,689.0,692.0,650.0,657.0,3140,-213,0,-22,20.37,79.62,100.0
2026-05-27,2468,華經,34.25,34.3,33.1,33.1,245,-65,0,0,1.55,98.44,100.0
2026-05-27,2471,資通,51.1,51.4,50.3,50.6,326,-6,0,0,4.76,95.23,100.0
2026-05-27,2472,立隆電,337.0,337.5,328.5,337.5,12343,2034,304,-111,11.6,88.39,100.0
2026-05-27,2474,可成,195.0,214.5,188.0,208.5,22629,-1205,-2951,716,23.9,76.09,100.0
2026-05-27,2476,鉅祥,132.0,135.0,126.5,129.0,8050,-349,0,-133,10.38,89.61,100.0
2026-05-27,2477,美隆電,20.95,20.95,20.5,20.55,292,2,0,1,23.33,76.66,100.0
2026-05-27,2478,大毅,121.0,123.5,113.5,120.0,3718,431,0,-7,15.34,84.65,100.0
2026-05-27,2480,敦陽科,149.0,149.0,146.5,146.5,523,-210,-5,28,9.81,90.18,100.0
2026-05-27,2481,強茂,157.5,161.5,143.0,147.5,72240,1708,-101,353,27.39,72.6,100.0
2026-05-27,2482,連宇,16.8,16.8,16.3,16.3,174,-42,0,1,1.41,98.58,100.0
2026-05-27,2483,百容,26.2,27.25,25.2,25.4,1136,-12,0,9,2.52,97.47,100.0
2026-05-27,2484,希華,56.5,56.5,51.8,52.6,21896,-3423,0,10,5.92,94.07,100.0
2026-05-27,2485,兆赫,75.8,76.2,73.0,74.1,25057,-122,0,71,2.64,97.35,100.0
2026-05-27,2486,一詮,292.0,299.0,273.0,276.0,10120,-938,0,-65,13.86,86.13,100.0
2026-05-27,2488,漢平,53.5,53.5,52.8,53.1,167,-15,0,1,7.01,92.98,100.0
2026-05-27,2489,瑞軒,53.1,53.2,48.3,50.7,80204,-11781,0,-214,8.78,91.21,100.0
2026-05-27,2491,吉祥全,22.55,23.65,22.4,22.55,1290,119,0,4,6.22,93.77,100.0
2026-05-27,2492,華新科,345.0,361.0,345.0,361.0,5324,2490,122,107,24.56,75.43,100.0
2026-05-27,2493,揚博,171.0,171.5,151.0,158.0,10164,-290,0,-94,4.5,95.49,100.0
2026-05-27,2495,普安,47.7,50.6,47.5,50.6,27802,3458,0,104,10.96,89.03,100.0
2026-05-27,2496,卓越,65.2,65.2,64.3,65.0,23,-1,0,0,23.25,76.74,100.0
2026-05-27,2497,怡利電,59.5,59.5,57.9,57.9,358,-45,0,3,2.96,97.03,100.0
2026-05-27,2498,宏達電,44.55,45.8,44.0,44.65,13857,2509,-2,153,8.72,91.27,100.0
2026-05-27,2501,國建,21.7,21.85,21.6,21.85,2375,-136,0,22,10.78,89.21,100.0
2026-05-27,2504,國產,35.0,35.0,34.65,34.95,1991,-902,-47,64,7.41,92.58,100.0
2026-05-27,2505,國揚,17.75,17.75,17.5,17.55,454,-148,0,3,3.53,96.46,100.0
2026-05-27,2506,太設,8.62,8.66,8.58,8.65,113,22,0,0,4.77,95.22,100.0
2026-05-27,2509,全坤建,12.4,12.4,12.1,12.3,228,-4,0,0,1.33,98.66,100.0
2026-05-27,2511,太子,7.62,7.64,7.58,7.62,1487,-90,0,13,2.29,97.7,100.0
2026-05-27,2514,龍邦,12.9,12.9,12.7,12.8,145,-24,0,1,2.22,97.77,100.0
2026-05-27,2515,中工,12.9,12.9,12.65,12.85,7979,-648,0,-91,7.17,92.82,100.0
2026-05-27,2516,新建,12.8,14.1,12.8,13.6,1851,7,0,-8,2.42,97.57,100.0
2026-05-27,2520,冠德,30.15,30.3,29.9,30.05,1341,-260,-6,32,12.01,87.98,100.0
2026-05-27,2524,京城,32.75,33.4,32.6,33.25,55,23,0,0,0.66,99.33,100.0
2026-05-27,2527,宏璟,35.45,37.25,35.45,36.25,933,235,0,8,42.17,57.82,100.0
2026-05-27,2528,皇普,22.0,22.0,21.4,21.8,1261,-33,-4,-1,1.11,98.88,100.0
2026-05-27,2530,華建,19.0,19.0,17.8,18.1,2969,-384,-10,84,2.84,97.15,100.0
2026-05-27,2534,宏盛,17.7,17.7,17.4,17.55,1574,-165,0,1,6.17,93.82,100.0
2026-05-27,2535,達欣工,76.3,78.8,75.8,78.0,1469,360,0,-545,6.51,93.48,100.0
2026-05-27,2536,宏普,19.7,19.75,19.05,19.2,632,-110,0,1,8.84,91.15,100.0
2026-05-27,2537,聯上發,9.58,9.58,9.39,9.39,1581,-416,0,3,1.89,98.1,100.0
2026-05-27,2538,基泰,9.28,9.38,9.23,9.37,418,196,0,-2,9.88,90.11,100.0
2026-05-27,2539,櫻花建,34.4,34.45,33.1,33.2,4919,1212,9,8,1.92,98.07,100.0
2026-05-27,2540,愛山林,54.2,54.3,53.5,53.5,446,-39,0,7,1.46,98.53,100.0
2026-05-27,2542,興富發,42.15,43.4,42.1,43.1,15190,-2577,3257,114,11.15,88.84,100.0
2026-05-27,2543,皇昌,41.2,41.8,40.4,41.5,1972,-142,0,12,1.14,98.85,100.0
2026-05-27,2545,皇翔,36.35,36.4,35.6,35.85,620,-28,0,32,2.74,97.25,100.0
2026-05-27,2546,根基,87.8,87.9,86.2,87.3,185,6,0,-2,3.35,96.64,100.0
2026-05-27,2547,日勝生,9.99,9.99,9.86,9.9,2610,-869,-10,-5,12.68,87.31,100.0
2026-05-27,2548,華固,121.0,123.5,120.5,121.5,2299,-651,0,-4,18.04,81.95,100.0
2026-05-27,2596,綠意,27.85,27.85,26.3,26.5,304,-46,0,0,0.56,99.43,100.0
2026-05-27,2597,潤弘,157.5,160.0,156.5,157.5,614,55,0,1,2.96,97.03,100.0
2026-05-27,2601,益航,5.0,5.05,4.98,5.0,2246,306,0,0,13.03,86.96,100.0
2026-05-27,2603,長榮,213.0,216.5,209.0,211.5,33951,-9951,8950,691,21.34,28.64,49.99
2026-05-27,2605,新興,31.15,31.45,30.75,31.0,3391,-10,0,6,49.94,0.04,49.99
2026-05-27,2606,裕民,70.2,72.9,68.3,72.5,13383,2101,443,98,15.66,34.32,49.99
2026-05-27,2607,榮運,48.3,48.3,47.2,47.3,958,-614,0,3,8.6,41.38,49.99
2026-05-27,2608,嘉里大榮,28.75,28.75,28.5,28.6,860,-375,0,11,3.21,96.78,100.0
2026-05-27,2609,陽明,51.7,53.8,51.2,52.6,32824,14528,-1483,178,14.48,35.5,49.99
2026-05-27,2610,華航,18.65,18.75,18.35,18.45,49752,-14868,1385,229,13.59,36.39,49.99
2026-05-27,2611,志信,12.9,13.0,12.65,12.95,694,-75,0,2,0.89,99.1,100.0
2026-05-27,2612,中航,57.2,58.4,56.6,57.6,1140,198,0,0,3.89,96.1,100.0
2026-05-27,2613,中櫃,22.0,22.0,21.55,21.65,411,41,0,0,1.26,32.06,33.33
2026-05-27,2614,東森,18.15,18.35,17.9,18.15,1460,-650,0,0,3.11,46.87,49.99
2026-05-27,2615,萬海,81.8,82.7,80.0,81.8,9778,2805,-7,187,42.74,7.24,49.99
2026-05-27,2616,山隆,13.35,13.35,13.2,13.3,443,-40,0,2,1.77,98.22,100.0
2026-05-27,2617,台航,29.15,29.15,28.75,28.8,871,-121,0,2,8.54,41.44,49.99
2026-05-27,2618,長榮航,35.2,35.45,34.8,34.8,67319,-35372,16883,156,22.39,27.59,49.99
2026-05-27,2630,亞航,42.1,42.25,41.1,41.25,1272,118,0,-32,3.81,96.18,100.0
2026-05-27,2633,台灣高鐵,25.1,25.55,24.8,25.25,16971,-9177,4150,35,8.64,40.34,48.99
2026-05-27,2634,漢翔,46.0,46.05,45.5,45.5,4552,546,-3,9,2.7,7.29,10.0
2026-05-27,2636,台驊控股,67.0,67.3,66.6,66.9,351,97,0,0,9.12,90.87,100.0
2026-05-27,2637,慧洋-KY,74.9,76.9,73.5,75.9,5520,2222,-114,107,18.67,81.32,100.0
2026-05-27,2640,大車隊,162.0,163.5,160.0,162.5,82,20,0,0,4.76,95.23,100.0
2026-05-27,2641,正德,17.9,18.1,17.65,17.7,2834,370,0,-5,3.05,96.94,100.0
2026-05-27,2642,宅配通,20.2,20.2,20.1,20.1,149,27,0,0,5.3,94.69,100.0
2026-05-27,2643,捷迅,66.1,66.1,65.0,65.8,63,-7,0,0,1.37,98.62,100.0
2026-05-27,2644,中信造船,78.92,79.1,76.8,77.7,122,0,0,0,0.0,0.0,0.0
2026-05-27,2645,長榮航太,159.0,163.5,157.5,161.5,1853,445,0,-30,7.38,92.61,100.0
2026-05-27,2646,星宇航空,20.2,20.25,20.05,20.05,7409,-141,0,40,2.67,47.31,49.99
2026-05-27,2701,萬企,10.25,10.3,10.2,10.2,184,3,0,0,0.53,99.46,100.0
2026-05-27,2702,華園,13.1,13.1,12.75,12.75,66,16,0,-1,39.4,60.59,100.0
2026-05-27,2704,國賓,42.1,42.85,42.1,42.15,227,18,0,-1,9.81,90.18,100.0
2026-05-27,2705,六福,15.05,15.15,14.95,15.0,220,-54,0,0,1.35,98.64,100.0
2026-05-27,2706,第一店,11.95,12.0,11.85,11.95,262,6,0,1,2.64,97.35,100.0
2026-05-27,2707,晶華,172.0,173.0,172.0,173.0,174,38,0,2,5.7,94.29,100.0
2026-05-27,2712,遠雄來,14.9,14.9,14.75,14.75,16,2,0,0,0.29,99.7,100.0
2026-05-27,2718,晶悅,44.9,45.05,44.6,44.8,51,6,0,0,0.57,99.42,100.0
2026-05-27,2718,全心投控,44.9,45.05,44.6,44.8,51,6,0,0,0.57,99.42,100.0
2026-05-27,2719,燦星旅,25.7,25.75,24.95,25.2,18,2,0,0,0.18,99.81,100.0
2026-05-27,2722,夏都,22.95,22.95,22.3,22.6,66,-7,0,-2,0.34,99.65,100.0
2026-05-27,2723,美食-KY,61.1,61.1,59.9,60.2,486,-234,0,1,46.0,53.99,100.0
2026-05-27,2724,富驛-KY,13.3,13.8,13.3,13.8,9,0,0,0,15.09,84.9,100.0
2026-05-27,2724,藝舍-KY,13.3,13.8,13.3,13.8,9,0,0,0,15.09,84.9,100.0
2026-05-27,2726,雅茗-KY,9.82,9.9,9.8,9.88,59,21,0,0,23.52,76.47,100.0
2026-05-27,2727,王品,230.0,234.5,228.0,234.0,760,-168,2,83,26.89,73.1,100.0
2026-05-27,2729,瓦城,160.0,161.0,159.5,161.0,28,-3,0,0,2.05,97.94,100.0
2026-05-27,2731,雄獅,169.0,169.0,165.5,166.0,1287,-475,0,19,11.83,88.16,100.0
2026-05-27,2732,六角,64.0,64.0,62.5,63.1,80,-3,0,0,4.33,95.66,100.0
2026-05-27,2733,維格餅家,11.05,11.05,10.95,11.05,0,0,0,0,0.0,0.0,0.0
2026-05-27,2734,易飛網,15.2,15.2,15.0,15.05,145,-22,0,0,3.78,96.21,100.0
2026-05-27,2736,富野,12.1,12.7,12.1,12.25,123,-28,0,0,1.06,98.93,100.0
2026-05-27,2739,寒舍,34.6,34.85,34.45,34.7,92,-29,0,0,2.5,97.49,100.0
2026-05-27,2740,天蔥,36.45,36.45,33.3,35.7,15,0,0,0,1.66,98.33,100.0
2026-05-27,2740,華軒,36.45,36.45,33.3,35.7,15,0,0,0,1.66,98.33,100.0
2026-05-27,2741,老四川,21.27,21.6,21.0,21.2,19,1,0,0,0.0,0.0,0.0
2026-05-27,2743,山富,68.3,68.7,67.1,67.1,106,-8,0,0,1.12,98.87,100.0
2026-05-27,2745,五福,103.5,104.0,102.5,102.5,155,-36,0,0,0.72,99.27,100.0
2026-05-27,2748,雲品,39.1,39.1,38.9,39.0,183,-30,0,0,1.04,98.95,100.0
2026-05-27,2751,王座,51.0,51.7,51.0,51.5,9,1,0,0,0.42,99.57,100.0
2026-05-27,2752,豆府,172.5,173.0,172.0,173.0,15,0,0,0,1.28,98.71,100.0
2026-05-27,2753,八方雲集,175.5,175.5,173.0,173.0,324,-146,-4,0,3.64,96.35,100.0
2026-05-27,2754,亞洲藏壽司,70.4,71.1,68.5,68.5,155,13,0,0,67.82,32.17,100.0
2026-05-27,2755,揚秦,132.5,133.5,131.0,132.5,39,-11,0,0,1.16,98.83,100.0
2026-05-27,2756,聯發國際,59.9,60.5,59.8,60.5,12,3,0,0,1.25,98.74,100.0
2026-05-27,2758,路易莎咖啡,64.57,67.9,63.5,67.9,15,0,0,0,0.0,0.0,0.0
2026-05-27,2760,巨宇翔,20.1,0.0,0.0,0.0,0,0,0,0,0.0,0.0,0.0
2026-05-27,2761,橘焱胡同,15.2,15.3,15.15,15.15,9,0,0,0,0.0,0.0,0.0
2026-05-27,2762,世界健身-KY,80.8,81.8,80.5,81.1,52,21,0,0,82.45,17.54,100.0
2026-05-27,2801,彰銀,20.3,20.3,20.15,20.15,25379,-5821,-51,113,17.15,82.84,100.0
2026-05-27,2812,台中銀,18.85,18.9,18.7,18.8,16571,-3577,-10,79,7.72,92.27,100.0
2026-05-27,2816,旺旺保,31.7,32.4,31.7,31.95,306,55,0,-5,2.03,97.96,100.0
2026-05-27,2820,華票,16.8,16.8,16.7,16.7,933,-179,0,20,8.56,91.43,100.0
2026-05-27,2832,台產,53.0,53.2,52.9,52.9,197,52,0,6,4.02,95.97,100.0
2026-05-27,2834,臺企銀,16.0,16.3,15.95,16.15,32910,9403,-691,99,16.03,83.96,100.0
2026-05-27,2836,高雄銀,11.8,11.85,11.75,11.8,1346,-267,0,10,7.31,92.68,100.0
2026-05-27,2838,聯邦銀,20.25,20.5,20.1,20.5,1664,722,0,-19,4.24,95.75,100.0
2026-05-27,2845,遠東銀,12.0,12.0,11.9,11.9,15116,-1248,-23,40,8.62,91.37,100.0
2026-05-27,2849,安泰銀,13.45,13.8,13.4,13.8,175,82,0,21,58.89,41.1,100.0
2026-05-27,2850,新產,137.5,143.0,137.5,141.5,610,113,-4,-5,10.4,89.59,100.0
2026-05-27,2851,中再保,35.2,35.35,34.8,35.0,3293,1909,0,0,8.49,91.5,100.0
2026-05-27,2852,第一保,26.85,26.85,26.65,26.85,456,-27,-1,12,4.79,95.2,100.0
2026-05-27,2855,統一證,42.55,44.95,42.55,44.9,16294,6009,-25,0,13.88,86.11,100.0
2026-05-27,2867,三商壽,7.58,7.58,7.5,7.54,8936,-2291,0,2796,18.21,81.78,100.0
2026-05-27,2880,華南金,30.35,30.55,29.95,29.95,78460,-32439,16766,-160,16.8,83.19,100.0
2026-05-27,2881,富邦金,104.5,110.0,103.0,110.0,95547,45956,-25524,312,17.79,82.2,100.0
2026-05-27,2882,國泰金,83.1,86.4,82.7,85.4,69944,23092,-19875,787,21.29,78.7,100.0
2026-05-27,2883,凱基金,21.7,22.8,21.55,22.3,108756,12515,-3910,1089,30.49,69.5,100.0
2026-05-27,2884,玉山金,31.15,31.25,30.95,31.15,52347,988,-6468,-912,30.36,69.63,100.0
2026-05-27,2885,元大金,59.6,59.8,57.5,59.5,40035,12316,-9863,-119,26.4,73.59,100.0
2026-05-27,2886,兆豐金,39.6,39.95,39.4,39.45,29286,-7450,10509,159,21.56,78.43,100.0
2026-05-27,2887,台新新光金,23.7,23.8,23.3,23.3,170451,-81919,36716,1550,23.15,76.84,100.0
2026-05-27,2889,國票金,14.6,14.7,14.5,14.55,3074,173,0,65,8.47,91.52,100.0
2026-05-27,2890,永豐金,29.8,29.95,29.3,29.65,28925,-1994,134,-291,28.01,71.98,100.0
2026-05-27,2891,中信金,58.5,60.2,57.6,59.2,65196,-507,1078,832,34.6,65.39,100.0
2026-05-27,2892,第一金,27.7,27.8,27.55,27.6,33694,-11631,51,278,25.01,74.98,100.0
2026-05-27,2897,王道銀行,10.0,10.05,9.93,10.0,3689,43,0,71,6.84,93.15,100.0
2026-05-27,2901,欣欣,22.95,23.55,22.45,22.45,33,-5,0,3,0.28,99.71,100.0
2026-05-27,2903,遠百,22.15,22.15,21.9,21.9,2753,-1490,-13,127,7.79,92.2,100.0
2026-05-27,2904,匯僑,14.2,14.2,14.0,14.15,50,1,0,0,0.6,99.39,100.0
2026-05-27,2905,三商,13.65,13.7,13.4,13.55,559,11,0,30,3.63,96.36,100.0
2026-05-27,2906,高林,12.35,12.45,12.3,12.35,124,0,0,1,1.62,98.37,100.0
2026-05-27,2908,特力,21.3,21.6,21.1,21.35,741,361,0,2,1.71,98.28,100.0
2026-05-27,2910,統領,21.65,21.65,20.75,21.55,18,2,0,0,0.26,99.73,100.0
2026-05-27,2911,麗嬰房,9.27,9.69,8.6,9.25,1944,2,0,-10,20.71,79.28,100.0
2026-05-27,2912,統一超,210.5,210.5,206.5,206.5,13626,-8180,2808,23,17.31,82.68,100.0
2026-05-27,2913,農林,10.85,10.85,10.65,10.65,1995,-418,0,0,5.14,94.85,100.0
2026-05-27,2915,潤泰全,44.2,44.2,43.05,43.55,3419,-1432,-73,2,5.19,94.8,100.0
2026-05-27,2916,滿心,48.0,48.0,47.45,47.45,583,-51,0,0,21.06,78.93,100.0
2026-05-27,2923,鼎固-KY,23.1,24.75,22.4,23.95,97,42,0,6,99.4,0.59,100.0
2026-05-27,2924,宏太-KY,15.7,15.7,14.85,15.3,5,0,0,0,66.79,33.2,100.0
2026-05-27,2926,誠品生活,36.05,36.1,35.75,36.0,10,0,0,0,1.1,98.89,100.0
2026-05-27,2929,淘帝-KY,6.6,6.65,6.37,6.65,1258,633,0,2,18.23,81.76,100.0
2026-05-27,2937,集雅社,48.95,48.95,47.8,47.85,5,0,0,3,0.08,99.91,100.0
2026-05-27,2938,床的世界,23.03,23.25,22.0,22.8,11,-3,0,0,0.0,0.0,0.0
2026-05-27,2939,永邑-KY,22.95,22.95,21.9,22.65,15,4,0,0,19.88,80.11,100.0
2026-05-27,2940,歐都納,23.64,24.3,24.0,24.1,12,0,0,0,0.0,0.0,0.0
2026-05-27,2941,米斯特,31.15,32.0,31.15,31.25,10,0,0,0,0.48,99.51,100.0
2026-05-27,2942,京站,38.14,38.2,37.65,37.65,4,0,0,0,0.0,0.0,0.0
2026-05-27,2945,三商家購,40.5,41.15,40.15,40.4,12,2,0,1,0.39,99.6,100.0
2026-05-27,2947,振宇五金,77.7,77.7,77.7,77.7,12,0,0,0,0.09,99.9,100.0
2026-05-27,2948,寶陞,34.75,36.85,34.75,36.85,5,0,0,0,0.01,99.98,100.0
2026-05-27,2949,欣新網,62.2,63.0,62.2,63.0,13,0,0,0,0.03,99.96,100.0
2026-05-27,3002,歐格,17.2,17.25,16.8,16.9,285,90,0,0,2.77,97.22,100.0
2026-05-27,3003,健和興,65.5,66.7,61.8,62.9,3753,-1236,0,-2,3.56,96.43,100.0
2026-05-27,3004,豐達科,134.5,134.5,124.0,124.0,2402,-576,20,-5,2.48,97.51,100.0
2026-05-27,3005,神基,105.0,105.0,102.5,103.0,4400,405,-1384,17,11.39,88.6,100.0
2026-05-27,3006,晶豪科,252.0,254.5,238.0,241.0,30642,5617,0,-28,33.89,66.1,100.0
2026-05-27,3008,大立光,3690.0,3720.0,3500.0,3505.0,1354,-119,0,-8,34.06,65.93,100.0
2026-05-27,3010,華立,142.0,142.0,138.5,139.0,1398,375,-5,24,18.22,81.77,100.0
2026-05-27,3011,今皓,13.25,13.25,12.95,13.15,913,190,0,0,3.54,96.45,100.0
2026-05-27,3013,晟銘電,124.0,125.0,119.0,119.5,8185,-439,0,-218,4.4,95.59,100.0
2026-05-27,3014,聯陽,152.0,153.5,149.0,153.0,3236,417,-9,10,23.78,76.21,100.0
2026-05-27,3015,全漢,52.6,53.3,51.5,51.6,441,-64,0,0,8.92,91.07,100.0
2026-05-27,3016,嘉晶,131.0,138.0,122.0,126.0,15299,-1623,0,-163,5.8,94.19,100.0
2026-05-27,3017,奇鋐,2800.0,2835.0,2695.0,2700.0,4384,207,291,-112,52.79,47.2,100.0
2026-05-27,3018,隆銘綠能,9.51,9.6,9.5,9.6,19,0,0,0,0.22,99.77,100.0
2026-05-27,3019,亞光,155.0,155.0,148.0,149.5,7889,190,0,-17,7.4,92.59,100.0
2026-05-27,3021,鴻名,24.95,24.95,24.95,24.95,500,0,0,3,3.87,96.12,100.0
2026-05-27,3022,威強電,75.0,76.0,73.3,73.9,1176,395,0,1,16.07,83.92,100.0
2026-05-27,3023,信邦,320.0,320.0,310.5,312.0,1242,70,-78,0,45.08,54.91,100.0
2026-05-27,3024,憶聲,16.2,16.35,15.65,15.85,2034,-21,0,14,2.63,97.36,100.0
2026-05-27,3025,星通,79.9,79.9,76.3,77.2,2305,-28,0,-1,8.86,91.13,100.0
2026-05-27,3026,禾伸堂,599.0,620.0,596.0,608.0,1917,199,0,37,16.79,83.2,100.0
2026-05-27,3027,盛達,19.0,19.1,18.55,18.55,515,-2,0,11,1.87,98.12,100.0
2026-05-27,3028,增你強,84.2,85.4,80.3,81.4,4861,-938,-4,-7,12.32,87.67,100.0
2026-05-27,3029,零壹,97.0,97.0,95.3,95.3,1124,-345,-3,1,3.03,96.96,100.0
2026-05-27,3030,德律,415.5,420.0,395.0,399.5,5881,-780,0,33,14.15,85.84,100.0
2026-05-27,3031,佰鴻,32.0,32.35,30.7,30.95,2554,-403,0,1,2.8,97.19,100.0
2026-05-27,3032,偉訓,91.5,92.5,89.3,90.6,2768,-8,0,-4,1.5,98.49,100.0
2026-05-27,3033,威健,51.4,51.9,49.55,50.7,17668,6261,-25,-132,21.23,78.76,100.0
2026-05-27,3034,聯詠,491.0,495.5,484.0,485.0,6970,-775,374,254,37.4,62.59,100.0
2026-05-27,3035,智原,213.5,216.0,201.0,202.5,16772,-1369,0,-146,9.26,90.73,100.0
2026-05-27,3036,文曄,300.0,304.5,292.5,296.0,9274,2219,-1875,-65,21.41,78.55,100.0
2026-05-27,3037,欣興,1105.0,1110.0,1045.0,1080.0,27365,197,1050,-541,38.65,61.34,100.0
2026-05-27,3038,全台,23.4,23.6,23.05,23.25,471,-88,0,3,8.85,91.14,100.0
2026-05-27,3040,遠見,41.45,41.45,39.65,39.65,120,-33,0,0,0.85,99.14,100.0
2026-05-27,3041,揚智,27.0,27.2,25.7,25.9,2479,-326,0,0,6.21,93.78,100.0
2026-05-27,3042,晶技,220.0,221.5,192.0,198.0,28448,-6483,1343,-285,19.27,80.72,100.0
2026-05-27,3043,科風,20.85,21.15,20.55,20.55,152,-17,0,-1,1.29,98.7,100.0
2026-05-27,3044,健鼎,520.0,536.0,511.0,524.0,5547,561,-38,74,48.67,51.32,100.0
2026-05-27,3045,台灣大,111.0,111.5,110.0,110.0,15384,-5979,3331,96,13.85,32.69,46.55
2026-05-27,3046,建碁,54.1,54.2,53.3,53.9,323,-8,0,1,4.51,95.48,100.0
2026-05-27,3047,訊舟,15.2,15.25,14.8,14.9,1602,310,0,9,3.39,96.6,100.0
2026-05-27,3048,益登,75.0,75.0,69.5,70.0,14262,-1908,0,-191,12.12,87.87,100.0
2026-05-27,3049,精金,12.25,12.3,11.9,12.2,7476,1908,0,2,2.68,97.31,100.0
2026-05-27,3050,鈺德,12.4,12.65,12.05,12.4,1299,344,0,5,7.3,92.69,100.0
2026-05-27,3051,力特,27.95,28.1,26.8,27.25,3692,-97,0,6,2.52,97.47,100.0
2026-05-27,3052,夆典,10.45,10.45,10.3,10.3,926,-169,0,19,1.35,98.64,100.0
2026-05-27,3054,立萬利,69.7,74.8,67.5,67.6,446,-66,0,2,0.39,99.6,100.0
2026-05-27,3055,蔚華科,122.5,122.5,111.0,112.5,4288,-162,0,-88,2.16,97.83,100.0
2026-05-27,3056,富華新,13.55,13.55,13.2,13.3,1352,68,0,1,3.66,96.33,100.0
2026-05-27,3057,喬鼎,20.2,20.95,20.0,20.25,353,62,0,1,2.37,97.62,100.0
2026-05-27,3058,立德,8.2,8.2,8.08,8.08,856,114,0,0,2.53,97.46,100.0
2026-05-27,3059,華晶科,42.65,42.7,41.45,41.55,4866,-372,0,-72,7.77,92.22,100.0
2026-05-27,3060,銘異,28.7,30.5,28.65,29.8,7140,-150,0,2,8.72,91.27,100.0
2026-05-27,3062,建漢,30.5,30.6,28.85,29.2,8993,866,0,-23,12.41,87.58,100.0
2026-05-27,3064,泰偉,18.4,18.4,18.0,18.3,4,0,0,0,0.12,99.87,100.0
2026-05-27,3066,李洲,21.0,21.2,20.55,20.65,402,50,0,0,1.5,98.49,100.0
2026-05-27,3067,全域,18.45,18.5,18.45,18.5,35,0,0,0,0.02,99.97,100.0
2026-05-27,3071,協禧,33.55,34.25,32.4,33.1,1858,-84,0,0,3.28,96.71,100.0
2026-05-27,3073,天方能源,20.4,20.5,20.0,20.15,196,15,0,0,2.03,97.96,100.0
2026-05-27,3078,僑威,58.0,58.4,56.5,56.8,1405,-213,-2,-3,12.49,87.5,100.0
2026-05-27,3081,聯亞,3170.0,3215.0,2855.0,2885.0,3417,-307,67,-9,22.33,77.66,100.0
2026-05-27,3083,網龍,27.0,27.0,26.6,26.75,144,-24,0,0,1.22,98.77,100.0
2026-05-27,3085,新零售,12.2,13.5,12.2,13.5,100,0,0,0,5.69,94.3,100.0
2026-05-27,3086,華義*,34.6,34.9,31.55,31.6,2068,-143,0,-12,40.29,59.7,100.0
2026-05-27,3088,艾訊,146.5,152.0,143.0,144.5,3017,-329,0,23,15.37,84.62,100.0
2026-05-27,3090,日電貿,232.0,241.0,226.0,231.0,2434,801,0,-69,12.12,87.87,100.0
2026-05-27,3092,鴻碩,30.5,30.85,29.4,29.5,607,-119,0,0,1.33,98.66,100.0
2026-05-27,3093,港建*,57.9,59.2,54.3,54.7,2524,-39,0,-1,68.33,31.66,100.0
2026-05-27,3094,聯傑,34.95,36.4,34.9,35.55,4056,104,0,5,3.09,96.9,100.0
2026-05-27,3095,及成,44.45,47.1,44.15,44.2,37,2,0,0,3.57,96.42,100.0
2026-05-27,3097,拍檔,26.45,28.5,25.0,26.3,51,3,0,0,0.0,0.0,0.0
2026-05-27,3105,穩懋,571.0,588.0,545.0,560.0,48184,180,363,0,23.51,76.48,100.0
2026-05-27,3114,好德,28.1,29.4,27.95,28.65,735,35,0,0,0.97,99.02,100.0
2026-05-27,3115,富榮綱,7.75,7.92,7.6,7.8,41,20,0,0,1.81,98.18,100.0
2026-05-27,3117,年程,29.28,30.0,27.15,28.2,221,-13,0,0,0.0,0.0,0.0
2026-05-27,3118,進階,33.55,33.7,33.3,33.3,31,-1,0,0,0.33,99.66,100.0
2026-05-27,3122,笙泉,34.7,35.6,33.2,33.35,452,-20,0,0,2.92,97.07,100.0
2026-05-27,3128,昇銳,23.9,23.9,23.05,23.25,160,-49,0,0,3.6,96.39,100.0
2026-05-27,3130,一零四,221.0,221.5,220.5,221.5,42,-8,0,0,20.73,79.26,100.0
2026-05-27,3131,弘塑,3425.0,3425.0,3425.0,3425.0,417,4,0,96,35.84,64.15,100.0
2026-05-27,3135,凌航,245.0,245.0,230.0,242.0,3745,577,0,-9,5.59,94.4,100.0
2026-05-27,3138,耀登,175.5,176.0,164.5,165.5,1509,7,0,-14,1.75,98.24,100.0
2026-05-27,3141,晶宏,80.1,81.6,77.6,79.7,4545,-436,0,-10,8.3,91.69,100.0
2026-05-27,3147,大綜,188.0,188.0,181.0,184.5,317,83,0,-1,2.82,97.17,100.0
2026-05-27,3149,正達,68.4,69.0,65.0,65.4,24000,-3417,0,0,5.62,94.37,100.0
2026-05-27,3150,鈺寶-創,19.6,19.6,18.95,19.0,80,-3,0,2,0.96,99.03,100.0
2026-05-27,3152,璟德,205.0,207.0,197.0,198.5,2331,349,0,-15,19.52,80.47,100.0
2026-05-27,3158,嘉實,87.0,87.0,85.4,86.0,16,0,0,0,1.62,98.37,100.0
2026-05-27,3162,精確,93.0,93.0,82.0,83.6,8306,-789,0,0,46.86,53.13,100.0
2026-05-27,3163,波若威,1225.0,1230.0,1100.0,1100.0,5870,-191,-1262,-17,14.95,85.04,100.0
2026-05-27,3164,景岳,16.4,16.5,16.2,16.25,136,8,0,0,0.57,99.42,100.0
2026-05-27,3167,大量,835.0,835.0,801.0,820.0,875,-9,0,13,9.7,90.29,100.0
2026-05-27,3168,眾福科,52.0,52.0,49.05,49.2,222,-60,0,4,1.23,98.76,100.0
2026-05-27,3169,亞信,121.0,127.5,118.0,119.0,1178,-63,0,-2,4.02,95.97,100.0
2026-05-27,3171,新洲,71.8,72.9,70.0,70.2,28,-12,0,4,0.75,99.24,100.0
2026-05-27,3171,炎洲流通,71.8,72.9,70.0,70.2,28,-12,0,4,0.75,99.24,100.0
2026-05-27,3176,基亞,36.15,36.3,34.25,34.65,1197,-125,0,0,4.57,95.42,100.0
2026-05-27,3178,公準,74.3,74.8,70.8,71.3,242,-88,0,1,2.12,97.87,100.0
2026-05-27,3184,微邦,24.78,24.65,21.8,22.5,1375,0,0,0,0.0,0.0,0.0
2026-05-27,3188,鑫龍騰,23.0,23.2,22.7,22.85,448,-111,0,0,1.55,98.44,100.0
2026-05-27,3189,景碩,726.0,764.0,693.0,702.0,30662,-1728,869,-143,22.55,77.44,100.0
2026-05-27,3191,雲嘉南,21.9,21.9,21.9,21.9,353,-23,0,12,0.06,99.93,100.0
2026-05-27,3205,佰研,53.4,53.4,52.7,52.9,124,11,0,0,0.98,99.01,100.0
2026-05-27,3206,志豐,37.35,38.8,36.85,37.75,313,54,0,0,2.55,97.44,100.0
2026-05-27,3207,耀勝,63.7,66.5,63.6,64.7,1433,239,0,5,5.23,94.76,100.0
2026-05-27,3209,全科,81.2,83.7,80.2,81.4,5756,458,-1,-32,19.98,80.01,100.0
2026-05-27,3211,順達,470.0,492.5,455.0,464.0,19242,2527,-74,-257,27.96,72.03,100.0
2026-05-27,3213,茂訊,122.5,122.5,119.0,120.5,605,35,0,-3,7.45,92.54,100.0
2026-05-27,3217,優群,195.0,202.0,193.5,197.5,2673,1017,0,16,10.31,89.68,100.0
2026-05-27,3218,大學光,129.5,131.5,129.0,130.0,329,61,-6,0,5.2,94.79,100.0
2026-05-27,3219,倚強股份,89.6,89.6,85.6,85.7,795,27,0,-20,1.34,98.65,100.0
2026-05-27,3219,倚強科,89.6,89.6,85.6,85.7,795,27,0,-20,1.34,98.65,100.0
2026-05-27,3221,台嘉碩,61.7,61.8,56.0,56.4,9882,-1434,0,-22,7.34,92.65,100.0
2026-05-27,3224,三顧,40.9,41.0,39.3,39.65,187,-38,0,0,0.68,99.31,100.0
2026-05-27,3226,龍鋒,39.0,41.5,39.0,41.5,12,1,0,0,0.06,99.93,100.0
2026-05-27,3227,原相,238.0,238.5,224.0,226.5,2900,-626,0,-228,22.5,77.49,100.0
2026-05-27,3228,金麗科,226.0,227.5,208.0,210.5,1096,122,0,-8,6.95,93.04,100.0
2026-05-27,3229,晟鈦,49.2,50.4,45.7,45.9,2101,141,0,0,1.6,98.39,100.0
2026-05-27,3230,錦明,31.35,31.55,29.95,30.45,1226,343,0,0,1.32,98.67,100.0
2026-05-27,3231,緯創,147.5,148.5,143.5,145.0,37563,2450,1597,18,29.44,70.55,100.0
2026-05-27,3232,昱捷,21.2,21.2,20.85,20.85,86,-11,0,0,8.25,91.74,100.0
2026-05-27,3234,光環,111.5,111.5,102.5,103.5,2092,-531,0,-19,2.84,97.15,100.0
2026-05-27,3236,千如,61.4,62.0,55.8,56.9,14168,-2199,0,-41,17.65,82.34,100.0
2026-05-27,3252,海灣,18.7,18.7,18.05,18.1,7,0,0,0,2.27,97.72,100.0
2026-05-27,3257,虹冠電,63.9,65.7,60.8,61.1,4795,-575,0,-1,0.78,99.21,100.0
2026-05-27,3259,鑫創,16.0,16.0,15.6,16.0,43,2,0,0,10.94,89.05,100.0
2026-05-27,3260,威剛,430.0,437.5,410.5,412.5,19524,-946,248,-381,17.18,82.81,100.0
2026-05-27,3264,欣銓,238.5,239.0,226.5,229.5,8891,-434,464,-92,31.26,68.73,100.0
2026-05-27,3265,台星科,194.5,194.5,187.0,189.5,2092,1,0,162,9.26,90.73,100.0
2026-05-27,3266,昇陽,12.8,12.85,12.5,12.55,141,28,0,10,8.26,91.73,100.0
2026-05-27,3268,海德威,17.8,17.85,17.35,17.35,112,-18,0,0,0.61,99.38,100.0
2026-05-27,3272,東碩,16.7,16.75,16.55,16.55,71,-11,0,0,0.7,99.29,100.0
2026-05-27,3276,宇環,14.0,14.25,13.9,14.0,121,-13,0,0,0.99,99.0,100.0
2026-05-27,3284,太普高,16.3,16.4,15.85,15.9,214,5,0,0,0.81,99.18,100.0
2026-05-27,3285,微端,29.85,32.25,29.75,31.8,361,-4,0,0,12.96,87.03,100.0
2026-05-27,3287,廣寰科,33.1,36.3,33.1,36.3,2849,104,0,3,2.04,97.95,100.0
2026-05-27,3288,點晶,15.0,15.0,14.95,14.95,9,0,0,0,0.14,99.85,100.0
2026-05-27,3289,宜特,173.0,175.0,168.0,169.5,2142,-286,0,-3,7.48,92.51,100.0
2026-05-27,3290,東浦,49.3,49.7,47.2,47.65,969,-167,0,2,6.34,93.65,100.0
2026-05-27,3293,鈊象,741.0,763.0,734.0,756.0,4872,-688,300,69,22.22,77.77,100.0
2026-05-27,3294,英濟,40.9,41.15,39.5,39.8,2274,284,0,0,7.13,92.86,100.0
2026-05-27,3296,勝德,19.75,19.95,19.4,19.65,129,-28,0,0,2.12,97.87,100.0
2026-05-27,3297,杭特,30.05,30.05,29.55,29.8,132,-22,0,0,3.08,96.91,100.0
2026-05-27,3303,岱稜,49.6,49.7,48.1,48.35,433,-88,0,0,4.27,95.72,100.0
2026-05-27,3305,昇貿,168.0,169.5,158.5,160.0,11672,-239,0,-73,9.11,90.88,100.0
2026-05-27,3306,鼎天,46.7,47.15,46.35,46.65,269,-15,0,0,2.18,97.81,100.0
2026-05-27,3308,聯德,20.6,21.0,19.35,20.1,290,30,0,0,0.84,99.15,100.0
2026-05-27,3310,佳穎,72.7,77.0,72.1,76.6,1099,-13,0,0,0.22,99.77,100.0
2026-05-27,3311,閎暉,36.9,37.25,34.05,34.9,1289,-300,0,-1,1.99,98.0,100.0
2026-05-27,3312,弘憶股,53.0,53.0,49.2,49.9,6016,-1022,0,-13,3.29,96.7,100.0
2026-05-27,3313,斐成,11.25,11.3,11.05,11.15,197,13,0,0,4.68,95.31,100.0
2026-05-27,3317,尼克森,85.7,87.5,81.5,82.3,8417,-404,0,-8,15.91,84.08,100.0
2026-05-27,3321,同泰,18.45,19.3,17.85,19.05,2174,-368,0,-7,1.68,98.31,100.0
2026-05-27,3322,建舜電,13.05,13.5,12.9,13.2,1368,76,0,0,2.21,97.78,100.0
2026-05-27,3323,加百裕,37.4,39.0,36.75,38.5,7316,387,0,284,6.22,93.77,100.0
2026-05-27,3324,雙鴻,1070.0,1080.0,1025.0,1035.0,2875,-504,0,-7,19.42,80.57,100.0
2026-05-27,3325,旭品,12.05,12.1,11.8,11.85,388,-23,0,0,1.26,98.73,100.0
2026-05-27,3332,幸康,63.3,63.6,63.1,63.4,9,0,0,0,0.89,99.1,100.0
2026-05-27,3338,泰碩,78.5,78.8,75.2,75.6,2512,-707,0,1,2.65,97.34,100.0
2026-05-27,3339,泰谷,51.8,52.5,48.15,48.4,2609,-339,0,0,3.27,96.72,100.0
2026-05-27,3346,麗清,16.25,17.75,16.1,17.75,1317,299,0,10,2.68,97.31,100.0
2026-05-27,3349,寶德,18.45,18.45,17.55,18.15,221,31,0,0,2.15,97.84,100.0
2026-05-27,3354,律勝,34.45,35.1,32.3,32.5,1702,-376,0,0,1.81,98.18,100.0
2026-05-27,3356,奇偶,65.9,65.9,64.0,64.4,971,-10,0,3,8.52,91.47,100.0
2026-05-27,3357,臺慶科,278.5,296.0,276.5,285.5,10237,-630,0,50,16.74,83.25,100.0
2026-05-27,3360,尚立,14.45,14.6,14.2,14.25,365,-5,0,0,1.88,98.11,100.0
2026-05-27,3362,先進光,116.0,117.5,111.5,112.5,1286,-181,0,-2,3.78,96.21,100.0
2026-05-27,3363,上詮,890.0,900.0,836.0,847.0,3867,-493,-1,2,17.43,82.56,100.0
2026-05-27,3372,典範,22.4,22.95,21.45,22.05,2546,569,0,0,3.29,96.7,100.0
2026-05-27,3373,熱映,17.0,17.05,16.7,16.7,42,-7,0,0,1.96,98.03,100.0
2026-05-27,3374,精材,259.0,262.5,248.0,250.5,11399,-563,-1,-186,10.82,89.17,100.0
2026-05-27,3376,新日興,220.0,220.5,211.5,212.0,5506,85,0,19,22.53,77.46,100.0
2026-05-27,3379,彬台,41.3,42.15,40.25,40.7,611,-55,0,-3,1.13,98.86,100.0
2026-05-27,3380,明泰,36.0,36.7,34.75,35.5,5336,669,0,17,6.03,93.96,100.0
2026-05-27,3388,崇越電,101.5,102.0,99.0,101.0,1402,237,0,-33,7.83,92.16,100.0
2026-05-27,3390,旭軟,28.9,30.9,28.6,29.8,5424,-575,0,-11,4.94,95.05,100.0
2026-05-27,3402,漢科,160.5,160.5,152.0,154.0,5150,-1002,0,-23,9.17,90.82,100.0
2026-05-27,3406,玉晶光,597.0,597.0,578.0,585.0,1528,174,-32,16,43.98,56.01,100.0
2026-05-27,3413,京鼎,335.0,335.0,311.5,314.5,9327,454,-25,-664,16.96,83.03,100.0
2026-05-27,3416,融程電,190.0,193.0,184.5,185.0,878,46,0,-45,2.79,97.2,100.0
2026-05-27,3419,譁裕,13.85,13.9,13.7,13.7,495,28,0,0,1.87,98.12,100.0
2026-05-27,3426,台興,47.75,47.75,47.75,47.75,5,0,0,0,0.44,99.55,100.0
2026-05-27,3430,奇鈦科,170.0,171.0,162.0,162.5,1622,-46,0,0,2.47,97.52,100.0
2026-05-27,3432,台端,19.35,19.35,18.75,18.85,71,-17,0,0,3.01,96.98,100.0
2026-05-27,3434,哲固,29.2,29.2,28.8,29.0,88,-4,0,0,1.83,98.16,100.0
2026-05-27,3437,榮創,25.1,25.1,23.7,23.8,2228,-88,0,1,4.97,95.02,100.0
2026-05-27,3438,類比科,68.7,74.3,68.6,74.0,1272,206,0,0,3.08,96.91,100.0
2026-05-27,3441,聯一光,56.4,56.4,51.0,51.7,3439,-43,0,0,2.97,97.02,100.0
2026-05-27,3443,創意,5350.0,5620.0,5050.0,5100.0,2728,-33,93,-8,28.23,71.76,100.0
2026-05-27,3444,利機,111.0,117.5,107.5,117.5,2592,-288,0,1,12.2,87.79,100.0
2026-05-27,3447,展達,37.3,37.3,36.05,36.05,201,-30,0,0,1.4,98.59,100.0
2026-05-27,3450,聯鈞,533.0,538.0,496.0,501.0,17332,-1855,1500,-88,23.31,76.68,100.0
2026-05-27,3455,由田,274.0,274.0,255.0,255.5,3357,-17,4,0,16.62,83.37,100.0
2026-05-27,3465,進泰電子,27.15,27.5,27.15,27.5,3,0,0,0,5.01,94.98,100.0
2026-05-27,3466,德晉,34.0,35.45,33.65,33.75,1002,-107,0,0,17.54,82.45,100.0
2026-05-27,3467,台灣精材,76.0,80.6,75.9,77.5,2148,123,0,5,2.76,97.23,100.0
2026-05-27,3473,智通聯網,91.73,93.8,90.0,93.0,18,0,0,0,0.0,0.0,0.0
2026-05-27,3479,安勤,137.0,139.0,134.5,137.0,3127,-411,0,6,5.66,94.33,100.0
2026-05-27,3481,群創,47.0,50.2,44.45,50.2,1370411,31655,-5530,6313,27.2,72.79,100.0
2026-05-27,3483,力致,100.0,100.0,95.5,96.3,1215,257,0,-26,9.35,90.64,100.0
2026-05-27,3484,崧騰,43.6,44.05,43.2,43.2,264,-60,0,0,7.04,92.95,100.0
2026-05-27,3485,敘豐,342.5,343.5,304.0,322.0,1024,-63,0,-14,0.0,100.0,100.0
2026-05-27,3489,森寶,22.0,22.0,21.55,21.75,290,-17,0,0,0.64,99.35,100.0
2026-05-27,3490,單井,42.5,42.5,39.0,39.4,3935,-892,0,0,4.17,95.82,100.0
2026-05-27,3491,昇達科,2120.0,2130.0,2025.0,2080.0,619,120,26,7,33.6,66.39,100.0
2026-05-27,3492,長盛,23.4,23.4,22.55,22.8,144,-7,0,0,0.71,99.28,100.0
2026-05-27,3494,誠研,8.19,8.19,8.01,8.11,164,24,0,1,1.71,98.28,100.0
2026-05-27,3498,陽程,155.0,156.0,149.0,155.5,1083,-91,0,-5,17.4,82.59,100.0
2026-05-27,3499,環天科,15.1,15.1,14.0,14.7,138,-22,0,0,0.65,99.34,100.0
2026-05-27,3501,維熹,40.8,40.8,39.5,39.55,504,-272,0,-2,3.11,96.88,100.0
2026-05-27,3504,揚明光,81.0,81.0,77.4,77.6,1853,68,0,25,3.47,96.52,100.0
2026-05-27,3508,位速,21.6,22.2,20.55,20.8,547,-49,0,0,0.79,99.2,100.0
2026-05-27,3511,矽瑪,20.55,21.0,20.0,20.1,347,-27,0,0,2.64,97.35,100.0
2026-05-27,3512,皇龍,20.5,20.5,20.3,20.45,62,7,0,0,0.47,99.52,100.0
2026-05-27,3515,華擎,245.0,246.0,239.0,240.0,722,-24,0,-3,7.42,92.57,100.0
2026-05-27,3516,亞帝歐,24.05,24.45,23.1,23.5,150,-1,0,0,0.42,99.57,100.0
2026-05-27,3518,柏騰,36.65,37.45,35.2,35.8,1242,-98,0,10,7.11,92.88,100.0
2026-05-27,3520,華盈,15.0,15.0,14.3,14.35,389,-99,0,0,1.04,98.95,100.0
2026-05-27,3521,鴻翊,12.55,12.55,12.2,12.2,119,-26,0,0,0.31,99.68,100.0
2026-05-27,3521,台鋼建設,12.55,12.55,12.2,12.2,119,-26,0,0,0.31,99.68,100.0
2026-05-27,3522,御頂,12.4,12.5,11.9,12.0,138,-39,0,0,0.24,99.75,100.0
2026-05-27,3522,御嵿,12.4,12.5,11.9,12.0,138,-39,0,0,0.24,99.75,100.0
2026-05-27,3523,迎輝,13.2,13.2,13.2,13.2,24,0,0,5,0.09,99.9,100.0
2026-05-27,3526,凡甲,378.5,378.5,368.0,372.0,752,-48,-3,3,21.77,78.22,100.0
2026-05-27,3527,聚積,59.3,60.5,58.3,58.4,187,27,0,0,7.6,92.39,100.0
2026-05-27,3528,安馳,97.8,103.5,96.4,103.5,3687,304,0,14,6.56,93.43,100.0
2026-05-27,3529,力旺,3480.0,3555.0,3270.0,3295.0,1446,523,-572,5,69.15,30.84,100.0
2026-05-27,3530,晶相光,71.5,71.7,67.9,68.5,383,-2,0,0,41.62,58.37,100.0
2026-05-27,3531,先益,22.8,23.4,22.8,23.15,12,-2,0,0,19.27,80.72,100.0
2026-05-27,3532,台勝科,299.5,316.5,280.0,290.5,10671,-499,0,-1,44.41,55.58,100.0
2026-05-27,3533,嘉澤,2660.0,2740.0,2610.0,2625.0,1311,19,3,-17,44.83,55.16,100.0
2026-05-27,3535,晶彩科,128.5,129.0,123.5,123.5,2474,-234,0,0,1.22,98.77,100.0
2026-05-27,3537,堡達,69.5,72.9,65.4,67.2,6080,390,0,4,5.67,94.32,100.0
2026-05-27,3540,曜越,26.55,27.1,26.5,26.55,381,19,0,0,2.26,97.73,100.0
2026-05-27,3541,西柏,22.35,22.4,22.3,22.4,60,-6,0,0,0.88,99.11,100.0
2026-05-27,3543,州巧,35.8,36.15,35.3,35.35,693,76,0,2,6.95,93.04,100.0
2026-05-27,3545,敦泰,61.9,61.9,58.9,59.3,2660,142,0,-31,14.19,85.8,100.0
2026-05-27,3546,宇峻,81.0,81.8,79.6,81.3,542,172,0,-1,7.95,92.04,100.0
2026-05-27,3548,兆利,101.0,102.0,96.0,96.5,792,-219,0,-8,9.11,90.88,100.0
2026-05-27,3550,聯穎,20.8,20.8,19.95,20.2,2097,-674,0,1,4.94,95.05,100.0
2026-05-27,3551,世禾,207.0,213.0,206.0,207.5,1975,308,0,66,6.21,93.78,100.0
2026-05-27,3552,同致,53.5,54.1,51.6,51.8,370,-7,0,0,10.14,89.85,100.0
2026-05-27,3555,博士旺,242.5,249.0,223.0,223.0,418,-76,0,2,1.69,98.3,100.0
2026-05-27,3556,禾瑞亞,57.0,57.2,55.5,56.1,417,92,0,4,6.74,93.25,100.0
2026-05-27,3557,嘉威,25.05,25.6,24.6,24.65,107,-11,0,10,1.68,98.31,100.0
2026-05-27,3558,神準,135.5,136.0,128.0,129.0,687,-73,0,-3,1.42,98.57,100.0
2026-05-27,3563,牧德,900.0,900.0,838.0,842.0,2887,-648,22,-18,6.75,93.24,100.0
2026-05-27,3564,其陽,49.6,49.6,45.95,46.0,409,-140,0,-1,3.4,96.59,100.0
2026-05-27,3567,逸昌,30.05,30.05,28.8,29.0,147,-8,0,0,3.13,96.86,100.0
2026-05-27,3570,大塚,173.0,173.5,171.0,171.0,33,-7,0,0,44.81,55.18,100.0
2026-05-27,3576,聯合再生,19.2,19.5,18.4,19.1,29166,6690,0,14,12.49,87.5,100.0
2026-05-27,3577,泓格,158.5,159.0,141.5,146.5,1711,244,0,-6,2.55,97.44,100.0
2026-05-27,3580,友威科,113.5,114.5,105.0,107.0,3467,-735,0,0,9.77,90.22,100.0
2026-05-27,3581,博磊,279.5,279.5,252.0,252.0,3171,-520,0,-52,15.13,84.86,100.0
2026-05-27,3583,辛耘,917.0,917.0,873.0,876.0,2189,6,-98,-78,17.84,82.15,100.0
2026-05-27,3585,聯致,85.57,87.1,79.7,81.9,2633,-1,0,0,0.0,0.0,0.0
2026-05-27,3587,閎康,343.0,348.5,328.0,331.0,1782,-155,0,5,11.42,88.57,100.0
2026-05-27,3588,通嘉,66.0,66.3,62.9,64.5,1030,92,0,2,4.99,95.0,100.0
2026-05-27,3591,艾笛森,26.3,26.3,25.15,25.5,1767,-123,0,1,6.36,93.63,100.0
2026-05-27,3592,瑞鼎,285.0,286.0,279.5,281.0,1315,-346,-5,-1,15.81,84.18,100.0
2026-05-27,3593,力銘,17.4,17.4,16.25,17.3,37,-1,0,0,0.25,99.74,100.0
2026-05-27,3594,磐儀,53.1,53.8,51.7,53.5,818,132,0,2,3.18,96.81,100.0
2026-05-27,3595,山太士,2752.78,2790.0,2590.0,2605.0,524,2,0,0,0.0,0.0,0.0
2026-05-27,3596,智易,194.0,195.0,187.0,188.5,1900,228,-36,-6,31.65,68.34,100.0
2026-05-27,3597,映興,28.25,29.2,27.6,27.95,207,-2,0,0,0.75,99.24,100.0
2026-05-27,3603,建祥國際,8.01,8.25,7.85,8.15,36,0,0,0,0.0,0.0,0.0
2026-05-27,3605,宏致,82.5,82.5,77.6,78.3,5057,-604,0,-245,10.7,89.29,100.0
2026-05-27,3607,谷崧,15.3,15.6,15.15,15.2,629,69,0,0,6.89,93.1,100.0
2026-05-27,3609,三一東林,29.6,29.6,27.1,27.1,293,-7,0,0,1.96,98.03,100.0
2026-05-27,3611,鼎翰,189.0,189.5,186.5,187.5,34,0,0,0,11.76,88.23,100.0
2026-05-27,3615,安可,51.5,52.0,46.1,47.3,10691,-497,0,0,7.18,92.81,100.0
2026-05-27,3617,碩天,208.0,220.0,207.5,215.0,1171,-110,0,6,8.92,91.07,100.0
2026-05-27,3622,洋華,59.0,59.6,57.1,57.1,849,-114,0,-2,3.77,96.22,100.0
2026-05-27,3623,富晶通,23.5,23.5,22.85,23.0,80,8,0,0,3.31,96.68,100.0
2026-05-27,3624,光頡,94.5,97.4,89.0,94.0,6472,279,-280,28,54.0,45.99,100.0
2026-05-27,3625,西勝,14.3,14.55,14.1,14.4,417,31,0,0,5.2,94.79,100.0
2026-05-27,3628,盈正,67.7,67.7,66.0,66.0,78,-31,0,0,3.35,96.64,100.0
2026-05-27,3629,地心引力,16.25,16.3,16.0,16.0,65,0,0,0,0.02,99.97,100.0
2026-05-27,3630,新鉅科,27.35,27.35,26.0,26.15,791,-112,0,-2,39.84,60.15,100.0
2026-05-27,3631,晟楠,36.6,37.65,36.35,37.4,283,-2,0,0,8.12,91.87,100.0
2026-05-27,3632,研勤,8.58,8.74,8.58,8.74,85,0,0,0,0.29,99.7,100.0
2026-05-27,3633,云光,129.57,130.0,125.0,126.5,133,-5,0,0,0.0,0.0,0.0
2026-05-27,3645,達邁,118.5,120.0,108.5,110.0,13159,561,0,-33,14.17,85.82,100.0
2026-05-27,3646,艾恩特,23.4,23.85,23.25,23.85,51,15,0,0,6.73,93.26,100.0
2026-05-27,3652,精聯,33.15,33.65,32.55,32.8,393,98,0,9,0.81,99.18,100.0
2026-05-27,3653,健策,3795.0,4015.0,3650.0,3670.0,3139,-146,67,-184,26.84,73.15,100.0
2026-05-27,3659,百辰,22.28,23.0,22.2,23.0,37,1,0,0,0.0,0.0,0.0
2026-05-27,3661,世芯-KY,4785.0,4845.0,4460.0,4500.0,2528,200,-182,-41,54.22,45.77,100.0
2026-05-27,3663,鑫科,92.1,92.1,87.7,89.9,5266,-20,0,-29,3.9,96.09,100.0
2026-05-27,3664,安瑞-KY,8.24,8.24,7.62,7.67,15,0,0,0,37.96,62.03,100.0
2026-05-27,3665,貿聯-KY,2310.0,2335.0,2115.0,2115.0,2487,21,-665,24,56.31,43.68,100.0
2026-05-27,3666,光耀,28.8,29.2,28.15,28.8,151,5,0,10,0.28,99.71,100.0
2026-05-27,3669,圓展,38.9,39.55,37.1,39.3,340,-28,0,-1,2.42,97.57,100.0
2026-05-27,3672,康聯訊,11.0,11.25,11.0,11.25,19,0,0,-6,2.5,97.49,100.0
2026-05-27,3673,TPK-KY,91.3,93.0,84.1,87.9,65003,-162,0,-219,45.76,54.23,100.0
2026-05-27,3675,德微,367.0,367.0,353.5,365.0,1800,43,0,1,60.9,39.09,100.0
2026-05-27,3678,聯享,60.4,60.1,56.3,59.9,115,-6,0,0,0.0,0.0,0.0
2026-05-27,3679,新至陞,121.5,123.0,119.5,120.0,144,13,0,0,8.93,91.06,100.0
2026-05-27,3680,家登,600.0,601.0,548.0,557.0,4136,-406,-27,-65,24.33,75.66,100.0
2026-05-27,3684,榮昌,60.2,60.2,58.4,59.0,111,12,0,0,1.83,98.16,100.0
2026-05-27,3685,元創精密,28.5,29.2,28.5,28.9,488,33,0,-3,0.27,99.72,100.0
2026-05-27,3686,達能,17.5,17.7,17.45,17.55,230,77,0,5,1.65,98.34,100.0
2026-05-27,3687,歐買尬,67.2,68.0,66.6,67.5,98,-19,0,0,4.56,95.43,100.0
2026-05-27,3689,湧德,126.5,132.5,123.5,130.5,7404,812,0,146,7.75,92.24,100.0
2026-05-27,3691,碩禾,165.0,168.0,153.0,155.5,5717,-634,0,-45,9.63,90.36,100.0
2026-05-27,3693,營邦,625.0,625.0,583.0,587.0,1219,-201,0,0,12.83,87.16,100.0
2026-05-27,3694,海華,71.2,71.5,68.0,68.5,2997,199,0,-7,3.88,96.11,100.0
2026-05-27,3701,大眾控,58.0,58.0,55.0,55.7,1781,-145,0,0,4.54,95.45,100.0
2026-05-27,3702,大聯大,123.0,124.0,120.0,120.5,9296,2468,-2508,-45,35.22,64.77,100.0
2026-05-27,3703,欣陸,20.45,20.45,20.0,20.1,3816,-50,0,-1885,20.17,79.82,100.0
2026-05-27,3704,合勤控,45.65,46.3,44.7,45.25,7911,-687,0,1,13.22,86.77,100.0
2026-05-27,3705,永信,55.9,56.0,55.4,55.5,303,117,0,0,7.17,92.82,100.0
2026-05-27,3706,神達,86.3,87.2,83.8,84.2,23319,-8156,1223,3,10.16,89.83,100.0
2026-05-27,3707,漢磊,85.0,90.5,82.4,89.3,40954,6358,0,39,17.82,82.17,100.0
2026-05-27,3708,上緯投控,133.0,140.5,128.5,131.0,4430,-496,0,29,8.26,91.73,100.0
2026-05-27,3709,鑫聯大投控,91.5,91.8,86.3,86.3,3208,-422,0,-233,8.46,91.53,100.0
2026-05-27,3710,連展投控,6.12,6.25,6.11,6.25,448,24,0,0,2.2,97.79,100.0
2026-05-27,3711,日月光投控,641.0,669.0,626.0,642.0,30005,833,-673,46,78.04,21.95,100.0
2026-05-27,3712,永崴投控,16.3,16.5,15.85,16.05,1027,175,0,11,2.12,97.87,100.0
2026-05-27,3713,新晶投控,14.6,15.6,14.6,15.6,466,312,0,0,0.8,99.19,100.0
2026-05-27,3714,富采,80.0,80.0,74.0,74.3,48544,-9593,0,47,12.23,87.76,100.0
2026-05-27,3715,定穎投控,189.0,191.0,176.5,179.0,17196,-3627,0,-94,10.44,89.55,100.0
2026-05-27,3716,中化控股,34.55,34.6,34.1,34.25,252,19,0,3,8.45,91.54,100.0
2026-05-27,3717,聯嘉投控,22.5,22.65,21.95,22.0,1744,-683,0,51,4.35,95.64,100.0
2026-05-27,4102,永日,16.95,17.25,16.9,17.0,64,-1,0,0,1.22,98.77,100.0
2026-05-27,4104,佳醫,70.3,70.8,70.1,70.4,396,101,0,0,2.98,97.01,100.0
2026-05-27,4105,東洋,73.9,73.9,73.0,73.2,1082,-473,0,-12,19.57,80.42,100.0
2026-05-27,4106,雃博,23.35,23.45,23.3,23.3,72,10,0,1,1.93,98.06,100.0
2026-05-27,4107,邦特,114.5,114.5,112.0,113.5,331,-26,0,0,7.45,92.54,100.0
2026-05-27,4108,懷特,12.45,12.45,12.2,12.25,287,32,0,3,1.0,98.99,100.0
2026-05-27,4109,加捷生醫,11.35,11.5,11.2,11.2,189,-20,0,0,0.79,99.2,100.0
2026-05-27,4111,濟生,29.9,30.0,29.75,30.0,133,-7,0,0,3.35,96.64,100.0
2026-05-27,4113,聯上,14.7,14.7,14.4,14.5,181,-40,0,0,1.61,98.38,100.0
2026-05-27,4114,健喬,30.35,30.4,30.2,30.25,1933,-9,0,0,5.62,94.37,100.0
2026-05-27,4115,善德生技,7.89,8.19,7.61,7.8,295,-6,0,0,0.0,0.0,0.0
2026-05-27,4116,明基醫,37.8,38.05,37.4,37.45,81,5,0,0,0.41,99.58,100.0
2026-05-27,4119,旭富,41.5,41.5,40.7,41.0,220,75,0,2,5.29,94.7,100.0
2026-05-27,4120,友華,45.0,45.0,44.35,44.4,54,-4,0,0,6.22,93.77,100.0
2026-05-27,4121,優盛,14.5,14.5,14.0,14.05,144,-50,0,0,1.85,98.14,100.0
2026-05-27,4123,晟德,37.7,37.8,37.25,37.25,2770,-779,0,-24,9.01,90.98,100.0
2026-05-27,4126,太醫,79.0,79.3,78.8,79.1,34,4,0,0,8.98,91.01,100.0
2026-05-27,4127,天良,70.5,71.9,65.7,66.7,494,14,0,0,0.7,99.29,100.0
2026-05-27,4128,中天,14.6,14.6,14.3,14.3,1857,-179,0,-2,4.03,95.96,100.0
2026-05-27,4129,聯合,90.3,90.8,90.0,90.0,277,-123,0,0,11.77,88.22,100.0
2026-05-27,4130,健亞,25.8,26.3,25.8,26.25,242,32,0,0,2.07,97.92,100.0
2026-05-27,4131,浩泰,33.35,34.1,33.0,33.05,17,0,0,0,1.26,98.73,100.0
2026-05-27,4133,亞諾法,20.85,20.95,20.6,20.6,144,-18,0,0,12.49,87.5,100.0
2026-05-27,4137,麗豐-KY,103.5,103.5,102.0,102.0,257,-106,0,3,55.72,44.27,100.0
2026-05-27,4138,曜亞,50.6,51.2,50.6,50.9,25,-5,0,0,1.12,98.87,100.0
2026-05-27,4139,馬光-KY,23.05,23.05,23.0,23.05,17,1,0,0,16.91,83.08,100.0
2026-05-27,4142,國光生,17.1,17.3,17.0,17.0,1712,98,0,4,4.65,95.34,100.0
2026-05-27,4147,中裕,48.7,48.7,47.85,47.85,1441,-708,0,0,7.95,92.04,100.0
2026-05-27,4148,全宇生技-KY,32.05,32.35,31.7,31.8,45,11,0,0,71.04,28.95,100.0
2026-05-27,4150,優你康,5.7,5.79,5.48,5.66,339,-5,0,0,0.0,0.0,0.0
2026-05-27,4153,鈺緯,30.7,31.0,30.65,30.7,38,-1,0,0,0.32,99.67,100.0
2026-05-27,4154,樂威科-KY,13.55,13.55,13.0,13.2,22,-8,0,0,29.97,70.02,100.0
2026-05-27,4155,訊映,14.95,15.0,14.35,14.8,846,28,0,-5,1.22,98.77,100.0
2026-05-27,4157,太景*-KY,9.1,9.17,8.99,9.02,2109,594,0,0,1.88,98.11,100.0
2026-05-27,4160,訊聯基因,40.7,42.3,40.15,41.05,179,25,0,0,1.0,98.99,100.0
2026-05-27,4161,聿新科,23.5,23.55,22.9,23.05,129,-1,0,0,0.3,99.69,100.0
2026-05-27,4162,智擎,55.0,55.3,54.0,54.1,426,20,0,-1,8.27,91.72,100.0
2026-05-27,4163,鐿鈦,105.0,116.0,102.5,116.0,356,-34,0,0,2.69,97.3,100.0
2026-05-27,4164,承業醫,28.25,28.25,27.95,28.2,670,-119,0,7,19.13,80.86,100.0
2026-05-27,4166,友霖,23.9,24.0,23.45,23.55,394,-167,0,0,10.72,89.27,100.0
2026-05-27,4167,松瑞藥,18.85,19.0,18.75,18.95,725,118,0,0,10.42,89.57,100.0
2026-05-27,4168,醣聯,28.45,29.0,27.6,28.25,870,39,0,37,4.91,95.08,100.0
2026-05-27,4169,泰宗,155.0,155.0,152.0,152.5,124,-4,0,0,6.44,93.55,100.0
2026-05-27,4170,鑫品生醫,13.39,13.5,13.25,13.5,46,0,0,0,0.0,0.0,0.0
2026-05-27,4171,瑞基,18.15,18.15,17.75,17.75,217,-42,0,0,13.42,86.57,100.0
2026-05-27,4172,因華,13.19,13.45,12.75,12.95,484,5,0,0,0.0,0.0,0.0
2026-05-27,4173,久裕,18.2,18.2,18.0,18.0,159,-30,0,0,0.58,99.41,100.0
2026-05-27,4174,浩鼎,29.3,29.45,28.6,28.65,668,37,0,0,6.61,93.38,100.0
2026-05-27,4175,杏一,55.5,55.7,53.5,54.0,56,-6,0,0,0.15,99.84,100.0
2026-05-27,4178,永笙-KY,18.9,18.9,18.6,18.85,555,-132,0,0,5.33,94.66,100.0
2026-05-27,4183,福永生技,13.2,13.2,13.1,13.1,4,0,0,0,0.0,99.99,100.0
2026-05-27,4186,尖端醫,10.15,10.4,9.94,10.25,134,1,0,0,0.0,0.0,0.0
2026-05-27,4188,安克,11.2,11.3,11.1,11.25,64,2,0,0,0.06,99.93,100.0
2026-05-27,4190,佐登-KY,24.4,24.6,24.25,24.3,46,-1,0,0,58.8,41.19,100.0
2026-05-27,4192,杏國,19.75,19.95,19.15,19.95,13,0,0,0,0.31,99.68,100.0
2026-05-27,4194,禾生技,7.09,7.15,6.97,7.1,29,0,0,0,0.0,0.0,0.0
2026-05-27,4195,基米-創,17.3,17.55,16.85,16.85,351,47,0,0,0.62,99.37,100.0
2026-05-27,4197,暐世,9.17,10.45,9.4,9.79,89,0,0,0,0.0,0.0,0.0
2026-05-27,4198,欣大健康,39.6,39.8,39.6,39.8,9,0,0,0,1.16,98.83,100.0
2026-05-27,4205,中華食,72.8,72.8,72.6,72.7,41,1,0,0,0.58,99.41,100.0
2026-05-27,4207,環泰,19.35,19.45,19.2,19.35,235,-13,0,0,1.46,98.53,100.0
2026-05-27,4303,信立,49.45,49.45,47.3,47.35,1081,-267,0,-16,2.09,97.9,100.0
2026-05-27,4304,勝昱,27.15,27.2,27.15,27.15,12,-2,0,0,0.03,99.96,100.0
2026-05-27,4305,世坤,44.15,44.25,44.1,44.1,18,0,0,0,0.06,99.93,100.0
2026-05-27,4306,炎洲,13.7,13.85,13.65,13.8,1302,246,0,0,5.32,94.67,100.0
2026-05-27,4401,東隆興,13.8,13.8,13.65,13.7,88,-5,0,0,1.35,98.64,100.0
2026-05-27,4402,郡都開發,11.75,12.0,11.75,11.75,62,10,0,0,2.3,97.69,100.0
2026-05-27,4406,新昕纖,10.0,10.0,9.93,9.95,10,-1,0,0,0.22,99.77,100.0
2026-05-27,4413,飛寶企業,17.15,17.15,16.9,16.9,5,1,0,0,5.74,94.25,100.0
2026-05-27,4414,如興,7.91,7.98,7.62,7.64,550,-118,0,3,26.45,73.54,100.0
2026-05-27,4416,三圓,10.55,11.05,10.15,10.75,1510,434,0,10,1.69,98.3,100.0
2026-05-27,4417,金洲,45.05,45.75,45.05,45.55,209,-110,0,0,3.84,96.15,100.0
2026-05-27,4419,元勝,45.9,45.9,45.25,45.3,7,0,0,0,0.0,99.99,100.0
2026-05-27,4419,皇家美食,45.9,45.9,45.25,45.3,7,0,0,0,0.0,99.99,100.0
2026-05-27,4420,光明,38.8,38.8,38.0,38.15,126,9,0,0,0.57,99.42,100.0
2026-05-27,4426,利勤,7.55,7.62,7.54,7.57,192,57,0,-1,2.32,97.67,100.0
2026-05-27,4430,耀億,16.8,17.2,16.55,17.1,79,0,0,0,2.27,97.72,100.0
2026-05-27,4431,敏成健康,17.24,17.05,16.3,16.9,44,-2,0,0,0.0,0.0,0.0
2026-05-27,4432,銘旺實,16.85,16.9,16.7,16.8,42,3,0,0,0.87,99.12,100.0
2026-05-27,4433,興采,21.5,22.35,21.4,21.5,156,0,0,0,0.18,99.81,100.0
2026-05-27,4438,廣越,59.4,59.4,58.2,58.6,92,25,0,-1,1.82,98.17,100.0
2026-05-27,4439,冠星-KY,90.2,93.0,90.2,91.6,13,6,0,0,61.36,38.63,100.0
2026-05-27,4440,宜新實業,18.0,18.0,17.6,17.8,71,4,0,0,0.75,99.24,100.0
2026-05-27,4441,振大環球,204.0,206.0,201.0,206.0,122,-8,0,0,1.51,98.48,100.0
2026-05-27,4442,竣邦-KY,51.8,51.8,50.7,50.7,146,-90,0,0,61.07,38.92,100.0
2026-05-27,4502,健信,15.7,15.9,15.5,15.85,47,9,0,0,4.08,95.91,100.0
2026-05-27,4503,金雨,41.9,42.25,38.9,39.1,488,-98,0,0,3.44,96.55,100.0
2026-05-27,4506,崇友,118.0,118.5,117.0,117.5,201,-54,0,2,3.19,96.8,100.0
2026-05-27,4510,高鋒,52.2,52.2,47.85,48.45,6714,-2122,0,-142,4.62,95.37,100.0
2026-05-27,4513,福裕,14.25,14.3,13.95,13.95,520,0,0,0,2.14,97.85,100.0
2026-05-27,4523,永彰,28.8,28.95,28.4,28.7,175,1,0,0,2.44,97.55,100.0
2026-05-27,4526,東台,45.8,45.8,39.95,39.95,26830,-5501,0,-185,6.02,93.97,100.0
2026-05-27,4527,方土霖,44.2,44.6,44.2,44.5,55,-2,0,0,1.87,98.12,100.0
2026-05-27,4528,江興鍛,15.35,15.45,15.25,15.35,50,0,0,0,0.14,99.85,100.0
2026-05-27,4529,淳紳,5.13,5.5,5.03,5.13,155,0,0,0,38.04,61.95,100.0
2026-05-27,4530,宏易,25.0,25.0,25.0,25.0,6,0,0,1,3.0,96.99,100.0
2026-05-27,4532,瑞智,23.75,24.0,23.4,23.6,1362,269,-31,-4,17.08,82.91,100.0
2026-05-27,4533,協易機,34.9,35.05,31.95,32.0,5460,-1758,0,-154,5.05,94.94,100.0
2026-05-27,4534,慶騰,26.75,27.0,25.25,25.75,1457,357,0,0,1.22,98.77,100.0
2026-05-27,4535,至興,27.35,27.35,27.0,27.0,37,5,0,0,0.09,99.9,100.0
2026-05-27,4536,拓凱,160.0,160.0,157.0,157.5,298,-85,0,0,11.25,88.74,100.0
2026-05-27,4537,旭東,168.97,169.5,165.5,166.0,135,0,0,0,0.0,0.0,0.0
2026-05-27,4538,大詠城,18.65,18.7,18.45,18.7,111,4,0,0,0.15,99.84,100.0
2026-05-27,4540,全球傳動,72.8,72.8,66.3,67.2,11779,-3466,0,-41,7.51,92.48,100.0
2026-05-27,4541,晟田,44.0,44.2,43.3,44.2,1055,-254,0,-15,5.61,94.38,100.0
2026-05-27,4542,科嶠,298.0,298.0,265.0,271.5,1296,-260,0,-11,6.78,93.21,100.0
2026-05-27,4543,萬在,39.8,39.8,38.1,38.2,340,-7,0,0,9.18,90.81,100.0
2026-05-27,4544,春日,14.45,14.45,13.8,14.45,3,0,0,0,0.0,0.0,0.0
2026-05-27,4545,銘鈺,33.35,36.5,33.35,36.5,720,39,0,3,28.99,71.0,100.0
2026-05-27,4546,長亨,99.38,101.0,93.5,100.5,162,2,0,0,0.0,0.0,0.0
2026-05-27,4549,桓達,108.0,108.0,103.5,103.5,239,-94,0,0,2.42,97.57,100.0
2026-05-27,4550,長佳,25.1,25.1,24.8,25.0,17,-1,0,0,1.52,98.47,100.0
2026-05-27,4551,智伸科,157.0,157.0,150.5,151.5,749,232,0,-11,52.3,47.69,100.0
2026-05-27,4552,力達-KY,19.9,19.9,19.6,19.9,180,-15,0,-3,42.7,57.29,100.0
2026-05-27,4553,盛復,17.7,17.6,17.6,17.6,1,0,0,0,0.0,0.0,0.0
2026-05-27,4554,橙的,31.85,31.85,30.8,30.85,28,-2,0,0,24.36,75.63,100.0
2026-05-27,4555,氣立,56.2,56.6,53.0,53.7,1679,-10,0,6,1.37,98.62,100.0
2026-05-27,4556,旭然,40.0,40.95,38.55,38.7,381,-8,0,0,10.61,89.38,100.0
2026-05-27,4557,永新-KY,44.45,45.45,43.05,43.05,319,-18,0,0,30.71,69.28,100.0
2026-05-27,4558,寶緯,20.0,20.0,19.6,20.0,60,-2,0,0,0.25,99.74,100.0
2026-05-27,4559,久裕興,8.42,8.64,8.22,8.4,41,0,0,0,0.0,0.0,0.0
2026-05-27,4560,強信-KY,32.8,33.05,32.3,32.65,118,1,0,13,84.79,15.2,100.0
2026-05-27,4561,健椿,50.5,53.8,48.6,48.8,1803,13,0,-5,2.79,97.2,100.0
2026-05-27,4562,穎漢,43.3,43.3,40.6,41.2,1586,-364,0,0,1.57,98.42,100.0
2026-05-27,4563,百德,50.3,50.6,48.6,48.6,345,38,0,-33,1.4,98.59,100.0
2026-05-27,4564,元翎,15.65,15.65,15.2,15.3,1699,117,0,6,2.61,97.38,100.0
2026-05-27,4565,宏偉,117.59,119.5,116.0,116.5,11,0,0,0,0.0,0.0,0.0
2026-05-27,4566,時碩工業,63.6,63.9,61.0,61.1,972,-170,0,1,1.64,98.35,100.0
2026-05-27,4568,科際精密,40.4,40.55,40.4,40.55,2,0,0,0,20.05,79.94,100.0
2026-05-27,4569,六方科-KY,188.0,189.0,178.0,180.5,218,8,0,0,66.97,33.02,100.0
2026-05-27,4570,傑生,70.1,70.1,70.1,70.1,1,0,0,0,0.0,0.0,0.0
2026-05-27,4571,鈞興-KY,224.0,227.0,215.5,218.0,1705,499,0,-3,66.34,33.65,100.0
2026-05-27,4572,駐龍,144.0,144.0,142.0,142.5,39,0,0,0,1.97,98.02,100.0
2026-05-27,4573,高明鐵,467.22,479.0,433.5,441.5,706,17,0,0,0.0,0.0,0.0
2026-05-27,4575,銓寶,26.18,26.85,26.3,26.85,28,0,0,0,0.0,0.0,0.0
2026-05-27,4576,大銀微系統,288.0,291.0,271.5,273.0,5359,-28,0,-101,7.22,92.77,100.0
2026-05-27,4577,達航科技,136.5,136.5,128.0,128.5,1433,43,0,1,2.49,97.5,100.0
2026-05-27,4580,捷流閥業,82.9,82.9,82.0,82.4,99,-18,0,0,3.89,96.1,100.0
2026-05-27,4581,光隆精密-KY,49.95,50.0,49.8,49.8,26,-4,0,0,23.96,76.03,100.0
2026-05-27,4582,聚恆-創,22.8,27.0,22.8,26.75,1418,133,0,0,0.87,99.12,100.0
2026-05-27,4583,台灣精銳,730.0,732.0,700.0,713.0,200,-27,-15,-6,1.37,98.62,100.0
2026-05-27,4584,君帆,0.0,0.0,0.0,0.0,0,0,0,0,0.03,99.96,100.0
2026-05-27,4585,達明,362.0,365.5,349.5,349.5,738,-46,0,-21,0.53,99.46,100.0
2026-05-27,4587,寶元數控,71.51,73.6,60.5,66.6,315,17,0,0,0.0,0.0,0.0
2026-05-27,4588,玖鼎電力,55.3,58.5,55.3,56.0,232,27,0,0,2.51,97.48,100.0
2026-05-27,4589,碩陽電機,36.85,38.8,36.6,38.25,60,0,0,0,0.0,0.0,0.0
2026-05-27,4590,富田-創,72.4,72.8,71.6,71.7,319,-49,0,2,1.69,98.3,100.0
2026-05-27,4609,唐鋒,5.73,5.73,5.2,5.2,42,0,0,0,0.0,99.99,100.0
2026-05-27,4702,中美實,9.85,9.88,9.67,9.69,123,0,0,0,43.5,56.49,100.0
2026-05-27,4706,大恭,31.5,31.5,31.0,31.2,6,-1,0,0,29.46,70.53,100.0
2026-05-27,4707,磐亞,14.8,15.2,14.55,15.0,1318,295,0,56,1.14,98.85,100.0
2026-05-27,4711,永純,17.15,17.8,16.8,17.1,690,93,0,0,1.26,98.73,100.0
2026-05-27,4714,永捷,13.55,13.95,13.55,13.65,1908,-656,0,-17,2.41,97.58,100.0
2026-05-27,4716,大立,15.05,15.1,14.55,14.65,536,-96,0,-1,3.37,96.62,100.0
2026-05-27,4720,德淵,24.9,27.25,24.7,26.9,15310,-228,0,37,6.45,93.54,100.0
2026-05-27,4721,美琪瑪,93.5,93.5,90.1,90.4,1133,14,0,11,9.43,90.56,100.0
2026-05-27,4722,國精化,275.5,275.5,270.5,270.5,999,-10,0,-17,6.08,93.91,100.0
2026-05-27,4724,宣捷幹細胞,13.3,13.5,12.1,12.5,635,0,0,0,0.0,0.0,0.0
2026-05-27,4726,永昕,27.7,27.8,27.25,27.25,219,-12,0,0,20.6,79.39,100.0
2026-05-27,4728,雙美,380.0,380.0,380.0,380.0,22,19,0,0,19.65,80.34,100.0
2026-05-27,4729,熒茂,24.25,25.1,23.65,24.0,1280,-112,0,0,1.98,98.01,100.0
2026-05-27,4732,彥臣,18.9,19.25,18.95,19.05,5,0,0,0,0.0,0.0,0.0
2026-05-27,4735,豪展,30.9,30.9,30.65,30.9,32,1,0,0,0.2,99.79,100.0
2026-05-27,4736,泰博,122.5,124.0,121.5,122.0,228,7,0,0,5.18,94.81,100.0
2026-05-27,4737,華廣,57.9,60.0,56.7,60.0,188,12,0,-1,28.69,71.3,100.0
2026-05-27,4738,大同精化,7.92,8.42,7.8,8.19,371,5,0,0,0.0,0.0,0.0
2026-05-27,4739,康普,106.0,107.5,100.0,104.0,5413,46,0,-82,10.9,89.09,100.0
2026-05-27,4741,泓瀚,63.5,63.5,61.0,62.6,910,-53,0,76,2.87,97.12,100.0
2026-05-27,4743,合一,50.7,51.1,50.1,50.8,2391,154,0,0,7.26,92.73,100.0
2026-05-27,4744,皇將,34.7,34.9,34.05,34.15,200,14,0,0,4.44,95.55,100.0
2026-05-27,4745,合富-KY,16.5,16.6,16.05,16.1,113,-3,0,0,8.67,91.32,100.0
2026-05-27,4746,台耀,51.8,51.8,50.5,50.8,1088,-613,0,0,7.68,92.31,100.0
2026-05-27,4747,強生,57.7,58.0,55.5,56.5,76,-3,0,-2,0.62,99.37,100.0
2026-05-27,4749,新應材,1160.0,1165.0,1105.0,1115.0,2526,-271,-120,-46,14.12,85.87,100.0
2026-05-27,4754,國碳科,38.1,38.4,38.1,38.1,23,-1,0,0,0.27,99.72,100.0
2026-05-27,4755,三福化,156.5,165.0,156.0,162.5,2150,874,0,9,25.04,74.95,100.0
2026-05-27,4760,勤凱,400.0,414.0,376.0,387.0,1856,-389,0,34,19.1,80.89,100.0
2026-05-27,4763,材料*-KY,42.2,42.2,41.3,41.4,6289,-1769,9,-9,46.16,53.83,100.0
2026-05-27,4764,雙鍵,349.5,355.0,319.0,321.0,3102,-686,290,3,28.22,71.77,100.0
2026-05-27,4765,磐采,19.86,20.15,19.3,19.65,50,0,0,0,0.0,0.0,0.0
2026-05-27,4766,南寶,378.5,380.0,365.0,367.0,998,-358,-2,-2,14.42,85.57,100.0
2026-05-27,4767,誠泰科技,26.85,26.85,26.1,26.7,16,0,0,0,0.03,99.96,100.0
2026-05-27,4768,晶呈科技,511.0,541.0,499.0,504.0,3295,86,0,1,7.92,92.07,100.0
2026-05-27,4770,上品,275.0,275.5,261.0,263.5,2210,-352,0,-14,7.17,92.82,100.0
2026-05-27,4771,望隼,199.5,204.0,197.0,200.5,436,92,0,2,7.04,92.95,100.0
2026-05-27,4772,台特化,308.5,317.0,300.0,302.5,3026,0,0,63,5.11,94.88,100.0
2026-05-27,4806,桂田文創,9.85,9.96,9.83,9.96,28,0,0,0,1.88,98.11,100.0
2026-05-27,4807,日成-KY,24.0,25.65,23.35,25.05,715,46,0,14,66.75,33.24,100.0
2026-05-27,4903,聯光通,47.15,47.35,44.7,44.9,3908,-801,0,0,3.36,96.63,100.0
2026-05-27,4904,遠傳,94.8,94.8,92.9,92.9,9343,-5850,1404,101,21.95,26.87,49.0
2026-05-27,4905,台聯電,82.7,82.7,79.0,79.0,35,-3,0,0,9.69,90.3,100.0
2026-05-27,4906,正文,43.15,45.35,42.25,44.75,37094,5646,0,374,14.7,85.29,100.0
2026-05-27,4907,富宇,36.6,37.0,35.5,35.75,181,-21,0,0,0.17,99.82,100.0
2026-05-27,4908,前鼎,290.0,291.0,258.0,259.5,4663,-771,0,-23,11.79,88.2,100.0
2026-05-27,4909,新復興,56.2,56.2,53.3,53.7,1008,-51,0,-36,8.83,91.16,100.0
2026-05-27,4911,德英,31.9,33.1,31.9,31.9,21,1,0,0,0.3,99.69,100.0
2026-05-27,4912,聯德控股-KY,108.0,116.0,104.5,112.5,2277,11,0,1,26.26,73.73,100.0
2026-05-27,4915,致伸,73.0,73.0,71.9,72.0,4327,-2299,-19,4,33.14,66.85,100.0
2026-05-27,4916,事欣科,102.5,102.5,98.0,99.4,3292,398,0,-3,20.79,79.2,100.0
2026-05-27,4919,新唐,210.0,229.0,205.0,206.5,45269,-2147,0,-440,8.5,91.49,100.0
2026-05-27,4923,力士,49.65,49.65,49.65,49.65,941,0,0,-5,1.61,98.38,100.0
2026-05-27,4924,欣厚-KY,12.1,12.1,11.4,11.5,227,8,0,1,38.15,61.84,100.0
2026-05-27,4925,智微,173.39,179.5,167.0,169.0,567,20,0,0,0.0,0.0,0.0
2026-05-27,4927,泰鼎-KY,61.8,63.4,57.2,58.6,18786,-2725,0,0,14.46,85.53,100.0
2026-05-27,4930,燦星網,18.5,18.5,17.6,17.65,103,-56,0,0,2.15,97.84,100.0
2026-05-27,4931,新盛力,219.0,228.0,205.5,207.0,11693,-619,0,-36,10.98,89.01,100.0
2026-05-27,4933,友輝,73.9,76.6,73.9,74.7,1047,396,0,2,6.17,93.82,100.0
2026-05-27,4934,太極,17.9,17.9,17.3,17.4,1183,306,0,2,2.64,97.35,100.0
2026-05-27,4935,茂林-KY,37.25,37.25,36.5,36.55,105,-5,0,1,26.83,73.16,100.0
2026-05-27,4938,和碩,81.8,83.3,81.4,82.1,13465,3184,-312,283,30.61,69.38,100.0
2026-05-27,4939,亞電,43.75,47.95,42.3,43.15,26770,-1648,0,74,3.92,96.07,100.0
2026-05-27,4942,嘉彰,38.6,38.6,37.45,37.6,115,-23,0,-3,6.61,93.38,100.0
2026-05-27,4943,康控-KY,9.19,9.19,8.83,8.83,30,0,0,0,15.6,84.39,100.0
2026-05-27,4946,辣椒,102.5,104.0,101.0,101.0,88,-45,0,0,3.95,96.04,100.0
2026-05-27,4949,有成精密,108.0,108.5,98.5,102.0,3922,-198,0,-13,4.21,95.78,100.0
2026-05-27,4950,金耘國際,16.75,17.0,16.3,16.3,48,0,0,0,0.08,99.91,100.0
2026-05-27,4951,精拓科,137.0,137.0,121.5,124.5,2286,-94,0,0,4.32,95.67,100.0
2026-05-27,4952,凌通,55.8,58.4,54.7,55.8,6669,-252,0,5,6.5,93.49,100.0
2026-05-27,4953,緯軟,122.0,122.5,119.5,119.5,334,16,0,0,11.12,88.87,100.0
2026-05-27,4956,光鋐,50.3,50.4,47.15,47.75,4799,-70,0,3,10.59,89.4,100.0
2026-05-27,4958,臻鼎-KY,550.0,568.0,522.0,532.0,43179,-2710,-2338,-174,63.41,36.58,100.0
2026-05-27,4960,誠美材,35.0,35.0,32.8,33.15,9945,-419,0,1,19.3,80.69,100.0
2026-05-27,4961,天鈺,176.5,178.0,170.5,171.5,1113,-194,-1,-17,20.31,79.68,100.0
2026-05-27,4966,譜瑞-KY,852.0,870.0,824.0,870.0,3652,1108,0,152,35.15,64.84,100.0
2026-05-27,4967,十銓,281.0,288.0,266.5,267.0,10834,-1685,0,-2,4.41,95.58,100.0
2026-05-27,4968,立積,121.0,122.5,116.0,117.0,1216,-39,0,8,4.53,95.46,100.0
2026-05-27,4971,IET-KY,779.0,782.0,699.0,744.0,289,-13,0,39,13.1,86.89,100.0
2026-05-27,4972,湯石照明,16.4,16.45,16.4,16.45,52,-2,0,0,2.07,97.92,100.0
2026-05-27,4973,廣穎,139.0,139.0,138.5,139.0,2776,38,0,37,7.68,92.31,100.0
2026-05-27,4974,亞泰,76.8,77.2,75.2,75.8,444,-90,0,0,4.6,95.39,100.0
2026-05-27,4976,佳凌,32.9,32.9,30.8,30.9,1200,-142,0,1,3.8,96.19,100.0
2026-05-27,4977,眾達-KY,243.0,243.5,218.5,221.0,6461,-900,84,-47,15.9,84.09,100.0
2026-05-27,4979,華星光,690.0,715.0,620.0,628.0,16245,-1253,1033,-109,12.84,87.15,100.0
2026-05-27,4980,佐臻,50.7,52.2,47.1,49.35,315,2,0,0,0.0,0.0,0.0
2026-05-27,4989,榮科,102.5,108.0,101.0,105.5,20018,1613,0,1,5.32,94.67,100.0
2026-05-27,4991,環宇-KY,880.0,881.0,783.0,783.0,5503,-1224,-320,-16,19.03,80.96,100.0
2026-05-27,4994,傳奇,91.9,92.4,89.1,89.5,19,-6,0,1,2.67,97.32,100.0
2026-05-27,4995,晶達,46.05,46.4,44.9,44.9,149,-21,0,0,0.38,99.61,100.0
2026-05-27,4999,鑫禾,19.65,19.7,19.5,19.55,147,-28,0,0,1.67,98.32,100.0
2026-05-27,5007,三星,57.0,57.4,56.5,57.4,95,24,0,-1,2.93,97.06,100.0
2026-05-27,5009,榮剛,36.1,36.1,35.0,35.15,3764,-538,-8,-57,10.22,89.77,100.0
2026-05-27,5011,久陽,19.65,20.0,18.6,18.7,3040,35,0,-3,2.92,97.07,100.0
2026-05-27,5013,強新,0.0,0.0,0.0,0.0,0,0,0,0,12.21,87.78,100.0
2026-05-27,5014,建錩,11.05,11.1,10.9,10.95,419,19,0,0,1.5,98.49,100.0
2026-05-27,5015,華祺,24.95,24.95,23.7,24.0,77,-8,0,0,6.72,93.27,100.0
2026-05-27,5016,松和,26.85,26.85,25.8,26.1,159,6,0,0,0.51,99.48,100.0
2026-05-27,5201,凱衛,28.6,28.75,27.95,28.3,66,-16,0,0,8.34,91.65,100.0
2026-05-27,5202,力新,11.75,11.75,11.35,11.35,297,-20,0,0,1.17,98.82,100.0
2026-05-27,5203,訊連,65.9,65.9,64.9,65.0,252,-55,0,2,11.74,88.25,100.0
2026-05-27,5205,中茂,23.85,23.85,23.85,23.85,1,0,0,0,0.04,99.95,100.0
2026-05-27,5206,坤悅,22.0,22.0,21.5,21.75,70,0,0,-1,6.3,93.69,100.0
2026-05-27,5209,新鼎,170.5,170.5,168.0,169.0,52,-6,0,0,1.95,98.04,100.0
2026-05-27,5210,寶碩,26.95,27.45,26.7,27.25,567,191,0,0,0.82,99.17,100.0
2026-05-27,5211,蒙恬,18.1,18.2,17.75,17.75,69,-20,0,0,8.0,91.99,100.0
2026-05-27,5212,凌網,46.2,46.5,44.55,46.0,32,-2,0,0,21.76,78.23,100.0
2026-05-27,5213,亞昕,26.25,26.45,26.25,26.35,987,172,0,0,1.16,98.83,100.0
2026-05-27,5215,科嘉-KY,48.0,48.05,46.35,47.1,310,43,0,-1,25.48,74.51,100.0
2026-05-27,5220,萬達光電,23.5,23.6,22.75,23.3,139,7,0,0,0.46,99.53,100.0
2026-05-27,5222,全訊,125.0,127.0,124.5,125.0,541,-47,0,4,4.1,5.89,10.0
2026-05-27,5223,安力-KY,26.35,26.45,25.5,25.5,60,-11,0,0,41.96,58.03,100.0
2026-05-27,5225,東科-KY,71.5,72.3,69.8,70.6,525,-138,0,2,40.61,59.38,100.0
2026-05-27,5227,立凱-KY,24.65,25.6,24.3,24.65,238,10,0,0,12.77,87.22,100.0
2026-05-27,5228,鈺鎧,56.5,57.5,55.0,57.5,378,19,0,7,1.74,98.25,100.0
2026-05-27,5230,雷笛克光學,17.2,17.2,16.4,16.5,162,4,0,0,1.29,98.7,100.0
2026-05-27,5234,達興材料,445.0,449.0,423.0,426.0,762,12,0,-19,11.29,88.7,100.0
2026-05-27,5236,凌陽創新,187.5,188.0,181.0,186.0,459,19,0,-1,6.27,93.72,100.0
2026-05-27,5240,建騰,26.0,26.3,24.4,24.6,32,0,0,0,0.0,0.0,0.0
2026-05-27,5243,乙盛-KY,134.5,142.0,124.0,127.0,9949,-143,0,-149,57.05,42.94,100.0
2026-05-27,5244,弘凱,40.3,40.55,38.85,38.95,496,-96,0,1,1.95,98.04,100.0
2026-05-27,5245,智晶,26.85,26.85,25.8,25.8,153,-17,0,0,3.14,96.85,100.0
2026-05-27,5246,勵威,209.45,210.0,179.0,184.0,1112,0,0,0,0.0,0.0,0.0
2026-05-27,5248,景傳,46.86,48.5,43.75,44.95,182,-7,0,0,0.0,0.0,0.0
2026-05-27,5251,天鉞電,27.7,27.7,26.65,26.8,134,-58,0,0,28.56,71.43,100.0
2026-05-27,5254,欣訊科技,44.07,44.95,43.2,43.95,71,-1,0,0,0.0,0.0,0.0
2026-05-27,5258,虹堡,57.3,57.8,51.6,52.0,3663,646,0,5,5.03,94.96,100.0
2026-05-27,5262,立達,52.28,52.9,51.0,51.4,199,-23,0,0,0.0,0.0,0.0
2026-05-27,5263,智崴,108.0,109.0,104.0,107.0,320,22,0,0,15.23,84.76,100.0
2026-05-27,5267,龍翩,73.2,80.3,61.7,68.0,720,-50,0,0,0.0,0.0,0.0
2026-05-27,5269,祥碩,1565.0,1575.0,1485.0,1495.0,2429,-24,78,-31,7.86,92.13,100.0
2026-05-27,5271,紘通,19.43,20.0,18.55,18.55,1858,-92,0,0,0.0,0.0,0.0
2026-05-27,5272,笙科,22.6,23.2,22.15,22.8,255,28,0,0,3.4,96.59,100.0
2026-05-27,5274,信驊,18065.0,18450.0,17510.0,18230.0,343,123,-19,2,53.68,46.31,100.0
2026-05-27,5276,達輝-KY,19.8,20.65,19.65,19.9,51,-5,0,-1,76.99,23.0,100.0
2026-05-27,5278,尚凡,23.0,23.0,22.45,22.45,457,-106,0,0,0.52,99.47,100.0
2026-05-27,5278,尚凡*,23.0,23.0,22.45,22.45,457,-106,0,0,0.52,99.47,100.0
2026-05-27,5283,禾聯碩,52.2,52.2,51.7,52.0,114,-35,0,0,1.27,98.72,100.0
2026-05-27,5284,jpp-KY,420.0,442.0,415.0,442.0,1626,301,0,103,54.79,45.2,100.0
2026-05-27,5285,界霖,92.6,92.7,87.0,90.0,9547,-326,0,-2,5.78,94.21,100.0
2026-05-27,5287,數字,150.0,150.5,149.0,149.5,103,-30,0,0,16.6,83.39,100.0
2026-05-27,5288,豐祥-KY,153.5,155.0,152.0,153.5,192,-32,0,0,58.5,41.49,100.0
2026-05-27,5289,宜鼎,1790.0,1830.0,1675.0,1700.0,4154,-619,-42,-8,23.24,76.75,100.0
2026-05-27,5291,邑昇,75.5,75.7,72.5,73.6,1017,37,0,-2,4.55,95.44,100.0
2026-05-27,5292,華懋,223.0,227.5,222.0,225.5,234,-8,0,1,6.53,93.46,100.0
2026-05-27,5297,廣化,135.99,144.5,127.0,130.5,1118,29,0,0,0.0,0.0,0.0
2026-05-27,5299,杰力,130.0,140.0,118.0,119.0,5441,-62,0,0,2.67,97.32,100.0
2026-05-27,5301,寶得利,6.71,6.71,6.6,6.71,51,2,0,0,2.09,97.9,100.0
2026-05-27,5302,太欣,10.35,10.35,9.96,9.96,605,-24,0,0,0.72,99.27,100.0
2026-05-27,5306,桂盟,82.4,82.6,82.1,82.3,153,-45,0,3,12.48,87.51,100.0
2026-05-27,5309,系統電,69.0,71.9,67.9,68.5,14997,1981,0,250,10.24,89.75,100.0
2026-05-27,5310,天剛,23.5,23.75,22.5,23.75,19,0,0,0,0.06,99.93,100.0
2026-05-27,5312,寶島科,95.6,95.6,93.6,93.7,35,-3,0,0,7.73,92.26,100.0
2026-05-27,5314,世紀*,63.4,64.0,61.7,62.3,3046,-159,0,-8,12.65,87.34,100.0
2026-05-27,5315,光聯,22.15,22.2,21.8,21.9,363,-173,0,0,8.88,91.11,100.0
2026-05-27,5321,美而快,51.7,51.7,51.7,51.7,200,-2,0,0,1.49,98.5,100.0
2026-05-27,5324,士開,11.9,11.95,11.85,11.95,387,1,0,0,5.23,94.76,100.0
2026-05-27,5328,華容,35.7,37.2,34.15,35.55,31463,-2361,0,463,6.19,93.8,100.0
2026-05-27,5340,建榮,110.0,110.5,102.5,103.0,2924,-349,0,-26,49.5,50.49,100.0
2026-05-27,5344,立衛,15.6,15.95,15.55,15.7,54,4,0,0,0.14,99.85,100.0
2026-05-27,5345,天揚,18.95,18.95,18.6,18.6,6,-1,0,0,0.0,99.99,100.0
2026-05-27,5345,馥鴻,18.95,18.95,18.6,18.6,6,-1,0,0,0.0,99.99,100.0
2026-05-27,5347,世界,169.5,171.5,165.5,166.0,32749,7695,-1603,595,28.58,71.41,100.0
2026-05-27,5348,正能量智能,15.15,15.3,15.15,15.2,4,0,0,0,0.02,99.97,100.0
2026-05-27,5351,鈺創,87.0,89.2,81.9,82.6,27211,875,0,2,18.64,81.35,100.0
2026-05-27,5353,台林,26.6,27.2,26.6,27.0,133,-5,0,0,0.57,99.42,100.0
2026-05-27,5355,佳總,6.55,6.55,6.21,6.49,172,-8,0,0,0.18,99.81,100.0
2026-05-27,5356,協益,27.1,27.2,27.0,27.0,51,-7,0,0,3.29,96.7,100.0
2026-05-27,5364,力麗店,8.64,8.96,8.45,8.65,435,30,0,0,0.52,99.47,100.0
2026-05-27,5371,中光電,72.5,73.2,71.0,71.5,4352,-147,0,-29,19.53,80.46,100.0
2026-05-27,5381,光譜,27.2,27.3,26.2,26.2,1319,-12,0,0,0.9,99.09,100.0
2026-05-27,5386,青雲,588.0,603.0,564.0,587.0,3188,42,0,1,3.58,96.41,100.0
2026-05-27,5388,中磊,86.0,86.0,83.0,83.3,3902,800,0,-7,19.89,80.07,100.0
2026-05-27,5392,能率,43.2,43.4,41.3,41.35,3667,-829,0,-9,10.27,89.72,100.0
2026-05-27,5398,慕康生醫,17.45,17.45,16.9,17.05,76,-5,0,0,5.51,94.48,100.0
2026-05-27,5403,中菲,85.0,85.1,84.3,84.5,187,-40,0,0,6.08,93.91,100.0
2026-05-27,5410,國眾,38.0,38.75,37.7,38.35,768,198,0,8,9.61,90.38,100.0
2026-05-27,5425,台半,108.5,110.5,98.4,104.5,69103,-760,0,129,19.98,80.01,100.0
2026-05-27,5426,振發,19.0,19.0,18.35,18.4,594,-21,0,0,2.4,97.59,100.0
2026-05-27,5432,新門,141.5,141.5,136.5,137.0,99,-13,0,0,0.9,99.09,100.0
2026-05-27,5434,崇越,481.0,481.0,468.0,473.5,1116,-337,-3,1,31.26,68.73,100.0
2026-05-27,5438,東友,19.7,21.0,19.3,19.3,628,-203,0,1,1.06,98.93,100.0
2026-05-27,5439,高技,398.5,401.0,380.0,385.5,3011,-668,-16,-22,19.5,80.49,100.0
2026-05-27,5443,均豪,130.5,131.0,125.5,126.5,5349,-435,0,-108,8.91,91.08,100.0
2026-05-27,5450,寶聯通,12.6,12.65,12.5,12.5,61,-1,0,0,0.12,99.87,100.0
2026-05-27,5450,南良,12.6,12.65,12.5,12.5,61,-1,0,0,0.12,99.87,100.0
2026-05-27,5452,佶優,33.8,33.85,32.7,32.85,1532,-138,0,10,16.28,83.71,100.0
2026-05-27,5455,昇益,22.55,22.55,22.5,22.55,3003,1,0,0,0.1,99.89,100.0
2026-05-27,5457,宣德,30.35,30.55,29.25,29.45,1518,-859,0,-18,28.08,71.91,100.0
2026-05-27,5460,同協,15.2,15.55,15.0,15.05,65,-4,0,0,0.37,99.62,100.0
2026-05-27,5464,霖宏,73.1,73.1,71.1,71.1,424,-10,0,0,4.05,95.94,100.0
2026-05-27,5465,富驊,25.7,26.8,25.35,26.8,340,46,0,9,2.33,97.66,100.0
2026-05-27,5468,凱鈺,17.95,17.95,17.15,17.3,116,2,0,0,0.17,99.82,100.0
2026-05-27,5469,瀚宇博,83.8,89.9,83.4,87.0,12693,653,0,180,11.75,88.24,100.0
2026-05-27,5471,松翰,52.8,55.8,51.6,55.8,4231,-187,0,5,13.56,86.43,100.0
2026-05-27,5474,聰泰,171.0,172.0,163.5,165.0,394,-34,0,-3,2.0,97.99,100.0
2026-05-27,5475,德宏,311.0,311.5,284.5,286.5,5207,-798,0,22,5.22,94.77,100.0
2026-05-27,5478,智冠,98.4,98.4,97.0,97.0,163,-37,0,3,17.89,82.1,100.0
2026-05-27,5481,新華,19.3,19.8,18.95,19.15,113,-26,0,0,25.74,74.25,100.0
2026-05-27,5483,中美晶,168.0,168.5,160.5,162.0,31685,-3537,6,-255,22.53,77.46,100.0
2026-05-27,5484,慧友,51.0,51.0,48.3,48.9,2478,152,0,6,2.09,97.9,100.0
2026-05-27,5487,通泰,26.9,27.5,26.9,27.3,83,0,0,0,0.59,99.4,100.0
2026-05-27,5488,松普,12.2,12.25,11.5,11.85,890,96,0,-8,1.75,98.24,100.0
2026-05-27,5489,彩富,39.5,39.5,39.1,39.15,70,-5,0,0,1.38,98.61,100.0
2026-05-27,5490,同亨,29.25,29.45,28.75,28.75,440,-123,0,7,7.27,92.72,100.0
2026-05-27,5493,三聯,91.7,91.8,88.7,90.2,356,-35,0,-5,2.45,97.54,100.0
2026-05-27,5498,凱崴,72.0,72.2,67.1,68.8,7765,-929,0,-15,3.18,96.81,100.0
2026-05-27,5508,永信建,47.55,47.8,46.8,46.8,663,-162,-3,0,3.4,96.59,100.0
2026-05-27,5511,德昌,71.1,72.0,71.1,72.0,208,-30,0,0,4.29,95.7,100.0
2026-05-27,5512,力麒,7.02,7.14,6.93,6.96,1594,-560,0,0,4.84,95.15,100.0
2026-05-27,5514,三豐,15.0,15.5,14.6,14.7,151,-14,0,0,0.02,99.97,100.0
2026-05-27,5515,建國,40.6,41.05,40.3,40.6,509,244,-3,21,12.37,87.62,100.0
2026-05-27,5516,雙喜,10.25,10.25,10.15,10.25,24,-1,0,0,0.07,99.92,100.0
2026-05-27,5519,隆大,32.25,32.4,32.1,32.1,454,-118,0,1,4.27,95.72,100.0
2026-05-27,5520,力泰,82.2,82.8,82.2,82.2,26,8,0,0,0.03,99.96,100.0
2026-05-27,5521,工信,10.3,10.45,10.2,10.3,3331,252,0,3,7.44,92.55,100.0
2026-05-27,5522,遠雄,71.2,71.3,70.3,71.2,531,162,-1,32,4.45,95.54,100.0
2026-05-27,5523,豐謙,30.2,30.45,30.15,30.45,205,2,0,0,0.13,99.86,100.0
2026-05-27,5525,順天,21.0,21.35,20.55,21.0,459,8,0,0,1.66,98.33,100.0
2026-05-27,5529,鉅陞,23.6,23.85,22.8,22.8,91,-2,0,6,0.55,99.44,100.0
2026-05-27,5530,龍巖,47.15,47.4,46.2,46.4,1028,-347,0,0,54.14,45.85,100.0
2026-05-27,5531,鄉林,7.7,7.7,7.56,7.64,600,-145,0,-2,2.52,97.47,100.0
2026-05-27,5533,皇鼎,13.8,13.9,13.8,13.85,232,-65,0,0,2.68,97.31,100.0
2026-05-27,5534,長虹,75.5,75.7,74.5,75.1,1237,-190,0,-18,8.98,91.01,100.0
2026-05-27,5536,聖暉*,1050.0,1130.0,1005.0,1110.0,3797,-327,1067,44,37.68,62.31,100.0
2026-05-27,5538,東明-KY,36.4,36.4,34.45,34.85,53,0,0,0,63.8,36.19,100.0
2026-05-27,5543,桓鼎-KY,31.0,31.0,29.8,30.4,17,-1,0,0,0.03,99.96,100.0
2026-05-27,5546,永固-KY,16.55,16.65,16.15,16.3,38,7,0,0,53.7,46.29,100.0
2026-05-27,5547,久舜,21.6,21.6,21.5,21.55,29,0,0,0,0.16,99.83,100.0
2026-05-27,5548,安倉,23.25,23.5,23.25,23.3,27,-1,0,0,0.23,99.76,100.0
2026-05-27,5601,台聯櫃,34.5,34.5,33.0,33.1,55,0,0,0,4.43,95.56,100.0
2026-05-27,5603,陸海,15.45,15.45,15.1,15.15,143,-33,0,0,5.01,94.98,100.0
2026-05-27,5604,中連貨,31.2,31.5,31.1,31.4,24,-1,0,0,3.04,96.95,100.0
2026-05-27,5604,中連,31.2,31.5,31.1,31.4,24,-1,0,0,3.04,96.95,100.0
2026-05-27,5607,遠雄港,50.9,50.9,49.95,50.2,622,64,0,8,3.05,96.94,100.0
2026-05-27,5608,四維航,14.65,14.7,14.35,14.45,1725,-11,0,-50,5.03,42.46,47.5
2026-05-27,5609,中菲行,80.4,80.9,80.2,80.2,206,27,0,-3,14.51,85.48,100.0
2026-05-27,5701,劍湖山,3.36,3.4,3.3,3.31,68,0,0,0,0.0,99.99,100.0
2026-05-27,5703,亞都,0.0,0.0,0.0,0.0,0,0,0,0,6.62,93.37,100.0
2026-05-27,5704,老爺知,21.2,21.4,21.05,21.15,20,-4,0,0,0.17,99.82,100.0
2026-05-27,5706,鳳凰,50.8,50.8,49.85,49.9,294,-131,0,0,1.37,98.62,100.0
2026-05-27,5859,遠壽,13.66,13.9,13.55,13.75,135,0,0,0,0.0,0.0,0.0
2026-05-27,5863,瑞興銀,10.86,11.25,10.65,11.0,32,1,0,0,0.0,0.0,0.0
2026-05-27,5864,致和證,36.0,38.6,35.8,38.6,13032,3253,0,0,5.79,94.2,100.0
2026-05-27,5871,中租-KY,108.0,109.5,107.0,107.0,10109,-2474,974,31,45.82,54.17,100.0
2026-05-27,5876,上海商銀,39.5,39.6,39.15,39.45,14835,-8692,4977,-35,53.8,46.19,100.0
2026-05-27,5878,台名,40.8,41.2,40.7,40.7,14,0,0,0,0.59,99.4,100.0
2026-05-27,5880,合庫金,22.7,22.8,22.65,22.75,16022,-3174,42,259,15.16,84.83,100.0
2026-05-27,5902,德記,37.4,37.5,35.0,36.8,297,-7,0,0,1.18,98.81,100.0
2026-05-27,5903,全家,187.0,187.5,187.0,187.5,50,-12,0,0,50.93,49.06,100.0
2026-05-27,5904,寶雅,552.0,563.0,540.0,557.0,451,6,103,24,28.77,71.22,100.0
2026-05-27,5905,南仁湖,7.88,8.0,7.82,7.83,872,-126,0,0,1.28,98.71,100.0
2026-05-27,5906,台南-KY,0.0,0.0,0.0,0.0,0,0,0,0,19.36,80.63,100.0
2026-05-27,5907,大洋-KY,5.02,5.15,5.01,5.02,329,-13,0,0,52.04,47.95,100.0
2026-05-27,6005,群益證,33.35,35.25,33.25,35.0,21539,6624,-1212,0,17.11,82.88,100.0
2026-05-27,6015,宏遠證,16.65,17.95,16.65,17.95,15480,4846,0,0,9.14,90.85,100.0
2026-05-27,6016,康和證,25.1,26.7,25.1,26.7,25624,6128,0,0,12.06,87.93,100.0
2026-05-27,6020,大展證,22.4,24.1,22.4,23.5,310,0,0,0,0.01,99.98,100.0
2026-05-27,6021,美好證,32.6,34.95,32.4,34.9,632,200,0,0,7.52,92.47,100.0
2026-05-27,6023,元大期,98.2,99.7,98.0,98.8,198,87,0,0,1.95,98.04,100.0
2026-05-27,6024,群益期,56.1,57.1,56.1,56.8,448,46,0,0,3.9,96.09,100.0
2026-05-27,6026,福邦證,15.85,16.65,15.8,16.45,8382,2414,0,0,6.31,93.68,100.0
2026-05-27,6027,德信,11.79,13.15,12.0,13.0,140,0,0,0,0.0,0.0,0.0
2026-05-27,6028,公勝保經,79.5,79.5,78.5,78.6,24,0,0,0,0.65,99.34,100.0
2026-05-27,6035,悠遊卡,50.87,52.5,50.4,52.4,4,0,0,0,0.0,0.0,0.0
2026-05-27,6101,寬魚國際,41.45,41.5,39.8,40.6,185,-14,0,0,0.4,99.59,100.0
2026-05-27,6103,合邦,0.0,0.0,0.0,0.0,0,0,0,0,0.71,99.28,100.0
2026-05-27,6104,創惟,103.0,103.0,98.2,99.0,2293,-875,0,-39,11.64,88.35,100.0
2026-05-27,6108,競國,19.8,20.0,19.25,19.65,1763,-261,0,8,4.44,95.55,100.0
2026-05-27,6109,亞元,10.75,10.75,10.5,10.65,314,-7,0,0,1.91,98.08,100.0
2026-05-27,6111,光聚晶電,45.05,46.05,45.0,45.4,360,57,0,-1,10.3,89.69,100.0
2026-05-27,6112,邁達特,42.4,42.8,42.0,42.2,506,-180,0,3,0.91,99.08,100.0
2026-05-27,6113,亞矽,26.9,27.75,26.8,26.9,558,109,0,0,3.1,96.89,100.0
2026-05-27,6114,久威,30.55,30.6,29.8,29.8,132,-1,0,0,0.74,99.25,100.0
2026-05-27,6115,鎰勝,47.3,47.4,47.1,47.2,162,45,0,0,5.47,94.52,100.0
2026-05-27,6116,彩晶,13.9,14.85,12.9,14.5,293314,-20473,0,2102,7.15,92.84,100.0
2026-05-27,6117,迎廣,95.5,95.5,85.5,85.5,4327,-1105,0,-14,1.99,98.0,100.0
2026-05-27,6118,建達,18.6,18.6,17.9,17.95,550,-24,0,0,1.47,98.52,100.0
2026-05-27,6120,達運,14.1,14.3,13.55,13.9,4557,-124,0,-36,8.52,91.47,100.0
2026-05-27,6121,新普,398.5,398.5,390.5,396.5,969,-35,92,4,37.08,62.91,100.0
2026-05-27,6122,擎邦,47.4,47.4,46.6,46.85,430,-176,0,-5,4.49,95.5,100.0
2026-05-27,6123,上奇,43.9,43.9,43.05,43.05,115,-22,0,0,2.6,97.39,100.0
2026-05-27,6124,業強,29.85,29.9,29.4,29.75,75,22,0,0,50.95,49.04,100.0
2026-05-27,6125,廣運,69.5,71.6,65.5,65.8,5804,647,0,-103,9.87,90.12,100.0
2026-05-27,6126,信音,36.6,36.6,34.6,35.1,2290,-611,0,-89,3.65,96.34,100.0
2026-05-27,6127,九豪,62.5,62.5,55.8,56.9,39187,-500,0,101,9.19,90.8,100.0
2026-05-27,6128,上福,18.7,20.25,18.7,19.3,314,56,0,2,4.39,95.6,100.0
2026-05-27,6129,普誠,15.6,15.65,15.2,15.25,689,94,0,0,2.73,97.26,100.0
2026-05-27,6130,上亞科技,23.6,23.6,22.05,22.05,117,-37,0,0,0.5,99.49,100.0
2026-05-27,6133,金橋,23.85,23.85,23.15,23.3,1258,105,0,0,2.01,97.98,100.0
2026-05-27,6134,萬旭,33.0,33.5,31.9,33.3,1101,213,0,0,25.94,74.05,100.0
2026-05-27,6136,富爾特,25.9,26.0,25.6,25.7,463,131,0,11,3.72,96.27,100.0
2026-05-27,6138,茂達,376.0,377.0,354.0,355.5,3007,-125,120,-45,17.18,82.81,100.0
2026-05-27,6139,亞翔,840.0,840.0,804.0,811.0,5330,-1342,605,-13,30.22,69.77,100.0
2026-05-27,6140,訊達,19.7,20.0,19.55,19.55,97,-25,0,0,1.64,98.35,100.0
2026-05-27,6141,柏承,39.25,39.3,37.55,39.3,6924,1347,0,-4,4.23,95.76,100.0
2026-05-27,6142,友勁,8.05,8.2,7.99,8.0,693,156,0,-1,2.49,97.5,100.0
2026-05-27,6143,振曜,99.7,101.0,98.3,100.0,1377,259,0,12,9.84,90.15,100.0
2026-05-27,6144,得利影,15.15,15.15,14.3,14.55,12,0,0,0,33.4,66.59,100.0
2026-05-27,6146,耕興,225.0,230.5,222.0,223.0,1050,35,0,0,30.55,69.44,100.0
2026-05-27,6147,頎邦,272.0,281.0,258.0,265.0,81924,6092,1899,-170,23.74,76.25,100.0
2026-05-27,6148,驊宏資,29.4,29.4,28.25,28.5,215,-29,0,0,2.67,97.32,100.0
2026-05-27,6150,撼訊,70.1,70.9,66.8,66.8,1267,-492,0,-98,5.94,94.05,100.0
2026-05-27,6151,晉倫,46.45,47.5,44.3,44.7,1724,-13,0,0,4.72,95.27,100.0
2026-05-27,6152,百一,15.3,15.3,14.9,14.95,1501,278,0,0,1.77,98.22,100.0
2026-05-27,6153,嘉聯益,18.85,19.0,18.0,18.25,3969,17,0,2,11.77,88.22,100.0
2026-05-27,6154,順發,13.45,13.45,13.35,13.35,25,1,0,0,0.71,99.28,100.0
2026-05-27,6155,鈞寶,59.4,61.1,57.7,58.7,6183,-243,0,-1,9.45,90.54,100.0
2026-05-27,6156,松上,19.0,19.0,18.45,18.6,668,-124,0,0,4.76,95.23,100.0
2026-05-27,6158,禾昌,18.05,18.05,17.6,18.0,131,-59,0,0,0.7,99.29,100.0
2026-05-27,6160,欣技,16.45,16.5,16.05,16.15,174,15,0,0,3.97,96.02,100.0
2026-05-27,6161,捷波,63.8,64.3,59.6,60.1,3317,-129,0,-10,3.24,96.75,100.0
2026-05-27,6163,華電網,51.0,51.0,49.5,50.2,3940,-108,0,-40,2.97,97.02,100.0
2026-05-27,6164,華興,12.3,12.35,12.0,12.1,549,-111,0,0,4.76,95.23,100.0
2026-05-27,6165,浪凡,49.4,49.4,47.95,48.1,618,-181,0,0,17.6,82.39,100.0
2026-05-27,6166,凌華,135.5,138.5,132.0,136.0,2753,191,0,-8,19.94,80.05,100.0
2026-05-27,6167,久正,12.25,12.25,11.9,11.9,740,-375,0,0,4.6,95.39,100.0
2026-05-27,6168,宏齊,28.75,28.85,27.8,28.0,4786,-438,0,7,3.96,96.03,100.0
2026-05-27,6169,昱泉,14.35,14.35,13.6,13.7,54,-7,0,0,0.16,99.83,100.0
2026-05-27,6170,統振,50.2,50.6,50.0,50.3,220,9,0,0,2.57,97.42,100.0
2026-05-27,6171,大城地產,23.65,23.65,23.2,23.35,16,0,0,0,0.16,99.83,100.0
2026-05-27,6173,信昌電,230.0,240.0,224.5,226.0,1566,136,0,24,24.82,75.17,100.0
2026-05-27,6174,安碁,47.8,47.9,44.5,46.65,3992,16,0,0,4.17,95.82,100.0
2026-05-27,6175,立敦,94.8,98.5,92.7,97.4,10826,-44,0,106,21.92,78.07,100.0
2026-05-27,6176,瑞儀,105.0,105.5,101.5,101.5,6731,-1414,-576,-265,24.04,75.95,100.0
2026-05-27,6177,達麗,42.2,42.7,41.8,42.55,2290,451,-417,8,6.44,93.55,100.0
2026-05-27,6179,亞通,24.35,24.5,23.7,23.8,1981,-261,0,-41,4.75,95.24,100.0
2026-05-27,6180,橘子,40.15,40.45,39.75,39.95,875,-382,0,-2,22.99,77.0,100.0
2026-05-27,6182,合晶,85.4,92.8,79.3,90.2,210083,16103,5558,-486,21.47,78.52,100.0
2026-05-27,6183,關貿,91.8,91.8,91.2,91.3,23,-1,0,2,1.03,98.96,100.0
2026-05-27,6184,大豐電,45.8,46.0,45.7,45.8,81,9,0,0,2.75,16.24,19.0
2026-05-27,6185,幃翔,13.85,13.9,13.75,13.8,255,-17,0,0,1.9,98.09,100.0
2026-05-27,6186,新潤,40.05,40.05,39.3,39.35,995,-467,0,-1,2.26,97.73,100.0
2026-05-27,6187,萬潤,1170.0,1175.0,1100.0,1130.0,3061,-414,-92,-1,30.39,69.6,100.0
2026-05-27,6188,廣明,86.4,86.6,83.0,83.9,2630,-476,-546,15,9.18,90.81,100.0
2026-05-27,6189,豐藝,51.8,52.0,49.9,50.1,1585,-379,-19,2,8.16,91.83,100.0
2026-05-27,6190,萬泰科,78.9,80.5,77.0,80.4,9392,2137,0,204,12.07,87.92,100.0
2026-05-27,6191,精成科,96.3,100.5,96.2,98.0,14358,1966,381,205,5.06,94.93,100.0
2026-05-27,6192,巨路,132.0,133.0,126.0,127.5,610,-25,0,-1,25.49,74.5,100.0
2026-05-27,6194,育富,35.3,35.3,34.5,34.5,117,-15,0,0,2.69,97.3,100.0
2026-05-27,6195,詩肯,26.0,26.1,25.85,26.1,47,1,0,0,45.01,54.98,100.0
2026-05-27,6196,帆宣,523.0,523.0,491.0,500.0,3485,-253,402,-81,16.88,83.11,100.0
2026-05-27,6197,佳必琪,279.5,291.0,277.5,281.5,5861,871,0,-39,9.19,90.8,100.0
2026-05-27,6198,瑞築,21.1,21.3,20.9,21.3,39,0,0,0,0.04,99.95,100.0
2026-05-27,6199,天品,96.4,97.7,92.6,94.4,468,-38,0,-7,5.58,94.41,100.0
2026-05-27,6201,亞弘電,51.1,51.1,47.7,47.8,100,-28,0,0,1.13,98.86,100.0
2026-05-27,6202,盛群,62.0,62.6,59.8,60.4,5023,1171,0,4,12.61,87.38,100.0
2026-05-27,6203,海韻電,72.2,72.2,70.5,70.8,260,-15,0,-1,2.95,97.04,100.0
2026-05-27,6204,艾華,85.1,91.0,85.0,90.1,869,247,0,0,2.28,97.71,100.0
2026-05-27,6205,詮欣,84.3,84.4,79.4,81.0,2445,-92,0,1,1.47,98.52,100.0
2026-05-27,6206,飛捷,141.0,143.5,138.5,138.5,2117,572,-7,35,15.5,84.49,100.0
2026-05-27,6207,雷科,112.0,112.5,101.0,103.5,22265,-1313,0,-128,13.65,86.34,100.0
2026-05-27,6208,日揚,99.1,99.1,93.0,93.0,1641,-194,0,0,2.26,97.73,100.0
2026-05-27,6209,今國光,81.5,82.6,78.0,81.9,14859,-1818,0,145,7.72,92.27,100.0
2026-05-27,6210,慶生,21.2,21.4,20.6,21.2,17,0,0,0,0.23,99.76,100.0
2026-05-27,6212,理銘,27.6,27.6,27.6,27.6,2,0,0,0,0.47,99.52,100.0
2026-05-27,6213,聯茂,281.0,285.5,271.0,276.5,20941,5101,-71,280,12.77,87.19,100.0
2026-05-27,6214,精誠,130.0,130.5,127.0,129.0,1384,-17,0,9,12.3,87.69,100.0
2026-05-27,6215,和椿,136.0,136.0,129.0,130.5,3940,-361,0,-16,9.44,90.55,100.0
2026-05-27,6216,居易,22.7,22.7,22.2,22.2,319,-141,0,1,2.85,97.14,100.0
2026-05-27,6217,中探針,285.0,285.0,273.0,276.0,1115,179,0,43,18.95,81.04,100.0
2026-05-27,6218,豪勉,39.6,43.2,38.3,43.2,4906,383,0,22,2.94,97.05,100.0
2026-05-27,6219,富旺,11.85,11.95,11.7,11.95,373,-42,0,0,1.56,98.43,100.0
2026-05-27,6220,岳豐,32.45,34.9,32.45,34.9,1181,41,0,22,4.36,95.63,100.0
2026-05-27,6221,晉泰,23.45,23.6,22.75,22.9,240,-30,0,0,1.16,98.83,100.0
2026-05-27,6222,立軒,20.9,21.0,20.7,20.7,20,2,0,0,0.12,99.87,100.0
2026-05-27,6223,旺矽,6400.0,6645.0,6280.0,6390.0,965,17,37,13,29.64,70.35,100.0
2026-05-27,6224,聚鼎,82.7,82.7,80.1,80.7,1052,90,0,1,4.46,95.53,100.0
2026-05-27,6225,天瀚,26.15,26.15,26.15,26.15,3,0,0,0,0.04,99.95,100.0
2026-05-27,6226,光鼎,13.45,13.7,13.1,13.4,2148,463,0,1,2.28,97.71,100.0
2026-05-27,6227,茂綸,129.5,131.5,122.0,125.0,1545,-29,0,7,5.83,94.16,100.0
2026-05-27,6228,全譜,21.05,21.05,20.95,20.95,10,0,0,0,0.18,99.81,100.0
2026-05-27,6229,研通,28.15,28.15,26.4,26.5,544,-35,0,0,1.66,98.33,100.0
2026-05-27,6230,尼得科超眾,145.5,145.5,136.5,137.0,146,-19,0,1,86.96,13.03,100.0
2026-05-27,6231,系微,303.5,304.0,292.0,297.0,854,-94,0,0,12.96,87.03,100.0
2026-05-27,6233,旺玖,26.2,26.4,25.4,25.4,560,55,0,0,5.98,94.01,100.0
2026-05-27,6234,高僑,59.6,59.6,53.1,54.2,11253,-2282,0,-5,10.43,89.56,100.0
2026-05-27,6235,華孚,41.0,41.0,39.8,39.9,1193,-273,0,-1,4.26,95.73,100.0
2026-05-27,6236,中湛,0.0,0.0,0.0,0.0,0,0,0,0,0.02,99.97,100.0
2026-05-27,6237,驊訊,53.8,54.4,50.8,51.1,1870,94,0,-9,11.46,88.53,100.0
2026-05-27,6239,力成,343.0,353.5,332.0,340.5,76518,1857,804,-380,34.96,65.03,100.0
2026-05-27,6240,松崗,18.2,18.95,17.9,18.15,38,3,0,0,0.28,99.71,100.0
2026-05-27,6241,鑫永洋,10.4,10.55,10.05,10.1,283,6,0,0,0.15,99.84,100.0
2026-05-27,6242,立康,38.3,38.3,37.55,38.05,24,1,0,0,0.49,99.5,100.0
2026-05-27,6243,迅杰,35.5,35.65,34.4,34.55,349,-82,0,0,2.85,97.14,100.0
2026-05-27,6244,茂迪,30.1,30.25,28.9,29.35,6799,510,0,-62,18.74,81.25,100.0
2026-05-27,6245,立端,91.9,94.3,90.1,90.6,2656,240,0,13,13.67,86.32,100.0
2026-05-27,6246,臺龍,15.9,16.05,15.45,15.75,52,-1,0,0,0.18,99.81,100.0
2026-05-27,6248,沛波,18.65,18.65,18.4,18.4,146,-40,0,0,0.77,99.22,100.0
2026-05-27,6257,矽格,242.0,242.0,230.5,233.5,12315,-1374,-103,-854,28.85,71.14,100.0
2026-05-27,6259,百徽,26.15,28.1,26.15,27.05,745,14,0,10,39.01,60.98,100.0
2026-05-27,6261,久元,125.0,125.0,117.5,118.0,4147,-646,0,-53,5.36,94.63,100.0
2026-05-27,6263,普萊德,185.5,186.5,182.0,184.0,254,-1,0,-2,1.67,98.32,100.0
2026-05-27,6264,富裔,5.97,6.15,5.9,6.08,84,-17,0,0,0.02,99.97,100.0
2026-05-27,6265,方土昶,57.0,58.1,53.9,55.0,22511,-504,0,89,10.12,89.87,100.0
2026-05-27,6266,泰詠,27.65,27.7,27.15,27.15,374,25,0,0,2.1,97.89,100.0
2026-05-27,6269,台郡,64.3,65.0,62.2,62.8,3455,-38,0,108,17.89,82.1,100.0
2026-05-27,6270,倍微,27.4,27.4,26.55,26.9,509,159,0,0,3.8,96.19,100.0
2026-05-27,6271,同欣電,262.0,268.5,247.5,254.5,17972,20,0,-224,32.54,67.45,100.0
2026-05-27,6272,驊陞,33.5,34.2,33.3,34.2,342,-21,0,1,3.57,96.42,100.0
2026-05-27,6274,台燿,1640.0,1735.0,1575.0,1630.0,8228,-173,418,-49,37.98,62.01,100.0
2026-05-27,6275,元山,48.2,48.2,47.35,47.8,542,-69,0,-2,1.98,98.01,100.0
2026-05-27,6276,安鈦克,28.0,28.0,26.9,27.5,66,-1,0,0,1.6,98.39,100.0
2026-05-27,6277,宏正,78.0,78.0,75.2,75.8,449,-55,0,1,8.37,91.62,100.0
2026-05-27,6278,台表科,246.5,252.5,231.5,235.5,22431,-208,-1705,-412,17.78,82.21,100.0
2026-05-27,6279,胡連,117.0,119.0,116.0,116.5,641,-148,-7,-1,4.29,95.7,100.0
2026-05-27,6281,全國電,50.5,50.8,50.2,50.4,84,-13,0,-4,2.1,97.89,100.0
2026-05-27,6282,康舒,64.8,65.1,58.5,59.4,83823,-20633,-100,-922,19.79,80.2,100.0
2026-05-27,6283,淳安,24.55,24.55,23.3,23.35,546,-199,0,0,18.53,81.46,100.0
2026-05-27,6284,佳邦,120.0,120.0,110.0,113.0,7554,534,0,-164,17.29,82.7,100.0
2026-05-27,6285,啟碁,309.0,320.0,305.0,311.5,29309,4211,901,153,25.09,74.9,100.0
2026-05-27,6290,良維,338.0,339.0,323.0,328.5,10851,917,0,23,17.8,82.19,100.0
2026-05-27,6291,沛亨,645.0,645.0,625.0,645.0,1947,-106,0,22,3.27,96.72,100.0
2026-05-27,6292,迅德,57.0,62.5,57.0,62.5,1333,62,0,10,1.96,98.03,100.0
2026-05-27,6294,智基,28.2,28.2,27.95,27.95,15,-3,0,0,0.44,99.55,100.0
2026-05-27,6405,悅城,83.3,83.4,78.0,81.0,6789,-194,0,-5,4.65,95.34,100.0
2026-05-27,6407,相互,38.09,39.6,34.8,35.1,2262,-94,0,0,0.0,0.0,0.0
2026-05-27,6409,旭隼,703.0,732.0,699.0,707.0,1335,168,0,36,50.86,49.13,100.0
2026-05-27,6411,晶焱,105.0,105.0,98.7,101.0,4620,-284,0,2,8.5,91.49,100.0
2026-05-27,6412,群電,102.0,105.0,99.2,100.0,2578,515,0,-1,4.7,95.29,100.0
2026-05-27,6414,樺漢,358.5,363.5,354.0,360.0,1634,833,-2,-15,34.69,65.3,100.0
2026-05-27,6415,矽力*-KY,640.0,693.0,636.0,665.0,10171,-521,102,4,80.64,19.35,100.0
2026-05-27,6416,瑞祺電通,91.4,92.5,90.4,92.5,378,87,0,0,5.04,94.95,100.0
2026-05-27,6417,韋僑,147.0,147.0,141.0,144.5,190,7,0,0,10.56,89.43,100.0
2026-05-27,6418,詠昇,30.35,31.0,29.75,29.75,144,-11,0,0,3.25,96.74,100.0
2026-05-27,6419,京晨科,155.0,155.0,143.0,146.0,862,13,0,1,9.43,90.56,100.0
2026-05-27,6423,億而得-創,103.5,103.5,97.5,98.1,173,-3,0,0,4.22,95.77,100.0
2026-05-27,6423,億而得,103.5,103.5,97.5,98.1,173,-3,0,0,4.22,95.77,100.0
2026-05-27,6425,易發,108.5,109.0,100.0,102.5,10866,-492,0,-46,5.4,94.59,100.0
2026-05-27,6426,統新,290.0,291.0,273.0,280.5,3264,-438,0,0,8.64,91.35,100.0
2026-05-27,6428,台灣淘米,13.95,13.6,13.6,13.6,0,0,0,0,0.0,0.0,0.0
2026-05-27,6431,光麗-KY,19.5,20.1,19.3,19.35,110,-10,0,0,56.76,43.23,100.0
2026-05-27,6432,今展科,63.4,65.2,62.6,65.2,3368,8,0,1,7.27,92.72,100.0
2026-05-27,6434,達輝光電,19.33,19.5,18.0,18.5,1264,-8,0,0,0.0,0.0,0.0
2026-05-27,6435,大中,294.0,306.5,285.0,290.0,2639,360,0,6,14.04,85.95,100.0
2026-05-27,6438,迅得,176.0,176.5,170.5,171.5,998,3,0,-9,7.68,92.31,100.0
2026-05-27,6441,廣錠,27.5,27.75,25.0,25.45,854,-256,0,0,0.54,99.45,100.0
2026-05-27,6442,光聖,2280.0,2305.0,2040.0,2040.0,6267,-457,-12,-91,32.82,67.17,100.0
2026-05-27,6443,元晶,43.0,43.1,40.8,41.05,17215,-25,0,65,13.18,86.81,100.0
2026-05-27,6446,藥華藥,891.0,916.0,874.0,877.0,3144,621,36,-3,24.3,75.69,100.0
2026-05-27,6449,鈺邦,382.5,382.5,355.0,370.0,478,-57,73,-2,5.79,94.2,100.0
2026-05-27,6451,訊芯-KY,634.0,653.0,583.0,602.0,7794,-585,0,-19,67.82,32.17,100.0
2026-05-27,6456,GIS-KY,80.7,85.9,77.4,79.0,32121,-1731,0,145,46.06,53.93,100.0
2026-05-27,6461,益得,16.1,16.1,15.55,15.7,234,41,0,0,0.62,99.37,100.0
2026-05-27,6462,神盾,152.0,153.0,132.0,133.0,7321,-673,0,-144,21.83,78.16,100.0
2026-05-27,6464,台數科,77.6,78.3,77.6,77.6,19,5,0,0,0.76,19.22,19.99
2026-05-27,6465,威潤,51.4,51.5,48.8,50.9,521,112,0,0,2.25,97.74,100.0
2026-05-27,6467,泰合,124.75,126.5,117.0,122.0,289,1,0,0,0.0,0.0,0.0
2026-05-27,6469,大樹,70.4,70.5,69.4,69.6,763,-134,0,0,4.74,95.25,100.0
2026-05-27,6470,宇智,47.5,47.8,47.05,47.5,136,72,0,0,6.68,93.31,100.0
2026-05-27,6472,保瑞,356.5,358.5,339.0,346.5,1690,115,0,-7,10.06,89.93,100.0
2026-05-27,6473,美賣*,8.84,8.9,8.46,8.52,105,-45,0,0,0.0,0.0,0.0
2026-05-27,6474,華豫寧,38.15,38.8,38.0,38.15,52,0,0,0,0.1,99.89,100.0
2026-05-27,6477,安集,34.5,34.75,33.7,33.9,547,-70,0,1,2.86,97.13,100.0
2026-05-27,6482,弘煜科,28.8,28.8,28.3,28.3,24,-4,0,0,2.42,97.57,100.0
2026-05-27,6483,原創生醫,12.98,13.05,12.8,12.9,125,0,0,0,0.0,0.0,0.0
2026-05-27,6485,點序,116.5,117.5,106.5,108.0,3344,-271,0,-17,11.06,88.93,100.0
2026-05-27,6486,互動,81.4,81.4,80.6,80.8,216,-106,0,0,3.89,96.1,100.0
2026-05-27,6488,環球晶,883.0,949.0,854.0,930.0,23006,661,4659,-25,26.03,73.96,100.0
2026-05-27,6491,晶碩,325.0,327.0,318.0,325.0,775,50,58,11,11.15,88.84,100.0
2026-05-27,6492,生華科,44.6,44.75,43.5,44.3,280,108,0,0,6.49,93.5,100.0
2026-05-27,6493,雷虎生,28.42,28.2,27.9,28.1,62,3,0,0,0.0,0.0,0.0
2026-05-27,6494,九齊,58.5,58.8,57.0,58.8,421,102,0,-5,10.62,89.37,100.0
2026-05-27,6496,科懋,23.55,23.65,23.2,23.2,21,1,0,0,0.31,99.68,100.0
2026-05-27,6498,久禾光,106.0,106.5,102.0,103.5,210,22,0,0,2.69,97.3,100.0
2026-05-27,6499,益安,89.2,89.2,87.0,87.6,484,33,0,0,13.09,86.9,100.0
2026-05-27,6504,南六,37.9,38.15,37.5,37.5,174,4,0,0,0.98,99.01,100.0
2026-05-27,6505,台塑化,49.8,50.3,49.6,50.1,8193,2854,-444,86,5.97,94.02,100.0
2026-05-27,6506,雙邦,19.4,19.5,19.05,19.1,163,13,0,0,0.7,99.29,100.0
2026-05-27,6508,惠光,23.5,23.5,23.15,23.4,105,-29,0,0,0.87,99.12,100.0
2026-05-27,6509,聚和,52.8,52.8,50.9,51.2,3116,85,0,42,11.08,88.91,100.0
2026-05-27,6510,精測,3480.0,3560.0,3185.0,3195.0,1487,-53,-285,31,22.21,77.78,100.0
2026-05-27,6512,啟發電,19.55,19.7,19.3,19.3,17,0,0,0,0.07,99.92,100.0
2026-05-27,6515,穎崴,9795.0,9795.0,9795.0,9795.0,232,-12,-16,57,21.29,78.7,100.0
2026-05-27,6516,勤崴國際,55.4,55.8,55.0,55.4,95,12,0,0,1.11,98.88,100.0
2026-05-27,6517,保勝光學,61.2,61.2,59.0,59.1,282,-79,0,0,2.62,97.37,100.0
2026-05-27,6518,康科特,30.35,30.65,29.6,30.0,21,0,0,0,0.0,0.0,0.0
2026-05-27,6523,達爾膚,99.2,99.2,98.2,98.6,29,-3,0,0,1.47,98.52,100.0
2026-05-27,6525,捷敏-KY,138.0,138.0,126.0,129.5,5300,-542,-9,-26,14.97,85.02,100.0
2026-05-27,6526,達發,690.0,715.0,680.0,682.0,1731,-102,-37,-1,7.22,92.77,100.0
2026-05-27,6527,明達醫,71.0,71.0,70.0,70.4,35,-1,0,0,0.16,99.83,100.0
2026-05-27,6530,創威,118.5,118.5,109.5,113.0,2037,-553,0,0,4.48,95.51,100.0
2026-05-27,6531,愛普*,1135.0,1145.0,1055.0,1080.0,6994,298,365,-19,28.96,71.03,100.0
2026-05-27,6532,瑞耘,102.0,103.0,95.0,97.0,1712,-463,0,3,5.34,94.65,100.0
2026-05-27,6533,晶心科,238.5,240.0,226.5,228.0,840,-51,0,-2,12.83,87.16,100.0
2026-05-27,6534,正瀚-創,94.0,94.9,93.3,94.9,202,-89,0,1,40.77,59.22,100.0
2026-05-27,6535,順藥,127.0,129.5,122.5,124.0,276,1,0,0,5.64,94.35,100.0
2026-05-27,6536,碩豐,23.21,23.2,22.35,22.35,12,0,0,0,0.0,0.0,0.0
2026-05-27,6538,倉和,130.0,130.0,122.5,123.0,674,19,0,27,5.19,94.8,100.0
2026-05-27,6539,麗彤,43.02,44.0,42.6,42.6,9,0,0,0,0.0,0.0,0.0
2026-05-27,6541,泰福-KY,38.45,38.6,37.65,37.9,485,130,0,0,13.89,86.1,100.0
2026-05-27,6542,隆中,46.15,46.15,46.1,46.1,5,0,0,0,18.11,81.88,100.0
2026-05-27,6543,普惠醫工,22.05,22.0,21.2,21.3,71,3,0,0,0.0,0.0,0.0
2026-05-27,6546,正基,81.5,83.4,79.5,80.7,1817,328,0,15,9.56,90.43,100.0
2026-05-27,6547,高端疫苗,46.2,46.4,45.4,45.4,1678,-138,0,-6,9.58,90.41,100.0
2026-05-27,6548,長科*,60.8,63.5,59.6,61.1,28501,5368,0,-153,4.99,95.0,100.0
2026-05-27,6549,景凱,7.82,8.04,7.61,7.9,198,6,0,0,0.0,0.0,0.0
2026-05-27,6550,北極星藥業-KY,13.7,14.65,13.7,14.35,9751,794,0,41,68.52,31.47,100.0
2026-05-27,6552,易華電,36.9,38.0,36.1,36.55,1527,84,0,0,1.84,98.15,100.0
2026-05-27,6555,榮炭,21.14,21.0,19.9,20.35,371,-32,0,0,0.0,0.0,0.0
2026-05-27,6556,勝品,69.8,70.0,69.6,69.6,11,0,0,0,0.57,99.42,100.0
2026-05-27,6558,興能高,32.8,33.2,31.7,31.7,1080,10,0,1,1.21,98.78,100.0
2026-05-27,6559,研晶,28.25,29.25,23.45,25.65,449,-2,0,0,0.0,0.0,0.0
2026-05-27,6560,欣普羅,39.0,39.25,38.95,39.1,81,-6,0,0,5.07,94.92,100.0
2026-05-27,6561,是方,353.5,354.5,349.5,351.5,141,39,0,-1,6.33,93.66,100.0
2026-05-27,6563,映智,30.47,31.7,29.95,30.7,146,0,0,0,0.0,0.0,0.0
2026-05-27,6564,安特羅,17.58,17.95,17.2,17.55,135,0,0,0,0.0,0.0,0.0
2026-05-27,6565,物聯,19.94,20.65,19.5,20.6,127,-12,0,0,0.0,0.0,0.0
2026-05-27,6568,宏觀,250.0,250.0,226.0,227.0,1112,-329,0,-109,6.09,93.9,100.0
2026-05-27,6569,醫揚,96.2,99.2,96.1,98.1,109,8,0,0,3.12,96.87,100.0
2026-05-27,6570,維田,65.4,65.4,59.0,59.2,4221,-70,0,-313,1.76,98.23,100.0
2026-05-27,6572,博錸,8.68,9.14,8.48,8.89,135,0,0,0,0.0,0.0,0.0
2026-05-27,6573,虹揚-KY,14.1,14.3,13.45,13.5,257,-75,0,-2,54.79,45.2,100.0
2026-05-27,6574,霈方,115.0,117.5,115.0,117.0,60,24,0,3,0.8,99.19,100.0
2026-05-27,6576,逸達,78.3,78.7,77.5,78.1,151,-20,0,-1,22.3,77.69,100.0
2026-05-27,6577,勁豐,80.5,80.5,79.9,79.9,45,-5,0,0,1.05,98.94,100.0
2026-05-27,6578,達邦蛋白,17.15,17.15,16.65,16.65,92,-10,0,6,0.69,99.3,100.0
2026-05-27,6579,研揚,186.0,189.5,176.0,177.0,2962,-337,0,-7,3.53,96.46,100.0
2026-05-27,6580,台睿,15.32,16.0,14.8,15.35,173,0,0,0,0.0,0.0,0.0
2026-05-27,6581,鋼聯,107.0,107.0,106.5,106.5,8,4,0,-1,0.98,99.01,100.0
2026-05-27,6582,申豐,30.7,30.8,30.5,30.5,108,-30,0,1,12.95,87.04,100.0
2026-05-27,6583,友松,11.97,12.1,11.85,11.9,15,0,0,0,0.0,0.0,0.0
2026-05-27,6584,南俊國際,699.0,709.0,685.0,688.0,737,-104,-13,0,14.42,85.57,100.0
2026-05-27,6585,鼎基,95.2,95.6,93.8,94.4,101,-21,0,2,3.41,96.58,100.0
2026-05-27,6586,醣基,67.14,67.7,65.5,66.6,546,1,0,0,0.0,0.0,0.0
2026-05-27,6588,東典光電,137.0,137.0,127.5,128.0,995,-174,0,0,1.93,98.06,100.0
2026-05-27,6589,台康生技,41.45,41.45,40.25,40.85,1800,-777,0,3,5.56,94.43,100.0
2026-05-27,6590,普鴻,66.0,66.0,65.0,65.1,26,0,0,0,0.06,99.93,100.0
2026-05-27,6591,動力-KY,55.4,57.1,54.8,55.4,581,-161,0,0,20.28,79.71,100.0
2026-05-27,6592,和潤企業,61.0,61.0,60.0,60.4,670,99,0,5,26.08,73.91,100.0
2026-05-27,6593,台灣銘板,34.95,35.0,34.65,35.0,73,-11,0,0,1.47,98.52,100.0
2026-05-27,6595,光禹國際,31.32,31.75,30.3,31.45,4,0,0,0,0.0,0.0,0.0
2026-05-27,6596,寬宏藝術,97.5,97.5,96.6,96.6,220,-29,0,0,1.48,98.51,100.0
2026-05-27,6597,立誠,73.3,73.3,70.6,72.8,9,-2,0,0,0.0,99.99,100.0
2026-05-27,6598,ABC-KY,25.0,25.85,24.7,24.95,293,60,0,-3,23.82,76.17,100.0
2026-05-27,6599,普達系統,43.82,43.85,43.5,43.5,5,0,0,0,0.0,0.0,0.0
2026-05-27,6603,富強鑫,23.2,23.4,22.2,22.35,1594,-581,0,-1,1.92,98.07,100.0
2026-05-27,6604,儒億,30.37,30.65,30.0,30.35,54,0,0,0,0.0,0.0,0.0
2026-05-27,6605,帝寶,129.0,129.5,127.5,128.0,407,-64,0,3,15.4,84.59,100.0
2026-05-27,6606,建德工業,25.3,25.8,25.1,25.75,385,90,0,-2,3.37,96.62,100.0
2026-05-27,6609,瀧澤科,47.8,47.8,44.85,46.4,1315,-3,0,0,53.02,46.97,100.0
2026-05-27,6610,安成生技,28.37,28.4,27.4,27.55,345,0,0,0,0.0,0.0,0.0
2026-05-27,6612,奈米醫材,74.8,74.8,71.8,72.5,63,0,0,0,26.0,73.99,100.0
2026-05-27,6613,朋億*,281.0,285.0,276.0,280.0,408,114,0,6,7.87,92.12,100.0
2026-05-27,6614,資拓宏宇,38.9,38.9,38.35,38.35,90,-21,0,-5,0.64,99.35,100.0
2026-05-27,6615,慧智,32.65,32.85,32.65,32.85,31,1,0,0,0.26,99.73,100.0
2026-05-27,6616,特昇-KY,9.65,9.67,9.5,9.5,36,-3,0,0,55.99,44.0,100.0
2026-05-27,6617,共信-KY,67.7,73.8,67.7,73.8,631,135,0,5,38.54,61.45,100.0
2026-05-27,6618,永虹先進,19.12,19.85,18.6,19.55,863,-38,0,0,0.0,0.0,0.0
2026-05-27,6620,漢達,72.3,73.4,71.5,72.9,422,6,0,20,24.88,75.11,100.0
2026-05-27,6621,華宇藥,12.03,12.05,11.9,12.05,116,-4,0,0,0.0,0.0,0.0
2026-05-27,6622,百聿數碼,7.75,7.9,7.5,7.8,29,0,0,0,0.0,0.0,0.0
2026-05-27,6624,萬年清,40.7,41.95,40.7,40.7,13,5,0,0,0.42,99.57,100.0
2026-05-27,6625,必應,72.7,73.0,72.3,72.3,134,-3,0,0,0.95,99.04,100.0
2026-05-27,6629,泰金-KY,119.0,119.5,117.0,119.0,151,29,0,0,76.86,23.13,100.0
2026-05-27,6634,欣耀,67.37,71.1,66.5,68.2,163,3,0,0,0.0,0.0,0.0
2026-05-27,6637,醫影,67.0,67.4,67.0,67.1,19,-3,0,0,0.28,99.71,100.0
2026-05-27,6638,沅聖,58.1,58.8,55.1,57.0,27,0,0,0,0.0,0.0,0.0
2026-05-27,6639,源大環能,7.08,7.36,7.03,7.1,1,0,0,0,0.0,0.0,0.0
2026-05-27,6640,均華,1505.0,1505.0,1415.0,1425.0,328,17,-6,-1,7.14,92.85,100.0
2026-05-27,6641,基士德-KY,18.35,18.45,17.7,18.1,106,6,0,0,29.93,70.06,100.0
2026-05-27,6642,富致,86.5,87.6,83.0,83.6,1106,-52,0,0,2.04,97.95,100.0
2026-05-27,6643,M31,630.0,632.0,589.0,598.0,1093,-151,0,-43,10.74,89.25,100.0
2026-05-27,6645,金萬林-創,11.85,11.95,11.8,11.9,38,10,0,-3,0.76,99.23,100.0
2026-05-27,6648,斯其大,16.85,17.35,16.5,17.0,69,-7,0,0,0.0,0.0,0.0
2026-05-27,6649,台生材,38.7,38.7,38.1,38.4,55,-9,0,0,6.45,93.54,100.0
2026-05-27,6650,帝圖,29.01,29.55,29.55,29.55,0,0,0,0,0.0,0.0,0.0
2026-05-27,6651,全宇昕,158.5,159.5,145.5,151.0,909,-40,0,-3,4.29,95.7,100.0
2026-05-27,6654,天正國際,127.5,127.5,118.0,127.5,500,-9,0,0,0.58,99.41,100.0
2026-05-27,6655,科定,133.5,133.5,129.5,131.0,15,4,0,-1,0.49,99.5,100.0
2026-05-27,6657,華安,39.0,39.25,38.6,38.6,235,48,0,1,7.12,92.87,100.0
2026-05-27,6658,聯策,245.0,247.0,223.0,230.5,2655,-186,0,0,6.22,93.77,100.0
2026-05-27,6659,天明製藥,19.83,20.85,19.35,19.9,112,0,0,0,0.0,0.0,0.0
2026-05-27,6661,威健生技,17.15,17.15,17.15,17.15,6,0,0,0,0.0,99.99,100.0
2026-05-27,6662,樂斯科,29.8,29.8,28.0,29.25,19,2,0,0,0.22,99.77,100.0
2026-05-27,6664,群翊,475.0,475.0,449.5,454.5,1487,-115,-1,-58,6.9,93.09,100.0
2026-05-27,6665,康聯生醫,20.18,20.7,19.8,20.6,24,-3,0,0,0.0,0.0,0.0
2026-05-27,6666,羅麗芬-KY,40.15,40.15,39.6,39.7,6,0,0,0,75.18,24.81,100.0
2026-05-27,6667,信紘科,271.0,274.0,262.0,264.5,864,-75,0,3,8.48,91.51,100.0
2026-05-27,6668,中揚光,41.2,41.2,39.25,39.8,1074,-260,0,1,11.01,88.98,100.0
2026-05-27,6669,緯穎,5300.0,5350.0,5060.0,5075.0,1997,-221,-120,-107,30.57,69.42,100.0
2026-05-27,6670,復盛應用,255.0,262.0,252.5,262.0,713,-321,-6,10,25.27,74.72,100.0
2026-05-27,6671,三能-KY,27.5,27.65,26.75,27.2,587,-15,0,0,39.78,60.21,100.0
2026-05-27,6672,騰輝電子-KY,218.0,218.0,210.0,211.5,7443,-696,0,-57,17.25,82.74,100.0
2026-05-27,6673,和詮,19.93,20.05,18.2,18.3,660,-5,0,0,0.0,0.0,0.0
2026-05-27,6674,鋐寶科技,18.45,18.45,17.95,17.95,25,0,0,0,0.48,99.51,100.0
2026-05-27,6676,祥翊,14.05,14.15,13.55,13.7,450,9,0,0,0.0,0.0,0.0
2026-05-27,6677,瑩碩生技,17.57,17.7,17.3,17.6,50,0,0,0,0.0,0.0,0.0
2026-05-27,6679,鈺太,342.0,345.0,327.0,330.0,711,-88,0,-45,9.99,90.0,100.0
2026-05-27,6680,鑫創電子,57.9,57.9,57.9,57.9,1,-1,0,0,0.2,99.79,100.0
2026-05-27,6682,華旭先進,60.19,64.0,59.1,60.4,4361,-1,0,0,0.0,0.0,0.0
2026-05-27,6683,雍智科技,1850.0,1910.0,1725.0,1780.0,1518,-44,-160,14,14.84,85.15,100.0
2026-05-27,6684,安格,48.35,48.4,45.3,45.85,255,-64,0,0,5.4,94.59,100.0
2026-05-27,6689,伊雲谷,67.2,67.2,65.0,65.2,280,-37,0,4,4.59,95.4,100.0
2026-05-27,6690,安碁資訊,170.0,170.0,168.0,169.5,62,-4,0,-1,3.7,96.29,100.0
2026-05-27,6691,洋基工程,653.0,677.0,648.0,674.0,1062,437,0,55,16.18,83.81,100.0
2026-05-27,6692,進能服,27.55,27.55,27.4,27.55,29,-2,0,0,0.45,99.54,100.0
2026-05-27,6693,廣閎科,161.5,161.5,148.0,151.0,2052,98,-65,-51,13.03,86.96,100.0
2026-05-27,6695,芯鼎,65.1,65.3,60.2,60.9,4852,-179,0,-1,5.17,94.82,100.0
2026-05-27,6696,仁新,379.32,381.5,372.0,375.0,539,0,0,0,0.0,0.0,0.0
2026-05-27,6697,東捷資訊,42.85,42.9,41.15,41.35,61,-9,0,0,0.86,99.13,100.0
2026-05-27,6698,旭暉應材,34.3,37.8,33.6,36.55,2472,-194,0,4,2.9,97.09,100.0
2026-05-27,6703,軒郁,111.0,111.0,109.0,109.5,82,-21,0,0,13.53,86.46,100.0
2026-05-27,6704,國璽幹細胞,20.87,21.6,20.6,21.0,151,0,0,0,0.0,0.0,0.0
2026-05-27,6705,振躍精密,91.75,93.2,88.1,90.0,69,4,0,0,0.0,0.0,0.0
2026-05-27,6706,惠特,204.5,216.5,204.5,216.5,12845,197,754,-60,12.88,87.11,100.0
2026-05-27,6707,富基電通,36.06,38.75,35.55,36.8,397,-6,0,0,0.0,0.0,0.0
2026-05-27,6708,天擎,42.25,42.25,40.6,40.6,50,0,0,0,3.14,96.85,100.0
2026-05-27,6709,昱厚生技,26.08,26.5,25.55,25.8,197,4,0,0,0.0,0.0,0.0
2026-05-27,6712,長聖,132.5,132.5,130.5,131.0,215,-29,0,0,3.38,96.61,100.0
2026-05-27,6715,嘉基,485.0,485.0,463.0,467.0,464,-14,0,1,3.2,96.79,100.0
2026-05-27,6716,應廣,108.5,114.5,107.0,107.0,1228,16,0,0,4.75,95.24,100.0
2026-05-27,6719,力智,281.5,286.0,250.5,255.0,9524,-1039,0,-45,5.28,94.71,100.0
2026-05-27,6720,久昌,151.0,152.0,147.5,148.0,121,-28,0,-1,0.91,99.08,100.0
2026-05-27,6721,信實,58.8,58.8,58.7,58.8,7,0,0,0,0.0,100.0,100.0
2026-05-27,6722,輝創,38.5,38.6,38.25,38.5,94,21,0,2,2.58,97.41,100.0
2026-05-27,6723,傑智環境,39.42,41.2,39.0,40.0,116,0,0,0,0.0,0.0,0.0
2026-05-27,6725,矽科宏晟,353.0,360.5,334.0,340.5,1036,-113,0,-28,3.78,96.21,100.0
2026-05-27,6727,亞泰金屬,677.0,684.0,624.0,629.0,2081,-218,0,-12,14.54,85.45,100.0
2026-05-27,6728,上洋,108.5,110.0,108.0,108.0,31,1,0,0,0.64,99.35,100.0
2026-05-27,6729,機光科技,59.01,62.0,58.9,61.5,395,-20,0,0,0.0,0.0,0.0
2026-05-27,6730,常廣,36.0,36.0,35.6,36.0,27,-4,0,0,0.02,99.97,100.0
2026-05-27,6732,昇佳電子,187.0,187.5,180.5,183.0,482,-23,0,0,5.35,94.64,100.0
2026-05-27,6733,博晟生醫,26.85,26.85,25.7,26.15,590,110,0,0,1.31,98.68,100.0
2026-05-27,6734,安盛生,6.68,7.88,6.85,7.46,262,0,0,0,0.0,0.0,0.0
2026-05-27,6735,美達科技,118.5,120.0,109.0,110.5,1234,-322,0,0,1.9,98.09,100.0
2026-05-27,6737,秀育,33.37,33.85,31.9,32.8,68,-1,0,0,0.0,0.0,0.0
2026-05-27,6738,鼎恒,67.03,68.0,65.0,68.0,133,0,0,0,0.0,0.0,0.0
2026-05-27,6739,竹陞科技,1400.0,1400.0,1280.0,1295.0,318,-24,0,0,1.5,98.49,100.0
2026-05-27,6741,91APP*-KY,63.6,64.5,62.2,64.0,518,-241,0,1,41.81,58.18,100.0
2026-05-27,6742,澤米,60.5,60.5,57.3,57.3,892,35,0,86,1.86,98.13,100.0
2026-05-27,6743,安普新,29.5,29.65,28.9,28.9,478,-168,0,-2,3.67,96.32,100.0
2026-05-27,6744,豐技生技,16.6,16.9,16.6,16.7,6,0,0,0,0.0,0.0,0.0
2026-05-27,6748,亞果生醫,69.96,72.0,69.0,70.0,189,0,0,0,0.0,0.0,0.0
2026-05-27,6750,泰創工程,71.05,72.0,67.0,70.0,943,-17,0,0,0.0,0.0,0.0
2026-05-27,6751,智聯服務,47.8,48.0,47.6,47.65,8,-1,0,0,0.72,99.27,100.0
2026-05-27,6752,叡揚,98.3,99.5,98.0,98.0,48,0,0,0,2.63,97.36,100.0
2026-05-27,6753,龍德造船,123.0,127.0,122.0,124.0,988,149,0,17,2.68,6.81,9.5
2026-05-27,6754,匯僑設計,44.85,44.85,43.5,43.5,30,10,0,0,15.48,84.51,100.0
2026-05-27,6755,連鋐科技,19.5,19.8,18.05,18.2,162,-11,0,0,0.0,0.0,0.0
2026-05-27,6756,威鋒電子,109.0,109.0,103.0,105.0,489,71,0,2,3.16,96.83,100.0
2026-05-27,6757,台灣虎航-創,55.1,55.5,54.4,54.5,1195,7,0,7,1.74,48.24,49.99
2026-05-27,6757,台灣虎航,55.1,55.5,54.4,54.5,1195,7,0,7,1.74,48.24,49.99
2026-05-27,6758,冠亞,29.65,30.0,29.0,29.5,20,0,0,0,0.0,0.0,0.0
2026-05-27,6761,穩得,235.5,239.0,220.5,223.5,3312,148,0,-45,7.16,92.83,100.0
2026-05-27,6762,達亞,180.0,180.0,172.0,172.0,12,-4,0,0,5.85,94.14,100.0
2026-05-27,6763,綠界科技,43.95,44.1,42.85,43.3,961,32,0,0,3.58,96.41,100.0
2026-05-27,6763,綠界科技*,43.95,44.1,42.85,43.3,961,32,0,0,3.58,96.41,100.0
2026-05-27,6767,台微醫,26.8,26.8,26.3,26.3,9,-1,0,0,0.21,99.78,100.0
2026-05-27,6768,志強-KY,84.5,84.8,83.0,83.0,297,-82,-9,5,56.86,43.13,100.0
2026-05-27,6770,力積電,75.9,77.0,72.6,74.8,414941,74224,507,-380,18.47,81.52,100.0
2026-05-27,6771,平和環保-創,41.45,42.15,41.45,42.0,12,4,0,0,0.56,99.43,100.0
2026-05-27,6775,穎台科技,40.9,42.0,36.8,38.5,1832,24,0,0,0.0,0.0,0.0
2026-05-27,6776,展碁國際,59.9,59.9,57.8,58.2,444,-185,0,0,1.86,98.13,100.0
2026-05-27,6780,學習王,40.14,41.15,41.15,41.15,4,0,0,0,0.0,0.0,0.0
2026-05-27,6781,AES-KY,1265.0,1300.0,1195.0,1205.0,1704,68,0,-31,68.26,31.73,100.0
2026-05-27,6782,視陽,195.0,196.5,192.5,192.5,373,-111,0,1,7.52,92.47,100.0
2026-05-27,6784,天凱科技,28.26,27.5,26.2,26.7,53,-4,0,0,0.0,0.0,0.0
2026-05-27,6785,昱展新藥,125.0,128.0,124.0,124.5,89,-32,0,0,8.04,91.95,100.0
2026-05-27,6786,芯測,91.32,96.0,90.0,92.0,291,-1,0,0,0.0,0.0,0.0
2026-05-27,6787,晶瑞光,34.01,34.15,32.6,32.65,817,0,0,0,0.0,0.0,0.0
2026-05-27,6788,華景電,436.0,438.0,414.5,419.0,830,-162,0,-8,10.53,89.46,100.0
2026-05-27,6789,采鈺,566.0,569.0,543.0,543.0,3427,183,2,-23,3.51,96.48,100.0
2026-05-27,6790,永豐實,39.15,39.25,39.05,39.15,210,1,0,0,1.86,98.13,100.0
2026-05-27,6791,虎門科技,112.0,114.0,110.0,113.0,102,2,0,0,11.83,88.16,100.0
2026-05-27,6792,詠業,67.9,70.5,67.9,69.6,244,52,0,1,2.02,97.97,100.0
2026-05-27,6793,天力離岸,4.95,5.09,4.56,5.09,638,3,0,0,0.0,0.0,0.0
2026-05-27,6794,向榮生技-創,78.2,80.0,78.1,79.0,81,40,0,0,0.42,99.57,100.0
2026-05-27,6794,向榮生技,78.2,80.0,78.1,79.0,81,40,0,0,0.42,99.57,100.0
2026-05-27,6796,晉弘,61.8,62.9,60.5,62.0,76,10,0,-1,15.49,84.5,100.0
2026-05-27,6797,圓點奈米,14.4,15.25,14.0,15.25,86,-5,0,0,0.0,0.0,0.0
2026-05-27,6798,展逸,50.0,50.1,49.6,50.1,10,0,0,0,0.0,0.0,0.0
2026-05-27,6799,來頡,115.0,118.0,107.0,109.5,3924,-847,0,0,8.73,91.26,100.0
2026-05-27,6803,崑鼎,286.0,286.5,285.0,286.5,93,-21,0,-2,3.19,96.8,100.0
2026-05-27,6804,明係,16.85,16.85,16.2,16.2,20,-13,0,0,4.18,95.81,100.0
2026-05-27,6805,富世達,1805.0,1840.0,1720.0,1740.0,1613,-133,-19,-13,17.62,82.37,100.0
2026-05-27,6806,森崴能源,6.77,6.77,6.77,6.77,497,1,0,0,2.65,97.34,100.0
2026-05-27,6807,峰源-KY,32.1,33.0,32.1,33.0,21,-1,0,0,43.53,56.46,100.0
2026-05-27,6808,三鼎生技,29.8,30.4,29.05,29.9,109,-12,0,0,0.0,0.0,0.0
2026-05-27,6810,新穎生醫,29.45,30.15,28.8,29.45,157,-1,0,0,0.0,0.0,0.0
2026-05-27,6811,宏碁資訊,215.5,216.0,208.0,210.0,229,39,0,0,2.23,97.76,100.0
2026-05-27,6812,梭特,69.19,71.0,67.6,70.3,219,0,0,0,0.0,0.0,0.0
2026-05-27,6814,路迦生醫,23.87,25.0,23.8,24.9,9,2,0,0,0.0,0.0,0.0
2026-05-27,6815,晶鑽生醫,31.77,32.8,31.6,32.6,37,-1,0,0,0.0,0.0,0.0
2026-05-27,6816,捷智商訊,39.28,39.55,39.55,39.55,0,0,0,0,0.0,0.0,0.0
2026-05-27,6817,溫士頓,61.64,62.7,60.8,62.6,27,1,0,0,0.0,0.0,0.0
2026-05-27,6818,連騰,60.03,71.4,60.8,71.4,605,32,0,0,0.0,0.0,0.0
2026-05-27,6819,眾智,54.26,54.8,52.0,52.3,127,0,0,0,0.0,0.0,0.0
2026-05-27,6820,連訊,285.35,341.5,284.0,319.0,312,5,0,0,0.0,0.0,0.0
2026-05-27,6821,聯寶,72.5,76.3,70.4,71.9,10413,-478,0,-32,0.93,99.06,100.0
2026-05-27,6823,濾能,83.2,83.2,74.1,75.7,515,-38,0,0,24.87,75.12,100.0
2026-05-27,6825,和暢科技,43.78,44.7,43.0,43.5,12,0,0,0,0.0,0.0,0.0
2026-05-27,6826,和淞,575.31,579.0,557.0,559.0,456,-11,0,0,0.0,0.0,0.0
2026-05-27,6827,巨生醫,13.34,13.6,13.0,13.05,107,-4,0,0,0.0,0.0,0.0
2026-05-27,6829,千附精密,225.0,225.0,211.0,211.0,292,-11,0,5,2.53,97.46,100.0
2026-05-27,6830,汎銓,788.0,800.0,710.0,720.0,2806,-67,0,-127,4.74,95.25,100.0
2026-05-27,6831,邁科,850.0,850.0,797.0,820.0,610,147,0,-96,15.44,84.55,100.0
2026-05-27,6832,金鼎科,93.51,100.0,95.0,96.9,62,2,0,0,0.0,0.0,0.0
2026-05-27,6833,太康精密,25.73,26.6,25.9,26.6,22,0,0,0,0.0,0.0,0.0
2026-05-27,6834,天二科技,81.0,85.0,76.0,77.7,2394,133,0,246,14.68,85.31,100.0
2026-05-27,6835,圓裕,38.25,38.8,37.8,38.75,205,-20,0,0,6.43,93.56,100.0
2026-05-27,6838,台新藥,25.35,25.7,25.1,25.2,288,50,0,3,1.3,98.69,100.0
2026-05-27,6839,開陽能源,11.85,12.2,11.75,11.95,189,-2,0,0,0.0,0.0,0.0
2026-05-27,6840,東研信超,63.5,63.8,62.2,62.9,114,-2,0,0,3.88,96.11,100.0
2026-05-27,6841,長佳智能,57.3,57.5,56.7,56.8,449,-78,0,0,2.95,97.04,100.0
2026-05-27,6842,瑞宇,103.32,105.5,101.5,104.5,260,0,0,0,0.0,0.0,0.0
2026-05-27,6843,進典,44.15,44.15,41.65,41.9,21,-3,0,0,0.19,99.8,100.0
2026-05-27,6844,諾貝兒,65.1,65.4,64.2,65.4,31,-2,0,0,0.02,99.97,100.0
2026-05-27,6846,綠茵,68.5,68.5,67.0,67.2,33,-4,0,0,0.15,99.84,100.0
2026-05-27,6847,普瑞博,65.86,76.3,65.8,76.1,74,-4,0,0,0.0,0.0,0.0
2026-05-27,6848,拉法醫,19.47,19.6,19.0,19.0,7,0,0,0,0.0,0.0,0.0
2026-05-27,6849,奇鼎科技,222.44,231.0,213.0,226.0,492,49,0,0,0.0,0.0,0.0
2026-05-27,6850,光鼎生技,34.99,36.0,34.55,34.65,39,0,0,0,0.0,0.0,0.0
2026-05-27,6854,錼創科技-KY創,161.5,165.0,151.5,155.5,1119,97,0,-2,32.93,67.06,100.0
2026-05-27,6855,數泓科,107.5,119.5,107.5,111.0,21,-5,0,0,0.18,99.81,100.0
2026-05-27,6856,鑫傳,53.2,53.2,50.0,51.0,6,0,0,0,0.0,49.98,49.99
2026-05-27,6857,宏碁智醫,94.5,98.0,95.5,98.0,2,0,0,0,0.0,0.0,0.0
2026-05-27,6858,愛比科技,25.01,25.1,24.45,25.0,20,0,0,0,0.0,0.0,0.0
2026-05-27,6859,伯特光,125.0,125.0,120.0,121.5,129,-39,0,0,13.72,86.27,100.0
2026-05-27,6861,睿生光電,457.0,483.0,445.0,462.0,2757,42,0,-29,2.19,97.8,100.0
2026-05-27,6862,三集瑞-KY,187.5,191.5,182.5,186.0,1115,17,0,0,66.2,33.79,100.0
2026-05-27,6863,永道-KY,113.0,113.5,110.0,113.0,140,26,0,0,69.63,30.36,100.0
2026-05-27,6864,元樟生技,54.12,54.9,53.3,53.5,17,0,0,0,0.0,0.0,0.0
2026-05-27,6865,偉康科技,27.8,27.95,26.8,26.8,18,2,0,0,0.24,99.75,100.0
2026-05-27,6867,坦德科技,20.78,21.0,20.0,21.0,26,0,0,0,0.0,0.0,0.0
2026-05-27,6868,采威國際,33.79,37.7,35.55,37.7,60,0,0,0,0.0,0.0,0.0
2026-05-27,6869,雲豹能源-創,84.9,88.9,83.9,84.1,1669,176,0,-21,2.52,97.47,100.0
2026-05-27,6869,雲豹能源,84.9,88.9,83.9,84.1,1669,176,0,-21,2.52,97.47,100.0
2026-05-27,6870,騰雲,233.0,239.5,227.5,239.5,219,3,0,0,0.94,99.05,100.0
2026-05-27,6872,浩宇生醫,18.0,18.1,17.9,17.9,55,1,0,0,0.36,99.63,100.0
2026-05-27,6873,泓德能源-創,91.5,95.2,90.6,91.8,897,97,0,12,8.05,91.94,100.0
2026-05-27,6873,泓德能源,91.5,95.2,90.6,91.8,897,97,0,12,8.05,91.94,100.0
2026-05-27,6874,倍力,79.3,80.1,78.8,79.0,43,-24,0,0,0.55,99.44,100.0
2026-05-27,6875,國邑*,39.0,39.0,36.8,36.85,162,-17,0,0,1.82,98.17,100.0
2026-05-27,6876,朗齊生醫*,18.98,19.1,18.2,18.5,735,0,0,0,0.0,0.0,0.0
2026-05-27,6877,鏵友益,180.0,183.0,165.5,172.5,1277,-143,0,-22,4.37,95.62,100.0
2026-05-27,6878,歐付寶,10.0,10.05,9.65,10.05,18,0,0,0,0.0,0.0,0.0
2026-05-27,6879,大江基因,36.45,36.9,36.0,36.9,2,0,0,0,0.0,0.0,0.0
2026-05-27,6881,潤德,268.5,268.5,266.5,266.5,5,0,0,0,0.1,99.89,100.0
2026-05-27,6882,甲尚,19.27,20.6,19.1,19.55,85,-2,0,0,0.0,0.0,0.0
2026-05-27,6883,微電能源,16.62,16.2,15.6,15.6,114,0,0,0,0.0,0.0,0.0
2026-05-27,6884,海柏特,33.4,33.4,33.3,33.35,8,1,0,0,5.55,94.44,100.0
2026-05-27,6885,全福生技,21.55,22.05,21.2,21.2,543,87,0,0,3.13,96.86,100.0
2026-05-27,6886,遠東生技,46.5,48.5,45.6,46.3,13,0,0,0,0.0,0.0,0.0
2026-05-27,6887,寶綠特-KY,31.8,32.6,31.8,32.6,73,14,0,1,53.28,46.71,100.0
2026-05-27,6890,來億-KY,171.5,173.0,168.5,170.5,386,37,0,6,87.55,12.44,100.0
2026-05-27,6891,樂迦再生,58.62,59.1,53.7,54.2,873,-67,0,0,0.0,0.0,0.0
2026-05-27,6892,台寶生醫,28.77,29.25,27.8,28.2,145,0,0,0,0.0,0.0,0.0
2026-05-27,6894,衛司特,382.0,388.0,367.0,370.0,152,18,0,1,2.9,97.09,100.0
2026-05-27,6895,宏碩系統,152.5,153.0,150.5,150.5,113,4,0,-1,4.51,95.48,100.0
2026-05-27,6898,程曦資訊,101.03,102.0,95.6,98.9,53,0,0,0,0.0,0.0,0.0
2026-05-27,6899,創為精密,61.9,67.2,61.5,62.8,477,4,0,0,5.09,94.9,100.0
2026-05-27,6901,鑽石投資,12.8,12.9,12.05,12.25,3427,-674,0,-15,0.34,99.65,100.0
2026-05-27,6902,GOGOLOOK-創,141.5,143.0,135.0,135.5,454,52,0,0,3.64,96.35,100.0
2026-05-27,6902,GOGOLOOK,141.5,143.0,135.0,135.5,454,52,0,0,3.64,96.35,100.0
2026-05-27,6903,巨漢,440.0,440.0,418.5,421.5,1316,-92,0,-18,4.33,95.66,100.0
2026-05-27,6904,伯鑫,0.0,0.0,0.0,0.0,0,0,0,0,0.06,99.93,100.0
2026-05-27,6906,現觀科,100.0,106.5,99.6,103.0,935,-57,0,-6,7.12,92.87,100.0
2026-05-27,6907,雅特力-KY,123.0,125.5,116.0,117.0,1058,-26,0,8,52.16,47.83,100.0
2026-05-27,6908,宏碁遊戲-創,38.8,38.95,38.8,38.9,10,1,0,0,0.61,99.38,100.0
2026-05-27,6909,創控,55.8,56.5,53.0,53.0,949,-134,0,0,8.39,91.6,100.0
2026-05-27,6910,德鴻,27.6,28.1,27.5,27.55,39,-10,0,0,4.71,95.28,100.0
2026-05-27,6911,群運,31.83,31.95,31.7,31.95,28,0,0,0,0.0,0.0,0.0
2026-05-27,6912,益鈞環科*,14.4,14.55,13.85,14.05,234,3,0,0,0.0,0.0,0.0
2026-05-27,6913,鴻呈,150.0,150.0,142.5,144.0,898,72,0,-12,3.05,96.94,100.0
2026-05-27,6914,阜爾運通,143.0,143.0,139.5,140.0,198,-20,0,0,2.09,97.9,100.0
2026-05-27,6915,美強光,69.11,70.3,66.3,68.4,132,-10,0,0,0.0,0.0,0.0
2026-05-27,6916,華凌,18.5,18.5,17.7,18.0,24,-6,0,-1,0.49,99.5,100.0
2026-05-27,6917,竟天,34.11,33.9,30.45,30.9,1072,0,0,0,0.0,0.0,0.0
2026-05-27,6918,愛派司,73.0,73.4,73.0,73.1,59,-15,0,0,0.72,99.27,100.0
2026-05-27,6919,康霈*,102.0,102.5,98.5,98.5,6061,-356,0,-10,12.74,87.25,100.0
2026-05-27,6920,恆勁科技,128.37,137.5,118.5,122.0,7069,-60,0,0,0.0,0.0,0.0
2026-05-27,6921,嘉雨思-創,77.0,78.1,75.0,76.1,84,0,0,6,29.62,70.37,100.0
2026-05-27,6922,宸曜,196.0,196.0,186.0,187.0,190,-16,0,8,1.7,98.29,100.0
2026-05-27,6923,中台,79.9,79.9,78.4,78.5,228,-37,0,2,1.3,98.69,100.0
2026-05-27,6924,榮惠-KY創,163.5,164.5,158.5,164.0,64,-1,0,0,76.91,23.08,100.0
2026-05-27,6925,意藍,57.8,57.8,56.3,56.3,120,-32,0,0,3.62,96.37,100.0
2026-05-27,6926,聖安生醫,63.45,65.0,62.4,64.3,28,1,0,0,0.0,0.0,0.0
2026-05-27,6927,聯合聚晶,60.37,60.9,57.0,57.6,222,4,0,0,0.0,0.0,0.0
2026-05-27,6928,攸泰科技,47.55,47.55,46.25,46.85,122,9,0,0,0.51,99.48,100.0
2026-05-27,6929,佑全,21.6,21.6,21.4,21.4,17,0,0,0,0.01,99.98,100.0
2026-05-27,6931,青松健康,39.85,40.35,39.6,39.95,106,-11,0,0,0.54,99.45,100.0
2026-05-27,6932,水星生醫*,6.88,6.94,6.47,6.72,543,-13,0,0,0.0,0.0,0.0
2026-05-27,6933,AMAX-KY,170.0,170.0,163.0,164.0,235,5,0,-1,28.22,71.77,100.0
2026-05-27,6934,心誠鎂,73.2,75.0,73.0,73.5,44,-15,0,1,12.35,87.64,100.0
2026-05-27,6935,王子製藥,29.87,30.1,29.45,30.1,10,0,0,0,0.0,0.0,0.0
2026-05-27,6936,永鴻生技,33.0,33.15,32.85,32.95,56,-2,0,0,0.47,99.52,100.0
2026-05-27,6937,天虹,347.0,347.0,317.5,319.0,1090,-204,0,-44,3.32,96.67,100.0
2026-05-27,6938,藍新資訊,98.48,104.5,97.5,99.6,22,0,0,0,0.0,0.0,0.0
2026-05-27,6939,啟弘生技,20.25,20.5,20.0,20.1,22,0,0,0,0.0,0.0,0.0
2026-05-27,6940,格斯科技*,23.42,24.2,23.5,24.1,2350,-8,0,0,0.0,0.0,0.0
2026-05-27,6944,兆聯實業,967.0,967.0,926.0,936.0,681,15,0,-24,13.64,86.35,100.0
2026-05-27,6945,圓祥生技,139.14,145.5,123.0,129.0,1963,0,0,0,0.0,0.0,0.0
2026-05-27,6946,三地能源,11.21,11.5,10.1,10.7,272,0,0,0,0.0,0.0,0.0
2026-05-27,6947,台鎔科技,80.23,80.9,78.5,80.5,336,0,0,0,0.0,0.0,0.0
2026-05-27,6949,沛爾生醫-創,704.0,717.0,680.0,714.0,248,47,0,-1,2.22,97.77,100.0
2026-05-27,6951,青新-創,81.8,81.8,80.6,80.7,29,0,0,4,1.85,98.14,100.0
2026-05-27,6952,大武山,37.0,37.0,36.8,36.8,5,0,0,0,0.35,99.64,100.0
2026-05-27,6953,家碩,260.0,260.0,245.5,250.5,225,-73,0,-6,0.82,99.17,100.0
2026-05-27,6955,邦睿生技-創,151.5,151.5,149.5,149.5,15,1,0,2,17.71,82.28,100.0
2026-05-27,6957,裕慶-KY,160.0,169.0,159.5,169.0,186,47,0,0,6.32,93.67,100.0
2026-05-27,6958,日盛台駿,17.1,17.15,16.85,17.0,43,14,0,6,0.43,99.56,100.0
2026-05-27,6959,兆捷科技,120.71,138.5,121.5,136.0,840,1,0,0,0.0,0.0,0.0
2026-05-27,6961,旅天下,59.9,59.9,58.4,58.4,33,1,0,0,0.47,99.52,100.0
2026-05-27,6962,奕力-KY,39.2,39.7,37.8,37.85,5957,-605,0,35,41.6,58.39,100.0
2026-05-27,6963,品元,25.8,27.1,25.8,27.1,0,0,0,0,0.0,0.0,0.0
2026-05-27,6965,中傑-KY,76.0,76.1,75.3,76.0,33,-6,0,1,77.23,22.76,100.0
2026-05-27,6967,汎瑋材料,72.9,74.5,72.2,72.3,76,-24,0,0,2.36,97.63,100.0
2026-05-27,6968,萬達寵物,43.8,43.85,42.8,42.95,186,6,0,0,1.12,98.87,100.0
2026-05-27,6969,成信實業*-創,28.05,28.05,27.8,28.0,56,-2,0,-1,0.38,99.61,100.0
2026-05-27,6971,惠民實業,27.5,27.75,27.3,27.3,28,-3,0,0,0.35,99.64,100.0
2026-05-27,6972,博瑞達應材,23.23,23.9,22.8,23.85,10,0,0,0,0.0,0.0,0.0
2026-05-27,6973,永立榮,33.34,34.0,33.5,33.9,28,0,0,0,0.0,0.0,0.0
2026-05-27,6976,育世博-KY,12.92,12.9,12.1,12.45,1633,-14,0,0,0.0,0.0,0.0
2026-05-27,6977,聯純,300.61,301.5,291.5,293.0,71,0,0,0,0.0,0.0,0.0
2026-05-27,6979,勝釩,234.74,231.0,216.0,231.0,69,0,0,0,0.0,0.0,0.0
2026-05-27,6980,鐳洋科技,175.89,185.0,168.0,169.0,234,0,0,0,0.0,0.0,0.0
2026-05-27,6982,大井泵浦,57.1,57.1,55.2,55.2,111,-34,0,0,1.2,98.79,100.0
2026-05-27,6983,華洋精機,497.5,498.0,428.0,430.0,499,-17,0,-5,0.21,99.78,100.0
2026-05-27,6984,ACpay,17.46,23.05,18.0,22.3,79,29,0,0,0.0,0.0,0.0
2026-05-27,6986,和迅,59.98,60.4,60.0,60.2,49,0,0,0,0.0,0.0,0.0
2026-05-27,6987,寶晶能源*,19.99,20.05,19.75,19.85,102,0,0,0,0.0,0.0,0.0
2026-05-27,6988,威力暘-創,17.3,17.3,16.45,16.45,123,-9,0,7,3.8,96.19,100.0
2026-05-27,6990,華鉬,155.6,155.0,134.0,141.0,659,1,0,0,0.0,0.0,0.0
2026-05-27,6994,富威電力,57.4,62.0,57.0,60.4,1166,-154,0,1,0.9,99.09,100.0
2026-05-27,6995,野獸國,47.23,47.95,46.55,47.9,20,0,0,0,0.0,0.0,0.0
2026-05-27,6996,力領科技,192.0,194.5,189.0,191.5,185,15,0,0,3.32,96.67,100.0
2026-05-27,6997,博弘,68.1,68.1,67.5,67.9,5,0,0,0,20.13,79.86,100.0
2026-05-27,6999,瀚醫生技,31.03,31.65,31.0,31.65,1,0,0,0,0.0,0.0,0.0
2026-05-27,7402,邑錡,101.0,101.0,97.7,97.7,344,-20,0,2,11.1,88.89,100.0
2026-05-27,7419,達勝,122.67,135.0,112.5,117.5,737,4,0,0,0.0,0.0,0.0
2026-05-27,7427,華上生醫,39.4,39.5,38.0,39.15,258,0,0,0,0.0,0.0,0.0
2026-05-27,7443,凡事康,9.63,9.7,9.7,9.7,0,0,0,0,0.0,0.0,0.0
2026-05-27,7455,樺緯物聯,62.4,62.7,62.5,62.7,1,0,0,0,0.0,0.0,0.0
2026-05-27,7507,環拓科技,22.6,22.7,21.5,22.1,61,0,0,0,0.0,0.0,0.0
2026-05-27,7516,清淨海,9.21,9.36,9.0,9.36,24,0,0,0,0.0,0.0,0.0
2026-05-27,7530,鋒魁科技,44.48,44.4,40.9,42.0,759,3,0,0,0.0,0.0,0.0
2026-05-27,7547,碩網,64.8,64.8,62.1,62.6,150,-46,0,0,24.46,75.53,100.0
2026-05-27,7551,知識科技,12.87,13.65,12.4,12.95,114,0,0,0,0.0,0.0,0.0
2026-05-27,7556,意德士,296.0,296.0,287.0,290.0,159,27,0,-12,3.78,96.21,100.0
2026-05-27,7558,群利科技,20.07,20.6,20.15,20.2,15,-1,0,0,0.0,0.0,0.0
2026-05-27,7561,光晟生技,18.45,18.6,18.0,18.0,21,0,0,0,0.0,0.0,0.0
2026-05-27,7562,博來科技,55.77,65.2,56.9,62.5,86,0,0,0,0.0,0.0,0.0
2026-05-27,7566,亞果遊艇,13.04,13.2,12.6,12.95,315,-8,0,0,0.0,0.0,0.0
2026-05-27,7575,安美得,19.71,19.85,19.4,19.7,42,-4,0,0,0.0,0.0,0.0
2026-05-27,7578,利百景,33.6,34.7,33.05,33.45,173,1,0,0,0.0,0.0,0.0
2026-05-27,7583,國際海洋,40.57,40.0,28.7,35.75,178,2,0,0,0.0,0.0,0.0
2026-05-27,7584,樂意,24.0,24.4,23.35,23.35,18,1,0,0,19.58,80.41,100.0
2026-05-27,7590,怡和國際,22.57,23.1,21.95,22.15,349,-11,0,0,0.0,0.0,0.0
2026-05-27,7595,世基生醫,9.03,9.41,8.55,8.9,53,-1,0,0,0.0,0.0,0.0
2026-05-27,7607,通用幹細胞*,13.05,13.0,12.75,12.75,16,-1,0,0,0.0,0.0,0.0
2026-05-27,7610,聯友金屬-創,1280.0,1290.0,1220.0,1230.0,229,31,0,0,13.06,86.93,100.0
2026-05-27,7631,聚賢研發-創,126.0,127.0,125.5,126.0,51,20,0,0,0.75,99.24,100.0
2026-05-27,7642,昶瑞機電,66.8,67.0,66.0,66.6,15,2,0,0,0.42,99.57,100.0
2026-05-27,7669,碩正科技,750.6,770.0,743.0,762.0,95,0,0,0,0.0,0.0,0.0
2026-05-27,7689,大鵬科CLMX,247.39,254.0,245.0,252.0,46,0,0,0,0.0,0.0,0.0
2026-05-27,7702,前端風電,19.1,19.7,18.8,19.7,5,0,0,0,0.0,0.0,0.0
2026-05-27,7703,銳澤,217.0,218.5,213.0,214.5,204,-13,0,0,2.59,97.4,100.0
2026-05-27,7704,明遠精密,68.0,68.0,61.8,62.1,364,-25,0,0,0.98,99.01,100.0
2026-05-27,7705,三商餐飲,31.2,31.2,30.35,30.6,94,-8,0,0,1.45,98.54,100.0
2026-05-27,7706,宏碁創達,40.0,39.0,38.05,39.0,3,0,0,0,0.0,0.0,0.0
2026-05-27,7707,益芯科,158.63,161.5,153.5,156.5,131,0,0,0,0.0,0.0,0.0
2026-05-27,7708,全家餐飲,92.4,92.4,92.0,92.0,5,0,0,0,0.4,99.59,100.0
2026-05-27,7709,榮田,93.3,93.3,90.8,91.8,277,21,0,0,1.76,98.23,100.0
2026-05-27,7710,東擎科技,250.03,257.0,250.5,252.5,11,0,0,0,0.0,0.0,0.0
2026-05-27,7711,永擎,400.0,414.0,379.5,384.0,960,-134,0,-6,1.01,98.98,100.0
2026-05-27,7712,博盛半導體,195.0,198.5,168.0,169.5,3435,-116,0,-25,2.55,97.44,100.0
2026-05-27,7713,威力德生醫,66.8,67.8,66.6,67.2,33,2,0,0,0.1,99.89,100.0
2026-05-27,7714,創泓科技,124.0,124.0,117.0,118.5,129,-35,0,0,0.93,99.06,100.0
2026-05-27,7715,裕山,28.2,28.95,27.85,27.85,100,-8,0,0,0.73,99.26,100.0
2026-05-27,7716,昱臺國際,24.2,25.3,24.2,25.3,2,0,0,0,0.01,99.98,100.0
2026-05-27,7717,萊德光電-KY,702.0,702.0,645.0,649.0,413,-24,0,-1,16.58,83.41,100.0
2026-05-27,7718,友鋮,49.9,49.9,48.6,48.6,10,0,0,0,0.78,99.21,100.0
2026-05-27,7719,碳基,40.37,41.45,38.5,41.25,456,0,0,0,0.0,0.0,0.0
2026-05-27,7721,微程式,78.8,78.9,74.0,75.1,599,-89,0,0,1.65,98.34,100.0
2026-05-27,7722,LINEPAY,262.5,265.5,257.5,260.5,104,-16,0,1,59.6,40.39,100.0
2026-05-27,7723,築間,23.65,23.7,23.15,23.2,128,-1,0,0,0.44,99.55,100.0
2026-05-27,7724,諾亞克,23.52,24.0,22.8,23.65,63,0,0,0,0.0,0.0,0.0
2026-05-27,7725,列特博,21.16,20.9,20.9,20.9,5,0,0,0,0.0,0.0,0.0
2026-05-27,7726,暄達,33.85,33.9,32.65,33.9,7,0,0,0,0.0,0.0,0.0
2026-05-27,7728,光焱科技,775.0,794.0,736.0,737.0,203,-5,0,0,1.68,98.31,100.0
2026-05-27,7729,仲恩生醫,71.13,72.0,69.5,69.6,283,0,0,0,0.0,0.0,0.0
2026-05-27,7730,暉盛-創,212.0,214.5,209.0,212.0,155,-14,0,0,2.44,97.55,100.0
2026-05-27,7731,火星生技*,5.57,5.76,5.47,5.54,2333,50,0,0,0.0,0.0,0.0
2026-05-27,7732,金興精密,35.7,35.7,35.5,35.7,26,1,0,0,0.27,99.72,100.0
2026-05-27,7734,印能科技,3790.0,3955.0,3600.0,3840.0,431,-43,56,-8,3.67,96.32,100.0
2026-05-27,7736,虎山,72.0,73.1,71.1,71.1,15,4,0,0,1.15,98.84,100.0
2026-05-27,7737,凱鈿,42.45,42.5,40.85,42.5,41,0,0,0,0.0,0.0,0.0
2026-05-27,7738,東聯互動,167.5,167.5,165.5,166.0,38,-7,0,0,0.31,99.68,100.0
2026-05-27,7740,熙特爾-創,178.0,178.0,164.0,165.5,403,-18,0,0,4.69,95.3,100.0
2026-05-27,7742,天弘化,157.49,157.0,148.5,151.0,625,0,0,0,0.0,0.0,0.0
2026-05-27,7743,金利食安,19.0,19.0,18.75,19.0,28,0,0,0,2.88,97.11,100.0
2026-05-27,7744,崴寶,508.0,508.0,495.0,497.0,247,-63,0,0,27.95,72.04,100.0
2026-05-27,7745,紅陽,17.38,17.2,16.9,16.9,20,0,0,0,0.0,0.0,0.0
2026-05-27,7747,昕奇雲端,128.0,128.0,128.0,128.0,1,-1,0,0,0.73,99.26,100.0
2026-05-27,7748,鑫囍創業,21.1,21.1,20.1,20.1,8,0,0,0,0.0,0.0,0.0
2026-05-27,7749,意騰-KY,525.0,532.0,498.0,499.5,928,-160,0,-6,23.01,76.98,100.0
2026-05-27,7750,新代,2655.0,2665.0,2460.0,2510.0,510,-45,0,-11,16.66,83.33,100.0
2026-05-27,7751,竑騰,1815.0,1815.0,1585.0,1700.0,226,7,-82,26,4.05,95.94,100.0
2026-05-27,7752,世紀樺欣,27.28,27.4,26.1,26.45,127,0,0,0,0.0,0.0,0.0
2026-05-27,7753,星亞,43.3,45.0,43.25,44.45,101,9,0,0,0.25,99.74,100.0
2026-05-27,7754,安基生技,58.29,59.0,57.8,58.8,242,-1,0,0,0.0,0.0,0.0
2026-05-27,7756,多那之,42.89,42.65,40.85,42.65,4,0,0,0,0.0,0.0,0.0
2026-05-27,7757,金色三麥,104.0,105.0,103.0,103.5,36,0,0,0,19.47,80.52,100.0
2026-05-27,7758,睿騰能源,49.4,50.0,47.5,47.5,40,0,0,0,0.0,0.0,0.0
2026-05-27,7759,視航生醫,35.73,35.4,33.35,33.95,71,0,0,0,0.0,0.0,0.0
2026-05-27,7760,享溫馨,33.0,33.0,32.7,32.75,245,-15,0,-10,0.06,99.93,100.0
2026-05-27,7761,三大未來,39.11,39.55,38.7,39.15,148,0,0,0,0.0,0.0,0.0
2026-05-27,7762,吉晟生,53.02,53.9,52.6,53.7,68,-2,0,0,0.0,0.0,0.0
2026-05-27,7763,崇舜,219.23,220.0,200.0,203.0,259,0,0,0,0.0,0.0,0.0
2026-05-27,7764,聖州,12.8,13.05,12.6,12.75,66,0,0,0,0.0,0.0,0.0
2026-05-27,7765,中華資安,242.0,244.5,240.0,244.5,112,-3,1,-3,0.59,99.4,100.0
2026-05-27,7767,仁大資訊,43.4,43.4,43.0,43.25,45,0,0,0,0.11,99.88,100.0
2026-05-27,7768,頌勝科技,385.0,388.5,370.0,381.5,351,9,0,0,0.77,99.22,100.0
2026-05-27,7769,鴻勁,7855.0,7980.0,7800.0,7800.0,328,-58,-42,5,20.06,79.93,100.0
2026-05-27,7770,君曜,41.9,45.95,41.9,45.95,92,2,0,-48,0.21,99.78,100.0
2026-05-27,7771,綠基,54.35,54.9,52.8,54.7,12,0,0,0,0.0,0.0,0.0
2026-05-27,7772,耀穎,165.0,165.0,154.0,155.0,395,-21,0,0,0.54,99.45,100.0
2026-05-27,7773,富禾生醫,30.71,31.55,29.5,31.5,123,0,0,0,0.0,0.0,0.0
2026-05-27,7776,奧孟亞,26.56,26.85,25.95,25.95,105,0,0,0,0.0,0.0,0.0
2026-05-27,7777,能率亞洲,36.0,36.25,34.9,35.15,2951,24,0,-30,0.3,99.69,100.0
2026-05-27,7779,鍇睿國際,12.49,12.55,12.05,12.05,9,0,0,0,0.0,0.0,0.0
2026-05-27,7780,大研生醫*,17.9,18.05,17.65,17.75,1859,127,0,-7,0.47,99.52,100.0
2026-05-27,7781,昕力資*,31.05,31.95,30.0,30.5,3107,136,0,0,0.0,0.0,0.0
2026-05-27,7782,光速火箭,25.6,25.6,25.25,25.5,47,-2,0,0,0.26,99.73,100.0
2026-05-27,7783,佳運,100.25,103.0,97.0,98.0,49,0,0,0,0.0,0.0,0.0
2026-05-27,7784,安邦生技*,9.58,11.35,9.49,10.5,964,0,0,0,0.0,0.0,0.0
2026-05-27,7785,北祥科服,34.15,0.0,0.0,0.0,0,0,0,0,0.0,0.0,0.0
2026-05-27,7786,東方風能,118.0,123.0,117.0,117.0,182,-41,0,1,1.37,98.62,100.0
2026-05-27,7788,松川精密,196.0,197.0,185.0,188.5,743,-79,0,7,6.71,93.28,100.0
2026-05-27,7789,開展,35.1,0.0,0.0,0.0,0,0,0,0,0.0,0.0,0.0
2026-05-27,7790,思必瑞特,51.51,52.6,50.1,52.5,4,0,0,0,0.0,0.0,0.0
2026-05-27,7791,皇家可口,64.5,66.3,64.5,66.0,94,34,0,0,0.6,99.39,100.0
2026-05-27,7792,安葆,271.5,277.0,265.0,269.0,170,-37,0,2,17.99,82.0,100.0
2026-05-27,7794,宏碁智新,28.7,28.7,28.5,28.6,73,0,0,-10,1.35,98.64,100.0
2026-05-27,7795,長廣,420.5,425.0,405.0,407.0,440,58,0,0,8.77,91.22,100.0
2026-05-27,7796,擷發科,99.6,99.7,97.6,98.4,192,0,0,0,0.0,0.0,0.0
2026-05-27,7797,Q Burger,55.87,56.8,51.0,52.7,50,0,0,0,0.0,0.0,0.0
2026-05-27,7798,將捷,16.17,16.2,15.9,15.9,72,0,0,0,0.0,0.0,0.0
2026-05-27,7799,禾榮科,329.5,336.5,322.0,322.0,260,8,0,0,3.81,96.18,100.0
2026-05-27,7801,華芸科技,151.78,153.5,143.5,146.5,100,0,0,0,0.0,0.0,0.0
2026-05-27,7803,雲象科技-創,24.35,24.5,22.95,23.3,387,-4,0,-27,2.48,97.51,100.0
2026-05-27,7805,威聯通,807.0,807.0,771.0,776.0,108,10,0,1,10.27,89.72,100.0
2026-05-27,7806,精華生醫,66.64,66.8,66.8,66.8,1,0,0,0,0.0,0.0,0.0
2026-05-27,7808,訊聯智藥,38.1,38.85,37.4,37.45,34,0,0,0,0.0,0.0,0.0
2026-05-27,7810,捷創科技,237.0,240.5,227.0,227.0,160,-5,0,-4,0.52,99.47,100.0
2026-05-27,7811,民盛,81.5,81.5,78.9,78.9,8,1,0,0,0.32,99.67,100.0
2026-05-27,7812,稜研科技*,90.24,103.0,93.0,96.7,990,-1,0,0,0.0,0.0,0.0
2026-05-27,7813,宇辰系統,141.51,144.5,138.5,140.0,86,0,0,0,0.0,0.0,0.0
2026-05-27,7814,海昌生技,42.52,43.0,41.85,42.0,54,0,0,0,0.0,0.0,0.0
2026-05-27,7815,新特,490.14,501.0,476.5,481.0,140,0,0,0,0.0,0.0,0.0
2026-05-27,7816,來穎,65.87,67.2,65.5,66.3,41,0,0,0,0.0,0.0,0.0
2026-05-27,7818,溢泰實業,67.6,67.9,66.2,66.3,770,-84,0,0,0.1,99.89,100.0
2026-05-27,7819,精誠金融,50.4,50.4,45.7,45.8,1012,0,0,0,0.79,99.2,100.0
2026-05-27,7820,立盈,136.0,136.0,130.0,130.5,130,-3,0,0,0.07,99.92,100.0
2026-05-27,7821,神數,44.5,44.5,43.35,43.35,320,-55,0,0,0.41,99.58,100.0
2026-05-27,7822,倍利科,1180.0,1180.0,1125.0,1145.0,459,25,0,1,0.79,99.2,100.0
2026-05-27,7823,奧義賽博-KY創,100.0,100.0,94.0,98.9,52,-3,0,0,25.87,74.12,100.0
2026-05-27,7824,智寶,45.78,47.1,45.5,47.1,0,0,0,0,0.0,0.0,0.0
2026-05-27,7825,和亞智慧,127.91,130.0,116.5,123.0,254,0,0,0,0.0,0.0,0.0
2026-05-27,7826,極風雲創,43.45,43.45,43.45,43.45,0,0,0,0,0.0,0.0,0.0
2026-05-27,7827,漢康-KY創,130.83,146.0,133.0,146.0,1168,-33,0,0,0.0,0.0,0.0
2026-05-27,7828,創新服務,1450.0,1540.0,1435.0,1505.0,763,113,106,-11,22.31,77.68,100.0
2026-05-27,7829,思捷優達-KY,40.38,41.5,40.35,41.4,73,0,0,0,0.0,0.0,0.0
2026-05-27,7831,捷博,37.1,37.1,37.1,37.1,2,0,0,0,0.0,0.0,0.0
2026-05-27,7832,智新生技*,11.93,11.9,11.45,11.5,526,0,0,0,0.0,0.0,0.0
2026-05-27,7833,綠岩能源,28.47,29.3,28.0,29.3,2,0,0,0,0.0,0.0,0.0
2026-05-27,7834,來毅數位,19.18,19.8,18.9,19.75,7,0,0,0,0.0,0.0,0.0
2026-05-27,7836,智生活,54.49,54.9,54.1,54.9,3,0,0,0,0.0,0.0,0.0
2026-05-27,7837,啟新生,103.0,0.0,0.0,0.0,0,0,0,0,0.0,0.0,0.0
2026-05-27,7839,達人網,65.77,68.3,65.0,65.0,9,0,0,0,0.0,0.0,0.0
2026-05-27,7840,祥圃,38.0,37.0,36.5,37.0,2,0,0,0,0.0,0.0,0.0
2026-05-27,7841,經貿聯網,28.97,29.0,28.4,28.5,28,0,0,0,0.0,0.0,0.0
2026-05-27,7842,天能綠電,119.5,119.5,114.0,115.0,211,-63,0,0,0.03,99.96,100.0
2026-05-27,7843,英柏得,126.12,139.5,128.0,131.0,226,0,0,0,0.0,0.0,0.0
2026-05-27,7846,德揚,80.04,80.3,77.3,78.0,18,0,0,0,0.0,0.0,0.0
2026-05-27,7847,豊漁,22.04,22.0,20.9,21.5,56,0,0,0,0.0,0.0,0.0
2026-05-27,7848,騏億鑫,449.88,453.5,445.0,449.0,46,0,0,0,0.0,0.0,0.0
2026-05-27,7849,旭誼,176.96,175.0,167.0,175.0,2,0,0,0,0.0,0.0,0.0
2026-05-27,7850,寶泰生醫,18.17,18.1,17.75,18.1,140,1,0,0,0.0,0.0,0.0
2026-05-27,7851,慧康生技*-KY,40.81,40.95,39.25,40.45,151,0,0,0,0.0,0.0,0.0
2026-05-27,7853,政美應用,378.05,390.5,357.5,367.5,970,0,0,0,0.0,0.0,0.0
2026-05-27,7854,佐茂,93.44,99.5,94.0,99.5,156,0,0,0,0.0,0.0,0.0
2026-05-27,7855,和運租車,102.65,103.5,99.0,102.5,5,0,0,0,0.0,0.0,0.0
2026-05-27,7856,漢測,3427.98,3580.0,3380.0,3455.0,177,-9,0,0,0.0,0.0,0.0
2026-05-27,7857,合水先進,49.14,50.9,48.5,50.5,22,0,0,0,0.0,0.0,0.0
2026-05-27,7858,芝普,210.85,213.0,204.0,207.0,148,0,0,0,0.0,0.0,0.0
2026-05-27,7860,得生製藥,55.3,55.9,55.9,55.9,0,0,0,0,0.0,0.0,0.0
2026-05-27,7861,貝爾威勒,1355.35,1505.0,1365.0,1425.0,240,0,0,0,0.0,0.0,0.0
2026-05-27,7862,聚泰,35.05,33.5,33.25,33.5,10,0,0,0,0.0,0.0,0.0
2026-05-27,7863,中科物流,53.3,53.3,50.7,53.3,0,0,0,0,0.0,0.0,0.0
2026-05-27,7865,金聯成,53.68,59.3,53.8,59.3,139,0,0,0,0.0,0.0,0.0
2026-05-27,7866,丹立,253.23,267.5,248.0,257.5,361,0,0,0,0.0,0.0,0.0
2026-05-27,7867,特力屋,58.57,59.9,59.1,59.9,41,0,0,0,0.0,0.0,0.0
2026-05-27,7868,聖育,98.18,101.0,95.0,98.3,138,0,0,0,0.0,0.0,0.0
2026-05-27,7869,宏于電機,374.6,392.0,374.0,375.0,2,0,0,0,0.0,0.0,0.0
2026-05-27,7870,聯剛科技,167.39,181.0,171.0,181.0,71,0,0,0,0.0,0.0,0.0
2026-05-27,7871,安立璽榮-KY,66.6,71.3,66.1,68.3,641,0,0,0,0.0,0.0,0.0
2026-05-27,7872,登豐,64.36,71.0,64.6,67.9,241,0,0,0,0.0,0.0,0.0
2026-05-27,7875,安圖斯,134.85,133.5,127.5,129.0,6,0,0,0,0.0,0.0,0.0
2026-05-27,7876,鼎晉生技,35.04,37.0,34.85,36.8,318,0,0,0,0.0,0.0,0.0
2026-05-27,7877,海利普,41.49,41.65,40.8,41.35,24,0,0,0,0.0,0.0,0.0
2026-05-27,7878,藥祇,287.47,288.5,277.5,284.5,357,-15,0,0,0.0,0.0,0.0
2026-05-27,7879,益材科技,123.9,126.5,120.0,122.5,483,0,0,0,0.0,0.0,0.0
2026-05-27,7880,聖凰,197.64,196.0,189.0,189.5,165,0,0,0,0.0,0.0,0.0
2026-05-27,7881,科明,100.76,103.5,103.0,103.0,7,0,0,0,0.0,0.0,0.0
2026-05-27,7882,倍利創投,22.01,22.2,21.5,22.0,303,0,0,0,0.0,0.0,0.0
2026-05-27,7883,饗賓,291.17,304.5,288.0,304.5,107,0,0,0,0.0,0.0,0.0
2026-05-27,7885,宏羚,24.23,24.25,24.2,24.2,4,0,0,0,0.0,0.0,0.0
2026-05-27,7886,科建,187.85,192.5,184.0,186.0,63,0,0,0,0.0,0.0,0.0
2026-05-27,7887,宇川精材,266.05,266.5,250.0,254.5,1006,0,0,0,0.0,0.0,0.0
2026-05-27,7888,麗寶新藥,36.89,45.15,36.0,43.0,188,0,0,0,0.0,0.0,0.0
2026-05-27,7889,騰勢,84.25,83.7,83.7,83.7,1,0,0,0,0.0,0.0,0.0
2026-05-27,7890,明曜科技,112.14,113.0,109.5,109.5,33,0,0,0,0.0,0.0,0.0
2026-05-27,7891,博研醫藥,24.03,23.55,23.55,23.55,1,0,0,0,0.0,0.0,0.0
2026-05-27,7892,元鈦科,898.63,1000.0,897.0,936.0,174,0,0,0,0.0,0.0,0.0
2026-05-27,7893,睿信,213.23,213.0,199.0,204.5,76,0,0,0,0.0,0.0,0.0
2026-05-27,7895,元進莊,69.91,70.2,69.0,69.9,25,0,0,0,0.0,0.0,0.0
2026-05-27,7896,喬越,267.45,277.5,250.0,266.5,11,0,0,0,0.0,0.0,0.0
2026-05-27,7897,禾迅綠電,40.45,40.45,40.45,40.45,0,0,0,0,0.0,0.0,0.0
2026-05-27,7898,乾瞻,0.0,1020.0,650.0,836.0,1361,-64,0,0,0.0,0.0,0.0
2026-05-27,7899,景美,449.9,458.5,438.5,440.5,195,0,0,0,0.0,0.0,0.0
2026-05-27,7901,大大寬頻,73.42,76.0,73.5,75.9,7,0,0,0,0.0,0.0,0.0
2026-05-27,7902,宇越生醫*,39.49,40.15,38.55,40.15,203,0,0,0,0.0,0.0,0.0
2026-05-27,7904,任開數位,24.1,24.1,24.1,24.1,0,0,0,0,0.0,0.0,0.0
2026-05-27,7907,錸恩帕斯,275.57,280.0,260.0,271.0,44,0,0,0,0.0,0.0,0.0
2026-05-27,7909,鈺祥,800.29,819.0,760.0,762.0,228,-12,0,0,0.0,0.0,0.0
2026-05-27,7911,阿波羅電力,118.27,122.0,115.0,120.0,153,0,0,0,0.0,0.0,0.0
2026-05-27,7912,新聿科,518.68,704.0,537.0,654.0,733,16,0,0,0.0,0.0,0.0
2026-05-27,7913,通寶半導體,344.64,339.0,295.0,305.0,146,0,0,0,0.0,0.0,0.0
2026-05-27,7915,廌家,728.28,746.0,696.0,735.0,43,-1,0,0,0.0,0.0,0.0
2026-05-27,7918,創鉅材料,1183.18,1280.0,1165.0,1245.0,178,0,0,0,0.0,0.0,0.0
2026-05-27,7919,禾蒼,73.21,73.3,69.2,69.4,111,0,0,0,0.0,0.0,0.0
2026-05-27,7920,瀚陽*,7.81,8.73,7.71,8.15,6529,10,0,0,0.0,0.0,0.0
2026-05-27,7921,台普威,0.0,178.5,130.0,150.5,1832,-200,0,0,0.0,0.0,0.0
2026-05-27,7922,源點*,117.83,128.5,118.5,123.0,70,0,0,0,0.0,0.0,0.0
2026-05-27,8011,台通,17.9,17.9,17.55,17.55,1011,-266,0,0,2.55,97.44,100.0
2026-05-27,8016,矽創,292.0,305.0,290.0,301.0,4534,158,4,24,36.57,63.42,100.0
2026-05-27,8021,尖點,468.0,468.0,436.0,436.0,1348,-326,0,81,20.3,79.69,100.0
2026-05-27,8024,佑華,12.75,12.9,12.5,12.7,82,0,0,0,1.77,98.22,100.0
2026-05-27,8027,鈦昇,264.5,264.5,248.0,249.5,1288,119,0,0,7.64,92.35,100.0
2026-05-27,8028,昇陽半導體,318.0,318.0,301.5,308.0,7556,328,147,-105,27.35,72.64,100.0
2026-05-27,8032,光菱,47.0,47.1,44.55,45.95,371,-84,0,0,0.84,99.15,100.0
2026-05-27,8033,雷虎,137.5,138.0,134.5,135.0,2951,-47,0,-42,4.17,95.82,100.0
2026-05-27,8034,榮群,24.25,24.25,23.8,23.9,403,-121,0,0,9.23,90.76,100.0
2026-05-27,8038,長園科,41.35,41.65,40.6,40.7,462,-1,0,0,0.61,99.38,100.0
2026-05-27,8039,台虹,158.0,166.5,153.0,160.0,26875,2166,0,45,19.35,80.64,100.0
2026-05-27,8040,九暘,120.0,126.5,112.5,113.0,4984,-596,0,-1,5.02,94.97,100.0
2026-05-27,8042,金山電,147.5,159.0,147.5,150.5,1493,-68,0,168,17.51,82.48,100.0
2026-05-27,8043,蜜望實,122.5,132.5,120.0,132.0,17586,-1034,0,81,3.93,96.06,100.0
2026-05-27,8044,網家,27.15,29.2,26.6,28.3,1606,-288,0,0,5.48,94.51,100.0
2026-05-27,8045,達運光電,68.2,68.3,64.5,65.0,586,-108,0,-16,1.12,98.87,100.0
2026-05-27,8046,南電,939.0,966.0,897.0,905.0,22754,576,-792,-38,11.71,88.28,100.0
2026-05-27,8047,星雲,42.0,44.0,42.0,43.3,27,-1,0,0,0.52,99.47,100.0
2026-05-27,8048,德勝,64.0,64.3,62.5,63.6,349,29,0,19,14.74,85.25,100.0
2026-05-27,8049,晶采,27.15,27.15,26.5,26.65,438,-78,0,0,2.57,97.42,100.0
2026-05-27,8050,廣積,66.0,66.1,56.8,57.9,12298,-638,0,-8,3.64,96.35,100.0
2026-05-27,8054,安國,113.0,115.0,106.5,107.5,3007,-259,0,-25,4.72,95.27,100.0
2026-05-27,8058,耐特,107.88,111.0,102.0,106.0,244,0,0,0,0.0,0.0,0.0
2026-05-27,8059,凱碩,19.9,20.0,19.2,19.3,431,-77,0,0,0.66,99.33,100.0
2026-05-27,8064,東捷,153.0,153.5,140.0,143.0,12236,-1741,0,-44,9.77,90.22,100.0
2026-05-27,8066,來思達,16.2,16.2,15.55,15.6,79,-21,0,0,3.03,96.96,100.0
2026-05-27,8067,志旭,14.6,14.6,13.1,13.55,7,0,0,0,8.42,91.57,100.0
2026-05-27,8068,全達,20.1,20.3,19.65,19.8,451,0,0,0,9.69,90.3,100.0
2026-05-27,8069,元太,242.0,251.0,240.0,249.0,6948,1243,-18,361,41.36,58.63,100.0
2026-05-27,8070,長華*,50.8,51.3,49.4,50.3,11450,2760,-518,311,9.9,90.09,100.0
2026-05-27,8071,能率網通,20.15,20.25,19.5,19.5,992,-179,0,0,4.02,95.97,100.0
2026-05-27,8072,陞泰,27.9,27.95,27.45,27.65,277,-54,0,2,2.09,97.9,100.0
2026-05-27,8074,鉅橡,81.2,81.2,77.1,78.1,1916,-68,0,-14,5.65,94.34,100.0
2026-05-27,8076,伍豐,24.15,24.2,23.3,23.5,1397,-226,0,-1,6.06,93.93,100.0
2026-05-27,8077,洛碁,44.0,44.0,44.0,44.0,1,0,0,0,51.12,48.87,100.0
2026-05-27,8080,永利聯合,27.7,27.7,27.5,27.5,45,0,0,0,0.1,99.89,100.0
2026-05-27,8080,泰霖,27.7,27.7,27.5,27.5,45,0,0,0,0.1,99.89,100.0
2026-05-27,8081,致新,295.0,301.5,284.0,288.0,2001,-134,0,25,21.04,78.95,100.0
2026-05-27,8083,瑞穎,169.0,169.0,167.0,168.0,45,-12,0,0,3.16,96.83,100.0
2026-05-27,8084,巨虹,45.0,45.9,45.0,45.2,74,-34,0,0,1.11,98.88,100.0
2026-05-27,8085,福華,11.3,11.3,11.0,11.05,412,-44,0,0,4.35,95.64,100.0
2026-05-27,8086,宏捷科,182.5,183.0,170.5,173.5,15141,-2056,0,-280,25.7,74.29,100.0
2026-05-27,8087,華鎂鑫,32.45,32.9,32.25,32.25,82,0,0,8,3.02,96.97,100.0
2026-05-27,8087,麗升能源,32.45,32.9,32.25,32.25,82,0,0,8,3.02,96.97,100.0
2026-05-27,8088,品安,65.9,66.4,60.4,61.0,16890,1147,0,0,5.35,94.64,100.0
2026-05-27,8089,康全電訊,20.0,20.15,19.8,19.85,225,-28,0,0,4.43,95.56,100.0
2026-05-27,8091,翔名,280.0,280.0,264.0,269.0,432,27,0,2,13.4,86.59,100.0
2026-05-27,8092,建暐,18.2,18.2,17.25,17.5,138,-17,0,-1,0.51,99.48,100.0
2026-05-27,8093,保銳,18.2,18.2,17.8,18.0,37,2,0,0,0.05,99.94,100.0
2026-05-27,8096,擎亞,123.0,125.0,117.5,121.0,10695,-527,0,-96,30.06,69.93,100.0
2026-05-27,8097,常珵,57.5,58.2,57.2,57.7,89,21,0,0,2.75,97.24,100.0
2026-05-27,8098,慶康科技,386.61,391.5,378.5,384.5,44,-1,0,0,0.0,0.0,0.0
2026-05-27,8099,大世科,58.6,60.9,58.6,59.5,161,7,0,3,3.47,96.52,100.0
2026-05-27,8101,華冠,12.95,13.7,12.95,13.7,11,0,0,0,0.05,99.94,100.0
2026-05-27,8102,傑霖科技,64.9,65.0,62.1,63.6,20,0,0,0,0.17,99.82,100.0
2026-05-27,8103,瀚荃,109.5,111.0,106.0,106.0,2118,-800,0,28,23.94,76.05,100.0
2026-05-27,8104,錸寶,35.3,38.25,34.35,37.25,3914,763,0,1,2.93,97.06,100.0
2026-05-27,8105,凌巨,16.95,16.95,15.95,16.8,5527,999,0,14,42.07,57.92,100.0
2026-05-27,8107,大億金茂,11.4,11.4,11.2,11.2,137,22,0,0,0.53,99.46,100.0
2026-05-27,8109,博大,124.0,124.0,120.5,121.5,350,62,0,3,5.13,94.86,100.0
2026-05-27,8110,華東,60.0,60.6,57.1,60.6,68790,-3949,0,212,3.03,96.96,100.0
2026-05-27,8111,立碁,69.6,69.6,66.8,67.6,2436,99,0,75,6.12,93.87,100.0
2026-05-27,8112,至上,85.4,86.7,84.3,86.0,37232,3753,-5,427,18.96,81.03,100.0
2026-05-27,8114,振樺電,255.0,275.0,246.0,267.0,1396,-41,350,-9,12.09,87.82,100.0
2026-05-27,8119,公信,11.6,12.2,11.0,11.75,670,-25,0,0,0.0,0.0,0.0
2026-05-27,8121,越峰,40.8,43.2,40.2,41.0,2781,5,0,0,2.03,97.96,100.0
2026-05-27,8131,福懋科,70.1,71.7,67.3,68.9,14737,3464,0,69,3.72,96.27,100.0
2026-05-27,8147,正淩,192.0,192.0,173.0,175.5,1545,-498,0,-40,20.43,79.56,100.0
2026-05-27,8150,南茂,89.7,93.9,86.0,93.9,90891,10507,301,-126,43.86,56.13,100.0
2026-05-27,8155,博智,422.5,424.5,399.0,400.5,1961,-252,0,-25,10.62,89.37,100.0
2026-05-27,8162,微矽電子-創,75.3,76.0,70.5,71.0,1890,71,0,-8,2.38,97.61,100.0
2026-05-27,8163,達方,37.1,37.1,35.45,36.0,3551,-116,0,13,7.09,92.9,100.0
2026-05-27,8171,天宇,23.45,23.45,22.9,22.9,238,48,0,0,2.99,97.0,100.0
2026-05-27,8176,智捷,10.15,10.15,9.96,9.99,316,59,0,0,0.93,99.06,100.0
2026-05-27,8182,加高,47.2,47.2,43.1,44.1,3856,-766,0,-6,52.7,47.29,100.0
2026-05-27,8183,精星,32.1,32.95,32.1,32.55,852,-34,0,2,3.79,96.2,100.0
2026-05-27,8201,無敵,13.5,13.7,13.0,13.05,142,5,0,0,0.72,99.27,100.0
2026-05-27,8210,勤誠,1470.0,1470.0,1385.0,1395.0,1433,-419,249,-25,10.41,89.58,100.0
2026-05-27,8213,志超,39.4,41.85,39.4,40.65,3044,666,0,5,23.04,76.95,100.0
2026-05-27,8215,明基材,29.4,29.45,28.15,29.2,3822,-766,0,0,2.02,97.97,100.0
2026-05-27,8222,寶一,35.35,35.35,34.35,34.4,518,-90,0,10,2.46,97.53,100.0
2026-05-27,8227,巨有科技,226.5,235.0,212.0,224.5,3078,-55,0,-44,3.23,96.76,100.0
2026-05-27,8234,新漢,73.7,73.9,70.4,71.3,1163,-215,0,-18,2.66,97.33,100.0
2026-05-27,8240,華宏,71.0,71.3,66.7,68.2,3618,-737,0,-8,5.1,94.89,100.0
2026-05-27,8249,菱光,58.8,58.8,55.7,56.5,6028,-917,0,-12,1.08,98.91,100.0
2026-05-27,8255,朋程,198.5,205.0,184.5,185.5,6735,-197,0,-38,10.82,89.17,100.0
2026-05-27,8261,富鼎,212.5,212.5,188.0,195.0,19502,470,0,-40,10.45,89.54,100.0
2026-05-27,8271,宇瞻,245.0,249.0,228.0,232.5,5662,-1016,0,-33,12.0,87.99,100.0
2026-05-27,8272,全景軟體,70.3,71.9,70.0,70.6,12,0,0,0,0.21,99.78,100.0
2026-05-27,8277,商丞,7.1,7.15,7.08,7.12,368,6,0,0,1.89,98.1,100.0
2026-05-27,8279,生展,96.8,97.0,96.1,96.2,21,0,0,0,5.49,94.5,100.0
2026-05-27,8284,三竹,63.6,63.6,63.1,63.1,17,0,0,0,0.91,99.08,100.0
2026-05-27,8289,泰藝,70.2,70.9,67.1,68.9,5355,14,0,13,4.96,95.03,100.0
2026-05-27,8291,尚茂,121.0,121.0,121.0,121.0,84,0,0,0,73.46,26.53,100.0
2026-05-27,8298,威睿,49.52,50.5,48.05,49.5,28,3,0,0,0.0,0.0,0.0
2026-05-27,8299,群聯,2700.0,2730.0,2455.0,2480.0,10481,-1995,-194,-84,35.44,64.55,100.0
2026-05-27,8329,台視,10.24,10.35,10.05,10.3,31,0,0,0,0.0,0.0,0.0
2026-05-27,8341,日友,75.7,75.7,75.2,75.4,187,-31,0,1,4.2,95.79,100.0
2026-05-27,8342,益張,0.0,0.0,0.0,0.0,0,0,0,0,0.13,99.86,100.0
2026-05-27,8345,超秦,55.25,55.9,54.5,55.8,27,0,0,0,0.0,0.0,0.0
2026-05-27,8349,恒耀,41.0,41.0,40.35,40.8,253,125,0,0,1.15,98.84,100.0
2026-05-27,8354,冠好,16.95,17.15,16.75,16.85,1170,5,0,0,0.76,99.23,100.0
2026-05-27,8358,金居,540.0,566.0,540.0,560.0,4528,1206,-2,165,34.18,65.81,100.0
2026-05-27,8359,錢櫃,64.39,65.2,64.1,65.1,70,0,0,0,0.0,0.0,0.0
2026-05-27,8367,建新國際,40.6,41.45,40.5,40.55,33,7,0,1,1.51,98.48,100.0
2026-05-27,8374,羅昇,112.5,113.5,106.5,108.0,2683,-212,0,9,2.9,97.09,100.0
2026-05-27,8383,千附,62.3,62.3,59.5,60.2,1549,74,0,-6,13.63,86.36,100.0
2026-05-27,8390,金益鼎,122.0,122.0,118.0,121.5,931,208,0,-9,22.21,77.78,100.0
2026-05-27,8401,白紗科,22.9,22.9,22.7,22.75,84,-9,0,0,0.22,99.77,100.0
2026-05-27,8403,盛弘,19.65,19.65,19.2,19.25,510,-154,0,0,1.66,98.33,100.0
2026-05-27,8404,百和興業-KY,16.45,16.7,16.1,16.2,713,-116,0,8,52.83,47.16,100.0
2026-05-27,8409,商之器,19.2,19.2,19.05,19.1,17,0,0,0,0.12,99.87,100.0
2026-05-27,8410,森田,34.7,34.8,33.75,34.25,84,-5,0,0,0.66,99.33,100.0
2026-05-27,8411,福貞-KY,12.0,12.05,11.85,12.05,179,16,0,-1,53.76,46.23,100.0
2026-05-27,8415,大國鋼,35.0,35.0,34.55,34.85,557,-106,0,-106,6.66,93.33,100.0
2026-05-27,8416,實威,172.5,172.5,171.5,172.0,7,0,0,0,0.76,99.23,100.0
2026-05-27,8421,旭源,13.5,13.5,13.15,13.35,58,-5,0,3,0.55,99.44,100.0
2026-05-27,8422,可寧衛,27.5,27.6,27.1,27.3,6946,2181,-80,23,4.69,95.3,100.0
2026-05-27,8422,可寧衛*,27.5,27.6,27.1,27.3,6946,2181,-80,23,4.69,95.3,100.0
2026-05-27,8423,保綠-KY,17.55,17.9,17.55,17.55,42,3,0,0,24.93,75.06,100.0
2026-05-27,8424,惠普,73.0,73.0,72.9,73.0,22,1,0,0,0.52,99.47,100.0
2026-05-27,8426,紅木-KY,22.55,22.6,21.9,21.9,41,-1,0,0,67.58,32.41,100.0
2026-05-27,8429,金麗-KY,6.31,6.69,6.31,6.31,738,-105,0,0,30.18,69.81,100.0
2026-05-27,8431,匯鑽科,59.6,59.8,57.1,57.3,807,-20,0,-11,2.39,97.6,100.0
2026-05-27,8432,東生華,50.4,51.4,50.0,50.3,78,-5,0,0,0.85,99.14,100.0
2026-05-27,8433,弘帆,53.1,53.1,52.2,52.3,57,-8,0,0,1.43,98.56,100.0
2026-05-27,8435,鉅邁,54.7,54.8,54.7,54.7,42,-4,0,0,0.54,99.45,100.0
2026-05-27,8436,大江,119.5,119.5,116.0,116.5,867,-526,-12,-3,14.31,85.67,100.0
2026-05-27,8437,大地-KY,11.8,11.8,11.6,11.65,26,-1,0,0,24.21,75.78,100.0
2026-05-27,8438,昶昕,93.3,93.3,87.8,88.5,494,-34,0,-20,3.36,96.63,100.0
2026-05-27,8440,綠電,22.5,24.2,22.45,24.2,969,146,0,2,1.36,98.63,100.0
2026-05-27,8442,威宏-KY,40.0,40.0,39.4,39.8,131,16,0,1,55.73,44.26,100.0
2026-05-27,8443,阿瘦,11.15,11.3,11.15,11.25,16,6,0,0,3.72,96.27,100.0
2026-05-27,8444,綠河-KY,6.5,6.5,6.15,6.15,36,0,0,0,58.55,41.44,100.0
2026-05-27,8446,華研,84.7,85.5,84.7,85.5,115,49,0,0,4.79,95.2,100.0
2026-05-27,8450,霹靂,16.0,16.25,15.4,15.75,48,0,0,0,0.09,49.89,49.99
2026-05-27,8454,富邦媒,190.0,191.0,186.5,191.0,603,12,-1,5,12.71,87.28,100.0
2026-05-27,8455,大拓-KY,40.3,40.7,39.55,39.75,73,-1,0,0,87.81,12.18,100.0
2026-05-27,8458,影一,14.99,15.7,14.95,15.5,8,0,0,0,0.0,0.0,0.0
2026-05-27,8462,柏文,136.5,137.5,135.0,137.5,100,-22,0,0,3.75,96.24,100.0
2026-05-27,8463,潤泰材,21.9,21.9,21.55,21.6,74,-12,0,0,0.37,99.62,100.0
2026-05-27,8464,億豐,316.5,316.5,306.0,306.0,824,-241,0,0,42.11,57.88,100.0
2026-05-27,8466,美吉吉-KY,16.85,17.3,16.15,16.5,952,-84,0,0,50.29,49.7,100.0
2026-05-27,8467,波力-KY,131.5,131.5,130.0,130.5,24,-9,0,0,46.46,53.53,100.0
2026-05-27,8472,夠麻吉,72.4,72.4,69.5,70.5,26,-6,0,0,1.34,98.65,100.0
2026-05-27,8473,山林水,42.25,43.3,41.75,42.85,2053,559,0,0,3.63,96.36,100.0
2026-05-27,8476,台境,15.45,15.45,15.1,15.15,508,42,0,-1,1.38,98.61,100.0
2026-05-27,8476,台境*,15.45,15.45,15.1,15.15,508,42,0,-1,1.38,98.61,100.0
2026-05-27,8477,創業家,20.75,20.75,20.75,20.75,200,36,0,0,0.24,99.75,100.0
2026-05-27,8478,東哥遊艇,151.5,154.0,150.0,150.0,366,-122,0,2,39.39,60.6,100.0
2026-05-27,8481,政伸,40.55,40.9,40.5,40.8,47,11,0,0,0.39,99.6,100.0
2026-05-27,8482,商億-KY,48.0,49.1,48.0,48.05,5,3,0,0,91.72,8.27,100.0
2026-05-27,8487,愛爾達-創,81.7,82.8,81.6,81.6,89,-4,0,-4,0.94,49.04,49.99
2026-05-27,8488,吉源-KY,9.93,9.93,9.69,9.76,4,1,0,0,69.56,30.43,100.0
2026-05-27,8489,三貝德,23.8,23.8,22.95,22.95,110,-10,0,0,3.28,96.71,100.0
2026-05-27,8499,鼎炫-KY,336.0,336.5,312.5,313.5,310,33,0,-9,72.08,27.91,100.0
2026-05-27,8905,裕國,30.15,31.2,29.6,29.7,9,1,0,0,0.49,99.5,100.0
2026-05-27,8906,花王,25.0,25.0,24.8,24.95,50,-4,0,0,0.42,99.57,100.0
2026-05-27,8908,欣雄,40.6,40.75,40.4,40.7,285,101,0,0,0.27,99.72,100.0
2026-05-27,8916,光隆,45.4,45.5,45.05,45.15,186,-14,0,0,2.87,97.12,100.0
2026-05-27,8917,欣泰,52.8,53.3,52.8,53.1,14,-3,0,0,1.43,98.56,100.0
2026-05-27,8921,沈氏,0.0,0.0,0.0,0.0,0,0,0,0,0.18,99.81,100.0
2026-05-27,8923,時報,0.0,0.0,0.0,0.0,0,0,0,0,4.14,95.85,100.0
2026-05-27,8924,大田,64.0,64.0,63.4,63.5,430,-65,0,0,2.45,97.54,100.0
2026-05-27,8926,台汽電,69.0,72.5,68.8,72.3,27210,-2101,-1,-175,11.72,88.27,100.0
2026-05-27,8927,北基,18.4,18.4,17.9,18.3,1165,136,0,0,0.86,99.13,100.0
2026-05-27,8928,鉅明,21.15,21.3,21.0,21.1,33,2,0,0,0.33,99.66,100.0
2026-05-27,8929,富堡,13.8,13.8,13.7,13.75,35,1,0,0,0.28,99.71,100.0
2026-05-27,8930,青鋼,28.6,28.6,28.5,28.55,40,-17,0,0,2.65,97.34,100.0
2026-05-27,8931,大汽電,44.8,44.8,42.7,43.5,284,7,0,-3,0.21,99.78,100.0
2026-05-27,8932,智通*,102.5,103.0,99.5,100.0,3082,593,0,-37,28.36,71.63,100.0
2026-05-27,8933,愛地雅,4.35,4.36,4.28,4.3,460,-51,0,0,1.04,98.95,100.0
2026-05-27,8935,邦泰,19.95,20.1,19.65,19.8,515,63,0,0,2.09,97.9,100.0
2026-05-27,8936,國統,51.2,51.2,50.0,50.0,2604,-259,-15,0,8.65,91.34,100.0
2026-05-27,8937,合騏*,30.45,30.75,30.0,30.35,323,16,0,-6,5.55,94.44,100.0
2026-05-27,8938,明安,53.3,53.3,52.3,52.7,628,-46,0,0,6.36,93.63,100.0
2026-05-27,8940,新天地,16.75,16.85,16.6,16.7,47,-7,0,2,8.3,91.69,100.0
2026-05-27,8941,關中,44.05,44.45,44.05,44.3,10,0,0,0,0.19,99.8,100.0
2026-05-27,8942,森鉅,41.55,41.55,40.2,40.3,398,-56,0,0,13.69,86.3,100.0
2026-05-27,8996,高力,1260.0,1260.0,1175.0,1215.0,4104,-263,-122,-46,33.5,66.49,100.0
2026-05-27,8999,台灣積層,37.05,38.1,37.05,37.05,6,0,0,0,0.0,0.0,0.0
2026-05-27,9103,美德醫療-DR,5.36,5.48,5.27,5.43,2860,982,0,0,2.06,97.93,100.0
2026-05-27,9105,泰金寶-DR,8.97,8.97,7.95,8.56,339888,10252,0,-4744,3.09,96.9,100.0
2026-05-27,9110,越南控-DR,2.5,2.7,2.5,2.69,47,0,0,0,0.04,99.95,100.0
2026-05-27,9136,巨騰-DR,11.0,11.65,10.9,11.45,1741,419,0,0,3.18,96.81,100.0
2026-05-27,9802,鈺齊-KY,74.5,74.5,72.9,73.4,866,-253,0,3,41.59,58.4,100.0
2026-05-27,9902,台火,13.8,14.0,13.7,13.7,194,3,0,0,1.52,98.47,100.0
2026-05-27,9904,寶成,25.6,25.6,25.35,25.35,16984,-8757,-597,-46,32.58,67.41,100.0
2026-05-27,9905,大華,20.7,20.75,20.55,20.65,99,17,0,0,2.21,97.78,100.0
2026-05-27,9906,欣巴巴,33.2,33.8,32.1,33.4,211,-73,0,-4,1.2,98.79,100.0
2026-05-27,9907,統一實,15.95,16.0,15.8,15.85,3163,-1003,-82,9,14.49,85.5,100.0
2026-05-27,9908,大台北,29.1,29.15,29.05,29.15,282,45,0,4,1.44,98.55,100.0
2026-05-27,9910,豐泰,67.5,67.8,66.4,67.2,3259,-1290,490,-42,8.56,91.43,100.0
2026-05-27,9911,櫻花,82.2,82.5,81.8,82.0,413,-35,0,1,18.4,81.59,100.0
2026-05-27,9912,偉聯,12.45,12.55,12.4,12.45,43,16,0,3,15.87,84.12,100.0
2026-05-27,9914,美利達,67.4,67.4,64.7,64.9,2068,-407,0,-11,22.59,77.4,100.0
2026-05-27,9917,中保科,113.0,114.0,113.0,114.0,434,213,-5,5,39.65,60.34,100.0
2026-05-27,9918,欣天然,43.2,43.6,43.15,43.6,95,72,0,0,2.67,97.32,100.0
2026-05-27,9919,康那香,14.25,14.3,14.1,14.15,445,84,0,4,4.43,95.56,100.0
2026-05-27,9921,巨大,68.3,68.3,66.1,66.2,2335,-1313,0,-69,26.67,73.32,100.0
2026-05-27,9924,福興,41.9,41.9,41.6,41.7,274,-45,0,1,10.61,89.38,100.0
2026-05-27,9925,新保,40.1,40.2,40.1,40.2,222,-24,0,2,17.32,82.67,100.0
2026-05-27,9926,新海,48.95,49.2,48.95,48.95,18,7,0,0,0.65,99.34,100.0
2026-05-27,9927,泰銘,67.3,67.7,67.2,67.5,77,8,0,1,6.51,93.48,100.0
2026-05-27,9928,中視,17.95,17.95,17.6,17.8,43,0,0,0,0.0,0.0,0.0
2026-05-27,9929,秋雨,11.7,11.85,11.35,11.35,8,3,0,0,0.44,99.55,100.0
2026-05-27,9930,中聯資源,68.1,68.7,68.0,68.3,99,9,0,14,1.92,98.07,100.0
2026-05-27,9931,欣高,33.9,33.95,33.65,33.8,88,9,0,0,0.78,99.21,100.0
2026-05-27,9933,中鼎,40.7,40.85,38.95,39.35,6678,-391,-3,-422,16.88,83.11,100.0
2026-05-27,9934,成霖,9.6,9.6,9.51,9.54,377,-121,0,0,12.78,87.21,100.0
2026-05-27,9935,慶豐富,18.65,18.65,18.15,18.5,423,49,0,0,5.4,94.59,100.0
2026-05-27,9937,全國,55.7,55.7,54.9,55.4,49,11,0,2,1.7,98.29,100.0
2026-05-27,9938,百和,42.8,42.9,42.25,42.35,2054,-575,-17,8,10.78,89.21,100.0
2026-05-27,9939,宏全,122.5,124.0,122.0,122.5,845,9,-12,-2,14.05,85.94,100.0
2026-05-27,9940,信義,18.7,18.7,18.5,18.6,487,71,0,-5,3.52,96.47,100.0
2026-05-27,9941,裕融,72.8,73.1,72.0,72.0,2498,-1188,-11,2,6.45,93.54,100.0
2026-05-27,9942,茂順,118.0,118.0,117.0,117.0,75,-8,0,2,4.29,95.7,100.0
2026-05-27,9943,好樂迪,55.8,55.8,55.2,55.2,73,-5,0,0,1.12,98.87,100.0
2026-05-27,9944,新麗,16.95,17.0,16.75,16.85,120,7,0,-2,1.06,98.93,100.0
2026-05-27,9945,潤泰新,23.8,23.8,23.1,23.25,7578,-2549,-8,28,7.9,92.09,100.0
2026-05-27,9946,三發地產,16.35,16.35,16.1,16.2,500,-227,0,0,2.26,97.73,100.0
2026-05-27,9949,琉園,22.75,22.75,22.4,22.75,30,-1,0,0,2.49,97.5,100.0
2026-05-27,9950,萬國通,11.25,11.25,10.65,10.8,74,-4,0,0,0.04,99.95,100.0
2026-05-27,9951,皇田,52.3,52.3,51.5,51.7,158,-15,0,0,4.69,95.3,100.0
2026-05-27,9955,佳龍,28.4,28.4,27.7,27.75,390,-78,0,-1,4.66,95.33,100.0
2026-05-27,9957,燁聯,6.71,6.62,6.29,6.35,405,-22,0,0,0.0,0.0,0.0
2026-05-27,9958,世紀鋼,106.0,106.0,101.0,102.0,2412,-1096,0,-31,11.7,88.29,100.0
2026-05-27,9960,邁達康,29.9,30.4,29.2,30.4,72,14,0,0,9.0,90.99,100.0
2026-05-27,9962,有益,9.71,9.82,9.64,9.75,95,-23,0,0,0.32,99.67,100.0
