date,stock_id,stock_name,open,high,low,close,volume,day_trading_volume,foreign_buy,trust_buy,dealer_buy,foreign_hold_ratio,foreign_remain_ratio,foreign_limit_ratio
2026-05-11,0050,元大台灣50,96.65,97.15,96.5,96.9,96606,6150,-26938,2300,-18064,3.33,96.66,100.0
2026-05-11,0051,元大中型100,132.65,135.3,132.65,135.25,84,11,0,0,20,0.46,99.53,100.0
2026-05-11,0052,富邦科技,56.75,57.1,56.5,56.95,30943,1982,-6210,-197,-3364,1.97,98.02,100.0
2026-05-11,0053,元大電子,223.95,225.0,222.85,224.25,30,3,0,0,7,0.74,99.25,100.0
2026-05-11,0055,元大MSCI金融,34.39,34.48,34.0,34.0,597,88,83,0,-179,0.9,99.09,100.0
2026-05-11,0056,元大高股息,45.04,45.79,44.85,45.76,70902,6120,3631,1180,28571,1.3,98.69,100.0
2026-05-11,0057,富邦摩台,287.65,289.1,287.0,288.35,9,0,1,0,0,5.12,94.87,100.0
2026-05-11,0061,元大寶滬深,24.82,25.19,24.82,25.17,414,1,288,0,-113,4.41,95.58,100.0
2026-05-11,1101,台泥,25.15,25.65,25.05,25.4,23860,4572,8334,-3,-99,16.66,83.33,100.0
2026-05-11,1102,亞泥,35.0,35.05,34.6,34.65,8502,1090,-3958,-39,-365,16.28,83.71,100.0
2026-05-11,1103,嘉泥,13.4,13.55,13.35,13.45,241,41,21,0,-3,4.55,95.44,100.0
2026-05-11,1104,環泥,28.3,28.45,28.25,28.3,610,23,-244,0,-6,15.76,84.23,100.0
2026-05-11,1108,幸福,14.6,14.65,14.55,14.6,241,2,114,0,0,1.36,98.63,100.0
2026-05-11,1109,信大,15.45,15.5,15.3,15.5,283,32,12,0,-3,2.39,97.6,100.0
2026-05-11,1110,東泥,15.0,15.35,14.75,15.35,186,78,6,0,-5,5.89,94.1,100.0
2026-05-11,1201,味全,12.35,12.35,12.2,12.25,418,27,-87,0,-11,5.1,94.89,100.0
2026-05-11,1203,味王,44.0,44.0,44.0,44.0,5,0,0,0,0,1.72,98.27,100.0
2026-05-11,1210,大成,52.8,53.0,52.1,52.3,2608,538,-1221,0,-4,11.95,88.04,100.0
2026-05-11,1213,大飲,8.58,9.0,8.34,9.0,43,0,0,0,0,0.01,99.98,100.0
2026-05-11,1215,卜蜂,134.0,134.0,130.5,133.0,1952,236,-790,0,62,36.08,63.91,100.0
2026-05-11,1216,統一,73.0,74.2,72.5,73.9,15953,3222,3202,-169,-607,32.37,67.62,100.0
2026-05-11,1217,愛之味,9.66,9.69,9.62,9.63,727,45,-140,0,-10,7.59,92.4,100.0
2026-05-11,1218,泰山,19.2,19.2,19.05,19.15,558,54,-76,0,-8,4.15,95.84,100.0
2026-05-11,1219,福壽,13.4,13.4,13.25,13.3,838,182,-54,0,-1,5.71,94.28,100.0
2026-05-11,1220,台榮,12.25,12.4,12.1,12.35,282,34,-7,0,1,7.21,92.78,100.0
2026-05-11,1225,福懋油,32.0,32.25,31.7,32.05,627,34,42,0,6,1.42,98.57,100.0
2026-05-11,1227,佳格,29.05,29.2,28.85,28.85,986,94,-433,9,-14,5.7,94.29,100.0
2026-05-11,1229,聯華,42.1,42.1,41.0,41.1,5460,296,-3052,0,-38,9.23,90.76,100.0
2026-05-11,1231,聯華食,86.5,87.3,86.5,87.0,276,12,143,0,-1,2.83,97.16,100.0
2026-05-11,1232,大統益,148.0,149.0,148.0,148.0,91,7,-6,0,-2,2.65,97.34,100.0
2026-05-11,1233,天仁,29.0,29.0,28.75,28.75,22,2,1,0,-1,5.63,94.36,100.0
2026-05-11,1234,黑松,35.2,35.2,35.0,35.05,160,2,-14,0,-28,4.83,95.16,100.0
2026-05-11,1235,興泰,44.15,45.5,44.15,44.8,26,2,3,0,0,0.26,99.73,100.0
2026-05-11,1236,宏亞,26.15,26.45,26.0,26.4,51,15,-1,0,0,0.5,99.49,100.0
2026-05-11,1240,茂生農經,59.3,59.5,58.6,59.0,53,3,-9,0,16,3.67,96.32,100.0
2026-05-11,1256,鮮活果汁-KY,176.0,181.5,174.5,177.0,142,42,-21,0,-5,4.62,95.37,100.0
2026-05-11,1259,安心,57.5,57.5,56.7,57.5,12,2,-1,0,0,26.11,73.88,100.0
2026-05-11,1260,富味鄉,23.94,24.75,24.0,24.75,24,0,0,0,0,0.0,0.0,0.0
2026-05-11,1264,德麥,272.5,274.0,271.5,271.5,61,4,13,0,-30,1.62,98.37,100.0
2026-05-11,1268,漢來美食,160.0,160.0,159.0,159.5,94,2,6,0,0,1.56,98.43,100.0
2026-05-11,1269,乾杯,71.74,72.2,68.8,71.9,3,0,0,0,0,0.0,0.0,0.0
2026-05-11,1271,晨暉生技,66.01,72.9,66.4,70.9,454,0,-2,0,0,0.0,0.0,0.0
2026-05-11,1293,利統,28.1,28.0,26.7,28.0,22,0,0,0,0,0.0,0.0,0.0
2026-05-11,1294,漢田生技,78.3,79.2,78.1,79.2,20,1,2,0,0,0.68,99.31,100.0
2026-05-11,1295,生合,54.1,54.2,53.4,53.7,84,7,-11,0,0,1.87,98.12,100.0
2026-05-11,1301,台塑,48.0,51.0,47.95,49.25,18754,6909,3759,-2,-44,31.08,68.91,100.0
2026-05-11,1303,南亞,89.8,92.3,89.5,91.5,53717,25693,14415,-28,122,33.38,66.61,100.0
2026-05-11,1304,台聚,12.8,13.2,12.8,13.05,4518,992,2146,0,47,28.03,71.96,100.0
2026-05-11,1305,華夏,12.95,13.45,12.9,13.35,4155,1215,1243,0,94,4.11,95.88,100.0
2026-05-11,1307,三芳,32.25,33.0,32.25,32.45,1959,436,479,-29,-128,6.19,93.8,100.0
2026-05-11,1308,亞聚,13.55,13.9,13.5,13.65,2984,885,726,0,51,3.87,96.12,100.0
2026-05-11,1309,台達化,17.05,17.4,16.8,16.9,5214,2139,-422,0,-1,2.75,97.24,100.0
2026-05-11,1310,台苯,8.6,8.81,8.59,8.64,2922,836,75,0,-23,4.9,95.09,100.0
2026-05-11,1312,國喬,11.8,12.25,11.8,11.8,6030,1508,1931,0,19,4.59,95.4,100.0
2026-05-11,1313,聯成,11.1,11.55,11.1,11.25,2987,927,725,0,-46,5.99,94.0,100.0
2026-05-11,1314,中石化,7.14,7.19,7.07,7.09,20804,3546,1631,0,-1,8.64,91.35,100.0
2026-05-11,1315,達新,61.6,61.8,61.6,61.8,17,3,0,0,-1,1.32,98.67,100.0
2026-05-11,1316,上曜,11.3,11.65,11.25,11.45,2066,399,519,0,24,4.48,95.51,100.0
2026-05-11,1319,東陽,81.4,81.4,80.0,80.8,2985,377,-1142,211,-74,7.77,92.22,100.0
2026-05-11,1321,大洋,29.55,29.7,29.4,29.6,131,16,-24,0,0,6.8,93.19,100.0
2026-05-11,1323,永裕,19.3,20.0,19.3,19.75,281,75,18,0,3,1.51,98.48,100.0
2026-05-11,1324,地球,10.4,10.4,10.2,10.3,56,6,-9,0,-2,0.8,99.19,100.0
2026-05-11,1325,恆大,27.9,29.0,27.6,27.65,1271,415,9,0,-2,1.35,98.64,100.0
2026-05-11,1326,台化,46.3,48.75,46.3,47.8,23048,6763,8066,0,72,37.3,62.69,100.0
2026-05-11,1336,台翰,13.85,13.95,13.8,13.8,71,7,14,0,0,4.42,95.57,100.0
2026-05-11,1337,再生-KY,4.98,5.0,4.9,4.9,727,72,-78,0,0,25.72,74.27,100.0
2026-05-11,1338,廣華-KY,16.1,16.95,16.1,16.45,146,43,-14,0,-3,6.24,93.75,100.0
2026-05-11,1339,昭輝,41.6,41.6,40.6,41.0,129,21,-25,0,-2,1.0,98.99,100.0
2026-05-11,1340,勝悅-KY,5.65,5.73,5.49,5.53,244,35,-57,0,-6,26.67,73.32,100.0
2026-05-11,1341,富林-KY,61.2,62.3,61.2,61.4,5,0,1,0,0,79.87,20.12,100.0
2026-05-11,1342,八貫,94.4,95.6,94.1,95.5,298,78,48,0,0,29.93,70.06,100.0
2026-05-11,1343,旭東環保,20.57,21.1,20.5,20.9,34,0,0,0,0,0.0,0.0,0.0
2026-05-11,1402,遠東新,26.15,26.5,26.1,26.35,10765,1408,4237,43,-38,17.79,82.2,100.0
2026-05-11,1409,新纖,16.9,17.3,16.8,17.2,10998,1381,5780,0,133,13.12,86.87,100.0
2026-05-11,1410,南染,27.55,28.45,27.5,27.5,174,141,1,0,-2,18.91,81.08,100.0
2026-05-11,1413,宏洲,9.5,9.64,9.5,9.63,17,0,3,0,0,0.41,99.58,100.0
2026-05-11,1414,東和,16.4,16.45,16.15,16.25,152,72,-41,0,-1,1.27,98.72,100.0
2026-05-11,1416,廣豐,11.35,11.35,11.25,11.3,132,17,-9,0,0,6.08,93.91,100.0
2026-05-11,1417,嘉裕,8.71,8.79,8.61,8.67,191,45,24,0,-56,1.0,98.99,100.0
2026-05-11,1418,東華,19.45,19.45,18.7,18.8,14,6,-2,0,0,0.94,99.05,100.0
2026-05-11,1419,新紡,64.1,64.2,63.8,64.1,45,7,5,0,-2,1.2,98.79,100.0
2026-05-11,1423,利華,40.85,40.9,40.5,40.55,65,3,3,0,-6,1.57,98.42,100.0
2026-05-11,1432,大魯閣,16.85,16.85,16.7,16.75,195,15,-19,0,-6,0.39,99.6,100.0
2026-05-11,1434,福懋,15.95,16.25,15.9,15.9,2133,728,-8,14,-2,7.55,92.44,100.0
2026-05-11,1436,華友聯,48.9,49.3,48.35,48.7,308,37,81,-2,-2,4.65,95.34,100.0
2026-05-11,1437,勤益控,29.0,29.0,28.7,28.75,214,4,-28,0,0,8.03,91.96,100.0
2026-05-11,1438,三地開發,20.45,21.7,19.1,21.7,204,55,24,0,-5,0.47,99.52,100.0
2026-05-11,1439,雋揚,27.0,27.0,26.35,26.65,32,14,-2,0,2,0.44,99.55,100.0
2026-05-11,1440,南紡,12.2,12.25,12.1,12.15,1805,137,-462,0,-96,7.63,92.36,100.0
2026-05-11,1441,大東,9.78,9.9,9.74,9.9,82,0,7,0,1,1.35,98.64,100.0
2026-05-11,1442,名軒,26.9,27.05,26.6,26.9,344,91,-54,0,-8,8.9,91.09,100.0
2026-05-11,1443,立益,27.4,27.6,26.9,27.6,30,9,2,0,-3,0.32,99.67,100.0
2026-05-11,1443,立益物流,27.4,27.6,26.9,27.6,30,9,2,0,-3,0.32,99.67,100.0
2026-05-11,1444,力麗,6.0,6.02,5.93,5.96,823,0,-59,0,0,5.18,94.81,100.0
2026-05-11,1445,大宇,12.55,12.55,12.3,12.5,101,8,-12,0,-4,2.92,97.07,100.0
2026-05-11,1446,宏和,15.8,15.8,15.45,15.6,325,13,-51,0,-3,6.16,93.83,100.0
2026-05-11,1447,力鵬,4.98,5.04,4.95,4.96,779,0,-182,0,0,3.3,96.69,100.0
2026-05-11,1449,佳和,13.95,14.2,13.95,14.2,2470,654,374,0,7,6.53,93.46,100.0
2026-05-11,1451,年興,17.0,17.0,16.7,16.75,190,8,-18,0,4,5.4,94.59,100.0
2026-05-11,1452,宏益,11.2,11.2,11.05,11.05,141,1,-10,0,0,1.95,98.04,100.0
2026-05-11,1453,大將,11.6,11.65,11.5,11.55,108,9,4,0,-7,0.57,99.42,100.0
2026-05-11,1454,台富,13.7,14.1,13.55,13.65,46,10,5,0,-9,0.44,99.55,100.0
2026-05-11,1455,集盛,8.15,8.2,8.06,8.13,398,105,39,0,0,2.4,97.59,100.0
2026-05-11,1456,怡華,14.05,14.7,13.95,14.65,468,44,2,0,3,0.51,99.48,100.0
2026-05-11,1457,宜進,14.45,14.55,14.4,14.45,198,11,7,0,-1,1.76,98.23,100.0
2026-05-11,1459,聯發,11.8,12.0,11.8,11.95,267,5,8,0,-4,1.71,98.28,100.0
2026-05-11,1460,宏遠,7.25,7.31,7.19,7.19,691,0,-113,0,0,2.08,97.91,100.0
2026-05-11,1463,強盛新,18.15,18.25,18.05,18.25,32,3,3,0,0,11.51,88.48,100.0
2026-05-11,1464,得力,10.0,10.1,9.99,10.05,471,24,128,0,-6,1.77,98.22,100.0
2026-05-11,1465,偉全,12.3,12.3,12.1,12.15,64,7,3,0,-9,0.48,99.51,100.0
2026-05-11,1466,聚隆,15.85,15.85,15.3,15.85,274,135,47,0,-1,0.55,99.44,100.0
2026-05-11,1467,南緯,7.19,7.24,7.09,7.15,243,38,29,0,-5,19.24,80.75,100.0
2026-05-11,1468,昶和,12.4,12.5,12.25,12.45,48,0,5,0,-2,2.06,97.93,100.0
2026-05-11,1470,大統新創,22.15,22.35,22.15,22.25,37,10,2,0,-1,0.28,99.71,100.0
2026-05-11,1471,首利,11.05,11.1,10.85,11.0,923,0,-53,0,-9,0.83,99.16,100.0
2026-05-11,1472,三洋實業,90.0,90.9,89.4,90.9,12,2,0,0,-3,0.85,99.14,100.0
2026-05-11,1473,台南,21.0,21.0,20.55,20.8,88,8,8,0,-2,5.33,94.66,100.0
2026-05-11,1474,弘裕,10.1,10.15,9.94,9.97,95,4,5,0,-10,0.62,99.37,100.0
2026-05-11,1475,業旺,27.5,27.8,27.35,27.65,54,5,2,0,-2,0.49,99.5,100.0
2026-05-11,1476,儒鴻,344.0,352.0,343.0,345.5,1072,304,-210,-9,0,30.48,69.51,100.0
2026-05-11,1477,聚陽,223.5,226.0,215.5,218.0,2053,497,-776,111,-28,16.24,83.75,100.0
2026-05-11,1480,東盟開發,9.31,9.45,9.45,9.45,0,0,0,0,0,0.0,0.0,0.0
2026-05-11,1503,士電,209.5,211.0,203.0,206.5,4365,1601,-94,0,158,31.34,68.65,100.0
2026-05-11,1504,東元,73.6,73.8,71.7,72.6,14702,4939,-4101,0,-63,11.63,88.36,100.0
2026-05-11,1506,正道,10.5,10.8,10.5,10.75,172,0,44,0,-7,0.55,99.44,100.0
2026-05-11,1512,瑞利,7.23,7.3,7.2,7.21,123,0,-1,0,-9,5.43,94.56,100.0
2026-05-11,1513,中興電,159.5,159.5,156.0,158.5,7010,1663,-225,-11,-104,14.23,85.76,100.0
2026-05-11,1514,亞力,125.0,127.0,122.5,126.5,9838,4337,-60,0,44,16.67,83.32,100.0
2026-05-11,1515,力山,23.15,24.1,23.15,24.1,1294,224,122,0,11,4.52,95.47,100.0
2026-05-11,1516,川飛,21.1,21.9,20.7,21.75,97,0,22,0,1,6.05,93.94,100.0
2026-05-11,1517,利奇,10.1,10.3,10.05,10.2,286,46,49,0,-2,2.41,97.58,100.0
2026-05-11,1519,華城,918.0,924.0,893.0,921.0,3284,1431,-93,-1,32,21.4,78.59,100.0
2026-05-11,1521,大億,24.9,25.8,24.9,25.7,99,1,9,0,-1,33.04,66.95,100.0
2026-05-11,1522,堤維西,32.0,32.0,31.2,31.6,1798,227,-800,-4,-5,3.32,96.67,100.0
2026-05-11,1524,耿鼎,29.5,29.6,29.05,29.55,1087,280,160,0,0,1.42,98.57,100.0
2026-05-11,1525,江申,61.2,62.5,61.2,62.0,57,6,-4,0,0,0.32,99.67,100.0
2026-05-11,1526,日馳,15.6,15.7,15.55,15.6,96,5,4,0,-6,2.45,97.54,100.0
2026-05-11,1527,鑽全,32.4,32.55,32.25,32.4,303,14,-36,0,-3,10.03,89.96,100.0
2026-05-11,1528,恩德,26.5,26.9,26.1,26.15,5384,2097,-525,0,5,4.24,95.75,100.0
2026-05-11,1529,樂事綠能,22.75,23.1,22.35,22.45,759,118,71,0,-5,1.2,98.79,100.0
2026-05-11,1530,亞崴,26.35,27.0,26.35,26.6,51,13,9,0,2,0.7,99.29,100.0
2026-05-11,1531,高林股,13.05,13.05,12.75,12.9,243,10,-20,0,-12,1.4,98.59,100.0
2026-05-11,1532,勤美,20.65,20.7,20.45,20.6,585,62,145,-4,3,7.44,92.55,100.0
2026-05-11,1533,車王電,34.15,34.2,33.55,33.85,257,21,19,0,0,6.13,93.86,100.0
2026-05-11,1535,中宇,50.4,50.5,50.1,50.1,86,2,-33,0,-2,1.17,98.82,100.0
2026-05-11,1536,和大,54.0,56.2,53.7,55.3,2053,685,358,0,81,7.59,92.4,100.0
2026-05-11,1537,廣隆,123.0,126.0,123.0,125.5,368,14,20,0,0,15.44,84.55,100.0
2026-05-11,1538,正峰,11.35,12.2,11.1,11.65,41,0,-3,0,0,0.06,99.93,100.0
2026-05-11,1539,巨庭,15.55,15.9,15.55,15.7,114,16,9,0,-1,0.89,99.1,100.0
2026-05-11,1540,喬福,20.75,20.85,20.65,20.8,338,38,3,0,-3,2.02,97.97,100.0
2026-05-11,1541,錩泰,23.9,23.9,22.6,22.95,135,16,-12,0,-2,9.8,90.19,100.0
2026-05-11,1558,伸興,91.3,92.2,91.1,92.2,93,3,48,0,0,6.7,93.29,100.0
2026-05-11,1560,中砂,584.0,629.0,581.0,629.0,4553,1241,1957,-4,0,40.1,59.89,100.0
2026-05-11,1563,巧新,44.0,44.0,43.2,43.8,692,142,150,0,0,2.17,97.82,100.0
2026-05-11,1565,精華,102.5,102.5,100.0,100.0,401,32,-56,0,-2,7.82,92.17,100.0
2026-05-11,1568,倉佑,28.95,29.2,28.25,28.8,403,58,-26,0,-6,1.83,98.16,100.0
2026-05-11,1569,濱川,56.2,57.8,55.4,55.8,1826,433,-359,0,4,5.33,94.66,100.0
2026-05-11,1570,力肯,37.6,40.35,37.6,39.95,471,95,102,0,0,3.09,96.9,100.0
2026-05-11,1580,新麥,122.5,124.5,122.5,123.5,82,7,-14,0,0,5.16,94.83,100.0
2026-05-11,1582,信錦,88.5,89.8,87.7,89.5,1637,463,26,400,18,4.32,95.67,100.0
2026-05-11,1583,程泰,47.6,49.5,47.6,49.0,92,10,47,0,0,0.43,99.56,100.0
2026-05-11,1584,精剛,20.1,21.5,20.1,20.4,1885,799,-183,0,0,3.8,96.19,100.0
2026-05-11,1586,和勤,21.6,21.8,21.45,21.65,176,46,-21,0,0,1.51,98.18,100.0
2026-05-11,1587,吉茂,31.45,31.45,29.35,29.9,1030,206,-266,0,-3,20.43,79.56,100.0
2026-05-11,1590,亞德客-KY,1540.0,1600.0,1515.0,1550.0,1532,434,218,-2,-22,79.6,20.39,100.0
2026-05-11,1591,駿吉-KY,65.5,66.1,62.9,63.6,1344,521,-76,0,0,5.28,94.71,100.0
2026-05-11,1593,祺驊,31.1,32.5,31.1,32.5,72,10,6,0,0,5.94,94.05,100.0
2026-05-11,1594,日高,11.07,11.45,10.0,10.5,179,0,8,0,0,0.0,0.0,0.0
2026-05-11,1595,川寶,93.1,94.6,92.5,94.1,1020,0,-4,0,7,5.48,94.51,100.0
2026-05-11,1597,直得,176.0,184.0,173.0,182.0,2049,0,229,0,108,8.56,91.43,100.0
2026-05-11,1598,岱宇,22.2,22.45,21.75,21.8,438,103,-66,0,-5,1.64,98.35,100.0
2026-05-11,1599,宏佳騰,24.65,24.65,24.35,24.45,51,2,-5,0,0,7.83,92.16,100.0
2026-05-11,1603,華電,32.35,33.15,32.3,32.85,516,70,-21,0,-1,2.51,97.48,100.0
2026-05-11,1604,聲寶,22.75,22.8,22.7,22.8,400,9,50,0,-4,7.47,92.52,100.0
2026-05-11,1605,華新,34.4,35.3,33.65,35.0,74486,30802,6011,-8,1246,14.24,85.75,100.0
2026-05-11,1608,華榮,34.4,34.65,34.0,34.25,3365,727,1110,-36,-18,3.58,96.41,100.0
2026-05-11,1609,大亞,36.5,36.5,35.3,36.35,9597,3706,-1470,0,6,12.32,87.67,100.0
2026-05-11,1611,中電,11.9,11.9,11.75,11.8,526,55,-128,0,0,9.95,90.04,100.0
2026-05-11,1612,宏泰,37.0,37.45,36.7,37.25,1196,162,518,-26,-10,18.42,81.57,100.0
2026-05-11,1614,三洋電,31.75,31.95,31.7,31.85,66,3,2,0,-2,2.28,97.71,100.0
2026-05-11,1615,大山,44.75,44.75,44.05,44.3,341,33,-24,0,0,1.06,98.93,100.0
2026-05-11,1616,億泰,22.55,22.65,22.05,22.35,463,99,117,0,-1,2.41,97.58,100.0
2026-05-11,1617,榮星,15.1,15.15,14.55,14.9,225,29,24,0,-1,19.57,80.42,100.0
2026-05-11,1618,合機,38.5,38.7,38.05,38.6,911,151,-143,0,-9,0.83,99.16,100.0
2026-05-11,1623,大東電,249.5,250.0,240.5,242.5,349,0,-1,0,0,0.42,99.57,100.0
2026-05-11,1626,艾美特-KY,10.95,11.0,10.8,10.85,67,7,1,0,-7,43.59,56.4,100.0
2026-05-11,1702,南僑,34.35,34.35,34.05,34.15,561,30,-171,0,-4,8.63,91.36,100.0
2026-05-11,1707,葡萄王,113.0,113.5,112.5,113.0,122,9,-2,0,-2,14.52,85.47,100.0
2026-05-11,1708,東鹼,38.65,40.4,38.55,40.15,6248,1186,3168,0,151,15.92,84.07,100.0
2026-05-11,1709,和益,18.7,18.9,18.4,18.5,781,104,27,0,-24,3.26,96.73,100.0
2026-05-11,1710,東聯,12.2,12.6,12.2,12.45,2275,345,712,0,78,4.56,95.43,100.0
2026-05-11,1711,永光,57.0,59.3,54.0,54.2,40774,13521,-12134,-629,-266,4.71,95.28,100.0
2026-05-11,1712,興農,41.95,41.95,41.1,41.45,1346,209,-344,0,-5,15.27,84.72,100.0
2026-05-11,1713,國化,46.5,47.9,46.5,47.35,176,20,59,0,1,1.07,98.92,100.0
2026-05-11,1714,和桐,9.54,9.88,9.54,9.81,8691,1694,3573,0,65,20.42,79.57,100.0
2026-05-11,1717,長興,79.4,83.6,79.4,80.8,84480,40793,18439,0,1843,11.21,88.78,100.0
2026-05-11,1718,中纖,6.38,6.52,6.37,6.48,3648,733,773,0,55,5.64,94.35,100.0
2026-05-11,1720,生達,61.2,61.4,60.9,61.1,213,31,-45,0,-2,5.07,94.92,100.0
2026-05-11,1721,三晃,28.9,31.35,27.1,31.35,12326,0,-754,0,65,3.97,96.02,100.0
2026-05-11,1722,台肥,46.9,47.5,46.85,47.1,4403,654,411,0,5,7.4,92.59,100.0
2026-05-11,1723,中碳,80.0,82.3,80.0,80.8,1171,397,95,0,6,8.03,91.96,100.0
2026-05-11,1725,元禎,32.75,33.25,32.45,32.8,317,121,-2,0,-2,0.36,99.63,100.0
2026-05-11,1726,永記,76.5,76.5,76.0,76.1,9,1,-2,0,0,12.95,87.04,100.0
2026-05-11,1727,中華化,72.8,77.6,72.8,76.3,8600,4273,-671,0,-3,6.09,93.9,100.0
2026-05-11,1730,花仙子,52.8,52.9,52.6,52.7,71,5,3,0,0,6.78,93.21,100.0
2026-05-11,1731,美吾華,21.8,21.8,21.65,21.65,120,7,-12,0,-9,1.21,98.78,100.0
2026-05-11,1732,毛寶,27.1,27.9,26.6,26.75,678,323,-14,0,0,2.41,97.58,100.0
2026-05-11,1733,五鼎,28.85,29.0,28.5,28.55,131,13,-6,0,-12,3.7,96.29,100.0
2026-05-11,1734,杏輝,30.65,30.75,30.45,30.55,490,28,-209,0,1,5.25,94.74,100.0
2026-05-11,1735,日勝化,26.1,27.9,26.1,27.3,1688,774,114,0,1,50.83,49.16,100.0
2026-05-11,1736,喬山,126.0,126.0,123.0,124.0,576,154,163,0,0,4.57,95.42,100.0
2026-05-11,1737,臺鹽,31.55,31.65,31.55,31.55,119,5,10,0,0,8.51,91.48,100.0
2026-05-11,1742,台蠟,15.45,15.85,15.35,15.75,34,1,0,0,0,0.21,99.78,100.0
2026-05-11,1752,南光,33.9,33.9,33.4,33.55,100,13,10,0,0,1.8,98.19,100.0
2026-05-11,1760,寶齡富錦,64.6,64.6,63.6,63.8,296,39,-79,0,-1,11.76,88.23,100.0
2026-05-11,1762,中化生,39.5,39.55,36.6,37.55,1725,478,-22,0,-114,2.04,97.95,100.0
2026-05-11,1773,勝一,177.5,184.5,176.0,176.0,1835,799,80,0,7,7.95,92.04,100.0
2026-05-11,1776,展宇,17.25,17.3,16.85,16.85,89,6,-12,0,2,0.6,99.39,100.0
2026-05-11,1777,生泰,71.9,71.9,71.0,71.1,23,1,-1,0,0,1.28,98.71,100.0
2026-05-11,1780,立弘,31.74,32.6,31.4,31.95,141,0,0,0,0,0.0,0.0,0.0
2026-05-11,1781,合世,10.85,10.85,10.75,10.85,62,0,-3,0,0,0.56,99.43,100.0
2026-05-11,1783,和康生,39.4,39.4,38.75,38.95,181,13,-38,0,-7,7.24,92.75,100.0
2026-05-11,1784,訊聯,73.0,74.0,72.7,73.5,225,66,24,0,-1,3.15,96.84,100.0
2026-05-11,1785,光洋科,167.5,168.0,152.5,159.0,46217,21853,-3674,30,-97,21.29,78.7,100.0
2026-05-11,1786,科妍,56.7,56.7,55.6,56.0,311,56,-5,0,0,1.36,98.63,100.0
2026-05-11,1788,杏昌,135.5,135.5,134.5,135.0,47,2,5,0,0,10.88,89.11,100.0
2026-05-11,1789,神隆,19.75,19.8,19.2,19.25,1594,265,-154,0,-3,1.7,98.29,100.0
2026-05-11,1795,美時,237.0,237.5,229.0,233.0,3797,1033,-1342,0,-73,52.91,47.08,100.0
2026-05-11,1796,金穎生技,37.6,37.6,37.35,37.35,18,1,-6,0,0,0.79,99.2,100.0
2026-05-11,1799,易威,36.35,36.95,35.85,35.85,106,0,-14,0,1,11.68,88.31,100.0
2026-05-11,1802,台玻,69.0,70.2,67.7,69.9,78048,46386,-9803,0,57,5.17,94.82,100.0
2026-05-11,1805,寶徠,10.6,10.6,10.1,10.3,267,49,-20,0,-13,0.6,99.39,100.0
2026-05-11,1806,冠軍,8.25,8.31,8.19,8.23,458,27,-16,0,2,9.44,90.55,100.0
2026-05-11,1808,潤隆,28.6,29.25,28.6,28.9,1385,371,-164,0,1,4.05,95.94,100.0
2026-05-11,1809,中釉,36.25,39.6,35.2,39.6,12762,4672,876,0,198,5.61,94.38,100.0
2026-05-11,1810,和成,18.35,18.35,17.7,18.15,1459,372,-388,-15,-2,3.47,96.52,100.0
2026-05-11,1813,寶利徠,12.25,12.25,12.2,12.25,31,0,-1,0,0,9.46,90.53,100.0
2026-05-11,1815,富喬,108.0,114.0,107.0,110.5,35390,17215,-1816,-143,589,19.94,80.05,100.0
2026-05-11,1817,凱撒衛,38.5,38.8,38.5,38.7,105,1,11,0,0,1.69,98.3,100.0
2026-05-11,1903,士紙,49.3,49.5,49.25,49.3,115,6,21,0,-1,11.08,88.91,100.0
2026-05-11,1904,正隆,17.5,17.6,17.4,17.5,1397,250,-236,0,-5,8.67,91.32,100.0
2026-05-11,1905,華紙,12.5,12.5,12.3,12.4,2476,462,37,0,19,2.47,97.52,100.0
2026-05-11,1906,寶隆,11.15,11.15,10.8,10.95,182,59,-18,0,-9,0.55,99.44,100.0
2026-05-11,1907,永豐餘,24.05,24.3,24.0,24.05,901,185,-265,-9,-6,12.03,87.96,100.0
2026-05-11,1909,榮成,9.18,9.31,9.15,9.27,3075,477,487,0,3,8.21,91.78,100.0
2026-05-11,2002,中鋼,18.85,18.85,18.55,18.6,49013,4299,-19747,67,-207,13.19,86.8,100.0
2026-05-11,2006,東和鋼鐵,67.8,67.8,67.2,67.7,1348,261,245,-11,-78,18.78,81.21,100.0
2026-05-11,2007,燁興,7.37,7.49,7.32,7.32,358,0,7,0,-3,0.64,99.35,100.0
2026-05-11,2008,高興昌,27.5,28.1,27.5,27.9,13,1,2,0,0,7.69,92.3,100.0
2026-05-11,2009,第一銅,38.8,40.2,38.6,39.6,4169,1085,1035,0,11,2.17,97.82,100.0
2026-05-11,2010,春源,23.2,23.5,23.0,23.4,2375,267,-773,0,-18,9.2,90.79,100.0
2026-05-11,2012,春雨,15.0,15.1,14.9,15.1,47,0,-5,0,-2,1.41,98.58,100.0
2026-05-11,2013,中鋼構,42.8,43.1,42.8,42.95,83,16,14,0,0,7.1,92.89,100.0
2026-05-11,2014,中鴻,18.0,18.7,17.95,18.1,9082,2540,2914,0,6,4.8,95.19,100.0
2026-05-11,2015,豐興,62.5,64.3,62.5,64.3,606,53,400,0,-15,12.19,87.8,100.0
2026-05-11,2017,官田鋼,8.86,9.17,8.86,9.15,1261,286,35,0,-4,1.7,98.29,100.0
2026-05-11,2020,美亞,21.95,22.3,21.9,22.15,354,61,0,0,0,1.66,98.33,100.0
2026-05-11,2022,聚亨,8.06,8.32,8.05,8.27,1161,161,476,0,-3,2.57,97.42,100.0
2026-05-11,2023,燁輝,14.15,14.2,13.85,13.95,4275,1429,-1508,0,-77,4.24,95.75,100.0
2026-05-11,2024,志聯,14.05,14.15,13.9,13.9,15,2,0,0,0,0.45,99.54,100.0
2026-05-11,2025,千興,11.2,11.7,11.2,11.7,369,0,-2,0,-6,0.72,99.27,100.0
2026-05-11,2027,大成鋼,40.0,40.45,39.5,39.95,30077,8190,9966,-920,-263,13.79,86.2,100.0
2026-05-11,2028,威致,17.35,17.6,16.9,17.05,285,74,36,0,-15,0.7,99.29,100.0
2026-05-11,2029,盛餘,20.25,20.7,20.25,20.5,400,35,98,0,10,66.5,33.49,100.0
2026-05-11,2030,彰源,17.2,18.0,17.2,18.0,5239,406,1443,0,20,3.02,96.97,100.0
2026-05-11,2031,新光鋼,39.75,40.45,39.6,39.9,884,146,392,-26,-3,8.02,91.97,100.0
2026-05-11,2032,新鋼,16.9,18.1,16.75,17.7,3353,517,1072,0,-5,2.16,97.83,100.0
2026-05-11,2033,佳大,15.2,15.2,14.95,15.1,287,74,-60,0,0,0.94,99.05,100.0
2026-05-11,2034,允強,20.9,21.3,20.7,21.05,2549,622,-286,0,-4,3.91,96.08,100.0
2026-05-11,2035,唐榮,27.85,28.35,27.45,28.35,122,0,-55,0,0,0.01,99.98,100.0
2026-05-11,2038,海光,13.75,14.35,13.75,14.05,499,174,75,0,-3,1.12,98.87,100.0
2026-05-11,2049,上銀,327.0,351.0,322.5,351.0,12319,3832,4184,161,181,35.43,64.56,100.0
2026-05-11,2059,川湖,5300.0,5615.0,5280.0,5520.0,1794,747,94,21,5,24.73,75.26,100.0
2026-05-11,2061,風青,20.7,22.65,20.7,22.0,3080,1334,159,0,11,2.59,97.4,100.0
2026-05-11,2062,橋椿,20.4,20.45,20.05,20.25,490,59,-72,-25,-8,7.03,92.96,100.0
2026-05-11,2063,世鎧,25.5,26.15,25.5,26.15,76,4,2,0,0,0.97,99.02,100.0
2026-05-11,2064,晉椿,12.7,12.8,12.55,12.6,52,12,2,0,0,0.07,99.92,100.0
2026-05-11,2065,世豐,31.0,33.1,30.7,32.35,807,119,-28,0,0,1.32,98.67,100.0
2026-05-11,2066,世德,43.0,47.0,43.0,47.0,70,13,5,0,0,9.99,90.0,100.0
2026-05-11,2067,嘉鋼,7.51,7.51,6.85,7.24,97,0,-1,0,0,11.35,88.64,100.0
2026-05-11,2069,運錩,19.8,20.95,19.8,20.45,1218,224,44,0,-17,2.23,97.76,100.0
2026-05-11,2070,精湛,70.4,72.8,68.9,69.5,1492,610,-93,0,0,1.78,98.21,100.0
2026-05-11,2071,震南鐵,20.0,20.55,19.8,20.5,2012,0,9,0,0,0.0,0.0,0.0
2026-05-11,2072,世紀風電,182.0,185.0,179.0,179.5,601,0,29,0,6,1.61,98.38,100.0
2026-05-11,2073,雄順,0.0,0.0,0.0,0.0,0,0,0,0,0,0.04,99.96,100.0
2026-05-11,2101,南港,34.5,34.8,33.55,33.6,1623,254,-306,0,-10,4.98,95.01,100.0
2026-05-11,2102,泰豐,18.9,18.9,18.5,18.6,604,100,-153,0,-15,3.12,96.87,100.0
2026-05-11,2103,台橡,20.1,21.5,20.1,21.1,12265,3363,1683,0,50,21.45,78.54,100.0
2026-05-11,2104,國際中橡,10.3,10.55,10.0,10.2,11540,1594,3091,0,-14,5.95,94.04,100.0
2026-05-11,2105,正新,32.15,32.35,31.9,32.05,7484,2417,-1055,-109,-310,11.54,88.45,100.0
2026-05-11,2106,建大,17.2,17.4,17.2,17.35,443,42,-79,0,-13,8.56,91.43,100.0
2026-05-11,2107,厚生,26.1,26.2,26.05,26.05,177,24,40,0,0,6.36,93.63,100.0
2026-05-11,2108,南帝,29.25,29.95,28.7,29.3,3343,1202,-292,0,-7,4.98,95.01,100.0
2026-05-11,2109,華豐,14.0,14.0,13.9,13.9,134,7,-13,0,0,15.11,84.88,100.0
2026-05-11,2114,鑫永銓,87.6,88.2,87.6,88.0,61,1,-2,0,0,4.15,95.84,100.0
2026-05-11,2115,六暉-KY,21.35,21.35,20.8,20.9,216,6,-23,0,-7,44.15,55.84,100.0
2026-05-11,2201,裕隆,28.1,28.15,27.7,27.75,3039,750,-310,0,17,4.66,95.33,100.0
2026-05-11,2204,中華,54.5,54.5,53.9,54.1,1223,179,-383,108,-13,18.93,81.06,100.0
2026-05-11,2206,三陽工業,58.1,58.2,58.0,58.1,617,40,63,6,-6,5.98,94.01,100.0
2026-05-11,2207,和泰車,480.5,484.5,475.5,475.5,490,93,-248,5,1,21.74,78.25,100.0
2026-05-11,2208,台船,21.1,21.1,20.0,20.2,9882,0,-6094,0,-28,9.79,90.2,100.0
2026-05-11,2211,長榮鋼,98.6,98.6,97.7,97.7,800,86,-385,-11,-6,4.07,95.92,100.0
2026-05-11,2221,大甲,36.15,38.2,35.9,38.0,593,190,2,0,-3,1.34,98.65,100.0
2026-05-11,2227,裕日車,53.8,53.8,53.0,53.2,32,0,5,0,0,40.35,59.64,100.0
2026-05-11,2228,劍麟,88.6,88.9,87.5,87.8,264,45,-39,0,0,3.13,96.86,100.0
2026-05-11,2230,泰茂,32.7,33.15,31.3,31.35,1034,327,-90,0,4,7.49,92.5,100.0
2026-05-11,2231,為升,115.0,115.5,107.5,109.0,1551,438,-78,0,-7,5.56,94.43,100.0
2026-05-11,2233,宇隆,290.0,308.0,288.5,302.5,798,0,-13,0,36,7.25,92.74,100.0
2026-05-11,2235,謚源,30.6,30.7,30.3,30.3,6,0,0,0,0,0.08,99.91,100.0
2026-05-11,2236,百達-KY,137.5,144.0,136.0,142.5,1063,188,354,0,3,52.64,47.35,100.0
2026-05-11,2237,華德動能,35.02,37.45,35.7,35.75,308,0,2,0,0,0.0,0.0,0.0
2026-05-11,2239,英利-KY,22.45,22.45,21.9,22.0,24,4,-12,0,-6,75.39,24.6,100.0
2026-05-11,2241,艾姆勒,30.0,31.65,29.8,31.15,1164,235,252,0,-4,9.23,90.76,100.0
2026-05-11,2243,宏旭-KY,23.2,23.2,21.45,21.65,3155,884,-106,0,-2,25.96,74.03,100.0
2026-05-11,2245,詠勝昌*,27.8,27.3,27.2,27.2,5,0,0,0,0,0.0,0.0,0.0
2026-05-11,2247,汎德永業,214.5,214.5,212.0,212.0,92,2,-39,0,0,4.01,95.98,100.0
2026-05-11,2248,華勝-KY,58.7,58.8,57.2,57.8,122,14,5,0,3,50.32,49.67,100.0
2026-05-11,2249,湧盛,118.44,123.0,118.5,120.5,58,0,4,0,0,0.0,0.0,0.0
2026-05-11,2250,IKKA-KY,64.0,64.5,63.7,63.9,53,6,2,0,-1,7.13,92.81,100.0
2026-05-11,2252,為昇科,19.84,19.75,19.15,19.45,121,0,0,0,0,0.0,0.0,0.0
2026-05-11,2254,巨鎧精密-創,67.4,68.4,65.0,65.0,21,5,-8,0,3,23.67,76.32,100.0
2026-05-11,2255,凱銳光電,19.5,20.0,19.0,19.55,88,0,1,0,0,0.0,0.0,0.0
2026-05-11,2256,歐特明,88.09,91.3,86.0,89.9,430,0,20,0,0,0.0,0.0,0.0
2026-05-11,2258,鴻華先進-創,28.55,28.7,28.0,28.1,1254,225,-150,0,-9,0.34,99.65,100.0
2026-05-11,2301,光寶科,210.5,224.0,208.0,224.0,44158,17463,9520,-508,634,39.63,60.36,100.0
2026-05-11,2302,麗正,20.0,21.5,19.95,21.5,4993,1378,925,0,194,3.78,96.21,100.0
2026-05-11,2303,聯電,94.7,96.3,92.0,95.0,178723,72886,23942,2121,246,36.7,63.29,100.0
2026-05-11,2305,全友,17.45,18.9,17.4,17.55,11452,4882,-638,0,151,4.52,95.47,100.0
2026-05-11,2308,台達電,2215.0,2270.0,2205.0,2245.0,9200,2174,447,27,2,64.3,35.69,100.0
2026-05-11,2312,金寶,28.6,30.4,28.4,29.9,88274,31222,25314,-312,2556,7.7,92.29,100.0
2026-05-11,2313,華通,248.0,254.5,242.0,242.0,81477,42047,-16500,136,69,24.0,75.99,100.0
2026-05-11,2314,台揚,13.2,13.2,12.5,12.6,619,0,-25,0,0,1.57,98.42,100.0
2026-05-11,2316,楠梓電,116.0,123.5,115.5,123.5,6313,988,2169,0,105,33.58,66.41,100.0
2026-05-11,2317,鴻海,256.5,258.0,251.0,252.0,63063,17132,9407,112,-320,39.1,60.89,100.0
2026-05-11,2321,東訊,13.0,13.0,12.5,12.85,7,0,0,0,0,0.01,99.98,100.0
2026-05-11,2323,中環,10.7,10.75,10.55,10.6,3268,697,-495,0,-21,10.98,89.01,100.0
2026-05-11,2324,仁寶,29.9,31.1,29.25,30.8,81430,30378,5755,-744,1343,38.22,61.77,100.0
2026-05-11,2327,國巨*,394.5,398.5,370.0,391.5,51692,26156,-9080,6827,155,52.75,47.24,100.0
2026-05-11,2328,廣宇,53.0,55.2,52.8,54.7,19872,7028,1020,0,402,8.65,91.34,100.0
2026-05-11,2329,華泰,61.5,62.6,58.8,59.0,16781,6074,-4532,0,-45,11.0,88.99,100.0
2026-05-11,2330,台積電,2265.0,2275.0,2235.0,2235.0,46172,4417,-17753,-53,-7,70.6,29.39,100.0
2026-05-11,2331,精英,20.4,20.95,20.3,20.9,1752,333,479,0,4,6.94,93.05,100.0
2026-05-11,2332,友訊,14.05,14.05,13.7,13.8,3758,578,-1812,0,-18,9.73,90.26,100.0
2026-05-11,2337,旺宏,161.0,162.5,156.0,159.5,149221,81178,11463,5276,88,26.19,73.8,100.0
2026-05-11,2338,光罩,51.5,51.8,49.65,50.0,7673,2277,-2494,0,-45,3.98,96.01,100.0
2026-05-11,2340,台亞,36.8,38.7,36.8,37.35,8732,4204,547,0,-148,8.55,91.44,100.0
2026-05-11,2342,茂矽,43.8,45.2,41.9,43.05,15791,9810,-532,0,-3,5.19,94.8,100.0
2026-05-11,2344,華邦電,115.0,117.5,113.0,117.5,162759,44425,17494,1524,1460,21.16,78.83,100.0
2026-05-11,2345,智邦,2490.0,2610.0,2485.0,2590.0,8849,2803,2647,668,-37,58.33,41.66,100.0
2026-05-11,2347,聯強,83.8,87.5,83.3,86.4,5531,1814,1953,-296,-103,33.35,66.64,100.0
2026-05-11,2348,海悅,70.9,71.6,70.7,71.0,251,39,58,0,-5,0.89,99.1,100.0
2026-05-11,2349,錸德,12.5,12.75,12.45,12.6,2943,0,1220,0,-8,11.39,88.6,100.0
2026-05-11,2351,順德,185.0,193.0,176.5,190.5,15183,8526,-803,0,-123,15.31,84.68,100.0
2026-05-11,2352,佳世達,25.2,25.8,24.9,25.7,8814,1774,3903,-1,-7,10.21,89.78,100.0
2026-05-11,2353,宏碁,28.2,29.1,27.75,28.8,46873,13311,16005,-1945,630,10.26,89.73,100.0
2026-05-11,2354,鴻準,61.4,62.1,59.5,61.6,21682,8331,-3386,1,-159,11.34,88.65,100.0
2026-05-11,2355,敬鵬,51.0,54.5,50.9,52.7,18170,8575,652,0,356,18.41,81.58,100.0
2026-05-11,2356,英業達,50.3,50.5,49.1,50.2,30489,10578,1785,-7,-21,17.14,82.85,100.0
2026-05-11,2357,華碩,661.0,699.0,658.0,686.0,10283,3587,2908,86,-28,35.68,64.31,100.0
2026-05-11,2359,所羅門,121.0,124.5,119.0,122.5,2171,957,146,0,59,3.85,96.14,100.0
2026-05-11,2360,致茂,2210.0,2415.0,2205.0,2360.0,3303,1071,-64,107,-17,57.7,42.29,100.0
2026-05-11,2362,藍天,39.95,40.4,39.75,40.35,856,128,311,0,-2,10.58,89.41,100.0
2026-05-11,2363,矽統,60.6,62.5,57.8,61.0,25769,13536,1722,35,122,8.46,91.53,100.0
2026-05-11,2364,倫飛,66.6,70.2,66.6,70.2,1052,227,124,0,18,15.3,84.69,100.0
2026-05-11,2365,昆盈,36.3,37.85,36.2,36.95,13256,10117,931,0,11,1.97,98.02,100.0
2026-05-11,2367,燿華,61.7,63.3,60.0,62.6,36347,20411,2833,0,384,7.37,92.62,100.0
2026-05-11,2368,金像電,1310.0,1410.0,1305.0,1400.0,5404,2000,613,-63,4,25.82,74.17,100.0
2026-05-11,2369,菱生,30.9,31.95,30.7,31.0,11030,5095,-1667,0,397,14.34,85.65,100.0
2026-05-11,2371,大同,30.7,30.7,30.2,30.55,12684,2690,-1389,-1,-103,7.96,92.03,100.0
2026-05-11,2373,震旦行,56.8,57.5,56.4,56.4,66,5,-3,0,-1,0.81,99.18,100.0
2026-05-11,2374,佳能,79.0,80.9,78.7,80.5,7900,2920,1026,0,110,5.05,94.94,100.0
2026-05-11,2375,凱美,90.0,91.8,86.5,91.5,4904,2808,362,0,-46,9.47,90.52,100.0
2026-05-11,2376,技嘉,329.0,333.0,317.0,324.5,20716,8034,1336,-70,-12,22.68,77.31,100.0
2026-05-11,2377,微星,99.5,109.5,97.0,107.5,36533,13565,5331,0,1634,13.65,86.34,100.0
2026-05-11,2379,瑞昱,615.0,615.0,581.0,584.0,9832,3386,780,-77,-121,50.11,49.88,100.0
2026-05-11,2380,虹光,6.0,6.0,5.71,5.87,262,0,0,0,0,0.25,99.74,100.0
2026-05-11,2382,廣達,350.0,350.0,341.5,343.5,14508,5071,1418,507,-310,26.83,73.16,100.0
2026-05-11,2383,台光電,4480.0,4860.0,4480.0,4850.0,2728,1243,80,117,0,42.52,57.47,100.0
2026-05-11,2385,群光,135.0,136.5,133.5,135.0,3835,1286,-28,-145,211,19.73,80.26,100.0
2026-05-11,2387,精元,40.8,40.8,39.7,40.0,956,185,-157,0,-14,8.58,91.41,100.0
2026-05-11,2388,威盛,72.1,78.3,71.4,76.7,12994,6141,1475,5,477,14.32,85.67,100.0
2026-05-11,2390,云辰,9.46,9.5,9.31,9.38,636,111,-37,0,-36,1.94,98.05,100.0
2026-05-11,2392,正崴,38.8,39.2,38.15,39.15,2013,555,305,0,182,5.88,94.11,100.0
2026-05-11,2393,億光,74.5,74.5,72.7,73.8,2706,995,-108,83,-19,33.14,66.85,100.0
2026-05-11,2395,研華,483.0,486.0,463.0,478.5,5602,1338,183,7,30,35.48,64.51,100.0
2026-05-11,2397,友通,58.8,59.3,58.7,59.2,175,21,20,0,3,15.26,84.73,100.0
2026-05-11,2399,映泰,42.3,45.4,41.4,44.8,25679,12822,2943,0,-585,4.08,95.91,100.0
2026-05-11,2401,凌陽,25.55,26.25,25.25,25.65,8348,2429,3232,13,69,13.05,86.94,100.0
2026-05-11,2402,毅嘉,68.0,69.6,67.0,69.0,4910,2088,254,0,29,8.94,90.44,100.0
2026-05-11,2404,漢唐,1040.0,1040.0,986.0,1025.0,4977,2252,-387,-98,-4,26.8,73.19,100.0
2026-05-11,2405,輔信,15.15,15.55,15.1,15.4,2066,411,951,0,-14,4.91,95.08,100.0
2026-05-11,2406,國碩,33.0,35.8,32.9,35.25,14697,4912,5551,0,-5,17.13,82.86,100.0
2026-05-11,2408,南亞科,300.5,301.0,296.0,301.0,108987,32034,17226,3908,1993,11.94,88.05,100.0
2026-05-11,2409,友達,18.5,19.1,18.25,18.85,317856,162031,31840,-5,1996,12.2,87.79,100.0
2026-05-11,2412,中華電,136.5,136.5,135.5,135.5,6670,1610,-2542,-11,75,17.48,31.51,49.0
2026-05-11,2413,環科,46.75,46.75,44.2,45.4,1648,639,-255,0,0,3.76,96.23,100.0
2026-05-11,2414,精技,48.0,49.15,47.3,47.9,447,99,-87,0,31,5.15,94.84,100.0
2026-05-11,2415,錩新,27.8,28.25,27.55,27.6,204,38,-69,0,-4,20.92,79.07,100.0
2026-05-11,2417,圓剛,50.7,52.0,49.3,51.0,3299,1276,233,0,-53,3.52,96.47,100.0
2026-05-11,2419,仲琦,30.2,30.6,29.7,30.0,1508,392,-57,0,2,1.2,98.79,100.0
2026-05-11,2420,新巨,55.5,56.8,55.3,56.5,836,155,66,0,-11,7.39,92.6,100.0
2026-05-11,2421,建準,146.0,151.5,143.0,151.0,6546,2430,1744,0,40,28.9,71.09,100.0
2026-05-11,2423,固緯,64.4,64.4,60.5,60.9,559,83,-120,0,-59,5.03,94.96,100.0
2026-05-11,2424,隴華,21.15,21.15,21.15,21.15,123,0,-5,0,0,1.33,47.66,49.0
2026-05-11,2425,承啟,32.85,33.8,32.85,32.9,2021,530,338,0,5,9.94,90.05,100.0
2026-05-11,2426,鼎元,62.1,68.0,62.1,66.7,3972,0,-209,0,297,8.51,91.48,100.0
2026-05-11,2427,三商電,21.95,22.25,21.75,21.8,735,144,-193,0,-2,3.55,96.44,100.0
2026-05-11,2428,興勤,191.0,196.0,185.0,193.0,1849,783,148,0,-8,17.42,82.57,100.0
2026-05-11,2429,銘旺科,53.8,53.8,50.1,51.5,332,0,1,0,0,1.11,98.88,100.0
2026-05-11,2430,燦坤,19.9,19.9,19.7,19.75,148,3,1,0,-20,2.74,97.25,100.0
2026-05-11,2431,聯昌,10.8,10.8,10.55,10.55,633,0,-286,0,-4,1.91,98.08,100.0
2026-05-11,2432,倚天,27.8,28.1,27.4,27.5,63,5,-2,0,7,0.68,99.31,100.0
2026-05-11,2432,倚天酷碁-創,27.8,28.1,27.4,27.5,63,5,-2,0,7,0.68,99.31,100.0
2026-05-11,2433,互盛電,45.8,45.8,45.5,45.55,37,4,1,0,-1,0.99,99.0,100.0
2026-05-11,2434,統懋,32.0,32.0,31.15,31.2,38,9,-1,0,0,1.11,98.88,100.0
2026-05-11,2436,偉詮電,72.3,77.1,71.5,75.9,10636,4191,964,11,206,9.08,90.91,100.0
2026-05-11,2438,翔耀,22.6,22.6,21.45,21.5,324,0,-26,0,-5,1.02,98.97,100.0
2026-05-11,2439,美律,86.2,86.5,85.3,86.4,1463,289,-6,-119,-34,12.53,87.46,100.0
2026-05-11,2440,太空梭,17.0,17.35,16.75,16.95,522,154,-22,0,-12,1.63,98.36,100.0
2026-05-11,2441,超豐,91.0,93.7,90.4,92.4,5850,2226,168,8,92,13.48,86.51,100.0
2026-05-11,2442,新美齊,18.8,18.95,18.65,18.8,1491,214,-98,0,0,2.01,97.98,100.0
2026-05-11,2444,兆勁,13.15,13.45,12.85,12.9,890,0,-15,0,0,1.93,98.06,100.0
2026-05-11,2449,京元電子,316.0,316.0,294.0,299.5,63413,18839,-18253,-7578,-245,28.45,71.54,100.0
2026-05-11,2450,神腦,29.9,30.1,29.8,30.1,267,24,35,0,64,1.32,98.67,100.0
2026-05-11,2451,創見,333.0,343.5,332.5,343.5,14540,4326,4431,-123,-28,12.73,87.26,100.0
2026-05-11,2453,凌群,54.6,55.2,54.3,54.8,377,77,48,0,0,4.82,95.17,100.0
2026-05-11,2454,聯發科,3575.0,3985.0,3565.0,3880.0,8690,0,-371,18,-175,56.53,43.46,100.0
2026-05-11,2455,全新,360.0,369.5,347.0,360.0,3315,0,2134,0,-228,25.31,74.68,100.0
2026-05-11,2457,飛宏,24.5,25.5,24.3,25.5,3464,670,1470,0,100,6.31,93.68,100.0
2026-05-11,2458,義隆,151.0,154.0,149.0,150.0,4560,1495,-237,-96,-80,22.43,77.56,100.0
2026-05-11,2459,敦吉,66.2,66.9,66.2,66.7,162,16,-95,0,21,16.95,83.04,100.0
2026-05-11,2460,建通,32.0,33.1,31.2,33.0,897,0,80,0,-6,0.98,99.01,100.0
2026-05-11,2461,光群雷,16.5,16.7,15.95,15.95,974,206,-282,0,0,4.8,95.19,100.0
2026-05-11,2462,良得電,21.45,21.7,21.05,21.15,985,187,-292,0,0,1.43,98.56,100.0
2026-05-11,2464,盟立,120.5,123.0,114.0,120.0,30281,17066,-2159,0,-27,9.81,90.18,100.0
2026-05-11,2465,麗臺,81.9,87.5,81.9,86.9,3045,1131,-173,0,0,4.11,95.88,100.0
2026-05-11,2466,冠西電,50.4,51.8,49.6,51.6,415,108,66,0,-4,10.52,89.47,100.0
2026-05-11,2467,志聖,542.0,590.0,542.0,590.0,3671,964,1513,-8,-17,19.26,80.73,100.0
2026-05-11,2468,華經,35.45,35.45,34.1,34.2,532,67,-173,0,0,1.45,98.54,100.0
2026-05-11,2471,資通,53.1,53.1,51.0,51.7,553,116,-181,0,-10,5.39,94.6,100.0
2026-05-11,2472,立隆電,219.0,228.0,203.5,225.0,16591,9455,-1500,1799,172,12.67,87.32,100.0
2026-05-11,2474,可成,205.0,208.5,203.5,208.0,4001,1241,-168,-481,-80,25.0,74.99,100.0
2026-05-11,2476,鉅祥,116.0,122.0,111.5,119.5,8541,3167,-1432,0,153,11.03,88.96,100.0
2026-05-11,2477,美隆電,21.1,21.2,20.85,21.15,239,39,-8,0,0,23.38,76.61,100.0
2026-05-11,2478,大毅,78.2,79.0,74.5,77.9,3442,1841,-49,0,-6,14.38,85.61,100.0
2026-05-11,2480,敦陽科,150.0,150.0,147.0,149.5,521,58,144,-6,-1,9.96,90.03,100.0
2026-05-11,2481,強茂,101.5,109.0,101.5,109.0,32693,7720,10733,0,434,23.58,76.41,100.0
2026-05-11,2482,連宇,16.6,16.8,16.6,16.75,132,12,36,0,-1,1.44,98.55,100.0
2026-05-11,2483,百容,24.1,24.25,23.5,23.7,392,75,-47,0,1,1.71,98.28,100.0
2026-05-11,2484,希華,41.8,41.8,38.2,39.6,10557,4491,-380,0,-4,4.56,95.43,100.0
2026-05-11,2485,兆赫,68.5,70.6,66.8,67.6,26329,16537,-401,0,-75,1.65,98.34,100.0
2026-05-11,2486,一詮,291.0,291.0,281.5,281.5,2263,0,169,0,-74,17.33,82.66,100.0
2026-05-11,2488,漢平,51.9,52.6,51.8,52.5,180,18,32,0,-1,6.89,93.1,100.0
2026-05-11,2489,瑞軒,42.0,43.95,41.6,43.0,25668,12517,1589,0,-51,4.96,95.03,100.0
2026-05-11,2491,吉祥全,21.1,21.45,19.95,21.0,2163,719,-190,0,-3,5.96,94.03,100.0
2026-05-11,2492,華新科,158.5,171.5,151.5,171.5,30310,10952,7374,1,385,18.77,81.22,100.0
2026-05-11,2493,揚博,131.5,131.5,128.5,129.5,1602,460,-69,0,-4,2.54,97.45,100.0
2026-05-11,2495,普安,36.15,37.05,36.1,36.35,4989,1637,-499,0,-153,6.76,93.23,100.0
2026-05-11,2496,卓越,65.9,66.3,65.9,66.2,31,4,3,0,0,23.15,76.84,100.0
2026-05-11,2497,怡利電,60.9,60.9,58.1,58.6,966,191,-230,0,-1,2.98,97.01,100.0
2026-05-11,2498,宏達電,39.45,40.25,38.65,40.25,8626,3281,-650,496,120,8.75,91.24,100.0
2026-05-11,2501,國建,23.0,23.1,22.55,22.65,3169,105,-1227,6,-25,11.19,88.8,100.0
2026-05-11,2504,國產,34.95,35.1,34.75,34.8,1532,191,-630,-22,9,7.83,92.16,100.0
2026-05-11,2505,國揚,17.75,17.75,17.55,17.65,391,22,-179,0,0,3.92,96.07,100.0
2026-05-11,2506,太設,8.75,8.79,8.66,8.66,193,10,-1,0,4,4.81,95.18,100.0
2026-05-11,2509,全坤建,13.45,13.45,13.2,13.2,384,37,-24,0,-5,1.39,98.6,100.0
2026-05-11,2511,太子,7.79,7.86,7.75,7.82,856,90,-36,0,-64,2.5,97.49,100.0
2026-05-11,2514,龍邦,13.35,13.35,13.25,13.3,620,5,0,0,-4,2.29,97.7,100.0
2026-05-11,2515,中工,13.15,13.35,13.05,13.2,3415,936,393,0,-6,8.72,91.27,100.0
2026-05-11,2516,新建,13.2,13.2,13.05,13.05,242,0,-24,0,-16,2.44,97.55,100.0
2026-05-11,2520,冠德,30.15,30.65,30.05,30.6,1639,276,419,-7,-10,12.16,87.83,100.0
2026-05-11,2524,京城,36.95,37.2,36.55,36.8,42,10,-6,0,0,0.73,99.26,100.0
2026-05-11,2527,宏璟,35.8,36.3,33.35,34.35,1141,305,-586,0,-13,42.13,57.86,100.0
2026-05-11,2528,皇普,22.25,22.55,22.25,22.3,526,64,234,-5,1,1.43,98.56,100.0
2026-05-11,2530,華建,21.2,21.55,20.55,21.2,2604,630,-1254,0,-10,3.65,96.34,100.0
2026-05-11,2534,宏盛,18.9,19.15,18.65,18.75,1185,330,-346,0,-38,6.42,93.57,100.0
2026-05-11,2535,達欣工,72.7,76.0,71.3,74.4,1794,413,-829,0,16,6.67,93.32,100.0
2026-05-11,2536,宏普,20.65,20.65,20.5,20.5,326,40,-61,0,-29,9.08,90.91,100.0
2026-05-11,2537,聯上發,10.3,10.35,10.2,10.25,698,64,-207,0,-32,2.55,97.44,100.0
2026-05-11,2538,基泰,9.93,9.93,9.8,9.8,647,65,-117,0,-7,9.86,90.13,100.0
2026-05-11,2539,櫻花建,39.4,39.8,38.6,39.75,1778,394,88,-3,27,1.93,98.06,100.0
2026-05-11,2540,愛山林,51.3,52.0,51.0,51.5,475,123,4,0,1,1.54,98.45,100.0
2026-05-11,2542,興富發,40.2,41.75,40.2,41.65,17642,2730,9549,0,87,10.65,89.34,100.0
2026-05-11,2543,皇昌,43.3,45.35,42.8,43.25,3864,1791,140,0,-162,1.55,98.44,100.0
2026-05-11,2545,皇翔,38.9,39.0,38.45,38.95,494,78,118,0,26,2.79,97.2,100.0
2026-05-11,2546,根基,85.4,85.6,84.4,85.2,266,23,-40,0,-2,3.31,96.68,100.0
2026-05-11,2547,日勝生,10.25,10.3,10.2,10.25,2164,187,-777,-11,-124,13.52,86.47,100.0
2026-05-11,2548,華固,123.5,129.5,123.5,129.5,2798,716,774,128,-13,21.21,78.78,100.0
2026-05-11,2596,綠意,29.5,29.55,29.4,29.5,72,31,-10,0,0,0.8,99.19,100.0
2026-05-11,2597,潤弘,156.0,161.5,156.0,160.0,783,168,364,0,-11,2.78,97.21,100.0
2026-05-11,2601,益航,4.91,4.99,4.9,4.97,1638,0,67,0,0,13.01,86.98,100.0
2026-05-11,2603,長榮,213.5,215.0,212.5,214.0,9248,1544,3154,-1396,51,21.33,28.65,49.99
2026-05-11,2605,新興,33.05,34.65,31.65,34.1,9083,3394,-3,0,320,49.98,0.0,49.99
2026-05-11,2606,裕民,65.1,65.7,64.4,65.3,4072,1401,1363,-345,43,12.28,37.7,49.99
2026-05-11,2607,榮運,47.95,48.4,47.75,48.4,370,47,0,0,-3,8.95,41.03,49.99
2026-05-11,2608,嘉里大榮,30.0,30.0,29.9,29.95,330,12,-43,0,-28,3.52,96.47,100.0
2026-05-11,2609,陽明,50.3,50.9,50.1,50.8,17725,3333,5111,-44,156,14.11,35.87,49.99
2026-05-11,2610,華航,18.7,19.25,18.65,19.15,64895,5850,30605,-115,551,13.96,36.02,49.99
2026-05-11,2611,志信,13.6,13.95,13.6,13.7,626,124,21,0,-8,1.35,98.64,100.0
2026-05-11,2612,中航,57.8,57.9,56.5,57.3,533,115,-228,0,-5,4.17,95.82,100.0
2026-05-11,2613,中櫃,22.35,22.4,22.2,22.35,222,28,66,0,-6,1.4,31.92,33.33
2026-05-11,2614,東森,20.1,20.25,19.9,20.0,1284,49,-639,0,-9,4.34,45.64,49.99
2026-05-11,2615,萬海,77.9,78.7,77.4,78.5,8832,1562,4202,-70,53,42.64,7.34,49.99
2026-05-11,2616,山隆,14.0,14.0,13.85,13.9,432,66,-46,0,-20,1.8,98.19,100.0
2026-05-11,2617,台航,29.3,29.4,29.2,29.25,968,109,-423,0,-4,8.72,41.26,49.99
2026-05-11,2618,長榮航,35.9,36.0,35.7,35.85,23645,2616,-598,401,-469,23.73,26.25,49.99
2026-05-11,2630,亞航,47.6,47.6,45.4,45.6,4771,716,-2530,0,-168,3.97,96.02,100.0
2026-05-11,2633,台灣高鐵,26.6,26.9,26.6,26.75,5763,555,1227,-166,-37,9.61,39.37,48.99
2026-05-11,2634,漢翔,48.35,48.35,46.25,47.2,15170,3027,-4583,0,-218,2.96,7.03,10.0
2026-05-11,2636,台驊控股,67.8,68.8,67.8,68.5,494,56,213,0,0,9.85,90.14,100.0
2026-05-11,2637,慧洋-KY,75.0,75.6,73.3,74.5,1589,515,164,-15,-13,18.64,81.35,100.0
2026-05-11,2640,大車隊,168.0,169.0,165.0,166.5,49,3,-26,0,0,4.75,95.24,100.0
2026-05-11,2641,正德,18.1,18.15,17.95,18.0,1907,288,-129,0,-4,2.29,97.7,100.0
2026-05-11,2642,宅配通,21.6,21.85,21.55,21.6,74,12,20,0,0,5.34,94.65,100.0
2026-05-11,2643,捷迅,67.5,67.5,66.6,66.9,32,3,4,0,0,1.53,98.46,100.0
2026-05-11,2644,中信造船,82.42,82.7,80.7,82.2,102,0,11,0,0,0.0,0.0,0.0
2026-05-11,2645,長榮航太,160.0,160.0,148.0,154.5,4529,1443,-1688,-28,-122,6.95,93.04,100.0
2026-05-11,2646,星宇航空,20.6,20.65,20.35,20.5,4829,605,-577,0,60,2.61,47.37,49.99
2026-05-11,2701,萬企,10.7,10.8,10.65,10.7,43,2,-7,0,-1,0.54,99.45,100.0
2026-05-11,2702,華園,14.2,14.2,13.8,13.9,164,37,-33,0,-5,39.4,60.59,100.0
2026-05-11,2704,國賓,42.5,43.4,42.5,42.8,153,26,48,0,-3,9.92,90.07,100.0
2026-05-11,2705,六福,15.8,16.05,15.8,16.05,161,26,-10,0,0,1.77,98.22,100.0
2026-05-11,2706,第一店,12.5,12.5,12.35,12.35,110,18,13,0,0,2.69,97.3,100.0
2026-05-11,2707,晶華,171.0,172.0,171.0,171.5,199,13,9,0,-2,5.83,94.16,100.0
2026-05-11,2712,遠雄來,17.4,17.4,17.0,17.0,4,0,1,0,0,0.28,99.71,100.0
2026-05-11,2718,晶悅,41.7,41.75,41.15,41.2,97,8,5,0,0,0.84,99.15,100.0
2026-05-11,2718,全心投控,41.7,41.75,41.15,41.2,97,8,5,0,0,0.84,99.15,100.0
2026-05-11,2719,燦星旅,26.9,26.9,26.0,26.15,13,2,-4,0,0,0.17,99.82,100.0
2026-05-11,2722,夏都,23.85,23.85,23.5,23.5,23,4,3,0,0,0.38,99.61,100.0
2026-05-11,2723,美食-KY,67.2,68.5,66.6,68.0,391,93,55,0,-1,46.69,53.3,100.0
2026-05-11,2724,富驛-KY,14.15,14.15,14.05,14.05,32,0,0,0,0,15.09,84.9,100.0
2026-05-11,2724,藝舍-KY,14.15,14.15,14.05,14.05,32,0,0,0,0,15.09,84.9,100.0
2026-05-11,2726,雅茗-KY,10.1,10.15,10.05,10.1,23,1,-2,0,0,23.64,76.35,100.0
2026-05-11,2727,王品,234.5,236.5,234.0,235.0,413,51,89,31,-2,27.17,72.82,100.0
2026-05-11,2729,瓦城,165.5,166.0,164.5,165.0,41,0,5,0,0,2.08,97.91,100.0
2026-05-11,2731,雄獅,160.0,161.0,158.5,159.5,1052,98,-652,78,-4,14.27,85.72,100.0
2026-05-11,2732,六角,66.9,66.9,65.3,65.7,84,8,4,0,0,4.17,95.82,100.0
2026-05-11,2733,維格餅家,11.85,12.45,11.85,12.0,18,0,0,0,0,0.0,0.0,0.0
2026-05-11,2734,易飛網,15.8,15.8,15.5,15.6,218,9,-12,0,0,3.87,96.12,100.0
2026-05-11,2736,富野,12.5,12.5,12.4,12.45,76,5,-1,0,0,0.99,99.0,100.0
2026-05-11,2739,寒舍,35.0,35.1,34.5,34.85,70,9,-6,0,-3,2.66,97.33,100.0
2026-05-11,2740,天蔥,40.45,40.45,38.0,38.9,7,0,0,0,0,1.67,98.32,100.0
2026-05-11,2740,華軒,40.45,40.45,38.0,38.9,7,0,0,0,0,1.67,98.32,100.0
2026-05-11,2741,老四川,21.41,22.1,20.95,21.05,102,0,1,0,0,0.0,0.0,0.0
2026-05-11,2743,山富,70.0,70.0,69.3,69.6,157,17,-20,0,0,2.91,97.08,100.0
2026-05-11,2745,五福,102.0,102.5,101.5,101.5,244,24,-88,0,0,3.69,96.3,100.0
2026-05-11,2748,雲品,40.1,40.3,39.9,40.05,127,11,-12,0,2,1.14,98.85,100.0
2026-05-11,2751,王座,54.1,54.1,53.6,54.1,12,2,0,0,0,0.42,99.57,100.0
2026-05-11,2752,豆府,183.0,183.0,181.5,182.0,27,0,-8,0,0,1.29,98.7,100.0
2026-05-11,2753,八方雲集,181.5,181.5,178.0,179.5,578,77,131,-5,0,5.27,94.72,100.0
2026-05-11,2754,亞洲藏壽司,69.0,69.0,67.9,69.0,22,1,-6,0,0,68.13,31.86,100.0
2026-05-11,2755,揚秦,133.5,135.0,133.0,133.0,53,2,-30,0,0,1.13,98.86,100.0
2026-05-11,2756,聯發國際,64.5,64.9,60.5,61.5,191,30,-15,0,0,1.6,98.39,100.0
2026-05-11,2758,路易莎咖啡,72.79,73.5,70.1,72.0,41,0,0,0,0,0.0,0.0,0.0
2026-05-11,2760,巨宇翔,21.8,21.8,20.9,21.8,1,0,0,0,0,0.0,0.0,0.0
2026-05-11,2761,橘焱胡同,15.75,15.8,15.6,15.6,21,0,0,0,0,0.0,0.0,0.0
2026-05-11,2762,世界健身-KY,74.0,75.4,74.0,75.4,80,8,13,0,1,87.19,12.8,100.0
2026-05-11,2801,彰銀,21.05,21.05,20.9,20.9,13350,1704,-1524,62,-169,18.26,81.73,100.0
2026-05-11,2812,台中銀,19.8,19.8,19.65,19.75,13989,1459,-5008,27,-17,8.21,91.78,100.0
2026-05-11,2816,旺旺保,30.6,30.75,30.2,30.55,149,6,-5,0,-1,1.9,98.09,100.0
2026-05-11,2820,華票,16.9,17.1,16.9,17.1,2477,176,1406,0,2,8.9,91.09,100.0
2026-05-11,2832,台產,54.1,54.5,53.2,53.6,338,48,-94,0,40,3.88,96.11,100.0
2026-05-11,2834,臺企銀,16.25,16.3,16.1,16.15,36139,6431,-7853,52,-123,17.09,82.9,100.0
2026-05-11,2836,高雄銀,11.85,11.9,11.85,11.85,1309,205,-172,0,-17,7.42,92.57,100.0
2026-05-11,2838,聯邦銀,20.55,20.85,20.5,20.75,1898,201,992,0,-2,4.3,95.69,100.0
2026-05-11,2845,遠東銀,12.2,12.25,12.15,12.2,12464,3488,-2184,12,-12,9.0,90.99,100.0
2026-05-11,2849,安泰銀,14.1,14.1,13.85,13.85,86,34,17,0,-7,58.9,41.09,100.0
2026-05-11,2850,新產,133.0,136.5,132.0,136.0,321,67,98,0,6,10.26,89.73,100.0
2026-05-11,2851,中再保,31.4,32.1,31.35,31.55,3020,777,992,7,35,7.29,92.7,100.0
2026-05-11,2852,第一保,26.15,26.3,26.1,26.1,452,16,42,-3,-12,4.73,95.26,100.0
2026-05-11,2855,統一證,40.7,44.0,40.7,43.7,20966,6803,5180,10,0,14.3,85.69,100.0
2026-05-11,2867,三商壽,7.84,7.87,7.8,7.82,7612,883,5359,0,256,18.08,81.91,100.0
2026-05-11,2880,華南金,33.4,33.45,33.15,33.25,13827,3111,-1462,32,-1043,17.5,82.49,100.0
2026-05-11,2881,富邦金,96.7,96.7,95.5,95.5,22797,5494,-3534,-1941,-163,16.36,83.63,100.0
2026-05-11,2882,國泰金,79.6,79.6,78.4,78.4,21997,5303,-5061,-4342,-519,20.17,79.82,100.0
2026-05-11,2883,凱基金,22.9,23.1,22.8,22.8,41098,9096,3674,-317,-1279,30.84,69.15,100.0
2026-05-11,2884,玉山金,32.5,32.55,32.3,32.3,28821,4338,-1519,-137,-712,30.65,69.34,100.0
2026-05-11,2885,元大金,56.7,57.4,55.8,56.5,25216,3014,-1133,-731,-639,26.05,73.94,100.0
2026-05-11,2886,兆豐金,40.2,40.5,40.0,40.1,20510,4014,10092,-52,-768,21.74,78.25,100.0
2026-05-11,2887,台新新光金,23.85,23.9,23.45,23.45,98201,21521,13441,-47653,700,22.92,77.07,100.0
2026-05-11,2889,國票金,14.7,14.85,14.6,14.75,4585,910,19,0,36,8.54,91.45,100.0
2026-05-11,2890,永豐金,31.0,31.05,30.6,30.6,33938,9034,1346,-4,-1154,27.98,72.01,100.0
2026-05-11,2891,中信金,56.0,56.0,54.7,55.3,50449,10575,-13304,-3766,-1109,33.81,66.18,100.0
2026-05-11,2892,第一金,29.5,29.75,29.25,29.55,38170,9047,14759,-529,-49,27.24,72.75,100.0
2026-05-11,2897,王道銀行,10.1,10.35,10.1,10.25,6640,753,3441,16,-15,6.99,93.0,100.0
2026-05-11,2901,欣欣,23.45,23.85,23.4,23.45,22,3,-1,0,-1,0.32,99.67,100.0
2026-05-11,2903,遠百,22.25,22.3,22.15,22.25,1774,115,-449,9,120,8.14,91.85,100.0
2026-05-11,2904,匯僑,15.8,15.8,15.6,15.65,119,7,-8,0,-1,0.49,99.5,100.0
2026-05-11,2905,三商,13.65,13.7,13.3,13.35,648,146,-6,0,-32,3.71,96.28,100.0
2026-05-11,2906,高林,12.4,12.5,12.3,12.35,192,7,5,0,-1,1.64,98.35,100.0
2026-05-11,2908,特力,20.95,20.95,20.75,20.95,311,17,-29,0,63,1.65,98.34,100.0
2026-05-11,2910,統領,22.85,22.85,22.25,22.3,9,1,-1,0,-1,0.28,99.71,100.0
2026-05-11,2911,麗嬰房,5.0,5.11,4.92,4.97,114,0,16,0,0,20.77,79.22,100.0
2026-05-11,2912,統一超,231.5,231.5,226.0,227.5,2356,301,-327,-53,-1,19.64,80.35,100.0
2026-05-11,2913,農林,11.2,11.4,11.15,11.3,1300,165,603,0,26,5.3,94.69,100.0
2026-05-11,2915,潤泰全,43.5,43.7,43.3,43.65,1113,157,480,7,2,5.54,94.45,100.0
2026-05-11,2916,滿心,45.05,45.15,44.7,44.75,145,0,-6,0,0,21.32,78.67,100.0
2026-05-11,2923,鼎固-KY,27.4,29.0,27.35,27.85,93,0,1,0,13,99.42,0.57,100.0
2026-05-11,2924,宏太-KY,0.0,0.0,0.0,0.0,0,0,0,0,0,66.79,33.2,100.0
2026-05-11,2926,誠品生活,37.2,37.2,37.0,37.0,30,1,-3,0,0,1.12,98.87,100.0
2026-05-11,2929,淘帝-KY,5.52,5.65,5.5,5.51,295,24,12,0,-13,18.11,81.88,100.0
2026-05-11,2937,集雅社,43.0,44.4,43.0,44.4,15,0,2,0,0,0.08,99.91,100.0
2026-05-11,2938,床的世界,23.09,23.1,23.0,23.0,8,0,1,0,0,0.0,0.0,0.0
2026-05-11,2939,永邑-KY,25.0,25.0,24.65,24.7,45,4,0,0,0,19.92,80.07,100.0
2026-05-11,2940,歐都納,23.5,23.6,23.4,23.5,32,0,0,0,0,0.0,0.0,0.0
2026-05-11,2941,米斯特,30.0,30.0,29.5,30.0,16,0,2,0,0,0.46,99.53,100.0
2026-05-11,2942,京站,37.53,37.9,37.25,37.35,13,0,-1,0,0,0.0,0.0,0.0
2026-05-11,2945,三商家購,41.45,41.5,40.6,41.2,31,0,-1,0,-1,0.38,99.61,100.0
2026-05-11,2947,振宇五金,78.7,78.8,78.1,78.4,42,0,4,0,0,0.08,99.91,100.0
2026-05-11,2948,寶陞,38.1,38.1,38.0,38.1,6,0,-2,0,0,0.0,99.99,100.0
2026-05-11,2949,欣新網,52.8,54.4,52.8,53.5,13,0,-3,0,0,0.02,99.97,100.0
2026-05-11,3002,歐格,17.65,17.85,17.65,17.7,184,17,84,0,-1,2.54,97.45,100.0
2026-05-11,3003,健和興,56.4,59.3,56.0,59.1,2446,689,-479,0,-5,3.76,96.23,100.0
2026-05-11,3004,豐達科,118.5,118.5,113.0,114.5,453,89,-92,0,-14,2.87,97.12,100.0
2026-05-11,3005,神基,98.7,99.8,97.5,99.8,2761,722,354,-69,-42,9.5,90.49,100.0
2026-05-11,3006,晶豪科,214.0,222.0,211.5,222.0,26736,11007,1629,0,244,30.15,69.84,100.0
2026-05-11,3008,大立光,2600.0,2600.0,2525.0,2545.0,865,211,0,-17,-38,31.58,68.41,100.0
2026-05-11,3010,華立,136.0,137.5,134.0,136.0,1511,417,-55,0,83,17.92,82.07,100.0
2026-05-11,3011,今皓,13.6,13.85,13.3,13.75,600,158,83,0,0,2.69,97.3,100.0
2026-05-11,3013,晟銘電,111.5,115.0,110.0,112.0,6560,2808,460,0,36,4.42,95.57,100.0
2026-05-11,3014,聯陽,139.0,139.0,136.0,139.0,3516,1163,-184,-11,4,20.5,79.49,100.0
2026-05-11,3015,全漢,50.8,51.1,50.0,51.1,296,87,12,-1,-1,9.02,90.97,100.0
2026-05-11,3016,嘉晶,121.0,128.5,119.0,128.5,5497,0,307,0,83,8.15,91.84,100.0
2026-05-11,3017,奇鋐,2485.0,2590.0,2455.0,2555.0,6204,2430,-238,603,50,53.99,46.0,100.0
2026-05-11,3018,隆銘綠能,10.15,10.7,10.15,10.7,17,0,0,0,0,0.22,99.77,100.0
2026-05-11,3019,亞光,144.5,148.0,142.5,146.5,7438,2612,988,0,26,5.46,94.53,100.0
2026-05-11,3021,鴻名,16.35,16.65,16.3,16.4,95,2,-21,0,-5,3.94,96.05,100.0
2026-05-11,3022,威強電,67.9,69.3,66.7,69.0,2658,562,-1121,0,-7,15.16,84.83,100.0
2026-05-11,3023,信邦,302.0,302.5,293.0,302.0,1522,464,38,-73,-21,44.58,55.41,100.0
2026-05-11,3024,憶聲,14.35,14.85,14.25,14.55,3765,832,1120,0,-34,2.4,97.59,100.0
2026-05-11,3025,星通,63.6,63.6,62.5,62.8,590,100,63,0,1,7.36,92.63,100.0
2026-05-11,3026,禾伸堂,329.0,351.5,311.0,329.5,31292,19425,591,1629,-68,15.16,84.83,100.0
2026-05-11,3027,盛達,18.8,18.8,18.2,18.3,455,69,-85,0,-1,1.62,98.37,100.0
2026-05-11,3028,增你強,81.5,84.4,75.3,75.5,14230,4903,-4167,0,-121,11.61,88.38,100.0
2026-05-11,3029,零壹,99.0,99.8,98.1,99.1,847,246,27,-12,-5,3.28,96.71,100.0
2026-05-11,3030,德律,397.5,398.0,386.0,397.0,1706,0,-149,0,-57,14.65,85.34,100.0
2026-05-11,3031,佰鴻,30.0,31.15,29.55,30.0,2498,538,785,0,19,2.53,97.46,100.0
2026-05-11,3032,偉訓,71.0,77.7,70.7,77.7,4040,928,282,0,128,3.0,96.99,100.0
2026-05-11,3033,威健,44.6,45.5,43.55,44.0,16760,6316,-1474,-34,-366,17.22,82.77,100.0
2026-05-11,3034,聯詠,500.0,503.0,486.0,496.5,14732,6128,2640,-110,-404,36.16,63.83,100.0
2026-05-11,3035,智原,182.0,195.5,182.0,195.5,25421,8228,6261,0,554,11.01,88.98,100.0
2026-05-11,3036,文曄,264.5,264.5,248.0,264.5,22384,4033,-3313,5858,-63,23.18,76.79,100.0
2026-05-11,3037,欣興,830.0,889.0,822.0,861.0,28324,14693,2965,979,98,38.24,61.75,100.0
2026-05-11,3038,全台,22.8,22.85,22.4,22.5,484,50,-217,-1,-4,8.53,91.46,100.0
2026-05-11,3040,遠見,40.9,40.9,40.0,40.0,203,16,-24,0,0,0.59,99.4,100.0
2026-05-11,3041,揚智,24.5,25.25,24.2,24.7,1549,556,285,0,-1,4.03,95.96,100.0
2026-05-11,3042,晶技,150.0,159.0,140.5,155.5,17011,9013,4042,-110,-630,18.81,81.18,100.0
2026-05-11,3043,科風,20.25,20.65,20.0,20.15,150,18,-31,0,0,1.28,98.71,100.0
2026-05-11,3044,健鼎,495.0,508.0,477.0,489.5,5209,2435,-552,-5,-14,47.92,52.07,100.0
2026-05-11,3045,台灣大,110.0,110.5,109.5,110.0,7510,2422,610,-129,-237,13.84,32.7,46.55
2026-05-11,3046,建碁,51.2,52.5,50.6,52.4,684,128,278,0,27,4.48,95.51,100.0
2026-05-11,3047,訊舟,14.3,14.75,14.25,14.65,1066,236,397,0,-6,2.51,97.48,100.0
2026-05-11,3048,益登,43.45,45.4,42.85,45.0,19158,8118,2752,0,358,5.48,94.51,100.0
2026-05-11,3049,精金,12.85,13.7,12.6,13.6,10301,0,978,0,-20,2.6,97.39,100.0
2026-05-11,3050,鈺德,12.35,12.4,12.2,12.35,476,221,55,0,-4,6.77,93.22,100.0
2026-05-11,3051,力特,26.05,26.9,25.8,26.35,2191,848,-116,0,-7,1.4,98.59,100.0
2026-05-11,3052,夆典,10.8,10.8,10.7,10.7,326,36,0,0,-12,1.51,98.48,100.0
2026-05-11,3054,立萬利,71.4,71.4,67.7,69.6,333,122,2,0,0,0.56,99.43,100.0
2026-05-11,3055,蔚華科,100.0,100.0,99.7,100.0,2839,917,-28,0,99,1.88,98.11,100.0
2026-05-11,3056,富華新,13.4,13.8,13.3,13.55,1547,313,514,0,-7,4.29,95.7,100.0
2026-05-11,3057,喬鼎,21.85,22.55,20.95,21.7,879,0,-84,0,0,2.67,97.32,100.0
2026-05-11,3058,立德,8.36,8.36,8.27,8.3,529,0,-35,0,0,2.47,97.52,100.0
2026-05-11,3059,華晶科,39.85,40.5,39.4,40.15,2718,502,1098,0,-3,9.74,90.25,100.0
2026-05-11,3060,銘異,28.6,29.15,28.4,28.55,2387,683,866,0,0,8.27,91.72,100.0
2026-05-11,3062,建漢,27.05,28.0,26.7,27.85,7171,2642,762,0,-23,10.53,89.46,100.0
2026-05-11,3064,泰偉,20.6,20.8,20.6,20.75,3,0,0,0,0,0.12,99.87,100.0
2026-05-11,3066,李洲,18.75,18.85,17.95,18.45,393,152,52,0,0,0.97,99.02,100.0
2026-05-11,3067,全域,0.0,0.0,0.0,0.0,0,0,0,0,0,0.01,99.98,100.0
2026-05-11,3071,協禧,30.45,31.1,29.85,30.9,1176,313,247,0,5,2.18,97.81,100.0
2026-05-11,3073,天方能源,22.35,22.35,21.0,21.1,375,76,60,0,0,2.08,97.91,100.0
2026-05-11,3078,僑威,57.7,57.7,56.5,57.2,981,203,-195,-3,-1,18.18,81.81,100.0
2026-05-11,3081,聯亞,2675.0,2820.0,2630.0,2780.0,2275,1204,125,118,5,21.21,78.78,100.0
2026-05-11,3083,網龍,26.9,27.0,26.75,26.8,80,3,13,0,0,1.43,98.56,100.0
2026-05-11,3085,新零售,11.9,12.95,11.9,12.95,24,0,0,0,0,5.69,94.3,100.0
2026-05-11,3086,華義*,39.9,41.5,39.8,40.05,636,183,-99,0,-3,40.58,59.41,100.0
2026-05-11,3088,艾訊,127.0,131.0,122.0,128.0,2313,1023,156,0,-3,14.8,85.19,100.0
2026-05-11,3090,日電貿,114.0,119.0,110.5,116.5,12703,6408,-599,0,310,10.31,89.68,100.0
2026-05-11,3092,鴻碩,30.1,30.75,29.9,30.25,571,91,-47,0,1,1.47,98.52,100.0
2026-05-11,3093,港建*,59.8,61.7,59.0,59.5,1272,419,-256,0,0,68.44,31.55,100.0
2026-05-11,3094,聯傑,31.15,32.5,30.5,30.9,2766,924,-651,0,3,1.83,98.16,100.0
2026-05-11,3095,及成,49.25,49.25,46.0,46.6,145,37,-10,0,3,3.83,96.16,100.0
2026-05-11,3097,拍檔,26.14,27.3,26.0,27.3,19,0,-2,0,0,0.0,0.0,0.0
2026-05-11,3105,穩懋,500.0,538.0,493.5,526.0,25292,13029,3865,159,44,29.27,70.72,100.0
2026-05-11,3114,好德,26.4,26.4,26.2,26.25,70,4,-2,0,0,0.92,99.07,100.0
2026-05-11,3115,富榮綱,9.66,9.89,9.66,9.87,28,0,-3,0,0,1.7,98.29,100.0
2026-05-11,3117,年程,27.84,28.85,26.8,28.15,168,0,4,0,0,0.0,0.0,0.0
2026-05-11,3118,進階,33.65,33.65,33.55,33.65,27,0,4,0,0,0.46,99.53,100.0
2026-05-11,3122,笙泉,40.05,40.15,38.2,38.5,3929,0,199,0,0,3.22,96.77,100.0
2026-05-11,3128,昇銳,23.6,24.0,23.4,23.45,125,2,-42,0,0,3.91,96.08,100.0
2026-05-11,3130,一零四,222.0,225.0,221.0,222.0,52,27,0,0,0,20.98,79.01,100.0
2026-05-11,3131,弘塑,2900.0,3110.0,2895.0,3090.0,774,296,294,-182,8,36.95,63.04,100.0
2026-05-11,3135,凌航,194.5,194.5,194.5,194.5,2046,1,-33,0,155,3.27,96.72,100.0
2026-05-11,3138,耀登,156.0,160.5,153.0,158.0,1180,530,125,0,8,1.7,98.29,100.0
2026-05-11,3141,晶宏,56.5,58.6,54.0,57.3,2754,1178,90,0,16,11.26,88.73,100.0
2026-05-11,3147,大綜,182.0,185.0,180.0,181.0,311,79,-15,0,2,2.57,97.42,100.0
2026-05-11,3149,正達,48.5,51.6,48.45,50.5,8196,3559,847,0,-5,3.04,96.95,100.0
2026-05-11,3150,鈺寶-創,20.0,20.1,19.5,19.55,124,15,-16,0,2,1.01,98.98,100.0
2026-05-11,3152,璟德,174.0,176.0,167.5,175.5,1751,521,195,0,23,15.58,84.41,100.0
2026-05-11,3158,嘉實,89.1,89.1,88.7,88.8,23,0,0,0,0,1.62,98.37,100.0
2026-05-11,3162,精確,91.5,92.3,86.1,90.5,8358,3307,-1456,0,0,47.23,52.76,100.0
2026-05-11,3163,波若威,1030.0,1050.0,1000.0,1040.0,779,0,-53,-30,19,32.98,67.01,100.0
2026-05-11,3164,景岳,17.5,17.8,17.3,17.6,157,9,-32,0,-14,0.54,99.45,100.0
2026-05-11,3167,大量,656.0,728.0,624.0,728.0,2048,0,428,-566,79,13.18,86.81,100.0
2026-05-11,3168,眾福科,45.9,46.0,45.2,45.2,28,2,-6,0,-1,1.26,98.73,100.0
2026-05-11,3169,亞信,114.0,118.5,111.0,116.5,1411,581,-25,0,11,4.18,95.81,100.0
2026-05-11,3171,新洲,70.4,70.4,66.3,67.6,178,64,3,0,0,0.62,99.37,100.0
2026-05-11,3171,炎洲流通,70.4,70.4,66.3,67.6,178,64,3,0,0,0.62,99.37,100.0
2026-05-11,3176,基亞,32.85,33.0,32.5,32.6,266,49,-24,0,0,4.78,95.21,100.0
2026-05-11,3178,公準,68.1,68.9,67.1,67.2,155,27,-29,0,0,1.97,98.02,100.0
2026-05-11,3184,微邦,29.62,30.5,26.0,28.2,2274,0,3,0,0,0.0,0.0,0.0
2026-05-11,3188,鑫龍騰,24.35,24.5,24.0,24.1,375,64,-136,0,0,2.26,97.73,100.0
2026-05-11,3189,景碩,475.0,503.0,468.0,503.0,26643,12320,4295,-3930,429,19.39,80.6,100.0
2026-05-11,3191,雲嘉南,13.9,14.3,13.65,13.65,29,0,-1,0,0,0.05,99.94,100.0
2026-05-11,3205,佰研,57.6,57.6,56.0,56.4,152,42,-45,0,0,1.06,98.93,100.0
2026-05-11,3206,志豐,36.05,39.05,35.05,39.05,589,160,148,0,0,2.78,97.21,100.0
2026-05-11,3207,耀勝,59.6,59.7,58.0,59.2,347,59,-42,0,-2,4.34,95.65,100.0
2026-05-11,3209,全科,58.6,60.5,58.6,60.5,6651,1741,2522,-4,52,19.14,80.85,100.0
2026-05-11,3211,順達,385.5,417.0,384.5,403.0,14453,6776,2205,165,168,17.36,82.63,100.0
2026-05-11,3213,茂訊,118.0,118.5,115.0,116.5,663,104,-76,0,6,5.52,94.47,100.0
2026-05-11,3217,優群,171.5,178.5,167.0,178.0,2375,790,46,0,87,6.28,93.71,100.0
2026-05-11,3218,大學光,135.0,136.5,133.0,135.5,382,80,48,-7,3,4.96,95.03,100.0
2026-05-11,3219,倚強股份,75.0,75.5,74.0,75.5,570,56,72,0,0,1.75,98.24,100.0
2026-05-11,3219,倚強科,75.0,75.5,74.0,75.5,570,56,72,0,0,1.75,98.24,100.0
2026-05-11,3221,台嘉碩,45.25,45.4,42.0,43.8,6608,3404,-148,0,-20,4.78,95.21,100.0
2026-05-11,3224,三顧,43.0,43.5,41.5,42.25,249,45,64,0,0,0.94,99.05,100.0
2026-05-11,3226,龍鋒,37.55,41.0,37.55,41.0,7,4,0,0,0,0.06,99.93,100.0
2026-05-11,3227,原相,229.5,234.5,224.5,231.5,4223,1478,704,-21,87,27.04,72.87,100.0
2026-05-11,3228,金麗科,235.0,250.0,232.0,241.5,920,0,-27,2,-16,7.12,92.87,100.0
2026-05-11,3229,晟鈦,38.3,44.8,37.9,44.8,2052,0,268,0,6,1.73,98.26,100.0
2026-05-11,3230,錦明,32.65,32.9,32.1,32.55,855,229,53,0,0,3.85,96.14,100.0
2026-05-11,3231,緯創,147.0,147.0,138.0,139.0,114217,25571,-53743,-44,-1857,28.11,71.88,100.0
2026-05-11,3232,昱捷,21.05,21.05,20.8,20.85,71,4,-7,0,0,8.23,91.76,100.0
2026-05-11,3234,光環,99.5,102.5,96.0,97.5,2293,0,-9,0,16,2.39,97.6,100.0
2026-05-11,3236,千如,34.5,34.75,32.2,34.6,6273,3625,-78,0,6,17.26,82.73,100.0
2026-05-11,3252,海灣,19.0,19.0,19.0,19.0,1,0,0,0,0,2.22,97.77,100.0
2026-05-11,3257,虹冠電,54.9,55.9,54.5,55.3,472,66,70,0,-1,1.15,98.84,100.0
2026-05-11,3259,鑫創,18.4,18.4,17.3,17.7,68,0,-1,0,0,10.94,89.05,100.0
2026-05-11,3260,威剛,464.5,469.0,454.5,457.0,25976,14789,213,-2515,23,17.64,82.35,100.0
2026-05-11,3264,欣銓,220.0,228.5,216.5,225.5,8377,3812,123,-214,-193,28.52,71.47,100.0
2026-05-11,3265,台星科,180.5,185.0,175.0,180.5,2225,815,-64,0,72,10.21,89.78,100.0
2026-05-11,3266,昇陽,13.65,13.7,13.5,13.55,120,9,10,0,-12,8.27,91.72,100.0
2026-05-11,3268,海德威,18.55,18.8,17.8,18.5,197,57,16,0,0,1.05,98.94,100.0
2026-05-11,3272,東碩,18.6,18.65,18.0,18.45,110,17,7,0,5,0.71,99.28,100.0
2026-05-11,3276,宇環,15.7,17.5,15.7,16.5,5095,2897,53,0,2,1.11,98.88,100.0
2026-05-11,3284,太普高,18.4,18.4,17.35,17.45,913,243,-278,0,-1,0.77,99.22,100.0
2026-05-11,3285,微端,29.55,29.55,28.9,29.0,16,3,-2,0,0,12.91,87.08,100.0
2026-05-11,3287,廣寰科,27.7,28.3,27.7,28.05,132,6,5,0,0,1.46,98.53,100.0
2026-05-11,3288,點晶,14.8,15.1,14.8,15.1,5,0,0,0,0,0.14,99.85,100.0
2026-05-11,3289,宜特,177.0,186.5,172.0,181.5,5324,2342,-331,0,242,11.26,88.73,100.0
2026-05-11,3290,東浦,46.8,48.75,46.8,48.6,860,132,339,0,4,6.78,93.21,100.0
2026-05-11,3293,鈊象,741.0,741.0,727.0,731.0,1096,216,0,-47,-31,27.64,72.35,100.0
2026-05-11,3294,英濟,30.4,30.85,30.3,30.7,559,114,154,0,0,12.13,87.86,100.0
2026-05-11,3296,勝德,23.45,23.5,22.2,22.5,234,24,-56,0,-1,2.35,97.64,100.0
2026-05-11,3297,杭特,30.8,32.6,30.35,32.6,168,39,27,0,0,3.19,96.8,100.0
2026-05-11,3303,岱稜,52.9,52.9,51.7,52.0,387,45,-96,0,0,5.03,94.96,100.0
2026-05-11,3305,昇貿,118.0,118.5,114.5,117.0,3251,1437,-274,0,-39,4.4,95.59,100.0
2026-05-11,3306,鼎天,47.5,47.65,46.4,46.4,255,54,-74,0,0,3.25,96.74,100.0
2026-05-11,3308,聯德,20.9,21.25,20.6,20.8,116,13,-43,0,-1,0.76,99.23,100.0
2026-05-11,3310,佳穎,68.9,69.8,68.9,69.0,9,0,-4,0,0,0.2,99.79,100.0
2026-05-11,3311,閎暉,32.6,33.2,32.55,32.8,389,44,184,0,0,1.64,98.35,100.0
2026-05-11,3312,弘憶股,42.9,45.5,42.7,44.5,4732,1659,1024,0,45,3.12,96.87,100.0
2026-05-11,3313,斐成,11.7,11.7,11.3,11.4,403,0,-8,0,0,4.69,95.3,100.0
2026-05-11,3317,尼克森,64.0,68.4,62.6,68.2,11025,5341,-264,0,25,10.8,89.19,100.0
2026-05-11,3321,同泰,16.5,16.5,16.15,16.25,277,0,1,0,-6,1.73,98.26,100.0
2026-05-11,3322,建舜電,13.2,13.4,13.05,13.15,540,122,170,0,0,2.93,97.06,100.0
2026-05-11,3323,加百裕,35.05,37.25,34.95,36.3,3613,1687,476,0,11,12.87,87.12,100.0
2026-05-11,3324,雙鴻,1070.0,1090.0,1055.0,1070.0,3407,1541,-588,-260,22,28.1,71.89,100.0
2026-05-11,3325,旭品,12.95,12.95,12.7,12.75,155,0,11,0,0,0.67,99.32,100.0
2026-05-11,3332,幸康,67.7,67.9,65.3,66.0,58,12,5,0,0,0.92,99.07,100.0
2026-05-11,3338,泰碩,72.1,72.4,70.5,72.4,1655,423,362,0,-3,3.81,96.18,100.0
2026-05-11,3339,泰谷,56.8,57.0,53.0,54.0,4920,1902,730,0,1,8.06,91.93,100.0
2026-05-11,3346,麗清,17.1,17.1,16.6,16.75,964,81,-403,0,-7,1.99,98.0,100.0
2026-05-11,3349,寶德,23.0,23.0,21.15,21.15,236,0,-39,0,0,0.73,99.26,100.0
2026-05-11,3354,律勝,35.65,37.5,34.25,35.0,3982,1652,-445,0,0,2.04,97.95,100.0
2026-05-11,3356,奇偶,54.8,59.9,54.3,59.7,3170,995,522,0,-2,7.84,92.15,100.0
2026-05-11,3357,臺慶科,188.0,190.5,177.0,186.5,5684,2886,-359,0,-87,15.03,84.96,100.0
2026-05-11,3360,尚立,14.35,14.55,14.0,14.55,865,171,-266,0,0,2.29,97.7,100.0
2026-05-11,3362,先進光,105.0,108.5,102.0,102.0,1716,421,551,0,0,8.21,91.78,100.0
2026-05-11,3363,上詮,819.0,870.0,807.0,853.0,4072,1971,-165,16,-61,19.05,80.94,100.0
2026-05-11,3372,典範,19.8,20.2,19.6,19.75,677,0,66,0,0,1.19,98.8,100.0
2026-05-11,3373,熱映,17.05,17.3,16.85,16.85,75,20,1,0,0,1.5,98.49,100.0
2026-05-11,3374,精材,242.5,249.0,239.0,249.0,19819,8618,1202,0,-23,13.12,86.87,100.0
2026-05-11,3376,新日興,203.5,209.5,201.5,206.5,3282,1257,-23,-10,-61,17.66,82.33,100.0
2026-05-11,3379,彬台,37.3,37.3,36.2,36.6,345,70,64,0,0,2.8,97.19,100.0
2026-05-11,3380,明泰,31.9,32.35,31.75,32.2,2053,498,-250,0,-26,5.73,94.26,100.0
2026-05-11,3388,崇越電,109.5,112.0,107.0,110.0,1586,529,62,0,95,7.24,92.75,100.0
2026-05-11,3390,旭軟,27.15,28.5,27.1,27.75,1860,694,-8,0,0,3.58,96.41,100.0
2026-05-11,3402,漢科,141.5,141.5,138.5,139.5,848,168,-96,0,-4,7.58,92.41,100.0
2026-05-11,3406,玉晶光,512.0,512.0,500.0,510.0,817,258,35,-17,0,41.84,58.15,100.0
2026-05-11,3413,京鼎,309.0,313.0,296.0,308.5,3655,1428,-695,0,-1,12.57,87.42,100.0
2026-05-11,3416,融程電,178.5,179.0,169.5,171.5,861,208,-121,0,-8,2.6,97.39,100.0
2026-05-11,3419,譁裕,14.5,14.5,14.15,14.25,405,0,-64,0,-14,1.91,98.08,100.0
2026-05-11,3426,台興,47.7,47.7,47.7,47.7,48,0,0,0,0,0.44,99.55,100.0
2026-05-11,3430,奇鈦科,159.0,168.0,159.0,168.0,2635,0,-109,0,-1,8.35,91.64,100.0
2026-05-11,3432,台端,20.0,20.15,19.65,19.95,298,0,67,0,-4,3.06,96.93,100.0
2026-05-11,3434,哲固,28.55,28.8,28.55,28.65,56,4,3,0,0,1.91,98.08,100.0
2026-05-11,3437,榮創,26.05,26.55,25.65,25.7,2685,986,-318,0,15,3.83,96.16,100.0
2026-05-11,3438,類比科,66.8,66.8,63.0,63.9,460,146,-30,0,0,3.06,96.93,100.0
2026-05-11,3441,聯一光,42.8,43.7,40.0,40.55,2649,957,-151,0,0,2.4,97.59,100.0
2026-05-11,3443,創意,5300.0,5730.0,5245.0,5730.0,2419,997,490,52,-44,27.77,72.22,100.0
2026-05-11,3444,利機,90.6,90.6,88.1,89.2,237,46,23,0,0,11.33,88.66,100.0
2026-05-11,3447,展達,39.4,39.4,38.35,38.4,289,72,-56,0,-1,1.07,98.92,100.0
2026-05-11,3450,聯鈞,426.0,438.5,391.0,428.0,30833,20628,-2824,0,85,21.76,78.23,100.0
2026-05-11,3455,由田,258.0,286.0,254.5,286.0,907,0,159,0,12,19.35,80.64,100.0
2026-05-11,3465,進泰電子,27.6,29.15,27.55,27.9,76,15,8,0,0,4.69,95.3,100.0
2026-05-11,3466,德晉,41.5,41.8,39.6,39.75,1091,226,-322,0,0,16.98,83.01,100.0
2026-05-11,3467,台灣精材,74.3,74.9,70.0,71.4,726,271,-44,0,0,1.19,98.8,100.0
2026-05-11,3473,智通聯網,95.27,98.3,95.0,98.0,8,0,0,0,0,0.0,0.0,0.0
2026-05-11,3479,安勤,97.0,98.9,96.0,97.1,567,140,60,0,-1,5.74,94.25,100.0
2026-05-11,3481,群創,32.0,32.3,31.05,32.3,417999,76239,3574,-32,5972,27.26,72.73,100.0
2026-05-11,3483,力致,92.0,92.1,90.0,90.9,711,149,62,0,-5,7.11,92.88,100.0
2026-05-11,3484,崧騰,44.7,44.7,43.75,43.8,553,15,-162,0,0,7.64,92.35,100.0
2026-05-11,3485,敘豐,268.0,314.5,263.0,314.5,1053,0,59,0,0,0.29,99.7,100.0
2026-05-11,3489,森寶,22.3,22.55,22.3,22.4,107,13,-13,0,0,0.74,99.25,100.0
2026-05-11,3490,單井,31.8,32.55,30.7,30.75,1867,722,-203,0,0,5.73,94.26,100.0
2026-05-11,3491,昇達科,1685.0,1820.0,1680.0,1820.0,4401,1982,608,283,0,31.67,68.32,100.0
2026-05-11,3492,長盛,22.85,23.0,22.75,22.9,33,2,1,0,0,0.57,99.42,100.0
2026-05-11,3494,誠研,8.02,8.02,7.78,7.8,122,0,-9,0,-5,1.75,98.24,100.0
2026-05-11,3498,陽程,102.5,102.5,102.5,102.5,1460,2,-78,0,30,14.72,85.27,100.0
2026-05-11,3499,環天科,15.3,15.35,14.8,15.05,253,0,12,0,0,0.63,99.36,100.0
2026-05-11,3501,維熹,47.35,47.35,46.75,47.15,144,19,9,0,0,3.49,96.5,100.0
2026-05-11,3504,揚明光,61.7,63.3,61.5,62.8,514,87,138,0,-4,3.56,96.43,100.0
2026-05-11,3508,位速,22.0,22.1,20.75,21.0,541,0,-190,0,0,0.45,99.54,100.0
2026-05-11,3511,矽瑪,22.0,22.1,21.45,21.5,456,51,-20,0,0,3.31,96.68,100.0
2026-05-11,3512,皇龍,20.45,20.45,20.25,20.35,57,2,-3,0,0,0.47,99.52,100.0
2026-05-11,3515,華擎,234.5,234.5,223.5,232.5,2095,703,29,0,59,7.59,92.4,100.0
2026-05-11,3516,亞帝歐,20.5,21.5,20.5,21.2,227,34,7,0,-12,0.55,99.44,100.0
2026-05-11,3518,柏騰,35.8,39.0,34.1,37.0,2204,789,-138,0,-7,6.1,93.89,100.0
2026-05-11,3520,華盈,15.75,15.95,15.45,15.45,293,31,-61,0,0,1.44,98.55,100.0
2026-05-11,3521,鴻翊,13.65,13.65,13.2,13.25,156,11,-5,0,0,0.37,99.62,100.0
2026-05-11,3521,台鋼建設,13.65,13.65,13.2,13.25,156,11,-5,0,0,0.37,99.62,100.0
2026-05-11,3522,御頂,12.2,12.6,12.0,12.55,401,0,-47,0,0,0.3,99.69,100.0
2026-05-11,3522,御嵿,12.2,12.6,12.0,12.55,401,0,-47,0,0,0.3,99.69,100.0
2026-05-11,3523,迎輝,12.4,12.4,12.15,12.4,19,0,0,0,0,0.09,99.9,100.0
2026-05-11,3526,凡甲,390.0,392.0,377.5,388.0,1038,336,-285,44,-21,20.21,79.78,100.0
2026-05-11,3527,聚積,65.3,67.8,63.2,64.9,927,621,-113,0,0,7.0,92.99,100.0
2026-05-11,3528,安馳,88.0,88.0,81.9,82.5,2837,884,-667,0,-5,4.69,95.3,100.0
2026-05-11,3529,力旺,4370.0,4665.0,4295.0,4460.0,1519,566,473,-33,16,66.39,33.6,100.0
2026-05-11,3530,晶相光,67.3,69.5,66.0,69.5,560,144,32,0,-4,41.36,58.63,100.0
2026-05-11,3531,先益,22.85,23.05,22.85,23.05,4,1,0,0,0,19.28,80.71,100.0
2026-05-11,3532,台勝科,255.0,269.5,255.0,268.0,967,0,24,0,58,48.96,51.03,100.0
2026-05-11,3533,嘉澤,2680.0,2870.0,2655.0,2845.0,2086,630,-332,95,27,45.44,54.55,100.0
2026-05-11,3535,晶彩科,126.0,129.0,122.5,126.0,3701,1754,-167,0,0,2.0,97.99,100.0
2026-05-11,3537,堡達,47.2,48.7,45.8,48.15,802,249,83,0,0,2.63,97.36,100.0
2026-05-11,3540,曜越,27.4,27.8,27.0,27.7,329,95,97,0,0,3.12,96.87,100.0
2026-05-11,3541,西柏,23.0,23.3,22.9,23.05,117,11,12,0,0,1.0,98.99,100.0
2026-05-11,3543,州巧,39.85,39.85,38.25,38.6,1484,227,-434,0,-6,7.12,92.87,100.0
2026-05-11,3545,敦泰,57.1,58.2,55.6,57.6,4067,1770,152,4,27,13.93,86.06,100.0
2026-05-11,3546,宇峻,68.0,68.4,67.5,68.0,161,34,-13,0,4,9.99,90.0,100.0
2026-05-11,3548,兆利,100.0,100.5,98.1,100.5,589,138,110,0,-5,8.14,91.85,100.0
2026-05-11,3550,聯穎,21.55,21.65,21.0,21.4,2973,1265,52,0,0,4.88,95.11,100.0
2026-05-11,3551,世禾,214.0,224.5,214.0,218.0,4158,2241,-118,0,111,5.07,94.92,100.0
2026-05-11,3552,同致,53.8,55.4,53.8,55.0,245,46,33,0,-50,11.54,88.45,100.0
2026-05-11,3555,博士旺,226.5,227.0,213.0,218.0,383,106,-43,0,0,1.84,98.15,100.0
2026-05-11,3556,禾瑞亞,52.1,55.4,52.1,54.2,696,224,-14,0,0,5.73,94.26,100.0
2026-05-11,3557,嘉威,29.45,29.45,27.5,27.5,340,43,-117,0,0,1.59,98.4,100.0
2026-05-11,3558,神準,111.5,112.0,110.0,110.5,195,26,-22,0,-1,4.08,95.91,100.0
2026-05-11,3563,牧德,810.0,825.0,792.0,807.0,1072,413,157,2,19,8.01,91.98,100.0
2026-05-11,3564,其陽,41.4,43.55,41.25,42.8,363,127,-2,0,0,3.36,96.63,100.0
2026-05-11,3567,逸昌,30.6,30.6,29.1,29.35,209,33,9,0,0,2.86,97.13,100.0
2026-05-11,3570,大塚,170.0,183.0,169.5,175.5,273,50,-45,0,0,45.31,54.68,100.0
2026-05-11,3576,聯合再生,17.45,17.45,16.7,17.0,20778,0,-3739,0,-7,10.81,89.18,100.0
2026-05-11,3577,泓格,98.0,98.2,91.3,92.1,680,266,37,0,1,2.66,97.33,100.0
2026-05-11,3580,友威科,91.4,97.6,88.1,97.0,3861,1732,120,0,0,9.9,90.09,100.0
2026-05-11,3581,博磊,240.0,240.0,231.0,236.5,283,0,17,0,-6,17.25,82.74,100.0
2026-05-11,3583,辛耘,800.0,866.0,800.0,866.0,3749,1168,561,69,46,19.9,80.09,100.0
2026-05-11,3585,聯致,109.68,114.5,99.6,107.0,3026,0,-7,0,0,0.0,0.0,0.0
2026-05-11,3587,閎康,349.0,350.5,346.0,350.5,2265,318,633,0,-17,12.15,87.84,100.0
2026-05-11,3588,通嘉,59.5,64.8,59.3,63.6,964,286,187,0,0,3.74,96.25,100.0
2026-05-11,3591,艾笛森,23.6,24.15,23.25,23.3,1624,443,-67,0,-5,4.8,95.19,100.0
2026-05-11,3592,瑞鼎,274.5,274.5,257.0,263.5,2486,765,-914,59,1,15.84,84.15,100.0
2026-05-11,3593,力銘,18.65,18.75,17.1,18.6,44,0,0,0,0,0.24,99.75,100.0
2026-05-11,3594,磐儀,55.9,56.8,54.6,56.0,1190,267,229,0,5,2.45,97.54,100.0
2026-05-11,3595,山太士,2550.25,2805.0,2550.0,2800.0,775,0,31,0,0,0.0,0.0,0.0
2026-05-11,3596,智易,179.5,184.0,177.5,184.0,3460,797,-655,0,-7,29.56,70.43,100.0
2026-05-11,3597,映興,26.0,28.2,26.0,28.2,702,267,-44,0,0,0.83,99.16,100.0
2026-05-11,3603,建祥國際,9.43,9.06,8.41,8.65,45,0,0,0,0,0.0,0.0,0.0
2026-05-11,3605,宏致,82.5,83.0,77.2,82.3,7787,3820,-165,0,-27,11.45,88.54,100.0
2026-05-11,3607,谷崧,14.5,14.65,14.45,14.55,345,61,-103,0,-2,6.34,93.65,100.0
2026-05-11,3609,三一東林,22.75,22.8,22.0,22.8,76,14,9,0,0,3.15,96.84,100.0
2026-05-11,3611,鼎翰,191.0,193.0,189.5,191.0,109,10,-31,0,0,12.16,87.83,100.0
2026-05-11,3615,安可,34.1,34.1,32.0,33.5,1349,629,-58,0,0,5.0,94.99,100.0
2026-05-11,3617,碩天,198.0,204.5,198.0,202.5,446,142,-16,0,2,9.27,90.72,100.0
2026-05-11,3622,洋華,57.9,59.5,56.6,57.4,565,132,-91,0,-7,3.78,96.21,100.0
2026-05-11,3623,富晶通,23.4,23.4,22.9,23.1,113,12,12,0,0,2.86,97.13,100.0
2026-05-11,3624,光頡,60.9,63.3,57.1,63.0,7866,3225,815,0,154,48.56,51.43,100.0
2026-05-11,3625,西勝,15.3,15.35,14.75,15.1,560,0,-46,0,0,5.49,94.5,100.0
2026-05-11,3628,盈正,68.0,68.4,66.8,67.4,120,16,-70,0,-2,4.88,95.11,100.0
2026-05-11,3629,地心引力,17.3,17.95,17.3,17.95,2,0,0,0,0,0.02,99.97,100.0
2026-05-11,3630,新鉅科,26.85,27.0,26.55,26.55,910,152,-124,0,-1,41.91,58.08,100.0
2026-05-11,3631,晟楠,39.1,41.0,38.6,41.0,305,0,26,0,0,8.17,91.82,100.0
2026-05-11,3632,研勤,8.5,8.5,8.33,8.35,61,0,5,0,0,0.29,99.7,100.0
2026-05-11,3633,云光,127.94,133.5,125.0,133.5,58,0,3,0,0,0.0,0.0,0.0
2026-05-11,3645,達邁,95.9,103.0,94.3,101.0,9961,4287,1017,0,94,14.1,85.89,100.0
2026-05-11,3646,艾恩特,23.15,23.2,23.0,23.2,24,4,0,0,0,6.8,93.19,100.0
2026-05-11,3652,精聯,31.0,32.0,30.75,30.9,296,79,12,0,-5,0.68,99.31,100.0
2026-05-11,3653,健策,3710.0,4015.0,3700.0,4015.0,4163,947,284,-23,187,26.9,73.09,100.0
2026-05-11,3659,百辰,25.22,25.15,24.6,25.15,17,0,0,0,0,0.0,0.0,0.0
2026-05-11,3661,世芯-KY,5200.0,5375.0,5180.0,5375.0,1273,196,313,1,94,54.71,45.28,100.0
2026-05-11,3663,鑫科,70.1,70.2,66.3,67.9,3614,1351,-1134,0,-29,2.89,97.1,100.0
2026-05-11,3664,安瑞-KY,8.4,8.59,8.4,8.59,174,0,5,0,0,37.89,62.1,100.0
2026-05-11,3665,貿聯-KY,2650.0,2925.0,2645.0,2905.0,2750,899,251,344,-19,53.02,46.97,100.0
2026-05-11,3666,光耀,27.75,28.55,26.5,28.15,362,123,-37,0,-1,0.28,99.71,100.0
2026-05-11,3669,圓展,39.85,41.8,39.7,40.4,353,128,55,0,-5,2.19,97.8,100.0
2026-05-11,3672,康聯訊,11.25,11.8,10.95,11.6,91,0,8,0,2,2.42,97.57,100.0
2026-05-11,3673,TPK-KY,59.9,60.5,59.0,59.8,5735,1998,13,0,-70,44.42,55.57,100.0
2026-05-11,3675,德微,227.0,248.5,223.0,248.5,2369,823,419,0,94,57.29,42.7,100.0
2026-05-11,3678,聯享,58.43,61.2,57.0,61.2,102,0,0,0,0,0.0,0.0,0.0
2026-05-11,3679,新至陞,120.5,120.5,119.5,120.0,73,2,8,0,0,8.93,91.06,100.0
2026-05-11,3680,家登,580.0,616.0,579.0,616.0,4100,978,1589,0,81,23.67,76.32,100.0
2026-05-11,3684,榮昌,60.0,60.8,59.0,59.0,174,46,3,0,0,1.27,98.72,100.0
2026-05-11,3685,元創精密,30.1,30.1,28.9,30.0,335,0,-63,0,0,0.28,99.71,100.0
2026-05-11,3686,達能,17.4,17.4,17.0,17.05,502,0,-261,0,-2,1.37,98.62,100.0
2026-05-11,3687,歐買尬,64.5,65.3,64.5,64.9,75,8,13,0,0,4.86,95.13,100.0
2026-05-11,3689,湧德,126.5,126.5,122.0,124.5,3646,1247,-412,0,-38,5.32,94.67,100.0
2026-05-11,3691,碩禾,138.0,147.0,137.5,141.0,2257,997,-270,0,-30,9.67,90.32,100.0
2026-05-11,3693,營邦,575.0,591.0,555.0,582.0,2665,1039,476,-157,-8,11.23,88.76,100.0
2026-05-11,3694,海華,59.0,59.0,56.4,56.8,2320,527,-640,0,-17,4.54,95.45,100.0
2026-05-11,3701,大眾控,61.0,64.8,60.6,62.9,2466,1073,-379,0,-4,4.49,95.5,100.0
2026-05-11,3702,大聯大,115.0,117.5,111.5,114.0,35239,14070,-6016,4491,-355,35.27,64.72,100.0
2026-05-11,3703,欣陸,20.7,20.85,20.55,20.75,1102,112,89,0,-48,20.63,79.36,100.0
2026-05-11,3704,合勤控,35.3,35.85,34.75,35.05,1674,421,229,0,-1,9.77,90.22,100.0
2026-05-11,3705,永信,55.3,55.5,55.3,55.4,100,19,20,0,-3,7.19,92.8,100.0
2026-05-11,3706,神達,86.9,89.2,85.7,86.8,21367,10430,-1073,29,-227,10.82,89.17,100.0
2026-05-11,3707,漢磊,74.0,76.4,71.5,74.9,25966,17143,-898,0,6,11.62,88.37,100.0
2026-05-11,3708,上緯投控,119.0,124.5,118.0,121.5,1704,462,641,0,35,5.83,94.16,100.0
2026-05-11,3709,鑫聯大投控,91.0,91.1,84.6,89.1,8324,3410,-2082,0,-26,12.49,87.5,100.0
2026-05-11,3710,連展投控,6.3,6.31,5.7,6.01,877,0,-111,0,0,2.27,97.72,100.0
2026-05-11,3711,日月光投控,526.0,546.0,513.0,537.0,22625,5340,1419,656,256,78.54,21.45,100.0
2026-05-11,3712,永崴投控,20.7,20.75,20.2,20.3,467,88,-81,0,-14,1.22,98.77,100.0
2026-05-11,3713,新晶投控,13.7,14.2,13.5,14.2,133,0,5,0,0,0.42,99.57,100.0
2026-05-11,3714,富采,68.8,69.6,64.6,67.9,41901,21269,-4177,-150,-275,11.41,88.58,100.0
2026-05-11,3715,定穎投控,182.0,182.0,177.0,181.5,8846,3585,-819,0,63,9.82,90.17,100.0
2026-05-11,3716,中化控股,35.1,35.2,34.5,34.5,557,69,-143,0,-18,8.24,91.75,100.0
2026-05-11,3717,聯嘉投控,24.3,24.4,23.3,23.3,3399,880,-851,0,-120,3.72,96.27,100.0
2026-05-11,4102,永日,17.7,17.9,17.5,17.8,98,12,-15,0,0,1.37,98.62,100.0
2026-05-11,4104,佳醫,70.6,70.8,70.0,70.2,529,19,-118,0,0,3.59,96.4,100.0
2026-05-11,4105,東洋,75.6,75.7,74.9,75.2,584,126,-192,97,0,19.79,80.2,100.0
2026-05-11,4106,雃博,22.3,22.3,22.1,22.2,58,9,4,0,-1,1.89,98.1,100.0
2026-05-11,4107,邦特,118.0,121.5,118.0,121.0,301,29,77,0,0,7.48,92.51,100.0
2026-05-11,4108,懷特,12.1,12.1,12.0,12.1,220,0,34,0,0,1.16,98.83,100.0
2026-05-11,4109,加捷生醫,11.4,11.55,11.35,11.45,157,9,-20,0,0,0.66,99.33,100.0
2026-05-11,4111,濟生,30.9,30.9,30.3,30.3,190,32,-23,0,0,3.32,96.67,100.0
2026-05-11,4113,聯上,14.9,14.95,14.5,14.75,437,43,-114,0,0,2.06,97.93,100.0
2026-05-11,4114,健喬,31.0,31.1,30.9,31.0,865,20,55,0,0,6.34,93.65,100.0
2026-05-11,4115,善德生技,10.26,10.6,8.92,9.8,565,0,-6,0,0,0.0,0.0,0.0
2026-05-11,4116,明基醫,39.3,39.3,38.85,38.9,77,0,1,0,0,0.42,99.57,100.0
2026-05-11,4119,旭富,46.05,46.05,44.15,44.3,661,63,-122,0,-11,5.55,94.44,100.0
2026-05-11,4120,友華,46.55,46.7,46.5,46.5,53,1,-2,0,0,6.24,93.75,100.0
2026-05-11,4121,優盛,14.65,14.7,14.5,14.6,70,5,16,0,0,2.28,97.71,100.0
2026-05-11,4123,晟德,38.1,38.45,37.65,38.3,2244,265,134,0,-43,9.25,90.74,100.0
2026-05-11,4126,太醫,79.9,80.5,79.4,79.6,77,13,15,0,0,9.02,90.97,100.0
2026-05-11,4127,天良,40.3,43.75,40.3,43.75,1043,88,79,0,0,0.64,99.35,100.0
2026-05-11,4128,中天,15.1,15.4,15.0,15.1,1445,349,-102,0,8,6.87,93.12,100.0
2026-05-11,4129,聯合,100.5,100.5,98.6,99.5,185,11,-104,0,0,12.94,87.05,100.0
2026-05-11,4130,健亞,27.95,27.95,27.35,27.65,120,19,24,0,0,1.83,98.16,100.0
2026-05-11,4131,浩泰,35.5,35.9,34.95,35.3,60,0,8,0,0,1.24,98.75,100.0
2026-05-11,4133,亞諾法,21.8,22.0,21.65,21.75,94,14,-21,0,0,12.5,87.49,100.0
2026-05-11,4137,麗豐-KY,107.5,108.5,106.5,107.0,182,13,21,0,0,56.37,43.62,100.0
2026-05-11,4138,曜亞,54.1,54.2,52.2,53.0,278,31,-4,0,0,1.32,98.67,100.0
2026-05-11,4139,馬光-KY,23.5,23.5,23.4,23.4,31,0,1,0,0,19.95,80.04,100.0
2026-05-11,4142,國光生,17.85,17.9,17.55,17.65,1009,121,-379,0,-7,4.7,95.29,100.0
2026-05-11,4147,中裕,50.0,50.0,48.6,48.85,870,172,-206,0,0,10.21,89.78,100.0
2026-05-11,4148,全宇生技-KY,37.4,39.45,37.4,38.4,145,37,26,0,3,71.18,28.81,100.0
2026-05-11,4150,優你康,7.19,6.9,5.96,6.24,1487,0,21,0,0,0.0,0.0,0.0
2026-05-11,4153,鈺緯,30.9,30.9,30.65,30.7,29,3,-1,0,0,0.35,99.64,100.0
2026-05-11,4154,樂威科-KY,12.25,12.7,11.2,11.4,84,0,0,0,0,29.97,70.02,100.0
2026-05-11,4155,訊映,13.0,13.05,12.9,12.95,220,5,44,0,-3,1.05,98.94,100.0
2026-05-11,4157,太景*-KY,9.51,9.58,9.24,9.26,1772,350,147,0,-1,1.53,98.46,100.0
2026-05-11,4160,訊聯基因,43.95,43.95,42.85,43.2,74,10,6,0,0,0.77,99.22,100.0
2026-05-11,4161,聿新科,23.15,23.15,22.9,22.95,47,12,2,0,0,0.72,99.27,100.0
2026-05-11,4162,智擎,57.6,57.6,55.8,56.1,528,68,-159,0,-3,11.43,88.56,100.0
2026-05-11,4163,鐿鈦,95.5,98.4,95.5,98.4,17,5,0,0,0,2.71,97.28,100.0
2026-05-11,4164,承業醫,29.1,29.25,28.7,29.0,1014,194,-38,0,-19,20.7,79.29,100.0
2026-05-11,4166,友霖,26.1,27.3,26.1,26.7,463,101,148,0,0,10.78,89.21,100.0
2026-05-11,4167,松瑞藥,19.0,19.2,18.7,19.0,1183,251,-322,0,9,10.28,89.71,100.0
2026-05-11,4168,醣聯,22.5,22.65,22.25,22.4,275,0,-10,0,0,4.84,95.15,100.0
2026-05-11,4169,泰宗,156.0,156.5,153.0,154.0,97,0,-27,0,0,6.34,93.65,100.0
2026-05-11,4170,鑫品生醫,13.38,13.85,13.15,13.25,81,0,0,0,0,0.0,0.0,0.0
2026-05-11,4171,瑞基,18.65,18.8,18.5,18.55,103,14,-2,0,0,14.39,85.6,100.0
2026-05-11,4172,因華,14.07,14.4,13.3,13.65,457,0,12,0,0,0.0,0.0,0.0
2026-05-11,4173,久裕,18.75,18.8,18.65,18.65,85,1,-31,0,0,0.73,99.26,100.0
2026-05-11,4174,浩鼎,34.0,34.2,33.25,33.35,368,92,-39,0,0,6.31,93.68,100.0
2026-05-11,4175,杏一,54.2,54.2,53.8,53.9,28,2,0,0,0,0.19,99.8,100.0
2026-05-11,4178,永笙-KY,19.0,19.05,18.9,19.0,695,0,142,0,0,5.52,94.47,100.0
2026-05-11,4183,福永生技,13.65,13.8,13.65,13.65,4,0,0,0,0,0.0,99.99,100.0
2026-05-11,4186,尖端醫,10.67,11.25,10.5,10.5,392,0,9,0,0,0.0,0.0,0.0
2026-05-11,4188,安克,11.7,11.75,11.55,11.7,62,0,0,0,0,0.09,99.9,100.0
2026-05-11,4190,佐登-KY,24.55,24.9,24.5,24.6,16,2,-3,0,1,61.54,38.45,100.0
2026-05-11,4192,杏國,20.05,20.05,20.05,20.05,14,0,0,0,0,0.31,99.68,100.0
2026-05-11,4194,禾生技,7.38,7.57,7.2,7.57,53,0,0,0,0,0.0,0.0,0.0
2026-05-11,4195,基米-創,22.5,22.85,22.1,22.3,2408,0,52,0,0,0.21,99.78,100.0
2026-05-11,4197,暐世,10.76,11.2,9.85,10.15,329,0,0,0,0,0.0,0.0,0.0
2026-05-11,4198,欣大健康,37.15,37.8,37.15,37.8,3,0,0,0,0,1.16,98.83,100.0
2026-05-11,4205,中華食,74.0,74.0,73.7,73.9,41,0,2,0,0,0.59,99.4,100.0
2026-05-11,4207,環泰,17.95,18.5,17.9,18.5,240,11,64,0,0,1.46,98.53,100.0
2026-05-11,4303,信立,52.6,52.6,51.9,52.0,558,76,-174,0,0,2.13,97.86,100.0
2026-05-11,4304,勝昱,30.3,31.0,30.1,30.6,32,0,3,0,0,0.03,99.96,100.0
2026-05-11,4305,世坤,43.8,43.8,43.55,43.65,4,1,1,0,0,0.06,99.93,100.0
2026-05-11,4306,炎洲,13.3,13.35,13.15,13.35,1525,301,124,0,1,4.63,95.36,100.0
2026-05-11,4401,東隆興,14.1,14.1,13.9,14.0,70,0,-2,0,0,1.4,98.59,100.0
2026-05-11,4402,郡都開發,13.95,14.3,13.2,13.75,82,0,-4,0,0,2.27,97.72,100.0
2026-05-11,4406,新昕纖,9.95,9.95,9.95,9.95,75,1,-1,0,0,0.22,99.77,100.0
2026-05-11,4413,飛寶企業,18.8,19.1,18.6,18.6,10,1,0,0,0,5.73,94.26,100.0
2026-05-11,4414,如興,10.0,10.0,9.95,9.98,473,17,-119,0,0,26.78,73.21,100.0
2026-05-11,4416,三圓,12.4,12.75,12.35,12.45,81,16,-2,0,0,1.32,98.67,100.0
2026-05-11,4417,金洲,46.15,46.5,45.95,46.45,192,8,34,0,0,4.23,95.76,100.0
2026-05-11,4419,元勝,45.05,47.8,45.05,47.8,8,0,1,0,-1,0.0,99.99,100.0
2026-05-11,4419,皇家美食,45.05,47.8,45.05,47.8,8,0,1,0,-1,0.0,99.99,100.0
2026-05-11,4420,光明,41.65,42.6,41.65,42.4,43,3,8,0,0,1.29,98.7,100.0
2026-05-11,4426,利勤,8.04,8.14,7.91,8.0,186,32,23,0,-10,2.28,97.71,100.0
2026-05-11,4430,耀億,17.05,17.05,16.5,16.85,69,5,0,0,0,2.27,97.72,100.0
2026-05-11,4431,敏成健康,17.19,17.7,17.1,17.35,47,0,0,0,0,0.0,0.0,0.0
2026-05-11,4432,銘旺實,14.2,14.2,14.05,14.1,38,0,-7,0,0,0.94,99.05,100.0
2026-05-11,4433,興采,20.0,20.2,20.0,20.15,51,4,1,0,0,0.13,99.86,100.0
2026-05-11,4438,廣越,58.3,59.9,57.8,59.9,146,14,-13,0,0,1.97,98.02,100.0
2026-05-11,4439,冠星-KY,98.5,98.9,96.2,97.8,35,2,-4,0,-2,61.52,38.47,100.0
2026-05-11,4440,宜新實業,18.05,18.1,17.95,17.95,53,1,-7,0,0,0.79,99.2,100.0
2026-05-11,4441,振大環球,195.5,203.5,195.0,201.5,254,19,16,0,-2,1.49,98.5,100.0
2026-05-11,4442,竣邦-KY,55.3,56.5,54.9,54.9,80,1,-67,0,0,63.07,36.92,100.0
2026-05-11,4502,健信,16.0,16.1,15.4,15.65,58,0,9,0,2,3.89,96.1,100.0
2026-05-11,4503,金雨,46.5,48.55,44.85,47.0,805,213,-62,0,0,3.56,96.43,100.0
2026-05-11,4506,崇友,119.0,119.0,116.5,117.5,109,10,-12,0,0,3.13,96.86,100.0
2026-05-11,4510,高鋒,47.85,48.3,47.15,47.15,1492,636,-243,0,-3,4.0,95.99,100.0
2026-05-11,4513,福裕,15.0,15.25,14.7,14.75,331,57,48,0,0,4.68,95.31,100.0
2026-05-11,4523,永彰,31.05,31.05,30.2,30.35,307,22,-122,0,0,2.47,97.52,100.0
2026-05-11,4526,東台,34.75,35.75,34.25,35.25,3433,1443,-305,0,5,4.25,95.74,100.0
2026-05-11,4527,方土霖,43.1,43.3,43.05,43.15,46,1,7,0,0,2.03,97.96,100.0
2026-05-11,4528,江興鍛,15.95,16.25,15.8,15.95,30,2,-11,0,0,0.12,99.87,100.0
2026-05-11,4529,淳紳,4.84,4.84,4.42,4.5,86,0,0,0,0,38.04,61.95,100.0
2026-05-11,4530,宏易,26.4,26.4,25.45,25.45,7,1,0,0,2,2.99,97.0,100.0
2026-05-11,4532,瑞智,23.1,23.5,23.0,23.2,1665,193,763,-38,-10,16.75,83.24,100.0
2026-05-11,4533,協易機,30.5,32.45,30.3,31.75,1797,617,397,0,10,3.98,96.01,100.0
2026-05-11,4534,慶騰,23.9,23.9,23.0,23.05,912,0,-133,0,0,0.64,99.35,100.0
2026-05-11,4535,至興,27.3,27.3,27.2,27.3,8,0,1,0,0,0.1,99.89,100.0
2026-05-11,4536,拓凱,151.0,151.5,150.0,151.5,166,20,-15,0,0,12.19,87.8,100.0
2026-05-11,4537,旭東,172.33,184.0,170.5,178.0,224,0,-12,0,0,0.0,0.0,0.0
2026-05-11,4538,大詠城,18.45,18.45,18.05,18.35,50,15,-1,0,0,0.12,99.87,100.0
2026-05-11,4540,全球傳動,68.8,70.2,67.0,69.5,9586,4587,-161,0,-8,8.88,91.11,100.0
2026-05-11,4541,晟田,48.0,48.0,44.4,45.7,1814,596,-13,0,-71,7.14,92.85,100.0
2026-05-11,4542,科嶠,196.0,204.0,189.5,194.5,442,0,-14,0,2,8.09,91.9,100.0
2026-05-11,4543,萬在,40.4,40.9,37.65,38.0,979,234,-249,0,0,8.9,91.09,100.0
2026-05-11,4544,春日,15.53,15.1,15.1,15.1,0,0,0,0,0,0.0,0.0,0.0
2026-05-11,4545,銘鈺,30.65,30.8,30.15,30.65,157,37,36,0,-5,29.19,70.8,100.0
2026-05-11,4546,長亨,118.67,119.0,113.5,117.5,32,0,0,0,0,0.0,0.0,0.0
2026-05-11,4549,桓達,102.0,104.0,101.0,101.0,189,37,41,0,-5,4.12,95.87,100.0
2026-05-11,4550,長佳,24.5,24.9,24.3,24.35,47,0,3,0,0,1.59,98.4,100.0
2026-05-11,4551,智伸科,143.0,148.5,143.0,148.5,1251,343,253,0,15,51.74,48.25,100.0
2026-05-11,4552,力達-KY,19.95,20.05,19.85,20.0,83,11,-22,0,-3,42.92,57.07,100.0
2026-05-11,4553,盛復,21.15,21.95,19.95,19.95,22,0,-6,0,0,0.0,0.0,0.0
2026-05-11,4554,橙的,30.55,30.65,30.4,30.5,68,2,-6,0,0,24.47,75.52,100.0
2026-05-11,4555,氣立,43.2,43.2,41.6,42.65,199,35,-15,0,-1,1.62,98.37,100.0
2026-05-11,4556,旭然,42.3,46.0,41.5,45.55,1109,497,44,0,0,10.98,89.01,100.0
2026-05-11,4557,永新-KY,51.0,51.0,50.4,50.8,71,8,-19,0,0,31.04,68.95,100.0
2026-05-11,4558,寶緯,20.85,20.9,19.45,20.35,387,137,-29,0,0,0.27,99.72,100.0
2026-05-11,4559,久裕興,8.89,9.52,8.88,9.2,188,0,6,0,0,0.0,0.0,0.0
2026-05-11,4560,強信-KY,35.0,35.75,35.0,35.35,347,284,-1,0,-9,85.11,14.88,100.0
2026-05-11,4561,健椿,50.2,52.5,48.45,51.6,2287,931,-52,0,-5,2.42,97.57,100.0
2026-05-11,4562,穎漢,37.05,38.05,37.05,37.2,498,172,-48,0,-4,1.25,98.74,100.0
2026-05-11,4563,百德,48.65,51.0,48.6,50.3,279,65,58,0,0,2.61,97.38,100.0
2026-05-11,4564,元翎,17.6,18.0,17.45,17.65,1302,278,5,0,4,2.7,97.29,100.0
2026-05-11,4565,宏偉,106.93,119.5,108.5,119.0,118,0,4,0,0,0.0,0.0,0.0
2026-05-11,4566,時碩工業,68.0,69.4,67.4,68.3,945,236,171,0,-2,2.18,97.81,100.0
2026-05-11,4568,科際精密,40.95,41.85,40.15,40.95,43,13,-1,0,0,20.09,79.9,100.0
2026-05-11,4569,六方科-KY,171.0,171.0,163.0,163.5,101,21,-10,0,0,67.23,32.76,100.0
2026-05-11,4570,傑生,70.25,70.8,70.2,70.2,1,0,0,0,0,0.0,0.0,0.0
2026-05-11,4571,鈞興-KY,188.0,199.5,187.5,197.5,913,232,392,0,9,61.58,38.41,100.0
2026-05-11,4572,駐龍,145.0,146.0,144.5,144.5,55,9,-7,0,0,2.02,97.97,100.0
2026-05-11,4573,高明鐵,424.09,486.5,428.5,483.0,1006,0,11,0,0,0.0,0.0,0.0
2026-05-11,4575,銓寶,27.05,27.45,26.05,27.1,122,0,-2,0,0,0.0,0.0,0.0
2026-05-11,4576,大銀微系統,230.0,250.5,229.0,250.5,6996,2637,1752,0,66,4.96,95.03,100.0
2026-05-11,4577,達航科技,139.5,149.5,139.5,139.5,1196,466,40,0,0,2.83,97.16,100.0
2026-05-11,4580,捷流閥業,82.2,83.3,81.6,81.8,63,6,-13,0,0,3.61,96.38,100.0
2026-05-11,4581,光隆精密-KY,50.7,51.5,50.4,51.0,16,3,1,0,-1,23.99,76.0,100.0
2026-05-11,4582,聚恆-創,32.75,38.15,32.8,37.25,577,0,17,0,0,0.0,0.0,0.0
2026-05-11,4583,台灣精銳,764.0,820.0,757.0,783.0,481,212,28,30,11,1.51,98.48,100.0
2026-05-11,4584,君帆,40.4,40.4,40.0,40.15,27,0,5,0,0,0.02,99.97,100.0
2026-05-11,4585,達明,332.5,348.0,331.0,342.0,651,245,32,0,6,0.6,99.39,100.0
2026-05-11,4587,寶元數控,56.71,63.2,56.8,61.9,137,0,7,0,0,0.0,0.0,0.0
2026-05-11,4588,玖鼎電力,58.6,58.6,58.1,58.3,75,15,-6,0,-8,3.38,96.61,100.0
2026-05-11,4589,碩陽電機,37.27,40.5,36.7,40.3,67,0,0,0,0,0.0,0.0,0.0
2026-05-11,4590,富田-創,77.7,77.7,74.7,75.8,325,0,-72,0,2,1.78,98.21,100.0
2026-05-11,4609,唐鋒,5.54,5.54,5.24,5.24,9,0,0,0,0,0.0,99.99,100.0
2026-05-11,4702,中美實,9.79,9.91,9.73,9.87,159,8,14,0,0,43.57,56.42,100.0
2026-05-11,4706,大恭,31.1,31.1,30.3,30.9,18,1,3,0,0,29.42,70.57,100.0
2026-05-11,4707,磐亞,15.55,16.9,15.55,16.5,10354,2948,1692,0,248,1.72,98.27,100.0
2026-05-11,4711,永純,16.65,17.3,16.4,16.6,419,131,-20,0,0,0.85,99.14,100.0
2026-05-11,4714,永捷,14.95,15.05,14.7,14.8,850,166,27,0,0,10.36,89.63,100.0
2026-05-11,4716,大立,15.05,15.2,14.85,15.05,347,59,15,0,0,3.76,96.23,100.0
2026-05-11,4720,德淵,26.0,26.8,25.55,25.75,3619,1484,-415,-1,-7,5.8,94.19,100.0
2026-05-11,4721,美琪瑪,94.0,97.2,90.2,95.1,6088,2992,-441,0,253,8.39,91.6,100.0
2026-05-11,4722,國精化,242.5,245.0,232.5,235.0,9070,4662,-108,0,-146,5.7,94.29,100.0
2026-05-11,4724,宣捷幹細胞,12.98,13.1,12.6,12.75,92,0,0,0,0,0.0,0.0,0.0
2026-05-11,4726,永昕,29.25,30.45,29.0,29.25,454,0,28,0,0,20.81,79.18,100.0
2026-05-11,4728,雙美,382.0,382.0,380.0,381.0,87,0,81,0,0,19.66,80.33,100.0
2026-05-11,4729,熒茂,20.3,21.45,20.2,21.0,874,337,-249,0,0,2.03,97.96,100.0
2026-05-11,4732,彥臣,19.02,19.6,18.95,18.95,2,0,0,0,0,0.0,0.0,0.0
2026-05-11,4735,豪展,30.9,31.15,30.75,30.75,55,3,3,0,0,0.18,99.81,100.0
2026-05-11,4736,泰博,125.0,125.5,124.0,125.0,274,23,-119,0,-4,5.39,94.6,100.0
2026-05-11,4737,華廣,59.0,59.5,58.6,59.4,86,18,7,0,0,29.07,70.92,100.0
2026-05-11,4738,大同精化,8.38,8.67,7.94,8.34,601,0,0,0,0,0.0,0.0,0.0
2026-05-11,4739,康普,93.0,95.5,93.0,95.5,3879,90,697,-1,178,5.77,94.22,100.0
2026-05-11,4741,泓瀚,62.2,63.9,60.9,61.6,1717,826,-204,0,8,0.58,99.41,100.0
2026-05-11,4743,合一,52.8,53.1,51.1,51.5,2372,681,-722,0,6,13.5,86.49,100.0
2026-05-11,4744,皇將,31.7,33.7,31.7,32.7,371,81,17,0,0,4.79,95.2,100.0
2026-05-11,4745,合富-KY,20.05,20.4,19.95,20.15,628,36,-66,0,0,8.78,91.21,100.0
2026-05-11,4746,台耀,54.5,55.9,54.2,55.5,1228,287,275,107,-2,10.64,89.35,100.0
2026-05-11,4747,強生,53.0,54.0,53.0,54.0,57,8,-2,0,0,0.62,99.37,100.0
2026-05-11,4749,新應材,1145.0,1190.0,1075.0,1175.0,9112,4419,197,85,48,22.48,77.51,100.0
2026-05-11,4754,國碳科,37.6,37.8,37.0,37.25,133,13,4,0,0,0.23,99.76,100.0
2026-05-11,4755,三福化,139.5,142.5,138.5,139.0,555,108,-128,0,-1,23.56,76.43,100.0
2026-05-11,4760,勤凱,282.5,288.5,269.0,279.5,2056,903,-258,0,-82,19.47,80.52,100.0
2026-05-11,4763,材料*-KY,41.85,42.3,41.7,41.95,5471,1312,1578,-5,0,46.38,53.61,100.0
2026-05-11,4764,雙鍵,307.0,328.5,307.0,321.0,587,0,88,0,-15,31.14,68.85,100.0
2026-05-11,4765,磐采,20.16,20.35,19.95,20.35,33,0,-1,0,0,0.0,0.0,0.0
2026-05-11,4766,南寶,389.5,389.5,372.5,379.0,1483,428,-451,0,-39,14.07,85.92,100.0
2026-05-11,4767,誠泰科技,26.85,26.95,26.7,26.85,9,1,-3,0,0,0.06,99.93,100.0
2026-05-11,4768,晶呈科技,494.5,505.0,485.0,488.5,1324,341,-491,0,37,6.59,93.4,100.0
2026-05-11,4770,上品,227.0,242.0,225.5,240.0,1303,389,191,0,45,6.96,93.03,100.0
2026-05-11,4771,望隼,188.0,190.0,187.5,188.5,113,25,-5,0,0,5.71,94.28,100.0
2026-05-11,4772,台特化,325.5,326.0,312.0,317.5,4479,2180,-468,0,2,11.29,88.7,100.0
2026-05-11,4806,桂田文創,10.2,10.95,10.2,10.95,34,0,0,0,0,1.88,98.11,100.0
2026-05-11,4807,日成-KY,21.3,23.7,21.25,23.7,504,66,79,0,0,66.79,33.2,100.0
2026-05-11,4903,聯光通,43.25,43.95,42.4,43.3,1773,700,85,0,0,2.33,97.66,100.0
2026-05-11,4904,遠傳,96.3,96.9,95.9,96.2,2828,811,458,-111,-8,22.36,26.46,49.0
2026-05-11,4905,台聯電,80.2,84.0,80.2,80.7,39,8,4,0,0,9.61,90.38,100.0
2026-05-11,4906,正文,40.8,41.6,38.85,40.3,44982,25690,-2644,0,138,13.66,86.33,100.0
2026-05-11,4907,富宇,38.5,39.5,38.5,39.45,186,34,0,0,0,0.18,99.81,100.0
2026-05-11,4908,前鼎,235.0,235.0,220.0,227.5,539,0,85,0,3,11.18,88.81,100.0
2026-05-11,4909,新復興,54.8,55.3,52.0,53.9,1361,473,102,0,0,8.57,91.42,100.0
2026-05-11,4911,德英,34.4,34.5,34.15,34.25,33,3,-2,0,0,0.32,99.67,100.0
2026-05-11,4912,聯德控股-KY,95.0,98.0,94.0,95.1,1314,381,168,0,0,25.09,74.9,100.0
2026-05-11,4915,致伸,72.8,72.8,71.6,71.7,4400,699,-2950,94,-3,36.09,63.9,100.0
2026-05-11,4916,事欣科,64.7,67.7,62.6,67.0,9440,3722,690,0,376,11.1,88.89,100.0
2026-05-11,4919,新唐,163.0,184.0,156.0,184.0,50067,28071,3563,4,1011,9.8,90.19,100.0
2026-05-11,4923,力士,36.05,37.7,35.65,37.4,202,43,3,0,0,0.46,99.53,100.0
2026-05-11,4924,欣厚-KY,10.25,10.35,10.25,10.35,56,1,0,0,0,38.18,61.81,100.0
2026-05-11,4925,智微,188.45,195.0,172.5,190.5,706,0,-14,0,0,0.0,0.0,0.0
2026-05-11,4927,泰鼎-KY,54.4,55.6,53.5,54.9,7683,2900,-709,0,-2,8.71,91.28,100.0
2026-05-11,4930,燦星網,17.85,17.9,17.8,17.85,54,10,6,0,-3,2.03,97.96,100.0
2026-05-11,4931,新盛力,174.0,187.0,172.0,187.0,15894,7639,1069,0,192,6.29,93.7,100.0
2026-05-11,4933,友輝,68.2,70.2,68.2,69.8,631,199,85,0,6,7.07,92.92,100.0
2026-05-11,4934,太極,18.25,18.85,18.2,18.3,1542,0,-182,0,2,2.2,97.79,100.0
2026-05-11,4935,茂林-KY,37.85,37.85,36.65,36.85,116,22,-26,0,-3,26.79,73.2,100.0
2026-05-11,4938,和碩,84.4,84.4,82.6,83.4,10027,1917,-1830,-1259,-417,31.88,68.11,100.0
2026-05-11,4939,亞電,41.75,42.4,40.0,40.1,3094,866,-179,0,-101,3.36,96.63,100.0
2026-05-11,4942,嘉彰,38.3,38.4,38.0,38.0,140,5,9,0,-3,6.82,93.17,100.0
2026-05-11,4943,康控-KY,9.48,9.48,9.08,9.36,9,0,0,0,0,15.6,84.39,100.0
2026-05-11,4946,辣椒,105.0,106.5,105.0,105.5,64,0,-8,0,0,4.22,95.77,100.0
2026-05-11,4949,有成精密,96.7,99.5,94.5,95.4,2212,956,-138,0,1,2.78,97.21,100.0
2026-05-11,4950,金耘國際,16.8,17.3,16.5,16.7,59,0,-2,0,0,0.08,99.91,100.0
2026-05-11,4951,精拓科,119.0,127.0,119.0,121.5,646,0,59,0,-58,5.6,94.39,100.0
2026-05-11,4952,凌通,48.9,51.9,48.9,51.6,1696,459,444,0,-1,5.72,94.27,100.0
2026-05-11,4953,緯軟,121.5,121.5,118.0,118.5,506,76,-161,0,0,11.0,88.99,100.0
2026-05-11,4956,光鋐,49.3,49.75,44.75,45.35,9402,3127,-1934,0,-18,10.02,89.97,100.0
2026-05-11,4958,臻鼎-KY,405.0,424.5,397.0,412.0,41454,24721,2147,160,383,59.63,40.36,100.0
2026-05-11,4960,誠美材,37.8,41.25,36.0,39.7,24574,10671,-3911,0,-555,20.02,79.97,100.0
2026-05-11,4961,天鈺,171.5,173.0,164.0,170.5,2067,884,-104,-1,6,19.87,80.12,100.0
2026-05-11,4966,譜瑞-KY,700.0,735.0,695.0,735.0,7155,2097,-868,786,179,27.57,72.42,100.0
2026-05-11,4967,十銓,288.5,290.0,278.0,284.5,21393,10253,-2669,0,-151,11.48,88.51,100.0
2026-05-11,4968,立積,121.0,123.5,119.5,121.0,1236,429,-25,6,2,3.95,96.04,100.0
2026-05-11,4971,IET-KY,718.0,723.0,675.0,723.0,417,0,-35,0,28,31.35,68.64,100.0
2026-05-11,4972,湯石照明,16.45,16.5,16.4,16.45,56,1,4,0,0,2.25,97.74,100.0
2026-05-11,4973,廣穎,106.0,109.5,106.0,109.5,5390,1149,1326,0,32,8.02,91.97,100.0
2026-05-11,4974,亞泰,73.4,74.4,73.0,74.4,275,42,95,0,0,4.02,95.97,100.0
2026-05-11,4976,佳凌,29.05,29.15,28.65,29.0,465,94,65,0,-6,3.21,96.78,100.0
2026-05-11,4977,眾達-KY,235.0,250.5,221.0,246.0,16622,8925,1369,0,-165,21.01,78.98,100.0
2026-05-11,4979,華星光,680.0,704.0,660.0,672.0,13519,8377,-636,-7,42,13.48,86.51,100.0
2026-05-11,4980,佐臻,39.66,41.15,36.85,38.25,391,0,-2,0,0,0.0,0.0,0.0
2026-05-11,4987,科誠,81.5,81.6,81.5,81.5,52,0,3,0,0,3.19,96.8,100.0
2026-05-11,4989,榮科,95.5,96.9,92.8,94.6,7416,3207,-218,0,-4,7.68,92.31,100.0
2026-05-11,4991,環宇-KY,629.0,708.0,615.0,686.0,1450,0,854,-50,0,15.9,84.09,100.0
2026-05-11,4994,傳奇,98.0,98.1,95.8,98.0,11,4,-3,0,0,2.78,97.21,100.0
2026-05-11,4995,晶達,44.25,44.6,44.0,44.1,38,1,-3,0,0,0.48,99.51,100.0
2026-05-11,4999,鑫禾,20.9,21.1,20.6,20.95,209,18,8,0,0,1.72,98.27,100.0
2026-05-11,5007,三星,58.0,58.1,57.8,58.0,26,3,6,0,-1,2.96,97.03,100.0
2026-05-11,5009,榮剛,38.55,40.15,38.5,40.15,18608,4046,4781,227,620,11.16,88.83,100.0
2026-05-11,5011,久陽,14.75,15.6,14.6,15.4,944,117,373,0,0,2.0,97.99,100.0
2026-05-11,5013,強新,29.0,29.0,28.25,28.45,17,4,-2,0,0,12.22,87.77,100.0
2026-05-11,5014,建錩,10.1,10.35,10.1,10.35,1080,95,367,0,0,1.55,98.44,100.0
2026-05-11,5015,華祺,22.9,22.9,22.4,22.5,112,1,-6,0,0,6.66,93.33,100.0
2026-05-11,5016,松和,25.5,25.5,25.2,25.3,64,3,8,0,0,0.36,99.63,100.0
2026-05-11,5201,凱衛,30.6,30.8,30.2,30.55,51,7,-1,0,0,7.2,92.79,100.0
2026-05-11,5202,力新,13.05,13.15,12.95,13.05,238,50,27,0,0,1.24,98.75,100.0
2026-05-11,5203,訊連,65.6,65.6,64.6,64.7,254,24,9,0,-3,12.04,87.95,100.0
2026-05-11,5205,中茂,23.7,23.7,21.0,23.2,16,0,0,0,0,0.04,99.95,100.0
2026-05-11,5206,坤悅,24.4,24.65,24.2,24.5,57,3,-4,0,0,6.32,93.67,100.0
2026-05-11,5209,新鼎,165.0,165.5,164.0,164.5,71,1,-5,0,0,1.99,98.0,100.0
2026-05-11,5210,寶碩,28.95,29.45,27.8,27.8,573,0,-47,0,0,0.52,99.47,100.0
2026-05-11,5211,蒙恬,20.15,20.3,20.1,20.3,78,3,7,0,0,8.45,91.54,100.0
2026-05-11,5212,凌網,46.7,48.05,46.7,48.0,14,2,0,0,0,21.86,78.13,100.0
2026-05-11,5213,亞昕,25.9,25.9,25.6,25.85,874,103,-11,0,8,1.0,98.99,100.0
2026-05-11,5215,科嘉-KY,38.35,38.9,37.5,38.3,67,16,-6,0,0,25.55,74.44,100.0
2026-05-11,5220,萬達光電,20.4,20.55,20.35,20.45,91,13,5,0,0,0.29,99.7,100.0
2026-05-11,5222,全訊,136.5,136.5,130.0,131.5,1552,241,-581,2,-43,4.74,5.25,10.0
2026-05-11,5223,安力-KY,24.7,24.75,24.05,24.75,16,3,-3,0,0,41.99,58.0,100.0
2026-05-11,5225,東科-KY,74.3,74.6,73.2,73.4,566,44,124,0,-4,40.46,59.53,100.0
2026-05-11,5227,立凱-KY,20.75,21.0,20.05,21.0,146,0,42,0,0,12.55,87.44,100.0
2026-05-11,5228,鈺鎧,43.9,43.9,39.1,41.7,4841,1878,-207,0,-186,2.23,97.76,100.0
2026-05-11,5230,雷笛克光學,16.75,16.85,16.4,16.45,234,9,16,0,0,1.84,98.15,100.0
2026-05-11,5234,達興材料,412.0,424.5,403.5,414.5,784,380,-91,-5,-2,10.72,89.27,100.0
2026-05-11,5236,凌陽創新,169.0,169.5,165.0,168.0,740,203,-97,2,15,4.42,95.57,100.0
2026-05-11,5240,建騰,28.02,29.0,27.9,28.2,26,0,1,0,0,0.0,0.0,0.0
2026-05-11,5243,乙盛-KY,108.0,111.0,105.5,107.0,4572,1834,-707,0,131,57.04,42.95,100.0
2026-05-11,5244,弘凱,41.4,41.45,40.7,40.7,579,110,-78,0,-2,2.03,97.96,100.0
2026-05-11,5245,智晶,26.15,26.15,25.25,25.5,117,29,18,0,0,3.84,96.15,100.0
2026-05-11,5246,勵威,189.77,212.5,200.0,210.5,775,0,-3,0,0,0.0,0.0,0.0
2026-05-11,5248,景傳,49.89,55.1,48.05,54.7,378,0,1,0,0,0.0,0.0,0.0
2026-05-11,5251,天鉞電,28.25,28.8,26.35,28.5,397,136,32,0,0,28.53,71.46,100.0
2026-05-11,5254,欣訊科技,36.82,54.0,37.2,52.0,790,0,4,0,0,0.0,0.0,0.0
2026-05-11,5258,虹堡,55.8,57.0,53.1,54.3,5599,2173,-1956,0,-12,5.01,94.98,100.0
2026-05-11,5262,立達,54.6,56.4,53.6,54.5,372,0,-5,0,0,0.0,0.0,0.0
2026-05-11,5263,智崴,104.5,106.0,103.0,104.0,298,68,-28,0,12,14.49,85.5,100.0
2026-05-11,5267,龍翩,61.83,73.8,63.6,69.0,456,0,1,0,0,0.0,0.0,0.0
2026-05-11,5269,祥碩,1365.0,1435.0,1275.0,1390.0,3700,2061,-36,107,-17,9.4,90.59,100.0
2026-05-11,5271,紘通,20.38,20.75,18.3,19.95,3039,0,19,0,0,0.0,0.0,0.0
2026-05-11,5272,笙科,24.2,24.2,23.1,23.45,528,83,-45,0,0,3.39,96.6,100.0
2026-05-11,5274,信驊,17000.0,17980.0,17000.0,17825.0,334,123,41,11,0,52.03,47.96,100.0
2026-05-11,5276,達輝-KY,19.45,19.8,19.3,19.55,19,0,0,0,0,77.0,22.99,100.0
2026-05-11,5278,尚凡,23.0,23.25,22.6,22.6,667,137,-243,0,1,1.81,98.18,100.0
2026-05-11,5278,尚凡*,23.0,23.25,22.6,22.6,667,137,-243,0,1,1.81,98.18,100.0
2026-05-11,5283,禾聯碩,52.5,52.5,52.0,52.3,136,5,-44,0,-3,1.26,98.73,100.0
2026-05-11,5284,jpp-KY,368.0,372.0,355.0,367.0,1716,743,-217,0,-29,54.26,45.73,100.0
2026-05-11,5285,界霖,64.6,67.8,64.6,67.8,2931,983,224,0,58,4.41,95.58,100.0
2026-05-11,5287,數字,152.5,152.5,151.0,151.0,78,3,6,0,0,16.58,83.41,100.0
2026-05-11,5288,豐祥-KY,152.0,157.5,150.5,154.5,170,57,-6,0,-1,58.4,41.59,100.0
2026-05-11,5289,宜鼎,1745.0,1760.0,1715.0,1760.0,3485,989,373,-2,-206,27.41,72.58,100.0
2026-05-11,5291,邑昇,75.0,77.4,71.2,71.5,9083,5374,-702,0,16,0.71,99.28,100.0
2026-05-11,5292,華懋,225.0,225.0,210.0,223.0,754,244,119,0,1,7.01,92.98,100.0
2026-05-11,5297,廣化,146.58,154.5,130.0,139.0,1842,0,26,0,0,0.0,0.0,0.0
2026-05-11,5299,杰力,92.7,99.4,91.8,98.5,674,126,194,0,0,3.54,96.45,100.0
2026-05-11,5301,寶得利,7.4,7.56,7.33,7.55,11,0,-2,0,0,2.09,97.9,100.0
2026-05-11,5302,太欣,11.85,11.95,11.35,11.4,1039,0,-147,0,0,0.95,99.04,100.0
2026-05-11,5306,桂盟,80.9,81.5,80.3,80.8,155,20,-14,0,-1,12.28,87.71,100.0
2026-05-11,5309,系統電,64.9,69.5,63.9,67.4,22755,11605,645,0,-562,4.68,95.31,100.0
2026-05-11,5310,天剛,26.0,26.0,25.9,26.0,39,0,-1,0,0,0.06,99.93,100.0
2026-05-11,5312,寶島科,97.2,97.6,97.0,97.6,53,0,21,0,0,7.93,92.06,100.0
2026-05-11,5314,世紀*,74.8,75.0,72.6,72.6,3889,1080,-554,0,-4,12.49,87.5,100.0
2026-05-11,5315,光聯,22.3,22.3,22.1,22.2,473,34,-91,0,0,10.24,89.75,100.0
2026-05-11,5321,美而快,22.5,23.65,21.9,22.35,241,79,2,0,0,0.97,99.02,100.0
2026-05-11,5324,士開,10.6,10.7,10.6,10.7,169,0,4,0,0,5.25,94.74,100.0
2026-05-11,5328,華容,28.0,29.5,27.5,28.05,16509,7915,-929,0,163,5.58,94.41,100.0
2026-05-11,5340,建榮,112.0,114.0,110.5,111.5,3153,1064,-309,0,11,50.3,49.69,100.0
2026-05-11,5344,立衛,17.0,17.0,16.5,16.65,250,0,-39,0,0,0.1,99.89,100.0
2026-05-11,5345,天揚,21.0,21.85,21.0,21.85,3,0,0,0,0,0.0,99.99,100.0
2026-05-11,5345,馥鴻,21.0,21.85,21.0,21.85,3,0,0,0,0,0.0,99.99,100.0
2026-05-11,5347,世界,169.0,180.0,163.5,174.5,48925,25147,-6651,2961,732,22.37,77.62,100.0
2026-05-11,5348,正能量智能,14.9,15.0,14.9,15.0,9,0,0,0,0,0.02,99.97,100.0
2026-05-11,5351,鈺創,78.1,81.5,77.5,80.1,29918,14822,2946,25,0,32.34,67.65,100.0
2026-05-11,5353,台林,26.15,26.3,26.15,26.15,104,3,5,0,0,0.61,99.38,100.0
2026-05-11,5355,佳總,6.84,7.0,6.83,7.0,105,0,0,0,0,0.2,99.79,100.0
2026-05-11,5356,協益,27.0,27.1,26.8,26.95,115,1,14,0,0,3.42,96.57,100.0
2026-05-11,5364,力麗店,9.9,9.9,9.77,9.84,30,5,-2,0,0,0.48,99.51,100.0
2026-05-11,5371,中光電,72.4,72.4,67.5,70.5,7972,3178,-1184,0,-230,17.04,82.95,100.0
2026-05-11,5381,光譜,24.8,24.8,23.8,23.8,711,134,-96,0,0,2.69,97.3,100.0
2026-05-11,5386,青雲,423.0,453.0,423.0,439.5,1059,0,76,0,82,7.38,92.61,100.0
2026-05-11,5388,中磊,86.3,87.5,84.3,87.3,9544,3098,1821,-50,149,19.73,80.25,100.0
2026-05-11,5392,能率,41.7,42.35,40.7,42.0,3189,1777,-119,0,8,9.11,90.88,100.0
2026-05-11,5398,慕康生醫,20.0,20.0,19.8,20.0,195,7,-97,0,0,5.76,94.23,100.0
2026-05-11,5403,中菲,92.9,93.0,92.4,92.6,169,13,-45,0,0,6.04,93.95,100.0
2026-05-11,5410,國眾,36.9,37.0,36.3,37.0,587,78,-60,0,-3,8.81,91.18,100.0
2026-05-11,5425,台半,77.4,80.3,72.3,80.3,37393,20181,104,0,126,23.7,76.29,100.0
2026-05-11,5426,振發,18.1,18.8,18.1,18.55,625,215,65,0,0,2.18,97.81,100.0
2026-05-11,5432,新門,150.0,160.5,150.0,152.5,626,267,-113,0,0,1.2,98.79,100.0
2026-05-11,5434,崇越,429.0,438.0,418.5,431.0,912,330,-159,0,6,31.52,68.47,100.0
2026-05-11,5438,東友,19.75,19.75,19.35,19.4,59,12,-2,0,0,1.23,98.76,100.0
2026-05-11,5439,高技,391.0,393.5,380.0,391.0,4922,2286,-6,131,30,15.96,84.03,100.0
2026-05-11,5443,均豪,122.5,129.5,120.5,129.5,5784,2479,-379,0,476,8.12,91.87,100.0
2026-05-11,5450,寶聯通,13.1,13.1,12.65,12.7,107,12,-2,0,0,0.13,99.86,100.0
2026-05-11,5450,南良,13.1,13.1,12.65,12.7,107,12,-2,0,0,0.13,99.86,100.0
2026-05-11,5452,佶優,32.4,34.0,32.3,33.6,2909,567,1131,0,33,14.05,85.94,100.0
2026-05-11,5455,昇益,25.0,26.4,24.7,24.7,24,18,2,0,0,0.12,99.87,100.0
2026-05-11,5457,宣德,36.7,37.0,35.75,36.4,472,134,18,0,27,29.5,70.49,100.0
2026-05-11,5460,同協,14.8,15.1,14.8,14.95,42,2,4,0,0,0.39,99.6,100.0
2026-05-11,5464,霖宏,52.6,57.6,50.5,57.6,2779,0,201,0,-89,2.98,97.01,100.0
2026-05-11,5465,富驊,24.9,25.5,24.9,25.5,170,24,33,0,0,2.23,97.76,100.0
2026-05-11,5468,凱鈺,17.8,18.6,17.8,18.15,61,0,-20,0,0,0.15,99.84,100.0
2026-05-11,5469,瀚宇博,82.2,86.0,82.1,85.1,6030,1657,1876,0,17,11.93,88.06,100.0
2026-05-11,5471,松翰,46.1,49.85,45.5,49.85,6607,1759,1370,0,99,13.49,86.5,100.0
2026-05-11,5474,聰泰,165.0,167.5,161.5,164.5,495,139,61,0,-4,1.93,98.06,100.0
2026-05-11,5475,德宏,325.0,338.0,316.0,331.5,2582,0,-297,0,-9,5.68,94.31,100.0
2026-05-11,5478,智冠,96.5,96.5,96.1,96.3,92,9,-12,0,0,17.9,82.09,100.0
2026-05-11,5481,新華,20.7,21.3,20.5,20.6,78,1,-20,0,0,25.84,74.15,100.0
2026-05-11,5483,中美晶,151.0,163.5,150.0,163.5,33877,11086,2673,6036,308,27.61,72.38,100.0
2026-05-11,5484,慧友,38.1,38.5,37.7,38.2,322,0,28,0,0,1.18,98.81,100.0
2026-05-11,5487,通泰,25.5,28.3,25.5,27.8,236,153,0,0,0,0.59,99.4,100.0
2026-05-11,5488,松普,10.3,10.6,10.3,10.4,982,184,72,0,0,1.13,98.86,100.0
2026-05-11,5489,彩富,40.5,40.5,40.0,40.05,66,12,-8,0,0,1.42,98.57,100.0
2026-05-11,5490,同亨,28.2,28.9,28.15,28.55,452,93,23,0,0,6.43,93.56,100.0
2026-05-11,5493,三聯,85.6,88.0,85.3,86.6,134,24,28,0,0,1.67,98.32,100.0
2026-05-11,5498,凱崴,72.0,74.8,68.4,69.1,11192,3942,-1974,0,-52,4.04,95.95,100.0
2026-05-11,5508,永信建,49.1,49.95,48.75,49.75,319,80,97,-3,-5,7.27,92.72,100.0
2026-05-11,5511,德昌,70.0,70.5,69.6,69.8,278,24,-36,0,23,4.55,95.44,100.0
2026-05-11,5512,力麒,6.96,6.96,6.89,6.92,1548,89,28,0,0,5.43,94.56,100.0
2026-05-11,5514,三豐,15.4,15.5,15.2,15.2,11,0,0,0,0,0.02,99.97,100.0
2026-05-11,5515,建國,39.9,39.9,37.8,38.6,1155,162,-602,0,33,12.37,87.62,100.0
2026-05-11,5516,雙喜,10.7,11.2,10.5,10.9,106,0,4,0,0,0.05,99.94,100.0
2026-05-11,5519,隆大,33.1,33.1,32.7,32.95,459,13,-249,0,-3,4.45,95.54,100.0
2026-05-11,5520,力泰,81.5,81.5,81.1,81.1,5,0,0,0,0,0.01,99.98,100.0
2026-05-11,5521,工信,11.65,12.15,11.65,12.1,5264,1136,1934,0,6,9.06,90.93,100.0
2026-05-11,5522,遠雄,70.2,72.7,70.2,72.7,1618,367,117,0,-2,4.61,95.38,100.0
2026-05-11,5523,豐謙,30.35,30.35,30.0,30.35,131,45,-3,0,0,0.17,99.82,100.0
2026-05-11,5525,順天,23.6,23.6,22.9,23.4,40,9,3,0,-1,1.71,98.28,100.0
2026-05-11,5529,鉅陞,21.9,22.1,21.85,21.9,82,3,6,0,0,0.65,99.34,100.0
2026-05-11,5530,龍巖,45.35,45.85,45.05,45.1,509,94,-12,0,0,54.14,45.85,100.0
2026-05-11,5531,鄉林,8.4,8.45,8.34,8.4,665,98,14,0,-6,2.49,97.5,100.0
2026-05-11,5533,皇鼎,14.05,14.1,14.0,14.0,111,3,-19,0,-21,2.8,97.19,100.0
2026-05-11,5534,長虹,78.4,79.8,77.8,79.4,715,89,182,106,13,9.8,90.19,100.0
2026-05-11,5536,聖暉*,878.0,900.0,867.0,896.0,1650,638,-3,-67,43,35.2,64.79,100.0
2026-05-11,5538,東明-KY,31.15,31.5,30.95,31.0,28,5,2,0,-1,63.84,36.15,100.0
2026-05-11,5543,桓鼎-KY,29.25,29.8,29.2,29.5,10,0,0,0,0,0.0,99.99,100.0
2026-05-11,5546,永固-KY,16.65,16.65,16.3,16.35,4,3,1,0,0,53.63,46.36,100.0
2026-05-11,5547,久舜,22.0,22.05,21.85,21.85,85,0,14,0,0,0.15,99.84,100.0
2026-05-11,5548,安倉,23.45,23.5,23.25,23.5,106,15,-13,0,0,0.22,99.77,100.0
2026-05-11,5601,台聯櫃,35.3,35.3,35.3,35.3,1,0,-1,0,0,3.75,96.24,100.0
2026-05-11,5603,陸海,15.7,15.85,15.6,15.85,177,30,-2,0,0,4.96,95.03,100.0
2026-05-11,5604,中連貨,31.15,31.5,31.15,31.4,31,1,7,0,0,3.01,96.98,100.0
2026-05-11,5604,中連,31.15,31.5,31.15,31.4,31,1,7,0,0,3.01,96.98,100.0
2026-05-11,5607,遠雄港,51.8,52.0,50.6,50.6,978,228,-53,0,8,2.94,97.05,100.0
2026-05-11,5608,四維航,15.1,15.3,14.95,15.15,2108,423,202,0,-11,5.1,42.39,47.5
2026-05-11,5609,中菲行,79.6,80.0,79.6,79.6,160,3,29,0,5,14.3,85.69,100.0
2026-05-11,5701,劍湖山,3.53,3.53,3.39,3.41,120,0,0,0,-1,0.0,99.99,100.0
2026-05-11,5703,亞都,13.95,13.95,13.4,13.9,4,0,0,0,0,6.62,93.37,100.0
2026-05-11,5704,老爺知,21.4,21.7,21.4,21.45,13,0,-4,0,0,0.19,99.8,100.0
2026-05-11,5706,鳳凰,51.7,51.7,51.3,51.5,199,3,-33,0,-1,1.83,98.16,100.0
2026-05-11,5859,遠壽,14.72,15.15,14.65,14.95,167,0,0,0,0,0.0,0.0,0.0
2026-05-11,5863,瑞興銀,10.96,11.3,10.75,11.2,46,0,-1,0,0,0.0,0.0,0.0
2026-05-11,5864,致和證,35.85,37.75,35.7,36.7,8584,3092,-257,0,0,7.0,92.99,100.0
2026-05-11,5871,中租-KY,112.0,113.0,111.0,112.0,6063,1272,206,-57,-7,46.68,53.31,100.0
2026-05-11,5876,上海商銀,39.1,40.25,38.9,39.85,22139,2282,13344,-100,-485,53.61,46.38,100.0
2026-05-11,5878,台名,40.7,40.7,40.65,40.65,15,0,2,0,0,0.57,99.42,100.0
2026-05-11,5880,合庫金,23.15,23.15,23.0,23.0,14792,937,-3371,41,-22,15.72,84.27,100.0
2026-05-11,5902,德記,39.35,39.35,38.0,38.2,16,3,0,0,0,1.15,98.84,100.0
2026-05-11,5903,全家,189.5,189.5,189.0,189.5,43,1,3,0,0,51.07,48.92,100.0
2026-05-11,5904,寶雅,589.0,589.0,572.0,577.0,302,93,-31,4,-1,29.36,70.63,100.0
2026-05-11,5905,南仁湖,8.8,8.8,8.61,8.79,2116,0,-65,0,0,1.34,98.65,100.0
2026-05-11,5906,台南-KY,48.6,48.6,47.05,47.9,3,2,1,0,0,19.35,80.64,100.0
2026-05-11,5907,大洋-KY,5.3,5.38,5.28,5.28,202,25,63,0,0,52.06,47.93,100.0
2026-05-11,6005,群益證,30.6,32.6,30.6,32.25,25924,5893,8574,-1299,0,16.03,83.96,100.0
2026-05-11,6015,宏遠證,16.6,17.3,16.55,16.9,8107,2046,1066,0,0,8.44,91.55,100.0
2026-05-11,6016,康和證,23.6,24.05,23.6,24.05,15507,1496,6423,0,0,12.86,87.13,100.0
2026-05-11,6020,大展證,21.45,23.45,21.0,23.45,819,218,-118,0,0,0.0,99.99,100.0
2026-05-11,6021,美好證,35.3,36.5,35.25,35.4,1059,142,284,0,0,7.68,92.31,100.0
2026-05-11,6023,元大期,98.5,100.0,98.5,99.5,160,19,65,0,0,2.05,97.94,100.0
2026-05-11,6024,群益期,58.2,59.0,57.8,58.2,448,79,-159,0,0,4.22,95.77,100.0
2026-05-11,6026,福邦證,16.7,16.8,16.25,16.6,8136,1577,-1738,0,0,7.45,92.54,100.0
2026-05-11,6027,德信,13.23,14.5,13.5,14.05,179,0,-3,0,0,0.0,0.0,0.0
2026-05-11,6028,公勝保經,80.6,82.5,80.0,81.9,97,0,37,0,0,0.55,99.44,100.0
2026-05-11,6035,悠遊卡,51.01,52.9,50.5,52.9,3,0,0,0,0,0.0,0.0,0.0
2026-05-11,6101,寬魚國際,38.9,39.15,38.7,38.7,61,3,0,0,0,0.43,99.56,100.0
2026-05-11,6103,合邦,40.0,40.0,40.0,40.0,2,0,0,0,0,0.74,99.25,100.0
2026-05-11,6104,創惟,103.5,104.5,99.9,103.0,2533,1094,210,3,0,18.5,81.49,100.0
2026-05-11,6108,競國,19.8,20.85,19.7,20.0,7092,2565,-119,0,6,4.15,95.84,100.0
2026-05-11,6109,亞元,12.5,12.5,12.3,12.5,326,0,-24,0,0,2.09,97.9,100.0
2026-05-11,6111,光聚晶電,48.55,48.6,47.0,47.85,487,155,-148,0,-1,12.84,87.15,100.0
2026-05-11,6112,邁達特,44.45,44.85,44.05,44.25,562,101,-117,0,-1,1.23,98.76,100.0
2026-05-11,6113,亞矽,24.35,25.25,24.05,24.5,622,219,-93,0,0,2.83,97.16,100.0
2026-05-11,6114,久威,30.1,32.55,30.1,31.6,80,29,0,0,0,1.15,98.84,100.0
2026-05-11,6115,鎰勝,48.0,48.15,47.7,47.8,291,48,19,0,2,5.63,94.36,100.0
2026-05-11,6116,彩晶,9.55,10.1,9.4,9.71,89842,45457,-4339,0,916,7.61,92.38,100.0
2026-05-11,6117,迎廣,81.5,81.5,80.2,80.3,449,117,-89,0,-3,1.76,98.23,100.0
2026-05-11,6118,建達,17.55,17.85,17.25,17.25,330,83,-107,0,0,2.77,97.22,100.0
2026-05-11,6120,達運,12.95,13.1,12.7,12.8,2855,719,-1050,0,-106,7.48,92.51,100.0
2026-05-11,6121,新普,390.0,398.5,387.0,394.0,1558,392,-394,-25,-10,37.58,62.41,100.0
2026-05-11,6122,擎邦,49.1,49.1,48.6,48.95,242,15,-50,0,0,4.72,95.27,100.0
2026-05-11,6123,上奇,45.65,45.8,45.55,45.55,108,10,-29,0,0,2.6,97.39,100.0
2026-05-11,6124,業強,31.45,31.45,30.5,30.7,90,14,-47,0,0,50.91,49.08,100.0
2026-05-11,6125,廣運,59.5,60.2,58.5,59.7,2220,619,-71,0,-6,6.69,93.3,100.0
2026-05-11,6126,信音,33.0,33.4,32.8,33.0,1094,334,171,0,31,2.31,97.68,100.0
2026-05-11,6127,九豪,48.3,48.4,45.6,47.5,7370,4158,-190,0,-140,4.65,95.34,100.0
2026-05-11,6128,上福,20.55,20.55,20.3,20.35,80,1,-3,0,-15,4.41,95.58,100.0
2026-05-11,6129,普誠,16.15,16.75,16.1,16.4,601,0,39,0,0,2.87,97.12,100.0
2026-05-11,6130,上亞科技,24.3,24.3,23.35,23.65,74,7,-28,0,0,1.76,98.23,100.0
2026-05-11,6133,金橋,22.0,22.25,21.8,21.9,625,172,-50,0,-1,2.71,97.28,100.0
2026-05-11,6134,萬旭,34.15,34.5,31.85,33.55,2517,1146,-10,0,-2,25.14,74.85,100.0
2026-05-11,6136,富爾特,26.15,26.15,25.5,25.55,687,107,-174,0,-15,3.61,96.38,100.0
2026-05-11,6138,茂達,265.0,286.0,254.0,285.0,2370,740,450,3,47,18.31,81.68,100.0
2026-05-11,6139,亞翔,719.0,719.0,655.0,679.0,6692,2130,-3013,4,43,30.07,69.92,100.0
2026-05-11,6140,訊達,22.55,22.6,21.55,21.6,422,0,-88,0,0,1.6,98.39,100.0
2026-05-11,6141,柏承,33.1,34.5,31.45,33.25,1399,0,18,0,-6,2.06,97.93,100.0
2026-05-11,6142,友勁,8.92,8.92,8.59,8.6,834,0,-134,0,-5,2.46,97.53,100.0
2026-05-11,6143,振曜,94.2,97.8,92.4,97.6,4187,1387,-870,50,2,10.19,89.8,100.0
2026-05-11,6144,得利影,14.7,15.35,14.6,15.0,18,0,-1,0,0,33.41,66.58,100.0
2026-05-11,6146,耕興,218.0,218.0,213.0,213.5,506,65,32,0,-14,30.32,69.67,100.0
2026-05-11,6147,頎邦,191.0,211.5,187.0,196.5,66529,36210,-6051,1599,-1639,24.39,75.6,100.0
2026-05-11,6148,驊宏資,31.1,31.1,30.2,30.2,479,58,-139,0,0,2.53,97.46,100.0
2026-05-11,6150,撼訊,64.7,69.1,64.6,66.8,1833,822,12,0,5,6.62,93.37,100.0
2026-05-11,6151,晉倫,38.9,40.75,38.15,39.0,2634,1353,-244,0,77,6.21,93.78,100.0
2026-05-11,6152,百一,14.65,14.85,14.6,14.85,1249,0,37,0,7,2.77,97.22,100.0
2026-05-11,6153,嘉聯益,18.7,19.05,18.0,18.05,5056,1537,-1254,0,-7,10.77,89.22,100.0
2026-05-11,6154,順發,12.9,12.9,12.75,12.8,101,4,5,0,0,0.73,99.26,100.0
2026-05-11,6155,鈞寶,53.5,53.5,49.65,51.2,5517,2753,-1006,0,0,9.12,90.87,100.0
2026-05-11,6156,松上,19.5,19.65,19.35,19.65,479,97,-39,0,0,7.24,92.75,100.0
2026-05-11,6158,禾昌,18.6,18.6,18.15,18.35,67,22,1,0,0,0.79,99.2,100.0
2026-05-11,6160,欣技,16.65,16.65,16.0,16.1,142,0,-30,0,0,4.02,95.97,100.0
2026-05-11,6161,捷波,44.8,44.8,44.3,44.7,170,24,-9,0,0,3.7,96.29,100.0
2026-05-11,6163,華電網,57.9,61.0,56.1,60.4,4033,1326,488,0,-139,10.15,89.84,100.0
2026-05-11,6164,華興,12.5,12.6,12.2,12.3,527,70,-193,0,3,4.73,95.26,100.0
2026-05-11,6165,浪凡,52.8,53.5,51.5,51.8,1078,237,-416,0,-7,18.72,81.27,100.0
2026-05-11,6166,凌華,93.4,93.4,85.6,92.7,4644,2180,230,0,3,17.51,82.48,100.0
2026-05-11,6167,久正,12.05,12.15,11.95,12.0,491,93,-31,0,0,5.32,94.67,100.0
2026-05-11,6168,宏齊,26.35,27.0,26.25,26.5,2150,838,175,0,-5,2.75,97.24,100.0
2026-05-11,6169,昱泉,16.6,16.65,16.3,16.3,117,0,13,0,0,0.14,99.85,100.0
2026-05-11,6170,統振,51.7,51.8,50.6,51.0,855,69,-219,0,0,3.18,96.81,100.0
2026-05-11,6171,大城地產,0.0,0.0,0.0,0.0,0,0,0,0,0,0.22,99.77,100.0
2026-05-11,6173,信昌電,120.0,134.0,115.5,134.0,29078,14283,6415,0,172,23.43,76.56,100.0
2026-05-11,6174,安碁,39.9,43.95,37.7,41.5,3503,1858,-289,0,-1,2.87,97.12,100.0
2026-05-11,6175,立敦,68.7,69.3,64.2,68.6,6623,4117,-157,0,-10,20.0,79.99,100.0
2026-05-11,6176,瑞儀,104.5,105.0,102.5,104.0,6020,2210,-382,-204,-35,24.89,75.1,100.0
2026-05-11,6177,達麗,46.8,47.2,46.55,47.05,1221,275,233,0,-26,6.85,93.14,100.0
2026-05-11,6179,亞通,25.0,25.25,24.3,24.7,8341,834,-7,0,42,4.91,95.08,100.0
2026-05-11,6180,橘子,39.25,39.75,39.0,39.4,429,119,-101,-2,-1,22.94,77.05,100.0
2026-05-11,6182,合晶,58.6,61.5,57.4,58.6,106771,66238,-5757,67,708,16.27,83.72,100.0
2026-05-11,6183,關貿,93.0,93.0,92.0,92.0,25,4,2,0,0,1.07,98.92,100.0
2026-05-11,6184,大豐電,46.65,46.8,46.55,46.7,91,3,-8,0,0,2.97,16.02,19.0
2026-05-11,6185,幃翔,14.05,14.05,13.85,13.95,180,11,-37,0,0,1.88,98.11,100.0
2026-05-11,6186,新潤,40.25,40.35,39.55,39.65,1057,163,-84,0,18,4.67,95.32,100.0
2026-05-11,6187,萬潤,1145.0,1160.0,1100.0,1110.0,2758,1284,161,-296,-10,30.34,69.65,100.0
2026-05-11,6188,廣明,84.0,85.3,83.4,84.8,1898,409,825,-69,12,6.91,93.08,100.0
2026-05-11,6189,豐藝,49.5,49.7,47.8,48.2,1371,241,-305,-24,-8,7.57,92.42,100.0
2026-05-11,6190,萬泰科,80.6,81.5,77.2,80.9,11495,5805,-1445,0,-218,11.03,88.96,100.0
2026-05-11,6191,精成科,96.0,96.7,94.0,94.8,6698,1506,-1550,0,-40,4.89,95.1,100.0
2026-05-11,6192,巨路,125.0,129.0,125.0,128.0,794,109,359,0,-129,24.86,75.13,100.0
2026-05-11,6194,育富,32.3,32.3,32.25,32.25,29,0,-3,0,0,2.75,97.24,100.0
2026-05-11,6195,詩肯,23.5,23.55,23.45,23.5,20,1,-1,0,0,44.84,55.15,100.0
2026-05-11,6196,帆宣,420.0,437.5,410.0,425.0,4394,2022,-537,436,21,16.43,83.56,100.0
2026-05-11,6197,佳必琪,227.5,234.0,220.5,229.0,3578,1551,-788,0,160,9.42,90.57,100.0
2026-05-11,6198,瑞築,22.45,22.95,21.7,21.7,24,0,0,0,0,0.04,99.95,100.0
2026-05-11,6199,天品,95.3,101.5,95.3,100.5,1112,209,164,0,1,5.87,94.12,100.0
2026-05-11,6201,亞弘電,50.2,50.6,49.95,49.95,39,2,1,0,-6,1.24,98.75,100.0
2026-05-11,6202,盛群,55.2,60.2,55.1,59.5,7516,2067,3177,9,9,10.45,89.54,100.0
2026-05-11,6203,海韻電,68.9,75.7,68.7,74.7,1858,729,-134,0,-4,3.18,96.81,100.0
2026-05-11,6204,艾華,75.9,75.9,72.0,73.0,186,66,9,0,0,2.38,97.61,100.0
2026-05-11,6205,詮欣,83.2,87.5,81.0,86.1,3335,1638,-15,0,-4,1.92,98.07,100.0
2026-05-11,6206,飛捷,128.0,130.5,127.0,130.5,5058,1266,930,-9,18,11.63,88.36,100.0
2026-05-11,6207,雷科,63.5,69.5,63.3,68.3,6339,2092,1438,0,195,8.4,91.59,100.0
2026-05-11,6208,日揚,74.1,79.4,74.1,78.7,1078,307,-61,0,0,1.91,98.08,100.0
2026-05-11,6209,今國光,68.0,68.3,64.5,65.8,7271,2508,-2126,0,-16,6.43,93.56,100.0
2026-05-11,6210,慶生,20.25,20.5,20.25,20.45,57,3,1,0,0,0.3,99.69,100.0
2026-05-11,6212,理銘,30.0,30.0,30.0,30.0,1,0,0,0,0,0.47,99.52,100.0
2026-05-11,6213,聯茂,289.5,302.5,285.0,300.5,5133,0,-281,0,-3,12.94,86.9,100.0
2026-05-11,6214,精誠,128.0,128.0,125.0,127.0,931,196,9,0,-5,11.76,88.23,100.0
2026-05-11,6215,和椿,115.5,122.0,114.5,119.5,7214,3262,470,0,113,6.56,93.43,100.0
2026-05-11,6216,居易,23.75,24.0,23.55,23.55,258,12,-79,0,-1,3.05,96.94,100.0
2026-05-11,6217,中探針,266.0,282.0,261.0,282.0,1613,0,-39,0,-31,19.24,80.75,100.0
2026-05-11,6218,豪勉,39.05,39.2,37.0,37.3,2140,619,-146,0,0,1.19,98.8,100.0
2026-05-11,6219,富旺,13.0,13.0,12.45,12.9,646,149,-12,0,0,1.34,98.65,100.0
2026-05-11,6220,岳豐,30.0,30.05,29.9,30.0,82,11,24,0,1,4.58,95.41,100.0
2026-05-11,6221,晉泰,25.45,25.45,24.2,24.4,655,63,-50,0,0,1.09,98.9,100.0
2026-05-11,6222,立軒,22.95,23.0,22.25,22.9,39,7,-2,0,0,0.12,99.87,100.0
2026-05-11,6223,旺矽,4860.0,5125.0,4710.0,4985.0,2143,866,150,-286,34,29.14,70.85,100.0
2026-05-11,6224,聚鼎,78.7,78.7,73.9,75.7,1650,536,384,0,-5,4.11,95.88,100.0
2026-05-11,6225,天瀚,24.9,26.0,24.5,24.9,28,0,0,0,0,0.01,99.98,100.0
2026-05-11,6226,光鼎,12.4,12.4,12.05,12.2,1055,0,-23,0,-17,0.74,99.25,100.0
2026-05-11,6227,茂綸,109.0,110.0,102.0,103.0,2096,722,102,0,-60,3.23,96.76,100.0
2026-05-11,6228,全譜,22.5,22.5,22.1,22.1,16,0,0,0,0,0.33,99.66,100.0
2026-05-11,6229,研通,29.2,30.55,29.0,29.35,786,249,-54,0,0,1.18,98.81,100.0
2026-05-11,6230,尼得科超眾,161.0,161.0,151.0,154.0,161,30,-63,0,-1,87.16,12.83,100.0
2026-05-11,6231,系微,321.5,324.5,314.0,316.0,1305,478,-191,-20,34,12.36,87.63,100.0
2026-05-11,6233,旺玖,27.2,27.5,26.45,26.5,580,94,-167,0,0,5.36,94.63,100.0
2026-05-11,6234,高僑,55.5,56.0,53.7,54.0,3270,0,430,0,9,12.87,87.12,100.0
2026-05-11,6235,華孚,42.95,43.65,42.5,43.6,777,135,152,0,0,4.41,95.58,100.0
2026-05-11,6236,中湛,0.0,0.0,0.0,0.0,0,0,0,0,0,0.02,99.97,100.0
2026-05-11,6237,驊訊,45.6,46.4,44.0,45.5,4282,1595,-226,0,-392,9.35,90.64,100.0
2026-05-11,6239,力成,225.5,231.0,223.0,225.5,15003,7248,-1775,-1004,112,33.57,66.42,100.0
2026-05-11,6240,松崗,18.1,18.5,18.1,18.5,18,2,1,0,0,0.29,99.7,100.0
2026-05-11,6241,鑫永洋,8.83,8.9,8.55,8.68,254,0,1,0,0,0.04,99.95,100.0
2026-05-11,6242,立康,37.8,37.9,36.6,37.7,21,0,-1,0,0,0.47,99.52,100.0
2026-05-11,6243,迅杰,34.9,35.25,34.25,34.45,296,63,16,0,-3,1.73,98.26,100.0
2026-05-11,6244,茂迪,30.2,30.55,29.2,29.9,8502,4215,-477,0,145,24.62,75.37,100.0
2026-05-11,6245,立端,80.3,83.4,80.3,81.3,1149,370,344,0,0,11.73,88.26,100.0
2026-05-11,6246,臺龍,17.1,17.25,16.9,16.9,91,20,-9,0,0,0.18,99.81,100.0
2026-05-11,6248,沛波,19.45,19.45,19.3,19.3,72,5,-2,0,0,0.74,99.25,100.0
2026-05-11,6257,矽格,210.5,214.5,204.5,212.5,11870,5033,-2552,532,-265,26.58,73.41,100.0
2026-05-11,6259,百徽,23.0,24.8,23.0,24.8,1447,347,82,0,-2,38.81,61.18,100.0
2026-05-11,6261,久元,121.5,124.0,118.0,121.0,8336,3264,-1353,0,-75,7.36,92.63,100.0
2026-05-11,6263,普萊德,168.0,168.0,168.0,168.0,305,1,-19,0,36,1.93,98.06,100.0
2026-05-11,6264,富裔,6.08,6.13,6.0,6.11,67,0,4,0,0,0.03,99.96,100.0
2026-05-11,6265,方土昶,46.5,47.75,45.1,45.4,17562,9476,94,0,71,6.37,93.62,100.0
2026-05-11,6266,泰詠,27.8,27.8,27.5,27.55,417,14,-114,0,0,2.12,97.87,100.0
2026-05-11,6269,台郡,61.1,61.1,57.3,58.0,9567,1953,-4407,0,-244,17.83,82.16,100.0
2026-05-11,6270,倍微,28.0,28.0,27.05,27.3,639,157,-1,0,0,2.31,97.68,100.0
2026-05-11,6271,同欣電,183.0,185.5,178.5,185.5,5440,1796,823,0,12,28.76,71.23,100.0
2026-05-11,6272,驊陞,31.6,31.6,30.8,30.8,626,0,-86,0,1,3.85,96.14,100.0
2026-05-11,6274,台燿,1375.0,1455.0,1350.0,1455.0,2585,0,195,-358,398,37.98,62.01,100.0
2026-05-11,6275,元山,52.0,52.0,50.1,50.4,1370,246,-340,0,-6,4.59,95.4,100.0
2026-05-11,6276,安鈦克,31.3,31.3,30.15,30.5,51,10,-20,0,0,2.29,97.7,100.0
2026-05-11,6277,宏正,70.9,72.5,70.1,71.8,235,79,51,0,0,8.01,91.98,100.0
2026-05-11,6278,台表科,209.0,221.0,190.0,215.5,39508,22489,-7676,4116,133,23.05,76.94,100.0
2026-05-11,6279,胡連,122.0,123.5,120.0,120.5,1915,235,-816,-9,0,5.02,94.97,100.0
2026-05-11,6281,全國電,51.5,51.5,50.5,51.5,154,10,-55,0,-2,2.11,97.88,100.0
2026-05-11,6282,康舒,52.0,55.4,51.6,55.4,90352,31076,27912,-1,1733,17.26,82.73,100.0
2026-05-11,6283,淳安,25.35,25.4,24.65,25.1,572,138,-155,0,-13,18.63,81.36,100.0
2026-05-11,6284,佳邦,82.0,82.4,79.2,82.0,1412,538,158,0,2,9.96,90.03,100.0
2026-05-11,6285,啟碁,253.0,266.5,250.5,259.0,26743,15334,3996,-27,56,21.35,78.64,100.0
2026-05-11,6290,良維,275.0,277.0,250.0,275.5,10962,5301,-14,0,-58,17.19,82.8,100.0
2026-05-11,6291,沛亨,468.0,488.0,455.0,471.5,1962,1051,-36,0,-6,5.08,94.91,100.0
2026-05-11,6292,迅德,52.5,56.3,50.8,55.8,898,159,101,0,2,1.83,98.16,100.0
2026-05-11,6294,智基,34.0,34.0,31.8,31.95,63,8,-3,0,0,1.15,98.84,100.0
2026-05-11,6405,悅城,58.5,58.5,58.0,58.0,821,0,75,0,-25,4.9,95.09,100.0
2026-05-11,6407,相互,34.94,38.8,34.05,37.45,1637,0,-18,0,0,0.0,0.0,0.0
2026-05-11,6409,旭隼,809.0,809.0,747.0,764.0,2494,811,-703,-4,-28,52.8,47.19,100.0
2026-05-11,6411,晶焱,79.9,84.3,79.0,82.4,771,258,81,0,0,8.21,91.78,100.0
2026-05-11,6412,群電,87.0,94.0,87.0,93.6,5494,1762,1520,0,56,4.87,95.12,100.0
2026-05-11,6414,樺漢,352.0,359.0,342.0,359.0,2116,518,862,-10,-90,34.11,65.88,100.0
2026-05-11,6415,矽力*-KY,440.0,468.0,425.0,468.0,9060,4186,-579,394,172,80.75,19.24,100.0
2026-05-11,6416,瑞祺電通,84.4,84.8,82.9,83.8,347,79,-28,0,-5,4.05,95.94,100.0
2026-05-11,6417,韋僑,140.0,146.0,134.5,138.5,830,305,-69,0,14,10.84,89.15,100.0
2026-05-11,6418,詠昇,30.9,31.5,30.9,31.3,105,12,0,0,0,3.78,96.21,100.0
2026-05-11,6419,京晨科,145.0,146.0,135.0,137.0,650,259,18,0,2,9.73,90.26,100.0
2026-05-11,6423,億而得-創,118.5,124.0,116.0,119.0,474,166,-31,0,-5,4.3,95.69,100.0
2026-05-11,6423,億而得,118.5,124.0,116.0,119.0,474,166,-31,0,-5,4.3,95.69,100.0
2026-05-11,6425,易發,83.4,89.4,81.3,88.0,5495,2211,336,0,0,2.97,97.02,100.0
2026-05-11,6426,統新,262.0,268.5,245.5,260.0,6010,3335,-253,0,-47,8.68,91.31,100.0
2026-05-11,6428,台灣淘米,13.7,0.0,0.0,0.0,0,0,0,0,0,0.0,0.0,0.0
2026-05-11,6431,光麗-KY,18.9,21.0,18.9,20.15,268,0,-66,0,-1,56.91,43.08,100.0
2026-05-11,6432,今展科,44.35,48.6,42.7,48.6,3042,800,428,0,-58,4.54,95.45,100.0
2026-05-11,6434,達輝光電,24.08,25.75,23.35,24.2,2085,0,42,0,0,0.0,0.0,0.0
2026-05-11,6435,大中,216.0,231.5,211.5,231.5,1298,405,270,0,2,13.89,86.1,100.0
2026-05-11,6438,迅得,171.0,175.0,170.0,171.0,996,257,85,0,34,7.24,92.75,100.0
2026-05-11,6441,廣錠,28.05,28.4,27.2,27.55,333,110,-70,0,0,0.67,99.32,100.0
2026-05-11,6442,光聖,1935.0,1990.0,1870.0,1950.0,3829,1903,155,-372,62,33.56,66.43,100.0
2026-05-11,6443,元晶,40.5,41.4,40.0,41.4,4246,0,175,0,674,14.18,85.81,100.0
2026-05-11,6446,藥華藥,725.0,729.0,700.0,706.0,3751,1203,-499,1,-18,22.35,77.64,100.0
2026-05-11,6449,鈺邦,186.0,186.0,176.5,180.5,1340,507,-118,0,-16,3.52,96.47,100.0
2026-05-11,6451,訊芯-KY,423.0,468.0,423.0,455.5,3986,1990,503,0,-13,65.71,34.28,100.0
2026-05-11,6456,GIS-KY,65.4,67.9,63.9,66.6,6519,2774,-1524,0,49,43.22,56.77,100.0
2026-05-11,6461,益得,17.0,17.1,16.75,16.8,237,0,20,0,0,0.66,99.33,100.0
2026-05-11,6462,神盾,126.0,132.0,122.0,129.5,2158,844,411,2,150,18.48,81.51,100.0
2026-05-11,6464,台數科,77.0,77.0,75.6,76.5,16,2,-4,0,0,0.8,19.18,19.99
2026-05-11,6465,威潤,48.0,48.0,45.0,45.6,388,62,-104,0,0,0.64,99.35,100.0
2026-05-11,6467,泰合,134.58,137.5,132.5,135.5,376,0,0,0,0,0.0,0.0,0.0
2026-05-11,6469,大樹,75.8,75.8,73.1,73.5,1978,225,-895,0,0,7.95,92.04,100.0
2026-05-11,6470,宇智,46.9,47.5,46.8,47.15,50,8,-10,0,0,5.78,94.21,100.0
2026-05-11,6472,保瑞,419.0,419.0,402.0,408.5,1417,505,-287,1,0,9.78,90.21,100.0
2026-05-11,6473,美賣*,9.41,10.2,9.2,10.05,668,0,61,0,0,0.0,0.0,0.0
2026-05-11,6474,華豫寧,40.0,40.0,38.0,38.5,158,0,6,0,0,0.11,99.88,100.0
2026-05-11,6477,安集,35.0,35.25,34.5,34.5,921,229,68,0,-1,2.8,97.19,100.0
2026-05-11,6482,弘煜科,29.9,29.9,29.1,29.25,17,2,0,0,0,2.5,97.49,100.0
2026-05-11,6483,原創生醫,14.41,14.6,14.0,14.1,141,0,0,0,0,0.0,0.0,0.0
2026-05-11,6485,點序,83.9,86.9,83.2,84.2,543,234,72,0,6,8.99,91.0,100.0
2026-05-11,6486,互動,83.4,84.3,82.9,83.3,119,15,-44,0,0,4.82,95.17,100.0
2026-05-11,6488,環球晶,820.0,849.0,790.0,835.0,10952,5486,1277,421,-56,30.2,69.79,100.0
2026-05-11,6491,晶碩,286.0,288.0,284.0,285.5,461,72,201,0,2,10.09,89.9,100.0
2026-05-11,6492,生華科,50.9,50.9,49.8,50.3,249,0,-50,0,0,7.77,92.22,100.0
2026-05-11,6493,雷虎生,31.04,31.4,28.95,29.15,219,0,4,0,0,0.0,0.0,0.0
2026-05-11,6494,九齊,56.9,59.8,54.9,58.5,699,264,30,0,-16,8.38,91.61,100.0
2026-05-11,6496,科懋,24.95,24.95,24.6,24.6,4,2,0,0,0,0.35,99.64,100.0
2026-05-11,6498,久禾光,99.5,99.5,95.8,97.4,146,25,12,0,0,2.27,97.72,100.0
2026-05-11,6499,益安,81.8,84.5,81.8,83.7,409,109,38,0,0,18.34,81.65,100.0
2026-05-11,6504,南六,39.9,41.2,39.9,40.75,93,37,8,0,-1,1.04,98.95,100.0
2026-05-11,6505,台塑化,53.5,54.4,53.3,54.0,9349,1898,4593,-7,-21,6.05,93.94,100.0
2026-05-11,6506,雙邦,17.9,18.3,17.9,18.05,386,19,39,0,0,0.62,99.37,100.0
2026-05-11,6508,惠光,24.4,24.55,24.4,24.45,38,1,3,0,0,0.98,99.01,100.0
2026-05-11,6509,聚和,44.9,44.9,43.2,43.7,5173,1541,-1931,0,-25,4.34,95.65,100.0
2026-05-11,6510,精測,3610.0,3825.0,3510.0,3790.0,732,250,130,70,19,33.63,66.36,100.0
2026-05-11,6512,啟發電,19.3,19.3,19.2,19.2,25,0,0,0,0,0.07,99.92,100.0
2026-05-11,6515,穎崴,9790.0,10195.0,9545.0,10090.0,245,70,42,26,3,21.51,78.48,100.0
2026-05-11,6516,勤崴國際,58.8,59.4,58.6,58.6,65,1,9,0,0,1.45,98.54,100.0
2026-05-11,6517,保勝光學,57.9,57.9,57.0,57.0,201,18,-12,0,0,4.86,95.13,100.0
2026-05-11,6518,康科特,32.53,33.0,31.55,32.9,40,0,0,0,0,0.0,0.0,0.0
2026-05-11,6523,達爾膚,100.0,100.0,98.6,99.1,48,2,7,0,0,1.99,98.0,100.0
2026-05-11,6525,捷敏-KY,105.5,111.0,103.0,109.5,1722,622,-218,-11,11,15.33,84.66,100.0
2026-05-11,6526,達發,775.0,782.0,739.0,750.0,3602,1522,-473,4,14,7.43,92.56,100.0
2026-05-11,6527,明達醫,70.9,70.9,67.8,68.6,124,0,4,0,0,0.14,99.85,100.0
2026-05-11,6530,創威,109.0,114.0,107.0,110.5,1600,807,236,0,0,4.94,95.05,100.0
2026-05-11,6531,愛普*,875.0,962.0,875.0,962.0,2885,0,-382,19,61,31.58,68.41,100.0
2026-05-11,6532,瑞耘,116.5,118.0,107.0,107.5,3544,1404,-303,0,8,6.4,93.59,100.0
2026-05-11,6533,晶心科,240.0,260.0,235.5,253.0,1806,791,208,1,5,12.42,87.57,100.0
2026-05-11,6534,正瀚-創,95.4,97.8,94.4,97.6,181,31,-9,0,-1,41.11,58.88,100.0
2026-05-11,6535,順藥,131.5,136.0,131.5,133.0,134,0,-26,0,0,5.69,94.3,100.0
2026-05-11,6536,碩豐,25.2,23.95,22.85,23.5,13,0,0,0,0,0.0,0.0,0.0
2026-05-11,6538,倉和,80.2,81.1,77.6,78.4,142,24,-29,0,6,5.52,94.47,100.0
2026-05-11,6539,麗彤,46.99,0.0,0.0,0.0,0,0,0,0,0,0.0,0.0,0.0
2026-05-11,6541,泰福-KY,40.3,41.9,39.65,39.85,615,185,-158,0,0,13.83,86.16,100.0
2026-05-11,6542,隆中,46.15,48.7,46.15,47.2,17,3,1,0,0,18.11,81.88,100.0
2026-05-11,6543,普惠醫工,22.7,22.75,22.05,22.45,31,0,0,0,0,0.0,0.0,0.0
2026-05-11,6546,正基,69.8,69.8,68.2,68.8,472,111,-67,0,-4,6.87,93.12,100.0
2026-05-11,6547,高端疫苗,48.7,49.55,48.6,48.9,2279,1074,104,0,10,9.38,90.61,100.0
2026-05-11,6548,長科*,53.5,54.5,52.6,53.7,8231,2790,-1042,-109,144,3.04,96.95,100.0
2026-05-11,6549,景凱,7.97,8.21,7.81,8.0,106,0,-8,0,0,0.0,0.0,0.0
2026-05-11,6550,北極星藥業-KY,17.85,17.85,16.8,16.9,1938,0,-377,0,-3,67.33,32.66,100.0
2026-05-11,6552,易華電,29.55,30.9,29.55,30.5,362,63,27,0,0,0.83,99.16,100.0
2026-05-11,6555,榮炭,24.08,23.9,22.0,23.0,415,0,0,0,0,0.0,0.0,0.0
2026-05-11,6556,勝品,70.0,71.1,70.0,70.1,24,0,0,0,0,0.57,99.42,100.0
2026-05-11,6558,興能高,29.8,31.1,29.15,30.2,1071,552,9,0,-1,2.43,97.56,100.0
2026-05-11,6559,研晶,28.5,30.2,27.1,28.0,342,0,0,0,0,0.0,0.0,0.0
2026-05-11,6560,欣普羅,40.7,40.7,39.3,39.35,66,8,-10,0,0,4.99,95.0,100.0
2026-05-11,6561,是方,342.0,355.5,341.0,353.0,207,46,45,-5,2,5.85,94.14,100.0
2026-05-11,6563,映智,31.33,34.75,30.9,32.3,332,0,0,0,0,0.0,0.0,0.0
2026-05-11,6564,安特羅,18.73,18.95,18.35,18.65,159,0,4,0,0,0.0,0.0,0.0
2026-05-11,6565,物聯,23.93,24.6,22.9,23.95,132,0,0,0,0,0.0,0.0,0.0
2026-05-11,6568,宏觀,234.0,237.0,225.0,226.0,757,226,-16,-15,-27,6.21,93.78,100.0
2026-05-11,6569,醫揚,97.1,100.5,97.1,99.6,44,4,2,0,-1,2.93,97.06,100.0
2026-05-11,6570,維田,46.5,46.8,44.8,44.9,683,173,-16,0,0,1.36,98.63,100.0
2026-05-11,6572,博錸,10.16,10.4,9.47,9.81,300,0,0,0,0,0.0,0.0,0.0
2026-05-11,6573,虹揚-KY,12.7,12.9,12.25,12.3,192,0,-56,0,-3,54.8,45.19,100.0
2026-05-11,6574,霈方,119.5,119.5,113.0,119.5,134,0,14,0,0,0.58,99.41,100.0
2026-05-11,6576,逸達,80.0,80.1,78.3,80.1,202,0,5,0,0,22.34,77.65,100.0
2026-05-11,6577,勁豐,82.0,82.0,80.6,80.8,59,12,-4,0,0,1.31,98.68,100.0
2026-05-11,6578,達邦蛋白,15.05,15.1,14.75,14.75,427,11,-27,0,0,0.74,99.25,100.0
2026-05-11,6579,研揚,138.0,142.5,138.0,139.0,933,213,-122,0,0,2.99,97.0,100.0
2026-05-11,6580,台睿,15.93,16.2,15.55,16.0,89,0,0,0,0,0.0,0.0,0.0
2026-05-11,6581,鋼聯,110.0,110.0,105.5,108.0,47,5,4,0,0,1.02,98.97,100.0
2026-05-11,6582,申豐,31.85,32.45,31.1,31.45,116,21,-14,0,-1,12.98,87.01,100.0
2026-05-11,6583,友松,12.51,13.0,12.4,12.4,1,0,0,0,0,0.0,0.0,0.0
2026-05-11,6584,南俊國際,664.0,696.0,664.0,687.0,770,294,89,-6,-3,16.2,83.79,100.0
2026-05-11,6585,鼎基,95.0,98.0,93.2,93.6,380,80,-24,0,-2,6.75,93.24,100.0
2026-05-11,6586,醣基,54.57,61.0,52.6,57.6,1947,0,48,0,0,0.0,0.0,0.0
2026-05-11,6588,東典光電,144.0,148.0,139.0,145.0,1657,935,71,0,-1,4.74,95.25,100.0
2026-05-11,6589,台康生技,45.75,45.75,44.75,45.1,569,149,-2,0,0,6.11,93.88,100.0
2026-05-11,6590,普鴻,68.3,69.4,68.1,69.4,18,0,0,0,0,0.05,99.94,100.0
2026-05-11,6591,動力-KY,56.9,56.9,55.5,56.4,608,124,-260,0,-4,20.86,79.13,100.0
2026-05-11,6592,和潤企業,60.9,61.1,60.6,60.9,628,116,-28,0,-4,26.25,73.74,100.0
2026-05-11,6593,台灣銘板,35.35,36.5,35.1,35.15,150,32,18,0,0,1.22,98.77,100.0
2026-05-11,6595,光禹國際,32.14,32.45,32.15,32.15,0,0,0,0,0,0.0,0.0,0.0
2026-05-11,6596,寬宏藝術,102.0,104.0,100.5,104.0,657,104,140,0,0,4.57,95.42,100.0
2026-05-11,6597,立誠,70.0,75.0,70.0,75.0,89,0,0,0,0,0.03,99.96,100.0
2026-05-11,6598,ABC-KY,22.7,23.2,22.55,22.7,183,0,10,0,-1,23.37,76.62,100.0
2026-05-11,6599,普達系統,49.9,48.6,48.6,48.6,0,0,0,0,0,0.0,0.0,0.0
2026-05-11,6603,富強鑫,24.2,24.2,23.8,23.9,1175,205,189,0,-9,4.69,95.3,100.0
2026-05-11,6604,儒億,30.24,31.15,30.35,30.7,149,0,0,0,0,0.0,0.0,0.0
2026-05-11,6605,帝寶,131.5,131.5,128.5,129.0,297,36,-61,0,0,15.69,84.3,100.0
2026-05-11,6606,建德工業,25.4,25.45,25.05,25.2,93,3,-17,0,-3,3.39,96.6,100.0
2026-05-11,6609,瀧澤科,43.7,44.7,42.5,43.3,734,277,152,0,0,54.25,45.74,100.0
2026-05-11,6610,安成生技,28.34,29.1,28.45,28.55,374,0,0,0,0,0.0,0.0,0.0
2026-05-11,6612,奈米醫材,68.3,68.3,66.9,67.8,73,9,-1,0,0,26.41,73.58,100.0
2026-05-11,6613,朋億*,245.5,245.5,235.0,240.5,547,174,-22,0,-3,6.89,93.1,100.0
2026-05-11,6614,資拓宏宇,41.45,41.45,40.9,40.95,82,0,18,0,-16,0.84,99.15,100.0
2026-05-11,6615,慧智,32.7,32.7,32.35,32.35,39,1,7,0,0,0.08,99.91,100.0
2026-05-11,6616,特昇-KY,10.0,10.0,9.95,9.97,5,0,-1,0,0,56.73,43.26,100.0
2026-05-11,6617,共信-KY,63.1,63.7,62.6,63.4,145,40,-23,0,0,38.28,61.71,100.0
2026-05-11,6618,永虹先進,22.21,22.5,18.1,20.6,1739,0,-62,0,0,0.0,0.0,0.0
2026-05-11,6620,漢達,68.4,70.2,68.4,70.2,457,58,3,0,10,24.82,75.17,100.0
2026-05-11,6621,華宇藥,12.27,12.35,12.15,12.25,36,0,0,0,0,0.0,0.0,0.0
2026-05-11,6622,百聿數碼,7.59,7.79,7.4,7.45,34,0,0,0,0,0.0,0.0,0.0
2026-05-11,6624,萬年清,48.85,49.75,48.3,48.65,50,30,-2,0,0,0.38,99.61,100.0
2026-05-11,6625,必應,74.0,74.0,73.1,73.4,220,11,-49,0,-3,1.06,98.93,100.0
2026-05-11,6629,泰金-KY,118.0,122.0,117.5,121.0,33,3,-2,0,-2,76.5,23.49,100.0
2026-05-11,6634,欣耀,54.44,58.9,54.8,56.4,558,0,-9,0,0,0.0,0.0,0.0
2026-05-11,6637,醫影,71.3,71.3,70.9,70.9,33,2,-1,0,0,0.47,99.52,100.0
2026-05-11,6638,沅聖,42.44,45.15,42.75,44.6,46,0,0,0,0,0.0,0.0,0.0
2026-05-11,6639,源大環能,7.88,8.15,7.71,8.09,84,0,3,0,0,0.0,0.0,0.0
2026-05-11,6640,均華,1420.0,1465.0,1390.0,1405.0,322,143,-30,5,6,6.82,93.17,100.0
2026-05-11,6641,基士德-KY,19.05,19.5,19.0,19.1,48,9,3,0,-2,29.99,70.0,100.0
2026-05-11,6642,富致,64.4,65.7,63.9,64.3,368,200,-52,0,0,1.36,98.63,100.0
2026-05-11,6643,M31,637.0,683.0,631.0,683.0,1604,525,-49,0,73,11.2,88.79,100.0
2026-05-11,6645,金萬林-創,12.95,12.95,12.7,12.95,20,0,0,0,0,0.85,99.14,100.0
2026-05-11,6648,斯其大,18.25,18.8,17.95,17.95,62,0,-3,0,0,0.0,0.0,0.0
2026-05-11,6649,台生材,39.5,39.75,39.2,39.75,39,1,6,0,0,6.46,93.53,100.0
2026-05-11,6650,帝圖,31.85,32.4,30.4,32.0,38,0,0,0,0,0.0,0.0,0.0
2026-05-11,6651,全宇昕,117.5,133.5,115.0,133.5,2739,1167,30,0,-13,7.12,92.87,100.0
2026-05-11,6654,天正國際,90.8,91.3,90.0,90.9,27,2,0,0,0,0.59,99.4,100.0
2026-05-11,6655,科定,138.0,138.5,137.0,138.5,7,2,-2,0,0,0.5,99.49,100.0
2026-05-11,6657,華安,41.0,41.0,38.7,39.9,409,88,19,0,-2,7.15,92.84,100.0
2026-05-11,6658,聯策,166.0,176.5,166.0,176.5,570,0,59,0,61,7.39,92.6,100.0
2026-05-11,6659,天明製藥,19.64,22.3,20.2,22.05,350,0,2,0,0,0.0,0.0,0.0
2026-05-11,6661,威健生技,17.35,17.85,17.35,17.5,17,0,0,0,0,0.02,99.97,100.0
2026-05-11,6662,樂斯科,29.45,31.0,29.45,30.45,13,0,1,0,0,0.21,99.78,100.0
2026-05-11,6664,群翊,443.0,450.0,431.0,439.5,1369,618,171,0,-2,14.72,85.27,100.0
2026-05-11,6665,康聯生醫,23.6,24.0,23.0,24.0,9,0,0,0,0,0.0,0.0,0.0
2026-05-11,6666,羅麗芬-KY,42.2,42.2,41.05,41.55,31,5,3,0,0,75.19,24.8,100.0
2026-05-11,6667,信紘科,263.0,265.0,259.0,262.5,539,123,-101,0,-2,9.28,90.71,100.0
2026-05-11,6668,中揚光,37.05,37.5,36.5,36.6,277,46,-24,0,0,11.12,88.87,100.0
2026-05-11,6669,緯穎,5290.0,5345.0,5115.0,5340.0,2206,751,-386,398,13,31.6,68.39,100.0
2026-05-11,6670,復盛應用,254.5,263.0,254.0,262.5,471,94,188,33,10,25.74,74.25,100.0
2026-05-11,6671,三能-KY,30.05,30.1,29.6,29.7,32,9,-1,0,1,39.85,60.14,100.0
2026-05-11,6672,騰輝電子-KY,208.0,211.0,197.0,209.0,5447,2715,-205,0,-24,19.17,80.82,100.0
2026-05-11,6673,和詮,25.7,25.05,21.85,23.7,1039,0,-7,0,0,0.0,0.0,0.0
2026-05-11,6674,鋐寶科技,18.25,18.3,18.05,18.1,17,5,3,0,-5,0.5,99.49,100.0
2026-05-11,6676,祥翊,14.59,15.75,14.65,14.75,666,0,-8,0,0,0.0,0.0,0.0
2026-05-11,6677,瑩碩生技,18.81,19.0,18.4,18.8,95,0,0,0,0,0.0,0.0,0.0
2026-05-11,6679,鈺太,325.0,332.0,315.0,327.0,814,318,-1,21,-43,10.4,89.59,100.0
2026-05-11,6680,鑫創電子,54.1,54.1,53.1,54.0,14,1,5,0,0,0.2,99.79,100.0
2026-05-11,6682,華旭先進,52.35,58.4,51.0,56.4,2677,0,64,0,0,0.0,0.0,0.0
2026-05-11,6683,雍智科技,2160.0,2300.0,2160.0,2270.0,292,0,49,-45,75,11.45,88.54,100.0
2026-05-11,6684,安格,48.7,49.3,48.05,48.5,182,49,-34,0,0,5.12,94.87,100.0
2026-05-11,6689,伊雲谷,69.5,71.5,68.9,70.1,287,56,69,0,-1,4.52,95.47,100.0
2026-05-11,6690,安碁資訊,172.0,172.0,167.5,168.0,105,9,-49,0,0,3.5,96.49,100.0
2026-05-11,6691,洋基工程,660.0,660.0,630.0,643.0,556,159,-173,3,-33,15.75,84.24,100.0
2026-05-11,6692,進能服,31.6,31.95,31.3,31.3,36,2,-4,0,0,0.5,99.49,100.0
2026-05-11,6693,廣閎科,151.5,159.0,146.5,156.0,2142,712,69,0,2,13.13,86.86,100.0
2026-05-11,6695,芯鼎,52.9,56.5,51.2,54.0,8472,4144,-874,0,-19,2.52,97.47,100.0
2026-05-11,6696,仁新,391.36,402.0,387.5,401.5,265,0,-1,0,0,0.0,0.0,0.0
2026-05-11,6697,東捷資訊,41.45,41.45,40.9,41.2,41,9,4,0,0,0.75,99.24,100.0
2026-05-11,6698,旭暉應材,32.8,32.8,30.7,31.2,601,119,-158,0,0,1.62,98.37,100.0
2026-05-11,6703,軒郁,116.0,120.0,115.5,119.5,141,10,2,0,0,13.94,86.05,100.0
2026-05-11,6704,國璽幹細胞,21.37,21.55,20.9,21.45,150,0,2,0,0,0.0,0.0,0.0
2026-05-11,6705,振躍精密,104.17,118.0,103.0,108.5,123,0,-5,0,0,0.0,0.0,0.0
2026-05-11,6706,惠特,173.5,174.5,167.0,168.5,6205,3258,-819,0,-41,10.3,89.69,100.0
2026-05-11,6707,富基電通,38.55,42.3,37.5,40.5,1633,0,-1,0,0,0.0,0.0,0.0
2026-05-11,6708,天擎,41.95,43.3,41.95,42.8,54,0,3,0,0,3.15,96.84,100.0
2026-05-11,6709,昱厚生技,25.44,25.6,24.3,25.3,166,0,-3,0,0,0.0,0.0,0.0
2026-05-11,6712,長聖,138.5,139.0,136.0,138.5,180,11,-24,0,0,3.4,96.59,100.0
2026-05-11,6715,嘉基,445.0,489.5,440.5,489.5,2035,771,577,0,0,3.13,96.86,100.0
2026-05-11,6716,應廣,103.5,104.0,103.5,104.0,633,21,105,0,7,4.12,95.87,100.0
2026-05-11,6719,力智,188.5,193.0,185.5,190.0,798,214,143,3,-2,7.43,92.56,100.0
2026-05-11,6720,久昌,172.5,175.0,163.5,163.5,58,8,-1,0,0,1.15,98.84,100.0
2026-05-11,6721,信實,57.6,57.6,57.1,57.5,23,0,0,0,0,0.0,99.99,100.0
2026-05-11,6722,輝創,40.5,40.5,39.55,40.35,53,0,-2,0,-8,2.8,97.19,100.0
2026-05-11,6723,傑智環境,40.25,41.6,39.0,40.95,39,0,2,0,0,0.0,0.0,0.0
2026-05-11,6725,矽科宏晟,327.0,329.0,321.0,324.0,335,68,102,0,-4,4.22,95.77,100.0
2026-05-11,6727,亞泰金屬,496.5,518.0,480.0,495.0,4514,2067,-311,0,-159,11.19,88.8,100.0
2026-05-11,6728,上洋,115.0,116.0,114.0,114.5,48,4,1,0,0,0.86,99.13,100.0
2026-05-11,6729,機光科技,56.65,56.0,52.0,53.4,259,0,0,0,0,0.0,0.0,0.0
2026-05-11,6730,常廣,37.3,37.5,37.0,37.5,39,0,0,0,0,0.03,99.96,100.0
2026-05-11,6732,昇佳電子,164.5,167.5,164.0,167.0,197,30,-28,1,0,6.8,93.19,100.0
2026-05-11,6733,博晟生醫,28.5,28.5,27.8,28.0,406,0,-131,0,0,1.24,98.75,100.0
2026-05-11,6734,安盛生,6.81,7.2,6.52,6.93,103,0,0,0,0,0.0,0.0,0.0
2026-05-11,6735,美達科技,126.5,128.0,122.0,125.0,338,0,6,0,5,1.2,98.79,100.0
2026-05-11,6737,秀育,34.5,35.7,33.35,34.0,23,0,-1,0,0,0.0,0.0,0.0
2026-05-11,6738,鼎恒,68.36,69.5,66.5,69.4,184,0,1,0,0,0.0,0.0,0.0
2026-05-11,6739,竹陞科技,1320.0,1450.0,1320.0,1440.0,553,208,-15,0,6,4.9,95.09,100.0
2026-05-11,6741,91APP*-KY,66.0,66.3,64.9,65.9,394,41,149,0,-6,43.58,56.41,100.0
2026-05-11,6742,澤米,38.7,39.7,38.4,39.5,205,37,63,0,-1,2.0,97.99,100.0
2026-05-11,6743,安普新,29.85,30.5,29.85,29.95,718,194,18,0,-16,3.71,96.28,100.0
2026-05-11,6744,豐技生技,16.52,0.0,0.0,0.0,0,0,0,0,0,0.0,0.0,0.0
2026-05-11,6748,亞果生醫,70.7,72.2,68.0,70.1,440,0,-1,0,0,0.0,0.0,0.0
2026-05-11,6750,泰創工程,66.4,67.6,64.5,65.2,215,0,0,0,0,0.0,0.0,0.0
2026-05-11,6751,智聯服務,50.0,50.0,49.35,49.4,53,5,3,0,0,0.73,99.26,100.0
2026-05-11,6752,叡揚,103.5,103.5,102.5,103.0,53,6,-13,0,0,2.74,97.25,100.0
2026-05-11,6753,龍德造船,140.0,140.0,130.5,131.5,4051,761,-1463,0,-240,5.35,4.14,9.5
2026-05-11,6754,匯僑設計,45.95,45.95,45.2,45.2,21,1,-1,0,-1,15.49,84.5,100.0
2026-05-11,6755,連鋐科技,21.04,20.8,19.9,20.15,44,0,-10,0,0,0.0,0.0,0.0
2026-05-11,6756,威鋒電子,94.1,97.5,92.4,95.6,565,219,-79,0,2,2.77,97.22,100.0
2026-05-11,6757,台灣虎航-創,57.2,57.2,54.1,55.2,2471,579,-95,0,4,1.75,48.23,49.99
2026-05-11,6757,台灣虎航,57.2,57.2,54.1,55.2,2471,579,-95,0,4,1.75,48.23,49.99
2026-05-11,6758,冠亞,34.95,36.15,36.15,36.15,0,0,0,0,0,0.0,0.0,0.0
2026-05-11,6761,穩得,206.5,213.5,203.5,210.0,1259,624,13,0,29,3.17,96.82,100.0
2026-05-11,6762,達亞,150.0,151.0,144.0,144.0,8,0,0,0,0,5.79,94.2,100.0
2026-05-11,6763,綠界科技,47.3,47.9,46.95,47.05,322,36,-20,0,0,3.45,96.54,100.0
2026-05-11,6763,綠界科技*,47.3,47.9,46.95,47.05,322,36,-20,0,0,3.45,96.54,100.0
2026-05-11,6767,台微醫,27.5,27.5,27.0,27.0,35,0,-3,0,0,0.22,99.77,100.0
2026-05-11,6768,志強-KY,88.0,92.5,87.0,92.0,1587,580,170,76,17,58.74,41.25,100.0
2026-05-11,6770,力積電,64.9,66.0,62.5,62.5,283121,144281,-24576,612,206,10.23,89.76,100.0
2026-05-11,6771,平和環保-創,43.8,44.0,43.75,43.9,19,2,1,0,-1,0.65,99.34,100.0
2026-05-11,6775,穎台科技,43.67,48.0,42.3,46.0,878,0,54,0,0,0.0,0.0,0.0
2026-05-11,6776,展碁國際,58.7,58.9,58.1,58.1,402,57,-136,0,-3,1.55,98.44,100.0
2026-05-11,6780,學習王,40.95,41.2,40.5,40.65,17,0,0,0,0,0.0,0.0,0.0
2026-05-11,6781,AES-KY,1265.0,1345.0,1240.0,1320.0,4359,2122,-353,27,91,68.09,31.9,100.0
2026-05-11,6782,視陽,189.0,198.0,188.5,194.5,585,205,-90,25,0,9.53,90.46,100.0
2026-05-11,6784,天凱科技,28.57,28.5,25.95,27.05,168,0,1,0,0,0.0,0.0,0.0
2026-05-11,6785,昱展新藥,137.5,137.5,131.0,134.5,186,41,-6,0,0,8.27,91.72,100.0
2026-05-11,6786,芯測,108.48,114.0,105.0,109.0,522,0,5,0,0,0.0,0.0,0.0
2026-05-11,6787,晶瑞光,38.45,41.55,38.35,39.6,1121,0,-43,0,0,0.0,0.0,0.0
2026-05-11,6788,華景電,457.5,473.5,448.0,467.5,1709,696,121,0,25,19.74,80.25,100.0
2026-05-11,6789,采鈺,603.0,616.0,587.0,600.0,10383,5292,502,10,-15,3.48,96.51,100.0
2026-05-11,6790,永豐實,40.15,40.25,39.9,39.9,258,33,-9,0,1,1.95,98.04,100.0
2026-05-11,6791,虎門科技,124.5,127.5,120.0,122.0,155,47,-12,0,0,11.61,88.38,100.0
2026-05-11,6792,詠業,57.0,57.0,56.1,56.1,63,7,-15,0,0,1.45,98.54,100.0
2026-05-11,6793,天力離岸,5.98,6.3,5.85,6.15,208,0,0,0,0,0.0,0.0,0.0
2026-05-11,6794,向榮生技-創,83.1,84.0,82.0,82.6,65,6,-11,0,0,0.41,99.58,100.0
2026-05-11,6794,向榮生技,83.1,84.0,82.0,82.6,65,6,-11,0,0,0.41,99.58,100.0
2026-05-11,6796,晉弘,69.0,69.0,66.0,66.0,230,44,-68,0,0,14.97,85.02,100.0
2026-05-11,6797,圓點奈米,14.66,15.0,14.25,14.95,36,0,0,0,0,0.0,0.0,0.0
2026-05-11,6798,展逸,50.31,52.9,50.6,51.2,51,0,0,0,0,0.0,0.0,0.0
2026-05-11,6799,來頡,89.7,91.7,89.4,90.8,511,199,54,0,-4,9.46,90.53,100.0
2026-05-11,6803,崑鼎,289.0,289.0,287.0,287.0,121,10,23,-5,0,3.48,96.51,100.0
2026-05-11,6804,明係,15.5,15.5,14.95,15.05,133,7,-3,0,33,4.1,95.89,100.0
2026-05-11,6805,富世達,2020.0,2055.0,1965.0,1995.0,1945,942,-82,-59,-14,16.36,83.63,100.0
2026-05-11,6806,森崴能源,20.0,20.0,18.5,19.55,1193,0,-31,0,0,1.98,98.01,100.0
2026-05-11,6807,峰源-KY,35.1,35.2,34.5,35.05,17,3,-7,0,0,43.57,56.42,100.0
2026-05-11,6808,三鼎生技,30.51,32.1,30.0,30.85,128,0,-6,0,0,0.0,0.0,0.0
2026-05-11,6810,新穎生醫,26.0,31.6,25.9,29.25,423,0,9,0,0,0.0,0.0,0.0
2026-05-11,6811,宏碁資訊,213.0,216.5,211.5,212.5,179,50,-3,0,0,1.47,98.52,100.0
2026-05-11,6812,梭特,76.51,76.5,70.7,72.7,484,0,0,0,0,0.0,0.0,0.0
2026-05-11,6814,路迦生醫,24.17,25.35,24.15,25.35,2,0,0,0,0,0.0,0.0,0.0
2026-05-11,6815,晶鑽生醫,30.32,30.4,28.8,29.35,201,0,-2,0,0,0.0,0.0,0.0
2026-05-11,6816,捷智商訊,39.13,39.5,39.0,39.5,5,0,0,0,0,0.0,0.0,0.0
2026-05-11,6817,溫士頓,67.93,68.4,66.2,68.2,10,0,0,0,0,0.0,0.0,0.0
2026-05-11,6818,連騰,62.22,66.1,62.1,63.1,161,0,9,0,0,0.0,0.0,0.0
2026-05-11,6819,眾智,42.26,63.0,48.0,63.0,1764,0,0,0,0,0.0,0.0,0.0
2026-05-11,6820,連訊,262.95,261.5,237.0,252.0,155,0,2,0,0,0.0,0.0,0.0
2026-05-11,6821,聯寶,51.8,51.8,49.1,50.0,617,140,-38,0,0,0.28,99.71,100.0
2026-05-11,6823,濾能,89.1,91.0,86.1,88.8,659,219,-87,0,0,25.42,74.57,100.0
2026-05-11,6825,和暢科技,43.53,44.2,40.0,40.0,224,0,4,0,0,0.0,0.0,0.0
2026-05-11,6826,和淞,569.27,587.0,564.0,575.0,643,0,-16,0,0,0.0,0.0,0.0
2026-05-11,6827,巨生醫,12.3,12.35,11.95,12.1,184,0,0,0,0,0.0,0.0,0.0
2026-05-11,6829,千附精密,229.0,236.5,225.5,225.5,1555,329,120,0,-56,2.28,97.71,100.0
2026-05-11,6830,汎銓,762.0,815.0,752.0,754.0,3114,1388,240,0,-16,5.45,94.54,100.0
2026-05-11,6831,邁科,543.0,594.0,537.0,594.0,2209,660,591,0,173,12.6,87.39,100.0
2026-05-11,6832,金鼎科,97.15,104.0,93.1,102.0,181,0,5,0,0,0.0,0.0,0.0
2026-05-11,6833,太康精密,26.78,27.2,26.25,26.6,22,0,0,0,0,0.0,0.0,0.0
2026-05-11,6834,天二科技,47.9,49.65,46.05,47.85,7689,4341,-360,0,-9,12.99,87.0,100.0
2026-05-11,6835,圓裕,38.4,38.7,37.5,37.5,141,47,-60,0,-1,6.46,93.53,100.0
2026-05-11,6838,台新藥,26.9,26.9,26.45,26.9,164,0,-49,0,-6,1.37,98.62,100.0
2026-05-11,6839,開陽能源,12.47,12.4,12.05,12.3,56,0,0,0,0,0.0,0.0,0.0
2026-05-11,6840,東研信超,64.8,67.3,64.0,66.0,150,33,-24,0,0,3.03,96.96,100.0
2026-05-11,6841,長佳智能,61.8,61.9,60.3,60.4,245,33,-5,0,0,2.49,97.5,100.0
2026-05-11,6842,瑞宇,143.85,150.5,99.8,127.0,1336,0,27,0,0,0.0,0.0,0.0
2026-05-11,6843,進典,46.75,46.75,46.0,46.05,12,2,-1,0,0,0.21,99.78,100.0
2026-05-11,6844,諾貝兒,64.6,64.9,64.1,64.9,24,0,2,0,0,0.03,99.96,100.0
2026-05-11,6846,綠茵,69.9,70.2,69.0,70.2,17,0,2,0,0,0.21,99.78,100.0
2026-05-11,6847,普瑞博,64.92,67.9,64.6,67.5,3,0,0,0,0,0.0,0.0,0.0
2026-05-11,6848,拉法醫,19.34,19.75,19.1,19.45,57,0,0,0,0,0.0,0.0,0.0
2026-05-11,6849,奇鼎科技,231.84,247.0,216.0,245.0,531,0,1,0,0,0.0,0.0,0.0
2026-05-11,6850,光鼎生技,34.34,35.3,34.2,34.55,35,0,5,0,0,0.0,0.0,0.0
2026-05-11,6854,錼創科技-KY創,147.5,147.5,143.0,145.5,529,132,7,0,-1,32.46,67.53,100.0
2026-05-11,6855,數泓科,106.5,106.5,105.0,105.0,5,0,0,0,0,0.19,99.8,100.0
2026-05-11,6856,鑫傳,51.0,51.0,51.0,51.0,1,0,0,0,0,0.0,49.98,49.99
2026-05-11,6857,宏碁智醫,98.5,96.0,96.0,96.0,2,0,0,0,0,0.0,0.0,0.0
2026-05-11,6858,愛比科技,25.52,25.2,25.0,25.0,8,0,0,0,0,0.0,0.0,0.0
2026-05-11,6859,伯特光,121.5,121.5,117.0,117.5,118,14,-28,0,0,15.33,84.66,100.0
2026-05-11,6861,睿生光電,381.0,389.0,379.0,389.0,435,0,34,0,45,1.96,98.03,100.0
2026-05-11,6862,三集瑞-KY,180.0,180.0,168.5,168.5,1794,296,-140,0,-43,65.58,34.41,100.0
2026-05-11,6863,永道-KY,112.5,113.0,112.0,113.0,253,64,54,0,3,69.77,30.22,100.0
2026-05-11,6864,元樟生技,57.19,57.6,56.7,56.7,34,0,0,0,0,0.0,0.0,0.0
2026-05-11,6865,偉康科技,35.95,35.95,35.3,35.3,4,1,0,0,0,0.4,99.59,100.0
2026-05-11,6867,坦德科技,23.74,24.0,22.75,23.5,47,0,0,0,0,0.0,0.0,0.0
2026-05-11,6868,采威國際,29.21,29.1,28.9,29.1,24,0,-1,0,0,0.0,0.0,0.0
2026-05-11,6869,雲豹能源-創,88.0,88.0,85.5,86.9,743,242,152,0,-5,2.59,97.4,100.0
2026-05-11,6869,雲豹能源,88.0,88.0,85.5,86.9,743,242,152,0,-5,2.59,97.4,100.0
2026-05-11,6870,騰雲,188.0,190.0,187.0,190.0,90,17,-9,0,2,1.5,98.49,100.0
2026-05-11,6872,浩宇生醫,18.4,19.2,18.0,18.0,149,0,0,0,0,0.35,99.64,100.0
2026-05-11,6873,泓德能源-創,93.1,94.5,91.0,94.1,557,83,130,0,32,8.08,91.91,100.0
2026-05-11,6873,泓德能源,93.1,94.5,91.0,94.1,557,83,130,0,32,8.08,91.91,100.0
2026-05-11,6874,倍力,90.3,90.3,84.1,85.0,291,68,-88,0,-3,1.02,98.97,100.0
2026-05-11,6875,國邑*,34.7,35.7,34.05,34.25,114,0,-6,0,0,2.21,97.78,100.0
2026-05-11,6876,朗齊生醫*,20.86,21.35,20.9,21.05,251,0,0,0,0,0.0,0.0,0.0
2026-05-11,6877,鏵友益,163.0,168.0,162.5,163.0,331,88,18,0,0,7.17,92.82,100.0
2026-05-11,6878,歐付寶,10.37,10.4,10.35,10.35,28,0,5,0,0,0.0,0.0,0.0
2026-05-11,6879,大江基因,35.88,36.5,35.35,35.35,3,0,0,0,0,0.0,0.0,0.0
2026-05-11,6881,潤德,270.0,272.5,270.0,272.5,4,0,0,0,0,0.11,99.88,100.0
2026-05-11,6882,甲尚,18.3,18.6,17.6,18.05,173,0,0,0,0,0.0,0.0,0.0
2026-05-11,6883,微電能源,19.52,31.1,19.3,29.35,706,0,0,0,0,0.0,0.0,0.0
2026-05-11,6884,海柏特,34.4,34.4,33.9,33.9,17,0,0,0,0,5.54,94.45,100.0
2026-05-11,6885,全福生技,22.3,22.6,22.15,22.6,213,22,15,0,-3,3.02,96.97,100.0
2026-05-11,6886,遠東生技,47.0,49.15,47.0,49.1,0,0,0,0,0,0.0,0.0,0.0
2026-05-11,6887,寶綠特-KY,39.35,41.45,39.35,39.35,32,17,-6,0,3,53.28,46.71,100.0
2026-05-11,6890,來億-KY,153.0,163.0,152.5,161.0,551,125,247,0,0,87.43,12.56,100.0
2026-05-11,6891,樂迦再生,56.79,57.0,48.35,56.0,2806,0,96,0,0,0.0,0.0,0.0
2026-05-11,6892,台寶生醫,25.5,25.4,24.9,25.2,96,0,0,0,0,0.0,0.0,0.0
2026-05-11,6894,衛司特,367.0,367.0,335.0,339.5,320,106,-83,0,-1,1.86,98.13,100.0
2026-05-11,6895,宏碩系統,162.5,167.5,162.5,164.5,102,11,-1,0,0,4.54,95.45,100.0
2026-05-11,6898,程曦資訊,108.65,109.5,105.5,109.5,23,0,0,0,0,0.0,0.0,0.0
2026-05-11,6899,創為精密,53.5,54.0,53.3,54.0,15,0,-1,0,-1,5.17,94.82,100.0
2026-05-11,6901,鑽石投資,13.7,14.3,13.65,14.05,4398,1798,-125,0,23,0.54,99.45,100.0
2026-05-11,6902,GOGOLOOK-創,100.5,102.5,100.5,102.5,113,7,20,0,-1,3.44,96.54,100.0
2026-05-11,6902,GOGOLOOK,100.5,102.5,100.5,102.5,113,7,20,0,-1,3.44,96.54,100.0
2026-05-11,6903,巨漢,419.0,420.0,400.5,405.0,1625,473,-461,0,-10,4.36,95.63,100.0
2026-05-11,6904,伯鑫,113.0,116.0,112.0,116.0,8,2,-1,0,0,0.07,99.92,100.0
2026-05-11,6906,現觀科,72.7,72.7,67.7,69.9,905,243,-318,0,-10,8.69,91.3,100.0
2026-05-11,6907,雅特力-KY,131.0,138.5,129.5,133.0,1808,742,-2,0,0,52.08,47.91,100.0
2026-05-11,6908,宏碁遊戲-創,39.15,40.0,39.15,39.45,22,0,3,0,0,0.54,99.45,100.0
2026-05-11,6909,創控,56.3,56.8,55.1,56.3,878,226,111,0,0,7.9,92.09,100.0
2026-05-11,6910,德鴻,28.75,28.75,28.3,28.4,82,0,-12,0,0,4.81,95.18,100.0
2026-05-11,6911,群運,32.59,32.25,31.95,32.05,47,0,-1,0,0,0.0,0.0,0.0
2026-05-11,6912,益鈞環科*,17.2,17.8,17.0,17.1,260,0,0,0,0,0.0,0.0,0.0
2026-05-11,6913,鴻呈,129.5,133.0,127.5,130.5,193,52,-7,0,4,2.0,97.99,100.0
2026-05-11,6914,阜爾運通,145.0,146.5,144.5,146.0,79,5,10,0,-3,2.38,97.61,100.0
2026-05-11,6915,美強光,78.36,78.0,73.1,77.7,175,0,-4,0,0,0.0,0.0,0.0
2026-05-11,6916,華凌,18.6,18.65,18.35,18.55,34,4,8,0,-9,0.55,99.44,100.0
2026-05-11,6917,竟天,37.55,40.0,37.35,37.65,691,0,-5,0,0,0.0,0.0,0.0
2026-05-11,6918,愛派司,79.5,80.0,76.6,79.2,171,28,51,0,-2,1.08,98.91,100.0
2026-05-11,6919,康霈*,103.5,104.0,100.5,103.0,3811,1608,-316,0,21,12.82,87.17,100.0
2026-05-11,6920,恆勁科技,106.39,108.0,99.1,99.9,5088,0,-43,0,0,0.0,0.0,0.0
2026-05-11,6921,嘉雨思-創,89.5,89.5,82.0,82.4,162,0,-33,0,0,29.97,70.02,100.0
2026-05-11,6922,宸曜,177.5,181.5,176.0,179.0,100,27,12,0,8,1.09,98.9,100.0
2026-05-11,6923,中台,83.0,83.0,80.6,80.9,192,29,-83,0,-2,1.32,98.67,100.0
2026-05-11,6924,榮惠-KY創,102.5,103.0,98.1,103.0,282,0,15,0,5,77.87,22.12,100.0
2026-05-11,6925,意藍,63.2,64.6,63.2,63.9,66,10,-7,0,0,4.0,95.99,100.0
2026-05-11,6926,聖安生醫,65.07,66.2,63.0,65.5,30,0,0,0,0,0.0,0.0,0.0
2026-05-11,6927,聯合聚晶,51.29,52.7,49.8,50.9,140,0,-3,0,0,0.0,0.0,0.0
2026-05-11,6928,攸泰科技,48.55,49.4,48.2,48.5,153,30,-5,0,0,0.62,99.37,100.0
2026-05-11,6929,佑全,24.2,24.8,23.65,24.8,19,0,2,0,0,0.01,99.98,100.0
2026-05-11,6931,青松健康,43.85,43.85,42.5,42.5,145,28,-9,0,-2,0.52,99.47,100.0
2026-05-11,6932,水星生醫*,7.76,7.99,7.4,7.57,536,0,0,0,0,0.0,0.0,0.0
2026-05-11,6933,AMAX-KY,166.5,167.0,162.0,163.0,169,27,39,0,0,31.15,68.84,100.0
2026-05-11,6934,心誠鎂,78.1,79.7,75.9,78.0,100,0,-5,0,-1,12.43,87.56,100.0
2026-05-11,6935,王子製藥,30.41,31.4,29.45,31.4,12,0,0,0,0,0.0,0.0,0.0
2026-05-11,6936,永鴻生技,34.25,34.45,34.05,34.2,50,2,0,0,0,0.6,99.39,100.0
2026-05-11,6937,天虹,302.0,303.0,291.5,295.5,935,302,-114,0,-21,2.57,97.42,100.0
2026-05-11,6938,藍新資訊,107.17,117.0,111.0,111.0,128,0,0,0,0,0.0,0.0,0.0
2026-05-11,6939,啟弘生技,24.03,23.1,23.0,23.1,6,0,0,0,0,0.0,0.0,0.0
2026-05-11,6940,格斯科技*,21.32,24.45,21.15,23.2,2416,0,86,0,0,0.0,0.0,0.0
2026-05-11,6944,兆聯實業,957.0,962.0,918.0,923.0,1457,249,-657,-9,-31,13.53,86.46,100.0
2026-05-11,6945,圓祥生技,172.13,173.0,167.5,172.0,496,0,0,0,0,0.0,0.0,0.0
2026-05-11,6946,三地能源,12.98,13.4,12.6,12.65,131,0,0,0,0,0.0,0.0,0.0
2026-05-11,6947,台鎔科技,78.96,79.3,77.3,78.1,287,0,-2,0,0,0.0,0.0,0.0
2026-05-11,6949,沛爾生醫-創,685.0,695.0,665.0,687.0,144,55,-25,0,-1,2.33,97.66,100.0
2026-05-11,6951,青新-創,81.6,82.6,81.4,81.8,53,14,-9,0,-4,2.17,97.82,100.0
2026-05-11,6952,大武山,37.15,38.4,37.05,37.05,34,10,-2,0,0,0.38,99.61,100.0
2026-05-11,6953,家碩,269.5,283.5,269.5,281.0,252,76,61,0,2,1.66,98.33,100.0
2026-05-11,6955,邦睿生技-創,159.0,159.5,158.5,158.5,6,0,0,0,-1,17.73,82.26,100.0
2026-05-11,6957,裕慶-KY,158.0,159.0,155.0,159.0,156,18,-98,0,-1,6.43,93.56,100.0
2026-05-11,6958,日盛台駿,19.05,19.25,18.95,19.0,72,11,9,0,-5,0.45,99.54,100.0
2026-05-11,6959,兆捷科技,125.31,127.5,118.5,120.0,690,0,0,0,0,0.0,0.0,0.0
2026-05-11,6961,旅天下,60.9,61.3,59.3,60.0,117,0,2,0,0,0.5,99.49,100.0
2026-05-11,6962,奕力-KY,38.9,38.9,37.05,38.1,6272,2430,-929,6,60,42.19,57.8,100.0
2026-05-11,6963,品元,27.2,27.2,27.2,27.2,1,0,0,0,0,0.0,0.0,0.0
2026-05-11,6965,中傑-KY,84.7,85.7,84.7,85.2,43,4,-9,0,0,77.32,22.67,100.0
2026-05-11,6967,汎瑋材料,77.8,79.0,76.0,76.0,255,119,-5,0,0,2.67,97.32,100.0
2026-05-11,6968,萬達寵物,42.75,45.4,42.75,44.3,185,9,43,0,0,1.14,98.85,100.0
2026-05-11,6969,成信實業*-創,29.0,29.15,28.3,28.5,70,0,15,0,-5,0.51,99.48,100.0
2026-05-11,6971,惠民實業,28.9,29.25,28.85,28.85,45,0,-2,0,0,0.26,99.73,100.0
2026-05-11,6972,博瑞達應材,24.48,25.0,23.3,23.65,15,0,0,0,0,0.0,0.0,0.0
2026-05-11,6973,永立榮,35.12,35.2,34.8,34.95,43,0,0,0,0,0.0,0.0,0.0
2026-05-11,6976,育世博-KY,12.73,13.05,12.6,13.05,2299,0,0,0,0,0.0,0.0,0.0
2026-05-11,6977,聯純,364.18,366.5,345.5,353.5,153,0,5,0,0,0.0,0.0,0.0
2026-05-11,6979,勝釩,263.79,275.0,235.0,257.5,137,0,0,0,0,0.0,0.0,0.0
2026-05-11,6980,鐳洋科技,179.09,198.0,178.0,183.0,279,0,-1,0,0,0.0,0.0,0.0
2026-05-11,6982,大井泵浦,52.6,53.5,52.3,53.1,63,8,9,0,0,1.41,98.58,100.0
2026-05-11,6983,華洋精機,392.55,404.0,372.0,393.0,100,0,0,0,0,0.0,0.0,0.0
2026-05-11,6984,ACpay,20.11,20.25,20.25,20.25,1,0,0,0,0,0.0,0.0,0.0
2026-05-11,6986,和迅,62.09,62.0,60.8,61.0,136,0,-15,0,0,0.0,0.0,0.0
2026-05-11,6987,寶晶能源*,19.98,20.15,19.9,20.05,68,0,0,0,0,0.0,0.0,0.0
2026-05-11,6988,威力暘-創,15.0,15.25,14.5,14.9,92,0,-2,0,-20,3.81,96.18,100.0
2026-05-11,6990,華鉬,68.39,88.9,71.5,88.9,403,0,17,0,0,0.0,0.0,0.0
2026-05-11,6994,富威電力,65.2,65.2,64.0,64.3,261,66,33,0,-4,1.24,98.75,100.0
2026-05-11,6995,野獸國,48.3,48.55,47.3,48.0,15,0,0,0,0,0.0,0.0,0.0
2026-05-11,6996,力領科技,186.5,187.5,181.5,183.0,140,35,19,0,-15,3.12,96.87,100.0
2026-05-11,6997,博弘,70.9,75.5,70.9,75.1,23,0,2,0,0,20.13,79.86,100.0
2026-05-11,6999,瀚醫生技,31.29,31.45,30.0,30.5,3,0,0,0,0,0.0,0.0,0.0
2026-05-11,7402,邑錡,121.5,121.5,113.0,114.5,1043,248,-16,0,-17,10.63,89.36,100.0
2026-05-11,7419,達勝,125.91,165.0,123.5,157.5,1878,0,33,0,0,0.0,0.0,0.0
2026-05-11,7427,華上生醫,39.2,40.75,38.5,40.45,286,0,17,0,0,0.0,0.0,0.0
2026-05-11,7443,凡事康,10.4,10.5,10.2,10.5,11,0,0,0,0,0.0,0.0,0.0
2026-05-11,7455,樺緯物聯,63.21,65.0,63.2,65.0,3,0,0,0,0,0.0,0.0,0.0
2026-05-11,7507,環拓科技,24.46,25.65,23.9,24.5,35,0,-6,0,0,0.0,0.0,0.0
2026-05-11,7516,清淨海,8.93,9.2,8.8,9.15,87,0,0,0,0,0.0,0.0,0.0
2026-05-11,7530,鋒魁科技,46.28,45.9,44.85,45.3,466,0,1,0,0,0.0,0.0,0.0
2026-05-11,7547,碩網,69.1,73.0,69.1,71.2,121,39,3,0,0,24.14,75.85,100.0
2026-05-11,7551,知識科技,13.52,14.05,13.25,14.05,66,0,0,0,0,0.0,0.0,0.0
2026-05-11,7556,意德士,259.0,276.5,259.0,270.0,183,58,7,0,7,3.33,96.66,100.0
2026-05-11,7558,群利科技,26.73,27.2,26.5,26.6,105,0,0,0,0,0.0,0.0,0.0
2026-05-11,7561,光晟生技,19.75,20.5,18.9,19.3,58,0,0,0,0,0.0,0.0,0.0
2026-05-11,7562,博來科技,55.93,56.2,55.0,55.0,28,0,0,0,0,0.0,0.0,0.0
2026-05-11,7566,亞果遊艇,12.83,13.55,12.85,13.05,379,0,-7,0,0,0.0,0.0,0.0
2026-05-11,7575,安美得,20.51,20.8,20.65,20.8,22,0,0,0,0,0.0,0.0,0.0
2026-05-11,7578,利百景,33.41,34.0,32.95,33.35,68,0,0,0,0,0.0,0.0,0.0
2026-05-11,7583,國際海洋,65.34,67.8,66.0,67.0,5,0,1,0,0,0.0,0.0,0.0
2026-05-11,7584,樂意,33.25,33.75,32.8,32.8,5,0,-1,0,0,14.13,85.86,100.0
2026-05-11,7590,怡和國際,26.68,28.1,25.6,27.5,694,0,25,0,0,0.0,0.0,0.0
2026-05-11,7595,世基生醫,9.71,10.2,9.55,9.8,48,0,0,0,0,0.0,0.0,0.0
2026-05-11,7607,通用幹細胞*,14.67,15.05,14.45,15.05,18,0,1,0,0,0.0,0.0,0.0
2026-05-11,7610,聯友金屬-創,786.0,835.0,760.0,830.0,787,0,-54,0,1,16.37,83.62,100.0
2026-05-11,7631,聚賢研發-創,123.5,131.5,122.0,128.5,107,0,36,0,-7,0.79,99.2,100.0
2026-05-11,7642,昶瑞機電,73.5,73.5,70.2,72.0,47,12,-6,0,0,0.38,99.61,100.0
2026-05-11,7669,碩正科技,788.2,804.0,771.0,773.0,188,0,-39,0,0,0.0,0.0,0.0
2026-05-11,7689,大鵬科CLMX,235.0,258.5,242.5,258.0,77,0,0,0,0,0.0,0.0,0.0
2026-05-11,7702,前端風電,18.55,22.6,18.35,22.55,71,0,3,0,0,0.0,0.0,0.0
2026-05-11,7703,銳澤,209.5,211.0,207.5,210.5,122,24,-2,0,0,1.49,98.5,100.0
2026-05-11,7704,明遠精密,60.0,60.0,57.9,58.3,125,13,19,0,0,0.74,99.25,100.0
2026-05-11,7705,三商餐飲,32.3,32.3,31.2,31.4,225,19,-49,0,0,1.48,98.51,100.0
2026-05-11,7706,宏碁創達,41.44,43.0,41.0,43.0,4,0,0,0,0,0.0,0.0,0.0
2026-05-11,7707,益芯科,171.71,177.0,168.0,175.0,134,0,0,0,0,0.0,0.0,0.0
2026-05-11,7708,全家餐飲,92.5,92.5,92.1,92.2,15,0,0,0,0,0.1,99.89,100.0
2026-05-11,7709,榮田,88.6,88.6,81.9,82.8,626,212,-217,0,-7,1.29,98.7,100.0
2026-05-11,7710,東擎科技,268.22,272.0,260.0,266.0,9,0,0,0,0,0.0,0.0,0.0
2026-05-11,7711,永擎,420.5,420.5,420.5,420.5,272,0,13,0,-27,1.55,98.44,100.0
2026-05-11,7712,博盛半導體,147.5,147.5,147.5,147.5,371,1,-29,0,128,2.74,97.25,100.0
2026-05-11,7713,威力德生醫,0.0,0.0,0.0,0.0,0,0,0,0,0,0.08,99.91,100.0
2026-05-11,7714,創泓科技,131.5,131.5,129.0,129.5,96,16,-25,0,0,0.84,99.15,100.0
2026-05-11,7715,裕山,28.5,28.6,28.2,28.5,71,5,2,0,0,0.95,99.04,100.0
2026-05-11,7716,昱臺國際,25.35,25.35,24.6,25.1,12,0,0,0,0,0.03,99.96,100.0
2026-05-11,7717,萊德光電-KY,681.0,700.0,676.0,676.0,544,270,-73,0,0,16.47,83.52,100.0
2026-05-11,7718,友鋮,48.5,48.5,47.8,47.8,3,0,0,0,0,0.78,99.21,100.0
2026-05-11,7719,碳基,45.84,45.6,38.15,40.35,1089,0,-14,0,0,0.0,0.0,0.0
2026-05-11,7721,微程式,74.2,79.3,72.0,79.3,854,191,56,0,3,1.52,98.47,100.0
2026-05-11,7722,LINEPAY,278.5,278.5,275.0,277.0,116,25,-11,0,0,59.54,40.45,100.0
2026-05-11,7723,築間,28.1,28.15,27.2,27.65,171,28,-10,0,0,0.36,99.63,100.0
2026-05-11,7724,諾亞克,24.42,24.8,23.85,24.0,17,0,0,0,0,0.0,0.0,0.0
2026-05-11,7725,列特博,22.03,22.8,22.8,22.8,0,0,0,0,0,0.0,0.0,0.0
2026-05-11,7726,暄達,32.39,32.95,32.25,32.95,1,0,0,0,0,0.0,0.0,0.0
2026-05-11,7728,光焱科技,808.0,808.0,775.0,781.0,186,58,-40,0,0,2.23,97.76,100.0
2026-05-11,7729,仲恩生醫,75.29,76.4,71.4,74.1,461,0,0,0,0,0.0,0.0,0.0
2026-05-11,7730,暉盛-創,168.0,182.0,168.0,181.0,121,0,11,0,-20,2.32,97.67,100.0
2026-05-11,7731,火星生技*,6.12,6.55,5.88,6.12,2888,0,6,0,0,0.0,0.0,0.0
2026-05-11,7732,金興精密,35.85,35.85,35.25,35.8,4,1,1,0,0,0.43,99.56,100.0
2026-05-11,7734,印能科技,3480.0,3860.0,3480.0,3800.0,64,0,0,0,10,4.13,95.86,100.0
2026-05-11,7736,虎山,74.2,76.5,74.2,75.2,55,27,7,0,-3,1.11,98.88,100.0
2026-05-11,7737,凱鈿,44.64,45.35,43.6,45.3,12,0,0,0,0,0.0,0.0,0.0
2026-05-11,7738,東聯互動,175.5,178.5,175.5,178.5,20,0,2,0,0,0.33,99.66,100.0
2026-05-11,7740,熙特爾-創,171.5,173.0,166.5,171.0,208,50,11,0,0,4.88,95.11,100.0
2026-05-11,7742,天弘化,183.5,205.0,183.5,185.0,1372,0,0,0,0,0.0,0.0,0.0
2026-05-11,7743,金利食安,20.05,20.05,19.4,20.0,17,0,0,0,0,2.88,97.11,100.0
2026-05-11,7744,崴寶,585.0,585.0,548.0,553.0,215,57,-80,0,1,27.98,72.01,100.0
2026-05-11,7745,紅陽,18.63,18.5,18.5,18.5,5,0,0,0,0,0.0,0.0,0.0
2026-05-11,7747,昕奇雲端,128.5,131.0,127.0,131.0,8,0,1,0,0,0.73,99.26,100.0
2026-05-11,7748,鑫囍創業,21.43,21.5,21.3,21.4,14,0,0,0,0,0.0,0.0,0.0
2026-05-11,7749,意騰-KY,530.0,560.0,518.0,535.0,2367,1157,-167,2,36,23.98,76.01,100.0
2026-05-11,7750,新代,2790.0,2795.0,2790.0,2795.0,254,27,63,0,8,15.37,84.62,100.0
2026-05-11,7751,竑騰,2000.0,2015.0,1750.0,1750.0,577,0,-137,-51,72,3.87,96.12,100.0
2026-05-11,7752,世紀樺欣,35.67,37.25,36.35,37.1,118,0,0,0,0,0.0,0.0,0.0
2026-05-11,7753,星亞,43.0,43.0,42.0,42.6,24,4,1,0,0,0.18,99.81,100.0
2026-05-11,7754,安基生技,60.2,62.0,59.8,61.5,791,0,-87,0,0,0.0,0.0,0.0
2026-05-11,7756,多那之,41.85,42.9,40.85,42.9,2,0,0,0,0,0.0,0.0,0.0
2026-05-11,7757,金色三麥,105.5,106.5,104.0,104.5,61,0,-2,0,0,19.5,80.49,100.0
2026-05-11,7758,睿騰能源,46.37,50.5,46.55,48.45,81,0,0,0,0,0.0,0.0,0.0
2026-05-11,7759,視航生醫,37.69,39.8,36.5,37.7,16,0,0,0,0,0.0,0.0,0.0
2026-05-11,7760,享溫馨,34.5,34.5,34.2,34.3,125,0,11,0,-10,0.1,99.89,100.0
2026-05-11,7761,三大未來,40.31,40.4,38.85,39.55,225,0,0,0,0,0.0,0.0,0.0
2026-05-11,7762,吉晟生,47.16,47.7,47.15,47.7,29,0,0,0,0,0.0,0.0,0.0
2026-05-11,7763,崇舜,263.25,263.0,246.5,254.0,399,0,0,0,0,0.0,0.0,0.0
2026-05-11,7764,聖州,14.08,14.45,13.4,13.75,82,0,0,0,0,0.0,0.0,0.0
2026-05-11,7765,中華資安,247.5,255.0,245.0,249.5,201,23,48,0,-5,0.5,99.49,100.0
2026-05-11,7767,仁大資訊,44.9,44.9,44.2,44.2,46,0,3,0,0,0.11,99.88,100.0
2026-05-11,7768,頌勝科技,350.0,365.0,330.0,354.0,733,0,-69,0,0,1.26,98.73,100.0
2026-05-11,7769,鴻勁,6000.0,6380.0,5805.0,6380.0,1484,379,-111,77,39,20.09,79.9,100.0
2026-05-11,7770,君曜,47.2,47.5,43.85,47.5,27,0,-2,0,-2,0.22,99.77,100.0
2026-05-11,7771,綠基,58.99,62.0,58.3,60.5,16,0,0,0,0,0.0,0.0,0.0
2026-05-11,7772,耀穎,198.5,209.0,186.0,186.5,948,0,81,0,0,0.41,99.58,100.0
2026-05-11,7773,富禾生醫,28.01,28.1,27.9,28.1,44,0,0,0,0,0.0,0.0,0.0
2026-05-11,7776,奧孟亞,27.08,27.3,25.8,27.1,120,0,0,0,0,0.0,0.0,0.0
2026-05-11,7777,能率亞洲,29.3,29.3,28.75,28.75,781,110,19,0,9,0.28,99.71,100.0
2026-05-11,7779,鍇睿國際,15.05,15.3,15.0,15.05,24,0,0,0,0,0.0,0.0,0.0
2026-05-11,7780,大研生醫*,19.0,19.0,18.45,18.5,2098,194,-348,0,-3,0.58,99.41,100.0
2026-05-11,7781,昕力資*,29.72,33.6,29.5,31.8,6145,0,0,0,0,0.0,0.0,0.0
2026-05-11,7782,光速火箭,27.4,27.4,27.0,27.05,34,0,9,0,0,0.31,99.68,100.0
2026-05-11,7783,佳運,95.93,107.0,99.7,104.0,71,0,0,0,0,0.0,0.0,0.0
2026-05-11,7784,安邦生技*,10.97,11.45,10.0,10.45,774,0,0,0,0,0.0,0.0,0.0
2026-05-11,7785,北祥科服,37.0,37.0,37.0,37.0,2,0,0,0,0,0.0,0.0,0.0
2026-05-11,7786,東方風能,142.0,142.0,138.0,139.5,183,0,-51,0,0,1.37,98.62,100.0
2026-05-11,7788,松川精密,178.0,185.0,173.0,182.5,725,243,-12,0,34,5.36,94.63,100.0
2026-05-11,7789,開展,35.18,35.25,33.5,33.55,4,0,0,0,0,0.0,0.0,0.0
2026-05-11,7790,思必瑞特,48.04,48.75,44.9,47.3,27,0,0,0,0,0.0,0.0,0.0
2026-05-11,7791,皇家可口,64.4,64.4,62.7,63.7,67,6,-9,0,0,0.57,99.42,100.0
2026-05-11,7792,安葆,320.0,327.5,316.0,316.0,344,50,-96,0,75,18.62,81.37,100.0
2026-05-11,7794,宏碁智新,31.0,31.0,30.45,30.6,139,0,0,0,-10,1.35,98.64,100.0
2026-05-11,7795,長廣,370.0,379.5,361.5,364.0,578,0,164,0,0,6.71,93.28,100.0
2026-05-11,7796,擷發科,117.41,118.5,109.5,111.0,230,0,0,0,0,0.0,0.0,0.0
2026-05-11,7797,Q Burger,57.58,59.8,57.0,59.0,2,0,0,0,0,0.0,0.0,0.0
2026-05-11,7798,將捷,14.89,14.75,14.5,14.65,68,0,0,0,0,0.0,0.0,0.0
2026-05-11,7799,禾榮科,341.5,349.0,332.5,334.5,372,78,-26,0,0,4.03,95.96,100.0
2026-05-11,7801,華芸科技,165.46,163.0,145.0,149.5,241,0,0,0,0,0.0,0.0,0.0
2026-05-11,7803,雲象科技-創,30.98,32.6,29.5,30.2,518,0,0,0,0,0.0,0.0,0.0
2026-05-11,7805,威聯通,736.0,758.0,725.0,732.0,266,88,21,0,2,9.17,90.82,100.0
2026-05-11,7806,精華生醫,70.1,70.9,69.0,70.4,7,0,0,0,0,0.0,0.0,0.0
2026-05-11,7808,訊聯智藥,39.73,41.0,39.85,41.0,13,0,0,0,0,0.0,0.0,0.0
2026-05-11,7810,捷創科技,222.5,233.0,222.5,233.0,286,87,9,0,3,0.79,99.2,100.0
2026-05-11,7811,民盛,81.1,81.3,80.0,80.9,35,0,-4,0,-1,0.35,99.64,100.0
2026-05-11,7812,稜研科技*,84.45,84.7,78.1,82.1,240,0,0,0,0,0.0,0.0,0.0
2026-05-11,7813,宇辰系統,150.89,155.5,146.5,153.0,138,0,1,0,0,0.0,0.0,0.0
2026-05-11,7814,海昌生技,42.12,44.3,42.4,43.5,232,0,0,0,0,0.0,0.0,0.0
2026-05-11,7815,新特,437.6,505.0,440.0,499.5,431,0,0,0,0,0.0,0.0,0.0
2026-05-11,7816,來穎,66.9,68.8,66.3,66.8,66,0,7,0,0,0.0,0.0,0.0
2026-05-11,7818,溢泰實業,100.88,101.0,91.5,92.3,266,0,-20,0,0,0.0,0.0,0.0
2026-05-11,7819,精誠金融,67.62,71.0,66.5,68.0,91,0,0,0,0,0.0,0.0,0.0
2026-05-11,7820,立盈,155.0,155.0,147.5,150.0,314,0,29,0,0,0.12,99.87,100.0
2026-05-11,7821,神數,45.4,45.4,44.5,44.85,226,0,34,0,-1,0.29,99.7,100.0
2026-05-11,7822,倍利科,1280.0,1305.0,1275.0,1295.0,178,0,38,0,-1,0.55,99.44,100.0
2026-05-11,7823,奧義賽博-KY創,89.9,90.7,88.9,89.0,46,0,2,0,0,25.73,74.26,100.0
2026-05-11,7824,智寶,44.08,44.0,44.0,44.0,2,0,0,0,0,0.0,0.0,0.0
2026-05-11,7825,和亞智慧,114.47,117.0,93.0,100.0,728,0,0,0,0,0.0,0.0,0.0
2026-05-11,7826,極風雲創,46.57,48.0,47.9,48.0,5,0,0,0,0,0.0,0.0,0.0
2026-05-11,7827,漢康-KY創,135.25,148.0,135.0,142.0,855,0,10,0,0,0.0,0.0,0.0
2026-05-11,7828,創新服務,1205.0,1225.0,1205.0,1225.0,129,0,22,0,7,21.9,78.09,100.0
2026-05-11,7829,思捷優達-KY,43.15,43.5,41.85,42.0,105,0,0,0,0,0.0,0.0,0.0
2026-05-11,7831,捷博,37.1,0.0,0.0,0.0,0,0,0,0,0,0.0,0.0,0.0
2026-05-11,7832,智新生技*,12.74,13.05,12.75,13.0,216,0,0,0,0,0.0,0.0,0.0
2026-05-11,7833,綠岩能源,29.34,30.45,28.65,30.1,102,0,5,0,0,0.0,0.0,0.0
2026-05-11,7834,來毅數位,19.64,20.0,19.3,19.3,2,0,0,0,0,0.0,0.0,0.0
2026-05-11,7836,智生活,52.07,52.4,51.4,52.0,43,0,0,0,0,0.0,0.0,0.0
2026-05-11,7837,啟新生,105.61,106.5,105.5,105.5,2,0,0,0,0,0.0,0.0,0.0
2026-05-11,7839,達人網,62.0,62.0,62.0,62.0,3,0,0,0,0,0.0,0.0,0.0
2026-05-11,7840,祥圃,37.45,37.5,37.5,37.5,5,0,0,0,0,0.0,0.0,0.0
2026-05-11,7841,經貿聯網,29.91,30.3,29.9,30.0,31,0,0,0,0,0.0,0.0,0.0
2026-05-11,7842,天能綠電,119.0,127.5,108.0,125.5,611,0,0,0,0,0.0,99.99,100.0
2026-05-11,7843,英柏得,118.15,145.0,122.0,143.0,684,0,1,0,0,0.0,0.0,0.0
2026-05-11,7846,德揚,91.31,91.9,89.3,90.7,24,0,0,0,0,0.0,0.0,0.0
2026-05-11,7847,豊漁,22.1,22.6,21.9,22.6,49,0,0,0,0,0.0,0.0,0.0
2026-05-11,7848,騏億鑫,472.27,500.0,474.0,482.0,90,0,0,0,0,0.0,0.0,0.0
2026-05-11,7849,旭誼,141.26,143.5,143.5,143.5,0,0,0,0,0,0.0,0.0,0.0
2026-05-11,7850,寶泰生醫,19.53,20.1,18.85,19.2,231,0,15,0,0,0.0,0.0,0.0
2026-05-11,7851,慧康生技*-KY,39.25,39.6,38.9,39.5,91,0,0,0,0,0.0,0.0,0.0
2026-05-11,7853,政美應用,323.98,349.5,288.0,349.0,2228,0,-297,0,0,0.0,0.0,0.0
2026-05-11,7854,佐茂,120.78,130.5,102.5,117.5,600,0,-1,0,0,0.0,0.0,0.0
2026-05-11,7855,和運租車,102.5,99.4,99.4,99.4,0,0,0,0,0,0.0,0.0,0.0
2026-05-11,7856,漢測,3270.2,3300.0,3100.0,3300.0,163,0,8,0,0,0.0,0.0,0.0
2026-05-11,7857,合水先進,51.39,52.9,50.5,52.9,19,0,0,0,0,0.0,0.0,0.0
2026-05-11,7858,芝普,240.7,251.0,239.5,246.5,127,0,0,0,0,0.0,0.0,0.0
2026-05-11,7860,得生製藥,58.54,61.4,61.4,61.4,0,0,0,0,0,0.0,0.0,0.0
2026-05-11,7861,貝爾威勒,884.0,956.0,890.0,929.0,204,0,-3,0,0,0.0,0.0,0.0
2026-05-11,7862,聚泰,38.71,38.8,36.95,38.05,4,0,0,0,0,0.0,0.0,0.0
2026-05-11,7863,中科物流,45.6,47.35,47.35,47.35,0,0,0,0,0,0.0,0.0,0.0
2026-05-11,7865,金聯成,45.64,45.95,42.8,45.0,17,0,0,0,0,0.0,0.0,0.0
2026-05-11,7866,丹立,275.25,296.0,279.0,288.0,793,0,0,0,0,0.0,0.0,0.0
2026-05-11,7867,特力屋,55.14,55.4,54.0,55.2,22,0,0,0,0,0.0,0.0,0.0
2026-05-11,7868,聖育,97.35,110.0,92.3,96.7,533,0,0,0,0,0.0,0.0,0.0
2026-05-11,7869,宏于電機,398.25,410.0,395.5,410.0,1,0,0,0,0,0.0,0.0,0.0
2026-05-11,7870,聯剛科技,169.16,174.5,168.0,174.5,0,0,0,0,0,0.0,0.0,0.0
2026-05-11,7871,安立璽榮-KY,70.1,73.0,69.7,70.2,686,0,0,0,0,0.0,0.0,0.0
2026-05-11,7872,登豐,61.63,65.2,61.5,63.9,129,0,0,0,0,0.0,0.0,0.0
2026-05-11,7875,安圖斯,137.98,137.5,135.0,137.5,4,0,0,0,0,0.0,0.0,0.0
2026-05-11,7876,鼎晉生技,37.02,37.15,36.2,37.15,81,0,0,0,0,0.0,0.0,0.0
2026-05-11,7877,海利普,40.15,41.85,39.85,41.85,42,0,0,0,0,0.0,0.0,0.0
2026-05-11,7878,藥祇,289.26,294.5,286.0,287.5,140,0,0,0,0,0.0,0.0,0.0
2026-05-11,7879,益材科技,122.18,124.0,117.5,117.5,395,0,0,0,0,0.0,0.0,0.0
2026-05-11,7880,聖凰,206.18,209.5,206.0,207.0,97,0,0,0,0,0.0,0.0,0.0
2026-05-11,7881,科明,102.19,102.0,99.6,100.5,17,0,0,0,0,0.0,0.0,0.0
2026-05-11,7882,倍利創投,22.33,23.1,22.4,23.1,390,0,0,0,0,0.0,0.0,0.0
2026-05-11,7883,饗賓,278.23,292.0,275.5,292.0,46,0,0,0,0,0.0,0.0,0.0
2026-05-11,7885,宏羚,23.45,23.45,23.0,23.0,4,0,0,0,0,0.0,0.0,0.0
2026-05-11,7886,科建,200.97,200.0,196.0,197.0,111,0,0,0,0,0.0,0.0,0.0
2026-05-11,7887,宇川精材,257.15,258.0,241.0,254.0,1301,0,0,0,0,0.0,0.0,0.0
2026-05-11,7888,麗寶新藥,39.77,40.0,38.5,39.5,45,0,0,0,0,0.0,0.0,0.0
2026-05-11,7889,騰勢,90.5,90.4,90.4,90.4,0,0,0,0,0,0.0,0.0,0.0
2026-05-11,7890,明曜科技,119.34,118.5,114.5,116.0,74,0,0,0,0,0.0,0.0,0.0
2026-05-11,7891,博研醫藥,22.45,23.55,21.4,22.8,114,0,0,0,0,0.0,0.0,0.0
2026-05-11,7892,元鈦科,893.92,924.0,872.0,908.0,152,0,0,0,0,0.0,0.0,0.0
2026-05-11,7893,睿信,215.31,212.5,196.0,206.0,200,0,0,0,0,0.0,0.0,0.0
2026-05-11,7895,元進莊,70.13,70.9,70.0,70.9,15,0,0,0,0,0.0,0.0,0.0
2026-05-11,7896,喬越,309.82,321.0,307.0,312.5,23,0,0,0,0,0.0,0.0,0.0
2026-05-11,7897,禾迅綠電,39.7,0.0,0.0,0.0,0,0,0,0,0,0.0,0.0,0.0
2026-05-11,7899,景美,592.18,617.0,599.0,612.0,289,0,0,0,0,0.0,0.0,0.0
2026-05-11,7901,大大寬頻,72.79,74.9,72.4,74.9,2,0,0,0,0,0.0,0.0,0.0
2026-05-11,7902,宇越生醫*,40.47,42.15,40.0,41.2,294,0,0,0,0,0.0,0.0,0.0
2026-05-11,7904,任開數位,24.35,0.0,0.0,0.0,0,0,0,0,0,0.0,0.0,0.0
2026-05-11,7907,錸恩帕斯,320.6,318.0,285.0,298.0,113,0,0,0,0,0.0,0.0,0.0
2026-05-11,7909,鈺祥,912.41,977.0,905.0,934.0,329,0,17,0,0,0.0,0.0,0.0
2026-05-11,7911,阿波羅電力,134.35,145.0,135.0,139.0,474,0,-2,0,0,0.0,0.0,0.0
2026-05-11,7912,新聿科,495.54,531.0,458.0,475.0,257,0,0,0,0,0.0,0.0,0.0
2026-05-11,7915,廌家,700.84,818.0,714.0,799.0,137,0,0,0,0,0.0,0.0,0.0
2026-05-11,7918,創鉅材料,0.0,1025.0,235.0,849.0,2008,0,25,0,0,0.0,0.0,0.0
2026-05-11,8011,台通,19.3,19.5,19.2,19.3,1060,324,10,0,-1,2.79,97.2,100.0
2026-05-11,8016,矽創,273.0,275.5,268.0,268.5,2551,828,483,-78,-49,33.92,66.07,100.0
2026-05-11,8021,尖點,401.0,429.0,393.0,429.0,2029,0,6,0,8,18.55,81.44,100.0
2026-05-11,8024,佑華,12.65,12.65,12.2,12.3,104,0,4,0,0,2.35,97.64,100.0
2026-05-11,8027,鈦昇,210.0,223.0,205.5,223.0,4324,0,708,0,4,19.12,80.87,100.0
2026-05-11,8028,昇陽半導體,227.5,236.0,226.0,234.0,6507,3065,561,0,148,21.33,78.66,100.0
2026-05-11,8032,光菱,40.3,41.95,40.25,41.95,200,40,44,0,-27,1.15,98.84,100.0
2026-05-11,8033,雷虎,146.5,147.5,143.5,144.0,11105,1629,-4215,0,-55,6.49,93.5,100.0
2026-05-11,8034,榮群,25.55,26.35,25.0,25.4,1872,961,-152,0,0,9.94,90.05,100.0
2026-05-11,8038,長園科,43.0,44.4,42.5,42.85,531,0,-35,0,0,0.39,99.6,100.0
2026-05-11,8039,台虹,133.0,137.0,130.0,135.5,7031,3564,-200,0,99,13.83,86.16,100.0
2026-05-11,8040,九暘,77.0,80.2,76.1,78.0,1605,726,-21,0,1,1.86,98.13,100.0
2026-05-11,8042,金山電,83.8,89.3,82.6,88.9,3779,0,112,0,73,16.12,83.87,100.0
2026-05-11,8043,蜜望實,88.4,88.4,82.0,84.7,7966,4337,-251,0,-42,5.82,94.17,100.0
2026-05-11,8044,網家,24.2,25.15,24.1,24.3,1091,399,-59,0,2,6.03,93.96,100.0
2026-05-11,8045,達運光電,77.0,77.5,74.2,74.6,412,97,50,0,-6,1.28,98.71,100.0
2026-05-11,8046,南電,857.0,918.0,857.0,908.0,13746,7318,3189,-590,-13,11.74,88.25,100.0
2026-05-11,8047,星雲,54.0,54.0,52.5,53.6,58,0,-20,0,0,0.72,99.27,100.0
2026-05-11,8048,德勝,64.3,64.5,61.0,61.8,552,142,-76,0,-2,14.23,85.76,100.0
2026-05-11,8049,晶采,25.3,25.8,25.3,25.65,263,10,85,0,0,2.69,97.3,100.0
2026-05-11,8050,廣積,44.5,47.75,44.5,47.6,2089,362,343,0,2,3.49,96.5,100.0
2026-05-11,8054,安國,106.5,106.5,102.5,103.5,2760,1001,-36,6,-11,2.04,97.95,100.0
2026-05-11,8058,耐特,113.87,115.5,107.5,112.5,542,0,0,0,0,0.0,0.0,0.0
2026-05-11,8059,凱碩,21.0,21.15,20.55,20.85,428,0,7,0,0,0.79,99.2,100.0
2026-05-11,8064,東捷,105.0,113.5,103.5,113.5,3425,0,-38,0,89,12.43,87.56,100.0
2026-05-11,8066,來思達,17.0,17.0,16.5,16.85,112,11,4,0,0,2.96,97.03,100.0
2026-05-11,8067,志旭,12.55,12.7,12.45,12.45,6,0,0,0,0,8.42,91.57,100.0
2026-05-11,8068,全達,23.3,24.2,23.15,23.5,355,118,-37,0,0,10.03,89.96,100.0
2026-05-11,8069,元太,178.0,178.0,178.0,178.0,5345,0,-692,-16,246,36.89,63.1,100.0
2026-05-11,8070,長華*,48.7,48.8,47.8,48.25,2643,655,977,-331,-4,9.47,90.52,100.0
2026-05-11,8071,能率網通,16.8,17.0,16.65,16.8,179,24,-20,0,0,4.72,95.27,100.0
2026-05-11,8072,陞泰,28.4,28.4,27.5,28.0,343,34,-121,0,0,1.6,98.39,100.0
2026-05-11,8074,鉅橡,83.3,84.4,79.2,83.0,4625,2326,-661,0,-40,7.22,92.77,100.0
2026-05-11,8076,伍豐,24.85,25.0,24.0,24.65,2927,954,342,0,4,6.03,93.96,100.0
2026-05-11,8077,洛碁,40.0,40.0,40.0,40.0,1,0,0,0,0,51.12,48.87,100.0
2026-05-11,8080,永利聯合,29.0,29.0,28.4,28.7,73,0,-1,0,0,0.11,99.88,100.0
2026-05-11,8080,泰霖,29.0,29.0,28.4,28.7,73,0,-1,0,0,0.11,99.88,100.0
2026-05-11,8081,致新,254.5,268.0,252.5,264.0,1483,365,344,3,10,21.67,78.32,100.0
2026-05-11,8083,瑞穎,175.0,176.0,174.0,174.5,104,65,18,0,8,3.73,96.26,100.0
2026-05-11,8084,巨虹,45.35,45.9,44.2,44.7,133,0,-48,0,0,1.1,98.89,100.0
2026-05-11,8085,福華,12.3,12.3,11.85,12.15,561,0,-212,0,0,3.98,96.01,100.0
2026-05-11,8086,宏捷科,163.5,165.0,153.5,162.0,14915,8245,-2977,0,105,29.54,70.45,100.0
2026-05-11,8087,華鎂鑫,35.5,36.3,34.0,34.0,282,118,64,0,0,3.28,96.71,100.0
2026-05-11,8087,麗升能源,35.5,36.3,34.0,34.0,282,118,64,0,0,3.28,96.71,100.0
2026-05-11,8088,品安,55.3,58.0,55.2,56.7,6877,3320,577,0,0,5.03,94.96,100.0
2026-05-11,8089,康全電訊,21.9,21.9,20.8,21.1,443,68,-13,0,0,4.17,95.82,100.0
2026-05-11,8091,翔名,196.0,209.0,195.0,200.0,1940,807,79,0,31,12.42,87.57,100.0
2026-05-11,8092,建暐,17.9,18.05,17.35,17.95,170,47,-1,0,-1,0.53,99.46,100.0
2026-05-11,8093,保銳,19.6,19.9,19.25,19.25,29,0,0,0,0,0.07,99.92,100.0
2026-05-11,8096,擎亞,96.5,104.5,92.0,98.3,24110,14464,926,0,103,24.65,75.34,100.0
2026-05-11,8097,常珵,52.6,52.6,51.9,51.9,46,9,6,0,0,2.29,97.7,100.0
2026-05-11,8098,慶康科技,369.1,439.0,359.5,433.5,321,0,19,0,0,0.0,0.0,0.0
2026-05-11,8099,大世科,63.1,63.1,60.4,61.0,82,8,-16,0,-2,3.45,96.54,100.0
2026-05-11,8101,華冠,12.45,12.6,12.45,12.6,8,0,0,0,0,0.05,99.94,100.0
2026-05-11,8102,傑霖科技,70.8,70.8,68.1,68.1,49,0,1,0,0,0.09,99.9,100.0
2026-05-11,8103,瀚荃,120.0,122.5,115.0,115.5,3439,1228,254,0,-47,26.02,73.97,100.0
2026-05-11,8104,錸寶,34.0,35.3,33.75,34.7,786,241,103,0,-1,1.63,98.36,100.0
2026-05-11,8105,凌巨,13.55,13.75,13.3,13.45,1849,383,-303,0,-18,40.49,59.5,100.0
2026-05-11,8107,大億金茂,12.0,12.0,11.5,11.5,406,50,-22,0,0,0.38,99.61,100.0
2026-05-11,8109,博大,118.0,120.5,117.0,118.0,176,55,15,0,0,5.74,94.25,100.0
2026-05-11,8110,華東,50.3,52.6,50.0,50.7,17995,9264,341,0,5,2.17,97.82,100.0
2026-05-11,8111,立碁,66.5,67.4,64.6,66.2,3029,1138,-300,0,143,12.4,87.59,100.0
2026-05-11,8112,至上,89.6,89.7,84.7,86.8,28614,11100,-12095,-205,-499,24.07,75.92,100.0
2026-05-11,8114,振樺電,209.5,218.0,208.0,218.0,3561,936,-22,0,45,12.97,86.95,100.0
2026-05-11,8119,公信,12.32,12.25,10.5,10.75,1320,0,-4,0,0,0.0,0.0,0.0
2026-05-11,8121,越峰,32.5,33.85,30.5,33.85,3490,0,254,0,1,1.82,98.17,100.0
2026-05-11,8131,福懋科,67.9,69.6,67.1,67.5,7462,3499,604,0,45,3.0,96.99,100.0
2026-05-11,8147,正淩,160.0,169.5,159.5,169.5,1869,318,249,0,-24,16.15,83.84,100.0
2026-05-11,8150,南茂,95.0,97.9,90.3,91.0,51675,28503,-8159,0,-301,48.17,51.82,100.0
2026-05-11,8155,博智,434.0,437.0,418.5,420.0,3829,1140,-998,52,-28,10.26,89.73,100.0
2026-05-11,8162,微矽電子-創,56.7,57.0,54.8,55.0,776,288,-79,0,0,1.18,98.81,100.0
2026-05-11,8163,達方,29.75,30.25,29.15,30.2,2268,564,-246,0,16,6.36,93.63,100.0
2026-05-11,8171,天宇,24.75,25.6,23.85,24.05,743,160,-187,0,0,2.89,97.1,100.0
2026-05-11,8176,智捷,10.45,10.45,10.1,10.25,152,0,2,0,0,0.97,99.02,100.0
2026-05-11,8182,加高,38.8,39.0,36.9,37.4,1651,661,-4,0,-4,51.69,48.3,100.0
2026-05-11,8183,精星,32.8,32.8,31.0,31.7,1258,348,313,0,-43,3.87,96.12,100.0
2026-05-11,8201,無敵,12.6,13.0,12.6,12.75,73,0,0,0,-2,0.74,99.25,100.0
2026-05-11,8210,勤誠,1455.0,1555.0,1455.0,1555.0,3683,1278,305,854,38,12.96,86.98,100.0
2026-05-11,8213,志超,39.0,41.8,39.0,41.8,6809,661,2662,0,17,23.04,76.95,100.0
2026-05-11,8215,明基材,27.2,28.1,27.05,27.8,2891,775,-854,0,-12,1.88,98.11,100.0
2026-05-11,8222,寶一,37.65,37.65,34.85,35.5,833,165,-412,0,1,2.5,97.49,100.0
2026-05-11,8227,巨有科技,221.5,240.0,217.0,226.0,6165,3104,-648,0,-29,4.02,95.97,100.0
2026-05-11,8234,新漢,70.5,72.6,70.2,71.2,961,422,12,0,13,6.25,93.74,100.0
2026-05-11,8240,華宏,67.5,71.1,67.5,70.2,6824,3537,23,0,-3,7.03,92.96,100.0
2026-05-11,8249,菱光,50.0,51.5,49.85,51.0,831,206,108,0,0,1.73,98.26,100.0
2026-05-11,8255,朋程,144.0,151.0,141.5,149.0,1324,410,237,0,-108,12.47,87.52,100.0
2026-05-11,8261,富鼎,127.0,137.5,124.5,135.0,12187,5259,-1653,2,226,4.92,95.07,100.0
2026-05-11,8271,宇瞻,264.0,266.0,247.0,256.0,11446,4625,-2758,0,-238,15.75,84.24,100.0
2026-05-11,8272,全景軟體,69.0,79.8,69.0,78.0,82,0,-49,0,0,0.24,99.75,100.0
2026-05-11,8277,商丞,7.49,7.49,6.9,7.05,215,0,20,0,0,1.88,98.11,100.0
2026-05-11,8279,生展,99.5,99.5,98.2,98.2,13,1,-6,0,0,5.51,94.48,100.0
2026-05-11,8284,三竹,64.4,64.9,63.8,64.1,43,6,1,0,0,0.99,99.0,100.0
2026-05-11,8289,泰藝,48.9,51.3,45.05,49.95,4548,2378,-295,0,0,3.79,96.2,100.0
2026-05-11,8291,尚茂,38.9,38.9,38.9,38.9,115,0,0,0,0,73.43,26.56,100.0
2026-05-11,8298,威睿,50.9,56.8,49.4,53.0,120,0,2,0,0,0.0,0.0,0.0
2026-05-11,8299,群聯,2670.0,2670.0,2670.0,2670.0,1793,6,-113,0,146,39.74,60.25,100.0
2026-05-11,8329,台視,10.52,10.5,10.2,10.5,132,0,0,0,0,0.0,0.0,0.0
2026-05-11,8341,日友,76.1,76.4,75.8,76.1,201,22,31,0,-2,4.23,95.76,100.0
2026-05-11,8342,益張,89.9,90.0,88.0,88.0,5,0,-1,0,0,0.17,99.82,100.0
2026-05-11,8345,超秦,55.34,55.6,54.6,55.6,6,0,0,0,0,0.0,0.0,0.0
2026-05-11,8349,恒耀,45.0,45.0,42.4,42.4,349,38,-166,0,1,1.29,98.7,100.0
2026-05-11,8354,冠好,15.4,15.95,15.2,15.85,53,4,1,0,0,0.75,99.24,100.0
2026-05-11,8358,金居,460.0,488.0,446.0,462.0,29821,17361,2916,-142,-152,37.56,62.43,100.0
2026-05-11,8359,錢櫃,64.53,66.0,64.3,64.9,94,0,0,0,0,0.0,0.0,0.0
2026-05-11,8367,建新國際,42.1,42.15,41.9,41.95,66,4,-7,0,0,1.63,98.36,100.0
2026-05-11,8374,羅昇,88.8,91.7,88.0,89.5,864,448,32,0,16,2.46,97.53,100.0
2026-05-11,8383,千附,57.1,57.5,54.8,56.0,4154,1294,910,0,-8,13.35,86.64,100.0
2026-05-11,8390,金益鼎,100.0,103.5,99.7,103.5,3621,726,1568,0,99,18.79,81.2,100.0
2026-05-11,8401,白紗科,24.25,24.25,24.1,24.2,105,2,8,0,0,0.24,99.75,100.0
2026-05-11,8403,盛弘,21.0,21.05,20.25,20.35,775,96,-28,0,0,1.74,98.25,100.0
2026-05-11,8404,百和興業-KY,17.15,17.3,17.05,17.2,248,58,-31,0,-3,53.01,46.98,100.0
2026-05-11,8409,商之器,20.05,20.05,19.6,19.6,5,0,0,0,0,0.12,99.87,100.0
2026-05-11,8410,森田,36.1,36.65,36.1,36.65,16,2,3,0,0,0.81,99.18,100.0
2026-05-11,8411,福貞-KY,12.2,12.25,12.1,12.25,91,22,10,0,2,53.79,46.2,100.0
2026-05-11,8415,大國鋼,34.45,34.75,34.35,34.55,1187,71,617,2,-579,6.28,93.71,100.0
2026-05-11,8416,實威,174.0,178.5,174.0,175.0,22,0,1,0,0,0.76,99.23,100.0
2026-05-11,8421,旭源,13.8,13.8,13.55,13.75,27,2,5,0,0,0.56,99.43,100.0
2026-05-11,8422,可寧衛,27.75,28.15,27.6,27.95,7448,1201,2382,-375,-5,4.57,95.42,100.0
2026-05-11,8422,可寧衛*,27.75,28.15,27.6,27.95,7448,1201,2382,-375,-5,4.57,95.42,100.0
2026-05-11,8423,保綠-KY,18.05,18.05,17.9,18.0,42,1,0,0,0,24.81,75.18,100.0
2026-05-11,8424,惠普,73.4,74.2,73.4,74.0,13,1,1,0,0,0.51,99.48,100.0
2026-05-11,8426,紅木-KY,22.6,22.8,22.4,22.6,59,14,-1,0,0,67.52,32.47,100.0
2026-05-11,8429,金麗-KY,6.51,6.53,6.41,6.44,380,39,-38,0,-1,30.16,69.83,100.0
2026-05-11,8431,匯鑽科,60.6,61.8,60.1,60.9,752,215,68,0,9,2.58,97.41,100.0
2026-05-11,8432,東生華,50.7,50.9,49.05,49.6,221,31,6,0,0,1.04,98.95,100.0
2026-05-11,8433,弘帆,54.2,54.5,53.9,54.5,100,8,19,0,0,1.45,98.54,100.0
2026-05-11,8435,鉅邁,55.5,56.0,55.5,55.7,52,1,11,0,0,0.57,99.42,100.0
2026-05-11,8436,大江,122.5,123.0,119.0,120.5,921,238,-312,-12,0,14.4,85.59,100.0
2026-05-11,8437,大地-KY,11.7,11.7,11.55,11.55,53,3,1,0,0,24.11,75.88,100.0
2026-05-11,8438,昶昕,97.7,98.7,96.4,98.7,2233,669,651,0,6,4.89,95.1,100.0
2026-05-11,8440,綠電,20.6,20.9,20.2,20.7,153,25,17,0,0,1.5,98.49,100.0
2026-05-11,8442,威宏-KY,50.1,50.4,49.65,50.4,47,6,3,0,0,58.0,41.99,100.0
2026-05-11,8443,阿瘦,11.65,11.75,11.65,11.7,24,0,0,0,-2,3.83,96.16,100.0
2026-05-11,8444,綠河-KY,6.55,7.37,6.55,7.15,70,0,-11,0,0,58.56,41.43,100.0
2026-05-11,8446,華研,83.7,84.5,83.5,84.2,106,9,27,0,0,4.96,95.03,100.0
2026-05-11,8450,霹靂,16.4,16.4,15.8,16.0,90,0,0,0,0,0.62,49.36,49.99
2026-05-11,8454,富邦媒,198.0,200.0,193.0,194.0,927,217,19,16,0,13.15,86.84,100.0
2026-05-11,8455,大拓-KY,26.0,28.5,25.3,27.95,71,0,1,0,0,87.8,12.19,100.0
2026-05-11,8458,影一,15.45,16.2,15.45,15.95,3,0,0,0,0,0.0,0.0,0.0
2026-05-11,8462,柏文,148.0,150.0,147.5,147.5,120,10,25,0,-1,4.19,95.8,100.0
2026-05-11,8463,潤泰材,22.15,22.25,22.1,22.1,80,6,-15,0,-2,0.43,99.56,100.0
2026-05-11,8464,億豐,341.0,342.0,331.0,335.0,848,212,-122,0,-4,41.67,58.32,100.0
2026-05-11,8466,美吉吉-KY,15.55,15.6,15.3,15.5,63,4,5,0,0,50.39,49.6,100.0
2026-05-11,8467,波力-KY,139.5,139.5,132.5,133.0,38,15,-6,0,0,46.51,53.48,100.0
2026-05-11,8472,夠麻吉,68.6,69.8,68.6,69.8,3,0,0,0,0,1.29,98.7,100.0
2026-05-11,8473,山林水,34.6,34.6,34.15,34.2,663,54,-180,0,-2,1.62,98.37,100.0
2026-05-11,8476,台境,17.05,17.15,16.95,17.1,482,37,-83,0,-6,1.25,98.74,100.0
2026-05-11,8476,台境*,17.05,17.15,16.95,17.1,482,37,-83,0,-6,1.25,98.74,100.0
2026-05-11,8477,創業家,13.95,15.0,13.95,15.0,350,0,-2,0,0,0.18,99.81,100.0
2026-05-11,8478,東哥遊艇,169.0,169.0,163.0,163.0,340,27,-176,0,-4,40.06,59.93,100.0
2026-05-11,8481,政伸,40.7,40.8,40.6,40.65,33,3,7,0,0,0.39,99.6,100.0
2026-05-11,8482,商億-KY,50.0,50.0,49.0,49.0,4,2,1,0,0,91.74,8.25,100.0
2026-05-11,8487,愛爾達-創,78.7,78.7,76.9,77.8,104,8,1,0,-2,0.97,49.01,49.99
2026-05-11,8488,吉源-KY,10.1,10.1,9.99,10.0,4,1,0,0,1,69.86,30.13,100.0
2026-05-11,8489,三貝德,24.5,25.1,24.5,25.0,73,5,34,0,0,3.74,96.25,100.0
2026-05-11,8499,鼎炫-KY,286.0,295.0,278.0,279.0,165,51,-47,0,-1,71.64,28.35,100.0
2026-05-11,8905,裕國,37.85,37.85,33.0,33.0,63,22,-2,0,-24,0.48,99.51,100.0
2026-05-11,8906,花王,25.5,25.5,24.6,25.0,145,4,-42,0,0,0.37,99.62,100.0
2026-05-11,8908,欣雄,39.0,39.0,38.5,38.8,294,11,11,0,0,0.28,99.71,100.0
2026-05-11,8916,光隆,47.5,47.55,47.05,47.3,117,5,-18,0,0,3.07,96.92,100.0
2026-05-11,8917,欣泰,53.6,53.6,52.6,52.7,3,1,1,0,1,1.35,98.64,100.0
2026-05-11,8921,沈氏,0.0,0.0,0.0,0.0,0,0,0,0,0,0.18,99.81,100.0
2026-05-11,8923,時報,0.0,0.0,0.0,0.0,0,0,0,0,0,4.14,95.85,100.0
2026-05-11,8924,大田,63.3,64.0,63.0,64.0,270,15,-1,0,40,2.77,97.22,100.0
2026-05-11,8926,台汽電,49.5,52.5,49.3,51.5,9983,2989,-107,0,0,10.09,89.9,100.0
2026-05-11,8927,北基,20.2,20.2,19.9,20.0,529,61,-70,0,0,0.61,99.38,100.0
2026-05-11,8928,鉅明,21.3,21.4,21.05,21.3,59,4,-4,0,0,0.33,99.66,100.0
2026-05-11,8929,富堡,14.5,14.55,14.3,14.35,45,1,0,0,0,0.48,99.51,100.0
2026-05-11,8930,青鋼,29.5,29.5,28.7,28.9,228,21,13,0,0,2.82,97.17,100.0
2026-05-11,8931,大汽電,41.75,41.75,41.4,41.6,82,4,1,0,0,0.29,99.7,100.0
2026-05-11,8932,智通*,93.5,93.5,90.4,92.5,2100,524,-654,0,151,28.38,71.61,100.0
2026-05-11,8933,愛地雅,5.8,5.88,5.8,5.82,304,0,-30,0,0,0.92,99.07,100.0
2026-05-11,8935,邦泰,18.45,18.45,18.0,18.1,587,0,-48,0,0,0.97,99.02,100.0
2026-05-11,8936,國統,51.7,51.8,50.4,50.6,3117,308,-1156,-18,11,10.71,89.28,100.0
2026-05-11,8937,合騏*,33.8,35.05,33.8,34.5,1103,202,48,0,1,5.57,94.42,100.0
2026-05-11,8938,明安,55.8,55.8,55.0,55.3,850,71,-118,0,0,8.15,91.84,100.0
2026-05-11,8940,新天地,18.65,18.65,18.05,18.05,29,5,-9,0,-1,8.38,91.61,100.0
2026-05-11,8941,關中,43.6,44.8,43.6,44.5,11,1,0,0,0,0.18,99.81,100.0
2026-05-11,8942,森鉅,45.7,48.35,44.55,45.4,1906,646,2,0,-10,13.67,86.32,100.0
2026-05-11,8996,高力,1025.0,1065.0,1010.0,1055.0,3040,1142,-425,286,19,34.23,65.76,100.0
2026-05-11,8999,台灣積層,36.7,37.5,36.55,37.0,5,0,0,0,0,0.0,0.0,0.0
2026-05-11,9103,美德醫療-DR,5.34,5.34,4.87,4.91,4308,1669,-608,0,5,0.81,99.18,100.0
2026-05-11,9105,泰金寶-DR,5.75,5.85,5.7,5.8,17639,4358,5143,0,-58,1.64,98.35,100.0
2026-05-11,9110,越南控-DR,2.97,2.98,2.77,2.88,94,0,0,0,0,0.04,99.95,100.0
2026-05-11,9136,巨騰-DR,0.0,0.0,0.0,0.0,0,0,0,0,0,3.39,96.6,100.0
2026-05-11,9802,鈺齊-KY,80.8,85.7,80.7,83.1,1963,598,299,119,-3,42.03,57.96,100.0
2026-05-11,9902,台火,14.2,14.2,13.9,14.1,197,23,-13,0,2,1.67,98.32,100.0
2026-05-11,9904,寶成,25.95,26.2,25.75,25.8,17539,2662,-8708,-961,-265,38.83,61.16,100.0
2026-05-11,9905,大華,21.4,21.4,21.0,21.3,120,9,3,0,-4,2.24,97.75,100.0
2026-05-11,9906,欣巴巴,36.5,36.5,35.85,36.2,169,43,27,0,5,1.34,98.65,100.0
2026-05-11,9907,統一實,17.15,17.15,16.9,17.0,4378,595,-905,334,-6,15.67,84.32,100.0
2026-05-11,9908,大台北,29.5,29.5,29.3,29.35,657,110,15,0,0,1.33,98.66,100.0
2026-05-11,9910,豐泰,74.4,77.5,73.8,74.4,2871,948,-551,165,-39,9.14,90.85,100.0
2026-05-11,9911,櫻花,83.9,84.3,83.0,84.2,410,28,225,0,-3,18.65,81.34,100.0
2026-05-11,9912,偉聯,12.65,12.65,12.25,12.35,168,0,8,0,6,15.82,84.17,100.0
2026-05-11,9914,美利達,56.0,58.5,55.5,57.5,1655,677,241,0,16,21.74,78.25,100.0
2026-05-11,9917,中保科,114.0,114.0,112.5,113.0,402,65,-93,0,41,39.86,60.13,100.0
2026-05-11,9918,欣天然,43.5,43.5,42.5,42.65,93,15,-28,0,0,2.56,97.43,100.0
2026-05-11,9919,康那香,14.75,15.3,14.6,14.65,976,316,-199,0,-2,4.29,95.7,100.0
2026-05-11,9921,巨大,67.5,70.8,67.4,69.8,3072,1037,549,-1,13,27.1,72.89,100.0
2026-05-11,9924,福興,43.0,43.0,42.7,42.85,243,6,-49,-1,-7,10.91,89.08,100.0
2026-05-11,9925,新保,40.4,40.4,40.25,40.3,258,20,-88,0,-12,17.6,82.39,100.0
2026-05-11,9926,新海,49.35,49.35,49.2,49.2,54,1,3,0,0,0.45,99.54,100.0
2026-05-11,9927,泰銘,68.7,68.7,67.8,68.4,189,14,-41,0,-6,6.68,93.31,100.0
2026-05-11,9928,中視,17.55,17.7,17.45,17.7,89,2,0,0,-1,0.0,0.0,0.0
2026-05-11,9929,秋雨,12.35,12.35,12.0,12.0,12,0,-2,0,-1,0.47,99.52,100.0
2026-05-11,9930,中聯資源,70.0,70.2,69.8,69.8,69,2,6,0,-3,2.05,97.94,100.0
2026-05-11,9931,欣高,34.7,35.0,34.4,34.45,58,8,-8,0,0,0.8,99.19,100.0
2026-05-11,9933,中鼎,36.95,36.95,36.2,36.45,3268,407,-912,-1,22,15.49,84.5,100.0
2026-05-11,9934,成霖,9.84,9.98,9.78,9.88,2530,212,1115,0,-17,13.06,86.93,100.0
2026-05-11,9935,慶豐富,18.25,18.35,18.15,18.35,220,5,-11,0,0,5.47,94.52,100.0
2026-05-11,9937,全國,56.6,56.9,56.6,56.6,14,4,4,0,-2,1.73,98.26,100.0
2026-05-11,9938,百和,44.95,45.7,44.7,45.25,2137,314,403,167,-1,10.87,89.12,100.0
2026-05-11,9939,宏全,113.0,121.0,113.0,120.0,4938,932,1857,-8,-12,13.93,86.06,100.0
2026-05-11,9940,信義,19.5,19.5,19.15,19.2,1355,44,-420,0,-3,3.75,96.24,100.0
2026-05-11,9941,裕融,75.8,76.0,75.0,75.2,1667,264,-780,124,-7,7.18,92.81,100.0
2026-05-11,9942,茂順,122.5,122.5,120.0,120.5,170,8,-88,0,-1,4.36,95.63,100.0
2026-05-11,9943,好樂迪,56.5,56.5,55.8,56.0,116,5,-37,0,-3,1.2,98.79,100.0
2026-05-11,9944,新麗,16.8,17.1,16.7,17.1,243,26,3,0,-2,1.02,98.97,100.0
2026-05-11,9945,潤泰新,23.45,23.6,23.3,23.6,6190,1404,83,0,-90,8.61,91.38,100.0
2026-05-11,9946,三發地產,16.2,16.7,16.2,16.6,617,104,-14,0,-11,2.4,97.59,100.0
2026-05-11,9949,琉園,24.3,24.45,24.0,24.0,99,0,0,0,0,2.61,97.38,100.0
2026-05-11,9950,萬國通,10.55,10.7,10.55,10.7,53,0,0,0,0,0.05,99.94,100.0
2026-05-11,9951,皇田,54.8,54.8,53.9,54.0,197,14,-42,0,0,5.08,94.91,100.0
2026-05-11,9955,佳龍,29.85,30.9,29.85,30.1,550,176,101,0,-7,5.18,94.81,100.0
2026-05-11,9957,燁聯,6.45,6.78,6.48,6.72,632,0,13,0,0,0.0,0.0,0.0
2026-05-11,9958,世紀鋼,104.5,104.5,102.5,103.5,1057,295,57,0,-34,12.89,87.1,100.0
2026-05-11,9960,邁達康,34.7,35.1,34.5,34.95,132,5,27,0,0,9.02,90.97,100.0
2026-05-11,9962,有益,9.46,9.68,9.42,9.61,211,43,16,0,0,0.34,99.65,100.0
