date,stock_id,stock_name,open,high,low,close,volume,day_trading_volume,foreign_buy,trust_buy,dealer_buy,foreign_hold_ratio,foreign_remain_ratio,foreign_limit_ratio
2026-06-02,0050,元大台灣50,106.3,106.3,104.2,105.7,117160,14436,-33889,-70,-9918,3.98,96.01,100.0
2026-06-02,0051,元大中型100,145.25,145.4,143.0,145.2,121,10,-15,0,-7,0.5,99.49,100.0
2026-06-02,0052,富邦科技,62.85,62.9,61.6,62.7,38707,7941,-10071,0,-430,2.24,97.75,100.0
2026-06-02,0053,元大電子,245.0,246.85,241.7,243.35,42,0,0,0,0,1.36,98.63,100.0
2026-06-02,0055,元大MSCI金融,35.9,36.59,35.76,36.59,1212,40,99,0,463,1.42,98.57,100.0
2026-06-02,0056,元大高股息,52.2,52.8,51.45,52.8,69462,16561,20172,0,5226,1.03,98.96,100.0
2026-06-02,0057,富邦摩台,313.25,313.25,311.7,312.35,7,0,0,0,-1,6.88,93.11,100.0
2026-06-02,0061,元大寶滬深,24.97,25.29,24.85,25.28,406,0,11,0,370,5.1,94.89,100.0
2026-06-02,1101,台泥,24.55,24.8,24.4,24.65,33068,5268,302,694,-51,15.15,84.84,100.0
2026-06-02,1102,亞泥,33.7,34.4,33.6,33.8,26335,8815,-2196,-174,51,13.79,86.2,100.0
2026-06-02,1103,嘉泥,13.4,13.4,13.1,13.25,569,114,-21,0,-6,4.53,95.46,100.0
2026-06-02,1104,環泥,28.0,28.6,27.95,28.6,1206,165,-154,0,-5,15.34,84.65,100.0
2026-06-02,1108,幸福,13.85,13.85,13.75,13.8,300,19,7,0,0,1.25,98.74,100.0
2026-06-02,1109,信大,14.65,14.65,14.5,14.65,98,9,1,0,-2,2.34,97.65,100.0
2026-06-02,1110,東泥,14.6,14.6,14.25,14.5,165,74,6,0,-7,5.87,94.12,100.0
2026-06-02,1201,味全,12.35,12.35,12.2,12.2,594,55,-248,0,-1,5.07,94.92,100.0
2026-06-02,1203,味王,43.5,44.15,43.4,44.15,19,4,7,0,-2,1.73,98.26,100.0
2026-06-02,1210,大成,52.2,53.3,51.7,52.8,10328,1933,-5476,5379,-28,11.27,88.72,100.0
2026-06-02,1213,大飲,8.25,8.44,8.25,8.44,5,0,0,0,0,0.01,99.98,100.0
2026-06-02,1215,卜蜂,121.0,121.5,116.5,117.5,4538,797,169,-1752,-1,35.47,64.52,100.0
2026-06-02,1216,統一,73.3,74.3,72.0,74.2,25835,7929,-10590,10715,-134,31.62,68.37,100.0
2026-06-02,1217,愛之味,9.86,9.86,9.75,9.84,878,86,161,0,-1,7.62,92.37,100.0
2026-06-02,1218,泰山,19.3,19.5,19.15,19.4,1330,125,326,0,-19,4.06,95.93,100.0
2026-06-02,1219,福壽,12.7,12.8,12.65,12.75,518,99,-163,0,-13,5.53,94.46,100.0
2026-06-02,1220,台榮,11.7,11.75,11.6,11.75,160,18,5,0,0,7.08,92.91,100.0
2026-06-02,1225,福懋油,29.7,29.8,29.3,29.6,125,28,16,0,-5,1.39,98.6,100.0
2026-06-02,1227,佳格,28.2,28.3,27.95,27.95,5123,174,3078,-135,-10,5.9,94.09,100.0
2026-06-02,1229,聯華,40.4,43.9,40.05,43.2,14802,5609,-2074,0,-26,8.89,91.1,100.0
2026-06-02,1231,聯華食,85.8,86.2,85.3,86.1,367,69,104,0,-5,2.82,97.17,100.0
2026-06-02,1232,大統益,147.5,148.5,147.0,148.0,224,36,75,0,-1,2.52,97.47,100.0
2026-06-02,1233,天仁,27.9,27.9,27.6,27.6,51,4,-6,0,-2,5.67,94.32,100.0
2026-06-02,1234,黑松,34.5,34.9,34.4,34.9,164,13,77,0,0,4.74,95.25,100.0
2026-06-02,1235,興泰,41.45,41.45,39.3,40.95,14,4,5,0,-2,0.27,99.72,100.0
2026-06-02,1236,宏亞,24.85,24.85,24.5,24.7,19,3,0,0,-2,0.49,99.5,100.0
2026-06-02,1240,茂生農經,57.0,57.2,56.9,57.2,24,3,-1,0,0,3.67,96.32,100.0
2026-06-02,1256,鮮活果汁-KY,212.0,212.0,201.5,203.0,188,51,-24,0,2,4.76,95.23,100.0
2026-06-02,1259,安心,58.0,58.0,56.7,57.7,8,2,0,0,0,26.13,73.86,100.0
2026-06-02,1260,富味鄉,23.8,24.35,23.25,24.35,33,0,3,0,0,0.0,0.0,0.0
2026-06-02,1264,德麥,268.0,269.0,265.0,267.0,67,12,1,0,0,1.67,98.32,100.0
2026-06-02,1268,漢來美食,169.0,169.5,168.5,169.0,29,0,2,0,0,1.62,98.37,100.0
2026-06-02,1269,乾杯,67.79,69.7,66.5,69.7,0,0,0,0,0,0.0,0.0,0.0
2026-06-02,1271,晨暉生技,60.11,60.2,59.5,60.0,49,0,-1,0,0,0.0,0.0,0.0
2026-06-02,1293,利統,27.7,26.9,26.9,26.9,0,0,0,0,0,0.0,0.0,0.0
2026-06-02,1294,漢田生技,78.0,78.0,78.0,78.0,2,0,0,0,0,0.69,99.3,100.0
2026-06-02,1295,生合,50.1,50.2,48.1,48.5,126,26,1,0,0,2.23,97.76,100.0
2026-06-02,1301,台塑,49.75,51.1,49.15,50.9,52270,19007,9706,-18,-46,30.52,69.47,100.0
2026-06-02,1303,南亞,110.0,118.0,108.5,112.5,151715,81977,16575,2133,-1292,34.51,65.48,100.0
2026-06-02,1304,台聚,13.4,13.4,12.95,13.3,10417,4502,-1396,0,145,28.2,71.79,100.0
2026-06-02,1305,華夏,13.1,13.3,12.8,13.1,4534,1697,-753,0,23,4.32,95.67,100.0
2026-06-02,1307,三芳,32.55,33.2,32.15,33.15,1556,296,407,-24,0,6.92,93.07,100.0
2026-06-02,1308,亞聚,13.8,13.95,13.5,13.85,5159,1984,-645,0,-27,4.26,95.73,100.0
2026-06-02,1309,台達化,16.4,17.15,16.3,16.55,9155,3912,-1472,0,17,2.65,97.34,100.0
2026-06-02,1310,台苯,8.45,8.65,8.39,8.65,6309,2162,-1024,0,-19,4.32,95.67,100.0
2026-06-02,1312,國喬,13.25,13.25,13.25,13.25,11632,61,-197,0,2056,3.49,96.5,100.0
2026-06-02,1313,聯成,11.05,11.15,10.8,11.15,8758,2603,-181,0,24,5.77,94.22,100.0
2026-06-02,1314,中石化,7.14,7.54,7.12,7.53,70159,21276,2309,0,146,8.84,91.15,100.0
2026-06-02,1315,達新,62.4,62.7,62.0,62.6,31,2,-2,0,0,1.26,98.73,100.0
2026-06-02,1316,上曜,10.45,10.45,10.15,10.3,1838,540,150,0,0,4.87,95.12,100.0
2026-06-02,1319,東陽,87.8,93.9,87.8,92.1,14762,4735,-1081,2922,620,7.74,92.25,100.0
2026-06-02,1321,大洋,28.7,28.7,28.2,28.45,239,46,67,0,4,6.84,93.15,100.0
2026-06-02,1323,永裕,20.3,20.8,20.15,20.45,216,25,-60,0,0,1.32,98.67,100.0
2026-06-02,1324,地球,10.45,10.5,10.3,10.4,71,8,-14,0,0,0.84,99.15,100.0
2026-06-02,1325,恆大,26.8,26.8,26.25,26.3,570,101,-102,0,-1,1.18,98.81,100.0
2026-06-02,1326,台化,54.0,56.9,52.8,54.4,93193,40254,19072,-137,-140,37.68,62.31,100.0
2026-06-02,1336,台翰,13.65,13.65,13.4,13.5,156,22,-4,0,0,3.34,96.65,100.0
2026-06-02,1337,再生-KY,5.0,5.1,4.95,5.1,970,248,-40,0,-16,26.05,73.94,100.0
2026-06-02,1338,廣華-KY,16.5,16.5,16.05,16.45,545,102,28,0,-6,6.67,93.32,100.0
2026-06-02,1339,昭輝,44.65,45.15,43.95,44.6,232,36,-25,0,1,0.98,99.01,100.0
2026-06-02,1340,勝悅-KY,5.43,5.56,5.41,5.49,379,67,83,0,-11,26.46,73.53,100.0
2026-06-02,1341,富林-KY,61.3,62.2,61.2,62.2,6,0,2,0,0,79.9,20.09,100.0
2026-06-02,1342,八貫,93.6,95.0,92.9,94.4,472,99,30,0,0,30.19,69.8,100.0
2026-06-02,1343,旭東環保,19.92,20.0,19.6,20.0,46,0,-1,0,0,0.0,0.0,0.0
2026-06-02,1402,遠東新,25.1,26.8,25.1,26.25,125381,50472,17882,-9986,731,17.65,82.34,100.0
2026-06-02,1409,新纖,27.55,27.55,27.55,27.55,25800,1539,-1353,-4,1256,14.21,85.78,100.0
2026-06-02,1410,南染,25.95,26.0,25.4,25.5,48,16,2,0,-2,18.95,81.04,100.0
2026-06-02,1413,宏洲,9.63,9.69,9.36,9.49,35,0,5,0,0,0.42,99.57,100.0
2026-06-02,1414,東和,15.0,15.7,15.0,15.7,395,140,78,0,-3,1.26,98.73,100.0
2026-06-02,1416,廣豐,11.3,11.55,11.3,11.5,684,22,23,0,0,6.16,93.83,100.0
2026-06-02,1417,嘉裕,8.24,8.29,8.2,8.26,237,42,58,0,0,1.04,98.95,100.0
2026-06-02,1418,東華,18.95,19.1,18.55,19.1,38,5,-15,0,0,0.94,99.05,100.0
2026-06-02,1419,新紡,65.4,66.0,64.7,65.8,126,38,-8,0,-1,1.14,98.85,100.0
2026-06-02,1423,利華,41.75,43.7,41.4,43.05,851,336,-46,0,7,1.25,98.74,100.0
2026-06-02,1432,大魯閣,16.85,16.95,16.8,16.9,323,19,-14,0,-1,0.39,99.6,100.0
2026-06-02,1434,福懋,15.55,15.8,15.5,15.75,2814,557,1137,-246,-12,7.24,92.75,100.0
2026-06-02,1436,華友聯,44.7,45.3,44.7,45.0,282,66,5,-1,-5,6.46,93.53,100.0
2026-06-02,1437,勤益控,28.45,28.65,28.45,28.65,101,9,-2,0,0,8.4,91.59,100.0
2026-06-02,1438,三地開發,20.35,20.35,19.55,19.7,81,3,-13,0,0,0.49,99.5,100.0
2026-06-02,1439,雋揚,25.25,25.75,25.0,25.6,44,18,2,0,0,1.03,98.96,100.0
2026-06-02,1440,南紡,12.95,14.2,12.85,14.2,18715,6594,580,0,17,7.39,92.6,100.0
2026-06-02,1441,大東,9.37,9.6,9.26,9.6,23,0,5,0,0,1.39,98.6,100.0
2026-06-02,1442,名軒,26.95,27.3,26.5,27.2,659,99,257,0,0,8.62,91.37,100.0
2026-06-02,1443,立益,25.4,25.4,24.6,25.2,30,7,6,0,1,0.32,99.67,100.0
2026-06-02,1443,立益物流,25.4,25.4,24.6,25.2,30,7,6,0,1,0.32,99.67,100.0
2026-06-02,1444,力麗,6.9,6.98,6.62,6.8,5044,0,-118,0,7,5.28,94.71,100.0
2026-06-02,1445,大宇,11.6,11.85,11.6,11.6,32,7,8,0,0,3.15,96.84,100.0
2026-06-02,1446,宏和,16.0,16.3,15.85,16.2,219,39,-15,0,-5,6.25,93.74,100.0
2026-06-02,1447,力鵬,6.35,6.58,6.2,6.34,2525,0,349,0,-16,3.24,96.75,100.0
2026-06-02,1449,佳和,14.7,14.7,13.3,13.8,3946,1090,-418,0,-16,5.93,94.06,100.0
2026-06-02,1451,年興,16.55,16.75,16.55,16.7,123,6,-11,0,-1,5.37,94.62,100.0
2026-06-02,1452,宏益,10.7,10.8,10.55,10.65,84,3,-17,0,-10,1.94,98.05,100.0
2026-06-02,1453,大將,11.1,11.15,11.05,11.15,121,4,31,0,0,0.63,99.36,100.0
2026-06-02,1454,台富,13.2,14.3,13.0,13.4,255,70,-63,0,4,0.44,99.55,100.0
2026-06-02,1455,集盛,9.07,9.35,8.99,9.2,1909,360,224,0,-14,2.5,97.49,100.0
2026-06-02,1456,怡華,12.3,12.6,12.3,12.6,91,18,21,0,-2,0.6,99.39,100.0
2026-06-02,1457,宜進,13.95,14.0,13.85,13.95,257,4,35,0,0,1.8,98.19,100.0
2026-06-02,1459,聯發,11.55,11.7,11.5,11.6,184,9,29,0,0,1.72,98.27,100.0
2026-06-02,1460,宏遠,7.04,7.15,6.95,7.14,1405,0,395,0,0,2.01,97.98,100.0
2026-06-02,1463,強盛新,17.8,17.85,17.7,17.7,47,0,8,0,0,11.5,88.49,100.0
2026-06-02,1464,得力,10.4,10.4,10.15,10.3,627,136,16,0,0,2.05,97.94,100.0
2026-06-02,1465,偉全,12.5,12.75,12.3,12.5,226,53,-10,0,0,0.5,99.49,100.0
2026-06-02,1466,聚隆,14.2,14.35,13.95,14.35,173,77,-13,0,-1,0.72,99.27,100.0
2026-06-02,1467,南緯,7.42,7.42,7.26,7.42,484,169,-40,0,0,19.22,80.77,100.0
2026-06-02,1468,昶和,12.0,12.1,11.8,12.1,55,0,11,0,1,2.06,97.93,100.0
2026-06-02,1470,大統新創,22.85,22.85,22.55,22.7,9,2,4,0,0,0.29,99.7,100.0
2026-06-02,1471,首利,12.4,12.4,11.3,12.0,3311,0,-71,0,-2,0.97,99.02,100.0
2026-06-02,1472,三洋實業,90.0,90.5,90.0,90.0,11,0,2,0,0,0.9,99.09,100.0
2026-06-02,1473,台南,21.4,21.4,20.75,21.1,170,43,-37,0,2,5.21,94.78,100.0
2026-06-02,1474,弘裕,10.25,10.4,10.05,10.1,110,21,-20,0,-2,0.51,99.48,100.0
2026-06-02,1475,業旺,25.05,25.05,24.85,25.0,19,1,8,0,0,0.42,99.57,100.0
2026-06-02,1476,儒鴻,352.5,356.5,347.5,351.5,2149,618,14,3,-4,31.21,68.78,100.0
2026-06-02,1477,聚陽,222.5,226.0,220.5,226.0,2459,636,425,-56,12,16.32,83.67,100.0
2026-06-02,1480,東盟開發,9.29,9.14,9.1,9.1,8,0,0,0,0,0.0,0.0,0.0
2026-06-02,1503,士電,220.5,222.5,214.0,222.0,6460,2038,-375,0,85,30.61,69.38,100.0
2026-06-02,1504,東元,76.6,77.9,74.4,75.5,43492,12459,-11279,-6117,-201,9.36,90.63,100.0
2026-06-02,1506,正道,10.1,10.15,9.9,10.1,762,0,17,0,-1,0.6,99.39,100.0
2026-06-02,1512,瑞利,6.77,6.96,6.7,6.96,148,0,8,0,2,5.37,94.62,100.0
2026-06-02,1513,中興電,169.5,170.0,165.0,168.0,8754,2615,-263,540,60,11.78,88.21,100.0
2026-06-02,1514,亞力,126.0,126.0,121.0,124.0,4659,1724,1,0,-112,15.94,84.05,100.0
2026-06-02,1515,力山,22.25,22.25,21.7,22.0,623,107,-73,0,0,4.16,95.83,100.0
2026-06-02,1516,川飛,21.0,21.0,20.7,21.0,53,0,-12,0,-1,5.68,94.31,100.0
2026-06-02,1517,利奇,10.1,10.2,10.05,10.2,205,10,32,0,-8,2.52,97.47,100.0
2026-06-02,1519,華城,874.0,875.0,839.0,850.0,2356,860,-203,-2,-29,19.89,80.1,100.0
2026-06-02,1521,大億,29.0,29.0,27.6,27.8,183,37,-42,0,1,32.99,67.0,100.0
2026-06-02,1522,堤維西,32.85,33.15,32.0,33.1,2790,933,84,0,-5,2.44,97.55,100.0
2026-06-02,1524,耿鼎,32.5,33.9,31.85,33.45,5412,2468,18,0,-6,1.45,98.54,100.0
2026-06-02,1525,江申,71.0,71.7,68.6,70.5,43,10,7,0,0,0.3,99.69,100.0
2026-06-02,1526,日馳,14.8,15.6,14.8,15.1,442,92,-71,0,0,2.78,97.21,100.0
2026-06-02,1527,鑽全,33.5,33.7,33.1,33.45,273,48,-14,0,0,10.15,89.84,100.0
2026-06-02,1528,恩德,29.9,30.05,29.7,30.05,14185,1092,3677,0,52,5.12,94.87,100.0
2026-06-02,1529,樂事綠能,22.75,22.75,22.05,22.45,748,225,8,0,0,1.52,98.47,100.0
2026-06-02,1530,亞崴,34.6,35.45,32.0,32.5,587,201,-23,0,6,0.61,99.38,100.0
2026-06-02,1531,高林股,12.4,12.45,12.2,12.4,279,31,-36,0,-4,1.57,98.42,100.0
2026-06-02,1532,勤美,21.8,21.8,21.4,21.6,948,145,-273,0,-12,7.14,92.85,100.0
2026-06-02,1533,車王電,39.5,39.55,37.7,38.3,581,108,-131,0,-2,6.51,93.48,100.0
2026-06-02,1535,中宇,50.0,50.3,49.8,50.0,64,11,-2,0,-2,1.16,98.83,100.0
2026-06-02,1536,和大,54.4,54.4,51.3,52.5,3679,1216,-326,0,-56,5.75,94.24,100.0
2026-06-02,1537,廣隆,125.0,126.0,125.0,126.0,103,12,28,0,0,15.68,84.31,100.0
2026-06-02,1538,正峰,11.35,11.7,11.0,11.7,14,0,0,0,0,0.06,99.93,100.0
2026-06-02,1539,巨庭,16.2,16.25,16.05,16.2,119,26,-11,0,-8,0.86,99.13,100.0
2026-06-02,1540,喬福,22.55,23.15,22.0,22.75,1004,249,-110,0,-11,2.2,97.79,100.0
2026-06-02,1541,錩泰,21.55,22.85,21.35,22.15,84,23,9,0,-2,9.87,90.12,100.0
2026-06-02,1558,伸興,91.5,91.5,91.0,91.1,30,6,-2,0,0,6.68,93.31,100.0
2026-06-02,1560,中砂,711.0,715.0,688.0,697.0,3369,1051,-59,-24,-11,37.79,62.2,100.0
2026-06-02,1563,巧新,70.0,70.0,64.9,69.8,4931,2409,27,0,-64,4.37,95.62,100.0
2026-06-02,1565,精華,93.7,94.4,93.4,94.4,242,44,6,0,4,6.04,93.95,100.0
2026-06-02,1568,倉佑,50.0,50.0,46.95,48.4,2112,0,81,0,-1,2.28,97.71,100.0
2026-06-02,1569,濱川,51.1,53.6,50.5,53.6,1550,469,58,0,28,5.69,94.3,100.0
2026-06-02,1570,力肯,54.8,56.6,52.3,54.8,624,211,-70,0,0,3.27,96.72,100.0
2026-06-02,1580,新麥,123.5,125.5,122.5,125.0,146,16,31,0,0,5.27,94.72,100.0
2026-06-02,1582,信錦,114.5,115.0,109.0,112.0,4372,1507,596,0,-35,5.64,94.35,100.0
2026-06-02,1583,程泰,56.5,57.9,53.8,55.3,128,30,3,0,0,0.38,99.61,100.0
2026-06-02,1584,精剛,19.85,19.95,19.65,19.85,772,112,224,0,0,4.88,95.11,100.0
2026-06-02,1586,和勤,21.85,22.35,21.8,22.1,1049,396,27,0,0,0.92,99.03,100.0
2026-06-02,1587,吉茂,30.75,30.75,29.55,29.9,672,151,-207,0,-7,19.94,80.05,100.0
2026-06-02,1590,亞德客-KY,1330.0,1340.0,1245.0,1280.0,1141,291,-125,-6,-9,80.1,19.89,100.0
2026-06-02,1591,駿吉-KY,43.4,43.4,40.8,41.85,95,0,-3,0,0,4.74,95.25,100.0
2026-06-02,1593,祺驊,31.3,31.5,31.15,31.3,36,1,0,0,0,6.01,93.98,100.0
2026-06-02,1594,日高,9.21,9.61,9.13,9.61,12,0,0,0,0,0.0,0.0,0.0
2026-06-02,1595,川寶,78.6,79.7,75.0,76.4,2515,956,545,0,0,4.47,95.52,100.0
2026-06-02,1597,直得,181.5,181.5,164.0,169.5,4981,1829,80,0,-2,4.67,95.32,100.0
2026-06-02,1598,岱宇,21.0,21.0,20.2,20.4,301,108,38,0,-3,1.9,98.09,100.0
2026-06-02,1599,宏佳騰,23.45,24.0,23.45,23.8,99,24,8,0,0,7.31,92.68,100.0
2026-06-02,1603,華電,32.0,32.4,31.7,32.25,425,137,-36,0,-1,2.02,97.97,100.0
2026-06-02,1604,聲寶,23.15,23.2,23.05,23.1,329,31,29,0,-2,7.37,92.62,100.0
2026-06-02,1605,華新,39.7,40.9,38.7,40.45,81787,37575,16225,462,-116,15.56,84.43,100.0
2026-06-02,1608,華榮,36.3,37.2,35.15,35.85,16323,7376,921,-37,24,4.04,95.95,100.0
2026-06-02,1609,大亞,39.0,39.0,37.7,38.35,10699,2645,-536,-1,-38,12.1,87.89,100.0
2026-06-02,1611,中電,12.3,12.45,12.05,12.45,1314,305,237,0,-2,10.05,89.94,100.0
2026-06-02,1612,宏泰,38.0,38.0,37.15,37.6,1342,429,213,-22,27,18.92,81.07,100.0
2026-06-02,1614,三洋電,32.2,32.8,32.2,32.7,72,8,1,0,0,2.28,97.71,100.0
2026-06-02,1615,大山,44.15,44.45,43.55,44.05,235,56,-95,0,-1,1.05,98.94,100.0
2026-06-02,1616,億泰,22.35,22.35,21.85,22.15,687,180,106,0,-5,2.29,97.7,100.0
2026-06-02,1617,榮星,17.0,17.0,16.4,16.5,550,89,-41,0,-15,19.35,80.64,100.0
2026-06-02,1618,合機,42.7,42.7,41.95,42.5,1033,280,201,0,4,1.32,98.67,100.0
2026-06-02,1623,大東電,240.0,240.0,232.0,234.0,248,0,0,0,0,0.29,99.7,100.0
2026-06-02,1626,艾美特-KY,10.0,10.1,9.99,10.1,148,33,12,0,0,43.74,56.25,100.0
2026-06-02,1702,南僑,30.9,31.2,30.6,31.15,634,68,107,0,-5,7.72,92.27,100.0
2026-06-02,1707,葡萄王,100.5,101.5,100.0,100.5,320,48,32,0,-1,14.27,85.72,100.0
2026-06-02,1708,東鹼,38.6,39.65,38.1,39.45,3566,810,956,0,-18,15.99,84.0,100.0
2026-06-02,1709,和益,19.8,20.0,19.5,19.75,1622,427,303,0,-6,3.96,96.03,100.0
2026-06-02,1710,東聯,13.8,14.6,13.75,14.55,13980,4985,4081,0,104,5.04,94.95,100.0
2026-06-02,1711,永光,49.7,50.1,47.0,47.95,11726,3947,-1164,0,-50,4.79,95.2,100.0
2026-06-02,1712,興農,39.0,39.35,38.65,39.1,1104,247,-118,0,-8,14.15,85.84,100.0
2026-06-02,1713,國化,49.7,49.7,48.6,49.0,206,54,-29,0,0,1.31,98.68,100.0
2026-06-02,1714,和桐,9.89,10.1,9.77,10.0,8891,1835,2820,0,85,22.03,77.96,100.0
2026-06-02,1717,長興,81.7,81.8,76.8,78.7,28976,9713,-9496,0,-370,11.61,88.38,100.0
2026-06-02,1718,中纖,8.0,8.0,7.7,8.0,48985,13106,-2241,0,8,5.52,94.47,100.0
2026-06-02,1720,生達,61.3,62.1,61.3,62.0,236,31,83,0,-3,5.01,94.98,100.0
2026-06-02,1721,三晃,28.05,28.05,27.0,27.35,3680,0,64,0,0,1.65,98.34,100.0
2026-06-02,1722,台肥,47.0,47.3,46.8,47.05,2691,507,555,-3,-3,7.65,92.34,100.0
2026-06-02,1723,中碳,83.8,83.9,82.2,83.7,905,166,-305,55,94,8.16,91.83,100.0
2026-06-02,1725,元禎,32.3,32.5,31.85,32.45,163,29,46,0,4,0.33,99.66,100.0
2026-06-02,1726,永記,77.7,78.4,77.5,78.0,26,2,4,0,0,12.87,87.12,100.0
2026-06-02,1727,中華化,96.2,98.5,93.5,95.5,7341,3967,8,0,-3,3.59,96.4,100.0
2026-06-02,1730,花仙子,52.5,52.6,52.3,52.6,70,1,3,0,0,6.77,93.22,100.0
2026-06-02,1731,美吾華,21.4,21.45,21.2,21.3,236,13,18,0,0,1.01,98.98,100.0
2026-06-02,1732,毛寶,26.45,26.45,26.1,26.2,241,46,-32,0,0,2.2,97.79,100.0
2026-06-02,1733,五鼎,30.2,30.4,30.15,30.35,271,21,93,0,-2,3.33,96.66,100.0
2026-06-02,1734,杏輝,31.1,31.3,30.85,31.3,563,76,-104,0,0,5.0,94.99,100.0
2026-06-02,1735,日勝化,25.15,25.3,24.5,25.15,407,145,-17,0,-1,50.8,49.19,100.0
2026-06-02,1736,喬山,118.0,122.0,117.0,118.0,611,279,-25,132,-1,4.55,95.44,100.0
2026-06-02,1737,臺鹽,31.6,31.75,31.55,31.6,179,5,38,0,0,8.55,91.44,100.0
2026-06-02,1742,台蠟,15.5,15.5,15.3,15.5,53,1,1,0,0,0.21,99.78,100.0
2026-06-02,1752,南光,33.0,33.0,32.3,32.55,110,9,8,0,0,1.71,98.28,100.0
2026-06-02,1760,寶齡富錦,60.9,60.9,60.0,60.4,254,30,59,0,-2,11.06,88.93,100.0
2026-06-02,1762,中化生,38.75,39.0,38.25,38.9,228,45,16,0,3,2.59,97.4,100.0
2026-06-02,1773,勝一,183.0,183.5,175.5,179.0,1111,227,-320,0,-24,7.72,92.27,100.0
2026-06-02,1776,展宇,18.2,18.75,17.7,18.5,255,66,-8,0,3,0.76,99.23,100.0
2026-06-02,1777,生泰,71.6,72.6,71.4,71.7,42,1,2,0,0,0.96,99.03,100.0
2026-06-02,1780,立弘,32.83,32.95,32.35,32.95,305,0,0,0,0,0.0,0.0,0.0
2026-06-02,1781,合世,10.95,12.0,10.95,12.0,233,9,2,0,0,0.61,99.38,100.0
2026-06-02,1783,和康生,38.8,39.0,38.45,38.65,122,11,-13,0,-6,7.12,92.87,100.0
2026-06-02,1784,訊聯,66.3,66.3,65.2,65.5,331,54,134,0,-1,3.69,96.3,100.0
2026-06-02,1785,光洋科,155.5,155.5,141.5,144.0,37349,11358,-7945,-162,-126,12.72,87.27,100.0
2026-06-02,1786,科妍,54.9,55.0,53.3,54.5,255,84,-81,0,-2,1.59,98.4,100.0
2026-06-02,1788,杏昌,134.5,134.5,134.0,134.0,58,2,2,0,0,11.07,88.92,100.0
2026-06-02,1789,神隆,19.85,20.05,19.5,20.05,720,138,61,0,-7,1.73,98.26,100.0
2026-06-02,1795,美時,198.5,198.5,194.5,196.0,1286,247,-133,5,-18,52.4,47.59,100.0
2026-06-02,1796,金穎生技,35.5,36.4,35.5,36.15,18,0,0,0,0,0.78,99.21,100.0
2026-06-02,1799,易威,32.85,34.65,32.75,33.4,209,0,-57,0,1,11.77,88.22,100.0
2026-06-02,1802,台玻,75.5,76.8,70.6,71.0,149651,69796,-47089,850,-3814,5.47,94.52,100.0
2026-06-02,1805,寶徠,10.0,10.05,9.97,10.05,93,17,5,0,-3,0.52,99.47,100.0
2026-06-02,1806,冠軍,8.09,8.16,8.06,8.16,583,44,194,0,-4,9.56,90.43,100.0
2026-06-02,1808,潤隆,29.0,29.3,28.75,29.25,1356,177,239,0,-1,3.85,96.14,100.0
2026-06-02,1809,中釉,49.9,52.6,49.9,52.6,7761,1480,1499,0,400,5.45,94.54,100.0
2026-06-02,1810,和成,20.3,20.3,19.3,19.6,3555,742,-1518,-31,-2,3.89,96.1,100.0
2026-06-02,1813,寶利徠,11.9,11.95,11.9,11.95,21,0,-2,0,0,9.37,90.62,100.0
2026-06-02,1815,富喬,111.5,113.0,106.0,109.5,45397,24258,-3837,85,-327,21.09,78.9,100.0
2026-06-02,1817,凱撒衛,39.5,39.55,39.4,39.45,23,0,6,0,0,1.66,98.33,100.0
2026-06-02,1903,士紙,49.1,49.3,48.5,48.95,245,34,-26,0,-4,10.82,89.17,100.0
2026-06-02,1904,正隆,20.0,20.35,19.7,20.05,4823,1012,1986,0,-15,9.44,90.55,100.0
2026-06-02,1905,華紙,12.15,12.25,12.0,12.25,3353,1013,238,0,-4,2.37,97.62,100.0
2026-06-02,1906,寶隆,10.3,10.45,10.25,10.45,81,9,16,0,-3,0.65,99.34,100.0
2026-06-02,1907,永豐餘,24.3,24.55,24.2,24.35,1826,257,403,-19,-13,12.04,87.95,100.0
2026-06-02,1909,榮成,9.0,9.09,8.97,9.08,2393,403,-84,0,-10,7.74,92.25,100.0
2026-06-02,2002,中鋼,19.1,19.1,18.8,18.95,70796,8892,-27915,934,-303,12.26,87.73,100.0
2026-06-02,2006,東和鋼鐵,67.5,67.6,65.8,66.5,3202,960,-1413,-116,-8,18.8,81.19,100.0
2026-06-02,2007,燁興,7.74,7.74,7.52,7.6,461,0,-98,0,-1,0.66,99.33,100.0
2026-06-02,2008,高興昌,29.0,29.2,28.75,29.2,75,10,0,0,-2,7.71,92.28,100.0
2026-06-02,2009,第一銅,40.9,41.9,39.6,41.1,4650,1958,759,0,10,2.93,97.06,100.0
2026-06-02,2010,春源,23.75,23.75,23.4,23.55,1867,422,-651,0,-13,8.61,91.38,100.0
2026-06-02,2012,春雨,14.5,14.55,14.4,14.5,76,1,19,0,0,1.4,98.59,100.0
2026-06-02,2013,中鋼構,42.7,42.7,42.35,42.6,169,20,12,0,0,7.05,92.94,100.0
2026-06-02,2014,中鴻,18.5,18.5,17.9,18.2,8707,2507,-872,0,-17,5.54,94.45,100.0
2026-06-02,2015,豐興,62.5,63.2,62.5,63.0,183,40,83,0,-1,12.31,87.68,100.0
2026-06-02,2017,官田鋼,9.04,9.06,8.85,9.05,1050,391,-135,0,-4,1.91,98.08,100.0
2026-06-02,2020,美亞,21.3,21.3,20.9,21.2,419,52,-98,0,-1,1.62,98.37,100.0
2026-06-02,2022,聚亨,7.89,7.89,7.64,7.74,1272,283,-222,0,8,2.17,97.82,100.0
2026-06-02,2023,燁輝,13.9,13.9,13.7,13.7,1460,332,-143,0,-25,3.81,96.18,100.0
2026-06-02,2024,志聯,14.1,14.35,14.1,14.35,15,0,5,0,0,0.46,99.53,100.0
2026-06-02,2025,千興,12.0,12.1,11.9,12.1,232,0,4,0,-1,0.77,99.22,100.0
2026-06-02,2027,大成鋼,43.6,43.65,42.05,43.65,33817,12450,7811,-5695,276,18.77,81.22,100.0
2026-06-02,2028,威致,17.1,17.1,16.7,16.9,142,34,-5,0,0,0.78,99.21,100.0
2026-06-02,2029,盛餘,20.45,20.5,20.25,20.5,293,51,76,0,-2,66.7,33.29,100.0
2026-06-02,2030,彰源,18.45,18.45,18.0,18.25,1364,356,-252,0,3,3.86,96.13,100.0
2026-06-02,2031,新光鋼,39.6,39.8,39.3,39.65,926,148,-208,-20,-4,7.64,92.35,100.0
2026-06-02,2032,新鋼,18.45,18.45,17.6,18.0,970,294,-279,0,-16,3.45,96.54,100.0
2026-06-02,2033,佳大,15.3,15.3,15.1,15.2,954,76,-9,0,-7,0.86,99.13,100.0
2026-06-02,2034,允強,20.2,20.25,19.95,20.1,1861,397,73,0,-4,3.52,96.47,100.0
2026-06-02,2035,唐榮,27.65,28.0,27.65,28.0,23,0,-8,0,0,0.0,99.99,100.0
2026-06-02,2038,海光,14.0,14.05,13.65,13.85,557,164,-187,0,1,1.46,98.53,100.0
2026-06-02,2049,上銀,391.0,393.5,354.0,364.0,10348,4017,-920,93,-257,35.63,64.36,100.0
2026-06-02,2059,川湖,5130.0,5205.0,4985.0,5075.0,361,134,-21,6,-7,24.39,75.6,100.0
2026-06-02,2061,風青,40.2,42.9,38.55,38.65,1132,0,57,0,0,4.94,95.05,100.0
2026-06-02,2062,橋椿,18.85,19.1,18.65,19.0,405,96,0,0,0,7.29,92.7,100.0
2026-06-02,2063,世鎧,25.25,25.7,24.95,25.7,28,0,-2,0,0,1.0,98.99,100.0
2026-06-02,2064,晉椿,15.15,15.35,14.75,14.8,31,7,-3,0,2,0.09,99.9,100.0
2026-06-02,2065,世豐,36.0,36.1,35.3,35.3,64,1,-15,0,0,0.73,99.26,100.0
2026-06-02,2066,世德,58.4,60.3,58.0,59.8,451,64,28,0,0,9.5,90.49,100.0
2026-06-02,2067,嘉鋼,6.5,6.6,6.45,6.5,67,0,0,0,0,11.28,88.71,100.0
2026-06-02,2069,運錩,19.65,19.7,19.25,19.7,463,63,-239,0,1,2.69,97.3,100.0
2026-06-02,2070,精湛,75.5,75.5,70.6,71.5,1011,291,5,0,-6,1.45,98.54,100.0
2026-06-02,2071,震南鐵,20.44,21.0,20.2,21.0,230,0,0,0,0,0.0,0.0,0.0
2026-06-02,2072,世紀風電,174.0,177.0,170.5,175.0,632,0,-115,0,-1,1.86,98.13,100.0
2026-06-02,2073,雄順,25.85,25.85,25.85,25.85,1,0,0,0,0,0.04,99.96,100.0
2026-06-02,2101,南港,32.0,32.55,31.7,32.2,3982,1404,245,0,22,5.45,94.54,100.0
2026-06-02,2102,泰豐,18.0,18.15,17.85,17.95,375,66,-9,0,-4,2.91,97.08,100.0
2026-06-02,2103,台橡,19.55,20.25,19.4,20.25,5841,1096,2192,0,-222,21.23,78.76,100.0
2026-06-02,2104,國際中橡,10.55,10.9,10.5,10.9,6184,1062,1327,0,0,5.52,94.47,100.0
2026-06-02,2105,正新,33.0,34.45,32.7,34.0,38313,9170,-11345,15861,400,10.44,89.55,100.0
2026-06-02,2106,建大,17.15,18.2,17.15,18.1,3112,899,362,0,-9,8.39,91.6,100.0
2026-06-02,2107,厚生,25.5,25.7,25.45,25.6,254,55,-16,0,-1,6.07,93.92,100.0
2026-06-02,2108,南帝,27.55,27.6,27.0,27.6,1260,268,376,0,-1,5.08,94.91,100.0
2026-06-02,2109,華豐,14.1,14.45,14.05,14.3,392,19,45,0,0,15.15,84.84,100.0
2026-06-02,2114,鑫永銓,94.4,94.4,92.3,92.9,123,13,-25,0,-2,4.03,95.96,100.0
2026-06-02,2115,六暉-KY,21.65,21.7,21.45,21.65,147,10,18,0,-1,44.18,55.81,100.0
2026-06-02,2201,裕隆,27.8,28.2,27.55,28.15,4514,1096,817,-1,7,4.4,95.59,100.0
2026-06-02,2204,中華,53.4,54.3,53.0,54.0,3003,404,872,-702,-1,17.84,82.15,100.0
2026-06-02,2206,三陽工業,60.6,61.9,60.6,61.6,1257,115,858,-34,-4,5.76,94.23,100.0
2026-06-02,2207,和泰車,472.0,479.5,466.5,471.5,838,409,-142,3,2,21.3,78.69,100.0
2026-06-02,2208,台船,18.35,18.35,17.7,17.95,8285,0,-5427,-2,-4,7.98,92.01,100.0
2026-06-02,2211,長榮鋼,93.1,93.8,91.6,93.8,2083,261,2,-824,3,3.77,96.22,100.0
2026-06-02,2221,大甲,44.7,44.7,42.0,42.35,443,128,0,0,0,1.71,98.28,100.0
2026-06-02,2227,裕日車,49.9,50.5,49.5,50.5,38,0,15,0,0,40.38,59.61,100.0
2026-06-02,2228,劍麟,85.5,86.8,84.9,86.7,316,84,40,0,-2,3.11,96.88,100.0
2026-06-02,2230,泰茂,28.5,28.5,27.9,28.05,320,96,33,0,1,2.52,97.47,100.0
2026-06-02,2231,為升,109.0,109.0,102.5,104.5,873,161,-228,0,11,4.74,95.25,100.0
2026-06-02,2233,宇隆,351.5,351.5,319.5,329.0,3319,1293,-35,0,176,6.27,93.72,100.0
2026-06-02,2235,謚源,30.3,30.5,30.05,30.5,92,3,0,0,0,0.03,99.96,100.0
2026-06-02,2236,百達-KY,140.0,144.5,137.5,139.0,359,165,24,0,0,52.36,47.63,100.0
2026-06-02,2237,華德動能,38.26,38.5,37.5,37.9,147,0,1,0,0,0.0,0.0,0.0
2026-06-02,2239,英利-KY,24.75,25.7,24.3,25.0,159,47,-1,0,-1,75.36,24.63,100.0
2026-06-02,2241,艾姆勒,34.55,34.6,31.55,32.35,2296,601,-280,0,3,7.51,92.48,100.0
2026-06-02,2243,宏旭-KY,29.35,29.45,27.1,28.0,3049,1035,256,0,-1,28.6,71.39,100.0
2026-06-02,2245,詠勝昌*,30.46,30.25,26.25,27.7,81,0,0,0,0,0.0,0.0,0.0
2026-06-02,2247,汎德永業,216.0,220.0,216.0,220.0,61,14,0,0,-1,3.89,96.1,100.0
2026-06-02,2248,華勝-KY,55.1,55.4,54.8,55.4,22,2,4,0,0,50.22,49.77,100.0
2026-06-02,2249,湧盛,122.65,126.5,119.5,125.0,125,0,2,0,0,0.0,0.0,0.0
2026-06-02,2250,IKKA-KY,64.3,64.3,63.1,63.6,95,15,1,0,-2,6.93,93.05,100.0
2026-06-02,2252,為昇科,17.24,17.4,16.8,16.95,111,0,5,0,0,0.0,0.0,0.0
2026-06-02,2254,巨鎧精密-創,66.6,67.0,64.5,65.7,31,6,3,0,-1,23.84,76.15,100.0
2026-06-02,2255,凱銳光電,18.98,19.1,18.7,19.1,13,0,0,0,0,0.0,0.0,0.0
2026-06-02,2256,歐特明,84.28,89.0,78.4,80.9,443,0,0,0,0,0.0,0.0,0.0
2026-06-02,2258,鴻華先進-創,33.0,33.0,31.75,32.85,1779,710,86,0,-2,0.36,99.63,100.0
2026-06-02,2301,光寶科,225.0,230.0,223.0,227.5,47109,20832,1224,-396,-172,40.33,59.66,100.0
2026-06-02,2302,麗正,38.0,38.0,35.15,37.0,4371,0,342,0,7,2.32,97.67,100.0
2026-06-02,2303,聯電,147.0,150.0,133.5,141.5,380584,148753,63633,-115062,-1075,37.17,62.82,100.0
2026-06-02,2305,全友,22.55,23.45,21.85,23.4,6114,2521,1183,0,0,6.28,93.71,100.0
2026-06-02,2308,台達電,2430.0,2455.0,2330.0,2360.0,12331,3815,-62,-400,-180,64.31,35.68,100.0
2026-06-02,2312,金寶,40.95,43.5,38.85,41.3,135198,82467,-2705,12,-184,10.81,89.18,100.0
2026-06-02,2313,華通,284.0,289.0,268.5,270.5,46492,12778,-11984,-989,-1237,23.68,76.31,100.0
2026-06-02,2314,台揚,16.5,16.55,16.15,16.3,498,0,7,0,0,1.59,98.4,100.0
2026-06-02,2316,楠梓電,167.0,167.0,157.5,161.0,4585,1879,598,-48,-77,33.69,66.3,100.0
2026-06-02,2317,鴻海,297.5,302.0,293.0,301.5,113076,42435,25502,2068,1,41.59,58.4,100.0
2026-06-02,2321,東訊,14.95,14.95,14.95,14.95,2,0,0,0,0,0.01,99.98,100.0
2026-06-02,2323,中環,10.7,11.6,10.55,11.6,33225,10159,4651,17,1735,10.84,89.15,100.0
2026-06-02,2324,仁寶,44.3,44.35,43.1,44.35,177995,66802,15081,-17296,756,41.02,58.97,100.0
2026-06-02,2327,國巨*,771.0,847.0,757.0,846.0,23216,0,1072,113,87,51.48,48.51,100.0
2026-06-02,2328,廣宇,64.4,64.5,59.0,61.7,72637,36397,-4903,16,-693,8.94,91.05,100.0
2026-06-02,2329,華泰,61.1,61.3,57.2,58.9,15484,5975,-1939,0,-501,10.89,89.1,100.0
2026-06-02,2330,台積電,2390.0,2400.0,2360.0,2380.0,41532,9691,391,-67,461,70.38,29.61,100.0
2026-06-02,2331,精英,26.0,26.5,24.8,25.6,36583,14231,-5074,0,19,5.83,94.16,100.0
2026-06-02,2332,友訊,17.0,17.4,16.55,17.3,9919,3873,2031,0,-14,11.51,88.48,100.0
2026-06-02,2337,旺宏,173.0,180.0,170.0,175.5,247731,153451,27576,3292,908,31.11,68.88,100.0
2026-06-02,2338,光罩,56.9,57.0,53.1,54.5,8447,2779,-219,0,-136,6.12,93.87,100.0
2026-06-02,2340,台亞,36.5,36.8,34.45,35.3,7734,2326,-73,0,-253,8.87,91.12,100.0
2026-06-02,2342,茂矽,41.75,42.4,39.7,40.6,4794,1883,207,0,0,5.76,94.23,100.0
2026-06-02,2344,華邦電,174.0,184.5,171.5,184.5,270430,154034,12925,12930,-21,25.05,74.94,100.0
2026-06-02,2345,智邦,2505.0,2520.0,2390.0,2425.0,3795,1191,373,-512,-175,58.28,41.71,100.0
2026-06-02,2347,聯強,86.4,94.0,86.4,91.5,20335,6250,-8691,9305,415,32.8,67.19,100.0
2026-06-02,2348,海悅,69.9,70.7,69.3,70.7,334,56,44,0,-4,0.93,99.06,100.0
2026-06-02,2349,錸德,14.45,15.0,13.85,14.7,12359,0,810,0,-5,14.13,85.86,100.0
2026-06-02,2351,順德,202.0,206.0,192.0,200.0,5245,2527,-512,105,-6,15.83,84.16,100.0
2026-06-02,2352,佳世達,30.65,31.5,30.15,31.5,21947,8561,2381,318,-10,10.45,89.54,100.0
2026-06-02,2353,宏碁,42.55,42.55,41.6,42.55,217599,71803,51535,-5226,-49,12.45,87.54,100.0
2026-06-02,2354,鴻準,63.5,64.5,62.8,64.0,30238,10645,6764,0,-97,11.22,88.77,100.0
2026-06-02,2355,敬鵬,60.5,61.8,58.7,60.1,16675,6385,202,-410,-255,15.2,84.79,100.0
2026-06-02,2356,英業達,77.0,83.5,75.3,80.6,295984,182013,-13233,9108,-1549,17.58,82.41,100.0
2026-06-02,2357,華碩,914.0,920.0,883.0,920.0,11557,3923,4002,735,-123,34.37,65.62,100.0
2026-06-02,2359,所羅門,151.0,151.0,139.0,143.5,6936,2381,-1112,0,-239,3.47,96.52,100.0
2026-06-02,2360,致茂,2570.0,2605.0,2390.0,2420.0,3018,630,882,-684,4,58.13,41.86,100.0
2026-06-02,2362,藍天,46.95,51.9,45.85,51.9,12900,5956,160,-1,29,10.32,89.67,100.0
2026-06-02,2363,矽統,68.2,69.8,64.1,66.8,18158,10313,-133,0,-106,8.54,91.45,100.0
2026-06-02,2364,倫飛,72.5,72.5,69.6,70.9,319,98,-65,0,0,15.65,84.34,100.0
2026-06-02,2365,昆盈,38.45,38.45,36.1,37.05,4576,1602,-880,0,-5,3.52,96.47,100.0
2026-06-02,2367,燿華,67.6,68.7,65.0,65.8,26666,12048,-2218,0,-477,6.38,93.61,100.0
2026-06-02,2368,金像電,1330.0,1330.0,1235.0,1275.0,7260,1880,1557,-1654,-10,26.31,73.68,100.0
2026-06-02,2369,菱生,39.35,39.35,35.9,36.65,26454,9623,-3434,0,-312,19.83,80.16,100.0
2026-06-02,2371,大同,30.25,30.35,29.5,29.85,18001,6200,-563,337,-94,7.65,92.34,100.0
2026-06-02,2373,震旦行,58.3,58.5,57.4,58.4,75,5,17,0,0,0.85,99.14,100.0
2026-06-02,2374,佳能,85.4,85.4,81.4,82.5,14325,5776,-1607,0,-184,6.21,93.78,100.0
2026-06-02,2375,凱美,160.5,162.5,150.0,162.5,4694,0,1023,0,-48,12.98,87.01,100.0
2026-06-02,2376,技嘉,387.5,395.0,379.5,390.5,25610,14062,-415,3252,-30,23.26,76.73,100.0
2026-06-02,2377,微星,145.0,152.5,142.0,149.0,98352,55026,-1624,804,360,13.16,86.83,100.0
2026-06-02,2379,瑞昱,612.0,653.0,602.0,653.0,11499,3576,-2553,3790,69,51.44,48.55,100.0
2026-06-02,2380,虹光,5.3,5.77,5.3,5.77,239,0,7,0,0,0.26,99.73,100.0
2026-06-02,2382,廣達,375.0,409.5,369.5,400.5,151608,68630,-14582,37188,-712,23.64,76.35,100.0
2026-06-02,2383,台光電,5060.0,5075.0,4820.0,4860.0,2172,817,7,-141,-63,43.45,56.54,100.0
2026-06-02,2385,群光,141.5,143.5,138.5,143.5,5327,1080,-1145,827,-131,18.85,81.14,100.0
2026-06-02,2387,精元,42.6,43.5,42.45,43.25,1734,330,732,0,-2,10.13,89.86,100.0
2026-06-02,2388,威盛,75.0,78.5,74.7,75.4,11184,5876,-1166,0,-93,13.43,86.56,100.0
2026-06-02,2390,云辰,11.65,11.7,11.2,11.7,2096,528,116,0,-7,3.47,96.52,100.0
2026-06-02,2392,正崴,42.3,42.3,40.4,41.75,3957,1578,2,0,-84,7.13,92.86,100.0
2026-06-02,2393,億光,64.5,64.8,63.2,64.6,3332,770,-1296,373,50,28.9,71.09,100.0
2026-06-02,2395,研華,520.0,530.0,508.0,515.0,6795,2384,-240,346,15,35.35,64.64,100.0
2026-06-02,2397,友通,65.6,66.2,63.8,64.5,729,278,13,0,0,12.59,87.4,100.0
2026-06-02,2399,映泰,51.0,51.9,49.05,50.1,11243,5644,-212,0,5,9.05,90.94,100.0
2026-06-02,2401,凌陽,29.65,30.1,28.2,28.9,11825,3835,2238,0,-155,13.61,86.38,100.0
2026-06-02,2402,毅嘉,70.0,70.1,68.0,68.7,6690,1868,-288,0,-488,6.11,93.27,100.0
2026-06-02,2404,漢唐,1175.0,1180.0,1135.0,1150.0,3749,1131,791,-1255,-40,32.86,67.13,100.0
2026-06-02,2405,輔信,18.55,20.2,18.45,20.2,33872,15172,-1599,0,18,5.22,94.77,100.0
2026-06-02,2406,國碩,36.2,37.65,34.2,35.8,19889,10395,-1281,0,23,19.16,80.83,100.0
2026-06-02,2408,南亞科,401.0,419.5,395.0,419.5,171631,104171,18321,5366,102,15.6,84.39,100.0
2026-06-02,2409,友達,24.05,26.15,23.3,26.15,720567,374037,47814,2,3851,13.16,86.83,100.0
2026-06-02,2412,中華電,140.0,142.5,140.0,142.0,19551,5403,-4824,7593,-20,17.03,31.96,49.0
2026-06-02,2413,環科,53.0,53.4,50.7,53.3,5867,2916,-150,0,1,4.06,95.93,100.0
2026-06-02,2414,精技,52.4,52.4,51.4,51.8,268,54,69,0,0,5.52,94.47,100.0
2026-06-02,2415,錩新,27.25,27.75,26.9,27.6,219,37,37,0,-4,21.11,78.88,100.0
2026-06-02,2417,圓剛,54.2,54.4,51.3,52.0,9722,3986,-761,0,-8,3.65,96.34,100.0
2026-06-02,2419,仲琦,32.5,33.25,31.5,33.15,3718,1611,668,0,-76,1.89,98.1,100.0
2026-06-02,2420,新巨,64.0,64.5,63.3,63.8,697,189,93,0,-3,7.97,92.02,100.0
2026-06-02,2421,建準,166.0,171.0,162.5,164.5,8594,3420,-424,105,-25,29.78,70.21,100.0
2026-06-02,2423,固緯,82.9,82.9,79.6,81.4,265,89,37,0,-2,4.99,95.0,100.0
2026-06-02,2424,隴華,13.55,13.55,12.75,12.75,155,0,1,0,0,0.47,48.52,49.0
2026-06-02,2425,承啟,37.0,37.55,35.55,36.05,1206,441,-95,0,4,10.34,89.65,100.0
2026-06-02,2426,鼎元,78.0,79.9,70.0,71.5,18850,7617,-2436,98,0,6.07,93.92,100.0
2026-06-02,2427,三商電,22.1,24.25,21.85,24.25,5407,1525,-77,0,39,3.52,96.47,100.0
2026-06-02,2428,興勤,285.5,292.0,267.0,276.5,2947,1020,663,71,-47,19.42,80.57,100.0
2026-06-02,2429,銘旺科,49.1,49.1,45.4,45.9,1157,0,-55,0,0,0.85,99.14,100.0
2026-06-02,2430,燦坤,18.35,18.65,18.35,18.55,164,6,62,0,0,2.9,97.09,100.0
2026-06-02,2431,聯昌,10.9,10.95,10.55,10.95,847,0,-166,0,0,2.03,97.96,100.0
2026-06-02,2432,倚天,26.8,28.0,26.8,27.95,223,38,12,0,-14,0.71,99.28,100.0
2026-06-02,2432,倚天酷碁-創,26.8,28.0,26.8,27.95,223,38,12,0,-14,0.71,99.28,100.0
2026-06-02,2433,互盛電,43.55,43.85,43.35,43.8,71,5,20,0,0,0.93,99.06,100.0
2026-06-02,2434,統懋,37.15,37.2,35.1,35.9,283,98,-16,0,0,1.08,98.91,100.0
2026-06-02,2436,偉詮電,75.9,76.5,72.8,73.8,6226,2000,432,0,-70,11.34,88.65,100.0
2026-06-02,2438,翔耀,27.35,27.35,25.9,26.3,543,0,77,0,-1,1.07,98.92,100.0
2026-06-02,2439,美律,92.6,94.2,91.2,93.5,4780,1107,719,-273,182,13.05,86.94,100.0
2026-06-02,2440,太空梭,18.7,18.7,17.75,18.15,802,257,-62,0,-5,2.55,97.44,100.0
2026-06-02,2441,超豐,136.0,137.5,129.5,134.0,11087,3089,1682,218,-271,10.18,89.81,100.0
2026-06-02,2442,新美齊,19.0,19.0,18.7,18.9,2083,310,-588,0,-2,1.88,98.11,100.0
2026-06-02,2444,兆勁,12.6,13.25,12.35,13.2,1135,0,269,0,0,3.23,96.76,100.0
2026-06-02,2449,京元電子,320.5,324.0,298.0,306.5,48921,18168,-957,-12549,-249,29.5,70.49,100.0
2026-06-02,2450,神腦,30.8,30.9,30.4,30.9,725,162,63,0,6,1.27,98.72,100.0
2026-06-02,2451,創見,364.0,379.0,350.5,363.5,14115,7346,528,-2483,-30,12.27,87.72,100.0
2026-06-02,2453,凌群,63.4,63.5,60.4,61.6,1908,531,-68,0,0,4.85,95.14,100.0
2026-06-02,2454,聯發科,4970.0,4970.0,4380.0,4525.0,15626,5777,-661,-745,-391,56.22,43.77,100.0
2026-06-02,2455,全新,420.0,420.0,393.5,399.0,1385,0,-103,-23,-8,26.56,73.43,100.0
2026-06-02,2457,飛宏,26.85,26.85,26.0,26.5,4168,1679,147,0,-12,6.98,93.01,100.0
2026-06-02,2458,義隆,168.0,168.5,162.5,167.5,3289,1095,-804,862,-15,23.92,76.07,100.0
2026-06-02,2459,敦吉,67.0,70.9,67.0,70.9,923,151,9,0,109,16.66,83.33,100.0
2026-06-02,2460,建通,32.9,35.95,32.25,35.7,2635,0,6,0,-7,1.0,98.99,100.0
2026-06-02,2461,光群雷,17.15,17.8,16.9,17.55,2028,371,548,0,-4,6.02,93.97,100.0
2026-06-02,2462,良得電,23.8,24.45,22.75,24.15,2763,808,-324,0,0,1.37,98.62,100.0
2026-06-02,2464,盟立,200.0,200.0,182.5,185.0,17736,6913,-3497,44,-200,11.3,88.69,100.0
2026-06-02,2465,麗臺,90.3,92.0,86.1,89.1,3519,1708,-367,0,-1,6.05,93.94,100.0
2026-06-02,2466,冠西電,47.0,47.0,45.6,45.7,263,68,17,0,-1,10.48,89.51,100.0
2026-06-02,2467,志聖,637.0,637.0,582.0,588.0,3530,771,-991,-95,27,19.7,80.29,100.0
2026-06-02,2468,華經,40.05,40.15,38.9,40.15,4367,1696,-100,0,-4,1.87,98.12,100.0
2026-06-02,2471,資通,55.0,55.8,53.4,54.2,1229,438,92,0,-8,5.66,94.33,100.0
2026-06-02,2472,立隆電,387.0,387.0,353.0,380.0,4684,0,-96,-30,-19,10.42,89.57,100.0
2026-06-02,2474,可成,245.5,245.5,245.5,245.5,21179,4989,297,-2769,-6,21.52,78.47,100.0
2026-06-02,2476,鉅祥,122.5,123.0,114.5,119.0,5706,1950,115,-537,212,10.07,89.92,100.0
2026-06-02,2477,美隆電,22.5,22.5,21.95,22.3,386,92,-25,0,0,23.5,76.49,100.0
2026-06-02,2478,大毅,144.0,145.0,130.0,143.0,3194,0,173,0,-5,15.97,84.02,100.0
2026-06-02,2480,敦陽科,161.5,162.5,157.5,159.5,1247,396,-99,-62,5,10.1,89.89,100.0
2026-06-02,2481,強茂,157.5,158.5,144.5,146.0,42083,20787,-2867,-862,-686,18.51,81.48,100.0
2026-06-02,2482,連宇,16.8,17.05,16.5,17.05,320,76,24,0,-3,1.61,98.38,100.0
2026-06-02,2483,百容,25.9,25.9,24.65,25.5,777,320,54,0,-1,2.68,97.31,100.0
2026-06-02,2484,希華,53.0,53.1,50.0,51.9,12711,5519,1967,0,-10,7.65,92.34,100.0
2026-06-02,2485,兆赫,72.8,73.8,69.1,69.9,15331,5613,-461,0,-228,2.03,97.96,100.0
2026-06-02,2486,一詮,268.5,276.0,248.0,253.5,10774,4709,-517,-1022,-145,13.21,86.78,100.0
2026-06-02,2488,漢平,54.1,54.4,53.6,53.7,223,41,-95,0,0,6.98,93.01,100.0
2026-06-02,2489,瑞軒,49.7,50.8,47.15,47.8,31703,14780,-688,6,-109,6.46,93.53,100.0
2026-06-02,2491,吉祥全,28.15,28.15,28.15,28.15,2674,1059,-25,0,-2,6.85,93.14,100.0
2026-06-02,2492,華新科,391.0,456.0,374.5,456.0,8894,0,2482,768,212,25.82,74.17,100.0
2026-06-02,2493,揚博,154.0,156.5,146.0,147.0,2801,1059,-103,0,-37,2.56,97.43,100.0
2026-06-02,2495,普安,51.2,53.0,48.75,51.6,15066,8554,592,6,-41,10.79,89.2,100.0
2026-06-02,2496,卓越,64.7,65.0,64.5,64.6,35,3,0,0,0,23.26,76.73,100.0
2026-06-02,2497,怡利電,64.3,64.9,60.5,61.8,3410,1288,-55,0,-29,3.32,96.67,100.0
2026-06-02,2498,宏達電,46.0,50.0,45.9,50.0,37219,15708,8688,-6,1302,9.81,90.18,100.0
2026-06-02,2501,國建,22.9,22.9,22.6,22.7,2458,352,-969,-169,-6,11.13,88.86,100.0
2026-06-02,2504,國產,35.6,35.8,35.2,35.2,3748,1005,104,-1346,40,7.15,92.84,100.0
2026-06-02,2505,國揚,17.45,17.55,17.35,17.5,218,24,-53,0,-1,3.55,96.44,100.0
2026-06-02,2506,太設,8.73,8.78,8.65,8.73,151,4,40,0,0,4.84,95.15,100.0
2026-06-02,2509,全坤建,12.25,12.4,12.15,12.35,214,9,21,0,0,1.36,98.63,100.0
2026-06-02,2511,太子,7.84,7.89,7.78,7.88,1657,326,-151,0,-48,2.37,97.62,100.0
2026-06-02,2514,龍邦,13.55,13.75,13.15,13.35,359,78,-46,0,5,2.27,97.72,100.0
2026-06-02,2515,中工,12.85,12.85,12.65,12.75,7754,1763,-186,-4,-3,7.1,92.89,100.0
2026-06-02,2516,新建,12.7,12.7,12.3,12.45,191,0,-1,0,2,2.4,97.59,100.0
2026-06-02,2520,冠德,30.9,31.35,30.55,31.2,1781,211,875,-3,-1,12.23,87.76,100.0
2026-06-02,2524,京城,35.45,35.8,33.5,33.95,349,89,174,0,4,0.76,99.23,100.0
2026-06-02,2527,宏璟,37.0,37.0,36.05,36.6,395,141,13,0,-2,42.35,57.64,100.0
2026-06-02,2528,皇普,20.1,20.4,20.1,20.2,439,83,26,-2,0,1.08,98.91,100.0
2026-06-02,2530,華建,19.7,19.7,18.55,18.8,1561,243,174,0,-736,2.95,97.04,100.0
2026-06-02,2534,宏盛,17.2,17.2,16.95,17.15,1175,194,-314,0,-13,6.1,93.89,100.0
2026-06-02,2535,達欣工,82.4,82.8,80.0,81.3,504,111,-135,0,-5,6.61,93.38,100.0
2026-06-02,2536,宏普,19.75,19.85,19.6,19.65,541,90,63,0,-12,8.9,91.09,100.0
2026-06-02,2537,聯上發,10.05,10.15,9.82,9.98,1236,410,-13,0,2,2.11,97.88,100.0
2026-06-02,2538,基泰,9.64,9.7,9.5,9.51,1154,45,-326,0,13,9.92,90.07,100.0
2026-06-02,2539,櫻花建,36.8,36.95,35.55,36.0,1849,422,-340,9,-5,1.79,98.2,100.0
2026-06-02,2540,愛山林,54.2,54.4,53.0,53.0,614,156,-195,0,1,1.49,98.5,100.0
2026-06-02,2542,興富發,42.5,43.25,42.25,42.45,23826,6576,-7908,10329,142,10.56,89.43,100.0
2026-06-02,2543,皇昌,47.0,47.4,45.6,45.75,1920,557,-119,0,-11,1.1,98.89,100.0
2026-06-02,2545,皇翔,37.0,37.55,37.0,37.5,464,68,237,0,-7,2.72,97.27,100.0
2026-06-02,2546,根基,87.3,87.6,85.6,86.8,154,18,-42,0,0,3.44,96.55,100.0
2026-06-02,2547,日勝生,9.99,10.35,9.98,10.25,6334,1363,-910,-5,-26,12.83,87.16,100.0
2026-06-02,2548,華固,113.0,113.0,103.5,104.5,11119,1164,-1186,-58,202,15.77,84.22,100.0
2026-06-02,2596,綠意,27.85,29.1,27.65,29.05,256,59,-1,0,0,0.7,99.29,100.0
2026-06-02,2597,潤弘,168.0,180.0,166.5,173.5,3924,1340,-278,1850,82,3.13,96.86,100.0
2026-06-02,2601,益航,6.33,6.33,6.27,6.33,6290,0,37,0,13,13.14,36.84,49.99
2026-06-02,2603,長榮,225.0,231.0,220.5,231.0,35901,9494,-7856,14904,903,20.26,29.72,49.99
2026-06-02,2605,新興,33.2,33.6,32.25,33.2,8250,3467,140,0,-233,49.92,0.06,49.99
2026-06-02,2606,裕民,72.0,72.0,69.7,72.0,5864,1968,-1380,197,9,15.05,34.93,49.99
2026-06-02,2607,榮運,48.45,48.75,48.1,48.65,483,58,-36,0,-1,8.51,41.47,49.99
2026-06-02,2608,嘉里大榮,29.4,29.75,29.3,29.75,403,58,35,0,2,3.21,96.78,100.0
2026-06-02,2609,陽明,55.0,55.0,52.9,53.6,71874,22405,19358,-30584,80,15.78,34.2,49.99
2026-06-02,2610,華航,19.5,19.5,19.15,19.5,47507,15083,-2631,4117,-390,13.05,36.93,49.99
2026-06-02,2611,志信,13.9,13.9,13.35,13.6,750,237,-69,0,0,1.06,98.93,100.0
2026-06-02,2612,中航,57.0,57.2,55.9,56.6,597,122,-180,0,-4,3.89,96.1,100.0
2026-06-02,2613,中櫃,22.8,22.8,22.15,22.5,532,144,-200,0,-5,1.33,31.99,33.33
2026-06-02,2614,東森,18.75,18.75,18.3,18.45,1038,209,-69,0,-5,3.14,46.84,49.99
2026-06-02,2615,萬海,84.5,84.9,82.5,84.2,11276,4671,-683,-6,82,42.89,7.09,49.99
2026-06-02,2616,山隆,13.8,13.8,13.4,13.6,433,86,31,0,-3,2.14,97.85,100.0
2026-06-02,2617,台航,29.7,29.7,29.15,29.5,927,297,-193,0,-1,8.69,41.29,49.99
2026-06-02,2618,長榮航,37.4,37.8,36.65,37.25,84389,18383,-38331,41577,-238,20.65,29.33,49.99
2026-06-02,2630,亞航,44.05,44.05,42.55,42.85,947,131,-458,0,0,4.01,95.98,100.0
2026-06-02,2633,台灣高鐵,25.0,25.5,25.0,25.3,15381,3990,-77,364,0,7.94,41.04,48.99
2026-06-02,2634,漢翔,48.15,48.2,46.95,47.2,4509,937,-880,-2,-5,2.89,7.1,10.0
2026-06-02,2636,台驊控股,69.5,70.0,68.6,69.8,613,147,-105,0,19,9.47,90.52,100.0
2026-06-02,2637,慧洋-KY,78.7,78.7,75.6,77.0,5354,1705,389,-2066,-156,19.11,80.88,100.0
2026-06-02,2640,大車隊,159.5,160.0,157.0,157.0,36,1,-27,0,0,4.72,95.27,100.0
2026-06-02,2641,正德,19.05,19.7,18.85,19.7,15378,4943,-866,0,7,2.81,97.18,100.0
2026-06-02,2642,宅配通,21.5,21.5,20.85,20.95,156,3,-40,0,0,5.23,94.76,100.0
2026-06-02,2643,捷迅,66.4,66.8,65.9,66.4,49,5,13,0,0,1.45,98.54,100.0
2026-06-02,2644,中信造船,77.56,77.9,74.6,76.1,68,0,-2,0,0,0.0,0.0,0.0
2026-06-02,2645,長榮航太,172.0,172.0,164.0,166.0,2121,305,-902,30,-64,7.45,92.54,100.0
2026-06-02,2646,星宇航空,20.7,21.0,20.45,20.9,9998,2384,2261,0,-29,2.97,47.01,49.99
2026-06-02,2701,萬企,10.3,10.35,10.25,10.25,58,3,13,0,0,0.56,99.43,100.0
2026-06-02,2702,華園,13.5,13.5,13.1,13.2,79,7,-29,0,-4,39.43,60.56,100.0
2026-06-02,2704,國賓,42.3,42.55,42.15,42.4,141,25,31,0,-1,9.79,90.2,100.0
2026-06-02,2705,六福,15.35,15.4,15.2,15.4,163,7,-26,0,0,1.42,98.57,100.0
2026-06-02,2706,第一店,12.0,12.05,11.8,12.0,220,31,41,0,0,2.67,97.32,100.0
2026-06-02,2707,晶華,173.5,175.0,172.5,174.5,252,26,99,0,0,5.8,94.19,100.0
2026-06-02,2712,遠雄來,15.35,15.35,15.0,15.3,11,0,6,0,0,0.32,99.67,100.0
2026-06-02,2718,晶悅,46.55,46.75,46.55,46.75,42,0,-2,0,0,0.58,99.41,100.0
2026-06-02,2718,全心投控,46.55,46.75,46.55,46.75,42,0,-2,0,0,0.58,99.41,100.0
2026-06-02,2719,燦星旅,25.0,25.05,25.0,25.0,29,1,5,0,0,0.2,99.79,100.0
2026-06-02,2722,夏都,22.8,22.8,22.5,22.6,49,3,9,0,1,0.38,99.61,100.0
2026-06-02,2723,美食-KY,62.1,63.0,62.1,62.8,297,34,105,0,-2,46.15,53.84,100.0
2026-06-02,2724,富驛-KY,0.0,0.0,0.0,0.0,0,0,0,0,0,15.09,84.9,100.0
2026-06-02,2724,藝舍-KY,0.0,0.0,0.0,0.0,0,0,0,0,0,15.09,84.9,100.0
2026-06-02,2726,雅茗-KY,10.1,10.15,9.59,9.98,27,0,2,0,0,23.52,76.47,100.0
2026-06-02,2727,王品,236.0,238.5,234.5,237.5,442,100,-6,-18,-1,27.19,72.8,100.0
2026-06-02,2729,瓦城,158.0,158.5,157.5,158.5,25,2,2,0,0,2.09,97.9,100.0
2026-06-02,2731,雄獅,170.0,171.5,168.5,169.5,1444,218,-207,0,34,11.69,88.3,100.0
2026-06-02,2732,六角,64.3,65.7,64.2,64.8,43,9,-5,0,0,4.32,95.67,100.0
2026-06-02,2733,維格餅家,10.79,11.05,11.05,11.05,1,0,0,0,0,0.0,0.0,0.0
2026-06-02,2734,易飛網,15.1,15.1,15.0,15.1,69,3,0,0,0,3.86,96.13,100.0
2026-06-02,2736,富野,12.05,12.2,12.0,12.1,66,19,3,0,0,1.04,98.95,100.0
2026-06-02,2739,寒舍,35.4,35.5,34.9,35.35,157,21,44,0,-3,2.71,97.28,100.0
2026-06-02,2740,天蔥,34.75,36.4,34.75,36.4,5,0,0,0,0,1.66,98.33,100.0
2026-06-02,2740,華軒,34.75,36.4,34.75,36.4,5,0,0,0,0,1.66,98.33,100.0
2026-06-02,2741,老四川,20.89,21.2,20.3,21.1,12,0,2,0,0,0.0,0.0,0.0
2026-06-02,2743,山富,69.6,69.6,68.6,69.2,110,24,-2,0,0,1.49,98.5,100.0
2026-06-02,2745,五福,104.0,104.0,102.0,103.0,293,34,35,0,0,1.42,98.57,100.0
2026-06-02,2748,雲品,39.4,39.65,39.2,39.65,89,4,23,0,0,1.11,98.88,100.0
2026-06-02,2751,王座,52.8,53.3,52.0,52.5,9,0,-3,0,0,0.41,99.58,100.0
2026-06-02,2752,豆府,171.0,172.0,171.0,172.0,33,0,4,0,0,1.3,98.69,100.0
2026-06-02,2753,八方雲集,178.0,179.0,176.5,179.0,233,34,-26,-4,0,3.44,96.55,100.0
2026-06-02,2754,亞洲藏壽司,67.6,67.8,67.0,67.8,42,5,11,0,0,67.87,32.12,100.0
2026-06-02,2755,揚秦,133.0,135.0,133.0,134.5,32,4,-4,0,0,1.13,98.86,100.0
2026-06-02,2756,聯發國際,59.7,59.7,59.4,59.6,5,0,0,0,0,1.24,98.75,100.0
2026-06-02,2758,路易莎咖啡,67.86,68.0,65.2,68.0,11,0,2,0,0,0.0,0.0,0.0
2026-06-02,2760,巨宇翔,20.7,0.0,0.0,0.0,0,0,0,0,0,0.0,0.0,0.0
2026-06-02,2761,橘焱胡同,15.09,15.35,14.7,15.2,28,0,0,0,0,0.0,0.0,0.0
2026-06-02,2762,世界健身-KY,84.3,85.4,84.0,84.5,40,5,5,0,0,82.68,17.31,100.0
2026-06-02,2801,彰銀,20.4,20.65,20.3,20.6,36952,6703,-11072,10488,-30,16.88,83.11,100.0
2026-06-02,2812,台中銀,18.35,18.75,18.25,18.7,18764,3201,-654,166,-72,7.71,92.28,100.0
2026-06-02,2816,旺旺保,33.5,33.7,32.6,33.0,507,83,-60,0,6,2.04,97.95,100.0
2026-06-02,2820,華票,16.7,17.0,16.7,17.0,2373,255,1064,-208,-2,8.59,91.4,100.0
2026-06-02,2832,台產,53.5,53.9,53.2,53.7,191,27,14,0,9,4.03,95.96,100.0
2026-06-02,2834,臺企銀,16.15,16.3,16.1,16.3,29839,3647,10942,-31,-109,16.15,83.84,100.0
2026-06-02,2836,高雄銀,11.7,11.9,11.7,11.9,2578,854,324,0,-4,7.27,92.72,100.0
2026-06-02,2838,聯邦銀,20.45,20.75,20.3,20.6,1881,408,720,-6,-37,4.26,95.73,100.0
2026-06-02,2845,遠東銀,12.1,12.15,12.0,12.1,10123,2019,1042,-7,-89,8.55,91.44,100.0
2026-06-02,2849,安泰銀,13.95,14.0,13.8,14.0,116,25,75,0,-5,58.9,41.09,100.0
2026-06-02,2850,新產,140.5,142.0,139.5,142.0,584,156,74,-29,26,10.33,89.66,100.0
2026-06-02,2851,中再保,35.05,35.1,34.9,35.05,1246,312,136,-163,-11,8.76,91.23,100.0
2026-06-02,2852,第一保,27.5,27.5,27.05,27.3,592,61,-84,0,-10,4.82,95.17,100.0
2026-06-02,2855,統一證,48.2,50.5,47.2,49.45,21036,6510,-8663,9343,0,13.24,86.75,100.0
2026-06-02,2867,三商壽,7.63,7.8,7.61,7.79,20130,4459,6425,0,3107,18.47,81.52,100.0
2026-06-02,2880,華南金,32.5,34.4,32.4,34.05,115623,33392,-47652,57949,-125,15.44,84.55,100.0
2026-06-02,2881,富邦金,110.5,113.5,109.0,113.5,97486,40784,5760,3477,-36,18.25,81.74,100.0
2026-06-02,2882,國泰金,88.5,89.2,86.6,89.2,57830,19418,9164,-11502,541,21.75,78.24,100.0
2026-06-02,2883,凱基金,22.55,23.45,22.3,23.4,212718,68269,-62749,100003,2885,30.16,69.83,100.0
2026-06-02,2884,玉山金,31.4,32.2,31.4,32.2,78075,15978,4307,17874,-460,30.42,69.57,100.0
2026-06-02,2885,元大金,59.1,59.9,58.9,59.6,30836,6428,12339,-14805,-222,26.61,73.38,100.0
2026-06-02,2886,兆豐金,41.2,42.4,41.05,41.7,69614,25202,-6836,25584,-254,21.5,78.49,100.0
2026-06-02,2887,台新新光金,24.45,26.1,24.3,26.1,254723,63623,-51522,134577,-8510,22.56,77.43,100.0
2026-06-02,2889,國票金,14.65,14.8,14.5,14.75,5203,1676,2,-6,-150,8.46,91.53,100.0
2026-06-02,2890,永豐金,30.4,31.0,30.3,31.0,53360,11377,23190,1085,-263,28.39,71.6,100.0
2026-06-02,2891,中信金,62.0,64.4,61.8,64.1,70381,13578,-7509,17715,451,34.38,65.61,100.0
2026-06-02,2892,第一金,27.75,28.2,27.7,28.15,57901,10325,4149,14287,-84,24.72,75.27,100.0
2026-06-02,2897,王道銀行,9.92,10.05,9.9,10.0,6829,938,4288,-388,29,6.95,93.04,100.0
2026-06-02,2901,欣欣,22.9,23.5,22.9,23.5,105,25,9,0,0,0.32,99.67,100.0
2026-06-02,2903,遠百,21.8,22.2,21.75,22.15,3333,326,594,-178,1,7.56,92.43,100.0
2026-06-02,2904,匯僑,14.2,14.3,14.05,14.2,39,6,7,0,0,0.68,99.31,100.0
2026-06-02,2905,三商,13.7,14.1,13.6,14.0,980,133,269,0,-17,3.68,96.31,100.0
2026-06-02,2906,高林,12.5,12.6,12.45,12.5,313,10,-29,0,-6,1.68,98.31,100.0
2026-06-02,2908,特力,21.5,21.75,21.45,21.75,498,23,116,0,0,1.72,98.27,100.0
2026-06-02,2910,統領,22.35,22.35,21.85,22.0,10,1,8,0,0,0.28,99.71,100.0
2026-06-02,2911,麗嬰房,8.15,8.23,7.74,8.0,336,0,8,0,0,20.89,79.1,100.0
2026-06-02,2912,統一超,225.5,233.5,220.0,233.0,13702,4199,-4933,7748,-11,15.31,84.68,100.0
2026-06-02,2913,農林,11.2,11.3,11.0,11.3,2276,405,-13,0,-31,5.51,94.48,100.0
2026-06-02,2915,潤泰全,45.15,46.15,44.95,45.9,2740,488,-130,-62,-8,5.16,94.83,100.0
2026-06-02,2916,滿心,43.45,43.45,43.2,43.35,104,3,-6,0,0,21.14,78.85,100.0
2026-06-02,2923,鼎固-KY,25.4,26.6,25.0,26.2,139,0,84,0,1,99.42,0.57,100.0
2026-06-02,2924,宏太-KY,15.35,16.3,15.25,16.3,5,0,0,0,0,66.79,33.2,100.0
2026-06-02,2926,誠品生活,34.65,34.65,34.0,34.5,28,6,2,0,0,1.13,98.86,100.0
2026-06-02,2929,淘帝-KY,5.8,6.2,5.8,6.05,689,152,-68,0,0,17.21,82.78,100.0
2026-06-02,2937,集雅社,48.6,48.6,47.95,48.5,8,0,-1,0,2,0.08,99.91,100.0
2026-06-02,2938,床的世界,22.14,23.05,23.05,23.05,0,0,0,0,0,0.0,0.0,0.0
2026-06-02,2939,永邑-KY,22.2,22.2,21.05,21.05,24,9,5,0,0,19.73,80.26,100.0
2026-06-02,2940,歐都納,23.96,0.0,0.0,0.0,0,0,0,0,0,0.0,0.0,0.0
2026-06-02,2941,米斯特,30.35,30.75,30.0,30.75,15,0,1,0,0,0.49,99.5,100.0
2026-06-02,2942,京站,37.6,38.0,37.6,37.6,1,0,0,0,0,0.0,0.0,0.0
2026-06-02,2945,三商家購,41.7,42.3,41.2,42.3,58,0,-2,0,-1,0.41,99.58,100.0
2026-06-02,2947,振宇五金,77.5,77.5,77.3,77.3,13,0,0,0,0,0.09,99.9,100.0
2026-06-02,2948,寶陞,36.35,37.9,36.35,37.9,2,0,0,0,0,0.01,99.98,100.0
2026-06-02,2949,欣新網,63.5,63.5,62.9,63.5,13,0,0,0,0,0.02,99.97,100.0
2026-06-02,3002,歐格,20.25,20.95,18.45,20.45,3729,2146,-253,0,3,2.76,97.23,100.0
2026-06-02,3003,健和興,62.1,62.1,60.3,61.8,1100,280,84,0,3,3.73,96.26,100.0
2026-06-02,3004,豐達科,123.5,123.5,118.5,119.5,673,129,-67,0,-37,2.46,97.53,100.0
2026-06-02,3005,神基,108.0,109.5,106.5,108.5,10565,4033,-436,-1520,93,11.52,88.47,100.0
2026-06-02,3006,晶豪科,254.0,272.0,249.5,267.5,40169,21986,3999,32,141,34.2,65.79,100.0
2026-06-02,3008,大立光,3780.0,3850.0,3705.0,3850.0,1408,0,-140,-3,1,33.9,66.09,100.0
2026-06-02,3010,華立,138.5,141.0,136.5,141.0,1442,282,221,68,6,18.34,81.65,100.0
2026-06-02,3011,今皓,14.95,15.15,14.1,14.9,6785,2525,-228,0,-1,4.79,95.2,100.0
2026-06-02,3013,晟銘電,129.5,135.5,129.5,133.5,27832,13120,-268,0,287,4.61,95.38,100.0
2026-06-02,3014,聯陽,152.0,153.5,148.5,151.0,2567,630,-21,292,-3,22.63,77.36,100.0
2026-06-02,3015,全漢,55.4,55.5,53.1,54.5,3333,901,-660,106,12,9.02,90.97,100.0
2026-06-02,3016,嘉晶,124.5,126.5,118.5,118.5,7910,3155,789,0,-149,5.0,94.99,100.0
2026-06-02,3017,奇鋐,2800.0,2835.0,2650.0,2700.0,4220,1715,-272,-118,-5,52.75,47.24,100.0
2026-06-02,3018,隆銘綠能,9.54,9.54,9.42,9.42,32,0,0,0,0,0.22,99.77,100.0
2026-06-02,3019,亞光,157.5,157.5,150.0,152.5,7761,3415,-1409,0,-112,6.95,93.04,100.0
2026-06-02,3021,鴻名,36.4,36.4,33.25,36.4,7587,0,-46,0,19,3.78,96.21,100.0
2026-06-02,3022,威強電,76.8,77.7,75.6,77.7,1782,369,671,-130,-9,16.48,83.51,100.0
2026-06-02,3023,信邦,316.0,318.0,306.5,313.0,1688,435,270,-213,-7,45.57,54.42,100.0
2026-06-02,3024,憶聲,14.15,14.15,13.3,13.8,4245,1020,988,0,17,3.52,96.47,100.0
2026-06-02,3025,星通,72.5,73.3,70.0,72.1,1100,339,-74,0,0,7.75,92.24,100.0
2026-06-02,3026,禾伸堂,640.0,650.0,605.0,650.0,3276,0,-24,5,-16,16.92,83.07,100.0
2026-06-02,3027,盛達,20.0,20.05,19.55,20.05,687,176,50,0,-15,1.79,98.2,100.0
2026-06-02,3028,增你強,81.8,84.0,80.6,84.0,4333,1358,1279,0,35,12.86,87.13,100.0
2026-06-02,3029,零壹,115.5,116.0,110.0,114.5,12734,4644,-889,-12,-245,3.16,96.83,100.0
2026-06-02,3030,德律,403.0,403.0,368.0,371.0,8973,2368,-3049,0,-81,12.87,87.12,100.0
2026-06-02,3031,佰鴻,32.5,32.65,31.3,31.95,2076,796,-242,0,-1,2.67,97.32,100.0
2026-06-02,3032,偉訓,91.5,92.8,86.4,88.0,2840,893,-553,0,-6,1.15,98.84,100.0
2026-06-02,3033,威健,48.85,49.7,48.45,49.7,7798,2429,1700,-22,35,21.97,78.02,100.0
2026-06-02,3034,聯詠,498.0,510.0,493.0,507.0,10893,3136,-180,1555,49,36.65,63.34,100.0
2026-06-02,3035,智原,212.0,217.0,201.0,209.5,14574,7756,-631,0,279,8.25,91.74,100.0
2026-06-02,3036,文曄,296.5,301.0,285.0,290.5,18458,5952,7717,-8743,8,22.31,77.65,100.0
2026-06-02,3037,欣興,1050.0,1050.0,950.0,975.0,29360,9534,-2748,-4189,-358,38.48,61.51,100.0
2026-06-02,3038,全台,24.0,24.15,23.3,23.8,753,184,-96,0,-3,9.06,90.93,100.0
2026-06-02,3040,遠見,41.2,41.25,40.05,40.45,532,53,-57,0,330,0.76,99.23,100.0
2026-06-02,3041,揚智,25.95,26.25,24.95,25.65,1576,654,-12,0,0,5.76,94.23,100.0
2026-06-02,3042,晶技,198.5,212.5,196.5,210.0,23254,14012,788,60,135,18.1,81.89,100.0
2026-06-02,3043,科風,21.7,21.8,21.15,21.55,163,28,-7,0,-1,1.68,98.31,100.0
2026-06-02,3044,健鼎,516.0,517.0,497.0,508.0,5329,1676,751,-942,-29,48.27,51.72,100.0
2026-06-02,3045,台灣大,114.0,115.5,114.0,115.5,18437,5163,-2332,6063,-313,13.69,32.85,46.55
2026-06-02,3046,建碁,63.6,63.7,61.0,62.1,2792,935,-193,0,11,4.42,95.57,100.0
2026-06-02,3047,訊舟,15.6,16.95,15.4,16.95,6126,1600,566,0,-17,4.04,95.95,100.0
2026-06-02,3048,益登,70.4,75.2,69.9,75.2,22576,8202,-2496,0,272,9.47,90.52,100.0
2026-06-02,3049,精金,13.5,14.4,12.9,14.4,32371,0,-1251,0,16,3.26,96.73,100.0
2026-06-02,3050,鈺德,12.75,13.25,12.55,13.2,1407,558,317,0,-8,7.59,92.4,100.0
2026-06-02,3051,力特,30.1,30.4,29.2,29.8,11735,3820,-1373,0,-4,1.79,98.2,100.0
2026-06-02,3052,夆典,10.65,10.65,10.55,10.6,592,169,-65,0,-10,1.68,98.31,100.0
2026-06-02,3054,立萬利,68.5,72.9,67.4,72.0,542,201,30,0,0,0.54,99.45,100.0
2026-06-02,3055,蔚華科,107.0,107.0,98.2,102.0,3776,1702,-31,0,-7,2.36,97.63,100.0
2026-06-02,3056,富華新,13.4,13.5,13.25,13.5,1413,225,351,0,1,4.1,95.89,100.0
2026-06-02,3057,喬鼎,22.4,22.95,21.65,21.95,744,0,-7,0,2,3.29,96.7,100.0
2026-06-02,3058,立德,9.99,10.0,9.33,9.99,5209,0,-1089,0,-13,2.18,97.81,100.0
2026-06-02,3059,華晶科,51.0,51.0,50.8,51.0,14608,113,1486,0,252,10.34,89.65,100.0
2026-06-02,3060,銘異,30.05,32.6,29.75,32.6,15593,5234,3271,0,15,11.11,88.88,100.0
2026-06-02,3062,建漢,31.3,31.7,30.1,31.4,14200,5423,3649,0,-41,13.86,86.13,100.0
2026-06-02,3064,泰偉,0.0,0.0,0.0,0.0,0,0,0,0,0,0.12,99.87,100.0
2026-06-02,3066,李洲,21.3,21.95,20.75,21.75,718,343,123,0,0,2.29,97.7,100.0
2026-06-02,3067,全域,19.5,19.5,19.3,19.3,2,0,0,0,0,0.02,99.97,100.0
2026-06-02,3071,協禧,33.65,34.45,33.15,33.5,1639,711,45,0,0,3.91,96.08,100.0
2026-06-02,3073,天方能源,20.5,20.85,20.3,20.5,135,36,13,0,0,2.13,97.86,100.0
2026-06-02,3078,僑威,59.1,60.4,58.1,59.0,3005,857,62,-273,-7,12.87,87.12,100.0
2026-06-02,3081,聯亞,2795.0,2865.0,2525.0,2575.0,2674,1384,-291,-192,-38,21.35,78.64,100.0
2026-06-02,3083,網龍,28.6,28.7,28.2,28.55,297,50,19,0,0,1.47,98.52,100.0
2026-06-02,3085,新零售,12.5,12.5,12.5,12.5,1,0,0,0,0,5.69,94.3,100.0
2026-06-02,3086,華義*,37.15,37.15,37.15,37.15,407,10,-25,0,9,40.29,59.7,100.0
2026-06-02,3088,艾訊,143.0,144.5,138.0,141.0,1761,582,521,0,-97,16.12,83.87,100.0
2026-06-02,3090,日電貿,233.0,233.0,215.0,220.0,2465,0,515,-411,152,12.88,87.11,100.0
2026-06-02,3092,鴻碩,31.95,32.35,30.4,30.75,988,368,-96,0,0,1.49,98.5,100.0
2026-06-02,3093,港建*,52.1,52.1,50.0,51.0,947,293,150,0,0,67.96,32.03,100.0
2026-06-02,3094,聯傑,34.3,35.5,32.7,33.75,1724,777,-341,0,0,2.77,97.22,100.0
2026-06-02,3095,及成,42.5,43.25,41.7,42.35,58,15,-9,0,1,3.55,96.44,100.0
2026-06-02,3097,拍檔,25.42,27.1,25.5,26.1,26,0,0,0,0,0.0,0.0,0.0
2026-06-02,3105,穩懋,538.0,554.0,515.0,519.0,33278,21962,-2854,-851,-759,22.23,77.76,100.0
2026-06-02,3114,好德,32.7,33.8,31.0,33.6,1898,649,78,0,-34,1.06,98.93,100.0
2026-06-02,3115,富榮綱,8.65,8.96,8.65,8.88,16,0,4,0,0,1.83,98.16,100.0
2026-06-02,3117,年程,29.36,30.3,27.8,28.1,206,0,-14,0,0,0.0,0.0,0.0
2026-06-02,3118,進階,33.55,33.65,33.25,33.5,63,18,4,0,0,0.36,99.63,100.0
2026-06-02,3122,笙泉,31.8,32.3,30.8,31.85,562,0,14,0,0,3.23,96.76,100.0
2026-06-02,3128,昇銳,23.95,25.85,23.8,25.6,2318,1139,33,0,0,1.79,98.2,100.0
2026-06-02,3130,一零四,220.5,221.5,220.5,221.5,31,3,-1,0,0,20.7,79.29,100.0
2026-06-02,3131,弘塑,3200.0,3315.0,3125.0,3305.0,511,212,9,0,-4,35.61,64.38,100.0
2026-06-02,3135,凌航,253.0,256.5,235.0,240.0,7240,3478,301,0,0,5.35,94.64,100.0
2026-06-02,3138,耀登,167.5,171.5,160.0,165.0,1079,481,-182,0,-3,2.08,97.91,100.0
2026-06-02,3141,晶宏,78.0,78.2,73.8,77.3,2523,789,336,0,-6,8.17,91.82,100.0
2026-06-02,3147,大綜,215.5,220.5,215.0,220.5,2251,339,151,0,-15,4.0,95.99,100.0
2026-06-02,3149,正達,86.1,86.1,83.5,86.1,37607,14372,5688,0,56,8.58,91.41,100.0
2026-06-02,3150,鈺寶-創,20.1,20.15,20.05,20.15,21,1,2,0,0,0.95,99.04,100.0
2026-06-02,3152,璟德,185.5,188.0,178.5,186.0,1711,526,429,0,2,19.01,80.98,100.0
2026-06-02,3158,嘉實,85.3,85.3,82.5,85.3,86,0,-77,0,0,1.38,98.61,100.0
2026-06-02,3162,精確,86.3,86.7,83.0,83.6,2273,628,-119,0,0,46.68,53.31,100.0
2026-06-02,3163,波若威,1100.0,1120.0,982.0,988.0,4829,1858,-1009,-426,-2,13.8,86.19,100.0
2026-06-02,3164,景岳,16.35,16.35,16.2,16.25,78,8,1,0,0,0.68,99.31,100.0
2026-06-02,3167,大量,797.0,845.0,784.0,840.0,833,0,357,-10,16,9.98,90.01,100.0
2026-06-02,3168,眾福科,50.4,50.4,48.0,48.25,113,20,-11,0,1,1.25,98.74,100.0
2026-06-02,3169,亞信,120.0,123.5,118.0,123.0,856,260,81,0,1,4.05,95.94,100.0
2026-06-02,3171,新洲,69.1,72.8,69.1,72.7,111,4,54,0,0,0.95,99.04,100.0
2026-06-02,3171,炎洲流通,69.1,72.8,69.1,72.7,111,4,54,0,0,0.95,99.04,100.0
2026-06-02,3176,基亞,32.45,33.15,32.25,32.6,554,151,-102,0,0,4.52,95.47,100.0
2026-06-02,3178,公準,70.0,70.0,68.0,68.8,150,31,-40,0,0,1.83,98.16,100.0
2026-06-02,3184,微邦,21.9,24.4,22.0,23.6,1150,0,90,0,0,0.0,0.0,0.0
2026-06-02,3188,鑫龍騰,22.55,22.75,22.45,22.6,250,34,-57,0,0,1.62,98.37,100.0
2026-06-02,3189,景碩,778.0,778.0,710.0,743.0,6753,0,159,-11,-691,23.07,76.92,100.0
2026-06-02,3191,雲嘉南,24.25,24.25,22.25,22.45,626,0,8,0,0,0.08,99.91,100.0
2026-06-02,3205,佰研,53.5,54.0,52.3,52.3,142,25,-51,0,0,1.12,98.87,100.0
2026-06-02,3206,志豐,41.0,41.9,39.7,40.4,472,170,-25,0,0,2.58,97.41,100.0
2026-06-02,3207,耀勝,68.0,74.5,67.5,71.7,2163,778,210,0,1,2.51,97.48,100.0
2026-06-02,3209,全科,75.3,77.8,74.6,77.8,2671,984,508,0,24,19.66,80.33,100.0
2026-06-02,3211,順達,436.0,441.5,416.0,422.0,9255,4330,-1412,-883,6,25.35,74.64,100.0
2026-06-02,3213,茂訊,123.5,124.0,121.0,124.0,616,127,142,0,0,8.33,91.66,100.0
2026-06-02,3217,優群,193.5,194.0,189.5,192.0,968,162,249,-152,1,10.26,89.73,100.0
2026-06-02,3218,大學光,140.0,141.5,138.0,138.0,266,36,-15,-6,0,5.99,94.0,100.0
2026-06-02,3219,倚強股份,81.2,84.0,78.8,79.5,511,206,-18,0,9,1.13,98.86,100.0
2026-06-02,3219,倚強科,81.2,84.0,78.8,79.5,511,206,-18,0,9,1.13,98.86,100.0
2026-06-02,3221,台嘉碩,57.0,57.9,54.7,57.3,6870,2789,1061,0,-21,7.12,92.87,100.0
2026-06-02,3224,三顧,38.8,38.95,38.05,38.5,186,35,36,0,0,0.8,99.19,100.0
2026-06-02,3226,龍鋒,46.0,47.0,45.85,46.1,33,4,1,0,0,0.05,99.94,100.0
2026-06-02,3227,原相,233.0,236.0,229.5,235.0,2907,1065,-101,440,9,21.67,78.32,100.0
2026-06-02,3228,金麗科,204.0,204.0,189.0,194.5,762,0,-31,0,-1,7.21,92.78,100.0
2026-06-02,3229,晟鈦,50.0,52.6,49.0,50.3,1622,0,-136,0,-4,1.7,98.29,100.0
2026-06-02,3230,錦明,31.0,31.0,30.1,30.7,647,223,29,0,0,1.95,98.04,100.0
2026-06-02,3231,緯創,179.0,191.0,177.0,191.0,282187,99339,91902,17001,1262,33.64,66.35,100.0
2026-06-02,3232,昱捷,22.85,23.0,22.4,22.8,122,21,18,0,0,7.9,92.09,100.0
2026-06-02,3234,光環,129.0,130.0,120.0,130.0,13447,0,5623,0,-78,8.35,91.64,100.0
2026-06-02,3236,千如,57.5,57.5,52.5,55.0,2761,0,462,0,25,18.36,81.63,100.0
2026-06-02,3252,海灣,17.7,17.8,17.7,17.8,13,0,5,0,0,2.28,97.71,100.0
2026-06-02,3257,虹冠電,66.1,66.2,61.3,63.1,1701,432,-155,0,0,0.82,99.17,100.0
2026-06-02,3259,鑫創,16.5,17.45,16.5,17.45,95,0,-2,0,0,10.94,89.05,100.0
2026-06-02,3260,威剛,434.0,469.5,430.0,469.5,60149,32008,6062,22,861,19.5,80.49,100.0
2026-06-02,3264,欣銓,224.5,225.5,213.0,214.5,20620,5439,8036,-11606,47,31.8,68.19,100.0
2026-06-02,3265,台星科,185.0,187.5,179.0,182.5,1752,646,43,0,-9,8.37,91.62,100.0
2026-06-02,3266,昇陽,12.8,12.95,12.6,12.75,83,16,5,0,-3,8.29,91.7,100.0
2026-06-02,3268,海德威,17.5,19.3,17.35,19.3,1775,781,118,0,1,1.05,98.94,100.0
2026-06-02,3272,東碩,18.3,18.3,17.7,17.9,148,24,9,0,0,0.59,99.4,100.0
2026-06-02,3276,宇環,14.9,15.1,14.25,14.8,271,82,-36,0,0,1.04,98.95,100.0
2026-06-02,3284,太普高,16.1,16.1,15.7,15.85,167,28,1,0,0,0.8,99.19,100.0
2026-06-02,3285,微端,30.35,30.9,30.15,30.75,81,2,1,0,0,12.96,87.03,100.0
2026-06-02,3287,廣寰科,38.4,38.4,36.0,37.2,656,191,101,0,0,1.23,98.76,100.0
2026-06-02,3288,點晶,20.05,20.05,20.05,20.05,96,0,0,0,32,0.14,99.85,100.0
2026-06-02,3289,宜特,168.5,169.0,160.5,164.5,1737,460,-101,0,-18,7.53,92.46,100.0
2026-06-02,3290,東浦,49.25,49.25,46.5,48.55,1055,389,-210,0,-30,6.63,93.36,100.0
2026-06-02,3293,鈊象,772.0,803.0,768.0,799.0,6079,1481,-12,2218,136,22.15,77.84,100.0
2026-06-02,3294,英濟,40.45,42.6,40.25,41.15,5655,2976,773,0,5,7.51,92.48,100.0
2026-06-02,3296,勝德,22.5,23.2,21.5,21.65,337,127,-57,0,0,2.2,97.79,100.0
2026-06-02,3297,杭特,31.1,34.2,30.7,34.2,401,69,57,0,0,3.42,96.57,100.0
2026-06-02,3303,岱稜,49.2,49.4,48.7,48.9,554,132,-21,0,0,4.34,95.65,100.0
2026-06-02,3305,昇貿,168.0,168.0,155.0,157.5,10982,4577,-2573,0,-161,6.03,93.96,100.0
2026-06-02,3306,鼎天,49.5,49.6,48.4,49.4,520,173,104,0,0,2.79,97.2,100.0
2026-06-02,3308,聯德,21.45,21.45,20.7,21.35,253,71,-1,0,-1,0.98,99.01,100.0
2026-06-02,3310,佳穎,72.8,73.4,71.2,71.2,1045,39,-30,0,0,0.3,99.69,100.0
2026-06-02,3311,閎暉,35.9,37.0,35.0,36.75,1226,481,147,0,-1,1.96,98.03,100.0
2026-06-02,3312,弘憶股,60.6,60.6,60.6,60.6,2777,1,-32,0,563,3.52,96.47,100.0
2026-06-02,3313,斐成,11.15,11.4,10.9,11.2,200,0,-1,0,0,4.73,95.26,100.0
2026-06-02,3317,尼克森,80.5,82.4,77.5,82.2,5769,2469,387,0,5,11.14,88.85,100.0
2026-06-02,3321,同泰,20.1,21.1,20.05,20.75,1881,0,235,0,-69,2.6,97.39,100.0
2026-06-02,3322,建舜電,13.5,14.3,13.3,14.3,1998,436,282,0,0,2.97,97.02,100.0
2026-06-02,3323,加百裕,39.6,40.35,37.15,37.95,3692,1458,-383,0,-16,6.13,93.86,100.0
2026-06-02,3324,雙鴻,1155.0,1220.0,1135.0,1165.0,7263,2991,2245,0,11,24.24,75.75,100.0
2026-06-02,3325,旭品,12.0,13.3,11.95,13.3,1488,0,91,0,0,1.45,98.54,100.0
2026-06-02,3332,幸康,65.3,65.6,64.8,65.5,11,1,-3,0,0,0.89,99.1,100.0
2026-06-02,3338,泰碩,88.7,88.7,87.8,88.7,6321,560,1373,0,-650,3.95,96.04,100.0
2026-06-02,3339,泰谷,44.8,48.5,43.2,48.5,4054,1428,421,0,4,4.22,95.77,100.0
2026-06-02,3346,麗清,24.45,24.45,21.8,23.0,9925,3564,568,0,-527,2.91,97.08,100.0
2026-06-02,3349,寶德,17.7,17.9,17.6,17.7,77,0,16,0,0,2.39,97.6,100.0
2026-06-02,3354,律勝,35.1,35.1,31.45,33.2,2420,1137,-492,0,0,1.95,98.04,100.0
2026-06-02,3356,奇偶,62.6,62.7,61.0,62.4,1567,237,160,0,0,8.11,91.88,100.0
2026-06-02,3357,臺慶科,280.0,290.0,270.0,289.5,5600,2668,664,0,-42,15.8,84.19,100.0
2026-06-02,3360,尚立,14.15,14.4,14.0,14.4,443,82,74,0,0,2.16,97.83,100.0
2026-06-02,3362,先進光,127.0,127.5,117.5,119.5,2684,1150,-222,0,-5,4.32,95.67,100.0
2026-06-02,3363,上詮,829.0,864.0,804.0,804.0,4174,2572,165,0,-2,17.31,82.68,100.0
2026-06-02,3372,典範,22.05,22.4,21.2,22.25,2070,0,77,0,0,3.49,96.5,100.0
2026-06-02,3373,熱映,16.85,16.85,16.75,16.8,79,5,0,0,0,1.98,98.01,100.0
2026-06-02,3374,精材,261.5,262.5,246.5,254.5,11942,4678,-2655,-35,-210,9.74,90.25,100.0
2026-06-02,3376,新日興,215.0,217.0,206.5,211.5,3929,1621,-180,2,-280,22.67,77.32,100.0
2026-06-02,3379,彬台,41.8,41.8,39.55,40.0,359,104,-22,0,0,1.19,98.8,100.0
2026-06-02,3380,明泰,38.85,40.3,38.45,40.2,9176,2946,3140,0,256,7.12,92.87,100.0
2026-06-02,3388,崇越電,105.0,105.0,99.8,102.0,1841,495,-57,0,7,6.98,93.01,100.0
2026-06-02,3390,旭軟,29.05,29.05,27.5,28.15,1054,352,-191,0,0,3.63,96.36,100.0
2026-06-02,3402,漢科,146.0,147.5,141.0,144.0,1099,314,-194,0,-13,8.6,91.39,100.0
2026-06-02,3406,玉晶光,603.0,609.0,582.0,595.0,1468,452,22,26,-57,44.26,55.73,100.0
2026-06-02,3413,京鼎,317.5,320.0,311.0,312.5,3099,482,25,-839,-20,17.29,82.7,100.0
2026-06-02,3416,融程電,186.0,186.5,180.5,182.5,511,116,69,0,26,2.95,97.04,100.0
2026-06-02,3419,譁裕,14.35,14.4,13.95,14.3,348,0,-22,0,-1,1.95,98.04,100.0
2026-06-02,3430,奇鈦科,164.0,165.0,148.0,149.5,3096,1132,221,0,0,2.56,97.43,100.0
2026-06-02,3432,台端,19.15,19.15,18.65,18.8,89,0,-6,0,0,2.97,97.02,100.0
2026-06-02,3434,哲固,30.0,33.15,30.0,33.15,656,127,3,0,7,1.94,98.05,100.0
2026-06-02,3437,榮創,24.5,24.9,23.6,23.95,1579,591,-60,0,-4,4.9,95.09,100.0
2026-06-02,3438,類比科,76.1,80.4,76.1,79.0,1967,819,-173,0,0,2.49,97.5,100.0
2026-06-02,3441,聯一光,56.5,58.5,51.7,54.7,3330,1498,-156,0,0,2.5,97.49,100.0
2026-06-02,3443,創意,4745.0,4795.0,4420.0,4535.0,2850,1350,428,-248,-108,29.25,70.74,100.0
2026-06-02,3444,利機,103.5,106.0,100.0,105.0,894,312,110,0,0,11.69,88.3,100.0
2026-06-02,3447,展達,39.35,40.8,39.15,40.4,1095,348,-159,0,-3,1.39,98.6,100.0
2026-06-02,3450,聯鈞,555.0,592.0,540.0,548.0,29356,18704,-1535,485,-161,21.93,78.06,100.0
2026-06-02,3455,由田,248.0,248.5,229.5,232.5,1913,670,165,0,-3,17.64,82.35,100.0
2026-06-02,3465,進泰電子,30.5,32.75,30.5,32.0,202,40,7,0,0,5.06,94.93,100.0
2026-06-02,3466,德晉,32.65,32.95,32.45,32.65,281,77,29,0,0,9.84,90.15,100.0
2026-06-02,3467,台灣精材,71.7,71.9,69.6,70.7,242,47,89,0,0,2.75,97.24,100.0
2026-06-02,3473,智通聯網,90.55,91.2,89.1,89.2,16,0,0,0,0,0.0,0.0,0.0
2026-06-02,3479,安勤,132.0,134.0,130.5,132.0,1188,320,185,0,-6,6.1,93.89,100.0
2026-06-02,3481,群創,58.0,58.8,53.6,56.2,1163170,586879,-208585,24152,-11178,23.1,76.89,100.0
2026-06-02,3483,力致,103.0,103.0,98.0,100.5,2142,861,-420,0,-20,9.9,90.09,100.0
2026-06-02,3484,崧騰,44.4,45.4,44.2,44.65,468,59,-31,0,1,7.28,92.71,100.0
2026-06-02,3485,敘豐,364.0,364.0,351.0,359.0,737,0,28,0,-22,0.52,99.47,100.0
2026-06-02,3489,森寶,21.7,21.8,21.4,21.65,194,4,4,0,0,0.25,99.74,100.0
2026-06-02,3490,單井,37.7,37.95,36.2,37.5,1951,603,198,0,0,5.42,94.57,100.0
2026-06-02,3491,昇達科,2150.0,2175.0,2000.0,2070.0,826,0,22,-24,-35,34.82,65.17,100.0
2026-06-02,3492,長盛,23.4,23.4,22.65,22.7,270,43,0,0,0,0.57,99.42,100.0
2026-06-02,3494,誠研,8.05,8.09,7.94,8.04,107,0,18,0,-5,1.81,98.18,100.0
2026-06-02,3498,陽程,144.0,149.5,136.0,140.5,3930,1869,-896,0,18,14.81,85.18,100.0
2026-06-02,3499,環天科,14.8,14.8,14.1,14.55,281,0,-29,0,0,0.66,99.33,100.0
2026-06-02,3501,維熹,41.55,41.65,40.9,41.6,345,55,62,0,-1,3.36,96.63,100.0
2026-06-02,3504,揚明光,78.8,79.9,76.2,79.4,1679,735,183,0,-30,3.51,96.48,100.0
2026-06-02,3508,位速,19.9,20.4,19.85,20.4,283,0,58,0,0,0.81,99.18,100.0
2026-06-02,3511,矽瑪,24.0,24.0,24.0,24.0,754,6,-27,0,326,2.84,97.15,100.0
2026-06-02,3512,皇龍,20.7,20.7,20.05,20.35,105,6,-7,0,0,0.52,99.47,100.0
2026-06-02,3515,華擎,255.0,273.5,252.0,273.5,4098,1408,408,0,75,8.62,91.37,100.0
2026-06-02,3516,亞帝歐,23.2,23.35,22.95,23.15,126,24,23,0,0,0.49,99.5,100.0
2026-06-02,3518,柏騰,32.05,33.8,31.5,33.75,1867,687,-189,0,-2,7.79,92.2,100.0
2026-06-02,3520,華盈,14.6,14.65,14.35,14.45,197,54,42,0,0,1.16,98.83,100.0
2026-06-02,3521,鴻翊,11.95,12.0,11.8,11.8,170,5,30,0,0,0.33,99.66,100.0
2026-06-02,3521,台鋼建設,11.95,12.0,11.8,11.8,170,5,30,0,0,0.33,99.66,100.0
2026-06-02,3522,御頂,11.85,11.85,11.2,11.4,104,0,-10,0,0,0.24,99.75,100.0
2026-06-02,3522,御嵿,11.85,11.85,11.2,11.4,104,0,-10,0,0,0.24,99.75,100.0
2026-06-02,3523,迎輝,19.25,19.25,19.25,19.25,80,0,-3,0,0,0.09,99.9,100.0
2026-06-02,3526,凡甲,364.5,372.0,360.0,370.5,871,225,249,-78,41,22.95,77.04,100.0
2026-06-02,3527,聚積,57.2,58.6,56.2,58.6,381,114,12,0,0,7.77,92.22,100.0
2026-06-02,3528,安馳,128.5,128.5,120.0,127.0,1457,0,46,0,-20,6.11,93.88,100.0
2026-06-02,3529,力旺,3345.0,3530.0,3345.0,3530.0,1015,340,301,-9,0,64.88,35.11,100.0
2026-06-02,3530,晶相光,68.5,69.0,66.8,68.3,329,122,-44,0,0,41.48,58.51,100.0
2026-06-02,3531,先益,22.85,23.4,22.85,23.4,10,5,0,0,0,19.26,80.73,100.0
2026-06-02,3532,台勝科,324.5,328.5,315.5,315.5,1533,0,222,0,128,44.05,55.94,100.0
2026-06-02,3533,嘉澤,2655.0,2655.0,2505.0,2615.0,957,478,34,-101,-9,45.18,54.81,100.0
2026-06-02,3535,晶彩科,135.0,140.0,132.5,137.5,18882,9256,2499,0,-54,4.78,95.21,100.0
2026-06-02,3537,堡達,80.0,80.4,73.5,78.5,5217,2423,337,0,0,6.22,93.77,100.0
2026-06-02,3540,曜越,27.5,27.9,26.9,27.75,370,78,-50,0,0,2.58,97.41,100.0
2026-06-02,3541,西柏,21.6,21.65,21.05,21.3,339,9,-29,0,0,0.79,99.2,100.0
2026-06-02,3543,州巧,36.3,36.3,35.2,35.85,614,176,-141,0,0,6.82,93.17,100.0
2026-06-02,3545,敦泰,59.6,60.7,57.8,59.5,2575,1176,95,0,7,13.95,86.04,100.0
2026-06-02,3546,宇峻,82.0,84.0,81.1,83.8,625,183,65,0,7,8.44,91.55,100.0
2026-06-02,3548,兆利,96.9,97.0,93.6,96.0,427,164,-32,0,-3,4.1,95.89,100.0
2026-06-02,3550,聯穎,21.8,21.8,20.45,21.0,2600,876,-619,0,2,6.12,93.87,100.0
2026-06-02,3551,世禾,219.0,219.0,210.5,214.5,1708,581,-216,0,-55,6.22,93.77,100.0
2026-06-02,3552,同致,54.2,54.2,53.5,53.8,278,30,34,0,-7,9.98,90.01,100.0
2026-06-02,3555,博士旺,217.0,218.0,208.5,211.5,158,72,-18,0,0,1.66,98.33,100.0
2026-06-02,3556,禾瑞亞,81.0,81.0,75.0,80.4,10871,3386,-368,0,-73,6.33,93.66,100.0
2026-06-02,3557,嘉威,24.0,24.4,23.9,24.4,76,10,24,0,-8,1.83,98.16,100.0
2026-06-02,3558,神準,140.5,141.0,138.0,140.0,380,64,-37,0,0,1.42,98.57,100.0
2026-06-02,3563,牧德,828.0,828.0,793.0,807.0,1027,264,-137,-49,-30,6.25,93.74,100.0
2026-06-02,3564,其陽,55.0,57.6,54.0,57.6,2322,808,43,0,-2,3.75,96.24,100.0
2026-06-02,3567,逸昌,29.35,29.35,28.5,29.25,264,59,-5,0,0,3.43,96.56,100.0
2026-06-02,3570,大塚,181.5,183.0,179.5,182.5,151,29,-45,0,0,44.89,55.1,100.0
2026-06-02,3576,聯合再生,18.5,18.5,17.5,18.2,25933,0,-3671,0,-4,12.43,87.56,100.0
2026-06-02,3577,泓格,152.5,152.5,142.0,145.0,930,295,175,0,6,2.6,97.39,100.0
2026-06-02,3580,友威科,113.0,118.0,108.0,108.5,4012,1969,-477,0,4,11.4,88.59,100.0
2026-06-02,3581,博磊,240.0,250.0,220.0,221.5,1630,590,83,0,-20,14.4,85.59,100.0
2026-06-02,3583,辛耘,874.0,882.0,835.0,845.0,2265,836,141,-48,-25,16.46,83.53,100.0
2026-06-02,3585,聯致,77.15,78.3,70.6,71.4,2836,0,38,0,0,0.0,0.0,0.0
2026-06-02,3587,閎康,328.0,330.0,311.0,317.0,1389,408,6,0,-9,11.86,88.13,100.0
2026-06-02,3588,通嘉,64.0,68.0,61.8,63.9,1320,531,-284,0,3,5.36,94.63,100.0
2026-06-02,3591,艾笛森,25.9,25.9,23.85,24.9,2628,904,-610,0,43,6.19,93.8,100.0
2026-06-02,3592,瑞鼎,283.0,283.0,278.0,281.5,708,165,-108,55,-2,15.49,84.5,100.0
2026-06-02,3593,力銘,16.7,16.7,16.1,16.7,25,0,0,0,0,0.25,99.74,100.0
2026-06-02,3594,磐儀,51.9,52.0,48.75,49.95,512,155,-100,0,0,3.08,96.91,100.0
2026-06-02,3595,山太士,2628.4,2660.0,2475.0,2515.0,427,0,-46,0,0,0.0,0.0,0.0
2026-06-02,3596,智易,195.0,195.0,189.0,191.5,1810,537,563,0,-15,32.48,67.51,100.0
2026-06-02,3597,映興,27.35,27.55,27.05,27.55,123,19,8,0,0,0.79,99.2,100.0
2026-06-02,3603,建祥國際,7.63,7.9,7.32,7.78,93,0,0,0,0,0.0,0.0,0.0
2026-06-02,3605,宏致,79.9,79.9,76.1,77.5,3043,1034,-493,0,-54,11.02,88.97,100.0
2026-06-02,3607,谷崧,16.9,17.8,16.75,17.8,2048,149,533,0,8,7.77,92.22,100.0
2026-06-02,3609,三一東林,29.5,29.5,28.6,28.75,138,10,-14,0,0,1.59,98.4,100.0
2026-06-02,3611,鼎翰,192.0,193.0,190.0,191.5,73,11,-8,0,0,11.85,88.14,100.0
2026-06-02,3615,安可,50.5,51.4,46.35,50.3,6774,3320,49,0,0,5.78,94.21,100.0
2026-06-02,3617,碩天,214.5,216.0,209.0,212.5,405,147,-64,0,0,8.69,91.3,100.0
2026-06-02,3622,洋華,58.8,59.0,57.0,58.4,478,168,-39,0,-1,3.82,96.17,100.0
2026-06-02,3623,富晶通,23.8,25.55,23.7,24.25,1051,632,-8,0,0,2.72,97.27,100.0
2026-06-02,3624,光頡,107.0,122.0,102.0,122.0,5457,0,403,0,22,54.72,45.27,100.0
2026-06-02,3625,西勝,15.65,15.85,15.3,15.5,492,0,-80,0,0,5.37,94.62,100.0
2026-06-02,3628,盈正,69.2,70.0,68.1,68.9,189,66,20,0,0,3.65,96.34,100.0
2026-06-02,3629,地心引力,15.9,16.4,15.7,16.4,12,0,0,0,0,0.02,99.97,100.0
2026-06-02,3630,新鉅科,26.8,27.2,26.2,27.05,956,368,1,0,2,40.08,59.91,100.0
2026-06-02,3631,晟楠,36.3,36.4,34.35,34.9,241,85,-17,0,0,8.12,91.87,100.0
2026-06-02,3632,研勤,8.58,8.58,7.95,8.4,21,0,0,0,0,0.29,99.7,100.0
2026-06-02,3633,云光,121.11,123.5,122.0,122.5,16,0,0,0,0,0.0,0.0,0.0
2026-06-02,3645,達邁,108.0,108.0,99.3,101.5,5421,1927,-459,0,-58,13.75,86.24,100.0
2026-06-02,3646,艾恩特,23.5,23.6,23.4,23.6,55,5,3,0,0,6.72,93.27,100.0
2026-06-02,3652,精聯,36.5,36.5,34.9,35.5,317,82,-29,0,-1,0.85,99.14,100.0
2026-06-02,3653,健策,3995.0,4165.0,3880.0,3990.0,2994,1350,-71,321,-44,26.3,73.69,100.0
2026-06-02,3659,百辰,23.0,23.3,22.9,23.3,13,0,0,0,0,0.0,0.0,0.0
2026-06-02,3661,世芯-KY,4870.0,4870.0,4500.0,4575.0,2077,842,-315,-27,-43,54.33,45.66,100.0
2026-06-02,3663,鑫科,90.1,91.4,84.4,86.3,4669,2183,-226,0,-177,4.1,95.89,100.0
2026-06-02,3664,安瑞-KY,8.3,8.3,7.75,7.75,37,0,0,0,0,37.96,62.03,100.0
2026-06-02,3665,貿聯-KY,2110.0,2200.0,2095.0,2195.0,1907,0,240,-334,-8,56.7,43.29,100.0
2026-06-02,3666,光耀,27.5,27.5,27.1,27.3,77,13,-26,0,0,0.25,99.74,100.0
2026-06-02,3669,圓展,41.6,42.9,40.5,41.7,893,393,-130,0,1,2.53,97.46,100.0
2026-06-02,3672,康聯訊,11.0,11.2,11.0,11.2,3,0,0,0,0,2.5,97.49,100.0
2026-06-02,3673,TPK-KY,88.0,92.4,83.3,92.0,49966,31164,-3981,0,-384,42.61,57.38,100.0
2026-06-02,3675,德微,365.0,370.5,338.0,370.5,1337,0,177,0,-26,61.33,38.66,100.0
2026-06-02,3678,聯享,64.75,63.1,58.1,58.7,93,0,-3,0,0,0.0,0.0,0.0
2026-06-02,3679,新至陞,124.0,126.5,123.0,125.0,229,40,-73,0,66,8.82,91.17,100.0
2026-06-02,3680,家登,543.0,544.0,515.0,527.0,2025,799,-25,18,-59,23.71,76.28,100.0
2026-06-02,3684,榮昌,59.3,59.6,58.7,59.1,36,8,-8,0,0,1.95,98.04,100.0
2026-06-02,3685,元創精密,27.8,27.8,26.55,26.7,401,0,43,0,0,0.4,99.59,100.0
2026-06-02,3686,達能,17.7,17.7,16.7,17.25,809,0,138,0,-5,2.02,97.97,100.0
2026-06-02,3687,歐買尬,75.9,75.9,73.9,74.6,300,77,-29,0,0,4.66,95.33,100.0
2026-06-02,3689,湧德,138.0,138.5,133.0,136.0,3862,1568,432,0,-28,12.78,87.21,100.0
2026-06-02,3691,碩禾,173.0,173.0,155.0,159.0,5544,1843,-1682,0,-72,7.19,92.8,100.0
2026-06-02,3693,營邦,655.0,656.0,593.0,598.0,3280,1628,-202,0,-11,13.66,86.33,100.0
2026-06-02,3694,海華,68.9,69.8,66.9,69.1,2046,749,18,0,-17,3.92,96.07,100.0
2026-06-02,3701,大眾控,56.3,56.9,53.9,56.6,1832,904,-177,0,3,4.66,95.33,100.0
2026-06-02,3702,大聯大,118.5,119.5,115.5,119.0,15652,5114,8176,-6231,134,35.82,64.17,100.0
2026-06-02,3703,欣陸,20.45,20.85,20.35,20.7,936,179,112,0,-10,20.18,79.81,100.0
2026-06-02,3704,合勤控,47.0,48.3,46.6,48.0,7373,2386,1092,0,5,14.4,85.59,100.0
2026-06-02,3705,永信,55.9,56.4,55.8,56.3,140,27,36,0,0,7.21,92.78,100.0
2026-06-02,3706,神達,94.5,97.3,91.6,95.2,68634,38491,8211,-16,683,13.04,86.95,100.0
2026-06-02,3707,漢磊,83.2,84.8,80.0,81.9,12568,5482,1863,0,-97,14.34,85.65,100.0
2026-06-02,3708,上緯投控,120.0,120.5,116.0,119.5,1388,459,-244,37,-28,8.22,91.77,100.0
2026-06-02,3709,鑫聯大投控,87.0,89.1,86.1,88.4,2441,465,143,0,57,8.51,91.48,100.0
2026-06-02,3710,連展投控,6.28,6.87,6.24,6.87,1247,0,-20,0,0,2.28,97.71,100.0
2026-06-02,3711,日月光投控,600.0,608.0,577.0,590.0,27769,7781,1316,-4724,-20,77.09,22.9,100.0
2026-06-02,3712,永崴投控,19.85,19.85,18.6,19.1,1510,439,-12,0,-3,2.08,97.91,100.0
2026-06-02,3713,新晶投控,16.05,17.65,15.8,17.1,431,0,121,0,-12,0.48,99.51,100.0
2026-06-02,3714,富采,71.8,72.5,68.1,69.2,22648,7249,-2566,-97,-51,10.94,89.05,100.0
2026-06-02,3715,定穎投控,185.0,185.5,172.0,173.5,12856,4659,-4624,0,-266,9.19,90.8,100.0
2026-06-02,3716,中化控股,34.6,34.85,34.4,34.7,229,34,95,0,0,8.59,91.4,100.0
2026-06-02,3717,聯嘉投控,22.45,22.65,21.9,22.4,1655,415,-64,0,78,3.83,96.16,100.0
2026-06-02,4102,永日,16.8,16.9,16.65,16.8,41,2,-2,0,0,1.21,98.78,100.0
2026-06-02,4104,佳醫,70.1,70.4,69.5,70.4,394,20,241,0,0,3.17,96.82,100.0
2026-06-02,4105,東洋,73.6,74.6,73.2,74.5,2557,234,1554,-172,-122,20.45,79.54,100.0
2026-06-02,4106,雃博,24.2,24.25,23.9,24.05,325,21,42,0,0,2.17,97.82,100.0
2026-06-02,4107,邦特,114.0,114.0,113.5,114.0,142,3,36,0,0,7.58,92.41,100.0
2026-06-02,4108,懷特,12.1,12.15,12.0,12.15,299,0,92,0,-7,1.11,98.88,100.0
2026-06-02,4109,加捷生醫,11.5,11.5,11.25,11.3,193,17,9,0,0,0.92,99.07,100.0
2026-06-02,4111,濟生,30.05,30.05,29.65,30.05,164,9,2,0,0,3.35,96.64,100.0
2026-06-02,4113,聯上,14.45,14.45,14.2,14.4,119,21,23,0,0,1.7,98.29,100.0
2026-06-02,4114,健喬,30.1,30.4,30.05,30.2,1239,178,109,0,0,5.68,94.31,100.0
2026-06-02,4115,善德生技,7.79,8.0,7.23,7.63,156,0,-1,0,0,0.0,0.0,0.0
2026-06-02,4116,明基醫,37.35,37.35,37.0,37.15,98,0,-1,0,0,0.43,99.56,100.0
2026-06-02,4119,旭富,40.7,41.35,40.7,41.0,173,34,-19,0,-1,5.37,94.62,100.0
2026-06-02,4120,友華,44.0,44.2,43.6,44.2,40,6,-3,0,0,6.2,93.79,100.0
2026-06-02,4121,優盛,14.05,14.3,13.95,14.0,139,40,-25,0,0,1.93,98.06,100.0
2026-06-02,4123,晟德,38.35,38.35,38.05,38.35,1380,162,116,0,-4,9.24,90.75,100.0
2026-06-02,4126,太醫,79.2,80.0,79.0,79.9,42,1,-3,0,0,8.99,91.0,100.0
2026-06-02,4127,天良,64.0,69.5,64.0,68.5,412,0,38,0,2,0.77,99.22,100.0
2026-06-02,4128,中天,14.65,14.75,14.4,14.7,1181,226,297,0,-14,4.22,95.77,100.0
2026-06-02,4129,聯合,88.1,88.8,87.6,88.0,415,40,-122,0,0,11.44,88.55,100.0
2026-06-02,4130,健亞,26.1,26.55,25.9,25.95,208,28,-41,0,0,2.09,97.9,100.0
2026-06-02,4131,浩泰,33.05,33.9,32.6,33.35,23,0,0,0,0,1.19,98.8,100.0
2026-06-02,4133,亞諾法,21.0,21.0,20.75,20.85,90,2,7,0,0,12.46,87.53,100.0
2026-06-02,4137,麗豐-KY,106.5,107.5,105.5,106.0,229,43,-61,0,-2,55.72,44.27,100.0
2026-06-02,4138,曜亞,50.7,51.0,50.5,50.6,28,3,4,0,0,1.17,98.82,100.0
2026-06-02,4139,馬光-KY,21.55,21.9,21.55,21.85,29,0,-2,0,0,16.9,83.09,100.0
2026-06-02,4142,國光生,17.2,17.25,17.0,17.2,1006,173,151,0,-8,4.68,95.31,100.0
2026-06-02,4147,中裕,52.9,55.2,51.9,52.7,2113,946,-209,0,0,8.2,91.79,100.0
2026-06-02,4148,全宇生技-KY,30.5,31.1,30.45,31.0,27,8,5,0,1,71.11,28.88,100.0
2026-06-02,4150,優你康,5.28,5.32,4.98,5.15,556,0,2,0,0,0.0,0.0,0.0
2026-06-02,4153,鈺緯,31.85,32.0,31.3,31.4,36,1,3,0,0,0.32,99.67,100.0
2026-06-02,4154,樂威科-KY,0.0,0.0,0.0,0.0,0,0,0,0,0,29.99,70.0,100.0
2026-06-02,4155,訊映,14.65,14.85,14.3,14.35,634,170,71,0,3,1.29,98.7,100.0
2026-06-02,4157,太景*-KY,9.06,9.09,8.94,9.06,2233,887,-309,0,0,1.92,98.07,100.0
2026-06-02,4160,訊聯基因,39.7,40.65,39.25,40.0,202,25,-4,0,0,0.93,99.06,100.0
2026-06-02,4161,聿新科,23.0,23.15,22.65,22.8,62,5,-1,0,0,0.28,99.71,100.0
2026-06-02,4162,智擎,54.5,55.0,54.1,54.9,377,66,118,0,2,8.6,91.39,100.0
2026-06-02,4163,鐿鈦,133.0,133.0,129.0,133.0,737,184,1,0,5,2.69,97.3,100.0
2026-06-02,4164,承業醫,28.55,28.75,28.2,28.75,727,96,-134,0,-11,19.0,80.99,100.0
2026-06-02,4166,友霖,23.5,23.5,23.15,23.4,229,10,-10,0,0,10.65,89.34,100.0
2026-06-02,4167,松瑞藥,20.05,20.3,19.85,20.25,1338,243,171,0,4,10.85,89.14,100.0
2026-06-02,4168,醣聯,25.5,26.2,25.5,26.2,314,0,37,0,0,4.72,95.27,100.0
2026-06-02,4169,泰宗,156.0,162.0,154.0,160.0,192,0,40,0,0,6.61,93.38,100.0
2026-06-02,4170,鑫品生醫,13.07,13.4,13.0,13.4,17,0,0,0,0,0.0,0.0,0.0
2026-06-02,4171,瑞基,17.85,18.3,17.7,18.1,132,7,20,0,0,13.51,86.48,100.0
2026-06-02,4172,因華,12.1,12.2,11.0,11.05,1241,0,0,0,0,0.0,0.0,0.0
2026-06-02,4173,久裕,18.0,18.1,18.0,18.05,85,3,18,0,0,0.63,99.36,100.0
2026-06-02,4174,浩鼎,28.5,28.7,27.75,28.35,718,198,0,0,0,6.8,93.19,100.0
2026-06-02,4175,杏一,54.0,54.0,53.4,53.6,31,1,-1,0,0,0.15,99.84,100.0
2026-06-02,4178,永笙-KY,18.95,18.95,18.55,18.6,373,0,-24,0,0,5.38,94.61,100.0
2026-06-02,4183,福永生技,12.95,13.0,12.95,13.0,5,0,0,0,0,0.0,99.99,100.0
2026-06-02,4186,尖端醫,10.02,10.2,9.49,10.05,273,0,-5,0,0,0.0,0.0,0.0
2026-06-02,4188,安克,11.05,11.05,10.8,10.95,91,0,-6,0,0,0.07,99.92,100.0
2026-06-02,4190,佐登-KY,24.4,24.7,24.1,24.35,61,9,-3,0,0,58.8,41.19,100.0
2026-06-02,4192,杏國,20.5,20.5,20.0,20.5,23,0,0,0,0,0.31,99.68,100.0
2026-06-02,4194,禾生技,7.13,7.24,6.9,6.9,53,0,4,0,0,0.0,0.0,0.0
2026-06-02,4195,基米-創,16.75,17.05,16.6,16.85,183,0,-5,0,0,1.01,98.98,100.0
2026-06-02,4197,暐世,8.68,9.19,8.55,8.55,17,0,0,0,0,0.0,0.0,0.0
2026-06-02,4198,欣大健康,38.8,39.2,37.45,38.75,18,0,0,0,0,1.16,98.83,100.0
2026-06-02,4205,中華食,72.2,72.5,72.1,72.5,48,0,5,0,0,0.59,99.4,100.0
2026-06-02,4207,環泰,19.65,19.7,19.45,19.55,232,10,9,0,0,1.59,98.4,100.0
2026-06-02,4303,信立,48.8,48.8,47.35,47.7,646,199,-75,0,0,2.55,97.44,100.0
2026-06-02,4304,勝昱,26.6,26.95,26.5,26.95,18,0,0,0,0,0.05,99.94,100.0
2026-06-02,4305,世坤,0.0,0.0,0.0,0.0,0,0,0,0,0,0.06,99.93,100.0
2026-06-02,4306,炎洲,14.3,14.55,14.2,14.45,2404,448,438,0,-23,5.7,94.29,100.0
2026-06-02,4401,東隆興,13.7,13.8,13.6,13.7,153,3,-4,0,0,1.36,98.63,100.0
2026-06-02,4402,郡都開發,12.1,12.15,11.95,12.0,122,0,-35,0,0,2.26,97.73,100.0
2026-06-02,4406,新昕纖,9.8,9.91,9.8,9.9,5,1,1,0,0,0.18,99.81,100.0
2026-06-02,4413,飛寶企業,0.0,0.0,0.0,0.0,1,0,0,0,0,5.73,94.26,100.0
2026-06-02,4414,如興,8.01,8.16,7.86,8.06,859,300,160,0,0,26.57,73.42,100.0
2026-06-02,4416,三圓,11.4,12.4,11.4,12.1,355,84,-49,0,0,1.95,98.04,100.0
2026-06-02,4417,金洲,45.65,45.7,45.4,45.65,136,20,-13,0,0,3.72,96.27,100.0
2026-06-02,4419,元勝,46.55,46.8,46.35,46.5,14,0,-1,0,0,0.0,99.99,100.0
2026-06-02,4419,皇家美食,46.55,46.8,46.35,46.5,14,0,-1,0,0,0.0,99.99,100.0
2026-06-02,4420,光明,38.2,38.6,38.2,38.55,57,0,26,0,0,0.71,99.28,100.0
2026-06-02,4426,利勤,7.76,8.0,7.74,7.98,334,32,72,0,6,2.44,97.55,100.0
2026-06-02,4430,耀億,16.9,17.15,16.8,17.15,46,14,0,0,0,2.27,97.72,100.0
2026-06-02,4431,敏成健康,16.11,17.05,16.1,16.6,107,0,0,0,0,0.0,0.0,0.0
2026-06-02,4432,銘旺實,17.65,17.65,17.0,17.25,149,35,-1,0,0,0.93,99.06,100.0
2026-06-02,4433,興采,20.75,20.8,20.65,20.75,47,1,0,0,0,0.16,99.83,100.0
2026-06-02,4438,廣越,60.9,62.6,60.4,62.4,104,16,31,0,-5,1.88,98.11,100.0
2026-06-02,4439,冠星-KY,91.7,91.9,91.5,91.5,5,0,-1,0,1,61.39,38.6,100.0
2026-06-02,4440,宜新實業,17.75,17.85,17.6,17.85,96,4,11,0,0,0.8,99.19,100.0
2026-06-02,4441,振大環球,211.0,219.0,208.0,209.0,138,37,9,0,0,1.59,98.4,100.0
2026-06-02,4442,竣邦-KY,50.6,50.9,50.3,50.9,9,0,2,0,0,60.96,39.03,100.0
2026-06-02,4502,健信,15.7,15.8,15.65,15.8,15,0,0,0,0,4.16,95.83,100.0
2026-06-02,4503,金雨,39.1,39.1,38.05,38.6,244,42,35,0,0,3.53,96.46,100.0
2026-06-02,4506,崇友,117.0,117.5,116.5,117.5,97,4,4,0,0,3.3,96.69,100.0
2026-06-02,4510,高鋒,55.9,56.5,51.7,53.6,14388,6267,-2056,0,-65,5.75,94.24,100.0
2026-06-02,4513,福裕,14.8,15.0,14.65,15.0,525,78,151,0,0,4.65,95.34,100.0
2026-06-02,4523,永彰,30.2,30.3,29.4,29.9,232,67,-22,0,0,2.68,97.31,100.0
2026-06-02,4526,東台,44.5,45.85,40.95,42.15,25140,12512,-4100,0,-80,6.59,93.4,100.0
2026-06-02,4527,方土霖,42.15,42.85,42.1,42.1,108,4,-7,0,0,1.81,98.18,100.0
2026-06-02,4528,江興鍛,15.35,15.7,15.35,15.6,90,14,3,0,0,0.14,99.85,100.0
2026-06-02,4529,淳紳,4.6,4.97,4.42,4.94,116,0,10,0,0,38.06,61.93,100.0
2026-06-02,4530,宏易,25.0,26.95,25.0,26.5,196,82,12,0,0,2.31,97.68,100.0
2026-06-02,4532,瑞智,24.45,24.45,24.0,24.1,1370,223,-4,-31,-18,17.42,82.57,100.0
2026-06-02,4533,協易機,33.05,33.05,30.5,31.4,3753,682,-1210,0,-69,4.85,95.14,100.0
2026-06-02,4534,慶騰,27.35,27.45,26.5,27.0,1453,0,429,0,0,2.28,97.71,100.0
2026-06-02,4535,至興,27.35,28.0,27.2,27.2,50,16,2,0,-4,0.09,99.9,100.0
2026-06-02,4536,拓凱,161.5,162.0,159.5,160.5,225,40,6,0,-1,11.56,88.43,100.0
2026-06-02,4537,旭東,161.43,162.5,158.0,158.5,93,0,-12,0,0,0.0,0.0,0.0
2026-06-02,4538,大詠城,17.85,17.85,17.6,17.7,31,1,-5,0,0,0.13,99.86,100.0
2026-06-02,4540,全球傳動,80.0,81.9,74.4,77.3,27763,14692,-4616,0,-37,7.97,92.02,100.0
2026-06-02,4541,晟田,46.7,46.7,44.85,45.85,1232,362,-418,0,-3,5.76,94.23,100.0
2026-06-02,4542,科嶠,262.0,262.0,236.0,236.5,1260,387,60,0,0,6.83,93.16,100.0
2026-06-02,4543,萬在,42.1,46.35,40.8,46.35,1780,227,173,0,9,9.85,90.14,100.0
2026-06-02,4544,春日,13.92,14.9,13.6,14.9,19,0,0,0,0,0.0,0.0,0.0
2026-06-02,4545,銘鈺,41.65,46.0,41.0,42.4,1369,508,94,0,0,29.17,70.82,100.0
2026-06-02,4546,長亨,99.96,102.0,99.0,99.9,42,0,0,0,0,0.0,0.0,0.0
2026-06-02,4549,桓達,139.0,140.0,126.0,130.0,2522,1119,-255,0,0,1.78,98.21,100.0
2026-06-02,4550,長佳,24.9,24.9,24.75,24.85,42,4,3,0,0,1.56,98.43,100.0
2026-06-02,4551,智伸科,154.0,155.5,150.5,152.5,943,317,304,-274,1,52.86,47.13,100.0
2026-06-02,4552,力達-KY,20.55,20.7,20.2,20.7,151,15,-4,0,-5,42.77,57.22,100.0
2026-06-02,4553,盛復,17.89,18.6,17.75,18.6,7,0,0,0,0,0.0,0.0,0.0
2026-06-02,4554,橙的,30.7,30.7,30.0,30.05,84,12,-1,0,0,24.41,75.58,100.0
2026-06-02,4555,氣立,56.5,56.7,52.0,53.9,1683,333,217,0,0,2.65,97.34,100.0
2026-06-02,4556,旭然,40.8,40.8,38.5,39.05,210,60,-10,0,0,10.62,89.37,100.0
2026-06-02,4557,永新-KY,42.85,43.8,42.4,43.7,153,38,18,0,-3,30.51,69.48,100.0
2026-06-02,4558,寶緯,19.2,19.95,18.8,19.75,128,22,17,0,0,0.36,99.64,100.0
2026-06-02,4559,久裕興,8.06,8.05,7.66,8.05,79,0,0,0,0,0.0,0.0,0.0
2026-06-02,4560,強信-KY,32.35,33.0,32.0,32.1,296,234,-18,0,0,84.79,15.2,100.0
2026-06-02,4561,健椿,59.8,59.8,52.9,54.2,3262,1192,-286,0,0,3.46,96.53,100.0
2026-06-02,4562,穎漢,45.55,45.55,41.3,41.7,4272,1682,-131,0,-3,1.7,98.29,100.0
2026-06-02,4563,百德,51.0,51.0,48.75,50.1,318,132,-13,0,0,1.72,98.27,100.0
2026-06-02,4564,元翎,15.75,16.0,15.45,15.9,650,136,-42,0,-9,2.79,97.2,100.0
2026-06-02,4565,宏偉,117.94,119.5,118.0,118.5,17,0,-1,0,0,0.0,0.0,0.0
2026-06-02,4566,時碩工業,72.0,72.0,68.0,69.5,2252,788,156,0,-1,1.5,98.49,100.0
2026-06-02,4568,科際精密,40.9,42.0,40.0,42.0,20,5,-1,0,0,20.07,79.92,100.0
2026-06-02,4569,六方科-KY,172.0,172.5,165.0,170.5,190,91,-1,0,0,67.05,32.94,100.0
2026-06-02,4570,傑生,71.2,72.5,70.1,70.1,1,0,0,0,0,0.0,0.0,0.0
2026-06-02,4571,鈞興-KY,218.0,218.5,196.0,198.0,2198,796,-120,0,-27,66.3,33.69,100.0
2026-06-02,4572,駐龍,148.0,148.0,143.0,147.5,52,15,19,0,-2,2.05,97.94,100.0
2026-06-02,4573,高明鐵,423.93,431.0,408.5,413.0,456,0,8,0,0,0.0,0.0,0.0
2026-06-02,4575,銓寶,30.07,30.05,28.9,29.55,54,0,0,0,0,0.0,0.0,0.0
2026-06-02,4576,大銀微系統,264.0,265.0,237.0,238.0,5511,1884,-252,0,-154,6.09,93.9,100.0
2026-06-02,4577,達航科技,110.5,110.5,102.0,104.0,1206,315,363,0,0,3.89,96.1,100.0
2026-06-02,4580,捷流閥業,84.5,84.5,82.5,82.8,205,27,-66,0,0,3.99,96.0,100.0
2026-06-02,4581,光隆精密-KY,49.8,49.8,49.8,49.8,2,0,1,0,0,24.01,75.98,100.0
2026-06-02,4582,聚恆-創,26.25,26.25,25.6,25.9,352,0,-18,0,3,0.8,99.19,100.0
2026-06-02,4583,台灣精銳,714.0,715.0,679.0,689.0,217,48,-89,0,-2,1.28,98.71,100.0
2026-06-02,4584,君帆,43.05,43.05,42.0,42.0,7,0,-2,0,0,0.0,99.99,100.0
2026-06-02,4585,達明,378.0,378.0,345.0,351.0,1169,330,-221,0,-42,0.37,99.62,100.0
2026-06-02,4587,寶元數控,62.72,64.2,60.0,62.2,77,0,-8,0,0,0.0,0.0,0.0
2026-06-02,4588,玖鼎電力,58.2,58.5,56.7,57.9,134,44,-26,0,0,2.54,97.45,100.0
2026-06-02,4589,碩陽電機,39.73,39.8,37.4,39.15,12,0,0,0,0,0.0,0.0,0.0
2026-06-02,4590,富田-創,73.0,73.0,71.4,72.5,250,0,-58,0,-1,1.67,98.32,100.0
2026-06-02,4609,唐鋒,5.5,5.65,5.5,5.61,8,0,0,0,0,0.0,99.99,100.0
2026-06-02,4702,中美實,9.78,9.87,9.71,9.8,486,31,73,0,0,43.65,56.34,100.0
2026-06-02,4706,大恭,31.5,32.4,31.5,31.6,22,1,2,0,0,29.47,70.52,100.0
2026-06-02,4707,磐亞,19.65,19.65,19.65,19.65,4205,1049,-214,0,5,1.71,98.28,100.0
2026-06-02,4711,永純,16.85,18.25,16.55,18.25,1373,307,112,0,1,1.41,98.58,100.0
2026-06-02,4714,永捷,13.7,13.75,13.3,13.6,1178,329,130,0,0,2.64,97.35,100.0
2026-06-02,4716,大立,15.1,16.55,15.1,16.55,2113,684,155,0,0,3.9,96.09,100.0
2026-06-02,4720,德淵,25.4,25.5,24.8,25.5,2248,699,53,0,-3,5.5,94.49,100.0
2026-06-02,4721,美琪瑪,91.6,91.7,87.2,88.8,1417,489,-90,0,-18,9.56,90.43,100.0
2026-06-02,4722,國精化,286.0,286.0,277.0,279.0,468,0,-5,0,9,5.96,94.03,100.0
2026-06-02,4724,宣捷幹細胞,11.94,12.1,11.6,12.1,93,0,0,0,0,0.0,0.0,0.0
2026-06-02,4726,永昕,26.85,27.0,26.6,26.95,239,0,97,0,0,20.8,79.19,100.0
2026-06-02,4728,雙美,378.0,379.5,375.0,379.5,11,1,-1,0,0,19.65,80.34,100.0
2026-06-02,4729,熒茂,25.45,26.3,24.7,26.1,2308,828,45,0,0,1.8,98.19,100.0
2026-06-02,4732,彥臣,19.01,19.15,18.95,19.15,2,0,0,0,0,0.0,0.0,0.0
2026-06-02,4735,豪展,31.05,32.45,30.9,32.35,131,21,2,0,0,0.2,99.79,100.0
2026-06-02,4736,泰博,124.5,125.0,123.5,125.0,170,38,47,0,0,5.26,94.73,100.0
2026-06-02,4737,華廣,56.8,56.8,54.9,55.0,119,40,-7,0,-1,28.72,71.27,100.0
2026-06-02,4738,大同精化,7.53,8.09,7.57,7.57,223,0,4,0,0,0.0,0.0,0.0
2026-06-02,4739,康普,112.0,113.0,104.5,107.5,4572,1746,-1125,0,-36,12.11,87.88,100.0
2026-06-02,4741,泓瀚,59.4,59.4,55.7,58.9,1054,721,-24,0,3,2.65,97.34,100.0
2026-06-02,4743,合一,51.2,51.5,50.4,51.2,1722,427,188,0,0,7.5,92.49,100.0
2026-06-02,4744,皇將,36.75,37.4,35.45,35.6,368,58,-105,0,0,4.07,95.92,100.0
2026-06-02,4745,合富-KY,16.0,16.1,15.65,15.7,192,27,40,0,0,8.84,91.15,100.0
2026-06-02,4746,台耀,53.3,53.3,51.8,52.3,941,149,-225,-55,0,7.97,92.02,100.0
2026-06-02,4747,強生,56.3,57.4,55.7,55.7,42,3,-1,0,0,0.61,99.38,100.0
2026-06-02,4749,新應材,1075.0,1080.0,1035.0,1050.0,1375,433,-266,30,-6,12.91,87.08,100.0
2026-06-02,4754,國碳科,37.65,37.7,37.6,37.7,25,0,-1,0,0,0.26,99.73,100.0
2026-06-02,4755,三福化,152.5,152.5,147.0,148.5,661,182,-103,0,0,24.59,75.4,100.0
2026-06-02,4760,勤凱,428.5,428.5,386.5,402.0,2281,921,397,0,-72,10.06,89.93,100.0
2026-06-02,4763,材料*-KY,42.9,43.2,41.95,42.7,6983,2813,1219,-10,-22,46.36,53.63,100.0
2026-06-02,4764,雙鍵,315.0,340.0,290.0,302.0,3830,1667,-366,145,1,26.91,73.08,100.0
2026-06-02,4765,磐采,19.09,19.1,18.25,18.3,22,0,0,0,0,0.0,0.0,0.0
2026-06-02,4766,南寶,372.0,375.0,363.5,372.5,994,278,-308,11,0,13.92,86.07,100.0
2026-06-02,4767,誠泰科技,26.85,27.1,26.85,27.1,9,0,0,0,0,0.04,99.95,100.0
2026-06-02,4768,晶呈科技,491.5,514.0,482.5,492.0,1618,871,23,0,31,7.87,92.12,100.0
2026-06-02,4770,上品,255.0,259.0,249.0,251.5,648,172,-46,0,38,6.96,93.03,100.0
2026-06-02,4771,望隼,200.0,200.0,195.0,196.5,149,32,-18,0,-1,7.09,92.9,100.0
2026-06-02,4772,台特化,306.5,307.0,297.0,298.5,1017,190,-229,0,0,5.0,94.99,100.0
2026-06-02,4806,桂田文創,9.86,10.2,9.86,10.2,10,0,0,0,0,1.88,98.11,100.0
2026-06-02,4807,日成-KY,28.7,31.55,28.5,31.25,1272,479,-42,0,0,66.98,33.01,100.0
2026-06-02,4903,聯光通,44.65,45.95,44.0,45.0,2292,1225,72,0,0,2.71,97.28,100.0
2026-06-02,4904,遠傳,97.0,99.6,97.0,99.5,14379,3220,-1137,4574,-94,21.6,27.22,49.0
2026-06-02,4905,台聯電,88.5,88.5,84.6,85.0,61,13,-12,0,0,9.68,90.31,100.0
2026-06-02,4906,正文,53.5,54.9,51.1,52.9,38166,20369,-2614,0,-449,13.24,86.75,100.0
2026-06-02,4907,富宇,37.35,37.35,36.3,37.0,91,22,1,0,0,0.22,99.77,100.0
2026-06-02,4908,前鼎,239.0,249.5,230.5,232.0,3785,1887,-542,0,1,9.92,90.07,100.0
2026-06-02,4909,新復興,54.0,54.5,51.9,53.3,1099,461,-65,0,-6,9.52,90.47,100.0
2026-06-02,4911,德英,32.5,32.7,32.2,32.4,158,6,0,0,0,0.29,99.7,100.0
2026-06-02,4912,聯德控股-KY,112.5,112.5,101.5,102.5,3103,807,-410,0,-1,24.32,75.67,100.0
2026-06-02,4915,致伸,76.0,77.0,75.3,77.0,8223,1524,1990,-716,11,32.81,67.18,100.0
2026-06-02,4916,事欣科,116.0,116.0,110.0,114.0,4086,0,433,0,-55,21.1,78.89,100.0
2026-06-02,4919,新唐,214.5,214.5,200.0,211.0,3415,0,1564,0,-67,9.24,90.75,100.0
2026-06-02,4923,力士,45.1,45.1,42.0,42.2,1192,408,16,0,-11,1.04,98.95,100.0
2026-06-02,4924,欣厚-KY,12.75,13.0,12.55,12.65,123,17,4,0,0,38.23,61.76,100.0
2026-06-02,4925,智微,164.93,165.0,150.5,155.5,886,0,0,0,0,0.0,0.0,0.0
2026-06-02,4927,泰鼎-KY,55.8,56.3,50.9,52.6,15317,4266,-3713,0,0,10.44,89.55,100.0
2026-06-02,4930,燦星網,17.85,17.85,17.55,17.6,76,7,-24,0,-6,2.14,97.85,100.0
2026-06-02,4931,新盛力,235.0,239.5,226.0,231.0,7792,4059,227,0,-50,11.67,88.32,100.0
2026-06-02,4933,友輝,76.4,78.0,75.0,77.9,857,275,196,0,3,7.3,92.69,100.0
2026-06-02,4934,太極,17.2,17.4,16.45,17.05,1584,0,-272,0,-4,2.54,97.45,100.0
2026-06-02,4935,茂林-KY,41.7,42.35,40.25,42.35,574,165,30,0,-2,26.77,73.22,100.0
2026-06-02,4938,和碩,92.0,99.5,90.8,97.8,62079,24901,-9197,14455,125,30.68,69.31,100.0
2026-06-02,4939,亞電,59.6,59.7,49.95,53.5,25956,9850,-1987,0,-200,7.41,92.58,100.0
2026-06-02,4942,嘉彰,38.35,38.55,38.2,38.5,184,16,67,0,0,6.81,93.18,100.0
2026-06-02,4943,康控-KY,9.18,9.18,8.9,9.0,55,0,0,0,0,15.6,84.39,100.0
2026-06-02,4946,辣椒,103.5,104.0,102.0,103.5,39,0,1,0,0,4.06,95.93,100.0
2026-06-02,4949,有成精密,101.0,104.5,96.1,104.5,3747,1826,137,0,0,3.33,96.66,100.0
2026-06-02,4950,金耘國際,16.0,16.35,15.8,15.8,96,0,0,0,0,0.08,99.91,100.0
2026-06-02,4951,精拓科,123.5,123.5,117.0,121.0,861,142,-3,0,0,4.38,95.61,100.0
2026-06-02,4952,凌通,52.3,52.3,50.1,51.1,746,187,-99,0,0,5.7,94.29,100.0
2026-06-02,4953,緯軟,133.0,138.0,131.0,135.5,3197,1371,152,0,13,11.76,88.23,100.0
2026-06-02,4956,光鋐,45.7,47.5,43.5,44.65,3318,1774,-54,0,1,10.98,89.01,100.0
2026-06-02,4958,臻鼎-KY,548.0,548.0,501.0,520.0,13270,0,-804,-2948,-348,63.55,36.44,100.0
2026-06-02,4960,誠美材,34.0,34.0,31.8,32.45,8378,2374,-594,0,2,19.19,80.8,100.0
2026-06-02,4961,天鈺,176.0,176.0,168.5,173.0,1380,441,-402,207,-14,19.6,80.39,100.0
2026-06-02,4966,譜瑞-KY,855.0,874.0,816.0,827.0,4610,2106,31,9,-28,34.43,65.56,100.0
2026-06-02,4967,十銓,295.0,310.0,290.0,304.5,28823,17336,1905,0,-75,11.58,88.41,100.0
2026-06-02,4968,立積,119.0,123.0,117.0,120.0,2908,1355,-191,0,47,4.66,95.33,100.0
2026-06-02,4971,IET-KY,815.0,833.0,711.0,711.0,3315,1775,-201,0,-70,12.79,87.2,100.0
2026-06-02,4972,湯石照明,16.6,16.6,16.3,16.5,42,5,-2,0,0,2.09,97.9,100.0
2026-06-02,4973,廣穎,154.0,159.0,153.0,156.5,2420,0,143,0,-10,8.03,91.96,100.0
2026-06-02,4974,亞泰,77.9,77.9,76.6,77.6,370,97,-23,0,0,4.81,95.18,100.0
2026-06-02,4976,佳凌,32.4,33.1,31.3,31.95,1015,422,-96,0,-3,4.05,95.94,100.0
2026-06-02,4977,眾達-KY,221.5,229.0,212.0,212.5,6972,4422,-274,0,-14,15.29,84.7,100.0
2026-06-02,4979,華星光,671.0,691.0,630.0,630.0,16122,9625,-1308,490,4,12.74,87.25,100.0
2026-06-02,4980,佐臻,48.29,50.2,47.4,49.1,291,0,22,0,0,0.0,0.0,0.0
2026-06-02,4989,榮科,107.0,107.5,98.6,100.0,13428,4491,-1457,0,0,3.41,96.58,100.0
2026-06-02,4991,環宇-KY,756.0,773.0,677.0,702.0,6169,3426,-381,-438,3,17.41,82.58,100.0
2026-06-02,4994,傳奇,89.8,89.9,81.1,87.3,552,145,1,0,0,2.69,97.3,100.0
2026-06-02,4995,晶達,46.3,46.45,45.95,46.2,57,7,2,0,0,0.43,99.56,100.0
2026-06-02,4999,鑫禾,20.4,20.7,20.3,20.5,146,12,28,0,0,1.82,98.17,100.0
2026-06-02,5007,三星,57.9,58.0,57.5,58.0,46,4,10,0,0,2.96,97.03,100.0
2026-06-02,5009,榮剛,36.5,36.6,35.5,35.95,2540,565,-421,-4,-57,10.54,89.45,100.0
2026-06-02,5011,久陽,19.15,19.15,18.35,18.8,711,143,-217,0,0,2.7,97.29,100.0
2026-06-02,5013,強新,28.65,28.65,27.9,28.2,11,6,2,0,0,12.22,87.77,100.0
2026-06-02,5014,建錩,11.3,11.3,10.95,11.2,213,22,25,0,0,1.55,98.44,100.0
2026-06-02,5015,華祺,24.7,25.1,24.65,24.7,29,4,7,0,0,6.76,93.23,100.0
2026-06-02,5016,松和,25.4,25.4,24.8,25.05,109,15,-23,0,0,0.55,99.44,100.0
2026-06-02,5201,凱衛,29.85,29.85,28.65,29.0,109,30,0,0,0,8.29,91.7,100.0
2026-06-02,5202,力新,13.0,13.8,12.95,13.65,828,300,-26,0,0,1.21,98.78,100.0
2026-06-02,5203,訊連,72.0,72.3,68.5,70.6,1220,418,-171,0,-1,11.63,88.36,100.0
2026-06-02,5205,中茂,23.7,23.7,21.35,21.65,11,0,0,0,0,0.04,99.95,100.0
2026-06-02,5206,坤悅,21.7,21.8,21.5,21.7,145,6,1,0,-6,6.31,93.68,100.0
2026-06-02,5209,新鼎,172.5,174.5,171.5,174.5,62,5,15,0,-1,2.14,97.85,100.0
2026-06-02,5210,寶碩,29.3,29.5,28.95,29.1,571,111,46,0,0,1.52,98.47,100.0
2026-06-02,5211,蒙恬,18.4,20.25,18.3,19.4,411,204,-5,0,1,7.98,92.01,100.0
2026-06-02,5212,凌網,46.5,47.65,46.5,46.7,16,4,-1,0,0,21.76,78.23,100.0
2026-06-02,5213,亞昕,26.85,26.9,26.6,26.9,865,90,-26,0,0,1.27,98.72,100.0
2026-06-02,5215,科嘉-KY,50.0,50.0,47.5,49.1,375,108,1,0,2,25.73,74.26,100.0
2026-06-02,5220,萬達光電,23.45,23.5,22.8,23.0,125,14,-15,0,0,0.4,99.59,100.0
2026-06-02,5222,全訊,126.5,126.5,122.0,123.5,643,111,-241,0,-4,3.84,6.15,10.0
2026-06-02,5223,安力-KY,25.55,26.25,25.15,25.35,32,9,-3,0,0,41.98,58.01,100.0
2026-06-02,5225,東科-KY,71.7,71.7,70.8,71.5,307,58,38,0,0,40.65,59.34,100.0
2026-06-02,5227,立凱-KY,24.7,24.75,24.2,24.4,128,0,10,0,0,12.79,87.2,100.0
2026-06-02,5228,鈺鎧,63.4,65.8,58.8,64.3,1885,728,184,0,0,2.9,97.09,100.0
2026-06-02,5230,雷笛克光學,17.25,17.75,17.15,17.7,214,41,58,0,0,1.51,98.48,100.0
2026-06-02,5234,達興材料,412.5,412.5,396.5,403.0,811,197,-312,11,-2,10.61,89.38,100.0
2026-06-02,5236,凌陽創新,184.0,185.5,177.5,181.0,944,197,-192,0,10,5.68,94.31,100.0
2026-06-02,5240,建騰,24.7,25.0,23.9,24.2,31,0,0,0,0,0.0,0.0,0.0
2026-06-02,5243,乙盛-KY,124.0,124.0,117.0,124.0,5180,1991,919,0,-7,56.21,43.78,100.0
2026-06-02,5244,弘凱,39.05,39.3,38.6,38.8,196,54,-19,0,-2,1.88,98.11,100.0
2026-06-02,5245,智晶,27.8,27.8,27.05,27.75,157,49,-10,0,0,3.17,96.82,100.0
2026-06-02,5246,勵威,188.27,187.0,170.5,180.0,616,0,0,0,0,0.0,0.0,0.0
2026-06-02,5248,景傳,41.99,43.5,39.9,41.35,133,0,-10,0,0,0.0,0.0,0.0
2026-06-02,5251,天鉞電,29.85,32.25,28.55,32.25,1822,898,-136,0,1,28.47,71.52,100.0
2026-06-02,5254,欣訊科技,49.74,52.5,47.9,52.2,285,0,-10,0,0,0.0,0.0,0.0
2026-06-02,5258,虹堡,52.0,52.0,50.8,52.0,850,263,-37,0,0,5.08,94.91,100.0
2026-06-02,5262,立達,51.38,52.5,50.8,52.5,261,0,28,0,0,0.0,0.0,0.0
2026-06-02,5263,智崴,106.0,108.5,104.0,107.5,519,116,-78,0,9,15.32,84.67,100.0
2026-06-02,5267,龍翩,62.35,61.9,57.8,58.7,143,0,-7,0,0,0.0,0.0,0.0
2026-06-02,5269,祥碩,1540.0,1660.0,1510.0,1590.0,4122,2025,129,62,40,8.08,91.91,100.0
2026-06-02,5271,紘通,16.75,17.1,16.5,16.8,911,0,-16,0,0,0.0,0.0,0.0
2026-06-02,5272,笙科,22.5,23.55,22.1,23.15,337,77,-9,0,0,3.54,96.45,100.0
2026-06-02,5274,信驊,18475.0,18790.0,18070.0,18095.0,282,124,-62,17,0,53.75,46.24,100.0
2026-06-02,5276,達輝-KY,19.1,19.45,19.0,19.45,23,0,0,0,0,76.99,23.0,100.0
2026-06-02,5278,尚凡,22.8,23.7,22.8,23.7,404,21,218,0,0,0.64,99.35,100.0
2026-06-02,5278,尚凡*,22.8,23.7,22.8,23.7,404,21,218,0,0,0.64,99.35,100.0
2026-06-02,5283,禾聯碩,53.4,53.5,52.8,52.9,129,12,-49,0,0,1.41,98.58,100.0
2026-06-02,5284,jpp-KY,448.0,451.5,420.0,428.0,1016,422,8,0,-22,51.53,48.46,100.0
2026-06-02,5285,界霖,91.8,95.0,88.3,90.6,7510,3571,-1188,0,17,4.08,95.91,100.0
2026-06-02,5287,數字,145.0,145.5,143.0,145.0,178,26,-42,0,0,16.05,83.94,100.0
2026-06-02,5288,豐祥-KY,162.5,163.0,158.0,160.0,189,57,30,-70,0,58.74,41.25,100.0
2026-06-02,5289,宜鼎,1930.0,1935.0,1820.0,1875.0,4096,2150,-29,73,-17,23.57,76.42,100.0
2026-06-02,5291,邑昇,72.6,72.6,67.8,68.5,1055,335,-83,0,-56,4.22,95.77,100.0
2026-06-02,5292,華懋,229.5,229.5,221.0,223.5,170,49,-59,0,-8,6.04,93.95,100.0
2026-06-02,5297,廣化,109.82,109.0,95.2,98.7,1728,0,66,0,0,0.0,0.0,0.0
2026-06-02,5299,杰力,114.0,115.5,107.5,110.5,1011,240,304,0,-10,2.59,97.4,100.0
2026-06-02,5301,寶得利,6.79,7.1,6.6,7.1,42,0,3,0,0,2.1,97.89,100.0
2026-06-02,5302,太欣,11.2,11.7,10.95,11.35,1396,0,640,0,0,1.25,98.74,100.0
2026-06-02,5306,桂盟,84.5,85.0,84.0,84.6,137,15,2,0,0,12.61,87.38,100.0
2026-06-02,5309,系統電,81.0,83.2,76.0,78.6,37073,13539,-177,71,211,12.03,87.96,100.0
2026-06-02,5310,天剛,24.55,24.55,24.55,24.55,2,0,0,0,0,0.06,99.93,100.0
2026-06-02,5312,寶島科,94.0,95.1,93.8,95.1,45,6,9,0,0,7.83,92.16,100.0
2026-06-02,5314,世紀*,65.1,65.3,62.4,63.2,3004,1020,-202,0,0,12.92,87.07,100.0
2026-06-02,5315,光聯,22.4,22.4,22.15,22.35,756,83,-142,0,0,8.98,91.01,100.0
2026-06-02,5321,美而快,53.3,61.5,53.3,60.6,576,0,0,0,0,1.71,98.28,100.0
2026-06-02,5324,士開,11.85,11.95,11.8,11.95,261,0,9,0,0,5.23,94.76,100.0
2026-06-02,5328,華容,39.1,40.5,37.25,40.2,24551,13574,2248,0,-358,5.03,94.96,100.0
2026-06-02,5340,建榮,105.0,107.0,100.5,102.0,2933,1236,-100,0,-3,49.67,50.32,100.0
2026-06-02,5344,立衛,16.0,16.45,15.85,16.0,182,0,3,0,0,0.15,99.84,100.0
2026-06-02,5345,天揚,24.7,25.0,23.7,24.0,60,0,-1,0,1,0.03,99.96,100.0
2026-06-02,5345,馥鴻,24.7,25.0,23.7,24.0,60,0,-1,0,1,0.03,99.96,100.0
2026-06-02,5347,世界,179.0,183.5,165.0,171.5,53246,21182,2796,-7448,-189,28.83,71.16,100.0
2026-06-02,5348,正能量智能,15.45,15.45,15.45,15.45,1,0,0,0,0,0.02,99.97,100.0
2026-06-02,5351,鈺創,90.2,95.4,88.8,92.9,47487,28177,5894,0,-44,22.49,77.5,100.0
2026-06-02,5353,台林,33.0,33.3,31.1,31.8,997,248,-210,0,13,0.43,99.56,100.0
2026-06-02,5355,佳總,6.3,6.49,6.2,6.34,158,0,0,0,0,0.19,99.8,100.0
2026-06-02,5356,協益,27.35,27.35,27.0,27.05,216,19,6,0,0,3.32,96.67,100.0
2026-06-02,5364,力麗店,8.78,8.87,8.68,8.68,75,6,5,0,0,0.6,99.39,100.0
2026-06-02,5371,中光電,73.8,74.3,71.8,73.9,3786,1625,-239,0,-60,20.02,79.97,100.0
2026-06-02,5381,光譜,26.85,26.85,26.0,26.6,995,243,-5,0,0,0.96,99.03,100.0
2026-06-02,5386,青雲,586.0,596.0,541.0,559.0,3400,1667,214,0,-12,3.34,96.65,100.0
2026-06-02,5388,中磊,90.0,93.4,88.7,93.3,11064,3680,-528,0,288,18.99,80.97,100.0
2026-06-02,5392,能率,49.0,49.8,46.0,47.1,15515,7860,-1232,0,-2,10.63,89.36,100.0
2026-06-02,5398,慕康生醫,17.05,17.25,16.85,17.25,38,7,-5,0,0,5.59,94.4,100.0
2026-06-02,5403,中菲,89.8,89.8,87.6,88.3,97,13,-12,0,0,6.2,93.79,100.0
2026-06-02,5410,國眾,41.75,41.75,40.65,41.25,1703,366,-165,0,0,8.43,91.56,100.0
2026-06-02,5425,台半,105.5,107.5,100.0,103.5,29903,15071,2344,0,-634,18.08,81.91,100.0
2026-06-02,5426,振發,22.55,22.55,22.55,22.55,525,2,0,0,142,2.52,97.47,100.0
2026-06-02,5432,新門,135.5,137.5,133.0,133.0,91,25,-1,0,0,0.87,99.12,100.0
2026-06-02,5434,崇越,459.0,467.0,449.5,466.0,1067,263,-23,13,0,31.06,68.93,100.0
2026-06-02,5438,東友,19.35,19.4,19.0,19.4,110,23,11,0,0,1.11,98.88,100.0
2026-06-02,5439,高技,382.5,386.0,368.0,374.0,1987,822,-233,50,-17,19.0,80.99,100.0
2026-06-02,5443,均豪,128.0,128.0,119.0,121.5,4715,1517,-1068,0,-228,8.2,91.79,100.0
2026-06-02,5450,寶聯通,12.8,12.95,12.7,12.95,67,20,-1,0,0,0.12,99.87,100.0
2026-06-02,5450,南良,12.8,12.95,12.7,12.95,67,20,-1,0,0,0.12,99.87,100.0
2026-06-02,5452,佶優,35.15,35.6,33.45,34.15,3003,993,-365,0,-3,10.21,89.78,100.0
2026-06-02,5455,昇益,24.3,25.0,24.1,25.0,33,4,13,0,0,0.12,99.87,100.0
2026-06-02,5457,宣德,30.2,30.95,29.95,30.95,823,144,148,0,6,28.06,71.93,100.0
2026-06-02,5460,同協,14.95,15.1,14.8,15.05,42,5,2,0,0,0.39,99.6,100.0
2026-06-02,5464,霖宏,78.9,80.0,72.5,76.3,3963,1282,-349,0,-1,4.27,95.72,100.0
2026-06-02,5465,富驊,27.4,28.2,27.15,27.9,474,155,50,0,0,2.34,97.65,100.0
2026-06-02,5468,凱鈺,18.25,18.35,18.0,18.3,158,0,-5,0,0,0.17,99.82,100.0
2026-06-02,5469,瀚宇博,86.6,86.6,83.6,85.9,3723,1535,-495,0,-4,11.17,88.82,100.0
2026-06-02,5471,松翰,52.8,53.1,51.7,52.6,2373,737,268,0,3,10.1,89.89,100.0
2026-06-02,5474,聰泰,200.5,201.5,182.5,187.0,2822,915,-287,0,-17,2.29,97.7,100.0
2026-06-02,5475,德宏,301.0,325.0,297.0,320.0,8622,0,1860,-991,57,9.51,90.48,100.0
2026-06-02,5478,智冠,100.5,104.5,100.5,104.0,506,44,109,0,9,18.02,81.97,100.0
2026-06-02,5481,新華,17.8,18.7,17.7,18.7,240,6,42,0,0,25.81,74.18,100.0
2026-06-02,5483,中美晶,167.5,167.5,160.0,164.5,19022,7890,260,-1027,-501,23.37,76.62,100.0
2026-06-02,5484,慧友,58.5,58.9,54.2,57.4,5970,0,120,0,-24,2.27,97.72,100.0
2026-06-02,5487,通泰,27.7,28.45,27.6,27.6,126,99,-1,0,0,0.6,99.39,100.0
2026-06-02,5488,松普,13.4,14.35,12.8,14.25,3580,1297,-375,0,0,1.63,98.36,100.0
2026-06-02,5489,彩富,38.7,39.1,38.7,38.85,65,12,-1,0,0,0.64,99.35,100.0
2026-06-02,5490,同亨,29.15,29.35,28.75,29.3,607,160,39,0,0,6.54,93.45,100.0
2026-06-02,5493,三聯,95.8,97.9,92.3,94.0,977,308,-224,0,5,2.67,97.32,100.0
2026-06-02,5498,凱崴,66.5,66.9,62.3,63.4,5125,1822,-426,0,-13,3.12,96.87,100.0
2026-06-02,5508,永信建,47.45,48.95,46.9,48.9,1202,292,-72,-1,5,3.43,96.56,100.0
2026-06-02,5511,德昌,71.6,71.8,71.4,71.8,98,4,36,0,-3,4.25,95.74,100.0
2026-06-02,5512,力麒,7.38,7.46,7.25,7.38,2408,802,-93,0,0,4.91,95.08,100.0
2026-06-02,5514,三豐,13.95,14.35,13.6,14.35,49,12,-5,0,0,0.03,99.96,100.0
2026-06-02,5515,建國,41.55,41.55,40.65,41.2,676,135,-224,0,0,12.29,87.7,100.0
2026-06-02,5516,雙喜,10.2,10.25,10.15,10.25,41,0,-2,0,-1,0.05,99.94,100.0
2026-06-02,5519,隆大,31.95,32.0,31.8,31.8,740,86,-168,0,-2,4.29,95.7,100.0
2026-06-02,5520,力泰,81.3,81.4,81.3,81.4,4,0,0,0,0,0.03,99.96,100.0
2026-06-02,5521,工信,10.2,10.5,10.1,10.15,5272,2472,-1458,0,-1,7.39,92.6,100.0
2026-06-02,5522,遠雄,74.1,75.1,73.7,75.1,1394,376,321,0,75,4.65,95.34,100.0
2026-06-02,5523,豐謙,30.35,30.5,30.3,30.5,49,17,-1,0,0,0.13,99.86,100.0
2026-06-02,5525,順天,21.8,21.8,21.3,21.8,96,8,11,0,3,1.69,98.3,100.0
2026-06-02,5529,鉅陞,22.25,23.75,22.2,22.5,86,22,11,0,0,0.71,99.28,100.0
2026-06-02,5530,龍巖,49.15,50.0,48.85,49.1,899,240,62,0,0,54.22,45.77,100.0
2026-06-02,5531,鄉林,7.98,7.98,7.79,7.86,535,98,98,0,4,2.6,97.39,100.0
2026-06-02,5533,皇鼎,13.95,14.05,13.95,14.0,65,1,22,0,0,2.72,97.27,100.0
2026-06-02,5534,長虹,74.7,74.7,73.5,73.7,2209,137,-1155,-51,-1,8.54,91.45,100.0
2026-06-02,5536,聖暉*,1020.0,1020.0,971.0,998.0,1087,289,-1,-32,-60,37.4,62.59,100.0
2026-06-02,5538,東明-KY,35.8,35.9,35.4,35.8,28,11,10,0,-2,63.83,36.16,100.0
2026-06-02,5543,桓鼎-KY,29.95,29.95,29.15,29.6,52,0,2,0,0,0.02,99.97,100.0
2026-06-02,5546,永固-KY,16.8,17.1,16.5,17.05,47,6,18,0,-1,53.75,46.24,100.0
2026-06-02,5547,久舜,21.8,22.5,21.8,22.2,18,0,0,0,0,0.16,99.83,100.0
2026-06-02,5548,安倉,23.25,23.3,23.2,23.25,33,0,0,0,0,0.16,99.83,100.0
2026-06-02,5601,台聯櫃,33.0,33.1,33.0,33.1,2,1,0,0,0,4.44,95.55,100.0
2026-06-02,5603,陸海,15.25,15.25,14.95,15.15,116,19,7,0,0,5.09,94.9,100.0
2026-06-02,5604,中連貨,30.8,30.8,30.6,30.75,44,0,-6,0,0,3.03,96.96,100.0
2026-06-02,5604,中連,30.8,30.8,30.6,30.75,44,0,-6,0,0,3.03,96.96,100.0
2026-06-02,5607,遠雄港,52.6,52.6,51.0,51.3,827,245,99,0,6,3.4,96.59,100.0
2026-06-02,5608,四維航,15.0,15.0,14.5,14.75,2428,845,-435,0,0,5.09,42.4,47.5
2026-06-02,5609,中菲行,81.4,81.6,81.0,81.5,279,11,-54,0,9,14.48,85.51,100.0
2026-06-02,5701,劍湖山,4.84,4.84,4.84,4.84,471,0,0,0,67,0.0,99.99,100.0
2026-06-02,5703,亞都,13.85,13.85,13.85,13.85,1,0,0,0,0,6.62,93.37,100.0
2026-06-02,5704,老爺知,21.3,21.3,20.9,21.25,49,1,0,0,0,0.16,99.83,100.0
2026-06-02,5706,鳳凰,52.3,52.8,52.0,52.5,681,91,-25,0,-1,1.89,98.1,100.0
2026-06-02,5859,遠壽,13.58,13.9,13.45,13.85,40,0,0,0,0,0.0,0.0,0.0
2026-06-02,5863,瑞興銀,10.7,11.0,10.4,10.9,66,0,-7,0,0,0.0,0.0,0.0
2026-06-02,5864,致和證,43.35,46.3,42.3,45.4,10992,4339,2540,0,0,6.69,93.3,100.0
2026-06-02,5871,中租-KY,108.5,115.0,108.0,114.5,24972,5932,-3127,11626,41,45.5,54.49,100.0
2026-06-02,5876,上海商銀,39.8,41.0,39.75,41.0,22267,4322,7226,4818,-180,53.51,46.48,100.0
2026-06-02,5878,台名,40.75,41.3,40.75,41.3,36,0,-1,0,0,0.57,99.42,100.0
2026-06-02,5880,合庫金,22.8,23.1,22.7,23.05,31996,6032,8132,592,-63,15.15,84.84,100.0
2026-06-02,5902,德記,34.45,34.45,33.4,34.2,130,35,2,0,0,1.18,98.81,100.0
2026-06-02,5903,全家,187.0,187.0,186.0,187.0,58,15,-7,0,0,50.91,49.08,100.0
2026-06-02,5904,寶雅,570.0,572.0,564.0,568.0,159,34,27,-9,0,29.08,70.91,100.0
2026-06-02,5905,南仁湖,7.91,8.0,7.89,8.0,729,0,242,0,0,1.42,98.57,100.0
2026-06-02,5906,台南-KY,46.85,47.0,45.25,47.0,4,3,1,0,0,19.37,80.62,100.0
2026-06-02,5907,大洋-KY,5.01,5.09,5.01,5.09,273,30,66,0,0,52.19,47.8,100.0
2026-06-02,6005,群益證,39.55,41.25,39.0,41.25,21818,8215,3505,-4142,0,17.66,82.33,100.0
2026-06-02,6015,宏遠證,19.75,20.95,19.4,20.85,9731,3676,2151,0,0,9.54,90.45,100.0
2026-06-02,6016,康和證,30.0,32.9,29.75,32.5,20714,7454,1937,0,0,11.38,88.61,100.0
2026-06-02,6020,大展證,24.05,24.75,23.55,23.8,236,100,8,0,0,0.02,99.97,100.0
2026-06-02,6021,美好證,37.7,39.95,37.35,39.45,869,183,110,0,0,7.61,92.38,100.0
2026-06-02,6023,元大期,100.0,100.0,99.4,100.0,124,23,32,-23,0,2.02,97.97,100.0
2026-06-02,6024,群益期,58.2,58.5,57.7,58.5,378,86,58,0,0,4.1,95.89,100.0
2026-06-02,6026,福邦證,17.45,18.0,17.05,17.8,11516,2892,4254,0,0,8.59,91.4,100.0
2026-06-02,6027,德信,12.38,12.55,11.4,12.35,121,0,0,0,0,0.0,0.0,0.0
2026-06-02,6028,公勝保經,79.4,79.5,78.7,78.8,32,0,0,0,0,0.64,99.35,100.0
2026-06-02,6035,悠遊卡,51.02,52.4,50.0,52.4,4,0,0,0,0,0.0,0.0,0.0
2026-06-02,6101,寬魚國際,40.55,42.2,40.4,40.7,723,155,72,0,0,0.43,99.56,100.0
2026-06-02,6103,合邦,0.0,0.0,0.0,0.0,0,0,0,0,0,0.68,99.31,100.0
2026-06-02,6104,創惟,102.5,104.0,99.1,101.0,2780,1550,-152,0,11,12.09,87.9,100.0
2026-06-02,6108,競國,20.05,20.05,19.1,19.55,1300,300,-127,0,-2,3.68,96.31,100.0
2026-06-02,6109,亞元,11.35,11.35,10.75,11.3,377,0,-64,0,0,1.78,98.21,100.0
2026-06-02,6111,光聚晶電,44.1,44.1,42.8,43.85,551,101,-76,0,-12,10.49,89.5,100.0
2026-06-02,6112,邁達特,47.5,49.9,46.4,48.15,7470,4312,-32,0,81,1.58,98.41,100.0
2026-06-02,6113,亞矽,27.9,28.2,27.35,27.8,355,92,3,0,0,3.5,96.49,100.0
2026-06-02,6114,久威,30.85,30.85,30.2,30.45,46,7,-10,0,0,0.77,99.22,100.0
2026-06-02,6115,鎰勝,47.45,47.85,47.2,47.75,343,30,51,0,0,5.5,94.49,100.0
2026-06-02,6116,彩晶,20.65,20.65,19.0,20.65,200560,0,13971,0,579,7.72,92.27,100.0
2026-06-02,6117,迎廣,86.2,91.8,85.9,86.9,2504,1238,-119,0,18,1.94,98.05,100.0
2026-06-02,6118,建達,17.9,19.15,17.9,18.8,1548,728,-56,0,0,1.4,98.59,100.0
2026-06-02,6120,達運,15.1,15.5,14.5,15.45,8345,3072,1912,12,9,9.27,90.72,100.0
2026-06-02,6121,新普,397.0,403.5,394.0,402.5,1715,415,687,-363,6,37.98,62.01,100.0
2026-06-02,6122,擎邦,49.2,49.2,47.65,47.9,420,80,-80,0,0,4.6,95.39,100.0
2026-06-02,6123,上奇,45.35,45.45,44.9,45.45,136,16,28,0,0,2.67,97.32,100.0
2026-06-02,6124,業強,30.9,33.0,30.35,33.0,350,27,75,0,0,50.97,49.02,100.0
2026-06-02,6125,廣運,75.0,75.9,69.0,71.0,11039,3284,-462,0,-92,9.98,90.01,100.0
2026-06-02,6126,信音,38.2,39.15,36.85,38.8,6031,2400,960,0,59,5.84,94.15,100.0
2026-06-02,6127,九豪,78.0,81.4,73.0,81.4,55155,35262,-879,0,41,12.24,87.75,100.0
2026-06-02,6128,上福,19.5,20.2,19.5,20.2,362,27,109,0,0,4.52,95.47,100.0
2026-06-02,6129,普誠,16.6,16.65,16.15,16.4,1315,0,98,0,0,2.32,97.67,100.0
2026-06-02,6130,上亞科技,23.25,23.9,22.75,22.95,154,37,-22,0,0,0.47,99.52,100.0
2026-06-02,6133,金橋,23.6,23.6,22.9,23.5,1386,548,-115,0,-2,2.04,97.95,100.0
2026-06-02,6134,萬旭,41.55,41.8,36.6,38.15,8346,3705,-346,0,-20,27.8,72.19,100.0
2026-06-02,6136,富爾特,26.05,26.2,25.65,26.15,396,96,122,0,0,4.03,95.96,100.0
2026-06-02,6138,茂達,356.0,356.0,322.0,329.0,1547,423,121,6,-10,17.04,82.95,100.0
2026-06-02,6139,亞翔,782.0,789.0,760.0,762.0,3441,1223,154,-896,-67,29.31,70.68,100.0
2026-06-02,6140,訊達,21.5,22.7,21.3,22.7,930,0,-26,0,-1,1.72,98.27,100.0
2026-06-02,6141,柏承,42.1,42.45,40.05,40.35,3751,0,505,0,2,4.2,95.79,100.0
2026-06-02,6142,友勁,8.59,8.73,8.3,8.72,1133,0,373,0,0,2.67,97.32,100.0
2026-06-02,6143,振曜,99.4,101.0,98.7,100.0,939,305,-7,0,0,10.31,89.68,100.0
2026-06-02,6144,得利影,14.25,14.25,13.95,14.15,25,0,2,0,0,33.4,66.59,100.0
2026-06-02,6146,耕興,227.5,227.5,220.5,221.5,763,165,-246,52,-1,29.77,70.22,100.0
2026-06-02,6147,頎邦,286.5,294.5,264.0,281.0,68756,37016,7948,-4577,518,23.19,76.8,100.0
2026-06-02,6148,驊宏資,33.6,34.8,32.6,34.8,3032,1339,-249,0,0,2.56,97.43,100.0
2026-06-02,6150,撼訊,69.2,76.0,69.2,76.0,2949,661,434,0,18,7.14,92.85,100.0
2026-06-02,6151,晉倫,45.7,45.7,43.0,44.0,860,172,-323,0,-19,4.75,95.24,100.0
2026-06-02,6152,百一,15.25,15.5,14.8,15.3,1878,0,168,0,3,2.08,97.91,100.0
2026-06-02,6153,嘉聯益,18.75,19.3,18.35,19.0,7623,3390,159,0,-13,11.82,88.17,100.0
2026-06-02,6154,順發,13.35,13.35,13.2,13.35,92,4,0,0,0,0.73,99.26,100.0
2026-06-02,6155,鈞寶,69.0,75.9,64.5,75.9,29741,20953,-1487,0,-13,10.84,89.15,100.0
2026-06-02,6156,松上,19.35,19.35,18.9,19.3,492,125,124,0,0,5.31,94.68,100.0
2026-06-02,6158,禾昌,18.35,18.35,17.4,18.0,247,50,34,0,0,0.84,99.15,100.0
2026-06-02,6160,欣技,17.5,17.55,17.0,17.5,252,0,12,0,0,3.98,96.01,100.0
2026-06-02,6161,捷波,58.8,58.8,55.5,56.7,745,135,161,0,8,2.99,97.0,100.0
2026-06-02,6163,華電網,52.9,53.6,51.1,52.2,2413,751,-150,0,-2,2.63,97.36,100.0
2026-06-02,6164,華興,12.8,13.85,12.45,13.4,2593,965,-426,0,3,4.8,95.19,100.0
2026-06-02,6165,浪凡,48.6,48.6,47.85,48.35,496,139,-23,0,0,17.77,82.22,100.0
2026-06-02,6166,凌華,135.0,135.0,126.5,132.0,2936,1251,675,0,-4,20.22,79.77,100.0
2026-06-02,6167,久正,12.0,12.35,11.7,12.25,1459,218,349,0,0,4.92,95.07,100.0
2026-06-02,6168,宏齊,28.35,29.1,26.9,27.45,4804,1722,-392,0,-18,3.46,96.53,100.0
2026-06-02,6169,昱泉,13.75,14.05,13.75,14.05,22,0,4,0,0,0.17,99.82,100.0
2026-06-02,6170,統振,52.0,52.1,51.7,51.9,262,25,107,0,0,3.04,96.95,100.0
2026-06-02,6171,大城地產,23.25,23.85,23.2,23.35,7,2,1,0,0,0.16,99.83,100.0
2026-06-02,6173,信昌電,225.0,231.5,214.5,231.5,1829,0,-194,0,177,17.51,82.48,100.0
2026-06-02,6174,安碁,45.1,46.0,43.15,46.0,1648,813,305,0,0,3.69,96.3,100.0
2026-06-02,6175,立敦,99.8,99.8,90.5,95.0,9370,3739,2263,0,7,23.84,76.15,100.0
2026-06-02,6176,瑞儀,105.5,106.0,101.5,103.5,12251,2017,5034,-5884,290,25.69,74.3,100.0
2026-06-02,6177,達麗,43.8,43.8,42.85,43.0,1344,236,-610,-22,-2,6.41,93.58,100.0
2026-06-02,6179,亞通,23.85,24.05,23.35,23.6,2124,243,-600,0,-12,4.48,95.51,100.0
2026-06-02,6180,橘子,42.3,44.25,41.95,44.0,1692,507,-345,0,-1,22.88,77.11,100.0
2026-06-02,6182,合晶,96.6,96.6,87.3,90.1,14773,0,1077,0,171,22.3,77.69,100.0
2026-06-02,6183,關貿,91.5,91.5,90.0,91.0,30,10,1,0,3,1.09,98.9,100.0
2026-06-02,6184,大豐電,45.95,46.0,45.85,46.0,57,1,13,0,0,2.78,16.21,19.0
2026-06-02,6185,幃翔,14.0,14.15,13.9,14.15,303,38,37,0,0,2.01,97.98,100.0
2026-06-02,6186,新潤,39.5,39.7,38.95,39.2,861,120,-225,0,-1,2.52,97.47,100.0
2026-06-02,6187,萬潤,1090.0,1095.0,998.0,1010.0,4956,1458,1162,-697,-1,28.61,71.38,100.0
2026-06-02,6188,廣明,88.0,88.7,85.7,87.1,3798,1393,158,0,-3,9.99,90.0,100.0
2026-06-02,6189,豐藝,50.0,51.3,49.7,51.1,1558,251,312,-168,-1,8.12,91.87,100.0
2026-06-02,6190,萬泰科,91.5,93.0,82.5,83.3,13892,4709,-1063,0,-445,10.78,89.21,100.0
2026-06-02,6191,精成科,97.0,97.9,95.8,97.0,4531,1124,378,0,11,4.3,95.69,100.0
2026-06-02,6192,巨路,129.0,129.0,125.5,127.5,293,55,7,0,0,25.15,74.84,100.0
2026-06-02,6194,育富,34.2,34.2,32.7,33.4,108,11,12,0,0,2.41,97.58,100.0
2026-06-02,6195,詩肯,26.15,26.2,25.85,26.05,34,1,2,0,0,45.02,54.97,100.0
2026-06-02,6196,帆宣,515.0,517.0,498.0,517.0,1971,835,138,16,-6,17.26,82.73,100.0
2026-06-02,6197,佳必琪,312.0,316.0,303.5,311.0,5369,2390,-44,12,-29,7.83,92.16,100.0
2026-06-02,6198,瑞築,20.55,20.7,20.4,20.4,11,0,-1,0,0,0.04,99.95,100.0
2026-06-02,6199,天品,89.9,91.1,88.9,90.4,452,163,63,0,1,5.85,94.14,100.0
2026-06-02,6201,亞弘電,48.5,49.9,48.1,49.0,82,14,8,0,0,1.15,98.84,100.0
2026-06-02,6202,盛群,58.6,59.2,56.0,57.7,2593,1021,69,0,-32,12.08,87.91,100.0
2026-06-02,6203,海韻電,72.3,72.8,71.5,72.1,318,93,9,0,-2,3.17,96.82,100.0
2026-06-02,6204,艾華,101.5,105.0,97.5,104.5,1310,625,2,0,0,2.62,97.37,100.0
2026-06-02,6205,詮欣,81.2,89.3,79.9,89.3,8792,3722,-152,0,52,1.87,98.12,100.0
2026-06-02,6206,飛捷,142.5,143.5,138.0,142.0,1912,830,-213,127,0,15.45,84.54,100.0
2026-06-02,6207,雷科,128.5,133.0,122.0,127.0,26569,15495,-1606,0,-569,6.95,93.04,100.0
2026-06-02,6208,日揚,93.9,93.9,89.9,91.5,961,177,61,0,0,2.26,97.73,100.0
2026-06-02,6209,今國光,84.5,84.6,77.6,79.2,12333,3846,-1368,0,-256,5.25,94.74,100.0
2026-06-02,6210,慶生,22.65,22.65,21.0,21.15,41,0,-2,0,0,0.24,99.75,100.0
2026-06-02,6212,理銘,0.0,0.0,0.0,0.0,0,0,0,0,0,0.47,99.52,100.0
2026-06-02,6213,聯茂,293.0,294.5,268.0,273.0,26520,10708,-7246,118,-408,12.66,87.3,100.0
2026-06-02,6214,精誠,158.0,158.0,156.5,158.0,3889,223,424,-1,66,13.13,86.86,100.0
2026-06-02,6215,和椿,130.0,130.0,116.5,118.5,5258,1316,-1321,0,-51,7.43,92.56,100.0
2026-06-02,6216,居易,23.05,23.45,22.75,23.45,436,71,78,0,0,3.13,96.86,100.0
2026-06-02,6217,中探針,305.0,305.0,295.0,305.0,1317,0,-44,0,-18,19.14,80.85,100.0
2026-06-02,6218,豪勉,38.4,38.85,37.2,37.7,921,238,116,0,0,1.73,98.26,100.0
2026-06-02,6219,富旺,12.0,12.35,12.0,12.3,413,57,226,0,0,2.07,97.92,100.0
2026-06-02,6220,岳豐,33.95,34.2,32.95,33.3,674,172,-249,0,41,3.78,96.21,100.0
2026-06-02,6221,晉泰,24.05,24.15,23.65,24.1,114,18,-15,0,0,1.2,98.79,100.0
2026-06-02,6222,立軒,20.35,20.6,20.3,20.6,12,1,0,0,0,0.12,99.87,100.0
2026-06-02,6223,旺矽,5630.0,5695.0,5435.0,5515.0,1292,425,239,-232,9,30.21,69.78,100.0
2026-06-02,6224,聚鼎,88.3,88.5,81.6,83.9,1997,562,112,0,-2,4.7,95.29,100.0
2026-06-02,6225,天瀚,24.5,24.5,24.1,24.1,4,0,0,0,0,0.04,99.95,100.0
2026-06-02,6226,光鼎,13.8,13.95,12.85,13.55,3345,1564,-122,0,-2,3.42,96.57,100.0
2026-06-02,6227,茂綸,131.0,132.0,125.0,130.5,1323,472,128,0,-45,5.61,94.38,100.0
2026-06-02,6228,全譜,21.2,21.2,21.2,21.2,4,0,-1,0,0,0.18,99.81,100.0
2026-06-02,6229,研通,27.45,27.45,26.15,26.95,241,75,-60,0,0,1.42,98.57,100.0
2026-06-02,6230,尼得科超眾,147.0,147.0,138.5,142.0,162,59,-19,0,0,87.03,12.96,100.0
2026-06-02,6231,系微,322.5,325.0,303.0,319.5,2462,1120,-104,0,-8,13.22,86.77,100.0
2026-06-02,6233,旺玖,25.85,25.85,24.9,25.05,679,146,23,0,0,6.21,93.78,100.0
2026-06-02,6234,高僑,49.0,49.3,46.55,47.25,2243,564,465,0,-19,10.22,89.77,100.0
2026-06-02,6235,華孚,47.2,47.2,45.1,45.7,2965,903,-983,0,-17,3.48,96.51,100.0
2026-06-02,6236,中湛,18.4,18.4,18.4,18.4,1,0,0,0,0,0.02,99.97,100.0
2026-06-02,6237,驊訊,50.0,51.5,48.35,51.0,1667,786,-179,0,-15,11.5,88.49,100.0
2026-06-02,6239,力成,369.5,369.5,329.5,347.0,24564,0,2897,-6992,-415,36.1,63.89,100.0
2026-06-02,6240,松崗,18.3,18.3,17.9,17.9,3,0,-1,0,0,0.26,99.73,100.0
2026-06-02,6241,鑫永洋,10.2,10.35,10.05,10.3,177,0,-5,0,0,0.17,99.82,100.0
2026-06-02,6242,立康,37.85,37.85,37.5,37.55,27,0,0,0,0,0.49,99.5,100.0
2026-06-02,6243,迅杰,34.1,34.25,32.85,33.6,371,102,39,0,0,2.71,97.28,100.0
2026-06-02,6244,茂迪,30.7,30.8,28.6,29.7,10832,4217,-2436,0,-261,19.5,80.49,100.0
2026-06-02,6245,立端,91.5,91.6,88.9,91.4,1651,595,161,0,0,9.88,90.11,100.0
2026-06-02,6246,臺龍,15.75,15.75,15.25,15.25,26,5,-6,0,0,0.21,99.78,100.0
2026-06-02,6248,沛波,18.65,18.65,18.45,18.5,70,3,-20,0,0,0.82,99.17,100.0
2026-06-02,6257,矽格,220.5,227.0,213.5,215.0,13068,4076,4132,-4260,181,28.5,71.49,100.0
2026-06-02,6259,百徽,26.6,26.6,25.65,26.6,504,173,160,0,0,39.93,60.06,100.0
2026-06-02,6261,久元,118.5,118.5,107.0,108.0,7396,1678,360,0,-477,5.39,94.6,100.0
2026-06-02,6263,普萊德,178.5,184.5,173.5,182.0,817,206,-98,0,0,1.64,98.35,100.0
2026-06-02,6264,富裔,6.05,6.06,5.92,6.05,147,0,8,0,0,0.02,99.97,100.0
2026-06-02,6265,方土昶,56.0,61.6,55.5,61.6,23475,12422,2671,0,117,12.62,87.37,100.0
2026-06-02,6266,泰詠,28.45,28.5,28.05,28.25,361,69,-3,0,0,2.22,97.77,100.0
2026-06-02,6269,台郡,76.0,76.0,70.5,74.9,42564,21508,23,0,394,17.87,82.12,100.0
2026-06-02,6270,倍微,28.5,29.25,27.95,29.05,1332,394,79,0,0,4.48,95.51,100.0
2026-06-02,6271,同欣電,251.5,253.5,240.0,249.5,3641,0,1386,-18,-71,32.96,67.03,100.0
2026-06-02,6272,驊陞,37.45,38.4,37.0,38.4,796,0,162,0,4,3.6,96.39,100.0
2026-06-02,6274,台燿,1700.0,1700.0,1565.0,1590.0,7939,2811,51,655,-435,37.55,62.44,100.0
2026-06-02,6275,元山,52.6,52.6,51.0,51.8,1335,295,161,0,-8,2.18,97.81,100.0
2026-06-02,6276,安鈦克,28.3,28.9,27.0,27.0,93,0,-13,0,0,1.66,98.33,100.0
2026-06-02,6277,宏正,82.2,84.1,78.6,79.6,914,368,-26,0,1,8.71,91.28,100.0
2026-06-02,6278,台表科,220.0,222.5,206.0,214.5,12228,4997,1887,-844,-376,17.52,82.47,100.0
2026-06-02,6279,胡連,119.0,119.5,116.5,119.0,761,104,21,-99,-3,4.13,95.86,100.0
2026-06-02,6281,全國電,50.7,51.5,50.7,51.5,119,11,54,0,0,2.35,97.64,100.0
2026-06-02,6282,康舒,65.5,65.8,60.8,63.0,83461,41473,-10759,147,-1955,20.92,79.07,100.0
2026-06-02,6283,淳安,25.3,25.5,24.8,25.2,328,87,29,0,-2,18.68,81.31,100.0
2026-06-02,6284,佳邦,116.0,116.0,104.5,110.0,9918,3702,1913,0,-96,10.15,89.84,100.0
2026-06-02,6285,啟碁,315.0,320.5,303.5,306.0,13205,6763,270,333,-136,24.68,75.31,100.0
2026-06-02,6290,良維,367.0,368.5,350.0,362.5,6756,2800,-875,0,-51,17.44,82.55,100.0
2026-06-02,6291,沛亨,650.0,657.0,591.0,620.0,671,0,59,0,-16,3.32,96.67,100.0
2026-06-02,6292,迅德,67.3,67.3,61.2,63.3,922,203,66,0,0,1.41,98.58,100.0
2026-06-02,6294,智基,27.25,27.4,27.15,27.15,31,1,3,0,0,0.57,99.42,100.0
2026-06-02,6405,悅城,80.3,80.3,73.9,75.8,397,0,7,0,29,5.16,94.83,100.0
2026-06-02,6407,相互,33.34,32.95,30.9,31.9,1416,0,15,0,0,0.0,0.0,0.0
2026-06-02,6409,旭隼,712.0,759.0,702.0,742.0,1760,552,-67,394,18,50.48,49.51,100.0
2026-06-02,6411,晶焱,106.5,106.5,97.3,100.0,4581,1442,610,0,-35,8.93,91.06,100.0
2026-06-02,6412,群電,106.5,108.5,101.5,104.0,6512,2118,1699,-2280,204,5.47,94.52,100.0
2026-06-02,6414,樺漢,382.5,393.0,375.0,383.0,2793,1072,484,-109,-81,35.53,64.46,100.0
2026-06-02,6415,矽力*-KY,597.0,598.0,564.0,578.0,6658,2638,385,-322,-53,80.38,19.61,100.0
2026-06-02,6416,瑞祺電通,92.1,92.3,90.7,91.9,316,86,3,0,0,4.87,95.12,100.0
2026-06-02,6417,韋僑,141.0,141.0,136.0,140.0,119,34,22,0,0,10.45,89.54,100.0
2026-06-02,6418,詠昇,30.55,31.2,29.9,30.7,184,35,47,0,0,3.29,96.7,100.0
2026-06-02,6419,京晨科,141.0,152.0,138.0,149.5,712,248,-43,0,0,9.1,90.89,100.0
2026-06-02,6423,億而得-創,93.8,94.9,91.1,92.6,184,44,14,0,0,4.4,95.59,100.0
2026-06-02,6423,億而得,93.8,94.9,91.1,92.6,184,44,14,0,0,4.4,95.59,100.0
2026-06-02,6425,易發,93.0,93.0,87.6,88.1,2417,708,50,0,0,3.73,96.26,100.0
2026-06-02,6426,統新,271.0,277.0,250.5,259.0,1361,709,-35,0,0,8.39,91.6,100.0
2026-06-02,6428,台灣淘米,13.6,0.0,0.0,0.0,0,0,0,0,0,0.0,0.0,0.0
2026-06-02,6431,光麗-KY,19.25,19.25,18.15,18.65,90,0,-6,0,0,56.76,43.23,100.0
2026-06-02,6432,今展科,67.0,67.4,63.0,66.0,3096,1339,596,0,0,5.4,94.59,100.0
2026-06-02,6434,達輝光電,16.64,17.2,15.6,16.2,1648,0,-38,0,0,0.0,0.0,0.0
2026-06-02,6435,大中,291.5,291.5,275.0,287.0,783,346,132,0,0,13.85,86.14,100.0
2026-06-02,6438,迅得,170.0,170.5,162.5,164.0,1945,309,-563,0,-32,7.06,92.93,100.0
2026-06-02,6441,廣錠,24.3,24.3,23.75,24.0,208,55,47,0,0,0.66,99.33,100.0
2026-06-02,6442,光聖,1925.0,1960.0,1860.0,1880.0,2488,1434,-116,15,-12,31.77,68.22,100.0
2026-06-02,6443,元晶,42.65,43.5,40.9,42.55,31209,15229,-3960,0,-140,13.52,86.47,100.0
2026-06-02,6446,藥華藥,962.0,965.0,900.0,902.0,4137,1220,-1649,55,-37,24.21,75.78,100.0
2026-06-02,6449,鈺邦,402.0,402.0,370.0,372.0,960,0,7,79,-27,5.66,94.33,100.0
2026-06-02,6451,訊芯-KY,656.0,689.0,645.0,659.0,10771,6795,1124,15,-56,68.9,31.09,100.0
2026-06-02,6456,GIS-KY,84.0,86.4,79.9,82.9,25276,14234,2491,0,107,47.95,52.04,100.0
2026-06-02,6461,益得,16.4,16.8,15.85,16.8,323,0,-21,0,0,0.73,99.26,100.0
2026-06-02,6462,神盾,123.0,125.0,121.0,122.5,2304,1232,-417,0,1,21.23,78.76,100.0
2026-06-02,6464,台數科,78.0,78.0,77.9,78.0,5,0,4,0,0,0.82,19.16,19.99
2026-06-02,6465,威潤,49.35,50.8,48.0,50.2,280,78,42,0,0,1.92,98.07,100.0
2026-06-02,6467,泰合,125.24,125.0,119.5,120.0,158,0,0,0,0,0.0,0.0,0.0
2026-06-02,6469,大樹,71.5,72.5,71.0,72.5,641,113,147,0,0,5.42,94.57,100.0
2026-06-02,6470,宇智,49.2,49.8,48.5,49.55,149,16,21,0,0,6.83,93.16,100.0
2026-06-02,6472,保瑞,356.5,362.0,348.0,350.0,730,248,-95,-3,-18,10.19,89.8,100.0
2026-06-02,6473,美賣*,8.04,8.59,8.03,8.13,100,0,-5,0,0,0.0,0.0,0.0
2026-06-02,6474,華豫寧,38.2,39.1,37.9,38.35,102,27,9,0,0,0.46,99.53,100.0
2026-06-02,6477,安集,34.3,34.55,33.2,33.65,836,223,-142,0,-2,3.0,96.99,100.0
2026-06-02,6482,弘煜科,28.65,31.0,28.65,29.95,43,11,-4,0,0,2.44,97.55,100.0
2026-06-02,6483,原創生醫,13.47,13.65,13.2,13.2,75,0,0,0,0,0.0,0.0,0.0
2026-06-02,6485,點序,117.0,123.0,112.0,116.5,9371,4761,-27,0,-115,12.11,87.88,100.0
2026-06-02,6486,互動,82.5,83.0,82.2,82.6,113,12,-31,0,0,3.88,96.11,100.0
2026-06-02,6488,環球晶,951.0,967.0,923.0,940.0,2175,0,253,-422,331,26.07,73.92,100.0
2026-06-02,6491,晶碩,325.0,325.0,320.0,324.5,338,122,91,0,0,11.4,88.59,100.0
2026-06-02,6492,生華科,45.0,45.0,43.5,43.9,285,0,0,0,0,6.78,93.21,100.0
2026-06-02,6493,雷虎生,28.42,28.6,27.5,28.1,64,0,0,0,0,0.0,0.0,0.0
2026-06-02,6494,九齊,57.2,57.4,55.7,57.0,261,89,2,0,-5,10.18,89.81,100.0
2026-06-02,6496,科懋,24.1,24.1,23.8,23.8,15,0,-4,0,0,0.3,99.69,100.0
2026-06-02,6498,久禾光,108.0,108.0,101.0,103.5,245,60,-47,0,-2,2.11,97.88,100.0
2026-06-02,6499,益安,82.5,85.4,81.9,83.5,542,153,-142,0,0,13.33,86.66,100.0
2026-06-02,6504,南六,36.35,37.5,36.3,36.3,127,57,5,0,-2,0.96,99.03,100.0
2026-06-02,6505,台塑化,53.4,54.7,52.9,54.5,12690,3608,3563,-15,-125,6.05,93.94,100.0
2026-06-02,6506,雙邦,19.6,20.8,19.4,20.6,671,137,72,0,0,0.98,99.01,100.0
2026-06-02,6508,惠光,23.2,23.25,23.1,23.15,119,2,-4,0,0,0.91,99.08,100.0
2026-06-02,6509,聚和,52.0,52.0,48.6,49.5,4521,725,-1208,106,13,11.0,88.99,100.0
2026-06-02,6510,精測,3365.0,3365.0,3165.0,3215.0,644,261,-180,104,-7,21.73,78.26,100.0
2026-06-02,6512,啟發電,19.05,19.1,19.05,19.05,13,0,0,0,0,0.07,99.92,100.0
2026-06-02,6515,穎崴,8655.0,8700.0,7895.0,8080.0,752,182,198,-176,2,21.19,78.8,100.0
2026-06-02,6516,勤崴國際,57.6,58.6,56.9,58.2,147,55,28,0,0,1.33,98.66,100.0
2026-06-02,6517,保勝光學,60.6,60.8,59.2,60.0,147,24,-64,0,0,2.27,97.72,100.0
2026-06-02,6518,康科特,30.33,30.9,29.9,30.5,31,0,1,0,0,0.0,0.0,0.0
2026-06-02,6523,達爾膚,97.5,98.0,97.0,98.0,67,1,2,0,0,1.45,98.54,100.0
2026-06-02,6525,捷敏-KY,120.5,122.0,116.0,119.5,1407,332,297,-9,0,14.94,85.05,100.0
2026-06-02,6526,達發,684.0,715.0,678.0,714.0,2511,973,-251,576,33,6.95,93.04,100.0
2026-06-02,6527,明達醫,69.8,71.0,67.8,70.5,82,0,5,0,0,0.18,99.81,100.0
2026-06-02,6530,創威,110.0,115.0,107.0,109.0,1959,1012,-26,0,0,4.91,95.08,100.0
2026-06-02,6531,愛普*,1140.0,1155.0,1045.0,1075.0,6639,3418,-393,130,-56,28.3,71.69,100.0
2026-06-02,6532,瑞耘,101.5,103.0,95.6,97.9,1168,396,-69,0,0,5.65,94.34,100.0
2026-06-02,6533,晶心科,225.0,243.0,223.5,241.0,2862,1378,41,0,14,12.0,87.99,100.0
2026-06-02,6534,正瀚-創,93.1,94.5,93.1,93.3,73,21,-22,0,0,40.55,59.44,100.0
2026-06-02,6535,順藥,126.0,126.0,120.5,121.5,373,0,-84,0,0,5.51,94.48,100.0
2026-06-02,6536,碩豐,21.21,22.0,20.05,21.5,17,0,-2,0,0,0.0,0.0,0.0
2026-06-02,6538,倉和,126.0,129.0,123.0,129.0,445,0,19,0,-4,5.55,94.44,100.0
2026-06-02,6539,麗彤,42.25,43.8,42.0,43.7,1,0,0,0,0,0.0,0.0,0.0
2026-06-02,6541,泰福-KY,41.35,42.4,40.3,41.85,715,191,-129,0,2,14.0,85.99,100.0
2026-06-02,6542,隆中,45.0,45.0,45.0,45.0,1,0,-1,0,0,18.11,81.88,100.0
2026-06-02,6543,普惠醫工,20.84,21.4,20.45,21.0,48,0,0,0,0,0.0,0.0,0.0
2026-06-02,6546,正基,85.4,86.3,81.5,83.1,1268,506,121,0,-61,10.39,89.6,100.0
2026-06-02,6547,高端疫苗,46.05,46.1,44.9,45.05,1565,300,-553,0,4,9.76,90.23,100.0
2026-06-02,6548,長科*,77.5,82.5,74.1,81.1,34159,18515,3002,4068,67,5.82,94.17,100.0
2026-06-02,6549,景凱,7.76,7.86,7.64,7.72,117,0,0,0,0,0.0,0.0,0.0
2026-06-02,6550,北極星藥業-KY,13.0,13.5,12.85,13.3,1924,0,121,0,-6,68.54,31.45,100.0
2026-06-02,6552,易華電,33.65,34.9,33.05,34.55,562,199,-32,0,0,1.74,98.25,100.0
2026-06-02,6555,榮炭,20.26,20.4,19.9,20.15,210,0,6,0,0,0.0,0.0,0.0
2026-06-02,6556,勝品,73.0,73.0,71.0,71.0,9,0,0,0,0,0.57,99.42,100.0
2026-06-02,6558,興能高,34.75,34.75,32.8,33.1,1536,479,-71,0,0,1.72,98.27,100.0
2026-06-02,6559,研晶,22.55,23.25,21.05,23.05,103,0,0,0,0,0.0,0.0,0.0
2026-06-02,6560,欣普羅,38.05,41.8,37.85,39.95,1064,418,6,0,10,5.05,94.94,100.0
2026-06-02,6561,是方,364.0,373.0,360.5,366.0,321,57,137,0,3,6.74,93.25,100.0
2026-06-02,6563,映智,29.36,29.65,28.3,28.8,110,0,0,0,0,0.0,0.0,0.0
2026-06-02,6564,安特羅,17.18,17.5,16.95,17.3,51,0,-4,0,0,0.0,0.0,0.0
2026-06-02,6565,物聯,21.9,23.35,21.75,22.7,181,0,-14,0,0,0.0,0.0,0.0
2026-06-02,6568,宏觀,238.5,238.5,215.0,220.5,985,255,-350,0,-99,5.62,94.37,100.0
2026-06-02,6569,醫揚,104.5,104.5,101.0,101.0,31,2,-4,0,0,3.08,96.91,100.0
2026-06-02,6570,維田,60.0,60.0,57.5,57.9,348,0,4,0,-2,1.81,98.18,100.0
2026-06-02,6572,博錸,7.82,8.02,7.47,7.85,266,0,10,0,0,0.0,0.0,0.0
2026-06-02,6573,虹揚-KY,15.75,17.3,15.75,17.3,1493,0,104,0,-5,54.84,45.15,100.0
2026-06-02,6574,霈方,115.0,115.0,109.0,110.0,89,0,-24,0,0,0.82,99.17,100.0
2026-06-02,6576,逸達,77.0,77.0,75.6,76.0,113,0,-1,0,0,22.29,77.7,100.0
2026-06-02,6577,勁豐,80.0,80.4,80.0,80.1,45,1,1,0,0,1.06,98.93,100.0
2026-06-02,6578,達邦蛋白,16.45,16.7,16.35,16.6,81,10,22,0,0,0.72,99.27,100.0
2026-06-02,6579,研揚,168.0,170.5,164.0,169.5,865,293,148,0,0,3.4,96.59,100.0
2026-06-02,6580,台睿,14.66,15.05,14.45,15.05,120,0,0,0,0,0.0,0.0,0.0
2026-06-02,6581,鋼聯,113.0,113.5,112.0,112.5,35,4,-3,0,-1,1.03,98.96,100.0
2026-06-02,6582,申豐,31.45,31.7,31.05,31.5,71,17,0,0,-1,12.97,87.02,100.0
2026-06-02,6583,友松,11.86,11.8,11.8,11.8,0,0,0,0,0,0.0,0.0,0.0
2026-06-02,6584,南俊國際,731.0,731.0,658.0,658.0,2592,765,-706,-42,-5,13.12,86.87,100.0
2026-06-02,6585,鼎基,99.8,104.5,98.1,102.0,527,156,50,0,2,3.53,96.46,100.0
2026-06-02,6586,醣基,69.88,70.3,66.9,68.0,581,0,-3,0,0,0.0,0.0,0.0
2026-06-02,6588,東典光電,109.0,116.5,108.0,111.0,2030,901,-343,0,0,3.11,96.88,100.0
2026-06-02,6589,台康生技,44.0,44.3,43.0,44.05,1195,367,173,0,-5,4.98,95.01,100.0
2026-06-02,6590,普鴻,65.2,65.6,65.2,65.6,15,0,2,0,0,0.06,99.93,100.0
2026-06-02,6591,動力-KY,58.8,59.3,58.0,59.0,620,174,-63,0,0,20.03,79.96,100.0
2026-06-02,6592,和潤企業,61.4,62.5,61.0,62.3,1408,276,272,60,-2,26.2,73.79,100.0
2026-06-02,6593,台灣銘板,35.15,35.15,34.65,35.05,81,14,4,0,0,1.55,98.44,100.0
2026-06-02,6595,光禹國際,30.47,31.3,29.8,31.0,6,0,0,0,0,0.0,0.0,0.0
2026-06-02,6596,寬宏藝術,98.5,98.5,96.3,97.0,187,11,-39,0,0,1.48,98.51,100.0
2026-06-02,6597,立誠,71.0,71.1,70.9,71.1,14,0,0,0,0,0.0,99.99,100.0
2026-06-02,6598,ABC-KY,24.2,24.45,23.95,24.3,141,0,-29,0,0,23.84,76.15,100.0
2026-06-02,6599,普達系統,44.85,45.0,44.8,44.8,8,0,1,0,0,0.0,0.0,0.0
2026-06-02,6603,富強鑫,25.2,25.25,23.6,23.8,1925,449,-50,0,-21,1.57,98.42,100.0
2026-06-02,6604,儒億,35.45,36.5,34.55,36.45,182,0,0,0,0,0.0,0.0,0.0
2026-06-02,6605,帝寶,141.5,142.5,139.0,142.5,1135,253,125,-99,-2,15.41,84.58,100.0
2026-06-02,6606,建德工業,26.3,26.7,25.95,26.7,558,90,12,0,-2,3.41,96.58,100.0
2026-06-02,6609,瀧澤科,48.05,48.05,45.8,47.2,1064,359,-92,0,59,53.39,46.6,100.0
2026-06-02,6610,安成生技,26.23,27.0,25.4,26.0,167,0,-1,0,0,0.0,0.0,0.0
2026-06-02,6612,奈米醫材,73.0,73.0,72.3,72.3,19,1,3,0,0,26.02,73.97,100.0
2026-06-02,6613,朋億*,261.0,263.5,255.5,257.5,216,49,-18,0,-4,7.66,92.33,100.0
2026-06-02,6614,資拓宏宇,40.1,40.3,39.7,40.0,102,0,29,0,-7,0.72,99.27,100.0
2026-06-02,6615,慧智,32.8,32.9,32.8,32.9,16,0,1,0,0,0.26,99.73,100.0
2026-06-02,6616,特昇-KY,9.0,9.19,9.0,9.15,70,7,8,0,0,55.93,44.06,100.0
2026-06-02,6617,共信-KY,69.9,69.9,68.1,69.2,188,80,-21,0,0,38.49,61.5,100.0
2026-06-02,6618,永虹先進,18.78,19.0,18.3,18.65,480,0,0,0,0,0.0,0.0,0.0
2026-06-02,6620,漢達,72.2,72.2,71.2,71.2,233,36,-8,0,0,25.04,74.95,100.0
2026-06-02,6621,華宇藥,11.87,11.9,11.75,11.75,68,0,0,0,0,0.0,0.0,0.0
2026-06-02,6622,百聿數碼,7.22,7.49,7.12,7.15,16,0,0,0,0,0.0,0.0,0.0
2026-06-02,6624,萬年清,39.0,39.95,39.0,39.1,75,10,1,0,0,0.42,99.57,100.0
2026-06-02,6625,必應,73.6,74.3,73.3,73.6,153,28,-5,0,-1,1.14,98.85,100.0
2026-06-02,6629,泰金-KY,116.0,118.5,115.0,118.0,63,5,9,0,0,76.92,23.07,100.0
2026-06-02,6634,欣耀,66.83,67.0,63.8,64.7,179,0,1,0,0,0.0,0.0,0.0
2026-06-02,6637,醫影,66.4,67.8,66.4,67.7,23,1,7,0,0,0.33,99.66,100.0
2026-06-02,6638,沅聖,51.47,53.5,50.6,52.9,76,0,7,0,0,0.0,0.0,0.0
2026-06-02,6639,源大環能,7.03,7.26,7.26,7.26,0,0,0,0,0,0.0,0.0,0.0
2026-06-02,6640,均華,1315.0,1315.0,1265.0,1285.0,304,130,18,0,-1,7.34,92.65,100.0
2026-06-02,6641,基士德-KY,18.7,18.7,18.15,18.3,34,4,-8,0,0,29.98,70.01,100.0
2026-06-02,6642,富致,85.2,85.7,82.0,84.2,961,434,128,0,0,2.24,97.75,100.0
2026-06-02,6643,M31,588.0,590.0,561.0,577.0,641,269,11,0,-6,10.92,89.07,100.0
2026-06-02,6645,金萬林-創,11.45,11.75,11.45,11.75,40,0,4,0,0,0.84,99.15,100.0
2026-06-02,6648,斯其大,15.92,18.0,15.4,17.3,85,0,5,0,0,0.0,0.0,0.0
2026-06-02,6649,台生材,38.05,38.4,38.0,38.4,18,1,-2,0,0,3.9,96.09,100.0
2026-06-02,6650,帝圖,28.26,29.3,27.85,28.0,9,0,0,0,0,0.0,0.0,0.0
2026-06-02,6651,全宇昕,141.5,143.0,137.5,140.5,284,92,78,0,-1,4.4,95.59,100.0
2026-06-02,6654,天正國際,185.5,185.5,170.0,170.0,427,0,-11,0,1,0.65,99.34,100.0
2026-06-02,6655,科定,130.5,133.0,129.5,130.0,16,5,2,0,0,0.52,99.47,100.0
2026-06-02,6657,華安,39.9,39.9,37.8,38.55,326,0,0,0,-3,7.13,92.86,100.0
2026-06-02,6658,聯策,208.5,209.0,201.0,202.0,1083,456,49,0,0,4.29,95.7,100.0
2026-06-02,6659,天明製藥,19.85,20.45,19.5,20.35,181,0,0,0,0,0.0,0.0,0.0
2026-06-02,6661,威健生技,16.5,16.5,16.2,16.2,6,0,0,0,0,0.0,99.99,100.0
2026-06-02,6662,樂斯科,28.8,28.8,28.8,28.8,1,0,0,0,0,0.22,99.77,100.0
2026-06-02,6664,群翊,433.0,433.0,405.0,409.0,1025,314,-150,0,-16,7.13,92.86,100.0
2026-06-02,6665,康聯生醫,19.01,19.65,18.75,19.6,14,0,-1,0,0,0.0,0.0,0.0
2026-06-02,6666,羅麗芬-KY,40.55,40.55,39.75,39.75,22,2,1,0,0,75.2,24.79,100.0
2026-06-02,6667,信紘科,276.0,277.5,265.0,269.5,965,171,-146,0,-10,8.66,91.33,100.0
2026-06-02,6668,中揚光,40.3,40.3,38.85,39.1,559,127,-155,0,0,9.77,90.22,100.0
2026-06-02,6669,緯穎,5580.0,5675.0,5315.0,5475.0,1953,915,201,3,-64,30.99,69.0,100.0
2026-06-02,6670,復盛應用,273.5,278.5,269.5,278.5,689,164,-98,47,-5,24.94,75.05,100.0
2026-06-02,6671,三能-KY,26.95,27.0,26.7,26.8,55,6,12,0,0,39.82,60.17,100.0
2026-06-02,6672,騰輝電子-KY,220.0,221.0,211.5,215.5,4395,1546,-53,0,20,17.2,82.79,100.0
2026-06-02,6673,和詮,15.76,16.0,14.55,14.9,631,0,-7,0,0,0.0,0.0,0.0
2026-06-02,6674,鋐寶科技,18.25,18.35,17.8,18.05,57,11,-4,0,-1,0.5,99.49,100.0
2026-06-02,6676,祥翊,13.62,13.85,13.3,13.65,406,0,14,0,0,0.0,0.0,0.0
2026-06-02,6677,瑩碩生技,17.29,18.1,17.25,18.0,114,0,9,0,0,0.0,0.0,0.0
2026-06-02,6679,鈺太,310.0,312.5,293.5,298.5,615,165,107,0,-59,9.89,90.1,100.0
2026-06-02,6680,鑫創電子,56.2,56.2,56.2,56.2,1,0,0,0,0,0.17,99.82,100.0
2026-06-02,6682,華旭先進,69.98,79.0,66.0,69.4,5996,0,12,0,0,0.0,0.0,0.0
2026-06-02,6683,雍智科技,1725.0,1770.0,1660.0,1745.0,1010,552,15,54,-8,14.79,85.2,100.0
2026-06-02,6684,安格,44.9,45.25,43.95,44.9,270,79,-28,0,0,2.02,97.97,100.0
2026-06-02,6689,伊雲谷,73.6,77.1,72.7,74.0,2594,1175,-387,0,-10,4.28,95.71,100.0
2026-06-02,6690,安碁資訊,187.0,193.5,184.0,187.5,618,245,38,0,0,3.96,96.03,100.0
2026-06-02,6691,洋基工程,650.0,650.0,635.0,644.0,336,135,-19,23,1,15.83,84.16,100.0
2026-06-02,6692,進能服,25.35,25.35,25.05,25.2,42,2,-1,0,0,0.12,99.87,100.0
2026-06-02,6693,廣閎科,153.5,153.5,145.0,148.0,1020,255,-288,-55,1,13.06,86.93,100.0
2026-06-02,6695,芯鼎,57.7,57.8,54.2,55.0,1993,545,78,0,-1,4.21,95.78,100.0
2026-06-02,6696,仁新,376.46,402.5,379.5,397.5,622,0,5,0,0,0.0,0.0,0.0
2026-06-02,6697,東捷資訊,44.6,46.6,43.5,46.3,411,104,-34,0,0,0.84,99.15,100.0
2026-06-02,6698,旭暉應材,41.2,43.45,37.75,43.45,7099,3772,-128,0,0,1.67,98.32,100.0
2026-06-02,6703,軒郁,109.5,110.0,108.5,110.0,36,7,-2,0,0,13.62,86.37,100.0
2026-06-02,6704,國璽幹細胞,19.96,20.85,19.0,19.5,196,0,10,0,0,0.0,0.0,0.0
2026-06-02,6705,振躍精密,95.57,112.5,96.5,104.5,213,0,10,0,0,0.0,0.0,0.0
2026-06-02,6706,惠特,217.0,222.5,205.0,207.0,8019,4338,84,0,-44,7.71,92.28,100.0
2026-06-02,6707,富基電通,34.86,35.5,34.05,35.5,161,0,0,0,0,0.0,0.0,0.0
2026-06-02,6708,天擎,41.0,41.15,40.25,40.85,48,5,-1,0,0,3.16,96.83,100.0
2026-06-02,6709,昱厚生技,25.59,25.7,25.25,25.25,88,0,-3,0,0,0.0,0.0,0.0
2026-06-02,6712,長聖,140.0,140.5,137.5,138.0,501,126,-104,0,2,2.98,97.01,100.0
2026-06-02,6715,嘉基,443.5,453.0,431.0,437.5,265,115,-30,19,-2,3.06,96.93,100.0
2026-06-02,6716,應廣,104.0,107.5,100.5,106.5,896,257,-14,0,0,4.73,95.26,100.0
2026-06-02,6719,力智,244.5,245.0,232.0,240.5,2386,740,656,0,-8,5.39,94.6,100.0
2026-06-02,6720,久昌,150.5,154.5,147.0,150.5,89,26,9,0,-1,1.11,98.88,100.0
2026-06-02,6721,信實,59.0,59.5,58.5,59.5,8,0,-1,0,0,0.0,100.0,100.0
2026-06-02,6722,輝創,37.5,41.0,37.5,40.9,385,0,41,0,1,2.71,97.28,100.0
2026-06-02,6723,傑智環境,38.72,39.1,38.0,38.9,91,0,0,0,0,0.0,0.0,0.0
2026-06-02,6725,矽科宏晟,334.0,336.0,324.0,327.5,294,106,11,0,3,3.68,96.31,100.0
2026-06-02,6727,亞泰金屬,550.0,581.0,520.0,536.0,1691,820,11,0,0,10.88,89.11,100.0
2026-06-02,6728,上洋,112.0,117.0,112.0,115.0,181,30,28,0,0,0.79,99.2,100.0
2026-06-02,6729,機光科技,60.47,62.0,58.5,61.9,179,0,15,0,0,0.0,0.0,0.0
2026-06-02,6730,常廣,34.1,35.0,34.1,35.0,9,0,0,0,0,0.0,99.99,100.0
2026-06-02,6732,昇佳電子,174.0,174.0,169.0,173.0,290,88,-5,0,0,5.29,94.7,100.0
2026-06-02,6733,博晟生醫,26.0,26.0,25.45,25.85,257,0,-46,0,0,1.46,98.53,100.0
2026-06-02,6734,安盛生,6.78,7.2,6.51,7.01,83,0,0,0,0,0.0,0.0,0.0
2026-06-02,6735,美達科技,104.0,104.0,97.1,99.6,1092,259,219,0,0,2.66,97.33,100.0
2026-06-02,6737,秀育,31.71,32.3,30.45,30.45,71,0,0,0,0,0.0,0.0,0.0
2026-06-02,6738,鼎恒,68.0,68.0,64.8,68.0,5,0,0,0,0,0.0,0.0,0.0
2026-06-02,6739,竹陞科技,1260.0,1300.0,1245.0,1285.0,176,74,-2,0,0,1.76,98.23,100.0
2026-06-02,6741,91APP*-KY,64.9,65.4,63.1,64.2,203,54,24,0,0,41.99,58.0,100.0
2026-06-02,6742,澤米,61.2,61.8,58.8,59.1,942,0,-8,0,-2,2.03,97.96,100.0
2026-06-02,6743,安普新,30.25,30.25,29.2,29.9,450,107,-126,0,-1,3.72,96.27,100.0
2026-06-02,6744,豐技生技,16.38,16.0,16.0,16.0,1,0,0,0,0,0.0,0.0,0.0
2026-06-02,6748,亞果生醫,73.19,74.8,72.1,73.1,285,0,0,0,0,0.0,0.0,0.0
2026-06-02,6750,泰創工程,67.79,69.2,65.8,65.9,345,0,-9,0,0,0.0,0.0,0.0
2026-06-02,6751,智聯服務,51.4,51.4,49.05,50.9,67,18,-6,0,0,0.62,99.37,100.0
2026-06-02,6752,叡揚,108.0,113.5,107.0,107.5,198,77,-30,0,0,2.65,97.34,100.0
2026-06-02,6753,龍德造船,130.0,130.0,125.0,125.5,971,168,-407,0,-21,3.05,6.44,9.5
2026-06-02,6754,匯僑設計,46.6,46.6,45.0,45.75,42,9,-1,0,0,15.51,84.48,100.0
2026-06-02,6755,連鋐科技,17.58,17.9,17.15,17.6,34,0,1,0,0,0.0,0.0,0.0
2026-06-02,6756,威鋒電子,99.0,104.5,99.0,102.5,621,276,-24,0,0,2.97,97.02,100.0
2026-06-02,6757,台灣虎航-創,59.1,59.1,55.5,56.4,5951,1530,1898,-3370,-8,2.62,47.36,49.99
2026-06-02,6757,台灣虎航,59.1,59.1,55.5,56.4,5951,1530,1898,-3370,-8,2.62,47.36,49.99
2026-06-02,6758,冠亞,27.92,28.6,28.0,28.0,7,0,0,0,0,0.0,0.0,0.0
2026-06-02,6761,穩得,213.0,213.0,201.5,203.5,755,168,-141,0,-18,6.89,93.1,100.0
2026-06-02,6762,達亞,0.0,0.0,0.0,0.0,0,0,0,0,0,5.85,94.14,100.0
2026-06-02,6763,綠界科技,44.35,45.25,44.0,44.7,540,149,26,0,1,3.77,96.22,100.0
2026-06-02,6763,綠界科技*,44.35,45.25,44.0,44.7,540,149,26,0,1,3.77,96.22,100.0
2026-06-02,6767,台微醫,25.0,25.9,25.0,25.75,80,0,6,0,0,0.23,99.76,100.0
2026-06-02,6768,志強-KY,87.3,94.8,86.7,94.0,2390,984,212,250,12,57.19,42.8,100.0
2026-06-02,6770,力積電,87.0,88.6,83.7,85.9,106203,0,7458,44,4532,17.52,82.47,100.0
2026-06-02,6771,平和環保-創,41.8,42.0,41.6,42.0,10,0,1,0,0,0.6,99.39,100.0
2026-06-02,6775,穎台科技,50.59,54.0,48.6,51.1,1014,0,-77,0,0,0.0,0.0,0.0
2026-06-02,6776,展碁國際,60.1,61.4,60.0,61.2,878,204,2,0,0,2.02,97.97,100.0
2026-06-02,6780,學習王,40.95,40.65,40.65,40.65,1,0,0,0,0,0.0,0.0,0.0
2026-06-02,6781,AES-KY,1205.0,1205.0,1100.0,1130.0,1875,637,-555,-90,-48,67.54,32.45,100.0
2026-06-02,6782,視陽,194.5,196.0,192.0,194.0,348,77,61,0,0,7.54,92.45,100.0
2026-06-02,6784,天凱科技,26.24,26.75,24.8,26.3,50,0,0,0,0,0.0,0.0,0.0
2026-06-02,6785,昱展新藥,122.5,122.5,119.0,119.5,177,23,-33,0,0,8.01,91.98,100.0
2026-06-02,6786,芯測,87.29,99.8,86.7,93.2,549,0,34,0,0,0.0,0.0,0.0
2026-06-02,6787,晶瑞光,34.34,35.25,33.35,33.6,565,0,-13,0,0,0.0,0.0,0.0
2026-06-02,6788,華景電,412.5,414.5,401.0,401.5,745,70,-163,0,-2,10.46,89.53,100.0
2026-06-02,6789,采鈺,547.0,547.0,515.0,522.0,3463,1381,-265,-199,-10,3.18,96.81,100.0
2026-06-02,6790,永豐實,39.5,39.65,39.45,39.65,153,18,12,0,1,1.94,98.05,100.0
2026-06-02,6791,虎門科技,125.0,125.0,114.0,119.0,313,156,50,0,0,12.06,87.93,100.0
2026-06-02,6792,詠業,72.0,72.0,70.0,70.0,164,56,13,0,0,1.83,98.16,100.0
2026-06-02,6793,天力離岸,4.89,5.15,4.9,5.14,168,0,0,0,0,0.0,0.0,0.0
2026-06-02,6794,向榮生技-創,82.0,84.7,81.1,82.8,48,10,1,0,0,0.46,99.53,100.0
2026-06-02,6794,向榮生技,82.0,84.7,81.1,82.8,48,10,1,0,0,0.46,99.53,100.0
2026-06-02,6796,晉弘,62.0,62.7,60.0,60.1,140,31,-27,0,0,15.51,84.48,100.0
2026-06-02,6797,圓點奈米,14.94,15.0,13.0,14.25,508,0,-1,0,0,0.0,0.0,0.0
2026-06-02,6798,展逸,49.64,50.1,49.5,50.0,3,0,0,0,0,0.0,0.0,0.0
2026-06-02,6799,來頡,107.5,107.5,101.0,104.5,1020,351,126,0,-1,8.34,91.63,100.0
2026-06-02,6803,崑鼎,286.0,286.5,285.0,286.5,110,4,-5,0,2,3.22,96.77,100.0
2026-06-02,6804,明係,16.0,16.1,15.85,15.95,49,4,-1,0,0,4.16,95.83,100.0
2026-06-02,6805,富世達,2150.0,2245.0,2100.0,2190.0,4685,1835,331,924,-96,21.86,78.13,100.0
2026-06-02,6806,森崴能源,8.11,8.11,7.72,7.72,8398,0,-312,0,0,2.32,97.67,100.0
2026-06-02,6807,峰源-KY,33.05,33.5,33.0,33.45,12,2,2,0,0,43.55,56.44,100.0
2026-06-02,6808,三鼎生技,28.16,28.35,23.0,26.0,884,0,6,0,0,0.0,0.0,0.0
2026-06-02,6810,新穎生醫,30.29,30.55,29.45,29.9,124,0,-16,0,0,0.0,0.0,0.0
2026-06-02,6811,宏碁資訊,240.0,257.0,233.0,245.0,1165,464,-178,0,1,1.92,98.07,100.0
2026-06-02,6812,梭特,68.76,70.4,66.7,69.0,133,0,0,0,0,0.0,0.0,0.0
2026-06-02,6814,路迦生醫,23.88,25.1,22.0,24.1,50,0,-2,0,0,0.0,0.0,0.0
2026-06-02,6815,晶鑽生醫,31.75,32.0,30.9,30.95,46,0,0,0,0,0.0,0.0,0.0
2026-06-02,6816,捷智商訊,36.68,37.8,36.0,37.5,13,0,0,0,0,0.0,0.0,0.0
2026-06-02,6817,溫士頓,62.69,63.9,62.8,63.8,83,0,0,0,0,0.0,0.0,0.0
2026-06-02,6818,連騰,66.07,68.3,64.8,66.3,101,0,0,0,0,0.0,0.0,0.0
2026-06-02,6819,眾智,54.78,56.0,51.3,54.0,207,0,2,0,0,0.0,0.0,0.0
2026-06-02,6820,連訊,301.89,313.5,286.5,297.0,32,0,-5,0,0,0.0,0.0,0.0
2026-06-02,6821,聯寶,69.0,71.8,68.9,69.9,519,0,13,0,49,1.88,98.11,100.0
2026-06-02,6823,濾能,74.4,74.4,71.8,73.9,164,80,9,0,10,24.94,75.05,100.0
2026-06-02,6825,和暢科技,45.95,46.2,44.55,45.0,5,0,0,0,0,0.0,0.0,0.0
2026-06-02,6826,和淞,549.32,552.0,541.0,542.0,197,0,-6,0,0,0.0,0.0,0.0
2026-06-02,6827,巨生醫,13.08,13.8,13.0,13.15,116,0,5,0,0,0.0,0.0,0.0
2026-06-02,6829,千附精密,249.0,250.0,221.0,225.0,3161,916,-194,0,-290,2.3,97.69,100.0
2026-06-02,6830,汎銓,696.0,704.0,660.0,661.0,1684,783,-268,0,-4,4.84,95.15,100.0
2026-06-02,6831,邁科,755.0,755.0,686.0,686.0,3416,851,-1189,76,-10,12.78,87.21,100.0
2026-06-02,6832,金鼎科,85.68,92.6,84.6,90.0,48,0,5,0,0,0.0,0.0,0.0
2026-06-02,6833,太康精密,25.73,27.1,24.9,25.65,146,0,1,0,0,0.0,0.0,0.0
2026-06-02,6834,天二科技,72.5,77.5,71.0,73.0,1083,0,251,0,23,16.0,83.99,100.0
2026-06-02,6835,圓裕,38.2,38.35,37.2,37.75,215,45,-131,0,0,6.95,93.04,100.0
2026-06-02,6838,台新藥,25.45,26.75,25.4,25.85,286,0,-71,0,-1,1.29,98.7,100.0
2026-06-02,6839,開陽能源,12.05,12.15,11.9,12.1,28,0,0,0,0,0.0,0.0,0.0
2026-06-02,6840,東研信超,71.9,71.9,71.9,71.9,297,0,0,0,6,3.86,96.13,100.0
2026-06-02,6841,長佳智能,57.5,57.5,55.9,56.3,320,35,-13,0,0,3.1,96.89,100.0
2026-06-02,6842,瑞宇,111.16,112.5,102.5,105.0,195,0,0,0,0,0.0,0.0,0.0
2026-06-02,6843,進典,40.8,41.0,40.65,40.8,20,1,1,0,0,0.09,99.9,100.0
2026-06-02,6844,諾貝兒,63.5,64.1,63.1,64.1,42,0,1,0,0,0.02,99.97,100.0
2026-06-02,6846,綠茵,66.8,67.1,66.5,67.1,12,0,-1,0,0,0.16,99.83,100.0
2026-06-02,6847,普瑞博,85.02,89.3,84.7,88.1,44,0,-2,0,0,0.0,0.0,0.0
2026-06-02,6848,拉法醫,19.16,19.6,19.0,19.45,8,0,0,0,0,0.0,0.0,0.0
2026-06-02,6849,奇鼎科技,204.41,205.5,197.0,197.0,371,0,0,0,0,0.0,0.0,0.0
2026-06-02,6850,光鼎生技,34.92,35.0,34.65,34.65,7,0,0,0,0,0.0,0.0,0.0
2026-06-02,6854,錼創科技-KY創,148.0,148.0,142.5,143.5,660,79,-139,0,1,32.52,67.47,100.0
2026-06-02,6855,數泓科,129.0,129.0,129.0,129.0,49,0,3,0,15,0.19,99.8,100.0
2026-06-02,6856,鑫傳,49.3,50.0,49.0,50.0,6,0,0,0,0,0.0,49.98,49.99
2026-06-02,6857,宏碁智醫,96.35,98.0,95.5,95.5,2,0,0,0,0,0.0,0.0,0.0
2026-06-02,6858,愛比科技,24.25,24.2,24.0,24.0,2,0,0,0,0,0.0,0.0,0.0
2026-06-02,6859,伯特光,131.0,134.5,126.0,128.5,262,80,-69,0,0,13.75,86.24,100.0
2026-06-02,6861,睿生光電,390.0,395.5,356.5,370.0,3070,1499,219,0,-1,1.71,98.28,100.0
2026-06-02,6862,三集瑞-KY,211.5,215.0,193.5,199.5,2597,1037,269,0,-99,67.32,32.67,100.0
2026-06-02,6863,永道-KY,110.5,112.0,107.5,110.0,125,26,0,0,0,69.48,30.51,100.0
2026-06-02,6864,元樟生技,50.65,50.9,49.8,50.2,231,0,0,0,0,0.0,0.0,0.0
2026-06-02,6865,偉康科技,26.05,28.0,26.0,26.5,70,27,3,0,0,0.27,99.72,100.0
2026-06-02,6867,坦德科技,21.24,21.5,20.55,21.25,12,0,-2,0,0,0.0,0.0,0.0
2026-06-02,6868,采威國際,34.11,33.55,33.25,33.45,7,0,0,0,0,0.0,0.0,0.0
2026-06-02,6869,雲豹能源-創,85.2,85.3,83.6,84.4,855,311,137,0,1,2.87,97.12,100.0
2026-06-02,6869,雲豹能源,85.2,85.3,83.6,84.4,855,311,137,0,1,2.87,97.12,100.0
2026-06-02,6870,騰雲,321.5,321.5,321.5,321.5,193,26,0,0,-12,1.19,98.8,100.0
2026-06-02,6872,浩宇生醫,17.1,17.3,17.0,17.3,44,0,0,0,0,0.36,99.63,100.0
2026-06-02,6873,泓德能源-創,90.3,90.3,89.0,90.2,412,107,37,0,1,7.49,92.5,100.0
2026-06-02,6873,泓德能源,90.3,90.3,89.0,90.2,412,107,37,0,1,7.49,92.5,100.0
2026-06-02,6874,倍力,83.0,86.0,82.0,83.3,140,56,15,0,0,0.66,99.33,100.0
2026-06-02,6875,國邑*,35.55,36.0,35.0,35.0,127,0,-5,0,0,1.79,98.2,100.0
2026-06-02,6876,朗齊生醫*,17.05,16.8,15.85,16.0,797,0,0,0,0,0.0,0.0,0.0
2026-06-02,6877,鏵友益,162.0,162.0,152.5,158.0,341,94,-25,0,0,4.24,95.75,100.0
2026-06-02,6878,歐付寶,9.88,10.0,9.5,10.0,77,0,-1,0,0,0.0,0.0,0.0
2026-06-02,6879,大江基因,36.88,0.0,0.0,0.0,0,0,0,0,0,0.0,0.0,0.0
2026-06-02,6881,潤德,259.5,268.5,259.5,268.5,23,0,0,0,0,0.05,99.94,100.0
2026-06-02,6882,甲尚,20.07,20.8,19.6,20.3,134,0,-4,0,0,0.0,0.0,0.0
2026-06-02,6883,微電能源,14.67,16.8,14.5,16.25,126,0,0,0,0,0.0,0.0,0.0
2026-06-02,6884,海柏特,33.3,33.7,33.3,33.5,24,0,5,0,0,5.6,94.39,100.0
2026-06-02,6885,全福生技,22.4,24.55,22.35,24.55,1084,134,63,0,1,3.39,96.6,100.0
2026-06-02,6886,遠東生技,47.93,48.0,46.0,46.0,1,0,0,0,0,0.0,0.0,0.0
2026-06-02,6887,寶綠特-KY,36.95,36.95,36.0,36.0,2,0,0,0,0,53.33,46.66,100.0
2026-06-02,6890,來億-KY,177.5,191.5,175.5,191.5,2485,727,-118,648,29,87.57,12.42,100.0
2026-06-02,6891,樂迦再生,52.3,56.1,52.1,52.6,463,0,-46,0,0,0.0,0.0,0.0
2026-06-02,6892,台寶生醫,27.0,27.1,25.5,26.4,262,0,-2,0,0,0.0,0.0,0.0
2026-06-02,6894,衛司特,418.0,418.0,388.0,399.0,252,87,-3,0,0,3.73,96.26,100.0
2026-06-02,6895,宏碩系統,145.0,145.0,140.0,141.0,137,13,-30,0,0,3.42,96.57,100.0
2026-06-02,6898,程曦資訊,97.34,99.2,93.1,96.2,73,0,0,0,0,0.0,0.0,0.0
2026-06-02,6899,創為精密,66.1,66.1,62.1,64.1,183,44,9,0,0,5.1,94.89,100.0
2026-06-02,6901,鑽石投資,13.0,13.25,12.8,13.2,1308,412,269,0,1,0.48,99.51,100.0
2026-06-02,6902,GOGOLOOK-創,147.0,147.0,137.0,141.5,262,91,-26,0,-1,3.79,96.2,100.0
2026-06-02,6902,GOGOLOOK,147.0,147.0,137.0,141.5,262,91,-26,0,-1,3.79,96.2,100.0
2026-06-02,6903,巨漢,405.5,405.5,386.5,392.5,755,237,-177,0,0,3.5,96.49,100.0
2026-06-02,6904,伯鑫,119.0,119.0,119.0,119.0,1,0,0,0,0,0.06,99.93,100.0
2026-06-02,6906,現觀科,104.5,105.0,101.0,101.0,203,0,24,0,0,7.21,92.78,100.0
2026-06-02,6907,雅特力-KY,131.0,133.0,122.0,127.5,1442,456,-316,0,2,51.92,48.07,100.0
2026-06-02,6908,宏碁遊戲-創,41.0,41.0,40.0,40.0,26,0,4,0,0,0.61,99.38,100.0
2026-06-02,6909,創控,53.0,53.5,50.6,51.3,638,102,-22,0,0,8.24,91.75,100.0
2026-06-02,6910,德鴻,29.05,29.15,28.3,28.55,68,0,-4,0,0,4.79,95.2,100.0
2026-06-02,6911,群運,31.65,32.0,31.4,31.95,55,0,0,0,0,0.0,0.0,0.0
2026-06-02,6912,益鈞環科*,13.6,14.1,13.4,14.05,101,0,0,0,0,0.0,0.0,0.0
2026-06-02,6913,鴻呈,141.5,141.5,132.5,135.0,497,145,-50,0,-13,3.01,96.98,100.0
2026-06-02,6914,阜爾運通,141.0,142.5,141.0,142.0,85,9,-9,0,0,2.12,97.87,100.0
2026-06-02,6915,美強光,63.0,62.6,57.8,60.1,96,0,2,0,0,0.0,0.0,0.0
2026-06-02,6916,華凌,18.2,18.45,17.9,18.4,37,11,3,0,-2,0.53,99.46,100.0
2026-06-02,6917,竟天,32.09,36.45,31.35,33.15,568,0,-1,0,0,0.0,0.0,0.0
2026-06-02,6918,愛派司,73.6,74.1,73.3,73.7,32,4,3,0,0,0.8,99.19,100.0
2026-06-02,6919,康霈*,98.6,99.6,96.7,96.8,3659,899,-320,-4,-5,12.8,87.19,100.0
2026-06-02,6920,恆勁科技,124.89,126.5,116.0,118.0,2903,0,-22,0,0,0.0,0.0,0.0
2026-06-02,6921,嘉雨思-創,75.5,75.5,72.4,73.4,50,0,-8,0,3,29.53,70.46,100.0
2026-06-02,6922,宸曜,208.0,208.0,195.0,197.5,633,151,-93,0,-22,1.1,98.89,100.0
2026-06-02,6923,中台,77.4,77.5,76.7,77.2,98,17,55,0,0,1.36,98.63,100.0
2026-06-02,6924,榮惠-KY創,176.0,193.5,176.0,193.5,127,0,-22,0,0,76.56,23.43,100.0
2026-06-02,6925,意藍,65.1,69.0,65.1,69.0,652,168,28,0,0,4.21,95.78,100.0
2026-06-02,6926,聖安生醫,63.15,64.7,61.9,63.3,18,0,0,0,0,0.0,0.0,0.0
2026-06-02,6927,聯合聚晶,63.8,65.9,62.7,64.0,97,0,-4,0,0,0.0,0.0,0.0
2026-06-02,6928,攸泰科技,48.15,48.15,47.0,47.75,165,59,-1,0,0,0.48,99.51,100.0
2026-06-02,6929,佑全,21.8,22.0,21.05,22.0,22,0,0,0,0,0.02,99.97,100.0
2026-06-02,6931,青松健康,40.0,40.0,39.55,39.9,60,13,1,0,0,0.65,99.34,100.0
2026-06-02,6932,水星生醫*,6.84,6.99,6.4,6.49,540,0,-7,0,0,0.0,0.0,0.0
2026-06-02,6933,AMAX-KY,194.5,195.0,180.0,183.0,1542,664,35,0,-23,28.51,71.48,100.0
2026-06-02,6934,心誠鎂,72.6,75.0,71.9,71.9,128,0,35,0,-1,12.5,87.49,100.0
2026-06-02,6935,王子製藥,30.09,29.9,29.9,29.9,3,0,0,0,0,0.0,0.0,0.0
2026-06-02,6936,永鴻生技,33.5,33.75,33.25,33.7,59,1,2,0,0,0.48,99.51,100.0
2026-06-02,6937,天虹,311.5,311.5,295.5,300.5,719,221,-166,0,-66,2.47,97.51,100.0
2026-06-02,6938,藍新資訊,100.25,102.0,97.1,98.5,11,0,0,0,0,0.0,0.0,0.0
2026-06-02,6939,啟弘生技,20.45,0.0,0.0,0.0,0,0,0,0,0,0.0,0.0,0.0
2026-06-02,6940,格斯科技*,29.98,31.1,28.3,29.15,3694,0,-113,0,0,0.0,0.0,0.0
2026-06-02,6944,兆聯實業,938.0,938.0,899.0,900.0,840,167,-237,-1,-27,13.69,86.3,100.0
2026-06-02,6945,圓祥生技,124.87,127.0,123.0,126.5,265,0,0,0,0,0.0,0.0,0.0
2026-06-02,6946,三地能源,10.87,11.05,10.5,11.0,61,0,0,0,0,0.0,0.0,0.0
2026-06-02,6947,台鎔科技,80.89,83.3,82.0,83.2,1045,0,5,0,0,0.0,0.0,0.0
2026-06-02,6949,沛爾生醫-創,659.0,659.0,626.0,631.0,75,17,-27,0,0,1.92,98.07,100.0
2026-06-02,6951,青新-創,81.9,82.4,81.0,82.2,48,10,-5,0,7,2.0,97.99,100.0
2026-06-02,6952,大武山,36.8,37.0,36.45,36.45,19,1,3,0,0,0.33,99.66,100.0
2026-06-02,6953,家碩,247.5,248.5,240.5,247.5,75,17,-4,0,0,0.71,99.28,100.0
2026-06-02,6955,邦睿生技-創,145.0,146.0,144.0,146.0,4,0,2,0,-2,17.74,82.25,100.0
2026-06-02,6957,裕慶-KY,174.0,181.0,174.0,181.0,373,83,-66,0,0,6.12,93.87,100.0
2026-06-02,6958,日盛台駿,17.0,17.5,17.0,17.45,58,1,30,0,-5,0.46,99.53,100.0
2026-06-02,6959,兆捷科技,134.9,141.5,134.0,140.5,655,0,0,0,0,0.0,0.0,0.0
2026-06-02,6961,旅天下,60.1,60.5,60.0,60.2,38,0,-2,0,0,0.39,99.6,100.0
2026-06-02,6962,奕力-KY,38.2,38.25,37.25,38.15,4124,1335,345,-281,7,41.4,58.59,100.0
2026-06-02,6963,品元,27.1,27.2,26.5,26.5,3,0,0,0,0,0.0,0.0,0.0
2026-06-02,6965,中傑-KY,79.0,81.5,79.0,81.0,149,39,30,0,0,77.29,22.7,100.0
2026-06-02,6967,汎瑋材料,72.0,72.0,69.9,70.0,78,4,-13,0,0,1.95,98.04,100.0
2026-06-02,6968,萬達寵物,42.8,43.0,42.45,42.6,105,6,-10,0,0,1.16,98.83,100.0
2026-06-02,6969,成信實業*-創,28.0,28.0,27.75,27.8,25,0,-5,0,0,0.42,99.57,100.0
2026-06-02,6971,惠民實業,27.1,27.4,26.95,27.1,32,1,-2,0,0,0.34,99.65,100.0
2026-06-02,6972,博瑞達應材,22.83,23.8,23.8,23.8,1,0,0,0,0,0.0,0.0,0.0
2026-06-02,6973,永立榮,33.04,33.15,32.5,32.8,35,0,0,0,0,0.0,0.0,0.0
2026-06-02,6976,育世博-KY,12.65,13.05,12.75,12.9,784,0,0,0,0,0.0,0.0,0.0
2026-06-02,6977,聯純,288.35,288.0,280.0,285.0,90,0,0,0,0,0.0,0.0,0.0
2026-06-02,6979,勝釩,203.36,206.0,199.5,206.0,20,0,0,0,0,0.0,0.0,0.0
2026-06-02,6980,鐳洋科技,162.34,159.0,150.0,152.0,168,0,-1,0,0,0.0,0.0,0.0
2026-06-02,6982,大井泵浦,57.4,57.4,55.1,56.0,93,21,13,0,0,1.22,98.77,100.0
2026-06-02,6983,華洋精機,370.5,370.5,345.5,355.0,260,0,34,0,0,0.33,99.66,100.0
2026-06-02,6984,ACpay,17.87,18.9,17.6,18.2,24,0,0,0,0,0.0,0.0,0.0
2026-06-02,6986,和迅,62.81,62.8,60.9,61.7,52,0,-2,0,0,0.0,0.0,0.0
2026-06-02,6987,寶晶能源*,20.91,21.15,20.65,20.85,260,0,0,0,0,0.0,0.0,0.0
2026-06-02,6988,威力暘-創,15.4,15.4,15.05,15.2,33,0,2,0,5,3.82,96.17,100.0
2026-06-02,6990,華鉬,131.75,139.5,112.0,130.0,650,0,0,0,0,0.0,0.0,0.0
2026-06-02,6994,富威電力,65.5,65.5,62.4,62.8,632,154,-146,0,0,0.71,99.28,100.0
2026-06-02,6995,野獸國,46.55,47.5,46.35,47.1,66,0,0,0,0,0.0,0.0,0.0
2026-06-02,6996,力領科技,188.5,191.5,187.0,191.5,120,20,21,0,0,3.41,96.58,100.0
2026-06-02,6997,博弘,77.5,77.5,70.5,72.0,9,0,-1,0,0,20.12,79.87,100.0
2026-06-02,6999,瀚醫生技,31.0,30.95,29.45,30.35,21,0,0,0,0,0.0,0.0,0.0
2026-06-02,7402,邑錡,104.5,105.5,99.6,101.0,383,118,-92,0,2,11.09,88.9,100.0
2026-06-02,7419,達勝,101.18,101.5,87.1,94.6,691,0,1,0,0,0.0,0.0,0.0
2026-06-02,7427,華上生醫,37.95,38.3,37.55,37.9,227,0,0,0,0,0.0,0.0,0.0
2026-06-02,7443,凡事康,9.51,0.0,0.0,0.0,0,0,0,0,0,0.0,0.0,0.0
2026-06-02,7455,樺緯物聯,59.95,60.5,59.8,60.0,4,0,0,0,0,0.0,0.0,0.0
2026-06-02,7507,環拓科技,20.66,20.65,19.35,20.1,89,0,0,0,0,0.0,0.0,0.0
2026-06-02,7516,清淨海,9.2,9.3,9.0,9.3,7,0,0,0,0,0.0,0.0,0.0
2026-06-02,7530,鋒魁科技,41.82,41.6,39.7,40.55,657,0,-16,0,0,0.0,0.0,0.0
2026-06-02,7547,碩網,64.0,64.5,62.5,63.1,123,38,11,0,0,23.95,76.04,100.0
2026-06-02,7551,知識科技,13.14,13.5,12.95,13.45,23,0,0,0,0,0.0,0.0,0.0
2026-06-02,7556,意德士,287.0,287.0,268.0,272.0,108,28,-25,0,0,3.7,96.29,100.0
2026-06-02,7558,群利科技,23.55,25.7,22.8,23.65,171,0,-23,0,0,0.0,0.0,0.0
2026-06-02,7561,光晟生技,18.6,19.3,18.35,18.6,48,0,0,0,0,0.0,0.0,0.0
2026-06-02,7562,博來科技,58.4,60.0,58.9,59.4,16,0,-1,0,0,0.0,0.0,0.0
2026-06-02,7566,亞果遊艇,12.68,13.05,12.55,13.0,451,0,8,0,0,0.0,0.0,0.0
2026-06-02,7575,安美得,18.67,19.1,18.6,19.0,37,0,0,0,0,0.0,0.0,0.0
2026-06-02,7578,利百景,31.9,32.5,31.2,31.95,103,0,0,0,0,0.0,0.0,0.0
2026-06-02,7583,國際海洋,34.54,36.25,33.35,36.25,12,0,0,0,0,0.0,0.0,0.0
2026-06-02,7584,樂意,24.25,24.25,23.25,23.6,15,3,6,0,0,19.69,80.3,100.0
2026-06-02,7590,怡和國際,20.83,20.95,19.9,20.5,373,0,27,0,0,0.0,0.0,0.0
2026-06-02,7595,世基生醫,8.53,8.49,7.94,8.0,44,0,0,0,0,0.0,0.0,0.0
2026-06-02,7607,通用幹細胞*,13.32,14.0,13.45,13.7,69,0,1,0,0,0.0,0.0,0.0
2026-06-02,7610,聯友金屬-創,1635.0,1730.0,1635.0,1685.0,323,0,84,0,0,13.82,86.17,100.0
2026-06-02,7631,聚賢研發-創,125.0,126.5,124.0,125.0,15,0,-4,0,0,0.73,99.26,100.0
2026-06-02,7642,昶瑞機電,66.7,66.7,65.4,65.9,75,6,-13,0,0,0.41,99.58,100.0
2026-06-02,7669,碩正科技,641.44,645.0,502.0,584.0,1172,0,15,0,0,0.0,0.0,0.0
2026-06-02,7689,大鵬科CLMX,246.39,250.5,244.5,250.0,17,0,0,0,0,0.0,0.0,0.0
2026-06-02,7702,前端風電,19.68,20.6,20.3,20.4,49,0,0,0,0,0.0,0.0,0.0
2026-06-02,7703,銳澤,208.5,208.5,205.0,205.5,138,10,-49,0,0,2.9,97.09,100.0
2026-06-02,7704,明遠精密,62.4,62.4,60.3,61.5,117,40,-11,0,0,1.03,98.96,100.0
2026-06-02,7705,三商餐飲,31.4,31.45,31.2,31.25,36,3,-2,0,-3,2.26,97.73,100.0
2026-06-02,7706,宏碁創達,38.0,38.0,38.0,38.0,2,0,0,0,0,0.0,0.0,0.0
2026-06-02,7707,益芯科,151.39,154.5,150.0,152.0,127,0,0,0,0,0.0,0.0,0.0
2026-06-02,7708,全家餐飲,91.8,92.0,91.3,92.0,15,0,1,0,0,0.42,99.57,100.0
2026-06-02,7709,榮田,133.5,133.5,133.5,133.5,202,0,5,0,64,1.79,98.2,100.0
2026-06-02,7710,東擎科技,262.66,260.0,255.0,259.0,4,0,0,0,0,0.0,0.0,0.0
2026-06-02,7711,永擎,415.5,418.0,390.0,403.5,1094,420,113,0,-8,1.41,98.58,100.0
2026-06-02,7712,博盛半導體,162.0,166.0,155.0,158.0,672,247,67,0,-5,2.14,97.85,100.0
2026-06-02,7713,威力德生醫,73.9,73.9,70.6,72.9,90,23,9,0,0,0.09,99.9,100.0
2026-06-02,7714,創泓科技,125.0,125.0,121.0,125.0,113,43,-10,0,0,1.07,98.92,100.0
2026-06-02,7715,裕山,28.2,28.2,27.8,28.0,65,1,8,0,0,0.72,99.27,100.0
2026-06-02,7716,昱臺國際,0.0,0.0,0.0,0.0,0,0,0,0,0,0.01,99.98,100.0
2026-06-02,7717,萊德光電-KY,675.0,688.0,636.0,646.0,341,114,-39,0,0,16.76,83.23,100.0
2026-06-02,7718,友鋮,51.0,51.0,49.6,49.6,18,8,-2,0,0,0.78,99.21,100.0
2026-06-02,7719,碳基,41.03,42.55,38.7,41.0,253,0,0,0,0,0.0,0.0,0.0
2026-06-02,7721,微程式,79.5,80.0,74.3,75.7,1067,340,146,0,-6,2.49,97.5,100.0
2026-06-02,7722,LINEPAY,280.0,280.0,268.0,270.5,205,59,-29,0,-4,59.56,40.43,100.0
2026-06-02,7723,築間,22.65,23.3,22.5,22.9,142,11,71,0,0,0.72,99.27,100.0
2026-06-02,7724,諾亞克,23.01,22.95,21.85,22.0,12,0,0,0,0,0.0,0.0,0.0
2026-06-02,7725,列特博,22.73,0.0,0.0,0.0,0,0,0,0,0,0.0,0.0,0.0
2026-06-02,7726,暄達,33.85,33.85,33.85,33.85,0,0,0,0,0,0.0,0.0,0.0
2026-06-02,7728,光焱科技,744.0,746.0,714.0,715.0,97,27,-9,0,0,1.73,98.26,100.0
2026-06-02,7729,仲恩生醫,68.51,71.5,69.1,70.8,187,0,0,0,0,0.0,0.0,0.0
2026-06-02,7730,暉盛-創,212.5,214.0,205.5,206.5,117,12,-20,0,3,2.48,97.51,100.0
2026-06-02,7731,火星生技*,5.83,5.96,5.42,5.57,2271,0,0,0,0,0.0,0.0,0.0
2026-06-02,7732,金興精密,36.3,36.3,35.75,36.1,28,2,2,0,0,0.34,99.65,100.0
2026-06-02,7734,印能科技,3425.0,3425.0,3230.0,3230.0,141,55,12,0,-2,3.66,96.33,100.0
2026-06-02,7735,台智雲,287.08,276.5,238.0,252.0,329,0,5,0,0,0.0,0.0,0.0
2026-06-02,7736,虎山,74.3,74.3,73.2,74.0,9,3,1,0,0,1.16,98.83,100.0
2026-06-02,7737,凱鈿,42.42,42.95,41.0,42.9,2,0,0,0,0,0.0,0.0,0.0
2026-06-02,7738,東聯互動,180.0,180.0,169.0,171.0,61,10,-5,0,0,0.3,99.69,100.0
2026-06-02,7740,熙特爾-創,173.5,173.5,167.0,169.0,320,93,-134,0,1,5.63,94.36,100.0
2026-06-02,7742,天弘化,150.07,150.5,136.5,141.0,645,0,0,0,0,0.0,0.0,0.0
2026-06-02,7743,金利食安,19.0,19.0,19.0,19.0,1,0,-1,0,0,2.87,97.12,100.0
2026-06-02,7744,崴寶,515.0,540.0,490.0,500.0,447,123,46,0,1,28.49,71.5,100.0
2026-06-02,7745,紅陽,16.85,17.0,16.8,16.8,5,0,0,0,0,0.0,0.0,0.0
2026-06-02,7747,昕奇雲端,128.0,128.5,128.0,128.5,7,0,0,0,0,0.73,99.26,100.0
2026-06-02,7748,鑫囍創業,19.2,20.0,19.1,20.0,4,0,0,0,0,0.0,0.0,0.0
2026-06-02,7749,意騰-KY,507.0,509.0,485.5,491.0,461,133,-71,0,-3,22.74,77.25,100.0
2026-06-02,7750,新代,2280.0,2305.0,2200.0,2200.0,627,142,127,-162,-6,17.48,82.51,100.0
2026-06-02,7751,竑騰,1820.0,1860.0,1650.0,1670.0,596,221,-39,-60,-34,4.71,95.28,100.0
2026-06-02,7752,世紀樺欣,31.03,35.75,32.7,35.75,457,0,13,0,0,0.0,0.0,0.0
2026-06-02,7753,星亞,43.65,43.7,42.65,43.15,35,3,-2,0,0,0.26,99.73,100.0
2026-06-02,7754,安基生技,59.69,60.2,59.6,60.0,158,0,-4,0,0,0.0,0.0,0.0
2026-06-02,7756,多那之,42.8,42.85,42.85,42.85,0,0,0,0,0,0.0,0.0,0.0
2026-06-02,7757,金色三麥,113.0,113.0,107.5,110.0,88,15,-16,0,0,19.5,80.49,100.0
2026-06-02,7758,睿騰能源,46.57,45.35,45.1,45.1,6,0,0,0,0,0.0,0.0,0.0
2026-06-02,7759,視航生醫,31.12,31.35,29.5,29.5,65,0,0,0,0,0.0,0.0,0.0
2026-06-02,7760,享溫馨,31.45,31.95,31.25,31.95,133,0,29,0,-25,0.27,99.72,100.0
2026-06-02,7761,三大未來,39.14,40.0,38.05,39.15,168,0,0,0,0,0.0,0.0,0.0
2026-06-02,7762,吉晟生,53.27,54.0,52.6,53.9,12,0,0,0,0,0.0,0.0,0.0
2026-06-02,7763,崇舜,188.29,191.0,185.0,186.0,76,0,0,0,0,0.0,0.0,0.0
2026-06-02,7764,聖州,13.0,13.0,12.4,13.0,77,0,0,0,0,0.0,0.0,0.0
2026-06-02,7765,中華資安,266.5,271.5,259.5,261.5,166,52,-15,-1,1,0.55,99.44,100.0
2026-06-02,7767,仁大資訊,41.5,41.95,41.35,41.95,21,0,0,0,0,0.1,99.89,100.0
2026-06-02,7768,頌勝科技,421.0,440.0,418.5,428.0,1008,0,-177,0,-7,0.9,99.09,100.0
2026-06-02,7769,鴻勁,7120.0,7480.0,7110.0,7175.0,1247,453,-242,-17,-2,19.57,80.42,100.0
2026-06-02,7770,君曜,43.15,44.05,42.6,44.05,26,0,2,0,-1,0.21,99.78,100.0
2026-06-02,7771,綠基,56.82,57.4,54.7,57.1,5,0,0,0,0,0.0,0.0,0.0
2026-06-02,7772,耀穎,150.0,152.5,142.0,143.0,166,0,-51,0,0,0.28,99.71,100.0
2026-06-02,7773,富禾生醫,30.14,30.5,29.2,30.0,27,0,0,0,0,0.0,0.0,0.0
2026-06-02,7776,奧孟亞,25.24,26.0,24.8,24.8,26,0,0,0,0,0.0,0.0,0.0
2026-06-02,7777,能率亞洲,43.75,44.85,40.0,41.05,7793,3089,270,0,-52,1.05,98.94,100.0
2026-06-02,7779,鍇睿國際,12.56,12.9,12.45,12.6,32,0,0,0,0,0.0,0.0,0.0
2026-06-02,7780,大研生醫*,17.6,17.7,17.5,17.55,1866,241,240,0,-3,0.58,99.41,100.0
2026-06-02,7781,昕力資*,30.88,31.2,29.8,30.3,3334,0,-6,0,0,0.0,0.0,0.0
2026-06-02,7782,光速火箭,25.5,25.65,25.2,25.55,19,1,3,0,0,0.3,99.69,100.0
2026-06-02,7783,佳運,97.91,98.3,94.2,96.0,37,0,-2,0,0,0.0,0.0,0.0
2026-06-02,7784,安邦生技*,10.24,10.8,10.0,10.8,547,0,0,0,0,0.0,0.0,0.0
2026-06-02,7785,北祥科服,33.0,31.65,31.35,31.65,12,0,0,0,0,0.0,0.0,0.0
2026-06-02,7786,東方風能,115.0,115.5,113.0,114.0,340,61,-105,0,2,1.28,98.71,100.0
2026-06-02,7788,松川精密,190.0,190.0,178.0,182.0,742,208,-169,0,-4,9.21,90.78,100.0
2026-06-02,7789,開展,35.0,35.1,35.1,35.1,0,0,0,0,0,0.0,0.0,0.0
2026-06-02,7790,思必瑞特,50.46,51.7,49.4,51.5,5,0,0,0,0,0.0,0.0,0.0
2026-06-02,7791,皇家可口,68.0,68.2,67.5,67.5,60,8,0,0,0,0.56,99.43,100.0
2026-06-02,7792,安葆,300.0,303.0,285.0,290.5,194,39,1,0,-46,17.74,82.25,100.0
2026-06-02,7794,宏碁智新,30.0,32.75,30.0,32.75,356,0,0,0,-61,1.35,98.64,100.0
2026-06-02,7795,長廣,411.5,411.5,385.0,393.5,375,0,-195,0,0,8.73,91.26,100.0
2026-06-02,7796,擷發科,100.72,100.5,97.2,99.2,114,0,0,0,0,0.0,0.0,0.0
2026-06-02,7797,Q Burger,58.67,60.0,57.0,57.0,0,0,0,0,0,0.0,0.0,0.0
2026-06-02,7798,將捷,16.25,16.55,15.9,16.05,88,0,0,0,0,0.0,0.0,0.0
2026-06-02,7799,禾榮科,331.0,340.5,320.5,326.0,261,75,-88,0,0,3.79,96.2,100.0
2026-06-02,7801,華芸科技,140.67,142.5,132.0,135.0,117,0,0,0,0,0.0,0.0,0.0
2026-06-02,7803,雲象科技-創,23.2,23.2,22.2,23.15,262,0,40,0,0,2.52,97.47,100.0
2026-06-02,7805,威聯通,797.0,802.0,780.0,794.0,104,18,46,0,-1,10.49,89.5,100.0
2026-06-02,7806,精華生醫,66.8,66.8,66.8,66.8,0,0,0,0,0,0.0,0.0,0.0
2026-06-02,7808,訊聯智藥,37.57,38.0,36.85,37.15,83,0,0,0,0,0.0,0.0,0.0
2026-06-02,7810,捷創科技,247.0,247.0,231.5,234.5,197,42,-73,0,-1,0.6,99.39,100.0
2026-06-02,7811,民盛,79.3,80.0,79.0,80.0,20,0,2,0,0,0.35,99.64,100.0
2026-06-02,7812,稜研科技*,90.29,92.9,87.2,88.5,190,0,0,0,0,0.0,0.0,0.0
2026-06-02,7813,宇辰系統,138.39,137.5,121.0,133.0,225,0,7,0,0,0.0,0.0,0.0
2026-06-02,7814,海昌生技,42.64,43.15,42.15,43.15,36,0,0,0,0,0.0,0.0,0.0
2026-06-02,7815,新特,446.05,449.5,438.0,449.5,75,0,0,0,0,0.0,0.0,0.0
2026-06-02,7816,來穎,66.53,67.0,63.2,63.2,49,0,0,0,0,0.0,0.0,0.0
2026-06-02,7818,溢泰實業,65.7,66.0,65.0,65.7,323,0,13,0,0,0.11,99.88,100.0
2026-06-02,7819,精誠金融,45.95,49.95,45.95,48.65,542,0,19,0,0,2.02,97.97,100.0
2026-06-02,7820,立盈,126.0,126.0,121.5,122.5,68,0,-35,0,0,0.15,99.84,100.0
2026-06-02,7821,神數,46.8,46.8,45.6,46.05,452,0,24,0,-9,0.66,99.33,100.0
2026-06-02,7822,倍利科,1100.0,1100.0,1030.0,1045.0,254,0,-46,0,-1,0.63,99.36,100.0
2026-06-02,7823,奧義賽博-KY創,98.8,98.9,96.1,98.4,17,0,-1,0,0,25.89,74.1,100.0
2026-06-02,7824,智寶,46.71,47.25,45.85,47.25,0,0,0,0,0,0.0,0.0,0.0
2026-06-02,7825,和亞智慧,119.19,131.0,119.0,122.5,254,0,7,0,0,0.0,0.0,0.0
2026-06-02,7826,極風雲創,43.4,43.35,43.35,43.35,0,0,0,0,0,0.0,0.0,0.0
2026-06-02,7827,漢康-KY創,151.5,167.5,151.5,166.0,1901,0,671,0,0,20.6,79.39,100.0
2026-06-02,7828,創新服務,1495.0,1500.0,1390.0,1495.0,259,0,-1,0,3,22.51,77.48,100.0
2026-06-02,7829,思捷優達-KY,44.91,46.2,45.5,46.15,53,0,0,0,0,0.0,0.0,0.0
2026-06-02,7831,捷博,37.1,0.0,0.0,0.0,0,0,0,0,0,0.0,0.0,0.0
2026-06-02,7832,智新生技*,11.21,11.3,11.05,11.25,127,0,0,0,0,0.0,0.0,0.0
2026-06-02,7833,綠岩能源,28.21,29.35,27.75,29.35,64,0,4,0,0,0.0,0.0,0.0
2026-06-02,7834,來毅數位,18.99,19.0,18.65,19.0,2,0,0,0,0,0.0,0.0,0.0
2026-06-02,7836,智生活,51.94,52.4,51.0,52.2,11,0,0,0,0,0.0,0.0,0.0
2026-06-02,7837,啟新生,103.38,101.0,100.0,100.5,7,0,0,0,0,0.0,0.0,0.0
2026-06-02,7839,達人網,67.07,67.0,56.2,61.0,40,0,0,0,0,0.0,0.0,0.0
2026-06-02,7840,祥圃,36.75,0.0,0.0,0.0,0,0,0,0,0,0.0,0.0,0.0
2026-06-02,7841,經貿聯網,28.38,29.15,28.5,29.0,18,0,0,0,0,0.0,0.0,0.0
2026-06-02,7842,天能綠電,119.0,119.0,111.5,111.5,56,0,-8,0,0,0.0,100.0,100.0
2026-06-02,7843,英柏得,132.86,136.0,130.5,136.0,223,0,0,0,0,0.0,0.0,0.0
2026-06-02,7846,德揚,71.85,70.9,67.7,70.0,32,0,0,0,0,0.0,0.0,0.0
2026-06-02,7847,豊漁,22.13,22.95,21.4,22.95,36,0,0,0,0,0.0,0.0,0.0
2026-06-02,7848,騏億鑫,434.9,444.5,435.0,444.5,29,0,0,0,0,0.0,0.0,0.0
2026-06-02,7849,旭誼,185.14,184.0,160.0,166.0,27,0,0,0,0,0.0,0.0,0.0
2026-06-02,7850,寶泰生醫,17.99,17.8,17.5,17.8,83,0,0,0,0,0.0,0.0,0.0
2026-06-02,7851,慧康生技*-KY,38.38,38.5,36.55,38.1,31,0,0,0,0,0.0,0.0,0.0
2026-06-02,7853,政美應用,350.8,349.5,334.5,340.0,638,0,0,0,0,0.0,0.0,0.0
2026-06-02,7854,佐茂,92.36,95.6,89.5,91.9,20,0,0,0,0,0.0,0.0,0.0
2026-06-02,7855,和運租車,99.24,102.0,99.1,100.5,2,0,0,0,0,0.0,0.0,0.0
2026-06-02,7856,漢測,3233.99,3260.0,3100.0,3165.0,108,0,4,0,0,0.0,0.0,0.0
2026-06-02,7857,合水先進,49.15,50.4,48.05,50.4,16,0,0,0,0,0.0,0.0,0.0
2026-06-02,7858,芝普,204.85,206.5,189.0,192.0,234,0,0,0,0,0.0,0.0,0.0
2026-06-02,7860,得生製藥,55.03,0.0,0.0,0.0,0,0,0,0,0,0.0,0.0,0.0
2026-06-02,7861,貝爾威勒,1359.19,1375.0,1255.0,1285.0,272,0,0,0,0,0.0,0.0,0.0
2026-06-02,7862,聚泰,28.55,29.8,28.15,28.15,4,0,0,0,0,0.0,0.0,0.0
2026-06-02,7863,中科物流,53.3,52.5,52.5,52.5,0,0,0,0,0,0.0,0.0,0.0
2026-06-02,7865,金聯成,70.01,68.8,56.7,58.4,541,0,1,0,0,0.0,0.0,0.0
2026-06-02,7866,丹立,248.33,248.5,236.0,240.0,410,0,0,0,0,0.0,0.0,0.0
2026-06-02,7867,特力屋,58.95,60.1,57.5,57.8,29,0,0,0,0,0.0,0.0,0.0
2026-06-02,7868,聖育,92.43,95.8,90.1,93.5,108,0,0,0,0,0.0,0.0,0.0
2026-06-02,7869,宏于電機,380.32,380.0,374.0,374.0,1,0,0,0,0,0.0,0.0,0.0
2026-06-02,7870,聯剛科技,175.9,173.0,164.0,165.0,18,0,0,0,0,0.0,0.0,0.0
2026-06-02,7871,安立璽榮-KY,71.05,72.0,69.0,70.3,411,0,0,0,0,0.0,0.0,0.0
2026-06-02,7872,登豐,65.37,65.7,61.1,62.9,48,0,0,0,0,0.0,0.0,0.0
2026-06-02,7873,瑞峰,249.61,236.0,190.0,200.0,1136,0,76,0,0,0.0,0.0,0.0
2026-06-02,7875,安圖斯,140.14,141.5,136.0,139.0,34,0,0,0,0,0.0,0.0,0.0
2026-06-02,7876,鼎晉生技,36.21,36.6,35.55,35.95,123,0,0,0,0,0.0,0.0,0.0
2026-06-02,7877,海利普,41.05,41.65,40.75,40.9,134,0,0,0,0,0.0,0.0,0.0
2026-06-02,7878,藥祇,275.74,280.5,271.5,274.0,177,0,0,0,0,0.0,0.0,0.0
2026-06-02,7879,益材科技,123.26,121.0,117.0,119.0,202,0,0,0,0,0.0,0.0,0.0
2026-06-02,7880,聖凰,186.84,193.5,180.5,186.0,79,0,0,0,0,0.0,0.0,0.0
2026-06-02,7881,科明,101.55,103.0,100.5,102.5,15,0,0,0,0,0.0,0.0,0.0
2026-06-02,7882,倍利創投,21.11,22.0,20.75,21.55,325,0,0,0,0,0.0,0.0,0.0
2026-06-02,7883,饗賓,281.29,288.5,275.5,287.0,23,0,0,0,0,0.0,0.0,0.0
2026-06-02,7885,宏羚,33.65,34.3,28.9,29.25,206,0,0,0,0,0.0,0.0,0.0
2026-06-02,7886,科建,190.85,189.0,179.0,184.5,92,0,2,0,0,0.0,0.0,0.0
2026-06-02,7887,宇川精材,244.28,247.0,236.0,237.5,607,0,0,0,0,0.0,0.0,0.0
2026-06-02,7888,麗寶新藥,39.63,40.0,39.5,40.0,132,0,0,0,0,0.0,0.0,0.0
2026-06-02,7889,騰勢,82.72,0.0,0.0,0.0,0,0,0,0,0,0.0,0.0,0.0
2026-06-02,7890,明曜科技,111.0,113.0,107.5,113.0,34,0,0,0,0,0.0,0.0,0.0
2026-06-02,7891,博研醫藥,23.96,24.0,23.7,23.8,6,0,0,0,0,0.0,0.0,0.0
2026-06-02,7892,元鈦科,890.1,890.0,840.0,852.0,173,0,0,0,0,0.0,0.0,0.0
2026-06-02,7893,睿信,203.67,203.0,199.0,200.0,40,0,0,0,0,0.0,0.0,0.0
2026-06-02,7895,元進莊,68.93,70.2,68.5,70.2,27,0,0,0,0,0.0,0.0,0.0
2026-06-02,7896,喬越,258.22,264.0,250.0,256.0,6,0,0,0,0,0.0,0.0,0.0
2026-06-02,7897,禾迅綠電,40.4,40.4,38.85,40.4,1,0,0,0,0,0.0,0.0,0.0
2026-06-02,7898,乾瞻,679.06,706.0,673.0,686.0,241,0,-1,0,0,0.0,0.0,0.0
2026-06-02,7899,景美,404.75,492.5,405.0,482.5,549,0,38,0,0,0.0,0.0,0.0
2026-06-02,7901,大大寬頻,73.83,75.0,73.0,74.9,3,0,0,0,0,0.0,0.0,0.0
2026-06-02,7902,宇越生醫*,39.89,40.2,37.6,39.15,202,0,0,0,0,0.0,0.0,0.0
2026-06-02,7904,任開數位,25.1,0.0,0.0,0.0,0,0,0,0,0,0.0,0.0,0.0
2026-06-02,7907,錸恩帕斯,261.73,264.0,248.5,259.0,48,0,0,0,0,0.0,0.0,0.0
2026-06-02,7909,鈺祥,766.83,768.0,700.0,724.0,131,0,-3,0,0,0.0,0.0,0.0
2026-06-02,7911,阿波羅電力,136.26,182.0,140.0,164.0,861,0,4,0,0,0.0,0.0,0.0
2026-06-02,7912,新聿科,542.47,563.0,503.0,543.0,114,0,0,0,0,0.0,0.0,0.0
2026-06-02,7913,通寶半導體,383.46,426.5,375.0,400.5,314,0,3,0,0,0.0,0.0,0.0
2026-06-02,7915,廌家,690.31,695.0,637.0,669.0,70,0,0,0,0,0.0,0.0,0.0
2026-06-02,7918,創鉅材料,1159.17,1175.0,971.0,1045.0,278,0,0,0,0,0.0,0.0,0.0
2026-06-02,7919,禾蒼,72.49,80.0,73.0,78.3,460,0,0,0,0,0.0,0.0,0.0
2026-06-02,7920,瀚陽*,8.38,9.9,8.18,9.63,6861,0,76,0,0,0.0,0.0,0.0
2026-06-02,7921,台普威,142.26,143.0,133.0,136.5,194,0,2,0,0,0.0,0.0,0.0
2026-06-02,7922,源點*,120.31,120.5,109.5,110.5,33,0,0,0,0,0.0,0.0,0.0
2026-06-02,8011,台通,18.9,19.2,18.5,19.1,2337,641,148,0,-3,3.04,96.95,100.0
2026-06-02,8016,矽創,309.0,309.0,296.5,302.0,2799,799,-247,49,-21,35.56,64.43,100.0
2026-06-02,8021,尖點,476.5,476.5,440.0,445.0,973,0,34,3,63,21.36,78.63,100.0
2026-06-02,8024,佑華,12.5,12.5,12.15,12.4,165,0,-2,0,0,1.8,98.19,100.0
2026-06-02,8027,鈦昇,297.0,297.0,269.0,277.5,1699,0,1,0,91,8.6,91.39,100.0
2026-06-02,8028,昇陽半導體,351.0,354.0,333.0,335.0,8161,2778,-1364,222,-127,25.08,74.91,100.0
2026-06-02,8032,光菱,43.75,46.65,43.15,46.65,468,155,19,0,0,1.33,98.66,100.0
2026-06-02,8033,雷虎,140.5,140.5,134.5,136.0,4262,1002,-916,0,-59,4.52,95.47,100.0
2026-06-02,8034,榮群,24.35,25.05,24.1,25.05,771,104,99,0,0,7.29,92.7,100.0
2026-06-02,8038,長園科,41.7,41.7,40.3,40.7,272,0,-55,0,0,0.71,99.28,100.0
2026-06-02,8039,台虹,156.5,160.5,143.0,147.0,17685,8041,-4247,-194,-144,17.21,82.78,100.0
2026-06-02,8040,九暘,113.0,113.5,104.0,105.5,2787,910,368,0,0,4.27,95.72,100.0
2026-06-02,8042,金山電,168.5,168.5,153.0,162.0,1064,0,-172,0,2,15.33,84.66,100.0
2026-06-02,8043,蜜望實,154.5,158.0,142.5,157.0,18608,11208,-1594,0,-73,5.06,94.93,100.0
2026-06-02,8044,網家,29.15,30.8,29.15,30.4,2563,573,838,0,2,6.02,93.97,100.0
2026-06-02,8045,達運光電,71.5,73.5,67.3,69.7,390,108,-73,0,-1,1.21,98.78,100.0
2026-06-02,8046,南電,905.0,907.0,834.0,862.0,14435,6556,-3124,-199,-160,11.47,88.52,100.0
2026-06-02,8047,星雲,43.7,45.5,43.1,45.5,57,0,21,0,0,0.55,99.44,100.0
2026-06-02,8048,德勝,62.2,62.2,61.0,62.0,348,79,-57,0,5,7.54,92.45,100.0
2026-06-02,8049,晶采,27.2,27.2,26.7,27.15,451,51,-92,0,0,2.69,97.3,100.0
2026-06-02,8050,廣積,58.7,60.4,58.1,60.0,2937,987,402,0,0,3.37,96.62,100.0
2026-06-02,8054,安國,102.5,105.0,101.0,101.5,1576,587,-330,0,-5,3.86,96.13,100.0
2026-06-02,8058,耐特,98.78,99.1,96.3,98.6,206,0,0,0,0,0.0,0.0,0.0
2026-06-02,8059,凱碩,19.0,20.5,19.0,20.0,1090,0,9,0,0,0.79,99.2,100.0
2026-06-02,8064,東捷,159.0,165.0,152.5,157.0,25755,15230,-1696,274,-46,9.03,90.96,100.0
2026-06-02,8066,來思達,16.0,16.05,15.95,16.0,228,0,-4,0,0,2.98,97.01,100.0
2026-06-02,8067,志旭,12.6,12.75,12.6,12.75,5,0,0,0,0,8.42,91.57,100.0
2026-06-02,8068,全達,20.0,21.0,19.85,20.25,540,223,-57,0,0,8.69,91.3,100.0
2026-06-02,8069,元太,223.5,227.0,216.0,224.0,6954,2708,-666,209,74,41.33,58.66,100.0
2026-06-02,8070,長華*,53.9,58.0,51.4,58.0,29300,8973,6912,-5128,-339,10.91,89.08,100.0
2026-06-02,8071,能率網通,24.3,24.5,22.2,23.35,7205,2514,-568,0,-21,4.87,95.12,100.0
2026-06-02,8072,陞泰,28.6,30.75,28.3,29.45,1665,741,-155,0,0,2.32,97.67,100.0
2026-06-02,8074,鉅橡,77.2,77.4,72.1,74.2,1470,522,-203,0,-16,5.87,94.12,100.0
2026-06-02,8076,伍豐,25.0,25.15,24.45,24.95,1285,298,77,0,1,6.32,93.67,100.0
2026-06-02,8077,洛碁,49.0,49.0,48.7,49.0,4,0,0,0,0,51.12,48.87,100.0
2026-06-02,8080,永利聯合,28.0,28.0,27.9,27.9,45,0,3,0,0,0.1,99.89,100.0
2026-06-02,8080,泰霖,28.0,28.0,27.9,27.9,45,0,3,0,0,0.1,99.89,100.0
2026-06-02,8081,致新,290.0,291.0,279.5,284.5,1365,334,-568,116,-16,19.63,80.36,100.0
2026-06-02,8083,瑞穎,169.0,170.0,167.5,170.0,120,59,37,0,0,3.21,96.78,100.0
2026-06-02,8084,巨虹,50.0,50.7,48.6,49.5,146,0,-34,0,0,1.04,98.95,100.0
2026-06-02,8085,福華,13.35,13.35,13.35,13.35,533,0,-26,0,2,4.56,95.43,100.0
2026-06-02,8086,宏捷科,168.0,173.5,163.5,168.0,5783,2702,-617,0,-28,25.38,74.61,100.0
2026-06-02,8087,華鎂鑫,34.1,34.15,33.6,33.8,42,4,1,0,0,3.13,96.86,100.0
2026-06-02,8087,麗升能源,34.1,34.15,33.6,33.8,42,4,1,0,0,3.13,96.86,100.0
2026-06-02,8088,品安,60.1,65.6,60.0,65.6,15745,7058,1317,0,1,6.45,93.54,100.0
2026-06-02,8089,康全電訊,20.45,21.2,19.85,20.85,463,153,22,0,0,4.67,95.32,100.0
2026-06-02,8091,翔名,264.0,264.0,248.0,252.0,662,0,-88,0,-44,11.27,88.72,100.0
2026-06-02,8092,建暐,17.45,17.45,16.65,16.9,135,20,5,0,0,0.25,99.74,100.0
2026-06-02,8093,保銳,18.4,18.4,17.7,18.25,15,0,0,0,0,0.05,99.94,100.0
2026-06-02,8096,擎亞,137.0,145.0,132.0,137.0,19008,11416,-1032,0,-201,31.86,68.13,100.0
2026-06-02,8097,常珵,61.2,62.6,59.7,61.2,342,61,-24,0,0,2.79,97.2,100.0
2026-06-02,8098,慶康科技,379.59,380.0,353.5,369.5,74,0,2,0,0,0.0,0.0,0.0
2026-06-02,8099,大世科,62.1,63.7,61.9,62.6,208,51,31,0,0,3.0,96.99,100.0
2026-06-02,8101,華冠,15.05,15.1,14.3,15.0,44,0,1,0,0,0.05,99.94,100.0
2026-06-02,8102,傑霖科技,73.0,80.0,71.5,80.0,211,0,10,0,0,0.22,99.77,100.0
2026-06-02,8103,瀚荃,113.0,113.0,102.5,103.5,3207,889,-205,0,-215,22.89,77.1,100.0
2026-06-02,8104,錸寶,40.65,41.15,39.0,40.55,2984,851,155,0,-1,2.14,97.85,100.0
2026-06-02,8105,凌巨,19.8,21.2,17.8,21.2,44124,24315,-1930,0,52,42.74,57.25,100.0
2026-06-02,8107,大億金茂,12.55,12.55,12.3,12.35,74,12,-6,0,0,0.52,99.47,100.0
2026-06-02,8109,博大,127.0,127.5,122.0,123.0,266,54,-114,37,0,5.13,94.86,100.0
2026-06-02,8110,華東,63.9,65.5,58.9,61.6,38328,17784,-205,0,-227,1.89,98.1,100.0
2026-06-02,8111,立碁,67.0,68.0,63.0,63.6,2927,1329,-311,0,-92,5.59,94.4,100.0
2026-06-02,8112,至上,93.0,96.5,91.6,94.5,81690,45418,9652,2099,312,21.61,78.38,100.0
2026-06-02,8114,振樺電,260.0,262.0,239.5,254.5,2336,926,-380,118,-13,11.53,88.38,100.0
2026-06-02,8119,公信,11.24,11.3,10.6,10.85,237,0,1,0,0,0.0,0.0,0.0
2026-06-02,8121,越峰,40.2,40.2,37.5,38.75,2079,0,608,0,0,2.52,97.47,100.0
2026-06-02,8131,福懋科,75.8,76.7,71.0,73.5,9831,4079,1876,0,-8,4.68,95.31,100.0
2026-06-02,8147,正淩,172.0,172.5,161.5,168.0,1045,296,-2,0,1,20.17,79.82,100.0
2026-06-02,8150,南茂,104.5,110.0,97.3,98.6,61264,30038,-577,20,-128,42.09,57.9,100.0
2026-06-02,8155,博智,403.5,403.5,381.0,393.0,1394,481,-112,-19,-58,10.43,89.56,100.0
2026-06-02,8162,微矽電子-創,82.7,87.6,78.2,80.8,1620,657,-163,0,0,1.23,98.76,100.0
2026-06-02,8163,達方,41.8,43.5,40.1,41.6,6575,2623,377,0,71,7.26,92.73,100.0
2026-06-02,8171,天宇,24.5,24.5,23.7,23.8,300,68,-60,0,0,3.07,96.92,100.0
2026-06-02,8176,智捷,10.2,10.5,10.15,10.35,335,0,13,0,0,1.15,98.84,100.0
2026-06-02,8182,加高,43.55,43.55,41.8,43.2,2481,1103,425,0,-21,52.48,47.51,100.0
2026-06-02,8183,精星,32.4,32.4,31.7,32.4,601,127,121,0,7,3.99,96.0,100.0
2026-06-02,8201,無敵,13.8,13.8,13.5,13.6,200,0,29,0,-1,0.87,99.12,100.0
2026-06-02,8210,勤誠,1410.0,1465.0,1350.0,1375.0,1496,722,63,-86,-34,10.15,89.84,100.0
2026-06-02,8213,志超,38.7,38.75,37.2,38.05,1697,408,-477,0,-12,22.63,77.36,100.0
2026-06-02,8215,明基材,32.5,32.55,30.15,31.45,9361,3956,-454,165,-74,2.97,97.02,100.0
2026-06-02,8222,寶一,38.65,38.65,36.1,36.8,893,182,-461,0,-4,2.87,97.12,100.0
2026-06-02,8227,巨有科技,220.0,229.0,214.0,223.0,2446,1328,54,0,34,2.89,97.1,100.0
2026-06-02,8234,新漢,75.9,75.9,70.4,71.1,2076,601,-366,0,-26,2.69,97.3,100.0
2026-06-02,8240,華宏,64.8,64.8,60.5,62.4,1064,253,54,0,-9,5.05,94.94,100.0
2026-06-02,8249,菱光,56.2,56.2,54.0,54.8,1137,296,72,0,0,1.12,98.87,100.0
2026-06-02,8255,朋程,185.0,185.5,177.0,180.5,3061,1155,469,0,-24,9.82,90.17,100.0
2026-06-02,8261,富鼎,176.5,178.5,161.5,167.5,8981,3033,1289,20,-274,8.0,91.99,100.0
2026-06-02,8271,宇瞻,251.0,264.5,248.0,257.5,11768,7193,-108,0,-5,12.66,87.33,100.0
2026-06-02,8272,全景軟體,74.5,78.0,74.2,75.4,51,0,-9,0,-1,0.19,99.8,100.0
2026-06-02,8277,商丞,10.4,10.4,10.4,10.4,806,0,0,0,0,1.8,98.19,100.0
2026-06-02,8279,生展,98.0,98.0,96.3,96.7,20,2,-5,0,0,5.49,94.5,100.0
2026-06-02,8284,三竹,62.7,63.3,62.7,63.0,17,4,0,0,0,0.91,99.08,100.0
2026-06-02,8289,泰藝,70.1,70.4,65.9,69.8,4170,2126,277,0,0,3.86,96.13,100.0
2026-06-02,8291,尚茂,97.2,97.2,97.2,97.2,33,0,0,0,0,73.47,26.52,100.0
2026-06-02,8298,威睿,49.34,50.7,48.7,50.7,39,0,3,0,0,0.0,0.0,0.0
2026-06-02,8299,群聯,2810.0,2835.0,2690.0,2820.0,10009,5464,-145,-85,79,36.12,63.87,100.0
2026-06-02,8329,台視,10.24,10.35,10.2,10.2,46,0,0,0,0,0.0,0.0,0.0
2026-06-02,8341,日友,76.5,76.7,76.1,76.7,261,43,71,0,5,4.34,95.65,100.0
2026-06-02,8342,益張,88.9,88.9,88.8,88.8,2,0,0,0,0,0.14,99.85,100.0
2026-06-02,8345,超秦,55.91,56.9,55.8,56.3,11,0,0,0,0,0.0,0.0,0.0
2026-06-02,8349,恒耀,41.7,42.0,41.45,41.85,108,4,11,0,0,1.27,98.72,100.0
2026-06-02,8354,冠好,16.8,16.8,16.4,16.7,105,10,-15,0,0,0.74,99.25,100.0
2026-06-02,8358,金居,662.0,687.0,613.0,627.0,40567,23002,-105,-856,-785,34.4,65.59,100.0
2026-06-02,8359,錢櫃,64.55,65.2,64.3,64.5,46,0,0,0,0,0.0,0.0,0.0
2026-06-02,8367,建新國際,41.0,41.3,40.85,41.0,22,2,2,0,-2,1.56,98.43,100.0
2026-06-02,8374,羅昇,109.5,109.5,101.0,102.0,2560,950,-387,0,-36,2.25,97.74,100.0
2026-06-02,8383,千附,64.2,64.2,58.7,60.4,2995,634,-1168,0,-30,13.05,86.94,100.0
2026-06-02,8390,金益鼎,121.0,121.0,114.5,120.0,1173,506,-35,0,-22,22.49,77.5,100.0
2026-06-02,8401,白紗科,22.9,22.9,22.75,22.9,65,0,-11,0,0,0.17,99.82,100.0
2026-06-02,8403,盛弘,19.55,19.75,19.5,19.6,163,27,-12,0,0,1.62,98.37,100.0
2026-06-02,8404,百和興業-KY,16.7,17.2,16.65,17.15,778,210,-66,0,-7,52.91,47.08,100.0
2026-06-02,8409,商之器,19.0,19.35,18.95,19.1,27,0,0,0,0,0.12,99.87,100.0
2026-06-02,8410,森田,35.1,35.2,34.5,34.95,72,7,-5,0,0,0.58,99.41,100.0
2026-06-02,8411,福貞-KY,12.05,12.1,11.95,12.05,100,34,20,0,-6,53.78,46.21,100.0
2026-06-02,8415,大國鋼,35.1,35.1,34.55,34.8,426,130,-21,-43,15,6.66,93.33,100.0
2026-06-02,8416,實威,183.0,183.0,179.0,181.0,34,0,2,0,1,0.75,99.24,100.0
2026-06-02,8421,旭源,13.4,13.4,13.0,13.1,47,6,-3,0,0,0.57,99.42,100.0
2026-06-02,8422,可寧衛,27.95,27.95,26.75,27.35,14062,3465,-1180,-3585,-78,4.87,95.12,100.0
2026-06-02,8422,可寧衛*,27.95,27.95,26.75,27.35,14062,3465,-1180,-3585,-78,4.87,95.12,100.0
2026-06-02,8423,保綠-KY,17.7,17.8,17.45,17.65,11,0,0,0,0,24.93,75.06,100.0
2026-06-02,8424,惠普,73.3,73.4,72.8,72.9,34,0,0,0,0,0.55,99.44,100.0
2026-06-02,8426,紅木-KY,21.35,21.75,21.35,21.5,33,10,0,0,0,67.57,32.42,100.0
2026-06-02,8429,金麗-KY,6.18,6.35,6.18,6.31,280,53,73,0,0,28.94,71.05,100.0
2026-06-02,8431,匯鑽科,56.0,56.0,53.6,53.9,748,201,-11,0,-37,2.36,97.63,100.0
2026-06-02,8432,東生華,49.75,50.2,49.55,50.2,60,5,10,0,0,0.87,99.12,100.0
2026-06-02,8433,弘帆,52.2,52.2,51.5,51.6,41,5,-2,0,0,1.0,98.99,100.0
2026-06-02,8435,鉅邁,55.6,55.6,54.8,55.3,53,4,0,0,0,0.54,99.45,100.0
2026-06-02,8436,大江,120.5,121.0,119.0,120.5,334,42,80,-29,-3,15.05,84.93,100.0
2026-06-02,8437,大地-KY,10.75,10.9,10.55,10.85,170,24,28,0,0,24.18,75.81,100.0
2026-06-02,8438,昶昕,87.0,87.0,83.9,85.7,312,75,-18,0,0,2.84,97.15,100.0
2026-06-02,8440,綠電,23.1,23.55,22.8,23.15,211,41,-4,0,0,0.96,99.03,100.0
2026-06-02,8442,威宏-KY,40.85,41.65,40.25,40.4,139,49,-8,0,-5,55.88,44.11,100.0
2026-06-02,8443,阿瘦,11.0,11.3,11.0,11.2,21,0,6,0,0,3.72,96.27,100.0
2026-06-02,8444,綠河-KY,4.98,4.98,4.66,4.67,85,0,1,0,0,58.55,41.44,100.0
2026-06-02,8446,華研,84.6,85.1,84.0,84.4,144,9,29,0,0,4.62,95.37,100.0
2026-06-02,8450,霹靂,15.6,15.8,15.5,15.75,57,0,0,0,0,0.1,49.88,49.99
2026-06-02,8454,富邦媒,237.0,265.5,231.0,265.5,5770,1936,-498,1365,66,12.29,87.7,100.0
2026-06-02,8455,大拓-KY,43.9,43.9,40.95,41.2,93,0,0,0,0,87.79,12.2,100.0
2026-06-02,8458,影一,14.03,13.95,13.5,13.95,9,0,0,0,0,0.0,0.0,0.0
2026-06-02,8462,柏文,140.5,141.5,138.5,140.0,105,23,-15,0,0,3.75,96.24,100.0
2026-06-02,8463,潤泰材,21.65,21.75,21.45,21.65,88,6,14,0,3,0.42,99.57,100.0
2026-06-02,8464,億豐,323.5,324.5,317.5,322.0,1968,184,-29,-5,-2,42.2,57.79,100.0
2026-06-02,8466,美吉吉-KY,16.35,16.5,16.0,16.1,66,19,-18,0,0,50.16,49.83,100.0
2026-06-02,8467,波力-KY,135.0,135.0,128.5,131.5,21,8,-5,0,0,46.52,53.47,100.0
2026-06-02,8472,夠麻吉,88.1,90.0,82.9,90.0,139,31,2,0,0,1.45,98.54,100.0
2026-06-02,8473,山林水,55.7,57.0,53.9,56.0,12715,6101,-80,0,-48,4.15,95.84,100.0
2026-06-02,8476,台境,15.6,15.7,15.2,15.4,378,122,27,0,-6,1.48,98.51,100.0
2026-06-02,8476,台境*,15.6,15.7,15.2,15.4,378,122,27,0,-6,1.48,98.51,100.0
2026-06-02,8477,創業家,19.2,19.2,18.0,19.2,167,0,-12,0,0,0.21,99.78,100.0
2026-06-02,8478,東哥遊艇,155.5,155.5,152.5,154.5,219,61,-41,0,-1,39.41,60.58,100.0
2026-06-02,8481,政伸,41.0,41.4,41.0,41.35,28,2,1,0,0,0.42,99.57,100.0
2026-06-02,8482,商億-KY,49.0,49.9,49.0,49.2,7,0,5,0,0,91.74,8.25,100.0
2026-06-02,8487,愛爾達-創,78.9,79.0,77.4,78.5,78,5,0,0,0,0.99,48.99,49.99
2026-06-02,8488,吉源-KY,10.2,10.2,10.2,10.2,1,0,1,0,0,69.58,30.41,100.0
2026-06-02,8489,三貝德,23.05,23.05,21.75,22.6,248,49,-25,0,0,3.41,96.58,100.0
2026-06-02,8499,鼎炫-KY,301.0,301.5,292.5,298.5,76,17,1,0,0,72.07,27.92,100.0
2026-06-02,8905,裕國,29.55,29.55,29.55,29.55,1,0,0,0,0,0.49,99.5,100.0
2026-06-02,8906,花王,23.75,23.9,23.7,23.85,18,1,1,0,0,0.39,99.6,100.0
2026-06-02,8908,欣雄,40.8,41.0,40.75,40.95,180,8,27,0,0,0.33,99.66,100.0
2026-06-02,8916,光隆,44.9,44.9,44.45,44.85,190,5,-37,0,0,2.84,97.15,100.0
2026-06-02,8917,欣泰,52.5,52.6,52.3,52.6,20,9,-3,0,-1,1.43,98.56,100.0
2026-06-02,8921,沈氏,18.55,18.55,18.4,18.4,2,0,0,0,0,0.18,99.81,100.0
2026-06-02,8923,時報,18.9,18.9,18.9,18.9,9,0,0,0,0,4.15,95.84,100.0
2026-06-02,8924,大田,59.1,59.8,58.8,59.0,143,3,-21,0,0,2.46,97.53,100.0
2026-06-02,8926,台汽電,67.3,68.2,66.0,67.4,7038,2813,415,124,-2,10.98,89.01,100.0
2026-06-02,8927,北基,18.9,19.95,18.55,19.55,1256,244,96,0,19,1.08,98.91,100.0
2026-06-02,8928,鉅明,20.85,21.5,20.8,21.5,46,4,0,0,0,0.33,99.66,100.0
2026-06-02,8929,富堡,13.8,14.9,13.8,14.9,168,57,87,0,0,0.44,99.55,100.0
2026-06-02,8930,青鋼,28.3,28.3,27.9,28.15,98,7,6,0,0,2.61,97.38,100.0
2026-06-02,8931,大汽電,42.75,42.75,41.9,42.3,98,5,-21,0,-1,0.17,99.82,100.0
2026-06-02,8932,智通*,103.0,104.5,100.0,102.5,2048,651,-359,0,-87,28.72,71.27,100.0
2026-06-02,8933,愛地雅,4.6,4.6,4.37,4.46,333,0,-9,0,0,1.01,98.98,100.0
2026-06-02,8935,邦泰,20.85,22.85,20.85,22.25,1577,0,292,0,0,2.48,97.51,100.0
2026-06-02,8936,國統,53.6,53.6,51.8,52.5,4003,1004,-941,-15,20,9.72,90.27,100.0
2026-06-02,8937,合騏*,26.75,26.75,26.0,26.4,249,0,53,0,0,5.62,94.37,100.0
2026-06-02,8938,明安,52.5,52.8,52.1,52.8,160,12,-41,0,0,6.31,93.68,100.0
2026-06-02,8940,新天地,16.55,16.65,16.45,16.65,68,5,9,0,-3,8.39,91.6,100.0
2026-06-02,8941,關中,43.1,43.7,42.3,43.65,31,5,4,0,0,0.19,99.8,100.0
2026-06-02,8942,森鉅,41.7,42.0,40.55,41.0,492,41,-185,0,0,13.73,86.26,100.0
2026-06-02,8996,高力,1050.0,1080.0,1030.0,1050.0,2096,1000,-305,5,-10,32.79,67.2,100.0
2026-06-02,8999,台灣積層,37.83,0.0,0.0,0.0,0,0,0,0,0,0.0,0.0,0.0
2026-06-02,9103,美德醫療-DR,5.27,5.27,5.14,5.25,1216,203,371,0,0,1.98,98.01,100.0
2026-06-02,9105,泰金寶-DR,10.2,10.6,10.1,10.5,271642,117581,-10001,0,-2355,1.78,98.21,100.0
2026-06-02,9110,越南控-DR,3.31,3.34,3.18,3.3,191,0,0,0,0,0.04,99.95,100.0
2026-06-02,9136,巨騰-DR,12.85,13.35,12.4,13.3,4943,1459,-450,0,0,2.91,97.08,100.0
2026-06-02,9802,鈺齊-KY,77.6,81.4,76.8,80.5,2900,1042,162,-284,-2,41.47,58.52,100.0
2026-06-02,9902,台火,14.0,14.45,13.8,14.25,342,60,51,0,-1,1.63,98.36,100.0
2026-06-02,9904,寶成,25.75,26.35,25.65,26.1,23730,4351,356,-671,30,32.35,67.64,100.0
2026-06-02,9905,大華,20.85,20.9,20.7,20.85,154,9,3,0,0,2.22,97.77,100.0
2026-06-02,9906,欣巴巴,35.95,36.55,34.9,36.55,162,57,-22,0,-3,1.15,98.84,100.0
2026-06-02,9907,統一實,16.25,16.4,16.25,16.35,4422,622,-825,-513,-4,14.33,85.66,100.0
2026-06-02,9908,大台北,29.3,29.4,29.15,29.25,232,10,67,0,-2,1.51,98.48,100.0
2026-06-02,9910,豐泰,71.8,79.0,71.6,79.0,12399,3093,-3295,3749,1293,7.96,92.03,100.0
2026-06-02,9911,櫻花,81.8,83.0,81.8,82.6,660,46,219,0,-1,18.43,81.56,100.0
2026-06-02,9912,偉聯,12.4,12.5,12.35,12.45,1459,0,2,0,-3,15.9,84.09,100.0
2026-06-02,9914,美利達,68.1,69.3,67.6,68.9,1614,442,334,0,1,22.71,77.28,100.0
2026-06-02,9917,中保科,115.0,115.0,114.0,114.5,480,103,-133,-30,-2,39.74,60.25,100.0
2026-06-02,9918,欣天然,43.4,44.0,43.35,43.75,53,7,18,0,0,2.71,97.28,100.0
2026-06-02,9919,康那香,14.2,14.2,13.9,14.15,596,157,-19,0,-4,4.7,95.29,100.0
2026-06-02,9921,巨大,69.6,70.5,69.4,69.8,1846,359,65,0,5,27.19,72.8,100.0
2026-06-02,9924,福興,42.7,42.95,42.45,42.8,101,8,4,0,-3,10.58,89.41,100.0
2026-06-02,9925,新保,40.15,40.3,40.1,40.2,286,36,23,0,-2,17.34,82.65,100.0
2026-06-02,9926,新海,49.0,49.2,48.95,49.05,26,3,9,0,0,0.69,99.3,100.0
2026-06-02,9927,泰銘,68.2,68.8,68.0,68.5,139,18,51,0,0,6.62,93.37,100.0
2026-06-02,9928,中視,17.85,18.0,17.65,18.0,47,0,0,0,0,0.0,0.0,0.0
2026-06-02,9929,秋雨,11.6,11.7,11.3,11.6,8,0,5,0,-1,0.43,99.56,100.0
2026-06-02,9930,中聯資源,68.9,69.8,68.9,69.8,123,17,42,0,-1,1.95,98.04,100.0
2026-06-02,9931,欣高,34.75,34.95,34.6,34.95,63,8,21,0,0,0.83,99.16,100.0
2026-06-02,9933,中鼎,39.65,39.65,38.85,39.35,3971,1108,-320,196,0,17.15,82.84,100.0
2026-06-02,9934,成霖,10.05,10.15,9.82,9.94,925,183,20,0,5,12.94,87.05,100.0
2026-06-02,9935,慶豐富,18.95,19.1,18.9,19.0,333,42,18,0,0,5.73,94.26,100.0
2026-06-02,9937,全國,55.2,56.0,55.2,55.8,56,16,36,0,-1,1.75,98.24,100.0
2026-06-02,9938,百和,44.1,45.65,43.95,45.2,3915,863,-141,-102,28,10.27,89.72,100.0
2026-06-02,9939,宏全,124.5,125.5,123.5,123.5,1240,247,-34,14,-2,14.23,85.76,100.0
2026-06-02,9940,信義,19.05,19.2,18.95,19.1,619,89,-31,0,-9,3.54,96.45,100.0
2026-06-02,9941,裕融,73.8,78.0,73.2,77.0,7926,2050,-1268,3844,84,6.42,93.57,100.0
2026-06-02,9942,茂順,120.0,120.5,119.0,119.5,111,21,23,0,-1,4.43,95.56,100.0
2026-06-02,9943,好樂迪,55.7,56.7,55.6,56.0,106,10,24,0,0,1.26,98.73,100.0
2026-06-02,9944,新麗,16.9,16.9,16.85,16.85,67,1,7,0,1,1.08,98.91,100.0
2026-06-02,9945,潤泰新,23.7,24.0,23.35,23.9,9162,2455,-809,-15,-11,7.98,92.01,100.0
2026-06-02,9946,三發地產,16.55,16.55,16.35,16.55,326,69,73,0,0,2.41,97.58,100.0
2026-06-02,9949,琉園,23.0,23.0,22.85,22.9,15,2,-3,0,0,2.49,97.5,100.0
2026-06-02,9950,萬國通,11.9,11.9,10.95,11.1,104,0,-15,0,0,0.04,99.95,100.0
2026-06-02,9951,皇田,52.3,52.3,51.9,52.2,142,7,-58,0,0,4.7,95.29,100.0
2026-06-02,9955,佳龍,28.9,28.9,28.25,28.45,306,85,-121,0,-4,4.82,95.17,100.0
2026-06-02,9957,燁聯,6.34,6.49,6.04,6.28,374,0,-36,0,0,0.0,0.0,0.0
2026-06-02,9958,世紀鋼,106.0,106.0,101.5,102.5,2334,458,-1026,0,-8,11.92,88.07,100.0
2026-06-02,9960,邁達康,30.1,30.7,30.0,30.7,42,6,16,0,0,9.12,90.87,100.0
2026-06-02,9962,有益,9.66,9.7,9.64,9.7,78,5,10,0,0,0.34,99.65,100.0
