date,stock_id,stock_name,open,high,low,close,volume,day_trading_volume,foreign_buy,trust_buy,dealer_buy,foreign_hold_ratio,foreign_remain_ratio,foreign_limit_ratio
2026-05-07,0050,元大台灣50,97.95,98.4,97.4,97.7,117152,16354,-3763,0,-21114,3.65,96.34,100.0
2026-05-07,0051,元大中型100,130.65,131.9,130.65,131.65,58,4,-1,0,4,0.57,99.42,100.0
2026-05-07,0052,富邦科技,57.5,57.75,57.15,57.55,40445,8081,-1664,-128,-4557,2.24,97.75,100.0
2026-05-07,0053,元大電子,225.95,225.95,224.15,225.5,47,4,-1,0,-23,1.14,98.85,100.0
2026-05-07,0055,元大MSCI金融,33.96,34.3,33.96,34.22,467,25,95,0,-61,0.8,99.19,100.0
2026-05-07,0056,元大高股息,44.23,44.77,44.01,44.72,74924,8338,40397,1030,1852,1.46,98.53,100.0
2026-05-07,0057,富邦摩台,289.35,291.7,289.35,291.7,11,1,0,0,-2,5.25,94.74,100.0
2026-05-07,0061,元大寶滬深,24.99,25.08,24.84,24.92,129,17,-27,0,48,4.06,95.93,100.0
2026-05-07,1101,台泥,25.25,25.7,24.95,25.5,37443,7621,10978,-32,-121,16.58,83.41,100.0
2026-05-07,1102,亞泥,35.0,35.3,34.95,34.95,7386,1436,-1013,-299,-42,16.31,83.68,100.0
2026-05-07,1103,嘉泥,13.35,13.55,13.35,13.45,383,24,98,0,-6,4.53,95.46,100.0
2026-05-07,1104,環泥,28.35,28.45,27.9,28.3,1523,581,283,0,-4,15.79,84.2,100.0
2026-05-07,1108,幸福,14.6,14.6,14.5,14.6,249,18,5,0,0,1.33,98.66,100.0
2026-05-07,1109,信大,15.4,15.45,15.3,15.4,136,5,10,0,14,2.38,97.61,100.0
2026-05-07,1110,東泥,15.05,15.25,14.95,15.1,149,40,71,0,2,5.89,94.1,100.0
2026-05-07,1201,味全,12.3,12.4,12.2,12.35,585,27,120,0,-8,5.17,94.82,100.0
2026-05-07,1203,味王,43.7,44.0,42.8,43.35,30,5,12,0,-1,1.71,98.28,100.0
2026-05-07,1210,大成,52.0,52.5,51.9,52.3,1287,198,-185,-63,-11,11.99,88.0,100.0
2026-05-07,1213,大飲,8.85,9.05,8.65,8.85,30,0,0,0,0,0.01,99.98,100.0
2026-05-07,1215,卜蜂,140.0,140.0,136.5,138.0,2572,345,-1313,-63,49,36.73,63.26,100.0
2026-05-07,1216,統一,68.7,69.9,68.7,69.4,19155,3479,1486,-700,-46,31.95,68.04,100.0
2026-05-07,1217,愛之味,9.69,9.69,9.62,9.67,799,78,-155,0,5,7.61,92.38,100.0
2026-05-07,1218,泰山,18.75,19.15,18.75,19.05,789,45,209,0,-2,4.13,95.86,100.0
2026-05-07,1219,福壽,13.4,13.45,13.3,13.4,519,75,-124,0,-4,5.71,94.28,100.0
2026-05-07,1220,台榮,12.35,12.35,12.25,12.3,149,15,10,0,-1,7.21,92.78,100.0
2026-05-07,1225,福懋油,33.15,33.35,32.6,32.85,308,49,-48,0,-30,1.43,98.56,100.0
2026-05-07,1227,佳格,28.75,28.95,28.7,28.85,914,99,-56,0,-8,5.73,94.26,100.0
2026-05-07,1229,聯華,41.35,41.75,41.15,41.7,3190,101,1078,38,-17,9.35,90.64,100.0
2026-05-07,1231,聯華食,86.5,86.7,85.3,86.7,696,101,-20,0,-3,2.81,97.18,100.0
2026-05-07,1232,大統益,148.0,149.0,148.0,148.0,110,8,8,0,-1,2.63,97.36,100.0
2026-05-07,1233,天仁,29.0,29.2,28.8,28.8,29,2,9,0,1,5.63,94.36,100.0
2026-05-07,1234,黑松,35.05,35.25,35.05,35.25,192,4,45,0,0,4.83,95.16,100.0
2026-05-07,1235,興泰,43.55,44.8,43.1,44.8,16,4,5,0,-1,0.25,99.74,100.0
2026-05-07,1236,宏亞,26.15,26.4,26.05,26.35,66,22,0,0,0,0.51,99.48,100.0
2026-05-07,1240,茂生農經,59.0,59.0,58.8,59.0,22,0,0,0,0,3.7,96.29,100.0
2026-05-07,1256,鮮活果汁-KY,166.5,168.0,165.0,168.0,86,10,14,0,1,4.66,95.33,100.0
2026-05-07,1259,安心,57.5,58.0,57.5,58.0,3,0,1,0,0,26.11,73.88,100.0
2026-05-07,1260,富味鄉,23.96,24.85,23.7,24.8,15,0,0,0,0,0.0,0.0,0.0
2026-05-07,1264,德麥,271.0,271.5,270.5,271.5,55,1,-1,0,-24,1.57,98.42,100.0
2026-05-07,1268,漢來美食,155.0,155.5,154.5,155.0,24,2,-3,0,0,1.52,98.47,100.0
2026-05-07,1269,乾杯,73.14,75.6,72.0,72.1,10,0,2,0,0,0.0,0.0,0.0
2026-05-07,1271,晨暉生技,65.86,68.0,63.6,63.7,166,0,-4,0,0,0.0,0.0,0.0
2026-05-07,1293,利統,26.99,28.0,27.4,28.0,6,0,0,0,0,0.0,0.0,0.0
2026-05-07,1294,漢田生技,78.6,79.2,78.0,78.2,62,4,3,0,0,0.68,99.31,100.0
2026-05-07,1295,生合,55.0,56.8,54.6,56.0,77,22,6,0,0,1.92,98.07,100.0
2026-05-07,1301,台塑,50.7,50.8,49.35,49.55,27679,9075,-5191,0,-112,31.03,68.96,100.0
2026-05-07,1303,南亞,94.1,94.6,90.2,90.3,74376,28121,-20261,-148,-739,33.34,66.65,100.0
2026-05-07,1304,台聚,12.85,13.1,12.7,13.0,10936,2394,4062,0,131,28.01,71.98,100.0
2026-05-07,1305,華夏,13.0,13.05,12.7,13.0,5420,1405,1529,0,17,4.02,95.97,100.0
2026-05-07,1307,三芳,31.4,31.6,31.2,31.5,784,135,27,-44,17,6.06,93.93,100.0
2026-05-07,1308,亞聚,13.45,13.85,13.4,13.75,3750,1131,1069,0,19,3.89,96.1,100.0
2026-05-07,1309,台達化,17.6,17.9,17.1,17.4,10704,2904,1536,0,30,3.15,96.84,100.0
2026-05-07,1310,台苯,8.68,8.88,8.55,8.88,3712,985,537,0,-10,5.13,94.86,100.0
2026-05-07,1312,國喬,11.6,12.15,11.5,12.1,5809,1516,888,0,406,4.56,95.43,100.0
2026-05-07,1313,聯成,10.75,11.2,10.65,11.1,5196,1141,1095,0,100,5.94,94.05,100.0
2026-05-07,1314,中石化,7.23,7.29,7.17,7.25,15765,2862,4368,0,-29,8.94,91.05,100.0
2026-05-07,1315,達新,62.3,62.3,61.5,61.5,65,8,0,0,0,1.31,98.68,100.0
2026-05-07,1316,上曜,11.55,11.55,11.25,11.35,2466,539,-514,0,-29,4.29,95.7,100.0
2026-05-07,1319,東陽,76.1,80.2,75.6,80.0,6288,1700,-762,231,172,8.16,91.83,100.0
2026-05-07,1321,大洋,29.3,29.55,29.25,29.5,178,32,38,0,3,7.26,92.73,100.0
2026-05-07,1323,永裕,19.6,19.6,18.95,19.25,338,53,23,0,-1,1.49,98.5,100.0
2026-05-07,1324,地球,10.3,10.35,10.15,10.2,226,35,28,0,0,0.78,99.21,100.0
2026-05-07,1325,恆大,26.5,26.85,26.4,26.55,176,14,82,0,1,1.31,98.68,100.0
2026-05-07,1326,台化,51.0,51.1,49.4,49.45,28788,7059,-2299,0,-529,37.39,62.6,100.0
2026-05-07,1336,台翰,13.8,13.8,13.7,13.75,66,2,-9,0,0,4.23,95.76,100.0
2026-05-07,1337,再生-KY,5.0,5.05,4.93,5.03,356,68,3,0,5,25.73,74.26,100.0
2026-05-07,1338,廣華-KY,15.8,16.1,15.8,16.05,109,8,51,0,10,6.26,93.73,100.0
2026-05-07,1339,昭輝,40.1,41.0,40.1,40.55,122,19,4,0,0,1.0,98.99,100.0
2026-05-07,1340,勝悅-KY,5.55,5.84,5.55,5.8,238,44,-28,0,10,26.85,73.14,100.0
2026-05-07,1341,富林-KY,61.9,62.0,61.3,61.8,12,0,2,0,0,79.86,20.13,100.0
2026-05-07,1342,八貫,94.8,96.0,94.1,95.6,525,116,96,0,-30,29.86,70.13,100.0
2026-05-07,1343,旭東環保,19.87,21.0,19.6,20.5,75,0,0,0,0,0.0,0.0,0.0
2026-05-07,1402,遠東新,25.9,26.15,25.9,26.0,12458,2043,-3386,-96,-553,17.6,82.39,100.0
2026-05-07,1409,新纖,17.0,17.0,16.75,16.8,6292,1038,473,1,-79,12.77,87.22,100.0
2026-05-07,1410,南染,28.95,28.95,27.85,28.0,307,279,0,0,-2,18.9,81.09,100.0
2026-05-07,1413,宏洲,9.65,9.65,9.64,9.64,5,0,2,0,0,0.4,99.59,100.0
2026-05-07,1414,東和,16.55,16.65,16.3,16.6,286,147,54,0,10,1.26,98.73,100.0
2026-05-07,1416,廣豐,11.35,11.4,11.3,11.3,232,20,25,0,0,6.09,93.9,100.0
2026-05-07,1417,嘉裕,8.82,8.85,8.6,8.77,184,37,15,0,0,0.99,99.0,100.0
2026-05-07,1418,東華,19.7,19.7,18.65,18.9,25,6,0,0,1,0.94,99.05,100.0
2026-05-07,1419,新紡,63.8,64.3,63.5,64.3,77,15,47,0,-1,1.2,98.79,100.0
2026-05-07,1423,利華,40.85,41.7,40.85,41.05,16,3,3,0,2,1.55,98.44,100.0
2026-05-07,1432,大魯閣,16.8,16.85,16.7,16.75,232,36,24,0,-2,0.38,99.61,100.0
2026-05-07,1434,福懋,16.0,16.0,15.85,15.95,1783,420,-353,0,-17,7.59,92.4,100.0
2026-05-07,1436,華友聯,49.45,49.45,48.65,49.05,383,50,89,-2,3,4.62,95.37,100.0
2026-05-07,1437,勤益控,29.35,29.45,29.05,29.1,186,14,16,0,0,8.05,91.94,100.0
2026-05-07,1438,三地開發,20.3,20.5,19.1,20.1,284,39,10,0,-2,0.41,99.58,100.0
2026-05-07,1439,雋揚,26.3,26.6,25.85,26.4,21,9,5,0,1,0.43,99.56,100.0
2026-05-07,1440,南紡,12.55,12.55,12.25,12.4,3386,655,-1001,1,39,7.68,92.31,100.0
2026-05-07,1441,大東,9.87,9.94,9.81,9.82,94,0,4,0,0,1.33,98.66,100.0
2026-05-07,1442,名軒,26.6,26.9,26.2,26.75,420,95,40,0,3,8.9,91.09,100.0
2026-05-07,1443,立益,23.85,25.75,23.85,25.75,128,55,29,0,4,0.32,99.67,100.0
2026-05-07,1443,立益物流,23.85,25.75,23.85,25.75,128,55,29,0,4,0.32,99.67,100.0
2026-05-07,1444,力麗,6.0,6.01,5.95,5.98,773,0,-28,0,-10,5.16,94.83,100.0
2026-05-07,1445,大宇,12.8,12.8,12.6,12.75,81,16,33,0,7,2.93,97.06,100.0
2026-05-07,1446,宏和,15.65,15.8,15.6,15.75,199,10,32,0,4,6.21,93.78,100.0
2026-05-07,1447,力鵬,4.96,5.0,4.93,4.98,750,0,-48,0,0,3.33,96.66,100.0
2026-05-07,1449,佳和,13.05,13.15,12.7,13.1,1070,330,262,0,0,6.24,93.75,100.0
2026-05-07,1451,年興,16.7,16.9,16.7,16.85,68,3,12,0,2,5.41,94.58,100.0
2026-05-07,1452,宏益,11.15,11.3,11.1,11.2,149,24,16,0,0,1.95,98.04,100.0
2026-05-07,1453,大將,11.85,11.85,11.65,11.7,72,12,-9,0,9,0.57,99.42,100.0
2026-05-07,1454,台富,13.9,13.9,13.5,13.65,50,16,0,0,16,0.44,99.55,100.0
2026-05-07,1455,集盛,8.06,8.14,8.01,8.11,639,137,76,0,43,2.38,97.61,100.0
2026-05-07,1456,怡華,13.3,14.2,12.7,14.2,246,50,-20,0,-3,0.49,99.5,100.0
2026-05-07,1457,宜進,14.5,14.55,14.4,14.55,119,8,19,0,-1,1.75,98.24,100.0
2026-05-07,1459,聯發,11.95,11.95,11.8,11.9,165,3,15,0,4,1.63,98.36,100.0
2026-05-07,1460,宏遠,7.06,7.28,7.06,7.28,1756,0,839,0,4,2.07,97.92,100.0
2026-05-07,1463,強盛新,18.2,18.6,18.2,18.6,82,3,14,0,0,11.5,88.49,100.0
2026-05-07,1464,得力,9.95,10.1,9.94,10.05,412,12,210,0,10,1.79,98.2,100.0
2026-05-07,1465,偉全,12.25,12.45,12.25,12.3,67,7,17,0,-1,0.46,99.53,100.0
2026-05-07,1466,聚隆,15.9,16.0,15.45,15.95,164,87,-7,0,3,0.52,99.47,100.0
2026-05-07,1467,南緯,7.16,7.25,7.14,7.14,256,59,-4,0,-7,19.23,80.76,100.0
2026-05-07,1468,昶和,12.2,12.55,12.0,12.5,63,0,12,0,1,2.05,97.94,100.0
2026-05-07,1470,大統新創,22.4,22.85,22.2,22.25,42,2,5,0,0,0.27,99.72,100.0
2026-05-07,1471,首利,11.05,11.45,11.0,11.4,1232,0,333,0,4,0.92,99.07,100.0
2026-05-07,1472,三洋實業,91.0,91.4,90.5,91.3,35,8,7,0,0,0.83,99.16,100.0
2026-05-07,1473,台南,20.7,20.7,20.5,20.7,120,3,29,0,2,5.31,94.68,100.0
2026-05-07,1474,弘裕,9.96,9.99,9.94,9.97,130,0,9,0,0,0.6,99.39,100.0
2026-05-07,1475,業旺,27.35,27.55,27.3,27.4,41,0,5,0,0,0.46,99.53,100.0
2026-05-07,1476,儒鴻,331.0,338.0,331.0,335.0,992,237,-34,1,0,30.6,69.39,100.0
2026-05-07,1477,聚陽,212.0,224.0,212.0,220.5,3237,993,-71,373,15,16.7,83.29,100.0
2026-05-07,1480,東盟開發,9.34,9.45,9.34,9.45,5,0,0,0,0,0.0,0.0,0.0
2026-05-07,1503,士電,198.0,202.0,196.5,199.5,2336,689,90,75,2,31.26,68.73,100.0
2026-05-07,1504,東元,67.9,74.0,67.9,74.0,43629,13418,5758,-3,1055,11.94,88.05,100.0
2026-05-07,1506,正道,10.5,10.6,10.4,10.5,286,0,20,0,18,0.54,99.45,100.0
2026-05-07,1512,瑞利,7.3,7.34,7.24,7.28,105,0,6,0,10,5.42,94.57,100.0
2026-05-07,1513,中興電,157.0,158.0,155.5,156.5,5840,1159,-161,-103,-10,14.76,85.23,100.0
2026-05-07,1514,亞力,121.5,125.0,119.0,119.5,7529,3199,-540,0,139,16.85,83.14,100.0
2026-05-07,1515,力山,22.1,22.1,21.7,22.0,571,137,16,0,-39,4.41,95.58,100.0
2026-05-07,1516,川飛,21.8,22.25,21.7,21.85,185,0,0,0,8,5.97,94.02,100.0
2026-05-07,1517,利奇,10.25,10.3,10.15,10.2,241,31,31,0,-1,2.38,97.61,100.0
2026-05-07,1519,華城,900.0,910.0,888.0,891.0,2256,883,-52,0,28,21.38,78.61,100.0
2026-05-07,1521,大億,24.55,25.15,24.4,24.85,37,7,7,0,0,33.03,66.96,100.0
2026-05-07,1522,堤維西,31.1,34.15,31.05,34.15,3033,613,499,0,27,3.72,96.27,100.0
2026-05-07,1524,耿鼎,28.7,30.8,28.4,30.25,3691,1359,376,0,1,1.25,98.74,100.0
2026-05-07,1525,江申,62.3,62.3,61.5,62.3,37,12,6,0,2,0.31,99.68,100.0
2026-05-07,1526,日馳,16.05,16.15,15.65,15.75,274,22,-30,0,3,2.41,97.58,100.0
2026-05-07,1527,鑽全,32.55,32.65,32.35,32.45,176,21,-8,0,13,10.05,89.94,100.0
2026-05-07,1528,恩德,28.15,28.4,27.6,27.7,6715,2907,-230,-1,-2,4.93,95.06,100.0
2026-05-07,1529,樂事綠能,22.75,22.9,22.5,22.85,646,103,244,0,6,1.31,98.68,100.0
2026-05-07,1530,亞崴,26.5,26.5,25.95,25.95,42,3,7,0,1,0.68,99.31,100.0
2026-05-07,1531,高林股,12.95,13.15,12.85,13.0,143,23,0,0,4,1.43,98.56,100.0
2026-05-07,1532,勤美,20.7,20.9,20.5,20.8,915,94,93,0,-4,7.41,92.58,100.0
2026-05-07,1533,車王電,34.0,34.2,33.6,33.9,394,82,5,0,1,6.12,93.87,100.0
2026-05-07,1535,中宇,50.6,50.9,50.2,50.4,86,13,-7,0,-1,1.2,98.79,100.0
2026-05-07,1536,和大,55.5,56.1,55.3,55.5,2251,562,254,0,194,7.43,92.56,100.0
2026-05-07,1537,廣隆,122.5,123.0,122.0,123.0,79,1,1,0,-1,15.38,84.61,100.0
2026-05-07,1538,正峰,12.35,12.5,11.7,12.2,100,0,-2,0,0,0.07,99.92,100.0
2026-05-07,1539,巨庭,15.95,16.0,15.65,15.8,98,6,2,0,-1,0.91,99.08,100.0
2026-05-07,1540,喬福,21.1,21.2,20.9,21.15,221,28,104,0,-4,2.05,97.94,100.0
2026-05-07,1541,錩泰,23.25,23.25,22.9,23.25,71,6,1,0,4,9.81,90.18,100.0
2026-05-07,1558,伸興,91.4,91.9,91.1,91.3,38,3,6,0,0,6.57,93.42,100.0
2026-05-07,1560,中砂,582.0,595.0,563.0,577.0,2910,1330,78,3,-55,38.84,61.15,100.0
2026-05-07,1563,巧新,42.4,43.75,41.65,43.55,1870,243,889,0,10,2.08,97.91,100.0
2026-05-07,1565,精華,102.5,103.5,102.5,103.0,131,17,7,0,0,7.99,92.0,100.0
2026-05-07,1568,倉佑,29.05,29.9,29.05,29.45,440,125,19,0,-3,1.88,98.11,100.0
2026-05-07,1569,濱川,58.7,60.6,58.1,58.3,2734,773,-188,0,-27,5.55,94.44,100.0
2026-05-07,1570,力肯,38.05,38.3,37.7,38.2,251,35,3,0,0,2.8,97.19,100.0
2026-05-07,1580,新麥,122.5,125.5,122.0,125.0,112,13,24,0,0,5.19,94.8,100.0
2026-05-07,1582,信錦,88.0,90.4,86.8,88.7,3455,1309,-418,-1,112,4.4,95.59,100.0
2026-05-07,1583,程泰,48.9,48.9,48.45,48.45,40,6,-4,0,1,0.38,99.61,100.0
2026-05-07,1584,精剛,20.0,20.45,19.85,20.35,885,86,463,0,0,3.66,96.33,100.0
2026-05-07,1586,和勤,21.75,21.75,21.5,21.6,213,35,56,0,0,1.57,98.12,100.0
2026-05-07,1587,吉茂,33.2,33.2,32.35,32.55,356,61,65,0,0,20.65,79.34,100.0
2026-05-07,1590,亞德客-KY,1455.0,1510.0,1445.0,1490.0,1338,380,199,3,-22,79.3,20.69,100.0
2026-05-07,1591,駿吉-KY,65.5,66.4,63.8,64.6,1047,334,-97,0,0,4.8,95.19,100.0
2026-05-07,1593,祺驊,31.35,31.4,31.0,31.05,44,0,0,0,0,5.92,94.07,100.0
2026-05-07,1594,日高,10.91,11.5,10.7,11.25,187,0,0,0,0,0.0,0.0,0.0
2026-05-07,1595,川寶,89.5,101.0,89.5,96.2,7597,4517,27,0,-50,5.51,94.48,100.0
2026-05-07,1597,直得,180.0,180.5,170.0,180.5,2225,0,74,-1,-1,8.51,91.48,100.0
2026-05-07,1598,岱宇,20.6,20.95,20.45,20.8,450,71,29,0,11,1.84,98.15,100.0
2026-05-07,1599,宏佳騰,24.75,24.75,24.45,24.75,82,2,-11,0,0,7.84,92.15,100.0
2026-05-07,1603,華電,32.3,32.65,31.9,32.65,706,119,139,0,1,2.68,97.31,100.0
2026-05-07,1604,聲寶,22.75,22.85,22.7,22.85,337,8,59,0,-7,7.45,92.54,100.0
2026-05-07,1605,華新,32.85,35.85,32.6,35.85,105026,30545,21004,0,2591,14.93,85.06,100.0
2026-05-07,1608,華榮,33.05,34.7,32.8,34.3,9305,2345,3422,-50,37,3.48,96.51,100.0
2026-05-07,1609,大亞,33.0,34.4,32.9,34.05,6676,1719,1087,-1,78,12.53,87.46,100.0
2026-05-07,1611,中電,11.8,11.9,11.7,11.9,712,87,106,0,5,10.0,89.99,100.0
2026-05-07,1612,宏泰,36.95,37.5,36.8,37.2,1950,249,945,-40,9,18.41,81.58,100.0
2026-05-07,1614,三洋電,31.85,32.25,31.75,31.95,177,14,17,0,0,2.29,97.7,100.0
2026-05-07,1615,大山,45.0,45.5,45.0,45.5,207,24,31,0,-2,1.1,98.89,100.0
2026-05-07,1616,億泰,21.8,22.45,21.7,22.35,914,126,269,0,3,2.66,97.33,100.0
2026-05-07,1617,榮星,15.1,15.15,14.9,15.05,243,70,15,0,2,19.55,80.44,100.0
2026-05-07,1618,合機,38.45,39.75,38.3,39.7,1070,201,341,0,3,0.92,99.07,100.0
2026-05-07,1623,大東電,247.0,247.0,244.5,246.0,135,0,7,0,-10,0.42,99.57,100.0
2026-05-07,1626,艾美特-KY,10.95,11.2,10.9,11.15,78,7,47,0,5,43.46,56.53,100.0
2026-05-07,1702,南僑,34.55,34.6,34.35,34.35,555,8,-42,0,1,8.69,91.3,100.0
2026-05-07,1707,葡萄王,112.5,113.0,112.0,112.5,172,8,-17,0,0,14.52,85.47,100.0
2026-05-07,1708,東鹼,39.2,39.2,37.7,38.1,4980,1267,-813,0,-100,14.85,85.14,100.0
2026-05-07,1709,和益,18.5,18.55,18.45,18.5,498,61,161,0,9,3.24,96.75,100.0
2026-05-07,1710,東聯,12.35,12.45,12.05,12.35,3670,872,451,0,35,4.55,95.44,100.0
2026-05-07,1711,永光,63.0,63.0,61.7,62.0,5775,0,1140,0,91,7.12,92.87,100.0
2026-05-07,1712,興農,42.0,42.45,41.9,42.3,787,94,115,0,-4,15.36,84.63,100.0
2026-05-07,1713,國化,46.35,48.0,46.25,47.35,245,50,16,0,-6,1.05,98.94,100.0
2026-05-07,1714,和桐,9.21,9.23,9.02,9.14,4781,1111,-1156,0,-3,20.05,79.94,100.0
2026-05-07,1717,長興,80.7,83.3,79.5,79.7,48318,26420,-1532,7,295,10.24,89.75,100.0
2026-05-07,1718,中纖,6.37,6.41,6.25,6.35,6233,872,-200,0,0,5.58,94.41,100.0
2026-05-07,1720,生達,61.0,61.4,60.9,61.2,236,41,-15,0,-13,5.13,94.86,100.0
2026-05-07,1721,三晃,28.45,30.0,27.45,30.0,4310,0,66,0,-27,4.42,95.57,100.0
2026-05-07,1722,台肥,46.9,47.85,46.45,46.8,4965,906,-365,29,19,7.38,92.61,100.0
2026-05-07,1723,中碳,78.6,79.3,78.3,78.7,528,100,19,0,-6,7.99,92.0,100.0
2026-05-07,1725,元禎,30.75,33.8,30.75,31.7,1264,647,102,0,-1,0.37,99.62,100.0
2026-05-07,1726,永記,75.7,76.3,75.7,76.0,20,1,5,0,0,12.95,87.04,100.0
2026-05-07,1727,中華化,78.2,83.0,76.6,78.2,9981,5386,-1283,0,-4,7.44,92.55,100.0
2026-05-07,1730,花仙子,52.9,53.0,52.7,52.9,71,3,4,0,0,6.78,93.21,100.0
2026-05-07,1731,美吾華,21.7,21.8,21.65,21.75,118,10,21,0,0,1.2,98.79,100.0
2026-05-07,1732,毛寶,26.4,26.4,25.8,26.4,151,19,34,0,0,2.34,97.65,100.0
2026-05-07,1733,五鼎,28.2,28.65,28.15,28.25,121,11,5,0,2,3.73,96.26,100.0
2026-05-07,1734,杏輝,31.0,31.0,30.65,30.75,377,21,-140,0,1,5.45,94.54,100.0
2026-05-07,1735,日勝化,26.1,26.7,25.6,25.9,553,227,37,0,3,50.6,49.39,100.0
2026-05-07,1736,喬山,123.0,130.5,123.0,130.0,825,229,235,0,-6,4.54,95.45,100.0
2026-05-07,1737,臺鹽,31.55,31.7,31.5,31.55,105,7,-8,0,1,8.5,91.49,100.0
2026-05-07,1742,台蠟,15.25,15.6,15.2,15.5,15,0,0,0,0,0.21,99.78,100.0
2026-05-07,1752,南光,34.0,34.0,33.45,33.5,126,7,0,0,-3,1.79,98.2,100.0
2026-05-07,1760,寶齡富錦,65.7,65.9,65.1,65.9,140,26,22,0,4,11.9,88.09,100.0
2026-05-07,1762,中化生,35.25,35.25,35.25,35.25,269,0,-1,0,-1,2.05,97.94,100.0
2026-05-07,1773,勝一,176.0,178.5,174.0,176.5,765,199,100,0,35,8.01,91.98,100.0
2026-05-07,1776,展宇,17.2,17.45,16.95,17.35,175,29,6,0,-3,0.63,99.36,100.0
2026-05-07,1777,生泰,70.9,70.9,70.5,70.6,20,0,1,0,0,1.28,98.71,100.0
2026-05-07,1780,立弘,31.48,32.4,31.15,32.0,201,0,0,0,0,0.0,0.0,0.0
2026-05-07,1781,合世,10.75,10.8,10.65,10.75,75,2,-1,0,0,0.57,99.42,100.0
2026-05-07,1783,和康生,39.2,39.7,39.2,39.7,40,3,16,0,-2,7.29,92.7,100.0
2026-05-07,1784,訊聯,72.3,72.5,71.6,71.9,169,29,37,0,-6,6.58,93.41,100.0
2026-05-07,1785,光洋科,179.0,185.0,167.5,185.0,98221,64375,-672,74,101,24.33,75.66,100.0
2026-05-07,1786,科妍,57.5,57.6,56.6,57.6,277,49,-135,0,-2,1.56,98.43,100.0
2026-05-07,1788,杏昌,135.0,135.0,134.5,135.0,65,2,0,0,0,10.87,89.12,100.0
2026-05-07,1789,神隆,20.0,20.05,19.55,19.95,1639,324,-563,0,0,1.74,98.25,100.0
2026-05-07,1795,美時,227.5,237.0,226.5,233.0,3906,850,-435,0,189,53.47,46.52,100.0
2026-05-07,1796,金穎生技,38.0,38.35,37.3,38.35,62,5,7,0,0,0.8,99.19,100.0
2026-05-07,1799,易威,39.45,39.8,37.3,38.55,275,0,-84,0,2,11.74,88.25,100.0
2026-05-07,1802,台玻,72.6,75.0,70.7,70.8,148214,100314,4847,0,818,5.9,94.09,100.0
2026-05-07,1805,寶徠,10.75,10.9,10.65,10.75,209,13,27,0,12,0.62,99.37,100.0
2026-05-07,1806,冠軍,8.2,8.25,8.15,8.22,539,38,-105,0,-3,9.45,90.54,100.0
2026-05-07,1808,潤隆,28.3,28.4,28.05,28.4,1182,177,-94,0,-14,4.06,95.93,100.0
2026-05-07,1809,中釉,37.3,37.4,33.25,34.5,39198,21159,1083,0,-76,4.89,95.1,100.0
2026-05-07,1810,和成,18.95,18.95,18.4,18.55,1431,440,212,-15,-2,3.52,96.47,100.0
2026-05-07,1813,寶利徠,12.3,12.35,12.25,12.35,27,1,0,0,0,9.46,90.53,100.0
2026-05-07,1815,富喬,115.5,117.5,110.0,110.0,54642,22916,-17888,0,-121,21.48,78.51,100.0
2026-05-07,1817,凱撒衛,38.4,38.6,38.4,38.6,28,0,5,0,0,1.65,98.34,100.0
2026-05-07,1903,士紙,49.3,49.65,49.25,49.5,116,14,49,0,4,11.06,88.93,100.0
2026-05-07,1904,正隆,17.5,17.65,17.2,17.55,2409,647,-366,1,-12,8.72,91.27,100.0
2026-05-07,1905,華紙,12.75,12.8,12.35,12.7,3777,1100,256,-6,-14,2.55,97.44,100.0
2026-05-07,1906,寶隆,11.2,11.2,10.95,11.0,261,23,37,0,-15,0.55,99.44,100.0
2026-05-07,1907,永豐餘,23.6,24.1,23.5,24.05,1324,137,116,-8,3,12.04,87.95,100.0
2026-05-07,1909,榮成,8.93,9.18,8.8,9.16,4351,1119,122,0,37,8.14,91.85,100.0
2026-05-07,2002,中鋼,18.8,18.95,18.65,18.85,50917,7898,2637,8,218,13.33,86.66,100.0
2026-05-07,2006,東和鋼鐵,67.2,67.8,67.1,67.6,2230,378,177,-115,-12,18.74,81.25,100.0
2026-05-07,2007,燁興,7.3,7.41,7.3,7.38,272,0,110,0,6,0.64,99.35,100.0
2026-05-07,2008,高興昌,27.6,28.0,27.6,27.65,17,6,-2,0,0,7.68,92.31,100.0
2026-05-07,2009,第一銅,39.0,39.3,38.5,39.3,2212,563,314,0,1,2.22,97.77,100.0
2026-05-07,2010,春源,24.95,24.95,24.7,24.85,1350,327,-80,0,-17,10.05,89.94,100.0
2026-05-07,2012,春雨,15.1,15.3,15.0,15.1,69,4,27,0,1,1.4,98.59,100.0
2026-05-07,2013,中鋼構,42.6,43.2,42.6,42.95,112,22,21,0,0,7.09,92.9,100.0
2026-05-07,2014,中鴻,18.1,18.25,17.75,18.2,6890,1178,3902,0,-160,4.77,95.22,100.0
2026-05-07,2015,豐興,61.6,62.6,61.6,62.5,284,30,137,-43,-7,12.07,87.92,100.0
2026-05-07,2017,官田鋼,8.8,8.86,8.64,8.84,826,333,47,0,1,1.73,98.26,100.0
2026-05-07,2020,美亞,21.8,21.9,21.65,21.85,609,71,56,0,2,1.77,98.22,100.0
2026-05-07,2022,聚亨,8.08,8.09,7.98,8.09,812,61,337,0,-6,2.45,97.54,100.0
2026-05-07,2023,燁輝,13.95,14.0,13.85,14.0,1825,545,-25,1,88,4.3,95.69,100.0
2026-05-07,2024,志聯,13.9,13.95,13.9,13.95,10,0,6,0,0,0.44,99.55,100.0
2026-05-07,2025,千興,11.4,11.95,11.4,11.95,1261,0,6,0,11,0.7,99.29,100.0
2026-05-07,2027,大成鋼,38.55,39.2,38.25,39.1,30542,4768,18040,251,-551,13.06,86.93,100.0
2026-05-07,2028,威致,17.35,17.35,16.85,17.1,146,22,18,0,5,0.69,99.3,100.0
2026-05-07,2029,盛餘,20.1,20.25,19.95,20.15,363,31,83,0,-5,66.46,33.53,100.0
2026-05-07,2030,彰源,16.2,16.5,15.85,16.4,1321,147,744,0,9,2.58,97.41,100.0
2026-05-07,2031,新光鋼,39.45,39.8,39.1,39.75,774,167,-127,-38,27,7.92,92.07,100.0
2026-05-07,2032,新鋼,16.25,16.75,16.15,16.75,1449,268,664,0,16,1.43,98.56,100.0
2026-05-07,2033,佳大,15.4,15.4,14.9,15.15,543,103,-16,0,1,0.98,99.01,100.0
2026-05-07,2034,允強,21.3,21.7,21.1,21.55,1668,221,658,0,9,4.0,95.99,100.0
2026-05-07,2035,唐榮,27.0,27.6,27.0,27.6,13,0,0,0,0,0.03,99.96,100.0
2026-05-07,2038,海光,14.0,14.25,13.9,14.2,450,86,-1,0,1,1.13,98.86,100.0
2026-05-07,2049,上銀,319.0,325.0,313.5,318.0,6305,2584,1733,-674,22,34.05,65.94,100.0
2026-05-07,2059,川湖,4840.0,4840.0,4840.0,4840.0,448,29,-25,0,14,24.21,75.78,100.0
2026-05-07,2061,風青,21.2,21.9,20.7,21.15,1406,369,21,0,96,2.25,97.74,100.0
2026-05-07,2062,橋椿,21.25,21.25,20.7,20.7,325,58,10,-11,-2,7.22,92.77,100.0
2026-05-07,2063,世鎧,25.35,25.35,25.05,25.3,33,4,-1,0,0,0.96,99.03,100.0
2026-05-07,2064,晉椿,12.05,12.8,12.05,12.8,110,4,0,0,0,0.06,99.93,100.0
2026-05-07,2065,世豐,28.55,28.9,28.5,28.9,91,4,12,0,0,1.35,98.64,100.0
2026-05-07,2066,世德,44.85,44.95,44.5,44.6,60,2,-12,0,0,10.0,89.99,100.0
2026-05-07,2067,嘉鋼,6.83,7.04,6.82,7.04,45,0,0,0,0,11.35,88.64,100.0
2026-05-07,2069,運錩,18.75,19.0,18.45,18.9,462,66,147,0,1,2.12,97.87,100.0
2026-05-07,2070,精湛,68.5,72.6,67.3,72.6,4388,1970,-381,0,4,2.44,97.55,100.0
2026-05-07,2071,震南鐵,20.97,20.6,19.95,19.95,98,0,0,0,0,0.0,0.0,0.0
2026-05-07,2072,世紀風電,180.0,181.5,176.5,179.0,527,0,124,0,-17,1.55,98.44,100.0
2026-05-07,2073,雄順,27.2,27.2,27.2,27.2,1001,0,0,0,0,0.04,99.96,100.0
2026-05-07,2101,南港,33.4,35.0,33.2,34.7,1956,318,498,0,10,4.96,95.03,100.0
2026-05-07,2102,泰豐,18.5,18.75,18.25,18.7,482,77,2,0,2,3.15,96.84,100.0
2026-05-07,2103,台橡,19.95,19.95,19.0,19.25,5911,932,-2086,2,-230,20.78,79.21,100.0
2026-05-07,2104,國際中橡,10.3,10.5,10.2,10.4,2985,694,695,0,7,5.74,94.25,100.0
2026-05-07,2105,正新,31.05,32.1,30.85,32.0,10173,1942,1261,-45,130,11.55,88.44,100.0
2026-05-07,2106,建大,17.2,17.5,17.15,17.5,816,127,234,1,-12,8.06,91.93,100.0
2026-05-07,2107,厚生,26.05,26.5,26.05,26.5,541,11,188,0,4,6.36,93.63,100.0
2026-05-07,2108,南帝,26.85,27.2,26.45,26.8,1413,351,-279,0,-6,4.75,95.24,100.0
2026-05-07,2109,華豐,14.0,14.0,13.9,14.0,354,23,21,0,1,15.11,84.88,100.0
2026-05-07,2114,鑫永銓,88.8,88.8,87.7,87.8,38,2,2,0,1,4.14,95.85,100.0
2026-05-07,2115,六暉-KY,21.15,22.9,21.15,21.45,251,96,-10,0,11,44.17,55.82,100.0
2026-05-07,2201,裕隆,27.05,27.8,27.0,27.7,4105,522,1493,3,94,4.65,95.34,100.0
2026-05-07,2204,中華,54.5,55.2,54.0,55.0,1414,184,524,254,6,19.0,80.99,100.0
2026-05-07,2206,三陽工業,57.2,57.9,56.9,57.9,1119,189,-342,-78,-26,6.0,93.99,100.0
2026-05-07,2207,和泰車,473.5,487.0,473.0,487.0,539,144,85,-8,2,21.78,78.21,100.0
2026-05-07,2208,台船,20.4,20.8,20.1,20.8,4392,0,1318,-15,-10,10.18,89.81,100.0
2026-05-07,2211,長榮鋼,98.5,99.3,98.5,99.1,569,83,204,-74,-26,4.23,95.76,100.0
2026-05-07,2221,大甲,36.8,36.9,35.65,35.9,283,104,3,0,3,1.27,98.72,100.0
2026-05-07,2227,裕日車,52.5,53.5,52.5,52.6,58,0,26,0,-2,40.34,59.65,100.0
2026-05-07,2228,劍麟,88.8,91.0,88.7,90.5,242,34,105,0,2,3.13,96.86,100.0
2026-05-07,2230,泰茂,33.9,35.05,33.55,35.05,619,103,63,0,0,8.75,91.24,100.0
2026-05-07,2231,為升,118.0,121.5,117.0,118.0,1111,414,-150,0,-16,5.59,94.4,100.0
2026-05-07,2233,宇隆,310.0,315.5,290.0,295.0,1803,0,48,-180,-42,7.54,92.45,100.0
2026-05-07,2235,謚源,31.05,31.05,30.25,30.5,13,3,0,0,0,0.08,99.91,100.0
2026-05-07,2236,百達-KY,134.0,136.0,132.0,135.0,436,57,228,0,1,52.13,47.86,100.0
2026-05-07,2237,華德動能,33.9,37.45,34.0,36.8,841,0,8,0,0,0.0,0.0,0.0
2026-05-07,2239,英利-KY,22.55,22.55,22.3,22.4,62,7,17,0,6,75.41,24.58,100.0
2026-05-07,2241,艾姆勒,30.3,30.7,29.7,30.7,762,213,169,0,-1,9.11,90.88,100.0
2026-05-07,2243,宏旭-KY,26.5,26.95,25.7,26.4,1167,302,236,-1,0,26.05,73.94,100.0
2026-05-07,2245,詠勝昌*,27.93,28.1,27.65,27.8,34,0,0,0,0,0.0,0.0,0.0
2026-05-07,2247,汎德永業,213.0,215.0,212.0,215.0,109,20,19,0,1,4.12,95.87,100.0
2026-05-07,2248,華勝-KY,54.7,54.7,54.1,54.4,31,4,-4,0,0,50.31,49.68,100.0
2026-05-07,2249,湧盛,118.31,120.0,117.0,118.5,32,0,1,0,0,0.0,0.0,0.0
2026-05-07,2250,IKKA-KY,65.0,65.5,64.5,64.5,37,3,2,0,1,7.15,92.78,100.0
2026-05-07,2252,為昇科,20.73,21.4,19.8,20.4,306,0,-2,0,0,0.0,0.0,0.0
2026-05-07,2254,巨鎧精密-創,69.0,69.1,66.7,68.2,56,25,16,0,0,23.68,76.31,100.0
2026-05-07,2255,凱銳光電,20.07,20.2,19.3,20.2,58,0,0,0,0,0.0,0.0,0.0
2026-05-07,2256,歐特明,91.91,98.8,89.7,92.5,551,0,28,0,0,0.0,0.0,0.0
2026-05-07,2258,鴻華先進-創,28.4,28.5,28.0,28.3,758,89,325,0,1,0.34,99.65,100.0
2026-05-07,2301,光寶科,188.0,203.5,185.5,203.5,53993,15666,17023,-781,866,38.88,61.11,100.0
2026-05-07,2302,麗正,20.1,20.65,19.9,20.15,2387,1061,76,0,3,2.99,97.0,100.0
2026-05-07,2303,聯電,97.4,98.8,93.0,96.5,325904,160859,-25209,19344,989,36.5,63.49,100.0
2026-05-07,2305,全友,16.85,16.85,16.05,16.2,2415,507,237,-1,2,4.27,95.72,100.0
2026-05-07,2308,台達電,2275.0,2370.0,2250.0,2280.0,15656,5086,2351,981,-140,64.45,35.54,100.0
2026-05-07,2312,金寶,28.4,29.25,28.2,28.55,44192,18334,2552,0,459,5.89,94.1,100.0
2026-05-07,2313,華通,248.0,253.0,237.0,249.5,65353,41070,3934,-948,-152,25.02,74.97,100.0
2026-05-07,2314,台揚,13.8,13.8,12.8,12.95,786,0,10,0,0,1.59,98.4,100.0
2026-05-07,2316,楠梓電,119.0,119.5,115.0,116.5,5141,2176,815,0,34,33.03,66.96,100.0
2026-05-07,2317,鴻海,255.0,258.0,250.0,253.5,128767,44258,21953,1697,145,38.85,61.14,100.0
2026-05-07,2321,東訊,13.0,13.0,12.4,13.0,15,0,0,0,0,0.01,99.98,100.0
2026-05-07,2323,中環,10.7,10.95,10.6,10.85,7006,1256,2345,0,466,11.05,88.94,100.0
2026-05-07,2324,仁寶,29.3,29.5,29.0,29.45,49285,8959,9382,-311,549,38.23,61.76,100.0
2026-05-07,2327,國巨*,345.5,371.5,337.5,371.5,52950,15602,6682,2180,1229,53.17,46.82,100.0
2026-05-07,2328,廣宇,55.0,55.5,53.2,53.6,14650,4862,-813,0,-97,8.2,91.79,100.0
2026-05-07,2329,華泰,63.5,63.7,61.7,62.3,19325,8094,-3155,0,-466,11.75,88.24,100.0
2026-05-07,2330,台積電,2335.0,2345.0,2310.0,2310.0,41966,7390,3885,1433,148,70.66,29.33,100.0
2026-05-07,2331,精英,21.1,21.1,20.45,20.6,3201,676,-260,-26,-34,6.92,93.07,100.0
2026-05-07,2332,友訊,14.05,14.35,13.95,14.2,3476,826,1594,0,24,10.11,89.88,100.0
2026-05-07,2337,旺宏,172.0,172.0,160.0,164.5,235421,127579,-33657,-8488,-1338,25.57,74.42,100.0
2026-05-07,2338,光罩,50.9,54.3,50.8,54.3,17928,3459,4926,0,169,4.57,95.42,100.0
2026-05-07,2340,台亞,40.9,41.95,40.25,40.8,17562,9666,-651,0,-95,8.75,91.24,100.0
2026-05-07,2342,茂矽,41.75,45.95,40.6,45.95,16079,6553,739,0,66,5.76,94.23,100.0
2026-05-07,2344,華邦電,113.0,117.0,106.5,114.0,338649,190541,34578,13286,2292,21.05,78.94,100.0
2026-05-07,2345,智邦,2495.0,2560.0,2465.0,2560.0,3820,1476,544,26,59,58.17,41.82,100.0
2026-05-07,2347,聯強,84.1,84.6,83.0,83.9,5036,1053,-1652,-759,13,33.25,66.74,100.0
2026-05-07,2348,海悅,71.2,71.5,70.7,71.3,254,34,33,0,0,0.9,99.09,100.0
2026-05-07,2349,錸德,12.5,13.2,12.35,12.8,4943,0,247,0,-1,11.49,88.5,100.0
2026-05-07,2351,順德,157.5,170.5,155.5,166.5,12114,4827,942,-2,86,14.19,85.8,100.0
2026-05-07,2352,佳世達,25.85,25.85,25.0,25.2,8710,1571,-3626,0,-34,9.92,90.07,100.0
2026-05-07,2353,宏碁,28.15,28.25,27.9,28.1,22040,3800,1214,-572,97,9.84,90.15,100.0
2026-05-07,2354,鴻準,64.8,65.3,62.5,63.3,63752,26073,-4093,4,-531,11.55,88.44,100.0
2026-05-07,2355,敬鵬,52.3,54.8,51.3,52.7,18135,7004,4856,-4,830,18.85,81.14,100.0
2026-05-07,2356,英業達,49.55,50.6,48.5,49.95,42154,12338,15348,-65,-127,16.81,83.18,100.0
2026-05-07,2357,華碩,633.0,655.0,625.0,639.0,9859,2835,-1231,1110,149,34.86,65.13,100.0
2026-05-07,2359,所羅門,122.5,122.5,119.5,120.5,1367,413,-43,0,-4,3.82,96.17,100.0
2026-05-07,2360,致茂,2530.0,2530.0,2270.0,2325.0,4128,1528,-406,-68,18,57.66,42.33,100.0
2026-05-07,2362,藍天,39.15,40.0,39.15,39.95,1035,127,394,0,-4,10.57,89.42,100.0
2026-05-07,2363,矽統,58.7,60.9,57.7,57.9,27127,14754,-1472,0,-98,6.47,93.52,100.0
2026-05-07,2364,倫飛,65.6,65.9,64.5,65.3,170,29,3,0,0,15.28,84.71,100.0
2026-05-07,2365,昆盈,36.85,37.15,36.05,36.4,3415,1505,-23,0,-57,1.49,98.5,100.0
2026-05-07,2367,燿華,61.1,61.9,59.3,61.4,32406,19246,1503,0,206,7.51,92.48,100.0
2026-05-07,2368,金像電,1460.0,1470.0,1435.0,1450.0,4092,1569,-581,107,-2,25.69,74.3,100.0
2026-05-07,2369,菱生,31.9,33.25,31.1,33.0,20027,8424,3960,0,781,15.86,84.13,100.0
2026-05-07,2371,大同,30.4,30.95,30.4,30.85,17000,2608,4479,50,63,8.11,91.88,100.0
2026-05-07,2373,震旦行,57.5,57.6,56.7,56.8,63,19,16,0,1,0.81,99.18,100.0
2026-05-07,2374,佳能,80.5,81.8,79.3,79.7,8917,3728,-885,0,13,4.9,95.09,100.0
2026-05-07,2375,凱美,91.0,96.5,88.2,91.3,11589,6342,398,0,152,9.52,90.47,100.0
2026-05-07,2376,技嘉,311.0,316.5,300.5,309.0,24537,10364,1185,287,640,22.01,77.98,100.0
2026-05-07,2377,微星,101.5,103.5,99.1,101.0,17012,5848,-401,14,184,12.96,87.03,100.0
2026-05-07,2379,瑞昱,550.0,551.0,535.0,539.0,3701,1048,-560,13,1,49.35,50.64,100.0
2026-05-07,2380,虹光,5.65,5.74,5.65,5.65,406,0,0,0,0,0.25,99.74,100.0
2026-05-07,2382,廣達,349.0,352.5,341.0,344.0,23382,7910,-1824,228,190,26.76,73.23,100.0
2026-05-07,2383,台光電,5110.0,5115.0,4825.0,4960.0,2630,1069,-34,43,38,42.54,57.45,100.0
2026-05-07,2385,群光,129.0,132.5,128.5,131.0,4440,1373,-20,253,28,19.78,80.21,100.0
2026-05-07,2387,精元,41.0,41.7,41.0,41.65,852,74,465,0,-1,8.84,91.15,100.0
2026-05-07,2388,威盛,79.9,80.3,75.2,75.6,17707,6442,-4113,-6,-669,14.21,85.78,100.0
2026-05-07,2390,云辰,9.51,9.6,9.46,9.55,492,80,27,0,39,2.0,97.99,100.0
2026-05-07,2392,正崴,39.3,40.95,38.8,40.5,4615,1041,1591,0,120,6.19,93.8,100.0
2026-05-07,2393,億光,73.1,73.1,71.9,72.5,2820,727,-670,256,-2,32.83,67.16,100.0
2026-05-07,2395,研華,445.0,450.0,423.5,444.0,9165,3386,1456,65,57,35.15,64.84,100.0
2026-05-07,2397,友通,59.6,60.4,59.2,59.9,412,27,218,0,-1,15.3,84.69,100.0
2026-05-07,2399,映泰,44.8,44.8,42.7,43.5,19221,6675,-2963,-2,336,3.05,96.94,100.0
2026-05-07,2401,凌陽,25.5,25.75,25.05,25.4,6343,1844,1833,0,-5,12.5,87.49,100.0
2026-05-07,2402,毅嘉,71.4,73.0,69.6,70.1,8735,3653,163,0,76,9.27,90.11,100.0
2026-05-07,2404,漢唐,999.0,1005.0,985.0,997.0,3370,1218,665,-15,45,26.05,73.94,100.0
2026-05-07,2405,輔信,15.3,15.4,15.05,15.35,2436,494,374,0,31,4.86,95.13,100.0
2026-05-07,2406,國碩,33.2,35.7,32.65,34.9,19751,6941,6806,0,-16,16.03,83.96,100.0
2026-05-07,2408,南亞科,293.0,296.0,278.0,287.0,197355,105630,10355,10540,211,11.62,88.37,100.0
2026-05-07,2409,友達,18.3,18.8,18.05,18.35,263748,134199,17812,65,2861,11.89,88.1,100.0
2026-05-07,2412,中華電,135.5,136.5,135.5,135.5,14117,2424,-3422,344,118,17.51,31.48,49.0
2026-05-07,2413,環科,44.9,45.8,44.0,45.2,1284,375,309,0,0,4.12,95.87,100.0
2026-05-07,2414,精技,49.3,49.3,47.65,48.3,814,113,-190,0,6,5.12,94.87,100.0
2026-05-07,2415,錩新,27.3,27.8,27.25,27.6,124,22,3,0,0,21.04,78.95,100.0
2026-05-07,2417,圓剛,53.3,53.6,51.3,51.6,6681,2141,-432,0,0,3.91,96.08,100.0
2026-05-07,2419,仲琦,30.4,31.2,30.05,30.7,2341,861,8,-2,12,1.25,98.74,100.0
2026-05-07,2420,新巨,55.5,56.7,55.0,55.5,557,63,67,0,-2,7.32,92.67,100.0
2026-05-07,2421,建準,149.0,151.5,145.5,149.5,6111,2113,-1180,0,22,28.44,71.55,100.0
2026-05-07,2423,固緯,64.0,64.7,63.1,64.5,238,75,4,0,-1,5.09,94.9,100.0
2026-05-07,2424,隴華,18.55,18.6,17.3,17.5,477,0,-165,0,4,1.45,47.54,49.0
2026-05-07,2425,承啟,31.05,31.3,30.65,31.0,552,87,-105,0,-3,9.62,90.37,100.0
2026-05-07,2426,鼎元,74.8,78.6,73.0,74.0,48812,25736,-848,0,-10,9.55,90.44,100.0
2026-05-07,2427,三商電,21.55,21.55,21.15,21.35,389,55,-54,0,0,3.52,96.47,100.0
2026-05-07,2428,興勤,185.5,194.5,183.5,188.5,2033,699,392,0,41,16.84,83.15,100.0
2026-05-07,2429,銘旺科,53.0,54.6,53.0,53.5,276,0,-11,0,0,1.11,98.88,100.0
2026-05-07,2430,燦坤,19.9,20.0,19.9,19.9,99,1,21,0,-1,2.72,97.27,100.0
2026-05-07,2431,聯昌,10.8,10.9,10.6,10.85,655,0,230,0,4,2.24,97.75,100.0
2026-05-07,2432,倚天,28.2,28.2,26.9,27.25,317,35,-19,0,12,0.61,99.38,100.0
2026-05-07,2432,倚天酷碁-創,28.2,28.2,26.9,27.25,317,35,-19,0,12,0.61,99.38,100.0
2026-05-07,2433,互盛電,45.45,45.8,45.45,45.6,41,9,-8,0,-2,0.99,99.0,100.0
2026-05-07,2434,統懋,33.2,33.2,31.9,32.5,48,9,-9,0,0,1.07,98.92,100.0
2026-05-07,2436,偉詮電,75.6,76.2,73.8,74.0,8457,3139,-1378,0,-248,8.26,91.73,100.0
2026-05-07,2438,翔耀,23.95,23.95,22.8,23.3,210,0,16,0,4,1.06,98.93,100.0
2026-05-07,2439,美律,87.2,87.2,85.7,86.5,2412,424,-991,-149,40,12.54,87.45,100.0
2026-05-07,2440,太空梭,17.65,17.85,17.3,17.5,828,248,193,0,14,1.51,98.48,100.0
2026-05-07,2441,超豐,94.0,94.2,92.6,93.4,5439,1870,181,-96,7,13.84,86.15,100.0
2026-05-07,2442,新美齊,18.5,18.65,18.3,18.65,1690,516,-160,0,-7,2.13,97.86,100.0
2026-05-07,2444,兆勁,13.8,14.25,13.7,13.85,627,0,-4,0,0,2.14,97.85,100.0
2026-05-07,2449,京元電子,332.5,343.5,327.0,339.0,30225,14171,-2432,297,405,30.06,69.93,100.0
2026-05-07,2450,神腦,29.5,29.8,29.5,29.7,127,3,73,0,20,1.27,98.72,100.0
2026-05-07,2451,創見,312.0,312.0,293.5,302.5,11635,5442,-1483,17,-109,10.66,89.33,100.0
2026-05-07,2453,凌群,55.0,55.2,54.5,55.0,288,53,31,0,-1,4.69,95.3,100.0
2026-05-07,2454,聯發科,3430.0,3430.0,3295.0,3420.0,8465,0,-879,-62,91,56.59,43.4,100.0
2026-05-07,2455,全新,365.0,365.0,333.0,342.0,3304,0,738,0,142,23.67,76.32,100.0
2026-05-07,2457,飛宏,25.4,25.85,24.9,25.55,2868,646,827,0,70,6.54,93.45,100.0
2026-05-07,2458,義隆,143.5,149.0,141.5,144.0,5481,1596,532,-155,144,21.6,78.39,100.0
2026-05-07,2459,敦吉,66.7,67.3,66.6,66.6,215,20,80,0,1,17.01,82.98,100.0
2026-05-07,2460,建通,33.7,34.25,33.0,33.65,1186,0,-173,0,-1,0.98,99.01,100.0
2026-05-07,2461,光群雷,17.0,17.3,16.85,17.0,810,139,-93,0,1,4.9,95.09,100.0
2026-05-07,2462,良得電,20.95,21.3,20.8,21.25,443,42,165,0,0,1.9,98.09,100.0
2026-05-07,2464,盟立,112.0,113.5,107.0,111.0,13371,6089,-1614,0,82,11.75,88.24,100.0
2026-05-07,2465,麗臺,86.8,88.2,84.2,86.3,3569,1709,-515,0,1,4.32,95.67,100.0
2026-05-07,2466,冠西電,53.4,55.0,52.6,53.2,440,95,-11,0,3,10.45,89.54,100.0
2026-05-07,2467,志聖,579.0,579.0,545.0,554.0,2177,898,-9,22,-27,18.28,81.71,100.0
2026-05-07,2468,華經,34.5,37.0,34.5,35.9,1121,392,-341,0,0,1.79,98.2,100.0
2026-05-07,2471,資通,53.1,53.5,52.7,52.9,237,49,-16,0,-1,5.71,94.28,100.0
2026-05-07,2472,立隆電,191.0,205.0,188.0,201.5,9532,4339,-149,20,80,12.62,87.37,100.0
2026-05-07,2474,可成,206.0,207.5,202.5,206.0,4206,1483,-615,-15,-646,25.24,74.75,100.0
2026-05-07,2476,鉅祥,115.0,119.0,113.0,114.5,4769,1868,259,0,170,11.75,88.24,100.0
2026-05-07,2477,美隆電,20.4,21.3,20.4,21.25,277,37,-43,0,3,23.38,76.61,100.0
2026-05-07,2478,大毅,78.0,83.0,76.0,80.1,13294,7702,-568,0,61,14.14,85.85,100.0
2026-05-07,2480,敦陽科,150.5,150.5,147.0,147.0,369,37,-142,-10,-1,9.89,90.1,100.0
2026-05-07,2481,強茂,102.5,105.5,101.5,103.5,18298,8496,3662,-45,212,21.38,78.61,100.0
2026-05-07,2482,連宇,16.6,16.7,16.55,16.65,175,19,48,0,2,1.36,98.63,100.0
2026-05-07,2483,百容,23.5,24.25,23.2,23.7,370,51,143,0,-9,1.68,98.31,100.0
2026-05-07,2484,希華,40.75,44.85,40.55,44.85,20466,10948,-72,0,17,6.33,93.66,100.0
2026-05-07,2485,兆赫,66.9,71.3,66.4,67.7,39744,25796,1386,-3,72,2.09,97.9,100.0
2026-05-07,2486,一詮,274.5,279.0,265.0,278.0,3598,0,-64,0,133,17.5,82.49,100.0
2026-05-07,2488,漢平,51.0,51.8,50.9,51.7,261,6,161,0,7,7.15,92.84,100.0
2026-05-07,2489,瑞軒,44.4,46.2,43.9,44.25,52070,30575,-2278,0,-87,4.96,95.03,100.0
2026-05-07,2491,吉祥全,19.05,19.8,18.15,19.2,1753,733,88,0,-1,6.08,93.91,100.0
2026-05-07,2492,華新科,150.0,161.5,146.5,160.0,41249,19039,6414,0,678,17.44,82.55,100.0
2026-05-07,2493,揚博,142.0,145.0,140.5,141.0,6490,2604,-877,2,-81,2.69,97.3,100.0
2026-05-07,2495,普安,42.95,43.0,40.7,40.85,8317,2328,-3138,0,-185,8.43,91.56,100.0
2026-05-07,2496,卓越,64.5,64.5,64.2,64.5,20,2,4,0,0,23.1,76.89,100.0
2026-05-07,2497,怡利電,57.9,60.5,57.0,60.5,1559,262,117,0,11,3.37,96.62,100.0
2026-05-07,2498,宏達電,40.1,40.85,39.6,40.45,7053,3007,897,0,-23,9.42,90.57,100.0
2026-05-07,2501,國建,22.7,23.6,22.65,23.5,4587,710,2863,0,-34,11.38,88.61,100.0
2026-05-07,2504,國產,34.55,35.0,34.5,35.0,1976,94,-406,-24,2,7.94,92.05,100.0
2026-05-07,2505,國揚,17.75,17.85,17.65,17.85,489,45,-176,0,3,3.97,96.02,100.0
2026-05-07,2506,太設,8.73,8.79,8.7,8.7,87,10,5,0,1,4.81,95.18,100.0
2026-05-07,2509,全坤建,13.45,13.6,13.4,13.55,297,21,38,0,1,1.44,98.55,100.0
2026-05-07,2511,太子,7.87,7.89,7.82,7.88,1837,224,-130,0,-25,2.49,97.5,100.0
2026-05-07,2514,龍邦,13.25,13.35,13.2,13.25,882,18,27,0,3,2.28,97.71,100.0
2026-05-07,2515,中工,13.2,13.3,13.1,13.25,3902,753,804,4,-18,8.76,91.23,100.0
2026-05-07,2516,新建,13.6,13.65,13.3,13.3,261,0,58,0,0,2.45,97.54,100.0
2026-05-07,2520,冠德,29.1,29.45,29.0,29.45,1541,154,795,-5,12,12.1,87.89,100.0
2026-05-07,2524,京城,36.25,36.45,35.85,36.4,135,24,40,0,3,0.73,99.26,100.0
2026-05-07,2527,宏璟,33.8,34.8,33.45,34.6,526,120,107,0,-9,42.35,57.64,100.0
2026-05-07,2528,皇普,22.05,22.5,22.0,22.4,446,43,152,-3,2,1.38,98.61,100.0
2026-05-07,2530,華建,20.45,21.2,20.45,21.15,1503,233,60,-26,-275,3.79,96.2,100.0
2026-05-07,2534,宏盛,18.7,18.95,18.65,18.9,533,77,175,0,12,6.51,93.48,100.0
2026-05-07,2535,達欣工,73.7,75.3,73.2,75.1,479,75,198,0,-3,6.94,93.05,100.0
2026-05-07,2536,宏普,21.4,21.8,20.75,20.85,739,189,166,0,11,9.14,90.85,100.0
2026-05-07,2537,聯上發,10.35,10.5,10.3,10.5,973,73,566,0,21,2.76,97.23,100.0
2026-05-07,2538,基泰,10.05,10.05,9.8,9.89,795,84,-17,0,1,9.86,90.13,100.0
2026-05-07,2539,櫻花建,39.7,39.75,39.1,39.35,1578,114,278,-5,5,1.93,98.06,100.0
2026-05-07,2540,愛山林,50.6,52.0,50.6,52.0,593,115,-24,0,-17,1.54,98.45,100.0
2026-05-07,2542,興富發,39.4,39.7,39.2,39.4,10540,1031,641,17,-13,10.03,89.96,100.0
2026-05-07,2543,皇昌,43.65,44.45,43.3,43.55,1573,418,245,0,-163,1.6,98.39,100.0
2026-05-07,2545,皇翔,38.75,39.1,38.6,39.0,515,53,174,0,29,2.75,97.24,100.0
2026-05-07,2546,根基,86.3,86.3,84.7,85.5,123,8,4,0,1,3.32,96.67,100.0
2026-05-07,2547,日勝生,10.25,10.35,10.2,10.25,2368,401,285,-8,40,13.57,86.42,100.0
2026-05-07,2548,華固,125.5,127.0,124.0,124.5,2515,808,-208,232,2,21.0,78.99,100.0
2026-05-07,2596,綠意,28.3,28.9,28.3,28.6,101,19,33,0,0,0.8,99.19,100.0
2026-05-07,2597,潤弘,154.5,157.5,153.5,156.0,1073,460,86,0,-2,2.61,97.38,100.0
2026-05-07,2601,益航,4.87,4.94,4.79,4.92,3151,0,732,0,0,13.04,86.95,100.0
2026-05-07,2603,長榮,212.5,214.5,211.5,213.5,10470,1649,1471,-198,290,21.16,28.82,49.99
2026-05-07,2605,新興,35.6,35.65,34.3,34.4,8249,1436,110,0,-249,49.98,0.0,49.99
2026-05-07,2606,裕民,65.5,65.6,64.2,65.1,7348,2082,3093,-395,201,11.74,38.24,49.99
2026-05-07,2607,榮運,47.75,48.15,47.5,48.0,496,105,-21,0,-3,9.05,40.93,49.99
2026-05-07,2608,嘉里大榮,29.85,30.0,29.85,30.0,329,7,125,0,-5,3.51,96.48,100.0
2026-05-07,2609,陽明,50.9,51.0,50.3,50.7,15114,2998,1467,31,223,14.2,35.78,49.99
2026-05-07,2610,華航,18.1,18.6,18.05,18.6,51648,8135,7286,-491,753,13.38,36.6,49.99
2026-05-07,2611,志信,13.5,13.5,13.4,13.5,433,25,48,0,-8,1.52,98.47,100.0
2026-05-07,2612,中航,58.5,59.4,58.0,58.6,735,186,149,0,1,4.39,95.6,100.0
2026-05-07,2613,中櫃,22.55,22.7,22.3,22.65,376,50,147,0,2,1.43,31.89,33.33
2026-05-07,2614,東森,20.55,20.55,20.05,20.2,1334,221,-75,0,10,4.47,45.51,49.99
2026-05-07,2615,萬海,78.0,78.2,77.4,78.2,6669,1059,2729,-87,-14,42.55,7.43,49.99
2026-05-07,2616,山隆,14.15,14.15,13.8,14.05,390,37,-56,0,-5,1.81,98.18,100.0
2026-05-07,2617,台航,29.6,29.95,29.55,29.8,950,155,365,0,-6,8.89,41.09,49.99
2026-05-07,2618,長榮航,34.2,35.5,34.2,35.4,44124,6380,9082,1376,2284,23.72,26.26,49.99
2026-05-07,2630,亞航,49.4,50.3,48.7,49.75,719,245,171,0,27,4.76,95.23,100.0
2026-05-07,2633,台灣高鐵,26.3,26.6,26.25,26.35,7623,461,-686,-14,7,9.55,39.43,48.99
2026-05-07,2634,漢翔,49.05,49.7,48.5,49.5,3976,941,802,-13,-21,3.31,6.68,10.0
2026-05-07,2636,台驊控股,68.0,68.3,67.5,68.1,422,38,168,0,-2,9.9,90.09,100.0
2026-05-07,2637,慧洋-KY,77.0,77.6,76.0,76.8,4478,1143,1691,-318,-55,18.78,81.21,100.0
2026-05-07,2640,大車隊,173.0,174.0,172.0,173.0,40,7,-14,0,0,4.85,95.14,100.0
2026-05-07,2641,正德,18.4,18.6,17.95,18.5,5373,1113,900,0,-25,4.6,95.39,100.0
2026-05-07,2642,宅配通,21.45,21.6,21.35,21.45,112,11,37,0,0,5.3,94.69,100.0
2026-05-07,2643,捷迅,67.0,68.4,66.7,67.4,37,8,4,0,0,1.51,98.48,100.0
2026-05-07,2644,中信造船,83.08,84.5,82.3,84.2,59,0,40,0,0,0.0,0.0,0.0
2026-05-07,2645,長榮航太,157.0,160.0,153.5,159.0,1408,507,247,-55,-8,7.06,92.93,100.0
2026-05-07,2646,星宇航空,20.3,20.8,20.3,20.6,6103,437,2367,1,-8,2.61,47.37,49.99
2026-05-07,2701,萬企,10.75,10.9,10.7,10.7,116,5,10,0,-2,0.53,99.46,100.0
2026-05-07,2702,華園,16.1,16.1,15.6,15.9,132,18,-32,0,1,39.45,60.54,100.0
2026-05-07,2704,國賓,41.9,42.2,41.8,42.0,153,16,-38,0,2,9.89,90.1,100.0
2026-05-07,2705,六福,16.05,16.35,15.95,16.1,515,85,65,0,3,1.79,98.2,100.0
2026-05-07,2706,第一店,12.55,12.55,12.4,12.4,141,24,-16,0,0,2.69,97.3,100.0
2026-05-07,2707,晶華,170.0,170.0,169.0,170.0,145,10,-53,0,4,5.81,94.18,100.0
2026-05-07,2712,遠雄來,16.8,17.1,16.7,17.0,16,0,2,0,-1,0.28,99.71,100.0
2026-05-07,2718,晶悅,43.1,43.1,42.2,42.4,123,7,-19,0,0,0.84,99.15,100.0
2026-05-07,2718,全心投控,43.1,43.1,42.2,42.4,123,7,-19,0,0,0.84,99.15,100.0
2026-05-07,2719,燦星旅,28.0,28.0,25.0,26.15,44,16,-5,0,0,0.18,99.81,100.0
2026-05-07,2722,夏都,23.65,23.65,23.35,23.4,17,1,9,0,-2,0.37,99.62,100.0
2026-05-07,2723,美食-KY,66.1,66.4,65.3,66.3,176,34,-13,0,-2,46.65,53.34,100.0
2026-05-07,2724,富驛-KY,14.45,14.45,13.8,14.35,11,0,0,0,0,15.09,84.9,100.0
2026-05-07,2724,藝舍-KY,14.45,14.45,13.8,14.35,11,0,0,0,0,15.09,84.9,100.0
2026-05-07,2726,雅茗-KY,10.4,10.5,10.25,10.3,49,15,7,0,0,23.67,76.32,100.0
2026-05-07,2727,王品,232.0,234.0,230.5,231.0,620,150,112,-24,4,26.12,73.87,100.0
2026-05-07,2729,瓦城,163.0,165.0,163.0,165.0,28,0,5,0,0,2.06,97.93,100.0
2026-05-07,2731,雄獅,162.0,164.0,161.5,163.5,1223,202,-255,157,7,15.85,84.14,100.0
2026-05-07,2732,六角,64.7,65.1,64.5,65.1,90,3,-5,0,0,3.9,96.09,100.0
2026-05-07,2733,維格餅家,12.45,12.45,11.85,12.45,2,0,0,0,0,0.0,0.0,0.0
2026-05-07,2734,易飛網,16.2,16.2,15.65,15.7,372,35,-43,0,0,4.1,95.89,100.0
2026-05-07,2736,富野,12.7,12.7,12.5,12.6,62,1,-1,0,0,0.98,99.01,100.0
2026-05-07,2739,寒舍,34.7,34.95,34.7,34.75,79,7,17,0,1,2.69,97.3,100.0
2026-05-07,2740,天蔥,39.35,41.85,39.0,41.85,9,0,0,0,0,1.67,98.32,100.0
2026-05-07,2740,華軒,39.35,41.85,39.0,41.85,9,0,0,0,0,1.67,98.32,100.0
2026-05-07,2741,老四川,22.0,22.5,21.0,22.5,61,0,-1,0,0,0.0,0.0,0.0
2026-05-07,2743,山富,70.0,70.6,70.0,70.4,115,10,52,0,1,2.97,97.02,100.0
2026-05-07,2745,五福,103.0,103.5,102.0,103.0,172,19,-4,0,0,3.8,96.19,100.0
2026-05-07,2748,雲品,40.85,40.95,40.25,40.55,246,35,-103,0,-1,1.17,98.82,100.0
2026-05-07,2751,王座,54.6,54.7,54.5,54.7,5,0,-2,0,0,0.46,99.53,100.0
2026-05-07,2752,豆府,181.0,181.0,180.5,181.0,33,0,10,0,0,1.31,98.68,100.0
2026-05-07,2753,八方雲集,180.5,181.5,180.0,180.5,185,26,-5,-7,-1,5.09,94.9,100.0
2026-05-07,2754,亞洲藏壽司,69.0,71.0,69.0,69.4,33,3,-5,0,0,68.09,31.9,100.0
2026-05-07,2755,揚秦,135.0,136.0,132.5,134.0,82,21,12,0,0,1.2,98.79,100.0
2026-05-07,2756,聯發國際,67.0,67.0,65.0,66.0,28,0,-8,0,0,1.54,98.45,100.0
2026-05-07,2758,路易莎咖啡,75.73,77.7,73.8,73.8,20,0,0,0,0,0.0,0.0,0.0
2026-05-07,2760,巨宇翔,22.0,21.8,21.0,21.8,6,0,0,0,0,0.0,0.0,0.0
2026-05-07,2761,橘焱胡同,15.3,15.75,15.1,15.2,10,0,0,0,0,0.0,0.0,0.0
2026-05-07,2762,世界健身-KY,73.0,73.9,72.0,73.9,96,12,24,0,-3,87.13,12.86,100.0
2026-05-07,2801,彰銀,20.95,21.15,20.9,20.9,18990,3037,-2018,-1,-55,18.26,81.73,100.0
2026-05-07,2812,台中銀,19.8,19.8,19.6,19.7,19482,1820,-4211,-3,-519,8.28,91.71,100.0
2026-05-07,2816,旺旺保,30.0,30.25,30.0,30.05,129,12,46,0,-1,1.89,98.1,100.0
2026-05-07,2820,華票,16.8,16.85,16.75,16.85,1524,65,-343,0,-11,8.79,91.2,100.0
2026-05-07,2832,台產,52.2,52.8,52.2,52.7,164,6,35,0,10,3.89,96.1,100.0
2026-05-07,2834,臺企銀,16.2,16.25,16.15,16.15,35897,3829,-12839,0,-7,17.3,82.69,100.0
2026-05-07,2836,高雄銀,11.9,11.95,11.85,11.95,847,77,54,0,21,7.43,92.56,100.0
2026-05-07,2838,聯邦銀,20.4,20.75,20.4,20.55,1246,132,56,0,55,4.28,95.71,100.0
2026-05-07,2845,遠東銀,12.25,12.3,12.2,12.25,12473,2513,-1759,-11,35,9.09,90.9,100.0
2026-05-07,2849,安泰銀,13.6,14.05,13.6,13.95,140,46,81,0,0,58.89,41.1,100.0
2026-05-07,2850,新產,131.0,132.5,130.5,131.5,314,40,121,-32,0,10.21,89.78,100.0
2026-05-07,2851,中再保,31.0,31.65,31.0,31.35,2107,344,-296,0,-7,7.2,92.79,100.0
2026-05-07,2852,第一保,26.0,26.2,26.0,26.1,235,7,76,0,4,4.7,95.29,100.0
2026-05-07,2855,統一證,39.55,40.4,39.15,39.7,10161,3628,-64,-44,0,14.03,85.96,100.0
2026-05-07,2867,三商壽,7.69,7.86,7.69,7.81,14698,1519,9006,0,1327,17.97,82.02,100.0
2026-05-07,2880,華南金,32.9,33.7,32.9,33.3,25270,7066,7611,-83,48,17.46,82.53,100.0
2026-05-07,2881,富邦金,93.3,94.8,92.5,94.5,35427,5822,12235,-1846,-25,16.13,83.86,100.0
2026-05-07,2882,國泰金,78.5,79.2,78.0,79.0,24209,6227,-5849,175,-88,20.09,79.9,100.0
2026-05-07,2883,凱基金,22.25,22.8,22.0,22.45,74881,22926,24265,353,41,30.71,69.28,100.0
2026-05-07,2884,玉山金,31.85,32.5,31.85,32.1,42535,4654,16593,-4199,-208,30.56,69.43,100.0
2026-05-07,2885,元大金,57.0,57.4,56.1,56.1,30560,6838,-4739,167,246,26.02,73.97,100.0
2026-05-07,2886,兆豐金,39.4,40.0,39.4,39.65,20903,2797,4323,341,278,21.61,78.38,100.0
2026-05-07,2887,台新新光金,24.0,24.15,23.9,24.0,88192,15728,39886,-43131,-200,22.69,77.3,100.0
2026-05-07,2889,國票金,14.6,14.65,14.55,14.55,2711,420,100,0,-14,8.55,91.44,100.0
2026-05-07,2890,永豐金,31.0,31.2,30.85,30.9,32907,5009,4703,719,303,27.86,72.13,100.0
2026-05-07,2891,中信金,55.0,56.5,54.9,56.2,77423,11498,22195,-5527,637,33.83,66.16,100.0
2026-05-07,2892,第一金,28.8,29.4,28.75,29.15,54247,7396,27699,-1,237,27.0,72.99,100.0
2026-05-07,2897,王道銀行,10.1,10.15,10.05,10.1,2779,477,728,0,-21,6.8,93.19,100.0
2026-05-07,2901,欣欣,23.8,23.8,23.35,23.6,23,5,0,0,2,0.32,99.67,100.0
2026-05-07,2903,遠百,22.4,22.4,22.25,22.25,1847,86,-725,-94,-13,8.22,91.77,100.0
2026-05-07,2904,匯僑,15.95,15.95,15.75,15.9,115,16,-15,0,0,0.49,99.5,100.0
2026-05-07,2905,三商,13.5,13.65,13.45,13.5,658,120,65,0,-10,3.72,96.27,100.0
2026-05-07,2906,高林,12.45,12.5,12.4,12.5,157,13,-4,0,-5,1.65,98.34,100.0
2026-05-07,2908,特力,20.8,20.8,20.6,20.8,247,29,46,0,0,1.64,98.35,100.0
2026-05-07,2910,統領,21.9,23.15,21.9,22.85,28,4,16,0,0,0.27,99.72,100.0
2026-05-07,2911,麗嬰房,5.05,5.09,5.01,5.09,79,0,15,0,0,20.77,79.22,100.0
2026-05-07,2912,統一超,226.0,230.0,226.0,228.5,2968,207,776,-171,-27,19.59,80.4,100.0
2026-05-07,2913,農林,11.05,11.35,11.05,11.3,3140,454,1385,0,-8,5.22,94.77,100.0
2026-05-07,2915,潤泰全,43.25,43.8,43.05,43.75,3202,523,-253,-2,8,5.51,94.48,100.0
2026-05-07,2916,滿心,44.8,44.9,44.5,44.75,198,7,7,0,0,21.33,78.66,100.0
2026-05-07,2923,鼎固-KY,24.2,27.0,23.95,27.0,176,0,69,0,-1,99.41,0.58,100.0
2026-05-07,2924,宏太-KY,0.0,0.0,0.0,0.0,0,0,0,0,0,66.79,33.2,100.0
2026-05-07,2926,誠品生活,37.45,37.45,37.0,37.2,9,3,-3,0,0,1.13,98.86,100.0
2026-05-07,2929,淘帝-KY,5.63,5.63,5.51,5.55,348,31,56,0,19,18.08,81.91,100.0
2026-05-07,2937,集雅社,41.65,43.5,41.65,43.5,12,0,0,0,-3,0.08,99.91,100.0
2026-05-07,2938,床的世界,22.97,23.6,23.1,23.6,13,0,-1,0,0,0.0,0.0,0.0
2026-05-07,2939,永邑-KY,24.9,24.9,24.75,24.8,20,4,2,0,0,19.92,80.07,100.0
2026-05-07,2940,歐都納,23.55,0.0,0.0,0.0,0,0,0,0,0,0.0,0.0,0.0
2026-05-07,2941,米斯特,30.05,30.1,30.0,30.0,12,0,0,0,0,0.45,99.54,100.0
2026-05-07,2942,京站,37.81,38.85,36.35,37.15,20,0,1,0,0,0.0,0.0,0.0
2026-05-07,2945,三商家購,40.75,41.0,40.55,40.9,18,0,3,0,0,0.37,99.62,100.0
2026-05-07,2947,振宇五金,78.5,78.7,78.5,78.7,4,0,0,0,0,0.06,99.93,100.0
2026-05-07,2948,寶陞,38.0,38.1,38.0,38.1,8,0,0,0,0,0.01,99.98,100.0
2026-05-07,2949,欣新網,0.0,0.0,0.0,0.0,0,0,0,0,0,0.02,99.97,100.0
2026-05-07,3002,歐格,18.45,18.45,18.1,18.1,113,25,28,0,3,2.5,97.49,100.0
2026-05-07,3003,健和興,56.0,56.6,55.5,55.7,613,149,-16,0,1,3.91,96.08,100.0
2026-05-07,3004,豐達科,121.5,124.5,119.5,120.0,362,93,-78,0,0,3.23,96.76,100.0
2026-05-07,3005,神基,97.7,99.3,97.5,99.1,2988,627,608,-79,-14,9.49,90.5,100.0
2026-05-07,3006,晶豪科,205.0,210.0,192.0,196.5,49732,31161,1498,17,-146,27.54,72.45,100.0
2026-05-07,3008,大立光,2535.0,2575.0,2535.0,2575.0,1194,373,229,-12,30,31.48,68.51,100.0
2026-05-07,3010,華立,135.0,136.0,132.0,132.0,1510,188,-814,-42,-1,18.07,81.92,100.0
2026-05-07,3011,今皓,13.65,13.85,13.45,13.6,1179,205,327,0,0,2.8,97.19,100.0
2026-05-07,3013,晟銘電,109.0,109.0,104.0,105.0,3151,697,-527,0,-38,3.92,96.07,100.0
2026-05-07,3014,聯陽,133.5,133.5,131.5,131.5,1627,273,328,-9,-7,19.81,80.18,100.0
2026-05-07,3015,全漢,51.1,51.5,50.8,51.3,309,42,147,0,5,8.96,91.03,100.0
2026-05-07,3016,嘉晶,112.0,121.0,112.0,118.5,4612,0,360,0,-27,7.98,92.01,100.0
2026-05-07,3017,奇鋐,2445.0,2500.0,2380.0,2415.0,11314,4470,-554,-1396,157,54.25,45.74,100.0
2026-05-07,3018,隆銘綠能,11.2,11.2,10.45,10.45,40,0,0,0,0,0.22,99.77,100.0
2026-05-07,3019,亞光,144.5,146.0,142.5,143.0,5397,1998,607,0,39,5.01,94.98,100.0
2026-05-07,3021,鴻名,16.5,16.5,16.2,16.25,116,16,3,0,10,3.93,96.06,100.0
2026-05-07,3022,威強電,75.0,76.1,74.1,75.3,1211,213,222,0,2,15.59,84.4,100.0
2026-05-07,3023,信邦,310.0,316.0,306.0,310.0,3489,1067,435,-39,4,45.26,54.73,100.0
2026-05-07,3024,憶聲,14.05,15.2,13.8,14.6,10343,4964,198,0,28,2.28,97.71,100.0
2026-05-07,3025,星通,65.6,65.6,62.8,63.5,1232,377,-425,0,-3,7.01,92.98,100.0
2026-05-07,3026,禾伸堂,300.0,300.0,296.0,300.0,9326,2583,780,676,-73,14.41,85.58,100.0
2026-05-07,3027,盛達,18.5,19.15,18.5,19.1,461,61,169,0,0,2.12,97.87,100.0
2026-05-07,3028,增你強,81.1,81.5,74.6,76.0,13246,7298,-632,0,-48,13.08,86.91,100.0
2026-05-07,3029,零壹,101.5,102.0,99.6,100.0,1520,274,-373,-17,-3,3.49,96.5,100.0
2026-05-07,3030,德律,420.0,430.5,410.0,417.5,6278,3589,-418,60,43,14.84,85.15,100.0
2026-05-07,3031,佰鴻,30.9,31.15,30.4,30.55,1782,496,158,-1,4,2.11,97.88,100.0
2026-05-07,3032,偉訓,66.6,73.0,66.4,71.7,2851,987,-349,0,9,3.29,96.7,100.0
2026-05-07,3033,威健,45.0,45.3,42.6,42.9,36045,15501,-3717,-37,-528,16.02,83.97,100.0
2026-05-07,3034,聯詠,448.0,453.0,440.0,453.0,6506,2355,7,24,321,35.16,64.83,100.0
2026-05-07,3035,智原,184.5,187.5,179.5,181.0,13576,6483,240,-45,-69,8.04,91.95,100.0
2026-05-07,3036,文曄,219.0,226.0,214.0,219.0,19016,7447,-5900,-422,407,23.56,76.41,100.0
2026-05-07,3037,欣興,875.0,905.0,862.0,896.0,26519,14625,497,446,254,38.4,61.59,100.0
2026-05-07,3038,全台,23.2,23.4,23.05,23.3,402,82,54,0,1,8.75,91.24,100.0
2026-05-07,3040,遠見,42.0,42.8,42.0,42.35,118,32,20,-1,-1,0.61,99.38,100.0
2026-05-07,3041,揚智,24.7,25.65,24.1,24.65,3217,1268,-629,0,3,3.69,96.3,100.0
2026-05-07,3042,晶技,158.0,165.0,153.0,163.0,21623,12686,-198,-1,-158,17.6,82.39,100.0
2026-05-07,3043,科風,20.0,20.05,19.85,19.9,160,10,-2,0,0,1.21,98.78,100.0
2026-05-07,3044,健鼎,489.0,510.0,488.0,500.0,4740,1906,833,171,26,48.18,51.81,100.0
2026-05-07,3045,台灣大,110.5,110.5,110.0,110.0,6207,1360,1229,-358,35,13.74,32.8,46.55
2026-05-07,3046,建碁,50.5,50.5,49.0,49.65,497,103,114,0,55,4.03,95.96,100.0
2026-05-07,3047,訊舟,14.55,14.8,14.4,14.75,1224,184,418,0,-2,2.68,97.31,100.0
2026-05-07,3048,益登,42.25,43.2,40.9,42.1,12538,5143,-1250,0,117,3.72,96.27,100.0
2026-05-07,3049,精金,12.55,13.35,12.55,13.1,8482,0,726,0,-17,2.5,97.49,100.0
2026-05-07,3050,鈺德,12.2,12.5,12.0,12.5,864,277,191,0,-2,6.83,93.16,100.0
2026-05-07,3051,力特,27.0,27.65,26.6,27.15,3701,1621,-93,0,16,1.54,98.45,100.0
2026-05-07,3052,夆典,10.75,10.8,10.7,10.75,322,27,-152,0,0,1.54,98.45,100.0
2026-05-07,3054,立萬利,74.1,78.6,73.8,75.5,1457,719,128,0,-12,0.61,99.38,100.0
2026-05-07,3055,蔚華科,81.2,87.0,79.0,87.0,3838,554,266,0,67,1.62,98.37,100.0
2026-05-07,3056,富華新,13.2,13.7,13.2,13.55,1849,240,800,0,15,4.38,95.61,100.0
2026-05-07,3057,喬鼎,21.95,21.95,20.75,21.3,796,0,-294,0,2,2.49,97.5,100.0
2026-05-07,3058,立德,8.3,8.41,8.28,8.4,706,0,215,0,-1,2.54,97.45,100.0
2026-05-07,3059,華晶科,40.25,41.2,40.0,40.3,3606,1250,381,0,78,9.54,90.45,100.0
2026-05-07,3060,銘異,28.4,29.5,28.05,28.9,2487,744,586,0,-2,7.77,92.22,100.0
2026-05-07,3062,建漢,26.5,26.85,26.2,26.55,5229,1483,703,0,27,10.7,89.29,100.0
2026-05-07,3064,泰偉,0.0,0.0,0.0,0.0,0,0,0,0,0,0.12,99.87,100.0
2026-05-07,3066,李洲,18.45,19.3,18.4,18.65,487,125,142,0,0,0.88,99.11,100.0
2026-05-07,3067,全域,17.55,17.55,17.55,17.55,4,0,0,0,0,0.01,99.98,100.0
2026-05-07,3071,協禧,30.65,30.8,29.75,30.2,585,122,99,0,1,2.33,97.66,100.0
2026-05-07,3073,天方能源,22.3,23.0,22.0,22.7,131,21,49,0,0,1.94,98.05,100.0
2026-05-07,3078,僑威,57.0,57.5,56.7,57.3,991,119,169,-2,1,18.21,81.78,100.0
2026-05-07,3081,聯亞,2600.0,2690.0,2470.0,2660.0,3934,1877,341,-297,12,20.7,79.29,100.0
2026-05-07,3083,網龍,27.05,27.05,26.8,26.95,93,7,0,0,0,1.36,98.63,100.0
2026-05-07,3085,新零售,11.95,11.95,11.8,11.8,15,0,0,0,0,5.69,94.3,100.0
2026-05-07,3086,華義*,43.8,44.2,40.25,40.55,1307,222,-560,0,-4,40.79,59.2,100.0
2026-05-07,3088,艾訊,121.5,126.0,120.5,124.0,2377,842,-51,0,-46,13.97,86.02,100.0
2026-05-07,3090,日電貿,107.5,116.0,105.5,116.0,18920,6078,4401,0,319,10.79,89.2,100.0
2026-05-07,3092,鴻碩,31.3,32.4,31.15,32.0,664,102,181,0,-11,1.56,98.43,100.0
2026-05-07,3093,港建*,65.2,67.1,62.5,62.6,2852,1108,-247,0,0,68.5,31.49,100.0
2026-05-07,3094,聯傑,32.85,33.35,32.0,33.35,7117,2790,-217,0,5,2.61,97.38,100.0
2026-05-07,3095,及成,43.0,44.95,42.0,44.0,74,16,3,0,0,3.89,96.1,100.0
2026-05-07,3097,拍檔,26.46,27.85,26.05,27.0,117,0,-6,0,0,0.0,0.0,0.0
2026-05-07,3105,穩懋,496.0,522.0,473.0,500.0,39417,23698,3270,-509,-9,28.25,71.74,100.0
2026-05-07,3114,好德,26.35,26.35,26.05,26.15,69,4,-13,0,0,0.89,99.1,100.0
2026-05-07,3115,富榮綱,9.7,9.87,9.51,9.75,8,0,-1,0,0,1.72,98.27,100.0
2026-05-07,3117,年程,30.21,29.2,26.6,27.8,368,0,0,0,0,0.0,0.0,0.0
2026-05-07,3118,進階,33.7,33.8,33.6,33.7,21,1,0,0,0,0.45,99.54,100.0
2026-05-07,3122,笙泉,37.5,39.9,37.5,39.9,3205,0,149,0,-29,2.59,97.4,100.0
2026-05-07,3128,昇銳,24.35,24.35,23.7,23.75,151,8,-21,0,0,3.94,96.05,100.0
2026-05-07,3130,一零四,221.0,221.5,220.0,221.0,43,2,7,0,0,20.96,79.03,100.0
2026-05-07,3131,弘塑,3200.0,3235.0,3050.0,3120.0,930,266,-167,-87,-14,36.18,63.81,100.0
2026-05-07,3135,凌航,173.0,174.0,165.0,169.5,7692,3482,-568,0,-128,2.83,97.16,100.0
2026-05-07,3138,耀登,154.5,157.5,152.0,155.0,990,447,37,0,2,1.48,98.51,100.0
2026-05-07,3141,晶宏,52.2,56.1,51.5,56.1,3253,972,254,0,74,11.68,88.31,100.0
2026-05-07,3147,大綜,181.0,181.0,176.0,176.5,290,57,-57,0,-5,2.43,97.56,100.0
2026-05-07,3149,正達,50.7,53.7,50.0,50.9,18345,10945,51,0,5,2.83,97.16,100.0
2026-05-07,3150,鈺寶-創,18.6,18.85,18.45,18.55,44,4,11,0,-7,1.06,98.93,100.0
2026-05-07,3152,璟德,170.5,178.0,167.5,173.5,975,327,106,0,20,15.1,84.89,100.0
2026-05-07,3158,嘉實,89.2,89.9,89.0,89.0,26,0,2,0,0,1.62,98.37,100.0
2026-05-07,3162,精確,88.6,97.2,84.6,95.9,20302,11262,787,0,-39,49.03,50.96,100.0
2026-05-07,3163,波若威,1075.0,1100.0,1070.0,1085.0,1259,0,352,-351,12,32.67,67.32,100.0
2026-05-07,3164,景岳,17.6,17.6,17.45,17.5,57,2,2,0,-1,0.57,99.42,100.0
2026-05-07,3167,大量,818.0,818.0,723.0,755.0,1395,0,-5,-459,37,12.92,87.07,100.0
2026-05-07,3168,眾福科,45.8,45.8,44.6,44.6,46,6,-18,0,-3,1.26,98.73,100.0
2026-05-07,3169,亞信,113.0,113.0,108.0,109.5,687,242,-9,0,-5,4.0,95.99,100.0
2026-05-07,3171,新洲,69.5,69.5,67.2,67.3,54,4,-11,0,0,0.71,99.28,100.0
2026-05-07,3171,炎洲流通,69.5,69.5,67.2,67.3,54,4,-11,0,0,0.71,99.28,100.0
2026-05-07,3176,基亞,33.15,33.2,32.45,33.1,321,62,-52,0,0,4.84,95.15,100.0
2026-05-07,3178,公準,69.1,69.4,68.0,69.0,222,32,56,0,0,2.0,97.99,100.0
2026-05-07,3184,微邦,30.83,35.9,31.45,35.75,6243,0,77,0,0,0.0,0.0,0.0
2026-05-07,3188,鑫龍騰,25.25,25.25,24.5,24.65,759,82,-34,0,0,2.26,97.73,100.0
2026-05-07,3189,景碩,486.5,506.0,478.0,492.5,21099,14057,1591,-365,47,17.87,82.12,100.0
2026-05-07,3191,雲嘉南,13.8,14.1,13.8,13.8,31,0,0,0,0,0.05,99.94,100.0
2026-05-07,3205,佰研,56.0,56.3,55.5,56.0,114,13,17,0,0,1.01,98.98,100.0
2026-05-07,3206,志豐,35.1,35.1,34.0,34.4,61,7,16,0,0,2.33,97.66,100.0
2026-05-07,3207,耀勝,61.0,61.0,60.0,60.6,231,53,47,0,-1,4.35,95.64,100.0
2026-05-07,3209,全科,56.7,56.7,54.5,54.7,3015,841,-339,-3,-3,17.87,82.12,100.0
2026-05-07,3211,順達,379.5,394.0,375.0,384.0,13845,6277,-1623,112,285,28.84,71.15,100.0
2026-05-07,3213,茂訊,114.5,116.5,113.5,114.5,1674,346,192,0,-6,9.25,90.74,100.0
2026-05-07,3217,優群,182.0,183.0,175.0,175.0,1611,479,-77,0,25,6.15,93.84,100.0
2026-05-07,3218,大學光,136.0,136.5,133.5,134.0,276,54,-41,-11,0,5.0,94.99,100.0
2026-05-07,3219,倚強股份,68.8,69.5,67.2,67.2,367,162,-65,0,7,1.58,98.41,100.0
2026-05-07,3219,倚強科,68.8,69.5,67.2,67.2,367,162,-65,0,7,1.58,98.41,100.0
2026-05-07,3221,台嘉碩,44.2,48.2,43.9,48.2,3857,0,-196,0,-170,5.48,94.51,100.0
2026-05-07,3224,三顧,47.35,47.4,44.25,44.7,332,100,-7,0,0,0.81,99.18,100.0
2026-05-07,3226,龍鋒,42.9,42.95,41.05,41.05,5,1,0,0,0,0.06,99.93,100.0
2026-05-07,3227,原相,219.0,221.0,216.5,217.0,1914,488,415,2,3,25.17,74.74,100.0
2026-05-07,3228,金麗科,244.0,262.0,244.0,257.5,1189,0,-37,0,19,7.18,92.81,100.0
2026-05-07,3229,晟鈦,44.05,44.05,42.5,43.0,211,0,2,0,4,1.31,98.68,100.0
2026-05-07,3230,錦明,34.75,34.85,34.0,34.0,591,102,101,0,0,3.83,96.16,100.0
2026-05-07,3231,緯創,148.5,149.0,143.5,146.0,43321,18122,818,230,352,29.41,70.58,100.0
2026-05-07,3232,昱捷,20.95,21.15,20.85,21.1,96,11,-7,0,0,8.24,91.75,100.0
2026-05-07,3234,光環,103.5,105.5,100.0,102.5,1967,0,-20,0,0,2.24,97.75,100.0
2026-05-07,3236,千如,32.0,33.7,31.05,32.6,4720,2198,1095,0,1,15.41,84.58,100.0
2026-05-07,3252,海灣,18.8,18.8,18.8,18.8,6,0,0,0,-3,2.23,97.76,100.0
2026-05-07,3257,虹冠電,54.4,55.4,52.9,54.1,968,306,-122,0,-1,0.88,99.11,100.0
2026-05-07,3259,鑫創,17.45,18.0,17.0,17.85,87,0,-1,0,0,10.95,89.04,100.0
2026-05-07,3260,威剛,478.5,494.0,461.5,461.5,51186,30567,-1113,-374,37,17.35,82.64,100.0
2026-05-07,3264,欣銓,236.0,248.5,230.0,248.5,15374,7167,-1046,671,44,29.47,70.52,100.0
2026-05-07,3265,台星科,190.0,190.0,180.5,185.0,4054,1847,-269,0,-3,10.45,89.54,100.0
2026-05-07,3266,昇陽,13.65,13.7,13.35,13.5,117,34,20,0,1,8.26,91.73,100.0
2026-05-07,3268,海德威,18.5,19.45,18.3,19.45,1294,421,41,0,0,1.11,98.88,100.0
2026-05-07,3272,東碩,18.3,19.0,18.05,18.5,112,17,-14,0,0,0.63,99.36,100.0
2026-05-07,3276,宇環,15.0,15.3,14.8,15.0,327,46,-55,0,0,0.91,99.08,100.0
2026-05-07,3284,太普高,16.3,16.5,16.05,16.1,107,19,-2,0,0,1.02,98.97,100.0
2026-05-07,3285,微端,29.1,29.1,28.5,28.55,16,0,-1,0,0,12.91,87.08,100.0
2026-05-07,3287,廣寰科,28.1,28.5,28.05,28.5,132,8,0,0,0,1.39,98.6,100.0
2026-05-07,3288,點晶,15.05,15.1,14.8,15.1,21,0,0,0,0,0.14,99.85,100.0
2026-05-07,3289,宜特,182.0,184.5,176.0,179.0,3894,1108,-339,0,50,10.5,89.49,100.0
2026-05-07,3290,東浦,48.5,48.7,46.85,47.05,818,206,-238,0,-30,6.44,93.55,100.0
2026-05-07,3293,鈊象,726.0,737.0,718.0,720.0,2569,435,-767,-15,-28,27.53,72.46,100.0
2026-05-07,3294,英濟,30.7,31.45,30.4,31.35,697,125,202,0,0,12.14,87.85,100.0
2026-05-07,3296,勝德,20.5,22.2,20.2,22.2,350,39,86,0,8,2.46,97.53,100.0
2026-05-07,3297,杭特,31.95,32.2,31.6,31.9,110,20,-6,0,0,3.14,96.85,100.0
2026-05-07,3303,岱稜,51.4,52.0,51.1,51.6,469,80,73,0,5,5.01,94.98,100.0
2026-05-07,3305,昇貿,120.0,122.5,117.0,118.5,9691,4529,-583,0,124,3.28,96.71,100.0
2026-05-07,3306,鼎天,47.6,48.5,46.95,48.05,242,72,3,0,0,3.4,96.59,100.0
2026-05-07,3308,聯德,20.8,21.7,20.8,21.35,193,51,64,0,-3,0.85,99.14,100.0
2026-05-07,3310,佳穎,69.4,70.1,69.0,69.0,28,15,-2,0,0,0.22,99.77,100.0
2026-05-07,3311,閎暉,30.65,32.1,30.65,31.55,338,42,100,0,-2,1.37,98.62,100.0
2026-05-07,3312,弘憶股,42.0,43.0,41.65,42.45,1517,503,17,0,2,2.71,97.28,100.0
2026-05-07,3313,斐成,11.75,11.85,11.7,11.8,106,0,-15,0,0,4.7,95.29,100.0
2026-05-07,3317,尼克森,66.6,70.0,66.0,66.9,11739,6358,704,0,11,11.55,88.44,100.0
2026-05-07,3321,同泰,16.5,17.25,16.5,16.85,537,0,51,0,8,1.72,98.27,100.0
2026-05-07,3322,建舜電,13.35,13.45,13.15,13.45,753,147,232,0,0,2.91,97.08,100.0
2026-05-07,3323,加百裕,35.3,35.35,34.55,34.55,1005,334,8,0,-1,12.15,87.84,100.0
2026-05-07,3324,雙鴻,1140.0,1140.0,1050.0,1070.0,4798,2111,-1081,49,-102,28.58,71.41,100.0
2026-05-07,3325,旭品,12.95,12.95,12.65,12.9,286,0,-103,0,0,0.67,99.32,100.0
2026-05-07,3332,幸康,64.9,65.8,64.9,65.0,23,1,-1,0,0,0.9,99.09,100.0
2026-05-07,3338,泰碩,74.6,74.9,73.1,73.3,1835,542,-130,0,-6,3.62,96.37,100.0
2026-05-07,3339,泰谷,60.5,64.0,59.2,63.1,689,0,46,0,0,8.15,91.84,100.0
2026-05-07,3346,麗清,17.05,17.2,16.8,17.2,586,25,283,0,7,2.68,97.31,100.0
2026-05-07,3349,寶德,24.6,24.6,22.4,23.45,323,0,26,0,0,0.42,99.57,100.0
2026-05-07,3354,律勝,31.2,34.2,30.4,34.2,8244,4342,130,0,8,3.24,96.75,100.0
2026-05-07,3356,奇偶,55.5,56.8,55.2,56.1,938,271,92,0,-2,7.29,92.7,100.0
2026-05-07,3357,臺慶科,171.5,181.5,169.5,177.5,4858,1990,118,0,105,14.32,85.67,100.0
2026-05-07,3360,尚立,13.6,13.6,13.35,13.45,193,38,-51,0,0,4.18,95.81,100.0
2026-05-07,3362,先進光,107.5,111.0,106.5,108.0,734,186,139,0,0,7.91,92.08,100.0
2026-05-07,3363,上詮,785.0,834.0,782.0,815.0,565,0,61,0,24,18.96,81.03,100.0
2026-05-07,3372,典範,20.2,20.2,19.5,19.75,722,0,204,0,0,1.19,98.8,100.0
2026-05-07,3373,熱映,16.85,16.85,16.7,16.8,49,1,-2,0,0,1.5,98.49,100.0
2026-05-07,3374,精材,201.0,217.5,197.0,206.0,15186,6430,-1818,0,356,9.97,90.02,100.0
2026-05-07,3376,新日興,205.5,218.5,202.0,215.0,7371,2915,1274,-56,322,18.38,81.61,100.0
2026-05-07,3379,彬台,38.8,39.0,38.05,38.3,301,63,-17,0,0,2.59,97.4,100.0
2026-05-07,3380,明泰,31.95,32.7,31.7,32.6,3572,963,-294,0,61,5.92,94.07,100.0
2026-05-07,3388,崇越電,114.0,116.0,107.5,111.0,2061,684,91,0,4,7.4,92.59,100.0
2026-05-07,3390,旭軟,28.0,29.0,27.4,28.35,8161,4038,-241,0,-3,3.59,96.4,100.0
2026-05-07,3402,漢科,146.5,146.5,143.0,144.0,1457,242,-358,0,-11,7.58,92.41,100.0
2026-05-07,3406,玉晶光,518.0,522.0,511.0,513.0,843,220,-52,-40,-2,42.13,57.86,100.0
2026-05-07,3413,京鼎,315.0,315.0,303.5,309.0,3802,905,-1558,-81,-61,12.87,87.12,100.0
2026-05-07,3416,融程電,162.0,176.0,160.5,171.5,1957,583,48,0,185,2.91,97.08,100.0
2026-05-07,3419,譁裕,15.2,15.2,15.0,15.0,376,0,15,0,14,2.1,97.89,100.0
2026-05-07,3426,台興,47.7,47.7,47.7,47.7,35,0,0,0,0,0.44,99.55,100.0
2026-05-07,3430,奇鈦科,153.5,158.0,143.0,149.0,1960,0,-32,0,12,8.92,91.07,100.0
2026-05-07,3432,台端,22.05,22.05,20.45,20.8,240,0,-13,0,0,2.95,97.04,100.0
2026-05-07,3434,哲固,29.05,29.15,29.0,29.05,38,1,3,0,0,1.91,98.08,100.0
2026-05-07,3437,榮創,26.65,27.3,26.2,26.6,4608,1869,656,0,6,4.33,95.66,100.0
2026-05-07,3438,類比科,64.0,68.2,61.6,68.0,1196,364,159,0,0,3.73,96.26,100.0
2026-05-07,3441,聯一光,39.5,40.0,38.8,39.1,1097,254,-12,0,0,3.39,96.6,100.0
2026-05-07,3443,創意,4955.0,5450.0,4945.0,5450.0,2180,769,-86,362,9,27.57,72.42,100.0
2026-05-07,3444,利機,95.3,95.6,90.3,90.4,558,117,-156,0,0,11.26,88.73,100.0
2026-05-07,3447,展達,38.4,39.85,38.4,39.2,232,46,71,0,1,1.21,98.78,100.0
2026-05-07,3450,聯鈞,346.5,377.5,330.5,377.5,29358,14457,3070,22,382,17.25,82.74,100.0
2026-05-07,3455,由田,293.0,301.5,280.5,283.0,5292,2376,-393,182,0,18.98,81.01,100.0
2026-05-07,3465,進泰電子,28.15,29.6,26.7,27.2,157,20,5,0,0,4.66,95.33,100.0
2026-05-07,3466,德晉,40.3,41.0,39.6,40.85,770,151,166,0,-4,17.45,82.54,100.0
2026-05-07,3467,台灣精材,65.8,70.2,64.9,70.2,1436,652,98,0,8,1.36,98.63,100.0
2026-05-07,3473,智通聯網,96.37,98.0,95.0,97.9,10,0,0,0,0,0.0,0.0,0.0
2026-05-07,3479,安勤,97.0,97.5,96.6,97.0,537,90,112,0,0,5.59,94.4,100.0
2026-05-07,3481,群創,28.8,30.1,28.15,29.75,860297,390170,186758,156,22004,26.01,73.98,100.0
2026-05-07,3483,力致,93.8,93.9,92.5,93.2,715,93,163,0,6,6.93,93.06,100.0
2026-05-07,3484,崧騰,44.95,45.35,44.75,45.35,595,87,-98,0,0,7.94,92.05,100.0
2026-05-07,3485,敘豐,295.0,304.0,275.5,280.0,926,0,64,0,0,0.16,99.83,100.0
2026-05-07,3489,森寶,21.9,22.0,21.85,21.95,62,1,7,0,0,0.75,99.24,100.0
2026-05-07,3490,單井,30.3,32.2,30.05,31.6,7626,4137,484,0,0,6.12,93.87,100.0
2026-05-07,3491,昇達科,1630.0,1685.0,1585.0,1620.0,1386,622,41,-158,45,30.15,69.84,100.0
2026-05-07,3492,長盛,22.45,23.55,22.45,22.9,98,20,20,0,0,0.57,99.42,100.0
2026-05-07,3494,誠研,7.94,8.04,7.89,8.03,98,0,7,0,0,1.74,98.25,100.0
2026-05-07,3498,陽程,100.0,103.5,96.0,97.3,5251,2615,-1442,0,16,14.72,85.27,100.0
2026-05-07,3499,環天科,15.1,15.55,15.1,15.55,74,0,8,0,0,0.61,99.38,100.0
2026-05-07,3501,維熹,47.5,48.2,47.4,47.95,147,13,66,0,2,3.54,96.45,100.0
2026-05-07,3504,揚明光,66.0,66.2,64.5,65.3,588,133,69,0,1,3.55,96.44,100.0
2026-05-07,3508,位速,21.7,22.75,18.9,22.75,1078,0,155,0,1,0.8,99.19,100.0
2026-05-07,3511,矽瑪,22.35,22.95,22.05,22.15,525,143,-6,0,0,2.89,97.1,100.0
2026-05-07,3512,皇龍,20.65,20.8,20.4,20.45,119,4,-33,0,0,0.47,99.52,100.0
2026-05-07,3515,華擎,253.5,254.0,246.0,246.5,2247,677,-35,0,-28,7.49,92.5,100.0
2026-05-07,3516,亞帝歐,20.25,20.25,19.95,20.15,63,1,-17,0,0,0.52,99.47,100.0
2026-05-07,3518,柏騰,40.0,40.0,37.7,37.85,1590,0,-19,0,-130,6.36,93.63,100.0
2026-05-07,3520,華盈,15.55,15.55,15.2,15.5,626,72,-195,0,-1,1.48,98.51,100.0
2026-05-07,3521,鴻翊,14.0,14.05,13.7,13.9,149,11,0,0,0,0.38,99.61,100.0
2026-05-07,3521,台鋼建設,14.0,14.05,13.7,13.9,149,11,0,0,0,0.38,99.61,100.0
2026-05-07,3522,御頂,12.4,12.5,12.3,12.4,127,0,-6,0,0,0.35,99.64,100.0
2026-05-07,3522,御嵿,12.4,12.5,12.3,12.4,127,0,-6,0,0,0.35,99.64,100.0
2026-05-07,3523,迎輝,12.2,12.55,12.2,12.55,4,0,0,0,0,0.09,99.9,100.0
2026-05-07,3526,凡甲,367.5,377.5,355.0,377.5,2659,859,741,-5,11,19.66,80.33,100.0
2026-05-07,3527,聚積,60.5,60.9,59.1,60.0,210,72,-20,0,0,6.79,93.2,100.0
2026-05-07,3528,安馳,85.8,88.5,85.8,88.5,928,216,107,0,-3,5.39,94.6,100.0
2026-05-07,3529,力旺,4335.0,4785.0,4245.0,4705.0,1712,646,-221,233,11,65.91,34.08,100.0
2026-05-07,3530,晶相光,68.4,68.6,67.0,67.5,610,129,-179,0,0,41.4,58.59,100.0
2026-05-07,3531,先益,22.3,22.95,22.3,22.95,15,3,-1,0,0,19.28,80.71,100.0
2026-05-07,3532,台勝科,250.5,273.0,246.0,263.0,16975,10972,-2056,30,-78,48.83,51.16,100.0
2026-05-07,3533,嘉澤,2850.0,2955.0,2800.0,2850.0,2271,863,70,226,-40,45.47,54.52,100.0
2026-05-07,3535,晶彩科,137.0,138.0,131.0,132.0,6626,2612,-406,0,0,2.79,97.2,100.0
2026-05-07,3537,堡達,43.7,46.45,43.5,45.35,540,173,1,0,0,2.13,97.86,100.0
2026-05-07,3540,曜越,27.75,28.2,27.1,27.9,285,38,71,0,0,3.03,96.96,100.0
2026-05-07,3541,西柏,23.3,23.35,23.1,23.15,154,3,-31,0,0,0.96,99.03,100.0
2026-05-07,3543,州巧,39.3,39.7,39.0,39.0,788,169,-46,0,5,7.53,92.46,100.0
2026-05-07,3545,敦泰,53.4,54.8,53.0,53.9,1859,459,523,0,26,13.45,86.54,100.0
2026-05-07,3546,宇峻,67.7,69.2,67.5,68.1,221,56,-18,0,-1,9.97,90.02,100.0
2026-05-07,3548,兆利,103.5,105.5,102.5,103.5,807,210,-13,0,0,8.11,91.88,100.0
2026-05-07,3550,聯穎,22.25,22.6,21.6,22.0,4017,1766,101,0,-1,4.48,95.51,100.0
2026-05-07,3551,世禾,211.5,215.5,209.0,215.0,3821,1911,-38,0,73,11.23,88.76,100.0
2026-05-07,3552,同致,54.3,55.4,53.8,55.1,273,56,78,0,-2,11.6,88.39,100.0
2026-05-07,3555,博士旺,242.5,257.0,238.5,238.5,490,158,-89,0,-27,1.86,98.13,100.0
2026-05-07,3556,禾瑞亞,54.0,54.6,52.3,52.3,961,257,-148,0,0,5.61,94.38,100.0
2026-05-07,3557,嘉威,30.0,30.05,29.85,30.05,124,7,-16,0,4,1.75,98.24,100.0
2026-05-07,3558,神準,111.5,113.5,111.0,112.5,184,33,39,0,2,4.12,95.87,100.0
2026-05-07,3563,牧德,840.0,842.0,805.0,816.0,2123,805,238,-47,12,8.2,91.79,100.0
2026-05-07,3564,其陽,40.4,40.4,39.9,40.05,152,18,15,0,0,3.19,96.8,100.0
2026-05-07,3567,逸昌,30.1,30.25,29.55,29.55,148,16,-6,0,0,2.77,97.22,100.0
2026-05-07,3570,大塚,164.5,164.5,163.0,164.5,22,1,-1,0,0,45.46,54.53,100.0
2026-05-07,3576,聯合再生,15.65,17.2,15.3,17.2,34205,0,6544,0,122,11.28,88.71,100.0
2026-05-07,3577,泓格,89.7,90.1,87.6,87.6,177,31,-43,0,7,2.54,97.45,100.0
2026-05-07,3580,友威科,93.4,93.5,88.0,88.4,2357,1106,46,0,2,8.64,91.35,100.0
2026-05-07,3581,博磊,222.0,236.5,222.0,225.5,473,0,3,0,14,16.93,83.06,100.0
2026-05-07,3583,辛耘,821.0,821.0,784.0,797.0,2562,1249,-392,406,26,19.38,80.61,100.0
2026-05-07,3585,聯致,126.87,140.0,120.5,123.0,4431,0,-122,0,0,0.0,0.0,0.0
2026-05-07,3587,閎康,335.0,346.5,324.5,329.5,2995,1556,35,0,8,10.91,89.08,100.0
2026-05-07,3588,通嘉,61.3,62.4,60.9,61.7,476,135,88,0,2,3.59,96.4,100.0
2026-05-07,3591,艾笛森,25.0,25.0,24.0,24.4,2215,568,-440,0,2,4.97,95.02,100.0
2026-05-07,3592,瑞鼎,238.5,243.0,236.0,242.5,1068,155,294,110,23,16.74,83.25,100.0
2026-05-07,3593,力銘,17.5,19.8,17.5,19.0,38,0,0,0,0,0.24,99.75,100.0
2026-05-07,3594,磐儀,54.1,55.6,53.6,55.4,1124,277,52,0,7,2.27,97.72,100.0
2026-05-07,3595,山太士,2534.41,2560.0,2290.0,2530.0,984,0,-5,0,0,0.0,0.0,0.0
2026-05-07,3596,智易,170.5,171.0,167.0,167.5,1361,404,-366,0,1,31.08,68.91,100.0
2026-05-07,3597,映興,25.75,26.3,25.5,25.65,127,43,1,0,0,0.93,99.06,100.0
2026-05-07,3603,建祥國際,10.42,10.2,9.69,9.69,11,0,0,0,0,0.0,0.0,0.0
2026-05-07,3605,宏致,90.3,91.4,86.4,87.2,11908,5177,-1177,0,-89,11.5,88.49,100.0
2026-05-07,3607,谷崧,14.45,14.65,14.35,14.65,402,81,77,0,4,6.56,93.43,100.0
2026-05-07,3609,三一東林,21.95,23.5,21.95,22.6,246,86,54,0,0,3.1,96.89,100.0
2026-05-07,3611,鼎翰,188.5,190.5,188.0,190.5,71,6,27,0,0,12.24,87.75,100.0
2026-05-07,3615,安可,33.7,34.9,33.5,33.85,1823,939,-86,0,0,4.19,95.8,100.0
2026-05-07,3617,碩天,196.5,198.5,194.5,195.0,247,56,-76,0,-1,9.24,90.75,100.0
2026-05-07,3622,洋華,55.9,57.1,55.4,57.1,618,115,-122,0,1,3.95,96.04,100.0
2026-05-07,3623,富晶通,23.35,23.9,23.05,23.25,65,12,2,0,0,2.76,97.23,100.0
2026-05-07,3624,光頡,55.1,59.4,54.1,59.4,9505,4057,-1231,0,264,47.32,52.67,100.0
2026-05-07,3625,西勝,15.45,15.75,15.25,15.3,825,0,71,0,0,5.6,94.39,100.0
2026-05-07,3628,盈正,68.4,69.3,68.0,68.0,146,25,-3,0,-1,4.97,95.02,100.0
2026-05-07,3629,地心引力,16.65,16.65,16.65,16.65,10,0,0,0,0,0.02,99.97,100.0
2026-05-07,3630,新鉅科,27.65,27.7,27.25,27.6,931,219,-62,0,-2,41.96,58.03,100.0
2026-05-07,3631,晟楠,39.3,39.3,38.6,39.15,177,0,14,0,0,8.12,91.87,100.0
2026-05-07,3632,研勤,8.67,8.67,8.5,8.5,191,0,0,0,0,0.27,99.72,100.0
2026-05-07,3633,云光,136.2,136.0,127.5,130.5,135,0,1,0,0,0.0,0.0,0.0
2026-05-07,3645,達邁,99.2,99.5,95.2,97.0,4521,1867,346,-2,41,14.05,85.94,100.0
2026-05-07,3646,艾恩特,23.15,23.6,23.0,23.15,51,6,-2,0,0,6.81,93.18,100.0
2026-05-07,3652,精聯,29.85,30.35,29.8,29.95,110,19,6,0,-1,0.63,99.36,100.0
2026-05-07,3653,健策,3875.0,3875.0,3875.0,3875.0,1885,0,-653,-404,120,27.28,72.71,100.0
2026-05-07,3659,百辰,24.82,27.75,24.65,27.65,85,0,0,0,0,0.0,0.0,0.0
2026-05-07,3661,世芯-KY,4770.0,4870.0,4635.0,4795.0,3079,1351,-394,255,-14,54.39,45.6,100.0
2026-05-07,3663,鑫科,71.0,76.5,70.5,74.4,4332,1981,842,0,31,3.84,96.15,100.0
2026-05-07,3664,安瑞-KY,7.08,7.1,7.08,7.1,44,0,0,0,0,37.89,62.1,100.0
2026-05-07,3665,貿聯-KY,2770.0,2810.0,2690.0,2780.0,2547,827,727,-259,5,52.65,47.34,100.0
2026-05-07,3666,光耀,25.5,27.0,25.5,26.55,208,25,-20,0,0,0.25,99.74,100.0
2026-05-07,3669,圓展,39.65,40.35,39.5,39.6,220,41,-55,0,12,2.09,97.9,100.0
2026-05-07,3672,康聯訊,11.8,12.2,11.8,12.0,152,0,-6,0,-2,2.41,97.58,100.0
2026-05-07,3673,TPK-KY,59.8,61.9,58.6,60.5,8460,3803,884,0,51,44.69,55.3,100.0
2026-05-07,3675,德微,227.5,242.0,226.0,242.0,1718,308,460,0,46,60.97,39.02,100.0
2026-05-07,3678,聯享,62.55,63.0,58.1,59.1,107,0,0,0,0,0.0,0.0,0.0
2026-05-07,3679,新至陞,119.5,120.0,119.0,119.5,81,10,-5,0,1,8.93,91.06,100.0
2026-05-07,3680,家登,584.0,608.0,570.0,585.0,4332,2133,-433,-187,20,21.95,78.04,100.0
2026-05-07,3684,榮昌,58.8,59.4,58.3,58.6,82,39,3,0,0,1.27,98.72,100.0
2026-05-07,3685,元創精密,30.4,30.4,28.9,29.3,298,0,-48,0,0,0.3,99.69,100.0
2026-05-07,3686,達能,17.6,18.15,17.0,18.1,430,0,132,0,0,1.77,98.22,100.0
2026-05-07,3687,歐買尬,66.1,66.7,66.0,66.2,89,12,25,0,0,4.83,95.16,100.0
2026-05-07,3689,湧德,135.0,135.0,128.0,128.0,15824,3303,-6028,0,-274,0.56,99.43,100.0
2026-05-07,3691,碩禾,139.0,141.5,130.0,131.5,2469,1094,194,0,23,9.81,90.18,100.0
2026-05-07,3693,營邦,681.0,700.0,653.0,670.0,2850,1645,0,0,0,10.37,89.62,100.0
2026-05-07,3694,海華,61.1,62.5,60.5,61.9,1117,364,228,0,5,5.11,94.88,100.0
2026-05-07,3701,大眾控,64.5,64.5,62.6,62.6,3198,889,-259,0,1,4.72,95.27,100.0
2026-05-07,3702,大聯大,104.0,104.0,101.5,103.5,6236,1819,1063,-319,-70,35.75,64.24,100.0
2026-05-07,3703,欣陸,20.5,21.0,20.5,20.9,965,119,184,0,13,20.58,79.41,100.0
2026-05-07,3704,合勤控,35.15,36.4,35.1,35.4,3005,802,1231,0,10,9.73,90.26,100.0
2026-05-07,3705,永信,55.5,55.6,55.1,55.4,204,15,89,0,2,6.67,93.32,100.0
2026-05-07,3706,神達,88.4,88.7,86.8,87.4,27974,9351,-4004,10,46,10.9,89.09,100.0
2026-05-07,3707,漢磊,73.2,80.0,71.4,74.7,44264,27620,-1388,0,17,11.72,88.27,100.0
2026-05-07,3708,上緯投控,122.0,123.0,119.5,120.5,863,195,-391,0,14,5.52,94.47,100.0
2026-05-07,3709,鑫聯大投控,83.7,90.5,82.7,84.5,7824,4062,946,0,136,13.2,86.79,100.0
2026-05-07,3710,連展投控,6.32,6.65,6.32,6.49,553,0,-103,0,0,2.34,97.65,100.0
2026-05-07,3711,日月光投控,548.0,558.0,534.0,540.0,24883,7895,-1212,3729,220,78.66,21.33,100.0
2026-05-07,3712,永崴投控,20.3,21.2,20.0,21.05,2609,140,252,0,24,1.35,98.64,100.0
2026-05-07,3713,新晶投控,14.5,14.55,13.9,14.1,189,0,-27,0,0,0.39,99.6,100.0
2026-05-07,3714,富采,73.7,74.0,70.5,71.4,29673,12413,1507,0,-68,11.61,88.38,100.0
2026-05-07,3715,定穎投控,189.0,192.0,185.0,189.0,19073,9632,-3038,-3,82,11.25,88.74,100.0
2026-05-07,3716,中化控股,34.2,35.3,33.65,34.6,1148,175,128,0,0,8.17,91.82,100.0
2026-05-07,3717,聯嘉投控,23.1,24.2,22.35,24.2,5611,1353,922,0,-604,4.09,95.9,100.0
2026-05-07,4102,永日,17.8,17.8,17.4,17.5,107,12,-4,0,0,1.4,98.59,100.0
2026-05-07,4104,佳醫,70.5,70.7,70.1,70.6,408,8,-52,0,2,3.67,96.32,100.0
2026-05-07,4105,東洋,74.3,74.7,73.9,74.5,1201,177,176,201,0,19.81,80.18,100.0
2026-05-07,4106,雃博,22.25,22.25,22.1,22.2,94,6,5,0,-4,1.91,98.08,100.0
2026-05-07,4107,邦特,116.0,116.0,115.5,116.0,22,2,-9,0,0,7.37,92.62,100.0
2026-05-07,4108,懷特,12.1,12.2,12.0,12.0,118,0,28,0,0,1.13,98.86,100.0
2026-05-07,4109,加捷生醫,11.45,11.65,11.4,11.5,244,33,40,0,0,1.81,98.18,100.0
2026-05-07,4111,濟生,30.7,30.7,29.8,30.2,739,59,-48,0,0,3.35,96.64,100.0
2026-05-07,4113,聯上,16.3,16.45,15.35,15.35,370,82,-66,0,0,2.05,97.94,100.0
2026-05-07,4114,健喬,30.9,31.1,30.9,31.05,849,58,-23,0,3,6.3,93.69,100.0
2026-05-07,4115,善德生技,10.27,10.3,7.8,9.15,293,0,-3,0,0,0.0,0.0,0.0
2026-05-07,4116,明基醫,39.4,39.95,39.3,39.45,54,5,4,0,0,0.81,99.18,100.0
2026-05-07,4119,旭富,47.05,47.4,46.55,47.3,200,15,22,0,8,5.61,94.38,100.0
2026-05-07,4120,友華,46.6,47.0,46.55,46.6,84,4,1,0,0,6.24,93.75,100.0
2026-05-07,4121,優盛,14.35,14.55,14.35,14.55,61,1,8,0,0,2.24,97.75,100.0
2026-05-07,4123,晟德,38.0,38.3,37.6,38.1,2362,578,46,0,39,9.28,90.71,100.0
2026-05-07,4126,太醫,80.0,80.0,79.7,79.9,32,1,2,0,0,9.0,90.99,100.0
2026-05-07,4127,天良,38.9,39.5,38.65,39.35,164,26,-7,0,0,0.53,99.46,100.0
2026-05-07,4128,中天,15.6,15.6,15.0,15.2,2177,600,187,0,-6,6.86,93.13,100.0
2026-05-07,4129,聯合,98.7,98.8,97.8,98.1,223,7,-105,0,0,12.98,87.01,100.0
2026-05-07,4130,健亞,27.05,27.85,26.8,27.35,219,36,-38,0,1,1.74,98.25,100.0
2026-05-07,4131,浩泰,36.45,36.45,35.1,35.3,76,0,-13,0,0,1.19,98.8,100.0
2026-05-07,4133,亞諾法,22.1,22.25,21.9,21.95,141,26,2,0,0,12.55,87.44,100.0
2026-05-07,4137,麗豐-KY,106.0,107.5,106.0,107.5,278,15,122,0,-2,56.26,43.73,100.0
2026-05-07,4138,曜亞,55.1,55.7,55.1,55.3,27,0,-8,0,0,1.28,98.71,100.0
2026-05-07,4139,馬光-KY,23.5,23.8,23.4,23.8,7,0,1,0,0,19.95,80.04,100.0
2026-05-07,4142,國光生,17.95,18.0,17.8,17.95,1028,184,-247,0,3,4.81,95.18,100.0
2026-05-07,4147,中裕,49.2,49.7,48.6,48.9,807,185,-49,0,0,10.17,89.82,100.0
2026-05-07,4148,全宇生技-KY,36.35,36.5,36.1,36.4,47,6,3,0,0,71.12,28.87,100.0
2026-05-07,4150,優你康,5.53,7.47,5.55,6.95,3893,0,82,0,0,0.0,0.0,0.0
2026-05-07,4153,鈺緯,31.0,31.0,29.85,30.2,87,8,-22,0,0,0.34,99.65,100.0
2026-05-07,4154,樂威科-KY,12.5,12.5,11.05,11.25,50,0,0,0,0,27.08,72.91,100.0
2026-05-07,4155,訊映,13.2,13.25,13.15,13.2,123,3,5,0,2,1.02,98.97,100.0
2026-05-07,4157,太景*-KY,9.73,9.85,9.68,9.72,1046,119,249,0,0,1.55,98.44,100.0
2026-05-07,4160,訊聯基因,43.6,43.6,42.0,43.55,175,34,29,0,0,0.85,99.14,100.0
2026-05-07,4161,聿新科,23.4,23.4,22.9,23.4,145,85,5,0,0,0.7,99.29,100.0
2026-05-07,4162,智擎,56.9,58.1,56.9,57.8,443,67,210,0,9,11.58,88.41,100.0
2026-05-07,4163,鐿鈦,95.2,95.2,94.4,94.7,38,2,-4,0,0,2.71,97.28,100.0
2026-05-07,4164,承業醫,30.0,30.1,29.1,29.4,1444,378,-127,0,-22,21.32,78.67,100.0
2026-05-07,4166,友霖,25.95,26.6,25.95,26.3,125,8,40,0,0,10.68,89.31,100.0
2026-05-07,4167,松瑞藥,18.7,18.85,18.55,18.75,799,92,-39,0,-1,10.42,89.57,100.0
2026-05-07,4168,醣聯,22.9,23.2,22.55,22.85,192,0,14,0,0,4.92,95.07,100.0
2026-05-07,4169,泰宗,156.5,156.5,152.5,153.0,248,0,-20,0,0,6.42,93.57,100.0
2026-05-07,4170,鑫品生醫,13.69,14.0,13.3,13.6,87,0,0,0,0,0.0,0.0,0.0
2026-05-07,4171,瑞基,18.95,18.95,18.45,18.6,132,8,-13,0,0,14.38,85.61,100.0
2026-05-07,4172,因華,14.36,14.7,13.85,14.45,350,0,-7,0,0,0.0,0.0,0.0
2026-05-07,4173,久裕,18.5,18.7,18.4,18.55,302,39,-19,0,0,1.37,98.62,100.0
2026-05-07,4174,浩鼎,35.35,35.45,34.8,34.8,478,78,-107,0,0,6.42,93.57,100.0
2026-05-07,4175,杏一,53.9,54.5,53.9,54.0,20,3,-2,0,0,0.19,99.8,100.0
2026-05-07,4178,永笙-KY,19.1,19.1,18.8,19.0,867,0,-107,0,0,5.31,94.68,100.0
2026-05-07,4183,福永生技,13.6,13.7,13.45,13.45,26,0,0,0,0,0.0,99.99,100.0
2026-05-07,4186,尖端醫,10.35,10.55,10.1,10.55,203,0,4,0,0,0.0,0.0,0.0
2026-05-07,4188,安克,11.65,11.9,11.65,11.8,30,0,0,0,0,0.09,99.9,100.0
2026-05-07,4190,佐登-KY,25.05,25.05,24.7,24.7,40,4,3,0,0,61.54,38.45,100.0
2026-05-07,4192,杏國,20.4,20.9,20.1,20.8,26,0,0,0,0,0.31,99.68,100.0
2026-05-07,4194,禾生技,7.66,7.74,7.2,7.53,124,0,0,0,0,0.0,0.0,0.0
2026-05-07,4195,基米-創,28.52,30.05,28.1,29.05,566,0,16,0,0,0.0,0.0,0.0
2026-05-07,4197,暐世,11.47,11.65,10.7,11.0,113,0,0,0,0,0.0,0.0,0.0
2026-05-07,4198,欣大健康,38.4,39.9,38.1,39.9,19,0,-1,0,0,1.16,98.83,100.0
2026-05-07,4205,中華食,74.0,74.0,73.5,73.9,63,1,-12,0,0,0.59,99.4,100.0
2026-05-07,4207,環泰,17.45,17.65,17.45,17.6,174,3,78,0,0,1.41,98.58,100.0
2026-05-07,4303,信立,52.7,53.1,52.2,52.8,660,95,64,0,0,2.03,97.96,100.0
2026-05-07,4304,勝昱,30.3,30.5,29.5,30.2,36,0,2,0,0,0.03,99.96,100.0
2026-05-07,4305,世坤,43.95,43.95,43.95,43.95,1,0,0,0,0,0.06,99.93,100.0
2026-05-07,4306,炎洲,13.15,13.25,13.05,13.15,1638,194,231,0,8,4.61,95.38,100.0
2026-05-07,4401,東隆興,14.55,14.55,14.0,14.1,141,7,-32,0,0,1.43,98.56,100.0
2026-05-07,4402,郡都開發,13.55,13.65,13.35,13.5,93,0,-3,0,0,2.28,97.71,100.0
2026-05-07,4406,新昕纖,10.05,10.05,9.97,10.0,37,0,6,0,0,0.22,99.77,100.0
2026-05-07,4413,飛寶企業,18.9,19.1,18.7,18.7,8,1,0,0,0,5.73,94.26,100.0
2026-05-07,4414,如興,10.0,10.1,9.94,9.97,537,52,103,0,3,26.79,73.2,100.0
2026-05-07,4416,三圓,12.6,12.6,12.3,12.5,225,34,-64,0,0,1.33,98.66,100.0
2026-05-07,4417,金洲,46.3,46.75,46.3,46.5,113,9,46,0,0,4.13,95.86,100.0
2026-05-07,4419,元勝,46.0,46.0,46.0,46.0,1,0,0,0,0,0.0,99.99,100.0
2026-05-07,4419,皇家美食,46.0,46.0,46.0,46.0,1,0,0,0,0,0.0,99.99,100.0
2026-05-07,4420,光明,41.5,41.5,40.9,41.5,68,4,13,0,0,1.12,98.87,100.0
2026-05-07,4426,利勤,8.12,8.13,7.88,8.0,414,58,-54,0,12,2.27,97.72,100.0
2026-05-07,4430,耀億,17.1,17.3,17.05,17.05,11,2,0,0,0,2.27,97.72,100.0
2026-05-07,4431,敏成健康,16.8,17.35,16.9,17.3,33,0,0,0,0,0.0,0.0,0.0
2026-05-07,4432,銘旺實,14.3,14.3,14.0,14.15,51,7,-2,0,0,0.96,99.03,100.0
2026-05-07,4433,興采,19.75,20.0,19.7,19.95,27,0,3,0,0,0.13,99.86,100.0
2026-05-07,4438,廣越,58.1,61.1,58.1,61.0,428,40,203,0,-11,2.21,97.78,100.0
2026-05-07,4439,冠星-KY,99.2,99.2,98.0,98.9,9,4,1,0,0,61.52,38.47,100.0
2026-05-07,4440,宜新實業,17.7,17.8,17.5,17.7,54,1,12,0,2,0.73,99.26,100.0
2026-05-07,4441,振大環球,198.0,201.0,194.5,197.5,89,23,0,0,0,1.47,98.52,100.0
2026-05-07,4442,竣邦-KY,55.6,55.8,55.6,55.8,9,0,1,0,0,63.28,36.71,100.0
2026-05-07,4502,健信,15.9,16.3,15.8,16.2,98,0,1,0,0,3.88,96.11,100.0
2026-05-07,4503,金雨,44.25,44.25,42.8,42.95,162,38,-58,0,0,3.37,96.62,100.0
2026-05-07,4506,崇友,118.0,120.0,117.5,119.0,91,12,42,0,0,3.13,96.86,100.0
2026-05-07,4510,高鋒,47.55,47.95,46.95,46.95,1644,515,-408,0,-13,4.25,95.74,100.0
2026-05-07,4513,福裕,15.0,15.1,14.8,14.9,332,45,88,0,0,4.54,95.45,100.0
2026-05-07,4523,永彰,30.9,31.55,30.65,31.0,204,35,63,0,0,2.68,97.31,100.0
2026-05-07,4526,東台,37.0,37.15,36.05,36.2,6270,2122,245,0,-115,4.8,95.19,100.0
2026-05-07,4527,方土霖,42.75,43.0,42.75,42.85,27,3,2,0,0,2.02,97.97,100.0
2026-05-07,4528,江興鍛,15.7,15.7,15.6,15.65,27,2,1,0,0,0.13,99.86,100.0
2026-05-07,4529,淳紳,4.9,4.9,4.42,4.59,179,0,0,0,0,38.04,61.95,100.0
2026-05-07,4530,宏易,25.35,25.4,25.35,25.4,6,0,0,0,-1,2.99,97.0,100.0
2026-05-07,4532,瑞智,22.85,23.0,22.7,22.95,996,179,7,-58,10,16.61,83.38,100.0
2026-05-07,4533,協易機,31.75,32.25,31.4,31.5,1583,493,55,0,3,4.04,95.95,100.0
2026-05-07,4534,慶騰,24.0,24.5,23.6,24.05,745,0,145,0,0,0.82,99.17,100.0
2026-05-07,4535,至興,27.4,27.4,27.2,27.2,24,2,-4,0,0,0.09,99.9,100.0
2026-05-07,4536,拓凱,150.5,151.5,149.0,151.0,430,59,-15,-74,-6,12.33,87.66,100.0
2026-05-07,4537,旭東,173.37,186.5,174.0,177.5,374,0,-55,0,0,0.0,0.0,0.0
2026-05-07,4538,大詠城,18.7,18.9,18.45,18.45,24,9,1,0,0,0.12,99.87,100.0
2026-05-07,4540,全球傳動,72.9,75.7,71.0,75.7,22444,11283,721,0,225,11.36,88.63,100.0
2026-05-07,4541,晟田,49.0,50.9,48.5,50.2,1497,283,457,0,33,7.73,92.26,100.0
2026-05-07,4542,科嶠,221.5,229.5,212.5,213.0,520,0,-23,0,20,8.06,91.93,100.0
2026-05-07,4543,萬在,40.6,40.9,40.15,40.55,445,110,-67,0,0,9.25,90.74,100.0
2026-05-07,4544,春日,16.05,15.9,15.2,15.2,18,0,-1,0,0,0.0,0.0,0.0
2026-05-07,4545,銘鈺,29.95,31.0,29.9,30.65,177,38,32,0,1,29.17,70.82,100.0
2026-05-07,4546,長亨,122.68,125.0,120.5,121.5,33,0,0,0,0,0.0,0.0,0.0
2026-05-07,4549,桓達,109.0,114.0,109.0,109.5,433,156,-29,0,1,4.17,95.82,100.0
2026-05-07,4550,長佳,24.5,24.55,24.45,24.55,22,0,-1,0,0,1.58,98.41,100.0
2026-05-07,4551,智伸科,135.0,136.5,133.5,135.0,562,203,113,0,9,51.55,48.44,100.0
2026-05-07,4552,力達-KY,20.0,20.3,20.0,20.15,112,19,21,0,-4,42.96,57.03,100.0
2026-05-07,4553,盛復,21.06,22.1,20.9,21.5,48,0,3,0,0,0.0,0.0,0.0
2026-05-07,4554,橙的,30.1,30.15,29.95,30.0,43,4,-1,0,0,24.47,75.52,100.0
2026-05-07,4555,氣立,43.85,44.2,41.65,42.0,394,90,-35,0,0,1.58,98.41,100.0
2026-05-07,4556,旭然,43.45,47.55,42.55,43.35,2489,1181,-2,0,0,10.93,89.06,100.0
2026-05-07,4557,永新-KY,52.4,54.8,51.9,53.9,159,34,-7,0,2,31.13,68.86,100.0
2026-05-07,4558,寶緯,19.5,19.5,18.9,19.0,52,9,-8,0,0,0.33,99.66,100.0
2026-05-07,4559,久裕興,9.23,9.42,8.95,9.3,15,0,0,0,0,0.0,0.0,0.0
2026-05-07,4560,強信-KY,35.0,35.75,34.85,35.65,300,165,123,0,5,85.06,14.93,100.0
2026-05-07,4561,健椿,45.2,47.5,44.3,47.25,2914,1615,73,0,0,2.87,97.12,100.0
2026-05-07,4562,穎漢,37.8,38.6,37.35,38.25,852,276,-184,0,-5,1.39,98.6,100.0
2026-05-07,4563,百德,50.0,51.5,48.6,48.6,391,64,-41,0,-2,2.51,97.48,100.0
2026-05-07,4564,元翎,19.05,19.35,18.8,18.95,1002,186,352,0,-4,2.81,97.18,100.0
2026-05-07,4565,宏偉,106.39,108.5,107.0,108.0,17,0,1,0,0,0.0,0.0,0.0
2026-05-07,4566,時碩工業,68.3,70.3,67.8,69.0,1204,432,37,0,2,1.86,98.13,100.0
2026-05-07,4568,科際精密,41.25,41.35,40.4,40.95,13,4,-1,0,0,20.1,79.89,100.0
2026-05-07,4569,六方科-KY,173.5,177.0,171.5,175.5,70,15,18,0,0,67.4,32.59,100.0
2026-05-07,4570,傑生,70.5,70.5,70.5,70.5,1,0,0,0,0,0.0,0.0,0.0
2026-05-07,4571,鈞興-KY,192.0,201.0,189.0,197.5,1062,275,150,0,67,60.77,39.22,100.0
2026-05-07,4572,駐龍,150.0,150.0,147.0,148.0,83,14,26,0,3,2.07,97.92,100.0
2026-05-07,4573,高明鐵,479.42,476.0,444.0,450.0,792,0,0,0,0,0.0,0.0,0.0
2026-05-07,4575,銓寶,27.24,27.9,27.15,27.45,83,0,-3,0,0,0.0,0.0,0.0
2026-05-07,4576,大銀微系統,236.0,249.5,228.0,242.0,7376,4376,-95,0,-46,3.59,96.4,100.0
2026-05-07,4577,達航科技,160.5,167.0,155.0,156.5,1067,421,-87,0,0,2.12,97.87,100.0
2026-05-07,4580,捷流閥業,81.6,81.9,81.5,81.9,80,7,1,0,0,3.64,96.35,100.0
2026-05-07,4581,光隆精密-KY,50.6,50.9,50.3,50.8,21,2,5,0,0,23.97,76.02,100.0
2026-05-07,4582,聚恆-創,34.54,34.15,32.7,32.9,274,0,0,0,0,0.0,0.0,0.0
2026-05-07,4583,台灣精銳,750.0,757.0,743.0,755.0,108,29,21,2,2,1.49,98.5,100.0
2026-05-07,4584,君帆,40.35,40.9,40.25,40.9,25,0,1,0,0,0.0,99.99,100.0
2026-05-07,4585,達明,343.5,346.0,335.0,337.5,750,217,-71,0,3,0.54,99.45,100.0
2026-05-07,4587,寶元數控,68.57,68.3,61.0,62.1,318,0,-13,0,0,0.0,0.0,0.0
2026-05-07,4588,玖鼎電力,60.0,60.5,60.0,60.3,57,5,16,0,6,3.47,96.52,100.0
2026-05-07,4589,碩陽電機,38.32,38.45,37.0,38.4,5,0,0,0,0,0.0,0.0,0.0
2026-05-07,4590,富田-創,78.6,81.5,78.2,79.0,330,0,115,0,0,1.88,98.11,100.0
2026-05-07,4609,唐鋒,4.81,5.03,4.73,4.76,16,0,0,0,0,0.0,99.99,100.0
2026-05-07,4702,中美實,9.74,9.78,9.68,9.69,39,6,-8,0,0,43.56,56.43,100.0
2026-05-07,4706,大恭,30.85,32.0,30.85,31.8,21,5,0,0,0,29.42,70.57,100.0
2026-05-07,4707,磐亞,15.15,16.2,15.15,16.1,5238,1443,-186,0,3,1.64,98.35,100.0
2026-05-07,4711,永純,15.55,15.65,15.5,15.55,117,11,12,0,0,0.87,99.12,100.0
2026-05-07,4714,永捷,15.0,15.05,14.75,15.0,473,47,47,0,0,10.43,89.56,100.0
2026-05-07,4716,大立,15.1,15.85,15.1,15.35,2205,1022,263,0,0,3.72,96.27,100.0
2026-05-07,4720,德淵,25.85,27.9,25.55,27.9,7363,2850,694,-1,17,7.18,92.81,100.0
2026-05-07,4721,美琪瑪,92.4,94.8,91.9,93.2,3865,1727,-474,0,50,8.51,91.48,100.0
2026-05-07,4722,國精化,208.5,220.0,199.0,215.0,7127,3688,486,0,66,5.24,94.75,100.0
2026-05-07,4724,宣捷幹細胞,12.78,13.0,12.15,12.95,162,0,0,0,0,0.0,0.0,0.0
2026-05-07,4726,永昕,29.3,29.3,28.4,28.7,336,0,24,0,0,20.8,79.19,100.0
2026-05-07,4728,雙美,383.0,384.0,383.0,383.5,8,0,0,0,0,19.5,80.49,100.0
2026-05-07,4729,熒茂,19.7,19.85,19.6,19.7,157,11,46,0,0,1.95,98.04,100.0
2026-05-07,4732,彥臣,18.86,19.1,18.75,19.0,30,0,0,0,0,0.0,0.0,0.0
2026-05-07,4735,豪展,30.0,30.4,30.0,30.3,30,1,6,0,0,0.18,99.81,100.0
2026-05-07,4736,泰博,129.0,129.0,127.0,127.5,244,18,-113,0,6,5.52,94.47,100.0
2026-05-07,4737,華廣,56.4,59.0,56.3,58.5,115,17,40,0,1,29.0,70.99,100.0
2026-05-07,4738,大同精化,9.52,9.6,8.6,9.0,1457,0,6,0,0,0.0,0.0,0.0
2026-05-07,4739,康普,91.5,93.8,90.3,93.1,3450,1163,29,10,128,6.3,93.69,100.0
2026-05-07,4741,泓瀚,63.5,67.8,61.5,62.4,3942,2362,-237,0,-1,1.57,98.42,100.0
2026-05-07,4743,合一,54.5,54.5,52.6,52.9,2047,539,-438,0,11,13.64,86.35,100.0
2026-05-07,4744,皇將,32.0,32.75,31.8,32.5,163,32,6,0,0,4.71,95.28,100.0
2026-05-07,4745,合富-KY,20.1,20.2,19.9,20.2,449,8,-116,0,0,9.55,90.44,100.0
2026-05-07,4746,台耀,56.0,56.0,54.1,54.8,1438,323,-212,223,-1,10.57,89.42,100.0
2026-05-07,4747,強生,55.0,55.1,54.2,54.5,60,16,2,0,0,1.31,98.68,100.0
2026-05-07,4749,新應材,1020.0,1035.0,984.0,987.0,3245,1104,-706,-69,-72,21.08,78.91,100.0
2026-05-07,4754,國碳科,37.0,37.1,37.0,37.1,27,0,-1,0,0,0.22,99.77,100.0
2026-05-07,4755,三福化,147.5,147.5,142.0,142.5,972,194,-114,0,-2,23.86,76.13,100.0
2026-05-07,4760,勤凱,245.5,267.0,236.5,267.0,1964,607,13,0,78,19.23,80.76,100.0
2026-05-07,4763,材料*-KY,42.25,42.3,41.5,41.95,9716,2148,-3186,20,-479,46.37,53.62,100.0
2026-05-07,4764,雙鍵,323.0,350.5,323.0,330.0,888,0,46,0,-1,30.95,69.04,100.0
2026-05-07,4765,磐采,21.69,21.5,20.4,20.7,29,0,-1,0,0,0.0,0.0,0.0
2026-05-07,4766,南寶,373.0,378.0,359.0,371.0,1783,658,-147,-19,13,14.88,85.11,100.0
2026-05-07,4767,誠泰科技,26.3,26.8,26.15,26.5,16,2,4,0,0,0.05,99.94,100.0
2026-05-07,4768,晶呈科技,525.0,525.0,510.0,518.0,286,0,0,0,-3,16.31,83.68,100.0
2026-05-07,4770,上品,230.5,232.0,227.5,228.5,277,77,-24,0,-2,6.95,93.04,100.0
2026-05-07,4771,望隼,194.0,194.0,187.0,191.5,344,129,-67,0,6,5.76,94.23,100.0
2026-05-07,4772,台特化,311.0,313.0,306.0,308.0,1502,403,163,0,18,11.45,88.54,100.0
2026-05-07,4806,桂田文創,10.1,10.25,10.1,10.25,24,0,0,0,0,1.88,98.11,100.0
2026-05-07,4807,日成-KY,21.5,21.5,20.6,21.1,189,31,-20,0,-2,66.55,33.44,100.0
2026-05-07,4903,聯光通,45.05,45.55,43.9,45.4,2405,1066,217,0,0,2.43,97.56,100.0
2026-05-07,4904,遠傳,96.0,96.3,95.3,95.4,5049,784,-692,-470,5,22.28,26.53,49.0
2026-05-07,4905,台聯電,81.0,81.2,79.2,79.9,31,6,-7,0,0,9.64,90.35,100.0
2026-05-07,4906,正文,37.95,38.7,37.9,38.7,20084,4284,5809,-5,109,10.46,89.53,100.0
2026-05-07,4907,富宇,37.5,38.0,36.8,37.45,37,5,-11,0,0,0.17,99.82,100.0
2026-05-07,4908,前鼎,237.5,248.5,237.5,238.5,987,0,44,0,-184,11.04,88.95,100.0
2026-05-07,4909,新復興,56.3,58.5,56.3,56.9,1650,733,132,0,21,8.9,91.09,100.0
2026-05-07,4911,德英,34.5,35.55,34.5,35.0,62,5,-2,0,0,0.33,99.66,100.0
2026-05-07,4912,聯德控股-KY,91.4,91.4,91.4,91.4,1119,371,-25,0,0,24.15,75.84,100.0
2026-05-07,4915,致伸,75.3,75.3,73.6,73.6,3879,341,-2294,-49,-5,37.72,62.27,100.0
2026-05-07,4916,事欣科,63.9,64.3,62.2,63.1,3414,1223,253,10,-357,11.24,88.75,100.0
2026-05-07,4919,新唐,162.0,177.0,151.5,177.0,49800,27422,-5625,5,48,9.55,90.44,100.0
2026-05-07,4923,力士,38.25,38.25,36.6,37.0,236,46,-13,0,0,0.46,99.53,100.0
2026-05-07,4924,欣厚-KY,10.45,10.45,10.45,10.45,54,0,-1,0,0,38.19,61.8,100.0
2026-05-07,4925,智微,209.86,211.0,183.0,195.5,1550,0,-2,0,0,0.0,0.0,0.0
2026-05-07,4927,泰鼎-KY,57.6,58.8,55.7,58.1,16570,9125,-1257,0,1,10.23,89.76,100.0
2026-05-07,4930,燦星網,18.0,18.0,17.85,17.9,85,9,-3,0,14,2.02,97.97,100.0
2026-05-07,4931,新盛力,166.5,171.0,164.0,164.0,13087,7471,-902,0,28,3.43,96.56,100.0
2026-05-07,4933,友輝,73.6,74.0,72.0,72.2,930,233,-71,0,1,6.93,93.06,100.0
2026-05-07,4934,太極,18.35,19.2,17.8,18.95,3929,0,964,0,-16,2.32,97.67,100.0
2026-05-07,4935,茂林-KY,37.5,38.15,37.5,37.9,113,10,15,0,5,26.85,73.14,100.0
2026-05-07,4938,和碩,83.8,84.7,83.3,84.3,10411,2026,286,-196,178,31.9,68.09,100.0
2026-05-07,4939,亞電,42.2,46.5,42.2,43.7,5790,2539,-57,0,91,8.67,91.32,100.0
2026-05-07,4942,嘉彰,37.8,38.0,37.8,37.9,84,6,23,0,-4,6.77,93.22,100.0
2026-05-07,4943,康控-KY,9.79,9.79,9.12,9.45,38,0,0,0,0,15.6,84.39,100.0
2026-05-07,4946,辣椒,111.0,112.5,102.0,107.0,142,0,17,0,0,4.28,95.71,100.0
2026-05-07,4949,有成精密,99.6,101.0,93.3,98.1,3931,1831,-247,0,0,3.23,96.76,100.0
2026-05-07,4950,金耘國際,18.9,19.0,16.65,17.95,238,0,17,0,0,0.08,99.91,100.0
2026-05-07,4951,精拓科,130.5,138.0,128.0,132.0,1626,0,25,0,36,5.03,94.96,100.0
2026-05-07,4952,凌通,48.0,49.75,47.3,48.9,1183,303,226,0,0,5.62,94.37,100.0
2026-05-07,4953,緯軟,123.5,124.0,121.5,122.5,412,96,-62,0,-4,11.38,88.61,100.0
2026-05-07,4956,光鋐,46.85,52.8,46.65,52.8,10475,4737,372,-1,19,13.94,86.05,100.0
2026-05-07,4958,臻鼎-KY,415.0,429.5,403.0,427.0,47730,26114,3680,495,361,59.64,40.35,100.0
2026-05-07,4960,誠美材,41.05,43.7,41.05,43.7,4370,0,-23,0,122,22.38,77.61,100.0
2026-05-07,4961,天鈺,158.0,162.0,157.5,161.0,1422,228,550,-1,3,18.51,81.48,100.0
2026-05-07,4966,譜瑞-KY,579.0,613.0,577.0,609.0,2722,941,-162,88,222,26.67,73.32,100.0
2026-05-07,4967,十銓,305.0,323.0,295.0,297.0,30686,17840,1007,0,-57,13.87,86.12,100.0
2026-05-07,4968,立積,118.5,121.0,116.0,119.5,1497,433,127,0,20,4.14,95.85,100.0
2026-05-07,4971,IET-KY,799.0,799.0,745.0,750.0,402,0,-67,0,36,30.85,69.14,100.0
2026-05-07,4972,湯石照明,16.4,16.5,16.35,16.45,62,12,15,0,0,2.21,97.78,100.0
2026-05-07,4973,廣穎,94.0,100.5,90.5,95.5,9671,6022,-248,0,-13,5.18,94.81,100.0
2026-05-07,4974,亞泰,75.0,75.0,73.6,73.8,206,37,27,0,0,3.88,96.11,100.0
2026-05-07,4976,佳凌,28.8,29.8,28.7,29.8,719,82,288,0,4,3.31,96.68,100.0
2026-05-07,4977,眾達-KY,220.0,230.0,218.0,228.0,7009,3694,834,-1,417,19.54,80.45,100.0
2026-05-07,4979,華星光,700.0,742.0,661.0,700.0,15880,9494,-1258,220,-25,14.59,85.4,100.0
2026-05-07,4980,佐臻,38.5,42.15,38.15,41.15,826,0,15,0,0,0.0,0.0,0.0
2026-05-07,4987,科誠,81.6,81.7,81.5,81.5,36,0,0,0,0,3.17,96.82,100.0
2026-05-07,4989,榮科,106.5,108.0,102.5,103.0,10670,4186,-2087,0,-3,7.98,92.01,100.0
2026-05-07,4991,環宇-KY,712.0,723.0,659.0,690.0,7055,4064,-545,-160,-25,14.54,85.45,100.0
2026-05-07,4994,傳奇,98.2,99.0,97.2,98.5,18,9,-3,0,-1,2.79,97.2,100.0
2026-05-07,4995,晶達,45.0,46.35,45.0,45.5,112,18,-11,0,0,0.49,99.5,100.0
2026-05-07,4999,鑫禾,21.1,21.35,21.1,21.1,97,11,26,0,-1,1.7,98.29,100.0
2026-05-07,5007,三星,57.9,58.1,57.6,58.0,36,10,19,0,-1,2.96,97.03,100.0
2026-05-07,5009,榮剛,35.35,36.9,34.95,36.1,10621,2710,1542,393,623,10.46,89.53,100.0
2026-05-07,5011,久陽,15.2,15.35,14.8,14.95,428,85,-117,0,0,1.6,98.39,100.0
2026-05-07,5013,強新,27.8,28.5,27.8,28.1,24,6,-1,0,0,12.22,87.77,100.0
2026-05-07,5014,建錩,9.42,9.46,9.32,9.44,374,37,62,0,0,1.34,98.65,100.0
2026-05-07,5015,華祺,23.4,23.4,23.0,23.0,101,4,9,0,0,6.69,93.3,100.0
2026-05-07,5016,松和,25.95,25.95,25.45,25.55,47,2,5,0,0,0.34,99.65,100.0
2026-05-07,5201,凱衛,31.1,31.1,30.5,30.65,53,3,-3,0,0,7.21,92.78,100.0
2026-05-07,5202,力新,13.05,13.1,12.95,13.1,177,48,-5,0,0,1.21,98.78,100.0
2026-05-07,5203,訊連,66.3,66.3,64.9,65.2,280,21,-80,0,7,11.96,88.03,100.0
2026-05-07,5205,中茂,20.95,22.45,19.85,22.3,12,0,0,0,0,0.04,99.95,100.0
2026-05-07,5206,坤悅,24.8,25.45,24.4,24.55,713,267,119,0,0,6.38,93.61,100.0
2026-05-07,5209,新鼎,165.5,166.5,165.0,165.5,50,2,12,0,0,1.93,98.06,100.0
2026-05-07,5210,寶碩,28.75,28.75,27.5,27.6,612,0,-12,0,-1,0.5,99.49,100.0
2026-05-07,5211,蒙恬,20.25,20.25,20.05,20.25,120,1,-1,0,0,8.42,91.57,100.0
2026-05-07,5212,凌網,46.6,47.15,46.5,47.15,10,0,0,0,-1,21.86,78.13,100.0
2026-05-07,5213,亞昕,26.0,26.15,25.8,26.1,1335,128,496,0,23,1.02,98.97,100.0
2026-05-07,5215,科嘉-KY,37.95,39.95,37.95,39.15,128,32,2,0,-1,25.57,74.42,100.0
2026-05-07,5220,萬達光電,20.5,20.5,20.1,20.25,35,7,6,0,0,0.29,99.7,100.0
2026-05-07,5222,全訊,136.0,137.0,133.0,136.5,741,214,163,-1,-4,5.2,4.79,10.0
2026-05-07,5223,安力-KY,24.95,25.0,24.45,24.7,56,6,-8,0,0,41.99,58.0,100.0
2026-05-07,5225,東科-KY,76.5,76.9,76.4,76.9,238,17,119,0,2,40.48,59.51,100.0
2026-05-07,5227,立凱-KY,20.7,21.2,20.4,20.8,128,0,32,0,0,12.47,87.52,100.0
2026-05-07,5228,鈺鎧,32.8,36.35,32.8,36.35,895,253,169,0,2,2.73,97.26,100.0
2026-05-07,5230,雷笛克光學,17.05,17.1,16.85,17.0,139,13,5,0,0,1.86,98.13,100.0
2026-05-07,5234,達興材料,420.0,420.5,394.0,398.5,1259,310,-341,0,-10,10.68,89.31,100.0
2026-05-07,5236,凌陽創新,161.5,165.0,160.0,160.0,698,105,139,0,-2,4.5,95.49,100.0
2026-05-07,5240,建騰,28.62,29.4,27.9,29.0,28,0,0,0,0,0.0,0.0,0.0
2026-05-07,5243,乙盛-KY,105.0,108.5,103.5,107.0,4331,1436,1206,0,7,57.71,42.28,100.0
2026-05-07,5244,弘凱,41.4,41.4,40.35,40.35,430,99,-33,0,3,2.06,97.93,100.0
2026-05-07,5245,智晶,24.5,26.4,24.5,26.4,284,46,40,0,0,3.89,96.1,100.0
2026-05-07,5246,勵威,210.73,210.0,192.0,195.0,1192,0,-3,0,0,0.0,0.0,0.0
2026-05-07,5248,景傳,57.65,58.0,52.8,54.4,666,0,-9,0,0,0.0,0.0,0.0
2026-05-07,5251,天鉞電,28.6,29.3,28.6,29.1,148,26,-1,0,0,28.68,71.31,100.0
2026-05-07,5254,欣訊科技,33.74,34.15,32.05,33.8,34,0,0,0,0,0.0,0.0,0.0
2026-05-07,5258,虹堡,48.9,48.9,47.95,48.5,428,95,46,0,-1,6.58,93.41,100.0
2026-05-07,5262,立達,50.2,61.2,51.8,60.4,2662,0,28,0,0,0.0,0.0,0.0
2026-05-07,5263,智崴,106.5,106.5,101.0,104.0,335,88,-46,0,-24,14.56,85.43,100.0
2026-05-07,5267,龍翩,67.45,67.2,59.7,60.5,400,0,2,0,0,0.0,0.0,0.0
2026-05-07,5269,祥碩,1375.0,1395.0,1345.0,1370.0,1425,501,-71,3,55,9.07,90.92,100.0
2026-05-07,5271,紘通,22.46,23.05,21.75,21.85,1910,0,47,0,0,0.0,0.0,0.0
2026-05-07,5272,笙科,24.55,25.0,24.2,24.45,490,198,50,0,0,3.4,96.59,100.0
2026-05-07,5274,信驊,18550.0,18750.0,17800.0,17890.0,595,153,-165,15,-2,52.15,47.84,100.0
2026-05-07,5276,達輝-KY,21.85,22.2,20.85,21.15,75,0,-3,0,-1,76.98,23.01,100.0
2026-05-07,5278,尚凡,23.4,23.4,22.95,23.15,1005,304,-58,0,0,1.82,98.17,100.0
2026-05-07,5278,尚凡*,23.4,23.4,22.95,23.15,1005,304,-58,0,0,1.82,98.17,100.0
2026-05-07,5283,禾聯碩,53.1,53.1,52.4,53.0,126,8,18,0,0,1.3,98.69,100.0
2026-05-07,5284,jpp-KY,362.0,384.0,356.0,377.0,2764,995,110,0,221,55.26,44.73,100.0
2026-05-07,5285,界霖,56.1,58.2,56.0,57.6,576,78,135,0,2,4.01,95.98,100.0
2026-05-07,5287,數字,150.5,151.5,150.5,151.0,62,3,-9,0,0,16.56,83.43,100.0
2026-05-07,5288,豐祥-KY,157.0,157.0,152.5,153.5,250,69,-76,0,0,59.68,40.31,100.0
2026-05-07,5289,宜鼎,1590.0,1620.0,1530.0,1575.0,8843,4412,-52,502,-25,26.8,73.19,100.0
2026-05-07,5291,邑昇,65.1,66.6,63.7,64.0,664,265,-44,0,0,0.87,99.12,100.0
2026-05-07,5292,華懋,235.5,235.5,228.5,230.5,513,143,85,0,1,6.96,93.03,100.0
2026-05-07,5297,廣化,167.57,179.0,163.5,168.5,937,0,-28,0,0,0.0,0.0,0.0
2026-05-07,5299,杰力,93.7,94.6,91.8,92.6,285,86,40,0,0,3.05,96.94,100.0
2026-05-07,5301,寶得利,7.86,7.86,7.34,7.34,34,0,0,0,0,2.1,97.89,100.0
2026-05-07,5302,太欣,11.6,12.3,11.6,12.0,1693,0,407,0,0,1.03,98.96,100.0
2026-05-07,5306,桂盟,79.8,80.4,79.1,80.3,287,17,48,0,1,12.29,87.7,100.0
2026-05-07,5309,系統電,64.0,65.0,62.6,63.8,5727,2380,177,0,144,3.57,96.42,100.0
2026-05-07,5310,天剛,24.4,24.75,24.4,24.75,48,0,0,0,0,0.06,99.93,100.0
2026-05-07,5312,寶島科,97.0,97.0,96.0,96.2,112,6,-41,0,0,7.88,92.11,100.0
2026-05-07,5314,世紀*,72.8,75.3,72.3,74.4,3574,845,778,4,16,12.74,87.25,100.0
2026-05-07,5315,光聯,22.2,22.45,22.1,22.3,403,51,-18,0,0,10.45,89.54,100.0
2026-05-07,5321,美而快,21.5,21.75,20.95,21.75,204,46,17,0,0,0.95,99.04,100.0
2026-05-07,5324,士開,10.6,10.6,10.45,10.5,295,0,-44,0,0,5.24,94.75,100.0
2026-05-07,5328,華容,26.4,28.6,26.25,28.6,16938,4663,3837,0,51,7.3,92.69,100.0
2026-05-07,5340,建榮,120.0,124.0,115.0,116.5,6269,2311,-1210,0,-120,50.35,49.64,100.0
2026-05-07,5344,立衛,16.25,16.25,16.05,16.05,102,0,1,0,0,0.13,99.86,100.0
2026-05-07,5345,天揚,21.15,21.75,21.15,21.75,29,0,0,0,0,0.0,99.99,100.0
2026-05-07,5345,馥鴻,21.15,21.75,21.15,21.75,29,0,0,0,0,0.0,99.99,100.0
2026-05-07,5347,世界,179.5,185.5,178.0,185.5,33737,9788,-515,1434,-1454,22.98,77.01,100.0
2026-05-07,5348,正能量智能,15.3,15.35,14.5,14.5,7,0,0,0,0,0.02,99.97,100.0
2026-05-07,5351,鈺創,79.0,79.9,75.4,77.3,37598,21303,-3620,0,-26,31.24,68.75,100.0
2026-05-07,5353,台林,26.95,27.0,26.35,26.55,157,17,-26,0,0,0.58,99.41,100.0
2026-05-07,5355,佳總,6.82,6.84,6.72,6.84,104,0,0,0,0,0.2,99.79,100.0
2026-05-07,5356,協益,26.8,27.1,26.8,27.05,211,6,76,0,0,3.4,96.59,100.0
2026-05-07,5364,力麗店,9.87,10.0,9.87,9.9,61,4,7,0,0,0.53,99.46,100.0
2026-05-07,5371,中光電,73.3,74.4,72.6,73.2,3225,1213,88,383,-3,17.14,82.85,100.0
2026-05-07,5381,光譜,23.95,24.3,23.55,24.2,704,83,194,0,0,2.79,97.2,100.0
2026-05-07,5386,青雲,522.0,522.0,522.0,522.0,1878,46,-69,0,0,6.86,93.13,100.0
2026-05-07,5388,中磊,81.5,83.7,79.5,80.3,12667,4425,2561,0,236,16.47,83.5,100.0
2026-05-07,5392,能率,43.5,43.5,41.7,41.7,2868,1326,-236,0,3,8.88,91.11,100.0
2026-05-07,5398,慕康生醫,20.0,20.2,20.0,20.0,80,2,-4,0,0,5.68,94.31,100.0
2026-05-07,5403,中菲,95.3,95.3,94.1,94.4,75,2,-3,0,0,6.04,93.95,100.0
2026-05-07,5410,國眾,38.25,38.25,36.5,36.5,4436,1911,-55,0,0,8.4,91.59,100.0
2026-05-07,5425,台半,69.8,73.0,68.0,71.5,20890,10888,-237,0,728,22.08,77.91,100.0
2026-05-07,5426,振發,17.9,17.95,17.75,17.9,344,81,81,0,0,2.12,97.87,100.0
2026-05-07,5432,新門,138.0,143.5,136.0,140.0,193,120,25,0,1,1.16,98.83,100.0
2026-05-07,5434,崇越,430.0,430.0,416.5,418.5,784,174,-270,-14,-2,31.58,68.41,100.0
2026-05-07,5438,東友,19.45,20.25,19.45,20.05,223,36,10,0,0,1.24,98.75,100.0
2026-05-07,5439,高技,412.5,423.0,395.0,407.0,8149,4468,-566,174,63,17.31,82.68,100.0
2026-05-07,5443,均豪,130.0,130.5,123.5,125.0,5944,2062,-1257,0,-272,8.54,91.45,100.0
2026-05-07,5450,寶聯通,12.75,13.1,12.65,12.8,67,20,3,0,-1,0.13,99.86,100.0
2026-05-07,5450,南良,12.75,13.1,12.65,12.8,67,20,3,0,-1,0.13,99.86,100.0
2026-05-07,5452,佶優,34.1,34.1,32.9,32.95,1980,342,-705,0,0,13.32,86.67,100.0
2026-05-07,5455,昇益,25.0,26.45,24.45,26.45,75,60,7,0,0,0.11,99.88,100.0
2026-05-07,5457,宣德,36.65,37.15,36.25,36.8,476,84,105,0,0,29.54,70.45,100.0
2026-05-07,5460,同協,15.0,15.5,15.0,15.05,65,23,2,0,0,0.39,99.6,100.0
2026-05-07,5464,霖宏,47.65,47.65,47.65,47.65,1660,283,-45,0,330,2.19,97.8,100.0
2026-05-07,5465,富驊,25.0,25.1,24.65,25.0,173,40,23,0,0,2.23,97.76,100.0
2026-05-07,5468,凱鈺,18.25,18.3,18.0,18.0,38,0,0,0,0,0.19,99.8,100.0
2026-05-07,5469,瀚宇博,84.5,84.6,83.5,84.3,2170,446,323,-135,1,11.65,88.34,100.0
2026-05-07,5471,松翰,44.5,45.3,43.4,44.1,1269,339,331,0,-2,12.64,87.35,100.0
2026-05-07,5474,聰泰,178.5,178.5,170.0,172.0,733,195,-51,0,13,1.79,98.2,100.0
2026-05-07,5475,德宏,367.0,378.0,341.0,348.0,5702,0,-453,0,20,5.46,94.53,100.0
2026-05-07,5478,智冠,96.6,96.6,95.8,96.0,208,15,-51,0,0,17.92,82.07,100.0
2026-05-07,5481,新華,20.6,20.85,20.6,20.7,46,2,-9,0,0,25.91,74.08,100.0
2026-05-07,5483,中美晶,148.0,158.0,145.5,152.0,31475,15501,-1328,1648,109,27.23,72.76,100.0
2026-05-07,5484,慧友,39.65,39.7,38.15,38.5,362,0,3,0,0,1.23,98.76,100.0
2026-05-07,5487,通泰,28.8,29.1,28.6,28.6,27,12,-3,0,0,0.55,99.44,100.0
2026-05-07,5488,松普,10.1,10.1,9.96,10.0,199,23,-13,0,0,0.98,99.01,100.0
2026-05-07,5489,彩富,40.55,40.65,40.4,40.5,54,1,-4,0,0,1.43,98.56,100.0
2026-05-07,5490,同亨,28.3,29.0,27.8,28.5,1163,302,177,0,0,6.31,93.68,100.0
2026-05-07,5493,三聯,87.9,88.8,86.5,87.3,137,44,11,0,0,2.94,97.05,100.0
2026-05-07,5498,凱崴,75.6,75.6,73.6,74.6,2067,0,-67,0,0,4.87,95.12,100.0
2026-05-07,5508,永信建,49.65,50.2,49.35,50.1,355,75,159,-2,0,7.3,92.69,100.0
2026-05-07,5511,德昌,70.8,71.0,69.6,71.0,83,5,54,0,0,4.61,95.38,100.0
2026-05-07,5512,力麒,7.08,7.15,7.0,7.07,1014,129,50,0,-1,5.46,94.53,100.0
2026-05-07,5514,三豐,15.5,15.6,15.4,15.6,8,0,1,0,0,0.02,99.97,100.0
2026-05-07,5515,建國,39.25,39.95,39.25,39.6,489,149,94,-7,0,12.63,87.36,100.0
2026-05-07,5516,雙喜,11.05,11.1,10.75,10.95,60,0,-10,0,0,0.05,99.94,100.0
2026-05-07,5519,隆大,32.5,33.15,32.5,33.15,521,32,264,0,-2,4.53,95.46,100.0
2026-05-07,5520,力泰,0.0,0.0,0.0,0.0,0,0,0,0,0,0.01,99.98,100.0
2026-05-07,5521,工信,12.25,12.25,11.85,12.0,5367,1665,-1839,0,-10,8.07,91.92,100.0
2026-05-07,5522,遠雄,68.6,70.0,68.1,69.7,1112,283,117,0,-27,4.56,95.43,100.0
2026-05-07,5523,豐謙,30.2,30.35,30.05,30.35,171,37,-20,0,0,0.17,99.82,100.0
2026-05-07,5525,順天,23.05,23.25,22.9,23.15,109,6,62,0,1,1.71,98.28,100.0
2026-05-07,5529,鉅陞,21.95,22.0,21.75,21.85,133,2,-17,0,0,0.64,99.35,100.0
2026-05-07,5530,龍巖,45.4,47.6,45.25,46.2,1261,377,90,0,0,54.15,45.84,100.0
2026-05-07,5531,鄉林,8.27,8.56,8.22,8.49,1073,217,128,0,0,2.49,97.5,100.0
2026-05-07,5533,皇鼎,14.2,14.2,13.95,14.15,549,95,57,0,21,2.82,97.17,100.0
2026-05-07,5534,長虹,77.4,80.0,77.3,78.6,1120,292,-264,219,-15,9.8,90.19,100.0
2026-05-07,5536,聖暉*,888.0,903.0,851.0,861.0,1405,587,-355,-31,1,34.93,65.06,100.0
2026-05-07,5538,東明-KY,31.95,32.1,31.45,31.5,79,20,2,0,-4,63.83,36.16,100.0
2026-05-07,5543,桓鼎-KY,29.05,29.8,28.6,29.5,33,0,0,0,0,0.0,99.99,100.0
2026-05-07,5546,永固-KY,16.55,17.0,16.55,16.7,43,10,4,0,0,53.62,46.37,100.0
2026-05-07,5547,久舜,21.6,21.85,21.55,21.85,12,0,0,0,0,0.12,99.87,100.0
2026-05-07,5548,安倉,23.6,23.6,23.5,23.6,38,1,0,0,0,0.25,99.74,100.0
2026-05-07,5601,台聯櫃,0.0,0.0,0.0,0.0,0,0,0,0,0,3.75,96.24,100.0
2026-05-07,5603,陸海,16.0,16.0,15.65,15.85,140,17,-33,0,0,4.94,95.05,100.0
2026-05-07,5604,中連貨,31.4,31.5,31.0,31.1,91,2,-13,0,0,3.0,96.99,100.0
2026-05-07,5604,中連,31.4,31.5,31.0,31.1,91,2,-13,0,0,3.0,96.99,100.0
2026-05-07,5607,遠雄港,47.8,48.4,47.65,48.3,325,32,120,0,3,2.76,97.23,100.0
2026-05-07,5608,四維航,15.7,15.75,15.4,15.55,1279,219,202,0,-1,5.2,42.29,47.5
2026-05-07,5609,中菲行,79.2,79.9,78.5,79.6,301,22,46,0,58,14.27,85.72,100.0
2026-05-07,5701,劍湖山,3.41,3.44,3.41,3.42,48,0,0,0,0,0.0,99.99,100.0
2026-05-07,5703,亞都,14.0,14.0,14.0,14.0,6,0,0,0,0,6.62,93.37,100.0
2026-05-07,5704,老爺知,21.6,21.75,21.45,21.6,37,6,4,0,0,0.2,99.79,100.0
2026-05-07,5706,鳳凰,51.5,52.0,51.4,51.9,205,12,74,0,1,1.96,98.03,100.0
2026-05-07,5859,遠壽,14.98,15.05,14.5,14.85,206,0,0,0,0,0.0,0.0,0.0
2026-05-07,5863,瑞興銀,11.14,11.45,10.8,11.25,16,0,2,0,0,0.0,0.0,0.0
2026-05-07,5864,致和證,34.25,34.3,33.1,34.3,10211,2203,2549,0,0,6.8,93.19,100.0
2026-05-07,5871,中租-KY,116.0,117.0,114.5,114.5,5843,1297,-1651,-244,1,46.87,53.12,100.0
2026-05-07,5876,上海商銀,38.4,38.95,38.4,38.8,6751,689,309,-129,-29,53.31,46.68,100.0
2026-05-07,5878,台名,41.4,41.4,41.0,41.0,3,0,0,0,0,0.56,99.43,100.0
2026-05-07,5880,合庫金,22.95,23.15,22.9,23.0,22627,1918,2630,201,456,15.73,84.26,100.0
2026-05-07,5902,德記,39.35,39.35,37.8,38.1,14,2,0,0,0,1.15,98.84,100.0
2026-05-07,5903,全家,189.5,189.5,189.0,189.0,29,2,3,0,0,51.07,48.92,100.0
2026-05-07,5904,寶雅,600.0,602.0,584.0,587.0,336,55,-91,0,-5,29.96,70.03,100.0
2026-05-07,5905,南仁湖,7.97,8.07,7.9,8.01,492,0,105,0,0,1.34,98.65,100.0
2026-05-07,5906,台南-KY,50.0,50.0,50.0,50.0,1,0,0,0,0,19.34,80.65,100.0
2026-05-07,5907,大洋-KY,5.27,5.44,5.25,5.3,748,177,-52,0,4,52.25,47.74,100.0
2026-05-07,6005,群益證,30.45,31.8,30.25,31.15,31460,7818,12151,-7644,0,15.83,84.16,100.0
2026-05-07,6015,宏遠證,15.5,16.35,15.25,16.05,7074,1776,1134,0,0,7.87,92.12,100.0
2026-05-07,6016,康和證,20.9,22.1,20.6,21.9,15943,4388,2653,0,0,12.12,87.87,100.0
2026-05-07,6020,大展證,19.3,19.7,19.3,19.45,34,3,-1,0,0,0.0,99.99,100.0
2026-05-07,6021,美好證,34.65,35.55,34.5,34.9,572,71,280,0,0,7.56,92.43,100.0
2026-05-07,6023,元大期,100.5,102.5,100.0,102.0,285,44,31,0,0,2.06,97.93,100.0
2026-05-07,6024,群益期,57.6,58.3,57.4,58.2,732,36,173,0,0,4.23,95.76,100.0
2026-05-07,6026,福邦證,16.3,16.9,16.15,16.7,7685,1240,2273,0,0,7.67,92.32,100.0
2026-05-07,6027,德信,13.53,14.2,13.45,14.15,98,0,-9,0,0,0.0,0.0,0.0
2026-05-07,6028,公勝保經,78.8,78.8,78.4,78.5,27,0,2,0,0,0.39,99.6,100.0
2026-05-07,6035,悠遊卡,51.16,53.0,50.8,53.0,1,0,0,0,0,0.0,0.0,0.0
2026-05-07,6101,寬魚國際,40.0,40.0,38.5,39.8,196,48,-1,0,0,0.75,99.24,100.0
2026-05-07,6103,合邦,40.0,40.0,39.7,39.7,4,1,1,0,0,0.74,99.25,100.0
2026-05-07,6104,創惟,99.6,104.0,98.7,102.0,3169,1002,1079,0,72,17.87,82.12,100.0
2026-05-07,6108,競國,24.2,24.2,24.1,24.2,9910,1466,372,0,-1,4.28,95.71,100.0
2026-05-07,6109,亞元,12.45,12.6,12.2,12.5,496,0,92,0,0,2.05,97.94,100.0
2026-05-07,6111,光聚晶電,46.75,47.65,46.15,47.65,468,140,49,0,1,12.86,87.13,100.0
2026-05-07,6112,邁達特,46.2,46.2,44.2,45.2,1508,342,-587,0,-15,1.45,98.54,100.0
2026-05-07,6113,亞矽,23.0,25.05,23.0,25.05,2942,1240,91,0,6,2.94,97.05,100.0
2026-05-07,6114,久威,31.1,32.5,30.8,31.45,238,87,34,0,0,1.16,98.83,100.0
2026-05-07,6115,鎰勝,47.6,47.9,47.6,47.8,265,3,124,0,-3,5.59,94.4,100.0
2026-05-07,6116,彩晶,8.63,9.4,8.51,9.4,69808,15853,24867,0,621,7.42,92.57,100.0
2026-05-07,6117,迎廣,87.5,87.5,85.2,85.3,505,110,-15,0,3,2.26,97.73,100.0
2026-05-07,6118,建達,17.8,17.8,17.6,17.75,302,81,-3,0,0,2.88,97.11,100.0
2026-05-07,6120,達運,13.15,13.45,13.05,13.3,3077,687,1309,0,42,7.83,92.16,100.0
2026-05-07,6121,新普,364.5,374.5,362.0,371.0,962,204,20,61,6,37.61,62.38,100.0
2026-05-07,6122,擎邦,50.0,50.0,49.2,49.6,276,31,-2,0,-2,4.73,95.26,100.0
2026-05-07,6123,上奇,45.45,45.85,45.0,45.85,169,25,7,0,0,2.7,97.29,100.0
2026-05-07,6124,業強,31.25,32.25,30.65,31.0,228,76,-9,0,0,50.97,49.02,100.0
2026-05-07,6125,廣運,59.7,60.3,57.6,59.2,2255,802,52,0,2,14.72,85.27,100.0
2026-05-07,6126,信音,33.85,33.85,32.85,32.95,1018,159,-229,0,-7,2.24,97.75,100.0
2026-05-07,6127,九豪,46.1,50.0,45.5,48.0,18965,10648,893,0,70,6.07,93.92,100.0
2026-05-07,6128,上福,20.7,20.8,20.4,20.4,198,29,21,0,7,4.38,95.61,100.0
2026-05-07,6129,普誠,17.45,17.45,16.7,16.75,1683,0,-249,0,0,2.73,97.26,100.0
2026-05-07,6130,上亞科技,24.45,24.45,23.15,23.7,187,15,-40,0,0,1.89,98.1,100.0
2026-05-07,6133,金橋,22.85,22.95,22.3,22.45,642,174,144,0,-2,2.81,97.18,100.0
2026-05-07,6134,萬旭,32.35,32.8,31.35,31.7,1032,473,90,0,-1,24.19,75.8,100.0
2026-05-07,6136,富爾特,24.7,24.85,24.45,24.85,409,78,39,0,0,3.78,96.21,100.0
2026-05-07,6138,茂達,251.5,270.0,249.0,262.0,1875,685,570,1,9,17.64,82.35,100.0
2026-05-07,6139,亞翔,729.0,740.0,710.0,721.0,3261,1522,-5,45,-18,31.23,68.76,100.0
2026-05-07,6140,訊達,22.55,22.55,22.55,22.55,294,0,-160,0,0,2.18,97.81,100.0
2026-05-07,6141,柏承,36.5,39.0,36.1,36.5,3719,0,-110,0,3,2.51,97.48,100.0
2026-05-07,6142,友勁,8.89,8.94,8.8,8.85,744,0,19,0,4,2.52,97.47,100.0
2026-05-07,6143,振曜,91.8,94.1,90.9,93.3,1011,310,286,0,2,11.2,88.79,100.0
2026-05-07,6144,得利影,14.55,14.65,14.15,14.6,29,0,-3,0,0,33.41,66.58,100.0
2026-05-07,6146,耕興,225.0,226.0,218.5,226.0,819,237,-190,0,0,30.46,69.53,100.0
2026-05-07,6147,頎邦,187.5,192.5,185.0,192.5,35879,10561,7981,-9,-54,23.95,76.04,100.0
2026-05-07,6148,驊宏資,31.55,33.3,31.55,31.95,626,300,-93,0,0,5.86,94.13,100.0
2026-05-07,6150,撼訊,72.6,72.6,72.6,72.6,763,0,0,0,0,5.63,94.36,100.0
2026-05-07,6151,晉倫,35.85,36.4,35.4,36.15,230,50,57,0,0,6.15,93.84,100.0
2026-05-07,6152,百一,13.7,14.1,13.7,13.95,1283,0,-1,0,2,2.93,97.06,100.0
2026-05-07,6153,嘉聯益,19.05,19.6,18.6,18.95,7241,2855,1258,0,-2,11.11,88.88,100.0
2026-05-07,6154,順發,13.15,13.2,13.0,13.0,68,6,2,0,0,0.73,99.26,100.0
2026-05-07,6155,鈞寶,48.3,50.9,47.75,50.9,3809,961,662,0,17,8.82,91.17,100.0
2026-05-07,6156,松上,20.4,20.4,19.4,19.6,1617,296,-433,0,0,7.24,92.75,100.0
2026-05-07,6158,禾昌,18.8,19.05,18.45,18.55,139,29,-26,0,0,0.77,99.22,100.0
2026-05-07,6160,欣技,15.8,15.95,15.5,15.6,180,0,2,0,0,3.99,96.0,100.0
2026-05-07,6161,捷波,43.6,45.0,43.6,44.0,200,30,18,0,0,3.72,96.27,100.0
2026-05-07,6163,華電網,57.5,59.4,56.6,58.6,3239,1212,48,0,0,10.01,89.98,100.0
2026-05-07,6164,華興,12.7,12.9,12.6,12.65,509,119,30,0,0,4.99,95.0,100.0
2026-05-07,6165,浪凡,52.5,52.5,51.3,51.4,883,121,-320,0,3,15.99,84.0,100.0
2026-05-07,6166,凌華,85.1,87.3,83.9,86.5,7206,3234,1336,0,-170,17.4,82.59,100.0
2026-05-07,6167,久正,12.15,12.2,12.05,12.15,370,47,94,0,0,5.32,94.67,100.0
2026-05-07,6168,宏齊,27.45,27.55,26.85,26.95,3585,1425,19,0,3,2.7,97.29,100.0
2026-05-07,6169,昱泉,17.0,17.1,16.7,16.95,83,7,-27,0,0,0.08,99.91,100.0
2026-05-07,6170,統振,52.7,52.7,51.4,52.0,458,80,111,0,0,3.37,96.62,100.0
2026-05-07,6171,大城地產,24.2,24.4,24.15,24.35,22,0,1,0,0,0.22,99.77,100.0
2026-05-07,6173,信昌電,111.0,111.0,111.0,111.0,3541,14,-528,0,8,18.03,81.96,100.0
2026-05-07,6174,安碁,41.3,43.7,38.4,39.4,6662,3861,-299,0,4,3.36,96.63,100.0
2026-05-07,6175,立敦,65.7,69.9,64.5,69.0,12944,6633,-290,0,262,20.04,79.95,100.0
2026-05-07,6176,瑞儀,103.0,104.0,101.5,102.0,6271,1165,-1139,-99,-6,24.79,75.2,100.0
2026-05-07,6177,達麗,45.4,46.2,45.05,45.95,1312,308,309,0,-12,6.74,93.25,100.0
2026-05-07,6179,亞通,23.75,24.15,23.75,24.05,710,112,283,0,0,5.0,94.99,100.0
2026-05-07,6180,橘子,39.0,39.65,38.55,39.2,773,233,-45,0,2,22.9,77.09,100.0
2026-05-07,6182,合晶,51.5,55.6,51.0,55.6,69286,33690,2689,0,2070,16.7,83.29,100.0
2026-05-07,6183,關貿,92.0,92.0,91.7,91.8,63,4,21,0,1,1.06,98.93,100.0
2026-05-07,6184,大豐電,46.95,47.15,46.85,46.9,52,2,20,0,0,2.98,16.01,19.0
2026-05-07,6185,幃翔,13.85,14.0,13.8,13.85,373,14,-85,0,0,1.96,98.03,100.0
2026-05-07,6186,新潤,39.95,40.5,39.5,40.5,1259,167,246,0,30,4.85,95.14,100.0
2026-05-07,6187,萬潤,1220.0,1240.0,1125.0,1130.0,4911,1621,612,-474,-28,29.63,70.36,100.0
2026-05-07,6188,廣明,86.9,87.3,85.6,86.4,2137,563,310,0,-3,6.67,93.32,100.0
2026-05-07,6189,豐藝,48.95,49.1,48.35,48.35,993,139,-29,-33,0,7.61,92.38,100.0
2026-05-07,6190,萬泰科,75.6,76.4,74.5,74.7,7669,3212,-195,0,-128,10.65,89.34,100.0
2026-05-07,6191,精成科,100.5,101.5,99.1,100.0,5994,2464,343,0,26,5.89,94.1,100.0
2026-05-07,6192,巨路,121.0,122.5,120.0,121.5,272,41,116,0,-19,24.22,75.77,100.0
2026-05-07,6194,育富,32.5,32.5,32.0,32.2,118,4,1,0,0,2.76,97.23,100.0
2026-05-07,6195,詩肯,23.5,23.75,23.35,23.7,62,7,-2,0,0,44.82,55.17,100.0
2026-05-07,6196,帆宣,405.5,406.0,392.0,393.0,3052,1185,-471,0,-96,16.35,83.64,100.0
2026-05-07,6197,佳必琪,235.0,242.0,230.0,231.5,5268,2602,-214,0,-9,9.58,90.41,100.0
2026-05-07,6198,瑞築,21.7,22.35,21.6,21.75,20,0,0,0,0,0.05,99.94,100.0
2026-05-07,6199,天品,97.9,99.7,95.6,96.8,782,302,-148,0,-1,5.63,94.36,100.0
2026-05-07,6201,亞弘電,50.5,50.5,50.2,50.5,28,1,11,0,4,1.22,98.77,100.0
2026-05-07,6202,盛群,57.5,58.7,56.7,57.5,4496,1659,663,0,6,9.54,90.45,100.0
2026-05-07,6203,海韻電,75.1,77.0,70.2,71.1,2477,1144,-112,0,13,3.27,96.72,100.0
2026-05-07,6204,艾華,73.6,76.5,72.8,73.9,241,97,-52,0,0,2.46,97.53,100.0
2026-05-07,6205,詮欣,94.1,94.1,88.6,90.7,7825,3768,-71,0,1,2.29,97.7,100.0
2026-05-07,6206,飛捷,111.0,119.0,110.5,117.0,3885,1094,530,-13,85,10.45,89.54,100.0
2026-05-07,6207,雷科,68.0,71.5,67.0,69.0,10789,6149,-1352,0,46,6.85,93.14,100.0
2026-05-07,6208,日揚,77.3,77.5,75.0,76.5,831,238,117,0,-5,1.91,98.08,100.0
2026-05-07,6209,今國光,68.9,74.3,68.3,72.2,19533,9458,2012,0,176,8.73,91.26,100.0
2026-05-07,6210,慶生,20.35,20.35,20.0,20.15,51,4,4,0,0,0.3,99.69,100.0
2026-05-07,6212,理銘,28.05,28.05,28.0,28.0,13,0,0,0,0,0.47,99.52,100.0
2026-05-07,6213,聯茂,289.0,303.0,288.5,299.5,9972,0,-342,-3,131,13.45,86.39,100.0
2026-05-07,6214,精誠,127.5,128.0,124.0,125.0,1706,411,-155,0,-2,11.52,88.47,100.0
2026-05-07,6215,和椿,113.0,114.0,111.0,112.5,1273,449,-70,0,-19,6.3,93.69,100.0
2026-05-07,6216,居易,23.4,23.7,23.35,23.45,312,56,39,0,4,3.08,96.91,100.0
2026-05-07,6217,中探針,285.5,285.5,276.0,280.0,820,0,-88,0,37,19.46,80.53,100.0
2026-05-07,6218,豪勉,38.3,38.65,37.05,37.1,2011,792,-124,0,0,1.76,98.23,100.0
2026-05-07,6219,富旺,12.75,13.0,12.6,12.9,338,34,126,0,0,1.24,98.75,100.0
2026-05-07,6220,岳豐,30.1,30.75,29.85,30.4,346,38,116,0,5,4.49,95.5,100.0
2026-05-07,6221,晉泰,25.8,25.8,25.6,25.65,112,6,-2,0,0,1.11,98.88,100.0
2026-05-07,6222,立軒,23.0,23.0,22.45,22.95,24,9,-5,0,0,0.17,99.82,100.0
2026-05-07,6223,旺矽,4965.0,5050.0,4865.0,5030.0,947,325,149,78,11,29.06,70.93,100.0
2026-05-07,6224,聚鼎,86.7,96.5,84.5,87.0,4529,2007,45,0,-22,3.87,96.12,100.0
2026-05-07,6225,天瀚,25.75,25.75,24.05,24.05,47,0,1,0,0,0.01,99.98,100.0
2026-05-07,6226,光鼎,12.35,13.0,12.3,12.6,2061,0,-64,0,16,0.82,99.17,100.0
2026-05-07,6227,茂綸,99.3,103.5,97.8,101.0,1675,624,78,0,59,4.56,95.43,100.0
2026-05-07,6228,全譜,22.2,23.3,22.05,22.4,9,0,0,0,0,0.33,99.66,100.0
2026-05-07,6229,研通,29.45,31.25,28.05,31.15,2552,1160,-161,0,8,1.48,98.51,100.0
2026-05-07,6230,尼得科超眾,159.0,159.0,152.5,155.0,198,58,-1,0,-1,87.2,12.79,100.0
2026-05-07,6231,系微,306.0,332.0,301.5,332.0,2078,505,463,0,57,13.59,86.4,100.0
2026-05-07,6233,旺玖,26.8,26.8,26.2,26.4,760,148,-87,0,0,5.09,94.9,100.0
2026-05-07,6234,高僑,61.5,62.0,59.1,62.0,2567,0,112,0,34,12.42,87.57,100.0
2026-05-07,6235,華孚,42.6,43.45,42.6,43.4,738,149,208,0,0,4.35,95.64,100.0
2026-05-07,6236,中湛,0.0,0.0,0.0,0.0,0,0,0,0,0,0.02,99.97,100.0
2026-05-07,6237,驊訊,39.3,39.9,38.6,39.7,334,65,107,0,5,9.53,90.46,100.0
2026-05-07,6239,力成,236.0,236.0,226.0,230.5,22861,8080,-5865,72,-400,34.21,65.78,100.0
2026-05-07,6240,松崗,18.25,18.55,18.2,18.25,15,1,0,0,0,0.27,99.72,100.0
2026-05-07,6241,鑫永洋,9.79,9.94,9.71,9.79,143,0,-6,0,0,0.14,99.85,100.0
2026-05-07,6242,立康,38.2,38.2,37.9,37.9,10,0,0,0,0,0.48,99.51,100.0
2026-05-07,6243,迅杰,34.6,36.8,34.6,35.85,1002,369,44,0,0,1.86,98.13,100.0
2026-05-07,6244,茂迪,27.95,30.3,27.7,30.3,13037,1852,4378,0,361,24.5,75.49,100.0
2026-05-07,6245,立端,82.5,83.4,81.4,82.5,1084,245,422,0,21,11.64,88.35,100.0
2026-05-07,6246,臺龍,17.5,18.9,17.4,17.8,570,202,-1,0,0,0.19,99.8,100.0
2026-05-07,6248,沛波,19.5,19.65,19.4,19.6,120,4,44,0,0,0.78,99.21,100.0
2026-05-07,6257,矽格,205.0,218.0,197.0,213.0,26953,14709,-2727,1158,636,27.13,72.86,100.0
2026-05-07,6259,百徽,20.7,20.7,19.9,20.5,309,72,34,0,0,37.99,62.0,100.0
2026-05-07,6261,久元,133.5,133.5,133.5,133.5,2649,191,-338,0,222,8.78,91.21,100.0
2026-05-07,6263,普萊德,138.0,142.0,136.5,139.5,177,33,21,0,0,1.94,98.05,100.0
2026-05-07,6264,富裔,6.0,6.1,5.91,6.1,44,0,3,0,0,0.03,99.96,100.0
2026-05-07,6265,方土昶,44.5,44.7,42.6,43.4,7682,3186,-843,0,15,4.89,95.1,100.0
2026-05-07,6266,泰詠,27.85,27.9,27.7,27.85,249,18,4,0,0,2.12,97.87,100.0
2026-05-07,6269,台郡,68.9,68.9,66.0,66.4,3978,1103,-150,0,1,19.33,80.66,100.0
2026-05-07,6270,倍微,27.4,28.75,27.0,27.75,1581,577,-117,0,0,2.36,97.63,100.0
2026-05-07,6271,同欣電,181.5,182.5,178.0,180.0,6450,1755,1180,-2254,18,29.02,70.97,100.0
2026-05-07,6272,驊陞,31.9,32.35,31.7,31.95,299,0,-25,0,6,3.93,96.06,100.0
2026-05-07,6274,台燿,1445.0,1445.0,1415.0,1445.0,4568,628,-746,1034,13,38.08,61.91,100.0
2026-05-07,6275,元山,53.1,54.9,51.8,54.5,1146,224,115,0,-16,5.21,94.78,100.0
2026-05-07,6276,安鈦克,30.35,30.4,29.85,29.9,184,49,-4,0,0,2.24,97.75,100.0
2026-05-07,6277,宏正,71.5,73.3,70.5,71.5,405,142,45,0,2,8.0,91.99,100.0
2026-05-07,6278,台表科,166.5,183.0,163.0,183.0,30144,15070,-652,-271,550,25.62,74.37,100.0
2026-05-07,6279,胡連,115.0,124.0,115.0,124.0,4415,1439,-602,-13,18,5.61,94.38,100.0
2026-05-07,6281,全國電,49.0,50.2,48.2,50.0,349,49,105,0,0,2.12,97.87,100.0
2026-05-07,6282,康舒,50.3,51.5,49.55,50.7,27930,11400,2682,0,769,12.68,87.31,100.0
2026-05-07,6283,淳安,25.8,26.65,25.2,26.55,4067,1083,-185,0,-3,18.97,81.02,100.0
2026-05-07,6284,佳邦,79.0,82.4,78.0,81.0,2222,673,547,0,15,9.57,90.42,100.0
2026-05-07,6285,啟碁,240.5,256.0,237.0,256.0,46404,20917,11622,2359,549,20.44,79.55,100.0
2026-05-07,6290,良維,283.0,288.5,279.0,281.5,3611,1538,187,0,24,16.98,83.01,100.0
2026-05-07,6291,沛亨,471.0,482.0,467.0,482.0,1510,300,328,166,19,4.97,95.02,100.0
2026-05-07,6292,迅德,46.6,50.8,46.1,50.8,610,140,93,0,0,1.68,98.31,100.0
2026-05-07,6294,智基,32.55,32.55,31.05,31.5,136,12,0,0,0,1.13,98.86,100.0
2026-05-07,6405,悅城,55.6,61.1,55.6,61.1,2192,0,-112,0,2,5.35,94.64,100.0
2026-05-07,6407,相互,41.27,41.9,37.3,37.5,4885,0,12,0,0,0.0,0.0,0.0
2026-05-07,6409,旭隼,811.0,811.0,784.0,790.0,991,256,-166,0,-7,53.26,46.73,100.0
2026-05-07,6411,晶焱,81.5,82.2,81.3,81.8,461,55,147,0,-13,8.17,91.82,100.0
2026-05-07,6412,群電,87.8,87.8,85.7,87.1,1773,543,47,0,-3,4.62,95.37,100.0
2026-05-07,6414,樺漢,349.5,356.5,345.5,351.5,2109,604,735,-39,-124,32.6,67.39,100.0
2026-05-07,6415,矽力*-KY,429.0,429.0,415.0,424.5,2237,0,587,11,-9,80.95,19.04,100.0
2026-05-07,6416,瑞祺電通,85.8,85.8,84.3,84.6,337,50,43,0,-1,4.1,95.89,100.0
2026-05-07,6417,韋僑,119.0,130.0,117.0,127.5,946,256,-176,0,-17,10.95,89.04,100.0
2026-05-07,6418,詠昇,32.85,33.0,32.05,32.15,231,25,-3,0,0,4.42,95.57,100.0
2026-05-07,6419,京晨科,138.0,142.0,135.0,135.0,392,138,-55,0,0,10.47,89.52,100.0
2026-05-07,6423,億而得-創,116.5,121.0,116.0,117.5,171,0,-2,0,0,4.37,95.62,100.0
2026-05-07,6423,億而得,116.5,121.0,116.0,117.5,171,0,-2,0,0,4.37,95.62,100.0
2026-05-07,6425,易發,82.6,83.0,80.5,80.8,917,184,-75,0,0,6.39,93.6,100.0
2026-05-07,6426,統新,239.0,246.0,234.0,238.5,2566,1438,-123,0,-14,7.63,92.36,100.0
2026-05-07,6428,台灣淘米,14.1,0.0,0.0,0.0,0,0,0,0,0,0.0,0.0,0.0
2026-05-07,6431,光麗-KY,18.8,19.6,18.75,19.4,228,0,-9,0,0,57.01,42.98,100.0
2026-05-07,6432,今展科,45.8,46.2,43.0,43.6,2764,827,-503,0,0,2.51,97.48,100.0
2026-05-07,6434,達輝光電,27.85,28.5,25.85,27.15,2718,0,10,0,0,0.0,0.0,0.0
2026-05-07,6435,大中,218.0,232.5,218.0,222.0,999,517,73,0,15,13.49,86.5,100.0
2026-05-07,6438,迅得,180.0,180.0,173.5,174.0,2113,241,-631,0,-31,7.22,92.77,100.0
2026-05-07,6441,廣錠,26.2,28.85,26.1,28.85,561,68,108,0,0,1.01,98.98,100.0
2026-05-07,6442,光聖,2075.0,2125.0,1950.0,2095.0,2671,1432,-326,109,0,34.36,65.63,100.0
2026-05-07,6443,元晶,38.35,40.2,38.35,40.2,4095,0,1508,0,320,14.04,85.95,100.0
2026-05-07,6446,藥華藥,663.0,668.0,652.0,659.0,1842,539,508,-444,0,22.12,77.87,100.0
2026-05-07,6449,鈺邦,177.0,186.5,175.0,179.0,2641,1101,425,-117,59,3.19,96.8,100.0
2026-05-07,6451,訊芯-KY,480.0,512.0,455.5,490.0,6309,3380,275,0,-75,65.66,34.33,100.0
2026-05-07,6456,GIS-KY,73.0,73.4,70.5,70.9,11438,4416,-538,0,-25,43.67,56.32,100.0
2026-05-07,6461,益得,17.3,17.55,17.1,17.1,328,0,24,0,0,0.66,99.33,100.0
2026-05-07,6462,神盾,129.0,133.5,126.0,126.5,2423,990,-28,0,3,17.77,82.22,100.0
2026-05-07,6464,台數科,76.4,76.5,75.8,76.2,25,4,6,0,0,0.8,19.18,19.99
2026-05-07,6465,威潤,48.45,51.8,48.45,49.9,526,173,-39,0,0,0.73,99.26,100.0
2026-05-07,6467,泰合,127.84,130.5,126.5,129.0,208,0,0,0,0,0.0,0.0,0.0
2026-05-07,6469,大樹,78.1,78.6,77.0,77.6,484,99,83,0,0,8.68,91.31,100.0
2026-05-07,6470,宇智,47.85,48.65,47.6,48.45,183,35,82,0,0,5.79,94.2,100.0
2026-05-07,6472,保瑞,411.0,415.0,407.0,414.0,641,196,95,0,4,10.24,89.75,100.0
2026-05-07,6473,美賣*,9.33,9.57,8.9,9.08,151,0,3,0,0,0.0,0.0,0.0
2026-05-07,6474,華豫寧,40.3,40.7,39.65,40.05,88,0,-4,0,0,0.07,99.92,100.0
2026-05-07,6477,安集,34.75,37.65,34.55,36.8,2417,999,176,0,-4,2.89,97.1,100.0
2026-05-07,6482,弘煜科,29.5,30.45,29.5,30.05,14,0,2,0,0,2.51,97.48,100.0
2026-05-07,6483,原創生醫,14.86,15.0,14.45,14.55,191,0,0,0,0,0.0,0.0,0.0
2026-05-07,6485,點序,89.6,90.9,86.7,86.7,1001,334,-106,0,-9,8.53,91.46,100.0
2026-05-07,6486,互動,84.8,84.8,84.1,84.1,231,26,-56,0,0,4.88,95.11,100.0
2026-05-07,6488,環球晶,720.0,793.0,720.0,793.0,12736,5976,3825,283,40,29.39,70.6,100.0
2026-05-07,6491,晶碩,286.0,286.5,280.5,284.0,312,89,42,0,3,9.72,90.27,100.0
2026-05-07,6492,生華科,49.5,52.0,49.2,52.0,355,0,135,0,0,7.82,92.17,100.0
2026-05-07,6493,雷虎生,31.11,31.0,29.9,30.0,130,0,0,0,0,0.0,0.0,0.0
2026-05-07,6494,九齊,54.5,55.2,53.6,54.6,360,125,89,0,0,7.48,92.51,100.0
2026-05-07,6496,科懋,24.25,24.45,24.1,24.25,22,2,1,0,0,0.35,99.64,100.0
2026-05-07,6498,久禾光,100.0,100.0,93.7,95.0,323,58,-104,0,2,2.09,97.9,100.0
2026-05-07,6499,益安,82.6,83.0,81.1,81.1,505,43,-80,0,0,18.27,81.72,100.0
2026-05-07,6504,南六,40.2,40.2,39.35,39.65,54,18,3,0,1,1.03,98.96,100.0
2026-05-07,6505,台塑化,54.0,54.1,51.9,52.3,16435,3748,-4047,-270,-60,5.98,94.01,100.0
2026-05-07,6506,雙邦,17.45,17.55,17.3,17.45,142,14,-35,0,0,0.56,99.43,100.0
2026-05-07,6508,惠光,24.45,24.7,24.0,24.55,115,23,37,0,0,0.88,99.11,100.0
2026-05-07,6509,聚和,40.2,40.8,39.85,40.6,913,181,173,0,0,4.25,95.74,100.0
2026-05-07,6510,精測,3865.0,3865.0,3665.0,3730.0,858,370,-108,-65,-1,33.27,66.72,100.0
2026-05-07,6512,啟發電,19.45,19.45,19.35,19.35,6,0,0,0,0,0.07,99.92,100.0
2026-05-07,6515,穎崴,10130.0,10320.0,9855.0,9860.0,319,105,-3,-28,-3,21.38,78.61,100.0
2026-05-07,6516,勤崴國際,60.1,60.2,59.5,60.1,71,13,-9,0,0,1.38,98.61,100.0
2026-05-07,6517,保勝光學,60.1,60.1,58.6,58.8,133,15,-17,0,0,4.94,95.05,100.0
2026-05-07,6518,康科特,33.56,33.7,32.25,32.25,35,0,0,0,0,0.0,0.0,0.0
2026-05-07,6523,達爾膚,98.0,100.5,98.0,100.5,64,1,32,0,0,2.0,97.99,100.0
2026-05-07,6525,捷敏-KY,107.5,113.0,107.0,109.5,3461,1592,-251,-16,23,15.35,84.64,100.0
2026-05-07,6526,達發,687.0,720.0,671.0,720.0,6365,2822,264,468,69,7.71,92.28,100.0
2026-05-07,6527,明達醫,70.6,71.0,70.5,70.6,57,0,17,0,0,0.09,99.9,100.0
2026-05-07,6530,創威,115.0,118.5,111.0,114.0,2099,1099,-251,0,0,4.01,95.98,100.0
2026-05-07,6531,愛普*,986.0,986.0,925.0,925.0,1653,0,-298,8,8,31.85,68.14,100.0
2026-05-07,6532,瑞耘,101.5,104.0,100.0,104.0,1198,124,459,0,0,5.23,94.76,100.0
2026-05-07,6533,晶心科,245.0,251.0,241.5,246.0,1178,421,179,0,0,12.05,87.94,100.0
2026-05-07,6534,正瀚-創,94.0,96.8,93.8,96.8,152,22,-50,0,2,41.2,58.79,100.0
2026-05-07,6535,順藥,133.5,139.5,133.5,136.0,129,0,-3,0,0,5.7,94.29,100.0
2026-05-07,6536,碩豐,28.28,29.0,26.2,27.55,29,0,0,0,0,0.0,0.0,0.0
2026-05-07,6538,倉和,81.4,84.1,79.4,82.9,409,113,26,0,24,5.47,94.52,100.0
2026-05-07,6539,麗彤,45.99,47.8,45.75,46.9,8,0,0,0,0,0.0,0.0,0.0
2026-05-07,6541,泰福-KY,39.95,40.45,39.65,39.95,314,51,121,0,1,13.91,86.08,100.0
2026-05-07,6542,隆中,50.0,52.1,49.0,51.8,54,16,-5,0,-1,18.1,81.89,100.0
2026-05-07,6543,普惠醫工,22.64,22.9,22.4,22.4,107,0,0,0,0,0.0,0.0,0.0
2026-05-07,6546,正基,64.1,66.6,63.7,65.7,659,183,174,0,2,6.79,93.2,100.0
2026-05-07,6547,高端疫苗,48.85,49.15,48.05,48.35,1541,302,-138,0,1,9.31,90.68,100.0
2026-05-07,6548,長科*,51.8,52.6,51.6,52.0,3987,900,692,0,49,6.71,93.28,100.0
2026-05-07,6549,景凱,7.88,8.26,7.72,8.11,417,0,7,0,0,0.0,0.0,0.0
2026-05-07,6550,北極星藥業-KY,17.9,18.2,17.8,18.05,1136,0,573,0,13,67.42,32.57,100.0
2026-05-07,6552,易華電,31.1,31.4,30.85,31.0,208,24,-19,0,8,0.86,99.13,100.0
2026-05-07,6555,榮炭,24.84,25.1,24.3,25.05,213,0,-4,0,0,0.0,0.0,0.0
2026-05-07,6556,勝品,69.9,70.0,69.9,70.0,3,0,0,0,0,0.57,99.42,100.0
2026-05-07,6558,興能高,29.7,29.7,29.1,29.2,271,68,-41,0,5,2.51,97.48,100.0
2026-05-07,6559,研晶,32.55,31.95,29.5,30.95,363,0,-3,0,0,0.0,0.0,0.0
2026-05-07,6560,欣普羅,38.95,39.5,38.55,38.7,86,7,3,0,0,5.01,94.98,100.0
2026-05-07,6561,是方,335.0,338.0,332.0,334.5,201,37,51,0,0,5.81,94.18,100.0
2026-05-07,6563,映智,32.71,34.65,31.0,33.0,514,0,0,0,0,0.0,0.0,0.0
2026-05-07,6564,安特羅,18.56,19.05,18.4,18.95,32,0,0,0,0,0.0,0.0,0.0
2026-05-07,6565,物聯,24.29,25.45,23.7,24.5,134,0,0,0,0,0.0,0.0,0.0
2026-05-07,6568,宏觀,245.5,263.0,241.5,245.0,1069,555,-58,0,27,6.28,93.71,100.0
2026-05-07,6569,醫揚,106.0,106.0,99.8,100.0,184,14,13,0,0,2.88,97.11,100.0
2026-05-07,6570,維田,42.4,42.5,41.2,42.3,192,38,13,0,0,1.35,98.64,100.0
2026-05-07,6572,博錸,10.78,11.0,10.0,10.65,229,0,-11,0,0,0.0,0.0,0.0
2026-05-07,6573,虹揚-KY,12.6,12.95,12.6,12.7,110,0,31,0,0,54.85,45.14,100.0
2026-05-07,6574,霈方,106.0,116.5,105.0,116.5,158,0,-25,0,0,0.54,99.45,100.0
2026-05-07,6576,逸達,79.5,80.0,78.8,79.7,102,0,-1,0,0,22.41,77.58,100.0
2026-05-07,6577,勁豐,80.0,82.7,80.0,82.1,41,2,3,0,0,1.26,98.73,100.0
2026-05-07,6578,達邦蛋白,15.35,15.5,15.2,15.25,285,18,0,0,0,0.78,99.21,100.0
2026-05-07,6579,研揚,129.5,135.5,129.0,133.5,564,188,1,0,-1,3.08,96.91,100.0
2026-05-07,6580,台睿,16.16,16.6,15.8,16.55,95,0,0,0,0,0.0,0.0,0.0
2026-05-07,6581,鋼聯,109.5,110.0,109.0,109.5,20,1,8,0,0,1.0,98.99,100.0
2026-05-07,6582,申豐,31.2,31.2,30.75,30.9,74,20,13,0,0,13.0,86.99,100.0
2026-05-07,6583,友松,12.63,13.15,12.6,12.65,31,0,0,0,0,0.0,0.0,0.0
2026-05-07,6584,南俊國際,725.0,725.0,697.0,711.0,1195,551,-117,0,-5,16.24,83.75,100.0
2026-05-07,6585,鼎基,85.9,88.6,85.9,88.3,145,18,27,0,0,6.77,93.22,100.0
2026-05-07,6586,醣基,46.41,58.3,45.5,57.2,1929,0,-4,0,0,0.0,0.0,0.0
2026-05-07,6588,東典光電,152.5,153.5,144.0,149.5,2133,1138,-10,0,0,4.19,95.8,100.0
2026-05-07,6589,台康生技,45.4,46.85,45.2,46.1,463,129,61,0,-1,6.13,93.86,100.0
2026-05-07,6590,普鴻,69.7,70.9,69.5,70.9,18,0,4,0,0,0.05,99.94,100.0
2026-05-07,6591,動力-KY,57.3,58.3,57.0,58.2,304,75,69,0,4,21.68,78.31,100.0
2026-05-07,6592,和潤企業,61.5,62.4,61.3,62.4,520,85,64,0,1,26.38,73.61,100.0
2026-05-07,6593,台灣銘板,35.7,35.95,35.25,35.25,113,20,-18,0,0,1.15,98.84,100.0
2026-05-07,6595,光禹國際,31.44,32.45,32.45,32.45,0,0,0,0,0,0.0,0.0,0.0
2026-05-07,6596,寬宏藝術,97.5,99.1,96.5,98.8,267,44,-42,0,0,4.26,95.73,100.0
2026-05-07,6597,立誠,76.1,76.1,71.5,71.5,89,0,4,0,0,0.03,99.96,100.0
2026-05-07,6598,ABC-KY,23.35,23.35,22.4,22.6,126,0,-19,0,1,23.33,76.66,100.0
2026-05-07,6599,普達系統,50.74,0.0,0.0,0.0,0,0,0,0,0,0.0,0.0,0.0
2026-05-07,6603,富強鑫,25.2,25.45,24.7,24.8,1538,162,155,0,25,4.55,95.44,100.0
2026-05-07,6604,儒億,27.18,31.8,27.8,31.3,479,0,1,0,0,0.0,0.0,0.0
2026-05-07,6605,帝寶,127.0,131.0,126.5,130.0,718,162,101,-120,-1,15.73,84.26,100.0
2026-05-07,6606,建德工業,24.45,25.9,24.45,25.15,503,70,125,0,7,3.42,96.57,100.0
2026-05-07,6609,瀧澤科,44.0,45.8,43.05,43.6,1638,750,-49,0,0,53.91,46.08,100.0
2026-05-07,6610,安成生技,28.77,29.1,28.7,28.7,276,0,-10,0,0,0.0,0.0,0.0
2026-05-07,6612,奈米醫材,67.6,68.2,67.6,68.1,20,1,0,0,0,26.41,73.58,100.0
2026-05-07,6613,朋億*,252.5,252.5,240.5,242.0,389,92,-121,0,-5,6.61,93.38,100.0
2026-05-07,6614,資拓宏宇,42.0,42.15,41.15,41.35,120,0,-40,0,-9,0.79,99.2,100.0
2026-05-07,6615,慧智,33.0,33.1,32.55,32.65,32,0,8,0,0,0.05,99.94,100.0
2026-05-07,6616,特昇-KY,10.0,10.45,9.91,10.45,185,12,5,0,0,56.73,43.26,100.0
2026-05-07,6617,共信-KY,65.1,66.0,64.5,64.7,88,17,-24,0,0,38.3,61.69,100.0
2026-05-07,6618,永虹先進,21.84,22.2,21.4,21.65,579,0,0,0,0,0.0,0.0,0.0
2026-05-07,6620,漢達,70.8,72.0,69.9,70.7,454,56,20,0,-1,24.84,75.15,100.0
2026-05-07,6621,華宇藥,12.26,12.8,12.1,12.25,139,0,5,0,0,0.0,0.0,0.0
2026-05-07,6622,百聿數碼,7.53,7.79,7.45,7.55,16,0,0,0,0,0.0,0.0,0.0
2026-05-07,6624,萬年清,47.8,49.95,47.8,49.95,104,71,-3,0,0,0.37,99.62,100.0
2026-05-07,6625,必應,74.6,74.6,73.4,74.1,206,29,-4,0,0,1.09,98.9,100.0
2026-05-07,6629,泰金-KY,121.5,123.5,119.0,119.0,61,9,6,0,0,76.52,23.47,100.0
2026-05-07,6634,欣耀,49.77,53.0,49.05,52.2,356,0,-2,0,0,0.0,0.0,0.0
2026-05-07,6637,醫影,71.9,72.7,71.9,72.5,26,0,5,0,0,0.48,99.51,100.0
2026-05-07,6638,沅聖,42.92,44.65,41.0,44.45,26,0,0,0,0,0.0,0.0,0.0
2026-05-07,6639,源大環能,8.0,8.25,7.85,8.0,23,0,0,0,0,0.0,0.0,0.0
2026-05-07,6640,均華,1430.0,1450.0,1385.0,1390.0,278,109,1,-2,-2,6.84,93.15,100.0
2026-05-07,6641,基士德-KY,20.2,20.3,18.6,19.1,509,216,-168,0,0,29.95,70.04,100.0
2026-05-07,6642,富致,60.9,66.9,60.9,66.9,936,274,39,0,24,1.42,98.57,100.0
2026-05-07,6643,M31,637.0,650.0,631.0,646.0,481,0,36,0,-3,11.25,88.74,100.0
2026-05-07,6645,金萬林-創,12.8,12.9,12.75,12.9,48,0,-4,0,-1,0.83,99.16,100.0
2026-05-07,6648,斯其大,18.15,18.5,17.7,18.4,47,0,3,0,0,0.0,0.0,0.0
2026-05-07,6649,台生材,39.65,39.65,39.25,39.5,35,3,2,0,0,6.43,93.56,100.0
2026-05-07,6650,帝圖,34.24,32.8,31.2,32.8,17,0,0,0,0,0.0,0.0,0.0
2026-05-07,6651,全宇昕,107.0,113.5,106.0,110.5,627,235,27,0,1,6.99,93.0,100.0
2026-05-07,6654,天正國際,91.5,91.5,90.5,90.7,26,0,0,0,0,0.59,99.4,100.0
2026-05-07,6655,科定,138.0,138.0,138.0,138.0,5,0,3,0,0,0.5,99.49,100.0
2026-05-07,6657,華安,40.7,41.2,40.7,41.1,215,21,-2,0,3,7.13,92.86,100.0
2026-05-07,6658,聯策,159.5,163.0,155.0,163.0,513,0,11,0,0,7.38,92.61,100.0
2026-05-07,6659,天明製藥,19.95,20.5,19.35,20.25,183,0,0,0,0,0.0,0.0,0.0
2026-05-07,6661,威健生技,17.8,17.95,17.55,17.95,12,0,0,0,0,0.02,99.97,100.0
2026-05-07,6662,樂斯科,29.2,29.8,29.2,29.5,14,0,0,0,0,0.22,99.77,100.0
2026-05-07,6664,群翊,466.0,478.0,453.0,455.0,1944,959,-183,0,54,14.17,85.82,100.0
2026-05-07,6665,康聯生醫,23.69,24.25,23.15,24.15,74,0,-1,0,0,0.0,0.0,0.0
2026-05-07,6666,羅麗芬-KY,41.4,42.5,41.15,41.35,24,7,0,0,0,75.18,24.81,100.0
2026-05-07,6667,信紘科,271.5,275.0,267.0,268.0,802,191,-157,0,-3,9.49,90.5,100.0
2026-05-07,6668,中揚光,39.1,39.2,38.1,38.2,848,181,186,0,-1,11.15,88.84,100.0
2026-05-07,6669,緯穎,5050.0,5060.0,4870.0,4880.0,2032,739,-128,187,-41,31.86,68.13,100.0
2026-05-07,6670,復盛應用,257.5,260.0,256.0,258.5,379,107,-13,-3,-7,25.88,74.11,100.0
2026-05-07,6671,三能-KY,30.1,30.15,29.6,30.05,35,11,9,0,3,39.84,60.15,100.0
2026-05-07,6672,騰輝電子-KY,221.0,229.5,216.0,226.0,7043,3518,563,-1,112,21.65,78.34,100.0
2026-05-07,6673,和詮,25.61,25.6,22.8,23.6,999,0,26,0,0,0.0,0.0,0.0
2026-05-07,6674,鋐寶科技,18.55,18.65,18.45,18.55,23,7,3,0,2,0.48,99.51,100.0
2026-05-07,6676,祥翊,13.56,13.7,13.05,13.4,445,0,3,0,0,0.0,0.0,0.0
2026-05-07,6677,瑩碩生技,18.85,19.0,18.75,18.9,32,0,0,0,0,0.0,0.0,0.0
2026-05-07,6679,鈺太,305.0,316.0,297.0,312.0,1119,368,217,15,26,10.06,89.93,100.0
2026-05-07,6680,鑫創電子,54.1,54.2,54.1,54.1,8,0,0,0,0,0.18,99.81,100.0
2026-05-07,6682,華旭先進,61.36,61.0,54.4,54.4,5617,0,-1,0,0,0.0,0.0,0.0
2026-05-07,6683,雍智科技,2380.0,2385.0,2250.0,2385.0,256,0,46,-2,41,11.08,88.91,100.0
2026-05-07,6684,安格,48.75,51.6,47.35,51.0,617,143,73,0,0,5.13,94.86,100.0
2026-05-07,6689,伊雲谷,71.0,71.9,70.0,70.7,222,45,-34,0,-1,4.36,95.63,100.0
2026-05-07,6690,安碁資訊,169.0,170.0,168.5,169.0,65,6,-1,0,0,3.7,96.29,100.0
2026-05-07,6691,洋基工程,675.0,680.0,668.0,671.0,432,151,26,0,-18,15.88,84.11,100.0
2026-05-07,6692,進能服,31.7,31.7,31.15,31.5,64,0,-14,0,0,0.51,99.48,100.0
2026-05-07,6693,廣閎科,146.5,152.5,140.0,150.0,1774,836,3,0,6,13.15,86.84,100.0
2026-05-07,6695,芯鼎,49.1,49.35,47.3,48.15,1912,569,267,0,20,1.44,98.55,100.0
2026-05-07,6696,仁新,399.41,402.5,390.0,394.5,595,0,0,0,0,0.0,0.0,0.0
2026-05-07,6697,東捷資訊,41.3,41.75,41.15,41.5,41,4,4,0,0,0.75,99.24,100.0
2026-05-07,6698,旭暉應材,31.0,31.25,30.65,31.05,238,34,112,0,0,2.29,97.7,100.0
2026-05-07,6703,軒郁,111.0,112.0,110.0,112.0,41,4,22,0,0,13.88,86.11,100.0
2026-05-07,6704,國璽幹細胞,21.57,22.2,21.0,21.5,294,0,14,0,0,0.0,0.0,0.0
2026-05-07,6705,振躍精密,101.59,121.0,99.5,119.0,306,0,4,0,0,0.0,0.0,0.0
2026-05-07,6706,惠特,165.0,180.0,162.0,174.5,15353,7614,-3806,0,309,13.78,86.21,100.0
2026-05-07,6707,富基電通,31.19,37.2,31.5,37.1,2153,0,38,0,0,0.0,0.0,0.0
2026-05-07,6708,天擎,42.45,42.8,41.1,42.5,61,0,1,0,0,3.13,96.86,100.0
2026-05-07,6709,昱厚生技,25.61,25.7,25.15,25.55,164,0,3,0,0,0.0,0.0,0.0
2026-05-07,6712,長聖,137.5,138.5,136.0,138.5,189,26,50,0,-1,3.38,96.61,100.0
2026-05-07,6715,嘉基,439.0,470.0,439.0,467.0,1767,772,411,-1,-3,2.85,97.14,100.0
2026-05-07,6716,應廣,83.7,87.1,81.9,86.1,378,87,73,0,0,3.36,96.63,100.0
2026-05-07,6719,力智,190.0,190.0,186.0,188.0,677,177,-192,0,-2,7.31,92.68,100.0
2026-05-07,6720,久昌,159.0,161.0,158.0,158.0,41,5,-18,0,-1,1.1,98.89,100.0
2026-05-07,6721,信實,57.1,57.8,57.1,57.8,10,0,-1,0,0,0.01,99.98,100.0
2026-05-07,6722,輝創,40.05,40.3,39.6,40.3,105,0,42,0,0,2.76,97.23,100.0
2026-05-07,6723,傑智環境,40.17,41.1,39.4,41.0,52,0,-3,0,0,0.0,0.0,0.0
2026-05-07,6725,矽科宏晟,334.0,343.5,331.5,335.0,362,104,-14,0,0,4.01,95.98,100.0
2026-05-07,6727,亞泰金屬,417.0,458.5,417.0,458.5,4111,1695,372,0,9,9.94,90.05,100.0
2026-05-07,6728,上洋,115.0,117.0,114.0,115.5,63,7,21,0,0,0.83,99.16,100.0
2026-05-07,6729,機光科技,59.34,60.5,57.0,60.5,64,0,0,0,0,0.0,0.0,0.0
2026-05-07,6730,常廣,38.05,38.05,37.7,37.7,30,0,-2,0,0,0.06,99.93,100.0
2026-05-07,6732,昇佳電子,156.0,165.0,154.5,163.5,446,137,46,0,1,6.79,93.2,100.0
2026-05-07,6733,博晟生醫,28.0,29.2,27.95,29.0,262,0,84,0,0,1.35,98.64,100.0
2026-05-07,6734,安盛生,6.88,7.09,6.76,7.09,57,0,0,0,0,0.0,0.0,0.0
2026-05-07,6735,美達科技,127.5,135.0,127.5,135.0,446,0,-2,0,85,1.23,98.76,100.0
2026-05-07,6737,秀育,34.62,35.15,33.15,35.15,48,0,2,0,0,0.0,0.0,0.0
2026-05-07,6738,鼎恒,69.97,70.1,67.7,69.3,214,0,0,0,0,0.0,0.0,0.0
2026-05-07,6739,竹陞科技,1485.0,1485.0,1350.0,1370.0,796,230,-101,-60,-2,4.52,95.47,100.0
2026-05-07,6741,91APP*-KY,66.3,66.3,65.0,65.5,217,45,-83,0,6,43.26,56.73,100.0
2026-05-07,6742,澤米,39.05,39.5,37.75,38.85,176,25,13,0,2,1.92,98.07,100.0
2026-05-07,6743,安普新,29.1,30.5,29.1,29.95,857,254,28,0,11,3.75,96.24,100.0
2026-05-07,6744,豐技生技,17.33,16.7,16.55,16.65,12,0,0,0,0,0.0,0.0,0.0
2026-05-07,6748,亞果生醫,68.63,72.5,67.4,70.8,377,0,4,0,0,0.0,0.0,0.0
2026-05-07,6750,泰創工程,65.96,68.9,65.7,67.8,307,0,6,0,0,0.0,0.0,0.0
2026-05-07,6751,智聯服務,51.1,51.2,50.9,51.0,31,0,-3,0,0,0.83,99.16,100.0
2026-05-07,6752,叡揚,104.0,105.5,103.0,103.5,64,6,-19,0,0,2.76,97.23,100.0
2026-05-07,6753,龍德造船,142.0,143.0,139.0,141.0,643,212,-17,0,22,6.31,3.18,9.5
2026-05-07,6754,匯僑設計,45.55,45.8,45.4,45.55,28,1,6,0,-1,15.49,84.5,100.0
2026-05-07,6755,連鋐科技,20.24,20.55,19.15,20.5,148,0,3,0,0,0.0,0.0,0.0
2026-05-07,6756,威鋒電子,89.2,97.3,89.0,97.3,954,121,223,0,10,3.24,96.75,100.0
2026-05-07,6757,台灣虎航-創,54.9,55.2,54.2,55.2,4383,1179,344,0,24,1.8,48.18,49.99
2026-05-07,6757,台灣虎航,54.9,55.2,54.2,55.2,4383,1179,344,0,24,1.8,48.18,49.99
2026-05-07,6758,冠亞,36.0,36.5,35.0,36.0,11,0,0,0,0,0.0,0.0,0.0
2026-05-07,6761,穩得,202.5,208.0,201.5,201.5,793,225,-57,0,12,2.38,97.61,100.0
2026-05-07,6762,達亞,140.0,147.5,140.0,145.0,5,0,0,0,0,5.79,94.2,100.0
2026-05-07,6763,綠界科技,48.65,48.65,47.75,48.45,406,106,44,0,3,3.51,96.48,100.0
2026-05-07,6763,綠界科技*,48.65,48.65,47.75,48.45,406,106,44,0,3,3.51,96.48,100.0
2026-05-07,6767,台微醫,27.3,27.5,27.2,27.4,17,0,1,0,0,0.23,99.76,100.0
2026-05-07,6768,志強-KY,80.0,84.8,78.8,84.4,1328,304,322,163,29,58.62,41.37,100.0
2026-05-07,6770,力積電,60.5,63.9,58.0,63.9,312338,124852,32194,0,1815,12.11,87.88,100.0
2026-05-07,6771,平和環保-創,44.35,44.5,44.3,44.3,20,1,0,0,-7,0.61,99.38,100.0
2026-05-07,6775,穎台科技,52.16,52.1,46.3,48.15,2474,0,4,0,0,0.0,0.0,0.0
2026-05-07,6776,展碁國際,58.7,58.8,57.7,57.8,520,55,-188,0,0,1.67,98.32,100.0
2026-05-07,6780,學習王,39.93,42.3,40.2,40.85,21,0,0,0,0,0.0,0.0,0.0
2026-05-07,6781,AES-KY,1165.0,1225.0,1155.0,1155.0,2766,1338,217,1,29,67.87,32.12,100.0
2026-05-07,6782,視陽,216.0,216.0,203.5,203.5,1567,237,-736,0,19,10.16,89.83,100.0
2026-05-07,6784,天凱科技,31.01,30.85,28.8,29.5,192,0,3,0,0,0.0,0.0,0.0
2026-05-07,6785,昱展新藥,137.0,140.5,134.5,140.5,133,45,35,0,0,8.3,91.69,100.0
2026-05-07,6786,芯測,113.46,115.0,109.0,114.0,360,0,7,0,0,0.0,0.0,0.0
2026-05-07,6787,晶瑞光,41.61,42.25,38.85,39.5,1093,0,0,0,0,0.0,0.0,0.0
2026-05-07,6788,華景電,443.0,483.0,436.0,460.5,2437,1027,-262,16,51,19.9,80.09,100.0
2026-05-07,6789,采鈺,561.0,595.0,554.0,581.0,7876,4207,347,123,2,3.05,96.94,100.0
2026-05-07,6790,永豐實,40.0,40.1,39.85,39.9,185,14,43,0,2,1.95,98.04,100.0
2026-05-07,6791,虎門科技,123.0,123.0,119.0,119.5,89,21,2,0,0,11.6,88.39,100.0
2026-05-07,6792,詠業,57.5,59.2,57.3,58.7,72,7,3,0,0,1.45,98.54,100.0
2026-05-07,6793,天力離岸,6.29,6.42,5.85,6.15,244,0,0,0,0,0.0,0.0,0.0
2026-05-07,6794,向榮生技-創,87.9,87.9,81.7,83.1,92,17,-42,0,2,0.43,99.56,100.0
2026-05-07,6794,向榮生技,87.9,87.9,81.7,83.1,92,17,-42,0,2,0.43,99.56,100.0
2026-05-07,6796,晉弘,70.0,70.0,68.3,69.7,107,14,-23,0,2,15.03,84.96,100.0
2026-05-07,6797,圓點奈米,14.81,15.1,14.4,15.1,11,0,0,0,0,0.0,0.0,0.0
2026-05-07,6798,展逸,50.5,50.6,49.5,49.5,3,0,0,0,0,0.0,0.0,0.0
2026-05-07,6799,來頡,90.4,90.4,88.6,88.9,308,107,27,0,5,9.21,90.78,100.0
2026-05-07,6803,崑鼎,290.0,290.5,289.0,290.5,63,4,-1,0,0,3.46,96.53,100.0
2026-05-07,6804,明係,15.0,15.1,14.95,15.1,46,1,1,0,0,4.11,95.88,100.0
2026-05-07,6805,富世達,1925.0,1950.0,1875.0,1920.0,1763,704,-248,78,19,16.18,83.81,100.0
2026-05-07,6806,森崴能源,19.8,21.4,19.8,21.35,667,0,218,0,0,2.13,97.86,100.0
2026-05-07,6807,峰源-KY,35.8,36.2,35.1,36.1,11,3,1,0,0,43.59,56.4,100.0
2026-05-07,6808,三鼎生技,31.36,32.0,30.4,31.0,268,0,-10,0,0,0.0,0.0,0.0
2026-05-07,6810,新穎生醫,26.44,27.15,25.8,26.5,213,0,0,0,0,0.0,0.0,0.0
2026-05-07,6811,宏碁資訊,218.0,218.0,210.5,212.0,228,43,-62,0,0,1.38,98.61,100.0
2026-05-07,6812,梭特,81.04,84.0,75.8,79.4,250,0,-5,0,0,0.0,0.0,0.0
2026-05-07,6814,路迦生醫,25.3,25.35,24.15,25.35,5,0,0,0,0,0.0,0.0,0.0
2026-05-07,6815,晶鑽生醫,30.78,30.6,29.7,30.0,125,0,1,0,0,0.0,0.0,0.0
2026-05-07,6816,捷智商訊,38.69,39.45,37.6,37.6,2,0,0,0,0,0.0,0.0,0.0
2026-05-07,6817,溫士頓,67.31,67.6,66.1,67.4,11,0,0,0,0,0.0,0.0,0.0
2026-05-07,6818,連騰,67.62,69.4,63.0,64.8,299,0,0,0,0,0.0,0.0,0.0
2026-05-07,6819,眾智,28.53,38.3,29.0,37.9,763,0,15,0,0,0.0,0.0,0.0
2026-05-07,6820,連訊,290.16,282.0,250.0,255.5,311,0,8,0,0,0.0,0.0,0.0
2026-05-07,6821,聯寶,54.2,57.0,52.6,52.8,1208,570,-11,0,0,1.16,98.83,100.0
2026-05-07,6823,濾能,97.2,105.0,97.2,98.5,855,281,0,0,0,25.73,74.26,100.0
2026-05-07,6825,和暢科技,43.91,44.2,42.0,42.05,81,0,-6,0,0,0.0,0.0,0.0
2026-05-07,6826,和淞,541.37,584.0,536.0,582.0,508,0,65,0,0,0.0,0.0,0.0
2026-05-07,6827,巨生醫,13.19,13.2,12.65,12.65,100,0,-5,0,0,0.0,0.0,0.0
2026-05-07,6829,千附精密,265.5,279.0,257.5,278.0,503,0,-12,0,12,2.4,97.59,100.0
2026-05-07,6830,汎銓,845.0,911.0,830.0,874.0,3183,1779,149,-8,-24,4.59,95.4,100.0
2026-05-07,6831,邁科,590.0,594.0,550.0,559.0,2355,1045,-232,42,-2,11.84,88.15,100.0
2026-05-07,6832,金鼎科,88.68,117.0,90.0,113.0,623,0,3,0,0,0.0,0.0,0.0
2026-05-07,6833,太康精密,27.66,28.0,26.8,27.35,44,0,0,0,0,0.0,0.0,0.0
2026-05-07,6834,天二科技,40.9,43.75,40.2,43.75,2483,694,90,0,4,13.27,86.72,100.0
2026-05-07,6835,圓裕,37.7,38.15,37.1,37.5,272,192,-11,0,1,6.46,93.53,100.0
2026-05-07,6838,台新藥,26.8,27.1,26.5,26.7,263,0,81,0,7,1.43,98.56,100.0
2026-05-07,6839,開陽能源,13.28,13.35,12.7,13.2,45,0,0,0,0,0.0,0.0,0.0
2026-05-07,6840,東研信超,67.4,68.5,66.7,66.7,89,11,-15,0,0,3.19,96.8,100.0
2026-05-07,6841,長佳智能,61.3,61.8,60.7,61.4,252,55,86,0,0,2.49,97.5,100.0
2026-05-07,6842,瑞宇,153.08,155.5,146.0,148.0,490,0,-5,0,0,0.0,0.0,0.0
2026-05-07,6843,進典,46.0,47.5,46.0,46.5,29,3,0,0,0,0.21,99.78,100.0
2026-05-07,6844,諾貝兒,63.9,63.9,63.3,63.4,5,0,-1,0,0,0.02,99.97,100.0
2026-05-07,6846,綠茵,69.6,69.6,68.5,68.6,32,6,12,0,0,0.2,99.79,100.0
2026-05-07,6847,普瑞博,62.57,65.0,62.3,65.0,89,0,0,0,0,0.0,0.0,0.0
2026-05-07,6848,拉法醫,19.05,19.55,18.9,19.35,29,0,0,0,0,0.0,0.0,0.0
2026-05-07,6849,奇鼎科技,253.11,255.0,234.0,244.0,655,0,1,0,0,0.0,0.0,0.0
2026-05-07,6850,光鼎生技,34.91,35.5,34.0,34.5,37,0,0,0,0,0.0,0.0,0.0
2026-05-07,6854,錼創科技-KY創,154.5,161.5,153.0,153.5,525,155,-31,0,2,32.51,67.48,100.0
2026-05-07,6855,數泓科,105.0,106.0,104.5,105.0,20,0,4,0,0,0.19,99.8,100.0
2026-05-07,6856,鑫傳,50.9,50.9,50.9,50.9,2,0,0,0,0,0.0,49.98,49.99
2026-05-07,6857,宏碁智醫,98.5,96.5,96.0,96.0,0,0,0,0,0,0.0,0.0,0.0
2026-05-07,6858,愛比科技,26.03,26.1,25.9,26.1,10,0,0,0,0,0.0,0.0,0.0
2026-05-07,6859,伯特光,124.5,125.5,122.0,122.5,114,12,16,0,0,15.4,84.59,100.0
2026-05-07,6861,睿生光電,376.0,409.5,361.0,405.0,567,0,38,0,0,1.99,98.0,100.0
2026-05-07,6862,三集瑞-KY,169.0,184.0,167.5,184.0,1124,141,12,0,51,65.83,34.16,100.0
2026-05-07,6863,永道-KY,100.5,102.5,100.5,101.5,143,6,57,0,0,69.64,30.35,100.0
2026-05-07,6864,元樟生技,59.19,60.0,57.8,58.5,58,0,0,0,0,0.0,0.0,0.0
2026-05-07,6865,偉康科技,36.15,36.55,36.0,36.35,40,4,4,0,0,0.4,99.59,100.0
2026-05-07,6867,坦德科技,23.95,24.3,23.25,24.15,29,0,0,0,0,0.0,0.0,0.0
2026-05-07,6868,采威國際,30.9,30.3,30.1,30.1,9,0,0,0,0,0.0,0.0,0.0
2026-05-07,6869,雲豹能源-創,82.7,88.1,82.1,86.9,981,304,175,0,14,2.64,97.35,100.0
2026-05-07,6869,雲豹能源,82.7,88.1,82.1,86.9,981,304,175,0,14,2.64,97.35,100.0
2026-05-07,6870,騰雲,180.0,185.0,177.5,180.0,67,10,-6,0,1,1.14,98.85,100.0
2026-05-07,6872,浩宇生醫,18.5,18.5,18.2,18.2,79,0,7,0,0,0.35,99.64,100.0
2026-05-07,6873,泓德能源-創,89.1,94.0,87.3,93.8,1006,205,300,0,11,8.09,91.9,100.0
2026-05-07,6873,泓德能源,89.1,94.0,87.3,93.8,1006,205,300,0,11,8.09,91.9,100.0
2026-05-07,6874,倍力,89.9,91.0,88.1,88.7,100,25,14,0,1,1.21,98.78,100.0
2026-05-07,6875,國邑*,36.45,36.7,35.55,35.7,132,0,-32,0,0,2.28,97.71,100.0
2026-05-07,6876,朗齊生醫*,20.01,21.55,20.0,20.9,296,0,0,0,0,0.0,0.0,0.0
2026-05-07,6877,鏵友益,174.5,176.5,168.5,170.5,1015,301,63,0,-2,7.11,92.88,100.0
2026-05-07,6878,歐付寶,9.96,10.65,9.9,10.65,30,0,2,0,0,0.0,0.0,0.0
2026-05-07,6879,大江基因,34.63,36.0,35.85,36.0,38,0,1,0,0,0.0,0.0,0.0
2026-05-07,6881,潤德,278.0,278.0,274.0,275.0,8,0,0,0,0,0.09,99.9,100.0
2026-05-07,6882,甲尚,19.26,20.05,18.6,18.95,235,0,0,0,0,0.0,0.0,0.0
2026-05-07,6883,微電能源,15.94,22.55,15.9,21.0,366,0,0,0,0,0.0,0.0,0.0
2026-05-07,6884,海柏特,34.1,34.35,34.0,34.0,15,0,-1,0,0,5.54,94.45,100.0
2026-05-07,6885,全福生技,23.5,23.5,22.3,22.8,570,83,-116,0,20,3.04,96.95,100.0
2026-05-07,6886,遠東生技,46.98,49.15,47.0,49.15,5,0,0,0,0,0.0,0.0,0.0
2026-05-07,6887,寶綠特-KY,40.2,40.2,39.0,39.95,81,4,3,0,-3,53.29,46.7,100.0
2026-05-07,6890,來億-KY,147.0,157.0,142.0,154.5,1352,593,-4,0,-5,87.37,12.62,100.0
2026-05-07,6891,樂迦再生,63.0,64.0,58.5,60.0,3132,0,-30,0,0,0.0,0.0,0.0
2026-05-07,6892,台寶生醫,26.39,26.5,25.4,25.5,92,0,-7,0,0,0.0,0.0,0.0
2026-05-07,6894,衛司特,345.5,362.0,343.0,343.0,260,99,-19,0,1,1.86,98.13,100.0
2026-05-07,6895,宏碩系統,168.5,171.0,167.0,169.0,81,12,19,0,0,4.57,95.42,100.0
2026-05-07,6898,程曦資訊,109.14,110.5,105.5,109.0,33,0,0,0,0,0.0,0.0,0.0
2026-05-07,6899,創為精密,53.0,53.8,53.0,53.6,13,2,0,0,0,5.17,94.82,100.0
2026-05-07,6901,鑽石投資,13.2,13.3,13.0,13.2,950,109,394,0,2,0.55,99.44,100.0
2026-05-07,6902,GOGOLOOK-創,105.5,106.0,101.0,102.5,164,32,-33,0,0,3.3,96.68,100.0
2026-05-07,6902,GOGOLOOK,105.5,106.0,101.0,102.5,164,32,-33,0,0,3.3,96.68,100.0
2026-05-07,6903,巨漢,418.0,420.0,405.0,416.0,1149,520,102,0,0,4.8,95.19,100.0
2026-05-07,6904,伯鑫,115.0,115.0,115.0,115.0,1,0,0,0,0,0.07,99.92,100.0
2026-05-07,6906,現觀科,61.8,62.2,60.9,61.6,37,6,9,0,-1,9.64,90.35,100.0
2026-05-07,6907,雅特力-KY,133.0,139.0,129.5,132.5,1964,884,49,0,0,51.73,48.26,100.0
2026-05-07,6908,宏碁遊戲-創,41.0,41.0,40.25,40.4,15,0,3,0,0,0.52,99.47,100.0
2026-05-07,6909,創控,58.0,60.4,57.6,59.5,1187,482,12,0,0,8.07,91.92,100.0
2026-05-07,6910,德鴻,29.1,29.2,28.65,28.9,146,0,-10,0,0,4.86,95.13,100.0
2026-05-07,6911,群運,33.05,33.7,32.8,32.9,29,0,0,0,0,0.0,0.0,0.0
2026-05-07,6912,益鈞環科*,17.71,18.15,17.2,17.25,161,0,0,0,0,0.0,0.0,0.0
2026-05-07,6913,鴻呈,129.5,136.0,129.5,132.0,419,128,-30,0,8,2.1,97.89,100.0
2026-05-07,6914,阜爾運通,145.5,149.0,145.5,146.5,110,17,18,0,3,2.42,97.57,100.0
2026-05-07,6915,美強光,91.22,91.5,86.7,88.3,222,0,0,0,0,0.0,0.0,0.0
2026-05-07,6916,華凌,18.65,18.75,18.25,18.5,49,7,5,0,4,0.53,99.46,100.0
2026-05-07,6917,竟天,40.64,41.15,39.0,40.1,586,0,-36,0,0,0.0,0.0,0.0
2026-05-07,6918,愛派司,73.6,74.4,73.6,74.2,25,2,0,0,5,0.86,99.13,100.0
2026-05-07,6919,康霈*,102.5,104.0,101.0,101.0,5509,1954,907,0,14,12.75,87.24,100.0
2026-05-07,6920,恆勁科技,118.81,124.0,114.5,117.5,5627,0,-4,0,0,0.0,0.0,0.0
2026-05-07,6921,嘉雨思-創,92.9,95.5,91.3,92.6,80,0,4,0,4,30.08,69.91,100.0
2026-05-07,6922,宸曜,187.0,197.5,186.0,192.0,403,137,-20,0,22,1.02,98.97,100.0
2026-05-07,6923,中台,82.7,83.9,82.0,83.2,167,71,7,0,1,1.52,98.47,100.0
2026-05-07,6924,榮惠-KY創,93.9,94.3,93.1,94.0,19,0,2,0,0,77.81,22.18,100.0
2026-05-07,6925,意藍,66.2,66.9,65.9,65.9,44,3,-2,0,0,4.09,95.9,100.0
2026-05-07,6926,聖安生醫,64.08,66.5,63.5,63.8,13,0,0,0,0,0.0,0.0,0.0
2026-05-07,6927,聯合聚晶,53.07,54.1,51.8,52.8,130,0,7,0,0,0.0,0.0,0.0
2026-05-07,6928,攸泰科技,50.6,51.3,50.6,51.2,160,38,-10,0,0,0.63,99.36,100.0
2026-05-07,6929,佑全,24.25,25.0,24.1,25.0,32,0,-2,0,0,0.0,99.99,100.0
2026-05-07,6931,青松健康,43.15,44.1,41.5,43.7,311,98,79,0,2,0.59,99.4,100.0
2026-05-07,6932,水星生醫*,7.71,8.0,7.61,7.99,189,0,0,0,0,0.0,0.0,0.0
2026-05-07,6933,AMAX-KY,171.0,175.0,169.0,170.5,216,69,-23,0,1,31.08,68.91,100.0
2026-05-07,6934,心誠鎂,79.4,79.9,78.4,78.6,71,0,19,0,1,12.49,87.5,100.0
2026-05-07,6935,王子製藥,31.2,31.3,31.1,31.2,112,0,0,0,0,0.0,0.0,0.0
2026-05-07,6936,永鴻生技,34.6,34.6,33.95,34.1,86,7,13,0,0,0.59,99.4,100.0
2026-05-07,6937,天虹,322.5,328.5,315.5,320.0,688,296,-14,0,0,2.76,97.23,100.0
2026-05-07,6938,藍新資訊,119.66,120.0,99.2,111.0,198,0,0,0,0,0.0,0.0,0.0
2026-05-07,6939,啟弘生技,26.0,27.85,24.6,24.6,61,0,-2,0,0,0.0,0.0,0.0
2026-05-07,6940,格斯科技*,20.71,20.95,20.4,20.6,1176,0,0,0,0,0.0,0.0,0.0
2026-05-07,6944,兆聯實業,990.0,1005.0,972.0,985.0,1425,542,365,-12,39,14.51,85.48,100.0
2026-05-07,6945,圓祥生技,171.19,175.0,169.0,173.5,242,0,0,0,0,0.0,0.0,0.0
2026-05-07,6946,三地能源,13.78,13.85,12.7,13.3,67,0,0,0,0,0.0,0.0,0.0
2026-05-07,6947,台鎔科技,79.03,79.4,78.3,79.2,59,0,0,0,0,0.0,0.0,0.0
2026-05-07,6949,沛爾生醫-創,686.0,706.0,670.0,684.0,309,112,6,0,0,2.41,97.58,100.0
2026-05-07,6951,青新-創,81.0,81.1,80.4,81.1,51,9,14,0,3,2.16,97.83,100.0
2026-05-07,6952,大武山,36.85,37.8,36.85,37.8,39,10,4,0,-2,0.37,99.62,100.0
2026-05-07,6953,家碩,293.5,293.5,280.5,284.0,262,70,-7,0,0,1.36,98.63,100.0
2026-05-07,6955,邦睿生技-創,158.0,164.5,158.0,161.0,42,0,-3,0,5,17.72,82.27,100.0
2026-05-07,6957,裕慶-KY,160.0,162.0,160.0,162.0,57,9,3,0,1,6.6,93.39,100.0
2026-05-07,6958,日盛台駿,19.05,19.25,18.9,19.1,63,5,14,0,2,0.44,99.55,100.0
2026-05-07,6959,兆捷科技,129.41,132.5,127.5,129.5,270,0,0,0,0,0.0,0.0,0.0
2026-05-07,6961,旅天下,60.2,60.9,59.8,60.5,235,0,24,0,0,0.49,99.5,100.0
2026-05-07,6962,奕力-KY,35.5,38.1,35.0,36.75,8129,2666,1925,0,60,42.43,57.56,100.0
2026-05-07,6963,品元,27.2,0.0,0.0,0.0,0,0,0,0,0,0.0,0.0,0.0
2026-05-07,6965,中傑-KY,86.1,86.9,85.2,85.9,48,17,-4,0,2,77.32,22.67,100.0
2026-05-07,6967,汎瑋材料,86.8,89.0,84.2,84.4,484,169,-69,0,2,2.67,97.32,100.0
2026-05-07,6968,萬達寵物,43.1,43.2,42.65,42.8,85,8,2,0,0,1.03,98.96,100.0
2026-05-07,6969,成信實業*-創,29.0,29.0,28.5,28.8,33,0,0,0,3,0.46,99.53,100.0
2026-05-07,6971,惠民實業,28.5,29.05,28.35,29.05,87,9,0,0,0,0.27,99.72,100.0
2026-05-07,6972,博瑞達應材,24.07,24.8,23.8,24.4,14,0,0,0,0,0.0,0.0,0.0
2026-05-07,6973,永立榮,35.44,35.95,35.3,35.95,20,0,0,0,0,0.0,0.0,0.0
2026-05-07,6976,育世博-KY,12.76,13.0,12.65,12.95,483,0,2,0,0,0.0,0.0,0.0
2026-05-07,6977,聯純,350.7,375.5,349.0,360.5,119,0,0,0,0,0.0,0.0,0.0
2026-05-07,6979,勝釩,230.92,296.0,238.0,290.0,137,0,0,0,0,0.0,0.0,0.0
2026-05-07,6980,鐳洋科技,181.65,179.0,167.5,170.0,258,0,0,0,0,0.0,0.0,0.0
2026-05-07,6982,大井泵浦,53.0,53.1,52.3,53.1,19,1,0,0,0,1.37,98.62,100.0
2026-05-07,6983,華洋精機,476.28,487.0,413.5,435.0,258,0,0,0,0,0.0,0.0,0.0
2026-05-07,6984,ACpay,20.44,21.2,19.35,19.35,6,0,0,0,0,0.0,0.0,0.0
2026-05-07,6986,和迅,61.48,62.5,61.5,62.1,124,0,4,0,0,0.0,0.0,0.0
2026-05-07,6987,寶晶能源*,20.1,20.15,19.8,20.0,172,0,0,0,0,0.0,0.0,0.0
2026-05-07,6988,威力暘-創,14.7,14.7,14.15,14.15,34,0,2,0,-1,3.8,96.19,100.0
2026-05-07,6990,華鉬,73.0,72.6,69.5,69.5,84,0,0,0,0,0.0,0.0,0.0
2026-05-07,6994,富威電力,64.5,66.2,63.8,65.4,453,103,61,0,-3,1.2,98.79,100.0
2026-05-07,6995,野獸國,48.11,48.5,48.0,48.5,16,0,0,0,0,0.0,0.0,0.0
2026-05-07,6996,力領科技,186.5,190.0,183.0,189.0,279,66,70,0,8,2.97,97.02,100.0
2026-05-07,6997,博弘,70.4,72.2,70.1,71.2,38,0,3,0,0,20.12,79.87,100.0
2026-05-07,6999,瀚醫生技,30.76,31.5,31.5,31.5,0,0,0,0,0,0.0,0.0,0.0
2026-05-07,7402,邑錡,123.0,123.5,120.5,122.0,279,74,-15,0,-4,9.93,90.06,100.0
2026-05-07,7419,達勝,132.43,140.5,129.5,131.0,418,0,0,0,0,0.0,0.0,0.0
2026-05-07,7427,華上生醫,41.66,41.4,38.0,39.45,465,0,0,0,0,0.0,0.0,0.0
2026-05-07,7443,凡事康,10.48,10.85,10.4,10.5,51,0,0,0,0,0.0,0.0,0.0
2026-05-07,7455,樺緯物聯,65.9,0.0,0.0,0.0,0,0,0,0,0,0.0,0.0,0.0
2026-05-07,7507,環拓科技,25.4,26.0,25.2,25.6,85,0,0,0,0,0.0,0.0,0.0
2026-05-07,7516,清淨海,8.98,9.31,8.85,9.26,32,0,0,0,0,0.0,0.0,0.0
2026-05-07,7530,鋒魁科技,48.2,48.5,46.7,47.1,740,0,0,0,0,0.0,0.0,0.0
2026-05-07,7547,碩網,72.5,76.6,71.8,74.6,651,467,0,0,0,24.12,75.87,100.0
2026-05-07,7551,知識科技,13.72,14.25,13.3,13.95,67,0,0,0,0,0.0,0.0,0.0
2026-05-07,7556,意德士,290.5,292.5,283.0,284.0,178,51,-45,0,6,3.22,96.77,100.0
2026-05-07,7558,群利科技,26.99,27.3,26.75,26.85,182,0,-3,0,0,0.0,0.0,0.0
2026-05-07,7561,光晟生技,20.4,20.5,19.6,19.75,15,0,0,0,0,0.0,0.0,0.0
2026-05-07,7562,博來科技,55.3,57.0,56.0,56.5,25,0,0,0,0,0.0,0.0,0.0
2026-05-07,7566,亞果遊艇,12.64,12.9,12.5,12.65,134,0,-3,0,0,0.0,0.0,0.0
2026-05-07,7575,安美得,21.0,21.1,20.6,20.75,16,0,0,0,0,0.0,0.0,0.0
2026-05-07,7578,利百景,33.61,33.95,33.25,33.55,77,0,0,0,0,0.0,0.0,0.0
2026-05-07,7583,國際海洋,67.7,67.7,64.6,67.7,7,0,0,0,0,0.0,0.0,0.0
2026-05-07,7584,樂意,32.9,33.9,32.9,33.3,26,3,-1,0,0,14.15,85.84,100.0
2026-05-07,7590,怡和國際,27.64,29.5,26.7,28.05,1093,0,-15,0,0,0.0,0.0,0.0
2026-05-07,7595,世基生醫,9.66,9.89,9.85,9.85,1,0,0,0,0,0.0,0.0,0.0
2026-05-07,7607,通用幹細胞*,14.55,15.1,14.45,15.05,18,0,0,0,0,0.0,0.0,0.0
2026-05-07,7610,聯友金屬-創,681.0,759.0,677.0,759.0,1077,0,97,0,25,16.24,83.75,100.0
2026-05-07,7631,聚賢研發-創,129.0,129.5,127.5,128.0,77,0,9,0,-1,0.91,99.08,100.0
2026-05-07,7642,昶瑞機電,73.5,76.4,73.5,76.4,216,61,-7,0,0,0.46,99.53,100.0
2026-05-07,7669,碩正科技,836.99,845.0,820.0,821.0,138,0,0,0,0,0.0,0.0,0.0
2026-05-07,7689,大鵬科CLMX,214.88,234.0,225.0,229.5,95,0,0,0,0,0.0,0.0,0.0
2026-05-07,7702,前端風電,18.59,19.1,18.4,18.55,15,0,0,0,0,0.0,0.0,0.0
2026-05-07,7703,銳澤,218.0,218.0,212.5,213.5,137,10,-35,0,0,1.45,98.54,100.0
2026-05-07,7704,明遠精密,61.6,61.6,58.5,58.5,257,27,74,0,0,0.69,99.3,100.0
2026-05-07,7705,三商餐飲,32.25,32.7,32.25,32.4,63,18,11,0,1,1.53,98.46,100.0
2026-05-07,7706,宏碁創達,41.0,43.15,43.15,43.15,0,0,0,0,0,0.0,0.0,0.0
2026-05-07,7707,益芯科,173.33,185.5,177.0,180.0,425,0,0,0,0,0.0,0.0,0.0
2026-05-07,7708,全家餐飲,91.3,91.3,90.3,90.6,24,0,-3,0,0,0.1,99.89,100.0
2026-05-07,7709,榮田,83.7,88.3,81.8,88.3,1130,411,129,0,3,2.26,97.73,100.0
2026-05-07,7710,東擎科技,260.55,273.0,260.0,273.0,18,0,0,0,0,0.0,0.0,0.0
2026-05-07,7711,永擎,445.0,471.0,440.0,471.0,582,0,4,0,12,1.56,98.43,100.0
2026-05-07,7712,博盛半導體,119.5,125.0,118.0,122.5,555,238,1,0,8,1.85,98.14,100.0
2026-05-07,7713,威力德生醫,68.0,69.0,68.0,68.6,62,2,-3,0,0,0.08,99.91,100.0
2026-05-07,7714,創泓科技,132.0,133.5,129.0,130.0,90,8,-8,0,-2,0.91,99.08,100.0
2026-05-07,7715,裕山,28.4,28.45,27.9,28.3,49,3,-7,0,0,0.92,99.07,100.0
2026-05-07,7716,昱臺國際,0.0,0.0,0.0,0.0,0,0,0,0,0,0.02,99.97,100.0
2026-05-07,7717,萊德光電-KY,700.0,700.0,649.0,661.0,576,257,9,-95,1,16.64,83.35,100.0
2026-05-07,7718,友鋮,49.2,49.2,48.9,48.9,8,0,-1,0,0,0.78,99.21,100.0
2026-05-07,7719,碳基,44.89,47.85,43.6,45.15,998,0,0,0,0,0.0,0.0,0.0
2026-05-07,7721,微程式,74.6,76.6,73.3,73.8,488,194,36,0,0,1.42,98.57,100.0
2026-05-07,7722,LINEPAY,279.5,282.0,276.5,282.0,152,40,27,0,0,59.58,40.41,100.0
2026-05-07,7723,築間,27.45,30.3,27.1,28.7,361,161,-39,0,0,0.38,99.61,100.0
2026-05-07,7724,諾亞克,24.22,25.1,24.2,24.4,2,0,0,0,0,0.0,0.0,0.0
2026-05-07,7725,列特博,22.45,23.0,22.0,22.0,15,0,0,0,0,0.0,0.0,0.0
2026-05-07,7726,暄達,34.05,34.0,33.8,34.0,30,0,0,0,0,0.0,0.0,0.0
2026-05-07,7728,光焱科技,777.0,777.0,714.0,759.0,406,201,1,0,0,2.2,97.79,100.0
2026-05-07,7729,仲恩生醫,76.65,77.7,74.1,75.9,210,0,0,0,0,0.0,0.0,0.0
2026-05-07,7730,暉盛-創,167.0,172.5,166.5,169.5,61,0,14,0,-2,2.25,97.74,100.0
2026-05-07,7731,火星生技*,6.33,6.57,5.94,6.16,2895,0,1,0,0,0.0,0.0,0.0
2026-05-07,7732,金興精密,35.85,35.9,35.25,35.9,17,2,2,0,0,0.43,99.56,100.0
2026-05-07,7734,印能科技,3885.0,3885.0,3635.0,3670.0,56,0,-4,-5,14,3.96,96.03,100.0
2026-05-07,7736,虎山,75.1,76.7,74.0,76.7,45,9,7,0,0,0.91,99.08,100.0
2026-05-07,7737,凱鈿,45.02,45.9,43.9,45.7,61,0,0,0,0,0.0,0.0,0.0
2026-05-07,7738,東聯互動,179.5,179.5,177.0,178.0,51,2,-8,0,0,0.47,99.52,100.0
2026-05-07,7740,熙特爾-創,175.0,175.0,167.0,168.5,484,116,32,0,0,4.88,95.11,100.0
2026-05-07,7742,天弘化,169.23,174.0,164.5,171.0,789,0,-3,0,0,0.0,0.0,0.0
2026-05-07,7743,金利食安,19.8,20.0,19.8,20.0,8,0,0,0,0,2.88,97.11,100.0
2026-05-07,7744,崴寶,573.0,573.0,545.0,556.0,143,42,-27,0,0,28.31,71.68,100.0
2026-05-07,7745,紅陽,18.72,18.6,18.5,18.6,8,0,0,0,0,0.0,0.0,0.0
2026-05-07,7747,昕奇雲端,132.0,132.0,129.5,132.0,20,0,-2,0,0,0.72,99.27,100.0
2026-05-07,7748,鑫囍創業,21.56,22.1,21.4,22.1,1,0,0,0,0,0.0,0.0,0.0
2026-05-07,7749,意騰-KY,518.0,518.0,491.0,505.0,992,310,-143,0,-5,24.31,75.68,100.0
2026-05-07,7750,新代,2590.0,2625.0,2525.0,2605.0,310,112,66,0,-1,15.18,84.81,100.0
2026-05-07,7751,竑騰,2200.0,2200.0,2155.0,2155.0,155,0,-30,0,0,5.09,94.9,100.0
2026-05-07,7752,世紀樺欣,36.18,36.65,35.5,36.0,111,0,0,0,0,0.0,0.0,0.0
2026-05-07,7753,星亞,42.05,43.35,41.65,42.25,60,12,9,0,0,0.16,99.83,100.0
2026-05-07,7754,安基生技,60.86,62.0,59.1,61.2,592,0,47,0,0,0.0,0.0,0.0
2026-05-07,7756,多那之,43.0,43.0,42.0,43.0,14,0,0,0,0,0.0,0.0,0.0
2026-05-07,7757,金色三麥,105.0,105.5,105.0,105.0,15,0,-1,0,0,19.51,80.48,100.0
2026-05-07,7758,睿騰能源,42.46,46.4,40.9,44.25,71,0,0,0,0,0.0,0.0,0.0
2026-05-07,7759,視航生醫,39.03,39.15,37.25,39.05,33,0,0,0,0,0.0,0.0,0.0
2026-05-07,7760,享溫馨,33.5,34.4,33.5,34.4,208,0,-5,0,-35,0.01,99.98,100.0
2026-05-07,7761,三大未來,43.66,44.65,40.85,42.45,345,0,0,0,0,0.0,0.0,0.0
2026-05-07,7762,吉晟生,47.74,48.15,47.0,47.65,97,0,0,0,0,0.0,0.0,0.0
2026-05-07,7763,崇舜,276.86,286.5,265.0,275.0,543,0,0,0,0,0.0,0.0,0.0
2026-05-07,7764,聖州,13.62,14.4,13.85,14.25,179,0,0,0,0,0.0,0.0,0.0
2026-05-07,7765,中華資安,246.0,255.0,237.0,243.0,387,90,-75,0,-7,0.38,99.61,100.0
2026-05-07,7767,仁大資訊,44.2,44.25,44.2,44.2,20,0,0,0,0,0.1,99.89,100.0
2026-05-07,7768,頌勝科技,388.0,408.0,380.0,384.5,1832,0,-42,0,-12,1.49,98.5,100.0
2026-05-07,7769,鴻勁,5820.0,5900.0,5780.0,5835.0,758,226,44,119,1,19.99,80.0,100.0
2026-05-07,7770,君曜,48.05,48.05,47.5,47.7,23,0,3,0,-1,0.23,99.76,100.0
2026-05-07,7771,綠基,64.4,64.9,61.0,61.0,38,0,0,0,0,0.0,0.0,0.0
2026-05-07,7772,耀穎,213.68,216.0,204.0,212.0,424,0,0,0,0,0.0,99.99,100.0
2026-05-07,7773,富禾生醫,27.44,28.35,27.0,28.3,100,0,0,0,0,0.0,0.0,0.0
2026-05-07,7776,奧孟亞,27.27,28.1,26.95,27.85,52,0,0,0,0,0.0,0.0,0.0
2026-05-07,7777,能率亞洲,29.05,30.0,28.85,28.95,1031,329,-50,0,16,0.27,99.72,100.0
2026-05-07,7779,鍇睿國際,15.06,15.05,15.05,15.05,0,0,0,0,0,0.0,0.0,0.0
2026-05-07,7780,大研生醫*,18.6,18.8,18.55,18.75,2102,264,419,0,3,0.67,99.32,100.0
2026-05-07,7781,昕力資*,29.82,30.0,29.05,29.25,3788,0,-1,0,0,0.0,0.0,0.0
2026-05-07,7782,光速火箭,27.9,27.9,27.55,27.55,15,0,-5,0,0,0.27,99.72,100.0
2026-05-07,7783,佳運,97.3,98.1,94.8,95.0,6,0,0,0,0,0.0,0.0,0.0
2026-05-07,7784,安邦生技*,9.3,12.65,9.84,11.85,3881,0,-537,0,0,0.0,0.0,0.0
2026-05-07,7785,北祥科服,38.0,37.35,37.0,37.0,13,0,0,0,0,0.0,0.0,0.0
2026-05-07,7786,東方風能,135.0,140.0,135.0,137.5,135,0,36,0,-2,1.36,98.63,100.0
2026-05-07,7788,松川精密,164.0,173.0,163.0,171.5,918,216,425,0,21,5.14,94.85,100.0
2026-05-07,7789,開展,33.53,35.3,32.0,35.15,17,0,0,0,0,0.0,0.0,0.0
2026-05-07,7790,思必瑞特,49.05,50.4,46.0,48.8,12,0,0,0,0,0.0,0.0,0.0
2026-05-07,7791,皇家可口,65.9,65.9,64.6,64.6,56,9,-22,0,0,0.58,99.41,100.0
2026-05-07,7792,安葆,333.0,334.5,324.0,325.5,271,24,-32,0,-4,18.88,81.11,100.0
2026-05-07,7794,宏碁智新,32.8,32.8,30.8,30.9,263,0,0,0,-11,1.35,98.64,100.0
2026-05-07,7795,長廣,383.0,395.5,378.0,380.0,398,0,18,0,1,6.63,93.35,100.0
2026-05-07,7796,擷發科,117.6,118.0,114.5,116.5,134,0,0,0,0,0.0,0.0,0.0
2026-05-07,7797,Q Burger,57.38,61.0,58.0,59.0,24,0,0,0,0,0.0,0.0,0.0
2026-05-07,7798,將捷,15.45,15.55,14.8,15.2,24,0,0,0,0,0.0,0.0,0.0
2026-05-07,7799,禾榮科,356.5,363.5,355.0,361.5,249,70,48,0,0,4.05,95.94,100.0
2026-05-07,7801,華芸科技,178.97,179.0,166.5,173.5,96,0,0,0,0,0.0,0.0,0.0
2026-05-07,7803,雲象科技-創,30.09,31.4,29.9,30.8,229,0,0,0,0,0.0,0.0,0.0
2026-05-07,7805,威聯通,719.0,719.0,706.0,713.0,106,20,11,0,-1,9.1,90.89,100.0
2026-05-07,7806,精華生醫,71.68,73.0,71.7,73.0,4,0,0,0,0,0.0,0.0,0.0
2026-05-07,7808,訊聯智藥,40.56,41.4,39.4,40.5,73,0,0,0,0,0.0,0.0,0.0
2026-05-07,7810,捷創科技,219.0,219.0,214.0,217.5,125,15,22,0,0,0.68,99.31,100.0
2026-05-07,7811,民盛,81.4,81.5,80.1,80.2,71,0,5,0,-21,0.34,99.65,100.0
2026-05-07,7812,稜研科技*,88.63,90.3,86.0,86.8,175,0,0,0,0,0.0,0.0,0.0
2026-05-07,7813,宇辰系統,150.62,166.0,156.0,159.5,244,0,-1,0,0,0.0,0.0,0.0
2026-05-07,7814,海昌生技,41.09,42.0,40.8,41.65,41,0,0,0,0,0.0,0.0,0.0
2026-05-07,7815,新特,464.61,478.5,436.5,457.5,250,0,-1,0,0,0.0,0.0,0.0
2026-05-07,7816,來穎,68.46,68.9,66.6,67.0,68,0,1,0,0,0.0,0.0,0.0
2026-05-07,7818,溢泰實業,110.0,109.0,101.0,103.0,156,0,-15,0,0,0.0,0.0,0.0
2026-05-07,7819,精誠金融,70.91,71.0,66.0,68.2,59,0,0,0,0,0.0,0.0,0.0
2026-05-07,7820,立盈,143.0,143.5,138.5,142.0,176,0,-9,0,0,0.05,99.94,100.0
2026-05-07,7821,神數,46.15,46.4,46.0,46.05,351,0,61,0,0,0.28,99.71,100.0
2026-05-07,7822,倍利科,1320.0,1335.0,1275.0,1300.0,254,0,14,0,-1,0.5,99.49,100.0
2026-05-07,7823,奧義賽博-KY創,93.6,93.6,88.5,90.6,56,0,-7,0,-3,25.73,74.26,100.0
2026-05-07,7824,智寶,43.91,44.0,43.35,44.0,6,0,0,0,0,0.0,0.0,0.0
2026-05-07,7825,和亞智慧,125.75,129.5,119.0,120.0,302,0,0,0,0,0.0,0.0,0.0
2026-05-07,7826,極風雲創,54.96,55.0,46.5,46.8,42,0,0,0,0,0.0,0.0,0.0
2026-05-07,7827,漢康-KY創,138.42,140.0,134.0,138.5,395,0,10,0,0,0.0,0.0,0.0
2026-05-07,7828,創新服務,1245.0,1275.0,1185.0,1190.0,288,0,-11,0,-1,21.69,78.3,100.0
2026-05-07,7829,思捷優達-KY,43.77,43.9,42.0,43.85,113,0,0,0,0,0.0,0.0,0.0
2026-05-07,7831,捷博,37.1,0.0,0.0,0.0,0,0,0,0,0,0.0,0.0,0.0
2026-05-07,7832,智新生技*,12.93,13.0,12.75,12.95,301,0,0,0,0,0.0,0.0,0.0
2026-05-07,7833,綠岩能源,29.03,30.0,28.55,29.9,16,0,0,0,0,0.0,0.0,0.0
2026-05-07,7834,來毅數位,19.68,20.3,19.65,20.3,6,0,0,0,0,0.0,0.0,0.0
2026-05-07,7836,智生活,52.96,53.0,52.4,52.6,11,0,0,0,0,0.0,0.0,0.0
2026-05-07,7837,啟新生,101.69,104.0,101.0,104.0,15,0,0,0,0,0.0,0.0,0.0
2026-05-07,7839,達人網,62.0,59.5,59.5,59.5,0,0,0,0,0,0.0,0.0,0.0
2026-05-07,7840,祥圃,36.8,0.0,0.0,0.0,0,0,0,0,0,0.0,0.0,0.0
2026-05-07,7841,經貿聯網,30.4,30.3,29.8,30.3,12,0,0,0,0,0.0,0.0,0.0
2026-05-07,7842,天能綠電,153.61,154.0,150.0,153.0,68,0,0,0,0,0.0,0.0,0.0
2026-05-07,7843,英柏得,116.14,131.5,114.5,127.0,672,0,1,0,0,0.0,0.0,0.0
2026-05-07,7846,德揚,95.34,96.4,91.8,92.2,23,0,0,0,0,0.0,0.0,0.0
2026-05-07,7847,豊漁,22.78,22.9,22.05,22.9,20,0,0,0,0,0.0,0.0,0.0
2026-05-07,7848,騏億鑫,482.8,485.0,472.0,477.0,17,0,0,0,0,0.0,0.0,0.0
2026-05-07,7849,旭誼,138.19,143.5,139.0,143.5,1,0,0,0,0,0.0,0.0,0.0
2026-05-07,7850,寶泰生醫,20.67,21.1,20.45,21.05,132,0,0,0,0,0.0,0.0,0.0
2026-05-07,7851,慧康生技*-KY,31.26,38.4,30.65,38.1,420,0,0,0,0,0.0,0.0,0.0
2026-05-07,7853,政美應用,383.25,381.5,333.5,342.5,2638,0,-23,0,0,0.0,0.0,0.0
2026-05-07,7854,佐茂,78.11,89.0,77.6,88.5,150,0,0,0,0,0.0,0.0,0.0
2026-05-07,7855,和運租車,100.28,100.5,99.3,99.9,9,0,0,0,0,0.0,0.0,0.0
2026-05-07,7856,漢測,3455.32,3450.0,3135.0,3300.0,147,0,10,0,0,0.0,0.0,0.0
2026-05-07,7857,合水先進,52.98,55.1,50.4,53.0,69,0,0,0,0,0.0,0.0,0.0
2026-05-07,7858,芝普,244.28,248.0,219.0,240.0,283,0,0,0,0,0.0,0.0,0.0
2026-05-07,7860,得生製藥,61.4,61.4,61.4,61.4,0,0,0,0,0,0.0,0.0,0.0
2026-05-07,7861,貝爾威勒,890.88,909.0,880.0,899.0,99,0,0,0,0,0.0,0.0,0.0
2026-05-07,7862,聚泰,40.75,41.2,41.2,41.2,0,0,0,0,0,0.0,0.0,0.0
2026-05-07,7863,中科物流,45.6,45.6,45.6,45.6,6,0,0,0,0,0.0,0.0,0.0
2026-05-07,7865,金聯成,44.55,46.3,43.75,44.0,29,0,0,0,0,0.0,0.0,0.0
2026-05-07,7866,丹立,259.26,291.0,262.0,281.5,1064,0,-2,0,0,0.0,0.0,0.0
2026-05-07,7867,特力屋,55.03,55.3,55.0,55.0,17,0,0,0,0,0.0,0.0,0.0
2026-05-07,7868,聖育,93.55,96.7,88.9,93.9,190,0,0,0,0,0.0,0.0,0.0
2026-05-07,7869,宏于電機,400.07,419.5,400.0,410.5,5,0,0,0,0,0.0,0.0,0.0
2026-05-07,7870,聯剛科技,170.43,172.0,169.0,170.0,6,0,0,0,0,0.0,0.0,0.0
2026-05-07,7871,安立璽榮-KY,71.15,72.0,69.5,70.3,659,0,0,0,0,0.0,0.0,0.0
2026-05-07,7872,登豐,71.62,74.7,61.0,63.7,353,0,0,0,0,0.0,0.0,0.0
2026-05-07,7875,安圖斯,147.18,148.5,138.5,138.5,34,0,0,0,0,0.0,0.0,0.0
2026-05-07,7876,鼎晉生技,39.03,39.1,38.0,38.95,127,0,0,0,0,0.0,0.0,0.0
2026-05-07,7877,海利普,40.5,40.55,40.0,40.35,66,0,0,0,0,0.0,0.0,0.0
2026-05-07,7878,藥祇,292.91,299.5,288.0,290.5,185,0,8,0,0,0.0,0.0,0.0
2026-05-07,7879,益材科技,139.45,140.5,124.0,132.5,801,0,0,0,0,0.0,0.0,0.0
2026-05-07,7880,聖凰,218.75,220.0,211.0,212.5,206,0,-1,0,0,0.0,0.0,0.0
2026-05-07,7881,科明,104.54,109.5,104.5,107.0,42,0,0,0,0,0.0,0.0,0.0
2026-05-07,7882,倍利創投,22.76,23.0,22.3,22.65,310,0,0,0,0,0.0,0.0,0.0
2026-05-07,7883,饗賓,280.02,290.0,278.0,290.0,60,0,0,0,0,0.0,0.0,0.0
2026-05-07,7885,宏羚,22.4,23.45,22.35,23.45,4,0,0,0,0,0.0,0.0,0.0
2026-05-07,7886,科建,210.21,211.0,201.5,206.0,112,0,0,0,0,0.0,0.0,0.0
2026-05-07,7887,宇川精材,276.37,275.0,264.0,265.5,1082,0,1,0,0,0.0,0.0,0.0
2026-05-07,7888,麗寶新藥,40.07,40.0,39.0,39.6,12,0,0,0,0,0.0,0.0,0.0
2026-05-07,7889,騰勢,90.9,90.9,90.9,90.9,0,0,0,0,0,0.0,0.0,0.0
2026-05-07,7890,明曜科技,117.28,125.0,119.0,124.0,23,0,0,0,0,0.0,0.0,0.0
2026-05-07,7891,博研醫藥,22.42,23.0,22.5,22.55,34,0,0,0,0,0.0,0.0,0.0
2026-05-07,7892,元鈦科,994.08,1000.0,930.0,946.0,429,0,0,0,0,0.0,0.0,0.0
2026-05-07,7893,睿信,221.51,226.0,219.0,224.5,86,0,0,0,0,0.0,0.0,0.0
2026-05-07,7895,元進莊,70.31,70.9,70.0,70.0,14,0,0,0,0,0.0,0.0,0.0
2026-05-07,7896,喬越,312.69,314.5,300.5,314.5,19,0,0,0,0,0.0,0.0,0.0
2026-05-07,7897,禾迅綠電,39.64,40.15,39.7,39.7,7,0,0,0,0,0.0,0.0,0.0
2026-05-07,7899,景美,606.54,609.0,581.0,590.0,374,0,1,0,0,0.0,0.0,0.0
2026-05-07,7901,大大寬頻,74.36,76.4,71.3,74.8,19,0,0,0,0,0.0,0.0,0.0
2026-05-07,7902,宇越生醫*,41.0,42.35,40.1,41.6,268,0,0,0,0,0.0,0.0,0.0
2026-05-07,7904,任開數位,24.35,0.0,0.0,0.0,0,0,0,0,0,0.0,0.0,0.0
2026-05-07,7907,錸恩帕斯,295.39,300.0,285.0,298.0,63,0,0,0,0,0.0,0.0,0.0
2026-05-07,7909,鈺祥,961.02,970.0,905.0,930.0,427,0,-7,0,0,0.0,0.0,0.0
2026-05-07,7911,阿波羅電力,140.15,142.0,135.0,138.0,265,0,6,0,0,0.0,0.0,0.0
2026-05-07,7912,新聿科,390.12,525.0,370.5,484.5,567,0,0,0,0,0.0,0.0,0.0
2026-05-07,7915,廌家,726.09,756.0,685.0,710.0,99,0,0,0,0,0.0,0.0,0.0
2026-05-07,8011,台通,19.85,19.9,19.6,19.65,1548,784,66,0,5,2.88,97.11,100.0
2026-05-07,8016,矽創,244.0,265.5,242.0,265.5,5281,2004,206,-8,78,33.72,66.27,100.0
2026-05-07,8021,尖點,428.0,428.0,420.0,425.5,589,0,-47,-16,24,18.65,81.34,100.0
2026-05-07,8024,佑華,12.75,12.75,12.4,12.5,102,0,-62,0,0,2.35,97.64,100.0
2026-05-07,8027,鈦昇,202.5,206.0,198.0,204.0,3502,0,710,0,11,18.29,81.7,100.0
2026-05-07,8028,昇陽半導體,240.0,241.5,228.5,229.0,10197,3263,-255,450,-206,21.56,78.43,100.0
2026-05-07,8032,光菱,42.25,43.1,41.8,41.9,295,78,-15,0,0,1.04,98.95,100.0
2026-05-07,8033,雷虎,150.0,154.0,146.5,151.5,3431,1456,70,0,-74,7.67,92.32,100.0
2026-05-07,8034,榮群,23.9,23.9,23.7,23.7,390,68,41,0,0,9.46,90.53,100.0
2026-05-07,8038,長園科,44.95,45.85,43.8,45.35,791,0,-45,0,0,0.71,99.28,100.0
2026-05-07,8039,台虹,137.5,141.5,134.5,136.5,8210,4077,-510,0,66,13.76,86.23,100.0
2026-05-07,8040,九暘,82.0,82.6,78.5,80.0,2575,963,-55,0,3,2.31,97.68,100.0
2026-05-07,8042,金山電,79.4,85.0,77.3,85.0,10045,4463,-193,0,90,12.8,87.19,100.0
2026-05-07,8043,蜜望實,93.2,100.5,92.6,95.4,16013,10433,308,0,203,5.48,94.51,100.0
2026-05-07,8044,網家,22.55,23.05,22.4,22.9,342,53,99,0,0,6.06,93.93,100.0
2026-05-07,8045,達運光電,75.1,75.4,72.2,72.4,646,58,-166,0,-8,1.16,98.83,100.0
2026-05-07,8046,南電,970.0,980.0,932.0,947.0,11915,7883,1129,45,32,11.52,88.47,100.0
2026-05-07,8047,星雲,55.7,55.7,54.0,54.0,91,0,-5,0,0,0.7,99.29,100.0
2026-05-07,8048,德勝,61.3,63.0,60.3,62.6,351,107,80,0,0,14.37,85.62,100.0
2026-05-07,8049,晶采,25.2,25.45,25.1,25.2,203,17,8,0,0,2.6,97.39,100.0
2026-05-07,8050,廣積,44.0,44.85,43.85,44.45,525,108,-5,0,0,3.34,96.65,100.0
2026-05-07,8054,安國,107.0,109.0,106.0,107.0,3341,1054,-857,0,-8,12.45,87.54,100.0
2026-05-07,8058,耐特,118.59,120.0,114.5,116.5,319,0,-5,0,0,0.0,0.0,0.0
2026-05-07,8059,凱碩,20.6,20.6,20.35,20.5,292,0,5,0,0,0.74,99.25,100.0
2026-05-07,8064,東捷,110.5,112.0,104.5,108.0,5558,0,-453,0,-57,12.91,87.08,100.0
2026-05-07,8066,來思達,17.0,17.1,16.8,17.1,174,10,8,0,0,2.96,97.03,100.0
2026-05-07,8067,志旭,0.0,0.0,0.0,0.0,0,0,0,0,0,8.42,91.57,100.0
2026-05-07,8068,全達,24.35,24.4,23.4,23.45,368,68,-87,0,0,9.93,90.06,100.0
2026-05-07,8069,元太,146.5,157.0,145.0,153.0,14987,4373,2506,-4,259,36.74,63.25,100.0
2026-05-07,8070,長華*,49.4,49.4,48.2,48.45,5035,1637,-1212,-30,1,9.37,90.62,100.0
2026-05-07,8071,能率網通,17.9,17.9,17.15,17.2,577,143,-59,0,0,4.66,95.33,100.0
2026-05-07,8072,陞泰,28.6,29.0,27.95,28.5,292,89,69,0,0,1.68,98.31,100.0
2026-05-07,8074,鉅橡,84.5,85.0,81.0,81.2,4021,1136,-717,0,-94,8.72,91.27,100.0
2026-05-07,8076,伍豐,22.6,23.7,22.5,23.7,1878,372,139,0,2,5.86,94.13,100.0
2026-05-07,8077,洛碁,41.0,41.0,39.8,40.35,10,0,0,0,0,51.12,48.87,100.0
2026-05-07,8080,永利聯合,29.35,29.85,28.75,29.55,43,0,-2,0,0,0.11,99.88,100.0
2026-05-07,8080,泰霖,29.35,29.85,28.75,29.55,43,0,-2,0,0,0.11,99.88,100.0
2026-05-07,8081,致新,262.5,263.0,254.0,257.5,1546,496,-361,2,-36,21.48,78.51,100.0
2026-05-07,8083,瑞穎,175.0,177.0,174.0,176.0,81,50,-3,0,0,3.74,96.25,100.0
2026-05-07,8084,巨虹,45.4,45.5,44.85,45.3,38,0,-3,0,0,1.17,98.82,100.0
2026-05-07,8085,福華,12.5,12.7,12.3,12.5,420,0,118,0,0,4.08,95.91,100.0
2026-05-07,8086,宏捷科,159.0,159.5,151.0,155.0,7605,3974,131,0,50,29.51,70.48,100.0
2026-05-07,8087,華鎂鑫,33.0,33.1,32.85,32.85,50,1,-1,0,0,3.12,96.87,100.0
2026-05-07,8087,麗升能源,33.0,33.1,32.85,32.85,50,1,-1,0,0,3.12,96.87,100.0
2026-05-07,8088,品安,55.0,56.5,53.7,55.1,4698,2525,-524,0,0,3.43,96.56,100.0
2026-05-07,8089,康全電訊,20.8,21.15,20.45,20.9,298,66,90,0,0,3.97,96.02,100.0
2026-05-07,8091,翔名,192.0,194.0,188.0,189.5,693,227,-15,0,2,12.19,87.8,100.0
2026-05-07,8092,建暐,18.0,18.0,17.8,17.95,128,0,1,0,0,0.52,99.47,100.0
2026-05-07,8093,保銳,19.1,20.0,19.05,19.7,67,0,11,0,0,0.07,99.92,100.0
2026-05-07,8096,擎亞,97.2,99.0,94.6,95.8,15020,7210,-3646,0,-45,24.01,75.98,100.0
2026-05-07,8097,常珵,52.3,52.4,51.6,51.6,81,14,-15,0,0,1.99,98.0,100.0
2026-05-07,8098,慶康科技,391.7,389.0,369.0,382.5,88,0,0,0,0,0.0,0.0,0.0
2026-05-07,8099,大世科,62.1,62.4,61.8,61.8,33,6,-6,0,0,3.46,96.53,100.0
2026-05-07,8101,華冠,12.5,12.5,11.9,12.35,16,0,0,0,0,0.05,99.94,100.0
2026-05-07,8102,傑霖科技,69.5,70.0,67.1,68.0,78,0,2,0,0,0.09,99.9,100.0
2026-05-07,8103,瀚荃,117.0,127.0,115.5,121.5,2720,1326,142,0,119,25.81,74.18,100.0
2026-05-07,8104,錸寶,34.9,35.3,34.55,34.6,633,190,50,0,1,1.64,98.35,100.0
2026-05-07,8105,凌巨,13.5,14.0,13.4,13.85,2016,514,785,0,-10,40.57,59.42,100.0
2026-05-07,8107,大億金茂,12.55,12.55,12.2,12.3,213,25,-42,0,0,0.77,99.22,100.0
2026-05-07,8109,博大,122.0,122.5,119.0,122.0,216,27,79,0,0,5.74,94.25,100.0
2026-05-07,8110,華東,52.5,52.9,50.4,51.1,19633,9202,-2645,0,-42,2.55,97.44,100.0
2026-05-07,8111,立碁,69.0,69.7,67.4,69.2,2277,980,-43,0,110,12.73,87.26,100.0
2026-05-07,8112,至上,88.8,88.8,86.4,86.9,12652,4974,-341,-6,-139,25.15,74.84,100.0
2026-05-07,8114,振樺電,179.0,182.0,178.0,180.5,482,78,114,0,3,12.52,87.39,100.0
2026-05-07,8119,公信,13.54,14.05,12.2,12.95,957,0,-18,0,0,0.0,0.0,0.0
2026-05-07,8121,越峰,30.35,33.75,30.3,32.85,2597,0,-19,0,0,1.67,98.31,100.0
2026-05-07,8131,福懋科,73.2,73.8,70.1,70.3,13772,5380,-1008,0,-51,3.15,96.84,100.0
2026-05-07,8147,正淩,167.5,167.5,155.0,157.0,1177,242,-65,0,2,14.76,85.23,100.0
2026-05-07,8150,南茂,90.0,98.1,84.5,98.1,80749,43724,-11270,10866,796,50.87,49.12,100.0
2026-05-07,8155,博智,460.5,480.0,441.5,449.0,4866,2497,-29,37,-95,11.99,88.0,100.0
2026-05-07,8162,微矽電子-創,51.5,57.5,50.7,56.2,1073,335,31,0,28,1.24,98.75,100.0
2026-05-07,8163,達方,28.7,28.8,28.15,28.5,1258,283,157,0,0,6.28,93.71,100.0
2026-05-07,8171,天宇,22.15,22.15,21.65,21.85,304,6,-8,0,0,2.88,97.11,100.0
2026-05-07,8176,智捷,10.3,10.3,10.05,10.2,274,0,32,0,0,0.96,99.03,100.0
2026-05-07,8182,加高,39.2,43.1,38.35,43.1,4051,1862,95,0,-24,51.79,48.2,100.0
2026-05-07,8183,精星,34.2,34.35,33.85,33.95,357,55,-35,0,-29,3.69,96.3,100.0
2026-05-07,8201,無敵,12.55,12.75,12.55,12.7,93,0,4,0,2,0.74,99.25,100.0
2026-05-07,8210,勤誠,1400.0,1450.0,1240.0,1290.0,8188,3871,-1150,732,-45,12.16,87.78,100.0
2026-05-07,8213,志超,37.1,38.25,37.1,37.9,906,152,370,0,1,22.01,77.98,100.0
2026-05-07,8215,明基材,31.4,31.4,29.5,29.6,18151,7061,-934,0,821,2.57,97.42,100.0
2026-05-07,8222,寶一,37.2,37.5,36.7,37.25,257,83,74,0,-1,3.02,96.97,100.0
2026-05-07,8227,巨有科技,200.0,204.0,199.5,204.0,2892,488,528,0,144,4.88,95.11,100.0
2026-05-07,8234,新漢,74.2,74.8,72.9,73.3,1346,365,-275,0,7,6.19,93.8,100.0
2026-05-07,8240,華宏,69.9,70.6,68.6,68.7,2609,1007,-268,0,0,7.18,92.81,100.0
2026-05-07,8249,菱光,50.6,51.0,49.95,50.4,695,122,283,0,0,1.8,98.19,100.0
2026-05-07,8255,朋程,143.0,148.5,141.0,146.0,1074,308,382,0,31,12.03,87.96,100.0
2026-05-07,8261,富鼎,124.5,128.5,122.5,128.0,8069,3064,-1213,0,111,6.87,93.12,100.0
2026-05-07,8271,宇瞻,248.5,249.0,246.5,248.0,1263,0,158,-1,10,17.91,82.08,100.0
2026-05-07,8272,全景軟體,70.9,70.9,69.0,69.2,11,0,-2,0,0,0.23,99.76,100.0
2026-05-07,8277,商丞,7.52,7.52,7.3,7.3,172,0,1,0,0,1.9,98.09,100.0
2026-05-07,8279,生展,96.5,97.0,96.2,96.7,47,7,7,0,0,5.52,94.47,100.0
2026-05-07,8284,三竹,64.0,64.4,63.9,64.0,14,0,0,0,0,0.99,99.0,100.0
2026-05-07,8289,泰藝,46.95,52.5,46.7,52.5,6858,2905,134,0,1,4.9,95.09,100.0
2026-05-07,8291,尚茂,32.2,32.2,32.2,32.2,163,0,0,0,0,73.43,26.56,100.0
2026-05-07,8298,威睿,49.12,51.0,47.2,47.2,76,0,2,0,0,0.0,0.0,0.0
2026-05-07,8299,群聯,2395.0,2500.0,2320.0,2390.0,12419,6657,-318,275,122,39.3,60.69,100.0
2026-05-07,8329,台視,10.63,10.6,10.15,10.15,18,0,0,0,0,0.0,0.0,0.0
2026-05-07,8341,日友,75.3,75.5,74.7,75.5,334,87,2,0,-3,4.16,95.83,100.0
2026-05-07,8342,益張,0.0,0.0,0.0,0.0,0,0,0,0,0,0.17,99.82,100.0
2026-05-07,8345,超秦,56.23,56.9,55.8,56.0,18,0,0,0,0,0.0,0.0,0.0
2026-05-07,8349,恒耀,43.55,46.2,43.55,45.0,366,65,-15,0,0,1.33,98.66,100.0
2026-05-07,8354,冠好,15.1,15.5,15.1,15.5,84,30,6,0,0,0.74,99.25,100.0
2026-05-07,8358,金居,458.5,500.0,434.0,469.0,34882,21520,-699,889,497,35.49,64.5,100.0
2026-05-07,8359,錢櫃,65.12,65.9,64.0,65.8,63,0,0,0,0,0.0,0.0,0.0
2026-05-07,8367,建新國際,42.1,42.15,41.85,41.9,111,6,2,0,1,2.06,97.93,100.0
2026-05-07,8374,羅昇,91.1,92.3,89.0,90.5,1191,594,32,0,1,2.51,97.48,100.0
2026-05-07,8383,千附,64.5,66.7,63.2,66.7,2444,868,-35,0,8,16.55,83.44,100.0
2026-05-07,8390,金益鼎,95.0,95.0,92.8,94.4,1147,312,231,0,37,16.97,83.02,100.0
2026-05-07,8401,白紗科,24.45,24.55,24.2,24.4,60,1,3,0,0,0.23,99.76,100.0
2026-05-07,8403,盛弘,21.25,21.35,21.1,21.15,256,7,-24,0,0,1.74,98.25,100.0
2026-05-07,8404,百和興業-KY,16.85,18.1,16.85,17.75,940,178,-101,0,16,53.04,46.95,100.0
2026-05-07,8409,商之器,19.85,19.85,19.65,19.7,41,0,0,0,0,0.12,99.87,100.0
2026-05-07,8410,森田,36.8,36.8,36.4,36.6,29,4,4,0,0,0.8,99.19,100.0
2026-05-07,8411,福貞-KY,12.15,12.35,12.05,12.35,91,15,13,0,-5,53.77,46.22,100.0
2026-05-07,8415,大國鋼,33.8,34.05,33.7,33.9,410,33,205,0,-93,6.2,93.79,100.0
2026-05-07,8416,實威,174.0,174.0,171.0,171.5,9,0,0,0,0,0.76,99.23,100.0
2026-05-07,8421,旭源,13.65,13.8,13.6,13.7,53,11,-12,0,0,0.85,99.14,100.0
2026-05-07,8422,可寧衛,27.85,28.4,27.15,28.4,16925,5086,2955,-144,-138,4.54,95.45,100.0
2026-05-07,8422,可寧衛*,27.85,28.4,27.15,28.4,16925,5086,2955,-144,-138,4.54,95.45,100.0
2026-05-07,8423,保綠-KY,17.95,18.0,17.8,17.95,33,1,0,0,0,24.81,75.18,100.0
2026-05-07,8424,惠普,74.3,74.4,74.0,74.2,16,2,1,0,0,0.5,99.49,100.0
2026-05-07,8426,紅木-KY,23.2,23.5,22.85,22.85,44,9,-2,0,0,67.52,32.47,100.0
2026-05-07,8429,金麗-KY,6.5,6.57,6.4,6.55,328,20,72,0,1,30.3,69.69,100.0
2026-05-07,8431,匯鑽科,63.1,63.8,61.9,62.0,1002,390,-109,0,-2,2.57,97.42,100.0
2026-05-07,8432,東生華,50.3,51.0,50.3,50.8,25,2,0,0,0,1.02,98.97,100.0
2026-05-07,8433,弘帆,54.2,54.7,53.5,54.0,67,12,29,0,0,1.38,98.61,100.0
2026-05-07,8435,鉅邁,56.4,56.4,56.1,56.2,21,0,-2,0,0,0.54,99.45,100.0
2026-05-07,8436,大江,119.0,123.0,118.5,123.0,620,55,121,-20,2,14.63,85.35,100.0
2026-05-07,8437,大地-KY,11.7,12.1,11.7,11.8,35,5,3,0,0,24.1,75.89,100.0
2026-05-07,8438,昶昕,90.0,92.5,87.6,90.4,848,366,123,0,0,3.94,96.05,100.0
2026-05-07,8440,綠電,21.0,21.0,20.6,20.85,201,20,-39,0,0,1.29,98.7,100.0
2026-05-07,8442,威宏-KY,50.0,50.6,49.5,50.6,107,16,-20,0,0,58.0,41.99,100.0
2026-05-07,8443,阿瘦,11.65,11.8,11.65,11.8,24,0,4,0,0,3.82,96.17,100.0
2026-05-07,8444,綠河-KY,6.07,6.7,5.88,6.5,59,0,-16,0,0,58.58,41.41,100.0
2026-05-07,8446,華研,85.0,86.2,84.5,85.2,932,20,-16,0,0,4.84,95.15,100.0
2026-05-07,8450,霹靂,16.4,16.45,16.0,16.25,55,0,-3,0,0,0.62,49.36,49.99
2026-05-07,8454,富邦媒,179.5,192.0,178.5,189.0,1578,307,528,88,-1,13.0,86.99,100.0
2026-05-07,8455,大拓-KY,25.95,28.2,25.5,25.7,80,0,0,0,0,87.8,12.19,100.0
2026-05-07,8458,影一,15.59,16.2,15.45,16.15,8,0,0,0,0,0.0,0.0,0.0
2026-05-07,8462,柏文,147.5,147.5,146.5,147.5,124,13,32,0,1,4.15,95.84,100.0
2026-05-07,8463,潤泰材,22.15,22.5,22.1,22.25,95,17,19,0,-1,0.45,99.54,100.0
2026-05-07,8464,億豐,336.0,336.0,318.5,327.0,1711,559,-581,-1,-10,41.7,58.29,100.0
2026-05-07,8466,美吉吉-KY,15.45,15.65,15.4,15.65,58,4,18,0,0,50.37,49.62,100.0
2026-05-07,8467,波力-KY,137.0,137.0,130.0,131.0,104,15,4,0,0,46.47,53.52,100.0
2026-05-07,8472,夠麻吉,73.9,73.9,70.8,72.3,5,0,0,0,0,1.28,98.71,100.0
2026-05-07,8473,山林水,35.2,35.55,35.05,35.4,462,38,-99,0,-5,1.67,98.32,100.0
2026-05-07,8476,台境,17.6,17.6,17.1,17.3,319,52,29,0,2,1.26,98.73,100.0
2026-05-07,8476,台境*,17.6,17.6,17.1,17.3,319,52,29,0,2,1.26,98.73,100.0
2026-05-07,8477,創業家,13.65,13.85,13.6,13.6,53,0,6,0,0,0.18,99.81,100.0
2026-05-07,8478,東哥遊艇,169.0,169.0,166.5,168.0,166,31,3,0,-1,40.22,59.77,100.0
2026-05-07,8481,政伸,41.05,41.2,40.9,41.2,33,5,3,0,0,0.37,99.62,100.0
2026-05-07,8482,商億-KY,50.0,50.0,50.0,50.0,1,0,1,0,0,91.73,8.26,100.0
2026-05-07,8487,愛爾達-創,78.5,80.5,77.0,78.9,248,36,2,0,6,0.96,49.02,49.99
2026-05-07,8488,吉源-KY,10.05,10.1,9.93,10.05,15,4,9,0,0,69.86,30.13,100.0
2026-05-07,8489,三貝德,25.15,25.2,24.75,25.2,64,8,6,0,0,3.69,96.3,100.0
2026-05-07,8499,鼎炫-KY,260.0,288.0,260.0,288.0,262,61,44,0,2,71.78,28.21,100.0
2026-05-07,8905,裕國,37.05,38.15,37.05,38.15,7,1,1,0,0,0.48,99.51,100.0
2026-05-07,8906,花王,25.8,25.95,25.55,25.55,54,6,3,0,0,0.51,99.48,100.0
2026-05-07,8908,欣雄,38.85,39.1,38.5,39.1,129,16,-11,0,0,0.27,99.72,100.0
2026-05-07,8916,光隆,46.8,47.05,46.55,47.05,192,27,-29,0,0,3.11,96.88,100.0
2026-05-07,8917,欣泰,53.0,54.1,52.3,52.3,21,8,0,0,2,1.35,98.64,100.0
2026-05-07,8921,沈氏,17.8,18.45,17.8,18.0,7,0,0,0,0,0.18,99.81,100.0
2026-05-07,8923,時報,0.0,0.0,0.0,0.0,0,0,0,0,0,4.14,95.85,100.0
2026-05-07,8924,大田,64.0,64.2,62.9,63.8,325,32,-84,0,32,2.8,97.19,100.0
2026-05-07,8926,台汽電,46.3,47.0,45.75,46.75,2394,418,1110,-42,19,9.83,90.16,100.0
2026-05-07,8927,北基,21.25,21.25,20.5,20.6,539,91,-130,0,0,0.62,99.37,100.0
2026-05-07,8928,鉅明,20.75,21.0,20.75,21.0,72,0,32,0,0,0.34,99.65,100.0
2026-05-07,8929,富堡,14.75,14.75,14.4,14.5,112,5,-11,0,0,0.48,99.51,100.0
2026-05-07,8930,青鋼,30.1,30.1,29.3,29.55,159,5,8,0,0,2.68,97.31,100.0
2026-05-07,8931,大汽電,41.55,41.6,41.25,41.6,49,4,-3,0,0,0.29,99.7,100.0
2026-05-07,8932,智通*,92.8,92.8,90.5,91.5,1813,452,-399,0,32,28.65,71.34,100.0
2026-05-07,8933,愛地雅,5.91,5.92,5.85,5.86,449,0,-1,0,0,0.92,99.07,100.0
2026-05-07,8935,邦泰,18.95,19.6,18.65,18.8,782,0,135,0,0,1.05,98.94,100.0
2026-05-07,8936,國統,52.7,53.0,52.0,52.8,2575,287,1228,-28,0,11.03,88.96,100.0
2026-05-07,8937,合騏*,36.65,36.75,33.0,34.0,1185,413,146,0,-24,5.58,94.41,100.0
2026-05-07,8938,明安,56.5,56.7,55.4,56.5,576,49,57,0,-6,8.15,91.84,100.0
2026-05-07,8940,新天地,18.4,19.15,18.15,18.4,129,48,26,0,2,8.44,91.55,100.0
2026-05-07,8941,關中,44.15,44.8,43.7,44.2,10,2,0,0,0,0.18,99.81,100.0
2026-05-07,8942,森鉅,43.0,47.15,42.8,45.4,2090,737,145,0,0,13.64,86.35,100.0
2026-05-07,8996,高力,1160.0,1160.0,1070.0,1075.0,3857,1398,92,-334,15,33.87,66.12,100.0
2026-05-07,8999,台灣積層,37.12,36.7,36.7,36.7,0,0,0,0,0,0.0,0.0,0.0
2026-05-07,9103,美德醫療-DR,4.62,4.66,4.6,4.64,547,42,262,0,0,1.21,98.78,100.0
2026-05-07,9105,泰金寶-DR,5.82,5.85,5.73,5.75,22493,5849,-3195,0,-390,1.46,98.53,100.0
2026-05-07,9110,越南控-DR,2.95,3.0,2.81,2.98,84,0,0,0,0,0.04,99.95,100.0
2026-05-07,9136,巨騰-DR,0.0,0.0,0.0,0.0,0,0,0,0,0,3.39,96.6,100.0
2026-05-07,9802,鈺齊-KY,80.2,81.0,78.9,81.0,987,367,-126,245,71,42.08,57.91,100.0
2026-05-07,9902,台火,14.35,14.9,14.3,14.55,158,36,-38,0,4,1.68,98.31,100.0
2026-05-07,9904,寶成,25.7,26.1,25.55,25.95,14713,1988,-2891,-849,-26,39.21,60.78,100.0
2026-05-07,9905,大華,21.45,21.45,21.2,21.2,109,8,4,0,2,2.22,97.77,100.0
2026-05-07,9906,欣巴巴,37.75,37.9,37.0,37.1,230,50,13,0,-6,1.35,98.64,100.0
2026-05-07,9907,統一實,17.3,17.35,17.0,17.25,4900,936,-1352,488,47,15.76,84.23,100.0
2026-05-07,9908,大台北,29.5,29.6,29.45,29.45,280,34,31,0,-7,1.32,98.67,100.0
2026-05-07,9910,豐泰,68.5,70.8,68.0,70.1,3182,774,676,324,-11,9.21,90.78,100.0
2026-05-07,9911,櫻花,83.1,83.6,83.0,83.6,385,64,155,0,-3,18.56,81.43,100.0
2026-05-07,9912,偉聯,12.65,12.7,12.45,12.65,174,0,21,0,4,15.8,84.19,100.0
2026-05-07,9914,美利達,56.2,56.8,55.9,56.1,1679,479,-20,0,46,21.73,78.26,100.0
2026-05-07,9917,中保科,113.5,114.5,113.0,113.5,582,166,0,-104,-1,39.87,60.12,100.0
2026-05-07,9918,欣天然,43.35,44.0,43.1,43.6,130,22,47,0,0,2.59,97.4,100.0
2026-05-07,9919,康那香,14.25,14.35,14.15,14.35,493,16,202,0,4,4.62,95.37,100.0
2026-05-07,9921,巨大,68.3,69.0,67.6,67.8,2061,459,-134,0,-3,27.02,72.97,100.0
2026-05-07,9924,福興,43.3,43.6,43.2,43.4,183,2,47,0,1,10.78,89.21,100.0
2026-05-07,9925,新保,40.35,40.55,40.3,40.4,188,11,-3,0,0,17.61,82.38,100.0
2026-05-07,9926,新海,49.35,49.45,49.25,49.45,68,4,7,0,0,0.44,99.55,100.0
2026-05-07,9927,泰銘,68.5,68.8,68.0,68.5,155,16,52,0,-3,6.7,93.29,100.0
2026-05-07,9928,中視,17.65,17.7,17.5,17.7,43,2,0,0,1,0.0,0.0,0.0
2026-05-07,9929,秋雨,12.15,12.75,12.1,12.6,93,0,32,0,-1,0.45,99.54,100.0
2026-05-07,9930,中聯資源,69.5,70.8,69.5,70.1,61,12,7,0,-3,2.03,97.96,100.0
2026-05-07,9931,欣高,34.35,34.6,34.2,34.5,91,6,37,0,0,0.78,99.21,100.0
2026-05-07,9933,中鼎,36.8,37.65,36.8,37.3,4754,982,1556,1,-26,15.68,84.31,100.0
2026-05-07,9934,成霖,9.08,9.19,9.07,9.15,527,49,152,0,13,12.73,87.26,100.0
2026-05-07,9935,慶豐富,18.05,18.2,18.0,18.15,255,20,44,0,1,5.46,94.53,100.0
2026-05-07,9937,全國,56.4,56.8,56.3,56.8,28,3,18,0,-2,1.72,98.27,100.0
2026-05-07,9938,百和,45.7,45.75,45.0,45.6,2087,466,-805,360,16,10.83,89.16,100.0
2026-05-07,9939,宏全,111.5,111.5,110.0,110.5,1484,131,-776,-52,3,13.53,86.46,100.0
2026-05-07,9940,信義,19.7,19.75,19.6,19.75,494,40,94,0,-3,3.76,96.23,100.0
2026-05-07,9941,裕融,75.6,76.7,75.6,76.2,1947,344,-47,229,4,7.44,92.55,100.0
2026-05-07,9942,茂順,121.0,121.0,119.0,120.0,129,10,16,0,2,4.33,95.66,100.0
2026-05-07,9943,好樂迪,57.0,57.7,56.5,56.7,88,14,-14,0,0,1.21,98.78,100.0
2026-05-07,9944,新麗,16.35,16.45,16.25,16.45,122,1,7,0,1,1.06,98.93,100.0
2026-05-07,9945,潤泰新,23.5,23.6,23.3,23.6,7936,719,666,-8,-10,8.59,91.4,100.0
2026-05-07,9946,三發地產,15.65,15.85,15.5,15.85,578,64,154,0,4,2.4,97.59,100.0
2026-05-07,9949,琉園,24.4,24.75,24.4,24.75,8,0,0,0,0,2.6,97.39,100.0
2026-05-07,9950,萬國通,10.5,10.5,10.4,10.4,96,0,-14,0,0,0.05,99.94,100.0
2026-05-07,9951,皇田,53.9,54.1,53.6,53.8,168,20,-41,0,0,5.1,94.89,100.0
2026-05-07,9955,佳龍,30.0,30.25,30.0,30.15,348,61,111,0,-4,5.07,94.92,100.0
2026-05-07,9957,燁聯,6.61,6.6,6.38,6.47,868,0,0,0,0,0.0,0.0,0.0
2026-05-07,9958,世紀鋼,103.0,106.0,100.5,105.5,3035,811,964,0,31,13.09,86.9,100.0
2026-05-07,9960,邁達康,34.8,34.85,34.5,34.5,224,26,7,0,7,8.93,91.06,100.0
2026-05-07,9962,有益,9.52,9.54,9.38,9.47,103,11,-2,0,0,0.32,99.67,100.0
