date,stock_id,stock_name,open,high,low,close,volume,day_trading_volume,foreign_buy,trust_buy,dealer_buy,foreign_hold_ratio,foreign_remain_ratio,foreign_limit_ratio,macd_status
2026-06-18,50,元大台灣50,107.0,107.45,106.65,107.3,78557,0,14338,2200,-846,0.0,0.0,0.0,-
2026-06-18,51,元大中型100,145.5,147.75,145.5,147.7,117,0,0,0,68,0.0,0.0,0.0,-
2026-06-18,52,富邦科技,62.6,62.9,62.35,62.8,25192,0,3671,0,2461,0.0,0.0,0.0,-
2026-06-18,53,元大電子,245.45,245.45,244.5,244.95,25,0,0,0,0,0.0,0.0,0.0,-
2026-06-18,55,元大MSCI金融,42.91,43.69,42.91,43.46,1453,0,83,0,-504,0.0,0.0,0.0,-
2026-06-18,56,元大高股息,52.4,52.85,52.4,52.8,33652,0,8196,0,2483,0.0,0.0,0.0,-
2026-06-18,57,富邦摩台,317.5,317.55,315.9,317.2,39,0,0,0,28,0.0,0.0,0.0,-
2026-06-18,61,元大寶滬深,25.38,25.61,25.3,25.5,575,0,189,0,332,0.0,0.0,0.0,-
2026-06-18,1101,台泥,24.6,24.8,24.5,24.5,32351,0,-9248,52,6,0.0,0.0,0.0,多
2026-06-18,1102,亞泥,35.6,36.05,35.5,35.8,19588,0,1858,-909,349,0.0,0.0,0.0,多
2026-06-18,1103,嘉泥,13.9,13.9,13.65,13.8,232,0,-54,0,0,0.0,0.0,0.0,多
2026-06-18,1104,環泥,29.2,29.35,29.05,29.1,1604,0,-362,0,-16,0.0,0.0,0.0,多
2026-06-18,1108,幸福,13.9,13.95,13.8,13.9,148,0,-35,0,-1,0.0,0.0,0.0,多
2026-06-18,1109,信大,14.65,14.65,14.55,14.65,258,0,-14,0,-28,0.0,0.0,0.0,多
2026-06-18,1110,東泥,15.75,15.8,15.45,15.55,265,0,25,0,0,0.0,0.0,0.0,多
2026-06-18,1201,味全,12.45,12.55,12.45,12.55,489,0,34,0,0,0.0,0.0,0.0,多
2026-06-18,1203,味王,42.9,43.0,42.85,43.0,4,0,0,0,0,0.0,0.0,0.0,空
2026-06-18,1210,大成,55.1,55.7,54.7,54.7,3386,0,395,151,108,0.0,0.0,0.0,多
2026-06-18,1213,大飲,8.49,8.5,8.33,8.33,12,0,0,0,0,0.0,0.0,0.0,多
2026-06-18,1215,卜蜂,116.5,116.5,114.5,115.0,2068,0,-460,-240,0,0.0,0.0,0.0,多
2026-06-18,1216,統一,76.3,76.4,74.5,74.5,26980,0,-11886,8258,-5,0.0,0.0,0.0,多
2026-06-18,1217,愛之味,9.9,9.91,9.83,9.88,537,0,-42,0,-21,0.0,0.0,0.0,多
2026-06-18,1218,泰山,17.9,17.95,17.8,17.9,1195,0,-428,0,-13,0.0,0.0,0.0,空
2026-06-18,1219,福壽,12.55,12.6,12.5,12.6,269,0,-37,0,-31,0.0,0.0,0.0,多
2026-06-18,1220,台榮,11.75,11.8,11.65,11.7,78,0,12,0,-10,0.0,0.0,0.0,多
2026-06-18,1225,福懋油,33.0,33.0,32.1,32.25,271,0,-143,0,-5,0.0,0.0,0.0,多
2026-06-18,1227,佳格,28.8,29.25,28.8,29.1,2304,0,311,0,44,0.0,0.0,0.0,多
2026-06-18,1229,聯華,42.0,42.1,41.65,41.9,4134,0,3,21,54,0.0,0.0,0.0,多
2026-06-18,1231,聯華食,87.0,87.4,86.8,87.4,221,0,77,0,-5,0.0,0.0,0.0,多
2026-06-18,1232,大統益,143.5,143.5,142.5,143.0,222,0,-96,0,7,0.0,0.0,0.0,空
2026-06-18,1233,天仁,27.9,28.0,27.9,28.0,28,0,-2,0,2,0.0,0.0,0.0,多
2026-06-18,1234,黑松,35.2,35.2,34.8,34.85,118,0,-38,0,-1,0.0,0.0,0.0,多
2026-06-18,1235,興泰,37.95,38.25,36.1,37.65,21,0,0,0,0,0.0,0.0,0.0,空
2026-06-18,1236,宏亞,25.8,25.9,25.55,25.8,142,0,3,0,-1,0.0,0.0,0.0,多
2026-06-18,1240,茂生農經,58.5,58.5,58.3,58.4,11,0,0,0,0,0.0,0.0,0.0,多
2026-06-18,1256,鮮活果汁-KY,177.5,186.5,177.5,181.5,117,0,-13,0,12,0.0,0.0,0.0,空
2026-06-18,1259,安心,57.5,58.0,57.0,58.0,17,0,1,0,0,0.0,0.0,0.0,多
2026-06-18,1260,富味鄉,23.75,23.75,22.5,23.5,113,0,1,0,0,0.0,0.0,0.0,空
2026-06-18,1264,德麥,273.0,273.0,271.0,271.5,28,0,-5,0,-13,0.0,0.0,0.0,多
2026-06-18,1268,漢來美食,170.0,170.5,169.5,169.5,20,0,2,0,0,0.0,0.0,0.0,空
2026-06-18,1269,乾杯,68.79,69.5,69.5,69.5,0,0,0,0,0,0.0,0.0,0.0,多
2026-06-18,1271,晨暉生技,63.9,64.0,62.0,62.1,83,0,0,0,0,0.0,0.0,0.0,多
2026-06-18,1293,利統,26.75,27.85,26.7,27.85,6,0,0,0,0,0.0,0.0,0.0,空
2026-06-18,1294,漢田生技,80.2,81.5,79.0,79.0,120,0,7,0,0,0.0,0.0,0.0,多
2026-06-18,1295,生合,49.65,50.6,48.8,50.1,87,0,-20,0,0,0.0,0.0,0.0,多
2026-06-18,1301,台塑,48.4,51.8,48.4,51.7,188508,0,142290,-107362,375,0.0,0.0,0.0,多
2026-06-18,1303,南亞,139.0,139.0,135.0,139.0,134284,0,4408,331,-56,0.0,0.0,0.0,多
2026-06-18,1304,台聚,13.15,13.95,13.05,13.55,9380,0,2347,0,137,0.0,0.0,0.0,多
2026-06-18,1305,華夏,12.95,13.5,12.9,13.25,4734,0,-342,0,59,0.0,0.0,0.0,多
2026-06-18,1307,三芳,36.2,37.1,36.05,36.4,877,0,214,-14,53,0.0,0.0,0.0,多
2026-06-18,1308,亞聚,13.75,14.3,13.75,13.95,3483,0,446,0,-3,0.0,0.0,0.0,多
2026-06-18,1309,台達化,14.65,15.2,14.6,14.75,4208,0,-383,0,-44,0.0,0.0,0.0,空
2026-06-18,1310,台苯,8.75,9.34,8.72,9.26,12944,0,-771,0,-50,0.0,0.0,0.0,多
2026-06-18,1312,國喬,13.35,13.75,13.3,13.5,10651,0,-125,0,135,0.0,0.0,0.0,多
2026-06-18,1313,聯成,11.3,11.7,11.25,11.6,5487,0,2182,0,-12,0.0,0.0,0.0,多
2026-06-18,1314,中石化,7.64,7.89,7.64,7.78,23805,0,8606,0,49,0.0,0.0,0.0,多
2026-06-18,1315,達新,61.8,62.4,61.7,62.3,128,0,-3,0,-3,0.0,0.0,0.0,多
2026-06-18,1316,上曜,11.15,11.3,10.9,10.95,2549,0,-316,0,5,0.0,0.0,0.0,多
2026-06-18,1319,東陽,102.5,104.0,98.9,99.2,10059,0,2722,-4790,-249,0.0,0.0,0.0,多
2026-06-18,1321,大洋,31.85,33.15,31.85,32.15,446,0,-25,0,6,0.0,0.0,0.0,多
2026-06-18,1323,永裕,19.85,19.95,19.75,19.8,102,0,-3,0,0,0.0,0.0,0.0,空
2026-06-18,1324,地球,10.45,10.6,10.25,10.4,212,0,10,0,0,0.0,0.0,0.0,多
2026-06-18,1325,恆大,26.25,26.4,25.8,26.1,245,0,23,0,-1,0.0,0.0,0.0,空
2026-06-18,1326,台化,54.6,55.2,53.7,54.2,31264,0,428,1755,437,0.0,0.0,0.0,多
2026-06-18,1336,台翰,15.1,15.2,14.95,15.0,113,0,4,0,0,0.0,0.0,0.0,多
2026-06-18,1337,再生-KY,4.93,5.14,4.93,5.07,816,0,55,0,4,0.0,0.0,0.0,多
2026-06-18,1338,廣華-KY,17.25,17.3,17.1,17.2,86,0,12,0,1,0.0,0.0,0.0,多
2026-06-18,1339,昭輝,43.55,44.1,43.4,43.95,249,0,118,0,1,0.0,0.0,0.0,空
2026-06-18,1340,勝悅-KY,5.79,5.88,5.72,5.72,197,0,76,0,4,0.0,0.0,0.0,多
2026-06-18,1341,富林-KY,61.8,62.1,61.3,62.0,21,0,-4,0,0,0.0,0.0,0.0,空
2026-06-18,1342,八貫,118.0,121.0,115.5,116.0,1234,0,148,0,0,0.0,0.0,0.0,多
2026-06-18,1343,旭東環保,19.14,21.25,19.25,21.0,110,0,-16,0,0,0.0,0.0,0.0,多
2026-06-18,1402,遠東新,28.85,29.3,28.75,28.85,36194,0,-1123,7973,-14,0.0,0.0,0.0,多
2026-06-18,1409,新纖,25.95,26.85,25.4,25.6,40189,0,-14691,2,-246,0.0,0.0,0.0,空
2026-06-18,1410,南染,25.4,25.4,24.65,24.85,35,0,3,0,-4,0.0,0.0,0.0,多
2026-06-18,1413,宏洲,9.4,9.45,9.38,9.44,32,0,5,0,1,0.0,0.0,0.0,空
2026-06-18,1414,東和,17.4,17.6,17.35,17.5,99,0,-7,0,0,0.0,0.0,0.0,多
2026-06-18,1416,廣豐,11.15,11.15,11.05,11.1,420,0,54,0,-12,0.0,0.0,0.0,空
2026-06-18,1417,嘉裕,8.54,8.68,8.48,8.52,249,0,-14,0,-7,0.0,0.0,0.0,多
2026-06-18,1418,東華,18.95,18.95,18.35,18.5,14,0,-2,0,0,0.0,0.0,0.0,空
2026-06-18,1419,新紡,67.1,67.5,66.2,67.1,89,0,-8,0,4,0.0,0.0,0.0,多
2026-06-18,1423,利華,40.75,40.85,39.65,39.65,307,0,-113,0,-7,0.0,0.0,0.0,空
2026-06-18,1432,大魯閣,17.4,17.75,17.4,17.6,1058,0,-129,0,-1,0.0,0.0,0.0,多
2026-06-18,1434,福懋,16.9,17.3,16.9,16.95,2826,0,973,0,4,0.0,0.0,0.0,多
2026-06-18,1435,中福,14.1,14.1,14.1,14.1,17,0,0,0,0,0.0,0.0,0.0,多
2026-06-18,1436,華友聯,46.8,48.5,46.8,47.5,753,0,-2,0,-15,0.0,0.0,0.0,多
2026-06-18,1437,勤益控,29.6,29.7,29.45,29.55,107,0,-24,0,6,0.0,0.0,0.0,多
2026-06-18,1438,三地開發,22.55,22.7,22.15,22.25,109,0,-10,0,5,0.0,0.0,0.0,多
2026-06-18,1439,雋揚,25.3,25.3,25.3,25.3,1,0,1,0,0,0.0,0.0,0.0,空
2026-06-18,1440,南紡,13.7,14.15,13.3,13.3,4811,0,-2050,0,-2,0.0,0.0,0.0,空
2026-06-18,1441,大東,9.32,9.32,9.13,9.25,11,0,0,0,0,0.0,0.0,0.0,多
2026-06-18,1442,名軒,28.15,28.65,27.45,28.0,523,0,-44,0,0,0.0,0.0,0.0,多
2026-06-18,1443,立益,27.3,27.95,27.25,27.9,14,0,-3,0,2,0.0,0.0,0.0,多
2026-06-18,1443,立益物流,27.3,27.95,27.25,27.9,14,0,-3,0,2,0.0,0.0,0.0,多
2026-06-18,1444,力麗,7.04,7.19,7.0,7.04,1596,0,173,0,81,0.0,0.0,0.0,多
2026-06-18,1445,大宇,11.1,11.1,10.85,11.0,75,0,4,0,-2,0.0,0.0,0.0,空
2026-06-18,1446,宏和,16.8,17.0,16.7,16.7,218,0,60,0,1,0.0,0.0,0.0,多
2026-06-18,1447,力鵬,6.1,6.16,6.03,6.03,1595,0,-107,0,1,0.0,0.0,0.0,空
2026-06-18,1449,佳和,14.25,14.25,13.95,14.05,1044,0,-88,0,0,0.0,0.0,0.0,多
2026-06-18,1451,年興,16.75,16.85,16.75,16.75,125,0,-11,0,-2,0.0,0.0,0.0,多
2026-06-18,1452,宏益,11.2,11.25,11.0,11.15,180,0,-15,0,-6,0.0,0.0,0.0,多
2026-06-18,1453,大將,11.85,11.95,11.65,11.8,79,0,-8,0,4,0.0,0.0,0.0,多
2026-06-18,1454,台富,12.8,12.9,12.8,12.85,26,0,0,0,0,0.0,0.0,0.0,多
2026-06-18,1455,集盛,9.82,10.35,9.7,10.2,4663,0,2185,0,-9,0.0,0.0,0.0,多
2026-06-18,1456,怡華,15.2,15.5,14.75,15.5,186,0,-8,0,0,0.0,0.0,0.0,多
2026-06-18,1457,宜進,14.4,14.45,14.25,14.3,379,0,10,0,-17,0.0,0.0,0.0,空
2026-06-18,1459,聯發,11.8,11.8,11.7,11.8,36,0,-6,0,1,0.0,0.0,0.0,多
2026-06-18,1460,宏遠,7.24,7.27,7.15,7.2,612,0,-81,0,10,0.0,0.0,0.0,多
2026-06-18,1463,強盛新,17.5,17.6,17.4,17.6,45,0,-5,0,-1,0.0,0.0,0.0,多
2026-06-18,1464,得力,10.4,10.4,10.25,10.3,518,0,90,0,19,0.0,0.0,0.0,空
2026-06-18,1465,偉全,12.45,12.55,12.4,12.5,66,0,3,0,0,0.0,0.0,0.0,多
2026-06-18,1466,聚隆,14.1,14.85,13.8,14.3,817,0,246,0,3,0.0,0.0,0.0,多
2026-06-18,1467,南緯,7.3,7.36,7.27,7.28,230,0,-20,0,0,0.0,0.0,0.0,空
2026-06-18,1468,昶和,11.9,12.0,11.7,12.0,71,0,-3,0,2,0.0,0.0,0.0,多
2026-06-18,1470,大統新創,0.0,0.0,0.0,0.0,0,0,0,0,0,0.0,0.0,0.0,空
2026-06-18,1471,首利,10.9,11.2,10.8,10.95,1502,0,-352,0,-3,0.0,0.0,0.0,多
2026-06-18,1472,三洋實業,91.1,91.1,89.0,91.0,95,0,-15,0,-1,0.0,0.0,0.0,多
2026-06-18,1473,台南,20.55,20.65,20.2,20.2,105,0,4,0,2,0.0,0.0,0.0,空
2026-06-18,1474,弘裕,10.2,10.3,10.05,10.25,72,0,11,0,-9,0.0,0.0,0.0,多
2026-06-18,1475,業旺,27.3,27.5,26.7,27.4,52,0,18,0,2,0.0,0.0,0.0,多
2026-06-18,1476,儒鴻,325.0,333.0,321.0,327.0,2916,0,497,246,15,0.0,0.0,0.0,空
2026-06-18,1477,聚陽,217.0,221.5,216.5,221.5,4404,0,2832,-2101,-24,0.0,0.0,0.0,空
2026-06-18,1480,東盟開發,9.1,9.1,9.1,9.1,5,0,0,0,0,0.0,0.0,0.0,多
2026-06-18,1503,士電,238.5,244.0,233.5,241.5,8234,0,785,102,-78,0.0,0.0,0.0,多
2026-06-18,1504,東元,69.6,71.1,69.1,70.0,19762,0,45,-107,70,0.0,0.0,0.0,空
2026-06-18,1506,正道,10.6,10.6,10.25,10.3,250,0,-16,0,-3,0.0,0.0,0.0,多
2026-06-18,1512,瑞利,7.15,7.33,7.15,7.25,208,0,7,0,-1,0.0,0.0,0.0,多
2026-06-18,1513,中興電,173.0,176.5,171.0,176.5,17875,0,-1833,4004,133,0.0,0.0,0.0,空
2026-06-18,1514,亞力,120.5,123.0,119.5,121.5,3051,0,107,0,-15,0.0,0.0,0.0,空
2026-06-18,1515,力山,25.75,27.2,25.3,25.9,3323,0,-704,0,-80,0.0,0.0,0.0,多
2026-06-18,1516,川飛,20.5,20.55,20.4,20.5,40,0,4,0,0,0.0,0.0,0.0,空
2026-06-18,1517,利奇,10.55,10.65,10.35,10.5,324,0,16,0,-19,0.0,0.0,0.0,多
2026-06-18,1519,華城,806.0,833.0,798.0,833.0,4010,0,385,84,41,0.0,0.0,0.0,空
2026-06-18,1521,大億,26.55,26.7,26.5,26.6,72,0,-7,0,-4,0.0,0.0,0.0,空
2026-06-18,1522,堤維西,32.0,32.8,32.0,32.1,1442,0,-115,0,15,0.0,0.0,0.0,多
2026-06-18,1524,耿鼎,29.8,30.15,29.75,29.95,825,0,-53,0,2,0.0,0.0,0.0,空
2026-06-18,1525,江申,66.3,66.3,65.5,66.0,15,0,2,0,-3,0.0,0.0,0.0,空
2026-06-18,1526,日馳,14.45,14.55,14.35,14.55,107,0,13,0,1,0.0,0.0,0.0,多
2026-06-18,1527,鑽全,33.4,33.6,33.15,33.3,212,0,-37,0,-6,0.0,0.0,0.0,空
2026-06-18,1528,恩德,25.35,25.75,25.25,25.4,3125,0,52,0,0,0.0,0.0,0.0,空
2026-06-18,1529,樂事綠能,23.2,23.4,22.65,22.9,820,0,185,0,0,0.0,0.0,0.0,多
2026-06-18,1530,亞崴,30.6,31.95,30.5,30.55,131,0,4,0,0,0.0,0.0,0.0,空
2026-06-18,1531,高林股,12.95,12.95,12.8,12.9,85,0,9,0,-1,0.0,0.0,0.0,多
2026-06-18,1532,勤美,24.05,24.4,23.85,24.0,1216,0,-416,0,22,0.0,0.0,0.0,多
2026-06-18,1533,車王電,37.9,38.35,37.75,38.2,181,0,41,0,8,0.0,0.0,0.0,空
2026-06-18,1535,中宇,50.1,50.4,50.0,50.4,101,0,42,0,0,0.0,0.0,0.0,多
2026-06-18,1536,和大,48.75,49.2,48.4,48.7,1341,0,-271,0,11,0.0,0.0,0.0,空
2026-06-18,1537,廣隆,127.0,127.5,127.0,127.5,59,0,-3,0,-1,0.0,0.0,0.0,空
2026-06-18,1538,正峰,0.0,0.0,0.0,0.0,0,0,0,0,0,0.0,0.0,0.0,空
2026-06-18,1539,巨庭,15.8,15.85,15.65,15.7,89,0,26,0,0,0.0,0.0,0.0,空
2026-06-18,1540,喬福,22.15,22.25,21.75,21.9,254,0,-65,0,12,0.0,0.0,0.0,空
2026-06-18,1541,錩泰,22.15,22.65,21.5,22.0,19,0,-7,0,0,0.0,0.0,0.0,多
2026-06-18,1558,伸興,91.5,91.6,91.0,91.5,57,0,3,0,0,0.0,0.0,0.0,多
2026-06-18,1560,中砂,692.0,704.0,689.0,700.0,912,0,263,31,14,0.0,0.0,0.0,空
2026-06-18,1563,巧新,63.1,67.7,61.0,67.7,6707,0,-423,0,7,0.0,0.0,0.0,空
2026-06-18,1565,精華,94.1,95.0,93.4,93.9,133,0,-11,0,-3,0.0,0.0,0.0,多
2026-06-18,1568,倉佑,41.3,46.05,41.3,46.05,4203,0,-93,0,-7,0.0,0.0,0.0,空
2026-06-18,1569,濱川,48.6,49.05,48.35,48.7,522,0,-107,0,-77,0.0,0.0,0.0,空
2026-06-18,1570,力肯,42.7,42.8,41.0,41.9,306,0,39,0,0,0.0,0.0,0.0,空
2026-06-18,1580,新麥,124.0,124.5,123.5,124.0,85,0,20,0,0,0.0,0.0,0.0,空
2026-06-18,1582,信錦,92.2,95.4,91.5,93.8,2473,0,280,0,222,0.0,0.0,0.0,空
2026-06-18,1583,程泰,52.0,52.0,50.2,50.3,29,0,-8,0,0,0.0,0.0,0.0,空
2026-06-18,1584,精剛,19.8,19.8,19.55,19.65,742,0,123,0,0,0.0,0.0,0.0,多
2026-06-18,1586,和勤,20.95,21.3,20.7,21.3,707,0,-30,0,0,0.0,0.0,0.0,空
2026-06-18,1587,吉茂,28.15,28.5,27.95,28.05,233,0,-39,0,2,0.0,0.0,0.0,空
2026-06-18,1590,亞德客-KY,1345.0,1405.0,1340.0,1380.0,1226,0,136,14,-2,0.0,0.0,0.0,空
2026-06-18,1593,祺驊,30.25,30.45,30.0,30.45,15,0,0,0,0,0.0,0.0,0.0,空
2026-06-18,1594,日高,8.29,8.21,7.62,8.21,85,0,-5,0,0,0.0,0.0,0.0,空
2026-06-18,1595,川寶,77.4,79.4,76.4,77.0,981,0,53,0,0,0.0,0.0,0.0,空
2026-06-18,1597,直得,149.0,161.0,148.0,158.0,2508,0,-586,0,61,0.0,0.0,0.0,空
2026-06-18,1598,岱宇,20.3,20.4,20.1,20.2,278,0,-68,0,3,0.0,0.0,0.0,空
2026-06-18,1599,宏佳騰,23.3,23.5,23.25,23.4,118,0,-6,0,0,0.0,0.0,0.0,多
2026-06-18,1603,華電,32.05,32.05,31.65,31.7,315,0,-39,0,-17,0.0,0.0,0.0,空
2026-06-18,1604,聲寶,23.2,23.25,23.1,23.15,392,0,-50,0,-13,0.0,0.0,0.0,空
2026-06-18,1605,華新,39.2,40.45,38.4,39.0,61750,0,-12550,-109,554,0.0,0.0,0.0,空
2026-06-18,1608,華榮,34.9,35.1,34.55,34.65,3243,0,-751,-14,-6,0.0,0.0,0.0,空
2026-06-18,1609,大亞,38.4,38.95,38.05,38.15,5527,0,131,0,9,0.0,0.0,0.0,空
2026-06-18,1611,中電,13.3,13.4,13.0,13.0,1281,0,-401,0,-33,0.0,0.0,0.0,空
2026-06-18,1612,宏泰,38.15,38.45,38.0,38.3,1200,0,303,-13,42,0.0,0.0,0.0,空
2026-06-18,1614,三洋電,31.9,32.45,31.7,31.9,50,0,-6,0,2,0.0,0.0,0.0,空
2026-06-18,1615,大山,44.9,45.3,44.9,45.2,140,0,28,0,0,0.0,0.0,0.0,多
2026-06-18,1616,億泰,22.55,22.75,22.0,22.15,710,0,-166,0,0,0.0,0.0,0.0,空
2026-06-18,1617,榮星,16.5,16.5,16.0,16.2,174,0,-1,0,0,0.0,0.0,0.0,空
2026-06-18,1618,合機,42.15,42.35,41.75,41.8,835,0,-58,0,9,0.0,0.0,0.0,空
2026-06-18,1623,大東電,216.5,220.0,214.0,220.0,164,0,18,0,-10,0.0,0.0,0.0,空
2026-06-18,1626,艾美特-KY,10.15,10.15,9.94,9.97,345,0,7,0,-3,0.0,0.0,0.0,多
2026-06-18,1702,南僑,31.5,31.85,31.5,31.8,298,0,75,0,1,0.0,0.0,0.0,多
2026-06-18,1707,葡萄王,101.0,101.0,99.7,99.7,268,0,-160,0,0,0.0,0.0,0.0,多
2026-06-18,1708,東鹼,48.7,50.3,48.65,50.3,21194,0,8110,0,136,0.0,0.0,0.0,多
2026-06-18,1709,和益,21.2,21.55,20.95,21.25,1572,0,129,0,13,0.0,0.0,0.0,多
2026-06-18,1710,東聯,13.7,14.15,13.55,13.65,5332,0,384,0,-56,0.0,0.0,0.0,空
2026-06-18,1711,永光,44.45,46.7,44.35,45.3,8253,0,-146,0,107,0.0,0.0,0.0,空
2026-06-18,1712,興農,39.65,39.8,39.3,39.3,924,0,-530,0,22,0.0,0.0,0.0,多
2026-06-18,1713,國化,49.75,50.5,49.75,50.0,199,0,16,0,-8,0.0,0.0,0.0,多
2026-06-18,1714,和桐,20.05,20.7,20.05,20.35,31934,0,-5236,0,-72,0.0,0.0,0.0,多
2026-06-18,1717,長興,71.7,73.8,71.5,72.4,10878,0,948,208,23,0.0,0.0,0.0,空
2026-06-18,1718,中纖,10.1,10.1,9.53,9.86,14075,0,220,0,1295,0.0,0.0,0.0,多
2026-06-18,1720,生達,62.6,63.1,62.6,62.9,207,0,-30,0,6,0.0,0.0,0.0,多
2026-06-18,1721,三晃,24.3,24.95,23.6,23.8,2141,0,-375,0,-7,0.0,0.0,0.0,空
2026-06-18,1722,台肥,49.0,49.5,48.15,48.15,3646,0,-623,-5,-9,0.0,0.0,0.0,多
2026-06-18,1723,中碳,87.6,88.4,86.9,87.0,681,0,219,-4,-102,0.0,0.0,0.0,多
2026-06-18,1725,元禎,34.05,37.45,34.05,37.45,767,0,133,0,7,0.0,0.0,0.0,多
2026-06-18,1726,永記,78.6,79.0,78.1,78.4,48,0,-24,0,-1,0.0,0.0,0.0,空
2026-06-18,1727,中華化,95.6,97.9,93.5,94.1,11037,0,-1471,0,-13,0.0,0.0,0.0,空
2026-06-18,1730,花仙子,53.0,53.2,53.0,53.0,57,0,-2,0,0,0.0,0.0,0.0,多
2026-06-18,1731,美吾華,21.8,21.9,21.75,21.8,155,0,26,0,0,0.0,0.0,0.0,多
2026-06-18,1732,毛寶,26.15,26.4,26.15,26.3,55,0,18,0,0,0.0,0.0,0.0,空
2026-06-18,1733,五鼎,29.35,29.35,29.15,29.3,103,0,-14,0,1,0.0,0.0,0.0,空
2026-06-18,1734,杏輝,31.9,31.95,31.65,31.9,389,0,114,0,-3,0.0,0.0,0.0,多
2026-06-18,1735,日勝化,22.7,23.75,22.7,23.15,329,0,103,0,0,0.0,0.0,0.0,空
2026-06-18,1736,喬山,118.0,119.5,117.5,119.5,806,0,-93,0,-6,0.0,0.0,0.0,多
2026-06-18,1737,臺鹽,31.75,31.85,31.65,31.8,114,0,-2,0,-4,0.0,0.0,0.0,多
2026-06-18,1742,台蠟,15.65,15.7,15.45,15.6,75,0,1,0,0,0.0,0.0,0.0,多
2026-06-18,1752,南光,33.0,33.15,32.8,32.8,87,0,8,0,-1,0.0,0.0,0.0,多
2026-06-18,1760,寶齡富錦,60.2,60.8,59.9,59.9,306,0,-19,0,7,0.0,0.0,0.0,多
2026-06-18,1762,中化生,35.5,35.85,35.05,35.5,309,0,42,0,3,0.0,0.0,0.0,空
2026-06-18,1773,勝一,174.5,181.5,174.0,180.0,1205,0,252,0,14,0.0,0.0,0.0,空
2026-06-18,1776,展宇,19.0,19.0,18.5,18.75,208,0,6,0,-1,0.0,0.0,0.0,空
2026-06-18,1777,生泰,72.2,72.6,72.2,72.4,9,0,-1,0,0,0.0,0.0,0.0,多
2026-06-18,1780,立弘,27.8,28.5,26.5,26.95,974,0,40,0,0,0.0,0.0,0.0,空
2026-06-18,1781,合世,11.9,12.05,11.9,12.0,109,0,-1,0,0,0.0,0.0,0.0,多
2026-06-18,1783,和康生,38.6,38.85,38.55,38.75,62,0,8,0,2,0.0,0.0,0.0,多
2026-06-18,1784,訊聯,67.5,67.9,67.0,67.0,112,0,-11,0,1,0.0,0.0,0.0,多
2026-06-18,1785,光洋科,146.0,150.0,144.0,149.0,15295,0,1028,-2,530,0.0,0.0,0.0,多
2026-06-18,1786,科妍,53.9,53.9,53.4,53.5,297,0,66,0,0,0.0,0.0,0.0,空
2026-06-18,1788,杏昌,0.0,0.0,0.0,0.0,0,0,0,0,0,0.0,0.0,0.0,空
2026-06-18,1789,神隆,21.3,21.35,20.55,20.55,1367,0,-276,0,0,0.0,0.0,0.0,多
2026-06-18,1795,美時,193.0,196.0,193.0,193.0,972,0,161,-38,2,0.0,0.0,0.0,多
2026-06-18,1796,金穎生技,33.5,34.9,33.45,34.0,22,0,-3,0,0,0.0,0.0,0.0,空
2026-06-18,1799,易威,31.95,31.95,30.7,30.7,82,0,-10,0,0,0.0,0.0,0.0,空
2026-06-18,1802,台玻,70.3,73.5,69.9,71.3,121469,0,26659,645,1084,0.0,0.0,0.0,多
2026-06-18,1805,寶徠,10.25,10.4,10.25,10.35,160,0,27,0,-1,0.0,0.0,0.0,空
2026-06-18,1806,冠軍,8.2,8.34,8.18,8.22,490,0,58,0,-5,0.0,0.0,0.0,多
2026-06-18,1808,潤隆,32.6,33.15,32.0,32.25,3879,0,15,0,35,0.0,0.0,0.0,多
2026-06-18,1809,中釉,51.9,52.3,51.0,51.4,5665,0,-1118,0,-1,0.0,0.0,0.0,空
2026-06-18,1810,和成,20.35,20.35,19.75,19.9,2167,0,-413,0,25,0.0,0.0,0.0,空
2026-06-18,1813,寶利徠,11.85,11.9,11.75,11.85,43,0,-1,0,0,0.0,0.0,0.0,多
2026-06-18,1815,富喬,95.8,98.9,95.5,98.1,21723,0,3174,-4,22,0.0,0.0,0.0,空
2026-06-18,1817,凱撒衛,40.45,40.95,40.45,40.6,87,0,0,0,0,0.0,0.0,0.0,多
2026-06-18,1903,士紙,48.0,48.5,47.85,48.1,134,0,34,0,0,0.0,0.0,0.0,空
2026-06-18,1904,正隆,23.05,23.55,22.85,23.1,4402,0,724,0,-8,0.0,0.0,0.0,多
2026-06-18,1905,華紙,15.95,17.1,15.4,17.1,44217,0,4721,0,-318,0.0,0.0,0.0,多
2026-06-18,1906,寶隆,11.4,11.6,11.4,11.45,134,0,-9,0,1,0.0,0.0,0.0,多
2026-06-18,1907,永豐餘,27.6,28.3,27.15,28.2,6038,0,1902,0,18,0.0,0.0,0.0,多
2026-06-18,1909,榮成,10.0,10.25,9.95,10.2,5194,0,2108,0,11,0.0,0.0,0.0,多
2026-06-18,2002,中鋼,18.8,19.1,18.75,19.1,382619,0,319913,-286095,811,0.0,0.0,0.0,多
2026-06-18,2006,東和鋼鐵,69.3,70.1,68.1,69.5,8510,0,5548,-5723,93,0.0,0.0,0.0,多
2026-06-18,2007,燁興,7.31,7.47,7.3,7.39,483,0,57,0,0,0.0,0.0,0.0,空
2026-06-18,2008,高興昌,30.5,30.8,30.5,30.8,15,0,1,0,2,0.0,0.0,0.0,多
2026-06-18,2009,第一銅,40.05,40.25,39.3,39.5,2741,0,-786,0,-34,0.0,0.0,0.0,空
2026-06-18,2010,春源,24.95,25.15,24.7,24.85,2644,0,462,0,-2,0.0,0.0,0.0,多
2026-06-18,2012,春雨,14.55,14.65,14.4,14.6,177,0,28,0,-1,0.0,0.0,0.0,多
2026-06-18,2013,中鋼構,43.25,43.6,42.9,42.9,206,0,52,0,0,0.0,0.0,0.0,多
2026-06-18,2014,中鴻,17.8,17.95,17.6,17.7,4678,0,-158,0,0,0.0,0.0,0.0,空
2026-06-18,2015,豐興,62.4,62.9,60.7,60.7,634,0,-361,0,16,0.0,0.0,0.0,空
2026-06-18,2017,官田鋼,9.27,9.47,9.27,9.33,581,0,62,0,6,0.0,0.0,0.0,多
2026-06-18,2020,美亞,21.75,21.85,21.5,21.75,510,0,-191,0,-42,0.0,0.0,0.0,多
2026-06-18,2022,聚亨,7.79,7.82,7.7,7.72,709,0,-155,0,3,0.0,0.0,0.0,多
2026-06-18,2023,燁輝,13.95,14.15,13.95,13.95,2248,0,454,0,35,0.0,0.0,0.0,多
2026-06-18,2024,志聯,14.05,14.1,14.05,14.1,10,0,-1,0,1,0.0,0.0,0.0,多
2026-06-18,2025,千興,14.25,14.35,13.7,14.1,677,0,-21,0,8,0.0,0.0,0.0,多
2026-06-18,2027,大成鋼,41.5,42.1,40.8,41.0,22472,0,-2223,-784,-550,0.0,0.0,0.0,空
2026-06-18,2028,威致,16.6,16.75,16.55,16.6,177,0,31,0,0,0.0,0.0,0.0,多
2026-06-18,2029,盛餘,20.6,20.95,20.6,20.6,357,0,-50,0,-3,0.0,0.0,0.0,多
2026-06-18,2030,彰源,18.55,18.7,18.35,18.55,1262,0,501,0,14,0.0,0.0,0.0,空
2026-06-18,2031,新光鋼,39.4,39.7,38.95,39.05,762,0,-89,-11,0,0.0,0.0,0.0,空
2026-06-18,2032,新鋼,17.35,17.65,17.35,17.6,424,0,150,0,3,0.0,0.0,0.0,空
2026-06-18,2033,佳大,15.6,15.75,15.55,15.75,148,0,0,0,0,0.0,0.0,0.0,多
2026-06-18,2034,允強,20.9,21.05,20.7,20.85,1356,0,182,0,-51,0.0,0.0,0.0,多
2026-06-18,2035,唐榮,27.3,28.2,27.3,28.2,26,0,1,0,0,0.0,0.0,0.0,空
2026-06-18,2038,海光,14.0,14.0,13.8,13.85,429,0,125,0,-1,0.0,0.0,0.0,多
2026-06-18,2049,上銀,324.0,336.5,324.0,335.0,4602,0,-251,-11,121,0.0,0.0,0.0,空
2026-06-18,2059,川湖,6640.0,6895.0,6620.0,6865.0,447,0,24,-33,1,0.0,0.0,0.0,多
2026-06-18,2061,風青,50.0,52.8,49.3,52.8,6613,0,-785,0,0,0.0,0.0,0.0,多
2026-06-18,2062,橋椿,19.2,19.25,18.9,19.0,325,0,-36,0,0,0.0,0.0,0.0,多
2026-06-18,2063,世鎧,24.6,24.95,24.55,24.95,53,0,0,0,0,0.0,0.0,0.0,空
2026-06-18,2064,晉椿,13.15,13.55,13.1,13.4,253,0,3,0,0,0.0,0.0,0.0,空
2026-06-18,2065,世豐,34.7,35.1,34.1,34.5,61,0,-5,0,0,0.0,0.0,0.0,空
2026-06-18,2066,世德,63.1,65.2,62.8,64.7,177,0,9,0,0,0.0,0.0,0.0,多
2026-06-18,2067,嘉鋼,6.67,6.67,6.5,6.6,69,0,1,0,0,0.0,0.0,0.0,多
2026-06-18,2069,運錩,19.0,19.2,18.7,18.8,447,0,-121,0,-1,0.0,0.0,0.0,空
2026-06-18,2070,精湛,67.7,69.3,67.0,68.2,392,0,30,0,0,0.0,0.0,0.0,空
2026-06-18,2071,震南鐵,21.91,25.15,21.4,25.15,209,0,0,0,0,0.0,0.0,0.0,多
2026-06-18,2072,世紀風電,175.0,176.5,172.5,174.0,412,0,-3,-50,-4,0.0,0.0,0.0,空
2026-06-18,2073,雄順,25.5,25.5,25.5,25.5,4,0,0,0,0,0.0,0.0,0.0,多
2026-06-18,2101,南港,33.25,33.85,32.4,32.45,2600,0,-138,0,8,0.0,0.0,0.0,多
2026-06-18,2102,泰豐,18.4,18.7,18.25,18.35,225,0,13,0,0,0.0,0.0,0.0,多
2026-06-18,2103,台橡,21.2,22.05,21.2,21.4,4944,0,1962,0,32,0.0,0.0,0.0,多
2026-06-18,2104,國際中橡,10.2,10.45,10.2,10.35,3696,0,540,0,-16,0.0,0.0,0.0,空
2026-06-18,2105,正新,29.95,30.4,29.65,29.65,38482,0,1383,-1463,597,0.0,0.0,0.0,空
2026-06-18,2106,建大,17.8,18.15,17.8,17.85,806,0,-5,0,5,0.0,0.0,0.0,多
2026-06-18,2107,厚生,25.45,25.5,25.3,25.4,424,0,143,0,-49,0.0,0.0,0.0,空
2026-06-18,2108,南帝,29.2,29.6,28.7,28.7,1440,0,-238,0,10,0.0,0.0,0.0,空
2026-06-18,2109,華豐,14.6,14.65,14.5,14.65,119,0,-12,0,-8,0.0,0.0,0.0,多
2026-06-18,2114,鑫永銓,89.4,89.8,88.0,89.0,147,0,-39,0,-1,0.0,0.0,0.0,空
2026-06-18,2115,六暉-KY,20.8,20.9,20.45,20.6,187,0,-26,0,3,0.0,0.0,0.0,空
2026-06-18,2201,裕隆,28.15,28.5,27.85,28.1,4282,0,-502,-73,-9,0.0,0.0,0.0,多
2026-06-18,2204,中華,56.2,56.2,55.3,55.3,813,0,-357,-9,0,0.0,0.0,0.0,多
2026-06-18,2206,三陽工業,61.5,62.4,61.2,61.6,1150,0,-326,76,0,0.0,0.0,0.0,空
2026-06-18,2207,和泰車,460.0,482.0,460.0,482.0,8769,0,7673,-7092,18,0.0,0.0,0.0,空
2026-06-18,2208,台船,17.75,17.9,17.7,17.8,1821,0,-87,0,1,0.0,0.0,0.0,多
2026-06-18,2211,長榮鋼,94.3,95.5,94.3,95.5,571,0,95,-5,36,0.0,0.0,0.0,多
2026-06-18,2221,大甲,45.9,49.15,45.3,48.05,1249,0,-3,0,0,0.0,0.0,0.0,多
2026-06-18,2227,裕日車,50.0,50.0,49.3,49.3,53,0,-8,0,0,0.0,0.0,0.0,多
2026-06-18,2228,劍麟,88.8,89.6,88.2,89.0,215,0,112,0,-1,0.0,0.0,0.0,多
2026-06-18,2230,泰茂,26.65,27.9,26.55,27.1,197,0,22,0,0,0.0,0.0,0.0,空
2026-06-18,2231,為升,93.2,93.8,92.6,92.9,160,0,-48,0,-3,0.0,0.0,0.0,空
2026-06-18,2233,宇隆,309.0,309.0,301.0,305.5,651,0,-23,0,-7,0.0,0.0,0.0,空
2026-06-18,2235,謚源,0.0,0.0,0.0,0.0,0,0,0,0,0,0.0,0.0,0.0,空
2026-06-18,2236,百達-KY,133.5,137.0,133.0,136.5,318,0,81,0,0,0.0,0.0,0.0,空
2026-06-18,2237,華德動能,38.81,39.5,38.5,39.2,118,0,-2,0,0,0.0,0.0,0.0,空
2026-06-18,2239,英利-KY,23.05,23.2,22.7,22.7,31,0,3,0,0,0.0,0.0,0.0,空
2026-06-18,2241,艾姆勒,46.05,50.6,46.05,50.6,8362,0,2549,0,12,0.0,0.0,0.0,多
2026-06-18,2243,宏旭-KY,49.0,51.7,49.0,51.7,1614,0,-46,0,0,0.0,0.0,0.0,多
2026-06-18,2245,詠勝昌*,26.75,28.0,26.65,27.95,12,0,-1,0,0,0.0,0.0,0.0,多
2026-06-18,2247,汎德永業,237.0,241.0,237.0,238.0,81,0,32,0,0,0.0,0.0,0.0,多
2026-06-18,2248,華勝-KY,56.0,56.3,55.8,56.3,10,0,0,0,0,0.0,0.0,0.0,空
2026-06-18,2249,湧盛,111.73,112.5,109.5,112.0,55,0,0,0,0,0.0,0.0,0.0,空
2026-06-18,2250,IKKA-KY,61.5,62.6,61.5,61.7,95,0,4,0,0,0.0,0.0,0.0,空
2026-06-18,2252,為昇科,15.98,15.95,15.7,15.85,76,0,0,0,0,0.0,0.0,0.0,空
2026-06-18,2254,巨鎧精密-創,62.2,62.2,62.2,62.2,1,0,0,0,0,0.0,0.0,0.0,多
2026-06-18,2255,凱銳光電,17.58,17.6,16.4,17.6,86,0,-1,0,0,0.0,0.0,0.0,空
2026-06-18,2256,歐特明,69.99,73.5,69.9,72.5,102,0,-5,0,0,0.0,0.0,0.0,空
2026-06-18,2258,鴻華先進-創,32.15,33.3,32.05,33.0,985,0,147,-42,-14,0.0,0.0,0.0,多
2026-06-18,2301,光寶科,210.0,215.5,209.5,210.5,21201,0,4976,-4229,157,0.0,0.0,0.0,空
2026-06-18,2302,麗正,45.5,48.5,45.4,47.0,30436,0,-1895,0,-3,0.0,0.0,0.0,多
2026-06-18,2303,聯電,141.0,146.0,138.5,145.5,296426,0,65777,-49267,8305,0.0,0.0,0.0,空
2026-06-18,2305,全友,30.6,33.65,30.55,33.65,9123,0,-248,0,72,0.0,0.0,0.0,多
2026-06-18,2308,台達電,2190.0,2210.0,2150.0,2150.0,11324,0,210,-854,31,0.0,0.0,0.0,空
2026-06-18,2312,金寶,35.35,36.15,34.9,35.5,24934,0,1191,0,37,0.0,0.0,0.0,空
2026-06-18,2313,華通,266.0,267.5,259.0,259.5,40499,0,-6977,-205,-87,0.0,0.0,0.0,空
2026-06-18,2314,台揚,14.5,15.9,14.5,14.95,353,0,8,0,0,0.0,0.0,0.0,空
2026-06-18,2316,楠梓電,192.0,205.5,192.0,205.5,5702,0,615,0,42,0.0,0.0,0.0,多
2026-06-18,2317,鴻海,270.5,271.5,268.5,268.5,68758,0,-25474,-3495,-408,0.0,0.0,0.0,空
2026-06-18,2321,東訊,13.8,14.05,13.8,14.05,7,0,0,0,0,0.0,0.0,0.0,多
2026-06-18,2323,中環,11.35,11.75,11.25,11.75,24286,0,8395,0,865,0.0,0.0,0.0,多
2026-06-18,2324,仁寶,37.8,38.45,37.25,37.75,71745,0,-2982,-3345,334,0.0,0.0,0.0,空
2026-06-18,2327,國巨*,1015.0,1080.0,974.0,1080.0,93404,0,-6505,6738,721,0.0,0.0,0.0,多
2026-06-18,2328,廣宇,53.0,53.9,52.6,53.4,5450,0,148,0,151,0.0,0.0,0.0,空
2026-06-18,2329,華泰,54.2,57.5,53.9,55.6,18365,0,2337,0,554,0.0,0.0,0.0,空
2026-06-18,2330,台積電,2395.0,2415.0,2385.0,2410.0,48477,0,7515,-7268,36,0.0,0.0,0.0,多
2026-06-18,2331,精英,22.05,22.8,21.95,22.4,4167,0,724,0,-9,0.0,0.0,0.0,空
2026-06-18,2332,友訊,19.5,20.05,19.5,20.05,16857,0,-17,0,155,0.0,0.0,0.0,多
2026-06-18,2337,旺宏,164.0,171.5,162.5,169.0,126341,0,31388,-155,40,0.0,0.0,0.0,多
2026-06-18,2338,光罩,52.5,54.3,52.2,53.3,6767,0,1205,0,151,0.0,0.0,0.0,多
2026-06-18,2340,台亞,38.8,41.95,38.8,39.95,19977,0,4520,0,386,0.0,0.0,0.0,多
2026-06-18,2342,茂矽,52.0,55.2,51.3,55.2,29235,0,-2381,0,168,0.0,0.0,0.0,多
2026-06-18,2344,華邦電,203.5,218.5,201.5,218.5,338003,0,-19836,7194,1616,0.0,0.0,0.0,多
2026-06-18,2345,智邦,2480.0,2490.0,2415.0,2435.0,4228,0,-239,-206,38,0.0,0.0,0.0,空
2026-06-18,2347,聯強,92.4,95.0,92.3,93.4,11100,0,2552,-2446,34,0.0,0.0,0.0,多
2026-06-18,2348,海悅,78.0,79.8,75.7,76.8,2160,0,8,0,-10,0.0,0.0,0.0,多
2026-06-18,2349,錸德,13.65,13.95,13.55,13.85,4949,0,1491,0,20,0.0,0.0,0.0,空
2026-06-18,2351,順德,187.5,198.0,184.0,195.0,13385,0,-1967,572,189,0.0,0.0,0.0,空
2026-06-18,2352,佳世達,30.9,31.1,30.6,30.85,4568,0,696,-19,-14,0.0,0.0,0.0,空
2026-06-18,2353,宏碁,35.05,35.3,34.35,34.4,47277,0,-2777,-595,-37,0.0,0.0,0.0,空
2026-06-18,2354,鴻準,57.8,58.2,57.5,57.9,7915,0,879,-19,13,0.0,0.0,0.0,空
2026-06-18,2355,敬鵬,58.2,58.8,57.2,57.9,9384,0,202,0,-68,0.0,0.0,0.0,空
2026-06-18,2356,英業達,68.6,68.6,67.0,67.7,37798,0,-4050,-1503,646,0.0,0.0,0.0,空
2026-06-18,2357,華碩,807.0,810.0,789.0,789.0,6865,0,-2099,-668,77,0.0,0.0,0.0,空
2026-06-18,2359,所羅門,135.0,137.5,132.5,134.0,2458,0,241,0,40,0.0,0.0,0.0,空
2026-06-18,2360,致茂,2315.0,2360.0,2275.0,2310.0,1978,0,467,-359,-1,0.0,0.0,0.0,空
2026-06-18,2362,藍天,48.3,48.9,47.55,47.55,2071,0,360,0,16,0.0,0.0,0.0,空
2026-06-18,2363,矽統,59.5,63.4,59.3,62.9,9034,0,2541,0,38,0.0,0.0,0.0,空
2026-06-18,2364,倫飛,68.5,69.0,67.8,67.9,194,0,-20,0,0,0.0,0.0,0.0,空
2026-06-18,2365,昆盈,33.7,34.6,33.6,34.05,1927,0,484,0,0,0.0,0.0,0.0,空
2026-06-18,2367,燿華,62.3,62.5,61.2,61.3,17377,0,-1992,0,-254,0.0,0.0,0.0,空
2026-06-18,2368,金像電,1380.0,1390.0,1340.0,1355.0,3575,0,-832,311,-35,0.0,0.0,0.0,空
2026-06-18,2369,菱生,34.65,37.4,34.65,36.85,25394,0,4283,0,550,0.0,0.0,0.0,多
2026-06-18,2371,大同,28.05,28.35,27.85,28.3,15434,0,812,-259,-34,0.0,0.0,0.0,空
2026-06-18,2373,震旦行,58.4,58.4,58.0,58.0,32,0,-7,0,0,0.0,0.0,0.0,空
2026-06-18,2374,佳能,75.9,76.4,75.3,75.3,4186,0,-194,0,-60,0.0,0.0,0.0,空
2026-06-18,2375,凱美,212.0,219.0,211.0,219.0,18935,0,-170,0,188,0.0,0.0,0.0,多
2026-06-18,2376,技嘉,348.0,353.0,344.0,344.0,8558,0,-1766,-99,82,0.0,0.0,0.0,空
2026-06-18,2377,微星,137.0,139.0,136.5,138.5,11373,0,1063,545,62,0.0,0.0,0.0,空
2026-06-18,2379,瑞昱,770.0,819.0,754.0,819.0,6727,0,1805,-198,-31,0.0,0.0,0.0,多
2026-06-18,2382,廣達,374.5,379.5,372.5,376.0,22533,0,2276,574,-51,0.0,0.0,0.0,空
2026-06-18,2383,台光電,5460.0,5600.0,5230.0,5600.0,1927,0,717,39,143,0.0,0.0,0.0,多
2026-06-18,2385,群光,115.5,116.5,114.0,114.0,6989,0,-1253,-1032,128,0.0,0.0,0.0,空
2026-06-18,2387,精元,39.5,39.9,39.3,39.5,491,0,-78,0,-20,0.0,0.0,0.0,空
2026-06-18,2388,威盛,76.3,82.7,75.2,81.4,26511,0,7001,-17,954,0.0,0.0,0.0,多
2026-06-18,2390,云辰,12.3,12.4,12.1,12.35,738,0,-110,0,21,0.0,0.0,0.0,多
2026-06-18,2392,正崴,39.95,40.5,39.75,39.75,1700,0,326,0,-36,0.0,0.0,0.0,空
2026-06-18,2393,億光,71.5,72.8,70.0,70.6,4085,0,-183,-378,-4,0.0,0.0,0.0,多
2026-06-18,2395,研華,494.5,504.0,490.0,494.0,4298,0,-176,-108,-13,0.0,0.0,0.0,空
2026-06-18,2397,友通,62.3,62.5,60.6,60.8,421,0,-73,0,10,0.0,0.0,0.0,空
2026-06-18,2399,映泰,51.9,52.7,47.75,48.05,18677,0,-6199,0,-1,0.0,0.0,0.0,空
2026-06-18,2401,凌陽,31.9,34.15,31.8,32.25,29277,0,7428,0,461,0.0,0.0,0.0,多
2026-06-18,2402,毅嘉,70.9,71.0,69.3,70.0,7794,0,-943,0,-52,0.0,0.0,0.0,多
2026-06-18,2404,漢唐,1295.0,1305.0,1245.0,1265.0,3231,0,-945,85,-8,0.0,0.0,0.0,多
2026-06-18,2405,輔信,19.5,19.7,18.85,18.9,4329,0,-590,0,-8,0.0,0.0,0.0,空
2026-06-18,2406,國碩,36.15,36.6,34.85,34.85,17606,0,-4962,0,20,0.0,0.0,0.0,空
2026-06-18,2408,南亞科,443.5,459.5,427.5,459.5,180896,0,-5297,13329,305,0.0,0.0,0.0,多
2026-06-18,2409,友達,27.45,28.6,26.05,28.15,828128,0,52384,-120,4705,0.0,0.0,0.0,多
2026-06-18,2412,中華電,145.0,145.5,144.0,144.0,9967,0,-1800,-691,363,0.0,0.0,0.0,多
2026-06-18,2413,環科,58.0,58.6,56.2,56.5,3254,0,-550,0,-2,0.0,0.0,0.0,多
2026-06-18,2414,精技,61.5,63.3,61.5,62.8,686,0,105,0,27,0.0,0.0,0.0,多
2026-06-18,2415,錩新,30.75,30.75,30.0,30.35,615,0,175,0,0,0.0,0.0,0.0,多
2026-06-18,2417,圓剛,47.5,47.5,45.8,46.1,1421,0,-404,0,-3,0.0,0.0,0.0,空
2026-06-18,2419,仲琦,29.75,30.15,29.4,29.45,1145,0,58,0,1,0.0,0.0,0.0,空
2026-06-18,2420,新巨,61.0,62.0,60.7,61.2,1076,0,-135,0,3,0.0,0.0,0.0,空
2026-06-18,2421,建準,145.0,146.0,144.0,145.0,2090,0,-315,0,-15,0.0,0.0,0.0,空
2026-06-18,2423,固緯,76.5,78.3,76.5,77.7,95,0,20,0,5,0.0,0.0,0.0,空
2026-06-18,2424,隴華,10.6,10.95,10.5,10.6,126,0,42,0,0,0.0,0.0,0.0,多
2026-06-18,2425,承啟,41.2,41.2,39.15,39.4,3564,0,-137,0,2,0.0,0.0,0.0,多
2026-06-18,2426,鼎元,75.7,81.8,75.7,81.8,39099,0,12412,0,106,0.0,0.0,0.0,多
2026-06-18,2427,三商電,22.95,22.95,22.2,22.3,628,0,-175,0,-4,0.0,0.0,0.0,空
2026-06-18,2428,興勤,299.0,322.0,299.0,316.0,3667,0,358,0,49,0.0,0.0,0.0,空
2026-06-18,2429,銘旺科,39.0,39.1,38.35,38.55,386,0,-6,0,0,0.0,0.0,0.0,空
2026-06-18,2430,燦坤,18.4,18.6,18.35,18.45,116,0,35,0,0,0.0,0.0,0.0,多
2026-06-18,2431,聯昌,11.95,12.5,11.65,11.65,2491,0,-381,0,-172,0.0,0.0,0.0,多
2026-06-18,2432,倚天,28.05,28.5,28.05,28.5,143,0,7,0,-1,0.0,0.0,0.0,多
2026-06-18,2432,倚天酷碁-創,28.05,28.5,28.05,28.5,143,0,7,0,-1,0.0,0.0,0.0,多
2026-06-18,2433,互盛電,44.4,44.55,44.25,44.5,23,0,1,0,-2,0.0,0.0,0.0,多
2026-06-18,2434,統懋,37.0,40.05,37.0,38.85,501,0,5,0,0,0.0,0.0,0.0,多
2026-06-18,2436,偉詮電,70.1,73.8,70.1,73.4,5189,0,1620,0,117,0.0,0.0,0.0,空
2026-06-18,2438,翔耀,22.25,23.0,22.25,22.5,191,0,-75,0,1,0.0,0.0,0.0,空
2026-06-18,2439,美律,92.6,92.8,91.8,92.4,2513,0,-1052,0,16,0.0,0.0,0.0,空
2026-06-18,2440,太空梭,17.05,17.05,16.8,16.95,480,0,-150,0,-2,0.0,0.0,0.0,空
2026-06-18,2441,超豐,127.5,137.0,127.5,135.0,13873,0,4269,-2186,439,0.0,0.0,0.0,空
2026-06-18,2442,新美齊,20.05,20.45,19.75,19.85,2904,0,-877,0,1,0.0,0.0,0.0,多
2026-06-18,2444,兆勁,13.6,13.6,13.2,13.4,667,0,-289,0,-2,0.0,0.0,0.0,多
2026-06-18,2449,京元電子,287.0,308.5,287.0,308.5,52543,0,17378,-1515,1844,0.0,0.0,0.0,空
2026-06-18,2450,神腦,29.05,29.35,29.05,29.15,305,0,-75,0,11,0.0,0.0,0.0,空
2026-06-18,2451,創見,312.0,315.0,308.0,311.5,5828,0,-2574,-18,-9,0.0,0.0,0.0,空
2026-06-18,2453,凌群,57.0,57.6,56.5,56.6,446,0,53,0,0,0.0,0.0,0.0,空
2026-06-18,2454,聯發科,4535.0,4590.0,4375.0,4390.0,12950,0,1655,-2387,18,0.0,0.0,0.0,空
2026-06-18,2455,全新,421.5,447.5,412.0,416.0,25313,0,-1831,2152,255,0.0,0.0,0.0,多
2026-06-18,2457,飛宏,29.25,29.35,28.5,28.8,4761,0,-253,0,-104,0.0,0.0,0.0,空
2026-06-18,2458,義隆,159.5,172.0,159.5,172.0,14910,0,2020,-200,297,0.0,0.0,0.0,空
2026-06-18,2459,敦吉,65.0,65.1,64.3,64.4,217,0,-71,0,2,0.0,0.0,0.0,空
2026-06-18,2460,建通,36.4,36.5,34.6,34.8,1975,0,-19,0,6,0.0,0.0,0.0,多
2026-06-18,2461,光群雷,18.55,18.65,18.1,18.4,1128,0,-17,0,13,0.0,0.0,0.0,多
2026-06-18,2462,良得電,25.35,25.9,25.2,25.45,1005,0,175,0,3,0.0,0.0,0.0,多
2026-06-18,2464,盟立,168.0,175.5,166.5,172.0,20454,0,-1897,0,-107,0.0,0.0,0.0,空
2026-06-18,2465,麗臺,81.8,82.2,80.4,80.9,990,0,-139,0,0,0.0,0.0,0.0,空
2026-06-18,2466,冠西電,49.5,50.2,49.3,50.1,399,0,21,0,-1,0.0,0.0,0.0,多
2026-06-18,2467,志聖,585.0,605.0,576.0,599.0,1650,0,-22,180,29,0.0,0.0,0.0,空
2026-06-18,2468,華經,38.5,38.5,37.8,38.0,632,0,21,0,-2,0.0,0.0,0.0,空
2026-06-18,2471,資通,54.5,54.5,53.6,53.8,148,0,-37,0,-10,0.0,0.0,0.0,多
2026-06-18,2472,立隆電,372.0,402.0,368.0,402.0,18705,0,310,1073,263,0.0,0.0,0.0,空
2026-06-18,2474,可成,205.0,207.5,202.5,202.5,7402,0,-1935,-574,70,0.0,0.0,0.0,空
2026-06-18,2476,鉅祥,123.5,126.0,122.0,125.0,3435,0,674,0,0,0.0,0.0,0.0,空
2026-06-18,2477,美隆電,22.25,22.3,21.85,21.9,125,0,-40,0,-1,0.0,0.0,0.0,空
2026-06-18,2478,大毅,236.0,241.0,223.0,234.0,36381,0,-3113,0,9,0.0,0.0,0.0,多
2026-06-18,2480,敦陽科,149.0,154.5,148.0,153.5,696,0,373,-3,1,0.0,0.0,0.0,空
2026-06-18,2481,強茂,160.0,160.0,160.0,160.0,11956,0,-386,0,348,0.0,0.0,0.0,空
2026-06-18,2482,連宇,17.5,17.7,17.35,17.35,206,0,13,0,-1,0.0,0.0,0.0,多
2026-06-18,2483,百容,36.1,39.65,36.1,39.65,8963,0,1161,0,22,0.0,0.0,0.0,多
2026-06-18,2484,希華,69.8,72.8,69.2,71.2,23448,0,-220,0,-67,0.0,0.0,0.0,多
2026-06-18,2485,兆赫,63.0,63.0,61.7,61.7,8343,0,-522,0,-155,0.0,0.0,0.0,空
2026-06-18,2486,一詮,252.0,276.5,251.0,276.5,10684,0,1057,0,232,0.0,0.0,0.0,空
2026-06-18,2488,漢平,54.3,55.4,54.2,54.8,281,0,64,0,0,0.0,0.0,0.0,多
2026-06-18,2489,瑞軒,49.0,49.2,47.7,48.15,27365,0,-3619,0,-62,0.0,0.0,0.0,空
2026-06-18,2491,吉祥全,38.95,42.0,38.9,41.0,1161,0,-26,0,0,0.0,0.0,0.0,多
2026-06-18,2492,華新科,537.0,590.0,501.0,561.0,68093,0,-14993,6603,-105,0.0,0.0,0.0,多
2026-06-18,2493,揚博,251.0,273.5,247.5,273.5,3011,0,-253,0,92,0.0,0.0,0.0,多
2026-06-18,2495,普安,52.6,53.5,51.2,52.1,12721,0,-3074,0,14,0.0,0.0,0.0,空
2026-06-18,2496,卓越,64.9,65.1,64.8,65.0,18,0,0,0,0,0.0,0.0,0.0,多
2026-06-18,2497,怡利電,61.7,61.8,60.2,60.2,961,0,-5,0,0,0.0,0.0,0.0,空
2026-06-18,2498,宏達電,47.7,47.8,46.4,46.4,9514,0,652,-30,-3,0.0,0.0,0.0,空
2026-06-18,2501,國建,27.15,28.4,26.6,26.85,12652,0,1371,0,23,0.0,0.0,0.0,多
2026-06-18,2504,國產,33.85,33.95,33.45,33.6,6356,0,-2738,1670,-4,0.0,0.0,0.0,空
2026-06-18,2505,國揚,18.75,19.25,18.75,18.8,758,0,140,0,-1,0.0,0.0,0.0,多
2026-06-18,2506,太設,8.95,9.01,8.91,8.96,172,0,4,0,0,0.0,0.0,0.0,多
2026-06-18,2509,全坤建,14.25,14.7,14.25,14.55,383,0,12,0,0,0.0,0.0,0.0,多
2026-06-18,2511,太子,8.18,8.29,8.18,8.22,2280,0,-127,0,66,0.0,0.0,0.0,多
2026-06-18,2514,龍邦,13.7,13.75,13.6,13.7,161,0,-43,0,18,0.0,0.0,0.0,多
2026-06-18,2515,中工,13.3,13.5,13.2,13.35,18611,0,-997,0,14,0.0,0.0,0.0,多
2026-06-18,2516,新建,13.5,13.6,13.3,13.35,159,0,-10,0,1,0.0,0.0,0.0,多
2026-06-18,2520,冠德,36.25,37.35,35.6,36.4,10674,0,-2221,0,105,0.0,0.0,0.0,多
2026-06-18,2524,京城,39.8,40.3,38.15,39.25,366,0,-40,0,1,0.0,0.0,0.0,多
2026-06-18,2527,宏璟,39.0,40.45,39.0,39.8,2006,0,165,0,16,0.0,0.0,0.0,多
2026-06-18,2528,皇普,22.3,23.0,22.05,22.4,540,0,11,0,3,0.0,0.0,0.0,多
2026-06-18,2530,華建,20.55,20.7,20.0,20.0,1047,0,-426,0,-12,0.0,0.0,0.0,多
2026-06-18,2534,宏盛,18.45,18.8,18.3,18.3,1370,0,-259,0,-1,0.0,0.0,0.0,多
2026-06-18,2535,達欣工,96.7,96.9,93.6,93.7,823,0,-68,0,4,0.0,0.0,0.0,多
2026-06-18,2536,宏普,21.75,22.45,21.6,22.35,4132,0,-683,0,0,0.0,0.0,0.0,多
2026-06-18,2537,聯上發,11.95,12.4,11.85,12.0,6935,0,520,0,28,0.0,0.0,0.0,多
2026-06-18,2538,基泰,10.2,10.35,10.1,10.1,582,0,35,0,4,0.0,0.0,0.0,多
2026-06-18,2539,櫻花建,39.8,40.25,39.15,39.95,1771,0,-152,-91,-18,0.0,0.0,0.0,多
2026-06-18,2540,愛山林,55.2,56.4,54.4,55.1,1156,0,29,0,-24,0.0,0.0,0.0,多
2026-06-18,2542,興富發,45.65,47.0,44.75,44.75,19800,0,-1422,26,484,0.0,0.0,0.0,多
2026-06-18,2543,皇昌,46.5,46.6,44.1,44.1,2753,0,-136,0,-8,0.0,0.0,0.0,多
2026-06-18,2545,皇翔,39.2,39.55,38.55,38.55,664,0,4,0,2,0.0,0.0,0.0,多
2026-06-18,2546,根基,95.0,96.4,94.0,96.4,158,0,30,0,7,0.0,0.0,0.0,多
2026-06-18,2547,日勝生,11.25,11.35,11.1,11.2,4688,0,635,0,28,0.0,0.0,0.0,多
2026-06-18,2548,華固,107.0,107.5,103.0,103.5,4114,0,-1993,-339,27,0.0,0.0,0.0,多
2026-06-18,2596,綠意,30.85,31.3,30.1,30.8,62,0,-5,0,0,0.0,0.0,0.0,多
2026-06-18,2597,潤弘,172.0,178.5,172.0,178.0,794,0,122,0,-47,0.0,0.0,0.0,空
2026-06-18,2601,益航,5.97,5.98,5.8,5.81,1743,0,-218,0,3,0.0,0.0,0.0,空
2026-06-18,2603,長榮,194.5,196.0,193.0,193.0,16079,0,-1454,-412,-27,0.0,0.0,0.0,空
2026-06-18,2605,新興,32.65,32.65,30.85,31.0,13595,0,-7286,0,-473,0.0,0.0,0.0,多
2026-06-18,2606,裕民,62.3,62.5,60.5,61.5,14448,0,6886,-188,128,0.0,0.0,0.0,空
2026-06-18,2607,榮運,50.0,50.2,49.55,49.55,688,0,-402,0,0,0.0,0.0,0.0,多
2026-06-18,2608,嘉里大榮,29.1,29.1,28.95,29.1,244,0,7,0,18,0.0,0.0,0.0,空
2026-06-18,2609,陽明,51.6,52.5,51.3,51.3,34519,0,-4425,-71,99,0.0,0.0,0.0,空
2026-06-18,2610,華航,22.1,22.4,21.8,22.0,94100,0,19462,7,-43,0.0,0.0,0.0,多
2026-06-18,2611,志信,14.1,14.2,13.95,14.0,348,0,-109,0,-17,0.0,0.0,0.0,多
2026-06-18,2612,中航,54.9,55.1,53.6,53.7,672,0,-284,0,5,0.0,0.0,0.0,空
2026-06-18,2613,中櫃,21.85,22.1,21.85,21.9,188,0,-35,0,1,0.0,0.0,0.0,空
2026-06-18,2614,東森,18.85,19.0,18.7,18.85,1026,0,50,0,0,0.0,0.0,0.0,多
2026-06-18,2615,萬海,80.5,81.5,80.0,80.4,9290,0,-1151,-47,35,0.0,0.0,0.0,空
2026-06-18,2616,山隆,13.75,13.9,13.7,13.85,280,0,13,0,-4,0.0,0.0,0.0,多
2026-06-18,2617,台航,30.2,30.4,29.8,29.85,985,0,-274,0,0,0.0,0.0,0.0,多
2026-06-18,2618,長榮航,43.3,43.7,42.25,42.55,65398,0,10506,-3778,450,0.0,0.0,0.0,多
2026-06-18,2630,亞航,39.35,39.9,39.1,39.9,635,0,-11,0,-1,0.0,0.0,0.0,多
2026-06-18,2633,台灣高鐵,26.15,26.45,26.15,26.15,18009,0,-5095,5027,43,0.0,0.0,0.0,多
2026-06-18,2634,漢翔,47.2,47.25,46.85,47.2,2780,0,221,0,18,0.0,0.0,0.0,多
2026-06-18,2636,台驊控股,70.8,71.0,70.1,70.2,286,0,-41,0,13,0.0,0.0,0.0,多
2026-06-18,2637,慧洋-KY,76.8,77.4,75.4,77.4,5408,0,568,-85,-51,0.0,0.0,0.0,空
2026-06-18,2640,大車隊,155.0,155.0,152.5,152.5,41,0,-14,0,0,0.0,0.0,0.0,空
2026-06-18,2641,正德,18.9,19.05,18.7,18.8,1507,0,-101,0,-4,0.0,0.0,0.0,空
2026-06-18,2642,宅配通,20.95,21.15,20.95,21.05,133,0,-27,0,3,0.0,0.0,0.0,多
2026-06-18,2643,捷迅,66.9,67.0,66.7,66.7,29,0,-1,0,0,0.0,0.0,0.0,多
2026-06-18,2644,中信造船,80.43,80.9,79.0,80.3,768,0,-3,0,0,0.0,0.0,0.0,多
2026-06-18,2645,長榮航太,168.0,171.5,167.0,170.0,1052,0,466,-128,-11,0.0,0.0,0.0,空
2026-06-18,2646,星宇航空,21.35,21.45,21.05,21.25,7938,0,758,3,144,0.0,0.0,0.0,多
2026-06-18,2701,萬企,10.55,10.55,10.55,10.55,45,0,1,0,-4,0.0,0.0,0.0,多
2026-06-18,2702,華園,13.15,13.15,13.0,13.0,76,0,13,0,12,0.0,0.0,0.0,多
2026-06-18,2704,國賓,46.1,47.0,45.6,45.6,261,0,-25,0,1,0.0,0.0,0.0,多
2026-06-18,2705,六福,16.45,16.65,16.4,16.5,258,0,62,0,-2,0.0,0.0,0.0,多
2026-06-18,2706,第一店,12.45,12.5,12.35,12.5,147,0,1,0,0,0.0,0.0,0.0,多
2026-06-18,2707,晶華,180.0,181.0,178.0,179.0,141,0,-29,0,0,0.0,0.0,0.0,多
2026-06-18,2712,遠雄來,15.25,15.3,14.95,15.2,14,0,6,0,-1,0.0,0.0,0.0,多
2026-06-18,2718,晶悅,50.8,51.6,50.8,51.0,111,0,19,0,0,0.0,0.0,0.0,多
2026-06-18,2718,全心投控,50.8,51.6,50.8,51.0,111,0,19,0,0,0.0,0.0,0.0,多
2026-06-18,2719,燦星旅,26.0,26.0,25.05,25.2,26,0,7,0,0,0.0,0.0,0.0,多
2026-06-18,2722,夏都,23.8,23.8,23.25,23.3,23,0,3,0,0,0.0,0.0,0.0,多
2026-06-18,2723,美食-KY,67.0,68.3,66.6,66.9,315,0,-57,0,4,0.0,0.0,0.0,多
2026-06-18,2724,富驛-KY,12.75,12.75,12.1,12.35,8,0,0,0,0,0.0,0.0,0.0,多
2026-06-18,2724,藝舍-KY,12.75,12.75,12.1,12.35,8,0,0,0,0,0.0,0.0,0.0,多
2026-06-18,2726,雅茗-KY,9.85,10.2,9.8,9.8,45,0,0,0,0,0.0,0.0,0.0,空
2026-06-18,2727,王品,245.5,249.0,245.5,246.5,430,0,148,0,13,0.0,0.0,0.0,多
2026-06-18,2729,瓦城,162.5,164.0,161.5,164.0,42,0,-7,0,0,0.0,0.0,0.0,多
2026-06-18,2731,雄獅,153.5,154.0,152.0,152.0,1161,0,-218,-198,-1,0.0,0.0,0.0,空
2026-06-18,2732,六角,64.9,65.0,64.2,64.2,38,0,-14,0,0,0.0,0.0,0.0,空
2026-06-18,2733,維格餅家,10.8,11.25,11.25,11.25,0,0,0,0,0,0.0,0.0,0.0,多
2026-06-18,2734,易飛網,15.75,15.95,15.15,15.45,268,0,-9,0,0,0.0,0.0,0.0,多
2026-06-18,2736,富野,12.1,12.1,12.0,12.05,68,0,14,0,0,0.0,0.0,0.0,多
2026-06-18,2739,寒舍,36.4,36.9,35.8,35.8,257,0,50,0,19,0.0,0.0,0.0,多
2026-06-18,2740,天蔥,26.0,28.45,26.0,27.45,5,0,0,0,0,0.0,0.0,0.0,空
2026-06-18,2740,華軒,26.0,28.45,26.0,27.45,5,0,0,0,0,0.0,0.0,0.0,空
2026-06-18,2741,老四川,20.98,21.1,20.5,21.05,27,0,0,0,0,0.0,0.0,0.0,多
2026-06-18,2743,山富,70.0,70.9,68.6,69.0,187,0,19,0,1,0.0,0.0,0.0,多
2026-06-18,2745,五福,108.5,109.5,107.5,108.0,256,0,44,0,3,0.0,0.0,0.0,多
2026-06-18,2748,雲品,40.7,40.7,40.3,40.4,48,0,-5,0,0,0.0,0.0,0.0,多
2026-06-18,2751,王座,52.8,52.8,51.6,51.6,14,0,0,0,0,0.0,0.0,0.0,多
2026-06-18,2752,豆府,180.0,180.5,180.0,180.0,10,0,0,0,0,0.0,0.0,0.0,多
2026-06-18,2753,八方雲集,187.0,189.0,183.0,187.0,339,0,112,-2,1,0.0,0.0,0.0,多
2026-06-18,2754,亞洲藏壽司,67.3,68.3,67.3,68.0,42,0,4,0,0,0.0,0.0,0.0,空
2026-06-18,2755,揚秦,136.5,138.5,136.5,138.5,28,0,7,0,0,0.0,0.0,0.0,多
2026-06-18,2756,聯發國際,59.9,59.9,58.2,59.8,63,0,13,0,0,0.0,0.0,0.0,多
2026-06-18,2758,路易莎咖啡,67.98,68.9,66.8,68.9,10,0,3,0,0,0.0,0.0,0.0,多
2026-06-18,2760,巨宇翔,16.56,17.3,17.3,17.3,1,0,0,0,0,0.0,0.0,0.0,多
2026-06-18,2761,橘焱胡同,15.17,15.3,14.75,14.8,15,0,0,0,0,0.0,0.0,0.0,空
2026-06-18,2762,世界健身-KY,86.1,86.3,85.1,85.3,79,0,3,0,0,0.0,0.0,0.0,空
2026-06-18,2801,彰銀,22.95,23.15,22.65,22.85,35341,0,1581,-164,73,0.0,0.0,0.0,多
2026-06-18,2812,台中銀,19.95,20.1,19.8,19.8,20918,0,-1512,58,-75,0.0,0.0,0.0,多
2026-06-18,2816,旺旺保,33.45,34.0,33.3,33.45,329,0,16,0,1,0.0,0.0,0.0,空
2026-06-18,2820,華票,17.9,18.05,17.65,17.85,3571,0,929,0,6,0.0,0.0,0.0,多
2026-06-18,2832,台產,56.5,57.4,56.0,56.3,655,0,145,0,-8,0.0,0.0,0.0,多
2026-06-18,2834,臺企銀,17.7,17.8,17.35,17.5,50678,0,-9837,-713,119,0.0,0.0,0.0,多
2026-06-18,2836,高雄銀,12.3,12.4,12.25,12.35,3004,0,166,0,-5,0.0,0.0,0.0,多
2026-06-18,2838,聯邦銀,22.6,22.8,22.35,22.75,7573,0,-5,64,-160,0.0,0.0,0.0,多
2026-06-18,2845,遠東銀,13.4,13.45,12.95,12.95,31826,0,-9411,4161,265,0.0,0.0,0.0,多
2026-06-18,2849,安泰銀,14.3,14.7,14.3,14.6,156,0,-21,0,4,0.0,0.0,0.0,多
2026-06-18,2850,新產,141.5,146.0,141.5,142.0,606,0,178,-145,15,0.0,0.0,0.0,空
2026-06-18,2851,中再保,40.55,40.6,38.75,39.0,4677,0,-1080,0,-9,0.0,0.0,0.0,多
2026-06-18,2852,第一保,26.4,26.6,26.25,26.35,1688,0,-3,0,7,0.0,0.0,0.0,空
2026-06-18,2855,統一證,51.6,52.6,51.6,52.2,8672,0,900,-14,0,0.0,0.0,0.0,空
2026-06-18,2867,三商壽,8.65,8.78,8.62,8.74,18362,0,4868,0,1034,0.0,0.0,0.0,多
2026-06-18,2880,華南金,38.15,39.2,38.0,38.35,67936,0,-9125,13666,419,0.0,0.0,0.0,多
2026-06-18,2881,富邦金,137.0,141.0,135.5,138.0,44615,0,5402,-8139,142,0.0,0.0,0.0,多
2026-06-18,2882,國泰金,115.0,117.5,114.0,115.5,48260,0,-4087,-2676,222,0.0,0.0,0.0,多
2026-06-18,2883,凱基金,31.0,31.2,30.2,30.75,127459,0,727,-4752,-1279,0.0,0.0,0.0,多
2026-06-18,2884,玉山金,35.5,36.25,35.4,35.4,97751,0,-15142,6608,309,0.0,0.0,0.0,多
2026-06-18,2885,元大金,66.8,68.2,66.5,68.0,41151,0,10591,-9755,-694,0.0,0.0,0.0,多
2026-06-18,2886,兆豐金,45.1,46.0,44.85,45.5,72493,0,-33020,35366,157,0.0,0.0,0.0,多
2026-06-18,2887,台新新光金,32.95,33.55,32.1,32.45,109574,0,3369,-6210,130,0.0,0.0,0.0,多
2026-06-18,2889,國票金,15.2,15.35,15.15,15.25,7205,0,-368,0,30,0.0,0.0,0.0,多
2026-06-18,2890,永豐金,37.6,39.9,37.2,39.8,147737,0,23485,22670,-333,0.0,0.0,0.0,多
2026-06-18,2891,中信金,71.3,72.7,70.9,71.9,58777,0,19244,-11319,509,0.0,0.0,0.0,多
2026-06-18,2892,第一金,32.5,32.8,32.25,32.6,73309,0,-8947,20339,164,0.0,0.0,0.0,多
2026-06-18,2897,王道銀行,10.55,10.7,10.5,10.5,5248,0,1695,0,0,0.0,0.0,0.0,多
2026-06-18,2901,欣欣,24.1,24.15,23.7,23.85,16,0,-1,0,0,0.0,0.0,0.0,多
2026-06-18,2903,遠百,24.0,24.5,23.95,23.95,3560,0,861,291,17,0.0,0.0,0.0,多
2026-06-18,2904,匯僑,14.05,14.2,14.0,14.15,68,0,3,0,0,0.0,0.0,0.0,多
2026-06-18,2905,三商,15.4,15.5,15.15,15.15,1103,0,-92,0,0,0.0,0.0,0.0,多
2026-06-18,2906,高林,13.0,13.1,12.9,12.9,234,0,-1,0,-6,0.0,0.0,0.0,多
2026-06-18,2908,特力,21.05,21.05,20.55,20.8,236,0,-116,0,20,0.0,0.0,0.0,空
2026-06-18,2910,統領,22.75,23.45,22.75,23.1,17,0,2,0,1,0.0,0.0,0.0,多
2026-06-18,2911,麗嬰房,8.29,8.29,8.0,8.01,347,0,-14,0,1,0.0,0.0,0.0,空
2026-06-18,2912,統一超,229.0,229.0,223.5,223.5,6692,0,-3741,706,6,0.0,0.0,0.0,空
2026-06-18,2913,農林,11.2,11.35,11.15,11.15,3101,0,458,0,6,0.0,0.0,0.0,多
2026-06-18,2915,潤泰全,52.4,53.5,52.4,53.3,25797,0,171,-245,-90,0.0,0.0,0.0,多
2026-06-18,2916,滿心,41.95,42.0,41.8,41.8,131,0,-29,0,0,0.0,0.0,0.0,空
2026-06-18,2923,鼎固-KY,25.5,25.6,23.55,23.55,97,0,-61,0,29,0.0,0.0,0.0,多
2026-06-18,2924,宏太-KY,0.0,0.0,0.0,0.0,0,0,0,0,0,0.0,0.0,0.0,空
2026-06-18,2926,誠品生活,35.4,35.5,35.3,35.3,13,0,0,0,0,0.0,0.0,0.0,多
2026-06-18,2929,淘帝-KY,5.94,6.05,5.78,6.0,495,0,-45,0,-2,0.0,0.0,0.0,空
2026-06-18,2937,集雅社,0.0,0.0,0.0,0.0,1,0,0,0,0,0.0,0.0,0.0,空
2026-06-18,2938,床的世界,23.1,23.1,22.95,23.1,3,0,-1,0,0,0.0,0.0,0.0,多
2026-06-18,2939,永邑-KY,22.2,22.2,21.6,21.9,10,0,2,0,-1,0.0,0.0,0.0,多
2026-06-18,2940,歐都納,24.53,24.75,24.7,24.75,3,0,0,0,0,0.0,0.0,0.0,空
2026-06-18,2941,米斯特,35.7,36.0,33.1,36.0,24,0,2,0,0,0.0,0.0,0.0,多
2026-06-18,2942,京站,37.82,37.8,37.4,37.4,5,0,0,0,0,0.0,0.0,0.0,多
2026-06-18,2945,三商家購,43.1,43.15,41.8,42.9,21,0,-5,0,0,0.0,0.0,0.0,多
2026-06-18,2947,振宇五金,77.0,79.4,77.0,79.1,16,0,0,0,0,0.0,0.0,0.0,多
2026-06-18,2948,寶陞,36.2,37.4,36.15,37.25,4,0,0,0,0,0.0,0.0,0.0,多
2026-06-18,2949,欣新網,69.3,69.3,67.1,68.4,3,0,1,0,0,0.0,0.0,0.0,空
2026-06-18,3002,歐格,21.65,22.95,21.5,22.95,4778,0,-163,0,1,0.0,0.0,0.0,多
2026-06-18,3003,健和興,67.4,71.3,67.2,69.9,4157,0,1117,0,8,0.0,0.0,0.0,多
2026-06-18,3004,豐達科,134.5,138.0,133.0,134.5,505,0,131,0,6,0.0,0.0,0.0,多
2026-06-18,3005,神基,102.5,103.5,101.0,101.5,3775,0,-862,-164,-7,0.0,0.0,0.0,空
2026-06-18,3006,晶豪科,228.0,237.5,227.5,237.5,14324,0,2809,-294,623,0.0,0.0,0.0,空
2026-06-18,3008,大立光,5115.0,5295.0,5090.0,5195.0,2979,0,-188,184,50,0.0,0.0,0.0,多
2026-06-18,3010,華立,130.0,133.5,129.0,131.0,2744,0,638,-937,11,0.0,0.0,0.0,空
2026-06-18,3011,今皓,15.0,15.0,14.45,14.55,1029,0,-310,0,1,0.0,0.0,0.0,多
2026-06-18,3013,晟銘電,113.5,115.0,113.0,113.0,2330,0,-118,0,-8,0.0,0.0,0.0,空
2026-06-18,3014,聯陽,154.0,158.0,153.5,157.5,3770,0,792,-3,-3,0.0,0.0,0.0,多
2026-06-18,3015,全漢,63.2,63.5,60.8,60.9,4100,0,-916,-5,4,0.0,0.0,0.0,空
2026-06-18,3016,嘉晶,123.0,128.0,120.5,126.5,11958,0,270,0,56,0.0,0.0,0.0,空
2026-06-18,3017,奇鋐,2400.0,2425.0,2365.0,2400.0,3314,0,268,-452,46,0.0,0.0,0.0,空
2026-06-18,3018,隆銘綠能,11.75,11.9,11.7,11.9,70,0,1,0,0,0.0,0.0,0.0,多
2026-06-18,3019,亞光,159.0,161.5,158.0,160.5,8119,0,1401,0,-37,0.0,0.0,0.0,多
2026-06-18,3021,鴻名,31.75,32.5,30.05,31.0,1778,0,-93,0,-2,0.0,0.0,0.0,空
2026-06-18,3022,威強電,84.0,86.7,83.4,84.5,1440,0,82,0,20,0.0,0.0,0.0,多
2026-06-18,3023,信邦,314.0,327.5,310.5,327.5,1448,0,829,-95,8,0.0,0.0,0.0,空
2026-06-18,3024,憶聲,12.55,12.55,12.2,12.2,1141,0,-319,0,-14,0.0,0.0,0.0,空
2026-06-18,3025,星通,71.0,71.5,70.3,71.0,355,0,116,0,-1,0.0,0.0,0.0,空
2026-06-18,3026,禾伸堂,869.0,910.0,869.0,902.0,1629,0,239,55,61,0.0,0.0,0.0,多
2026-06-18,3027,盛達,21.05,21.35,20.65,21.0,437,0,24,0,0,0.0,0.0,0.0,空
2026-06-18,3028,增你強,75.8,76.5,73.8,75.0,3608,0,-190,0,10,0.0,0.0,0.0,空
2026-06-18,3029,零壹,102.0,103.0,101.0,101.5,832,0,64,-4,1,0.0,0.0,0.0,空
2026-06-18,3030,德律,333.5,344.0,333.0,340.5,1669,0,-503,292,2,0.0,0.0,0.0,空
2026-06-18,3031,佰鴻,28.55,29.15,27.7,28.0,1930,0,67,0,1,0.0,0.0,0.0,空
2026-06-18,3032,偉訓,85.6,86.3,84.6,85.9,589,0,91,0,3,0.0,0.0,0.0,空
2026-06-18,3033,威健,49.05,49.75,48.75,49.5,5328,0,1784,-13,19,0.0,0.0,0.0,空
2026-06-18,3034,聯詠,518.0,540.0,514.0,516.0,9992,0,1398,-1674,208,0.0,0.0,0.0,多
2026-06-18,3035,智原,203.0,209.5,201.5,209.0,9184,0,2647,-6,324,0.0,0.0,0.0,多
2026-06-18,3036,文曄,224.5,229.0,220.5,222.5,15927,0,-3572,-349,-34,0.0,0.0,0.0,空
2026-06-18,3037,欣興,1000.0,1005.0,965.0,968.0,21005,0,-3201,-991,115,0.0,0.0,0.0,空
2026-06-18,3038,全台,23.3,23.3,22.65,22.85,318,0,-94,0,-2,0.0,0.0,0.0,空
2026-06-18,3040,遠見,38.25,38.4,37.9,38.4,307,0,23,0,-2,0.0,0.0,0.0,多
2026-06-18,3041,揚智,29.0,29.8,28.0,28.15,13516,0,-57,0,-17,0.0,0.0,0.0,多
2026-06-18,3042,晶技,225.0,229.0,215.0,216.0,32016,0,-394,-35,59,0.0,0.0,0.0,空
2026-06-18,3043,科風,24.0,24.6,23.5,23.8,400,0,-26,0,-2,0.0,0.0,0.0,多
2026-06-18,3044,健鼎,580.0,583.0,562.0,573.0,6831,0,1094,-445,-34,0.0,0.0,0.0,多
2026-06-18,3045,台灣大,119.0,119.5,118.5,119.0,8119,0,1403,-428,-92,0.0,0.0,0.0,多
2026-06-18,3046,建碁,58.2,58.2,56.5,56.8,641,0,-110,0,0,0.0,0.0,0.0,空
2026-06-18,3047,訊舟,17.0,17.25,16.3,16.65,8132,0,-1008,0,5,0.0,0.0,0.0,多
2026-06-18,3048,益登,72.0,75.5,71.8,73.5,11027,0,2543,0,-65,0.0,0.0,0.0,空
2026-06-18,3049,精金,14.85,14.85,14.2,14.45,8380,0,-1675,0,-13,0.0,0.0,0.0,空
2026-06-18,3050,鈺德,13.0,13.05,12.85,13.0,987,0,-28,0,0,0.0,0.0,0.0,空
2026-06-18,3051,力特,27.25,28.3,27.25,27.85,1874,0,472,0,-8,0.0,0.0,0.0,空
2026-06-18,3052,夆典,10.85,10.9,10.8,10.85,355,0,169,0,-13,0.0,0.0,0.0,多
2026-06-18,3054,立萬利,68.0,68.6,67.0,67.7,126,0,-15,0,-5,0.0,0.0,0.0,空
2026-06-18,3055,蔚華科,89.8,95.0,86.8,91.1,2907,0,-909,0,43,0.0,0.0,0.0,空
2026-06-18,3056,富華新,15.3,15.65,15.15,15.25,1640,0,91,0,0,0.0,0.0,0.0,多
2026-06-18,3057,喬鼎,20.7,20.7,19.7,19.7,263,0,-76,0,-2,0.0,0.0,0.0,空
2026-06-18,3058,立德,9.5,9.62,9.33,9.4,837,0,-41,0,0,0.0,0.0,0.0,空
2026-06-18,3059,華晶科,50.5,50.5,48.75,48.85,13026,0,-4125,0,-378,0.0,0.0,0.0,空
2026-06-18,3060,銘異,37.75,38.95,36.7,37.9,22559,0,2512,0,-65,0.0,0.0,0.0,多
2026-06-18,3062,建漢,25.7,25.95,25.4,25.95,5008,0,-752,0,-6,0.0,0.0,0.0,空
2026-06-18,3064,泰偉,19.2,19.3,19.2,19.3,3,0,0,0,0,0.0,0.0,0.0,多
2026-06-18,3066,李洲,21.0,21.7,20.9,21.3,466,0,60,0,0,0.0,0.0,0.0,空
2026-06-18,3067,全域,19.5,19.5,19.5,19.5,1,0,0,0,0,0.0,0.0,0.0,空
2026-06-18,3071,協禧,33.45,33.7,32.75,33.2,908,0,84,0,0,0.0,0.0,0.0,空
2026-06-18,3073,天方能源,20.75,21.3,20.65,21.2,102,0,-4,0,0,0.0,0.0,0.0,多
2026-06-18,3078,僑威,55.2,56.1,55.0,55.3,794,0,121,0,4,0.0,0.0,0.0,空
2026-06-18,3081,聯亞,2295.0,2465.0,2265.0,2440.0,2544,0,-153,678,17,0.0,0.0,0.0,空
2026-06-18,3083,網龍,29.8,30.0,29.2,29.55,254,0,-84,0,0,0.0,0.0,0.0,多
2026-06-18,3085,新零售,12.15,12.15,12.15,12.15,2,0,0,0,0,0.0,0.0,0.0,空
2026-06-18,3086,華義*,35.55,37.8,35.4,36.0,626,0,-53,0,-2,0.0,0.0,0.0,多
2026-06-18,3088,艾訊,141.0,146.5,140.5,145.0,2224,0,1149,0,-18,0.0,0.0,0.0,空
2026-06-18,3090,日電貿,320.0,332.5,316.0,332.5,23571,0,-1153,2428,-4,0.0,0.0,0.0,多
2026-06-18,3092,鴻碩,31.95,32.8,31.25,31.3,2106,0,-50,0,-3,0.0,0.0,0.0,多
2026-06-18,3093,港建*,64.2,65.7,63.6,65.0,1905,0,246,0,0,0.0,0.0,0.0,多
2026-06-18,3094,聯傑,39.0,39.55,38.0,38.25,5046,0,-221,0,-1,0.0,0.0,0.0,多
2026-06-18,3095,及成,39.0,39.0,38.6,39.0,7,0,0,0,0,0.0,0.0,0.0,空
2026-06-18,3097,拍檔,25.16,26.0,25.0,26.0,5,0,0,0,0,0.0,0.0,0.0,空
2026-06-18,3105,穩懋,522.0,557.0,521.0,528.0,40126,0,5873,693,1075,0.0,0.0,0.0,多
2026-06-18,3114,好德,45.0,47.75,44.1,47.75,1585,0,22,0,166,0.0,0.0,0.0,多
2026-06-18,3115,富榮綱,9.0,9.0,8.99,9.0,3,0,-1,0,0,0.0,0.0,0.0,空
2026-06-18,3117,年程,24.74,27.5,25.25,26.5,329,0,-96,0,0,0.0,0.0,0.0,空
2026-06-18,3118,進階,31.55,31.55,31.35,31.55,18,0,-1,0,0,0.0,0.0,0.0,空
2026-06-18,3122,笙泉,31.0,32.3,30.6,31.05,269,0,-26,0,0,0.0,0.0,0.0,空
2026-06-18,3128,昇銳,24.45,24.85,24.35,24.55,214,0,-9,0,0,0.0,0.0,0.0,多
2026-06-18,3130,一零四,224.0,224.5,223.0,224.0,53,0,-21,0,-1,0.0,0.0,0.0,多
2026-06-18,3131,弘塑,3330.0,3565.0,3330.0,3520.0,942,0,37,165,4,0.0,0.0,0.0,多
2026-06-18,3135,凌航,194.0,199.0,194.0,198.0,2110,0,-197,0,1,0.0,0.0,0.0,空
2026-06-18,3138,耀登,136.0,138.0,135.5,136.5,457,0,16,0,0,0.0,0.0,0.0,空
2026-06-18,3141,晶宏,72.4,76.4,72.4,74.0,1559,0,272,0,8,0.0,0.0,0.0,空
2026-06-18,3147,大綜,330.0,330.5,323.5,327.0,492,0,66,0,26,0.0,0.0,0.0,多
2026-06-18,3149,正達,96.3,96.3,93.7,95.0,5487,0,325,0,0,0.0,0.0,0.0,多
2026-06-18,3150,鈺寶-創,18.25,18.8,18.2,18.8,46,0,2,0,-5,0.0,0.0,0.0,空
2026-06-18,3152,璟德,201.5,206.5,199.5,204.0,1291,0,-171,0,-12,0.0,0.0,0.0,多
2026-06-18,3158,嘉實,83.8,83.8,83.0,83.1,14,0,1,0,0,0.0,0.0,0.0,多
2026-06-18,3162,精確,84.8,87.3,84.1,85.5,2058,0,11,0,11,0.0,0.0,0.0,空
2026-06-18,3163,波若威,910.0,910.0,871.0,893.0,4811,0,-647,-662,20,0.0,0.0,0.0,空
2026-06-18,3164,景岳,16.4,16.4,16.25,16.4,39,0,0,0,0,0.0,0.0,0.0,多
2026-06-18,3167,大量,810.0,820.0,788.0,820.0,409,0,-9,-2,28,0.0,0.0,0.0,空
2026-06-18,3168,眾福科,47.0,48.0,46.0,48.0,135,0,-4,0,1,0.0,0.0,0.0,空
2026-06-18,3169,亞信,108.5,110.0,107.5,109.5,114,0,5,0,2,0.0,0.0,0.0,空
2026-06-18,3171,新洲,71.6,71.8,71.0,71.6,74,0,5,0,0,0.0,0.0,0.0,空
2026-06-18,3171,炎洲流通,71.6,71.8,71.0,71.6,74,0,5,0,0,0.0,0.0,0.0,空
2026-06-18,3176,基亞,33.65,34.4,33.4,33.55,651,0,98,0,0,0.0,0.0,0.0,多
2026-06-18,3178,公準,63.8,66.0,63.5,65.6,132,0,46,0,0,0.0,0.0,0.0,空
2026-06-18,3184,微邦,16.58,17.6,15.9,17.6,636,0,9,0,0,0.0,0.0,0.0,空
2026-06-18,3188,鑫龍騰,25.2,25.6,24.8,24.95,523,0,-171,0,0,0.0,0.0,0.0,多
2026-06-18,3189,景碩,738.0,738.0,702.0,724.0,27736,0,-2671,2,253,0.0,0.0,0.0,空
2026-06-18,3191,雲嘉南,19.1,19.7,19.0,19.35,150,0,9,0,0,0.0,0.0,0.0,空
2026-06-18,3205,佰研,52.8,53.4,52.5,52.6,158,0,6,0,0,0.0,0.0,0.0,空
2026-06-18,3206,志豐,38.2,38.5,38.1,38.5,122,0,22,0,0,0.0,0.0,0.0,空
2026-06-18,3207,耀勝,67.4,71.3,67.4,68.4,2258,0,483,0,5,0.0,0.0,0.0,多
2026-06-18,3209,全科,61.6,62.7,61.2,62.3,2111,0,-679,0,20,0.0,0.0,0.0,空
2026-06-18,3211,順達,430.5,446.5,428.0,436.0,5393,0,581,-3,59,0.0,0.0,0.0,空
2026-06-18,3213,茂訊,135.0,135.0,133.5,134.0,405,0,59,0,0,0.0,0.0,0.0,空
2026-06-18,3217,優群,170.0,172.0,169.5,170.0,587,0,-248,0,0,0.0,0.0,0.0,空
2026-06-18,3218,大學光,133.5,135.0,133.0,133.5,127,0,-4,-3,0,0.0,0.0,0.0,空
2026-06-18,3219,倚強股份,73.5,77.9,73.5,74.5,365,0,-21,0,10,0.0,0.0,0.0,空
2026-06-18,3219,倚強科,73.5,77.9,73.5,74.5,365,0,-21,0,10,0.0,0.0,0.0,空
2026-06-18,3221,台嘉碩,59.1,61.5,58.8,60.5,6226,0,160,0,29,0.0,0.0,0.0,空
2026-06-18,3224,三顧,38.55,38.55,37.65,38.35,52,0,-32,0,0,0.0,0.0,0.0,多
2026-06-18,3226,龍鋒,44.75,48.95,44.75,48.95,9,0,0,0,0,0.0,0.0,0.0,多
2026-06-18,3227,原相,218.5,225.0,218.0,225.0,2045,0,1156,-1,38,0.0,0.0,0.0,空
2026-06-18,3228,金麗科,182.0,184.5,180.5,183.5,442,0,14,0,-1,0.0,0.0,0.0,空
2026-06-18,3229,晟鈦,44.2,46.6,44.1,45.75,430,0,21,0,-5,0.0,0.0,0.0,空
2026-06-18,3230,錦明,29.85,30.15,29.1,29.9,338,0,35,0,0,0.0,0.0,0.0,多
2026-06-18,3231,緯創,162.0,163.5,160.5,161.5,45626,0,-25043,4249,49,0.0,0.0,0.0,空
2026-06-18,3232,昱捷,23.05,23.05,22.6,22.8,53,0,-1,0,0,0.0,0.0,0.0,空
2026-06-18,3234,光環,133.0,145.0,129.5,145.0,8650,0,1073,0,5,0.0,0.0,0.0,多
2026-06-18,3236,千如,68.9,72.8,67.1,71.0,25496,0,-552,0,15,0.0,0.0,0.0,多
2026-06-18,3252,海灣,17.7,17.7,17.65,17.7,3,0,0,0,0,0.0,0.0,0.0,多
2026-06-18,3257,虹冠電,56.0,61.1,56.0,61.1,1935,0,414,0,8,0.0,0.0,0.0,空
2026-06-18,3259,鑫創,16.65,16.65,16.4,16.55,17,0,-1,0,0,0.0,0.0,0.0,空
2026-06-18,3260,威剛,420.0,425.0,412.0,423.0,12431,0,1238,-653,65,0.0,0.0,0.0,空
2026-06-18,3264,欣銓,213.0,232.5,213.0,232.5,14283,0,4300,336,339,0.0,0.0,0.0,空
2026-06-18,3265,台星科,172.5,189.5,172.5,189.5,2977,0,1112,0,95,0.0,0.0,0.0,空
2026-06-18,3266,昇陽,13.5,13.7,13.5,13.7,129,0,-21,0,4,0.0,0.0,0.0,多
2026-06-18,3268,海德威,21.55,22.1,21.3,21.85,411,0,49,0,0,0.0,0.0,0.0,多
2026-06-18,3272,東碩,16.7,16.9,16.65,16.7,113,0,26,0,0,0.0,0.0,0.0,空
2026-06-18,3276,宇環,15.35,15.5,15.2,15.2,238,0,-14,0,0,0.0,0.0,0.0,多
2026-06-18,3284,太普高,23.5,23.75,22.2,22.7,2517,0,-307,0,-7,0.0,0.0,0.0,多
2026-06-18,3285,微端,47.2,51.2,46.1,51.2,508,0,-7,0,0,0.0,0.0,0.0,多
2026-06-18,3287,廣寰科,34.1,34.75,32.85,33.55,165,0,30,0,0,0.0,0.0,0.0,空
2026-06-18,3288,點晶,21.8,21.8,20.9,20.9,95,0,0,0,0,0.0,0.0,0.0,空
2026-06-18,3289,宜特,168.5,175.0,168.5,174.5,1668,0,524,0,6,0.0,0.0,0.0,多
2026-06-18,3290,東浦,66.3,70.9,66.2,69.8,4349,0,-592,0,345,0.0,0.0,0.0,多
2026-06-18,3293,鈊象,779.0,797.0,774.0,793.0,3078,0,1241,53,94,0.0,0.0,0.0,空
2026-06-18,3294,英濟,41.0,41.5,39.4,39.7,1592,0,-180,0,0,0.0,0.0,0.0,空
2026-06-18,3296,勝德,27.8,29.8,27.8,29.8,1092,0,-108,0,3,0.0,0.0,0.0,多
2026-06-18,3297,杭特,31.85,32.15,31.5,31.6,71,0,-6,0,0,0.0,0.0,0.0,多
2026-06-18,3303,岱稜,60.6,61.5,59.3,61.0,1418,0,-149,0,9,0.0,0.0,0.0,多
2026-06-18,3305,昇貿,143.0,146.0,141.0,146.0,2759,0,394,0,49,0.0,0.0,0.0,空
2026-06-18,3306,鼎天,48.5,48.85,47.6,48.0,180,0,-32,0,0,0.0,0.0,0.0,多
2026-06-18,3308,聯德,20.9,22.5,20.9,21.45,318,0,22,0,0,0.0,0.0,0.0,多
2026-06-18,3310,佳穎,65.2,66.0,64.5,65.8,19,0,2,0,0,0.0,0.0,0.0,空
2026-06-18,3311,閎暉,39.65,40.4,38.6,38.75,836,0,82,0,-2,0.0,0.0,0.0,空
2026-06-18,3312,弘憶股,61.2,67.7,60.0,62.8,22887,0,-5497,0,107,0.0,0.0,0.0,空
2026-06-18,3313,斐成,11.95,12.35,11.85,12.15,487,0,60,0,0,0.0,0.0,0.0,多
2026-06-18,3317,尼克森,84.7,88.3,84.7,88.3,11502,0,2875,0,76,0.0,0.0,0.0,空
2026-06-18,3321,同泰,23.5,24.4,22.9,24.3,1245,0,154,0,-2,0.0,0.0,0.0,多
2026-06-18,3322,建舜電,14.75,15.2,14.7,14.85,776,0,210,0,0,0.0,0.0,0.0,多
2026-06-18,3323,加百裕,35.6,35.85,35.1,35.5,723,0,-59,0,0,0.0,0.0,0.0,空
2026-06-18,3324,雙鴻,1065.0,1085.0,1055.0,1070.0,1440,0,-79,0,9,0.0,0.0,0.0,空
2026-06-18,3325,旭品,12.6,12.7,12.5,12.6,180,0,40,0,0,0.0,0.0,0.0,空
2026-06-18,3332,幸康,65.0,65.0,65.0,65.0,1,0,0,0,0,0.0,0.0,0.0,空
2026-06-18,3338,泰碩,74.2,75.9,73.9,75.2,722,0,-25,0,0,0.0,0.0,0.0,空
2026-06-18,3339,泰谷,48.0,50.8,48.0,49.7,4104,0,-74,0,0,0.0,0.0,0.0,多
2026-06-18,3346,麗清,24.6,25.05,23.5,23.7,1711,0,-397,0,5,0.0,0.0,0.0,空
2026-06-18,3349,寶德,18.2,18.45,17.95,18.25,69,0,15,0,0,0.0,0.0,0.0,多
2026-06-18,3354,律勝,28.25,28.65,27.7,28.0,303,0,0,0,0,0.0,0.0,0.0,空
2026-06-18,3356,奇偶,60.3,62.2,60.2,60.4,1969,0,775,0,3,0.0,0.0,0.0,空
2026-06-18,3357,臺慶科,322.0,348.0,322.0,348.0,10261,0,3663,0,136,0.0,0.0,0.0,多
2026-06-18,3360,尚立,16.4,16.85,16.0,16.25,2535,0,301,0,-1,0.0,0.0,0.0,多
2026-06-18,3362,先進光,206.0,218.0,203.5,211.0,14274,0,-930,0,-1,0.0,0.0,0.0,多
2026-06-18,3363,上詮,684.0,716.0,673.0,712.0,2908,0,21,0,0,0.0,0.0,0.0,空
2026-06-18,3372,典範,20.15,20.45,20.1,20.4,999,0,475,0,0,0.0,0.0,0.0,空
2026-06-18,3373,熱映,16.8,16.85,16.7,16.75,49,0,-3,0,0,0.0,0.0,0.0,空
2026-06-18,3374,精材,243.5,254.0,242.0,251.0,6586,0,984,0,353,0.0,0.0,0.0,空
2026-06-18,3376,新日興,199.0,207.0,199.0,205.0,3963,0,-60,0,154,0.0,0.0,0.0,空
2026-06-18,3379,彬台,35.9,36.0,35.25,35.55,191,0,0,0,0,0.0,0.0,0.0,空
2026-06-18,3380,明泰,35.4,35.7,34.7,34.95,4011,0,-709,0,4,0.0,0.0,0.0,空
2026-06-18,3388,崇越電,90.8,92.8,90.5,92.4,449,0,15,0,0,0.0,0.0,0.0,空
2026-06-18,3390,旭軟,28.9,29.4,28.15,28.5,717,0,11,0,0,0.0,0.0,0.0,空
2026-06-18,3402,漢科,140.5,142.5,139.5,140.5,526,0,17,0,-1,0.0,0.0,0.0,空
2026-06-18,3406,玉晶光,728.0,762.0,702.0,753.0,4794,0,-173,-218,97,0.0,0.0,0.0,多
2026-06-18,3413,京鼎,322.0,328.5,320.5,324.5,1939,0,501,0,38,0.0,0.0,0.0,多
2026-06-18,3416,融程電,175.0,178.0,175.0,176.0,229,0,24,0,3,0.0,0.0,0.0,空
2026-06-18,3419,譁裕,14.4,14.5,14.2,14.4,259,0,-2,0,-1,0.0,0.0,0.0,多
2026-06-18,3430,奇鈦科,135.0,144.0,133.0,142.5,1262,0,-117,0,0,0.0,0.0,0.0,空
2026-06-18,3432,台端,18.5,19.35,18.5,18.7,55,0,-9,0,0,0.0,0.0,0.0,空
2026-06-18,3434,哲固,30.1,30.6,29.75,29.9,126,0,-26,0,0,0.0,0.0,0.0,空
2026-06-18,3437,榮創,21.75,21.85,21.4,21.45,1078,0,3,0,-5,0.0,0.0,0.0,空
2026-06-18,3438,類比科,70.8,75.8,70.8,72.6,619,0,67,0,0,0.0,0.0,0.0,空
2026-06-18,3441,聯一光,89.0,94.0,88.9,92.3,14141,0,-513,0,-39,0.0,0.0,0.0,多
2026-06-18,3443,創意,5160.0,5160.0,4860.0,4860.0,4719,0,-2518,2104,70,0.0,0.0,0.0,多
2026-06-18,3444,利機,93.0,99.0,91.3,97.9,742,0,96,0,0,0.0,0.0,0.0,空
2026-06-18,3447,展達,40.6,40.6,39.75,40.2,259,0,12,0,0,0.0,0.0,0.0,多
2026-06-18,3450,聯鈞,521.0,565.0,520.0,565.0,15584,0,3573,322,211,0.0,0.0,0.0,空
2026-06-18,3455,由田,229.0,244.5,227.0,242.0,1517,0,-156,0,0,0.0,0.0,0.0,多
2026-06-18,3465,進泰電子,33.6,36.3,33.6,36.3,146,0,54,0,0,0.0,0.0,0.0,多
2026-06-18,3466,德晉,34.05,34.25,33.1,33.2,390,0,-24,0,0,0.0,0.0,0.0,多
2026-06-18,3467,台灣精材,65.4,65.4,63.6,64.3,106,0,34,0,-2,0.0,0.0,0.0,空
2026-06-18,3473,智通聯網,90.02,92.0,89.0,92.0,6,0,0,0,0,0.0,0.0,0.0,多
2026-06-18,3479,安勤,133.5,140.0,132.5,136.5,2515,0,-376,0,0,0.0,0.0,0.0,空
2026-06-18,3481,群創,62.0,64.4,58.5,64.4,861089,0,-29761,17759,4223,0.0,0.0,0.0,多
2026-06-18,3483,力致,92.5,94.0,92.1,93.8,516,0,115,0,7,0.0,0.0,0.0,空
2026-06-18,3484,崧騰,51.7,55.8,51.3,55.1,5412,0,-5,0,0,0.0,0.0,0.0,多
2026-06-18,3485,敘豐,308.0,322.0,300.0,311.0,278,0,-37,0,0,0.0,0.0,0.0,空
2026-06-18,3489,森寶,23.05,23.1,22.8,22.95,222,0,29,0,0,0.0,0.0,0.0,多
2026-06-18,3490,單井,33.3,33.6,32.45,32.45,961,0,-61,0,0,0.0,0.0,0.0,空
2026-06-18,3491,昇達科,1560.0,1575.0,1520.0,1560.0,1660,0,-70,1,-8,0.0,0.0,0.0,空
2026-06-18,3492,長盛,22.8,23.15,22.8,22.9,48,0,10,0,0,0.0,0.0,0.0,多
2026-06-18,3494,誠研,8.1,8.14,8.01,8.05,137,0,-15,0,0,0.0,0.0,0.0,多
2026-06-18,3498,陽程,119.0,125.0,119.0,123.0,995,0,-194,0,49,0.0,0.0,0.0,空
2026-06-18,3499,環天科,14.35,14.55,14.25,14.55,56,0,21,0,0,0.0,0.0,0.0,多
2026-06-18,3501,維熹,43.0,43.0,41.75,41.8,634,0,-49,0,-11,0.0,0.0,0.0,多
2026-06-18,3504,揚明光,87.8,91.5,85.7,91.2,6086,0,1157,0,0,0.0,0.0,0.0,多
2026-06-18,3508,位速,19.8,19.8,18.7,18.8,258,0,-89,0,0,0.0,0.0,0.0,多
2026-06-18,3511,矽瑪,24.8,25.25,24.35,24.95,626,0,53,0,0,0.0,0.0,0.0,多
2026-06-18,3512,皇龍,20.85,20.95,20.75,20.8,118,0,24,0,0,0.0,0.0,0.0,多
2026-06-18,3515,華擎,248.0,248.5,245.5,246.5,443,0,-72,0,-10,0.0,0.0,0.0,空
2026-06-18,3516,亞帝歐,28.4,28.4,27.0,27.8,321,0,-60,0,0,0.0,0.0,0.0,多
2026-06-18,3518,柏騰,28.3,28.85,28.05,28.35,471,0,-83,0,-1,0.0,0.0,0.0,空
2026-06-18,3520,華盈,17.45,17.45,16.9,17.1,492,0,27,0,0,0.0,0.0,0.0,多
2026-06-18,3521,鴻翊,12.85,12.9,12.55,12.55,48,0,8,0,0,0.0,0.0,0.0,多
2026-06-18,3521,台鋼建設,12.85,12.9,12.55,12.55,48,0,8,0,0,0.0,0.0,0.0,多
2026-06-18,3522,御頂,11.85,11.9,11.7,11.8,127,0,15,0,0,0.0,0.0,0.0,多
2026-06-18,3522,御嵿,11.85,11.9,11.7,11.8,127,0,15,0,0,0.0,0.0,0.0,多
2026-06-18,3523,迎輝,15.4,16.55,15.4,16.55,30,0,0,0,0,0.0,0.0,0.0,空
2026-06-18,3526,凡甲,324.0,328.0,320.5,327.0,1037,0,303,-142,-16,0.0,0.0,0.0,空
2026-06-18,3527,聚積,69.1,71.4,68.8,70.7,599,0,79,0,0,0.0,0.0,0.0,多
2026-06-18,3528,安馳,118.0,118.0,110.5,110.5,3310,0,-279,0,-20,0.0,0.0,0.0,空
2026-06-18,3529,力旺,3245.0,3340.0,3190.0,3270.0,419,0,53,1,-3,0.0,0.0,0.0,空
2026-06-18,3530,晶相光,73.0,76.4,71.0,71.1,1758,0,158,0,-4,0.0,0.0,0.0,多
2026-06-18,3531,先益,23.15,23.15,22.6,22.65,8,0,1,0,0,0.0,0.0,0.0,空
2026-06-18,3532,台勝科,390.5,395.0,372.0,390.0,6955,0,-281,307,-148,0.0,0.0,0.0,多
2026-06-18,3533,嘉澤,2335.0,2335.0,2270.0,2290.0,1088,0,291,-461,28,0.0,0.0,0.0,空
2026-06-18,3535,晶彩科,137.5,137.5,132.5,134.0,1268,0,113,0,-92,0.0,0.0,0.0,多
2026-06-18,3537,堡達,84.0,89.6,83.1,89.6,12342,0,-454,0,82,0.0,0.0,0.0,空
2026-06-18,3540,曜越,25.95,26.05,25.35,25.5,565,0,-115,0,0,0.0,0.0,0.0,空
2026-06-18,3541,西柏,21.75,22.25,21.75,21.95,43,0,-10,0,0,0.0,0.0,0.0,多
2026-06-18,3543,州巧,31.2,31.7,30.85,30.95,393,0,62,0,-1,0.0,0.0,0.0,空
2026-06-18,3545,敦泰,56.9,58.4,56.9,58.0,1660,0,89,0,0,0.0,0.0,0.0,空
2026-06-18,3546,宇峻,86.2,86.2,84.7,85.9,481,0,-56,0,-11,0.0,0.0,0.0,多
2026-06-18,3548,兆利,90.0,91.3,88.8,89.2,385,0,9,0,0,0.0,0.0,0.0,空
2026-06-18,3550,聯穎,37.2,37.25,36.2,37.25,3088,0,72,0,59,0.0,0.0,0.0,多
2026-06-18,3551,世禾,203.0,209.5,200.0,208.0,762,0,292,0,86,0.0,0.0,0.0,多
2026-06-18,3552,同致,50.5,52.8,50.5,52.0,199,0,29,0,-2,0.0,0.0,0.0,空
2026-06-18,3555,博士旺,195.5,200.0,195.5,199.0,76,0,-1,0,1,0.0,0.0,0.0,空
2026-06-18,3556,禾瑞亞,76.4,77.5,73.5,74.0,2128,0,-512,0,0,0.0,0.0,0.0,空
2026-06-18,3557,嘉威,26.7,26.7,26.25,26.65,96,0,-34,0,15,0.0,0.0,0.0,多
2026-06-18,3558,神準,133.5,135.5,133.0,134.0,172,0,13,0,-3,0.0,0.0,0.0,空
2026-06-18,3563,牧德,705.0,728.0,705.0,715.0,598,0,-118,0,14,0.0,0.0,0.0,空
2026-06-18,3564,其陽,48.7,48.7,47.25,47.75,229,0,-14,0,0,0.0,0.0,0.0,空
2026-06-18,3567,逸昌,27.75,28.9,27.75,28.45,174,0,18,0,0,0.0,0.0,0.0,空
2026-06-18,3570,大塚,181.0,181.0,178.5,179.0,49,0,8,0,0,0.0,0.0,0.0,空
2026-06-18,3576,聯合再生,19.05,19.05,18.0,18.0,39457,0,-21442,0,44,0.0,0.0,0.0,多
2026-06-18,3577,泓格,122.0,124.5,120.0,121.5,453,0,-110,0,0,0.0,0.0,0.0,空
2026-06-18,3580,友威科,102.5,105.5,99.6,101.5,1556,0,-182,0,0,0.0,0.0,0.0,空
2026-06-18,3581,博磊,176.0,179.5,176.0,179.5,333,0,-79,0,33,0.0,0.0,0.0,空
2026-06-18,3583,辛耘,828.0,895.0,823.0,889.0,2795,0,230,-3,65,0.0,0.0,0.0,空
2026-06-18,3585,聯致,67.13,71.0,65.7,68.3,1601,0,-28,0,0,0.0,0.0,0.0,空
2026-06-18,3587,閎康,293.5,307.0,291.0,304.0,1069,0,-126,0,66,0.0,0.0,0.0,空
2026-06-18,3588,通嘉,58.7,60.9,58.6,60.3,592,0,143,0,-2,0.0,0.0,0.0,空
2026-06-18,3591,艾笛森,23.6,24.6,23.25,23.95,1459,0,468,0,-2,0.0,0.0,0.0,空
2026-06-18,3592,瑞鼎,277.5,284.5,273.5,275.0,1177,0,74,-141,0,0.0,0.0,0.0,空
2026-06-18,3593,力銘,15.25,16.05,15.25,16.05,21,0,0,0,0,0.0,0.0,0.0,空
2026-06-18,3594,磐儀,47.35,48.3,47.25,47.95,218,0,21,0,-1,0.0,0.0,0.0,空
2026-06-18,3595,山太士,2626.22,2665.0,2485.0,2570.0,422,0,3,0,0,0.0,0.0,0.0,空
2026-06-18,3596,智易,196.5,196.5,189.5,191.5,3840,0,-422,330,2,0.0,0.0,0.0,多
2026-06-18,3597,映興,27.55,27.55,26.65,27.0,46,0,7,0,0,0.0,0.0,0.0,空
2026-06-18,3603,建祥國際,7.8,8.2,8.2,8.2,0,0,0,0,0,0.0,0.0,0.0,多
2026-06-18,3605,宏致,77.3,82.6,77.3,80.5,7168,0,2089,0,-41,0.0,0.0,0.0,多
2026-06-18,3607,谷崧,17.2,17.2,16.75,16.85,495,0,-107,0,-3,0.0,0.0,0.0,空
2026-06-18,3609,三一東林,27.3,28.65,26.95,28.0,432,0,-21,0,0,0.0,0.0,0.0,空
2026-06-18,3611,鼎翰,194.0,194.5,193.0,193.0,36,0,11,0,0,0.0,0.0,0.0,多
2026-06-18,3615,安可,53.9,56.4,52.7,55.4,8520,0,-48,0,0,0.0,0.0,0.0,空
2026-06-18,3617,碩天,212.0,215.0,211.5,211.5,205,0,14,0,0,0.0,0.0,0.0,空
2026-06-18,3622,洋華,55.5,56.3,55.5,55.7,191,0,-25,0,1,0.0,0.0,0.0,空
2026-06-18,3623,富晶通,23.35,24.0,23.3,23.3,88,0,-8,0,0,0.0,0.0,0.0,空
2026-06-18,3624,光頡,160.5,160.5,160.5,160.5,3681,0,-121,0,70,0.0,0.0,0.0,多
2026-06-18,3625,西勝,15.7,16.0,15.6,15.8,183,0,43,0,0,0.0,0.0,0.0,多
2026-06-18,3628,盈正,72.2,72.8,70.9,72.4,155,0,2,0,0,0.0,0.0,0.0,多
2026-06-18,3629,地心引力,14.85,15.45,14.85,15.25,29,0,0,0,0,0.0,0.0,0.0,多
2026-06-18,3630,新鉅科,35.35,36.2,34.1,34.8,5529,0,237,0,-7,0.0,0.0,0.0,多
2026-06-18,3631,晟楠,34.25,35.0,33.85,34.0,109,0,-7,0,0,0.0,0.0,0.0,空
2026-06-18,3632,研勤,8.11,8.12,8.11,8.12,30,0,0,0,0,0.0,0.0,0.0,多
2026-06-18,3633,云光,120.36,123.0,120.0,122.5,11,0,0,0,0,0.0,0.0,0.0,空
2026-06-18,3644,凌嘉科,286.71,331.5,292.0,329.5,725,0,15,0,0,0.0,0.0,0.0,-
2026-06-18,3645,達邁,92.9,95.8,92.8,94.3,2294,0,369,0,3,0.0,0.0,0.0,空
2026-06-18,3646,艾恩特,23.6,23.6,23.1,23.5,33,0,1,0,0,0.0,0.0,0.0,空
2026-06-18,3652,精聯,38.25,40.95,38.1,40.2,2847,0,95,0,-2,0.0,0.0,0.0,多
2026-06-18,3653,健策,3990.0,4230.0,3935.0,3965.0,2001,0,-158,80,3,0.0,0.0,0.0,多
2026-06-18,3659,百辰,22.14,23.1,22.2,23.1,11,0,0,0,0,0.0,0.0,0.0,多
2026-06-18,3661,世芯-KY,4320.0,4530.0,4270.0,4380.0,2258,0,-3,-38,71,0.0,0.0,0.0,空
2026-06-18,3663,鑫科,85.8,85.9,82.3,85.7,10803,0,-287,0,92,0.0,0.0,0.0,空
2026-06-18,3664,安瑞-KY,6.15,6.75,6.15,6.75,42,0,2,0,0,0.0,0.0,0.0,空
2026-06-18,3665,貿聯-KY,2140.0,2140.0,2080.0,2100.0,7000,0,-4363,3898,31,0.0,0.0,0.0,多
2026-06-18,3666,光耀,25.7,25.95,25.65,25.9,46,0,3,0,0,0.0,0.0,0.0,空
2026-06-18,3669,圓展,35.45,35.75,35.05,35.45,172,0,15,0,2,0.0,0.0,0.0,空
2026-06-18,3672,康聯訊,12.0,12.15,12.0,12.05,26,0,0,0,0,0.0,0.0,0.0,多
2026-06-18,3673,TPK-KY,88.5,88.6,85.4,86.2,32107,0,-5771,0,-157,0.0,0.0,0.0,空
2026-06-18,3675,德微,368.5,368.5,368.5,368.5,1029,0,-147,0,27,0.0,0.0,0.0,空
2026-06-18,3678,聯享,47.11,48.1,44.9,48.1,152,0,11,0,0,0.0,0.0,0.0,空
2026-06-18,3679,新至陞,112.5,112.5,111.0,111.0,89,0,0,0,-5,0.0,0.0,0.0,空
2026-06-18,3680,家登,516.0,555.0,511.0,542.0,3622,0,433,0,86,0.0,0.0,0.0,空
2026-06-18,3684,榮昌,59.3,59.6,58.2,58.6,47,0,1,0,0,0.0,0.0,0.0,空
2026-06-18,3685,元創精密,30.9,31.1,29.3,30.25,551,0,-128,0,4,0.0,0.0,0.0,多
2026-06-18,3686,達能,17.4,17.4,17.0,17.25,198,0,11,0,-1,0.0,0.0,0.0,多
2026-06-18,3687,歐買尬,79.4,79.4,77.5,78.4,211,0,14,0,-5,0.0,0.0,0.0,多
2026-06-18,3689,湧德,119.0,122.0,119.0,121.0,1565,0,162,0,11,0.0,0.0,0.0,空
2026-06-18,3691,碩禾,156.0,156.5,152.0,154.5,2017,0,-91,0,79,0.0,0.0,0.0,空
2026-06-18,3693,營邦,499.0,511.0,495.5,500.0,588,0,1,0,5,0.0,0.0,0.0,空
2026-06-18,3694,海華,62.0,62.8,60.7,60.8,1575,0,2,0,1,0.0,0.0,0.0,空
2026-06-18,3701,大眾控,47.8,49.35,47.8,48.45,884,0,127,0,-5,0.0,0.0,0.0,空
2026-06-18,3702,大聯大,107.5,113.0,106.5,112.0,20030,0,3405,-60,-134,0.0,0.0,0.0,空
2026-06-18,3703,欣陸,21.9,22.15,21.7,21.8,1418,0,-424,0,12,0.0,0.0,0.0,多
2026-06-18,3704,合勤控,49.35,49.6,48.15,48.25,5001,0,-500,0,10,0.0,0.0,0.0,空
2026-06-18,3705,永信,57.2,57.4,56.9,56.9,237,0,-38,0,3,0.0,0.0,0.0,多
2026-06-18,3706,神達,86.4,87.5,86.2,86.9,10091,0,798,270,25,0.0,0.0,0.0,空
2026-06-18,3707,漢磊,80.5,84.4,80.2,83.2,19128,0,-219,0,-2,0.0,0.0,0.0,空
2026-06-18,3708,上緯投控,115.0,120.5,115.0,116.5,880,0,27,-2,0,0.0,0.0,0.0,空
2026-06-18,3709,鑫聯大投控,74.8,76.1,74.0,74.4,870,0,130,0,0,0.0,0.0,0.0,空
2026-06-18,3710,連展投控,6.5,6.5,6.12,6.35,499,0,-55,0,0,0.0,0.0,0.0,多
2026-06-18,3711,日月光投控,591.0,618.0,591.0,613.0,35638,0,13363,-8525,1058,0.0,0.0,0.0,空
2026-06-18,3712,永崴投控,18.0,18.05,17.65,17.65,522,0,63,0,-3,0.0,0.0,0.0,多
2026-06-18,3713,新晶投控,15.85,15.85,15.15,15.65,71,0,22,0,0,0.0,0.0,0.0,空
2026-06-18,3714,富采,67.0,68.7,66.5,67.2,13360,0,2127,0,122,0.0,0.0,0.0,空
2026-06-18,3715,定穎投控,176.5,185.0,176.5,179.0,11155,0,2139,0,97,0.0,0.0,0.0,多
2026-06-18,3716,中化控股,34.75,35.0,34.6,34.7,181,0,6,0,17,0.0,0.0,0.0,空
2026-06-18,3717,聯嘉投控,22.8,23.55,22.45,22.55,8578,0,2146,0,-24,0.0,0.0,0.0,多
2026-06-18,4102,永日,18.95,19.0,18.8,19.0,35,0,0,0,0,0.0,0.0,0.0,多
2026-06-18,4104,佳醫,69.5,69.9,69.4,69.5,202,0,-31,0,2,0.0,0.0,0.0,多
2026-06-18,4105,東洋,73.7,74.2,73.2,73.5,982,0,189,-304,0,0.0,0.0,0.0,空
2026-06-18,4106,雃博,23.25,23.4,23.0,23.4,116,0,0,0,0,0.0,0.0,0.0,空
2026-06-18,4107,邦特,116.5,117.0,115.5,115.5,65,0,-29,0,0,0.0,0.0,0.0,多
2026-06-18,4108,懷特,12.05,12.15,11.9,12.0,164,0,-4,0,1,0.0,0.0,0.0,空
2026-06-18,4109,加捷生醫,12.15,12.3,12.1,12.15,167,0,26,0,0,0.0,0.0,0.0,多
2026-06-18,4111,濟生,30.1,30.2,30.05,30.2,73,0,0,0,0,0.0,0.0,0.0,空
2026-06-18,4113,聯上,17.4,17.8,17.2,17.35,269,0,-59,0,0,0.0,0.0,0.0,多
2026-06-18,4114,健喬,30.8,31.25,30.8,30.95,1060,0,160,0,0,0.0,0.0,0.0,多
2026-06-18,4115,善德生技,7.47,7.76,7.4,7.7,55,0,-10,0,0,0.0,0.0,0.0,多
2026-06-18,4116,明基醫,38.0,38.2,37.9,37.95,65,0,-2,0,0,0.0,0.0,0.0,多
2026-06-18,4117,普生,12.28,14.05,12.35,12.7,609,0,-28,0,0,0.0,0.0,0.0,-
2026-06-18,4119,旭富,43.8,44.75,43.7,44.2,242,0,-35,0,-1,0.0,0.0,0.0,多
2026-06-18,4120,友華,45.0,45.2,44.8,45.2,16,0,3,0,0,0.0,0.0,0.0,多
2026-06-18,4121,優盛,13.55,13.7,13.45,13.55,95,0,7,0,0,0.0,0.0,0.0,空
2026-06-18,4123,晟德,37.2,37.35,37.0,37.2,1707,0,-15,0,-31,0.0,0.0,0.0,空
2026-06-18,4126,太醫,80.6,80.8,80.3,80.6,20,0,-6,0,6,0.0,0.0,0.0,多
2026-06-18,4127,天良,71.9,74.8,67.0,67.1,747,0,-37,0,0,0.0,0.0,0.0,空
2026-06-18,4128,中天,14.75,15.05,14.75,15.05,862,0,273,0,9,0.0,0.0,0.0,多
2026-06-18,4129,聯合,91.0,92.1,90.9,90.9,179,0,-6,0,0,0.0,0.0,0.0,多
2026-06-18,4130,健亞,26.25,26.25,25.2,25.7,80,0,14,0,0,0.0,0.0,0.0,多
2026-06-18,4131,浩泰,37.3,37.3,36.8,36.8,6,0,0,0,0,0.0,0.0,0.0,多
2026-06-18,4133,亞諾法,20.7,20.85,20.6,20.7,103,0,18,0,2,0.0,0.0,0.0,多
2026-06-18,4137,麗豐-KY,109.5,110.0,108.5,109.0,186,0,-83,0,11,0.0,0.0,0.0,多
2026-06-18,4138,曜亞,51.6,51.8,51.4,51.4,34,0,4,0,0,0.0,0.0,0.0,多
2026-06-18,4139,馬光-KY,24.25,24.75,24.2,24.75,7,0,1,0,0,0.0,0.0,0.0,多
2026-06-18,4142,國光生,17.55,17.7,17.35,17.4,1102,0,-389,0,-1,0.0,0.0,0.0,多
2026-06-18,4147,中裕,57.2,58.3,57.1,57.2,965,0,186,0,0,0.0,0.0,0.0,多
2026-06-18,4148,全宇生技-KY,31.2,31.2,30.45,30.85,23,0,3,0,-1,0.0,0.0,0.0,多
2026-06-18,4150,優你康,5.09,5.14,5.0,5.09,283,0,-18,0,0,0.0,0.0,0.0,多
2026-06-18,4153,鈺緯,30.0,30.35,29.7,30.0,10,0,-1,0,0,0.0,0.0,0.0,空
2026-06-18,4154,樂威科-KY,12.6,12.85,12.45,12.75,15,0,-1,0,0,0.0,0.0,0.0,多
2026-06-18,4155,訊映,15.3,15.55,15.05,15.3,421,0,-43,0,3,0.0,0.0,0.0,空
2026-06-18,4157,太景*-KY,8.75,8.83,8.7,8.74,589,0,42,0,-2,0.0,0.0,0.0,多
2026-06-18,4160,訊聯基因,41.1,41.1,40.35,40.4,51,0,1,0,0,0.0,0.0,0.0,多
2026-06-18,4161,聿新科,23.15,23.35,23.0,23.2,70,0,5,0,0,0.0,0.0,0.0,多
2026-06-18,4162,智擎,57.1,57.8,56.9,57.3,382,0,40,0,0,0.0,0.0,0.0,多
2026-06-18,4163,鐿鈦,117.0,117.5,115.0,115.0,69,0,-5,0,0,0.0,0.0,0.0,空
2026-06-18,4164,承業醫,30.7,31.4,30.7,31.15,691,0,311,0,4,0.0,0.0,0.0,多
2026-06-18,4166,友霖,24.9,25.0,24.7,25.0,161,0,28,0,0,0.0,0.0,0.0,多
2026-06-18,4167,松瑞藥,20.0,20.05,19.75,19.95,613,0,229,0,-1,0.0,0.0,0.0,空
2026-06-18,4168,醣聯,25.2,25.65,25.15,25.3,194,0,15,0,0,0.0,0.0,0.0,空
2026-06-18,4169,泰宗,156.0,168.0,156.0,168.0,577,0,-76,0,4,0.0,0.0,0.0,多
2026-06-18,4170,鑫品生醫,12.57,12.65,12.1,12.6,31,0,0,0,0,0.0,0.0,0.0,空
2026-06-18,4171,瑞基,17.35,17.5,17.3,17.3,125,0,4,0,0,0.0,0.0,0.0,空
2026-06-18,4172,因華,11.58,12.05,11.55,11.55,117,0,0,0,0,0.0,0.0,0.0,多
2026-06-18,4173,久裕,18.2,18.2,18.1,18.15,66,0,13,0,0,0.0,0.0,0.0,多
2026-06-18,4174,浩鼎,28.1,28.3,27.85,27.9,190,0,14,0,0,0.0,0.0,0.0,多
2026-06-18,4175,杏一,53.2,53.7,52.7,53.7,20,0,-1,0,0,0.0,0.0,0.0,多
2026-06-18,4178,永笙-KY,17.5,17.9,17.5,17.65,186,0,15,0,0,0.0,0.0,0.0,多
2026-06-18,4183,福永生技,13.95,14.0,13.95,14.0,4,0,0,0,0,0.0,0.0,0.0,多
2026-06-18,4186,尖端醫,10.04,10.2,9.86,10.15,209,0,-8,0,0,0.0,0.0,0.0,多
2026-06-18,4188,安克,10.45,10.55,10.4,10.55,47,0,15,0,0,0.0,0.0,0.0,多
2026-06-18,4190,佐登-KY,24.8,24.8,24.3,24.8,41,0,10,0,6,0.0,0.0,0.0,多
2026-06-18,4192,杏國,20.55,21.15,20.3,21.15,15,0,0,0,0,0.0,0.0,0.0,多
2026-06-18,4194,禾生技,7.12,7.28,6.93,7.23,20,0,0,0,0,0.0,0.0,0.0,多
2026-06-18,4195,基米-創,15.55,15.8,15.45,15.7,335,0,135,0,0,0.0,0.0,0.0,多
2026-06-18,4197,暐世,8.65,9.35,8.7,9.35,44,0,0,0,0,0.0,0.0,0.0,多
2026-06-18,4198,欣大健康,38.5,38.5,37.35,38.5,15,0,0,0,0,0.0,0.0,0.0,多
2026-06-18,4205,中華食,73.0,73.0,72.4,72.9,39,0,-6,0,0,0.0,0.0,0.0,多
2026-06-18,4207,環泰,19.7,19.7,19.45,19.55,95,0,6,0,0,0.0,0.0,0.0,空
2026-06-18,4303,信立,47.2,47.85,47.15,47.5,426,0,43,0,0,0.0,0.0,0.0,多
2026-06-18,4304,勝昱,23.8,25.0,23.0,23.1,58,0,10,0,0,0.0,0.0,0.0,空
2026-06-18,4305,世坤,43.9,43.9,43.9,43.9,3,0,0,0,0,0.0,0.0,0.0,多
2026-06-18,4306,炎洲,15.95,16.0,15.7,15.85,2388,0,853,0,105,0.0,0.0,0.0,多
2026-06-18,4401,東隆興,14.15,14.15,14.0,14.1,63,0,4,0,0,0.0,0.0,0.0,多
2026-06-18,4402,郡都開發,16.5,16.8,16.35,16.8,38,0,0,0,0,0.0,0.0,0.0,多
2026-06-18,4406,新昕纖,10.15,10.15,9.81,9.89,22,0,0,0,0,0.0,0.0,0.0,空
2026-06-18,4413,飛寶企業,0.0,0.0,0.0,0.0,0,0,0,0,0,0.0,0.0,0.0,空
2026-06-18,4414,如興,8.42,8.49,8.4,8.44,182,0,-13,0,0,0.0,0.0,0.0,多
2026-06-18,4416,三圓,10.25,10.25,9.55,10.0,1840,0,25,0,21,0.0,0.0,0.0,空
2026-06-18,4417,金洲,46.6,46.9,46.6,46.65,65,0,20,0,0,0.0,0.0,0.0,多
2026-06-18,4419,元勝,46.7,46.7,45.5,46.2,22,0,0,0,0,0.0,0.0,0.0,多
2026-06-18,4419,皇家美食,46.7,46.7,45.5,46.2,22,0,0,0,0,0.0,0.0,0.0,多
2026-06-18,4420,光明,38.0,38.0,37.2,37.6,108,0,0,0,0,0.0,0.0,0.0,多
2026-06-18,4426,利勤,8.01,8.11,7.98,7.98,116,0,7,0,-4,0.0,0.0,0.0,空
2026-06-18,4430,耀億,17.35,17.7,17.35,17.6,41,0,0,0,0,0.0,0.0,0.0,多
2026-06-18,4431,敏成健康,16.48,17.1,16.3,16.95,51,0,0,0,0,0.0,0.0,0.0,多
2026-06-18,4432,銘旺實,16.25,16.5,16.15,16.25,8,0,0,0,0,0.0,0.0,0.0,空
2026-06-18,4433,興采,20.35,20.4,20.3,20.4,26,0,-1,0,0,0.0,0.0,0.0,空
2026-06-18,4438,廣越,61.7,61.7,60.9,61.1,76,0,-27,0,-3,0.0,0.0,0.0,空
2026-06-18,4439,冠星-KY,91.0,91.7,91.0,91.6,13,0,3,0,0,0.0,0.0,0.0,多
2026-06-18,4440,宜新實業,17.15,17.25,17.05,17.1,34,0,5,0,-3,0.0,0.0,0.0,空
2026-06-18,4441,振大環球,204.0,204.5,200.0,200.0,81,0,-25,0,0,0.0,0.0,0.0,空
2026-06-18,4442,竣邦-KY,56.0,56.3,55.6,56.1,14,0,-5,0,0,0.0,0.0,0.0,多
2026-06-18,4502,健信,15.75,15.85,15.65,15.8,34,0,0,0,0,0.0,0.0,0.0,空
2026-06-18,4503,金雨,38.9,38.9,38.25,38.4,80,0,3,0,0,0.0,0.0,0.0,多
2026-06-18,4506,崇友,118.0,119.0,118.0,118.5,108,0,60,0,0,0.0,0.0,0.0,多
2026-06-18,4510,高鋒,45.0,45.5,44.6,45.3,1110,0,145,0,11,0.0,0.0,0.0,空
2026-06-18,4513,福裕,17.5,17.65,17.2,17.45,879,0,14,0,0,0.0,0.0,0.0,多
2026-06-18,4523,永彰,29.45,30.5,29.45,30.5,259,0,89,0,0,0.0,0.0,0.0,多
2026-06-18,4526,東台,39.15,40.5,38.85,39.15,5825,0,-876,0,24,0.0,0.0,0.0,空
2026-06-18,4527,方土霖,41.1,41.1,40.6,40.85,25,0,0,0,0,0.0,0.0,0.0,空
2026-06-18,4528,江興鍛,15.95,16.0,15.85,15.85,43,0,-1,0,0,0.0,0.0,0.0,多
2026-06-18,4529,淳紳,4.83,4.98,4.71,4.78,33,0,0,0,0,0.0,0.0,0.0,空
2026-06-18,4530,宏易,24.5,25.0,24.0,24.5,19,0,-1,0,0,0.0,0.0,0.0,多
2026-06-18,4532,瑞智,24.15,24.35,23.75,23.75,1944,0,-509,-19,61,0.0,0.0,0.0,空
2026-06-18,4533,協易機,30.1,30.4,29.85,30.2,1104,0,308,0,-1,0.0,0.0,0.0,空
2026-06-18,4534,慶騰,33.1,34.1,32.95,33.65,1129,0,235,0,0,0.0,0.0,0.0,多
2026-06-18,4535,至興,27.6,27.8,27.35,27.5,18,0,-2,0,0,0.0,0.0,0.0,多
2026-06-18,4536,拓凱,164.5,165.5,163.0,163.0,296,0,24,0,0,0.0,0.0,0.0,空
2026-06-18,4537,旭東,178.25,183.0,178.0,179.5,223,0,-4,0,0,0.0,0.0,0.0,空
2026-06-18,4538,大詠城,18.95,19.0,18.7,18.85,114,0,7,0,0,0.0,0.0,0.0,多
2026-06-18,4540,全球傳動,59.5,61.2,59.5,61.2,2000,0,-37,0,-2,0.0,0.0,0.0,空
2026-06-18,4541,晟田,50.2,52.4,49.9,50.9,2846,0,656,0,2,0.0,0.0,0.0,多
2026-06-18,4542,科嶠,389.0,412.0,389.0,407.0,359,0,22,0,75,0.0,0.0,0.0,多
2026-06-18,4543,萬在,37.0,38.0,36.75,37.95,312,0,28,0,-2,0.0,0.0,0.0,空
2026-06-18,4544,春日,14.22,14.5,14.25,14.25,11,0,0,0,0,0.0,0.0,0.0,空
2026-06-18,4545,銘鈺,38.7,38.7,36.85,37.1,346,0,-42,0,1,0.0,0.0,0.0,空
2026-06-18,4546,長亨,105.96,108.0,102.0,108.0,50,0,0,0,0,0.0,0.0,0.0,多
2026-06-18,4549,桓達,107.5,108.0,106.0,106.5,153,0,-22,0,0,0.0,0.0,0.0,空
2026-06-18,4550,長佳,24.65,24.8,24.5,24.8,81,0,13,0,0,0.0,0.0,0.0,空
2026-06-18,4551,智伸科,221.0,221.5,216.0,221.5,4096,0,1097,0,25,0.0,0.0,0.0,多
2026-06-18,4552,力達-KY,21.4,21.6,21.35,21.55,130,0,-22,0,-4,0.0,0.0,0.0,多
2026-06-18,4553,盛復,17.73,17.7,17.05,17.5,3,0,0,0,0,0.0,0.0,0.0,空
2026-06-18,4554,橙的,30.25,30.45,30.05,30.15,33,0,-2,0,0,0.0,0.0,0.0,空
2026-06-18,4555,氣立,47.4,48.1,46.8,47.85,320,0,30,0,-3,0.0,0.0,0.0,空
2026-06-18,4556,旭然,72.6,77.4,72.1,76.9,468,0,-2,0,0,0.0,0.0,0.0,多
2026-06-18,4557,永新-KY,49.9,49.95,48.5,49.7,85,0,-55,0,-1,0.0,0.0,0.0,多
2026-06-18,4558,寶緯,18.5,18.95,18.45,18.65,50,0,-3,0,0,0.0,0.0,0.0,空
2026-06-18,4559,久裕興,8.06,8.31,7.9,8.31,23,0,0,0,0,0.0,0.0,0.0,多
2026-06-18,4560,強信-KY,33.15,33.45,32.7,33.1,315,0,-33,0,4,0.0,0.0,0.0,多
2026-06-18,4561,健椿,42.0,42.65,41.9,42.5,220,0,52,0,0,0.0,0.0,0.0,空
2026-06-18,4562,穎漢,36.05,36.4,35.2,35.25,399,0,-47,0,-1,0.0,0.0,0.0,空
2026-06-18,4563,百德,43.45,43.45,42.6,42.8,84,0,-17,0,0,0.0,0.0,0.0,空
2026-06-18,4564,元翎,16.3,16.3,15.7,15.8,535,0,-49,0,-1,0.0,0.0,0.0,多
2026-06-18,4565,宏偉,117.2,130.0,116.5,125.0,144,0,2,0,0,0.0,0.0,0.0,空
2026-06-18,4566,時碩工業,63.2,64.9,63.1,64.8,635,0,188,0,0,0.0,0.0,0.0,空
2026-06-18,4568,科際精密,40.75,41.1,40.45,40.5,37,0,0,0,0,0.0,0.0,0.0,空
2026-06-18,4569,六方科-KY,183.5,195.0,183.5,190.5,275,0,69,0,4,0.0,0.0,0.0,多
2026-06-18,4570,傑生,69.35,70.8,68.9,68.9,2,0,0,0,0,0.0,0.0,0.0,空
2026-06-18,4571,鈞興-KY,180.5,184.0,179.5,181.5,268,0,-53,0,0,0.0,0.0,0.0,空
2026-06-18,4572,駐龍,144.5,145.0,144.0,144.5,35,0,7,0,0,0.0,0.0,0.0,空
2026-06-18,4573,高明鐵,364.77,415.5,368.5,413.5,765,0,24,0,0,0.0,0.0,0.0,空
2026-06-18,4575,銓寶,27.14,28.1,27.1,27.1,20,0,0,0,0,0.0,0.0,0.0,空
2026-06-18,4576,大銀微系統,204.0,221.0,202.0,221.0,2189,0,318,-40,62,0.0,0.0,0.0,空
2026-06-18,4577,達航科技,87.2,88.8,85.5,87.4,385,0,93,0,3,0.0,0.0,0.0,空
2026-06-18,4580,捷流閥業,82.0,82.5,81.6,82.5,61,0,2,0,0,0.0,0.0,0.0,空
2026-06-18,4581,光隆精密-KY,50.0,50.0,49.95,49.95,8,0,0,0,0,0.0,0.0,0.0,多
2026-06-18,4582,聚恆-創,26.2,26.75,26.1,26.55,218,0,157,0,-6,0.0,0.0,0.0,多
2026-06-18,4583,台灣精銳,632.0,637.0,624.0,630.0,77,0,20,0,0,0.0,0.0,0.0,空
2026-06-18,4584,君帆,40.15,40.2,40.1,40.2,4,0,0,0,0,0.0,0.0,0.0,多
2026-06-18,4585,達明,306.0,314.0,306.0,313.5,190,0,34,0,0,0.0,0.0,0.0,空
2026-06-18,4587,寶元數控,55.82,61.0,58.0,60.9,46,0,10,0,0,0.0,0.0,0.0,空
2026-06-18,4588,玖鼎電力,59.8,59.8,58.8,59.1,69,0,23,0,0,0.0,0.0,0.0,多
2026-06-18,4589,碩陽電機,37.25,37.45,36.55,37.4,25,0,-4,0,0,0.0,0.0,0.0,空
2026-06-18,4590,富田-創,78.0,79.0,77.5,78.0,169,0,42,0,0,0.0,0.0,0.0,多
2026-06-18,4609,唐鋒,5.49,5.49,5.23,5.23,29,0,0,0,0,0.0,0.0,0.0,空
2026-06-18,4702,中美實,10.1,10.3,10.1,10.15,598,0,61,0,0,0.0,0.0,0.0,多
2026-06-18,4706,大恭,32.75,32.75,31.6,32.1,20,0,-1,0,0,0.0,0.0,0.0,多
2026-06-18,4707,磐亞,23.7,24.1,22.9,23.0,3752,0,-70,0,-544,0.0,0.0,0.0,多
2026-06-18,4711,永純,17.35,17.35,16.8,16.9,236,0,22,0,0,0.0,0.0,0.0,空
2026-06-18,4714,永捷,13.2,13.3,13.0,13.05,1538,0,-164,0,0,0.0,0.0,0.0,空
2026-06-18,4716,大立,17.55,18.75,17.45,18.25,2698,0,-309,0,0,0.0,0.0,0.0,多
2026-06-18,4720,德淵,24.6,24.6,24.1,24.2,1261,0,-145,0,-6,0.0,0.0,0.0,空
2026-06-18,4721,美琪瑪,98.9,101.5,97.8,100.5,2409,0,267,0,56,0.0,0.0,0.0,多
2026-06-18,4722,國精化,269.5,290.0,261.0,277.5,5294,0,-492,1007,3,0.0,0.0,0.0,空
2026-06-18,4724,宣捷幹細胞,9.29,9.55,9.1,9.49,86,0,0,0,0,0.0,0.0,0.0,空
2026-06-18,4726,永昕,24.9,25.45,24.9,25.2,168,0,-8,0,0,0.0,0.0,0.0,空
2026-06-18,4728,雙美,375.0,377.0,375.0,376.0,8,0,-1,0,0,0.0,0.0,0.0,多
2026-06-18,4729,熒茂,23.35,23.35,21.95,22.0,774,0,96,0,0,0.0,0.0,0.0,空
2026-06-18,4732,彥臣,17.47,18.5,17.6,18.5,25,0,0,0,0,0.0,0.0,0.0,空
2026-06-18,4735,豪展,30.75,31.0,30.6,30.6,36,0,-1,0,0,0.0,0.0,0.0,空
2026-06-18,4736,泰博,126.0,126.0,125.0,126.0,99,0,28,0,-2,0.0,0.0,0.0,多
2026-06-18,4737,華廣,56.2,56.9,55.5,56.9,69,0,-15,0,0,0.0,0.0,0.0,多
2026-06-18,4738,大同精化,7.35,7.5,7.1,7.36,203,0,8,0,0,0.0,0.0,0.0,空
2026-06-18,4739,康普,127.0,127.0,122.0,123.5,3725,0,-292,0,60,0.0,0.0,0.0,空
2026-06-18,4741,泓瀚,71.5,71.7,64.6,64.6,4122,0,136,0,30,0.0,0.0,0.0,空
2026-06-18,4743,合一,47.85,48.55,47.5,48.0,1452,0,227,0,1,0.0,0.0,0.0,空
2026-06-18,4744,皇將,26.95,29.3,26.95,28.1,406,0,-104,0,0,0.0,0.0,0.0,空
2026-06-18,4745,合富-KY,14.6,14.65,14.35,14.55,123,0,-13,0,0,0.0,0.0,0.0,空
2026-06-18,4746,台耀,52.8,53.3,51.8,52.3,705,0,70,0,-6,0.0,0.0,0.0,多
2026-06-18,4747,強生,53.7,53.7,52.8,52.8,7,0,0,0,0,0.0,0.0,0.0,空
2026-06-18,4749,新應材,959.0,995.0,951.0,991.0,1540,0,-161,0,70,0.0,0.0,0.0,空
2026-06-18,4754,國碳科,37.05,37.5,37.0,37.45,117,0,-8,0,0,0.0,0.0,0.0,空
2026-06-18,4755,三福化,148.5,149.0,144.5,145.5,255,0,-74,0,0,0.0,0.0,0.0,多
2026-06-18,4760,勤凱,370.0,383.0,370.0,375.0,988,0,43,0,-44,0.0,0.0,0.0,空
2026-06-18,4763,材料*-KY,45.0,45.7,44.05,44.3,6669,0,-1101,0,18,0.0,0.0,0.0,多
2026-06-18,4764,雙鍵,319.0,347.5,317.0,338.5,4691,0,997,0,29,0.0,0.0,0.0,多
2026-06-18,4765,磐采,17.15,16.65,15.85,16.15,120,0,-5,0,0,0.0,0.0,0.0,空
2026-06-18,4766,南寶,370.0,376.0,368.5,372.0,509,0,114,0,-2,0.0,0.0,0.0,空
2026-06-18,4767,誠泰科技,26.9,27.5,26.9,26.95,34,0,-1,0,0,0.0,0.0,0.0,空
2026-06-18,4768,晶呈科技,383.0,387.0,376.5,382.0,628,0,-151,0,0,0.0,0.0,0.0,空
2026-06-18,4770,上品,216.0,216.0,213.5,215.5,449,0,-9,0,0,0.0,0.0,0.0,空
2026-06-18,4771,望隼,187.5,191.5,186.5,191.5,172,0,43,0,2,0.0,0.0,0.0,空
2026-06-18,4772,台特化,281.0,283.0,277.0,281.0,1022,0,67,0,-17,0.0,0.0,0.0,空
2026-06-18,4806,桂田文創,10.25,10.25,10.0,10.25,48,0,0,0,0,0.0,0.0,0.0,空
2026-06-18,4807,日成-KY,40.5,44.0,39.35,44.0,475,0,-14,0,5,0.0,0.0,0.0,多
2026-06-18,4903,聯光通,39.0,39.45,38.8,38.8,902,0,38,0,0,0.0,0.0,0.0,空
2026-06-18,4904,遠傳,110.5,110.5,108.0,108.5,42315,0,-24676,23500,32,0.0,0.0,0.0,多
2026-06-18,4905,台聯電,71.7,72.0,70.8,71.9,10,0,1,0,-1,0.0,0.0,0.0,空
2026-06-18,4906,正文,44.25,44.45,43.2,43.8,7362,0,-213,0,55,0.0,0.0,0.0,空
2026-06-18,4907,富宇,42.0,42.55,41.6,42.5,142,0,4,0,0,0.0,0.0,0.0,多
2026-06-18,4908,前鼎,196.0,212.0,192.0,212.0,1908,0,77,0,22,0.0,0.0,0.0,空
2026-06-18,4909,新復興,50.6,50.9,49.6,49.85,562,0,23,0,0,0.0,0.0,0.0,多
2026-06-18,4911,德英,31.05,31.1,31.0,31.1,9,0,1,0,0,0.0,0.0,0.0,多
2026-06-18,4912,聯德控股-KY,90.7,90.7,87.4,88.7,598,0,36,0,2,0.0,0.0,0.0,空
2026-06-18,4915,致伸,76.0,76.2,75.3,75.9,4506,0,-2873,289,-3,0.0,0.0,0.0,空
2026-06-18,4916,事欣科,99.0,103.5,97.2,103.5,8356,0,537,0,13,0.0,0.0,0.0,空
2026-06-18,4919,新唐,187.0,204.0,185.5,196.5,19833,0,613,387,297,0.0,0.0,0.0,空
2026-06-18,4923,力士,53.3,57.7,53.3,57.7,4723,0,-93,0,2,0.0,0.0,0.0,多
2026-06-18,4924,欣厚-KY,11.8,11.8,11.4,11.4,49,0,-12,0,0,0.0,0.0,0.0,空
2026-06-18,4925,智微,145.98,150.5,143.5,147.5,172,0,0,0,0,0.0,0.0,0.0,空
2026-06-18,4927,泰鼎-KY,50.5,51.8,49.75,51.1,4170,0,610,0,0,0.0,0.0,0.0,空
2026-06-18,4930,燦星網,17.0,17.4,17.0,17.35,106,0,11,0,-12,0.0,0.0,0.0,多
2026-06-18,4931,新盛力,255.0,268.5,254.0,261.5,7673,0,-69,0,11,0.0,0.0,0.0,空
2026-06-18,4933,友輝,68.0,68.3,66.9,67.4,308,0,-77,0,0,0.0,0.0,0.0,空
2026-06-18,4934,太極,17.4,17.6,17.1,17.1,1135,0,-217,0,8,0.0,0.0,0.0,多
2026-06-18,4935,茂林-KY,40.4,40.4,39.6,40.05,169,0,-84,0,0,0.0,0.0,0.0,多
2026-06-18,4938,和碩,83.8,86.6,82.9,82.9,26478,0,3035,-1892,174,0.0,0.0,0.0,空
2026-06-18,4939,亞電,64.8,65.7,64.0,64.9,5129,0,180,0,-31,0.0,0.0,0.0,多
2026-06-18,4942,嘉彰,37.8,37.8,37.5,37.8,63,0,-12,0,-1,0.0,0.0,0.0,空
2026-06-18,4943,康控-KY,9.08,9.08,8.91,9.06,52,0,0,0,0,0.0,0.0,0.0,多
2026-06-18,4946,辣椒,111.0,114.0,110.5,110.5,102,0,4,0,0,0.0,0.0,0.0,多
2026-06-18,4949,有成精密,87.4,89.7,87.0,88.5,774,0,24,0,0,0.0,0.0,0.0,空
2026-06-18,4950,金耘國際,16.05,16.2,16.05,16.2,24,0,0,0,0,0.0,0.0,0.0,多
2026-06-18,4951,精拓科,97.2,101.0,97.2,98.5,547,0,-93,0,0,0.0,0.0,0.0,空
2026-06-18,4952,凌通,57.0,58.9,56.2,57.9,1716,0,523,0,1,0.0,0.0,0.0,多
2026-06-18,4953,緯軟,134.0,134.5,132.0,132.5,592,0,-245,0,1,0.0,0.0,0.0,空
2026-06-18,4956,光鋐,38.6,39.6,38.3,38.5,1223,0,-30,0,-1,0.0,0.0,0.0,空
2026-06-18,4958,臻鼎-KY,646.0,654.0,628.0,642.0,52893,0,-18103,19702,44,0.0,0.0,0.0,多
2026-06-18,4960,誠美材,29.25,29.5,28.3,29.1,6978,0,1080,0,-7,0.0,0.0,0.0,空
2026-06-18,4961,天鈺,172.5,179.0,172.5,174.0,1786,0,442,0,19,0.0,0.0,0.0,多
2026-06-18,4966,譜瑞-KY,685.0,706.0,673.0,693.0,2418,0,-84,0,47,0.0,0.0,0.0,空
2026-06-18,4967,十銓,277.0,280.0,273.5,278.5,3934,0,545,0,-45,0.0,0.0,0.0,空
2026-06-18,4968,立積,109.0,114.0,108.5,113.5,1018,0,256,0,11,0.0,0.0,0.0,空
2026-06-18,4971,IET-KY,528.0,578.0,516.0,578.0,1449,0,254,0,-2,0.0,0.0,0.0,空
2026-06-18,4972,湯石照明,16.8,17.0,16.8,16.9,37,0,-1,0,0,0.0,0.0,0.0,多
2026-06-18,4973,廣穎,192.5,197.5,188.0,193.5,3984,0,-317,0,29,0.0,0.0,0.0,多
2026-06-18,4974,亞泰,73.2,73.2,72.3,72.5,162,0,55,0,0,0.0,0.0,0.0,空
2026-06-18,4976,佳凌,44.6,44.9,42.2,43.9,18480,0,-2266,0,-4,0.0,0.0,0.0,多
2026-06-18,4977,眾達-KY,181.5,188.0,178.5,184.5,2333,0,100,0,99,0.0,0.0,0.0,空
2026-06-18,4979,華星光,549.0,586.0,531.0,567.0,7678,0,-17,-350,-22,0.0,0.0,0.0,空
2026-06-18,4980,佐臻,47.26,52.2,47.0,48.5,342,0,-18,0,0,0.0,0.0,0.0,空
2026-06-18,4989,榮科,81.0,85.5,81.0,85.5,5929,0,-299,0,0,0.0,0.0,0.0,空
2026-06-18,4991,環宇-KY,530.0,566.0,527.0,566.0,1465,0,194,-457,43,0.0,0.0,0.0,空
2026-06-18,4994,傳奇,94.0,94.9,91.1,91.8,19,0,0,0,0,0.0,0.0,0.0,多
2026-06-18,4995,晶達,45.05,45.5,45.05,45.5,17,0,-1,0,0,0.0,0.0,0.0,空
2026-06-18,4999,鑫禾,20.65,20.9,20.65,20.65,73,0,5,0,-1,0.0,0.0,0.0,多
2026-06-18,5007,三星,56.0,56.6,56.0,56.0,16,0,-7,0,0,0.0,0.0,0.0,空
2026-06-18,5009,榮剛,35.25,35.25,34.65,34.75,2204,0,-737,0,-33,0.0,0.0,0.0,空
2026-06-18,5011,久陽,20.2,22.1,20.15,21.6,2782,0,541,0,0,0.0,0.0,0.0,多
2026-06-18,5013,強新,27.8,27.8,27.8,27.8,1,0,0,0,0,0.0,0.0,0.0,多
2026-06-18,5014,建錩,11.2,11.3,11.15,11.2,227,0,33,0,0,0.0,0.0,0.0,空
2026-06-18,5015,華祺,23.85,24.0,23.8,23.85,23,0,6,0,0,0.0,0.0,0.0,空
2026-06-18,5016,松和,25.15,25.15,24.95,25.1,49,0,-2,0,0,0.0,0.0,0.0,多
2026-06-18,5201,凱衛,28.25,28.25,27.3,27.7,51,0,-7,0,0,0.0,0.0,0.0,多
2026-06-18,5202,力新,16.65,17.2,15.8,15.8,1616,0,-221,0,0,0.0,0.0,0.0,多
2026-06-18,5203,訊連,68.6,69.1,68.3,69.0,241,0,38,0,-1,0.0,0.0,0.0,空
2026-06-18,5205,中茂,25.25,25.25,22.95,24.9,19,0,0,0,0,0.0,0.0,0.0,多
2026-06-18,5206,坤悅,23.8,24.35,23.8,23.9,215,0,-2,0,0,0.0,0.0,0.0,多
2026-06-18,5209,新鼎,174.0,175.0,174.0,174.5,46,0,-4,0,0,0.0,0.0,0.0,空
2026-06-18,5210,寶碩,29.25,30.3,29.25,30.0,426,0,174,0,0,0.0,0.0,0.0,空
2026-06-18,5211,蒙恬,18.9,19.0,18.8,18.95,32,0,1,0,0,0.0,0.0,0.0,多
2026-06-18,5212,凌網,0.0,0.0,0.0,0.0,0,0,0,0,0,0.0,0.0,0.0,空
2026-06-18,5213,亞昕,23.5,23.7,22.95,22.95,671,0,-236,0,0,0.0,0.0,0.0,空
2026-06-18,5215,科嘉-KY,44.35,45.55,44.35,45.35,205,0,33,0,-1,0.0,0.0,0.0,空
2026-06-18,5220,萬達光電,21.25,21.8,21.25,21.75,102,0,2,0,0,0.0,0.0,0.0,空
2026-06-18,5222,全訊,114.0,115.0,113.0,114.0,282,0,6,0,-2,0.0,0.0,0.0,空
2026-06-18,5223,安力-KY,26.15,26.55,25.1,25.6,117,0,5,0,0,0.0,0.0,0.0,多
2026-06-18,5225,東科-KY,73.4,74.4,73.3,74.0,204,0,59,0,0,0.0,0.0,0.0,多
2026-06-18,5227,立凱-KY,41.2,41.2,38.8,39.9,2179,0,-31,0,-22,0.0,0.0,0.0,多
2026-06-18,5228,鈺鎧,75.7,78.0,73.6,75.5,2014,0,90,0,-24,0.0,0.0,0.0,空
2026-06-18,5230,雷笛克光學,21.4,21.45,20.0,20.25,1671,0,-15,0,0,0.0,0.0,0.0,多
2026-06-18,5234,達興材料,385.5,401.5,385.0,396.0,583,0,-13,-1,27,0.0,0.0,0.0,空
2026-06-18,5236,凌陽創新,164.5,167.0,162.5,166.0,326,0,152,0,2,0.0,0.0,0.0,空
2026-06-18,5240,建騰,23.26,23.95,23.0,23.95,3,0,0,0,0,0.0,0.0,0.0,多
2026-06-18,5243,乙盛-KY,108.0,110.5,106.0,109.5,3048,0,-489,0,-20,0.0,0.0,0.0,空
2026-06-18,5244,弘凱,37.75,38.15,37.75,37.75,132,0,41,0,-6,0.0,0.0,0.0,多
2026-06-18,5245,智晶,26.55,26.85,26.15,26.2,73,0,-12,0,0,0.0,0.0,0.0,空
2026-06-18,5246,勵威,179.55,209.0,179.0,195.0,611,0,10,0,0,0.0,0.0,0.0,多
2026-06-18,5248,景傳,30.22,36.75,30.25,33.85,482,0,14,0,0,0.0,0.0,0.0,空
2026-06-18,5251,天鉞電,30.95,30.95,30.0,30.1,158,0,-33,0,0,0.0,0.0,0.0,空
2026-06-18,5254,欣訊科技,41.26,42.75,40.75,42.65,14,0,-1,0,0,0.0,0.0,0.0,空
2026-06-18,5258,虹堡,50.4,50.9,49.95,50.6,419,0,127,0,2,0.0,0.0,0.0,空
2026-06-18,5262,立達,44.08,45.15,43.5,43.75,138,0,-1,0,0,0.0,0.0,0.0,空
2026-06-18,5263,智崴,103.0,103.0,101.0,101.5,166,0,-8,0,4,0.0,0.0,0.0,空
2026-06-18,5267,龍翩,50.56,53.0,49.8,50.5,107,0,-13,0,0,0.0,0.0,0.0,空
2026-06-18,5269,祥碩,1455.0,1475.0,1425.0,1455.0,1112,0,79,-5,5,0.0,0.0,0.0,空
2026-06-18,5271,紘通,13.85,17.05,14.35,16.45,2290,0,30,0,0,0.0,0.0,0.0,多
2026-06-18,5272,笙科,21.3,22.3,21.3,21.65,240,0,44,0,0,0.0,0.0,0.0,空
2026-06-18,5274,信驊,18600.0,19070.0,18495.0,18960.0,175,0,42,0,0,0.0,0.0,0.0,空
2026-06-18,5276,達輝-KY,18.5,18.65,18.0,18.65,25,0,0,0,0,0.0,0.0,0.0,空
2026-06-18,5278,尚凡,24.65,24.7,24.0,24.15,438,0,-73,0,20,0.0,0.0,0.0,多
2026-06-18,5278,尚凡*,24.65,24.7,24.0,24.15,438,0,-73,0,20,0.0,0.0,0.0,多
2026-06-18,5283,禾聯碩,53.0,55.5,53.0,54.5,265,0,82,0,-1,0.0,0.0,0.0,多
2026-06-18,5284,jpp-KY,395.0,410.0,394.0,405.0,735,0,-62,0,65,0.0,0.0,0.0,空
2026-06-18,5285,界霖,93.0,97.5,92.5,93.7,4165,0,-41,0,3,0.0,0.0,0.0,空
2026-06-18,5287,數字,149.0,150.5,148.0,148.5,74,0,-21,0,0,0.0,0.0,0.0,多
2026-06-18,5288,豐祥-KY,190.0,194.5,187.5,189.0,198,0,-53,0,0,0.0,0.0,0.0,多
2026-06-18,5289,宜鼎,1875.0,1955.0,1840.0,1930.0,3588,0,275,-68,7,0.0,0.0,0.0,空
2026-06-18,5291,邑昇,66.0,66.0,64.9,65.3,311,0,30,0,0,0.0,0.0,0.0,空
2026-06-18,5292,華懋,226.0,229.0,225.0,228.5,93,0,33,0,0,0.0,0.0,0.0,多
2026-06-18,5297,廣化,59.22,84.2,66.5,84.0,2621,0,-45,0,0,0.0,0.0,0.0,空
2026-06-18,5299,杰力,113.0,117.5,113.0,117.5,847,0,23,0,15,0.0,0.0,0.0,空
2026-06-18,5301,寶得利,6.95,6.95,6.95,6.95,22,0,-2,0,0,0.0,0.0,0.0,多
2026-06-18,5302,太欣,12.5,12.8,12.15,12.55,1448,0,280,0,0,0.0,0.0,0.0,多
2026-06-18,5306,桂盟,86.2,86.5,85.3,85.7,171,0,-25,0,1,0.0,0.0,0.0,多
2026-06-18,5309,系統電,68.3,70.0,67.9,69.0,4570,0,632,-5,68,0.0,0.0,0.0,空
2026-06-18,5310,天剛,23.5,24.3,23.5,24.3,17,0,0,0,0,0.0,0.0,0.0,空
2026-06-18,5312,寶島科,97.5,97.5,97.0,97.3,34,0,-18,0,0,0.0,0.0,0.0,多
2026-06-18,5314,世紀*,57.1,59.1,57.0,59.0,2668,0,368,-3,13,0.0,0.0,0.0,空
2026-06-18,5315,光聯,23.15,23.3,23.0,23.0,443,0,-29,0,0,0.0,0.0,0.0,多
2026-06-18,5321,美而快,39.9,42.35,39.9,40.15,435,0,14,0,0,0.0,0.0,0.0,空
2026-06-18,5324,士開,12.15,12.15,12.0,12.1,611,0,393,0,0,0.0,0.0,0.0,空
2026-06-18,5328,華容,51.8,56.5,51.8,56.5,43105,0,3672,0,273,0.0,0.0,0.0,多
2026-06-18,5340,建榮,88.2,92.3,88.1,90.0,1921,0,221,0,12,0.0,0.0,0.0,空
2026-06-18,5344,立衛,15.75,15.8,15.5,15.65,33,0,-1,0,0,0.0,0.0,0.0,空
2026-06-18,5345,天揚,33.1,33.1,30.8,32.35,111,0,0,0,0,0.0,0.0,0.0,多
2026-06-18,5345,馥鴻,33.1,33.1,30.8,32.35,111,0,0,0,0,0.0,0.0,0.0,多
2026-06-18,5347,世界,167.0,174.5,165.0,174.5,17214,0,3773,-14,1293,0.0,0.0,0.0,多
2026-06-18,5348,正能量智能,15.95,15.95,15.95,15.95,4,0,0,0,0,0.0,0.0,0.0,空
2026-06-18,5351,鈺創,92.7,94.7,90.9,94.0,28339,0,3652,0,0,0.0,0.0,0.0,多
2026-06-18,5353,台林,31.6,32.2,31.6,32.0,172,0,33,0,0,0.0,0.0,0.0,空
2026-06-18,5355,佳總,6.8,6.89,6.6,6.87,124,0,-6,0,0,0.0,0.0,0.0,多
2026-06-18,5356,協益,28.05,28.35,27.9,28.0,176,0,12,0,0,0.0,0.0,0.0,多
2026-06-18,5364,力麗店,8.82,8.83,8.72,8.72,50,0,1,0,0,0.0,0.0,0.0,多
2026-06-18,5371,中光電,69.0,70.2,68.4,70.0,2047,0,629,-3,86,0.0,0.0,0.0,空
2026-06-18,5381,光譜,27.8,28.35,27.7,27.8,1068,0,27,0,0,0.0,0.0,0.0,空
2026-06-18,5386,青雲,507.0,525.0,505.0,521.0,1222,0,21,0,-4,0.0,0.0,0.0,空
2026-06-18,5388,中磊,85.7,86.0,84.0,84.2,3102,0,-531,0,-83,0.0,0.0,0.0,空
2026-06-18,5392,能率,44.55,44.85,43.2,43.3,4311,0,-885,0,-2,0.0,0.0,0.0,空
2026-06-18,5398,慕康生醫,18.1,18.2,17.7,17.85,53,0,0,0,0,0.0,0.0,0.0,多
2026-06-18,5403,中菲,95.1,95.2,94.6,95.0,83,0,0,0,0,0.0,0.0,0.0,多
2026-06-18,5410,國眾,44.6,45.0,44.05,44.75,1318,0,-155,0,-10,0.0,0.0,0.0,多
2026-06-18,5425,台半,118.5,118.5,118.5,118.5,14978,0,-573,0,184,0.0,0.0,0.0,多
2026-06-18,5426,振發,39.0,39.0,37.9,37.9,1466,0,-33,0,26,0.0,0.0,0.0,多
2026-06-18,5432,新門,139.5,154.0,138.0,154.0,491,0,112,0,2,0.0,0.0,0.0,多
2026-06-18,5434,崇越,485.0,485.0,472.5,475.5,959,0,221,-90,3,0.0,0.0,0.0,空
2026-06-18,5438,東友,19.0,19.85,18.65,19.2,486,0,43,0,0,0.0,0.0,0.0,空
2026-06-18,5439,高技,326.0,333.0,324.0,332.5,2349,0,234,-640,42,0.0,0.0,0.0,空
2026-06-18,5443,均豪,105.0,108.0,105.0,107.0,1264,0,127,0,33,0.0,0.0,0.0,空
2026-06-18,5450,寶聯通,14.2,14.25,14.05,14.25,91,0,6,0,0,0.0,0.0,0.0,多
2026-06-18,5450,南良,14.2,14.25,14.05,14.25,91,0,6,0,0,0.0,0.0,0.0,多
2026-06-18,5452,佶優,33.7,34.6,33.2,33.9,2131,0,419,0,4,0.0,0.0,0.0,多
2026-06-18,5455,昇益,27.35,27.35,26.95,27.3,17,0,-3,0,0,0.0,0.0,0.0,多
2026-06-18,5457,宣德,37.3,38.4,36.4,37.1,3143,0,-746,0,155,0.0,0.0,0.0,多
2026-06-18,5460,同協,16.8,16.8,15.7,15.75,339,0,5,0,0,0.0,0.0,0.0,多
2026-06-18,5464,霖宏,74.4,75.1,73.0,73.7,877,0,-44,0,0,0.0,0.0,0.0,空
2026-06-18,5465,富驊,26.0,26.1,25.75,25.85,514,0,-33,0,0,0.0,0.0,0.0,空
2026-06-18,5468,凱鈺,27.9,30.0,27.9,30.0,1324,0,-10,0,0,0.0,0.0,0.0,多
2026-06-18,5469,瀚宇博,87.5,87.6,86.0,86.8,2319,0,451,0,0,0.0,0.0,0.0,多
2026-06-18,5471,松翰,61.3,62.3,60.1,60.9,10384,0,-1164,0,-1,0.0,0.0,0.0,多
2026-06-18,5474,聰泰,190.0,191.0,186.0,188.0,1234,0,-154,0,4,0.0,0.0,0.0,空
2026-06-18,5475,德宏,230.0,252.0,230.0,252.0,1932,0,182,0,45,0.0,0.0,0.0,空
2026-06-18,5478,智冠,106.0,108.0,105.5,106.5,376,0,207,0,-33,0.0,0.0,0.0,多
2026-06-18,5481,新華,23.7,23.7,22.4,22.75,481,0,-14,0,0,0.0,0.0,0.0,多
2026-06-18,5483,中美晶,187.0,187.0,178.0,181.0,22287,0,-3563,228,-148,0.0,0.0,0.0,多
2026-06-18,5484,慧友,47.4,48.25,46.75,47.0,597,0,-135,0,3,0.0,0.0,0.0,空
2026-06-18,5487,通泰,28.6,29.5,28.6,29.5,146,0,13,0,0,0.0,0.0,0.0,多
2026-06-18,5488,松普,12.85,12.85,12.15,12.45,850,0,257,0,0,0.0,0.0,0.0,空
2026-06-18,5489,彩富,43.25,46.6,42.55,46.6,529,0,31,0,19,0.0,0.0,0.0,多
2026-06-18,5490,同亨,29.45,29.5,28.85,29.2,486,0,-30,0,0,0.0,0.0,0.0,空
2026-06-18,5493,三聯,90.0,92.5,90.0,92.2,147,0,29,0,1,0.0,0.0,0.0,空
2026-06-18,5498,凱崴,66.4,68.4,66.1,67.1,4402,0,237,0,16,0.0,0.0,0.0,多
2026-06-18,5508,永信建,60.5,63.0,58.6,61.7,3754,0,-477,0,14,0.0,0.0,0.0,多
2026-06-18,5511,德昌,76.7,77.2,76.6,76.8,270,0,41,0,0,0.0,0.0,0.0,多
2026-06-18,5512,力麒,7.98,8.17,7.95,7.95,1655,0,225,0,0,0.0,0.0,0.0,多
2026-06-18,5514,三豐,0.0,0.0,0.0,0.0,0,0,0,0,0,0.0,0.0,0.0,空
2026-06-18,5515,建國,43.05,43.25,41.9,42.0,963,0,-192,0,10,0.0,0.0,0.0,多
2026-06-18,5516,雙喜,10.9,11.3,10.9,11.15,163,0,0,0,0,0.0,0.0,0.0,多
2026-06-18,5519,隆大,34.95,35.25,34.2,34.45,826,0,-138,0,-16,0.0,0.0,0.0,多
2026-06-18,5520,力泰,82.4,82.4,82.3,82.3,2,0,0,0,0,0.0,0.0,0.0,多
2026-06-18,5521,工信,10.75,10.8,10.5,10.6,3673,0,-216,0,0,0.0,0.0,0.0,多
2026-06-18,5522,遠雄,75.1,76.7,74.2,74.4,2047,0,-437,-254,-55,0.0,0.0,0.0,空
2026-06-18,5523,豐謙,30.35,30.45,30.3,30.45,39,0,0,0,0,0.0,0.0,0.0,空
2026-06-18,5525,順天,22.6,22.8,22.3,22.55,188,0,35,0,-3,0.0,0.0,0.0,多
2026-06-18,5529,鉅陞,22.45,22.45,21.8,22.0,100,0,-43,0,0,0.0,0.0,0.0,空
2026-06-18,5530,龍巖,49.9,50.1,49.4,49.4,683,0,-118,0,0,0.0,0.0,0.0,空
2026-06-18,5531,鄉林,8.4,8.66,8.21,8.27,678,0,-176,0,5,0.0,0.0,0.0,多
2026-06-18,5533,皇鼎,14.1,14.1,13.95,14.0,283,0,34,0,-1,0.0,0.0,0.0,多
2026-06-18,5534,長虹,85.8,87.5,82.6,83.2,2506,0,77,0,-5,0.0,0.0,0.0,多
2026-06-18,5536,聖暉*,1190.0,1270.0,1185.0,1265.0,1143,0,269,10,15,0.0,0.0,0.0,多
2026-06-18,5538,東明-KY,32.2,32.3,32.0,32.0,53,0,-1,0,0,0.0,0.0,0.0,空
2026-06-18,5543,桓鼎-KY,29.9,29.9,29.4,29.45,13,0,0,0,0,0.0,0.0,0.0,空
2026-06-18,5546,永固-KY,16.6,17.05,16.6,17.05,31,0,0,0,1,0.0,0.0,0.0,多
2026-06-18,5547,久舜,22.0,22.15,22.0,22.1,37,0,0,0,0,0.0,0.0,0.0,多
2026-06-18,5548,安倉,23.95,23.95,23.8,23.85,31,0,-11,0,0,0.0,0.0,0.0,多
2026-06-18,5601,台聯櫃,33.0,33.0,32.75,32.75,2,0,0,0,0,0.0,0.0,0.0,多
2026-06-18,5603,陸海,15.25,15.25,14.85,15.05,1135,0,21,0,0,0.0,0.0,0.0,多
2026-06-18,5604,中連貨,30.85,31.3,30.85,31.1,11,0,1,0,0,0.0,0.0,0.0,多
2026-06-18,5604,中連,30.85,31.3,30.85,31.1,11,0,1,0,0,0.0,0.0,0.0,多
2026-06-18,5607,遠雄港,52.0,52.6,51.7,51.8,511,0,72,0,2,0.0,0.0,0.0,空
2026-06-18,5608,四維航,15.15,15.2,14.9,14.9,924,0,-294,0,-2,0.0,0.0,0.0,多
2026-06-18,5609,中菲行,77.8,77.8,77.0,77.1,371,0,-176,0,0,0.0,0.0,0.0,空
2026-06-18,5701,劍湖山,6.06,6.3,5.96,5.96,565,0,0,0,0,0.0,0.0,0.0,多
2026-06-18,5703,亞都,14.6,14.6,13.6,13.6,23,0,0,0,0,0.0,0.0,0.0,多
2026-06-18,5704,老爺知,21.25,21.25,21.2,21.2,11,0,2,0,0,0.0,0.0,0.0,多
2026-06-18,5706,鳳凰,53.6,54.4,53.5,54.0,543,0,95,0,139,0.0,0.0,0.0,多
2026-06-18,5859,遠壽,13.97,14.15,13.8,14.15,25,0,-5,0,0,0.0,0.0,0.0,多
2026-06-18,5863,瑞興銀,10.83,11.05,10.8,11.05,51,0,0,0,0,0.0,0.0,0.0,多
2026-06-18,5864,致和證,48.8,49.3,48.35,49.05,4576,0,230,0,0,0.0,0.0,0.0,空
2026-06-18,5871,中租-KY,115.0,116.5,114.0,114.0,16028,0,-1921,-191,85,0.0,0.0,0.0,空
2026-06-18,5876,上海商銀,42.7,43.25,42.5,42.5,13608,0,-4813,4026,41,0.0,0.0,0.0,多
2026-06-18,5878,台名,39.1,39.2,39.1,39.1,14,0,1,0,0,0.0,0.0,0.0,空
2026-06-18,5880,合庫金,24.75,25.0,24.7,24.75,32549,0,11374,-2645,98,0.0,0.0,0.0,多
2026-06-18,5902,德記,35.4,35.4,34.75,35.1,17,0,0,0,0,0.0,0.0,0.0,空
2026-06-18,5903,全家,188.0,188.5,187.5,188.0,49,0,-36,0,0,0.0,0.0,0.0,多
2026-06-18,5904,寶雅,618.0,627.0,616.0,625.0,167,0,-10,28,0,0.0,0.0,0.0,多
2026-06-18,5905,南仁湖,9.0,9.0,8.58,8.7,1385,0,-544,0,0,0.0,0.0,0.0,多
2026-06-18,5906,台南-KY,43.55,45.0,40.9,40.9,199,0,2,0,0,0.0,0.0,0.0,多
2026-06-18,5907,大洋-KY,5.09,5.11,5.01,5.1,391,0,-9,0,-2,0.0,0.0,0.0,多
2026-06-18,6005,群益證,39.45,40.2,39.35,39.65,20112,0,7188,-5728,0,0.0,0.0,0.0,空
2026-06-18,6015,宏遠證,18.2,18.4,18.05,18.35,2768,0,-228,0,0,0.0,0.0,0.0,空
2026-06-18,6016,康和證,28.75,29.0,28.6,28.8,7932,0,-3305,0,0,0.0,0.0,0.0,空
2026-06-18,6020,大展證,22.85,22.95,22.75,22.8,58,0,-3,0,0,0.0,0.0,0.0,空
2026-06-18,6021,美好證,41.05,41.8,41.05,41.35,221,0,10,0,0,0.0,0.0,0.0,空
2026-06-18,6023,元大期,100.5,100.5,99.7,100.0,317,0,123,0,0,0.0,0.0,0.0,多
2026-06-18,6024,群益期,62.5,63.1,61.8,62.0,667,0,-8,0,0,0.0,0.0,0.0,多
2026-06-18,6026,福邦證,17.1,17.3,17.0,17.05,2292,0,-791,0,0,0.0,0.0,0.0,空
2026-06-18,6027,德信,12.04,12.4,11.85,12.0,34,0,0,0,0,0.0,0.0,0.0,空
2026-06-18,6028,公勝保經,79.6,80.2,79.6,80.0,39,0,-1,0,0,0.0,0.0,0.0,多
2026-06-18,6035,悠遊卡,50.12,54.1,50.0,52.5,17,0,0,0,0,0.0,0.0,0.0,多
2026-06-18,6101,寬魚國際,40.5,42.6,40.05,41.65,757,0,209,0,0,0.0,0.0,0.0,多
2026-06-18,6103,合邦,34.0,34.0,34.0,34.0,1,0,0,0,0,0.0,0.0,0.0,多
2026-06-18,6104,創惟,100.5,106.0,100.5,103.5,3516,0,1429,0,80,0.0,0.0,0.0,空
2026-06-18,6108,競國,19.5,19.5,19.0,19.35,618,0,-57,0,-2,0.0,0.0,0.0,空
2026-06-18,6109,亞元,11.3,11.75,11.3,11.6,357,0,62,0,0,0.0,0.0,0.0,多
2026-06-18,6111,光聚晶電,44.2,45.0,44.2,44.75,160,0,13,0,0,0.0,0.0,0.0,多
2026-06-18,6112,邁達特,45.75,45.85,45.0,45.2,552,0,-81,0,1,0.0,0.0,0.0,空
2026-06-18,6113,亞矽,28.8,29.1,28.3,28.4,575,0,-24,0,8,0.0,0.0,0.0,多
2026-06-18,6114,久威,30.0,30.45,29.85,29.85,40,0,-7,0,0,0.0,0.0,0.0,空
2026-06-18,6115,鎰勝,48.6,48.7,48.4,48.65,168,0,8,0,-2,0.0,0.0,0.0,多
2026-06-18,6116,彩晶,19.4,19.9,17.8,18.8,361598,0,-79725,2323,-3099,0.0,0.0,0.0,空
2026-06-18,6117,迎廣,75.5,76.8,75.5,76.1,302,0,17,0,2,0.0,0.0,0.0,空
2026-06-18,6118,建達,17.45,17.6,17.2,17.2,285,0,64,0,0,0.0,0.0,0.0,空
2026-06-18,6120,達運,15.05,15.4,14.75,15.05,5538,0,1116,0,82,0.0,0.0,0.0,空
2026-06-18,6121,新普,411.0,417.5,407.5,417.5,1211,0,245,-90,0,0.0,0.0,0.0,空
2026-06-18,6122,擎邦,46.9,47.3,46.85,46.9,168,0,5,0,1,0.0,0.0,0.0,空
2026-06-18,6123,上奇,43.65,43.65,42.95,43.0,91,0,-40,0,0,0.0,0.0,0.0,空
2026-06-18,6124,業強,29.85,30.2,29.8,29.85,65,0,7,0,0,0.0,0.0,0.0,空
2026-06-18,6125,廣運,60.7,66.3,60.7,63.6,5054,0,-314,0,97,0.0,0.0,0.0,空
2026-06-18,6126,信音,40.6,41.25,40.0,40.3,2010,0,359,0,-9,0.0,0.0,0.0,空
2026-06-18,6127,九豪,81.4,85.0,81.0,84.4,7244,0,665,0,40,0.0,0.0,0.0,多
2026-06-18,6128,上福,21.2,21.2,20.7,21.0,166,0,-13,0,1,0.0,0.0,0.0,多
2026-06-18,6129,普誠,16.45,16.5,15.9,15.9,734,0,-43,0,0,0.0,0.0,0.0,多
2026-06-18,6130,上亞科技,24.7,25.25,24.4,24.5,73,0,14,0,0,0.0,0.0,0.0,多
2026-06-18,6133,金橋,23.4,23.4,22.9,23.05,879,0,-61,0,-1,0.0,0.0,0.0,空
2026-06-18,6134,萬旭,36.0,36.0,35.05,35.55,1081,0,141,0,0,0.0,0.0,0.0,空
2026-06-18,6136,富爾特,25.35,25.45,25.2,25.3,215,0,-43,0,-19,0.0,0.0,0.0,空
2026-06-18,6138,茂達,342.0,358.5,342.0,358.5,2453,0,299,0,64,0.0,0.0,0.0,空
2026-06-18,6139,亞翔,810.0,828.0,805.0,823.0,2801,0,330,0,26,0.0,0.0,0.0,多
2026-06-18,6140,訊達,21.8,21.8,21.0,21.05,88,0,-13,0,0,0.0,0.0,0.0,空
2026-06-18,6141,柏承,35.1,35.5,34.2,34.85,1186,0,-549,0,-5,0.0,0.0,0.0,空
2026-06-18,6142,友勁,9.69,9.9,9.41,9.61,4571,0,-1471,0,-5,0.0,0.0,0.0,多
2026-06-18,6143,振曜,88.9,90.2,88.9,89.2,356,0,-95,0,0,0.0,0.0,0.0,空
2026-06-18,6144,得利影,14.55,14.6,14.45,14.5,5,0,0,0,0,0.0,0.0,0.0,多
2026-06-18,6146,耕興,195.5,196.5,193.5,194.5,357,0,108,-73,2,0.0,0.0,0.0,空
2026-06-18,6147,頎邦,240.0,252.0,237.5,252.0,26330,0,2741,370,387,0.0,0.0,0.0,空
2026-06-18,6148,驊宏資,33.65,34.15,33.2,33.4,376,0,-7,0,0,0.0,0.0,0.0,空
2026-06-18,6150,撼訊,64.1,65.6,64.1,64.3,282,0,23,0,0,0.0,0.0,0.0,空
2026-06-18,6151,晉倫,41.0,41.0,39.9,40.0,482,0,-114,0,0,0.0,0.0,0.0,空
2026-06-18,6152,百一,14.8,14.8,14.35,14.5,1128,0,19,0,1,0.0,0.0,0.0,空
2026-06-18,6153,嘉聯益,24.7,24.95,23.75,24.45,20476,0,1961,0,100,0.0,0.0,0.0,多
2026-06-18,6154,順發,13.85,13.85,13.8,13.8,47,0,-1,0,0,0.0,0.0,0.0,多
2026-06-18,6155,鈞寶,90.2,98.5,90.1,98.5,22494,0,3121,0,84,0.0,0.0,0.0,多
2026-06-18,6156,松上,23.9,24.5,23.6,24.35,4635,0,-414,0,20,0.0,0.0,0.0,多
2026-06-18,6158,禾昌,17.65,17.65,17.5,17.65,61,0,4,0,0,0.0,0.0,0.0,空
2026-06-18,6160,欣技,16.9,17.0,16.6,16.8,66,0,-8,0,0,0.0,0.0,0.0,空
2026-06-18,6161,捷波,52.1,53.2,52.1,52.8,128,0,36,0,0,0.0,0.0,0.0,空
2026-06-18,6163,華電網,50.9,51.6,49.9,49.95,1816,0,-478,0,0,0.0,0.0,0.0,多
2026-06-18,6164,華興,13.6,13.65,13.2,13.35,870,0,-131,0,-2,0.0,0.0,0.0,多
2026-06-18,6165,浪凡,48.85,49.2,48.5,48.6,396,0,-3,0,-4,0.0,0.0,0.0,多
2026-06-18,6166,凌華,143.0,156.5,141.0,155.5,5724,0,19,0,31,0.0,0.0,0.0,多
2026-06-18,6167,久正,12.15,12.2,11.95,12.15,539,0,113,0,0,0.0,0.0,0.0,多
2026-06-18,6168,宏齊,28.2,28.95,28.0,28.3,5413,0,1401,0,-1,0.0,0.0,0.0,多
2026-06-18,6169,昱泉,14.95,15.35,14.7,15.2,32,0,2,0,0,0.0,0.0,0.0,多
2026-06-18,6170,統振,52.3,53.0,52.2,52.7,332,0,110,0,0,0.0,0.0,0.0,多
2026-06-18,6171,大城地產,25.05,25.05,24.85,24.9,33,0,4,0,0,0.0,0.0,0.0,多
2026-06-18,6173,信昌電,307.5,318.0,302.0,316.0,2700,0,316,0,426,0.0,0.0,0.0,多
2026-06-18,6174,安碁,52.2,54.2,51.4,52.3,2992,0,-384,0,4,0.0,0.0,0.0,多
2026-06-18,6175,立敦,108.0,117.0,105.5,114.0,28591,0,-1604,0,-61,0.0,0.0,0.0,多
2026-06-18,6176,瑞儀,88.9,89.4,87.2,87.9,11842,0,4241,-4459,-25,0.0,0.0,0.0,空
2026-06-18,6177,達麗,48.85,51.7,48.8,50.4,8039,0,99,0,406,0.0,0.0,0.0,多
2026-06-18,6179,亞通,25.95,27.15,25.8,26.8,3764,0,1003,0,183,0.0,0.0,0.0,多
2026-06-18,6180,橘子,49.95,51.0,47.75,50.3,4596,0,-1091,0,1,0.0,0.0,0.0,多
2026-06-18,6182,合晶,119.5,122.0,110.0,120.0,115178,0,-3203,2688,2266,0.0,0.0,0.0,多
2026-06-18,6183,關貿,90.0,90.4,90.0,90.4,23,0,7,0,0,0.0,0.0,0.0,多
2026-06-18,6184,大豐電,47.0,47.15,46.8,46.95,81,0,6,0,0,0.0,0.0,0.0,多
2026-06-18,6185,幃翔,14.3,14.4,14.15,14.25,290,0,55,0,0,0.0,0.0,0.0,空
2026-06-18,6186,新潤,42.0,43.65,41.9,42.35,2060,0,-124,0,26,0.0,0.0,0.0,多
2026-06-18,6187,萬潤,1165.0,1245.0,1155.0,1235.0,1912,0,-48,-1,39,0.0,0.0,0.0,多
2026-06-18,6188,廣明,79.6,80.2,79.1,79.6,941,0,-29,-2,-5,0.0,0.0,0.0,空
2026-06-18,6189,豐藝,54.5,55.1,54.0,54.9,2026,0,63,-10,0,0.0,0.0,0.0,多
2026-06-18,6190,萬泰科,78.9,83.2,78.4,82.9,5532,0,859,0,65,0.0,0.0,0.0,空
2026-06-18,6191,精成科,101.0,101.5,99.7,100.5,5831,0,327,-565,6,0.0,0.0,0.0,多
2026-06-18,6192,巨路,117.5,118.5,117.0,117.5,120,0,-17,0,0,0.0,0.0,0.0,空
2026-06-18,6194,育富,32.3,32.5,32.3,32.4,69,0,19,0,0,0.0,0.0,0.0,空
2026-06-18,6195,詩肯,27.35,27.55,27.1,27.5,25,0,4,0,0,0.0,0.0,0.0,多
2026-06-18,6196,帆宣,545.0,567.0,539.0,567.0,2071,0,176,196,27,0.0,0.0,0.0,多
2026-06-18,6197,佳必琪,333.5,356.0,333.0,347.5,4373,0,657,0,0,0.0,0.0,0.0,空
2026-06-18,6198,瑞築,21.0,21.0,20.85,20.95,5,0,0,0,-1,0.0,0.0,0.0,多
2026-06-18,6199,天品,92.3,101.0,91.6,101.0,1865,0,97,0,13,0.0,0.0,0.0,多
2026-06-18,6201,亞弘電,48.3,48.6,47.5,48.4,51,0,-1,0,-8,0.0,0.0,0.0,多
2026-06-18,6202,盛群,65.5,67.5,64.6,67.0,12412,0,567,0,166,0.0,0.0,0.0,多
2026-06-18,6203,海韻電,67.9,68.0,67.3,67.3,152,0,-19,0,0,0.0,0.0,0.0,空
2026-06-18,6204,艾華,106.5,116.0,106.5,115.0,1057,0,250,0,0,0.0,0.0,0.0,空
2026-06-18,6205,詮欣,81.6,82.5,80.7,81.3,753,0,-120,0,-2,0.0,0.0,0.0,空
2026-06-18,6206,飛捷,132.0,133.5,131.0,131.5,1061,0,287,-4,30,0.0,0.0,0.0,空
2026-06-18,6207,雷科,164.5,171.0,160.5,165.5,29868,0,-2604,0,-105,0.0,0.0,0.0,多
2026-06-18,6208,日揚,94.0,99.4,93.1,99.0,5947,0,-14,0,0,0.0,0.0,0.0,多
2026-06-18,6209,今國光,95.8,98.3,93.1,97.1,30951,0,-128,0,-227,0.0,0.0,0.0,多
2026-06-18,6210,慶生,20.65,20.7,20.4,20.7,7,0,0,0,0,0.0,0.0,0.0,空
2026-06-18,6212,理銘,28.75,28.75,28.75,28.75,1,0,-1,0,0,0.0,0.0,0.0,多
2026-06-18,6213,聯茂,274.0,290.0,272.5,280.0,22282,0,4330,449,482,0.0,0.0,0.0,多
2026-06-18,6214,精誠,142.5,143.5,140.5,142.0,2464,0,-525,-1,0,0.0,0.0,0.0,空
2026-06-18,6215,和椿,107.5,109.5,106.5,108.5,1170,0,112,0,2,0.0,0.0,0.0,空
2026-06-18,6216,居易,22.95,23.25,22.85,23.2,419,0,-114,0,0,0.0,0.0,0.0,多
2026-06-18,6217,中探針,238.0,250.5,232.0,247.0,5481,0,-911,0,8,0.0,0.0,0.0,空
2026-06-18,6218,豪勉,35.3,36.25,34.7,35.15,654,0,31,0,0,0.0,0.0,0.0,空
2026-06-18,6219,富旺,13.1,13.4,12.8,12.85,448,0,-100,0,0,0.0,0.0,0.0,多
2026-06-18,6220,岳豐,36.4,38.5,35.85,38.35,2370,0,522,0,134,0.0,0.0,0.0,多
2026-06-18,6221,晉泰,24.55,24.75,24.3,24.4,120,0,-25,0,0,0.0,0.0,0.0,多
2026-06-18,6222,立軒,21.4,21.95,20.55,20.55,49,0,-2,0,0,0.0,0.0,0.0,多
2026-06-18,6223,旺矽,6420.0,6570.0,6325.0,6415.0,806,0,50,-26,6,0.0,0.0,0.0,多
2026-06-18,6224,聚鼎,79.0,86.4,78.6,85.0,4119,0,1062,0,5,0.0,0.0,0.0,空
2026-06-18,6225,天瀚,23.2,25.85,23.2,24.0,28,0,0,0,0,0.0,0.0,0.0,空
2026-06-18,6226,光鼎,12.45,12.6,12.3,12.4,995,0,-96,0,-2,0.0,0.0,0.0,空
2026-06-18,6227,茂綸,124.0,124.5,121.5,122.0,458,0,47,0,-8,0.0,0.0,0.0,空
2026-06-18,6228,全譜,20.7,20.9,20.45,20.5,45,0,-5,0,0,0.0,0.0,0.0,空
2026-06-18,6229,研通,26.7,28.3,26.65,27.75,652,0,196,0,0,0.0,0.0,0.0,空
2026-06-18,6230,尼得科超眾,135.0,136.0,131.5,132.5,91,0,15,0,0,0.0,0.0,0.0,多
2026-06-18,6231,系微,271.5,278.0,271.0,277.0,297,0,10,0,7,0.0,0.0,0.0,空
2026-06-18,6233,旺玖,24.55,25.4,24.45,25.05,602,0,129,0,0,0.0,0.0,0.0,多
2026-06-18,6234,高僑,44.8,46.5,44.0,45.1,1749,0,-130,0,0,0.0,0.0,0.0,空
2026-06-18,6235,華孚,40.7,41.2,40.5,40.55,560,0,-153,0,0,0.0,0.0,0.0,空
2026-06-18,6236,中湛,0.0,0.0,0.0,0.0,0,0,0,0,0,0.0,0.0,0.0,空
2026-06-18,6237,驊訊,46.05,46.7,45.5,46.0,448,0,-60,0,0,0.0,0.0,0.0,空
2026-06-18,6239,力成,344.0,369.5,337.5,363.5,62225,0,-2900,61,1585,0.0,0.0,0.0,空
2026-06-18,6240,松崗,19.05,19.05,18.45,18.45,7,0,-2,0,0,0.0,0.0,0.0,多
2026-06-18,6241,鑫永洋,14.75,14.75,14.05,14.35,547,0,-3,0,0,0.0,0.0,0.0,多
2026-06-18,6242,立康,36.8,36.8,36.35,36.65,4,0,-1,0,0,0.0,0.0,0.0,多
2026-06-18,6243,迅杰,31.8,34.9,31.55,34.9,990,0,162,0,3,0.0,0.0,0.0,多
2026-06-18,6244,茂迪,29.15,29.35,28.45,28.45,10823,0,-1500,0,-551,0.0,0.0,0.0,空
2026-06-18,6245,立端,82.1,82.7,81.1,81.5,512,0,-97,0,-1,0.0,0.0,0.0,空
2026-06-18,6246,臺龍,15.8,16.3,15.45,15.45,78,0,6,0,0,0.0,0.0,0.0,多
2026-06-18,6248,沛波,18.3,18.45,18.3,18.35,99,0,3,0,0,0.0,0.0,0.0,多
2026-06-18,6257,矽格,216.5,235.0,216.5,235.0,17090,0,3013,195,879,0.0,0.0,0.0,空
2026-06-18,6259,百徽,32.5,35.85,32.5,35.85,3647,0,508,0,5,0.0,0.0,0.0,多
2026-06-18,6261,久元,94.9,98.8,94.8,98.8,1267,0,173,0,-4,0.0,0.0,0.0,空
2026-06-18,6263,普萊德,165.0,167.0,164.0,165.0,375,0,-44,0,0,0.0,0.0,0.0,空
2026-06-18,6264,富裔,6.05,6.07,5.97,6.01,180,0,0,0,0,0.0,0.0,0.0,空
2026-06-18,6265,方土昶,56.8,58.4,56.6,57.6,6498,0,-2,0,105,0.0,0.0,0.0,空
2026-06-18,6266,泰詠,25.6,26.1,25.5,25.9,479,0,33,0,0,0.0,0.0,0.0,空
2026-06-18,6269,台郡,80.0,81.8,77.0,79.6,18354,0,-1642,0,82,0.0,0.0,0.0,多
2026-06-18,6270,倍微,35.45,35.45,34.65,35.15,1017,0,105,0,0,0.0,0.0,0.0,多
2026-06-18,6271,同欣電,228.0,247.0,223.5,242.5,9116,0,818,583,226,0.0,0.0,0.0,空
2026-06-18,6272,驊陞,32.3,32.5,31.75,32.1,295,0,-65,0,-2,0.0,0.0,0.0,空
2026-06-18,6274,台燿,1790.0,1835.0,1770.0,1835.0,3851,0,619,290,206,0.0,0.0,0.0,空
2026-06-18,6275,元山,47.2,47.5,47.2,47.3,256,0,-63,0,0,0.0,0.0,0.0,空
2026-06-18,6276,安鈦克,25.9,25.9,24.8,25.0,67,0,-1,0,0,0.0,0.0,0.0,空
2026-06-18,6277,宏正,72.1,73.5,71.9,72.4,318,0,42,0,1,0.0,0.0,0.0,空
2026-06-18,6278,台表科,208.0,208.5,203.5,204.5,6153,0,-488,-1094,185,0.0,0.0,0.0,空
2026-06-18,6279,胡連,119.0,121.5,119.0,120.5,776,0,205,-4,16,0.0,0.0,0.0,空
2026-06-18,6281,全國電,51.7,51.7,51.2,51.5,85,0,-7,0,0,0.0,0.0,0.0,多
2026-06-18,6282,康舒,57.7,58.6,57.2,58.1,17159,0,-2092,-9,38,0.0,0.0,0.0,空
2026-06-18,6283,淳安,24.2,24.6,23.7,24.0,176,0,35,0,1,0.0,0.0,0.0,空
2026-06-18,6284,佳邦,108.0,111.0,106.0,106.0,9461,0,-353,0,35,0.0,0.0,0.0,空
2026-06-18,6285,啟碁,271.0,281.0,268.5,274.0,15485,0,1916,-940,30,0.0,0.0,0.0,空
2026-06-18,6290,良維,305.0,319.5,303.5,319.5,7529,0,-1959,-429,97,0.0,0.0,0.0,空
2026-06-18,6291,沛亨,517.0,553.0,511.0,548.0,929,0,-13,0,0,0.0,0.0,0.0,空
2026-06-18,6292,迅德,67.7,69.7,66.1,67.8,838,0,-22,0,0,0.0,0.0,0.0,多
2026-06-18,6294,智基,29.55,29.55,28.3,28.55,55,0,-10,0,0,0.0,0.0,0.0,多
2026-06-18,6405,悅城,71.5,71.5,71.5,71.5,714,0,202,0,6,0.0,0.0,0.0,空
2026-06-18,6407,相互,29.52,32.25,30.0,31.6,722,0,5,0,0,0.0,0.0,0.0,多
2026-06-18,6409,旭隼,927.0,939.0,914.0,926.0,566,0,-36,-3,-3,0.0,0.0,0.0,多
2026-06-18,6411,晶焱,100.0,106.5,100.0,106.5,3617,0,874,0,103,0.0,0.0,0.0,空
2026-06-18,6412,群電,92.5,93.2,91.5,91.6,3883,0,-2006,0,-3,0.0,0.0,0.0,空
2026-06-18,6414,樺漢,373.0,384.5,370.0,383.0,2011,0,851,-307,31,0.0,0.0,0.0,空
2026-06-18,6415,矽力*-KY,597.0,629.0,597.0,629.0,6364,0,-222,8,127,0.0,0.0,0.0,空
2026-06-18,6416,瑞祺電通,83.7,84.8,83.5,83.7,205,0,-8,0,8,0.0,0.0,0.0,空
2026-06-18,6417,韋僑,129.5,132.5,129.5,132.0,84,0,8,0,0,0.0,0.0,0.0,空
2026-06-18,6418,詠昇,31.05,32.15,31.05,31.65,97,0,7,0,0,0.0,0.0,0.0,多
2026-06-18,6419,京晨科,141.0,152.0,141.0,149.5,993,0,77,0,-3,0.0,0.0,0.0,空
2026-06-18,6423,億而得-創,80.7,83.4,80.4,82.7,62,0,17,0,0,0.0,0.0,0.0,空
2026-06-18,6423,億而得,80.7,83.4,80.4,82.7,62,0,17,0,0,0.0,0.0,0.0,空
2026-06-18,6425,易發,79.2,81.9,78.9,79.6,1054,0,56,0,0,0.0,0.0,0.0,空
2026-06-18,6426,統新,196.5,214.0,193.5,210.5,1109,0,-150,0,0,0.0,0.0,0.0,空
2026-06-18,6428,台灣淘米,33.86,50.5,35.45,41.5,1076,0,0,0,0,0.0,0.0,0.0,多
2026-06-18,6431,光麗-KY,19.0,19.35,18.15,19.35,146,0,0,0,0,0.0,0.0,0.0,多
2026-06-18,6432,今展科,83.8,86.9,81.4,86.9,6902,0,67,0,-94,0.0,0.0,0.0,多
2026-06-18,6434,達輝光電,16.79,17.55,16.7,17.3,788,0,7,0,0,0.0,0.0,0.0,空
2026-06-18,6435,大中,311.0,317.5,308.0,317.5,857,0,-36,0,14,0.0,0.0,0.0,多
2026-06-18,6438,迅得,153.5,161.0,152.5,159.0,1186,0,66,0,114,0.0,0.0,0.0,多
2026-06-18,6441,廣錠,22.9,23.1,22.65,22.7,70,0,-2,0,0,0.0,0.0,0.0,空
2026-06-18,6442,光聖,1860.0,1950.0,1840.0,1945.0,657,0,70,-5,9,0.0,0.0,0.0,空
2026-06-18,6443,元晶,40.2,40.2,39.3,39.35,11579,0,-2186,0,4,0.0,0.0,0.0,空
2026-06-18,6446,藥華藥,1020.0,1075.0,1015.0,1060.0,2842,0,886,11,8,0.0,0.0,0.0,多
2026-06-18,6449,鈺邦,450.0,483.0,432.0,433.0,4942,0,-846,0,12,0.0,0.0,0.0,多
2026-06-18,6451,訊芯-KY,543.0,573.0,534.0,561.0,4036,0,-428,0,-4,0.0,0.0,0.0,空
2026-06-18,6456,GIS-KY,78.1,78.3,76.0,76.4,6567,0,-939,0,10,0.0,0.0,0.0,空
2026-06-18,6461,益得,15.3,15.6,15.3,15.35,67,0,-8,0,0,0.0,0.0,0.0,多
2026-06-18,6462,神盾,113.5,116.0,113.0,114.0,842,0,15,0,-14,0.0,0.0,0.0,空
2026-06-18,6464,台數科,77.7,78.0,77.5,78.0,9,0,-5,0,-1,0.0,0.0,0.0,空
2026-06-18,6465,威潤,71.3,77.4,70.4,71.2,2074,0,-323,0,-8,0.0,0.0,0.0,多
2026-06-18,6467,泰合,124.58,134.5,128.5,130.5,371,0,0,0,0,0.0,0.0,0.0,多
2026-06-18,6469,大樹,75.0,76.0,74.9,74.9,269,0,53,0,0,0.0,0.0,0.0,多
2026-06-18,6470,宇智,50.1,50.2,49.35,50.0,57,0,11,0,0,0.0,0.0,0.0,多
2026-06-18,6472,保瑞,417.0,425.5,413.0,422.5,1287,0,469,-18,21,0.0,0.0,0.0,多
2026-06-18,6473,美賣*,7.34,7.65,6.89,7.32,292,0,0,0,0,0.0,0.0,0.0,空
2026-06-18,6474,華豫寧,38.2,38.65,37.55,37.9,102,0,-27,0,0,0.0,0.0,0.0,空
2026-06-18,6477,安集,32.55,32.75,32.05,32.05,441,0,-233,0,0,0.0,0.0,0.0,空
2026-06-18,6482,弘煜科,29.6,29.9,29.5,29.65,33,0,12,0,0,0.0,0.0,0.0,多
2026-06-18,6483,原創生醫,12.46,12.75,12.45,12.75,56,0,0,0,0,0.0,0.0,0.0,多
2026-06-18,6485,點序,89.1,90.4,88.2,88.4,911,0,-6,0,0,0.0,0.0,0.0,空
2026-06-18,6486,互動,82.1,82.4,81.5,81.8,56,0,8,0,0,0.0,0.0,0.0,多
2026-06-18,6488,環球晶,1110.0,1145.0,1065.0,1110.0,11731,0,1011,177,-480,0.0,0.0,0.0,多
2026-06-18,6491,晶碩,315.0,328.5,314.0,327.5,749,0,349,50,12,0.0,0.0,0.0,空
2026-06-18,6492,生華科,44.6,44.6,43.75,44.0,121,0,-14,0,0,0.0,0.0,0.0,多
2026-06-18,6493,雷虎生,25.68,26.0,25.45,25.45,27,0,0,0,0,0.0,0.0,0.0,空
2026-06-18,6494,九齊,68.0,70.5,66.5,69.2,1132,0,64,0,3,0.0,0.0,0.0,多
2026-06-18,6496,科懋,24.95,24.95,24.9,24.9,4,0,0,0,0,0.0,0.0,0.0,多
2026-06-18,6498,久禾光,110.0,110.0,105.5,107.0,622,0,-43,0,-7,0.0,0.0,0.0,多
2026-06-18,6499,益安,73.5,74.3,72.2,73.7,296,0,44,0,0,0.0,0.0,0.0,空
2026-06-18,6504,南六,36.2,36.65,36.0,36.2,51,0,12,0,0,0.0,0.0,0.0,多
2026-06-18,6505,台塑化,52.6,55.3,52.5,53.5,13997,0,3813,-1410,-69,0.0,0.0,0.0,多
2026-06-18,6506,雙邦,18.9,19.1,18.8,18.9,147,0,31,0,0,0.0,0.0,0.0,空
2026-06-18,6508,惠光,23.85,23.95,23.75,23.95,62,0,-8,0,0,0.0,0.0,0.0,多
2026-06-18,6509,聚和,47.5,47.95,47.1,47.95,2552,0,-734,-7,-10,0.0,0.0,0.0,空
2026-06-18,6510,精測,3520.0,3610.0,3500.0,3610.0,394,0,-50,6,4,0.0,0.0,0.0,多
2026-06-18,6512,啟發電,19.5,19.55,19.5,19.5,8,0,0,0,0,0.0,0.0,0.0,空
2026-06-18,6515,穎崴,9500.0,9610.0,9400.0,9450.0,193,0,10,8,-3,0.0,0.0,0.0,多
2026-06-18,6516,勤崴國際,56.9,57.3,56.2,56.8,147,0,67,0,0,0.0,0.0,0.0,空
2026-06-18,6517,保勝光學,78.3,80.7,75.8,78.1,3447,0,82,0,0,0.0,0.0,0.0,多
2026-06-18,6518,康科特,29.44,30.0,30.0,30.0,1,0,0,0,0,0.0,0.0,0.0,多
2026-06-18,6523,達爾膚,98.0,98.0,97.7,97.8,27,0,2,0,0,0.0,0.0,0.0,多
2026-06-18,6525,捷敏-KY,136.0,143.0,135.0,143.0,4186,0,571,-5,109,0.0,0.0,0.0,多
2026-06-18,6526,達發,671.0,696.0,670.0,696.0,988,0,166,11,0,0.0,0.0,0.0,空
2026-06-18,6527,明達醫,71.5,72.1,71.5,71.8,22,0,0,0,0,0.0,0.0,0.0,多
2026-06-18,6530,創威,97.0,99.3,94.9,97.9,747,0,84,0,0,0.0,0.0,0.0,空
2026-06-18,6531,愛普*,942.0,1025.0,942.0,1025.0,5511,0,-425,-38,50,0.0,0.0,0.0,空
2026-06-18,6532,瑞耘,89.0,91.4,88.0,91.2,419,0,73,0,0,0.0,0.0,0.0,空
2026-06-18,6533,晶心科,201.0,204.5,201.0,201.5,284,0,24,0,0,0.0,0.0,0.0,空
2026-06-18,6534,正瀚-創,94.0,94.3,93.0,93.0,31,0,-7,0,0,0.0,0.0,0.0,多
2026-06-18,6535,順藥,103.0,104.5,101.0,103.0,391,0,157,-30,0,0.0,0.0,0.0,空
2026-06-18,6536,碩豐,20.07,20.4,19.5,20.15,16,0,0,0,0,0.0,0.0,0.0,空
2026-06-18,6538,倉和,106.0,114.5,103.5,114.5,821,0,-182,0,7,0.0,0.0,0.0,空
2026-06-18,6539,麗彤,40.6,41.0,40.95,41.0,4,0,0,0,0,0.0,0.0,0.0,多
2026-06-18,6541,泰福-KY,40.85,41.35,40.4,40.45,337,0,1,0,-3,0.0,0.0,0.0,多
2026-06-18,6542,隆中,48.0,48.0,48.0,48.0,2,0,0,0,0,0.0,0.0,0.0,多
2026-06-18,6543,普惠醫工,19.09,19.05,18.55,19.0,45,0,0,0,0,0.0,0.0,0.0,空
2026-06-18,6546,正基,74.5,76.2,74.5,75.0,359,0,1,0,-1,0.0,0.0,0.0,空
2026-06-18,6547,高端疫苗,45.75,46.2,44.85,45.2,1444,0,-405,0,-4,0.0,0.0,0.0,空
2026-06-18,6548,長科*,87.1,92.4,83.5,86.1,14289,0,-1888,0,5,0.0,0.0,0.0,空
2026-06-18,6549,景凱,7.41,7.73,7.33,7.73,160,0,0,0,0,0.0,0.0,0.0,多
2026-06-18,6550,北極星藥業-KY,13.3,13.75,13.15,13.65,1766,0,140,0,-2,0.0,0.0,0.0,多
2026-06-18,6552,易華電,30.2,31.9,29.75,31.05,443,0,-64,0,-1,0.0,0.0,0.0,空
2026-06-18,6555,榮炭,20.34,20.85,19.9,20.0,66,0,1,0,0,0.0,0.0,0.0,多
2026-06-18,6556,勝品,73.2,73.6,72.3,73.5,12,0,0,0,0,0.0,0.0,0.0,多
2026-06-18,6558,興能高,30.6,31.2,30.6,30.9,414,0,162,0,0,0.0,0.0,0.0,空
2026-06-18,6559,研晶,19.24,21.45,19.05,21.45,142,0,6,0,0,0.0,0.0,0.0,多
2026-06-18,6560,欣普羅,37.6,38.5,36.95,38.0,82,0,8,0,0,0.0,0.0,0.0,空
2026-06-18,6561,是方,338.0,341.0,337.0,338.0,110,0,-38,0,0,0.0,0.0,0.0,空
2026-06-18,6563,映智,26.92,28.1,26.7,27.7,28,0,0,0,0,0.0,0.0,0.0,空
2026-06-18,6564,安特羅,16.4,16.7,16.2,16.45,39,0,0,0,0,0.0,0.0,0.0,空
2026-06-18,6565,物聯,20.21,20.75,19.95,20.6,30,0,0,0,0,0.0,0.0,0.0,空
2026-06-18,6568,宏觀,175.0,181.0,174.5,176.5,196,0,-28,0,15,0.0,0.0,0.0,空
2026-06-18,6569,醫揚,114.5,115.0,112.5,115.0,100,0,10,0,0,0.0,0.0,0.0,多
2026-06-18,6570,維田,53.9,55.4,53.4,54.6,228,0,-5,0,0,0.0,0.0,0.0,空
2026-06-18,6572,博錸,7.34,7.33,6.96,7.3,178,0,-9,0,0,0.0,0.0,0.0,空
2026-06-18,6573,虹揚-KY,15.3,16.2,15.3,16.2,627,0,209,0,5,0.0,0.0,0.0,空
2026-06-18,6574,霈方,108.5,109.0,106.0,109.0,46,0,12,0,0,0.0,0.0,0.0,空
2026-06-18,6576,逸達,79.3,82.4,78.4,78.4,503,0,-63,0,18,0.0,0.0,0.0,多
2026-06-18,6577,勁豐,76.0,76.0,75.0,75.7,101,0,-11,0,0,0.0,0.0,0.0,空
2026-06-18,6578,達邦蛋白,16.95,17.0,16.45,16.45,64,0,9,0,0,0.0,0.0,0.0,空
2026-06-18,6579,研揚,166.5,169.5,166.5,168.0,820,0,91,0,3,0.0,0.0,0.0,空
2026-06-18,6580,台睿,14.12,14.5,13.85,14.1,133,0,-4,0,0,0.0,0.0,0.0,空
2026-06-18,6581,鋼聯,108.0,109.5,108.0,109.0,15,0,0,0,0,0.0,0.0,0.0,空
2026-06-18,6582,申豐,32.1,32.1,31.3,31.45,67,0,-5,0,0,0.0,0.0,0.0,多
2026-06-18,6583,友松,12.03,12.45,12.0,12.45,2,0,0,0,0,0.0,0.0,0.0,多
2026-06-18,6584,南俊國際,621.0,628.0,612.0,625.0,488,0,21,0,0,0.0,0.0,0.0,空
2026-06-18,6585,鼎基,139.5,140.0,135.0,138.0,743,0,14,0,0,0.0,0.0,0.0,多
2026-06-18,6586,醣基,75.37,95.3,82.5,94.0,3503,0,-3,0,0,0.0,0.0,0.0,多
2026-06-18,6588,東典光電,108.0,109.0,105.5,107.5,519,0,4,0,0,0.0,0.0,0.0,多
2026-06-18,6589,台康生技,45.5,46.45,45.35,46.45,1186,0,429,0,1,0.0,0.0,0.0,多
2026-06-18,6590,普鴻,66.6,68.7,66.1,68.7,32,0,0,0,0,0.0,0.0,0.0,空
2026-06-18,6591,動力-KY,55.6,55.7,55.0,55.5,135,0,44,0,-1,0.0,0.0,0.0,空
2026-06-18,6592,和潤企業,65.3,65.9,65.1,65.3,550,0,25,-1,10,0.0,0.0,0.0,多
2026-06-18,6593,台灣銘板,35.0,35.5,34.8,35.1,48,0,1,0,0,0.0,0.0,0.0,多
2026-06-18,6595,光禹國際,30.12,31.05,29.5,31.05,1,0,0,0,0,0.0,0.0,0.0,多
2026-06-18,6596,寬宏藝術,94.3,94.8,93.9,94.0,153,0,-62,0,0,0.0,0.0,0.0,多
2026-06-18,6597,立誠,67.0,69.9,67.0,69.9,11,0,1,0,0,0.0,0.0,0.0,空
2026-06-18,6598,ABC-KY,24.5,24.5,24.0,24.15,132,0,-44,0,3,0.0,0.0,0.0,空
2026-06-18,6599,普達系統,45.15,0.0,0.0,0.0,0,0,0,0,0,0.0,0.0,0.0,空
2026-06-18,6603,富強鑫,22.6,24.2,22.4,24.2,4545,0,315,0,6,0.0,0.0,0.0,多
2026-06-18,6604,儒億,35.75,37.2,35.6,37.0,67,0,0,0,0,0.0,0.0,0.0,空
2026-06-18,6605,帝寶,143.0,145.0,141.0,141.5,592,0,-110,0,3,0.0,0.0,0.0,空
2026-06-18,6606,建德工業,25.0,25.2,24.75,25.0,130,0,-1,0,-2,0.0,0.0,0.0,空
2026-06-18,6609,瀧澤科,40.9,41.45,40.8,41.35,385,0,50,0,0,0.0,0.0,0.0,空
2026-06-18,6610,安成生技,27.41,27.6,25.95,26.75,229,0,-9,0,0,0.0,0.0,0.0,空
2026-06-18,6612,奈米醫材,72.5,73.8,72.5,73.3,23,0,6,0,0,0.0,0.0,0.0,空
2026-06-18,6613,朋億*,356.0,382.0,356.0,381.5,720,0,65,0,16,0.0,0.0,0.0,多
2026-06-18,6614,資拓宏宇,41.4,41.65,40.8,40.9,137,0,-14,0,0,0.0,0.0,0.0,多
2026-06-18,6615,慧智,34.85,34.9,34.35,34.5,47,0,-3,0,0,0.0,0.0,0.0,多
2026-06-18,6616,特昇-KY,9.75,9.75,9.36,9.53,41,0,0,0,0,0.0,0.0,0.0,多
2026-06-18,6617,共信-KY,68.2,68.6,67.6,67.6,114,0,-23,0,0,0.0,0.0,0.0,空
2026-06-18,6618,永虹先進,17.96,18.2,17.75,18.2,660,0,112,0,0,0.0,0.0,0.0,空
2026-06-18,6620,漢達,74.6,81.8,74.6,81.8,1676,0,157,0,133,0.0,0.0,0.0,多
2026-06-18,6621,華宇藥,11.87,12.2,11.35,11.7,77,0,0,0,0,0.0,0.0,0.0,多
2026-06-18,6622,百聿數碼,6.8,7.25,6.9,7.25,54,0,0,0,0,0.0,0.0,0.0,多
2026-06-18,6624,萬年清,41.55,42.5,41.55,42.5,8,0,1,0,0,0.0,0.0,0.0,空
2026-06-18,6625,必應,79.8,79.8,78.7,79.2,213,0,62,0,0,0.0,0.0,0.0,多
2026-06-18,6629,泰金-KY,114.0,114.5,113.5,114.0,39,0,-9,0,0,0.0,0.0,0.0,空
2026-06-18,6634,欣耀,61.49,67.2,61.2,64.4,190,0,-21,0,0,0.0,0.0,0.0,空
2026-06-18,6637,醫影,63.3,64.1,63.0,63.5,41,0,6,0,0,0.0,0.0,0.0,空
2026-06-18,6638,沅聖,52.95,55.1,52.6,54.0,3,0,-1,0,0,0.0,0.0,0.0,空
2026-06-18,6639,源大環能,6.47,6.56,6.21,6.35,73,0,-17,0,0,0.0,0.0,0.0,空
2026-06-18,6640,均華,1105.0,1165.0,1105.0,1120.0,267,0,-94,40,11,0.0,0.0,0.0,空
2026-06-18,6641,基士德-KY,18.4,18.5,18.25,18.35,57,0,2,0,3,0.0,0.0,0.0,多
2026-06-18,6642,富致,87.7,92.6,87.0,90.6,1856,0,274,0,-1,0.0,0.0,0.0,空
2026-06-18,6643,M31,488.0,495.5,480.0,494.0,398,0,-8,0,8,0.0,0.0,0.0,空
2026-06-18,6645,金萬林-創,14.85,15.6,14.8,15.35,100,0,8,0,-3,0.0,0.0,0.0,多
2026-06-18,6648,斯其大,17.04,17.05,16.25,16.4,55,0,5,0,0,0.0,0.0,0.0,空
2026-06-18,6649,台生材,38.0,38.0,37.3,37.5,24,0,0,0,0,0.0,0.0,0.0,空
2026-06-18,6650,帝圖,26.5,27.55,26.15,26.5,20,0,0,0,0,0.0,0.0,0.0,多
2026-06-18,6651,全宇昕,147.0,156.5,143.0,155.5,1812,0,18,0,0,0.0,0.0,0.0,空
2026-06-18,6654,天正國際,234.0,242.0,212.0,217.0,751,0,-42,0,-2,0.0,0.0,0.0,多
2026-06-18,6655,科定,124.0,124.0,121.5,123.5,5,0,0,0,0,0.0,0.0,0.0,空
2026-06-18,6657,華安,37.2,37.4,36.0,36.6,102,0,4,0,-1,0.0,0.0,0.0,多
2026-06-18,6658,聯策,190.0,206.5,188.0,189.0,1627,0,-274,0,79,0.0,0.0,0.0,空
2026-06-18,6659,天明製藥,20.02,20.45,19.55,20.45,45,0,0,0,0,0.0,0.0,0.0,多
2026-06-18,6661,威健生技,16.0,16.1,15.85,15.85,9,0,0,0,0,0.0,0.0,0.0,空
2026-06-18,6662,樂斯科,30.0,30.0,29.55,29.8,6,0,0,0,0,0.0,0.0,0.0,多
2026-06-18,6664,群翊,375.5,384.5,373.0,384.5,422,0,-74,1,11,0.0,0.0,0.0,空
2026-06-18,6665,康聯生醫,20.68,21.0,19.8,20.1,31,0,1,0,0,0.0,0.0,0.0,多
2026-06-18,6666,羅麗芬-KY,43.2,43.2,42.5,42.95,37,0,1,0,2,0.0,0.0,0.0,多
2026-06-18,6667,信紘科,278.0,284.0,277.5,281.0,1120,0,326,0,32,0.0,0.0,0.0,多
2026-06-18,6668,中揚光,46.9,47.95,46.0,47.2,6827,0,-216,0,-13,0.0,0.0,0.0,多
2026-06-18,6669,緯穎,5150.0,5250.0,5085.0,5130.0,1753,0,-353,-4,31,0.0,0.0,0.0,空
2026-06-18,6670,復盛應用,300.5,300.5,287.0,287.5,1177,0,-705,247,-57,0.0,0.0,0.0,多
2026-06-18,6671,三能-KY,26.0,26.85,25.6,25.75,142,0,17,0,14,0.0,0.0,0.0,多
2026-06-18,6672,騰輝電子-KY,231.5,249.0,231.5,245.5,7230,0,1958,0,78,0.0,0.0,0.0,多
2026-06-18,6673,和詮,14.44,17.25,14.6,17.25,808,0,74,0,0,0.0,0.0,0.0,多
2026-06-18,6674,鋐寶科技,18.1,18.1,17.4,17.45,28,0,1,0,1,0.0,0.0,0.0,空
2026-06-18,6676,祥翊,12.89,13.35,12.6,13.2,811,0,39,0,0,0.0,0.0,0.0,空
2026-06-18,6677,瑩碩生技,16.69,17.0,16.6,17.0,41,0,3,0,0,0.0,0.0,0.0,空
2026-06-18,6679,鈺太,273.0,287.0,270.5,285.5,533,0,111,-60,26,0.0,0.0,0.0,空
2026-06-18,6680,鑫創電子,52.6,53.1,51.0,51.5,73,0,3,0,0,0.0,0.0,0.0,多
2026-06-18,6682,華旭先進,58.89,60.9,56.7,58.4,2216,0,-109,0,0,0.0,0.0,0.0,空
2026-06-18,6683,雍智科技,1650.0,1680.0,1620.0,1650.0,946,0,-115,70,24,0.0,0.0,0.0,多
2026-06-18,6684,安格,51.0,52.0,50.2,50.5,370,0,59,0,0,0.0,0.0,0.0,多
2026-06-18,6689,伊雲谷,68.2,68.8,66.8,67.0,294,0,-63,0,-2,0.0,0.0,0.0,空
2026-06-18,6690,安碁資訊,178.0,179.5,177.5,179.0,89,0,-15,0,0,0.0,0.0,0.0,空
2026-06-18,6691,洋基工程,712.0,720.0,700.0,720.0,734,0,79,19,6,0.0,0.0,0.0,多
2026-06-18,6692,進能服,27.0,27.0,26.0,27.0,68,0,-1,0,0,0.0,0.0,0.0,多
2026-06-18,6693,廣閎科,210.0,215.0,209.0,215.0,1078,0,176,0,20,0.0,0.0,0.0,多
2026-06-18,6695,芯鼎,54.5,59.2,54.3,58.4,2758,0,559,0,0,0.0,0.0,0.0,空
2026-06-18,6696,仁新,395.78,413.0,392.0,404.5,465,0,22,0,0,0.0,0.0,0.0,多
2026-06-18,6697,東捷資訊,42.4,42.4,41.4,41.6,50,0,-5,0,0,0.0,0.0,0.0,空
2026-06-18,6698,旭暉應材,38.5,42.1,38.5,41.95,1515,0,242,0,0,0.0,0.0,0.0,空
2026-06-18,6703,軒郁,108.5,109.5,108.5,109.5,45,0,15,0,0,0.0,0.0,0.0,多
2026-06-18,6704,國璽幹細胞,21.0,21.6,20.9,21.6,208,0,7,0,0,0.0,0.0,0.0,多
2026-06-18,6705,振躍精密,90.15,94.9,86.2,93.3,39,0,4,0,0,0.0,0.0,0.0,空
2026-06-18,6706,惠特,168.0,177.5,167.5,172.0,3404,0,-31,0,61,0.0,0.0,0.0,空
2026-06-18,6707,富基電通,33.73,34.7,33.05,34.55,77,0,-4,0,0,0.0,0.0,0.0,空
2026-06-18,6708,天擎,39.45,40.5,39.45,39.8,24,0,1,0,0,0.0,0.0,0.0,空
2026-06-18,6709,昱厚生技,24.81,25.1,24.7,25.1,64,0,-1,0,0,0.0,0.0,0.0,多
2026-06-18,6712,長聖,139.5,139.5,138.0,139.0,223,0,-16,0,0,0.0,0.0,0.0,多
2026-06-18,6715,嘉基,470.0,489.0,457.0,471.5,621,0,6,0,-16,0.0,0.0,0.0,多
2026-06-18,6716,應廣,100.5,107.0,100.5,102.5,910,0,245,0,0,0.0,0.0,0.0,空
2026-06-18,6719,力智,245.0,260.5,245.0,260.5,4105,0,1259,0,62,0.0,0.0,0.0,空
2026-06-18,6720,久昌,141.0,145.0,140.5,142.0,48,0,5,0,0,0.0,0.0,0.0,空
2026-06-18,6721,信實,55.8,56.1,55.5,56.0,30,0,0,0,0,0.0,0.0,0.0,多
2026-06-18,6722,輝創,37.8,37.8,37.35,37.4,37,0,-15,0,-1,0.0,0.0,0.0,空
2026-06-18,6723,傑智環境,36.45,37.8,36.15,37.8,11,0,1,0,0,0.0,0.0,0.0,空
2026-06-18,6725,矽科宏晟,334.0,367.0,328.0,367.0,1580,0,289,0,47,0.0,0.0,0.0,多
2026-06-18,6727,亞泰金屬,410.0,449.0,407.0,449.0,1381,0,39,0,9,0.0,0.0,0.0,空
2026-06-18,6728,上洋,110.0,110.0,109.0,110.0,27,0,2,0,0,0.0,0.0,0.0,多
2026-06-18,6729,機光科技,51.69,56.2,51.1,56.2,95,0,13,0,0,0.0,0.0,0.0,多
2026-06-18,6730,常廣,38.0,39.2,37.4,37.95,10,0,-2,0,0,0.0,0.0,0.0,多
2026-06-18,6732,昇佳電子,156.5,165.5,156.5,165.5,218,0,49,0,0,0.0,0.0,0.0,空
2026-06-18,6733,博晟生醫,25.1,25.35,24.85,24.9,172,0,-31,0,0,0.0,0.0,0.0,多
2026-06-18,6734,安盛生,6.88,7.14,6.7,6.7,65,0,0,0,0,0.0,0.0,0.0,空
2026-06-18,6735,美達科技,91.1,94.8,90.0,94.4,375,0,-2,0,0,0.0,0.0,0.0,空
2026-06-18,6737,秀育,29.99,30.0,28.05,29.95,30,0,0,0,0,0.0,0.0,0.0,多
2026-06-18,6738,鼎恒,65.57,66.3,64.0,66.2,16,0,3,0,0,0.0,0.0,0.0,多
2026-06-18,6739,竹陞科技,1105.0,1135.0,1105.0,1120.0,108,0,14,0,1,0.0,0.0,0.0,空
2026-06-18,6741,91APP*-KY,60.5,62.0,60.5,62.0,115,0,-16,0,0,0.0,0.0,0.0,空
2026-06-18,6742,澤米,68.1,71.1,66.0,69.0,18058,0,-1116,0,-30,0.0,0.0,0.0,多
2026-06-18,6743,安普新,29.0,29.3,28.85,29.0,192,0,-42,0,-1,0.0,0.0,0.0,空
2026-06-18,6744,豐技生技,15.2,15.2,15.2,15.2,5,0,0,0,0,0.0,0.0,0.0,多
2026-06-18,6748,亞果生醫,127.97,128.5,114.5,118.5,1178,0,0,0,0,0.0,0.0,0.0,多
2026-06-18,6750,泰創工程,63.56,66.8,62.8,66.4,446,0,9,0,0,0.0,0.0,0.0,空
2026-06-18,6751,智聯服務,47.8,48.5,47.8,48.45,24,0,4,0,0,0.0,0.0,0.0,多
2026-06-18,6752,叡揚,103.0,103.5,101.5,102.0,56,0,-7,0,0,0.0,0.0,0.0,多
2026-06-18,6753,龍德造船,119.0,121.5,118.5,121.5,455,0,110,0,74,0.0,0.0,0.0,多
2026-06-18,6754,匯僑設計,45.6,45.8,45.5,45.5,17,0,4,0,0,0.0,0.0,0.0,多
2026-06-18,6755,連鋐科技,16.27,17.2,16.4,17.2,41,0,8,0,0,0.0,0.0,0.0,空
2026-06-18,6756,威鋒電子,99.9,105.5,99.9,103.5,476,0,89,0,1,0.0,0.0,0.0,空
2026-06-18,6757,台灣虎航-創,59.4,59.5,57.3,58.2,6110,0,-1627,0,-35,0.0,0.0,0.0,多
2026-06-18,6757,台灣虎航,59.4,59.5,57.3,58.2,6110,0,-1627,0,-35,0.0,0.0,0.0,多
2026-06-18,6758,冠亞,30.0,0.0,0.0,0.0,0,0,0,0,0,0.0,0.0,0.0,空
2026-06-18,6761,穩得,190.0,208.5,190.0,204.0,653,0,-3,0,57,0.0,0.0,0.0,空
2026-06-18,6762,達亞,169.0,169.0,169.0,169.0,1,0,0,0,0,0.0,0.0,0.0,多
2026-06-18,6763,綠界科技,47.45,47.7,46.95,47.4,549,0,126,0,1,0.0,0.0,0.0,多
2026-06-18,6763,綠界科技*,47.45,47.7,46.95,47.4,549,0,126,0,1,0.0,0.0,0.0,多
2026-06-18,6767,台微醫,24.85,25.05,24.85,25.0,52,0,0,0,0,0.0,0.0,0.0,空
2026-06-18,6768,志強-KY,87.5,87.6,85.5,85.7,358,0,-149,-5,2,0.0,0.0,0.0,空
2026-06-18,6770,力積電,71.5,75.3,70.7,74.2,245700,0,14672,1746,2189,0.0,0.0,0.0,空
2026-06-18,6771,平和環保-創,41.65,42.0,41.45,42.0,82,0,1,0,0,0.0,0.0,0.0,多
2026-06-18,6775,穎台科技,41.22,45.6,40.85,45.6,876,0,97,0,0,0.0,0.0,0.0,空
2026-06-18,6776,展碁國際,59.2,59.5,58.7,59.3,341,0,-104,0,0,0.0,0.0,0.0,空
2026-06-18,6780,學習王,41.02,0.0,0.0,0.0,0,0,0,0,0,0.0,0.0,0.0,空
2026-06-18,6781,AES-KY,1180.0,1190.0,1140.0,1180.0,1161,0,82,15,0,0.0,0.0,0.0,多
2026-06-18,6782,視陽,192.0,198.0,192.0,194.5,345,0,20,29,4,0.0,0.0,0.0,多
2026-06-18,6784,天凱科技,21.79,22.2,20.95,21.9,291,0,1,0,0,0.0,0.0,0.0,空
2026-06-18,6785,昱展新藥,120.0,125.5,119.0,121.0,94,0,-3,0,1,0.0,0.0,0.0,多
2026-06-18,6786,芯測,79.75,83.0,79.6,80.9,146,0,-3,0,0,0.0,0.0,0.0,空
2026-06-18,6787,晶瑞光,33.93,35.75,33.9,34.5,586,0,-4,0,0,0.0,0.0,0.0,多
2026-06-18,6788,華景電,439.0,440.0,431.5,438.0,752,0,39,0,0,0.0,0.0,0.0,多
2026-06-18,6789,采鈺,496.0,543.0,496.0,543.0,4047,0,653,-2,38,0.0,0.0,0.0,空
2026-06-18,6790,永豐實,40.1,40.25,39.9,40.05,201,0,-18,0,0,0.0,0.0,0.0,多
2026-06-18,6791,虎門科技,104.5,104.5,103.0,103.5,35,0,13,0,0,0.0,0.0,0.0,空
2026-06-18,6792,詠業,67.3,71.4,66.6,70.0,176,0,39,0,0,0.0,0.0,0.0,空
2026-06-18,6793,天力離岸,5.08,5.21,4.96,5.2,143,0,-8,0,0,0.0,0.0,0.0,多
2026-06-18,6794,向榮生技-創,80.7,80.7,78.7,79.4,41,0,-7,0,0,0.0,0.0,0.0,空
2026-06-18,6794,向榮生技,80.7,80.7,78.7,79.4,41,0,-7,0,0,0.0,0.0,0.0,空
2026-06-18,6796,晉弘,60.0,60.1,58.9,59.3,61,0,-13,0,-1,0.0,0.0,0.0,多
2026-06-18,6797,圓點奈米,13.57,13.7,13.0,13.55,24,0,0,0,0,0.0,0.0,0.0,多
2026-06-18,6798,展逸,50.4,50.5,49.8,50.4,40,0,1,0,0,0.0,0.0,0.0,多
2026-06-18,6799,來頡,90.9,99.9,90.9,99.9,1148,0,304,0,24,0.0,0.0,0.0,空
2026-06-18,6803,崑鼎,286.5,288.0,286.5,286.5,33,0,3,0,-1,0.0,0.0,0.0,多
2026-06-18,6804,明係,16.15,16.35,16.05,16.2,23,0,-2,0,0,0.0,0.0,0.0,多
2026-06-18,6805,富世達,1745.0,1765.0,1720.0,1755.0,873,0,0,-103,16,0.0,0.0,0.0,空
2026-06-18,6806,森崴能源,3.6,3.6,3.24,3.24,4347,0,-2114,0,0,0.0,0.0,0.0,多
2026-06-18,6807,峰源-KY,33.25,33.75,33.25,33.65,11,0,2,0,-2,0.0,0.0,0.0,多
2026-06-18,6808,三鼎生技,24.72,24.7,24.0,24.55,157,0,-2,0,0,0.0,0.0,0.0,空
2026-06-18,6810,新穎生醫,27.24,28.25,26.9,27.65,41,0,3,0,0,0.0,0.0,0.0,空
2026-06-18,6811,宏碁資訊,231.0,231.5,228.5,230.0,101,0,-44,0,0,0.0,0.0,0.0,空
2026-06-18,6812,梭特,67.36,70.4,66.7,70.4,107,0,5,0,0,0.0,0.0,0.0,多
2026-06-18,6814,路迦生醫,23.5,25.75,23.5,25.75,23,0,0,0,0,0.0,0.0,0.0,多
2026-06-18,6815,晶鑽生醫,30.34,31.05,30.45,30.55,21,0,-2,0,0,0.0,0.0,0.0,多
2026-06-18,6816,捷智商訊,37.65,37.7,37.7,37.7,0,0,0,0,0,0.0,0.0,0.0,多
2026-06-18,6817,溫士頓,59.53,61.0,60.0,61.0,26,0,0,0,0,0.0,0.0,0.0,空
2026-06-18,6818,連騰,56.96,62.2,58.3,60.7,55,0,-5,0,0,0.0,0.0,0.0,多
2026-06-18,6819,眾智,35.37,40.45,35.0,39.2,110,0,10,0,0,0.0,0.0,0.0,空
2026-06-18,6820,連訊,293.12,296.0,287.0,296.0,52,0,3,0,0,0.0,0.0,0.0,多
2026-06-18,6821,聯寶,61.8,67.6,61.5,67.6,1409,0,254,0,-5,0.0,0.0,0.0,空
2026-06-18,6823,濾能,66.0,73.1,66.0,73.1,249,0,-22,0,0,0.0,0.0,0.0,多
2026-06-18,6825,和暢科技,44.82,47.0,44.8,46.5,81,0,2,0,0,0.0,0.0,0.0,空
2026-06-18,6826,和淞,552.02,564.0,540.0,562.0,233,0,2,0,0,0.0,0.0,0.0,多
2026-06-18,6827,巨生醫,12.51,12.95,12.4,12.75,20,0,0,0,0,0.0,0.0,0.0,空
2026-06-18,6829,千附精密,202.0,207.0,201.0,203.5,733,0,0,0,2,0.0,0.0,0.0,空
2026-06-18,6830,汎銓,525.0,564.0,522.0,564.0,851,0,97,0,1,0.0,0.0,0.0,空
2026-06-18,6831,邁科,740.0,780.0,740.0,773.0,892,0,312,0,4,0.0,0.0,0.0,空
2026-06-18,6832,金鼎科,79.99,81.0,77.5,80.0,12,0,-1,0,0,0.0,0.0,0.0,空
2026-06-18,6833,太康精密,24.02,24.0,23.0,23.0,20,0,0,0,0,0.0,0.0,0.0,空
2026-06-18,6834,天二科技,101.5,101.5,101.5,101.5,1227,0,-55,0,-19,0.0,0.0,0.0,多
2026-06-18,6835,圓裕,36.25,36.7,36.2,36.55,45,0,0,0,0,0.0,0.0,0.0,空
2026-06-18,6838,台新藥,25.0,25.1,24.65,24.65,157,0,3,0,3,0.0,0.0,0.0,多
2026-06-18,6839,開陽能源,12.72,12.75,12.25,12.45,24,0,0,0,0,0.0,0.0,0.0,多
2026-06-18,6840,東研信超,67.3,67.3,65.6,66.4,59,0,19,0,0,0.0,0.0,0.0,空
2026-06-18,6841,長佳智能,60.9,61.7,60.3,60.7,219,0,38,0,0,0.0,0.0,0.0,多
2026-06-18,6842,瑞宇,81.51,107.0,80.7,104.5,582,0,53,0,0,0.0,0.0,0.0,空
2026-06-18,6843,進典,40.5,41.45,40.0,40.5,89,0,12,0,0,0.0,0.0,0.0,多
2026-06-18,6844,諾貝兒,65.5,65.8,65.0,65.8,41,0,4,0,0,0.0,0.0,0.0,多
2026-06-18,6846,綠茵,67.3,67.7,66.8,67.3,25,0,0,0,0,0.0,0.0,0.0,空
2026-06-18,6847,普瑞博,75.62,76.6,76.6,76.6,0,0,0,0,0,0.0,0.0,0.0,空
2026-06-18,6848,拉法醫,20.08,20.35,20.0,20.1,15,0,0,0,0,0.0,0.0,0.0,多
2026-06-18,6849,奇鼎科技,171.79,176.0,166.5,166.5,407,0,0,0,0,0.0,0.0,0.0,空
2026-06-18,6850,光鼎生技,34.66,34.95,34.0,34.95,31,0,0,0,0,0.0,0.0,0.0,多
2026-06-18,6854,錼創科技-KY創,132.0,133.0,129.5,130.0,331,0,35,0,0,0.0,0.0,0.0,空
2026-06-18,6855,數泓科,0.0,0.0,0.0,0.0,0,0,0,0,0,0.0,0.0,0.0,空
2026-06-18,6856,鑫傳,45.8,46.35,45.0,46.2,60,0,0,0,0,0.0,0.0,0.0,多
2026-06-18,6857,宏碁智醫,92.35,94.0,92.4,94.0,4,0,0,0,0,0.0,0.0,0.0,空
2026-06-18,6858,愛比科技,23.9,23.3,23.25,23.25,6,0,0,0,0,0.0,0.0,0.0,空
2026-06-18,6859,伯特光,135.0,140.5,132.5,139.0,914,0,-44,0,4,0.0,0.0,0.0,多
2026-06-18,6861,睿生光電,335.5,371.0,335.5,371.0,1470,0,257,0,4,0.0,0.0,0.0,空
2026-06-18,6862,三集瑞-KY,227.0,227.0,225.5,227.0,1106,0,131,0,71,0.0,0.0,0.0,多
2026-06-18,6863,永道-KY,96.7,97.7,96.0,96.7,95,0,3,0,-1,0.0,0.0,0.0,空
2026-06-18,6864,元樟生技,47.37,48.0,46.45,47.65,22,0,2,0,0,0.0,0.0,0.0,空
2026-06-18,6865,偉康科技,25.75,27.45,25.7,26.25,39,0,1,0,0,0.0,0.0,0.0,多
2026-06-18,6867,坦德科技,20.53,20.95,19.85,20.45,53,0,-3,0,0,0.0,0.0,0.0,多
2026-06-18,6868,采威國際,28.4,28.5,28.0,28.1,10,0,0,0,0,0.0,0.0,0.0,空
2026-06-18,6869,雲豹能源-創,77.8,78.9,77.3,77.3,541,0,-5,0,-1,0.0,0.0,0.0,空
2026-06-18,6869,雲豹能源,77.8,78.9,77.3,77.3,541,0,-5,0,-1,0.0,0.0,0.0,空
2026-06-18,6870,騰雲,275.0,287.0,273.0,285.5,162,0,-19,0,-5,0.0,0.0,0.0,空
2026-06-18,6872,浩宇生醫,17.0,18.0,16.85,17.9,111,0,1,0,0,0.0,0.0,0.0,多
2026-06-18,6873,泓德能源-創,78.0,78.8,77.4,78.8,568,0,7,0,-7,0.0,0.0,0.0,空
2026-06-18,6873,泓德能源,78.0,78.8,77.4,78.8,568,0,7,0,-7,0.0,0.0,0.0,空
2026-06-18,6874,倍力,85.3,85.6,84.7,85.1,38,0,19,0,0,0.0,0.0,0.0,多
2026-06-18,6875,國邑*,36.3,37.15,36.25,36.5,173,0,5,0,0,0.0,0.0,0.0,多
2026-06-18,6876,朗齊生醫*,15.95,16.6,15.95,16.4,48,0,0,0,0,0.0,0.0,0.0,空
2026-06-18,6877,鏵友益,128.0,132.0,127.5,129.5,163,0,18,0,0,0.0,0.0,0.0,空
2026-06-18,6878,歐付寶,9.73,9.8,9.59,9.8,37,0,0,0,0,0.0,0.0,0.0,多
2026-06-18,6879,大江基因,34.02,37.0,35.15,37.0,1,0,0,0,0,0.0,0.0,0.0,多
2026-06-18,6881,潤德,248.0,248.0,241.0,241.0,29,0,2,0,0,0.0,0.0,0.0,空
2026-06-18,6882,甲尚,17.82,18.15,17.35,18.0,28,0,0,0,0,0.0,0.0,0.0,空
2026-06-18,6883,微電能源,9.04,9.54,8.36,9.52,402,0,0,0,0,0.0,0.0,0.0,空
2026-06-18,6884,海柏特,33.35,33.8,33.35,33.4,33,0,3,0,0,0.0,0.0,0.0,多
2026-06-18,6885,全福生技,22.4,22.7,22.15,22.4,346,0,-51,0,-1,0.0,0.0,0.0,空
2026-06-18,6886,遠東生技,47.9,47.5,46.0,46.0,8,0,1,0,0,0.0,0.0,0.0,空
2026-06-18,6887,寶綠特-KY,35.0,35.25,34.2,34.2,24,0,-9,0,-1,0.0,0.0,0.0,多
2026-06-18,6890,來億-KY,235.0,238.0,232.5,238.0,392,0,57,0,-5,0.0,0.0,0.0,空
2026-06-18,6891,樂迦再生,41.48,47.3,42.35,46.6,608,0,34,0,0,0.0,0.0,0.0,空
2026-06-18,6892,台寶生醫,25.58,25.85,25.2,25.65,155,0,0,0,0,0.0,0.0,0.0,空
2026-06-18,6894,衛司特,354.5,378.5,354.5,374.5,109,0,30,0,2,0.0,0.0,0.0,空
2026-06-18,6895,宏碩系統,159.0,166.0,159.0,163.5,53,0,2,0,0,0.0,0.0,0.0,多
2026-06-18,6898,程曦資訊,96.4,97.2,96.0,96.6,216,0,0,0,0,0.0,0.0,0.0,多
2026-06-18,6899,創為精密,61.2,61.5,60.8,60.8,49,0,3,0,0,0.0,0.0,0.0,空
2026-06-18,6901,鑽石投資,16.25,17.2,16.2,16.55,3578,0,174,0,17,0.0,0.0,0.0,多
2026-06-18,6902,GOGOLOOK-創,131.0,133.0,129.0,133.0,115,0,-5,0,0,0.0,0.0,0.0,空
2026-06-18,6902,GOGOLOOK,131.0,133.0,129.0,133.0,115,0,-5,0,0,0.0,0.0,0.0,空
2026-06-18,6903,巨漢,387.0,394.0,386.5,393.0,378,0,110,0,0,0.0,0.0,0.0,空
2026-06-18,6904,伯鑫,0.0,0.0,0.0,0.0,0,0,0,0,0,0.0,0.0,0.0,空
2026-06-18,6906,現觀科,91.9,94.3,88.0,92.1,217,0,-22,0,0,0.0,0.0,0.0,空
2026-06-18,6907,雅特力-KY,134.5,138.0,132.0,135.5,951,0,-121,0,-13,0.0,0.0,0.0,空
2026-06-18,6908,宏碁遊戲-創,39.0,39.0,38.75,38.75,4,0,0,0,0,0.0,0.0,0.0,多
2026-06-18,6909,創控,46.45,50.9,46.3,50.9,536,0,2,0,0,0.0,0.0,0.0,多
2026-06-18,6910,德鴻,28.0,28.05,27.8,28.0,33,0,5,0,-6,0.0,0.0,0.0,空
2026-06-18,6911,群運,31.55,31.9,31.55,31.6,22,0,0,0,0,0.0,0.0,0.0,多
2026-06-18,6912,益鈞環科*,12.94,13.25,12.3,12.8,261,0,0,0,0,0.0,0.0,0.0,多
2026-06-18,6913,鴻呈,125.5,127.5,125.5,126.0,153,0,20,0,-7,0.0,0.0,0.0,空
2026-06-18,6914,阜爾運通,142.0,142.5,142.0,142.5,31,0,8,0,3,0.0,0.0,0.0,多
2026-06-18,6915,美強光,46.48,50.0,45.7,50.0,63,0,3,0,0,0.0,0.0,0.0,空
2026-06-18,6916,華凌,22.0,22.9,21.9,22.3,198,0,20,0,11,0.0,0.0,0.0,多
2026-06-18,6917,竟天,31.98,32.6,31.5,32.0,290,0,-18,0,0,0.0,0.0,0.0,多
2026-06-18,6918,愛派司,74.0,74.4,73.5,73.9,32,0,2,0,0,0.0,0.0,0.0,多
2026-06-18,6919,康霈*,99.2,109.0,99.1,109.0,53934,0,25485,-24869,191,0.0,0.0,0.0,多
2026-06-18,6920,恆勁科技,104.19,118.0,107.5,110.0,3114,0,-41,0,0,0.0,0.0,0.0,空
2026-06-18,6921,嘉雨思-創,70.0,71.5,70.0,71.5,63,0,42,0,3,0.0,0.0,0.0,多
2026-06-18,6922,宸曜,187.5,187.5,185.0,186.0,160,0,29,0,-1,0.0,0.0,0.0,空
2026-06-18,6923,中台,77.5,77.8,76.7,77.7,166,0,-12,0,0,0.0,0.0,0.0,多
2026-06-18,6924,榮惠-KY創,116.5,125.0,116.5,125.0,52,0,-1,0,0,0.0,0.0,0.0,空
2026-06-18,6925,意藍,64.1,64.1,62.5,63.7,99,0,2,0,0,0.0,0.0,0.0,空
2026-06-18,6926,聖安生醫,62.69,64.1,61.1,63.2,7,0,-2,0,0,0.0,0.0,0.0,多
2026-06-18,6927,聯合聚晶,63.63,64.2,62.9,64.1,55,0,-3,0,0,0.0,0.0,0.0,空
2026-06-18,6928,攸泰科技,48.0,48.05,47.15,47.95,90,0,9,0,-1,0.0,0.0,0.0,多
2026-06-18,6929,佑全,24.6,24.6,24.6,24.6,1,0,0,0,0,0.0,0.0,0.0,多
2026-06-18,6931,青松健康,40.8,40.85,40.1,40.8,80,0,-12,0,-2,0.0,0.0,0.0,多
2026-06-18,6932,水星生醫*,6.44,6.59,6.27,6.27,278,0,0,0,0,0.0,0.0,0.0,空
2026-06-18,6933,AMAX-KY,156.0,159.5,155.0,157.0,97,0,0,0,1,0.0,0.0,0.0,空
2026-06-18,6934,心誠鎂,68.3,74.8,68.0,71.3,208,0,44,0,0,0.0,0.0,0.0,多
2026-06-18,6935,王子製藥,30.33,30.85,29.65,30.8,14,0,0,0,0,0.0,0.0,0.0,多
2026-06-18,6936,永鴻生技,33.35,33.4,33.35,33.4,8,0,-2,0,0,0.0,0.0,0.0,多
2026-06-18,6937,天虹,272.0,281.0,271.5,279.5,558,0,138,-130,15,0.0,0.0,0.0,空
2026-06-18,6938,藍新資訊,99.91,102.0,96.2,101.5,50,0,0,0,0,0.0,0.0,0.0,空
2026-06-18,6939,啟弘生技,20.16,20.15,19.7,19.9,7,0,0,0,0,0.0,0.0,0.0,多
2026-06-18,6940,格斯科技*,26.2,28.3,26.4,28.3,2825,0,37,0,0,0.0,0.0,0.0,空
2026-06-18,6944,兆聯實業,1025.0,1045.0,1010.0,1045.0,680,0,167,0,5,0.0,0.0,0.0,多
2026-06-18,6945,圓祥生技,97.6,99.0,95.0,98.9,465,0,144,0,-2,0.0,0.0,0.0,多
2026-06-18,6946,三地能源,10.99,11.05,10.55,10.55,55,0,0,0,0,0.0,0.0,0.0,多
2026-06-18,6947,台鎔科技,94.06,94.7,89.2,94.3,1638,0,5,0,0,0.0,0.0,0.0,多
2026-06-18,6949,沛爾生醫-創,938.0,968.0,895.0,911.0,740,0,171,0,-14,0.0,0.0,0.0,多
2026-06-18,6951,青新-創,78.6,78.8,78.6,78.8,18,0,-3,0,0,0.0,0.0,0.0,空
2026-06-18,6952,大武山,36.0,36.1,35.7,36.05,36,0,4,0,3,0.0,0.0,0.0,多
2026-06-18,6953,家碩,231.5,237.5,231.5,235.0,53,0,5,0,0,0.0,0.0,0.0,空
2026-06-18,6955,邦睿生技-創,133.0,133.0,132.5,132.5,4,0,0,0,0,0.0,0.0,0.0,空
2026-06-18,6957,裕慶-KY,190.5,190.5,186.5,189.5,76,0,-11,0,0,0.0,0.0,0.0,多
2026-06-18,6958,日盛台駿,17.15,17.35,17.05,17.2,37,0,1,0,15,0.0,0.0,0.0,多
2026-06-18,6959,兆捷科技,138.55,146.5,140.0,144.0,306,0,0,0,0,0.0,0.0,0.0,多
2026-06-18,6961,旅天下,56.6,56.6,55.0,55.8,70,0,9,0,0,0.0,0.0,0.0,空
2026-06-18,6962,奕力-KY,39.0,39.8,38.65,38.9,6052,0,1758,0,37,0.0,0.0,0.0,多
2026-06-18,6963,品元,27.35,27.5,27.5,27.5,0,0,0,0,0,0.0,0.0,0.0,空
2026-06-18,6965,中傑-KY,81.1,82.3,81.0,82.0,44,0,-5,0,1,0.0,0.0,0.0,多
2026-06-18,6967,汎瑋材料,71.0,71.9,71.0,71.3,20,0,11,0,0,0.0,0.0,0.0,多
2026-06-18,6968,萬達寵物,43.6,44.0,43.55,43.55,15,0,-3,0,0,0.0,0.0,0.0,多
2026-06-18,6969,成信實業*-創,26.3,26.55,26.05,26.4,121,0,-22,0,0,0.0,0.0,0.0,空
2026-06-18,6971,惠民實業,27.95,30.0,27.8,27.8,402,0,-16,0,0,0.0,0.0,0.0,多
2026-06-18,6972,博瑞達應材,23.23,24.0,22.85,22.85,4,0,0,0,0,0.0,0.0,0.0,多
2026-06-18,6973,永立榮,32.04,32.95,31.9,32.95,20,0,1,0,0,0.0,0.0,0.0,多
2026-06-18,6976,育世博-KY,12.25,12.45,12.05,12.2,278,0,0,0,0,0.0,0.0,0.0,空
2026-06-18,6977,聯純,281.05,285.0,276.5,280.0,49,0,0,0,0,0.0,0.0,0.0,多
2026-06-18,6979,勝釩,177.71,181.0,176.5,180.0,6,0,0,0,0,0.0,0.0,0.0,空
2026-06-18,6980,鐳洋科技,156.1,157.5,149.0,149.0,189,0,0,0,0,0.0,0.0,0.0,多
2026-06-18,6982,大井泵浦,58.3,58.7,58.1,58.5,44,0,-3,0,0,0.0,0.0,0.0,空
2026-06-18,6983,華洋精機,339.5,371.0,338.5,371.0,122,0,9,0,0,0.0,0.0,0.0,多
2026-06-18,6984,ACpay,18.7,19.2,18.3,18.35,4,0,0,0,0,0.0,0.0,0.0,多
2026-06-18,6986,和迅,57.89,57.1,55.3,57.0,161,0,0,0,0,0.0,0.0,0.0,空
2026-06-18,6987,寶晶能源*,19.88,20.1,19.8,20.0,43,0,0,0,0,0.0,0.0,0.0,空
2026-06-18,6988,威力暘-創,14.25,15.05,14.0,14.0,66,0,3,0,0,0.0,0.0,0.0,空
2026-06-18,6990,華鉬,178.66,200.0,183.0,187.5,1072,0,-4,0,0,0.0,0.0,0.0,多
2026-06-18,6994,富威電力,55.0,55.2,53.0,53.2,609,0,-47,0,-4,0.0,0.0,0.0,空
2026-06-18,6995,野獸國,46.0,46.15,46.0,46.0,3,0,0,0,0,0.0,0.0,0.0,多
2026-06-18,6996,力領科技,193.0,195.0,193.0,194.0,76,0,4,0,0,0.0,0.0,0.0,空
2026-06-18,6997,博弘,77.6,77.6,74.7,75.0,6,0,-2,0,0,0.0,0.0,0.0,多
2026-06-18,6999,瀚醫生技,30.85,30.0,29.5,29.5,6,0,0,0,0,0.0,0.0,0.0,多
2026-06-18,7402,邑錡,91.3,92.8,91.0,92.1,120,0,-27,0,-1,0.0,0.0,0.0,多
2026-06-18,7415,元澄半導體,744.85,883.0,722.0,810.0,615,0,0,0,0,0.0,0.0,0.0,-
2026-06-18,7419,達勝,55.79,92.5,55.0,81.9,1107,0,23,0,0,0.0,0.0,0.0,空
2026-06-18,7427,華上生醫,38.21,41.5,38.35,40.3,798,0,21,0,0,0.0,0.0,0.0,多
2026-06-18,7443,凡事康,9.18,9.6,9.6,9.6,1,0,0,0,0,0.0,0.0,0.0,多
2026-06-18,7455,樺緯物聯,55.93,56.0,56.0,56.0,1,0,0,0,0,0.0,0.0,0.0,空
2026-06-18,7507,環拓科技,23.63,24.0,22.5,23.0,73,0,1,0,0,0.0,0.0,0.0,多
2026-06-18,7516,清淨海,8.67,11.2,8.65,10.15,1228,0,0,0,0,0.0,0.0,0.0,多
2026-06-18,7530,鋒魁科技,40.0,41.35,39.85,40.45,316,0,-22,0,0,0.0,0.0,0.0,空
2026-06-18,7547,碩網,58.4,59.5,58.4,59.3,23,0,11,0,0,0.0,0.0,0.0,多
2026-06-18,7551,知識科技,13.06,13.8,13.1,13.75,94,0,0,0,0,0.0,0.0,0.0,多
2026-06-18,7556,意德士,281.5,282.0,273.0,275.0,64,0,-11,0,-2,0.0,0.0,0.0,空
2026-06-18,7558,群利科技,20.04,21.0,20.05,20.8,1,0,0,0,0,0.0,0.0,0.0,空
2026-06-18,7561,光晟生技,17.71,19.05,17.55,19.05,10,0,0,0,0,0.0,0.0,0.0,多
2026-06-18,7562,博來科技,60.37,61.7,60.1,61.2,16,0,-2,0,0,0.0,0.0,0.0,空
2026-06-18,7566,亞果遊艇,12.6,13.0,12.4,12.65,199,0,-2,0,0,0.0,0.0,0.0,多
2026-06-18,7575,安美得,18.34,18.75,18.25,18.75,5,0,0,0,0,0.0,0.0,0.0,多
2026-06-18,7578,利百景,30.56,31.1,30.15,30.5,89,0,11,0,0,0.0,0.0,0.0,空
2026-06-18,7583,國際海洋,48.43,49.9,47.25,48.0,27,0,-1,0,0,0.0,0.0,0.0,多
2026-06-18,7584,樂意,27.55,28.2,27.2,28.0,20,0,2,0,0,0.0,0.0,0.0,多
2026-06-18,7590,怡和國際,21.37,22.1,21.3,22.05,141,0,29,0,0,0.0,0.0,0.0,多
2026-06-18,7595,世基生醫,8.0,8.2,7.9,8.2,38,0,0,0,0,0.0,0.0,0.0,多
2026-06-18,7607,通用幹細胞*,13.99,0.0,0.0,0.0,0,0,0,0,0,0.0,0.0,0.0,空
2026-06-18,7610,聯友金屬-創,2290.0,2315.0,2055.0,2315.0,1625,0,107,0,-1,0.0,0.0,0.0,多
2026-06-18,7631,聚賢研發-創,130.0,134.5,130.0,131.5,32,0,-5,0,0,0.0,0.0,0.0,多
2026-06-18,7642,昶瑞機電,72.2,73.5,70.5,71.8,22,0,0,0,0,0.0,0.0,0.0,多
2026-06-18,7669,碩正科技,673.6,746.0,681.0,724.0,338,0,-2,0,0,0.0,0.0,0.0,多
2026-06-18,7689,大鵬科CLMX,243.28,250.0,240.0,250.0,44,0,0,0,0,0.0,0.0,0.0,空
2026-06-18,7702,前端風電,20.5,19.8,19.8,19.8,0,0,0,0,0,0.0,0.0,0.0,多
2026-06-18,7703,銳澤,206.5,210.0,205.5,206.5,290,0,171,0,0,0.0,0.0,0.0,多
2026-06-18,7704,明遠精密,58.1,59.8,58.0,58.2,20,0,0,0,0,0.0,0.0,0.0,空
2026-06-18,7705,三商餐飲,31.85,32.0,31.65,31.85,35,0,1,0,0,0.0,0.0,0.0,多
2026-06-18,7706,宏碁創達,36.25,36.25,36.25,36.25,0,0,0,0,0,0.0,0.0,0.0,多
2026-06-18,7707,益芯科,137.44,140.5,137.0,140.0,95,0,0,0,0,0.0,0.0,0.0,空
2026-06-18,7708,全家餐飲,94.0,94.1,94.0,94.0,10,0,0,0,0,0.0,0.0,0.0,多
2026-06-18,7709,榮田,112.0,114.0,102.5,104.5,850,0,-222,0,-13,0.0,0.0,0.0,空
2026-06-18,7710,東擎科技,260.91,265.0,260.0,265.0,6,0,0,0,0,0.0,0.0,0.0,多
2026-06-18,7711,永擎,363.0,368.5,361.0,364.5,234,0,11,0,1,0.0,0.0,0.0,空
2026-06-18,7712,博盛半導體,175.0,184.5,175.0,184.5,3601,0,443,0,111,0.0,0.0,0.0,多
2026-06-18,7713,威力德生醫,71.0,71.0,71.0,71.0,1,0,0,0,0,0.0,0.0,0.0,空
2026-06-18,7714,創泓科技,129.5,129.5,126.0,126.5,44,0,5,0,0,0.0,0.0,0.0,空
2026-06-18,7715,裕山,30.0,33.0,30.0,32.4,926,0,67,0,1,0.0,0.0,0.0,多
2026-06-18,7716,昱臺國際,0.0,0.0,0.0,0.0,0,0,0,0,0,0.0,0.0,0.0,空
2026-06-18,7717,萊德光電-KY,552.0,552.0,539.0,546.0,264,0,-7,0,-1,0.0,0.0,0.0,空
2026-06-18,7718,友鋮,0.0,0.0,0.0,0.0,2,0,0,0,0,0.0,0.0,0.0,空
2026-06-18,7719,碳基,39.54,40.45,39.05,40.15,367,0,16,0,0,0.0,0.0,0.0,空
2026-06-18,7721,微程式,77.9,77.9,75.1,75.1,503,0,-209,0,0,0.0,0.0,0.0,空
2026-06-18,7722,LINEPAY,320.0,328.0,312.0,328.0,385,0,35,0,0,0.0,0.0,0.0,多
2026-06-18,7723,築間,24.5,24.5,23.7,23.8,208,0,-55,0,-3,0.0,0.0,0.0,多
2026-06-18,7724,諾亞克,20.6,20.05,19.0,19.0,51,0,0,0,0,0.0,0.0,0.0,空
2026-06-18,7725,列特博,22.6,0.0,0.0,0.0,0,0,0,0,0,0.0,0.0,0.0,空
2026-06-18,7726,暄達,32.4,32.4,32.4,32.4,0,0,0,0,0,0.0,0.0,0.0,多
2026-06-18,7728,光焱科技,710.0,712.0,705.0,712.0,45,0,4,0,0,0.0,0.0,0.0,空
2026-06-18,7729,仲恩生醫,82.43,84.1,81.6,83.7,221,0,5,0,0,0.0,0.0,0.0,多
2026-06-18,7730,暉盛-創,172.5,185.5,170.5,180.5,138,0,-10,0,0,0.0,0.0,0.0,空
2026-06-18,7731,火星生技*,5.6,5.62,5.48,5.58,941,0,5,0,0,0.0,0.0,0.0,空
2026-06-18,7732,金興精密,35.6,36.8,35.6,36.0,40,0,1,0,0,0.0,0.0,0.0,空
2026-06-18,7734,印能科技,3350.0,3675.0,3300.0,3615.0,294,0,17,31,2,0.0,0.0,0.0,多
2026-06-18,7735,台智雲,210.97,218.0,209.0,210.0,24,0,0,0,0,0.0,0.0,0.0,-
2026-06-18,7736,虎山,72.4,72.7,72.3,72.7,16,0,3,0,0,0.0,0.0,0.0,多
2026-06-18,7737,凱鈿,43.24,43.0,41.75,42.0,9,0,0,0,0,0.0,0.0,0.0,空
2026-06-18,7738,東聯互動,173.0,176.5,172.0,173.5,93,0,16,0,0,0.0,0.0,0.0,多
2026-06-18,7740,熙特爾-創,163.0,163.0,153.0,156.0,635,0,-121,0,0,0.0,0.0,0.0,空
2026-06-18,7742,天弘化,137.82,157.5,140.5,157.5,602,0,0,0,0,0.0,0.0,0.0,多
2026-06-18,7743,金利食安,19.6,19.95,19.55,19.6,14,0,-1,0,0,0.0,0.0,0.0,多
2026-06-18,7744,崴寶,490.0,490.0,482.5,483.0,55,0,0,0,0,0.0,0.0,0.0,多
2026-06-18,7745,紅陽,16.5,17.2,16.4,16.4,8,0,0,0,0,0.0,0.0,0.0,多
2026-06-18,7747,昕奇雲端,125.0,127.5,125.0,127.5,5,0,1,0,0,0.0,0.0,0.0,多
2026-06-18,7748,鑫囍創業,19.75,19.8,18.85,19.8,2,0,0,0,0,0.0,0.0,0.0,多
2026-06-18,7749,意騰-KY,492.0,505.0,484.5,484.5,402,0,6,0,-2,0.0,0.0,0.0,空
2026-06-18,7750,新代,2235.0,2370.0,2220.0,2370.0,307,0,79,2,0,0.0,0.0,0.0,空
2026-06-18,7751,竑騰,1470.0,1530.0,1455.0,1485.0,248,0,-35,0,3,0.0,0.0,0.0,多
2026-06-18,7752,世紀樺欣,35.94,36.75,35.0,36.75,89,0,0,0,0,0.0,0.0,0.0,多
2026-06-18,7753,星亞,41.5,41.95,40.8,41.45,46,0,-1,0,0,0.0,0.0,0.0,空
2026-06-18,7754,安基生技,58.96,59.4,58.7,59.2,112,0,0,0,0,0.0,0.0,0.0,多
2026-06-18,7756,多那之,37.81,38.35,36.45,38.35,1,0,0,0,0,0.0,0.0,0.0,空
2026-06-18,7757,金色三麥,101.0,101.5,100.0,100.0,29,0,-4,0,0,0.0,0.0,0.0,空
2026-06-18,7758,睿騰能源,46.26,49.75,45.6,47.45,86,0,0,0,0,0.0,0.0,0.0,多
2026-06-18,7759,視航生醫,29.71,30.1,28.5,28.5,35,0,0,0,0,0.0,0.0,0.0,空
2026-06-18,7760,享溫馨,32.75,34.1,32.75,33.6,165,0,5,0,-26,0.0,0.0,0.0,多
2026-06-18,7761,三大未來,39.04,40.15,39.0,40.1,206,0,-3,0,0,0.0,0.0,0.0,多
2026-06-18,7762,吉晟生,49.97,50.9,49.75,50.7,34,0,0,0,0,0.0,0.0,0.0,空
2026-06-18,7763,崇舜,183.12,191.0,181.0,187.0,128,0,3,0,0,0.0,0.0,0.0,多
2026-06-18,7764,聖州,12.6,12.9,12.5,12.85,76,0,0,0,0,0.0,0.0,0.0,多
2026-06-18,7765,中華資安,241.0,242.0,236.5,238.0,199,0,-44,0,-7,0.0,0.0,0.0,空
2026-06-18,7767,仁大資訊,42.2,42.7,42.2,42.7,12,0,3,0,0,0.0,0.0,0.0,多
2026-06-18,7768,頌勝科技,380.0,380.0,367.0,373.0,147,0,-31,0,-3,0.0,0.0,0.0,空
2026-06-18,7769,鴻勁,7330.0,7410.0,6950.0,6975.0,1432,0,-270,-139,0,0.0,0.0,0.0,空
2026-06-18,7770,君曜,42.0,43.4,42.0,42.2,15,0,-1,0,-3,0.0,0.0,0.0,空
2026-06-18,7771,綠基,52.23,52.2,50.2,52.0,25,0,0,0,0,0.0,0.0,0.0,多
2026-06-18,7772,耀穎,141.0,144.0,140.0,144.0,106,0,29,0,0,0.0,0.0,0.0,空
2026-06-18,7773,富禾生醫,29.03,29.4,28.15,29.35,4,0,0,0,0,0.0,0.0,0.0,空
2026-06-18,7776,奧孟亞,23.76,25.2,22.5,24.7,147,0,0,0,0,0.0,0.0,0.0,多
2026-06-18,7777,能率亞洲,44.55,44.55,42.0,42.2,6102,0,-981,0,-65,0.0,0.0,0.0,多
2026-06-18,7779,鍇睿國際,12.8,12.65,12.65,12.65,1,0,0,0,0,0.0,0.0,0.0,多
2026-06-18,7780,大研生醫*,19.4,19.55,19.15,19.2,3210,0,170,0,1,0.0,0.0,0.0,多
2026-06-18,7781,昕力資*,29.05,29.25,28.9,29.15,1453,0,0,0,0,0.0,0.0,0.0,空
2026-06-18,7782,光速火箭,28.9,28.9,27.1,28.15,42,0,-5,0,0,0.0,0.0,0.0,多
2026-06-18,7783,佳運,85.29,87.0,83.8,84.0,13,0,-1,0,0,0.0,0.0,0.0,空
2026-06-18,7784,安邦生技*,11.56,12.05,11.3,11.3,635,0,0,0,0,0.0,0.0,0.0,空
2026-06-18,7785,北祥科服,36.3,37.0,32.3,32.3,36,0,0,0,0,0.0,0.0,0.0,多
2026-06-18,7786,東方風能,129.0,130.0,128.0,130.0,205,0,2,0,5,0.0,0.0,0.0,多
2026-06-18,7788,松川精密,275.5,299.0,270.5,292.0,3647,0,-366,0,28,0.0,0.0,0.0,多
2026-06-18,7789,開展,34.53,40.1,34.0,40.1,31,0,0,0,0,0.0,0.0,0.0,多
2026-06-18,7790,思必瑞特,48.65,49.0,46.6,46.6,1,0,0,0,0,0.0,0.0,0.0,空
2026-06-18,7791,皇家可口,62.5,62.6,62.2,62.6,102,0,-7,0,0,0.0,0.0,0.0,空
2026-06-18,7792,安葆,255.5,263.5,255.5,261.0,108,0,-3,0,6,0.0,0.0,0.0,多
2026-06-18,7794,宏碁智新,31.3,31.7,31.3,31.35,55,0,-1,0,-12,0.0,0.0,0.0,多
2026-06-18,7795,長廣,400.0,413.0,395.0,410.0,344,0,60,0,0,0.0,0.0,0.0,多
2026-06-18,7796,擷發科,90.91,91.7,90.8,91.7,123,0,0,0,0,0.0,0.0,0.0,空
2026-06-18,7797,Q Burger,61.79,62.4,61.5,62.3,4,0,0,0,0,0.0,0.0,0.0,空
2026-06-18,7798,將捷,16.93,17.2,16.7,17.0,133,0,0,0,0,0.0,0.0,0.0,多
2026-06-18,7799,禾榮科,358.5,373.0,358.0,362.0,964,0,-80,-18,59,0.0,0.0,0.0,多
2026-06-18,7801,華芸科技,129.55,139.0,130.5,138.5,118,0,2,0,0,0.0,0.0,0.0,多
2026-06-18,7803,雲象科技-創,23.0,23.2,22.9,23.0,112,0,8,0,0,0.0,0.0,0.0,多
2026-06-18,7805,威聯通,684.0,692.0,683.0,692.0,59,0,-1,0,0,0.0,0.0,0.0,空
2026-06-18,7806,精華生醫,64.99,65.7,64.7,65.0,5,0,0,0,0,0.0,0.0,0.0,多
2026-06-18,7808,訊聯智藥,36.8,37.3,36.65,36.8,16,0,0,0,0,0.0,0.0,0.0,多
2026-06-18,7810,捷創科技,206.0,210.0,206.0,208.0,37,0,9,0,0,0.0,0.0,0.0,空
2026-06-18,7811,民盛,79.0,79.1,78.7,79.1,5,0,1,0,0,0.0,0.0,0.0,多
2026-06-18,7812,稜研科技*,79.65,84.6,80.3,81.8,109,0,0,0,0,0.0,0.0,0.0,空
2026-06-18,7813,宇辰系統,140.75,142.5,127.5,138.5,88,0,0,0,0,0.0,0.0,0.0,多
2026-06-18,7814,海昌生技,35.24,35.65,35.1,35.5,56,0,0,0,0,0.0,0.0,0.0,空
2026-06-18,7815,新特,362.47,363.5,346.5,350.5,176,0,0,0,0,0.0,0.0,0.0,空
2026-06-18,7816,來穎,63.48,64.5,63.5,64.2,14,0,0,0,0,0.0,0.0,0.0,空
2026-06-18,7818,溢泰實業,61.3,62.4,61.1,62.2,429,0,34,0,0,0.0,0.0,0.0,多
2026-06-18,7819,精誠金融,43.0,43.45,42.75,43.15,75,0,-9,0,0,0.0,0.0,0.0,多
2026-06-18,7820,立盈,118.0,119.0,118.0,118.0,17,0,-2,0,0,0.0,0.0,0.0,多
2026-06-18,7821,神數,44.15,44.15,43.8,43.9,152,0,-63,0,10,0.0,0.0,0.0,多
2026-06-18,7822,倍利科,1170.0,1175.0,1140.0,1165.0,245,0,21,0,0,0.0,0.0,0.0,多
2026-06-18,7823,奧義賽博-KY創,82.4,82.5,82.0,82.1,12,0,-1,0,2,0.0,0.0,0.0,空
2026-06-18,7824,智寶,44.02,45.7,44.0,45.0,4,0,0,0,0,0.0,0.0,0.0,空
2026-06-18,7825,和亞智慧,93.05,97.0,93.2,95.0,32,0,0,0,0,0.0,0.0,0.0,空
2026-06-18,7826,極風雲創,41.9,41.95,41.95,41.95,0,0,0,0,0,0.0,0.0,0.0,多
2026-06-18,7827,漢康-KY創,165.0,168.0,161.0,164.5,463,0,-5,0,2,0.0,0.0,0.0,多
2026-06-18,7828,創新服務,2100.0,2110.0,1980.0,2000.0,96,0,4,0,-6,0.0,0.0,0.0,多
2026-06-18,7829,思捷優達-KY,40.6,41.5,37.65,41.5,80,0,3,0,0,0.0,0.0,0.0,空
2026-06-18,7831,捷博,35.95,0.0,0.0,0.0,0,0,0,0,0,0.0,0.0,0.0,空
2026-06-18,7832,智新生技*,11.14,11.55,11.1,11.4,121,0,0,0,0,0.0,0.0,0.0,多
2026-06-18,7833,綠岩能源,24.86,24.95,23.75,24.35,43,0,0,0,0,0.0,0.0,0.0,空
2026-06-18,7834,來毅數位,17.6,0.0,0.0,0.0,0,0,0,0,0,0.0,0.0,0.0,空
2026-06-18,7836,智生活,50.92,51.1,51.1,51.1,3,0,0,0,0,0.0,0.0,0.0,空
2026-06-18,7837,啟新生,92.95,94.0,92.0,92.0,2,0,0,0,0,0.0,0.0,0.0,多
2026-06-18,7839,達人網,47.3,48.3,47.1,47.2,58,0,0,0,0,0.0,0.0,0.0,空
2026-06-18,7840,祥圃,36.5,36.5,36.5,36.5,3,0,0,0,0,0.0,0.0,0.0,多
2026-06-18,7841,經貿聯網,27.76,28.15,27.7,28.15,8,0,0,0,0,0.0,0.0,0.0,多
2026-06-18,7842,天能綠電,100.5,101.5,100.5,101.0,16,0,6,0,0,0.0,0.0,0.0,多
2026-06-18,7843,英柏得,134.13,135.5,131.5,135.5,74,0,0,0,0,0.0,0.0,0.0,空
2026-06-18,7846,德揚,65.89,67.9,65.4,67.5,17,0,0,0,0,0.0,0.0,0.0,多
2026-06-18,7847,豊漁,20.06,20.15,19.9,20.0,43,0,0,0,0,0.0,0.0,0.0,空
2026-06-18,7848,騏億鑫,430.3,435.5,401.0,411.5,118,0,-40,0,0,0.0,0.0,0.0,空
2026-06-18,7849,旭誼,164.46,171.0,164.0,169.0,1,0,0,0,0,0.0,0.0,0.0,空
2026-06-18,7850,寶泰生醫,16.46,16.7,15.7,16.1,238,0,50,0,0,0.0,0.0,0.0,空
2026-06-18,7851,慧康生技*-KY,34.55,34.55,33.1,34.2,21,0,0,0,0,0.0,0.0,0.0,空
2026-06-18,7853,政美應用,320.77,336.5,321.0,328.0,349,0,2,0,0,0.0,0.0,0.0,空
2026-06-18,7854,佐茂,86.71,89.0,83.6,88.4,40,0,0,0,0,0.0,0.0,0.0,空
2026-06-18,7855,和運租車,100.75,101.5,101.5,101.5,0,0,0,0,0,0.0,0.0,0.0,多
2026-06-18,7856,漢測,3542.65,4160.0,3640.0,4135.0,697,0,94,0,0,0.0,0.0,0.0,多
2026-06-18,7857,合水先進,49.4,49.4,47.05,49.4,11,0,0,0,0,0.0,0.0,0.0,多
2026-06-18,7858,芝普,169.72,172.5,167.0,170.0,43,0,0,0,0,0.0,0.0,0.0,空
2026-06-18,7860,得生製藥,63.0,63.0,63.0,63.0,0,0,0,0,0,0.0,0.0,0.0,多
2026-06-18,7861,貝爾威勒,1195.66,1250.0,1185.0,1245.0,64,0,-4,0,0,0.0,0.0,0.0,空
2026-06-18,7862,聚泰,29.82,30.4,29.7,30.25,21,0,0,0,0,0.0,0.0,0.0,多
2026-06-18,7863,中科物流,45.03,46.6,44.35,46.6,1,0,0,0,0,0.0,0.0,0.0,多
2026-06-18,7865,金聯成,58.79,60.0,55.1,56.5,105,0,0,0,0,0.0,0.0,0.0,空
2026-06-18,7866,丹立,202.21,217.5,203.0,217.5,381,0,0,0,0,0.0,0.0,0.0,空
2026-06-18,7867,特力屋,54.86,55.2,54.2,55.0,20,0,0,0,0,0.0,0.0,0.0,空
2026-06-18,7868,聖育,69.03,72.3,69.8,70.7,47,0,0,0,0,0.0,0.0,0.0,空
2026-06-18,7869,宏于電機,391.4,402.0,402.0,402.0,0,0,0,0,0,0.0,0.0,0.0,多
2026-06-18,7870,聯剛科技,152.79,160.5,153.5,160.5,8,0,0,0,0,0.0,0.0,0.0,空
2026-06-18,7871,安立璽榮-KY,70.66,73.5,70.1,71.0,448,0,1,0,0,0.0,0.0,0.0,空
2026-06-18,7872,登豐,50.25,62.9,49.8,62.9,366,0,12,0,0,0.0,0.0,0.0,多
2026-06-18,7873,瑞峰,207.71,224.5,207.5,214.5,473,0,0,0,0,0.0,0.0,0.0,-
2026-06-18,7875,安圖斯,143.36,145.0,130.5,132.0,10,0,0,0,0,0.0,0.0,0.0,空
2026-06-18,7876,鼎晉生技,35.91,36.35,35.5,36.35,67,0,0,0,0,0.0,0.0,0.0,多
2026-06-18,7877,海利普,40.85,42.5,40.25,42.0,153,0,0,0,0,0.0,0.0,0.0,多
2026-06-18,7878,藥祇,244.83,250.0,238.5,250.0,207,0,0,0,0,0.0,0.0,0.0,空
2026-06-18,7879,益材科技,99.79,102.5,100.0,102.5,198,0,1,0,0,0.0,0.0,0.0,空
2026-06-18,7880,聖凰,168.59,169.0,165.0,166.5,81,0,0,0,0,0.0,0.0,0.0,空
2026-06-18,7881,科明,99.03,99.8,95.2,96.6,26,0,0,0,0,0.0,0.0,0.0,空
2026-06-18,7882,倍利創投,20.0,20.2,19.85,20.1,217,0,0,0,0,0.0,0.0,0.0,空
2026-06-18,7883,饗賓,250.79,257.0,247.0,248.0,33,0,0,0,0,0.0,0.0,0.0,空
2026-06-18,7885,宏羚,27.18,27.05,26.55,27.05,21,0,0,0,0,0.0,0.0,0.0,空
2026-06-18,7886,科建,156.49,158.5,145.5,151.5,148,0,1,0,0,0.0,0.0,0.0,空
2026-06-18,7887,宇川精材,174.3,184.0,176.0,180.0,662,0,0,0,0,0.0,0.0,0.0,空
2026-06-18,7888,麗寶新藥,35.87,35.25,33.7,34.65,58,0,0,0,0,0.0,0.0,0.0,空
2026-06-18,7889,騰勢,79.93,79.9,79.0,79.0,4,0,0,0,0,0.0,0.0,0.0,多
2026-06-18,7890,明曜科技,112.01,114.0,112.0,114.0,5,0,0,0,0,0.0,0.0,0.0,多
2026-06-18,7891,博研醫藥,24.22,25.0,24.3,24.5,24,0,0,0,0,0.0,0.0,0.0,多
2026-06-18,7892,元鈦科,805.54,837.0,802.0,830.0,103,0,0,0,0,0.0,0.0,0.0,空
2026-06-18,7893,睿信,197.47,200.0,195.5,200.0,10,0,0,0,0,0.0,0.0,0.0,多
2026-06-18,7895,元進莊,68.88,70.0,67.5,68.0,70,0,0,0,0,0.0,0.0,0.0,空
2026-06-18,7896,喬越,211.51,217.5,210.0,211.0,5,0,0,0,0,0.0,0.0,0.0,空
2026-06-18,7897,禾迅綠電,42.4,42.4,39.5,40.9,21,0,0,0,0,0.0,0.0,0.0,空
2026-06-18,7898,乾瞻,546.47,570.0,548.0,552.0,74,0,0,0,0,0.0,0.0,0.0,-
2026-06-18,7899,景美,488.49,540.0,484.5,533.0,484,0,9,0,0,0.0,0.0,0.0,多
2026-06-18,7901,大大寬頻,73.2,74.0,71.6,74.0,14,0,0,0,0,0.0,0.0,0.0,多
2026-06-18,7902,宇越生醫*,31.63,33.0,31.35,32.85,177,0,0,0,0,0.0,0.0,0.0,空
2026-06-18,7904,任開數位,17.55,0.0,0.0,0.0,0,0,0,0,0,0.0,0.0,0.0,空
2026-06-18,7907,錸恩帕斯,235.4,245.5,230.0,241.0,52,0,0,0,0,0.0,0.0,0.0,多
2026-06-18,7909,鈺祥,636.22,669.0,635.0,668.0,79,0,0,0,0,0.0,0.0,0.0,多
2026-06-18,7911,阿波羅電力,167.41,174.0,165.0,174.0,226,0,0,0,0,0.0,0.0,0.0,多
2026-06-18,7912,新聿科,452.04,488.5,454.0,479.5,53,0,0,0,0,0.0,0.0,0.0,多
2026-06-18,7913,通寶半導體,331.87,340.0,328.0,333.5,53,0,0,0,0,0.0,0.0,0.0,-
2026-06-18,7915,廌家,479.3,494.0,450.0,477.5,66,0,0,0,0,0.0,0.0,0.0,空
2026-06-18,7918,創鉅材料,1489.8,1500.0,1345.0,1395.0,231,0,-27,0,0,0.0,0.0,0.0,多
2026-06-18,7919,禾蒼,58.53,58.3,53.1,56.3,172,0,0,0,0,0.0,0.0,0.0,多
2026-06-18,7920,瀚陽*,12.29,13.75,12.1,13.65,1856,0,-55,0,0,0.0,0.0,0.0,-
2026-06-18,7921,台普威,105.71,110.0,105.5,108.0,61,0,2,0,0,0.0,0.0,0.0,-
2026-06-18,7922,源點*,106.69,108.0,105.0,108.0,7,0,0,0,0,0.0,0.0,0.0,-
2026-06-18,7926,中華立鼎,604.55,720.0,603.0,690.0,362,0,0,0,0,0.0,0.0,0.0,-
2026-06-18,7927,,254.13,272.0,206.5,220.0,254,0,0,0,0,0.0,0.0,0.0,-
2026-06-18,8011,台通,18.6,18.6,17.9,18.0,1447,0,-230,0,-2,0.0,0.0,0.0,多
2026-06-18,8016,矽創,301.0,305.0,298.0,300.5,2605,0,-12,-10,9,0.0,0.0,0.0,空
2026-06-18,8021,尖點,554.0,554.0,531.0,543.0,1188,0,234,0,18,0.0,0.0,0.0,多
2026-06-18,8024,佑華,12.35,12.35,12.1,12.25,54,0,0,0,0,0.0,0.0,0.0,空
2026-06-18,8027,鈦昇,250.0,250.0,240.0,241.0,1515,0,52,0,60,0.0,0.0,0.0,空
2026-06-18,8028,昇陽半導體,311.0,317.5,305.0,311.5,7050,0,-1004,-120,55,0.0,0.0,0.0,空
2026-06-18,8032,光菱,48.2,48.75,47.05,47.6,331,0,35,0,0,0.0,0.0,0.0,多
2026-06-18,8033,雷虎,128.0,130.0,125.5,129.5,2842,0,546,0,-16,0.0,0.0,0.0,空
2026-06-18,8034,榮群,23.65,23.7,23.3,23.4,259,0,-19,0,0,0.0,0.0,0.0,空
2026-06-18,8038,長園科,40.3,41.9,40.25,40.8,363,0,78,0,0,0.0,0.0,0.0,空
2026-06-18,8039,台虹,147.0,149.0,143.5,145.5,5310,0,-1186,0,-60,0.0,0.0,0.0,空
2026-06-18,8040,九暘,94.1,97.2,94.1,94.8,732,0,48,0,0,0.0,0.0,0.0,空
2026-06-18,8042,金山電,195.0,198.0,189.5,195.0,1882,0,18,0,45,0.0,0.0,0.0,多
2026-06-18,8043,蜜望實,219.0,239.5,218.5,226.5,34613,0,-1304,0,-6,0.0,0.0,0.0,多
2026-06-18,8044,網家,29.05,31.15,29.05,31.15,3162,0,1090,0,8,0.0,0.0,0.0,空
2026-06-18,8045,達運光電,61.5,63.2,61.1,61.1,87,0,0,0,0,0.0,0.0,0.0,空
2026-06-18,8046,南電,900.0,912.0,874.0,874.0,17762,0,-5808,4790,120,0.0,0.0,0.0,空
2026-06-18,8047,星雲,49.0,49.55,49.0,49.45,24,0,3,0,0,0.0,0.0,0.0,多
2026-06-18,8048,德勝,65.3,66.4,65.1,66.3,317,0,72,0,4,0.0,0.0,0.0,多
2026-06-18,8049,晶采,27.6,27.85,27.5,27.7,346,0,47,0,0,0.0,0.0,0.0,多
2026-06-18,8050,廣積,55.1,56.0,55.0,55.7,691,0,210,0,0,0.0,0.0,0.0,空
2026-06-18,8054,安國,100.5,104.5,99.9,103.5,1992,0,664,0,8,0.0,0.0,0.0,空
2026-06-18,8058,耐特,94.58,95.0,92.7,93.4,164,0,0,0,0,0.0,0.0,0.0,空
2026-06-18,8059,凱碩,17.35,17.6,16.9,17.1,687,0,42,0,0,0.0,0.0,0.0,空
2026-06-18,8064,東捷,159.0,160.0,153.5,156.0,14754,0,-908,0,-16,0.0,0.0,0.0,空
2026-06-18,8066,來思達,15.65,15.65,15.5,15.55,17,0,2,0,0,0.0,0.0,0.0,多
2026-06-18,8067,志旭,12.7,12.8,12.5,12.8,14,0,0,0,0,0.0,0.0,0.0,空
2026-06-18,8068,全達,19.3,19.5,18.9,19.2,338,0,46,0,0,0.0,0.0,0.0,多
2026-06-18,8069,元太,200.0,211.5,200.0,204.0,11030,0,828,-3,53,0.0,0.0,0.0,空
2026-06-18,8070,長華*,54.5,56.4,54.2,55.0,5728,0,-594,-9,22,0.0,0.0,0.0,空
2026-06-18,8071,能率網通,29.45,29.8,28.4,29.4,4774,0,86,0,0,0.0,0.0,0.0,多
2026-06-18,8072,陞泰,29.2,29.9,29.05,29.4,411,0,34,0,-4,0.0,0.0,0.0,多
2026-06-18,8074,鉅橡,75.2,75.8,73.7,73.9,1447,0,-118,0,-27,0.0,0.0,0.0,多
2026-06-18,8076,伍豐,25.8,26.25,25.45,25.75,1644,0,178,0,3,0.0,0.0,0.0,空
2026-06-18,8077,洛碁,50.8,50.8,49.95,49.95,3,0,0,0,0,0.0,0.0,0.0,空
2026-06-18,8080,永利聯合,28.0,28.95,27.95,28.8,29,0,2,0,0,0.0,0.0,0.0,多
2026-06-18,8080,泰霖,28.0,28.95,27.95,28.8,29,0,2,0,0,0.0,0.0,0.0,多
2026-06-18,8081,致新,295.0,322.0,295.0,319.0,3983,0,18,71,66,0.0,0.0,0.0,多
2026-06-18,8083,瑞穎,171.5,172.5,171.0,172.0,78,0,3,0,0,0.0,0.0,0.0,多
2026-06-18,8084,巨虹,45.65,47.6,45.0,47.2,148,0,61,0,0,0.0,0.0,0.0,空
2026-06-18,8085,福華,13.35,13.5,12.85,12.9,378,0,-132,0,0,0.0,0.0,0.0,空
2026-06-18,8086,宏捷科,162.5,170.5,161.5,166.0,7786,0,1656,0,51,0.0,0.0,0.0,多
2026-06-18,8087,華鎂鑫,33.25,33.35,33.0,33.1,65,0,-11,0,0,0.0,0.0,0.0,空
2026-06-18,8087,麗升能源,33.25,33.35,33.0,33.1,65,0,-11,0,0,0.0,0.0,0.0,空
2026-06-18,8088,品安,66.0,69.9,65.5,69.2,18164,0,-1920,0,0,0.0,0.0,0.0,多
2026-06-18,8089,康全電訊,22.3,22.3,20.95,21.15,555,0,-157,0,0,0.0,0.0,0.0,多
2026-06-18,8091,翔名,260.0,285.0,253.0,281.0,2841,0,-287,0,47,0.0,0.0,0.0,空
2026-06-18,8092,建暐,14.9,14.9,14.6,14.7,25,0,0,0,0,0.0,0.0,0.0,空
2026-06-18,8093,保銳,19.1,19.3,19.1,19.3,28,0,0,0,0,0.0,0.0,0.0,多
2026-06-18,8096,擎亞,150.0,156.5,147.5,155.5,9766,0,-149,0,59,0.0,0.0,0.0,多
2026-06-18,8097,常珵,58.0,60.7,58.0,60.3,112,0,35,0,0,0.0,0.0,0.0,空
2026-06-18,8098,慶康科技,363.76,380.5,364.5,380.0,40,0,0,0,0,0.0,0.0,0.0,多
2026-06-18,8099,大世科,59.6,60.3,59.6,60.2,63,0,-12,0,0,0.0,0.0,0.0,空
2026-06-18,8101,華冠,14.2,14.45,14.2,14.45,4,0,0,0,0,0.0,0.0,0.0,空
2026-06-18,8102,傑霖科技,69.1,72.0,69.1,71.9,43,0,0,0,0,0.0,0.0,0.0,空
2026-06-18,8103,瀚荃,95.0,97.7,94.8,97.1,928,0,26,0,20,0.0,0.0,0.0,空
2026-06-18,8104,錸寶,42.5,43.15,41.4,42.35,7310,0,-725,0,1,0.0,0.0,0.0,空
2026-06-18,8105,凌巨,21.6,22.2,21.3,21.9,16220,0,4156,0,11,0.0,0.0,0.0,多
2026-06-18,8107,大億金茂,12.1,12.2,12.05,12.1,76,0,3,0,0,0.0,0.0,0.0,空
2026-06-18,8109,博大,118.0,123.5,118.0,123.0,364,0,119,-2,0,0.0,0.0,0.0,空
2026-06-18,8110,華東,58.5,60.2,58.2,59.2,15164,0,45,0,-221,0.0,0.0,0.0,空
2026-06-18,8111,立碁,54.7,56.9,54.7,56.2,1445,0,-107,0,56,0.0,0.0,0.0,空
2026-06-18,8112,至上,97.5,99.0,97.2,98.2,16490,0,2706,1,-37,0.0,0.0,0.0,多
2026-06-18,8114,振樺電,212.0,214.0,209.5,212.0,605,0,-114,0,-1,0.0,0.0,0.0,空
2026-06-18,8119,公信,10.08,10.5,9.95,9.96,70,0,3,0,0,0.0,0.0,0.0,空
2026-06-18,8121,越峰,51.9,54.6,48.7,53.4,5986,0,346,0,0,0.0,0.0,0.0,多
2026-06-18,8131,福懋科,75.5,77.0,74.7,75.9,6206,0,239,-1,276,0.0,0.0,0.0,多
2026-06-18,8147,正淩,147.0,150.0,146.5,146.5,285,0,-9,0,0,0.0,0.0,0.0,空
2026-06-18,8150,南茂,95.5,104.0,95.1,104.0,73251,0,15843,326,1098,0.0,0.0,0.0,空
2026-06-18,8155,博智,413.5,413.5,403.5,404.5,1125,0,-224,0,0,0.0,0.0,0.0,多
2026-06-18,8162,微矽電子-創,72.9,79.5,72.9,78.4,1448,0,279,0,-5,0.0,0.0,0.0,空
2026-06-18,8163,達方,44.65,47.8,44.65,44.95,7719,0,129,0,12,0.0,0.0,0.0,多
2026-06-18,8171,天宇,21.8,22.1,21.4,21.55,242,0,-20,0,0,0.0,0.0,0.0,空
2026-06-18,8176,智捷,10.2,10.2,9.99,10.15,295,0,20,0,0,0.0,0.0,0.0,多
2026-06-18,8182,加高,51.0,53.1,50.5,51.0,3032,0,-93,0,-11,0.0,0.0,0.0,多
2026-06-18,8183,精星,32.75,32.95,32.55,32.55,323,0,-38,0,0,0.0,0.0,0.0,多
2026-06-18,8201,無敵,13.95,13.95,13.5,13.5,100,0,-12,0,0,0.0,0.0,0.0,空
2026-06-18,8210,勤誠,1385.0,1385.0,1345.0,1365.0,1146,0,300,-386,0,0.0,0.0,0.0,空
2026-06-18,8213,志超,36.95,37.4,36.65,37.2,602,0,199,0,1,0.0,0.0,0.0,空
2026-06-18,8215,明基材,32.05,33.15,31.15,31.15,9801,0,-749,5,-3,0.0,0.0,0.0,多
2026-06-18,8222,寶一,35.6,35.6,35.05,35.25,273,0,42,0,0,0.0,0.0,0.0,空
2026-06-18,8227,巨有科技,182.5,187.0,182.0,184.5,753,0,-133,0,17,0.0,0.0,0.0,空
2026-06-18,8234,新漢,63.4,64.6,63.1,63.6,385,0,-47,0,-6,0.0,0.0,0.0,空
2026-06-18,8240,華宏,56.6,57.5,56.3,56.9,468,0,42,0,-2,0.0,0.0,0.0,空
2026-06-18,8249,菱光,53.5,53.5,51.9,52.1,686,0,-67,0,0,0.0,0.0,0.0,空
2026-06-18,8255,朋程,191.5,195.0,191.5,195.0,2827,0,320,0,24,0.0,0.0,0.0,空
2026-06-18,8261,富鼎,215.0,215.0,215.0,215.0,2912,0,-77,0,61,0.0,0.0,0.0,多
2026-06-18,8271,宇瞻,210.5,213.5,209.0,211.0,2179,0,-175,0,13,0.0,0.0,0.0,空
2026-06-18,8272,全景軟體,71.5,71.9,70.9,71.5,13,0,0,0,0,0.0,0.0,0.0,空
2026-06-18,8277,商丞,10.6,10.7,9.55,9.55,854,0,130,0,0,0.0,0.0,0.0,空
2026-06-18,8279,生展,96.8,97.1,96.0,97.0,9,0,-1,0,0,0.0,0.0,0.0,多
2026-06-18,8284,三竹,63.8,64.9,63.5,64.8,54,0,0,0,0,0.0,0.0,0.0,多
2026-06-18,8289,泰藝,68.4,70.7,67.0,67.1,2734,0,-312,0,0,0.0,0.0,0.0,空
2026-06-18,8291,尚茂,47.4,47.4,47.4,47.4,9,0,0,0,0,0.0,0.0,0.0,空
2026-06-18,8298,威睿,52.6,56.4,53.5,56.3,57,0,-3,0,0,0.0,0.0,0.0,多
2026-06-18,8299,群聯,2350.0,2535.0,2335.0,2530.0,8181,0,707,72,253,0.0,0.0,0.0,空
2026-06-18,8329,台視,10.35,10.3,10.1,10.15,83,0,0,0,0,0.0,0.0,0.0,多
2026-06-18,8341,日友,79.9,80.7,79.4,79.6,187,0,-35,0,0,0.0,0.0,0.0,多
2026-06-18,8342,益張,91.4,91.4,91.0,91.0,22,0,0,0,0,0.0,0.0,0.0,空
2026-06-18,8345,超秦,53.28,54.7,53.1,53.5,27,0,0,0,0,0.0,0.0,0.0,空
2026-06-18,8349,恒耀,41.65,41.65,40.9,40.95,183,0,0,0,0,0.0,0.0,0.0,空
2026-06-18,8354,冠好,16.45,16.5,16.45,16.45,37,0,2,0,0,0.0,0.0,0.0,空
2026-06-18,8358,金居,657.0,700.0,657.0,700.0,5480,0,1242,-3,478,0.0,0.0,0.0,多
2026-06-18,8359,錢櫃,64.9,65.5,64.6,64.6,33,0,0,0,0,0.0,0.0,0.0,多
2026-06-18,8367,建新國際,40.7,40.7,40.3,40.3,33,0,-10,0,-2,0.0,0.0,0.0,多
2026-06-18,8374,羅昇,91.5,92.2,90.2,91.0,523,0,131,0,2,0.0,0.0,0.0,空
2026-06-18,8383,千附,60.7,61.3,59.9,60.4,845,0,211,0,1,0.0,0.0,0.0,多
2026-06-18,8390,金益鼎,113.5,115.0,113.0,114.0,1046,0,489,0,2,0.0,0.0,0.0,空
2026-06-18,8401,白紗科,22.8,23.1,22.8,23.0,41,0,0,0,0,0.0,0.0,0.0,多
2026-06-18,8403,盛弘,19.45,19.5,19.3,19.35,130,0,-19,0,0,0.0,0.0,0.0,多
2026-06-18,8404,百和興業-KY,16.8,16.95,16.55,16.65,279,0,-121,0,2,0.0,0.0,0.0,空
2026-06-18,8409,商之器,19.05,19.1,19.0,19.1,32,0,0,0,0,0.0,0.0,0.0,多
2026-06-18,8410,森田,32.9,33.05,32.8,32.9,24,0,-6,0,0,0.0,0.0,0.0,空
2026-06-18,8411,福貞-KY,12.25,12.25,12.0,12.15,270,0,10,0,-6,0.0,0.0,0.0,多
2026-06-18,8415,大國鋼,35.05,35.3,34.45,34.45,1204,0,-424,0,15,0.0,0.0,0.0,空
2026-06-18,8416,實威,172.5,172.5,172.0,172.0,9,0,0,0,0,0.0,0.0,0.0,空
2026-06-18,8421,旭源,13.4,13.6,13.0,13.2,175,0,9,0,0,0.0,0.0,0.0,多
2026-06-18,8422,可寧衛,28.6,28.6,28.1,28.1,9757,0,-3784,0,-61,0.0,0.0,0.0,多
2026-06-18,8422,可寧衛*,28.6,28.6,28.1,28.1,9757,0,-3784,0,-61,0.0,0.0,0.0,多
2026-06-18,8423,保綠-KY,17.75,17.75,17.75,17.75,15,0,-1,0,0,0.0,0.0,0.0,多
2026-06-18,8424,惠普,68.8,69.0,68.7,69.0,9,0,0,0,0,0.0,0.0,0.0,空
2026-06-18,8426,紅木-KY,20.6,20.6,20.25,20.35,35,0,3,0,0,0.0,0.0,0.0,空
2026-06-18,8429,金麗-KY,6.75,6.83,6.47,6.51,703,0,30,0,0,0.0,0.0,0.0,多
2026-06-18,8431,匯鑽科,57.7,58.2,56.1,57.6,1040,0,-33,0,-21,0.0,0.0,0.0,多
2026-06-18,8432,東生華,50.2,51.2,50.2,51.2,16,0,-1,0,0,0.0,0.0,0.0,空
2026-06-18,8433,弘帆,53.6,54.0,53.6,54.0,31,0,1,0,0,0.0,0.0,0.0,多
2026-06-18,8435,鉅邁,54.0,54.1,53.9,54.0,14,0,1,0,0,0.0,0.0,0.0,空
2026-06-18,8436,大江,117.5,119.5,117.0,118.0,433,0,186,-3,-1,0.0,0.0,0.0,空
2026-06-18,8437,大地-KY,10.4,10.8,10.35,10.6,92,0,20,0,1,0.0,0.0,0.0,多
2026-06-18,8438,昶昕,89.8,92.8,87.4,92.5,1619,0,92,0,26,0.0,0.0,0.0,多
2026-06-18,8440,綠電,22.05,22.4,22.05,22.25,92,0,10,0,0,0.0,0.0,0.0,空
2026-06-18,8442,威宏-KY,40.2,40.4,40.15,40.3,79,0,14,0,-4,0.0,0.0,0.0,多
2026-06-18,8443,阿瘦,11.35,11.4,11.35,11.4,24,0,0,0,0,0.0,0.0,0.0,多
2026-06-18,8444,綠河-KY,4.4,4.6,4.4,4.6,23,0,0,0,0,0.0,0.0,0.0,空
2026-06-18,8446,華研,88.6,88.8,87.9,87.9,64,0,15,0,0,0.0,0.0,0.0,多
2026-06-18,8450,霹靂,16.1,16.1,15.6,15.9,40,0,0,0,0,0.0,0.0,0.0,多
2026-06-18,8454,富邦媒,321.0,346.5,321.0,341.0,1255,0,-59,-6,17,0.0,0.0,0.0,空
2026-06-18,8455,大拓-KY,31.05,31.6,31.05,31.1,18,0,0,0,0,0.0,0.0,0.0,空
2026-06-18,8458,影一,15.63,15.35,15.0,15.35,8,0,0,0,0,0.0,0.0,0.0,多
2026-06-18,8462,柏文,138.0,140.0,137.5,139.0,233,0,-75,0,0,0.0,0.0,0.0,多
2026-06-18,8463,潤泰材,21.25,21.35,21.05,21.3,97,0,-18,0,1,0.0,0.0,0.0,空
2026-06-18,8464,億豐,345.0,358.0,338.5,358.0,1306,0,-211,204,-12,0.0,0.0,0.0,多
2026-06-18,8466,美吉吉-KY,15.9,15.9,15.5,15.55,82,0,-27,0,-1,0.0,0.0,0.0,多
2026-06-18,8467,波力-KY,129.5,129.5,125.5,125.5,7,0,1,0,0,0.0,0.0,0.0,多
2026-06-18,8472,夠麻吉,86.0,86.0,85.5,85.5,2,0,0,0,0,0.0,0.0,0.0,空
2026-06-18,8473,山林水,50.0,50.7,49.3,50.0,1363,0,-81,0,3,0.0,0.0,0.0,空
2026-06-18,8476,台境,20.15,21.75,20.1,21.75,3430,0,1149,0,2,0.0,0.0,0.0,多
2026-06-18,8476,台境*,20.15,21.75,20.1,21.75,3430,0,1149,0,2,0.0,0.0,0.0,多
2026-06-18,8477,創業家,16.85,17.4,16.85,17.2,56,0,1,0,0,0.0,0.0,0.0,空
2026-06-18,8478,東哥遊艇,153.0,153.5,151.0,151.0,239,0,-63,0,-1,0.0,0.0,0.0,空
2026-06-18,8481,政伸,41.75,42.1,41.75,42.1,6,0,0,0,0,0.0,0.0,0.0,多
2026-06-18,8482,商億-KY,0.0,0.0,0.0,0.0,0,0,0,0,0,0.0,0.0,0.0,空
2026-06-18,8487,愛爾達-創,79.5,79.9,78.6,78.6,25,0,4,0,0,0.0,0.0,0.0,空
2026-06-18,8488,吉源-KY,10.5,10.6,10.5,10.55,11,0,0,0,0,0.0,0.0,0.0,多
2026-06-18,8489,三貝德,22.35,22.35,22.0,22.15,65,0,-2,0,0,0.0,0.0,0.0,多
2026-06-18,8499,鼎炫-KY,304.0,305.0,300.0,304.0,57,0,6,0,0,0.0,0.0,0.0,多
2026-06-18,8905,裕國,29.85,30.2,29.85,30.2,4,0,-1,0,0,0.0,0.0,0.0,多
2026-06-18,8906,花王,31.3,32.15,30.2,31.7,159,0,-27,0,0,0.0,0.0,0.0,多
2026-06-18,8908,欣雄,41.85,42.15,41.75,42.15,175,0,39,0,0,0.0,0.0,0.0,多
2026-06-18,8916,光隆,44.6,44.6,44.3,44.3,162,0,-19,0,0,0.0,0.0,0.0,多
2026-06-18,8917,欣泰,52.3,52.3,52.3,52.3,7,0,2,0,0,0.0,0.0,0.0,空
2026-06-18,8921,沈氏,18.3,18.3,17.8,18.2,7,0,0,0,0,0.0,0.0,0.0,多
2026-06-18,8923,時報,19.45,19.8,19.45,19.8,6,0,0,0,0,0.0,0.0,0.0,多
2026-06-18,8924,大田,56.0,56.4,56.0,56.2,123,0,2,0,0,0.0,0.0,0.0,空
2026-06-18,8926,台汽電,79.7,82.0,78.4,79.0,12774,0,-1086,574,0,0.0,0.0,0.0,多
2026-06-18,8927,北基,20.2,20.5,20.2,20.5,214,0,103,0,0,0.0,0.0,0.0,多
2026-06-18,8928,鉅明,21.1,21.15,21.1,21.1,25,0,-8,0,0,0.0,0.0,0.0,多
2026-06-18,8929,富堡,14.15,14.15,13.9,14.0,33,0,2,0,0,0.0,0.0,0.0,空
2026-06-18,8930,青鋼,27.6,27.75,27.5,27.65,72,0,11,0,0,0.0,0.0,0.0,多
2026-06-18,8931,大汽電,42.1,42.55,42.0,42.2,58,0,3,0,-2,0.0,0.0,0.0,空
2026-06-18,8932,智通*,101.0,102.5,99.5,100.0,2092,0,-439,-2,-29,0.0,0.0,0.0,空
2026-06-18,8933,愛地雅,4.79,4.87,4.67,4.8,392,0,-66,0,0,0.0,0.0,0.0,多
2026-06-18,8935,邦泰,22.35,23.25,22.35,22.75,847,0,197,0,0,0.0,0.0,0.0,空
2026-06-18,8936,國統,55.3,58.8,55.2,58.1,8888,0,1215,-9,0,0.0,0.0,0.0,多
2026-06-18,8937,合騏*,29.5,29.5,28.55,29.2,244,0,-8,0,-5,0.0,0.0,0.0,多
2026-06-18,8938,明安,53.1,53.3,52.9,53.2,219,0,-3,0,0,0.0,0.0,0.0,多
2026-06-18,8940,新天地,16.65,17.2,16.6,17.0,63,0,19,0,5,0.0,0.0,0.0,多
2026-06-18,8941,關中,42.5,43.5,42.5,43.5,10,0,1,0,0,0.0,0.0,0.0,多
2026-06-18,8942,森鉅,41.75,42.8,41.75,42.3,432,0,151,0,-1,0.0,0.0,0.0,多
2026-06-18,8996,高力,1555.0,1660.0,1555.0,1590.0,5947,0,35,1175,-107,0.0,0.0,0.0,多
2026-06-18,8999,台灣積層,37.83,39.0,38.0,38.5,9,0,0,0,0,0.0,0.0,0.0,多
2026-06-18,9103,美德醫療-DR,5.33,5.51,5.24,5.33,1442,0,-370,0,0,0.0,0.0,0.0,空
2026-06-18,9105,泰金寶-DR,9.62,9.8,9.5,9.53,45601,0,-1684,0,-4,0.0,0.0,0.0,空
2026-06-18,9110,越南控-DR,3.4,3.4,3.3,3.4,29,0,0,0,0,0.0,0.0,0.0,空
2026-06-18,9136,巨騰-DR,16.5,16.9,16.25,16.7,1392,0,-124,0,1,0.0,0.0,0.0,空
2026-06-18,9802,鈺齊-KY,78.2,78.6,76.7,77.2,854,0,-143,0,-6,0.0,0.0,0.0,空
2026-06-18,9902,台火,13.9,13.9,13.7,13.7,100,0,16,0,0,0.0,0.0,0.0,空
2026-06-18,9904,寶成,26.5,26.75,26.15,26.15,41161,0,-14774,-3947,1236,0.0,0.0,0.0,多
2026-06-18,9905,大華,21.1,21.2,21.0,21.05,98,0,10,0,-3,0.0,0.0,0.0,多
2026-06-18,9906,欣巴巴,48.05,51.4,46.0,46.8,975,0,-168,0,-2,0.0,0.0,0.0,多
2026-06-18,9907,統一實,16.7,16.85,16.6,16.7,11090,0,1247,-2809,-50,0.0,0.0,0.0,多
2026-06-18,9908,大台北,29.7,29.8,29.55,29.55,343,0,132,0,0,0.0,0.0,0.0,多
2026-06-18,9910,豐泰,72.7,74.3,72.2,72.6,4796,0,581,-807,3,0.0,0.0,0.0,空
2026-06-18,9911,櫻花,83.0,83.2,82.5,82.5,353,0,-179,0,0,0.0,0.0,0.0,空
2026-06-18,9912,偉聯,12.75,12.75,12.5,12.65,25,0,-1,0,-3,0.0,0.0,0.0,多
2026-06-18,9914,美利達,73.0,73.9,72.1,72.1,980,0,-211,0,23,0.0,0.0,0.0,多
2026-06-18,9917,中保科,117.5,118.5,116.5,117.0,1088,0,-445,-11,-1,0.0,0.0,0.0,多
2026-06-18,9918,欣天然,43.1,43.35,43.0,43.1,15,0,0,0,0,0.0,0.0,0.0,空
2026-06-18,9919,康那香,14.1,14.2,14.0,14.0,504,0,51,0,0,0.0,0.0,0.0,多
2026-06-18,9921,巨大,75.4,76.0,73.8,74.1,2128,0,-711,-15,8,0.0,0.0,0.0,多
2026-06-18,9924,福興,40.45,40.85,40.45,40.65,90,0,29,0,0,0.0,0.0,0.0,空
2026-06-18,9925,新保,40.7,40.75,40.65,40.65,276,0,-104,0,-2,0.0,0.0,0.0,多
2026-06-18,9926,新海,49.25,49.25,49.2,49.2,7,0,1,0,0,0.0,0.0,0.0,多
2026-06-18,9927,泰銘,69.2,69.4,69.2,69.4,39,0,2,0,-1,0.0,0.0,0.0,多
2026-06-18,9928,中視,19.0,19.0,18.55,18.6,109,0,0,0,0,0.0,0.0,0.0,多
2026-06-18,9929,秋雨,12.7,12.7,12.7,12.7,3,0,0,0,0,0.0,0.0,0.0,多
2026-06-18,9930,中聯資源,69.8,70.0,69.7,70.0,122,0,3,-1,2,0.0,0.0,0.0,多
2026-06-18,9931,欣高,35.5,35.65,35.1,35.25,36,0,2,0,0,0.0,0.0,0.0,多
2026-06-18,9933,中鼎,43.2,43.8,42.3,42.65,4220,0,-403,-12,12,0.0,0.0,0.0,多
2026-06-18,9934,成霖,10.4,10.45,10.15,10.2,986,0,-94,0,-32,0.0,0.0,0.0,空
2026-06-18,9935,慶豐富,19.4,19.45,19.25,19.3,286,0,-34,0,1,0.0,0.0,0.0,多
2026-06-18,9937,全國,55.8,56.0,55.1,55.5,53,0,-11,0,5,0.0,0.0,0.0,多
2026-06-18,9938,百和,44.6,44.85,44.0,44.0,1332,0,-676,-10,4,0.0,0.0,0.0,空
2026-06-18,9939,宏全,134.0,135.5,133.0,134.0,1065,0,-73,-4,1,0.0,0.0,0.0,多
2026-06-18,9940,信義,20.25,21.0,19.8,19.85,1517,0,51,0,15,0.0,0.0,0.0,多
2026-06-18,9941,裕融,82.0,82.5,81.2,81.4,1392,0,-152,-108,1,0.0,0.0,0.0,多
2026-06-18,9942,茂順,118.5,119.0,118.5,118.5,51,0,-6,0,0,0.0,0.0,0.0,空
2026-06-18,9943,好樂迪,57.9,58.0,57.4,57.6,71,0,0,0,-1,0.0,0.0,0.0,多
2026-06-18,9944,新麗,18.0,18.0,17.6,17.75,116,0,-17,0,2,0.0,0.0,0.0,多
2026-06-18,9945,潤泰新,27.15,27.9,27.05,27.5,17342,0,-1607,696,142,0.0,0.0,0.0,多
2026-06-18,9946,三發地產,20.7,21.85,20.4,20.6,3024,0,14,0,12,0.0,0.0,0.0,多
2026-06-18,9949,琉園,24.1,24.9,24.1,24.5,33,0,0,0,0,0.0,0.0,0.0,多
2026-06-18,9950,萬國通,10.9,10.9,10.5,10.55,148,0,0,0,0,0.0,0.0,0.0,空
2026-06-18,9951,皇田,53.6,53.8,53.4,53.4,63,0,12,0,0,0.0,0.0,0.0,多
2026-06-18,9955,佳龍,27.3,27.4,26.9,26.95,333,0,-87,0,0,0.0,0.0,0.0,空
2026-06-18,9957,燁聯,6.23,6.25,6.0,6.02,1159,0,-7,0,0,0.0,0.0,0.0,空
2026-06-18,9958,世紀鋼,116.0,116.5,113.5,115.0,2599,0,-744,0,19,0.0,0.0,0.0,多
2026-06-18,9960,邁達康,32.0,32.3,32.0,32.0,21,0,2,0,0,0.0,0.0,0.0,空
2026-06-18,9962,有益,9.85,9.86,9.72,9.8,110,0,-1,0,0,0.0,0.0,0.0,多
