date,stock_id,stock_name,open,high,low,close,volume,day_trading_volume,foreign_buy,trust_buy,dealer_buy,foreign_hold_ratio,foreign_remain_ratio,foreign_limit_ratio
2026-05-13,0050,元大台灣50,94.85,95.8,94.7,95.5,130654,13222,-52953,0,-15907,3.13,96.86,100.0
2026-05-13,0051,元大中型100,133.9,133.9,131.85,133.75,76,4,0,0,0,0.45,99.54,100.0
2026-05-13,0052,富邦科技,55.8,56.35,55.6,56.15,33153,6238,-447,-100,-4391,1.96,98.03,100.0
2026-05-13,0053,元大電子,218.9,221.7,218.75,221.4,26,4,0,0,4,0.74,99.25,100.0
2026-05-13,0055,元大MSCI金融,33.47,33.75,33.36,33.75,178,8,-3,0,45,0.69,99.3,100.0
2026-05-13,0056,元大高股息,44.98,45.26,44.73,45.15,70167,9623,5339,0,20426,1.06,98.93,100.0
2026-05-13,0057,富邦摩台,282.2,293.3,282.2,293.3,54,1,-3,0,6,5.76,94.23,100.0
2026-05-13,0061,元大寶滬深,25.3,25.44,25.23,25.42,446,3,15,0,345,4.5,95.49,100.0
2026-05-13,1101,台泥,24.95,25.0,24.7,24.7,24957,3806,-13902,0,70,16.14,83.85,100.0
2026-05-13,1102,亞泥,34.45,35.5,34.45,35.3,9747,2585,3161,-391,-290,16.38,83.61,100.0
2026-05-13,1103,嘉泥,13.3,13.3,13.15,13.2,405,18,-119,0,-1,4.59,95.4,100.0
2026-05-13,1104,環泥,28.05,28.45,27.9,28.05,1113,225,-323,0,0,15.69,84.3,100.0
2026-05-13,1108,幸福,14.2,14.2,14.05,14.1,648,13,-115,0,0,1.27,98.72,100.0
2026-05-13,1109,信大,15.3,15.4,15.1,15.4,84,5,-6,0,0,2.38,97.61,100.0
2026-05-13,1110,東泥,14.85,14.95,14.4,14.4,356,107,-28,0,-1,5.88,94.11,100.0
2026-05-13,1201,味全,12.2,12.25,12.1,12.25,345,18,7,0,0,5.08,94.91,100.0
2026-05-13,1203,味王,43.0,43.0,42.6,42.85,20,5,-6,0,0,1.72,98.27,100.0
2026-05-13,1210,大成,52.1,52.5,52.0,52.3,1705,351,158,-107,-4,11.91,88.08,100.0
2026-05-13,1213,大飲,8.96,8.96,8.69,8.7,8,0,0,0,0,0.01,99.98,100.0
2026-05-13,1215,卜蜂,136.0,136.5,134.0,135.5,920,105,-368,14,35,35.82,64.17,100.0
2026-05-13,1216,統一,73.5,75.6,73.2,75.2,24861,3598,13102,1040,-493,32.59,67.4,100.0
2026-05-13,1217,愛之味,9.65,9.68,9.63,9.65,557,23,-210,0,-1,7.58,92.41,100.0
2026-05-13,1218,泰山,18.9,18.9,18.8,18.9,369,27,-28,0,0,4.1,95.89,100.0
2026-05-13,1219,福壽,13.2,13.2,13.0,13.1,1006,95,-49,0,-1,5.63,94.36,100.0
2026-05-13,1220,台榮,12.2,12.3,12.2,12.25,57,1,-7,0,0,7.18,92.81,100.0
2026-05-13,1225,福懋油,31.45,31.7,31.35,31.5,122,26,13,0,-16,1.38,98.61,100.0
2026-05-13,1227,佳格,28.85,28.85,28.7,28.8,1064,89,-335,0,-4,5.66,94.33,100.0
2026-05-13,1229,聯華,40.15,40.5,39.7,40.3,4180,403,121,0,-9,9.2,90.79,100.0
2026-05-13,1231,聯華食,86.6,86.6,85.2,86.1,443,102,-77,0,0,2.73,97.26,100.0
2026-05-13,1232,大統益,148.0,148.5,147.5,148.0,96,5,-14,0,-1,2.62,97.37,100.0
2026-05-13,1233,天仁,28.7,28.8,28.6,28.7,23,0,-2,0,0,5.61,94.38,100.0
2026-05-13,1234,黑松,34.85,34.85,34.5,34.5,275,12,-37,0,-1,4.81,95.18,100.0
2026-05-13,1235,興泰,43.6,44.15,42.65,42.65,22,5,-4,0,1,0.26,99.73,100.0
2026-05-13,1236,宏亞,25.0,25.15,24.4,24.55,79,9,-11,0,2,0.46,99.53,100.0
2026-05-13,1240,茂生農經,57.4,58.4,57.4,58.1,41,17,-9,0,0,3.65,96.34,100.0
2026-05-13,1256,鮮活果汁-KY,199.0,199.0,187.5,191.0,316,163,-33,0,-3,4.74,95.25,100.0
2026-05-13,1259,安心,0.0,0.0,0.0,0.0,0,0,0,0,0,26.11,73.88,100.0
2026-05-13,1260,富味鄉,24.68,25.15,24.5,24.9,69,0,4,0,0,0.0,0.0,0.0
2026-05-13,1264,德麥,273.0,274.0,271.5,271.5,86,3,21,0,-57,1.69,98.3,100.0
2026-05-13,1268,漢來美食,160.0,160.0,159.0,159.0,22,2,0,0,0,1.55,98.44,100.0
2026-05-13,1269,乾杯,70.7,70.3,65.6,68.8,26,0,0,0,0,0.0,0.0,0.0
2026-05-13,1271,晨暉生技,67.85,67.3,64.7,66.0,167,0,0,0,0,0.0,0.0,0.0
2026-05-13,1293,利統,26.95,28.0,28.0,28.0,0,0,0,0,0,0.0,0.0,0.0
2026-05-13,1294,漢田生技,78.5,78.9,78.3,78.4,21,2,-3,0,0,0.66,99.33,100.0
2026-05-13,1295,生合,51.0,52.5,51.0,52.0,99,26,31,0,0,1.96,98.03,100.0
2026-05-13,1301,台塑,47.65,47.7,46.85,46.9,15755,4051,-5555,0,89,30.73,69.26,100.0
2026-05-13,1303,南亞,89.7,89.7,85.2,86.5,56632,25177,-13332,-618,-244,33.1,66.89,100.0
2026-05-13,1304,台聚,13.15,13.15,12.7,13.0,5639,1539,-647,0,-34,27.88,72.11,100.0
2026-05-13,1305,華夏,13.5,13.5,12.85,13.0,2728,894,-176,0,3,4.1,95.89,100.0
2026-05-13,1307,三芳,32.05,32.35,31.85,31.85,636,73,-275,-14,-3,6.93,93.06,100.0
2026-05-13,1308,亞聚,13.55,13.7,13.35,13.35,3435,827,-121,0,0,3.93,96.06,100.0
2026-05-13,1309,台達化,17.2,17.3,16.2,16.2,5867,2505,-1538,0,0,2.52,97.47,100.0
2026-05-13,1310,台苯,8.53,8.6,8.35,8.35,4110,831,-243,0,0,4.78,95.21,100.0
2026-05-13,1312,國喬,11.45,11.5,10.9,10.9,9503,1527,-2699,0,-132,4.31,95.68,100.0
2026-05-13,1313,聯成,11.2,11.2,11.05,11.05,3105,937,-227,0,11,5.99,94.0,100.0
2026-05-13,1314,中石化,7.08,7.08,6.98,7.02,20976,3148,-1345,0,0,8.68,91.31,100.0
2026-05-13,1315,達新,61.3,61.7,60.9,61.7,37,1,-5,0,-1,1.3,98.69,100.0
2026-05-13,1316,上曜,11.45,11.45,11.1,11.15,1316,195,-452,0,0,4.28,95.71,100.0
2026-05-13,1319,東陽,79.5,80.3,78.9,80.0,1660,309,-101,-150,-19,7.6,92.39,100.0
2026-05-13,1321,大洋,29.3,29.55,29.15,29.45,131,27,-30,0,0,6.79,93.2,100.0
2026-05-13,1323,永裕,19.35,19.4,19.2,19.2,56,6,-6,0,0,1.45,98.54,100.0
2026-05-13,1324,地球,10.3,10.3,10.2,10.25,76,7,-6,0,0,0.79,99.2,100.0
2026-05-13,1325,恆大,27.2,27.3,26.75,26.85,193,32,8,0,0,1.26,98.73,100.0
2026-05-13,1326,台化,47.0,47.4,46.1,46.1,13784,3279,-3482,0,-117,37.21,62.78,100.0
2026-05-13,1336,台翰,13.8,13.8,13.65,13.65,68,3,-20,0,0,4.41,95.58,100.0
2026-05-13,1337,再生-KY,5.05,5.08,4.95,4.95,358,39,-63,0,0,25.73,74.26,100.0
2026-05-13,1338,廣華-KY,16.45,16.45,15.95,16.0,229,5,-70,0,0,6.21,93.78,100.0
2026-05-13,1339,昭輝,39.8,40.85,39.65,40.7,263,35,32,0,0,1.01,98.98,100.0
2026-05-13,1340,勝悅-KY,5.47,5.59,5.46,5.46,131,11,-50,0,-2,26.6,73.39,100.0
2026-05-13,1341,富林-KY,61.1,61.1,60.9,61.1,7,0,-2,0,0,79.87,20.12,100.0
2026-05-13,1342,八貫,94.3,94.9,93.8,94.3,286,73,64,0,0,30.1,69.89,100.0
2026-05-13,1343,旭東環保,20.83,21.0,20.65,20.95,29,0,0,0,0,0.0,0.0,0.0
2026-05-13,1402,遠東新,26.6,26.8,26.4,26.75,7092,1373,1082,-21,-14,18.12,81.87,100.0
2026-05-13,1409,新纖,16.8,17.0,16.65,16.9,8017,2745,-2187,0,-63,12.84,87.15,100.0
2026-05-13,1410,南染,26.6,27.0,26.6,26.85,53,8,-13,0,0,18.91,81.08,100.0
2026-05-13,1413,宏洲,9.37,9.47,9.37,9.46,16,0,-3,0,0,0.4,99.59,100.0
2026-05-13,1414,東和,16.1,16.35,15.9,15.9,454,151,71,0,1,1.27,98.72,100.0
2026-05-13,1416,廣豐,11.25,11.3,11.15,11.25,243,24,-24,0,0,6.05,93.94,100.0
2026-05-13,1417,嘉裕,8.45,8.45,8.29,8.38,165,15,-4,0,-1,0.99,99.0,100.0
2026-05-13,1418,東華,18.4,18.55,18.4,18.4,4,0,-3,0,0,0.93,99.06,100.0
2026-05-13,1419,新紡,62.3,64.1,61.6,63.8,101,25,-26,0,0,1.18,98.81,100.0
2026-05-13,1423,利華,39.75,40.2,39.75,39.95,7,1,0,0,0,1.23,98.76,100.0
2026-05-13,1432,大魯閣,16.7,16.7,16.5,16.55,277,19,-94,0,0,0.35,99.64,100.0
2026-05-13,1434,福懋,15.7,15.7,15.5,15.55,2387,229,-389,0,-5,7.47,92.52,100.0
2026-05-13,1436,華友聯,48.3,48.3,47.9,48.0,237,44,39,-3,0,4.69,95.3,100.0
2026-05-13,1437,勤益控,28.55,28.6,28.3,28.6,62,8,-10,0,-1,8.0,91.99,100.0
2026-05-13,1438,三地開發,20.5,21.15,20.2,21.0,75,13,4,0,-1,0.42,99.57,100.0
2026-05-13,1439,雋揚,26.35,26.35,26.25,26.25,6,1,-2,0,-3,0.43,99.56,100.0
2026-05-13,1440,南紡,12.05,12.05,11.75,11.85,1958,355,-561,0,7,7.52,92.47,100.0
2026-05-13,1441,大東,9.77,9.81,9.77,9.77,29,0,-2,0,0,1.34,98.65,100.0
2026-05-13,1442,名軒,26.95,26.95,26.55,26.8,188,45,-33,0,0,8.86,91.13,100.0
2026-05-13,1443,立益,26.75,26.95,26.25,26.8,28,7,-2,0,0,0.31,99.68,100.0
2026-05-13,1443,立益物流,26.75,26.95,26.25,26.8,28,7,-2,0,0,0.31,99.68,100.0
2026-05-13,1444,力麗,5.93,5.95,5.88,5.9,1236,0,-492,0,0,5.14,94.85,100.0
2026-05-13,1445,大宇,12.25,12.25,11.9,11.9,104,12,-3,0,3,2.93,97.06,100.0
2026-05-13,1446,宏和,15.75,15.75,15.1,15.1,743,68,26,0,-1,6.17,93.82,100.0
2026-05-13,1447,力鵬,4.99,5.0,4.9,4.9,907,0,-340,0,0,3.22,96.77,100.0
2026-05-13,1449,佳和,13.6,13.7,13.25,13.4,1532,373,-66,0,-20,6.26,93.73,100.0
2026-05-13,1451,年興,17.0,17.05,16.7,16.8,134,7,-38,0,1,5.37,94.62,100.0
2026-05-13,1452,宏益,11.05,11.05,11.0,11.0,76,0,-11,0,0,1.94,98.05,100.0
2026-05-13,1453,大將,11.5,11.5,11.4,11.4,81,6,-8,0,-1,0.57,99.42,100.0
2026-05-13,1454,台富,13.5,13.6,13.3,13.6,66,22,-2,0,0,0.44,99.55,100.0
2026-05-13,1455,集盛,8.06,8.16,8.01,8.11,401,54,43,0,1,2.36,97.63,100.0
2026-05-13,1456,怡華,14.1,14.15,13.85,13.85,103,25,-3,0,-2,0.5,99.49,100.0
2026-05-13,1457,宜進,14.3,14.35,14.25,14.3,62,1,1,0,-1,1.76,98.23,100.0
2026-05-13,1459,聯發,11.95,12.0,11.85,12.0,111,10,-13,0,-1,1.7,98.29,100.0
2026-05-13,1460,宏遠,7.01,7.07,6.94,7.07,800,0,172,0,0,2.05,97.94,100.0
2026-05-13,1463,強盛新,18.05,18.15,18.0,18.15,23,2,2,0,0,11.49,88.5,100.0
2026-05-13,1464,得力,10.4,10.4,10.1,10.15,702,45,-108,0,0,1.75,98.24,100.0
2026-05-13,1465,偉全,12.05,12.15,11.95,12.1,38,5,0,0,0,0.47,99.52,100.0
2026-05-13,1466,聚隆,15.2,15.7,14.5,14.5,384,128,-30,0,19,0.48,99.51,100.0
2026-05-13,1467,南緯,7.14,7.14,7.05,7.12,116,7,-9,0,0,19.21,80.78,100.0
2026-05-13,1468,昶和,12.4,12.4,12.2,12.4,37,0,1,0,0,2.06,97.93,100.0
2026-05-13,1470,大統新創,21.65,21.65,21.5,21.5,4,0,-1,0,0,0.27,99.72,100.0
2026-05-13,1471,首利,10.85,11.15,10.55,10.6,845,0,7,0,0,0.89,99.1,100.0
2026-05-13,1472,三洋實業,90.4,90.5,89.1,89.1,10,0,-5,0,3,0.83,99.16,100.0
2026-05-13,1473,台南,20.6,20.7,20.3,20.5,152,31,-1,0,2,5.31,94.68,100.0
2026-05-13,1474,弘裕,9.97,10.0,9.91,9.99,36,0,-12,0,0,0.6,99.39,100.0
2026-05-13,1475,業旺,27.45,27.45,26.7,27.3,66,0,-20,0,-3,0.44,99.55,100.0
2026-05-13,1476,儒鴻,346.5,350.0,341.5,349.0,881,241,-96,-5,4,30.36,69.63,100.0
2026-05-13,1477,聚陽,228.0,232.0,225.5,229.0,3200,610,-1498,461,25,14.86,85.13,100.0
2026-05-13,1480,東盟開發,9.15,9.45,9.15,9.45,2,0,0,0,0,0.0,0.0,0.0
2026-05-13,1503,士電,203.0,203.5,199.0,201.5,1796,569,76,0,-11,31.31,68.68,100.0
2026-05-13,1504,東元,71.5,73.7,71.0,73.2,14470,4655,2760,0,179,11.77,88.22,100.0
2026-05-13,1506,正道,10.55,10.65,10.35,10.35,344,0,1,0,4,0.55,99.44,100.0
2026-05-13,1512,瑞利,7.14,7.18,7.02,7.03,147,0,-17,0,-5,5.42,94.57,100.0
2026-05-13,1513,中興電,157.0,157.0,154.5,155.5,4179,1012,1,-6,-56,13.88,86.11,100.0
2026-05-13,1514,亞力,122.0,123.5,119.0,120.5,4499,1472,387,0,-142,16.68,83.31,100.0
2026-05-13,1515,力山,23.0,23.0,22.1,22.6,630,142,-336,0,2,4.0,95.99,100.0
2026-05-13,1516,川飛,21.6,21.65,21.0,21.6,153,0,-42,0,-1,5.92,94.07,100.0
2026-05-13,1517,利奇,10.05,10.2,10.05,10.1,313,22,113,0,1,2.46,97.53,100.0
2026-05-13,1519,華城,908.0,924.0,892.0,895.0,3195,1113,-1010,0,-72,21.11,78.88,100.0
2026-05-13,1521,大億,25.25,25.25,25.0,25.2,7,0,-5,0,0,33.02,66.97,100.0
2026-05-13,1522,堤維西,31.4,31.4,30.85,31.1,949,92,-399,0,-22,3.08,96.91,100.0
2026-05-13,1524,耿鼎,29.4,29.6,29.0,29.0,592,149,-45,0,0,1.37,98.62,100.0
2026-05-13,1525,江申,60.2,60.7,59.7,60.0,34,7,6,0,0,0.32,99.67,100.0
2026-05-13,1526,日馳,15.4,15.4,15.1,15.15,126,20,-21,0,1,2.35,97.64,100.0
2026-05-13,1527,鑽全,32.5,32.6,32.2,32.55,438,16,1,0,0,9.94,90.05,100.0
2026-05-13,1528,恩德,26.85,27.0,26.0,26.2,7175,2997,-1531,0,-1,3.23,96.76,100.0
2026-05-13,1529,樂事綠能,22.3,22.3,21.75,21.8,640,118,-111,0,0,1.23,98.76,100.0
2026-05-13,1530,亞崴,26.9,26.9,26.35,26.45,50,20,-5,0,1,0.68,99.31,100.0
2026-05-13,1531,高林股,12.6,12.7,12.55,12.7,156,1,-24,0,3,1.4,98.59,100.0
2026-05-13,1532,勤美,20.4,20.5,20.2,20.45,1013,157,65,0,0,7.35,92.64,100.0
2026-05-13,1533,車王電,33.95,34.35,33.25,33.65,341,62,10,0,4,6.12,93.87,100.0
2026-05-13,1535,中宇,49.15,49.7,49.15,49.4,89,11,-9,0,5,1.12,98.87,100.0
2026-05-13,1536,和大,52.4,52.5,50.8,51.2,2903,644,-1082,0,-101,7.23,92.76,100.0
2026-05-13,1537,廣隆,124.0,126.5,123.5,126.5,141,6,-23,0,1,15.41,84.58,100.0
2026-05-13,1538,正峰,11.15,12.2,10.95,12.2,99,0,4,0,0,0.07,99.92,100.0
2026-05-13,1539,巨庭,15.8,15.8,15.55,15.6,34,1,6,0,-2,0.92,99.07,100.0
2026-05-13,1540,喬福,20.8,20.8,20.5,20.5,205,15,-105,0,-1,1.91,98.08,100.0
2026-05-13,1541,錩泰,22.15,22.3,22.0,22.25,50,7,-2,0,-1,9.79,90.2,100.0
2026-05-13,1558,伸興,91.1,91.1,90.6,90.9,43,2,2,0,0,6.65,93.34,100.0
2026-05-13,1560,中砂,639.0,642.0,615.0,633.0,4090,1543,-1701,2,-72,38.98,61.01,100.0
2026-05-13,1563,巧新,44.1,44.8,43.9,44.2,1096,235,468,0,3,2.44,97.55,100.0
2026-05-13,1565,精華,98.1,98.1,96.5,96.8,305,35,-81,0,0,7.72,92.27,100.0
2026-05-13,1568,倉佑,28.5,29.15,28.5,28.6,245,85,14,0,1,1.87,98.12,100.0
2026-05-13,1569,濱川,54.4,54.4,51.9,52.4,1909,429,-77,0,-40,5.49,94.5,100.0
2026-05-13,1570,力肯,39.1,40.0,38.8,40.0,230,25,37,0,0,2.93,97.06,100.0
2026-05-13,1580,新麥,122.0,123.0,121.5,123.0,101,3,4,0,0,5.19,94.8,100.0
2026-05-13,1582,信錦,89.8,94.2,87.9,92.0,4975,1694,323,660,71,4.64,95.35,100.0
2026-05-13,1583,程泰,47.35,47.9,47.15,47.25,16,4,-2,0,0,0.43,99.56,100.0
2026-05-13,1584,精剛,20.0,20.2,19.75,20.0,765,89,-132,0,0,3.77,96.22,100.0
2026-05-13,1586,和勤,21.6,21.7,21.35,21.7,695,61,2,0,0,1.03,98.92,100.0
2026-05-13,1587,吉茂,29.25,30.1,29.05,29.85,513,138,0,0,0,20.48,79.51,100.0
2026-05-13,1590,亞德客-KY,1480.0,1485.0,1435.0,1480.0,942,240,35,-29,-21,79.59,20.4,100.0
2026-05-13,1591,駿吉-KY,57.5,57.5,54.0,54.0,2263,371,-280,0,0,4.33,95.66,100.0
2026-05-13,1593,祺驊,31.45,31.95,31.3,31.55,36,4,4,0,0,5.95,94.04,100.0
2026-05-13,1594,日高,10.17,11.0,9.5,10.6,167,0,-1,0,0,0.0,0.0,0.0
2026-05-13,1595,川寶,90.1,94.8,88.0,93.2,901,0,-16,0,63,5.5,94.49,100.0
2026-05-13,1597,直得,187.0,189.0,179.5,189.0,1481,0,195,0,16,8.46,91.53,100.0
2026-05-13,1598,岱宇,20.5,20.6,20.15,20.35,253,38,-96,0,-2,1.54,98.45,100.0
2026-05-13,1599,宏佳騰,24.05,24.2,23.9,24.2,53,3,2,0,0,7.2,92.79,100.0
2026-05-13,1603,華電,32.0,32.35,31.9,32.2,189,49,-46,0,-4,2.42,97.57,100.0
2026-05-13,1604,聲寶,22.8,22.95,22.7,22.9,442,10,-82,0,0,7.5,92.49,100.0
2026-05-13,1605,華新,34.5,35.7,34.3,35.2,57385,26242,9568,1145,884,14.31,85.68,100.0
2026-05-13,1608,華榮,34.0,34.15,33.45,33.55,2145,570,-719,-14,-4,3.42,96.57,100.0
2026-05-13,1609,大亞,35.3,35.45,34.3,34.55,4874,1173,-1065,0,-49,12.07,87.92,100.0
2026-05-13,1611,中電,11.6,11.6,11.4,11.45,615,56,-157,0,-8,9.9,90.09,100.0
2026-05-13,1612,宏泰,36.95,37.0,36.55,36.85,557,106,169,-13,0,18.44,81.55,100.0
2026-05-13,1614,三洋電,31.5,31.8,31.5,31.65,28,4,1,0,0,2.27,97.72,100.0
2026-05-13,1615,大山,43.5,43.6,43.0,43.55,178,39,-14,0,0,1.01,98.98,100.0
2026-05-13,1616,億泰,22.55,22.6,22.1,22.1,513,46,-154,0,-1,2.31,97.68,100.0
2026-05-13,1617,榮星,14.9,15.35,14.9,15.2,340,61,-33,0,0,19.53,80.46,100.0
2026-05-13,1618,合機,38.3,38.3,38.0,38.1,397,50,-23,0,-3,0.79,99.2,100.0
2026-05-13,1623,大東電,231.5,231.5,222.5,226.0,255,0,35,0,0,0.35,99.64,100.0
2026-05-13,1626,艾美特-KY,10.6,10.6,10.2,10.55,195,25,87,0,-1,43.65,56.34,100.0
2026-05-13,1702,南僑,33.6,33.6,33.1,33.3,634,35,-50,0,0,8.56,91.43,100.0
2026-05-13,1707,葡萄王,110.0,110.0,108.5,109.5,341,20,-119,0,0,14.29,85.7,100.0
2026-05-13,1708,東鹼,41.35,42.35,41.1,41.6,3175,911,433,0,40,16.86,83.13,100.0
2026-05-13,1709,和益,18.6,18.65,18.45,18.45,553,77,179,0,-1,3.28,96.71,100.0
2026-05-13,1710,東聯,12.3,12.4,12.0,12.0,2950,492,-917,0,46,4.48,95.51,100.0
2026-05-13,1711,永光,53.0,55.2,51.2,51.3,19710,8026,-3608,0,33,4.3,95.69,100.0
2026-05-13,1712,興農,41.3,41.45,41.15,41.45,820,72,-124,0,-2,15.25,84.74,100.0
2026-05-13,1713,國化,47.9,47.9,47.1,47.1,129,25,-26,0,0,1.05,98.94,100.0
2026-05-13,1714,和桐,10.15,10.15,9.88,9.89,6931,1440,-46,0,-51,21.44,78.55,100.0
2026-05-13,1717,長興,82.0,82.5,79.7,80.4,32192,13466,-7430,-6,-340,11.08,88.91,100.0
2026-05-13,1718,中纖,6.71,6.71,6.47,6.51,5416,869,-1038,0,-20,5.66,94.33,100.0
2026-05-13,1720,生達,61.8,62.1,61.3,61.6,406,138,-68,0,0,5.01,94.98,100.0
2026-05-13,1721,三晃,33.7,36.0,32.85,34.75,17015,0,1443,0,-113,3.53,96.46,100.0
2026-05-13,1722,台肥,47.0,47.25,46.7,46.7,2859,480,-438,0,-9,7.48,92.51,100.0
2026-05-13,1723,中碳,81.0,81.3,80.1,80.2,457,68,-61,0,10,8.04,91.95,100.0
2026-05-13,1725,元禎,32.3,33.1,31.5,31.6,173,49,-15,0,1,0.31,99.68,100.0
2026-05-13,1726,永記,76.2,76.6,75.9,76.2,34,3,-8,0,0,12.93,87.06,100.0
2026-05-13,1727,中華化,79.6,85.0,78.6,80.0,22144,13101,-3331,0,30,3.93,96.06,100.0
2026-05-13,1730,花仙子,52.9,53.0,52.7,52.8,23,0,-2,0,0,6.76,93.23,100.0
2026-05-13,1731,美吾華,21.6,21.6,21.55,21.55,107,1,-31,0,0,1.15,98.84,100.0
2026-05-13,1732,毛寶,26.8,26.8,26.1,26.15,155,18,34,0,0,2.45,97.54,100.0
2026-05-13,1733,五鼎,28.65,28.85,28.5,28.75,149,14,-13,0,1,3.63,96.36,100.0
2026-05-13,1734,杏輝,30.85,30.85,29.8,30.8,481,65,-104,0,0,5.12,94.87,100.0
2026-05-13,1735,日勝化,27.6,28.0,26.75,26.75,614,222,-112,0,1,50.95,49.04,100.0
2026-05-13,1736,喬山,116.5,118.0,114.5,117.5,838,270,-19,0,-14,4.53,95.46,100.0
2026-05-13,1737,臺鹽,31.45,31.6,31.45,31.5,76,2,-28,0,0,8.49,91.5,100.0
2026-05-13,1742,台蠟,15.3,15.6,15.3,15.6,3,0,0,0,0,0.21,99.78,100.0
2026-05-13,1752,南光,33.35,33.45,33.05,33.45,132,6,-8,0,0,1.79,98.2,100.0
2026-05-13,1760,寶齡富錦,62.3,63.0,62.2,62.2,162,27,-56,0,0,11.64,88.35,100.0
2026-05-13,1762,中化生,34.95,37.95,34.5,37.95,830,168,93,0,6,2.2,97.79,100.0
2026-05-13,1773,勝一,178.5,180.5,176.5,179.5,795,238,-1,0,-10,7.98,92.01,100.0
2026-05-13,1776,展宇,16.85,17.0,16.7,17.0,227,1,3,0,-6,0.6,99.39,100.0
2026-05-13,1777,生泰,71.1,71.4,70.9,71.0,15,1,0,0,0,0.96,99.03,100.0
2026-05-13,1780,立弘,31.64,32.0,31.0,31.4,110,0,0,0,0,0.0,0.0,0.0
2026-05-13,1781,合世,10.7,10.7,10.55,10.55,75,4,-2,0,0,0.55,99.44,100.0
2026-05-13,1783,和康生,38.75,38.75,38.4,38.5,93,4,4,0,1,7.22,92.77,100.0
2026-05-13,1784,訊聯,73.0,73.1,72.0,72.5,117,15,19,0,0,3.2,96.79,100.0
2026-05-13,1785,光洋科,157.5,157.5,147.0,154.0,24036,9446,3166,58,-45,21.53,78.46,100.0
2026-05-13,1786,科妍,53.6,54.5,53.3,54.4,178,48,53,0,1,1.51,98.48,100.0
2026-05-13,1788,杏昌,135.0,135.0,134.5,135.0,67,2,-1,0,0,10.88,89.11,100.0
2026-05-13,1789,神隆,19.0,19.45,18.9,19.25,970,207,-20,0,2,1.68,98.31,100.0
2026-05-13,1795,美時,207.0,210.0,203.5,205.5,3719,1029,310,0,-50,53.21,46.78,100.0
2026-05-13,1796,金穎生技,37.0,37.0,36.0,36.0,14,5,-2,0,0,0.79,99.2,100.0
2026-05-13,1799,易威,36.5,38.3,36.2,37.45,142,0,6,0,0,11.7,88.29,100.0
2026-05-13,1802,台玻,70.0,70.1,68.0,68.0,60464,25049,-18637,0,-2400,5.04,94.95,100.0
2026-05-13,1805,寶徠,10.35,10.6,10.2,10.3,120,17,-3,0,-4,0.59,99.4,100.0
2026-05-13,1806,冠軍,8.16,8.16,8.08,8.12,352,18,-116,0,0,9.36,90.63,100.0
2026-05-13,1808,潤隆,31.0,31.0,28.7,28.9,2215,511,-1010,0,0,3.94,96.05,100.0
2026-05-13,1809,中釉,38.8,39.9,37.9,39.0,4833,0,163,0,-164,6.47,93.52,100.0
2026-05-13,1810,和成,18.1,19.1,17.85,18.75,2330,734,393,0,-2,3.63,96.36,100.0
2026-05-13,1813,寶利徠,12.15,12.2,12.15,12.2,20,0,-1,0,0,9.44,90.55,100.0
2026-05-13,1815,富喬,106.5,107.5,105.0,105.5,23193,7940,-3328,-491,-45,19.16,80.83,100.0
2026-05-13,1817,凱撒衛,39.0,40.6,39.0,40.2,302,36,14,0,-2,1.69,98.3,100.0
2026-05-13,1903,士紙,48.5,48.5,48.2,48.3,141,13,-62,0,-2,10.98,89.01,100.0
2026-05-13,1904,正隆,18.3,19.2,18.1,19.0,8157,1375,2581,0,77,8.9,91.09,100.0
2026-05-13,1905,華紙,12.1,12.25,11.95,12.15,3580,761,-951,0,-9,2.34,97.65,100.0
2026-05-13,1906,寶隆,10.8,10.95,10.7,10.7,113,9,-52,0,-1,0.54,99.45,100.0
2026-05-13,1907,永豐餘,23.85,24.5,23.8,24.5,1491,326,351,0,-1,12.04,87.95,100.0
2026-05-13,1909,榮成,9.1,9.14,9.04,9.11,3150,478,-410,0,-1,8.2,91.79,100.0
2026-05-13,2002,中鋼,18.5,18.55,18.3,18.4,41687,6427,-19116,0,-682,12.98,87.01,100.0
2026-05-13,2006,東和鋼鐵,66.2,66.2,65.3,65.5,1793,110,-819,-142,-49,18.4,81.59,100.0
2026-05-13,2007,燁興,7.33,7.33,7.2,7.23,303,0,-12,0,-4,0.63,99.36,100.0
2026-05-13,2008,高興昌,27.5,27.75,27.5,27.7,8,1,-1,0,0,7.68,92.31,100.0
2026-05-13,2009,第一銅,41.9,42.4,41.05,41.25,6558,2650,155,0,52,2.47,97.52,100.0
2026-05-13,2010,春源,23.2,23.2,22.95,23.05,1297,247,-193,0,0,9.08,90.91,100.0
2026-05-13,2012,春雨,15.05,15.1,14.7,14.75,27,6,-13,0,0,1.4,98.59,100.0
2026-05-13,2013,中鋼構,42.6,42.75,42.4,42.65,85,11,-4,0,0,7.07,92.92,100.0
2026-05-13,2014,中鴻,18.35,18.35,17.85,17.95,3918,1262,-112,0,17,4.65,95.34,100.0
2026-05-13,2015,豐興,63.9,63.9,62.5,62.6,181,39,3,-18,-6,12.21,87.78,100.0
2026-05-13,2017,官田鋼,8.89,8.92,8.74,8.92,534,119,77,0,-1,1.67,98.32,100.0
2026-05-13,2020,美亞,22.0,22.15,21.95,22.1,556,9,56,0,0,1.71,98.28,100.0
2026-05-13,2022,聚亨,8.14,8.29,8.14,8.28,940,105,91,0,0,2.74,97.25,100.0
2026-05-13,2023,燁輝,13.9,13.9,13.75,13.9,2609,884,-492,0,-14,4.16,95.83,100.0
2026-05-13,2024,志聯,13.3,13.75,13.3,13.65,35,1,-2,0,0,0.44,99.55,100.0
2026-05-13,2025,千興,12.45,13.2,12.05,12.9,2817,0,31,0,14,0.72,99.27,100.0
2026-05-13,2027,大成鋼,39.05,39.05,37.6,38.1,40973,14277,-12821,0,-516,13.49,86.5,100.0
2026-05-13,2028,威致,17.2,17.25,16.8,16.85,107,25,-22,0,1,0.7,99.29,100.0
2026-05-13,2029,盛餘,20.25,20.4,20.2,20.35,119,5,-22,0,12,66.51,33.48,100.0
2026-05-13,2030,彰源,18.05,18.65,17.6,18.05,5137,2248,-768,0,15,3.13,96.86,100.0
2026-05-13,2031,新光鋼,39.0,39.0,38.4,38.55,1030,88,-580,-15,27,7.75,92.24,100.0
2026-05-13,2032,新鋼,17.3,17.45,16.9,17.15,472,129,-86,0,0,2.09,97.9,100.0
2026-05-13,2033,佳大,15.0,15.0,14.8,15.0,223,64,-24,0,-1,0.88,99.11,100.0
2026-05-13,2034,允強,20.3,20.3,20.0,20.0,1783,87,-1084,0,-5,3.61,96.38,100.0
2026-05-13,2035,唐榮,27.9,27.95,27.75,27.95,35,0,-18,0,0,0.01,99.98,100.0
2026-05-13,2038,海光,14.0,14.0,13.65,13.65,493,39,-168,0,0,1.04,98.95,100.0
2026-05-13,2049,上銀,358.5,371.5,342.5,364.5,10501,6324,-549,151,-54,35.7,64.29,100.0
2026-05-13,2059,川湖,5350.0,5350.0,5005.0,5250.0,419,0,-23,-94,-3,24.61,75.38,100.0
2026-05-13,2061,風青,21.75,22.1,21.05,21.75,1140,639,-1,0,0,2.48,97.51,100.0
2026-05-13,2062,橋椿,20.15,20.15,19.9,19.95,303,23,-62,0,0,7.02,92.97,100.0
2026-05-13,2063,世鎧,25.5,25.5,24.95,25.0,134,0,0,0,0,0.99,99.0,100.0
2026-05-13,2064,晉椿,12.75,12.8,12.55,12.8,33,4,-1,0,0,0.07,99.92,100.0
2026-05-13,2065,世豐,31.65,31.8,31.15,31.7,95,4,-9,0,0,1.32,98.67,100.0
2026-05-13,2066,世德,50.6,50.6,50.6,50.6,160,0,1,0,0,10.01,89.98,100.0
2026-05-13,2067,嘉鋼,6.92,7.13,6.92,7.12,33,0,-3,0,0,11.34,88.65,100.0
2026-05-13,2069,運錩,20.2,20.2,19.8,20.0,384,16,123,0,1,2.26,97.73,100.0
2026-05-13,2070,精湛,68.5,68.6,66.5,66.5,585,224,-50,0,-20,1.88,98.11,100.0
2026-05-13,2071,震南鐵,20.34,20.5,20.1,20.5,40,0,0,0,0,0.0,0.0,0.0
2026-05-13,2072,世紀風電,178.5,178.5,173.5,175.0,523,0,-206,-10,0,1.54,98.45,100.0
2026-05-13,2073,雄順,25.8,26.0,25.6,25.6,11,0,0,0,0,0.04,99.96,100.0
2026-05-13,2101,南港,33.35,33.35,32.25,32.45,3309,423,207,0,-25,5.09,94.9,100.0
2026-05-13,2102,泰豐,18.45,18.55,18.3,18.35,338,30,-81,0,-5,3.07,96.92,100.0
2026-05-13,2103,台橡,21.4,21.9,20.9,21.6,5137,1538,-211,0,115,21.48,78.51,100.0
2026-05-13,2104,國際中橡,10.1,10.15,10.0,10.0,3188,532,-831,0,-1,5.69,94.3,100.0
2026-05-13,2105,正新,31.85,31.9,31.2,31.2,8112,1201,-3377,-34,-268,11.35,88.64,100.0
2026-05-13,2106,建大,17.15,17.15,16.95,17.05,711,54,-222,0,-2,8.49,91.5,100.0
2026-05-13,2107,厚生,25.95,25.95,25.25,25.25,950,66,-133,0,0,6.31,93.68,100.0
2026-05-13,2108,南帝,27.8,28.0,27.25,27.7,992,214,12,0,0,4.9,95.09,100.0
2026-05-13,2109,華豐,14.1,14.1,13.95,14.0,236,6,-44,0,0,15.11,84.88,100.0
2026-05-13,2114,鑫永銓,87.9,88.5,87.7,88.0,87,3,-11,0,0,4.13,95.86,100.0
2026-05-13,2115,六暉-KY,20.7,20.8,20.65,20.75,119,1,-15,0,-2,44.13,55.86,100.0
2026-05-13,2201,裕隆,27.7,27.7,27.25,27.6,2294,466,-419,0,-34,4.63,95.36,100.0
2026-05-13,2204,中華,53.9,53.9,52.5,52.9,3773,385,-2019,-13,0,18.58,81.41,100.0
2026-05-13,2206,三陽工業,58.9,59.1,58.4,58.4,1640,136,-287,-63,19,5.9,94.09,100.0
2026-05-13,2207,和泰車,479.0,479.0,470.0,473.5,571,175,-5,-20,0,21.69,78.3,100.0
2026-05-13,2208,台船,20.05,20.25,19.9,19.95,2963,0,-845,-7,10,9.61,90.38,100.0
2026-05-13,2211,長榮鋼,96.6,96.7,96.1,96.4,709,117,-157,-7,0,3.88,96.11,100.0
2026-05-13,2221,大甲,37.75,41.6,36.65,41.6,1184,295,87,0,0,1.51,98.48,100.0
2026-05-13,2227,裕日車,50.2,50.9,48.8,50.6,161,0,24,0,0,40.36,59.63,100.0
2026-05-13,2228,劍麟,86.0,86.3,85.0,85.5,203,29,0,0,3,3.08,96.91,100.0
2026-05-13,2230,泰茂,31.0,31.0,29.7,29.75,372,106,49,0,-1,7.48,92.51,100.0
2026-05-13,2231,為升,111.0,112.5,110.5,111.5,471,137,-17,0,35,5.64,94.35,100.0
2026-05-13,2233,宇隆,288.0,291.0,286.0,288.0,600,0,-92,0,-44,7.04,92.95,100.0
2026-05-13,2235,謚源,30.4,30.4,30.4,30.4,1,0,0,0,0,0.03,99.96,100.0
2026-05-13,2236,百達-KY,140.0,140.5,135.0,139.0,285,59,-55,0,0,52.75,47.24,100.0
2026-05-13,2237,華德動能,35.5,35.55,34.0,35.5,169,0,0,0,0,0.0,0.0,0.0
2026-05-13,2239,英利-KY,21.8,22.05,21.7,21.75,62,13,-8,0,6,75.39,24.6,100.0
2026-05-13,2241,艾姆勒,33.9,37.65,33.05,33.3,4622,1728,-377,0,-6,9.38,90.61,100.0
2026-05-13,2243,宏旭-KY,22.7,22.7,21.7,21.7,615,150,-223,0,-3,25.7,74.29,100.0
2026-05-13,2245,詠勝昌*,27.7,27.3,27.2,27.3,6,0,0,0,0,0.0,0.0,0.0
2026-05-13,2247,汎德永業,208.0,210.5,207.5,210.5,112,6,26,0,1,4.2,95.79,100.0
2026-05-13,2248,華勝-KY,53.8,55.3,53.8,54.3,40,9,1,0,0,50.29,49.7,100.0
2026-05-13,2249,湧盛,117.88,118.5,115.0,118.0,31,0,0,0,0,0.0,0.0,0.0
2026-05-13,2250,IKKA-KY,63.1,63.1,62.1,62.1,65,9,2,0,0,7.13,92.84,100.0
2026-05-13,2252,為昇科,19.01,20.0,18.9,19.9,97,0,5,0,0,0.0,0.0,0.0
2026-05-13,2254,巨鎧精密-創,60.8,61.0,60.8,61.0,8,1,-1,0,2,23.67,76.32,100.0
2026-05-13,2255,凱銳光電,18.92,18.9,17.7,18.5,79,0,-3,0,0,0.0,0.0,0.0
2026-05-13,2256,歐特明,85.59,84.7,79.6,82.2,474,0,3,0,0,0.0,0.0,0.0
2026-05-13,2258,鴻華先進-創,28.6,29.35,28.2,29.05,629,189,93,0,-32,0.36,99.63,100.0
2026-05-13,2301,光寶科,222.0,225.0,211.5,211.5,45474,12281,-13076,-5641,-1325,40.21,59.78,100.0
2026-05-13,2302,麗正,24.65,26.0,24.65,26.0,17592,4126,-238,0,-60,3.52,96.47,100.0
2026-05-13,2303,聯電,102.0,102.0,94.5,98.4,352973,156529,-46068,18340,-5451,36.69,63.3,100.0
2026-05-13,2305,全友,17.55,17.7,16.45,16.8,3366,1074,-675,0,-79,4.61,95.38,100.0
2026-05-13,2308,台達電,2160.0,2185.0,2140.0,2165.0,7659,2088,575,-119,-164,64.14,35.85,100.0
2026-05-13,2312,金寶,29.0,29.8,28.6,29.1,28173,13227,2757,-640,22,7.12,92.87,100.0
2026-05-13,2313,華通,253.5,258.5,237.0,237.0,94434,31935,-40695,-1355,-2544,23.16,76.83,100.0
2026-05-13,2314,台揚,12.7,13.45,12.7,13.05,247,0,-1,0,0,1.57,98.42,100.0
2026-05-13,2316,楠梓電,140.0,146.0,135.5,142.5,22249,12679,2061,0,-52,35.31,64.68,100.0
2026-05-13,2317,鴻海,246.5,251.0,242.5,251.0,72415,23182,21568,-4065,-153,39.47,60.52,100.0
2026-05-13,2321,東訊,12.85,13.1,12.5,13.1,7,0,0,0,0,0.01,99.98,100.0
2026-05-13,2323,中環,10.55,10.6,10.35,10.45,7370,1616,-3384,0,-9,10.72,89.27,100.0
2026-05-13,2324,仁寶,29.4,31.75,29.4,31.3,116518,38987,47610,-74,1496,38.97,61.02,100.0
2026-05-13,2327,國巨*,410.0,427.5,404.0,420.0,53261,30782,-4993,6080,178,52.58,47.41,100.0
2026-05-13,2328,廣宇,53.1,53.4,51.1,51.5,7754,1575,-1041,0,-473,8.3,91.69,100.0
2026-05-13,2329,華泰,58.6,59.2,56.7,57.2,12022,3278,-4867,0,-514,10.56,89.43,100.0
2026-05-13,2330,台積電,2205.0,2240.0,2205.0,2220.0,43727,9263,-11970,5473,-588,70.53,29.46,100.0
2026-05-13,2331,精英,20.45,20.45,20.05,20.1,2060,347,-372,-7,-34,6.84,93.15,100.0
2026-05-13,2332,友訊,14.0,14.05,13.5,13.65,5126,934,-849,0,17,9.8,90.19,100.0
2026-05-13,2337,旺宏,149.0,168.0,147.0,168.0,239709,122502,40228,9302,456,27.8,72.19,100.0
2026-05-13,2338,光罩,50.0,50.0,48.05,48.6,4755,1137,-1851,0,-59,3.3,96.69,100.0
2026-05-13,2340,台亞,37.4,37.8,35.85,36.0,7268,2219,-601,0,-225,8.45,91.54,100.0
2026-05-13,2342,茂矽,43.8,44.55,41.0,41.0,12724,5325,-4139,0,4,3.93,96.06,100.0
2026-05-13,2344,華邦電,117.0,122.0,115.0,122.0,133243,68057,4228,8723,-220,21.91,78.08,100.0
2026-05-13,2345,智邦,2510.0,2555.0,2435.0,2435.0,4119,1457,-525,146,-5,58.01,41.98,100.0
2026-05-13,2347,聯強,84.6,84.8,82.6,83.1,4280,899,-361,-415,-122,33.28,66.71,100.0
2026-05-13,2348,海悅,70.2,70.9,70.1,70.3,134,18,-15,0,0,0.88,99.11,100.0
2026-05-13,2349,錸德,13.0,13.0,12.5,12.6,5940,0,-874,0,-3,11.07,88.92,100.0
2026-05-13,2351,順德,178.0,184.0,171.5,182.0,7178,3464,1235,0,-18,16.03,83.96,100.0
2026-05-13,2352,佳世達,25.8,26.35,25.5,26.25,9103,1418,2531,1,1,10.49,89.5,100.0
2026-05-13,2353,宏碁,28.3,28.55,27.9,28.3,18518,6669,-2119,-696,-299,10.05,89.94,100.0
2026-05-13,2354,鴻準,61.7,61.7,60.1,60.7,15745,3380,-7096,-2,-616,10.81,89.18,100.0
2026-05-13,2355,敬鵬,51.0,52.2,50.4,51.3,8082,3666,-536,0,-3,17.76,82.23,100.0
2026-05-13,2356,英業達,48.65,53.5,48.4,52.8,139195,45642,60647,-56,1134,18.54,81.45,100.0
2026-05-13,2357,華碩,648.0,672.0,648.0,663.0,7182,1831,1357,-152,-38,35.78,64.21,100.0
2026-05-13,2359,所羅門,125.5,126.5,121.0,125.0,4009,1923,-460,0,-39,3.71,96.28,100.0
2026-05-13,2360,致茂,2465.0,2465.0,2345.0,2405.0,2566,994,430,-1,-5,57.86,42.13,100.0
2026-05-13,2362,藍天,39.65,39.65,38.7,38.8,1063,182,-535,1,0,10.45,89.54,100.0
2026-05-13,2363,矽統,61.6,62.6,59.0,59.9,18113,8500,-249,26,-442,7.77,92.22,100.0
2026-05-13,2364,倫飛,70.2,72.0,69.2,71.1,609,130,110,0,0,15.61,84.38,100.0
2026-05-13,2365,昆盈,36.3,36.5,34.75,34.75,5345,3473,-439,0,-93,1.43,98.56,100.0
2026-05-13,2367,燿華,64.0,64.1,60.8,61.2,33599,13394,-9373,1,-588,6.62,93.37,100.0
2026-05-13,2368,金像電,1390.0,1440.0,1310.0,1350.0,9273,4718,181,-550,-225,25.74,74.25,100.0
2026-05-13,2369,菱生,30.55,30.75,30.0,30.45,6876,2868,-299,0,-125,14.52,85.47,100.0
2026-05-13,2371,大同,29.95,30.15,29.6,30.0,16916,3230,-5277,18,-230,7.58,92.41,100.0
2026-05-13,2373,震旦行,56.7,56.7,55.9,56.3,22,3,0,0,-1,0.8,99.19,100.0
2026-05-13,2374,佳能,81.5,82.1,79.4,79.9,11845,4656,-3203,-6,-398,5.41,94.58,100.0
2026-05-13,2375,凱美,93.8,96.4,91.7,96.0,7092,3489,635,0,20,10.51,89.48,100.0
2026-05-13,2376,技嘉,317.5,318.0,310.5,313.5,12824,3409,2601,-2,-81,23.72,76.27,100.0
2026-05-13,2377,微星,108.0,115.5,105.0,115.5,102610,53744,8583,-2,485,13.82,86.17,100.0
2026-05-13,2379,瑞昱,555.0,563.0,539.0,552.0,3959,1228,547,59,-42,50.33,49.66,100.0
2026-05-13,2380,虹光,5.73,5.82,5.73,5.8,252,0,0,0,0,0.25,99.74,100.0
2026-05-13,2382,廣達,339.5,343.0,335.5,340.5,13159,4236,781,-165,72,26.92,73.07,100.0
2026-05-13,2383,台光電,4880.0,5000.0,4800.0,4930.0,1933,894,294,251,4,42.72,57.27,100.0
2026-05-13,2385,群光,132.5,132.5,129.0,129.0,3297,464,-1752,-122,-70,19.22,80.77,100.0
2026-05-13,2387,精元,38.4,38.4,37.85,38.15,1063,109,-537,0,-1,8.28,91.71,100.0
2026-05-13,2388,威盛,73.6,74.9,72.3,74.8,7185,3627,-917,6,-200,13.92,86.07,100.0
2026-05-13,2390,云辰,9.38,9.62,9.27,9.51,489,136,-11,0,-5,1.99,98.0,100.0
2026-05-13,2392,正崴,0.0,0.0,0.0,0.0,0,0,0,0,0,5.74,94.25,100.0
2026-05-13,2393,億光,72.7,74.2,71.8,72.9,2569,1068,156,-20,-11,33.09,66.9,100.0
2026-05-13,2395,研華,477.5,480.5,459.5,464.5,5162,1538,-418,1,-10,35.52,64.47,100.0
2026-05-13,2397,友通,59.5,60.0,58.2,58.8,301,54,16,0,1,15.31,84.68,100.0
2026-05-13,2399,映泰,45.7,48.8,45.2,48.15,25922,15643,2079,0,-108,6.25,93.74,100.0
2026-05-13,2401,凌陽,25.4,25.4,24.2,24.95,6411,2769,-1155,12,-71,12.95,87.04,100.0
2026-05-13,2402,毅嘉,69.9,70.7,67.7,68.0,8219,2598,-2579,0,-251,8.6,90.78,100.0
2026-05-13,2404,漢唐,1020.0,1080.0,1005.0,1025.0,8636,4551,240,-94,238,26.58,73.41,100.0
2026-05-13,2405,輔信,15.2,15.25,15.05,15.05,1258,293,-146,0,10,4.97,95.02,100.0
2026-05-13,2406,國碩,34.1,35.45,32.9,33.05,16614,9022,-2738,0,6,16.05,83.94,100.0
2026-05-13,2408,南亞科,311.5,322.5,303.0,321.0,106103,57976,-5669,3025,307,12.82,87.17,100.0
2026-05-13,2409,友達,20.2,20.5,19.25,20.2,518461,291686,56470,25,-3962,14.23,85.76,100.0
2026-05-13,2412,中華電,136.5,137.5,135.5,137.5,14252,3318,5908,1707,-62,17.52,31.47,49.0
2026-05-13,2413,環科,45.5,45.5,43.9,43.95,1040,251,-180,0,-1,3.63,96.36,100.0
2026-05-13,2414,精技,47.3,48.2,47.25,48.2,246,26,13,0,6,5.17,94.82,100.0
2026-05-13,2415,錩新,27.15,27.15,26.6,26.65,151,23,-14,0,0,20.94,79.05,100.0
2026-05-13,2417,圓剛,50.3,50.3,48.65,49.0,1833,680,34,0,0,3.77,96.22,100.0
2026-05-13,2419,仲琦,29.85,29.9,29.3,29.4,1697,456,-335,0,-12,1.15,98.84,100.0
2026-05-13,2420,新巨,57.0,57.0,55.5,56.3,833,138,-318,0,1,7.23,92.76,100.0
2026-05-13,2421,建準,146.5,148.0,143.5,146.5,6059,2002,-1576,0,-40,27.94,72.05,100.0
2026-05-13,2423,固緯,64.0,66.8,63.0,66.8,656,169,144,0,14,5.13,94.86,100.0
2026-05-13,2424,隴華,25.5,25.55,23.95,25.55,1095,0,65,0,-52,1.27,47.72,49.0
2026-05-13,2425,承啟,33.9,34.5,33.2,33.6,948,276,68,0,0,9.97,90.02,100.0
2026-05-13,2426,鼎元,69.3,69.3,68.0,68.0,1705,0,60,0,61,8.44,91.55,100.0
2026-05-13,2427,三商電,21.6,21.6,21.2,21.25,449,81,-162,0,0,3.4,96.59,100.0
2026-05-13,2428,興勤,199.0,203.5,195.5,203.0,1385,541,327,0,10,18.35,81.64,100.0
2026-05-13,2429,銘旺科,50.1,50.1,47.5,49.1,664,0,-78,0,0,0.98,99.01,100.0
2026-05-13,2430,燦坤,19.65,19.65,19.1,19.3,251,22,-53,0,0,2.68,97.31,100.0
2026-05-13,2431,聯昌,10.7,10.7,10.45,10.45,350,0,-58,0,0,2.08,97.91,100.0
2026-05-13,2432,倚天,26.8,26.8,26.4,26.5,89,0,2,0,20,0.7,99.29,100.0
2026-05-13,2432,倚天酷碁-創,26.8,26.8,26.4,26.5,89,0,2,0,20,0.7,99.29,100.0
2026-05-13,2433,互盛電,45.5,45.6,45.2,45.55,36,1,-6,0,0,0.97,99.02,100.0
2026-05-13,2434,統懋,31.0,31.55,31.0,31.3,24,1,-17,0,0,1.07,98.92,100.0
2026-05-13,2436,偉詮電,75.3,75.6,71.8,72.8,7630,2383,-1980,14,-529,6.88,93.11,100.0
2026-05-13,2438,翔耀,21.3,21.35,21.05,21.3,102,0,-11,0,0,1.02,98.97,100.0
2026-05-13,2439,美律,85.1,85.1,84.0,84.2,1592,199,-579,0,-108,12.32,87.67,100.0
2026-05-13,2440,太空梭,17.0,18.0,16.6,17.4,987,360,-111,0,-3,1.6,98.39,100.0
2026-05-13,2441,超豐,96.0,98.8,95.0,97.3,23794,7856,-6168,-269,-221,12.7,87.29,100.0
2026-05-13,2442,新美齊,18.85,18.85,18.25,18.3,2195,388,-613,0,5,1.82,98.17,100.0
2026-05-13,2444,兆勁,13.0,14.3,13.0,13.8,1500,0,74,0,1,2.06,97.93,100.0
2026-05-13,2449,京元電子,297.0,306.0,294.0,305.0,36714,10314,-5041,-29,259,27.51,72.48,100.0
2026-05-13,2450,神腦,29.65,29.85,29.45,29.6,136,12,-37,0,13,1.3,98.69,100.0
2026-05-13,2451,創見,340.0,342.5,320.0,327.0,11085,4181,-2395,-7,-146,12.03,87.96,100.0
2026-05-13,2453,凌群,54.5,54.9,53.9,53.9,396,73,38,0,-1,4.84,95.15,100.0
2026-05-13,2454,聯發科,3625.0,3680.0,3400.0,3495.0,9694,0,-692,-128,109,56.38,43.61,100.0
2026-05-13,2455,全新,369.5,374.5,358.0,374.0,2181,0,897,0,-278,26.58,73.41,100.0
2026-05-13,2457,飛宏,25.3,25.3,24.6,25.2,2108,608,358,0,36,6.41,93.58,100.0
2026-05-13,2458,義隆,145.5,147.5,141.0,142.5,3884,949,10,-95,-11,22.45,77.54,100.0
2026-05-13,2459,敦吉,66.0,66.0,64.7,65.6,172,23,-28,0,0,16.92,83.07,100.0
2026-05-13,2460,建通,32.05,35.25,31.4,35.25,2500,0,-259,0,7,0.89,99.1,100.0
2026-05-13,2461,光群雷,16.25,16.5,16.0,16.25,851,124,232,0,0,4.87,95.12,100.0
2026-05-13,2462,良得電,20.15,20.35,20.15,20.25,391,58,-17,0,0,1.32,98.67,100.0
2026-05-13,2464,盟立,117.0,117.5,110.0,112.5,13200,6365,-131,0,-206,10.18,89.81,100.0
2026-05-13,2465,麗臺,85.0,86.0,82.5,83.1,1602,592,-43,0,1,4.29,95.7,100.0
2026-05-13,2466,冠西電,51.0,51.0,49.1,49.35,221,51,-12,0,0,10.5,89.49,100.0
2026-05-13,2467,志聖,635.0,653.0,618.0,626.0,3477,1828,9,11,-109,20.25,79.74,100.0
2026-05-13,2468,華經,33.6,33.6,33.25,33.45,147,33,0,0,0,1.45,98.54,100.0
2026-05-13,2471,資通,51.3,51.3,50.8,50.9,123,14,-37,0,0,5.17,94.82,100.0
2026-05-13,2472,立隆電,219.0,234.0,218.0,233.5,11128,6355,798,11,106,12.31,87.68,100.0
2026-05-13,2474,可成,202.5,204.0,201.0,202.5,1955,677,-260,-49,-45,25.03,74.96,100.0
2026-05-13,2476,鉅祥,116.0,119.0,114.0,118.5,2875,875,341,0,0,10.22,89.77,100.0
2026-05-13,2477,美隆電,20.85,20.9,20.5,20.75,128,32,-23,0,1,23.36,76.63,100.0
2026-05-13,2478,大毅,78.6,82.0,77.3,80.9,4335,2162,352,0,-42,15.33,84.66,100.0
2026-05-13,2480,敦陽科,148.0,149.0,146.0,148.5,319,42,110,-3,0,10.08,89.91,100.0
2026-05-13,2481,強茂,115.0,122.0,113.0,121.0,67427,45000,2721,2365,1070,27.57,72.42,100.0
2026-05-13,2482,連宇,16.45,16.45,16.25,16.25,178,13,-26,0,0,1.36,98.63,100.0
2026-05-13,2483,百容,24.55,24.55,23.15,23.2,775,113,-237,0,0,1.77,98.22,100.0
2026-05-13,2484,希華,38.9,40.3,37.9,37.9,7426,3579,-1241,0,8,4.47,95.52,100.0
2026-05-13,2485,兆赫,68.0,69.8,66.5,67.2,31626,22869,16,0,-157,1.89,98.1,100.0
2026-05-13,2486,一詮,261.0,261.0,252.5,255.0,3535,0,364,-1,505,17.54,82.45,100.0
2026-05-13,2488,漢平,51.7,51.9,51.2,51.7,169,9,-6,0,0,6.91,93.08,100.0
2026-05-13,2489,瑞軒,41.0,41.5,40.0,41.3,21240,9240,1570,0,-61,4.9,95.09,100.0
2026-05-13,2491,吉祥全,20.85,21.45,20.05,21.25,662,222,67,0,0,5.87,94.12,100.0
2026-05-13,2492,華新科,184.5,205.0,181.5,200.0,56730,34353,4477,1916,-258,19.3,80.69,100.0
2026-05-13,2493,揚博,127.5,128.5,124.0,127.5,1194,483,11,0,1,3.33,96.66,100.0
2026-05-13,2495,普安,36.05,36.05,34.8,35.5,4037,1078,-5,0,-78,6.72,93.27,100.0
2026-05-13,2496,卓越,65.1,65.6,64.9,65.0,37,1,3,0,0,23.19,76.8,100.0
2026-05-13,2497,怡利電,58.7,60.7,57.8,59.0,962,311,-277,0,-1,2.86,97.13,100.0
2026-05-13,2498,宏達電,41.0,41.25,39.8,40.1,8146,3125,-2584,-2,-190,8.74,91.25,100.0
2026-05-13,2501,國建,22.5,22.55,22.25,22.45,2597,215,-416,0,-2,10.99,89.0,100.0
2026-05-13,2504,國產,34.45,34.45,34.15,34.4,2223,349,-820,-26,0,7.52,92.47,100.0
2026-05-13,2505,國揚,18.05,18.1,17.6,18.0,626,122,-214,0,-2,3.86,96.13,100.0
2026-05-13,2506,太設,8.53,8.62,8.41,8.6,287,27,-9,0,-10,4.75,95.24,100.0
2026-05-13,2509,全坤建,13.0,13.25,13.0,13.15,107,7,-5,0,0,1.4,98.59,100.0
2026-05-13,2511,太子,7.65,7.71,7.65,7.7,788,118,37,0,-3,2.42,97.57,100.0
2026-05-13,2514,龍邦,13.1,13.2,13.1,13.15,69,2,-35,0,0,2.26,97.73,100.0
2026-05-13,2515,中工,13.05,13.45,13.05,13.35,7074,1532,1128,0,0,8.69,91.3,100.0
2026-05-13,2516,新建,12.95,13.05,12.9,13.0,269,0,-5,0,0,2.43,97.56,100.0
2026-05-13,2520,冠德,30.3,30.85,30.3,30.65,1764,269,383,-7,0,12.17,87.82,100.0
2026-05-13,2524,京城,36.6,36.6,35.05,35.5,124,16,-26,0,3,0.71,99.28,100.0
2026-05-13,2527,宏璟,33.9,34.1,33.45,34.1,403,81,24,0,0,42.09,57.9,100.0
2026-05-13,2528,皇普,22.05,22.4,21.9,22.35,343,48,15,-5,0,1.38,98.61,100.0
2026-05-13,2530,華建,21.0,21.35,20.55,21.35,6034,655,-4156,-8,126,3.18,96.81,100.0
2026-05-13,2534,宏盛,18.75,18.75,18.4,18.45,918,159,-326,0,-2,6.27,93.72,100.0
2026-05-13,2535,達欣工,74.7,76.7,74.5,75.0,2569,351,187,0,-1,6.53,93.46,100.0
2026-05-13,2536,宏普,20.3,20.45,20.25,20.3,372,63,-52,0,-1,9.02,90.97,100.0
2026-05-13,2537,聯上發,10.05,10.15,10.0,10.0,1280,127,-95,0,0,2.35,97.64,100.0
2026-05-13,2538,基泰,9.63,9.73,9.63,9.67,542,50,14,0,0,9.86,90.13,100.0
2026-05-13,2539,櫻花建,39.25,39.35,38.7,39.3,1126,268,54,0,-4,1.93,98.06,100.0
2026-05-13,2540,愛山林,50.2,54.8,49.85,53.2,958,205,29,0,2,1.55,98.44,100.0
2026-05-13,2542,興富發,42.15,43.0,41.55,42.7,29595,5716,7548,14,48,10.79,89.2,100.0
2026-05-13,2543,皇昌,42.5,43.1,42.0,42.0,1650,519,-134,0,13,1.5,98.49,100.0
2026-05-13,2545,皇翔,38.3,38.5,38.05,38.45,199,42,23,0,0,2.76,97.23,100.0
2026-05-13,2546,根基,84.8,84.9,84.4,84.8,55,2,19,0,0,3.33,96.66,100.0
2026-05-13,2547,日勝生,10.2,10.2,10.0,10.05,3531,459,-1062,-13,-12,13.37,86.62,100.0
2026-05-13,2548,華固,124.5,125.5,123.5,124.5,1182,227,-275,-26,0,20.59,79.4,100.0
2026-05-13,2596,綠意,28.85,29.7,28.85,29.4,120,65,-21,0,0,0.75,99.24,100.0
2026-05-13,2597,潤弘,163.0,163.5,159.5,161.0,576,147,43,0,-1,2.86,97.13,100.0
2026-05-13,2601,益航,4.98,4.98,4.82,4.82,2030,0,-89,0,0,12.92,87.07,100.0
2026-05-13,2603,長榮,215.0,215.0,209.5,210.0,9333,1582,-346,-103,-191,21.14,28.84,49.99
2026-05-13,2605,新興,33.4,33.5,32.0,32.1,4791,851,5,0,-82,49.98,0.0,49.99
2026-05-13,2606,裕民,64.7,65.7,64.0,64.3,7247,2325,3623,-2798,32,13.1,36.88,49.99
2026-05-13,2607,榮運,47.85,47.85,47.0,47.25,791,105,-214,0,-5,8.88,41.1,49.99
2026-05-13,2608,嘉里大榮,29.8,29.8,29.65,29.7,445,11,-288,0,12,3.45,96.54,100.0
2026-05-13,2609,陽明,50.1,50.1,49.2,49.25,17974,2017,-10579,-7,-380,13.77,36.21,49.99
2026-05-13,2610,華航,18.75,18.85,18.55,18.75,17942,3735,2721,-979,-71,13.9,36.08,49.99
2026-05-13,2611,志信,13.4,13.45,13.2,13.25,614,25,-182,0,3,1.2,98.79,100.0
2026-05-13,2612,中航,56.4,56.9,56.0,56.6,456,121,-26,0,1,4.02,95.97,100.0
2026-05-13,2613,中櫃,22.0,22.0,21.8,21.8,438,15,-123,0,0,1.27,32.05,33.33
2026-05-13,2614,東森,19.55,19.65,19.0,19.1,3580,423,-947,0,0,4.04,45.94,49.99
2026-05-13,2615,萬海,77.7,78.0,74.2,74.3,12043,1985,-7871,-18,-111,42.37,7.61,49.99
2026-05-13,2616,山隆,13.7,13.85,13.7,13.75,318,17,35,0,8,1.83,98.16,100.0
2026-05-13,2617,台航,29.2,29.35,29.05,29.15,494,92,28,0,0,8.7,41.28,49.99
2026-05-13,2618,長榮航,35.0,35.0,34.35,34.45,21572,3756,-5757,-994,-961,23.51,26.47,49.99
2026-05-13,2630,亞航,45.2,45.7,44.0,44.05,1294,234,-247,0,-14,3.67,96.32,100.0
2026-05-13,2633,台灣高鐵,26.6,26.6,26.15,26.15,7519,593,-4719,0,-16,9.55,39.43,48.99
2026-05-13,2634,漢翔,46.7,47.1,46.4,46.8,4798,962,-252,-7,-20,2.93,7.06,10.0
2026-05-13,2636,台驊控股,68.3,68.3,67.5,67.6,268,21,-85,0,2,9.93,90.06,100.0
2026-05-13,2637,慧洋-KY,73.5,74.7,72.6,73.9,1784,602,698,-79,6,18.62,81.37,100.0
2026-05-13,2640,大車隊,163.5,163.5,159.0,160.0,75,9,0,0,0,4.76,95.23,100.0
2026-05-13,2641,正德,17.95,17.95,17.6,17.6,1665,276,-266,0,-5,2.29,97.7,100.0
2026-05-13,2642,宅配通,21.4,21.4,21.2,21.25,67,4,4,0,-1,5.33,94.66,100.0
2026-05-13,2643,捷迅,66.2,67.1,66.2,66.7,19,4,-3,0,0,1.52,98.47,100.0
2026-05-13,2644,中信造船,81.5,82.0,80.4,81.3,36,0,0,0,0,0.0,0.0,0.0
2026-05-13,2645,長榮航太,157.0,159.5,155.0,156.0,1214,375,-135,-3,-26,7.05,92.94,100.0
2026-05-13,2646,星宇航空,20.4,20.4,20.1,20.25,6610,997,-1716,0,-40,2.6,47.38,49.99
2026-05-13,2701,萬企,10.55,10.6,10.5,10.5,158,9,-37,0,-1,0.53,99.46,100.0
2026-05-13,2702,華園,13.2,13.6,13.2,13.55,67,28,-16,0,0,39.38,60.61,100.0
2026-05-13,2704,國賓,43.25,43.4,42.8,43.35,94,19,-10,0,0,9.93,90.06,100.0
2026-05-13,2705,六福,15.8,15.8,15.55,15.7,293,27,-33,0,0,1.7,98.29,100.0
2026-05-13,2706,第一店,12.3,12.3,12.2,12.25,208,6,-20,0,0,2.69,97.3,100.0
2026-05-13,2707,晶華,174.0,176.5,173.0,175.5,395,30,85,0,0,5.84,94.15,100.0
2026-05-13,2712,遠雄來,16.6,16.6,16.35,16.4,5,0,1,0,0,0.28,99.71,100.0
2026-05-13,2718,晶悅,46.85,46.85,43.55,45.5,217,39,-16,0,0,0.66,99.33,100.0
2026-05-13,2718,全心投控,46.85,46.85,43.55,45.5,217,39,-16,0,0,0.66,99.33,100.0
2026-05-13,2719,燦星旅,27.85,27.85,25.75,26.05,33,8,-6,0,0,0.17,99.82,100.0
2026-05-13,2722,夏都,23.6,23.75,23.0,23.7,50,8,-5,0,0,0.38,99.61,100.0
2026-05-13,2723,美食-KY,68.3,69.7,66.2,66.5,702,221,-320,0,0,46.49,53.5,100.0
2026-05-13,2724,富驛-KY,14.05,14.05,13.8,13.8,18,0,0,0,0,15.09,84.9,100.0
2026-05-13,2724,藝舍-KY,14.05,14.05,13.8,13.8,18,0,0,0,0,15.09,84.9,100.0
2026-05-13,2726,雅茗-KY,10.0,10.0,9.5,9.58,179,22,-38,0,0,23.5,76.49,100.0
2026-05-13,2727,王品,233.0,237.0,233.0,236.0,393,42,163,0,-1,27.46,72.53,100.0
2026-05-13,2729,瓦城,164.5,165.0,164.0,164.0,29,1,-5,0,0,2.07,97.92,100.0
2026-05-13,2731,雄獅,159.0,161.0,158.0,160.0,818,105,-124,0,0,13.68,86.31,100.0
2026-05-13,2732,六角,65.6,66.3,65.4,65.9,33,2,-5,0,0,4.18,95.81,100.0
2026-05-13,2733,維格餅家,11.95,12.0,11.4,11.8,11,0,0,0,0,0.0,0.0,0.0
2026-05-13,2734,易飛網,15.6,15.7,15.5,15.6,61,3,0,0,0,3.86,96.13,100.0
2026-05-13,2736,富野,12.4,12.65,12.4,12.5,46,2,0,0,0,0.97,99.02,100.0
2026-05-13,2739,寒舍,34.15,34.15,34.0,34.0,131,1,-43,0,0,2.58,97.41,100.0
2026-05-13,2740,天蔥,38.85,38.85,35.05,37.95,46,0,0,0,0,1.66,98.33,100.0
2026-05-13,2740,華軒,38.85,38.85,35.05,37.95,46,0,0,0,0,1.66,98.33,100.0
2026-05-13,2741,老四川,21.21,22.3,21.0,22.1,49,0,-2,0,0,0.0,0.0,0.0
2026-05-13,2743,山富,69.2,69.6,68.4,69.6,111,22,-4,0,0,2.88,97.11,100.0
2026-05-13,2745,五福,101.5,102.5,101.0,102.0,135,5,9,0,-1,3.67,96.32,100.0
2026-05-13,2748,雲品,39.75,40.0,39.7,39.95,94,3,30,0,0,1.17,98.82,100.0
2026-05-13,2751,王座,52.8,54.2,52.7,53.8,7,1,-1,0,0,0.42,99.57,100.0
2026-05-13,2752,豆府,181.0,182.5,181.0,182.5,16,0,1,0,0,1.3,98.69,100.0
2026-05-13,2753,八方雲集,181.0,181.5,178.5,178.5,567,156,-57,-2,0,5.05,94.94,100.0
2026-05-13,2754,亞洲藏壽司,70.8,72.0,70.2,70.3,81,10,-12,0,0,68.02,31.97,100.0
2026-05-13,2755,揚秦,131.5,132.0,130.5,131.5,55,10,0,0,0,1.23,98.76,100.0
2026-05-13,2756,聯發國際,61.1,61.5,60.8,60.9,21,6,2,0,0,1.61,98.38,100.0
2026-05-13,2758,路易莎咖啡,69.19,69.4,68.3,69.3,33,0,0,0,0,0.0,0.0,0.0
2026-05-13,2760,巨宇翔,21.59,0.0,0.0,0.0,0,0,0,0,0,0.0,0.0,0.0
2026-05-13,2761,橘焱胡同,15.47,15.7,15.1,15.7,3,0,0,0,0,0.0,0.0,0.0
2026-05-13,2762,世界健身-KY,76.5,79.8,76.5,79.2,349,32,91,0,0,82.38,17.61,100.0
2026-05-13,2801,彰銀,20.55,20.65,20.45,20.5,25053,2557,-10509,-27,-32,17.97,82.02,100.0
2026-05-13,2812,台中銀,19.45,19.45,19.3,19.45,28174,3508,-7052,-6,-41,8.06,91.93,100.0
2026-05-13,2816,旺旺保,30.75,31.6,30.75,31.5,438,34,103,0,0,1.89,98.1,100.0
2026-05-13,2820,華票,16.9,16.95,16.85,16.9,1166,50,-384,0,0,8.86,91.13,100.0
2026-05-13,2832,台產,54.2,54.7,53.7,54.0,313,26,95,0,11,3.94,96.05,100.0
2026-05-13,2834,臺企銀,16.0,16.1,15.95,16.05,20225,3801,-4233,-24,-83,16.84,83.15,100.0
2026-05-13,2836,高雄銀,11.85,11.9,11.8,11.85,949,181,-334,0,0,7.39,92.6,100.0
2026-05-13,2838,聯邦銀,20.55,20.55,20.3,20.4,1585,331,-614,0,-14,4.28,95.71,100.0
2026-05-13,2845,遠東銀,12.15,12.15,12.1,12.1,9148,2537,-3352,-12,-8,8.88,91.11,100.0
2026-05-13,2849,安泰銀,13.55,13.6,13.4,13.55,126,36,-5,0,-2,58.9,41.09,100.0
2026-05-13,2850,新產,132.5,133.5,132.5,133.0,169,30,66,-27,-1,10.26,89.73,100.0
2026-05-13,2851,中再保,33.45,34.5,33.45,34.3,3772,1059,108,0,37,7.84,92.15,100.0
2026-05-13,2852,第一保,26.3,26.35,26.1,26.3,294,10,-38,0,-1,4.74,95.25,100.0
2026-05-13,2855,統一證,41.8,42.2,41.1,41.65,5341,1523,-95,-15,0,13.85,86.14,100.0
2026-05-13,2867,三商壽,7.69,7.79,7.62,7.73,6435,1167,2526,0,625,18.13,81.86,100.0
2026-05-13,2880,華南金,32.55,32.95,32.5,32.75,11743,3571,939,-591,-999,17.43,82.56,100.0
2026-05-13,2881,富邦金,93.5,95.2,93.3,94.7,18416,4337,7322,-2210,559,16.41,83.58,100.0
2026-05-13,2882,國泰金,76.6,78.3,76.1,77.3,34439,8834,-478,4349,616,20.09,79.9,100.0
2026-05-13,2883,凱基金,21.5,22.0,21.5,21.95,42152,11746,15518,-4552,594,30.81,69.18,100.0
2026-05-13,2884,玉山金,32.05,32.1,31.6,31.9,32594,5830,2618,-2405,-293,30.62,69.37,100.0
2026-05-13,2885,元大金,55.0,56.2,54.8,55.8,19524,6153,2769,-614,-633,26.01,73.98,100.0
2026-05-13,2886,兆豐金,39.35,39.8,39.1,39.55,18309,4130,3706,-38,-77,21.73,78.26,100.0
2026-05-13,2887,台新新光金,23.3,23.35,22.85,23.15,118202,28146,61779,-54427,-184,23.3,76.69,100.0
2026-05-13,2889,國票金,14.8,14.8,14.55,14.65,2067,368,-524,0,-11,8.5,91.49,100.0
2026-05-13,2890,永豐金,30.55,30.7,30.35,30.55,24702,5825,6242,-256,-254,28.05,71.94,100.0
2026-05-13,2891,中信金,53.5,55.3,53.5,54.9,56703,11125,16659,2185,587,33.83,66.16,100.0
2026-05-13,2892,第一金,29.35,29.7,29.25,29.5,34367,3754,15149,-36,754,27.41,72.58,100.0
2026-05-13,2897,王道銀行,10.2,10.2,10.1,10.15,2373,307,883,0,0,7.04,92.95,100.0
2026-05-13,2901,欣欣,23.3,23.5,23.25,23.35,29,2,11,0,0,0.33,99.66,100.0
2026-05-13,2903,遠百,22.25,22.5,22.1,22.45,2451,246,515,-81,0,8.03,91.96,100.0
2026-05-13,2904,匯僑,15.55,15.55,15.45,15.5,46,8,-9,0,0,0.5,99.49,100.0
2026-05-13,2905,三商,13.25,13.35,13.2,13.35,504,81,-12,0,-19,3.71,96.28,100.0
2026-05-13,2906,高林,12.3,12.4,12.3,12.3,90,4,-7,0,0,1.67,98.32,100.0
2026-05-13,2908,特力,20.5,20.7,20.45,20.7,163,28,6,0,0,1.63,98.36,100.0
2026-05-13,2910,統領,22.15,22.2,21.9,22.2,3,0,-2,0,2,0.27,99.72,100.0
2026-05-13,2911,麗嬰房,4.9,4.99,4.78,4.99,76,0,0,0,0,20.77,79.22,100.0
2026-05-13,2912,統一超,225.0,227.0,224.5,225.5,1968,413,-85,0,-19,19.64,80.35,100.0
2026-05-13,2913,農林,11.2,11.2,10.95,11.05,2366,318,-529,0,-8,5.21,94.78,100.0
2026-05-13,2915,潤泰全,43.3,43.35,42.9,42.95,2236,340,-1050,0,-4,5.42,94.57,100.0
2026-05-13,2916,滿心,44.6,46.0,44.5,45.6,162,30,4,0,0,21.35,78.64,100.0
2026-05-13,2923,鼎固-KY,26.0,26.0,24.15,24.25,88,0,-15,0,13,99.42,0.57,100.0
2026-05-13,2924,宏太-KY,17.0,17.0,17.0,17.0,1,0,0,0,0,66.79,33.2,100.0
2026-05-13,2926,誠品生活,38.25,38.25,36.25,36.45,24,2,0,0,0,1.12,98.87,100.0
2026-05-13,2929,淘帝-KY,5.5,5.61,5.47,5.54,198,42,52,0,0,18.05,81.94,100.0
2026-05-13,2937,集雅社,45.05,45.65,45.05,45.6,15,0,-1,0,0,0.08,99.91,100.0
2026-05-13,2938,床的世界,23.0,23.4,23.1,23.2,20,0,0,0,0,0.0,0.0,0.0
2026-05-13,2939,永邑-KY,24.5,24.75,24.5,24.6,8,4,1,0,0,19.92,80.07,100.0
2026-05-13,2940,歐都納,23.52,23.6,23.5,23.6,17,0,0,0,0,0.0,0.0,0.0
2026-05-13,2941,米斯特,29.5,29.6,29.5,29.6,10,0,1,0,0,0.48,99.51,100.0
2026-05-13,2942,京站,37.35,38.3,38.3,38.3,3,0,0,0,0,0.0,0.0,0.0
2026-05-13,2945,三商家購,41.35,41.35,40.8,41.0,16,0,-2,0,0,0.38,99.61,100.0
2026-05-13,2947,振宇五金,78.8,78.8,77.5,78.4,16,0,0,0,0,0.09,99.9,100.0
2026-05-13,2948,寶陞,38.0,38.0,35.5,38.0,8,0,0,0,0,0.01,99.98,100.0
2026-05-13,2949,欣新網,53.3,53.3,53.2,53.2,2,0,0,0,0,0.02,99.97,100.0
2026-05-13,3002,歐格,17.3,17.75,17.05,17.65,486,161,-11,0,0,2.75,97.24,100.0
2026-05-13,3003,健和興,58.6,59.8,57.5,57.9,1259,182,-641,0,0,3.28,96.71,100.0
2026-05-13,3004,豐達科,112.5,114.5,112.5,114.5,154,38,-18,0,0,2.76,97.23,100.0
2026-05-13,3005,神基,98.4,98.4,97.4,97.9,2184,577,-423,-106,-45,9.24,90.75,100.0
2026-05-13,3006,晶豪科,217.5,221.0,211.5,216.5,13974,7986,741,14,-24,31.12,68.87,100.0
2026-05-13,3008,大立光,2870.0,2870.0,2735.0,2850.0,4369,1639,199,16,-128,31.92,68.07,100.0
2026-05-13,3010,華立,132.0,133.0,129.0,132.0,4187,1165,-1608,-55,-86,17.28,82.71,100.0
2026-05-13,3011,今皓,13.3,13.55,13.25,13.4,679,161,100,0,0,2.7,97.29,100.0
2026-05-13,3013,晟銘電,109.0,110.0,106.5,107.0,2231,709,-372,0,-57,4.06,95.93,100.0
2026-05-13,3014,聯陽,139.0,140.0,135.5,137.5,2237,431,-637,-3,-5,20.13,79.86,100.0
2026-05-13,3015,全漢,50.2,51.0,49.6,51.0,456,90,-16,0,0,9.0,90.99,100.0
2026-05-13,3016,嘉晶,118.0,121.0,113.0,121.0,1788,0,73,0,-13,8.01,91.98,100.0
2026-05-13,3017,奇鋐,2545.0,2625.0,2500.0,2585.0,6267,2420,63,1345,6,53.8,46.19,100.0
2026-05-13,3018,隆銘綠能,10.0,10.6,10.0,10.6,16,0,0,0,0,0.22,99.77,100.0
2026-05-13,3019,亞光,142.5,142.5,139.5,140.5,3902,1214,548,0,-156,5.31,94.68,100.0
2026-05-13,3021,鴻名,16.2,16.3,16.05,16.2,91,7,-1,0,0,3.93,96.06,100.0
2026-05-13,3022,威強電,69.3,69.3,67.1,67.6,1229,184,-436,0,-7,15.02,84.97,100.0
2026-05-13,3023,信邦,296.5,300.0,294.0,299.5,1321,340,-92,1,-11,44.59,55.4,100.0
2026-05-13,3024,憶聲,14.95,15.85,14.9,15.4,4880,1600,-429,0,26,2.52,97.47,100.0
2026-05-13,3025,星通,63.9,63.9,61.1,61.8,683,173,-179,0,0,6.83,93.16,100.0
2026-05-13,3026,禾伸堂,316.0,334.0,316.0,325.0,1645,0,128,0,-56,15.12,84.87,100.0
2026-05-13,3027,盛達,18.05,18.3,17.9,18.0,275,41,-36,0,-1,1.69,98.3,100.0
2026-05-13,3028,增你強,74.0,74.7,72.3,73.3,3174,995,-258,0,-24,11.74,88.25,100.0
2026-05-13,3029,零壹,98.5,98.5,96.3,97.1,1036,158,-390,-4,-2,3.37,96.62,100.0
2026-05-13,3030,德律,399.0,416.0,395.0,414.0,1411,0,20,11,-42,14.55,85.44,100.0
2026-05-13,3031,佰鴻,29.45,29.95,28.7,29.3,2255,838,34,0,2,2.77,97.22,100.0
2026-05-13,3032,偉訓,78.7,84.0,77.0,82.5,3635,1350,-102,0,-48,2.53,97.46,100.0
2026-05-13,3033,威健,43.95,44.4,42.65,42.95,9194,2441,-2808,-13,5,17.85,82.14,100.0
2026-05-13,3034,聯詠,490.0,494.5,481.5,486.5,5613,2329,314,6,-415,36.66,63.33,100.0
2026-05-13,3035,智原,201.5,204.0,192.0,194.0,21341,8196,-3799,1,-1264,8.64,91.35,100.0
2026-05-13,3036,文曄,272.5,291.5,260.0,284.0,27419,11536,-3308,6197,-482,22.34,77.62,100.0
2026-05-13,3037,欣興,853.0,903.0,853.0,892.0,26722,15985,1354,1233,-300,38.4,61.59,100.0
2026-05-13,3038,全台,22.3,22.6,22.1,22.6,358,33,93,0,2,8.5,91.49,100.0
2026-05-13,3040,遠見,39.5,40.2,38.4,39.8,107,22,4,0,0,0.61,99.38,100.0
2026-05-13,3041,揚智,24.45,24.45,23.6,23.9,1166,280,-232,0,0,4.04,95.95,100.0
2026-05-13,3042,晶技,147.0,153.5,144.0,146.5,8618,3459,2475,0,-385,19.68,80.31,100.0
2026-05-13,3043,科風,19.9,20.1,19.8,19.8,99,8,-7,0,0,1.21,98.78,100.0
2026-05-13,3044,健鼎,486.0,529.0,481.0,529.0,12239,4970,2092,-130,89,48.33,51.66,100.0
2026-05-13,3045,台灣大,110.0,113.0,109.5,112.0,20239,9950,3198,-412,-252,13.95,32.59,46.55
2026-05-13,3046,建碁,51.2,51.9,51.1,51.5,213,34,-29,0,7,4.39,95.6,100.0
2026-05-13,3047,訊舟,14.55,14.55,14.15,14.2,1159,178,-284,0,6,2.6,97.39,100.0
2026-05-13,3048,益登,46.2,47.0,44.35,46.45,11452,5961,735,1,21,7.15,92.84,100.0
2026-05-13,3049,精金,12.85,13.2,12.65,12.8,5338,0,186,0,-11,2.45,97.54,100.0
2026-05-13,3050,鈺德,12.3,12.3,12.0,12.15,712,288,-106,0,3,6.78,93.21,100.0
2026-05-13,3051,力特,25.85,25.95,25.3,25.5,1695,537,447,0,0,1.83,98.16,100.0
2026-05-13,3052,夆典,10.8,10.8,10.6,10.65,422,42,-24,0,0,1.5,98.49,100.0
2026-05-13,3054,立萬利,68.1,68.5,66.6,67.8,197,45,-45,0,-1,0.45,99.54,100.0
2026-05-13,3055,蔚華科,112.0,119.5,107.5,113.5,11596,6029,194,0,-106,3.01,96.98,100.0
2026-05-13,3056,富華新,13.5,14.15,13.5,13.85,2069,510,277,0,-9,3.92,96.07,100.0
2026-05-13,3057,喬鼎,20.2,20.9,19.85,20.0,296,0,64,0,1,2.42,97.57,100.0
2026-05-13,3058,立德,8.6,8.63,8.35,8.37,756,0,-380,0,-4,2.22,97.77,100.0
2026-05-13,3059,華晶科,39.3,39.55,38.5,38.9,2508,1149,23,0,-22,9.53,90.46,100.0
2026-05-13,3060,銘異,28.6,28.65,27.85,28.05,1357,397,-10,0,1,8.33,91.66,100.0
2026-05-13,3062,建漢,28.8,28.8,27.4,27.85,9058,2413,-3323,0,-35,9.61,90.38,100.0
2026-05-13,3064,泰偉,20.5,20.5,20.5,20.5,1,0,0,0,0,0.12,99.87,100.0
2026-05-13,3066,李洲,18.35,18.35,17.8,17.8,264,51,-53,0,0,0.67,99.32,100.0
2026-05-13,3067,全域,17.5,17.5,17.5,17.5,3,0,0,0,0,0.02,99.97,100.0
2026-05-13,3071,協禧,30.0,30.3,29.65,30.0,374,69,-28,0,0,2.08,97.91,100.0
2026-05-13,3073,天方能源,22.0,22.0,21.05,21.5,106,19,-11,0,0,2.21,97.78,100.0
2026-05-13,3078,僑威,56.4,56.8,55.6,55.8,1160,178,-266,-4,-8,18.15,81.84,100.0
2026-05-13,3081,聯亞,2965.0,3050.0,2750.0,2835.0,2958,1321,-318,-143,-69,21.5,78.49,100.0
2026-05-13,3083,網龍,26.8,26.9,26.3,26.45,128,1,-60,0,-2,1.26,98.73,100.0
2026-05-13,3085,新零售,14.1,14.1,12.8,12.8,62,0,0,0,0,5.69,94.3,100.0
2026-05-13,3086,華義*,39.95,39.95,38.3,38.3,541,95,-151,0,-2,40.53,59.46,100.0
2026-05-13,3088,艾訊,129.5,133.5,127.5,133.5,1532,530,266,0,0,15.73,84.26,100.0
2026-05-13,3090,日電貿,117.5,126.0,115.5,122.5,15912,8524,-1713,-25,66,9.19,90.8,100.0
2026-05-13,3092,鴻碩,30.35,30.55,29.5,30.1,471,97,-85,0,0,1.4,98.59,100.0
2026-05-13,3093,港建*,58.3,58.3,52.6,53.8,1963,470,41,0,0,68.57,31.42,100.0
2026-05-13,3094,聯傑,30.4,30.75,29.6,30.6,1149,463,24,0,4,2.02,97.97,100.0
2026-05-13,3095,及成,44.2,45.5,44.0,44.75,37,12,-5,0,0,3.89,96.1,100.0
2026-05-13,3097,拍檔,26.3,26.6,25.9,26.35,14,0,-2,0,0,0.0,0.0,0.0
2026-05-13,3105,穩懋,506.0,515.0,488.0,495.5,21286,11808,-1008,-567,-1158,27.91,72.08,100.0
2026-05-13,3114,好德,26.1,26.1,25.8,25.85,100,5,3,0,0,0.91,99.08,100.0
2026-05-13,3115,富榮綱,9.36,9.65,9.36,9.59,4,0,0,0,0,1.7,98.29,100.0
2026-05-13,3117,年程,25.5,26.15,23.5,24.4,229,0,8,0,0,0.0,0.0,0.0
2026-05-13,3118,進階,34.5,34.5,33.6,33.65,16,2,0,0,0,0.35,99.64,100.0
2026-05-13,3122,笙泉,38.0,38.85,37.0,37.4,765,0,-56,0,0,3.12,96.87,100.0
2026-05-13,3128,昇銳,22.9,22.9,22.55,22.7,90,9,12,0,0,3.82,96.17,100.0
2026-05-13,3130,一零四,222.0,222.5,221.0,222.5,27,2,1,0,0,20.98,79.01,100.0
2026-05-13,3131,弘塑,3120.0,3120.0,2940.0,3025.0,407,144,-9,-27,-14,37.32,62.67,100.0
2026-05-13,3135,凌航,213.5,218.0,204.0,211.0,17155,8950,300,0,-83,5.7,94.29,100.0
2026-05-13,3138,耀登,158.0,159.5,154.0,155.0,795,225,-223,0,1,0.67,99.32,100.0
2026-05-13,3141,晶宏,63.0,69.1,62.0,63.8,10624,6011,-1451,0,-46,10.34,89.65,100.0
2026-05-13,3147,大綜,178.5,180.5,175.0,175.0,146,44,2,0,-2,2.56,97.43,100.0
2026-05-13,3149,正達,52.3,56.5,51.8,55.7,45448,26003,-414,0,35,3.55,96.44,100.0
2026-05-13,3150,鈺寶-創,18.7,18.85,18.15,18.85,69,5,-14,0,12,0.98,99.01,100.0
2026-05-13,3152,璟德,173.0,174.0,168.0,168.0,771,200,-197,0,-32,15.68,84.31,100.0
2026-05-13,3158,嘉實,88.2,88.2,87.8,88.0,15,0,0,0,0,1.61,98.38,100.0
2026-05-13,3162,精確,87.2,88.2,86.2,87.5,2644,928,11,0,0,47.28,52.71,100.0
2026-05-13,3163,波若威,1020.0,1055.0,1010.0,1035.0,470,0,-22,-11,-18,33.12,66.87,100.0
2026-05-13,3164,景岳,17.35,17.4,17.3,17.3,33,3,-12,0,0,0.5,99.49,100.0
2026-05-13,3167,大量,718.0,759.0,718.0,753.0,598,0,-42,0,-5,12.96,87.03,100.0
2026-05-13,3168,眾福科,44.4,44.5,43.5,44.5,44,6,3,0,5,1.25,98.74,100.0
2026-05-13,3169,亞信,109.5,112.0,107.5,111.0,453,171,-2,0,-3,3.86,96.13,100.0
2026-05-13,3171,新洲,70.6,70.6,68.5,68.5,103,19,7,0,1,0.83,99.16,100.0
2026-05-13,3171,炎洲流通,70.6,70.6,68.5,68.5,103,19,7,0,1,0.83,99.16,100.0
2026-05-13,3176,基亞,31.8,31.8,31.05,31.15,161,19,-74,0,0,4.65,95.34,100.0
2026-05-13,3178,公準,66.2,66.4,65.5,66.0,72,16,-2,0,0,1.98,98.01,100.0
2026-05-13,3184,微邦,27.84,32.05,28.65,30.45,3915,0,58,0,0,0.0,0.0,0.0
2026-05-13,3188,鑫龍騰,24.25,24.25,23.8,24.0,393,19,-184,0,0,2.3,97.69,100.0
2026-05-13,3189,景碩,482.0,516.0,481.5,497.5,24218,15746,754,-1102,28,19.31,80.68,100.0
2026-05-13,3191,雲嘉南,14.25,14.25,13.5,13.6,26,0,-1,0,0,0.05,99.94,100.0
2026-05-13,3205,佰研,54.6,54.8,53.5,53.5,240,24,24,0,5,0.97,99.02,100.0
2026-05-13,3206,志豐,39.55,39.55,38.0,38.15,355,35,-78,0,0,2.33,97.66,100.0
2026-05-13,3207,耀勝,58.1,58.7,56.5,56.8,302,23,-48,0,-2,4.44,95.55,100.0
2026-05-13,3209,全科,62.9,65.5,60.0,62.7,11603,4815,-48,0,-22,19.53,80.46,100.0
2026-05-13,3211,順達,397.5,410.0,387.0,390.0,10807,5551,358,-1129,-77,17.41,82.58,100.0
2026-05-13,3213,茂訊,114.0,114.5,112.5,114.0,353,43,-40,0,1,5.81,94.18,100.0
2026-05-13,3217,優群,179.0,181.0,178.0,179.5,1184,334,-71,0,-5,4.35,95.64,100.0
2026-05-13,3218,大學光,133.0,133.0,130.5,130.5,303,25,-103,-3,0,4.84,95.15,100.0
2026-05-13,3219,倚強股份,87.8,89.0,84.3,86.8,3743,1846,-377,0,99,1.42,98.57,100.0
2026-05-13,3219,倚強科,87.8,89.0,84.3,86.8,3743,1846,-377,0,99,1.42,98.57,100.0
2026-05-13,3221,台嘉碩,43.3,45.4,42.25,42.25,5400,3049,-608,0,7,4.37,95.62,100.0
2026-05-13,3224,三顧,47.0,47.0,44.4,44.6,233,65,-64,0,0,0.82,99.17,100.0
2026-05-13,3226,龍鋒,40.0,40.0,40.0,40.0,2,0,0,0,0,0.07,99.92,100.0
2026-05-13,3227,原相,227.0,233.0,221.5,223.0,3094,1156,-288,1,-138,27.11,72.8,100.0
2026-05-13,3228,金麗科,215.0,219.0,204.5,211.0,1642,0,324,1,-7,7.41,92.58,100.0
2026-05-13,3229,晟鈦,47.5,47.5,44.1,44.8,1341,0,-220,0,-9,1.15,98.84,100.0
2026-05-13,3230,錦明,33.0,33.0,32.0,32.4,299,94,-23,0,0,3.89,96.1,100.0
2026-05-13,3231,緯創,139.0,141.5,138.0,140.5,26883,12205,-1645,-174,-454,28.73,71.26,100.0
2026-05-13,3232,昱捷,20.8,21.05,20.7,21.05,45,7,-2,0,0,8.24,91.75,100.0
2026-05-13,3234,光環,105.0,106.0,99.5,101.0,3678,0,-659,0,-23,2.2,97.79,100.0
2026-05-13,3236,千如,35.65,38.85,34.9,38.85,20846,9492,-225,0,95,17.38,82.61,100.0
2026-05-13,3252,海灣,18.55,18.55,18.55,18.55,6,1,3,0,0,2.25,97.74,100.0
2026-05-13,3257,虹冠電,55.3,55.3,53.9,54.4,344,46,-94,0,-1,1.07,98.92,100.0
2026-05-13,3259,鑫創,17.2,17.7,17.15,17.65,33,0,0,0,0,10.94,89.05,100.0
2026-05-13,3260,威剛,436.0,437.5,426.0,434.0,17213,7064,1153,-2827,103,17.71,82.28,100.0
2026-05-13,3264,欣銓,224.0,231.0,222.0,230.0,5741,2275,958,84,1,28.88,71.11,100.0
2026-05-13,3265,台星科,176.0,180.0,173.0,180.0,1546,665,20,0,22,10.27,89.72,100.0
2026-05-13,3266,昇陽,13.25,13.3,13.0,13.1,123,4,-1,0,0,8.27,91.72,100.0
2026-05-13,3268,海德威,17.85,17.9,17.3,17.35,96,14,-17,0,0,0.87,99.12,100.0
2026-05-13,3272,東碩,18.35,18.35,17.7,18.15,61,9,-12,0,0,0.67,99.32,100.0
2026-05-13,3276,宇環,16.15,16.15,15.4,15.85,515,125,-4,0,8,0.98,99.01,100.0
2026-05-13,3284,太普高,16.7,16.7,16.2,16.3,167,18,26,0,0,0.81,99.18,100.0
2026-05-13,3285,微端,28.9,28.9,28.25,28.4,6,1,0,0,0,12.91,87.08,100.0
2026-05-13,3287,廣寰科,31.85,33.9,31.85,32.1,3452,2055,50,0,-1,1.56,98.43,100.0
2026-05-13,3288,點晶,14.7,15.25,14.7,15.25,4,0,0,0,0,0.14,99.85,100.0
2026-05-13,3289,宜特,177.5,180.0,173.0,175.5,3578,1297,719,0,11,12.15,87.84,100.0
2026-05-13,3290,東浦,47.9,47.9,46.9,47.5,433,122,-112,0,0,6.41,93.58,100.0
2026-05-13,3293,鈊象,734.0,740.0,724.0,724.0,1391,306,-385,1,-54,27.7,72.29,100.0
2026-05-13,3294,英濟,30.9,30.9,30.1,30.2,513,71,-273,0,0,12.04,87.95,100.0
2026-05-13,3296,勝德,21.8,21.85,21.1,21.5,121,14,-5,0,0,2.27,97.72,100.0
2026-05-13,3297,杭特,31.65,31.95,31.6,31.8,64,6,-24,0,0,3.11,96.88,100.0
2026-05-13,3303,岱稜,49.5,51.1,49.5,50.1,457,82,128,0,0,5.04,94.95,100.0
2026-05-13,3305,昇貿,128.0,134.5,122.0,130.5,27455,16495,-1589,0,183,6.88,93.11,100.0
2026-05-13,3306,鼎天,45.4,45.55,44.5,44.55,190,33,-12,0,0,2.01,97.98,100.0
2026-05-13,3308,聯德,21.35,21.35,20.6,20.6,96,10,-35,0,-1,0.82,99.17,100.0
2026-05-13,3310,佳穎,69.0,69.8,67.9,69.2,134,15,-3,0,0,0.19,99.8,100.0
2026-05-13,3311,閎暉,33.2,33.2,31.85,31.95,207,29,-35,0,2,1.68,98.31,100.0
2026-05-13,3312,弘憶股,47.6,48.2,46.5,47.15,10597,5129,-693,0,-1,3.05,96.94,100.0
2026-05-13,3313,斐成,11.4,11.5,11.3,11.35,96,0,-3,0,0,4.7,95.29,100.0
2026-05-13,3317,尼克森,67.0,68.6,64.9,68.3,4231,1988,160,0,-26,10.78,89.21,100.0
2026-05-13,3321,同泰,16.9,16.9,16.25,16.3,300,0,-115,0,-1,1.7,98.29,100.0
2026-05-13,3322,建舜電,13.65,14.05,13.3,13.85,3659,442,-635,0,0,2.59,97.4,100.0
2026-05-13,3323,加百裕,36.6,37.5,35.5,35.5,2219,721,-538,0,-8,12.22,87.77,100.0
2026-05-13,3324,雙鴻,1055.0,1065.0,1040.0,1065.0,1938,767,-62,0,6,28.05,71.94,100.0
2026-05-13,3325,旭品,12.2,12.45,12.0,12.2,543,0,243,0,0,0.96,99.03,100.0
2026-05-13,3332,幸康,66.9,66.9,65.0,65.9,11,1,-3,0,0,0.92,99.07,100.0
2026-05-13,3338,泰碩,71.5,71.5,70.0,70.0,1083,280,110,0,-2,3.69,96.3,100.0
2026-05-13,3339,泰谷,51.2,54.5,49.0,49.35,4017,1707,-281,0,0,8.22,91.77,100.0
2026-05-13,3346,麗清,16.5,16.5,15.95,16.05,848,85,-160,0,0,1.95,98.04,100.0
2026-05-13,3349,寶德,19.55,21.15,19.45,20.3,161,0,38,0,0,1.08,98.91,100.0
2026-05-13,3354,律勝,34.3,35.3,32.75,34.75,1890,878,308,0,0,2.6,97.39,100.0
2026-05-13,3356,奇偶,61.0,61.5,59.6,60.3,1381,341,91,0,0,7.7,92.29,100.0
2026-05-13,3357,臺慶科,188.0,213.0,184.5,213.0,10424,4644,473,0,82,15.77,84.22,100.0
2026-05-13,3360,尚立,15.95,16.95,15.4,16.85,6345,2721,-780,0,-10,1.59,98.4,100.0
2026-05-13,3362,先進光,104.0,104.0,100.5,101.5,589,120,-269,0,-2,8.03,91.96,100.0
2026-05-13,3363,上詮,885.0,907.0,842.0,853.0,3859,1260,-1123,-2,-38,19.06,80.93,100.0
2026-05-13,3372,典範,19.25,19.3,18.85,18.85,774,0,43,0,0,1.19,98.8,100.0
2026-05-13,3373,熱映,16.8,17.1,16.8,16.85,93,7,-6,0,0,1.48,98.51,100.0
2026-05-13,3374,精材,247.0,251.0,230.0,237.0,25753,8453,-5536,0,-1226,11.28,88.71,100.0
2026-05-13,3376,新日興,204.0,204.5,198.0,200.0,3732,1034,-792,0,-132,17.14,82.85,100.0
2026-05-13,3379,彬台,35.5,35.5,34.85,34.95,255,49,-48,0,0,1.53,98.46,100.0
2026-05-13,3380,明泰,32.0,32.0,31.35,31.65,2559,593,-430,0,-100,5.64,94.35,100.0
2026-05-13,3388,崇越電,121.5,131.5,112.0,113.0,7776,3989,-245,0,-58,6.7,93.29,100.0
2026-05-13,3390,旭軟,27.1,28.1,26.45,27.9,1411,527,34,0,0,3.47,96.52,100.0
2026-05-13,3402,漢科,139.0,142.0,138.0,138.0,1006,331,-246,0,0,7.4,92.59,100.0
2026-05-13,3406,玉晶光,517.0,519.0,505.0,516.0,852,321,80,-33,-12,41.88,58.11,100.0
2026-05-13,3413,京鼎,307.5,313.0,306.5,311.0,1713,564,265,-13,-9,13.02,86.97,100.0
2026-05-13,3416,融程電,169.0,169.5,165.5,167.0,525,123,84,0,-4,2.94,97.05,100.0
2026-05-13,3419,譁裕,14.15,14.25,13.75,14.1,507,0,-52,0,2,1.86,98.13,100.0
2026-05-13,3426,台興,47.7,47.7,47.7,47.7,32,0,0,0,0,0.44,99.55,100.0
2026-05-13,3430,奇鈦科,170.0,183.0,169.5,176.0,5958,3847,98,0,0,7.19,92.8,100.0
2026-05-13,3432,台端,19.25,19.95,19.2,19.8,123,0,10,0,0,3.12,96.87,100.0
2026-05-13,3434,哲固,28.65,28.65,28.3,28.4,72,2,-5,0,0,1.89,98.1,100.0
2026-05-13,3437,榮創,26.0,26.0,24.8,24.85,2639,555,-776,0,2,3.85,96.14,100.0
2026-05-13,3438,類比科,63.1,63.1,60.3,61.3,322,60,69,0,0,3.19,96.8,100.0
2026-05-13,3441,聯一光,39.4,40.0,38.85,39.0,516,133,-28,0,0,2.41,97.58,100.0
2026-05-13,3443,創意,5405.0,5455.0,5050.0,5330.0,2747,1098,721,12,-122,28.14,71.85,100.0
2026-05-13,3444,利機,94.4,96.1,90.0,93.7,633,189,-220,0,0,11.09,88.9,100.0
2026-05-13,3447,展達,38.45,38.45,37.55,37.8,157,27,-39,0,0,1.13,98.86,100.0
2026-05-13,3450,聯鈞,452.5,466.0,430.0,441.0,7417,0,987,-800,-162,26.3,73.69,100.0
2026-05-13,3455,由田,288.0,288.0,284.0,286.0,459,0,118,0,-1,19.9,80.09,100.0
2026-05-13,3465,進泰電子,28.25,28.35,27.65,28.35,14,1,-1,0,0,4.7,95.29,100.0
2026-05-13,3466,德晉,38.8,39.6,37.45,37.65,607,111,-77,0,0,17.23,82.76,100.0
2026-05-13,3467,台灣精材,70.5,70.5,67.6,67.8,424,130,-35,0,0,1.3,98.69,100.0
2026-05-13,3473,智通聯網,95.62,97.9,95.1,97.8,6,0,0,0,0,0.0,0.0,0.0
2026-05-13,3479,安勤,96.3,96.3,95.0,96.3,434,87,170,0,0,6.01,93.98,100.0
2026-05-13,3481,群創,35.8,37.95,33.85,37.5,1379646,859885,127239,657,5029,30.39,69.6,100.0
2026-05-13,3483,力致,91.0,91.7,88.5,89.5,956,289,-177,0,-3,7.26,92.73,100.0
2026-05-13,3484,崧騰,43.15,43.15,42.3,42.55,301,28,6,0,0,7.64,92.35,100.0
2026-05-13,3485,敘豐,300.0,300.0,286.5,292.0,379,0,-74,0,-1,0.05,99.94,100.0
2026-05-13,3489,森寶,23.3,23.3,22.15,22.2,123,5,-30,0,0,0.73,99.26,100.0
2026-05-13,3490,單井,31.5,34.0,31.5,32.45,3607,1809,397,0,0,6.69,93.3,100.0
2026-05-13,3491,昇達科,1720.0,1830.0,1710.0,1720.0,1848,874,-115,-36,-2,31.32,68.67,100.0
2026-05-13,3492,長盛,22.65,22.95,22.6,22.9,65,10,-11,0,0,0.55,99.44,100.0
2026-05-13,3494,誠研,7.78,7.78,7.53,7.59,159,0,-45,0,5,1.69,98.3,100.0
2026-05-13,3498,陽程,113.0,123.5,113.0,123.5,4803,1524,1568,0,52,18.7,81.29,100.0
2026-05-13,3499,環天科,14.85,14.9,14.45,14.65,101,0,-14,0,0,0.64,99.35,100.0
2026-05-13,3501,維熹,44.3,44.3,42.45,42.9,919,89,-161,0,1,3.16,96.83,100.0
2026-05-13,3504,揚明光,65.0,67.1,63.3,66.2,856,281,-248,0,1,3.45,96.54,100.0
2026-05-13,3508,位速,20.0,21.0,20.0,20.3,278,0,-7,0,0,0.41,99.58,100.0
2026-05-13,3511,矽瑪,20.9,21.6,20.75,21.25,386,97,-52,0,0,3.51,96.48,100.0
2026-05-13,3512,皇龍,20.35,20.35,20.2,20.35,36,0,7,0,0,0.47,99.52,100.0
2026-05-13,3515,華擎,231.0,231.5,226.0,228.5,587,133,-175,0,4,7.27,92.72,100.0
2026-05-13,3516,亞帝歐,23.1,23.1,23.1,23.1,515,0,-40,0,0,0.42,99.57,100.0
2026-05-13,3518,柏騰,37.6,38.4,36.3,36.45,1643,663,-378,0,1,6.36,93.63,100.0
2026-05-13,3520,華盈,15.2,15.2,15.0,15.05,198,15,-18,0,0,1.35,98.64,100.0
2026-05-13,3521,鴻翊,13.0,13.15,12.8,13.15,60,3,-14,0,0,0.36,99.63,100.0
2026-05-13,3521,台鋼建設,13.0,13.15,12.8,13.15,60,3,-14,0,0,0.36,99.63,100.0
2026-05-13,3522,御頂,12.6,13.0,12.2,13.0,287,0,-10,0,0,0.28,99.71,100.0
2026-05-13,3522,御嵿,12.6,13.0,12.2,13.0,287,0,-10,0,0,0.28,99.71,100.0
2026-05-13,3523,迎輝,12.5,12.8,11.6,12.4,48,0,-5,0,0,0.08,99.91,100.0
2026-05-13,3526,凡甲,383.5,396.5,383.5,389.0,755,176,263,-14,-16,20.88,79.11,100.0
2026-05-13,3527,聚積,62.3,62.3,59.7,60.5,273,140,2,0,0,7.01,92.98,100.0
2026-05-13,3528,安馳,77.7,81.7,77.7,81.7,599,197,-39,0,0,4.94,95.05,100.0
2026-05-13,3529,力旺,3990.0,4115.0,3800.0,3920.0,1557,338,626,-193,-40,67.36,32.63,100.0
2026-05-13,3530,晶相光,70.5,70.8,67.7,68.4,368,105,-116,0,0,40.92,59.07,100.0
2026-05-13,3531,先益,23.1,23.1,22.6,23.1,8,1,0,0,0,19.28,80.71,100.0
2026-05-13,3532,台勝科,259.0,259.0,240.5,246.5,844,0,-84,0,134,44.48,55.51,100.0
2026-05-13,3533,嘉澤,2700.0,2745.0,2545.0,2595.0,4409,794,723,-878,-5,45.93,54.06,100.0
2026-05-13,3535,晶彩科,128.0,128.5,123.0,125.0,2387,904,-177,0,-1,1.69,98.3,100.0
2026-05-13,3537,堡達,48.25,49.1,47.15,48.7,476,118,87,0,0,3.02,96.97,100.0
2026-05-13,3540,曜越,28.2,28.2,27.2,27.2,312,56,-132,0,0,3.01,96.98,100.0
2026-05-13,3541,西柏,22.9,23.3,22.8,23.0,18,2,-1,0,0,1.0,98.99,100.0
2026-05-13,3543,州巧,38.15,39.25,37.9,38.4,1051,353,-5,0,3,7.4,92.59,100.0
2026-05-13,3545,敦泰,56.1,57.2,55.1,55.7,2313,658,-621,6,1,13.35,86.64,100.0
2026-05-13,3546,宇峻,67.7,68.2,67.2,67.9,110,25,-17,0,12,9.93,90.06,100.0
2026-05-13,3548,兆利,99.6,100.0,97.4,98.7,656,208,-49,0,-10,8.26,91.73,100.0
2026-05-13,3550,聯穎,20.1,20.2,19.65,20.05,1222,306,30,0,0,4.84,95.15,100.0
2026-05-13,3551,世禾,213.5,215.0,209.5,210.5,1247,427,-56,0,-50,4.69,95.3,100.0
2026-05-13,3552,同致,56.4,56.4,54.8,55.2,282,83,-18,0,2,11.57,88.42,100.0
2026-05-13,3555,博士旺,223.0,226.0,215.0,219.0,224,94,-21,0,0,1.62,98.37,100.0
2026-05-13,3556,禾瑞亞,52.6,53.5,51.7,53.0,317,87,-19,0,0,5.58,94.41,100.0
2026-05-13,3557,嘉威,26.3,26.8,25.4,25.8,245,52,94,0,-3,1.79,98.2,100.0
2026-05-13,3558,神準,114.0,114.0,110.5,112.0,161,31,-92,0,0,4.07,95.92,100.0
2026-05-13,3563,牧德,812.0,835.0,807.0,823.0,1616,643,-369,-37,9,7.53,92.46,100.0
2026-05-13,3564,其陽,41.5,41.5,40.5,41.45,94,13,26,0,0,3.38,96.61,100.0
2026-05-13,3567,逸昌,29.1,29.1,28.3,28.5,61,10,12,0,0,3.0,96.99,100.0
2026-05-13,3570,大塚,173.5,173.5,171.0,172.5,45,7,4,0,0,44.73,55.26,100.0
2026-05-13,3576,聯合再生,17.25,18.6,16.8,18.25,37707,0,10588,0,0,11.44,88.55,100.0
2026-05-13,3577,泓格,94.5,99.6,93.2,99.6,1679,560,16,0,7,2.71,97.28,100.0
2026-05-13,3580,友威科,105.0,108.0,101.5,103.0,6426,2956,-1124,0,1,8.64,91.35,100.0
2026-05-13,3581,博磊,228.0,230.0,216.5,225.0,309,0,-31,0,27,17.29,82.7,100.0
2026-05-13,3583,辛耘,915.0,971.0,895.0,966.0,6906,4357,-153,138,-121,19.01,80.98,100.0
2026-05-13,3585,聯致,110.48,110.0,100.0,104.5,2135,0,-38,0,0,0.0,0.0,0.0
2026-05-13,3587,閎康,380.0,399.0,379.0,396.0,10474,5631,-351,0,-50,13.07,86.92,100.0
2026-05-13,3588,通嘉,61.5,61.5,59.2,60.5,511,124,-22,0,2,3.72,96.27,100.0
2026-05-13,3591,艾笛森,24.15,24.35,23.2,23.7,2128,455,-1004,0,0,4.34,95.65,100.0
2026-05-13,3592,瑞鼎,258.5,268.0,257.0,259.5,1973,569,598,-2,1,16.92,83.07,100.0
2026-05-13,3593,力銘,17.95,17.95,17.35,17.9,39,0,-1,0,0,0.24,99.75,100.0
2026-05-13,3594,磐儀,53.0,54.3,52.1,53.8,541,207,-21,0,3,2.36,97.63,100.0
2026-05-13,3595,山太士,2905.01,2955.0,2770.0,2815.0,542,0,-4,0,0,0.0,0.0,0.0
2026-05-13,3596,智易,181.5,185.5,180.0,183.0,2168,689,82,-38,0,29.85,70.14,100.0
2026-05-13,3597,映興,27.55,27.6,26.95,27.5,173,39,16,0,0,0.82,99.17,100.0
2026-05-13,3603,建祥國際,8.32,9.14,8.19,9.1,41,0,0,0,0,0.0,0.0,0.0
2026-05-13,3605,宏致,80.3,81.1,79.2,80.3,3510,1422,503,0,-35,12.09,87.9,100.0
2026-05-13,3607,谷崧,14.45,14.65,14.15,14.3,477,85,-158,0,0,5.88,94.11,100.0
2026-05-13,3609,三一東林,23.6,25.35,23.3,25.35,252,67,68,0,0,3.49,96.5,100.0
2026-05-13,3611,鼎翰,189.5,190.5,188.5,190.0,47,11,-9,0,0,11.93,88.06,100.0
2026-05-13,3615,安可,32.65,36.1,32.45,36.1,8098,3195,430,0,23,5.82,94.17,100.0
2026-05-13,3617,碩天,195.0,197.5,193.0,197.0,424,94,93,0,0,9.23,90.76,100.0
2026-05-13,3622,洋華,55.8,56.6,55.1,55.1,500,109,-222,0,1,3.65,96.34,100.0
2026-05-13,3623,富晶通,23.2,23.2,22.6,22.7,85,13,-5,0,0,2.83,97.16,100.0
2026-05-13,3624,光頡,65.2,68.3,61.4,66.6,11714,6637,918,570,53,51.08,48.91,100.0
2026-05-13,3625,西勝,14.5,15.0,14.25,14.9,673,0,75,0,0,5.5,94.49,100.0
2026-05-13,3628,盈正,67.6,67.6,66.5,66.5,165,6,-59,0,-1,4.75,95.24,100.0
2026-05-13,3629,地心引力,17.15,17.15,16.95,16.95,26,0,0,0,0,0.02,99.97,100.0
2026-05-13,3630,新鉅科,26.0,26.1,25.5,25.65,946,198,-48,0,0,39.54,60.45,100.0
2026-05-13,3631,晟楠,41.35,41.35,39.95,40.8,251,111,-15,0,0,8.11,91.88,100.0
2026-05-13,3632,研勤,8.32,8.33,8.31,8.31,10,0,0,0,0,0.29,99.7,100.0
2026-05-13,3633,云光,129.82,131.0,125.5,130.0,63,0,-6,0,0,0.0,0.0,0.0
2026-05-13,3645,達邁,104.5,109.5,101.0,108.5,11775,5749,-429,0,-140,13.5,86.49,100.0
2026-05-13,3646,艾恩特,23.2,23.2,23.05,23.15,13,3,0,0,0,6.81,93.18,100.0
2026-05-13,3652,精聯,30.7,30.7,29.65,30.0,84,7,5,0,1,0.63,99.36,100.0
2026-05-13,3653,健策,3800.0,3800.0,3530.0,3530.0,1282,0,294,-310,77,26.79,73.2,100.0
2026-05-13,3659,百辰,24.42,25.1,23.9,24.0,32,0,0,0,0,0.0,0.0,0.0
2026-05-13,3661,世芯-KY,5115.0,5135.0,4780.0,4780.0,3657,1331,-512,-143,-98,54.24,45.75,100.0
2026-05-13,3663,鑫科,67.4,68.8,66.6,67.8,1291,553,3,0,-14,2.77,97.22,100.0
2026-05-13,3664,安瑞-KY,10.2,10.35,10.2,10.35,318,0,-19,0,0,37.96,62.03,100.0
2026-05-13,3665,貿聯-KY,2500.0,2500.0,2500.0,2500.0,1079,31,-70,85,-37,53.22,46.77,100.0
2026-05-13,3666,光耀,28.7,29.35,28.45,28.7,129,25,-24,0,5,0.31,99.68,100.0
2026-05-13,3669,圓展,38.5,38.85,38.05,38.35,154,41,53,0,3,2.45,97.54,100.0
2026-05-13,3672,康聯訊,11.1,11.45,11.1,11.3,33,0,1,0,0,2.44,97.55,100.0
2026-05-13,3673,TPK-KY,61.3,66.6,60.8,66.6,27239,13364,-855,0,433,43.93,56.06,100.0
2026-05-13,3675,德微,238.0,261.5,236.0,254.5,2532,1275,57,0,53,57.17,42.82,100.0
2026-05-13,3678,聯享,60.41,61.9,57.2,61.2,186,0,8,0,0,0.0,0.0,0.0
2026-05-13,3679,新至陞,118.5,119.0,118.0,118.5,34,1,-8,0,0,8.91,91.08,100.0
2026-05-13,3680,家登,592.0,602.0,563.0,588.0,3276,1534,38,-80,-33,23.41,76.58,100.0
2026-05-13,3684,榮昌,58.0,58.1,57.5,57.5,42,1,-8,0,0,1.26,98.73,100.0
2026-05-13,3685,元創精密,29.3,29.35,28.0,28.6,231,0,-12,0,0,0.27,99.72,100.0
2026-05-13,3686,達能,17.05,17.5,17.0,17.3,303,0,2,0,1,1.31,98.68,100.0
2026-05-13,3687,歐買尬,64.1,64.1,63.6,63.7,70,8,0,0,2,4.84,95.15,100.0
2026-05-13,3689,湧德,123.5,124.0,121.0,122.0,1954,598,42,0,-43,5.64,94.35,100.0
2026-05-13,3691,碩禾,155.0,157.0,146.5,154.0,4297,1995,-180,0,-167,9.72,90.27,100.0
2026-05-13,3693,營邦,583.0,588.0,558.0,569.0,1290,461,24,0,-65,11.01,88.98,100.0
2026-05-13,3694,海華,56.9,56.9,55.2,55.6,871,205,-214,0,20,4.29,95.7,100.0
2026-05-13,3701,大眾控,60.9,62.0,58.1,59.0,3625,1032,-676,0,0,4.27,95.72,100.0
2026-05-13,3702,大聯大,121.0,121.0,110.0,110.5,18188,8187,-381,-4634,-59,35.39,64.6,100.0
2026-05-13,3703,欣陸,20.5,20.5,20.1,20.3,1186,158,-571,0,0,20.42,79.57,100.0
2026-05-13,3704,合勤控,36.4,36.6,35.2,36.55,2742,1023,-382,1,0,10.05,89.94,100.0
2026-05-13,3705,永信,55.5,56.2,55.3,56.0,326,33,73,0,0,7.21,92.78,100.0
2026-05-13,3706,神達,83.4,83.4,80.9,82.1,29666,6149,-14959,2,-486,9.87,90.12,100.0
2026-05-13,3707,漢磊,75.5,76.3,72.1,72.8,17602,8064,-4491,0,-124,11.95,88.04,100.0
2026-05-13,3708,上緯投控,119.5,119.5,115.5,118.0,1480,516,-468,0,-118,5.52,94.47,100.0
2026-05-13,3709,鑫聯大投控,82.0,83.5,80.6,81.9,2333,796,-92,0,190,10.27,89.72,100.0
2026-05-13,3710,連展投控,6.34,6.56,6.06,6.22,581,0,-82,0,0,2.25,97.74,100.0
2026-05-13,3711,日月光投控,535.0,557.0,534.0,548.0,24676,8092,-3899,2660,-343,78.37,21.62,100.0
2026-05-13,3712,永崴投控,0.0,0.0,0.0,0.0,0,0,0,0,0,1.2,98.79,100.0
2026-05-13,3713,新晶投控,14.15,14.15,13.4,13.85,154,0,-4,0,0,0.4,99.59,100.0
2026-05-13,3714,富采,72.5,73.2,69.1,70.0,28941,12810,-3196,0,-309,11.87,88.12,100.0
2026-05-13,3715,定穎投控,179.0,180.5,176.0,176.5,7133,2292,-886,-1,-114,9.15,90.84,100.0
2026-05-13,3716,中化控股,34.2,35.05,33.85,34.8,459,80,51,0,0,8.23,91.76,100.0
2026-05-13,3717,聯嘉投控,22.9,22.9,22.0,22.3,1475,578,-23,0,-5,3.87,96.12,100.0
2026-05-13,4102,永日,17.5,17.6,17.3,17.6,62,7,-5,0,0,1.15,98.84,100.0
2026-05-13,4104,佳醫,69.7,69.7,68.8,69.3,660,35,-76,0,0,2.73,97.26,100.0
2026-05-13,4105,東洋,75.3,75.7,75.0,75.6,639,127,214,0,0,19.86,80.13,100.0
2026-05-13,4106,雃博,22.45,23.4,22.25,23.35,1039,228,-8,0,0,1.86,98.13,100.0
2026-05-13,4107,邦特,120.5,120.5,119.0,119.5,70,5,6,0,0,7.63,92.36,100.0
2026-05-13,4108,懷特,11.8,12.0,11.8,11.95,187,0,-4,0,0,1.13,98.86,100.0
2026-05-13,4109,加捷生醫,11.4,11.5,11.35,11.4,125,8,44,0,0,0.72,99.27,100.0
2026-05-13,4111,濟生,30.2,30.35,30.0,30.0,136,7,3,0,0,3.33,96.66,100.0
2026-05-13,4113,聯上,14.55,14.8,14.45,14.8,450,66,59,0,0,2.17,97.82,100.0
2026-05-13,4114,健喬,31.05,31.05,30.8,30.85,996,64,-110,0,0,6.36,93.63,100.0
2026-05-13,4115,善德生技,9.27,10.25,9.01,9.39,179,0,-2,0,0,0.0,0.0,0.0
2026-05-13,4116,明基醫,38.8,38.8,38.3,38.4,58,1,5,0,0,0.43,99.56,100.0
2026-05-13,4119,旭富,41.95,41.95,41.15,41.6,334,49,32,0,3,5.82,94.17,100.0
2026-05-13,4120,友華,46.5,46.9,46.5,46.5,59,2,2,0,0,6.24,93.75,100.0
2026-05-13,4121,優盛,14.2,14.3,14.15,14.15,150,14,-23,0,0,2.21,97.78,100.0
2026-05-13,4123,晟德,38.25,38.45,38.1,38.3,1761,158,-785,0,28,9.12,90.87,100.0
2026-05-13,4126,太醫,80.3,80.4,79.7,79.7,44,2,20,0,0,9.1,90.89,100.0
2026-05-13,4127,天良,0.0,0.0,0.0,0.0,0,0,0,0,0,0.65,99.34,100.0
2026-05-13,4128,中天,14.95,15.15,14.9,14.9,1353,310,183,0,-4,6.93,93.06,100.0
2026-05-13,4129,聯合,92.4,92.7,91.6,91.8,405,31,-178,0,0,12.39,87.6,100.0
2026-05-13,4130,健亞,28.45,28.5,28.15,28.25,162,12,63,0,0,1.92,98.07,100.0
2026-05-13,4131,浩泰,35.6,35.8,34.9,35.3,54,0,1,0,0,1.29,98.7,100.0
2026-05-13,4133,亞諾法,21.4,21.7,21.25,21.4,175,18,30,0,0,12.5,87.49,100.0
2026-05-13,4137,麗豐-KY,105.5,107.0,104.5,105.0,463,54,2,0,0,56.45,43.54,100.0
2026-05-13,4138,曜亞,52.5,52.5,51.7,51.9,99,6,-26,0,0,1.13,98.86,100.0
2026-05-13,4139,馬光-KY,23.9,23.9,23.5,23.55,10,0,1,0,0,19.96,80.03,100.0
2026-05-13,4142,國光生,17.6,17.9,17.6,17.8,1090,219,294,0,-4,4.76,95.23,100.0
2026-05-13,4147,中裕,49.9,50.9,49.1,49.1,697,161,-211,0,0,8.84,91.15,100.0
2026-05-13,4148,全宇生技-KY,37.35,37.6,36.75,37.1,85,16,-12,0,0,71.11,28.88,100.0
2026-05-13,4150,優你康,6.11,6.42,6.08,6.11,241,0,-29,0,0,0.0,0.0,0.0
2026-05-13,4153,鈺緯,30.0,30.5,29.95,30.15,40,4,7,0,0,0.36,99.63,100.0
2026-05-13,4154,樂威科-KY,13.3,13.75,13.3,13.75,79,0,29,0,0,30.05,69.94,100.0
2026-05-13,4155,訊映,14.15,14.2,13.7,14.2,2351,510,526,0,9,1.46,98.53,100.0
2026-05-13,4157,太景*-KY,9.22,9.29,9.13,9.21,971,99,96,0,0,1.61,98.38,100.0
2026-05-13,4160,訊聯基因,43.3,43.3,42.0,42.2,57,10,1,0,0,0.78,99.21,100.0
2026-05-13,4161,聿新科,23.1,23.1,22.8,22.95,58,8,-17,0,0,0.36,99.63,100.0
2026-05-13,4162,智擎,56.3,56.8,55.5,56.2,406,61,94,0,-1,11.62,88.37,100.0
2026-05-13,4163,鐿鈦,98.7,98.7,97.9,97.9,5,1,-1,0,-1,2.7,97.29,100.0
2026-05-13,4164,承業醫,28.5,28.55,28.0,28.15,1104,152,-79,0,9,19.45,80.54,100.0
2026-05-13,4166,友霖,26.2,26.95,26.1,26.7,443,28,151,0,0,10.85,89.14,100.0
2026-05-13,4167,松瑞藥,19.05,19.35,19.0,19.25,804,117,-116,0,-2,10.3,89.69,100.0
2026-05-13,4168,醣聯,22.35,23.5,22.3,22.7,219,0,-19,0,0,4.83,95.16,100.0
2026-05-13,4169,泰宗,159.0,159.0,152.0,152.0,126,0,-46,0,0,6.29,93.7,100.0
2026-05-13,4170,鑫品生醫,13.17,13.6,13.0,13.4,30,0,0,0,0,0.0,0.0,0.0
2026-05-13,4171,瑞基,18.75,18.75,18.35,18.5,86,16,2,0,0,14.39,85.6,100.0
2026-05-13,4172,因華,13.68,14.0,13.4,13.95,146,0,0,0,0,0.0,0.0,0.0
2026-05-13,4173,久裕,18.45,18.5,18.25,18.5,237,12,3,0,0,0.71,99.28,100.0
2026-05-13,4174,浩鼎,32.25,33.35,32.25,32.7,634,113,35,0,0,6.45,93.54,100.0
2026-05-13,4175,杏一,53.7,53.7,53.4,53.4,38,1,1,0,0,0.19,99.8,100.0
2026-05-13,4178,永笙-KY,19.0,19.1,18.95,19.05,553,0,90,0,0,5.59,94.4,100.0
2026-05-13,4183,福永生技,0.0,0.0,0.0,0.0,0,0,0,0,0,0.0,99.99,100.0
2026-05-13,4186,尖端醫,11.2,11.05,10.5,10.75,281,0,-7,0,0,0.0,0.0,0.0
2026-05-13,4188,安克,11.3,11.5,11.3,11.5,25,0,-6,0,0,0.08,99.91,100.0
2026-05-13,4190,佐登-KY,24.5,25.0,24.3,24.75,47,3,-9,0,-2,61.53,38.46,100.0
2026-05-13,4192,杏國,0.0,0.0,0.0,0.0,1,0,0,0,0,0.31,99.68,100.0
2026-05-13,4194,禾生技,7.58,7.82,7.22,7.59,85,0,14,0,0,0.0,0.0,0.0
2026-05-13,4195,基米-創,21.5,22.4,19.9,20.25,1116,0,17,0,0,0.21,99.78,100.0
2026-05-13,4197,暐世,9.92,10.45,9.76,10.35,114,0,0,0,0,0.0,0.0,0.0
2026-05-13,4198,欣大健康,0.0,0.0,0.0,0.0,0,0,0,0,0,1.16,98.83,100.0
2026-05-13,4205,中華食,73.4,73.4,73.1,73.2,45,1,-1,0,0,0.59,99.4,100.0
2026-05-13,4207,環泰,18.4,18.8,18.4,18.7,140,5,43,0,0,1.51,98.48,100.0
2026-05-13,4303,信立,50.3,51.2,50.3,50.4,503,131,-35,0,0,2.25,97.74,100.0
2026-05-13,4304,勝昱,30.0,30.0,29.8,30.0,29,0,0,0,0,0.03,99.96,100.0
2026-05-13,4305,世坤,0.0,0.0,0.0,0.0,0,0,0,0,0,0.06,99.93,100.0
2026-05-13,4306,炎洲,13.15,13.2,13.1,13.1,676,57,-174,0,0,4.61,95.38,100.0
2026-05-13,4401,東隆興,14.0,14.1,13.85,14.1,124,4,7,0,0,1.4,98.59,100.0
2026-05-13,4402,郡都開發,12.5,12.85,12.2,12.4,85,0,-5,0,0,2.26,97.73,100.0
2026-05-13,4406,新昕纖,10.0,10.0,9.9,9.95,25,2,-2,0,0,0.21,99.78,100.0
2026-05-13,4413,飛寶企業,0.0,0.0,0.0,0.0,0,0,0,0,0,5.73,94.26,100.0
2026-05-13,4414,如興,9.87,9.95,9.81,9.93,535,102,23,0,-2,26.77,73.22,100.0
2026-05-13,4416,三圓,12.25,12.95,12.25,12.3,81,11,-50,0,0,1.22,98.77,100.0
2026-05-13,4417,金洲,46.0,46.0,45.55,45.9,338,21,-88,0,0,4.14,95.85,100.0
2026-05-13,4419,元勝,46.2,46.2,46.0,46.0,7,0,0,0,0,0.0,99.99,100.0
2026-05-13,4419,皇家美食,46.2,46.2,46.0,46.0,7,0,0,0,0,0.0,99.99,100.0
2026-05-13,4420,光明,41.5,41.5,40.5,40.85,103,6,20,0,0,1.39,98.6,100.0
2026-05-13,4426,利勤,8.05,8.05,7.94,7.98,123,27,-2,0,2,2.3,97.69,100.0
2026-05-13,4430,耀億,17.25,17.25,16.5,17.05,99,38,0,0,0,2.27,97.72,100.0
2026-05-13,4431,敏成健康,17.04,17.3,16.7,17.3,37,0,-1,0,0,0.0,0.0,0.0
2026-05-13,4432,銘旺實,15.55,15.55,15.55,15.55,75,0,0,0,0,0.93,99.06,100.0
2026-05-13,4433,興采,20.3,20.35,20.15,20.15,18,2,2,0,0,0.14,99.85,100.0
2026-05-13,4438,廣越,57.9,58.0,57.1,58.0,69,11,-21,0,1,1.89,98.1,100.0
2026-05-13,4439,冠星-KY,97.0,97.0,94.3,95.3,27,8,0,0,0,61.39,38.6,100.0
2026-05-13,4440,宜新實業,18.0,19.5,18.0,19.2,711,125,14,0,-2,0.81,99.18,100.0
2026-05-13,4441,振大環球,219.5,219.5,213.0,216.0,136,40,-11,0,0,1.46,98.53,100.0
2026-05-13,4442,竣邦-KY,56.5,57.5,55.5,55.9,70,2,-22,0,0,62.98,37.01,100.0
2026-05-13,4502,健信,16.35,16.35,15.95,15.95,17,0,-8,0,0,3.88,96.11,100.0
2026-05-13,4503,金雨,46.5,46.85,45.0,45.05,368,77,-73,0,14,3.42,96.57,100.0
2026-05-13,4506,崇友,118.5,119.5,118.0,119.5,69,8,28,0,0,3.17,96.82,100.0
2026-05-13,4510,高鋒,47.85,48.0,46.2,46.6,1553,426,-537,0,-17,3.83,96.16,100.0
2026-05-13,4513,福裕,14.95,15.0,14.7,14.7,302,66,-1,0,0,1.83,98.16,100.0
2026-05-13,4523,永彰,29.6,29.65,29.4,29.45,182,13,-57,0,0,2.44,97.55,100.0
2026-05-13,4526,東台,36.1,36.35,35.25,35.8,3483,1186,-358,0,-4,3.83,96.16,100.0
2026-05-13,4527,方土霖,43.6,43.6,43.25,43.5,29,2,-1,0,2,1.86,98.13,100.0
2026-05-13,4528,江興鍛,16.3,16.3,15.55,16.15,50,8,-3,0,0,0.12,99.87,100.0
2026-05-13,4529,淳紳,4.6,4.81,4.6,4.81,224,0,0,0,0,38.04,61.95,100.0
2026-05-13,4530,宏易,26.2,26.25,26.0,26.0,14,0,0,0,0,2.99,97.0,100.0
2026-05-13,4532,瑞智,23.15,23.25,23.05,23.05,847,133,117,-19,0,16.8,83.19,100.0
2026-05-13,4533,協易機,30.7,31.5,30.15,31.25,1740,604,77,0,-15,3.99,96.0,100.0
2026-05-13,4534,慶騰,23.65,23.65,22.8,22.9,512,0,5,0,0,0.57,99.42,100.0
2026-05-13,4535,至興,27.35,27.5,27.35,27.5,5,0,1,0,0,0.09,99.9,100.0
2026-05-13,4536,拓凱,152.5,153.0,150.5,152.5,335,58,-29,0,0,12.21,87.78,100.0
2026-05-13,4537,旭東,181.45,184.5,174.0,177.0,238,0,0,0,0,0.0,0.0,0.0
2026-05-13,4538,大詠城,18.5,18.7,18.25,18.4,20,2,-2,0,0,0.12,99.87,100.0
2026-05-13,4540,全球傳動,68.0,68.2,64.0,65.5,5707,2781,-3,0,-3,9.77,90.22,100.0
2026-05-13,4541,晟田,44.95,45.35,43.85,43.85,1188,202,-160,0,-25,6.79,93.2,100.0
2026-05-13,4542,科嶠,216.0,219.0,212.0,218.5,316,0,12,0,9,8.12,91.87,100.0
2026-05-13,4543,萬在,37.45,37.85,36.7,36.7,394,100,-54,0,0,9.02,90.97,100.0
2026-05-13,4544,春日,15.66,0.0,0.0,0.0,0,0,0,0,0,0.0,0.0,0.0
2026-05-13,4545,銘鈺,29.95,30.05,29.7,29.9,98,11,4,0,-1,29.15,70.84,100.0
2026-05-13,4546,長亨,113.18,117.5,113.0,117.0,25,0,-1,0,0,0.0,0.0,0.0
2026-05-13,4549,桓達,101.5,101.5,98.5,99.3,159,47,-43,0,0,4.02,95.97,100.0
2026-05-13,4550,長佳,24.05,24.25,24.05,24.25,6,0,-2,0,0,1.58,98.41,100.0
2026-05-13,4551,智伸科,153.5,156.5,150.5,153.0,1121,452,158,0,-9,52.07,47.92,100.0
2026-05-13,4552,力達-KY,20.0,20.05,19.95,20.0,288,4,-35,0,0,42.88,57.11,100.0
2026-05-13,4553,盛復,19.67,19.5,18.55,18.9,45,0,0,0,0,0.0,0.0,0.0
2026-05-13,4554,橙的,31.5,34.25,31.35,34.25,467,94,11,0,7,24.58,75.41,100.0
2026-05-13,4555,氣立,42.75,42.75,41.1,41.4,169,32,2,0,4,1.63,98.36,100.0
2026-05-13,4556,旭然,43.2,43.35,41.85,42.1,438,136,-16,0,0,10.69,89.3,100.0
2026-05-13,4557,永新-KY,50.4,51.0,50.4,50.8,88,6,31,0,1,31.08,68.91,100.0
2026-05-13,4558,寶緯,19.85,20.3,19.3,19.45,62,14,-1,0,0,0.24,99.75,100.0
2026-05-13,4559,久裕興,9.18,9.52,9.05,9.44,20,0,-4,0,0,0.0,0.0,0.0
2026-05-13,4560,強信-KY,35.85,36.0,34.9,35.35,337,238,-49,0,4,85.15,14.84,100.0
2026-05-13,4561,健椿,49.8,49.8,47.25,47.5,520,0,24,0,0,2.54,97.45,100.0
2026-05-13,4562,穎漢,36.8,36.8,36.0,36.0,357,95,-10,0,0,1.42,98.57,100.0
2026-05-13,4563,百德,48.95,49.75,48.0,48.05,327,143,-12,0,0,2.62,97.37,100.0
2026-05-13,4564,元翎,17.15,17.15,16.85,17.1,479,46,-109,0,8,2.69,97.3,100.0
2026-05-13,4565,宏偉,114.85,124.5,117.0,120.5,105,0,-4,0,0,0.0,0.0,0.0
2026-05-13,4566,時碩工業,65.7,65.7,62.5,62.6,1250,219,-396,0,1,1.49,98.5,100.0
2026-05-13,4568,科際精密,40.2,40.95,39.95,40.2,34,7,-1,0,0,20.09,79.9,100.0
2026-05-13,4569,六方科-KY,167.0,183.5,166.5,183.5,304,65,11,0,4,67.37,32.62,100.0
2026-05-13,4570,傑生,71.5,71.5,70.2,70.2,1,0,0,0,0,0.0,0.0,0.0
2026-05-13,4571,鈞興-KY,194.0,195.0,189.0,191.0,528,147,115,0,12,62.03,37.96,100.0
2026-05-13,4572,駐龍,144.0,148.0,142.0,148.0,66,8,16,0,0,2.08,97.91,100.0
2026-05-13,4573,高明鐵,499.51,484.0,451.5,471.5,600,0,10,0,0,0.0,0.0,0.0
2026-05-13,4575,銓寶,26.68,26.9,25.7,25.9,128,0,8,0,0,0.0,0.0,0.0
2026-05-13,4576,大銀微系統,255.0,256.0,242.0,248.5,4224,2242,-156,0,92,5.33,94.66,100.0
2026-05-13,4577,達航科技,141.5,145.5,138.5,143.0,1491,492,-106,0,0,2.78,97.21,100.0
2026-05-13,4580,捷流閥業,81.0,81.3,80.7,81.3,51,2,7,0,0,3.69,96.3,100.0
2026-05-13,4581,光隆精密-KY,49.35,50.0,49.35,50.0,3,0,1,0,0,23.98,76.01,100.0
2026-05-13,4582,聚恆-創,35.12,35.15,32.85,33.35,276,0,-3,0,0,0.0,0.0,0.0
2026-05-13,4583,台灣精銳,781.0,781.0,750.0,765.0,160,53,-17,0,-26,1.51,98.48,100.0
2026-05-13,4584,君帆,41.0,41.85,41.0,41.6,15,0,-2,0,0,0.01,99.98,100.0
2026-05-13,4585,達明,334.5,334.5,325.5,332.5,411,146,84,-1,1,0.71,99.28,100.0
2026-05-13,4587,寶元數控,58.69,60.0,56.1,60.0,86,0,0,0,0,0.0,0.0,0.0
2026-05-13,4588,玖鼎電力,57.2,57.4,56.6,57.0,108,15,-43,0,0,3.03,96.96,100.0
2026-05-13,4589,碩陽電機,39.45,39.95,38.35,39.9,16,0,0,0,0,0.0,0.0,0.0
2026-05-13,4590,富田-創,75.9,75.9,74.5,74.7,203,0,-44,0,0,1.8,98.19,100.0
2026-05-13,4609,唐鋒,4.89,5.0,4.89,5.0,2,0,0,0,0,0.0,99.99,100.0
2026-05-13,4702,中美實,9.79,9.84,9.62,9.71,186,19,-81,0,0,43.17,56.82,100.0
2026-05-13,4706,大恭,0.0,0.0,0.0,0.0,0,0,0,0,0,29.41,70.58,100.0
2026-05-13,4707,磐亞,16.3,16.3,14.65,14.9,5599,1621,-1178,0,-3,1.13,98.86,100.0
2026-05-13,4711,永純,16.95,16.95,16.4,16.45,122,26,1,0,16,0.85,99.14,100.0
2026-05-13,4714,永捷,14.3,14.35,14.15,14.15,705,82,-100,0,0,3.11,96.88,100.0
2026-05-13,4716,大立,15.15,15.5,15.15,15.4,541,127,86,0,0,3.89,96.1,100.0
2026-05-13,4720,德淵,26.75,27.7,26.2,27.4,8861,4981,-877,0,-2,6.39,93.6,100.0
2026-05-13,4721,美琪瑪,95.7,96.5,93.7,94.0,3265,1201,-455,0,-156,7.07,92.92,100.0
2026-05-13,4722,國精化,255.0,270.0,240.5,248.0,10374,6082,-77,0,-67,5.86,94.13,100.0
2026-05-13,4724,宣捷幹細胞,13.02,13.1,12.5,12.85,63,0,0,0,0,0.0,0.0,0.0
2026-05-13,4726,永昕,29.3,29.45,28.5,28.6,421,0,-206,0,0,20.7,79.29,100.0
2026-05-13,4728,雙美,380.0,381.0,380.0,381.0,6,0,2,0,0,19.67,80.32,100.0
2026-05-13,4729,熒茂,20.45,20.45,19.95,20.05,306,77,-35,0,0,1.88,98.11,100.0
2026-05-13,4732,彥臣,19.05,19.85,18.6,19.05,15,0,0,0,0,0.0,0.0,0.0
2026-05-13,4735,豪展,30.25,30.75,30.15,30.75,39,3,7,0,0,0.19,99.8,100.0
2026-05-13,4736,泰博,123.0,123.5,122.0,122.0,249,13,-91,0,-1,5.23,94.76,100.0
2026-05-13,4737,華廣,59.0,59.0,57.5,58.0,50,5,-18,0,0,29.04,70.95,100.0
2026-05-13,4738,大同精化,8.54,10.5,8.89,10.1,1670,0,40,0,0,0.0,0.0,0.0
2026-05-13,4739,康普,99.9,107.0,97.0,101.0,10257,5034,1229,0,284,9.05,90.94,100.0
2026-05-13,4741,泓瀚,65.4,68.9,63.2,64.4,2831,1474,-329,0,0,0.79,99.2,100.0
2026-05-13,4743,合一,51.0,52.2,50.7,50.7,2072,635,-536,0,3,13.48,86.51,100.0
2026-05-13,4744,皇將,33.6,33.75,33.15,33.65,476,49,-93,0,0,4.62,95.37,100.0
2026-05-13,4745,合富-KY,20.25,20.3,20.15,20.15,293,17,48,0,0,8.81,91.18,100.0
2026-05-13,4746,台耀,54.5,54.6,52.9,52.9,1093,193,-502,0,0,10.01,89.98,100.0
2026-05-13,4747,強生,54.0,56.0,53.7,56.0,76,5,-9,0,0,0.62,99.37,100.0
2026-05-13,4749,新應材,1150.0,1155.0,1110.0,1130.0,3260,1212,-525,242,-72,13.57,86.42,100.0
2026-05-13,4754,國碳科,38.05,38.7,38.0,38.35,68,2,1,0,0,0.24,99.75,100.0
2026-05-13,4755,三福化,138.5,139.5,136.5,137.5,571,116,-189,0,0,23.33,76.66,100.0
2026-05-13,4760,勤凱,296.0,322.0,293.0,308.5,2884,1450,-547,0,26,18.03,81.96,100.0
2026-05-13,4763,材料*-KY,41.8,41.9,41.2,41.35,7114,1126,-2955,0,-16,46.19,53.8,100.0
2026-05-13,4764,雙鍵,317.0,317.0,300.5,315.0,671,0,67,0,33,31.23,68.76,100.0
2026-05-13,4765,磐采,19.79,21.05,19.4,20.1,55,0,9,0,0,0.0,0.0,0.0
2026-05-13,4766,南寶,371.0,386.0,367.0,386.0,1126,337,-32,-30,-37,14.25,85.74,100.0
2026-05-13,4767,誠泰科技,26.6,26.9,26.6,26.9,13,2,-1,0,0,0.05,99.94,100.0
2026-05-13,4768,晶呈科技,493.0,495.0,470.0,470.5,1232,316,-195,0,-14,6.25,93.74,100.0
2026-05-13,4770,上品,230.0,230.0,224.0,225.0,558,107,-169,0,-8,6.57,93.42,100.0
2026-05-13,4771,望隼,184.0,184.5,182.5,183.5,101,6,-37,0,0,5.32,94.67,100.0
2026-05-13,4772,台特化,312.0,313.0,306.5,308.5,1960,742,-195,15,-113,4.75,95.24,100.0
2026-05-13,4806,桂田文創,11.65,11.65,10.8,10.8,3,0,0,0,0,1.88,98.11,100.0
2026-05-13,4807,日成-KY,24.45,25.6,24.2,25.05,170,41,-18,0,3,66.59,33.4,100.0
2026-05-13,4903,聯光通,44.15,47.65,42.9,47.45,7331,3412,774,0,0,3.23,96.76,100.0
2026-05-13,4904,遠傳,96.2,97.4,95.2,96.9,4767,1486,868,285,161,22.35,26.47,49.0
2026-05-13,4905,台聯電,80.5,80.5,79.0,79.5,14,0,-3,0,0,9.6,90.39,100.0
2026-05-13,4906,正文,39.0,39.2,38.0,38.0,12787,4024,-1720,0,-75,11.88,88.11,100.0
2026-05-13,4907,富宇,38.25,39.9,38.25,39.1,23,12,-2,0,0,0.17,99.82,100.0
2026-05-13,4908,前鼎,235.5,235.5,225.0,234.5,459,0,15,0,80,11.36,88.63,100.0
2026-05-13,4909,新復興,54.1,54.4,52.2,52.2,1111,275,-169,0,-11,8.45,91.54,100.0
2026-05-13,4911,德英,33.2,33.4,32.05,32.55,89,10,-5,0,0,0.3,99.69,100.0
2026-05-13,4912,聯德控股-KY,94.0,104.5,93.0,104.5,2678,399,626,0,10,25.92,74.07,100.0
2026-05-13,4915,致伸,71.2,71.2,70.6,70.6,3764,386,-2615,-134,410,34.98,65.01,100.0
2026-05-13,4916,事欣科,67.5,67.7,64.7,65.2,5730,1518,-2685,0,-21,10.44,89.55,100.0
2026-05-13,4919,新唐,170.0,175.0,163.0,166.0,29760,12387,-1245,3,-1344,8.08,91.91,100.0
2026-05-13,4923,力士,37.6,40.55,37.6,39.0,1614,735,-49,0,0,0.37,99.62,100.0
2026-05-13,4924,欣厚-KY,10.9,11.05,10.4,10.65,457,193,-5,0,0,38.18,61.81,100.0
2026-05-13,4925,智微,197.92,200.0,183.5,195.0,688,0,-26,0,0,0.0,0.0,0.0
2026-05-13,4927,泰鼎-KY,52.0,52.8,50.4,50.8,10913,3421,-58,0,0,8.7,91.29,100.0
2026-05-13,4930,燦星網,17.75,17.75,17.55,17.55,70,2,3,0,0,2.08,97.91,100.0
2026-05-13,4931,新盛力,200.0,216.0,196.0,197.0,27500,17497,106,0,-257,10.24,89.75,100.0
2026-05-13,4933,友輝,69.0,69.4,68.0,69.1,523,209,10,0,-30,5.29,94.7,100.0
2026-05-13,4934,太極,18.3,18.6,17.75,17.8,1575,0,42,0,5,2.45,97.54,100.0
2026-05-13,4935,茂林-KY,36.0,36.25,35.35,36.05,77,10,8,0,-1,26.76,73.23,100.0
2026-05-13,4938,和碩,80.8,82.4,80.2,81.8,12307,3511,-1798,860,-34,31.71,68.28,100.0
2026-05-13,4939,亞電,39.45,40.3,36.3,37.8,3690,1323,82,0,-33,4.28,95.71,100.0
2026-05-13,4942,嘉彰,37.85,37.95,37.6,37.9,69,1,-5,0,0,6.79,93.2,100.0
2026-05-13,4943,康控-KY,9.01,9.4,8.98,9.3,124,0,0,0,0,15.6,84.39,100.0
2026-05-13,4946,辣椒,104.5,106.0,103.5,105.0,60,0,25,0,0,4.47,95.52,100.0
2026-05-13,4949,有成精密,96.6,97.2,89.0,89.0,4656,1452,-499,0,-36,2.33,97.66,100.0
2026-05-13,4950,金耘國際,16.5,17.75,16.5,17.55,46,0,-7,0,0,0.07,99.92,100.0
2026-05-13,4951,精拓科,130.0,130.0,124.0,127.0,262,0,-17,0,-3,5.61,94.38,100.0
2026-05-13,4952,凌通,51.1,51.8,49.8,50.6,1145,297,-242,0,1,5.73,94.26,100.0
2026-05-13,4953,緯軟,118.0,119.0,117.0,117.5,268,53,-45,0,-4,11.0,88.99,100.0
2026-05-13,4956,光鋐,45.4,46.15,43.05,43.25,4894,1733,-631,0,1,9.46,90.53,100.0
2026-05-13,4958,臻鼎-KY,405.0,445.0,404.0,442.5,72787,33520,23972,1183,589,61.65,38.34,100.0
2026-05-13,4960,誠美材,37.35,39.85,34.35,34.35,27702,8290,1365,0,-212,19.97,80.02,100.0
2026-05-13,4961,天鈺,176.0,178.0,172.5,173.5,2447,1082,-321,0,-2,19.46,80.53,100.0
2026-05-13,4966,譜瑞-KY,780.0,835.0,780.0,809.0,11732,5175,761,1089,125,32.0,67.99,100.0
2026-05-13,4967,十銓,280.0,285.5,274.0,285.5,8371,4715,-194,0,-77,11.62,88.37,100.0
2026-05-13,4968,立積,119.0,119.5,115.5,115.5,1263,283,-285,8,-24,3.79,96.2,100.0
2026-05-13,4971,IET-KY,775.0,830.0,754.0,754.0,4245,2535,-602,0,-110,28.48,71.51,100.0
2026-05-13,4972,湯石照明,16.5,16.5,16.35,16.4,27,0,0,0,0,2.25,97.74,100.0
2026-05-13,4973,廣穎,119.5,121.5,112.0,118.5,9488,4720,60,0,14,9.69,90.3,100.0
2026-05-13,4974,亞泰,73.6,73.9,72.5,73.7,173,22,-7,0,0,4.0,95.99,100.0
2026-05-13,4976,佳凌,29.4,30.45,28.8,30.45,911,147,42,0,3,3.27,96.72,100.0
2026-05-13,4977,眾達-KY,268.0,273.0,243.5,243.5,15512,5113,-467,83,-215,19.15,80.84,100.0
2026-05-13,4979,華星光,616.0,620.0,594.0,600.0,3059,0,144,-80,25,12.07,87.92,100.0
2026-05-13,4980,佐臻,38.6,40.7,37.0,38.95,163,0,2,0,0,0.0,0.0,0.0
2026-05-13,4987,科誠,81.5,81.5,81.5,81.5,46,0,-1,0,0,3.19,96.8,100.0
2026-05-13,4989,榮科,92.8,98.8,91.9,92.5,10759,6007,-639,0,8,5.78,94.21,100.0
2026-05-13,4991,環宇-KY,710.0,713.0,676.0,700.0,559,0,189,0,-1,16.89,83.1,100.0
2026-05-13,4994,傳奇,95.0,96.1,94.1,96.1,15,4,-3,0,-1,2.77,97.22,100.0
2026-05-13,4995,晶達,44.5,44.5,43.8,44.05,46,4,-12,0,0,0.44,99.55,100.0
2026-05-13,4999,鑫禾,20.8,20.8,20.55,20.65,98,1,21,0,0,1.71,98.28,100.0
2026-05-13,5007,三星,57.0,58.0,56.9,58.0,19,8,-3,0,0,2.95,97.04,100.0
2026-05-13,5009,榮剛,38.05,38.55,37.5,37.85,6522,1754,-1375,536,48,10.28,89.71,100.0
2026-05-13,5011,久陽,15.1,15.5,15.0,15.2,435,51,160,0,0,2.14,97.85,100.0
2026-05-13,5013,強新,27.3,27.35,27.3,27.35,7,0,1,0,0,12.22,87.77,100.0
2026-05-13,5014,建錩,10.2,10.3,10.15,10.3,364,12,-28,0,-1,1.46,98.53,100.0
2026-05-13,5015,華祺,22.0,22.0,21.65,21.85,38,1,4,0,0,6.65,93.34,100.0
2026-05-13,5016,松和,25.0,25.75,24.7,25.45,90,22,8,0,0,0.46,99.53,100.0
2026-05-13,5201,凱衛,30.5,30.5,29.4,29.55,121,6,-14,0,0,7.25,92.74,100.0
2026-05-13,5202,力新,12.9,12.9,12.6,12.6,233,38,-12,0,0,1.19,98.8,100.0
2026-05-13,5203,訊連,64.1,64.1,63.0,63.6,297,20,-39,0,0,11.97,88.02,100.0
2026-05-13,5205,中茂,22.55,22.55,22.55,22.55,1,0,0,0,0,0.04,99.95,100.0
2026-05-13,5206,坤悅,23.9,23.9,23.5,23.75,61,4,-3,0,0,6.31,93.68,100.0
2026-05-13,5209,新鼎,164.5,165.0,164.5,165.0,30,2,-2,0,0,1.96,98.03,100.0
2026-05-13,5210,寶碩,25.7,26.2,25.15,25.35,338,0,60,0,0,0.53,99.46,100.0
2026-05-13,5211,蒙恬,20.0,21.9,19.15,21.45,770,129,-33,0,0,8.35,91.64,100.0
2026-05-13,5212,凌網,47.7,47.7,47.65,47.65,11,1,0,0,0,21.76,78.23,100.0
2026-05-13,5213,亞昕,25.65,25.95,25.55,25.95,730,52,61,0,12,1.01,98.98,100.0
2026-05-13,5215,科嘉-KY,45.35,46.3,44.05,46.3,1497,300,-71,0,10,25.46,74.53,100.0
2026-05-13,5220,萬達光電,21.3,21.9,20.9,21.5,206,31,-6,0,0,0.32,99.67,100.0
2026-05-13,5222,全訊,127.0,130.0,126.0,127.0,602,119,-141,2,-11,4.39,5.6,10.0
2026-05-13,5223,安力-KY,24.8,24.95,24.5,24.9,19,1,0,0,0,41.99,58.0,100.0
2026-05-13,5225,東科-KY,71.5,72.0,70.5,71.5,309,47,55,0,8,40.71,59.28,100.0
2026-05-13,5227,立凱-KY,20.75,21.0,20.55,20.6,102,0,-21,0,0,12.54,87.45,100.0
2026-05-13,5228,鈺鎧,45.65,49.9,44.25,49.15,6020,3792,-458,0,-26,1.65,98.34,100.0
2026-05-13,5230,雷笛克光學,16.65,16.7,16.35,16.6,39,8,-1,0,-1,1.1,98.89,100.0
2026-05-13,5234,達興材料,426.5,428.0,412.0,415.5,708,284,-175,0,-45,10.87,89.12,100.0
2026-05-13,5236,凌陽創新,164.5,165.5,161.0,162.5,458,135,15,3,-5,4.44,95.55,100.0
2026-05-13,5240,建騰,27.95,28.9,26.6,27.5,10,0,0,0,0,0.0,0.0,0.0
2026-05-13,5243,乙盛-KY,104.0,106.0,101.5,103.0,2972,1394,-278,0,-86,57.22,42.77,100.0
2026-05-13,5244,弘凱,39.8,40.15,39.5,39.5,489,84,-35,0,0,2.01,97.98,100.0
2026-05-13,5245,智晶,25.1,25.25,24.45,24.85,88,7,-22,0,0,3.88,96.11,100.0
2026-05-13,5246,勵威,215.29,217.5,200.0,204.0,579,0,0,0,0,0.0,0.0,0.0
2026-05-13,5248,景傳,51.86,50.4,47.05,49.0,219,0,14,0,0,0.0,0.0,0.0
2026-05-13,5251,天鉞電,27.8,28.1,27.6,27.7,106,14,5,0,0,28.53,71.46,100.0
2026-05-13,5254,欣訊科技,48.66,46.8,39.5,45.25,463,0,0,0,0,0.0,0.0,0.0
2026-05-13,5258,虹堡,50.1,56.6,49.9,56.6,2786,1008,-242,0,1,4.78,95.21,100.0
2026-05-13,5262,立達,53.51,53.9,50.4,53.0,295,0,3,0,0,0.0,0.0,0.0
2026-05-13,5263,智崴,100.0,101.0,99.5,100.0,188,35,22,0,-34,14.53,85.46,100.0
2026-05-13,5267,龍翩,65.61,64.8,60.0,63.6,148,0,5,0,0,0.0,0.0,0.0
2026-05-13,5269,祥碩,1490.0,1545.0,1410.0,1430.0,6564,2344,-1542,3,-144,8.12,91.87,100.0
2026-05-13,5271,紘通,19.56,20.75,18.6,20.75,1126,0,-36,0,0,0.0,0.0,0.0
2026-05-13,5272,笙科,23.5,23.5,22.75,22.75,339,75,-10,0,0,3.17,96.82,100.0
2026-05-13,5274,信驊,17815.0,18100.0,17390.0,17820.0,319,137,2,-8,-1,51.97,48.02,100.0
2026-05-13,5276,達輝-KY,20.7,20.7,19.6,20.55,98,0,-1,0,-4,77.0,22.99,100.0
2026-05-13,5278,尚凡,23.4,25.6,23.3,24.75,1406,383,-130,0,5,1.83,98.16,100.0
2026-05-13,5278,尚凡*,23.4,25.6,23.3,24.75,1406,383,-130,0,5,1.83,98.16,100.0
2026-05-13,5283,禾聯碩,51.5,52.0,51.1,52.0,141,3,25,0,0,1.26,98.73,100.0
2026-05-13,5284,jpp-KY,378.0,405.0,375.5,394.0,4148,2254,24,0,45,55.03,44.96,100.0
2026-05-13,5285,界霖,72.3,76.9,71.9,72.8,4434,2006,385,0,3,5.36,94.63,100.0
2026-05-13,5287,數字,150.0,150.0,149.0,150.0,95,1,-13,0,0,16.67,83.32,100.0
2026-05-13,5288,豐祥-KY,156.0,160.0,154.5,158.0,201,91,15,0,0,58.52,41.47,100.0
2026-05-13,5289,宜鼎,1730.0,1780.0,1720.0,1765.0,3606,1705,39,-191,-31,28.17,71.82,100.0
2026-05-13,5291,邑昇,70.8,70.8,67.5,68.2,880,364,42,0,-1,1.22,98.77,100.0
2026-05-13,5292,華懋,231.5,231.5,227.5,228.0,145,23,-16,0,-1,6.92,93.07,100.0
2026-05-13,5297,廣化,148.4,158.0,143.0,145.5,1098,0,-21,0,0,0.0,0.0,0.0
2026-05-13,5299,杰力,100.5,101.0,96.4,99.3,513,190,-81,0,0,3.0,96.99,100.0
2026-05-13,5301,寶得利,7.77,7.77,7.15,7.66,10,0,0,0,0,2.09,97.9,100.0
2026-05-13,5302,太欣,10.9,10.95,10.35,10.6,963,0,-189,0,0,0.83,99.16,100.0
2026-05-13,5306,桂盟,83.1,83.1,81.5,82.1,286,34,-31,0,0,12.46,87.53,100.0
2026-05-13,5309,系統電,65.5,67.0,63.4,63.9,6645,2248,-163,0,-175,3.94,96.05,100.0
2026-05-13,5310,天剛,0.0,0.0,0.0,0.0,0,0,0,0,0,0.06,99.93,100.0
2026-05-13,5312,寶島科,96.7,96.7,96.4,96.4,29,0,-3,0,0,7.92,92.07,100.0
2026-05-13,5314,世紀*,0.0,0.0,0.0,0.0,0,0,0,0,0,12.41,87.58,100.0
2026-05-13,5315,光聯,22.1,22.15,21.9,22.05,485,25,-198,0,0,9.42,90.57,100.0
2026-05-13,5321,美而快,22.55,23.1,22.55,23.0,157,22,60,0,0,1.1,98.89,100.0
2026-05-13,5324,士開,10.95,11.2,10.9,11.2,353,0,74,0,0,5.29,94.7,100.0
2026-05-13,5328,華容,27.75,29.15,26.9,28.6,10101,5818,247,0,-244,6.19,93.8,100.0
2026-05-13,5340,建榮,107.5,108.5,105.0,105.0,2809,590,47,0,-20,50.1,49.89,100.0
2026-05-13,5344,立衛,16.05,16.05,15.5,15.6,165,0,10,0,0,0.12,99.87,100.0
2026-05-13,5345,天揚,21.15,21.9,20.95,21.9,6,0,0,0,0,0.0,99.99,100.0
2026-05-13,5345,馥鴻,21.15,21.9,20.95,21.9,6,0,0,0,0,0.0,99.99,100.0
2026-05-13,5347,世界,167.5,172.0,164.5,168.0,24475,11565,2581,-1677,-154,22.38,77.61,100.0
2026-05-13,5348,正能量智能,15.0,15.0,15.0,15.0,6,0,0,0,0,0.02,99.97,100.0
2026-05-13,5351,鈺創,81.8,88.0,80.2,87.0,49681,29756,6860,15,-3,20.53,79.46,100.0
2026-05-13,5353,台林,26.0,26.1,25.8,26.1,68,3,6,0,0,0.62,99.37,100.0
2026-05-13,5355,佳總,6.73,6.95,6.5,6.9,198,0,5,0,0,0.19,99.8,100.0
2026-05-13,5356,協益,27.0,27.0,26.55,26.65,61,3,-9,0,0,3.41,96.58,100.0
2026-05-13,5364,力麗店,9.6,9.68,9.31,9.44,87,9,-6,0,0,0.47,99.52,100.0
2026-05-13,5371,中光電,69.4,70.4,68.2,68.3,3095,828,-385,-281,-149,17.26,82.73,100.0
2026-05-13,5381,光譜,24.5,26.8,24.5,26.8,2734,366,619,0,1,1.23,98.76,100.0
2026-05-13,5386,青雲,436.0,453.0,410.5,415.0,625,0,19,0,27,2.9,97.09,100.0
2026-05-13,5388,中磊,81.1,81.2,79.4,79.4,19282,4081,-8839,-1,-273,17.58,82.39,100.0
2026-05-13,5392,能率,41.75,41.95,39.9,40.85,3241,2288,-2,0,-1,9.33,90.66,100.0
2026-05-13,5398,慕康生醫,19.9,20.0,19.65,19.95,47,7,-6,0,0,5.7,94.29,100.0
2026-05-13,5403,中菲,90.7,91.0,90.6,90.8,110,3,-8,0,0,5.99,94.0,100.0
2026-05-13,5410,國眾,37.2,37.2,36.6,36.8,444,112,76,0,10,8.7,91.29,100.0
2026-05-13,5425,台半,79.2,80.5,74.3,76.2,22026,11974,-461,0,-484,15.74,84.25,100.0
2026-05-13,5426,振發,18.1,18.4,17.75,18.3,439,112,98,0,0,2.19,97.8,100.0
2026-05-13,5432,新門,146.0,151.0,143.5,144.5,89,34,-19,0,0,0.95,99.04,100.0
2026-05-13,5434,崇越,420.0,420.0,410.0,412.5,634,145,-122,16,3,31.33,68.66,100.0
2026-05-13,5438,東友,18.75,19.2,18.75,18.9,79,8,-2,0,0,1.22,98.77,100.0
2026-05-13,5439,高技,375.0,386.0,373.0,374.0,3414,1608,-34,0,-42,16.0,83.99,100.0
2026-05-13,5443,均豪,128.5,129.5,123.5,125.5,3523,1971,239,0,-49,8.52,91.47,100.0
2026-05-13,5450,寶聯通,12.7,12.75,12.55,12.6,25,1,0,0,0,0.13,99.86,100.0
2026-05-13,5450,南良,12.7,12.75,12.55,12.6,25,1,0,0,0,0.13,99.86,100.0
2026-05-13,5452,佶優,33.5,33.6,32.6,32.9,1362,386,-334,0,-14,13.95,86.04,100.0
2026-05-13,5455,昇益,25.0,25.8,24.8,25.45,52,35,-3,0,0,0.11,99.88,100.0
2026-05-13,5457,宣德,35.7,35.7,34.65,34.7,664,92,-80,0,-62,28.71,71.28,100.0
2026-05-13,5460,同協,14.9,15.25,14.9,14.95,52,1,-8,0,0,0.36,99.63,100.0
2026-05-13,5464,霖宏,68.7,68.7,62.0,62.0,2576,0,101,0,0,3.1,96.89,100.0
2026-05-13,5465,富驊,25.4,25.4,24.8,24.9,123,5,-27,0,0,2.2,97.79,100.0
2026-05-13,5468,凱鈺,18.0,18.1,17.35,17.8,26,0,1,0,0,0.16,99.83,100.0
2026-05-13,5469,瀚宇博,82.2,82.7,81.1,81.2,2823,576,-1031,-159,0,11.44,88.55,100.0
2026-05-13,5471,松翰,52.3,53.1,50.3,50.3,4613,1333,-1153,0,5,12.77,87.22,100.0
2026-05-13,5474,聰泰,161.5,163.5,159.0,162.5,366,110,-9,0,-1,2.09,97.9,100.0
2026-05-13,5475,德宏,300.0,329.0,299.0,311.0,2791,0,443,263,0,5.85,94.14,100.0
2026-05-13,5478,智冠,96.3,96.8,95.8,96.4,98,26,-14,0,0,17.89,82.1,100.0
2026-05-13,5481,新華,20.2,20.3,20.0,20.1,171,11,17,0,0,25.92,74.07,100.0
2026-05-13,5483,中美晶,152.0,154.5,146.5,148.5,13169,4126,-1368,-30,-244,22.49,77.5,100.0
2026-05-13,5484,慧友,39.1,40.45,38.3,38.4,278,0,-82,0,8,1.22,98.77,100.0
2026-05-13,5487,通泰,27.65,27.85,26.85,27.5,47,34,-2,0,0,0.57,99.42,100.0
2026-05-13,5488,松普,10.2,10.55,10.1,10.4,655,142,8,0,0,1.27,98.72,100.0
2026-05-13,5489,彩富,39.35,40.4,39.35,40.2,41,9,3,0,0,1.42,98.57,100.0
2026-05-13,5490,同亨,28.25,28.4,27.95,28.3,421,71,165,0,0,6.75,93.24,100.0
2026-05-13,5493,三聯,90.6,92.5,90.2,91.7,1075,377,-73,0,0,1.88,98.11,100.0
2026-05-13,5498,凱崴,71.0,76.5,70.4,72.8,20701,12329,-1247,0,7,2.87,97.12,100.0
2026-05-13,5508,永信建,49.15,49.3,48.75,48.8,244,32,-84,-3,0,7.24,92.75,100.0
2026-05-13,5511,德昌,71.9,73.0,71.3,72.4,215,19,14,0,0,4.64,95.35,100.0
2026-05-13,5512,力麒,6.91,6.91,6.85,6.87,1080,68,-311,0,0,5.41,94.58,100.0
2026-05-13,5514,三豐,0.0,0.0,0.0,0.0,0,0,0,0,0,0.02,99.97,100.0
2026-05-13,5515,建國,38.0,39.05,38.0,39.0,395,55,-49,-3,11,12.3,87.69,100.0
2026-05-13,5516,雙喜,11.2,11.75,11.2,11.2,175,0,8,0,0,0.07,99.92,100.0
2026-05-13,5519,隆大,32.6,32.6,32.3,32.35,520,20,-225,0,0,4.31,95.68,100.0
2026-05-13,5520,力泰,0.0,0.0,0.0,0.0,0,0,0,0,0,0.02,99.97,100.0
2026-05-13,5521,工信,11.5,11.5,11.05,11.15,7415,1303,-3016,0,0,7.88,92.11,100.0
2026-05-13,5522,遠雄,69.8,70.5,69.8,70.4,520,131,-86,-38,5,4.54,95.45,100.0
2026-05-13,5523,豐謙,30.1,30.25,30.0,30.25,202,82,8,0,0,0.18,99.81,100.0
2026-05-13,5525,順天,23.05,23.05,22.5,23.0,150,23,-25,0,-1,1.69,98.3,100.0
2026-05-13,5529,鉅陞,21.95,22.0,21.8,21.8,58,1,-3,0,0,0.65,99.34,100.0
2026-05-13,5530,龍巖,49.25,49.45,47.7,47.8,1819,495,-673,0,0,54.13,45.86,100.0
2026-05-13,5531,鄉林,8.16,8.32,8.11,8.28,413,79,80,0,0,2.49,97.5,100.0
2026-05-13,5533,皇鼎,14.0,14.05,13.95,14.05,147,1,-32,0,0,2.78,97.21,100.0
2026-05-13,5534,長虹,78.8,79.1,77.0,77.1,1027,114,-387,0,5,9.62,90.37,100.0
2026-05-13,5536,聖暉*,885.0,965.0,885.0,950.0,3682,1461,993,139,75,35.79,64.2,100.0
2026-05-13,5538,東明-KY,31.6,31.6,30.75,30.85,40,9,1,0,0,63.84,36.15,100.0
2026-05-13,5543,桓鼎-KY,29.2,29.8,28.85,29.4,13,0,0,0,0,0.0,99.99,100.0
2026-05-13,5546,永固-KY,16.2,16.2,15.85,16.2,15,4,3,0,0,53.64,46.35,100.0
2026-05-13,5547,久舜,21.7,21.7,21.3,21.35,69,0,0,0,0,0.16,99.83,100.0
2026-05-13,5548,安倉,23.3,23.4,23.3,23.3,17,0,1,0,0,0.24,99.75,100.0
2026-05-13,5601,台聯櫃,35.5,35.55,35.5,35.55,2,0,1,0,0,3.75,96.24,100.0
2026-05-13,5603,陸海,15.85,15.95,15.65,15.8,186,40,12,0,0,4.99,95.0,100.0
2026-05-13,5604,中連貨,31.5,31.95,31.5,31.95,13,1,-5,0,0,3.02,96.97,100.0
2026-05-13,5604,中連,31.5,31.95,31.5,31.95,13,1,-5,0,0,3.02,96.97,100.0
2026-05-13,5607,遠雄港,49.7,49.7,48.95,49.25,443,62,25,0,2,2.94,97.05,100.0
2026-05-13,5608,四維航,15.05,15.1,14.75,14.75,1512,126,-549,0,-9,5.03,42.46,47.5
2026-05-13,5609,中菲行,79.5,79.5,79.3,79.3,173,10,-8,0,0,14.35,85.64,100.0
2026-05-13,5701,劍湖山,3.4,3.4,3.38,3.4,16,0,0,0,0,0.0,99.99,100.0
2026-05-13,5703,亞都,13.9,13.95,13.9,13.95,16,0,0,0,0,6.62,93.37,100.0
2026-05-13,5704,老爺知,21.4,21.9,21.3,21.9,6,1,1,0,0,0.19,99.8,100.0
2026-05-13,5706,鳳凰,50.6,50.6,50.2,50.5,148,18,-5,0,0,1.66,98.33,100.0
2026-05-13,5859,遠壽,14.59,14.45,14.15,14.45,210,0,0,0,0,0.0,0.0,0.0
2026-05-13,5863,瑞興銀,10.87,11.25,10.75,11.15,25,0,1,0,0,0.0,0.0,0.0
2026-05-13,5864,致和證,33.3,33.5,31.8,31.9,6249,1349,-1054,0,0,5.96,94.03,100.0
2026-05-13,5871,中租-KY,111.0,111.0,107.0,107.5,8684,2608,-3907,-187,-16,46.28,53.71,100.0
2026-05-13,5876,上海商銀,40.1,40.3,39.55,40.3,11032,2656,4550,-78,-274,53.77,46.22,100.0
2026-05-13,5878,台名,0.0,0.0,0.0,0.0,0,0,0,0,0,0.57,99.42,100.0
2026-05-13,5880,合庫金,23.05,23.05,22.75,22.85,16167,2143,-3364,-36,450,15.48,84.51,100.0
2026-05-13,5902,德記,38.15,38.15,37.2,37.45,22,5,1,0,0,1.15,98.84,100.0
2026-05-13,5903,全家,188.5,189.5,188.5,189.5,22,0,5,0,0,51.07,48.92,100.0
2026-05-13,5904,寶雅,560.0,568.0,552.0,562.0,321,74,17,0,1,29.35,70.64,100.0
2026-05-13,5905,南仁湖,8.39,8.88,8.39,8.75,1370,0,121,0,0,1.39,98.6,100.0
2026-05-13,5906,台南-KY,46.5,46.5,46.5,46.5,1,1,0,0,0,19.35,80.64,100.0
2026-05-13,5907,大洋-KY,5.3,5.34,5.22,5.22,225,74,-7,0,0,52.04,47.95,100.0
2026-05-13,6005,群益證,31.7,32.0,31.2,32.0,11690,3016,2130,-548,0,16.16,83.83,100.0
2026-05-13,6015,宏遠證,16.15,16.15,15.4,15.4,5458,884,-977,0,0,8.12,91.87,100.0
2026-05-13,6016,康和證,23.75,23.9,23.0,23.35,11031,2386,-769,0,0,12.66,87.33,100.0
2026-05-13,6020,大展證,22.4,22.4,21.8,22.0,142,18,9,0,0,0.01,99.98,100.0
2026-05-13,6021,美好證,34.05,34.05,32.15,32.4,412,82,-136,0,0,7.56,92.43,100.0
2026-05-13,6023,元大期,99.8,99.8,98.8,99.2,184,13,33,-70,0,2.06,97.93,100.0
2026-05-13,6024,群益期,57.3,57.4,56.7,57.2,399,112,35,-82,0,4.3,95.69,100.0
2026-05-13,6026,福邦證,16.2,16.2,15.8,15.85,2892,464,-224,0,0,7.28,92.71,100.0
2026-05-13,6027,德信,13.27,13.05,12.8,12.9,24,0,-1,0,0,0.0,0.0,0.0
2026-05-13,6028,公勝保經,81.9,81.9,81.0,81.0,46,0,-7,0,0,0.52,99.47,100.0
2026-05-13,6035,悠遊卡,52.09,52.6,50.6,50.6,0,0,0,0,0,0.0,0.0,0.0
2026-05-13,6101,寬魚國際,38.65,38.65,38.35,38.45,43,3,-11,0,0,0.38,99.61,100.0
2026-05-13,6103,合邦,40.0,40.0,38.0,39.1,10,1,-1,0,0,0.73,99.26,100.0
2026-05-13,6104,創惟,101.0,105.0,100.0,100.5,2238,977,-443,4,52,8.83,91.16,100.0
2026-05-13,6108,競國,20.0,20.15,19.4,19.55,2244,521,-345,0,-9,3.64,96.35,100.0
2026-05-13,6109,亞元,11.6,11.95,11.4,11.6,622,0,46,0,0,2.1,97.89,100.0
2026-05-13,6111,光聚晶電,47.6,48.2,47.45,48.0,258,50,-14,0,-2,12.84,87.15,100.0
2026-05-13,6112,邁達特,43.0,43.2,42.2,42.5,722,131,-282,0,-7,1.13,98.86,100.0
2026-05-13,6113,亞矽,23.8,24.15,23.25,24.0,216,56,24,0,0,2.94,97.05,100.0
2026-05-13,6114,久威,30.6,30.9,30.4,30.6,32,2,0,0,0,1.14,98.85,100.0
2026-05-13,6115,鎰勝,47.5,47.5,47.2,47.25,157,3,-55,0,0,5.59,94.4,100.0
2026-05-13,6116,彩晶,10.85,11.7,10.65,11.25,497020,330599,-23394,0,-664,7.34,92.65,100.0
2026-05-13,6117,迎廣,80.4,80.4,78.3,78.8,501,82,-66,0,-4,1.72,98.27,100.0
2026-05-13,6118,建達,17.05,17.05,16.75,16.85,260,72,-41,0,0,2.87,97.12,100.0
2026-05-13,6120,達運,13.05,13.15,12.75,12.95,2607,947,62,0,-127,7.7,92.29,100.0
2026-05-13,6121,新普,381.0,385.5,380.0,380.0,610,72,-75,-86,-2,37.25,62.74,100.0
2026-05-13,6122,擎邦,47.8,48.15,47.35,47.95,383,70,-32,0,-2,4.68,95.31,100.0
2026-05-13,6123,上奇,44.7,44.7,44.1,44.15,43,3,-6,0,0,2.56,97.43,100.0
2026-05-13,6124,業強,29.95,29.95,28.95,29.3,101,5,-36,0,0,50.89,49.1,100.0
2026-05-13,6125,廣運,60.0,60.1,58.5,59.0,1932,349,-933,0,-22,7.12,92.87,100.0
2026-05-13,6126,信音,33.0,33.05,32.2,32.45,796,207,22,0,0,2.48,97.51,100.0
2026-05-13,6127,九豪,47.9,48.45,46.05,47.5,6093,3760,191,0,0,5.58,94.41,100.0
2026-05-13,6128,上福,20.15,20.3,20.1,20.3,145,10,-17,0,0,4.35,95.64,100.0
2026-05-13,6129,普誠,16.0,16.2,15.7,15.85,627,0,-141,0,0,2.88,97.11,100.0
2026-05-13,6130,上亞科技,23.15,23.2,22.7,22.95,71,9,-6,0,0,1.67,98.32,100.0
2026-05-13,6133,金橋,22.1,22.1,21.55,21.65,810,249,-141,0,0,2.83,97.16,100.0
2026-05-13,6134,萬旭,32.9,32.9,31.7,32.05,943,266,-47,0,2,25.26,74.73,100.0
2026-05-13,6136,富爾特,25.15,25.25,24.85,24.85,347,22,-72,0,2,3.6,96.39,100.0
2026-05-13,6138,茂達,285.0,293.5,279.0,287.5,1628,660,148,5,-12,18.31,81.68,100.0
2026-05-13,6139,亞翔,680.0,718.0,675.0,686.0,6933,3525,618,26,71,30.45,69.54,100.0
2026-05-13,6140,訊達,20.55,20.6,20.05,20.05,146,0,6,0,0,1.57,98.42,100.0
2026-05-13,6141,柏承,28.55,28.55,28.55,28.55,1607,0,59,0,0,1.88,98.11,100.0
2026-05-13,6142,友勁,8.8,8.8,8.3,8.39,765,0,10,0,6,2.55,97.44,100.0
2026-05-13,6143,振曜,99.7,104.5,98.8,101.5,3939,1298,-241,0,-105,9.46,90.53,100.0
2026-05-13,6144,得利影,15.05,15.05,14.5,14.85,5,0,0,0,0,33.4,66.59,100.0
2026-05-13,6146,耕興,213.0,215.0,208.0,215.0,851,153,-59,0,55,30.36,69.63,100.0
2026-05-13,6147,頎邦,194.0,197.0,182.5,192.0,34589,20347,792,-18,-835,22.55,77.44,100.0
2026-05-13,6148,驊宏資,30.2,30.25,29.7,29.7,162,28,-33,0,0,2.59,97.4,100.0
2026-05-13,6150,撼訊,65.0,73.1,64.5,73.1,2291,1022,115,0,51,6.49,93.5,100.0
2026-05-13,6151,晉倫,40.6,40.85,39.85,39.9,1144,313,-241,0,0,5.93,94.06,100.0
2026-05-13,6152,百一,15.7,16.1,15.2,15.5,2051,0,-414,0,-4,1.25,98.74,100.0
2026-05-13,6153,嘉聯益,18.5,18.5,17.6,17.7,5323,1465,-2261,0,-72,10.56,89.43,100.0
2026-05-13,6154,順發,13.2,13.25,12.9,13.0,142,28,0,0,0,0.74,99.25,100.0
2026-05-13,6155,鈞寶,50.2,53.2,49.65,52.0,2972,1619,0,0,1,8.64,91.35,100.0
2026-05-13,6156,松上,19.5,19.55,19.2,19.3,520,74,-190,0,0,7.29,92.7,100.0
2026-05-13,6158,禾昌,18.25,18.25,17.9,18.05,26,1,3,0,0,0.81,99.18,100.0
2026-05-13,6160,欣技,16.7,17.4,16.35,17.35,612,0,51,0,0,4.06,95.93,100.0
2026-05-13,6161,捷波,43.5,44.9,43.5,44.1,138,27,-5,0,0,3.66,96.33,100.0
2026-05-13,6163,華電網,58.1,61.8,57.2,60.5,6799,3361,723,0,45,10.16,89.83,100.0
2026-05-13,6164,華興,12.3,12.35,11.95,11.95,438,62,-193,0,0,4.64,95.35,100.0
2026-05-13,6165,浪凡,50.0,50.0,49.0,49.2,497,81,-132,0,0,18.14,81.85,100.0
2026-05-13,6166,凌華,107.5,111.5,102.5,111.5,8698,3574,465,0,101,18.01,81.98,100.0
2026-05-13,6167,久正,11.9,11.9,11.4,11.5,896,137,-317,0,0,5.29,94.7,100.0
2026-05-13,6168,宏齊,26.6,27.05,25.75,25.8,2809,737,-786,0,0,2.67,97.32,100.0
2026-05-13,6169,昱泉,0.0,0.0,0.0,0.0,0,0,0,0,0,0.1,99.89,100.0
2026-05-13,6170,統振,50.9,51.2,50.7,50.7,202,17,58,0,0,3.33,96.66,100.0
2026-05-13,6171,大城地產,24.1,24.2,24.1,24.15,8,0,-1,0,0,0.22,99.77,100.0
2026-05-13,6173,信昌電,141.0,159.0,141.0,159.0,3386,0,710,0,341,24.24,75.75,100.0
2026-05-13,6174,安碁,39.0,42.5,38.35,40.0,2864,1722,249,0,-6,3.33,96.66,100.0
2026-05-13,6175,立敦,66.5,69.5,66.0,68.6,5068,2246,1343,0,66,21.09,78.9,100.0
2026-05-13,6176,瑞儀,103.5,104.0,102.0,102.0,4942,1360,-1210,-107,-64,24.74,75.25,100.0
2026-05-13,6177,達麗,48.0,48.3,46.35,46.55,2271,738,-586,0,9,6.71,93.28,100.0
2026-05-13,6179,亞通,24.3,24.3,23.65,23.8,1239,121,-529,0,-4,4.53,95.46,100.0
2026-05-13,6180,橘子,39.4,39.5,39.0,39.05,301,45,-137,0,0,22.96,77.03,100.0
2026-05-13,6182,合晶,54.1,55.3,54.0,55.3,12611,0,1635,0,-50,16.89,83.1,100.0
2026-05-13,6183,關貿,92.4,92.4,92.0,92.2,15,0,-1,0,0,1.06,98.93,100.0
2026-05-13,6184,大豐電,46.5,46.55,46.2,46.55,64,3,-7,0,0,2.95,16.04,19.0
2026-05-13,6185,幃翔,14.0,14.0,13.85,13.85,137,8,-19,0,0,1.85,98.14,100.0
2026-05-13,6186,新潤,38.85,38.85,38.1,38.25,1453,198,-485,0,16,1.63,98.36,100.0
2026-05-13,6187,萬潤,1215.0,1255.0,1155.0,1225.0,5193,2364,102,430,-31,31.1,68.89,100.0
2026-05-13,6188,廣明,85.1,85.3,82.8,83.0,1671,465,-345,0,-13,6.96,93.03,100.0
2026-05-13,6189,豐藝,47.45,47.7,46.7,46.95,728,90,-105,-13,7,7.59,92.4,100.0
2026-05-13,6190,萬泰科,78.0,79.3,76.0,78.5,8957,4375,-672,0,-39,10.86,89.13,100.0
2026-05-13,6191,精成科,93.3,94.3,91.6,92.5,5763,1506,-1304,0,-17,4.78,95.21,100.0
2026-05-13,6192,巨路,130.5,131.0,127.0,128.5,365,59,-45,0,-11,25.03,74.96,100.0
2026-05-13,6194,育富,32.55,32.6,32.25,32.25,65,0,-1,0,4,2.76,97.23,100.0
2026-05-13,6195,詩肯,27.45,28.4,26.5,28.4,491,117,82,0,0,45.01,54.98,100.0
2026-05-13,6196,帆宣,414.0,426.5,412.5,419.5,2182,908,246,0,0,16.61,83.38,100.0
2026-05-13,6197,佳必琪,228.5,236.0,226.0,233.0,3373,1825,-44,0,-57,8.8,91.19,100.0
2026-05-13,6198,瑞築,21.75,21.95,21.5,21.95,21,0,0,0,0,0.04,99.95,100.0
2026-05-13,6199,天品,99.9,105.0,99.1,103.5,774,336,17,0,26,5.73,94.26,100.0
2026-05-13,6201,亞弘電,49.75,49.75,49.5,49.5,35,1,-2,0,0,1.24,98.75,100.0
2026-05-13,6202,盛群,57.8,57.8,54.1,54.9,3655,987,-817,10,-6,9.53,90.46,100.0
2026-05-13,6203,海韻電,70.6,71.4,69.6,69.8,385,68,-59,0,-8,2.97,97.02,100.0
2026-05-13,6204,艾華,77.2,82.1,77.1,79.9,983,364,-164,0,0,2.32,97.67,100.0
2026-05-13,6205,詮欣,85.1,86.0,79.0,80.4,3270,1099,27,0,2,1.78,98.21,100.0
2026-05-13,6206,飛捷,138.5,141.5,137.0,138.5,3607,1278,510,-4,-117,14.22,85.77,100.0
2026-05-13,6207,雷科,67.0,69.1,65.9,68.3,4561,2092,668,0,-186,8.3,91.69,100.0
2026-05-13,6208,日揚,95.1,95.1,95.1,95.1,1338,92,-40,0,132,1.85,98.14,100.0
2026-05-13,6209,今國光,66.0,66.0,61.9,62.1,5793,1619,-1211,0,-173,5.67,94.32,100.0
2026-05-13,6210,慶生,20.55,22.65,20.5,22.4,658,170,-9,0,0,0.21,99.78,100.0
2026-05-13,6212,理銘,29.5,29.5,29.0,29.0,4,1,-1,0,0,0.47,99.52,100.0
2026-05-13,6213,聯茂,279.5,284.5,266.5,273.5,15662,5703,777,-316,26,12.12,87.72,100.0
2026-05-13,6214,精誠,123.0,123.5,121.5,122.0,616,86,-193,0,8,11.47,88.52,100.0
2026-05-13,6215,和椿,123.5,124.5,115.0,120.5,4563,1906,-102,0,-46,7.38,92.61,100.0
2026-05-13,6216,居易,23.1,23.1,22.7,22.8,297,39,77,0,2,3.07,96.92,100.0
2026-05-13,6217,中探針,321.0,341.0,311.0,341.0,6189,2007,-201,0,-118,19.36,80.63,100.0
2026-05-13,6218,豪勉,44.0,45.1,43.95,45.1,4151,722,381,0,192,3.3,96.69,100.0
2026-05-13,6219,富旺,12.2,12.5,12.15,12.25,382,51,-38,0,0,1.55,98.44,100.0
2026-05-13,6220,岳豐,29.85,30.05,29.65,29.75,205,67,41,0,0,4.58,95.41,100.0
2026-05-13,6221,晉泰,23.8,24.3,23.8,23.9,149,16,38,0,0,1.14,98.85,100.0
2026-05-13,6222,立軒,22.4,22.5,22.0,22.0,12,0,0,0,0,0.11,99.88,100.0
2026-05-13,6223,旺矽,5490.0,5820.0,5315.0,5720.0,3022,1597,-49,332,-27,29.17,70.82,100.0
2026-05-13,6224,聚鼎,77.0,80.3,74.6,75.0,1426,581,-8,0,0,3.94,96.05,100.0
2026-05-13,6225,天瀚,26.9,29.0,26.9,29.0,64,0,3,0,0,0.03,99.96,100.0
2026-05-13,6226,光鼎,12.55,12.7,12.1,12.15,1071,0,-258,0,-2,0.84,99.15,100.0
2026-05-13,6227,茂綸,103.0,107.5,101.0,107.0,1239,348,201,0,28,3.79,96.2,100.0
2026-05-13,6228,全譜,21.45,21.45,20.65,20.65,29,0,1,0,0,0.33,99.66,100.0
2026-05-13,6229,研通,30.0,30.0,27.5,28.6,1403,459,-78,0,0,1.45,98.54,100.0
2026-05-13,6230,尼得科超眾,146.0,149.0,141.0,145.0,142,25,-14,0,-3,87.13,12.86,100.0
2026-05-13,6231,系微,308.5,317.5,302.5,306.0,1302,437,-94,-51,0,11.88,88.11,100.0
2026-05-13,6233,旺玖,26.3,26.3,25.0,25.3,938,165,-155,0,0,5.34,94.65,100.0
2026-05-13,6234,高僑,54.0,56.5,53.8,55.0,1073,0,22,0,-32,12.92,87.07,100.0
2026-05-13,6235,華孚,42.0,42.1,40.3,41.25,1514,455,-294,0,0,4.2,95.79,100.0
2026-05-13,6236,中湛,0.0,0.0,0.0,0.0,0,0,0,0,0,0.02,99.97,100.0
2026-05-13,6237,驊訊,42.7,43.9,42.7,43.45,660,206,-33,0,15,9.74,90.25,100.0
2026-05-13,6239,力成,224.0,232.0,220.0,232.0,12744,4912,-80,-167,91,33.5,66.49,100.0
2026-05-13,6240,松崗,18.15,18.35,17.9,17.9,48,0,-1,0,0,0.27,99.72,100.0
2026-05-13,6241,鑫永洋,9.36,9.54,9.36,9.54,166,0,72,0,1,0.21,99.78,100.0
2026-05-13,6242,立康,37.3,37.65,37.3,37.65,10,0,1,0,0,0.48,99.51,100.0
2026-05-13,6243,迅杰,33.7,33.7,32.8,33.35,255,59,-38,0,2,1.75,98.24,100.0
2026-05-13,6244,茂迪,29.4,31.1,28.55,29.4,20882,13532,-354,0,-27,24.49,75.5,100.0
2026-05-13,6245,立端,82.2,82.8,79.0,82.8,1758,669,-630,0,-10,11.55,88.44,100.0
2026-05-13,6246,臺龍,15.8,16.05,15.45,15.9,129,22,5,0,-4,0.2,99.79,100.0
2026-05-13,6248,沛波,18.85,18.85,18.65,18.75,119,3,-9,0,0,0.73,99.26,100.0
2026-05-13,6257,矽格,208.0,212.0,204.0,212.0,9248,4310,100,-75,-25,26.27,73.72,100.0
2026-05-13,6259,百徽,23.4,26.25,23.3,26.25,2049,816,54,0,7,38.77,61.22,100.0
2026-05-13,6261,久元,120.0,123.0,114.5,119.0,4753,2310,-156,0,-82,7.42,92.57,100.0
2026-05-13,6263,普萊德,185.5,195.0,185.0,188.5,4909,2052,-90,0,-87,1.9,98.09,100.0
2026-05-13,6264,富裔,6.1,6.19,6.1,6.13,34,0,0,0,0,0.02,99.97,100.0
2026-05-13,6265,方土昶,43.9,44.05,42.0,42.75,6084,2493,-317,0,26,5.49,94.5,100.0
2026-05-13,6266,泰詠,27.15,27.15,26.8,26.8,417,34,-56,0,0,2.08,97.91,100.0
2026-05-13,6269,台郡,57.5,57.7,56.0,56.0,4122,726,-2310,0,-35,16.79,83.2,100.0
2026-05-13,6270,倍微,26.95,26.95,26.25,26.75,467,134,48,0,0,2.49,97.5,100.0
2026-05-13,6271,同欣電,182.0,182.5,178.5,182.0,3615,1163,350,0,-15,29.08,70.91,100.0
2026-05-13,6272,驊陞,31.15,31.45,31.0,31.2,551,0,197,0,0,4.16,95.83,100.0
2026-05-13,6274,台燿,1395.0,1450.0,1345.0,1450.0,1966,0,112,5,360,37.91,62.08,100.0
2026-05-13,6275,元山,49.1,49.15,47.25,47.35,1199,159,-373,0,-14,4.19,95.8,100.0
2026-05-13,6276,安鈦克,30.3,30.3,29.5,29.85,52,20,3,0,0,2.4,97.59,100.0
2026-05-13,6277,宏正,70.5,70.8,70.2,70.7,226,47,21,0,0,8.08,91.91,100.0
2026-05-13,6278,台表科,210.0,218.0,200.0,205.5,18596,8093,-1298,225,-1241,21.37,78.62,100.0
2026-05-13,6279,胡連,119.0,121.5,118.0,118.5,750,192,-209,-4,-9,4.93,95.06,100.0
2026-05-13,6281,全國電,51.0,51.0,50.3,50.4,82,10,-12,0,0,2.13,97.86,100.0
2026-05-13,6282,康舒,54.9,55.0,50.7,51.7,60603,22854,-23665,0,-1222,14.7,85.29,100.0
2026-05-13,6283,淳安,24.35,25.5,24.2,25.3,353,60,141,0,9,18.74,81.25,100.0
2026-05-13,6284,佳邦,81.5,84.6,80.6,84.1,1350,448,423,0,0,10.7,89.29,100.0
2026-05-13,6285,啟碁,276.0,281.5,268.0,270.5,22772,11683,1733,-503,-570,22.98,77.01,100.0
2026-05-13,6290,良維,267.0,269.0,261.0,263.0,3163,846,277,0,-50,17.45,82.54,100.0
2026-05-13,6291,沛亨,503.0,536.0,488.0,489.5,3542,1777,-322,0,-42,2.73,97.26,100.0
2026-05-13,6292,迅德,56.8,56.8,54.1,54.2,361,71,-62,0,1,1.34,98.65,100.0
2026-05-13,6294,智基,30.0,30.0,28.9,29.2,176,15,-2,0,0,1.11,98.88,100.0
2026-05-13,6405,悅城,58.5,63.0,58.5,60.1,718,0,83,0,-5,5.02,94.97,100.0
2026-05-13,6407,相互,36.74,36.85,34.45,34.6,1024,0,0,0,0,0.0,0.0,0.0
2026-05-13,6409,旭隼,764.0,764.0,752.0,753.0,676,160,-101,0,-1,52.57,47.42,100.0
2026-05-13,6411,晶焱,84.8,85.0,81.0,82.0,658,197,-142,0,0,8.29,91.7,100.0
2026-05-13,6412,群電,95.4,96.4,93.8,95.5,3005,759,-333,0,31,4.33,95.66,100.0
2026-05-13,6414,樺漢,360.0,360.0,345.0,347.5,1722,613,-458,-60,-41,34.24,65.75,100.0
2026-05-13,6415,矽力*-KY,476.5,492.0,454.0,467.5,6977,3603,-134,102,-21,80.61,19.38,100.0
2026-05-13,6416,瑞祺電通,84.0,84.0,82.9,83.2,237,61,-24,0,2,4.1,95.89,100.0
2026-05-13,6417,韋僑,145.0,146.0,136.5,140.5,266,87,-16,0,0,10.35,89.64,100.0
2026-05-13,6418,詠昇,31.85,34.5,31.65,32.6,486,197,-62,0,0,3.61,96.38,100.0
2026-05-13,6419,京晨科,156.0,165.5,156.0,165.5,1946,746,281,0,-3,12.1,87.89,100.0
2026-05-13,6423,億而得-創,114.0,118.5,111.0,112.0,382,151,-15,0,0,3.65,96.34,100.0
2026-05-13,6423,億而得,114.0,118.5,111.0,112.0,382,151,-15,0,0,3.65,96.34,100.0
2026-05-13,6425,易發,88.0,89.7,86.1,87.8,2724,1419,86,0,0,2.79,97.2,100.0
2026-05-13,6426,統新,264.0,290.0,264.0,276.0,5657,3368,366,0,0,7.71,92.28,100.0
2026-05-13,6428,台灣淘米,13.9,13.4,13.3,13.35,6,0,0,0,0,0.0,0.0,0.0
2026-05-13,6431,光麗-KY,21.3,21.85,20.0,21.0,133,0,-74,0,0,56.89,43.1,100.0
2026-05-13,6432,今展科,46.6,49.6,46.1,47.8,2423,1214,222,0,-32,3.69,96.3,100.0
2026-05-13,6434,達輝光電,22.84,23.15,21.0,21.8,1822,0,12,0,0,0.0,0.0,0.0
2026-05-13,6435,大中,246.5,253.0,236.0,240.0,1049,483,-129,0,-17,14.09,85.9,100.0
2026-05-13,6438,迅得,170.5,170.5,167.0,168.5,953,237,-60,0,-31,7.69,92.3,100.0
2026-05-13,6441,廣錠,26.35,26.9,25.9,26.5,292,85,12,0,0,0.63,99.36,100.0
2026-05-13,6442,光聖,1870.0,1930.0,1725.0,1805.0,4460,1683,446,-576,-17,33.4,66.59,100.0
2026-05-13,6443,元晶,41.5,45.65,41.3,42.15,96402,63192,-1092,0,-871,14.17,85.82,100.0
2026-05-13,6446,藥華藥,761.0,782.0,735.0,782.0,7395,2911,1508,-5,91,22.77,77.22,100.0
2026-05-13,6449,鈺邦,198.5,218.0,190.0,218.0,5244,2456,-11,0,46,4.22,95.77,100.0
2026-05-13,6451,訊芯-KY,446.0,481.0,446.0,478.0,6745,3908,861,-1,-16,66.16,33.83,100.0
2026-05-13,6456,GIS-KY,67.5,70.5,65.0,69.6,7553,3726,-974,0,62,42.76,57.23,100.0
2026-05-13,6461,益得,16.5,17.1,16.5,16.8,169,0,24,0,0,0.71,99.28,100.0
2026-05-13,6462,神盾,130.0,134.0,129.0,130.5,2186,975,69,3,-46,18.93,81.06,100.0
2026-05-13,6464,台數科,76.5,76.5,76.1,76.5,26,3,-7,0,0,0.8,19.18,19.99
2026-05-13,6465,威潤,44.0,45.0,43.5,44.2,224,45,-15,0,0,0.66,99.33,100.0
2026-05-13,6467,泰合,133.21,148.0,133.0,144.5,779,0,0,0,0,0.0,0.0,0.0
2026-05-13,6469,大樹,72.3,72.7,71.2,71.3,855,114,108,0,-1,8.16,91.83,100.0
2026-05-13,6470,宇智,46.1,47.0,46.0,46.95,58,4,15,0,0,5.82,94.17,100.0
2026-05-13,6472,保瑞,408.5,415.0,400.0,403.0,1650,769,-262,0,20,9.68,90.31,100.0
2026-05-13,6473,美賣*,9.76,9.82,9.33,9.4,102,0,4,0,0,0.0,0.0,0.0
2026-05-13,6474,華豫寧,38.9,38.9,38.6,38.65,69,0,-4,0,0,0.09,99.9,100.0
2026-05-13,6477,安集,34.2,35.5,33.7,33.7,1128,432,-300,0,1,2.58,97.41,100.0
2026-05-13,6482,弘煜科,28.5,28.95,28.5,28.8,15,0,3,0,0,2.5,97.49,100.0
2026-05-13,6483,原創生醫,14.03,14.1,13.8,14.0,47,0,0,0,0,0.0,0.0,0.0
2026-05-13,6485,點序,82.5,82.8,80.7,81.2,539,154,-154,0,-7,8.78,91.21,100.0
2026-05-13,6486,互動,82.6,82.6,81.8,82.4,112,16,-27,0,0,4.11,95.88,100.0
2026-05-13,6488,環球晶,755.0,761.0,712.0,750.0,4647,0,-90,91,341,26.83,73.16,100.0
2026-05-13,6491,晶碩,284.5,287.5,283.5,285.0,390,77,102,0,8,10.05,89.94,100.0
2026-05-13,6492,生華科,49.6,49.6,49.0,49.2,291,0,-2,0,0,7.75,92.24,100.0
2026-05-13,6493,雷虎生,29.95,30.1,29.75,30.1,35,0,0,0,0,0.0,0.0,0.0
2026-05-13,6494,九齊,56.2,57.0,54.5,54.7,431,102,74,0,3,8.36,91.63,100.0
2026-05-13,6496,科懋,24.0,24.3,24.0,24.3,10,1,0,0,0,0.35,99.64,100.0
2026-05-13,6498,久禾光,96.9,104.0,96.9,102.5,922,241,90,0,15,2.48,97.51,100.0
2026-05-13,6499,益安,82.0,82.5,81.1,81.6,316,48,23,0,0,18.34,81.65,100.0
2026-05-13,6504,南六,39.6,39.6,38.95,39.05,39,9,-8,0,0,1.01,98.98,100.0
2026-05-13,6505,台塑化,53.6,53.6,52.5,52.9,5017,1712,8,-3,9,6.05,93.94,100.0
2026-05-13,6506,雙邦,18.2,20.0,18.2,19.55,1373,302,31,0,0,0.72,99.27,100.0
2026-05-13,6508,惠光,23.85,24.3,23.85,24.1,72,9,-15,0,0,1.03,98.96,100.0
2026-05-13,6509,聚和,46.65,47.3,44.85,46.65,5438,2514,420,0,87,6.4,93.59,100.0
2026-05-13,6510,精測,3800.0,3855.0,3660.0,3775.0,803,354,70,-113,-28,33.65,66.34,100.0
2026-05-13,6512,啟發電,19.2,19.2,19.2,19.2,2,0,0,0,0,0.07,99.92,100.0
2026-05-13,6515,穎崴,9900.0,10150.0,9580.0,9875.0,393,148,86,-74,-4,21.78,78.21,100.0
2026-05-13,6516,勤崴國際,56.7,57.5,55.0,57.2,257,66,-30,0,0,1.39,98.6,100.0
2026-05-13,6517,保勝光學,56.0,56.2,55.2,56.2,110,17,-24,0,1,4.78,95.21,100.0
2026-05-13,6518,康科特,31.76,32.1,31.5,32.1,1,0,0,0,0,0.0,0.0,0.0
2026-05-13,6523,達爾膚,98.6,99.0,98.6,99.0,37,1,-14,0,0,1.94,98.05,100.0
2026-05-13,6525,捷敏-KY,107.0,108.0,104.0,106.0,809,224,240,-5,2,15.47,84.52,100.0
2026-05-13,6526,達發,726.0,729.0,695.0,703.0,1748,619,114,1,-19,7.52,92.47,100.0
2026-05-13,6527,明達醫,69.5,70.5,69.0,70.5,23,0,3,0,0,0.12,99.87,100.0
2026-05-13,6530,創威,120.0,127.0,118.0,118.0,7296,4259,-649,0,-10,4.66,95.33,100.0
2026-05-13,6531,愛普*,1025.0,1105.0,980.0,1040.0,11577,5577,668,1243,-97,31.33,68.66,100.0
2026-05-13,6532,瑞耘,102.5,104.5,98.4,101.5,1705,712,-114,0,-6,5.84,94.15,100.0
2026-05-13,6533,晶心科,242.5,243.0,234.0,234.0,833,216,-150,1,0,11.77,88.22,100.0
2026-05-13,6534,正瀚-創,97.0,97.0,95.0,96.7,101,27,-44,0,0,41.05,58.94,100.0
2026-05-13,6535,順藥,131.0,131.0,128.5,128.5,110,0,-33,0,0,5.67,94.32,100.0
2026-05-13,6536,碩豐,22.26,22.3,20.9,22.3,43,0,2,0,0,0.0,0.0,0.0
2026-05-13,6538,倉和,77.2,78.1,76.2,76.4,131,18,-1,0,2,5.59,94.4,100.0
2026-05-13,6539,麗彤,46.99,47.9,45.8,47.9,2,0,0,0,0,0.0,0.0,0.0
2026-05-13,6541,泰福-KY,39.25,41.25,39.25,40.85,469,56,165,0,-2,13.88,86.11,100.0
2026-05-13,6542,隆中,46.8,47.7,46.15,46.25,12,3,-1,0,0,18.1,81.89,100.0
2026-05-13,6543,普惠醫工,22.3,22.35,21.9,22.0,37,0,0,0,0,0.0,0.0,0.0
2026-05-13,6546,正基,69.3,70.4,68.2,69.6,561,155,-83,0,19,6.92,93.07,100.0
2026-05-13,6547,高端疫苗,48.25,49.2,47.85,47.9,1606,590,-180,0,3,9.34,90.65,100.0
2026-05-13,6548,長科*,51.8,51.8,50.3,50.8,4838,953,-1445,0,-140,2.97,97.02,100.0
2026-05-13,6549,景凱,8.04,8.2,7.76,7.95,163,0,3,0,0,0.0,0.0,0.0
2026-05-13,6550,北極星藥業-KY,16.9,17.9,16.9,17.9,1847,0,282,0,5,67.38,32.61,100.0
2026-05-13,6552,易華電,29.6,29.6,28.75,29.0,245,41,-6,0,0,0.84,99.15,100.0
2026-05-13,6555,榮炭,22.11,22.65,21.85,22.45,190,0,20,0,0,0.0,0.0,0.0
2026-05-13,6556,勝品,69.6,69.7,69.4,69.4,13,0,0,0,0,0.57,99.42,100.0
2026-05-13,6558,興能高,30.0,30.9,29.35,29.35,610,157,-240,0,0,1.83,98.16,100.0
2026-05-13,6559,研晶,28.22,28.8,25.7,27.0,109,0,0,0,0,0.0,0.0,0.0
2026-05-13,6560,欣普羅,38.5,38.5,37.9,38.3,133,10,22,0,0,5.03,94.96,100.0
2026-05-13,6561,是方,343.0,347.5,342.5,345.5,72,17,0,0,0,5.86,94.13,100.0
2026-05-13,6563,映智,32.74,32.1,30.2,31.5,248,0,0,0,0,0.0,0.0,0.0
2026-05-13,6564,安特羅,18.32,18.7,18.1,18.7,61,0,0,0,0,0.0,0.0,0.0
2026-05-13,6565,物聯,23.16,23.45,22.1,22.95,93,0,-2,0,0,0.0,0.0,0.0
2026-05-13,6568,宏觀,226.0,226.5,217.0,220.5,438,159,48,0,-28,6.46,93.53,100.0
2026-05-13,6569,醫揚,100.0,100.5,99.0,100.5,32,3,2,0,0,2.93,97.06,100.0
2026-05-13,6570,維田,43.95,44.3,43.2,43.75,104,15,23,0,0,1.44,98.55,100.0
2026-05-13,6572,博錸,9.41,9.59,8.75,9.19,290,0,2,0,0,0.0,0.0,0.0
2026-05-13,6573,虹揚-KY,13.5,13.75,12.3,13.65,412,0,-202,0,4,54.82,45.17,100.0
2026-05-13,6574,霈方,129.5,129.5,126.0,129.5,347,0,23,0,0,0.6,99.39,100.0
2026-05-13,6576,逸達,79.2,80.0,78.9,79.5,138,0,21,0,0,22.35,77.64,100.0
2026-05-13,6577,勁豐,79.3,79.3,78.1,78.3,55,4,-8,0,0,1.28,98.71,100.0
2026-05-13,6578,達邦蛋白,14.6,16.1,14.5,16.1,198,11,94,0,2,0.91,99.08,100.0
2026-05-13,6579,研揚,143.0,151.5,143.0,150.5,1606,413,209,0,41,3.24,96.75,100.0
2026-05-13,6580,台睿,15.97,16.25,15.6,16.25,18,0,4,0,0,0.0,0.0,0.0
2026-05-13,6581,鋼聯,107.5,108.0,107.0,108.0,20,2,-5,0,2,1.01,98.98,100.0
2026-05-13,6582,申豐,31.1,31.1,30.65,30.8,41,6,-6,0,0,12.97,87.02,100.0
2026-05-13,6583,友松,12.4,12.35,12.35,12.35,1,0,0,0,0,0.0,0.0,0.0
2026-05-13,6584,南俊國際,680.0,715.0,664.0,679.0,1876,827,-139,-286,-2,15.6,84.39,100.0
2026-05-13,6585,鼎基,91.5,91.5,90.1,90.7,93,8,-3,0,0,6.74,93.25,100.0
2026-05-13,6586,醣基,59.3,68.3,60.5,67.4,2505,0,18,0,0,0.0,0.0,0.0
2026-05-13,6588,東典光電,139.0,145.5,137.0,138.0,1648,962,-33,0,0,4.02,95.97,100.0
2026-05-13,6589,台康生技,42.95,42.95,41.0,41.35,1865,459,-172,0,-1,6.62,93.37,100.0
2026-05-13,6590,普鴻,69.9,70.9,68.6,68.6,9,0,-1,0,0,0.05,99.94,100.0
2026-05-13,6591,動力-KY,55.3,55.3,53.4,53.6,529,73,-41,0,0,20.74,79.25,100.0
2026-05-13,6592,和潤企業,60.2,60.4,59.8,59.9,773,158,-56,0,-2,26.27,73.72,100.0
2026-05-13,6593,台灣銘板,35.25,35.25,35.0,35.25,50,1,5,0,0,1.27,98.72,100.0
2026-05-13,6595,光禹國際,31.85,32.35,30.8,32.35,0,0,0,0,0,0.0,0.0,0.0
2026-05-13,6596,寬宏藝術,99.0,99.8,98.2,99.7,648,144,-136,0,-1,4.41,95.58,100.0
2026-05-13,6597,立誠,77.0,77.0,74.8,76.9,52,0,0,0,0,0.0,99.99,100.0
2026-05-13,6598,ABC-KY,23.65,25.0,23.55,24.15,393,0,-36,0,2,23.39,76.6,100.0
2026-05-13,6599,普達系統,48.49,47.0,45.1,47.0,17,0,0,0,0,0.0,0.0,0.0
2026-05-13,6603,富強鑫,23.75,23.75,22.8,22.9,1501,229,-226,0,-77,2.56,97.43,100.0
2026-05-13,6604,儒億,30.25,30.95,30.0,30.4,101,0,0,0,0,0.0,0.0,0.0
2026-05-13,6605,帝寶,128.0,132.5,127.0,132.5,557,85,39,0,0,15.63,84.36,100.0
2026-05-13,6606,建德工業,25.0,25.35,25.0,25.3,131,4,-21,0,0,3.37,96.62,100.0
2026-05-13,6609,瀧澤科,41.6,41.6,40.1,40.5,461,85,166,0,0,54.75,45.24,100.0
2026-05-13,6610,安成生技,29.11,30.4,29.3,30.0,753,0,19,0,0,0.0,0.0,0.0
2026-05-13,6612,奈米醫材,67.7,68.6,66.5,67.8,62,6,1,0,0,26.01,73.98,100.0
2026-05-13,6613,朋億*,233.0,240.0,229.5,237.5,286,73,103,0,1,6.97,93.02,100.0
2026-05-13,6614,資拓宏宇,40.35,40.35,40.0,40.15,115,0,-13,0,-14,0.82,99.17,100.0
2026-05-13,6615,慧智,32.8,33.4,32.75,32.75,44,3,4,0,0,0.21,99.78,100.0
2026-05-13,6616,特昇-KY,9.66,9.69,9.35,9.5,68,17,-1,0,0,56.73,43.26,100.0
2026-05-13,6617,共信-KY,61.0,67.6,60.7,67.6,499,202,0,0,2,38.26,61.73,100.0
2026-05-13,6618,永虹先進,20.13,20.1,19.6,19.9,659,0,0,0,0,0.0,0.0,0.0
2026-05-13,6620,漢達,70.3,70.8,69.5,70.3,484,110,-77,0,-5,24.86,75.13,100.0
2026-05-13,6621,華宇藥,12.23,12.25,12.0,12.1,113,0,-4,0,0,0.0,0.0,0.0
2026-05-13,6622,百聿數碼,7.4,7.49,7.16,7.44,4,0,0,0,0,0.0,0.0,0.0
2026-05-13,6624,萬年清,47.8,47.8,46.2,47.5,81,22,3,0,0,0.39,99.6,100.0
2026-05-13,6625,必應,72.8,72.8,72.1,72.3,171,5,-2,0,0,0.98,99.01,100.0
2026-05-13,6629,泰金-KY,124.0,125.5,123.0,125.5,62,12,2,0,0,76.58,23.41,100.0
2026-05-13,6634,欣耀,60.31,80.5,64.0,79.9,1166,0,-10,0,0,0.0,0.0,0.0
2026-05-13,6637,醫影,67.0,67.3,65.1,66.9,25,2,-6,0,0,0.2,99.79,100.0
2026-05-13,6638,沅聖,43.08,43.95,41.8,41.8,12,0,0,0,0,0.0,0.0,0.0
2026-05-13,6639,源大環能,7.59,8.1,7.4,7.47,236,0,5,0,0,0.0,0.0,0.0
2026-05-13,6640,均華,1480.0,1485.0,1345.0,1425.0,604,253,-82,13,-4,6.6,93.39,100.0
2026-05-13,6641,基士德-KY,18.6,18.75,18.35,18.5,50,4,-9,0,-1,29.96,70.03,100.0
2026-05-13,6642,富致,63.4,65.4,62.1,64.0,498,183,10,0,-2,1.37,98.62,100.0
2026-05-13,6643,M31,680.0,713.0,641.0,656.0,1972,832,-116,1,-60,10.87,89.12,100.0
2026-05-13,6645,金萬林-創,12.9,12.9,12.6,12.85,22,0,-1,0,2,0.84,99.15,100.0
2026-05-13,6648,斯其大,17.45,17.8,17.1,17.6,14,0,0,0,0,0.0,0.0,0.0
2026-05-13,6649,台生材,38.9,39.65,38.9,39.45,34,3,2,0,0,6.5,93.49,100.0
2026-05-13,6650,帝圖,31.8,32.2,31.35,31.75,2,0,0,0,0,0.0,0.0,0.0
2026-05-13,6651,全宇昕,128.5,131.5,124.5,124.5,643,193,4,0,0,6.87,93.12,100.0
2026-05-13,6654,天正國際,92.8,99.2,92.0,97.4,178,39,-4,0,0,0.58,99.41,100.0
2026-05-13,6655,科定,138.0,138.0,136.5,137.5,10,4,-2,0,0,0.5,99.49,100.0
2026-05-13,6657,華安,39.65,40.15,39.65,40.15,159,29,-3,0,1,7.15,92.84,100.0
2026-05-13,6658,聯策,194.0,213.0,194.0,213.0,625,0,-9,0,-18,7.52,92.47,100.0
2026-05-13,6659,天明製藥,22.09,21.45,20.0,20.95,185,0,0,0,0,0.0,0.0,0.0
2026-05-13,6661,威健生技,17.25,17.6,17.25,17.6,8,0,0,0,0,0.02,99.97,100.0
2026-05-13,6662,樂斯科,29.9,29.9,29.9,29.9,1,0,0,0,0,0.2,99.79,100.0
2026-05-13,6664,群翊,472.0,484.0,450.0,480.0,3221,1819,-111,0,33,14.78,85.21,100.0
2026-05-13,6665,康聯生醫,23.36,23.0,21.85,23.0,18,0,0,0,0,0.0,0.0,0.0
2026-05-13,6666,羅麗芬-KY,40.75,40.75,40.15,40.35,17,4,-2,0,0,75.18,24.81,100.0
2026-05-13,6667,信紘科,254.0,257.0,250.0,252.5,581,147,-227,0,-4,8.51,91.48,100.0
2026-05-13,6668,中揚光,35.75,36.3,35.6,36.15,239,28,-12,0,0,11.27,88.72,100.0
2026-05-13,6669,緯穎,5555.0,5800.0,5500.0,5580.0,2928,1079,-671,450,-51,30.43,69.56,100.0
2026-05-13,6670,復盛應用,268.5,273.0,265.0,265.0,373,133,4,-3,16,25.8,74.19,100.0
2026-05-13,6671,三能-KY,30.05,30.05,29.2,29.5,59,15,-12,0,0,39.85,60.14,100.0
2026-05-13,6672,騰輝電子-KY,201.5,204.0,196.5,198.0,3629,1203,341,0,-56,19.82,80.17,100.0
2026-05-13,6673,和詮,22.09,23.1,21.1,21.55,521,0,0,0,0,0.0,0.0,0.0
2026-05-13,6674,鋐寶科技,17.85,17.85,17.2,17.4,70,8,4,0,0,0.48,99.51,100.0
2026-05-13,6676,祥翊,14.84,15.0,14.25,14.5,211,0,-4,0,0,0.0,0.0,0.0
2026-05-13,6677,瑩碩生技,18.32,18.45,18.0,18.4,27,0,0,0,0,0.0,0.0,0.0
2026-05-13,6679,鈺太,321.5,327.0,315.0,320.0,384,143,-51,0,-13,10.33,89.66,100.0
2026-05-13,6680,鑫創電子,54.2,56.5,54.2,56.5,10,1,2,0,0,0.21,99.78,100.0
2026-05-13,6682,華旭先進,57.2,57.1,52.6,53.9,2179,0,-3,0,0,0.0,0.0,0.0
2026-05-13,6683,雍智科技,2135.0,2135.0,2135.0,2135.0,161,0,14,0,-6,11.85,88.14,100.0
2026-05-13,6684,安格,46.95,47.25,45.85,46.0,179,57,-8,0,0,5.28,94.71,100.0
2026-05-13,6689,伊雲谷,68.2,68.3,66.2,66.2,386,34,-73,0,0,4.41,95.58,100.0
2026-05-13,6690,安碁資訊,168.0,168.0,166.0,167.5,68,2,-17,0,0,3.47,96.52,100.0
2026-05-13,6691,洋基工程,630.0,649.0,630.0,632.0,480,183,6,0,1,15.65,84.34,100.0
2026-05-13,6692,進能服,30.0,30.05,29.65,29.85,63,4,-6,0,0,0.46,99.53,100.0
2026-05-13,6693,廣閎科,159.5,160.5,150.0,151.0,1711,402,-375,0,-59,11.8,88.19,100.0
2026-05-13,6695,芯鼎,52.0,52.6,50.4,50.9,1616,503,197,0,2,2.66,97.33,100.0
2026-05-13,6696,仁新,420.46,419.5,395.5,405.5,606,0,-6,0,0,0.0,0.0,0.0
2026-05-13,6697,東捷資訊,41.45,41.5,41.0,41.0,38,5,-1,0,0,0.79,99.2,100.0
2026-05-13,6698,旭暉應材,30.75,30.85,30.3,30.7,202,23,-55,0,0,1.5,98.49,100.0
2026-05-13,6703,軒郁,116.0,119.5,114.5,119.0,164,19,35,0,0,14.12,85.87,100.0
2026-05-13,6704,國璽幹細胞,21.37,21.8,21.0,21.45,117,0,-5,0,0,0.0,0.0,0.0
2026-05-13,6705,振躍精密,99.77,97.0,93.0,93.8,86,0,2,0,0,0.0,0.0,0.0
2026-05-13,6706,惠特,165.5,168.0,160.0,164.0,4715,2699,-319,0,-50,10.67,89.32,100.0
2026-05-13,6707,富基電通,35.89,36.25,34.35,35.9,534,0,-7,0,0,0.0,0.0,0.0
2026-05-13,6708,天擎,42.35,42.35,40.3,40.35,36,0,-1,0,0,3.14,96.85,100.0
2026-05-13,6709,昱厚生技,25.3,25.4,24.9,24.9,123,0,0,0,0,0.0,0.0,0.0
2026-05-13,6712,長聖,139.5,140.5,138.5,139.0,254,29,28,0,0,3.61,96.38,100.0
2026-05-13,6715,嘉基,474.5,482.0,464.0,468.0,819,271,95,0,7,3.2,96.79,100.0
2026-05-13,6716,應廣,101.0,102.5,95.2,95.4,1270,466,-173,0,0,4.17,95.82,100.0
2026-05-13,6719,力智,195.0,203.0,191.0,202.5,1703,600,42,3,-1,7.55,92.44,100.0
2026-05-13,6720,久昌,161.0,164.0,159.0,164.0,85,25,-37,0,0,1.17,98.82,100.0
2026-05-13,6721,信實,57.5,57.6,57.1,57.6,8,0,0,0,0,0.0,99.99,100.0
2026-05-13,6722,輝創,38.95,39.0,38.1,38.7,122,0,-56,0,4,2.71,97.28,100.0
2026-05-13,6723,傑智環境,39.39,40.0,37.55,39.4,90,0,11,0,0,0.0,0.0,0.0
2026-05-13,6725,矽科宏晟,323.0,332.5,316.5,316.5,319,105,-44,0,-1,4.07,95.92,100.0
2026-05-13,6727,亞泰金屬,522.0,565.0,509.0,535.0,4514,2788,-206,0,6,10.13,89.86,100.0
2026-05-13,6728,上洋,114.0,114.0,112.0,112.0,80,6,-41,0,0,0.75,99.24,100.0
2026-05-13,6729,機光科技,53.65,54.0,51.0,52.7,86,0,0,0,0,0.0,0.0,0.0
2026-05-13,6730,常廣,38.0,38.0,37.6,37.6,13,0,0,0,0,0.03,99.96,100.0
2026-05-13,6732,昇佳電子,169.0,169.0,164.0,165.5,242,35,-75,2,0,6.77,93.22,100.0
2026-05-13,6733,博晟生醫,27.8,27.95,27.4,27.5,246,0,-76,0,0,1.23,98.76,100.0
2026-05-13,6734,安盛生,6.76,6.9,6.41,6.74,67,0,0,0,0,0.0,0.0,0.0
2026-05-13,6735,美達科技,131.5,140.0,131.5,139.0,512,0,-5,0,-10,1.19,98.8,100.0
2026-05-13,6737,秀育,34.05,34.15,32.85,34.1,7,0,0,0,0,0.0,0.0,0.0
2026-05-13,6738,鼎恒,67.81,69.0,66.1,68.8,184,0,0,0,0,0.0,0.0,0.0
2026-05-13,6739,竹陞科技,1310.0,1335.0,1275.0,1285.0,466,148,46,-49,0,4.93,95.06,100.0
2026-05-13,6741,91APP*-KY,65.8,66.5,65.2,66.5,185,30,-25,0,0,43.6,56.39,100.0
2026-05-13,6742,澤米,40.5,40.5,38.4,38.6,293,51,-106,0,0,1.96,98.03,100.0
2026-05-13,6743,安普新,29.95,30.1,29.35,29.4,426,77,-29,0,2,3.7,96.29,100.0
2026-05-13,6744,豐技生技,16.14,15.85,15.6,15.75,9,0,0,0,0,0.0,0.0,0.0
2026-05-13,6748,亞果生醫,71.74,72.8,69.7,70.4,229,0,-13,0,0,0.0,0.0,0.0
2026-05-13,6750,泰創工程,66.29,69.5,66.0,69.2,861,0,-10,0,0,0.0,0.0,0.0
2026-05-13,6751,智聯服務,48.5,48.75,48.1,48.3,18,0,-4,0,0,0.72,99.27,100.0
2026-05-13,6752,叡揚,102.5,102.5,101.5,101.5,40,5,-11,0,0,2.73,97.26,100.0
2026-05-13,6753,龍德造船,132.0,133.0,129.0,130.0,988,173,-378,0,-29,5.13,4.36,9.5
2026-05-13,6754,匯僑設計,45.2,45.2,44.8,45.15,22,0,-3,0,0,15.48,84.51,100.0
2026-05-13,6755,連鋐科技,24.71,23.05,19.35,21.5,287,0,-3,0,0,0.0,0.0,0.0
2026-05-13,6756,威鋒電子,105.0,106.5,101.0,101.5,1080,399,-268,0,-4,2.85,97.14,100.0
2026-05-13,6757,台灣虎航-創,53.6,54.2,52.3,52.5,1495,380,-618,0,7,1.6,48.38,49.99
2026-05-13,6757,台灣虎航,53.6,54.2,52.3,52.5,1495,380,-618,0,7,1.6,48.38,49.99
2026-05-13,6758,冠亞,36.15,36.15,34.2,34.5,12,0,0,0,0,0.0,0.0,0.0
2026-05-13,6761,穩得,202.0,202.0,191.5,192.0,1278,343,-65,0,-29,2.41,97.58,100.0
2026-05-13,6762,達亞,156.5,156.5,156.5,156.5,1,0,0,0,0,5.79,94.2,100.0
2026-05-13,6763,綠界科技,46.8,46.8,46.25,46.25,365,43,-97,0,0,3.45,96.54,100.0
2026-05-13,6763,綠界科技*,46.8,46.8,46.25,46.25,365,43,-97,0,0,3.45,96.54,100.0
2026-05-13,6767,台微醫,26.65,27.0,26.6,26.6,16,0,1,0,0,0.23,99.76,100.0
2026-05-13,6768,志強-KY,90.4,90.4,87.0,87.7,564,204,0,-5,-5,58.49,41.5,100.0
2026-05-13,6770,力積電,60.7,60.8,59.0,60.5,118112,54502,-15001,5,-2608,10.22,89.77,100.0
2026-05-13,6771,平和環保-創,43.05,43.85,43.0,43.0,44,0,-5,0,0,0.63,99.36,100.0
2026-05-13,6775,穎台科技,58.97,76.1,61.6,70.4,9425,0,-777,0,0,0.0,0.0,0.0
2026-05-13,6776,展碁國際,56.9,57.3,56.4,57.2,335,62,-53,0,2,1.49,98.5,100.0
2026-05-13,6780,學習王,42.29,0.0,0.0,0.0,0,0,0,0,0,0.0,0.0,0.0
2026-05-13,6781,AES-KY,1255.0,1305.0,1225.0,1240.0,1944,953,-49,0,-30,68.03,31.96,100.0
2026-05-13,6782,視陽,188.0,189.5,187.0,188.0,318,43,-165,9,0,8.84,91.15,100.0
2026-05-13,6784,天凱科技,26.2,26.55,25.3,26.1,90,0,-2,0,0,0.0,0.0,0.0
2026-05-13,6785,昱展新藥,133.0,133.5,132.0,132.5,52,4,7,0,0,8.31,91.68,100.0
2026-05-13,6786,芯測,102.6,110.0,100.5,100.5,386,0,11,0,0,0.0,0.0,0.0
2026-05-13,6787,晶瑞光,39.37,41.0,38.05,38.85,801,0,-11,0,0,0.0,0.0,0.0
2026-05-13,6788,華景電,461.5,461.5,449.5,454.0,998,372,-33,0,-3,10.72,89.27,100.0
2026-05-13,6789,采鈺,582.0,596.0,570.0,583.0,6080,2801,217,13,-9,3.36,96.63,100.0
2026-05-13,6790,永豐實,39.65,40.1,39.5,40.0,191,21,16,0,0,1.94,98.05,100.0
2026-05-13,6791,虎門科技,118.5,119.5,114.0,114.0,65,5,12,0,0,11.64,88.35,100.0
2026-05-13,6792,詠業,58.0,58.2,57.0,57.5,72,8,-22,0,0,1.36,98.63,100.0
2026-05-13,6793,天力離岸,5.97,6.25,5.85,6.25,168,0,10,0,0,0.0,0.0,0.0
2026-05-13,6794,向榮生技-創,83.4,84.0,80.7,81.8,64,5,-9,0,-1,0.43,99.56,100.0
2026-05-13,6794,向榮生技,83.4,84.0,80.7,81.8,64,5,-9,0,-1,0.43,99.56,100.0
2026-05-13,6796,晉弘,66.8,67.6,66.4,66.7,110,9,0,0,-1,15.02,84.97,100.0
2026-05-13,6797,圓點奈米,15.32,16.1,14.65,15.0,63,0,0,0,0,0.0,0.0,0.0
2026-05-13,6798,展逸,50.4,50.5,50.0,50.0,13,0,0,0,0,0.0,0.0,0.0
2026-05-13,6799,來頡,94.9,95.5,92.2,93.8,677,180,-193,0,0,9.25,90.74,100.0
2026-05-13,6803,崑鼎,286.0,286.5,284.5,285.5,146,3,-46,0,0,3.32,96.67,100.0
2026-05-13,6804,明係,14.95,15.0,14.9,15.0,38,0,-1,0,0,4.21,95.78,100.0
2026-05-13,6805,富世達,1835.0,1890.0,1805.0,1830.0,2136,838,303,-489,-12,16.29,83.7,100.0
2026-05-13,6806,森崴能源,0.0,0.0,0.0,0.0,0,0,0,0,0,2.03,97.96,100.0
2026-05-13,6807,峰源-KY,33.5,33.6,33.15,33.4,17,1,-4,0,0,43.54,56.45,100.0
2026-05-13,6808,三鼎生技,30.67,31.25,29.95,30.7,110,0,0,0,0,0.0,0.0,0.0
2026-05-13,6810,新穎生醫,28.15,28.35,27.0,28.15,118,0,0,0,0,0.0,0.0,0.0
2026-05-13,6811,宏碁資訊,210.0,211.0,206.5,210.0,70,10,-10,0,0,1.46,98.53,100.0
2026-05-13,6812,梭特,70.29,72.3,67.1,70.5,212,0,0,0,0,0.0,0.0,0.0
2026-05-13,6814,路迦生醫,24.34,26.15,23.0,25.0,70,0,-2,0,0,0.0,0.0,0.0
2026-05-13,6815,晶鑽生醫,28.56,27.55,26.8,27.0,115,0,0,0,0,0.0,0.0,0.0
2026-05-13,6816,捷智商訊,39.29,39.3,37.0,38.8,27,0,0,0,0,0.0,0.0,0.0
2026-05-13,6817,溫士頓,67.3,68.2,67.3,68.2,4,0,0,0,0,0.0,0.0,0.0
2026-05-13,6818,連騰,62.93,64.1,60.9,62.0,125,0,-10,0,0,0.0,0.0,0.0
2026-05-13,6819,眾智,63.2,63.1,52.4,60.9,760,0,11,0,0,0.0,0.0,0.0
2026-05-13,6820,連訊,285.6,299.5,280.0,291.5,146,0,-10,0,0,0.0,0.0,0.0
2026-05-13,6821,聯寶,49.8,50.5,48.95,49.2,357,139,31,0,0,0.43,99.56,100.0
2026-05-13,6823,濾能,88.6,88.6,84.6,84.9,439,118,-9,0,0,25.55,74.44,100.0
2026-05-13,6825,和暢科技,41.77,47.3,43.0,43.3,101,0,0,0,0,0.0,0.0,0.0
2026-05-13,6826,和淞,563.42,564.0,551.0,557.0,259,0,-6,0,0,0.0,0.0,0.0
2026-05-13,6827,巨生醫,12.07,12.05,11.7,12.0,81,0,0,0,0,0.0,0.0,0.0
2026-05-13,6829,千附精密,213.0,223.5,211.5,213.0,2253,1065,-377,0,-28,1.7,98.29,100.0
2026-05-13,6830,汎銓,755.0,792.0,728.0,746.0,2731,1352,359,-10,-19,5.77,94.22,100.0
2026-05-13,6831,邁科,640.0,688.0,638.0,688.0,2851,549,362,264,91,13.27,86.72,100.0
2026-05-13,6832,金鼎科,100.11,101.0,93.2,97.0,144,0,-3,0,0,0.0,0.0,0.0
2026-05-13,6833,太康精密,26.54,27.0,25.9,26.1,42,0,0,0,0,0.0,0.0,0.0
2026-05-13,6834,天二科技,43.45,44.55,42.15,43.9,1819,974,80,0,23,12.59,87.4,100.0
2026-05-13,6835,圓裕,38.55,38.95,38.0,38.5,746,664,-10,0,0,6.48,93.51,100.0
2026-05-13,6838,台新藥,26.6,26.9,26.35,26.35,105,0,-31,0,2,1.33,98.66,100.0
2026-05-13,6839,開陽能源,12.06,12.25,11.7,12.15,97,0,0,0,0,0.0,0.0,0.0
2026-05-13,6840,東研信超,64.0,64.0,62.3,62.3,101,6,-17,0,0,2.98,97.01,100.0
2026-05-13,6841,長佳智能,59.9,60.0,58.3,58.7,236,60,-10,0,0,2.64,97.35,100.0
2026-05-13,6842,瑞宇,119.48,120.5,113.5,116.0,279,0,-3,0,0,0.0,0.0,0.0
2026-05-13,6843,進典,43.65,46.2,43.65,45.5,14,3,-4,0,0,0.19,99.8,100.0
2026-05-13,6844,諾貝兒,64.4,64.5,64.1,64.5,9,0,-1,0,0,0.03,99.96,100.0
2026-05-13,6846,綠茵,70.5,70.5,69.1,69.1,17,5,0,0,0,0.22,99.77,100.0
2026-05-13,6847,普瑞博,65.23,64.8,61.8,64.8,16,0,-3,0,0,0.0,0.0,0.0
2026-05-13,6848,拉法醫,19.45,19.6,19.05,19.6,37,0,0,0,0,0.0,0.0,0.0
2026-05-13,6849,奇鼎科技,240.23,240.0,226.0,235.0,349,0,0,0,0,0.0,0.0,0.0
2026-05-13,6850,光鼎生技,34.74,35.9,34.65,34.65,6,0,0,0,0,0.0,0.0,0.0
2026-05-13,6854,錼創科技-KY創,149.5,149.5,144.0,144.5,529,128,-152,0,-2,32.41,67.58,100.0
2026-05-13,6855,數泓科,104.5,105.5,104.0,105.0,11,0,2,0,0,0.2,99.79,100.0
2026-05-13,6856,鑫傳,47.5,49.05,46.5,49.05,40,0,0,0,0,0.0,49.98,49.99
2026-05-13,6857,宏碁智醫,95.73,95.6,95.5,95.5,1,0,0,0,0,0.0,0.0,0.0
2026-05-13,6858,愛比科技,24.67,24.2,23.95,24.1,13,0,0,0,0,0.0,0.0,0.0
2026-05-13,6859,伯特光,117.0,117.0,115.0,115.5,53,2,-6,0,0,15.33,84.66,100.0
2026-05-13,6861,睿生光電,413.5,460.0,413.5,420.0,354,0,-29,0,-8,2.11,97.88,100.0
2026-05-13,6862,三集瑞-KY,157.0,162.0,155.0,161.0,1238,485,-256,0,-72,64.85,35.14,100.0
2026-05-13,6863,永道-KY,115.5,118.5,115.0,116.0,182,39,-36,0,0,69.69,30.3,100.0
2026-05-13,6864,元樟生技,56.41,57.0,54.4,55.5,50,0,0,0,0,0.0,0.0,0.0
2026-05-13,6865,偉康科技,33.3,35.85,32.2,34.3,57,10,0,0,0,0.35,99.64,100.0
2026-05-13,6867,坦德科技,22.94,23.5,22.55,23.45,4,0,0,0,0,0.0,0.0,0.0
2026-05-13,6868,采威國際,29.01,29.4,28.7,29.4,8,0,0,0,0,0.0,0.0,0.0
2026-05-13,6869,雲豹能源-創,83.9,88.3,81.2,87.5,1471,603,49,0,0,2.51,97.48,100.0
2026-05-13,6869,雲豹能源,83.9,88.3,81.2,87.5,1471,603,49,0,0,2.51,97.48,100.0
2026-05-13,6870,騰雲,184.0,184.5,180.5,184.5,73,14,-19,0,0,1.44,98.55,100.0
2026-05-13,6872,浩宇生醫,18.1,18.9,18.1,18.1,63,0,3,0,0,0.34,99.65,100.0
2026-05-13,6873,泓德能源-創,89.8,90.9,87.7,90.0,564,152,-140,0,1,7.84,92.15,100.0
2026-05-13,6873,泓德能源,89.8,90.9,87.7,90.0,564,152,-140,0,1,7.84,92.15,100.0
2026-05-13,6874,倍力,84.5,84.5,81.1,81.7,91,19,-13,0,0,0.93,99.06,100.0
2026-05-13,6875,國邑*,40.0,40.15,39.35,40.15,664,0,-83,0,0,2.14,97.85,100.0
2026-05-13,6876,朗齊生醫*,20.66,20.65,19.3,20.1,185,0,0,0,0,0.0,0.0,0.0
2026-05-13,6877,鏵友益,166.0,167.5,161.5,163.0,306,87,-94,0,0,7.03,92.96,100.0
2026-05-13,6878,歐付寶,10.0,10.2,9.79,9.88,19,0,4,0,0,0.0,0.0,0.0
2026-05-13,6879,大江基因,36.31,37.0,35.2,36.35,41,0,-1,0,0,0.0,0.0,0.0
2026-05-13,6881,潤德,267.0,271.0,267.0,271.0,2,0,0,0,0,0.11,99.88,100.0
2026-05-13,6882,甲尚,18.41,19.2,18.4,19.2,254,0,0,0,0,0.0,0.0,0.0
2026-05-13,6883,微電能源,28.16,25.0,21.45,24.1,238,0,0,0,0,0.0,0.0,0.0
2026-05-13,6884,海柏特,34.1,34.35,34.1,34.35,3,0,0,0,0,5.56,94.43,100.0
2026-05-13,6885,全福生技,21.75,21.95,21.5,21.7,410,106,1,0,-1,2.98,97.01,100.0
2026-05-13,6886,遠東生技,47.03,48.9,46.05,47.95,9,0,0,0,0,0.0,0.0,0.0
2026-05-13,6887,寶綠特-KY,37.85,38.1,37.8,37.8,5,1,-2,0,0,53.27,46.72,100.0
2026-05-13,6890,來億-KY,170.0,170.0,162.5,163.5,411,120,-52,0,0,87.42,12.57,100.0
2026-05-13,6891,樂迦再生,58.6,60.1,55.8,57.9,828,0,-39,0,0,0.0,0.0,0.0
2026-05-13,6892,台寶生醫,24.96,25.0,24.2,25.0,45,0,0,0,0,0.0,0.0,0.0
2026-05-13,6894,衛司特,340.0,355.0,328.5,350.0,159,44,42,0,0,2.08,97.91,100.0
2026-05-13,6895,宏碩系統,159.0,159.5,157.0,157.5,64,18,8,0,-2,4.55,95.44,100.0
2026-05-13,6898,程曦資訊,105.71,107.5,101.5,104.5,73,0,0,0,0,0.0,0.0,0.0
2026-05-13,6899,創為精密,60.3,65.3,60.3,65.3,1004,245,-60,0,4,5.17,94.82,100.0
2026-05-13,6901,鑽石投資,13.45,14.75,13.45,14.75,6835,1861,559,0,2,0.56,99.43,100.0
2026-05-13,6902,GOGOLOOK-創,101.5,101.5,95.4,98.0,209,75,-20,0,0,3.29,96.69,100.0
2026-05-13,6902,GOGOLOOK,101.5,101.5,95.4,98.0,209,75,-20,0,0,3.29,96.69,100.0
2026-05-13,6903,巨漢,437.5,451.5,421.5,427.5,3586,2145,-254,0,-13,4.91,95.08,100.0
2026-05-13,6904,伯鑫,112.0,116.5,112.0,114.0,5,3,0,0,0,0.07,99.92,100.0
2026-05-13,6906,現觀科,68.0,68.0,65.4,65.5,106,14,4,0,0,8.55,91.44,100.0
2026-05-13,6907,雅特力-KY,126.0,128.0,121.5,122.0,798,233,63,0,1,52.01,47.98,100.0
2026-05-13,6908,宏碁遊戲-創,39.0,39.0,38.7,38.7,20,0,3,0,0,0.55,99.44,100.0
2026-05-13,6909,創控,56.8,56.9,54.4,54.7,1110,219,-198,0,0,7.75,92.24,100.0
2026-05-13,6910,德鴻,27.65,27.65,27.55,27.65,26,0,-2,0,0,4.81,95.18,100.0
2026-05-13,6911,群運,31.97,32.45,31.5,32.45,39,0,0,0,0,0.0,0.0,0.0
2026-05-13,6912,益鈞環科*,16.83,16.9,15.2,16.9,223,0,-1,0,0,0.0,0.0,0.0
2026-05-13,6913,鴻呈,139.0,139.5,131.0,132.0,887,250,-254,0,-1,1.53,98.46,100.0
2026-05-13,6914,阜爾運通,145.0,145.0,143.0,143.5,114,6,-60,0,1,2.27,97.72,100.0
2026-05-13,6915,美強光,72.41,72.1,67.0,69.1,127,0,2,0,0,0.0,0.0,0.0
2026-05-13,6916,華凌,18.4,18.55,18.15,18.25,24,1,10,0,-1,0.56,99.43,100.0
2026-05-13,6917,竟天,37.01,36.7,35.9,35.9,336,0,0,0,0,0.0,0.0,0.0
2026-05-13,6918,愛派司,77.4,78.3,77.0,77.2,93,10,21,0,0,0.98,99.01,100.0
2026-05-13,6919,康霈*,95.0,106.5,95.0,99.3,8417,5198,39,0,24,12.73,87.26,100.0
2026-05-13,6920,恆勁科技,105.63,117.5,106.5,110.0,3136,0,-86,0,0,0.0,0.0,0.0
2026-05-13,6921,嘉雨思-創,81.8,81.8,79.8,81.0,58,0,-21,0,6,29.91,70.08,100.0
2026-05-13,6922,宸曜,180.0,183.0,177.5,181.0,90,17,-18,0,29,1.12,98.87,100.0
2026-05-13,6923,中台,80.2,82.0,80.2,81.7,221,71,-40,0,-1,1.36,98.63,100.0
2026-05-13,6924,榮惠-KY創,117.0,124.0,108.0,123.5,466,0,-25,0,-7,77.55,22.44,100.0
2026-05-13,6925,意藍,62.0,62.9,61.5,62.2,29,4,5,0,0,4.11,95.88,100.0
2026-05-13,6926,聖安生醫,63.89,65.3,62.4,64.0,22,0,1,0,0,0.0,0.0,0.0
2026-05-13,6927,聯合聚晶,50.2,51.0,49.8,51.0,71,0,0,0,0,0.0,0.0,0.0
2026-05-13,6928,攸泰科技,47.6,47.6,46.1,46.1,130,16,-36,0,0,0.59,99.4,100.0
2026-05-13,6929,佑全,23.5,24.15,23.45,24.15,22,0,1,0,0,0.01,99.98,100.0
2026-05-13,6931,青松健康,41.85,43.0,41.3,42.2,142,47,8,0,1,0.49,99.5,100.0
2026-05-13,6932,水星生醫*,7.57,7.8,7.34,7.59,315,0,0,0,0,0.0,0.0,0.0
2026-05-13,6933,AMAX-KY,182.5,189.5,180.5,183.5,1191,551,-87,0,-5,28.13,71.86,100.0
2026-05-13,6934,心誠鎂,77.0,77.0,75.6,76.0,76,0,11,0,0,12.5,87.49,100.0
2026-05-13,6935,王子製藥,30.07,30.35,30.3,30.3,1,0,0,0,0,0.0,0.0,0.0
2026-05-13,6936,永鴻生技,33.95,33.95,33.7,33.75,60,0,-8,0,0,0.56,99.43,100.0
2026-05-13,6937,天虹,300.5,304.0,295.0,302.0,527,215,-29,0,-16,2.37,97.62,100.0
2026-05-13,6938,藍新資訊,100.02,100.0,96.3,100.0,54,0,0,0,0,0.0,0.0,0.0
2026-05-13,6939,啟弘生技,23.59,23.75,23.0,23.75,6,0,0,0,0,0.0,0.0,0.0
2026-05-13,6940,格斯科技*,21.38,22.0,20.85,21.1,849,0,-1,0,0,0.0,0.0,0.0
2026-05-13,6944,兆聯實業,918.0,945.0,910.0,916.0,1018,512,-101,0,20,13.25,86.74,100.0
2026-05-13,6945,圓祥生技,170.68,190.0,170.0,182.0,1091,0,0,0,0,0.0,0.0,0.0
2026-05-13,6946,三地能源,12.67,12.7,12.2,12.3,92,0,0,0,0,0.0,0.0,0.0
2026-05-13,6947,台鎔科技,78.06,79.1,77.7,79.0,366,0,-2,0,0,0.0,0.0,0.0
2026-05-13,6949,沛爾生醫-創,675.0,679.0,666.0,678.0,57,28,-5,0,-1,2.26,97.73,100.0
2026-05-13,6951,青新-創,79.3,79.9,79.3,79.7,53,4,-10,0,0,2.0,97.99,100.0
2026-05-13,6952,大武山,36.6,37.1,36.6,37.1,18,3,-4,0,0,0.37,99.62,100.0
2026-05-13,6953,家碩,271.0,271.0,249.5,259.0,428,151,-69,0,3,1.57,98.42,100.0
2026-05-13,6955,邦睿生技-創,157.0,160.0,157.0,157.0,12,0,3,0,2,17.74,82.25,100.0
2026-05-13,6957,裕慶-KY,159.5,159.5,156.5,159.0,55,1,-15,0,0,6.41,93.58,100.0
2026-05-13,6958,日盛台駿,17.9,18.0,17.6,18.0,47,7,-5,0,7,0.45,99.54,100.0
2026-05-13,6959,兆捷科技,113.77,111.5,103.5,105.0,584,0,0,0,0,0.0,0.0,0.0
2026-05-13,6961,旅天下,60.0,60.0,58.5,59.0,23,0,0,0,0,0.47,99.52,100.0
2026-05-13,6962,奕力-KY,37.65,38.2,36.6,38.1,4178,1532,1118,8,8,42.38,57.61,100.0
2026-05-13,6963,品元,27.2,27.15,25.85,27.1,9,0,0,0,0,0.0,0.0,0.0
2026-05-13,6965,中傑-KY,80.8,80.8,78.4,78.7,148,37,13,0,4,77.32,22.67,100.0
2026-05-13,6967,汎瑋材料,76.0,76.4,74.3,74.5,71,28,-5,0,0,2.84,97.15,100.0
2026-05-13,6968,萬達寵物,43.5,44.0,43.0,43.0,31,1,-2,0,0,1.14,98.85,100.0
2026-05-13,6969,成信實業*-創,28.2,28.2,28.2,28.2,23,0,2,0,0,0.52,99.47,100.0
2026-05-13,6971,惠民實業,27.7,27.85,27.05,27.1,181,12,-29,0,0,0.28,99.71,100.0
2026-05-13,6972,博瑞達應材,24.55,24.45,23.3,24.45,8,0,0,0,0,0.0,0.0,0.0
2026-05-13,6973,永立榮,34.42,34.4,33.5,34.15,34,0,0,0,0,0.0,0.0,0.0
2026-05-13,6976,育世博-KY,13.02,13.05,12.7,12.95,566,0,0,0,0,0.0,0.0,0.0
2026-05-13,6977,聯純,337.79,347.0,333.5,335.5,81,0,0,0,0,0.0,0.0,0.0
2026-05-13,6979,勝釩,243.04,236.0,223.0,228.0,51,0,0,0,0,0.0,0.0,0.0
2026-05-13,6980,鐳洋科技,173.05,173.5,165.5,169.0,173,0,-1,0,0,0.0,0.0,0.0
2026-05-13,6982,大井泵浦,52.4,52.6,52.3,52.4,42,2,6,0,0,1.43,98.56,100.0
2026-05-13,6983,華洋精機,389.02,404.0,380.0,403.5,96,0,0,0,0,0.0,0.0,0.0
2026-05-13,6984,ACpay,19.54,18.9,17.85,18.0,19,0,0,0,0,0.0,0.0,0.0
2026-05-13,6986,和迅,60.55,61.6,59.8,60.7,41,0,0,0,0,0.0,0.0,0.0
2026-05-13,6987,寶晶能源*,20.01,20.1,19.75,20.05,97,0,0,0,0,0.0,0.0,0.0
2026-05-13,6988,威力暘-創,15.5,16.0,15.25,15.25,143,0,15,0,-3,3.86,96.13,100.0
2026-05-13,6990,華鉬,85.25,85.0,77.5,80.0,109,0,-1,0,0,0.0,0.0,0.0
2026-05-13,6994,富威電力,62.9,66.1,62.0,64.3,715,214,116,0,0,1.5,98.49,100.0
2026-05-13,6995,野獸國,47.5,48.0,47.25,47.5,26,0,0,0,0,0.0,0.0,0.0
2026-05-13,6996,力領科技,188.0,188.5,181.5,182.5,172,36,-17,0,-6,3.23,96.76,100.0
2026-05-13,6997,博弘,75.0,75.0,74.0,74.0,9,0,0,0,0,20.13,79.86,100.0
2026-05-13,6999,瀚醫生技,30.0,30.0,30.0,30.0,3,0,0,0,0,0.0,0.0,0.0
2026-05-13,7402,邑錡,113.0,113.5,108.0,109.0,565,82,-128,0,0,9.89,90.1,100.0
2026-05-13,7419,達勝,151.57,154.5,138.0,149.5,408,0,5,0,0,0.0,0.0,0.0
2026-05-13,7427,華上生醫,41.43,41.55,39.9,41.0,141,0,-1,0,0,0.0,0.0,0.0
2026-05-13,7443,凡事康,10.28,10.5,10.05,10.5,9,0,0,0,0,0.0,0.0,0.0
2026-05-13,7455,樺緯物聯,64.79,64.8,64.8,64.8,0,0,0,0,0,0.0,0.0,0.0
2026-05-13,7507,環拓科技,23.29,24.8,23.6,24.4,45,0,-1,0,0,0.0,0.0,0.0
2026-05-13,7516,清淨海,8.97,9.26,8.7,8.9,139,0,0,0,0,0.0,0.0,0.0
2026-05-13,7530,鋒魁科技,45.22,45.5,43.45,43.85,641,0,0,0,0,0.0,0.0,0.0
2026-05-13,7547,碩網,69.0,72.9,69.0,72.4,725,640,25,0,0,24.24,75.75,100.0
2026-05-13,7551,知識科技,13.47,14.15,13.4,14.05,27,0,0,0,0,0.0,0.0,0.0
2026-05-13,7556,意德士,278.0,278.0,263.5,265.0,147,38,4,0,0,3.37,96.62,100.0
2026-05-13,7558,群利科技,26.02,25.6,24.45,24.55,110,0,0,0,0,0.0,0.0,0.0
2026-05-13,7561,光晟生技,19.21,19.3,19.0,19.2,10,0,0,0,0,0.0,0.0,0.0
2026-05-13,7562,博來科技,54.39,53.3,53.3,53.3,0,0,0,0,0,0.0,0.0,0.0
2026-05-13,7566,亞果遊艇,13.14,13.1,12.7,12.95,216,0,-12,0,0,0.0,0.0,0.0
2026-05-13,7575,安美得,20.29,20.65,19.9,19.9,4,0,-3,0,0,0.0,0.0,0.0
2026-05-13,7578,利百景,32.97,33.1,32.6,32.85,101,0,0,0,0,0.0,0.0,0.0
2026-05-13,7583,國際海洋,64.62,66.0,65.7,66.0,1,0,0,0,0,0.0,0.0,0.0
2026-05-13,7584,樂意,31.05,31.05,30.7,30.7,21,4,10,0,0,14.23,85.76,100.0
2026-05-13,7590,怡和國際,26.11,26.05,23.6,24.75,739,0,0,0,0,0.0,0.0,0.0
2026-05-13,7595,世基生醫,9.69,10.35,9.6,9.6,65,0,0,0,0,0.0,0.0,0.0
2026-05-13,7607,通用幹細胞*,14.5,14.35,14.2,14.3,20,0,0,0,0,0.0,0.0,0.0
2026-05-13,7610,聯友金屬-創,800.0,859.0,773.0,858.0,963,0,129,0,-4,15.83,84.16,100.0
2026-05-13,7631,聚賢研發-創,128.0,128.0,123.5,126.0,30,0,-10,0,0,0.66,99.33,100.0
2026-05-13,7642,昶瑞機電,69.6,69.6,68.5,69.0,15,2,-2,0,0,0.37,99.62,100.0
2026-05-13,7669,碩正科技,780.12,799.0,770.0,797.0,85,0,0,0,0,0.0,0.0,0.0
2026-05-13,7689,大鵬科CLMX,266.38,266.0,245.0,254.5,65,0,0,0,0,0.0,0.0,0.0
2026-05-13,7702,前端風電,20.91,23.5,21.5,22.5,130,0,0,0,0,0.0,0.0,0.0
2026-05-13,7703,銳澤,212.0,214.5,210.0,212.5,128,30,8,0,0,1.65,98.34,100.0
2026-05-13,7704,明遠精密,62.0,63.0,60.5,62.6,146,34,-8,0,0,0.84,99.15,100.0
2026-05-13,7705,三商餐飲,31.1,31.2,30.85,30.9,65,11,17,0,0,1.47,98.52,100.0
2026-05-13,7706,宏碁創達,40.64,40.0,39.1,39.5,3,0,0,0,0,0.0,0.0,0.0
2026-05-13,7707,益芯科,172.18,173.0,161.5,162.5,247,0,0,0,0,0.0,0.0,0.0
2026-05-13,7708,全家餐飲,91.5,91.5,91.3,91.3,5,0,2,0,0,0.11,99.88,100.0
2026-05-13,7709,榮田,81.5,81.5,78.3,78.9,285,91,44,0,1,1.59,98.4,100.0
2026-05-13,7710,東擎科技,263.53,270.0,265.0,270.0,6,0,0,0,0,0.0,0.0,0.0
2026-05-13,7711,永擎,398.0,421.5,398.0,421.5,430,0,-41,0,-15,1.36,98.63,100.0
2026-05-13,7712,博盛半導體,158.0,163.5,152.0,153.0,2688,1073,224,0,-6,3.43,96.56,100.0
2026-05-13,7713,威力德生醫,67.7,68.0,67.6,68.0,4,2,0,0,0,0.08,99.91,100.0
2026-05-13,7714,創泓科技,127.5,128.5,127.0,128.0,53,7,12,0,0,0.9,99.09,100.0
2026-05-13,7715,裕山,28.5,29.0,28.5,29.0,71,3,4,0,0,0.96,99.03,100.0
2026-05-13,7716,昱臺國際,24.7,24.8,24.7,24.7,10,0,-1,0,0,0.02,99.97,100.0
2026-05-13,7717,萊德光電-KY,655.0,675.0,645.0,645.0,316,99,20,0,0,16.41,83.58,100.0
2026-05-13,7718,友鋮,49.2,49.65,48.0,48.5,13,1,-8,0,0,0.76,99.23,100.0
2026-05-13,7719,碳基,41.77,42.45,39.6,41.35,535,0,-2,0,0,0.0,0.0,0.0
2026-05-13,7721,微程式,81.0,81.9,77.6,78.3,596,162,51,0,0,1.34,98.65,100.0
2026-05-13,7722,LINEPAY,271.5,285.0,271.5,275.0,224,84,23,0,0,59.56,40.43,100.0
2026-05-13,7723,築間,27.05,27.45,26.35,26.75,306,55,-1,0,0,0.36,99.63,100.0
2026-05-13,7724,諾亞克,24.03,24.15,23.85,24.0,19,0,0,0,0,0.0,0.0,0.0
2026-05-13,7725,列特博,22.8,21.85,21.85,21.85,3,0,0,0,0,0.0,0.0,0.0
2026-05-13,7726,暄達,32.95,32.95,32.3,32.5,4,0,0,0,0,0.0,0.0,0.0
2026-05-13,7728,光焱科技,749.0,762.0,739.0,747.0,82,23,2,0,0,2.19,97.8,100.0
2026-05-13,7729,仲恩生醫,71.82,72.3,67.7,71.7,319,0,0,0,0,0.0,0.0,0.0
2026-05-13,7730,暉盛-創,175.0,175.0,170.0,171.0,49,5,-20,0,3,2.19,97.8,100.0
2026-05-13,7731,火星生技*,6.0,6.18,5.88,5.94,2324,0,0,0,0,0.0,0.0,0.0
2026-05-13,7732,金興精密,35.1,35.6,35.05,35.6,13,2,1,0,0,0.43,99.56,100.0
2026-05-13,7734,印能科技,3900.0,4375.0,3740.0,4375.0,964,343,-58,109,-3,3.92,96.07,100.0
2026-05-13,7736,虎山,74.6,74.6,73.0,73.0,49,5,7,0,0,1.11,98.88,100.0
2026-05-13,7737,凱鈿,44.29,45.25,43.3,43.3,12,0,0,0,0,0.0,0.0,0.0
2026-05-13,7738,東聯互動,179.5,180.5,175.0,177.0,31,7,-3,0,0,0.31,99.68,100.0
2026-05-13,7740,熙特爾-創,170.0,170.5,167.0,169.0,74,27,16,0,0,4.81,95.18,100.0
2026-05-13,7742,天弘化,186.29,195.0,175.0,181.5,878,0,0,0,0,0.0,0.0,0.0
2026-05-13,7743,金利食安,0.0,0.0,0.0,0.0,0,0,0,0,0,2.88,97.11,100.0
2026-05-13,7744,崴寶,549.0,609.0,548.0,598.0,266,78,17,0,7,28.07,71.92,100.0
2026-05-13,7745,紅陽,18.44,18.5,17.95,17.95,21,0,0,0,0,0.0,0.0,0.0
2026-05-13,7747,昕奇雲端,129.5,129.5,129.5,129.5,2,0,0,0,0,0.73,99.26,100.0
2026-05-13,7748,鑫囍創業,20.99,20.8,19.9,20.1,14,0,0,0,0,0.0,0.0,0.0
2026-05-13,7749,意騰-KY,500.0,500.0,475.0,488.0,947,337,-68,2,-3,22.87,77.12,100.0
2026-05-13,7750,新代,2950.0,3050.0,2765.0,2765.0,1114,423,118,2,-16,15.66,84.33,100.0
2026-05-13,7751,竑騰,1785.0,1820.0,1720.0,1720.0,287,0,65,-53,3,4.17,95.82,100.0
2026-05-13,7752,世紀樺欣,35.82,35.8,34.65,34.9,70,0,0,0,0,0.0,0.0,0.0
2026-05-13,7753,星亞,42.0,42.25,41.65,42.25,45,3,2,0,0,0.18,99.81,100.0
2026-05-13,7754,安基生技,60.14,61.6,59.9,60.0,230,0,-2,0,0,0.0,0.0,0.0
2026-05-13,7756,多那之,41.75,43.0,40.4,42.5,30,0,0,0,0,0.0,0.0,0.0
2026-05-13,7757,金色三麥,104.0,104.5,103.5,104.5,26,1,-3,0,0,19.48,80.51,100.0
2026-05-13,7758,睿騰能源,49.86,47.5,46.0,46.0,12,0,0,0,0,0.0,0.0,0.0
2026-05-13,7759,視航生醫,36.77,37.7,36.05,37.0,20,0,0,0,0,0.0,0.0,0.0
2026-05-13,7760,享溫馨,34.2,34.2,33.55,34.1,89,0,1,0,-15,0.14,99.85,100.0
2026-05-13,7761,三大未來,39.19,39.75,38.7,39.55,66,0,0,0,0,0.0,0.0,0.0
2026-05-13,7762,吉晟生,47.55,48.25,47.55,48.25,43,0,0,0,0,0.0,0.0,0.0
2026-05-13,7763,崇舜,261.91,276.5,260.0,270.5,317,0,0,0,0,0.0,0.0,0.0
2026-05-13,7764,聖州,13.39,14.0,13.4,13.85,117,0,0,0,0,0.0,0.0,0.0
2026-05-13,7765,中華資安,243.0,247.5,240.5,245.0,108,16,1,0,-3,0.59,99.4,100.0
2026-05-13,7767,仁大資訊,43.35,44.55,43.35,44.3,34,0,-1,0,0,0.11,99.88,100.0
2026-05-13,7768,頌勝科技,341.0,347.0,333.5,341.5,423,0,-115,0,0,0.74,99.25,100.0
2026-05-13,7769,鴻勁,6840.0,7555.0,6840.0,7440.0,2412,897,-136,623,11,20.11,79.88,100.0
2026-05-13,7770,君曜,0.0,0.0,0.0,0.0,0,0,0,0,0,0.22,99.77,100.0
2026-05-13,7771,綠基,59.48,61.7,58.1,61.6,11,0,0,0,0,0.0,0.0,0.0
2026-05-13,7772,耀穎,168.0,169.5,161.5,164.5,464,0,37,0,0,0.62,99.37,100.0
2026-05-13,7773,富禾生醫,27.82,28.4,28.0,28.35,46,0,0,0,0,0.0,0.0,0.0
2026-05-13,7776,奧孟亞,26.5,27.2,26.4,26.5,61,0,0,0,0,0.0,0.0,0.0
2026-05-13,7777,能率亞洲,29.2,31.35,28.3,31.05,3886,1496,497,0,51,0.54,99.45,100.0
2026-05-13,7779,鍇睿國際,15.12,0.0,0.0,0.0,0,0,0,0,0,0.0,0.0,0.0
2026-05-13,7780,大研生醫*,18.05,18.45,17.9,18.35,2140,432,93,0,-1,0.62,99.37,100.0
2026-05-13,7781,昕力資*,30.56,30.95,29.9,30.25,2027,0,0,0,0,0.0,0.0,0.0
2026-05-13,7782,光速火箭,26.1,26.9,26.1,26.9,16,2,0,0,0,0.34,99.65,100.0
2026-05-13,7783,佳運,102.41,110.5,100.0,105.5,54,0,-3,0,0,0.0,0.0,0.0
2026-05-13,7784,安邦生技*,9.99,10.0,9.31,9.89,727,0,0,0,0,0.0,0.0,0.0
2026-05-13,7785,北祥科服,37.08,37.2,37.2,37.2,0,0,0,0,0,0.0,0.0,0.0
2026-05-13,7786,東方風能,138.0,138.0,135.5,138.0,131,0,-19,0,0,1.35,98.64,100.0
2026-05-13,7788,松川精密,182.0,190.0,179.5,187.5,836,215,260,0,15,5.82,94.17,100.0
2026-05-13,7789,開展,35.25,35.25,33.5,35.25,3,0,0,0,0,0.0,0.0,0.0
2026-05-13,7790,思必瑞特,48.02,55.7,49.0,54.3,27,0,0,0,0,0.0,0.0,0.0
2026-05-13,7791,皇家可口,63.8,63.8,63.6,63.6,20,1,-1,0,0,0.63,99.36,100.0
2026-05-13,7792,安葆,308.0,320.0,305.0,305.0,302,64,5,0,7,18.67,81.32,100.0
2026-05-13,7794,宏碁智新,30.65,30.65,30.15,30.3,46,0,0,0,-4,1.35,98.64,100.0
2026-05-13,7795,長廣,400.0,408.5,385.0,398.0,719,0,118,-1,-4,7.41,92.58,100.0
2026-05-13,7796,擷發科,111.32,111.5,104.5,105.0,263,0,0,0,0,0.0,0.0,0.0
2026-05-13,7797,Q Burger,56.81,59.0,56.2,59.0,1,0,0,0,0,0.0,0.0,0.0
2026-05-13,7798,將捷,14.55,14.65,14.4,14.55,74,0,0,0,0,0.0,0.0,0.0
2026-05-13,7799,禾榮科,329.5,331.0,323.5,328.5,231,56,-52,0,0,3.99,96.0,100.0
2026-05-13,7801,華芸科技,144.3,147.5,143.5,145.5,44,0,0,0,0,0.0,0.0,0.0
2026-05-13,7803,雲象科技-創,29.79,29.95,29.05,29.45,178,0,0,0,0,0.0,0.0,0.0
2026-05-13,7805,威聯通,726.0,726.0,711.0,715.0,115,23,8,0,0,9.3,90.69,100.0
2026-05-13,7806,精華生醫,69.52,70.4,68.0,69.9,10,0,0,0,0,0.0,0.0,0.0
2026-05-13,7808,訊聯智藥,40.84,41.0,39.3,40.5,39,0,0,0,0,0.0,0.0,0.0
2026-05-13,7810,捷創科技,239.5,243.5,230.0,230.0,158,57,-5,0,-3,0.57,99.42,100.0
2026-05-13,7811,民盛,79.7,81.7,75.0,81.3,190,0,18,0,-23,0.41,99.58,100.0
2026-05-13,7812,稜研科技*,80.58,80.8,79.2,79.9,339,0,-20,0,0,0.0,0.0,0.0
2026-05-13,7813,宇辰系統,148.94,147.5,140.5,143.5,112,0,1,0,0,0.0,0.0,0.0
2026-05-13,7814,海昌生技,43.29,43.8,42.95,43.05,72,0,0,0,0,0.0,0.0,0.0
2026-05-13,7815,新特,492.47,500.0,475.5,487.5,156,0,0,0,0,0.0,0.0,0.0
2026-05-13,7816,來穎,66.84,68.4,65.6,66.7,43,0,0,0,0,0.0,0.0,0.0
2026-05-13,7818,溢泰實業,90.67,98.6,89.7,98.6,137,0,0,0,0,0.0,0.0,0.0
2026-05-13,7819,精誠金融,65.31,66.1,60.0,60.0,135,0,-23,0,0,0.0,0.0,0.0
2026-05-13,7820,立盈,146.0,146.0,140.0,141.0,118,0,-7,0,0,0.03,99.96,100.0
2026-05-13,7821,神數,44.5,45.0,43.9,44.15,227,0,-16,0,0,0.3,99.69,100.0
2026-05-13,7822,倍利科,1275.0,1275.0,1180.0,1205.0,402,0,20,0,9,0.55,99.44,100.0
2026-05-13,7823,奧義賽博-KY創,89.8,90.5,87.0,90.2,32,0,-2,0,-3,25.72,74.27,100.0
2026-05-13,7824,智寶,44.06,45.4,43.9,43.9,0,0,0,0,0,0.0,0.0,0.0
2026-05-13,7825,和亞智慧,97.14,100.0,96.2,99.5,224,0,0,0,0,0.0,0.0,0.0
2026-05-13,7826,極風雲創,45.84,45.85,45.55,45.85,8,0,0,0,0,0.0,0.0,0.0
2026-05-13,7827,漢康-KY創,139.61,139.5,134.5,137.0,256,0,0,0,0,0.0,0.0,0.0
2026-05-13,7828,創新服務,1230.0,1315.0,1230.0,1295.0,410,0,-68,0,-12,21.67,78.32,100.0
2026-05-13,7829,思捷優達-KY,41.0,40.45,38.0,40.45,95,0,0,0,0,0.0,0.0,0.0
2026-05-13,7831,捷博,37.1,0.0,0.0,0.0,0,0,0,0,0,0.0,0.0,0.0
2026-05-13,7832,智新生技*,12.84,12.95,12.35,12.6,190,0,0,0,0,0.0,0.0,0.0
2026-05-13,7833,綠岩能源,28.77,30.0,28.55,29.9,47,0,9,0,0,0.0,0.0,0.0
2026-05-13,7834,來毅數位,19.34,20.5,20.0,20.5,3,0,0,0,0,0.0,0.0,0.0
2026-05-13,7836,智生活,51.58,52.2,51.2,51.9,36,0,0,0,0,0.0,0.0,0.0
2026-05-13,7837,啟新生,105.5,105.0,105.0,105.0,2,0,0,0,0,0.0,0.0,0.0
2026-05-13,7839,達人網,62.6,0.0,0.0,0.0,0,0,0,0,0,0.0,0.0,0.0
2026-05-13,7840,祥圃,36.7,36.7,36.1,36.1,6,0,0,0,0,0.0,0.0,0.0
2026-05-13,7841,經貿聯網,30.04,29.85,29.25,29.8,5,0,0,0,0,0.0,0.0,0.0
2026-05-13,7842,天能綠電,116.5,116.5,115.5,116.0,93,0,-1,0,0,0.03,99.96,100.0
2026-05-13,7843,英柏得,134.52,134.5,124.0,130.5,160,0,0,0,0,0.0,0.0,0.0
2026-05-13,7846,德揚,90.24,88.4,86.5,88.4,15,0,0,0,0,0.0,0.0,0.0
2026-05-13,7847,豊漁,22.38,22.8,22.75,22.75,0,0,0,0,0,0.0,0.0,0.0
2026-05-13,7848,騏億鑫,481.75,493.5,482.5,485.5,18,0,0,0,0,0.0,0.0,0.0
2026-05-13,7849,旭誼,136.53,143.0,143.0,143.0,0,0,0,0,0,0.0,0.0,0.0
2026-05-13,7850,寶泰生醫,19.03,19.15,18.8,19.1,69,0,0,0,0,0.0,0.0,0.0
2026-05-13,7851,慧康生技*-KY,39.61,46.95,39.0,45.0,366,0,0,0,0,0.0,0.0,0.0
2026-05-13,7853,政美應用,365.91,399.5,354.5,382.0,1307,0,-1,0,0,0.0,0.0,0.0
2026-05-13,7854,佐茂,108.15,105.0,97.0,100.0,179,0,0,0,0,0.0,0.0,0.0
2026-05-13,7855,和運租車,99.4,102.5,102.5,102.5,2,0,0,0,0,0.0,0.0,0.0
2026-05-13,7856,漢測,3363.19,3455.0,3180.0,3385.0,145,0,-12,0,0,0.0,0.0,0.0
2026-05-13,7857,合水先進,51.38,52.9,50.3,52.7,21,0,0,0,0,0.0,0.0,0.0
2026-05-13,7858,芝普,238.82,243.0,224.0,228.5,233,0,0,0,0,0.0,0.0,0.0
2026-05-13,7860,得生製藥,58.4,58.8,56.1,57.5,2,0,0,0,0,0.0,0.0,0.0
2026-05-13,7861,貝爾威勒,956.65,1150.0,974.0,1130.0,935,0,-5,0,0,0.0,0.0,0.0
2026-05-13,7862,聚泰,38.08,38.6,38.6,38.6,0,0,0,0,0,0.0,0.0,0.0
2026-05-13,7863,中科物流,47.24,52.0,47.1,49.85,19,0,0,0,0,0.0,0.0,0.0
2026-05-13,7865,金聯成,43.32,45.0,45.0,45.0,2,0,0,0,0,0.0,0.0,0.0
2026-05-13,7866,丹立,287.03,285.0,266.5,267.5,928,0,1,0,0,0.0,0.0,0.0
2026-05-13,7867,特力屋,55.47,56.0,55.3,56.0,11,0,0,0,0,0.0,0.0,0.0
2026-05-13,7868,聖育,91.36,93.3,87.5,88.2,193,0,0,0,0,0.0,0.0,0.0
2026-05-13,7869,宏于電機,391.78,402.0,390.5,390.5,0,0,0,0,0,0.0,0.0,0.0
2026-05-13,7870,聯剛科技,164.77,164.0,158.0,158.0,3,0,0,0,0,0.0,0.0,0.0
2026-05-13,7871,安立璽榮-KY,69.76,70.6,69.2,69.8,559,0,0,0,0,0.0,0.0,0.0
2026-05-13,7872,登豐,63.46,68.9,64.7,67.4,104,0,0,0,0,0.0,0.0,0.0
2026-05-13,7875,安圖斯,134.43,135.5,127.5,134.5,24,0,0,0,0,0.0,0.0,0.0
2026-05-13,7876,鼎晉生技,36.3,37.5,35.8,35.95,128,0,0,0,0,0.0,0.0,0.0
2026-05-13,7877,海利普,40.43,40.6,39.6,40.0,50,0,0,0,0,0.0,0.0,0.0
2026-05-13,7878,藥祇,289.21,292.5,285.0,290.0,210,0,0,0,0,0.0,0.0,0.0
2026-05-13,7879,益材科技,115.18,116.0,107.5,111.0,454,0,0,0,0,0.0,0.0,0.0
2026-05-13,7880,聖凰,208.11,211.0,207.5,209.0,58,0,0,0,0,0.0,0.0,0.0
2026-05-13,7881,科明,100.48,104.0,101.5,102.0,26,0,0,0,0,0.0,0.0,0.0
2026-05-13,7882,倍利創投,22.79,23.1,22.45,22.95,249,0,0,0,0,0.0,0.0,0.0
2026-05-13,7883,饗賓,281.07,292.5,278.0,292.0,105,0,0,0,0,0.0,0.0,0.0
2026-05-13,7885,宏羚,24.1,24.15,24.15,24.15,1,0,0,0,0,0.0,0.0,0.0
2026-05-13,7886,科建,195.96,211.0,193.0,202.0,105,0,0,0,0,0.0,0.0,0.0
2026-05-13,7887,宇川精材,263.0,277.0,260.0,266.0,1047,0,-3,0,0,0.0,0.0,0.0
2026-05-13,7888,麗寶新藥,38.9,39.65,39.0,39.5,60,0,0,0,0,0.0,0.0,0.0
2026-05-13,7889,騰勢,88.52,88.3,87.5,87.9,6,0,0,0,0,0.0,0.0,0.0
2026-05-13,7890,明曜科技,118.35,120.5,114.0,119.5,30,0,0,0,0,0.0,0.0,0.0
2026-05-13,7891,博研醫藥,21.98,21.6,21.3,21.4,44,0,0,0,0,0.0,0.0,0.0
2026-05-13,7892,元鈦科,1018.54,1040.0,962.0,978.0,267,0,-2,0,0,0.0,0.0,0.0
2026-05-13,7893,睿信,207.87,218.5,206.0,215.5,96,0,0,0,0,0.0,0.0,0.0
2026-05-13,7895,元進莊,70.5,70.5,70.0,70.0,30,0,0,0,0,0.0,0.0,0.0
2026-05-13,7896,喬越,305.06,305.5,285.0,291.5,32,0,0,0,0,0.0,0.0,0.0
2026-05-13,7897,禾迅綠電,41.49,42.5,42.5,42.5,0,0,0,0,0,0.0,0.0,0.0
2026-05-13,7899,景美,605.19,605.0,570.0,570.0,427,0,0,0,0,0.0,0.0,0.0
2026-05-13,7901,大大寬頻,74.44,77.0,73.6,75.9,7,0,0,0,0,0.0,0.0,0.0
2026-05-13,7902,宇越生醫*,40.49,41.2,39.5,41.15,176,0,0,0,0,0.0,0.0,0.0
2026-05-13,7904,任開數位,24.3,0.0,0.0,0.0,0,0,0,0,0,0.0,0.0,0.0
2026-05-13,7907,錸恩帕斯,290.23,312.5,285.5,297.0,54,0,0,0,0,0.0,0.0,0.0
2026-05-13,7909,鈺祥,901.93,907.0,850.0,860.0,352,0,0,0,0,0.0,0.0,0.0
2026-05-13,7911,阿波羅電力,136.41,138.0,132.0,135.0,174,0,0,0,0,0.0,0.0,0.0
2026-05-13,7912,新聿科,455.78,460.0,426.0,438.0,146,0,-1,0,0,0.0,0.0,0.0
2026-05-13,7915,廌家,764.07,799.0,740.0,775.0,46,0,0,0,0,0.0,0.0,0.0
2026-05-13,7918,創鉅材料,926.98,1130.0,946.0,1030.0,750,0,0,0,0,0.0,0.0,0.0
2026-05-13,8011,台通,18.7,18.75,18.1,18.2,1542,219,-270,0,0,2.46,97.53,100.0
2026-05-13,8016,矽創,271.5,272.0,262.0,268.0,1642,498,-77,124,-32,34.44,65.55,100.0
2026-05-13,8021,尖點,461.5,497.0,446.0,446.0,24638,14976,-1104,-332,-205,18.56,81.43,100.0
2026-05-13,8024,佑華,12.35,12.45,12.25,12.3,82,0,1,0,0,2.36,97.63,100.0
2026-05-13,8027,鈦昇,234.5,251.0,233.0,250.0,3206,0,73,0,-67,19.27,80.72,100.0
2026-05-13,8028,昇陽半導體,235.0,243.0,228.0,238.0,9691,5930,-633,0,-274,21.0,78.99,100.0
2026-05-13,8032,光菱,42.6,42.6,41.0,41.15,130,29,8,0,0,1.19,98.8,100.0
2026-05-13,8033,雷虎,142.0,144.0,139.0,140.0,2996,498,-653,0,-241,5.43,94.56,100.0
2026-05-13,8034,榮群,24.85,24.85,24.3,24.45,466,55,-138,0,0,9.72,90.27,100.0
2026-05-13,8038,長園科,42.3,42.65,41.5,41.65,269,0,-52,0,0,0.36,99.63,100.0
2026-05-13,8039,台虹,136.5,143.5,136.0,138.0,11560,7282,-960,0,-7,13.48,86.51,100.0
2026-05-13,8040,九暘,80.6,84.3,79.1,82.4,3031,1294,457,0,0,2.47,97.52,100.0
2026-05-13,8042,金山電,99.7,106.0,99.7,106.0,5292,0,1588,0,-94,17.39,82.6,100.0
2026-05-13,8043,蜜望實,95.3,99.4,89.5,98.9,22819,16145,-22,0,49,6.5,93.49,100.0
2026-05-13,8044,網家,23.5,23.5,23.05,23.05,198,12,-39,0,0,5.91,94.08,100.0
2026-05-13,8045,達運光電,73.8,74.3,72.1,73.8,271,80,26,0,-1,1.17,98.82,100.0
2026-05-13,8046,南電,861.0,896.0,861.0,880.0,11705,7240,964,-19,-123,11.84,88.15,100.0
2026-05-13,8047,星雲,0.0,0.0,0.0,0.0,0,0,0,0,0,0.7,99.29,100.0
2026-05-13,8048,德勝,62.5,62.7,61.4,61.6,365,52,-123,0,0,14.19,85.8,100.0
2026-05-13,8049,晶采,26.05,26.2,25.55,25.8,351,31,-69,0,0,2.65,97.34,100.0
2026-05-13,8050,廣積,47.0,48.4,46.3,47.95,896,206,-32,0,-3,3.47,96.52,100.0
2026-05-13,8054,安國,101.5,105.0,99.6,101.0,2168,990,-64,8,-7,2.28,97.71,100.0
2026-05-13,8058,耐特,110.09,110.5,105.5,107.0,387,0,0,0,0,0.0,0.0,0.0
2026-05-13,8059,凱碩,21.4,21.4,20.35,20.5,664,0,-76,0,0,0.78,99.21,100.0
2026-05-13,8064,東捷,114.5,120.0,114.0,118.5,3437,0,-72,0,36,12.59,87.4,100.0
2026-05-13,8066,來思達,17.2,17.2,16.85,16.9,33,3,-6,0,0,2.96,97.03,100.0
2026-05-13,8067,志旭,12.45,12.85,12.45,12.8,3,0,0,0,0,8.42,91.57,100.0
2026-05-13,8068,全達,23.2,23.2,22.25,22.45,276,37,-23,0,0,10.03,89.96,100.0
2026-05-13,8069,元太,208.0,215.0,204.5,215.0,38403,10194,16009,222,259,39.96,60.03,100.0
2026-05-13,8070,長華*,47.7,47.7,46.0,46.3,2433,596,-561,-9,-43,9.38,90.61,100.0
2026-05-13,8071,能率網通,16.65,17.05,16.45,16.8,188,26,-54,0,0,4.6,95.39,100.0
2026-05-13,8072,陞泰,27.55,28.2,27.05,27.8,365,159,-46,0,-3,1.92,98.07,100.0
2026-05-13,8074,鉅橡,82.5,84.6,79.6,79.9,5024,2476,-866,0,17,5.93,94.06,100.0
2026-05-13,8076,伍豐,24.55,24.85,24.35,24.5,917,253,51,0,16,6.13,93.86,100.0
2026-05-13,8077,洛碁,0.0,0.0,0.0,0.0,0,0,0,0,0,51.12,48.87,100.0
2026-05-13,8080,永利聯合,29.6,29.6,28.3,28.4,56,0,-1,0,0,0.1,99.89,100.0
2026-05-13,8080,泰霖,29.6,29.6,28.3,28.4,56,0,-1,0,0,0.1,99.89,100.0
2026-05-13,8081,致新,257.5,262.0,252.5,256.5,1036,239,-270,-1,15,21.13,78.86,100.0
2026-05-13,8083,瑞穎,175.0,175.0,172.5,173.5,43,11,-21,0,0,3.44,96.55,100.0
2026-05-13,8084,巨虹,44.8,45.55,43.5,44.3,93,0,-3,0,0,1.14,98.85,100.0
2026-05-13,8085,福華,12.2,12.25,11.85,12.15,251,0,-42,0,0,4.1,95.89,100.0
2026-05-13,8086,宏捷科,156.0,161.0,153.0,157.0,6557,3126,130,0,31,29.5,70.49,100.0
2026-05-13,8087,華鎂鑫,33.0,33.2,32.85,33.0,54,5,2,0,0,3.17,96.82,100.0
2026-05-13,8087,麗升能源,33.0,33.2,32.85,33.0,54,5,2,0,0,3.17,96.82,100.0
2026-05-13,8088,品安,51.5,57.2,51.1,57.2,12297,5500,2670,0,35,6.83,93.16,100.0
2026-05-13,8089,康全電訊,21.25,21.25,20.6,20.7,250,57,-16,0,0,4.28,95.71,100.0
2026-05-13,8091,翔名,195.5,205.0,195.0,196.0,1547,618,203,0,-9,12.38,87.61,100.0
2026-05-13,8092,建暐,16.9,17.35,16.3,16.5,134,24,6,0,0,0.55,99.44,100.0
2026-05-13,8093,保銳,19.0,19.1,18.9,18.9,20,0,0,0,0,0.07,99.92,100.0
2026-05-13,8096,擎亞,96.0,98.7,94.3,94.6,8763,4902,-1105,0,25,21.83,78.16,100.0
2026-05-13,8097,常珵,51.4,52.3,51.4,52.3,54,4,4,0,0,2.31,97.68,100.0
2026-05-13,8098,慶康科技,408.41,405.0,380.0,389.0,84,0,0,0,0,0.0,0.0,0.0
2026-05-13,8099,大世科,60.8,60.8,59.0,60.0,107,28,-8,0,0,3.46,96.53,100.0
2026-05-13,8101,華冠,12.7,13.35,12.45,13.0,28,0,0,0,0,0.05,99.94,100.0
2026-05-13,8102,傑霖科技,63.2,64.9,63.0,64.9,68,0,20,0,0,0.2,99.79,100.0
2026-05-13,8103,瀚荃,117.0,120.0,113.0,118.0,1962,709,-315,0,60,26.25,73.74,100.0
2026-05-13,8104,錸寶,34.2,34.2,33.6,33.8,673,217,-49,0,0,1.57,98.42,100.0
2026-05-13,8105,凌巨,14.9,16.2,14.7,16.2,34255,17994,-307,0,-39,41.17,58.82,100.0
2026-05-13,8107,大億金茂,11.5,11.55,11.4,11.55,76,14,9,0,-1,0.37,99.62,100.0
2026-05-13,8109,博大,117.5,117.5,114.5,116.0,155,34,9,0,-1,5.9,94.09,100.0
2026-05-13,8110,華東,49.6,49.7,48.7,49.45,6330,2480,-1056,0,-8,1.96,98.03,100.0
2026-05-13,8111,立碁,65.7,66.3,64.0,64.0,2558,462,-1047,0,-201,5.0,94.99,100.0
2026-05-13,8112,至上,81.2,83.0,80.5,82.2,14043,5650,-2023,-48,-248,19.68,80.31,100.0
2026-05-13,8114,振樺電,237.5,259.5,233.5,247.0,6292,2856,-158,0,5,13.06,86.85,100.0
2026-05-13,8119,公信,10.51,11.1,10.25,10.65,461,0,-39,0,0,0.0,0.0,0.0
2026-05-13,8121,越峰,33.15,35.2,32.0,33.8,1972,0,-14,0,0,1.79,98.2,100.0
2026-05-13,8131,福懋科,65.0,65.8,64.5,65.1,2869,798,-659,0,-13,2.82,97.17,100.0
2026-05-13,8147,正淩,181.5,184.5,165.0,165.5,3154,788,1,0,-41,19.27,80.72,100.0
2026-05-13,8150,南茂,85.1,89.4,84.6,85.5,28772,15950,-3453,0,21,46.69,53.3,100.0
2026-05-13,8155,博智,417.0,427.5,408.0,424.0,1712,876,42,50,44,10.45,89.54,100.0
2026-05-13,8162,微矽電子-創,53.5,53.8,52.6,53.3,258,67,20,0,-1,1.28,98.71,100.0
2026-05-13,8163,達方,29.5,29.95,29.3,29.4,1030,188,-217,0,15,6.27,93.72,100.0
2026-05-13,8171,天宇,24.25,24.25,23.65,23.95,175,18,-95,0,0,2.86,97.13,100.0
2026-05-13,8176,智捷,10.6,10.6,10.2,10.3,216,0,-59,0,0,0.87,99.12,100.0
2026-05-13,8182,加高,37.65,39.0,35.8,35.95,1672,843,-223,0,11,51.56,48.43,100.0
2026-05-13,8183,精星,32.0,32.0,31.05,31.15,500,84,-95,0,-1,3.8,96.19,100.0
2026-05-13,8201,無敵,12.75,13.1,12.65,12.8,156,0,-4,0,1,0.73,99.26,100.0
2026-05-13,8210,勤誠,1500.0,1530.0,1415.0,1520.0,3620,1676,-715,763,-18,12.51,87.48,100.0
2026-05-13,8213,志超,39.5,39.5,37.2,38.7,4588,1313,-1189,0,-49,22.51,77.48,100.0
2026-05-13,8215,明基材,27.3,27.7,26.8,26.95,2147,544,-421,0,-6,1.93,98.06,100.0
2026-05-13,8222,寶一,35.8,36.7,35.1,35.2,307,81,-86,0,5,2.4,97.59,100.0
2026-05-13,8227,巨有科技,204.5,206.0,193.5,202.0,1420,0,31,0,-110,4.18,95.81,100.0
2026-05-13,8234,新漢,70.1,70.3,68.3,68.6,750,219,-133,0,-5,6.44,93.55,100.0
2026-05-13,8240,華宏,69.0,69.0,66.0,67.4,1543,423,-206,0,-8,6.82,93.17,100.0
2026-05-13,8249,菱光,49.0,49.0,48.1,48.2,515,96,-115,0,-4,1.5,98.49,100.0
2026-05-13,8255,朋程,146.0,148.5,143.5,145.0,648,200,68,0,14,12.78,87.21,100.0
2026-05-13,8261,富鼎,128.5,132.5,127.0,132.0,3536,1219,703,4,17,5.19,94.8,100.0
2026-05-13,8271,宇瞻,241.5,248.5,238.0,248.0,3959,1883,-172,-2,3,13.68,86.31,100.0
2026-05-13,8272,全景軟體,75.8,75.8,75.0,75.0,4,0,-1,0,0,0.19,99.8,100.0
2026-05-13,8277,商丞,7.04,7.04,6.8,6.83,195,0,-7,0,0,1.8,98.19,100.0
2026-05-13,8279,生展,96.5,96.7,96.2,96.6,12,0,-1,0,0,5.49,94.5,100.0
2026-05-13,8284,三竹,63.1,63.5,63.1,63.3,23,1,3,0,0,0.91,99.08,100.0
2026-05-13,8289,泰藝,54.8,58.9,54.3,54.3,10494,5973,-744,0,-62,3.91,96.08,100.0
2026-05-13,8291,尚茂,47.0,47.0,47.0,47.0,185,0,0,0,0,73.43,26.56,100.0
2026-05-13,8298,威睿,50.49,50.0,47.0,49.0,30,0,0,0,0,0.0,0.0,0.0
2026-05-13,8299,群聯,2645.0,2660.0,2565.0,2620.0,8872,3738,76,-530,-40,39.02,60.97,100.0
2026-05-13,8329,台視,10.52,10.6,10.45,10.55,7,0,0,0,0,0.0,0.0,0.0
2026-05-13,8341,日友,76.0,76.4,75.7,75.9,143,21,6,0,0,4.24,95.75,100.0
2026-05-13,8342,益張,91.9,92.0,88.9,90.3,10,2,1,0,0,0.17,99.82,100.0
2026-05-13,8345,超秦,54.91,55.2,54.5,55.2,61,0,0,0,0,0.0,0.0,0.0
2026-05-13,8349,恒耀,41.55,42.1,41.2,41.6,140,23,-21,0,-1,0.99,99.0,100.0
2026-05-13,8354,冠好,16.3,17.95,16.25,17.8,624,107,7,0,12,0.74,99.25,100.0
2026-05-13,8358,金居,464.0,475.0,448.0,456.0,19644,11323,-592,46,-991,28.88,71.11,100.0
2026-05-13,8359,錢櫃,64.54,65.0,64.2,65.0,50,0,0,0,0,0.0,0.0,0.0
2026-05-13,8367,建新國際,41.95,41.95,41.6,41.8,44,4,-13,0,0,1.6,98.39,100.0
2026-05-13,8374,羅昇,91.3,91.3,87.3,90.3,1105,595,-22,0,18,2.72,97.27,100.0
2026-05-13,8383,千附,56.0,57.4,55.2,56.0,1362,459,-29,0,-18,13.46,86.53,100.0
2026-05-13,8390,金益鼎,111.0,116.0,108.0,114.0,2074,691,102,0,186,20.21,79.78,100.0
2026-05-13,8401,白紗科,24.05,24.05,23.8,23.8,120,1,-27,0,0,0.23,99.76,100.0
2026-05-13,8403,盛弘,20.05,20.5,20.05,20.2,222,20,1,0,0,1.77,98.22,100.0
2026-05-13,8404,百和興業-KY,16.8,16.8,16.6,16.6,335,35,-63,0,-2,52.96,47.03,100.0
2026-05-13,8409,商之器,19.0,19.1,19.0,19.1,7,0,0,0,0,0.12,99.87,100.0
2026-05-13,8410,森田,36.55,36.8,36.35,36.6,52,5,0,0,0,0.65,99.34,100.0
2026-05-13,8411,福貞-KY,12.1,12.4,12.05,12.4,159,47,-4,0,-3,53.78,46.21,100.0
2026-05-13,8415,大國鋼,34.95,34.95,34.2,34.3,659,99,-41,0,-124,6.3,93.69,100.0
2026-05-13,8416,實威,174.0,174.0,173.0,173.5,6,0,0,0,0,0.76,99.23,100.0
2026-05-13,8421,旭源,13.75,13.75,13.5,13.75,85,3,-2,0,0,0.55,99.44,100.0
2026-05-13,8422,可寧衛,27.55,27.55,27.1,27.1,8639,1194,-1929,-78,-38,4.36,95.63,100.0
2026-05-13,8422,可寧衛*,27.55,27.55,27.1,27.1,8639,1194,-1929,-78,-38,4.36,95.63,100.0
2026-05-13,8423,保綠-KY,17.75,17.9,17.7,17.85,21,1,0,0,0,24.81,75.18,100.0
2026-05-13,8424,惠普,73.7,73.7,73.4,73.5,15,0,0,0,0,0.51,99.48,100.0
2026-05-13,8426,紅木-KY,22.25,22.6,22.2,22.45,52,13,6,0,0,67.53,32.46,100.0
2026-05-13,8429,金麗-KY,6.41,6.42,6.3,6.35,276,3,-9,0,0,30.16,69.83,100.0
2026-05-13,8431,匯鑽科,60.5,60.8,58.5,59.1,915,196,-247,0,-21,2.48,97.51,100.0
2026-05-13,8432,東生華,49.8,50.0,49.55,49.6,41,2,-17,0,0,1.0,98.99,100.0
2026-05-13,8433,弘帆,54.2,54.3,53.5,53.7,38,4,-9,0,0,1.45,98.54,100.0
2026-05-13,8435,鉅邁,55.7,55.7,55.6,55.7,18,0,0,0,0,0.56,99.43,100.0
2026-05-13,8436,大江,121.0,121.5,119.0,119.0,339,75,-29,-6,0,14.48,85.5,100.0
2026-05-13,8437,大地-KY,11.35,11.8,11.25,11.3,62,8,-1,0,0,24.1,75.89,100.0
2026-05-13,8438,昶昕,101.5,112.0,97.0,103.0,2014,852,-437,0,2,5.07,94.92,100.0
2026-05-13,8440,綠電,20.6,22.6,20.6,22.6,499,166,47,0,8,1.64,98.35,100.0
2026-05-13,8442,威宏-KY,49.95,50.0,49.5,50.0,15,0,-4,0,1,57.97,42.02,100.0
2026-05-13,8443,阿瘦,11.65,11.65,11.65,11.65,13,0,-2,0,0,3.72,96.27,100.0
2026-05-13,8444,綠河-KY,7.45,8.06,7.45,8.06,63,0,0,0,0,58.56,41.43,100.0
2026-05-13,8446,華研,84.0,84.0,83.4,83.8,112,5,7,0,0,4.96,95.03,100.0
2026-05-13,8450,霹靂,16.05,16.2,15.7,15.8,67,0,-6,0,0,0.59,49.39,49.99
2026-05-13,8454,富邦媒,190.0,196.5,189.0,196.0,797,178,100,0,0,13.15,86.84,100.0
2026-05-13,8455,大拓-KY,28.05,29.2,27.15,27.2,17,0,0,0,0,87.8,12.19,100.0
2026-05-13,8458,影一,15.29,15.2,14.8,15.1,11,0,0,0,0,0.0,0.0,0.0
2026-05-13,8462,柏文,147.5,148.5,146.0,146.0,90,14,-39,0,0,4.05,95.94,100.0
2026-05-13,8463,潤泰材,22.05,22.05,21.9,21.95,26,1,-14,0,4,0.41,99.58,100.0
2026-05-13,8464,億豐,334.5,336.5,330.5,334.5,1109,131,130,0,0,41.74,58.25,100.0
2026-05-13,8466,美吉吉-KY,15.2,15.3,15.1,15.2,59,0,-8,0,0,50.28,49.71,100.0
2026-05-13,8467,波力-KY,136.5,136.5,133.5,134.0,8,1,0,0,0,46.49,53.5,100.0
2026-05-13,8472,夠麻吉,70.0,70.0,70.0,70.0,13,0,0,0,0,1.35,98.64,100.0
2026-05-13,8473,山林水,33.85,33.95,33.55,33.65,411,53,-115,0,0,1.5,98.49,100.0
2026-05-13,8476,台境,16.85,17.0,16.75,16.75,249,25,14,0,2,1.26,98.73,100.0
2026-05-13,8476,台境*,16.85,17.0,16.75,16.75,249,25,14,0,2,1.26,98.73,100.0
2026-05-13,8477,創業家,16.5,18.1,16.2,17.6,581,0,-98,0,0,0.16,99.83,100.0
2026-05-13,8478,東哥遊艇,166.0,169.5,163.5,165.0,661,279,32,0,4,39.83,60.16,100.0
2026-05-13,8481,政伸,40.25,40.25,39.7,39.85,125,1,-9,0,0,0.38,99.61,100.0
2026-05-13,8482,商億-KY,49.0,49.0,49.0,49.0,3,0,0,0,0,91.73,8.26,100.0
2026-05-13,8487,愛爾達-創,79.9,79.9,78.0,78.0,22,2,-2,0,4,0.96,49.02,49.99
2026-05-13,8488,吉源-KY,10.05,10.1,9.9,9.99,14,1,-1,0,0,69.57,30.42,100.0
2026-05-13,8489,三貝德,25.0,25.0,24.6,24.8,54,3,-6,0,0,3.23,96.76,100.0
2026-05-13,8499,鼎炫-KY,302.5,328.0,299.0,311.0,925,383,-173,0,99,71.41,28.58,100.0
2026-05-13,8905,裕國,30.8,30.8,29.2,29.7,34,8,-2,0,-10,0.48,99.51,100.0
2026-05-13,8906,花王,24.15,24.9,24.05,24.45,52,3,8,0,0,0.39,99.6,100.0
2026-05-13,8908,欣雄,39.7,39.7,38.75,39.35,325,45,-106,0,0,0.3,99.69,100.0
2026-05-13,8916,光隆,46.7,46.9,46.3,46.5,100,11,-22,0,4,3.05,96.94,100.0
2026-05-13,8917,欣泰,52.6,53.6,52.6,53.0,4,2,1,0,0,1.37,98.62,100.0
2026-05-13,8921,沈氏,17.8,18.0,17.8,18.0,5,0,0,0,0,0.18,99.81,100.0
2026-05-13,8923,時報,0.0,0.0,0.0,0.0,0,0,0,0,0,4.14,95.85,100.0
2026-05-13,8924,大田,64.9,64.9,64.4,64.8,94,3,-43,0,0,2.69,97.3,100.0
2026-05-13,8926,台汽電,54.8,56.7,54.8,56.7,19498,6122,3948,0,119,10.63,89.36,100.0
2026-05-13,8927,北基,19.8,20.1,19.7,19.7,336,64,3,0,0,0.62,99.37,100.0
2026-05-13,8928,鉅明,21.05,21.05,21.0,21.0,10,1,-4,0,0,0.32,99.67,100.0
2026-05-13,8929,富堡,15.05,15.05,14.3,14.75,40,16,-5,0,0,0.49,99.5,100.0
2026-05-13,8930,青鋼,29.0,29.0,28.8,28.85,33,3,-1,0,0,2.85,97.14,100.0
2026-05-13,8931,大汽電,41.95,44.2,41.05,42.65,314,51,52,0,-5,0.33,99.66,100.0
2026-05-13,8932,智通*,92.8,96.5,91.7,96.0,2926,645,30,0,150,28.4,71.59,100.0
2026-05-13,8933,愛地雅,5.67,5.7,5.6,5.68,332,0,47,0,0,0.94,99.05,100.0
2026-05-13,8935,邦泰,18.8,19.2,18.7,19.15,663,0,203,0,0,1.33,98.66,100.0
2026-05-13,8936,國統,49.95,50.5,49.7,50.2,1944,349,-656,-9,3,10.71,89.28,100.0
2026-05-13,8937,合騏*,32.6,33.5,31.65,32.3,761,85,-45,0,-21,5.55,94.44,100.0
2026-05-13,8938,明安,55.3,55.5,55.3,55.3,178,12,-87,0,-1,8.1,91.89,100.0
2026-05-13,8940,新天地,17.8,17.8,17.4,17.4,38,9,-9,0,-1,8.35,91.64,100.0
2026-05-13,8941,關中,44.2,44.5,43.8,43.8,6,0,1,0,0,0.18,99.81,100.0
2026-05-13,8942,森鉅,43.7,43.7,41.85,42.8,596,80,50,0,0,13.65,86.34,100.0
2026-05-13,8996,高力,1055.0,1095.0,1010.0,1025.0,2388,1231,-32,-192,-5,33.47,66.52,100.0
2026-05-13,8999,台灣積層,38.1,38.1,38.1,38.1,2,0,0,0,0,0.0,0.0,0.0
2026-05-13,9103,美德醫療-DR,5.05,5.21,4.85,4.88,1589,474,-328,0,0,0.85,99.14,100.0
2026-05-13,9105,泰金寶-DR,5.67,5.7,5.6,5.64,9918,2896,-1383,0,-139,1.37,98.62,100.0
2026-05-13,9110,越南控-DR,2.78,2.78,2.62,2.73,64,0,0,0,0,0.04,99.95,100.0
2026-05-13,9136,巨騰-DR,0.0,0.0,0.0,0.0,0,0,0,0,0,3.39,96.6,100.0
2026-05-13,9802,鈺齊-KY,80.3,80.3,78.9,79.2,375,60,-51,-23,-30,41.98,58.01,100.0
2026-05-13,9902,台火,14.1,14.35,14.0,14.15,159,23,24,0,0,1.7,98.29,100.0
2026-05-13,9904,寶成,25.85,26.15,25.6,26.05,12929,2635,-2214,-538,-139,38.67,61.32,100.0
2026-05-13,9905,大華,21.1,21.1,21.0,21.05,127,1,-28,0,0,2.22,97.77,100.0
2026-05-13,9906,欣巴巴,34.0,34.15,32.4,32.65,254,44,62,0,2,1.28,98.71,100.0
2026-05-13,9907,統一實,16.85,16.85,16.45,16.45,8215,798,-2177,-281,-2,15.27,84.72,100.0
2026-05-13,9908,大台北,29.35,29.4,29.2,29.4,592,60,160,0,0,1.4,98.59,100.0
2026-05-13,9910,豐泰,72.7,73.2,71.5,71.6,1133,445,-320,-8,7,9.1,90.89,100.0
2026-05-13,9911,櫻花,83.4,83.4,82.6,83.0,257,42,5,0,0,18.63,81.36,100.0
2026-05-13,9912,偉聯,12.0,12.4,11.85,12.35,82,0,0,0,-2,15.81,84.18,100.0
2026-05-13,9914,美利達,59.6,63.4,59.0,62.9,4887,1454,308,0,30,21.92,78.07,100.0
2026-05-13,9917,中保科,113.0,113.0,112.0,113.0,360,91,-65,64,2,39.8,60.19,100.0
2026-05-13,9918,欣天然,43.1,43.5,43.1,43.3,62,15,13,0,0,2.57,97.42,100.0
2026-05-13,9919,康那香,14.3,14.3,14.05,14.2,278,42,71,0,-3,4.4,95.59,100.0
2026-05-13,9921,巨大,72.2,76.0,71.8,75.7,4978,1428,1022,-3,-40,27.52,72.47,100.0
2026-05-13,9924,福興,42.2,42.2,41.85,42.0,238,14,-50,0,0,10.84,89.15,100.0
2026-05-13,9925,新保,40.25,40.35,40.15,40.35,342,24,-17,0,0,17.53,82.46,100.0
2026-05-13,9926,新海,49.1,49.1,49.0,49.05,159,11,9,0,0,0.47,99.52,100.0
2026-05-13,9927,泰銘,68.4,68.5,68.1,68.4,71,6,-6,0,0,6.67,93.32,100.0
2026-05-13,9928,中視,17.7,17.7,17.55,17.65,27,1,0,0,0,0.0,0.0,0.0
2026-05-13,9929,秋雨,12.45,12.45,11.9,11.9,29,0,-4,0,5,0.47,99.52,100.0
2026-05-13,9930,中聯資源,69.3,69.5,69.1,69.4,98,8,-10,0,0,2.03,97.96,100.0
2026-05-13,9931,欣高,34.4,34.5,34.3,34.4,47,5,5,0,0,0.79,99.2,100.0
2026-05-13,9933,中鼎,37.95,38.1,36.6,36.8,5195,2283,-671,0,-11,15.57,84.42,100.0
2026-05-13,9934,成霖,9.7,9.7,9.55,9.58,575,56,-281,0,1,12.89,87.1,100.0
2026-05-13,9935,慶豐富,18.85,18.85,18.4,18.4,350,12,-199,0,0,5.36,94.63,100.0
2026-05-13,9937,全國,56.0,56.4,55.9,56.4,38,9,-6,0,-1,1.73,98.26,100.0
2026-05-13,9938,百和,44.35,44.65,43.95,44.25,1426,175,152,-10,-4,10.81,89.18,100.0
2026-05-13,9939,宏全,122.0,122.0,119.0,119.0,1368,273,296,-59,-1,14.36,85.63,100.0
2026-05-13,9940,信義,18.95,19.0,18.65,19.0,809,98,-223,0,0,3.68,96.31,100.0
2026-05-13,9941,裕融,74.0,74.0,73.0,73.9,2095,306,-711,-107,0,6.8,93.19,100.0
2026-05-13,9942,茂順,119.5,120.0,119.0,120.0,76,7,16,0,0,4.37,95.62,100.0
2026-05-13,9943,好樂迪,55.7,56.1,55.3,56.1,44,1,-3,0,0,1.19,98.8,100.0
2026-05-13,9944,新麗,17.1,17.3,16.9,17.05,199,7,1,0,0,1.03,98.96,100.0
2026-05-13,9945,潤泰新,23.5,23.5,23.15,23.3,6436,1152,-2562,0,1,8.42,91.57,100.0
2026-05-13,9946,三發地產,17.0,17.0,16.4,16.75,1505,303,-249,0,0,2.29,97.7,100.0
2026-05-13,9949,琉園,24.25,24.25,24.15,24.15,21,0,0,0,0,2.6,97.39,100.0
2026-05-13,9950,萬國通,10.6,10.6,10.4,10.55,50,0,-21,0,0,0.04,99.95,100.0
2026-05-13,9951,皇田,53.7,53.9,53.4,53.5,86,6,-14,0,0,5.03,94.96,100.0
2026-05-13,9955,佳龍,29.45,29.6,29.1,29.1,321,53,-115,0,1,4.87,95.12,100.0
2026-05-13,9957,燁聯,6.5,6.5,6.23,6.43,289,0,0,0,0,0.0,0.0,0.0
2026-05-13,9958,世紀鋼,105.0,106.5,104.0,104.5,2156,670,-249,-58,-12,12.87,87.12,100.0
2026-05-13,9960,邁達康,35.1,35.25,34.9,35.2,146,8,4,0,0,9.0,90.99,100.0
2026-05-13,9962,有益,9.28,9.66,9.28,9.56,109,22,-5,0,0,0.32,99.67,100.0
