date,stock_id,stock_name,open,high,low,close,volume,foreign_buy,trust_buy,dealer_buy,foreign_hold_ratio,foreign_remain_ratio,foreign_limit_ratio,macd_status
2026-06-12,50,元大台灣50,103.25,103.75,101.55,101.95,76563,5759,4830,5552,6.35,93.64,100.0,-
2026-06-12,51,元大中型100,140.1,141.95,140.0,140.25,72,-10,0,-6,0.57,99.42,100.0,-
2026-06-12,52,富邦科技,60.0,60.25,59.3,59.6,19610,1525,0,5829,1.86,98.13,100.0,-
2026-06-12,53,元大電子,236.65,236.65,232.95,233.95,78,0,0,-52,1.08,98.91,100.0,-
2026-06-12,55,元大MSCI金融,40.03,40.57,39.69,39.72,1278,567,0,-410,1.83,98.16,100.0,-
2026-06-12,56,元大高股息,51.05,51.65,50.5,50.6,43124,12930,80,5279,0.93,99.06,100.0,-
2026-06-12,57,富邦摩台,303.15,303.9,302.05,302.05,53,0,0,-23,5.91,94.08,100.0,-
2026-06-12,61,元大寶滬深,24.38,24.91,24.38,24.83,466,-213,0,426,4.91,95.08,100.0,-
2026-06-12,1101,台泥,24.35,24.85,24.25,24.55,30216,6211,61,-340,14.41,85.58,100.0,多
2026-06-12,1102,亞泥,34.9,35.5,34.65,35.2,15449,-67,23,-16,12.23,87.76,100.0,多
2026-06-12,1103,嘉泥,13.45,13.6,13.4,13.55,314,65,0,-12,4.57,95.42,100.0,多
2026-06-12,1104,環泥,29.2,29.35,29.05,29.2,579,192,-5,13,15.16,84.83,100.0,多
2026-06-12,1108,幸福,13.7,13.8,13.65,13.8,233,-6,0,1,1.36,98.63,100.0,多
2026-06-12,1109,信大,14.65,14.7,14.55,14.7,116,26,0,-2,2.36,97.63,100.0,多
2026-06-12,1110,東泥,15.4,15.65,15.4,15.45,121,5,0,10,5.82,94.17,100.0,多
2026-06-12,1201,味全,12.4,12.5,12.35,12.5,347,58,0,-3,5.0,94.99,100.0,多
2026-06-12,1203,味王,42.75,43.0,42.75,42.8,17,2,0,1,1.73,98.26,100.0,空
2026-06-12,1210,大成,55.4,55.8,54.5,55.3,4658,-2043,1692,13,8.53,91.46,100.0,多
2026-06-12,1213,大飲,8.31,8.6,8.31,8.6,13,0,0,0,0.01,99.98,100.0,多
2026-06-12,1215,卜蜂,117.5,118.0,117.0,118.0,1080,-368,224,-6,37.68,62.31,100.0,空
2026-06-12,1216,統一,75.6,76.7,75.6,76.5,14052,6307,-70,83,31.71,68.28,100.0,多
2026-06-12,1217,愛之味,9.9,9.9,9.84,9.87,443,-50,0,-3,7.94,92.05,100.0,多
2026-06-12,1218,泰山,18.05,18.05,17.85,18.0,2991,-1360,0,8,3.69,96.3,100.0,空
2026-06-12,1219,福壽,12.45,12.55,12.4,12.5,363,74,0,-10,5.53,94.46,100.0,多
2026-06-12,1220,台榮,11.7,11.75,11.6,11.65,82,-6,0,0,7.09,92.9,100.0,多
2026-06-12,1225,福懋油,29.4,31.3,29.3,31.15,622,-142,0,-7,1.29,98.7,100.0,多
2026-06-12,1227,佳格,29.2,29.45,29.0,29.1,1923,757,-4,-3,6.76,93.23,100.0,多
2026-06-12,1229,聯華,41.8,42.2,41.6,41.65,1813,700,-10,-2,8.94,91.05,100.0,多
2026-06-12,1231,聯華食,87.5,89.5,87.5,89.1,371,148,-2,1,2.77,97.22,100.0,多
2026-06-12,1232,大統益,150.5,150.5,149.5,150.5,282,-24,-1,6,2.53,97.46,100.0,多
2026-06-12,1233,天仁,28.0,28.0,27.8,27.8,23,-11,0,0,5.75,94.24,100.0,多
2026-06-12,1234,黑松,35.2,35.2,35.0,35.2,102,9,0,1,4.74,95.25,100.0,多
2026-06-12,1235,興泰,37.4,38.65,37.3,38.65,19,1,0,1,0.25,99.74,100.0,空
2026-06-12,1236,宏亞,25.7,25.8,25.6,25.7,40,1,0,0,0.46,99.53,100.0,多
2026-06-12,1240,茂生農經,57.9,58.5,57.9,58.5,12,0,0,0,3.64,96.35,100.0,多
2026-06-12,1256,鮮活果汁-KY,177.5,180.5,176.0,178.0,56,-3,0,1,4.63,95.36,100.0,空
2026-06-12,1259,安心,0.0,0.0,0.0,0.0,0,0,0,0,26.12,73.87,100.0,空
2026-06-12,1260,富味鄉,23.26,23.45,23.05,23.45,18,0,0,0,0.0,0.0,0.0,空
2026-06-12,1264,德麥,271.0,272.0,270.0,270.0,12,3,0,-2,1.77,98.22,100.0,多
2026-06-12,1268,漢來美食,168.0,169.0,168.0,168.0,7,-2,0,0,1.69,98.3,100.0,空
2026-06-12,1269,乾杯,69.07,69.5,69.0,69.5,5,0,0,0,0.0,0.0,0.0,多
2026-06-12,1271,晨暉生技,62.93,64.0,62.6,63.3,53,0,0,0,0.0,0.0,0.0,多
2026-06-12,1293,利統,26.85,27.35,27.35,27.35,0,0,0,0,0.0,0.0,0.0,空
2026-06-12,1294,漢田生技,79.1,79.9,78.8,78.8,28,-5,0,0,0.56,99.43,100.0,多
2026-06-12,1295,生合,48.5,50.3,48.3,50.2,87,8,0,0,2.25,97.74,100.0,多
2026-06-12,1301,台塑,44.55,45.45,44.55,45.25,21498,5946,-35,524,30.18,69.81,100.0,空
2026-06-12,1303,南亞,101.0,106.5,101.0,106.5,54209,20882,401,1042,34.61,65.38,100.0,空
2026-06-12,1304,台聚,12.6,12.9,12.5,12.7,3633,1464,0,-34,28.32,71.67,100.0,多
2026-06-12,1305,華夏,12.7,12.9,12.6,12.65,2304,540,0,-5,4.5,95.49,100.0,多
2026-06-12,1307,三芳,35.7,36.9,35.6,36.75,2857,1574,-4,84,7.78,92.21,100.0,多
2026-06-12,1308,亞聚,13.45,13.75,13.45,13.65,2354,498,0,-2,4.1,95.89,100.0,多
2026-06-12,1309,台達化,15.15,15.35,15.0,15.05,2987,561,0,-7,2.79,97.2,100.0,多
2026-06-12,1310,台苯,8.54,8.6,8.5,8.54,2373,837,0,-19,4.87,95.12,100.0,多
2026-06-12,1312,國喬,13.0,13.3,12.9,12.95,7718,609,0,-6,3.34,96.65,100.0,多
2026-06-12,1313,聯成,11.1,11.45,11.1,11.25,4231,2274,0,-72,5.6,94.39,100.0,多
2026-06-12,1314,中石化,7.88,7.98,7.8,7.84,22177,6787,0,-1,8.9,91.09,100.0,多
2026-06-12,1315,達新,61.2,61.3,60.0,61.2,20,4,0,1,1.24,98.75,100.0,多
2026-06-12,1316,上曜,10.85,11.6,10.8,11.3,5991,394,0,-3,4.33,95.66,100.0,多
2026-06-12,1319,東陽,101.5,103.0,99.5,99.5,4951,-582,-57,-120,6.45,93.54,100.0,多
2026-06-12,1321,大洋,31.05,31.75,30.95,31.75,542,52,0,3,6.83,93.16,100.0,多
2026-06-12,1323,永裕,19.7,20.55,19.65,19.8,152,51,0,3,1.29,98.7,100.0,空
2026-06-12,1324,地球,10.65,10.7,10.5,10.55,22,-3,0,2,0.87,99.12,100.0,多
2026-06-12,1325,恆大,26.1,26.5,26.05,26.25,336,179,0,0,1.65,98.34,100.0,空
2026-06-12,1326,台化,47.25,49.1,47.2,48.8,21758,6566,-25,864,37.5,62.49,100.0,空
2026-06-12,1336,台翰,14.5,15.1,14.5,14.65,330,-59,0,0,3.25,96.74,100.0,多
2026-06-12,1337,再生-KY,5.06,5.11,5.04,5.1,544,156,0,0,25.92,74.07,100.0,多
2026-06-12,1338,廣華-KY,16.55,16.7,16.4,16.7,622,16,0,0,6.83,93.16,100.0,多
2026-06-12,1339,昭輝,44.9,45.45,44.5,44.8,138,35,0,2,1.27,98.72,100.0,多
2026-06-12,1340,勝悅-KY,5.63,5.69,5.6,5.64,197,73,0,-9,26.26,73.73,100.0,多
2026-06-12,1341,富林-KY,61.6,62.1,61.5,62.1,15,0,0,0,79.9,20.09,100.0,空
2026-06-12,1342,八貫,109.5,117.5,109.0,117.5,2163,246,0,38,31.4,68.59,100.0,多
2026-06-12,1343,旭東環保,19.39,19.95,19.05,19.7,56,0,0,0,0.0,0.0,0.0,多
2026-06-12,1402,遠東新,27.7,27.7,26.7,27.0,30282,-15352,-28,37,14.98,85.01,100.0,多
2026-06-12,1409,新纖,25.45,25.8,25.1,25.5,7784,351,-10,71,14.2,85.79,100.0,多
2026-06-12,1410,南染,25.05,25.2,24.65,24.8,113,11,0,1,18.89,81.1,100.0,空
2026-06-12,1413,宏洲,9.64,9.64,9.58,9.58,5,3,0,0,0.42,99.57,100.0,多
2026-06-12,1414,東和,16.8,16.85,16.6,16.8,50,8,0,4,1.29,98.7,100.0,多
2026-06-12,1416,廣豐,11.1,11.1,10.85,11.05,561,199,0,1,6.11,93.88,100.0,空
2026-06-12,1417,嘉裕,8.4,8.53,8.4,8.49,243,19,0,0,0.95,99.04,100.0,多
2026-06-12,1418,東華,19.05,19.05,18.35,18.5,76,-14,0,1,0.91,99.08,100.0,多
2026-06-12,1419,新紡,65.4,66.1,64.6,65.0,118,13,-2,-3,1.15,98.84,100.0,空
2026-06-12,1423,利華,44.55,45.1,44.35,45.1,4585,49,0,5,1.34,98.65,100.0,多
2026-06-12,1432,大魯閣,17.25,17.4,17.25,17.35,310,50,0,0,0.42,99.57,100.0,多
2026-06-12,1434,福懋,16.5,16.8,16.45,16.65,2247,1340,-6,-7,7.57,92.42,100.0,多
2026-06-12,1436,華友聯,46.5,47.25,46.0,46.4,451,121,0,0,6.38,93.61,100.0,多
2026-06-12,1437,勤益控,29.25,29.7,29.2,29.65,145,7,0,0,8.37,91.62,100.0,多
2026-06-12,1438,三地開發,25.35,25.45,23.4,24.05,759,-284,0,0,0.46,99.53,100.0,多
2026-06-12,1439,雋揚,24.8,25.6,24.8,25.6,10,4,0,-2,1.09,98.9,100.0,空
2026-06-12,1440,南紡,13.3,13.4,13.15,13.2,2266,376,-11,-17,7.25,92.74,100.0,多
2026-06-12,1441,大東,9.93,9.93,9.19,9.19,65,-10,0,0,1.36,98.63,100.0,多
2026-06-12,1442,名軒,27.35,28.65,27.3,27.95,1085,357,0,0,8.61,91.38,100.0,多
2026-06-12,1443,立益,25.95,26.7,25.8,26.7,25,3,0,1,0.31,99.68,100.0,多
2026-06-12,1443,立益物流,25.95,26.7,25.8,26.7,25,3,0,1,0.31,99.68,100.0,多
2026-06-12,1444,力麗,7.12,7.33,7.05,7.25,2914,455,0,-7,5.47,94.52,100.0,多
2026-06-12,1445,大宇,11.25,11.25,11.05,11.15,104,4,0,-1,3.08,96.91,100.0,空
2026-06-12,1446,宏和,16.85,16.9,16.7,16.8,486,69,0,8,6.49,93.5,100.0,多
2026-06-12,1447,力鵬,6.1,6.31,6.1,6.15,2146,189,0,-6,3.24,96.75,100.0,空
2026-06-12,1449,佳和,14.7,15.0,14.0,14.35,2787,-430,0,4,6.88,93.11,100.0,多
2026-06-12,1451,年興,16.7,16.7,16.55,16.7,58,13,0,1,5.4,94.59,100.0,多
2026-06-12,1452,宏益,10.95,10.95,10.9,10.95,55,-21,0,0,1.81,98.18,100.0,多
2026-06-12,1453,大將,11.5,11.7,11.35,11.6,153,-18,0,1,0.62,99.37,100.0,多
2026-06-12,1454,台富,12.95,13.05,12.9,13.05,32,10,0,1,0.42,99.57,100.0,多
2026-06-12,1455,集盛,9.99,10.05,9.85,9.99,1726,614,0,28,2.84,97.15,100.0,多
2026-06-12,1456,怡華,14.9,14.9,14.2,14.2,243,7,0,2,0.5,99.49,100.0,多
2026-06-12,1457,宜進,14.55,14.6,14.4,14.55,260,72,0,1,1.71,98.28,100.0,多
2026-06-12,1459,聯發,11.9,11.9,11.75,11.8,83,0,0,0,1.73,98.26,100.0,多
2026-06-12,1460,宏遠,7.12,7.12,7.03,7.09,516,-138,0,-4,2.05,97.94,100.0,空
2026-06-12,1463,強盛新,17.6,17.8,17.55,17.8,42,8,0,-2,11.5,88.49,100.0,多
2026-06-12,1464,得力,10.35,10.45,10.3,10.4,531,27,0,8,1.99,98.0,100.0,多
2026-06-12,1465,偉全,12.5,12.5,12.3,12.4,223,15,0,14,0.48,99.51,100.0,多
2026-06-12,1466,聚隆,14.55,14.9,14.45,14.75,945,202,0,5,0.91,99.08,100.0,多
2026-06-12,1467,南緯,7.7,7.7,7.49,7.5,207,61,0,0,19.11,80.88,100.0,多
2026-06-12,1468,昶和,11.55,11.95,11.4,11.9,54,2,0,2,2.05,97.94,100.0,空
2026-06-12,1470,大統新創,0.0,0.0,0.0,0.0,0,0,0,0,0.29,99.7,100.0,空
2026-06-12,1471,首利,10.7,10.9,10.65,10.7,525,-20,0,2,0.87,99.12,100.0,空
2026-06-12,1472,三洋實業,90.0,90.4,89.0,90.4,16,-2,0,1,0.88,99.11,100.0,多
2026-06-12,1473,台南,20.5,20.5,20.3,20.5,40,-2,0,0,5.05,94.94,100.0,多
2026-06-12,1474,弘裕,10.2,10.3,10.1,10.2,54,-18,0,15,0.58,99.41,100.0,多
2026-06-12,1475,業旺,26.7,27.2,26.7,27.2,17,2,0,0,0.42,99.57,100.0,多
2026-06-12,1476,儒鴻,354.0,355.5,343.5,344.5,1118,-211,14,2,29.69,70.3,100.0,空
2026-06-12,1477,聚陽,228.0,228.0,223.5,224.0,1094,94,-4,5,16.73,83.26,100.0,多
2026-06-12,1480,東盟開發,9.31,9.41,9.41,9.41,0,0,0,0,0.0,0.0,0.0,空
2026-06-12,1503,士電,223.0,223.5,217.5,220.0,3354,-295,-3,63,30.56,69.43,100.0,空
2026-06-12,1504,東元,70.5,72.0,69.9,71.0,12402,1635,9,367,6.99,93.0,100.0,空
2026-06-12,1506,正道,10.35,10.85,10.2,10.4,925,224,0,-3,0.79,99.2,100.0,多
2026-06-12,1512,瑞利,6.86,7.04,6.8,6.86,96,21,0,-2,5.42,94.57,100.0,多
2026-06-12,1513,中興電,169.5,170.0,167.0,167.0,6604,1666,-15,325,12.24,87.75,100.0,空
2026-06-12,1514,亞力,122.0,122.5,119.5,119.5,3875,-629,-1,3,14.43,85.56,100.0,空
2026-06-12,1515,力山,23.45,23.65,23.3,23.35,458,-45,0,0,3.42,96.57,100.0,多
2026-06-12,1516,川飛,21.1,21.5,20.6,21.5,34,-6,0,-1,5.83,94.16,100.0,多
2026-06-12,1517,利奇,10.4,10.4,10.2,10.35,244,10,0,2,2.32,97.67,100.0,多
2026-06-12,1519,華城,810.0,813.0,783.0,791.0,2283,-219,-1,50,19.54,80.45,100.0,空
2026-06-12,1521,大億,25.6,26.25,25.5,25.95,121,26,0,0,32.99,67.0,100.0,空
2026-06-12,1522,堤維西,31.05,31.45,31.0,31.05,736,87,-1,-8,2.41,97.58,100.0,空
2026-06-12,1524,耿鼎,30.2,30.5,29.8,29.8,777,-6,0,0,1.7,98.29,100.0,空
2026-06-12,1525,江申,65.7,66.5,65.2,65.2,21,5,0,0,0.29,99.7,100.0,空
2026-06-12,1526,日馳,14.5,14.65,14.3,14.45,77,-4,0,-1,2.73,97.26,100.0,多
2026-06-12,1527,鑽全,33.2,33.6,33.2,33.25,148,74,0,-10,10.4,89.59,100.0,多
2026-06-12,1528,恩德,25.8,26.15,25.25,25.25,2857,-142,-1,-1,2.61,97.38,100.0,空
2026-06-12,1529,樂事綠能,23.6,23.8,23.05,23.1,828,-20,0,0,1.49,98.5,100.0,多
2026-06-12,1530,亞崴,31.0,31.85,30.5,30.6,129,3,0,-11,0.71,99.28,100.0,空
2026-06-12,1531,高林股,13.0,13.0,12.8,13.0,278,73,0,2,1.54,98.45,100.0,多
2026-06-12,1532,勤美,23.15,23.65,23.15,23.4,1267,253,-1,4,7.14,92.85,100.0,多
2026-06-12,1533,車王電,38.1,39.2,38.1,38.5,297,32,0,2,6.76,93.23,100.0,空
2026-06-12,1535,中宇,49.6,52.2,49.5,50.2,387,-130,0,0,1.01,98.98,100.0,多
2026-06-12,1536,和大,49.2,49.85,48.95,49.0,1194,265,0,5,5.04,94.95,100.0,空
2026-06-12,1537,廣隆,127.5,128.0,127.0,127.0,53,-3,0,0,15.84,84.15,100.0,多
2026-06-12,1538,正峰,11.35,11.7,11.35,11.7,4,0,0,0,0.06,99.93,100.0,空
2026-06-12,1539,巨庭,16.0,16.0,15.8,15.8,59,-6,0,0,0.85,99.14,100.0,空
2026-06-12,1540,喬福,21.95,22.25,21.75,21.75,302,150,0,0,2.78,97.21,100.0,空
2026-06-12,1541,錩泰,21.1,21.1,20.65,20.8,19,4,0,2,9.85,90.14,100.0,多
2026-06-12,1558,伸興,90.5,90.6,90.3,90.4,36,-1,0,0,6.67,93.32,100.0,空
2026-06-12,1560,中砂,650.0,662.0,636.0,652.0,1280,-185,268,0,38.44,61.55,100.0,空
2026-06-12,1563,巧新,61.7,61.7,60.0,60.1,702,-270,0,11,4.18,95.81,100.0,空
2026-06-12,1565,精華,94.3,94.7,93.7,94.1,114,48,0,-1,6.58,93.41,100.0,多
2026-06-12,1568,倉佑,38.0,40.6,38.0,39.65,468,16,0,5,2.63,97.36,100.0,空
2026-06-12,1569,濱川,49.7,49.8,48.35,48.55,565,-6,0,-7,6.0,93.99,100.0,空
2026-06-12,1570,力肯,42.55,43.5,42.35,42.35,149,-32,0,0,2.82,97.17,100.0,空
2026-06-12,1580,新麥,124.0,124.5,123.5,124.5,137,2,0,0,5.15,94.84,100.0,多
2026-06-12,1582,信錦,93.9,97.8,93.9,94.9,4765,283,-3,64,5.24,94.75,100.0,空
2026-06-12,1583,程泰,53.7,53.7,49.25,50.5,53,-13,0,1,0.34,99.65,100.0,空
2026-06-12,1584,精剛,19.55,19.85,19.55,19.65,692,443,0,0,5.28,94.71,100.0,多
2026-06-12,1586,和勤,21.4,21.55,21.15,21.4,257,-4,0,0,0.99,98.96,100.0,空
2026-06-12,1587,吉茂,27.6,27.95,27.6,27.7,270,43,0,5,20.59,79.4,100.0,空
2026-06-12,1590,亞德客-KY,1310.0,1325.0,1285.0,1290.0,633,46,-1,8,80.08,19.91,100.0,空
2026-06-12,1593,祺驊,31.7,31.7,31.55,31.7,39,-3,0,0,6.0,93.99,100.0,多
2026-06-12,1594,日高,9.06,9.15,8.27,8.68,64,0,0,0,0.0,0.0,0.0,空
2026-06-12,1595,川寶,77.5,78.5,73.7,73.7,799,-181,0,0,4.28,95.71,100.0,空
2026-06-12,1597,直得,150.0,152.0,144.0,150.5,2105,-258,-1,7,7.22,92.77,100.0,空
2026-06-12,1598,岱宇,20.95,21.15,20.85,20.95,158,44,0,4,2.29,97.7,100.0,多
2026-06-12,1599,宏佳騰,23.5,23.5,23.3,23.45,19,-4,0,0,7.33,92.66,100.0,多
2026-06-12,1603,華電,31.55,32.0,31.55,31.75,290,79,0,2,1.97,98.02,100.0,空
2026-06-12,1604,聲寶,23.45,23.55,23.2,23.4,315,-62,0,-4,7.47,92.52,100.0,多
2026-06-12,1605,華新,35.3,37.7,35.3,37.7,56774,27618,145,1462,16.33,83.66,100.0,空
2026-06-12,1608,華榮,33.95,34.95,33.9,34.4,5703,1111,-15,12,3.58,96.41,100.0,空
2026-06-12,1609,大亞,36.9,37.8,36.9,37.3,5971,1673,-3,20,11.78,88.21,100.0,空
2026-06-12,1611,中電,13.6,13.65,13.4,13.5,979,250,0,-6,10.5,89.49,100.0,多
2026-06-12,1612,宏泰,37.45,38.0,37.4,37.7,1133,148,-4,2,18.15,81.84,100.0,空
2026-06-12,1614,三洋電,31.75,31.9,31.6,31.75,48,9,0,2,2.25,97.74,100.0,空
2026-06-12,1615,大山,45.0,45.2,44.85,45.0,75,16,0,0,0.96,99.03,100.0,多
2026-06-12,1616,億泰,22.2,22.65,22.1,22.25,619,118,0,0,1.76,98.23,100.0,多
2026-06-12,1617,榮星,16.5,16.6,16.2,16.4,174,31,0,4,19.39,80.6,100.0,多
2026-06-12,1618,合機,42.25,43.1,41.95,41.95,3140,-14,0,-5,1.49,98.5,100.0,空
2026-06-12,1623,大東電,209.0,213.0,209.0,210.0,139,-45,0,-10,0.4,99.59,100.0,空
2026-06-12,1626,艾美特-KY,10.05,10.1,9.96,10.05,55,5,0,0,43.79,56.2,100.0,多
2026-06-12,1702,南僑,31.55,31.75,31.4,31.55,319,100,0,13,7.86,92.13,100.0,多
2026-06-12,1707,葡萄王,103.0,104.0,103.0,104.0,231,-7,0,3,14.08,85.91,100.0,多
2026-06-12,1708,東鹼,46.85,48.2,46.05,48.0,11672,-447,0,121,14.24,85.75,100.0,多
2026-06-12,1709,和益,21.2,21.7,21.2,21.35,1715,867,0,-7,4.79,95.2,100.0,多
2026-06-12,1710,東聯,13.4,13.7,13.3,13.55,5363,1738,0,-42,5.28,94.71,100.0,空
2026-06-12,1711,永光,43.4,44.0,42.8,43.3,5741,1250,0,27,5.28,94.71,100.0,空
2026-06-12,1712,興農,39.55,39.95,39.55,39.75,431,-41,-3,8,13.96,86.03,100.0,多
2026-06-12,1713,國化,49.05,51.3,49.05,50.2,651,311,0,0,1.56,98.43,100.0,空
2026-06-12,1714,和桐,14.95,15.7,14.15,15.2,132650,5811,0,497,23.34,76.65,100.0,多
2026-06-12,1717,長興,70.4,71.2,69.7,70.4,8204,2113,-7,132,10.29,89.7,100.0,空
2026-06-12,1718,中纖,9.39,9.42,9.18,9.2,7071,955,0,464,6.64,93.35,100.0,多
2026-06-12,1720,生達,62.5,62.7,62.3,62.5,142,46,0,0,5.35,94.64,100.0,多
2026-06-12,1721,三晃,23.2,23.6,23.0,23.1,1131,-93,0,0,2.1,97.89,100.0,空
2026-06-12,1722,台肥,47.75,48.8,47.6,48.4,4287,1865,-7,31,8.21,91.78,100.0,多
2026-06-12,1723,中碳,86.5,88.5,85.6,87.0,1414,396,11,4,8.62,91.37,100.0,多
2026-06-12,1725,元禎,32.25,32.75,32.0,32.35,119,26,0,0,0.37,99.62,100.0,空
2026-06-12,1726,永記,77.3,78.0,77.3,78.0,19,1,0,1,12.8,87.19,100.0,空
2026-06-12,1727,中華化,87.6,88.2,85.4,85.4,2934,-563,0,-1,3.82,96.17,100.0,空
2026-06-12,1730,花仙子,52.8,53.2,52.7,52.8,32,8,0,0,6.65,93.34,100.0,多
2026-06-12,1731,美吾華,21.65,21.75,21.6,21.75,151,-30,0,1,0.92,99.07,100.0,多
2026-06-12,1732,毛寶,26.2,26.5,26.2,26.35,110,44,0,0,2.64,97.35,100.0,空
2026-06-12,1733,五鼎,29.2,29.3,29.1,29.25,96,-10,0,9,3.11,96.88,100.0,空
2026-06-12,1734,杏輝,31.4,31.65,31.0,31.5,423,157,0,0,5.31,94.68,100.0,多
2026-06-12,1735,日勝化,22.55,23.95,22.5,23.15,423,-15,0,2,51.13,48.86,100.0,空
2026-06-12,1736,喬山,115.5,117.5,114.5,116.0,889,183,-2,-1,4.78,95.21,100.0,空
2026-06-12,1737,臺鹽,31.6,31.8,31.6,31.75,94,11,0,0,8.63,91.36,100.0,多
2026-06-12,1742,台蠟,15.2,15.95,15.2,15.5,39,0,0,0,0.21,99.78,100.0,多
2026-06-12,1752,南光,32.6,33.5,32.6,32.95,61,0,0,4,1.49,98.5,100.0,多
2026-06-12,1760,寶齡富錦,59.5,60.9,59.3,60.1,195,91,0,1,11.03,88.96,100.0,多
2026-06-12,1762,中化生,35.45,35.75,34.3,34.7,805,-170,0,-1,2.34,97.65,100.0,空
2026-06-12,1773,勝一,174.0,180.0,172.5,180.0,954,495,-2,13,7.63,92.36,100.0,空
2026-06-12,1776,展宇,17.25,18.4,17.25,18.2,166,76,0,-7,1.14,98.85,100.0,空
2026-06-12,1777,生泰,72.0,72.6,71.7,72.0,43,-3,0,0,0.96,99.03,100.0,多
2026-06-12,1780,立弘,28.98,29.6,28.8,29.6,445,23,0,0,0.0,0.0,0.0,空
2026-06-12,1781,合世,11.95,11.95,11.85,11.9,19,-1,0,0,0.6,99.39,100.0,多
2026-06-12,1783,和康生,38.6,39.25,38.55,39.0,76,23,0,-1,7.08,92.91,100.0,多
2026-06-12,1784,訊聯,67.0,67.0,66.2,66.4,91,27,0,0,3.78,96.21,100.0,多
2026-06-12,1785,光洋科,148.5,151.0,141.0,141.5,39349,-6020,0,53,12.71,87.28,100.0,空
2026-06-12,1786,科妍,56.3,57.5,55.8,56.4,345,20,0,-12,1.79,98.2,100.0,多
2026-06-12,1788,杏昌,135.0,136.0,134.5,135.5,51,-8,0,0,11.11,88.88,100.0,多
2026-06-12,1789,神隆,20.15,20.15,19.6,19.9,949,359,0,-13,1.7,98.29,100.0,多
2026-06-12,1795,美時,197.0,200.0,195.0,196.5,1669,650,-1,-5,52.54,47.45,100.0,多
2026-06-12,1796,金穎生技,34.9,35.1,34.6,34.6,13,-1,0,0,0.77,99.22,100.0,空
2026-06-12,1799,易威,30.65,31.45,30.1,30.5,121,8,0,0,11.84,88.15,100.0,空
2026-06-12,1802,台玻,62.3,64.9,62.1,64.1,44252,4127,-10,682,4.15,95.84,100.0,空
2026-06-12,1805,寶徠,10.5,10.5,10.25,10.3,153,15,0,-20,0.45,99.54,100.0,多
2026-06-12,1806,冠軍,8.27,8.27,8.14,8.16,107,-18,0,-2,9.57,90.42,100.0,多
2026-06-12,1808,潤隆,31.35,32.4,31.25,31.9,3093,1172,0,2,4.28,95.71,100.0,多
2026-06-12,1809,中釉,50.7,51.4,47.8,47.9,7509,-1057,0,-2,1.67,98.32,100.0,空
2026-06-12,1810,和成,21.3,21.3,20.5,20.55,2568,375,-15,9,3.9,96.09,100.0,多
2026-06-12,1813,寶利徠,11.8,11.8,11.75,11.8,33,-3,0,0,9.46,90.53,100.0,多
2026-06-12,1815,富喬,95.0,97.8,93.9,96.2,17491,3185,0,513,8.03,91.96,100.0,空
2026-06-12,1817,凱撒衛,39.6,39.85,39.35,39.6,38,5,0,0,1.54,98.45,100.0,空
2026-06-12,1903,士紙,47.7,48.25,47.7,48.25,285,118,0,0,10.7,89.29,100.0,空
2026-06-12,1904,正隆,23.0,23.2,22.55,22.9,4448,1007,-7,146,9.84,90.15,100.0,多
2026-06-12,1905,華紙,12.9,13.05,12.75,12.9,3345,749,-5,120,2.09,97.9,100.0,多
2026-06-12,1906,寶隆,11.1,11.2,11.1,11.2,81,-6,0,-1,0.66,99.33,100.0,多
2026-06-12,1907,永豐餘,26.05,26.05,25.75,25.8,867,223,-21,-7,12.18,87.81,100.0,多
2026-06-12,1909,榮成,9.75,9.96,9.75,9.87,3961,1560,0,-33,8.2,91.79,100.0,多
2026-06-12,2002,中鋼,18.75,19.0,18.65,18.9,57668,28337,94,817,12.26,87.73,100.0,空
2026-06-12,2006,東和鋼鐵,67.3,69.1,66.8,68.5,4387,153,1623,-72,19.2,80.79,100.0,多
2026-06-12,2007,燁興,7.35,7.57,7.35,7.4,252,1,0,-4,0.69,99.3,100.0,空
2026-06-12,2008,高興昌,30.05,30.05,29.5,30.0,10,4,0,0,7.69,92.3,100.0,多
2026-06-12,2009,第一銅,39.6,40.65,39.55,40.0,2495,1075,0,49,1.44,98.55,100.0,空
2026-06-12,2010,春源,24.0,24.75,24.0,24.6,2772,1664,0,5,9.16,90.83,100.0,多
2026-06-12,2012,春雨,14.4,14.4,14.1,14.25,36,2,0,1,1.39,98.6,100.0,空
2026-06-12,2013,中鋼構,42.8,43.1,42.65,43.0,94,31,0,0,7.1,92.89,100.0,多
2026-06-12,2014,中鴻,17.7,18.25,17.6,18.0,8943,5576,0,-331,5.92,94.07,100.0,空
2026-06-12,2015,豐興,62.2,65.0,61.7,63.3,660,149,215,1,12.41,87.58,100.0,多
2026-06-12,2017,官田鋼,9.2,9.68,9.2,9.68,1301,291,0,-18,2.03,97.96,100.0,多
2026-06-12,2020,美亞,21.35,21.5,21.25,21.25,530,112,0,-1,1.63,98.36,100.0,多
2026-06-12,2022,聚亨,7.8,7.87,7.76,7.8,723,370,0,0,2.48,97.51,100.0,多
2026-06-12,2023,燁輝,13.85,13.85,13.7,13.85,1473,449,-11,14,4.0,95.99,100.0,多
2026-06-12,2024,志聯,14.05,14.25,14.05,14.2,17,6,0,0,0.46,99.53,100.0,多
2026-06-12,2025,千興,14.1,14.2,13.45,14.1,1642,283,0,21,1.26,98.73,100.0,多
2026-06-12,2027,大成鋼,43.35,44.05,42.85,43.55,15120,5945,-14,425,22.04,77.95,100.0,空
2026-06-12,2028,威致,16.4,16.75,16.35,16.55,113,26,0,6,0.78,99.21,100.0,空
2026-06-12,2029,盛餘,20.65,21.35,20.65,21.2,379,203,0,0,66.9,33.09,100.0,多
2026-06-12,2030,彰源,18.3,18.6,18.3,18.45,1321,851,0,17,4.12,95.87,100.0,空
2026-06-12,2031,新光鋼,42.0,42.4,41.55,41.75,2719,-635,-3,-1,7.77,92.22,100.0,多
2026-06-12,2032,新鋼,17.35,17.85,17.15,17.7,688,336,0,-13,4.13,95.86,100.0,空
2026-06-12,2033,佳大,15.4,15.7,15.4,15.7,140,4,0,0,0.8,99.19,100.0,多
2026-06-12,2034,允強,20.05,20.5,20.05,20.25,2599,1876,0,11,4.21,95.78,100.0,多
2026-06-12,2035,唐榮,27.5,27.5,27.5,27.5,1,1,0,0,0.0,99.99,100.0,空
2026-06-12,2038,海光,13.45,13.85,13.45,13.65,404,239,0,-1,1.72,98.27,100.0,空
2026-06-12,2049,上銀,332.0,332.0,319.5,323.5,2718,131,-2,5,36.03,63.96,100.0,空
2026-06-12,2059,川湖,6995.0,7040.0,6725.0,6910.0,1093,62,-44,-16,24.28,75.71,100.0,多
2026-06-12,2061,風青,32.15,36.15,32.15,36.15,757,13,0,-12,4.76,95.23,100.0,空
2026-06-12,2062,橋椿,19.1,19.3,19.05,19.15,517,336,0,-1,7.43,92.56,100.0,多
2026-06-12,2063,世鎧,25.15,25.15,24.8,25.0,35,3,0,0,1.01,98.98,100.0,多
2026-06-12,2064,晉椿,14.45,14.45,13.7,14.15,44,5,0,0,0.09,99.9,100.0,空
2026-06-12,2065,世豐,34.65,34.9,33.4,34.5,104,20,0,0,0.72,99.27,100.0,空
2026-06-12,2066,世德,60.6,61.0,59.9,60.8,183,-30,0,0,9.36,90.63,100.0,空
2026-06-12,2067,嘉鋼,6.43,6.47,6.4,6.47,35,-1,0,0,11.28,88.71,100.0,空
2026-06-12,2069,運錩,19.9,20.0,19.7,19.85,551,313,0,0,2.97,97.02,100.0,空
2026-06-12,2070,精湛,64.8,65.4,62.6,62.6,311,-86,0,0,1.05,98.94,100.0,空
2026-06-12,2071,震南鐵,20.37,20.6,20.4,20.4,2,0,0,0,0.0,0.0,0.0,多
2026-06-12,2072,世紀風電,183.0,185.0,179.5,181.0,594,8,0,0,2.06,97.93,100.0,多
2026-06-12,2073,雄順,0.0,0.0,0.0,0.0,0,0,0,0,0.04,99.96,100.0,空
2026-06-12,2101,南港,32.9,34.1,32.9,33.35,2905,1098,0,3,6.07,93.92,100.0,多
2026-06-12,2102,泰豐,18.2,18.4,18.15,18.3,163,78,0,6,2.84,97.15,100.0,多
2026-06-12,2103,台橡,22.45,22.7,21.75,22.1,8070,2142,0,-141,22.76,77.23,100.0,多
2026-06-12,2104,國際中橡,10.4,10.55,10.25,10.4,3358,953,0,-1,5.64,94.35,100.0,多
2026-06-12,2105,正新,35.1,35.1,34.25,34.25,15579,-8360,-94,-392,6.92,93.07,100.0,多
2026-06-12,2106,建大,18.1,18.2,17.95,18.05,772,-106,-7,-3,8.44,91.55,100.0,多
2026-06-12,2107,厚生,26.1,26.55,26.1,26.45,1502,742,0,3,6.4,93.59,100.0,多
2026-06-12,2108,南帝,30.8,30.95,30.05,30.35,2195,240,0,0,5.28,94.71,100.0,多
2026-06-12,2109,華豐,14.35,14.5,14.3,14.4,164,-20,0,0,15.1,84.89,100.0,多
2026-06-12,2114,鑫永銓,89.0,90.1,88.8,90.0,125,10,0,4,3.9,96.09,100.0,空
2026-06-12,2115,六暉-KY,22.3,22.9,22.05,22.55,160,29,0,-1,44.27,55.72,100.0,多
2026-06-12,2201,裕隆,27.95,28.4,27.75,27.8,2740,1027,-6,29,4.51,95.48,100.0,空
2026-06-12,2204,中華,55.7,56.6,55.4,56.6,1870,145,-7,-8,17.94,82.05,100.0,多
2026-06-12,2206,三陽工業,61.5,63.2,61.3,63.0,2005,-591,1242,47,5.79,94.2,100.0,多
2026-06-12,2207,和泰車,475.5,479.5,457.0,461.0,2591,-312,257,-10,20.7,79.29,100.0,多
2026-06-12,2208,台船,17.75,18.05,17.7,17.9,2689,1304,0,-5,7.64,92.35,100.0,多
2026-06-12,2211,長榮鋼,94.2,95.0,93.6,94.4,617,205,125,-3,3.94,96.05,100.0,多
2026-06-12,2221,大甲,43.5,44.85,43.05,43.15,500,-20,0,0,1.61,98.38,100.0,空
2026-06-12,2227,裕日車,49.25,49.95,48.8,49.95,38,10,0,0,40.36,59.63,100.0,多
2026-06-12,2228,劍麟,84.1,86.2,84.1,85.1,117,47,0,2,3.22,96.77,100.0,多
2026-06-12,2230,泰茂,27.35,28.35,26.4,27.25,467,-17,0,2,2.76,97.23,100.0,空
2026-06-12,2231,為升,94.3,94.8,92.1,92.1,310,44,0,6,4.81,95.18,100.0,空
2026-06-12,2233,宇隆,312.5,314.5,290.0,290.5,797,-154,0,4,6.22,93.77,100.0,空
2026-06-12,2235,謚源,29.75,30.5,29.75,30.0,42,0,0,0,0.03,99.96,100.0,多
2026-06-12,2236,百達-KY,134.0,135.0,126.0,132.0,950,-79,0,-43,51.39,48.6,100.0,空
2026-06-12,2237,華德動能,39.19,40.4,38.05,38.15,217,3,0,0,0.0,0.0,0.0,空
2026-06-12,2239,英利-KY,23.35,23.35,22.55,22.75,76,-15,0,-1,75.31,24.68,100.0,空
2026-06-12,2241,艾姆勒,40.1,43.7,39.55,43.1,5049,-58,0,19,11.52,88.47,100.0,多
2026-06-12,2243,宏旭-KY,34.45,37.2,34.1,37.2,3763,58,-1,6,30.57,69.42,100.0,多
2026-06-12,2245,詠勝昌*,26.65,28.0,26.6,28.0,1,0,0,0,0.0,0.0,0.0,多
2026-06-12,2247,汎德永業,236.0,237.5,233.5,234.0,56,-21,0,0,3.72,96.27,100.0,多
2026-06-12,2248,華勝-KY,55.3,56.8,55.3,56.7,67,32,0,0,50.44,49.55,100.0,多
2026-06-12,2249,湧盛,115.47,117.0,112.5,113.5,66,0,0,0,0.0,0.0,0.0,空
2026-06-12,2250,IKKA-KY,61.6,62.1,61.0,61.0,63,-6,0,0,6.98,93.0,100.0,空
2026-06-12,2252,為昇科,16.68,17.4,16.8,17.0,60,0,0,0,0.0,0.0,0.0,多
2026-06-12,2254,巨鎧精密-創,60.2,60.2,58.8,59.7,13,-3,0,1,23.79,76.2,100.0,空
2026-06-12,2255,凱銳光電,18.02,18.6,17.8,18.4,26,2,0,0,0.0,0.0,0.0,空
2026-06-12,2256,歐特明,72.46,75.1,72.5,74.0,221,-2,0,0,0.0,0.0,0.0,空
2026-06-12,2258,鴻華先進-創,31.6,31.6,30.55,30.65,518,6,0,14,0.3,99.69,100.0,空
2026-06-12,2301,光寶科,219.5,221.0,214.5,217.0,17186,3763,-53,519,40.6,59.39,100.0,空
2026-06-12,2302,麗正,33.3,34.65,32.85,34.65,1734,64,0,34,2.9,97.09,100.0,空
2026-06-12,2303,聯電,134.0,137.5,132.5,133.5,393604,15230,17459,5265,40.33,59.66,100.0,空
2026-06-12,2305,全友,23.3,25.1,22.85,25.1,9609,1038,-1,-27,6.68,93.31,100.0,多
2026-06-12,2308,台達電,2260.0,2280.0,2170.0,2215.0,9897,714,-839,-50,63.98,36.01,100.0,空
2026-06-12,2312,金寶,36.85,37.3,34.9,34.95,40835,-8768,0,-664,8.6,91.39,100.0,空
2026-06-12,2313,華通,291.0,291.5,263.0,263.0,134234,-15375,-819,-581,21.81,78.18,100.0,空
2026-06-12,2314,台揚,15.9,15.9,15.2,15.3,247,-3,0,0,1.59,98.4,100.0,空
2026-06-12,2316,楠梓電,159.0,162.0,154.0,156.0,3484,-393,0,129,34.51,65.48,100.0,空
2026-06-12,2317,鴻海,266.5,269.0,260.0,260.5,60260,1952,114,301,41.26,58.73,100.0,空
2026-06-12,2321,東訊,12.5,13.6,12.5,13.6,5,0,0,0,0.01,99.98,100.0,空
2026-06-12,2323,中環,11.15,11.4,11.1,11.2,9966,4305,0,58,11.06,88.93,100.0,多
2026-06-12,2324,仁寶,37.4,38.1,36.25,36.35,82966,-20369,-27,262,35.47,64.52,100.0,空
2026-06-12,2327,國巨*,919.0,919.0,852.0,855.0,90466,-816,4872,920,48.75,51.24,100.0,多
2026-06-12,2328,廣宇,52.7,53.3,51.6,51.7,4107,-137,0,100,8.45,91.54,100.0,空
2026-06-12,2329,華泰,54.5,55.3,53.6,53.8,5811,1131,0,350,9.78,90.21,100.0,空
2026-06-12,2330,台積電,2325.0,2325.0,2290.0,2310.0,26306,3927,-149,-180,69.99,30.0,100.0,空
2026-06-12,2331,精英,21.3,21.8,21.2,21.3,2774,269,0,-47,5.72,94.27,100.0,空
2026-06-12,2332,友訊,16.0,16.2,15.5,15.5,3072,701,0,32,11.78,88.21,100.0,空
2026-06-12,2337,旺宏,147.0,148.0,144.0,146.5,26303,2733,-3061,236,30.69,69.3,100.0,空
2026-06-12,2338,光罩,48.5,49.85,47.5,49.0,5772,1873,0,11,4.9,95.09,100.0,空
2026-06-12,2340,台亞,33.7,36.0,33.7,34.6,4586,534,0,72,8.9,91.09,100.0,空
2026-06-12,2342,茂矽,40.55,42.45,40.55,40.9,6056,802,0,0,5.86,94.13,100.0,空
2026-06-12,2344,華邦電,169.5,172.0,166.0,172.0,213495,33574,3179,2103,23.83,76.16,100.0,空
2026-06-12,2345,智邦,2365.0,2390.0,2270.0,2335.0,2814,-63,-154,108,58.1,41.89,100.0,空
2026-06-12,2347,聯強,93.1,94.0,88.7,89.1,5607,-975,-1206,169,29.21,70.78,100.0,多
2026-06-12,2348,海悅,72.2,75.8,72.2,72.8,2556,151,0,-7,1.21,98.78,100.0,多
2026-06-12,2349,錸德,13.3,13.55,13.3,13.3,3816,1438,0,-2,14.63,85.36,100.0,空
2026-06-12,2351,順德,189.5,189.5,181.5,183.0,2501,-141,-2,-47,16.56,83.43,100.0,空
2026-06-12,2352,佳世達,30.9,31.3,30.7,31.0,8443,1891,63,234,10.06,89.93,100.0,空
2026-06-12,2353,宏碁,38.0,38.5,36.55,36.7,42293,-9280,-108,-225,8.88,91.11,100.0,空
2026-06-12,2354,鴻準,57.6,58.0,57.0,57.0,5196,1426,-9,162,10.86,89.13,100.0,空
2026-06-12,2355,敬鵬,62.8,64.4,61.4,61.6,44439,6868,-4,466,17.65,82.34,100.0,空
2026-06-12,2356,英業達,68.5,69.2,66.1,66.2,41497,-9039,-93,323,17.05,82.94,100.0,空
2026-06-12,2357,華碩,791.0,805.0,780.0,785.0,4371,-60,-696,57,34.32,65.67,100.0,空
2026-06-12,2359,所羅門,138.0,139.0,134.0,134.5,2303,-266,0,-2,3.45,96.54,100.0,空
2026-06-12,2360,致茂,2300.0,2320.0,2230.0,2295.0,1795,205,-155,0,58.63,41.36,100.0,空
2026-06-12,2362,藍天,49.0,50.2,47.0,48.0,5383,-231,0,-4,10.03,89.96,100.0,多
2026-06-12,2363,矽統,58.0,60.6,58.0,58.5,8624,988,0,90,8.6,91.39,100.0,空
2026-06-12,2364,倫飛,68.9,69.9,68.7,69.0,310,63,0,0,15.5,84.49,100.0,空
2026-06-12,2365,昆盈,33.95,34.4,33.5,33.55,1080,-66,0,-3,2.48,97.51,100.0,空
2026-06-12,2367,燿華,67.4,68.8,62.7,62.7,56773,1018,0,-310,7.1,92.89,100.0,空
2026-06-12,2368,金像電,1425.0,1450.0,1305.0,1320.0,6276,-1553,-32,10,26.28,73.71,100.0,空
2026-06-12,2369,菱生,33.0,33.75,32.9,33.15,9919,2525,0,66,17.66,82.33,100.0,空
2026-06-12,2371,大同,28.6,28.95,28.3,28.4,10456,2260,68,16,6.71,93.28,100.0,空
2026-06-12,2373,震旦行,58.1,58.1,57.3,57.4,21,-8,0,0,0.85,99.14,100.0,空
2026-06-12,2374,佳能,73.9,74.1,72.0,72.1,3532,-101,-2,27,4.36,95.63,100.0,空
2026-06-12,2375,凱美,173.0,177.0,169.0,172.5,9555,576,0,-5,15.52,84.47,100.0,多
2026-06-12,2376,技嘉,352.0,354.0,341.0,342.0,8171,1313,7,-19,23.85,76.14,100.0,空
2026-06-12,2377,微星,139.5,143.5,136.5,136.5,22801,1070,13,126,13.9,86.09,100.0,空
2026-06-12,2379,瑞昱,655.0,665.0,616.0,618.0,4606,-1241,-16,8,48.15,51.84,100.0,多
2026-06-12,2380,虹光,5.79,6.43,5.79,6.43,1647,4,0,0,0.27,99.72,100.0,多
2026-06-12,2382,廣達,378.0,384.0,372.0,372.0,24305,-3162,7683,42,20.46,79.53,100.0,多
2026-06-12,2383,台光電,5500.0,5500.0,4750.0,4830.0,4224,-712,-184,2,43.32,56.67,100.0,空
2026-06-12,2385,群光,142.0,142.0,140.0,141.0,6278,110,-38,-211,18.49,81.5,100.0,空
2026-06-12,2387,精元,40.55,40.9,40.1,40.1,513,34,0,-1,10.07,89.92,100.0,空
2026-06-12,2388,威盛,67.9,68.7,66.1,66.1,3794,298,-6,-11,12.92,87.07,100.0,空
2026-06-12,2390,云辰,12.4,12.65,12.2,12.45,1600,-63,0,-18,3.94,96.05,100.0,多
2026-06-12,2392,正崴,39.1,40.3,38.9,39.35,2722,953,-4,20,7.23,92.76,100.0,空
2026-06-12,2393,億光,68.4,71.5,68.4,70.9,5577,2176,-15,75,29.74,70.25,100.0,多
2026-06-12,2395,研華,475.0,481.0,469.5,473.0,1178,36,49,0,35.33,64.66,100.0,空
2026-06-12,2397,友通,62.8,63.7,62.1,62.2,356,86,0,-1,13.05,86.94,100.0,空
2026-06-12,2399,映泰,47.6,48.3,47.2,47.65,5288,1762,-2,2,9.42,90.57,100.0,空
2026-06-12,2401,凌陽,28.35,29.8,28.3,28.6,17498,2757,0,141,14.44,85.55,100.0,空
2026-06-12,2402,毅嘉,62.2,66.6,62.1,66.6,9410,3171,0,196,7.27,92.72,100.0,空
2026-06-12,2404,漢唐,1280.0,1310.0,1265.0,1310.0,6101,1760,292,250,37.21,62.78,100.0,多
2026-06-12,2405,輔信,18.95,19.25,18.7,18.7,3874,170,0,0,5.26,94.73,100.0,空
2026-06-12,2406,國碩,42.2,43.3,38.7,39.0,112618,16057,0,-60,23.22,76.77,100.0,多
2026-06-12,2408,南亞科,368.5,374.0,365.0,374.0,94572,25213,943,1632,14.68,85.31,100.0,空
2026-06-12,2409,友達,24.6,25.0,23.45,23.5,300437,-26060,-47,1332,10.57,89.42,100.0,空
2026-06-12,2412,中華電,145.0,145.5,143.5,145.0,9057,-1045,-48,-39,16.93,32.06,49.0,多
2026-06-12,2413,環科,60.5,63.2,59.2,61.2,23282,581,0,19,10.19,89.8,100.0,多
2026-06-12,2414,精技,65.0,65.0,60.1,61.2,2210,-321,0,38,5.44,94.55,100.0,多
2026-06-12,2415,錩新,27.5,28.0,27.5,27.75,184,88,0,1,21.13,78.86,100.0,多
2026-06-12,2417,圓剛,46.55,46.85,45.05,45.1,761,34,0,0,2.74,97.25,100.0,空
2026-06-12,2419,仲琦,29.4,29.8,28.8,28.8,1709,431,-1,-5,1.26,98.73,100.0,空
2026-06-12,2420,新巨,60.1,60.6,58.8,58.8,819,-144,-2,2,7.6,92.39,100.0,空
2026-06-12,2421,建準,146.5,148.0,143.5,144.0,3007,214,-2,50,28.76,71.23,100.0,空
2026-06-12,2423,固緯,74.6,75.8,74.3,74.9,158,26,0,0,5.02,94.97,100.0,空
2026-06-12,2424,隴華,10.6,10.9,9.67,9.78,111,23,0,0,0.59,48.4,49.0,空
2026-06-12,2425,承啟,40.05,40.05,35.9,35.95,8040,-560,0,-17,9.97,90.02,100.0,空
2026-06-12,2426,鼎元,67.5,69.8,65.0,68.0,22535,-920,0,-4,5.31,94.68,100.0,空
2026-06-12,2427,三商電,22.3,22.8,22.3,22.65,811,152,0,0,2.69,97.3,100.0,多
2026-06-12,2428,興勤,294.5,302.0,286.5,291.0,2672,60,0,3,19.37,80.62,100.0,空
2026-06-12,2429,銘旺科,39.65,39.8,38.35,38.7,676,-141,0,0,0.95,99.04,100.0,空
2026-06-12,2430,燦坤,18.35,18.6,18.3,18.35,190,-29,0,-1,2.64,97.35,100.0,多
2026-06-12,2431,聯昌,10.85,10.95,10.8,10.8,271,19,0,-2,1.42,98.57,100.0,多
2026-06-12,2432,倚天,28.5,28.65,27.9,28.0,156,6,0,12,0.64,99.35,100.0,多
2026-06-12,2432,倚天酷碁-創,28.5,28.65,27.9,28.0,156,6,0,12,0.64,99.35,100.0,多
2026-06-12,2433,互盛電,44.0,44.1,43.6,44.05,36,8,0,-1,0.91,99.08,100.0,多
2026-06-12,2434,統懋,33.5,33.5,32.45,32.5,70,16,0,1,1.11,98.88,100.0,空
2026-06-12,2436,偉詮電,66.5,69.3,66.5,67.8,3969,1202,0,82,9.87,90.12,100.0,空
2026-06-12,2438,翔耀,22.45,22.6,22.1,22.1,186,30,0,1,1.31,98.68,100.0,空
2026-06-12,2439,美律,90.7,94.1,90.1,92.3,5664,-1999,-3,-18,12.37,87.62,100.0,空
2026-06-12,2440,太空梭,17.45,17.8,17.3,17.45,599,60,0,-12,2.55,97.44,100.0,空
2026-06-12,2441,超豐,126.5,127.0,123.5,123.5,6472,569,-875,46,9.66,90.33,100.0,空
2026-06-12,2442,新美齊,19.95,20.2,19.8,19.85,2585,92,0,-1,1.89,98.1,100.0,多
2026-06-12,2444,兆勁,12.9,13.1,12.85,12.95,234,60,0,0,4.41,95.58,100.0,多
2026-06-12,2449,京元電子,285.0,287.0,280.5,282.0,16442,3345,-80,601,29.36,70.63,100.0,空
2026-06-12,2450,神腦,31.05,31.15,30.65,30.7,332,62,0,4,1.43,98.56,100.0,多
2026-06-12,2451,創見,308.0,311.0,303.0,305.5,5021,617,-14,-24,14.4,85.59,100.0,空
2026-06-12,2453,凌群,56.5,57.4,56.4,56.4,435,123,0,-6,5.35,94.64,100.0,空
2026-06-12,2454,聯發科,4410.0,4415.0,4165.0,4180.0,8765,-232,249,6,55.71,44.28,100.0,空
2026-06-12,2455,全新,338.0,352.0,326.5,352.0,12419,1334,-135,-44,26.34,73.65,100.0,空
2026-06-12,2457,飛宏,29.65,31.05,29.65,30.1,9067,1185,0,226,7.05,92.94,100.0,多
2026-06-12,2458,義隆,150.0,151.5,146.0,146.5,1893,-128,-214,4,23.08,76.91,100.0,空
2026-06-12,2459,敦吉,68.5,69.2,68.4,69.0,321,-68,0,1,16.07,83.92,100.0,多
2026-06-12,2460,建通,31.8,32.15,31.1,31.55,387,104,0,-1,0.83,99.16,100.0,空
2026-06-12,2461,光群雷,19.15,19.7,18.8,19.05,2688,324,0,-4,8.36,91.63,100.0,多
2026-06-12,2462,良得電,25.7,25.8,24.65,24.85,1052,147,0,-1,1.44,98.55,100.0,多
2026-06-12,2464,盟立,149.5,153.0,145.0,149.0,10717,-986,0,18,11.22,88.77,100.0,空
2026-06-12,2465,麗臺,78.0,79.4,76.1,76.5,1208,76,0,-9,4.15,95.84,100.0,空
2026-06-12,2466,冠西電,46.85,47.5,46.35,46.95,327,16,0,0,10.51,89.48,100.0,多
2026-06-12,2467,志聖,573.0,573.0,548.0,552.0,989,-41,-73,0,19.94,80.05,100.0,空
2026-06-12,2468,華經,40.9,41.65,39.1,39.2,1891,70,0,0,0.7,99.29,100.0,多
2026-06-12,2471,資通,52.7,53.9,52.7,53.1,130,45,0,2,5.75,94.24,100.0,多
2026-06-12,2472,立隆電,380.0,384.0,357.0,371.5,3510,15,70,19,10.49,89.5,100.0,空
2026-06-12,2474,可成,211.0,211.5,205.0,205.5,5367,-1261,-556,56,19.79,80.2,100.0,空
2026-06-12,2476,鉅祥,123.0,124.5,120.5,123.0,2602,440,0,5,11.83,88.16,100.0,空
2026-06-12,2477,美隆電,21.8,22.25,21.8,22.0,138,43,0,-1,23.77,76.22,100.0,多
2026-06-12,2478,大毅,189.0,194.5,168.0,171.5,24711,-3747,0,-52,12.67,87.32,100.0,多
2026-06-12,2480,敦陽科,159.0,160.5,156.0,156.0,639,-85,47,9,9.83,90.16,100.0,空
2026-06-12,2481,強茂,143.0,150.5,142.5,145.0,28754,2802,657,157,23.26,76.73,100.0,空
2026-06-12,2482,連宇,16.45,16.65,16.45,16.6,95,-2,0,1,1.45,98.54,100.0,空
2026-06-12,2483,百容,37.0,38.1,37.0,38.1,3345,205,0,15,2.45,97.54,100.0,多
2026-06-12,2484,希華,64.0,66.7,61.8,66.7,55392,1174,0,50,8.92,91.07,100.0,多
2026-06-12,2485,兆赫,68.2,68.9,64.4,64.8,15345,-1496,-4,-200,1.57,98.42,100.0,空
2026-06-12,2486,一詮,255.0,259.0,249.0,251.5,6520,789,0,-16,12.74,87.25,100.0,空
2026-06-12,2488,漢平,52.5,53.6,52.5,53.2,107,32,0,1,6.79,93.2,100.0,空
2026-06-12,2489,瑞軒,42.8,43.4,41.65,41.65,12526,-642,-2,-489,4.97,95.02,100.0,空
2026-06-12,2491,吉祥全,30.0,31.4,30.0,31.3,374,4,0,0,7.36,92.63,100.0,多
2026-06-12,2492,華新科,457.5,457.5,409.0,409.0,4205,-691,106,-85,26.86,73.13,100.0,空
2026-06-12,2493,揚博,207.0,207.0,207.0,207.0,2561,-181,0,119,5.61,94.38,100.0,多
2026-06-12,2495,普安,50.6,51.4,49.3,50.3,14663,-255,0,26,8.6,91.39,100.0,空
2026-06-12,2496,卓越,64.4,64.9,64.4,64.9,8,-5,0,0,23.23,76.76,100.0,多
2026-06-12,2497,怡利電,65.0,65.1,63.5,63.9,527,-23,0,0,4.02,95.97,100.0,多
2026-06-12,2498,宏達電,42.9,43.7,42.75,43.25,5457,1549,0,105,8.46,91.53,100.0,空
2026-06-12,2501,國建,25.85,27.35,25.8,26.5,12355,1572,0,-4,12.73,87.26,100.0,多
2026-06-12,2504,國產,37.15,37.15,36.6,36.95,2978,-718,-11,-33,6.6,93.39,100.0,多
2026-06-12,2505,國揚,18.6,19.2,18.45,18.8,635,-104,0,-2,3.57,96.42,100.0,多
2026-06-12,2506,太設,9.0,9.1,8.99,9.07,127,16,0,0,4.89,95.1,100.0,多
2026-06-12,2509,全坤建,13.65,14.25,13.6,13.8,512,-170,0,-4,1.18,98.81,100.0,多
2026-06-12,2511,太子,8.13,8.23,8.1,8.19,1539,753,0,49,2.52,97.47,100.0,多
2026-06-12,2514,龍邦,13.65,14.0,13.65,13.8,126,-27,0,-1,2.21,97.78,100.0,多
2026-06-12,2515,中工,12.85,13.1,12.85,12.85,8173,4361,-10,1,7.57,92.42,100.0,多
2026-06-12,2516,新建,13.05,13.8,13.0,13.5,401,55,0,4,2.51,97.48,100.0,多
2026-06-12,2520,冠德,33.7,36.2,33.7,35.0,6847,902,-4,210,12.45,87.54,100.0,多
2026-06-12,2524,京城,36.7,38.4,35.45,36.8,716,-55,0,-6,0.74,99.25,100.0,多
2026-06-12,2527,宏璟,35.0,37.0,35.0,36.5,701,259,0,-4,42.53,57.46,100.0,空
2026-06-12,2528,皇普,22.2,22.7,22.15,22.5,499,158,0,2,1.06,98.93,100.0,多
2026-06-12,2530,華建,19.75,20.15,19.65,20.0,401,120,-5,-20,3.1,96.89,100.0,多
2026-06-12,2534,宏盛,18.6,18.85,18.45,18.6,1780,53,0,-23,5.78,94.21,100.0,多
2026-06-12,2535,達欣工,91.0,92.0,90.2,91.3,519,167,-1,2,6.93,93.06,100.0,多
2026-06-12,2536,宏普,21.9,22.15,21.6,21.95,1470,121,0,3,9.06,90.93,100.0,多
2026-06-12,2537,聯上發,11.2,11.65,11.15,11.4,5268,722,0,-16,2.46,97.53,100.0,多
2026-06-12,2538,基泰,10.2,10.25,10.05,10.1,466,-23,0,7,9.96,90.03,100.0,多
2026-06-12,2539,櫻花建,39.0,39.45,38.35,38.8,2048,335,-6,-1,1.81,98.18,100.0,多
2026-06-12,2540,愛山林,53.7,54.9,53.0,53.0,1131,356,0,-14,1.49,98.5,100.0,空
2026-06-12,2542,興富發,45.85,47.1,44.9,44.95,31562,2586,137,280,8.69,91.3,100.0,多
2026-06-12,2543,皇昌,47.2,47.6,46.1,46.85,1702,-142,-2,-16,1.14,98.85,100.0,多
2026-06-12,2545,皇翔,38.2,39.1,38.2,38.55,593,89,0,-10,2.89,97.1,100.0,多
2026-06-12,2546,根基,93.9,98.0,93.8,97.0,522,143,0,2,3.7,96.29,100.0,多
2026-06-12,2547,日勝生,11.1,11.4,11.05,11.1,6793,1192,0,18,13.1,86.89,100.0,多
2026-06-12,2548,華固,105.5,107.0,104.5,106.0,3332,830,174,52,17.05,82.94,100.0,空
2026-06-12,2596,綠意,31.1,31.4,30.55,30.8,151,-39,0,0,0.55,99.44,100.0,多
2026-06-12,2597,潤弘,200.0,200.0,187.5,190.5,1809,-316,-3,37,1.99,98.0,100.0,多
2026-06-12,2601,益航,5.68,5.84,5.68,5.75,1794,268,0,-1,12.83,37.15,49.99,多
2026-06-12,2603,長榮,227.0,232.0,226.5,228.0,18918,52,-1818,468,18.67,31.31,49.99,多
2026-06-12,2605,新興,30.5,32.45,30.5,31.6,8251,2137,-4,253,48.66,1.32,49.99,多
2026-06-12,2606,裕民,67.9,69.5,67.8,68.3,3980,633,104,106,14.79,35.19,49.99,空
2026-06-12,2607,榮運,50.0,50.1,49.6,49.75,509,4,0,3,8.23,41.75,49.99,多
2026-06-12,2608,嘉里大榮,30.35,30.5,30.2,30.2,867,-358,0,6,2.93,97.06,100.0,多
2026-06-12,2609,陽明,51.8,53.3,51.4,52.4,30718,9076,-29,841,18.75,31.23,49.99,空
2026-06-12,2610,華航,19.85,20.7,19.8,20.4,79303,41602,1248,935,12.6,37.38,49.99,多
2026-06-12,2611,志信,13.7,13.95,13.7,13.8,419,202,0,-3,1.56,98.43,100.0,多
2026-06-12,2612,中航,55.0,56.1,54.8,55.4,517,347,0,6,3.94,96.05,100.0,空
2026-06-12,2613,中櫃,22.15,22.4,21.85,22.15,284,108,0,0,1.54,31.78,33.33,多
2026-06-12,2614,東森,19.5,19.8,19.15,19.25,1451,414,0,2,3.12,46.86,49.99,多
2026-06-12,2615,萬海,84.5,87.1,84.0,85.0,12918,5518,-44,711,43.36,6.62,49.99,空
2026-06-12,2616,山隆,13.8,13.9,13.6,13.85,360,112,0,1,2.15,97.84,100.0,多
2026-06-12,2617,台航,29.6,30.15,29.6,30.0,1131,614,0,10,8.91,41.07,49.99,多
2026-06-12,2618,長榮航,38.1,39.4,38.05,38.7,75680,37749,-5395,2863,20.15,29.83,49.99,多
2026-06-12,2630,亞航,39.2,39.5,38.85,38.95,768,105,0,-5,3.69,96.3,100.0,空
2026-06-12,2633,台灣高鐵,25.4,25.6,25.35,25.45,4363,-470,39,12,7.48,41.5,48.99,多
2026-06-12,2634,漢翔,47.05,47.6,46.95,47.15,5710,2864,-6,58,3.06,6.93,10.0,多
2026-06-12,2636,台驊控股,71.3,71.9,70.8,71.2,637,286,0,64,9.98,90.01,100.0,多
2026-06-12,2637,慧洋-KY,78.5,79.7,77.4,78.5,6639,3818,-2255,1,22.58,77.41,100.0,多
2026-06-12,2640,大車隊,156.0,161.5,156.0,157.5,37,-2,0,1,4.64,95.35,100.0,空
2026-06-12,2641,正德,18.7,19.05,18.65,18.8,2923,140,0,-6,2.78,97.21,100.0,空
2026-06-12,2642,宅配通,22.0,22.55,21.6,21.6,313,-58,0,0,5.13,94.86,100.0,多
2026-06-12,2643,捷迅,67.1,67.1,65.9,66.3,46,2,0,0,1.47,98.52,100.0,多
2026-06-12,2644,中信造船,78.11,78.9,77.6,78.7,408,0,0,0,0.0,0.0,0.0,多
2026-06-12,2645,長榮航太,169.0,171.0,166.0,166.5,1057,-97,-2,97,7.6,92.39,100.0,多
2026-06-12,2646,星宇航空,20.4,20.8,20.35,20.6,6008,2570,-8,-67,2.8,47.18,49.99,多
2026-06-12,2701,萬企,10.45,10.5,10.45,10.5,24,7,0,0,0.54,99.45,100.0,多
2026-06-12,2702,華園,13.2,13.2,13.05,13.2,35,-2,0,0,39.38,60.61,100.0,多
2026-06-12,2704,國賓,43.2,43.6,43.0,43.5,163,75,0,-8,9.83,90.16,100.0,多
2026-06-12,2705,六福,15.7,15.95,15.55,15.65,213,-22,0,0,1.3,98.69,100.0,多
2026-06-12,2706,第一店,12.2,12.25,12.15,12.2,87,-1,0,1,2.67,97.32,100.0,多
2026-06-12,2707,晶華,179.5,180.5,179.0,179.5,123,45,-1,-1,6.13,93.86,100.0,多
2026-06-12,2712,遠雄來,15.1,15.1,15.1,15.1,4,3,0,0,0.32,99.67,100.0,多
2026-06-12,2718,晶悅,47.8,48.1,47.35,47.9,78,1,0,0,0.59,99.4,100.0,多
2026-06-12,2718,全心投控,47.8,48.1,47.35,47.9,78,1,0,0,0.59,99.4,100.0,多
2026-06-12,2719,燦星旅,24.9,24.95,24.7,24.8,17,-4,0,0,0.16,99.83,100.0,多
2026-06-12,2722,夏都,22.8,23.2,22.8,23.05,53,12,0,0,0.36,99.63,100.0,多
2026-06-12,2723,美食-KY,68.3,69.3,67.1,67.6,702,159,0,1,46.12,53.87,100.0,多
2026-06-12,2724,富驛-KY,13.05,13.05,12.4,12.8,6,0,0,0,15.09,84.9,100.0,多
2026-06-12,2724,藝舍-KY,13.05,13.05,12.4,12.8,6,0,0,0,15.09,84.9,100.0,多
2026-06-12,2726,雅茗-KY,9.86,9.98,9.76,9.98,51,-1,0,0,23.57,76.42,100.0,空
2026-06-12,2727,王品,246.5,250.0,245.5,246.5,561,333,-2,-1,29.22,70.77,100.0,多
2026-06-12,2729,瓦城,165.0,165.0,161.0,162.0,93,-8,0,0,2.1,97.89,100.0,多
2026-06-12,2731,雄獅,154.0,154.0,152.0,152.0,861,-299,0,-31,10.34,89.65,100.0,空
2026-06-12,2732,六角,66.0,66.0,65.0,65.1,20,-4,0,0,4.32,95.67,100.0,多
2026-06-12,2733,維格餅家,10.61,11.3,10.85,11.3,11,0,0,0,0.0,0.0,0.0,多
2026-06-12,2734,易飛網,15.15,15.3,15.15,15.25,60,-6,0,0,3.79,96.2,100.0,多
2026-06-12,2736,富野,12.0,12.05,11.85,11.85,33,2,0,0,0.73,99.26,100.0,多
2026-06-12,2739,寒舍,35.85,36.0,35.55,35.85,94,28,0,2,2.67,97.32,100.0,多
2026-06-12,2740,天蔥,27.8,29.7,25.7,29.2,15,0,0,0,1.66,98.33,100.0,空
2026-06-12,2740,華軒,27.8,29.7,25.7,29.2,15,0,0,0,1.66,98.33,100.0,空
2026-06-12,2741,老四川,20.6,21.1,20.9,21.1,7,0,0,0,0.0,0.0,0.0,多
2026-06-12,2743,山富,66.0,67.0,65.9,66.4,90,25,0,1,1.56,98.43,100.0,空
2026-06-12,2745,五福,104.5,106.0,104.0,105.0,246,95,0,0,1.9,98.09,100.0,多
2026-06-12,2748,雲品,40.05,40.2,39.8,40.15,92,22,0,-2,1.29,98.7,100.0,多
2026-06-12,2751,王座,52.5,53.4,52.2,52.6,20,3,0,0,0.44,99.55,100.0,多
2026-06-12,2752,豆府,179.0,180.5,179.0,180.5,22,-1,0,0,1.35,98.64,100.0,多
2026-06-12,2753,八方雲集,188.5,191.0,188.5,190.5,737,360,0,-1,4.92,95.07,100.0,多
2026-06-12,2754,亞洲藏壽司,67.3,68.8,67.3,67.8,15,4,0,0,67.88,32.11,100.0,空
2026-06-12,2755,揚秦,134.5,136.5,134.5,135.5,17,0,0,0,1.19,98.8,100.0,多
2026-06-12,2756,聯發國際,62.5,62.5,60.9,62.0,39,-2,0,0,1.2,98.79,100.0,多
2026-06-12,2758,路易莎咖啡,64.39,66.8,64.3,65.8,4,0,0,0,0.0,0.0,0.0,多
2026-06-12,2760,巨宇翔,17.51,17.45,17.45,17.45,3,0,0,0,0.0,0.0,0.0,多
2026-06-12,2761,橘焱胡同,15.3,15.55,15.5,15.55,0,0,0,0,0.0,0.0,0.0,多
2026-06-12,2762,世界健身-KY,90.2,90.2,86.9,88.0,161,-48,0,0,82.9,17.09,100.0,多
2026-06-12,2801,彰銀,22.5,22.95,22.45,22.6,39882,23524,-100,-13,18.14,81.85,100.0,多
2026-06-12,2812,台中銀,19.35,19.65,19.35,19.5,13229,2245,-37,-5,7.61,92.38,100.0,多
2026-06-12,2816,旺旺保,33.0,33.75,33.0,33.2,454,-34,0,0,2.19,97.8,100.0,空
2026-06-12,2820,華票,17.65,17.8,17.6,17.7,2218,631,0,1,9.5,90.49,100.0,多
2026-06-12,2832,台產,55.0,55.9,54.5,54.9,839,127,0,0,4.05,95.94,100.0,空
2026-06-12,2834,臺企銀,17.15,17.55,17.15,17.3,53413,29746,-67,195,17.62,82.37,100.0,多
2026-06-12,2836,高雄銀,12.2,12.45,12.2,12.25,6858,-155,-8,3,7.4,92.59,100.0,多
2026-06-12,2838,聯邦銀,21.7,22.0,21.6,21.75,1666,84,-20,184,4.36,95.63,100.0,多
2026-06-12,2845,遠東銀,12.9,13.05,12.85,12.95,22101,13015,-269,27,9.71,90.28,100.0,多
2026-06-12,2849,安泰銀,14.25,14.25,14.0,14.25,97,21,0,0,58.91,41.08,100.0,多
2026-06-12,2850,新產,152.5,153.0,148.0,148.5,759,-326,-4,33,10.16,89.83,100.0,多
2026-06-12,2851,中再保,36.55,37.15,36.55,37.15,1915,-9,0,-24,9.06,90.93,100.0,空
2026-06-12,2852,第一保,27.65,28.0,27.65,27.7,793,24,-1,16,4.92,95.07,100.0,多
2026-06-12,2855,統一證,53.0,53.4,50.5,50.5,11060,-4029,-17,0,8.62,91.37,100.0,空
2026-06-12,2867,三商壽,8.28,8.43,8.24,8.24,27488,10280,0,2822,19.62,80.37,100.0,多
2026-06-12,2880,華南金,35.9,37.0,35.75,36.0,38300,15171,-10329,86,14.99,85.0,100.0,多
2026-06-12,2881,富邦金,127.0,129.0,120.5,122.0,42713,-13606,2826,-90,17.65,82.34,100.0,多
2026-06-12,2882,國泰金,102.0,105.5,99.7,100.5,32131,10927,-9667,-110,21.99,78.0,100.0,多
2026-06-12,2883,凱基金,28.75,29.4,27.45,27.45,98648,-25786,-4041,201,24.79,75.2,100.0,多
2026-06-12,2884,玉山金,34.15,34.7,33.95,34.35,50080,23618,-254,-798,31.18,68.81,100.0,多
2026-06-12,2885,元大金,63.0,64.1,62.6,63.9,23267,2135,-814,-47,26.58,73.41,100.0,多
2026-06-12,2886,兆豐金,43.45,43.95,43.1,43.4,36267,-1561,-76,160,21.32,78.67,100.0,多
2026-06-12,2887,台新新光金,29.2,30.8,29.15,30.2,157917,85214,10101,-3380,23.02,76.97,100.0,多
2026-06-12,2889,國票金,15.0,15.15,14.9,15.0,8138,1413,0,-8,8.65,91.34,100.0,多
2026-06-12,2890,永豐金,33.55,34.95,33.55,34.15,65256,30857,-15,-38,29.52,70.47,100.0,多
2026-06-12,2891,中信金,67.8,69.2,66.9,67.6,83389,40901,-29617,872,34.42,65.57,100.0,多
2026-06-12,2892,第一金,30.7,31.35,30.65,31.0,48818,28858,-29,21,26.04,73.95,100.0,多
2026-06-12,2897,王道銀行,10.5,10.6,10.45,10.5,6436,2212,0,25,7.95,92.04,100.0,多
2026-06-12,2901,欣欣,23.25,25.0,23.1,23.6,56,-6,0,0,0.33,99.66,100.0,多
2026-06-12,2903,遠百,23.35,23.95,23.3,23.85,4784,968,1400,235,8.12,91.87,100.0,多
2026-06-12,2904,匯僑,14.2,14.2,14.05,14.15,39,-11,0,0,0.58,99.41,100.0,多
2026-06-12,2905,三商,14.7,15.25,14.7,14.9,1876,417,0,-37,3.77,96.22,100.0,多
2026-06-12,2906,高林,12.8,12.95,12.7,12.9,235,55,0,21,1.75,98.24,100.0,多
2026-06-12,2908,特力,21.2,21.25,20.9,21.25,394,-194,0,1,1.67,98.32,100.0,空
2026-06-12,2910,統領,21.6,21.8,21.4,21.8,11,8,0,0,0.28,99.71,100.0,空
2026-06-12,2911,麗嬰房,8.92,8.92,8.27,8.43,987,-71,0,29,20.99,79.0,100.0,空
2026-06-12,2912,統一超,229.0,230.5,227.0,230.0,1663,-133,378,11,14.23,85.76,100.0,多
2026-06-12,2913,農林,11.15,11.35,11.1,11.2,1954,736,0,-4,5.44,94.55,100.0,多
2026-06-12,2915,潤泰全,49.55,51.8,49.55,51.0,4164,1254,-63,-44,5.54,94.45,100.0,多
2026-06-12,2916,滿心,42.2,42.4,41.95,42.1,86,1,0,0,21.16,78.83,100.0,空
2026-06-12,2923,鼎固-KY,23.45,24.0,23.1,23.5,91,-11,0,-16,99.42,0.57,100.0,空
2026-06-12,2924,宏太-KY,16.65,17.95,16.65,17.95,2,0,0,0,66.79,33.2,100.0,空
2026-06-12,2926,誠品生活,34.9,35.0,34.8,34.8,9,3,0,0,1.14,98.85,100.0,空
2026-06-12,2929,淘帝-KY,5.79,5.9,5.79,5.82,113,-18,0,7,17.0,82.99,100.0,空
2026-06-12,2937,集雅社,48.2,48.25,48.15,48.25,7,0,0,0,0.07,99.92,100.0,多
2026-06-12,2938,床的世界,22.13,23.1,22.6,22.95,16,0,0,0,0.0,0.0,0.0,空
2026-06-12,2939,永邑-KY,21.05,21.25,21.0,21.2,9,5,0,0,19.71,80.28,100.0,多
2026-06-12,2940,歐都納,24.85,0.0,0.0,0.0,0,0,0,0,0.0,0.0,0.0,空
2026-06-12,2941,米斯特,32.45,32.45,30.75,32.1,18,0,0,0,0.49,99.5,100.0,多
2026-06-12,2942,京站,37.5,38.5,37.45,37.65,12,0,0,0,0.0,0.0,0.0,空
2026-06-12,2945,三商家購,42.45,42.7,42.1,42.5,48,-6,0,0,0.39,99.6,100.0,多
2026-06-12,2947,振宇五金,76.4,77.0,76.3,76.7,8,0,0,0,0.09,99.9,100.0,多
2026-06-12,2948,寶陞,37.9,37.95,37.7,37.75,6,0,0,0,0.01,99.98,100.0,多
2026-06-12,2949,欣新網,66.3,66.3,64.9,65.0,6,-2,0,0,0.01,99.98,100.0,空
2026-06-12,3002,歐格,19.4,19.7,19.0,19.05,273,-11,0,0,2.1,97.89,100.0,多
2026-06-12,3003,健和興,67.4,68.2,63.9,63.9,3197,-834,0,2,3.53,96.46,100.0,多
2026-06-12,3004,豐達科,134.5,136.0,132.5,133.5,623,146,0,0,4.27,95.72,100.0,多
2026-06-12,3005,神基,106.0,109.0,105.5,105.5,6710,1651,11,15,12.02,87.97,100.0,空
2026-06-12,3006,晶豪科,217.0,221.5,215.0,217.0,9024,488,-5,88,32.08,67.91,100.0,空
2026-06-12,3008,大立光,4300.0,4355.0,4020.0,4020.0,3557,-678,219,86,33.49,66.5,100.0,多
2026-06-12,3010,華立,132.0,135.0,131.5,132.0,881,268,-2,9,18.61,81.38,100.0,空
2026-06-12,3011,今皓,14.25,14.95,14.2,14.5,1778,485,0,-1,5.84,94.15,100.0,多
2026-06-12,3013,晟銘電,110.0,110.5,107.0,107.5,1522,-131,-1,2,3.4,96.59,100.0,空
2026-06-12,3014,聯陽,149.5,153.0,146.0,153.0,4672,-73,-4,90,22.07,77.92,100.0,空
2026-06-12,3015,全漢,60.8,61.8,60.2,60.7,2966,-446,15,6,8.18,91.81,100.0,多
2026-06-12,3016,嘉晶,114.0,114.0,110.5,114.0,4297,770,0,21,5.72,94.27,100.0,空
2026-06-12,3017,奇鋐,2465.0,2480.0,2380.0,2405.0,2490,-79,-100,38,52.42,47.57,100.0,空
2026-06-12,3018,隆銘綠能,11.9,11.9,11.9,11.9,12,-46,0,-19,0.22,99.77,100.0,多
2026-06-12,3019,亞光,149.5,151.5,145.5,145.5,4204,-485,0,15,5.46,94.53,100.0,空
2026-06-12,3021,鴻名,28.3,29.9,28.3,29.9,243,11,0,5,3.85,96.14,100.0,空
2026-06-12,3022,威強電,87.5,89.0,85.2,87.1,3502,490,-2,67,18.52,81.47,100.0,多
2026-06-12,3023,信邦,315.5,317.0,310.5,314.0,711,153,6,2,45.59,54.4,100.0,空
2026-06-12,3024,憶聲,12.45,12.5,12.25,12.4,1472,168,0,10,3.19,96.8,100.0,空
2026-06-12,3025,星通,71.7,72.2,70.6,71.1,577,141,0,-3,7.1,92.89,100.0,空
2026-06-12,3026,禾伸堂,764.0,764.0,764.0,764.0,2566,-170,24,4,18.37,81.62,100.0,多
2026-06-12,3027,盛達,21.3,21.4,20.85,21.0,581,37,0,-14,2.26,97.73,100.0,多
2026-06-12,3028,增你強,77.0,77.8,74.6,75.0,1969,-151,0,7,11.97,88.02,100.0,空
2026-06-12,3029,零壹,106.5,107.0,103.0,103.5,1566,48,-5,-2,4.04,95.95,100.0,多
2026-06-12,3030,德律,336.5,336.5,318.0,322.5,1785,-634,-2,28,11.9,88.09,100.0,空
2026-06-12,3031,佰鴻,28.1,28.6,28.0,28.0,698,75,-1,0,2.79,97.2,100.0,空
2026-06-12,3032,偉訓,84.0,85.2,81.4,82.2,1097,-188,0,0,1.2,98.79,100.0,空
2026-06-12,3033,威健,51.0,51.5,49.6,49.6,7972,1006,-12,-139,21.7,78.29,100.0,空
2026-06-12,3034,聯詠,497.0,507.0,488.5,488.5,4748,302,172,263,37.0,62.99,100.0,空
2026-06-12,3035,智原,185.0,191.0,184.0,184.0,4770,646,0,503,7.61,92.38,100.0,空
2026-06-12,3036,文曄,239.5,240.0,228.5,228.5,12663,-1834,-646,84,26.29,73.67,100.0,空
2026-06-12,3037,欣興,922.0,930.0,890.0,902.0,15944,2865,-8,384,38.64,61.35,100.0,空
2026-06-12,3038,全台,22.65,22.9,22.55,22.55,217,20,0,1,9.07,90.92,100.0,空
2026-06-12,3040,遠見,36.2,38.0,36.2,37.95,219,23,0,0,0.66,99.33,100.0,空
2026-06-12,3041,揚智,24.75,25.55,24.5,24.55,1831,676,0,0,4.95,95.04,100.0,空
2026-06-12,3042,晶技,244.5,247.0,224.5,224.5,73461,-11223,778,-2213,17.18,82.81,100.0,多
2026-06-12,3043,科風,22.8,23.35,22.8,22.95,227,13,0,1,1.85,98.14,100.0,多
2026-06-12,3044,健鼎,502.0,509.0,494.5,497.0,2333,672,-3,93,48.76,51.23,100.0,空
2026-06-12,3045,台灣大,119.0,120.5,118.5,119.5,11457,2675,-58,-136,14.6,31.94,46.55,多
2026-06-12,3046,建碁,57.1,57.4,56.6,56.6,310,56,0,7,4.5,95.49,100.0,空
2026-06-12,3047,訊舟,15.9,16.2,15.7,15.8,1147,2,0,4,3.22,96.77,100.0,多
2026-06-12,3048,益登,76.0,77.9,72.5,73.0,35966,-7568,0,-152,6.54,93.45,100.0,空
2026-06-12,3049,精金,14.5,14.5,13.85,13.85,8140,-3056,0,-2,2.42,97.57,100.0,空
2026-06-12,3050,鈺德,12.8,13.05,12.8,12.95,957,301,0,-2,8.23,91.76,100.0,多
2026-06-12,3051,力特,27.4,27.4,26.8,26.8,1082,1,0,0,2.58,97.41,100.0,空
2026-06-12,3052,夆典,10.85,10.85,10.8,10.8,301,45,0,2,2.37,97.62,100.0,多
2026-06-12,3054,立萬利,68.2,69.0,67.7,68.0,121,-5,0,0,0.31,99.68,100.0,空
2026-06-12,3055,蔚華科,82.7,82.8,79.9,79.9,1014,-129,0,-5,2.75,97.24,100.0,空
2026-06-12,3056,富華新,14.65,15.3,14.65,15.05,2933,694,0,-4,3.85,96.14,100.0,多
2026-06-12,3057,喬鼎,19.1,19.2,18.7,18.9,198,-26,0,0,3.42,96.57,100.0,空
2026-06-12,3058,立德,9.21,9.39,9.21,9.22,776,303,0,-1,2.65,97.34,100.0,多
2026-06-12,3059,華晶科,46.85,47.7,46.0,46.0,6423,-149,0,34,7.66,92.33,100.0,空
2026-06-12,3060,銘異,30.35,31.7,30.15,31.15,2843,1015,0,-2,10.45,89.54,100.0,多
2026-06-12,3062,建漢,26.0,26.35,25.45,25.6,4806,-488,0,-7,11.26,88.73,100.0,空
2026-06-12,3064,泰偉,0.0,0.0,0.0,0.0,0,0,0,0,0.12,99.87,100.0,空
2026-06-12,3066,李洲,20.5,20.7,20.0,20.0,189,7,0,0,2.24,97.75,100.0,空
2026-06-12,3067,全域,19.0,19.0,19.0,19.0,2,0,0,0,0.02,99.97,100.0,空
2026-06-12,3071,協禧,33.6,35.35,33.25,33.45,1448,-4,0,0,4.42,95.57,100.0,空
2026-06-12,3073,天方能源,20.8,20.8,20.25,20.3,79,-23,0,0,1.56,98.43,100.0,多
2026-06-12,3078,僑威,54.6,55.3,54.5,54.5,715,183,-3,6,12.44,87.55,100.0,空
2026-06-12,3081,聯亞,2315.0,2315.0,2115.0,2195.0,3020,-30,-248,33,23.85,76.14,100.0,空
2026-06-12,3083,網龍,29.5,29.55,28.8,29.05,431,-48,0,0,0.83,99.16,100.0,多
2026-06-12,3085,新零售,12.5,12.5,12.5,12.5,3,0,0,0,5.69,94.3,100.0,空
2026-06-12,3086,華義*,39.05,40.0,37.3,37.3,468,2,0,-27,39.93,60.06,100.0,多
2026-06-12,3088,艾訊,150.5,150.5,140.0,141.0,4295,-1732,0,-23,16.06,83.93,100.0,空
2026-06-12,3090,日電貿,247.5,256.0,241.0,256.0,38888,-4754,3797,-11,10.52,89.47,100.0,空
2026-06-12,3092,鴻碩,28.55,29.0,28.4,28.8,255,54,0,1,1.45,98.54,100.0,空
2026-06-12,3093,港建*,62.4,62.4,59.1,60.4,1572,-26,0,0,68.07,31.92,100.0,多
2026-06-12,3094,聯傑,30.15,32.15,30.1,32.15,1780,520,0,5,3.52,96.47,100.0,空
2026-06-12,3095,及成,39.6,40.35,39.1,39.75,21,1,0,0,3.59,96.4,100.0,空
2026-06-12,3097,拍檔,25.29,26.0,25.55,26.0,7,0,0,0,0.0,0.0,0.0,空
2026-06-12,3105,穩懋,513.0,516.0,496.5,505.0,17931,3833,73,138,21.67,78.32,100.0,空
2026-06-12,3114,好德,41.95,41.95,40.8,41.0,723,98,0,27,1.39,98.6,100.0,多
2026-06-12,3115,富榮綱,0.0,0.0,0.0,0.0,0,0,0,0,1.84,98.15,100.0,空
2026-06-12,3117,年程,28.29,33.2,28.3,30.5,405,-34,0,0,0.0,0.0,0.0,多
2026-06-12,3118,進階,30.95,31.35,30.9,31.3,33,-5,0,0,0.2,99.79,100.0,空
2026-06-12,3122,笙泉,29.4,30.45,29.4,29.55,188,-56,0,0,2.85,97.14,100.0,空
2026-06-12,3128,昇銳,23.7,24.0,23.5,23.75,164,13,0,-2,0.76,99.23,100.0,空
2026-06-12,3130,一零四,223.5,224.0,223.0,224.0,37,-4,0,0,20.41,79.58,100.0,多
2026-06-12,3131,弘塑,3220.0,3310.0,3150.0,3230.0,535,-125,108,-1,34.13,65.86,100.0,空
2026-06-12,3135,凌航,201.5,205.0,192.0,192.5,2959,-453,0,2,4.04,95.95,100.0,空
2026-06-12,3138,耀登,149.0,152.5,142.0,142.5,680,-50,0,-2,2.2,97.79,100.0,空
2026-06-12,3141,晶宏,75.0,75.0,71.5,71.5,843,186,0,3,8.87,91.12,100.0,空
2026-06-12,3147,大綜,334.0,340.0,315.0,338.0,651,161,0,28,7.89,92.1,100.0,多
2026-06-12,3149,正達,84.9,84.9,82.5,83.0,2761,762,0,-1,7.53,92.46,100.0,空
2026-06-12,3150,鈺寶-創,18.3,18.75,18.3,18.35,29,0,0,-3,0.86,99.13,100.0,空
2026-06-12,3152,璟德,210.0,221.0,208.0,221.0,4304,1460,0,89,24.35,75.64,100.0,多
2026-06-12,3158,嘉實,85.2,85.2,84.0,84.0,4,0,0,0,1.38,98.61,100.0,多
2026-06-12,3162,精確,86.0,86.9,83.2,83.5,1504,-166,0,-8,47.7,52.29,100.0,空
2026-06-12,3163,波若威,899.0,900.0,846.0,860.0,2765,-39,-33,-1,15.33,84.66,100.0,空
2026-06-12,3164,景岳,16.2,16.35,16.2,16.35,20,3,0,0,0.6,99.39,100.0,多
2026-06-12,3167,大量,891.0,905.0,802.0,806.0,5642,-717,253,15,8.97,91.02,100.0,空
2026-06-12,3168,眾福科,47.0,50.8,46.3,49.15,198,6,0,-7,1.21,98.78,100.0,空
2026-06-12,3169,亞信,106.5,108.5,106.5,107.0,168,34,0,0,4.1,95.89,100.0,空
2026-06-12,3171,新洲,74.6,74.6,72.3,72.4,45,-12,0,0,1.14,98.85,100.0,多
2026-06-12,3171,炎洲流通,74.6,74.6,72.3,72.4,45,-12,0,0,1.14,98.85,100.0,多
2026-06-12,3176,基亞,33.25,34.25,33.05,33.45,712,54,0,0,4.42,95.57,100.0,空
2026-06-12,3178,公準,64.4,65.5,63.5,64.5,100,27,0,0,1.19,98.8,100.0,空
2026-06-12,3184,微邦,18.47,19.4,17.65,18.55,887,-1,0,0,0.0,0.0,0.0,空
2026-06-12,3188,鑫龍騰,25.4,25.4,24.4,24.5,877,-150,0,0,1.25,98.74,100.0,多
2026-06-12,3189,景碩,661.0,664.0,599.0,610.0,27158,-1907,-414,259,24.19,75.8,100.0,空
2026-06-12,3191,雲嘉南,19.9,20.5,19.5,19.5,97,1,0,0,0.11,99.88,100.0,空
2026-06-12,3205,佰研,54.8,54.8,53.8,54.2,191,16,0,0,0.69,99.3,100.0,多
2026-06-12,3206,志豐,38.25,38.6,38.2,38.25,89,-10,0,0,2.49,97.5,100.0,空
2026-06-12,3207,耀勝,66.6,71.0,66.6,67.9,2063,295,0,15,2.45,97.54,100.0,多
2026-06-12,3209,全科,64.3,64.3,61.0,61.2,3647,-240,-7,-51,19.74,80.25,100.0,空
2026-06-12,3211,順達,417.5,422.0,408.0,418.0,5077,-210,966,-4,27.19,72.8,100.0,空
2026-06-12,3213,茂訊,136.0,140.5,134.5,138.5,2427,540,-1,76,11.88,88.11,100.0,多
2026-06-12,3217,優群,171.0,172.0,169.5,170.0,720,31,0,-57,10.96,89.03,100.0,空
2026-06-12,3218,大學光,133.5,137.5,131.5,135.0,446,46,176,0,6.28,93.71,100.0,空
2026-06-12,3219,倚強股份,77.8,77.8,74.8,74.8,233,-23,0,0,1.07,98.92,100.0,空
2026-06-12,3219,倚強科,77.8,77.8,74.8,74.8,233,-23,0,0,1.07,98.92,100.0,空
2026-06-12,3221,台嘉碩,62.4,63.9,60.1,60.4,19855,-644,0,16,5.46,94.53,100.0,空
2026-06-12,3224,三顧,37.6,37.6,36.9,37.25,77,3,0,0,0.87,99.12,100.0,空
2026-06-12,3226,龍鋒,52.6,52.6,48.5,48.7,22,-4,0,0,0.04,99.95,100.0,多
2026-06-12,3227,原相,216.5,222.5,216.0,216.0,1408,201,-2,26,21.51,78.47,100.0,空
2026-06-12,3228,金麗科,164.0,165.5,160.5,160.5,328,-76,0,-2,7.06,92.93,100.0,空
2026-06-12,3229,晟鈦,43.95,44.45,41.6,41.8,432,-146,0,0,1.26,98.73,100.0,空
2026-06-12,3230,錦明,29.3,29.4,28.45,28.8,220,44,0,0,1.86,98.13,100.0,多
2026-06-12,3231,緯創,159.0,159.0,156.0,156.0,38077,-5771,804,476,30.77,69.22,100.0,空
2026-06-12,3232,昱捷,24.15,24.15,23.15,23.25,54,2,0,0,7.87,92.12,100.0,多
2026-06-12,3234,光環,116.0,116.0,109.0,111.5,1493,-515,0,0,7.05,92.94,100.0,空
2026-06-12,3236,千如,61.9,63.2,61.9,63.2,6697,163,0,78,19.52,80.47,100.0,空
2026-06-12,3252,海灣,17.9,17.9,17.8,17.8,27,-1,0,0,2.09,97.9,100.0,多
2026-06-12,3257,虹冠電,54.3,56.0,54.2,55.2,286,-2,0,-1,0.99,99.0,100.0,空
2026-06-12,3259,鑫創,17.2,17.2,16.8,16.8,32,-4,0,0,10.9,89.09,100.0,多
2026-06-12,3260,威剛,416.0,422.0,405.5,405.5,12274,-694,0,128,16.95,83.04,100.0,空
2026-06-12,3264,欣銓,224.5,233.0,224.0,227.5,9353,3493,518,140,33.92,66.07,100.0,空
2026-06-12,3265,台星科,176.0,184.0,174.5,179.0,1527,507,-1,15,8.89,91.1,100.0,空
2026-06-12,3266,昇陽,13.2,13.35,13.1,13.2,55,2,0,1,8.29,91.7,100.0,多
2026-06-12,3268,海德威,19.75,20.4,19.55,19.9,172,2,0,0,0.83,99.16,100.0,多
2026-06-12,3272,東碩,17.2,18.2,16.5,16.6,286,-14,0,0,0.63,99.36,100.0,空
2026-06-12,3276,宇環,14.95,15.55,14.7,15.1,551,74,0,0,0.86,99.13,100.0,多
2026-06-12,3284,太普高,19.6,20.8,19.5,19.55,850,39,0,0,0.53,99.46,100.0,多
2026-06-12,3285,微端,41.4,41.4,41.4,41.4,218,0,0,1,12.99,87.0,100.0,多
2026-06-12,3287,廣寰科,34.1,34.75,34.1,34.3,139,31,0,0,1.46,98.53,100.0,空
2026-06-12,3288,點晶,23.75,23.75,21.8,22.4,118,0,0,0,0.14,99.85,100.0,多
2026-06-12,3289,宜特,158.5,162.0,156.5,159.5,1943,-85,0,108,6.68,93.31,100.0,空
2026-06-12,3290,東浦,63.6,64.5,60.0,61.4,7121,47,0,9,8.05,91.94,100.0,多
2026-06-12,3293,鈊象,770.0,772.0,755.0,755.0,2243,-887,-4,-6,20.37,79.62,100.0,空
2026-06-12,3294,英濟,36.6,36.8,35.85,35.85,651,56,0,0,7.5,92.49,100.0,空
2026-06-12,3296,勝德,24.65,25.4,23.8,25.2,635,54,0,-8,2.18,97.81,100.0,多
2026-06-12,3297,杭特,30.65,31.3,30.45,30.9,82,8,0,0,2.59,97.4,100.0,多
2026-06-12,3303,岱稜,55.0,58.9,54.2,58.9,3704,269,0,14,5.02,94.97,100.0,多
2026-06-12,3305,昇貿,145.5,149.0,143.0,144.5,6238,220,0,-12,8.63,91.36,100.0,空
2026-06-12,3306,鼎天,46.8,47.2,46.55,46.85,165,53,0,0,2.88,97.11,100.0,空
2026-06-12,3308,聯德,20.3,21.5,20.3,20.7,148,-3,0,1,1.1,98.89,100.0,空
2026-06-12,3310,佳穎,66.9,68.5,66.5,67.4,17,-8,0,0,0.26,99.73,100.0,空
2026-06-12,3311,閎暉,37.8,38.15,37.3,37.55,470,107,0,-1,2.2,97.79,100.0,空
2026-06-12,3312,弘憶股,59.2,60.2,57.4,57.7,4567,-448,0,2,4.41,95.58,100.0,空
2026-06-12,3313,斐成,12.0,12.0,11.65,11.85,372,-3,0,-1,4.62,95.37,100.0,多
2026-06-12,3317,尼克森,77.2,79.7,77.2,78.6,2445,528,0,-2,11.64,88.35,100.0,空
2026-06-12,3321,同泰,20.75,20.95,19.9,20.45,659,155,0,3,2.84,97.15,100.0,多
2026-06-12,3322,建舜電,15.15,16.0,14.8,15.35,2639,-217,0,0,3.7,96.29,100.0,多
2026-06-12,3323,加百裕,34.7,34.8,33.95,34.05,735,-107,0,0,6.2,93.79,100.0,空
2026-06-12,3324,雙鴻,1050.0,1065.0,1020.0,1055.0,2241,290,0,158,25.3,74.69,100.0,空
2026-06-12,3325,旭品,12.6,12.85,12.55,12.55,161,-6,0,0,0.56,99.43,100.0,多
2026-06-12,3332,幸康,64.0,66.6,63.8,64.5,15,1,0,0,0.96,99.03,100.0,空
2026-06-12,3338,泰碩,75.4,76.2,74.1,74.1,651,-128,0,0,3.74,96.25,100.0,空
2026-06-12,3339,泰谷,42.8,43.7,41.7,42.1,1255,-57,0,0,3.36,96.63,100.0,空
2026-06-12,3346,麗清,24.0,24.0,23.45,23.6,412,43,0,-2,2.8,97.19,100.0,多
2026-06-12,3349,寶德,17.95,18.35,17.95,18.35,71,3,0,0,2.25,97.74,100.0,多
2026-06-12,3354,律勝,27.6,28.1,27.3,27.5,492,112,0,0,1.96,98.03,100.0,空
2026-06-12,3356,奇偶,55.8,57.3,55.5,56.5,764,284,0,-1,7.69,92.3,100.0,空
2026-06-12,3357,臺慶科,299.0,307.5,292.0,293.0,11337,535,10,-23,17.25,82.74,100.0,空
2026-06-12,3360,尚立,14.9,15.15,14.7,15.0,746,170,0,0,1.86,98.13,100.0,多
2026-06-12,3362,先進光,168.5,175.5,160.0,160.5,11970,-1381,0,20,4.62,95.37,100.0,多
2026-06-12,3363,上詮,763.0,763.0,733.0,737.0,1899,-83,28,-1,17.65,82.34,100.0,空
2026-06-12,3372,典範,19.9,20.25,19.7,19.7,612,-196,0,3,2.77,97.22,100.0,空
2026-06-12,3373,熱映,16.8,16.95,16.75,16.95,43,-20,0,0,1.97,98.02,100.0,多
2026-06-12,3374,精材,233.5,237.0,230.0,233.0,3877,822,0,194,11.27,88.72,100.0,空
2026-06-12,3376,新日興,212.0,216.5,200.5,200.5,7790,-2007,-1,133,21.54,78.45,100.0,空
2026-06-12,3379,彬台,37.3,37.3,36.0,36.25,144,-43,0,0,1.15,98.84,100.0,空
2026-06-12,3380,明泰,35.1,35.55,33.85,33.9,2982,-835,-4,8,6.65,93.34,100.0,空
2026-06-12,3388,崇越電,91.0,93.9,89.5,93.7,641,-9,0,-1,7.17,92.82,100.0,空
2026-06-12,3390,旭軟,27.65,29.2,27.6,28.85,1768,647,0,0,5.11,94.88,100.0,空
2026-06-12,3402,漢科,138.5,146.0,138.0,145.0,1635,703,0,13,4.96,95.03,100.0,空
2026-06-12,3406,玉晶光,730.0,739.0,657.0,662.0,5151,-1099,-1,-174,43.21,56.78,100.0,多
2026-06-12,3413,京鼎,301.5,315.0,301.0,307.5,1844,897,15,90,19.14,80.85,100.0,空
2026-06-12,3416,融程電,173.5,176.0,173.0,174.0,225,42,0,17,2.89,97.1,100.0,空
2026-06-12,3419,譁裕,14.55,14.75,14.35,14.45,388,-12,0,2,2.15,97.84,100.0,多
2026-06-12,3430,奇鈦科,127.5,132.0,124.0,124.5,619,-148,0,0,5.31,94.68,100.0,空
2026-06-12,3432,台端,19.4,19.4,18.0,18.7,77,15,0,0,3.01,96.98,100.0,空
2026-06-12,3434,哲固,30.95,30.95,30.15,30.3,128,-26,0,0,1.86,98.13,100.0,空
2026-06-12,3437,榮創,21.1,21.6,20.9,21.15,896,76,0,-1,5.0,94.99,100.0,空
2026-06-12,3438,類比科,70.0,71.7,68.6,68.7,200,-22,0,0,2.68,97.31,100.0,空
2026-06-12,3441,聯一光,72.0,75.5,69.6,70.0,18984,-882,0,0,6.92,93.07,100.0,多
2026-06-12,3443,創意,4390.0,4455.0,4220.0,4380.0,2209,-652,304,-3,28.77,71.22,100.0,空
2026-06-12,3444,利機,93.0,93.0,89.4,92.9,499,57,0,0,11.01,88.98,100.0,空
2026-06-12,3447,展達,39.75,40.35,38.9,39.35,361,56,0,0,0.79,99.2,100.0,多
2026-06-12,3450,聯鈞,480.0,482.0,461.0,461.0,5563,-637,-1,3,17.78,82.21,100.0,空
2026-06-12,3455,由田,219.0,223.0,211.5,216.0,1190,-35,-1,2,18.54,81.45,100.0,空
2026-06-12,3465,進泰電子,31.8,32.3,31.25,32.1,15,-2,0,0,5.03,94.96,100.0,多
2026-06-12,3466,德晉,31.8,32.1,30.45,30.55,384,-104,0,0,9.58,90.41,100.0,空
2026-06-12,3467,台灣精材,66.1,67.2,65.1,65.1,150,3,0,4,2.36,97.63,100.0,空
2026-06-12,3473,智通聯網,89.33,91.0,90.0,91.0,8,0,0,0,0.0,0.0,0.0,多
2026-06-12,3479,安勤,135.5,135.5,132.0,133.0,1789,-326,0,-2,5.87,94.12,100.0,空
2026-06-12,3481,群創,50.5,50.5,48.5,48.55,95654,-6463,-40,-412,23.72,76.27,100.0,空
2026-06-12,3483,力致,94.2,94.2,91.1,91.1,512,-125,-1,1,10.08,89.91,100.0,空
2026-06-12,3484,崧騰,46.5,46.5,45.55,45.75,372,-155,0,0,7.57,92.42,100.0,多
2026-06-12,3485,敘豐,325.0,325.0,308.0,316.0,242,-10,0,2,0.59,99.4,100.0,空
2026-06-12,3489,森寶,22.35,22.85,22.35,22.8,183,54,0,0,0.44,99.55,100.0,多
2026-06-12,3490,單井,32.7,33.0,32.1,32.2,709,-6,0,0,5.69,94.3,100.0,空
2026-06-12,3491,昇達科,1795.0,1795.0,1675.0,1690.0,2229,-395,-14,1,32.67,67.32,100.0,空
2026-06-12,3492,長盛,23.05,23.05,22.55,22.7,10,1,0,0,0.54,99.45,100.0,空
2026-06-12,3494,誠研,8.15,8.16,8.01,8.11,135,3,0,-2,1.98,98.01,100.0,多
2026-06-12,3498,陽程,123.0,125.5,119.0,121.0,1266,-158,0,37,15.88,84.11,100.0,空
2026-06-12,3499,環天科,14.75,14.75,14.55,14.6,73,-8,0,0,0.51,99.48,100.0,多
2026-06-12,3501,維熹,41.4,42.6,41.3,42.2,276,-17,0,3,3.05,96.94,100.0,多
2026-06-12,3504,揚明光,76.7,78.6,74.7,74.7,1081,-210,0,-2,3.59,96.4,100.0,空
2026-06-12,3508,位速,18.95,19.1,18.65,18.65,160,51,0,0,0.89,99.1,100.0,多
2026-06-12,3511,矽瑪,24.45,24.45,23.5,23.65,545,34,0,0,3.52,96.47,100.0,多
2026-06-12,3512,皇龍,20.85,20.85,20.65,20.8,63,-12,0,0,0.43,99.56,100.0,多
2026-06-12,3515,華擎,245.5,250.0,243.5,250.0,901,-43,0,9,7.52,92.47,100.0,空
2026-06-12,3516,亞帝歐,25.05,25.85,24.5,24.65,262,-67,0,0,0.72,99.27,100.0,多
2026-06-12,3518,柏騰,27.9,28.45,27.45,27.6,664,-25,0,1,7.61,92.38,100.0,空
2026-06-12,3520,華盈,17.5,17.7,17.05,17.05,1122,-134,0,0,1.0,98.99,100.0,多
2026-06-12,3521,鴻翊,12.65,13.05,12.6,12.65,52,-19,0,0,0.3,99.69,100.0,多
2026-06-12,3521,台鋼建設,12.65,13.05,12.6,12.65,52,-19,0,0,0.3,99.69,100.0,多
2026-06-12,3522,御頂,11.45,11.6,11.35,11.55,80,-10,0,0,0.24,99.75,100.0,空
2026-06-12,3522,御嵿,11.45,11.6,11.35,11.55,80,-10,0,0,0.24,99.75,100.0,空
2026-06-12,3523,迎輝,15.8,16.0,15.5,15.9,24,0,0,0,0.08,99.91,100.0,空
2026-06-12,3526,凡甲,330.0,330.0,320.5,323.0,305,-29,-1,-4,20.03,79.96,100.0,空
2026-06-12,3527,聚積,59.0,60.3,59.0,59.4,121,35,0,0,7.36,92.63,100.0,空
2026-06-12,3528,安馳,122.0,122.0,117.0,119.5,393,22,0,3,6.52,93.47,100.0,空
2026-06-12,3529,力旺,3120.0,3160.0,3015.0,3090.0,364,18,-27,-3,65.3,34.69,100.0,空
2026-06-12,3530,晶相光,61.9,64.2,61.9,63.0,151,11,0,0,41.03,58.96,100.0,空
2026-06-12,3531,先益,23.45,23.45,22.6,22.6,22,0,0,0,19.26,80.73,100.0,多
2026-06-12,3532,台勝科,326.5,326.5,304.5,326.5,12061,-31,-129,110,43.86,56.13,100.0,空
2026-06-12,3533,嘉澤,2245.0,2290.0,2180.0,2240.0,681,-44,-7,-4,47.16,52.83,100.0,空
2026-06-12,3535,晶彩科,130.5,130.5,125.0,125.5,684,-5,0,6,4.31,95.68,100.0,空
2026-06-12,3537,堡達,80.0,82.8,74.9,75.6,6929,-1037,0,-4,5.59,94.4,100.0,空
2026-06-12,3540,曜越,26.0,26.0,25.4,25.4,226,-21,0,0,2.28,97.71,100.0,空
2026-06-12,3541,西柏,21.75,21.9,21.75,21.85,23,0,0,0,0.88,99.11,100.0,空
2026-06-12,3543,州巧,31.8,32.3,31.3,31.5,605,136,0,1,6.51,93.48,100.0,空
2026-06-12,3545,敦泰,53.8,56.0,53.8,53.9,1068,145,0,3,13.75,86.24,100.0,空
2026-06-12,3546,宇峻,84.5,84.7,81.8,82.0,550,36,0,-113,9.08,90.91,100.0,空
2026-06-12,3548,兆利,90.4,93.2,90.4,91.5,602,184,0,0,4.39,95.6,100.0,空
2026-06-12,3550,聯穎,30.2,30.5,28.35,29.05,11919,108,0,1,13.79,86.2,100.0,多
2026-06-12,3551,世禾,192.0,196.5,191.0,193.0,762,65,0,25,5.62,94.37,100.0,空
2026-06-12,3552,同致,49.1,50.0,49.1,49.6,153,25,0,0,10.0,89.99,100.0,空
2026-06-12,3555,博士旺,211.5,211.5,199.0,199.0,377,-81,0,12,1.74,98.25,100.0,空
2026-06-12,3556,禾瑞亞,68.1,71.0,68.1,69.6,415,22,0,12,5.73,94.26,100.0,空
2026-06-12,3557,嘉威,27.9,28.0,26.2,26.9,498,-212,0,4,1.74,98.25,100.0,多
2026-06-12,3558,神準,139.5,142.5,137.0,140.5,563,-17,0,3,1.42,98.57,100.0,空
2026-06-12,3563,牧德,712.0,718.0,700.0,706.0,414,-36,7,19,6.93,93.06,100.0,空
2026-06-12,3564,其陽,49.1,49.1,47.0,47.2,172,7,0,0,1.93,98.06,100.0,空
2026-06-12,3567,逸昌,27.6,27.6,27.2,27.35,40,9,0,0,3.51,96.48,100.0,空
2026-06-12,3570,大塚,181.5,181.5,179.5,179.5,59,3,0,0,45.37,54.62,100.0,空
2026-06-12,3576,聯合再生,18.6,19.8,18.55,19.8,74459,30962,0,164,14.31,85.68,100.0,多
2026-06-12,3577,泓格,126.0,129.0,121.5,123.5,459,-32,0,1,3.54,96.45,100.0,空
2026-06-12,3580,友威科,99.1,101.0,94.3,94.3,1730,-275,0,0,11.14,88.85,100.0,空
2026-06-12,3581,博磊,152.0,154.0,139.5,141.5,327,21,0,16,12.66,87.33,100.0,空
2026-06-12,3583,辛耘,824.0,831.0,803.0,803.0,1310,171,-7,-11,18.04,81.95,100.0,空
2026-06-12,3585,聯致,70.46,74.3,69.7,70.5,939,-54,0,0,0.0,0.0,0.0,空
2026-06-12,3587,閎康,299.0,301.0,292.0,293.0,515,-26,0,4,11.63,88.36,100.0,空
2026-06-12,3588,通嘉,58.8,59.6,57.4,57.4,345,37,0,0,4.63,95.36,100.0,空
2026-06-12,3591,艾笛森,22.95,23.35,22.75,22.75,489,77,0,-1,6.11,93.88,100.0,空
2026-06-12,3592,瑞鼎,274.0,276.5,271.0,272.0,571,25,-1,0,15.38,84.61,100.0,空
2026-06-12,3593,力銘,17.15,17.4,16.0,16.95,13,0,0,0,0.26,99.73,100.0,空
2026-06-12,3594,磐儀,47.05,47.05,45.45,45.45,285,-142,0,0,3.04,96.95,100.0,空
2026-06-12,3595,山太士,2042.02,2350.0,1990.0,2045.0,613,-17,0,0,0.0,0.0,0.0,空
2026-06-12,3596,智易,185.5,186.5,181.5,182.5,1325,737,0,5,33.56,66.43,100.0,空
2026-06-12,3597,映興,27.6,27.85,27.4,27.45,47,0,0,0,0.78,99.21,100.0,空
2026-06-12,3603,建祥國際,7.59,7.95,7.77,7.9,6,0,0,0,0.0,0.0,0.0,空
2026-06-12,3605,宏致,73.6,74.3,72.2,73.3,2220,-379,0,41,11.02,88.97,100.0,空
2026-06-12,3607,谷崧,16.55,16.6,16.25,16.3,503,37,0,4,5.84,94.15,100.0,空
2026-06-12,3609,三一東林,27.25,28.4,26.85,27.6,608,53,0,0,2.1,97.89,100.0,空
2026-06-12,3611,鼎翰,194.0,195.0,193.0,193.5,44,3,0,0,12.01,87.98,100.0,多
2026-06-12,3615,安可,52.8,53.4,49.65,49.65,4129,-322,0,0,4.26,95.73,100.0,空
2026-06-12,3617,碩天,215.0,219.0,212.5,217.0,428,155,-1,2,9.07,90.92,100.0,空
2026-06-12,3622,洋華,55.3,56.0,55.0,55.1,417,74,0,-1,3.88,96.11,100.0,空
2026-06-12,3623,富晶通,23.25,23.35,23.0,23.0,59,-13,0,0,2.31,97.68,100.0,空
2026-06-12,3624,光頡,117.5,121.0,115.5,118.0,22172,3235,0,59,56.35,43.64,100.0,空
2026-06-12,3625,西勝,15.1,15.85,14.8,15.2,406,-39,0,0,5.61,94.38,100.0,多
2026-06-12,3628,盈正,72.1,72.8,71.0,71.3,138,43,0,0,4.56,95.43,100.0,多
2026-06-12,3629,地心引力,0.0,0.0,0.0,0.0,0,0,0,0,0.02,99.97,100.0,空
2026-06-12,3630,新鉅科,30.7,31.1,29.1,29.1,2532,-503,0,-2,39.51,60.48,100.0,多
2026-06-12,3631,晟楠,33.3,34.5,33.15,33.95,110,-8,0,0,7.44,92.55,100.0,空
2026-06-12,3632,研勤,8.9,8.9,8.3,8.3,11,0,0,0,0.29,99.7,100.0,多
2026-06-12,3633,云光,122.05,123.0,119.5,121.5,64,0,0,0,0.0,0.0,0.0,空
2026-06-12,3645,達邁,92.7,93.2,90.3,90.4,1761,194,-1,-4,13.67,86.32,100.0,空
2026-06-12,3646,艾恩特,24.0,24.0,23.9,23.9,8,0,0,0,6.69,93.3,100.0,空
2026-06-12,3652,精聯,32.95,35.55,32.95,35.55,493,110,0,3,1.31,98.68,100.0,空
2026-06-12,3653,健策,3755.0,3820.0,3495.0,3690.0,1850,99,-81,16,25.14,74.85,100.0,多
2026-06-12,3659,百辰,21.84,22.45,21.5,21.65,51,-2,0,0,0.0,0.0,0.0,空
2026-06-12,3661,世芯-KY,4295.0,4295.0,4105.0,4105.0,1326,-49,-2,10,53.97,46.02,100.0,空
2026-06-12,3663,鑫科,71.9,72.1,67.9,67.9,1831,-229,0,-3,3.82,96.17,100.0,空
2026-06-12,3664,安瑞-KY,7.69,7.69,6.82,6.82,8,0,0,0,37.96,62.03,100.0,空
2026-06-12,3665,貿聯-KY,2300.0,2350.0,2235.0,2310.0,4177,-507,211,15,54.89,45.1,100.0,空
2026-06-12,3666,光耀,26.15,26.2,25.85,26.2,34,-5,0,0,0.24,99.75,100.0,空
2026-06-12,3669,圓展,35.6,36.8,35.6,35.8,212,84,0,-6,2.39,97.6,100.0,空
2026-06-12,3672,康聯訊,12.85,12.85,11.85,11.85,58,0,0,0,2.5,97.49,100.0,多
2026-06-12,3673,TPK-KY,81.6,83.4,79.5,79.8,11378,412,0,25,40.83,59.16,100.0,空
2026-06-12,3675,德微,315.0,325.0,305.5,311.0,2196,-394,7,30,59.62,40.37,100.0,空
2026-06-12,3678,聯享,53.71,55.0,49.1,52.1,132,4,0,0,0.0,0.0,0.0,空
2026-06-12,3679,新至陞,116.0,116.0,113.5,113.5,248,-65,0,0,8.35,91.64,100.0,空
2026-06-12,3680,家登,500.0,510.0,490.0,503.0,1444,156,-12,34,23.55,76.44,100.0,空
2026-06-12,3684,榮昌,61.0,62.4,61.0,62.0,106,39,0,0,2.39,97.6,100.0,多
2026-06-12,3685,元創精密,30.8,31.1,30.15,30.8,697,-180,0,0,0.4,99.59,100.0,多
2026-06-12,3686,達能,17.0,17.8,17.0,17.3,438,225,0,0,2.27,97.72,100.0,空
2026-06-12,3687,歐買尬,78.5,83.6,77.0,79.3,857,130,0,0,5.14,94.85,100.0,多
2026-06-12,3689,湧德,117.0,118.5,116.0,116.0,1639,-232,0,-5,11.93,88.06,100.0,空
2026-06-12,3691,碩禾,170.5,177.0,157.5,158.5,8097,-991,0,7,4.72,95.27,100.0,空
2026-06-12,3693,營邦,511.0,514.0,495.5,501.0,581,71,0,1,7.04,92.95,100.0,空
2026-06-12,3694,海華,60.4,61.0,59.9,60.0,921,39,0,0,3.96,96.03,100.0,空
2026-06-12,3701,大眾控,49.0,49.5,47.9,47.9,1247,167,0,0,4.76,95.23,100.0,空
2026-06-12,3702,大聯大,111.5,111.5,104.0,105.0,20657,3119,-5263,-1134,39.39,60.6,100.0,空
2026-06-12,3703,欣陸,21.8,22.2,21.8,22.05,2433,1315,-3,-23,20.51,79.48,100.0,多
2026-06-12,3704,合勤控,47.2,47.4,45.1,45.4,3844,-1493,0,3,13.19,86.8,100.0,空
2026-06-12,3705,永信,57.1,57.6,57.1,57.2,171,50,0,0,7.26,92.73,100.0,多
2026-06-12,3706,神達,88.9,89.6,85.5,85.5,17563,-5308,-9,163,10.97,89.02,100.0,空
2026-06-12,3707,漢磊,77.7,79.9,77.1,77.1,14226,393,0,3,13.76,86.23,100.0,空
2026-06-12,3708,上緯投控,121.0,121.0,117.0,117.0,613,10,7,-27,8.27,91.72,100.0,空
2026-06-12,3709,鑫聯大投控,74.4,74.9,73.3,73.3,827,-113,0,17,6.89,93.1,100.0,空
2026-06-12,3710,連展投控,6.15,6.43,6.05,6.33,298,-63,0,0,2.03,97.96,100.0,空
2026-06-12,3711,日月光投控,585.0,596.0,577.0,590.0,23826,1664,-51,308,76.89,23.1,100.0,空
2026-06-12,3712,永崴投控,18.0,18.0,17.2,17.2,1480,170,0,14,1.88,98.11,100.0,多
2026-06-12,3713,新晶投控,16.75,16.75,15.95,16.2,88,0,0,0,0.35,99.64,100.0,多
2026-06-12,3714,富采,65.0,66.5,64.4,64.4,10236,1073,0,16,10.54,89.45,100.0,空
2026-06-12,3715,定穎投控,172.0,173.0,166.5,166.5,5842,18,-3,-17,9.6,90.39,100.0,空
2026-06-12,3716,中化控股,34.7,34.85,34.5,34.55,316,153,0,-2,9.12,90.87,100.0,空
2026-06-12,3717,聯嘉投控,20.6,20.65,20.25,20.25,1077,-284,0,0,3.83,96.16,100.0,空
2026-06-12,4102,永日,18.35,18.8,18.35,18.8,138,-7,0,0,1.38,98.61,100.0,多
2026-06-12,4104,佳醫,70.1,70.3,69.5,69.7,273,-44,0,0,3.19,96.8,100.0,多
2026-06-12,4105,東洋,74.6,74.8,74.0,74.1,822,-232,-2,0,21.3,78.69,100.0,多
2026-06-12,4106,雃博,23.2,23.45,23.15,23.3,163,-7,0,0,2.11,97.88,100.0,空
2026-06-12,4107,邦特,117.0,118.0,117.0,118.0,72,11,0,0,7.8,92.19,100.0,多
2026-06-12,4108,懷特,12.2,12.3,12.1,12.3,188,7,0,0,1.21,98.78,100.0,多
2026-06-12,4109,加捷生醫,12.2,12.25,12.1,12.2,163,-5,0,0,0.72,99.27,100.0,多
2026-06-12,4111,濟生,29.8,29.95,29.8,29.95,26,-1,0,0,2.74,97.25,100.0,空
2026-06-12,4113,聯上,15.4,16.75,15.4,16.75,643,-67,0,0,1.65,98.34,100.0,多
2026-06-12,4114,健喬,30.4,30.65,30.35,30.5,860,485,0,0,5.95,94.04,100.0,多
2026-06-12,4115,善德生技,7.52,7.77,7.42,7.77,15,4,0,0,0.0,0.0,0.0,空
2026-06-12,4116,明基醫,37.35,37.35,37.1,37.3,90,20,0,0,0.48,99.51,100.0,多
2026-06-12,4117,普生,0.0,13.25,4.24,11.95,2109,0,0,0,0.0,0.0,0.0,-
2026-06-12,4119,旭富,42.3,42.4,41.45,41.6,158,-84,0,2,5.12,94.87,100.0,多
2026-06-12,4120,友華,47.45,47.45,45.95,46.35,14,0,0,0,6.2,93.79,100.0,多
2026-06-12,4121,優盛,13.45,13.7,13.45,13.5,125,-19,0,0,1.96,98.03,100.0,空
2026-06-12,4123,晟德,37.7,37.85,37.5,37.65,1348,355,0,0,9.34,90.65,100.0,多
2026-06-12,4126,太醫,80.5,80.5,80.0,80.1,35,-6,0,1,8.98,91.01,100.0,多
2026-06-12,4127,天良,66.1,69.9,64.1,68.0,394,43,0,0,1.05,98.94,100.0,空
2026-06-12,4128,中天,14.8,15.15,14.75,15.0,820,163,0,18,4.4,95.59,100.0,多
2026-06-12,4129,聯合,89.6,91.0,89.6,90.1,133,-1,0,1,11.41,88.58,100.0,多
2026-06-12,4130,健亞,25.6,26.3,25.6,25.8,141,34,0,1,2.22,97.77,100.0,多
2026-06-12,4131,浩泰,36.0,38.25,36.0,37.6,21,0,0,0,1.16,98.83,100.0,空
2026-06-12,4133,亞諾法,20.7,20.85,20.6,20.6,57,8,0,0,12.08,87.91,100.0,多
2026-06-12,4137,麗豐-KY,110.0,110.0,109.0,109.0,113,33,0,4,56.12,43.87,100.0,多
2026-06-12,4138,曜亞,51.5,51.5,51.1,51.1,34,-3,0,0,1.19,98.8,100.0,多
2026-06-12,4139,馬光-KY,24.05,24.4,23.7,24.4,20,0,0,0,16.91,83.08,100.0,多
2026-06-12,4142,國光生,17.75,17.8,17.5,17.65,872,301,0,-1,4.83,95.16,100.0,多
2026-06-12,4147,中裕,59.9,62.0,56.9,57.3,2789,-841,0,0,7.66,92.33,100.0,多
2026-06-12,4148,全宇生技-KY,31.2,31.2,30.6,30.9,27,4,0,0,71.1,28.89,100.0,多
2026-06-12,4150,優你康,4.96,5.14,4.92,5.07,229,6,0,0,0.0,0.0,0.0,空
2026-06-12,4153,鈺緯,29.5,30.2,29.5,29.9,46,-1,0,0,0.33,99.66,100.0,空
2026-06-12,4154,樂威科-KY,13.75,13.75,13.75,13.75,1,-1,0,0,29.98,70.01,100.0,空
2026-06-12,4155,訊映,15.35,15.65,15.0,15.05,398,-65,0,-3,1.35,98.64,100.0,空
2026-06-12,4157,太景*-KY,8.66,8.84,8.6,8.84,1314,466,0,0,2.01,97.98,100.0,多
2026-06-12,4160,訊聯基因,40.1,40.3,40.1,40.1,14,4,0,0,0.87,99.12,100.0,多
2026-06-12,4161,聿新科,23.0,23.2,22.8,22.9,69,2,0,0,0.33,99.66,100.0,多
2026-06-12,4162,智擎,58.0,58.6,57.5,57.6,541,125,0,-4,8.91,91.08,100.0,多
2026-06-12,4163,鐿鈦,112.5,113.0,110.0,112.0,94,-25,0,0,2.67,97.32,100.0,空
2026-06-12,4164,承業醫,30.9,31.35,30.65,30.9,918,180,0,-1,18.91,81.08,100.0,多
2026-06-12,4166,友霖,26.55,26.6,25.6,25.8,638,61,0,0,10.62,89.37,100.0,多
2026-06-12,4167,松瑞藥,20.15,20.15,19.85,19.85,549,235,0,0,11.58,88.41,100.0,多
2026-06-12,4168,醣聯,30.0,30.0,26.2,26.8,2327,-190,0,0,4.42,95.57,100.0,空
2026-06-12,4169,泰宗,150.0,155.0,150.0,153.5,104,65,0,0,6.52,93.47,100.0,多
2026-06-12,4170,鑫品生醫,12.63,12.65,12.35,12.5,139,0,0,0,0.0,0.0,0.0,空
2026-06-12,4171,瑞基,17.8,17.9,17.4,17.45,35,-9,0,0,13.58,86.41,100.0,空
2026-06-12,4172,因華,11.07,11.35,10.85,11.3,171,-4,0,0,0.0,0.0,0.0,空
2026-06-12,4173,久裕,18.6,18.65,18.15,18.4,41,-4,0,0,0.73,99.26,100.0,多
2026-06-12,4174,浩鼎,28.0,28.6,27.95,28.1,310,146,0,0,7.15,92.84,100.0,多
2026-06-12,4175,杏一,52.9,53.6,52.7,53.5,25,-3,0,0,0.17,99.82,100.0,多
2026-06-12,4178,永笙-KY,17.95,18.1,17.75,17.8,213,-52,0,0,5.24,94.75,100.0,多
2026-06-12,4183,福永生技,0.0,0.0,0.0,0.0,0,0,0,0,0.0,99.99,100.0,空
2026-06-12,4186,尖端醫,9.97,10.35,9.8,10.25,455,8,0,0,0.0,0.0,0.0,多
2026-06-12,4188,安克,10.7,10.7,10.35,10.55,64,-14,0,0,0.05,99.94,100.0,空
2026-06-12,4190,佐登-KY,24.4,25.45,24.4,24.9,39,2,0,-1,58.64,41.35,100.0,多
2026-06-12,4192,杏國,21.2,21.2,20.2,21.05,27,0,0,0,0.31,99.68,100.0,多
2026-06-12,4194,禾生技,6.86,7.2,6.84,7.18,54,3,0,0,0.0,0.0,0.0,多
2026-06-12,4195,基米-創,16.2,16.7,16.0,16.3,196,50,0,0,1.03,98.96,100.0,多
2026-06-12,4197,暐世,8.69,9.09,8.69,9.0,10,0,0,0,0.0,0.0,0.0,多
2026-06-12,4198,欣大健康,36.1,37.0,36.0,37.0,11,-1,0,0,1.16,98.83,100.0,空
2026-06-12,4205,中華食,72.7,73.1,72.5,73.0,21,-1,0,0,0.62,99.37,100.0,多
2026-06-12,4207,環泰,19.5,19.8,19.5,19.7,140,38,0,0,1.75,98.24,100.0,空
2026-06-12,4303,信立,46.55,47.4,46.55,46.7,402,181,0,0,3.39,96.6,100.0,空
2026-06-12,4304,勝昱,25.5,25.5,25.4,25.4,2,-1,0,0,0.04,99.95,100.0,空
2026-06-12,4305,世坤,44.0,44.0,44.0,44.0,4,-1,0,0,0.06,99.93,100.0,多
2026-06-12,4306,炎洲,16.0,16.35,15.9,16.1,5943,2127,0,10,6.79,93.2,100.0,多
2026-06-12,4401,東隆興,14.2,14.2,14.05,14.1,63,-17,0,-2,1.48,98.51,100.0,多
2026-06-12,4402,郡都開發,17.3,17.3,16.2,16.4,102,-2,0,0,2.22,97.77,100.0,多
2026-06-12,4406,新昕纖,9.87,9.87,9.87,9.87,1,-1,0,0,0.17,99.82,100.0,多
2026-06-12,4413,飛寶企業,16.45,16.85,16.45,16.8,11,-1,0,0,5.72,94.27,100.0,多
2026-06-12,4414,如興,8.52,8.54,8.37,8.43,559,205,0,4,26.48,73.51,100.0,多
2026-06-12,4416,三圓,10.55,10.7,10.5,10.55,197,11,0,0,1.62,98.37,100.0,空
2026-06-12,4417,金洲,46.45,46.75,46.3,46.5,222,4,0,0,3.66,96.33,100.0,多
2026-06-12,4419,元勝,45.7,47.05,45.7,46.4,22,0,0,0,0.0,99.99,100.0,多
2026-06-12,4419,皇家美食,45.7,47.05,45.7,46.4,22,0,0,0,0.0,99.99,100.0,多
2026-06-12,4420,光明,37.8,38.0,37.8,38.0,39,10,0,0,0.69,99.3,100.0,多
2026-06-12,4426,利勤,8.06,8.09,7.99,8.01,161,34,0,-13,2.18,97.81,100.0,多
2026-06-12,4430,耀億,17.2,17.6,17.2,17.6,6,-1,0,0,2.31,97.68,100.0,多
2026-06-12,4431,敏成健康,16.26,17.05,16.2,16.65,34,0,0,0,0.0,0.0,0.0,多
2026-06-12,4432,銘旺實,16.85,16.85,16.4,16.4,26,-5,0,0,0.96,99.03,100.0,空
2026-06-12,4433,興采,20.55,20.55,20.45,20.55,15,0,0,0,0.17,99.82,100.0,空
2026-06-12,4438,廣越,61.4,61.9,60.9,61.3,32,2,0,0,1.88,98.11,100.0,多
2026-06-12,4439,冠星-KY,88.9,92.0,88.4,90.1,22,10,0,1,61.43,38.56,100.0,空
2026-06-12,4440,宜新實業,17.1,17.2,17.05,17.15,63,-5,0,-1,0.62,99.37,100.0,空
2026-06-12,4441,振大環球,193.0,197.0,193.0,193.5,45,-10,0,0,1.33,98.66,100.0,空
2026-06-12,4442,竣邦-KY,53.8,55.8,53.8,55.1,43,-9,0,7,60.96,39.03,100.0,多
2026-06-12,4502,健信,15.65,15.95,15.5,15.8,29,-1,0,0,4.07,95.92,100.0,空
2026-06-12,4503,金雨,38.25,38.25,37.7,37.95,124,44,0,-3,3.76,96.23,100.0,空
2026-06-12,4506,崇友,118.0,118.5,117.5,118.0,36,18,0,0,3.88,96.11,100.0,多
2026-06-12,4510,高鋒,44.9,45.2,43.8,43.9,1230,-256,0,-6,4.77,95.22,100.0,空
2026-06-12,4513,福裕,15.75,16.0,15.5,15.6,516,19,0,0,4.19,95.8,100.0,多
2026-06-12,4523,永彰,29.6,29.6,29.15,29.4,147,40,0,0,2.89,97.1,100.0,多
2026-06-12,4526,東台,40.2,40.6,38.75,38.8,5316,-1726,0,-4,6.81,93.18,100.0,空
2026-06-12,4527,方土霖,42.8,42.8,40.55,41.35,36,-6,0,0,1.77,98.22,100.0,空
2026-06-12,4528,江興鍛,15.8,16.85,15.8,16.2,66,-12,0,0,0.13,99.86,100.0,多
2026-06-12,4529,淳紳,5.0,5.0,4.83,4.99,85,11,0,0,38.07,61.92,100.0,空
2026-06-12,4530,宏易,0.0,0.0,0.0,0.0,0,0,0,0,2.32,97.67,100.0,空
2026-06-12,4532,瑞智,24.35,24.8,24.3,24.45,1077,523,-6,-1,17.98,82.01,100.0,多
2026-06-12,4533,協易機,31.75,31.9,30.65,30.75,1498,284,0,-9,4.67,95.32,100.0,空
2026-06-12,4534,慶騰,31.0,33.0,29.55,33.0,3679,470,0,9,3.8,96.19,100.0,多
2026-06-12,4535,至興,27.7,27.8,27.0,27.3,59,-1,0,-5,0.1,99.89,100.0,空
2026-06-12,4536,拓凱,164.5,166.5,164.5,165.5,254,130,-1,3,12.12,87.87,100.0,多
2026-06-12,4537,旭東,176.24,189.5,175.0,176.0,223,-7,0,0,0.0,0.0,0.0,多
2026-06-12,4538,大詠城,18.55,18.6,18.5,18.55,115,4,0,0,0.18,99.81,100.0,多
2026-06-12,4540,全球傳動,62.7,63.3,61.1,61.5,2183,-283,0,2,4.22,95.77,100.0,空
2026-06-12,4541,晟田,47.1,48.1,47.05,47.55,1189,361,0,9,7.56,92.43,100.0,多
2026-06-12,4542,科嶠,320.5,335.5,317.0,335.5,483,-30,0,-15,11.5,88.49,100.0,多
2026-06-12,4543,萬在,37.35,37.6,36.8,37.1,302,-5,0,0,9.39,90.6,100.0,空
2026-06-12,4544,春日,14.55,14.55,14.55,14.55,0,0,0,0,0.0,0.0,0.0,多
2026-06-12,4545,銘鈺,35.2,35.3,34.65,34.85,197,-22,0,0,29.48,70.51,100.0,空
2026-06-12,4546,長亨,115.81,120.5,110.5,114.0,62,-2,0,0,0.0,0.0,0.0,多
2026-06-12,4549,桓達,111.0,112.0,108.5,108.5,220,26,0,0,2.23,97.76,100.0,空
2026-06-12,4550,長佳,25.3,25.4,25.3,25.3,39,0,0,0,1.6,98.39,100.0,多
2026-06-12,4551,智伸科,142.0,152.0,142.0,152.0,1741,485,0,32,54.68,45.31,100.0,空
2026-06-12,4552,力達-KY,21.0,21.3,20.8,21.3,80,-7,0,0,42.79,57.2,100.0,多
2026-06-12,4553,盛復,16.89,17.0,16.4,17.0,7,-1,0,0,0.0,0.0,0.0,空
2026-06-12,4554,橙的,30.0,30.0,29.9,29.9,23,-2,0,0,24.44,75.55,100.0,空
2026-06-12,4555,氣立,47.5,47.55,45.35,45.35,380,-79,0,-8,3.14,96.85,100.0,空
2026-06-12,4556,旭然,66.8,66.8,66.8,66.8,277,-8,0,-5,11.14,88.85,100.0,多
2026-06-12,4557,永新-KY,46.0,47.05,45.95,46.75,92,29,0,5,30.41,69.58,100.0,多
2026-06-12,4558,寶緯,18.65,18.95,18.55,18.65,41,2,0,0,0.36,99.63,100.0,空
2026-06-12,4559,久裕興,8.59,8.6,8.22,8.43,17,-1,0,0,0.0,0.0,0.0,多
2026-06-12,4560,強信-KY,32.85,32.85,32.35,32.55,286,-14,0,0,84.63,15.36,100.0,多
2026-06-12,4561,健椿,41.95,43.0,41.9,42.05,315,-24,0,0,2.85,97.14,100.0,空
2026-06-12,4562,穎漢,36.05,36.4,35.75,35.8,458,-30,0,-1,1.11,98.88,100.0,空
2026-06-12,4563,百德,43.0,43.1,42.05,42.15,204,63,0,0,1.61,98.38,100.0,空
2026-06-12,4564,元翎,15.45,15.55,15.4,15.45,575,225,0,1,2.64,97.35,100.0,多
2026-06-12,4565,宏偉,116.38,117.5,116.5,116.5,9,0,0,0,0.0,0.0,0.0,空
2026-06-12,4566,時碩工業,62.4,66.0,61.6,63.2,1307,249,0,-1,1.72,98.27,100.0,空
2026-06-12,4568,科際精密,40.55,40.7,40.5,40.6,6,1,0,0,20.1,79.89,100.0,空
2026-06-12,4569,六方科-KY,170.0,174.0,166.5,167.5,109,0,0,0,66.96,33.03,100.0,空
2026-06-12,4570,傑生,68.9,68.9,68.9,68.9,0,0,0,0,0.0,0.0,0.0,空
2026-06-12,4571,鈞興-KY,184.5,184.5,180.5,181.0,264,25,0,4,66.26,33.73,100.0,空
2026-06-12,4572,駐龍,147.0,148.0,145.0,146.5,25,-5,0,0,2.14,97.85,100.0,空
2026-06-12,4573,高明鐵,380.18,402.5,378.5,381.5,412,-7,0,0,0.0,0.0,0.0,空
2026-06-12,4575,銓寶,27.56,29.0,27.85,28.1,42,1,0,0,0.0,0.0,0.0,空
2026-06-12,4576,大銀微系統,206.5,207.0,199.0,202.0,1501,2,0,12,6.28,93.71,100.0,空
2026-06-12,4577,達航科技,91.2,92.0,85.7,85.7,574,-122,0,0,4.09,95.9,100.0,空
2026-06-12,4580,捷流閥業,80.9,82.0,80.9,81.1,20,-12,0,0,3.3,96.69,100.0,空
2026-06-12,4581,光隆精密-KY,49.8,49.85,49.5,49.65,22,1,0,0,24.01,75.98,100.0,多
2026-06-12,4582,聚恆-創,26.35,27.0,25.9,26.0,198,13,0,-3,1.3,98.69,100.0,多
2026-06-12,4583,台灣精銳,620.0,630.0,618.0,618.0,64,-2,-1,0,1.16,98.83,100.0,空
2026-06-12,4584,君帆,40.6,41.2,40.5,40.6,20,0,0,0,0.0,99.99,100.0,空
2026-06-12,4585,達明,318.0,318.0,304.0,304.5,506,-12,-1,0,0.25,99.74,100.0,空
2026-06-12,4587,寶元數控,57.01,58.0,57.0,57.0,6,-1,0,0,0.0,0.0,0.0,空
2026-06-12,4588,玖鼎電力,60.3,60.3,58.4,58.4,136,44,0,1,2.65,97.34,100.0,多
2026-06-12,4589,碩陽電機,37.28,38.9,37.15,37.4,17,2,0,0,0.0,0.0,0.0,空
2026-06-12,4590,富田-創,75.5,76.9,75.1,76.1,300,168,0,1,2.47,97.52,100.0,多
2026-06-12,4609,唐鋒,5.46,5.78,5.46,5.78,6,0,0,0,0.0,99.99,100.0,空
2026-06-12,4702,中美實,10.0,10.2,10.0,10.05,219,59,0,0,43.77,56.22,100.0,多
2026-06-12,4706,大恭,31.95,31.95,31.55,31.75,7,-1,0,0,29.48,70.51,100.0,多
2026-06-12,4707,磐亞,20.55,20.55,19.9,20.0,1111,-44,0,31,1.34,98.65,100.0,多
2026-06-12,4711,永純,17.1,17.1,16.6,16.85,383,-33,0,0,1.68,98.31,100.0,空
2026-06-12,4714,永捷,13.5,13.7,13.5,13.55,683,270,0,0,3.23,96.76,100.0,多
2026-06-12,4716,大立,16.5,16.7,16.3,16.55,480,197,0,0,4.79,95.2,100.0,多
2026-06-12,4720,德淵,24.0,24.1,23.7,23.75,1219,-53,-1,2,5.19,94.8,100.0,空
2026-06-12,4721,美琪瑪,94.5,95.6,90.6,92.0,1638,-226,0,-5,7.53,92.46,100.0,多
2026-06-12,4722,國精化,217.0,226.5,210.5,226.5,1708,-354,-1,60,5.67,94.32,100.0,空
2026-06-12,4724,宣捷幹細胞,10.58,10.45,8.66,9.89,1042,0,0,0,0.0,0.0,0.0,空
2026-06-12,4726,永昕,25.0,25.95,24.85,25.35,298,35,0,0,20.61,79.38,100.0,空
2026-06-12,4728,雙美,377.0,377.0,376.5,377.0,4,0,0,0,19.64,80.35,100.0,多
2026-06-12,4729,熒茂,21.45,22.4,21.45,22.1,545,136,0,0,2.04,97.95,100.0,空
2026-06-12,4732,彥臣,17.24,18.1,17.3,18.1,17,0,0,0,0.0,0.0,0.0,空
2026-06-12,4735,豪展,31.95,32.95,31.95,32.6,34,0,0,0,0.2,99.79,100.0,多
2026-06-12,4736,泰博,124.5,126.0,124.5,124.5,123,22,0,0,5.71,94.28,100.0,多
2026-06-12,4737,華廣,57.0,57.0,54.0,54.9,46,-26,0,0,28.58,71.41,100.0,多
2026-06-12,4738,大同精化,7.53,7.9,7.41,7.7,231,0,0,0,0.0,0.0,0.0,空
2026-06-12,4739,康普,127.5,129.0,119.5,121.5,6214,-1377,0,-6,10.46,89.53,100.0,多
2026-06-12,4741,泓瀚,81.1,85.0,78.0,78.0,1422,-262,0,0,7.82,92.17,100.0,多
2026-06-12,4743,合一,48.0,48.8,47.95,48.35,1357,389,0,-34,7.77,92.22,100.0,空
2026-06-12,4744,皇將,32.5,32.6,30.4,30.4,2398,-575,0,0,3.39,96.6,100.0,空
2026-06-12,4745,合富-KY,15.7,15.75,14.95,15.1,304,-62,0,0,9.54,90.45,100.0,多
2026-06-12,4746,台耀,51.4,52.2,51.3,51.5,454,162,0,0,8.27,91.72,100.0,空
2026-06-12,4747,強生,54.8,55.0,52.0,54.1,74,13,0,0,0.62,99.37,100.0,空
2026-06-12,4749,新應材,962.0,975.0,921.0,921.0,834,-28,-69,-5,11.14,88.85,100.0,空
2026-06-12,4754,國碳科,38.85,39.1,38.5,39.1,47,8,0,0,0.27,99.72,100.0,多
2026-06-12,4755,三福化,136.0,143.0,136.0,140.0,491,148,0,-25,24.75,75.24,100.0,空
2026-06-12,4760,勤凱,380.0,389.0,367.5,376.5,1244,11,0,71,7.82,92.17,100.0,空
2026-06-12,4763,材料*-KY,44.4,45.2,44.3,44.45,5362,1761,-16,10,46.7,53.29,100.0,多
2026-06-12,4764,雙鍵,283.0,283.0,261.5,263.0,1683,-322,0,12,27.19,72.8,100.0,空
2026-06-12,4765,磐采,16.6,16.75,16.45,16.55,21,-3,0,0,0.0,0.0,0.0,空
2026-06-12,4766,南寶,368.0,376.0,368.0,369.5,611,163,-1,62,14.26,85.73,100.0,空
2026-06-12,4767,誠泰科技,27.5,27.6,26.85,27.55,4,-1,0,0,0.03,99.96,100.0,多
2026-06-12,4768,晶呈科技,391.0,392.5,380.0,385.5,583,-16,0,2,6.47,93.52,100.0,空
2026-06-12,4770,上品,218.0,220.0,213.0,213.5,363,-158,-1,-7,6.04,93.95,100.0,空
2026-06-12,4771,望隼,189.5,191.5,189.0,189.5,98,18,0,1,7.0,92.99,100.0,空
2026-06-12,4772,台特化,274.5,276.0,269.5,273.0,743,135,0,-14,5.26,94.73,100.0,空
2026-06-12,4806,桂田文創,10.85,10.85,9.95,10.25,140,-78,0,0,1.88,98.11,100.0,多
2026-06-12,4807,日成-KY,39.8,41.0,38.3,41.0,567,52,0,0,67.44,32.55,100.0,多
2026-06-12,4903,聯光通,39.4,39.7,38.6,38.75,947,-172,0,0,2.33,97.66,100.0,空
2026-06-12,4904,遠傳,109.0,111.0,107.5,109.0,10170,3320,-76,59,21.66,27.16,49.0,多
2026-06-12,4905,台聯電,72.0,75.6,71.4,72.0,16,-8,0,0,9.61,90.38,100.0,空
2026-06-12,4906,正文,43.8,45.15,43.5,44.2,13090,1758,-4,192,12.7,87.29,100.0,空
2026-06-12,4907,富宇,38.3,39.4,38.3,39.0,60,-11,0,0,0.24,99.75,100.0,多
2026-06-12,4908,前鼎,205.0,205.0,194.0,199.0,1397,-162,0,2,7.77,92.22,100.0,空
2026-06-12,4909,新復興,49.5,50.5,49.2,49.2,728,191,0,7,9.85,90.14,100.0,空
2026-06-12,4911,德英,31.0,31.5,31.0,31.2,17,-4,0,0,0.27,99.72,100.0,多
2026-06-12,4912,聯德控股-KY,92.6,93.5,90.5,90.8,485,-39,0,2,24.32,75.67,100.0,空
2026-06-12,4915,致伸,76.7,77.7,76.3,76.5,5641,5,1644,97,32.28,67.71,100.0,多
2026-06-12,4916,事欣科,118.5,120.5,106.5,107.5,14018,-863,0,-277,17.74,82.25,100.0,空
2026-06-12,4919,新唐,185.5,188.0,175.5,175.5,23819,-3764,0,141,5.22,94.77,100.0,空
2026-06-12,4923,力士,44.35,47.5,44.35,47.5,1351,172,0,6,1.53,98.46,100.0,空
2026-06-12,4924,欣厚-KY,12.0,12.4,12.0,12.15,41,10,0,2,38.19,61.8,100.0,空
2026-06-12,4925,智微,144.2,163.0,149.0,152.5,328,-11,0,0,0.0,0.0,0.0,空
2026-06-12,4927,泰鼎-KY,51.1,52.0,49.5,49.5,5070,-65,0,1,7.24,92.75,100.0,空
2026-06-12,4930,燦星網,17.4,17.5,17.35,17.35,43,3,0,0,2.11,97.88,100.0,多
2026-06-12,4931,新盛力,246.0,249.5,235.0,236.0,6620,-456,0,-271,11.0,88.99,100.0,空
2026-06-12,4933,友輝,67.3,68.1,67.0,67.5,283,-2,0,-4,7.64,92.35,100.0,空
2026-06-12,4934,太極,17.2,18.45,17.2,17.7,5772,2337,0,-43,3.5,96.49,100.0,多
2026-06-12,4935,茂林-KY,37.85,39.2,37.85,39.0,184,-17,0,-2,26.69,73.3,100.0,空
2026-06-12,4938,和碩,96.0,97.0,93.1,93.1,23486,-5001,-229,-414,27.34,72.65,100.0,多
2026-06-12,4939,亞電,62.0,66.2,61.9,66.2,12993,1945,0,193,8.84,91.15,100.0,多
2026-06-12,4942,嘉彰,37.35,37.8,37.35,37.5,79,-14,0,0,6.84,93.15,100.0,空
2026-06-12,4943,康控-KY,9.62,9.65,9.06,9.06,119,63,-221,-67,15.6,84.39,100.0,多
2026-06-12,4946,辣椒,105.0,110.5,104.5,105.0,114,10,0,0,3.66,96.33,100.0,多
2026-06-12,4949,有成精密,93.5,93.7,88.0,89.4,1169,-216,-1,-15,3.05,96.94,100.0,空
2026-06-12,4950,金耘國際,16.05,16.45,16.0,16.45,24,0,0,0,0.08,99.91,100.0,多
2026-06-12,4951,精拓科,103.0,104.0,101.0,102.0,603,60,0,0,5.38,94.61,100.0,空
2026-06-12,4952,凌通,55.0,56.6,53.5,53.8,4641,38,0,-2,5.56,94.43,100.0,空
2026-06-12,4953,緯軟,140.0,140.5,135.0,135.5,852,159,0,-4,14.74,85.25,100.0,多
2026-06-12,4956,光鋐,38.75,38.9,37.2,37.4,1935,312,-1,-1,11.23,88.76,100.0,空
2026-06-12,4958,臻鼎-KY,575.0,578.0,537.0,552.0,50209,-2703,5134,283,63.44,36.55,100.0,空
2026-06-12,4960,誠美材,29.6,30.35,28.5,28.55,5370,-346,0,0,19.54,80.45,100.0,空
2026-06-12,4961,天鈺,166.0,170.0,165.5,166.0,558,199,0,-1,19.67,80.32,100.0,空
2026-06-12,4966,譜瑞-KY,688.0,696.0,673.0,675.0,1522,222,-25,52,38.01,61.98,100.0,空
2026-06-12,4967,十銓,288.0,290.0,272.0,272.0,10242,-2077,0,-159,7.41,92.58,100.0,空
2026-06-12,4968,立積,107.0,109.5,106.5,107.0,582,87,0,1,4.24,95.75,100.0,空
2026-06-12,4971,IET-KY,555.0,555.0,521.0,538.0,1011,29,0,0,16.54,83.45,100.0,空
2026-06-12,4972,湯石照明,16.5,16.7,16.5,16.7,30,2,0,0,2.11,97.88,100.0,多
2026-06-12,4973,廣穎,198.5,199.0,191.0,191.0,2228,-90,0,10,8.72,91.27,100.0,多
2026-06-12,4974,亞泰,76.2,76.4,75.8,76.0,225,35,0,0,4.85,95.14,100.0,空
2026-06-12,4976,佳凌,33.8,34.05,32.55,32.55,1162,-119,0,2,3.04,96.95,100.0,空
2026-06-12,4977,眾達-KY,181.5,182.5,176.0,180.5,2294,-141,-1,12,16.22,83.77,100.0,空
2026-06-12,4979,華星光,497.0,510.0,475.0,501.0,1195,283,-94,60,13.44,86.55,100.0,空
2026-06-12,4980,佐臻,41.61,43.15,41.1,42.95,83,-6,0,0,0.0,0.0,0.0,空
2026-06-12,4989,榮科,81.9,82.3,79.3,79.7,3963,-111,0,0,4.13,95.86,100.0,空
2026-06-12,4991,環宇-KY,577.0,577.0,525.0,554.0,6509,-179,0,18,20.68,79.31,100.0,空
2026-06-12,4994,傳奇,90.0,90.0,87.1,87.1,14,-5,0,-1,2.61,97.38,100.0,空
2026-06-12,4995,晶達,45.5,45.8,45.5,45.75,25,-1,0,0,0.42,99.57,100.0,空
2026-06-12,4999,鑫禾,20.3,20.65,20.3,20.45,61,-4,0,0,1.65,98.34,100.0,多
2026-06-12,5007,三星,56.5,56.5,56.0,56.5,25,0,0,1,3.41,96.58,100.0,空
2026-06-12,5009,榮剛,35.6,36.85,35.6,36.3,2707,1399,0,244,11.35,88.64,100.0,空
2026-06-12,5011,久陽,18.1,18.65,17.8,17.9,420,2,0,0,2.89,97.1,100.0,空
2026-06-12,5013,強新,27.35,27.95,27.05,27.45,17,1,0,0,12.22,87.77,100.0,空
2026-06-12,5014,建錩,11.0,11.1,10.9,11.05,362,106,0,0,1.7,98.29,100.0,空
2026-06-12,5015,華祺,23.8,24.0,23.3,23.85,34,12,0,0,6.84,93.15,100.0,空
2026-06-12,5016,松和,25.1,25.4,25.1,25.2,33,1,0,0,0.67,99.32,100.0,多
2026-06-12,5201,凱衛,28.9,28.9,28.45,28.8,10,3,0,0,6.71,93.28,100.0,多
2026-06-12,5202,力新,15.6,15.6,15.0,15.0,513,-37,0,0,0.82,99.17,100.0,多
2026-06-12,5203,訊連,68.0,70.0,68.0,70.0,320,122,0,1,11.07,88.92,100.0,多
2026-06-12,5205,中茂,23.75,24.95,22.8,24.95,12,0,0,0,0.04,99.95,100.0,多
2026-06-12,5206,坤悅,23.45,23.6,23.2,23.35,189,-19,0,0,6.36,93.63,100.0,多
2026-06-12,5209,新鼎,174.0,175.0,171.5,174.5,62,24,0,0,2.12,97.87,100.0,多
2026-06-12,5210,寶碩,31.2,31.5,29.9,30.0,644,-160,0,0,1.46,98.53,100.0,多
2026-06-12,5211,蒙恬,19.5,19.9,18.9,19.4,196,-30,0,0,7.89,92.1,100.0,多
2026-06-12,5212,凌網,0.0,0.0,0.0,0.0,0,0,0,0,21.77,78.22,100.0,空
2026-06-12,5213,亞昕,23.05,23.5,23.0,23.3,849,-27,0,0,1.08,98.91,100.0,空
2026-06-12,5215,科嘉-KY,42.5,43.7,42.5,43.05,148,45,0,-14,26.07,73.92,100.0,空
2026-06-12,5220,萬達光電,21.15,21.2,21.0,21.2,44,-4,0,0,0.35,99.64,100.0,空
2026-06-12,5222,全訊,113.5,116.0,113.0,113.5,351,-23,0,-3,3.71,6.28,10.0,空
2026-06-12,5223,安力-KY,25.2,25.8,25.2,25.6,22,-2,0,0,42.0,57.99,100.0,多
2026-06-12,5225,東科-KY,72.2,73.2,71.6,71.6,230,82,0,-2,39.81,60.18,100.0,多
2026-06-12,5227,立凱-KY,30.9,30.9,30.9,30.9,367,0,0,9,13.01,86.98,100.0,多
2026-06-12,5228,鈺鎧,74.0,76.9,68.6,69.3,2851,-114,0,12,2.16,97.83,100.0,多
2026-06-12,5230,雷笛克光學,17.75,17.75,17.5,17.55,152,-14,0,0,1.65,98.34,100.0,多
2026-06-12,5234,達興材料,392.0,393.0,387.0,390.5,237,58,1,21,9.91,90.08,100.0,空
2026-06-12,5236,凌陽創新,157.5,162.0,157.5,159.0,258,106,0,0,5.98,94.01,100.0,空
2026-06-12,5240,建騰,24.52,25.25,22.9,24.2,32,-15,0,0,0.0,0.0,0.0,空
2026-06-12,5243,乙盛-KY,114.5,115.0,110.5,111.0,2684,-608,500,12,54.85,45.14,100.0,空
2026-06-12,5244,弘凱,37.3,37.7,36.85,37.15,250,44,0,0,1.95,98.04,100.0,空
2026-06-12,5245,智晶,26.35,26.7,25.9,26.0,46,-4,0,0,3.36,96.63,100.0,空
2026-06-12,5246,勵威,190.71,215.0,190.0,194.0,674,-8,0,0,0.0,0.0,0.0,多
2026-06-12,5248,景傳,36.43,37.4,35.65,36.35,78,-3,0,0,0.0,0.0,0.0,空
2026-06-12,5251,天鉞電,30.05,31.0,29.25,30.0,289,-11,0,0,26.33,73.66,100.0,多
2026-06-12,5254,欣訊科技,41.65,43.5,41.85,41.85,46,-5,0,0,0.0,0.0,0.0,空
2026-06-12,5258,虹堡,51.0,51.4,50.0,50.0,564,-143,0,-1,4.85,95.14,100.0,空
2026-06-12,5262,立達,46.67,47.3,45.6,45.85,146,0,0,0,0.0,0.0,0.0,空
2026-06-12,5263,智崴,103.0,104.5,101.5,102.0,166,31,0,0,13.51,86.48,100.0,空
2026-06-12,5267,龍翩,53.46,55.5,50.8,53.9,83,11,0,0,0.0,0.0,0.0,空
2026-06-12,5269,祥碩,1380.0,1395.0,1360.0,1375.0,938,107,0,4,7.33,92.66,100.0,空
2026-06-12,5271,紘通,15.29,15.8,14.95,15.5,430,-13,0,0,0.0,0.0,0.0,空
2026-06-12,5272,笙科,21.0,21.6,20.7,21.25,296,43,0,0,3.58,96.41,100.0,空
2026-06-12,5274,信驊,18240.0,18600.0,18050.0,18445.0,297,80,19,0,53.9,46.09,100.0,空
2026-06-12,5276,達輝-KY,18.2,18.3,18.15,18.3,6,1,0,0,77.03,22.96,100.0,空
2026-06-12,5278,尚凡,24.55,25.0,24.25,24.3,297,18,0,0,0.74,99.25,100.0,多
2026-06-12,5278,尚凡*,24.55,25.0,24.25,24.3,297,18,0,0,0.74,99.25,100.0,多
2026-06-12,5283,禾聯碩,52.0,53.2,52.0,52.8,100,12,0,0,1.35,98.64,100.0,多
2026-06-12,5284,jpp-KY,373.0,377.5,357.5,364.0,464,-158,0,8,51.69,48.3,100.0,空
2026-06-12,5285,界霖,89.0,90.7,87.7,89.7,1993,444,0,-2,7.23,92.76,100.0,空
2026-06-12,5287,數字,146.5,147.5,146.0,147.0,55,1,0,0,16.08,83.91,100.0,多
2026-06-12,5288,豐祥-KY,194.5,202.0,190.0,190.5,636,107,0,11,59.95,40.04,100.0,多
2026-06-12,5289,宜鼎,1825.0,1830.0,1760.0,1805.0,3274,0,0,14,24.36,75.63,100.0,空
2026-06-12,5291,邑昇,66.0,67.7,64.3,65.0,513,-56,0,-2,4.46,95.53,100.0,空
2026-06-12,5292,華懋,210.0,220.0,210.0,214.0,210,64,-1,12,6.29,93.7,100.0,空
2026-06-12,5297,廣化,73.5,77.4,69.8,71.0,1055,-27,0,0,0.0,0.0,0.0,空
2026-06-12,5299,杰力,103.5,106.5,103.5,105.5,353,67,0,0,2.56,97.43,100.0,空
2026-06-12,5301,寶得利,6.81,6.9,6.71,6.9,31,0,0,0,2.1,97.89,100.0,多
2026-06-12,5302,太欣,11.1,11.7,10.8,11.3,1535,239,0,21,1.82,98.17,100.0,多
2026-06-12,5306,桂盟,86.2,88.6,86.1,88.5,575,116,0,-11,12.74,87.25,100.0,多
2026-06-12,5309,系統電,68.4,71.0,68.4,69.7,5865,1098,14,317,9.71,90.28,100.0,空
2026-06-12,5310,天剛,23.65,23.65,23.65,23.65,4,0,0,0,0.04,99.95,100.0,多
2026-06-12,5312,寶島科,96.2,96.6,95.4,96.2,42,-10,0,0,7.84,92.15,100.0,多
2026-06-12,5314,世紀*,60.2,60.7,58.4,58.4,2235,117,0,-11,12.5,87.49,100.0,空
2026-06-12,5315,光聯,22.3,22.45,22.15,22.2,330,165,0,0,9.46,90.53,100.0,多
2026-06-12,5321,美而快,38.95,38.95,36.0,36.0,167,9,0,0,1.77,98.22,100.0,空
2026-06-12,5324,士開,12.1,12.2,11.95,12.1,154,26,0,0,5.5,94.49,100.0,空
2026-06-12,5328,華容,45.5,46.7,42.25,42.35,39991,-3817,0,-169,5.9,94.09,100.0,多
2026-06-12,5340,建榮,89.0,91.4,88.4,89.6,1547,-42,0,8,50.57,49.42,100.0,空
2026-06-12,5344,立衛,16.1,16.1,15.6,15.8,21,-2,0,0,0.14,99.85,100.0,空
2026-06-12,5345,天揚,35.35,38.05,31.85,33.1,547,-10,0,-3,0.01,99.98,100.0,多
2026-06-12,5345,馥鴻,35.35,38.05,31.85,33.1,547,-10,0,-3,0.01,99.98,100.0,多
2026-06-12,5347,世界,169.0,173.5,168.0,169.5,34610,4409,5292,368,32.14,67.85,100.0,空
2026-06-12,5348,正能量智能,16.45,16.45,16.45,16.45,2,0,0,0,0.02,99.97,100.0,多
2026-06-12,5351,鈺創,87.9,91.0,87.7,88.7,28077,7451,0,7,24.84,75.15,100.0,空
2026-06-12,5353,台林,33.3,33.3,32.25,32.25,266,-20,0,0,0.52,99.47,100.0,多
2026-06-12,5355,佳總,6.51,7.0,6.5,6.87,70,-9,0,0,0.17,99.82,100.0,多
2026-06-12,5356,協益,28.65,28.65,27.95,28.0,212,-58,0,0,3.31,96.68,100.0,多
2026-06-12,5364,力麗店,8.57,8.78,8.54,8.77,132,24,0,0,0.69,99.3,100.0,多
2026-06-12,5371,中光電,68.8,70.1,67.8,68.0,2012,281,0,-2,7.42,92.57,100.0,空
2026-06-12,5381,光譜,29.55,30.65,28.05,28.05,8403,67,0,0,0.66,99.33,100.0,多
2026-06-12,5386,青雲,510.0,516.0,483.0,485.5,1434,-258,0,-1,3.37,96.62,100.0,空
2026-06-12,5388,中磊,88.6,89.3,85.3,85.3,3598,-1144,-1,-24,19.33,80.66,100.0,空
2026-06-12,5392,能率,43.0,43.8,42.15,42.15,1583,-225,0,0,3.88,96.11,100.0,空
2026-06-12,5398,慕康生醫,18.0,18.1,17.55,17.6,62,-9,0,0,5.54,94.45,100.0,多
2026-06-12,5403,中菲,93.0,94.4,93.0,94.2,143,68,0,0,6.3,93.69,100.0,多
2026-06-12,5410,國眾,45.25,47.8,44.1,45.65,6987,34,0,83,12.25,87.74,100.0,多
2026-06-12,5425,台半,96.2,101.0,95.0,101.0,24946,4281,1197,129,19.25,80.74,100.0,空
2026-06-12,5426,振發,31.55,32.8,31.55,32.4,1677,10,0,33,2.87,97.12,100.0,多
2026-06-12,5432,新門,138.5,145.0,135.0,135.0,153,-4,0,0,0.56,99.43,100.0,多
2026-06-12,5434,崇越,467.0,476.5,460.5,466.0,1281,549,-183,-13,31.81,68.18,100.0,空
2026-06-12,5438,東友,19.15,19.15,18.7,18.7,82,2,0,0,1.14,98.85,100.0,空
2026-06-12,5439,高技,356.0,360.0,324.5,327.0,5880,-746,-1869,-22,18.33,81.66,100.0,空
2026-06-12,5443,均豪,105.0,105.5,102.0,102.0,1687,-59,0,0,7.78,92.21,100.0,空
2026-06-12,5450,寶聯通,14.75,15.75,14.7,15.3,468,-38,0,0,0.07,99.92,100.0,多
2026-06-12,5450,南良,14.75,15.75,14.7,15.3,468,-38,0,0,0.07,99.92,100.0,多
2026-06-12,5452,佶優,31.75,32.75,31.5,32.2,1540,496,0,-33,10.41,89.58,100.0,空
2026-06-12,5455,昇益,27.0,27.0,27.0,27.0,3,3,0,0,0.11,99.88,100.0,多
2026-06-12,5457,宣德,35.55,35.55,35.55,35.55,2178,-226,0,13,28.03,71.96,100.0,多
2026-06-12,5460,同協,15.0,15.0,14.75,14.85,19,0,0,0,0.34,99.65,100.0,空
2026-06-12,5464,霖宏,73.0,74.9,66.8,71.8,1951,-499,0,0,2.65,97.34,100.0,空
2026-06-12,5465,富驊,25.75,26.4,25.75,26.1,123,39,0,0,1.06,98.93,100.0,空
2026-06-12,5468,凱鈺,21.75,21.75,21.75,21.75,301,0,0,0,0.17,99.82,100.0,多
2026-06-12,5469,瀚宇博,82.2,85.3,82.2,83.7,3051,1295,-3,52,11.45,88.54,100.0,空
2026-06-12,5471,松翰,53.1,55.5,52.8,54.2,7007,1428,0,0,11.75,88.24,100.0,空
2026-06-12,5474,聰泰,179.0,181.0,175.0,175.0,757,-112,0,0,2.2,97.79,100.0,空
2026-06-12,5475,德宏,247.5,248.0,239.0,240.0,1429,-64,0,14,9.82,90.17,100.0,空
2026-06-12,5478,智冠,104.0,105.0,102.5,102.5,262,82,0,-92,18.28,81.71,100.0,多
2026-06-12,5481,新華,19.5,20.0,19.4,19.9,584,-23,0,0,25.81,74.18,100.0,多
2026-06-12,5483,中美晶,152.0,159.5,151.5,159.0,20490,7383,674,108,24.32,75.67,100.0,空
2026-06-12,5484,慧友,50.5,51.0,49.45,49.5,697,-160,-1,-6,1.59,98.4,100.0,空
2026-06-12,5487,通泰,27.8,28.85,27.3,27.3,254,-3,0,0,0.56,99.43,100.0,多
2026-06-12,5488,松普,12.15,12.35,12.05,12.15,505,66,0,0,1.28,98.71,100.0,空
2026-06-12,5489,彩富,40.0,40.95,39.7,40.65,59,-6,0,0,0.62,99.37,100.0,多
2026-06-12,5490,同亨,28.65,28.95,28.65,28.8,236,67,0,-11,6.95,93.04,100.0,空
2026-06-12,5493,三聯,93.5,97.5,92.6,93.7,411,-77,0,-14,3.1,96.89,100.0,多
2026-06-12,5498,凱崴,68.0,70.8,67.3,69.4,29814,209,0,203,3.91,96.08,100.0,多
2026-06-12,5508,永信建,55.0,57.9,55.0,56.9,2263,-237,0,16,3.13,96.86,100.0,多
2026-06-12,5511,德昌,76.4,76.6,75.7,76.2,368,131,0,0,4.61,95.38,100.0,多
2026-06-12,5512,力麒,7.86,8.02,7.85,7.92,1177,209,0,0,5.06,94.93,100.0,多
2026-06-12,5514,三豐,14.1,14.35,13.7,14.0,209,-22,0,0,0.02,99.97,100.0,多
2026-06-12,5515,建國,43.8,44.85,43.15,44.0,814,250,0,15,12.68,87.31,100.0,多
2026-06-12,5516,雙喜,10.95,11.0,10.75,11.0,112,0,0,0,0.11,99.88,100.0,多
2026-06-12,5519,隆大,34.25,34.8,34.05,34.5,1203,555,0,0,4.64,95.35,100.0,多
2026-06-12,5520,力泰,82.4,82.5,82.0,82.0,3,0,0,0,0.03,99.96,100.0,多
2026-06-12,5521,工信,10.4,10.7,10.25,10.55,7200,2346,0,-2,7.26,92.73,100.0,多
2026-06-12,5522,遠雄,80.7,82.3,79.3,80.0,1537,-99,-2,16,4.8,95.19,100.0,多
2026-06-12,5523,豐謙,30.4,30.4,30.4,30.4,2,-1,0,0,0.12,99.87,100.0,空
2026-06-12,5525,順天,22.45,22.45,21.9,22.3,86,-14,0,2,1.68,98.31,100.0,多
2026-06-12,5529,鉅陞,23.7,23.7,22.9,23.3,115,-30,0,0,0.75,99.24,100.0,多
2026-06-12,5530,龍巖,49.9,50.9,49.25,49.7,701,11,0,2,53.95,46.04,100.0,空
2026-06-12,5531,鄉林,8.22,8.3,8.14,8.15,482,28,0,4,2.77,97.22,100.0,多
2026-06-12,5533,皇鼎,14.0,14.15,14.0,14.15,114,15,0,0,2.74,97.25,100.0,多
2026-06-12,5534,長虹,83.0,84.8,82.5,83.4,3054,1136,0,-238,9.85,90.14,100.0,多
2026-06-12,5536,聖暉*,1135.0,1180.0,1120.0,1180.0,1177,562,3,9,39.92,60.07,100.0,多
2026-06-12,5538,東明-KY,31.9,32.45,31.9,32.45,29,0,0,2,63.8,36.19,100.0,空
2026-06-12,5543,桓鼎-KY,30.2,31.0,29.6,30.45,53,2,0,0,0.01,99.98,100.0,空
2026-06-12,5546,永固-KY,17.0,17.0,16.3,16.75,19,5,0,-1,53.81,46.18,100.0,多
2026-06-12,5547,久舜,22.0,22.0,21.85,21.95,32,-2,0,0,0.15,99.84,100.0,多
2026-06-12,5548,安倉,23.55,23.6,23.45,23.45,18,0,0,0,0.26,99.73,100.0,多
2026-06-12,5601,台聯櫃,31.55,32.15,31.55,32.15,12,1,0,0,4.44,95.55,100.0,多
2026-06-12,5603,陸海,15.2,15.75,15.1,15.4,337,55,0,0,5.19,94.8,100.0,多
2026-06-12,5604,中連貨,30.8,31.0,30.8,31.0,19,0,0,0,3.06,96.93,100.0,多
2026-06-12,5604,中連,30.8,31.0,30.8,31.0,19,0,0,0,3.06,96.93,100.0,多
2026-06-12,5607,遠雄港,52.8,53.2,52.0,52.5,917,339,-1,17,3.84,96.15,100.0,多
2026-06-12,5608,四維航,14.9,15.4,14.9,15.1,1979,391,0,1,5.19,42.3,47.5,多
2026-06-12,5609,中菲行,83.4,83.5,82.7,82.9,459,-131,0,18,14.47,85.52,100.0,多
2026-06-12,5701,劍湖山,4.39,4.93,4.17,4.93,885,16,0,0,0.06,99.93,100.0,多
2026-06-12,5703,亞都,0.0,0.0,0.0,0.0,0,0,0,0,6.62,93.37,100.0,空
2026-06-12,5704,老爺知,21.2,21.3,21.15,21.3,8,0,0,0,0.18,99.81,100.0,多
2026-06-12,5706,鳳凰,52.6,54.1,52.6,53.0,515,194,0,3,2.33,97.66,100.0,多
2026-06-12,5859,遠壽,13.7,13.9,13.65,13.9,57,4,0,0,0.0,0.0,0.0,多
2026-06-12,5863,瑞興銀,10.99,11.35,10.6,11.1,126,0,0,0,0.0,0.0,0.0,多
2026-06-12,5864,致和證,45.6,47.3,45.2,47.2,8977,1699,0,0,5.6,94.39,100.0,空
2026-06-12,5871,中租-KY,122.0,122.0,119.5,121.5,10460,-1175,17,42,43.73,56.26,100.0,多
2026-06-12,5876,上海商銀,42.3,42.75,42.15,42.5,8383,2921,-79,-39,53.91,46.08,100.0,多
2026-06-12,5878,台名,39.1,39.45,39.1,39.45,10,2,0,0,0.58,99.41,100.0,空
2026-06-12,5880,合庫金,24.25,24.25,23.9,24.05,26503,9098,-59,-97,15.46,84.53,100.0,多
2026-06-12,5902,德記,38.45,38.45,36.0,36.3,40,0,0,0,1.17,98.82,100.0,多
2026-06-12,5903,全家,188.5,189.0,188.0,189.0,22,5,0,0,50.93,49.06,100.0,多
2026-06-12,5904,寶雅,640.0,664.0,634.0,647.0,1206,140,10,79,29.95,70.04,100.0,多
2026-06-12,5905,南仁湖,8.26,8.44,8.2,8.44,1117,261,0,0,1.79,98.2,100.0,多
2026-06-12,5906,台南-KY,0.0,0.0,0.0,0.0,0,0,0,0,19.42,80.57,100.0,空
2026-06-12,5907,大洋-KY,5.08,5.11,5.02,5.05,160,60,0,0,52.29,47.7,100.0,多
2026-06-12,6005,群益證,39.7,39.9,38.9,39.0,14133,-1800,-209,0,17.46,82.53,100.0,空
2026-06-12,6015,宏遠證,18.65,19.05,18.45,18.5,5454,-757,0,0,8.25,91.74,100.0,空
2026-06-12,6016,康和證,28.5,29.25,28.1,28.45,14166,-1580,0,0,7.53,92.46,100.0,空
2026-06-12,6020,大展證,22.3,22.9,22.2,22.8,270,23,0,0,0.05,99.94,100.0,空
2026-06-12,6021,美好證,39.9,41.7,39.7,40.65,618,216,0,0,7.61,92.38,100.0,多
2026-06-12,6023,元大期,99.9,100.0,99.1,99.4,151,9,0,0,2.16,97.83,100.0,空
2026-06-12,6024,群益期,61.0,62.0,61.0,61.5,494,126,0,0,4.49,95.5,100.0,多
2026-06-12,6026,福邦證,17.1,17.5,17.1,17.25,4383,1216,0,0,8.08,91.91,100.0,空
2026-06-12,6027,德信,11.22,12.05,11.3,12.0,76,-6,0,0,0.0,0.0,0.0,空
2026-06-12,6028,公勝保經,79.0,79.6,79.0,79.2,18,0,0,0,0.64,99.35,100.0,多
2026-06-12,6035,悠遊卡,52.01,52.6,52.0,52.0,5,0,0,0,0.0,0.0,0.0,多
2026-06-12,6101,寬魚國際,39.4,39.45,39.0,39.45,139,-5,0,-11,0.35,99.64,100.0,空
2026-06-12,6103,合邦,36.5,36.5,36.5,36.5,2,0,0,0,0.68,99.31,100.0,空
2026-06-12,6104,創惟,101.5,103.5,99.0,99.0,1822,210,0,-1,12.7,87.29,100.0,空
2026-06-12,6108,競國,18.65,19.0,18.5,18.85,1341,274,0,1,3.91,96.08,100.0,空
2026-06-12,6109,亞元,11.6,11.6,10.95,11.15,350,-102,0,0,1.84,98.15,100.0,多
2026-06-12,6111,光聚晶電,44.55,45.55,44.2,44.9,423,122,0,1,10.9,89.09,100.0,空
2026-06-12,6112,邁達特,47.75,47.9,46.9,46.9,679,43,0,-10,1.36,98.63,100.0,多
2026-06-12,6113,亞矽,27.55,29.4,26.8,27.25,1094,-112,0,39,2.64,97.35,100.0,空
2026-06-12,6114,久威,29.85,30.0,29.8,29.85,27,-11,0,0,0.75,99.24,100.0,空
2026-06-12,6115,鎰勝,49.2,49.2,48.5,48.55,246,-29,0,-1,5.65,94.34,100.0,多
2026-06-12,6116,彩晶,15.55,15.6,15.55,15.6,21523,852,0,1992,8.34,91.65,100.0,空
2026-06-12,6117,迎廣,76.8,77.3,76.3,76.3,313,-63,0,-5,1.75,98.24,100.0,空
2026-06-12,6118,建達,16.9,17.15,16.9,16.95,353,45,0,0,1.34,98.65,100.0,空
2026-06-12,6120,達運,13.65,14.05,13.65,13.65,2449,706,0,-3,9.24,90.75,100.0,空
2026-06-12,6121,新普,419.0,419.5,411.0,411.5,1042,225,-499,0,40.48,59.51,100.0,多
2026-06-12,6122,擎邦,46.6,47.05,46.4,46.4,220,85,0,0,4.83,95.16,100.0,空
2026-06-12,6123,上奇,46.2,46.4,46.1,46.1,118,-11,0,0,2.51,97.48,100.0,多
2026-06-12,6124,業強,30.85,31.2,30.15,30.2,86,0,0,0,50.97,49.02,100.0,空
2026-06-12,6125,廣運,61.1,62.2,60.4,60.5,1715,-489,0,91,9.2,90.79,100.0,空
2026-06-12,6126,信音,42.05,42.95,40.1,40.25,10655,-3441,0,-4,4.03,95.96,100.0,多
2026-06-12,6127,九豪,81.5,81.5,75.8,75.9,8588,676,0,2,9.05,90.94,100.0,多
2026-06-12,6128,上福,20.25,20.8,20.25,20.8,144,108,0,-1,4.41,95.58,100.0,多
2026-06-12,6129,普誠,15.25,15.65,15.25,15.35,650,211,0,-3,2.19,97.8,100.0,空
2026-06-12,6130,上亞科技,25.0,25.25,24.55,24.75,99,-30,0,0,0.39,99.6,100.0,多
2026-06-12,6133,金橋,23.35,24.85,23.15,23.8,2136,640,0,-99,3.2,96.79,100.0,空
2026-06-12,6134,萬旭,35.55,37.75,35.5,35.5,3480,-377,0,0,26.22,73.77,100.0,空
2026-06-12,6136,富爾特,25.15,25.35,25.05,25.15,254,-54,0,-6,3.45,96.54,100.0,空
2026-06-12,6138,茂達,304.0,319.0,302.0,313.0,719,-121,193,10,17.58,82.41,100.0,空
2026-06-12,6139,亞翔,768.0,805.0,768.0,805.0,5822,2884,55,222,30.31,69.68,100.0,空
2026-06-12,6140,訊達,22.7,23.2,21.9,22.2,254,-26,0,0,1.41,98.58,100.0,多
2026-06-12,6141,柏承,32.5,33.0,31.5,32.05,1271,-459,0,2,3.24,96.75,100.0,空
2026-06-12,6142,友勁,8.35,8.61,8.33,8.43,377,50,0,-1,2.61,97.38,100.0,多
2026-06-12,6143,振曜,90.0,91.4,90.0,90.7,407,71,0,-1,10.07,89.92,100.0,空
2026-06-12,6144,得利影,14.65,14.9,14.45,14.85,11,0,0,0,33.4,66.59,100.0,多
2026-06-12,6146,耕興,198.5,199.0,194.5,196.5,398,-166,0,-7,29.84,70.15,100.0,空
2026-06-12,6147,頎邦,244.0,244.0,223.5,224.0,35368,-2319,-1555,219,25.29,74.7,100.0,空
2026-06-12,6148,驊宏資,36.05,36.4,34.6,34.6,950,-89,0,0,1.28,98.71,100.0,多
2026-06-12,6150,撼訊,63.0,65.2,62.4,64.0,508,81,0,2,2.51,97.48,100.0,空
2026-06-12,6151,晉倫,43.3,44.0,42.2,42.25,603,35,0,0,6.15,93.84,100.0,空
2026-06-12,6152,百一,15.05,15.4,15.0,15.0,1299,666,0,0,2.02,97.97,100.0,空
2026-06-12,6153,嘉聯益,20.7,22.3,20.7,22.25,28664,6823,0,66,13.42,86.57,100.0,多
2026-06-12,6154,順發,14.0,14.1,13.8,14.0,75,2,0,0,0.77,99.22,100.0,多
2026-06-12,6155,鈞寶,88.6,89.5,80.7,82.0,35767,-3847,0,-12,8.71,91.28,100.0,多
2026-06-12,6156,松上,20.4,21.15,20.25,20.55,3294,-474,0,78,5.21,94.78,100.0,多
2026-06-12,6158,禾昌,17.6,17.7,17.35,17.45,175,-26,0,0,0.77,99.22,100.0,空
2026-06-12,6160,欣技,16.8,16.9,16.5,16.6,88,-18,0,0,2.32,97.67,100.0,空
2026-06-12,6161,捷波,55.0,55.0,53.7,53.7,349,-37,0,1,3.48,96.51,100.0,空
2026-06-12,6163,華電網,50.6,52.0,50.6,51.3,1709,351,0,27,3.31,96.68,100.0,多
2026-06-12,6164,華興,12.4,12.95,12.4,12.8,919,533,0,0,6.82,93.17,100.0,空
2026-06-12,6165,浪凡,49.05,49.4,48.75,49.1,320,86,0,0,17.89,82.1,100.0,多
2026-06-12,6166,凌華,132.0,134.5,127.0,128.5,2238,388,0,-18,21.23,78.76,100.0,空
2026-06-12,6167,久正,11.65,11.8,11.55,11.6,370,76,0,0,4.73,95.26,100.0,空
2026-06-12,6168,宏齊,24.8,26.45,24.8,26.0,2951,630,0,0,3.0,96.99,100.0,空
2026-06-12,6169,昱泉,15.5,16.0,15.3,15.4,88,0,0,0,0.25,99.74,100.0,多
2026-06-12,6170,統振,52.4,52.8,52.1,52.3,461,97,0,0,3.72,96.27,100.0,多
2026-06-12,6171,大城地產,24.3,24.5,23.85,23.95,13,0,0,1,0.19,99.8,100.0,多
2026-06-12,6173,信昌電,276.5,276.5,267.0,276.5,20517,1884,652,-837,17.29,82.7,100.0,多
2026-06-12,6174,安碁,54.7,55.6,50.3,50.3,12160,-1292,0,2,5.82,94.17,100.0,空
2026-06-12,6175,立敦,107.0,109.0,98.5,98.6,15364,-2838,0,-82,20.11,79.88,100.0,空
2026-06-12,6176,瑞儀,92.3,93.4,91.1,91.3,6549,-267,-41,-127,30.13,69.86,100.0,空
2026-06-12,6177,達麗,47.9,48.15,47.0,47.15,2901,425,0,-95,7.18,92.81,100.0,多
2026-06-12,6179,亞通,23.8,24.5,23.35,24.0,1048,370,0,0,5.07,94.92,100.0,空
2026-06-12,6180,橘子,45.25,46.35,44.05,44.6,1498,-501,0,-4,22.41,77.58,100.0,多
2026-06-12,6182,合晶,88.9,88.9,87.0,88.9,9407,880,0,128,22.94,77.05,100.0,空
2026-06-12,6183,關貿,88.7,89.7,88.7,89.7,20,-1,0,0,1.02,98.97,100.0,空
2026-06-12,6184,大豐電,46.2,47.05,46.15,46.95,37,-1,0,0,2.8,16.19,19.0,多
2026-06-12,6185,幃翔,14.2,14.3,13.95,14.0,469,0,0,0,1.89,98.1,100.0,空
2026-06-12,6186,新潤,41.5,41.8,40.9,41.05,956,172,0,0,2.8,97.19,100.0,多
2026-06-12,6187,萬潤,1100.0,1110.0,1055.0,1085.0,1981,-306,0,-2,27.33,72.66,100.0,空
2026-06-12,6188,廣明,79.5,81.8,79.5,81.2,1392,589,0,20,9.76,90.23,100.0,空
2026-06-12,6189,豐藝,54.7,56.5,53.8,54.1,5307,-755,-6,8,7.19,92.8,100.0,多
2026-06-12,6190,萬泰科,82.0,82.6,79.6,80.4,3158,-302,0,-13,11.66,88.33,100.0,空
2026-06-12,6191,精成科,93.8,95.2,93.7,93.8,3113,542,-3,21,4.3,95.69,100.0,空
2026-06-12,6192,巨路,119.0,119.5,117.5,117.5,358,-112,0,-7,24.73,75.26,100.0,空
2026-06-12,6194,育富,32.75,32.75,32.55,32.55,52,-11,0,0,2.37,97.62,100.0,空
2026-06-12,6195,詩肯,27.55,27.6,27.4,27.55,105,1,0,0,45.08,54.91,100.0,多
2026-06-12,6196,帆宣,523.0,554.0,523.0,548.0,4102,375,623,51,17.31,82.68,100.0,空
2026-06-12,6197,佳必琪,330.5,335.5,318.0,327.5,4878,166,20,69,7.12,92.87,100.0,多
2026-06-12,6198,瑞築,20.6,21.3,20.6,20.8,8,1,0,0,0.04,99.95,100.0,多
2026-06-12,6199,天品,96.5,97.6,95.0,96.7,196,11,0,-8,5.44,94.55,100.0,多
2026-06-12,6201,亞弘電,47.05,47.6,47.05,47.2,18,1,0,0,1.14,98.85,100.0,空
2026-06-12,6202,盛群,56.9,59.4,56.6,59.4,9433,2998,0,46,12.67,87.32,100.0,空
2026-06-12,6203,海韻電,67.6,67.8,66.8,66.9,176,-37,0,-1,3.07,96.92,100.0,空
2026-06-12,6204,艾華,110.0,113.0,105.5,109.5,993,1,0,0,2.72,97.27,100.0,多
2026-06-12,6205,詮欣,80.0,86.5,80.0,86.5,3323,623,0,35,2.19,97.8,100.0,空
2026-06-12,6206,飛捷,135.0,136.5,130.5,131.0,1135,-167,-4,-7,15.51,84.48,100.0,空
2026-06-12,6207,雷科,131.0,134.0,124.0,124.0,17170,-363,0,16,7.81,92.18,100.0,空
2026-06-12,6208,日揚,82.8,86.9,79.8,86.9,814,13,0,2,2.57,97.42,100.0,空
2026-06-12,6209,今國光,82.1,84.8,80.0,82.4,13807,-1033,0,69,5.46,94.53,100.0,空
2026-06-12,6210,慶生,21.0,21.1,20.35,20.85,59,2,0,0,0.23,99.76,100.0,空
2026-06-12,6212,理銘,28.05,28.35,28.05,28.35,11,0,0,0,0.47,99.52,100.0,多
2026-06-12,6213,聯茂,260.0,263.5,249.5,252.5,9064,1469,-2,96,12.61,87.36,100.0,空
2026-06-12,6214,精誠,145.0,146.0,142.0,145.5,2285,-566,-1,-14,13.79,86.2,100.0,空
2026-06-12,6215,和椿,111.0,111.0,107.0,107.0,1172,-329,0,-27,6.32,93.67,100.0,空
2026-06-12,6216,居易,22.45,22.95,22.45,22.7,567,219,0,2,3.32,96.67,100.0,多
2026-06-12,6217,中探針,244.0,245.0,232.0,239.0,4300,-563,0,-1,17.93,82.06,100.0,空
2026-06-12,6218,豪勉,32.75,32.75,31.65,31.8,376,-15,0,0,0.93,99.06,100.0,空
2026-06-12,6219,富旺,12.75,13.2,12.7,13.1,294,40,0,0,2.2,97.79,100.0,多
2026-06-12,6220,岳豐,34.8,35.45,34.15,34.6,1198,-47,0,0,4.0,95.99,100.0,多
2026-06-12,6221,晉泰,24.25,24.25,23.6,23.6,92,15,0,0,1.28,98.71,100.0,多
2026-06-12,6222,立軒,20.75,20.75,20.75,20.75,1,0,0,0,0.11,99.88,100.0,空
2026-06-12,6223,旺矽,6480.0,6595.0,6320.0,6485.0,1698,-313,436,13,29.36,70.63,100.0,空
2026-06-12,6224,聚鼎,78.6,81.0,76.3,76.3,1407,-187,0,-1,4.96,95.03,100.0,空
2026-06-12,6225,天瀚,23.3,23.3,23.3,23.3,3,0,0,0,0.06,99.93,100.0,空
2026-06-12,6226,光鼎,12.2,12.45,11.9,12.1,1479,230,0,10,4.63,95.36,100.0,空
2026-06-12,6227,茂綸,131.0,135.0,126.0,126.0,1407,-13,0,6,6.49,93.5,100.0,空
2026-06-12,6228,全譜,21.6,21.6,21.6,21.6,1,0,0,0,0.18,99.81,100.0,多
2026-06-12,6229,研通,26.5,27.55,26.2,26.35,203,19,0,0,1.57,98.42,100.0,空
2026-06-12,6230,尼得科超眾,131.5,135.0,131.0,133.0,44,7,0,0,86.99,13.0,100.0,空
2026-06-12,6231,系微,279.0,279.0,266.0,267.5,671,-12,0,4,13.81,86.18,100.0,空
2026-06-12,6233,旺玖,23.5,24.1,23.4,23.5,310,16,0,0,6.05,93.94,100.0,空
2026-06-12,6234,高僑,45.15,46.05,43.05,43.1,1377,-67,0,-5,9.92,90.07,100.0,空
2026-06-12,6235,華孚,41.0,41.6,40.75,40.95,469,164,0,-3,3.61,96.38,100.0,空
2026-06-12,6236,中湛,0.0,0.0,0.0,0.0,0,0,0,0,0.02,99.97,100.0,空
2026-06-12,6237,驊訊,44.2,45.15,44.2,44.25,545,29,0,3,5.49,94.5,100.0,空
2026-06-12,6239,力成,346.0,363.5,322.5,347.5,93629,-10975,2974,974,37.4,62.59,100.0,空
2026-06-12,6240,松崗,17.85,17.85,17.85,17.85,3,1,0,0,0.25,99.74,100.0,多
2026-06-12,6241,鑫永洋,13.9,13.9,13.2,13.9,2061,-13,0,1,0.21,99.78,100.0,多
2026-06-12,6242,立康,38.0,38.8,38.0,38.15,14,0,0,0,0.49,99.5,100.0,空
2026-06-12,6243,迅杰,30.6,31.2,30.45,30.95,171,22,0,0,1.97,98.02,100.0,空
2026-06-12,6244,茂迪,32.25,33.8,30.9,31.1,32021,2157,0,51,22.27,77.72,100.0,多
2026-06-12,6245,立端,83.9,84.5,80.8,81.0,1129,-584,-1,-4,9.43,90.56,100.0,空
2026-06-12,6246,臺龍,15.2,15.9,15.15,15.35,56,-4,0,0,0.18,99.81,100.0,空
2026-06-12,6248,沛波,18.3,18.35,18.15,18.25,124,16,0,0,0.83,99.16,100.0,多
2026-06-12,6257,矽格,215.0,224.0,214.0,221.5,9227,3081,33,273,29.2,70.79,100.0,空
2026-06-12,6259,百徽,29.2,29.65,27.5,27.6,2532,-336,0,-3,39.39,60.6,100.0,多
2026-06-12,6261,久元,97.9,100.5,95.0,97.3,2720,-278,0,70,9.33,90.66,100.0,空
2026-06-12,6263,普萊德,161.5,164.5,157.0,158.5,287,-42,0,0,1.46,98.53,100.0,空
2026-06-12,6264,富裔,6.1,6.1,6.0,6.07,76,0,0,0,0.03,99.96,100.0,多
2026-06-12,6265,方土昶,59.4,62.2,58.7,58.9,15548,1537,0,35,9.13,90.86,100.0,空
2026-06-12,6266,泰詠,25.7,25.7,25.35,25.45,399,-112,0,0,1.98,98.01,100.0,空
2026-06-12,6269,台郡,68.0,72.3,67.7,72.3,8194,2390,-2,382,18.37,81.62,100.0,多
2026-06-12,6270,倍微,36.75,37.05,34.4,34.4,3244,-951,0,-10,5.58,94.41,100.0,多
2026-06-12,6271,同欣電,238.5,238.5,237.0,238.5,5785,-1004,1057,71,32.81,67.18,100.0,空
2026-06-12,6272,驊陞,36.5,36.5,35.0,35.25,366,-57,0,1,2.42,97.57,100.0,空
2026-06-12,6274,台燿,1580.0,1620.0,1430.0,1430.0,9417,-1724,443,-556,29.73,70.26,100.0,空
2026-06-12,6275,元山,47.9,47.9,47.2,47.4,223,-3,0,-1,2.07,97.92,100.0,空
2026-06-12,6276,安鈦克,25.85,25.9,25.0,25.0,53,1,0,0,1.62,98.37,100.0,空
2026-06-12,6277,宏正,73.6,75.0,73.6,74.4,194,51,0,-4,9.26,90.73,100.0,空
2026-06-12,6278,台表科,201.0,211.0,200.0,211.0,12401,1887,479,72,20.97,79.02,100.0,空
2026-06-12,6279,胡連,122.0,123.0,120.0,120.5,617,9,-1,0,4.28,95.71,100.0,空
2026-06-12,6281,全國電,51.5,51.6,51.2,51.6,65,10,0,2,2.41,97.58,100.0,多
2026-06-12,6282,康舒,59.7,60.9,58.0,58.1,32042,1969,31,-1008,18.59,81.4,100.0,空
2026-06-12,6283,淳安,23.5,23.95,23.15,23.8,298,120,0,10,18.45,81.54,100.0,空
2026-06-12,6284,佳邦,100.0,103.5,97.5,98.6,6232,125,0,46,10.63,89.36,100.0,空
2026-06-12,6285,啟碁,291.0,296.0,269.0,270.0,24730,-4214,-78,74,23.16,76.83,100.0,空
2026-06-12,6290,良維,309.5,312.5,300.5,301.5,3574,-972,0,14,17.39,82.6,100.0,空
2026-06-12,6291,沛亨,517.0,544.0,517.0,536.0,649,-44,0,-4,3.33,96.66,100.0,空
2026-06-12,6292,迅德,60.5,62.9,59.5,60.5,391,-8,0,-2,1.33,98.66,100.0,空
2026-06-12,6294,智基,29.0,29.0,28.0,28.25,30,-4,0,0,0.65,99.34,100.0,多
2026-06-12,6405,悅城,79.0,80.0,69.3,69.3,4382,-952,0,47,3.6,96.39,100.0,空
2026-06-12,6407,相互,29.25,30.6,29.2,29.9,516,0,0,0,0.0,0.0,0.0,空
2026-06-12,6409,旭隼,863.0,930.0,861.0,930.0,1641,276,-2,75,53.46,46.53,100.0,多
2026-06-12,6411,晶焱,96.9,102.0,96.8,97.7,1815,443,0,14,10.25,89.74,100.0,空
2026-06-12,6412,群電,93.2,94.8,91.6,91.7,2642,-131,-2,128,7.89,92.1,100.0,空
2026-06-12,6414,樺漢,409.0,409.0,375.5,375.5,2474,-915,-9,-66,35.91,64.08,100.0,空
2026-06-12,6415,矽力*-KY,509.0,509.0,478.0,487.0,4306,-1178,14,-8,80.82,19.17,100.0,空
2026-06-12,6416,瑞祺電通,82.5,84.1,82.5,83.0,135,18,0,-1,4.81,95.18,100.0,空
2026-06-12,6417,韋僑,133.5,135.0,128.0,133.0,108,3,0,0,10.56,89.43,100.0,空
2026-06-12,6418,詠昇,32.2,33.0,31.45,32.0,204,-44,0,0,2.7,97.29,100.0,多
2026-06-12,6419,京晨科,154.0,154.0,142.5,145.0,1262,-18,0,0,9.25,90.74,100.0,空
2026-06-12,6423,億而得-創,79.4,82.0,79.2,80.4,162,-29,0,0,4.45,95.54,100.0,空
2026-06-12,6423,億而得,79.4,82.0,79.2,80.4,162,-29,0,0,4.45,95.54,100.0,空
2026-06-12,6425,易發,77.0,78.9,75.2,75.2,972,-18,0,0,3.46,96.53,100.0,空
2026-06-12,6426,統新,207.0,207.0,193.5,193.5,1051,-127,0,0,9.18,90.81,100.0,空
2026-06-12,6428,台灣淘米,14.49,14.6,13.9,13.9,7,0,0,0,0.0,0.0,0.0,多
2026-06-12,6431,光麗-KY,18.45,18.75,17.6,18.7,158,-6,0,0,56.51,43.48,100.0,空
2026-06-12,6432,今展科,76.5,77.8,70.1,70.1,5739,-734,0,6,5.55,94.44,100.0,多
2026-06-12,6434,達輝光電,17.32,18.75,17.15,18.25,740,16,0,0,0.0,0.0,0.0,空
2026-06-12,6435,大中,277.5,282.5,269.0,274.5,502,8,0,7,14.09,85.9,100.0,空
2026-06-12,6438,迅得,147.5,150.5,146.5,149.5,405,-21,0,7,5.98,94.01,100.0,空
2026-06-12,6441,廣錠,23.3,23.65,23.3,23.3,45,-8,0,0,0.63,99.36,100.0,空
2026-06-12,6442,光聖,1900.0,1900.0,1820.0,1855.0,860,30,-71,-13,32.99,67.0,100.0,空
2026-06-12,6443,元晶,41.8,43.8,41.65,41.75,44726,13937,0,200,15.9,84.09,100.0,空
2026-06-12,6446,藥華藥,960.0,968.0,926.0,949.0,1923,87,-1,3,24.46,75.53,100.0,空
2026-06-12,6449,鈺邦,420.5,421.0,420.5,421.0,1045,-51,0,6,5.89,94.1,100.0,空
2026-06-12,6451,訊芯-KY,530.0,530.0,500.0,502.0,4236,-693,-1,-13,68.19,31.8,100.0,空
2026-06-12,6456,GIS-KY,72.0,72.9,70.3,71.1,4096,-516,0,-19,45.48,54.51,100.0,空
2026-06-12,6461,益得,15.65,15.95,15.5,15.75,58,1,0,0,0.57,99.42,100.0,多
2026-06-12,6462,神盾,113.5,113.5,110.0,110.5,900,-8,0,2,20.29,79.7,100.0,空
2026-06-12,6464,台數科,77.9,78.1,77.6,78.0,78,17,0,0,0.82,19.16,19.99,空
2026-06-12,6465,威潤,58.1,60.9,57.0,60.9,1399,251,0,0,3.08,96.91,100.0,多
2026-06-12,6467,泰合,117.56,120.5,118.0,120.0,80,0,0,0,0.0,0.0,0.0,空
2026-06-12,6469,大樹,76.9,77.6,75.6,76.5,802,-200,0,0,5.5,94.49,100.0,多
2026-06-12,6470,宇智,49.0,49.0,48.05,48.35,68,-20,0,2,6.75,93.24,100.0,空
2026-06-12,6472,保瑞,384.0,391.0,383.0,390.5,706,193,-1,2,10.55,89.44,100.0,多
2026-06-12,6473,美賣*,8.14,8.15,7.74,7.78,1150,0,0,0,0.0,0.0,0.0,空
2026-06-12,6474,華豫寧,38.0,38.7,37.95,38.1,34,1,0,0,0.29,99.7,100.0,空
2026-06-12,6477,安集,33.85,35.45,33.5,33.5,2467,205,0,-1,3.34,96.65,100.0,空
2026-06-12,6482,弘煜科,29.75,30.3,29.65,29.7,13,-1,0,0,2.41,97.58,100.0,多
2026-06-12,6483,原創生醫,12.57,12.8,12.45,12.6,64,0,0,0,0.0,0.0,0.0,多
2026-06-12,6485,點序,90.3,90.4,87.1,88.0,853,6,0,0,12.26,87.73,100.0,空
2026-06-12,6486,互動,82.0,82.0,81.4,81.6,61,13,0,0,3.84,96.15,100.0,多
2026-06-12,6488,環球晶,850.0,864.0,850.0,864.0,1555,147,0,13,26.15,73.84,100.0,空
2026-06-12,6491,晶碩,327.5,327.5,316.0,317.5,478,79,0,-3,13.2,86.79,100.0,空
2026-06-12,6492,生華科,43.95,44.75,43.4,44.3,130,41,0,0,6.96,93.03,100.0,多
2026-06-12,6493,雷虎生,26.44,26.9,26.1,26.4,20,0,0,0,0.0,0.0,0.0,空
2026-06-12,6494,九齊,57.9,59.8,57.3,57.9,536,115,0,0,10.41,89.58,100.0,空
2026-06-12,6496,科懋,24.65,24.65,24.25,24.4,6,-1,0,0,0.31,99.68,100.0,多
2026-06-12,6498,久禾光,99.2,100.0,98.3,98.3,114,29,0,-1,2.19,97.8,100.0,空
2026-06-12,6499,益安,72.7,74.5,72.4,74.5,371,-40,0,0,13.82,86.17,100.0,空
2026-06-12,6504,南六,36.5,36.5,35.45,35.6,37,-11,0,0,0.83,99.16,100.0,空
2026-06-12,6505,台塑化,51.5,53.0,51.4,52.8,5713,2514,-23,-123,6.16,93.83,100.0,多
2026-06-12,6506,雙邦,18.55,18.75,18.55,18.7,125,27,0,0,0.95,99.04,100.0,空
2026-06-12,6508,惠光,23.35,23.45,23.3,23.4,67,-7,0,0,0.95,99.04,100.0,多
2026-06-12,6509,聚和,46.65,47.3,46.1,46.25,1834,307,23,-11,11.59,88.4,100.0,空
2026-06-12,6510,精測,3465.0,3620.0,3370.0,3610.0,1074,-65,144,13,21.28,78.71,100.0,多
2026-06-12,6512,啟發電,19.55,19.7,19.55,19.65,10,0,0,0,0.07,99.92,100.0,多
2026-06-12,6515,穎崴,9495.0,9590.0,9235.0,9590.0,613,39,99,18,20.87,79.12,100.0,多
2026-06-12,6516,勤崴國際,56.0,56.5,55.8,56.2,31,8,0,0,1.2,98.79,100.0,空
2026-06-12,6517,保勝光學,71.7,72.9,66.6,66.6,3165,-175,0,-1,3.3,96.69,100.0,多
2026-06-12,6518,康科特,29.13,30.0,28.9,30.0,2,0,0,0,0.0,0.0,0.0,空
2026-06-12,6523,達爾膚,97.5,98.9,97.5,98.8,24,1,0,0,1.5,98.49,100.0,多
2026-06-12,6525,捷敏-KY,120.0,127.0,119.0,125.5,2673,264,-1,-3,14.62,85.37,100.0,空
2026-06-12,6526,達發,646.0,646.0,630.0,633.0,381,29,-1,2,6.81,93.18,100.0,空
2026-06-12,6527,明達醫,71.5,71.5,71.5,71.5,11,0,0,0,0.19,99.8,100.0,多
2026-06-12,6530,創威,99.0,99.5,96.2,97.3,668,-20,0,0,4.73,95.26,100.0,空
2026-06-12,6531,愛普*,940.0,974.0,920.0,932.0,4366,-395,-255,0,29.6,70.39,100.0,空
2026-06-12,6532,瑞耘,90.8,91.0,88.3,88.9,538,6,0,0,6.87,93.12,100.0,空
2026-06-12,6533,晶心科,204.5,205.0,201.0,201.0,301,35,0,0,10.67,89.32,100.0,空
2026-06-12,6534,正瀚-創,90.1,90.1,88.9,89.7,42,11,0,-1,40.66,59.33,100.0,空
2026-06-12,6535,順藥,107.0,108.0,104.5,107.0,189,70,0,0,5.44,94.55,100.0,空
2026-06-12,6536,碩豐,20.75,20.75,20.25,20.25,9,0,0,0,0.0,0.0,0.0,空
2026-06-12,6538,倉和,98.1,99.9,94.8,95.3,578,-101,0,-21,7.7,92.29,100.0,空
2026-06-12,6539,麗彤,41.5,41.55,41.5,41.55,0,0,0,0,0.0,0.0,0.0,多
2026-06-12,6541,泰福-KY,39.0,39.7,38.9,39.45,233,67,0,0,13.82,86.17,100.0,空
2026-06-12,6542,隆中,47.6,47.6,45.1,47.2,7,-1,0,0,17.99,82.0,100.0,多
2026-06-12,6543,普惠醫工,19.74,20.0,19.1,19.2,172,2,0,0,0.0,0.0,0.0,空
2026-06-12,6546,正基,74.5,75.5,73.6,74.0,446,181,0,3,10.68,89.31,100.0,空
2026-06-12,6547,高端疫苗,46.0,46.25,45.6,46.0,796,59,0,0,3.64,96.35,100.0,多
2026-06-12,6548,長科*,89.1,89.7,85.7,88.0,2846,276,0,94,6.01,93.98,100.0,多
2026-06-12,6549,景凱,7.37,7.56,7.26,7.35,120,7,0,0,0.0,0.0,0.0,空
2026-06-12,6550,北極星藥業-KY,13.55,13.55,13.05,13.2,1181,-265,0,-1,68.67,31.32,100.0,多
2026-06-12,6552,易華電,29.5,30.15,29.5,30.0,219,12,0,-6,1.32,98.67,100.0,空
2026-06-12,6555,榮炭,19.44,20.1,19.15,19.75,141,-7,0,0,0.0,0.0,0.0,空
2026-06-12,6556,勝品,71.8,72.4,71.6,72.4,7,0,0,0,0.58,99.41,100.0,多
2026-06-12,6558,興能高,31.1,31.1,30.5,30.7,401,129,0,0,1.46,98.53,100.0,空
2026-06-12,6559,研晶,19.9,21.0,19.9,21.0,78,6,0,0,0.0,0.0,0.0,空
2026-06-12,6560,欣普羅,37.55,37.55,36.6,37.0,136,-12,0,0,4.64,95.35,100.0,空
2026-06-12,6561,是方,340.0,343.5,338.0,339.0,122,-42,0,0,6.56,93.43,100.0,空
2026-06-12,6563,映智,26.85,27.75,26.2,27.3,39,0,0,0,0.0,0.0,0.0,空
2026-06-12,6564,安特羅,16.99,17.35,16.75,17.3,41,1,0,0,0.0,0.0,0.0,空
2026-06-12,6565,物聯,19.82,20.7,19.7,20.7,78,3,0,0,0.0,0.0,0.0,空
2026-06-12,6568,宏觀,181.5,182.0,176.5,176.5,229,-20,0,35,6.77,93.22,100.0,空
2026-06-12,6569,醫揚,114.5,114.5,112.0,113.0,48,-9,0,0,3.23,96.76,100.0,多
2026-06-12,6570,維田,58.8,59.0,56.9,57.3,328,-36,0,0,1.88,98.11,100.0,空
2026-06-12,6572,博錸,7.34,7.65,6.96,7.3,105,-7,0,0,0.0,0.0,0.0,空
2026-06-12,6573,虹揚-KY,15.85,15.85,14.5,14.7,270,-114,0,-1,54.69,45.3,100.0,空
2026-06-12,6574,霈方,121.5,121.5,114.5,117.0,120,-36,0,0,0.82,99.17,100.0,多
2026-06-12,6576,逸達,79.9,79.9,79.0,79.1,105,31,0,0,22.43,77.56,100.0,多
2026-06-12,6577,勁豐,79.6,80.3,79.6,80.0,41,-3,0,0,1.03,98.96,100.0,空
2026-06-12,6578,達邦蛋白,17.35,17.5,16.6,16.65,90,-17,0,0,0.73,99.26,100.0,多
2026-06-12,6579,研揚,168.0,168.0,161.5,163.0,474,-183,-1,0,3.36,96.63,100.0,空
2026-06-12,6580,台睿,13.97,15.0,14.0,14.5,148,9,0,0,0.0,0.0,0.0,空
2026-06-12,6581,鋼聯,109.0,109.0,108.5,109.0,10,2,0,1,1.02,98.97,100.0,空
2026-06-12,6582,申豐,31.35,31.65,31.0,31.5,36,4,0,1,13.07,86.92,100.0,多
2026-06-12,6583,友松,12.03,12.5,12.05,12.5,19,0,0,0,0.0,0.0,0.0,空
2026-06-12,6584,南俊國際,575.0,596.0,571.0,585.0,561,26,0,2,12.14,87.85,100.0,空
2026-06-12,6585,鼎基,130.5,136.5,127.5,136.0,1908,203,0,3,3.61,96.38,100.0,多
2026-06-12,6586,醣基,68.13,69.0,65.8,66.8,612,3,0,0,0.0,0.0,0.0,空
2026-06-12,6588,東典光電,104.0,108.0,102.0,102.0,1076,-61,0,0,2.52,97.47,100.0,空
2026-06-12,6589,台康生技,44.5,45.35,44.2,44.85,954,355,0,-4,4.36,95.63,100.0,多
2026-06-12,6590,普鴻,66.0,66.5,66.0,66.5,20,0,0,0,0.06,99.93,100.0,多
2026-06-12,6591,動力-KY,55.4,55.8,54.9,55.4,157,-6,0,0,19.45,80.54,100.0,空
2026-06-12,6592,和潤企業,66.8,66.9,64.9,65.3,659,-130,0,1,26.4,73.59,100.0,多
2026-06-12,6593,台灣銘板,34.15,34.95,33.55,34.95,186,-16,0,-2,1.42,98.57,100.0,多
2026-06-12,6595,光禹國際,30.2,31.0,31.0,31.0,0,0,0,0,0.0,0.0,0.0,多
2026-06-12,6596,寬宏藝術,93.6,95.8,93.6,94.6,172,28,0,0,1.53,98.46,100.0,多
2026-06-12,6597,立誠,69.5,69.5,64.8,69.5,20,0,0,0,0.04,99.95,100.0,空
2026-06-12,6598,ABC-KY,24.95,24.95,24.15,24.6,94,-17,0,-4,23.76,76.23,100.0,空
2026-06-12,6599,普達系統,46.48,46.5,43.7,44.5,12,-1,0,0,0.0,0.0,0.0,多
2026-06-12,6603,富強鑫,22.8,22.8,22.1,22.2,581,-5,0,-1,1.78,98.21,100.0,空
2026-06-12,6604,儒億,33.45,35.0,33.55,34.2,45,2,0,0,0.0,0.0,0.0,空
2026-06-12,6605,帝寶,141.5,143.0,141.0,141.0,434,-4,-1,-1,15.25,84.74,100.0,多
2026-06-12,6606,建德工業,26.3,26.35,25.7,26.2,191,15,0,0,3.34,96.65,100.0,空
2026-06-12,6609,瀧澤科,41.75,42.75,41.6,41.9,320,-14,0,0,53.1,46.89,100.0,空
2026-06-12,6610,安成生技,26.4,28.15,26.65,26.9,85,-4,0,0,0.0,0.0,0.0,空
2026-06-12,6612,奈米醫材,72.0,73.3,72.0,73.3,22,4,0,0,26.04,73.95,100.0,空
2026-06-12,6613,朋億*,315.0,315.0,304.0,311.5,1921,304,0,81,8.25,91.74,100.0,多
2026-06-12,6614,資拓宏宇,40.0,40.3,39.75,39.95,111,39,0,-10,0.79,99.2,100.0,多
2026-06-12,6615,慧智,33.2,35.85,33.0,35.5,41,-3,0,0,0.25,99.74,100.0,多
2026-06-12,6616,特昇-KY,9.86,9.93,9.6,9.6,28,0,0,0,55.99,44.0,100.0,多
2026-06-12,6617,共信-KY,68.1,69.3,67.7,68.8,134,34,0,0,38.48,61.51,100.0,空
2026-06-12,6618,永虹先進,18.12,18.8,18.0,18.15,412,-3,0,0,0.0,0.0,0.0,空
2026-06-12,6620,漢達,69.0,69.0,67.4,68.0,530,-262,0,10,24.96,75.03,100.0,空
2026-06-12,6621,華宇藥,11.27,11.75,11.25,11.65,84,8,0,0,0.0,0.0,0.0,空
2026-06-12,6622,百聿數碼,6.85,7.04,6.81,6.81,3,0,0,0,0.0,0.0,0.0,空
2026-06-12,6624,萬年清,43.45,44.95,42.05,42.95,16,-3,0,0,0.37,99.62,100.0,多
2026-06-12,6625,必應,77.7,78.7,77.3,77.5,309,-19,0,-6,1.39,98.6,100.0,多
2026-06-12,6629,泰金-KY,113.5,116.5,113.0,115.5,60,-9,0,0,76.99,23.0,100.0,空
2026-06-12,6634,欣耀,53.45,56.0,54.6,55.4,89,-16,0,0,0.0,0.0,0.0,空
2026-06-12,6637,醫影,62.1,62.7,62.1,62.5,27,0,0,0,0.19,99.8,100.0,空
2026-06-12,6638,沅聖,54.01,56.3,53.6,55.2,13,0,0,0,0.0,0.0,0.0,空
2026-06-12,6639,源大環能,6.78,7.0,6.3,6.6,164,0,0,0,0.0,0.0,0.0,空
2026-06-12,6640,均華,1115.0,1115.0,1075.0,1080.0,238,-72,0,15,8.4,91.59,100.0,空
2026-06-12,6641,基士德-KY,18.4,18.6,18.25,18.35,28,-2,0,6,30.0,69.99,100.0,空
2026-06-12,6642,富致,86.2,87.8,83.0,83.1,839,-81,0,0,1.82,98.17,100.0,空
2026-06-12,6643,M31,479.5,479.5,467.5,472.0,374,-1,0,7,11.27,88.72,100.0,空
2026-06-12,6645,金萬林-創,12.95,14.15,12.95,14.15,142,87,0,-10,0.82,99.17,100.0,多
2026-06-12,6648,斯其大,16.45,17.15,16.4,17.1,3,0,0,0,0.0,0.0,0.0,多
2026-06-12,6649,台生材,38.85,38.85,38.0,38.8,10,-2,0,0,3.84,96.15,100.0,多
2026-06-12,6650,帝圖,26.25,28.1,26.7,28.1,7,0,0,0,0.0,0.0,0.0,空
2026-06-12,6651,全宇昕,130.0,136.5,130.0,133.0,199,51,0,3,4.83,95.16,100.0,空
2026-06-12,6654,天正國際,174.0,175.0,168.0,171.5,45,0,0,0,0.58,99.41,100.0,多
2026-06-12,6655,科定,120.5,120.5,120.5,120.5,1,1,0,0,0.51,99.48,100.0,空
2026-06-12,6657,華安,34.0,35.6,32.95,34.5,283,30,0,0,7.31,92.68,100.0,空
2026-06-12,6658,聯策,183.0,184.0,171.0,171.5,879,27,0,-239,4.3,95.69,100.0,空
2026-06-12,6659,天明製藥,19.7,20.4,19.45,20.4,88,0,0,0,0.0,0.0,0.0,多
2026-06-12,6661,威健生技,16.0,16.0,16.0,16.0,3,0,0,0,0.0,99.99,100.0,空
2026-06-12,6662,樂斯科,30.2,30.2,30.2,30.2,2,-1,0,0,0.2,99.79,100.0,多
2026-06-12,6664,群翊,375.0,375.0,362.5,368.0,327,29,0,-6,7.59,92.4,100.0,空
2026-06-12,6665,康聯生醫,19.21,19.45,18.65,19.45,4,0,0,0,0.0,0.0,0.0,空
2026-06-12,6666,羅麗芬-KY,43.45,44.2,42.85,43.6,76,-7,0,-1,75.31,24.68,100.0,多
2026-06-12,6667,信紘科,269.0,273.0,267.0,269.5,482,107,0,23,8.93,91.06,100.0,空
2026-06-12,6668,中揚光,38.7,39.05,38.0,38.05,398,-33,0,-1,9.73,90.26,100.0,空
2026-06-12,6669,緯穎,5120.0,5135.0,4845.0,4850.0,1921,-314,-177,49,30.22,69.77,100.0,空
2026-06-12,6670,復盛應用,282.0,288.0,281.5,285.0,508,-68,63,-19,25.04,74.95,100.0,多
2026-06-12,6671,三能-KY,25.65,26.4,25.65,26.1,87,6,0,-2,39.8,60.19,100.0,空
2026-06-12,6672,騰輝電子-KY,219.0,228.0,218.5,221.0,3491,973,-1,64,19.04,80.95,100.0,空
2026-06-12,6673,和詮,14.83,16.1,14.9,15.6,183,-6,0,0,0.0,0.0,0.0,空
2026-06-12,6674,鋐寶科技,17.15,17.5,17.15,17.2,10,-1,0,0,0.49,99.5,100.0,空
2026-06-12,6676,祥翊,12.71,13.3,12.65,12.95,138,-2,0,0,0.0,0.0,0.0,空
2026-06-12,6677,瑩碩生技,17.09,17.15,16.5,17.1,61,-5,0,0,0.0,0.0,0.0,空
2026-06-12,6679,鈺太,275.0,275.0,266.5,268.0,124,-17,0,0,9.9,90.09,100.0,空
2026-06-12,6680,鑫創電子,55.6,55.6,54.1,54.3,11,3,0,0,0.17,99.82,100.0,空
2026-06-12,6682,華旭先進,63.4,68.9,62.1,63.9,1504,7,0,0,0.0,0.0,0.0,空
2026-06-12,6683,雍智科技,1475.0,1495.0,1435.0,1445.0,785,-130,0,-5,17.35,82.64,100.0,空
2026-06-12,6684,安格,49.9,51.3,49.7,49.7,295,-17,0,0,1.97,98.02,100.0,多
2026-06-12,6689,伊雲谷,68.4,68.4,67.2,67.2,148,4,0,0,4.64,95.35,100.0,空
2026-06-12,6690,安碁資訊,179.0,184.0,175.5,175.5,276,-2,0,5,4.54,95.45,100.0,空
2026-06-12,6691,洋基工程,643.0,699.0,643.0,689.0,2694,1542,-2,60,17.27,82.72,100.0,多
2026-06-12,6692,進能服,25.1,25.5,25.0,25.15,26,-9,0,0,0.14,99.85,100.0,空
2026-06-12,6693,廣閎科,159.5,170.5,154.5,169.0,2016,47,0,124,12.74,87.25,100.0,多
2026-06-12,6695,芯鼎,51.0,51.4,50.3,50.3,557,53,0,-1,2.74,97.25,100.0,空
2026-06-12,6696,仁新,385.19,395.0,385.0,389.0,162,0,0,0,0.0,0.0,0.0,多
2026-06-12,6697,東捷資訊,42.65,42.65,41.25,41.9,31,-3,0,-1,0.74,99.25,100.0,空
2026-06-12,6698,旭暉應材,38.55,38.7,37.5,38.3,673,-67,0,0,1.79,98.2,100.0,空
2026-06-12,6703,軒郁,110.5,113.0,109.5,111.5,77,9,0,0,13.92,86.07,100.0,多
2026-06-12,6704,國璽幹細胞,20.78,21.15,20.35,20.95,116,-1,0,0,0.0,0.0,0.0,多
2026-06-12,6705,振躍精密,90.76,94.4,90.7,93.0,27,2,0,0,0.0,0.0,0.0,空
2026-06-12,6706,惠特,170.0,177.0,163.5,167.0,8979,-860,-1293,5,6.76,93.23,100.0,空
2026-06-12,6707,富基電通,32.47,34.45,32.85,34.3,134,-6,0,0,0.0,0.0,0.0,空
2026-06-12,6708,天擎,39.5,39.5,39.05,39.2,11,-1,0,0,3.22,96.77,100.0,空
2026-06-12,6709,昱厚生技,24.83,25.3,24.6,25.0,41,0,0,0,0.0,0.0,0.0,空
2026-06-12,6712,長聖,137.0,138.0,135.5,136.5,177,4,0,0,2.77,97.22,100.0,多
2026-06-12,6715,嘉基,388.0,406.0,381.0,391.5,337,4,0,1,3.28,96.71,100.0,空
2026-06-12,6716,應廣,89.5,93.2,88.7,90.9,465,4,0,0,3.85,96.14,100.0,空
2026-06-12,6719,力智,222.0,224.5,219.0,219.0,842,106,-1,22,6.02,93.97,100.0,空
2026-06-12,6720,久昌,151.5,153.5,148.5,149.0,219,-16,0,0,1.21,98.78,100.0,多
2026-06-12,6721,信實,59.3,59.3,58.5,59.2,17,0,0,0,0.02,99.97,100.0,多
2026-06-12,6722,輝創,39.2,39.2,38.5,38.8,45,-12,0,0,2.6,97.39,100.0,多
2026-06-12,6723,傑智環境,36.84,37.65,35.75,37.45,65,1,0,0,0.0,0.0,0.0,空
2026-06-12,6725,矽科宏晟,277.0,289.0,277.0,283.5,157,1,0,7,3.83,96.16,100.0,空
2026-06-12,6727,亞泰金屬,420.0,421.0,395.5,399.0,1233,-179,0,1,10.81,89.18,100.0,空
2026-06-12,6728,上洋,109.0,110.0,109.0,110.0,15,4,0,0,0.72,99.27,100.0,多
2026-06-12,6729,機光科技,51.53,53.0,51.0,53.0,26,-3,0,0,0.0,0.0,0.0,空
2026-06-12,6730,常廣,35.1,36.0,35.1,36.0,2,0,0,0,0.0,99.99,100.0,多
2026-06-12,6732,昇佳電子,152.5,155.0,152.5,153.0,92,9,0,0,5.27,94.72,100.0,空
2026-06-12,6733,博晟生醫,25.8,25.8,25.5,25.55,99,14,0,0,1.48,98.51,100.0,多
2026-06-12,6734,安盛生,7.08,7.14,6.86,7.14,40,0,0,0,0.0,0.0,0.0,多
2026-06-12,6735,美達科技,93.5,97.0,91.1,91.8,289,35,0,0,2.45,97.54,100.0,空
2026-06-12,6737,秀育,29.12,29.4,28.6,29.4,13,0,0,0,0.0,0.0,0.0,空
2026-06-12,6738,鼎恒,65.59,66.7,65.0,66.2,82,3,0,0,0.0,0.0,0.0,多
2026-06-12,6739,竹陞科技,1150.0,1185.0,1110.0,1170.0,202,-5,0,11,2.14,97.85,100.0,空
2026-06-12,6741,91APP*-KY,61.1,63.3,61.1,62.6,279,140,0,1,42.36,57.63,100.0,空
2026-06-12,6742,澤米,57.2,57.3,52.5,52.8,2058,-63,0,-1,1.79,98.2,100.0,空
2026-06-12,6743,安普新,29.7,29.9,28.85,28.9,653,-187,0,2,3.66,96.33,100.0,空
2026-06-12,6744,豐技生技,15.7,15.9,15.9,15.9,1,0,0,0,0.0,0.0,0.0,空
2026-06-12,6748,亞果生醫,123.08,125.5,114.0,120.5,702,15,0,0,0.0,0.0,0.0,多
2026-06-12,6750,泰創工程,62.27,64.9,62.0,63.8,198,11,0,0,0.0,0.0,0.0,空
2026-06-12,6751,智聯服務,47.7,48.7,47.7,48.7,26,-14,0,-1,0.63,99.36,100.0,多
2026-06-12,6752,叡揚,100.0,100.0,99.0,100.0,10,-1,0,0,2.74,97.25,100.0,空
2026-06-12,6753,龍德造船,122.5,122.5,120.0,120.0,271,22,0,1,2.45,7.04,9.5,空
2026-06-12,6754,匯僑設計,45.15,45.2,44.8,45.0,20,-2,0,1,15.46,84.53,100.0,多
2026-06-12,6755,連鋐科技,16.51,16.55,15.8,16.55,87,-12,0,0,0.0,0.0,0.0,空
2026-06-12,6756,威鋒電子,95.9,98.6,95.7,96.5,261,81,0,0,2.7,97.29,100.0,空
2026-06-12,6757,台灣虎航-創,56.5,57.2,55.8,56.6,3443,322,-1,62,5.54,44.44,49.99,空
2026-06-12,6757,台灣虎航,56.5,57.2,55.8,56.6,3443,322,-1,62,5.54,44.44,49.99,空
2026-06-12,6758,冠亞,29.45,30.0,29.45,30.0,1,0,0,0,0.0,0.0,0.0,空
2026-06-12,6761,穩得,201.5,203.5,197.0,197.0,312,-28,0,0,5.52,94.47,100.0,空
2026-06-12,6762,達亞,0.0,0.0,0.0,0.0,0,0,0,0,5.85,94.14,100.0,空
2026-06-12,6763,綠界科技,49.2,49.2,48.0,48.2,847,-390,0,2,1.23,98.76,100.0,多
2026-06-12,6763,綠界科技*,49.2,49.2,48.0,48.2,847,-390,0,2,1.23,98.76,100.0,多
2026-06-12,6767,台微醫,25.4,25.55,25.4,25.5,7,0,0,0,0.23,99.76,100.0,空
2026-06-12,6768,志強-KY,97.2,97.5,91.5,91.6,783,-26,-1,-15,56.89,43.1,100.0,多
2026-06-12,6770,力積電,68.0,68.0,67.0,67.2,65105,-22792,82,1738,15.91,84.08,100.0,空
2026-06-12,6771,平和環保-創,41.9,42.75,41.9,42.0,28,0,0,1,0.65,99.34,100.0,多
2026-06-12,6775,穎台科技,41.03,43.0,40.8,41.35,460,-19,0,0,0.0,0.0,0.0,空
2026-06-12,6776,展碁國際,60.2,60.8,59.5,59.5,287,-9,0,8,2.32,97.67,100.0,多
2026-06-12,6780,學習王,41.05,0.0,0.0,0.0,0,0,0,0,0.0,0.0,0.0,空
2026-06-12,6781,AES-KY,1180.0,1190.0,1140.0,1145.0,1238,-220,0,-3,67.52,32.47,100.0,空
2026-06-12,6782,視陽,195.0,196.0,192.5,194.5,143,50,0,-9,7.94,92.05,100.0,多
2026-06-12,6784,天凱科技,24.79,25.65,24.3,25.45,303,0,0,0,0.0,0.0,0.0,空
2026-06-12,6785,昱展新藥,114.0,118.5,113.5,118.5,101,33,0,0,8.11,91.88,100.0,多
2026-06-12,6786,芯測,84.12,89.0,83.6,88.3,204,12,0,0,0.0,0.0,0.0,空
2026-06-12,6787,晶瑞光,30.25,34.75,30.9,33.9,1409,105,0,0,0.0,0.0,0.0,空
2026-06-12,6788,華景電,422.5,428.0,409.0,421.0,1230,-97,0,26,10.41,89.58,100.0,空
2026-06-12,6789,采鈺,475.0,490.5,470.0,481.5,2703,460,-2,9,3.76,96.23,100.0,空
2026-06-12,6790,永豐實,39.85,39.85,39.55,39.65,210,-50,0,0,1.96,98.03,100.0,多
2026-06-12,6791,虎門科技,103.0,104.5,102.5,102.5,35,0,0,0,11.87,88.12,100.0,空
2026-06-12,6792,詠業,67.0,68.0,66.1,67.3,105,26,0,5,2.15,97.84,100.0,空
2026-06-12,6793,天力離岸,4.96,5.1,4.86,4.97,98,-5,0,0,0.0,0.0,0.0,多
2026-06-12,6794,向榮生技-創,80.6,81.0,79.7,80.1,51,-4,0,2,0.45,99.54,100.0,空
2026-06-12,6794,向榮生技,80.6,81.0,79.7,80.1,51,-4,0,2,0.45,99.54,100.0,空
2026-06-12,6796,晉弘,58.3,59.5,58.3,58.8,58,-6,0,1,15.57,84.42,100.0,多
2026-06-12,6797,圓點奈米,12.97,13.65,12.5,13.6,147,0,0,0,0.0,0.0,0.0,空
2026-06-12,6798,展逸,49.82,50.5,50.5,50.5,3,0,0,0,0.0,0.0,0.0,空
2026-06-12,6799,來頡,85.8,87.4,85.2,86.5,402,56,0,-2,9.02,90.94,100.0,空
2026-06-12,6803,崑鼎,287.5,289.0,287.0,288.5,42,9,0,-1,3.28,96.71,100.0,多
2026-06-12,6804,明係,16.45,16.5,16.25,16.3,20,-2,0,0,4.18,95.81,100.0,多
2026-06-12,6805,富世達,1805.0,1855.0,1745.0,1825.0,1758,-532,742,8,18.54,81.45,100.0,空
2026-06-12,6806,森崴能源,4.04,4.04,4.04,4.04,1017,0,0,0,2.39,97.6,100.0,多
2026-06-12,6807,峰源-KY,33.6,34.3,33.15,33.6,12,-2,0,0,43.54,56.45,100.0,多
2026-06-12,6808,三鼎生技,25.28,26.1,25.0,25.6,64,-3,0,0,0.0,0.0,0.0,空
2026-06-12,6810,新穎生醫,27.25,28.35,26.6,27.4,155,-3,0,0,0.0,0.0,0.0,空
2026-06-12,6811,宏碁資訊,231.0,232.0,227.5,228.5,132,-16,0,0,3.0,96.99,100.0,空
2026-06-12,6812,梭特,67.14,69.5,66.9,68.3,74,1,0,0,0.0,0.0,0.0,空
2026-06-12,6814,路迦生醫,21.72,27.05,21.7,27.05,53,2,0,0,0.0,0.0,0.0,多
2026-06-12,6815,晶鑽生醫,29.63,31.1,30.05,31.0,29,3,0,0,0.0,0.0,0.0,多
2026-06-12,6816,捷智商訊,37.08,37.7,35.85,37.7,7,0,0,0,0.0,0.0,0.0,多
2026-06-12,6817,溫士頓,62.34,63.5,61.1,63.0,33,1,0,0,0.0,0.0,0.0,多
2026-06-12,6818,連騰,57.42,59.3,57.3,59.3,60,0,0,0,0.0,0.0,0.0,空
2026-06-12,6819,眾智,36.38,37.85,34.85,36.3,151,-13,0,0,0.0,0.0,0.0,空
2026-06-12,6820,連訊,269.23,291.5,267.0,273.5,61,-3,0,0,0.0,0.0,0.0,空
2026-06-12,6821,聯寶,69.0,73.9,67.4,67.5,5671,-178,0,-105,1.57,98.42,100.0,空
2026-06-12,6823,濾能,65.6,65.9,64.6,65.0,72,6,0,0,24.88,75.11,100.0,空
2026-06-12,6825,和暢科技,44.75,47.0,44.7,46.4,56,0,0,0,0.0,0.0,0.0,空
2026-06-12,6826,和淞,528.09,551.0,533.0,545.0,185,-10,0,0,0.0,0.0,0.0,空
2026-06-12,6827,巨生醫,12.17,12.1,11.85,12.0,131,0,0,0,0.0,0.0,0.0,空
2026-06-12,6829,千附精密,197.0,199.0,193.0,199.0,438,51,0,32,2.6,97.39,100.0,空
2026-06-12,6830,汎銓,545.0,545.0,495.5,497.0,2174,-160,0,0,7.0,92.99,100.0,空
2026-06-12,6831,邁科,748.0,755.0,721.0,727.0,702,-109,133,0,13.43,86.56,100.0,空
2026-06-12,6832,金鼎科,81.87,84.5,84.5,84.5,1,0,0,0,0.0,0.0,0.0,空
2026-06-12,6833,太康精密,23.15,23.85,22.7,23.85,31,2,0,0,0.0,0.0,0.0,空
2026-06-12,6834,天二科技,82.0,84.1,79.5,84.1,12970,-1086,0,-87,14.14,85.85,100.0,空
2026-06-12,6835,圓裕,36.75,36.75,36.45,36.45,64,-30,0,0,6.07,93.92,100.0,空
2026-06-12,6838,台新藥,25.2,25.2,24.7,24.8,97,-1,0,-1,1.31,98.68,100.0,多
2026-06-12,6839,開陽能源,13.07,13.2,12.85,13.15,31,0,0,0,0.0,0.0,0.0,多
2026-06-12,6840,東研信超,68.5,68.5,66.6,66.9,67,-5,0,0,3.81,96.18,100.0,多
2026-06-12,6841,長佳智能,61.0,61.2,60.2,60.8,408,88,0,0,3.5,96.49,100.0,多
2026-06-12,6842,瑞宇,90.68,97.1,91.9,92.0,94,1,0,0,0.0,0.0,0.0,空
2026-06-12,6843,進典,41.0,41.0,39.25,39.25,104,1,0,0,0.08,99.91,100.0,空
2026-06-12,6844,諾貝兒,64.7,66.5,64.5,66.5,53,2,0,0,0.03,99.96,100.0,空
2026-06-12,6846,綠茵,67.9,67.9,66.9,67.7,31,-3,0,0,0.14,99.85,100.0,多
2026-06-12,6847,普瑞博,77.38,83.1,78.8,82.3,48,2,0,0,0.0,0.0,0.0,空
2026-06-12,6848,拉法醫,19.61,21.4,19.7,20.85,90,0,0,0,0.0,0.0,0.0,多
2026-06-12,6849,奇鼎科技,186.75,195.0,185.0,188.0,127,0,0,0,0.0,0.0,0.0,空
2026-06-12,6850,光鼎生技,34.68,34.8,34.3,34.3,16,0,0,0,0.0,0.0,0.0,多
2026-06-12,6854,錼創科技-KY創,134.5,138.0,132.5,133.0,194,-25,0,1,31.0,68.99,100.0,空
2026-06-12,6855,數泓科,127.0,127.0,125.5,126.5,5,-1,0,0,0.21,99.78,100.0,多
2026-06-12,6856,鑫傳,48.35,48.35,47.0,47.85,6,0,0,0,0.0,49.98,49.99,多
2026-06-12,6857,宏碁智醫,92.2,95.5,94.0,95.5,4,0,0,0,0.0,0.0,0.0,空
2026-06-12,6858,愛比科技,23.53,24.2,23.6,24.2,7,0,0,0,0.0,0.0,0.0,多
2026-06-12,6859,伯特光,127.5,128.5,123.0,125.0,155,-2,0,0,14.03,85.96,100.0,空
2026-06-12,6861,睿生光電,318.0,319.5,302.0,304.0,580,-94,0,-1,1.94,98.05,100.0,空
2026-06-12,6862,三集瑞-KY,198.5,201.0,190.0,190.0,1335,-131,0,-11,66.84,33.15,100.0,空
2026-06-12,6863,永道-KY,96.0,96.1,95.0,95.3,87,14,0,0,69.3,30.69,100.0,空
2026-06-12,6864,元樟生技,49.06,49.95,48.5,49.75,15,0,0,0,0.0,0.0,0.0,多
2026-06-12,6865,偉康科技,26.85,26.85,25.8,26.0,92,-4,0,0,0.17,99.82,100.0,多
2026-06-12,6867,坦德科技,20.17,20.8,19.95,20.8,6,0,0,0,0.0,0.0,0.0,多
2026-06-12,6868,采威國際,29.45,29.55,29.4,29.5,10,0,0,0,0.0,0.0,0.0,空
2026-06-12,6869,雲豹能源-創,80.3,80.3,78.9,79.4,321,29,0,-1,2.62,97.37,100.0,空
2026-06-12,6869,雲豹能源,80.3,80.3,78.9,79.4,321,29,0,-1,2.62,97.37,100.0,空
2026-06-12,6870,騰雲,299.5,311.5,297.0,301.0,182,-12,0,-2,1.25,98.74,100.0,多
2026-06-12,6872,浩宇生醫,17.55,17.55,16.55,16.55,22,-2,0,0,0.36,99.63,100.0,空
2026-06-12,6873,泓德能源-創,82.4,83.0,81.3,81.7,625,-156,0,-2,6.74,93.25,100.0,空
2026-06-12,6873,泓德能源,82.4,83.0,81.3,81.7,625,-156,0,-2,6.74,93.25,100.0,空
2026-06-12,6874,倍力,86.5,86.5,83.2,83.3,31,-10,0,0,0.67,99.32,100.0,多
2026-06-12,6875,國邑*,35.5,35.5,34.4,35.05,50,9,0,0,1.85,98.14,100.0,空
2026-06-12,6876,朗齊生醫*,16.79,17.0,16.4,16.7,136,0,0,0,0.0,0.0,0.0,空
2026-06-12,6877,鏵友益,136.5,136.5,129.5,130.0,265,-61,0,0,4.36,95.63,100.0,空
2026-06-12,6878,歐付寶,9.75,9.95,9.7,9.7,1,0,0,0,0.0,0.0,0.0,多
2026-06-12,6879,大江基因,37.0,0.0,0.0,0.0,0,0,0,0,0.0,0.0,0.0,空
2026-06-12,6881,潤德,262.0,266.0,262.0,266.0,9,1,0,0,0.05,99.94,100.0,空
2026-06-12,6882,甲尚,19.01,19.3,18.4,19.0,104,4,0,0,0.0,0.0,0.0,空
2026-06-12,6883,微電能源,11.65,11.75,11.05,11.2,119,0,0,0,0.0,0.0,0.0,空
2026-06-12,6884,海柏特,34.8,35.0,34.8,34.8,17,-1,0,0,5.58,94.41,100.0,多
2026-06-12,6885,全福生技,22.95,23.45,22.85,23.05,419,10,0,6,2.54,97.45,100.0,多
2026-06-12,6886,遠東生技,46.0,48.0,46.0,48.0,0,0,0,0,0.0,0.0,0.0,多
2026-06-12,6887,寶綠特-KY,36.5,36.5,34.7,35.1,9,0,0,1,53.31,46.68,100.0,多
2026-06-12,6890,來億-KY,279.0,279.0,256.0,256.0,344,72,0,-14,86.1,13.89,100.0,多
2026-06-12,6891,樂迦再生,45.89,48.15,44.6,46.3,350,-5,0,0,0.0,0.0,0.0,空
2026-06-12,6892,台寶生醫,26.09,26.5,25.0,25.95,85,0,0,0,0.0,0.0,0.0,空
2026-06-12,6894,衛司特,344.5,351.5,344.5,349.0,73,8,0,0,3.34,96.65,100.0,空
2026-06-12,6895,宏碩系統,170.0,174.5,164.0,164.0,125,-33,0,-2,3.23,96.76,100.0,多
2026-06-12,6898,程曦資訊,86.24,90.0,83.0,89.5,196,4,0,0,0.0,0.0,0.0,空
2026-06-12,6899,創為精密,61.8,63.0,61.5,61.5,40,3,0,0,5.12,94.87,100.0,空
2026-06-12,6901,鑽石投資,16.15,16.8,16.0,16.2,2894,733,0,-3,0.91,99.08,100.0,多
2026-06-12,6902,GOGOLOOK-創,136.0,137.5,132.0,133.0,131,-14,0,1,3.68,96.31,100.0,空
2026-06-12,6902,GOGOLOOK,136.0,137.5,132.0,133.0,131,-14,0,1,3.68,96.31,100.0,空
2026-06-12,6903,巨漢,384.5,401.5,378.5,397.0,1007,317,0,35,3.74,96.25,100.0,空
2026-06-12,6904,伯鑫,119.0,119.5,119.0,119.5,3,0,0,0,0.06,99.93,100.0,多
2026-06-12,6906,現觀科,93.0,94.0,90.5,92.2,123,-11,0,0,7.32,92.67,100.0,空
2026-06-12,6907,雅特力-KY,142.0,147.0,140.0,141.0,1653,-39,0,0,54.03,45.96,100.0,多
2026-06-12,6908,宏碁遊戲-創,38.9,38.9,38.9,38.9,4,0,0,0,0.64,99.35,100.0,多
2026-06-12,6909,創控,45.0,46.25,43.9,44.35,1161,314,0,1,9.05,90.94,100.0,空
2026-06-12,6910,德鴻,29.05,29.05,28.5,28.55,39,-1,0,0,4.71,95.28,100.0,多
2026-06-12,6911,群運,31.53,31.8,31.5,31.6,8,0,0,0,0.0,0.0,0.0,多
2026-06-12,6912,益鈞環科*,13.32,13.65,13.1,13.65,76,-2,0,0,0.0,0.0,0.0,多
2026-06-12,6913,鴻呈,125.5,126.0,123.5,124.5,142,-36,0,-12,2.96,97.03,100.0,空
2026-06-12,6914,阜爾運通,141.5,143.0,141.0,142.5,48,13,0,0,2.14,97.85,100.0,多
2026-06-12,6915,美強光,47.06,56.8,49.15,53.1,101,20,0,0,0.0,0.0,0.0,空
2026-06-12,6916,華凌,21.2,21.2,19.6,19.6,134,-26,0,1,0.51,99.48,100.0,多
2026-06-12,6917,竟天,30.47,31.05,30.35,30.45,302,21,0,0,0.0,0.0,0.0,空
2026-06-12,6918,愛派司,73.4,73.5,73.2,73.3,16,0,0,0,0.93,99.06,100.0,空
2026-06-12,6919,康霈*,89.9,93.0,89.1,92.7,2878,347,-7,0,12.65,87.34,100.0,空
2026-06-12,6920,恆勁科技,99.4,106.5,99.5,101.0,1348,-50,0,0,0.0,0.0,0.0,空
2026-06-12,6921,嘉雨思-創,70.0,70.0,69.3,69.7,11,-5,0,0,29.4,70.59,100.0,空
2026-06-12,6922,宸曜,190.0,193.0,188.0,189.5,300,7,0,-1,1.63,98.36,100.0,空
2026-06-12,6923,中台,78.5,79.0,78.0,78.4,50,-3,0,0,1.21,98.78,100.0,多
2026-06-12,6924,榮惠-KY創,122.0,124.5,115.0,117.0,165,-12,0,3,76.65,23.34,100.0,空
2026-06-12,6925,意藍,67.3,67.3,64.4,64.4,267,24,0,0,1.9,98.09,100.0,多
2026-06-12,6926,聖安生醫,62.58,63.4,60.9,60.9,6,0,0,0,0.0,0.0,0.0,空
2026-06-12,6927,聯合聚晶,61.95,64.0,62.1,63.5,16,0,0,0,0.0,0.0,0.0,空
2026-06-12,6928,攸泰科技,44.4,45.6,43.7,43.85,154,35,0,0,0.64,99.35,100.0,空
2026-06-12,6929,佑全,23.75,23.75,22.95,23.5,14,-2,0,0,0.02,99.97,100.0,多
2026-06-12,6931,青松健康,40.65,41.3,40.55,41.15,49,25,0,1,0.71,99.28,100.0,多
2026-06-12,6932,水星生醫*,6.49,6.57,6.3,6.57,205,0,0,0,0.0,0.0,0.0,多
2026-06-12,6933,AMAX-KY,155.0,155.0,150.0,150.5,117,-19,0,0,28.23,71.76,100.0,空
2026-06-12,6934,心誠鎂,71.0,71.0,68.5,70.0,24,-17,0,0,12.39,87.6,100.0,空
2026-06-12,6935,王子製藥,29.97,31.1,28.2,30.5,32,0,0,0,0.0,0.0,0.0,多
2026-06-12,6936,永鴻生技,33.6,33.6,33.2,33.55,37,-1,0,4,0.44,99.55,100.0,多
2026-06-12,6937,天虹,289.0,289.0,275.0,276.5,538,20,-120,2,2.08,97.9,100.0,空
2026-06-12,6938,藍新資訊,98.1,103.5,98.0,103.0,33,0,0,0,0.0,0.0,0.0,多
2026-06-12,6939,啟弘生技,19.68,20.0,19.6,20.0,5,0,0,0,0.0,0.0,0.0,多
2026-06-12,6940,格斯科技*,24.75,26.1,24.8,25.0,738,-30,0,0,0.0,0.0,0.0,空
2026-06-12,6944,兆聯實業,950.0,1015.0,949.0,991.0,2060,904,0,52,16.52,83.47,100.0,多
2026-06-12,6945,圓祥生技,101.0,101.5,97.8,99.9,333,87,0,-1,2.77,97.22,100.0,空
2026-06-12,6946,三地能源,11.08,11.7,10.8,11.35,66,0,0,0,0.0,0.0,0.0,多
2026-06-12,6947,台鎔科技,91.08,96.0,89.6,93.5,1145,0,0,0,0.0,0.0,0.0,多
2026-06-12,6949,沛爾生醫-創,707.0,728.0,707.0,717.0,138,19,0,7,2.09,97.9,100.0,多
2026-06-12,6951,青新-創,79.5,80.5,78.9,79.6,80,27,0,-3,1.84,98.15,100.0,空
2026-06-12,6952,大武山,36.15,37.0,36.1,36.1,14,-1,0,1,0.28,99.71,100.0,多
2026-06-12,6953,家碩,227.0,236.5,224.5,233.0,144,-23,0,-6,0.62,99.37,100.0,空
2026-06-12,6955,邦睿生技-創,140.5,140.5,138.0,138.0,12,0,0,0,17.71,82.28,100.0,多
2026-06-12,6957,裕慶-KY,187.5,190.5,187.5,189.5,103,30,0,0,6.11,93.88,100.0,多
2026-06-12,6958,日盛台駿,17.15,17.2,17.1,17.2,28,7,0,3,0.44,99.55,100.0,多
2026-06-12,6959,兆捷科技,136.0,142.0,135.5,136.5,231,-2,0,0,0.0,0.0,0.0,多
2026-06-12,6961,旅天下,55.3,55.3,54.8,55.3,96,-3,0,0,0.24,99.75,100.0,空
2026-06-12,6962,奕力-KY,35.8,36.75,35.65,35.8,2489,575,0,20,38.3,61.69,100.0,空
2026-06-12,6963,品元,27.31,26.35,26.35,26.35,0,0,0,0,0.0,0.0,0.0,多
2026-06-12,6965,中傑-KY,81.8,81.9,80.5,81.9,28,1,0,2,77.24,22.75,100.0,多
2026-06-12,6967,汎瑋材料,70.4,72.4,70.1,70.3,27,-1,0,0,1.72,98.27,100.0,空
2026-06-12,6968,萬達寵物,43.0,44.7,42.85,43.4,142,23,0,0,1.31,98.68,100.0,多
2026-06-12,6969,成信實業*-創,27.0,27.3,26.8,27.0,29,1,0,1,0.46,99.53,100.0,空
2026-06-12,6971,惠民實業,26.3,26.7,26.1,26.55,22,4,0,0,0.22,99.77,100.0,空
2026-06-12,6972,博瑞達應材,23.91,24.65,23.5,24.5,3,0,0,0,0.0,0.0,0.0,多
2026-06-12,6973,永立榮,32.71,33.8,32.05,33.4,31,-3,0,0,0.0,0.0,0.0,多
2026-06-12,6976,育世博-KY,12.11,12.55,11.95,12.3,639,-3,0,0,0.0,0.0,0.0,空
2026-06-12,6977,聯純,258.21,279.0,263.0,274.5,38,0,0,0,0.0,0.0,0.0,空
2026-06-12,6979,勝釩,166.99,168.0,161.0,167.5,7,-2,0,0,0.0,0.0,0.0,空
2026-06-12,6980,鐳洋科技,147.16,158.0,148.0,150.0,161,-3,0,0,0.0,0.0,0.0,空
2026-06-12,6982,大井泵浦,58.8,59.1,58.0,58.6,48,-7,0,0,1.17,98.82,100.0,多
2026-06-12,6983,華洋精機,349.5,353.5,345.0,348.5,61,0,0,0,0.12,99.87,100.0,空
2026-06-12,6984,ACpay,18.7,18.75,17.9,18.1,25,0,0,0,0.0,0.0,0.0,多
2026-06-12,6986,和迅,60.46,60.8,60.1,60.6,82,0,0,0,0.0,0.0,0.0,空
2026-06-12,6987,寶晶能源*,20.09,20.3,19.9,20.15,85,0,0,0,0.0,0.0,0.0,空
2026-06-12,6988,威力暘-創,13.85,14.4,13.85,13.9,38,-1,0,4,3.81,96.18,100.0,空
2026-06-12,6990,華鉬,171.02,188.0,158.0,177.0,860,-20,0,0,0.0,0.0,0.0,多
2026-06-12,6994,富威電力,56.6,57.3,56.3,56.6,211,13,0,0,1.04,98.95,100.0,空
2026-06-12,6995,野獸國,45.51,46.1,45.35,45.9,18,-1,0,0,0.0,0.0,0.0,多
2026-06-12,6996,力領科技,202.0,203.5,197.0,197.5,124,-19,0,0,3.94,96.05,100.0,多
2026-06-12,6997,博弘,0.0,0.0,0.0,0.0,0,0,0,0,20.13,79.86,100.0,空
2026-06-12,6999,瀚醫生技,30.25,0.0,0.0,0.0,0,0,0,0,0.0,0.0,0.0,空
2026-06-12,7402,邑錡,92.0,93.8,88.5,89.7,582,237,0,-302,6.72,93.27,100.0,空
2026-06-12,7419,達勝,76.99,83.0,75.0,78.0,211,5,0,0,0.0,0.0,0.0,空
2026-06-12,7427,華上生醫,33.72,35.0,33.85,35.0,217,4,0,0,0.0,0.0,0.0,空
2026-06-12,7443,凡事康,9.44,9.63,9.63,9.63,0,0,0,0,0.0,0.0,0.0,多
2026-06-12,7455,樺緯物聯,57.5,56.9,56.0,56.0,8,0,0,0,0.0,0.0,0.0,空
2026-06-12,7507,環拓科技,20.33,22.35,20.5,22.35,51,-1,0,0,0.0,0.0,0.0,多
2026-06-12,7516,清淨海,8.94,9.21,8.9,9.1,24,0,0,0,0.0,0.0,0.0,空
2026-06-12,7530,鋒魁科技,42.03,43.05,41.65,42.5,419,-31,0,0,0.0,0.0,0.0,多
2026-06-12,7547,碩網,59.6,60.0,58.7,59.5,25,-5,0,0,23.99,76.0,100.0,空
2026-06-12,7551,知識科技,12.79,13.05,12.4,13.05,4,0,0,0,0.0,0.0,0.0,多
2026-06-12,7556,意德士,275.0,281.5,273.5,273.5,89,23,0,-1,4.31,95.68,100.0,空
2026-06-12,7558,群利科技,20.16,21.1,19.85,21.1,9,2,0,0,0.0,0.0,0.0,空
2026-06-12,7561,光晟生技,18.98,19.15,19.15,19.15,1,0,0,0,0.0,0.0,0.0,多
2026-06-12,7562,博來科技,59.83,65.0,60.4,65.0,48,1,0,0,0.0,0.0,0.0,多
2026-06-12,7566,亞果遊艇,12.7,12.85,12.5,12.8,114,-2,0,0,0.0,0.0,0.0,多
2026-06-12,7575,安美得,19.07,19.2,19.0,19.1,26,-3,0,0,0.0,0.0,0.0,多
2026-06-12,7578,利百景,31.0,31.45,30.4,30.55,67,-1,0,0,0.0,0.0,0.0,空
2026-06-12,7583,國際海洋,43.54,43.7,42.9,42.9,2,0,0,0,0.0,0.0,0.0,多
2026-06-12,7584,樂意,26.45,27.05,25.95,25.95,14,-5,0,0,19.67,80.32,100.0,多
2026-06-12,7590,怡和國際,20.24,22.1,20.4,21.6,377,14,0,0,0.0,0.0,0.0,空
2026-06-12,7595,世基生醫,7.68,8.21,8.05,8.14,15,-1,0,0,0.0,0.0,0.0,空
2026-06-12,7607,通用幹細胞*,14.19,14.75,14.05,14.5,16,0,0,0,0.0,0.0,0.0,多
2026-06-12,7610,聯友金屬-創,1670.0,1670.0,1490.0,1590.0,398,52,0,-4,14.79,85.2,100.0,空
2026-06-12,7631,聚賢研發-創,128.0,128.0,124.5,125.0,36,-3,0,0,0.8,99.19,100.0,多
2026-06-12,7642,昶瑞機電,73.5,75.0,72.0,74.0,43,12,0,0,0.32,99.67,100.0,多
2026-06-12,7669,碩正科技,621.02,651.0,608.0,633.0,183,-4,0,0,0.0,0.0,0.0,空
2026-06-12,7689,大鵬科CLMX,238.68,246.5,238.0,246.5,11,0,0,0,0.0,0.0,0.0,空
2026-06-12,7702,前端風電,20.29,20.05,19.8,19.8,14,0,0,0,0.0,0.0,0.0,多
2026-06-12,7703,銳澤,201.0,205.0,197.5,203.5,145,13,0,0,2.6,97.39,100.0,空
2026-06-12,7704,明遠精密,62.0,63.3,60.7,60.9,84,10,0,0,1.2,98.79,100.0,空
2026-06-12,7705,三商餐飲,31.2,31.75,31.1,31.55,49,2,0,0,2.26,97.73,100.0,多
2026-06-12,7706,宏碁創達,36.09,37.0,36.95,37.0,3,0,0,0,0.0,0.0,0.0,多
2026-06-12,7707,益芯科,139.63,146.5,139.5,143.0,135,0,0,0,0.0,0.0,0.0,空
2026-06-12,7708,全家餐飲,93.4,94.1,93.4,94.0,7,-2,0,0,0.41,99.58,100.0,多
2026-06-12,7709,榮田,118.0,119.0,114.0,114.0,77,-3,0,8,2.09,97.9,100.0,空
2026-06-12,7710,東擎科技,258.96,266.0,255.0,260.0,11,0,0,0,0.0,0.0,0.0,空
2026-06-12,7711,永擎,367.5,371.0,359.0,359.0,303,-37,0,0,1.14,98.85,100.0,空
2026-06-12,7712,博盛半導體,146.5,147.5,141.0,142.5,466,104,0,-168,2.34,97.65,100.0,空
2026-06-12,7713,威力德生醫,72.9,72.9,70.1,70.5,12,-3,0,0,0.08,99.91,100.0,空
2026-06-12,7714,創泓科技,129.0,131.0,128.0,129.0,63,5,0,0,1.2,98.79,100.0,多
2026-06-12,7715,裕山,27.85,28.35,27.5,27.7,98,4,0,0,0.74,99.25,100.0,空
2026-06-12,7716,昱臺國際,25.1,25.25,25.1,25.25,2,0,0,0,0.0,99.99,100.0,多
2026-06-12,7717,萊德光電-KY,627.0,640.0,594.0,594.0,637,-102,0,-8,16.75,83.24,100.0,空
2026-06-12,7718,友鋮,47.4,47.55,47.3,47.45,15,0,0,0,0.8,99.19,100.0,空
2026-06-12,7719,碳基,39.66,39.95,39.2,39.55,270,0,0,0,0.0,0.0,0.0,空
2026-06-12,7721,微程式,79.2,83.0,77.6,81.8,1424,347,0,0,2.82,97.17,100.0,多
2026-06-12,7722,LINEPAY,386.0,390.0,333.5,333.5,1146,-32,0,-2,58.65,41.34,100.0,多
2026-06-12,7723,築間,22.75,23.5,22.75,22.9,132,30,0,-5,0.91,99.08,100.0,多
2026-06-12,7724,諾亞克,21.39,21.45,21.0,21.0,3,0,0,0,0.0,0.0,0.0,空
2026-06-12,7725,列特博,21.9,24.0,21.75,22.8,30,-1,0,0,0.0,0.0,0.0,多
2026-06-12,7726,暄達,32.4,32.4,32.4,32.4,0,0,0,0,0.0,0.0,0.0,空
2026-06-12,7728,光焱科技,742.0,742.0,709.0,714.0,81,11,0,0,1.85,98.14,100.0,空
2026-06-12,7729,仲恩生醫,75.38,80.3,74.8,78.7,479,5,0,0,0.0,0.0,0.0,多
2026-06-12,7730,暉盛-創,180.5,188.0,180.5,180.5,74,-7,0,2,2.21,97.78,100.0,空
2026-06-12,7731,火星生技*,5.52,6.0,5.53,5.57,910,0,0,0,0.0,0.0,0.0,空
2026-06-12,7732,金興精密,36.0,36.0,36.0,36.0,6,0,0,0,0.33,99.66,100.0,空
2026-06-12,7734,印能科技,3250.0,3290.0,2775.0,2780.0,649,-72,-156,8,2.69,97.3,100.0,空
2026-06-12,7735,台智雲,218.6,230.5,214.0,221.5,49,0,0,0,0.0,0.0,0.0,-
2026-06-12,7736,虎山,72.4,72.4,71.5,72.4,22,0,0,0,1.19,98.8,100.0,多
2026-06-12,7737,凱鈿,41.83,43.15,41.5,43.15,2,0,0,0,0.0,0.0,0.0,空
2026-06-12,7738,東聯互動,169.0,170.5,169.0,170.5,41,5,0,2,0.39,99.6,100.0,多
2026-06-12,7740,熙特爾-創,174.0,174.0,167.5,168.5,284,62,0,0,5.82,94.17,100.0,空
2026-06-12,7742,天弘化,147.28,154.0,145.0,148.0,436,-20,0,0,0.0,0.0,0.0,多
2026-06-12,7743,金利食安,19.05,19.05,18.95,19.05,23,0,0,0,2.87,97.12,100.0,空
2026-06-12,7744,崴寶,513.0,517.0,493.0,493.0,220,57,0,1,28.8,71.19,100.0,多
2026-06-12,7745,紅陽,16.1,16.65,16.65,16.65,2,0,0,0,0.0,0.0,0.0,多
2026-06-12,7747,昕奇雲端,127.5,127.5,125.0,127.0,15,0,0,0,0.71,99.28,100.0,多
2026-06-12,7748,鑫囍創業,19.75,19.1,19.1,19.1,0,0,0,0,0.0,0.0,0.0,多
2026-06-12,7749,意騰-KY,523.0,527.0,504.0,505.0,397,-134,-8,-5,25.05,74.94,100.0,空
2026-06-12,7750,新代,2150.0,2270.0,2110.0,2230.0,468,0,0,3,17.78,82.21,100.0,空
2026-06-12,7751,竑騰,1400.0,1440.0,1335.0,1375.0,288,-37,0,-19,5.98,94.01,100.0,空
2026-06-12,7752,世紀樺欣,38.22,38.95,37.75,38.5,14,0,0,0,0.0,0.0,0.0,多
2026-06-12,7753,星亞,41.75,43.9,41.75,42.35,75,-1,0,0,0.18,99.81,100.0,空
2026-06-12,7754,安基生技,57.94,58.8,57.5,58.2,119,0,0,0,0.0,0.0,0.0,空
2026-06-12,7756,多那之,40.0,40.15,40.15,40.15,0,0,0,0,0.0,0.0,0.0,空
2026-06-12,7757,金色三麥,103.0,103.0,102.0,102.0,19,-1,0,0,19.39,80.6,100.0,空
2026-06-12,7758,睿騰能源,42.0,42.15,40.3,42.15,0,0,0,0,0.0,0.0,0.0,空
2026-06-12,7759,視航生醫,29.53,30.4,29.0,30.35,23,0,0,0,0.0,0.0,0.0,空
2026-06-12,7760,享溫馨,32.0,32.3,32.0,32.15,77,30,0,-22,0.4,99.59,100.0,多
2026-06-12,7761,三大未來,38.78,39.95,38.35,39.35,46,0,0,0,0.0,0.0,0.0,多
2026-06-12,7762,吉晟生,49.0,50.3,48.7,50.3,21,0,0,0,0.0,0.0,0.0,空
2026-06-12,7763,崇舜,188.2,194.5,187.0,193.0,61,0,0,0,0.0,0.0,0.0,空
2026-06-12,7764,聖州,12.57,13.05,12.35,12.95,81,0,0,0,0.0,0.0,0.0,多
2026-06-12,7765,中華資安,245.0,248.5,245.0,245.5,63,-1,0,-1,0.39,99.6,100.0,空
2026-06-12,7767,仁大資訊,43.5,43.5,42.9,43.0,13,0,0,0,0.1,99.89,100.0,多
2026-06-12,7768,頌勝科技,380.0,384.0,378.0,378.0,113,7,0,1,0.97,99.02,100.0,空
2026-06-12,7769,鴻勁,7395.0,7545.0,7200.0,7210.0,618,-53,7,1,19.67,80.32,100.0,空
2026-06-12,7770,君曜,42.0,42.5,42.0,42.0,7,0,0,-2,0.19,99.8,100.0,空
2026-06-12,7771,綠基,54.01,55.1,55.1,55.1,0,0,0,0,0.0,0.0,0.0,多
2026-06-12,7772,耀穎,145.5,146.5,139.0,141.0,172,-28,0,0,0.12,99.87,100.0,空
2026-06-12,7773,富禾生醫,28.17,28.45,27.0,28.4,25,0,0,0,0.0,0.0,0.0,空
2026-06-12,7776,奧孟亞,24.27,25.0,23.75,23.85,2,0,0,0,0.0,0.0,0.0,空
2026-06-12,7777,能率亞洲,40.0,40.5,38.6,40.0,3143,682,0,8,0.85,99.14,100.0,空
2026-06-12,7779,鍇睿國際,13.2,13.45,13.2,13.45,6,0,0,0,0.0,0.0,0.0,多
2026-06-12,7780,大研生醫*,18.45,18.95,18.35,18.8,3035,1356,0,6,0.65,99.34,100.0,多
2026-06-12,7781,昕力資*,29.09,30.0,29.0,29.35,1199,0,0,0,0.0,0.0,0.0,空
2026-06-12,7782,光速火箭,25.0,25.2,25.0,25.15,21,5,0,0,0.37,99.62,100.0,空
2026-06-12,7783,佳運,88.02,88.4,86.5,87.0,29,-6,0,0,0.0,0.0,0.0,空
2026-06-12,7784,安邦生技*,11.77,12.55,11.4,11.9,683,0,0,0,0.0,0.0,0.0,多
2026-06-12,7785,北祥科服,38.98,38.2,36.3,38.2,14,0,0,0,0.0,0.0,0.0,多
2026-06-12,7786,東方風能,133.0,134.5,125.5,127.0,416,-101,0,-2,1.2,98.79,100.0,多
2026-06-12,7788,松川精密,275.0,286.0,263.0,266.0,4086,-250,0,-34,9.51,90.48,100.0,多
2026-06-12,7789,開展,33.9,33.9,32.3,33.85,8,0,0,0,0.0,0.0,0.0,多
2026-06-12,7790,思必瑞特,50.69,50.7,50.7,50.7,0,0,0,0,0.0,0.0,0.0,空
2026-06-12,7791,皇家可口,62.8,63.0,62.7,62.8,52,12,0,3,0.4,99.59,100.0,空
2026-06-12,7792,安葆,267.5,267.5,256.0,257.0,93,-7,0,-4,17.82,82.17,100.0,空
2026-06-12,7794,宏碁智新,31.75,32.5,31.75,32.0,38,2,0,-10,1.52,98.47,100.0,多
2026-06-12,7795,長廣,377.5,385.0,365.0,375.0,311,-7,0,1,8.3,91.69,100.0,空
2026-06-12,7796,擷發科,90.62,94.0,90.5,91.4,98,3,0,0,0.0,0.0,0.0,空
2026-06-12,7797,Q Burger,65.0,65.0,61.8,62.3,7,0,0,0,0.0,0.0,0.0,多
2026-06-12,7798,將捷,16.6,16.8,16.6,16.75,10,0,0,0,0.0,0.0,0.0,多
2026-06-12,7799,禾榮科,335.5,348.0,335.5,346.0,255,-5,0,0,3.47,96.52,100.0,多
2026-06-12,7801,華芸科技,130.12,130.5,128.0,129.0,31,0,0,0,0.0,0.0,0.0,空
2026-06-12,7803,雲象科技-創,22.7,22.95,22.6,22.8,135,-12,0,0,2.6,97.39,100.0,多
2026-06-12,7805,威聯通,710.0,710.0,696.0,701.0,80,-8,0,2,10.24,89.75,100.0,空
2026-06-12,7806,精華生醫,64.0,65.0,62.7,65.0,4,0,0,0,0.0,0.0,0.0,多
2026-06-12,7808,訊聯智藥,36.58,38.0,36.25,37.35,34,0,0,0,0.0,0.0,0.0,多
2026-06-12,7810,捷創科技,210.0,210.0,204.0,204.5,28,-1,0,0,0.43,99.56,100.0,空
2026-06-12,7811,民盛,80.6,80.6,80.0,80.0,6,-2,0,0,0.35,99.64,100.0,多
2026-06-12,7812,稜研科技*,83.65,84.8,79.2,83.1,171,-18,0,0,0.0,0.0,0.0,空
2026-06-12,7813,宇辰系統,131.69,140.5,132.5,136.0,81,-2,0,0,0.0,0.0,0.0,空
2026-06-12,7814,海昌生技,38.73,39.85,38.35,39.1,42,0,0,0,0.0,0.0,0.0,空
2026-06-12,7815,新特,395.71,415.5,390.5,401.0,82,0,0,0,0.0,0.0,0.0,空
2026-06-12,7816,來穎,63.3,64.6,63.1,63.3,36,0,0,0,0.0,0.0,0.0,空
2026-06-12,7818,溢泰實業,62.5,62.5,61.8,61.9,188,17,0,0,0.16,99.83,100.0,多
2026-06-12,7819,精誠金融,46.25,46.4,45.8,45.95,94,4,0,-4,2.05,97.94,100.0,多
2026-06-12,7820,立盈,117.0,118.5,116.5,117.0,29,10,0,0,0.35,99.64,100.0,多
2026-06-12,7821,神數,44.8,45.6,44.3,44.45,189,20,0,3,0.79,99.2,100.0,多
2026-06-12,7822,倍利科,989.0,1015.0,965.0,1000.0,250,49,0,-4,0.85,99.14,100.0,空
2026-06-12,7823,奧義賽博-KY創,83.0,83.8,82.8,83.5,13,3,0,0,25.91,74.08,100.0,空
2026-06-12,7824,智寶,44.99,46.0,44.0,45.75,0,0,0,0,0.0,0.0,0.0,空
2026-06-12,7825,和亞智慧,93.92,98.3,95.0,97.4,63,3,0,0,0.0,0.0,0.0,空
2026-06-12,7826,極風雲創,41.18,41.9,41.9,41.9,0,0,0,0,0.0,0.0,0.0,多
2026-06-12,7827,漢康-KY創,157.5,162.0,154.5,160.0,444,157,0,0,21.71,78.28,100.0,多
2026-06-12,7828,創新服務,1920.0,1965.0,1850.0,1920.0,509,-4,0,2,23.03,76.96,100.0,多
2026-06-12,7829,思捷優達-KY,40.83,41.25,40.0,40.85,66,0,0,0,0.0,0.0,0.0,空
2026-06-12,7831,捷博,35.95,0.0,0.0,0.0,0,0,0,0,0.0,0.0,0.0,空
2026-06-12,7832,智新生技*,10.99,11.3,10.95,11.2,72,0,0,0,0.0,0.0,0.0,多
2026-06-12,7833,綠岩能源,25.47,25.6,25.2,25.6,7,0,0,0,0.0,0.0,0.0,空
2026-06-12,7834,來毅數位,18.18,18.5,17.7,17.7,2,0,0,0,0.0,0.0,0.0,空
2026-06-12,7836,智生活,52.28,53.0,51.8,53.0,16,0,0,0,0.0,0.0,0.0,多
2026-06-12,7837,啟新生,95.5,95.5,95.5,95.5,3,0,0,0,0.0,0.0,0.0,多
2026-06-12,7839,達人網,56.0,58.0,55.2,58.0,15,0,0,0,5.03,94.96,100.0,空
2026-06-12,7840,祥圃,36.5,36.5,36.5,36.5,18,0,0,0,0.0,0.0,0.0,多
2026-06-12,7841,經貿聯網,28.0,0.0,0.0,0.0,0,0,0,0,0.0,0.0,0.0,空
2026-06-12,7842,天能綠電,106.0,107.0,103.0,103.0,45,-3,0,0,0.0,100.0,100.0,多
2026-06-12,7843,英柏得,140.23,143.0,134.0,143.0,151,0,0,0,0.0,0.0,0.0,空
2026-06-12,7846,德揚,61.53,69.2,60.1,69.1,58,0,0,0,0.0,0.0,0.0,空
2026-06-12,7847,豊漁,20.05,20.4,20.0,20.1,8,0,0,0,0.0,0.0,0.0,空
2026-06-12,7848,騏億鑫,428.19,440.0,430.0,439.5,14,0,0,0,0.0,0.0,0.0,空
2026-06-12,7849,旭誼,154.28,161.0,153.5,154.5,1,0,0,0,0.0,0.0,0.0,空
2026-06-12,7850,寶泰生醫,17.08,17.35,16.7,17.35,96,0,0,0,0.0,0.0,0.0,多
2026-06-12,7851,慧康生技*-KY,34.49,34.9,33.25,34.45,11,0,0,0,0.0,0.0,0.0,空
2026-06-12,7853,政美應用,340.74,361.0,336.5,336.5,541,4,0,0,0.0,0.0,0.0,空
2026-06-12,7854,佐茂,85.13,89.6,85.0,89.6,31,0,0,0,0.0,0.0,0.0,空
2026-06-12,7855,和運租車,95.1,0.0,0.0,0.0,0,0,0,0,0.0,0.0,0.0,空
2026-06-12,7856,漢測,2917.71,3360.0,2985.0,3245.0,176,13,0,0,0.0,0.0,0.0,空
2026-06-12,7857,合水先進,46.51,48.05,45.65,47.05,24,0,0,0,0.0,0.0,0.0,空
2026-06-12,7858,芝普,177.46,194.5,181.0,182.0,72,0,0,0,0.0,0.0,0.0,空
2026-06-12,7860,得生製藥,56.9,62.2,59.4,62.2,10,0,0,0,0.0,0.0,0.0,多
2026-06-12,7861,貝爾威勒,1250.7,1365.0,1265.0,1320.0,79,0,0,0,0.0,0.0,0.0,空
2026-06-12,7862,聚泰,30.44,31.5,29.95,31.4,69,0,0,0,0.0,0.0,0.0,多
2026-06-12,7863,中科物流,46.15,46.3,46.0,46.3,2,0,0,0,0.0,0.0,0.0,空
2026-06-12,7865,金聯成,65.05,65.7,61.0,62.7,52,-2,0,0,0.0,0.0,0.0,空
2026-06-12,7866,丹立,201.57,207.0,198.5,200.5,218,0,0,0,0.0,0.0,0.0,空
2026-06-12,7867,特力屋,53.41,55.0,53.0,54.9,8,0,0,0,0.0,0.0,0.0,空
2026-06-12,7868,聖育,72.94,74.7,71.3,73.3,34,0,0,0,0.0,0.0,0.0,空
2026-06-12,7869,宏于電機,395.39,400.0,381.5,381.5,2,0,0,0,0.0,0.0,0.0,多
2026-06-12,7870,聯剛科技,152.33,155.5,150.0,153.0,0,0,0,0,0.0,0.0,0.0,空
2026-06-12,7871,安立璽榮-KY,72.52,74.2,70.6,71.5,431,0,0,0,0.0,0.0,0.0,多
2026-06-12,7872,登豐,52.2,54.8,50.6,53.0,81,0,0,0,0.0,0.0,0.0,空
2026-06-12,7873,瑞峰,213.01,240.5,215.0,230.5,863,11,0,0,0.0,0.0,0.0,-
2026-06-12,7875,安圖斯,140.23,144.5,142.0,144.0,2,0,0,0,0.0,0.0,0.0,多
2026-06-12,7876,鼎晉生技,35.5,36.75,35.35,36.75,64,0,0,0,0.0,0.0,0.0,多
2026-06-12,7877,海利普,40.17,41.3,40.0,40.3,60,0,0,0,0.0,0.0,0.0,多
2026-06-12,7878,藥祇,240.46,261.5,237.0,258.5,382,2,0,0,0.0,0.0,0.0,空
2026-06-12,7879,益材科技,102.1,105.5,100.0,105.0,192,0,0,0,0.0,0.0,0.0,空
2026-06-12,7880,聖凰,167.9,170.0,165.0,168.0,70,0,0,0,0.0,0.0,0.0,空
2026-06-12,7881,科明,96.6,97.0,96.0,96.0,4,0,0,0,0.0,0.0,0.0,空
2026-06-12,7882,倍利創投,20.39,20.6,20.2,20.4,79,0,0,0,0.0,0.0,0.0,空
2026-06-12,7883,饗賓,247.94,260.0,247.0,259.5,17,1,0,0,0.0,0.0,0.0,空
2026-06-12,7885,宏羚,27.93,28.45,28.45,28.45,0,0,0,0,0.0,0.0,0.0,空
2026-06-12,7886,科建,154.72,163.0,156.0,159.0,73,2,0,0,0.0,0.0,0.0,空
2026-06-12,7887,宇川精材,193.46,204.5,193.5,199.0,655,5,0,0,0.0,0.0,0.0,空
2026-06-12,7888,麗寶新藥,37.14,37.15,35.65,36.0,17,0,0,0,0.0,0.0,0.0,空
2026-06-12,7889,騰勢,80.52,80.6,80.1,80.3,15,0,0,0,0.0,0.0,0.0,多
2026-06-12,7890,明曜科技,111.99,115.0,110.5,114.5,1,0,0,0,0.0,0.0,0.0,多
2026-06-12,7891,博研醫藥,24.2,25.0,24.25,24.25,6,0,0,0,0.0,0.0,0.0,多
2026-06-12,7892,元鈦科,785.82,822.0,797.0,822.0,107,0,0,0,0.0,0.0,0.0,空
2026-06-12,7893,睿信,189.41,193.5,190.0,192.0,15,1,0,0,0.0,0.0,0.0,空
2026-06-12,7895,元進莊,67.77,69.3,68.0,69.3,31,0,0,0,0.0,0.0,0.0,空
2026-06-12,7896,喬越,215.54,241.5,220.0,237.5,30,0,0,0,0.0,0.0,0.0,空
2026-06-12,7897,禾迅綠電,41.62,42.6,41.0,42.6,1,0,0,0,0.0,0.0,0.0,多
2026-06-12,7898,乾瞻,572.61,596.0,531.0,549.0,217,4,0,0,0.0,0.0,0.0,-
2026-06-12,7899,景美,443.74,471.0,450.0,458.0,115,6,0,0,0.0,0.0,0.0,多
2026-06-12,7901,大大寬頻,72.53,73.5,71.0,73.4,41,0,0,0,0.0,0.0,0.0,空
2026-06-12,7902,宇越生醫*,32.49,33.95,32.0,32.35,180,0,0,0,0.0,0.0,0.0,空
2026-06-12,7904,任開數位,18.04,18.05,17.3,17.3,4,0,0,0,0.0,0.0,0.0,多
2026-06-12,7907,錸恩帕斯,241.46,245.0,230.0,236.0,45,0,0,0,0.0,0.0,0.0,多
2026-06-12,7909,鈺祥,675.94,702.0,664.0,678.0,107,-7,0,0,0.0,0.0,0.0,空
2026-06-12,7911,阿波羅電力,159.09,169.0,157.0,169.0,298,-3,0,0,0.0,0.0,0.0,多
2026-06-12,7912,新聿科,458.91,501.0,465.0,500.0,80,4,0,0,0.0,0.0,0.0,多
2026-06-12,7913,通寶半導體,333.09,377.0,333.0,349.0,109,0,0,0,0.0,0.0,0.0,-
2026-06-12,7915,廌家,514.97,525.0,500.0,500.0,28,0,0,0,0.0,0.0,0.0,空
2026-06-12,7918,創鉅材料,1378.82,1665.0,1460.0,1545.0,350,1,0,0,0.0,0.0,0.0,-
2026-06-12,7919,禾蒼,63.33,65.3,60.8,65.2,84,7,0,0,0.0,0.0,0.0,-
2026-06-12,7920,瀚陽*,13.64,15.35,13.15,14.6,2696,-55,0,0,0.0,0.0,0.0,-
2026-06-12,7921,台普威,115.69,114.0,100.0,107.5,261,0,0,0,0.0,0.0,0.0,-
2026-06-12,7922,源點*,103.74,110.5,104.0,110.5,13,0,0,0,0.0,0.0,0.0,-
2026-06-12,8011,台通,18.25,18.7,18.2,18.3,1169,114,0,0,3.14,96.85,100.0,多
2026-06-12,8016,矽創,293.0,298.0,287.0,289.5,1835,-354,6,12,36.22,63.77,100.0,空
2026-06-12,8021,尖點,608.0,627.0,522.0,522.0,26962,-6288,707,76,19.78,80.21,100.0,多
2026-06-12,8024,佑華,11.8,12.15,11.75,12.1,49,2,0,0,1.8,98.19,100.0,空
2026-06-12,8027,鈦昇,240.0,242.5,231.0,232.5,4420,-137,0,4,7.43,92.56,100.0,空
2026-06-12,8028,昇陽半導體,320.0,328.0,310.0,315.0,5171,-194,238,-11,24.75,75.24,100.0,空
2026-06-12,8032,光菱,45.3,45.3,43.45,43.5,121,1,0,0,1.77,98.22,100.0,空
2026-06-12,8033,雷虎,129.0,131.5,128.0,129.5,1752,568,0,-1,3.88,96.11,100.0,空
2026-06-12,8034,榮群,23.45,23.5,23.25,23.4,274,6,0,0,6.77,93.22,100.0,空
2026-06-12,8038,長園科,42.5,42.5,41.2,41.4,452,-55,0,0,0.48,99.51,100.0,多
2026-06-12,8039,台虹,141.0,149.5,141.0,149.5,17954,7535,0,292,17.83,82.16,100.0,空
2026-06-12,8040,九暘,100.0,101.0,94.6,95.2,1535,-596,0,-14,3.54,96.45,100.0,空
2026-06-12,8042,金山電,170.5,170.5,170.5,170.5,2114,-97,0,-106,12.46,87.53,100.0,空
2026-06-12,8043,蜜望實,202.5,207.0,183.0,184.5,28452,-841,0,-46,5.51,94.48,100.0,多
2026-06-12,8044,網家,30.3,30.35,29.6,29.9,961,-74,0,2,5.72,94.27,100.0,空
2026-06-12,8045,達運光電,62.1,63.3,61.9,62.0,157,43,0,0,1.29,98.7,100.0,空
2026-06-12,8046,南電,850.0,868.0,812.0,819.0,13021,665,-325,88,13.02,86.97,100.0,空
2026-06-12,8047,星雲,50.9,53.7,50.9,51.5,155,42,0,0,5.43,94.56,100.0,多
2026-06-12,8048,德勝,63.9,68.3,63.7,66.9,1247,282,0,36,8.04,91.95,100.0,多
2026-06-12,8049,晶采,26.4,26.6,26.25,26.3,120,56,0,0,2.9,97.09,100.0,空
2026-06-12,8050,廣積,59.3,59.9,57.7,57.7,1647,-450,-3,0,2.44,97.55,100.0,空
2026-06-12,8054,安國,101.5,102.5,99.7,99.7,1143,-107,0,3,3.86,96.13,100.0,空
2026-06-12,8058,耐特,95.97,99.4,95.8,96.9,160,0,0,0,0.0,0.0,0.0,空
2026-06-12,8059,凱碩,18.0,18.35,17.9,18.15,240,-34,0,0,0.61,99.38,100.0,空
2026-06-12,8064,東捷,141.5,143.0,134.0,134.5,8152,-150,0,4,9.48,90.51,100.0,空
2026-06-12,8066,來思達,15.3,15.4,15.15,15.4,24,3,0,0,3.08,96.91,100.0,空
2026-06-12,8067,志旭,13.1,13.5,13.0,13.0,52,0,0,0,8.37,91.62,100.0,空
2026-06-12,8068,全達,18.75,19.05,18.7,18.8,423,-58,0,0,8.77,91.22,100.0,空
2026-06-12,8069,元太,198.0,200.5,194.5,196.0,5469,-490,-80,168,41.64,58.35,100.0,空
2026-06-12,8070,長華*,60.5,60.5,57.1,57.3,11584,-4649,-11,-94,13.93,86.06,100.0,多
2026-06-12,8071,能率網通,26.05,27.4,24.4,24.5,11231,-279,0,22,2.53,97.46,100.0,多
2026-06-12,8072,陞泰,28.35,28.8,28.35,28.7,172,80,0,3,2.04,97.95,100.0,空
2026-06-12,8074,鉅橡,72.5,73.8,70.5,70.5,1420,74,0,-14,5.64,94.35,100.0,空
2026-06-12,8076,伍豐,27.25,27.65,26.7,26.85,2119,216,0,4,6.07,93.92,100.0,多
2026-06-12,8077,洛碁,51.6,51.6,49.0,49.0,24,0,0,0,51.12,48.87,100.0,空
2026-06-12,8080,永利聯合,28.0,28.1,27.9,28.0,72,1,0,0,0.1,99.89,100.0,多
2026-06-12,8080,泰霖,28.0,28.1,27.9,28.0,72,1,0,0,0.1,99.89,100.0,多
2026-06-12,8081,致新,283.5,291.5,275.5,283.0,2063,138,-1,72,19.76,80.23,100.0,空
2026-06-12,8083,瑞穎,172.5,174.0,172.0,173.0,48,8,0,0,3.31,96.68,100.0,多
2026-06-12,8084,巨虹,47.8,47.8,45.8,46.9,126,-73,0,0,0.87,99.12,100.0,空
2026-06-12,8085,福華,13.1,13.1,12.6,12.75,392,-209,0,0,2.12,97.87,100.0,多
2026-06-12,8086,宏捷科,152.0,154.0,150.0,151.0,3119,310,0,-281,23.29,76.7,100.0,空
2026-06-12,8087,華鎂鑫,33.8,34.25,33.0,33.85,68,-3,0,0,3.19,96.8,100.0,多
2026-06-12,8087,麗升能源,33.8,34.25,33.0,33.85,68,-3,0,0,3.19,96.8,100.0,多
2026-06-12,8088,品安,60.0,63.0,59.8,61.4,4150,1242,0,1,6.05,93.94,100.0,空
2026-06-12,8089,康全電訊,21.15,21.65,20.5,20.95,406,-94,0,0,4.04,95.95,100.0,多
2026-06-12,8091,翔名,245.0,248.5,240.0,241.5,571,65,-1,0,11.66,88.33,100.0,空
2026-06-12,8092,建暐,14.8,15.05,14.7,14.7,50,-14,0,0,0.24,99.75,100.0,空
2026-06-12,8093,保銳,18.7,18.7,18.5,18.65,16,0,0,0,0.05,99.94,100.0,多
2026-06-12,8096,擎亞,127.0,133.0,126.0,132.5,12641,2871,0,32,36.68,63.31,100.0,空
2026-06-12,8097,常珵,60.0,60.2,59.4,59.8,114,7,0,0,2.65,97.34,100.0,空
2026-06-12,8098,慶康科技,354.33,376.5,365.0,374.5,0,0,0,0,0.0,0.0,0.0,空
2026-06-12,8099,大世科,61.4,61.4,60.4,60.7,63,2,0,0,2.83,97.16,100.0,空
2026-06-12,8101,華冠,14.55,15.05,14.55,15.05,14,28,0,0,0.05,99.94,100.0,多
2026-06-12,8102,傑霖科技,72.8,74.0,71.0,72.1,28,2,0,0,0.07,99.92,100.0,空
2026-06-12,8103,瀚荃,96.9,98.4,95.1,97.0,804,169,0,52,22.58,77.41,100.0,空
2026-06-12,8104,錸寶,39.5,40.0,38.55,38.55,1353,33,0,0,1.96,98.03,100.0,空
2026-06-12,8105,凌巨,20.95,22.45,20.95,22.45,41332,7187,0,-36,41.13,58.86,100.0,多
2026-06-12,8107,大億金茂,12.2,12.25,12.1,12.15,17,-3,0,0,0.59,99.4,100.0,多
2026-06-12,8109,博大,119.0,120.0,118.0,119.5,104,20,7,-1,5.12,94.87,100.0,空
2026-06-12,8110,華東,55.9,57.0,54.7,54.8,13774,-643,0,-136,1.91,98.08,100.0,空
2026-06-12,8111,立碁,57.6,57.6,55.6,55.6,847,-207,0,-2,5.05,94.94,100.0,空
2026-06-12,8112,至上,98.3,104.0,98.2,98.8,68028,17466,-459,549,22.43,77.56,100.0,多
2026-06-12,8114,振樺電,215.0,222.0,209.0,210.5,978,-291,0,-31,12.2,87.79,100.0,空
2026-06-12,8119,公信,10.53,10.5,10.0,10.25,309,13,0,0,0.0,0.0,0.0,空
2026-06-12,8121,越峰,44.15,46.2,43.05,44.4,2926,-275,0,0,3.38,96.61,100.0,多
2026-06-12,8131,福懋科,70.8,74.0,70.7,72.0,5913,1635,0,311,4.63,95.36,100.0,空
2026-06-12,8147,正淩,148.0,152.5,145.0,145.5,579,-81,0,24,19.6,80.39,100.0,空
2026-06-12,8150,南茂,101.5,104.0,96.7,97.0,83036,-7718,2704,596,41.7,58.29,100.0,空
2026-06-12,8155,博智,363.5,378.0,351.0,351.5,996,-109,0,-15,10.07,89.92,100.0,空
2026-06-12,8162,微矽電子-創,66.0,70.0,65.5,66.9,463,45,0,-2,1.21,98.78,100.0,空
2026-06-12,8163,達方,44.8,45.75,42.85,42.85,5391,317,0,30,9.13,90.86,100.0,多
2026-06-12,8171,天宇,23.0,23.25,22.7,22.95,158,-29,0,0,1.17,98.82,100.0,空
2026-06-12,8176,智捷,10.3,10.4,10.15,10.2,143,-10,0,0,1.11,98.88,100.0,多
2026-06-12,8182,加高,56.5,59.0,53.6,53.6,22412,-1697,0,-35,52.74,47.25,100.0,多
2026-06-12,8183,精星,30.9,31.4,30.9,31.3,218,43,0,0,4.26,95.73,100.0,空
2026-06-12,8201,無敵,13.15,13.45,13.0,13.25,136,-9,0,0,0.92,99.07,100.0,空
2026-06-12,8210,勤誠,1495.0,1520.0,1445.0,1475.0,2007,-500,510,-8,9.02,90.97,100.0,空
2026-06-12,8213,志超,35.8,36.7,35.8,36.05,713,453,0,0,22.46,77.53,100.0,空
2026-06-12,8215,明基材,29.3,29.85,28.65,28.65,1740,180,34,-22,2.27,97.72,100.0,空
2026-06-12,8222,寶一,34.15,35.0,34.1,34.55,397,159,0,1,2.56,97.43,100.0,空
2026-06-12,8227,巨有科技,186.0,187.0,177.0,178.0,982,-16,0,40,5.44,94.55,100.0,空
2026-06-12,8234,新漢,65.3,65.5,63.8,63.9,353,-74,0,0,2.45,97.54,100.0,空
2026-06-12,8240,華宏,56.9,57.2,55.8,56.3,509,139,0,2,5.98,94.01,100.0,空
2026-06-12,8249,菱光,50.4,50.5,49.8,49.9,383,16,0,-2,0.97,99.02,100.0,空
2026-06-12,8255,朋程,165.0,169.0,163.5,168.0,1216,34,0,84,10.66,89.33,100.0,空
2026-06-12,8261,富鼎,166.0,173.5,163.0,173.5,13885,-2844,0,260,2.48,97.51,100.0,空
2026-06-12,8271,宇瞻,206.5,206.5,200.5,202.5,4121,-699,-1,13,10.45,89.54,100.0,空
2026-06-12,8272,全景軟體,71.0,71.0,69.8,70.9,34,0,0,0,0.19,99.8,100.0,空
2026-06-12,8277,商丞,10.8,10.8,10.0,10.1,166,-5,0,0,1.51,98.48,100.0,多
2026-06-12,8279,生展,96.9,96.9,96.9,96.9,1,0,0,0,5.49,94.5,100.0,多
2026-06-12,8284,三竹,63.6,63.7,63.3,63.3,15,0,0,0,0.91,99.08,100.0,多
2026-06-12,8289,泰藝,75.3,75.3,66.9,68.0,9101,-2030,0,2,2.75,97.24,100.0,空
2026-06-12,8291,尚茂,42.15,46.5,42.15,42.55,919,-2,0,0,73.45,26.54,100.0,空
2026-06-12,8298,威睿,50.53,52.0,49.75,51.6,11,0,0,0,0.0,0.0,0.0,空
2026-06-12,8299,群聯,2345.0,2395.0,2305.0,2310.0,4980,-364,-172,72,36.02,63.97,100.0,空
2026-06-12,8329,台視,10.18,10.25,9.95,10.1,25,0,0,0,0.0,0.0,0.0,空
2026-06-12,8341,日友,81.7,82.5,81.0,81.2,491,174,0,0,4.88,95.11,100.0,多
2026-06-12,8342,益張,90.7,90.8,90.7,90.8,2,0,0,0,0.15,99.84,100.0,空
2026-06-12,8345,超秦,56.34,59.1,57.5,59.1,38,0,0,0,0.0,0.0,0.0,多
2026-06-12,8349,恒耀,41.25,42.35,41.25,42.0,193,56,0,2,1.42,98.57,100.0,多
2026-06-12,8354,冠好,16.85,16.85,16.35,16.5,274,-21,0,0,0.45,99.54,100.0,空
2026-06-12,8358,金居,579.0,584.0,562.0,574.0,1987,344,6,14,33.87,66.12,100.0,空
2026-06-12,8359,錢櫃,64.85,65.6,64.1,65.0,51,1,0,0,0.0,0.0,0.0,多
2026-06-12,8367,建新國際,40.2,40.55,40.2,40.35,16,-1,0,0,1.51,98.48,100.0,多
2026-06-12,8374,羅昇,92.7,93.3,90.1,90.6,489,2,0,3,2.18,97.81,100.0,空
2026-06-12,8383,千附,59.5,59.9,58.7,58.7,491,106,0,3,14.0,85.99,100.0,空
2026-06-12,8390,金益鼎,114.0,114.5,110.0,111.0,824,-77,0,-8,16.26,83.73,100.0,空
2026-06-12,8401,白紗科,22.8,23.0,22.8,22.85,50,0,0,0,0.25,99.74,100.0,多
2026-06-12,8403,盛弘,19.4,19.6,19.2,19.5,244,60,0,0,1.66,98.33,100.0,多
2026-06-12,8404,百和興業-KY,17.5,17.75,17.25,17.35,272,54,0,0,52.92,47.07,100.0,多
2026-06-12,8409,商之器,19.05,19.1,19.05,19.1,7,0,0,0,0.13,99.86,100.0,多
2026-06-12,8410,森田,34.2,34.2,33.8,34.0,139,16,0,0,0.55,99.44,100.0,空
2026-06-12,8411,福貞-KY,12.1,12.2,12.05,12.2,116,5,0,1,53.77,46.22,100.0,多
2026-06-12,8415,大國鋼,35.45,35.75,35.3,35.4,555,226,0,-79,6.79,93.2,100.0,空
2026-06-12,8416,實威,184.0,184.0,182.0,182.0,3,0,0,0,0.75,99.24,100.0,空
2026-06-12,8421,旭源,12.55,13.0,12.55,13.0,18,7,0,0,0.54,99.45,100.0,空
2026-06-12,8422,可寧衛,29.5,29.95,29.0,29.0,14803,-644,87,75,5.66,94.33,100.0,多
2026-06-12,8422,可寧衛*,29.5,29.95,29.0,29.0,14803,-644,87,75,5.66,94.33,100.0,多
2026-06-12,8423,保綠-KY,17.75,17.8,17.7,17.75,12,0,0,0,24.94,75.05,100.0,多
2026-06-12,8424,惠普,69.7,69.9,69.4,69.7,55,-3,0,0,0.51,99.48,100.0,空
2026-06-12,8426,紅木-KY,20.85,21.2,20.7,20.95,23,0,0,0,67.3,32.69,100.0,空
2026-06-12,8429,金麗-KY,6.66,6.76,6.61,6.67,190,-33,0,0,28.64,71.35,100.0,多
2026-06-12,8431,匯鑽科,48.25,49.5,48.1,48.8,380,16,0,0,3.19,96.8,100.0,空
2026-06-12,8432,東生華,50.7,51.3,50.7,50.8,74,-5,0,0,0.82,99.17,100.0,多
2026-06-12,8433,弘帆,53.3,53.5,53.3,53.5,14,5,0,0,1.04,98.95,100.0,多
2026-06-12,8435,鉅邁,56.7,57.5,56.7,56.8,162,-16,0,1,0.61,99.38,100.0,多
2026-06-12,8436,大江,120.5,122.0,120.0,120.5,291,57,-2,34,14.14,85.85,100.0,多
2026-06-12,8437,大地-KY,10.55,10.55,10.35,10.4,124,-24,0,0,22.08,77.91,100.0,空
2026-06-12,8438,昶昕,82.8,82.8,79.1,79.2,263,-8,0,-1,2.62,97.37,100.0,空
2026-06-12,8440,綠電,22.5,22.55,22.15,22.2,85,-4,0,0,0.89,99.1,100.0,空
2026-06-12,8442,威宏-KY,40.15,40.4,39.95,40.2,86,45,0,0,56.18,43.81,100.0,多
2026-06-12,8443,阿瘦,11.45,11.45,11.4,11.4,59,0,0,0,3.69,96.3,100.0,多
2026-06-12,8444,綠河-KY,4.56,4.78,4.56,4.72,46,-5,0,0,58.52,41.47,100.0,空
2026-06-12,8446,華研,88.6,88.9,88.1,88.6,65,0,0,0,4.67,95.32,100.0,多
2026-06-12,8450,霹靂,16.2,16.2,15.6,15.95,35,-7,0,0,0.09,49.89,49.99,多
2026-06-12,8454,富邦媒,396.0,396.0,356.5,356.5,1025,129,0,50,11.49,88.5,100.0,多
2026-06-12,8455,大拓-KY,29.1,30.4,29.1,30.0,36,0,0,0,87.81,12.18,100.0,空
2026-06-12,8458,影一,16.67,16.9,16.1,16.45,19,0,0,0,0.0,0.0,0.0,多
2026-06-12,8462,柏文,143.5,146.5,143.5,145.5,118,39,0,-1,3.74,96.25,100.0,多
2026-06-12,8463,潤泰材,22.65,22.65,22.15,22.3,58,-5,0,2,0.41,99.58,100.0,多
2026-06-12,8464,億豐,337.5,348.5,337.5,348.5,567,162,-18,0,42.29,57.7,100.0,多
2026-06-12,8466,美吉吉-KY,16.3,16.3,16.0,16.1,54,14,0,-6,50.16,49.83,100.0,多
2026-06-12,8467,波力-KY,0.0,0.0,0.0,0.0,0,0,0,0,46.53,53.46,100.0,空
2026-06-12,8472,夠麻吉,90.0,90.4,88.0,90.0,33,2,0,0,1.35,98.64,100.0,多
2026-06-12,8473,山林水,53.5,53.5,51.5,51.8,2479,-357,0,-8,4.29,95.7,100.0,空
2026-06-12,8476,台境,19.25,19.95,19.25,19.65,1802,427,0,4,1.42,98.57,100.0,多
2026-06-12,8476,台境*,19.25,19.95,19.25,19.65,1802,427,0,4,1.42,98.57,100.0,多
2026-06-12,8477,創業家,16.9,17.65,16.8,16.8,51,-4,0,0,0.22,99.77,100.0,空
2026-06-12,8478,東哥遊艇,153.5,153.5,151.5,152.5,320,-54,0,-1,39.34,60.65,100.0,多
2026-06-12,8481,政伸,41.75,42.5,41.55,41.9,46,-5,0,1,0.39,99.6,100.0,多
2026-06-12,8482,商億-KY,48.5,48.5,48.5,48.5,1,0,0,0,91.73,8.26,100.0,多
2026-06-12,8487,愛爾達-創,84.9,85.2,82.0,82.0,183,-14,0,5,0.97,49.01,49.99,多
2026-06-12,8488,吉源-KY,10.4,10.4,10.05,10.15,41,6,0,5,69.58,30.41,100.0,多
2026-06-12,8489,三貝德,22.5,22.5,22.0,22.25,36,0,0,0,3.3,96.69,100.0,空
2026-06-12,8499,鼎炫-KY,291.0,301.5,284.5,284.5,97,-12,0,0,71.91,28.08,100.0,空
2026-06-12,8905,裕國,29.7,29.9,29.5,29.9,22,-14,0,0,0.48,99.51,100.0,多
2026-06-12,8906,花王,25.25,27.5,25.25,27.5,168,79,0,1,0.52,99.47,100.0,多
2026-06-12,8908,欣雄,41.85,41.95,41.65,41.95,128,-10,0,0,0.42,99.57,100.0,多
2026-06-12,8916,光隆,45.0,45.3,44.9,45.0,52,10,0,0,2.95,97.04,100.0,多
2026-06-12,8917,欣泰,53.3,53.3,51.9,51.9,26,-4,0,0,1.42,98.57,100.0,空
2026-06-12,8921,沈氏,17.8,18.2,17.8,18.2,3,0,0,0,0.18,99.81,100.0,多
2026-06-12,8923,時報,18.5,19.35,18.4,19.35,9,0,0,0,4.15,95.84,100.0,空
2026-06-12,8924,大田,55.7,56.2,55.6,56.2,121,-9,0,0,2.56,97.43,100.0,空
2026-06-12,8926,台汽電,76.8,78.3,74.0,74.2,12637,-802,21,21,11.77,88.22,100.0,多
2026-06-12,8927,北基,20.75,20.9,20.65,20.75,237,48,0,7,1.28,98.71,100.0,多
2026-06-12,8928,鉅明,21.0,21.2,21.0,21.1,35,1,0,0,0.34,99.65,100.0,空
2026-06-12,8929,富堡,13.95,14.4,13.95,14.15,44,7,0,0,0.27,99.72,100.0,多
2026-06-12,8930,青鋼,27.6,27.75,27.55,27.75,30,6,0,0,2.63,97.36,100.0,空
2026-06-12,8931,大汽電,43.0,43.0,42.4,42.7,105,-11,0,0,0.15,99.84,100.0,多
2026-06-12,8932,智通*,100.0,108.0,100.0,106.5,11263,2346,0,415,29.18,70.81,100.0,空
2026-06-12,8933,愛地雅,4.49,4.58,4.43,4.46,231,-26,0,0,0.93,99.06,100.0,多
2026-06-12,8935,邦泰,21.3,22.05,21.1,21.9,434,-89,0,0,1.98,98.01,100.0,空
2026-06-12,8936,國統,56.5,57.7,55.0,56.0,9942,1275,-3,4,10.09,89.9,100.0,多
2026-06-12,8937,合騏*,22.45,23.95,21.6,23.95,427,125,0,2,5.47,94.52,100.0,多
2026-06-12,8938,明安,53.0,53.3,52.9,53.2,208,-45,0,0,6.27,93.72,100.0,多
2026-06-12,8940,新天地,16.95,16.95,16.5,16.75,68,-12,0,4,8.4,91.59,100.0,多
2026-06-12,8941,關中,42.6,43.0,42.6,42.8,5,1,0,0,0.19,99.8,100.0,空
2026-06-12,8942,森鉅,40.6,41.5,40.6,41.35,268,173,0,0,14.0,85.99,100.0,空
2026-06-12,8996,高力,1215.0,1225.0,1135.0,1145.0,3113,-665,50,-5,34.9,65.09,100.0,多
2026-06-12,8999,台灣積層,36.93,0.0,0.0,0.0,0,0,0,0,0.0,0.0,0.0,空
2026-06-12,9103,美德醫療-DR,5.86,5.86,5.6,5.62,1812,-275,0,-1,2.15,97.84,100.0,多
2026-06-12,9105,泰金寶-DR,10.0,10.05,9.5,9.53,77692,-8612,0,254,1.23,98.76,100.0,空
2026-06-12,9110,越南控-DR,3.42,3.5,3.42,3.5,39,0,0,0,0.04,99.95,100.0,多
2026-06-12,9136,巨騰-DR,15.9,17.35,15.85,17.35,5684,324,0,4,3.57,96.42,100.0,多
2026-06-12,9802,鈺齊-KY,80.3,81.3,78.7,79.2,901,250,-2,-185,41.37,58.62,100.0,多
2026-06-12,9902,台火,13.85,13.85,13.65,13.75,75,-11,0,0,1.46,98.53,100.0,空
2026-06-12,9904,寶成,26.5,26.8,26.45,26.65,17856,4974,-106,-29,31.49,68.5,100.0,多
2026-06-12,9905,大華,20.7,20.9,20.7,20.85,171,25,0,0,2.29,97.7,100.0,多
2026-06-12,9906,欣巴巴,43.7,45.95,42.6,44.35,466,-76,0,-3,0.82,99.17,100.0,多
2026-06-12,9907,統一實,16.75,16.85,16.7,16.7,3546,-572,-17,-8,13.73,86.26,100.0,多
2026-06-12,9908,大台北,29.5,29.5,29.35,29.4,257,-69,0,-3,2.09,97.9,100.0,多
2026-06-12,9910,豐泰,97.7,98.5,91.8,91.9,8428,-1447,-17,20,5.42,94.57,100.0,多
2026-06-12,9911,櫻花,85.0,85.5,84.0,84.3,242,29,-4,-1,18.85,81.14,100.0,多
2026-06-12,9912,偉聯,12.65,12.75,12.5,12.5,41,-1,0,-1,15.95,84.04,100.0,多
2026-06-12,9914,美利達,74.7,75.4,72.7,73.4,3083,293,-2,0,23.01,76.98,100.0,多
2026-06-12,9917,中保科,120.5,122.0,119.0,122.0,1892,-196,918,3,40.01,59.98,100.0,多
2026-06-12,9918,欣天然,43.45,43.45,42.9,43.25,49,12,0,0,2.67,97.32,100.0,空
2026-06-12,9919,康那香,14.0,14.25,14.0,14.15,589,305,0,5,5.0,94.99,100.0,多
2026-06-12,9921,巨大,76.4,77.5,75.2,75.4,2613,531,-1,25,27.74,72.25,100.0,多
2026-06-12,9924,福興,40.55,40.95,40.5,40.85,112,17,0,2,10.13,89.86,100.0,空
2026-06-12,9925,新保,40.6,40.8,40.6,40.75,208,101,0,-1,17.51,82.48,100.0,多
2026-06-12,9926,新海,49.45,49.45,49.0,49.4,8,2,0,-1,0.69,99.3,100.0,多
2026-06-12,9927,泰銘,68.6,69.6,68.6,69.3,95,34,0,-1,6.61,93.38,100.0,多
2026-06-12,9928,中視,17.75,18.0,17.75,17.9,10,0,0,-1,0.0,0.0,0.0,空
2026-06-12,9929,秋雨,11.9,12.2,11.4,11.4,40,7,0,-1,0.44,99.55,100.0,多
2026-06-12,9930,中聯資源,68.9,69.7,68.9,69.5,87,32,0,0,1.98,98.01,100.0,多
2026-06-12,9931,欣高,35.0,35.0,34.4,34.85,53,0,0,0,0.81,99.18,100.0,多
2026-06-12,9933,中鼎,41.75,42.1,40.8,40.95,3836,-321,35,-88,18.38,81.61,100.0,空
2026-06-12,9934,成霖,10.45,10.6,10.4,10.5,1335,263,0,3,13.34,86.65,100.0,多
2026-06-12,9935,慶豐富,19.4,19.65,19.15,19.25,606,128,0,0,5.73,94.26,100.0,多
2026-06-12,9937,全國,55.1,55.6,54.9,55.6,29,7,0,0,1.73,98.26,100.0,多
2026-06-12,9938,百和,45.8,45.85,45.35,45.35,962,112,-3,47,9.68,90.31,100.0,多
2026-06-12,9939,宏全,131.5,134.0,131.5,133.5,1546,472,-3,-69,14.44,85.55,100.0,多
2026-06-12,9940,信義,19.35,19.8,19.1,19.75,993,82,0,-1,3.44,96.55,100.0,多
2026-06-12,9941,裕融,87.1,87.2,84.3,84.3,3093,-849,-2,-31,4.59,95.4,100.0,多
2026-06-12,9942,茂順,120.0,120.0,119.0,119.0,94,38,0,1,4.55,95.44,100.0,空
2026-06-12,9943,好樂迪,57.1,57.6,57.1,57.4,103,15,0,1,1.34,98.65,100.0,多
2026-06-12,9944,新麗,17.2,17.4,17.15,17.4,32,5,0,0,1.08,98.91,100.0,多
2026-06-12,9945,潤泰新,26.2,27.15,26.2,26.8,14963,1598,-11,-17,7.83,92.16,100.0,多
2026-06-12,9946,三發地產,17.95,18.35,17.8,17.95,1602,379,0,7,2.93,97.06,100.0,多
2026-06-12,9949,琉園,23.8,24.0,23.8,23.8,18,0,0,0,2.48,97.51,100.0,多
2026-06-12,9950,萬國通,10.7,10.75,10.55,10.75,72,4,0,0,0.05,99.94,100.0,空
2026-06-12,9951,皇田,52.8,53.1,52.8,52.9,52,14,0,0,4.66,95.33,100.0,多
2026-06-12,9955,佳龍,26.65,27.05,26.65,26.8,248,27,0,-1,4.47,95.52,100.0,空
2026-06-12,9957,燁聯,6.05,6.21,6.06,6.19,165,-10,0,0,0.0,0.0,0.0,空
2026-06-12,9958,世紀鋼,112.5,114.5,111.5,112.5,1728,83,-1,8,10.51,89.48,100.0,多
2026-06-12,9960,邁達康,31.5,32.0,31.5,32.0,19,-1,0,0,9.08,90.91,100.0,空
2026-06-12,9962,有益,9.84,9.97,9.8,9.85,80,-15,0,0,0.31,99.68,100.0,多
