date,stock_id,stock_name,open,high,low,close,volume,foreign_buy,trust_buy,dealer_buy,foreign_hold_ratio,foreign_remain_ratio,foreign_limit_ratio
2026-05-29,0050,元大台灣50,103.2,105.4,102.7,105.4,102355,15009,5310,7410,4.13,95.86,100.0
2026-05-29,0051,元大中型100,140.0,141.9,139.95,141.9,76,9,0,3,0.51,99.48,100.0
2026-05-29,0052,富邦科技,60.95,61.6,60.55,61.5,33405,2900,0,5634,2.6,97.39,100.0
2026-05-29,0053,元大電子,240.8,242.0,239.05,241.2,28,2,0,0,1.36,98.63,100.0
2026-05-29,0055,元大MSCI金融,35.03,35.19,34.79,35.09,656,203,0,192,1.1,98.89,100.0
2026-05-29,0056,元大高股息,49.69,50.25,49.5,50.2,58208,20836,100,14481,0.96,99.03,100.0
2026-05-29,0057,富邦摩台,306.95,309.6,306.35,309.6,80,0,0,0,6.88,93.11,100.0
2026-05-29,0061,元大寶滬深,24.98,25.28,24.98,25.2,728,269,0,377,5.27,94.72,100.0
2026-05-29,1101,台泥,24.1,24.4,23.9,24.4,49699,15019,31,-159,14.97,85.02,100.0
2026-05-29,1102,亞泥,32.6,34.0,32.6,34.0,205245,3323,-689,-224,14.7,85.29,100.0
2026-05-29,1103,嘉泥,13.25,13.45,13.2,13.45,411,132,0,4,4.53,95.46,100.0
2026-05-29,1104,環泥,27.2,27.6,27.2,27.45,733,35,-2,1,15.32,84.67,100.0
2026-05-29,1108,幸福,13.6,13.75,13.6,13.7,280,57,0,1,1.24,98.75,100.0
2026-05-29,1109,信大,14.45,14.6,14.45,14.6,109,39,0,3,2.27,97.72,100.0
2026-05-29,1110,東泥,14.1,14.6,14.1,14.6,267,125,0,-1,5.87,94.12,100.0
2026-05-29,1201,味全,12.0,12.25,12.0,12.1,315,74,0,1,5.04,94.95,100.0
2026-05-29,1203,味王,43.0,44.0,43.0,43.55,22,17,0,0,1.73,98.26,100.0
2026-05-29,1210,大成,51.9,52.6,51.7,52.6,2674,655,-10,-21,11.84,88.15,100.0
2026-05-29,1213,大飲,8.41,8.41,8.17,8.31,16,0,0,0,0.01,99.98,100.0
2026-05-29,1215,卜蜂,128.0,128.0,123.5,125.0,2527,-294,-9,-105,35.0,64.99,100.0
2026-05-29,1216,統一,71.6,73.1,70.8,71.8,38842,-5961,7893,-153,31.78,68.21,100.0
2026-05-29,1217,愛之味,9.72,9.74,9.62,9.72,502,45,0,3,7.52,92.47,100.0
2026-05-29,1218,泰山,18.65,18.85,18.6,18.75,914,142,0,2,3.8,96.19,100.0
2026-05-29,1219,福壽,12.5,12.65,12.5,12.65,333,-37,0,-4,5.52,94.47,100.0
2026-05-29,1220,台榮,11.75,11.8,11.65,11.65,132,11,0,1,7.07,92.92,100.0
2026-05-29,1225,福懋油,29.55,29.55,29.2,29.25,99,-25,0,0,1.34,98.65,100.0
2026-05-29,1227,佳格,28.0,28.25,27.85,27.95,1491,17,-1,4,5.46,94.53,100.0
2026-05-29,1229,聯華,39.5,40.2,39.4,39.9,3503,705,-2,9,8.96,91.03,100.0
2026-05-29,1231,聯華食,84.8,86.0,84.8,85.5,396,212,-1,-1,2.71,97.28,100.0
2026-05-29,1232,大統益,148.0,148.5,147.5,147.5,114,1,0,1,2.55,97.44,100.0
2026-05-29,1233,天仁,27.6,28.0,27.6,28.0,1081,13,0,-1056,5.67,94.32,100.0
2026-05-29,1234,黑松,34.35,34.55,34.25,34.4,151,11,0,-7,4.71,95.28,100.0
2026-05-29,1235,興泰,39.8,41.1,39.25,41.1,25,16,0,1,0.26,99.73,100.0
2026-05-29,1236,宏亞,24.45,24.5,24.4,24.4,21,6,0,-4,0.47,99.52,100.0
2026-05-29,1240,茂生農經,57.6,57.6,57.3,57.3,2,0,0,0,3.66,96.33,100.0
2026-05-29,1256,鮮活果汁-KY,206.5,212.5,200.5,205.5,356,-43,0,-6,4.81,95.18,100.0
2026-05-29,1259,安心,57.9,58.4,56.8,58.4,9,0,0,0,26.12,73.87,100.0
2026-05-29,1260,富味鄉,23.92,24.5,23.4,24.5,35,2,0,0,0.0,0.0,0.0
2026-05-29,1264,德麥,271.5,272.0,270.5,270.5,43,0,0,-5,1.7,98.29,100.0
2026-05-29,1268,漢來美食,168.0,168.5,167.5,168.5,22,4,0,0,1.61,98.38,100.0
2026-05-29,1269,乾杯,67.79,69.7,67.8,69.7,3,0,0,0,0.0,0.0,0.0
2026-05-29,1271,晨暉生技,60.74,60.8,59.1,59.8,183,0,0,0,0.0,0.0,0.0
2026-05-29,1293,利統,26.96,27.6,26.9,27.6,1,0,0,0,0.0,0.0,0.0
2026-05-29,1294,漢田生技,77.3,77.9,77.2,77.9,10,-2,0,0,0.69,99.3,100.0
2026-05-29,1295,生合,50.3,50.4,49.95,50.0,57,-12,0,0,2.13,97.86,100.0
2026-05-29,1301,台塑,45.45,47.9,45.45,47.45,45838,11789,-6,761,30.54,69.45,100.0
2026-05-29,1303,南亞,92.0,98.6,91.9,98.1,150486,59319,2301,2193,34.14,65.85,100.0
2026-05-29,1304,台聚,12.1,12.25,11.95,12.2,8082,1147,0,-45,28.12,71.87,100.0
2026-05-29,1305,華夏,12.25,12.55,12.1,12.3,4061,685,0,16,4.33,95.66,100.0
2026-05-29,1307,三芳,30.8,31.4,30.8,31.15,794,83,-19,0,6.59,93.4,100.0
2026-05-29,1308,亞聚,13.0,13.2,12.95,13.1,3054,679,0,-6,4.18,95.81,100.0
2026-05-29,1309,台達化,15.8,16.05,15.4,15.7,11799,305,0,-51,3.11,96.88,100.0
2026-05-29,1310,台苯,8.05,8.08,7.93,8.04,4309,-485,0,-9,4.35,95.64,100.0
2026-05-29,1312,國喬,11.0,11.7,10.55,11.35,25578,-4582,0,73,3.75,96.24,100.0
2026-05-29,1313,聯成,10.6,10.8,10.5,10.7,3682,1034,0,-2,5.94,94.05,100.0
2026-05-29,1314,中石化,7.11,7.12,7.02,7.04,18071,-1077,0,2,8.8,91.19,100.0
2026-05-29,1315,達新,61.8,62.0,61.6,61.6,34,-7,0,0,1.25,98.74,100.0
2026-05-29,1316,上曜,10.3,10.4,10.1,10.1,2044,-24,0,-11,4.41,95.58,100.0
2026-05-29,1319,東陽,95.1,95.1,91.8,95.1,11135,-1229,-395,-347,7.14,92.85,100.0
2026-05-29,1321,大洋,29.05,29.05,28.55,28.85,349,-7,0,12,6.8,93.19,100.0
2026-05-29,1323,永裕,20.15,20.25,20.05,20.1,47,22,0,0,1.31,98.68,100.0
2026-05-29,1324,地球,10.25,10.35,10.2,10.3,83,-1,0,0,0.84,99.15,100.0
2026-05-29,1325,恆大,27.2,27.3,27.0,27.0,302,43,0,0,1.24,98.75,100.0
2026-05-29,1326,台化,45.95,49.9,45.8,49.9,67387,30567,-7,921,37.22,62.77,100.0
2026-05-29,1336,台翰,13.2,13.35,13.15,13.25,87,17,0,0,3.34,96.65,100.0
2026-05-29,1337,再生-KY,4.76,4.83,4.75,4.82,695,148,0,0,25.95,74.04,100.0
2026-05-29,1338,廣華-KY,16.3,16.8,16.05,16.35,434,74,0,-2,6.4,93.59,100.0
2026-05-29,1339,昭輝,47.5,47.5,45.5,45.6,1599,-185,0,-6,0.9,99.09,100.0
2026-05-29,1340,勝悅-KY,5.57,5.57,5.42,5.48,185,19,0,-13,26.31,73.68,100.0
2026-05-29,1341,富林-KY,61.6,61.6,60.8,60.8,13,4,0,0,79.89,20.1,100.0
2026-05-29,1342,八貫,91.7,92.4,91.0,91.6,215,79,0,1,30.0,69.99,100.0
2026-05-29,1343,旭東環保,20.39,20.55,19.7,20.55,40,-1,0,0,0.0,0.0,0.0
2026-05-29,1402,遠東新,24.75,25.65,24.55,25.65,330333,37671,-35232,-9,17.83,82.16,100.0
2026-05-29,1409,新纖,22.8,22.8,22.8,22.8,18564,-1010,-4,2418,14.31,85.68,100.0
2026-05-29,1410,南染,26.35,26.6,26.05,26.45,24,6,0,-1,18.93,81.06,100.0
2026-05-29,1413,宏洲,9.25,9.4,9.25,9.34,56,6,0,0,0.41,99.58,100.0
2026-05-29,1414,東和,14.3,14.5,14.3,14.5,199,-25,0,-3,1.18,98.81,100.0
2026-05-29,1416,廣豐,11.05,11.15,11.05,11.1,228,60,0,2,6.05,93.94,100.0
2026-05-29,1417,嘉裕,8.05,8.18,8.05,8.16,192,54,0,0,0.97,99.02,100.0
2026-05-29,1418,東華,18.1,18.55,18.1,18.5,51,18,0,0,0.96,99.03,100.0
2026-05-29,1419,新紡,63.8,64.4,63.4,64.2,154,54,-1,1,1.11,98.88,100.0
2026-05-29,1423,利華,42.4,42.4,41.3,41.5,62,28,0,0,1.27,98.72,100.0
2026-05-29,1432,大魯閣,16.45,16.95,16.45,16.8,718,21,0,-1,0.53,99.46,100.0
2026-05-29,1434,福懋,14.95,15.45,14.95,15.45,3946,1160,-2,-148,7.16,92.83,100.0
2026-05-29,1436,華友聯,44.25,44.25,43.95,44.25,167,36,-2,0,6.37,93.62,100.0
2026-05-29,1437,勤益控,28.2,28.45,28.2,28.4,732,275,0,0,8.37,91.62,100.0
2026-05-29,1438,三地開發,20.35,20.35,19.95,20.1,22,11,0,0,0.49,99.5,100.0
2026-05-29,1439,雋揚,26.0,26.0,25.25,25.6,47,2,0,0,1.02,98.97,100.0
2026-05-29,1440,南紡,12.0,12.55,11.9,12.55,4968,1552,-4,-133,7.34,92.65,100.0
2026-05-29,1441,大東,9.23,9.42,9.23,9.3,56,3,0,0,1.36,98.63,100.0
2026-05-29,1442,名軒,25.65,25.8,25.45,25.65,282,-90,0,0,8.53,91.46,100.0
2026-05-29,1443,立益,25.05,25.5,25.05,25.15,21,5,0,0,0.31,99.68,100.0
2026-05-29,1443,立益物流,25.05,25.5,25.05,25.15,21,5,0,0,0.31,99.68,100.0
2026-05-29,1444,力麗,6.05,6.35,6.0,6.25,3336,905,0,14,5.21,94.78,100.0
2026-05-29,1445,大宇,11.6,11.8,11.6,11.6,124,33,0,0,3.12,96.87,100.0
2026-05-29,1446,宏和,15.9,16.1,15.7,15.8,274,-8,0,0,6.2,93.79,100.0
2026-05-29,1447,力鵬,5.8,6.3,5.75,6.21,4778,365,0,-3,3.25,96.74,100.0
2026-05-29,1449,佳和,12.5,13.15,12.5,12.8,2071,-337,0,0,6.15,93.84,100.0
2026-05-29,1451,年興,16.5,16.65,16.45,16.55,111,23,0,1,5.28,94.71,100.0
2026-05-29,1452,宏益,10.4,10.55,10.4,10.45,48,16,0,0,1.93,98.06,100.0
2026-05-29,1453,大將,11.2,11.35,11.15,11.15,77,6,0,3,0.54,99.45,100.0
2026-05-29,1454,台富,12.7,12.75,12.55,12.55,39,8,0,0,0.45,99.54,100.0
2026-05-29,1455,集盛,8.69,8.69,8.45,8.61,1054,-57,0,6,2.34,97.65,100.0
2026-05-29,1456,怡華,12.9,12.9,12.6,12.7,39,5,0,0,0.52,99.47,100.0
2026-05-29,1457,宜進,13.95,14.05,13.9,14.0,160,90,0,1,1.78,98.21,100.0
2026-05-29,1459,聯發,11.7,11.75,11.65,11.65,132,53,0,1,1.67,98.32,100.0
2026-05-29,1460,宏遠,6.83,6.99,6.83,6.94,698,-16,0,1,1.92,98.07,100.0
2026-05-29,1463,強盛新,17.7,18.0,17.7,17.75,64,32,0,0,11.49,88.5,100.0
2026-05-29,1464,得力,10.1,10.2,10.05,10.2,438,64,0,1,2.02,97.97,100.0
2026-05-29,1465,偉全,12.2,12.65,12.15,12.45,175,2,0,-2,0.49,99.5,100.0
2026-05-29,1466,聚隆,14.0,14.0,13.5,14.0,557,118,0,-2,0.72,99.27,100.0
2026-05-29,1467,南緯,6.96,6.98,6.88,6.9,213,22,0,0,19.23,80.76,100.0
2026-05-29,1468,昶和,11.9,12.1,11.7,12.05,55,14,0,-2,2.05,97.94,100.0
2026-05-29,1470,大統新創,22.6,22.6,22.5,22.5,2,2,0,0,0.27,99.72,100.0
2026-05-29,1471,首利,10.15,11.15,10.1,11.15,1897,9,0,4,0.93,99.06,100.0
2026-05-29,1472,三洋實業,89.6,91.0,89.1,90.0,42,5,0,-1,0.89,99.1,100.0
2026-05-29,1473,台南,19.95,21.1,19.95,21.1,198,37,0,-4,5.26,94.73,100.0
2026-05-29,1474,弘裕,9.6,9.87,9.58,9.87,203,14,0,-2,0.48,99.51,100.0
2026-05-29,1475,業旺,24.9,25.0,24.75,24.9,38,0,0,0,0.35,99.64,100.0
2026-05-29,1476,儒鴻,345.0,346.0,337.5,342.5,1411,199,-4,38,31.05,68.94,100.0
2026-05-29,1477,聚陽,217.5,219.5,216.0,216.5,1746,-431,-146,1,15.88,84.11,100.0
2026-05-29,1480,東盟開發,9.21,9.3,9.0,9.3,23,0,0,0,0.0,0.0,0.0
2026-05-29,1503,士電,221.0,222.0,216.0,219.0,6209,-1687,1,14,30.63,69.36,100.0
2026-05-29,1504,東元,73.0,77.5,73.0,75.0,176360,1762,-424,851,11.5,88.49,100.0
2026-05-29,1506,正道,10.7,10.7,10.15,10.3,353,35,0,-2,0.58,99.41,100.0
2026-05-29,1512,瑞利,6.82,6.84,6.71,6.74,234,-65,0,4,5.34,94.65,100.0
2026-05-29,1513,中興電,168.5,169.5,165.0,166.5,12795,-5321,96,-230,11.75,88.24,100.0
2026-05-29,1514,亞力,128.5,129.0,125.0,125.5,6371,-2149,1,-91,15.86,84.13,100.0
2026-05-29,1515,力山,21.85,22.15,21.15,21.8,2330,499,0,1,4.11,95.88,100.0
2026-05-29,1516,川飛,21.1,21.1,20.55,20.7,64,-2,0,-2,5.71,94.28,100.0
2026-05-29,1517,利奇,10.0,10.1,9.99,10.0,300,8,0,0,2.47,97.52,100.0
2026-05-29,1519,華城,864.0,874.0,834.0,874.0,3902,-118,-97,-28,19.86,80.13,100.0
2026-05-29,1521,大億,29.6,29.6,29.6,29.6,417,-148,0,0,33.04,66.95,100.0
2026-05-29,1522,堤維西,34.5,34.55,33.2,34.55,13169,-502,0,39,2.66,97.33,100.0
2026-05-29,1524,耿鼎,33.8,35.05,32.9,33.45,20615,-455,0,0,1.38,98.61,100.0
2026-05-29,1525,江申,69.8,70.0,68.8,69.6,43,-1,0,0,0.29,99.7,100.0
2026-05-29,1526,日馳,14.55,14.55,14.3,14.3,95,-1,0,2,2.78,97.21,100.0
2026-05-29,1527,鑽全,32.85,33.3,32.8,33.0,338,157,0,3,10.11,89.88,100.0
2026-05-29,1528,恩德,24.5,25.4,24.5,24.9,3641,278,0,-1,1.87,98.12,100.0
2026-05-29,1529,樂事綠能,22.1,22.65,22.0,22.15,791,76,0,0,1.26,98.73,100.0
2026-05-29,1530,亞崴,36.8,36.8,34.05,35.5,1358,-96,0,-3,0.61,99.38,100.0
2026-05-29,1531,高林股,12.2,12.3,12.1,12.1,215,41,0,0,1.55,98.44,100.0
2026-05-29,1532,勤美,20.8,21.15,20.8,21.0,831,237,0,1,7.18,92.81,100.0
2026-05-29,1533,車王電,40.7,41.0,38.75,38.75,1104,-355,0,1,6.4,93.59,100.0
2026-05-29,1535,中宇,49.05,49.75,48.9,49.4,66,13,0,0,1.12,98.87,100.0
2026-05-29,1536,和大,52.0,53.7,51.4,52.8,11270,-359,0,86,6.39,93.6,100.0
2026-05-29,1537,廣隆,125.5,126.0,125.0,125.5,95,46,0,3,15.64,84.35,100.0
2026-05-29,1538,正峰,11.9,11.9,11.6,11.8,6,0,0,0,0.06,99.93,100.0
2026-05-29,1539,巨庭,16.35,16.75,16.2,16.55,413,-9,0,0,0.91,99.08,100.0
2026-05-29,1540,喬福,21.45,21.6,21.15,21.2,377,-24,0,-1,2.06,97.93,100.0
2026-05-29,1541,錩泰,21.0,22.45,20.8,21.85,132,25,0,0,9.85,90.14,100.0
2026-05-29,1558,伸興,91.2,91.8,90.8,91.6,43,3,0,-1,6.61,93.38,100.0
2026-05-29,1560,中砂,726.0,731.0,707.0,718.0,1503,-465,3,0,38.8,61.19,100.0
2026-05-29,1563,巧新,67.2,67.2,64.0,66.7,14824,3221,0,11,4.12,95.87,100.0
2026-05-29,1565,精華,92.3,94.6,92.3,94.0,176,43,0,2,7.61,92.38,100.0
2026-05-29,1568,倉佑,45.35,45.35,43.85,45.35,13595,504,0,-515,2.13,97.86,100.0
2026-05-29,1569,濱川,51.0,52.0,50.7,51.1,436,63,0,-2,5.5,94.49,100.0
2026-05-29,1570,力肯,53.4,53.4,50.5,52.1,566,-56,0,0,3.21,96.78,100.0
2026-05-29,1580,新麥,121.0,122.0,121.0,121.5,90,1,0,0,5.16,94.83,100.0
2026-05-29,1582,信錦,121.5,123.0,116.0,119.5,12841,-2300,689,26,7.03,92.96,100.0
2026-05-29,1583,程泰,62.3,62.5,59.5,60.0,469,-90,0,-1,0.35,99.64,100.0
2026-05-29,1584,精剛,19.8,20.2,19.7,19.8,662,131,0,0,4.38,95.61,100.0
2026-05-29,1586,和勤,22.15,22.2,21.6,21.75,346,-8,0,0,0.83,99.13,100.0
2026-05-29,1587,吉茂,32.2,32.35,29.85,32.0,4398,-545,0,-106,20.63,79.36,100.0
2026-05-29,1590,亞德客-KY,1420.0,1420.0,1345.0,1400.0,1562,38,0,-9,80.16,19.83,100.0
2026-05-29,1591,駿吉-KY,37.9,40.2,37.9,40.2,251,-1,0,0,4.82,95.17,100.0
2026-05-29,1593,祺驊,30.9,31.6,30.85,31.4,31,9,0,0,5.99,94.0,100.0
2026-05-29,1594,日高,9.44,9.57,8.93,9.57,56,-1,0,0,0.0,0.0,0.0
2026-05-29,1595,川寶,88.8,90.8,83.7,85.5,2027,-65,0,-19,2.24,97.75,100.0
2026-05-29,1597,直得,185.5,190.0,178.0,180.0,7244,-1105,0,-24,4.94,95.05,100.0
2026-05-29,1598,岱宇,20.0,20.5,20.0,20.45,480,257,0,2,1.83,98.16,100.0
2026-05-29,1599,宏佳騰,23.25,24.5,23.25,23.7,94,-7,0,0,7.26,92.73,100.0
2026-05-29,1603,華電,31.25,32.25,31.25,32.1,767,220,0,1,2.13,97.86,100.0
2026-05-29,1604,聲寶,23.4,23.4,23.05,23.4,570,-74,0,1,7.41,92.58,100.0
2026-05-29,1605,華新,36.65,39.1,36.6,38.75,102863,25368,1336,2976,15.75,84.24,100.0
2026-05-29,1608,華榮,33.8,34.75,33.8,34.5,7478,2723,-20,-10,3.77,96.22,100.0
2026-05-29,1609,大亞,38.0,39.45,38.0,39.25,40746,-1328,-1,190,12.49,87.5,100.0
2026-05-29,1611,中電,11.35,11.75,11.35,11.75,961,413,0,0,10.03,89.96,100.0
2026-05-29,1612,宏泰,37.0,37.85,36.95,37.25,1966,495,-17,121,18.66,81.33,100.0
2026-05-29,1614,三洋電,31.5,31.6,31.3,31.5,72,46,0,1,2.28,97.71,100.0
2026-05-29,1615,大山,42.95,43.55,42.75,43.35,285,100,0,0,0.99,99.0,100.0
2026-05-29,1616,億泰,21.85,22.5,21.55,22.0,1057,-124,0,54,2.27,97.72,100.0
2026-05-29,1617,榮星,14.7,16.0,14.7,15.95,753,-16,0,-3,19.53,80.46,100.0
2026-05-29,1618,合機,41.8,43.0,41.8,42.2,1754,358,0,11,1.17,98.82,100.0
2026-05-29,1623,大東電,248.0,248.5,239.5,243.5,403,-121,0,0,0.26,99.73,100.0
2026-05-29,1626,艾美特-KY,9.99,10.15,9.98,9.99,102,6,0,0,43.73,56.26,100.0
2026-05-29,1702,南僑,31.0,31.3,31.0,31.25,531,-7,0,0,7.63,92.36,100.0
2026-05-29,1707,葡萄王,101.0,101.0,100.0,101.0,299,-29,0,0,14.21,85.78,100.0
2026-05-29,1708,東鹼,37.0,38.3,36.9,38.2,2553,1140,0,13,15.2,84.79,100.0
2026-05-29,1709,和益,19.8,19.8,19.25,19.4,739,-293,0,0,3.78,96.21,100.0
2026-05-29,1710,東聯,13.45,14.55,13.4,13.8,12493,2238,0,69,4.46,95.53,100.0
2026-05-29,1711,永光,49.0,49.9,48.35,49.1,10533,768,0,76,4.74,95.25,100.0
2026-05-29,1712,興農,38.85,39.1,38.5,38.9,1469,25,-1,-1,14.16,85.83,100.0
2026-05-29,1713,國化,49.7,49.75,49.15,49.4,237,20,0,2,1.27,98.72,100.0
2026-05-29,1714,和桐,9.45,9.54,9.39,9.5,2480,926,0,26,21.41,78.58,100.0
2026-05-29,1717,長興,83.3,84.9,81.2,81.2,31906,-8645,928,36,12.57,87.42,100.0
2026-05-29,1718,中纖,6.46,6.63,6.42,6.62,7095,788,0,34,5.56,94.43,100.0
2026-05-29,1720,生達,61.4,61.7,61.0,61.6,228,45,0,4,4.89,95.1,100.0
2026-05-29,1721,三晃,28.65,28.8,28.05,28.25,2729,-246,0,0,1.53,98.46,100.0
2026-05-29,1722,台肥,46.4,46.6,46.05,46.6,2427,797,-2,0,7.49,92.5,100.0
2026-05-29,1723,中碳,83.0,83.4,81.5,82.3,655,-93,2,-20,8.18,91.81,100.0
2026-05-29,1725,元禎,31.0,33.8,31.0,32.3,598,-56,0,-1,0.28,99.71,100.0
2026-05-29,1726,永記,77.5,78.9,76.7,77.7,94,44,0,0,12.87,87.12,100.0
2026-05-29,1727,中華化,95.2,95.8,90.4,94.0,8961,-1473,0,-2,3.73,96.26,100.0
2026-05-29,1730,花仙子,52.4,52.7,52.4,52.5,31,7,0,0,6.75,93.24,100.0
2026-05-29,1731,美吾華,21.25,21.35,21.25,21.35,122,-9,0,1,1.02,98.97,100.0
2026-05-29,1732,毛寶,26.75,26.75,26.35,26.35,170,-35,0,0,2.06,97.93,100.0
2026-05-29,1733,五鼎,29.4,30.1,29.4,29.9,311,158,0,-2,3.3,96.69,100.0
2026-05-29,1734,杏輝,30.75,30.85,30.6,30.7,542,-85,0,0,4.97,95.02,100.0
2026-05-29,1735,日勝化,24.55,25.4,24.35,25.0,488,10,0,3,50.8,49.19,100.0
2026-05-29,1736,喬山,116.0,119.5,113.5,119.5,939,198,-1,-4,4.6,95.39,100.0
2026-05-29,1737,臺鹽,31.45,31.7,31.4,31.55,165,38,0,4,8.5,91.49,100.0
2026-05-29,1742,台蠟,15.0,15.3,15.0,15.2,26,1,0,0,0.21,99.78,100.0
2026-05-29,1752,南光,32.4,32.85,32.3,32.85,134,64,0,0,1.7,98.29,100.0
2026-05-29,1760,寶齡富錦,59.9,61.0,59.9,60.3,211,1,0,-1,11.07,88.92,100.0
2026-05-29,1762,中化生,40.45,40.45,38.95,39.05,584,-193,0,0,2.5,97.49,100.0
2026-05-29,1773,勝一,186.0,190.0,182.0,186.5,1277,-425,134,11,7.97,92.02,100.0
2026-05-29,1776,展宇,18.25,18.3,18.1,18.2,144,34,0,0,0.7,99.29,100.0
2026-05-29,1777,生泰,71.3,72.1,71.1,71.7,45,-1,0,0,0.96,99.03,100.0
2026-05-29,1780,立弘,33.43,33.65,33.2,33.55,133,0,0,0,0.0,0.0,0.0
2026-05-29,1781,合世,10.4,10.9,10.4,10.9,33,0,0,0,0.61,99.38,100.0
2026-05-29,1783,和康生,38.35,38.9,38.35,38.8,79,15,0,2,7.12,92.87,100.0
2026-05-29,1784,訊聯,64.5,66.7,64.5,66.7,287,31,0,0,3.31,96.68,100.0
2026-05-29,1785,光洋科,156.5,160.5,151.5,158.5,62303,-2353,0,76,14.42,85.57,100.0
2026-05-29,1786,科妍,52.8,53.1,52.2,52.6,252,50,0,-2,1.67,98.32,100.0
2026-05-29,1788,杏昌,134.0,134.5,133.5,134.5,41,3,0,0,11.08,88.91,100.0
2026-05-29,1789,神隆,19.35,19.8,19.25,19.75,1127,197,0,3,1.72,98.27,100.0
2026-05-29,1795,美時,190.5,198.0,190.0,195.0,2537,18,0,100,52.47,47.52,100.0
2026-05-29,1796,金穎生技,35.9,36.05,35.9,35.9,21,4,0,0,0.79,99.2,100.0
2026-05-29,1799,易威,33.2,33.65,33.1,33.25,131,46,0,0,11.79,88.2,100.0
2026-05-29,1802,台玻,71.9,72.9,69.8,71.9,78210,-8313,-4,670,5.83,94.16,100.0
2026-05-29,1805,寶徠,10.15,10.15,10.05,10.15,53,17,0,-1,0.48,99.51,100.0
2026-05-29,1806,冠軍,7.93,8.0,7.92,7.99,371,66,0,-1,9.33,90.66,100.0
2026-05-29,1808,潤隆,28.35,29.5,28.35,29.5,2274,1115,0,-53,3.91,96.08,100.0
2026-05-29,1809,中釉,43.3,44.2,41.2,43.55,8472,-1268,0,-1,2.97,97.02,100.0
2026-05-29,1810,和成,20.1,20.35,19.5,19.5,3605,-646,0,-13,3.87,96.12,100.0
2026-05-29,1813,寶利徠,11.9,12.15,11.5,12.1,296,2,0,0,9.39,90.6,100.0
2026-05-29,1815,富喬,107.5,109.0,104.5,106.0,20566,-739,150,-111,20.45,79.54,100.0
2026-05-29,1817,凱撒衛,39.0,39.3,39.0,39.25,38,9,0,0,1.61,98.38,100.0
2026-05-29,1903,士紙,49.05,49.4,48.85,49.2,197,32,0,-1,10.79,89.2,100.0
2026-05-29,1904,正隆,18.9,19.2,18.9,19.0,1512,391,-3,2,9.16,90.83,100.0
2026-05-29,1905,華紙,11.95,12.15,11.9,11.95,3276,-139,0,46,2.22,97.77,100.0
2026-05-29,1906,寶隆,10.05,10.35,10.05,10.1,93,3,0,1,0.62,99.37,100.0
2026-05-29,1907,永豐餘,24.3,24.55,24.15,24.2,1201,-70,-4,7,11.99,88.0,100.0
2026-05-29,1909,榮成,8.95,9.01,8.88,8.93,3598,421,0,4,7.6,92.39,100.0
2026-05-29,2002,中鋼,19.05,19.4,19.0,19.1,79358,2193,27,139,12.47,87.52,100.0
2026-05-29,2006,東和鋼鐵,66.9,67.6,66.6,67.6,3585,1487,-418,-22,18.95,81.04,100.0
2026-05-29,2007,燁興,7.49,7.58,7.42,7.5,452,35,0,-8,0.6,99.39,100.0
2026-05-29,2008,高興昌,28.25,29.0,28.25,28.85,43,30,0,0,7.7,92.29,100.0
2026-05-29,2009,第一銅,39.0,40.15,39.0,39.4,2058,278,0,0,2.48,97.51,100.0
2026-05-29,2010,春源,22.95,23.25,22.95,23.25,1937,780,0,-1,8.58,91.41,100.0
2026-05-29,2012,春雨,14.65,14.7,14.4,14.45,103,28,0,1,1.38,98.61,100.0
2026-05-29,2013,中鋼構,42.45,42.75,42.2,42.45,99,16,0,0,7.01,92.98,100.0
2026-05-29,2014,中鴻,18.05,18.5,18.05,18.35,8569,3644,0,304,5.37,94.62,100.0
2026-05-29,2015,豐興,62.1,64.3,61.8,64.3,682,203,-5,-66,12.31,87.68,100.0
2026-05-29,2017,官田鋼,8.95,9.06,8.92,8.99,742,74,0,0,1.79,98.2,100.0
2026-05-29,2020,美亞,21.15,21.3,21.05,21.15,411,35,0,1,1.52,98.47,100.0
2026-05-29,2022,聚亨,7.67,7.68,7.53,7.68,756,101,0,0,1.95,98.04,100.0
2026-05-29,2023,燁輝,13.6,13.8,13.6,13.65,1636,383,-4,-4,3.73,96.26,100.0
2026-05-29,2024,志聯,14.1,14.3,14.05,14.1,51,4,0,0,0.44,99.55,100.0
2026-05-29,2025,千興,12.15,12.15,11.85,11.9,242,30,0,-2,0.75,99.24,100.0
2026-05-29,2027,大成鋼,42.15,42.5,41.6,41.65,17386,1218,-5,124,18.39,81.6,100.0
2026-05-29,2028,威致,16.7,16.9,16.7,16.75,130,86,0,1,0.78,99.21,100.0
2026-05-29,2029,盛餘,20.35,20.45,20.2,20.35,451,101,0,0,66.61,33.38,100.0
2026-05-29,2030,彰源,18.1,18.15,17.8,17.95,804,16,0,0,3.76,96.23,100.0
2026-05-29,2031,新光鋼,38.6,39.5,38.6,39.35,1182,570,-18,50,7.6,92.39,100.0
2026-05-29,2032,新鋼,18.0,18.5,17.65,17.85,931,-194,0,1,3.3,96.69,100.0
2026-05-29,2033,佳大,15.15,15.45,15.1,15.45,109,18,0,0,0.83,99.16,100.0
2026-05-29,2034,允強,20.05,20.25,19.95,20.1,1765,-319,0,0,3.3,96.69,100.0
2026-05-29,2035,唐榮,27.65,28.0,27.65,28.0,5,0,0,0,0.0,99.99,100.0
2026-05-29,2038,海光,13.9,14.0,13.6,13.8,746,-86,0,-3,1.39,98.6,100.0
2026-05-29,2049,上銀,402.5,406.0,384.0,389.0,7950,-1126,-1,-25,36.09,63.9,100.0
2026-05-29,2059,川湖,4920.0,5145.0,4825.0,5065.0,839,-120,175,9,24.49,75.5,100.0
2026-05-29,2061,風青,34.4,36.3,33.3,36.3,1839,129,0,0,4.94,95.05,100.0
2026-05-29,2062,橋椿,18.55,18.7,18.5,18.7,464,82,0,0,7.24,92.75,100.0
2026-05-29,2063,世鎧,24.9,25.55,24.8,25.2,49,-4,0,0,1.01,98.98,100.0
2026-05-29,2064,晉椿,13.75,14.05,13.75,13.8,12,0,0,0,0.1,99.89,100.0
2026-05-29,2065,世豐,35.55,36.5,35.55,36.2,97,24,0,0,1.34,98.65,100.0
2026-05-29,2066,世德,59.3,59.6,57.1,58.3,191,6,0,0,9.46,90.53,100.0
2026-05-29,2067,嘉鋼,6.6,6.6,6.55,6.56,35,0,0,0,11.28,88.71,100.0
2026-05-29,2069,運錩,19.05,19.35,19.0,19.15,520,261,0,10,2.73,97.26,100.0
2026-05-29,2070,精湛,76.6,81.5,75.0,77.6,2959,-217,0,0,1.28,98.71,100.0
2026-05-29,2071,震南鐵,20.86,20.75,20.5,20.5,11,0,0,0,0.0,0.0,0.0
2026-05-29,2072,世紀風電,166.5,172.0,166.0,170.5,619,342,0,0,1.82,98.17,100.0
2026-05-29,2073,雄順,26.0,26.0,26.0,26.0,1,0,0,0,0.04,99.96,100.0
2026-05-29,2101,南港,29.95,30.45,29.8,30.05,2324,-6,0,6,5.28,94.71,100.0
2026-05-29,2102,泰豐,17.9,18.2,17.8,17.9,529,-68,0,0,2.89,97.1,100.0
2026-05-29,2103,台橡,18.95,19.15,18.9,19.05,2606,-288,0,14,20.88,79.11,100.0
2026-05-29,2104,國際中橡,9.93,10.2,9.93,10.2,4310,958,0,4,5.39,94.6,100.0
2026-05-29,2105,正新,32.3,32.45,31.95,32.4,14014,-2053,-104,576,10.8,89.19,100.0
2026-05-29,2106,建大,16.65,16.95,16.65,16.75,735,-26,-3,-3,8.26,91.73,100.0
2026-05-29,2107,厚生,24.8,25.2,24.8,25.2,165,48,0,1,6.04,93.95,100.0
2026-05-29,2108,南帝,26.95,27.3,26.95,27.05,802,93,0,1,4.92,95.07,100.0
2026-05-29,2109,華豐,14.1,14.1,14.0,14.1,232,91,0,0,15.11,84.88,100.0
2026-05-29,2114,鑫永銓,91.8,94.5,91.8,94.0,245,27,0,0,4.19,95.8,100.0
2026-05-29,2115,六暉-KY,22.0,22.3,21.5,21.6,187,-12,0,0,44.14,55.85,100.0
2026-05-29,2201,裕隆,27.4,27.6,27.15,27.45,3495,649,1,27,4.33,95.66,100.0
2026-05-29,2204,中華,53.0,54.1,53.0,53.8,2122,276,-229,1,17.73,82.26,100.0
2026-05-29,2206,三陽工業,60.0,60.6,59.8,60.6,2894,-788,-11,-6,5.6,94.39,100.0
2026-05-29,2207,和泰車,458.0,483.0,458.0,483.0,4080,402,-103,-13,21.42,78.57,100.0
2026-05-29,2208,台船,18.3,18.6,17.75,17.75,19111,-3014,-2,20,8.52,91.47,100.0
2026-05-29,2211,長榮鋼,91.5,93.2,91.5,93.2,806,215,-232,-8,3.69,96.3,100.0
2026-05-29,2221,大甲,42.0,43.15,41.95,42.5,427,43,0,0,1.62,98.37,100.0
2026-05-29,2227,裕日車,48.55,50.4,48.55,50.4,74,29,0,-2,40.36,59.63,100.0
2026-05-29,2228,劍麟,85.9,86.5,84.5,84.7,312,-98,0,0,2.98,97.01,100.0
2026-05-29,2230,泰茂,28.15,28.6,28.15,28.25,198,4,0,0,2.36,97.63,100.0
2026-05-29,2231,為升,107.5,110.5,105.5,106.0,829,90,0,-17,4.94,95.05,100.0
2026-05-29,2233,宇隆,356.5,372.0,351.0,353.0,1723,-453,0,20,6.15,93.84,100.0
2026-05-29,2235,謚源,32.0,32.6,31.8,32.3,12,0,0,0,0.03,99.96,100.0
2026-05-29,2236,百達-KY,138.0,138.5,135.0,136.5,383,-102,0,0,52.22,47.77,100.0
2026-05-29,2237,華德動能,37.85,38.8,37.85,38.8,189,-7,0,0,0.0,0.0,0.0
2026-05-29,2239,英利-KY,24.6,25.4,23.8,24.05,283,-86,0,3,75.37,24.62,100.0
2026-05-29,2241,艾姆勒,39.6,39.8,34.45,34.55,7645,-2107,0,-14,7.71,92.28,100.0
2026-05-29,2243,宏旭-KY,24.85,27.3,24.85,27.3,2447,782,0,4,27.59,72.4,100.0
2026-05-29,2245,詠勝昌*,26.51,28.85,26.9,28.6,43,-2,0,0,0.0,0.0,0.0
2026-05-29,2247,汎德永業,214.5,227.5,213.0,223.5,789,-87,0,-3,4.07,95.92,100.0
2026-05-29,2248,華勝-KY,55.5,56.3,55.0,55.1,54,17,0,1,50.19,49.8,100.0
2026-05-29,2249,湧盛,124.53,127.0,123.5,125.5,114,1,0,0,0.0,0.0,0.0
2026-05-29,2250,IKKA-KY,61.3,66.8,61.3,65.0,314,13,0,0,6.88,93.09,100.0
2026-05-29,2252,為昇科,18.03,18.05,17.45,18.0,54,0,0,0,0.0,0.0,0.0
2026-05-29,2254,巨鎧精密-創,65.2,70.9,65.1,70.9,30,2,0,-6,23.84,76.15,100.0
2026-05-29,2255,凱銳光電,19.12,19.65,18.6,18.95,39,0,0,0,0.0,0.0,0.0
2026-05-29,2256,歐特明,85.24,91.5,83.9,88.8,352,0,0,0,0.0,0.0,0.0
2026-05-29,2258,鴻華先進-創,29.55,30.3,29.35,30.15,1151,321,0,1,0.34,99.65,100.0
2026-05-29,2301,光寶科,236.0,242.0,234.0,234.5,58581,251,-621,355,40.23,59.76,100.0
2026-05-29,2302,麗正,36.65,39.25,36.0,37.5,17610,-3375,0,3,2.92,97.07,100.0
2026-05-29,2303,聯電,149.0,149.0,138.0,144.5,366515,-28218,-28689,831,36.63,63.36,100.0
2026-05-29,2305,全友,23.3,24.6,22.3,23.8,9462,-1016,0,16,6.17,93.82,100.0
2026-05-29,2308,台達電,2470.0,2525.0,2445.0,2445.0,17179,159,604,43,64.34,35.65,100.0
2026-05-29,2312,金寶,39.55,39.7,37.8,38.95,102606,-6951,0,41,11.27,88.72,100.0
2026-05-29,2313,華通,271.0,284.5,265.5,284.5,84156,28289,-387,482,25.94,74.05,100.0
2026-05-29,2314,台揚,15.8,15.8,15.55,15.7,321,0,0,0,1.57,98.42,100.0
2026-05-29,2316,楠梓電,172.5,174.0,165.5,168.5,5756,-1481,0,16,33.99,66.0,100.0
2026-05-29,2317,鴻海,269.0,289.0,268.0,289.0,289511,80338,7423,4618,41.46,58.53,100.0
2026-05-29,2321,東訊,14.95,15.1,14.95,15.1,5,0,0,0,0.01,99.98,100.0
2026-05-29,2323,中環,10.25,10.4,10.25,10.35,4530,624,0,7,10.04,89.95,100.0
2026-05-29,2324,仁寶,35.25,36.85,35.0,36.7,709500,77121,-9778,3003,42.38,57.61,100.0
2026-05-29,2327,國巨*,775.0,784.0,735.0,738.0,28926,-5437,278,538,51.37,48.62,100.0
2026-05-29,2328,廣宇,54.1,56.4,53.6,55.5,15829,373,0,712,9.43,90.56,100.0
2026-05-29,2329,華泰,62.4,63.0,59.9,61.1,27262,-1494,0,742,11.41,88.58,100.0
2026-05-29,2330,台積電,2340.0,2375.0,2330.0,2355.0,104783,13284,349,420,70.39,29.6,100.0
2026-05-29,2331,精英,20.6,22.2,20.45,22.2,11905,2843,-8,34,6.53,93.46,100.0
2026-05-29,2332,友訊,16.8,17.35,16.25,16.95,16845,3376,0,85,11.4,88.59,100.0
2026-05-29,2337,旺宏,167.0,169.5,162.5,166.5,170917,8184,23,-151,29.18,70.81,100.0
2026-05-29,2338,光罩,57.9,59.4,56.9,57.9,10061,36,0,187,6.99,93.0,100.0
2026-05-29,2340,台亞,39.0,39.4,38.05,38.15,5153,-754,0,-33,9.02,90.97,100.0
2026-05-29,2342,茂矽,44.1,44.75,42.05,42.8,5841,-562,0,0,6.09,93.9,100.0
2026-05-29,2344,華邦電,155.0,158.0,151.0,158.0,249880,53583,17253,1001,25.08,74.91,100.0
2026-05-29,2345,智邦,2505.0,2530.0,2390.0,2430.0,6396,601,-457,-15,58.16,41.83,100.0
2026-05-29,2347,聯強,87.8,87.8,85.9,85.9,3864,-295,-134,-3,33.24,66.75,100.0
2026-05-29,2348,海悅,67.9,68.3,67.6,68.1,188,50,0,-2,0.84,99.15,100.0
2026-05-29,2349,錸德,14.0,14.15,13.85,14.0,7983,2589,0,-3,13.57,86.42,100.0
2026-05-29,2351,順德,230.5,233.0,204.0,207.5,12661,-1603,0,-132,16.48,83.51,100.0
2026-05-29,2352,佳世達,28.05,28.9,28.0,28.9,14114,1471,20,107,10.6,89.39,100.0
2026-05-29,2353,宏碁,33.8,35.2,33.55,35.2,75474,5691,-300,-2427,10.59,89.4,100.0
2026-05-29,2354,鴻準,59.0,61.7,59.0,60.9,20457,1686,-1,362,10.59,89.4,100.0
2026-05-29,2355,敬鵬,62.5,65.3,61.4,65.3,23338,107,0,168,18.66,81.33,100.0
2026-05-29,2356,英業達,68.1,70.2,67.7,70.2,220828,-3539,9510,1416,18.39,81.6,100.0
2026-05-29,2357,華碩,708.0,761.0,708.0,761.0,13953,5965,611,153,33.9,66.09,100.0
2026-05-29,2359,所羅門,139.5,145.5,138.0,143.0,4973,846,0,119,4.33,95.66,100.0
2026-05-29,2360,致茂,2570.0,2610.0,2450.0,2520.0,5371,-69,-250,0,58.08,41.91,100.0
2026-05-29,2362,藍天,41.5,44.15,41.45,44.05,6210,83,0,-24,10.58,89.41,100.0
2026-05-29,2363,矽統,66.1,67.5,63.6,66.9,16639,-1323,8,387,8.67,91.32,100.0
2026-05-29,2364,倫飛,69.0,69.0,67.8,68.4,224,39,0,3,15.67,84.32,100.0
2026-05-29,2365,昆盈,36.95,38.85,36.65,38.7,9067,785,0,16,4.07,95.92,100.0
2026-05-29,2367,燿華,66.9,69.4,65.3,68.1,63669,12742,0,1100,7.64,92.35,100.0
2026-05-29,2368,金像電,1335.0,1360.0,1275.0,1320.0,6593,307,-154,3,25.94,74.05,100.0
2026-05-29,2369,菱生,40.05,41.45,39.2,40.3,48804,-1607,0,113,21.93,78.06,100.0
2026-05-29,2371,大同,29.1,29.85,29.1,29.8,16038,7068,17,21,7.49,92.5,100.0
2026-05-29,2373,震旦行,58.1,58.2,57.2,58.2,55,30,0,1,0.84,99.15,100.0
2026-05-29,2374,佳能,80.0,84.4,79.8,83.2,20794,2692,-1,383,6.83,93.16,100.0
2026-05-29,2375,凱美,171.5,176.5,158.5,166.5,47401,-409,0,-228,12.36,87.63,100.0
2026-05-29,2376,技嘉,350.5,371.0,350.0,370.0,33434,5367,1539,586,23.91,76.08,100.0
2026-05-29,2377,微星,126.0,133.0,126.0,131.0,41284,7206,10,338,12.9,87.09,100.0
2026-05-29,2379,瑞昱,613.0,615.0,580.0,580.0,7108,-1728,727,-112,52.08,47.91,100.0
2026-05-29,2380,虹光,5.5,5.5,5.39,5.39,399,6,0,0,0.26,99.73,100.0
2026-05-29,2382,廣達,315.5,339.0,315.5,339.0,87792,1857,15430,1139,24.04,75.95,100.0
2026-05-29,2383,台光電,4925.0,5250.0,4925.0,5120.0,3687,-148,91,20,43.25,56.74,100.0
2026-05-29,2385,群光,133.0,136.0,133.0,135.5,3427,200,-130,66,18.93,81.06,100.0
2026-05-29,2387,精元,40.55,41.4,40.55,41.1,850,356,0,1,9.29,90.7,100.0
2026-05-29,2388,威盛,76.1,77.3,75.1,76.9,6298,-1082,8,34,13.8,86.19,100.0
2026-05-29,2390,云辰,10.8,10.85,10.65,10.8,1085,-101,0,4,2.97,97.02,100.0
2026-05-29,2392,正崴,38.2,40.0,38.2,39.25,5819,906,-1,125,7.09,92.9,100.0
2026-05-29,2393,億光,62.6,63.5,62.1,62.5,2865,-417,-91,-2,29.36,70.63,100.0
2026-05-29,2395,研華,496.0,515.0,492.0,495.0,10573,-617,301,120,35.42,64.57,100.0
2026-05-29,2397,友通,62.9,63.7,62.9,63.5,318,71,0,0,12.41,87.58,100.0
2026-05-29,2399,映泰,49.8,49.8,47.85,47.9,6976,-934,0,3,6.51,93.48,100.0
2026-05-29,2401,凌陽,30.95,30.95,29.85,30.0,11222,-1880,1,17,13.49,86.5,100.0
2026-05-29,2402,毅嘉,68.0,70.0,66.8,69.4,12426,809,-869,560,6.06,93.32,100.0
2026-05-29,2404,漢唐,1200.0,1205.0,1150.0,1155.0,3394,-1005,-81,-7,32.89,67.1,100.0
2026-05-29,2405,輔信,16.8,18.05,16.7,17.65,18377,-3237,0,6,5.42,94.57,100.0
2026-05-29,2406,國碩,33.75,34.8,33.05,34.55,9814,658,0,21,17.24,82.75,100.0
2026-05-29,2408,南亞科,347.5,351.5,338.5,347.0,140975,19483,4795,208,14.25,85.74,100.0
2026-05-29,2409,友達,22.35,23.2,21.9,23.0,481574,66341,9,3125,13.97,86.02,100.0
2026-05-29,2412,中華電,137.5,138.5,136.5,137.0,28220,-6478,4972,966,17.02,31.97,49.0
2026-05-29,2413,環科,51.9,52.6,50.5,51.2,4200,32,0,0,5.1,94.89,100.0
2026-05-29,2414,精技,50.5,51.5,50.5,50.8,229,25,0,0,5.44,94.55,100.0
2026-05-29,2415,錩新,27.0,27.3,26.85,27.0,115,5,0,2,20.96,79.03,100.0
2026-05-29,2417,圓剛,48.65,49.75,48.45,49.0,1860,249,0,-17,3.79,96.2,100.0
2026-05-29,2419,仲琦,32.3,33.35,31.7,32.65,5471,167,0,552,1.87,98.12,100.0
2026-05-29,2420,新巨,65.9,66.1,63.5,64.3,864,-293,0,1,7.73,92.26,100.0
2026-05-29,2421,建準,157.5,160.5,155.5,159.0,4799,586,1,140,29.84,70.15,100.0
2026-05-29,2423,固緯,87.6,87.6,81.6,82.1,497,-229,0,1,4.95,95.04,100.0
2026-05-29,2424,隴華,13.7,13.7,12.5,12.5,215,15,0,0,0.43,48.56,49.0
2026-05-29,2425,承啟,35.1,36.1,35.1,35.6,642,100,0,-1,10.27,89.72,100.0
2026-05-29,2426,鼎元,84.5,86.5,80.3,81.2,24537,-5521,0,-61,7.35,92.64,100.0
2026-05-29,2427,三商電,20.3,20.65,20.3,20.6,876,296,0,2,3.53,96.46,100.0
2026-05-29,2428,興勤,321.5,321.5,291.0,292.0,7407,-833,0,-83,19.51,80.48,100.0
2026-05-29,2429,銘旺科,46.8,47.9,46.8,47.35,352,11,0,0,0.71,99.28,100.0
2026-05-29,2430,燦坤,18.25,18.3,18.15,18.3,114,5,0,0,2.7,97.29,100.0
2026-05-29,2431,聯昌,10.2,10.5,10.2,10.45,556,244,0,-1,2.5,97.49,100.0
2026-05-29,2432,倚天,26.5,26.6,26.35,26.45,53,-5,0,0,0.66,99.33,100.0
2026-05-29,2432,倚天酷碁-創,26.5,26.6,26.35,26.45,53,-5,0,0,0.66,99.33,100.0
2026-05-29,2433,互盛電,43.9,43.9,43.1,43.4,43,21,0,0,0.89,99.1,100.0
2026-05-29,2434,統懋,37.25,40.05,37.25,39.75,905,-108,0,-2,0.98,99.01,100.0
2026-05-29,2436,偉詮電,78.9,79.5,75.8,77.2,8182,-2532,3,27,12.05,87.94,100.0
2026-05-29,2438,翔耀,29.0,29.15,25.5,28.2,1800,-124,0,0,0.91,99.08,100.0
2026-05-29,2439,美律,92.0,92.5,91.3,91.8,2729,-165,1,-13,12.63,87.36,100.0
2026-05-29,2440,太空梭,16.9,17.6,16.9,17.6,713,244,0,-3,2.4,97.59,100.0
2026-05-29,2441,超豐,143.5,146.5,139.5,141.5,15708,-4356,-11,-9,10.31,89.68,100.0
2026-05-29,2442,新美齊,18.75,18.75,18.45,18.65,2579,-748,0,3,1.87,98.12,100.0
2026-05-29,2444,兆勁,12.35,12.45,12.2,12.4,830,244,0,2,2.4,97.59,100.0
2026-05-29,2449,京元電子,329.0,329.5,311.5,328.5,68983,11362,-9157,185,29.97,70.02,100.0
2026-05-29,2450,神腦,29.35,30.15,29.35,29.85,595,165,0,8,1.17,98.82,100.0
2026-05-29,2451,創見,332.0,343.0,329.0,338.0,7479,1477,-5,-58,12.01,87.98,100.0
2026-05-29,2453,凌群,60.9,61.0,60.2,61.0,1153,-175,0,0,4.39,95.6,100.0
2026-05-29,2454,聯發科,4460.0,4485.0,4235.0,4310.0,23109,-2324,-1020,-130,56.05,43.94,100.0
2026-05-29,2455,全新,399.0,422.0,392.0,422.0,2092,958,-99,5,26.43,73.56,100.0
2026-05-29,2457,飛宏,25.4,26.0,25.15,26.0,3856,1338,0,-40,6.9,93.09,100.0
2026-05-29,2458,義隆,163.5,164.5,159.5,162.0,2420,-368,1,-11,24.55,75.44,100.0
2026-05-29,2459,敦吉,67.0,67.4,66.9,67.1,261,33,0,0,16.79,83.2,100.0
2026-05-29,2460,建通,32.65,32.7,31.9,32.4,447,92,0,1,0.96,99.03,100.0
2026-05-29,2461,光群雷,16.4,16.4,16.05,16.25,1161,297,0,1,5.38,94.61,100.0
2026-05-29,2462,良得電,21.05,21.2,20.75,21.0,420,30,0,0,1.32,98.67,100.0
2026-05-29,2464,盟立,175.0,184.5,173.0,184.5,14603,1857,0,77,12.57,87.42,100.0
2026-05-29,2465,麗臺,83.2,86.2,81.6,82.8,1913,-252,0,0,5.48,94.51,100.0
2026-05-29,2466,冠西電,48.0,48.0,46.5,47.6,374,27,0,-2,10.47,89.52,100.0
2026-05-29,2467,志聖,640.0,640.0,612.0,619.0,1559,-323,0,43,20.26,79.73,100.0
2026-05-29,2468,華經,33.7,33.95,33.2,33.2,246,-6,0,0,1.55,98.44,100.0
2026-05-29,2471,資通,51.0,51.3,50.8,51.1,175,45,0,0,4.86,95.13,100.0
2026-05-29,2472,立隆電,404.0,404.0,362.0,371.0,21372,-1183,0,-47,10.47,89.52,100.0
2026-05-29,2474,可成,193.0,205.0,191.0,203.5,61961,4404,-3757,578,23.16,76.83,100.0
2026-05-29,2476,鉅祥,127.0,127.0,120.5,122.0,5305,-1048,0,-34,10.17,89.82,100.0
2026-05-29,2477,美隆電,21.8,21.8,21.2,21.55,358,-1,0,0,23.37,76.62,100.0
2026-05-29,2478,大毅,139.0,139.0,130.5,139.0,4217,332,0,14,15.7,84.29,100.0
2026-05-29,2480,敦陽科,147.0,149.0,147.0,148.5,519,156,-4,15,10.09,89.9,100.0
2026-05-29,2481,強茂,157.0,162.5,150.0,162.5,40975,-5177,7277,167,22.75,77.24,100.0
2026-05-29,2482,連宇,16.3,16.55,16.15,16.25,239,19,0,-1,1.46,98.53,100.0
2026-05-29,2483,百容,26.0,26.0,25.5,25.7,376,-11,0,13,2.52,97.47,100.0
2026-05-29,2484,希華,57.5,58.0,53.2,54.3,25851,-6819,0,-56,6.78,93.21,100.0
2026-05-29,2485,兆赫,72.5,74.9,71.3,74.2,26575,3876,0,333,3.15,96.84,100.0
2026-05-29,2486,一詮,264.0,276.0,263.0,264.5,6617,-1009,0,-27,13.61,86.38,100.0
2026-05-29,2488,漢平,53.8,53.9,53.0,53.1,128,24,0,0,6.98,93.01,100.0
2026-05-29,2489,瑞軒,48.6,50.4,48.35,49.5,37165,-1267,-1,102,7.16,92.83,100.0
2026-05-29,2491,吉祥全,22.55,24.25,22.5,23.3,1649,256,0,0,6.48,93.51,100.0
2026-05-29,2492,華新科,410.0,411.5,384.0,394.0,4526,325,8,297,25.11,74.88,100.0
2026-05-29,2493,揚博,163.5,166.0,158.0,160.0,4547,-1443,1,14,3.44,96.55,100.0
2026-05-29,2495,普安,50.5,52.0,49.5,51.5,22833,-614,1,-3,11.01,88.98,100.0
2026-05-29,2496,卓越,64.7,65.0,64.6,64.8,11,2,0,0,23.25,76.74,100.0
2026-05-29,2497,怡利電,61.9,62.1,59.3,59.7,1479,-296,0,-2,3.12,96.87,100.0
2026-05-29,2498,宏達電,44.85,45.8,44.45,45.25,11262,3238,0,426,9.01,90.98,100.0
2026-05-29,2501,國建,22.25,22.65,22.2,22.65,5382,1128,0,-39,11.01,88.98,100.0
2026-05-29,2504,國產,34.8,35.15,34.6,34.6,3489,449,-311,42,7.36,92.63,100.0
2026-05-29,2505,國揚,17.4,17.45,17.25,17.4,532,-27,0,4,3.53,96.46,100.0
2026-05-29,2506,太設,8.65,8.65,8.6,8.65,122,64,0,1,4.8,95.19,100.0
2026-05-29,2509,全坤建,12.4,12.45,12.3,12.35,176,-29,0,1,1.33,98.66,100.0
2026-05-29,2511,太子,7.69,7.73,7.65,7.69,1201,329,0,27,2.34,97.65,100.0
2026-05-29,2514,龍邦,12.9,13.0,12.85,12.95,147,32,0,1,2.23,97.76,100.0
2026-05-29,2515,中工,12.75,13.0,12.6,13.0,8422,256,-4,-20,7.1,92.89,100.0
2026-05-29,2516,新建,12.7,13.15,12.6,12.75,189,-7,0,0,2.39,97.6,100.0
2026-05-29,2520,冠德,30.15,30.15,29.8,29.85,1374,-489,-8,2,11.87,88.12,100.0
2026-05-29,2524,京城,34.05,34.6,34.0,34.45,86,56,0,-3,0.7,99.29,100.0
2026-05-29,2527,宏璟,37.4,37.7,36.3,36.75,677,-34,0,18,42.25,57.74,100.0
2026-05-29,2528,皇普,21.1,21.5,20.75,21.1,1354,-172,-4,2,1.04,98.95,100.0
2026-05-29,2530,華建,18.05,18.8,18.05,18.7,1379,331,-10,0,2.85,97.14,100.0
2026-05-29,2534,宏盛,17.3,17.3,16.9,17.3,1015,-353,0,-2,6.08,93.91,100.0
2026-05-29,2535,達欣工,80.2,80.5,79.6,80.3,378,-51,0,2,6.6,93.39,100.0
2026-05-29,2536,宏普,19.8,19.8,19.3,19.5,376,-57,0,3,8.83,91.16,100.0
2026-05-29,2537,聯上發,9.48,9.52,9.42,9.45,618,-63,0,1,1.96,98.03,100.0
2026-05-29,2538,基泰,9.3,9.32,9.25,9.31,357,3,0,3,9.86,90.13,100.0
2026-05-29,2539,櫻花建,34.65,36.6,34.35,36.6,2644,13,0,-85,1.88,98.11,100.0
2026-05-29,2540,愛山林,53.1,55.3,52.7,55.0,1416,190,0,-63,1.5,98.49,100.0
2026-05-29,2542,興富發,42.3,42.35,41.6,41.95,12369,-4120,0,20,10.86,89.13,100.0
2026-05-29,2543,皇昌,42.0,45.9,41.55,45.9,5022,37,-1,54,1.13,98.86,100.0
2026-05-29,2545,皇翔,36.35,36.35,36.05,36.3,343,-148,0,1,2.66,97.33,100.0
2026-05-29,2546,根基,87.0,87.7,87.0,87.6,78,24,0,2,3.39,96.6,100.0
2026-05-29,2547,日勝生,9.94,9.96,9.81,9.86,2198,-565,-11,5,12.73,87.26,100.0
2026-05-29,2548,華固,121.0,121.5,118.0,119.5,5111,-2599,-42,-39,16.63,83.36,100.0
2026-05-29,2596,綠意,27.25,27.35,26.55,27.25,118,-32,0,0,0.64,99.35,100.0
2026-05-29,2597,潤弘,158.5,166.0,157.0,166.0,1330,479,-1,-29,3.12,96.87,100.0
2026-05-29,2601,益航,5.1,5.25,5.05,5.24,4603,102,0,-1,13.13,36.85,49.99
2026-05-29,2603,長榮,212.5,216.5,211.0,213.0,30658,-7914,12001,412,20.58,29.4,49.99
2026-05-29,2605,新興,31.4,31.6,30.2,30.2,10601,-6580,-2,1592,48.85,1.13,49.99
2026-05-29,2606,裕民,72.1,72.1,68.6,69.0,5406,-1297,-17,-69,15.14,34.84,49.99
2026-05-29,2607,榮運,47.5,48.1,47.4,47.6,1071,-232,0,1,8.54,41.44,49.99
2026-05-29,2608,嘉里大榮,28.9,29.25,28.8,29.1,679,-127,0,2,3.2,96.79,100.0
2026-05-29,2609,陽明,53.0,53.3,52.4,52.7,29776,7588,-337,139,14.71,35.27,49.99
2026-05-29,2610,華航,18.9,19.15,18.8,19.1,314468,29401,-167,131,14.17,35.81,49.99
2026-05-29,2611,志信,13.05,13.05,12.9,13.0,347,13,0,0,0.91,99.08,100.0
2026-05-29,2612,中航,58.3,58.5,57.6,57.7,1072,-248,0,-4,3.86,96.13,100.0
2026-05-29,2613,中櫃,21.4,21.65,21.4,21.55,274,111,0,0,1.38,31.94,33.33
2026-05-29,2614,東森,18.1,18.35,18.0,18.35,587,129,0,0,3.08,46.9,49.99
2026-05-29,2615,萬海,81.7,82.2,80.9,82.0,8878,1196,-3,166,42.74,7.24,49.99
2026-05-29,2616,山隆,13.6,13.65,13.35,13.65,330,83,0,-6,1.97,98.02,100.0
2026-05-29,2617,台航,29.1,29.2,28.9,28.95,675,129,0,0,8.6,41.38,49.99
2026-05-29,2618,長榮航,35.95,36.7,35.65,36.05,122963,-20469,36156,770,21.73,28.25,49.99
2026-05-29,2630,亞航,42.25,43.7,42.25,42.75,1498,202,0,-1,4.01,95.98,100.0
2026-05-29,2633,台灣高鐵,25.05,25.3,24.8,24.85,222475,-4598,-44,-8,8.33,40.65,48.99
2026-05-29,2634,漢翔,46.6,48.0,46.5,47.0,8138,1452,-4,15,2.9,7.09,10.0
2026-05-29,2636,台驊控股,67.3,67.8,67.2,67.7,378,65,0,0,9.3,90.69,100.0
2026-05-29,2637,慧洋-KY,78.4,78.4,75.3,75.3,3827,-600,-9,-126,18.9,81.09,100.0
2026-05-29,2640,大車隊,162.0,162.0,160.5,160.5,26,7,0,0,4.78,95.21,100.0
2026-05-29,2641,正德,17.75,17.85,17.5,17.7,1828,441,0,0,3.24,96.75,100.0
2026-05-29,2642,宅配通,20.8,21.8,20.8,21.1,212,-14,0,1,5.31,94.68,100.0
2026-05-29,2643,捷迅,66.1,66.4,65.5,66.4,19,-1,0,0,1.42,98.57,100.0
2026-05-29,2644,中信造船,77.31,81.3,74.7,78.4,161,9,0,0,0.0,0.0,0.0
2026-05-29,2645,長榮航太,166.0,172.0,164.5,166.5,2658,37,-2,7,7.43,92.56,100.0
2026-05-29,2646,星宇航空,20.15,20.45,20.1,20.45,7943,4225,-3,-5,2.87,47.11,49.99
2026-05-29,2701,萬企,10.25,10.3,10.2,10.25,170,54,0,2,0.55,99.44,100.0
2026-05-29,2702,華園,12.7,12.95,12.7,12.9,56,27,0,0,39.44,60.55,100.0
2026-05-29,2704,國賓,42.2,42.55,42.1,42.1,204,-43,0,0,9.79,90.2,100.0
2026-05-29,2705,六福,15.05,15.2,15.05,15.15,271,-1,0,0,1.38,98.61,100.0
2026-05-29,2706,第一店,12.0,12.0,11.9,11.95,78,44,0,1,2.65,97.34,100.0
2026-05-29,2707,晶華,172.0,173.0,171.0,173.0,306,-6,0,-1,5.7,94.29,100.0
2026-05-29,2712,遠雄來,14.55,14.8,14.5,14.6,15,4,0,0,0.3,99.69,100.0
2026-05-29,2718,晶悅,45.6,46.75,45.4,46.45,92,22,0,0,0.59,99.4,100.0
2026-05-29,2718,全心投控,45.6,46.75,45.4,46.45,92,22,0,0,0.59,99.4,100.0
2026-05-29,2719,燦星旅,24.9,25.6,24.9,25.4,21,-1,0,0,0.18,99.81,100.0
2026-05-29,2722,夏都,22.7,22.7,22.25,22.35,75,29,0,0,0.37,99.62,100.0
2026-05-29,2723,美食-KY,60.6,61.6,60.2,61.2,433,153,0,1,46.1,53.89,100.0
2026-05-29,2724,富驛-KY,13.1,13.1,13.1,13.1,1,0,0,0,15.09,84.9,100.0
2026-05-29,2724,藝舍-KY,13.1,13.1,13.1,13.1,1,0,0,0,15.09,84.9,100.0
2026-05-29,2726,雅茗-KY,9.75,10.4,9.72,10.4,49,-8,0,0,23.54,76.45,100.0
2026-05-29,2727,王品,233.0,234.0,232.0,233.0,263,55,-13,0,26.94,73.05,100.0
2026-05-29,2729,瓦城,159.0,160.0,159.0,159.0,36,4,0,0,2.09,97.9,100.0
2026-05-29,2731,雄獅,167.0,168.5,165.5,167.5,1510,-31,-24,25,11.95,88.04,100.0
2026-05-29,2732,六角,64.9,65.4,63.5,64.2,82,-13,0,0,4.32,95.67,100.0
2026-05-29,2733,維格餅家,11.05,11.05,11.0,11.05,0,0,0,0,0.0,0.0,0.0
2026-05-29,2734,易飛網,14.85,14.95,14.8,14.9,117,28,0,0,3.75,96.24,100.0
2026-05-29,2736,富野,12.0,12.05,11.95,12.0,84,-4,0,0,1.03,98.96,100.0
2026-05-29,2739,寒舍,34.65,35.2,34.65,35.05,127,63,0,-1,2.62,97.37,100.0
2026-05-29,2740,天蔥,35.45,35.85,34.95,34.95,3,0,0,0,1.66,98.33,100.0
2026-05-29,2740,華軒,35.45,35.85,34.95,34.95,3,0,0,0,1.66,98.33,100.0
2026-05-29,2741,老四川,20.9,21.1,20.4,21.1,31,-2,0,0,0.0,0.0,0.0
2026-05-29,2743,山富,67.6,68.0,67.0,67.9,131,43,0,0,1.29,98.7,100.0
2026-05-29,2745,五福,102.0,103.0,101.5,102.5,130,65,0,0,1.06,98.93,100.0
2026-05-29,2748,雲品,38.75,39.0,38.75,38.8,137,33,0,0,1.05,98.94,100.0
2026-05-29,2751,王座,52.0,53.9,51.8,52.8,22,-1,0,0,0.44,99.55,100.0
2026-05-29,2752,豆府,172.5,173.0,172.0,172.5,10,-1,0,0,1.27,98.72,100.0
2026-05-29,2753,八方雲集,173.5,176.0,172.5,175.5,357,-67,-3,0,3.47,96.52,100.0
2026-05-29,2754,亞洲藏壽司,68.1,68.3,67.6,67.7,45,-2,0,0,67.84,32.15,100.0
2026-05-29,2755,揚秦,132.0,135.5,132.0,135.0,44,-4,0,0,1.14,98.85,100.0
2026-05-29,2756,聯發國際,61.0,61.0,59.6,60.1,16,-6,0,0,1.24,98.75,100.0
2026-05-29,2758,路易莎咖啡,67.89,67.9,64.7,67.9,4,0,0,0,0.0,0.0,0.0
2026-05-29,2760,巨宇翔,20.09,21.05,20.0,21.05,3,0,0,0,0.0,0.0,0.0
2026-05-29,2761,橘焱胡同,15.03,15.15,14.8,14.8,32,0,0,0,0.0,0.0,0.0
2026-05-29,2762,世界健身-KY,82.6,84.3,82.2,82.4,189,53,0,0,82.56,17.43,100.0
2026-05-29,2801,彰銀,20.2,20.4,20.05,20.25,52955,-9350,2213,46,17.04,82.95,100.0
2026-05-29,2812,台中銀,18.5,18.6,18.4,18.45,18546,109,-4,4,7.62,92.37,100.0
2026-05-29,2816,旺旺保,32.3,32.6,32.25,32.6,392,162,0,0,2.08,97.91,100.0
2026-05-29,2820,華票,16.75,16.8,16.7,16.8,1338,-215,0,4,8.54,91.45,100.0
2026-05-29,2832,台產,53.2,53.2,52.7,52.9,249,-52,0,0,4.01,95.98,100.0
2026-05-29,2834,臺企銀,16.0,16.25,15.95,16.25,67812,2721,-179,-614,16.01,83.98,100.0
2026-05-29,2836,高雄銀,11.75,11.8,11.65,11.65,1846,-963,-3,30,7.23,92.76,100.0
2026-05-29,2838,聯邦銀,20.2,20.45,20.15,20.45,2471,571,-7,-148,4.24,95.75,100.0
2026-05-29,2845,遠東銀,11.95,12.0,11.85,11.85,11510,-2523,-5,132,8.51,91.48,100.0
2026-05-29,2849,安泰銀,13.75,14.1,13.75,13.9,169,122,0,2,58.9,41.09,100.0
2026-05-29,2850,新產,137.5,145.5,137.0,145.5,1534,271,-4,-42,10.42,89.57,100.0
2026-05-29,2851,中再保,35.45,35.55,34.9,35.1,1979,-184,0,3,8.65,91.34,100.0
2026-05-29,2852,第一保,26.9,27.0,26.8,26.95,335,6,0,0,4.8,95.19,100.0
2026-05-29,2855,統一證,46.1,47.5,45.7,47.5,11633,2239,-25,0,13.91,86.08,100.0
2026-05-29,2867,三商壽,7.5,7.52,7.44,7.52,11342,671,0,1215,18.13,81.86,100.0
2026-05-29,2880,華南金,29.95,31.2,29.8,30.5,129129,-43961,42905,-404,16.13,83.86,100.0
2026-05-29,2881,富邦金,110.5,111.0,107.0,110.0,139031,26713,-26076,148,18.21,81.78,100.0
2026-05-29,2882,國泰金,85.6,85.8,84.0,85.7,71446,17605,-19634,-83,21.52,78.47,100.0
2026-05-29,2883,凱基金,22.5,22.6,22.0,22.5,107714,-5020,-7013,2009,30.4,69.59,100.0
2026-05-29,2884,玉山金,30.9,31.0,30.75,30.95,119510,10699,-12524,-635,30.31,69.68,100.0
2026-05-29,2885,元大金,59.4,60.2,58.9,59.6,91346,7575,-6462,-281,26.5,73.49,100.0
2026-05-29,2886,兆豐金,40.45,40.85,40.0,40.0,121250,-4857,12516,231,21.5,78.49,100.0
2026-05-29,2887,台新新光金,23.25,23.45,23.0,23.35,225036,-62209,53320,-2755,22.6,77.39,100.0
2026-05-29,2889,國票金,14.6,14.7,14.55,14.7,2933,473,0,9,8.46,91.53,100.0
2026-05-29,2890,永豐金,29.6,30.0,29.55,30.0,64350,13119,178,-344,28.08,71.91,100.0
2026-05-29,2891,中信金,59.4,61.4,59.4,60.5,113545,-11116,13852,-461,34.48,65.51,100.0
2026-05-29,2892,第一金,27.3,27.5,27.2,27.45,109953,-11330,3790,102,24.71,75.28,100.0
2026-05-29,2897,王道銀行,9.91,9.98,9.9,9.9,3566,-961,0,276,6.77,93.22,100.0
2026-05-29,2901,欣欣,22.75,23.55,22.75,23.55,21,5,0,0,0.29,99.7,100.0
2026-05-29,2903,遠百,21.8,21.85,21.6,21.8,2675,-1072,-15,13,7.51,92.48,100.0
2026-05-29,2904,匯僑,14.05,14.25,14.05,14.1,52,14,0,1,0.63,99.36,100.0
2026-05-29,2905,三商,13.5,13.7,13.45,13.7,661,145,0,5,3.62,96.37,100.0
2026-05-29,2906,高林,12.3,12.4,12.25,12.35,152,35,0,-3,1.67,98.32,100.0
2026-05-29,2908,特力,21.4,21.45,21.3,21.45,352,109,0,1,1.69,98.3,100.0
2026-05-29,2910,統領,21.65,21.65,21.0,21.6,18,16,0,0,0.27,99.72,100.0
2026-05-29,2911,麗嬰房,8.68,8.68,8.29,8.33,305,3,0,-2,20.82,79.17,100.0
2026-05-29,2912,統一超,209.0,218.0,205.0,214.0,20276,-5533,6121,8,15.95,84.04,100.0
2026-05-29,2913,農林,10.75,10.85,10.7,10.8,1965,697,0,1,5.36,94.63,100.0
2026-05-29,2915,潤泰全,44.15,44.95,44.0,44.0,3484,-720,-55,15,5.11,94.88,100.0
2026-05-29,2916,滿心,43.65,43.7,43.3,43.5,210,-3,0,0,21.1,78.89,100.0
2026-05-29,2923,鼎固-KY,25.0,26.15,24.65,25.6,220,97,0,1,99.41,0.58,100.0
2026-05-29,2924,宏太-KY,15.75,15.75,15.7,15.7,3,0,0,0,66.79,33.2,100.0
2026-05-29,2926,誠品生活,35.85,35.9,34.75,34.95,36,-4,0,0,1.12,98.87,100.0
2026-05-29,2929,淘帝-KY,6.02,6.37,5.9,5.92,829,-202,0,0,17.15,82.84,100.0
2026-05-29,2937,集雅社,48.55,48.95,48.3,48.65,8,0,0,4,0.08,99.91,100.0
2026-05-29,2938,床的世界,22.9,22.95,22.05,22.95,7,0,0,0,0.0,0.0,0.0
2026-05-29,2939,永邑-KY,22.0,22.0,21.25,21.35,36,3,0,0,19.89,80.1,100.0
2026-05-29,2940,歐都納,24.19,24.1,24.1,24.1,2,0,0,0,0.0,0.0,0.0
2026-05-29,2941,米斯特,32.0,32.0,32.0,32.0,1,0,0,0,0.48,99.51,100.0
2026-05-29,2942,京站,37.61,38.7,38.0,38.15,52,0,0,0,0.0,0.0,0.0
2026-05-29,2945,三商家購,40.6,41.0,40.6,41.0,7,2,0,1,0.39,99.6,100.0
2026-05-29,2947,振宇五金,77.7,77.7,77.4,77.4,43,0,0,0,0.09,99.9,100.0
2026-05-29,2948,寶陞,38.0,38.0,38.0,38.0,3,0,0,0,0.01,99.98,100.0
2026-05-29,2949,欣新網,63.0,63.5,63.0,63.5,8,0,0,0,0.03,99.96,100.0
2026-05-29,3002,歐格,17.2,17.7,17.1,17.7,330,6,0,0,2.85,97.14,100.0
2026-05-29,3003,健和興,63.2,63.7,62.0,62.7,1079,-229,0,1,3.52,96.47,100.0
2026-05-29,3004,豐達科,121.0,124.5,120.5,123.5,606,-78,0,0,2.26,97.73,100.0
2026-05-29,3005,神基,104.0,106.5,104.0,104.0,6037,188,-248,29,11.49,88.5,100.0
2026-05-29,3006,晶豪科,251.5,253.0,241.0,246.5,20608,-1325,6,95,33.14,66.85,100.0
2026-05-29,3008,大立光,3515.0,3600.0,3450.0,3515.0,1477,-225,-7,61,34.0,65.99,100.0
2026-05-29,3010,華立,142.0,143.0,138.0,139.0,1458,-345,44,-26,18.34,81.65,100.0
2026-05-29,3011,今皓,13.2,13.5,12.95,13.2,999,73,0,1,3.48,96.51,100.0
2026-05-29,3013,晟銘電,119.0,124.0,118.5,122.0,5810,407,0,146,4.43,95.56,100.0
2026-05-29,3014,聯陽,151.0,154.0,148.5,154.0,3611,-1000,44,12,23.45,76.54,100.0
2026-05-29,3015,全漢,51.6,52.2,50.2,50.2,1386,-200,4,60,8.89,91.1,100.0
2026-05-29,3016,嘉晶,146.5,147.5,133.5,138.0,23100,-4091,0,18,5.16,94.83,100.0
2026-05-29,3017,奇鋐,2680.0,2730.0,2615.0,2665.0,9351,232,298,43,52.71,47.28,100.0
2026-05-29,3018,隆銘綠能,9.42,9.81,9.42,9.42,21,0,0,0,0.22,99.77,100.0
2026-05-29,3019,亞光,152.0,158.5,151.5,154.0,9863,562,0,195,7.64,92.35,100.0
2026-05-29,3021,鴻名,30.1,30.1,30.1,30.1,923,0,0,4,3.88,96.11,100.0
2026-05-29,3022,威強電,74.4,75.7,73.6,74.8,1152,-70,0,15,15.99,84.0,100.0
2026-05-29,3023,信邦,310.0,320.0,305.0,315.5,2810,1230,-31,14,45.58,54.41,100.0
2026-05-29,3024,憶聲,15.8,15.8,14.55,14.8,3698,334,0,6,2.8,97.19,100.0
2026-05-29,3025,星通,77.2,77.2,74.1,74.5,1495,-261,0,-13,8.22,91.77,100.0
2026-05-29,3026,禾伸堂,640.0,641.0,615.0,641.0,1558,432,-60,-32,16.94,83.05,100.0
2026-05-29,3027,盛達,19.35,19.8,19.1,19.45,687,-312,0,4,1.53,98.46,100.0
2026-05-29,3028,增你強,83.5,83.5,80.6,81.5,2980,-763,0,-1,12.47,87.52,100.0
2026-05-29,3029,零壹,94.7,96.5,94.7,96.2,760,282,-6,2,3.2,96.79,100.0
2026-05-29,3030,德律,428.0,428.0,405.0,405.0,4977,-827,-1,-223,14.01,85.98,100.0
2026-05-29,3031,佰鴻,32.05,33.15,31.7,32.4,3306,227,0,3,2.85,97.14,100.0
2026-05-29,3032,偉訓,91.0,91.6,89.7,90.5,1292,-224,0,0,1.45,98.54,100.0
2026-05-29,3033,威健,50.8,50.9,49.55,50.3,10625,-159,-18,-281,21.97,78.02,100.0
2026-05-29,3034,聯詠,480.5,485.5,475.0,477.0,7952,-1158,858,14,36.83,63.16,100.0
2026-05-29,3035,智原,213.5,215.5,206.0,207.0,13700,-2716,2,7,9.23,90.76,100.0
2026-05-29,3036,文曄,291.0,292.0,286.5,288.5,7821,653,-1358,-65,21.71,78.25,100.0
2026-05-29,3037,欣興,1090.0,1095.0,1035.0,1055.0,21107,-1150,-225,-84,38.58,61.41,100.0
2026-05-29,3038,全台,23.6,23.85,23.1,23.2,516,36,0,0,8.94,91.05,100.0
2026-05-29,3040,遠見,39.7,40.3,39.2,39.7,124,7,0,0,0.84,99.15,100.0
2026-05-29,3041,揚智,25.65,26.35,25.15,25.65,1372,-87,0,0,6.08,93.91,100.0
2026-05-29,3042,晶技,222.0,228.0,212.0,215.5,46795,-8299,80,272,18.31,81.68,100.0
2026-05-29,3043,科風,21.2,21.2,20.4,21.0,169,19,0,1,1.42,98.57,100.0
2026-05-29,3044,健鼎,507.0,532.0,505.0,521.0,4781,686,-142,50,48.5,51.49,100.0
2026-05-29,3045,台灣大,111.5,112.5,111.5,111.5,21139,-5678,3505,-31,13.73,32.81,46.55
2026-05-29,3046,建碁,55.4,59.8,54.8,58.2,3453,141,0,22,4.89,95.1,100.0
2026-05-29,3047,訊舟,14.95,15.15,14.85,15.1,1406,400,0,-6,3.54,96.45,100.0
2026-05-29,3048,益登,73.0,74.9,70.5,72.0,17963,-5100,0,-139,10.25,89.74,100.0
2026-05-29,3049,精金,12.5,12.6,12.15,12.5,6122,700,0,-1,2.85,97.14,100.0
2026-05-29,3050,鈺德,12.6,12.6,12.35,12.55,898,-116,0,-3,7.24,92.75,100.0
2026-05-29,3051,力特,27.35,28.35,27.15,27.9,3460,849,0,-9,2.55,97.44,100.0
2026-05-29,3052,夆典,10.5,10.5,10.4,10.45,357,73,0,0,1.55,98.44,100.0
2026-05-29,3054,立萬利,67.7,68.7,66.1,66.8,278,5,0,0,0.41,99.58,100.0
2026-05-29,3055,蔚華科,108.5,110.5,105.0,108.0,2265,-257,0,2,2.78,97.21,100.0
2026-05-29,3056,富華新,13.2,13.35,13.15,13.25,1391,450,0,11,3.75,96.24,100.0
2026-05-29,3057,喬鼎,19.9,20.75,19.9,20.45,447,179,0,1,2.66,97.33,100.0
2026-05-29,3058,立德,8.2,8.76,8.15,8.51,2304,99,0,-5,2.76,97.23,100.0
2026-05-29,3059,華晶科,42.75,43.1,42.15,42.35,5010,-401,2,-19,8.45,91.54,100.0
2026-05-29,3060,銘異,29.55,29.9,28.5,29.4,2896,771,0,2,8.67,91.32,100.0
2026-05-29,3062,建漢,30.2,31.0,29.6,30.7,10542,2486,0,254,13.56,86.43,100.0
2026-05-29,3064,泰偉,19.15,19.2,19.15,19.2,2,0,0,0,0.12,99.87,100.0
2026-05-29,3066,李洲,21.55,22.4,21.15,21.45,1005,57,0,0,1.92,98.07,100.0
2026-05-29,3067,全域,18.8,19.5,18.8,19.5,13,0,0,0,0.02,99.97,100.0
2026-05-29,3071,協禧,32.5,32.5,31.55,32.2,697,85,0,0,3.47,96.52,100.0
2026-05-29,3073,天方能源,20.5,20.5,20.2,20.25,92,8,0,0,2.05,97.94,100.0
2026-05-29,3078,僑威,56.3,58.4,56.3,57.6,1511,207,-3,-4,12.64,87.35,100.0
2026-05-29,3081,聯亞,2680.0,2715.0,2590.0,2615.0,2143,-279,-234,-15,21.53,78.46,100.0
2026-05-29,3083,網龍,26.9,28.0,26.9,27.75,245,63,0,0,1.35,98.64,100.0
2026-05-29,3085,新零售,12.85,12.85,12.0,12.45,29,0,0,0,5.69,94.3,100.0
2026-05-29,3086,華義*,31.7,32.0,30.55,30.75,405,-224,0,0,40.28,59.71,100.0
2026-05-29,3088,艾訊,142.5,142.5,138.0,141.0,1362,-78,0,-14,15.27,84.72,100.0
2026-05-29,3090,日電貿,221.5,229.0,208.0,229.0,2746,1048,-51,0,12.61,87.38,100.0
2026-05-29,3092,鴻碩,29.0,29.6,29.0,29.15,475,119,0,0,1.48,98.51,100.0
2026-05-29,3093,港建*,52.7,53.8,51.8,52.4,788,-11,0,0,68.31,31.68,100.0
2026-05-29,3094,聯傑,35.0,35.0,33.6,33.95,1641,28,0,-1,3.4,96.59,100.0
2026-05-29,3095,及成,45.9,45.9,42.9,43.2,56,-2,0,1,3.56,96.43,100.0
2026-05-29,3097,拍檔,25.52,26.15,25.55,26.1,12,-4,0,0,0.0,0.0,0.0
2026-05-29,3105,穩懋,542.0,544.0,516.0,527.0,26012,-2818,-1490,-137,22.71,77.28,100.0
2026-05-29,3114,好德,28.5,31.25,28.5,31.25,1463,143,0,17,1.2,98.79,100.0
2026-05-29,3115,富榮綱,7.75,8.29,7.75,8.29,30,8,0,0,1.82,98.17,100.0
2026-05-29,3117,年程,28.6,30.75,28.45,30.3,319,27,0,0,0.0,0.0,0.0
2026-05-29,3118,進階,33.3,33.7,33.25,33.65,21,2,0,0,0.34,99.65,100.0
2026-05-29,3122,笙泉,32.9,33.0,32.0,32.75,341,-36,0,0,3.04,96.95,100.0
2026-05-29,3128,昇銳,22.8,23.2,22.8,22.95,335,50,0,0,3.76,96.23,100.0
2026-05-29,3130,一零四,220.0,221.0,220.0,220.5,27,-5,0,0,20.7,79.29,100.0
2026-05-29,3131,弘塑,3820.0,3865.0,3450.0,3450.0,1283,-410,1,-16,35.83,64.16,100.0
2026-05-29,3135,凌航,261.0,266.0,258.0,260.5,2472,-390,0,-10,5.87,94.12,100.0
2026-05-29,3138,耀登,165.0,172.0,162.5,169.0,1345,242,0,7,2.34,97.65,100.0
2026-05-29,3141,晶宏,82.0,82.8,79.7,80.7,5018,-842,0,-43,7.68,92.31,100.0
2026-05-29,3147,大綜,181.5,182.5,179.0,182.5,207,53,0,2,2.89,97.1,100.0
2026-05-29,3149,正達,69.5,72.2,66.3,71.2,29633,-4579,0,-20,6.29,93.7,100.0
2026-05-29,3150,鈺寶-創,20.15,20.5,19.9,20.15,128,-21,0,0,0.94,99.05,100.0
2026-05-29,3152,璟德,204.5,204.5,195.5,200.0,1205,-236,0,-6,18.86,81.13,100.0
2026-05-29,3158,嘉實,85.3,85.5,85.2,85.5,26,4,0,0,1.63,98.36,100.0
2026-05-29,3162,精確,83.0,84.7,81.0,84.7,2618,-172,0,0,46.56,53.43,100.0
2026-05-29,3163,波若威,1050.0,1080.0,1015.0,1030.0,3335,-163,-593,-2,14.86,85.13,100.0
2026-05-29,3164,景岳,16.4,16.6,16.0,16.6,254,17,0,1,0.66,99.33,100.0
2026-05-29,3167,大量,828.0,828.0,790.0,795.0,478,-25,-97,0,9.53,90.46,100.0
2026-05-29,3168,眾福科,48.45,48.9,47.35,47.55,109,16,0,0,1.25,98.74,100.0
2026-05-29,3169,亞信,123.0,123.0,118.5,119.0,805,-311,0,-2,4.0,95.99,100.0
2026-05-29,3171,新洲,70.3,70.7,69.5,70.1,14,2,0,0,0.76,99.23,100.0
2026-05-29,3171,炎洲流通,70.3,70.7,69.5,70.1,14,2,0,0,0.76,99.23,100.0
2026-05-29,3176,基亞,33.4,33.6,32.7,32.7,720,-79,0,0,4.58,95.41,100.0
2026-05-29,3178,公準,72.2,72.2,70.7,71.2,151,-47,0,0,1.99,98.0,100.0
2026-05-29,3184,微邦,21.56,23.5,21.45,22.1,605,17,0,0,0.0,0.0,0.0
2026-05-29,3188,鑫龍騰,22.8,23.0,22.35,22.45,454,-60,0,0,1.53,98.46,100.0
2026-05-29,3189,景碩,707.0,746.0,704.0,729.0,7357,1727,0,462,22.86,77.13,100.0
2026-05-29,3191,雲嘉南,26.45,26.45,26.45,26.45,702,-37,0,-3,0.01,99.98,100.0
2026-05-29,3205,佰研,54.2,54.5,53.7,54.0,104,13,0,2,1.08,98.91,100.0
2026-05-29,3206,志豐,41.3,42.75,40.8,42.0,1897,-365,0,0,2.59,97.4,100.0
2026-05-29,3207,耀勝,65.0,66.7,64.9,65.1,606,-73,0,0,4.88,95.11,100.0
2026-05-29,3209,全科,80.4,80.4,75.3,76.1,4576,-1207,0,-75,19.45,80.54,100.0
2026-05-29,3211,順達,451.5,455.0,429.0,436.0,10857,-2821,-12,74,26.0,73.99,100.0
2026-05-29,3213,茂訊,120.5,123.5,120.0,122.0,653,45,0,15,7.8,92.19,100.0
2026-05-29,3217,優群,190.0,193.0,188.0,190.5,995,52,0,4,9.68,90.31,100.0
2026-05-29,3218,大學光,131.0,138.5,131.0,138.0,1040,414,-4,2,5.74,94.25,100.0
2026-05-29,3219,倚強股份,84.2,84.3,82.6,82.9,378,-42,0,4,1.21,98.78,100.0
2026-05-29,3219,倚強科,84.2,84.3,82.6,82.9,378,-42,0,4,1.21,98.78,100.0
2026-05-29,3221,台嘉碩,62.3,63.6,59.5,60.0,15705,-3909,0,-49,6.58,93.41,100.0
2026-05-29,3224,三顧,40.0,40.0,39.2,39.25,115,-29,0,0,0.68,99.31,100.0
2026-05-29,3226,龍鋒,42.75,44.55,42.75,44.55,20,0,0,0,0.05,99.94,100.0
2026-05-29,3227,原相,230.0,230.5,225.0,227.5,1446,-385,31,-31,22.24,77.74,100.0
2026-05-29,3228,金麗科,206.0,206.0,200.0,201.0,567,-119,0,1,7.13,92.86,100.0
2026-05-29,3229,晟鈦,46.5,49.5,44.75,49.5,1166,196,0,0,1.93,98.06,100.0
2026-05-29,3230,錦明,30.6,31.4,29.85,30.2,886,192,0,0,1.77,98.22,100.0
2026-05-29,3231,緯創,154.0,158.5,153.0,158.5,114139,16846,440,2273,30.06,69.93,100.0
2026-05-29,3232,昱捷,25.15,25.15,23.2,23.6,1534,-42,0,-104,8.19,91.8,100.0
2026-05-29,3234,光環,100.0,108.0,99.6,108.0,5114,326,0,8,3.29,96.7,100.0
2026-05-29,3236,千如,55.1,55.5,53.9,55.0,2081,204,0,6,17.83,82.16,100.0
2026-05-29,3252,海灣,17.65,18.0,17.65,17.85,27,4,0,0,2.28,97.71,100.0
2026-05-29,3257,虹冠電,65.6,71.2,65.0,68.8,5484,-178,0,0,0.64,99.35,100.0
2026-05-29,3259,鑫創,17.15,17.3,16.75,16.75,70,-14,0,0,10.92,89.07,100.0
2026-05-29,3260,威剛,413.5,420.0,411.0,415.0,12937,547,-96,141,17.3,82.69,100.0
2026-05-29,3264,欣銓,254.5,259.0,241.0,243.5,27444,-897,-171,394,31.59,68.4,100.0
2026-05-29,3265,台星科,196.0,197.5,186.5,190.5,2137,-567,0,-107,9.05,90.94,100.0
2026-05-29,3266,昇陽,12.75,13.05,12.75,12.85,114,30,0,-1,8.27,91.72,100.0
2026-05-29,3268,海德威,17.8,18.05,17.25,18.0,212,17,0,0,0.75,99.24,100.0
2026-05-29,3272,東碩,16.5,17.9,16.5,17.9,384,271,0,2,1.16,98.83,100.0
2026-05-29,3276,宇環,14.15,14.25,13.8,14.05,162,18,0,0,1.04,98.95,100.0
2026-05-29,3284,太普高,15.95,16.15,15.8,16.0,170,-30,0,0,0.8,99.19,100.0
2026-05-29,3285,微端,31.25,31.5,31.15,31.5,69,9,0,0,12.96,87.03,100.0
2026-05-29,3287,廣寰科,38.1,39.4,37.25,38.0,1182,-60,0,0,1.22,98.77,100.0
2026-05-29,3288,點晶,16.6,16.6,16.55,16.6,160,0,0,0,0.14,99.85,100.0
2026-05-29,3289,宜特,168.5,171.0,165.0,168.0,1694,-24,0,91,7.29,92.7,100.0
2026-05-29,3290,東浦,48.35,48.85,47.6,48.5,776,-22,0,14,6.53,93.46,100.0
2026-05-29,3293,鈊象,758.0,763.0,752.0,754.0,2506,-175,284,40,21.91,78.08,100.0
2026-05-29,3294,英濟,40.35,40.65,39.35,40.2,1486,-15,0,0,7.2,92.79,100.0
2026-05-29,3296,勝德,19.5,20.2,19.35,19.85,158,21,0,0,2.16,97.83,100.0
2026-05-29,3297,杭特,29.7,29.7,29.3,29.4,142,5,0,0,3.11,96.88,100.0
2026-05-29,3303,岱稜,49.25,49.5,48.85,49.35,211,-35,0,0,4.31,95.68,100.0
2026-05-29,3305,昇貿,162.5,164.0,152.5,157.5,9574,-1022,0,-61,8.21,91.78,100.0
2026-05-29,3306,鼎天,47.3,48.5,46.65,47.4,466,82,0,0,2.44,97.55,100.0
2026-05-29,3308,聯德,20.45,20.45,20.0,20.25,131,23,0,0,0.85,99.14,100.0
2026-05-29,3310,佳穎,72.7,74.5,72.3,72.3,1003,4,0,0,0.24,99.75,100.0
2026-05-29,3311,閎暉,36.7,37.1,35.3,35.8,1902,-858,0,0,1.87,98.12,100.0
2026-05-29,3312,弘憶股,49.75,50.6,48.4,50.1,3142,-785,0,18,3.26,96.73,100.0
2026-05-29,3313,斐成,11.15,11.2,11.0,11.1,199,24,0,0,4.71,95.28,100.0
2026-05-29,3317,尼克森,85.9,86.8,83.1,83.8,4837,-1281,0,-18,15.51,84.48,100.0
2026-05-29,3321,同泰,20.35,20.6,19.3,19.4,1217,-68,0,0,1.91,98.08,100.0
2026-05-29,3322,建舜電,13.05,13.15,12.95,13.1,566,154,0,0,2.3,97.69,100.0
2026-05-29,3323,加百裕,37.6,38.25,37.05,37.9,2623,-503,0,-110,5.95,94.04,100.0
2026-05-29,3324,雙鴻,1035.0,1080.0,1020.0,1065.0,2917,471,2,193,20.61,79.38,100.0
2026-05-29,3325,旭品,11.8,11.95,11.7,11.8,198,19,0,0,1.26,98.73,100.0
2026-05-29,3332,幸康,68.7,68.7,66.1,66.8,19,-2,0,0,0.91,99.08,100.0
2026-05-29,3338,泰碩,73.5,73.9,72.8,73.4,762,85,0,1,2.51,97.48,100.0
2026-05-29,3339,泰谷,46.3,47.1,44.5,44.65,2322,-146,0,0,3.03,96.96,100.0
2026-05-29,3346,麗清,21.45,21.45,21.45,21.45,924,-141,0,169,2.47,97.52,100.0
2026-05-29,3349,寶德,17.65,18.0,17.5,17.8,219,31,0,0,2.29,97.7,100.0
2026-05-29,3354,律勝,31.85,33.15,31.35,31.7,936,-111,0,0,1.96,98.03,100.0
2026-05-29,3356,奇偶,63.2,63.2,62.0,62.3,1033,-272,0,0,7.98,92.01,100.0
2026-05-29,3357,臺慶科,300.0,308.0,280.0,287.0,7761,-1263,0,-47,15.81,84.18,100.0
2026-05-29,3360,尚立,14.25,14.4,14.1,14.25,244,-47,0,0,1.94,98.05,100.0
2026-05-29,3362,先進光,113.0,113.0,110.0,110.0,638,-205,0,-1,3.79,96.2,100.0
2026-05-29,3363,上詮,827.0,827.0,787.0,797.0,3268,-311,-22,0,17.05,82.94,100.0
2026-05-29,3372,典範,21.7,22.1,21.5,21.75,1337,534,0,0,3.23,96.76,100.0
2026-05-29,3373,熱映,16.65,16.9,16.65,16.9,127,16,0,0,1.98,98.01,100.0
2026-05-29,3374,精材,264.0,269.0,257.5,259.0,18282,-3392,0,-442,11.08,88.91,100.0
2026-05-29,3376,新日興,206.5,208.0,201.5,202.5,6564,-2611,0,-15,21.49,78.5,100.0
2026-05-29,3379,彬台,39.8,41.5,39.75,40.8,321,-24,0,0,1.11,98.88,100.0
2026-05-29,3380,明泰,37.0,39.4,36.45,38.6,10992,2525,-1,440,6.92,93.07,100.0
2026-05-29,3388,崇越電,113.0,116.0,107.0,110.0,8079,-816,0,-31,7.22,92.77,100.0
2026-05-29,3390,旭軟,28.8,28.8,28.0,28.1,1115,-55,0,0,4.47,95.52,100.0
2026-05-29,3402,漢科,146.0,149.0,146.0,147.0,1116,-122,0,-44,8.89,91.1,100.0
2026-05-29,3406,玉晶光,580.0,614.0,577.0,603.0,3052,292,-1,108,44.38,55.61,100.0
2026-05-29,3413,京鼎,322.0,323.0,318.0,320.0,2582,-314,-94,9,17.02,82.97,100.0
2026-05-29,3416,融程電,183.0,184.0,181.0,183.5,567,35,0,-1,3.0,96.99,100.0
2026-05-29,3419,譁裕,13.7,14.1,13.6,14.05,512,104,0,-1,1.99,98.0,100.0
2026-05-29,3426,台興,47.75,48.0,47.75,47.75,5,0,0,0,0.44,99.55,100.0
2026-05-29,3430,奇鈦科,175.5,177.0,167.5,169.0,1622,-210,0,0,1.87,98.12,100.0
2026-05-29,3432,台端,18.65,19.65,18.5,18.8,106,-1,0,0,3.03,96.96,100.0
2026-05-29,3434,哲固,29.5,29.55,29.15,29.45,44,4,0,0,1.84,98.15,100.0
2026-05-29,3437,榮創,23.75,23.95,23.3,23.8,1857,10,0,-4,4.84,95.15,100.0
2026-05-29,3438,類比科,72.9,73.0,71.1,71.5,481,-159,0,0,2.51,97.48,100.0
2026-05-29,3441,聯一光,50.9,54.4,49.15,53.9,3119,-461,0,0,2.53,97.46,100.0
2026-05-29,3443,創意,4440.0,4835.0,4155.0,4670.0,7153,128,-579,-5,28.91,71.08,100.0
2026-05-29,3444,利機,114.0,117.5,104.0,105.0,3471,-551,0,0,11.23,88.76,100.0
2026-05-29,3447,展達,36.45,37.1,36.35,36.9,180,60,0,2,1.49,98.5,100.0
2026-05-29,3450,聯鈞,498.0,499.0,477.0,490.5,9193,-1777,0,41,21.95,78.04,100.0
2026-05-29,3455,由田,249.5,251.5,241.5,241.5,1666,-466,0,2,17.37,82.62,100.0
2026-05-29,3465,進泰電子,27.95,30.55,27.6,28.6,181,16,0,0,5.07,94.92,100.0
2026-05-29,3466,德晉,33.8,33.8,32.6,32.95,649,-23,0,0,17.44,82.55,100.0
2026-05-29,3467,台灣精材,75.5,76.8,74.0,74.7,312,-97,0,-1,2.57,97.42,100.0
2026-05-29,3473,智通聯網,90.05,91.2,90.0,90.0,24,0,0,0,0.0,0.0,0.0
2026-05-29,3479,安勤,138.5,139.0,133.0,135.0,3639,-185,0,-5,5.47,94.52,100.0
2026-05-29,3481,群創,48.55,51.0,47.65,51.0,897327,163249,7,1784,25.68,74.31,100.0
2026-05-29,3483,力致,96.0,96.9,94.6,95.0,629,97,0,-11,9.59,90.4,100.0
2026-05-29,3484,崧騰,43.2,43.9,42.95,43.7,313,87,0,0,7.17,92.82,100.0
2026-05-29,3485,敘豐,360.0,360.0,327.0,334.0,877,-208,0,1,0.0,100.0,100.0
2026-05-29,3489,森寶,21.5,21.8,21.5,21.8,85,3,0,0,0.63,99.36,100.0
2026-05-29,3490,單井,39.2,39.2,38.0,38.45,1813,-68,0,0,4.84,95.15,100.0
2026-05-29,3491,昇達科,2120.0,2200.0,2120.0,2200.0,1371,199,2,19,34.42,65.57,100.0
2026-05-29,3492,長盛,24.3,24.3,23.55,23.8,348,-86,0,-4,0.52,99.47,100.0
2026-05-29,3494,誠研,7.87,8.04,7.86,8.04,161,27,0,-6,1.77,98.22,100.0
2026-05-29,3498,陽程,149.5,152.5,148.0,151.0,658,-99,0,4,16.7,83.29,100.0
2026-05-29,3499,環天科,14.75,14.75,14.4,14.7,87,-11,0,0,0.66,99.33,100.0
2026-05-29,3501,維熹,39.95,40.3,39.9,40.0,345,132,0,1,3.21,96.78,100.0
2026-05-29,3504,揚明光,78.0,78.9,77.1,77.8,996,37,0,-3,3.57,96.42,100.0
2026-05-29,3508,位速,20.3,20.55,19.9,20.35,247,-56,0,0,0.73,99.26,100.0
2026-05-29,3511,矽瑪,20.3,20.9,20.15,20.8,418,79,0,0,2.81,97.18,100.0
2026-05-29,3512,皇龍,20.55,20.6,20.45,20.55,56,6,0,0,0.51,99.48,100.0
2026-05-29,3515,華擎,237.5,245.0,236.0,242.0,1355,333,0,20,7.77,92.22,100.0
2026-05-29,3516,亞帝歐,23.1,23.95,23.0,23.2,63,-3,0,0,0.42,99.57,100.0
2026-05-29,3518,柏騰,35.5,35.5,33.2,33.35,1566,-228,0,-1,7.2,92.79,100.0
2026-05-29,3520,華盈,14.6,14.75,14.45,14.65,120,-13,0,0,1.09,98.9,100.0
2026-05-29,3521,鴻翊,12.2,12.2,12.1,12.1,85,-26,0,0,0.31,99.68,100.0
2026-05-29,3521,台鋼建設,12.2,12.2,12.1,12.1,85,-26,0,0,0.31,99.68,100.0
2026-05-29,3522,御頂,11.75,12.0,11.6,11.75,219,29,0,4,0.23,99.76,100.0
2026-05-29,3522,御嵿,11.75,12.0,11.6,11.75,219,29,0,4,0.23,99.76,100.0
2026-05-29,3523,迎輝,15.95,15.95,15.95,15.95,742,0,0,111,0.09,99.9,100.0
2026-05-29,3526,凡甲,370.0,373.0,365.5,369.0,656,100,-17,-28,22.3,77.69,100.0
2026-05-29,3527,聚積,58.7,58.7,57.0,57.2,309,-111,0,0,7.37,92.62,100.0
2026-05-29,3528,安馳,122.5,122.5,104.0,117.5,5404,-401,0,-34,6.09,93.9,100.0
2026-05-29,3529,力旺,3540.0,3545.0,3385.0,3410.0,1221,-43,-22,8,69.13,30.86,100.0
2026-05-29,3530,晶相光,68.3,68.7,67.0,67.1,255,-53,0,1,41.49,58.5,100.0
2026-05-29,3531,先益,23.25,23.25,23.25,23.25,2,0,0,0,19.26,80.73,100.0
2026-05-29,3532,台勝科,319.0,319.0,319.0,319.0,1580,-579,-1,22,44.08,55.91,100.0
2026-05-29,3533,嘉澤,2570.0,2650.0,2525.0,2650.0,1613,113,135,-3,45.16,54.83,100.0
2026-05-29,3535,晶彩科,124.0,124.0,122.0,122.5,1298,215,0,0,1.52,98.47,100.0
2026-05-29,3537,堡達,77.5,77.8,71.1,77.0,14036,-784,0,-48,4.23,95.76,100.0
2026-05-29,3540,曜越,27.2,27.2,26.3,26.45,267,-72,0,0,2.24,97.75,100.0
2026-05-29,3541,西柏,22.4,22.5,22.2,22.3,107,19,0,0,0.92,99.07,100.0
2026-05-29,3543,州巧,35.9,36.45,35.55,35.95,604,55,0,0,6.73,93.26,100.0
2026-05-29,3545,敦泰,59.2,59.7,57.8,59.5,2560,-511,0,12,14.02,85.97,100.0
2026-05-29,3546,宇峻,81.8,82.2,80.4,82.0,475,100,0,4,8.32,91.67,100.0
2026-05-29,3548,兆利,97.4,97.4,94.7,94.9,443,-15,0,0,3.83,96.16,100.0
2026-05-29,3550,聯穎,20.15,20.95,20.0,20.65,1500,0,0,-5,4.98,95.01,100.0
2026-05-29,3551,世禾,228.5,234.5,220.5,225.0,5545,-1335,0,0,6.7,93.29,100.0
2026-05-29,3552,同致,57.6,57.6,54.9,55.5,670,-215,0,-6,9.97,90.02,100.0
2026-05-29,3555,博士旺,217.0,217.0,210.5,213.5,181,0,0,0,1.66,98.33,100.0
2026-05-29,3556,禾瑞亞,63.2,67.2,63.0,67.2,1964,7,0,53,6.82,93.17,100.0
2026-05-29,3557,嘉威,23.6,24.3,23.6,23.8,171,48,0,-9,1.73,98.26,100.0
2026-05-29,3558,神準,149.5,154.5,141.5,144.0,1955,-170,0,0,1.53,98.46,100.0
2026-05-29,3563,牧德,835.0,835.0,812.0,826.0,966,-55,-7,11,6.4,93.59,100.0
2026-05-29,3564,其陽,48.6,49.15,47.2,47.7,389,-130,0,0,3.23,96.76,100.0
2026-05-29,3567,逸昌,29.5,29.8,29.0,29.3,159,-7,0,0,3.37,96.62,100.0
2026-05-29,3570,大塚,176.0,176.0,172.5,173.5,47,9,0,0,44.93,55.06,100.0
2026-05-29,3576,聯合再生,18.65,18.65,18.1,18.35,16566,1363,0,5,12.39,87.6,100.0
2026-05-29,3577,泓格,162.0,173.5,156.0,157.5,1854,-419,0,-9,2.29,97.7,100.0
2026-05-29,3580,友威科,104.0,106.0,101.5,104.0,1741,-202,0,0,10.07,89.92,100.0
2026-05-29,3581,博磊,258.0,258.0,233.5,236.5,1300,-458,0,-3,14.24,85.75,100.0
2026-05-29,3583,辛耘,921.0,947.0,861.0,867.0,4881,-1321,677,-123,16.19,83.8,100.0
2026-05-29,3585,聯致,76.58,84.8,74.8,79.6,2210,6,0,0,0.0,0.0,0.0
2026-05-29,3587,閎康,335.0,335.0,328.0,329.0,985,-112,0,-2,11.61,88.38,100.0
2026-05-29,3588,通嘉,62.9,63.4,61.3,61.8,621,87,0,2,5.35,94.64,100.0
2026-05-29,3591,艾笛森,26.25,26.45,25.75,25.95,1588,-83,0,197,6.64,93.35,100.0
2026-05-29,3592,瑞鼎,277.0,279.5,273.0,279.5,789,-40,6,-1,15.7,84.29,100.0
2026-05-29,3593,力銘,16.95,17.1,16.5,16.65,50,1,0,0,0.25,99.74,100.0
2026-05-29,3594,磐儀,51.1,51.6,50.1,50.3,437,-39,0,-1,3.06,96.93,100.0
2026-05-29,3595,山太士,2622.21,2820.0,2605.0,2675.0,368,0,0,0,0.0,0.0,0.0
2026-05-29,3596,智易,187.5,188.0,184.5,187.5,1241,407,0,0,31.75,68.24,100.0
2026-05-29,3597,映興,28.0,28.8,27.85,28.05,78,5,0,0,0.78,99.21,100.0
2026-05-29,3603,建祥國際,8.13,8.15,7.65,7.65,26,0,0,0,0.0,0.0,0.0
2026-05-29,3605,宏致,80.8,81.2,78.8,79.2,2230,-165,0,13,11.29,88.7,100.0
2026-05-29,3607,谷崧,15.4,15.8,15.35,15.65,929,220,0,0,7.26,92.73,100.0
2026-05-29,3609,三一東林,28.0,28.8,28.0,28.05,124,-15,0,0,1.65,98.34,100.0
2026-05-29,3611,鼎翰,189.5,191.5,189.5,190.0,56,0,0,0,11.79,88.2,100.0
2026-05-29,3615,安可,49.6,50.1,47.3,49.15,7197,-244,0,0,6.7,93.29,100.0
2026-05-29,3617,碩天,213.5,216.5,209.5,211.5,392,-25,0,1,8.72,91.27,100.0
2026-05-29,3622,洋華,56.7,57.0,56.4,56.8,309,11,0,0,3.77,96.22,100.0
2026-05-29,3623,富晶通,23.5,23.5,22.7,23.0,78,8,0,0,3.33,96.66,100.0
2026-05-29,3624,光頡,107.0,110.0,99.7,110.0,5301,38,0,75,54.24,45.75,100.0
2026-05-29,3625,西勝,14.35,14.5,13.95,14.5,1001,204,0,0,5.46,94.53,100.0
2026-05-29,3628,盈正,67.1,67.5,66.0,67.3,114,-7,0,0,3.44,96.55,100.0
2026-05-29,3629,地心引力,16.45,16.45,16.45,16.45,1,0,0,0,0.02,99.97,100.0
2026-05-29,3630,新鉅科,25.9,26.15,25.85,26.15,508,73,0,0,39.98,60.01,100.0
2026-05-29,3631,晟楠,36.8,36.8,36.05,36.45,77,-13,0,0,8.09,91.9,100.0
2026-05-29,3632,研勤,9.3,9.3,8.5,8.51,70,0,0,0,0.29,99.7,100.0
2026-05-29,3633,云光,122.43,125.0,120.0,123.0,16,0,0,0,0.0,0.0,0.0
2026-05-29,3645,達邁,106.5,107.5,103.5,106.5,3804,-608,0,-31,13.94,86.05,100.0
2026-05-29,3646,艾恩特,23.8,23.95,23.5,23.8,40,-4,0,0,6.72,93.27,100.0
2026-05-29,3652,精聯,34.8,36.85,34.5,35.1,600,-65,0,-2,0.79,99.2,100.0
2026-05-29,3653,健策,3580.0,3600.0,3415.0,3545.0,2343,-26,-189,-1,26.51,73.48,100.0
2026-05-29,3659,百辰,22.96,23.2,22.7,23.0,15,0,0,0,0.0,0.0,0.0
2026-05-29,3661,世芯-KY,4470.0,4575.0,4315.0,4415.0,2199,-39,3,17,54.38,45.61,100.0
2026-05-29,3663,鑫科,87.0,90.5,85.0,88.0,4785,-291,0,43,4.04,95.95,100.0
2026-05-29,3664,安瑞-KY,7.67,7.67,7.6,7.6,25,0,0,0,37.96,62.03,100.0
2026-05-29,3665,貿聯-KY,2315.0,2315.0,2085.0,2085.0,2705,-103,-203,15,56.52,43.47,100.0
2026-05-29,3666,光耀,28.0,28.15,27.45,28.15,107,-20,0,0,0.27,99.72,100.0
2026-05-29,3669,圓展,38.45,39.0,38.05,38.2,210,69,0,0,2.47,97.52,100.0
2026-05-29,3672,康聯訊,10.7,11.0,10.65,11.0,56,0,0,0,2.5,97.49,100.0
2026-05-29,3673,TPK-KY,81.7,88.5,78.8,86.3,41007,-6057,0,-404,43.91,56.08,100.0
2026-05-29,3675,德微,399.5,413.0,391.5,413.0,1103,161,0,24,60.93,39.06,100.0
2026-05-29,3678,聯享,56.93,59.5,57.0,59.5,67,3,0,0,0.0,0.0,0.0
2026-05-29,3679,新至陞,121.0,121.0,120.0,120.5,56,10,0,0,8.95,91.04,100.0
2026-05-29,3680,家登,548.0,556.0,533.0,540.0,1781,-371,-11,17,24.02,75.97,100.0
2026-05-29,3684,榮昌,59.0,60.3,59.0,59.3,78,-1,0,0,1.9,98.09,100.0
2026-05-29,3685,元創精密,28.8,28.8,27.4,27.95,357,-21,0,-2,0.26,99.73,100.0
2026-05-29,3686,達能,17.5,17.5,17.2,17.35,364,57,0,-4,1.71,98.28,100.0
2026-05-29,3687,歐買尬,72.1,74.7,71.1,73.9,733,96,0,-1,5.37,94.62,100.0
2026-05-29,3689,湧德,136.5,138.5,133.5,138.0,5113,510,0,22,11.49,88.5,100.0
2026-05-29,3691,碩禾,155.0,163.0,149.0,162.0,3639,-300,0,-24,9.07,90.92,100.0
2026-05-29,3693,營邦,570.0,587.0,564.0,581.0,972,150,0,-41,13.58,86.41,100.0
2026-05-29,3694,海華,67.6,70.2,67.3,69.5,2636,-181,0,24,4.17,95.82,100.0
2026-05-29,3701,大眾控,54.1,55.2,53.0,53.8,1574,36,0,-1,4.63,95.36,100.0
2026-05-29,3702,大聯大,123.0,123.0,116.5,117.5,11002,-4044,-135,196,35.18,64.81,100.0
2026-05-29,3703,欣陸,20.1,20.3,20.05,20.2,1366,-222,-1,18,20.15,79.84,100.0
2026-05-29,3704,合勤控,46.85,47.2,45.6,46.35,6329,325,0,5,13.92,86.07,100.0
2026-05-29,3705,永信,55.6,56.0,55.4,55.8,236,44,0,0,7.17,92.82,100.0
2026-05-29,3706,神達,84.6,90.5,84.6,88.8,61351,19912,8,534,11.52,88.47,100.0
2026-05-29,3707,漢磊,91.4,93.1,87.2,89.3,27258,-2433,0,6,15.27,84.72,100.0
2026-05-29,3708,上緯投控,126.0,126.5,123.5,124.5,873,-135,2,14,8.72,91.27,100.0
2026-05-29,3709,鑫聯大投控,88.4,89.5,87.4,88.8,1687,28,0,-8,8.87,91.12,100.0
2026-05-29,3710,連展投控,6.16,6.23,6.13,6.18,460,64,0,0,2.23,97.76,100.0
2026-05-29,3711,日月光投控,642.0,644.0,608.0,611.0,43968,-10101,-3776,39,77.74,22.25,100.0
2026-05-29,3712,永崴投控,16.6,18.25,16.5,18.25,2025,427,0,-3,2.33,97.66,100.0
2026-05-29,3713,新晶投控,17.0,17.0,15.3,15.75,327,-96,0,15,0.36,99.63,100.0
2026-05-29,3714,富采,73.8,74.6,72.8,72.8,16691,-3528,0,-133,11.45,88.54,100.0
2026-05-29,3715,定穎投控,173.0,179.5,171.5,173.5,9388,-1340,0,61,9.15,90.84,100.0
2026-05-29,3716,中化控股,34.05,34.4,34.05,34.25,153,27,0,1,8.52,91.47,100.0
2026-05-29,3717,聯嘉投控,21.8,22.6,21.5,22.6,1489,-175,0,9,4.24,95.75,100.0
2026-05-29,4102,永日,16.9,16.9,16.75,16.9,53,-2,0,0,1.2,98.79,100.0
2026-05-29,4104,佳醫,69.5,70.3,69.5,70.1,296,89,0,0,3.0,96.99,100.0
2026-05-29,4105,東洋,73.1,73.9,73.1,73.4,635,-8,-35,-14,19.55,80.44,100.0
2026-05-29,4106,雃博,23.8,24.7,23.8,24.4,516,1,0,-3,2.08,97.91,100.0
2026-05-29,4107,邦特,114.0,114.5,114.0,114.5,119,34,0,0,7.55,92.44,100.0
2026-05-29,4108,懷特,12.55,12.6,12.3,12.4,192,27,0,5,1.02,98.97,100.0
2026-05-29,4109,加捷生醫,11.2,11.3,11.0,11.2,310,77,0,0,0.87,99.12,100.0
2026-05-29,4111,濟生,30.0,30.05,29.85,30.0,63,3,0,0,3.35,96.64,100.0
2026-05-29,4113,聯上,14.3,14.3,13.9,14.3,457,-10,0,0,1.59,98.4,100.0
2026-05-29,4114,健喬,30.05,30.15,29.95,30.15,1503,-53,0,0,5.61,94.38,100.0
2026-05-29,4115,善德生技,7.78,7.96,7.0,7.4,159,0,0,0,0.0,0.0,0.0
2026-05-29,4116,明基醫,37.05,37.3,37.0,37.25,46,7,0,0,0.41,99.58,100.0
2026-05-29,4119,旭富,40.5,41.05,40.5,40.8,185,25,0,0,5.32,94.67,100.0
2026-05-29,4120,友華,44.4,44.6,44.4,44.6,41,0,0,0,6.22,93.77,100.0
2026-05-29,4121,優盛,14.1,14.15,13.75,13.95,392,57,0,0,1.88,98.11,100.0
2026-05-29,4123,晟德,38.0,38.3,37.85,38.25,2284,797,0,1,9.18,90.81,100.0
2026-05-29,4126,太醫,79.1,79.3,79.1,79.2,25,0,0,0,8.98,91.01,100.0
2026-05-29,4127,天良,65.8,69.0,65.8,69.0,441,-18,0,64,0.7,99.29,100.0
2026-05-29,4128,中天,14.4,14.6,14.35,14.4,1149,-232,0,8,4.02,95.97,100.0
2026-05-29,4129,聯合,90.0,90.5,89.7,90.0,289,-51,0,0,11.61,88.38,100.0
2026-05-29,4130,健亞,25.85,26.8,25.7,26.6,98,41,0,1,2.11,97.88,100.0
2026-05-29,4131,浩泰,34.4,34.4,33.6,33.6,305,-25,0,0,1.19,98.8,100.0
2026-05-29,4133,亞諾法,20.6,21.15,20.35,21.05,213,72,0,-1,12.61,87.38,100.0
2026-05-29,4137,麗豐-KY,102.0,103.5,102.0,103.0,221,-25,0,5,55.7,44.29,100.0
2026-05-29,4138,曜亞,50.5,50.9,50.5,50.6,21,4,0,0,1.12,98.87,100.0
2026-05-29,4139,馬光-KY,22.9,22.9,22.0,22.8,22,6,0,0,16.91,83.08,100.0
2026-05-29,4142,國光生,17.0,17.25,16.9,17.15,1083,519,0,-7,4.62,95.37,100.0
2026-05-29,4147,中裕,47.35,49.25,47.35,49.25,5851,480,0,0,8.0,91.99,100.0
2026-05-29,4148,全宇生技-KY,30.55,31.05,30.3,30.3,73,14,0,0,71.04,28.95,100.0
2026-05-29,4150,優你康,5.46,5.77,5.2,5.37,444,5,0,0,0.0,0.0,0.0
2026-05-29,4153,鈺緯,32.9,32.9,31.6,31.7,27,-1,0,0,0.32,99.67,100.0
2026-05-29,4154,樂威科-KY,13.2,13.2,12.55,13.1,23,-3,0,0,29.98,70.01,100.0
2026-05-29,4155,訊映,14.85,15.0,14.7,14.8,413,39,0,0,1.25,98.74,100.0
2026-05-29,4157,太景*-KY,9.01,9.15,9.0,9.06,1218,468,0,2,1.95,98.04,100.0
2026-05-29,4160,訊聯基因,40.0,40.0,39.6,39.9,97,-3,0,0,0.95,99.04,100.0
2026-05-29,4161,聿新科,23.0,23.1,22.75,22.85,76,3,0,0,0.29,99.7,100.0
2026-05-29,4162,智擎,53.5,53.8,53.1,53.6,587,273,0,-1,8.41,91.58,100.0
2026-05-29,4163,鐿鈦,117.0,117.0,114.5,115.5,65,-10,0,0,2.65,97.34,100.0
2026-05-29,4164,承業醫,28.25,28.4,28.0,28.1,617,22,0,-1,19.07,80.92,100.0
2026-05-29,4166,友霖,23.4,24.4,23.25,24.4,370,-95,0,0,10.68,89.31,100.0
2026-05-29,4167,松瑞藥,19.45,19.8,19.35,19.7,1712,293,0,53,10.67,89.32,100.0
2026-05-29,4168,醣聯,26.8,26.9,25.0,25.5,950,-161,0,0,4.68,95.31,100.0
2026-05-29,4169,泰宗,154.5,157.5,154.0,157.0,130,22,0,0,6.47,93.52,100.0
2026-05-29,4170,鑫品生醫,13.09,13.5,13.0,13.4,52,0,0,0,0.0,0.0,0.0
2026-05-29,4171,瑞基,17.8,18.45,17.75,17.75,249,-2,0,0,13.45,86.54,100.0
2026-05-29,4172,因華,12.69,12.9,12.15,12.55,600,0,0,0,0.0,0.0,0.0
2026-05-29,4173,久裕,18.0,18.0,17.9,17.95,132,14,0,0,0.56,99.43,100.0
2026-05-29,4174,浩鼎,28.35,28.9,28.3,28.6,313,-8,0,0,6.75,93.24,100.0
2026-05-29,4175,杏一,53.7,53.9,53.7,53.7,38,4,0,0,0.15,99.84,100.0
2026-05-29,4178,永笙-KY,18.7,18.7,18.55,18.65,347,-45,0,0,5.29,94.7,100.0
2026-05-29,4183,福永生技,13.0,13.15,12.1,13.0,22,0,0,0,0.0,99.99,100.0
2026-05-29,4186,尖端醫,10.16,10.25,9.95,9.96,81,-7,0,0,0.0,0.0,0.0
2026-05-29,4188,安克,11.15,11.15,11.0,11.15,74,0,0,0,0.06,99.93,100.0
2026-05-29,4190,佐登-KY,25.0,25.0,24.35,24.4,25,1,0,0,58.8,41.19,100.0
2026-05-29,4192,杏國,19.5,20.0,19.5,20.0,53,0,0,0,0.31,99.68,100.0
2026-05-29,4194,禾生技,7.03,7.32,7.03,7.23,31,0,0,0,0.0,0.0,0.0
2026-05-29,4195,基米-創,16.7,16.85,16.25,16.55,468,71,0,0,0.86,99.13,100.0
2026-05-29,4197,暐世,9.17,9.34,8.85,8.9,48,0,0,0,0.0,0.0,0.0
2026-05-29,4198,欣大健康,37.5,39.6,36.95,37.5,71,-1,0,0,1.16,98.83,100.0
2026-05-29,4205,中華食,72.4,72.5,72.0,72.3,85,5,0,0,0.58,99.41,100.0
2026-05-29,4207,環泰,19.25,19.65,19.2,19.5,485,65,0,0,1.51,98.48,100.0
2026-05-29,4303,信立,47.2,47.4,46.9,46.95,725,111,0,0,2.33,97.66,100.0
2026-05-29,4304,勝昱,27.2,28.7,27.2,28.0,7,-2,0,0,0.05,99.94,100.0
2026-05-29,4305,世坤,44.0,44.0,44.0,44.0,2,0,0,0,0.06,99.93,100.0
2026-05-29,4306,炎洲,13.8,14.1,13.8,14.05,2295,1351,0,-9,5.52,94.47,100.0
2026-05-29,4401,東隆興,13.8,13.8,13.5,13.6,140,-3,0,0,1.35,98.64,100.0
2026-05-29,4402,郡都開發,11.95,12.1,11.7,11.95,53,0,0,0,2.31,97.68,100.0
2026-05-29,4406,新昕纖,9.93,9.93,9.93,9.93,1,-1,0,0,0.22,99.77,100.0
2026-05-29,4413,飛寶企業,17.25,17.25,17.0,17.0,2,-1,0,0,5.73,94.26,100.0
2026-05-29,4414,如興,7.9,7.9,7.72,7.84,445,-87,0,0,26.48,73.51,100.0
2026-05-29,4416,三圓,10.95,11.15,10.85,10.9,184,62,0,0,1.84,98.15,100.0
2026-05-29,4417,金洲,46.7,46.8,45.85,46.0,123,-74,0,0,3.67,96.32,100.0
2026-05-29,4419,元勝,46.1,46.1,46.05,46.1,6,0,0,0,0.0,99.99,100.0
2026-05-29,4419,皇家美食,46.1,46.1,46.05,46.1,6,0,0,0,0.0,99.99,100.0
2026-05-29,4420,光明,38.5,38.5,38.0,38.2,48,10,0,0,0.61,99.38,100.0
2026-05-29,4426,利勤,7.64,7.92,7.64,7.82,115,31,0,-5,2.36,97.63,100.0
2026-05-29,4430,耀億,17.2,17.2,16.85,17.15,171,0,0,0,2.27,97.72,100.0
2026-05-29,4431,敏成健康,16.65,16.9,16.0,16.7,89,-3,0,0,0.0,0.0,0.0
2026-05-29,4432,銘旺實,16.6,17.3,16.5,17.05,81,7,0,0,0.89,99.1,100.0
2026-05-29,4433,興采,21.55,21.55,21.25,21.25,29,-3,0,0,0.18,99.81,100.0
2026-05-29,4438,廣越,59.2,61.0,59.2,61.0,125,10,0,0,1.83,98.16,100.0
2026-05-29,4439,冠星-KY,92.5,92.6,91.5,92.6,6,4,0,0,61.38,38.61,100.0
2026-05-29,4440,宜新實業,17.75,17.9,17.65,17.75,57,-1,0,2,0.75,99.24,100.0
2026-05-29,4441,振大環球,202.5,204.0,200.0,203.0,163,15,0,0,1.51,98.48,100.0
2026-05-29,4442,竣邦-KY,50.5,50.5,50.1,50.1,38,-9,0,0,60.95,39.04,100.0
2026-05-29,4502,健信,15.7,15.85,15.3,15.85,89,32,0,-1,4.16,95.83,100.0
2026-05-29,4503,金雨,39.0,39.0,38.0,38.4,169,-20,0,0,3.4,96.59,100.0
2026-05-29,4506,崇友,117.0,118.0,116.5,117.5,109,22,0,0,3.25,96.74,100.0
2026-05-29,4510,高鋒,48.3,51.0,48.05,50.4,5061,957,0,79,5.54,94.45,100.0
2026-05-29,4513,福裕,14.2,14.85,14.2,14.75,435,54,0,0,4.51,95.48,100.0
2026-05-29,4523,永彰,29.6,29.95,29.2,29.95,220,43,0,0,2.62,97.37,100.0
2026-05-29,4526,東台,39.0,40.3,38.8,38.95,7405,-818,0,2,6.04,93.95,100.0
2026-05-29,4527,方土霖,45.45,46.1,45.25,45.95,383,-44,0,8,1.81,98.18,100.0
2026-05-29,4528,江興鍛,15.65,15.95,15.5,15.5,68,-2,0,0,0.14,99.85,100.0
2026-05-29,4529,淳紳,5.18,5.18,4.85,4.85,34,0,0,0,38.04,61.95,100.0
2026-05-29,4530,宏易,25.0,25.5,25.0,25.0,7,0,0,0,2.99,97.0,100.0
2026-05-29,4532,瑞智,23.4,24.1,23.4,23.75,1177,333,-25,0,17.19,82.8,100.0
2026-05-29,4533,協易機,32.5,32.85,31.8,32.15,2709,-240,0,-84,5.01,94.98,100.0
2026-05-29,4534,慶騰,26.85,28.2,26.5,28.2,4334,615,0,1,1.95,98.04,100.0
2026-05-29,4535,至興,27.35,27.35,27.2,27.3,30,-3,0,0,0.09,99.9,100.0
2026-05-29,4536,拓凱,160.0,162.0,159.0,160.5,405,60,0,0,11.42,88.57,100.0
2026-05-29,4537,旭東,164.94,165.5,154.5,160.5,332,0,0,0,0.0,0.0,0.0
2026-05-29,4538,大詠城,17.45,17.9,17.35,17.5,31,-3,0,0,0.14,99.85,100.0
2026-05-29,4540,全球傳動,66.8,69.1,66.0,68.6,5876,-230,0,0,7.35,92.64,100.0
2026-05-29,4541,晟田,45.7,46.5,44.9,45.25,1720,-135,0,0,5.42,94.57,100.0
2026-05-29,4542,科嶠,265.0,280.0,264.0,270.0,831,34,0,24,6.98,93.01,100.0
2026-05-29,4543,萬在,39.6,41.85,38.85,41.5,1070,132,0,-16,9.59,90.4,100.0
2026-05-29,4544,春日,14.01,14.25,14.25,14.25,1,0,0,0,0.0,0.0,0.0
2026-05-29,4545,銘鈺,38.9,39.15,38.1,38.5,543,-94,0,0,28.9,71.09,100.0
2026-05-29,4546,長亨,98.51,102.0,97.0,102.0,58,5,0,0,0.0,0.0,0.0
2026-05-29,4549,桓達,124.5,124.5,121.0,124.5,1531,-124,0,-3,2.55,97.44,100.0
2026-05-29,4550,長佳,25.0,25.25,24.8,25.25,55,8,0,0,1.55,98.44,100.0
2026-05-29,4551,智伸科,158.5,160.5,155.5,155.5,780,59,0,6,52.42,47.57,100.0
2026-05-29,4552,力達-KY,19.7,19.95,19.6,19.95,54,-9,0,1,42.66,57.33,100.0
2026-05-29,4553,盛復,17.91,18.2,17.7,17.85,8,0,0,0,0.0,0.0,0.0
2026-05-29,4554,橙的,30.5,30.5,30.35,30.35,28,-1,0,0,24.37,75.62,100.0
2026-05-29,4555,氣立,61.5,61.5,57.6,58.1,1553,-93,0,-5,2.07,97.92,100.0
2026-05-29,4556,旭然,38.25,40.0,38.0,39.15,405,-80,0,0,10.46,89.53,100.0
2026-05-29,4557,永新-KY,44.4,45.25,43.5,43.6,162,-41,0,8,30.41,69.58,100.0
2026-05-29,4558,寶緯,19.65,19.7,19.65,19.65,14,4,0,0,0.27,99.72,100.0
2026-05-29,4559,久裕興,8.18,8.31,8.06,8.31,6,0,0,0,0.0,0.0,0.0
2026-05-29,4560,強信-KY,32.1,32.35,31.55,32.0,328,-1,0,2,84.78,15.21,100.0
2026-05-29,4561,健椿,47.6,51.7,46.9,51.7,1901,243,0,2,3.31,96.68,100.0
2026-05-29,4562,穎漢,40.7,43.7,40.5,41.45,2366,-358,0,2,1.22,98.77,100.0
2026-05-29,4563,百德,48.35,48.9,48.0,48.5,253,58,0,1,1.54,98.45,100.0
2026-05-29,4564,元翎,15.2,15.5,15.2,15.5,1004,52,0,0,2.65,97.34,100.0
2026-05-29,4565,宏偉,116.64,117.5,115.5,117.0,28,0,0,0,0.0,0.0,0.0
2026-05-29,4566,時碩工業,68.0,73.0,66.5,70.2,7407,-881,0,-22,1.35,98.64,100.0
2026-05-29,4568,科際精密,40.2,40.2,40.2,40.2,2,1,0,0,20.05,79.94,100.0
2026-05-29,4569,六方科-KY,181.5,181.5,178.0,180.5,52,-8,0,0,66.93,33.06,100.0
2026-05-29,4570,傑生,70.1,71.4,70.1,70.1,1,0,0,0,0.0,0.0,0.0
2026-05-29,4571,鈞興-KY,213.5,229.5,211.0,222.0,1302,-73,0,11,66.57,33.42,100.0
2026-05-29,4572,駐龍,149.0,151.5,146.5,149.0,113,-23,0,0,1.96,98.03,100.0
2026-05-29,4573,高明鐵,426.11,444.0,423.5,433.5,361,10,0,0,0.0,0.0,0.0
2026-05-29,4575,銓寶,28.61,32.25,29.8,29.95,215,0,0,0,0.0,0.0,0.0
2026-05-29,4576,大銀微系統,261.0,272.0,258.0,266.5,3922,-339,0,16,6.47,93.52,100.0
2026-05-29,4577,達航科技,119.0,121.0,109.5,111.5,1713,75,0,-2,2.58,97.41,100.0
2026-05-29,4580,捷流閥業,81.6,82.7,81.6,82.5,78,12,0,0,3.96,96.03,100.0
2026-05-29,4581,光隆精密-KY,49.8,50.3,49.5,49.5,38,2,0,0,23.99,76.0,100.0
2026-05-29,4582,聚恆-創,25.6,26.15,24.85,25.1,356,-16,0,-19,0.72,99.27,100.0
2026-05-29,4583,台灣精銳,704.0,719.0,700.0,719.0,290,43,0,149,1.37,98.62,100.0
2026-05-29,4584,君帆,42.8,44.9,42.8,43.85,11,0,0,0,0.03,99.96,100.0
2026-05-29,4585,達明,338.5,356.0,333.5,350.5,713,89,0,21,0.44,99.55,100.0
2026-05-29,4587,寶元數控,63.04,66.4,59.0,64.5,75,5,0,0,0.0,0.0,0.0
2026-05-29,4588,玖鼎電力,56.5,58.4,56.1,56.4,177,10,0,0,2.45,97.54,100.0
2026-05-29,4589,碩陽電機,39.38,41.0,37.9,39.15,38,0,0,0,0.0,0.0,0.0
2026-05-29,4590,富田-創,72.5,72.5,71.5,72.0,208,35,0,-1,1.65,98.34,100.0
2026-05-29,4609,唐鋒,6.15,6.15,5.93,5.95,66,0,0,0,0.0,99.99,100.0
2026-05-29,4702,中美實,9.69,9.75,9.64,9.69,57,1,0,0,43.53,56.46,100.0
2026-05-29,4706,大恭,31.25,32.5,31.0,32.5,30,3,0,0,29.47,70.52,100.0
2026-05-29,4707,磐亞,14.95,16.3,14.9,16.3,4782,1462,0,105,1.53,98.46,100.0
2026-05-29,4711,永純,17.1,17.1,16.6,16.7,278,-17,0,0,1.07,98.92,100.0
2026-05-29,4714,永捷,13.5,13.6,13.3,13.4,998,-54,0,0,2.26,97.73,100.0
2026-05-29,4716,大立,14.8,14.9,14.45,14.75,436,-24,0,0,3.3,96.69,100.0
2026-05-29,4720,德淵,26.0,26.0,25.05,25.25,3009,-837,0,-1,5.14,94.85,100.0
2026-05-29,4721,美琪瑪,89.0,93.3,88.2,92.7,2601,470,0,66,10.05,89.94,100.0
2026-05-29,4722,國精化,277.0,289.5,275.0,285.0,826,-26,0,18,5.98,94.01,100.0
2026-05-29,4724,宣捷幹細胞,12.1,12.55,11.95,12.25,170,0,0,0,0.0,0.0,0.0
2026-05-29,4726,永昕,27.3,27.6,27.15,27.15,267,115,0,2,20.7,79.29,100.0
2026-05-29,4728,雙美,380.0,380.0,378.0,380.0,9,1,0,0,19.65,80.34,100.0
2026-05-29,4729,熒茂,24.7,25.2,24.3,25.1,1201,85,0,0,2.28,97.71,100.0
2026-05-29,4732,彥臣,18.4,19.05,18.3,19.05,24,0,0,0,0.0,0.0,0.0
2026-05-29,4735,豪展,30.9,31.0,30.6,30.8,61,0,0,0,0.21,99.78,100.0
2026-05-29,4736,泰博,123.0,124.5,122.5,122.5,144,21,0,0,5.17,94.82,100.0
2026-05-29,4737,華廣,59.0,59.0,57.1,57.1,123,4,0,0,28.69,71.3,100.0
2026-05-29,4738,大同精化,7.86,8.17,7.71,7.71,227,0,0,0,0.0,0.0,0.0
2026-05-29,4739,康普,101.0,108.0,100.0,108.0,6774,2385,0,95,12.19,87.8,100.0
2026-05-29,4741,泓瀚,62.7,63.4,59.4,60.0,921,-165,0,20,2.64,97.35,100.0
2026-05-29,4743,合一,50.4,50.9,50.0,50.4,2202,351,0,2,7.26,92.73,100.0
2026-05-29,4744,皇將,34.75,35.1,34.5,34.6,279,23,0,0,4.63,95.36,100.0
2026-05-29,4745,合富-KY,15.8,16.55,15.8,15.9,122,-4,0,0,8.73,91.26,100.0
2026-05-29,4746,台耀,50.8,52.7,50.7,52.2,1449,711,0,4,8.01,91.98,100.0
2026-05-29,4747,強生,56.5,57.0,56.0,57.0,63,-2,0,0,0.62,99.37,100.0
2026-05-29,4749,新應材,1130.0,1130.0,1055.0,1070.0,1650,-357,-12,-32,13.62,86.37,100.0
2026-05-29,4754,國碳科,37.9,37.9,37.7,37.85,16,-3,0,0,0.27,99.72,100.0
2026-05-29,4755,三福化,153.5,155.0,147.0,149.0,503,-100,0,0,24.59,75.4,100.0
2026-05-29,4760,勤凱,468.0,468.0,468.0,468.0,426,-26,0,-38,18.64,81.35,100.0
2026-05-29,4763,材料*-KY,40.7,41.2,40.55,40.9,4558,1283,-1,23,45.96,54.03,100.0
2026-05-29,4764,雙鍵,314.0,317.5,282.5,305.5,4561,-527,284,1,27.59,72.4,100.0
2026-05-29,4765,磐采,19.85,20.2,19.25,20.05,73,-1,0,0,0.0,0.0,0.0
2026-05-29,4766,南寶,359.0,364.5,358.0,359.0,613,11,-2,0,14.15,85.84,100.0
2026-05-29,4767,誠泰科技,27.0,27.05,26.65,27.0,23,3,0,0,0.04,99.95,100.0
2026-05-29,4768,晶呈科技,504.0,504.0,468.0,469.5,1781,-662,0,-1,7.02,92.97,100.0
2026-05-29,4770,上品,259.5,261.5,253.0,255.0,575,-95,0,7,7.16,92.83,100.0
2026-05-29,4771,望隼,200.0,201.0,196.0,197.5,161,-4,0,0,7.01,92.98,100.0
2026-05-29,4772,台特化,302.5,304.5,298.5,300.0,1107,-71,0,-29,5.07,94.92,100.0
2026-05-29,4806,桂田文創,9.95,10.35,9.91,10.35,47,0,0,0,1.88,98.11,100.0
2026-05-29,4807,日成-KY,25.7,27.9,25.5,27.9,1076,50,0,0,67.09,32.9,100.0
2026-05-29,4903,聯光通,44.05,45.0,43.6,44.85,1541,-158,0,0,2.74,97.25,100.0
2026-05-29,4904,遠傳,93.6,94.9,93.5,94.6,20793,-5919,4261,1079,21.67,27.14,49.0
2026-05-29,4905,台聯電,80.0,81.9,78.8,80.2,41,7,0,0,9.71,90.28,100.0
2026-05-29,4906,正文,49.9,51.5,47.45,49.7,64823,-1806,0,-184,13.54,86.45,100.0
2026-05-29,4907,富宇,35.55,35.6,35.1,35.6,78,11,0,0,0.18,99.81,100.0
2026-05-29,4908,前鼎,242.5,242.5,231.5,233.0,3160,-680,0,-12,10.49,89.5,100.0
2026-05-29,4909,新復興,53.1,55.5,53.0,54.9,1433,565,0,12,9.37,90.62,100.0
2026-05-29,4911,德英,31.85,31.95,31.3,31.75,29,3,0,0,0.3,99.69,100.0
2026-05-29,4912,聯德控股-KY,111.0,115.5,107.5,115.0,2573,-489,0,-3,25.22,74.77,100.0
2026-05-29,4915,致伸,72.3,75.4,72.3,73.9,8698,1004,-80,8,32.84,67.15,100.0
2026-05-29,4916,事欣科,108.0,112.5,104.0,112.5,6667,9,0,52,20.91,79.08,100.0
2026-05-29,4919,新唐,197.0,197.0,184.0,191.5,5100,529,-2045,118,8.77,91.22,100.0
2026-05-29,4923,力士,48.85,49.6,46.9,47.0,1755,-292,0,0,0.8,99.19,100.0
2026-05-29,4924,欣厚-KY,11.5,11.9,11.5,11.9,49,5,0,-10,38.21,61.78,100.0
2026-05-29,4925,智微,170.85,176.0,162.0,167.0,497,-19,0,0,0.0,0.0,0.0
2026-05-29,4927,泰鼎-KY,58.8,59.4,55.6,56.2,10967,-3854,0,2,12.13,87.86,100.0
2026-05-29,4930,燦星網,17.45,17.8,17.45,17.6,39,9,0,0,2.17,97.82,100.0
2026-05-29,4931,新盛力,221.0,229.5,219.0,229.5,11071,1883,0,39,13.21,86.78,100.0
2026-05-29,4933,友輝,75.8,77.9,75.0,77.3,1303,368,0,3,6.98,93.01,100.0
2026-05-29,4934,太極,16.95,17.25,16.8,17.25,1334,41,0,-5,2.62,97.37,100.0
2026-05-29,4935,茂林-KY,37.75,40.9,37.65,40.9,493,12,0,-2,26.86,73.13,100.0
2026-05-29,4938,和碩,85.5,89.4,85.3,88.5,38620,1062,-33,-205,30.82,69.17,100.0
2026-05-29,4939,亞電,47.05,50.5,45.75,50.5,31208,2373,0,368,8.26,91.73,100.0
2026-05-29,4942,嘉彰,37.75,37.85,37.55,37.85,131,45,0,1,6.68,93.31,100.0
2026-05-29,4943,康控-KY,9.0,9.2,8.95,9.2,153,0,0,0,15.6,84.39,100.0
2026-05-29,4946,辣椒,102.0,102.0,100.5,102.0,27,-4,0,0,3.92,96.07,100.0
2026-05-29,4949,有成精密,98.7,98.7,94.1,94.6,1945,-105,0,0,3.24,96.75,100.0
2026-05-29,4950,金耘國際,16.25,16.3,15.8,16.3,93,11,0,0,0.08,99.91,100.0
2026-05-29,4951,精拓科,125.0,126.5,121.0,122.0,785,-95,0,0,4.6,95.39,100.0
2026-05-29,4952,凌通,54.4,54.4,52.2,52.8,1167,-382,0,3,6.07,93.92,100.0
2026-05-29,4953,緯軟,121.0,124.0,121.0,122.5,573,147,0,8,11.49,88.5,100.0
2026-05-29,4956,光鋐,45.9,46.3,45.25,45.4,2586,-439,0,-4,10.64,89.35,100.0
2026-05-29,4958,臻鼎-KY,504.0,515.0,499.5,515.0,11454,1231,-836,462,63.51,36.48,100.0
2026-05-29,4960,誠美材,32.25,32.6,31.7,31.95,7490,-673,0,-156,19.21,80.78,100.0
2026-05-29,4961,天鈺,172.5,173.0,168.5,172.5,798,-161,43,-8,20.09,79.9,100.0
2026-05-29,4966,譜瑞-KY,866.0,929.0,810.0,834.0,9119,-520,1195,50,34.83,65.16,100.0
2026-05-29,4967,十銓,277.5,279.0,273.0,276.0,4992,-639,0,-27,6.74,93.25,100.0
2026-05-29,4968,立積,119.0,119.0,115.5,116.0,990,-171,1,11,4.51,95.48,100.0
2026-05-29,4971,IET-KY,738.0,750.0,715.0,750.0,240,1,0,16,13.21,86.78,100.0
2026-05-29,4972,湯石照明,16.4,16.45,16.4,16.45,62,-1,0,0,2.07,97.92,100.0
2026-05-29,4973,廣穎,165.0,165.0,151.5,160.0,14062,-695,0,-15,9.44,90.55,100.0
2026-05-29,4974,亞泰,79.2,79.3,77.2,78.0,567,-157,0,0,4.77,95.22,100.0
2026-05-29,4976,佳凌,31.05,31.55,30.75,31.5,788,-66,0,-1,3.81,96.18,100.0
2026-05-29,4977,眾達-KY,211.0,216.5,208.5,210.5,3363,-386,0,12,15.49,84.5,100.0
2026-05-29,4979,華星光,610.0,646.0,608.0,624.0,9533,-182,-1159,-22,12.54,87.45,100.0
2026-05-29,4980,佐臻,46.14,49.15,45.65,48.05,335,2,0,0,0.0,0.0,0.0
2026-05-29,4989,榮科,103.0,109.5,102.0,104.5,19360,583,0,61,4.25,95.74,100.0
2026-05-29,4991,環宇-KY,698.0,774.0,685.0,730.0,8711,-1285,-68,55,17.74,82.25,100.0
2026-05-29,4994,傳奇,91.1,91.9,90.0,91.0,22,7,0,0,2.69,97.3,100.0
2026-05-29,4995,晶達,45.0,45.3,44.8,45.2,36,6,0,0,0.4,99.59,100.0
2026-05-29,4999,鑫禾,19.6,20.5,19.6,20.0,165,45,0,0,1.73,98.26,100.0
2026-05-29,5007,三星,57.6,57.8,57.5,57.8,64,28,0,1,2.94,97.05,100.0
2026-05-29,5009,榮剛,35.8,36.75,35.7,36.05,3128,470,-9,179,10.52,89.47,100.0
2026-05-29,5011,久陽,18.1,19.9,18.1,18.7,2568,-241,0,0,2.74,97.25,100.0
2026-05-29,5013,強新,28.0,28.0,27.55,27.85,7,2,0,0,12.21,87.78,100.0
2026-05-29,5014,建錩,11.0,11.65,11.0,11.15,379,-15,0,0,1.52,98.47,100.0
2026-05-29,5015,華祺,24.05,24.65,24.05,24.25,34,4,0,0,6.73,93.26,100.0
2026-05-29,5016,松和,25.65,26.05,25.45,25.55,46,-2,0,0,0.56,99.43,100.0
2026-05-29,5201,凱衛,28.7,28.7,27.85,28.35,73,-11,0,0,8.23,91.76,100.0
2026-05-29,5202,力新,12.45,12.7,12.1,12.2,797,-166,0,0,1.23,98.76,100.0
2026-05-29,5203,訊連,64.0,65.2,64.0,64.6,156,29,0,0,11.7,88.29,100.0
2026-05-29,5205,中茂,23.65,23.65,21.85,23.5,4,0,0,0,0.04,99.95,100.0
2026-05-29,5206,坤悅,21.7,21.7,21.45,21.6,61,3,0,-1,6.3,93.69,100.0
2026-05-29,5209,新鼎,170.0,172.0,170.0,172.0,70,28,0,0,2.09,97.9,100.0
2026-05-29,5210,寶碩,29.2,30.85,28.5,29.0,1427,64,0,0,1.17,98.82,100.0
2026-05-29,5211,蒙恬,17.85,19.1,17.8,18.35,100,6,0,0,8.04,91.95,100.0
2026-05-29,5212,凌網,46.6,46.6,45.25,45.85,35,6,0,0,21.77,78.22,100.0
2026-05-29,5213,亞昕,26.15,26.35,26.05,26.25,922,244,0,0,1.21,98.78,100.0
2026-05-29,5215,科嘉-KY,47.4,49.0,47.4,49.0,366,90,0,0,25.72,74.27,100.0
2026-05-29,5220,萬達光電,23.0,23.3,22.85,23.25,52,-9,0,0,0.45,99.54,100.0
2026-05-29,5222,全訊,123.5,126.5,123.0,126.0,470,-27,0,-1,4.02,5.97,10.0
2026-05-29,5223,安力-KY,24.5,25.25,24.5,24.7,24,3,0,0,41.95,58.04,100.0
2026-05-29,5225,東科-KY,70.2,71.1,70.0,70.9,312,106,0,0,40.72,59.27,100.0
2026-05-29,5227,立凱-KY,24.35,24.9,24.0,24.55,144,33,0,0,12.77,87.22,100.0
2026-05-29,5228,鈺鎧,65.0,65.0,61.8,64.0,414,-3,0,20,1.77,98.22,100.0
2026-05-29,5230,雷笛克光學,17.2,18.25,17.15,17.25,398,-15,0,0,1.29,98.7,100.0
2026-05-29,5234,達興材料,415.0,418.0,406.0,409.0,670,-174,-43,-12,11.0,88.99,100.0
2026-05-29,5236,凌陽創新,186.0,186.0,181.5,182.5,442,-188,1,0,6.2,93.79,100.0
2026-05-29,5240,建騰,24.7,25.0,24.1,25.0,5,0,0,0,0.0,0.0,0.0
2026-05-29,5243,乙盛-KY,123.5,129.0,121.0,126.5,8560,-2889,0,166,55.96,44.03,100.0
2026-05-29,5244,弘凱,38.8,38.8,38.05,38.1,282,-15,0,-1,1.9,98.09,100.0
2026-05-29,5245,智晶,26.9,28.4,26.65,27.05,322,-61,0,0,3.12,96.87,100.0
2026-05-29,5246,勵威,180.28,185.5,170.5,175.5,524,-4,0,0,0.0,0.0,0.0
2026-05-29,5248,景傳,43.32,42.5,40.5,41.05,145,-4,0,0,0.0,0.0,0.0
2026-05-29,5251,天鉞電,26.7,26.9,26.65,26.7,67,2,0,0,28.68,71.31,100.0
2026-05-29,5254,欣訊科技,46.71,46.45,43.8,46.35,166,-10,0,0,0.0,0.0,0.0
2026-05-29,5258,虹堡,51.7,51.8,49.95,50.0,1960,134,0,0,5.26,94.73,100.0
2026-05-29,5262,立達,51.55,53.1,50.7,51.5,123,-2,0,0,0.0,0.0,0.0
2026-05-29,5263,智崴,106.0,106.0,101.5,103.5,259,9,0,0,15.27,84.72,100.0
2026-05-29,5267,龍翩,64.27,66.1,62.5,64.6,102,-15,0,0,0.0,0.0,0.0
2026-05-29,5269,祥碩,1485.0,1485.0,1450.0,1465.0,1052,-68,5,3,7.76,92.23,100.0
2026-05-29,5271,紘通,18.28,18.25,17.7,18.0,996,0,0,0,0.0,0.0,0.0
2026-05-29,5272,笙科,22.15,22.4,21.95,22.1,282,15,0,0,3.36,96.63,100.0
2026-05-29,5274,信驊,19000.0,19510.0,18615.0,18950.0,686,143,-47,2,54.09,45.9,100.0
2026-05-29,5276,達輝-KY,19.2,20.0,19.1,19.2,26,-2,0,0,76.99,23.0,100.0
2026-05-29,5278,尚凡,22.3,22.3,22.05,22.2,224,-4,0,0,0.52,99.47,100.0
2026-05-29,5278,尚凡*,22.3,22.3,22.05,22.2,224,-4,0,0,0.52,99.47,100.0
2026-05-29,5283,禾聯碩,52.0,52.3,52.0,52.1,114,67,0,0,1.37,98.62,100.0
2026-05-29,5284,jpp-KY,478.0,478.0,442.0,451.5,1531,-421,0,-24,54.08,45.91,100.0
2026-05-29,5285,界霖,92.5,94.0,89.1,90.1,5421,-1583,0,8,4.76,95.23,100.0
2026-05-29,5287,數字,149.0,149.5,146.0,146.5,239,-151,0,0,16.27,83.72,100.0
2026-05-29,5288,豐祥-KY,157.5,160.0,156.0,156.0,146,15,0,0,58.62,41.37,100.0
2026-05-29,5289,宜鼎,1760.0,1840.0,1735.0,1810.0,5120,-260,356,33,23.63,76.36,100.0
2026-05-29,5291,邑昇,72.9,73.6,71.0,71.8,817,-78,0,8,4.23,95.76,100.0
2026-05-29,5292,華懋,232.0,232.5,225.0,226.0,274,-169,0,-2,6.12,93.87,100.0
2026-05-29,5297,廣化,126.71,133.5,122.0,125.5,678,-15,0,0,0.0,0.0,0.0
2026-05-29,5299,杰力,122.5,125.0,117.0,119.5,1391,-208,0,0,2.15,97.84,100.0
2026-05-29,5301,寶得利,6.98,6.98,6.62,6.88,27,1,0,0,2.1,97.89,100.0
2026-05-29,5302,太欣,11.7,11.7,10.55,10.8,1967,-300,0,-2,0.71,99.28,100.0
2026-05-29,5306,桂盟,82.6,83.9,82.6,83.4,168,84,0,6,12.57,87.42,100.0
2026-05-29,5309,系統電,68.0,69.7,66.5,69.0,7861,-391,3,18,9.95,90.04,100.0
2026-05-29,5310,天剛,23.0,23.0,23.0,23.0,2,0,0,0,0.06,99.93,100.0
2026-05-29,5312,寶島科,93.8,94.3,93.8,94.2,23,2,0,0,7.79,92.2,100.0
2026-05-29,5314,世紀*,61.9,64.4,61.7,63.0,4440,713,2,45,12.91,87.08,100.0
2026-05-29,5315,光聯,22.0,22.35,21.95,22.25,1044,-78,0,0,8.86,91.13,100.0
2026-05-29,5321,美而快,49.6,52.2,49.6,52.2,554,0,0,6,1.5,98.49,100.0
2026-05-29,5324,士開,11.85,11.9,11.8,11.9,260,-15,0,0,5.22,94.77,100.0
2026-05-29,5328,華容,37.5,39.6,35.95,39.6,29947,746,0,236,6.87,93.12,100.0
2026-05-29,5340,建榮,102.0,105.0,100.5,101.5,3080,-180,0,8,49.38,50.61,100.0
2026-05-29,5344,立衛,15.85,16.0,15.05,15.6,142,5,0,0,0.14,99.85,100.0
2026-05-29,5345,天揚,22.45,22.45,22.45,22.45,83,0,0,0,0.03,99.96,100.0
2026-05-29,5345,馥鴻,22.45,22.45,22.45,22.45,83,0,0,0,0.03,99.96,100.0
2026-05-29,5347,世界,164.5,168.0,161.0,168.0,34312,-1800,3015,205,28.4,71.59,100.0
2026-05-29,5348,正能量智能,15.35,15.35,15.3,15.3,8,0,0,0,0.02,99.97,100.0
2026-05-29,5351,鈺創,85.1,87.3,84.1,86.2,24247,2421,0,0,21.01,78.98,100.0
2026-05-29,5353,台林,27.2,29.6,27.2,29.6,867,97,0,0,0.74,99.25,100.0
2026-05-29,5355,佳總,6.3,6.8,6.23,6.55,168,0,0,0,0.19,99.8,100.0
2026-05-29,5356,協益,27.0,27.05,26.75,26.75,143,7,0,0,3.3,96.69,100.0
2026-05-29,5364,力麗店,8.9,8.93,8.75,8.79,97,12,0,0,0.6,99.39,100.0
2026-05-29,5371,中光電,72.5,75.1,71.9,72.6,6987,521,0,-24,19.82,80.17,100.0
2026-05-29,5381,光譜,25.55,25.55,25.05,25.1,915,-113,0,0,0.86,99.13,100.0
2026-05-29,5386,青雲,584.0,597.0,576.0,593.0,2467,-120,0,-9,3.43,96.56,100.0
2026-05-29,5388,中磊,87.1,87.1,85.1,86.7,3895,373,0,26,20.2,79.76,100.0
2026-05-29,5392,能率,41.5,44.55,41.3,44.55,12410,3070,0,66,11.99,88.0,100.0
2026-05-29,5398,慕康生醫,16.85,16.95,16.55,16.75,82,13,0,0,5.54,94.45,100.0
2026-05-29,5403,中菲,85.0,86.1,85.0,85.5,69,26,0,0,6.19,93.8,100.0
2026-05-29,5410,國眾,39.85,39.95,38.8,39.95,1257,-148,0,0,9.88,90.11,100.0
2026-05-29,5425,台半,125.5,125.5,113.0,116.5,66971,-12456,0,-192,18.46,81.53,100.0
2026-05-29,5426,振發,18.8,18.85,18.55,18.65,400,39,0,0,2.52,97.47,100.0
2026-05-29,5432,新門,136.0,137.5,134.5,135.0,62,-5,0,0,0.81,99.18,100.0
2026-05-29,5434,崇越,464.5,464.5,452.0,453.0,712,-166,0,-2,31.07,68.92,100.0
2026-05-29,5438,東友,19.5,19.5,18.95,19.1,138,22,0,0,1.08,98.91,100.0
2026-05-29,5439,高技,379.0,386.0,371.5,383.0,2024,403,-22,36,19.58,80.41,100.0
2026-05-29,5443,均豪,124.0,128.5,123.0,126.5,4883,-91,0,276,8.86,91.13,100.0
2026-05-29,5450,寶聯通,12.7,13.0,12.65,12.8,73,0,0,0,0.12,99.87,100.0
2026-05-29,5450,南良,12.7,13.0,12.65,12.8,73,0,0,0,0.12,99.87,100.0
2026-05-29,5452,佶優,32.5,35.5,32.05,34.95,8035,-1209,0,72,15.68,84.31,100.0
2026-05-29,5455,昇益,22.5,23.95,22.5,23.1,141,1,0,0,0.1,99.89,100.0
2026-05-29,5457,宣德,29.4,29.9,29.4,29.75,498,-100,0,0,27.97,72.02,100.0
2026-05-29,5460,同協,15.1,15.1,15.0,15.0,30,-1,0,0,0.36,99.63,100.0
2026-05-29,5464,霖宏,77.0,83.0,75.6,83.0,2320,330,0,-12,5.1,94.89,100.0
2026-05-29,5465,富驊,26.25,26.5,26.0,26.1,160,-6,0,0,2.27,97.72,100.0
2026-05-29,5468,凱鈺,17.3,17.45,16.95,17.25,104,1,0,0,0.18,99.81,100.0
2026-05-29,5469,瀚宇博,85.8,87.1,84.6,85.2,3367,372,-1,35,11.39,88.6,100.0
2026-05-29,5471,松翰,55.2,55.6,53.5,54.1,4892,-1236,0,0,10.34,89.65,100.0
2026-05-29,5474,聰泰,173.0,180.0,173.0,180.0,2184,253,0,24,2.69,97.3,100.0
2026-05-29,5475,德宏,265.0,270.0,246.0,270.0,7410,1679,0,-20,6.66,93.33,100.0
2026-05-29,5478,智冠,98.0,99.5,98.0,99.0,182,-58,0,0,17.86,82.13,100.0
2026-05-29,5481,新華,18.3,18.45,18.0,18.0,152,9,0,0,25.73,74.26,100.0
2026-05-29,5483,中美晶,168.0,175.0,167.0,172.0,27576,670,-25,50,23.52,76.47,100.0
2026-05-29,5484,慧友,48.0,50.5,47.8,48.75,1526,-73,0,1,1.98,98.01,100.0
2026-05-29,5487,通泰,27.8,28.05,27.15,27.35,166,2,0,0,0.61,99.38,100.0
2026-05-29,5488,松普,11.65,12.3,11.6,12.2,1020,206,0,0,2.04,97.95,100.0
2026-05-29,5489,彩富,39.0,39.5,38.9,38.9,43,-8,0,1,1.36,98.63,100.0
2026-05-29,5490,同亨,29.15,29.4,28.7,28.8,591,-45,0,0,7.34,92.65,100.0
2026-05-29,5493,三聯,90.0,90.1,88.6,89.0,186,-9,0,-5,2.49,97.5,100.0
2026-05-29,5498,凱崴,66.8,67.8,65.4,65.8,4354,-101,0,-1,3.17,96.82,100.0
2026-05-29,5508,永信建,46.05,46.6,45.5,45.95,549,-23,-3,0,3.34,96.65,100.0
2026-05-29,5511,德昌,71.4,71.9,71.3,71.6,115,-26,0,1,4.14,95.85,100.0
2026-05-29,5512,力麒,6.98,7.08,6.93,7.01,2399,-171,0,0,4.86,95.13,100.0
2026-05-29,5514,三豐,14.05,14.05,13.7,13.9,60,2,0,0,0.02,99.97,100.0
2026-05-29,5515,建國,40.7,41.6,40.4,40.75,627,-12,-2,-5,12.38,87.61,100.0
2026-05-29,5516,雙喜,10.2,10.4,10.2,10.4,11,-2,0,0,0.06,99.93,100.0
2026-05-29,5519,隆大,32.0,32.15,32.0,32.1,356,-1,0,1,4.25,95.74,100.0
2026-05-29,5520,力泰,82.8,83.0,82.8,83.0,6,-1,0,0,0.03,99.96,100.0
2026-05-29,5521,工信,10.25,10.35,10.1,10.35,3640,776,0,88,7.56,92.43,100.0
2026-05-29,5522,遠雄,72.0,72.7,71.5,72.7,1807,107,-2,-5,4.54,95.45,100.0
2026-05-29,5523,豐謙,30.45,30.5,30.25,30.5,47,-3,0,0,0.13,99.86,100.0
2026-05-29,5525,順天,21.1,21.2,20.75,21.15,133,39,0,4,1.68,98.31,100.0
2026-05-29,5529,鉅陞,21.95,22.3,21.9,22.25,77,-2,0,0,0.67,99.32,100.0
2026-05-29,5530,龍巖,46.1,46.95,46.05,46.4,3181,-17,0,5,54.12,45.87,100.0
2026-05-29,5531,鄉林,7.7,7.72,7.6,7.64,609,-51,0,0,2.55,97.44,100.0
2026-05-29,5533,皇鼎,13.95,14.05,13.9,14.0,78,34,0,1,2.7,97.29,100.0
2026-05-29,5534,長虹,74.8,74.8,74.1,74.1,1148,-545,-41,-1,8.83,91.16,100.0
2026-05-29,5536,聖暉*,1050.0,1060.0,993.0,993.0,1821,-376,-28,-5,37.56,62.43,100.0
2026-05-29,5538,東明-KY,35.85,35.85,35.15,35.55,28,20,0,-1,63.82,36.17,100.0
2026-05-29,5543,桓鼎-KY,30.15,30.2,28.5,29.95,40,0,0,0,0.02,99.97,100.0
2026-05-29,5546,永固-KY,16.55,16.9,16.55,16.8,36,9,0,0,53.71,46.28,100.0
2026-05-29,5547,久舜,21.85,21.9,21.8,21.8,34,0,0,0,0.16,99.83,100.0
2026-05-29,5548,安倉,23.25,23.3,23.2,23.3,58,0,0,0,0.22,99.77,100.0
2026-05-29,5601,台聯櫃,31.8,33.2,31.75,32.05,20,-1,0,0,4.42,95.57,100.0
2026-05-29,5603,陸海,15.15,15.15,14.95,15.1,145,22,0,0,5.04,94.95,100.0
2026-05-29,5604,中連貨,31.1,31.1,30.8,31.0,30,0,0,0,3.04,96.95,100.0
2026-05-29,5604,中連,31.1,31.1,30.8,31.0,30,0,0,0,3.04,96.95,100.0
2026-05-29,5607,遠雄港,49.7,50.6,49.7,50.3,733,431,0,-2,3.19,96.8,100.0
2026-05-29,5608,四維航,14.5,14.5,14.3,14.35,1176,4,0,0,5.01,42.48,47.5
2026-05-29,5609,中菲行,83.0,83.0,80.5,81.0,371,-98,0,32,14.47,85.52,100.0
2026-05-29,5701,劍湖山,4.0,4.0,4.0,4.0,270,0,0,92,0.0,99.99,100.0
2026-05-29,5703,亞都,13.7,13.85,13.7,13.85,4,0,0,0,6.62,93.37,100.0
2026-05-29,5704,老爺知,21.35,21.35,21.15,21.2,21,-5,0,0,0.16,99.83,100.0
2026-05-29,5706,鳳凰,50.1,51.0,50.0,50.7,245,64,0,0,1.57,98.42,100.0
2026-05-29,5859,遠壽,13.68,13.7,13.4,13.7,140,0,0,0,0.0,0.0,0.0
2026-05-29,5863,瑞興銀,10.76,10.9,10.6,10.85,28,0,0,0,0.0,0.0,0.0
2026-05-29,5864,致和證,41.2,43.05,40.5,43.05,11429,-1131,0,0,6.27,93.72,100.0
2026-05-29,5871,中租-KY,108.0,109.5,107.0,107.5,15423,-2574,1613,17,45.59,54.4,100.0
2026-05-29,5876,上海商銀,39.05,39.75,38.8,39.75,23187,-2845,4262,-474,53.47,46.52,100.0
2026-05-29,5878,台名,41.2,41.2,41.0,41.2,10,0,0,0,0.59,99.4,100.0
2026-05-29,5880,合庫金,22.7,22.85,22.6,22.85,71316,1614,153,65,15.13,84.86,100.0
2026-05-29,5902,德記,35.65,35.65,34.65,34.9,49,-8,0,0,1.19,98.8,100.0
2026-05-29,5903,全家,186.5,187.0,186.0,187.0,52,-10,0,0,50.92,49.07,100.0
2026-05-29,5904,寶雅,558.0,575.0,558.0,575.0,397,192,0,4,29.01,70.98,100.0
2026-05-29,5905,南仁湖,7.81,7.91,7.8,7.84,403,-36,0,0,1.28,98.71,100.0
2026-05-29,5906,台南-KY,0.0,0.0,0.0,0.0,0,0,0,0,19.36,80.63,100.0
2026-05-29,5907,大洋-KY,4.96,5.03,4.96,5.0,238,64,0,0,52.07,47.92,100.0
2026-05-29,6005,群益證,36.8,38.5,36.5,38.5,17154,1682,-212,0,17.47,82.52,100.0
2026-05-29,6015,宏遠證,18.3,19.5,18.15,19.3,10899,1122,0,0,9.34,90.65,100.0
2026-05-29,6016,康和證,27.75,29.6,27.5,29.6,20972,-661,0,0,11.98,88.01,100.0
2026-05-29,6020,大展證,23.95,24.1,23.6,24.1,180,23,0,0,0.02,99.97,100.0
2026-05-29,6021,美好證,35.8,37.15,35.55,36.9,691,216,0,0,7.61,92.38,100.0
2026-05-29,6023,元大期,98.8,100.0,98.8,98.9,329,-73,0,0,1.95,98.04,100.0
2026-05-29,6024,群益期,56.7,57.7,56.7,57.7,602,227,0,0,4.01,95.98,100.0
2026-05-29,6026,福邦證,16.55,16.95,16.45,16.85,6793,2836,0,0,7.22,92.77,100.0
2026-05-29,6027,德信,12.1,13.05,12.4,13.05,49,6,0,0,0.0,0.0,0.0
2026-05-29,6028,公勝保經,79.1,79.1,79.0,79.1,18,0,0,2,0.65,99.34,100.0
2026-05-29,6035,悠遊卡,50.58,52.4,49.95,52.4,5,-1,0,0,0.0,0.0,0.0
2026-05-29,6101,寬魚國際,39.6,39.6,37.7,38.35,351,2,0,6,0.38,99.61,100.0
2026-05-29,6103,合邦,39.5,39.5,38.0,38.0,8,-4,0,0,0.68,99.31,100.0
2026-05-29,6104,創惟,98.9,100.5,98.2,99.0,1295,-161,0,-15,11.48,88.51,100.0
2026-05-29,6108,競國,20.5,20.5,19.8,19.9,2425,-365,0,-7,3.83,96.16,100.0
2026-05-29,6109,亞元,10.8,11.3,10.8,11.3,335,47,0,0,1.95,98.04,100.0
2026-05-29,6111,光聚晶電,44.45,45.45,44.45,45.2,314,163,0,2,10.46,89.53,100.0
2026-05-29,6112,邁達特,42.05,43.15,41.95,42.8,528,114,0,0,1.04,98.95,100.0
2026-05-29,6113,亞矽,26.5,27.65,26.3,27.6,500,24,0,0,3.3,96.69,100.0
2026-05-29,6114,久威,30.75,30.8,30.25,30.35,58,-5,0,0,0.79,99.2,100.0
2026-05-29,6115,鎰勝,47.6,47.6,47.3,47.5,155,-9,0,0,5.5,94.49,100.0
2026-05-29,6116,彩晶,16.5,17.1,15.75,17.1,289351,4366,0,918,7.49,92.5,100.0
2026-05-29,6117,迎廣,84.8,84.8,82.5,84.0,827,-177,0,0,1.85,98.14,100.0
2026-05-29,6118,建達,17.6,17.8,17.55,17.6,322,-39,0,0,1.35,98.64,100.0
2026-05-29,6120,達運,14.05,14.45,13.85,14.35,4929,1132,0,9,8.74,91.25,100.0
2026-05-29,6121,新普,390.0,399.0,385.0,393.0,1145,406,-19,3,37.48,62.51,100.0
2026-05-29,6122,擎邦,46.4,46.85,46.4,46.7,273,109,0,-1,4.68,95.31,100.0
2026-05-29,6123,上奇,43.0,43.45,43.0,43.3,74,13,0,0,2.59,97.4,100.0
2026-05-29,6124,業強,29.7,29.7,29.0,29.3,53,14,0,0,50.95,49.04,100.0
2026-05-29,6125,廣運,66.6,68.7,66.5,66.7,7721,280,0,27,9.98,90.01,100.0
2026-05-29,6126,信音,36.0,36.15,35.35,35.5,1031,-21,0,-5,4.42,95.57,100.0
2026-05-29,6127,九豪,63.0,67.3,60.4,67.3,38105,-4639,0,132,12.07,87.92,100.0
2026-05-29,6128,上福,19.3,19.5,19.25,19.45,182,12,0,-15,4.39,95.6,100.0
2026-05-29,6129,普誠,15.15,16.6,15.1,16.6,1341,195,0,4,2.8,97.19,100.0
2026-05-29,6130,上亞科技,22.35,22.35,21.6,21.95,319,-1,0,0,0.5,99.49,100.0
2026-05-29,6133,金橋,23.15,23.5,22.9,23.3,1010,6,0,-1,2.13,97.86,100.0
2026-05-29,6134,萬旭,34.0,36.2,33.8,36.2,7845,1102,0,1,27.98,72.01,100.0
2026-05-29,6136,富爾特,25.7,25.85,25.65,25.75,247,103,0,3,3.7,96.29,100.0
2026-05-29,6138,茂達,353.0,355.5,341.5,345.5,1506,-309,331,6,16.87,83.12,100.0
2026-05-29,6139,亞翔,781.0,792.0,768.0,784.0,3939,-909,-131,68,29.33,70.66,100.0
2026-05-29,6140,訊達,19.2,19.25,18.75,18.8,167,-2,0,0,1.64,98.35,100.0
2026-05-29,6141,柏承,44.2,47.45,42.2,46.0,10248,516,0,-49,5.23,94.76,100.0
2026-05-29,6142,友勁,8.15,8.34,8.1,8.27,520,60,0,6,2.51,97.48,100.0
2026-05-29,6143,振曜,103.0,103.0,99.8,99.8,1473,-467,0,2,10.26,89.73,100.0
2026-05-29,6144,得利影,14.65,14.65,14.2,14.45,17,0,0,0,33.4,66.59,100.0
2026-05-29,6146,耕興,220.0,234.5,220.0,233.0,1801,-183,0,5,30.34,69.65,100.0
2026-05-29,6147,頎邦,300.5,305.5,290.0,305.5,39415,-11286,1065,-15,22.43,77.56,100.0
2026-05-29,6148,驊宏資,29.0,29.05,28.7,28.8,147,-28,0,0,2.8,97.19,100.0
2026-05-29,6150,撼訊,68.7,69.3,67.4,68.5,702,-60,0,9,6.17,93.82,100.0
2026-05-29,6151,晉倫,44.65,44.65,42.75,43.05,740,-89,0,20,4.78,95.21,100.0
2026-05-29,6152,百一,15.3,15.45,15.0,15.3,1005,244,0,-6,1.81,98.18,100.0
2026-05-29,6153,嘉聯益,17.85,18.05,17.7,17.9,3191,250,0,24,11.62,88.37,100.0
2026-05-29,6154,順發,13.4,13.4,13.25,13.3,85,6,0,0,0.72,99.27,100.0
2026-05-29,6155,鈞寶,70.6,70.8,61.9,62.8,17534,-1283,0,-4,8.4,91.59,100.0
2026-05-29,6156,松上,18.4,18.5,18.2,18.45,656,242,0,0,5.02,94.97,100.0
2026-05-29,6158,禾昌,17.9,18.0,17.8,17.95,66,12,0,0,0.72,99.27,100.0
2026-05-29,6160,欣技,16.85,17.75,16.3,17.35,757,-3,0,0,3.99,96.0,100.0
2026-05-29,6161,捷波,60.5,61.8,59.0,59.1,808,-125,0,0,2.67,97.32,100.0
2026-05-29,6163,華電網,49.0,53.0,48.4,53.0,4654,327,0,126,3.14,96.85,100.0
2026-05-29,6164,華興,12.25,12.25,12.0,12.1,532,-98,0,-2,4.74,95.25,100.0
2026-05-29,6165,浪凡,48.35,49.15,48.35,48.5,555,-53,0,2,17.69,82.3,100.0
2026-05-29,6166,凌華,135.0,135.0,128.0,132.0,2365,-451,0,-1,20.03,79.96,100.0
2026-05-29,6167,久正,11.7,11.75,11.55,11.6,704,-35,0,0,4.61,95.38,100.0
2026-05-29,6168,宏齊,27.65,28.35,27.35,27.9,3274,-136,0,-3,3.75,96.24,100.0
2026-05-29,6169,昱泉,14.3,14.3,13.65,14.0,25,3,0,0,0.17,99.82,100.0
2026-05-29,6170,統振,50.5,51.7,50.4,51.4,478,147,0,0,2.81,97.18,100.0
2026-05-29,6171,大城地產,0.0,0.0,0.0,0.0,0,0,0,0,0.16,99.83,100.0
2026-05-29,6173,信昌電,227.0,237.0,213.5,237.0,1395,455,0,-16,25.07,74.92,100.0
2026-05-29,6174,安碁,47.2,48.0,45.6,46.65,2990,-552,0,-5,3.09,96.9,100.0
2026-05-29,6175,立敦,115.0,115.5,102.0,103.0,13829,-2476,0,-226,22.59,77.4,100.0
2026-05-29,6176,瑞儀,103.5,109.5,102.0,106.5,10413,293,-75,-8,24.26,75.73,100.0
2026-05-29,6177,達麗,41.85,42.4,41.8,42.4,1855,556,-539,-15,6.51,93.48,100.0
2026-05-29,6179,亞通,24.0,24.0,23.7,23.85,915,36,0,-88,4.91,95.08,100.0
2026-05-29,6180,橘子,39.5,41.4,39.45,40.8,1106,240,0,0,23.05,76.94,100.0
2026-05-29,6182,合晶,99.0,99.7,96.0,99.5,14736,2801,123,-666,21.92,78.07,100.0
2026-05-29,6183,關貿,90.9,91.0,87.0,90.6,197,65,0,-2,1.08,98.91,100.0
2026-05-29,6184,大豐電,45.9,46.3,45.85,46.05,72,26,0,0,2.76,16.23,19.0
2026-05-29,6185,幃翔,13.7,13.85,13.7,13.85,152,37,0,0,1.94,98.05,100.0
2026-05-29,6186,新潤,39.6,39.75,39.2,39.6,434,279,0,1,2.47,97.52,100.0
2026-05-29,6187,萬潤,1225.0,1285.0,1120.0,1120.0,7700,-965,82,-179,28.08,71.91,100.0
2026-05-29,6188,廣明,82.6,85.0,82.1,84.6,2627,695,-288,13,9.37,90.62,100.0
2026-05-29,6189,豐藝,50.6,51.0,50.2,50.3,772,-78,-17,1,8.27,91.72,100.0
2026-05-29,6190,萬泰科,87.6,92.1,85.0,92.0,17728,0,0,152,11.38,88.61,100.0
2026-05-29,6191,精成科,98.3,98.8,96.4,97.0,6146,-1194,0,-32,4.14,95.85,100.0
2026-05-29,6192,巨路,128.0,129.0,126.5,128.5,453,-133,0,0,25.47,74.52,100.0
2026-05-29,6194,育富,34.7,34.7,34.5,34.55,166,12,0,0,2.27,97.72,100.0
2026-05-29,6195,詩肯,26.1,26.25,26.1,26.2,20,0,0,0,45.02,54.97,100.0
2026-05-29,6196,帆宣,517.0,522.0,506.0,511.0,2183,384,-1,54,17.2,82.79,100.0
2026-05-29,6197,佳必琪,287.0,298.0,277.0,297.0,6987,-598,0,61,7.76,92.23,100.0
2026-05-29,6198,瑞築,21.05,21.05,20.35,20.75,69,-1,0,0,0.04,99.95,100.0
2026-05-29,6199,天品,92.5,93.4,91.0,91.0,364,19,0,-23,5.62,94.37,100.0
2026-05-29,6201,亞弘電,47.8,48.95,47.8,48.6,47,8,0,0,1.14,98.85,100.0
2026-05-29,6202,盛群,60.2,60.2,57.9,58.7,3041,-817,4,-1,12.2,87.79,100.0
2026-05-29,6203,海韻電,71.5,71.5,70.6,70.7,162,25,0,0,3.05,96.94,100.0
2026-05-29,6204,艾華,91.5,94.8,88.8,93.0,869,-56,0,0,1.44,98.55,100.0
2026-05-29,6205,詮欣,79.0,79.1,77.7,78.0,857,-29,0,-1,1.55,98.44,100.0
2026-05-29,6206,飛捷,141.0,141.0,137.0,137.5,1778,-759,-6,-27,15.22,84.77,100.0
2026-05-29,6207,雷科,108.0,115.5,107.0,111.5,19684,-899,0,358,6.7,93.29,100.0
2026-05-29,6208,日揚,95.8,97.6,93.8,95.1,1045,-78,0,0,2.24,97.75,100.0
2026-05-29,6209,今國光,81.3,81.9,80.3,81.7,6317,-677,0,107,6.81,93.18,100.0
2026-05-29,6210,慶生,20.9,21.4,20.55,20.9,27,0,0,-1,0.25,99.74,100.0
2026-05-29,6212,理銘,0.0,0.0,0.0,0.0,0,0,0,0,0.47,99.52,100.0
2026-05-29,6213,聯茂,270.0,280.0,267.5,268.5,20471,3517,0,294,11.75,88.21,100.0
2026-05-29,6214,精誠,131.0,132.5,131.0,131.0,1623,456,1,10,12.56,87.43,100.0
2026-05-29,6215,和椿,126.5,131.0,125.0,127.5,3791,-415,0,22,9.25,90.74,100.0
2026-05-29,6216,居易,22.4,22.8,22.35,22.4,225,-1,0,0,2.9,97.09,100.0
2026-05-29,6217,中探針,286.0,290.0,280.5,289.5,1363,13,0,-36,18.93,81.06,100.0
2026-05-29,6218,豪勉,39.8,40.0,38.8,39.0,1678,-491,0,0,1.73,98.26,100.0
2026-05-29,6219,富旺,11.85,12.35,11.7,12.05,511,141,0,0,1.69,98.3,100.0
2026-05-29,6220,岳豐,33.15,33.5,32.7,33.5,967,-247,0,0,3.95,96.04,100.0
2026-05-29,6221,晉泰,23.2,23.35,23.0,23.2,154,21,0,0,1.21,98.78,100.0
2026-05-29,6222,立軒,20.6,21.0,20.2,21.0,74,2,0,0,0.12,99.87,100.0
2026-05-29,6223,旺矽,6165.0,6200.0,5870.0,5960.0,7883,-26,26,7,29.92,70.07,100.0
2026-05-29,6224,聚鼎,97.5,97.5,93.3,95.0,8094,-615,0,-14,5.13,94.86,100.0
2026-05-29,6225,天瀚,26.1,26.25,24.0,24.0,27,0,0,0,0.04,99.95,100.0
2026-05-29,6226,光鼎,13.2,13.3,12.9,13.0,1594,195,0,1,2.65,97.34,100.0
2026-05-29,6227,茂綸,139.0,143.0,132.0,134.5,4222,-788,0,8,5.8,94.19,100.0
2026-05-29,6228,全譜,20.6,20.75,20.4,20.65,19,0,0,0,0.18,99.81,100.0
2026-05-29,6229,研通,26.85,27.3,26.45,26.65,185,-56,0,0,1.62,98.37,100.0
2026-05-29,6230,尼得科超眾,134.0,136.0,134.0,135.5,74,12,0,0,86.98,13.01,100.0
2026-05-29,6231,系微,288.0,293.0,284.0,284.5,691,-131,0,-17,13.06,86.93,100.0
2026-05-29,6233,旺玖,25.15,25.35,25.0,25.1,431,1,0,0,5.99,94.0,100.0
2026-05-29,6234,高僑,51.7,52.2,49.1,49.7,3039,-455,0,24,9.76,90.23,100.0
2026-05-29,6235,華孚,44.1,46.0,42.85,45.0,8756,-1251,0,-10,3.81,96.18,100.0
2026-05-29,6236,中湛,0.0,0.0,0.0,0.0,0,0,0,0,0.02,99.97,100.0
2026-05-29,6237,驊訊,52.1,52.6,50.3,50.3,1762,-415,0,-11,11.36,88.63,100.0
2026-05-29,6239,力成,377.0,387.0,367.0,379.0,17024,-1822,-99,391,35.8,64.19,100.0
2026-05-29,6240,松崗,17.85,18.1,17.65,17.9,9,-4,0,0,0.31,99.68,100.0
2026-05-29,6241,鑫永洋,10.1,10.1,9.86,9.89,215,1,0,0,0.17,99.82,100.0
2026-05-29,6242,立康,38.0,38.3,37.9,38.2,19,0,0,0,0.49,99.5,100.0
2026-05-29,6243,迅杰,34.2,34.2,33.55,33.7,350,-58,0,0,2.59,97.4,100.0
2026-05-29,6244,茂迪,30.65,30.8,29.8,30.05,7978,-2064,0,-212,19.36,80.63,100.0
2026-05-29,6245,立端,87.2,87.8,86.2,87.2,900,-22,0,1,9.74,90.25,100.0
2026-05-29,6246,臺龍,15.45,15.45,15.1,15.15,74,-2,0,0,0.18,99.81,100.0
2026-05-29,6248,沛波,18.4,18.5,18.35,18.45,64,16,0,0,0.81,99.18,100.0
2026-05-29,6257,矽格,234.0,236.5,224.5,227.5,13335,-3608,-197,-115,28.34,71.65,100.0
2026-05-29,6259,百徽,27.55,28.0,26.6,27.0,727,-8,0,0,39.4,60.59,100.0
2026-05-29,6261,久元,121.5,124.5,118.0,123.0,7773,-1243,0,103,5.35,94.64,100.0
2026-05-29,6263,普萊德,183.5,184.5,177.0,178.5,431,-26,0,0,1.67,98.32,100.0
2026-05-29,6264,富裔,6.08,6.1,5.8,6.07,140,11,0,0,0.02,99.97,100.0
2026-05-29,6265,方土昶,55.0,56.0,53.0,55.2,10010,-131,0,-21,10.27,89.72,100.0
2026-05-29,6266,泰詠,28.3,28.3,27.85,28.1,393,-55,0,0,2.17,97.82,100.0
2026-05-29,6269,台郡,62.3,63.0,61.7,62.9,2807,404,-1,23,17.79,82.2,100.0
2026-05-29,6270,倍微,27.25,27.65,27.1,27.65,404,42,0,0,3.96,96.03,100.0
2026-05-29,6271,同欣電,250.0,250.5,244.5,247.0,2842,-55,0,36,32.51,67.48,100.0
2026-05-29,6272,驊陞,34.3,35.45,34.25,34.35,358,-80,0,0,3.36,96.63,100.0
2026-05-29,6274,台燿,1615.0,1690.0,1610.0,1690.0,9687,80,977,-30,37.73,62.26,100.0
2026-05-29,6275,元山,48.4,49.55,47.75,49.2,913,211,0,0,2.34,97.65,100.0
2026-05-29,6276,安鈦克,26.6,27.5,26.6,27.5,56,8,0,0,1.73,98.26,100.0
2026-05-29,6277,宏正,78.0,78.9,76.5,78.0,527,28,0,0,8.64,91.35,100.0
2026-05-29,6278,台表科,227.0,228.0,216.0,221.0,10538,-1753,78,-35,17.31,82.68,100.0
2026-05-29,6279,胡連,125.0,126.0,122.0,122.5,1642,-199,-6,37,4.17,95.82,100.0
2026-05-29,6281,全國電,50.8,51.6,50.8,51.0,175,33,0,0,2.27,97.72,100.0
2026-05-29,6282,康舒,59.4,60.5,57.0,59.9,46988,-1590,8,1292,20.01,79.98,100.0
2026-05-29,6283,淳安,23.7,24.2,23.7,24.0,192,-8,0,-1,18.55,81.44,100.0
2026-05-29,6284,佳邦,130.0,131.0,117.0,119.5,14063,-4120,0,-30,15.09,84.9,100.0
2026-05-29,6285,啟碁,316.0,331.0,307.5,319.0,26333,1507,139,121,25.25,74.74,100.0
2026-05-29,6290,良維,347.5,347.5,321.5,347.0,12052,-2220,0,42,17.82,82.17,100.0
2026-05-29,6291,沛亨,695.0,718.0,666.0,679.0,3369,-394,138,8,3.07,96.92,100.0
2026-05-29,6292,迅德,68.5,74.0,67.0,69.9,3922,-304,0,-2,1.22,98.77,100.0
2026-05-29,6294,智基,27.4,27.5,27.1,27.5,25,10,0,0,0.49,99.5,100.0
2026-05-29,6405,悅城,75.7,80.0,75.7,79.8,676,-96,0,-4,5.25,94.74,100.0
2026-05-29,6407,相互,34.42,35.7,33.7,34.25,900,1,0,0,0.0,0.0,0.0
2026-05-29,6409,旭隼,711.0,715.0,696.0,709.0,991,-18,0,0,50.94,49.05,100.0
2026-05-29,6411,晶焱,117.0,117.5,107.0,110.0,9205,-1626,0,-76,8.3,91.69,100.0
2026-05-29,6412,群電,102.0,103.5,100.0,102.0,2272,56,1,2,4.77,95.22,100.0
2026-05-29,6414,樺漢,359.0,360.5,355.5,360.5,1434,315,-103,-15,35.06,64.93,100.0
2026-05-29,6415,矽力*-KY,626.0,629.0,585.0,600.0,7824,-223,273,-16,80.51,19.48,100.0
2026-05-29,6416,瑞祺電通,89.3,90.7,88.6,88.9,325,-100,0,0,4.66,95.33,100.0
2026-05-29,6417,韋僑,148.0,150.0,140.5,142.5,223,-78,0,0,10.43,89.56,100.0
2026-05-29,6418,詠昇,31.05,31.05,29.5,29.55,174,-39,0,0,3.13,96.86,100.0
2026-05-29,6419,京晨科,143.0,144.0,139.0,140.5,387,3,0,-6,9.86,90.13,100.0
2026-05-29,6423,億而得-創,95.0,97.0,95.0,95.5,238,-36,0,0,4.15,95.84,100.0
2026-05-29,6423,億而得,95.0,97.0,95.0,95.5,238,-36,0,0,4.15,95.84,100.0
2026-05-29,6425,易發,96.0,96.1,92.6,94.3,2761,-474,0,-2,4.13,95.86,100.0
2026-05-29,6426,統新,268.0,273.0,264.5,267.0,895,81,0,2,8.53,91.46,100.0
2026-05-29,6428,台灣淘米,14.3,13.65,13.6,13.65,10,0,0,0,0.0,0.0,0.0
2026-05-29,6431,光麗-KY,19.55,19.55,18.25,18.65,164,-24,0,0,56.77,43.22,100.0
2026-05-29,6432,今展科,70.5,72.4,67.6,70.6,4958,-237,0,1,5.24,94.75,100.0
2026-05-29,6434,達輝光電,18.09,18.4,17.0,17.8,1544,0,0,0,0.0,0.0,0.0
2026-05-29,6435,大中,286.0,298.0,279.0,287.5,1425,-174,0,14,13.18,86.81,100.0
2026-05-29,6438,迅得,176.5,179.0,174.0,175.0,1754,-78,0,32,7.83,92.16,100.0
2026-05-29,6441,廣錠,24.85,24.9,24.2,24.5,146,-36,0,0,0.52,99.47,100.0
2026-05-29,6442,光聖,1940.0,1940.0,1845.0,1845.0,3192,-977,1,-16,31.56,68.43,100.0
2026-05-29,6443,元晶,41.0,41.25,40.2,40.7,12008,113,0,24,13.23,86.76,100.0
2026-05-29,6446,藥華藥,870.0,934.0,868.0,930.0,5399,1016,149,2,24.68,75.31,100.0
2026-05-29,6449,鈺邦,412.5,412.5,368.0,395.0,253,4,0,-1,5.73,94.26,100.0
2026-05-29,6451,訊芯-KY,587.0,591.0,561.0,570.0,4136,-976,0,-14,67.05,32.94,100.0
2026-05-29,6456,GIS-KY,72.0,77.4,72.0,76.5,18360,1479,0,233,44.71,55.28,100.0
2026-05-29,6461,益得,15.25,15.55,15.25,15.3,367,143,0,0,0.7,99.29,100.0
2026-05-29,6462,神盾,126.0,126.5,122.0,125.0,2100,-494,0,33,21.42,78.57,100.0
2026-05-29,6464,台數科,77.9,78.2,77.9,78.0,177,43,0,0,0.8,19.18,19.99
2026-05-29,6465,威潤,50.0,50.0,47.05,47.9,325,-138,0,-1,1.83,98.16,100.0
2026-05-29,6467,泰合,121.58,129.5,123.0,127.0,219,0,0,0,0.0,0.0,0.0
2026-05-29,6469,大樹,70.0,71.4,69.9,71.4,673,314,0,3,5.16,94.83,100.0
2026-05-29,6470,宇智,49.0,49.0,48.1,48.3,86,-27,0,0,6.71,93.28,100.0
2026-05-29,6472,保瑞,339.0,348.0,337.0,346.0,1079,279,0,24,10.23,89.76,100.0
2026-05-29,6473,美賣*,8.5,8.94,8.36,8.85,774,-75,0,0,0.0,0.0,0.0
2026-05-29,6474,華豫寧,37.85,37.85,37.5,37.65,67,-30,0,0,0.43,99.56,100.0
2026-05-29,6477,安集,34.05,34.15,33.65,33.85,470,93,0,-1,2.9,97.09,100.0
2026-05-29,6482,弘煜科,28.55,28.6,28.55,28.6,5,1,0,0,2.44,97.55,100.0
2026-05-29,6483,原創生醫,13.06,13.45,12.9,13.35,42,0,0,0,0.0,0.0,0.0
2026-05-29,6485,點序,107.0,108.5,102.5,105.0,1830,89,0,4,11.36,88.63,100.0
2026-05-29,6486,互動,81.1,82.5,81.1,81.9,71,8,0,0,3.95,96.04,100.0
2026-05-29,6488,環球晶,1015.0,1015.0,990.0,1015.0,11189,344,1146,180,25.78,74.21,100.0
2026-05-29,6491,晶碩,320.5,326.0,320.0,321.5,388,46,0,1,11.23,88.76,100.0
2026-05-29,6492,生華科,44.5,46.0,43.8,45.2,296,50,0,0,6.62,93.37,100.0
2026-05-29,6493,雷虎生,27.87,29.3,27.7,28.25,63,3,0,0,0.0,0.0,0.0
2026-05-29,6494,九齊,59.0,59.8,57.6,59.1,331,-57,0,-7,10.34,89.65,100.0
2026-05-29,6496,科懋,22.85,23.3,22.7,22.85,21,-3,0,0,0.31,99.68,100.0
2026-05-29,6498,久禾光,102.5,105.0,102.0,104.0,169,1,0,-3,2.16,97.83,100.0
2026-05-29,6499,益安,86.4,86.9,85.0,85.0,391,-86,0,0,13.08,86.91,100.0
2026-05-29,6504,南六,36.3,37.45,36.3,36.6,105,-10,0,-1,0.93,99.06,100.0
2026-05-29,6505,台塑化,49.95,51.5,49.95,51.4,9994,2626,12,4,5.98,94.01,100.0
2026-05-29,6506,雙邦,18.8,18.9,18.7,18.85,160,11,0,0,0.73,99.26,100.0
2026-05-29,6508,惠光,23.25,23.45,23.15,23.35,100,17,0,0,0.9,99.09,100.0
2026-05-29,6509,聚和,50.5,50.8,49.7,49.9,2077,219,6,0,11.43,88.56,100.0
2026-05-29,6510,精測,3380.0,3380.0,3105.0,3140.0,680,-69,-167,16,22.41,77.58,100.0
2026-05-29,6512,啟發電,19.2,19.2,19.2,19.2,13,0,0,0,0.07,99.92,100.0
2026-05-29,6515,穎崴,9205.0,9390.0,8665.0,8665.0,685,-88,-136,1,21.25,78.74,100.0
2026-05-29,6516,勤崴國際,54.8,56.8,54.8,56.6,171,13,0,0,1.19,98.8,100.0
2026-05-29,6517,保勝光學,57.8,59.8,57.8,59.0,107,-32,0,0,2.33,97.66,100.0
2026-05-29,6518,康科特,30.04,30.7,29.6,30.7,12,0,0,0,0.0,0.0,0.0
2026-05-29,6523,達爾膚,98.2,98.4,98.2,98.2,27,5,0,0,1.5,98.49,100.0
2026-05-29,6525,捷敏-KY,125.5,126.0,120.5,123.0,1490,-320,-7,14,14.89,85.1,100.0
2026-05-29,6526,達發,678.0,678.0,657.0,659.0,779,-107,3,3,7.14,92.85,100.0
2026-05-29,6527,明達醫,70.0,70.2,69.8,70.0,29,-1,0,0,0.16,99.83,100.0
2026-05-29,6530,創威,106.0,109.0,106.0,107.5,709,22,0,0,4.49,95.5,100.0
2026-05-29,6531,愛普*,1160.0,1200.0,1140.0,1190.0,13570,-1481,2241,17,28.41,71.58,100.0
2026-05-29,6532,瑞耘,97.4,98.7,95.6,98.7,915,-53,0,-10,5.65,94.34,100.0
2026-05-29,6533,晶心科,221.5,223.5,217.0,219.0,508,-117,3,-1,12.13,87.86,100.0
2026-05-29,6534,正瀚-創,95.0,97.1,94.9,96.0,378,-96,0,4,40.66,59.33,100.0
2026-05-29,6535,順藥,125.0,129.0,122.0,122.0,261,-37,0,0,5.62,94.37,100.0
2026-05-29,6536,碩豐,22.17,22.9,21.0,21.8,18,0,0,0,0.0,0.0,0.0
2026-05-29,6538,倉和,117.0,123.5,117.0,123.5,562,-5,0,5,5.46,94.53,100.0
2026-05-29,6539,麗彤,43.43,44.2,42.3,44.2,0,0,0,0,0.0,0.0,0.0
2026-05-29,6541,泰福-KY,37.9,39.4,37.9,39.0,512,261,0,1,13.95,86.04,100.0
2026-05-29,6542,隆中,47.2,47.2,45.35,46.3,8,0,0,0,18.11,81.88,100.0
2026-05-29,6543,普惠醫工,21.02,21.0,20.55,20.95,2,0,0,0,0.0,0.0,0.0
2026-05-29,6546,正基,81.6,84.9,80.8,84.5,2261,17,0,101,10.01,89.98,100.0
2026-05-29,6547,高端疫苗,44.4,45.6,44.3,45.2,1503,239,0,10,9.82,90.17,100.0
2026-05-29,6548,長科*,66.5,68.4,64.6,68.2,27293,-5259,0,291,5.19,94.8,100.0
2026-05-29,6549,景凱,7.8,8.02,7.61,7.83,226,10,0,0,0.0,0.0,0.0
2026-05-29,6550,北極星藥業-KY,14.05,14.2,13.5,13.5,8254,-660,0,7,68.48,31.51,100.0
2026-05-29,6552,易華電,34.85,35.3,33.7,34.75,707,-86,0,3,1.89,98.1,100.0
2026-05-29,6555,榮炭,20.17,20.75,19.9,20.1,73,3,0,0,0.0,0.0,0.0
2026-05-29,6556,勝品,69.8,70.0,69.7,70.0,6,0,0,0,0.57,99.42,100.0
2026-05-29,6558,興能高,32.4,33.3,32.0,32.3,1139,-376,0,0,1.25,98.74,100.0
2026-05-29,6559,研晶,23.39,23.2,20.95,23.2,213,-8,0,0,0.0,0.0,0.0
2026-05-29,6560,欣普羅,37.8,38.8,37.8,38.5,61,-3,0,0,5.02,94.97,100.0
2026-05-29,6561,是方,354.0,360.0,352.0,359.5,126,49,0,1,6.45,93.54,100.0
2026-05-29,6563,映智,30.2,30.7,29.85,30.1,110,0,0,0,0.0,0.0,0.0
2026-05-29,6564,安特羅,16.97,17.45,16.85,17.4,144,5,0,0,0.0,0.0,0.0
2026-05-29,6565,物聯,20.24,21.15,19.7,21.1,153,13,0,0,0.0,0.0,0.0
2026-05-29,6568,宏觀,234.0,235.0,225.0,226.0,347,-82,0,8,6.1,93.89,100.0
2026-05-29,6569,醫揚,97.7,101.5,97.7,100.5,80,-10,0,0,3.13,96.86,100.0
2026-05-29,6570,維田,59.9,60.9,59.7,59.7,417,-19,0,0,1.79,98.2,100.0
2026-05-29,6572,博錸,8.35,8.42,7.71,8.17,173,0,0,0,0.0,0.0,0.0
2026-05-29,6573,虹揚-KY,16.3,16.3,16.3,16.3,1776,-28,0,121,54.85,45.14,100.0
2026-05-29,6574,霈方,116.5,119.5,115.5,119.5,159,28,0,0,1.09,98.9,100.0
2026-05-29,6576,逸達,77.2,77.6,76.5,77.0,169,-22,0,0,22.28,77.71,100.0
2026-05-29,6577,勁豐,81.0,81.0,80.2,80.4,26,1,0,0,1.05,98.94,100.0
2026-05-29,6578,達邦蛋白,16.35,16.7,16.35,16.6,38,-2,0,0,0.7,99.29,100.0
2026-05-29,6579,研揚,172.0,175.5,169.5,170.0,1219,-139,-1,5,3.39,96.6,100.0
2026-05-29,6580,台睿,14.94,15.2,14.75,15.0,117,0,0,0,0.0,0.0,0.0
2026-05-29,6581,鋼聯,106.5,108.0,106.5,108.0,32,16,0,0,1.0,98.99,100.0
2026-05-29,6582,申豐,30.65,30.7,30.4,30.65,85,16,0,0,12.98,87.01,100.0
2026-05-29,6583,友松,11.8,11.9,11.55,11.9,0,0,0,0,0.0,0.0,0.0
2026-05-29,6584,南俊國際,701.0,752.0,690.0,744.0,1727,255,48,10,14.6,85.39,100.0
2026-05-29,6585,鼎基,99.3,99.3,96.2,97.4,184,-54,0,-1,3.39,96.6,100.0
2026-05-29,6586,醣基,64.15,70.6,64.1,67.6,654,-9,0,0,0.0,0.0,0.0
2026-05-29,6588,東典光電,118.0,118.0,111.5,112.5,1387,-10,0,0,2.37,97.62,100.0
2026-05-29,6589,台康生技,41.05,42.45,41.0,42.15,5758,43,0,-16,5.55,94.44,100.0
2026-05-29,6590,普鴻,65.5,65.7,65.0,65.0,25,-3,0,0,0.05,99.94,100.0
2026-05-29,6591,動力-KY,55.6,58.8,55.6,57.2,1232,39,0,0,20.2,79.79,100.0
2026-05-29,6592,和潤企業,60.4,60.4,59.9,60.4,931,186,0,-1,26.1,73.89,100.0
2026-05-29,6593,台灣銘板,35.0,35.2,34.75,34.9,69,-6,0,0,1.55,98.44,100.0
2026-05-29,6595,光禹國際,30.98,31.5,30.0,31.0,4,0,0,0,0.0,0.0,0.0
2026-05-29,6596,寬宏藝術,95.9,96.3,95.9,96.0,132,-9,0,1,1.4,98.59,100.0
2026-05-29,6597,立誠,72.0,72.0,71.0,71.0,8,-1,0,0,0.0,100.0,100.0
2026-05-29,6598,ABC-KY,25.3,25.35,24.65,24.75,125,7,0,1,23.83,76.16,100.0
2026-05-29,6599,普達系統,43.5,44.8,43.5,44.8,1,0,0,0,0.0,0.0,0.0
2026-05-29,6603,富強鑫,25.25,26.5,25.0,25.55,8253,-1662,0,0,1.58,98.41,100.0
2026-05-29,6604,儒億,32.83,39.15,31.85,39.15,1128,-1,0,0,0.0,0.0,0.0
2026-05-29,6605,帝寶,150.5,150.5,143.5,146.0,4018,-349,0,28,15.26,84.73,100.0
2026-05-29,6606,建德工業,25.7,25.9,25.3,25.9,190,-6,0,2,3.34,96.65,100.0
2026-05-29,6609,瀧澤科,45.15,48.9,44.5,45.95,1734,279,0,-1,53.26,46.73,100.0
2026-05-29,6610,安成生技,26.56,27.15,25.9,27.15,192,0,0,0,0.0,0.0,0.0
2026-05-29,6612,奈米醫材,72.4,72.5,72.2,72.4,26,0,0,0,26.01,73.98,100.0
2026-05-29,6613,朋億*,268.5,273.5,262.0,264.5,332,-81,0,-6,7.73,92.26,100.0
2026-05-29,6614,資拓宏宇,39.6,40.3,39.1,39.25,130,7,0,-32,0.67,99.32,100.0
2026-05-29,6615,慧智,33.0,33.0,32.85,32.85,23,-1,0,0,0.26,99.73,100.0
2026-05-29,6616,特昇-KY,9.18,9.26,9.06,9.26,58,-7,0,0,55.94,44.05,100.0
2026-05-29,6617,共信-KY,74.4,74.4,71.6,72.2,332,-24,0,0,38.52,61.47,100.0
2026-05-29,6618,永虹先進,19.41,19.75,18.5,19.05,1538,19,0,0,0.0,0.0,0.0
2026-05-29,6620,漢達,71.8,72.0,71.0,72.0,271,-36,0,6,24.94,75.05,100.0
2026-05-29,6621,華宇藥,11.97,12.1,11.45,11.9,149,0,0,0,0.0,0.0,0.0
2026-05-29,6622,百聿數碼,7.39,7.51,7.23,7.51,3,0,0,0,0.0,0.0,0.0
2026-05-29,6624,萬年清,39.9,40.2,39.9,39.9,4,-2,0,0,0.42,99.57,100.0
2026-05-29,6625,必應,72.4,74.0,72.4,73.4,140,53,0,0,1.05,98.94,100.0
2026-05-29,6629,泰金-KY,117.5,118.5,116.0,117.0,51,5,0,0,76.88,23.11,100.0
2026-05-29,6634,欣耀,66.58,69.3,65.8,67.0,104,0,0,0,0.0,0.0,0.0
2026-05-29,6637,醫影,66.5,67.5,65.8,66.1,47,2,0,0,0.28,99.71,100.0
2026-05-29,6638,沅聖,52.4,54.5,49.4,51.8,30,0,0,0,0.0,0.0,0.0
2026-05-29,6639,源大環能,7.03,7.25,6.91,7.25,6,0,0,0,0.0,0.0,0.0
2026-05-29,6640,均華,1405.0,1425.0,1355.0,1365.0,519,48,1,2,7.16,92.83,100.0
2026-05-29,6641,基士德-KY,18.4,18.6,17.8,18.3,33,4,0,0,29.94,70.05,100.0
2026-05-29,6642,富致,101.0,101.0,87.5,90.8,5688,-274,0,-50,2.14,97.85,100.0
2026-05-29,6643,M31,575.0,585.0,567.0,580.0,610,13,3,8,10.77,89.22,100.0
2026-05-29,6645,金萬林-創,11.4,12.35,11.4,11.95,101,22,0,2,0.81,99.18,100.0
2026-05-29,6648,斯其大,16.54,17.15,16.3,16.4,51,0,0,0,0.0,0.0,0.0
2026-05-29,6649,台生材,38.45,38.7,37.95,38.4,53,5,0,0,3.78,96.21,100.0
2026-05-29,6650,帝圖,28.17,29.55,28.0,29.45,18,0,0,0,0.0,0.0,0.0
2026-05-29,6651,全宇昕,150.0,151.5,145.0,149.0,319,-39,0,0,4.4,95.59,100.0
2026-05-29,6654,天正國際,154.0,154.0,153.5,154.0,161,3,0,0,0.67,99.32,100.0
2026-05-29,6655,科定,131.5,132.0,131.0,131.5,8,6,0,0,0.5,99.49,100.0
2026-05-29,6657,華安,39.6,39.6,38.1,38.6,130,15,0,0,7.09,92.9,100.0
2026-05-29,6658,聯策,221.0,228.0,219.0,220.0,1140,-212,0,0,4.89,95.1,100.0
2026-05-29,6659,天明製藥,19.93,20.2,18.9,19.75,207,0,0,0,0.0,0.0,0.0
2026-05-29,6661,威健生技,17.35,17.35,17.05,17.05,2,0,0,0,0.0,99.99,100.0
2026-05-29,6662,樂斯科,29.0,29.0,28.6,28.6,4,-1,0,0,0.22,99.77,100.0
2026-05-29,6664,群翊,457.0,457.0,436.0,436.0,1596,-144,0,-28,7.29,92.7,100.0
2026-05-29,6665,康聯生醫,20.09,20.75,19.8,20.0,10,0,0,0,0.0,0.0,0.0
2026-05-29,6666,羅麗芬-KY,40.5,41.0,39.8,40.15,20,2,0,0,75.19,24.8,100.0
2026-05-29,6667,信紘科,283.0,288.5,281.0,287.0,3562,-113,0,27,9.41,90.58,100.0
2026-05-29,6668,中揚光,39.95,39.95,39.3,39.55,420,5,0,0,11.08,88.91,100.0
2026-05-29,6669,緯穎,5130.0,5445.0,5075.0,5445.0,3282,625,175,15,31.01,68.98,100.0
2026-05-29,6670,復盛應用,257.5,266.0,257.5,261.5,693,12,-16,-1,24.92,75.07,100.0
2026-05-29,6671,三能-KY,27.35,27.35,26.9,27.0,44,-8,0,0,39.79,60.2,100.0
2026-05-29,6672,騰輝電子-KY,220.5,224.0,219.0,222.5,6842,12,0,5,17.23,82.76,100.0
2026-05-29,6673,和詮,18.05,18.1,16.4,16.95,771,11,0,0,0.0,0.0,0.0
2026-05-29,6674,鋐寶科技,18.3,18.3,17.9,18.2,28,7,0,0,0.48,99.51,100.0
2026-05-29,6676,祥翊,13.65,14.2,13.7,13.9,394,-3,0,0,0.0,0.0,0.0
2026-05-29,6677,瑩碩生技,17.49,17.7,17.3,17.7,53,0,0,0,0.0,0.0,0.0
2026-05-29,6679,鈺太,320.5,325.0,314.0,314.5,301,-56,2,1,9.77,90.22,100.0
2026-05-29,6680,鑫創電子,56.0,58.8,56.0,58.0,18,-7,0,0,0.17,99.82,100.0
2026-05-29,6682,華旭先進,60.45,65.9,59.0,64.5,4621,68,0,0,0.0,0.0,0.0
2026-05-29,6683,雍智科技,1760.0,1760.0,1610.0,1665.0,1315,-76,-99,16,14.81,85.18,100.0
2026-05-29,6684,安格,44.35,44.7,44.05,44.3,142,-78,0,0,5.18,94.81,100.0
2026-05-29,6689,伊雲谷,65.1,65.9,64.7,65.0,222,68,0,0,4.72,95.27,100.0
2026-05-29,6690,安碁資訊,170.0,172.0,170.0,170.5,130,51,0,4,3.94,96.05,100.0
2026-05-29,6691,洋基工程,651.0,655.0,640.0,650.0,389,19,0,-3,16.0,83.99,100.0
2026-05-29,6692,進能服,27.0,27.25,26.6,26.75,52,-5,0,0,0.44,99.55,100.0
2026-05-29,6693,廣閎科,153.5,153.5,147.0,148.5,889,-321,0,-8,13.02,86.97,100.0
2026-05-29,6695,芯鼎,58.8,59.1,56.3,58.2,2327,-291,0,4,4.58,95.41,100.0
2026-05-29,6696,仁新,372.6,388.5,368.5,376.5,387,-2,0,0,0.0,0.0,0.0
2026-05-29,6697,東捷資訊,40.75,41.4,40.75,41.05,47,4,0,0,0.87,99.12,100.0
2026-05-29,6698,旭暉應材,37.0,38.2,36.1,37.65,3943,-629,0,0,1.55,98.44,100.0
2026-05-29,6703,軒郁,109.0,109.5,109.0,109.0,49,-6,0,0,13.59,86.4,100.0
2026-05-29,6704,國璽幹細胞,20.66,20.85,20.0,20.65,229,0,0,0,0.0,0.0,0.0
2026-05-29,6705,振躍精密,88.2,95.6,88.2,93.8,76,2,0,0,0.0,0.0,0.0
2026-05-29,6706,惠特,209.5,213.0,200.5,205.5,12521,-2446,0,189,8.71,91.28,100.0
2026-05-29,6707,富基電通,35.26,35.95,34.3,35.8,290,4,0,0,0.0,0.0,0.0
2026-05-29,6708,天擎,40.85,41.6,40.0,41.0,78,-1,0,0,3.15,96.84,100.0
2026-05-29,6709,昱厚生技,25.86,26.0,25.7,25.8,25,0,0,0,0.0,0.0,0.0
2026-05-29,6712,長聖,132.0,134.0,132.0,134.0,235,65,0,0,3.51,96.48,100.0
2026-05-29,6715,嘉基,429.5,453.5,426.0,436.0,311,-29,0,3,3.06,96.93,100.0
2026-05-29,6716,應廣,129.0,129.0,107.0,107.0,2235,81,0,-4,5.18,94.81,100.0
2026-05-29,6719,力智,254.5,255.0,242.5,247.0,2548,-392,0,2,4.93,95.06,100.0
2026-05-29,6720,久昌,151.5,151.5,142.0,146.5,99,-10,0,0,0.95,99.04,100.0
2026-05-29,6721,信實,58.3,58.6,58.2,58.6,7,1,0,0,0.0,99.99,100.0
2026-05-29,6722,輝創,37.55,37.8,37.05,37.7,81,-9,0,0,2.62,97.37,100.0
2026-05-29,6723,傑智環境,38.98,39.75,38.1,39.35,21,0,0,0,0.0,0.0,0.0
2026-05-29,6725,矽科宏晟,331.0,334.0,323.0,333.0,214,-21,0,1,3.69,96.3,100.0
2026-05-29,6727,亞泰金屬,604.0,605.0,550.0,586.0,2607,-238,0,9,11.22,88.77,100.0
2026-05-29,6728,上洋,109.5,112.5,108.0,112.5,50,20,0,0,0.7,99.29,100.0
2026-05-29,6729,機光科技,60.91,62.0,58.0,59.5,100,-5,0,0,0.0,0.0,0.0
2026-05-29,6730,常廣,34.0,35.5,34.0,35.5,85,0,0,0,0.0,99.99,100.0
2026-05-29,6732,昇佳電子,172.5,186.5,170.5,178.0,618,-10,0,2,5.43,94.56,100.0
2026-05-29,6733,博晟生醫,26.35,26.35,25.75,25.95,188,45,0,0,1.4,98.59,100.0
2026-05-29,6734,安盛生,7.84,7.57,6.97,7.05,386,0,0,0,0.0,0.0,0.0
2026-05-29,6735,美達科技,111.5,114.0,106.5,107.5,642,-135,0,0,1.97,98.02,100.0
2026-05-29,6737,秀育,31.7,32.0,30.5,32.0,45,0,0,0,0.0,0.0,0.0
2026-05-29,6738,鼎恒,66.2,68.0,64.8,68.0,8,0,0,0,0.0,0.0,0.0
2026-05-29,6739,竹陞科技,1280.0,1280.0,1225.0,1235.0,177,-6,0,0,1.64,98.35,100.0
2026-05-29,6741,91APP*-KY,62.6,63.4,61.8,61.9,245,-83,0,0,41.73,58.26,100.0
2026-05-29,6742,澤米,58.0,58.0,56.6,57.9,780,23,0,58,2.0,97.99,100.0
2026-05-29,6743,安普新,29.8,30.0,29.25,29.35,551,-65,0,1,3.75,96.24,100.0
2026-05-29,6744,豐技生技,16.38,0.0,0.0,0.0,0,0,0,0,0.0,0.0,0.0
2026-05-29,6748,亞果生醫,73.16,78.9,73.1,74.6,961,-33,0,0,0.0,0.0,0.0
2026-05-29,6750,泰創工程,67.71,70.4,67.1,69.2,444,6,0,0,0.0,0.0,0.0
2026-05-29,6751,智聯服務,47.05,48.15,46.9,46.95,34,-4,0,0,0.67,99.32,100.0
2026-05-29,6752,叡揚,98.5,102.5,97.5,101.0,104,21,0,0,2.69,97.3,100.0
2026-05-29,6753,龍德造船,126.5,132.0,126.5,128.5,2066,582,0,16,3.08,6.41,9.5
2026-05-29,6754,匯僑設計,44.5,44.5,43.5,43.5,28,8,0,0,15.49,84.5,100.0
2026-05-29,6755,連鋐科技,18.63,18.9,18.1,18.85,19,0,0,0,0.0,0.0,0.0
2026-05-29,6756,威鋒電子,103.0,103.5,99.0,100.0,486,-27,0,0,3.13,96.86,100.0
2026-05-29,6757,台灣虎航-創,55.2,56.7,55.2,56.7,2395,1250,0,5,2.2,47.78,49.99
2026-05-29,6757,台灣虎航,55.2,56.7,55.2,56.7,2395,1250,0,5,2.2,47.78,49.99
2026-05-29,6758,冠亞,28.79,28.6,28.15,28.4,18,0,0,0,0.0,0.0,0.0
2026-05-29,6761,穩得,227.0,229.0,212.5,217.0,1316,-118,0,-10,7.08,92.91,100.0
2026-05-29,6762,達亞,172.0,176.0,172.0,176.0,3,0,0,0,5.85,94.14,100.0
2026-05-29,6763,綠界科技,42.85,43.5,42.75,43.25,471,188,0,0,3.66,96.33,100.0
2026-05-29,6763,綠界科技*,42.85,43.5,42.75,43.25,471,188,0,0,3.66,96.33,100.0
2026-05-29,6767,台微醫,26.8,26.8,26.4,26.5,9,0,0,0,0.22,99.77,100.0
2026-05-29,6768,志強-KY,82.9,84.1,82.9,84.1,282,67,-7,0,56.99,43.0,100.0
2026-05-29,6770,力積電,85.4,88.7,78.8,88.7,829646,-5117,208,10710,21.05,78.94,100.0
2026-05-29,6771,平和環保-創,42.75,42.75,41.8,42.0,13,4,0,0,0.57,99.42,100.0
2026-05-29,6775,穎台科技,43.87,51.0,44.45,49.5,1575,6,0,0,0.0,0.0,0.0
2026-05-29,6776,展碁國際,57.6,58.7,57.6,58.5,261,58,0,3,1.94,98.05,100.0
2026-05-29,6780,學習王,39.71,41.55,40.9,41.55,10,0,0,0,0.0,0.0,0.0
2026-05-29,6781,AES-KY,1185.0,1210.0,1150.0,1160.0,1162,-88,0,-14,68.19,31.8,100.0
2026-05-29,6782,視陽,190.5,193.0,190.0,193.0,170,4,0,-20,7.43,92.56,100.0
2026-05-29,6784,天凱科技,26.82,28.3,26.7,27.5,55,-2,0,0,0.0,0.0,0.0
2026-05-29,6785,昱展新藥,123.5,125.0,123.0,123.0,46,20,0,0,8.07,91.92,100.0
2026-05-29,6786,芯測,89.63,92.0,88.1,90.9,215,0,0,0,0.0,0.0,0.0
2026-05-29,6787,晶瑞光,32.3,32.25,30.0,32.0,819,2,0,0,0.0,0.0,0.0
2026-05-29,6788,華景電,423.0,423.5,417.5,423.5,509,29,1,4,10.9,89.09,100.0
2026-05-29,6789,采鈺,533.0,535.0,522.0,526.0,2765,272,1,2,3.54,96.45,100.0
2026-05-29,6790,永豐實,39.2,39.4,39.2,39.35,76,33,0,0,1.9,98.09,100.0
2026-05-29,6791,虎門科技,111.5,114.0,110.5,114.0,50,2,0,0,11.87,88.12,100.0
2026-05-29,6792,詠業,73.2,73.9,70.5,71.1,268,-73,0,-1,1.79,98.2,100.0
2026-05-29,6793,天力離岸,4.91,5.13,4.66,4.97,254,-8,0,0,0.0,0.0,0.0
2026-05-29,6794,向榮生技-創,80.5,80.5,79.6,79.9,25,6,0,0,0.43,99.56,100.0
2026-05-29,6794,向榮生技,80.5,80.5,79.6,79.9,25,6,0,0,0.43,99.56,100.0
2026-05-29,6796,晉弘,60.8,62.0,60.1,60.9,180,-25,0,0,15.46,84.53,100.0
2026-05-29,6797,圓點奈米,14.5,14.8,13.95,14.75,27,0,0,0,0.0,0.0,0.0
2026-05-29,6798,展逸,49.85,49.6,49.6,49.6,2,0,0,0,0.0,0.0,0.0
2026-05-29,6799,來頡,115.5,115.5,108.5,110.0,1656,-665,0,0,8.59,91.39,100.0
2026-05-29,6803,崑鼎,286.5,287.0,285.0,287.0,164,-3,0,-21,3.19,96.8,100.0
2026-05-29,6804,明係,16.2,16.4,16.1,16.1,13,-1,0,0,4.17,95.82,100.0
2026-05-29,6805,富世達,1835.0,1940.0,1800.0,1930.0,4063,1316,197,53,20.31,79.68,100.0
2026-05-29,6806,森崴能源,5.49,6.71,5.49,6.71,17317,-259,0,0,2.56,97.43,100.0
2026-05-29,6807,峰源-KY,33.1,33.4,32.8,32.95,28,0,0,0,43.53,56.46,100.0
2026-05-29,6808,三鼎生技,28.64,29.5,28.5,29.45,118,-3,0,0,0.0,0.0,0.0
2026-05-29,6810,新穎生醫,28.88,31.0,28.7,30.1,449,32,0,0,0.0,0.0,0.0
2026-05-29,6811,宏碁資訊,213.0,215.0,212.0,215.0,173,38,0,0,2.48,97.51,100.0
2026-05-29,6812,梭特,69.63,71.1,66.7,68.2,191,0,0,0,0.0,0.0,0.0
2026-05-29,6814,路迦生醫,23.82,25.0,23.75,25.0,28,0,0,0,0.0,0.0,0.0
2026-05-29,6815,晶鑽生醫,32.41,32.6,31.0,32.0,79,0,0,0,0.0,0.0,0.0
2026-05-29,6816,捷智商訊,39.55,39.55,37.65,39.55,0,0,0,0,0.0,0.0,0.0
2026-05-29,6817,溫士頓,62.38,64.2,61.6,63.6,34,2,0,0,0.0,0.0,0.0
2026-05-29,6818,連騰,64.55,64.7,61.8,64.2,109,-3,0,0,0.0,0.0,0.0
2026-05-29,6819,眾智,56.13,58.1,53.3,56.0,329,0,0,0,0.0,0.0,0.0
2026-05-29,6820,連訊,307.23,301.0,290.0,297.0,57,0,0,0,0.0,0.0,0.0
2026-05-29,6821,聯寶,72.6,72.8,69.8,70.1,840,-22,0,0,1.76,98.23,100.0
2026-05-29,6823,濾能,73.6,73.9,72.0,73.0,220,-17,0,0,24.89,75.1,100.0
2026-05-29,6825,和暢科技,45.62,46.2,44.8,46.2,34,-8,0,0,0.0,0.0,0.0
2026-05-29,6826,和淞,549.92,563.0,549.0,554.0,166,0,0,0,0.0,0.0,0.0
2026-05-29,6827,巨生醫,12.64,12.7,12.5,12.7,126,-18,0,0,0.0,0.0,0.0
2026-05-29,6829,千附精密,225.0,225.0,221.0,223.5,396,-13,0,3,2.58,97.41,100.0
2026-05-29,6830,汎銓,715.0,716.0,675.0,678.0,1539,-92,0,-4,4.86,95.13,100.0
2026-05-29,6831,邁科,808.0,809.0,717.0,742.0,2188,-390,245,-3,14.91,85.08,100.0
2026-05-29,6832,金鼎科,86.81,89.0,83.6,87.3,57,-1,0,0,0.0,0.0,0.0
2026-05-29,6833,太康精密,25.72,26.7,24.5,25.65,36,0,0,0,0.0,0.0,0.0
2026-05-29,6834,天二科技,75.0,75.2,71.6,75.2,862,283,0,-61,15.55,84.44,100.0
2026-05-29,6835,圓裕,39.0,39.2,38.55,39.1,609,22,0,0,6.44,93.55,100.0
2026-05-29,6838,台新藥,24.75,25.0,24.75,24.9,123,22,0,0,1.32,98.67,100.0
2026-05-29,6839,開陽能源,11.95,12.4,11.95,12.15,140,0,0,0,0.0,0.0,0.0
2026-05-29,6840,東研信超,63.4,64.2,62.5,63.4,82,-12,0,0,3.79,96.2,100.0
2026-05-29,6841,長佳智能,55.9,56.0,54.8,55.7,288,52,0,0,2.96,97.03,100.0
2026-05-29,6842,瑞宇,101.88,119.5,101.0,114.5,507,12,0,0,0.0,0.0,0.0
2026-05-29,6843,進典,42.75,42.75,41.0,41.8,45,-3,0,0,0.17,99.82,100.0
2026-05-29,6844,諾貝兒,64.3,65.0,63.8,64.7,20,0,0,0,0.02,99.97,100.0
2026-05-29,6846,綠茵,67.0,67.2,65.7,67.2,12,-1,0,0,0.15,99.84,100.0
2026-05-29,6847,普瑞博,75.86,78.6,73.5,76.2,96,-3,0,0,0.0,0.0,0.0
2026-05-29,6848,拉法醫,19.32,19.6,19.0,19.2,37,0,0,0,0.0,0.0,0.0
2026-05-29,6849,奇鼎科技,211.77,220.0,205.0,207.5,271,0,0,0,0.0,0.0,0.0
2026-05-29,6850,光鼎生技,34.84,35.5,34.65,35.5,2,0,0,0,0.0,0.0,0.0
2026-05-29,6854,錼創科技-KY創,156.5,158.0,151.0,151.5,518,-201,0,1,32.68,67.31,100.0
2026-05-29,6855,數泓科,110.0,110.0,105.5,107.0,19,-1,0,0,0.18,99.81,100.0
2026-05-29,6856,鑫傳,51.0,51.4,51.0,51.0,7,0,0,0,0.0,49.98,49.99
2026-05-29,6857,宏碁智醫,95.0,97.0,95.0,97.0,0,0,0,0,0.0,0.0,0.0
2026-05-29,6858,愛比科技,24.3,24.3,24.25,24.25,3,0,0,0,0.0,0.0,0.0
2026-05-29,6859,伯特光,126.0,128.0,124.5,127.0,109,-52,0,0,13.78,86.21,100.0
2026-05-29,6861,睿生光電,419.5,452.5,417.0,440.0,1766,51,0,0,1.7,98.29,100.0
2026-05-29,6862,三集瑞-KY,224.0,224.5,220.5,224.5,1577,58,0,83,67.79,32.2,100.0
2026-05-29,6863,永道-KY,109.5,111.0,109.0,109.5,97,-9,0,0,69.42,30.57,100.0
2026-05-29,6864,元樟生技,52.88,52.3,50.8,51.0,119,0,0,0,0.0,0.0,0.0
2026-05-29,6865,偉康科技,26.5,26.5,25.9,25.9,10,2,0,0,0.26,99.73,100.0
2026-05-29,6867,坦德科技,20.12,21.3,20.2,21.25,46,1,0,0,0.0,0.0,0.0
2026-05-29,6868,采威國際,36.97,36.95,35.0,35.0,12,-2,0,0,0.0,0.0,0.0
2026-05-29,6869,雲豹能源-創,84.5,86.0,83.2,86.0,799,248,0,27,2.71,97.28,100.0
2026-05-29,6869,雲豹能源,84.5,86.0,83.2,86.0,799,248,0,27,2.71,97.28,100.0
2026-05-29,6870,騰雲,253.0,278.0,253.0,266.0,409,-6,0,-10,1.07,98.92,100.0
2026-05-29,6872,浩宇生醫,17.75,18.5,17.4,17.4,56,2,0,0,0.36,99.63,100.0
2026-05-29,6873,泓德能源-創,91.1,91.1,88.6,89.1,2147,-62,0,1,7.91,92.08,100.0
2026-05-29,6873,泓德能源,91.1,91.1,88.6,89.1,2147,-62,0,1,7.91,92.08,100.0
2026-05-29,6874,倍力,78.7,79.0,77.2,79.0,48,3,0,0,0.53,99.46,100.0
2026-05-29,6875,國邑*,37.0,37.0,35.6,36.3,143,-1,0,0,1.8,98.19,100.0
2026-05-29,6876,朗齊生醫*,18.01,18.6,16.35,17.7,817,0,0,0,0.0,0.0,0.0
2026-05-29,6877,鏵友益,164.5,167.0,162.0,164.0,297,-39,0,0,4.32,95.67,100.0
2026-05-29,6878,歐付寶,9.76,10.05,9.55,10.05,78,0,0,0,0.0,0.0,0.0
2026-05-29,6879,大江基因,36.0,36.9,35.15,36.9,5,0,0,0,0.0,0.0,0.0
2026-05-29,6881,潤德,270.5,270.5,270.0,270.5,6,0,0,0,0.04,99.95,100.0
2026-05-29,6882,甲尚,19.65,20.4,19.6,20.0,19,0,0,0,0.0,0.0,0.0
2026-05-29,6883,微電能源,14.68,15.4,14.7,15.3,56,0,0,0,0.0,0.0,0.0
2026-05-29,6884,海柏特,33.35,33.45,33.15,33.15,17,1,0,0,5.56,94.43,100.0
2026-05-29,6885,全福生技,20.55,21.0,20.55,20.7,417,108,0,-3,3.29,96.7,100.0
2026-05-29,6886,遠東生技,46.0,47.95,46.0,47.95,1,0,0,0,0.0,0.0,0.0
2026-05-29,6887,寶綠特-KY,34.8,35.0,34.5,34.5,61,0,0,0,53.3,46.69,100.0
2026-05-29,6890,來億-KY,171.0,171.0,167.0,167.5,509,5,-1,3,87.58,12.41,100.0
2026-05-29,6891,樂迦再生,53.7,54.7,52.6,53.0,400,5,0,0,0.0,0.0,0.0
2026-05-29,6892,台寶生醫,28.13,28.25,27.0,28.0,138,0,0,0,0.0,0.0,0.0
2026-05-29,6894,衛司特,366.0,393.5,366.0,389.5,438,129,0,8,3.59,96.4,100.0
2026-05-29,6895,宏碩系統,151.5,151.5,145.5,145.5,227,-4,0,-1,4.5,95.49,100.0
2026-05-29,6898,程曦資訊,98.5,99.7,98.0,98.5,44,-1,0,0,0.0,0.0,0.0
2026-05-29,6899,創為精密,66.6,67.1,64.9,65.4,413,-1,0,0,5.09,94.9,100.0
2026-05-29,6901,鑽石投資,12.3,12.9,12.25,12.4,928,216,0,-11,0.39,99.6,100.0
2026-05-29,6902,GOGOLOOK-創,137.5,143.0,136.0,143.0,359,48,0,0,4.03,95.96,100.0
2026-05-29,6902,GOGOLOOK,137.5,143.0,136.0,143.0,359,48,0,0,4.03,95.96,100.0
2026-05-29,6903,巨漢,405.0,406.0,390.5,397.0,879,-299,0,-13,3.71,96.28,100.0
2026-05-29,6904,伯鑫,0.0,0.0,0.0,0.0,0,0,0,0,0.06,99.93,100.0
2026-05-29,6906,現觀科,113.5,114.5,109.0,109.0,293,-6,0,0,7.09,92.9,100.0
2026-05-29,6907,雅特力-KY,120.0,123.0,115.5,121.5,853,80,0,9,52.16,47.83,100.0
2026-05-29,6908,宏碁遊戲-創,37.35,38.5,37.35,38.0,19,11,0,-1,0.65,99.34,100.0
2026-05-29,6909,創控,51.9,55.1,51.8,53.5,863,193,0,0,8.4,91.59,100.0
2026-05-29,6910,德鴻,28.95,28.95,27.8,28.0,51,14,0,0,4.75,95.24,100.0
2026-05-29,6911,群運,31.72,32.45,31.75,31.9,38,3,0,0,0.0,0.0,0.0
2026-05-29,6912,益鈞環科*,13.89,14.5,13.35,13.8,194,17,0,0,0.0,0.0,0.0
2026-05-29,6913,鴻呈,144.0,146.0,140.5,141.0,480,-23,0,-11,3.19,96.8,100.0
2026-05-29,6914,阜爾運通,140.5,141.5,140.5,141.0,69,8,0,0,2.13,97.86,100.0
2026-05-29,6915,美強光,66.12,69.1,65.2,65.6,43,0,0,0,0.0,0.0,0.0
2026-05-29,6916,華凌,18.1,18.15,17.7,17.95,47,3,0,0,0.51,99.48,100.0
2026-05-29,6917,竟天,30.96,30.6,29.85,30.1,486,-3,0,0,0.0,0.0,0.0
2026-05-29,6918,愛派司,74.5,74.7,73.3,73.3,25,3,0,0,0.73,99.26,100.0
2026-05-29,6919,康霈*,100.0,104.5,99.2,100.5,10857,2671,-2,36,12.89,87.1,100.0
2026-05-29,6920,恆勁科技,120.52,124.5,117.5,119.0,2317,-16,0,0,0.0,0.0,0.0
2026-05-29,6921,嘉雨思-創,75.6,76.0,74.2,76.0,30,-8,0,-2,29.55,70.44,100.0
2026-05-29,6922,宸曜,195.0,201.0,194.0,199.0,504,-17,0,-3,1.86,98.13,100.0
2026-05-29,6923,中台,78.0,78.2,77.1,77.6,161,45,0,0,1.29,98.7,100.0
2026-05-29,6924,榮惠-KY創,180.5,189.0,170.0,182.0,121,-35,0,0,76.69,23.3,100.0
2026-05-29,6925,意藍,58.3,58.3,57.0,57.1,66,-15,0,0,3.6,96.39,100.0
2026-05-29,6926,聖安生醫,63.79,64.9,62.1,64.2,16,0,0,0,0.0,0.0,0.0
2026-05-29,6927,聯合聚晶,56.65,61.4,57.5,61.4,174,1,0,0,0.0,0.0,0.0
2026-05-29,6928,攸泰科技,46.4,48.45,46.2,47.0,277,-4,0,0,0.49,99.5,100.0
2026-05-29,6929,佑全,22.1,22.15,21.65,21.65,15,4,0,0,0.02,99.97,100.0
2026-05-29,6931,青松健康,40.0,40.05,39.6,39.9,64,17,0,0,0.59,99.4,100.0
2026-05-29,6932,水星生醫*,6.8,7.21,6.61,7.21,474,0,0,0,0.0,0.0,0.0
2026-05-29,6933,AMAX-KY,158.5,172.5,158.5,172.5,466,30,0,11,28.21,71.78,100.0
2026-05-29,6934,心誠鎂,73.3,75.5,72.8,73.9,67,-7,0,-1,12.35,87.64,100.0
2026-05-29,6935,王子製藥,29.83,28.7,28.7,28.7,2,0,0,0,0.0,0.0,0.0
2026-05-29,6936,永鴻生技,32.7,33.2,32.7,32.9,38,7,0,0,0.48,99.51,100.0
2026-05-29,6937,天虹,316.0,316.0,301.5,303.0,660,-240,0,-8,2.8,97.18,100.0
2026-05-29,6938,藍新資訊,97.94,99.6,95.0,99.5,18,0,0,0,0.0,0.0,0.0
2026-05-29,6939,啟弘生技,19.57,20.1,19.5,20.0,12,0,0,0,0.0,0.0,0.0
2026-05-29,6940,格斯科技*,26.51,29.2,26.8,29.0,5570,0,0,0,0.0,0.0,0.0
2026-05-29,6944,兆聯實業,936.0,952.0,931.0,946.0,781,302,0,16,14.16,85.83,100.0
2026-05-29,6945,圓祥生技,124.34,127.5,120.5,125.5,337,0,0,0,0.0,0.0,0.0
2026-05-29,6946,三地能源,10.71,11.35,10.8,11.35,46,0,0,0,0.0,0.0,0.0
2026-05-29,6947,台鎔科技,79.57,81.0,78.8,79.5,337,0,0,0,0.0,0.0,0.0
2026-05-29,6949,沛爾生醫-創,675.0,675.0,643.0,645.0,235,-84,0,-1,2.0,97.99,100.0
2026-05-29,6951,青新-創,81.9,82.9,81.9,82.7,43,28,0,-3,1.95,98.04,100.0
2026-05-29,6952,大武山,37.15,37.9,36.35,36.5,20,2,0,1,0.32,99.67,100.0
2026-05-29,6953,家碩,240.0,243.0,238.0,242.0,168,-16,0,0,0.75,99.24,100.0
2026-05-29,6955,邦睿生技-創,150.0,150.0,145.0,145.5,36,4,0,-4,17.73,82.26,100.0
2026-05-29,6957,裕慶-KY,166.5,168.0,163.5,167.0,115,18,0,1,6.29,93.7,100.0
2026-05-29,6958,日盛台駿,17.15,17.35,17.1,17.1,172,60,0,-3,0.45,99.54,100.0
2026-05-29,6959,兆捷科技,132.09,135.0,127.5,127.5,369,0,0,0,0.0,0.0,0.0
2026-05-29,6961,旅天下,60.0,60.2,59.7,60.1,89,-6,0,0,0.47,99.52,100.0
2026-05-29,6962,奕力-KY,38.05,38.5,37.65,38.25,3766,-292,1,9,41.43,58.56,100.0
2026-05-29,6963,品元,27.1,27.1,27.1,27.1,0,0,0,0,0.0,0.0,0.0
2026-05-29,6965,中傑-KY,79.0,79.5,76.8,77.9,78,5,0,1,77.27,22.72,100.0
2026-05-29,6967,汎瑋材料,71.7,71.9,71.0,71.2,80,-12,0,0,2.05,97.94,100.0
2026-05-29,6968,萬達寵物,42.5,43.4,42.5,43.0,122,-8,0,0,1.1,98.89,100.0
2026-05-29,6969,成信實業*-創,28.1,28.1,27.75,28.0,33,0,0,0,0.41,99.58,100.0
2026-05-29,6971,惠民實業,27.1,27.2,26.8,27.2,64,-1,0,0,0.34,99.65,100.0
2026-05-29,6972,博瑞達應材,23.62,23.9,22.75,23.0,24,0,0,0,0.0,0.0,0.0
2026-05-29,6973,永立榮,33.54,34.0,32.9,34.0,3,0,0,0,0.0,0.0,0.0
2026-05-29,6976,育世博-KY,12.04,12.45,11.85,12.25,651,-15,0,0,0.0,0.0,0.0
2026-05-29,6977,聯純,293.37,299.5,290.0,291.0,44,0,0,0,0.0,0.0,0.0
2026-05-29,6979,勝釩,221.01,230.0,213.0,220.0,23,0,0,0,0.0,0.0,0.0
2026-05-29,6980,鐳洋科技,165.33,167.0,163.0,164.0,116,0,0,0,0.0,0.0,0.0
2026-05-29,6982,大井泵浦,56.0,56.0,55.1,55.4,34,-8,0,0,1.16,98.83,100.0
2026-05-29,6983,華洋精機,391.0,400.0,372.0,381.5,157,-27,0,0,0.09,99.9,100.0
2026-05-29,6984,ACpay,24.09,24.0,20.0,20.5,31,0,0,0,0.0,0.0,0.0
2026-05-29,6986,和迅,60.48,65.4,60.6,63.8,290,0,0,0,0.0,0.0,0.0
2026-05-29,6987,寶晶能源*,19.82,20.7,20.0,20.45,317,0,0,0,0.0,0.0,0.0
2026-05-29,6988,威力暘-創,16.45,16.45,15.55,15.8,85,13,0,2,3.81,96.18,100.0
2026-05-29,6990,華鉬,142.28,153.5,139.0,147.0,468,3,0,0,0.0,0.0,0.0
2026-05-29,6994,富威電力,62.0,66.5,61.0,64.8,1131,59,0,3,0.9,99.09,100.0
2026-05-29,6995,野獸國,46.84,47.0,46.05,46.6,36,0,0,0,0.0,0.0,0.0
2026-05-29,6996,力領科技,192.0,196.5,191.5,191.5,222,26,0,0,3.51,96.48,100.0
2026-05-29,6997,博弘,68.5,71.5,68.5,71.5,10,0,0,0,20.13,79.86,100.0
2026-05-29,6999,瀚醫生技,31.65,31.65,31.65,31.65,0,0,0,0,0.0,0.0,0.0
2026-05-29,7402,邑錡,101.0,105.5,99.3,99.6,545,-44,0,-3,11.06,88.93,100.0
2026-05-29,7419,達勝,106.85,113.5,101.5,108.5,329,1,0,0,0.0,0.0,0.0
2026-05-29,7427,華上生醫,38.55,39.15,38.0,38.5,194,0,0,0,0.0,0.0,0.0
2026-05-29,7443,凡事康,9.29,9.7,9.5,9.7,5,0,0,0,0.0,0.0,0.0
2026-05-29,7455,樺緯物聯,60.41,60.5,59.0,60.0,5,0,0,0,0.0,0.0,0.0
2026-05-29,7507,環拓科技,21.85,21.5,20.45,21.5,273,-1,0,0,0.0,0.0,0.0
2026-05-29,7516,清淨海,8.95,9.31,8.85,9.2,27,0,0,0,0.0,0.0,0.0
2026-05-29,7530,鋒魁科技,40.46,42.1,39.65,40.7,312,0,0,0,0.0,0.0,0.0
2026-05-29,7547,碩網,61.7,61.8,60.8,60.9,52,-14,0,0,23.87,76.12,100.0
2026-05-29,7551,知識科技,12.91,13.2,12.45,13.05,71,0,0,0,0.0,0.0,0.0
2026-05-29,7556,意德士,275.0,284.0,273.5,277.5,144,-9,0,-5,3.74,96.25,100.0
2026-05-29,7558,群利科技,20.36,22.5,20.6,22.45,103,5,0,0,0.0,0.0,0.0
2026-05-29,7561,光晟生技,18.14,18.7,17.7,18.7,35,-3,0,0,0.0,0.0,0.0
2026-05-29,7562,博來科技,59.71,59.0,57.3,59.0,5,0,0,0,0.0,0.0,0.0
2026-05-29,7566,亞果遊艇,13.01,13.4,12.65,12.95,217,5,0,0,0.0,0.0,0.0
2026-05-29,7575,安美得,19.19,19.1,18.7,19.0,91,0,0,0,0.0,0.0,0.0
2026-05-29,7578,利百景,32.69,33.0,31.8,32.1,89,0,0,0,0.0,0.0,0.0
2026-05-29,7583,國際海洋,35.49,35.75,35.15,35.4,7,0,0,0,0.0,0.0,0.0
2026-05-29,7584,樂意,24.35,24.5,24.0,24.5,20,-1,0,0,19.65,80.34,100.0
2026-05-29,7590,怡和國際,22.01,22.6,21.4,22.0,273,0,0,0,0.0,0.0,0.0
2026-05-29,7595,世基生醫,9.01,9.35,8.56,8.9,32,0,0,0,0.0,0.0,0.0
2026-05-29,7607,通用幹細胞*,13.05,13.05,12.55,12.55,6,0,0,0,0.0,0.0,0.0
2026-05-29,7610,聯友金屬-創,1470.0,1475.0,1450.0,1475.0,338,73,0,0,13.5,86.49,100.0
2026-05-29,7631,聚賢研發-創,124.5,128.0,124.5,125.0,24,2,0,1,0.76,99.23,100.0
2026-05-29,7642,昶瑞機電,65.4,66.6,65.4,66.3,36,11,0,0,0.45,99.54,100.0
2026-05-29,7669,碩正科技,746.25,753.0,680.0,699.0,444,0,0,0,0.0,0.0,0.0
2026-05-29,7689,大鵬科CLMX,248.77,251.0,241.0,249.0,46,0,0,0,0.0,0.0,0.0
2026-05-29,7702,前端風電,19.7,20.5,19.5,20.5,34,0,0,0,0.0,0.0,0.0
2026-05-29,7703,銳澤,208.5,210.5,206.0,206.5,434,128,0,0,2.67,97.32,100.0
2026-05-29,7704,明遠精密,60.6,60.6,58.7,60.1,119,-20,0,0,0.96,99.03,100.0
2026-05-29,7705,三商餐飲,30.7,30.95,30.7,30.9,33,12,0,2,1.49,98.5,100.0
2026-05-29,7706,宏碁創達,38.02,38.0,38.0,38.0,1,0,0,0,0.0,0.0,0.0
2026-05-29,7707,益芯科,150.16,151.5,140.5,151.5,319,0,0,0,0.0,0.0,0.0
2026-05-29,7708,全家餐飲,92.0,92.4,92.0,92.4,7,0,0,0,0.4,99.59,100.0
2026-05-29,7709,榮田,110.5,110.5,110.5,110.5,179,-13,0,69,1.77,98.22,100.0
2026-05-29,7710,東擎科技,254.06,260.0,255.0,260.0,2,0,0,0,0.0,0.0,0.0
2026-05-29,7711,永擎,370.5,402.5,370.5,402.5,1213,368,0,20,1.52,98.47,100.0
2026-05-29,7712,博盛半導體,165.0,172.5,164.0,167.0,1095,-178,0,66,2.03,97.96,100.0
2026-05-29,7713,威力德生醫,66.9,67.7,66.9,67.2,24,-1,0,0,0.1,99.89,100.0
2026-05-29,7714,創泓科技,115.0,120.0,115.0,117.5,110,5,0,0,1.05,98.94,100.0
2026-05-29,7715,裕山,27.7,28.0,27.7,28.0,21,0,0,0,0.7,99.29,100.0
2026-05-29,7716,昱臺國際,0.0,0.0,0.0,0.0,0,0,0,0,0.01,99.98,100.0
2026-05-29,7717,萊德光電-KY,638.0,690.0,628.0,690.0,527,40,0,16,16.87,83.12,100.0
2026-05-29,7718,友鋮,48.6,49.0,48.6,49.0,14,-1,0,0,0.75,99.24,100.0
2026-05-29,7719,碳基,40.12,42.65,39.1,40.85,442,17,0,0,0.0,0.0,0.0
2026-05-29,7721,微程式,74.2,74.5,71.8,72.8,792,7,0,0,1.7,98.29,100.0
2026-05-29,7722,LINEPAY,258.5,265.5,258.5,262.5,130,39,0,1,59.61,40.38,100.0
2026-05-29,7723,築間,22.55,23.45,22.5,22.8,183,31,0,0,0.51,99.48,100.0
2026-05-29,7724,諾亞克,23.09,23.5,22.85,23.45,7,0,0,0,0.0,0.0,0.0
2026-05-29,7725,列特博,20.75,23.8,20.75,22.8,26,0,0,0,0.0,0.0,0.0
2026-05-29,7726,暄達,32.33,33.85,33.85,33.85,0,0,0,0,0.0,0.0,0.0
2026-05-29,7728,光焱科技,810.0,810.0,765.0,770.0,144,-56,0,0,1.89,98.1,100.0
2026-05-29,7729,仲恩生醫,69.21,69.6,67.1,69.2,494,0,0,0,0.0,0.0,0.0
2026-05-29,7730,暉盛-創,215.5,216.5,210.0,213.5,79,-5,0,0,2.53,97.46,100.0
2026-05-29,7731,火星生技*,5.53,6.07,5.46,5.86,2799,-10,0,0,0.0,0.0,0.0
2026-05-29,7732,金興精密,36.0,36.0,35.5,36.0,5,0,0,0,0.29,99.7,100.0
2026-05-29,7734,印能科技,3845.0,3870.0,3450.0,3675.0,235,10,0,-2,3.75,96.24,100.0
2026-05-29,7735,台智雲,0.0,378.0,84.5,350.0,1276,0,0,0,0.0,0.0,0.0
2026-05-29,7736,虎山,75.0,76.8,74.6,75.0,50,16,0,0,1.17,98.82,100.0
2026-05-29,7737,凱鈿,41.25,43.0,40.85,43.0,3,0,0,0,0.0,0.0,0.0
2026-05-29,7738,東聯互動,167.0,178.0,166.5,178.0,112,-12,0,-2,0.28,99.71,100.0
2026-05-29,7740,熙特爾-創,188.0,196.0,185.0,185.0,1313,305,0,2,6.2,93.79,100.0
2026-05-29,7742,天弘化,147.06,155.5,142.5,151.5,522,0,0,0,0.0,0.0,0.0
2026-05-29,7743,金利食安,19.0,19.0,19.0,19.0,3,-2,0,0,2.87,97.12,100.0
2026-05-29,7744,崴寶,489.0,498.0,486.5,492.0,162,15,0,0,28.16,71.83,100.0
2026-05-29,7745,紅陽,17.02,17.15,16.15,16.9,39,0,0,0,0.0,0.0,0.0
2026-05-29,7747,昕奇雲端,129.0,129.0,129.0,129.0,1,0,0,0,0.73,99.26,100.0
2026-05-29,7748,鑫囍創業,19.9,20.1,19.2,20.1,0,0,0,0,0.0,0.0,0.0
2026-05-29,7749,意騰-KY,497.0,498.5,485.5,495.5,397,-34,1,0,22.93,77.06,100.0
2026-05-29,7750,新代,2400.0,2445.0,2360.0,2390.0,283,-19,0,0,16.7,83.29,100.0
2026-05-29,7751,竑騰,1790.0,1840.0,1765.0,1765.0,218,-41,-58,-12,3.88,96.11,100.0
2026-05-29,7752,世紀樺欣,26.5,28.4,26.3,27.9,285,0,0,0,0.0,0.0,0.0
2026-05-29,7753,星亞,42.55,44.0,42.55,43.4,27,1,0,0,0.24,99.75,100.0
2026-05-29,7754,安基生技,58.6,59.9,58.1,58.7,250,-2,0,0,0.0,0.0,0.0
2026-05-29,7756,多那之,41.74,42.8,42.8,42.8,0,0,0,0,0.0,0.0,0.0
2026-05-29,7757,金色三麥,104.5,105.5,104.5,104.5,27,3,0,0,19.48,80.51,100.0
2026-05-29,7758,睿騰能源,47.15,47.65,45.85,46.0,10,0,0,0,0.0,0.0,0.0
2026-05-29,7759,視航生醫,33.64,34.65,32.05,33.4,42,0,0,0,0.0,0.0,0.0
2026-05-29,7760,享溫馨,32.85,32.85,32.55,32.8,137,26,0,-7,0.15,99.84,100.0
2026-05-29,7761,三大未來,38.47,41.0,38.85,39.35,332,0,0,0,0.0,0.0,0.0
2026-05-29,7762,吉晟生,53.89,54.7,53.3,54.0,21,0,0,0,0.0,0.0,0.0
2026-05-29,7763,崇舜,193.43,196.0,185.0,187.5,330,0,0,0,0.0,0.0,0.0
2026-05-29,7764,聖州,12.7,13.15,12.6,13.05,54,0,0,0,0.0,0.0,0.0
2026-05-29,7765,中華資安,249.0,250.0,247.5,247.5,62,8,0,0,0.65,99.34,100.0
2026-05-29,7767,仁大資訊,42.9,42.9,42.5,42.5,70,0,0,0,0.1,99.89,100.0
2026-05-29,7768,頌勝科技,369.0,378.5,369.0,378.5,145,32,0,0,0.79,99.2,100.0
2026-05-29,7769,鴻勁,8000.0,8465.0,7815.0,8260.0,1880,-49,160,-8,19.95,80.04,100.0
2026-05-29,7770,君曜,45.45,47.0,44.75,44.8,39,0,0,-11,0.2,99.79,100.0
2026-05-29,7771,綠基,54.54,56.4,55.0,55.7,13,0,0,0,0.0,0.0,0.0
2026-05-29,7772,耀穎,150.0,152.5,148.0,148.0,262,-24,0,0,0.3,99.69,100.0
2026-05-29,7773,富禾生醫,30.8,31.25,30.35,30.8,111,0,0,0,0.0,0.0,0.0
2026-05-29,7776,奧孟亞,25.12,26.15,24.9,26.05,116,0,0,0,0.0,0.0,0.0
2026-05-29,7777,能率亞洲,41.65,41.65,41.65,41.65,9952,-28,0,25,1.17,98.82,100.0
2026-05-29,7779,鍇睿國際,12.05,12.1,12.05,12.05,6,0,0,0,0.0,0.0,0.0
2026-05-29,7780,大研生醫*,17.6,17.65,17.45,17.6,1948,211,0,-4,0.54,99.45,100.0
2026-05-29,7781,昕力資*,30.21,30.9,30.0,30.4,2013,1,0,0,0.0,0.0,0.0
2026-05-29,7782,光速火箭,25.85,25.85,25.4,25.65,11,2,0,0,0.26,99.73,100.0
2026-05-29,7783,佳運,98.93,99.3,95.0,98.3,12,0,0,0,0.0,0.0,0.0
2026-05-29,7784,安邦生技*,9.72,10.25,9.42,10.0,200,0,0,0,0.0,0.0,0.0
2026-05-29,7785,北祥科服,32.44,32.6,32.0,32.0,6,0,0,0,0.0,0.0,0.0
2026-05-29,7786,東方風能,116.0,120.0,116.0,118.5,294,-2,0,1,1.34,98.65,100.0
2026-05-29,7788,松川精密,187.0,191.5,185.0,191.0,890,102,0,44,10.71,89.28,100.0
2026-05-29,7789,開展,35.1,35.0,33.35,35.0,2,0,0,0,0.0,0.0,0.0
2026-05-29,7790,思必瑞特,50.08,52.6,50.5,52.6,7,0,0,0,0.0,0.0,0.0
2026-05-29,7791,皇家可口,66.9,68.0,66.8,68.0,99,-9,0,0,0.57,99.42,100.0
2026-05-29,7792,安葆,274.0,281.5,274.0,281.5,211,32,0,3,18.04,81.95,100.0
2026-05-29,7794,宏碁智新,28.1,28.9,28.1,28.9,43,0,0,-17,1.35,98.64,100.0
2026-05-29,7795,長廣,402.5,420.0,397.5,407.5,423,11,0,0,8.85,91.14,100.0
2026-05-29,7796,擷發科,98.24,101.5,98.6,101.0,96,0,0,0,0.0,0.0,0.0
2026-05-29,7797,Q Burger,51.25,61.0,48.1,60.5,125,0,0,0,0.0,0.0,0.0
2026-05-29,7798,將捷,15.89,16.1,15.75,16.1,22,0,0,0,0.0,0.0,0.0
2026-05-29,7799,禾榮科,323.5,324.5,318.0,318.0,242,1,0,0,3.82,96.17,100.0
2026-05-29,7801,華芸科技,138.96,143.5,137.0,142.5,26,0,0,0,0.0,0.0,0.0
2026-05-29,7803,雲象科技-創,22.1,22.65,22.1,22.4,168,-7,0,0,2.47,97.52,100.0
2026-05-29,7805,威聯通,790.0,810.0,790.0,797.0,165,-9,0,3,10.4,89.59,100.0
2026-05-29,7806,精華生醫,66.29,66.8,66.7,66.8,2,0,0,0,0.0,0.0,0.0
2026-05-29,7808,訊聯智藥,38.02,38.0,37.0,37.95,25,0,0,0,0.0,0.0,0.0
2026-05-29,7810,捷創科技,228.0,239.5,228.0,232.0,185,15,0,-1,0.58,99.41,100.0
2026-05-29,7811,民盛,79.0,80.5,79.0,80.0,13,2,0,0,0.33,99.66,100.0
2026-05-29,7812,稜研科技*,93.12,93.7,86.9,91.0,307,0,0,0,0.0,0.0,0.0
2026-05-29,7813,宇辰系統,138.69,140.5,138.0,140.0,46,0,0,0,0.0,0.0,0.0
2026-05-29,7814,海昌生技,42.9,43.0,42.35,42.5,71,0,0,0,0.0,0.0,0.0
2026-05-29,7815,新特,466.06,470.0,448.0,456.0,115,0,0,0,0.0,0.0,0.0
2026-05-29,7816,來穎,71.1,71.0,63.7,67.1,190,6,0,0,0.0,0.0,0.0
2026-05-29,7818,溢泰實業,66.5,67.0,65.8,65.8,441,-5,0,0,0.08,99.91,100.0
2026-05-29,7819,精誠金融,46.3,46.55,45.15,45.5,296,23,0,0,1.8,98.19,100.0
2026-05-29,7820,立盈,127.5,127.5,124.0,124.0,105,17,0,0,0.08,99.91,100.0
2026-05-29,7821,神數,43.85,44.4,43.25,44.15,411,176,0,0,0.57,99.42,100.0
2026-05-29,7822,倍利科,1120.0,1130.0,1055.0,1075.0,410,9,0,0,0.69,99.3,100.0
2026-05-29,7823,奧義賽博-KY創,98.4,100.0,94.2,99.7,40,2,0,0,25.87,74.12,100.0
2026-05-29,7824,智寶,46.49,47.05,45.8,47.05,10,0,0,0,0.0,0.0,0.0
2026-05-29,7825,和亞智慧,116.46,120.5,115.5,118.0,75,0,0,0,0.0,0.0,0.0
2026-05-29,7826,極風雲創,43.45,0.0,0.0,0.0,0,0,0,0,0.0,0.0,0.0
2026-05-29,7827,漢康-KY創,141.0,150.0,136.0,137.0,2545,862,0,0,19.96,80.03,100.0
2026-05-29,7828,創新服務,1470.0,1485.0,1330.0,1410.0,503,-40,0,9,22.49,77.5,100.0
2026-05-29,7829,思捷優達-KY,42.61,46.15,41.85,46.15,169,0,0,0,0.0,0.0,0.0
2026-05-29,7831,捷博,37.1,0.0,0.0,0.0,0,0,0,0,0.0,0.0,0.0
2026-05-29,7832,智新生技*,11.4,11.8,11.35,11.65,232,0,0,0,0.0,0.0,0.0
2026-05-29,7833,綠岩能源,28.84,29.4,28.0,29.35,32,0,0,0,0.0,0.0,0.0
2026-05-29,7834,來毅數位,18.9,0.0,0.0,0.0,0,0,0,0,0.0,0.0,0.0
2026-05-29,7836,智生活,53.23,52.8,51.0,52.2,36,0,0,0,0.0,0.0,0.0
2026-05-29,7837,啟新生,103.57,104.0,103.0,103.5,4,0,0,0,0.0,0.0,0.0
2026-05-29,7839,達人網,64.92,67.8,64.9,66.5,8,0,0,0,0.0,0.0,0.0
2026-05-29,7840,祥圃,36.65,37.5,37.5,37.5,7,0,0,0,0.0,0.0,0.0
2026-05-29,7841,經貿聯網,28.07,28.8,27.6,28.5,2,0,0,0,0.0,0.0,0.0
2026-05-29,7842,天能綠電,114.0,114.0,110.0,110.0,51,-8,0,0,0.0,100.0,100.0
2026-05-29,7843,英柏得,133.96,138.0,130.0,132.0,150,0,0,0,0.0,0.0,0.0
2026-05-29,7846,德揚,76.88,76.9,71.0,74.4,35,0,0,0,0.0,0.0,0.0
2026-05-29,7847,豊漁,21.71,22.4,21.7,22.4,19,0,0,0,0.0,0.0,0.0
2026-05-29,7848,騏億鑫,444.85,449.0,440.5,440.5,18,0,0,0,0.0,0.0,0.0
2026-05-29,7849,旭誼,173.84,178.5,167.0,178.5,7,0,0,0,0.0,0.0,0.0
2026-05-29,7850,寶泰生醫,17.88,18.05,17.15,17.9,164,20,0,0,0.0,0.0,0.0
2026-05-29,7851,慧康生技*-KY,40.11,40.65,39.05,40.15,28,0,0,0,0.0,0.0,0.0
2026-05-29,7853,政美應用,359.67,363.5,353.0,360.5,491,-12,0,0,0.0,0.0,0.0
2026-05-29,7854,佐茂,99.23,99.0,94.2,96.5,45,0,0,0,0.0,0.0,0.0
2026-05-29,7855,和運租車,102.34,102.5,102.5,102.5,0,0,0,0,0.0,0.0,0.0
2026-05-29,7856,漢測,3326.04,3310.0,3135.0,3260.0,148,1,0,0,0.0,0.0,0.0
2026-05-29,7857,合水先進,49.73,50.4,48.05,50.4,23,0,0,0,0.0,0.0,0.0
2026-05-29,7858,芝普,207.09,210.0,201.0,201.0,68,0,0,0,0.0,0.0,0.0
2026-05-29,7860,得生製藥,55.9,0.0,0.0,0.0,0,0,0,0,0.0,0.0,0.0
2026-05-29,7861,貝爾威勒,1351.85,1395.0,1300.0,1340.0,131,0,0,0,0.0,0.0,0.0
2026-05-29,7862,聚泰,31.69,31.4,28.5,29.9,16,0,0,0,0.0,0.0,0.0
2026-05-29,7863,中科物流,53.3,0.0,0.0,0.0,0,0,0,0,0.0,0.0,0.0
2026-05-29,7865,金聯成,66.88,73.3,67.0,70.9,464,-2,0,0,0.0,0.0,0.0
2026-05-29,7866,丹立,253.18,259.0,250.0,252.5,223,0,0,0,0.0,0.0,0.0
2026-05-29,7867,特力屋,59.89,60.2,58.0,59.8,51,0,0,0,0.0,0.0,0.0
2026-05-29,7868,聖育,93.91,95.3,90.7,94.3,114,0,0,0,0.0,0.0,0.0
2026-05-29,7869,宏于電機,390.5,392.5,380.0,390.0,0,0,0,0,0.0,0.0,0.0
2026-05-29,7870,聯剛科技,178.42,181.0,178.0,180.5,14,0,0,0,0.0,0.0,0.0
2026-05-29,7871,安立璽榮-KY,67.83,70.8,67.4,70.3,595,0,0,0,0.0,0.0,0.0
2026-05-29,7872,登豐,64.1,65.0,60.9,63.2,87,0,0,0,0.0,0.0,0.0
2026-05-29,7873,瑞峰,0.0,359.5,108.0,277.5,3631,3,0,0,0.0,0.0,0.0
2026-05-29,7875,安圖斯,128.33,130.5,125.0,130.0,9,0,0,0,0.0,0.0,0.0
2026-05-29,7876,鼎晉生技,37.08,37.3,36.05,37.1,68,0,0,0,0.0,0.0,0.0
2026-05-29,7877,海利普,40.48,41.8,39.9,40.8,40,0,0,0,0.0,0.0,0.0
2026-05-29,7878,藥祇,280.25,282.0,274.0,276.5,203,0,0,0,0.0,0.0,0.0
2026-05-29,7879,益材科技,117.76,125.0,114.5,123.0,707,0,0,0,0.0,0.0,0.0
2026-05-29,7880,聖凰,187.89,187.0,179.0,184.0,127,0,0,0,0.0,0.0,0.0
2026-05-29,7881,科明,100.74,103.5,101.0,103.0,6,0,0,0,0.0,0.0,0.0
2026-05-29,7882,倍利創投,21.81,21.95,21.1,21.6,383,0,0,0,0.0,0.0,0.0
2026-05-29,7883,饗賓,286.73,291.5,279.0,291.0,31,0,0,0,0.0,0.0,0.0
2026-05-29,7885,宏羚,24.8,32.7,25.7,31.5,586,0,0,0,0.0,0.0,0.0
2026-05-29,7886,科建,183.58,197.0,183.5,191.0,101,0,0,0,0.0,0.0,0.0
2026-05-29,7887,宇川精材,250.02,255.5,246.0,249.5,533,0,0,0,0.0,0.0,0.0
2026-05-29,7888,麗寶新藥,44.48,39.45,38.0,39.35,164,0,0,0,0.0,0.0,0.0
2026-05-29,7889,騰勢,83.07,83.2,83.0,83.0,4,0,0,0,0.0,0.0,0.0
2026-05-29,7890,明曜科技,113.84,112.5,108.5,111.0,8,0,0,0,0.0,0.0,0.0
2026-05-29,7891,博研醫藥,23.55,23.5,23.5,23.5,0,0,0,0,0.0,0.0,0.0
2026-05-29,7892,元鈦科,905.92,935.0,897.0,915.0,79,0,0,0,0.0,0.0,0.0
2026-05-29,7893,睿信,201.33,211.0,200.5,205.0,44,0,0,0,0.0,0.0,0.0
2026-05-29,7895,元進莊,69.56,70.2,69.0,70.2,9,0,0,0,0.0,0.0,0.0
2026-05-29,7896,喬越,259.53,268.0,255.5,265.5,8,0,0,0,0.0,0.0,0.0
2026-05-29,7897,禾迅綠電,39.2,40.4,40.4,40.4,0,0,0,0,0.0,0.0,0.0
2026-05-29,7898,乾瞻,715.69,723.0,625.0,703.0,550,0,0,0,0.0,0.0,0.0
2026-05-29,7899,景美,435.74,441.0,408.5,411.0,380,0,0,0,0.0,0.0,0.0
2026-05-29,7901,大大寬頻,74.57,75.9,73.1,73.6,8,0,0,0,0.0,0.0,0.0
2026-05-29,7902,宇越生醫*,39.21,40.0,38.55,39.95,164,0,0,0,0.0,0.0,0.0
2026-05-29,7904,任開數位,24.05,0.0,0.0,0.0,0,0,0,0,0.0,0.0,0.0
2026-05-29,7907,錸恩帕斯,266.9,272.0,259.0,267.5,20,0,0,0,0.0,0.0,0.0
2026-05-29,7909,鈺祥,733.68,739.0,697.0,708.0,125,0,0,0,0.0,0.0,0.0
2026-05-29,7911,阿波羅電力,121.85,127.5,118.0,126.0,206,0,0,0,0.0,0.0,0.0
2026-05-29,7912,新聿科,640.46,624.0,532.0,550.0,350,0,0,0,0.0,0.0,0.0
2026-05-29,7913,通寶半導體,279.32,351.5,280.0,343.0,362,0,0,0,0.0,0.0,0.0
2026-05-29,7915,廌家,707.95,726.0,690.0,724.0,36,0,0,0,0.0,0.0,0.0
2026-05-29,7918,創鉅材料,1205.25,1245.0,1165.0,1195.0,157,0,0,0,0.0,0.0,0.0
2026-05-29,7919,禾蒼,67.95,70.5,67.7,70.2,69,0,0,0,0.0,0.0,0.0
2026-05-29,7920,瀚陽*,8.01,8.68,7.8,8.3,3156,-4,0,0,0.0,0.0,0.0
2026-05-29,7921,台普威,136.85,152.0,136.5,145.0,410,0,0,0,0.0,0.0,0.0
2026-05-29,7922,源點*,116.52,121.0,109.5,120.0,69,0,0,0,0.0,0.0,0.0
2026-05-29,8011,台通,17.9,18.15,17.8,18.05,925,240,0,-1,2.73,97.26,100.0
2026-05-29,8016,矽創,304.0,306.0,298.0,306.0,4044,-1118,-1,-17,36.06,63.93,100.0
2026-05-29,8021,尖點,438.0,450.0,438.0,450.0,1904,1021,-480,-5,21.13,78.86,100.0
2026-05-29,8024,佑華,12.7,12.7,12.45,12.5,57,6,0,0,1.79,98.2,100.0
2026-05-29,8027,鈦昇,255.0,259.5,252.5,258.5,1291,222,0,90,8.05,91.94,100.0
2026-05-29,8028,昇陽半導體,365.0,365.0,325.0,327.0,16378,-4523,870,-69,24.62,75.37,100.0
2026-05-29,8032,光菱,44.3,44.65,43.05,43.2,315,48,0,0,0.98,99.01,100.0
2026-05-29,8033,雷虎,139.0,145.5,139.0,143.0,7357,1926,0,-45,5.53,94.46,100.0
2026-05-29,8034,榮群,23.95,23.95,23.65,23.9,340,-4,0,0,6.7,93.29,100.0
2026-05-29,8038,長園科,40.45,41.2,39.9,41.0,397,100,0,0,0.68,99.31,100.0
2026-05-29,8039,台虹,161.0,168.5,156.0,162.0,41757,9225,0,89,21.61,78.38,100.0
2026-05-29,8040,九暘,110.0,114.0,109.5,111.5,2380,-571,0,-3,4.11,95.88,100.0
2026-05-29,8042,金山電,153.5,156.0,151.5,154.5,719,-102,0,79,17.42,82.57,100.0
2026-05-29,8043,蜜望實,134.0,141.0,127.0,141.0,23028,2579,0,23,7.89,92.1,100.0
2026-05-29,8044,網家,28.9,29.8,28.65,29.0,2028,-175,0,0,5.5,94.49,100.0
2026-05-29,8045,達運光電,64.8,66.2,64.0,66.0,225,20,0,-33,1.14,98.85,100.0
2026-05-29,8046,南電,860.0,867.0,825.0,848.0,17926,43,-2413,-79,11.08,88.91,100.0
2026-05-29,8047,星雲,43.45,43.45,42.1,43.3,37,1,0,0,0.47,99.52,100.0
2026-05-29,8048,德勝,62.2,62.9,61.4,61.5,252,-63,0,0,14.53,85.46,100.0
2026-05-29,8049,晶采,27.35,27.35,26.6,26.95,394,-82,0,0,2.64,97.35,100.0
2026-05-29,8050,廣積,59.5,59.9,58.0,59.0,2111,-650,0,-5,3.26,96.73,100.0
2026-05-29,8054,安國,105.0,105.5,101.0,102.5,2029,-562,4,-2,4.46,95.53,100.0
2026-05-29,8058,耐特,103.5,105.0,99.7,102.0,210,0,0,0,0.0,0.0,0.0
2026-05-29,8059,凱碩,19.1,19.3,18.95,19.05,316,-45,0,0,0.68,99.31,100.0
2026-05-29,8064,東捷,140.0,145.0,135.5,143.0,13462,-1147,0,107,8.62,91.37,100.0
2026-05-29,8066,來思達,16.0,16.0,15.55,15.6,31,-5,0,0,3.0,96.99,100.0
2026-05-29,8067,志旭,13.55,13.55,12.6,13.5,13,0,0,0,8.42,91.57,100.0
2026-05-29,8068,全達,19.75,20.05,19.75,19.8,287,19,0,0,9.63,90.36,100.0
2026-05-29,8069,元太,240.0,243.0,220.0,220.0,26732,-2372,-266,-357,41.23,58.76,100.0
2026-05-29,8070,長華*,52.1,53.0,50.3,52.5,9772,847,-15,5,10.23,89.76,100.0
2026-05-29,8071,能率網通,20.15,21.75,20.15,21.3,4199,479,0,0,4.83,95.16,100.0
2026-05-29,8072,陞泰,27.45,27.75,27.3,27.35,212,12,0,1,2.08,97.91,100.0
2026-05-29,8074,鉅橡,77.2,77.7,74.7,74.7,1783,-136,0,-37,5.6,94.39,100.0
2026-05-29,8076,伍豐,23.85,24.3,23.8,24.1,1299,211,0,7,6.27,93.72,100.0
2026-05-29,8077,洛碁,46.0,48.4,46.0,48.4,8,0,0,0,51.12,48.87,100.0
2026-05-29,8080,永利聯合,27.25,29.4,27.0,29.0,39,-6,0,0,0.09,99.9,100.0
2026-05-29,8080,泰霖,27.25,29.4,27.0,29.0,39,-6,0,0,0.09,99.9,100.0
2026-05-29,8081,致新,289.0,289.0,281.5,283.0,1127,-481,30,0,20.32,79.67,100.0
2026-05-29,8083,瑞穎,166.5,168.0,165.0,167.0,108,-33,0,0,3.07,96.92,100.0
2026-05-29,8084,巨虹,50.0,50.0,46.05,47.4,112,-40,0,0,1.08,98.91,100.0
2026-05-29,8085,福華,11.0,11.3,10.9,11.05,701,217,0,0,4.54,95.45,100.0
2026-05-29,8086,宏捷科,168.5,170.0,164.0,169.0,5710,-460,0,8,26.05,73.94,100.0
2026-05-29,8087,華鎂鑫,33.5,33.7,32.45,32.95,49,-6,0,0,3.0,96.99,100.0
2026-05-29,8087,麗升能源,33.5,33.7,32.45,32.95,49,-6,0,0,3.0,96.99,100.0
2026-05-29,8088,品安,61.2,62.2,60.5,60.6,3863,-76,0,0,3.95,96.04,100.0
2026-05-29,8089,康全電訊,19.9,20.0,19.6,19.9,160,7,0,0,4.44,95.55,100.0
2026-05-29,8091,翔名,259.5,262.0,257.5,260.5,250,-66,0,8,13.3,86.69,100.0
2026-05-29,8092,建暐,17.75,17.85,17.25,17.8,151,3,0,-6,0.57,99.42,100.0
2026-05-29,8093,保銳,18.0,18.1,17.5,18.1,21,0,0,0,0.05,99.94,100.0
2026-05-29,8096,擎亞,124.5,127.5,118.5,122.5,13649,-977,0,-129,30.85,69.14,100.0
2026-05-29,8097,常珵,58.6,59.8,58.6,58.8,109,10,0,0,2.82,97.17,100.0
2026-05-29,8098,慶康科技,370.77,382.0,366.0,380.5,31,-2,0,0,0.0,0.0,0.0
2026-05-29,8099,大世科,61.4,61.5,60.4,61.3,88,-6,0,0,3.48,96.51,100.0
2026-05-29,8101,華冠,13.1,13.3,13.1,13.25,10,0,0,0,0.05,99.94,100.0
2026-05-29,8102,傑霖科技,62.0,67.4,61.7,67.1,60,13,0,0,0.21,99.78,100.0
2026-05-29,8103,瀚荃,104.0,111.5,103.0,111.5,3333,364,0,133,24.66,75.33,100.0
2026-05-29,8104,錸寶,43.3,43.5,40.95,41.15,15570,-726,0,-52,2.54,97.45,100.0
2026-05-29,8105,凌巨,17.1,17.9,16.85,17.55,9756,2358,0,-1,42.63,57.36,100.0
2026-05-29,8107,大億金茂,13.0,13.5,12.7,13.0,1204,-145,0,0,0.46,99.53,100.0
2026-05-29,8109,博大,126.5,127.0,124.0,125.5,182,-16,1,6,5.13,94.86,100.0
2026-05-29,8110,華東,64.2,67.7,63.1,64.9,62297,-1593,0,207,2.32,97.67,100.0
2026-05-29,8111,立碁,65.0,67.1,64.4,65.7,1558,-95,0,76,5.58,94.41,100.0
2026-05-29,8112,至上,87.7,89.3,86.4,88.6,29849,4280,-31,-85,19.75,80.24,100.0
2026-05-29,8114,振樺電,251.0,259.5,239.0,246.0,1504,23,0,7,12.01,87.9,100.0
2026-05-29,8119,公信,11.14,11.45,10.65,11.4,200,5,0,0,0.0,0.0,0.0
2026-05-29,8121,越峰,41.0,41.6,40.0,40.45,1575,43,0,0,2.18,97.81,100.0
2026-05-29,8131,福懋科,71.8,74.5,70.5,73.5,14266,3338,0,113,4.62,95.37,100.0
2026-05-29,8147,正淩,173.0,176.5,171.0,176.0,453,24,0,-15,20.42,79.57,100.0
2026-05-29,8150,南茂,113.0,113.0,113.0,113.0,13898,-5576,-2,99,43.89,56.1,100.0
2026-05-29,8155,博智,406.0,414.5,395.5,399.0,1383,112,0,76,10.81,89.18,100.0
2026-05-29,8162,微矽電子-創,75.4,75.9,71.8,73.5,1161,-362,0,3,1.49,98.5,100.0
2026-05-29,8163,達方,37.1,40.0,37.1,39.3,10405,-1648,0,54,6.84,93.15,100.0
2026-05-29,8171,天宇,23.2,23.8,23.2,23.65,342,109,0,0,3.14,96.85,100.0
2026-05-29,8176,智捷,10.1,10.3,10.05,10.25,215,58,0,0,1.11,98.88,100.0
2026-05-29,8182,加高,48.3,49.25,46.15,47.45,5129,-923,0,-42,52.26,47.73,100.0
2026-05-29,8183,精星,32.35,32.45,31.9,32.15,315,-20,0,-1,3.82,96.17,100.0
2026-05-29,8201,無敵,12.8,13.9,12.8,13.45,393,20,0,1,0.79,99.2,100.0
2026-05-29,8210,勤誠,1360.0,1380.0,1335.0,1365.0,1081,-53,-131,14,10.19,89.8,100.0
2026-05-29,8213,志超,39.1,39.9,38.55,39.0,1138,-460,0,0,22.77,77.22,100.0
2026-05-29,8215,明基材,28.75,30.05,28.7,29.45,4652,-293,8,4,1.91,98.08,100.0
2026-05-29,8222,寶一,36.35,37.85,36.3,36.35,957,127,0,5,2.87,97.12,100.0
2026-05-29,8227,巨有科技,219.5,220.0,206.0,212.0,1720,-109,0,-26,2.86,97.13,100.0
2026-05-29,8234,新漢,69.4,72.4,68.8,71.9,1342,252,0,10,2.78,97.21,100.0
2026-05-29,8240,華宏,65.5,65.5,63.8,63.8,749,-75,0,0,4.9,95.09,100.0
2026-05-29,8249,菱光,55.5,56.9,55.2,55.8,1503,44,0,-2,1.1,98.89,100.0
2026-05-29,8255,朋程,198.5,202.0,193.5,199.5,7602,-1228,0,70,10.15,89.84,100.0
2026-05-29,8261,富鼎,193.0,193.0,173.5,181.0,16747,-3049,0,99,7.68,92.31,100.0
2026-05-29,8271,宇瞻,242.0,247.5,239.5,245.5,5991,-140,0,-1,12.61,87.38,100.0
2026-05-29,8272,全景軟體,70.8,70.8,69.5,69.5,21,-1,0,0,0.2,99.79,100.0
2026-05-29,8277,商丞,8.3,8.61,8.11,8.61,1717,-78,0,0,1.82,98.17,100.0
2026-05-29,8279,生展,96.5,96.5,96.3,96.4,17,1,0,-1,5.5,94.49,100.0
2026-05-29,8284,三竹,63.0,63.6,63.0,63.0,27,-4,0,0,0.91,99.08,100.0
2026-05-29,8289,泰藝,76.0,78.0,70.6,74.2,14038,-1920,0,0,4.11,95.88,100.0
2026-05-29,8291,尚茂,133.0,133.0,120.0,120.0,883,2,0,0,73.47,26.52,100.0
2026-05-29,8298,威睿,48.93,50.5,48.2,50.4,19,0,0,0,0.0,0.0,0.0
2026-05-29,8299,群聯,2530.0,2620.0,2525.0,2575.0,6552,354,19,139,35.97,64.02,100.0
2026-05-29,8329,台視,10.2,10.3,10.2,10.2,14,0,0,0,0.0,0.0,0.0
2026-05-29,8341,日友,74.9,75.5,74.9,75.2,170,60,0,1,4.2,95.79,100.0
2026-05-29,8342,益張,88.8,89.5,88.8,89.5,3,1,0,0,0.13,99.86,100.0
2026-05-29,8345,超秦,54.79,56.0,55.5,55.5,28,0,0,0,0.0,0.0,0.0
2026-05-29,8349,恒耀,41.0,41.85,41.0,41.5,417,205,0,0,1.25,98.74,100.0
2026-05-29,8354,冠好,17.15,17.3,16.8,16.85,1989,-13,0,0,0.75,99.24,100.0
2026-05-29,8358,金居,579.0,608.0,565.0,608.0,20728,279,17,-377,34.4,65.59,100.0
2026-05-29,8359,錢櫃,64.44,65.2,64.2,65.2,56,0,0,0,0.0,0.0,0.0
2026-05-29,8367,建新國際,40.1,40.85,40.1,40.85,39,10,0,0,1.52,98.47,100.0
2026-05-29,8374,羅昇,104.0,108.0,102.5,106.0,2066,-548,0,17,2.78,97.21,100.0
2026-05-29,8383,千附,62.0,62.3,59.9,60.6,1151,-203,0,-9,13.68,86.31,100.0
2026-05-29,8390,金益鼎,126.0,126.0,121.0,121.5,870,-110,0,-30,22.52,77.47,100.0
2026-05-29,8401,白紗科,23.2,23.25,23.15,23.15,40,-3,0,0,0.18,99.81,100.0
2026-05-29,8403,盛弘,19.3,19.45,19.2,19.45,158,-3,0,0,1.54,98.45,100.0
2026-05-29,8404,百和興業-KY,16.5,16.5,16.25,16.35,285,57,0,-4,52.85,47.14,100.0
2026-05-29,8409,商之器,19.1,19.3,19.05,19.05,10,0,0,0,0.12,99.87,100.0
2026-05-29,8410,森田,33.5,33.65,33.35,33.5,28,1,0,0,0.65,99.34,100.0
2026-05-29,8411,福貞-KY,11.8,12.2,11.8,12.2,216,18,0,-3,53.78,46.21,100.0
2026-05-29,8415,大國鋼,34.5,34.9,34.3,34.3,492,-128,0,29,6.64,93.35,100.0
2026-05-29,8416,實威,191.0,191.0,179.0,186.0,127,-31,0,-13,0.74,99.25,100.0
2026-05-29,8421,旭源,13.85,13.85,13.0,13.35,90,3,0,0,0.58,99.41,100.0
2026-05-29,8422,可寧衛,27.0,27.3,26.7,26.9,7161,571,-60,-14,4.72,95.27,100.0
2026-05-29,8422,可寧衛*,27.0,27.3,26.7,26.9,7161,571,-60,-14,4.72,95.27,100.0
2026-05-29,8423,保綠-KY,17.4,17.7,17.4,17.7,54,1,0,0,24.93,75.06,100.0
2026-05-29,8424,惠普,73.0,73.0,72.8,72.9,50,0,0,0,0.52,99.47,100.0
2026-05-29,8426,紅木-KY,21.9,22.75,21.65,22.05,34,-4,0,0,67.57,32.42,100.0
2026-05-29,8429,金麗-KY,6.21,6.26,6.17,6.22,193,2,0,0,30.04,69.95,100.0
2026-05-29,8431,匯鑽科,56.2,56.8,55.5,55.9,489,-43,0,-11,2.26,97.73,100.0
2026-05-29,8432,東生華,50.0,50.7,49.85,50.7,30,-3,0,0,0.85,99.14,100.0
2026-05-29,8433,弘帆,52.4,52.4,51.9,52.0,17,-1,0,0,1.42,98.57,100.0
2026-05-29,8435,鉅邁,54.7,56.0,54.0,56.0,64,-3,0,0,0.53,99.46,100.0
2026-05-29,8436,大江,119.5,120.0,118.5,119.5,279,2,-8,0,14.75,85.23,100.0
2026-05-29,8437,大地-KY,11.8,11.8,11.45,11.5,27,-8,0,0,24.19,75.8,100.0
2026-05-29,8438,昶昕,87.0,90.0,85.8,86.2,344,-72,0,0,3.03,96.96,100.0
2026-05-29,8440,綠電,23.95,23.95,22.9,23.45,397,5,0,0,0.94,99.05,100.0
2026-05-29,8442,威宏-KY,40.0,40.0,39.35,39.95,131,65,0,0,55.87,44.12,100.0
2026-05-29,8443,阿瘦,11.25,11.25,11.15,11.15,84,-28,0,0,3.69,96.3,100.0
2026-05-29,8444,綠河-KY,5.5,5.52,5.5,5.51,35,-1,0,0,58.55,41.44,100.0
2026-05-29,8446,華研,86.5,87.4,85.8,85.8,158,-44,0,0,4.68,95.31,100.0
2026-05-29,8450,霹靂,15.5,15.85,15.2,15.5,65,-4,0,0,0.09,49.89,49.99
2026-05-29,8454,富邦媒,219.0,231.0,216.0,231.0,3691,-143,-17,2,12.74,87.25,100.0
2026-05-29,8455,大拓-KY,48.05,48.05,43.75,46.35,323,-1,0,0,87.8,12.19,100.0
2026-05-29,8458,影一,14.59,14.5,13.9,14.4,3,0,0,0,0.0,0.0,0.0
2026-05-29,8462,柏文,140.5,140.5,139.0,139.5,97,-39,0,0,3.69,96.3,100.0
2026-05-29,8463,潤泰材,21.65,21.9,21.6,21.85,83,24,0,-2,0.4,99.59,100.0
2026-05-29,8464,億豐,312.5,321.5,311.0,317.5,1162,160,-1,11,42.19,57.8,100.0
2026-05-29,8466,美吉吉-KY,16.0,16.85,16.0,16.5,196,1,0,0,50.2,49.79,100.0
2026-05-29,8467,波力-KY,126.5,129.0,126.5,128.0,36,20,0,0,46.5,53.49,100.0
2026-05-29,8472,夠麻吉,71.9,78.1,71.9,78.1,147,8,0,0,1.4,98.59,100.0
2026-05-29,8473,山林水,46.7,50.5,46.1,50.4,6820,1401,0,10,4.73,95.26,100.0
2026-05-29,8476,台境,15.35,15.6,15.3,15.35,456,40,0,2,1.43,98.56,100.0
2026-05-29,8476,台境*,15.35,15.6,15.3,15.35,456,40,0,2,1.43,98.56,100.0
2026-05-29,8477,創業家,21.0,21.0,18.85,19.8,141,-5,0,0,0.24,99.75,100.0
2026-05-29,8478,東哥遊艇,152.5,153.5,151.5,153.0,157,47,0,0,39.48,60.51,100.0
2026-05-29,8481,政伸,41.0,41.45,41.0,41.0,41,4,0,-1,0.42,99.57,100.0
2026-05-29,8482,商億-KY,49.95,49.95,48.25,48.3,16,3,0,0,91.73,8.26,100.0
2026-05-29,8487,愛爾達-創,81.0,81.9,80.5,80.7,65,-2,0,0,0.91,49.07,49.99
2026-05-29,8488,吉源-KY,9.85,9.94,9.85,9.9,10,3,0,-2,69.56,30.43,100.0
2026-05-29,8489,三貝德,22.65,23.0,22.55,22.9,67,19,0,0,3.39,96.6,100.0
2026-05-29,8499,鼎炫-KY,320.0,326.0,317.5,321.0,117,30,0,0,72.15,27.84,100.0
2026-05-29,8905,裕國,29.1,29.6,29.1,29.5,5,0,0,0,0.49,99.5,100.0
2026-05-29,8906,花王,24.3,24.45,23.7,24.05,53,-5,0,0,0.41,99.58,100.0
2026-05-29,8908,欣雄,40.8,40.85,40.5,40.85,273,58,0,0,0.31,99.68,100.0
2026-05-29,8916,光隆,45.5,45.5,44.7,44.95,180,-15,0,0,2.86,97.13,100.0
2026-05-29,8917,欣泰,52.8,52.8,52.5,52.6,7,2,0,0,1.43,98.56,100.0
2026-05-29,8921,沈氏,18.5,18.5,18.5,18.5,2,0,0,0,0.18,99.81,100.0
2026-05-29,8923,時報,19.3,19.55,19.0,19.55,24,0,0,0,4.14,95.85,100.0
2026-05-29,8924,大田,64.2,64.5,63.8,64.5,493,-17,0,0,2.54,97.45,100.0
2026-05-29,8926,台汽電,68.8,69.0,65.2,66.6,13091,-2232,5,2,11.13,88.86,100.0
2026-05-29,8927,北基,18.15,18.75,18.1,18.7,462,177,0,0,0.94,99.05,100.0
2026-05-29,8928,鉅明,20.9,21.05,20.9,21.0,46,0,0,0,0.33,99.66,100.0
2026-05-29,8929,富堡,13.5,13.6,13.45,13.6,60,5,0,0,0.27,99.72,100.0
2026-05-29,8930,青鋼,28.5,28.5,28.25,28.45,72,-2,0,0,2.62,97.37,100.0
2026-05-29,8931,大汽電,42.45,43.15,42.25,42.3,57,-5,0,0,0.19,99.8,100.0
2026-05-29,8932,智通*,98.6,103.0,98.5,100.5,3644,200,0,47,28.38,71.61,100.0
2026-05-29,8933,愛地雅,4.6,5.01,4.5,4.9,643,-87,0,0,1.04,98.95,100.0
2026-05-29,8935,邦泰,20.2,21.25,20.1,21.0,929,323,0,0,2.57,97.42,100.0
2026-05-29,8936,國統,52.3,53.4,51.7,52.4,6274,-1029,-12,-25,9.27,90.72,100.0
2026-05-29,8937,合騏*,28.6,28.6,26.45,27.45,767,109,0,-108,5.59,94.4,100.0
2026-05-29,8938,明安,52.4,53.1,52.4,53.1,232,22,0,0,6.42,93.57,100.0
2026-05-29,8940,新天地,16.7,17.0,16.4,16.6,137,14,0,-5,8.33,91.66,100.0
2026-05-29,8941,關中,43.8,43.8,43.2,43.6,9,-1,0,0,0.18,99.81,100.0
2026-05-29,8942,森鉅,41.45,42.2,41.25,41.7,390,39,0,0,13.86,86.13,100.0
2026-05-29,8996,高力,1120.0,1125.0,1065.0,1090.0,2618,-126,1,-3,32.97,67.02,100.0
2026-05-29,8999,台灣積層,37.05,37.05,37.05,37.05,1,0,0,0,0.0,0.0,0.0
2026-05-29,9103,美德醫療-DR,5.42,5.42,5.2,5.23,1289,-156,0,0,1.68,98.31,100.0
2026-05-29,9105,泰金寶-DR,8.89,9.17,8.55,8.8,120114,-8995,0,769,1.45,98.54,100.0
2026-05-29,9110,越南控-DR,2.7,2.8,2.7,2.8,13,0,0,0,0.04,99.95,100.0
2026-05-29,9136,巨騰-DR,11.2,11.25,11.05,11.1,728,-102,0,0,2.99,97.0,100.0
2026-05-29,9802,鈺齊-KY,73.7,74.6,73.4,73.6,3878,76,-38,3,41.71,58.28,100.0
2026-05-29,9902,台火,13.9,13.9,13.65,13.75,195,-1,0,0,1.51,98.48,100.0
2026-05-29,9904,寶成,25.25,25.55,25.2,25.45,12333,-1092,-1908,-97,32.37,67.62,100.0
2026-05-29,9905,大華,20.65,20.8,20.6,20.75,79,30,0,0,2.22,97.77,100.0
2026-05-29,9906,欣巴巴,34.1,34.9,33.45,34.35,170,-44,0,0,1.14,98.85,100.0
2026-05-29,9907,統一實,15.95,16.0,15.85,15.95,3229,-81,-71,-8,14.41,85.58,100.0
2026-05-29,9908,大台北,29.1,29.15,29.05,29.15,241,90,0,2,1.47,98.52,100.0
2026-05-29,9910,豐泰,69.0,70.2,68.0,70.2,4100,-1088,-65,-61,8.41,91.58,100.0
2026-05-29,9911,櫻花,82.5,82.5,81.6,82.0,203,-4,-1,1,18.3,81.69,100.0
2026-05-29,9912,偉聯,12.65,12.75,12.2,12.45,72,9,0,-2,15.89,84.1,100.0
2026-05-29,9914,美利達,66.3,68.8,66.0,66.7,2757,-10,-1,17,22.59,77.4,100.0
2026-05-29,9917,中保科,113.5,114.0,113.0,114.0,406,122,-6,0,39.68,60.31,100.0
2026-05-29,9918,欣天然,43.25,43.7,43.0,43.15,98,-29,0,0,2.69,97.3,100.0
2026-05-29,9919,康那香,14.1,14.15,14.05,14.1,486,57,0,-3,4.45,95.54,100.0
2026-05-29,9921,巨大,67.8,69.7,67.5,69.3,1867,323,0,33,26.78,73.21,100.0
2026-05-29,9924,福興,42.25,42.6,42.2,42.5,170,-31,0,-1,10.59,89.4,100.0
2026-05-29,9925,新保,40.2,40.5,40.1,40.5,541,81,0,-6,17.36,82.63,100.0
2026-05-29,9926,新海,49.5,49.95,49.0,49.5,47,32,0,0,0.68,99.31,100.0
2026-05-29,9927,泰銘,67.8,68.2,67.6,68.0,131,20,0,0,6.54,93.45,100.0
2026-05-29,9928,中視,18.0,18.0,17.9,17.9,28,0,0,0,0.0,0.0,0.0
2026-05-29,9929,秋雨,11.35,11.35,11.3,11.3,49,-24,0,0,0.42,99.57,100.0
2026-05-29,9930,中聯資源,68.1,68.8,68.1,68.8,89,36,0,1,1.92,98.07,100.0
2026-05-29,9931,欣高,33.7,34.1,33.7,34.0,26,15,0,0,0.8,99.19,100.0
2026-05-29,9933,中鼎,39.2,39.65,39.0,39.65,4170,1093,7,6,17.08,82.91,100.0
2026-05-29,9934,成霖,9.55,9.76,9.55,9.71,606,67,0,1,12.8,87.19,100.0
2026-05-29,9935,慶豐富,18.95,19.2,18.85,18.95,435,121,0,0,5.62,94.37,100.0
2026-05-29,9937,全國,55.2,55.5,55.2,55.5,64,60,0,-1,1.72,98.27,100.0
2026-05-29,9938,百和,42.25,43.05,42.25,42.95,7674,520,-80,-22,10.58,89.41,100.0
2026-05-29,9939,宏全,123.0,124.0,122.0,123.5,1240,-51,-11,2,14.13,85.86,100.0
2026-05-29,9940,信義,18.5,18.75,18.5,18.65,518,133,0,2,3.55,96.44,100.0
2026-05-29,9941,裕融,73.3,73.7,72.7,73.1,1541,-74,-52,5,6.54,93.45,100.0
2026-05-29,9942,茂順,120.5,120.5,118.0,119.5,109,-30,0,1,4.34,95.65,100.0
2026-05-29,9943,好樂迪,55.9,56.1,55.6,55.8,71,33,0,0,1.19,98.8,100.0
2026-05-29,9944,新麗,16.95,17.1,16.9,17.1,168,14,0,1,1.07,98.92,100.0
2026-05-29,9945,潤泰新,23.45,23.7,23.3,23.3,8322,587,0,103,7.95,92.04,100.0
2026-05-29,9946,三發地產,16.3,16.45,16.25,16.45,303,-47,0,1,2.3,97.69,100.0
2026-05-29,9949,琉園,22.5,23.7,22.3,23.0,119,2,0,0,2.49,97.5,100.0
2026-05-29,9950,萬國通,10.8,10.85,10.7,10.85,43,3,0,0,0.04,99.95,100.0
2026-05-29,9951,皇田,53.0,53.0,52.6,52.8,79,-7,0,0,4.68,95.31,100.0
2026-05-29,9955,佳龍,28.2,28.35,27.85,27.95,398,-121,0,0,4.72,95.27,100.0
2026-05-29,9957,燁聯,6.15,6.36,6.2,6.35,790,29,0,0,0.0,0.0,0.0
2026-05-29,9958,世紀鋼,103.5,104.5,102.0,103.5,2199,697,-1,-7,12.09,87.9,100.0
2026-05-29,9960,邁達康,29.4,30.4,29.4,30.0,15,8,0,0,9.02,90.97,100.0
2026-05-29,9962,有益,9.7,9.9,9.69,9.69,64,4,0,0,0.32,99.67,100.0
