date,stock_id,stock_name,open,high,low,close,volume,day_trading_volume,foreign_buy,trust_buy,dealer_buy,foreign_hold_ratio,foreign_remain_ratio,foreign_limit_ratio,macd_status
2026-06-16,50,元大台灣50,106.05,106.05,104.85,105.9,70824,10175,6189,4000,3912,0.0,0.0,0.0,-
2026-06-16,51,元大中型100,144.55,144.55,142.5,143.4,105,13,0,0,12,0.0,0.0,0.0,-
2026-06-16,52,富邦科技,61.95,61.95,61.25,61.85,24352,2777,3844,0,4254,0.0,0.0,0.0,-
2026-06-16,53,元大電子,240.55,242.7,240.5,241.8,39,5,0,0,-3,0.0,0.0,0.0,-
2026-06-16,55,元大MSCI金融,41.04,42.09,41.04,41.98,1575,133,-276,100,-564,0.0,0.0,0.0,-
2026-06-16,56,元大高股息,51.8,51.9,51.4,51.55,30454,4217,4746,0,1417,0.0,0.0,0.0,-
2026-06-16,57,富邦摩台,311.6,314.05,310.6,314.05,10,0,0,0,0,0.0,0.0,0.0,-
2026-06-16,61,元大寶滬深,25.21,25.39,25.21,25.28,250,7,52,0,116,0.0,0.0,0.0,-
2026-06-16,1101,台泥,25.0,25.1,24.5,24.5,30785,6272,-10853,-286,-229,0.0,0.0,0.0,多
2026-06-16,1102,亞泥,35.55,35.95,35.25,35.6,19014,4846,-2472,-3153,241,0.0,0.0,0.0,多
2026-06-16,1103,嘉泥,13.8,13.8,13.65,13.7,278,52,51,0,3,0.0,0.0,0.0,多
2026-06-16,1104,環泥,29.2,29.25,29.1,29.1,610,96,-191,0,4,0.0,0.0,0.0,多
2026-06-16,1108,幸福,14.0,14.0,13.8,13.85,473,48,-90,0,6,0.0,0.0,0.0,多
2026-06-16,1109,信大,14.75,14.75,14.65,14.7,118,3,10,0,4,0.0,0.0,0.0,多
2026-06-16,1110,東泥,15.9,15.95,15.75,15.75,166,13,63,0,-1,0.0,0.0,0.0,多
2026-06-16,1201,味全,12.4,12.45,12.35,12.4,205,38,-39,0,0,0.0,0.0,0.0,多
2026-06-16,1203,味王,44.2,44.3,42.6,43.15,51,24,23,0,1,0.0,0.0,0.0,空
2026-06-16,1210,大成,55.9,55.9,54.8,55.6,3595,1058,-1083,913,-5,0.0,0.0,0.0,多
2026-06-16,1213,大飲,9.44,9.44,8.5,8.5,8,0,0,0,0,0.0,0.0,0.0,空
2026-06-16,1215,卜蜂,116.0,117.0,114.5,115.5,1870,409,-44,0,-1,0.0,0.0,0.0,空
2026-06-16,1216,統一,76.4,76.4,75.4,75.6,8209,2131,235,-538,-37,0.0,0.0,0.0,多
2026-06-16,1217,愛之味,9.84,9.88,9.82,9.84,412,23,6,0,-6,0.0,0.0,0.0,多
2026-06-16,1218,泰山,18.0,18.0,17.85,17.9,1065,77,-106,0,-9,0.0,0.0,0.0,空
2026-06-16,1219,福壽,12.55,12.6,12.5,12.55,329,24,10,0,11,0.0,0.0,0.0,多
2026-06-16,1220,台榮,11.8,11.8,11.6,11.7,74,4,-12,0,0,0.0,0.0,0.0,多
2026-06-16,1225,福懋油,31.0,32.0,30.35,32.0,432,146,49,0,-22,0.0,0.0,0.0,多
2026-06-16,1227,佳格,28.95,28.95,28.7,28.85,925,118,101,0,-1,0.0,0.0,0.0,多
2026-06-16,1229,聯華,42.05,42.05,41.7,41.9,1847,195,552,0,2,0.0,0.0,0.0,多
2026-06-16,1231,聯華食,88.4,88.4,86.9,87.4,236,43,53,0,0,0.0,0.0,0.0,多
2026-06-16,1232,大統益,144.5,144.5,143.5,144.0,184,7,-72,0,-1,0.0,0.0,0.0,空
2026-06-16,1233,天仁,28.1,28.1,27.9,27.9,30,2,10,0,-2,0.0,0.0,0.0,多
2026-06-16,1234,黑松,35.15,35.15,35.0,35.0,97,21,47,0,2,0.0,0.0,0.0,多
2026-06-16,1235,興泰,39.75,39.75,38.25,38.3,24,3,8,0,1,0.0,0.0,0.0,多
2026-06-16,1236,宏亞,25.65,25.8,25.5,25.55,58,16,13,0,-1,0.0,0.0,0.0,多
2026-06-16,1240,茂生農經,58.1,58.3,58.1,58.2,7,0,0,0,0,0.0,0.0,0.0,多
2026-06-16,1256,鮮活果汁-KY,177.5,181.0,177.0,178.5,57,20,-14,0,0,0.0,0.0,0.0,空
2026-06-16,1259,安心,58.0,58.6,58.0,58.6,6,0,1,0,0,0.0,0.0,0.0,空
2026-06-16,1260,富味鄉,23.14,23.4,22.3,23.4,12,0,0,0,0,0.0,0.0,0.0,空
2026-06-16,1264,德麥,270.5,270.5,269.5,270.0,11,0,-2,0,0,0.0,0.0,0.0,多
2026-06-16,1268,漢來美食,169.0,170.0,168.5,169.5,24,0,5,0,0,0.0,0.0,0.0,空
2026-06-16,1269,乾杯,68.79,69.5,66.3,69.5,0,0,0,0,0,0.0,0.0,0.0,多
2026-06-16,1271,晨暉生技,65.14,65.0,64.1,64.3,31,0,0,0,0,0.0,0.0,0.0,多
2026-06-16,1293,利統,26.62,28.15,26.75,27.6,5,0,0,0,0,0.0,0.0,0.0,多
2026-06-16,1294,漢田生技,79.0,79.4,79.0,79.1,24,0,0,0,0,0.0,0.0,0.0,多
2026-06-16,1295,生合,49.5,49.5,48.6,48.6,41,0,-22,0,0,0.0,0.0,0.0,多
2026-06-16,1301,台塑,47.3,48.65,46.65,46.75,26097,10382,5010,0,-366,0.0,0.0,0.0,空
2026-06-16,1303,南亞,120.5,123.0,114.0,115.0,107797,54460,11392,-385,-755,0.0,0.0,0.0,多
2026-06-16,1304,台聚,12.7,12.95,12.6,12.75,3968,1144,364,0,-55,0.0,0.0,0.0,多
2026-06-16,1305,華夏,12.7,12.9,12.6,12.65,2445,810,456,0,1,0.0,0.0,0.0,多
2026-06-16,1307,三芳,37.65,38.3,37.15,37.4,2272,770,118,-4,266,0.0,0.0,0.0,多
2026-06-16,1308,亞聚,13.6,13.9,13.45,13.5,1772,515,450,0,1,0.0,0.0,0.0,多
2026-06-16,1309,台達化,15.0,15.0,14.4,14.45,4119,1455,-112,0,-3,0.0,0.0,0.0,空
2026-06-16,1310,台苯,8.5,8.71,8.44,8.5,3165,998,489,0,-1,0.0,0.0,0.0,多
2026-06-16,1312,國喬,12.8,13.55,12.75,13.15,13824,6152,-1093,0,63,0.0,0.0,0.0,多
2026-06-16,1313,聯成,11.2,11.35,11.1,11.15,3361,885,565,0,1,0.0,0.0,0.0,多
2026-06-16,1314,中石化,7.83,7.89,7.67,7.68,18604,5255,-848,0,-46,0.0,0.0,0.0,多
2026-06-16,1315,達新,61.4,62.1,61.4,61.5,10,0,6,0,0,0.0,0.0,0.0,多
2026-06-16,1316,上曜,11.05,11.15,10.85,10.85,2568,762,241,0,0,0.0,0.0,0.0,多
2026-06-16,1319,東陽,105.0,105.0,99.6,100.0,4029,793,-252,-668,-79,0.0,0.0,0.0,多
2026-06-16,1321,大洋,31.7,31.75,31.3,31.55,176,43,7,0,1,0.0,0.0,0.0,多
2026-06-16,1323,永裕,19.75,19.95,19.6,19.65,46,6,-16,0,-2,0.0,0.0,0.0,空
2026-06-16,1324,地球,10.65,10.65,10.45,10.55,42,6,-6,0,0,0.0,0.0,0.0,多
2026-06-16,1325,恆大,26.45,26.45,26.05,26.05,234,29,-96,0,0,0.0,0.0,0.0,空
2026-06-16,1326,台化,52.8,55.0,51.8,52.1,41063,15577,12642,0,239,0.0,0.0,0.0,多
2026-06-16,1336,台翰,15.55,15.9,15.05,15.05,500,0,-75,0,0,0.0,0.0,0.0,多
2026-06-16,1337,再生-KY,5.03,5.03,4.9,4.93,656,81,131,0,1,0.0,0.0,0.0,多
2026-06-16,1338,廣華-KY,17.5,17.5,17.15,17.2,134,31,22,0,1,0.0,0.0,0.0,多
2026-06-16,1339,昭輝,45.3,45.3,44.0,44.7,194,45,37,0,0,0.0,0.0,0.0,多
2026-06-16,1340,勝悅-KY,5.77,5.85,5.71,5.75,124,30,3,0,-2,0.0,0.0,0.0,多
2026-06-16,1341,富林-KY,63.0,63.0,62.0,62.3,23,0,6,0,0,0.0,0.0,0.0,空
2026-06-16,1342,八貫,116.0,117.5,114.0,116.5,911,258,-55,0,-7,0.0,0.0,0.0,多
2026-06-16,1343,旭東環保,19.43,19.7,19.1,19.3,33,0,-1,0,0,0.0,0.0,0.0,多
2026-06-16,1402,遠東新,27.6,28.75,27.5,28.55,40154,9449,8115,13429,277,0.0,0.0,0.0,多
2026-06-16,1409,新纖,25.8,26.9,25.75,26.9,15358,0,1269,0,543,0.0,0.0,0.0,多
2026-06-16,1410,南染,24.8,25.4,24.6,24.6,75,36,7,0,0,0.0,0.0,0.0,空
2026-06-16,1413,宏洲,9.63,9.67,9.43,9.43,26,0,4,0,0,0.0,0.0,0.0,空
2026-06-16,1414,東和,17.25,17.3,17.0,17.25,197,133,10,0,0,0.0,0.0,0.0,多
2026-06-16,1416,廣豐,11.4,11.4,11.0,11.1,435,68,-41,0,-4,0.0,0.0,0.0,空
2026-06-16,1417,嘉裕,8.58,8.59,8.51,8.54,156,36,-11,0,1,0.0,0.0,0.0,多
2026-06-16,1418,東華,18.35,18.75,18.35,18.65,43,2,8,0,-2,0.0,0.0,0.0,多
2026-06-16,1419,新紡,67.4,68.0,66.5,67.5,306,67,20,0,1,0.0,0.0,0.0,多
2026-06-16,1423,利華,44.95,44.95,44.0,44.8,204,21,-25,0,-1,0.0,0.0,0.0,多
2026-06-16,1432,大魯閣,17.3,17.35,17.15,17.25,318,13,17,0,0,0.0,0.0,0.0,多
2026-06-16,1434,福懋,16.8,17.05,16.75,16.8,2315,514,921,0,4,0.0,0.0,0.0,多
2026-06-16,1436,華友聯,46.0,47.1,45.6,45.9,491,195,105,0,1,0.0,0.0,0.0,多
2026-06-16,1437,勤益控,29.7,29.7,29.55,29.55,68,17,3,0,1,0.0,0.0,0.0,多
2026-06-16,1438,三地開發,22.8,23.85,22.65,22.7,241,103,-37,0,2,0.0,0.0,0.0,多
2026-06-16,1439,雋揚,25.3,25.4,25.1,25.2,14,4,8,0,0,0.0,0.0,0.0,空
2026-06-16,1440,南紡,13.3,13.4,13.15,13.25,1926,582,-43,0,0,0.0,0.0,0.0,空
2026-06-16,1441,大東,9.19,9.31,9.1,9.12,40,0,7,0,0,0.0,0.0,0.0,多
2026-06-16,1442,名軒,28.2,28.2,27.45,27.5,208,39,-18,0,1,0.0,0.0,0.0,多
2026-06-16,1443,立益,27.55,27.9,27.15,27.9,23,4,2,0,0,0.0,0.0,0.0,多
2026-06-16,1443,立益物流,27.55,27.9,27.15,27.9,23,4,2,0,0,0.0,0.0,0.0,多
2026-06-16,1444,力麗,7.2,7.24,7.03,7.04,1510,0,-140,0,-2,0.0,0.0,0.0,多
2026-06-16,1445,大宇,11.1,11.3,11.0,11.0,98,11,-12,0,8,0.0,0.0,0.0,空
2026-06-16,1446,宏和,16.9,17.0,16.6,16.7,327,33,-93,0,1,0.0,0.0,0.0,多
2026-06-16,1447,力鵬,6.18,6.2,6.07,6.11,1075,0,-70,0,-4,0.0,0.0,0.0,空
2026-06-16,1449,佳和,14.1,14.1,13.75,13.85,1510,270,-15,0,0,0.0,0.0,0.0,多
2026-06-16,1451,年興,16.9,16.95,16.8,16.85,117,0,42,0,-6,0.0,0.0,0.0,多
2026-06-16,1452,宏益,10.95,11.0,10.75,10.9,316,9,-7,0,-2,0.0,0.0,0.0,多
2026-06-16,1453,大將,11.6,11.9,11.6,11.75,126,11,24,0,0,0.0,0.0,0.0,多
2026-06-16,1454,台富,13.0,13.0,12.65,12.65,70,10,4,0,0,0.0,0.0,0.0,多
2026-06-16,1455,集盛,9.91,10.0,9.9,9.96,1501,460,305,0,-10,0.0,0.0,0.0,多
2026-06-16,1456,怡華,14.6,14.6,14.3,14.55,85,23,30,0,0,0.0,0.0,0.0,多
2026-06-16,1457,宜進,14.6,14.6,14.45,14.45,127,9,46,0,0,0.0,0.0,0.0,多
2026-06-16,1459,聯發,11.75,11.85,11.75,11.75,81,8,9,0,-6,0.0,0.0,0.0,多
2026-06-16,1460,宏遠,7.13,7.3,7.05,7.29,1064,0,333,0,0,0.0,0.0,0.0,多
2026-06-16,1463,強盛新,17.8,17.8,17.55,17.7,44,2,10,0,-1,0.0,0.0,0.0,多
2026-06-16,1464,得力,10.45,10.45,10.3,10.35,358,57,-23,0,0,0.0,0.0,0.0,多
2026-06-16,1465,偉全,12.4,12.5,12.35,12.35,118,19,28,0,0,0.0,0.0,0.0,多
2026-06-16,1466,聚隆,14.7,14.7,14.0,14.0,333,153,-15,0,16,0.0,0.0,0.0,多
2026-06-16,1467,南緯,7.4,7.46,7.32,7.33,145,14,8,0,0,0.0,0.0,0.0,空
2026-06-16,1468,昶和,11.95,12.0,11.8,11.95,42,0,6,0,-1,0.0,0.0,0.0,空
2026-06-16,1470,大統新創,23.0,23.0,22.9,22.9,8,0,6,0,0,0.0,0.0,0.0,空
2026-06-16,1471,首利,11.1,11.1,10.7,10.7,449,0,-82,0,1,0.0,0.0,0.0,空
2026-06-16,1472,三洋實業,91.0,91.0,88.2,90.9,47,4,3,0,-1,0.0,0.0,0.0,多
2026-06-16,1473,台南,20.4,20.65,20.3,20.4,55,3,3,0,1,0.0,0.0,0.0,多
2026-06-16,1474,弘裕,10.25,10.25,10.05,10.05,55,17,-7,0,0,0.0,0.0,0.0,多
2026-06-16,1475,業旺,27.2,27.2,26.45,26.95,33,6,4,0,1,0.0,0.0,0.0,多
2026-06-16,1476,儒鴻,341.0,349.5,335.5,343.5,3659,671,-2339,432,3,0.0,0.0,0.0,空
2026-06-16,1477,聚陽,218.0,222.0,215.0,219.5,2974,729,-561,-82,64,0.0,0.0,0.0,空
2026-06-16,1480,東盟開發,9.13,9.1,9.1,9.1,1,0,0,0,0,0.0,0.0,0.0,多
2026-06-16,1503,士電,225.0,227.5,222.0,224.5,3161,962,-312,-1,54,0.0,0.0,0.0,空
2026-06-16,1504,東元,74.0,74.0,71.8,71.8,15838,2008,-5329,-621,-42,0.0,0.0,0.0,空
2026-06-16,1506,正道,10.5,10.5,10.25,10.45,299,0,-9,0,2,0.0,0.0,0.0,多
2026-06-16,1512,瑞利,6.86,6.9,6.8,6.89,50,0,21,0,0,0.0,0.0,0.0,多
2026-06-16,1513,中興電,171.5,171.5,168.0,168.5,3931,848,11,87,-28,0.0,0.0,0.0,空
2026-06-16,1514,亞力,122.5,123.0,118.0,120.0,2636,608,-500,0,-56,0.0,0.0,0.0,空
2026-06-16,1515,力山,23.8,23.8,23.4,23.4,384,53,-33,0,0,0.0,0.0,0.0,多
2026-06-16,1516,川飛,21.1,21.1,20.4,20.55,45,0,-4,0,0,0.0,0.0,0.0,空
2026-06-16,1517,利奇,10.8,10.8,10.5,10.5,274,64,-40,0,23,0.0,0.0,0.0,多
2026-06-16,1519,華城,799.0,802.0,776.0,781.0,2742,749,-512,5,-11,0.0,0.0,0.0,空
2026-06-16,1521,大億,26.0,27.0,25.8,26.55,93,12,-19,0,-1,0.0,0.0,0.0,空
2026-06-16,1522,堤維西,31.2,31.6,31.0,31.25,692,152,15,-1,0,0.0,0.0,0.0,空
2026-06-16,1524,耿鼎,30.05,30.2,29.5,29.55,686,86,-49,0,-1,0.0,0.0,0.0,空
2026-06-16,1525,江申,66.3,66.3,65.5,65.5,8,1,3,0,-1,0.0,0.0,0.0,空
2026-06-16,1526,日馳,14.6,14.65,14.45,14.55,79,17,-18,0,0,0.0,0.0,0.0,多
2026-06-16,1527,鑽全,33.5,33.5,33.15,33.2,132,21,41,0,-7,0.0,0.0,0.0,空
2026-06-16,1528,恩德,26.4,26.65,25.45,25.5,4977,2102,-996,0,0,0.0,0.0,0.0,空
2026-06-16,1529,樂事綠能,23.3,23.3,22.65,22.75,480,81,-1,0,4,0.0,0.0,0.0,多
2026-06-16,1530,亞崴,30.35,30.95,30.35,30.55,70,16,4,0,-1,0.0,0.0,0.0,空
2026-06-16,1531,高林股,12.9,12.95,12.75,12.95,187,37,37,0,5,0.0,0.0,0.0,多
2026-06-16,1532,勤美,24.2,24.2,23.5,23.7,1660,166,-168,-1,1,0.0,0.0,0.0,多
2026-06-16,1533,車王電,39.0,39.0,37.65,38.15,330,84,-110,0,5,0.0,0.0,0.0,空
2026-06-16,1535,中宇,50.0,50.2,49.8,50.1,84,7,16,0,0,0.0,0.0,0.0,多
2026-06-16,1536,和大,50.0,50.3,48.65,48.9,1312,158,-679,0,-55,0.0,0.0,0.0,空
2026-06-16,1537,廣隆,127.0,127.0,126.5,126.5,59,4,22,0,-1,0.0,0.0,0.0,空
2026-06-16,1538,正峰,12.0,12.0,12.0,12.0,5,0,0,0,0,0.0,0.0,0.0,多
2026-06-16,1539,巨庭,15.85,16.0,15.3,15.5,468,159,61,0,2,0.0,0.0,0.0,空
2026-06-16,1540,喬福,22.25,22.5,21.85,21.85,215,44,-46,0,2,0.0,0.0,0.0,空
2026-06-16,1541,錩泰,21.05,21.25,20.9,21.1,18,4,13,0,0,0.0,0.0,0.0,多
2026-06-16,1558,伸興,90.5,91.3,90.5,91.0,63,6,9,0,0,0.0,0.0,0.0,多
2026-06-16,1560,中砂,711.0,718.0,676.0,679.0,1637,709,-184,0,-11,0.0,0.0,0.0,空
2026-06-16,1563,巧新,65.7,65.9,63.6,65.8,1393,0,-50,0,-151,0.0,0.0,0.0,空
2026-06-16,1565,精華,93.0,93.7,92.7,93.5,180,0,41,0,-5,0.0,0.0,0.0,多
2026-06-16,1568,倉佑,43.6,43.6,41.75,43.25,340,0,-16,0,-1,0.0,0.0,0.0,空
2026-06-16,1569,濱川,49.45,50.0,48.6,48.75,627,0,-258,0,-13,0.0,0.0,0.0,空
2026-06-16,1570,力肯,43.4,43.6,41.5,42.2,200,0,-79,0,0,0.0,0.0,0.0,空
2026-06-16,1580,新麥,124.0,124.0,123.0,124.0,87,0,-6,0,0,0.0,0.0,0.0,多
2026-06-16,1582,信錦,90.3,90.6,88.3,89.1,2173,325,-419,0,71,0.0,0.0,0.0,空
2026-06-16,1583,程泰,51.7,51.7,50.3,50.6,21,8,2,0,-1,0.0,0.0,0.0,空
2026-06-16,1584,精剛,19.8,19.8,19.5,19.65,563,0,-133,0,-1,0.0,0.0,0.0,多
2026-06-16,1586,和勤,21.3,21.5,21.05,21.3,405,0,-86,0,0,0.0,0.0,0.0,空
2026-06-16,1587,吉茂,28.05,28.05,27.6,27.8,234,47,-9,0,0,0.0,0.0,0.0,空
2026-06-16,1590,亞德客-KY,1310.0,1310.0,1240.0,1295.0,758,308,-23,-54,-12,0.0,0.0,0.0,空
2026-06-16,1593,祺驊,31.75,32.3,31.75,32.25,97,0,7,0,0,0.0,0.0,0.0,多
2026-06-16,1594,日高,8.63,8.89,8.45,8.89,9,0,0,0,0,0.0,0.0,0.0,空
2026-06-16,1595,川寶,75.4,77.9,74.0,74.3,680,0,-105,0,0,0.0,0.0,0.0,空
2026-06-16,1597,直得,156.0,156.5,148.5,150.0,1691,578,308,0,13,0.0,0.0,0.0,空
2026-06-16,1598,岱宇,21.0,21.1,20.7,20.8,243,27,98,0,5,0.0,0.0,0.0,多
2026-06-16,1599,宏佳騰,23.35,23.5,23.25,23.45,68,0,17,0,0,0.0,0.0,0.0,多
2026-06-16,1603,華電,32.0,32.0,31.75,31.75,289,43,-28,0,1,0.0,0.0,0.0,空
2026-06-16,1604,聲寶,23.4,23.4,23.15,23.2,229,48,34,0,-11,0.0,0.0,0.0,多
2026-06-16,1605,華新,40.05,40.4,39.0,39.15,48695,22202,-2966,-198,-200,0.0,0.0,0.0,空
2026-06-16,1608,華榮,35.5,35.6,34.55,34.55,2626,548,-780,-15,1,0.0,0.0,0.0,空
2026-06-16,1609,大亞,38.95,38.95,37.6,37.75,4337,967,-228,0,0,0.0,0.0,0.0,空
2026-06-16,1611,中電,13.35,13.35,13.0,13.05,924,85,358,0,0,0.0,0.0,0.0,多
2026-06-16,1612,宏泰,38.5,38.5,37.75,37.85,767,99,-226,-4,36,0.0,0.0,0.0,空
2026-06-16,1614,三洋電,31.95,32.15,31.9,32.0,37,3,15,0,2,0.0,0.0,0.0,空
2026-06-16,1615,大山,44.9,45.35,44.7,44.75,108,15,36,0,0,0.0,0.0,0.0,多
2026-06-16,1616,億泰,22.8,22.8,22.0,22.2,468,105,69,0,4,0.0,0.0,0.0,空
2026-06-16,1617,榮星,16.5,16.6,16.35,16.35,68,7,5,0,0,0.0,0.0,0.0,多
2026-06-16,1618,合機,43.1,43.1,42.05,42.05,864,235,-68,0,-20,0.0,0.0,0.0,空
2026-06-16,1623,大東電,215.0,216.0,212.5,212.5,100,0,-13,0,0,0.0,0.0,0.0,空
2026-06-16,1626,艾美特-KY,10.25,10.25,9.98,10.0,69,4,7,0,2,0.0,0.0,0.0,多
2026-06-16,1702,南僑,31.5,31.65,31.35,31.55,225,50,54,0,0,0.0,0.0,0.0,多
2026-06-16,1707,葡萄王,103.0,103.5,102.0,103.0,283,39,7,0,0,0.0,0.0,0.0,多
2026-06-16,1708,東鹼,47.5,47.85,45.85,46.0,6969,1932,988,0,-71,0.0,0.0,0.0,多
2026-06-16,1709,和益,21.15,21.5,20.7,20.8,1423,348,132,0,-1,0.0,0.0,0.0,多
2026-06-16,1710,東聯,13.85,13.95,13.5,13.5,3377,1398,-765,0,-131,0.0,0.0,0.0,空
2026-06-16,1711,永光,45.4,45.75,43.1,43.15,5517,1741,-349,0,1,0.0,0.0,0.0,空
2026-06-16,1712,興農,40.25,40.5,39.7,39.75,788,118,-133,0,-2,0.0,0.0,0.0,多
2026-06-16,1713,國化,50.8,51.1,50.2,50.2,184,14,38,0,-2,0.0,0.0,0.0,多
2026-06-16,1714,和桐,17.4,18.2,16.8,17.95,32707,0,-551,0,-370,0.0,0.0,0.0,多
2026-06-16,1717,長興,71.8,72.8,70.0,70.0,7717,2639,-655,0,-33,0.0,0.0,0.0,空
2026-06-16,1718,中纖,9.35,9.35,9.21,9.21,5332,0,936,0,111,0.0,0.0,0.0,多
2026-06-16,1720,生達,62.8,63.0,62.6,62.6,122,14,-17,0,-3,0.0,0.0,0.0,多
2026-06-16,1721,三晃,23.6,24.2,22.85,22.85,1470,0,-230,0,0,0.0,0.0,0.0,空
2026-06-16,1722,台肥,48.9,49.25,48.4,48.65,2420,576,435,0,7,0.0,0.0,0.0,多
2026-06-16,1723,中碳,91.0,91.5,87.1,88.4,1517,432,-3,-21,0,0.0,0.0,0.0,多
2026-06-16,1725,元禎,33.95,34.4,33.55,33.8,268,59,113,0,0,0.0,0.0,0.0,多
2026-06-16,1726,永記,79.0,79.0,78.4,78.9,19,1,12,0,-2,0.0,0.0,0.0,多
2026-06-16,1727,中華化,86.2,87.0,84.7,85.4,1977,736,9,0,-2,0.0,0.0,0.0,空
2026-06-16,1730,花仙子,53.1,53.1,53.0,53.0,32,1,11,0,-2,0.0,0.0,0.0,多
2026-06-16,1731,美吾華,21.75,21.8,21.6,21.7,134,17,23,0,0,0.0,0.0,0.0,多
2026-06-16,1732,毛寶,26.3,26.45,26.15,26.25,62,4,-12,0,0,0.0,0.0,0.0,空
2026-06-16,1733,五鼎,29.35,29.55,29.2,29.25,277,14,-65,0,-2,0.0,0.0,0.0,空
2026-06-16,1734,杏輝,31.45,31.65,31.3,31.65,236,35,48,0,-3,0.0,0.0,0.0,多
2026-06-16,1735,日勝化,23.1,23.3,22.45,22.5,225,26,14,0,0,0.0,0.0,0.0,空
2026-06-16,1736,喬山,118.0,118.5,116.5,117.5,626,219,232,0,0,0.0,0.0,0.0,多
2026-06-16,1737,臺鹽,31.95,31.95,31.7,31.7,120,16,15,0,-5,0.0,0.0,0.0,多
2026-06-16,1742,台蠟,15.7,15.8,15.5,15.6,34,0,-1,0,0,0.0,0.0,0.0,多
2026-06-16,1752,南光,33.55,33.55,33.15,33.15,75,6,-7,0,0,0.0,0.0,0.0,多
2026-06-16,1760,寶齡富錦,60.1,60.1,59.6,59.6,151,9,-1,0,0,0.0,0.0,0.0,多
2026-06-16,1762,中化生,35.65,35.65,34.35,34.7,373,56,-154,0,0,0.0,0.0,0.0,空
2026-06-16,1773,勝一,179.0,179.5,176.5,177.5,709,100,366,0,-3,0.0,0.0,0.0,空
2026-06-16,1776,展宇,18.1,18.35,18.1,18.3,124,7,10,0,-6,0.0,0.0,0.0,空
2026-06-16,1777,生泰,72.4,72.4,72.1,72.4,12,0,-1,0,0,0.0,0.0,0.0,多
2026-06-16,1780,立弘,30.0,30.1,28.5,28.8,525,0,-20,0,0,0.0,0.0,0.0,空
2026-06-16,1781,合世,12.0,12.0,11.9,12.0,52,0,10,0,0,0.0,0.0,0.0,多
2026-06-16,1783,和康生,38.85,38.85,38.55,38.7,55,3,-18,0,0,0.0,0.0,0.0,多
2026-06-16,1784,訊聯,67.6,68.8,65.1,65.9,176,0,-41,0,0,0.0,0.0,0.0,多
2026-06-16,1785,光洋科,146.0,148.5,141.0,142.5,12951,0,496,0,-60,0.0,0.0,0.0,空
2026-06-16,1786,科妍,56.0,56.2,54.2,54.3,320,65,43,0,-17,0.0,0.0,0.0,多
2026-06-16,1788,杏昌,130.0,131.0,129.0,130.5,135,0,-8,0,0,0.0,0.0,0.0,空
2026-06-16,1789,神隆,20.25,20.3,20.0,20.05,454,65,57,0,-1,0.0,0.0,0.0,多
2026-06-16,1795,美時,196.0,196.0,191.0,191.0,1996,329,-444,-27,-1,0.0,0.0,0.0,多
2026-06-16,1796,金穎生技,33.95,34.0,33.95,33.95,14,0,2,0,0,0.0,0.0,0.0,空
2026-06-16,1799,易威,31.25,31.7,30.4,30.7,118,0,2,0,-1,0.0,0.0,0.0,空
2026-06-16,1802,台玻,68.8,72.0,67.3,68.2,91188,58343,7533,1764,1298,0.0,0.0,0.0,空
2026-06-16,1805,寶徠,10.15,10.25,10.05,10.25,162,17,-5,0,0,0.0,0.0,0.0,空
2026-06-16,1806,冠軍,8.26,8.26,8.14,8.16,233,19,32,0,-1,0.0,0.0,0.0,多
2026-06-16,1808,潤隆,32.65,32.9,31.85,31.9,2028,601,-291,0,-4,0.0,0.0,0.0,多
2026-06-16,1809,中釉,52.1,52.1,49.1,49.5,6467,2680,-651,0,0,0.0,0.0,0.0,空
2026-06-16,1810,和成,20.4,20.5,19.8,19.85,2301,502,131,-24,0,0.0,0.0,0.0,空
2026-06-16,1813,寶利徠,11.85,11.9,11.85,11.9,30,0,-4,0,0,0.0,0.0,0.0,多
2026-06-16,1815,富喬,96.1,101.5,94.7,94.8,24510,0,165,0,51,0.0,0.0,0.0,空
2026-06-16,1817,凱撒衛,40.0,41.2,40.0,40.35,128,31,37,0,-4,0.0,0.0,0.0,多
2026-06-16,1903,士紙,48.3,48.3,47.7,47.85,194,50,33,0,-2,0.0,0.0,0.0,空
2026-06-16,1904,正隆,22.8,23.2,22.55,23.05,4579,1114,461,0,-39,0.0,0.0,0.0,多
2026-06-16,1905,華紙,13.0,14.15,12.75,14.15,14957,3877,497,0,16,0.0,0.0,0.0,多
2026-06-16,1906,寶隆,11.35,11.65,11.2,11.35,350,120,-22,0,3,0.0,0.0,0.0,多
2026-06-16,1907,永豐餘,26.35,27.45,26.0,26.95,3479,1474,142,-15,-135,0.0,0.0,0.0,多
2026-06-16,1909,榮成,9.9,10.3,9.82,10.05,9403,3226,981,0,-11,0.0,0.0,0.0,多
2026-06-16,2002,中鋼,19.05,19.05,18.65,18.65,61688,11759,-25526,-396,-182,0.0,0.0,0.0,空
2026-06-16,2006,東和鋼鐵,70.0,70.0,68.1,68.7,2623,957,-645,236,-12,0.0,0.0,0.0,多
2026-06-16,2007,燁興,7.53,7.53,7.41,7.41,369,0,92,0,8,0.0,0.0,0.0,空
2026-06-16,2008,高興昌,30.8,30.85,30.35,30.85,28,2,10,0,0,0.0,0.0,0.0,多
2026-06-16,2009,第一銅,41.7,41.7,40.05,40.05,1842,420,-288,0,-18,0.0,0.0,0.0,空
2026-06-16,2010,春源,24.9,24.95,24.6,24.65,1884,354,-285,0,-3,0.0,0.0,0.0,多
2026-06-16,2012,春雨,14.3,14.4,14.3,14.3,77,2,3,0,1,0.0,0.0,0.0,多
2026-06-16,2013,中鋼構,43.15,43.25,43.0,43.15,137,13,40,0,-1,0.0,0.0,0.0,多
2026-06-16,2014,中鴻,18.4,18.4,17.8,17.85,5176,1737,-1239,0,-152,0.0,0.0,0.0,空
2026-06-16,2015,豐興,64.1,64.2,62.9,62.9,331,84,14,0,4,0.0,0.0,0.0,多
2026-06-16,2017,官田鋼,9.64,9.73,9.36,9.37,524,159,-78,0,1,0.0,0.0,0.0,多
2026-06-16,2020,美亞,21.4,21.45,21.35,21.4,273,32,15,0,0,0.0,0.0,0.0,多
2026-06-16,2022,聚亨,7.86,7.93,7.75,7.79,518,96,-206,0,0,0.0,0.0,0.0,多
2026-06-16,2023,燁輝,14.0,14.05,13.8,13.9,1937,531,-280,0,15,0.0,0.0,0.0,多
2026-06-16,2024,志聯,14.5,14.65,14.0,14.2,24,6,8,0,0,0.0,0.0,0.0,多
2026-06-16,2025,千興,14.8,15.0,14.3,14.35,723,0,8,0,-9,0.0,0.0,0.0,多
2026-06-16,2027,大成鋼,43.25,43.3,41.1,41.7,34528,9659,-13323,3067,-907,0.0,0.0,0.0,空
2026-06-16,2028,威致,16.9,16.95,16.6,16.8,109,13,-6,0,8,0.0,0.0,0.0,多
2026-06-16,2029,盛餘,21.3,21.3,20.9,20.9,244,75,84,0,1,0.0,0.0,0.0,多
2026-06-16,2030,彰源,18.95,19.0,18.4,18.55,1643,574,164,0,-1,0.0,0.0,0.0,空
2026-06-16,2031,新光鋼,39.05,39.05,38.3,38.45,1323,132,-804,-3,-28,0.0,0.0,0.0,空
2026-06-16,2032,新鋼,18.15,18.15,17.25,17.25,988,225,-426,0,0,0.0,0.0,0.0,空
2026-06-16,2033,佳大,16.0,16.0,15.6,15.65,180,67,-7,0,1,0.0,0.0,0.0,多
2026-06-16,2034,允強,21.0,21.25,20.65,20.7,2507,660,686,0,27,0.0,0.0,0.0,多
2026-06-16,2035,唐榮,27.2,27.8,27.2,27.35,16,0,0,0,0,0.0,0.0,0.0,空
2026-06-16,2038,海光,14.1,14.15,13.75,13.9,333,48,-130,0,1,0.0,0.0,0.0,多
2026-06-16,2049,上銀,333.0,333.0,320.5,324.5,2138,528,-117,-64,0,0.0,0.0,0.0,空
2026-06-16,2059,川湖,7040.0,7050.0,6605.0,6650.0,842,300,111,-190,11,0.0,0.0,0.0,多
2026-06-16,2061,風青,43.15,43.7,42.0,43.7,3037,0,279,0,-38,0.0,0.0,0.0,空
2026-06-16,2062,橋椿,19.35,19.35,19.1,19.2,122,16,21,0,0,0.0,0.0,0.0,多
2026-06-16,2063,世鎧,25.0,25.0,24.75,24.8,28,0,0,0,0,0.0,0.0,0.0,空
2026-06-16,2064,晉椿,13.5,13.75,13.1,13.4,304,0,9,0,2,0.0,0.0,0.0,空
2026-06-16,2065,世豐,35.0,35.0,34.65,34.8,20,0,1,0,0,0.0,0.0,0.0,空
2026-06-16,2066,世德,61.1,61.9,60.6,61.9,162,0,76,0,0,0.0,0.0,0.0,空
2026-06-16,2067,嘉鋼,6.34,6.55,6.34,6.35,17,0,1,0,0,0.0,0.0,0.0,多
2026-06-16,2069,運錩,19.5,19.5,18.85,18.9,540,46,-351,0,0,0.0,0.0,0.0,空
2026-06-16,2070,精湛,67.1,67.1,64.3,65.7,399,0,-2,0,0,0.0,0.0,0.0,空
2026-06-16,2071,震南鐵,20.63,21.7,20.7,21.55,56,0,1,0,0,0.0,0.0,0.0,多
2026-06-16,2072,世紀風電,179.0,179.0,173.5,175.5,347,0,28,0,13,0.0,0.0,0.0,多
2026-06-16,2073,雄順,25.5,25.95,25.5,25.5,14,0,0,0,0,0.0,0.0,0.0,多
2026-06-16,2101,南港,33.9,33.9,33.1,33.45,1613,462,378,0,-7,0.0,0.0,0.0,多
2026-06-16,2102,泰豐,18.3,18.75,18.2,18.25,355,97,33,0,-5,0.0,0.0,0.0,多
2026-06-16,2103,台橡,22.45,22.45,21.75,22.05,4861,1439,472,0,-195,0.0,0.0,0.0,多
2026-06-16,2104,國際中橡,10.65,10.7,10.25,10.4,2846,850,-236,0,-6,0.0,0.0,0.0,多
2026-06-16,2105,正新,33.95,34.1,33.2,33.95,21384,4427,-4663,3256,-2868,0.0,0.0,0.0,多
2026-06-16,2106,建大,18.35,18.35,17.95,18.05,586,123,-43,0,2,0.0,0.0,0.0,多
2026-06-16,2107,厚生,25.4,25.4,25.1,25.35,212,25,46,0,0,0.0,0.0,0.0,多
2026-06-16,2108,南帝,30.2,30.4,29.05,29.25,1160,215,-180,0,1,0.0,0.0,0.0,多
2026-06-16,2109,華豐,14.6,14.6,14.45,14.45,194,16,-75,0,-4,0.0,0.0,0.0,多
2026-06-16,2114,鑫永銓,90.2,90.2,89.2,89.7,76,10,-12,0,-4,0.0,0.0,0.0,空
2026-06-16,2115,六暉-KY,22.75,22.9,22.25,22.4,294,18,-32,0,8,0.0,0.0,0.0,多
2026-06-16,2201,裕隆,28.3,28.45,28.0,28.15,1719,468,328,0,24,0.0,0.0,0.0,多
2026-06-16,2204,中華,56.2,56.2,55.3,55.6,495,111,13,-4,0,0.0,0.0,0.0,多
2026-06-16,2206,三陽工業,62.8,62.8,61.6,61.6,941,232,-369,70,0,0.0,0.0,0.0,空
2026-06-16,2207,和泰車,464.0,468.5,455.0,468.5,1355,413,-361,254,1,0.0,0.0,0.0,空
2026-06-16,2208,台船,18.0,18.05,17.7,17.7,1881,0,-576,-7,3,0.0,0.0,0.0,多
2026-06-16,2211,長榮鋼,95.9,95.9,94.4,95.9,1100,155,-422,238,0,0.0,0.0,0.0,多
2026-06-16,2221,大甲,44.7,45.0,43.0,43.25,355,0,-52,0,0,0.0,0.0,0.0,空
2026-06-16,2227,裕日車,50.0,51.0,50.0,50.5,51,0,26,0,1,0.0,0.0,0.0,多
2026-06-16,2228,劍麟,87.0,87.5,86.0,86.7,98,22,28,0,2,0.0,0.0,0.0,多
2026-06-16,2230,泰茂,26.9,27.0,26.2,26.2,148,0,-29,0,-2,0.0,0.0,0.0,空
2026-06-16,2231,為升,96.2,96.2,93.5,95.0,243,86,-14,0,20,0.0,0.0,0.0,空
2026-06-16,2233,宇隆,294.0,320.5,288.5,304.5,1096,426,-112,0,23,0.0,0.0,0.0,空
2026-06-16,2235,謚源,29.7,30.1,29.65,30.0,19,0,3,0,0,0.0,0.0,0.0,多
2026-06-16,2236,百達-KY,133.5,135.5,133.0,134.0,161,25,37,0,0,0.0,0.0,0.0,空
2026-06-16,2237,華德動能,38.47,38.7,38.1,38.7,132,0,0,0,0,0.0,0.0,0.0,空
2026-06-16,2239,英利-KY,23.5,23.5,22.6,22.6,44,10,-5,0,1,0.0,0.0,0.0,空
2026-06-16,2241,艾姆勒,44.25,45.05,43.1,43.3,2920,1038,66,0,-2,0.0,0.0,0.0,多
2026-06-16,2243,宏旭-KY,44.8,44.95,44.05,44.95,3124,743,657,0,6,0.0,0.0,0.0,多
2026-06-16,2245,詠勝昌*,26.76,28.0,26.6,27.95,4,0,0,0,0,0.0,0.0,0.0,多
2026-06-16,2247,汎德永業,240.5,240.5,235.5,238.0,45,7,7,0,0,0.0,0.0,0.0,多
2026-06-16,2248,華勝-KY,56.7,56.7,56.1,56.3,56,2,11,0,0,0.0,0.0,0.0,多
2026-06-16,2249,湧盛,113.64,115.0,112.0,114.5,15,0,0,0,0,0.0,0.0,0.0,空
2026-06-16,2250,IKKA-KY,61.9,62.0,60.9,60.9,46,13,-4,0,0,0.0,0.0,0.0,空
2026-06-16,2252,為昇科,16.58,16.8,16.05,16.15,40,0,0,0,0,0.0,0.0,0.0,多
2026-06-16,2254,巨鎧精密-創,60.5,62.4,60.5,62.4,33,14,12,0,-12,0.0,0.0,0.0,空
2026-06-16,2255,凱銳光電,18.1,18.2,17.7,18.0,36,0,0,0,0,0.0,0.0,0.0,空
2026-06-16,2256,歐特明,74.68,76.7,69.0,72.0,264,0,2,0,0,0.0,0.0,0.0,空
2026-06-16,2258,鴻華先進-創,32.0,32.55,31.45,31.7,1672,407,797,0,2,0.0,0.0,0.0,多
2026-06-16,2301,光寶科,210.0,211.5,207.5,208.0,17759,6683,1334,-301,209,0.0,0.0,0.0,空
2026-06-16,2302,麗正,38.4,41.8,38.25,41.8,12202,4803,-47,0,67,0.0,0.0,0.0,多
2026-06-16,2303,聯電,144.0,144.5,138.5,141.0,256468,112733,28997,11348,796,0.0,0.0,0.0,空
2026-06-16,2305,全友,30.35,30.35,30.35,30.35,1782,0,-97,0,12,0.0,0.0,0.0,多
2026-06-16,2308,台達電,2265.0,2270.0,2220.0,2230.0,9190,1572,1793,-633,-62,0.0,0.0,0.0,空
2026-06-16,2312,金寶,35.9,36.1,34.4,34.75,30722,11813,-3922,0,-205,0.0,0.0,0.0,空
2026-06-16,2313,華通,263.0,267.5,248.5,249.0,68681,25756,-4886,-103,-61,0.0,0.0,0.0,空
2026-06-16,2314,台揚,16.1,16.1,15.95,15.95,497,0,0,0,0,0.0,0.0,0.0,空
2026-06-16,2316,楠梓電,174.0,180.5,168.5,170.0,8813,5216,71,0,-32,0.0,0.0,0.0,空
2026-06-16,2317,鴻海,270.0,271.0,265.5,269.0,56878,14714,9643,-529,33,0.0,0.0,0.0,空
2026-06-16,2321,東訊,13.7,13.7,13.7,13.7,1,0,0,0,0,0.0,0.0,0.0,多
2026-06-16,2323,中環,11.4,11.4,10.85,10.9,15854,3699,-6099,0,-320,0.0,0.0,0.0,空
2026-06-16,2324,仁寶,38.3,38.3,37.35,37.4,59724,22723,-7126,9,-783,0.0,0.0,0.0,空
2026-06-16,2327,國巨*,970.0,1000.0,950.0,950.0,79608,41446,-3388,3147,-92,0.0,0.0,0.0,多
2026-06-16,2328,廣宇,53.9,53.9,52.0,52.0,3827,785,-441,0,20,0.0,0.0,0.0,空
2026-06-16,2329,華泰,56.3,56.5,54.0,54.0,7158,2465,-1331,0,-58,0.0,0.0,0.0,空
2026-06-16,2330,台積電,2375.0,2400.0,2350.0,2400.0,37145,6981,-382,3836,-157,0.0,0.0,0.0,空
2026-06-16,2331,精英,21.9,21.95,21.0,21.0,2224,469,-822,0,-3,0.0,0.0,0.0,空
2026-06-16,2332,友訊,16.2,16.75,15.6,16.6,6831,2866,-758,0,14,0.0,0.0,0.0,空
2026-06-16,2337,旺宏,164.0,166.5,160.5,166.5,42847,0,5048,-100,1017,0.0,0.0,0.0,多
2026-06-16,2338,光罩,56.0,57.9,52.4,52.8,18165,10094,100,0,203,0.0,0.0,0.0,空
2026-06-16,2340,台亞,37.3,40.25,37.0,39.1,27123,13293,3627,0,363,0.0,0.0,0.0,多
2026-06-16,2342,茂矽,44.75,48.05,44.75,48.05,15338,3331,3390,0,62,0.0,0.0,0.0,多
2026-06-16,2344,華邦電,198.5,201.0,191.5,197.0,355003,212354,35104,9428,-1269,0.0,0.0,0.0,多
2026-06-16,2345,智邦,2495.0,2555.0,2410.0,2520.0,3072,1395,489,27,2,0.0,0.0,0.0,空
2026-06-16,2347,聯強,91.0,93.9,90.6,93.0,7046,1693,1376,-788,22,0.0,0.0,0.0,多
2026-06-16,2348,海悅,72.7,75.2,72.7,74.6,1224,294,166,0,-8,0.0,0.0,0.0,多
2026-06-16,2349,錸德,13.85,13.9,13.2,13.25,4117,0,-1675,0,0,0.0,0.0,0.0,空
2026-06-16,2351,順德,185.0,185.5,174.5,176.0,3194,983,427,0,-5,0.0,0.0,0.0,空
2026-06-16,2352,佳世達,31.65,31.65,30.2,30.2,6928,1542,-1715,-123,-253,0.0,0.0,0.0,空
2026-06-16,2353,宏碁,39.25,39.25,37.85,38.9,44320,7047,-9618,3995,-2272,0.0,0.0,0.0,空
2026-06-16,2354,鴻準,58.4,58.4,56.9,57.0,5324,902,-803,0,-9,0.0,0.0,0.0,空
2026-06-16,2355,敬鵬,60.9,62.8,57.1,57.1,23270,12329,-884,0,-171,0.0,0.0,0.0,空
2026-06-16,2356,英業達,68.2,68.6,66.2,66.6,29287,11684,-421,-31,263,0.0,0.0,0.0,空
2026-06-16,2357,華碩,794.0,800.0,786.0,791.0,4159,862,-1070,334,239,0.0,0.0,0.0,空
2026-06-16,2359,所羅門,138.5,139.5,132.0,133.0,2174,631,-140,0,-47,0.0,0.0,0.0,空
2026-06-16,2360,致茂,2265.0,2385.0,2265.0,2325.0,2495,432,835,-661,24,0.0,0.0,0.0,空
2026-06-16,2362,藍天,49.2,50.0,48.6,48.6,2323,816,148,0,-1,0.0,0.0,0.0,多
2026-06-16,2363,矽統,61.9,61.9,59.0,59.0,5529,1857,-307,0,-174,0.0,0.0,0.0,空
2026-06-16,2364,倫飛,68.9,68.9,67.0,67.6,271,46,9,0,0,0.0,0.0,0.0,空
2026-06-16,2365,昆盈,34.1,34.2,33.05,33.1,1638,326,-40,0,-8,0.0,0.0,0.0,空
2026-06-16,2367,燿華,63.6,64.9,60.7,60.7,31703,17483,-2308,0,-230,0.0,0.0,0.0,空
2026-06-16,2368,金像電,1330.0,1370.0,1320.0,1345.0,4085,1966,624,-453,-8,0.0,0.0,0.0,空
2026-06-16,2369,菱生,36.2,36.5,34.65,34.75,12175,5669,182,0,-125,0.0,0.0,0.0,空
2026-06-16,2371,大同,28.6,28.7,28.0,28.05,8998,1245,-581,-251,-26,0.0,0.0,0.0,空
2026-06-16,2373,震旦行,58.1,58.3,57.6,57.9,36,3,12,0,1,0.0,0.0,0.0,空
2026-06-16,2374,佳能,75.6,75.8,74.2,74.5,3802,1484,227,0,-229,0.0,0.0,0.0,空
2026-06-16,2375,凱美,197.0,202.5,178.0,181.5,40151,22941,-6026,0,-166,0.0,0.0,0.0,多
2026-06-16,2376,技嘉,352.5,352.5,345.0,348.0,5609,1684,-621,563,-13,0.0,0.0,0.0,空
2026-06-16,2377,微星,142.5,142.5,135.5,136.5,17720,6618,-3066,546,-339,0.0,0.0,0.0,空
2026-06-16,2379,瑞昱,640.0,678.0,631.0,678.0,4272,1116,1507,482,63,0.0,0.0,0.0,多
2026-06-16,2380,虹光,6.3,6.84,6.26,6.6,1013,0,6,0,0,0.0,0.0,0.0,多
2026-06-16,2382,廣達,371.5,372.5,362.0,362.5,20112,4034,-1561,1851,384,0.0,0.0,0.0,空
2026-06-16,2383,台光電,5120.0,5220.0,5065.0,5120.0,2171,956,648,-36,-31,0.0,0.0,0.0,空
2026-06-16,2385,群光,121.5,121.5,114.0,116.5,13724,2079,3209,-14,-772,0.0,0.0,0.0,空
2026-06-16,2387,精元,40.0,40.0,39.1,39.25,895,190,-189,0,0,0.0,0.0,0.0,空
2026-06-16,2388,威盛,71.8,72.0,68.4,68.4,3472,784,-519,0,-52,0.0,0.0,0.0,空
2026-06-16,2390,云辰,12.45,12.55,11.85,11.85,1109,267,190,0,-3,0.0,0.0,0.0,多
2026-06-16,2392,正崴,40.75,42.5,40.25,40.3,2902,1058,787,0,45,0.0,0.0,0.0,空
2026-06-16,2393,億光,71.0,72.4,70.7,70.8,4286,1208,918,-4,-5,0.0,0.0,0.0,多
2026-06-16,2395,研華,493.0,493.0,475.0,480.0,1707,431,149,-245,5,0.0,0.0,0.0,空
2026-06-16,2397,友通,63.5,63.8,60.9,60.9,507,98,-71,0,0,0.0,0.0,0.0,空
2026-06-16,2399,映泰,48.7,52.8,47.8,52.8,14018,2664,4211,0,158,0.0,0.0,0.0,空
2026-06-16,2401,凌陽,32.0,32.55,30.65,30.75,25821,12984,-535,0,7,0.0,0.0,0.0,多
2026-06-16,2402,毅嘉,68.7,71.4,67.3,70.0,10258,4201,-152,0,71,0.0,0.0,0.0,多
2026-06-16,2404,漢唐,1380.0,1380.0,1245.0,1245.0,6617,1740,-1514,-1035,-173,0.0,0.0,0.0,多
2026-06-16,2405,輔信,19.7,19.8,18.8,18.8,3753,1015,-6,0,-1,0.0,0.0,0.0,空
2026-06-16,2406,國碩,38.5,38.65,35.2,35.2,25698,9643,-5617,0,1,0.0,0.0,0.0,多
2026-06-16,2408,南亞科,402.5,432.5,396.0,425.0,170526,88174,46936,5807,95,0.0,0.0,0.0,多
2026-06-16,2409,友達,24.5,24.75,23.9,23.9,203629,111738,-18876,-31,727,0.0,0.0,0.0,空
2026-06-16,2412,中華電,146.0,147.0,145.0,146.5,12874,2550,2817,-85,65,0.0,0.0,0.0,多
2026-06-16,2413,環科,63.0,64.4,59.2,59.5,7559,3283,-12,0,-14,0.0,0.0,0.0,多
2026-06-16,2414,精技,61.3,62.4,60.2,60.2,775,128,88,0,-4,0.0,0.0,0.0,多
2026-06-16,2415,錩新,30.85,31.5,29.85,29.85,718,250,-30,0,-3,0.0,0.0,0.0,多
2026-06-16,2417,圓剛,47.2,47.2,45.5,46.0,811,217,-94,0,0,0.0,0.0,0.0,空
2026-06-16,2419,仲琦,30.55,30.55,28.95,28.95,1510,408,-490,0,-17,0.0,0.0,0.0,空
2026-06-16,2420,新巨,60.1,61.0,59.0,59.1,580,197,-109,0,0,0.0,0.0,0.0,空
2026-06-16,2421,建準,145.0,145.5,142.0,142.5,2279,514,-304,0,20,0.0,0.0,0.0,空
2026-06-16,2423,固緯,77.5,78.5,76.8,77.7,177,76,-5,0,6,0.0,0.0,0.0,空
2026-06-16,2424,隴華,11.25,11.6,10.5,10.85,174,0,-20,0,0,0.0,0.0,0.0,多
2026-06-16,2425,承啟,38.8,42.15,38.0,39.5,8114,4008,874,0,62,0.0,0.0,0.0,多
2026-06-16,2426,鼎元,79.6,80.5,68.4,68.9,31512,14444,-2393,0,-141,0.0,0.0,0.0,空
2026-06-16,2427,三商電,22.5,22.55,22.0,22.05,963,161,186,0,2,0.0,0.0,0.0,空
2026-06-16,2428,興勤,310.0,312.5,279.0,280.0,3478,1360,-681,0,-72,0.0,0.0,0.0,空
2026-06-16,2429,銘旺科,39.6,40.0,38.45,38.45,474,0,-87,0,0,0.0,0.0,0.0,空
2026-06-16,2430,燦坤,18.5,18.5,18.35,18.4,97,9,11,0,7,0.0,0.0,0.0,多
2026-06-16,2431,聯昌,11.4,11.4,10.85,10.9,442,0,-208,0,0,0.0,0.0,0.0,多
2026-06-16,2432,倚天,28.4,28.4,27.8,28.0,107,17,0,0,5,0.0,0.0,0.0,多
2026-06-16,2432,倚天酷碁-創,28.4,28.4,27.8,28.0,107,17,0,0,5,0.0,0.0,0.0,多
2026-06-16,2433,互盛電,44.35,44.45,44.0,44.05,40,10,9,0,2,0.0,0.0,0.0,多
2026-06-16,2434,統懋,34.3,38.0,34.3,38.0,646,253,49,0,1,0.0,0.0,0.0,空
2026-06-16,2436,偉詮電,71.0,71.1,67.1,67.3,3763,1206,-506,0,-65,0.0,0.0,0.0,空
2026-06-16,2438,翔耀,22.2,22.2,21.65,21.8,229,0,25,0,0,0.0,0.0,0.0,空
2026-06-16,2439,美律,90.8,91.3,89.5,89.5,1943,224,-667,-2,-66,0.0,0.0,0.0,空
2026-06-16,2440,太空梭,17.25,17.5,16.8,16.8,746,271,-127,0,-1,0.0,0.0,0.0,空
2026-06-16,2441,超豐,128.5,129.0,125.0,125.5,8138,2978,-516,-1848,61,0.0,0.0,0.0,空
2026-06-16,2442,新美齊,19.85,19.95,19.65,19.75,969,183,36,0,0,0.0,0.0,0.0,多
2026-06-16,2444,兆勁,13.7,13.85,13.0,13.0,612,0,-256,0,0,0.0,0.0,0.0,多
2026-06-16,2449,京元電子,284.0,284.0,277.5,278.0,15208,4261,-635,205,141,0.0,0.0,0.0,空
2026-06-16,2450,神腦,31.05,31.15,30.8,31.0,514,52,239,0,0,0.0,0.0,0.0,多
2026-06-16,2451,創見,318.0,320.0,310.5,312.5,4016,1804,-72,-49,20,0.0,0.0,0.0,空
2026-06-16,2453,凌群,57.7,58.0,56.0,56.7,355,50,35,0,0,0.0,0.0,0.0,空
2026-06-16,2454,聯發科,4550.0,4565.0,4415.0,4560.0,11309,3752,1460,65,-31,0.0,0.0,0.0,空
2026-06-16,2455,全新,387.0,405.5,387.0,405.5,17713,7535,2746,31,466,0.0,0.0,0.0,空
2026-06-16,2457,飛宏,29.7,30.2,29.0,29.0,6393,2793,469,0,-224,0.0,0.0,0.0,多
2026-06-16,2458,義隆,152.5,156.0,151.0,153.0,3035,936,534,127,4,0.0,0.0,0.0,空
2026-06-16,2459,敦吉,65.0,65.5,64.6,65.1,378,59,-73,0,-2,0.0,0.0,0.0,空
2026-06-16,2460,建通,37.9,37.9,34.75,34.85,3594,0,-487,0,-2,0.0,0.0,0.0,多
2026-06-16,2461,光群雷,19.45,19.6,18.6,18.65,2098,706,198,0,-3,0.0,0.0,0.0,多
2026-06-16,2462,良得電,25.8,25.95,24.9,25.15,652,182,66,0,1,0.0,0.0,0.0,多
2026-06-16,2464,盟立,179.5,179.5,179.5,179.5,3275,2,-186,0,111,0.0,0.0,0.0,空
2026-06-16,2465,麗臺,81.5,82.6,79.0,79.1,1783,562,-598,0,-1,0.0,0.0,0.0,空
2026-06-16,2466,冠西電,48.4,48.9,47.5,47.85,513,120,-71,0,-1,0.0,0.0,0.0,多
2026-06-16,2467,志聖,590.0,594.0,564.0,564.0,1204,362,-246,-50,-7,0.0,0.0,0.0,空
2026-06-16,2468,華經,39.5,39.7,37.7,37.75,875,201,39,0,0,0.0,0.0,0.0,空
2026-06-16,2471,資通,54.0,54.1,52.6,53.3,186,34,0,0,2,0.0,0.0,0.0,多
2026-06-16,2472,立隆電,386.0,386.0,347.5,347.5,18051,6523,-3120,1,-46,0.0,0.0,0.0,空
2026-06-16,2474,可成,208.5,209.0,204.0,205.5,5274,1681,-1254,-296,31,0.0,0.0,0.0,空
2026-06-16,2476,鉅祥,127.0,128.0,116.5,119.5,8246,2223,-3726,0,-28,0.0,0.0,0.0,空
2026-06-16,2477,美隆電,22.0,22.35,21.85,21.85,232,50,-108,0,0,0.0,0.0,0.0,空
2026-06-16,2478,大毅,200.0,207.0,200.0,207.0,16112,7962,3798,0,-184,0.0,0.0,0.0,多
2026-06-16,2480,敦陽科,150.0,151.0,146.0,147.0,1082,109,-190,-1,2,0.0,0.0,0.0,空
2026-06-16,2481,強茂,144.0,148.5,140.0,140.0,20565,12144,-2066,885,-281,0.0,0.0,0.0,空
2026-06-16,2482,連宇,17.0,17.15,16.8,16.85,103,15,-5,0,0,0.0,0.0,0.0,多
2026-06-16,2483,百容,38.4,38.9,35.65,35.85,6693,2861,280,0,-3,0.0,0.0,0.0,多
2026-06-16,2484,希華,74.0,76.1,69.4,70.4,69545,48207,-1211,0,44,0.0,0.0,0.0,多
2026-06-16,2485,兆赫,64.2,65.0,60.2,60.5,13734,5057,-164,0,-114,0.0,0.0,0.0,空
2026-06-16,2486,一詮,252.0,257.0,244.0,245.5,4721,1945,166,0,134,0.0,0.0,0.0,空
2026-06-16,2488,漢平,53.6,53.9,53.5,53.5,99,15,20,0,0,0.0,0.0,0.0,空
2026-06-16,2489,瑞軒,45.5,49.5,45.45,45.9,64134,36752,5415,0,493,0.0,0.0,0.0,空
2026-06-16,2491,吉祥全,37.3,37.3,35.05,35.8,689,0,-1,0,2,0.0,0.0,0.0,多
2026-06-16,2492,華新科,460.0,494.0,460.0,494.0,6902,0,909,103,772,0.0,0.0,0.0,多
2026-06-16,2493,揚博,250.0,250.0,240.0,250.0,8089,2814,1150,0,-63,0.0,0.0,0.0,多
2026-06-16,2495,普安,51.8,52.0,49.5,49.5,11374,4525,-508,0,-24,0.0,0.0,0.0,空
2026-06-16,2496,卓越,64.7,65.0,64.6,65.0,6,1,2,0,0,0.0,0.0,0.0,多
2026-06-16,2497,怡利電,62.6,62.8,61.2,62.4,470,116,12,0,-1,0.0,0.0,0.0,空
2026-06-16,2498,宏達電,46.5,46.5,44.1,44.1,6326,1391,-1552,0,-186,0.0,0.0,0.0,空
2026-06-16,2501,國建,27.05,27.05,25.7,25.75,6627,1360,-970,0,4,0.0,0.0,0.0,多
2026-06-16,2504,國產,36.75,36.75,36.25,36.25,12208,1394,-2258,1815,5,0.0,0.0,0.0,多
2026-06-16,2505,國揚,18.75,18.75,18.45,18.55,334,21,38,0,0,0.0,0.0,0.0,多
2026-06-16,2506,太設,9.09,9.15,9.05,9.05,121,10,51,0,3,0.0,0.0,0.0,多
2026-06-16,2509,全坤建,13.65,14.0,13.55,13.95,283,40,13,0,-4,0.0,0.0,0.0,多
2026-06-16,2511,太子,8.14,8.19,8.1,8.12,1018,160,388,0,-6,0.0,0.0,0.0,多
2026-06-16,2514,龍邦,13.9,14.0,13.7,13.8,257,18,99,0,2,0.0,0.0,0.0,多
2026-06-16,2515,中工,13.05,13.15,12.95,13.1,7894,1662,983,0,134,0.0,0.0,0.0,多
2026-06-16,2516,新建,13.6,13.85,13.45,13.45,209,0,-16,0,0,0.0,0.0,0.0,多
2026-06-16,2520,冠德,35.0,35.25,34.0,34.5,2206,472,294,0,-10,0.0,0.0,0.0,多
2026-06-16,2524,京城,36.8,37.55,36.6,37.25,175,76,34,0,0,0.0,0.0,0.0,多
2026-06-16,2527,宏璟,40.3,40.75,39.5,39.95,5496,1583,-1402,0,-3,0.0,0.0,0.0,多
2026-06-16,2528,皇普,22.65,22.8,22.3,22.45,369,105,46,0,0,0.0,0.0,0.0,多
2026-06-16,2530,華建,20.2,20.2,19.9,20.1,493,132,39,0,-2,0.0,0.0,0.0,多
2026-06-16,2534,宏盛,18.8,18.8,18.25,18.25,1784,249,-189,0,2,0.0,0.0,0.0,多
2026-06-16,2535,達欣工,95.5,98.0,93.8,96.6,1073,344,181,0,-10,0.0,0.0,0.0,多
2026-06-16,2536,宏普,21.7,21.75,21.35,21.4,478,117,102,0,6,0.0,0.0,0.0,多
2026-06-16,2537,聯上發,11.65,11.8,11.2,11.4,6128,1573,-1875,0,2,0.0,0.0,0.0,多
2026-06-16,2538,基泰,10.15,10.2,10.1,10.15,265,20,118,0,1,0.0,0.0,0.0,多
2026-06-16,2539,櫻花建,39.45,39.7,38.6,38.9,1314,243,210,-8,0,0.0,0.0,0.0,多
2026-06-16,2540,愛山林,54.0,54.0,52.9,53.8,575,161,-5,0,1,0.0,0.0,0.0,空
2026-06-16,2542,興富發,45.45,45.85,44.9,45.05,10473,2396,-155,1656,-203,0.0,0.0,0.0,多
2026-06-16,2543,皇昌,46.8,47.4,46.25,47.0,1599,468,190,0,38,0.0,0.0,0.0,多
2026-06-16,2545,皇翔,38.55,39.0,38.4,38.65,387,50,-45,0,1,0.0,0.0,0.0,多
2026-06-16,2546,根基,98.3,98.3,93.9,94.8,518,137,-63,0,-2,0.0,0.0,0.0,多
2026-06-16,2547,日勝生,11.0,11.2,11.0,11.05,4635,1031,2080,0,-10,0.0,0.0,0.0,多
2026-06-16,2548,華固,104.0,104.5,102.5,104.0,1411,344,-38,0,-64,0.0,0.0,0.0,空
2026-06-16,2596,綠意,31.05,31.05,30.1,30.3,50,0,-12,0,0,0.0,0.0,0.0,多
2026-06-16,2597,潤弘,190.0,190.0,184.5,187.5,732,119,-46,110,1,0.0,0.0,0.0,多
2026-06-16,2601,益航,5.85,5.85,5.7,5.72,1466,0,1,0,0,0.0,0.0,0.0,多
2026-06-16,2603,長榮,223.0,223.0,219.0,220.5,32459,4000,-4361,2184,-417,0.0,0.0,0.0,空
2026-06-16,2605,新興,32.7,32.7,31.7,31.8,4918,1528,-785,0,-132,0.0,0.0,0.0,多
2026-06-16,2606,裕民,63.1,64.7,60.6,61.1,22777,4481,4328,-205,-356,0.0,0.0,0.0,空
2026-06-16,2607,榮運,50.4,50.4,49.3,49.6,560,83,-113,0,0,0.0,0.0,0.0,多
2026-06-16,2608,嘉里大榮,29.15,29.15,28.95,29.05,283,16,111,0,0,0.0,0.0,0.0,空
2026-06-16,2609,陽明,51.2,51.7,50.2,51.0,32633,8304,707,-707,-139,0.0,0.0,0.0,空
2026-06-16,2610,華航,21.5,21.5,20.95,21.2,58891,16700,-3371,2449,-556,0.0,0.0,0.0,多
2026-06-16,2611,志信,14.0,14.05,13.8,13.9,279,27,46,0,-2,0.0,0.0,0.0,多
2026-06-16,2612,中航,56.0,56.4,54.8,54.8,537,152,-202,0,0,0.0,0.0,0.0,空
2026-06-16,2613,中櫃,22.25,22.3,21.75,21.8,250,45,-71,0,0,0.0,0.0,0.0,多
2026-06-16,2614,東森,19.25,19.25,18.8,18.85,567,92,11,0,0,0.0,0.0,0.0,多
2026-06-16,2615,萬海,82.8,83.1,81.1,81.5,12405,4074,-2573,416,-267,0.0,0.0,0.0,空
2026-06-16,2616,山隆,13.55,13.7,13.55,13.65,208,26,28,0,1,0.0,0.0,0.0,多
2026-06-16,2617,台航,30.5,30.55,30.1,30.2,641,192,-5,0,38,0.0,0.0,0.0,多
2026-06-16,2618,長榮航,40.2,40.5,39.3,39.75,43247,11508,5898,600,71,0.0,0.0,0.0,多
2026-06-16,2630,亞航,39.7,39.8,38.6,38.7,722,81,-278,0,-1,0.0,0.0,0.0,空
2026-06-16,2633,台灣高鐵,25.65,26.25,25.55,26.15,17820,3611,395,5414,4,0.0,0.0,0.0,多
2026-06-16,2634,漢翔,47.35,47.45,46.65,46.75,2728,522,94,-7,-16,0.0,0.0,0.0,多
2026-06-16,2636,台驊控股,71.4,71.4,70.4,70.5,308,31,-13,0,-1,0.0,0.0,0.0,多
2026-06-16,2637,慧洋-KY,79.2,80.7,77.5,78.4,6026,2063,260,26,-94,0.0,0.0,0.0,多
2026-06-16,2640,大車隊,158.5,158.5,155.0,155.5,45,0,-27,0,0,0.0,0.0,0.0,空
2026-06-16,2641,正德,19.1,19.1,18.8,18.8,1570,0,-303,0,-29,0.0,0.0,0.0,空
2026-06-16,2642,宅配通,21.6,21.6,21.4,21.5,76,5,-8,0,0,0.0,0.0,0.0,多
2026-06-16,2643,捷迅,66.2,66.9,66.0,66.7,39,0,-12,0,0,0.0,0.0,0.0,多
2026-06-16,2644,中信造船,79.58,81.9,79.8,81.5,81,0,5,0,0,0.0,0.0,0.0,多
2026-06-16,2645,長榮航太,171.0,171.0,167.5,168.0,695,146,-106,-2,-22,0.0,0.0,0.0,多
2026-06-16,2646,星宇航空,21.25,21.3,21.0,21.05,4415,757,477,0,-3,0.0,0.0,0.0,多
2026-06-16,2701,萬企,10.6,10.65,10.55,10.55,64,4,13,0,7,0.0,0.0,0.0,多
2026-06-16,2702,華園,13.4,13.4,13.05,13.1,37,11,2,0,1,0.0,0.0,0.0,多
2026-06-16,2704,國賓,44.7,44.75,43.65,44.6,124,30,19,0,-3,0.0,0.0,0.0,多
2026-06-16,2705,六福,16.1,16.3,15.9,16.25,393,66,-49,0,-2,0.0,0.0,0.0,多
2026-06-16,2706,第一店,12.4,12.5,12.3,12.4,81,7,18,0,-5,0.0,0.0,0.0,多
2026-06-16,2707,晶華,178.5,182.0,177.5,180.0,257,62,10,0,0,0.0,0.0,0.0,多
2026-06-16,2712,遠雄來,15.2,15.25,15.2,15.25,5,0,1,0,1,0.0,0.0,0.0,多
2026-06-16,2718,晶悅,48.9,49.1,48.35,48.5,35,0,5,0,0,0.0,0.0,0.0,多
2026-06-16,2718,全心投控,48.9,49.1,48.35,48.5,35,0,5,0,0,0.0,0.0,0.0,多
2026-06-16,2719,燦星旅,24.9,25.0,24.9,25.0,5,0,1,0,0,0.0,0.0,0.0,多
2026-06-16,2722,夏都,23.55,23.55,23.1,23.1,39,11,8,0,0,0.0,0.0,0.0,多
2026-06-16,2723,美食-KY,68.4,68.7,67.1,67.8,229,31,-77,0,0,0.0,0.0,0.0,多
2026-06-16,2724,富驛-KY,12.4,12.8,12.2,12.6,14,0,0,0,0,0.0,0.0,0.0,多
2026-06-16,2724,藝舍-KY,12.4,12.8,12.2,12.6,14,0,0,0,0,0.0,0.0,0.0,多
2026-06-16,2726,雅茗-KY,9.98,9.99,9.92,9.98,8,0,0,0,0,0.0,0.0,0.0,多
2026-06-16,2727,王品,244.0,245.0,243.0,244.0,248,40,34,-1,0,0.0,0.0,0.0,多
2026-06-16,2729,瓦城,164.5,164.5,161.0,161.0,45,0,-8,0,0,0.0,0.0,0.0,多
2026-06-16,2731,雄獅,153.5,154.0,152.0,153.0,633,76,-85,-8,-1,0.0,0.0,0.0,空
2026-06-16,2732,六角,65.2,65.3,64.4,64.7,28,0,-1,0,0,0.0,0.0,0.0,多
2026-06-16,2733,維格餅家,11.3,11.55,10.85,10.9,24,0,0,0,0,0.0,0.0,0.0,多
2026-06-16,2734,易飛網,15.35,15.35,15.1,15.1,63,0,-19,0,0,0.0,0.0,0.0,多
2026-06-16,2736,富野,12.0,12.2,11.95,11.95,42,0,-5,0,0,0.0,0.0,0.0,多
2026-06-16,2739,寒舍,36.15,36.9,36.0,36.5,244,35,55,0,-1,0.0,0.0,0.0,多
2026-06-16,2740,天蔥,27.4,27.4,24.85,25.6,28,0,1,0,0,0.0,0.0,0.0,空
2026-06-16,2740,華軒,27.4,27.4,24.85,25.6,28,0,1,0,0,0.0,0.0,0.0,空
2026-06-16,2741,老四川,20.84,21.0,20.3,20.9,22,0,0,0,0,0.0,0.0,0.0,多
2026-06-16,2743,山富,66.9,67.1,66.4,66.6,57,0,4,0,0,0.0,0.0,0.0,空
2026-06-16,2745,五福,106.5,106.5,105.0,105.0,159,0,-23,0,0,0.0,0.0,0.0,多
2026-06-16,2748,雲品,40.7,40.7,40.3,40.45,138,13,31,0,0,0.0,0.0,0.0,多
2026-06-16,2751,王座,52.7,52.8,52.2,52.2,6,0,-1,0,0,0.0,0.0,0.0,多
2026-06-16,2752,豆府,180.0,180.5,180.0,180.5,3,0,0,0,0,0.0,0.0,0.0,多
2026-06-16,2753,八方雲集,189.0,189.5,186.0,188.0,371,75,145,0,0,0.0,0.0,0.0,多
2026-06-16,2754,亞洲藏壽司,67.5,67.5,67.1,67.3,26,0,1,0,0,0.0,0.0,0.0,空
2026-06-16,2755,揚秦,138.0,138.0,135.5,136.0,37,0,-7,0,0,0.0,0.0,0.0,多
2026-06-16,2756,聯發國際,60.6,60.6,58.6,58.9,39,0,-4,0,0,0.0,0.0,0.0,多
2026-06-16,2758,路易莎咖啡,66.83,68.3,65.9,67.6,16,0,0,0,0,0.0,0.0,0.0,多
2026-06-16,2760,巨宇翔,17.4,17.4,16.55,17.4,1,0,0,0,0,0.0,0.0,0.0,多
2026-06-16,2761,橘焱胡同,14.91,15.3,14.8,15.2,27,0,0,0,0,0.0,0.0,0.0,多
2026-06-16,2762,世界健身-KY,88.1,88.1,86.8,87.1,61,3,3,0,-2,0.0,0.0,0.0,空
2026-06-16,2801,彰銀,22.75,22.9,22.6,22.8,21365,5792,6658,1294,246,0.0,0.0,0.0,多
2026-06-16,2812,台中銀,19.7,19.9,19.55,19.75,20585,2501,10134,629,98,0.0,0.0,0.0,多
2026-06-16,2816,旺旺保,32.75,33.5,32.55,32.65,600,73,-26,0,1,0.0,0.0,0.0,空
2026-06-16,2820,華票,17.8,17.95,17.75,17.85,3486,151,2541,0,-6,0.0,0.0,0.0,多
2026-06-16,2832,台產,53.9,54.8,53.5,54.5,500,53,321,0,-25,0.0,0.0,0.0,空
2026-06-16,2834,臺企銀,17.5,17.6,17.35,17.5,30202,4202,12334,639,148,0.0,0.0,0.0,多
2026-06-16,2836,高雄銀,12.25,12.3,12.15,12.25,1590,483,87,0,-10,0.0,0.0,0.0,多
2026-06-16,2838,聯邦銀,21.9,22.3,21.8,22.05,2315,720,952,0,42,0.0,0.0,0.0,多
2026-06-16,2845,遠東銀,12.9,13.05,12.8,12.95,21673,5089,3718,7938,-3,0.0,0.0,0.0,多
2026-06-16,2849,安泰銀,14.4,14.55,14.35,14.55,199,27,116,0,0,0.0,0.0,0.0,多
2026-06-16,2850,新產,140.5,144.5,137.0,138.5,3648,767,1242,-110,-45,0.0,0.0,0.0,空
2026-06-16,2851,中再保,38.55,40.2,38.5,39.75,6064,1088,1847,0,-54,0.0,0.0,0.0,多
2026-06-16,2852,第一保,27.9,28.0,27.75,27.85,2294,304,5,-1,-4,0.0,0.0,0.0,多
2026-06-16,2855,統一證,52.2,52.9,51.5,52.6,9952,2653,-731,594,0,0.0,0.0,0.0,空
2026-06-16,2867,三商壽,8.41,8.62,8.39,8.53,37912,5290,5768,0,-193,0.0,0.0,0.0,多
2026-06-16,2880,華南金,36.7,37.6,36.55,37.45,27840,5277,10929,-3017,74,0.0,0.0,0.0,多
2026-06-16,2881,富邦金,128.5,132.5,127.5,132.0,40287,17150,4720,4112,108,0.0,0.0,0.0,多
2026-06-16,2882,國泰金,104.5,109.5,104.0,109.5,54388,20537,-147,7719,1138,0.0,0.0,0.0,多
2026-06-16,2883,凱基金,29.0,30.2,28.75,29.7,127013,41175,18823,8044,1455,0.0,0.0,0.0,多
2026-06-16,2884,玉山金,34.7,35.35,34.45,35.2,59663,9145,32521,701,279,0.0,0.0,0.0,多
2026-06-16,2885,元大金,65.6,66.5,64.8,65.4,26712,4273,4277,-2950,66,0.0,0.0,0.0,多
2026-06-16,2886,兆豐金,43.85,44.85,43.5,44.5,21732,4320,4077,697,270,0.0,0.0,0.0,多
2026-06-16,2887,台新新光金,31.8,32.6,31.65,32.3,109048,38269,20774,7531,-1011,0.0,0.0,0.0,多
2026-06-16,2889,國票金,15.05,15.2,15.0,15.1,9157,1329,4933,0,-1,0.0,0.0,0.0,多
2026-06-16,2890,永豐金,35.45,35.65,35.2,35.3,46626,12259,13679,-1374,-11,0.0,0.0,0.0,多
2026-06-16,2891,中信金,70.4,71.7,69.6,70.8,40981,10134,3764,2182,-343,0.0,0.0,0.0,多
2026-06-16,2892,第一金,31.3,31.8,31.25,31.8,50858,13326,5557,18825,200,0.0,0.0,0.0,多
2026-06-16,2897,王道銀行,10.55,10.55,10.45,10.5,7635,1019,4443,0,-5,0.0,0.0,0.0,多
2026-06-16,2901,欣欣,23.65,24.35,23.55,23.8,23,11,6,0,-1,0.0,0.0,0.0,多
2026-06-16,2903,遠百,24.2,24.3,23.85,24.05,3091,930,-188,274,106,0.0,0.0,0.0,多
2026-06-16,2904,匯僑,14.05,14.25,14.05,14.15,27,4,5,0,0,0.0,0.0,0.0,多
2026-06-16,2905,三商,15.4,15.6,15.25,15.3,1415,205,332,0,-3,0.0,0.0,0.0,多
2026-06-16,2906,高林,13.15,13.15,12.9,12.95,137,15,6,0,-5,0.0,0.0,0.0,多
2026-06-16,2908,特力,21.5,21.5,20.9,21.2,146,17,4,0,-15,0.0,0.0,0.0,空
2026-06-16,2910,統領,22.05,24.4,22.0,23.65,44,8,3,0,0,0.0,0.0,0.0,多
2026-06-16,2911,麗嬰房,8.2,8.2,7.93,7.95,429,104,123,0,-2,0.0,0.0,0.0,空
2026-06-16,2912,統一超,230.0,230.5,227.5,228.0,2416,454,-960,1099,4,0.0,0.0,0.0,多
2026-06-16,2913,農林,11.15,11.25,11.05,11.1,2403,364,284,0,6,0.0,0.0,0.0,多
2026-06-16,2915,潤泰全,53.7,54.0,51.9,52.2,6188,1502,-1194,-8,-3,0.0,0.0,0.0,多
2026-06-16,2916,滿心,42.0,42.05,41.95,42.0,37,0,-11,0,0,0.0,0.0,0.0,空
2026-06-16,2923,鼎固-KY,26.35,27.0,25.55,25.75,252,0,114,0,8,0.0,0.0,0.0,多
2026-06-16,2924,宏太-KY,17.35,17.35,17.35,17.35,1,0,-1,0,0,0.0,0.0,0.0,空
2026-06-16,2926,誠品生活,36.0,37.35,35.1,35.1,18,0,2,0,0,0.0,0.0,0.0,多
2026-06-16,2929,淘帝-KY,5.85,5.85,5.73,5.78,163,33,-32,0,-1,0.0,0.0,0.0,空
2026-06-16,2937,集雅社,48.35,48.4,47.3,48.0,21,0,2,0,-1,0.0,0.0,0.0,多
2026-06-16,2938,床的世界,22.67,23.0,22.4,22.7,15,0,1,0,0,0.0,0.0,0.0,空
2026-06-16,2939,永邑-KY,21.45,22.0,21.25,22.0,15,6,0,0,0,0.0,0.0,0.0,多
2026-06-16,2940,歐都納,24.8,24.65,24.4,24.65,2,0,0,0,0,0.0,0.0,0.0,多
2026-06-16,2941,米斯特,33.1,34.2,33.05,34.2,13,0,0,0,0,0.0,0.0,0.0,多
2026-06-16,2942,京站,38.08,38.8,38.0,38.0,1,0,0,0,0,0.0,0.0,0.0,多
2026-06-16,2945,三商家購,43.0,43.7,42.95,43.4,36,0,7,0,-1,0.0,0.0,0.0,多
2026-06-16,2947,振宇五金,76.6,76.9,76.3,76.9,55,0,1,0,0,0.0,0.0,0.0,多
2026-06-16,2948,寶陞,0.0,0.0,0.0,0.0,0,0,0,0,0,0.0,0.0,0.0,空
2026-06-16,2949,欣新網,65.7,69.0,65.2,65.2,16,0,0,0,0,0.0,0.0,0.0,空
2026-06-16,3002,歐格,19.9,19.9,19.0,19.0,342,41,-128,0,0,0.0,0.0,0.0,多
2026-06-16,3003,健和興,64.2,68.2,63.2,67.4,4818,1938,682,0,15,0.0,0.0,0.0,多
2026-06-16,3004,豐達科,138.0,138.0,130.5,133.0,727,149,-32,0,-9,0.0,0.0,0.0,多
2026-06-16,3005,神基,104.5,105.0,101.0,101.5,5191,1211,-1871,-1,-102,0.0,0.0,0.0,空
2026-06-16,3006,晶豪科,227.0,233.5,221.0,224.5,11455,6744,1045,0,81,0.0,0.0,0.0,空
2026-06-16,3008,大立光,4480.0,4860.0,4450.0,4860.0,3306,1295,-215,55,84,0.0,0.0,0.0,多
2026-06-16,3010,華立,134.0,135.0,128.5,129.5,1960,546,-156,-843,1,0.0,0.0,0.0,空
2026-06-16,3011,今皓,15.0,15.25,14.5,14.55,1111,412,-142,0,0,0.0,0.0,0.0,多
2026-06-16,3013,晟銘電,113.0,113.5,110.5,110.5,1886,639,-210,0,-31,0.0,0.0,0.0,空
2026-06-16,3014,聯陽,152.0,156.0,148.5,150.0,2292,869,-196,-2,-3,0.0,0.0,0.0,空
2026-06-16,3015,全漢,59.4,60.3,57.0,57.0,1532,213,-207,-34,-1,0.0,0.0,0.0,空
2026-06-16,3016,嘉晶,125.5,134.5,119.0,119.5,29035,17540,-4446,0,47,0.0,0.0,0.0,空
2026-06-16,3017,奇鋐,2455.0,2470.0,2370.0,2370.0,3025,943,41,-736,26,0.0,0.0,0.0,空
2026-06-16,3018,隆銘綠能,11.55,11.55,11.5,11.55,8,0,0,0,0,0.0,0.0,0.0,多
2026-06-16,3019,亞光,159.5,167.5,156.5,164.0,30283,15231,3171,0,1255,0.0,0.0,0.0,多
2026-06-16,3021,鴻名,32.65,32.65,31.45,31.65,327,0,-9,0,-3,0.0,0.0,0.0,空
2026-06-16,3022,威強電,85.8,86.0,82.6,82.6,1737,599,189,0,5,0.0,0.0,0.0,多
2026-06-16,3023,信邦,320.0,323.0,312.0,313.0,1198,315,-28,-28,4,0.0,0.0,0.0,空
2026-06-16,3024,憶聲,12.5,12.5,12.1,12.15,1204,259,-342,0,0,0.0,0.0,0.0,空
2026-06-16,3025,星通,74.8,74.9,70.0,70.2,1302,355,-378,0,-3,0.0,0.0,0.0,空
2026-06-16,3026,禾伸堂,882.0,915.0,785.0,815.0,19549,8011,-3729,633,-78,0.0,0.0,0.0,多
2026-06-16,3027,盛達,21.55,21.55,20.7,20.7,491,128,-59,0,0,0.0,0.0,0.0,多
2026-06-16,3028,增你強,76.6,77.7,74.8,74.8,3712,1274,-778,0,0,0.0,0.0,0.0,空
2026-06-16,3029,零壹,104.5,105.0,101.0,102.0,1585,327,-285,-5,-3,0.0,0.0,0.0,空
2026-06-16,3030,德律,341.0,344.5,330.0,330.5,1775,630,-161,0,-20,0.0,0.0,0.0,空
2026-06-16,3031,佰鴻,29.1,29.35,28.15,28.25,1074,304,-350,0,0,0.0,0.0,0.0,空
2026-06-16,3032,偉訓,85.5,86.1,83.6,84.0,786,253,-105,0,-8,0.0,0.0,0.0,空
2026-06-16,3033,威健,49.9,49.9,48.7,48.8,5422,1336,678,-7,-100,0.0,0.0,0.0,空
2026-06-16,3034,聯詠,498.0,504.0,493.0,500.0,3171,846,435,94,10,0.0,0.0,0.0,空
2026-06-16,3035,智原,202.0,206.0,198.5,201.0,10273,3448,156,0,44,0.0,0.0,0.0,空
2026-06-16,3036,文曄,227.0,229.0,218.0,219.0,10161,2435,-2182,-404,-4,0.0,0.0,0.0,空
2026-06-16,3037,欣興,986.0,1005.0,965.0,981.0,20022,9835,1047,-754,265,0.0,0.0,0.0,空
2026-06-16,3038,全台,23.3,23.3,22.75,22.85,191,21,-55,0,6,0.0,0.0,0.0,空
2026-06-16,3040,遠見,38.35,38.5,38.05,38.4,157,38,16,0,0,0.0,0.0,0.0,多
2026-06-16,3041,揚智,28.0,28.3,26.4,26.4,5542,2071,798,0,-17,0.0,0.0,0.0,多
2026-06-16,3042,晶技,240.5,247.0,222.0,229.0,39929,15105,-4842,-90,-570,0.0,0.0,0.0,多
2026-06-16,3043,科風,22.75,24.3,22.45,23.85,655,179,37,0,1,0.0,0.0,0.0,多
2026-06-16,3044,健鼎,532.0,558.0,529.0,546.0,7309,2512,2445,57,51,0.0,0.0,0.0,多
2026-06-16,3045,台灣大,119.5,121.5,119.5,120.5,10988,1689,4239,287,-523,0.0,0.0,0.0,多
2026-06-16,3046,建碁,57.8,58.0,56.6,57.0,299,28,-73,0,-3,0.0,0.0,0.0,空
2026-06-16,3047,訊舟,16.0,16.1,15.4,15.4,981,180,-208,0,-6,0.0,0.0,0.0,空
2026-06-16,3048,益登,74.2,75.0,71.1,71.1,10550,5024,-491,0,-147,0.0,0.0,0.0,空
2026-06-16,3049,精金,14.95,15.45,14.15,14.15,9977,0,-1312,0,-28,0.0,0.0,0.0,空
2026-06-16,3050,鈺德,13.35,13.35,12.8,12.8,1113,294,-453,0,0,0.0,0.0,0.0,多
2026-06-16,3051,力特,27.8,27.8,26.6,26.6,1420,172,-418,0,-6,0.0,0.0,0.0,空
2026-06-16,3052,夆典,10.9,10.9,10.8,10.85,172,46,-30,0,-2,0.0,0.0,0.0,多
2026-06-16,3054,立萬利,67.6,69.0,67.6,67.7,111,21,10,0,1,0.0,0.0,0.0,空
2026-06-16,3055,蔚華科,85.2,87.4,83.2,85.1,1485,578,-370,0,4,0.0,0.0,0.0,空
2026-06-16,3056,富華新,15.35,15.55,15.0,15.05,2136,409,-357,0,0,0.0,0.0,0.0,多
2026-06-16,3057,喬鼎,20.05,20.15,19.75,19.75,155,0,12,0,0,0.0,0.0,0.0,空
2026-06-16,3058,立德,9.75,9.75,9.27,9.27,703,0,-177,0,1,0.0,0.0,0.0,多
2026-06-16,3059,華晶科,47.85,49.0,46.6,47.65,8803,4309,406,0,126,0.0,0.0,0.0,空
2026-06-16,3060,銘異,33.75,35.45,33.4,33.9,9955,4982,1033,0,-3,0.0,0.0,0.0,多
2026-06-16,3062,建漢,26.3,26.3,25.1,25.15,4983,1022,-1822,0,-88,0.0,0.0,0.0,空
2026-06-16,3064,泰偉,18.0,19.2,18.0,19.2,8,0,0,0,0,0.0,0.0,0.0,多
2026-06-16,3066,李洲,20.7,20.85,20.35,20.35,160,0,4,0,0,0.0,0.0,0.0,空
2026-06-16,3067,全域,19.0,19.0,19.0,19.0,5,0,0,0,0,0.0,0.0,0.0,空
2026-06-16,3071,協禧,33.55,33.65,32.45,32.6,634,0,-104,0,0,0.0,0.0,0.0,空
2026-06-16,3073,天方能源,21.0,21.0,20.15,20.4,97,0,-15,0,0,0.0,0.0,0.0,多
2026-06-16,3078,僑威,56.0,56.0,55.2,55.5,493,0,-87,0,-2,0.0,0.0,0.0,空
2026-06-16,3081,聯亞,2385.0,2465.0,2250.0,2280.0,2314,0,-289,7,4,0.0,0.0,0.0,空
2026-06-16,3083,網龍,29.7,30.65,28.9,29.4,1093,0,-52,0,0,0.0,0.0,0.0,多
2026-06-16,3085,新零售,12.2,12.5,12.2,12.5,2,0,0,0,0,0.0,0.0,0.0,空
2026-06-16,3086,華義*,37.35,38.2,36.2,36.5,427,0,-17,0,9,0.0,0.0,0.0,多
2026-06-16,3088,艾訊,141.0,141.0,133.5,136.5,1621,0,-190,0,-14,0.0,0.0,0.0,空
2026-06-16,3090,日電貿,286.5,309.0,274.0,275.0,36150,22956,-801,1505,-207,0.0,0.0,0.0,多
2026-06-16,3092,鴻碩,30.5,30.55,29.0,29.3,485,186,60,0,-25,0.0,0.0,0.0,空
2026-06-16,3093,港建*,64.8,66.2,62.4,64.0,1971,0,-227,0,0,0.0,0.0,0.0,多
2026-06-16,3094,聯傑,36.8,37.4,35.0,36.15,5594,1755,22,0,-66,0.0,0.0,0.0,空
2026-06-16,3095,及成,38.8,38.8,37.8,38.6,20,0,-2,0,0,0.0,0.0,0.0,空
2026-06-16,3097,拍檔,25.13,26.2,26.0,26.2,10,0,0,0,0,0.0,0.0,0.0,空
2026-06-16,3105,穩懋,515.0,525.0,493.0,493.0,21684,0,-2551,-499,44,0.0,0.0,0.0,空
2026-06-16,3114,好德,44.0,44.0,42.3,42.7,517,0,23,0,24,0.0,0.0,0.0,多
2026-06-16,3115,富榮綱,0.0,0.0,0.0,0.0,0,0,0,0,0,0.0,0.0,0.0,空
2026-06-16,3117,年程,27.86,28.3,24.2,26.0,467,0,-115,0,0,0.0,0.0,0.0,空
2026-06-16,3118,進階,31.05,31.35,31.0,31.3,34,0,1,0,0,0.0,0.0,0.0,空
2026-06-16,3122,笙泉,31.9,31.9,30.4,30.9,267,0,-36,0,0,0.0,0.0,0.0,空
2026-06-16,3128,昇銳,24.45,24.6,23.75,23.9,155,0,-57,0,0,0.0,0.0,0.0,空
2026-06-16,3130,一零四,226.5,226.5,225.0,225.5,29,4,-11,0,-1,0.0,0.0,0.0,多
2026-06-16,3131,弘塑,3295.0,3320.0,3230.0,3315.0,318,0,42,0,0,0.0,0.0,0.0,多
2026-06-16,3135,凌航,199.5,201.0,193.0,193.0,2037,850,-234,0,3,0.0,0.0,0.0,空
2026-06-16,3138,耀登,141.5,143.5,136.0,136.0,763,201,-5,0,-6,0.0,0.0,0.0,空
2026-06-16,3141,晶宏,73.0,73.8,70.7,71.3,813,0,-80,0,-2,0.0,0.0,0.0,空
2026-06-16,3147,大綜,339.0,350.0,335.5,350.0,530,0,129,0,0,0.0,0.0,0.0,多
2026-06-16,3149,正達,90.0,90.0,87.7,88.0,3425,0,220,0,-1,0.0,0.0,0.0,空
2026-06-16,3150,鈺寶-創,18.4,18.65,18.3,18.5,78,9,8,0,3,0.0,0.0,0.0,空
2026-06-16,3152,璟德,222.0,231.5,212.0,214.5,2160,0,171,0,-124,0.0,0.0,0.0,多
2026-06-16,3158,嘉實,83.9,84.5,83.6,84.5,14,0,0,0,0,0.0,0.0,0.0,多
2026-06-16,3162,精確,85.3,85.7,83.5,83.6,1334,0,-150,0,-8,0.0,0.0,0.0,空
2026-06-16,3163,波若威,871.0,917.0,868.0,876.0,4643,0,-123,-27,25,0.0,0.0,0.0,空
2026-06-16,3164,景岳,16.4,16.5,16.25,16.4,50,3,-11,0,0,0.0,0.0,0.0,多
2026-06-16,3167,大量,835.0,845.0,767.0,800.0,5850,3136,177,-682,9,0.0,0.0,0.0,空
2026-06-16,3168,眾福科,49.6,49.85,48.65,48.65,113,8,10,0,-1,0.0,0.0,0.0,空
2026-06-16,3169,亞信,113.0,113.0,107.0,107.0,174,0,-74,0,0,0.0,0.0,0.0,空
2026-06-16,3171,新洲,71.3,73.6,71.3,71.5,36,0,-2,0,0,0.0,0.0,0.0,空
2026-06-16,3171,炎洲流通,71.3,73.6,71.3,71.5,36,0,-2,0,0,0.0,0.0,0.0,空
2026-06-16,3176,基亞,33.8,34.0,32.9,33.3,527,0,37,0,0,0.0,0.0,0.0,空
2026-06-16,3178,公準,66.0,66.2,63.3,63.3,83,0,-12,0,0,0.0,0.0,0.0,空
2026-06-16,3184,微邦,17.87,18.05,16.0,17.1,901,0,4,0,0,0.0,0.0,0.0,空
2026-06-16,3188,鑫龍騰,24.45,24.6,24.35,24.45,275,0,-31,0,0,0.0,0.0,0.0,多
2026-06-16,3189,景碩,660.0,688.0,637.0,642.0,26698,13669,-2196,-463,525,0.0,0.0,0.0,空
2026-06-16,3191,雲嘉南,19.9,19.9,19.05,19.05,106,0,-4,0,0,0.0,0.0,0.0,空
2026-06-16,3205,佰研,53.7,54.5,52.7,52.8,229,0,-18,0,0,0.0,0.0,0.0,多
2026-06-16,3206,志豐,38.4,38.45,37.75,37.8,86,0,-9,0,0,0.0,0.0,0.0,空
2026-06-16,3207,耀勝,69.2,71.4,65.5,67.0,2238,0,-361,0,-6,0.0,0.0,0.0,多
2026-06-16,3209,全科,61.8,62.6,60.5,60.6,1756,454,-298,-2,-5,0.0,0.0,0.0,空
2026-06-16,3211,順達,434.0,453.0,432.5,437.5,8501,0,714,718,130,0.0,0.0,0.0,空
2026-06-16,3213,茂訊,138.0,138.0,134.0,135.0,814,0,-149,0,-3,0.0,0.0,0.0,多
2026-06-16,3217,優群,170.5,171.0,166.5,167.0,902,0,-506,0,-5,0.0,0.0,0.0,空
2026-06-16,3218,大學光,138.0,138.0,132.0,133.0,373,0,-142,-1,0,0.0,0.0,0.0,多
2026-06-16,3219,倚強股份,75.2,75.2,72.1,72.4,227,0,-16,0,-11,0.0,0.0,0.0,空
2026-06-16,3219,倚強科,75.2,75.2,72.1,72.4,227,0,-16,0,-11,0.0,0.0,0.0,空
2026-06-16,3221,台嘉碩,64.4,64.4,59.6,59.8,13068,0,-2015,0,-5,0.0,0.0,0.0,空
2026-06-16,3224,三顧,37.8,38.25,37.45,37.9,78,0,-8,0,0,0.0,0.0,0.0,多
2026-06-16,3226,龍鋒,48.1,49.6,48.1,48.9,17,0,0,0,0,0.0,0.0,0.0,多
2026-06-16,3227,原相,219.0,219.0,214.5,215.5,603,0,-25,0,-7,0.0,0.0,0.0,空
2026-06-16,3228,金麗科,184.5,194.0,179.5,193.0,1416,0,-165,0,33,0.0,0.0,0.0,空
2026-06-16,3229,晟鈦,45.95,48.35,44.65,44.65,706,0,-54,0,-5,0.0,0.0,0.0,空
2026-06-16,3230,錦明,29.4,29.55,28.75,28.75,445,0,119,0,0,0.0,0.0,0.0,多
2026-06-16,3231,緯創,162.0,162.0,158.0,158.0,31462,9436,-9014,-20,-121,0.0,0.0,0.0,空
2026-06-16,3232,昱捷,23.25,23.25,22.4,22.65,84,0,-2,0,0,0.0,0.0,0.0,空
2026-06-16,3234,光環,122.0,128.5,120.0,122.5,2935,0,-845,0,0,0.0,0.0,0.0,空
2026-06-16,3236,千如,72.0,73.0,65.0,65.8,34110,0,-541,0,-92,0.0,0.0,0.0,多
2026-06-16,3252,海灣,17.9,17.9,17.75,17.75,17,0,0,0,0,0.0,0.0,0.0,多
2026-06-16,3257,虹冠電,56.9,56.9,54.6,55.1,247,36,-96,0,0,0.0,0.0,0.0,空
2026-06-16,3259,鑫創,17.85,17.85,16.65,16.65,72,0,-9,0,0,0.0,0.0,0.0,多
2026-06-16,3260,威剛,430.0,434.0,417.0,417.0,14239,0,-1474,-1,21,0.0,0.0,0.0,空
2026-06-16,3264,欣銓,233.0,233.5,219.5,220.0,4014,0,-1093,-51,-82,0.0,0.0,0.0,空
2026-06-16,3265,台星科,179.0,179.0,171.0,172.0,821,0,-275,16,-10,0.0,0.0,0.0,空
2026-06-16,3266,昇陽,13.5,13.55,13.4,13.5,97,14,12,0,4,0.0,0.0,0.0,多
2026-06-16,3268,海德威,19.85,21.6,19.85,21.6,1169,0,174,0,0,0.0,0.0,0.0,多
2026-06-16,3272,東碩,17.1,17.1,16.5,16.8,79,0,-7,0,0,0.0,0.0,0.0,空
2026-06-16,3276,宇環,15.35,15.55,15.2,15.4,336,0,-24,0,0,0.0,0.0,0.0,多
2026-06-16,3284,太普高,20.7,20.7,19.8,20.2,449,0,-70,0,-2,0.0,0.0,0.0,多
2026-06-16,3285,微端,48.05,48.05,41.85,46.0,1838,0,21,0,-211,0.0,0.0,0.0,多
2026-06-16,3287,廣寰科,35.05,35.05,33.8,33.8,199,0,-27,0,0,0.0,0.0,0.0,空
2026-06-16,3288,點晶,23.9,23.9,21.5,22.35,65,0,0,0,0,0.0,0.0,0.0,多
2026-06-16,3289,宜特,172.0,175.0,168.5,169.5,3058,0,-8,0,100,0.0,0.0,0.0,空
2026-06-16,3290,東浦,62.4,66.2,60.2,66.0,3966,0,11,0,93,0.0,0.0,0.0,多
2026-06-16,3293,鈊象,757.0,772.0,754.0,772.0,1702,0,663,-171,32,0.0,0.0,0.0,空
2026-06-16,3294,英濟,41.0,41.1,38.15,38.15,2407,0,-411,0,2,0.0,0.0,0.0,空
2026-06-16,3296,勝德,25.2,25.25,24.65,24.65,201,33,-35,0,1,0.0,0.0,0.0,多
2026-06-16,3297,杭特,31.5,31.5,30.75,31.0,69,0,-10,0,0,0.0,0.0,0.0,空
2026-06-16,3303,岱稜,62.6,62.9,59.7,59.7,3711,0,207,0,13,0.0,0.0,0.0,多
2026-06-16,3305,昇貿,145.0,146.5,140.0,140.5,2987,1030,545,0,-93,0.0,0.0,0.0,空
2026-06-16,3306,鼎天,47.95,48.0,47.1,47.5,171,0,-14,0,0,0.0,0.0,0.0,空
2026-06-16,3308,聯德,21.45,21.45,20.4,20.55,103,20,-22,0,0,0.0,0.0,0.0,空
2026-06-16,3310,佳穎,66.1,66.1,64.1,65.7,65,0,-20,0,0,0.0,0.0,0.0,空
2026-06-16,3311,閎暉,41.3,41.3,39.4,39.95,2677,1016,226,0,0,0.0,0.0,0.0,多
2026-06-16,3312,弘憶股,58.0,58.2,55.9,56.0,3122,915,309,0,-2,0.0,0.0,0.0,空
2026-06-16,3313,斐成,11.8,11.8,11.55,11.6,181,0,-32,0,0,0.0,0.0,0.0,多
2026-06-16,3317,尼克森,80.2,81.0,75.9,77.4,3368,0,-756,0,-2,0.0,0.0,0.0,空
2026-06-16,3321,同泰,22.6,23.35,21.65,22.25,1992,0,-47,0,56,0.0,0.0,0.0,多
2026-06-16,3322,建舜電,15.5,15.8,14.3,14.5,2201,0,-159,0,0,0.0,0.0,0.0,多
2026-06-16,3323,加百裕,35.5,35.95,35.15,35.55,1016,0,81,0,-2,0.0,0.0,0.0,空
2026-06-16,3324,雙鴻,1070.0,1075.0,1050.0,1050.0,1283,0,18,0,38,0.0,0.0,0.0,空
2026-06-16,3325,旭品,12.55,12.55,12.3,12.3,146,0,-5,0,0,0.0,0.0,0.0,空
2026-06-16,3332,幸康,66.6,66.6,62.0,63.1,49,0,-2,0,0,0.0,0.0,0.0,空
2026-06-16,3338,泰碩,76.0,76.6,73.5,73.8,810,219,-108,0,0,0.0,0.0,0.0,空
2026-06-16,3339,泰谷,46.0,49.5,45.5,49.5,6809,0,110,0,0,0.0,0.0,0.0,多
2026-06-16,3346,麗清,25.45,25.45,24.5,24.75,462,0,-78,0,-3,0.0,0.0,0.0,多
2026-06-16,3349,寶德,18.1,18.25,17.55,18.25,174,0,-88,0,0,0.0,0.0,0.0,多
2026-06-16,3354,律勝,28.55,28.7,27.6,27.6,391,0,20,0,0,0.0,0.0,0.0,空
2026-06-16,3356,奇偶,59.5,60.1,57.4,58.2,663,149,-250,0,-2,0.0,0.0,0.0,空
2026-06-16,3357,臺慶科,335.5,341.5,301.0,301.0,14965,0,-2454,0,-167,0.0,0.0,0.0,空
2026-06-16,3360,尚立,15.4,16.15,14.85,15.3,1527,0,437,0,0,0.0,0.0,0.0,多
2026-06-16,3362,先進光,184.5,194.0,178.0,194.0,14495,0,-742,0,51,0.0,0.0,0.0,多
2026-06-16,3363,上詮,710.0,739.0,698.0,707.0,2554,0,-123,0,0,0.0,0.0,0.0,空
2026-06-16,3372,典範,20.85,20.85,19.9,19.9,698,0,-43,0,0,0.0,0.0,0.0,空
2026-06-16,3373,熱映,16.95,16.95,16.7,16.75,57,0,-13,0,0,0.0,0.0,0.0,多
2026-06-16,3374,精材,245.5,245.5,232.5,234.5,4031,0,48,-300,-46,0.0,0.0,0.0,空
2026-06-16,3376,新日興,204.5,205.5,199.0,200.0,4745,1122,-2044,0,-169,0.0,0.0,0.0,空
2026-06-16,3379,彬台,36.6,36.6,35.4,35.4,155,0,-24,0,0,0.0,0.0,0.0,空
2026-06-16,3380,明泰,35.5,35.6,34.2,34.35,2356,559,-953,0,-21,0.0,0.0,0.0,空
2026-06-16,3388,崇越電,95.0,95.0,90.1,90.2,356,0,-41,0,0,0.0,0.0,0.0,空
2026-06-16,3390,旭軟,30.1,30.1,28.2,28.3,1427,0,-59,0,0,0.0,0.0,0.0,空
2026-06-16,3402,漢科,149.0,149.0,140.0,140.0,1065,0,-419,0,10,0.0,0.0,0.0,空
2026-06-16,3406,玉晶光,731.0,770.0,729.0,744.0,7746,4443,-181,-168,92,0.0,0.0,0.0,多
2026-06-16,3413,京鼎,323.0,327.0,318.0,326.5,1824,516,457,0,-22,0.0,0.0,0.0,多
2026-06-16,3416,融程電,178.0,178.0,173.5,173.5,173,27,-31,0,-1,0.0,0.0,0.0,空
2026-06-16,3419,譁裕,14.35,14.4,14.1,14.25,237,0,-21,0,1,0.0,0.0,0.0,多
2026-06-16,3430,奇鈦科,129.0,131.5,126.0,129.0,626,0,97,0,0,0.0,0.0,0.0,空
2026-06-16,3432,台端,18.45,18.8,18.0,18.0,69,0,0,0,0,0.0,0.0,0.0,空
2026-06-16,3434,哲固,30.1,30.1,29.75,29.8,127,0,-21,0,0,0.0,0.0,0.0,空
2026-06-16,3437,榮創,21.7,21.75,21.3,21.3,864,215,-110,0,1,0.0,0.0,0.0,空
2026-06-16,3438,類比科,68.1,69.5,65.6,65.6,220,0,-1,0,0,0.0,0.0,0.0,空
2026-06-16,3441,聯一光,73.4,81.0,73.2,81.0,13278,0,738,0,14,0.0,0.0,0.0,多
2026-06-16,3443,創意,5055.0,5055.0,4845.0,4920.0,3257,1193,-421,117,37,0.0,0.0,0.0,空
2026-06-16,3444,利機,92.7,92.7,88.1,88.6,437,0,-4,0,0,0.0,0.0,0.0,空
2026-06-16,3447,展達,40.4,40.65,38.7,39.0,218,39,-62,0,0,0.0,0.0,0.0,空
2026-06-16,3450,聯鈞,518.0,542.0,498.0,499.5,11639,4813,-1201,0,-63,0.0,0.0,0.0,空
2026-06-16,3455,由田,260.0,260.5,235.0,237.0,4251,0,-755,0,-15,0.0,0.0,0.0,空
2026-06-16,3465,進泰電子,30.55,31.4,30.0,30.0,36,0,-20,0,0,0.0,0.0,0.0,多
2026-06-16,3466,德晉,31.05,33.75,30.9,33.55,1213,0,39,0,0,0.0,0.0,0.0,多
2026-06-16,3467,台灣精材,67.1,67.1,63.9,64.0,141,0,19,0,-1,0.0,0.0,0.0,空
2026-06-16,3473,智通聯網,88.97,90.5,88.3,90.0,16,0,0,0,0,0.0,0.0,0.0,多
2026-06-16,3479,安勤,132.0,132.5,126.0,126.0,1134,0,52,0,-4,0.0,0.0,0.0,空
2026-06-16,3481,群創,53.3,55.0,52.0,53.3,140022,0,-12261,327,3830,0.0,0.0,0.0,空
2026-06-16,3483,力致,92.2,92.8,90.6,90.6,421,0,-73,0,-8,0.0,0.0,0.0,空
2026-06-16,3484,崧騰,47.2,49.3,47.2,47.55,1113,0,283,0,0,0.0,0.0,0.0,多
2026-06-16,3485,敘豐,330.0,332.0,310.0,316.0,579,0,-104,0,1,0.0,0.0,0.0,空
2026-06-16,3489,森寶,22.8,23.1,22.8,23.0,115,0,34,0,0,0.0,0.0,0.0,多
2026-06-16,3490,單井,33.95,33.95,32.85,32.85,787,0,-165,0,0,0.0,0.0,0.0,空
2026-06-16,3491,昇達科,1595.0,1670.0,1560.0,1570.0,2949,0,210,-87,-23,0.0,0.0,0.0,空
2026-06-16,3492,長盛,22.9,23.15,22.55,22.6,67,0,14,0,0,0.0,0.0,0.0,空
2026-06-16,3494,誠研,8.14,8.14,8.0,8.1,97,0,11,0,-3,0.0,0.0,0.0,多
2026-06-16,3498,陽程,129.0,130.5,119.5,120.5,1560,0,-183,0,-9,0.0,0.0,0.0,空
2026-06-16,3499,環天科,14.6,14.6,14.35,14.5,68,0,-12,0,0,0.0,0.0,0.0,多
2026-06-16,3501,維熹,43.25,44.95,43.0,43.2,682,106,-109,0,1,0.0,0.0,0.0,多
2026-06-16,3504,揚明光,83.5,89.8,83.5,89.4,9166,4779,811,0,-15,0.0,0.0,0.0,空
2026-06-16,3508,位速,19.25,19.25,18.35,18.45,247,0,-50,0,0,0.0,0.0,0.0,多
2026-06-16,3511,矽瑪,25.5,25.7,24.2,24.6,876,0,-188,0,0,0.0,0.0,0.0,多
2026-06-16,3512,皇龍,20.85,20.85,20.75,20.85,74,0,-14,0,0,0.0,0.0,0.0,多
2026-06-16,3515,華擎,246.0,247.5,243.5,243.5,392,64,17,0,-36,0.0,0.0,0.0,空
2026-06-16,3516,亞帝歐,28.9,29.4,25.1,26.65,942,0,28,0,-9,0.0,0.0,0.0,多
2026-06-16,3518,柏騰,28.5,28.5,27.5,27.8,487,115,-58,0,0,0.0,0.0,0.0,空
2026-06-16,3520,華盈,17.0,17.75,17.0,17.05,1621,0,-57,0,0,0.0,0.0,0.0,多
2026-06-16,3521,鴻翊,12.65,12.9,12.5,12.6,66,0,-2,0,0,0.0,0.0,0.0,多
2026-06-16,3521,台鋼建設,12.65,12.9,12.5,12.6,66,0,-2,0,0,0.0,0.0,0.0,多
2026-06-16,3522,御頂,11.45,11.6,11.4,11.5,88,0,-23,0,0,0.0,0.0,0.0,多
2026-06-16,3522,御嵿,11.45,11.6,11.4,11.5,88,0,-23,0,0,0.0,0.0,0.0,多
2026-06-16,3523,迎輝,18.9,18.9,15.85,16.0,56,0,0,0,0,0.0,0.0,0.0,空
2026-06-16,3526,凡甲,321.0,323.5,315.5,318.5,350,0,49,0,-9,0.0,0.0,0.0,空
2026-06-16,3527,聚積,66.5,71.8,66.5,68.3,2080,0,-2,0,-1,0.0,0.0,0.0,多
2026-06-16,3528,安馳,124.0,129.0,119.5,123.0,1837,742,-225,0,15,0.0,0.0,0.0,空
2026-06-16,3529,力旺,3315.0,3315.0,3170.0,3200.0,254,0,-15,27,3,0.0,0.0,0.0,空
2026-06-16,3530,晶相光,66.1,66.1,64.0,65.0,123,32,14,0,0,0.0,0.0,0.0,空
2026-06-16,3531,先益,23.1,23.1,23.1,23.1,3,0,0,0,0,0.0,0.0,0.0,多
2026-06-16,3532,台勝科,370.0,394.5,370.0,394.5,2404,658,196,146,-28,0.0,0.0,0.0,多
2026-06-16,3533,嘉澤,2315.0,2320.0,2255.0,2295.0,1240,277,384,-43,11,0.0,0.0,0.0,空
2026-06-16,3535,晶彩科,131.0,131.0,128.0,128.0,647,0,149,0,17,0.0,0.0,0.0,空
2026-06-16,3537,堡達,81.0,82.7,75.6,75.8,4423,0,-662,0,0,0.0,0.0,0.0,空
2026-06-16,3540,曜越,27.15,27.15,26.35,26.35,302,0,-118,0,0,0.0,0.0,0.0,空
2026-06-16,3541,西柏,21.8,21.85,21.7,21.7,56,0,-9,0,0,0.0,0.0,0.0,空
2026-06-16,3543,州巧,33.0,33.0,31.5,31.6,509,97,-33,0,0,0.0,0.0,0.0,空
2026-06-16,3545,敦泰,57.3,57.7,56.0,56.1,1169,318,-166,0,-7,0.0,0.0,0.0,空
2026-06-16,3546,宇峻,81.6,86.8,81.5,86.6,1408,0,357,0,60,0.0,0.0,0.0,空
2026-06-16,3548,兆利,91.6,91.8,90.0,90.0,298,0,-8,0,-2,0.0,0.0,0.0,空
2026-06-16,3550,聯穎,28.0,30.85,27.6,30.85,10939,3256,1641,0,15,0.0,0.0,0.0,多
2026-06-16,3551,世禾,205.0,205.0,199.0,200.0,488,0,28,0,2,0.0,0.0,0.0,空
2026-06-16,3552,同致,49.7,50.0,49.2,49.95,116,0,22,0,-2,0.0,0.0,0.0,空
2026-06-16,3555,博士旺,203.0,203.5,197.5,198.5,58,0,-2,0,0,0.0,0.0,0.0,空
2026-06-16,3556,禾瑞亞,75.6,75.6,73.5,74.0,675,0,-5,0,19,0.0,0.0,0.0,空
2026-06-16,3557,嘉威,28.65,28.65,26.8,27.7,251,51,-125,0,-1,0.0,0.0,0.0,多
2026-06-16,3558,神準,140.5,141.0,135.0,135.0,194,0,-6,0,0,0.0,0.0,0.0,空
2026-06-16,3563,牧德,733.0,738.0,705.0,705.0,881,260,156,-343,-13,0.0,0.0,0.0,空
2026-06-16,3564,其陽,49.45,49.45,47.4,47.55,222,0,13,0,0,0.0,0.0,0.0,空
2026-06-16,3567,逸昌,27.8,27.8,27.45,27.8,78,0,-23,0,0,0.0,0.0,0.0,空
2026-06-16,3570,大塚,182.0,182.0,179.0,179.0,57,0,1,0,0,0.0,0.0,0.0,空
2026-06-16,3576,聯合再生,20.95,20.95,18.9,19.0,59807,0,-20493,0,5,0.0,0.0,0.0,多
2026-06-16,3577,泓格,122.5,124.0,117.5,118.0,286,0,0,0,-1,0.0,0.0,0.0,空
2026-06-16,3580,友威科,99.9,102.5,96.6,98.6,1469,0,-9,0,-2,0.0,0.0,0.0,空
2026-06-16,3581,博磊,144.5,151.5,144.5,149.0,233,0,17,0,-1,0.0,0.0,0.0,空
2026-06-16,3583,辛耘,826.0,840.0,809.0,817.0,1018,540,123,0,-12,0.0,0.0,0.0,空
2026-06-16,3585,聯致,69.51,70.0,64.5,66.3,2836,0,-26,0,0,0.0,0.0,0.0,空
2026-06-16,3587,閎康,296.0,299.0,285.5,285.5,624,0,-8,0,4,0.0,0.0,0.0,空
2026-06-16,3588,通嘉,60.5,60.5,57.6,57.9,212,36,-31,0,0,0.0,0.0,0.0,空
2026-06-16,3591,艾笛森,23.55,23.7,22.65,22.65,463,171,-55,0,-1,0.0,0.0,0.0,空
2026-06-16,3592,瑞鼎,275.5,276.0,269.0,270.5,409,62,-201,-1,0,0.0,0.0,0.0,空
2026-06-16,3593,力銘,16.0,16.4,15.8,15.8,49,0,-5,0,0,0.0,0.0,0.0,空
2026-06-16,3594,磐儀,46.6,47.55,46.0,47.3,255,0,29,0,0,0.0,0.0,0.0,空
2026-06-16,3595,山太士,2313.62,2660.0,2445.0,2655.0,704,0,-16,0,0,0.0,0.0,0.0,空
2026-06-16,3596,智易,191.0,191.0,184.5,186.5,2197,770,109,332,-2,0.0,0.0,0.0,空
2026-06-16,3597,映興,27.55,27.8,27.2,27.25,44,0,-16,0,0,0.0,0.0,0.0,空
2026-06-16,3603,建祥國際,8.05,8.1,7.6,8.1,28,0,0,0,0,0.0,0.0,0.0,多
2026-06-16,3605,宏致,74.7,74.9,72.3,72.3,1166,247,-96,0,-97,0.0,0.0,0.0,空
2026-06-16,3607,谷崧,17.35,17.5,16.65,16.65,1014,287,-131,0,-4,0.0,0.0,0.0,空
2026-06-16,3609,三一東林,26.55,27.05,26.3,26.4,119,0,6,0,0,0.0,0.0,0.0,空
2026-06-16,3611,鼎翰,196.0,196.0,192.0,193.5,38,0,-3,0,0,0.0,0.0,0.0,多
2026-06-16,3615,安可,51.4,52.5,49.75,50.7,4206,0,21,0,0,0.0,0.0,0.0,空
2026-06-16,3617,碩天,217.5,217.5,209.5,211.5,305,104,-81,0,-3,0.0,0.0,0.0,空
2026-06-16,3622,洋華,56.1,56.3,55.1,55.2,196,49,-48,0,0,0.0,0.0,0.0,空
2026-06-16,3623,富晶通,23.15,23.5,22.7,22.8,130,0,-31,0,0,0.0,0.0,0.0,空
2026-06-16,3624,光頡,133.5,142.0,131.5,142.0,44330,0,213,1131,-79,0.0,0.0,0.0,多
2026-06-16,3625,西勝,15.75,16.25,15.6,15.7,528,0,63,0,0,0.0,0.0,0.0,多
2026-06-16,3628,盈正,73.6,73.7,70.3,70.3,155,0,-60,0,0,0.0,0.0,0.0,多
2026-06-16,3629,地心引力,14.8,15.0,14.8,15.0,3,0,0,0,0,0.0,0.0,0.0,多
2026-06-16,3630,新鉅科,30.6,33.55,30.05,33.55,8920,0,453,0,58,0.0,0.0,0.0,多
2026-06-16,3631,晟楠,34.45,36.7,33.75,34.95,244,0,-2,0,0,0.0,0.0,0.0,空
2026-06-16,3632,研勤,8.3,8.3,8.3,8.3,6,0,0,0,0,0.0,0.0,0.0,多
2026-06-16,3633,云光,122.44,125.5,121.5,123.5,63,0,1,0,0,0.0,0.0,0.0,空
2026-06-16,3644,凌嘉科,300.47,285.0,230.0,265.0,861,0,0,0,0,0.0,0.0,0.0,-
2026-06-16,3645,達邁,96.6,98.7,91.9,91.9,3483,1908,-366,0,-9,0.0,0.0,0.0,空
2026-06-16,3646,艾恩特,23.3,23.6,22.85,23.2,69,0,-10,0,0,0.0,0.0,0.0,空
2026-06-16,3652,精聯,36.25,38.5,36.25,36.9,776,300,75,0,-1,0.0,0.0,0.0,多
2026-06-16,3653,健策,3940.0,3950.0,3765.0,3785.0,1083,451,238,-66,-7,0.0,0.0,0.0,多
2026-06-16,3659,百辰,21.5,22.3,21.9,22.3,9,0,0,0,0,0.0,0.0,0.0,多
2026-06-16,3661,世芯-KY,4335.0,4335.0,4225.0,4315.0,1281,513,24,-35,1,0.0,0.0,0.0,空
2026-06-16,3663,鑫科,73.6,75.5,70.2,71.0,2981,0,-591,0,10,0.0,0.0,0.0,空
2026-06-16,3664,安瑞-KY,6.2,6.4,6.14,6.14,107,0,0,0,0,0.0,0.0,0.0,空
2026-06-16,3665,貿聯-KY,2265.0,2275.0,2110.0,2120.0,3023,905,293,-502,11,0.0,0.0,0.0,多
2026-06-16,3666,光耀,25.85,26.7,25.6,25.8,71,0,-4,0,0,0.0,0.0,0.0,空
2026-06-16,3669,圓展,36.35,36.55,34.4,35.0,508,100,159,0,-3,0.0,0.0,0.0,空
2026-06-16,3672,康聯訊,12.2,12.2,11.7,11.7,21,0,0,0,0,0.0,0.0,0.0,多
2026-06-16,3673,TPK-KY,80.5,81.5,78.5,78.8,13953,6831,-956,0,324,0.0,0.0,0.0,空
2026-06-16,3675,德微,319.0,328.0,313.5,320.0,1394,0,193,0,-12,0.0,0.0,0.0,空
2026-06-16,3678,聯享,50.89,51.0,48.85,49.0,99,0,-2,0,0,0.0,0.0,0.0,空
2026-06-16,3679,新至陞,113.5,113.5,111.5,112.0,117,17,-6,0,0,0.0,0.0,0.0,空
2026-06-16,3680,家登,517.0,518.0,499.5,500.0,1115,0,33,0,-55,0.0,0.0,0.0,空
2026-06-16,3684,榮昌,62.3,62.3,59.7,60.3,78,0,-15,0,0,0.0,0.0,0.0,多
2026-06-16,3685,元創精密,30.8,31.8,30.4,31.0,797,0,16,0,0,0.0,0.0,0.0,多
2026-06-16,3686,達能,17.5,17.5,17.05,17.1,232,0,-110,0,-2,0.0,0.0,0.0,多
2026-06-16,3687,歐買尬,77.3,78.7,75.6,76.8,298,0,-24,0,0,0.0,0.0,0.0,多
2026-06-16,3689,湧德,121.5,122.0,117.0,117.5,1336,0,-260,0,-9,0.0,0.0,0.0,空
2026-06-16,3691,碩禾,161.5,163.5,156.5,157.0,2171,0,-123,0,-1,0.0,0.0,0.0,空
2026-06-16,3693,營邦,525.0,529.0,499.0,499.0,588,0,-14,0,-10,0.0,0.0,0.0,空
2026-06-16,3694,海華,62.6,62.6,60.6,61.8,928,244,53,0,-2,0.0,0.0,0.0,空
2026-06-16,3701,大眾控,49.85,50.3,47.85,47.85,941,314,-244,0,0,0.0,0.0,0.0,空
2026-06-16,3702,大聯大,109.0,109.5,106.5,109.0,10028,3084,-2173,229,-552,0.0,0.0,0.0,空
2026-06-16,3703,欣陸,22.1,22.2,21.75,21.85,1406,223,-8,0,-131,0.0,0.0,0.0,多
2026-06-16,3704,合勤控,48.5,48.5,45.7,46.7,3677,1222,-862,0,14,0.0,0.0,0.0,空
2026-06-16,3705,永信,57.6,57.7,56.8,57.0,179,44,-25,0,-9,0.0,0.0,0.0,多
2026-06-16,3706,神達,86.3,86.7,84.2,84.3,16734,3931,-6722,0,-121,0.0,0.0,0.0,空
2026-06-16,3707,漢磊,82.6,86.8,79.5,79.7,20901,0,-954,0,-15,0.0,0.0,0.0,空
2026-06-16,3708,上緯投控,120.0,121.0,117.0,117.0,538,161,-119,-15,-11,0.0,0.0,0.0,空
2026-06-16,3709,鑫聯大投控,76.6,76.9,74.9,75.0,545,0,-148,0,-14,0.0,0.0,0.0,空
2026-06-16,3710,連展投控,6.51,6.64,6.35,6.5,563,0,-30,0,0,0.0,0.0,0.0,多
2026-06-16,3711,日月光投控,600.0,600.0,580.0,592.0,15524,5387,4018,-3592,-113,0.0,0.0,0.0,空
2026-06-16,3712,永崴投控,17.8,18.35,17.8,17.85,914,313,173,0,12,0.0,0.0,0.0,多
2026-06-16,3713,新晶投控,15.8,16.0,15.5,15.5,104,0,-17,0,0,0.0,0.0,0.0,空
2026-06-16,3714,富采,67.6,67.8,64.3,64.3,9546,4273,-439,0,163,0.0,0.0,0.0,空
2026-06-16,3715,定穎投控,171.5,174.0,170.0,171.0,6412,2629,1915,0,130,0.0,0.0,0.0,空
2026-06-16,3716,中化控股,35.3,35.3,34.55,34.85,168,17,-34,0,0,0.0,0.0,0.0,空
2026-06-16,3717,聯嘉投控,22.0,23.35,21.65,21.65,4310,1514,460,0,39,0.0,0.0,0.0,空
2026-06-16,4102,永日,18.75,18.9,18.55,18.9,122,0,-30,0,0,0.0,0.0,0.0,多
2026-06-16,4104,佳醫,69.9,70.4,69.5,69.5,174,18,23,0,0,0.0,0.0,0.0,多
2026-06-16,4105,東洋,74.3,74.3,73.6,73.7,683,0,-273,0,0,0.0,0.0,0.0,空
2026-06-16,4106,雃博,23.45,23.5,23.0,23.4,87,21,-21,0,0,0.0,0.0,0.0,空
2026-06-16,4107,邦特,116.5,116.5,115.5,116.0,65,0,-21,0,0,0.0,0.0,0.0,多
2026-06-16,4108,懷特,12.2,12.3,12.0,12.05,314,0,11,0,4,0.0,0.0,0.0,空
2026-06-16,4109,加捷生醫,12.35,12.35,12.1,12.1,170,0,-1,0,0,0.0,0.0,0.0,多
2026-06-16,4111,濟生,29.9,30.05,29.85,30.0,63,0,0,0,0,0.0,0.0,0.0,空
2026-06-16,4113,聯上,17.1,17.15,16.65,16.7,437,0,-133,0,0,0.0,0.0,0.0,多
2026-06-16,4114,健喬,30.8,30.8,30.6,30.65,383,0,-54,0,0,0.0,0.0,0.0,多
2026-06-16,4115,善德生技,7.77,7.77,7.44,7.77,52,0,10,0,0,0.0,0.0,0.0,多
2026-06-16,4116,明基醫,37.5,37.8,37.4,37.8,28,0,-6,0,0,0.0,0.0,0.0,多
2026-06-16,4117,普生,13.9,14.75,11.9,12.1,1423,0,64,0,0,0.0,0.0,0.0,-
2026-06-16,4119,旭富,42.15,42.3,41.9,42.1,92,9,52,0,1,0.0,0.0,0.0,多
2026-06-16,4120,友華,46.0,46.0,45.4,45.4,9,0,0,0,0,0.0,0.0,0.0,多
2026-06-16,4121,優盛,13.65,13.7,13.5,13.6,67,0,-27,0,0,0.0,0.0,0.0,空
2026-06-16,4123,晟德,37.7,37.7,37.0,37.05,2765,0,-1520,0,2,0.0,0.0,0.0,空
2026-06-16,4126,太醫,80.5,80.5,79.7,80.4,22,0,-12,0,1,0.0,0.0,0.0,多
2026-06-16,4127,天良,68.2,72.6,67.5,68.8,472,0,124,0,-4,0.0,0.0,0.0,空
2026-06-16,4128,中天,15.05,15.05,14.7,14.7,920,0,-172,0,0,0.0,0.0,0.0,多
2026-06-16,4129,聯合,90.0,90.2,89.3,90.0,168,0,0,0,3,0.0,0.0,0.0,多
2026-06-16,4130,健亞,25.7,25.7,25.0,25.5,172,0,12,0,0,0.0,0.0,0.0,多
2026-06-16,4131,浩泰,0.0,0.0,0.0,0.0,0,0,0,0,0,0.0,0.0,0.0,空
2026-06-16,4133,亞諾法,20.75,20.85,20.4,20.6,131,1,-27,0,0,0.0,0.0,0.0,多
2026-06-16,4137,麗豐-KY,109.5,110.5,108.5,110.0,121,28,-31,0,0,0.0,0.0,0.0,多
2026-06-16,4138,曜亞,51.4,51.9,51.2,51.8,44,0,-10,0,0,0.0,0.0,0.0,多
2026-06-16,4139,馬光-KY,24.4,24.4,24.3,24.3,14,0,3,0,0,0.0,0.0,0.0,多
2026-06-16,4142,國光生,17.75,17.75,17.45,17.45,877,181,-209,0,-5,0.0,0.0,0.0,多
2026-06-16,4147,中裕,56.3,57.1,55.7,56.8,763,0,-30,0,0,0.0,0.0,0.0,多
2026-06-16,4148,全宇生技-KY,31.05,31.05,30.1,30.3,30,9,-1,0,5,0.0,0.0,0.0,多
2026-06-16,4150,優你康,5.03,5.19,4.94,5.04,267,0,5,0,0,0.0,0.0,0.0,空
2026-06-16,4153,鈺緯,29.9,30.8,29.8,29.8,18,0,-4,0,0,0.0,0.0,0.0,空
2026-06-16,4154,樂威科-KY,13.15,13.15,13.0,13.15,3,0,-1,0,0,0.0,0.0,0.0,多
2026-06-16,4155,訊映,15.1,15.15,14.75,15.0,247,48,-5,0,0,0.0,0.0,0.0,空
2026-06-16,4157,太景*-KY,8.85,8.88,8.67,8.68,969,0,-392,0,-11,0.0,0.0,0.0,多
2026-06-16,4160,訊聯基因,40.65,40.65,39.8,40.05,50,0,-8,0,0,0.0,0.0,0.0,多
2026-06-16,4161,聿新科,23.1,23.15,22.8,23.0,34,0,1,0,0,0.0,0.0,0.0,多
2026-06-16,4162,智擎,57.4,57.4,56.5,56.5,285,0,-17,0,1,0.0,0.0,0.0,多
2026-06-16,4163,鐿鈦,117.5,117.5,113.5,115.0,67,0,-13,0,0,0.0,0.0,0.0,空
2026-06-16,4164,承業醫,30.85,31.1,30.65,30.8,772,131,-39,0,0,0.0,0.0,0.0,多
2026-06-16,4166,友霖,26.0,26.0,25.2,25.2,268,0,-55,0,0,0.0,0.0,0.0,多
2026-06-16,4167,松瑞藥,20.05,20.05,19.8,19.85,420,0,-79,0,-9,0.0,0.0,0.0,空
2026-06-16,4168,醣聯,25.7,25.7,25.0,25.1,353,0,-13,0,0,0.0,0.0,0.0,空
2026-06-16,4169,泰宗,156.5,156.5,151.5,152.5,59,0,18,0,0,0.0,0.0,0.0,多
2026-06-16,4170,鑫品生醫,12.6,12.6,12.4,12.6,8,0,0,0,0,0.0,0.0,0.0,空
2026-06-16,4171,瑞基,17.5,17.85,17.4,17.45,52,0,-11,0,0,0.0,0.0,0.0,空
2026-06-16,4172,因華,11.88,12.35,11.3,11.95,348,0,1,0,0,0.0,0.0,0.0,多
2026-06-16,4173,久裕,18.3,18.45,18.1,18.2,86,0,-16,0,0,0.0,0.0,0.0,多
2026-06-16,4174,浩鼎,28.3,28.45,27.8,27.85,264,0,-24,0,0,0.0,0.0,0.0,多
2026-06-16,4175,杏一,53.6,53.6,53.2,53.5,8,0,1,0,0,0.0,0.0,0.0,多
2026-06-16,4178,永笙-KY,17.5,17.7,17.25,17.5,351,0,143,0,-1,0.0,0.0,0.0,多
2026-06-16,4183,福永生技,13.8,13.8,13.8,13.8,2,0,0,0,0,0.0,0.0,0.0,多
2026-06-16,4186,尖端醫,10.13,11.4,10.0,10.55,615,0,9,0,0,0.0,0.0,0.0,多
2026-06-16,4188,安克,10.5,10.5,10.2,10.4,53,0,-4,0,0,0.0,0.0,0.0,空
2026-06-16,4190,佐登-KY,24.95,25.0,24.5,24.6,82,15,-3,0,4,0.0,0.0,0.0,多
2026-06-16,4192,杏國,22.0,22.0,20.5,20.5,12,0,0,0,0,0.0,0.0,0.0,多
2026-06-16,4194,禾生技,7.2,7.31,6.96,7.3,55,0,-2,0,0,0.0,0.0,0.0,多
2026-06-16,4195,基米-創,15.6,15.9,15.35,15.7,342,0,40,0,3,0.0,0.0,0.0,多
2026-06-16,4197,暐世,8.67,8.98,8.64,8.7,98,0,0,0,0,0.0,0.0,0.0,多
2026-06-16,4198,欣大健康,39.2,39.2,39.2,39.2,1,0,0,0,0,0.0,0.0,0.0,多
2026-06-16,4205,中華食,73.4,73.4,73.0,73.1,18,0,-4,0,0,0.0,0.0,0.0,多
2026-06-16,4207,環泰,19.6,19.6,19.45,19.5,75,0,0,0,0,0.0,0.0,0.0,空
2026-06-16,4303,信立,47.4,47.45,46.7,46.8,288,0,45,0,0,0.0,0.0,0.0,多
2026-06-16,4304,勝昱,24.1,24.1,23.5,23.5,25,0,2,0,0,0.0,0.0,0.0,空
2026-06-16,4305,世坤,44.5,44.5,44.5,44.5,1,0,0,0,0,0.0,0.0,0.0,多
2026-06-16,4306,炎洲,16.3,16.4,15.9,15.95,2835,590,932,0,-5,0.0,0.0,0.0,多
2026-06-16,4401,東隆興,14.15,14.35,14.05,14.05,89,0,-36,0,0,0.0,0.0,0.0,多
2026-06-16,4402,郡都開發,16.95,16.95,16.0,16.05,25,0,0,0,0,0.0,0.0,0.0,多
2026-06-16,4406,新昕纖,9.99,10.05,9.83,10.0,211,0,5,0,0,0.0,0.0,0.0,多
2026-06-16,4413,飛寶企業,16.6,16.65,16.6,16.6,12,0,-1,0,0,0.0,0.0,0.0,多
2026-06-16,4414,如興,8.46,8.47,8.37,8.42,194,48,20,0,0,0.0,0.0,0.0,多
2026-06-16,4416,三圓,10.65,10.65,10.25,10.3,417,0,-175,0,0,0.0,0.0,0.0,空
2026-06-16,4417,金洲,46.85,46.85,46.35,46.6,102,0,4,0,0,0.0,0.0,0.0,多
2026-06-16,4419,元勝,45.5,45.55,45.1,45.55,13,0,0,0,0,0.0,0.0,0.0,空
2026-06-16,4419,皇家美食,45.5,45.55,45.1,45.55,13,0,0,0,0,0.0,0.0,0.0,空
2026-06-16,4420,光明,38.1,38.1,37.95,38.0,53,0,-17,0,0,0.0,0.0,0.0,多
2026-06-16,4426,利勤,8.11,8.11,7.97,7.97,209,51,-25,0,-5,0.0,0.0,0.0,多
2026-06-16,4430,耀億,17.7,17.7,17.55,17.6,31,0,-5,0,0,0.0,0.0,0.0,多
2026-06-16,4431,敏成健康,16.47,17.1,16.4,17.1,1,0,0,0,0,0.0,0.0,0.0,多
2026-06-16,4432,銘旺實,16.3,16.5,16.15,16.4,9,0,2,0,0,0.0,0.0,0.0,空
2026-06-16,4433,興采,20.7,20.7,20.45,20.45,26,0,-1,0,0,0.0,0.0,0.0,空
2026-06-16,4438,廣越,63.0,63.0,61.4,62.0,63,10,22,0,-1,0.0,0.0,0.0,多
2026-06-16,4439,冠星-KY,89.2,90.4,88.8,90.4,19,1,-6,0,0,0.0,0.0,0.0,空
2026-06-16,4440,宜新實業,17.25,17.4,17.2,17.3,57,3,-1,0,-1,0.0,0.0,0.0,空
2026-06-16,4441,振大環球,201.5,207.0,198.0,203.5,145,40,41,0,0,0.0,0.0,0.0,空
2026-06-16,4442,竣邦-KY,54.5,55.3,54.2,54.9,41,0,5,0,0,0.0,0.0,0.0,多
2026-06-16,4502,健信,15.65,15.85,15.4,15.85,66,0,3,0,0,0.0,0.0,0.0,空
2026-06-16,4503,金雨,38.3,38.3,37.5,37.8,91,0,7,0,0,0.0,0.0,0.0,空
2026-06-16,4506,崇友,117.0,118.0,117.0,118.0,46,0,-1,0,0,0.0,0.0,0.0,多
2026-06-16,4510,高鋒,46.25,46.25,44.45,45.5,1118,0,-204,0,-7,0.0,0.0,0.0,空
2026-06-16,4513,福裕,15.8,17.3,15.75,17.3,1750,0,351,0,1,0.0,0.0,0.0,多
2026-06-16,4523,永彰,29.35,29.75,29.1,29.25,191,0,65,0,0,0.0,0.0,0.0,多
2026-06-16,4526,東台,38.85,39.2,38.0,38.05,3354,1168,628,0,-111,0.0,0.0,0.0,空
2026-06-16,4527,方土霖,40.95,41.25,40.85,40.85,18,0,-1,0,0,0.0,0.0,0.0,空
2026-06-16,4528,江興鍛,16.15,16.15,15.9,15.9,40,0,-4,0,0,0.0,0.0,0.0,多
2026-06-16,4529,淳紳,5.02,5.02,4.84,4.93,45,0,0,0,0,0.0,0.0,0.0,空
2026-06-16,4530,宏易,23.8,24.55,23.8,24.2,5,0,0,0,0,0.0,0.0,0.0,多
2026-06-16,4532,瑞智,24.7,24.7,24.1,24.2,750,105,-19,-6,-1,0.0,0.0,0.0,多
2026-06-16,4533,協易機,31.1,31.1,30.05,30.2,799,0,-41,0,-23,0.0,0.0,0.0,空
2026-06-16,4534,慶騰,33.6,35.5,32.15,32.3,4205,0,-311,0,-1,0.0,0.0,0.0,多
2026-06-16,4535,至興,27.3,27.5,27.2,27.2,18,0,0,0,-5,0.0,0.0,0.0,空
2026-06-16,4536,拓凱,166.5,166.5,163.5,165.5,163,38,3,0,-1,0.0,0.0,0.0,多
2026-06-16,4537,旭東,174.6,178.5,174.0,175.5,77,0,-5,0,0,0.0,0.0,0.0,空
2026-06-16,4538,大詠城,18.8,18.85,18.6,18.65,42,0,-1,0,0,0.0,0.0,0.0,多
2026-06-16,4540,全球傳動,62.2,62.3,59.3,59.6,2696,662,-344,0,5,0.0,0.0,0.0,空
2026-06-16,4541,晟田,49.65,49.95,47.7,48.0,1855,0,140,0,3,0.0,0.0,0.0,多
2026-06-16,4542,科嶠,365.0,365.0,342.5,354.0,210,0,-1,0,1,0.0,0.0,0.0,多
2026-06-16,4543,萬在,37.8,37.8,36.8,36.9,226,0,-45,0,0,0.0,0.0,0.0,空
2026-06-16,4544,春日,15.25,14.55,13.8,14.45,26,0,0,0,0,0.0,0.0,0.0,多
2026-06-16,4545,銘鈺,36.3,36.9,35.75,35.85,170,57,10,0,0,0.0,0.0,0.0,空
2026-06-16,4546,長亨,117.85,116.5,99.1,106.0,230,0,5,0,0,0.0,0.0,0.0,多
2026-06-16,4549,桓達,109.0,109.0,105.5,106.0,248,0,13,0,3,0.0,0.0,0.0,空
2026-06-16,4550,長佳,25.0,25.0,24.75,24.8,54,0,-14,0,0,0.0,0.0,0.0,多
2026-06-16,4551,智伸科,183.0,183.5,182.0,183.5,2379,95,112,0,16,0.0,0.0,0.0,多
2026-06-16,4552,力達-KY,21.05,21.6,21.05,21.45,201,9,1,0,0,0.0,0.0,0.0,多
2026-06-16,4553,盛復,17.19,17.85,17.2,17.8,6,0,0,0,0,0.0,0.0,0.0,多
2026-06-16,4554,橙的,30.0,30.3,30.0,30.05,20,0,-6,0,0,0.0,0.0,0.0,空
2026-06-16,4555,氣立,47.0,47.0,45.35,46.2,284,87,-70,0,1,0.0,0.0,0.0,空
2026-06-16,4556,旭然,80.0,80.0,66.1,66.5,2139,0,25,0,0,0.0,0.0,0.0,多
2026-06-16,4557,永新-KY,47.5,48.1,47.25,47.95,45,2,14,0,0,0.0,0.0,0.0,多
2026-06-16,4558,寶緯,20.3,20.3,18.6,18.7,67,0,-18,0,0,0.0,0.0,0.0,空
2026-06-16,4559,久裕興,8.22,8.42,7.75,8.42,105,0,2,0,0,0.0,0.0,0.0,多
2026-06-16,4560,強信-KY,32.7,33.05,32.65,32.7,106,36,16,0,3,0.0,0.0,0.0,多
2026-06-16,4561,健椿,43.05,43.05,42.0,42.0,259,0,-43,0,0,0.0,0.0,0.0,空
2026-06-16,4562,穎漢,36.5,36.9,35.45,35.45,359,58,-15,0,0,0.0,0.0,0.0,空
2026-06-16,4563,百德,43.25,43.25,42.2,42.5,98,0,-3,0,0,0.0,0.0,0.0,空
2026-06-16,4564,元翎,15.6,16.15,15.45,15.95,795,182,-113,0,0,0.0,0.0,0.0,多
2026-06-16,4565,宏偉,117.33,117.5,116.5,117.0,23,0,0,0,0,0.0,0.0,0.0,空
2026-06-16,4566,時碩工業,64.5,65.9,63.2,63.2,758,243,-87,0,0,0.0,0.0,0.0,空
2026-06-16,4568,科際精密,40.45,40.55,40.4,40.45,8,0,-1,0,0,0.0,0.0,0.0,空
2026-06-16,4569,六方科-KY,183.0,184.0,173.0,174.0,119,31,-12,0,0,0.0,0.0,0.0,空
2026-06-16,4570,傑生,70.9,71.9,68.9,68.9,2,0,0,0,0,0.0,0.0,0.0,空
2026-06-16,4571,鈞興-KY,183.0,183.0,178.5,179.5,230,66,-51,0,-2,0.0,0.0,0.0,空
2026-06-16,4572,駐龍,145.0,146.0,143.5,146.0,30,3,11,0,0,0.0,0.0,0.0,多
2026-06-16,4573,高明鐵,385.77,390.0,369.0,372.0,511,0,2,0,0,0.0,0.0,0.0,空
2026-06-16,4575,銓寶,27.69,27.6,27.0,27.6,25,0,0,0,0,0.0,0.0,0.0,空
2026-06-16,4576,大銀微系統,218.0,218.0,205.0,206.5,1196,386,-269,0,-26,0.0,0.0,0.0,空
2026-06-16,4577,達航科技,93.0,93.8,88.5,89.2,568,0,-164,0,0,0.0,0.0,0.0,空
2026-06-16,4580,捷流閥業,81.5,81.7,81.0,81.7,39,0,-2,0,0,0.0,0.0,0.0,空
2026-06-16,4581,光隆精密-KY,50.0,50.0,49.8,49.8,11,0,4,0,0,0.0,0.0,0.0,多
2026-06-16,4582,聚恆-創,26.05,26.15,25.6,25.75,387,0,-33,0,-1,0.0,0.0,0.0,多
2026-06-16,4583,台灣精銳,634.0,634.0,621.0,621.0,46,13,2,0,0,0.0,0.0,0.0,空
2026-06-16,4584,君帆,40.5,40.5,40.4,40.5,5,0,0,0,0,0.0,0.0,0.0,多
2026-06-16,4585,達明,312.0,312.0,305.5,306.5,189,29,-4,0,0,0.0,0.0,0.0,空
2026-06-16,4587,寶元數控,57.69,58.0,56.2,57.8,43,0,6,0,0,0.0,0.0,0.0,空
2026-06-16,4588,玖鼎電力,58.7,59.2,58.1,58.1,63,7,13,0,0,0.0,0.0,0.0,多
2026-06-16,4589,碩陽電機,37.41,38.9,37.0,37.35,20,0,0,0,0,0.0,0.0,0.0,空
2026-06-16,4590,富田-創,76.3,77.1,75.9,76.8,179,0,22,0,1,0.0,0.0,0.0,多
2026-06-16,4609,唐鋒,5.76,5.76,5.42,5.43,3,0,0,0,0,0.0,0.0,0.0,空
2026-06-16,4702,中美實,10.15,10.2,10.05,10.1,96,0,4,0,0,0.0,0.0,0.0,多
2026-06-16,4706,大恭,31.85,31.85,31.6,31.7,6,0,0,0,0,0.0,0.0,0.0,多
2026-06-16,4707,磐亞,20.5,20.7,20.4,20.55,3985,0,20,0,70,0.0,0.0,0.0,多
2026-06-16,4711,永純,17.5,17.5,17.0,17.15,147,0,-14,0,0,0.0,0.0,0.0,空
2026-06-16,4714,永捷,13.45,13.45,13.25,13.3,757,0,-123,0,-1,0.0,0.0,0.0,多
2026-06-16,4716,大立,17.55,17.75,16.9,17.0,1209,0,-227,0,0,0.0,0.0,0.0,多
2026-06-16,4720,德淵,24.3,24.6,23.85,23.85,1275,415,-91,0,0,0.0,0.0,0.0,空
2026-06-16,4721,美琪瑪,106.0,111.0,98.0,98.5,10824,0,1447,0,95,0.0,0.0,0.0,多
2026-06-16,4722,國精化,247.0,251.0,237.5,240.0,2930,1354,-671,1080,-28,0.0,0.0,0.0,空
2026-06-16,4724,宣捷幹細胞,9.13,10.2,9.35,9.94,393,0,0,0,0,0.0,0.0,0.0,空
2026-06-16,4726,永昕,25.0,25.0,24.55,24.6,296,0,109,0,0,0.0,0.0,0.0,空
2026-06-16,4728,雙美,373.0,376.5,373.0,375.0,7,0,0,0,0,0.0,0.0,0.0,多
2026-06-16,4729,熒茂,22.9,23.15,21.9,21.9,707,0,37,0,0,0.0,0.0,0.0,空
2026-06-16,4732,彥臣,17.9,18.2,17.45,18.2,1,0,0,0,0,0.0,0.0,0.0,空
2026-06-16,4735,豪展,31.45,31.5,31.1,31.2,29,0,-5,0,0,0.0,0.0,0.0,空
2026-06-16,4736,泰博,125.0,126.0,124.5,126.0,171,13,95,0,0,0.0,0.0,0.0,多
2026-06-16,4737,華廣,54.9,55.8,53.9,55.8,105,27,-20,0,-1,0.0,0.0,0.0,多
2026-06-16,4738,大同精化,7.48,7.69,7.14,7.49,293,0,0,0,0,0.0,0.0,0.0,空
2026-06-16,4739,康普,125.0,128.0,115.0,116.0,6851,2267,-1513,0,-23,0.0,0.0,0.0,多
2026-06-16,4741,泓瀚,74.6,75.3,71.3,72.5,920,0,109,0,-5,0.0,0.0,0.0,多
2026-06-16,4743,合一,49.3,49.55,47.85,47.85,1675,0,-819,0,-1,0.0,0.0,0.0,空
2026-06-16,4744,皇將,26.5,27.2,24.75,24.75,448,0,57,0,0,0.0,0.0,0.0,空
2026-06-16,4745,合富-KY,14.9,14.95,14.5,14.5,155,0,-27,0,0,0.0,0.0,0.0,空
2026-06-16,4746,台耀,52.3,52.4,51.3,51.3,446,110,-16,0,0,0.0,0.0,0.0,空
2026-06-16,4747,強生,52.5,55.0,51.8,53.4,28,0,-2,0,0,0.0,0.0,0.0,空
2026-06-16,4749,新應材,962.0,963.0,937.0,937.0,756,0,-276,50,2,0.0,0.0,0.0,空
2026-06-16,4754,國碳科,39.85,39.85,39.2,39.3,74,0,1,0,0,0.0,0.0,0.0,多
2026-06-16,4755,三福化,141.0,147.0,141.0,144.0,491,135,83,0,0,0.0,0.0,0.0,空
2026-06-16,4760,勤凱,410.0,414.0,390.0,390.0,1397,0,-143,0,-47,0.0,0.0,0.0,空
2026-06-16,4763,材料*-KY,44.85,45.25,44.6,44.8,3720,1007,716,-8,4,0.0,0.0,0.0,多
2026-06-16,4764,雙鍵,284.0,305.5,279.5,305.5,3020,1046,-388,0,43,0.0,0.0,0.0,空
2026-06-16,4765,磐采,17.28,17.1,17.0,17.0,12,0,-1,0,0,0.0,0.0,0.0,空
2026-06-16,4766,南寶,371.0,371.0,363.5,365.5,367,77,-123,7,-1,0.0,0.0,0.0,空
2026-06-16,4767,誠泰科技,27.4,27.4,26.85,27.25,12,0,0,0,0,0.0,0.0,0.0,空
2026-06-16,4768,晶呈科技,391.0,397.0,381.0,383.0,514,0,-61,0,27,0.0,0.0,0.0,空
2026-06-16,4770,上品,216.5,216.5,213.0,214.0,239,31,-137,0,8,0.0,0.0,0.0,空
2026-06-16,4771,望隼,188.5,188.5,186.5,187.0,116,13,-45,0,0,0.0,0.0,0.0,空
2026-06-16,4772,台特化,280.0,280.0,271.0,275.0,778,0,113,0,-2,0.0,0.0,0.0,空
2026-06-16,4806,桂田文創,10.5,10.55,10.05,10.55,31,0,0,0,-1,0.0,0.0,0.0,多
2026-06-16,4807,日成-KY,45.9,45.9,42.05,42.05,474,0,16,0,4,0.0,0.0,0.0,多
2026-06-16,4903,聯光通,39.6,40.7,39.2,39.2,1125,0,-19,0,0,0.0,0.0,0.0,空
2026-06-16,4904,遠傳,111.0,113.0,110.0,112.5,13225,3778,5473,-3039,-50,0.0,0.0,0.0,多
2026-06-16,4905,台聯電,69.9,71.8,69.6,69.6,16,0,0,0,0,0.0,0.0,0.0,空
2026-06-16,4906,正文,44.65,45.25,42.7,42.9,9547,2387,42,0,-162,0.0,0.0,0.0,空
2026-06-16,4907,富宇,39.9,41.0,39.85,41.0,206,0,0,0,0,0.0,0.0,0.0,多
2026-06-16,4908,前鼎,200.5,209.5,197.5,198.0,1907,0,-286,0,12,0.0,0.0,0.0,空
2026-06-16,4909,新復興,51.1,52.7,49.8,49.8,1755,0,-33,0,10,0.0,0.0,0.0,空
2026-06-16,4911,德英,31.65,31.65,31.3,31.35,36,0,0,0,0,0.0,0.0,0.0,多
2026-06-16,4912,聯德控股-KY,91.8,92.2,88.8,88.8,404,55,-73,0,0,0.0,0.0,0.0,空
2026-06-16,4915,致伸,78.2,78.2,75.4,75.7,7162,1060,-5109,1422,-17,0.0,0.0,0.0,多
2026-06-16,4916,事欣科,101.0,101.5,97.6,99.0,7504,3796,-537,0,-29,0.0,0.0,0.0,空
2026-06-16,4919,新唐,200.0,205.5,181.5,183.0,30047,15635,-4524,-49,-96,0.0,0.0,0.0,空
2026-06-16,4923,力士,51.0,51.3,47.45,47.8,1582,0,-110,0,0,0.0,0.0,0.0,多
2026-06-16,4924,欣厚-KY,12.2,12.2,11.9,11.95,52,0,-14,0,0,0.0,0.0,0.0,空
2026-06-16,4925,智微,156.13,155.0,143.0,148.0,279,0,-38,0,0,0.0,0.0,0.0,空
2026-06-16,4927,泰鼎-KY,52.2,52.9,49.55,49.6,5877,1815,-1807,0,-1,0.0,0.0,0.0,空
2026-06-16,4930,燦星網,17.5,17.55,17.2,17.55,45,7,10,0,-1,0.0,0.0,0.0,多
2026-06-16,4931,新盛力,254.5,262.0,248.0,250.5,8757,0,106,0,-5,0.0,0.0,0.0,空
2026-06-16,4933,友輝,70.7,70.8,67.2,67.2,806,0,-372,0,0,0.0,0.0,0.0,空
2026-06-16,4934,太極,18.05,18.2,17.3,17.3,1526,0,-379,0,0,0.0,0.0,0.0,多
2026-06-16,4935,茂林-KY,38.8,41.95,38.4,41.7,485,138,-21,0,1,0.0,0.0,0.0,多
2026-06-16,4938,和碩,84.5,84.8,82.3,83.0,24517,4074,-1294,366,41,0.0,0.0,0.0,空
2026-06-16,4939,亞電,70.5,70.6,63.5,64.6,19048,0,-3300,0,-218,0.0,0.0,0.0,多
2026-06-16,4942,嘉彰,37.8,37.9,37.6,37.75,60,5,8,0,0,0.0,0.0,0.0,空
2026-06-16,4943,康控-KY,9.08,9.08,9.07,9.07,27,0,0,0,0,0.0,0.0,0.0,多
2026-06-16,4946,辣椒,106.5,115.5,106.5,110.0,385,0,-8,0,0,0.0,0.0,0.0,多
2026-06-16,4949,有成精密,90.6,91.3,84.8,85.1,1545,540,-92,0,0,0.0,0.0,0.0,空
2026-06-16,4950,金耘國際,16.55,16.55,16.1,16.1,42,0,3,0,0,0.0,0.0,0.0,多
2026-06-16,4951,精拓科,104.0,104.0,97.8,97.8,636,0,-12,0,0,0.0,0.0,0.0,空
2026-06-16,4952,凌通,59.0,59.0,55.5,56.0,2896,1013,-168,0,7,0.0,0.0,0.0,多
2026-06-16,4953,緯軟,137.0,137.0,134.0,135.0,512,0,-57,0,-3,0.0,0.0,0.0,空
2026-06-16,4956,光鋐,39.3,39.9,37.35,37.35,1488,566,-274,0,0,0.0,0.0,0.0,空
2026-06-16,4958,臻鼎-KY,596.0,639.0,592.0,624.0,43585,25019,5567,1778,133,0.0,0.0,0.0,多
2026-06-16,4960,誠美材,30.0,31.7,29.65,30.15,6656,3147,-1256,0,137,0.0,0.0,0.0,空
2026-06-16,4961,天鈺,172.5,173.0,166.5,168.0,494,124,-80,0,-1,0.0,0.0,0.0,空
2026-06-16,4966,譜瑞-KY,680.0,680.0,657.0,660.0,1641,0,490,-445,-3,0.0,0.0,0.0,空
2026-06-16,4967,十銓,281.0,281.5,272.0,275.0,6036,3443,-513,0,-40,0.0,0.0,0.0,空
2026-06-16,4968,立積,110.0,111.0,107.0,107.0,440,78,-10,0,0,0.0,0.0,0.0,空
2026-06-16,4971,IET-KY,564.0,590.0,546.0,547.0,1600,0,-302,0,2,0.0,0.0,0.0,空
2026-06-16,4972,湯石照明,16.7,16.9,16.7,16.85,34,0,4,0,0,0.0,0.0,0.0,多
2026-06-16,4973,廣穎,210.0,219.0,189.0,189.5,9724,0,-1756,0,8,0.0,0.0,0.0,多
2026-06-16,4974,亞泰,72.9,73.5,71.5,73.1,636,0,-252,0,-4,0.0,0.0,0.0,空
2026-06-16,4976,佳凌,34.6,38.05,34.5,38.05,6809,2452,524,0,-124,0.0,0.0,0.0,多
2026-06-16,4977,眾達-KY,184.0,190.0,180.5,180.5,3391,1982,-101,0,12,0.0,0.0,0.0,空
2026-06-16,4979,華星光,552.0,575.0,552.0,568.0,1210,0,150,-98,-7,0.0,0.0,0.0,空
2026-06-16,4980,佐臻,41.81,42.3,40.2,41.75,80,0,1,0,0,0.0,0.0,0.0,空
2026-06-16,4989,榮科,82.0,83.9,78.4,78.7,4639,1884,-378,0,0,0.0,0.0,0.0,空
2026-06-16,4991,環宇-KY,574.0,598.0,574.0,587.0,7311,0,137,0,15,0.0,0.0,0.0,空
2026-06-16,4994,傳奇,86.8,93.0,85.2,93.0,60,18,6,0,1,0.0,0.0,0.0,多
2026-06-16,4995,晶達,45.95,45.95,45.0,45.0,55,0,0,0,0,0.0,0.0,0.0,空
2026-06-16,4999,鑫禾,20.5,20.8,20.5,20.6,62,7,7,0,0,0.0,0.0,0.0,多
2026-06-16,5007,三星,57.0,57.0,56.2,56.2,42,6,23,0,0,0.0,0.0,0.0,空
2026-06-16,5009,榮剛,36.65,36.7,34.5,34.5,6772,0,-3666,0,-453,0.0,0.0,0.0,空
2026-06-16,5011,久陽,18.3,19.8,18.3,19.8,2949,0,150,0,6,0.0,0.0,0.0,空
2026-06-16,5013,強新,27.8,27.8,27.3,27.6,5,0,-1,0,0,0.0,0.0,0.0,多
2026-06-16,5014,建錩,11.05,11.2,11.05,11.1,315,0,-15,0,0,0.0,0.0,0.0,空
2026-06-16,5015,華祺,23.65,23.7,23.65,23.7,18,0,11,0,0,0.0,0.0,0.0,空
2026-06-16,5016,松和,25.4,25.4,25.05,25.1,13,0,1,0,0,0.0,0.0,0.0,多
2026-06-16,5201,凱衛,29.5,29.5,28.25,28.25,107,0,-14,0,0,0.0,0.0,0.0,多
2026-06-16,5202,力新,14.85,14.9,14.5,14.5,414,0,79,0,0,0.0,0.0,0.0,多
2026-06-16,5203,訊連,69.5,70.4,68.7,70.0,326,56,-1,0,1,0.0,0.0,0.0,空
2026-06-16,5205,中茂,25.05,26.3,25.0,25.85,10,0,0,0,0,0.0,0.0,0.0,多
2026-06-16,5206,坤悅,23.5,23.5,23.25,23.4,69,0,-14,0,0,0.0,0.0,0.0,多
2026-06-16,5209,新鼎,173.0,174.0,172.5,172.5,41,0,-17,0,0,0.0,0.0,0.0,空
2026-06-16,5210,寶碩,31.25,31.45,29.65,29.65,709,0,-306,0,0,0.0,0.0,0.0,空
2026-06-16,5211,蒙恬,19.1,19.2,18.75,18.75,118,0,10,0,0,0.0,0.0,0.0,多
2026-06-16,5212,凌網,47.7,47.7,46.6,47.1,16,0,1,0,0,0.0,0.0,0.0,多
2026-06-16,5213,亞昕,23.25,23.3,22.95,22.95,669,0,-187,0,0,0.0,0.0,0.0,空
2026-06-16,5215,科嘉-KY,44.35,44.35,43.45,43.7,129,14,21,0,0,0.0,0.0,0.0,空
2026-06-16,5220,萬達光電,21.2,21.25,20.9,21.1,92,0,-10,0,0,0.0,0.0,0.0,空
2026-06-16,5222,全訊,115.0,115.5,112.5,112.5,250,41,-61,-1,0,0.0,0.0,0.0,空
2026-06-16,5223,安力-KY,25.85,25.95,25.55,25.55,35,0,1,0,0,0.0,0.0,0.0,多
2026-06-16,5225,東科-KY,74.0,74.0,72.8,73.7,205,47,-13,0,0,0.0,0.0,0.0,多
2026-06-16,5227,立凱-KY,37.3,37.3,37.3,37.3,485,0,-14,0,-61,0.0,0.0,0.0,多
2026-06-16,5228,鈺鎧,78.5,81.9,71.3,72.2,3099,0,-315,0,-30,0.0,0.0,0.0,空
2026-06-16,5230,雷笛克光學,20.45,20.5,19.0,20.05,4005,0,-97,0,-4,0.0,0.0,0.0,多
2026-06-16,5234,達興材料,393.5,395.0,388.5,388.5,221,57,33,-5,-8,0.0,0.0,0.0,空
2026-06-16,5236,凌陽創新,166.0,166.0,157.0,159.5,312,0,-41,0,-1,0.0,0.0,0.0,空
2026-06-16,5240,建騰,23.2,24.2,23.2,24.2,1,0,0,0,0,0.0,0.0,0.0,多
2026-06-16,5243,乙盛-KY,113.5,113.5,105.5,106.0,2994,973,-230,0,-32,0.0,0.0,0.0,空
2026-06-16,5244,弘凱,37.85,38.1,37.45,37.8,153,34,9,0,-1,0.0,0.0,0.0,空
2026-06-16,5245,智晶,26.25,26.25,25.8,25.85,37,0,-8,0,0,0.0,0.0,0.0,空
2026-06-16,5246,勵威,198.86,196.0,182.5,183.0,492,0,-31,0,0,0.0,0.0,0.0,多
2026-06-16,5248,景傳,35.57,35.15,29.6,31.4,436,0,21,0,0,0.0,0.0,0.0,空
2026-06-16,5251,天鉞電,31.35,31.35,30.0,30.15,146,0,-16,0,-1,0.0,0.0,0.0,多
2026-06-16,5254,欣訊科技,42.83,42.8,41.0,42.8,44,0,9,0,0,0.0,0.0,0.0,空
2026-06-16,5258,虹堡,51.2,51.2,49.1,49.25,603,112,-39,0,1,0.0,0.0,0.0,空
2026-06-16,5262,立達,46.19,46.15,45.7,45.9,131,0,0,0,0,0.0,0.0,0.0,空
2026-06-16,5263,智崴,103.0,104.5,102.0,103.0,188,0,31,0,0,0.0,0.0,0.0,空
2026-06-16,5267,龍翩,52.48,53.2,48.05,48.95,171,0,-6,0,0,0.0,0.0,0.0,空
2026-06-16,5269,祥碩,1395.0,1400.0,1365.0,1380.0,665,148,213,-58,10,0.0,0.0,0.0,空
2026-06-16,5271,紘通,14.7,15.05,13.95,14.0,1179,0,-3,0,0,0.0,0.0,0.0,空
2026-06-16,5272,笙科,21.85,21.85,20.8,20.85,231,0,-111,0,0,0.0,0.0,0.0,空
2026-06-16,5274,信驊,18005.0,18650.0,17805.0,18155.0,211,0,36,-8,0,0.0,0.0,0.0,空
2026-06-16,5276,達輝-KY,18.45,18.5,18.3,18.5,9,0,0,0,0,0.0,0.0,0.0,空
2026-06-16,5278,尚凡,25.35,25.35,24.1,24.2,282,0,-52,0,0,0.0,0.0,0.0,多
2026-06-16,5278,尚凡*,25.35,25.35,24.1,24.2,282,0,-52,0,0,0.0,0.0,0.0,多
2026-06-16,5283,禾聯碩,52.9,52.9,52.3,52.4,66,7,23,0,-1,0.0,0.0,0.0,多
2026-06-16,5284,jpp-KY,378.0,385.5,370.5,385.0,809,278,-106,0,13,0.0,0.0,0.0,空
2026-06-16,5285,界霖,89.6,89.9,86.2,87.8,1305,490,224,0,-1,0.0,0.0,0.0,空
2026-06-16,5287,數字,146.5,148.0,146.5,147.0,39,0,-7,0,0,0.0,0.0,0.0,多
2026-06-16,5288,豐祥-KY,183.5,184.5,180.5,183.0,181,60,3,0,-1,0.0,0.0,0.0,多
2026-06-16,5289,宜鼎,1980.0,2025.0,1935.0,1955.0,4400,0,601,-1,-14,0.0,0.0,0.0,空
2026-06-16,5291,邑昇,67.8,68.0,63.5,63.7,528,0,-257,0,-5,0.0,0.0,0.0,空
2026-06-16,5292,華懋,230.0,230.0,221.0,224.0,118,26,2,0,-10,0.0,0.0,0.0,多
2026-06-16,5297,廣化,69.12,68.1,59.5,60.0,2235,0,0,0,0,0.0,0.0,0.0,空
2026-06-16,5299,杰力,108.0,109.5,103.0,103.5,458,0,-21,0,2,0.0,0.0,0.0,空
2026-06-16,5301,寶得利,7.0,7.0,6.97,6.97,8,0,1,0,0,0.0,0.0,0.0,多
2026-06-16,5302,太欣,11.65,12.7,11.6,12.7,6643,0,266,0,4,0.0,0.0,0.0,多
2026-06-16,5306,桂盟,88.8,88.8,87.1,87.4,145,19,-32,0,5,0.0,0.0,0.0,多
2026-06-16,5309,系統電,69.7,70.2,66.8,66.9,5463,0,-125,-29,-187,0.0,0.0,0.0,空
2026-06-16,5310,天剛,24.9,24.9,24.9,24.9,2,0,-1,0,0,0.0,0.0,0.0,多
2026-06-16,5312,寶島科,96.0,96.7,95.8,96.0,24,0,-6,0,0,0.0,0.0,0.0,多
2026-06-16,5314,世紀*,58.6,59.1,56.5,56.5,2421,0,207,0,-17,0.0,0.0,0.0,空
2026-06-16,5315,光聯,23.35,23.45,22.8,22.85,813,0,-15,0,143,0.0,0.0,0.0,多
2026-06-16,5321,美而快,36.25,36.95,35.8,36.5,236,0,27,0,0,0.0,0.0,0.0,空
2026-06-16,5324,士開,12.0,12.15,12.0,12.15,372,0,259,0,0,0.0,0.0,0.0,空
2026-06-16,5328,華容,49.8,51.2,48.2,51.2,37318,0,548,0,-73,0.0,0.0,0.0,多
2026-06-16,5340,建榮,89.3,93.8,88.3,88.5,1992,0,-336,0,13,0.0,0.0,0.0,空
2026-06-16,5344,立衛,15.7,15.9,15.15,15.6,94,0,-5,0,0,0.0,0.0,0.0,空
2026-06-16,5345,天揚,30.8,33.2,29.95,30.65,157,0,-1,0,0,0.0,0.0,0.0,多
2026-06-16,5345,馥鴻,30.8,33.2,29.95,30.65,157,0,-1,0,0,0.0,0.0,0.0,多
2026-06-16,5347,世界,177.0,177.0,169.0,171.5,20599,0,-885,4055,-116,0.0,0.0,0.0,空
2026-06-16,5348,正能量智能,16.6,16.6,16.55,16.6,5,0,0,0,0,0.0,0.0,0.0,多
2026-06-16,5351,鈺創,92.0,95.3,90.6,90.6,41763,0,7184,0,-3,0.0,0.0,0.0,空
2026-06-16,5353,台林,32.2,32.35,31.25,31.3,192,0,26,0,0,0.0,0.0,0.0,空
2026-06-16,5355,佳總,7.05,7.05,6.73,7.0,99,0,7,0,0,0.0,0.0,0.0,多
2026-06-16,5356,協益,28.2,28.2,27.9,27.95,136,0,-22,0,0,0.0,0.0,0.0,多
2026-06-16,5364,力麗店,8.65,8.66,8.62,8.65,20,0,3,0,0,0.0,0.0,0.0,多
2026-06-16,5371,中光電,69.9,70.2,67.8,67.8,2505,0,-170,0,-5,0.0,0.0,0.0,空
2026-06-16,5381,光譜,28.9,29.35,28.15,28.15,2136,0,-224,0,0,0.0,0.0,0.0,空
2026-06-16,5386,青雲,501.0,505.0,487.5,499.0,1011,0,-10,0,-5,0.0,0.0,0.0,空
2026-06-16,5388,中磊,86.5,86.9,84.2,84.2,2477,550,-703,0,-95,0.0,0.0,0.0,空
2026-06-16,5392,能率,44.85,45.9,43.9,43.9,9360,0,285,0,-31,0.0,0.0,0.0,空
2026-06-16,5398,慕康生醫,18.0,18.95,17.9,18.15,131,0,11,0,0,0.0,0.0,0.0,多
2026-06-16,5403,中菲,94.7,95.3,94.4,94.8,115,0,38,0,0,0.0,0.0,0.0,多
2026-06-16,5410,國眾,48.25,48.25,45.65,46.2,3101,0,-3,0,0,0.0,0.0,0.0,多
2026-06-16,5425,台半,102.0,102.5,97.5,98.3,18734,0,-461,0,365,0.0,0.0,0.0,空
2026-06-16,5426,振發,38.5,39.0,37.5,37.55,2725,0,-32,0,0,0.0,0.0,0.0,多
2026-06-16,5432,新門,145.5,146.0,140.5,141.5,341,0,-58,0,0,0.0,0.0,0.0,多
2026-06-16,5434,崇越,470.0,480.0,469.5,470.5,1034,242,293,-95,0,0.0,0.0,0.0,空
2026-06-16,5438,東友,19.0,19.85,18.75,19.0,217,0,25,0,0,0.0,0.0,0.0,空
2026-06-16,5439,高技,337.0,338.5,321.0,322.5,2389,0,636,-1000,-20,0.0,0.0,0.0,空
2026-06-16,5443,均豪,107.0,107.5,104.0,104.0,1384,0,-301,0,-35,0.0,0.0,0.0,空
2026-06-16,5450,寶聯通,15.05,15.1,14.2,14.3,205,0,-9,0,-2,0.0,0.0,0.0,多
2026-06-16,5450,南良,15.05,15.1,14.2,14.3,205,0,-9,0,-2,0.0,0.0,0.0,多
2026-06-16,5452,佶優,33.8,34.3,33.25,33.9,1744,0,638,0,-81,0.0,0.0,0.0,空
2026-06-16,5455,昇益,26.9,26.9,26.9,26.9,2,0,0,0,0,0.0,0.0,0.0,多
2026-06-16,5457,宣德,39.1,41.9,38.3,38.45,11286,0,-667,0,-23,0.0,0.0,0.0,多
2026-06-16,5460,同協,15.25,15.7,15.2,15.45,115,0,7,0,0,0.0,0.0,0.0,多
2026-06-16,5464,霖宏,70.2,72.7,69.6,70.0,820,0,-75,0,4,0.0,0.0,0.0,空
2026-06-16,5465,富驊,26.65,26.65,26.15,26.2,117,0,-46,0,0,0.0,0.0,0.0,空
2026-06-16,5468,凱鈺,26.25,26.25,25.5,26.25,4589,0,48,0,-296,0.0,0.0,0.0,多
2026-06-16,5469,瀚宇博,88.0,88.7,85.6,85.7,5107,2301,456,0,-27,0.0,0.0,0.0,多
2026-06-16,5471,松翰,58.5,59.6,57.3,57.5,16347,7372,-3027,0,2,0.0,0.0,0.0,多
2026-06-16,5474,聰泰,177.5,180.0,173.5,174.5,473,0,-123,0,2,0.0,0.0,0.0,空
2026-06-16,5475,德宏,239.5,251.0,227.5,230.5,2627,0,0,0,16,0.0,0.0,0.0,空
2026-06-16,5478,智冠,105.0,106.5,103.5,106.0,439,0,40,0,-1,0.0,0.0,0.0,多
2026-06-16,5481,新華,21.0,21.9,20.95,21.9,176,0,49,0,0,0.0,0.0,0.0,多
2026-06-16,5483,中美晶,174.0,188.0,172.0,175.0,45786,0,2582,1086,558,0.0,0.0,0.0,多
2026-06-16,5484,慧友,49.3,49.45,46.55,46.8,1045,0,262,0,0,0.0,0.0,0.0,空
2026-06-16,5487,通泰,27.5,27.85,27.25,27.8,51,0,-1,0,0,0.0,0.0,0.0,多
2026-06-16,5488,松普,12.8,12.8,12.15,12.35,526,0,-41,0,0,0.0,0.0,0.0,空
2026-06-16,5489,彩富,39.9,40.0,39.4,39.9,38,0,-2,0,9,0.0,0.0,0.0,多
2026-06-16,5490,同亨,29.6,29.6,29.0,29.1,359,0,-41,0,-3,0.0,0.0,0.0,空
2026-06-16,5493,三聯,93.5,93.5,89.0,89.0,324,0,-55,0,0,0.0,0.0,0.0,空
2026-06-16,5498,凱崴,68.4,69.0,66.2,66.2,5972,0,69,0,-8,0.0,0.0,0.0,多
2026-06-16,5508,永信建,56.6,57.3,55.4,55.6,869,0,-99,0,2,0.0,0.0,0.0,多
2026-06-16,5511,德昌,74.8,74.9,74.0,74.8,233,0,-7,0,0,0.0,0.0,0.0,多
2026-06-16,5512,力麒,7.99,7.99,7.86,7.87,853,0,35,0,0,0.0,0.0,0.0,多
2026-06-16,5514,三豐,14.1,14.2,14.05,14.05,31,0,-4,0,0,0.0,0.0,0.0,多
2026-06-16,5515,建國,44.5,44.5,43.25,43.3,565,153,-2,0,-7,0.0,0.0,0.0,多
2026-06-16,5516,雙喜,10.9,10.9,10.8,10.8,4,0,0,0,0,0.0,0.0,0.0,多
2026-06-16,5519,隆大,35.0,35.0,34.3,34.4,671,131,-66,0,0,0.0,0.0,0.0,多
2026-06-16,5520,力泰,82.3,82.3,82.3,82.3,2,0,0,0,0,0.0,0.0,0.0,多
2026-06-16,5521,工信,10.65,10.8,10.5,10.65,4764,803,634,0,5,0.0,0.0,0.0,多
2026-06-16,5522,遠雄,77.5,78.0,76.2,76.2,1231,205,-10,-250,23,0.0,0.0,0.0,多
2026-06-16,5523,豐謙,30.3,30.45,30.3,30.45,18,0,-1,0,0,0.0,0.0,0.0,空
2026-06-16,5525,順天,22.55,22.55,22.05,22.2,91,5,11,0,3,0.0,0.0,0.0,多
2026-06-16,5529,鉅陞,22.65,22.65,22.35,22.35,23,0,-15,0,0,0.0,0.0,0.0,多
2026-06-16,5530,龍巖,50.5,50.6,49.3,49.55,692,0,-93,0,0,0.0,0.0,0.0,空
2026-06-16,5531,鄉林,8.16,8.2,8.07,8.08,523,116,40,0,0,0.0,0.0,0.0,多
2026-06-16,5533,皇鼎,14.1,14.2,14.05,14.05,107,15,33,0,-5,0.0,0.0,0.0,多
2026-06-16,5534,長虹,82.4,83.2,82.2,82.3,818,178,152,0,114,0.0,0.0,0.0,多
2026-06-16,5536,聖暉*,1255.0,1290.0,1145.0,1175.0,1161,0,84,12,-54,0.0,0.0,0.0,多
2026-06-16,5538,東明-KY,32.4,32.55,31.9,32.05,41,13,15,0,-1,0.0,0.0,0.0,空
2026-06-16,5543,桓鼎-KY,29.55,29.55,29.0,29.5,16,0,0,0,0,0.0,0.0,0.0,空
2026-06-16,5546,永固-KY,16.85,16.95,16.75,16.75,19,3,6,0,2,0.0,0.0,0.0,多
2026-06-16,5547,久舜,22.0,22.0,21.9,21.95,40,0,0,0,0,0.0,0.0,0.0,多
2026-06-16,5548,安倉,23.5,23.5,23.4,23.4,15,0,0,0,0,0.0,0.0,0.0,多
2026-06-16,5601,台聯櫃,32.3,33.0,32.3,33.0,9,0,0,0,0,0.0,0.0,0.0,多
2026-06-16,5603,陸海,15.35,15.35,15.0,15.2,156,0,-58,0,0,0.0,0.0,0.0,多
2026-06-16,5604,中連貨,31.4,31.4,31.0,31.0,4,0,0,0,0,0.0,0.0,0.0,多
2026-06-16,5604,中連,31.4,31.4,31.0,31.0,4,0,0,0,0,0.0,0.0,0.0,多
2026-06-16,5607,遠雄港,53.0,53.0,51.7,52.0,613,110,43,0,-2,0.0,0.0,0.0,空
2026-06-16,5608,四維航,15.4,15.4,14.85,14.9,1117,282,-167,0,-1,0.0,0.0,0.0,多
2026-06-16,5609,中菲行,82.9,82.9,82.2,82.4,880,0,-8,0,89,0.0,0.0,0.0,多
2026-06-16,5701,劍湖山,5.05,5.51,5.05,5.51,872,0,0,0,0,0.0,0.0,0.0,多
2026-06-16,5703,亞都,13.65,14.1,13.65,14.0,11,0,0,0,0,0.0,0.0,0.0,多
2026-06-16,5704,老爺知,21.3,21.4,21.25,21.4,14,0,0,0,0,0.0,0.0,0.0,多
2026-06-16,5706,鳳凰,53.0,53.2,52.4,53.0,272,27,40,0,-2,0.0,0.0,0.0,多
2026-06-16,5859,遠壽,14.0,14.15,13.9,14.1,32,0,-9,0,0,0.0,0.0,0.0,多
2026-06-16,5863,瑞興銀,10.8,11.25,10.7,11.2,271,0,0,0,0,0.0,0.0,0.0,多
2026-06-16,5864,致和證,50.3,51.7,49.55,49.95,7847,0,511,0,0,0.0,0.0,0.0,空
2026-06-16,5871,中租-KY,118.5,118.5,114.0,116.5,14094,3770,-7136,2342,20,0.0,0.0,0.0,多
2026-06-16,5876,上海商銀,43.3,43.3,42.5,42.6,13335,3325,-3304,4241,-7,0.0,0.0,0.0,多
2026-06-16,5878,台名,39.3,39.3,39.2,39.2,7,0,0,0,0,0.0,0.0,0.0,空
2026-06-16,5880,合庫金,24.25,24.7,24.1,24.6,41356,2717,30094,990,207,0.0,0.0,0.0,多
2026-06-16,5902,德記,36.3,36.5,35.75,36.5,38,0,1,0,0,0.0,0.0,0.0,多
2026-06-16,5903,全家,188.5,188.5,188.0,188.5,19,0,-6,0,0,0.0,0.0,0.0,多
2026-06-16,5904,寶雅,634.0,634.0,623.0,625.0,187,0,23,0,-15,0.0,0.0,0.0,多
2026-06-16,5905,南仁湖,8.5,8.51,8.33,8.42,728,0,140,0,0,0.0,0.0,0.0,多
2026-06-16,5906,台南-KY,45.5,45.5,45.4,45.4,3,0,2,0,0,0.0,0.0,0.0,空
2026-06-16,5907,大洋-KY,5.0,5.06,4.98,4.99,367,47,37,0,0,0.0,0.0,0.0,多
2026-06-16,6005,群益證,41.0,41.1,39.7,39.75,18181,4928,7296,-6958,0,0.0,0.0,0.0,空
2026-06-16,6015,宏遠證,19.05,19.15,18.4,18.4,3773,0,-355,0,0,0.0,0.0,0.0,空
2026-06-16,6016,康和證,29.9,30.0,29.0,29.1,12070,0,-538,0,0,0.0,0.0,0.0,空
2026-06-16,6020,大展證,23.1,23.15,22.65,22.8,83,0,-25,0,0,0.0,0.0,0.0,空
2026-06-16,6021,美好證,41.85,41.85,40.5,41.05,505,0,-136,0,0,0.0,0.0,0.0,多
2026-06-16,6023,元大期,99.8,99.8,98.9,99.5,131,0,-8,0,0,0.0,0.0,0.0,空
2026-06-16,6024,群益期,61.8,62.5,61.7,61.8,366,57,115,0,0,0.0,0.0,0.0,多
2026-06-16,6026,福邦證,17.5,17.55,17.05,17.05,3994,0,-1457,0,0,0.0,0.0,0.0,空
2026-06-16,6027,德信,12.05,12.15,11.85,12.05,60,0,3,0,0,0.0,0.0,0.0,空
2026-06-16,6028,公勝保經,79.1,79.1,79.0,79.1,10,0,0,0,0,0.0,0.0,0.0,多
2026-06-16,6035,悠遊卡,52.7,52.7,50.0,52.4,13,0,0,0,0,0.0,0.0,0.0,多
2026-06-16,6101,寬魚國際,40.7,40.7,39.9,40.45,159,0,-11,0,0,0.0,0.0,0.0,空
2026-06-16,6103,合邦,33.4,36.3,33.4,34.0,4,0,1,0,0,0.0,0.0,0.0,多
2026-06-16,6104,創惟,103.0,103.5,99.1,99.1,1575,0,-603,0,-35,0.0,0.0,0.0,空
2026-06-16,6108,競國,19.45,19.6,18.9,18.95,935,122,-277,0,-2,0.0,0.0,0.0,空
2026-06-16,6109,亞元,11.2,11.35,11.05,11.15,90,0,-10,0,0,0.0,0.0,0.0,多
2026-06-16,6111,光聚晶電,45.4,45.8,44.55,44.9,330,0,96,0,3,0.0,0.0,0.0,多
2026-06-16,6112,邁達特,47.2,47.2,45.5,45.5,802,139,-44,0,0,0.0,0.0,0.0,空
2026-06-16,6113,亞矽,27.9,30.1,27.3,28.95,1952,0,358,0,32,0.0,0.0,0.0,多
2026-06-16,6114,久威,30.35,30.35,29.45,29.45,51,0,-9,0,0,0.0,0.0,0.0,空
2026-06-16,6115,鎰勝,49.2,49.4,48.8,48.8,314,25,19,0,0,0.0,0.0,0.0,多
2026-06-16,6116,彩晶,17.0,17.0,16.5,16.6,17784,0,2386,0,993,0.0,0.0,0.0,空
2026-06-16,6117,迎廣,77.5,77.5,75.5,75.5,332,58,-66,0,0,0.0,0.0,0.0,空
2026-06-16,6118,建達,17.8,17.8,17.0,17.0,363,0,-90,0,0,0.0,0.0,0.0,空
2026-06-16,6120,達運,14.2,14.25,13.8,13.8,2186,531,-339,0,-3,0.0,0.0,0.0,空
2026-06-16,6121,新普,421.0,426.0,417.0,421.0,953,0,163,-23,-4,0.0,0.0,0.0,多
2026-06-16,6122,擎邦,47.35,47.5,47.0,47.0,125,0,-27,0,-3,0.0,0.0,0.0,空
2026-06-16,6123,上奇,43.25,44.9,43.15,43.3,173,0,-42,0,0,0.0,0.0,0.0,空
2026-06-16,6124,業強,31.0,31.0,30.15,30.2,97,0,19,0,0,0.0,0.0,0.0,空
2026-06-16,6125,廣運,61.5,61.9,59.8,59.8,1105,0,-320,0,-78,0.0,0.0,0.0,空
2026-06-16,6126,信音,41.95,42.0,39.4,39.4,3873,0,-343,0,-174,0.0,0.0,0.0,空
2026-06-16,6127,九豪,80.0,80.0,76.0,76.5,4253,0,534,0,-9,0.0,0.0,0.0,空
2026-06-16,6128,上福,21.65,21.65,20.9,20.95,218,24,-78,0,2,0.0,0.0,0.0,多
2026-06-16,6129,普誠,15.9,16.0,15.6,15.7,437,0,-56,0,0,0.0,0.0,0.0,空
2026-06-16,6130,上亞科技,24.65,25.35,24.1,24.1,80,0,-6,0,0,0.0,0.0,0.0,多
2026-06-16,6133,金橋,24.3,24.55,23.15,23.5,1505,478,-247,0,1,0.0,0.0,0.0,空
2026-06-16,6134,萬旭,37.25,37.7,35.05,35.05,2415,0,-953,0,3,0.0,0.0,0.0,空
2026-06-16,6136,富爾特,25.3,25.3,25.15,25.15,247,15,-132,0,2,0.0,0.0,0.0,空
2026-06-16,6138,茂達,330.0,331.0,312.5,312.5,804,0,-75,0,-6,0.0,0.0,0.0,空
2026-06-16,6139,亞翔,884.0,884.0,797.0,812.0,9923,4256,-2898,35,-292,0.0,0.0,0.0,多
2026-06-16,6140,訊達,22.2,22.2,21.35,21.35,150,0,7,0,0,0.0,0.0,0.0,空
2026-06-16,6141,柏承,38.75,38.75,35.5,35.6,2999,0,-658,0,63,0.0,0.0,0.0,空
2026-06-16,6142,友勁,8.74,8.82,8.41,8.54,474,0,-93,0,1,0.0,0.0,0.0,多
2026-06-16,6143,振曜,90.7,91.0,88.6,88.6,619,0,-273,0,1,0.0,0.0,0.0,空
2026-06-16,6144,得利影,14.1,14.45,14.1,14.45,2,0,0,0,0,0.0,0.0,0.0,多
2026-06-16,6146,耕興,196.0,198.0,191.0,194.0,1166,0,631,0,3,0.0,0.0,0.0,空
2026-06-16,6147,頎邦,239.0,240.0,226.5,227.5,29309,0,-3797,-140,-1024,0.0,0.0,0.0,空
2026-06-16,6148,驊宏資,34.75,34.75,33.0,33.0,665,0,114,0,0,0.0,0.0,0.0,多
2026-06-16,6150,撼訊,66.6,66.8,63.7,63.7,516,0,-83,0,-3,0.0,0.0,0.0,空
2026-06-16,6151,晉倫,43.05,43.1,40.5,40.65,818,0,-159,0,0,0.0,0.0,0.0,空
2026-06-16,6152,百一,15.05,15.3,14.5,14.5,2017,0,-1210,0,0,0.0,0.0,0.0,空
2026-06-16,6153,嘉聯益,25.0,25.0,22.95,23.1,48271,26207,-4289,0,125,0.0,0.0,0.0,多
2026-06-16,6154,順發,14.2,14.3,14.1,14.2,94,0,6,0,0,0.0,0.0,0.0,多
2026-06-16,6155,鈞寶,92.5,95.0,87.5,87.6,35156,25078,-2752,0,-5,0.0,0.0,0.0,多
2026-06-16,6156,松上,23.75,24.25,22.45,22.9,5781,0,-379,0,11,0.0,0.0,0.0,多
2026-06-16,6158,禾昌,17.7,17.85,17.6,17.75,45,0,-5,0,0,0.0,0.0,0.0,空
2026-06-16,6160,欣技,16.9,16.9,16.45,16.55,76,0,-19,0,0,0.0,0.0,0.0,空
2026-06-16,6161,捷波,54.4,54.4,52.2,52.2,325,0,2,0,-5,0.0,0.0,0.0,空
2026-06-16,6163,華電網,52.7,52.7,51.2,51.3,1620,0,-3,0,-1,0.0,0.0,0.0,多
2026-06-16,6164,華興,13.2,13.2,12.8,12.85,511,84,100,0,0,0.0,0.0,0.0,多
2026-06-16,6165,浪凡,49.1,49.5,48.7,49.4,470,107,86,0,0,0.0,0.0,0.0,多
2026-06-16,6166,凌華,144.0,149.0,135.0,138.0,3910,1873,-144,0,-44,0.0,0.0,0.0,空
2026-06-16,6167,久正,11.95,12.05,11.6,11.75,477,0,24,0,0,0.0,0.0,0.0,多
2026-06-16,6168,宏齊,28.5,29.5,27.5,28.15,18214,7783,-3907,0,0,0.0,0.0,0.0,多
2026-06-16,6169,昱泉,14.45,16.5,14.45,15.5,106,0,-4,0,0,0.0,0.0,0.0,多
2026-06-16,6170,統振,52.0,52.6,51.7,52.4,404,0,28,0,0,0.0,0.0,0.0,多
2026-06-16,6171,大城地產,24.3,25.45,24.05,24.05,13,0,0,0,0,0.0,0.0,0.0,多
2026-06-16,6173,信昌電,309.5,311.0,287.0,287.0,33270,0,-3160,299,69,0.0,0.0,0.0,多
2026-06-16,6174,安碁,57.8,59.0,53.7,54.9,9351,0,51,0,-21,0.0,0.0,0.0,多
2026-06-16,6175,立敦,109.0,110.5,97.7,98.1,14821,0,-3200,0,-188,0.0,0.0,0.0,空
2026-06-16,6176,瑞儀,89.0,89.0,86.8,87.3,7812,1795,-1206,-22,-76,0.0,0.0,0.0,空
2026-06-16,6177,達麗,46.75,47.45,46.75,46.9,762,187,99,0,-66,0.0,0.0,0.0,多
2026-06-16,6179,亞通,24.1,25.8,23.9,25.3,4056,0,882,0,222,0.0,0.0,0.0,多
2026-06-16,6180,橘子,44.2,48.3,43.9,48.3,3393,0,575,0,2,0.0,0.0,0.0,多
2026-06-16,6182,合晶,104.0,107.0,103.0,107.0,19531,0,1057,89,45,0.0,0.0,0.0,多
2026-06-16,6183,關貿,91.6,91.6,90.1,90.4,26,4,8,0,0,0.0,0.0,0.0,多
2026-06-16,6184,大豐電,47.0,47.3,46.9,47.0,63,1,10,0,0,0.0,0.0,0.0,多
2026-06-16,6185,幃翔,14.25,14.3,14.05,14.1,211,0,-9,0,0,0.0,0.0,0.0,空
2026-06-16,6186,新潤,41.3,41.5,40.75,40.75,657,0,-80,0,-2,0.0,0.0,0.0,多
2026-06-16,6187,萬潤,1150.0,1180.0,1100.0,1140.0,2714,0,-272,134,69,0.0,0.0,0.0,多
2026-06-16,6188,廣明,82.0,82.0,79.1,79.1,1557,0,-639,0,-3,0.0,0.0,0.0,空
2026-06-16,6189,豐藝,57.9,60.5,56.6,56.6,13177,5377,394,-4,-32,0.0,0.0,0.0,多
2026-06-16,6190,萬泰科,80.4,80.6,76.1,76.2,4133,0,-53,0,-228,0.0,0.0,0.0,空
2026-06-16,6191,精成科,104.5,105.5,100.0,100.5,19613,9730,-213,0,25,0.0,0.0,0.0,多
2026-06-16,6192,巨路,116.5,118.0,116.5,117.5,183,36,-19,0,0,0.0,0.0,0.0,空
2026-06-16,6194,育富,32.9,32.9,32.4,32.4,127,0,-9,0,0,0.0,0.0,0.0,空
2026-06-16,6195,詩肯,27.5,27.6,27.25,27.3,34,0,-13,0,0,0.0,0.0,0.0,多
2026-06-16,6196,帆宣,575.0,580.0,538.0,541.0,3679,1426,-547,34,-99,0.0,0.0,0.0,多
2026-06-16,6197,佳必琪,334.0,335.5,318.0,320.5,3530,1416,-573,0,-44,0.0,0.0,0.0,空
2026-06-16,6198,瑞築,20.6,21.0,20.3,20.95,6,0,0,0,0,0.0,0.0,0.0,多
2026-06-16,6199,天品,90.4,94.7,88.0,92.3,902,0,-24,0,0,0.0,0.0,0.0,多
2026-06-16,6201,亞弘電,47.6,48.3,47.6,48.0,42,3,10,0,0,0.0,0.0,0.0,多
2026-06-16,6202,盛群,65.8,66.1,61.4,62.0,11370,4749,-1448,0,34,0.0,0.0,0.0,多
2026-06-16,6203,海韻電,68.0,68.3,67.0,67.0,141,0,-44,0,-2,0.0,0.0,0.0,空
2026-06-16,6204,艾華,110.5,110.5,101.0,102.0,1096,0,-16,0,0,0.0,0.0,0.0,空
2026-06-16,6205,詮欣,85.9,85.9,80.2,80.4,1137,274,-110,0,-1,0.0,0.0,0.0,空
2026-06-16,6206,飛捷,130.5,130.5,127.5,129.0,967,212,77,-2,-2,0.0,0.0,0.0,空
2026-06-16,6207,雷科,141.5,149.5,141.0,149.5,8968,0,1417,0,144,0.0,0.0,0.0,空
2026-06-16,6208,日揚,92.5,92.5,86.1,86.3,1266,0,-330,0,-10,0.0,0.0,0.0,空
2026-06-16,6209,今國光,87.2,95.3,86.4,95.3,49724,28761,5011,0,511,0.0,0.0,0.0,多
2026-06-16,6210,慶生,20.6,20.95,20.6,20.65,20,0,0,0,0,0.0,0.0,0.0,空
2026-06-16,6212,理銘,28.4,28.4,28.15,28.25,4,0,-1,0,0,0.0,0.0,0.0,空
2026-06-16,6213,聯茂,267.0,270.5,255.0,258.0,7694,4202,-220,-1,-84,0.0,0.0,0.0,空
2026-06-16,6214,精誠,144.0,144.0,140.0,141.0,2088,724,-559,0,-1,0.0,0.0,0.0,空
2026-06-16,6215,和椿,109.0,109.5,106.0,106.5,783,140,98,0,-9,0.0,0.0,0.0,空
2026-06-16,6216,居易,22.95,23.2,22.75,22.75,168,25,-42,0,3,0.0,0.0,0.0,多
2026-06-16,6217,中探針,252.5,252.5,234.0,235.5,4316,0,-570,0,-3,0.0,0.0,0.0,空
2026-06-16,6218,豪勉,37.0,37.0,35.05,35.3,1740,0,-102,0,0,0.0,0.0,0.0,空
2026-06-16,6219,富旺,12.95,13.1,12.85,12.95,282,0,-1,0,0,0.0,0.0,0.0,多
2026-06-16,6220,岳豐,37.45,37.45,35.4,35.75,1796,0,-498,0,-3,0.0,0.0,0.0,多
2026-06-16,6221,晉泰,23.65,24.2,23.6,23.6,135,0,10,0,0,0.0,0.0,0.0,多
2026-06-16,6222,立軒,20.3,20.8,20.3,20.7,15,0,-1,0,0,0.0,0.0,0.0,多
2026-06-16,6223,旺矽,6465.0,6800.0,6290.0,6445.0,944,0,33,11,-5,0.0,0.0,0.0,多
2026-06-16,6224,聚鼎,81.0,81.9,75.2,75.3,1538,419,-286,0,1,0.0,0.0,0.0,空
2026-06-16,6225,天瀚,23.25,23.25,23.25,23.25,1,0,0,0,0,0.0,0.0,0.0,空
2026-06-16,6226,光鼎,12.3,12.35,12.05,12.05,741,96,-215,0,-1,0.0,0.0,0.0,空
2026-06-16,6227,茂綸,128.0,128.0,123.5,125.5,465,0,61,0,-28,0.0,0.0,0.0,空
2026-06-16,6228,全譜,20.45,20.45,20.45,20.45,1,0,0,0,0,0.0,0.0,0.0,多
2026-06-16,6229,研通,26.95,26.95,26.0,26.05,146,0,-64,0,0,0.0,0.0,0.0,空
2026-06-16,6230,尼得科超眾,140.0,140.0,132.0,133.5,78,15,8,0,0,0.0,0.0,0.0,多
2026-06-16,6231,系微,283.5,284.5,269.5,271.0,528,0,-159,0,-22,0.0,0.0,0.0,空
2026-06-16,6233,旺玖,24.1,24.1,23.35,23.4,249,0,-29,0,0,0.0,0.0,0.0,空
2026-06-16,6234,高僑,43.65,44.25,41.4,41.6,1245,0,76,0,-8,0.0,0.0,0.0,空
2026-06-16,6235,華孚,42.5,42.5,40.75,40.75,599,124,-239,0,4,0.0,0.0,0.0,空
2026-06-16,6236,中湛,0.0,0.0,0.0,0.0,0,0,0,0,0,0.0,0.0,0.0,空
2026-06-16,6237,驊訊,45.85,46.3,44.8,45.0,454,0,-121,0,-4,0.0,0.0,0.0,空
2026-06-16,6239,力成,329.0,357.0,321.0,346.5,52667,30388,4910,515,925,0.0,0.0,0.0,空
2026-06-16,6240,松崗,17.75,18.15,17.75,18.15,8,0,3,0,0,0.0,0.0,0.0,多
2026-06-16,6241,鑫永洋,15.0,15.15,13.55,13.75,692,0,-56,0,0,0.0,0.0,0.0,多
2026-06-16,6242,立康,37.5,37.5,36.5,36.5,21,0,-1,0,0,0.0,0.0,0.0,空
2026-06-16,6243,迅杰,31.85,32.0,31.1,31.2,149,53,-7,0,0,0.0,0.0,0.0,空
2026-06-16,6244,茂迪,32.15,32.25,29.05,29.1,16553,0,-7827,0,-355,0.0,0.0,0.0,多
2026-06-16,6245,立端,82.0,82.2,81.1,81.3,417,0,-29,0,-14,0.0,0.0,0.0,空
2026-06-16,6246,臺龍,15.45,15.6,15.25,15.3,34,0,0,0,0,0.0,0.0,0.0,空
2026-06-16,6248,沛波,18.2,18.25,18.15,18.2,135,0,-42,0,0,0.0,0.0,0.0,空
2026-06-16,6257,矽格,224.0,224.5,214.0,214.0,6669,1887,-1613,-404,-12,0.0,0.0,0.0,空
2026-06-16,6259,百徽,32.0,33.35,30.15,31.8,5902,0,-246,0,5,0.0,0.0,0.0,多
2026-06-16,6261,久元,99.1,99.4,94.6,94.6,1410,0,-250,0,-28,0.0,0.0,0.0,空
2026-06-16,6263,普萊德,159.0,163.5,152.5,160.0,449,0,0,0,0,0.0,0.0,0.0,空
2026-06-16,6264,富裔,6.04,6.1,5.98,6.08,72,0,14,0,0,0.0,0.0,0.0,多
2026-06-16,6265,方土昶,59.1,60.2,55.7,55.9,9404,0,305,0,-59,0.0,0.0,0.0,空
2026-06-16,6266,泰詠,25.8,25.8,25.35,25.4,261,0,-71,0,0,0.0,0.0,0.0,空
2026-06-16,6269,台郡,74.2,79.5,72.4,73.3,12846,7251,1128,0,-29,0.0,0.0,0.0,多
2026-06-16,6270,倍微,35.5,35.7,34.35,34.35,1476,0,203,0,0,0.0,0.0,0.0,多
2026-06-16,6271,同欣電,248.5,248.5,224.5,224.5,9182,4103,-394,678,-93,0.0,0.0,0.0,空
2026-06-16,6272,驊陞,32.85,32.85,31.7,32.05,504,0,42,0,0,0.0,0.0,0.0,空
2026-06-16,6274,台燿,1590.0,1660.0,1580.0,1610.0,5919,0,-4,252,20,0.0,0.0,0.0,空
2026-06-16,6275,元山,48.0,48.0,47.05,47.1,247,0,-65,0,-2,0.0,0.0,0.0,空
2026-06-16,6276,安鈦克,26.0,26.75,25.3,25.35,39,0,-2,0,0,0.0,0.0,0.0,空
2026-06-16,6277,宏正,74.8,75.4,72.0,72.5,246,43,46,0,2,0.0,0.0,0.0,空
2026-06-16,6278,台表科,218.0,220.0,209.5,209.5,10318,4430,-736,-929,-369,0.0,0.0,0.0,空
2026-06-16,6279,胡連,121.5,121.5,118.0,118.0,557,0,-173,-1,10,0.0,0.0,0.0,空
2026-06-16,6281,全國電,51.5,51.7,51.3,51.5,80,11,6,0,0,0.0,0.0,0.0,多
2026-06-16,6282,康舒,59.2,59.9,57.7,57.7,20098,8844,-108,-59,-371,0.0,0.0,0.0,空
2026-06-16,6283,淳安,24.0,24.0,23.25,23.65,247,64,90,0,0,0.0,0.0,0.0,空
2026-06-16,6284,佳邦,109.0,109.5,99.9,100.5,8449,0,-1166,0,-44,0.0,0.0,0.0,空
2026-06-16,6285,啟碁,279.5,281.0,265.5,265.5,19542,10229,-2453,-1349,-44,0.0,0.0,0.0,空
2026-06-16,6290,良維,308.5,308.5,296.0,296.5,2890,0,-544,0,-28,0.0,0.0,0.0,空
2026-06-16,6291,沛亨,565.0,585.0,543.0,544.0,1457,0,-103,0,-5,0.0,0.0,0.0,空
2026-06-16,6292,迅德,69.8,72.9,67.2,67.6,2611,0,-61,0,0,0.0,0.0,0.0,多
2026-06-16,6294,智基,28.45,28.65,28.2,28.65,30,0,-10,0,0,0.0,0.0,0.0,多
2026-06-16,6405,悅城,62.5,63.6,59.1,59.1,2312,842,575,0,-73,0.0,0.0,0.0,空
2026-06-16,6407,相互,29.91,30.6,29.35,29.8,499,0,-7,0,0,0.0,0.0,0.0,空
2026-06-16,6409,旭隼,933.0,933.0,903.0,903.0,871,323,-171,-9,-21,0.0,0.0,0.0,多
2026-06-16,6411,晶焱,97.0,99.6,96.0,96.4,969,0,86,0,-7,0.0,0.0,0.0,空
2026-06-16,6412,群電,94.3,95.2,91.3,91.6,5500,1460,-2359,0,-17,0.0,0.0,0.0,空
2026-06-16,6414,樺漢,368.5,376.0,360.0,367.0,2815,565,1452,-406,35,0.0,0.0,0.0,空
2026-06-16,6415,矽力*-KY,570.0,588.0,562.0,588.0,4677,1128,-989,800,123,0.0,0.0,0.0,空
2026-06-16,6416,瑞祺電通,86.0,86.0,83.2,83.9,180,40,-64,0,-1,0.0,0.0,0.0,空
2026-06-16,6417,韋僑,134.0,134.5,128.5,129.0,177,0,18,0,0,0.0,0.0,0.0,空
2026-06-16,6418,詠昇,33.75,34.25,32.55,32.7,140,0,-25,0,0,0.0,0.0,0.0,多
2026-06-16,6419,京晨科,145.0,147.5,138.0,138.0,319,0,-15,0,0,0.0,0.0,0.0,空
2026-06-16,6423,億而得-創,83.1,83.7,81.8,82.0,97,0,-32,0,0,0.0,0.0,0.0,空
2026-06-16,6423,億而得,83.1,83.7,81.8,82.0,97,0,-32,0,0,0.0,0.0,0.0,空
2026-06-16,6425,易發,79.3,79.8,76.3,76.4,829,0,-47,0,0,0.0,0.0,0.0,空
2026-06-16,6426,統新,210.5,213.5,198.5,198.5,1094,409,-58,0,-36,0.0,0.0,0.0,空
2026-06-16,6428,台灣淘米,15.04,27.8,15.5,25.8,358,0,1,0,0,0.0,0.0,0.0,多
2026-06-16,6431,光麗-KY,19.4,19.45,18.85,19.45,114,0,32,0,1,0.0,0.0,0.0,多
2026-06-16,6432,今展科,72.8,76.7,70.2,71.9,5676,0,85,0,-9,0.0,0.0,0.0,空
2026-06-16,6434,達輝光電,17.54,18.1,16.8,16.85,570,0,-18,0,0,0.0,0.0,0.0,空
2026-06-16,6435,大中,282.0,287.5,271.0,272.5,648,0,-104,0,-2,0.0,0.0,0.0,空
2026-06-16,6438,迅得,153.5,153.5,149.0,149.0,381,37,76,0,1,0.0,0.0,0.0,空
2026-06-16,6441,廣錠,22.65,22.95,22.15,22.15,195,0,35,0,0,0.0,0.0,0.0,空
2026-06-16,6442,光聖,1940.0,1955.0,1875.0,1875.0,748,0,-46,-34,-13,0.0,0.0,0.0,空
2026-06-16,6443,元晶,41.5,41.6,39.0,39.05,21892,8372,-5467,0,42,0.0,0.0,0.0,空
2026-06-16,6446,藥華藥,961.0,997.0,952.0,991.0,1998,839,448,-11,2,0.0,0.0,0.0,空
2026-06-16,6449,鈺邦,455.5,483.5,417.0,418.5,5532,2915,-634,0,-82,0.0,0.0,0.0,多
2026-06-16,6451,訊芯-KY,540.0,576.0,535.0,549.0,8528,5311,-866,0,0,0.0,0.0,0.0,空
2026-06-16,6456,GIS-KY,74.5,75.1,71.0,71.1,3510,1027,-701,0,-7,0.0,0.0,0.0,空
2026-06-16,6461,益得,15.8,15.8,15.0,15.3,250,0,-25,0,0,0.0,0.0,0.0,多
2026-06-16,6462,神盾,115.0,115.0,111.0,111.0,514,0,-136,0,-2,0.0,0.0,0.0,空
2026-06-16,6464,台數科,78.0,78.0,77.6,78.0,25,1,20,0,-1,0.0,0.0,0.0,空
2026-06-16,6465,威潤,71.3,73.1,63.1,64.0,2583,0,70,0,-8,0.0,0.0,0.0,多
2026-06-16,6467,泰合,118.21,122.0,116.5,120.5,160,0,0,0,0,0.0,0.0,0.0,空
2026-06-16,6469,大樹,75.7,76.0,74.8,75.1,337,0,-11,0,0,0.0,0.0,0.0,多
2026-06-16,6470,宇智,49.0,49.0,48.5,48.95,50,0,-2,0,0,0.0,0.0,0.0,空
2026-06-16,6472,保瑞,407.0,412.5,398.5,405.5,1450,592,-101,0,1,0.0,0.0,0.0,多
2026-06-16,6473,美賣*,7.52,7.63,7.2,7.21,1250,0,-16,0,0,0.0,0.0,0.0,空
2026-06-16,6474,華豫寧,39.2,39.2,37.95,38.05,136,0,-6,0,0,0.0,0.0,0.0,空
2026-06-16,6477,安集,33.5,33.65,32.0,32.05,1298,144,-728,0,0,0.0,0.0,0.0,空
2026-06-16,6482,弘煜科,29.2,29.6,29.0,29.3,34,0,1,0,0,0.0,0.0,0.0,多
2026-06-16,6483,原創生醫,12.41,12.6,12.25,12.35,51,0,0,0,0,0.0,0.0,0.0,空
2026-06-16,6485,點序,88.2,90.5,86.9,88.0,887,0,-124,0,8,0.0,0.0,0.0,空
2026-06-16,6486,互動,82.1,84.4,81.5,81.9,127,0,-43,0,0,0.0,0.0,0.0,多
2026-06-16,6488,環球晶,983.0,1045.0,981.0,1045.0,13056,0,2356,944,-49,0.0,0.0,0.0,多
2026-06-16,6491,晶碩,315.5,315.5,307.0,311.0,447,69,225,0,-3,0.0,0.0,0.0,空
2026-06-16,6492,生華科,44.7,44.7,43.6,44.3,150,0,0,0,0,0.0,0.0,0.0,多
2026-06-16,6493,雷虎生,26.9,26.45,25.65,25.85,54,0,0,0,0,0.0,0.0,0.0,空
2026-06-16,6494,九齊,63.6,69.0,60.5,68.8,3120,0,-202,0,8,0.0,0.0,0.0,多
2026-06-16,6496,科懋,24.6,24.6,24.3,24.3,14,0,-3,0,0,0.0,0.0,0.0,多
2026-06-16,6498,久禾光,102.0,109.5,101.0,104.5,425,0,23,0,5,0.0,0.0,0.0,空
2026-06-16,6499,益安,74.8,77.5,74.3,75.5,252,0,-88,0,0,0.0,0.0,0.0,空
2026-06-16,6504,南六,35.9,36.05,35.4,36.05,38,13,3,0,0,0.0,0.0,0.0,空
2026-06-16,6505,台塑化,53.7,54.3,52.6,52.7,6752,2415,1081,-8,44,0.0,0.0,0.0,多
2026-06-16,6506,雙邦,18.8,18.8,18.5,18.65,157,0,11,0,0,0.0,0.0,0.0,空
2026-06-16,6508,惠光,23.6,23.95,23.45,23.65,81,0,-8,0,0,0.0,0.0,0.0,多
2026-06-16,6509,聚和,47.45,48.4,47.2,47.5,2181,0,323,-43,-30,0.0,0.0,0.0,空
2026-06-16,6510,精測,3650.0,3710.0,3500.0,3500.0,412,0,-1,-10,-22,0.0,0.0,0.0,多
2026-06-16,6512,啟發電,0.0,0.0,0.0,0.0,0,0,0,0,0,0.0,0.0,0.0,空
2026-06-16,6515,穎崴,9955.0,10150.0,9745.0,9945.0,366,143,-80,4,-1,0.0,0.0,0.0,多
2026-06-16,6516,勤崴國際,56.8,56.8,56.0,56.0,50,0,9,0,0,0.0,0.0,0.0,空
2026-06-16,6517,保勝光學,70.2,76.6,69.3,76.6,6237,0,-53,0,13,0.0,0.0,0.0,多
2026-06-16,6518,康科特,29.2,30.0,28.6,29.1,6,0,-1,0,0,0.0,0.0,0.0,空
2026-06-16,6523,達爾膚,98.7,99.0,98.4,98.6,26,0,-3,0,0,0.0,0.0,0.0,多
2026-06-16,6525,捷敏-KY,130.5,131.5,124.5,127.0,4405,1857,-986,-1,0,0.0,0.0,0.0,空
2026-06-16,6526,達發,659.0,671.0,646.0,660.0,560,211,100,0,2,0.0,0.0,0.0,空
2026-06-16,6527,明達醫,71.5,71.5,71.0,71.2,14,0,3,0,0,0.0,0.0,0.0,多
2026-06-16,6530,創威,98.9,101.5,95.1,95.1,951,0,-159,0,0,0.0,0.0,0.0,空
2026-06-16,6531,愛普*,945.0,974.0,920.0,924.0,3865,1494,-196,-189,8,0.0,0.0,0.0,空
2026-06-16,6532,瑞耘,90.2,90.6,88.6,88.7,231,0,-27,0,0,0.0,0.0,0.0,空
2026-06-16,6533,晶心科,209.5,209.5,201.5,201.5,349,95,-56,0,0,0.0,0.0,0.0,空
2026-06-16,6534,正瀚-創,90.5,90.9,89.6,90.4,75,9,-2,0,0,0.0,0.0,0.0,空
2026-06-16,6535,順藥,106.5,106.5,104.0,106.0,200,0,102,-30,0,0.0,0.0,0.0,空
2026-06-16,6536,碩豐,20.25,20.2,19.55,20.1,11,0,0,0,0,0.0,0.0,0.0,空
2026-06-16,6538,倉和,113.0,113.0,103.5,103.5,897,0,-349,0,8,0.0,0.0,0.0,空
2026-06-16,6539,麗彤,41.25,41.75,41.0,41.0,0,0,0,0,0,0.0,0.0,0.0,多
2026-06-16,6541,泰福-KY,40.15,40.75,39.6,40.5,263,56,103,0,-1,0.0,0.0,0.0,多
2026-06-16,6542,隆中,46.9,47.95,46.9,47.95,2,0,0,0,0,0.0,0.0,0.0,多
2026-06-16,6543,普惠醫工,19.06,19.15,19.0,19.15,15,0,0,0,0,0.0,0.0,0.0,空
2026-06-16,6546,正基,76.4,78.1,73.1,73.2,591,0,-129,0,-40,0.0,0.0,0.0,空
2026-06-16,6547,高端疫苗,45.95,46.2,45.4,45.4,867,0,-157,0,-4,0.0,0.0,0.0,空
2026-06-16,6548,長科*,93.2,93.2,90.1,91.9,2344,0,161,0,19,0.0,0.0,0.0,多
2026-06-16,6549,景凱,7.53,7.67,7.31,7.65,114,0,6,0,0,0.0,0.0,0.0,空
2026-06-16,6550,北極星藥業-KY,13.2,13.4,13.0,13.2,1043,0,244,0,1,0.0,0.0,0.0,多
2026-06-16,6552,易華電,30.0,30.3,29.05,29.25,196,47,-7,0,-1,0.0,0.0,0.0,空
2026-06-16,6555,榮炭,19.43,19.5,19.05,19.5,215,0,0,0,0,0.0,0.0,0.0,空
2026-06-16,6556,勝品,72.8,73.2,71.9,73.2,6,0,0,0,0,0.0,0.0,0.0,多
2026-06-16,6558,興能高,31.25,31.3,30.0,30.3,536,137,36,0,0,0.0,0.0,0.0,空
2026-06-16,6559,研晶,20.17,21.0,18.25,19.2,126,0,-4,0,0,0.0,0.0,0.0,空
2026-06-16,6560,欣普羅,37.4,38.0,36.85,37.1,98,0,-5,0,0,0.0,0.0,0.0,空
2026-06-16,6561,是方,342.5,342.5,338.5,339.0,54,0,-37,0,0,0.0,0.0,0.0,空
2026-06-16,6563,映智,27.32,28.55,27.35,28.1,51,0,0,0,0,0.0,0.0,0.0,空
2026-06-16,6564,安特羅,17.04,17.3,16.3,16.75,118,0,6,0,0,0.0,0.0,0.0,空
2026-06-16,6565,物聯,20.67,21.15,20.4,20.7,31,0,0,0,0,0.0,0.0,0.0,空
2026-06-16,6568,宏觀,176.0,180.0,170.0,172.0,254,0,-50,0,-25,0.0,0.0,0.0,空
2026-06-16,6569,醫揚,112.5,116.5,112.5,114.0,59,0,20,0,0,0.0,0.0,0.0,多
2026-06-16,6570,維田,56.1,56.4,53.2,54.0,568,0,-37,0,-10,0.0,0.0,0.0,空
2026-06-16,6572,博錸,7.35,7.56,7.2,7.39,94,0,-1,0,0,0.0,0.0,0.0,空
2026-06-16,6573,虹揚-KY,15.2,15.3,14.6,14.8,292,0,1,0,-1,0.0,0.0,0.0,空
2026-06-16,6574,霈方,112.0,112.0,106.5,107.5,117,0,-34,0,0,0.0,0.0,0.0,空
2026-06-16,6576,逸達,78.7,79.3,78.3,79.0,87,0,-17,0,0,0.0,0.0,0.0,多
2026-06-16,6577,勁豐,79.6,80.1,79.0,79.3,116,0,-11,0,0,0.0,0.0,0.0,空
2026-06-16,6578,達邦蛋白,16.7,17.1,16.45,16.45,77,0,-10,0,0,0.0,0.0,0.0,空
2026-06-16,6579,研揚,168.0,168.0,163.0,165.0,481,102,-30,0,-7,0.0,0.0,0.0,空
2026-06-16,6580,台睿,14.38,14.8,13.8,13.95,159,0,3,0,0,0.0,0.0,0.0,空
2026-06-16,6581,鋼聯,108.5,110.0,108.5,109.5,12,1,10,0,-2,0.0,0.0,0.0,多
2026-06-16,6582,申豐,31.65,31.65,31.35,31.6,39,6,0,0,-2,0.0,0.0,0.0,多
2026-06-16,6583,友松,12.48,12.5,12.45,12.45,1,0,0,0,0,0.0,0.0,0.0,多
2026-06-16,6584,南俊國際,627.0,632.0,605.0,606.0,500,0,-26,0,0,0.0,0.0,0.0,空
2026-06-16,6585,鼎基,136.5,139.5,134.5,138.5,924,363,34,0,0,0.0,0.0,0.0,多
2026-06-16,6586,醣基,66.09,67.3,65.8,67.0,442,0,0,0,0,0.0,0.0,0.0,空
2026-06-16,6588,東典光電,114.0,120.0,110.0,111.0,2599,0,-370,0,0,0.0,0.0,0.0,多
2026-06-16,6589,台康生技,45.25,45.25,44.35,45.0,660,177,-71,0,-1,0.0,0.0,0.0,多
2026-06-16,6590,普鴻,0.0,0.0,0.0,0.0,0,0,0,0,0,0.0,0.0,0.0,空
2026-06-16,6591,動力-KY,55.0,55.3,54.5,54.7,201,32,-17,0,0,0.0,0.0,0.0,空
2026-06-16,6592,和潤企業,66.0,66.0,64.9,65.4,413,52,166,0,1,0.0,0.0,0.0,多
2026-06-16,6593,台灣銘板,35.05,35.15,34.8,34.8,71,0,-20,0,0,0.0,0.0,0.0,多
2026-06-16,6595,光禹國際,30.59,31.2,31.2,31.2,0,0,0,0,0,0.0,0.0,0.0,多
2026-06-16,6596,寬宏藝術,94.0,94.1,93.0,93.5,231,0,-45,0,0,0.0,0.0,0.0,多
2026-06-16,6597,立誠,69.5,69.5,66.9,67.5,8,0,-2,0,0,0.0,0.0,0.0,空
2026-06-16,6598,ABC-KY,24.7,25.0,24.4,24.4,136,0,-5,0,0,0.0,0.0,0.0,空
2026-06-16,6599,普達系統,45.5,0.0,0.0,0.0,0,0,0,0,0,0.0,0.0,0.0,空
2026-06-16,6603,富強鑫,22.7,22.85,22.25,22.3,546,0,-95,0,0,0.0,0.0,0.0,空
2026-06-16,6604,儒億,35.85,37.2,35.3,35.5,60,0,0,0,0,0.0,0.0,0.0,空
2026-06-16,6605,帝寶,144.5,144.5,141.0,141.5,461,107,-109,0,0,0.0,0.0,0.0,空
2026-06-16,6606,建德工業,26.35,26.35,25.8,25.8,307,7,-20,0,-5,0.0,0.0,0.0,空
2026-06-16,6609,瀧澤科,41.2,41.25,40.6,41.0,207,0,8,0,0,0.0,0.0,0.0,空
2026-06-16,6610,安成生技,26.19,30.95,27.0,28.6,661,0,4,0,0,0.0,0.0,0.0,空
2026-06-16,6612,奈米醫材,73.7,74.0,72.8,73.1,65,0,-13,0,0,0.0,0.0,0.0,空
2026-06-16,6613,朋億*,365.0,376.5,355.5,360.0,3806,0,238,0,-115,0.0,0.0,0.0,多
2026-06-16,6614,資拓宏宇,40.5,40.5,40.2,40.25,35,3,3,0,-6,0.0,0.0,0.0,多
2026-06-16,6615,慧智,34.0,34.95,34.0,34.65,19,0,-3,0,0,0.0,0.0,0.0,多
2026-06-16,6616,特昇-KY,9.59,9.75,9.59,9.72,38,0,10,0,0,0.0,0.0,0.0,多
2026-06-16,6617,共信-KY,69.0,69.0,67.4,67.8,185,0,-46,0,0,0.0,0.0,0.0,空
2026-06-16,6618,永虹先進,18.19,18.25,17.85,17.9,340,0,0,0,0,0.0,0.0,0.0,空
2026-06-16,6620,漢達,72.7,73.5,70.5,71.2,635,0,-98,0,28,0.0,0.0,0.0,空
2026-06-16,6621,華宇藥,11.56,12.15,11.6,11.75,66,0,9,0,0,0.0,0.0,0.0,多
2026-06-16,6622,百聿數碼,7.12,7.19,6.84,7.15,1,0,0,0,0,0.0,0.0,0.0,多
2026-06-16,6624,萬年清,45.15,45.15,43.0,43.55,10,0,-2,0,0,0.0,0.0,0.0,多
2026-06-16,6625,必應,77.8,78.1,77.4,77.9,186,31,59,0,0,0.0,0.0,0.0,多
2026-06-16,6629,泰金-KY,114.5,114.5,114.5,114.5,4,0,-3,0,0,0.0,0.0,0.0,空
2026-06-16,6634,欣耀,64.71,68.5,63.1,64.0,139,0,3,0,0,0.0,0.0,0.0,空
2026-06-16,6637,醫影,64.0,64.4,63.4,63.4,15,0,-6,0,0,0.0,0.0,0.0,空
2026-06-16,6638,沅聖,53.63,54.0,51.1,52.8,16,0,3,0,0,0.0,0.0,0.0,空
2026-06-16,6639,源大環能,6.44,6.62,6.3,6.4,23,0,0,0,0,0.0,0.0,0.0,空
2026-06-16,6640,均華,1140.0,1155.0,1105.0,1115.0,218,0,-30,20,-1,0.0,0.0,0.0,空
2026-06-16,6641,基士德-KY,18.7,18.7,18.35,18.4,27,0,4,0,0,0.0,0.0,0.0,多
2026-06-16,6642,富致,86.9,87.9,83.8,83.8,853,0,-45,0,0,0.0,0.0,0.0,空
2026-06-16,6643,M31,497.5,501.0,480.0,483.5,438,0,9,0,-5,0.0,0.0,0.0,空
2026-06-16,6645,金萬林-創,15.05,15.15,14.3,14.5,92,0,-21,0,0,0.0,0.0,0.0,多
2026-06-16,6648,斯其大,16.79,17.1,16.3,16.75,49,0,-3,0,0,0.0,0.0,0.0,空
2026-06-16,6649,台生材,37.85,38.0,37.8,38.0,15,0,-4,0,1,0.0,0.0,0.0,空
2026-06-16,6650,帝圖,28.1,28.2,26.9,26.9,12,0,0,0,0,0.0,0.0,0.0,空
2026-06-16,6651,全宇昕,136.5,136.5,132.5,133.0,128,0,14,0,-2,0.0,0.0,0.0,空
2026-06-16,6654,天正國際,207.0,207.0,194.0,207.0,417,0,-15,0,0,0.0,0.0,0.0,多
2026-06-16,6655,科定,125.5,125.5,121.0,125.0,11,4,7,0,0,0.0,0.0,0.0,空
2026-06-16,6657,華安,35.6,36.5,34.8,36.0,227,0,81,0,-1,0.0,0.0,0.0,空
2026-06-16,6658,聯策,184.0,196.5,183.0,186.5,1538,848,-207,0,-3,0.0,0.0,0.0,空
2026-06-16,6659,天明製藥,19.78,20.55,19.2,20.2,119,0,0,0,0,0.0,0.0,0.0,多
2026-06-16,6661,威健生技,16.5,16.5,16.0,16.0,3,0,0,0,0,0.0,0.0,0.0,空
2026-06-16,6662,樂斯科,29.5,29.9,29.5,29.9,2,0,0,0,0,0.0,0.0,0.0,多
2026-06-16,6664,群翊,377.0,379.0,369.5,376.0,363,0,12,0,2,0.0,0.0,0.0,空
2026-06-16,6665,康聯生醫,18.95,21.55,19.8,21.0,77,0,1,0,0,0.0,0.0,0.0,多
2026-06-16,6666,羅麗芬-KY,43.2,43.2,42.45,42.65,45,8,-9,0,0,0.0,0.0,0.0,多
2026-06-16,6667,信紘科,284.0,284.0,274.5,276.0,807,0,-183,0,-3,0.0,0.0,0.0,多
2026-06-16,6668,中揚光,40.1,43.8,39.5,43.8,4960,1708,826,0,5,0.0,0.0,0.0,多
2026-06-16,6669,緯穎,5030.0,5085.0,4880.0,4880.0,1814,535,-78,-328,-22,0.0,0.0,0.0,空
2026-06-16,6670,復盛應用,286.0,290.5,282.5,287.5,1251,324,-367,322,-95,0.0,0.0,0.0,多
2026-06-16,6671,三能-KY,25.95,26.45,25.6,26.05,162,8,37,0,-5,0.0,0.0,0.0,多
2026-06-16,6672,騰輝電子-KY,237.0,237.5,220.5,222.0,5826,2146,-1725,0,-106,0.0,0.0,0.0,空
2026-06-16,6673,和詮,14.84,15.5,13.95,14.65,427,0,-13,0,0,0.0,0.0,0.0,空
2026-06-16,6674,鋐寶科技,17.5,17.5,17.3,17.3,23,3,0,0,-1,0.0,0.0,0.0,空
2026-06-16,6676,祥翊,13.22,13.25,12.55,13.25,317,0,2,0,0,0.0,0.0,0.0,空
2026-06-16,6677,瑩碩生技,16.8,16.95,16.55,16.9,37,0,0,0,0,0.0,0.0,0.0,空
2026-06-16,6679,鈺太,274.5,274.5,267.5,270.0,157,0,0,0,0,0.0,0.0,0.0,空
2026-06-16,6680,鑫創電子,54.6,54.8,53.2,53.9,9,0,0,0,0,0.0,0.0,0.0,多
2026-06-16,6682,華旭先進,63.45,65.4,60.7,61.4,1783,0,-85,0,0,0.0,0.0,0.0,空
2026-06-16,6683,雍智科技,1635.0,1740.0,1565.0,1725.0,2727,0,-532,287,24,0.0,0.0,0.0,多
2026-06-16,6684,安格,50.8,50.8,48.5,48.55,210,0,-15,0,0,0.0,0.0,0.0,多
2026-06-16,6689,伊雲谷,67.6,67.9,67.0,67.8,110,25,-11,0,2,0.0,0.0,0.0,空
2026-06-16,6690,安碁資訊,181.0,181.5,177.0,177.5,210,0,-65,0,0,0.0,0.0,0.0,空
2026-06-16,6691,洋基工程,782.0,782.0,702.0,710.0,2503,1095,-77,0,-61,0.0,0.0,0.0,多
2026-06-16,6692,進能服,25.2,27.55,24.85,26.3,79,0,-5,0,0,0.0,0.0,0.0,多
2026-06-16,6693,廣閎科,189.5,197.0,175.0,178.0,3818,0,-100,60,-81,0.0,0.0,0.0,多
2026-06-16,6695,芯鼎,55.0,57.1,52.2,52.6,2529,916,-135,0,-11,0.0,0.0,0.0,空
2026-06-16,6696,仁新,399.91,403.0,394.5,399.5,266,0,-3,0,0,0.0,0.0,0.0,多
2026-06-16,6697,東捷資訊,41.9,41.9,41.35,41.75,33,0,-3,0,-1,0.0,0.0,0.0,空
2026-06-16,6698,旭暉應材,38.65,39.8,38.5,39.0,652,162,116,0,-1,0.0,0.0,0.0,空
2026-06-16,6703,軒郁,110.0,110.0,108.0,108.5,86,0,-25,0,0,0.0,0.0,0.0,多
2026-06-16,6704,國璽幹細胞,21.08,22.0,21.0,21.3,122,0,3,0,0,0.0,0.0,0.0,多
2026-06-16,6705,振躍精密,94.16,93.6,89.1,93.4,44,0,-7,0,0,0.0,0.0,0.0,空
2026-06-16,6706,惠特,167.5,178.0,165.5,165.5,5451,3261,-194,0,171,0.0,0.0,0.0,空
2026-06-16,6707,富基電通,34.14,34.45,32.75,33.95,145,0,0,0,0,0.0,0.0,0.0,空
2026-06-16,6708,天擎,39.3,39.5,39.0,39.2,18,0,1,0,0,0.0,0.0,0.0,空
2026-06-16,6709,昱厚生技,24.83,25.5,24.8,24.8,63,0,0,0,0,0.0,0.0,0.0,空
2026-06-16,6712,長聖,139.5,140.0,137.0,138.5,256,0,-56,0,0,0.0,0.0,0.0,多
2026-06-16,6715,嘉基,407.0,432.0,407.0,432.0,823,208,95,0,3,0.0,0.0,0.0,空
2026-06-16,6716,應廣,96.0,103.0,92.0,99.6,885,0,-82,0,1,0.0,0.0,0.0,空
2026-06-16,6719,力智,249.0,254.0,238.0,239.5,2840,1289,-314,0,3,0.0,0.0,0.0,空
2026-06-16,6720,久昌,145.5,146.0,142.0,142.0,29,0,-6,0,0,0.0,0.0,0.0,空
2026-06-16,6721,信實,59.1,59.1,59.1,59.1,12,0,0,0,0,0.0,0.0,0.0,多
2026-06-16,6722,輝創,38.1,38.1,37.45,37.8,87,0,-2,0,-1,0.0,0.0,0.0,空
2026-06-16,6723,傑智環境,37.17,38.25,36.15,37.3,54,0,0,0,0,0.0,0.0,0.0,空
2026-06-16,6725,矽科宏晟,307.0,327.5,302.0,320.0,534,0,17,0,-10,0.0,0.0,0.0,空
2026-06-16,6727,亞泰金屬,419.5,422.0,391.0,392.0,1075,0,26,0,-2,0.0,0.0,0.0,空
2026-06-16,6728,上洋,109.5,111.5,109.0,111.5,6,0,1,0,0,0.0,0.0,0.0,多
2026-06-16,6729,機光科技,51.4,55.7,51.4,53.0,57,0,0,0,0,0.0,0.0,0.0,空
2026-06-16,6730,常廣,38.0,40.0,37.75,38.5,212,0,12,0,0,0.0,0.0,0.0,多
2026-06-16,6732,昇佳電子,159.0,159.0,154.0,154.5,93,0,-23,0,0,0.0,0.0,0.0,空
2026-06-16,6733,博晟生醫,25.55,25.55,25.0,25.25,258,0,11,0,0,0.0,0.0,0.0,多
2026-06-16,6734,安盛生,6.98,7.0,6.7,6.93,23,0,0,0,0,0.0,0.0,0.0,空
2026-06-16,6735,美達科技,92.7,93.4,90.0,90.6,257,0,54,0,0,0.0,0.0,0.0,空
2026-06-16,6737,秀育,28.8,30.35,29.35,30.1,1,0,0,0,0,0.0,0.0,0.0,空
2026-06-16,6738,鼎恒,65.4,66.7,64.0,66.7,63,0,-3,0,0,0.0,0.0,0.0,多
2026-06-16,6739,竹陞科技,1180.0,1180.0,1130.0,1140.0,122,0,15,0,-2,0.0,0.0,0.0,空
2026-06-16,6741,91APP*-KY,61.1,61.2,60.1,60.9,243,0,-41,0,20,0.0,0.0,0.0,空
2026-06-16,6742,澤米,60.0,63.2,58.3,61.4,6857,4028,193,0,-6,0.0,0.0,0.0,空
2026-06-16,6743,安普新,29.3,29.3,28.65,28.8,241,30,31,0,-1,0.0,0.0,0.0,空
2026-06-16,6744,豐技生技,15.9,15.9,15.2,15.9,3,0,0,0,0,0.0,0.0,0.0,多
2026-06-16,6748,亞果生醫,130.97,137.0,126.5,128.0,1072,0,6,0,0,0.0,0.0,0.0,多
2026-06-16,6750,泰創工程,63.77,66.0,63.1,65.3,86,0,-3,0,0,0.0,0.0,0.0,空
2026-06-16,6751,智聯服務,48.5,48.85,47.4,48.85,26,0,-7,0,0,0.0,0.0,0.0,多
2026-06-16,6752,叡揚,102.0,102.0,101.0,101.5,33,0,13,0,1,0.0,0.0,0.0,空
2026-06-16,6753,龍德造船,122.0,122.0,118.5,119.0,498,85,8,0,-6,0.0,0.0,0.0,空
2026-06-16,6754,匯僑設計,45.5,45.55,45.05,45.4,23,2,4,0,1,0.0,0.0,0.0,多
2026-06-16,6755,連鋐科技,16.47,16.45,16.45,16.45,0,0,0,0,0,0.0,0.0,0.0,空
2026-06-16,6756,威鋒電子,101.5,103.0,97.0,97.7,336,116,-18,0,0,0.0,0.0,0.0,空
2026-06-16,6757,台灣虎航-創,58.5,58.8,55.7,56.4,3810,873,-1517,0,-24,0.0,0.0,0.0,多
2026-06-16,6757,台灣虎航,58.5,58.8,55.7,56.4,3810,873,-1517,0,-24,0.0,0.0,0.0,多
2026-06-16,6758,冠亞,28.79,30.0,30.0,30.0,0,0,0,0,0,0.0,0.0,0.0,多
2026-06-16,6761,穩得,200.0,201.0,192.0,192.0,387,0,-114,0,-18,0.0,0.0,0.0,空
2026-06-16,6762,達亞,0.0,0.0,0.0,0.0,0,0,0,0,0,0.0,0.0,0.0,空
2026-06-16,6763,綠界科技,48.0,48.0,47.0,47.3,604,0,118,0,0,0.0,0.0,0.0,多
2026-06-16,6763,綠界科技*,48.0,48.0,47.0,47.3,604,0,118,0,0,0.0,0.0,0.0,多
2026-06-16,6767,台微醫,25.2,25.25,25.2,25.2,10,0,1,0,0,0.0,0.0,0.0,空
2026-06-16,6768,志強-KY,88.8,88.8,86.2,87.1,313,84,5,-1,-3,0.0,0.0,0.0,空
2026-06-16,6770,力積電,75.0,77.6,71.0,71.0,291491,136279,-73881,430,99,0.0,0.0,0.0,空
2026-06-16,6771,平和環保-創,42.0,42.0,41.6,41.95,39,2,2,0,0,0.0,0.0,0.0,多
2026-06-16,6775,穎台科技,40.11,42.6,40.05,41.35,364,0,-8,0,0,0.0,0.0,0.0,空
2026-06-16,6776,展碁國際,59.8,59.8,58.8,59.3,264,50,-86,0,-1,0.0,0.0,0.0,空
2026-06-16,6780,學習王,40.79,41.2,39.15,39.55,17,0,1,0,0,0.0,0.0,0.0,空
2026-06-16,6781,AES-KY,1195.0,1210.0,1155.0,1155.0,1096,523,-50,0,-18,0.0,0.0,0.0,空
2026-06-16,6782,視陽,193.5,193.5,190.0,190.0,216,25,-115,0,0,0.0,0.0,0.0,多
2026-06-16,6784,天凱科技,24.23,24.25,21.65,22.65,575,0,13,0,0,0.0,0.0,0.0,空
2026-06-16,6785,昱展新藥,116.5,117.0,114.5,115.0,49,0,2,0,0,0.0,0.0,0.0,多
2026-06-16,6786,芯測,84.07,86.0,79.1,80.1,280,0,-1,0,0,0.0,0.0,0.0,空
2026-06-16,6787,晶瑞光,34.11,34.7,32.7,33.5,795,0,-14,0,0,0.0,0.0,0.0,多
2026-06-16,6788,華景電,447.0,447.0,427.0,427.0,1388,0,-289,0,-26,0.0,0.0,0.0,多
2026-06-16,6789,采鈺,498.5,512.0,486.5,488.0,2719,1267,-367,-17,19,0.0,0.0,0.0,空
2026-06-16,6790,永豐實,39.9,39.9,39.65,39.65,166,15,20,0,0,0.0,0.0,0.0,多
2026-06-16,6791,虎門科技,106.0,106.0,102.0,102.5,35,0,-3,0,0,0.0,0.0,0.0,空
2026-06-16,6792,詠業,70.3,71.9,68.1,68.5,150,27,-23,0,0,0.0,0.0,0.0,空
2026-06-16,6793,天力離岸,5.09,5.25,4.9,5.0,227,0,-7,0,0,0.0,0.0,0.0,多
2026-06-16,6794,向榮生技-創,79.0,80.8,79.0,79.9,30,2,5,0,0,0.0,0.0,0.0,空
2026-06-16,6794,向榮生技,79.0,80.8,79.0,79.9,30,2,5,0,0,0.0,0.0,0.0,空
2026-06-16,6796,晉弘,62.0,62.0,59.9,59.9,43,6,-13,0,0,0.0,0.0,0.0,多
2026-06-16,6797,圓點奈米,13.61,14.2,13.1,13.65,36,0,0,0,0,0.0,0.0,0.0,空
2026-06-16,6798,展逸,49.96,50.3,49.0,50.0,6,0,0,0,0,0.0,0.0,0.0,空
2026-06-16,6799,來頡,91.0,92.5,90.3,90.3,416,113,33,0,0,0.0,0.0,0.0,空
2026-06-16,6803,崑鼎,288.5,288.5,286.5,286.5,70,0,-31,0,3,0.0,0.0,0.0,多
2026-06-16,6804,明係,16.45,16.45,16.2,16.3,22,0,-10,0,0,0.0,0.0,0.0,多
2026-06-16,6805,富世達,1740.0,1765.0,1720.0,1725.0,1041,453,-55,-117,5,0.0,0.0,0.0,空
2026-06-16,6806,森崴能源,3.3,3.64,3.3,3.64,5321,0,-40,0,0,0.0,0.0,0.0,多
2026-06-16,6807,峰源-KY,33.8,33.8,32.5,33.25,50,5,5,0,0,0.0,0.0,0.0,多
2026-06-16,6808,三鼎生技,25.49,26.1,24.7,25.0,113,0,0,0,0,0.0,0.0,0.0,空
2026-06-16,6810,新穎生醫,27.36,27.95,27.0,27.05,49,0,3,0,0,0.0,0.0,0.0,空
2026-06-16,6811,宏碁資訊,231.0,232.0,227.0,230.0,253,0,38,0,0,0.0,0.0,0.0,空
2026-06-16,6812,梭特,67.61,68.7,66.4,68.4,85,0,0,0,0,0.0,0.0,0.0,空
2026-06-16,6814,路迦生醫,24.77,24.7,22.5,24.7,17,0,0,0,0,0.0,0.0,0.0,多
2026-06-16,6815,晶鑽生醫,30.89,31.0,30.05,31.0,25,0,0,0,0,0.0,0.0,0.0,多
2026-06-16,6816,捷智商訊,37.69,37.7,35.85,37.7,0,0,0,0,0,0.0,0.0,0.0,多
2026-06-16,6817,溫士頓,62.7,61.7,57.1,61.7,77,0,4,0,0,0.0,0.0,0.0,多
2026-06-16,6818,連騰,57.33,58.8,56.2,57.2,74,0,0,0,0,0.0,0.0,0.0,空
2026-06-16,6819,眾智,36.5,36.95,34.65,35.9,114,0,-2,0,0,0.0,0.0,0.0,空
2026-06-16,6820,連訊,304.87,321.0,287.0,301.0,85,0,-1,0,0,0.0,0.0,0.0,空
2026-06-16,6821,聯寶,67.3,67.9,60.6,60.7,1867,0,-35,0,14,0.0,0.0,0.0,空
2026-06-16,6823,濾能,66.2,67.1,65.0,65.3,45,0,-1,0,0,0.0,0.0,0.0,空
2026-06-16,6825,和暢科技,45.48,45.9,44.7,45.5,4,0,0,0,0,0.0,0.0,0.0,空
2026-06-16,6826,和淞,568.26,569.0,545.0,552.0,183,0,-17,0,0,0.0,0.0,0.0,多
2026-06-16,6827,巨生醫,12.47,13.15,12.1,12.4,65,0,-10,0,0,0.0,0.0,0.0,空
2026-06-16,6829,千附精密,206.0,219.0,206.0,210.0,1906,0,-180,0,28,0.0,0.0,0.0,空
2026-06-16,6830,汎銓,510.0,520.0,500.0,500.0,584,0,-65,-13,0,0.0,0.0,0.0,空
2026-06-16,6831,邁科,749.0,752.0,705.0,705.0,672,275,-190,0,-11,0.0,0.0,0.0,空
2026-06-16,6832,金鼎科,81.77,85.5,81.7,85.0,5,0,0,0,0,0.0,0.0,0.0,空
2026-06-16,6833,太康精密,23.87,24.0,23.1,23.95,19,0,-3,0,0,0.0,0.0,0.0,空
2026-06-16,6834,天二科技,89.0,92.5,83.3,84.0,12563,6223,-1067,0,0,0.0,0.0,0.0,多
2026-06-16,6835,圓裕,36.75,36.9,36.35,36.35,42,4,-16,0,0,0.0,0.0,0.0,空
2026-06-16,6838,台新藥,25.0,25.55,24.7,25.4,196,0,30,0,-4,0.0,0.0,0.0,多
2026-06-16,6839,開陽能源,13.1,13.15,12.55,12.85,36,0,-3,0,0,0.0,0.0,0.0,多
2026-06-16,6840,東研信超,66.2,67.0,65.9,65.9,42,0,-4,0,0,0.0,0.0,0.0,空
2026-06-16,6841,長佳智能,60.9,60.9,60.1,60.2,230,0,-17,0,-2,0.0,0.0,0.0,多
2026-06-16,6842,瑞宇,89.03,90.3,86.7,87.3,203,0,2,0,0,0.0,0.0,0.0,空
2026-06-16,6843,進典,40.05,40.1,39.9,39.9,40,0,-2,0,0,0.0,0.0,0.0,空
2026-06-16,6844,諾貝兒,66.1,66.1,65.2,65.9,28,0,0,0,0,0.0,0.0,0.0,多
2026-06-16,6846,綠茵,67.8,67.8,66.7,67.3,5,0,-1,0,0,0.0,0.0,0.0,空
2026-06-16,6847,普瑞博,78.82,80.3,72.5,78.0,65,0,5,0,0,0.0,0.0,0.0,空
2026-06-16,6848,拉法醫,20.12,20.6,19.9,19.9,28,0,0,0,0,0.0,0.0,0.0,多
2026-06-16,6849,奇鼎科技,184.36,186.0,177.0,177.5,205,0,0,0,0,0.0,0.0,0.0,空
2026-06-16,6850,光鼎生技,34.38,35.0,34.0,34.05,66,0,0,0,0,0.0,0.0,0.0,多
2026-06-16,6854,錼創科技-KY創,133.0,133.0,128.0,129.0,386,88,-52,0,0,0.0,0.0,0.0,空
2026-06-16,6855,數泓科,125.0,125.0,120.0,122.0,20,0,2,0,1,0.0,0.0,0.0,空
2026-06-16,6856,鑫傳,46.75,47.5,44.6,47.35,8,0,0,0,0,0.0,0.0,0.0,多
2026-06-16,6857,宏碁智醫,93.13,94.5,92.0,94.5,1,0,0,0,0,0.0,0.0,0.0,空
2026-06-16,6858,愛比科技,23.46,23.9,23.9,23.9,6,0,0,0,0,0.0,0.0,0.0,多
2026-06-16,6859,伯特光,126.0,128.5,125.5,126.5,49,0,8,0,0,0.0,0.0,0.0,空
2026-06-16,6861,睿生光電,318.0,342.0,315.0,342.0,520,60,21,0,0,0.0,0.0,0.0,空
2026-06-16,6862,三集瑞-KY,205.0,207.0,188.0,188.0,1622,603,-320,0,-41,0.0,0.0,0.0,空
2026-06-16,6863,永道-KY,97.7,97.7,95.5,96.5,63,16,2,0,0,0.0,0.0,0.0,空
2026-06-16,6864,元樟生技,48.47,49.0,48.35,48.95,8,0,0,0,0,0.0,0.0,0.0,多
2026-06-16,6865,偉康科技,25.6,28.2,25.6,26.6,275,0,12,0,0,0.0,0.0,0.0,多
2026-06-16,6867,坦德科技,20.61,20.95,20.0,20.8,4,0,0,0,0,0.0,0.0,0.0,多
2026-06-16,6868,采威國際,29.39,28.7,28.35,28.7,4,0,0,0,0,0.0,0.0,0.0,空
2026-06-16,6869,雲豹能源-創,79.1,79.3,77.7,78.2,560,86,-58,0,1,0.0,0.0,0.0,空
2026-06-16,6869,雲豹能源,79.1,79.3,77.7,78.2,560,86,-58,0,1,0.0,0.0,0.0,空
2026-06-16,6870,騰雲,282.0,290.0,273.5,280.0,189,0,20,0,-4,0.0,0.0,0.0,空
2026-06-16,6872,浩宇生醫,17.5,17.5,16.75,16.75,41,0,0,0,0,0.0,0.0,0.0,空
2026-06-16,6873,泓德能源-創,81.4,81.6,78.7,78.7,975,180,-241,0,-18,0.0,0.0,0.0,空
2026-06-16,6873,泓德能源,81.4,81.6,78.7,78.7,975,180,-241,0,-18,0.0,0.0,0.0,空
2026-06-16,6874,倍力,83.4,84.5,83.2,84.5,46,0,20,0,0,0.0,0.0,0.0,多
2026-06-16,6875,國邑*,34.9,36.1,34.8,35.6,140,0,45,0,0,0.0,0.0,0.0,多
2026-06-16,6876,朗齊生醫*,16.7,16.6,15.9,16.05,187,0,0,0,0,0.0,0.0,0.0,空
2026-06-16,6877,鏵友益,132.0,132.0,123.5,128.0,199,0,-7,0,-1,0.0,0.0,0.0,空
2026-06-16,6878,歐付寶,9.96,9.96,9.6,9.8,43,0,-2,0,0,0.0,0.0,0.0,空
2026-06-16,6879,大江基因,36.59,37.0,35.3,35.7,3,0,0,0,0,0.0,0.0,0.0,多
2026-06-16,6881,潤德,268.0,268.5,268.0,268.5,4,0,0,0,0,0.0,0.0,0.0,空
2026-06-16,6882,甲尚,18.55,19.0,17.3,17.3,57,0,-6,0,0,0.0,0.0,0.0,空
2026-06-16,6883,微電能源,10.44,10.3,9.0,9.15,376,0,0,0,0,0.0,0.0,0.0,空
2026-06-16,6884,海柏特,35.25,35.25,35.25,35.25,1,0,0,0,0,0.0,0.0,0.0,多
2026-06-16,6885,全福生技,23.1,23.1,22.4,22.55,314,72,43,0,1,0.0,0.0,0.0,空
2026-06-16,6886,遠東生技,46.0,46.0,45.95,45.95,0,0,0,0,0,0.0,0.0,0.0,空
2026-06-16,6887,寶綠特-KY,34.6,35.0,34.55,34.6,19,0,2,0,-1,0.0,0.0,0.0,多
2026-06-16,6890,來億-KY,222.0,237.5,220.0,227.5,679,0,64,0,-54,0.0,0.0,0.0,多
2026-06-16,6891,樂迦再生,45.08,45.95,42.45,42.6,871,0,-7,0,0,0.0,0.0,0.0,空
2026-06-16,6892,台寶生醫,25.9,26.1,25.5,25.8,150,0,-10,0,0,0.0,0.0,0.0,空
2026-06-16,6894,衛司特,365.5,366.0,357.0,357.0,80,0,-16,0,0,0.0,0.0,0.0,空
2026-06-16,6895,宏碩系統,163.5,164.5,161.0,162.5,21,0,-2,0,0,0.0,0.0,0.0,多
2026-06-16,6898,程曦資訊,96.55,101.5,96.1,96.5,91,0,-3,0,0,0.0,0.0,0.0,多
2026-06-16,6899,創為精密,61.0,62.8,60.0,62.2,122,0,13,0,0,0.0,0.0,0.0,空
2026-06-16,6901,鑽石投資,16.0,16.25,15.5,15.55,2633,527,729,0,9,0.0,0.0,0.0,多
2026-06-16,6902,GOGOLOOK-創,130.0,130.0,125.5,128.5,131,56,22,0,0,0.0,0.0,0.0,空
2026-06-16,6902,GOGOLOOK,130.0,130.0,125.5,128.5,131,56,22,0,0,0.0,0.0,0.0,空
2026-06-16,6903,巨漢,408.5,411.0,383.0,384.5,1092,0,-321,0,-51,0.0,0.0,0.0,空
2026-06-16,6904,伯鑫,0.0,0.0,0.0,0.0,0,0,0,0,0,0.0,0.0,0.0,空
2026-06-16,6906,現觀科,89.4,91.7,88.1,89.6,125,51,9,0,0,0.0,0.0,0.0,空
2026-06-16,6907,雅特力-KY,142.5,144.0,132.0,134.5,1461,0,-14,0,-4,0.0,0.0,0.0,空
2026-06-16,6908,宏碁遊戲-創,38.5,38.85,38.5,38.85,14,0,3,0,3,0.0,0.0,0.0,多
2026-06-16,6909,創控,49.15,49.15,45.8,46.3,573,170,-158,0,0,0.0,0.0,0.0,空
2026-06-16,6910,德鴻,28.2,28.2,28.0,28.0,19,0,-4,0,-6,0.0,0.0,0.0,多
2026-06-16,6911,群運,31.59,31.7,31.5,31.7,12,0,0,0,0,0.0,0.0,0.0,多
2026-06-16,6912,益鈞環科*,13.12,13.55,12.85,13.2,25,0,0,0,0,0.0,0.0,0.0,多
2026-06-16,6913,鴻呈,131.5,131.5,124.0,124.0,250,0,-121,0,17,0.0,0.0,0.0,空
2026-06-16,6914,阜爾運通,142.5,142.5,142.0,142.0,37,3,1,0,0,0.0,0.0,0.0,多
2026-06-16,6915,美強光,51.42,49.65,46.8,48.15,114,0,0,0,0,0.0,0.0,0.0,空
2026-06-16,6916,華凌,23.5,23.6,21.6,21.6,1052,358,-57,0,1,0.0,0.0,0.0,多
2026-06-16,6917,竟天,31.1,32.6,31.1,31.3,253,0,0,0,0,0.0,0.0,0.0,空
2026-06-16,6918,愛派司,74.0,74.0,73.3,73.6,20,1,-6,0,0,0.0,0.0,0.0,多
2026-06-16,6919,康霈*,96.3,97.5,94.3,96.6,3186,1169,270,0,0,0.0,0.0,0.0,多
2026-06-16,6920,恆勁科技,100.65,101.0,98.0,98.5,1246,0,-5,0,0,0.0,0.0,0.0,空
2026-06-16,6921,嘉雨思-創,69.4,70.0,69.2,70.0,11,0,-1,0,-2,0.0,0.0,0.0,空
2026-06-16,6922,宸曜,189.5,189.5,182.0,182.0,195,0,-88,0,-13,0.0,0.0,0.0,空
2026-06-16,6923,中台,81.6,82.2,78.0,80.0,219,22,-6,0,0,0.0,0.0,0.0,多
2026-06-16,6924,榮惠-KY創,113.5,114.0,113.0,113.0,12,0,-1,0,-1,0.0,0.0,0.0,空
2026-06-16,6925,意藍,66.3,68.6,63.5,63.8,150,0,-26,0,0,0.0,0.0,0.0,空
2026-06-16,6926,聖安生醫,62.57,63.9,63.4,63.9,5,0,-2,0,0,0.0,0.0,0.0,多
2026-06-16,6927,聯合聚晶,63.48,64.0,62.1,63.7,43,0,2,0,0,0.0,0.0,0.0,空
2026-06-16,6928,攸泰科技,50.0,50.4,47.0,47.15,383,117,-63,0,-1,0.0,0.0,0.0,多
2026-06-16,6929,佑全,24.6,24.6,22.9,23.65,7,0,-1,0,0,0.0,0.0,0.0,多
2026-06-16,6931,青松健康,41.15,41.15,40.6,40.8,45,9,10,0,-1,0.0,0.0,0.0,多
2026-06-16,6932,水星生醫*,6.54,6.7,6.31,6.59,291,0,0,0,0,0.0,0.0,0.0,多
2026-06-16,6933,AMAX-KY,155.0,158.0,154.0,154.0,136,25,-29,0,0,0.0,0.0,0.0,空
2026-06-16,6934,心誠鎂,68.8,70.0,67.6,67.6,52,0,-5,0,0,0.0,0.0,0.0,空
2026-06-16,6935,王子製藥,29.61,30.9,29.45,30.9,5,0,0,0,0,0.0,0.0,0.0,多
2026-06-16,6936,永鴻生技,33.2,33.8,33.2,33.6,24,2,5,0,0,0.0,0.0,0.0,多
2026-06-16,6937,天虹,278.0,278.0,264.5,270.5,520,190,25,-130,-6,0.0,0.0,0.0,空
2026-06-16,6938,藍新資訊,101.94,104.5,101.0,104.5,57,0,0,0,0,0.0,0.0,0.0,多
2026-06-16,6939,啟弘生技,19.69,20.1,19.5,20.1,0,0,0,0,0,0.0,0.0,0.0,多
2026-06-16,6940,格斯科技*,25.3,25.4,24.9,25.35,641,0,18,0,0,0.0,0.0,0.0,空
2026-06-16,6944,兆聯實業,1005.0,1010.0,981.0,998.0,1025,405,190,2,-19,0.0,0.0,0.0,多
2026-06-16,6945,圓祥生技,104.0,106.0,100.0,100.5,276,0,-87,0,-10,0.0,0.0,0.0,空
2026-06-16,6946,三地能源,11.03,11.2,10.45,10.45,61,0,0,0,0,0.0,0.0,0.0,多
2026-06-16,6947,台鎔科技,92.44,96.9,89.2,94.6,1258,0,-5,0,0,0.0,0.0,0.0,多
2026-06-16,6949,沛爾生醫-創,748.0,814.0,743.0,814.0,462,73,85,0,0,0.0,0.0,0.0,多
2026-06-16,6951,青新-創,79.3,79.3,78.8,79.2,35,9,-7,0,2,0.0,0.0,0.0,空
2026-06-16,6952,大武山,36.0,36.1,35.9,35.95,11,2,6,0,0,0.0,0.0,0.0,多
2026-06-16,6953,家碩,236.5,237.5,228.0,231.0,73,0,-6,0,0,0.0,0.0,0.0,空
2026-06-16,6955,邦睿生技-創,136.5,136.5,134.5,135.5,20,0,2,0,1,0.0,0.0,0.0,空
2026-06-16,6957,裕慶-KY,193.5,194.5,192.0,193.0,97,12,43,0,0,0.0,0.0,0.0,多
2026-06-16,6958,日盛台駿,18.05,18.05,17.4,17.4,57,6,30,0,1,0.0,0.0,0.0,多
2026-06-16,6959,兆捷科技,138.08,140.5,137.0,139.5,246,0,1,0,0,0.0,0.0,0.0,多
2026-06-16,6961,旅天下,55.0,55.3,54.9,55.0,26,0,-3,0,0,0.0,0.0,0.0,空
2026-06-16,6962,奕力-KY,37.8,37.9,36.9,37.0,3411,930,445,0,45,0.0,0.0,0.0,空
2026-06-16,6963,品元,27.05,27.35,27.0,27.35,1,0,0,0,0,0.0,0.0,0.0,多
2026-06-16,6965,中傑-KY,81.2,82.1,81.1,81.1,45,13,22,0,2,0.0,0.0,0.0,多
2026-06-16,6967,汎瑋材料,71.7,72.6,70.8,70.9,69,0,3,0,0,0.0,0.0,0.0,多
2026-06-16,6968,萬達寵物,44.85,45.0,44.0,44.0,35,0,-13,0,0,0.0,0.0,0.0,多
2026-06-16,6969,成信實業*-創,27.0,27.5,26.6,26.6,55,0,3,0,4,0.0,0.0,0.0,空
2026-06-16,6971,惠民實業,26.3,26.65,26.15,26.45,19,0,1,0,0,0.0,0.0,0.0,空
2026-06-16,6972,博瑞達應材,24.18,24.6,23.4,23.95,8,0,0,0,0,0.0,0.0,0.0,多
2026-06-16,6973,永立榮,32.49,33.0,31.9,32.5,25,0,2,0,0,0.0,0.0,0.0,多
2026-06-16,6976,育世博-KY,12.29,12.45,11.9,12.45,464,0,-10,0,0,0.0,0.0,0.0,空
2026-06-16,6977,聯純,282.55,290.0,283.0,285.0,22,0,0,0,0,0.0,0.0,0.0,多
2026-06-16,6979,勝釩,167.17,173.0,164.0,173.0,10,0,0,0,0,0.0,0.0,0.0,空
2026-06-16,6980,鐳洋科技,164.32,171.5,157.5,158.0,249,0,-3,0,0,0.0,0.0,0.0,多
2026-06-16,6982,大井泵浦,58.8,58.8,57.4,57.7,61,0,-7,0,0,0.0,0.0,0.0,空
2026-06-16,6983,華洋精機,349.0,349.0,340.0,340.0,60,0,-2,0,0,0.0,0.0,0.0,空
2026-06-16,6984,ACpay,18.16,18.7,17.9,18.7,5,0,0,0,0,0.0,0.0,0.0,多
2026-06-16,6986,和迅,60.55,60.7,59.3,59.8,220,0,0,0,0,0.0,0.0,0.0,空
2026-06-16,6987,寶晶能源*,20.09,20.05,19.45,19.7,139,0,0,0,0,0.0,0.0,0.0,空
2026-06-16,6988,威力暘-創,14.2,14.2,13.8,13.9,47,0,5,0,0,0.0,0.0,0.0,空
2026-06-16,6990,華鉬,191.16,206.0,173.0,179.0,756,0,-9,0,0,0.0,0.0,0.0,多
2026-06-16,6994,富威電力,57.3,57.4,55.5,55.5,357,87,-71,0,1,0.0,0.0,0.0,空
2026-06-16,6995,野獸國,45.95,46.1,45.65,45.8,37,0,0,0,0,0.0,0.0,0.0,多
2026-06-16,6996,力領科技,191.5,191.5,188.0,191.5,94,0,-6,0,-1,0.0,0.0,0.0,空
2026-06-16,6997,博弘,75.1,75.1,75.1,75.1,1,0,0,0,0,0.0,0.0,0.0,空
2026-06-16,6999,瀚醫生技,30.85,30.85,30.85,30.85,0,0,0,0,0,0.0,0.0,0.0,多
2026-06-16,7402,邑錡,92.6,92.6,90.5,91.4,125,0,-12,0,2,0.0,0.0,0.0,空
2026-06-16,7419,達勝,71.53,71.6,56.0,61.3,1316,0,3,0,0,0.0,0.0,0.0,空
2026-06-16,7427,華上生醫,37.57,40.0,37.35,38.3,434,0,-16,0,0,0.0,0.0,0.0,多
2026-06-16,7443,凡事康,9.42,9.6,9.6,9.6,2,0,0,0,0,0.0,0.0,0.0,多
2026-06-16,7455,樺緯物聯,56.87,57.9,55.2,56.1,7,0,0,0,0,0.0,0.0,0.0,多
2026-06-16,7507,環拓科技,23.59,24.15,23.5,24.0,22,0,-2,0,0,0.0,0.0,0.0,多
2026-06-16,7516,清淨海,8.79,9.1,8.65,9.1,2,0,0,0,0,0.0,0.0,0.0,空
2026-06-16,7530,鋒魁科技,43.34,43.5,39.75,41.1,777,0,8,0,0,0.0,0.0,0.0,空
2026-06-16,7547,碩網,59.2,60.0,58.0,58.2,38,0,-3,0,1,0.0,0.0,0.0,空
2026-06-16,7551,知識科技,12.92,13.15,12.5,13.15,4,0,0,0,0,0.0,0.0,0.0,多
2026-06-16,7556,意德士,285.5,285.5,274.0,276.5,81,0,-25,0,0,0.0,0.0,0.0,空
2026-06-16,7558,群利科技,20.4,21.1,19.4,20.1,8,0,-4,0,0,0.0,0.0,0.0,空
2026-06-16,7561,光晟生技,18.28,19.0,18.3,18.3,3,0,0,0,0,0.0,0.0,0.0,多
2026-06-16,7562,博來科技,61.64,63.0,60.4,63.0,7,0,2,0,0,0.0,0.0,0.0,空
2026-06-16,7566,亞果遊艇,12.51,12.65,12.4,12.55,204,0,9,0,0,0.0,0.0,0.0,空
2026-06-16,7575,安美得,19.1,18.55,17.9,18.05,41,0,3,0,0,0.0,0.0,0.0,多
2026-06-16,7578,利百景,30.66,31.15,30.35,31.15,86,0,1,0,0,0.0,0.0,0.0,空
2026-06-16,7583,國際海洋,45.74,50.0,47.2,50.0,17,0,0,0,0,0.0,0.0,0.0,多
2026-06-16,7584,樂意,27.9,27.9,27.0,27.25,22,0,-8,0,0,0.0,0.0,0.0,多
2026-06-16,7590,怡和國際,21.55,22.2,21.0,21.65,331,0,-6,0,0,0.0,0.0,0.0,多
2026-06-16,7595,世基生醫,8.19,8.15,7.75,8.0,15,0,-2,0,0,0.0,0.0,0.0,空
2026-06-16,7607,通用幹細胞*,14.53,14.7,14.05,14.4,19,0,-3,0,0,0.0,0.0,0.0,多
2026-06-16,7610,聯友金屬-創,1915.0,1915.0,1915.0,1915.0,212,0,86,0,0,0.0,0.0,0.0,空
2026-06-16,7631,聚賢研發-創,131.5,133.0,128.5,130.0,55,0,6,0,7,0.0,0.0,0.0,多
2026-06-16,7642,昶瑞機電,70.2,70.5,69.0,69.6,21,0,-2,0,0,0.0,0.0,0.0,多
2026-06-16,7669,碩正科技,659.45,690.0,670.0,683.0,116,0,0,0,0,0.0,0.0,0.0,多
2026-06-16,7689,大鵬科CLMX,246.59,250.0,243.0,250.0,13,0,0,0,0,0.0,0.0,0.0,空
2026-06-16,7702,前端風電,20.05,20.5,20.05,20.05,2,0,0,0,0,0.0,0.0,0.0,多
2026-06-16,7703,銳澤,210.5,210.5,204.0,206.0,168,0,-55,0,0,0.0,0.0,0.0,多
2026-06-16,7704,明遠精密,59.3,59.4,58.2,58.4,70,0,-26,0,0,0.0,0.0,0.0,空
2026-06-16,7705,三商餐飲,31.7,31.7,31.3,31.4,21,3,3,0,0,0.0,0.0,0.0,多
2026-06-16,7706,宏碁創達,37.0,37.85,36.25,37.85,1,0,0,0,0,0.0,0.0,0.0,多
2026-06-16,7707,益芯科,143.47,145.5,137.5,141.5,101,0,0,0,0,0.0,0.0,0.0,空
2026-06-16,7708,全家餐飲,93.9,94.0,93.9,94.0,11,0,0,0,0,0.0,0.0,0.0,多
2026-06-16,7709,榮田,120.0,120.0,117.5,118.0,118,0,-6,0,10,0.0,0.0,0.0,空
2026-06-16,7710,東擎科技,269.33,265.0,264.0,265.0,0,0,0,0,0,0.0,0.0,0.0,空
2026-06-16,7711,永擎,372.5,376.5,364.5,365.0,410,136,45,0,0,0.0,0.0,0.0,空
2026-06-16,7712,博盛半導體,152.0,155.5,145.0,153.0,563,0,-12,0,-6,0.0,0.0,0.0,空
2026-06-16,7713,威力德生醫,70.1,71.0,70.1,71.0,15,0,-1,0,0,0.0,0.0,0.0,空
2026-06-16,7714,創泓科技,128.0,134.5,128.0,128.0,94,0,-13,0,5,0.0,0.0,0.0,多
2026-06-16,7715,裕山,32.7,33.0,29.0,30.5,914,0,18,0,-2,0.0,0.0,0.0,多
2026-06-16,7716,昱臺國際,25.95,25.95,25.95,25.95,1,0,0,0,0,0.0,0.0,0.0,多
2026-06-16,7717,萊德光電-KY,581.0,584.0,548.0,551.0,530,0,-18,0,-4,0.0,0.0,0.0,空
2026-06-16,7718,友鋮,47.4,47.4,47.0,47.05,7,0,-2,0,0,0.0,0.0,0.0,空
2026-06-16,7719,碳基,39.18,40.45,38.5,39.35,142,0,0,0,0,0.0,0.0,0.0,空
2026-06-16,7721,微程式,83.4,84.5,77.5,78.3,776,235,-78,0,0,0.0,0.0,0.0,多
2026-06-16,7722,LINEPAY,328.0,351.5,321.0,333.0,495,166,36,0,0,0.0,0.0,0.0,多
2026-06-16,7723,築間,23.05,23.75,23.05,23.6,176,0,71,0,-9,0.0,0.0,0.0,多
2026-06-16,7724,諾亞克,21.09,21.65,21.0,21.0,5,0,0,0,0,0.0,0.0,0.0,空
2026-06-16,7725,列特博,22.6,0.0,0.0,0.0,0,0,0,0,0,0.0,0.0,0.0,多
2026-06-16,7726,暄達,31.15,32.4,32.4,32.4,0,0,0,0,0,0.0,0.0,0.0,多
2026-06-16,7728,光焱科技,722.0,722.0,700.0,700.0,77,0,-12,0,0,0.0,0.0,0.0,空
2026-06-16,7729,仲恩生醫,81.55,84.1,80.1,82.9,429,0,4,0,0,0.0,0.0,0.0,多
2026-06-16,7730,暉盛-創,178.0,178.5,170.5,173.0,110,46,6,0,1,0.0,0.0,0.0,空
2026-06-16,7731,火星生技*,5.64,5.83,5.54,5.59,959,0,0,0,0,0.0,0.0,0.0,空
2026-06-16,7732,金興精密,35.95,36.0,35.9,35.95,14,0,4,0,0,0.0,0.0,0.0,空
2026-06-16,7734,印能科技,2930.0,3220.0,2920.0,3220.0,262,0,38,22,19,0.0,0.0,0.0,空
2026-06-16,7735,台智雲,214.53,214.0,209.0,214.0,31,0,0,0,0,0.0,0.0,0.0,-
2026-06-16,7736,虎山,73.8,73.8,72.1,72.7,26,3,8,0,2,0.0,0.0,0.0,多
2026-06-16,7737,凱鈿,42.85,44.0,42.0,43.15,13,0,0,0,0,0.0,0.0,0.0,多
2026-06-16,7738,東聯互動,170.5,173.0,168.5,170.0,68,0,8,0,0,0.0,0.0,0.0,多
2026-06-16,7740,熙特爾-創,167.5,168.0,162.5,164.0,279,59,-51,0,0,0.0,0.0,0.0,空
2026-06-16,7742,天弘化,146.02,146.5,138.0,140.0,396,0,-7,0,0,0.0,0.0,0.0,多
2026-06-16,7743,金利食安,19.1,19.6,19.1,19.55,8,0,0,0,0,0.0,0.0,0.0,多
2026-06-16,7744,崴寶,492.0,495.0,480.0,480.0,100,0,-4,0,-1,0.0,0.0,0.0,多
2026-06-16,7745,紅陽,16.65,17.1,16.5,16.5,17,0,0,0,0,0.0,0.0,0.0,多
2026-06-16,7747,昕奇雲端,124.0,128.0,124.0,128.0,2,0,0,0,0,0.0,0.0,0.0,多
2026-06-16,7748,鑫囍創業,19.75,19.75,19.75,19.75,0,0,0,0,0,0.0,0.0,0.0,多
2026-06-16,7749,意騰-KY,505.0,505.0,486.0,486.5,434,151,16,0,-4,0.0,0.0,0.0,空
2026-06-16,7750,新代,2185.0,2280.0,2160.0,2275.0,224,84,48,0,5,0.0,0.0,0.0,空
2026-06-16,7751,竑騰,1405.0,1515.0,1405.0,1445.0,522,0,-124,-54,10,0.0,0.0,0.0,空
2026-06-16,7752,世紀樺欣,37.33,37.2,35.75,36.75,57,0,0,0,0,0.0,0.0,0.0,多
2026-06-16,7753,星亞,42.15,42.9,40.2,42.3,19,0,-8,0,0,0.0,0.0,0.0,空
2026-06-16,7754,安基生技,59.0,60.1,58.3,59.4,206,0,1,0,0,0.0,0.0,0.0,多
2026-06-16,7756,多那之,40.01,38.3,38.15,38.3,7,0,0,0,0,0.0,0.0,0.0,空
2026-06-16,7757,金色三麥,103.0,103.0,101.5,101.5,20,0,-1,0,0,0.0,0.0,0.0,空
2026-06-16,7758,睿騰能源,40.6,46.0,40.3,44.1,66,0,0,0,0,0.0,0.0,0.0,空
2026-06-16,7759,視航生醫,29.03,30.2,28.8,28.8,59,0,0,0,0,0.0,0.0,0.0,空
2026-06-16,7760,享溫馨,32.65,32.65,32.0,32.3,97,0,46,0,-24,0.0,0.0,0.0,多
2026-06-16,7761,三大未來,39.45,39.95,38.4,39.75,85,0,0,0,0,0.0,0.0,0.0,多
2026-06-16,7762,吉晟生,50.24,51.0,49.05,50.9,93,0,0,0,0,0.0,0.0,0.0,空
2026-06-16,7763,崇舜,189.51,192.0,187.0,188.5,72,0,0,0,0,0.0,0.0,0.0,多
2026-06-16,7764,聖州,12.85,13.0,12.7,12.9,63,0,0,0,0,0.0,0.0,0.0,多
2026-06-16,7765,中華資安,252.0,252.0,247.0,247.0,67,6,-15,-1,-6,0.0,0.0,0.0,空
2026-06-16,7767,仁大資訊,42.6,42.6,42.3,42.3,21,0,-2,0,0,0.0,0.0,0.0,多
2026-06-16,7768,頌勝科技,382.0,382.0,369.0,370.0,226,0,-37,0,-2,0.0,0.0,0.0,空
2026-06-16,7769,鴻勁,7205.0,7460.0,7010.0,7360.0,598,207,182,-109,6,0.0,0.0,0.0,空
2026-06-16,7770,君曜,41.6,41.8,40.8,41.8,7,0,0,0,-1,0.0,0.0,0.0,空
2026-06-16,7771,綠基,52.83,53.0,50.0,50.2,17,0,0,0,0,0.0,0.0,0.0,多
2026-06-16,7772,耀穎,148.0,149.0,141.5,141.5,130,0,5,0,0,0.0,0.0,0.0,空
2026-06-16,7773,富禾生醫,28.77,29.1,28.0,29.0,24,0,0,0,0,0.0,0.0,0.0,空
2026-06-16,7776,奧孟亞,22.99,24.2,22.5,24.0,72,0,0,0,0,0.0,0.0,0.0,空
2026-06-16,7777,能率亞洲,40.0,43.25,39.6,43.25,13170,0,3660,0,50,0.0,0.0,0.0,空
2026-06-16,7779,鍇睿國際,12.93,12.8,12.8,12.8,3,0,0,0,0,0.0,0.0,0.0,多
2026-06-16,7780,大研生醫*,19.35,19.4,18.95,18.95,1838,236,-7,0,1,0.0,0.0,0.0,多
2026-06-16,7781,昕力資*,29.4,29.5,28.95,29.0,2125,0,-23,0,0,0.0,0.0,0.0,空
2026-06-16,7782,光速火箭,25.0,27.25,25.0,27.2,50,0,2,0,0,0.0,0.0,0.0,多
2026-06-16,7783,佳運,87.31,90.5,84.0,87.0,33,0,-3,0,0,0.0,0.0,0.0,空
2026-06-16,7784,安邦生技*,11.66,13.25,11.45,12.0,1979,0,-8,0,0,0.0,0.0,0.0,空
2026-06-16,7785,北祥科服,37.57,38.2,36.3,38.2,0,0,0,0,0,0.0,0.0,0.0,多
2026-06-16,7786,東方風能,128.5,130.0,125.0,129.0,310,58,75,0,2,0.0,0.0,0.0,多
2026-06-16,7788,松川精密,256.5,277.5,248.0,274.0,3989,2116,-132,0,29,0.0,0.0,0.0,多
2026-06-16,7789,開展,34.22,35.5,35.5,35.5,0,0,0,0,0,0.0,0.0,0.0,多
2026-06-16,7790,思必瑞特,50.88,50.9,50.9,50.9,1,0,0,0,0,0.0,0.0,0.0,空
2026-06-16,7791,皇家可口,63.0,63.4,62.5,62.8,41,8,10,0,-2,0.0,0.0,0.0,空
2026-06-16,7792,安葆,264.5,264.5,257.5,259.5,152,0,-7,0,-9,0.0,0.0,0.0,多
2026-06-16,7794,宏碁智新,31.6,31.6,31.05,31.2,69,0,3,0,-11,0.0,0.0,0.0,多
2026-06-16,7795,長廣,381.0,408.0,377.5,393.5,498,0,147,0,0,0.0,0.0,0.0,空
2026-06-16,7796,擷發科,91.17,93.3,90.7,91.5,185,0,-3,0,0,0.0,0.0,0.0,空
2026-06-16,7797,Q Burger,61.71,62.3,60.0,60.4,2,0,0,0,0,0.0,0.0,0.0,空
2026-06-16,7798,將捷,16.81,17.2,16.8,17.2,49,0,0,0,0,0.0,0.0,0.0,多
2026-06-16,7799,禾榮科,361.0,378.5,355.5,355.5,667,290,-99,0,4,0.0,0.0,0.0,多
2026-06-16,7801,華芸科技,128.61,130.0,126.5,127.0,43,0,0,0,0,0.0,0.0,0.0,空
2026-06-16,7803,雲象科技-創,23.15,23.35,23.0,23.1,133,0,22,0,0,0.0,0.0,0.0,多
2026-06-16,7805,威聯通,699.0,699.0,683.0,684.0,94,0,-28,0,0,0.0,0.0,0.0,空
2026-06-16,7806,精華生醫,64.82,65.0,64.7,65.0,5,0,0,0,0,0.0,0.0,0.0,多
2026-06-16,7808,訊聯智藥,37.4,38.1,36.5,38.0,4,0,0,0,0,0.0,0.0,0.0,多
2026-06-16,7810,捷創科技,209.0,209.0,204.0,205.0,42,0,5,0,1,0.0,0.0,0.0,空
2026-06-16,7811,民盛,79.0,80.0,78.0,80.0,9,0,0,0,0,0.0,0.0,0.0,多
2026-06-16,7812,稜研科技*,83.95,83.3,80.0,81.5,156,0,-1,0,0,0.0,0.0,0.0,空
2026-06-16,7813,宇辰系統,148.5,153.0,141.0,143.5,44,0,0,0,0,0.0,0.0,0.0,多
2026-06-16,7814,海昌生技,38.2,38.2,31.7,35.3,277,0,0,0,0,0.0,0.0,0.0,空
2026-06-16,7815,新特,393.15,395.0,371.0,374.0,218,0,0,0,0,0.0,0.0,0.0,空
2026-06-16,7816,來穎,63.76,64.5,61.6,64.0,21,0,0,0,0,0.0,0.0,0.0,空
2026-06-16,7818,溢泰實業,61.8,61.8,60.1,61.2,488,0,4,0,0,0.0,0.0,0.0,多
2026-06-16,7819,精誠金融,46.4,46.4,45.25,45.4,38,0,3,0,-6,0.0,0.0,0.0,多
2026-06-16,7820,立盈,120.0,123.0,117.5,122.5,39,0,-6,0,-1,0.0,0.0,0.0,多
2026-06-16,7821,神數,45.5,45.5,44.8,44.8,175,0,8,0,6,0.0,0.0,0.0,多
2026-06-16,7822,倍利科,1205.0,1210.0,1100.0,1120.0,659,0,9,0,-31,0.0,0.0,0.0,多
2026-06-16,7823,奧義賽博-KY創,83.0,83.0,81.0,82.0,18,0,1,0,-1,0.0,0.0,0.0,空
2026-06-16,7824,智寶,44.71,45.7,45.0,45.0,6,0,0,0,0,0.0,0.0,0.0,空
2026-06-16,7825,和亞智慧,99.04,100.0,94.2,97.0,56,0,0,0,0,0.0,0.0,0.0,空
2026-06-16,7826,極風雲創,41.9,41.9,41.9,41.9,0,0,0,0,0,0.0,0.0,0.0,多
2026-06-16,7827,漢康-KY創,165.5,172.0,162.0,169.5,945,0,267,0,0,0.0,0.0,0.0,多
2026-06-16,7828,創新服務,2155.0,2155.0,1930.0,2000.0,485,0,48,3,0,0.0,0.0,0.0,多
2026-06-16,7829,思捷優達-KY,40.75,41.4,40.0,41.25,68,0,0,0,0,0.0,0.0,0.0,空
2026-06-16,7831,捷博,35.95,0.0,0.0,0.0,0,0,0,0,0,0.0,0.0,0.0,空
2026-06-16,7832,智新生技*,11.37,11.45,11.2,11.25,137,0,0,0,0,0.0,0.0,0.0,多
2026-06-16,7833,綠岩能源,25.63,26.2,25.0,26.0,8,0,0,0,0,0.0,0.0,0.0,空
2026-06-16,7834,來毅數位,17.7,18.0,17.7,17.8,1,0,0,0,0,0.0,0.0,0.0,多
2026-06-16,7836,智生活,51.15,52.0,50.4,51.0,26,0,0,0,0,0.0,0.0,0.0,多
2026-06-16,7837,啟新生,93.12,0.0,0.0,0.0,0,0,0,0,0,0.0,0.0,0.0,空
2026-06-16,7839,達人網,53.5,53.5,49.5,49.5,187,0,0,0,0,0.0,0.0,0.0,空
2026-06-16,7840,祥圃,37.04,37.0,36.5,36.5,13,0,0,0,0,0.0,0.0,0.0,多
2026-06-16,7841,經貿聯網,27.93,28.5,27.65,28.0,8,0,0,0,0,0.0,0.0,0.0,空
2026-06-16,7842,天能綠電,103.5,103.5,101.5,101.5,28,0,-1,0,0,0.0,0.0,0.0,多
2026-06-16,7843,英柏得,139.71,141.0,134.5,136.5,145,0,0,0,0,0.0,0.0,0.0,空
2026-06-16,7846,德揚,67.12,68.4,65.4,68.4,20,0,0,0,0,0.0,0.0,0.0,多
2026-06-16,7847,豊漁,20.0,20.15,20.0,20.15,16,0,0,0,0,0.0,0.0,0.0,空
2026-06-16,7848,騏億鑫,440.49,445.0,439.0,443.0,19,0,0,0,0,0.0,0.0,0.0,多
2026-06-16,7849,旭誼,154.84,164.5,162.0,164.5,3,0,0,0,0,0.0,0.0,0.0,空
2026-06-16,7850,寶泰生醫,16.86,17.1,16.55,16.55,103,0,0,0,0,0.0,0.0,0.0,空
2026-06-16,7851,慧康生技*-KY,33.43,34.55,34.55,34.55,0,0,0,0,0,0.0,0.0,0.0,空
2026-06-16,7853,政美應用,339.1,345.5,326.0,331.5,695,0,-10,0,0,0.0,0.0,0.0,空
2026-06-16,7854,佐茂,86.57,87.6,84.7,87.2,13,0,0,0,0,0.0,0.0,0.0,空
2026-06-16,7855,和運租車,99.82,101.0,101.0,101.0,0,0,0,0,0,0.0,0.0,0.0,空
2026-06-16,7856,漢測,3416.13,3715.0,3510.0,3670.0,324,0,-6,0,0,0.0,0.0,0.0,多
2026-06-16,7857,合水先進,48.46,49.4,47.05,48.3,23,0,0,0,0,0.0,0.0,0.0,空
2026-06-16,7858,芝普,180.09,183.0,167.0,169.5,179,0,0,0,0,0.0,0.0,0.0,空
2026-06-16,7860,得生製藥,61.75,63.0,63.0,63.0,0,0,0,0,0,0.0,0.0,0.0,多
2026-06-16,7861,貝爾威勒,1267.48,1290.0,1200.0,1225.0,101,0,0,0,0,0.0,0.0,0.0,空
2026-06-16,7862,聚泰,30.14,30.65,30.0,30.55,3,0,0,0,0,0.0,0.0,0.0,多
2026-06-16,7863,中科物流,45.18,46.8,45.0,46.8,3,0,0,0,0,0.0,0.0,0.0,空
2026-06-16,7865,金聯成,61.8,62.9,57.6,60.4,78,0,3,0,0,0.0,0.0,0.0,空
2026-06-16,7866,丹立,202.66,209.0,201.5,203.5,235,0,-2,0,0,0.0,0.0,0.0,空
2026-06-16,7867,特力屋,55.0,55.0,54.0,54.9,6,0,0,0,0,0.0,0.0,0.0,空
2026-06-16,7868,聖育,71.22,73.0,69.0,69.8,102,0,0,0,0,0.0,0.0,0.0,空
2026-06-16,7869,宏于電機,387.2,386.0,382.5,382.5,3,0,0,0,0,0.0,0.0,0.0,空
2026-06-16,7870,聯剛科技,155.26,157.0,150.0,154.0,3,0,0,0,0,0.0,0.0,0.0,空
2026-06-16,7871,安立璽榮-KY,70.87,71.4,70.3,70.5,327,0,0,0,0,0.0,0.0,0.0,空
2026-06-16,7872,登豐,50.33,50.5,48.0,49.75,116,0,0,0,0,0.0,0.0,0.0,空
2026-06-16,7873,瑞峰,227.0,228.5,210.0,215.5,465,0,0,0,0,0.0,0.0,0.0,-
2026-06-16,7875,安圖斯,148.47,148.0,142.5,145.5,4,0,0,0,0,0.0,0.0,0.0,多
2026-06-16,7876,鼎晉生技,35.61,36.05,35.5,35.95,47,0,0,0,0,0.0,0.0,0.0,多
2026-06-16,7877,海利普,41.44,42.0,40.0,42.0,31,0,0,0,0,0.0,0.0,0.0,多
2026-06-16,7878,藥祇,251.48,253.5,246.0,250.0,88,0,0,0,0,0.0,0.0,0.0,空
2026-06-16,7879,益材科技,104.12,105.5,99.0,100.0,205,0,1,0,0,0.0,0.0,0.0,空
2026-06-16,7880,聖凰,164.89,171.5,167.5,170.0,48,0,0,0,0,0.0,0.0,0.0,空
2026-06-16,7881,科明,96.66,99.8,98.0,99.7,2,0,0,0,0,0.0,0.0,0.0,空
2026-06-16,7882,倍利創投,20.14,20.35,19.95,20.2,79,0,0,0,0,0.0,0.0,0.0,空
2026-06-16,7883,饗賓,252.2,261.5,248.0,261.0,15,0,0,0,0,0.0,0.0,0.0,空
2026-06-16,7885,宏羚,28.21,0.0,0.0,0.0,0,0,0,0,0,0.0,0.0,0.0,空
2026-06-16,7886,科建,160.59,162.0,152.5,158.0,78,0,0,0,0,0.0,0.0,0.0,空
2026-06-16,7887,宇川精材,199.46,200.0,175.5,179.0,1291,0,5,0,0,0.0,0.0,0.0,空
2026-06-16,7888,麗寶新藥,35.99,36.55,35.85,36.1,15,0,0,0,0,0.0,0.0,0.0,空
2026-06-16,7889,騰勢,80.12,80.2,80.2,80.2,3,0,0,0,0,0.0,0.0,0.0,多
2026-06-16,7890,明曜科技,112.83,116.0,113.0,116.0,4,0,0,0,0,0.0,0.0,0.0,多
2026-06-16,7891,博研醫藥,25.0,24.45,24.25,24.3,9,0,0,0,0,0.0,0.0,0.0,多
2026-06-16,7892,元鈦科,817.31,838.0,795.0,810.0,94,0,1,0,0,0.0,0.0,0.0,空
2026-06-16,7893,睿信,194.33,199.0,194.0,196.0,12,0,0,0,0,0.0,0.0,0.0,空
2026-06-16,7895,元進莊,67.25,69.0,67.5,68.5,20,0,0,0,0,0.0,0.0,0.0,空
2026-06-16,7896,喬越,221.69,224.0,209.0,211.0,11,0,0,0,0,0.0,0.0,0.0,空
2026-06-16,7897,禾迅綠電,41.1,42.55,40.9,42.4,3,0,0,0,0,0.0,0.0,0.0,多
2026-06-16,7898,乾瞻,563.29,574.0,540.0,554.0,102,0,-2,0,0,0.0,0.0,0.0,-
2026-06-16,7899,景美,452.3,489.5,437.5,487.0,348,0,99,0,0,0.0,0.0,0.0,多
2026-06-16,7901,大大寬頻,73.05,73.4,73.0,73.4,6,0,0,0,0,0.0,0.0,0.0,空
2026-06-16,7902,宇越生醫*,32.63,33.1,30.95,32.5,207,0,0,0,0,0.0,0.0,0.0,空
2026-06-16,7904,任開數位,17.6,17.55,17.55,17.55,2,0,0,0,0,0.0,0.0,0.0,多
2026-06-16,7907,錸恩帕斯,241.42,242.0,228.0,230.0,37,0,0,0,0,0.0,0.0,0.0,多
2026-06-16,7909,鈺祥,660.63,668.0,648.0,648.0,108,0,0,0,0,0.0,0.0,0.0,空
2026-06-16,7911,阿波羅電力,169.03,173.0,165.0,168.0,106,0,0,0,0,0.0,0.0,0.0,多
2026-06-16,7912,新聿科,480.6,488.0,447.0,461.5,60,0,0,0,0,0.0,0.0,0.0,多
2026-06-16,7913,通寶半導體,345.79,341.0,330.0,336.0,51,0,-1,0,0,0.0,0.0,0.0,-
2026-06-16,7915,廌家,496.45,506.0,480.5,502.0,32,0,-5,0,0,0.0,0.0,0.0,空
2026-06-16,7918,創鉅材料,1565.45,1645.0,1505.0,1545.0,238,0,-25,0,0,0.0,0.0,0.0,多
2026-06-16,7919,禾蒼,61.68,63.2,59.7,60.6,96,0,-3,0,0,0.0,0.0,0.0,-
2026-06-16,7920,瀚陽*,14.02,14.0,11.95,12.3,5085,0,-25,0,0,0.0,0.0,0.0,-
2026-06-16,7921,台普威,110.94,110.5,103.5,109.0,50,0,0,0,0,0.0,0.0,0.0,-
2026-06-16,7922,源點*,107.23,110.5,106.0,110.0,4,0,0,0,0,0.0,0.0,0.0,-
2026-06-16,8011,台通,18.7,18.75,18.4,18.4,671,70,-38,0,2,0.0,0.0,0.0,多
2026-06-16,8016,矽創,278.0,281.0,270.0,278.5,1982,504,531,21,-6,0.0,0.0,0.0,空
2026-06-16,8021,尖點,495.0,523.0,495.0,518.0,2033,0,604,-100,250,0.0,0.0,0.0,多
2026-06-16,8024,佑華,12.15,12.3,12.1,12.3,56,0,-4,0,0,0.0,0.0,0.0,空
2026-06-16,8027,鈦昇,242.0,250.0,230.0,247.0,8912,0,421,0,-48,0.0,0.0,0.0,空
2026-06-16,8028,昇陽半導體,325.0,337.0,314.0,314.0,9730,5997,-1247,130,43,0.0,0.0,0.0,空
2026-06-16,8032,光菱,44.8,49.1,44.4,46.15,981,0,37,0,0,0.0,0.0,0.0,空
2026-06-16,8033,雷虎,129.0,129.0,124.5,125.0,2913,354,-468,0,-789,0.0,0.0,0.0,空
2026-06-16,8034,榮群,23.75,23.75,23.3,23.3,208,0,-61,0,0,0.0,0.0,0.0,空
2026-06-16,8038,長園科,41.9,41.9,40.25,40.65,260,0,1,0,0,0.0,0.0,0.0,多
2026-06-16,8039,台虹,150.0,151.0,141.0,141.5,7347,3363,-1205,0,-108,0.0,0.0,0.0,空
2026-06-16,8040,九暘,97.4,98.3,93.9,93.9,1031,0,-382,0,-19,0.0,0.0,0.0,空
2026-06-16,8042,金山電,196.5,206.0,184.0,192.5,27538,0,-362,0,-97,0.0,0.0,0.0,多
2026-06-16,8043,蜜望實,207.5,222.5,207.0,211.0,42600,0,4496,0,-7,0.0,0.0,0.0,多
2026-06-16,8044,網家,29.5,29.7,28.6,28.65,684,0,58,0,-13,0.0,0.0,0.0,空
2026-06-16,8045,達運光電,64.0,65.2,61.2,61.4,124,35,-20,0,0,0.0,0.0,0.0,空
2026-06-16,8046,南電,860.0,929.0,858.0,902.0,16662,9098,2623,124,213,0.0,0.0,0.0,空
2026-06-16,8047,星雲,50.4,50.4,48.2,50.0,77,0,-28,0,0,0.0,0.0,0.0,多
2026-06-16,8048,德勝,67.4,68.8,65.1,65.4,587,0,76,0,19,0.0,0.0,0.0,多
2026-06-16,8049,晶采,28.2,29.45,27.95,28.1,1072,0,-168,0,14,0.0,0.0,0.0,多
2026-06-16,8050,廣積,58.0,58.1,54.9,55.2,928,0,-21,0,0,0.0,0.0,0.0,空
2026-06-16,8054,安國,102.0,102.0,99.5,99.5,1049,0,-181,0,-2,0.0,0.0,0.0,空
2026-06-16,8058,耐特,97.05,98.0,95.2,96.2,125,0,0,0,0,0.0,0.0,0.0,多
2026-06-16,8059,凱碩,18.0,18.0,17.45,17.55,482,0,25,0,0,0.0,0.0,0.0,空
2026-06-16,8064,東捷,143.0,148.5,138.0,140.0,9395,0,-949,0,44,0.0,0.0,0.0,空
2026-06-16,8066,來思達,15.5,15.5,15.45,15.45,7,0,0,0,0,0.0,0.0,0.0,多
2026-06-16,8067,志旭,12.3,12.8,12.25,12.25,30,0,0,0,0,0.0,0.0,0.0,空
2026-06-16,8068,全達,19.35,19.35,18.75,18.75,267,0,-90,0,0,0.0,0.0,0.0,空
2026-06-16,8069,元太,203.0,204.5,194.0,194.5,7651,0,1865,-2621,71,0.0,0.0,0.0,空
2026-06-16,8070,長華*,57.5,57.6,55.3,55.8,7225,1340,-1116,-4,-199,0.0,0.0,0.0,空
2026-06-16,8071,能率網通,28.7,29.6,28.25,29.6,9760,0,586,0,23,0.0,0.0,0.0,多
2026-06-16,8072,陞泰,29.0,29.0,28.3,28.3,149,16,-37,0,1,0.0,0.0,0.0,空
2026-06-16,8074,鉅橡,74.7,78.0,74.0,77.0,4860,0,273,0,89,0.0,0.0,0.0,空
2026-06-16,8076,伍豐,27.0,27.0,25.5,25.5,3614,0,581,0,-25,0.0,0.0,0.0,空
2026-06-16,8077,洛碁,48.8,49.65,48.0,49.65,5,0,0,0,0,0.0,0.0,0.0,空
2026-06-16,8080,永利聯合,28.1,28.15,28.05,28.1,20,0,0,0,0,0.0,0.0,0.0,多
2026-06-16,8080,泰霖,28.1,28.15,28.05,28.1,20,0,0,0,0,0.0,0.0,0.0,多
2026-06-16,8081,致新,284.5,288.0,282.0,282.5,947,301,-71,0,50,0.0,0.0,0.0,空
2026-06-16,8083,瑞穎,173.0,173.5,171.5,171.5,27,0,-7,0,0,0.0,0.0,0.0,多
2026-06-16,8084,巨虹,46.0,46.75,45.0,45.8,58,0,-22,0,0,0.0,0.0,0.0,空
2026-06-16,8085,福華,12.85,12.85,12.45,12.5,304,0,-150,0,0,0.0,0.0,0.0,多
2026-06-16,8086,宏捷科,158.5,164.0,157.0,160.0,6651,0,194,0,96,0.0,0.0,0.0,空
2026-06-16,8087,華鎂鑫,34.3,34.3,33.4,33.8,61,0,-6,0,0,0.0,0.0,0.0,空
2026-06-16,8087,麗升能源,34.3,34.3,33.4,33.8,61,0,-6,0,0,0.0,0.0,0.0,空
2026-06-16,8088,品安,65.7,66.0,63.2,63.4,4445,0,389,0,0,0.0,0.0,0.0,空
2026-06-16,8089,康全電訊,21.1,21.1,20.5,20.55,286,0,-96,0,0,0.0,0.0,0.0,多
2026-06-16,8091,翔名,255.0,256.0,241.5,248.0,1289,0,-488,0,37,0.0,0.0,0.0,空
2026-06-16,8092,建暐,15.05,15.05,14.5,14.7,75,0,-1,0,0,0.0,0.0,0.0,空
2026-06-16,8093,保銳,18.85,19.0,18.5,18.5,28,0,0,0,0,0.0,0.0,0.0,多
2026-06-16,8096,擎亞,147.0,150.0,142.0,142.5,15642,0,730,0,-174,0.0,0.0,0.0,多
2026-06-16,8097,常珵,59.3,60.4,57.7,57.7,38,0,-6,0,3,0.0,0.0,0.0,空
2026-06-16,8098,慶康科技,368.35,375.0,358.0,367.5,21,0,-1,0,0,0.0,0.0,0.0,空
2026-06-16,8099,大世科,60.2,60.6,59.6,59.6,78,0,-8,0,0,0.0,0.0,0.0,空
2026-06-16,8101,華冠,14.95,15.0,14.95,15.0,4,0,0,0,0,0.0,0.0,0.0,空
2026-06-16,8102,傑霖科技,71.4,71.4,70.0,70.0,17,0,2,0,0,0.0,0.0,0.0,空
2026-06-16,8103,瀚荃,97.3,98.5,93.0,93.0,823,192,-157,0,-89,0.0,0.0,0.0,空
2026-06-16,8104,錸寶,39.5,40.15,37.5,38.65,2249,911,282,0,0,0.0,0.0,0.0,空
2026-06-16,8105,凌巨,21.55,21.8,20.9,21.7,15874,5926,1765,0,107,0.0,0.0,0.0,多
2026-06-16,8107,大億金茂,12.35,12.35,12.05,12.05,78,0,-8,0,0,0.0,0.0,0.0,多
2026-06-16,8109,博大,119.5,119.5,116.0,117.0,439,0,152,-15,-1,0.0,0.0,0.0,空
2026-06-16,8110,華東,58.1,61.5,57.2,58.4,26269,15633,-318,0,221,0.0,0.0,0.0,空
2026-06-16,8111,立碁,56.6,57.2,55.3,55.3,1102,0,-394,0,17,0.0,0.0,0.0,空
2026-06-16,8112,至上,98.0,99.3,95.8,95.8,20881,9254,-830,217,-130,0.0,0.0,0.0,多
2026-06-16,8114,振樺電,212.0,215.5,206.5,208.0,1364,443,305,0,1,0.0,0.0,0.0,空
2026-06-16,8119,公信,10.15,10.5,10.05,10.5,19,0,4,0,0,0.0,0.0,0.0,空
2026-06-16,8121,越峰,48.8,52.0,47.15,50.3,6006,0,-208,0,0,0.0,0.0,0.0,多
2026-06-16,8131,福懋科,77.7,78.8,76.0,76.0,16914,8504,112,0,-60,0.0,0.0,0.0,多
2026-06-16,8147,正淩,147.5,147.5,142.0,142.0,276,0,-65,0,1,0.0,0.0,0.0,空
2026-06-16,8150,南茂,96.6,101.5,94.4,94.6,47492,32661,-4066,-45,313,0.0,0.0,0.0,空
2026-06-16,8155,博智,377.0,408.5,375.5,404.0,2740,0,-347,-54,148,0.0,0.0,0.0,空
2026-06-16,8162,微矽電子-創,75.0,75.0,69.3,70.0,380,63,-90,0,4,0.0,0.0,0.0,空
2026-06-16,8163,達方,45.4,45.45,43.6,43.6,4978,1247,750,0,5,0.0,0.0,0.0,多
2026-06-16,8171,天宇,21.1,21.3,20.3,20.55,476,0,42,0,0,0.0,0.0,0.0,空
2026-06-16,8176,智捷,10.1,10.15,10.0,10.0,193,0,5,0,0,0.0,0.0,0.0,多
2026-06-16,8182,加高,57.0,57.8,51.3,51.4,8212,0,-746,0,-25,0.0,0.0,0.0,多
2026-06-16,8183,精星,33.25,33.3,32.4,32.6,562,0,-207,0,10,0.0,0.0,0.0,多
2026-06-16,8201,無敵,13.3,13.5,13.25,13.4,94,0,-3,0,0,0.0,0.0,0.0,空
2026-06-16,8210,勤誠,1440.0,1440.0,1330.0,1350.0,1918,461,-288,-425,-23,0.0,0.0,0.0,空
2026-06-16,8213,志超,36.8,36.85,36.1,36.15,3606,163,-149,0,2,0.0,0.0,0.0,空
2026-06-16,8215,明基材,30.5,30.55,29.15,29.15,3043,774,-421,-66,1,0.0,0.0,0.0,空
2026-06-16,8222,寶一,35.4,35.4,34.6,34.6,278,44,-20,0,0,0.0,0.0,0.0,空
2026-06-16,8227,巨有科技,185.0,185.0,177.5,178.0,680,0,102,0,-25,0.0,0.0,0.0,空
2026-06-16,8234,新漢,66.5,66.5,63.1,63.2,512,0,-139,0,-6,0.0,0.0,0.0,空
2026-06-16,8240,華宏,57.6,57.8,55.1,55.3,522,0,30,0,-2,0.0,0.0,0.0,空
2026-06-16,8249,菱光,50.7,54.8,50.2,53.8,2578,1228,256,0,-4,0.0,0.0,0.0,空
2026-06-16,8255,朋程,181.5,181.5,173.5,175.5,2249,0,-673,0,-18,0.0,0.0,0.0,空
2026-06-16,8261,富鼎,183.0,187.0,173.5,178.0,12202,5698,-386,0,-39,0.0,0.0,0.0,空
2026-06-16,8271,宇瞻,213.0,215.5,204.5,206.0,2707,960,-653,0,-7,0.0,0.0,0.0,空
2026-06-16,8272,全景軟體,70.5,71.0,70.0,70.8,9,0,-2,0,0,0.0,0.0,0.0,空
2026-06-16,8277,商丞,10.4,10.5,10.0,10.4,379,0,-1,0,0,0.0,0.0,0.0,多
2026-06-16,8279,生展,97.5,97.6,95.2,95.3,34,0,-13,0,0,0.0,0.0,0.0,多
2026-06-16,8284,三竹,64.9,64.9,63.7,63.7,14,0,-1,0,0,0.0,0.0,0.0,多
2026-06-16,8289,泰藝,69.9,70.4,65.0,65.2,3713,0,-606,0,0,0.0,0.0,0.0,空
2026-06-16,8291,尚茂,38.3,40.8,38.3,39.2,195,0,2,0,0,0.0,0.0,0.0,空
2026-06-16,8298,威睿,51.04,52.0,49.55,50.7,22,0,2,0,0,0.0,0.0,0.0,空
2026-06-16,8299,群聯,2350.0,2400.0,2320.0,2375.0,5629,0,825,-541,34,0.0,0.0,0.0,空
2026-06-16,8329,台視,10.03,10.2,9.96,10.15,35,0,0,0,0,0.0,0.0,0.0,空
2026-06-16,8341,日友,81.0,81.0,79.8,80.0,310,36,-1,0,0,0.0,0.0,0.0,多
2026-06-16,8342,益張,0.0,0.0,0.0,0.0,0,0,0,0,0,0.0,0.0,0.0,空
2026-06-16,8345,超秦,59.41,61.8,59.6,61.8,119,0,0,0,0,0.0,0.0,0.0,多
2026-06-16,8349,恒耀,40.9,41.6,40.65,41.55,131,0,1,0,0,0.0,0.0,0.0,多
2026-06-16,8354,冠好,16.45,16.45,16.3,16.4,34,0,0,0,0,0.0,0.0,0.0,空
2026-06-16,8358,金居,625.0,638.0,615.0,632.0,2400,0,1262,0,-19,0.0,0.0,0.0,空
2026-06-16,8359,錢櫃,64.89,65.3,64.8,65.3,68,0,4,0,0,0.0,0.0,0.0,多
2026-06-16,8367,建新國際,40.7,40.9,40.45,40.5,23,0,4,0,0,0.0,0.0,0.0,多
2026-06-16,8374,羅昇,94.7,94.7,90.0,90.0,404,146,31,0,0,0.0,0.0,0.0,空
2026-06-16,8383,千附,63.0,63.0,60.1,60.1,2548,0,-867,0,-18,0.0,0.0,0.0,空
2026-06-16,8390,金益鼎,117.5,118.0,114.5,114.5,553,0,105,0,-26,0.0,0.0,0.0,空
2026-06-16,8401,白紗科,23.2,23.25,22.9,22.95,33,0,-11,0,0,0.0,0.0,0.0,多
2026-06-16,8403,盛弘,19.65,19.65,19.4,19.4,166,0,-65,0,0,0.0,0.0,0.0,多
2026-06-16,8404,百和興業-KY,17.1,17.1,16.6,16.75,334,46,80,0,-23,0.0,0.0,0.0,多
2026-06-16,8409,商之器,19.0,19.1,19.0,19.1,5,0,0,0,0,0.0,0.0,0.0,多
2026-06-16,8410,森田,33.3,33.4,32.7,33.4,78,0,9,0,0,0.0,0.0,0.0,空
2026-06-16,8411,福貞-KY,12.15,12.2,12.0,12.05,352,60,34,0,1,0.0,0.0,0.0,多
2026-06-16,8415,大國鋼,35.35,35.5,34.85,35.25,636,0,-163,0,5,0.0,0.0,0.0,空
2026-06-16,8416,實威,180.0,181.0,179.5,180.0,21,0,-3,0,0,0.0,0.0,0.0,空
2026-06-16,8421,旭源,13.0,13.05,12.95,13.05,57,0,9,0,0,0.0,0.0,0.0,空
2026-06-16,8422,可寧衛,29.0,29.0,28.05,28.05,12345,1836,-3461,-264,-152,0.0,0.0,0.0,多
2026-06-16,8422,可寧衛*,29.0,29.0,28.05,28.05,12345,1836,-3461,-264,-152,0.0,0.0,0.0,多
2026-06-16,8423,保綠-KY,17.7,17.85,17.65,17.8,31,0,-2,0,0,0.0,0.0,0.0,多
2026-06-16,8424,惠普,69.2,69.2,68.8,68.9,36,0,-13,0,0,0.0,0.0,0.0,空
2026-06-16,8426,紅木-KY,20.85,20.9,20.65,20.65,10,0,-3,0,0,0.0,0.0,0.0,空
2026-06-16,8429,金麗-KY,6.68,6.68,6.57,6.67,209,30,-33,0,0,0.0,0.0,0.0,多
2026-06-16,8431,匯鑽科,52.8,53.9,52.5,53.9,416,0,121,0,3,0.0,0.0,0.0,空
2026-06-16,8432,東生華,50.3,51.2,50.3,51.1,6,0,-3,0,0,0.0,0.0,0.0,空
2026-06-16,8433,弘帆,53.9,53.9,52.9,53.6,15,0,0,0,0,0.0,0.0,0.0,多
2026-06-16,8435,鉅邁,53.8,54.1,53.7,53.9,30,0,0,0,0,0.0,0.0,0.0,空
2026-06-16,8436,大江,119.5,120.0,117.0,118.0,654,0,-352,-2,-6,0.0,0.0,0.0,空
2026-06-16,8437,大地-KY,10.35,10.45,10.3,10.3,53,0,-6,0,0,0.0,0.0,0.0,空
2026-06-16,8438,昶昕,84.4,84.4,80.8,81.5,343,79,5,0,-2,0.0,0.0,0.0,空
2026-06-16,8440,綠電,22.55,22.55,22.15,22.25,75,0,-6,0,0,0.0,0.0,0.0,空
2026-06-16,8442,威宏-KY,40.0,40.45,39.9,40.1,67,12,2,0,0,0.0,0.0,0.0,多
2026-06-16,8443,阿瘦,11.4,11.45,11.4,11.4,9,0,3,0,0,0.0,0.0,0.0,多
2026-06-16,8444,綠河-KY,4.99,4.99,4.6,4.87,27,0,-15,0,0,0.0,0.0,0.0,空
2026-06-16,8446,華研,88.8,88.8,87.7,87.7,67,0,-2,0,0,0.0,0.0,0.0,多
2026-06-16,8450,霹靂,15.75,16.0,15.5,15.9,35,0,5,0,0,0.0,0.0,0.0,多
2026-06-16,8454,富邦媒,305.5,321.0,300.0,321.0,2181,0,-328,-7,173,0.0,0.0,0.0,多
2026-06-16,8455,大拓-KY,33.0,33.0,30.55,32.0,35,0,0,0,0,0.0,0.0,0.0,空
2026-06-16,8458,影一,15.74,15.65,15.05,15.65,7,0,0,0,0,0.0,0.0,0.0,多
2026-06-16,8462,柏文,146.5,147.0,144.5,146.0,103,9,26,0,-7,0.0,0.0,0.0,多
2026-06-16,8463,潤泰材,22.25,22.25,22.0,22.1,95,9,8,0,-1,0.0,0.0,0.0,多
2026-06-16,8464,億豐,347.5,354.0,341.0,351.0,937,110,-390,437,1,0.0,0.0,0.0,多
2026-06-16,8466,美吉吉-KY,16.3,16.3,15.95,16.0,42,8,2,0,0,0.0,0.0,0.0,多
2026-06-16,8467,波力-KY,128.0,130.5,127.0,129.0,7,1,4,0,0,0.0,0.0,0.0,空
2026-06-16,8472,夠麻吉,86.1,86.1,84.8,85.0,15,0,-1,0,0,0.0,0.0,0.0,多
2026-06-16,8473,山林水,52.1,52.1,49.45,49.5,1810,436,-123,0,-2,0.0,0.0,0.0,空
2026-06-16,8476,台境,19.65,20.0,19.6,19.9,967,137,218,0,-4,0.0,0.0,0.0,多
2026-06-16,8476,台境*,19.65,20.0,19.6,19.9,967,137,218,0,-4,0.0,0.0,0.0,多
2026-06-16,8477,創業家,16.8,17.0,16.7,16.7,30,0,-1,0,0,0.0,0.0,0.0,空
2026-06-16,8478,東哥遊艇,151.0,152.5,150.0,151.5,162,26,31,0,0,0.0,0.0,0.0,空
2026-06-16,8481,政伸,42.1,42.25,41.85,42.15,26,0,1,0,-1,0.0,0.0,0.0,多
2026-06-16,8482,商億-KY,49.2,49.45,49.0,49.0,14,1,7,0,1,0.0,0.0,0.0,多
2026-06-16,8487,愛爾達-創,80.6,80.6,77.7,78.6,119,18,14,0,3,0.0,0.0,0.0,空
2026-06-16,8488,吉源-KY,10.3,10.8,10.3,10.5,34,2,14,0,2,0.0,0.0,0.0,多
2026-06-16,8489,三貝德,22.65,22.85,22.3,22.5,40,0,-11,0,0,0.0,0.0,0.0,多
2026-06-16,8499,鼎炫-KY,292.5,305.0,290.0,300.0,129,43,13,0,1,0.0,0.0,0.0,空
2026-06-16,8905,裕國,29.4,29.4,29.4,29.4,1,0,1,0,0,0.0,0.0,0.0,多
2026-06-16,8906,花王,27.15,29.8,27.05,29.8,150,0,33,0,0,0.0,0.0,0.0,多
2026-06-16,8908,欣雄,41.9,41.95,41.6,41.95,144,0,5,0,0,0.0,0.0,0.0,多
2026-06-16,8916,光隆,45.1,45.1,44.6,44.85,47,0,-12,0,0,0.0,0.0,0.0,多
2026-06-16,8917,欣泰,53.5,53.5,51.8,52.2,25,0,-4,0,0,0.0,0.0,0.0,空
2026-06-16,8921,沈氏,18.2,18.2,18.2,18.2,1,0,0,0,0,0.0,0.0,0.0,多
2026-06-16,8923,時報,0.0,0.0,0.0,0.0,0,0,0,0,0,0.0,0.0,0.0,空
2026-06-16,8924,大田,56.3,56.3,55.5,55.7,165,0,2,0,0,0.0,0.0,0.0,空
2026-06-16,8926,台汽電,72.5,78.6,72.5,76.8,14340,5263,3141,854,27,0.0,0.0,0.0,多
2026-06-16,8927,北基,20.35,20.45,20.15,20.4,211,0,141,0,11,0.0,0.0,0.0,多
2026-06-16,8928,鉅明,21.25,21.25,20.95,21.1,57,0,0,0,0,0.0,0.0,0.0,多
2026-06-16,8929,富堡,14.05,14.05,14.0,14.0,9,0,-4,0,0,0.0,0.0,0.0,多
2026-06-16,8930,青鋼,27.8,27.8,27.5,27.7,49,0,-6,0,0,0.0,0.0,0.0,空
2026-06-16,8931,大汽電,42.0,42.3,41.7,41.9,109,0,-10,0,0,0.0,0.0,0.0,空
2026-06-16,8932,智通*,103.5,105.0,100.0,100.5,3203,0,-695,0,-86,0.0,0.0,0.0,空
2026-06-16,8933,愛地雅,4.57,5.02,4.57,5.02,762,0,-14,0,0,0.0,0.0,0.0,多
2026-06-16,8935,邦泰,22.45,23.5,22.1,22.15,734,0,5,0,0,0.0,0.0,0.0,空
2026-06-16,8936,國統,57.7,58.0,55.9,55.9,5588,0,-1673,-3,7,0.0,0.0,0.0,多
2026-06-16,8937,合騏*,28.1,28.9,26.35,28.5,887,0,-414,0,20,0.0,0.0,0.0,多
2026-06-16,8938,明安,53.2,53.2,52.7,52.7,170,0,-88,0,0,0.0,0.0,0.0,多
2026-06-16,8940,新天地,16.6,16.75,16.5,16.55,52,4,-9,0,0,0.0,0.0,0.0,多
2026-06-16,8941,關中,43.2,43.2,42.6,43.0,5,0,0,0,0,0.0,0.0,0.0,空
2026-06-16,8942,森鉅,42.0,42.0,41.05,41.3,179,0,-29,0,0,0.0,0.0,0.0,多
2026-06-16,8996,高力,1310.0,1380.0,1265.0,1380.0,3490,1529,299,143,117,0.0,0.0,0.0,多
2026-06-16,8999,台灣積層,36.99,37.05,36.9,37.05,5,0,0,0,0,0.0,0.0,0.0,空
2026-06-16,9103,美德醫療-DR,5.48,5.49,5.22,5.26,1725,463,161,0,-7,0.0,0.0,0.0,空
2026-06-16,9105,泰金寶-DR,10.3,10.3,9.52,9.55,67320,27869,-4987,0,-171,0.0,0.0,0.0,空
2026-06-16,9110,越南控-DR,3.55,3.55,3.31,3.5,23,0,0,0,0,0.0,0.0,0.0,多
2026-06-16,9136,巨騰-DR,16.85,16.9,16.4,16.45,1060,382,-267,0,0,0.0,0.0,0.0,多
2026-06-16,9802,鈺齊-KY,79.4,79.4,76.2,77.7,891,261,-31,0,-90,0.0,0.0,0.0,多
2026-06-16,9902,台火,14.0,14.0,13.5,13.65,322,48,33,0,0,0.0,0.0,0.0,空
2026-06-16,9904,寶成,26.8,26.8,26.2,26.2,22470,3250,-9282,-2550,326,0.0,0.0,0.0,多
2026-06-16,9905,大華,21.0,21.0,20.9,21.0,143,4,57,0,-2,0.0,0.0,0.0,多
2026-06-16,9906,欣巴巴,42.0,44.35,42.0,43.3,320,82,113,0,-1,0.0,0.0,0.0,多
2026-06-16,9907,統一實,16.75,16.8,16.5,16.65,6997,415,-691,-2246,0,0.0,0.0,0.0,多
2026-06-16,9908,大台北,29.6,29.7,29.5,29.7,230,41,58,0,0,0.0,0.0,0.0,多
2026-06-16,9910,豐泰,79.5,79.5,71.2,78.0,16751,5553,1774,2285,6,0.0,0.0,0.0,多
2026-06-16,9911,櫻花,83.5,83.6,83.0,83.3,133,30,-3,0,-1,0.0,0.0,0.0,多
2026-06-16,9912,偉聯,12.5,12.65,12.5,12.5,68,0,9,0,-3,0.0,0.0,0.0,多
2026-06-16,9914,美利達,73.7,76.3,73.2,74.1,2067,867,142,0,10,0.0,0.0,0.0,多
2026-06-16,9917,中保科,119.5,119.5,118.0,118.0,1294,319,-550,58,7,0.0,0.0,0.0,多
2026-06-16,9918,欣天然,43.3,44.25,43.3,43.85,91,16,52,0,0,0.0,0.0,0.0,空
2026-06-16,9919,康那香,14.15,14.2,14.05,14.15,237,33,-22,0,-1,0.0,0.0,0.0,多
2026-06-16,9921,巨大,77.0,78.2,75.4,76.7,2479,705,-33,0,-39,0.0,0.0,0.0,多
2026-06-16,9924,福興,40.7,40.85,40.35,40.5,113,11,10,0,-1,0.0,0.0,0.0,空
2026-06-16,9925,新保,40.85,40.85,40.65,40.65,360,19,16,0,-5,0.0,0.0,0.0,多
2026-06-16,9926,新海,49.7,49.95,49.7,49.7,17,0,11,0,0,0.0,0.0,0.0,多
2026-06-16,9927,泰銘,70.3,70.3,69.3,69.6,86,15,24,0,0,0.0,0.0,0.0,多
2026-06-16,9928,中視,17.9,18.25,17.9,18.05,58,0,0,0,0,0.0,0.0,0.0,多
2026-06-16,9929,秋雨,11.8,12.7,11.8,12.4,41,0,-3,0,0,0.0,0.0,0.0,多
2026-06-16,9930,中聯資源,70.0,70.0,69.0,69.8,123,31,-8,0,-1,0.0,0.0,0.0,多
2026-06-16,9931,欣高,35.1,35.35,34.85,35.05,35,7,-10,0,0,0.0,0.0,0.0,多
2026-06-16,9933,中鼎,43.25,43.3,42.3,42.35,4466,997,1613,-80,-27,0.0,0.0,0.0,多
2026-06-16,9934,成霖,10.45,10.45,10.25,10.3,885,198,-54,0,5,0.0,0.0,0.0,空
2026-06-16,9935,慶豐富,19.4,19.45,19.25,19.3,141,19,-36,0,0,0.0,0.0,0.0,多
2026-06-16,9937,全國,55.2,56.0,55.2,55.4,38,7,19,0,0,0.0,0.0,0.0,多
2026-06-16,9938,百和,44.65,44.65,43.95,44.0,1237,228,136,-3,-9,0.0,0.0,0.0,多
2026-06-16,9939,宏全,133.5,134.5,132.0,133.0,1045,213,-157,-1,4,0.0,0.0,0.0,多
2026-06-16,9940,信義,19.6,20.25,19.6,20.25,976,189,110,0,-12,0.0,0.0,0.0,多
2026-06-16,9941,裕融,83.1,83.2,81.3,81.6,2174,253,-877,111,-36,0.0,0.0,0.0,多
2026-06-16,9942,茂順,118.5,119.5,118.0,119.0,67,4,7,0,-1,0.0,0.0,0.0,空
2026-06-16,9943,好樂迪,57.5,57.7,57.2,57.6,62,9,13,0,-3,0.0,0.0,0.0,多
2026-06-16,9944,新麗,17.4,17.8,17.35,17.6,109,12,23,0,-2,0.0,0.0,0.0,多
2026-06-16,9945,潤泰新,27.1,27.45,26.7,26.7,10622,2367,-1627,0,-4,0.0,0.0,0.0,多
2026-06-16,9946,三發地產,20.1,21.0,19.5,19.95,4544,943,-814,0,-9,0.0,0.0,0.0,多
2026-06-16,9949,琉園,24.0,24.1,23.9,24.0,16,0,-2,0,0,0.0,0.0,0.0,多
2026-06-16,9950,萬國通,11.0,11.0,10.85,10.9,21,0,0,0,0,0.0,0.0,0.0,空
2026-06-16,9951,皇田,53.3,53.4,52.9,53.4,65,0,18,0,0,0.0,0.0,0.0,多
2026-06-16,9955,佳龍,27.65,27.8,26.85,26.9,334,43,-152,0,0,0.0,0.0,0.0,空
2026-06-16,9957,燁聯,6.13,6.21,6.0,6.15,421,0,23,0,0,0.0,0.0,0.0,空
2026-06-16,9958,世紀鋼,110.0,114.0,109.0,113.5,3036,871,-75,0,11,0.0,0.0,0.0,多
2026-06-16,9960,邁達康,32.05,32.05,32.0,32.0,14,0,-1,0,0,0.0,0.0,0.0,空
2026-06-16,9962,有益,9.91,9.91,9.72,9.79,59,0,-26,0,0,0.0,0.0,0.0,多
