date,stock_id,stock_name,open,high,low,close,volume,day_trading_volume,foreign_buy,trust_buy,dealer_buy,foreign_hold_ratio,foreign_remain_ratio,foreign_limit_ratio
2026-06-11,0050,元大台灣50,100.0,100.55,97.6,99.85,299040,38421,-91840,2846,-78743,6.02,93.97,100.0
2026-06-11,0051,元大中型100,136.15,137.8,133.0,136.7,139,26,12,0,-47,0.61,99.38,100.0
2026-06-11,0052,富邦科技,57.95,58.6,56.8,58.15,41628,11382,2726,0,-2750,1.8,98.19,100.0
2026-06-11,0053,元大電子,227.9,230.0,222.6,227.7,112,15,6,0,-55,1.1,98.89,100.0
2026-06-11,0054,元大台商50,23.4,23.5,23.4,23.5,11,0,0,0,0,0.0,0.0,0.0
2026-06-11,0055,元大MSCI金融,39.36,39.85,38.88,39.66,1132,272,77,0,-34,1.16,98.83,100.0
2026-06-11,0056,元大高股息,49.24,49.8,48.46,49.59,68453,21341,-1295,150,-6506,0.78,99.21,100.0
2026-06-11,0057,富邦摩台,295.4,297.35,290.2,295.3,82,14,1,0,-41,5.97,94.02,100.0
2026-06-11,0058,富邦發達,0.0,0.0,0.0,0.0,0,0,0,0,0,0.0,0.0,0.0
2026-06-11,0059,富邦金融,40.2,40.47,40.2,40.47,2,0,0,0,0,0.0,0.0,0.0
2026-06-11,0061,元大寶滬深,24.48,24.49,24.2,24.27,63,0,-11,0,45,5.1,94.89,100.0
2026-06-11,1101,台泥,23.95,24.35,23.8,24.25,31962,5635,-1379,145,314,14.27,85.72,100.0
2026-06-11,1102,亞泥,34.5,34.75,34.25,34.5,16391,3581,-4557,-23,182,12.23,87.76,100.0
2026-06-11,1103,嘉泥,13.5,13.5,13.25,13.45,270,74,62,0,16,4.57,95.42,100.0
2026-06-11,1104,環泥,29.25,29.25,28.7,29.0,1047,191,-354,0,45,15.14,84.85,100.0
2026-06-11,1108,幸福,13.75,13.8,13.6,13.65,282,55,-29,0,1,1.36,98.63,100.0
2026-06-11,1109,信大,14.6,14.65,14.45,14.6,112,9,34,0,7,2.35,97.64,100.0
2026-06-11,1110,東泥,15.4,15.5,15.2,15.4,185,54,68,0,10,5.81,94.18,100.0
2026-06-11,1201,味全,12.5,12.6,12.3,12.4,330,60,-35,0,11,4.99,95.0,100.0
2026-06-11,1203,味王,43.0,43.0,41.8,42.75,35,3,5,0,1,1.72,98.27,100.0
2026-06-11,1210,大成,55.9,55.9,54.8,55.7,6968,1525,-3740,4338,42,8.74,91.25,100.0
2026-06-11,1213,大飲,8.39,8.4,8.3,8.32,7,0,0,0,0,0.01,99.98,100.0
2026-06-11,1215,卜蜂,119.0,119.0,116.0,117.5,3238,843,1347,-1702,7,37.97,62.02,100.0
2026-06-11,1216,統一,74.4,75.6,74.4,75.6,14585,3083,6666,581,8277,31.58,68.41,100.0
2026-06-11,1217,愛之味,9.86,9.86,9.77,9.86,681,94,109,0,12,7.96,92.03,100.0
2026-06-11,1218,泰山,19.35,19.4,19.15,19.2,3121,223,-585,0,11,3.95,96.04,100.0
2026-06-11,1219,福壽,12.65,12.65,12.4,12.5,205,27,-26,0,20,5.51,94.48,100.0
2026-06-11,1220,台榮,11.65,11.65,11.5,11.6,152,7,2,0,0,7.09,92.9,100.0
2026-06-11,1225,福懋油,30.4,30.4,29.35,29.35,231,23,-82,0,-7,1.34,98.65,100.0
2026-06-11,1227,佳格,28.5,29.1,28.45,28.85,2727,711,585,0,24,6.68,93.31,100.0
2026-06-11,1229,聯華,41.55,41.6,40.95,41.3,1939,298,503,0,51,9.01,90.98,100.0
2026-06-11,1231,聯華食,87.9,87.9,86.7,87.2,232,58,-6,0,8,2.71,97.28,100.0
2026-06-11,1232,大統益,149.5,150.0,148.5,149.5,155,16,46,0,10,2.54,97.45,100.0
2026-06-11,1233,天仁,27.75,28.0,27.7,28.0,9,0,6,0,0,5.76,94.23,100.0
2026-06-11,1234,黑松,34.95,35.2,34.7,35.2,208,54,65,0,3,4.74,95.25,100.0
2026-06-11,1235,興泰,38.75,38.75,37.4,38.0,16,7,2,0,-2,0.25,99.74,100.0
2026-06-11,1236,宏亞,25.9,25.9,25.55,25.65,20,6,4,0,0,0.46,99.53,100.0
2026-06-11,1240,茂生農經,57.8,57.8,57.8,57.8,3,0,0,0,0,3.66,96.33,100.0
2026-06-11,1256,鮮活果汁-KY,176.0,179.0,172.0,175.0,161,35,52,0,0,4.67,95.32,100.0
2026-06-11,1259,安心,58.4,59.6,58.4,59.6,19,1,0,0,0,26.12,73.87,100.0
2026-06-11,1260,富味鄉,23.53,23.55,23.05,23.3,34,0,3,0,0,0.0,0.0,0.0
2026-06-11,1262,綠悅-KY,59.5,62.9,59.5,62.2,3379,0,0,0,0,0.0,0.0,0.0
2026-06-11,1264,德麥,267.5,272.0,267.5,271.0,28,3,4,0,-5,1.76,98.23,100.0
2026-06-11,1268,漢來美食,168.0,169.0,167.5,167.5,18,2,2,0,0,1.7,98.29,100.0
2026-06-11,1269,乾杯,66.37,71.5,67.5,69.3,6,0,0,0,0,0.0,0.0,0.0
2026-06-11,1271,晨暉生技,64.37,65.2,62.1,63.2,103,0,0,0,0,0.0,0.0,0.0
2026-06-11,1293,利統,26.85,27.35,26.8,27.35,13,0,0,0,0,0.0,0.0,0.0
2026-06-11,1294,漢田生技,78.2,80.8,76.2,77.5,43,13,-12,0,0,0.57,99.42,100.0
2026-06-11,1295,生合,49.0,49.0,48.2,48.95,44,7,-17,0,0,2.23,97.76,100.0
2026-06-11,1301,台塑,44.4,44.85,43.1,43.8,30552,6760,-10359,5,255,30.07,69.92,100.0
2026-06-11,1303,南亞,93.2,99.2,93.1,96.9,56196,32239,-2997,2305,-339,34.35,65.64,100.0
2026-06-11,1304,台聚,12.95,13.0,12.4,12.5,3508,1349,-463,0,8,28.2,71.79,100.0
2026-06-11,1305,華夏,12.75,12.75,12.45,12.65,2685,963,-422,0,-19,4.48,95.51,100.0
2026-06-11,1307,三芳,35.25,35.6,34.7,35.2,1292,345,132,0,11,7.51,92.48,100.0
2026-06-11,1308,亞聚,13.6,13.65,13.2,13.45,1931,866,-234,0,12,4.02,95.97,100.0
2026-06-11,1309,台達化,15.45,15.55,15.0,15.15,3013,1219,-451,0,28,2.62,97.37,100.0
2026-06-11,1310,台苯,8.57,8.61,8.41,8.43,2254,694,-193,0,14,4.71,95.28,100.0
2026-06-11,1312,國喬,13.2,13.3,12.65,12.85,11211,2971,-1069,0,-493,3.35,96.64,100.0
2026-06-11,1313,聯成,11.2,11.2,10.85,11.05,2712,735,469,0,12,5.48,94.51,100.0
2026-06-11,1314,中石化,7.76,7.9,7.7,7.76,19490,7245,1175,0,-57,8.75,91.24,100.0
2026-06-11,1315,達新,61.0,61.2,60.9,61.2,8,0,5,0,5,1.24,98.75,100.0
2026-06-11,1316,上曜,11.15,11.6,10.65,10.8,10288,4875,-1462,0,-55,4.06,95.93,100.0
2026-06-11,1319,東陽,107.0,108.0,99.9,102.0,9837,3935,-815,2649,39,6.52,93.47,100.0
2026-06-11,1321,大洋,31.15,31.35,30.5,31.0,285,99,-13,0,7,6.81,93.18,100.0
2026-06-11,1323,永裕,19.65,19.65,19.3,19.5,50,9,-16,0,3,1.24,98.75,100.0
2026-06-11,1324,地球,10.4,10.5,10.35,10.5,34,4,0,0,0,0.88,99.11,100.0
2026-06-11,1325,恆大,26.1,26.35,25.9,26.05,283,44,-65,0,0,1.44,98.55,100.0
2026-06-11,1326,台化,46.3,47.3,45.25,46.25,16325,5874,-3903,-6,-203,37.39,62.6,100.0
2026-06-11,1336,台翰,13.85,14.3,13.8,14.25,155,23,17,0,0,3.32,96.67,100.0
2026-06-11,1337,再生-KY,4.96,5.01,4.91,4.97,297,50,-21,0,2,25.86,74.13,100.0
2026-06-11,1338,廣華-KY,16.4,16.75,16.35,16.45,151,11,-52,0,3,6.81,93.18,100.0
2026-06-11,1339,昭輝,43.7,44.35,43.2,44.3,169,22,46,0,9,1.22,98.77,100.0
2026-06-11,1340,勝悅-KY,5.6,5.71,5.52,5.63,219,55,-85,0,18,26.21,73.78,100.0
2026-06-11,1341,富林-KY,61.7,62.4,61.7,62.1,7,0,1,0,0,79.9,20.09,100.0
2026-06-11,1342,八貫,110.5,111.0,104.5,107.0,1205,381,67,0,0,31.08,68.91,100.0
2026-06-11,1343,旭東環保,19.18,19.5,19.0,19.5,13,0,0,0,0,0.0,0.0,0.0
2026-06-11,1402,遠東新,27.65,27.9,27.35,27.4,38339,8272,-22464,21880,204,15.23,84.76,100.0
2026-06-11,1409,新纖,25.45,25.45,23.25,24.65,12278,0,-611,0,-173,14.17,85.82,100.0
2026-06-11,1410,南染,25.0,25.5,24.9,24.9,55,18,-11,0,1,18.87,81.12,100.0
2026-06-11,1413,宏洲,9.6,9.6,9.23,9.51,24,0,0,0,-1,0.41,99.58,100.0
2026-06-11,1414,東和,16.85,16.85,16.1,16.75,100,23,-44,0,0,1.28,98.71,100.0
2026-06-11,1416,廣豐,11.0,11.05,10.95,11.05,320,90,-32,0,1,6.0,93.99,100.0
2026-06-11,1417,嘉裕,8.44,8.55,8.4,8.46,167,62,-10,0,1,0.94,99.05,100.0
2026-06-11,1418,東華,18.55,18.7,18.55,18.7,37,1,1,0,0,0.93,99.06,100.0
2026-06-11,1419,新紡,64.8,65.3,63.5,65.0,118,40,3,0,7,1.15,98.84,100.0
2026-06-11,1423,利華,43.95,44.45,43.95,44.4,352,108,-81,0,0,1.29,98.7,100.0
2026-06-11,1432,大魯閣,17.4,17.4,17.05,17.2,366,25,-141,0,0,0.39,99.6,100.0
2026-06-11,1434,福懋,16.6,16.6,16.1,16.35,1426,402,-80,0,56,7.5,92.49,100.0
2026-06-11,1435,中福,5.36,5.36,5.31,5.36,21,0,0,0,0,0.19,0.0,100.0
2026-06-11,1436,華友聯,47.75,47.75,45.45,45.8,612,174,-113,0,9,6.32,93.67,100.0
2026-06-11,1437,勤益控,28.7,29.15,28.6,29.15,111,20,17,0,2,8.37,91.62,100.0
2026-06-11,1438,三地開發,22.9,24.05,22.9,24.05,608,76,128,0,1,0.71,99.28,100.0
2026-06-11,1439,雋揚,25.4,25.4,24.6,25.15,27,19,1,0,1,1.08,98.91,100.0
2026-06-11,1440,南紡,13.15,13.25,12.8,13.1,3429,918,238,0,3,7.22,92.77,100.0
2026-06-11,1441,大東,9.16,9.16,9.09,9.1,42,0,4,0,0,1.38,98.61,100.0
2026-06-11,1442,名軒,28.0,28.0,26.55,26.9,579,156,-266,0,0,8.52,91.47,100.0
2026-06-11,1443,立益,25.85,26.45,25.7,26.45,27,9,12,0,-2,0.31,99.68,100.0
2026-06-11,1443,立益物流,25.85,26.45,25.7,26.45,27,9,12,0,-2,0.31,99.68,100.0
2026-06-11,1444,力麗,7.05,7.2,6.93,7.05,2909,0,684,0,17,5.43,94.56,100.0
2026-06-11,1445,大宇,11.2,11.25,11.1,11.25,51,1,-27,0,-1,3.07,96.92,100.0
2026-06-11,1446,宏和,17.0,17.0,16.55,16.8,265,75,-35,0,3,6.43,93.56,100.0
2026-06-11,1447,力鵬,6.45,6.45,6.19,6.22,2656,0,-140,0,10,3.22,96.77,100.0
2026-06-11,1449,佳和,14.75,14.75,14.0,14.25,2885,1096,-405,0,1,7.21,92.78,100.0
2026-06-11,1451,年興,16.7,16.7,16.45,16.5,166,21,-19,0,1,5.39,94.6,100.0
2026-06-11,1452,宏益,10.8,10.95,10.7,10.95,23,4,2,0,1,1.83,98.16,100.0
2026-06-11,1453,大將,11.8,11.8,11.25,11.55,222,46,-41,0,-5,0.64,99.35,100.0
2026-06-11,1454,台富,12.85,12.95,12.7,12.95,26,8,8,0,1,0.42,99.57,100.0
2026-06-11,1455,集盛,9.81,9.99,9.66,9.86,1970,728,297,0,1,2.73,97.26,100.0
2026-06-11,1456,怡華,13.9,14.3,13.45,13.95,96,23,6,0,-5,0.49,99.5,100.0
2026-06-11,1457,宜進,14.65,14.65,14.2,14.35,242,61,3,0,5,1.68,98.31,100.0
2026-06-11,1459,聯發,11.7,11.8,11.65,11.8,103,28,22,0,3,1.73,98.26,100.0
2026-06-11,1460,宏遠,7.09,7.14,6.95,7.09,627,0,33,0,12,2.07,97.92,100.0
2026-06-11,1463,強盛新,17.85,17.85,17.45,17.65,43,2,7,0,1,11.5,88.49,100.0
2026-06-11,1464,得力,10.35,10.35,10.2,10.3,348,37,-80,0,1,1.98,98.01,100.0
2026-06-11,1465,偉全,12.1,12.45,12.1,12.4,85,9,1,0,1,0.46,99.53,100.0
2026-06-11,1466,聚隆,14.2,14.5,13.95,14.5,211,68,-9,0,3,0.72,99.27,100.0
2026-06-11,1467,南緯,7.71,7.71,7.48,7.55,145,25,11,0,8,19.08,80.91,100.0
2026-06-11,1468,昶和,11.5,11.6,11.35,11.6,60,0,3,0,-2,2.05,97.94,100.0
2026-06-11,1469,理隆,0.0,0.0,0.0,0.0,0,0,0,0,0,0.0,0.0,0.0
2026-06-11,1470,大統新創,22.55,22.7,22.55,22.7,4,0,4,0,0,0.29,99.7,100.0
2026-06-11,1471,首利,10.65,10.8,10.35,10.6,753,0,-222,0,-4,0.88,99.11,100.0
2026-06-11,1472,三洋實業,89.5,89.5,87.0,88.1,64,3,5,0,0,0.88,99.11,100.0
2026-06-11,1473,台南,20.5,20.5,20.1,20.4,62,6,3,0,0,5.05,94.94,100.0
2026-06-11,1474,弘裕,10.1,10.2,10.0,10.1,69,3,5,0,1,0.59,99.4,100.0
2026-06-11,1475,業旺,26.65,27.0,26.2,27.0,29,3,4,0,-1,0.42,99.57,100.0
2026-06-11,1476,儒鴻,347.5,348.0,340.5,344.0,1105,226,-426,7,25,29.76,70.23,100.0
2026-06-11,1477,聚陽,220.5,226.0,219.0,225.0,1799,449,408,9,-83,16.64,83.35,100.0
2026-06-11,1480,東盟開發,9.08,9.4,9.1,9.1,14,0,0,0,0,0.0,0.0,0.0
2026-06-11,1503,士電,216.0,219.5,211.0,215.0,4051,1518,-20,0,-36,30.63,69.36,100.0
2026-06-11,1504,東元,68.8,69.5,67.6,68.4,18779,5055,-1397,64,62,7.0,92.99,100.0
2026-06-11,1506,正道,10.1,10.25,10.0,10.2,354,0,103,0,1,0.71,99.28,100.0
2026-06-11,1507,永大,49.5,49.5,48.85,48.9,515,0,0,0,0,0.0,0.0,0.0
2026-06-11,1512,瑞利,6.81,6.86,6.74,6.86,94,0,12,0,0,5.4,94.59,100.0
2026-06-11,1513,中興電,164.0,167.0,160.5,164.0,6775,3009,-629,6,-110,11.9,88.09,100.0
2026-06-11,1514,亞力,118.0,119.5,114.0,118.0,4230,1874,-628,0,-54,14.78,85.21,100.0
2026-06-11,1515,力山,23.4,23.4,22.5,22.9,540,99,-126,0,6,3.41,96.58,100.0
2026-06-11,1516,川飛,21.5,21.5,20.85,21.3,150,0,15,0,0,5.85,94.14,100.0
2026-06-11,1517,利奇,10.25,10.4,10.1,10.25,237,49,-5,0,5,2.31,97.68,100.0
2026-06-11,1519,華城,791.0,802.0,744.0,773.0,5107,2082,202,-6,-62,19.62,80.37,100.0
2026-06-11,1521,大億,26.0,26.0,25.7,25.9,47,7,-18,0,0,32.96,67.03,100.0
2026-06-11,1522,堤維西,30.85,31.6,30.65,30.9,981,281,-247,0,6,2.37,97.62,100.0
2026-06-11,1524,耿鼎,29.85,30.4,29.3,29.75,821,212,-99,0,-2,1.69,98.3,100.0
2026-06-11,1525,江申,67.9,67.9,65.7,65.7,34,13,7,0,4,0.28,99.71,100.0
2026-06-11,1526,日馳,14.45,14.6,14.2,14.25,127,41,2,0,2,2.74,97.25,100.0
2026-06-11,1527,鑽全,33.1,33.35,32.8,33.15,313,40,-37,0,1,10.41,89.58,100.0
2026-06-11,1528,恩德,24.8,25.45,24.3,25.2,3774,1516,-123,0,2,2.68,97.31,100.0
2026-06-11,1529,樂事綠能,23.05,23.2,22.45,23.15,1188,448,81,0,0,1.48,98.51,100.0
2026-06-11,1530,亞崴,29.5,31.0,29.4,30.35,255,71,29,0,5,0.72,99.27,100.0
2026-06-11,1531,高林股,12.75,12.95,12.7,12.95,224,19,-86,0,1,1.5,98.49,100.0
2026-06-11,1532,勤美,22.9,23.05,22.5,23.05,696,107,-77,0,47,7.07,92.92,100.0
2026-06-11,1533,車王電,38.2,38.65,37.4,38.1,301,98,-3,0,-15,6.73,93.26,100.0
2026-06-11,1535,中宇,49.3,49.45,48.9,49.4,75,13,-22,0,0,1.11,98.88,100.0
2026-06-11,1536,和大,49.4,49.8,47.8,48.55,1779,548,-620,0,-18,4.9,95.09,100.0
2026-06-11,1537,廣隆,127.0,127.5,125.5,127.5,86,10,23,0,2,15.84,84.15,100.0
2026-06-11,1538,正峰,11.85,11.85,11.6,11.8,9,0,0,0,0,0.06,99.93,100.0
2026-06-11,1539,巨庭,15.6,15.8,15.5,15.7,71,9,17,0,0,0.86,99.13,100.0
2026-06-11,1540,喬福,21.5,22.05,21.3,21.55,242,88,1,0,1,2.6,97.39,100.0
2026-06-11,1541,錩泰,20.45,20.7,20.45,20.55,34,13,3,0,-3,9.84,90.15,100.0
2026-06-11,1558,伸興,90.3,90.8,90.1,90.4,50,5,-5,0,0,6.68,93.31,100.0
2026-06-11,1560,中砂,609.0,631.0,588.0,628.0,2074,938,90,345,-3,38.56,61.43,100.0
2026-06-11,1563,巧新,57.5,60.0,57.0,60.0,567,0,-25,0,-4,4.3,95.69,100.0
2026-06-11,1565,精華,94.3,94.3,92.6,93.7,148,28,-32,0,-2,6.49,93.5,100.0
2026-06-11,1568,倉佑,37.5,38.0,37.1,38.0,314,0,42,0,1,2.62,97.37,100.0
2026-06-11,1569,濱川,48.75,49.35,46.05,47.55,2037,714,356,0,-11,5.98,94.01,100.0
2026-06-11,1570,力肯,42.5,42.5,39.8,42.25,320,82,86,0,0,2.88,97.11,100.0
2026-06-11,1580,新麥,124.0,124.5,123.5,124.5,62,2,8,0,0,5.14,94.85,100.0
2026-06-11,1582,信錦,87.6,90.7,87.0,89.2,3233,1161,77,-600,-18,4.9,95.09,100.0
2026-06-11,1583,程泰,50.1,51.4,49.15,51.0,66,16,0,0,-1,0.35,99.64,100.0
2026-06-11,1584,精剛,19.55,19.55,19.1,19.5,963,270,-162,0,-150,5.09,94.9,100.0
2026-06-11,1586,和勤,21.55,21.65,21.1,21.2,108,17,-41,0,0,1.0,98.96,100.0
2026-06-11,1587,吉茂,27.6,28.1,27.3,27.45,390,87,-62,0,-2,20.53,79.46,100.0
2026-06-11,1589,永冠-KY,68.1,68.3,67.2,67.4,395,0,0,0,0,2.04,0.0,100.0
2026-06-11,1590,亞德客-KY,1320.0,1320.0,1235.0,1265.0,741,315,-22,0,-8,80.07,19.92,100.0
2026-06-11,1592,英瑞-KY,33.5,33.9,33.1,33.2,32,0,0,0,0,0.0,0.0,0.0
2026-06-11,1593,祺驊,31.85,31.85,31.4,31.7,16,1,-4,0,0,6.0,93.99,100.0
2026-06-11,1594,日高,9.14,9.51,9.03,9.12,31,0,-2,0,0,0.0,0.0,0.0
2026-06-11,1595,川寶,72.0,77.0,71.6,74.9,1168,497,222,0,0,4.54,95.45,100.0
2026-06-11,1597,直得,145.5,147.5,138.0,143.5,3959,1399,1733,0,-332,7.69,92.3,100.0
2026-06-11,1598,岱宇,21.0,21.0,20.65,20.95,241,47,22,0,1,2.26,97.73,100.0
2026-06-11,1599,宏佳騰,23.3,23.35,23.1,23.2,24,1,-5,0,0,7.33,92.66,100.0
2026-06-11,1603,華電,31.55,31.75,30.9,31.25,291,86,-102,0,7,1.92,98.07,100.0
2026-06-11,1604,聲寶,23.3,23.35,23.05,23.25,303,58,54,0,10,7.52,92.47,100.0
2026-06-11,1605,華新,34.3,34.6,33.2,34.3,31568,7845,-5054,96,-113,15.67,84.32,100.0
2026-06-11,1608,華榮,33.35,33.7,32.75,33.55,3592,1218,-1439,0,-8,3.4,96.59,100.0
2026-06-11,1609,大亞,36.7,36.7,35.55,36.3,5231,1795,-124,0,-10,11.67,88.32,100.0
2026-06-11,1611,中電,13.5,13.5,13.15,13.3,926,159,56,0,4,10.45,89.54,100.0
2026-06-11,1612,宏泰,37.3,37.3,36.4,37.1,1642,405,-457,0,-35,18.17,81.82,100.0
2026-06-11,1614,三洋電,31.55,31.75,31.2,31.75,76,25,13,0,-1,2.24,97.75,100.0
2026-06-11,1615,大山,44.6,44.8,44.2,44.65,125,21,-14,0,1,0.95,99.04,100.0
2026-06-11,1616,億泰,22.3,22.3,21.65,21.95,610,182,-20,0,1,1.69,98.3,100.0
2026-06-11,1617,榮星,16.3,16.35,15.95,16.2,171,26,18,0,1,19.37,80.62,100.0
2026-06-11,1618,合機,43.55,43.6,41.85,42.15,3149,1273,81,0,8,1.56,98.43,100.0
2026-06-11,1623,大東電,208.0,209.5,200.0,208.0,398,0,7,0,0,0.47,99.52,100.0
2026-06-11,1626,艾美特-KY,9.95,10.05,9.95,9.97,78,0,10,0,1,43.79,56.2,100.0
2026-06-11,1701,中化,18.8,18.8,18.65,18.75,421,0,0,0,0,0.0,0.0,0.0
2026-06-11,1702,南僑,31.45,31.45,31.15,31.35,276,78,37,0,8,7.83,92.16,100.0
2026-06-11,1704,榮化,47.7,48.1,46.6,47.0,7841,0,0,0,0,0.0,0.0,0.0
2026-06-11,1707,葡萄王,102.0,103.0,102.0,102.5,249,38,16,0,4,14.06,85.93,100.0
2026-06-11,1708,東鹼,46.85,46.85,45.3,45.55,7674,3522,-512,0,-128,14.21,85.78,100.0
2026-06-11,1709,和益,21.15,21.15,20.55,20.85,1837,647,-143,0,11,4.61,95.38,100.0
2026-06-11,1710,東聯,13.9,14.0,13.2,13.4,11180,3965,-3596,0,-30,5.09,94.9,100.0
2026-06-11,1711,永光,41.9,42.95,40.3,42.2,8989,3634,2518,0,-77,5.03,94.96,100.0
2026-06-11,1712,興農,39.55,39.65,39.25,39.45,899,117,115,0,8,13.97,86.02,100.0
2026-06-11,1713,國化,49.0,49.0,48.0,48.5,112,43,4,0,0,1.35,98.64,100.0
2026-06-11,1714,和桐,13.95,14.4,13.3,14.4,98457,44024,851,0,212,22.8,77.19,100.0
2026-06-11,1717,長興,67.0,68.7,66.0,67.8,11398,4806,1760,-3,-312,10.14,89.85,100.0
2026-06-11,1718,中纖,8.9,9.1,8.9,9.05,9217,0,26,0,165,6.59,93.4,100.0
2026-06-11,1720,生達,62.5,62.6,61.5,62.4,417,60,109,0,5,5.32,94.67,100.0
2026-06-11,1721,三晃,23.15,23.4,21.95,22.6,2599,0,969,0,0,2.15,97.84,100.0
2026-06-11,1722,台肥,47.65,47.65,47.05,47.65,2234,433,943,0,39,8.03,91.96,100.0
2026-06-11,1723,中碳,83.9,86.0,83.1,85.9,840,304,72,21,34,8.45,91.54,100.0
2026-06-11,1724,台硝,14.0,14.0,14.0,14.0,7,0,0,0,0,0.0,0.0,0.0
2026-06-11,1725,元禎,31.0,32.9,30.7,31.95,414,226,-81,0,0,0.36,99.63,100.0
2026-06-11,1726,永記,77.3,77.8,77.2,77.3,95,12,-1,0,0,12.79,87.2,100.0
2026-06-11,1727,中華化,86.9,88.8,82.8,85.5,6715,3079,1569,0,4,4.25,95.74,100.0
2026-06-11,1730,花仙子,53.0,53.0,52.7,52.7,50,1,15,0,0,6.65,93.34,100.0
2026-06-11,1731,美吾華,21.5,21.65,21.35,21.65,121,8,11,0,0,0.94,99.05,100.0
2026-06-11,1732,毛寶,26.35,26.5,25.95,26.25,144,32,-9,0,0,2.55,97.44,100.0
2026-06-11,1733,五鼎,28.9,29.25,28.6,29.1,260,62,-61,0,0,3.12,96.87,100.0
2026-06-11,1734,杏輝,31.35,31.4,30.95,31.1,228,24,5,0,1,5.22,94.77,100.0
2026-06-11,1735,日勝化,22.35,23.1,21.6,22.2,484,183,91,0,0,51.15,48.84,100.0
2026-06-11,1736,喬山,113.5,114.5,110.0,113.0,613,215,41,3,6,4.72,95.27,100.0
2026-06-11,1737,臺鹽,31.7,31.75,31.6,31.75,156,9,45,0,0,8.63,91.36,100.0
2026-06-11,1742,台蠟,14.8,15.75,14.7,15.75,43,4,0,0,0,0.21,99.78,100.0
2026-06-11,1752,南光,32.65,32.75,32.5,32.7,55,3,-21,0,0,1.53,98.46,100.0
2026-06-11,1760,寶齡富錦,59.8,59.9,59.1,59.5,241,16,-122,0,0,10.9,89.09,100.0
2026-06-11,1762,中化生,37.0,37.5,35.55,35.55,2489,1270,-334,0,6,2.55,97.44,100.0
2026-06-11,1773,勝一,168.5,171.0,164.0,170.0,838,281,-123,0,4,7.47,92.52,100.0
2026-06-11,1776,展宇,18.0,18.25,17.65,17.85,275,3,54,0,5,1.01,98.98,100.0
2026-06-11,1777,生泰,71.9,72.2,71.9,72.0,19,0,-3,0,0,0.96,99.03,100.0
2026-06-11,1780,立弘,29.32,29.4,28.85,28.95,235,0,0,0,0,0.0,0.0,0.0
2026-06-11,1781,合世,11.9,12.0,11.6,11.95,84,3,-14,0,0,0.61,99.38,100.0
2026-06-11,1783,和康生,39.05,39.25,38.2,38.6,119,10,-60,0,4,7.06,92.93,100.0
2026-06-11,1784,訊聯,66.3,66.3,64.7,66.1,131,23,-22,0,0,3.73,96.26,100.0
2026-06-11,1785,光洋科,137.0,145.5,134.5,145.5,31420,15695,986,0,23,13.32,86.67,100.0
2026-06-11,1786,科妍,56.9,56.9,55.8,56.7,248,74,-31,0,0,1.76,98.23,100.0
2026-06-11,1788,杏昌,135.0,135.0,134.0,135.0,23,0,0,0,0,11.12,88.87,100.0
2026-06-11,1789,神隆,20.3,20.3,19.3,19.6,983,101,-551,0,25,1.64,98.35,100.0
2026-06-11,1795,美時,197.5,198.0,192.5,194.0,3292,1189,-689,2,-54,52.3,47.69,100.0
2026-06-11,1796,金穎生技,34.35,34.35,34.35,34.35,12,0,-1,0,0,0.78,99.21,100.0
2026-06-11,1799,易威,31.5,32.4,29.1,30.45,182,0,5,0,0,11.84,88.15,100.0
2026-06-11,1802,台玻,59.8,60.5,56.7,59.3,51096,27346,-524,0,-1280,4.01,95.98,100.0
2026-06-11,1805,寶徠,11.0,11.0,10.05,10.3,322,69,56,0,-3,0.44,99.55,100.0
2026-06-11,1806,冠軍,8.13,8.2,8.1,8.12,204,37,-15,0,7,9.57,90.42,100.0
2026-06-11,1808,潤隆,31.5,31.7,30.8,31.2,1775,497,179,0,0,4.16,95.83,100.0
2026-06-11,1809,中釉,50.7,50.8,47.1,48.3,10069,4950,1040,0,-14,2.25,97.74,100.0
2026-06-11,1810,和成,20.85,21.05,20.3,20.7,3840,782,19,0,6,3.81,96.18,100.0
2026-06-11,1813,寶利徠,11.8,11.8,11.65,11.75,13,1,-4,0,0,9.46,90.53,100.0
2026-06-11,1815,富喬,90.5,92.9,85.0,90.1,25078,12126,1548,-27,-335,7.43,92.56,100.0
2026-06-11,1817,凱撒衛,39.4,39.5,39.3,39.4,30,4,-12,0,0,1.58,98.41,100.0
2026-06-11,1902,台紙,17.8,17.8,17.5,17.65,487,0,0,0,0,0.0,0.0,0.0
2026-06-11,1903,士紙,48.15,48.15,47.15,47.5,313,35,-106,0,0,10.65,89.34,100.0
2026-06-11,1904,正隆,23.5,23.5,22.05,22.75,5872,1932,-934,0,-96,9.75,90.24,100.0
2026-06-11,1905,華紙,13.15,13.15,12.6,12.7,4993,2216,-572,0,-4,2.04,97.95,100.0
2026-06-11,1906,寶隆,11.0,11.2,10.95,11.05,269,33,7,0,3,0.66,99.33,100.0
2026-06-11,1907,永豐餘,26.35,26.35,25.35,25.7,970,212,-242,0,61,12.18,87.81,100.0
2026-06-11,1909,榮成,9.78,9.87,9.64,9.75,2886,672,619,0,61,8.09,91.9,100.0
2026-06-11,2002,中鋼,18.7,18.7,18.4,18.55,53674,8344,-15978,38,1075,12.07,87.92,100.0
2026-06-11,2006,東和鋼鐵,66.9,67.1,66.0,67.1,2360,694,171,23,42,19.17,80.82,100.0
2026-06-11,2007,燁興,7.3,7.5,7.25,7.35,347,0,-85,0,4,0.69,99.3,100.0
2026-06-11,2008,高興昌,30.0,30.0,29.5,29.7,62,10,-27,0,-1,7.69,92.3,100.0
2026-06-11,2009,第一銅,38.5,39.1,38.2,38.95,1496,370,-363,0,-7,1.13,98.86,100.0
2026-06-11,2010,春源,24.1,24.1,23.55,23.85,1590,395,-5,0,-81,8.91,91.08,100.0
2026-06-11,2012,春雨,14.0,14.25,14.0,14.15,71,19,4,0,2,1.39,98.6,100.0
2026-06-11,2013,中鋼構,42.6,42.8,42.15,42.8,104,19,0,0,3,7.09,92.9,100.0
2026-06-11,2014,中鴻,17.65,17.65,17.0,17.45,5893,2452,-830,0,79,5.54,94.45,100.0
2026-06-11,2015,豐興,62.3,62.3,61.4,62.2,332,111,70,0,13,12.38,87.61,100.0
2026-06-11,2017,官田鋼,9.32,9.32,9.0,9.18,464,126,-160,0,15,1.95,98.04,100.0
2026-06-11,2020,美亞,21.55,21.55,21.2,21.35,392,84,-138,0,12,1.6,98.39,100.0
2026-06-11,2022,聚亨,7.8,7.84,7.6,7.7,667,88,-261,0,2,2.37,97.62,100.0
2026-06-11,2023,燁輝,13.9,13.9,13.65,13.75,1139,350,215,0,57,3.97,96.02,100.0
2026-06-11,2024,志聯,13.9,14.2,13.9,14.2,21,4,6,0,0,0.46,99.53,100.0
2026-06-11,2025,千興,15.0,15.3,13.65,13.9,2456,0,366,0,1,1.09,98.9,100.0
2026-06-11,2027,大成鋼,42.1,42.55,41.65,42.55,21682,6967,10323,-8894,28,21.81,78.18,100.0
2026-06-11,2028,威致,16.65,16.65,16.1,16.5,153,38,20,0,7,0.77,99.22,100.0
2026-06-11,2029,盛餘,20.8,20.8,20.55,20.7,214,43,31,0,6,66.84,33.15,100.0
2026-06-11,2030,彰源,18.2,18.25,17.85,18.15,1593,274,-481,0,47,4.04,95.95,100.0
2026-06-11,2031,新光鋼,41.8,41.9,41.0,41.85,1712,269,-478,0,9,7.97,92.02,100.0
2026-06-11,2032,新鋼,17.25,17.25,16.8,17.15,645,173,-73,0,2,3.84,96.15,100.0
2026-06-11,2033,佳大,15.2,15.6,15.2,15.6,103,69,2,0,0,0.79,99.2,100.0
2026-06-11,2034,允強,20.15,20.15,19.7,20.05,1342,484,-252,0,11,3.89,96.1,100.0
2026-06-11,2035,唐榮,27.8,27.8,27.5,27.5,19,0,-4,0,0,0.0,99.99,100.0
2026-06-11,2038,海光,13.55,13.6,13.3,13.35,328,45,-97,0,11,1.59,98.4,100.0
2026-06-11,2049,上銀,320.0,327.0,309.5,318.5,4483,1851,1217,-66,1158,35.99,64.0,100.0
2026-06-11,2059,川湖,6090.0,6540.0,6090.0,6400.0,634,271,0,38,-8,24.22,75.77,100.0
2026-06-11,2061,風青,36.0,36.0,32.95,32.95,945,0,-195,0,6,4.74,95.25,100.0
2026-06-11,2062,橋椿,19.2,19.2,18.65,18.8,259,100,12,-1,17,7.26,92.73,100.0
2026-06-11,2063,世鎧,25.4,25.4,24.8,25.05,20,0,-1,0,0,1.01,98.98,100.0
2026-06-11,2064,晉椿,14.9,15.0,14.5,14.5,49,8,0,0,0,0.08,99.91,100.0
2026-06-11,2065,世豐,33.9,34.85,33.8,34.6,123,6,20,0,0,0.68,99.31,100.0
2026-06-11,2066,世德,60.7,60.8,59.2,60.6,111,22,-13,0,0,9.41,90.58,100.0
2026-06-11,2067,嘉鋼,6.28,6.28,6.16,6.16,24,0,0,0,0,11.28,88.71,100.0
2026-06-11,2069,運錩,19.65,19.65,19.25,19.5,403,41,-15,0,5,2.79,97.2,100.0
2026-06-11,2070,精湛,62.6,63.5,62.1,63.2,294,86,30,0,0,1.26,98.73,100.0
2026-06-11,2071,震南鐵,20.25,20.5,20.1,20.5,8,0,0,0,0,0.0,0.0,0.0
2026-06-11,2072,世紀風電,182.0,184.5,178.0,182.0,418,0,-27,0,1,2.06,97.93,100.0
2026-06-11,2073,雄順,0.0,0.0,0.0,0.0,0,0,0,0,0,0.04,99.96,100.0
2026-06-11,2101,南港,33.4,33.4,32.4,33.0,2004,791,-24,0,5,5.93,94.06,100.0
2026-06-11,2102,泰豐,18.3,18.3,18.0,18.15,147,62,-8,0,11,2.82,97.17,100.0
2026-06-11,2103,台橡,21.2,22.15,21.0,22.15,7502,2564,713,0,204,22.49,77.5,100.0
2026-06-11,2104,國際中橡,10.5,10.5,10.15,10.35,3723,958,-355,0,16,5.54,94.45,100.0
2026-06-11,2105,正新,34.5,35.0,33.75,35.0,26782,6485,-12828,12478,111,7.14,92.85,100.0
2026-06-11,2106,建大,18.25,18.25,17.8,17.9,676,151,-180,0,50,8.44,91.55,100.0
2026-06-11,2107,厚生,25.9,26.0,25.85,25.85,533,15,40,0,2,6.16,93.83,100.0
2026-06-11,2108,南帝,28.4,29.95,27.75,29.95,2500,551,367,0,-13,5.23,94.76,100.0
2026-06-11,2109,華豐,14.2,14.35,14.15,14.35,134,10,0,0,1,15.11,84.88,100.0
2026-06-11,2114,鑫永銓,88.6,89.6,88.2,88.5,77,13,-23,0,0,3.89,96.1,100.0
2026-06-11,2115,六暉-KY,21.95,22.15,21.85,22.15,105,11,7,0,0,44.24,55.75,100.0
2026-06-11,2201,裕隆,27.9,27.9,27.3,27.55,1944,419,-293,-10,-35,4.42,95.57,100.0
2026-06-11,2204,中華,55.9,55.9,54.8,55.2,798,154,-255,0,15,17.91,82.08,100.0
2026-06-11,2206,三陽工業,61.7,61.7,60.0,61.2,1079,432,-201,0,35,5.86,94.13,100.0
2026-06-11,2207,和泰車,490.0,496.5,480.0,489.5,1897,358,-305,2,34,20.78,79.21,100.0
2026-06-11,2208,台船,17.85,17.85,17.4,17.65,3832,0,-408,0,21,7.54,92.45,100.0
2026-06-11,2211,長榮鋼,93.6,94.0,92.7,93.2,741,161,176,0,37,3.88,96.11,100.0
2026-06-11,2221,大甲,41.85,44.9,41.8,42.75,873,420,179,0,0,1.65,98.34,100.0
2026-06-11,2227,裕日車,49.65,50.0,48.65,49.0,52,0,12,0,0,40.35,59.64,100.0
2026-06-11,2228,劍麟,84.1,84.6,82.8,84.1,161,68,-1,0,2,3.16,96.83,100.0
2026-06-11,2230,泰茂,26.15,26.8,25.9,26.0,351,71,8,0,-4,2.79,97.2,100.0
2026-06-11,2231,為升,92.9,93.0,90.0,92.4,268,93,-4,0,3,4.78,95.21,100.0
2026-06-11,2233,宇隆,286.0,293.5,277.0,293.0,875,373,9,0,-17,6.45,93.54,100.0
2026-06-11,2235,謚源,30.0,30.0,30.0,30.0,6,0,0,0,0,0.03,99.96,100.0
2026-06-11,2236,百達-KY,131.5,134.0,131.0,134.0,168,54,-53,0,1,51.49,48.5,100.0
2026-06-11,2237,華德動能,40.16,40.85,37.5,39.5,219,0,-3,0,0,0.0,0.0,0.0
2026-06-11,2239,英利-KY,22.55,23.35,22.45,22.85,52,29,4,0,0,75.32,24.67,100.0
2026-06-11,2241,艾姆勒,42.95,43.7,38.85,40.05,6137,3529,75,0,1,11.55,88.44,100.0
2026-06-11,2243,宏旭-KY,30.8,33.85,30.3,33.85,4387,1689,716,0,722,30.48,69.51,100.0
2026-06-11,2245,詠勝昌*,26.9,28.0,26.65,26.65,2,0,0,0,0,0.0,0.0,0.0
2026-06-11,2247,汎德永業,228.0,238.0,228.0,236.0,202,68,30,0,5,3.75,96.24,100.0
2026-06-11,2248,華勝-KY,55.0,56.0,54.1,55.4,112,18,2,0,-1,50.37,49.62,100.0
2026-06-11,2249,湧盛,117.87,117.5,112.5,117.5,54,0,-3,0,0,0.0,0.0,0.0
2026-06-11,2250,IKKA-KY,61.6,61.6,59.7,61.1,140,39,-38,0,0,6.97,93.0,100.0
2026-06-11,2252,為昇科,16.77,17.2,16.0,17.2,81,0,-5,0,0,0.0,0.0,0.0
2026-06-11,2254,巨鎧精密-創,60.3,60.3,60.0,60.0,3,0,2,0,0,23.79,76.2,100.0
2026-06-11,2255,凱銳光電,18.25,18.5,17.8,18.5,43,0,0,0,0,0.0,0.0,0.0
2026-06-11,2256,歐特明,82.48,78.0,69.1,72.0,516,0,0,0,0,0.0,0.0,0.0
2026-06-11,2258,鴻華先進-創,30.25,31.5,29.75,31.05,759,144,98,0,30,0.3,99.69,100.0
2026-06-11,2301,光寶科,210.5,214.0,201.0,208.5,24496,11412,102,57,331,40.44,59.55,100.0
2026-06-11,2302,麗正,30.9,31.5,30.0,31.5,1153,0,181,0,-84,2.86,97.13,100.0
2026-06-11,2303,聯電,119.0,126.0,116.5,125.0,362586,178221,50122,-69007,6889,40.18,59.81,100.0
2026-06-11,2305,全友,22.7,23.3,21.6,22.85,4698,2416,-270,0,-141,6.19,93.8,100.0
2026-06-11,2308,台達電,2170.0,2230.0,2080.0,2160.0,15289,5361,-446,79,184,63.96,36.03,100.0
2026-06-11,2311,日月光,38.3,38.3,37.95,38.0,7476,0,0,0,0,0.0,0.0,0.0
2026-06-11,2312,金寶,34.35,35.85,33.9,34.9,38352,21822,3106,12,-282,9.14,90.85,100.0
2026-06-11,2313,華通,265.0,279.5,258.5,275.0,92016,62841,10646,90,353,23.09,76.9,100.0
2026-06-11,2314,台揚,15.2,15.2,14.75,14.95,247,0,-9,0,0,1.59,98.4,100.0
2026-06-11,2316,楠梓電,154.5,160.0,150.0,153.5,3573,1960,195,0,-16,34.75,65.24,100.0
2026-06-11,2317,鴻海,260.0,262.5,251.5,258.5,97550,26299,-8583,749,920,41.24,58.75,100.0
2026-06-11,2321,東訊,13.2,13.2,13.2,13.2,1,0,0,0,0,0.01,99.98,100.0
2026-06-11,2323,中環,10.95,11.1,10.65,10.85,9343,4259,-1402,25,-66,10.69,89.3,100.0
2026-06-11,2324,仁寶,36.4,36.95,35.65,36.15,88614,37566,-5044,-230,273,36.07,63.92,100.0
2026-06-11,2325,矽品,49.8,49.9,49.8,49.9,2958,0,0,0,0,0.0,0.0,0.0
2026-06-11,2327,國巨*,850.0,861.0,761.0,842.0,121334,61498,-14665,6329,538,48.85,51.14,100.0
2026-06-11,2328,廣宇,51.0,51.7,49.7,51.3,5563,2335,-631,9,-48,8.49,91.5,100.0
2026-06-11,2329,華泰,51.0,53.3,50.2,52.3,10531,3779,-1235,12,-91,9.63,90.36,100.0
2026-06-11,2330,台積電,2240.0,2260.0,2210.0,2250.0,46417,6074,-4904,612,2909,69.96,30.03,100.0
2026-06-11,2331,精英,20.95,21.1,20.2,20.65,3777,1346,-534,0,-53,5.67,94.32,100.0
2026-06-11,2332,友訊,15.7,15.95,15.35,15.7,3090,1412,-337,0,23,11.66,88.33,100.0
2026-06-11,2337,旺宏,135.0,140.5,132.5,140.0,21930,0,7219,-2474,-1408,30.57,69.42,100.0
2026-06-11,2338,光罩,47.05,48.75,45.15,46.8,7963,4414,-1,0,-25,4.39,95.6,100.0
2026-06-11,2340,台亞,31.6,33.3,31.25,33.05,3480,1531,404,0,37,8.68,91.31,100.0
2026-06-11,2342,茂矽,38.85,39.95,36.65,39.7,5401,3150,-854,0,0,5.36,94.63,100.0
2026-06-11,2344,華邦電,154.0,162.5,149.0,156.5,237289,156011,6599,3895,1783,23.19,76.8,100.0
2026-06-11,2345,智邦,2330.0,2345.0,2170.0,2275.0,3682,1457,-331,93,-8,58.12,41.87,100.0
2026-06-11,2347,聯強,96.4,96.4,89.6,90.8,14469,3165,-9067,7279,120,29.29,70.7,100.0
2026-06-11,2348,海悅,76.6,77.5,71.9,72.6,4303,1776,184,0,100,1.1,98.89,100.0
2026-06-11,2349,錸德,13.1,13.15,12.7,12.95,4374,0,-1017,0,4,14.42,85.57,100.0
2026-06-11,2351,順德,180.0,183.0,173.5,180.0,4492,1985,808,-23,1096,16.74,83.25,100.0
2026-06-11,2352,佳世達,30.1,30.35,29.3,30.05,5885,1735,621,131,-79,9.93,90.06,100.0
2026-06-11,2353,宏碁,35.8,36.95,35.1,36.9,52465,23151,-3697,-701,446,9.18,90.81,100.0
2026-06-11,2354,鴻準,55.9,56.7,55.4,56.2,8444,1799,-19,-2,-194,10.78,89.21,100.0
2026-06-11,2355,敬鵬,54.3,58.7,54.2,58.7,28290,12897,5601,0,69,16.02,83.97,100.0
2026-06-11,2356,英業達,64.8,66.4,63.6,65.4,45773,23473,7082,0,7442,17.32,82.67,100.0
2026-06-11,2357,華碩,791.0,802.0,769.0,784.0,5245,1785,327,-222,162,34.33,65.66,100.0
2026-06-11,2358,廷鑫,24.8,25.1,24.7,24.9,377,0,0,0,0,0.0,0.0,0.0
2026-06-11,2359,所羅門,134.5,137.0,129.0,133.5,3364,1722,-173,0,-58,3.8,96.19,100.0
2026-06-11,2360,致茂,2200.0,2240.0,2065.0,2190.0,3133,859,653,12,58,58.59,41.4,100.0
2026-06-11,2362,藍天,48.0,50.0,47.4,48.5,6235,2393,-1213,0,22,10.01,89.98,100.0
2026-06-11,2363,矽統,54.5,56.5,53.6,56.4,7225,3488,-424,10,-41,8.39,91.6,100.0
2026-06-11,2364,倫飛,68.6,68.6,67.3,68.0,414,126,2,0,-22,15.38,84.61,100.0
2026-06-11,2365,昆盈,33.95,34.2,32.65,33.3,1594,611,-270,0,-3,2.5,97.49,100.0
2026-06-11,2367,燿華,64.9,66.7,62.4,64.6,52415,37991,-4570,0,-146,7.05,92.94,100.0
2026-06-11,2368,金像電,1415.0,1440.0,1285.0,1345.0,7917,3935,-138,-40,108,26.57,73.42,100.0
2026-06-11,2369,菱生,30.75,32.85,30.75,31.9,12081,6602,-51,0,164,17.13,82.86,100.0
2026-06-11,2371,大同,28.0,28.15,27.4,27.9,21033,6039,-4509,92,-136,6.59,93.4,100.0
2026-06-11,2373,震旦行,57.8,57.8,56.7,57.2,44,8,9,0,2,0.85,99.14,100.0
2026-06-11,2374,佳能,71.0,72.1,69.6,71.7,5231,2254,-420,0,-43,4.33,95.66,100.0
2026-06-11,2375,凱美,164.0,164.0,147.5,161.0,4265,0,177,0,-53,15.09,84.9,100.0
2026-06-11,2376,技嘉,344.0,348.5,332.0,340.0,12564,5493,-1210,-145,32,23.23,76.76,100.0
2026-06-11,2377,微星,130.5,134.5,129.5,133.5,14938,6014,1226,16,46,13.68,86.31,100.0
2026-06-11,2379,瑞昱,645.0,655.0,602.0,655.0,7143,2358,-2318,2440,-97,48.29,51.7,100.0
2026-06-11,2380,虹光,5.61,5.85,5.61,5.85,364,0,5,0,0,0.27,99.72,100.0
2026-06-11,2382,廣達,373.5,385.0,359.0,370.0,48409,17078,-12873,18046,181,20.53,79.46,100.0
2026-06-11,2383,台光電,4995.0,5130.0,4800.0,5095.0,2793,1475,102,-11,35,43.52,56.47,100.0
2026-06-11,2385,群光,139.0,140.5,137.0,139.0,3858,609,176,27,-38,18.44,81.55,100.0
2026-06-11,2387,精元,40.4,41.0,39.55,39.9,387,125,-13,0,4,10.06,89.93,100.0
2026-06-11,2388,威盛,64.1,67.5,63.7,65.7,5550,3095,34,10,-65,12.85,87.14,100.0
2026-06-11,2390,云辰,11.55,12.2,11.55,12.2,1794,552,90,0,16,3.98,96.01,100.0
2026-06-11,2392,正崴,37.45,38.25,36.65,38.25,1871,660,-8,0,14,7.06,92.93,100.0
2026-06-11,2393,億光,68.5,68.6,66.3,67.5,3228,1015,-742,10,430,29.23,70.76,100.0
2026-06-11,2395,研華,456.0,467.0,449.0,464.0,4185,1102,154,-252,51,35.33,64.66,100.0
2026-06-11,2397,友通,63.0,63.0,61.3,62.2,489,172,18,0,3,13.03,86.96,100.0
2026-06-11,2399,映泰,44.9,46.35,43.05,46.15,6182,2999,887,0,9,8.49,91.5,100.0
2026-06-11,2401,凌陽,25.5,27.6,25.5,27.55,9367,4214,827,5,2,13.95,86.04,100.0
2026-06-11,2402,毅嘉,60.0,61.1,57.6,60.6,5121,2231,-117,0,29,6.2,93.79,100.0
2026-06-11,2404,漢唐,1185.0,1230.0,1140.0,1195.0,4892,2300,858,-1149,61,36.29,63.7,100.0
2026-06-11,2405,輔信,18.45,18.7,17.85,18.25,5772,2038,1526,0,2,5.23,94.76,100.0
2026-06-11,2406,國碩,36.9,39.4,35.65,39.4,67627,37633,4455,0,8,18.66,81.33,100.0
2026-06-11,2408,南亞科,336.0,353.5,325.0,340.0,101519,72513,-2501,243,-1635,13.86,86.13,100.0
2026-06-11,2409,友達,22.75,23.75,22.2,23.15,320575,209763,-12173,-640,540,10.91,89.08,100.0
2026-06-11,2412,中華電,144.0,145.0,143.5,145.0,17486,3906,5853,274,710,16.94,32.05,49.0
2026-06-11,2413,環科,61.0,61.0,55.1,57.5,18232,10422,1711,0,-40,9.89,90.1,100.0
2026-06-11,2414,精技,62.4,63.0,58.4,63.0,3208,1066,-134,0,38,5.58,94.41,100.0
2026-06-11,2415,錩新,26.75,27.3,26.35,27.15,148,59,-11,0,-3,21.03,78.96,100.0
2026-06-11,2417,圓剛,45.2,46.1,44.25,45.0,1049,312,204,0,1,2.7,97.29,100.0
2026-06-11,2419,仲琦,27.75,28.6,27.35,28.6,1672,596,-325,0,-2,1.11,98.88,100.0
2026-06-11,2420,新巨,62.4,62.4,58.0,59.2,1681,455,-544,8,-14,7.76,92.23,100.0
2026-06-11,2421,建準,144.0,146.5,139.0,142.0,4216,828,-698,-113,-34,28.7,71.29,100.0
2026-06-11,2423,固緯,72.4,74.8,71.5,73.5,214,82,4,0,-6,5.0,94.99,100.0
2026-06-11,2424,隴華,10.95,10.95,10.0,10.3,77,0,-3,0,0,0.55,48.44,49.0
2026-06-11,2425,承啟,34.9,36.45,34.9,36.45,1445,137,150,0,-1,10.44,89.55,100.0
2026-06-11,2426,鼎元,60.1,67.0,58.0,66.3,18412,9841,1684,8,8,5.51,94.48,100.0
2026-06-11,2427,三商電,22.1,22.4,21.95,22.0,877,244,-149,0,-1,2.6,97.39,100.0
2026-06-11,2428,興勤,279.5,291.5,272.0,281.0,3459,2115,396,0,-54,19.31,80.68,100.0
2026-06-11,2429,銘旺科,38.0,39.5,37.8,39.1,931,0,377,0,0,1.11,98.88,100.0
2026-06-11,2430,燦坤,18.55,18.55,18.15,18.3,221,16,-71,0,3,2.66,97.33,100.0
2026-06-11,2431,聯昌,10.9,10.9,10.45,10.7,448,0,-134,0,2,1.41,98.58,100.0
2026-06-11,2432,倚天,27.95,28.9,27.75,28.4,108,34,-5,0,-4,0.63,99.36,100.0
2026-06-11,2432,倚天酷碁-創,27.95,28.9,27.75,28.4,108,34,-5,0,-4,0.63,99.36,100.0
2026-06-11,2433,互盛電,43.45,44.0,43.4,44.0,17,1,4,0,4,0.91,99.08,100.0
2026-06-11,2434,統懋,32.45,33.5,32.2,32.45,31,6,4,0,0,1.07,98.92,100.0
2026-06-11,2436,偉詮電,64.3,66.1,62.7,65.0,2974,1366,-186,3,38,9.25,90.74,100.0
2026-06-11,2438,翔耀,22.5,23.2,21.85,22.25,241,0,-10,0,1,1.27,98.72,100.0
2026-06-11,2439,美律,88.9,90.0,87.6,89.4,1749,643,-424,0,-21,12.93,87.06,100.0
2026-06-11,2440,太空梭,17.15,17.35,16.5,17.25,1094,543,59,0,19,2.51,97.48,100.0
2026-06-11,2441,超豐,120.0,123.0,116.0,121.5,5276,2379,331,0,-96,9.44,90.55,100.0
2026-06-11,2442,新美齊,20.25,20.25,19.6,19.75,2852,797,-696,0,2,1.85,98.14,100.0
2026-06-11,2443,昶虹,6.57,6.57,6.37,6.37,46,0,0,0,0,0.0,0.0,0.0
2026-06-11,2444,兆勁,12.95,13.0,12.7,12.8,421,0,-84,0,1,4.35,95.64,100.0
2026-06-11,2448,晶電,48.3,50.3,48.3,48.55,25055,0,0,0,0,0.0,0.0,0.0
2026-06-11,2449,京元電子,269.5,275.5,263.5,272.0,20303,7942,-124,377,-189,29.09,70.9,100.0
2026-06-11,2450,神腦,30.8,30.9,30.45,30.85,232,46,15,0,-10,1.4,98.59,100.0
2026-06-11,2451,創見,290.0,297.5,280.5,292.0,8516,2890,1799,-2592,-8,14.34,85.65,100.0
2026-06-11,2453,凌群,56.1,56.5,54.9,55.8,502,134,-99,0,6,5.22,94.77,100.0
2026-06-11,2454,聯發科,4085.0,4150.0,3880.0,4085.0,17556,5899,-1438,215,133,55.73,44.26,100.0
2026-06-11,2455,全新,343.0,350.0,320.0,320.0,13723,6234,610,-664,131,25.58,74.41,100.0
2026-06-11,2456,奇力新,91.8,96.3,91.2,93.1,5998,0,0,0,0,0.0,0.0,0.0
2026-06-11,2457,飛宏,28.95,29.9,28.0,28.8,10494,5313,-1103,0,-498,6.89,93.1,100.0
2026-06-11,2458,義隆,146.5,148.0,141.0,146.0,2813,1147,-407,-184,7,23.13,76.86,100.0
2026-06-11,2459,敦吉,68.5,69.6,68.0,68.3,290,54,-145,0,3,16.15,83.84,100.0
2026-06-11,2460,建通,31.05,31.15,30.3,30.7,397,0,37,0,4,0.77,99.22,100.0
2026-06-11,2461,光群雷,19.45,19.45,18.3,18.85,3773,1494,477,0,-2,8.17,91.82,100.0
2026-06-11,2462,良得電,25.9,26.25,24.6,25.0,1416,603,10,0,-2,1.34,98.65,100.0
2026-06-11,2464,盟立,148.0,148.5,135.0,142.0,10575,5000,1469,4,-141,11.68,88.31,100.0
2026-06-11,2465,麗臺,75.0,77.5,72.3,75.9,1525,795,33,0,-5,3.96,96.03,100.0
2026-06-11,2466,冠西電,44.0,46.4,44.0,45.85,318,81,71,0,1,10.5,89.49,100.0
2026-06-11,2467,志聖,530.0,553.0,520.0,542.0,1427,706,120,2,8,19.98,80.01,100.0
2026-06-11,2468,華經,41.4,43.8,40.05,40.05,3107,2003,-115,0,0,0.52,99.47,100.0
2026-06-11,2471,資通,52.5,53.1,51.8,52.5,172,43,-25,0,2,5.65,94.34,100.0
2026-06-11,2472,立隆電,350.0,350.0,302.0,350.0,2866,0,558,0,-51,10.55,89.44,100.0
2026-06-11,2474,可成,204.0,207.0,200.0,205.5,7097,3521,276,-512,51,20.07,79.92,100.0
2026-06-11,2475,華映,2.56,2.56,2.49,2.49,3017,0,0,0,0,0.0,0.0,0.0
2026-06-11,2476,鉅祥,119.0,123.0,116.5,119.0,3431,1708,144,0,18,11.62,88.37,100.0
2026-06-11,2477,美隆電,21.9,22.0,21.35,21.65,165,39,-13,0,4,23.75,76.24,100.0
2026-06-11,2478,大毅,180.0,187.0,162.0,177.5,36879,26444,-1407,0,4,15.22,84.77,100.0
2026-06-11,2480,敦陽科,156.5,158.0,155.0,156.5,557,80,-156,30,13,9.87,90.12,100.0
2026-06-11,2481,強茂,136.0,139.0,132.0,137.0,20339,12336,2067,-909,-259,22.57,77.42,100.0
2026-06-11,2482,連宇,16.6,16.8,16.2,16.35,154,29,-19,0,2,1.46,98.53,100.0
2026-06-11,2483,百容,31.5,34.65,30.4,34.65,5780,2596,466,0,8,2.26,97.73,100.0
2026-06-11,2484,希華,58.5,63.9,57.2,60.7,82086,61317,-919,0,46,8.22,91.77,100.0
2026-06-11,2485,兆赫,64.1,67.0,63.4,64.8,17096,11809,711,0,-206,2.04,97.95,100.0
2026-06-11,2486,一詮,245.0,248.0,226.5,245.0,10779,6077,-484,5,-176,12.45,87.54,100.0
2026-06-11,2488,漢平,52.7,53.1,52.4,52.9,128,29,-21,0,2,6.76,93.23,100.0
2026-06-11,2489,瑞軒,40.9,42.5,39.5,41.0,21619,10850,2352,22,9,5.31,94.68,100.0
2026-06-11,2491,吉祥全,28.9,29.05,28.15,29.05,592,0,22,0,-2,7.33,92.66,100.0
2026-06-11,2492,華新科,408.0,417.5,371.5,417.5,4237,0,1668,6,-815,27.0,72.99,100.0
2026-06-11,2493,揚博,186.5,192.0,168.0,188.5,14278,9227,-661,103,67,6.02,93.97,100.0
2026-06-11,2495,普安,48.1,50.3,47.8,49.65,12999,6850,-2585,0,3,8.42,91.57,100.0
2026-06-11,2496,卓越,64.8,64.8,64.3,64.7,9,0,-3,0,0,23.26,76.73,100.0
2026-06-11,2497,怡利電,63.7,65.2,62.5,63.0,912,416,-91,0,-6,4.04,95.95,100.0
2026-06-11,2498,宏達電,41.95,42.45,41.3,42.0,5051,2334,64,-4,-102,8.29,91.7,100.0
2026-06-11,2499,東貝,11.55,11.75,11.45,11.7,5187,0,0,0,0,0.0,0.0,0.0
2026-06-11,2501,國建,26.65,26.95,25.1,25.75,23980,12304,2650,0,20,12.58,87.41,100.0
2026-06-11,2504,國產,37.5,37.5,36.1,37.0,5554,1311,-360,37,107,6.65,93.34,100.0
2026-06-11,2505,國揚,19.25,19.25,18.3,18.6,681,161,-30,0,14,3.58,96.41,100.0
2026-06-11,2506,太設,9.12,9.12,8.9,9.08,134,20,36,0,1,4.89,95.1,100.0
2026-06-11,2509,全坤建,14.5,15.0,13.7,13.75,1544,487,-201,0,-129,1.24,98.75,100.0
2026-06-11,2511,太子,8.25,8.25,8.06,8.08,1804,422,-418,0,47,2.48,97.51,100.0
2026-06-11,2514,龍邦,13.8,13.8,13.5,13.7,85,11,15,0,10,2.28,97.71,100.0
2026-06-11,2515,中工,13.0,13.0,12.5,12.7,9948,3920,-720,0,-90,7.29,92.7,100.0
2026-06-11,2516,新建,13.3,13.3,12.9,13.0,145,0,-5,-1,-5,2.48,97.51,100.0
2026-06-11,2520,冠德,35.2,35.2,33.3,33.4,13487,4728,-1031,0,139,12.34,87.65,100.0
2026-06-11,2524,京城,38.45,39.75,35.8,35.9,1392,748,-67,-13,-71,0.76,99.23,100.0
2026-06-11,2527,宏璟,34.8,35.35,34.15,34.6,322,88,-28,0,-6,42.43,57.56,100.0
2026-06-11,2528,皇普,22.5,22.5,21.9,22.05,731,236,-142,0,2,1.02,98.97,100.0
2026-06-11,2530,華建,20.35,20.35,19.5,19.65,1174,425,-101,0,13,3.16,96.83,100.0
2026-06-11,2534,宏盛,18.75,18.75,18.1,18.55,1499,245,-397,0,31,5.76,94.23,100.0
2026-06-11,2535,達欣工,91.0,91.8,88.0,90.8,813,311,227,0,-21,6.95,93.04,100.0
2026-06-11,2536,宏普,21.85,21.9,21.25,21.65,847,274,-158,0,8,9.02,90.97,100.0
2026-06-11,2537,聯上發,11.3,11.7,10.9,11.3,13561,6475,-1247,0,-2,2.14,97.85,100.0
2026-06-11,2538,基泰,10.3,10.3,10.0,10.1,372,72,-45,0,1,9.96,90.03,100.0
2026-06-11,2539,櫻花建,39.8,39.8,37.5,38.9,3602,1058,-137,20,27,1.77,98.22,100.0
2026-06-11,2540,愛山林,54.5,54.7,51.8,53.3,2103,776,103,0,20,1.45,98.54,100.0
2026-06-11,2542,興富發,45.85,46.0,44.55,45.35,39535,14229,-2008,9551,49,8.65,91.34,100.0
2026-06-11,2543,皇昌,49.45,49.5,46.25,46.8,2777,1108,-257,0,2,1.16,98.83,100.0
2026-06-11,2545,皇翔,39.2,39.2,37.5,38.05,871,245,-115,0,22,2.86,97.13,100.0
2026-06-11,2546,根基,92.5,93.2,91.2,93.0,377,77,55,0,7,3.59,96.4,100.0
2026-06-11,2547,日勝生,11.0,11.1,10.85,11.0,9859,3555,153,0,9,13.02,86.97,100.0
2026-06-11,2548,華固,106.5,106.5,101.5,104.0,5880,2009,112,-182,31,16.72,83.27,100.0
2026-06-11,2596,綠意,32.0,32.0,30.25,30.55,67,15,-34,0,0,0.59,99.4,100.0
2026-06-11,2597,潤弘,197.0,205.0,196.0,204.0,3833,1417,-436,1480,-41,1.96,98.03,100.0
2026-06-11,2601,益航,5.89,5.89,5.55,5.71,1529,0,381,0,-9,12.8,37.18,49.99
2026-06-11,2603,長榮,223.5,227.5,222.0,226.0,22523,4307,-2099,2217,1462,18.67,31.31,49.99
2026-06-11,2605,新興,30.3,30.55,29.7,30.4,5044,1750,-424,0,-158,48.29,1.69,49.99
2026-06-11,2606,裕民,68.6,68.9,66.4,67.7,5943,1447,-1078,199,-242,14.72,35.26,49.99
2026-06-11,2607,榮運,49.7,49.7,49.05,49.7,475,77,1,0,62,8.22,41.76,49.99
2026-06-11,2608,嘉里大榮,30.5,30.5,30.2,30.35,378,62,-83,0,9,2.99,97.0,100.0
2026-06-11,2609,陽明,51.0,51.3,50.0,51.1,52461,12585,23528,-29087,976,18.51,31.47,49.99
2026-06-11,2610,華航,19.55,19.65,19.25,19.45,39002,11549,-12633,-46,66,11.93,38.05,49.99
2026-06-11,2611,志信,13.7,13.8,13.5,13.65,520,71,234,0,-32,1.46,98.53,100.0
2026-06-11,2612,中航,54.3,54.7,53.1,54.5,488,151,-176,0,-13,3.76,96.23,100.0
2026-06-11,2613,中櫃,21.95,22.0,21.4,21.95,254,68,34,0,1,1.47,31.85,33.33
2026-06-11,2614,東森,19.65,19.65,19.15,19.15,1709,471,-590,0,1,3.0,46.98,49.99
2026-06-11,2615,萬海,84.0,84.4,82.5,83.8,7275,3119,-2,-11,152,43.16,6.82,49.99
2026-06-11,2616,山隆,13.6,13.8,13.5,13.55,292,43,22,0,-2,2.06,97.93,100.0
2026-06-11,2617,台航,29.5,29.65,29.3,29.6,512,131,-144,0,48,8.77,41.21,49.99
2026-06-11,2618,長榮航,37.0,37.8,36.75,37.7,41921,12222,5687,-4211,495,19.45,30.53,49.99
2026-06-11,2630,亞航,39.3,39.6,38.15,38.65,832,171,-164,0,-4,3.63,96.36,100.0
2026-06-11,2633,台灣高鐵,25.8,25.8,25.3,25.35,8312,2486,-3578,125,47,7.5,41.48,48.99
2026-06-11,2634,漢翔,46.6,46.95,46.05,46.2,2585,610,198,0,10,2.77,7.22,10.0
2026-06-11,2636,台驊控股,70.3,71.0,69.8,70.8,381,52,115,0,31,9.81,90.18,100.0
2026-06-11,2637,慧洋-KY,76.0,78.3,75.9,78.3,7257,1154,4656,-2469,45,22.08,77.91,100.0
2026-06-11,2640,大車隊,158.0,158.0,155.0,155.0,9,1,-3,0,0,4.64,95.35,100.0
2026-06-11,2641,正德,18.65,18.7,18.4,18.55,1795,367,-301,0,0,2.73,97.26,100.0
2026-06-11,2642,宅配通,23.05,23.05,21.6,22.0,471,148,-130,0,0,5.12,94.87,100.0
2026-06-11,2643,捷迅,65.8,66.0,65.8,65.9,45,0,0,0,0,1.47,98.52,100.0
2026-06-11,2644,中信造船,78.33,78.9,76.4,78.5,37,0,0,0,0,0.0,0.0,0.0
2026-06-11,2645,長榮航太,168.0,169.5,165.5,167.0,1196,351,-186,3,-3,7.62,92.37,100.0
2026-06-11,2646,星宇航空,20.25,20.3,20.05,20.2,4790,1224,295,0,72,2.73,47.25,49.99
2026-06-11,2701,萬企,10.4,10.45,10.35,10.45,88,4,24,0,3,0.54,99.45,100.0
2026-06-11,2702,華園,12.6,13.0,12.6,12.95,39,10,18,0,1,39.38,60.61,100.0
2026-06-11,2704,國賓,43.4,43.4,42.25,42.9,154,38,-37,0,3,9.8,90.19,100.0
2026-06-11,2705,六福,15.7,15.7,15.4,15.55,126,15,-44,0,1,1.31,98.68,100.0
2026-06-11,2706,第一店,12.15,12.2,12.05,12.2,77,5,36,0,3,2.67,97.32,100.0
2026-06-11,2707,晶華,180.5,180.5,177.5,179.5,199,82,-34,0,16,6.13,93.86,100.0
2026-06-11,2712,遠雄來,14.6,15.1,14.6,15.1,10,0,4,0,1,0.31,99.68,100.0
2026-06-11,2718,晶悅,47.75,48.0,47.0,47.6,57,9,1,0,0,0.59,99.4,100.0
2026-06-11,2718,全心投控,47.75,48.0,47.0,47.6,57,9,1,0,0,0.59,99.4,100.0
2026-06-11,2719,燦星旅,25.0,25.0,24.5,24.95,19,1,-11,0,0,0.17,99.82,100.0
2026-06-11,2722,夏都,22.95,23.1,22.5,23.1,56,10,5,0,2,0.35,99.64,100.0
2026-06-11,2723,美食-KY,66.0,69.6,65.1,68.3,1331,318,-3,0,8,46.04,53.95,100.0
2026-06-11,2724,富驛-KY,12.5,12.85,12.3,12.65,7,0,0,0,0,15.09,84.9,100.0
2026-06-11,2724,藝舍-KY,12.5,12.85,12.3,12.65,7,0,0,0,0,15.09,84.9,100.0
2026-06-11,2726,雅茗-KY,9.62,9.8,9.62,9.79,23,0,0,0,0,23.57,76.42,100.0
2026-06-11,2727,王品,242.5,246.0,241.0,244.0,427,166,90,0,2,28.81,71.18,100.0
2026-06-11,2729,瓦城,156.5,164.5,156.5,164.5,176,36,2,0,0,2.11,97.88,100.0
2026-06-11,2731,雄獅,154.5,154.5,151.5,152.0,1196,146,-417,0,-20,10.55,89.44,100.0
2026-06-11,2732,六角,65.4,66.2,64.1,65.0,46,6,1,0,0,4.33,95.66,100.0
2026-06-11,2733,維格餅家,10.48,10.9,10.4,10.85,46,0,0,0,0,0.0,0.0,0.0
2026-06-11,2734,易飛網,15.2,15.35,15.0,15.15,44,3,-13,0,0,3.8,96.19,100.0
2026-06-11,2736,富野,11.9,12.0,11.85,11.9,38,11,-3,0,0,0.72,99.27,100.0
2026-06-11,2739,寒舍,36.35,36.6,35.5,35.55,142,23,-36,0,1,2.69,97.3,100.0
2026-06-11,2740,天蔥,27.95,27.95,27.35,27.8,5,0,0,0,0,1.66,98.33,100.0
2026-06-11,2740,華軒,27.95,27.95,27.35,27.8,5,0,0,0,0,1.66,98.33,100.0
2026-06-11,2741,老四川,20.3,21.1,20.2,21.1,11,0,-1,0,0,0.0,0.0,0.0
2026-06-11,2743,山富,67.9,67.9,65.0,65.4,218,21,-44,0,-4,1.51,98.48,100.0
2026-06-11,2745,五福,104.5,105.0,103.0,103.5,210,58,-15,0,4,1.62,98.37,100.0
2026-06-11,2748,雲品,39.8,40.1,39.3,40.05,134,19,11,0,3,1.27,98.72,100.0
2026-06-11,2751,王座,53.3,53.4,51.6,52.9,15,1,0,0,0,0.42,99.57,100.0
2026-06-11,2752,豆府,176.5,179.0,176.5,178.5,22,0,-3,0,0,1.35,98.64,100.0
2026-06-11,2753,八方雲集,186.5,187.0,183.5,186.0,340,59,98,0,16,4.43,95.56,100.0
2026-06-11,2754,亞洲藏壽司,68.8,68.8,67.0,67.6,41,5,-7,0,0,67.87,32.12,100.0
2026-06-11,2755,揚秦,137.5,137.5,133.0,134.0,35,4,-10,0,0,1.19,98.8,100.0
2026-06-11,2756,聯發國際,59.9,62.5,59.5,62.5,36,9,-9,0,0,1.21,98.78,100.0
2026-06-11,2758,路易莎咖啡,65.61,66.8,64.0,64.1,1,0,0,0,0,0.0,0.0,0.0
2026-06-11,2760,巨宇翔,18.37,18.3,17.4,17.4,11,0,0,0,0,0.0,0.0,0.0
2026-06-11,2761,橘焱胡同,15.52,15.55,15.2,15.2,3,0,0,0,0,0.0,0.0,0.0
2026-06-11,2762,世界健身-KY,90.6,90.6,86.3,89.9,379,76,147,0,2,82.94,17.05,100.0
2026-06-11,2801,彰銀,22.3,22.4,21.95,22.35,42757,13540,11396,234,297,17.94,82.05,100.0
2026-06-11,2809,京城銀,37.4,37.4,37.05,37.35,549,0,0,0,0,0.0,0.0,0.0
2026-06-11,2812,台中銀,19.3,19.3,19.05,19.2,12756,2721,-5501,127,143,7.56,92.43,100.0
2026-06-11,2816,旺旺保,33.35,33.4,32.6,32.95,433,49,14,0,1,2.2,97.79,100.0
2026-06-11,2820,華票,17.75,17.75,17.45,17.6,2795,481,520,-15,551,9.46,90.53,100.0
2026-06-11,2823,中壽,29.7,29.75,29.5,29.55,6174,0,0,0,0,0.0,0.0,0.0
2026-06-11,2832,台產,55.0,55.1,53.9,54.4,363,44,-100,0,0,4.0,95.99,100.0
2026-06-11,2834,臺企銀,16.9,17.0,16.7,17.0,41508,13563,-8544,-101,-496,17.29,82.7,100.0
2026-06-11,2836,高雄銀,12.35,12.35,12.1,12.2,1875,800,-676,0,41,7.4,92.59,100.0
2026-06-11,2838,聯邦銀,21.75,21.85,21.3,21.65,2036,548,1,0,62,4.36,95.63,100.0
2026-06-11,2841,台開,9.93,9.95,9.92,9.94,755,0,0,0,0,0.0,0.0,0.0
2026-06-11,2845,遠東銀,12.85,12.95,12.65,12.85,24141,9679,-882,0,125,9.44,90.55,100.0
2026-06-11,2849,安泰銀,13.85,14.15,13.75,14.15,194,39,97,0,9,58.91,41.08,100.0
2026-06-11,2850,新產,150.0,151.0,146.5,151.0,808,140,-228,0,8,10.25,89.74,100.0
2026-06-11,2851,中再保,37.0,37.0,36.0,36.45,1180,388,-28,0,10,9.06,90.93,100.0
2026-06-11,2852,第一保,27.65,27.7,27.4,27.55,531,115,-35,0,2,4.91,95.08,100.0
2026-06-11,2855,統一證,50.5,52.0,49.55,50.9,20256,6110,-6937,7702,0,8.93,91.06,100.0
2026-06-11,2856,元富證,8.55,8.59,8.54,8.57,422,0,0,0,0,0.0,0.0,0.0
2026-06-11,2867,三商壽,8.15,8.2,8.01,8.19,11097,2782,781,0,1316,19.45,80.54,100.0
2026-06-11,2880,華南金,35.25,36.3,34.7,35.65,28478,8324,-4529,5931,1718,14.88,85.11,100.0
2026-06-11,2881,富邦金,125.0,127.5,121.5,125.5,62123,22949,-14398,19229,1494,17.73,82.26,100.0
2026-06-11,2882,國泰金,101.0,101.5,97.7,100.5,36086,13190,-152,785,318,21.92,78.07,100.0
2026-06-11,2883,凱基金,28.1,28.5,27.55,27.75,174107,34923,-81419,81727,2562,24.92,75.07,100.0
2026-06-11,2884,玉山金,33.65,33.85,33.05,33.85,45609,13089,2859,1747,1709,31.07,68.92,100.0
2026-06-11,2885,元大金,62.3,62.3,60.7,61.6,30141,8552,-3166,-3371,1431,26.57,73.42,100.0
2026-06-11,2886,兆豐金,43.55,43.6,42.65,43.4,30307,6115,-4893,587,1783,21.36,78.63,100.0
2026-06-11,2887,台新新光金,28.9,28.9,28.0,28.75,65102,20112,-2734,6790,4022,22.68,77.31,100.0
2026-06-11,2888,新光金,10.65,10.65,10.5,10.6,28302,0,0,0,0,0.0,0.0,0.0
2026-06-11,2889,國票金,15.1,15.1,14.85,14.95,5710,1556,-303,0,97,8.61,91.38,100.0
2026-06-11,2890,永豐金,33.0,33.3,32.5,33.25,45454,11765,13608,877,1847,29.3,70.69,100.0
2026-06-11,2891,中信金,68.5,68.5,66.5,67.5,63717,13392,6185,-8885,3309,34.22,65.77,100.0
2026-06-11,2892,第一金,30.55,30.75,29.95,30.65,46641,12656,19414,418,1700,25.84,74.15,100.0
2026-06-11,2897,王道銀行,10.45,10.5,10.35,10.5,6822,821,2930,0,66,7.87,92.12,100.0
2026-06-11,2901,欣欣,23.2,23.8,23.15,23.3,19,7,3,0,1,0.34,99.65,100.0
2026-06-11,2903,遠百,23.3,23.35,23.0,23.25,1594,448,157,0,-83,8.05,91.94,100.0
2026-06-11,2904,匯僑,14.15,14.2,14.05,14.1,24,2,9,0,0,0.67,99.32,100.0
2026-06-11,2905,三商,14.5,14.5,14.1,14.3,732,122,51,0,28,3.73,96.26,100.0
2026-06-11,2906,高林,12.7,12.8,12.5,12.6,93,19,-4,0,3,1.73,98.26,100.0
2026-06-11,2908,特力,21.3,21.3,21.1,21.2,383,64,42,0,0,1.71,98.28,100.0
2026-06-11,2910,統領,22.2,22.3,20.8,21.6,33,20,1,0,1,0.28,99.71,100.0
2026-06-11,2911,麗嬰房,8.11,8.8,8.11,8.22,1417,550,57,0,44,21.05,78.94,100.0
2026-06-11,2912,統一超,230.5,231.5,225.0,229.0,3277,975,-235,485,19,14.26,85.73,100.0
2026-06-11,2913,農林,11.2,11.35,11.0,11.1,3484,780,-1303,0,0,5.32,94.67,100.0
2026-06-11,2915,潤泰全,48.8,49.2,47.95,49.15,5054,1291,1593,0,46,5.42,94.57,100.0
2026-06-11,2916,滿心,42.15,42.2,41.9,42.15,82,9,10,0,0,21.16,78.83,100.0
2026-06-11,2923,鼎固-KY,22.7,23.75,21.45,23.3,207,0,77,0,1,99.42,0.57,100.0
2026-06-11,2924,宏太-KY,17.35,17.9,17.35,17.7,6,0,-1,0,0,66.79,33.2,100.0
2026-06-11,2926,誠品生活,35.2,35.2,34.65,35.1,10,1,1,0,0,1.13,98.86,100.0
2026-06-11,2929,淘帝-KY,5.83,5.83,5.72,5.77,145,30,-50,0,0,17.02,82.97,100.0
2026-06-11,2936,客思達-KY,30.6,30.6,30.5,30.5,7,0,0,0,0,0.0,0.0,0.0
2026-06-11,2937,集雅社,47.65,48.5,46.05,48.25,9,0,-2,0,0,0.07,99.92,100.0
2026-06-11,2938,床的世界,22.06,23.1,22.1,23.1,6,0,0,0,0,0.0,0.0,0.0
2026-06-11,2939,永邑-KY,21.6,21.65,20.7,21.65,8,2,0,0,0,19.7,80.29,100.0
2026-06-11,2940,歐都納,24.79,24.85,24.85,24.85,0,0,0,0,0,0.0,0.0,0.0
2026-06-11,2941,米斯特,30.5,32.45,30.15,30.15,8,0,0,0,0,0.49,99.5,100.0
2026-06-11,2942,京站,38.18,37.5,37.5,37.5,0,0,0,0,0,0.0,0.0,0.0
2026-06-11,2945,三商家購,41.05,42.45,41.05,42.45,25,0,0,0,0,0.4,99.59,100.0
2026-06-11,2947,振宇五金,76.9,76.9,76.1,76.3,18,0,-1,0,0,0.09,99.9,100.0
2026-06-11,2948,寶陞,38.9,38.9,37.8,37.8,2,0,0,0,0,0.01,99.98,100.0
2026-06-11,2949,欣新網,66.9,66.9,65.0,65.0,9,0,0,0,0,0.02,99.97,100.0
2026-06-11,3002,歐格,19.15,19.2,18.55,18.9,262,84,-45,0,0,2.11,97.88,100.0
2026-06-11,3003,健和興,64.4,67.0,63.8,67.0,2701,767,13,0,49,3.92,96.07,100.0
2026-06-11,3004,豐達科,130.0,132.5,127.5,132.0,539,158,40,0,-11,4.06,95.93,100.0
2026-06-11,3005,神基,104.0,105.0,103.0,104.5,4462,1444,840,172,-7,11.71,88.28,100.0
2026-06-11,3006,晶豪科,202.0,214.5,198.5,204.5,10575,6903,245,15,-67,31.91,68.08,100.0
2026-06-11,3008,大立光,4000.0,4310.0,4000.0,4165.0,4290,2078,-683,95,4,33.97,66.02,100.0
2026-06-11,3010,華立,128.0,130.0,125.0,129.5,1082,370,-35,3,-14,18.51,81.48,100.0
2026-06-11,3011,今皓,13.95,14.15,13.65,14.05,989,194,222,0,223,5.47,94.52,100.0
2026-06-11,3013,晟銘電,107.5,108.5,102.0,106.0,3396,1300,221,0,-45,3.48,96.51,100.0
2026-06-11,3014,聯陽,135.0,142.0,134.0,139.5,1706,580,-218,6,6,22.08,77.91,100.0
2026-06-11,3015,全漢,58.4,59.6,57.4,58.5,1952,437,510,44,-69,8.39,91.6,100.0
2026-06-11,3016,嘉晶,101.0,106.0,98.3,104.0,5035,3051,634,0,-3,5.47,94.52,100.0
2026-06-11,3017,奇鋐,2340.0,2445.0,2260.0,2335.0,4531,1868,111,318,125,52.47,47.52,100.0
2026-06-11,3018,隆銘綠能,11.55,11.85,11.55,11.85,8,0,0,0,0,0.22,99.77,100.0
2026-06-11,3019,亞光,148.0,149.0,142.5,145.5,7628,3944,-1588,0,-109,5.79,94.2,100.0
2026-06-11,3021,鴻名,27.0,27.2,26.6,27.2,278,0,26,0,5,3.83,96.16,100.0
2026-06-11,3022,威強電,86.6,87.3,84.0,86.2,2980,1248,-41,0,36,18.24,81.75,100.0
2026-06-11,3023,信邦,306.5,310.5,297.0,308.0,1486,515,-193,21,7,45.53,54.46,100.0
2026-06-11,3024,憶聲,12.25,12.3,11.85,12.2,1758,693,219,0,3,3.14,96.85,100.0
2026-06-11,3025,星通,70.7,70.8,68.0,69.7,711,306,-4,0,0,6.88,93.11,100.0
2026-06-11,3026,禾伸堂,655.0,695.0,590.0,695.0,3544,0,1034,33,-185,18.48,81.51,100.0
2026-06-11,3027,盛達,20.2,20.55,19.8,20.2,568,132,134,0,-12,2.28,97.71,100.0
2026-06-11,3028,增你強,75.2,76.1,72.4,74.2,2321,731,-205,6,-34,12.04,87.95,100.0
2026-06-11,3029,零壹,106.5,106.5,103.0,105.0,1657,615,290,0,-3,4.03,95.96,100.0
2026-06-11,3030,德律,318.0,326.0,293.0,313.0,4469,1337,301,0,6,12.18,87.81,100.0
2026-06-11,3031,佰鴻,27.25,28.05,26.75,27.5,1425,516,-48,0,4,2.74,97.25,100.0
2026-06-11,3032,偉訓,85.5,85.7,79.6,82.1,1427,528,154,0,16,1.43,98.56,100.0
2026-06-11,3033,威健,49.9,50.4,48.25,49.7,9290,3681,295,0,-113,21.48,78.51,100.0
2026-06-11,3034,聯詠,480.0,488.5,476.0,488.0,3877,1160,553,81,32,36.93,63.06,100.0
2026-06-11,3035,智原,174.5,179.0,172.5,178.0,5096,2220,663,0,-257,7.55,92.44,100.0
2026-06-11,3036,文曄,235.5,237.0,222.5,232.5,25183,6721,8857,-7850,60,26.19,73.77,100.0
2026-06-11,3037,欣興,884.0,906.0,811.0,854.0,27061,14324,1916,-1222,-373,38.49,61.5,100.0
2026-06-11,3038,全台,22.65,22.8,22.2,22.5,370,84,-49,0,5,9.06,90.93,100.0
2026-06-11,3040,遠見,36.55,36.6,35.55,36.55,1050,68,-5,0,850,0.61,99.38,100.0
2026-06-11,3041,揚智,24.5,24.9,23.2,24.25,1859,812,-366,0,0,4.93,95.06,100.0
2026-06-11,3042,晶技,220.0,235.0,218.0,235.0,47042,25450,4929,391,-395,20.09,79.9,100.0
2026-06-11,3043,科風,22.95,22.95,21.95,22.4,270,98,38,0,1,1.84,98.15,100.0
2026-06-11,3044,健鼎,471.0,497.5,468.5,484.0,3295,1537,-208,29,40,48.64,51.35,100.0
2026-06-11,3045,台灣大,118.0,120.5,118.0,119.0,18599,2125,11549,229,-10,14.55,31.99,46.55
2026-06-11,3046,建碁,55.0,56.9,54.4,55.6,458,159,102,0,0,4.43,95.56,100.0
2026-06-11,3047,訊舟,15.6,15.85,15.35,15.75,1180,413,-242,0,5,3.22,96.77,100.0
2026-06-11,3048,益登,73.2,76.0,71.5,75.0,32055,21095,1552,0,137,8.94,91.05,100.0
2026-06-11,3049,精金,13.5,13.7,13.1,13.6,9276,0,1554,0,-53,2.8,97.19,100.0
2026-06-11,3050,鈺德,12.7,12.9,12.4,12.7,1010,633,-135,0,3,8.03,91.96,100.0
2026-06-11,3051,力特,26.0,26.85,25.65,26.55,1369,607,104,0,20,2.57,97.42,100.0
2026-06-11,3052,夆典,10.9,10.9,10.65,10.75,990,148,37,0,-34,2.35,97.64,100.0
2026-06-11,3054,立萬利,68.5,68.5,64.5,67.2,260,100,5,0,5,0.32,99.67,100.0
2026-06-11,3055,蔚華科,80.2,82.9,78.3,79.5,1649,697,441,0,-18,2.88,97.11,100.0
2026-06-11,3056,富華新,15.0,15.1,14.45,14.6,1912,520,-344,0,21,3.73,96.26,100.0
2026-06-11,3057,喬鼎,20.55,20.55,18.8,18.8,625,0,-184,0,1,3.45,96.54,100.0
2026-06-11,3058,立德,9.12,9.36,9.02,9.11,948,0,60,-3,60,2.5,97.49,100.0
2026-06-11,3059,華晶科,47.3,47.65,44.2,45.25,10924,4988,-1612,0,-272,7.77,92.22,100.0
2026-06-11,3060,銘異,29.6,29.95,28.25,29.15,1653,803,-225,0,4,9.73,90.26,100.0
2026-06-11,3062,建漢,25.15,25.45,24.05,24.9,5714,2309,-1120,0,-69,11.28,88.71,100.0
2026-06-11,3064,泰偉,17.1,18.0,17.05,18.0,3,0,0,0,0,0.12,99.87,100.0
2026-06-11,3066,李洲,20.3,20.4,19.5,20.1,296,69,-31,0,0,2.23,97.76,100.0
2026-06-11,3067,全域,18.9,19.5,18.9,19.5,4,0,0,0,0,0.02,99.97,100.0
2026-06-11,3071,協禧,32.3,33.2,31.25,32.55,1047,441,-145,0,0,4.42,95.57,100.0
2026-06-11,3073,天方能源,21.0,21.0,19.95,20.2,80,11,-24,0,0,1.62,98.37,100.0
2026-06-11,3078,僑威,54.3,54.6,52.9,53.8,1045,217,-311,11,-2,12.33,87.66,100.0
2026-06-11,3081,聯亞,2155.0,2215.0,2025.0,2165.0,6102,2038,2700,-599,21,23.83,76.16,100.0
2026-06-11,3083,網龍,31.45,31.9,28.7,29.2,1478,730,-311,0,-2,0.83,99.16,100.0
2026-06-11,3085,新零售,11.45,12.5,11.45,12.5,13,0,0,0,0,5.69,94.3,100.0
2026-06-11,3086,華義*,38.6,41.0,37.7,38.5,896,390,-15,0,28,39.93,60.06,100.0
2026-06-11,3088,艾訊,139.0,145.5,139.0,145.0,3902,1390,-203,8,-6,17.41,82.58,100.0
2026-06-11,3090,日電貿,220.5,233.0,204.5,233.0,26407,16743,-3177,2771,-26,12.03,87.96,100.0
2026-06-11,3092,鴻碩,28.05,28.7,27.6,28.0,330,86,25,0,0,1.39,98.6,100.0
2026-06-11,3093,港建*,60.8,61.6,58.6,60.3,1912,904,-6,0,0,68.05,31.94,100.0
2026-06-11,3094,聯傑,29.8,29.8,28.3,29.25,450,200,20,0,-3,2.9,97.09,100.0
2026-06-11,3095,及成,39.3,40.0,38.5,39.8,37,9,-1,0,0,3.58,96.41,100.0
2026-06-11,3097,拍檔,24.96,26.2,24.95,25.9,21,0,3,0,0,0.0,0.0,0.0
2026-06-11,3105,穩懋,497.5,503.0,460.5,481.5,20255,10511,-1811,259,-89,20.76,79.23,100.0
2026-06-11,3114,好德,41.35,42.0,38.7,39.8,1052,0,23,0,76,1.24,98.75,100.0
2026-06-11,3115,富榮綱,9.01,9.09,9.01,9.09,5,0,0,0,0,1.84,98.15,100.0
2026-06-11,3117,年程,30.88,30.3,26.6,28.2,248,0,-32,0,0,0.0,0.0,0.0
2026-06-11,3118,進階,31.1,31.2,30.95,30.95,62,3,-4,0,0,0.22,99.77,100.0
2026-06-11,3122,笙泉,27.95,30.0,27.95,29.25,234,0,-59,0,0,2.99,97.0,100.0
2026-06-11,3128,昇銳,24.1,24.1,23.05,23.5,241,55,-22,0,0,0.73,99.26,100.0
2026-06-11,3130,一零四,222.5,223.5,221.5,223.5,39,1,0,0,0,20.43,79.56,100.0
2026-06-11,3131,弘塑,3105.0,3120.0,2860.0,3035.0,335,156,-87,27,-4,34.55,65.44,100.0
2026-06-11,3135,凌航,193.5,201.0,188.0,193.0,6608,3190,238,0,-1,4.63,95.36,100.0
2026-06-11,3138,耀登,141.0,149.0,136.0,142.0,1010,566,114,0,-7,2.35,97.64,100.0
2026-06-11,3141,晶宏,72.5,74.3,69.0,71.3,1468,671,-18,0,3,8.55,91.44,100.0
2026-06-11,3147,大綜,352.0,352.0,288.0,318.0,1895,0,107,0,41,7.52,92.47,100.0
2026-06-11,3149,正達,82.2,83.3,76.0,80.5,6150,0,1173,0,0,7.2,92.79,100.0
2026-06-11,3150,鈺寶-創,18.4,18.55,18.0,18.2,47,6,2,0,4,0.86,99.13,100.0
2026-06-11,3152,璟德,206.5,208.0,190.0,201.0,4055,1978,785,0,43,22.23,77.76,100.0
2026-06-11,3158,嘉實,83.5,85.5,83.2,85.5,5,0,0,0,0,1.38,98.61,100.0
2026-06-11,3162,精確,85.5,86.3,82.9,83.6,1788,734,-350,0,-4,47.81,52.18,100.0
2026-06-11,3163,波若威,880.0,900.0,796.0,843.0,6075,2591,1461,-873,-7,15.24,84.75,100.0
2026-06-11,3164,景岳,16.3,16.35,16.1,16.35,42,1,-6,0,0,0.6,99.39,100.0
2026-06-11,3167,大量,873.0,886.0,776.0,847.0,4560,2635,-263,-137,-16,9.76,90.23,100.0
2026-06-11,3168,眾福科,46.05,46.35,46.0,46.2,61,2,5,0,-15,1.21,98.78,100.0
2026-06-11,3169,亞信,107.0,108.5,103.0,104.5,271,81,3,0,-1,4.05,95.94,100.0
2026-06-11,3171,新洲,73.2,73.2,72.1,72.8,71,20,-9,0,-9,1.17,98.82,100.0
2026-06-11,3171,炎洲流通,73.2,73.2,72.1,72.8,71,20,-9,0,-9,1.17,98.82,100.0
2026-06-11,3176,基亞,33.15,33.5,32.6,32.85,631,158,25,0,0,4.36,95.63,100.0
2026-06-11,3178,公準,63.1,64.9,61.8,63.1,73,15,-1,0,0,1.13,98.86,100.0
2026-06-11,3184,微邦,20.03,20.0,17.8,18.3,806,0,8,0,0,0.0,0.0,0.0
2026-06-11,3188,鑫龍騰,25.95,25.95,24.5,24.95,1552,451,-308,0,0,1.3,98.69,100.0
2026-06-11,3189,景碩,674.0,693.0,594.0,619.0,31037,17017,-269,-1106,-363,24.55,75.44,100.0
2026-06-11,3191,雲嘉南,20.0,20.0,19.1,19.1,109,0,0,0,0,0.1,99.89,100.0
2026-06-11,3205,佰研,55.0,56.3,53.4,54.1,368,145,-55,0,7,0.66,99.33,100.0
2026-06-11,3206,志豐,38.3,38.7,37.5,38.25,124,15,7,0,0,2.51,97.48,100.0
2026-06-11,3207,耀勝,65.2,68.0,64.0,66.5,1787,502,-172,0,-2,1.92,98.07,100.0
2026-06-11,3209,全科,62.9,63.5,60.4,61.8,4005,1382,958,-150,-29,19.89,80.1,100.0
2026-06-11,3211,順達,396.0,403.0,382.5,398.5,6950,3717,380,-700,-10,27.32,72.67,100.0
2026-06-11,3213,茂訊,132.0,134.0,129.0,134.0,1358,540,156,0,5,10.94,89.05,100.0
2026-06-11,3217,優群,171.0,172.5,165.5,168.5,1496,324,192,0,134,10.93,89.06,100.0
2026-06-11,3218,大學光,133.5,134.5,129.0,131.0,252,45,-111,0,0,6.22,93.77,100.0
2026-06-11,3219,倚強股份,76.8,77.3,72.3,74.7,281,121,-30,0,-3,1.1,98.89,100.0
2026-06-11,3219,倚強科,76.8,77.3,72.3,74.7,281,121,-30,0,-3,1.1,98.89,100.0
2026-06-11,3221,台嘉碩,58.0,64.0,58.0,60.0,25664,18637,-355,0,2,6.06,93.93,100.0
2026-06-11,3224,三顧,37.0,37.15,36.6,36.9,100,11,6,0,0,0.86,99.13,100.0
2026-06-11,3226,龍鋒,48.8,49.5,48.05,48.05,13,0,-1,0,0,0.05,99.94,100.0
2026-06-11,3227,原相,212.5,215.5,206.0,213.0,1065,312,-74,6,-39,21.32,78.66,100.0
2026-06-11,3228,金麗科,159.0,167.0,158.5,161.0,436,0,74,0,0,7.17,92.82,100.0
2026-06-11,3229,晟鈦,40.8,42.8,40.1,42.55,628,0,123,0,-70,1.48,98.51,100.0
2026-06-11,3230,錦明,29.15,29.65,28.4,28.9,251,86,-19,0,0,1.81,98.18,100.0
2026-06-11,3231,緯創,157.0,159.0,150.5,152.5,55231,18606,-3626,-12214,445,31.05,68.94,100.0
2026-06-11,3232,昱捷,23.7,23.7,22.3,23.5,108,30,-9,0,0,7.86,92.13,100.0
2026-06-11,3234,光環,113.0,113.0,104.5,109.0,1998,0,-239,0,0,7.51,92.48,100.0
2026-06-11,3236,千如,52.0,57.5,52.0,57.5,19567,13119,1124,0,7,19.36,80.63,100.0
2026-06-11,3252,海灣,18.35,18.35,17.75,18.0,17,1,-1,0,0,2.09,97.9,100.0
2026-06-11,3257,虹冠電,52.9,54.2,52.2,53.4,317,88,-29,0,1,0.96,99.03,100.0
2026-06-11,3259,鑫創,18.35,18.35,16.3,17.15,42,0,-1,0,0,10.9,89.09,100.0
2026-06-11,3260,威剛,388.0,399.5,378.0,394.5,14205,7927,-592,-574,89,17.16,82.83,100.0
2026-06-11,3264,欣銓,210.0,217.0,204.5,215.0,5114,2525,-163,220,-57,33.2,66.79,100.0
2026-06-11,3265,台星科,170.0,172.5,163.0,169.5,1309,585,-98,24,10,8.52,91.47,100.0
2026-06-11,3266,昇陽,13.35,13.4,13.15,13.3,149,27,10,0,1,8.29,91.7,100.0
2026-06-11,3268,海德威,19.7,19.7,18.55,19.35,223,106,7,0,0,0.82,99.17,100.0
2026-06-11,3272,東碩,16.6,16.65,16.3,16.55,59,16,-11,0,0,0.65,99.34,100.0
2026-06-11,3276,宇環,14.35,15.35,14.35,14.6,655,290,0,0,0,0.75,99.24,100.0
2026-06-11,3284,太普高,20.05,20.1,19.05,19.05,507,154,-71,0,0,0.47,99.52,100.0
2026-06-11,3285,微端,37.65,37.65,37.65,37.65,323,0,0,0,210,12.99,87.0,100.0
2026-06-11,3287,廣寰科,34.0,34.25,33.25,33.55,159,21,52,0,0,1.39,98.6,100.0
2026-06-11,3288,點晶,23.2,24.5,23.2,23.75,132,0,0,0,0,0.14,99.85,100.0
2026-06-11,3289,宜特,154.5,159.5,149.0,152.0,2998,1101,373,0,-128,6.76,93.23,100.0
2026-06-11,3290,東浦,59.5,63.6,57.1,63.6,7200,3238,-624,0,34,7.95,92.04,100.0
2026-06-11,3293,鈊象,810.0,815.0,755.0,762.0,5589,1616,-1275,1235,-182,20.49,79.5,100.0
2026-06-11,3294,英濟,36.6,37.35,35.2,35.5,1022,382,-115,0,-8,7.44,92.55,100.0
2026-06-11,3296,勝德,22.7,24.45,22.25,24.45,658,138,-25,0,20,2.09,97.9,100.0
2026-06-11,3297,杭特,31.45,31.45,30.15,30.4,96,27,-25,0,0,2.57,97.42,100.0
2026-06-11,3303,岱稜,51.4,53.6,50.1,53.6,813,156,59,0,0,4.71,95.28,100.0
2026-06-11,3305,昇貿,138.0,140.5,131.0,140.0,6544,3879,148,195,548,8.53,91.46,100.0
2026-06-11,3306,鼎天,46.5,46.95,45.3,46.3,183,87,-58,0,0,2.78,97.21,100.0
2026-06-11,3308,聯德,20.9,20.9,20.0,20.2,102,14,-34,0,0,1.11,98.88,100.0
2026-06-11,3310,佳穎,68.4,69.0,65.3,67.0,50,13,-6,0,0,0.27,99.72,100.0
2026-06-11,3311,閎暉,37.35,38.15,36.4,37.0,632,174,126,0,5,2.3,97.69,100.0
2026-06-11,3312,弘憶股,59.4,59.8,55.5,57.8,6546,2600,1509,0,-17,4.64,95.35,100.0
2026-06-11,3313,斐成,12.45,12.45,11.7,11.7,749,0,-203,0,0,4.62,95.37,100.0
2026-06-11,3317,尼克森,76.5,77.7,74.0,75.2,1887,840,19,0,-23,11.04,88.95,100.0
2026-06-11,3321,同泰,20.55,20.55,19.35,19.65,639,0,-42,0,27,2.66,97.33,100.0
2026-06-11,3322,建舜電,15.05,15.2,14.2,14.65,1587,545,-49,0,0,3.8,96.19,100.0
2026-06-11,3323,加百裕,34.0,34.25,33.15,33.65,1138,362,-153,0,-10,6.25,93.74,100.0
2026-06-11,3324,雙鴻,1000.0,1030.0,961.0,998.0,3259,1450,-793,1,-184,24.96,75.03,100.0
2026-06-11,3325,旭品,12.7,12.75,12.4,12.5,253,0,-20,0,0,0.57,99.42,100.0
2026-06-11,3332,幸康,63.7,68.7,63.7,63.8,28,5,-1,0,0,0.95,99.04,100.0
2026-06-11,3338,泰碩,72.9,74.9,71.5,73.4,1080,386,254,0,2,3.91,96.08,100.0
2026-06-11,3339,泰谷,42.0,43.85,40.7,41.9,1583,572,254,0,0,3.42,96.57,100.0
2026-06-11,3346,麗清,24.0,24.0,22.5,22.95,709,0,37,0,0,2.77,97.22,100.0
2026-06-11,3349,寶德,18.15,18.15,17.75,17.95,73,0,10,0,0,2.24,97.75,100.0
2026-06-11,3354,律勝,27.0,27.5,25.0,26.65,840,334,181,0,0,1.8,98.19,100.0
2026-06-11,3356,奇偶,54.7,55.9,54.0,54.9,885,269,27,0,-7,7.34,92.65,100.0
2026-06-11,3357,臺慶科,303.0,307.0,280.5,287.0,22346,16885,-2233,95,-28,16.75,83.24,100.0
2026-06-11,3360,尚立,15.45,15.95,14.6,14.8,1515,542,-118,0,0,1.63,98.36,100.0
2026-06-11,3362,先進光,166.0,172.0,160.0,164.0,15906,9865,245,0,2,5.39,94.6,100.0
2026-06-11,3363,上詮,730.0,755.0,694.0,728.0,4401,2427,643,0,-8,17.68,82.31,100.0
2026-06-11,3372,典範,19.4,19.8,19.1,19.75,659,0,2,0,10,2.88,97.11,100.0
2026-06-11,3373,熱映,16.75,16.85,16.6,16.7,45,4,-8,0,0,2.01,97.98,100.0
2026-06-11,3374,精材,222.0,226.0,215.5,223.0,5200,2449,1025,0,-79,10.96,89.03,100.0
2026-06-11,3376,新日興,207.5,210.5,199.5,203.5,9135,4174,471,14,-188,22.48,77.51,100.0
2026-06-11,3379,彬台,36.0,36.45,35.4,35.9,271,77,40,0,0,1.23,98.76,100.0
2026-06-11,3380,明泰,33.7,34.25,32.6,34.15,2818,1362,-173,0,-40,6.8,93.19,100.0
2026-06-11,3383,新世紀,3.5,3.6,3.48,3.52,219,0,0,0,0,0.0,0.0,0.0
2026-06-11,3388,崇越電,90.2,91.5,86.7,88.5,920,264,218,0,-44,7.18,92.81,100.0
2026-06-11,3390,旭軟,26.6,28.1,26.45,27.35,941,466,171,0,0,4.29,95.7,100.0
2026-06-11,3402,漢科,136.0,137.0,130.0,135.0,533,204,-31,0,-3,3.98,96.01,100.0
2026-06-11,3406,玉晶光,679.0,729.0,672.0,693.0,6775,4077,-358,515,-1,44.25,55.74,100.0
2026-06-11,3413,京鼎,300.5,301.5,286.0,292.5,2129,502,-358,18,-129,18.3,81.69,100.0
2026-06-11,3416,融程電,173.5,173.5,165.0,171.0,438,122,-60,0,-4,2.78,97.21,100.0
2026-06-11,3419,譁裕,13.6,14.45,13.55,14.35,499,0,8,0,0,2.17,97.82,100.0
2026-06-11,3430,奇鈦科,129.0,132.0,119.5,123.0,1267,429,431,0,0,5.74,94.25,100.0
2026-06-11,3432,台端,19.6,19.6,18.0,19.45,89,0,-24,0,0,2.97,97.02,100.0
2026-06-11,3434,哲固,30.6,31.0,29.5,30.2,161,52,0,0,0,1.93,98.06,100.0
2026-06-11,3437,榮創,20.7,20.95,19.9,20.6,1376,395,446,0,-45,4.94,95.05,100.0
2026-06-11,3438,類比科,67.2,69.2,66.2,68.3,297,111,58,0,0,2.72,97.27,100.0
2026-06-11,3441,聯一光,65.1,71.5,62.4,71.5,22068,13897,949,0,34,8.93,91.06,100.0
2026-06-11,3443,創意,4030.0,4250.0,3935.0,4105.0,2049,1123,-133,181,-10,29.3,70.69,100.0
2026-06-11,3444,利機,90.0,93.0,86.8,89.8,665,315,86,0,0,10.89,89.1,100.0
2026-06-11,3447,展達,39.9,39.9,38.0,38.55,290,85,-87,0,0,0.73,99.26,100.0
2026-06-11,3450,聯鈞,472.0,475.0,426.0,452.5,11540,6732,6,25,-69,18.19,81.8,100.0
2026-06-11,3454,晶睿,98.1,98.7,97.0,97.3,145,0,0,0,0,0.0,0.0,0.0
2026-06-11,3455,由田,203.0,221.5,201.0,207.5,1907,1075,-162,-59,-2,18.59,81.4,100.0
2026-06-11,3465,進泰電子,32.1,33.2,31.1,32.45,27,2,-5,0,0,5.03,94.96,100.0
2026-06-11,3466,德晉,33.45,33.7,31.2,31.35,797,235,-280,0,0,9.69,90.3,100.0
2026-06-11,3467,台灣精材,62.9,65.5,61.6,64.8,172,69,-10,0,3,2.35,97.64,100.0
2026-06-11,3473,智通聯網,89.29,91.0,85.6,91.0,22,0,0,0,0,0.0,0.0,0.0
2026-06-11,3479,安勤,130.0,134.0,129.0,132.0,2729,1218,-256,0,1,6.24,93.75,100.0
2026-06-11,3481,群創,42.6,46.95,40.25,46.95,174746,0,34595,112,-1677,23.81,76.18,100.0
2026-06-11,3483,力致,90.0,91.4,89.0,91.0,750,230,-97,8,-6,10.14,89.85,100.0
2026-06-11,3484,崧騰,44.5,46.65,44.05,46.25,560,103,-108,0,1,7.75,92.24,100.0
2026-06-11,3485,敘豐,282.5,305.0,282.0,302.0,236,0,-5,0,-1,0.62,99.37,100.0
2026-06-11,3489,森寶,22.7,23.2,22.2,22.4,240,29,-84,0,0,0.38,99.61,100.0
2026-06-11,3490,單井,32.3,32.85,31.0,31.85,933,338,186,0,0,5.65,94.34,100.0
2026-06-11,3491,昇達科,1660.0,1720.0,1595.0,1680.0,2674,1428,-265,-56,-20,33.08,66.91,100.0
2026-06-11,3492,長盛,22.95,22.95,22.25,22.4,27,2,-4,0,0,0.54,99.45,100.0
2026-06-11,3494,誠研,8.21,8.21,7.98,8.15,120,0,-2,0,2,1.97,98.02,100.0
2026-06-11,3498,陽程,119.0,121.0,112.0,115.5,3705,1271,1165,0,-48,16.11,83.88,100.0
2026-06-11,3499,環天科,14.55,14.95,14.15,14.6,104,0,-29,0,0,0.52,99.47,100.0
2026-06-11,3501,維熹,40.9,41.05,40.05,40.95,240,50,-16,0,-3,3.06,96.93,100.0
2026-06-11,3504,揚明光,77.6,80.0,73.9,75.8,1752,780,25,0,-4,3.77,96.22,100.0
2026-06-11,3508,位速,18.75,19.0,18.5,18.6,114,0,-11,0,0,0.84,99.15,100.0
2026-06-11,3511,矽瑪,23.3,23.8,22.35,23.55,744,236,158,0,0,3.47,96.52,100.0
2026-06-11,3512,皇龍,21.0,21.2,20.65,20.65,61,5,-14,0,0,0.44,99.55,100.0
2026-06-11,3514,昱晶,16.8,16.8,16.5,16.5,1021,0,0,0,0,0.0,0.0,0.0
2026-06-11,3515,華擎,240.0,245.0,240.0,243.5,486,163,35,0,5,7.54,92.45,100.0
2026-06-11,3516,亞帝歐,23.75,25.0,23.5,25.0,573,109,92,0,0,0.77,99.22,100.0
2026-06-11,3518,柏騰,27.55,28.0,26.2,26.8,1537,661,323,0,0,7.64,92.35,100.0
2026-06-11,3519,綠能,18.05,18.15,17.8,17.8,2217,0,0,0,0,0.0,0.0,0.0
2026-06-11,3520,華盈,17.55,17.65,16.8,17.4,1043,416,43,0,0,1.19,98.8,100.0
2026-06-11,3521,鴻翊,13.0,13.3,12.55,12.6,76,8,-22,0,0,0.31,99.68,100.0
2026-06-11,3521,台鋼建設,13.0,13.3,12.55,12.6,76,8,-22,0,0,0.31,99.68,100.0
2026-06-11,3522,御頂,11.5,11.5,11.3,11.45,39,0,-4,0,0,0.25,99.74,100.0
2026-06-11,3522,御嵿,11.5,11.5,11.3,11.45,39,0,-4,0,0,0.25,99.74,100.0
2026-06-11,3523,迎輝,16.8,16.85,14.55,16.2,29,0,0,0,0,0.08,99.91,100.0
2026-06-11,3526,凡甲,321.5,330.5,311.0,317.5,561,213,126,1,-12,20.06,79.93,100.0
2026-06-11,3527,聚積,58.5,59.3,57.0,57.9,138,69,-5,0,0,8.02,91.97,100.0
2026-06-11,3528,安馳,111.5,119.0,111.5,117.0,681,0,97,0,2,6.48,93.51,100.0
2026-06-11,3529,力旺,2945.0,3025.0,2870.0,3015.0,477,182,17,76,7,65.26,34.73,100.0
2026-06-11,3530,晶相光,63.0,63.8,60.4,61.4,225,73,-91,0,2,41.02,58.97,100.0
2026-06-11,3531,先益,23.4,23.45,23.0,23.0,6,0,0,0,0,19.26,80.73,100.0
2026-06-11,3532,台勝科,268.0,297.0,266.0,297.0,1086,0,-239,0,81,43.85,56.14,100.0
2026-06-11,3533,嘉澤,2165.0,2190.0,2040.0,2145.0,2009,456,938,-333,33,47.23,52.76,100.0
2026-06-11,3535,晶彩科,123.0,126.0,118.5,124.0,852,0,77,0,-3,4.35,95.64,100.0
2026-06-11,3536,誠創,21.8,22.1,20.7,21.45,4649,0,0,0,0,0.0,0.0,0.0
2026-06-11,3537,堡達,80.7,82.3,75.2,78.3,7970,5230,-613,0,-6,7.39,92.6,100.0
2026-06-11,3540,曜越,25.5,26.0,25.25,25.4,156,8,-44,0,0,2.31,97.68,100.0
2026-06-11,3541,西柏,21.6,21.9,21.6,21.75,46,4,0,0,0,0.88,99.11,100.0
2026-06-11,3543,州巧,31.65,32.05,30.1,31.35,1208,320,260,0,0,6.42,93.57,100.0
2026-06-11,3545,敦泰,52.4,54.2,52.0,53.4,1147,487,227,0,18,13.69,86.3,100.0
2026-06-11,3546,宇峻,82.7,84.4,82.7,83.8,614,201,94,0,2,9.01,90.98,100.0
2026-06-11,3548,兆利,89.3,90.1,85.4,89.3,785,331,-33,0,-22,4.03,95.96,100.0
2026-06-11,3550,聯穎,30.0,30.1,27.0,28.6,22256,11516,3584,0,-16,13.78,86.21,100.0
2026-06-11,3551,世禾,184.0,188.5,179.0,186.5,766,312,-6,0,21,5.48,94.51,100.0
2026-06-11,3552,同致,48.75,49.0,47.5,48.6,200,37,-19,0,0,9.97,90.02,100.0
2026-06-11,3555,博士旺,187.5,206.0,177.0,206.0,252,108,37,0,0,1.93,98.06,100.0
2026-06-11,3556,禾瑞亞,67.5,67.9,64.5,66.6,488,0,45,0,-8,5.7,94.29,100.0
2026-06-11,3557,嘉威,27.9,27.9,27.9,27.9,283,0,109,0,-4,1.99,98.0,100.0
2026-06-11,3558,神準,136.0,139.0,134.0,137.0,364,148,-21,0,2,1.43,98.56,100.0
2026-06-11,3561,昇陽光電,13.65,13.65,13.5,13.5,370,0,0,0,0,0.0,0.0,0.0
2026-06-11,3563,牧德,687.0,701.0,663.0,682.0,898,354,266,-26,-2,7.09,92.9,100.0
2026-06-11,3564,其陽,47.85,47.85,45.4,46.0,252,73,-15,0,0,1.92,98.07,100.0
2026-06-11,3567,逸昌,26.9,27.2,26.5,27.0,67,20,1,0,0,3.48,96.51,100.0
2026-06-11,3570,大塚,181.0,182.0,174.5,177.0,205,42,41,0,0,45.35,54.64,100.0
2026-06-11,3576,聯合再生,17.6,18.3,16.95,18.0,30798,0,2936,0,3,12.41,87.58,100.0
2026-06-11,3577,泓格,122.0,123.0,116.0,120.0,1023,408,310,10,-3,3.59,96.4,100.0
2026-06-11,3579,尚志,16.3,16.3,15.9,15.95,114,0,0,0,0,0.0,0.0,0.0
2026-06-11,3580,友威科,100.5,101.5,92.8,95.0,2806,1305,-543,0,-1,11.68,88.31,100.0
2026-06-11,3581,博磊,127.5,144.0,121.5,143.0,1033,0,91,0,47,12.62,87.37,100.0
2026-06-11,3583,辛耘,781.0,809.0,740.0,791.0,1989,1085,433,25,-7,17.83,82.16,100.0
2026-06-11,3585,聯致,74.18,73.9,68.7,70.5,1604,0,-27,0,0,0.0,0.0,0.0
2026-06-11,3587,閎康,283.0,292.0,276.0,287.0,960,435,86,0,-6,11.66,88.33,100.0
2026-06-11,3588,通嘉,53.3,57.0,52.1,56.6,521,209,-31,0,-1,4.58,95.41,100.0
2026-06-11,3591,艾笛森,22.05,22.35,21.35,22.3,748,321,-132,0,5,6.06,93.93,100.0
2026-06-11,3592,瑞鼎,256.5,268.0,255.0,268.0,958,292,197,3,4,15.34,84.65,100.0
2026-06-11,3593,力銘,16.9,17.2,16.8,17.2,22,0,2,0,0,0.26,99.73,100.0
2026-06-11,3594,磐儀,46.65,47.55,44.65,46.1,697,264,130,0,-120,3.18,96.81,100.0
2026-06-11,3595,山太士,2372.7,2340.0,1775.0,2200.0,2110,0,64,0,0,0.0,0.0,0.0
2026-06-11,3596,智易,184.0,184.0,177.5,181.0,2087,651,481,0,10,33.26,66.73,100.0
2026-06-11,3597,映興,27.0,27.2,26.8,26.95,40,4,-6,0,0,0.78,99.21,100.0
2026-06-11,3603,建祥國際,7.62,7.95,7.57,7.95,9,0,0,0,0,0.0,0.0,0.0
2026-06-11,3605,宏致,68.7,73.0,67.6,72.9,3146,1306,1,0,114,11.22,88.77,100.0
2026-06-11,3607,谷崧,16.25,16.65,16.0,16.15,821,328,86,0,1,5.85,94.14,100.0
2026-06-11,3609,三一東林,27.65,27.8,27.0,27.1,287,85,24,0,0,1.95,98.04,100.0
2026-06-11,3611,鼎翰,191.0,193.5,191.0,193.5,101,11,17,0,0,12.0,87.99,100.0
2026-06-11,3615,安可,53.6,54.1,49.1,50.5,9146,4909,-603,0,0,4.73,95.26,100.0
2026-06-11,3617,碩天,210.0,214.5,204.5,210.0,477,183,68,0,2,8.91,91.08,100.0
2026-06-11,3622,洋華,55.3,56.3,53.8,54.6,502,111,-191,0,1,3.84,96.15,100.0
2026-06-11,3623,富晶通,22.8,23.25,22.25,23.1,75,18,12,0,0,2.36,97.63,100.0
2026-06-11,3624,光頡,119.0,119.5,104.0,110.0,26141,17993,-3574,0,-113,53.58,46.41,100.0
2026-06-11,3625,西勝,15.15,15.5,15.1,15.1,186,0,-1,0,0,5.64,94.35,100.0
2026-06-11,3628,盈正,72.5,74.1,68.8,69.9,260,100,-9,0,0,4.47,95.52,100.0
2026-06-11,3629,地心引力,0.0,0.0,0.0,0.0,0,0,0,0,0,0.02,99.97,100.0
2026-06-11,3630,新鉅科,29.5,30.1,28.35,30.1,2653,1301,-127,0,-11,39.75,60.24,100.0
2026-06-11,3631,晟楠,32.35,33.15,32.05,33.15,92,39,20,0,0,7.45,92.54,100.0
2026-06-11,3632,研勤,8.12,8.12,8.12,8.12,18,0,0,0,0,0.29,99.7,100.0
2026-06-11,3633,云光,123.39,125.0,121.0,123.5,25,0,-3,0,0,0.0,0.0,0.0
2026-06-11,3645,達邁,89.1,90.5,85.4,89.5,3440,1539,696,0,-31,13.6,86.39,100.0
2026-06-11,3646,艾恩特,23.9,23.9,23.5,23.55,3,0,-1,0,0,6.69,93.3,100.0
2026-06-11,3652,精聯,32.7,32.8,31.5,32.35,148,44,-37,0,-1,1.16,98.83,100.0
2026-06-11,3653,健策,3800.0,3860.0,3420.0,3620.0,2496,943,-507,37,30,25.09,74.9,100.0
2026-06-11,3659,百辰,22.26,22.3,21.8,21.9,4,0,0,0,0,0.0,0.0,0.0
2026-06-11,3661,世芯-KY,4000.0,4065.0,3850.0,4060.0,2101,1068,-85,-84,-37,53.91,46.08,100.0
2026-06-11,3663,鑫科,67.3,69.5,64.8,69.3,1948,728,-316,0,0,3.97,96.02,100.0
2026-06-11,3664,安瑞-KY,7.2,7.2,7.15,7.15,10,0,0,0,0,37.96,62.03,100.0
2026-06-11,3665,貿聯-KY,2230.0,2280.0,2005.0,2160.0,5944,2937,-1255,813,-93,55.15,44.84,100.0
2026-06-11,3666,光耀,26.65,26.65,25.55,26.15,62,20,-10,0,0,0.24,99.75,100.0
2026-06-11,3669,圓展,34.5,35.8,33.9,35.0,268,106,-63,0,-6,2.32,97.67,100.0
2026-06-11,3672,康聯訊,11.7,12.35,11.1,12.35,125,0,1,0,0,2.5,97.49,100.0
2026-06-11,3673,TPK-KY,80.6,82.3,78.4,78.7,16843,10338,-758,0,-139,40.63,59.36,100.0
2026-06-11,3675,德微,296.0,304.5,285.0,300.0,1952,1083,-87,60,-46,60.32,39.67,100.0
2026-06-11,3678,聯享,55.37,56.2,53.0,54.5,39,0,0,0,0,0.0,0.0,0.0
2026-06-11,3679,新至陞,126.5,126.5,123.5,123.5,343,30,-115,-1,-116,8.45,91.54,100.0
2026-06-11,3680,家登,495.5,498.5,466.5,480.0,1526,760,-47,0,-76,23.39,76.6,100.0
2026-06-11,3682,亞太電,9.55,9.57,9.52,9.54,2487,0,0,0,0,0.0,0.0,0.0
2026-06-11,3684,榮昌,57.9,61.0,57.4,60.8,114,16,29,0,0,2.26,97.73,100.0
2026-06-11,3685,元創精密,28.3,30.95,27.75,30.75,928,0,71,0,0,0.63,99.36,100.0
2026-06-11,3686,達能,16.95,17.15,16.3,16.75,276,0,3,0,1,1.97,98.02,100.0
2026-06-11,3687,歐買尬,81.2,82.2,77.2,77.8,387,125,1,0,0,4.7,95.29,100.0
2026-06-11,3689,湧德,115.5,116.5,110.0,113.5,2871,1170,-546,0,-62,12.08,87.91,100.0
2026-06-11,3691,碩禾,160.0,167.5,156.0,167.0,5527,3293,458,0,-18,5.71,94.28,100.0
2026-06-11,3693,營邦,490.0,510.0,475.5,491.5,1027,491,76,0,-3,6.78,93.21,100.0
2026-06-11,3694,海華,60.2,60.7,57.8,59.2,1556,513,-83,0,-33,3.92,96.07,100.0
2026-06-11,3698,隆達,28.4,28.4,27.65,27.65,13629,0,0,0,0,0.0,0.0,0.0
2026-06-11,3701,大眾控,48.1,49.0,45.75,47.7,2065,870,401,0,2,4.69,95.3,100.0
2026-06-11,3702,大聯大,111.0,111.5,105.5,108.5,18045,5803,7970,-5544,-69,39.2,60.79,100.0
2026-06-11,3703,欣陸,21.8,21.95,21.45,21.8,1710,435,69,0,-33,20.37,79.62,100.0
2026-06-11,3704,合勤控,44.4,46.4,44.4,45.95,4606,1940,-740,0,16,13.54,86.45,100.0
2026-06-11,3705,永信,57.2,57.4,56.4,57.3,213,48,-86,0,1,7.24,92.75,100.0
2026-06-11,3706,神達,85.6,88.0,84.3,86.5,13982,6489,-2044,18,-151,11.43,88.56,100.0
2026-06-11,3707,漢磊,71.0,74.0,68.7,74.0,9273,5836,-679,0,5,13.61,86.38,100.0
2026-06-11,3708,上緯投控,121.0,121.0,116.0,118.5,672,291,-25,15,-14,8.29,91.7,100.0
2026-06-11,3709,鑫聯大投控,74.1,75.1,71.6,72.7,1126,255,-45,0,-24,6.89,93.1,100.0
2026-06-11,3710,連展投控,6.03,6.17,5.95,6.15,390,0,37,0,0,2.05,97.94,100.0
2026-06-11,3711,日月光投控,533.0,552.0,521.0,544.0,18314,6529,-2010,283,688,76.84,23.15,100.0
2026-06-11,3712,永崴投控,17.9,18.0,17.4,17.55,776,267,17,0,-9,1.9,98.09,100.0
2026-06-11,3713,新晶投控,16.0,16.0,15.3,16.0,90,0,19,0,0,0.35,99.64,100.0
2026-06-11,3714,富采,63.0,64.2,59.7,63.5,15800,7465,2132,0,-117,10.52,89.47,100.0
2026-06-11,3715,定穎投控,167.5,171.5,160.0,166.0,11889,7136,-845,-226,25,9.63,90.36,100.0
2026-06-11,3716,中化控股,34.95,35.25,34.4,34.5,398,69,180,0,1,9.01,90.98,100.0
2026-06-11,3717,聯嘉投控,20.2,20.9,20.1,20.3,1765,646,321,0,1,3.96,96.03,100.0
2026-06-11,4102,永日,17.8,18.55,17.75,18.4,362,68,-8,0,0,1.39,98.6,100.0
2026-06-11,4104,佳醫,70.4,70.4,69.4,69.7,290,26,-92,0,0,3.26,96.73,100.0
2026-06-11,4105,東洋,74.7,75.0,73.9,74.4,776,156,-13,0,-30,21.35,78.64,100.0
2026-06-11,4106,雃博,23.55,23.55,22.9,23.45,249,38,-48,0,3,2.12,97.87,100.0
2026-06-11,4107,邦特,116.5,117.0,116.0,117.0,47,5,4,0,0,7.78,92.21,100.0
2026-06-11,4108,懷特,12.2,12.2,12.0,12.2,226,0,-54,0,-2,1.2,98.79,100.0
2026-06-11,4109,加捷生醫,12.0,12.2,11.95,12.0,268,42,-28,0,0,0.73,99.26,100.0
2026-06-11,4111,濟生,29.95,30.0,29.8,29.8,85,2,-3,0,0,2.74,97.25,100.0
2026-06-11,4113,聯上,16.5,18.15,15.95,16.55,2072,1091,-132,0,-3,1.67,98.32,100.0
2026-06-11,4114,健喬,30.5,30.6,30.1,30.25,1042,210,-309,0,0,5.85,94.14,100.0
2026-06-11,4115,善德生技,7.56,7.82,7.4,7.75,50,0,4,0,0,0.0,0.0,0.0
2026-06-11,4116,明基醫,37.3,37.4,36.9,37.0,76,3,-5,0,0,0.43,99.56,100.0
2026-06-11,4119,旭富,42.9,43.1,41.5,42.3,323,115,-72,0,5,5.15,94.84,100.0
2026-06-11,4120,友華,46.5,46.5,46.0,46.2,8,0,0,0,0,6.2,93.79,100.0
2026-06-11,4121,優盛,13.85,13.85,13.4,13.45,84,4,-47,0,0,1.98,98.01,100.0
2026-06-11,4123,晟德,38.0,38.0,37.1,37.35,2224,261,-766,0,-18,9.28,90.71,100.0
2026-06-11,4126,太醫,79.3,79.7,79.2,79.7,26,0,-5,0,3,8.99,91.0,100.0
2026-06-11,4127,天良,66.5,66.5,62.8,63.6,342,115,-6,0,6,0.96,99.03,100.0
2026-06-11,4128,中天,14.95,15.0,14.6,14.65,828,188,95,0,-8,4.38,95.61,100.0
2026-06-11,4129,聯合,90.6,90.6,89.1,89.6,127,18,-48,0,-1,11.4,88.59,100.0
2026-06-11,4130,健亞,25.6,25.9,25.4,25.9,87,15,-2,0,0,2.19,97.8,100.0
2026-06-11,4131,浩泰,0.0,0.0,0.0,0.0,0,0,0,0,0,1.16,98.83,100.0
2026-06-11,4133,亞諾法,20.65,20.7,20.4,20.6,182,26,-12,0,1,12.07,87.92,100.0
2026-06-11,4137,麗豐-KY,108.0,109.5,107.5,108.0,254,33,137,0,3,56.09,43.9,100.0
2026-06-11,4138,曜亞,50.8,51.2,50.7,51.2,24,2,-3,0,0,1.19,98.8,100.0
2026-06-11,4139,馬光-KY,24.7,24.7,24.0,24.45,14,0,0,0,0,16.91,83.08,100.0
2026-06-11,4141,龍燈-KY,28.5,28.5,28.0,28.0,46,0,0,0,0,0.0,0.0,0.0
2026-06-11,4142,國光生,18.05,18.05,17.45,17.6,1164,207,-350,-5,-336,4.75,95.24,100.0
2026-06-11,4144,康聯-KY,33.6,34.05,33.6,34.05,86,0,0,0,0,0.0,0.0,0.0
2026-06-11,4147,中裕,57.9,62.0,56.1,58.6,3903,1541,-812,0,4,7.9,92.09,100.0
2026-06-11,4148,全宇生技-KY,30.3,30.5,29.4,30.35,110,38,-17,0,-2,71.1,28.89,100.0
2026-06-11,4150,優你康,5.01,5.09,4.85,5.01,436,0,-75,0,0,0.0,0.0,0.0
2026-06-11,4153,鈺緯,32.15,32.45,31.65,32.35,47,2,2,0,0,0.33,99.66,100.0
2026-06-11,4154,樂威科-KY,0.0,0.0,0.0,0.0,0,0,0,0,0,29.99,70.0,100.0
2026-06-11,4155,訊映,15.75,15.85,15.15,15.35,701,256,-153,0,3,1.38,98.61,100.0
2026-06-11,4157,太景*-KY,8.65,8.75,8.57,8.6,881,102,-74,0,0,1.95,98.04,100.0
2026-06-11,4160,訊聯基因,40.0,40.1,39.8,39.95,23,0,-5,0,0,0.85,99.14,100.0
2026-06-11,4161,聿新科,22.95,22.95,22.65,22.8,69,3,-6,0,0,0.33,99.66,100.0
2026-06-11,4162,智擎,56.9,57.4,56.0,57.4,424,111,-150,0,2,8.82,91.17,100.0
2026-06-11,4163,鐿鈦,109.5,111.0,105.5,111.0,112,33,9,0,0,2.71,97.28,100.0
2026-06-11,4164,承業醫,31.3,31.3,30.4,30.6,828,246,22,0,6,18.84,81.15,100.0
2026-06-11,4166,友霖,25.55,27.85,25.4,26.6,2751,1236,-365,0,0,10.57,89.42,100.0
2026-06-11,4167,松瑞藥,19.95,20.0,19.6,19.65,733,110,-6,0,-2,11.5,88.49,100.0
2026-06-11,4168,醣聯,25.9,27.75,25.6,27.75,2831,0,3,0,-136,4.59,95.4,100.0
2026-06-11,4169,泰宗,149.0,150.0,146.0,150.0,110,0,-36,0,0,6.42,93.57,100.0
2026-06-11,4170,鑫品生醫,12.66,13.0,12.4,12.7,41,0,0,0,0,0.0,0.0,0.0
2026-06-11,4171,瑞基,17.5,17.55,17.3,17.3,74,1,-22,0,0,13.6,86.39,100.0
2026-06-11,4172,因華,10.8,11.6,10.65,11.35,592,0,5,0,0,0.0,0.0,0.0
2026-06-11,4173,久裕,18.05,18.15,18.0,18.15,60,3,-10,0,0,0.73,99.26,100.0
2026-06-11,4174,浩鼎,28.3,28.75,27.65,27.7,523,123,28,0,0,7.0,92.99,100.0
2026-06-11,4175,杏一,52.6,53.1,52.6,52.9,15,0,-2,0,0,0.18,99.81,100.0
2026-06-11,4178,永笙-KY,18.2,18.2,17.45,17.95,551,0,-142,0,1,5.26,94.73,100.0
2026-06-11,4183,福永生技,13.65,13.65,13.65,13.65,1,0,0,0,0,0.0,99.99,100.0
2026-06-11,4186,尖端醫,9.85,10.05,9.61,10.05,153,0,-8,0,0,0.0,0.0,0.0
2026-06-11,4188,安克,10.85,10.85,10.35,10.6,19,0,-6,0,0,0.07,99.92,100.0
2026-06-11,4190,佐登-KY,25.5,25.55,24.55,24.55,40,2,-16,0,3,58.64,41.35,100.0
2026-06-11,4192,杏國,19.45,21.1,19.45,21.1,12,0,0,0,0,0.31,99.68,100.0
2026-06-11,4194,禾生技,6.94,7.23,6.55,6.8,156,0,-4,0,0,0.0,0.0,0.0
2026-06-11,4195,基米-創,16.25,16.35,15.85,16.1,180,0,-26,0,0,0.97,99.02,100.0
2026-06-11,4197,暐世,8.57,9.09,8.51,9.09,29,0,0,0,0,0.0,0.0,0.0
2026-06-11,4198,欣大健康,37.15,37.9,35.5,36.35,18,0,0,0,0,1.17,98.82,100.0
2026-06-11,4205,中華食,72.5,72.6,72.3,72.4,32,0,2,0,0,0.62,99.37,100.0
2026-06-11,4207,環泰,19.35,19.5,19.35,19.5,119,3,56,0,0,1.73,98.26,100.0
2026-06-11,4303,信立,46.0,46.9,45.25,45.8,535,197,-36,0,-1,3.19,96.8,100.0
2026-06-11,4304,勝昱,24.65,24.65,24.65,24.65,1,0,0,0,0,0.04,99.95,100.0
2026-06-11,4305,世坤,44.0,44.0,44.0,44.0,3,0,1,0,0,0.06,99.93,100.0
2026-06-11,4306,炎洲,15.45,16.0,15.3,15.85,6458,1827,691,0,66,6.48,93.51,100.0
2026-06-11,4401,東隆興,14.0,14.1,13.85,14.0,101,17,5,0,0,1.5,98.49,100.0
2026-06-11,4402,郡都開發,17.2,17.3,15.9,17.2,200,0,-4,0,0,2.23,97.76,100.0
2026-06-11,4406,新昕纖,9.9,9.9,9.88,9.88,2,0,-1,0,0,0.17,99.82,100.0
2026-06-11,4413,飛寶企業,16.15,16.45,16.05,16.15,18,6,2,0,0,5.73,94.26,100.0
2026-06-11,4414,如興,8.41,8.57,8.4,8.51,271,40,92,0,1,26.41,73.58,100.0
2026-06-11,4416,三圓,10.6,10.75,10.5,10.5,155,19,-35,0,0,1.61,98.38,100.0
2026-06-11,4417,金洲,46.2,46.3,45.75,46.25,163,25,-5,0,0,3.66,96.33,100.0
2026-06-11,4419,元勝,45.6,45.6,45.5,45.55,12,0,0,0,0,0.0,99.99,100.0
2026-06-11,4419,皇家美食,45.6,45.6,45.5,45.55,12,0,0,0,0,0.0,99.99,100.0
2026-06-11,4420,光明,38.0,38.05,37.5,37.8,64,1,-1,0,0,0.66,99.33,100.0
2026-06-11,4426,利勤,8.31,8.31,7.9,7.97,130,25,-13,0,-14,2.15,97.84,100.0
2026-06-11,4430,耀億,17.45,17.6,17.1,17.25,17,3,-3,0,0,2.31,97.68,100.0
2026-06-11,4431,敏成健康,16.58,16.6,16.15,16.4,46,0,-3,0,0,0.0,0.0,0.0
2026-06-11,4432,銘旺實,16.35,16.4,16.25,16.35,10,1,0,0,0,0.97,99.02,100.0
2026-06-11,4433,興采,20.45,20.55,20.4,20.55,27,0,-1,0,0,0.17,99.82,100.0
2026-06-11,4438,廣越,61.8,61.8,60.2,61.2,82,31,-1,0,0,1.88,98.11,100.0
2026-06-11,4439,冠星-KY,87.8,89.0,87.4,88.0,17,3,6,0,1,61.41,38.58,100.0
2026-06-11,4440,宜新實業,17.0,17.15,17.0,17.1,52,5,-27,0,0,0.63,99.36,100.0
2026-06-11,4441,振大環球,191.0,193.0,189.0,190.5,89,8,-24,0,-24,1.34,98.65,100.0
2026-06-11,4442,竣邦-KY,54.0,54.0,53.5,53.7,16,0,-5,0,0,60.99,39.0,100.0
2026-06-11,4502,健信,15.8,15.8,15.7,15.7,2,0,0,0,0,4.07,95.92,100.0
2026-06-11,4503,金雨,37.0,37.55,36.3,37.55,202,75,16,0,0,3.7,96.29,100.0
2026-06-11,4506,崇友,117.5,118.0,116.5,117.5,94,12,25,0,0,3.36,96.63,100.0
2026-06-11,4510,高鋒,44.85,45.1,43.0,43.8,1540,454,135,0,-25,4.96,95.03,100.0
2026-06-11,4513,福裕,16.4,16.4,15.4,15.5,1399,507,-439,0,0,4.17,95.82,100.0
2026-06-11,4523,永彰,29.0,30.0,28.55,29.1,226,80,-15,0,0,2.82,97.17,100.0
2026-06-11,4526,東台,39.15,39.9,38.0,39.25,5754,2774,1282,0,10,7.49,92.5,100.0
2026-06-11,4527,方土霖,41.1,41.65,40.75,40.9,31,4,1,0,0,1.78,98.21,100.0
2026-06-11,4528,江興鍛,15.95,16.1,15.7,16.1,17,2,-3,0,0,0.15,99.84,100.0
2026-06-11,4529,淳紳,5.06,5.06,5.02,5.02,14,0,0,0,0,38.05,61.94,100.0
2026-06-11,4530,宏易,24.05,25.5,24.05,25.5,12,0,1,0,0,2.32,97.67,100.0
2026-06-11,4532,瑞智,24.25,24.25,23.8,24.1,953,242,77,0,8,17.87,82.12,100.0
2026-06-11,4533,協易機,29.85,30.2,28.85,30.15,1161,503,-20,0,-32,4.47,95.52,100.0
2026-06-11,4534,慶騰,30.35,30.35,28.35,30.0,4604,0,311,0,0,3.26,96.73,100.0
2026-06-11,4535,至興,27.0,27.0,27.0,27.0,2,0,0,0,0,0.11,99.88,100.0
2026-06-11,4536,拓凱,163.0,164.0,161.0,163.0,244,70,45,0,5,11.97,88.02,100.0
2026-06-11,4537,旭東,189.46,183.0,170.5,179.0,239,0,1,0,0,0.0,0.0,0.0
2026-06-11,4538,大詠城,18.45,18.5,18.15,18.45,108,6,7,0,0,0.17,99.82,100.0
2026-06-11,4540,全球傳動,61.0,62.1,59.1,61.0,2895,1321,379,0,0,4.42,95.57,100.0
2026-06-11,4541,晟田,46.4,47.0,45.6,46.95,873,299,-9,0,19,6.99,93.0,100.0
2026-06-11,4542,科嶠,320.0,323.0,294.5,305.0,4051,2176,-32,0,-1,11.5,88.49,100.0
2026-06-11,4543,萬在,37.7,38.3,35.75,36.85,435,122,43,0,9,9.4,90.59,100.0
2026-06-11,4544,春日,14.96,14.65,14.55,14.65,9,0,0,0,0,0.0,0.0,0.0
2026-06-11,4545,銘鈺,36.85,36.85,34.2,34.55,586,150,-138,0,-1,29.53,70.46,100.0
2026-06-11,4546,長亨,100.08,126.0,101.0,116.0,279,0,2,0,0,0.0,0.0,0.0
2026-06-11,4549,桓達,107.5,110.5,105.0,107.5,320,124,9,0,0,2.18,97.81,100.0
2026-06-11,4550,長佳,25.5,25.5,25.2,25.25,44,2,0,0,0,1.6,98.39,100.0
2026-06-11,4551,智伸科,137.5,139.0,132.5,138.5,924,314,167,-282,0,54.25,45.74,100.0
2026-06-11,4552,力達-KY,20.55,20.95,20.3,20.95,74,17,-8,0,2,42.79,57.2,100.0
2026-06-11,4553,盛復,17.19,17.2,16.35,17.2,43,0,1,0,0,0.0,0.0,0.0
2026-06-11,4554,橙的,29.95,30.0,29.7,29.8,66,4,2,0,0,24.45,75.54,100.0
2026-06-11,4555,氣立,46.0,47.05,44.25,45.55,452,130,104,0,-15,3.26,96.73,100.0
2026-06-11,4556,旭然,60.8,60.8,59.5,60.8,968,96,30,0,6,11.16,88.83,100.0
2026-06-11,4557,永新-KY,45.5,46.1,44.5,45.9,95,18,1,0,0,30.36,69.63,100.0
2026-06-11,4558,寶緯,18.4,18.6,18.25,18.5,71,7,-11,0,0,0.36,99.63,100.0
2026-06-11,4559,久裕興,8.04,9.1,8.22,8.5,107,0,6,0,0,0.0,0.0,0.0
2026-06-11,4560,強信-KY,32.0,32.5,31.8,32.5,156,127,-7,0,0,84.65,15.34,100.0
2026-06-11,4561,健椿,41.8,42.55,40.5,41.25,383,187,17,0,-1,2.89,97.1,100.0
2026-06-11,4562,穎漢,35.7,36.75,34.25,35.5,699,236,1,0,-51,1.12,98.87,100.0
2026-06-11,4563,百德,42.65,43.1,41.8,42.1,396,126,-2,0,-3,1.5,98.49,100.0
2026-06-11,4564,元翎,15.15,15.35,14.95,15.3,367,104,-103,0,6,2.55,97.44,100.0
2026-06-11,4565,宏偉,117.98,119.0,116.0,116.0,2,0,0,0,0,0.0,0.0,0.0
2026-06-11,4566,時碩工業,61.2,61.7,59.7,61.5,663,196,-88,0,0,1.47,98.52,100.0
2026-06-11,4568,科際精密,40.1,40.1,40.1,40.1,1,0,0,0,0,20.1,79.89,100.0
2026-06-11,4569,六方科-KY,159.0,164.0,157.5,164.0,63,17,8,0,0,66.96,33.03,100.0
2026-06-11,4570,傑生,68.9,68.9,68.9,68.9,0,0,0,0,0,0.0,0.0,0.0
2026-06-11,4571,鈞興-KY,178.0,180.0,171.0,179.0,561,213,55,0,-3,66.24,33.75,100.0
2026-06-11,4572,駐龍,144.0,148.0,143.0,147.0,100,39,-7,0,0,2.15,97.84,100.0
2026-06-11,4573,高明鐵,393.42,404.5,361.5,380.5,710,0,-1,0,0,0.0,0.0,0.0
2026-06-11,4575,銓寶,26.58,28.85,26.55,28.85,44,0,9,0,0,0.0,0.0,0.0
2026-06-11,4576,大銀微系統,200.0,204.0,191.0,196.5,2056,777,369,-30,334,6.23,93.76,100.0
2026-06-11,4577,達航科技,89.5,92.3,85.2,88.6,894,500,50,0,4,4.34,95.65,100.0
2026-06-11,4580,捷流閥業,80.5,80.9,79.8,80.6,32,6,-9,0,0,4.08,95.91,100.0
2026-06-11,4581,光隆精密-KY,49.5,49.85,49.5,49.85,12,0,0,0,0,24.01,75.98,100.0
2026-06-11,4582,聚恆-創,27.0,27.4,25.9,25.9,612,0,-133,0,15,1.28,98.71,100.0
2026-06-11,4583,台灣精銳,623.0,635.0,600.0,616.0,135,44,-14,0,0,1.17,98.82,100.0
2026-06-11,4584,君帆,42.9,42.9,41.9,41.9,2,0,0,0,0,0.0,99.99,100.0
2026-06-11,4585,達明,319.0,320.0,300.5,307.0,573,127,-14,0,-20,0.23,99.76,100.0
2026-06-11,4587,寶元數控,58.72,58.0,56.6,57.8,27,0,2,0,0,0.0,0.0,0.0
2026-06-11,4588,玖鼎電力,56.1,57.9,56.1,57.0,100,25,12,0,12,2.55,97.44,100.0
2026-06-11,4589,碩陽電機,37.03,38.15,37.15,38.15,16,0,2,0,0,0.0,0.0,0.0
2026-06-11,4590,富田-創,73.5,75.5,73.0,75.3,212,0,25,0,0,2.17,97.82,100.0
2026-06-11,4609,唐鋒,5.38,5.49,5.32,5.46,24,0,0,0,0,0.0,99.99,100.0
2026-06-11,4702,中美實,10.0,10.1,9.94,10.0,179,9,-11,0,0,43.68,56.31,100.0
2026-06-11,4706,大恭,31.0,32.3,31.0,31.95,23,5,-1,0,0,29.48,70.51,100.0
2026-06-11,4707,磐亞,19.2,20.3,19.0,19.85,1390,0,-120,0,114,1.35,98.64,100.0
2026-06-11,4711,永純,16.7,17.0,16.6,16.9,139,39,12,0,0,1.74,98.25,100.0
2026-06-11,4714,永捷,13.5,13.9,13.1,13.35,1102,392,-137,0,0,3.08,96.91,100.0
2026-06-11,4716,大立,16.3,16.5,16.0,16.5,633,199,104,0,0,4.58,95.41,100.0
2026-06-11,4720,德淵,23.5,23.95,23.0,23.35,1355,421,-58,0,-1,5.23,94.76,100.0
2026-06-11,4721,美琪瑪,94.5,94.5,90.0,91.6,2009,1068,-93,0,-57,7.76,92.23,100.0
2026-06-11,4722,國精化,217.0,217.0,198.5,206.0,2970,1167,553,6,-175,6.02,93.97,100.0
2026-06-11,4724,宣捷幹細胞,10.8,10.95,10.15,10.6,196,0,0,0,0,0.0,0.0,0.0
2026-06-11,4725,信昌化,29.2,30.15,28.55,29.15,4612,0,0,0,0,0.0,0.0,0.0
2026-06-11,4726,永昕,25.8,25.95,24.7,24.8,442,0,-152,0,0,20.6,79.39,100.0
2026-06-11,4728,雙美,377.0,380.0,373.0,373.0,12,0,-9,0,0,19.64,80.35,100.0
2026-06-11,4729,熒茂,22.4,22.4,21.05,21.1,705,220,95,0,0,1.87,98.12,100.0
2026-06-11,4732,彥臣,17.78,17.5,16.65,17.05,69,0,0,0,0,0.0,0.0,0.0
2026-06-11,4735,豪展,31.5,32.0,31.5,31.95,235,0,11,0,0,0.2,99.79,100.0
2026-06-11,4736,泰博,126.0,126.0,124.0,124.5,119,29,-5,0,0,5.68,94.31,100.0
2026-06-11,4737,華廣,55.9,56.2,54.2,54.9,79,29,9,0,1,28.62,71.37,100.0
2026-06-11,4738,大同精化,7.73,7.77,7.4,7.41,264,0,-27,0,0,0.0,0.0,0.0
2026-06-11,4739,康普,129.0,129.0,119.5,123.5,7899,3989,-953,0,-105,11.56,88.43,100.0
2026-06-11,4741,泓瀚,86.6,86.6,77.1,81.0,3544,2215,-156,0,11,8.58,91.41,100.0
2026-06-11,4743,合一,49.05,49.25,47.5,47.75,2298,513,-432,0,-43,7.68,92.31,100.0
2026-06-11,4744,皇將,37.35,37.55,33.75,33.75,857,220,-52,0,0,4.4,95.59,100.0
2026-06-11,4745,合富-KY,16.55,16.6,15.5,15.75,1410,205,-235,0,0,9.61,90.38,100.0
2026-06-11,4746,台耀,51.5,51.5,50.3,51.0,935,172,-558,0,-4,8.13,91.86,100.0
2026-06-11,4747,強生,54.0,54.0,52.6,53.7,43,3,-7,0,0,0.59,99.4,100.0
2026-06-11,4749,新應材,925.0,940.0,878.0,908.0,1678,438,-299,-53,-13,11.18,88.81,100.0
2026-06-11,4754,國碳科,38.55,39.0,38.5,38.85,29,1,-3,0,0,0.24,99.75,100.0
2026-06-11,4755,三福化,133.0,134.5,130.0,134.0,394,176,-27,0,-3,24.58,75.41,100.0
2026-06-11,4760,勤凱,366.0,382.0,351.0,364.5,1557,882,23,0,-14,7.73,92.26,100.0
2026-06-11,4763,材料*-KY,44.1,44.2,42.95,43.75,6061,2238,-546,0,-90,46.48,53.51,100.0
2026-06-11,4764,雙鍵,258.0,270.0,238.0,257.5,1770,769,408,0,30,27.58,72.41,100.0
2026-06-11,4765,磐采,16.9,16.6,16.55,16.55,2,0,0,0,0,0.0,0.0,0.0
2026-06-11,4766,南寶,366.0,367.5,355.0,364.5,414,171,-92,4,-6,14.12,85.87,100.0
2026-06-11,4767,誠泰科技,27.0,27.1,26.75,27.1,5,1,-1,0,0,0.03,99.96,100.0
2026-06-11,4768,晶呈科技,368.0,388.0,357.5,371.5,1293,575,254,0,-86,6.49,93.5,100.0
2026-06-11,4770,上品,214.5,217.5,209.5,214.0,587,128,-280,0,-3,6.19,93.8,100.0
2026-06-11,4771,望隼,191.0,191.0,186.0,188.0,178,61,-24,0,-8,6.97,93.02,100.0
2026-06-11,4772,台特化,271.5,277.0,261.0,266.0,1140,313,117,0,-57,5.16,94.83,100.0
2026-06-11,4806,桂田文創,10.9,10.9,10.9,10.9,130,0,78,0,0,1.96,98.03,100.0
2026-06-11,4807,日成-KY,36.05,37.3,36.05,37.3,491,0,-15,0,-1,67.34,32.65,100.0
2026-06-11,4903,聯光通,38.75,39.5,37.95,38.55,1259,505,90,0,0,2.49,97.5,100.0
2026-06-11,4904,遠傳,108.0,109.5,107.5,109.0,9653,2009,1549,69,108,21.57,27.25,49.0
2026-06-11,4905,台聯電,74.1,74.5,71.9,72.9,23,4,-5,0,0,9.64,90.35,100.0
2026-06-11,4906,正文,41.3,43.0,40.6,42.0,14193,7044,-404,0,8,12.29,87.7,100.0
2026-06-11,4907,富宇,40.2,40.2,38.0,38.3,201,82,-29,0,0,0.25,99.74,100.0
2026-06-11,4908,前鼎,196.0,200.0,184.5,192.5,2901,1130,1000,0,-30,7.97,92.02,100.0
2026-06-11,4909,新復興,48.3,49.6,48.05,48.1,623,253,2,0,1,9.65,90.34,100.0
2026-06-11,4911,德英,31.1,31.25,30.95,30.95,51,3,-7,0,0,0.28,99.71,100.0
2026-06-11,4912,聯德控股-KY,91.9,93.8,88.2,91.1,509,223,-11,0,0,24.34,75.65,100.0
2026-06-11,4915,致伸,75.2,75.9,74.0,75.2,4787,1491,-537,29,925,32.23,67.76,100.0
2026-06-11,4916,事欣科,114.0,121.0,110.5,114.5,16647,10228,-1914,0,-161,18.46,81.53,100.0
2026-06-11,4919,新唐,166.5,174.5,161.5,172.5,33598,20801,-5402,214,-154,6.34,93.65,100.0
2026-06-11,4923,力士,43.4,44.7,41.6,43.2,415,195,-18,0,0,1.02,98.97,100.0
2026-06-11,4924,欣厚-KY,11.7,12.0,11.65,11.95,49,11,-5,0,0,38.17,61.82,100.0
2026-06-11,4925,智微,158.48,152.5,138.5,149.5,316,0,-7,0,0,0.0,0.0,0.0
2026-06-11,4927,泰鼎-KY,49.2,51.3,47.85,48.8,8450,4036,-897,0,4,7.23,92.76,100.0
2026-06-11,4930,燦星網,17.15,17.75,16.95,17.3,79,37,-18,0,2,2.11,97.88,100.0
2026-06-11,4931,新盛力,248.5,249.0,229.0,234.0,9654,5497,975,0,-469,11.65,88.34,100.0
2026-06-11,4933,友輝,66.0,67.1,64.4,65.8,321,82,40,0,0,7.64,92.35,100.0
2026-06-11,4934,太極,16.25,17.1,15.85,16.8,1305,0,61,0,2,2.46,97.53,100.0
2026-06-11,4935,茂林-KY,38.1,38.15,37.3,37.75,129,22,13,0,3,26.7,73.29,100.0
2026-06-11,4938,和碩,96.1,96.6,93.8,95.4,30841,7457,-8279,11500,-353,27.52,72.47,100.0
2026-06-11,4939,亞電,60.7,61.9,56.4,60.2,17035,11760,-931,0,-17,6.63,93.36,100.0
2026-06-11,4942,嘉彰,37.6,37.6,37.0,37.45,85,18,-5,0,3,6.85,93.14,100.0
2026-06-11,4943,康控-KY,9.18,9.18,8.96,8.99,82,0,0,0,0,15.6,84.39,100.0
2026-06-11,4946,辣椒,125.0,125.0,105.0,105.0,655,276,-129,0,0,3.54,96.45,100.0
2026-06-11,4949,有成精密,90.5,93.9,88.9,90.0,1275,612,125,0,-44,3.47,96.52,100.0
2026-06-11,4950,金耘國際,16.7,16.7,16.15,16.25,10,0,0,0,0,0.08,99.91,100.0
2026-06-11,4951,精拓科,99.6,101.0,95.9,98.9,1003,316,256,0,0,5.2,94.79,100.0
2026-06-11,4952,凌通,47.5,51.8,47.5,51.8,1522,500,265,0,6,5.49,94.5,100.0
2026-06-11,4953,緯軟,136.0,139.0,134.0,134.5,969,366,194,0,-90,14.52,85.47,100.0
2026-06-11,4956,光鋐,37.0,38.0,35.65,37.3,1879,743,634,0,0,11.16,88.83,100.0
2026-06-11,4958,臻鼎-KY,509.0,544.0,495.5,529.0,45987,29790,1748,1475,-428,63.68,36.31,100.0
2026-06-11,4960,誠美材,28.85,29.45,27.6,28.95,7006,2694,1047,-20,1042,19.67,80.32,100.0
2026-06-11,4961,天鈺,160.5,166.0,159.5,163.0,615,255,79,7,4,19.5,80.49,100.0
2026-06-11,4966,譜瑞-KY,657.0,669.0,625.0,657.0,1637,785,208,-11,-37,37.73,62.26,100.0
2026-06-11,4967,十銓,265.0,280.0,260.5,277.5,8130,4461,1710,0,25,9.95,90.04,100.0
2026-06-11,4968,立積,105.0,107.5,103.0,104.0,582,172,-55,0,-13,3.95,96.04,100.0
2026-06-11,4971,IET-KY,541.0,551.0,494.0,518.0,1926,900,525,0,-56,16.47,83.52,100.0
2026-06-11,4972,湯石照明,16.55,16.65,16.55,16.6,14,1,-2,0,0,2.1,97.89,100.0
2026-06-11,4973,廣穎,191.5,194.0,175.0,191.5,3670,0,-23,0,-8,8.86,91.13,100.0
2026-06-11,4974,亞泰,76.2,76.2,73.7,74.8,191,14,-69,0,0,4.8,95.19,100.0
2026-06-11,4976,佳凌,33.2,33.4,31.95,32.85,2248,995,-236,0,2,3.0,96.99,100.0
2026-06-11,4977,眾達-KY,173.5,178.5,166.5,173.5,3459,1726,717,0,-22,16.36,83.63,100.0
2026-06-11,4979,華星光,481.0,481.0,454.0,473.0,1903,0,157,-331,100,13.24,86.75,100.0
2026-06-11,4980,佐臻,44.17,44.6,40.4,40.5,160,0,4,0,0,0.0,0.0,0.0
2026-06-11,4984,科納-KY,40.0,40.95,38.9,39.6,1198,0,0,0,0,0.0,0.0,0.0
2026-06-11,4989,榮科,78.2,81.9,74.6,78.6,8318,3465,2141,0,0,4.23,95.76,100.0
2026-06-11,4991,環宇-KY,518.0,541.0,485.5,530.0,8259,3482,2823,-21,10,20.83,79.16,100.0
2026-06-11,4994,傳奇,86.3,87.5,85.0,87.5,19,7,0,0,3,2.62,97.37,100.0
2026-06-11,4995,晶達,45.55,45.55,44.35,44.75,67,8,-3,0,0,0.42,99.57,100.0
2026-06-11,4999,鑫禾,20.35,20.8,20.25,20.3,96,38,-10,0,0,1.66,98.33,100.0
2026-06-11,5007,三星,56.5,56.8,55.5,56.8,29,7,16,0,-2,2.93,97.06,100.0
2026-06-11,5009,榮剛,35.1,35.55,34.6,35.35,1988,618,209,0,-133,11.12,88.87,100.0
2026-06-11,5011,久陽,17.7,18.0,17.05,18.0,301,90,24,0,0,2.89,97.1,100.0
2026-06-11,5013,強新,28.15,28.15,26.85,27.05,5,1,-1,0,0,12.22,87.77,100.0
2026-06-11,5014,建錩,11.0,11.05,10.8,10.95,236,39,-30,0,0,1.64,98.35,100.0
2026-06-11,5015,華祺,23.55,23.6,23.55,23.6,10,0,1,0,0,6.83,93.16,100.0
2026-06-11,5016,松和,25.45,25.45,25.1,25.1,33,1,-4,0,0,0.66,99.33,100.0
2026-06-11,5201,凱衛,28.75,29.0,28.5,28.5,58,12,-16,0,0,6.7,93.29,100.0
2026-06-11,5202,力新,15.0,15.85,14.65,15.1,1222,658,122,0,0,0.86,99.13,100.0
2026-06-11,5203,訊連,68.0,68.3,66.7,68.0,359,69,-19,0,1,10.95,89.04,100.0
2026-06-11,5205,中茂,23.55,23.7,23.5,23.7,5,0,0,0,0,0.04,99.95,100.0
2026-06-11,5206,坤悅,23.8,23.8,22.85,23.3,392,84,-49,0,0,6.37,93.62,100.0
2026-06-11,5209,新鼎,171.0,171.0,169.5,170.5,54,9,-19,0,0,2.04,97.95,100.0
2026-06-11,5210,寶碩,31.0,31.5,30.4,30.5,538,155,18,0,0,1.64,98.35,100.0
2026-06-11,5211,蒙恬,18.9,20.35,18.9,19.5,716,388,8,0,0,7.97,92.02,100.0
2026-06-11,5212,凌網,46.6,47.8,46.6,47.2,24,2,1,0,0,21.77,78.22,100.0
2026-06-11,5213,亞昕,23.75,23.75,23.0,23.25,877,221,-239,0,0,1.07,98.92,100.0
2026-06-11,5215,科嘉-KY,42.9,42.9,41.4,42.15,408,105,-38,0,0,26.01,73.98,100.0
2026-06-11,5220,萬達光電,21.15,21.35,20.5,20.9,55,12,-14,0,0,0.36,99.63,100.0
2026-06-11,5222,全訊,113.0,113.5,110.5,112.5,423,101,-33,0,-4,3.73,6.26,10.0
2026-06-11,5223,安力-KY,25.2,25.35,25.0,25.1,19,2,-5,0,0,42.0,57.99,100.0
2026-06-11,5225,東科-KY,72.4,72.4,70.5,71.3,279,51,-53,0,3,39.71,60.28,100.0
2026-06-11,5227,立凱-KY,25.3,28.1,24.8,28.1,833,0,19,0,11,13.01,86.98,100.0
2026-06-11,5228,鈺鎧,72.0,74.8,69.9,71.5,3117,2093,-240,0,-15,2.37,97.62,100.0
2026-06-11,5230,雷笛克光學,17.3,17.65,17.3,17.6,176,37,45,0,0,1.68,98.31,100.0
2026-06-11,5234,達興材料,383.5,388.5,368.5,381.0,452,208,-104,5,-18,9.84,90.15,100.0
2026-06-11,5236,凌陽創新,152.0,154.5,150.0,154.5,255,73,-8,0,-5,5.8,94.19,100.0
2026-06-11,5240,建騰,24.26,25.25,24.05,24.05,2,0,0,0,0,0.0,0.0,0.0
2026-06-11,5243,乙盛-KY,109.5,114.0,106.0,109.5,3638,2009,352,0,-25,55.37,44.62,100.0
2026-06-11,5244,弘凱,36.6,37.2,36.4,36.8,143,29,-6,0,0,1.85,98.14,100.0
2026-06-11,5245,智晶,26.4,26.5,25.5,26.0,233,16,5,0,0,3.37,96.62,100.0
2026-06-11,5246,勵威,200.5,204.5,180.5,190.0,696,0,0,0,0,0.0,0.0,0.0
2026-06-11,5248,景傳,38.9,39.05,35.0,37.0,202,0,12,0,0,0.0,0.0,0.0
2026-06-11,5251,天鉞電,29.9,30.2,28.8,30.0,172,94,7,0,0,26.36,73.63,100.0
2026-06-11,5254,欣訊科技,43.95,43.85,40.1,42.0,74,0,-13,0,0,0.0,0.0,0.0
2026-06-11,5258,虹堡,49.95,51.4,49.6,50.6,1000,391,222,0,2,5.07,94.92,100.0
2026-06-11,5259,奕智博,11.15,11.4,11.0,11.3,26,0,0,0,0,0.0,0.0,0.0
2026-06-11,5262,立達,47.81,48.1,45.25,45.8,126,0,-19,0,0,0.0,0.0,0.0
2026-06-11,5263,智崴,102.0,104.0,101.5,102.0,143,26,-2,0,0,13.47,86.52,100.0
2026-06-11,5264,鎧勝-KY,105.0,106.5,100.5,101.0,2992,0,0,0,0,0.0,0.0,0.0
2026-06-11,5267,龍翩,57.06,57.0,50.8,52.9,187,0,-47,0,0,0.0,0.0,0.0
2026-06-11,5269,祥碩,1310.0,1345.0,1275.0,1330.0,1232,550,64,1,3,7.2,92.79,100.0
2026-06-11,5271,紘通,16.31,16.6,14.85,15.4,807,0,-21,0,0,0.0,0.0,0.0
2026-06-11,5272,笙科,20.25,20.75,20.0,20.35,286,78,37,0,0,3.49,96.5,100.0
2026-06-11,5274,信驊,17240.0,17695.0,16440.0,17600.0,310,123,74,-26,1,53.68,46.31,100.0
2026-06-11,5276,達輝-KY,18.15,18.15,18.15,18.15,1,0,-1,0,0,77.03,22.96,100.0
2026-06-11,5278,尚凡,23.7,24.8,23.7,24.5,615,61,114,0,-1,0.73,99.26,100.0
2026-06-11,5278,尚凡*,23.7,24.8,23.7,24.5,615,61,114,0,-1,0.73,99.26,100.0
2026-06-11,5283,禾聯碩,51.5,52.0,51.3,52.0,164,11,-40,0,1,1.36,98.63,100.0
2026-06-11,5284,jpp-KY,363.0,366.5,340.0,358.5,1186,480,65,0,-22,51.99,48.0,100.0
2026-06-11,5285,界霖,84.0,88.7,83.4,86.8,2168,1024,398,20,-16,6.8,93.19,100.0
2026-06-11,5287,數字,145.5,146.5,145.0,146.5,54,3,6,0,0,16.08,83.91,100.0
2026-06-11,5288,豐祥-KY,189.0,192.0,184.0,191.0,916,274,45,0,6,59.83,40.16,100.0
2026-06-11,5289,宜鼎,1780.0,1815.0,1665.0,1710.0,5245,2916,-637,0,-8,24.34,75.65,100.0
2026-06-11,5291,邑昇,65.0,69.0,63.6,64.2,712,380,31,0,2,4.51,95.48,100.0
2026-06-11,5292,華懋,207.0,211.5,202.5,209.0,211,79,8,0,3,6.16,93.83,100.0
2026-06-11,5297,廣化,83.93,81.0,68.8,71.3,2126,0,98,0,0,0.0,0.0,0.0
2026-06-11,5299,杰力,100.5,102.0,98.3,100.5,352,159,23,0,0,2.43,97.56,100.0
2026-06-11,5301,寶得利,6.9,6.9,6.81,6.81,6,0,0,0,0,2.1,97.89,100.0
2026-06-11,5302,太欣,11.0,11.2,10.6,11.0,482,0,53,0,0,1.67,98.32,100.0
2026-06-11,5305,敦南,41.3,42.75,40.85,42.2,7202,0,0,0,0,0.0,0.0,0.0
2026-06-11,5306,桂盟,84.5,85.5,83.8,85.2,201,44,-58,0,0,12.65,87.34,100.0
2026-06-11,5309,系統電,66.6,68.0,64.6,66.6,7020,3092,427,28,-258,9.22,90.77,100.0
2026-06-11,5310,天剛,25.0,25.0,24.4,24.4,4,0,0,0,0,0.04,99.95,100.0
2026-06-11,5312,寶島科,95.6,95.6,94.5,95.3,40,6,-1,0,0,7.85,92.14,100.0
2026-06-11,5314,世紀*,59.8,60.3,58.2,58.4,1961,905,77,0,-5,12.43,87.56,100.0
2026-06-11,5315,光聯,22.1,22.15,21.8,22.05,302,38,-118,0,0,9.31,90.68,100.0
2026-06-11,5321,美而快,37.95,38.5,37.0,37.0,237,0,2,0,-5,1.76,98.23,100.0
2026-06-11,5324,士開,11.9,12.3,11.9,12.1,405,0,88,0,0,5.48,94.51,100.0
2026-06-11,5328,華容,46.05,46.9,41.5,43.2,69279,48731,-1980,0,4,8.11,91.88,100.0
2026-06-11,5340,建榮,85.5,87.0,80.6,85.8,2141,617,712,0,0,50.6,49.39,100.0
2026-06-11,5344,立衛,15.45,15.5,15.3,15.4,37,0,-5,0,0,0.14,99.85,100.0
2026-06-11,5345,天揚,32.5,35.35,32.15,35.35,709,0,-88,0,-55,0.04,99.95,100.0
2026-06-11,5345,馥鴻,32.5,35.35,32.15,35.35,709,0,-88,0,-55,0.04,99.95,100.0
2026-06-11,5347,世界,153.0,161.5,151.5,161.5,35275,13465,12035,-2359,-416,31.9,68.09,100.0
2026-06-11,5348,正能量智能,16.45,16.45,16.45,16.45,3,0,0,0,0,0.02,99.97,100.0
2026-06-11,5351,鈺創,87.5,88.5,81.8,84.3,29482,18382,-5533,10,-5,22.53,77.46,100.0
2026-06-11,5353,台林,33.4,33.65,32.4,32.85,393,144,7,0,13,0.54,99.45,100.0
2026-06-11,5355,佳總,6.8,6.8,6.5,6.69,52,0,-6,0,0,0.17,99.82,100.0
2026-06-11,5356,協益,28.35,28.4,27.75,28.3,277,56,-15,0,0,3.37,96.62,100.0
2026-06-11,5364,力麗店,8.6,8.61,8.48,8.58,48,7,-13,0,0,0.65,99.34,100.0
2026-06-11,5371,中光電,67.5,68.5,66.5,67.7,3049,1078,-693,0,-95,7.32,92.67,100.0
2026-06-11,5381,光譜,32.05,32.05,30.65,30.65,5644,1345,-634,0,0,0.62,99.37,100.0
2026-06-11,5386,青雲,480.5,504.0,466.5,483.0,2192,1374,-15,0,-7,4.07,95.92,100.0
2026-06-11,5388,中磊,84.8,87.1,84.3,86.1,4503,1366,1856,0,46,19.7,80.29,100.0
2026-06-11,5392,能率,42.8,42.85,41.0,42.25,1658,753,-178,0,0,3.96,96.03,100.0
2026-06-11,5398,慕康生醫,18.1,18.1,17.6,17.6,27,4,-2,0,0,5.56,94.43,100.0
2026-06-11,5403,中菲,93.1,93.1,92.2,93.0,78,7,-8,0,0,6.21,93.78,100.0
2026-06-11,5410,國眾,42.4,44.15,42.35,44.15,6528,1531,1703,0,-67,12.18,87.81,100.0
2026-06-11,5425,台半,89.4,92.5,86.7,91.9,19331,11621,-169,0,-156,17.59,82.4,100.0
2026-06-11,5426,振發,33.7,33.7,29.3,32.45,2581,0,54,0,5,2.86,97.13,100.0
2026-06-11,5432,新門,145.0,146.0,137.0,138.5,487,160,-118,0,0,0.58,99.41,100.0
2026-06-11,5434,崇越,454.0,456.5,434.5,453.0,925,278,193,0,5,31.51,68.48,100.0
2026-06-11,5438,東友,18.7,18.9,18.65,18.65,68,7,0,0,0,1.14,98.85,100.0
2026-06-11,5439,高技,362.0,366.0,331.5,346.0,3371,1758,-103,-246,-59,19.05,80.94,100.0
2026-06-11,5443,均豪,99.4,101.5,96.2,100.5,3211,1648,33,0,-59,7.8,92.19,100.0
2026-06-11,5450,寶聯通,14.6,14.6,14.0,14.35,127,41,-3,0,0,0.1,99.89,100.0
2026-06-11,5450,南良,14.6,14.6,14.0,14.35,127,41,-3,0,0,0.1,99.89,100.0
2026-06-11,5452,佶優,31.0,31.5,30.2,30.75,1609,571,-291,0,-20,10.05,89.94,100.0
2026-06-11,5455,昇益,25.4,27.0,25.3,26.75,117,97,-3,0,0,0.1,99.89,100.0
2026-06-11,5457,宣德,30.0,32.4,29.2,32.35,1643,535,222,0,-3,28.14,71.85,100.0
2026-06-11,5460,同協,15.0,15.0,14.65,14.65,42,4,-14,0,0,0.34,99.65,100.0
2026-06-11,5464,霖宏,64.2,73.8,64.2,69.9,1306,617,64,0,0,3.32,96.67,100.0
2026-06-11,5465,富驊,26.05,26.05,25.2,25.6,152,19,-6,0,0,1.03,98.96,100.0
2026-06-11,5468,凱鈺,19.8,19.8,19.8,19.8,472,0,0,0,0,0.17,99.82,100.0
2026-06-11,5469,瀚宇博,81.5,82.1,77.7,80.6,2506,1310,-79,0,-21,11.18,88.81,100.0
2026-06-11,5471,松翰,48.0,52.7,48.0,51.7,3993,1428,601,-9,608,10.89,89.1,100.0
2026-06-11,5474,聰泰,175.5,179.5,174.0,176.5,712,336,-23,0,-10,2.48,97.51,100.0
2026-06-11,5475,德宏,245.0,245.0,220.5,238.0,3135,0,807,0,-33,9.87,90.12,100.0
2026-06-11,5478,智冠,106.0,107.0,103.0,103.5,724,97,64,0,-6,18.23,81.76,100.0
2026-06-11,5481,新華,19.6,19.75,19.2,19.5,177,6,7,0,0,25.84,74.15,100.0
2026-06-11,5483,中美晶,142.0,148.0,140.5,145.0,6946,3574,-121,14,-6,23.16,76.83,100.0
2026-06-11,5484,慧友,49.1,50.5,48.0,49.7,783,0,64,0,-13,1.83,98.16,100.0
2026-06-11,5487,通泰,28.35,28.75,27.25,28.1,259,218,-5,0,0,0.57,99.42,100.0
2026-06-11,5488,松普,12.0,12.2,11.7,12.0,585,148,17,0,0,1.65,98.34,100.0
2026-06-11,5489,彩富,39.05,40.0,39.0,39.45,30,8,0,0,-4,0.62,99.37,100.0
2026-06-11,5490,同亨,28.6,28.65,27.9,28.25,510,161,5,0,-17,6.88,93.11,100.0
2026-06-11,5493,三聯,100.5,100.5,92.3,92.6,782,326,-95,0,0,3.27,96.72,100.0
2026-06-11,5498,凱崴,64.5,66.7,61.2,66.7,11747,5334,1214,0,52,3.8,96.19,100.0
2026-06-11,5508,永信建,58.6,59.2,53.4,54.9,5918,3024,-757,0,-49,3.18,96.81,100.0
2026-06-11,5511,德昌,75.0,76.4,73.6,76.0,541,104,16,0,-3,4.5,95.49,100.0
2026-06-11,5512,力麒,8.03,8.04,7.79,7.85,1746,339,-184,0,0,5.03,94.96,100.0
2026-06-11,5514,三豐,13.65,13.9,13.65,13.9,4,3,-1,0,0,0.03,99.96,100.0
2026-06-11,5515,建國,43.8,44.3,42.55,43.5,1228,465,-6,0,-27,12.61,87.38,100.0
2026-06-11,5516,雙喜,11.0,11.0,10.65,10.95,101,0,0,0,0,0.11,99.88,100.0
2026-06-11,5519,隆大,33.85,34.1,33.35,33.85,936,243,136,0,4,4.38,95.61,100.0
2026-06-11,5520,力泰,82.0,82.5,82.0,82.5,6,0,-1,0,0,0.03,99.96,100.0
2026-06-11,5521,工信,11.5,11.55,10.2,10.25,18722,5801,-6100,0,7,6.73,93.26,100.0
2026-06-11,5522,遠雄,83.8,83.9,77.8,80.0,3510,1589,197,0,301,4.85,95.14,100.0
2026-06-11,5523,豐謙,30.4,30.4,30.4,30.4,5,0,-1,0,0,0.12,99.87,100.0
2026-06-11,5525,順天,22.5,22.5,21.6,22.1,167,50,-12,0,12,1.68,98.31,100.0
2026-06-11,5529,鉅陞,23.2,23.65,22.9,23.5,157,49,-42,0,0,0.78,99.21,100.0
2026-06-11,5530,龍巖,48.9,49.45,48.25,49.15,599,197,-103,0,4,53.94,46.05,100.0
2026-06-11,5531,鄉林,8.55,8.56,8.12,8.17,1129,463,90,0,15,2.51,97.48,100.0
2026-06-11,5533,皇鼎,14.3,14.3,13.95,14.0,140,15,17,0,1,2.74,97.25,100.0
2026-06-11,5534,長虹,83.9,84.8,81.0,82.0,4890,1832,1252,0,-46,9.52,90.47,100.0
2026-06-11,5536,聖暉*,1110.0,1125.0,1040.0,1075.0,928,424,130,10,-12,39.47,60.52,100.0
2026-06-11,5538,東明-KY,31.9,31.9,31.35,31.9,26,7,3,0,1,63.8,36.19,100.0
2026-06-11,5543,桓鼎-KY,29.7,29.8,28.9,29.6,29,0,-3,0,0,0.01,99.98,100.0
2026-06-11,5546,永固-KY,16.35,17.0,16.3,17.0,30,10,12,0,-2,53.8,46.19,100.0
2026-06-11,5547,久舜,21.8,21.8,21.7,21.8,23,0,0,0,0,0.15,99.84,100.0
2026-06-11,5548,安倉,23.5,23.55,23.35,23.45,26,6,-1,0,0,0.26,99.73,100.0
2026-06-11,5601,台聯櫃,31.55,31.55,31.55,31.55,1,0,0,0,0,4.44,95.55,100.0
2026-06-11,5603,陸海,15.25,15.45,15.2,15.2,79,8,-13,0,0,5.14,94.85,100.0
2026-06-11,5604,中連貨,30.8,31.3,30.8,30.8,18,2,0,0,0,3.06,96.93,100.0
2026-06-11,5604,中連,30.8,31.3,30.8,30.8,18,2,0,0,0,3.06,96.93,100.0
2026-06-11,5607,遠雄港,54.3,54.5,51.9,52.6,1448,589,-43,0,4,3.75,96.24,100.0
2026-06-11,5608,四維航,14.8,14.9,14.55,14.9,1062,261,197,0,-18,5.08,42.41,47.5
2026-06-11,5609,中菲行,83.6,83.8,82.2,82.9,286,59,-24,0,9,14.55,85.44,100.0
2026-06-11,5701,劍湖山,4.5,4.5,4.49,4.49,934,0,1,0,0,0.05,99.94,100.0
2026-06-11,5703,亞都,13.6,14.1,13.6,14.1,8,0,0,0,0,6.62,93.37,100.0
2026-06-11,5704,老爺知,21.1,21.55,21.1,21.35,23,1,-12,0,0,0.18,99.81,100.0
2026-06-11,5706,鳳凰,52.6,52.7,52.0,52.2,297,54,43,0,2,2.24,97.75,100.0
2026-06-11,5859,遠壽,13.56,13.75,13.55,13.75,8,0,0,0,0,0.0,0.0,0.0
2026-06-11,5863,瑞興銀,10.93,11.35,10.85,11.35,9,0,0,0,0,0.0,0.0,0.0
2026-06-11,5864,致和證,43.0,43.95,42.15,43.0,7218,2830,-1272,0,0,5.22,94.77,100.0
2026-06-11,5871,中租-KY,118.0,123.0,117.5,123.0,20793,5445,-2196,7644,-89,43.62,56.37,100.0
2026-06-11,5876,上海商銀,42.0,42.0,41.45,42.0,13647,4530,713,171,284,53.87,46.12,100.0
2026-06-11,5878,台名,39.1,39.1,39.1,39.1,7,0,3,0,0,0.57,99.42,100.0
2026-06-11,5880,合庫金,23.9,23.9,23.6,23.85,23269,6026,-1433,101,1544,15.41,84.58,100.0
2026-06-11,5902,德記,36.05,36.05,35.6,36.0,19,1,-5,0,0,1.17,98.82,100.0
2026-06-11,5903,全家,189.0,189.0,188.5,189.0,28,1,3,0,0,50.93,49.06,100.0
2026-06-11,5904,寶雅,615.0,625.0,610.0,625.0,741,224,52,32,68,29.82,70.17,100.0
2026-06-11,5905,南仁湖,8.29,8.55,8.09,8.12,1227,0,-222,0,0,1.7,98.29,100.0
2026-06-11,5906,台南-KY,0.0,0.0,0.0,0.0,0,0,0,0,0,19.42,80.57,100.0
2026-06-11,5907,大洋-KY,5.05,5.16,4.99,5.01,362,98,51,0,1,52.25,47.74,100.0
2026-06-11,6005,群益證,37.35,38.55,36.85,38.3,24467,8280,5618,-4214,0,17.58,82.41,100.0
2026-06-11,6015,宏遠證,17.75,18.05,17.3,17.85,5262,2285,-303,0,0,8.43,91.56,100.0
2026-06-11,6016,康和證,27.0,27.55,26.3,27.1,12999,4835,708,0,0,7.76,92.23,100.0
2026-06-11,6020,大展證,21.5,22.2,21.3,21.9,132,4,6,0,0,0.04,99.95,100.0
2026-06-11,6021,美好證,38.75,39.35,38.05,38.75,466,147,31,0,0,7.54,92.45,100.0
2026-06-11,6023,元大期,99.3,99.4,98.0,99.0,174,29,-13,0,0,2.16,97.83,100.0
2026-06-11,6024,群益期,60.6,60.9,59.5,60.4,647,152,137,0,1,4.44,95.55,100.0
2026-06-11,6026,福邦證,16.5,16.65,16.25,16.55,4582,1567,134,0,0,7.77,92.22,100.0
2026-06-11,6027,德信,11.75,11.95,10.75,11.35,85,0,3,0,0,0.0,0.0,0.0
2026-06-11,6028,公勝保經,78.8,78.8,78.6,78.6,5,0,-1,0,0,0.64,99.35,100.0
2026-06-11,6035,悠遊卡,52.12,52.6,50.1,52.6,7,0,0,0,0,0.0,0.0,0.0
2026-06-11,6101,寬魚國際,39.3,39.85,38.65,39.25,177,20,-4,0,-18,0.35,99.64,100.0
2026-06-11,6103,合邦,0.0,0.0,0.0,0.0,0,0,0,0,0,0.68,99.31,100.0
2026-06-11,6104,創惟,101.0,103.0,96.7,98.6,2552,975,-908,0,-57,12.36,87.63,100.0
2026-06-11,6108,競國,18.25,18.4,18.0,18.25,1330,277,92,0,1,3.73,96.26,100.0
2026-06-11,6109,亞元,11.1,11.2,10.95,11.2,117,0,8,0,0,1.96,98.03,100.0
2026-06-11,6111,光聚晶電,44.0,44.45,42.9,44.0,224,70,-64,0,0,10.79,89.2,100.0
2026-06-11,6112,邁達特,47.6,47.6,46.0,46.6,1034,363,-129,0,-10,1.33,98.66,100.0
2026-06-11,6113,亞矽,27.0,28.5,26.35,27.15,1272,538,-289,0,95,2.85,97.14,100.0
2026-06-11,6114,久威,29.35,29.5,28.85,29.2,24,2,-2,0,0,0.77,99.22,100.0
2026-06-11,6115,鎰勝,48.4,48.4,47.7,48.4,298,41,59,0,3,5.66,94.33,100.0
2026-06-11,6116,彩晶,14.25,14.25,13.1,14.2,33646,0,7629,0,510,8.28,91.71,100.0
2026-06-11,6117,迎廣,76.5,77.8,74.5,75.6,791,216,-86,0,4,1.82,98.17,100.0
2026-06-11,6118,建達,16.85,17.1,16.5,16.7,320,88,-153,0,0,1.29,98.7,100.0
2026-06-11,6120,達運,13.5,13.55,12.95,13.35,4179,2016,96,18,-481,9.13,90.86,100.0
2026-06-11,6121,新普,400.0,413.0,400.0,411.0,1086,202,607,-479,-1,40.35,59.64,100.0
2026-06-11,6122,擎邦,46.7,46.75,45.85,46.15,477,39,-176,0,0,4.72,95.27,100.0
2026-06-11,6123,上奇,46.25,46.8,44.95,46.15,123,24,11,0,0,2.53,97.46,100.0
2026-06-11,6124,業強,30.2,31.05,29.8,30.35,68,17,-18,0,0,50.97,49.02,100.0
2026-06-11,6125,廣運,60.3,60.7,58.4,59.9,1789,752,-429,0,-3,9.23,90.76,100.0
2026-06-11,6126,信音,39.6,42.45,39.1,41.55,11678,5278,1407,0,288,6.5,93.49,100.0
2026-06-11,6127,九豪,78.0,81.0,76.4,79.0,58529,46742,-4329,0,-144,8.42,91.57,100.0
2026-06-11,6128,上福,20.4,20.4,20.05,20.3,275,30,-75,0,1,4.33,95.66,100.0
2026-06-11,6129,普誠,15.05,15.25,14.7,15.0,703,0,-62,0,-63,2.07,97.92,100.0
2026-06-11,6130,上亞科技,24.25,25.0,23.5,25.0,165,48,-35,0,0,0.4,99.59,100.0
2026-06-11,6131,鈞泰,18.9,19.05,18.75,18.9,1151,0,0,0,0,0.0,0.0,0.0
2026-06-11,6133,金橋,22.6,23.1,22.25,22.75,767,300,71,0,1,2.65,97.34,100.0
2026-06-11,6134,萬旭,34.2,36.3,32.4,35.45,2251,1288,-392,0,-2,26.64,73.35,100.0
2026-06-11,6136,富爾特,25.3,25.5,24.85,25.0,418,54,-120,0,3,3.48,96.51,100.0
2026-06-11,6138,茂達,290.0,295.5,283.5,292.0,742,273,248,-160,-20,17.74,82.25,100.0
2026-06-11,6139,亞翔,744.0,767.0,708.0,732.0,4400,2604,-948,-34,35,29.08,70.91,100.0
2026-06-11,6140,訊達,22.1,22.65,21.6,22.25,229,0,24,0,0,1.46,98.53,100.0
2026-06-11,6141,柏承,32.6,32.6,30.0,31.6,1880,0,581,0,0,3.65,96.34,100.0
2026-06-11,6142,友勁,8.16,8.3,8.11,8.28,274,0,-41,0,1,2.6,97.39,100.0
2026-06-11,6143,振曜,88.7,89.9,87.9,88.7,687,178,-23,0,-4,9.98,90.01,100.0
2026-06-11,6144,得利影,14.7,14.7,14.7,14.7,2,0,0,0,0,33.4,66.59,100.0
2026-06-11,6145,勁永,12.35,12.35,12.2,12.25,715,0,0,0,0,0.0,0.0,0.0
2026-06-11,6146,耕興,203.0,203.5,192.5,195.5,1254,245,323,0,-18,30.0,69.99,100.0
2026-06-11,6147,頎邦,224.0,228.5,208.5,222.5,57165,29396,10669,-3573,-764,25.6,74.39,100.0
2026-06-11,6148,驊宏資,34.5,36.65,33.65,35.05,1920,1125,-327,0,0,1.43,98.56,100.0
2026-06-11,6150,撼訊,62.3,62.7,60.5,61.8,394,156,-1,0,-1,2.31,97.68,100.0
2026-06-11,6151,晉倫,39.7,42.0,39.7,41.85,916,254,265,0,-16,6.07,93.92,100.0
2026-06-11,6152,百一,14.75,14.85,14.3,14.7,1193,0,-371,0,-7,1.62,98.37,100.0
2026-06-11,6153,嘉聯益,21.1,21.1,19.9,20.3,15778,8540,-1301,0,-37,12.3,87.69,100.0
2026-06-11,6154,順發,13.9,14.0,13.8,14.0,45,1,4,0,0,0.76,99.23,100.0
2026-06-11,6155,鈞寶,79.6,84.1,76.3,84.1,27732,19868,2343,0,11,13.13,86.86,100.0
2026-06-11,6156,松上,20.0,20.45,19.85,20.45,4374,2000,426,0,40,5.64,94.35,100.0
2026-06-11,6158,禾昌,17.65,17.75,17.3,17.75,134,19,-26,0,0,0.82,99.17,100.0
2026-06-11,6160,欣技,16.4,17.0,16.25,16.5,95,0,-7,0,0,2.34,97.65,100.0
2026-06-11,6161,捷波,54.4,54.9,52.9,53.9,607,215,-14,0,4,3.49,96.5,100.0
2026-06-11,6163,華電網,50.0,51.0,48.5,49.85,1340,544,-140,0,-12,3.07,96.92,100.0
2026-06-11,6164,華興,12.3,12.4,11.9,12.2,754,248,-149,0,0,6.16,93.83,100.0
2026-06-11,6165,浪凡,48.85,49.0,48.0,48.4,357,70,-159,0,0,17.8,82.19,100.0
2026-06-11,6166,凌華,125.0,131.0,120.0,128.0,3348,1661,57,0,-20,21.09,78.9,100.0
2026-06-11,6167,久正,11.55,11.6,11.2,11.4,347,106,-31,0,0,4.68,95.31,100.0
2026-06-11,6168,宏齊,24.0,24.25,23.25,24.1,1335,467,-182,0,6,2.71,97.28,100.0
2026-06-11,6169,昱泉,15.45,17.0,15.1,16.0,283,0,-8,0,-1,0.25,99.74,100.0
2026-06-11,6170,統振,52.0,52.1,51.0,51.7,460,43,115,0,0,3.62,96.37,100.0
2026-06-11,6171,大城地產,24.0,24.8,23.8,24.0,25,11,-1,0,0,0.19,99.8,100.0
2026-06-11,6172,互億,10.05,10.55,10.05,10.35,11,0,0,0,0,0.0,0.0,0.0
2026-06-11,6173,信昌電,249.0,251.5,209.0,251.5,38970,26229,-2563,729,-1421,16.16,83.83,100.0
2026-06-11,6174,安碁,47.0,51.7,46.6,51.7,8267,3698,1879,0,12,8.4,91.59,100.0
2026-06-11,6175,立敦,101.5,106.0,96.6,103.0,19962,14403,-940,0,-92,21.96,78.03,100.0
2026-06-11,6176,瑞儀,88.6,91.7,88.1,91.7,10568,2405,4870,-5378,307,30.2,69.79,100.0
2026-06-11,6177,達麗,47.8,47.9,46.45,47.4,4254,1701,644,0,17,7.12,92.87,100.0
2026-06-11,6179,亞通,23.9,23.95,22.95,23.35,1031,276,-108,0,-47,4.83,95.16,100.0
2026-06-11,6180,橘子,49.0,51.0,45.0,45.25,4978,2345,-787,0,-5,22.65,77.34,100.0
2026-06-11,6182,合晶,79.5,80.9,71.7,80.9,11062,0,2055,0,473,22.82,77.17,100.0
2026-06-11,6183,關貿,88.6,88.7,88.0,88.7,46,6,7,0,1,1.02,98.97,100.0
2026-06-11,6184,大豐電,46.15,46.6,46.1,46.6,42,3,13,0,1,2.8,16.19,19.0
2026-06-11,6185,幃翔,14.2,14.3,13.95,14.0,243,26,-1,0,0,1.89,98.1,100.0
2026-06-11,6186,新潤,42.25,42.35,40.3,41.0,1750,482,-555,0,-3,2.7,97.29,100.0
2026-06-11,6187,萬潤,1065.0,1120.0,1000.0,1030.0,2661,1489,-16,123,0,27.57,72.42,100.0
2026-06-11,6188,廣明,79.3,79.9,76.9,78.5,1660,431,-279,0,-20,9.53,90.46,100.0
2026-06-11,6189,豐藝,52.2,53.2,51.7,52.3,1627,518,146,0,166,7.39,92.6,100.0
2026-06-11,6190,萬泰科,80.7,82.5,77.6,79.0,4594,2506,-331,0,-99,11.81,88.18,100.0
2026-06-11,6191,精成科,91.4,93.7,90.0,92.0,4565,1850,-398,1,-68,4.26,95.73,100.0
2026-06-11,6192,巨路,122.5,122.5,116.5,117.5,1507,213,-847,0,-10,24.84,75.15,100.0
2026-06-11,6194,育富,32.25,32.5,32.15,32.5,18,0,-2,0,0,2.39,97.6,100.0
2026-06-11,6195,詩肯,27.15,27.5,27.1,27.5,87,9,13,0,0,45.08,54.91,100.0
2026-06-11,6196,帆宣,508.0,521.0,485.5,504.0,2485,1358,-374,12,-10,17.16,82.83,100.0
2026-06-11,6197,佳必琪,328.0,333.0,304.0,317.5,7438,4353,-400,1,-123,6.83,93.16,100.0
2026-06-11,6198,瑞築,20.6,20.6,20.6,20.6,2,0,0,0,0,0.04,99.95,100.0
2026-06-11,6199,天品,95.2,97.4,94.5,96.5,563,128,20,0,2,5.42,94.57,100.0
2026-06-11,6201,亞弘電,47.0,47.0,46.0,47.0,78,22,1,0,0,1.14,98.85,100.0
2026-06-11,6202,盛群,50.0,55.2,50.0,54.0,3991,1977,238,17,10,11.34,88.65,100.0
2026-06-11,6203,海韻電,66.6,67.8,66.0,67.1,258,44,-9,8,-1,3.11,96.88,100.0
2026-06-11,6204,艾華,113.0,114.5,105.0,105.0,1172,574,-53,0,0,2.71,97.28,100.0
2026-06-11,6205,詮欣,75.2,79.1,74.5,78.7,1680,781,277,0,2,1.46,98.53,100.0
2026-06-11,6206,飛捷,130.0,132.5,126.5,132.0,2359,1004,428,0,-29,15.73,84.26,100.0
2026-06-11,6207,雷科,134.5,135.0,121.5,125.0,24391,14029,-323,0,-379,8.23,91.76,100.0
2026-06-11,6208,日揚,78.5,79.7,76.6,79.0,451,144,64,0,0,2.56,97.43,100.0
2026-06-11,6209,今國光,80.8,82.0,77.0,79.3,16930,10740,-1932,0,-90,6.11,93.88,100.0
2026-06-11,6210,慶生,21.3,21.3,20.7,20.9,21,0,1,0,0,0.23,99.76,100.0
2026-06-11,6212,理銘,28.35,28.35,27.55,28.05,14,5,0,0,0,0.47,99.52,100.0
2026-06-11,6213,聯茂,252.5,260.0,236.5,248.0,10874,6762,-1419,0,-101,12.24,87.72,100.0
2026-06-11,6214,精誠,144.5,144.5,139.0,142.0,1649,662,-55,0,11,14.01,85.98,100.0
2026-06-11,6215,和椿,107.5,110.0,105.0,107.0,1367,502,78,0,-53,6.5,93.49,100.0
2026-06-11,6216,居易,22.4,22.6,22.2,22.4,298,82,32,0,2,3.1,96.89,100.0
2026-06-11,6217,中探針,228.0,234.5,215.0,228.0,6024,3090,168,0,0,18.28,81.71,100.0
2026-06-11,6218,豪勉,32.5,32.9,30.75,31.6,612,213,77,0,0,0.96,99.03,100.0
2026-06-11,6219,富旺,13.7,13.7,12.5,12.55,1200,321,-99,0,0,2.17,97.82,100.0
2026-06-11,6220,岳豐,35.0,37.0,34.1,34.5,1080,436,-103,0,22,4.03,95.96,100.0
2026-06-11,6221,晉泰,23.8,24.15,23.25,23.6,66,9,-5,0,0,1.27,98.72,100.0
2026-06-11,6222,立軒,20.4,20.4,20.0,20.2,18,3,-1,0,0,0.11,99.88,100.0
2026-06-11,6223,旺矽,5915.0,6150.0,5680.0,6090.0,1603,761,65,113,-19,29.67,70.32,100.0
2026-06-11,6224,聚鼎,79.2,81.2,74.8,76.3,2544,1287,374,0,1,5.31,94.68,100.0
2026-06-11,6225,天瀚,21.7,23.1,21.7,23.1,43,0,0,0,0,0.06,99.93,100.0
2026-06-11,6226,光鼎,12.3,12.35,11.45,11.9,2700,971,-127,0,19,4.43,95.56,100.0
2026-06-11,6227,茂綸,124.5,130.5,122.5,130.5,1108,390,260,0,1,6.49,93.5,100.0
2026-06-11,6228,全譜,21.05,21.6,21.0,21.6,15,0,0,0,0,0.18,99.81,100.0
2026-06-11,6229,研通,26.0,26.9,25.45,26.2,280,74,31,0,0,1.52,98.47,100.0
2026-06-11,6230,尼得科超眾,130.5,131.5,127.0,131.5,101,35,-4,0,2,86.98,13.01,100.0
2026-06-11,6231,系微,279.0,280.5,260.0,266.5,766,312,-7,0,-58,13.82,86.17,100.0
2026-06-11,6233,旺玖,23.05,23.55,22.3,23.1,410,123,-46,0,0,6.03,93.96,100.0
2026-06-11,6234,高僑,47.3,47.3,43.4,43.9,1366,555,-112,0,-4,9.97,90.02,100.0
2026-06-11,6235,華孚,41.0,41.0,39.55,40.2,925,263,-297,0,-2,3.54,96.45,100.0
2026-06-11,6236,中湛,0.0,0.0,0.0,0.0,0,0,0,0,0,0.02,99.97,100.0
2026-06-11,6237,驊訊,43.8,44.55,42.0,43.35,639,253,71,0,-22,5.45,94.54,100.0
2026-06-11,6239,力成,309.5,333.0,301.0,333.0,17419,0,3409,-4659,1063,38.85,61.14,100.0
2026-06-11,6240,松崗,17.65,18.4,17.65,18.05,11,2,-1,0,0,0.24,99.75,100.0
2026-06-11,6241,鑫永洋,11.5,12.65,11.5,12.65,623,0,59,0,1,0.23,99.76,100.0
2026-06-11,6242,立康,38.6,38.6,38.0,38.0,12,0,0,0,0,0.49,99.5,100.0
2026-06-11,6243,迅杰,30.1,30.25,29.0,30.15,249,79,-11,0,0,1.93,98.06,100.0
2026-06-11,6244,茂迪,29.8,31.8,29.1,31.25,36272,19637,6243,0,147,21.71,78.28,100.0
2026-06-11,6245,立端,83.4,84.1,80.9,82.4,1134,401,-139,0,-53,9.77,90.22,100.0
2026-06-11,6246,臺龍,15.3,15.75,15.2,15.25,44,7,-5,0,0,0.19,99.8,100.0
2026-06-11,6248,沛波,18.35,18.35,18.1,18.2,178,1,-66,0,0,0.82,99.17,100.0
2026-06-11,6251,定穎,11.9,11.95,11.85,11.95,554,0,0,0,0,0.0,0.0,0.0
2026-06-11,6257,矽格,203.5,208.0,195.5,205.5,5998,3210,-573,4,-45,28.58,71.41,100.0
2026-06-11,6259,百徽,27.05,29.75,27.05,29.75,4599,2319,-65,0,-19,40.52,59.47,100.0
2026-06-11,6261,久元,94.0,96.2,89.4,94.5,3023,1018,1449,0,-191,9.49,90.5,100.0
2026-06-11,6263,普萊德,161.0,161.5,156.0,156.0,377,124,-47,0,0,1.5,98.49,100.0
2026-06-11,6264,富裔,6.1,6.16,6.05,6.1,42,0,-5,0,0,0.03,99.96,100.0
2026-06-11,6265,方土昶,57.6,59.7,55.1,57.7,11904,7243,-1321,0,7,7.78,92.21,100.0
2026-06-11,6266,泰詠,25.4,25.5,25.15,25.35,612,17,-153,0,0,2.05,97.94,100.0
2026-06-11,6269,台郡,69.0,70.5,64.9,65.8,7467,3645,-880,0,-256,17.71,82.28,100.0
2026-06-11,6270,倍微,36.55,36.95,34.5,35.2,3982,1882,-69,0,0,6.83,93.16,100.0
2026-06-11,6271,同欣電,224.5,234.0,206.5,217.0,7830,2936,468,-90,33,33.35,66.64,100.0
2026-06-11,6272,驊陞,35.1,35.6,34.3,35.1,364,0,-3,0,1,2.49,97.5,100.0
2026-06-11,6274,台燿,1520.0,1555.0,1400.0,1475.0,8297,4354,1033,-539,-131,30.33,69.66,100.0
2026-06-11,6275,元山,47.0,47.45,46.0,46.85,383,94,-107,0,-2,2.04,97.95,100.0
2026-06-11,6276,安鈦克,23.55,26.4,23.55,25.3,37,0,2,0,0,1.62,98.37,100.0
2026-06-11,6277,宏正,73.5,73.5,71.5,73.2,279,66,36,0,2,9.23,90.76,100.0
2026-06-11,6278,台表科,190.0,196.0,186.5,192.0,13316,5754,2911,-2946,213,20.51,79.48,100.0
2026-06-11,6279,胡連,120.0,121.0,118.0,120.5,562,170,-50,0,-1,4.26,95.73,100.0
2026-06-11,6281,全國電,51.5,51.5,50.9,51.4,133,16,-62,0,0,2.4,97.59,100.0
2026-06-11,6282,康舒,58.9,59.5,55.2,57.2,49159,31401,-3210,57,-401,18.65,81.34,100.0
2026-06-11,6283,淳安,23.85,24.1,23.05,23.15,591,80,-160,0,0,18.56,81.43,100.0
2026-06-11,6284,佳邦,98.3,100.5,93.2,96.7,5710,3426,348,0,-111,10.51,89.48,100.0
2026-06-11,6285,啟碁,271.0,286.0,264.5,272.5,17629,10357,-1490,517,-56,23.95,76.04,100.0
2026-06-11,6289,華上,2.1,2.19,2.1,2.13,15,0,0,0,0,0.0,0.0,0.0
2026-06-11,6290,良維,290.0,298.5,277.0,296.5,6303,3131,-879,0,-174,17.81,82.18,100.0
2026-06-11,6291,沛亨,487.0,505.0,457.0,495.0,512,0,28,0,-6,3.44,96.55,100.0
2026-06-11,6292,迅德,59.4,59.7,57.3,58.9,235,63,-66,0,-18,1.34,98.65,100.0
2026-06-11,6294,智基,28.55,28.55,28.05,28.45,22,1,-8,0,0,0.67,99.32,100.0
2026-06-11,6405,悅城,71.0,73.0,64.1,73.0,611,0,0,0,-44,4.95,95.04,100.0
2026-06-11,6407,相互,29.95,30.1,28.8,29.3,766,0,-13,0,0,0.0,0.0,0.0
2026-06-11,6409,旭隼,855.0,874.0,838.0,846.0,977,412,24,0,0,53.19,46.8,100.0
2026-06-11,6411,晶焱,92.4,95.6,90.3,93.9,1066,575,-43,0,1,9.81,90.18,100.0
2026-06-11,6412,群電,87.0,91.5,86.8,91.4,4838,1266,2417,-2249,59,7.9,92.09,100.0
2026-06-11,6414,樺漢,391.0,400.5,385.0,395.0,2039,627,38,12,-16,36.54,63.45,100.0
2026-06-11,6415,矽力*-KY,471.5,492.0,456.5,481.0,7928,2659,1713,-798,0,81.13,18.86,100.0
2026-06-11,6416,瑞祺電通,81.4,82.4,79.9,81.8,200,62,-31,0,3,4.79,95.2,100.0
2026-06-11,6417,韋僑,132.5,132.5,127.5,132.5,88,37,14,0,-13,10.55,89.44,100.0
2026-06-11,6418,詠昇,31.05,32.25,30.65,31.85,151,29,3,0,0,2.83,97.16,100.0
2026-06-11,6419,京晨科,140.0,140.0,140.0,140.0,180,0,-5,0,0,9.37,90.62,100.0
2026-06-11,6422,君耀-KY,67.3,67.3,65.9,65.9,917,0,0,0,0,0.0,0.0,0.0
2026-06-11,6423,億而得-創,76.3,82.2,76.3,80.0,307,123,-69,0,0,4.53,95.46,100.0
2026-06-11,6423,億而得,76.3,82.2,76.3,80.0,307,123,-69,0,0,4.53,95.46,100.0
2026-06-11,6425,易發,79.0,79.0,73.9,74.7,781,261,-7,0,0,3.49,96.5,100.0
2026-06-11,6426,統新,203.0,208.0,189.5,195.5,1793,718,512,0,1,9.49,90.5,100.0
2026-06-11,6428,台灣淘米,14.18,15.35,14.15,14.2,44,0,0,0,0,0.0,0.0,0.0
2026-06-11,6431,光麗-KY,16.5,18.65,16.35,18.65,278,0,84,0,-1,56.52,43.47,100.0
2026-06-11,6432,今展科,77.3,78.2,70.8,72.9,5515,3312,-607,0,7,7.69,92.3,100.0
2026-06-11,6434,達輝光電,18.45,18.65,16.5,17.35,607,0,-17,0,0,0.0,0.0,0.0
2026-06-11,6435,大中,257.0,266.0,248.0,258.0,498,233,117,0,-1,14.04,85.95,100.0
2026-06-11,6438,迅得,145.0,146.5,140.0,144.0,801,302,30,-109,-14,6.0,93.99,100.0
2026-06-11,6441,廣錠,23.95,23.95,23.0,23.1,94,19,-31,0,0,0.65,99.34,100.0
2026-06-11,6442,光聖,1960.0,1960.0,1705.0,1820.0,1547,0,-234,-9,2,32.92,67.07,100.0
2026-06-11,6443,元晶,41.15,41.85,38.1,40.0,49279,30655,-8005,0,333,13.26,86.73,100.0
2026-06-11,6446,藥華藥,988.0,988.0,923.0,934.0,4946,1985,-1172,0,-19,24.44,75.55,100.0
2026-06-11,6449,鈺邦,387.5,387.5,341.0,383.0,278,0,-33,0,2,5.95,94.04,100.0
2026-06-11,6451,訊芯-KY,545.0,545.0,499.5,499.5,7505,3127,1447,2,-10,68.85,31.14,100.0
2026-06-11,6452,康友-KY,387.0,408.0,387.0,394.0,570,0,0,0,0,0.0,0.0,0.0
2026-06-11,6456,GIS-KY,70.9,71.9,67.1,69.2,6937,3126,-237,0,-46,45.53,54.46,100.0
2026-06-11,6461,益得,15.95,16.0,15.4,15.65,95,0,-48,0,0,0.57,99.42,100.0
2026-06-11,6462,神盾,109.0,112.0,106.0,110.0,1343,601,-33,0,-3,20.29,79.7,100.0
2026-06-11,6464,台數科,77.8,78.0,77.6,78.0,18,6,7,0,0,0.8,19.18,19.99
2026-06-11,6465,威潤,51.0,55.4,50.0,55.4,976,215,225,0,0,2.54,97.45,100.0
2026-06-11,6467,泰合,120.73,120.5,116.0,119.5,96,0,0,0,0,0.0,0.0,0.0
2026-06-11,6469,大樹,75.5,80.4,74.8,76.9,2014,785,145,0,-1,5.62,94.37,100.0
2026-06-11,6470,宇智,48.2,48.9,47.95,48.3,134,23,-4,0,2,6.8,93.19,100.0
2026-06-11,6472,保瑞,404.0,404.0,378.5,380.5,1662,676,-438,0,-56,10.66,89.33,100.0
2026-06-11,6473,美賣*,8.06,8.53,7.94,7.98,116,0,5,0,0,0.0,0.0,0.0
2026-06-11,6474,華豫寧,37.15,37.95,37.15,37.95,20,1,1,0,0,0.28,99.71,100.0
2026-06-11,6477,安集,32.65,34.1,30.85,33.85,1832,900,291,0,3,3.13,96.86,100.0
2026-06-11,6482,弘煜科,31.1,31.1,29.2,29.8,31,9,1,0,1,2.42,97.57,100.0
2026-06-11,6483,原創生醫,12.75,12.9,12.4,12.5,99,0,0,0,0,0.0,0.0,0.0
2026-06-11,6485,點序,88.4,89.5,83.0,85.0,1422,516,273,0,-20,12.24,87.75,100.0
2026-06-11,6486,互動,81.9,81.9,81.0,81.2,71,7,-28,0,0,3.82,96.17,100.0
2026-06-11,6488,環球晶,773.0,786.0,745.0,786.0,2458,0,372,-6,137,26.25,73.74,100.0
2026-06-11,6491,晶碩,325.0,326.5,319.5,323.5,495,142,222,0,-22,13.1,86.89,100.0
2026-06-11,6492,生華科,43.1,43.55,42.5,43.4,184,0,46,0,0,6.91,93.08,100.0
2026-06-11,6493,雷虎生,26.97,27.2,25.65,26.5,98,0,-1,0,0,0.0,0.0,0.0
2026-06-11,6494,九齊,51.8,57.4,51.8,56.5,723,315,68,0,1,10.05,89.94,100.0
2026-06-11,6496,科懋,23.9,23.9,23.9,23.9,2,1,0,0,0,0.32,99.67,100.0
2026-06-11,6498,久禾光,102.0,102.0,96.0,98.3,99,29,-23,0,-3,2.13,97.86,100.0
2026-06-11,6499,益安,74.2,74.9,72.0,72.0,591,166,-6,0,0,13.85,86.14,100.0
2026-06-11,6504,南六,36.1,36.1,35.2,35.45,35,7,-15,0,1,0.85,99.14,100.0
2026-06-11,6505,台塑化,51.5,51.9,50.3,51.4,7607,2539,-518,34,435,6.14,93.85,100.0
2026-06-11,6506,雙邦,18.5,18.65,18.2,18.5,202,33,2,0,0,0.92,99.07,100.0
2026-06-11,6508,惠光,23.25,23.45,23.2,23.4,51,1,-18,0,0,0.96,99.03,100.0
2026-06-11,6509,聚和,47.3,47.3,44.55,46.4,6201,2492,-435,41,-57,11.44,88.55,100.0
2026-06-11,6510,精測,3185.0,3395.0,3160.0,3390.0,739,356,149,-47,-21,21.45,78.54,100.0
2026-06-11,6512,啟發電,19.7,19.7,19.55,19.55,14,0,0,0,0,0.07,99.92,100.0
2026-06-11,6515,穎崴,8015.0,8750.0,8015.0,8720.0,552,253,-6,58,-2,20.75,79.24,100.0
2026-06-11,6516,勤崴國際,57.0,57.0,54.6,55.8,82,41,-11,0,0,1.18,98.81,100.0
2026-06-11,6517,保勝光學,62.8,69.0,62.8,69.0,2214,953,217,0,1,3.87,96.12,100.0
2026-06-11,6518,康科特,29.29,30.0,28.9,28.9,5,0,0,0,0,0.0,0.0,0.0
2026-06-11,6523,達爾膚,98.0,98.2,97.1,98.2,28,3,4,0,0,1.49,98.5,100.0
2026-06-11,6525,捷敏-KY,112.5,117.0,111.0,116.5,926,366,180,0,183,14.36,85.63,100.0
2026-06-11,6526,達發,619.0,629.0,598.0,618.0,770,277,124,-126,0,6.8,93.19,100.0
2026-06-11,6527,明達醫,71.2,71.5,71.1,71.5,17,0,-1,0,0,0.19,99.8,100.0
2026-06-11,6530,創威,100.5,101.5,93.0,95.0,1115,472,96,0,0,4.77,95.22,100.0
2026-06-11,6531,愛普*,893.0,917.0,846.0,890.0,5544,2933,1208,-211,-27,29.85,70.14,100.0
2026-06-11,6532,瑞耘,87.1,88.7,83.0,85.3,571,89,233,0,0,6.86,93.13,100.0
2026-06-11,6533,晶心科,195.0,198.5,191.0,196.5,595,242,22,0,0,10.59,89.4,100.0
2026-06-11,6534,正瀚-創,90.8,90.8,88.7,88.8,64,20,11,0,-2,40.65,59.34,100.0
2026-06-11,6535,順藥,106.0,107.5,104.5,106.5,219,0,82,0,0,5.4,94.59,100.0
2026-06-11,6536,碩豐,21.59,20.75,20.75,20.75,0,0,0,0,0,0.0,0.0,0.0
2026-06-11,6538,倉和,98.3,99.0,92.0,94.7,1762,674,602,0,-5,7.96,92.03,100.0
2026-06-11,6539,麗彤,41.43,41.5,41.5,41.5,0,0,0,0,0,0.0,0.0,0.0
2026-06-11,6541,泰福-KY,40.0,40.0,38.3,38.4,254,29,-114,0,2,13.79,86.2,100.0
2026-06-11,6542,隆中,48.0,49.3,46.95,47.3,16,7,1,0,0,17.99,82.0,100.0
2026-06-11,6543,普惠醫工,19.99,20.0,19.5,19.8,34,0,-3,0,0,0.0,0.0,0.0
2026-06-11,6546,正基,76.2,76.2,71.2,72.7,588,226,-89,0,-68,10.41,89.58,100.0
2026-06-11,6547,高端疫苗,46.65,46.95,45.4,45.6,2260,711,-537,0,5,3.62,96.37,100.0
2026-06-11,6548,長科*,84.3,84.5,79.0,84.0,3413,0,673,15,-190,5.98,94.01,100.0
2026-06-11,6549,景凱,7.42,7.58,7.31,7.53,87,0,2,0,0,0.0,0.0,0.0
2026-06-11,6550,北極星藥業-KY,13.15,13.55,12.95,13.45,1490,0,556,0,1,68.7,31.29,100.0
2026-06-11,6552,易華電,28.8,29.1,27.85,28.95,374,122,91,0,4,1.31,98.68,100.0
2026-06-11,6555,榮炭,20.53,20.4,19.0,19.95,364,0,-2,0,0,0.0,0.0,0.0
2026-06-11,6556,勝品,71.6,71.9,71.6,71.9,2,0,0,0,0,0.58,99.41,100.0
2026-06-11,6558,興能高,30.55,30.9,29.9,30.15,488,188,-31,0,0,1.33,98.66,100.0
2026-06-11,6559,研晶,21.36,21.65,19.05,19.2,194,0,-11,0,0,0.0,0.0,0.0
2026-06-11,6560,欣普羅,37.45,37.55,37.0,37.0,88,8,-38,0,0,4.67,95.32,100.0
2026-06-11,6561,是方,348.0,348.0,335.5,338.0,190,24,-109,0,-11,6.6,93.39,100.0
2026-06-11,6563,映智,27.93,27.75,26.15,27.25,27,0,0,0,0,0.0,0.0,0.0
2026-06-11,6564,安特羅,16.93,17.4,16.9,17.35,21,0,0,0,0,0.0,0.0,0.0
2026-06-11,6565,物聯,20.98,21.3,19.2,19.95,154,0,0,0,0,0.0,0.0,0.0
2026-06-11,6568,宏觀,169.0,176.0,163.0,175.0,381,166,49,0,-30,6.84,93.15,100.0
2026-06-11,6569,醫揚,116.0,116.0,110.0,112.0,185,64,38,0,-5,3.26,96.73,100.0
2026-06-11,6570,維田,58.0,58.3,54.8,56.7,468,179,54,0,15,1.96,98.03,100.0
2026-06-11,6572,博錸,7.54,7.73,7.1,7.35,165,0,9,0,0,0.0,0.0,0.0
2026-06-11,6573,虹揚-KY,15.0,15.0,14.2,14.9,405,0,61,0,2,54.83,45.16,100.0
2026-06-11,6574,霈方,126.5,126.5,118.5,119.5,208,0,-3,0,4,0.99,99.0,100.0
2026-06-11,6576,逸達,80.0,80.0,78.2,79.0,196,0,-17,0,0,22.41,77.58,100.0
2026-06-11,6577,勁豐,78.3,79.8,78.3,79.8,76,11,-34,0,0,1.04,98.95,100.0
2026-06-11,6578,達邦蛋白,17.3,17.3,16.6,16.95,84,8,1,0,0,0.75,99.24,100.0
2026-06-11,6579,研揚,162.5,163.5,157.0,163.0,599,222,28,0,3,3.46,96.53,100.0
2026-06-11,6580,台睿,14.29,14.5,13.85,14.0,51,0,-5,0,0,0.0,0.0,0.0
2026-06-11,6581,鋼聯,107.0,109.0,106.0,109.0,18,5,8,0,1,1.02,98.97,100.0
2026-06-11,6582,申豐,31.25,31.25,30.75,31.2,56,14,-1,0,0,13.06,86.93,100.0
2026-06-11,6583,友松,11.9,12.4,12.0,12.4,30,0,0,0,0,0.0,0.0,0.0
2026-06-11,6584,南俊國際,592.0,592.0,544.0,558.0,1023,416,79,-30,-2,12.07,87.92,100.0
2026-06-11,6585,鼎基,130.0,130.0,123.0,124.5,1195,513,-126,0,-15,3.34,96.65,100.0
2026-06-11,6586,醣基,67.33,69.2,67.0,68.3,704,0,14,0,0,0.0,0.0,0.0
2026-06-11,6588,東典光電,102.0,104.0,94.7,99.4,1073,530,140,0,0,2.68,97.31,100.0
2026-06-11,6589,台康生技,45.5,45.55,43.85,43.85,1121,366,-351,0,16,4.27,95.72,100.0
2026-06-11,6590,普鴻,66.0,66.2,66.0,66.2,5,0,0,0,0,0.06,99.93,100.0
2026-06-11,6591,動力-KY,55.0,55.4,54.1,54.4,219,55,-30,0,0,19.4,80.59,100.0
2026-06-11,6592,和潤企業,67.3,67.3,65.4,66.8,787,225,-75,5,20,26.44,73.55,100.0
2026-06-11,6593,台灣銘板,35.2,35.2,34.0,34.0,62,13,-20,0,0,1.47,98.52,100.0
2026-06-11,6595,光禹國際,30.51,31.1,30.0,31.0,5,0,0,0,0,0.0,0.0,0.0
2026-06-11,6596,寬宏藝術,94.6,96.5,93.5,94.0,234,33,-20,0,0,1.43,98.56,100.0
2026-06-11,6597,立誠,69.8,69.8,64.5,67.9,5,0,0,0,0,0.04,99.95,100.0
2026-06-11,6598,ABC-KY,24.6,25.0,24.2,24.5,189,0,-15,0,0,23.77,76.22,100.0
2026-06-11,6599,普達系統,46.46,46.55,46.0,46.5,6,0,0,0,0,0.0,0.0,0.0
2026-06-11,6603,富強鑫,21.95,22.2,21.3,22.15,651,166,-162,0,-18,1.76,98.23,100.0
2026-06-11,6604,儒億,34.49,34.1,33.0,33.65,129,0,0,0,0,0.0,0.0,0.0
2026-06-11,6605,帝寶,146.0,146.0,139.5,141.0,1196,303,-354,0,-9,15.2,84.79,100.0
2026-06-11,6606,建德工業,25.7,25.9,25.4,25.9,107,16,4,0,0,3.32,96.67,100.0
2026-06-11,6609,瀧澤科,41.9,42.95,40.35,41.7,705,262,-76,0,0,53.12,46.87,100.0
2026-06-11,6610,安成生技,27.07,27.05,25.95,26.75,77,0,-3,0,0,0.0,0.0,0.0
2026-06-11,6612,奈米醫材,73.0,73.0,71.7,71.8,42,3,-13,0,0,26.04,73.95,100.0
2026-06-11,6613,朋億*,263.0,286.5,258.5,286.5,1698,527,-24,0,42,7.84,92.15,100.0
2026-06-11,6614,資拓宏宇,40.05,40.2,39.6,40.0,97,7,0,0,-9,0.75,99.24,100.0
2026-06-11,6615,慧智,32.75,33.45,32.75,33.15,9,2,0,0,0,0.26,99.73,100.0
2026-06-11,6616,特昇-KY,9.55,9.87,9.5,9.87,65,17,-2,0,0,55.99,44.0,100.0
2026-06-11,6617,共信-KY,67.5,68.2,66.9,68.1,245,158,2,0,0,38.45,61.54,100.0
2026-06-11,6618,永虹先進,18.6,18.65,17.9,18.2,478,0,-18,0,0,0.0,0.0,0.0
2026-06-11,6620,漢達,69.8,69.8,67.2,68.0,561,185,-87,0,0,25.08,74.91,100.0
2026-06-11,6621,華宇藥,11.33,11.5,11.2,11.2,85,0,0,0,0,0.0,0.0,0.0
2026-06-11,6622,百聿數碼,6.97,7.04,6.8,6.8,5,0,0,0,0,0.0,0.0,0.0
2026-06-11,6624,萬年清,44.2,44.95,42.55,43.45,10,6,-3,0,0,0.38,99.61,100.0
2026-06-11,6625,必應,78.3,81.0,77.0,77.7,849,293,22,0,23,1.42,98.57,100.0
2026-06-11,6629,泰金-KY,112.0,113.0,110.5,113.0,62,6,-5,0,0,76.99,23.0,100.0
2026-06-11,6634,欣耀,53.82,56.0,52.5,56.0,210,0,8,0,0,0.0,0.0,0.0
2026-06-11,6637,醫影,63.2,63.2,61.9,62.0,88,3,-17,0,0,0.19,99.8,100.0
2026-06-11,6638,沅聖,57.95,56.3,52.5,55.7,39,0,0,0,0,0.0,0.0,0.0
2026-06-11,6639,源大環能,6.94,6.95,6.65,6.89,23,0,0,0,0,0.0,0.0,0.0
2026-06-11,6640,均華,1015.0,1030.0,953.0,1020.0,361,132,96,-53,-3,8.65,91.34,100.0
2026-06-11,6641,基士德-KY,18.15,18.15,17.95,18.1,29,2,-4,0,1,30.01,69.98,100.0
2026-06-11,6642,富致,84.3,85.2,81.0,83.6,979,482,-34,0,1,2.03,97.96,100.0
2026-06-11,6643,M31,466.0,471.5,437.5,454.5,831,360,138,0,-12,11.24,88.75,100.0
2026-06-11,6645,金萬林-創,13.25,13.25,12.8,12.9,48,0,-1,0,2,0.67,99.32,100.0
2026-06-11,6648,斯其大,17.21,17.15,16.35,16.4,62,0,4,0,0,0.0,0.0,0.0
2026-06-11,6649,台生材,38.9,38.95,37.7,38.9,42,22,-8,0,0,3.85,96.14,100.0
2026-06-11,6650,帝圖,26.25,0.0,0.0,0.0,0,0,0,0,0,0.0,0.0,0.0
2026-06-11,6651,全宇昕,126.5,128.5,123.5,126.0,236,79,11,0,1,4.68,95.31,100.0
2026-06-11,6654,天正國際,172.0,172.0,160.0,167.5,156,0,2,0,0,0.58,99.41,100.0
2026-06-11,6655,科定,120.5,122.0,120.0,120.5,8,1,1,0,1,0.51,99.48,100.0
2026-06-11,6657,華安,34.3,34.95,31.5,32.95,883,0,169,0,-1,7.3,92.69,100.0
2026-06-11,6658,聯策,173.0,178.0,167.5,175.0,705,311,54,0,-1,4.2,95.79,100.0
2026-06-11,6659,天明製藥,19.71,20.35,19.2,20.3,86,0,0,0,0,0.0,0.0,0.0
2026-06-11,6661,威健生技,16.0,16.0,15.5,16.0,14,0,0,0,0,0.0,99.99,100.0
2026-06-11,6662,樂斯科,30.0,30.9,30.0,30.9,5,0,0,0,0,0.21,99.78,100.0
2026-06-11,6664,群翊,363.5,372.5,342.5,356.0,1098,334,360,0,-60,7.54,92.45,100.0
2026-06-11,6665,康聯生醫,19.68,20.1,18.6,19.2,45,0,0,0,0,0.0,0.0,0.0
2026-06-11,6666,羅麗芬-KY,42.35,45.35,42.1,43.3,344,140,14,0,0,75.33,24.66,100.0
2026-06-11,6667,信紘科,264.0,269.0,259.0,263.5,458,137,-17,0,-26,8.68,91.31,100.0
2026-06-11,6668,中揚光,37.15,38.85,36.95,38.25,563,205,-71,0,1,9.74,90.25,100.0
2026-06-11,6669,緯穎,5000.0,5040.0,4745.0,4900.0,2945,857,368,-59,63,30.45,69.54,100.0
2026-06-11,6670,復盛應用,283.0,283.0,278.5,282.0,422,158,-113,0,-3,25.05,74.94,100.0
2026-06-11,6671,三能-KY,26.0,26.0,25.35,25.7,134,30,-19,0,-12,39.79,60.2,100.0
2026-06-11,6672,騰輝電子-KY,218.0,221.0,207.0,213.5,3825,1985,-487,0,-32,17.63,82.36,100.0
2026-06-11,6673,和詮,15.48,15.8,14.35,14.8,256,0,9,0,0,0.0,0.0,0.0
2026-06-11,6674,鋐寶科技,16.95,17.55,16.95,17.15,15,8,-1,0,0,0.49,99.5,100.0
2026-06-11,6676,祥翊,12.86,13.3,12.6,12.85,445,0,0,0,0,0.0,0.0,0.0
2026-06-11,6677,瑩碩生技,16.88,17.15,16.45,16.45,11,0,0,0,0,0.0,0.0,0.0
2026-06-11,6679,鈺太,266.0,273.0,255.0,263.5,344,151,58,-97,-6,9.92,90.07,100.0
2026-06-11,6680,鑫創電子,0.0,0.0,0.0,0.0,0,0,0,0,0,0.15,99.84,100.0
2026-06-11,6682,華旭先進,69.24,69.0,61.0,62.1,2365,0,-46,0,0,0.0,0.0,0.0
2026-06-11,6683,雍智科技,1390.0,1425.0,1295.0,1390.0,1708,763,445,-160,-5,17.82,82.17,100.0
2026-06-11,6684,安格,49.4,51.3,47.5,49.4,504,221,-73,0,0,2.0,97.99,100.0
2026-06-11,6689,伊雲谷,67.2,68.7,66.0,66.8,355,105,58,0,1,4.63,95.36,100.0
2026-06-11,6690,安碁資訊,172.5,185.0,172.5,177.0,466,159,35,0,2,4.55,95.44,100.0
2026-06-11,6691,洋基工程,635.0,652.0,613.0,637.0,719,326,71,0,1,16.0,83.99,100.0
2026-06-11,6692,進能服,25.0,25.5,25.0,25.0,37,1,2,0,0,0.15,99.84,100.0
2026-06-11,6693,廣閎科,157.0,161.0,150.0,155.0,1719,591,-64,0,-25,12.58,87.41,100.0
2026-06-11,6695,芯鼎,50.0,51.5,48.8,49.55,1060,254,-161,0,2,2.65,97.34,100.0
2026-06-11,6696,仁新,391.3,393.5,378.5,389.0,377,0,-30,0,0,0.0,0.0,0.0
2026-06-11,6697,東捷資訊,41.6,41.6,41.1,41.2,51,5,7,0,0,0.75,99.24,100.0
2026-06-11,6698,旭暉應材,37.0,38.9,36.75,37.75,1014,464,12,0,-2,1.96,98.03,100.0
2026-06-11,6703,軒郁,109.0,110.5,108.0,110.0,74,16,7,0,0,13.89,86.1,100.0
2026-06-11,6704,國璽幹細胞,20.73,21.15,20.2,21.0,63,0,-2,0,0,0.0,0.0,0.0
2026-06-11,6705,振躍精密,96.56,94.6,86.0,94.6,81,0,-16,0,0,0.0,0.0,0.0
2026-06-11,6706,惠特,161.0,167.0,151.0,161.0,3423,1936,341,0,-51,7.98,92.01,100.0
2026-06-11,6707,富基電通,33.9,34.5,30.6,34.0,275,0,15,0,0,0.0,0.0,0.0
2026-06-11,6708,天擎,40.5,40.5,38.65,38.75,14,4,-6,0,0,3.22,96.77,100.0
2026-06-11,6709,昱厚生技,25.35,25.25,24.6,24.6,57,0,-11,0,0,0.0,0.0,0.0
2026-06-11,6712,長聖,137.0,138.0,135.0,135.5,242,57,-21,0,0,2.76,97.23,100.0
2026-06-11,6715,嘉基,360.0,380.0,349.0,371.0,427,162,71,1,0,3.27,96.72,100.0
2026-06-11,6716,應廣,87.0,91.5,84.1,86.3,604,287,-30,0,-8,3.83,96.16,100.0
2026-06-11,6719,力智,212.5,217.0,207.5,214.0,1016,352,276,0,25,5.95,94.04,100.0
2026-06-11,6720,久昌,151.0,152.5,148.0,148.0,102,23,1,0,0,1.23,98.76,100.0
2026-06-11,6721,信實,58.9,59.4,58.7,59.4,16,0,3,0,0,0.02,99.97,100.0
2026-06-11,6722,輝創,39.4,39.4,38.0,38.6,53,0,-10,0,1,2.62,97.37,100.0
2026-06-11,6723,傑智環境,37.84,38.4,35.6,37.4,35,0,-2,0,0,0.0,0.0,0.0
2026-06-11,6725,矽科宏晟,278.5,279.0,273.0,273.0,182,59,0,0,1,3.81,96.18,100.0
2026-06-11,6727,亞泰金屬,417.0,419.5,385.0,393.0,2322,1215,267,0,-4,11.47,88.52,100.0
2026-06-11,6728,上洋,109.0,110.0,108.0,110.0,17,0,-3,0,0,0.71,99.28,100.0
2026-06-11,6729,機光科技,52.67,53.6,50.0,53.0,94,0,2,0,0,0.0,0.0,0.0
2026-06-11,6730,常廣,35.5,35.9,35.0,35.9,3,0,0,0,0,0.0,99.99,100.0
2026-06-11,6732,昇佳電子,152.0,154.0,148.5,150.5,194,40,-5,0,0,5.24,94.75,100.0
2026-06-11,6733,博晟生醫,27.0,27.0,25.4,25.4,241,0,-107,0,0,1.47,98.52,100.0
2026-06-11,6734,安盛生,6.97,7.35,6.87,7.19,157,0,0,0,0,0.0,0.0,0.0
2026-06-11,6735,美達科技,93.1,93.1,87.4,90.0,355,123,91,0,0,2.36,97.63,100.0
2026-06-11,6737,秀育,29.23,29.95,28.6,29.25,25,0,0,0,0,0.0,0.0,0.0
2026-06-11,6738,鼎恒,66.59,67.2,64.0,66.6,100,0,0,0,0,0.0,0.0,0.0
2026-06-11,6739,竹陞科技,1150.0,1180.0,1085.0,1100.0,228,57,12,0,-7,2.17,97.82,100.0
2026-06-11,6741,91APP*-KY,61.6,62.5,60.8,61.1,488,70,41,0,0,42.25,57.74,100.0
2026-06-11,6742,澤米,56.5,58.7,54.0,54.6,3120,1487,-99,0,1,1.82,98.17,100.0
2026-06-11,6743,安普新,29.75,29.75,28.8,29.25,531,137,-173,0,4,3.77,96.22,100.0
2026-06-11,6744,豐技生技,15.7,0.0,0.0,0.0,0,0,0,0,0,0.0,0.0,0.0
2026-06-11,6748,亞果生醫,114.11,129.5,117.0,123.5,1510,0,-25,0,0,0.0,0.0,0.0
2026-06-11,6750,泰創工程,62.47,63.2,61.1,63.1,95,0,-3,0,0,0.0,0.0,0.0
2026-06-11,6751,智聯服務,48.35,48.35,44.75,47.25,87,38,29,0,0,0.69,99.3,100.0
2026-06-11,6752,叡揚,98.4,100.0,98.1,100.0,42,8,-18,0,0,2.74,97.25,100.0
2026-06-11,6753,龍德造船,120.0,123.0,118.0,119.5,494,192,6,0,-16,2.43,7.06,9.5
2026-06-11,6754,匯僑設計,44.85,45.5,44.45,44.5,51,4,-15,0,2,15.47,84.52,100.0
2026-06-11,6755,連鋐科技,16.64,16.55,16.45,16.45,15,0,2,0,0,0.0,0.0,0.0
2026-06-11,6756,威鋒電子,94.3,95.8,90.0,92.7,202,75,-7,0,2,2.57,97.42,100.0
2026-06-11,6757,台灣虎航-創,54.0,55.6,53.3,55.6,7113,1617,3445,-3329,-5,5.57,44.41,49.99
2026-06-11,6757,台灣虎航,54.0,55.6,53.3,55.6,7113,1617,3445,-3329,-5,5.57,44.41,49.99
2026-06-11,6758,冠亞,29.0,29.45,29.45,29.45,0,0,0,0,0,0.0,0.0,0.0
2026-06-11,6761,穩得,196.0,202.5,193.0,196.0,589,256,-11,0,-15,5.6,94.39,100.0
2026-06-11,6762,達亞,182.0,182.0,181.5,181.5,3,0,0,0,0,5.85,94.14,100.0
2026-06-11,6763,綠界科技,47.85,48.5,47.0,48.3,1274,467,107,0,3,1.38,98.61,100.0
2026-06-11,6763,綠界科技*,47.85,48.5,47.0,48.3,1274,467,107,0,3,1.38,98.61,100.0
2026-06-11,6767,台微醫,25.35,25.95,25.3,25.4,83,0,1,0,0,0.23,99.76,100.0
2026-06-11,6768,志強-KY,95.3,95.3,92.4,95.3,787,218,-207,0,4,56.9,43.09,100.0
2026-06-11,6770,力積電,62.6,65.1,62.1,64.4,70706,0,-1028,10,-1228,16.58,83.41,100.0
2026-06-11,6771,平和環保-創,41.6,41.9,41.5,41.85,38,10,-5,0,0,0.65,99.34,100.0
2026-06-11,6775,穎台科技,41.37,41.5,40.5,40.75,269,0,-11,0,0,0.0,0.0,0.0
2026-06-11,6776,展碁國際,59.5,59.6,58.1,59.5,440,135,-8,0,6,2.33,97.66,100.0
2026-06-11,6780,學習王,41.05,0.0,0.0,0.0,0,0,0,0,0,0.0,0.0,0.0
2026-06-11,6781,AES-KY,1080.0,1155.0,1065.0,1155.0,2197,1207,-68,0,14,67.8,32.19,100.0
2026-06-11,6782,視陽,194.5,195.5,191.0,191.5,219,83,-33,0,1,7.88,92.11,100.0
2026-06-11,6784,天凱科技,24.7,25.1,23.85,24.5,431,0,0,0,0,0.0,0.0,0.0
2026-06-11,6785,昱展新藥,114.5,115.0,111.0,113.0,96,20,10,0,0,8.05,91.94,100.0
2026-06-11,6786,芯測,84.76,88.0,82.6,86.7,158,0,11,0,0,0.0,0.0,0.0
2026-06-11,6787,晶瑞光,31.01,31.45,29.7,30.9,577,0,-9,0,0,0.0,0.0,0.0
2026-06-11,6788,華景電,424.0,426.0,398.5,404.5,1484,626,22,0,-19,10.35,89.64,100.0
2026-06-11,6789,采鈺,455.5,466.0,438.0,455.0,3482,1404,1211,3,-5,3.66,96.33,100.0
2026-06-11,6790,永豐實,39.65,39.75,39.3,39.7,201,27,17,0,1,1.98,98.01,100.0
2026-06-11,6791,虎門科技,101.5,102.5,99.8,102.5,71,20,0,0,0,11.87,88.12,100.0
2026-06-11,6792,詠業,66.3,66.3,63.9,65.2,127,27,25,0,0,2.1,97.89,100.0
2026-06-11,6793,天力離岸,4.97,5.15,4.86,5.09,100,0,0,0,0,0.0,0.0,0.0
2026-06-11,6794,向榮生技-創,79.9,81.0,79.5,80.7,37,6,0,-3,0,0.46,99.53,100.0
2026-06-11,6794,向榮生技,79.9,81.0,79.5,80.7,37,6,0,-3,0,0.46,99.53,100.0
2026-06-11,6796,晉弘,60.3,60.4,57.4,57.4,99,17,-20,0,0,15.58,84.41,100.0
2026-06-11,6797,圓點奈米,12.61,13.1,12.4,13.05,37,0,-4,0,0,0.0,0.0,0.0
2026-06-11,6798,展逸,49.82,0.0,0.0,0.0,0,0,0,0,0,0.0,0.0,0.0
2026-06-11,6799,來頡,84.0,85.6,81.1,83.8,491,250,-48,0,-4,9.15,90.81,100.0
2026-06-11,6803,崑鼎,288.0,288.0,284.0,287.5,68,11,5,0,0,3.26,96.73,100.0
2026-06-11,6804,明係,16.3,16.55,16.1,16.45,67,12,5,0,-2,4.18,95.81,100.0
2026-06-11,6805,富世達,1700.0,1790.0,1690.0,1750.0,1000,536,-176,60,8,19.2,80.79,100.0
2026-06-11,6806,森崴能源,4.48,4.48,4.48,4.48,688,0,1,0,0,2.39,97.6,100.0
2026-06-11,6807,峰源-KY,33.4,34.1,33.4,34.1,5,0,2,0,0,43.54,56.45,100.0
2026-06-11,6808,三鼎生技,25.51,26.1,24.45,25.8,126,0,2,0,0,0.0,0.0,0.0
2026-06-11,6810,新穎生醫,28.34,28.2,26.9,27.3,207,0,5,0,0,0.0,0.0,0.0
2026-06-11,6811,宏碁資訊,225.5,228.5,222.0,227.5,160,56,-15,0,0,3.04,96.95,100.0
2026-06-11,6812,梭特,68.59,70.3,66.1,69.4,114,0,2,0,0,0.0,0.0,0.0
2026-06-11,6814,路迦生醫,21.69,22.55,21.45,22.55,27,0,0,0,0,0.0,0.0,0.0
2026-06-11,6815,晶鑽生醫,30.28,31.6,27.6,31.6,37,0,0,0,0,0.0,0.0,0.0
2026-06-11,6816,捷智商訊,35.85,37.7,35.85,37.7,0,0,0,0,0,0.0,0.0,0.0
2026-06-11,6817,溫士頓,62.26,63.5,61.8,62.9,11,0,0,0,0,0.0,0.0,0.0
2026-06-11,6818,連騰,57.63,58.9,56.0,57.0,36,0,-5,0,0,0.0,0.0,0.0
2026-06-11,6819,眾智,41.38,42.0,34.2,36.45,395,0,9,0,0,0.0,0.0,0.0
2026-06-11,6820,連訊,267.52,293.5,252.0,270.0,100,0,4,0,0,0.0,0.0,0.0
2026-06-11,6821,聯寶,64.8,68.0,63.5,67.3,466,0,-11,0,-49,2.09,97.9,100.0
2026-06-11,6823,濾能,66.4,66.4,63.0,65.0,198,73,5,0,0,24.86,75.13,100.0
2026-06-11,6825,和暢科技,45.24,45.0,42.75,45.0,6,0,-2,0,0,0.0,0.0,0.0
2026-06-11,6826,和淞,538.58,541.0,519.0,531.0,261,0,6,0,0,0.0,0.0,0.0
2026-06-11,6827,巨生醫,12.11,12.35,12.0,12.3,126,0,4,0,0,0.0,0.0,0.0
2026-06-11,6829,千附精密,190.5,196.5,183.5,190.5,564,230,36,0,-9,2.52,97.47,100.0
2026-06-11,6830,汎銓,507.0,517.0,473.0,515.0,3058,1768,-259,0,0,7.6,92.39,100.0
2026-06-11,6831,邁科,692.0,730.0,670.0,719.0,1208,658,-108,101,-3,13.58,86.41,100.0
2026-06-11,6832,金鼎科,84.49,85.0,80.5,82.0,29,0,0,0,0,0.0,0.0,0.0
2026-06-11,6833,太康精密,23.3,23.6,23.0,23.6,10,0,2,0,0,0.0,0.0,0.0
2026-06-11,6834,天二科技,73.6,76.5,71.0,76.5,8498,3871,-811,0,-43,15.39,84.6,100.0
2026-06-11,6835,圓裕,36.85,36.95,36.1,36.25,96,10,-47,0,0,6.12,93.87,100.0
2026-06-11,6838,台新藥,24.8,24.8,24.3,24.8,131,0,-32,0,5,1.31,98.68,100.0
2026-06-11,6839,開陽能源,12.98,13.25,12.8,13.15,8,0,-4,0,0,0.0,0.0,0.0
2026-06-11,6840,東研信超,65.2,65.5,64.0,65.0,41,6,-11,0,0,3.81,96.18,100.0
2026-06-11,6841,長佳智能,60.6,61.2,59.7,60.3,391,87,-49,0,-3,3.41,96.58,100.0
2026-06-11,6842,瑞宇,92.14,92.9,89.3,91.3,175,0,-11,0,0,0.0,0.0,0.0
2026-06-11,6843,進典,39.8,41.0,39.8,41.0,11,1,1,0,0,0.08,99.91,100.0
2026-06-11,6844,諾貝兒,64.8,65.2,64.6,65.2,25,0,-5,0,0,0.02,99.97,100.0
2026-06-11,6846,綠茵,68.3,68.4,66.1,67.5,43,6,-5,0,0,0.15,99.84,100.0
2026-06-11,6847,普瑞博,78.29,79.8,75.8,79.6,30,0,1,0,0,0.0,0.0,0.0
2026-06-11,6848,拉法醫,19.42,19.75,19.15,19.7,78,0,0,0,0,0.0,0.0,0.0
2026-06-11,6849,奇鼎科技,193.16,200.0,179.0,189.5,251,0,2,0,0,0.0,0.0,0.0
2026-06-11,6850,光鼎生技,34.88,34.8,34.4,34.8,31,0,0,0,0,0.0,0.0,0.0
2026-06-11,6854,錼創科技-KY創,127.5,130.5,124.0,130.5,342,97,-76,0,0,31.01,68.98,100.0
2026-06-11,6855,數泓科,125.5,126.5,125.5,126.5,6,0,-1,0,1,0.22,99.77,100.0
2026-06-11,6856,鑫傳,48.05,48.05,47.0,47.75,5,0,0,0,0,0.0,49.98,49.99
2026-06-11,6857,宏碁智醫,96.0,96.0,92.0,96.0,1,0,0,0,0,0.0,0.0,0.0
2026-06-11,6858,愛比科技,23.6,23.6,23.5,23.6,4,0,0,0,0,0.0,0.0,0.0
2026-06-11,6859,伯特光,126.0,126.5,123.0,125.5,71,17,14,0,0,14.04,85.95,100.0
2026-06-11,6861,睿生光電,317.0,318.5,286.5,303.5,909,279,292,0,0,2.18,97.81,100.0
2026-06-11,6862,三集瑞-KY,197.0,201.0,179.5,188.0,2308,1454,-35,0,-37,67.13,32.86,100.0
2026-06-11,6863,永道-KY,97.7,97.9,92.2,94.3,362,74,-47,0,1,69.28,30.71,100.0
2026-06-11,6864,元樟生技,49.25,49.9,48.55,49.9,8,0,1,0,0,0.0,0.0,0.0
2026-06-11,6865,偉康科技,27.3,27.35,26.6,27.35,9,0,-1,0,0,0.19,99.8,100.0
2026-06-11,6867,坦德科技,20.24,20.8,20.0,20.75,15,0,2,0,0,0.0,0.0,0.0
2026-06-11,6868,采威國際,29.5,29.6,29.4,29.6,4,0,0,0,0,0.0,0.0,0.0
2026-06-11,6869,雲豹能源-創,82.0,82.0,78.1,78.5,1040,234,-285,0,0,2.62,97.37,100.0
2026-06-11,6869,雲豹能源,82.0,82.0,78.1,78.5,1040,234,-285,0,0,2.62,97.37,100.0
2026-06-11,6870,騰雲,332.0,332.0,298.5,300.0,319,147,-14,0,0,1.31,98.68,100.0
2026-06-11,6872,浩宇生醫,16.9,17.0,16.1,16.25,44,0,0,0,0,0.36,99.63,100.0
2026-06-11,6873,泓德能源-創,85.5,86.0,81.0,81.7,1179,307,-389,0,-14,6.83,93.16,100.0
2026-06-11,6873,泓德能源,85.5,86.0,81.0,81.7,1179,307,-389,0,-14,6.83,93.16,100.0
2026-06-11,6874,倍力,86.2,86.2,83.4,85.0,80,26,-14,0,0,0.71,99.28,100.0
2026-06-11,6875,國邑*,34.7,34.7,33.6,34.15,131,0,11,0,0,1.84,98.15,100.0
2026-06-11,6876,朗齊生醫*,17.33,17.0,16.55,16.75,138,0,0,0,0,0.0,0.0,0.0
2026-06-11,6877,鏵友益,131.0,135.0,126.0,131.0,599,215,183,0,1,4.49,95.5,100.0
2026-06-11,6878,歐付寶,9.99,10.0,9.6,9.62,7,0,0,0,0,0.0,0.0,0.0
2026-06-11,6879,大江基因,37.0,0.0,0.0,0.0,0,0,0,0,0,0.0,0.0,0.0
2026-06-11,6881,潤德,265.0,266.5,263.0,266.0,23,0,-2,0,0,0.04,99.95,100.0
2026-06-11,6882,甲尚,19.41,20.15,18.35,18.6,62,0,-4,0,0,0.0,0.0,0.0
2026-06-11,6883,微電能源,12.08,12.4,11.1,11.3,115,0,0,0,0,0.0,0.0,0.0
2026-06-11,6884,海柏特,34.8,34.8,34.8,34.8,2,0,0,0,0,5.58,94.41,100.0
2026-06-11,6885,全福生技,23.6,24.1,22.8,22.95,674,152,-25,0,-9,2.53,97.46,100.0
2026-06-11,6886,遠東生技,48.0,48.0,46.0,48.0,0,0,0,0,0,0.0,0.0,0.0
2026-06-11,6887,寶綠特-KY,35.0,36.0,34.5,34.5,48,1,-1,0,1,53.31,46.68,100.0
2026-06-11,6890,來億-KY,281.0,284.0,274.0,284.0,1882,0,-203,1450,14,86.1,13.89,100.0
2026-06-11,6891,樂迦再生,48.6,48.1,44.65,44.85,900,0,1,0,0,0.0,0.0,0.0
2026-06-11,6892,台寶生醫,26.26,27.0,25.7,26.2,76,0,0,0,0,0.0,0.0,0.0
2026-06-11,6894,衛司特,325.0,343.5,325.0,343.0,101,27,-25,0,-2,3.3,96.69,100.0
2026-06-11,6895,宏碩系統,166.0,171.0,162.5,169.0,115,29,13,0,0,3.32,96.67,100.0
2026-06-11,6898,程曦資訊,90.08,90.3,84.0,89.3,118,0,0,0,0,0.0,0.0,0.0
2026-06-11,6899,創為精密,60.9,61.8,59.6,61.6,84,28,-1,0,0,5.12,94.87,100.0
2026-06-11,6901,鑽石投資,16.5,16.5,15.4,16.05,3033,1222,152,0,-7,0.82,99.17,100.0
2026-06-11,6902,GOGOLOOK-創,144.5,144.5,132.5,133.0,303,76,-91,0,2,3.72,96.27,100.0
2026-06-11,6902,GOGOLOOK,144.5,144.5,132.5,133.0,303,76,-91,0,2,3.72,96.27,100.0
2026-06-11,6903,巨漢,365.5,378.0,360.0,368.0,810,331,-68,0,-2,3.25,96.74,100.0
2026-06-11,6904,伯鑫,119.0,119.0,119.0,119.0,1,0,0,0,0,0.06,99.93,100.0
2026-06-11,6906,現觀科,93.9,95.9,88.0,90.0,267,83,-12,0,-2,7.39,92.6,100.0
2026-06-11,6907,雅特力-KY,129.5,142.0,128.0,136.0,2601,1517,-380,0,2,54.09,45.9,100.0
2026-06-11,6908,宏碁遊戲-創,38.3,40.1,38.3,38.65,15,0,0,0,-1,0.64,99.35,100.0
2026-06-11,6909,創控,44.3,44.85,42.3,43.7,656,189,31,0,-1,8.55,91.44,100.0
2026-06-11,6910,德鴻,29.4,29.4,28.6,28.9,11,0,-5,0,5,4.72,95.27,100.0
2026-06-11,6911,群運,31.56,31.8,31.4,31.8,69,0,0,0,0,0.0,0.0,0.0
2026-06-11,6912,益鈞環科*,13.22,13.65,13.0,13.6,203,0,-8,0,0,0.0,0.0,0.0
2026-06-11,6913,鴻呈,124.5,126.5,120.5,123.0,219,37,-21,0,-27,3.01,96.98,100.0
2026-06-11,6914,阜爾運通,141.0,141.5,139.0,141.5,77,21,3,0,0,2.12,97.87,100.0
2026-06-11,6915,美強光,52.46,51.6,44.3,49.2,129,0,0,0,0,0.0,0.0,0.0
2026-06-11,6916,華凌,19.5,20.35,19.15,20.35,138,34,30,0,9,0.55,99.44,100.0
2026-06-11,6917,竟天,30.81,31.1,30.05,31.0,268,0,-1,0,0,0.0,0.0,0.0
2026-06-11,6918,愛派司,73.2,73.2,72.2,72.8,39,1,-15,0,0,0.93,99.06,100.0
2026-06-11,6919,康霈*,88.9,89.4,87.0,88.2,3248,1157,322,0,135,12.63,87.36,100.0
2026-06-11,6920,恆勁科技,103.8,104.5,96.8,99.4,2237,0,-37,0,0,0.0,0.0,0.0
2026-06-11,6921,嘉雨思-創,68.0,69.6,67.1,69.6,41,0,-6,0,-3,29.42,70.57,100.0
2026-06-11,6922,宸曜,189.0,190.5,183.0,186.5,317,88,-62,0,-8,1.6,98.39,100.0
2026-06-11,6923,中台,78.5,78.9,77.6,78.5,83,22,-21,0,0,1.26,98.73,100.0
2026-06-11,6924,榮惠-KY創,125.0,126.5,119.0,121.0,224,0,31,0,3,76.71,23.28,100.0
2026-06-11,6925,意藍,67.1,69.4,65.5,65.6,221,63,8,0,0,1.78,98.21,100.0
2026-06-11,6926,聖安生醫,62.58,64.1,61.0,63.9,24,0,-2,0,0,0.0,0.0,0.0
2026-06-11,6927,聯合聚晶,63.31,63.6,61.3,62.1,73,0,-9,0,0,0.0,0.0,0.0
2026-06-11,6928,攸泰科技,42.2,43.2,42.15,43.05,149,34,-43,0,0,0.6,99.39,100.0
2026-06-11,6929,佑全,24.15,24.15,22.4,23.65,26,0,-1,0,0,0.02,99.97,100.0
2026-06-11,6931,青松健康,40.55,40.8,40.5,40.6,55,13,-3,0,0,0.67,99.32,100.0
2026-06-11,6932,水星生醫*,6.65,6.58,6.37,6.57,124,0,-3,0,0,0.0,0.0,0.0
2026-06-11,6933,AMAX-KY,147.0,151.0,144.0,148.5,190,67,-5,0,-2,28.28,71.71,100.0
2026-06-11,6934,心誠鎂,69.0,70.7,68.2,70.7,30,0,0,0,0,12.44,87.55,100.0
2026-06-11,6935,王子製藥,30.15,31.4,29.7,31.1,77,0,2,0,0,0.0,0.0,0.0
2026-06-11,6936,永鴻生技,33.0,33.2,32.8,33.2,26,2,0,0,0,0.44,99.55,100.0
2026-06-11,6937,天虹,282.5,282.5,266.5,277.5,457,294,1,0,-1,2.03,97.95,100.0
2026-06-11,6938,藍新資訊,102.8,102.5,97.0,100.0,19,0,2,0,0,0.0,0.0,0.0
2026-06-11,6939,啟弘生技,20.05,19.8,19.6,19.75,8,0,0,0,0,0.0,0.0,0.0
2026-06-11,6940,格斯科技*,25.8,25.8,24.4,24.8,650,0,-32,0,0,0.0,0.0,0.0
2026-06-11,6944,兆聯實業,908.0,950.0,900.0,937.0,1000,430,239,0,9,15.39,84.6,100.0
2026-06-11,6945,圓祥生技,102.0,104.0,99.9,100.0,314,0,-60,0,0,2.68,97.31,100.0
2026-06-11,6946,三地能源,11.16,11.3,10.8,10.8,12,0,0,0,0,0.0,0.0,0.0
2026-06-11,6947,台鎔科技,92.09,93.4,89.0,92.0,803,0,-9,0,0,0.0,0.0,0.0
2026-06-11,6949,沛爾生醫-創,732.0,735.0,700.0,704.0,324,112,-89,0,1,2.06,97.93,100.0
2026-06-11,6951,青新-創,82.0,82.0,78.3,79.5,127,8,-56,0,5,1.81,98.18,100.0
2026-06-11,6952,大武山,36.25,36.35,35.5,36.0,22,5,-6,0,0,0.3,99.69,100.0
2026-06-11,6953,家碩,205.0,220.0,205.0,216.5,161,51,-4,0,-18,0.67,99.32,100.0
2026-06-11,6955,邦睿生技-創,139.5,139.5,139.0,139.0,5,0,1,0,-2,17.71,82.28,100.0
2026-06-11,6957,裕慶-KY,190.5,190.5,183.0,185.5,176,65,16,0,0,6.06,93.93,100.0
2026-06-11,6958,日盛台駿,16.7,17.45,16.7,17.25,117,37,60,0,-5,0.44,99.55,100.0
2026-06-11,6959,兆捷科技,137.48,139.5,132.0,136.0,272,0,-6,0,0,0.0,0.0,0.0
2026-06-11,6961,旅天下,55.6,56.0,55.0,55.3,184,0,-1,0,0,0.25,99.74,100.0
2026-06-11,6962,奕力-KY,34.05,34.95,33.7,34.8,2733,1149,172,5,-35,38.22,61.77,100.0
2026-06-11,6963,品元,26.4,27.7,26.35,26.35,0,0,0,0,0,0.0,0.0,0.0
2026-06-11,6965,中傑-KY,80.1,81.8,77.0,81.8,46,10,12,0,1,77.24,22.75,100.0
2026-06-11,6967,汎瑋材料,68.3,71.5,68.3,70.1,72,20,-7,0,0,1.72,98.27,100.0
2026-06-11,6968,萬達寵物,43.55,43.55,42.4,42.95,56,0,-15,0,0,1.27,98.72,100.0
2026-06-11,6969,成信實業*-創,26.8,26.8,26.45,26.75,51,0,-9,0,0,0.46,99.53,100.0
2026-06-11,6971,惠民實業,26.6,26.65,26.15,26.65,25,4,2,0,0,0.21,99.78,100.0
2026-06-11,6972,博瑞達應材,24.4,24.6,23.5,23.7,13,0,0,0,0,0.0,0.0,0.0
2026-06-11,6973,永立榮,33.19,33.85,32.55,33.8,3,0,0,0,0,0.0,0.0,0.0
2026-06-11,6976,育世博-KY,12.48,12.5,12.0,12.5,607,0,-9,0,0,0.0,0.0,0.0
2026-06-11,6977,聯純,283.25,280.0,233.0,260.0,242,0,6,0,0,0.0,0.0,0.0
2026-06-11,6979,勝釩,176.04,175.0,162.0,168.0,28,0,0,0,0,0.0,0.0,0.0
2026-06-11,6980,鐳洋科技,157.66,157.5,142.0,145.5,191,0,-1,0,0,0.0,0.0,0.0
2026-06-11,6982,大井泵浦,58.1,58.3,57.3,57.4,50,8,-1,0,0,1.19,98.8,100.0
2026-06-11,6983,華洋精機,345.0,349.5,336.0,349.5,64,0,0,0,0,0.12,99.87,100.0
2026-06-11,6984,ACpay,18.25,18.7,18.7,18.7,1,0,0,0,0,0.0,0.0,0.0
2026-06-11,6986,和迅,62.58,62.0,60.0,60.2,122,0,0,0,0,0.0,0.0,0.0
2026-06-11,6987,寶晶能源*,19.99,20.45,19.8,19.85,98,0,0,0,0,0.0,0.0,0.0
2026-06-11,6988,威力暘-創,14.65,14.65,13.85,13.85,33,0,0,0,-1,3.81,96.18,100.0
2026-06-11,6990,華鉬,214.82,213.0,155.0,175.0,1294,0,-1,0,0,0.0,0.0,0.0
2026-06-11,6994,富威電力,59.4,59.4,56.1,56.3,347,67,-60,0,-2,1.02,98.97,100.0
2026-06-11,6995,野獸國,45.25,46.15,44.85,46.15,34,0,-2,0,0,0.0,0.0,0.0
2026-06-11,6996,力領科技,201.0,206.5,193.5,199.0,219,91,2,0,4,3.98,96.01,100.0
2026-06-11,6997,博弘,78.3,78.6,78.0,78.0,9,0,0,0,0,20.13,79.86,100.0
2026-06-11,6999,瀚醫生技,30.25,0.0,0.0,0.0,0,0,0,0,0,0.0,0.0,0.0
2026-06-11,7402,邑錡,91.6,92.8,89.0,91.0,336,92,7,0,0,6.05,93.94,100.0
2026-06-11,7419,達勝,82.24,80.5,75.0,78.1,235,0,-6,0,0,0.0,0.0,0.0
2026-06-11,7427,華上生醫,34.07,34.4,33.35,34.15,65,0,0,0,0,0.0,0.0,0.0
2026-06-11,7443,凡事康,9.46,9.5,9.41,9.5,7,0,0,0,0,0.0,0.0,0.0
2026-06-11,7455,樺緯物聯,57.5,0.0,0.0,0.0,0,0,0,0,0,0.0,0.0,0.0
2026-06-11,7507,環拓科技,20.44,21.0,19.65,21.0,76,0,4,0,0,0.0,0.0,0.0
2026-06-11,7516,清淨海,8.75,9.05,8.6,8.6,30,0,0,0,0,0.0,0.0,0.0
2026-06-11,7530,鋒魁科技,44.96,44.95,40.0,41.0,729,0,-66,0,0,0.0,0.0,0.0
2026-06-11,7547,碩網,58.3,58.5,56.6,57.6,68,16,11,0,0,24.0,75.99,100.0
2026-06-11,7551,知識科技,13.04,13.05,12.35,13.05,20,0,0,0,0,0.0,0.0,0.0
2026-06-11,7556,意德士,268.0,268.5,260.0,266.0,130,47,-10,0,0,4.19,95.8,100.0
2026-06-11,7558,群利科技,22.09,21.05,19.55,20.0,48,0,1,0,0,0.0,0.0,0.0
2026-06-11,7561,光晟生技,19.15,19.15,18.95,19.15,6,0,0,0,0,0.0,0.0,0.0
2026-06-11,7562,博來科技,58.38,61.5,58.5,61.5,24,0,1,0,0,0.0,0.0,0.0
2026-06-11,7566,亞果遊艇,12.66,12.85,12.55,12.85,77,0,-4,0,0,0.0,0.0,0.0
2026-06-11,7575,安美得,18.65,20.0,19.0,19.25,62,0,3,0,0,0.0,0.0,0.0
2026-06-11,7578,利百景,31.65,31.5,30.7,31.45,47,0,2,0,0,0.0,0.0,0.0
2026-06-11,7583,國際海洋,46.26,45.2,42.3,43.65,23,0,0,0,0,0.0,0.0,0.0
2026-06-11,7584,樂意,25.35,26.45,24.85,26.45,16,7,0,0,0,19.7,80.29,100.0
2026-06-11,7590,怡和國際,20.61,21.1,19.9,20.95,178,0,3,0,0,0.0,0.0,0.0
2026-06-11,7595,世基生醫,7.44,8.09,7.4,8.09,44,0,-2,0,0,0.0,0.0,0.0
2026-06-11,7607,通用幹細胞*,13.62,14.55,13.9,14.55,28,0,3,0,0,0.0,0.0,0.0
2026-06-11,7610,聯友金屬-創,1605.0,1605.0,1555.0,1555.0,376,0,36,0,0,14.68,85.31,100.0
2026-06-11,7631,聚賢研發-創,127.0,131.5,124.0,127.0,73,0,-7,0,2,0.82,99.17,100.0
2026-06-11,7642,昶瑞機電,75.2,75.2,71.3,73.5,34,1,0,0,0,0.28,99.71,100.0
2026-06-11,7669,碩正科技,653.08,640.0,601.0,627.0,161,0,-3,0,0,0.0,0.0,0.0
2026-06-11,7689,大鵬科CLMX,243.22,246.0,235.5,245.0,48,0,1,0,0,0.0,0.0,0.0
2026-06-11,7702,前端風電,21.59,21.0,19.9,20.0,29,0,1,0,0,0.0,0.0,0.0
2026-06-11,7703,銳澤,187.0,192.0,186.0,190.0,91,14,-4,0,0,2.52,97.47,100.0
2026-06-11,7704,明遠精密,55.5,61.8,55.5,61.1,98,28,-8,0,0,1.16,98.83,100.0
2026-06-11,7705,三商餐飲,31.5,31.6,31.0,31.0,77,7,-18,0,1,2.25,97.74,100.0
2026-06-11,7706,宏碁創達,36.09,0.0,0.0,0.0,0,0,0,0,0,0.0,0.0,0.0
2026-06-11,7707,益芯科,147.61,145.0,135.0,140.5,104,0,-1,0,0,0.0,0.0,0.0
2026-06-11,7708,全家餐飲,94.2,94.2,92.5,93.2,12,0,0,0,0,0.42,99.57,100.0
2026-06-11,7709,榮田,112.5,117.0,106.0,112.0,107,0,-11,0,-1,2.1,97.89,100.0
2026-06-11,7710,東擎科技,265.87,271.0,251.5,266.0,18,0,0,0,0,0.0,0.0,0.0
2026-06-11,7711,永擎,353.5,365.0,351.0,357.5,562,183,70,0,0,1.18,98.81,100.0
2026-06-11,7712,博盛半導體,142.5,144.0,134.5,138.5,326,154,1,0,-15,2.01,97.98,100.0
2026-06-11,7713,威力德生醫,71.5,71.5,70.1,70.4,7,0,-3,0,0,0.09,99.9,100.0
2026-06-11,7714,創泓科技,128.5,132.0,122.5,127.0,107,25,-12,0,0,1.17,98.82,100.0
2026-06-11,7715,裕山,28.25,28.35,27.8,27.8,56,8,6,0,0,0.73,99.26,100.0
2026-06-11,7716,昱臺國際,24.1,25.4,24.1,25.1,8,0,0,0,0,0.0,99.99,100.0
2026-06-11,7717,萊德光電-KY,665.0,682.0,589.0,599.0,1598,898,-5,0,6,17.11,82.88,100.0
2026-06-11,7718,友鋮,47.0,47.85,47.0,47.5,11,0,0,0,0,0.8,99.19,100.0
2026-06-11,7719,碳基,41.06,41.5,38.05,39.4,506,0,-43,0,0,0.0,0.0,0.0
2026-06-11,7721,微程式,76.1,77.6,75.1,75.8,351,155,-15,0,2,2.19,97.8,100.0
2026-06-11,7722,LINEPAY,356.0,379.0,355.0,370.5,1286,492,-102,0,0,58.68,41.31,100.0
2026-06-11,7723,築間,22.7,22.8,22.6,22.6,69,2,-18,0,0,0.85,99.14,100.0
2026-06-11,7724,諾亞克,21.45,21.45,21.35,21.45,5,0,0,0,0,0.0,0.0,0.0
2026-06-11,7725,列特博,22.4,22.45,21.75,21.75,8,0,1,0,0,0.0,0.0,0.0
2026-06-11,7726,暄達,32.5,32.4,32.4,32.4,0,0,0,0,0,0.0,0.0,0.0
2026-06-11,7728,光焱科技,739.0,739.0,680.0,714.0,118,49,-10,0,0,1.77,98.22,100.0
2026-06-11,7729,仲恩生醫,74.12,78.0,73.1,75.1,252,0,0,0,0,0.0,0.0,0.0
2026-06-11,7730,暉盛-創,176.5,185.0,172.5,179.0,102,41,18,0,-1,2.23,97.76,100.0
2026-06-11,7731,火星生技*,5.6,5.8,5.38,5.56,1374,0,0,0,0,0.0,0.0,0.0
2026-06-11,7732,金興精密,35.7,35.7,35.7,35.7,3,0,2,0,0,0.33,99.66,100.0
2026-06-11,7734,印能科技,3150.0,3340.0,2990.0,3080.0,358,153,-36,45,-6,2.95,97.04,100.0
2026-06-11,7735,台智雲,234.09,230.0,209.5,223.0,76,0,1,0,0,0.0,0.0,0.0
2026-06-11,7736,虎山,73.0,73.0,70.5,72.4,7,1,1,0,0,1.19,98.8,100.0
2026-06-11,7737,凱鈿,42.11,43.55,41.4,43.0,16,0,0,0,0,0.0,0.0,0.0
2026-06-11,7738,東聯互動,169.0,169.0,167.5,169.0,44,2,-9,0,0,0.37,99.62,100.0
2026-06-11,7740,熙特爾-創,173.0,173.0,165.0,169.0,114,36,-22,0,-4,5.67,94.32,100.0
2026-06-11,7742,天弘化,165.27,160.0,140.0,145.0,751,0,-7,0,0,0.0,0.0,0.0
2026-06-11,7743,金利食安,18.1,18.5,18.1,18.5,4,0,0,0,0,2.87,97.12,100.0
2026-06-11,7744,崴寶,483.5,504.0,466.0,501.0,185,60,-33,0,0,28.58,71.41,100.0
2026-06-11,7745,紅陽,16.16,16.1,16.1,16.1,0,0,0,0,0,0.0,0.0,0.0
2026-06-11,7747,昕奇雲端,129.5,129.5,124.5,128.0,10,0,0,0,0,0.71,99.28,100.0
2026-06-11,7748,鑫囍創業,19.03,19.75,19.75,19.75,0,0,0,0,0,0.0,0.0,0.0
2026-06-11,7749,意騰-KY,524.0,545.0,501.0,508.0,1631,701,263,0,-72,25.44,74.55,100.0
2026-06-11,7750,新代,2135.0,2140.0,1980.0,2090.0,394,140,55,0,-2,17.77,82.22,100.0
2026-06-11,7751,竑騰,1370.0,1400.0,1255.0,1320.0,453,212,72,-50,-8,6.12,93.87,100.0
2026-06-11,7752,世紀樺欣,38.59,38.9,37.55,38.4,23,0,0,0,0,0.0,0.0,0.0
2026-06-11,7753,星亞,41.9,41.9,41.4,41.6,40,8,-3,0,0,0.18,99.81,100.0
2026-06-11,7754,安基生技,57.89,58.6,57.5,58.6,62,0,0,0,0,0.0,0.0,0.0
2026-06-11,7756,多那之,39.9,40.0,38.0,40.0,3,0,0,0,0,0.0,0.0,0.0
2026-06-11,7757,金色三麥,103.0,103.0,101.0,102.5,44,6,-3,0,0,19.38,80.61,100.0
2026-06-11,7758,睿騰能源,41.17,42.0,42.0,42.0,1,0,0,0,0,0.0,0.0,0.0
2026-06-11,7759,視航生醫,29.93,30.5,29.0,29.3,39,0,0,0,0,0.0,0.0,0.0
2026-06-11,7760,享溫馨,32.1,32.25,31.75,32.0,53,0,2,0,-12,0.35,99.64,100.0
2026-06-11,7761,三大未來,39.45,39.65,38.2,39.6,99,0,-3,0,0,0.0,0.0,0.0
2026-06-11,7762,吉晟生,49.29,50.3,48.7,50.2,7,0,0,0,0,0.0,0.0,0.0
2026-06-11,7763,崇舜,194.77,193.0,185.5,190.0,79,0,0,0,0,0.0,0.0,0.0
2026-06-11,7764,聖州,12.67,12.9,12.25,12.8,71,0,0,0,0,0.0,0.0,0.0
2026-06-11,7765,中華資安,245.0,246.0,239.5,242.5,106,6,-13,0,-11,0.4,99.59,100.0
2026-06-11,7767,仁大資訊,42.3,42.6,42.3,42.6,19,0,0,0,0,0.1,99.89,100.0
2026-06-11,7768,頌勝科技,384.5,387.5,364.0,373.5,266,0,-41,0,-1,0.96,99.03,100.0
2026-06-11,7769,鴻勁,7000.0,7070.0,6620.0,7055.0,794,407,50,25,7,19.7,80.29,100.0
2026-06-11,7770,君曜,42.0,42.15,42.0,42.0,13,0,0,0,-1,0.19,99.8,100.0
2026-06-11,7771,綠基,54.16,54.9,52.4,54.9,0,0,0,0,0,0.0,0.0,0.0
2026-06-11,7772,耀穎,142.5,143.5,134.5,143.5,196,0,19,0,0,0.23,99.76,100.0
2026-06-11,7773,富禾生醫,28.9,29.4,27.0,27.5,20,0,0,0,0,0.0,0.0,0.0
2026-06-11,7776,奧孟亞,24.22,24.9,23.8,23.8,12,0,0,0,0,0.0,0.0,0.0
2026-06-11,7777,能率亞洲,37.1,38.15,36.1,37.55,1877,668,-60,0,-8,0.46,99.53,100.0
2026-06-11,7779,鍇睿國際,13.08,13.2,13.2,13.2,0,0,0,0,0,0.0,0.0,0.0
2026-06-11,7780,大研生醫*,18.55,18.55,18.05,18.4,1684,353,-232,0,19,0.48,99.51,100.0
2026-06-11,7781,昕力資*,29.49,29.65,28.7,29.15,1621,0,-42,0,0,0.0,0.0,0.0
2026-06-11,7782,光速火箭,25.0,25.0,25.0,25.0,7,0,-1,0,0,0.35,99.64,100.0
2026-06-11,7783,佳運,90.76,91.0,86.6,86.6,24,0,1,0,0,0.0,0.0,0.0
2026-06-11,7784,安邦生技*,12.45,12.5,10.9,12.2,880,0,0,0,0,0.0,0.0,0.0
2026-06-11,7785,北祥科服,39.48,40.0,38.0,40.0,10,0,0,0,0,0.0,0.0,0.0
2026-06-11,7786,東方風能,126.0,132.5,122.0,130.0,949,318,40,0,0,1.25,98.74,100.0
2026-06-11,7788,松川精密,263.0,280.5,256.5,271.0,7256,3820,662,0,7,9.82,90.17,100.0
2026-06-11,7789,開展,32.43,33.9,33.9,33.9,0,0,0,0,0,0.0,0.0,0.0
2026-06-11,7790,思必瑞特,48.98,50.7,50.5,50.7,0,0,0,0,0,0.0,0.0,0.0
2026-06-11,7791,皇家可口,62.1,62.9,62.1,62.7,39,2,-3,0,0,0.37,99.62,100.0
2026-06-11,7792,安葆,260.5,261.5,250.0,259.0,118,22,23,0,0,17.82,82.17,100.0
2026-06-11,7794,宏碁智新,31.2,31.95,31.2,31.75,61,0,-11,0,-18,1.51,98.48,100.0
2026-06-11,7795,長廣,359.0,366.0,341.0,350.0,451,0,-66,0,0,8.31,91.68,100.0
2026-06-11,7796,擷發科,93.75,93.0,89.7,91.8,57,0,-3,0,0,0.0,0.0,0.0
2026-06-11,7797,Q Burger,63.71,65.0,65.0,65.0,1,0,0,0,0,0.0,0.0,0.0
2026-06-11,7798,將捷,16.58,16.9,16.35,16.55,46,0,0,0,0,0.0,0.0,0.0
2026-06-11,7799,禾榮科,340.5,342.0,329.0,334.5,286,89,-62,0,3,3.48,96.51,100.0
2026-06-11,7801,華芸科技,133.11,132.0,129.0,130.0,50,0,-1,0,0,0.0,0.0,0.0
2026-06-11,7803,雲象科技-創,22.45,23.4,22.4,22.8,188,0,-33,0,0,2.61,97.38,100.0
2026-06-11,7805,威聯通,693.0,699.0,678.0,688.0,152,40,-31,0,-3,10.27,89.72,100.0
2026-06-11,7806,精華生醫,64.0,64.0,64.0,64.0,0,0,0,0,0,0.0,0.0,0.0
2026-06-11,7808,訊聯智藥,36.82,37.9,36.1,37.0,12,0,0,0,0,0.0,0.0,0.0
2026-06-11,7810,捷創科技,196.5,203.0,196.5,199.5,61,15,0,0,-2,0.44,99.55,100.0
2026-06-11,7811,民盛,80.4,80.5,80.4,80.5,5,0,0,0,0,0.35,99.64,100.0
2026-06-11,7812,稜研科技*,81.41,90.3,78.6,83.8,132,0,-5,0,0,0.0,0.0,0.0
2026-06-11,7813,宇辰系統,128.57,136.5,128.0,136.5,105,0,0,0,0,0.0,0.0,0.0
2026-06-11,7814,海昌生技,38.72,39.35,38.1,39.3,16,0,0,0,0,0.0,0.0,0.0
2026-06-11,7815,新特,410.22,407.0,388.5,395.0,98,0,0,0,0,0.0,0.0,0.0
2026-06-11,7816,來穎,63.72,64.4,62.4,63.5,45,0,0,0,0,0.0,0.0,0.0
2026-06-11,7818,溢泰實業,63.0,63.0,61.2,62.0,190,0,-29,0,0,0.15,99.84,100.0
2026-06-11,7819,精誠金融,47.7,47.7,45.8,46.0,84,0,0,0,-14,2.03,97.96,100.0
2026-06-11,7820,立盈,117.0,119.0,115.0,117.0,36,0,5,0,0,0.33,99.66,100.0
2026-06-11,7821,神數,43.9,44.8,43.45,44.65,183,0,65,0,1,0.77,99.22,100.0
2026-06-11,7822,倍利科,1000.0,1000.0,905.0,946.0,360,0,77,0,3,0.74,99.25,100.0
2026-06-11,7823,奧義賽博-KY創,83.5,84.5,83.5,83.5,11,0,-1,0,0,25.9,74.09,100.0
2026-06-11,7824,智寶,46.0,46.0,44.0,46.0,2,0,0,0,0,0.0,0.0,0.0
2026-06-11,7825,和亞智慧,101.87,100.0,92.2,94.2,284,0,2,0,0,0.0,0.0,0.0
2026-06-11,7826,極風雲創,42.08,42.1,41.15,41.15,4,0,0,0,0,0.0,0.0,0.0
2026-06-11,7827,漢康-KY創,153.0,158.5,153.0,157.0,575,0,-50,0,0,21.59,78.4,100.0
2026-06-11,7828,創新服務,1650.0,1790.0,1630.0,1790.0,687,0,98,127,-9,23.05,76.94,100.0
2026-06-11,7829,思捷優達-KY,40.89,42.5,39.55,41.0,102,0,0,0,0,0.0,0.0,0.0
2026-06-11,7831,捷博,35.95,0.0,0.0,0.0,0,0,0,0,0,0.0,0.0,0.0
2026-06-11,7832,智新生技*,11.12,11.15,10.8,11.0,136,0,0,0,0,0.0,0.0,0.0
2026-06-11,7833,綠岩能源,25.7,25.6,25.25,25.6,6,0,0,0,0,0.0,0.0,0.0
2026-06-11,7834,來毅數位,18.95,18.5,18.1,18.5,6,0,0,0,0,0.0,0.0,0.0
2026-06-11,7836,智生活,50.78,52.9,51.2,52.9,15,0,0,0,0,0.0,0.0,0.0
2026-06-11,7837,啟新生,99.02,97.0,95.0,95.5,7,0,0,0,0,0.0,0.0,0.0
2026-06-11,7839,達人網,56.77,57.0,54.2,57.0,10,0,0,0,0,0.0,0.0,0.0
2026-06-11,7840,祥圃,36.59,36.5,36.5,36.5,13,0,0,0,0,0.0,0.0,0.0
2026-06-11,7841,經貿聯網,28.4,28.0,27.7,28.0,1,0,0,0,0,0.0,0.0,0.0
2026-06-11,7842,天能綠電,107.5,107.5,103.0,106.0,49,0,-4,0,0,0.01,99.98,100.0
2026-06-11,7843,英柏得,136.84,146.0,134.0,139.0,174,0,0,0,0,0.0,0.0,0.0
2026-06-11,7846,德揚,61.81,63.0,60.0,62.7,17,0,2,0,0,0.0,0.0,0.0
2026-06-11,7847,豊漁,20.1,20.5,19.5,19.5,2,0,0,0,0,0.0,0.0,0.0
2026-06-11,7848,騏億鑫,435.1,436.0,425.0,430.0,23,0,0,0,0,0.0,0.0,0.0
2026-06-11,7849,旭誼,151.72,161.0,153.0,161.0,1,0,0,0,0,0.0,0.0,0.0
2026-06-11,7850,寶泰生醫,17.25,17.4,16.8,17.35,86,0,0,0,0,0.0,0.0,0.0
2026-06-11,7851,慧康生技*-KY,34.52,34.8,33.8,34.8,4,0,0,0,0,0.0,0.0,0.0
2026-06-11,7853,政美應用,368.26,364.5,326.5,350.0,1122,0,-17,0,0,0.0,0.0,0.0
2026-06-11,7854,佐茂,87.23,89.5,84.1,86.9,30,0,2,0,0,0.0,0.0,0.0
2026-06-11,7855,和運租車,98.75,95.1,95.1,95.1,0,0,0,0,0,0.0,0.0,0.0
2026-06-11,7856,漢測,3035.93,3095.0,2770.0,2970.0,171,0,20,0,0,0.0,0.0,0.0
2026-06-11,7857,合水先進,46.9,47.95,45.65,47.95,22,0,0,0,0,0.0,0.0,0.0
2026-06-11,7858,芝普,198.35,187.0,165.0,180.5,173,0,1,0,0,0.0,0.0,0.0
2026-06-11,7860,得生製藥,54.93,59.4,55.9,59.4,19,0,0,0,0,0.0,0.0,0.0
2026-06-11,7861,貝爾威勒,1378.59,1375.0,1160.0,1295.0,357,0,-2,0,0,0.0,0.0,0.0
2026-06-11,7862,聚泰,29.75,31.7,29.7,29.7,148,0,0,0,0,0.0,0.0,0.0
2026-06-11,7863,中科物流,50.4,50.0,44.65,46.5,25,0,0,0,0,0.0,0.0,0.0
2026-06-11,7865,金聯成,67.02,67.9,62.8,65.0,81,0,1,0,0,0.0,0.0,0.0
2026-06-11,7866,丹立,205.61,215.5,195.0,199.0,313,0,-9,0,0,0.0,0.0,0.0
2026-06-11,7867,特力屋,56.04,54.6,52.5,53.7,31,0,0,0,0,0.0,0.0,0.0
2026-06-11,7868,聖育,81.68,78.0,69.8,71.3,182,0,-3,0,0,0.0,0.0,0.0
2026-06-11,7869,宏于電機,384.26,400.0,381.5,400.0,0,0,0,0,0,0.0,0.0,0.0
2026-06-11,7870,聯剛科技,156.55,155.0,151.0,152.0,18,0,0,0,0,0.0,0.0,0.0
2026-06-11,7871,安立璽榮-KY,75.02,75.0,68.6,72.0,737,0,-5,0,0,0.0,0.0,0.0
2026-06-11,7872,登豐,53.67,53.9,50.6,52.8,81,0,-3,0,0,0.0,0.0,0.0
2026-06-11,7873,瑞峰,219.31,221.0,207.5,216.0,329,0,-8,0,0,0.0,0.0,0.0
2026-06-11,7875,安圖斯,141.51,145.5,137.5,142.0,15,0,0,0,0,0.0,0.0,0.0
2026-06-11,7876,鼎晉生技,35.68,36.0,35.0,36.0,91,0,0,0,0,0.0,0.0,0.0
2026-06-11,7877,海利普,40.33,40.65,39.6,40.45,53,0,0,0,0,0.0,0.0,0.0
2026-06-11,7878,藥祇,248.15,254.0,230.0,237.0,309,0,0,0,0,0.0,0.0,0.0
2026-06-11,7879,益材科技,104.04,106.0,99.0,101.0,231,0,0,0,0,0.0,0.0,0.0
2026-06-11,7880,聖凰,177.8,175.0,164.5,169.0,145,0,0,0,0,0.0,0.0,0.0
2026-06-11,7881,科明,96.88,99.5,95.6,98.8,5,0,0,0,0,0.0,0.0,0.0
2026-06-11,7882,倍利創投,20.72,21.2,20.1,20.55,157,0,0,0,0,0.0,0.0,0.0
2026-06-11,7883,饗賓,247.99,256.5,242.0,250.5,32,0,0,0,0,0.0,0.0,0.0
2026-06-11,7885,宏羚,28.65,28.5,27.25,27.5,6,0,0,0,0,0.0,0.0,0.0
2026-06-11,7886,科建,166.77,166.0,148.5,154.5,94,0,-1,0,0,0.0,0.0,0.0
2026-06-11,7887,宇川精材,203.76,210.5,183.0,195.5,988,0,23,0,0,0.0,0.0,0.0
2026-06-11,7888,麗寶新藥,37.3,37.5,36.75,37.1,24,0,0,0,0,0.0,0.0,0.0
2026-06-11,7889,騰勢,81.56,80.6,80.5,80.6,7,0,0,0,0,0.0,0.0,0.0
2026-06-11,7890,明曜科技,114.5,114.5,109.0,114.0,10,0,0,0,0,0.0,0.0,0.0
2026-06-11,7891,博研醫藥,24.57,24.2,24.2,24.2,3,0,0,0,0,0.0,0.0,0.0
2026-06-11,7892,元鈦科,821.92,817.0,764.0,803.0,151,0,0,0,0,0.0,0.0,0.0
2026-06-11,7893,睿信,199.11,198.0,184.0,189.5,63,0,-4,0,0,0.0,0.0,0.0
2026-06-11,7895,元進莊,68.8,69.3,67.1,69.0,5,0,0,0,0,0.0,0.0,0.0
2026-06-11,7896,喬越,221.29,223.0,210.0,215.0,7,0,0,0,0,0.0,0.0,0.0
2026-06-11,7897,禾迅綠電,41.45,42.6,41.0,42.6,4,0,0,0,0,0.0,0.0,0.0
2026-06-11,7898,乾瞻,597.4,600.0,555.0,595.0,55,0,0,0,0,0.0,0.0,0.0
2026-06-11,7899,景美,454.69,451.5,433.5,444.5,170,0,1,0,0,0.0,0.0,0.0
2026-06-11,7901,大大寬頻,71.98,73.1,70.1,72.3,13,0,0,0,0,0.0,0.0,0.0
2026-06-11,7902,宇越生醫*,36.38,36.0,30.6,32.5,565,0,0,0,0,0.0,0.0,0.0
2026-06-11,7904,任開數位,18.69,18.1,18.0,18.05,8,0,0,0,0,0.0,0.0,0.0
2026-06-11,7907,錸恩帕斯,248.62,251.0,232.0,243.0,37,0,0,0,0,0.0,0.0,0.0
2026-06-11,7909,鈺祥,693.58,692.0,666.0,678.0,123,0,-15,0,0,0.0,0.0,0.0
2026-06-11,7911,阿波羅電力,167.64,171.5,152.0,159.0,170,0,2,0,0,0.0,0.0,0.0
2026-06-11,7912,新聿科,471.58,479.5,445.5,455.5,53,0,-3,0,0,0.0,0.0,0.0
2026-06-11,7913,通寶半導體,349.53,342.5,325.0,328.0,88,0,-3,0,0,0.0,0.0,0.0
2026-06-11,7915,廌家,542.89,543.0,500.0,512.0,31,0,-2,0,0,0.0,0.0,0.0
2026-06-11,7918,創鉅材料,1197.82,1550.0,1230.0,1470.0,780,0,3,0,0,0.0,0.0,0.0
2026-06-11,7919,禾蒼,66.74,67.1,60.0,63.5,91,0,2,0,0,0.0,0.0,0.0
2026-06-11,7920,瀚陽*,15.09,14.8,13.05,13.85,5880,0,-91,0,0,0.0,0.0,0.0
2026-06-11,7921,台普威,124.19,121.5,113.5,113.5,142,0,5,0,0,0.0,0.0,0.0
2026-06-11,7922,源點*,104.57,105.5,102.5,103.5,5,0,0,0,0,0.0,0.0,0.0
2026-06-11,8011,台通,17.9,18.25,17.6,17.95,959,239,-381,0,1,3.07,96.92,100.0
2026-06-11,8016,矽創,288.0,294.5,283.0,286.5,1378,296,141,72,-2,36.46,63.53,100.0
2026-06-11,8021,尖點,529.0,581.0,501.0,570.0,28431,18230,-325,732,-194,23.85,76.14,100.0
2026-06-11,8024,佑華,11.8,12.15,11.8,12.15,52,0,0,0,0,1.8,98.19,100.0
2026-06-11,8027,鈦昇,229.5,244.5,220.0,231.5,10743,6998,-460,0,-200,7.42,92.57,100.0
2026-06-11,8028,昇陽半導體,313.0,316.0,285.0,304.0,8963,3528,-204,788,-65,24.89,75.1,100.0
2026-06-11,8032,光菱,44.3,44.7,42.7,43.25,220,49,59,0,0,1.77,98.22,100.0
2026-06-11,8033,雷虎,127.5,129.0,126.0,126.5,1670,494,-247,0,1,3.47,96.52,100.0
2026-06-11,8034,榮群,23.35,23.35,23.0,23.2,216,38,-76,0,0,6.75,93.24,100.0
2026-06-11,8038,長園科,41.0,42.3,39.2,41.7,519,0,-154,0,0,0.57,99.42,100.0
2026-06-11,8039,台虹,127.5,138.0,126.5,136.0,7843,3838,777,5,174,14.97,85.02,100.0
2026-06-11,8040,九暘,97.1,99.4,93.6,96.5,1740,817,90,0,30,4.06,95.93,100.0
2026-06-11,8042,金山電,145.0,155.0,127.0,155.0,18053,9908,-3628,0,-266,12.52,87.47,100.0
2026-06-11,8043,蜜望實,213.5,216.0,187.0,191.5,44492,33997,-4881,0,-55,6.55,93.44,100.0
2026-06-11,8044,網家,30.2,30.55,29.25,29.55,1320,447,102,0,5,5.75,94.24,100.0
2026-06-11,8045,達運光電,60.1,62.4,59.4,61.6,182,73,-21,0,-2,1.28,98.71,100.0
2026-06-11,8046,南電,845.0,863.0,777.0,807.0,19365,12614,-1641,-169,172,12.9,87.09,100.0
2026-06-11,8047,星雲,51.7,53.0,49.1,52.3,159,0,-23,0,0,5.33,94.66,100.0
2026-06-11,8048,德勝,61.2,63.7,61.0,62.8,407,156,73,0,-4,7.55,92.44,100.0
2026-06-11,8049,晶采,26.15,26.25,25.95,26.15,176,30,46,0,0,2.85,97.14,100.0
2026-06-11,8050,廣積,56.0,58.5,55.7,58.5,1194,323,187,0,1,2.63,97.36,100.0
2026-06-11,8054,安國,101.0,102.5,97.0,99.5,1382,705,-119,0,-19,3.91,96.08,100.0
2026-06-11,8058,耐特,97.29,97.9,94.7,97.0,50,0,0,0,0,0.0,0.0,0.0
2026-06-11,8059,凱碩,18.2,18.3,17.65,17.9,303,0,4,0,0,0.62,99.37,100.0
2026-06-11,8064,東捷,140.5,143.0,130.0,133.0,12690,7727,282,5,-18,9.48,90.51,100.0
2026-06-11,8066,來思達,15.15,15.2,14.85,15.05,82,10,-41,0,0,3.07,96.92,100.0
2026-06-11,8067,志旭,13.1,13.1,12.3,12.3,6,0,0,0,0,8.37,91.62,100.0
2026-06-11,8068,全達,18.95,19.2,17.9,18.45,331,100,34,0,0,8.83,91.16,100.0
2026-06-11,8069,元太,190.5,193.5,183.0,190.5,9764,3055,1606,-1832,95,41.65,58.34,100.0
2026-06-11,8070,長華*,57.8,59.1,56.5,58.8,14766,5197,5207,-59,221,14.58,85.41,100.0
2026-06-11,8071,能率網通,23.0,24.95,22.7,24.95,9611,4476,-263,0,114,2.98,97.01,100.0
2026-06-11,8072,陞泰,28.6,28.6,27.45,28.05,225,65,-5,0,0,1.94,98.05,100.0
2026-06-11,8074,鉅橡,72.5,73.5,67.7,70.0,2058,1081,-290,0,-13,5.53,94.46,100.0
2026-06-11,8076,伍豐,27.2,27.9,26.7,26.9,2740,1240,-14,0,100,5.98,94.01,100.0
2026-06-11,8077,洛碁,52.9,53.4,50.0,51.9,23,0,0,0,0,51.12,48.87,100.0
2026-06-11,8080,永利聯合,27.9,28.4,27.9,28.4,9,0,0,0,0,0.1,99.89,100.0
2026-06-11,8080,泰霖,27.9,28.4,27.9,28.4,9,0,0,0,0,0.1,99.89,100.0
2026-06-11,8081,致新,258.0,276.0,258.0,273.0,1065,365,22,5,83,19.49,80.5,100.0
2026-06-11,8083,瑞穎,172.0,172.5,170.0,172.0,41,22,-6,0,2,3.29,96.7,100.0
2026-06-11,8084,巨虹,47.6,47.6,46.1,46.9,52,0,-24,0,0,0.97,99.02,100.0
2026-06-11,8085,福華,12.8,13.05,12.45,12.7,299,0,-57,0,0,2.27,97.72,100.0
2026-06-11,8086,宏捷科,147.0,150.5,140.5,145.5,3493,1596,11,0,-150,23.12,76.87,100.0
2026-06-11,8087,華鎂鑫,37.45,37.45,34.1,34.1,285,39,-35,0,0,3.2,96.79,100.0
2026-06-11,8087,麗升能源,37.45,37.45,34.1,34.1,285,39,-35,0,0,3.2,96.79,100.0
2026-06-11,8088,品安,57.7,59.8,56.3,57.7,1855,968,-29,0,0,4.01,95.98,100.0
2026-06-11,8089,康全電訊,21.0,21.25,20.45,20.8,642,196,-140,0,0,4.17,95.82,100.0
2026-06-11,8091,翔名,235.0,245.0,230.5,237.0,608,190,23,0,-30,11.53,88.46,100.0
2026-06-11,8092,建暐,14.85,14.9,14.4,14.7,72,18,5,0,0,0.26,99.73,100.0
2026-06-11,8093,保銳,18.3,18.7,18.3,18.7,5,0,-1,0,0,0.05,99.94,100.0
2026-06-11,8096,擎亞,120.0,128.0,117.0,121.0,10798,7100,-351,0,96,34.66,65.33,100.0
2026-06-11,8097,常珵,59.0,61.5,59.0,59.1,140,24,-40,0,0,2.64,97.35,100.0
2026-06-11,8098,慶康科技,362.07,369.0,348.5,360.0,41,0,0,0,0,0.0,0.0,0.0
2026-06-11,8099,大世科,60.5,61.4,59.4,60.1,86,15,-9,0,0,2.83,97.16,100.0
2026-06-11,8101,華冠,15.15,15.2,15.05,15.05,17,0,0,0,0,0.05,99.94,100.0
2026-06-11,8102,傑霖科技,69.3,72.4,68.9,72.0,24,0,-4,0,0,0.06,99.93,100.0
2026-06-11,8103,瀚荃,93.9,96.1,90.3,94.2,948,418,-4,0,-57,22.36,77.63,100.0
2026-06-11,8104,錸寶,39.25,39.85,38.0,38.6,1229,545,59,0,1,1.89,98.1,100.0
2026-06-11,8105,凌巨,20.05,21.45,19.8,20.45,17391,10453,-460,0,0,39.49,60.5,100.0
2026-06-11,8107,大億金茂,12.3,12.3,12.0,12.1,84,5,-13,0,0,0.59,99.4,100.0
2026-06-11,8109,博大,118.5,119.0,116.5,118.5,136,35,-3,15,-4,5.09,94.9,100.0
2026-06-11,8110,華東,51.6,55.5,51.3,53.6,15051,9761,923,0,-11,1.99,98.0,100.0
2026-06-11,8111,立碁,55.0,56.3,54.5,55.5,1007,268,159,0,-26,5.24,94.75,100.0
2026-06-11,8112,至上,95.1,97.6,90.7,95.5,54814,33569,-3808,-220,54,19.13,80.86,100.0
2026-06-11,8114,振樺電,202.0,212.5,200.0,208.0,1466,732,180,0,42,12.65,87.34,100.0
2026-06-11,8119,公信,10.33,10.8,10.35,10.35,100,0,-5,0,0,0.0,0.0,0.0
2026-06-11,8121,越峰,45.1,45.2,40.6,43.5,4968,0,179,0,13,3.51,96.48,100.0
2026-06-11,8131,福懋科,66.9,69.7,64.5,68.7,4251,2339,-791,0,-7,4.2,95.79,100.0
2026-06-11,8147,正淩,144.5,150.5,139.0,144.5,857,404,-61,0,-31,19.79,80.2,100.0
2026-06-11,8150,南茂,91.2,97.1,90.4,97.1,65334,37627,5938,2262,-998,42.7,57.29,100.0
2026-06-11,8155,博智,355.0,362.5,335.0,347.5,1008,553,31,2,-33,10.21,89.78,100.0
2026-06-11,8162,微矽電子-創,66.0,67.0,63.0,64.9,327,138,32,0,0,1.15,98.84,100.0
2026-06-11,8163,達方,41.15,43.5,40.8,43.0,6260,3125,820,0,30,8.96,91.03,100.0
2026-06-11,8171,天宇,23.5,23.5,22.75,22.9,205,41,-14,0,10,3.18,96.81,100.0
2026-06-11,8176,智捷,10.3,10.3,10.05,10.25,211,0,-1,0,0,1.12,98.87,100.0
2026-06-11,8182,加高,51.0,54.5,49.25,54.5,16158,10986,762,0,23,54.28,45.71,100.0
2026-06-11,8183,精星,30.8,31.2,30.15,30.45,248,30,0,0,-1,4.23,95.76,100.0
2026-06-11,8201,無敵,13.05,13.05,12.7,12.95,118,0,17,0,0,0.94,99.05,100.0
2026-06-11,8210,勤誠,1460.0,1460.0,1385.0,1440.0,1487,744,-385,271,-10,9.42,90.57,100.0
2026-06-11,8213,志超,35.15,35.65,34.05,35.2,807,378,56,0,5,22.29,77.7,100.0
2026-06-11,8215,明基材,29.05,29.45,27.6,28.55,2374,1109,-309,64,-157,2.18,97.81,100.0
2026-06-11,8222,寶一,34.4,34.4,33.05,33.75,523,131,-128,0,4,2.33,97.66,100.0
2026-06-11,8227,巨有科技,175.5,179.0,163.0,173.5,2022,899,506,0,-58,5.48,94.51,100.0
2026-06-11,8234,新漢,63.3,64.6,61.9,63.7,465,169,-70,0,-5,2.48,97.51,100.0
2026-06-11,8240,華宏,54.5,56.2,52.8,54.9,685,188,262,0,-7,5.84,94.15,100.0
2026-06-11,8249,菱光,49.3,49.9,48.6,49.4,558,181,-34,0,-1,1.0,98.99,100.0
2026-06-11,8255,朋程,163.5,163.5,155.0,159.5,1025,432,241,0,-49,10.63,89.36,100.0
2026-06-11,8261,富鼎,157.5,159.0,150.0,158.0,4971,2780,42,4,-53,4.86,95.13,100.0
2026-06-11,8271,宇瞻,195.5,205.0,189.5,197.0,4733,2098,470,0,-15,10.93,89.06,100.0
2026-06-11,8272,全景軟體,73.0,73.0,69.6,71.7,13,0,0,0,0,0.19,99.8,100.0
2026-06-11,8277,商丞,10.1,10.1,9.78,9.87,220,0,-14,0,0,1.52,98.47,100.0
2026-06-11,8279,生展,95.0,95.3,94.5,95.3,13,0,-3,0,0,5.49,94.5,100.0
2026-06-11,8284,三竹,63.3,63.4,63.1,63.4,10,0,0,0,0,0.91,99.08,100.0
2026-06-11,8289,泰藝,68.0,73.8,67.9,72.6,7007,2993,1804,0,5,5.72,94.27,100.0
2026-06-11,8291,尚茂,46.75,46.75,46.75,46.75,28,0,0,0,0,73.47,26.52,100.0
2026-06-11,8298,威睿,54.55,53.9,48.8,50.0,47,0,-1,0,0,0.0,0.0,0.0
2026-06-11,8299,群聯,2150.0,2250.0,2060.0,2200.0,6753,3862,255,42,-43,36.18,63.81,100.0
2026-06-11,8329,台視,10.2,10.35,10.1,10.1,9,0,0,0,0,0.0,0.0,0.0
2026-06-11,8341,日友,81.5,81.9,80.6,81.0,494,103,103,0,5,4.84,95.15,100.0
2026-06-11,8342,益張,87.4,90.4,87.4,90.4,4,1,0,0,0,0.15,99.84,100.0
2026-06-11,8345,超秦,56.63,57.7,56.2,57.6,11,0,0,0,0,0.0,0.0,0.0
2026-06-11,8349,恒耀,42.3,42.3,41.5,41.95,106,10,-7,0,5,1.4,98.59,100.0
2026-06-11,8354,冠好,16.5,16.5,16.15,16.5,77,8,-31,0,0,0.48,99.51,100.0
2026-06-11,8358,金居,555.0,564.0,510.0,540.0,3313,0,346,-146,-41,33.73,66.26,100.0
2026-06-11,8359,錢櫃,64.64,65.6,64.1,65.6,48,0,0,0,0,0.0,0.0,0.0
2026-06-11,8367,建新國際,40.15,40.2,40.05,40.2,32,1,-16,0,-15,1.51,98.48,100.0
2026-06-11,8374,羅昇,90.2,91.0,86.2,89.1,679,272,79,0,-7,2.2,97.79,100.0
2026-06-11,8383,千附,58.2,59.3,56.9,58.2,619,225,-14,0,-21,13.9,86.09,100.0
2026-06-11,8390,金益鼎,113.0,113.0,107.0,110.5,1803,653,-323,0,-122,16.34,83.65,100.0
2026-06-11,8401,白紗科,22.8,22.85,22.45,22.8,49,15,-5,0,0,0.25,99.74,100.0
2026-06-11,8403,盛弘,19.45,19.55,19.3,19.35,157,8,-65,0,0,1.61,98.38,100.0
2026-06-11,8404,百和興業-KY,17.45,17.45,17.0,17.25,444,109,-53,0,12,52.91,47.08,100.0
2026-06-11,8409,商之器,18.85,19.0,18.85,19.0,2,0,0,0,0,0.13,99.86,100.0
2026-06-11,8410,森田,34.2,34.3,33.8,34.2,8,3,-2,0,0,0.51,99.48,100.0
2026-06-11,8411,福貞-KY,12.25,12.25,12.0,12.2,289,46,5,0,9,53.77,46.22,100.0
2026-06-11,8415,大國鋼,34.65,35.2,34.65,35.1,466,86,247,0,-81,6.77,93.22,100.0
2026-06-11,8416,實威,181.5,181.5,179.0,181.0,10,0,0,0,0,0.75,99.24,100.0
2026-06-11,8421,旭源,12.55,12.8,12.5,12.65,43,7,-4,0,0,0.53,99.46,100.0
2026-06-11,8422,可寧衛,30.4,30.4,28.8,29.25,31527,14534,-1057,-2865,-45,5.73,94.26,100.0
2026-06-11,8422,可寧衛*,30.4,30.4,28.8,29.25,31527,14534,-1057,-2865,-45,5.73,94.26,100.0
2026-06-11,8423,保綠-KY,17.9,17.9,17.7,17.8,19,1,-1,0,0,24.94,75.05,100.0
2026-06-11,8424,惠普,68.1,69.7,67.8,69.6,86,1,4,0,0,0.52,99.47,100.0
2026-06-11,8426,紅木-KY,20.95,21.2,20.65,20.85,38,10,-6,0,0,67.3,32.69,100.0
2026-06-11,8427,基勝-KY,44.0,44.6,44.0,44.2,12,0,0,0,0,0.0,0.0,0.0
2026-06-11,8429,金麗-KY,6.7,6.7,6.42,6.6,282,75,-21,0,1,28.66,71.33,100.0
2026-06-11,8431,匯鑽科,48.05,48.4,46.25,47.6,681,211,225,0,-15,3.14,96.85,100.0
2026-06-11,8432,東生華,53.2,53.2,52.6,53.1,108,9,-12,0,0,0.84,99.15,100.0
2026-06-11,8433,弘帆,52.5,53.8,52.5,53.1,27,6,-2,0,0,1.03,98.96,100.0
2026-06-11,8435,鉅邁,56.2,57.0,55.7,56.7,29,1,-5,0,0,0.66,99.33,100.0
2026-06-11,8436,大江,119.5,121.0,119.0,119.5,415,171,-8,0,7,14.09,85.9,100.0
2026-06-11,8437,大地-KY,10.5,10.85,10.3,10.5,77,6,-30,0,0,22.13,77.86,100.0
2026-06-11,8438,昶昕,78.3,80.9,76.7,80.0,287,121,-3,0,2,2.7,97.29,100.0
2026-06-11,8440,綠電,22.5,22.85,22.2,22.35,140,27,18,0,0,0.9,99.09,100.0
2026-06-11,8442,威宏-KY,40.7,40.7,39.8,40.0,103,11,-26,0,1,56.11,43.88,100.0
2026-06-11,8443,阿瘦,11.2,11.45,11.2,11.45,3,0,1,0,0,3.69,96.3,100.0
2026-06-11,8444,綠河-KY,4.94,4.94,4.53,4.9,114,0,-13,0,0,58.53,41.46,100.0
2026-06-11,8446,華研,87.5,88.3,86.9,88.3,84,10,5,0,0,4.67,95.32,100.0
2026-06-11,8450,霹靂,16.25,16.25,15.55,15.9,22,0,0,0,0,0.1,49.88,49.99
2026-06-11,8454,富邦媒,411.0,425.0,396.0,396.0,2379,0,-207,1470,-43,11.47,88.52,100.0
2026-06-11,8455,大拓-KY,28.8,29.85,28.8,29.6,13,0,0,0,0,87.81,12.18,100.0
2026-06-11,8458,影一,16.38,17.05,16.2,16.85,23,0,0,0,0,0.0,0.0,0.0
2026-06-11,8462,柏文,143.5,145.5,141.0,144.0,208,47,-16,0,4,3.69,96.3,100.0
2026-06-11,8463,潤泰材,21.85,22.2,21.8,21.95,33,8,-2,0,-4,0.41,99.58,100.0
2026-06-11,8464,億豐,339.5,341.0,329.5,337.0,415,127,-14,8,8,42.28,57.71,100.0
2026-06-11,8466,美吉吉-KY,16.15,16.3,15.6,16.0,128,37,5,0,-1,50.14,49.85,100.0
2026-06-11,8467,波力-KY,125.5,128.0,124.0,124.5,10,2,-1,0,0,46.53,53.46,100.0
2026-06-11,8472,夠麻吉,89.0,89.0,84.2,89.0,42,9,-7,0,0,1.34,98.65,100.0
2026-06-11,8473,山林水,50.2,54.8,49.95,52.0,4248,1815,831,0,-3,4.49,95.5,100.0
2026-06-11,8476,台境,19.05,19.2,18.65,19.15,1607,420,-315,0,1,1.14,98.85,100.0
2026-06-11,8476,台境*,19.05,19.2,18.65,19.15,1607,420,-315,0,1,1.14,98.85,100.0
2026-06-11,8477,創業家,16.65,17.9,16.6,16.8,104,0,21,0,0,0.22,99.77,100.0
2026-06-11,8478,東哥遊艇,151.0,155.0,150.0,152.0,813,221,-250,0,5,39.39,60.6,100.0
2026-06-11,8480,泰昇-KY,128.0,128.0,128.0,128.0,2,0,0,0,0,0.0,0.0,0.0
2026-06-11,8481,政伸,41.2,41.5,40.95,41.4,19,1,1,0,0,0.39,99.6,100.0
2026-06-11,8482,商億-KY,46.9,47.75,46.9,47.75,4,0,1,0,0,91.73,8.26,100.0
2026-06-11,8487,愛爾達-創,84.1,84.9,81.0,83.1,303,88,-16,0,-11,1.02,48.96,49.99
2026-06-11,8488,吉源-KY,9.97,10.6,9.94,10.5,77,28,1,0,-6,69.58,30.41,100.0
2026-06-11,8489,三貝德,22.95,22.95,21.7,22.05,102,14,-32,0,0,3.3,96.69,100.0
2026-06-11,8499,鼎炫-KY,269.0,287.0,265.0,287.0,81,27,-19,0,-4,71.94,28.05,100.0
2026-06-11,8905,裕國,31.25,31.25,29.8,29.8,11,2,-6,0,0,0.49,99.5,100.0
2026-06-11,8906,花王,26.5,26.65,24.95,25.0,141,48,-20,0,0,0.34,99.65,100.0
2026-06-11,8908,欣雄,42.0,42.0,41.4,41.85,140,1,32,0,0,0.42,99.57,100.0
2026-06-11,8916,光隆,44.95,45.0,44.55,44.9,123,13,-4,0,0,2.95,97.04,100.0
2026-06-11,8917,欣泰,55.0,55.0,52.0,52.0,74,5,-3,0,0,1.43,98.56,100.0
2026-06-11,8921,沈氏,18.4,18.4,17.8,18.3,3,0,0,0,0,0.18,99.81,100.0
2026-06-11,8923,時報,0.0,0.0,0.0,0.0,0,0,0,0,0,4.15,95.84,100.0
2026-06-11,8924,大田,56.3,56.3,55.1,55.6,151,14,-13,0,0,2.55,97.44,100.0
2026-06-11,8926,台汽電,77.0,77.3,73.6,75.5,15998,8225,-607,50,33,11.84,88.15,100.0
2026-06-11,8927,北基,20.7,20.75,20.2,20.7,545,75,36,0,85,1.26,98.73,100.0
2026-06-11,8928,鉅明,20.55,20.8,20.5,20.7,6,1,-1,0,0,0.34,99.65,100.0
2026-06-11,8929,富堡,14.15,14.35,13.9,14.3,23,7,3,0,0,0.25,99.74,100.0
2026-06-11,8930,青鋼,27.7,27.7,27.35,27.6,31,1,-15,0,0,2.62,97.37,100.0
2026-06-11,8931,大汽電,42.8,42.95,42.15,42.7,113,10,-26,0,0,0.15,99.84,100.0
2026-06-11,8932,智通*,98.6,102.0,95.2,98.2,3378,1222,-943,0,-58,28.5,71.49,100.0
2026-06-11,8933,愛地雅,4.48,4.66,4.48,4.49,171,0,-66,0,0,0.94,99.05,100.0
2026-06-11,8935,邦泰,21.5,21.75,20.7,21.2,661,0,87,0,0,2.06,97.93,100.0
2026-06-11,8936,國統,55.4,56.0,53.9,55.2,5907,2575,-735,0,4,9.55,90.44,100.0
2026-06-11,8937,合騏*,22.8,22.8,21.8,21.8,273,0,74,0,-2,5.45,94.54,100.0
2026-06-11,8938,明安,52.7,53.0,52.4,53.0,124,11,-7,0,0,6.3,93.69,100.0
2026-06-11,8940,新天地,16.4,16.9,16.15,16.7,167,30,4,0,-4,8.42,91.57,100.0
2026-06-11,8941,關中,43.0,43.5,42.6,43.2,16,5,0,0,0,0.19,99.8,100.0
2026-06-11,8942,森鉅,39.9,40.8,39.55,40.5,249,111,15,0,0,13.91,86.08,100.0
2026-06-11,8996,高力,1250.0,1250.0,1110.0,1140.0,4040,2231,259,193,68,35.61,64.38,100.0
2026-06-11,8999,台灣積層,37.05,37.1,36.7,37.05,8,0,0,0,0,0.0,0.0,0.0
2026-06-11,9103,美德醫療-DR,5.95,6.04,5.75,5.75,3734,1666,-126,0,-4,2.28,97.71,100.0
2026-06-11,9105,泰金寶-DR,9.31,9.5,8.88,9.24,94139,53042,3418,0,-156,1.8,98.19,100.0
2026-06-11,9110,越南控-DR,3.4,3.55,3.3,3.44,34,0,0,0,0,0.04,99.95,100.0
2026-06-11,9136,巨騰-DR,14.8,16.0,14.45,15.8,2391,979,-239,0,0,3.31,96.68,100.0
2026-06-11,9157,陽光能源-DR,1.38,1.39,1.38,1.39,80,0,0,0,0,0.0,0.0,0.0
2026-06-11,9188,精熙-DR,5.31,5.32,5.27,5.27,160,0,0,0,0,0.0,0.0,0.0
2026-06-11,9802,鈺齊-KY,81.5,82.1,78.6,79.0,1163,468,-96,0,-23,41.28,58.71,100.0
2026-06-11,9902,台火,13.9,13.9,13.45,13.55,104,31,-12,0,0,1.48,98.51,100.0
2026-06-11,9904,寶成,26.35,26.45,26.1,26.3,17328,3899,-6325,24,-224,31.4,68.59,100.0
2026-06-11,9905,大華,20.65,20.75,20.5,20.7,207,8,17,0,1,2.28,97.71,100.0
2026-06-11,9906,欣巴巴,50.7,50.7,42.55,43.7,2111,1167,-236,0,-2,0.82,99.17,100.0
2026-06-11,9907,統一實,16.5,16.75,16.45,16.75,4380,890,-1635,0,103,13.75,86.24,100.0
2026-06-11,9908,大台北,29.55,29.55,29.3,29.5,199,30,38,0,15,2.1,97.89,100.0
2026-06-11,9910,豐泰,94.5,99.0,93.1,97.0,15982,6281,-2519,5926,-1355,5.53,94.46,100.0
2026-06-11,9911,櫻花,85.5,85.5,84.2,84.7,262,88,39,0,17,18.84,81.15,100.0
2026-06-11,9912,偉聯,12.55,12.6,12.45,12.6,34,0,0,0,1,15.95,84.04,100.0
2026-06-11,9914,美利達,69.4,75.5,68.7,73.7,4794,1721,-253,0,72,22.87,77.12,100.0
2026-06-11,9917,中保科,119.0,120.0,118.5,120.0,805,141,187,-1,11,40.05,59.94,100.0
2026-06-11,9918,欣天然,43.45,43.45,42.5,43.4,89,13,-6,0,1,2.67,97.32,100.0
2026-06-11,9919,康那香,14.2,14.2,13.95,14.0,357,55,-96,0,5,4.84,95.15,100.0
2026-06-11,9921,巨大,72.6,77.2,72.3,75.7,4311,1352,1355,-2,1,27.62,72.37,100.0
2026-06-11,9924,福興,40.8,40.8,40.2,40.45,227,47,-49,0,4,10.12,89.87,100.0
2026-06-11,9925,新保,40.7,40.7,40.45,40.6,267,18,170,0,10,17.49,82.5,100.0
2026-06-11,9926,新海,49.45,49.45,48.95,49.45,13,2,10,0,1,0.69,99.3,100.0
2026-06-11,9927,泰銘,69.0,69.0,68.0,68.9,116,22,-24,0,3,6.58,93.41,100.0
2026-06-11,9928,中視,18.4,18.4,17.65,17.95,72,8,0,0,1,0.0,0.0,0.0
2026-06-11,9929,秋雨,12.65,12.65,11.65,11.9,21,0,0,0,1,0.43,99.56,100.0
2026-06-11,9930,中聯資源,70.0,70.0,68.7,68.9,151,38,12,0,26,1.97,98.02,100.0
2026-06-11,9931,欣高,34.5,35.0,34.5,34.75,44,4,-2,0,0,0.81,99.18,100.0
2026-06-11,9933,中鼎,40.9,41.4,40.1,41.25,7352,1847,1684,78,-53,18.37,81.62,100.0
2026-06-11,9934,成霖,10.4,10.5,10.15,10.3,1329,340,-182,0,-41,13.28,86.71,100.0
2026-06-11,9935,慶豐富,19.15,19.35,19.0,19.2,572,67,142,0,1,5.66,94.33,100.0
2026-06-11,9937,全國,55.7,55.7,54.8,55.5,48,15,2,0,1,1.73,98.26,100.0
2026-06-11,9938,百和,46.1,46.1,44.8,45.2,1909,388,-343,0,0,9.71,90.28,100.0
2026-06-11,9939,宏全,130.5,132.0,129.0,132.0,1490,393,0,14,-8,14.32,85.67,100.0
2026-06-11,9940,信義,19.55,19.55,19.1,19.35,1032,304,-334,0,25,3.46,96.53,100.0
2026-06-11,9941,裕融,87.0,87.7,85.7,87.7,5846,1606,-2196,3134,-7,4.63,95.36,100.0
2026-06-11,9942,茂順,118.5,119.5,118.0,119.5,80,18,-11,0,1,4.5,95.49,100.0
2026-06-11,9943,好樂迪,56.8,57.0,56.4,56.9,104,30,14,-2,15,1.32,98.67,100.0
2026-06-11,9944,新麗,17.15,17.2,17.0,17.2,30,6,4,0,1,1.08,98.91,100.0
2026-06-11,9945,潤泰新,26.2,26.2,25.35,26.05,15177,4335,-2950,84,-27,7.76,92.23,100.0
2026-06-11,9946,三發地產,18.1,18.1,17.5,17.8,1485,380,-275,0,5,2.81,97.18,100.0
2026-06-11,9949,琉園,24.05,24.05,23.6,23.8,24,1,-2,0,0,2.48,97.51,100.0
2026-06-11,9950,萬國通,10.7,10.9,10.5,10.65,85,0,3,0,0,0.05,99.94,100.0
2026-06-11,9951,皇田,52.9,52.9,52.0,52.6,97,12,-33,0,0,4.64,95.35,100.0
2026-06-11,9955,佳龍,26.55,26.7,26.05,26.25,368,94,-107,0,1,4.44,95.55,100.0
2026-06-11,9957,燁聯,6.05,6.19,5.93,6.12,171,0,-8,0,0,0.0,0.0,0.0
2026-06-11,9958,世紀鋼,111.5,114.5,108.5,111.5,3247,1290,-288,0,-116,10.47,89.52,100.0
2026-06-11,9960,邁達康,31.9,32.0,31.3,31.5,32,4,-1,0,0,9.09,90.9,100.0
2026-06-11,9962,有益,9.62,9.89,9.6,9.89,61,9,-19,0,0,0.32,99.67,100.0
