date,stock_id,stock_name,open,high,low,close,volume,day_trading_volume,foreign_buy,trust_buy,dealer_buy,foreign_hold_ratio,foreign_remain_ratio,foreign_limit_ratio
2026-05-21,0050,元大台灣50,94.8,96.05,94.7,95.85,62215,6256,12025,3770,5150,2.97,97.02,100.0
2026-05-21,0051,元大中型100,128.8,132.7,128.8,132.55,58,2,14,0,14,0.59,99.4,100.0
2026-05-21,0052,富邦科技,55.8,56.6,55.75,56.4,21841,1495,5875,-220,2329,1.94,98.05,100.0
2026-05-21,0053,元大電子,220.25,222.25,220.25,222.25,24,0,2,0,15,1.36,98.63,100.0
2026-05-21,0055,元大MSCI金融,33.97,34.15,33.89,33.99,192,27,22,0,-26,0.67,99.32,100.0
2026-05-21,0056,元大高股息,44.74,45.52,44.74,45.44,50081,1690,10097,0,21760,0.89,99.1,100.0
2026-05-21,0057,富邦摩台,282.55,285.1,282.55,285.1,34,1,0,0,-1,6.75,93.24,100.0
2026-05-21,0061,元大寶滬深,24.79,25.27,24.79,24.99,307,47,24,0,95,4.46,95.53,100.0
2026-05-21,1101,台泥,24.15,24.35,23.95,24.2,20020,2568,-8003,137,-130,15.25,84.74,100.0
2026-05-21,1102,亞泥,34.75,34.95,34.5,34.95,6909,1810,-1,595,-320,16.01,83.98,100.0
2026-05-21,1103,嘉泥,13.1,13.1,13.0,13.05,206,1,-65,0,-8,4.49,95.5,100.0
2026-05-21,1104,環泥,27.5,27.75,27.4,27.5,558,96,-103,0,-20,15.52,84.47,100.0
2026-05-21,1108,幸福,13.75,13.8,13.7,13.75,95,1,-24,0,-1,1.2,98.79,100.0
2026-05-21,1109,信大,14.6,14.65,14.55,14.65,101,4,-10,0,0,2.25,97.74,100.0
2026-05-21,1110,東泥,14.0,14.2,13.9,14.2,299,50,-13,0,-1,5.82,94.17,100.0
2026-05-21,1201,味全,12.1,12.15,12.05,12.1,263,11,-36,0,0,5.04,94.95,100.0
2026-05-21,1203,味王,42.85,43.7,42.6,42.65,60,2,-8,0,-1,1.71,98.28,100.0
2026-05-21,1210,大成,53.1,53.5,52.9,52.9,1506,395,-53,-51,-6,12.13,87.86,100.0
2026-05-21,1213,大飲,8.7,8.7,8.31,8.49,4,0,0,0,0,0.01,99.98,100.0
2026-05-21,1215,卜蜂,142.0,146.0,142.0,144.0,2172,263,-35,-151,32,34.9,65.09,100.0
2026-05-21,1216,統一,73.5,73.8,72.6,73.1,13692,2578,-5173,3989,-361,32.61,67.38,100.0
2026-05-21,1217,愛之味,9.45,9.54,9.39,9.41,890,36,-386,0,-1,7.42,92.57,100.0
2026-05-21,1218,泰山,18.5,18.6,18.5,18.6,346,27,73,0,-3,3.85,96.14,100.0
2026-05-21,1219,福壽,12.5,12.6,12.5,12.5,421,40,-86,0,7,5.62,94.37,100.0
2026-05-21,1220,台榮,11.9,11.9,11.8,11.8,99,6,-33,0,0,7.09,92.9,100.0
2026-05-21,1225,福懋油,28.9,29.55,28.8,29.2,120,9,8,0,-17,1.31,98.68,100.0
2026-05-21,1227,佳格,28.55,28.75,28.4,28.6,951,129,-13,0,0,5.54,94.45,100.0
2026-05-21,1229,聯華,38.35,39.0,38.35,38.85,1873,154,441,34,-11,9.02,90.97,100.0
2026-05-21,1231,聯華食,86.2,86.8,86.0,86.8,245,31,-85,0,1,2.7,97.29,100.0
2026-05-21,1232,大統益,149.0,149.0,148.0,148.0,63,14,6,0,-1,2.6,97.39,100.0
2026-05-21,1233,天仁,28.8,28.8,28.65,28.8,17,0,-4,0,0,5.68,94.31,100.0
2026-05-21,1234,黑松,33.75,34.0,33.55,33.9,55,1,12,0,0,4.7,95.29,100.0
2026-05-21,1235,興泰,37.0,37.3,36.4,37.3,23,11,3,0,0,0.25,99.74,100.0
2026-05-21,1236,宏亞,23.9,23.9,23.55,23.7,50,18,-1,0,-3,0.44,99.55,100.0
2026-05-21,1240,茂生農經,58.0,58.1,57.7,58.1,7,0,-2,0,0,3.65,96.34,100.0
2026-05-21,1256,鮮活果汁-KY,184.5,190.0,181.0,188.0,123,69,21,0,-3,4.81,95.18,100.0
2026-05-21,1259,安心,57.0,57.0,56.3,56.3,12,0,-1,0,0,26.13,73.86,100.0
2026-05-21,1260,富味鄉,24.38,24.95,24.0,24.95,29,0,2,0,0,0.0,0.0,0.0
2026-05-21,1264,德麥,272.5,273.5,271.0,273.0,32,1,4,0,-3,1.73,98.26,100.0
2026-05-21,1268,漢來美食,166.0,174.5,166.0,167.5,502,92,-3,0,1,1.57,98.42,100.0
2026-05-21,1269,乾杯,70.65,70.8,67.5,67.5,0,0,0,0,0,0.0,0.0,0.0
2026-05-21,1271,晨暉生技,61.89,64.0,61.8,62.7,14,0,0,0,0,0.0,0.0,0.0
2026-05-21,1293,利統,27.35,27.9,27.9,27.9,1,0,0,0,0,0.0,0.0,0.0
2026-05-21,1294,漢田生技,77.7,77.8,77.7,77.7,23,3,2,0,0,0.69,99.3,100.0
2026-05-21,1295,生合,50.2,51.5,50.2,51.0,55,3,30,0,0,2.23,97.76,100.0
2026-05-21,1301,台塑,45.75,46.3,45.35,45.75,14628,3244,-1508,-16,-16,30.52,69.47,100.0
2026-05-21,1303,南亞,83.1,88.3,83.1,87.3,71604,22873,32941,304,192,32.92,67.07,100.0
2026-05-21,1304,台聚,12.1,12.3,12.05,12.25,4599,960,1057,0,-23,28.1,71.89,100.0
2026-05-21,1305,華夏,12.4,12.55,12.35,12.5,1854,556,47,0,51,4.15,95.84,100.0
2026-05-21,1307,三芳,31.35,31.75,31.35,31.65,440,40,114,-4,-2,6.87,93.12,100.0
2026-05-21,1308,亞聚,13.1,13.3,13.0,13.25,1730,560,320,0,18,4.09,95.9,100.0
2026-05-21,1309,台達化,15.35,16.0,15.1,15.65,3478,1153,640,0,-22,2.57,97.42,100.0
2026-05-21,1310,台苯,8.01,8.1,8.01,8.07,1799,591,1,0,78,4.61,95.38,100.0
2026-05-21,1312,國喬,10.5,10.7,10.5,10.6,3632,1417,376,0,92,4.24,95.75,100.0
2026-05-21,1313,聯成,10.5,10.75,10.45,10.65,1674,309,190,0,2,5.82,94.17,100.0
2026-05-21,1314,中石化,7.02,7.2,6.98,7.2,16645,3255,3763,0,118,8.86,91.13,100.0
2026-05-21,1315,達新,60.6,61.2,60.6,61.0,29,2,-1,0,0,1.26,98.73,100.0
2026-05-21,1316,上曜,10.7,11.1,10.7,10.75,2280,760,-56,0,0,4.35,95.64,100.0
2026-05-21,1319,東陽,81.0,81.8,80.1,80.1,2697,847,-298,-125,-21,7.55,92.44,100.0
2026-05-21,1321,大洋,29.55,29.7,29.45,29.6,96,20,8,0,0,6.76,93.23,100.0
2026-05-21,1323,永裕,19.75,19.95,19.35,19.9,74,17,-1,0,10,1.1,98.89,100.0
2026-05-21,1324,地球,10.2,10.25,10.15,10.2,35,3,-1,0,0,0.79,99.2,100.0
2026-05-21,1325,恆大,26.85,27.1,26.8,26.9,245,45,-2,0,0,1.27,98.72,100.0
2026-05-21,1326,台化,44.8,45.7,44.8,45.45,10223,3501,420,0,111,36.84,63.15,100.0
2026-05-21,1336,台翰,13.2,13.2,13.05,13.05,60,3,6,0,0,4.37,95.62,100.0
2026-05-21,1337,再生-KY,4.75,4.83,4.74,4.77,451,44,176,0,0,25.87,74.12,100.0
2026-05-21,1338,廣華-KY,15.65,16.2,15.15,15.95,599,319,114,0,-5,6.07,93.92,100.0
2026-05-21,1339,昭輝,40.7,40.9,40.5,40.8,96,7,-3,0,0,1.03,98.96,100.0
2026-05-21,1340,勝悅-KY,5.43,5.57,5.41,5.5,229,38,-14,0,24,26.46,73.53,100.0
2026-05-21,1341,富林-KY,61.1,63.0,61.0,63.0,13,0,2,0,0,79.88,20.11,100.0
2026-05-21,1342,八貫,92.3,94.6,92.3,93.2,211,82,40,0,0,30.27,69.72,100.0
2026-05-21,1343,旭東環保,21.19,21.75,18.85,21.25,118,0,5,0,0,0.0,0.0,0.0
2026-05-21,1402,遠東新,26.8,27.2,26.65,27.2,25120,3785,18254,-7376,-52,18.38,81.61,100.0
2026-05-21,1409,新纖,16.7,17.15,16.7,16.95,6484,949,3775,166,116,13.34,86.65,100.0
2026-05-21,1410,南染,26.15,26.95,26.15,26.4,40,29,-5,0,4,18.92,81.07,100.0
2026-05-21,1413,宏洲,9.33,9.53,9.33,9.53,20,0,2,0,0,0.39,99.6,100.0
2026-05-21,1414,東和,15.85,16.0,15.7,15.8,284,146,43,0,1,1.29,98.7,100.0
2026-05-21,1416,廣豐,11.15,11.15,11.05,11.1,187,3,32,0,0,6.02,93.97,100.0
2026-05-21,1417,嘉裕,8.24,8.3,8.16,8.22,76,7,1,0,0,0.91,99.08,100.0
2026-05-21,1418,東華,17.9,17.9,17.65,17.9,25,3,6,0,0,0.91,99.08,100.0
2026-05-21,1419,新紡,62.0,63.4,62.0,62.5,90,10,26,0,-4,1.13,98.86,100.0
2026-05-21,1423,利華,40.9,41.3,40.75,41.3,37,6,-18,0,0,1.19,98.8,100.0
2026-05-21,1432,大魯閣,16.25,16.45,16.25,16.4,135,3,25,0,0,0.32,99.67,100.0
2026-05-21,1434,福懋,15.2,15.3,15.15,15.3,987,126,-427,0,-7,7.29,92.7,100.0
2026-05-21,1436,華友聯,45.0,45.85,44.5,45.5,685,207,250,0,-5,6.47,93.52,100.0
2026-05-21,1437,勤益控,28.35,28.5,28.2,28.5,218,11,7,0,0,8.24,91.75,100.0
2026-05-21,1438,三地開發,20.3,20.6,20.3,20.5,60,5,2,0,3,0.47,99.52,100.0
2026-05-21,1439,雋揚,25.5,26.2,25.4,25.65,44,1,30,0,0,0.7,99.29,100.0
2026-05-21,1440,南紡,11.4,11.45,11.35,11.4,765,107,-91,0,-3,7.4,92.59,100.0
2026-05-21,1441,大東,9.3,9.48,9.3,9.39,40,0,2,0,-1,1.32,98.67,100.0
2026-05-21,1442,名軒,26.2,26.45,26.15,26.15,410,32,57,0,0,8.77,91.22,100.0
2026-05-21,1443,立益,26.25,26.5,26.25,26.45,17,3,12,0,-1,0.3,99.69,100.0
2026-05-21,1443,立益物流,26.25,26.5,26.25,26.45,17,3,12,0,-1,0.3,99.69,100.0
2026-05-21,1444,力麗,5.93,5.96,5.9,5.95,846,0,257,0,0,5.12,94.87,100.0
2026-05-21,1445,大宇,11.35,12.3,11.35,12.15,160,26,9,0,-3,3.02,96.97,100.0
2026-05-21,1446,宏和,15.55,15.7,15.55,15.55,114,12,1,0,16,6.22,93.77,100.0
2026-05-21,1447,力鵬,5.89,5.97,5.81,5.9,2553,0,146,0,0,3.1,96.89,100.0
2026-05-21,1449,佳和,12.35,12.45,12.35,12.45,461,91,18,0,0,6.06,93.93,100.0
2026-05-21,1451,年興,16.7,16.85,16.65,16.7,150,31,-30,0,0,5.33,94.66,100.0
2026-05-21,1452,宏益,10.55,10.6,10.5,10.5,119,8,5,0,1,1.89,98.1,100.0
2026-05-21,1453,大將,11.25,11.5,11.2,11.35,63,4,-36,0,-3,0.51,99.48,100.0
2026-05-21,1454,台富,13.1,13.1,12.7,12.7,42,3,-1,0,0,0.41,99.58,100.0
2026-05-21,1455,集盛,8.2,8.23,8.1,8.18,329,77,67,0,-9,2.32,97.67,100.0
2026-05-21,1456,怡華,12.95,13.15,12.9,12.9,26,4,7,0,0,0.49,99.5,100.0
2026-05-21,1457,宜進,14.05,14.1,14.05,14.05,107,4,2,0,0,1.7,98.29,100.0
2026-05-21,1459,聯發,11.8,11.85,11.75,11.8,45,0,-3,0,0,1.66,98.33,100.0
2026-05-21,1460,宏遠,7.04,7.04,6.94,6.98,556,0,-195,0,0,1.95,98.04,100.0
2026-05-21,1463,強盛新,18.15,18.15,17.9,18.0,34,5,3,0,0,11.46,88.53,100.0
2026-05-21,1464,得力,10.15,10.25,10.1,10.25,465,21,212,0,0,1.88,98.11,100.0
2026-05-21,1465,偉全,12.05,12.1,12.0,12.05,37,6,-4,0,0,0.45,99.54,100.0
2026-05-21,1466,聚隆,14.7,14.7,14.5,14.7,87,28,-1,0,1,0.47,99.52,100.0
2026-05-21,1467,南緯,6.99,7.0,6.9,6.96,212,23,-23,0,0,19.14,80.85,100.0
2026-05-21,1468,昶和,11.7,11.9,11.7,11.9,40,0,-2,0,-2,2.03,97.96,100.0
2026-05-21,1470,大統新創,21.3,21.9,21.3,21.9,6,0,0,0,1,0.26,99.73,100.0
2026-05-21,1471,首利,10.5,10.7,10.3,10.5,510,0,-81,0,3,0.72,99.27,100.0
2026-05-21,1472,三洋實業,0.0,0.0,0.0,0.0,0,0,0,0,0,0.82,99.17,100.0
2026-05-21,1473,台南,20.45,20.55,20.4,20.4,39,2,-8,0,0,5.25,94.74,100.0
2026-05-21,1474,弘裕,9.86,9.87,9.81,9.82,161,13,-9,0,0,0.51,99.48,100.0
2026-05-21,1475,業旺,25.5,25.5,24.65,25.1,71,7,-5,0,0,0.31,99.68,100.0
2026-05-21,1476,儒鴻,338.0,348.0,331.0,343.0,2248,533,524,-107,9,30.43,69.56,100.0
2026-05-21,1477,聚陽,216.0,217.5,214.0,217.5,2330,316,1298,-3,-17,15.84,84.15,100.0
2026-05-21,1480,東盟開發,9.12,9.3,9.3,9.3,0,0,0,0,0,0.0,0.0,0.0
2026-05-21,1503,士電,184.0,189.0,184.0,188.5,1723,327,516,-8,157,31.07,68.92,100.0
2026-05-21,1504,東元,69.6,71.5,69.6,71.1,9713,2084,4291,-111,73,11.61,88.38,100.0
2026-05-21,1506,正道,10.0,10.15,9.98,10.1,208,0,41,0,-2,0.52,99.47,100.0
2026-05-21,1512,瑞利,7.1,7.1,6.84,6.96,101,0,32,0,0,5.4,94.59,100.0
2026-05-21,1513,中興電,150.0,154.5,150.0,154.5,5712,1015,1268,409,111,13.43,86.56,100.0
2026-05-21,1514,亞力,114.5,119.0,114.5,118.0,2874,778,864,20,157,16.14,83.85,100.0
2026-05-21,1515,力山,22.05,22.25,22.05,22.15,241,21,-47,0,0,3.81,96.18,100.0
2026-05-21,1516,川飛,22.25,22.25,20.95,21.0,101,0,-14,0,0,5.73,94.26,100.0
2026-05-21,1517,利奇,10.05,10.15,10.0,10.05,151,7,40,0,4,2.43,97.56,100.0
2026-05-21,1519,華城,787.0,804.0,785.0,800.0,1454,455,177,-1,7,20.24,79.75,100.0
2026-05-21,1521,大億,24.25,24.6,24.25,24.25,29,2,4,0,0,33.02,66.97,100.0
2026-05-21,1522,堤維西,29.2,29.65,29.2,29.65,621,78,218,0,8,2.92,97.07,100.0
2026-05-21,1524,耿鼎,29.4,29.8,29.3,29.35,1463,294,52,0,-4,1.54,98.45,100.0
2026-05-21,1525,江申,59.0,59.0,57.9,59.0,13,5,-2,0,0,0.29,99.7,100.0
2026-05-21,1526,日馳,14.6,14.8,14.3,14.6,153,17,27,0,0,2.61,97.38,100.0
2026-05-21,1527,鑽全,32.6,33.05,32.6,32.9,331,38,42,0,0,9.88,90.11,100.0
2026-05-21,1528,恩德,25.5,26.35,25.45,25.75,3726,1686,698,0,3,3.16,96.83,100.0
2026-05-21,1529,樂事綠能,20.5,20.85,20.45,20.75,436,82,118,0,2,1.22,98.77,100.0
2026-05-21,1530,亞崴,27.4,28.45,27.35,27.8,71,12,-8,0,2,0.65,99.34,100.0
2026-05-21,1531,高林股,12.5,12.6,12.45,12.55,105,15,-2,0,6,1.38,98.61,100.0
2026-05-21,1532,勤美,20.55,20.85,20.55,20.7,266,30,-92,0,0,7.18,92.81,100.0
2026-05-21,1533,車王電,38.05,39.9,37.6,39.85,2002,939,9,0,-24,6.88,93.11,100.0
2026-05-21,1535,中宇,49.2,49.8,49.2,49.5,36,1,4,0,0,1.09,98.9,100.0
2026-05-21,1536,和大,49.55,50.6,48.9,50.2,2295,384,657,0,60,7.58,92.41,100.0
2026-05-21,1537,廣隆,124.5,125.5,124.5,125.5,43,1,1,0,0,15.43,84.56,100.0
2026-05-21,1538,正峰,0.0,0.0,0.0,0.0,0,0,0,0,0,0.07,99.92,100.0
2026-05-21,1539,巨庭,15.5,15.55,15.45,15.5,48,7,4,0,0,0.94,99.05,100.0
2026-05-21,1540,喬福,20.75,21.15,20.75,20.95,113,17,49,0,0,2.04,97.95,100.0
2026-05-21,1541,錩泰,20.85,21.45,20.45,20.75,27,8,1,0,5,9.8,90.19,100.0
2026-05-21,1558,伸興,90.6,90.7,90.0,90.3,24,2,-2,0,0,6.54,93.45,100.0
2026-05-21,1560,中砂,640.0,669.0,634.0,669.0,2373,662,352,0,22,39.06,60.93,100.0
2026-05-21,1563,巧新,45.3,45.75,44.6,45.7,774,139,207,0,-3,2.81,97.18,100.0
2026-05-21,1565,精華,95.1,97.2,95.1,96.5,238,31,-1,0,1,7.62,92.37,100.0
2026-05-21,1568,倉佑,28.35,28.5,28.05,28.45,218,30,10,0,-4,1.65,98.34,100.0
2026-05-21,1569,濱川,51.0,51.3,50.2,50.9,716,135,-39,0,-2,5.47,94.52,100.0
2026-05-21,1570,力肯,38.95,41.6,38.65,39.6,564,167,67,0,0,2.31,97.68,100.0
2026-05-21,1580,新麥,122.5,123.0,122.0,122.5,23,0,3,0,0,5.24,94.75,100.0
2026-05-21,1582,信錦,117.0,117.5,115.0,117.5,6225,1381,431,0,67,10.15,89.84,100.0
2026-05-21,1583,程泰,47.45,47.6,47.1,47.1,44,8,14,0,0,0.36,99.63,100.0
2026-05-21,1584,精剛,19.7,19.7,19.5,19.65,543,31,200,0,-4,3.97,96.02,100.0
2026-05-21,1586,和勤,22.85,23.05,22.6,23.05,352,203,-14,0,0,0.99,98.96,100.0
2026-05-21,1587,吉茂,28.0,28.6,28.0,28.3,175,24,68,0,7,20.8,79.19,100.0
2026-05-21,1590,亞德客-KY,1395.0,1450.0,1390.0,1420.0,786,170,39,-8,5,80.06,19.93,100.0
2026-05-21,1591,駿吉-KY,34.4,34.4,34.4,34.4,595,0,6,0,0,5.03,94.96,100.0
2026-05-21,1593,祺驊,31.1,31.5,31.05,31.4,29,6,-1,0,0,5.96,94.03,100.0
2026-05-21,1594,日高,9.72,10.0,9.35,9.7,66,0,0,0,0,0.0,0.0,0.0
2026-05-21,1595,川寶,90.4,97.5,89.2,97.5,1263,0,-42,0,-3,5.45,94.54,100.0
2026-05-21,1597,直得,177.5,180.5,162.5,166.5,6804,3543,-770,0,55,7.54,92.45,100.0
2026-05-21,1598,岱宇,20.2,20.4,20.15,20.15,124,22,-17,0,-2,1.59,98.4,100.0
2026-05-21,1599,宏佳騰,24.0,24.0,23.4,23.6,49,4,2,0,0,7.24,92.75,100.0
2026-05-21,1603,華電,30.0,30.4,29.3,30.4,431,62,160,0,-4,2.07,97.92,100.0
2026-05-21,1604,聲寶,23.05,23.2,23.0,23.2,384,12,31,0,0,7.5,92.49,100.0
2026-05-21,1605,華新,33.7,36.3,33.7,35.5,61994,17844,25462,-86,1750,14.54,85.45,100.0
2026-05-21,1608,華榮,32.35,33.1,32.15,32.8,3299,752,1194,-4,119,3.38,96.61,100.0
2026-05-21,1609,大亞,34.25,35.3,34.25,35.05,5644,785,3197,0,18,12.64,87.35,100.0
2026-05-21,1611,中電,11.2,11.4,11.2,11.3,526,51,213,0,0,9.91,90.08,100.0
2026-05-21,1612,宏泰,36.15,37.05,36.0,36.6,922,183,467,-4,1,18.42,81.57,100.0
2026-05-21,1614,三洋電,30.55,30.95,30.55,30.8,42,2,6,0,2,2.22,97.77,100.0
2026-05-21,1615,大山,43.15,43.25,42.9,43.0,116,9,4,0,6,0.95,99.04,100.0
2026-05-21,1616,億泰,21.75,21.9,21.5,21.85,674,117,-65,0,-3,2.23,97.76,100.0
2026-05-21,1617,榮星,14.5,14.75,14.5,14.55,152,24,37,0,-5,19.45,80.54,100.0
2026-05-21,1618,合機,38.8,39.2,38.6,39.0,502,101,177,0,4,0.85,99.14,100.0
2026-05-21,1623,大東電,220.0,224.0,218.5,222.0,83,0,23,0,-15,0.27,99.72,100.0
2026-05-21,1626,艾美特-KY,10.05,10.15,9.93,9.93,71,11,-9,0,0,43.64,56.35,100.0
2026-05-21,1702,南僑,33.0,33.4,32.9,33.35,353,33,43,0,-14,7.72,92.27,100.0
2026-05-21,1707,葡萄王,104.0,104.0,102.0,104.0,530,53,157,-1,2,14.26,85.73,100.0
2026-05-21,1708,東鹼,39.5,39.9,39.45,39.7,1518,259,342,0,12,16.45,83.54,100.0
2026-05-21,1709,和益,18.35,18.5,18.25,18.4,434,13,236,0,-14,3.4,96.59,100.0
2026-05-21,1710,東聯,12.75,13.15,12.6,13.1,11001,4087,-727,0,538,4.14,95.85,100.0
2026-05-21,1711,永光,48.05,51.0,48.05,49.7,15377,7101,-657,0,21,4.87,95.12,100.0
2026-05-21,1712,興農,40.6,40.75,40.2,40.2,1337,142,-758,0,6,14.7,85.29,100.0
2026-05-21,1713,國化,47.5,48.0,47.5,47.95,155,14,62,0,0,1.07,98.92,100.0
2026-05-21,1714,和桐,9.54,9.81,9.54,9.8,3167,618,720,0,-23,21.66,78.33,100.0
2026-05-21,1717,長興,73.5,79.9,73.5,79.7,58611,17214,26671,707,521,11.81,88.18,100.0
2026-05-21,1718,中纖,6.43,6.52,6.43,6.47,2518,574,-374,0,-211,5.6,94.39,100.0
2026-05-21,1720,生達,62.2,62.4,62.0,62.4,181,21,14,0,0,4.94,95.05,100.0
2026-05-21,1721,三晃,28.0,30.8,28.0,29.9,9103,0,1440,0,19,2.88,97.11,100.0
2026-05-21,1722,台肥,45.85,46.4,45.7,46.25,1808,195,478,84,-2,7.2,92.79,100.0
2026-05-21,1723,中碳,80.3,81.6,80.1,81.4,880,155,34,103,34,7.93,92.06,100.0
2026-05-21,1725,元禎,30.95,31.4,30.55,31.0,129,50,29,0,2,0.27,99.72,100.0
2026-05-21,1726,永記,77.1,77.2,76.8,77.0,101,3,-34,0,0,12.85,87.14,100.0
2026-05-21,1727,中華化,85.2,93.0,85.1,93.0,23469,11613,3742,0,71,6.82,93.17,100.0
2026-05-21,1730,花仙子,53.1,53.3,52.9,52.9,40,1,-5,0,0,6.75,93.24,100.0
2026-05-21,1731,美吾華,21.55,21.65,21.55,21.6,85,3,-8,0,0,1.06,98.93,100.0
2026-05-21,1732,毛寶,26.75,26.75,26.3,26.6,266,25,16,0,0,2.04,97.95,100.0
2026-05-21,1733,五鼎,29.85,30.2,29.4,29.45,199,24,-43,0,0,3.55,96.44,100.0
2026-05-21,1734,杏輝,30.65,30.85,30.55,30.8,340,32,-93,0,0,4.93,95.06,100.0
2026-05-21,1735,日勝化,25.5,27.3,25.4,26.4,938,321,234,0,0,51.06,48.93,100.0
2026-05-21,1736,喬山,126.0,127.0,122.0,122.0,422,105,-109,0,-1,4.57,95.42,100.0
2026-05-21,1737,臺鹽,31.5,31.6,31.45,31.5,86,1,13,0,-7,8.43,91.56,100.0
2026-05-21,1742,台蠟,15.7,15.7,15.0,15.0,26,2,0,0,0,0.21,99.78,100.0
2026-05-21,1752,南光,32.95,33.0,32.7,32.75,126,4,-28,0,-9,1.65,98.34,100.0
2026-05-21,1760,寶齡富錦,61.9,62.2,61.6,61.8,96,7,7,0,3,11.54,88.45,100.0
2026-05-21,1762,中化生,38.9,39.4,37.65,37.75,875,270,-105,0,-3,2.02,97.97,100.0
2026-05-21,1773,勝一,168.0,178.0,167.0,177.0,2049,379,800,280,46,8.08,91.91,100.0
2026-05-21,1776,展宇,17.95,18.5,17.95,18.15,197,32,26,0,5,0.54,99.45,100.0
2026-05-21,1777,生泰,71.9,71.9,71.3,71.4,12,0,0,0,0,0.95,99.04,100.0
2026-05-21,1780,立弘,31.15,31.2,30.5,31.05,190,0,-1,0,0,0.0,0.0,0.0
2026-05-21,1781,合世,10.45,10.65,10.45,10.55,44,1,15,0,0,0.56,99.43,100.0
2026-05-21,1783,和康生,38.95,39.1,38.5,39.1,78,11,24,0,-2,7.2,92.79,100.0
2026-05-21,1784,訊聯,70.8,72.2,70.6,71.3,136,25,58,0,-2,2.87,97.12,100.0
2026-05-21,1785,光洋科,142.0,145.5,139.0,142.5,15358,7141,-885,64,29,16.21,83.78,100.0
2026-05-21,1786,科妍,58.6,59.7,58.2,59.5,320,96,-68,0,12,1.43,98.56,100.0
2026-05-21,1788,杏昌,135.5,135.5,135.5,135.5,21,1,3,0,0,10.89,89.1,100.0
2026-05-21,1789,神隆,19.1,19.5,19.1,19.35,548,88,137,0,9,1.67,98.32,100.0
2026-05-21,1795,美時,194.5,200.0,194.0,198.5,2300,555,404,0,71,52.87,47.12,100.0
2026-05-21,1796,金穎生技,36.2,36.2,35.5,35.7,32,4,3,0,0,0.78,99.21,100.0
2026-05-21,1799,易威,34.55,35.2,33.9,34.35,186,0,31,0,0,11.65,88.34,100.0
2026-05-21,1802,台玻,65.0,67.6,65.0,65.1,47676,25520,6078,22,102,3.88,96.11,100.0
2026-05-21,1805,寶徠,10.2,10.2,10.05,10.1,141,23,-14,0,0,0.47,99.52,100.0
2026-05-21,1806,冠軍,8.04,8.19,8.04,8.07,316,41,-82,0,0,9.38,90.61,100.0
2026-05-21,1808,潤隆,29.35,29.45,29.0,29.45,1297,353,111,0,-8,4.11,95.88,100.0
2026-05-21,1809,中釉,39.05,39.95,39.05,39.2,1993,0,-118,0,-5,6.29,93.7,100.0
2026-05-21,1810,和成,18.5,19.2,18.5,19.15,2710,283,1232,0,24,4.24,95.75,100.0
2026-05-21,1813,寶利徠,12.15,12.2,12.15,12.15,10,0,0,0,0,9.43,90.56,100.0
2026-05-21,1815,富喬,102.0,105.0,101.5,101.5,12759,4871,1443,-195,231,19.28,80.71,100.0
2026-05-21,1817,凱撒衛,39.5,39.9,39.45,39.8,18,2,-3,0,0,1.56,98.43,100.0
2026-05-21,1903,士紙,47.85,48.1,47.7,48.05,118,8,29,0,0,10.77,89.22,100.0
2026-05-21,1904,正隆,18.6,18.9,18.35,18.85,1433,237,534,0,6,9.11,90.88,100.0
2026-05-21,1905,華紙,11.85,12.2,11.75,12.1,2951,569,574,0,6,2.29,97.7,100.0
2026-05-21,1906,寶隆,10.45,10.55,10.4,10.45,128,6,44,0,0,0.6,99.39,100.0
2026-05-21,1907,永豐餘,24.3,24.85,24.3,24.75,843,80,460,0,31,12.09,87.9,100.0
2026-05-21,1909,榮成,8.9,9.02,8.9,9.02,1865,269,-288,0,-11,7.93,92.06,100.0
2026-05-21,2002,中鋼,18.3,18.3,18.1,18.2,30241,4201,-10625,98,-3,12.65,87.34,100.0
2026-05-21,2006,東和鋼鐵,66.1,66.1,65.4,65.5,922,173,-171,-6,-70,18.35,81.64,100.0
2026-05-21,2007,燁興,6.93,7.14,6.93,7.0,304,0,47,0,0,0.61,99.38,100.0
2026-05-21,2008,高興昌,27.5,27.85,27.5,27.85,30,1,1,0,0,7.67,92.32,100.0
2026-05-21,2009,第一銅,38.2,38.9,38.15,38.8,1346,189,422,0,-1,2.05,97.94,100.0
2026-05-21,2010,春源,22.4,22.5,22.25,22.5,1026,196,118,0,-6,8.71,91.28,100.0
2026-05-21,2012,春雨,14.35,14.4,14.25,14.25,90,0,2,0,2,1.37,98.62,100.0
2026-05-21,2013,中鋼構,41.95,42.3,41.95,42.15,75,11,-3,0,-2,6.99,93.0,100.0
2026-05-21,2014,中鴻,17.4,17.4,17.0,17.25,3972,949,509,0,-5,4.72,95.27,100.0
2026-05-21,2015,豐興,61.9,62.4,61.8,62.4,155,40,57,0,-14,12.23,87.76,100.0
2026-05-21,2017,官田鋼,8.59,8.6,8.51,8.55,304,34,20,0,-22,1.65,98.34,100.0
2026-05-21,2020,美亞,21.35,21.5,21.35,21.45,166,6,21,0,0,1.56,98.43,100.0
2026-05-21,2022,聚亨,7.52,7.59,7.5,7.56,469,34,146,0,0,2.23,97.76,100.0
2026-05-21,2023,燁輝,13.6,13.75,13.55,13.65,1110,247,-192,0,-62,3.84,96.15,100.0
2026-05-21,2024,志聯,13.8,14.3,13.8,14.15,40,2,-2,0,0,0.43,99.56,100.0
2026-05-21,2025,千興,11.95,11.95,11.55,11.65,143,0,21,0,-10,0.67,99.32,100.0
2026-05-21,2027,大成鋼,41.35,42.45,40.85,42.35,34914,10525,14884,-323,164,17.69,82.3,100.0
2026-05-21,2028,威致,17.05,17.2,16.85,16.95,122,12,8,0,0,0.71,99.28,100.0
2026-05-21,2029,盛餘,20.35,20.45,20.2,20.45,120,17,29,0,0,66.46,33.53,100.0
2026-05-21,2030,彰源,17.3,17.45,17.0,17.35,853,130,272,0,-25,3.51,96.48,100.0
2026-05-21,2031,新光鋼,38.2,38.55,38.2,38.35,941,65,323,-3,-1,7.56,92.43,100.0
2026-05-21,2032,新鋼,16.5,16.6,16.3,16.6,342,64,71,0,-1,2.42,97.57,100.0
2026-05-21,2033,佳大,15.15,15.15,15.0,15.15,100,39,-5,0,7,0.81,99.18,100.0
2026-05-21,2034,允強,19.9,20.0,19.75,19.95,725,111,52,0,-10,3.38,96.61,100.0
2026-05-21,2035,唐榮,27.7,28.45,27.7,28.45,14,0,2,0,0,0.0,99.99,100.0
2026-05-21,2038,海光,13.4,13.5,13.3,13.4,243,30,71,0,-12,1.37,98.62,100.0
2026-05-21,2049,上銀,364.0,378.0,362.5,373.5,5592,2120,1545,-2,145,36.34,63.65,100.0
2026-05-21,2059,川湖,4880.0,4950.0,4690.0,4895.0,247,0,67,1,9,24.63,75.36,100.0
2026-05-21,2061,風青,24.5,24.5,23.65,24.5,7530,3971,324,0,52,2.17,97.82,100.0
2026-05-21,2062,橋椿,18.6,18.8,18.5,18.6,603,43,227,-174,0,7.05,92.94,100.0
2026-05-21,2063,世鎧,25.3,25.3,25.0,25.1,9,1,1,0,0,0.99,99.0,100.0
2026-05-21,2064,晉椿,13.1,13.25,12.8,13.25,45,5,3,0,0,0.08,99.91,100.0
2026-05-21,2065,世豐,33.75,34.65,33.55,34.5,130,7,14,0,0,1.34,98.65,100.0
2026-05-21,2066,世德,55.6,56.8,55.2,56.4,126,28,31,0,0,9.17,90.82,100.0
2026-05-21,2067,嘉鋼,6.88,6.88,6.8,6.87,10,0,-1,0,0,11.33,88.66,100.0
2026-05-21,2069,運錩,19.55,19.6,19.3,19.4,205,31,42,0,0,2.41,97.58,100.0
2026-05-21,2070,精湛,63.5,65.5,63.5,64.5,438,154,152,0,0,2.46,97.53,100.0
2026-05-21,2071,震南鐵,20.17,20.25,20.0,20.1,48,0,0,0,0,0.0,0.0,0.0
2026-05-21,2072,世紀風電,171.0,174.5,169.5,172.5,358,0,112,0,-1,1.64,98.35,100.0
2026-05-21,2073,雄順,25.9,26.0,25.9,26.0,4,0,0,0,0,0.04,99.96,100.0
2026-05-21,2101,南港,31.05,31.15,30.7,31.1,2106,170,1036,0,-32,5.39,94.6,100.0
2026-05-21,2102,泰豐,17.75,18.3,17.75,18.3,557,60,27,0,17,2.93,97.06,100.0
2026-05-21,2103,台橡,20.45,20.65,20.2,20.45,2830,812,-115,0,-6,21.33,78.66,100.0
2026-05-21,2104,國際中橡,9.93,10.15,9.87,10.1,1708,383,180,0,95,5.35,94.64,100.0
2026-05-21,2105,正新,32.5,32.85,32.15,32.45,9534,2987,2088,-82,-247,11.32,88.67,100.0
2026-05-21,2106,建大,16.8,16.9,16.75,16.85,772,55,204,0,32,8.34,91.65,100.0
2026-05-21,2107,厚生,25.1,25.35,25.1,25.25,248,13,-124,0,0,6.16,93.83,100.0
2026-05-21,2108,南帝,27.75,28.15,27.55,28.1,1221,185,453,0,-4,5.0,94.99,100.0
2026-05-21,2109,華豐,14.0,14.0,13.9,14.0,167,4,-6,0,0,15.03,84.96,100.0
2026-05-21,2114,鑫永銓,89.3,89.6,89.0,89.6,295,6,25,0,-5,4.18,95.81,100.0
2026-05-21,2115,六暉-KY,20.55,20.9,20.4,20.85,32,3,8,0,0,44.05,55.94,100.0
2026-05-21,2201,裕隆,26.6,26.95,26.6,26.8,2120,458,945,-3,3,4.32,95.67,100.0
2026-05-21,2204,中華,52.2,52.9,52.0,52.8,1312,194,-211,-3,-1,18.03,81.96,100.0
2026-05-21,2206,三陽工業,58.9,59.9,58.9,59.8,1420,76,897,0,-1,5.94,94.05,100.0
2026-05-21,2207,和泰車,466.5,472.5,462.5,466.0,367,97,-58,1,-2,21.48,78.51,100.0
2026-05-21,2208,台船,18.45,18.65,18.25,18.65,2526,0,-250,-6,-5,9.12,90.87,100.0
2026-05-21,2211,長榮鋼,91.5,92.1,91.0,92.0,530,56,-3,-54,0,3.68,96.31,100.0
2026-05-21,2221,大甲,43.0,46.0,42.25,43.3,653,234,-24,0,0,0.88,99.11,100.0
2026-05-21,2227,裕日車,48.4,49.85,48.4,49.1,19,0,-2,0,-2,40.33,59.66,100.0
2026-05-21,2228,劍麟,81.5,84.7,81.5,84.5,284,27,103,0,0,3.19,96.8,100.0
2026-05-21,2230,泰茂,28.7,29.4,28.7,28.95,236,39,104,0,0,2.54,97.45,100.0
2026-05-21,2231,為升,105.5,107.5,105.0,107.0,394,115,3,0,36,5.62,94.37,100.0
2026-05-21,2233,宇隆,346.0,365.0,327.5,345.0,4709,2210,844,0,18,8.03,91.96,100.0
2026-05-21,2235,謚源,30.1,30.15,30.1,30.1,9,0,0,0,0,0.03,99.96,100.0
2026-05-21,2236,百達-KY,131.0,138.5,129.5,138.0,557,95,207,0,-35,52.8,47.19,100.0
2026-05-21,2237,華德動能,37.06,38.7,36.8,37.45,250,0,-1,0,0,0.0,0.0,0.0
2026-05-21,2239,英利-KY,21.6,22.6,21.6,22.5,74,17,20,0,-6,75.39,24.6,100.0
2026-05-21,2241,艾姆勒,34.2,36.9,33.9,36.9,3783,367,386,0,10,8.97,91.02,100.0
2026-05-21,2243,宏旭-KY,21.65,22.0,20.95,22.0,900,206,255,0,-1,25.92,74.07,100.0
2026-05-21,2245,詠勝昌*,26.94,27.35,26.7,27.1,2,0,1,0,0,0.0,0.0,0.0
2026-05-21,2247,汎德永業,207.0,209.0,203.5,204.5,129,16,5,0,0,4.28,95.71,100.0
2026-05-21,2248,華勝-KY,54.8,55.3,54.7,55.0,32,0,8,0,0,50.11,49.88,100.0
2026-05-21,2249,湧盛,123.93,129.5,124.0,125.0,52,0,1,0,0,0.0,0.0,0.0
2026-05-21,2250,IKKA-KY,62.3,63.0,62.0,62.3,71,8,30,0,0,7.13,92.85,100.0
2026-05-21,2252,為昇科,18.16,18.25,17.75,17.9,92,0,0,0,0,0.0,0.0,0.0
2026-05-21,2254,巨鎧精密-創,57.5,59.0,56.2,58.4,54,18,13,0,-2,23.82,76.17,100.0
2026-05-21,2255,凱銳光電,20.42,21.25,19.7,21.15,70,0,-2,0,0,0.0,0.0,0.0
2026-05-21,2256,歐特明,67.87,77.4,66.9,72.9,307,0,15,0,0,0.0,0.0,0.0
2026-05-21,2258,鴻華先進-創,28.0,28.3,27.55,28.0,1028,291,170,0,-8,0.31,99.68,100.0
2026-05-21,2301,光寶科,211.0,211.5,204.0,204.5,26302,9723,-4562,59,95,40.4,59.59,100.0
2026-05-21,2302,麗正,25.3,27.2,25.25,26.4,8954,4946,862,0,17,4.86,95.13,100.0
2026-05-21,2303,聯電,112.5,118.0,111.5,116.0,198946,82887,43788,-25960,1821,36.13,63.86,100.0
2026-05-21,2305,全友,16.95,18.25,16.8,17.7,9598,3444,3287,0,9,6.61,93.38,100.0
2026-05-21,2308,台達電,2015.0,2060.0,1990.0,2030.0,11663,3991,-145,-253,939,64.12,35.87,100.0
2026-05-21,2312,金寶,28.8,30.65,28.6,30.1,93090,25402,46559,-2973,1258,10.49,89.5,100.0
2026-05-21,2313,華通,263.5,267.5,256.0,258.0,69378,47562,-676,-413,1057,24.72,75.27,100.0
2026-05-21,2314,台揚,16.0,16.05,16.0,16.05,1576,0,2,0,0,1.57,98.42,100.0
2026-05-21,2316,楠梓電,138.5,151.0,138.5,151.0,12313,5772,128,690,84,34.26,65.73,100.0
2026-05-21,2317,鴻海,245.0,249.0,244.0,247.5,51483,12377,24043,-163,992,39.84,60.15,100.0
2026-05-21,2321,東訊,0.0,0.0,0.0,0.0,0,0,0,0,0,0.01,99.98,100.0
2026-05-21,2323,中環,9.5,9.9,9.48,9.86,7753,1793,2400,818,38,10.28,89.71,100.0
2026-05-21,2324,仁寶,27.9,30.35,27.9,30.35,113948,14999,52078,-20798,-31,38.46,61.53,100.0
2026-05-21,2327,國巨*,561.0,572.0,560.0,572.0,24699,4184,-2745,305,873,51.84,48.15,100.0
2026-05-21,2328,廣宇,51.1,52.2,51.1,52.1,5759,1109,1781,168,292,8.28,91.71,100.0
2026-05-21,2329,華泰,52.6,53.2,52.5,52.9,5124,1094,-219,37,159,9.54,90.45,100.0
2026-05-21,2330,台積電,2240.0,2255.0,2230.0,2230.0,24929,4570,1014,167,423,70.36,29.63,100.0
2026-05-21,2331,精英,18.9,19.7,18.9,19.6,2042,465,708,-8,0,6.83,93.16,100.0
2026-05-21,2332,友訊,14.1,14.7,14.0,14.6,6143,1216,3094,0,-33,10.54,89.45,100.0
2026-05-21,2337,旺宏,146.0,149.0,141.0,141.0,96638,52824,-22872,-2361,290,24.38,75.61,100.0
2026-05-21,2338,光罩,50.6,53.8,50.5,52.8,10737,2577,5566,0,99,5.21,94.78,100.0
2026-05-21,2340,台亞,34.7,35.8,34.7,35.15,4064,1693,-69,0,158,8.45,91.54,100.0
2026-05-21,2342,茂矽,39.95,41.5,39.95,40.45,4483,1735,302,0,-13,5.89,94.1,100.0
2026-05-21,2344,華邦電,120.0,122.5,113.5,114.0,209614,105312,-31196,-3076,1178,20.75,79.24,100.0
2026-05-21,2345,智邦,2480.0,2530.0,2450.0,2480.0,5468,1785,420,-21,-55,58.09,41.9,100.0
2026-05-21,2347,聯強,84.6,86.0,84.4,84.4,3866,972,618,-307,-110,33.16,66.83,100.0
2026-05-21,2348,海悅,69.7,70.0,69.3,69.4,159,36,9,0,0,0.9,99.09,100.0
2026-05-21,2349,錸德,12.2,12.7,12.2,12.65,5196,0,3274,0,-1,11.72,88.27,100.0
2026-05-21,2351,順德,185.0,197.0,182.5,192.0,8926,3813,-235,794,27,16.1,83.89,100.0
2026-05-21,2352,佳世達,26.45,27.45,26.1,27.2,16011,3903,2119,525,186,10.73,89.26,100.0
2026-05-21,2353,宏碁,27.65,28.7,27.65,28.4,41238,4707,27395,-1110,280,10.0,89.99,100.0
2026-05-21,2354,鴻準,57.8,59.9,57.8,58.9,12060,4050,-380,-4,164,10.27,89.72,100.0
2026-05-21,2355,敬鵬,59.8,65.0,59.2,65.0,50817,28345,2910,-5,1241,21.45,78.54,100.0
2026-05-21,2356,英業達,52.4,54.2,51.9,54.1,52796,15250,13755,6170,1051,19.02,80.97,100.0
2026-05-21,2357,華碩,652.0,658.0,647.0,656.0,4814,1582,988,-1134,137,32.87,67.12,100.0
2026-05-21,2359,所羅門,128.5,134.0,128.5,134.0,3361,1581,415,0,92,3.86,96.13,100.0
2026-05-21,2360,致茂,2210.0,2270.0,2190.0,2270.0,1519,234,-482,-23,28,58.13,41.86,100.0
2026-05-21,2362,藍天,39.25,39.9,39.2,39.9,865,98,609,-1,-9,10.53,89.46,100.0
2026-05-21,2363,矽統,61.3,63.6,61.3,62.8,19409,8132,5435,5,258,9.95,90.04,100.0
2026-05-21,2364,倫飛,67.0,68.0,66.7,67.4,229,46,57,0,6,15.19,84.8,100.0
2026-05-21,2365,昆盈,35.5,37.05,35.5,36.55,4382,1113,2189,0,21,3.38,96.61,100.0
2026-05-21,2367,燿華,65.0,65.7,63.9,64.1,34853,21072,622,0,181,6.28,93.71,100.0
2026-05-21,2368,金像電,1280.0,1305.0,1260.0,1285.0,5210,2191,-265,-42,17,26.0,73.99,100.0
2026-05-21,2369,菱生,29.3,30.3,29.3,30.0,7045,2349,2210,0,99,14.32,85.67,100.0
2026-05-21,2371,大同,28.25,28.75,28.25,28.4,15694,2809,2614,9,-111,7.25,92.74,100.0
2026-05-21,2373,震旦行,56.5,57.7,56.5,56.8,45,2,18,0,0,0.79,99.2,100.0
2026-05-21,2374,佳能,79.6,81.4,79.6,80.4,6228,1971,941,0,-49,5.64,94.35,100.0
2026-05-21,2375,凱美,116.5,122.5,116.5,122.5,10748,4265,2206,0,78,14.35,85.64,100.0
2026-05-21,2376,技嘉,308.0,319.5,305.0,316.5,15510,5820,-927,-478,226,22.27,77.72,100.0
2026-05-21,2377,微星,112.0,114.5,112.0,113.0,20229,4556,6864,-2331,163,12.21,87.78,100.0
2026-05-21,2379,瑞昱,579.0,582.0,571.0,575.0,2995,752,777,-236,-6,51.69,48.3,100.0
2026-05-21,2380,虹光,6.15,6.15,5.86,5.97,291,0,0,0,0,0.26,99.73,100.0
2026-05-21,2382,廣達,296.0,312.5,295.0,308.0,38942,8030,1296,9439,-180,25.96,74.03,100.0
2026-05-21,2383,台光電,4610.0,4785.0,4555.0,4690.0,2512,1061,560,-115,45,43.15,56.84,100.0
2026-05-21,2385,群光,129.0,132.0,128.0,130.0,4467,942,1112,-176,175,18.87,81.12,100.0
2026-05-21,2387,精元,38.6,39.2,38.6,39.1,537,35,245,0,-1,8.54,91.45,100.0
2026-05-21,2388,威盛,82.2,88.6,80.2,86.0,42512,28121,609,160,448,15.78,84.21,100.0
2026-05-21,2390,云辰,10.05,10.3,10.0,10.25,1391,179,655,0,-5,2.56,97.43,100.0
2026-05-21,2392,正崴,35.85,37.05,35.7,36.9,2489,553,734,0,33,6.36,93.63,100.0
2026-05-21,2393,億光,64.0,64.6,63.3,64.5,3327,1052,-394,43,68,30.42,69.57,100.0
2026-05-21,2395,研華,475.0,479.5,462.0,463.5,3953,1254,247,10,0,35.63,64.36,100.0
2026-05-21,2397,友通,61.3,61.3,60.6,60.7,495,72,184,0,0,11.72,88.27,100.0
2026-05-21,2399,映泰,43.3,44.5,42.85,43.2,6344,3163,502,0,-149,3.71,96.28,100.0
2026-05-21,2401,凌陽,27.3,29.55,26.75,29.55,47782,25280,1936,0,1533,14.78,85.21,100.0
2026-05-21,2402,毅嘉,63.0,63.8,62.1,62.4,3957,1180,-110,-169,53,9.25,90.13,100.0
2026-05-21,2404,漢唐,1045.0,1120.0,1045.0,1100.0,7100,2128,2866,-114,193,29.91,70.08,100.0
2026-05-21,2405,輔信,15.75,16.1,15.5,16.0,4554,1163,1834,0,-37,5.63,94.36,100.0
2026-05-21,2406,國碩,30.55,31.2,30.5,30.9,4051,1175,948,0,0,15.38,84.61,100.0
2026-05-21,2408,南亞科,291.5,295.0,280.0,293.0,149826,103490,-1219,-216,918,11.39,88.6,100.0
2026-05-21,2409,友達,19.1,20.45,19.05,20.2,367725,121600,156969,46,2229,16.01,83.98,100.0
2026-05-21,2412,中華電,139.0,140.0,137.5,137.5,14521,3160,-5392,-566,396,17.62,31.37,49.0
2026-05-21,2413,環科,50.3,53.6,49.75,51.1,10736,5324,946,0,1,4.03,95.96,100.0
2026-05-21,2414,精技,50.0,50.4,49.6,50.1,452,78,38,0,-14,5.27,94.72,100.0
2026-05-21,2415,錩新,26.75,27.5,26.75,27.5,179,21,6,0,-3,21.07,78.92,100.0
2026-05-21,2417,圓剛,47.5,49.6,47.5,48.85,1857,650,183,0,0,3.26,96.73,100.0
2026-05-21,2419,仲琦,30.3,30.8,30.2,30.7,1544,265,662,0,30,1.33,98.66,100.0
2026-05-21,2420,新巨,59.9,63.4,58.9,62.5,2686,713,737,34,-9,8.1,91.89,100.0
2026-05-21,2421,建準,146.0,153.0,145.0,152.0,8722,1767,3753,936,114,28.14,71.85,100.0
2026-05-21,2423,固緯,75.9,76.2,73.8,74.8,261,92,31,0,-1,5.12,94.87,100.0
2026-05-21,2424,隴華,16.2,16.2,16.2,16.2,92,0,8,0,0,0.61,48.38,49.0
2026-05-21,2425,承啟,33.3,34.5,33.05,34.05,575,109,220,0,-4,10.05,89.94,100.0
2026-05-21,2426,鼎元,70.0,75.7,70.0,75.7,4140,0,-417,0,-13,8.14,91.85,100.0
2026-05-21,2427,三商電,20.45,20.6,20.4,20.4,497,82,28,0,0,3.59,96.4,100.0
2026-05-21,2428,興勤,226.0,235.5,225.5,230.0,2792,1589,-4,0,-2,19.32,80.67,100.0
2026-05-21,2429,銘旺科,49.4,49.4,47.9,48.05,461,0,27,0,0,0.71,99.28,100.0
2026-05-21,2430,燦坤,18.2,18.3,18.1,18.3,129,3,19,0,0,2.71,97.28,100.0
2026-05-21,2431,聯昌,10.35,10.4,10.15,10.3,205,0,54,0,12,2.25,97.74,100.0
2026-05-21,2432,倚天,26.0,26.25,26.0,26.25,22,1,-1,0,-7,0.63,99.36,100.0
2026-05-21,2432,倚天酷碁-創,26.0,26.25,26.0,26.25,22,1,-1,0,-7,0.63,99.36,100.0
2026-05-21,2433,互盛電,44.6,44.8,44.5,44.5,43,1,-10,0,-5,0.89,99.1,100.0
2026-05-21,2434,統懋,30.45,30.5,28.7,29.4,61,7,2,0,0,1.13,98.86,100.0
2026-05-21,2436,偉詮電,73.4,75.4,72.4,74.8,7629,2765,1219,20,165,8.39,91.6,100.0
2026-05-21,2438,翔耀,22.1,22.5,21.65,22.0,139,0,-15,0,2,1.13,98.86,100.0
2026-05-21,2439,美律,86.0,86.9,85.5,85.8,2065,278,814,-658,21,13.09,86.9,100.0
2026-05-21,2440,太空梭,17.45,17.8,17.25,17.45,641,121,269,0,10,1.82,98.17,100.0
2026-05-21,2441,超豐,104.5,108.0,104.5,106.5,15482,5986,781,-39,242,11.12,88.87,100.0
2026-05-21,2442,新美齊,18.6,18.7,18.5,18.7,1386,90,731,0,-1,2.17,97.82,100.0
2026-05-21,2444,兆勁,12.85,13.0,12.7,12.75,451,0,0,0,8,1.91,98.08,100.0
2026-05-21,2449,京元電子,286.0,292.5,285.0,286.0,22235,6519,851,-2191,295,25.64,74.35,100.0
2026-05-21,2450,神腦,29.1,29.3,29.05,29.2,80,10,-7,0,0,1.18,98.81,100.0
2026-05-21,2451,創見,321.0,321.0,307.0,313.5,6399,3480,-1235,134,-72,11.52,88.47,100.0
2026-05-21,2453,凌群,55.5,56.2,55.1,55.7,605,104,262,0,-2,5.3,94.69,100.0
2026-05-21,2454,聯發科,3415.0,3550.0,3405.0,3550.0,5983,930,-430,-400,281,56.14,43.85,100.0
2026-05-21,2455,全新,410.0,419.5,386.5,386.5,21897,11035,-6138,636,-303,24.63,75.36,100.0
2026-05-21,2457,飛宏,24.6,25.15,24.6,25.05,2694,518,1571,0,50,6.76,93.23,100.0
2026-05-21,2458,義隆,159.0,164.0,157.0,158.5,7374,3161,602,214,-54,24.04,75.95,100.0
2026-05-21,2459,敦吉,66.0,66.6,66.0,66.6,220,20,-9,0,0,16.91,83.08,100.0
2026-05-21,2460,建通,31.5,32.2,31.3,31.55,548,0,160,0,-1,0.8,99.19,100.0
2026-05-21,2461,光群雷,16.3,16.35,16.1,16.25,665,29,284,0,6,5.0,94.99,100.0
2026-05-21,2462,良得電,20.25,20.6,20.25,20.5,335,86,31,0,6,1.33,98.66,100.0
2026-05-21,2464,盟立,126.0,136.5,124.5,136.0,28460,16106,3361,0,218,10.92,89.07,100.0
2026-05-21,2465,麗臺,77.9,83.1,77.8,83.1,2750,787,795,0,16,4.7,95.29,100.0
2026-05-21,2466,冠西電,48.0,48.2,47.4,47.7,153,26,2,0,0,10.44,89.55,100.0
2026-05-21,2467,志聖,579.0,602.0,569.0,585.0,1952,945,223,47,-23,20.1,79.89,100.0
2026-05-21,2468,華經,32.5,33.55,32.5,33.5,251,44,70,0,0,1.5,98.49,100.0
2026-05-21,2471,資通,50.2,50.7,50.2,50.4,116,6,-53,0,0,4.68,95.31,100.0
2026-05-21,2472,立隆電,264.5,272.5,255.0,266.0,31301,21103,-994,-80,149,9.75,90.24,100.0
2026-05-21,2474,可成,187.0,187.0,183.0,185.0,4201,1121,561,-1464,-80,24.02,75.97,100.0
2026-05-21,2476,鉅祥,116.5,122.0,116.0,120.0,5525,1904,605,0,-65,10.38,89.61,100.0
2026-05-21,2477,美隆電,20.65,20.95,20.65,20.95,163,6,27,0,1,23.3,76.69,100.0
2026-05-21,2478,大毅,112.5,116.0,112.0,116.0,4626,1253,282,0,13,15.61,84.38,100.0
2026-05-21,2480,敦陽科,148.0,148.0,146.0,147.0,261,35,63,-6,15,10.23,89.76,100.0
2026-05-21,2481,強茂,136.5,140.5,129.5,132.5,66182,43427,-9061,1090,-262,25.26,74.73,100.0
2026-05-21,2482,連宇,16.25,16.4,16.2,16.3,94,2,20,0,5,1.4,98.59,100.0
2026-05-21,2483,百容,23.8,24.75,23.5,24.6,622,123,229,0,8,2.37,97.62,100.0
2026-05-21,2484,希華,45.0,46.5,44.1,44.85,38956,24979,-3477,0,-75,5.59,94.4,100.0
2026-05-21,2485,兆赫,71.4,72.2,69.9,70.0,24460,13700,-1329,0,-128,1.39,98.6,100.0
2026-05-21,2486,一詮,271.0,283.5,267.5,278.5,11887,3919,-2780,0,-78,16.03,83.96,100.0
2026-05-21,2488,漢平,52.3,52.5,52.2,52.4,201,22,55,0,0,6.98,93.01,100.0
2026-05-21,2489,瑞軒,44.3,46.8,43.2,46.8,97194,37159,25149,115,843,9.64,90.35,100.0
2026-05-21,2491,吉祥全,19.85,21.7,19.85,21.7,1369,140,425,0,2,6.46,93.53,100.0
2026-05-21,2492,華新科,259.5,266.0,259.5,266.0,7192,0,1709,91,257,22.88,77.11,100.0
2026-05-21,2493,揚博,131.5,137.0,131.0,135.5,1709,460,518,0,42,3.32,96.67,100.0
2026-05-21,2495,普安,38.6,41.0,38.05,40.65,10735,3565,3251,197,98,8.49,91.5,100.0
2026-05-21,2496,卓越,64.7,64.7,64.2,64.5,13,4,-2,0,0,23.12,76.87,100.0
2026-05-21,2497,怡利電,57.1,57.1,56.2,56.8,366,76,115,8,1,2.83,97.16,100.0
2026-05-21,2498,宏達電,45.85,46.2,45.35,45.45,15833,7753,2218,-20,-122,8.43,91.56,100.0
2026-05-21,2501,國建,22.3,22.4,22.15,22.35,1534,346,469,0,-3,11.13,88.86,100.0
2026-05-21,2504,國產,34.7,35.15,34.55,34.85,1791,328,-200,-30,-3,7.41,92.58,100.0
2026-05-21,2505,國揚,18.1,18.15,17.9,17.95,355,83,-63,0,0,3.64,96.35,100.0
2026-05-21,2506,太設,8.69,8.69,8.64,8.68,145,5,81,0,0,4.79,95.2,100.0
2026-05-21,2509,全坤建,12.8,12.8,12.5,12.75,185,21,-1,0,2,1.36,98.63,100.0
2026-05-21,2511,太子,7.66,7.69,7.64,7.68,696,64,-209,0,-1,2.35,97.64,100.0
2026-05-21,2514,龍邦,13.05,13.05,12.9,13.0,372,1,-28,0,0,2.19,97.8,100.0
2026-05-21,2515,中工,12.65,13.85,12.6,13.85,20276,4678,-401,-2,-51,8.14,91.85,100.0
2026-05-21,2516,新建,12.3,12.4,12.3,12.35,149,0,50,0,0,2.44,97.55,100.0
2026-05-21,2520,冠德,30.75,30.85,30.45,30.75,1012,168,-409,0,-14,12.23,87.76,100.0
2026-05-21,2524,京城,34.1,34.6,34.1,34.2,44,6,9,0,0,0.67,99.32,100.0
2026-05-21,2527,宏璟,33.15,33.7,33.1,33.35,241,44,93,0,-11,42.03,57.96,100.0
2026-05-21,2528,皇普,22.3,22.3,22.0,22.1,441,13,-118,0,0,1.08,98.91,100.0
2026-05-21,2530,華建,20.9,20.9,20.45,20.85,917,240,-527,-8,21,2.93,97.06,100.0
2026-05-21,2534,宏盛,17.8,18.35,17.7,17.9,555,67,-85,0,-5,6.18,93.81,100.0
2026-05-21,2535,達欣工,74.6,76.0,74.6,75.9,805,120,116,0,-9,6.33,93.66,100.0
2026-05-21,2536,宏普,20.1,20.2,19.95,20.05,372,14,-24,0,26,8.95,91.04,100.0
2026-05-21,2537,聯上發,9.76,9.84,9.74,9.83,573,39,263,0,-18,2.1,97.89,100.0
2026-05-21,2538,基泰,9.4,9.46,9.35,9.46,162,16,31,0,0,9.85,90.14,100.0
2026-05-21,2539,櫻花建,38.7,38.7,38.15,38.4,598,123,-83,0,37,1.88,98.11,100.0
2026-05-21,2540,愛山林,55.6,56.3,54.8,55.7,640,200,-103,0,0,1.47,98.52,100.0
2026-05-21,2542,興富發,43.95,44.4,43.6,43.65,8804,1506,512,9,-17,11.23,88.76,100.0
2026-05-21,2543,皇昌,46.55,46.6,44.05,46.45,12034,4050,-1859,0,-893,1.42,98.57,100.0
2026-05-21,2545,皇翔,37.3,37.5,37.1,37.3,194,37,-50,0,-6,2.76,97.23,100.0
2026-05-21,2546,根基,84.3,84.7,84.3,84.4,99,0,33,0,-1,3.35,96.64,100.0
2026-05-21,2547,日勝生,10.05,10.1,10.0,10.05,1701,133,-415,0,-67,12.8,87.19,100.0
2026-05-21,2548,華固,124.0,125.0,123.5,123.5,1228,210,-501,0,14,19.63,80.36,100.0
2026-05-21,2596,綠意,29.0,29.0,28.7,28.95,36,5,4,0,0,0.71,99.28,100.0
2026-05-21,2597,潤弘,160.5,164.0,160.5,162.5,373,101,65,0,0,3.06,96.93,100.0
2026-05-21,2601,益航,5.0,5.03,4.92,5.01,2323,0,960,0,0,12.85,87.14,100.0
2026-05-21,2603,長榮,212.0,214.5,210.5,212.0,20652,4648,1819,986,98,21.76,28.22,49.99
2026-05-21,2605,新興,30.1,30.7,29.9,30.6,3583,941,-133,0,-70,49.96,0.02,49.99
2026-05-21,2606,裕民,65.0,65.0,63.7,65.0,3188,1227,222,-40,-10,14.96,35.02,49.99
2026-05-21,2607,榮運,47.55,47.8,47.2,47.75,449,79,12,-47,0,8.8,41.18,49.99
2026-05-21,2608,嘉里大榮,29.35,29.35,29.0,29.1,305,7,15,0,0,3.39,96.6,100.0
2026-05-21,2609,陽明,50.3,51.1,49.95,51.1,19862,3901,10962,-39,244,13.84,36.14,49.99
2026-05-21,2610,華航,18.45,18.85,18.4,18.7,26975,4502,15748,-420,188,13.89,36.09,49.99
2026-05-21,2611,志信,12.95,13.05,12.9,13.05,331,42,103,0,0,1.26,98.73,100.0
2026-05-21,2612,中航,55.0,55.4,54.7,55.4,247,56,-19,0,-1,3.86,96.13,100.0
2026-05-21,2613,中櫃,21.6,22.05,21.45,21.9,383,64,-31,0,0,1.15,32.17,33.33
2026-05-21,2614,東森,18.35,18.35,18.1,18.15,619,99,-210,0,14,3.55,46.43,49.99
2026-05-21,2615,萬海,81.5,82.5,80.2,81.2,10850,3677,1218,1412,63,42.65,7.33,49.99
2026-05-21,2616,山隆,13.7,13.8,13.6,13.75,304,15,39,0,-2,1.96,98.03,100.0
2026-05-21,2617,台航,28.8,29.05,28.6,29.05,777,167,200,0,-1,8.54,41.44,49.99
2026-05-21,2618,長榮航,34.8,35.45,34.7,35.3,45014,11169,1536,11859,-274,23.52,26.46,49.99
2026-05-21,2630,亞航,43.25,43.85,43.0,43.55,604,94,257,0,7,3.81,96.18,100.0
2026-05-21,2633,台灣高鐵,25.85,26.05,25.75,25.95,2726,377,10,-51,-1,9.22,39.76,48.99
2026-05-21,2634,漢翔,46.1,46.6,45.8,46.3,2263,229,733,-7,3,2.67,7.32,10.0
2026-05-21,2636,台驊控股,65.1,65.6,65.0,65.5,276,16,-30,0,-1,8.93,91.06,100.0
2026-05-21,2637,慧洋-KY,72.3,72.4,71.0,71.9,2251,617,-569,51,-24,18.48,81.51,100.0
2026-05-21,2640,大車隊,165.0,167.5,165.0,165.0,24,2,6,0,0,4.78,95.21,100.0
2026-05-21,2641,正德,17.7,17.8,17.5,17.7,1352,221,346,0,0,2.76,97.23,100.0
2026-05-21,2642,宅配通,20.35,20.55,20.35,20.45,52,5,16,0,0,5.29,94.7,100.0
2026-05-21,2643,捷迅,69.8,69.8,66.2,66.9,66,26,-2,0,0,1.37,98.62,100.0
2026-05-21,2644,中信造船,79.16,79.5,77.2,79.5,31,0,3,0,0,0.0,0.0,0.0
2026-05-21,2645,長榮航太,154.5,166.0,154.5,162.5,3593,714,2043,88,63,7.3,92.69,100.0
2026-05-21,2646,星宇航空,20.35,20.45,20.2,20.3,4330,493,1824,0,-15,2.7,47.28,49.99
2026-05-21,2701,萬企,10.3,10.35,10.25,10.25,22,2,-5,0,0,0.5,99.49,100.0
2026-05-21,2702,華園,13.0,13.1,12.85,13.0,33,5,3,0,7,39.37,60.62,100.0
2026-05-21,2704,國賓,41.85,42.2,41.75,42.05,66,8,-19,0,-1,9.83,90.16,100.0
2026-05-21,2705,六福,15.3,15.5,15.3,15.4,144,11,-44,0,0,1.46,98.53,100.0
2026-05-21,2706,第一店,12.0,12.05,11.95,12.0,68,1,-13,0,0,2.64,97.35,100.0
2026-05-21,2707,晶華,175.5,175.5,173.0,174.0,185,24,-8,0,-3,5.58,94.41,100.0
2026-05-21,2712,遠雄來,15.05,15.35,15.05,15.15,7,0,-3,0,0,0.28,99.71,100.0
2026-05-21,2718,晶悅,46.1,46.35,46.1,46.2,59,0,7,0,0,0.61,99.38,100.0
2026-05-21,2718,全心投控,46.1,46.35,46.1,46.2,59,0,7,0,0,0.61,99.38,100.0
2026-05-21,2719,燦星旅,25.7,25.85,25.7,25.85,4,0,-1,0,0,0.17,99.82,100.0
2026-05-21,2722,夏都,22.75,22.75,22.2,22.35,23,7,-2,0,0,0.33,99.66,100.0
2026-05-21,2723,美食-KY,63.7,63.7,62.7,63.0,366,22,-226,0,-1,46.23,53.76,100.0
2026-05-21,2724,富驛-KY,14.0,14.25,13.9,13.9,30,0,0,0,0,15.09,84.9,100.0
2026-05-21,2724,藝舍-KY,14.0,14.25,13.9,13.9,30,0,0,0,0,15.09,84.9,100.0
2026-05-21,2726,雅茗-KY,9.53,10.25,9.5,10.0,153,17,2,0,0,23.4,76.59,100.0
2026-05-21,2727,王品,235.0,235.0,232.5,234.5,269,50,-60,0,-1,27.62,72.37,100.0
2026-05-21,2729,瓦城,161.0,163.0,161.0,161.0,20,0,1,0,0,2.03,97.96,100.0
2026-05-21,2731,雄獅,161.0,161.0,160.0,160.0,400,29,-108,0,5,12.41,87.58,100.0
2026-05-21,2732,六角,64.5,65.0,64.5,65.0,17,0,-2,0,0,4.13,95.86,100.0
2026-05-21,2733,維格餅家,10.63,11.0,10.55,11.0,3,0,0,0,0,0.0,0.0,0.0
2026-05-21,2734,易飛網,15.4,15.55,15.4,15.55,71,1,19,0,0,3.83,96.16,100.0
2026-05-21,2736,富野,11.9,12.0,11.85,12.0,57,2,7,0,0,0.95,99.04,100.0
2026-05-21,2739,寒舍,34.8,34.95,34.5,34.5,87,2,-23,0,1,2.52,97.47,100.0
2026-05-21,2740,天蔥,36.65,36.65,36.45,36.45,4,0,0,0,0,1.66,98.33,100.0
2026-05-21,2740,華軒,36.65,36.65,36.45,36.45,4,0,0,0,0,1.66,98.33,100.0
2026-05-21,2741,老四川,21.01,21.6,20.9,21.6,17,0,0,0,0,0.0,0.0,0.0
2026-05-21,2743,山富,68.4,68.4,67.2,67.7,61,7,13,0,0,1.07,98.92,100.0
2026-05-21,2745,五福,101.5,101.5,101.0,101.5,98,16,-10,0,0,0.66,99.33,100.0
2026-05-21,2748,雲品,39.35,39.45,39.1,39.3,81,2,-20,0,-1,1.08,98.91,100.0
2026-05-21,2751,王座,51.8,52.0,51.6,51.8,11,2,0,0,0,0.41,99.58,100.0
2026-05-21,2752,豆府,174.5,177.0,174.0,177.0,35,0,23,0,0,1.41,98.58,100.0
2026-05-21,2753,八方雲集,173.5,175.0,172.5,173.5,446,64,-53,0,-2,4.19,95.8,100.0
2026-05-21,2754,亞洲藏壽司,77.2,80.8,73.7,74.7,691,335,-54,0,0,67.74,32.25,100.0
2026-05-21,2755,揚秦,134.5,134.5,132.5,132.5,27,4,-1,0,0,1.25,98.74,100.0
2026-05-21,2756,聯發國際,61.8,61.8,60.0,61.3,21,5,-5,0,0,1.22,98.77,100.0
2026-05-21,2758,路易莎咖啡,65.86,67.7,65.0,67.6,14,0,0,0,0,0.0,0.0,0.0
2026-05-21,2760,巨宇翔,20.19,20.1,19.0,20.1,21,0,0,0,0,0.0,0.0,0.0
2026-05-21,2761,橘焱胡同,15.0,15.4,14.9,15.25,34,0,0,0,0,0.0,0.0,0.0
2026-05-21,2762,世界健身-KY,82.6,83.2,81.6,82.9,106,23,29,0,-2,82.4,17.59,100.0
2026-05-21,2801,彰銀,20.35,20.5,20.3,20.3,17270,1976,-7315,2041,-218,17.44,82.55,100.0
2026-05-21,2812,台中銀,18.95,19.05,18.9,19.0,7968,515,892,-8,0,7.77,92.22,100.0
2026-05-21,2816,旺旺保,31.5,31.5,30.8,30.95,190,30,-43,0,0,1.95,98.04,100.0
2026-05-21,2820,華票,16.85,16.9,16.8,16.9,545,56,-113,0,-10,8.66,91.33,100.0
2026-05-21,2832,台產,54.0,54.0,53.2,53.5,110,10,-18,0,-1,4.01,95.98,100.0
2026-05-21,2834,臺企銀,16.1,16.15,16.05,16.1,17561,2299,-2103,-53,-87,16.28,83.71,100.0
2026-05-21,2836,高雄銀,11.85,11.9,11.8,11.85,546,73,-192,0,-2,7.34,92.65,100.0
2026-05-21,2838,聯邦銀,20.1,20.2,20.05,20.1,658,152,-340,0,-13,4.23,95.76,100.0
2026-05-21,2845,遠東銀,12.0,12.05,11.95,12.0,11001,3940,-614,-22,-98,8.61,91.38,100.0
2026-05-21,2849,安泰銀,13.2,13.3,13.2,13.3,35,11,5,0,-4,58.88,41.11,100.0
2026-05-21,2850,新產,137.5,139.5,136.5,138.5,429,140,-36,0,-3,10.3,89.69,100.0
2026-05-21,2851,中再保,35.05,35.65,34.6,35.55,3790,1032,515,0,-31,8.34,91.65,100.0
2026-05-21,2852,第一保,27.2,27.3,27.0,27.05,468,79,8,0,-19,4.85,95.14,100.0
2026-05-21,2855,統一證,39.95,40.25,39.65,40.2,6288,1595,1753,-2,0,13.52,86.47,100.0
2026-05-21,2867,三商壽,7.72,7.72,7.66,7.66,4587,532,-1283,0,-147,18.3,81.69,100.0
2026-05-21,2880,華南金,32.5,32.5,31.95,32.05,30912,3526,-6652,5782,-910,17.5,82.49,100.0
2026-05-21,2881,富邦金,96.5,96.8,95.3,96.1,32176,7153,7991,-14009,27,16.91,83.08,100.0
2026-05-21,2882,國泰金,77.8,79.1,77.8,78.7,41862,4588,25763,-21947,60,20.66,79.33,100.0
2026-05-21,2883,凱基金,21.85,21.95,21.4,21.4,61915,14783,-24682,4804,-609,30.65,69.34,100.0
2026-05-21,2884,玉山金,32.05,32.05,31.55,31.55,28628,3667,-11669,-795,-630,30.44,69.55,100.0
2026-05-21,2885,元大金,55.5,56.1,54.6,54.7,26797,4196,776,-9028,-942,26.03,73.96,100.0
2026-05-21,2886,兆豐金,40.3,40.5,40.05,40.2,26313,4479,-7288,7957,-617,21.84,78.15,100.0
2026-05-21,2887,台新新光金,24.2,24.2,23.8,23.85,92624,22511,-34821,30508,-986,23.68,76.31,100.0
2026-05-21,2889,國票金,14.7,14.75,14.55,14.75,2079,291,332,0,-68,8.47,91.52,100.0
2026-05-21,2890,永豐金,29.8,30.0,29.7,29.7,23420,4655,-5808,234,-964,28.2,71.79,100.0
2026-05-21,2891,中信金,57.9,58.6,57.2,57.5,72093,16708,28023,-22482,-1178,34.55,65.44,100.0
2026-05-21,2892,第一金,28.0,28.05,27.55,27.7,85780,5710,-71794,2846,68,26.01,73.98,100.0
2026-05-21,2897,王道銀行,10.05,10.1,10.0,10.1,2451,403,1077,-181,27,6.94,93.05,100.0
2026-05-21,2901,欣欣,22.7,22.7,22.5,22.55,18,1,-2,0,0,0.3,99.69,100.0
2026-05-21,2903,遠百,22.3,22.3,22.1,22.25,1520,176,-374,-30,20,7.92,92.07,100.0
2026-05-21,2904,匯僑,14.1,14.5,14.1,14.3,75,4,32,0,0,0.56,99.43,100.0
2026-05-21,2905,三商,13.35,13.4,13.25,13.35,459,70,-57,0,6,3.64,96.35,100.0
2026-05-21,2906,高林,12.85,12.9,12.6,12.7,141,13,-27,0,1,1.6,98.39,100.0
2026-05-21,2908,特力,20.95,21.05,20.9,21.05,347,16,52,0,0,1.62,98.37,100.0
2026-05-21,2910,統領,21.3,21.3,21.2,21.2,7,0,-2,0,0,0.25,99.74,100.0
2026-05-21,2911,麗嬰房,7.9,7.9,7.9,7.9,939,0,-466,0,0,20.77,79.22,100.0
2026-05-21,2912,統一超,223.0,224.0,218.5,221.0,6362,853,-2548,936,0,19.36,80.63,100.0
2026-05-21,2913,農林,10.95,11.0,10.85,11.0,882,117,218,0,-9,5.23,94.76,100.0
2026-05-21,2915,潤泰全,44.0,44.2,43.75,44.05,2397,245,-441,0,9,5.29,94.7,100.0
2026-05-21,2916,滿心,47.95,47.95,47.5,47.55,204,5,-43,0,0,21.16,78.83,100.0
2026-05-21,2923,鼎固-KY,20.3,21.3,20.3,21.3,51,0,2,0,-10,99.4,0.59,100.0
2026-05-21,2924,宏太-KY,16.0,16.5,15.35,15.85,4,0,0,0,0,66.79,33.2,100.0
2026-05-21,2926,誠品生活,37.6,37.6,36.1,36.45,14,5,-1,0,0,1.09,98.9,100.0
2026-05-21,2929,淘帝-KY,5.18,5.68,5.15,5.68,981,241,54,0,-9,17.91,82.08,100.0
2026-05-21,2937,集雅社,46.5,49.7,46.5,47.5,38,0,2,0,-7,0.08,99.91,100.0
2026-05-21,2938,床的世界,23.2,23.8,23.7,23.7,7,0,0,0,0,0.0,0.0,0.0
2026-05-21,2939,永邑-KY,22.35,22.55,22.25,22.45,19,8,-4,0,0,19.87,80.12,100.0
2026-05-21,2940,歐都納,24.3,0.0,0.0,0.0,0,0,0,0,0,0.0,0.0,0.0
2026-05-21,2941,米斯特,31.0,31.0,31.0,31.0,1,0,0,0,0,0.48,99.51,100.0
2026-05-21,2942,京站,38.3,38.65,38.35,38.4,15,0,0,0,0,0.0,0.0,0.0
2026-05-21,2945,三商家購,41.0,41.05,39.8,40.1,41,0,1,0,0,0.37,99.62,100.0
2026-05-21,2947,振宇五金,77.5,77.9,77.5,77.9,3,0,0,0,0,0.08,99.91,100.0
2026-05-21,2948,寶陞,36.5,37.85,36.5,37.8,8,0,0,0,0,0.01,99.98,100.0
2026-05-21,2949,欣新網,59.0,60.5,58.9,60.5,10,0,1,0,0,0.03,99.96,100.0
2026-05-21,3002,歐格,17.1,17.45,17.0,17.1,324,107,-46,0,15,2.76,97.23,100.0
2026-05-21,3003,健和興,59.7,60.8,59.3,60.5,969,177,424,0,3,3.95,96.04,100.0
2026-05-21,3004,豐達科,126.0,128.0,124.5,126.0,332,72,-51,0,3,2.51,97.48,100.0
2026-05-21,3005,神基,99.7,104.0,99.5,102.0,9832,1734,5764,-1522,92,10.98,89.01,100.0
2026-05-21,3006,晶豪科,232.0,237.0,219.0,222.0,27899,16379,-3276,25,215,29.89,70.1,100.0
2026-05-21,3008,大立光,3285.0,3520.0,3280.0,3460.0,1745,0,142,24,146,34.41,65.58,100.0
2026-05-21,3010,華立,131.0,135.5,130.0,135.0,2006,500,905,30,26,17.57,82.42,100.0
2026-05-21,3011,今皓,13.25,13.9,13.2,13.45,1604,347,609,0,25,3.05,96.94,100.0
2026-05-21,3013,晟銘電,100.5,102.0,100.5,100.5,1855,334,640,0,1,4.34,95.65,100.0
2026-05-21,3014,聯陽,140.0,147.0,138.5,145.0,6379,1255,3043,6,96,22.17,77.82,100.0
2026-05-21,3015,全漢,51.4,51.5,50.6,51.0,476,90,-78,97,-7,8.77,91.22,100.0
2026-05-21,3016,嘉晶,112.0,115.5,112.0,115.5,1105,0,-122,0,-11,7.82,92.17,100.0
2026-05-21,3017,奇鋐,2445.0,2515.0,2415.0,2495.0,3762,1707,-259,275,89,52.77,47.22,100.0
2026-05-21,3018,隆銘綠能,9.34,9.34,9.34,9.34,19,0,0,0,0,0.22,99.77,100.0
2026-05-21,3019,亞光,154.5,155.0,151.5,151.5,11953,5115,-1147,0,-178,5.36,94.63,100.0
2026-05-21,3021,鴻名,17.0,17.2,17.0,17.1,133,8,-2,0,0,3.79,96.2,100.0
2026-05-21,3022,威強電,68.9,70.4,68.7,69.9,1037,130,393,-2,-1,15.3,84.69,100.0
2026-05-21,3023,信邦,309.0,314.5,306.0,313.5,2217,697,-136,49,-17,44.49,55.5,100.0
2026-05-21,3024,憶聲,18.05,18.05,16.65,17.15,6003,1724,-911,0,-33,2.05,97.94,100.0
2026-05-21,3025,星通,60.6,64.6,59.6,64.6,1337,248,509,0,-5,7.36,92.63,100.0
2026-05-21,3026,禾伸堂,428.0,433.5,427.0,433.5,2080,0,75,101,8,16.32,83.67,100.0
2026-05-21,3027,盛達,17.1,17.9,17.1,17.6,390,81,77,0,32,1.83,98.16,100.0
2026-05-21,3028,增你強,86.0,86.5,83.2,83.3,5472,2026,-1345,4,-93,12.63,87.36,100.0
2026-05-21,3029,零壹,95.1,96.9,94.8,96.1,911,187,396,-14,1,3.41,96.58,100.0
2026-05-21,3030,德律,362.0,381.5,361.0,381.5,2005,0,-1,-461,11,14.75,85.24,100.0
2026-05-21,3031,佰鴻,31.25,33.6,30.55,33.6,15829,7655,233,0,-5,3.45,96.54,100.0
2026-05-21,3032,偉訓,77.0,79.5,76.4,79.3,1000,283,3,0,-3,2.62,97.37,100.0
2026-05-21,3033,威健,51.8,53.0,50.6,52.5,26642,14087,3052,-5,-706,20.31,79.68,100.0
2026-05-21,3034,聯詠,478.0,487.5,475.0,484.5,6073,1874,1208,19,-76,37.68,62.31,100.0
2026-05-21,3035,智原,195.5,208.0,195.0,208.0,25033,8780,7839,5,853,11.63,88.36,100.0
2026-05-21,3036,文曄,281.0,293.0,278.5,291.5,16763,7284,-2942,1382,40,21.12,78.84,100.0
2026-05-21,3037,欣興,870.0,905.0,868.0,905.0,32618,10700,6819,410,1128,37.73,62.26,100.0
2026-05-21,3038,全台,22.35,22.65,22.0,22.55,303,40,148,0,2,8.5,91.49,100.0
2026-05-21,3040,遠見,40.05,40.3,40.0,40.2,30,2,3,0,0,0.77,99.22,100.0
2026-05-21,3041,揚智,24.1,25.1,24.05,24.85,2548,447,1490,0,-8,5.61,94.38,100.0
2026-05-21,3042,晶技,154.0,162.5,151.5,160.0,32669,22152,1280,17,1292,22.0,77.99,100.0
2026-05-21,3043,科風,21.2,21.9,20.7,21.25,1254,511,-107,0,-2,1.15,98.84,100.0
2026-05-21,3044,健鼎,472.5,492.0,471.0,488.0,3779,1400,956,36,75,48.27,51.72,100.0
2026-05-21,3045,台灣大,115.0,115.0,113.0,113.5,16231,2675,-6997,6197,75,14.72,31.82,46.55
2026-05-21,3046,建碁,52.0,52.2,51.8,52.1,282,22,41,0,-5,4.41,95.58,100.0
2026-05-21,3047,訊舟,14.4,14.75,14.3,14.65,1009,181,568,0,-20,3.19,96.8,100.0
2026-05-21,3048,益登,67.8,67.8,67.8,67.8,3568,180,747,0,12,11.93,88.06,100.0
2026-05-21,3049,精金,11.95,12.3,11.9,12.0,5233,0,-484,0,7,2.44,97.55,100.0
2026-05-21,3050,鈺德,11.85,12.15,11.85,12.15,453,78,148,0,6,7.09,92.9,100.0
2026-05-21,3051,力特,25.3,25.95,25.15,25.65,1398,268,434,0,-3,2.13,97.86,100.0
2026-05-21,3052,夆典,10.45,10.55,10.45,10.5,230,42,10,0,0,1.42,98.57,100.0
2026-05-21,3054,立萬利,67.7,69.1,66.5,66.8,152,44,-6,0,-2,0.36,99.63,100.0
2026-05-21,3055,蔚華科,112.5,119.0,110.5,116.5,7667,4256,-176,0,-31,1.26,98.73,100.0
2026-05-21,3056,富華新,13.75,14.0,13.75,13.9,1302,173,645,0,-8,3.83,96.16,100.0
2026-05-21,3057,喬鼎,18.5,19.2,18.5,19.15,144,0,5,0,-1,2.24,97.75,100.0
2026-05-21,3058,立德,8.21,8.36,8.12,8.24,569,0,303,0,0,2.44,97.55,100.0
2026-05-21,3059,華晶科,43.25,43.65,42.55,43.2,8689,2726,-454,-6,94,7.94,92.05,100.0
2026-05-21,3060,銘異,27.2,27.6,26.95,27.55,1277,247,569,0,0,8.04,91.95,100.0
2026-05-21,3062,建漢,28.1,28.55,27.9,28.4,6192,2104,1717,0,-16,10.93,89.06,100.0
2026-05-21,3064,泰偉,17.75,18.95,17.75,18.95,10,0,0,0,0,0.12,99.87,100.0
2026-05-21,3066,李洲,21.35,21.4,20.25,20.7,1737,794,89,0,-14,1.06,98.93,100.0
2026-05-21,3067,全域,17.5,17.5,17.5,17.5,1,0,0,0,0,0.02,99.97,100.0
2026-05-21,3071,協禧,29.6,29.95,29.5,29.7,321,46,159,0,0,2.44,97.55,100.0
2026-05-21,3073,天方能源,20.7,20.95,20.4,20.5,93,4,18,0,0,1.86,98.13,100.0
2026-05-21,3078,僑威,52.5,55.4,52.5,55.2,1683,303,711,65,-8,12.3,87.69,100.0
2026-05-21,3081,聯亞,2655.0,2660.0,2540.0,2555.0,2319,1364,-131,-179,6,21.8,78.19,100.0
2026-05-21,3083,網龍,28.6,28.6,27.85,27.85,156,27,-6,0,0,1.29,98.7,100.0
2026-05-21,3085,新零售,11.8,11.85,11.75,11.85,6,0,0,0,0,5.69,94.3,100.0
2026-05-21,3086,華義*,37.7,37.85,36.6,36.85,412,83,-66,0,0,40.4,59.59,100.0
2026-05-21,3088,艾訊,137.0,140.5,134.5,137.5,2969,1186,-557,77,70,14.72,85.27,100.0
2026-05-21,3090,日電貿,186.0,196.0,182.5,196.0,61149,43782,557,2305,-70,11.53,88.46,100.0
2026-05-21,3092,鴻碩,28.5,29.35,28.5,29.0,368,74,129,0,11,1.34,98.65,100.0
2026-05-21,3093,港建*,48.35,49.85,47.9,48.45,881,294,-141,0,0,68.86,31.13,100.0
2026-05-21,3094,聯傑,37.4,37.45,35.55,35.95,6364,2874,-708,0,-34,2.79,97.2,100.0
2026-05-21,3095,及成,49.4,49.45,46.5,47.35,58,15,-1,0,0,3.62,96.37,100.0
2026-05-21,3097,拍檔,25.04,26.5,24.95,26.35,34,0,2,0,0,0.0,0.0,0.0
2026-05-21,3105,穩懋,459.5,489.0,456.5,483.0,24546,13065,2050,779,271,22.14,77.85,100.0
2026-05-21,3114,好德,27.65,27.75,27.2,27.65,217,23,17,0,0,0.93,99.06,100.0
2026-05-21,3115,富榮綱,8.84,8.84,8.41,8.63,45,0,18,0,0,1.73,98.26,100.0
2026-05-21,3117,年程,23.35,28.55,23.65,26.1,372,0,28,0,0,0.0,0.0,0.0
2026-05-21,3118,進階,33.35,33.5,33.35,33.5,19,0,0,0,0,0.33,99.66,100.0
2026-05-21,3122,笙泉,36.0,36.85,35.2,35.6,488,0,-66,0,5,2.82,97.17,100.0
2026-05-21,3128,昇銳,24.0,24.1,23.25,23.75,579,161,-126,0,-4,3.69,96.3,100.0
2026-05-21,3130,一零四,221.5,222.5,221.0,222.0,22,2,-10,0,0,20.87,79.12,100.0
2026-05-21,3131,弘塑,2655.0,2725.0,2605.0,2700.0,488,197,2,-12,7,36.42,63.57,100.0
2026-05-21,3135,凌航,199.5,200.0,195.0,195.5,1268,0,23,0,-4,4.0,95.99,100.0
2026-05-21,3138,耀登,164.5,171.0,164.5,165.5,1652,854,182,0,2,0.97,99.02,100.0
2026-05-21,3141,晶宏,66.9,71.3,65.7,71.3,3756,1397,1010,0,0,9.97,90.02,100.0
2026-05-21,3147,大綜,179.5,181.5,179.0,181.0,227,70,21,0,1,2.23,97.76,100.0
2026-05-21,3149,正達,56.8,57.7,56.1,56.6,12449,6044,488,0,0,3.63,96.36,100.0
2026-05-21,3150,鈺寶-創,18.25,20.0,18.25,19.75,170,35,-3,0,-15,0.89,99.1,100.0
2026-05-21,3152,璟德,168.5,173.5,167.5,172.0,947,225,421,0,37,17.31,82.68,100.0
2026-05-21,3158,嘉實,85.2,87.5,85.2,86.6,18,0,0,0,0,1.6,98.39,100.0
2026-05-21,3162,精確,86.4,89.3,85.5,88.1,3503,1119,488,0,0,47.72,52.27,100.0
2026-05-21,3163,波若威,995.0,1045.0,974.0,1045.0,2599,951,-70,208,43,16.85,83.14,100.0
2026-05-21,3164,景岳,16.8,16.8,16.65,16.65,131,22,1,0,0,0.48,99.51,100.0
2026-05-21,3167,大量,821.0,853.0,755.0,756.0,7858,3648,-2087,-190,-38,9.48,90.51,100.0
2026-05-21,3168,眾福科,45.05,45.8,45.05,45.8,51,3,7,0,-4,1.22,98.77,100.0
2026-05-21,3169,亞信,114.0,118.0,113.5,118.0,1302,411,375,15,12,4.2,95.79,100.0
2026-05-21,3171,新洲,66.8,67.4,66.6,66.9,15,1,4,0,0,0.69,99.3,100.0
2026-05-21,3171,炎洲流通,66.8,67.4,66.6,66.9,15,1,4,0,0,0.69,99.3,100.0
2026-05-21,3176,基亞,36.2,40.95,36.2,39.7,1753,642,53,0,0,5.0,94.99,100.0
2026-05-21,3178,公準,66.3,68.5,66.3,67.4,85,32,14,0,0,2.14,97.85,100.0
2026-05-21,3184,微邦,25.46,25.5,23.15,24.1,1293,0,7,0,0,0.0,0.0,0.0
2026-05-21,3188,鑫龍騰,24.5,24.5,24.2,24.35,152,18,-55,0,0,2.25,97.74,100.0
2026-05-21,3189,景碩,540.0,554.0,531.0,554.0,35212,9245,11919,1777,1002,21.88,78.11,100.0
2026-05-21,3191,雲嘉南,15.0,15.95,14.9,15.5,86,0,0,0,0,0.05,99.94,100.0
2026-05-21,3205,佰研,54.5,55.2,54.3,55.0,140,30,33,0,0,1.07,98.92,100.0
2026-05-21,3206,志豐,37.9,38.55,37.7,37.8,75,8,16,0,0,2.37,97.62,100.0
2026-05-21,3207,耀勝,59.1,59.1,57.5,57.6,164,26,-17,0,0,4.58,95.41,100.0
2026-05-21,3209,全科,79.0,80.6,74.6,79.1,10285,5482,-1164,0,-14,18.93,81.06,100.0
2026-05-21,3211,順達,359.0,367.0,352.0,353.0,4500,1935,464,-1144,76,17.23,82.76,100.0
2026-05-21,3213,茂訊,117.0,118.5,115.5,117.5,977,147,414,0,11,6.41,93.58,100.0
2026-05-21,3217,優群,194.0,206.0,190.5,199.0,5540,1896,1619,-2,-35,8.78,91.21,100.0
2026-05-21,3218,大學光,130.0,131.0,129.0,130.0,192,17,100,-1,0,4.86,95.13,100.0
2026-05-21,3219,倚強股份,82.8,85.6,82.6,84.5,556,216,106,0,1,1.27,98.72,100.0
2026-05-21,3219,倚強科,82.8,85.6,82.6,84.5,556,216,106,0,1,1.27,98.72,100.0
2026-05-21,3221,台嘉碩,50.9,52.1,50.0,51.3,19909,10049,-919,0,99,4.49,95.5,100.0
2026-05-21,3224,三顧,40.5,41.4,40.25,41.05,132,23,20,0,0,0.64,99.35,100.0
2026-05-21,3226,龍鋒,40.0,40.0,40.0,40.0,1,0,0,0,0,0.06,99.93,100.0
2026-05-21,3227,原相,227.5,230.5,225.5,229.0,2384,710,726,0,12,21.88,78.11,100.0
2026-05-21,3228,金麗科,212.0,215.0,207.0,210.0,1627,0,-751,10,3,7.01,92.98,100.0
2026-05-21,3229,晟鈦,37.85,38.95,37.35,37.65,462,0,-61,0,-1,0.79,99.2,100.0
2026-05-21,3230,錦明,32.85,33.1,32.35,32.45,246,75,-27,0,0,0.68,99.31,100.0
2026-05-21,3231,緯創,134.5,141.5,134.0,140.0,53678,11242,27614,574,1644,28.29,71.7,100.0
2026-05-21,3232,昱捷,20.5,22.6,20.5,22.3,181,51,10,0,0,8.29,91.7,100.0
2026-05-21,3234,光環,98.0,101.0,97.5,98.5,1373,0,41,0,0,2.53,97.46,100.0
2026-05-21,3236,千如,45.8,48.25,45.8,48.25,18366,7823,2461,0,54,16.11,83.88,100.0
2026-05-21,3252,海灣,18.3,18.3,18.15,18.2,32,2,3,0,0,2.23,97.76,100.0
2026-05-21,3257,虹冠電,55.1,56.6,54.9,56.5,1418,291,-198,0,0,0.78,99.21,100.0
2026-05-21,3259,鑫創,16.0,16.2,15.8,15.9,76,0,6,0,0,10.93,89.06,100.0
2026-05-21,3260,威剛,425.0,426.5,413.0,413.0,13560,6406,-2074,-466,-152,17.03,82.96,100.0
2026-05-21,3264,欣銓,212.5,221.0,212.0,219.0,6392,1982,2076,-46,-57,30.88,69.11,100.0
2026-05-21,3265,台星科,175.0,183.5,175.0,177.5,1563,455,550,0,13,7.41,92.58,100.0
2026-05-21,3266,昇陽,12.15,12.35,12.1,12.25,65,5,-3,0,1,8.23,91.76,100.0
2026-05-21,3268,海德威,16.9,17.7,16.9,17.5,217,66,33,0,0,0.6,99.39,100.0
2026-05-21,3272,東碩,17.35,17.5,17.0,17.4,79,10,9,0,0,0.65,99.34,100.0
2026-05-21,3276,宇環,13.9,14.4,13.9,14.15,197,84,8,0,-10,1.01,98.98,100.0
2026-05-21,3284,太普高,16.3,17.25,16.3,16.9,462,109,-146,0,-1,0.89,99.1,100.0
2026-05-21,3285,微端,28.5,28.55,28.25,28.55,9,0,-1,0,0,12.97,87.02,100.0
2026-05-21,3287,廣寰科,31.5,31.9,31.4,31.45,162,11,53,0,0,1.68,98.31,100.0
2026-05-21,3288,點晶,15.0,15.0,14.95,14.95,8,0,0,0,0,0.14,99.85,100.0
2026-05-21,3289,宜特,163.5,169.5,163.0,163.5,2021,545,-349,-35,75,7.1,92.89,100.0
2026-05-21,3290,東浦,47.1,47.35,46.8,47.25,357,127,73,0,0,6.11,93.88,100.0
2026-05-21,3293,鈊象,728.0,741.0,728.0,740.0,1401,267,-38,392,36,22.52,77.47,100.0
2026-05-21,3294,英濟,40.3,41.95,39.35,40.65,8070,4689,-19,0,-9,6.81,93.18,100.0
2026-05-21,3296,勝德,19.4,19.7,19.05,19.05,355,27,-10,0,-9,2.2,97.79,100.0
2026-05-21,3297,杭特,30.3,31.0,30.3,30.85,84,15,36,0,0,3.15,96.84,100.0
2026-05-21,3303,岱稜,48.15,49.2,48.15,48.9,272,45,39,0,0,4.39,95.6,100.0
2026-05-21,3305,昇貿,138.0,144.0,137.0,139.0,11598,6195,469,0,127,5.75,94.24,100.0
2026-05-21,3306,鼎天,45.05,45.9,45.05,45.7,131,39,50,0,0,2.04,97.95,100.0
2026-05-21,3308,聯德,20.3,21.5,20.1,20.3,246,140,-41,0,1,0.8,99.19,100.0
2026-05-21,3310,佳穎,69.6,70.1,68.3,70.1,63,12,-1,0,0,0.2,99.79,100.0
2026-05-21,3311,閎暉,31.7,32.8,31.65,32.7,285,46,107,0,-1,1.64,98.35,100.0
2026-05-21,3312,弘憶股,46.65,47.2,46.05,46.85,2106,618,555,0,-10,4.03,95.96,100.0
2026-05-21,3313,斐成,11.9,12.15,11.6,11.85,250,0,-12,0,0,4.69,95.3,100.0
2026-05-21,3317,尼克森,73.2,75.7,73.0,75.7,4994,2244,607,0,2,13.0,86.99,100.0
2026-05-21,3321,同泰,15.45,15.65,15.15,15.3,182,0,-5,0,-1,1.36,98.63,100.0
2026-05-21,3322,建舜電,12.6,12.8,12.4,12.8,578,67,184,0,0,2.14,97.85,100.0
2026-05-21,3323,加百裕,35.2,35.65,34.75,35.4,983,285,404,0,4,4.66,95.33,100.0
2026-05-21,3324,雙鴻,964.0,1015.0,957.0,1000.0,2657,1199,-327,-9,169,20.28,79.71,100.0
2026-05-21,3325,旭品,11.85,12.1,11.8,11.95,265,0,-5,0,0,1.04,98.95,100.0
2026-05-21,3332,幸康,64.8,64.8,63.6,64.4,7,2,0,0,0,0.89,99.1,100.0
2026-05-21,3338,泰碩,73.0,73.9,72.2,72.8,1043,258,168,0,-2,3.3,96.69,100.0
2026-05-21,3339,泰谷,48.25,49.4,46.6,46.6,2632,880,-798,0,0,3.73,96.26,100.0
2026-05-21,3346,麗清,16.3,16.3,15.95,16.15,340,26,126,0,12,2.37,97.62,100.0
2026-05-21,3349,寶德,19.0,19.55,18.5,19.0,267,0,84,0,0,1.61,98.38,100.0
2026-05-21,3354,律勝,32.25,33.0,32.05,32.15,698,218,212,0,0,1.88,98.11,100.0
2026-05-21,3356,奇偶,60.9,61.3,60.2,61.3,841,123,294,0,-13,8.41,91.58,100.0
2026-05-21,3357,臺慶科,245.0,254.0,242.5,254.0,4785,1336,-561,0,45,16.83,83.16,100.0
2026-05-21,3360,尚立,14.45,14.75,14.4,14.65,391,91,36,0,0,1.75,98.24,100.0
2026-05-21,3362,先進光,116.5,122.5,116.0,121.0,2866,913,833,0,0,3.93,96.06,100.0
2026-05-21,3363,上詮,812.0,825.0,798.0,818.0,2157,1186,51,7,1,16.65,83.34,100.0
2026-05-21,3372,典範,19.1,20.0,19.1,19.85,895,0,597,0,0,1.91,98.08,100.0
2026-05-21,3373,熱映,17.05,17.15,16.95,17.0,91,1,-2,0,0,1.41,98.58,100.0
2026-05-21,3374,精材,241.0,253.5,239.0,244.5,11942,5338,-1536,0,351,10.66,89.33,100.0
2026-05-21,3376,新日興,206.0,214.0,204.5,209.5,6192,1688,2277,10,205,20.15,79.84,100.0
2026-05-21,3379,彬台,41.6,42.8,41.5,41.5,1067,494,-81,0,0,0.95,99.04,100.0
2026-05-21,3380,明泰,32.5,32.9,32.3,32.7,3234,998,388,0,4,5.42,94.57,100.0
2026-05-21,3388,崇越電,94.7,99.9,94.3,96.9,1100,393,-133,0,4,7.55,92.44,100.0
2026-05-21,3390,旭軟,27.8,28.7,27.6,28.35,2905,592,1097,0,0,4.71,95.28,100.0
2026-05-21,3402,漢科,133.5,138.0,133.0,137.0,550,130,157,0,15,7.69,92.3,100.0
2026-05-21,3406,玉晶光,562.0,582.0,558.0,577.0,1799,749,262,-9,33,43.11,56.88,100.0
2026-05-21,3413,京鼎,320.0,328.0,318.5,326.5,2140,427,489,3,12,14.83,85.16,100.0
2026-05-21,3416,融程電,173.0,177.5,170.0,173.5,988,340,151,0,23,3.28,96.71,100.0
2026-05-21,3419,譁裕,13.9,14.05,13.75,13.9,300,0,67,0,0,1.75,98.24,100.0
2026-05-21,3426,台興,47.7,47.7,47.7,47.7,15,0,0,0,0,0.44,99.55,100.0
2026-05-21,3430,奇鈦科,160.5,174.0,160.5,174.0,3755,1475,584,0,23,5.07,94.92,100.0
2026-05-21,3432,台端,18.8,19.15,18.7,19.0,44,0,-8,0,0,2.91,97.08,100.0
2026-05-21,3434,哲固,28.35,28.7,28.35,28.5,40,2,-2,0,0,1.94,98.05,100.0
2026-05-21,3437,榮創,24.3,25.35,24.3,24.7,2340,915,458,0,12,4.67,95.32,100.0
2026-05-21,3438,類比科,68.1,69.2,67.3,67.8,506,131,-15,0,0,2.45,97.54,100.0
2026-05-21,3441,聯一光,48.4,52.9,47.9,52.9,10932,5926,-474,0,28,2.65,97.34,100.0
2026-05-21,3443,創意,4820.0,5065.0,4770.0,5065.0,2896,1002,-890,134,215,28.99,71.0,100.0
2026-05-21,3444,利機,92.1,95.7,92.1,95.1,556,135,255,0,0,11.6,88.39,100.0
2026-05-21,3447,展達,36.5,38.2,36.3,37.9,296,55,92,0,0,1.25,98.74,100.0
2026-05-21,3450,聯鈞,436.0,440.0,429.5,440.0,3059,0,-98,0,24,25.48,74.51,100.0
2026-05-21,3455,由田,293.0,310.0,290.0,310.0,1037,0,-43,0,-7,20.27,79.72,100.0
2026-05-21,3465,進泰電子,27.1,27.15,26.65,26.9,59,1,15,0,0,4.98,95.01,100.0
2026-05-21,3466,德晉,34.75,35.3,34.7,35.1,295,65,10,0,0,17.65,82.34,100.0
2026-05-21,3467,台灣精材,62.0,63.3,61.5,62.0,137,48,-30,0,-2,1.45,98.54,100.0
2026-05-21,3473,智通聯網,92.79,94.7,91.0,91.0,7,0,0,0,0,0.0,0.0,0.0
2026-05-21,3479,安勤,114.0,118.0,112.5,117.5,5623,1924,-562,0,-1,4.7,95.29,100.0
2026-05-21,3481,群創,38.0,40.6,38.0,40.6,524601,169232,98088,-39,11134,28.92,71.07,100.0
2026-05-21,3483,力致,87.9,92.3,87.5,92.0,1110,141,351,26,-1,7.96,92.03,100.0
2026-05-21,3484,崧騰,44.4,44.5,43.85,44.15,225,23,35,0,0,7.18,92.81,100.0
2026-05-21,3485,敘豐,246.5,246.5,223.0,241.0,616,0,-56,0,6,0.0,100.0,100.0
2026-05-21,3489,森寶,21.95,22.3,21.9,22.0,99,2,-12,0,0,0.63,99.36,100.0
2026-05-21,3490,單井,37.4,40.7,37.1,40.7,7001,2061,1682,0,7,8.43,91.56,100.0
2026-05-21,3491,昇達科,1820.0,1865.0,1790.0,1850.0,2265,1140,248,-44,6,31.91,68.08,100.0
2026-05-21,3492,長盛,22.5,22.5,22.3,22.4,25,0,6,0,0,0.54,99.45,100.0
2026-05-21,3494,誠研,7.69,7.9,7.58,7.74,174,0,32,0,4,1.66,98.33,100.0
2026-05-21,3498,陽程,150.0,150.0,144.0,146.5,955,0,151,0,13,17.34,82.65,100.0
2026-05-21,3499,環天科,14.7,14.9,14.7,14.9,86,0,25,0,0,0.73,99.26,100.0
2026-05-21,3501,維熹,40.0,40.3,40.0,40.3,328,13,149,0,11,3.41,96.58,100.0
2026-05-21,3504,揚明光,83.5,90.0,83.5,85.8,7588,4084,139,0,-21,2.67,97.32,100.0
2026-05-21,3508,位速,19.55,19.95,19.5,19.75,236,0,48,0,0,0.58,99.41,100.0
2026-05-21,3511,矽瑪,19.6,20.5,19.6,19.95,214,36,61,0,0,2.67,97.32,100.0
2026-05-21,3512,皇龍,20.3,20.35,20.2,20.35,41,0,2,0,0,0.43,99.56,100.0
2026-05-21,3515,華擎,223.0,226.5,220.5,224.5,1004,533,177,-10,12,7.11,92.88,100.0
2026-05-21,3516,亞帝歐,23.15,23.65,22.8,23.65,176,18,12,0,0,0.39,99.6,100.0
2026-05-21,3518,柏騰,33.25,33.6,32.1,33.55,1030,282,181,0,-8,7.29,92.7,100.0
2026-05-21,3520,華盈,15.15,15.4,15.05,15.1,144,18,3,0,0,1.28,98.71,100.0
2026-05-21,3521,鴻翊,13.1,13.25,13.0,13.0,42,5,-1,0,0,0.33,99.66,100.0
2026-05-21,3521,台鋼建設,13.1,13.25,13.0,13.0,42,5,-1,0,0,0.33,99.66,100.0
2026-05-21,3522,御頂,12.4,12.45,12.4,12.4,49,0,4,0,0,0.25,99.74,100.0
2026-05-21,3522,御嵿,12.4,12.45,12.4,12.4,49,0,4,0,0,0.25,99.74,100.0
2026-05-21,3523,迎輝,9.7,10.0,9.7,10.0,12,0,4,0,0,0.08,99.91,100.0
2026-05-21,3526,凡甲,358.5,370.0,358.5,370.0,791,162,-201,0,4,21.69,78.3,100.0
2026-05-21,3527,聚積,57.9,60.1,57.0,58.1,324,155,93,0,0,7.12,92.87,100.0
2026-05-21,3528,安馳,83.5,85.3,83.4,85.3,502,106,204,0,-4,5.72,94.27,100.0
2026-05-21,3529,力旺,3525.0,3660.0,3485.0,3555.0,756,310,-150,124,86,68.3,31.69,100.0
2026-05-21,3530,晶相光,67.0,69.3,67.0,69.0,382,60,188,0,-1,41.5,58.49,100.0
2026-05-21,3531,先益,22.75,23.4,22.75,23.4,6,1,0,0,0,19.27,80.72,100.0
2026-05-21,3532,台勝科,226.0,226.0,222.0,226.0,957,0,-93,-343,53,44.38,55.61,100.0
2026-05-21,3533,嘉澤,2480.0,2570.0,2465.0,2525.0,2391,657,-778,278,-39,44.92,55.07,100.0
2026-05-21,3535,晶彩科,123.0,126.0,123.0,124.5,2476,1174,-17,0,0,2.15,97.84,100.0
2026-05-21,3537,堡達,63.5,63.5,63.5,63.5,1314,1,-212,0,21,3.78,96.21,100.0
2026-05-21,3540,曜越,25.5,25.75,25.4,25.6,225,26,56,0,0,2.15,97.84,100.0
2026-05-21,3541,西柏,23.0,23.0,22.7,22.9,57,6,-6,0,0,0.93,99.06,100.0
2026-05-21,3543,州巧,35.45,36.05,35.15,35.15,545,185,6,0,11,7.46,92.53,100.0
2026-05-21,3545,敦泰,58.6,61.8,57.9,61.2,5551,1936,1510,-19,49,14.76,85.23,100.0
2026-05-21,3546,宇峻,82.0,82.6,80.1,80.6,748,160,-92,0,11,7.26,92.73,100.0
2026-05-21,3548,兆利,95.9,97.0,95.3,96.5,380,91,165,0,0,9.04,90.95,100.0
2026-05-21,3550,聯穎,20.15,21.1,20.15,20.9,2652,454,1029,0,3,5.99,94.0,100.0
2026-05-21,3551,世禾,198.5,201.5,195.5,197.0,1052,245,310,0,9,4.98,95.01,100.0
2026-05-21,3552,同致,53.4,53.4,52.3,52.9,232,33,79,0,1,10.07,89.92,100.0
2026-05-21,3555,博士旺,205.0,214.5,203.0,214.5,158,20,3,0,1,1.66,98.33,100.0
2026-05-21,3556,禾瑞亞,52.3,54.7,52.3,54.0,580,134,167,0,-1,6.35,93.64,100.0
2026-05-21,3557,嘉威,24.65,24.95,24.35,24.5,211,11,57,0,0,1.7,98.29,100.0
2026-05-21,3558,神準,118.5,122.5,118.5,120.0,254,51,-30,33,1,3.83,96.16,100.0
2026-05-21,3563,牧德,888.0,933.0,868.0,933.0,4607,995,1844,100,78,9.59,90.4,100.0
2026-05-21,3564,其陽,40.95,42.0,40.2,42.0,156,22,61,0,0,3.47,96.52,100.0
2026-05-21,3567,逸昌,27.5,29.85,27.5,28.95,313,92,10,0,0,3.13,96.86,100.0
2026-05-21,3570,大塚,173.0,175.0,171.0,171.0,49,7,9,0,0,44.85,55.14,100.0
2026-05-21,3576,聯合再生,17.4,17.75,17.15,17.45,22842,0,-3687,0,31,11.38,88.61,100.0
2026-05-21,3577,泓格,134.5,140.5,129.5,132.5,2406,1253,-218,95,-5,1.52,98.47,100.0
2026-05-21,3580,友威科,95.2,101.5,95.2,100.0,7777,5059,-1066,0,-1,8.02,91.97,100.0
2026-05-21,3581,博磊,214.0,225.5,214.0,225.5,238,0,-22,0,-6,17.29,82.7,100.0
2026-05-21,3583,辛耘,859.0,875.0,848.0,861.0,1608,656,-165,58,32,17.77,82.22,100.0
2026-05-21,3585,聯致,91.95,96.7,88.6,90.8,1676,0,0,0,0,0.0,0.0,0.0
2026-05-21,3587,閎康,330.0,332.5,323.0,325.0,1200,354,-311,0,-8,12.05,87.94,100.0
2026-05-21,3588,通嘉,60.7,62.7,60.7,62.4,774,177,342,0,1,4.66,95.33,100.0
2026-05-21,3591,艾笛森,26.3,26.85,25.75,26.0,3193,883,1112,0,-92,5.98,94.01,100.0
2026-05-21,3592,瑞鼎,258.5,268.0,258.5,266.0,1095,168,440,3,19,17.25,82.74,100.0
2026-05-21,3593,力銘,17.5,17.7,17.25,17.7,23,0,0,0,0,0.25,99.74,100.0
2026-05-21,3594,磐儀,49.85,51.2,48.95,50.8,496,135,58,0,-2,2.36,97.63,100.0
2026-05-21,3595,山太士,2567.17,2845.0,2560.0,2840.0,886,0,52,0,0,0.0,0.0,0.0
2026-05-21,3596,智易,183.0,185.0,181.0,184.0,1223,276,618,0,-1,30.08,69.91,100.0
2026-05-21,3597,映興,27.35,29.9,27.35,28.1,529,172,-20,0,0,0.71,99.28,100.0
2026-05-21,3603,建祥國際,7.96,8.15,7.5,7.68,117,0,0,0,0,0.0,0.0,0.0
2026-05-21,3605,宏致,82.0,83.2,80.5,81.8,9320,3907,-1859,0,-67,10.56,89.43,100.0
2026-05-21,3607,谷崧,14.1,14.55,14.1,14.55,486,130,155,0,0,6.33,93.66,100.0
2026-05-21,3609,三一東林,28.85,28.9,28.0,28.0,209,68,-91,0,0,2.38,97.61,100.0
2026-05-21,3611,鼎翰,188.0,189.0,187.5,187.5,41,2,-7,0,0,11.83,88.16,100.0
2026-05-21,3615,安可,42.5,46.45,42.5,43.25,13836,8151,198,0,0,6.88,93.11,100.0
2026-05-21,3617,碩天,190.0,197.0,190.0,197.0,319,58,132,0,0,8.86,91.13,100.0
2026-05-21,3622,洋華,54.4,54.9,54.1,54.7,298,29,169,0,3,3.57,96.42,100.0
2026-05-21,3623,富晶通,23.0,23.75,23.0,23.35,78,17,26,0,0,3.13,96.86,100.0
2026-05-21,3624,光頡,91.9,95.7,89.0,91.5,6381,0,-147,0,-14,52.88,47.11,100.0
2026-05-21,3625,西勝,14.85,14.85,14.3,14.6,371,0,37,0,0,5.34,94.65,100.0
2026-05-21,3628,盈正,62.4,63.9,62.4,63.6,64,12,12,0,0,4.65,95.34,100.0
2026-05-21,3629,地心引力,0.0,0.0,0.0,0.0,0,0,0,0,0,0.02,99.97,100.0
2026-05-21,3630,新鉅科,27.3,27.8,26.65,27.3,1282,436,324,0,0,39.66,60.33,100.0
2026-05-21,3631,晟楠,38.1,38.9,38.1,38.25,161,65,35,0,0,8.13,91.86,100.0
2026-05-21,3632,研勤,7.51,7.51,7.32,7.36,55,0,0,0,0,0.29,99.7,100.0
2026-05-21,3633,云光,128.0,131.5,129.0,131.0,79,0,6,0,0,0.0,0.0,0.0
2026-05-21,3645,達邁,105.0,110.5,104.5,109.5,8896,3882,2276,0,67,15.15,84.84,100.0
2026-05-21,3646,艾恩特,23.8,23.8,23.15,23.5,21,2,5,0,0,6.69,93.3,100.0
2026-05-21,3652,精聯,29.75,30.4,29.5,30.25,139,11,34,0,-5,0.65,99.34,100.0
2026-05-21,3653,健策,3280.0,3330.0,3220.0,3330.0,521,0,164,-3,40,26.83,73.16,100.0
2026-05-21,3659,百辰,24.14,24.8,23.75,24.75,58,0,1,0,0,0.0,0.0,0.0
2026-05-21,3661,世芯-KY,5000.0,5050.0,4850.0,4905.0,1718,683,-126,38,51,54.74,45.25,100.0
2026-05-21,3663,鑫科,81.0,85.8,78.9,83.7,11922,7575,-810,0,39,5.43,94.56,100.0
2026-05-21,3664,安瑞-KY,9.05,9.05,8.88,8.88,44,0,0,0,0,37.96,62.03,100.0
2026-05-21,3665,貿聯-KY,2030.0,2160.0,2030.0,2155.0,2520,0,528,-133,82,55.85,44.14,100.0
2026-05-21,3666,光耀,27.35,27.55,26.45,27.05,41,5,-5,0,0,0.25,99.74,100.0
2026-05-21,3669,圓展,36.8,37.75,36.8,36.95,134,26,-14,0,-10,2.43,97.56,100.0
2026-05-21,3672,康聯訊,11.0,11.35,10.8,11.35,60,0,-4,0,0,2.49,97.5,100.0
2026-05-21,3673,TPK-KY,72.1,77.3,71.1,74.2,46719,28568,3961,0,1079,44.37,55.62,100.0
2026-05-21,3675,德微,324.0,332.0,311.0,316.5,6003,3365,806,0,-29,60.75,39.24,100.0
2026-05-21,3678,聯享,57.97,59.4,57.8,58.9,41,0,0,0,0,0.0,0.0,0.0
2026-05-21,3679,新至陞,117.5,119.0,117.5,118.0,39,7,7,0,0,8.92,91.07,100.0
2026-05-21,3680,家登,529.0,555.0,525.0,544.0,2501,835,-319,-1,318,23.89,76.1,100.0
2026-05-21,3684,榮昌,61.5,61.9,60.5,60.5,68,24,12,0,0,1.52,98.47,100.0
2026-05-21,3685,元創精密,27.0,27.55,26.4,27.55,313,0,55,0,0,0.37,99.62,100.0
2026-05-21,3686,達能,16.6,17.0,16.6,16.75,317,0,-50,0,16,1.14,98.85,100.0
2026-05-21,3687,歐買尬,70.5,70.6,69.6,70.5,485,88,-121,0,-13,4.73,95.26,100.0
2026-05-21,3689,湧德,121.0,123.0,120.5,121.0,1722,511,-93,0,9,5.5,94.49,100.0
2026-05-21,3691,碩禾,142.5,145.5,142.0,142.5,1093,364,-6,0,-2,10.59,89.4,100.0
2026-05-21,3693,營邦,517.0,545.0,515.0,536.0,1132,510,47,-19,12,13.06,86.93,100.0
2026-05-21,3694,海華,71.2,72.9,67.6,71.8,20015,10678,-1004,0,11,3.97,96.02,100.0
2026-05-21,3701,大眾控,53.0,55.6,52.5,54.8,2494,1018,188,0,10,4.9,95.09,100.0
2026-05-21,3702,大聯大,117.0,127.5,114.0,123.5,43255,20389,-3047,3678,-258,35.25,64.74,100.0
2026-05-21,3703,欣陸,20.25,20.3,20.1,20.3,814,160,-231,0,-9,20.17,79.82,100.0
2026-05-21,3704,合勤控,39.25,41.8,39.2,41.4,12325,3083,3557,0,74,12.57,87.42,100.0
2026-05-21,3705,永信,55.5,56.1,55.5,55.8,275,49,114,0,0,7.19,92.8,100.0
2026-05-21,3706,神達,81.5,83.6,81.0,83.5,15896,2451,4967,2866,328,9.59,90.4,100.0
2026-05-21,3707,漢磊,76.0,80.0,75.6,80.0,18312,4658,6202,0,52,16.71,83.28,100.0
2026-05-21,3708,上緯投控,120.5,130.5,119.5,126.5,3945,787,1688,3,177,7.78,92.21,100.0
2026-05-21,3709,鑫聯大投控,84.1,87.8,83.5,87.0,3795,1304,965,0,-69,7.43,92.56,100.0
2026-05-21,3710,連展投控,6.15,6.4,6.01,6.3,332,0,19,0,0,2.18,97.81,100.0
2026-05-21,3711,日月光投控,499.0,511.0,496.5,510.0,19822,5175,2527,-23,-134,78.13,21.86,100.0
2026-05-21,3712,永崴投控,15.15,15.8,15.15,15.7,1445,371,568,0,32,1.96,98.03,100.0
2026-05-21,3713,新晶投控,13.0,13.1,12.75,13.0,104,0,1,0,0,0.37,99.62,100.0
2026-05-21,3714,富采,69.1,74.1,68.7,74.0,46260,13400,18345,0,540,13.64,86.35,100.0
2026-05-21,3715,定穎投控,165.0,168.0,163.5,164.0,6405,2790,19,0,-200,8.17,91.82,100.0
2026-05-21,3716,中化控股,34.2,34.8,34.2,34.6,267,20,158,0,-2,8.35,91.64,100.0
2026-05-21,3717,聯嘉投控,23.55,24.3,23.1,23.75,4854,980,1657,0,-154,5.28,94.71,100.0
2026-05-21,4102,永日,17.0,17.15,16.85,17.15,98,2,38,0,0,1.17,98.82,100.0
2026-05-21,4104,佳醫,70.6,70.8,70.1,70.8,199,12,-55,0,-5,2.65,97.34,100.0
2026-05-21,4105,東洋,74.1,74.3,73.9,74.2,275,23,64,-26,0,19.68,80.31,100.0
2026-05-21,4106,雃博,23.05,23.3,23.0,23.1,92,1,21,0,0,1.85,98.14,100.0
2026-05-21,4107,邦特,116.5,117.5,116.5,117.0,65,6,7,0,0,7.61,92.38,100.0
2026-05-21,4108,懷特,12.1,12.25,11.95,12.0,267,0,-89,0,-1,0.97,99.02,100.0
2026-05-21,4109,加捷生醫,11.8,11.8,11.55,11.6,118,9,-19,0,0,0.82,99.17,100.0
2026-05-21,4111,濟生,30.35,30.4,30.1,30.1,151,1,0,0,0,3.36,96.63,100.0
2026-05-21,4113,聯上,16.45,16.45,15.25,15.5,258,31,-79,0,0,1.6,98.39,100.0
2026-05-21,4114,健喬,30.95,30.95,30.7,30.9,554,27,208,0,-1,5.69,94.3,100.0
2026-05-21,4115,善德生技,8.37,8.6,8.22,8.51,39,0,1,0,0,0.0,0.0,0.0
2026-05-21,4116,明基醫,37.2,37.7,37.2,37.5,49,0,11,0,0,0.36,99.63,100.0
2026-05-21,4119,旭富,42.5,43.3,42.5,43.05,137,17,27,0,7,5.28,94.71,100.0
2026-05-21,4120,友華,46.3,46.3,46.2,46.2,19,0,-2,0,0,6.24,93.75,100.0
2026-05-21,4121,優盛,14.15,14.55,14.15,14.25,76,9,-24,0,0,1.74,98.25,100.0
2026-05-21,4123,晟德,38.3,38.8,38.25,38.75,1769,181,537,0,7,9.25,90.74,100.0
2026-05-21,4126,太醫,79.8,79.9,79.7,79.8,18,0,-8,0,0,8.96,91.03,100.0
2026-05-21,4127,天良,57.2,57.2,57.2,57.2,1211,0,0,0,0,0.68,99.31,100.0
2026-05-21,4128,中天,15.4,16.05,15.35,16.05,1827,78,103,0,168,4.22,95.77,100.0
2026-05-21,4129,聯合,91.0,92.2,90.0,90.8,821,88,101,0,0,12.23,87.76,100.0
2026-05-21,4130,健亞,27.3,27.85,27.3,27.6,125,16,51,0,0,2.01,97.98,100.0
2026-05-21,4131,浩泰,34.8,35.5,34.4,35.2,16,0,0,0,0,1.28,98.71,100.0
2026-05-21,4133,亞諾法,21.1,21.3,20.85,21.15,261,23,18,0,1,12.51,87.48,100.0
2026-05-21,4137,麗豐-KY,104.5,104.5,103.5,104.5,64,3,-14,0,3,56.06,43.93,100.0
2026-05-21,4138,曜亞,51.8,52.4,51.6,52.1,29,1,-5,0,0,1.1,98.89,100.0
2026-05-21,4139,馬光-KY,23.05,23.05,23.0,23.05,13,0,0,0,0,16.91,83.08,100.0
2026-05-21,4142,國光生,17.4,17.6,17.3,17.6,767,47,402,0,-4,4.82,95.17,100.0
2026-05-21,4147,中裕,49.1,49.35,48.6,49.0,1032,127,-104,0,0,8.51,91.48,100.0
2026-05-21,4148,全宇生技-KY,34.8,34.8,34.1,34.3,39,2,-6,0,1,71.0,28.99,100.0
2026-05-21,4150,優你康,5.76,5.79,5.65,5.71,374,0,17,0,0,0.0,0.0,0.0
2026-05-21,4153,鈺緯,30.95,30.95,30.5,30.55,12,1,1,0,0,0.39,99.6,100.0
2026-05-21,4154,樂威科-KY,14.55,14.55,13.9,14.4,15,0,1,0,0,30.03,69.96,100.0
2026-05-21,4155,訊映,14.8,15.3,14.8,15.3,629,57,0,0,9,1.09,98.9,100.0
2026-05-21,4157,太景*-KY,9.07,9.28,9.04,9.21,1277,148,671,0,0,1.81,98.18,100.0
2026-05-21,4160,訊聯基因,43.0,43.0,41.25,41.35,107,37,-2,0,0,0.89,99.1,100.0
2026-05-21,4161,聿新科,23.5,23.55,23.35,23.55,81,3,-10,0,0,0.31,99.68,100.0
2026-05-21,4162,智擎,56.0,57.1,55.9,57.1,426,86,171,0,7,8.36,91.63,100.0
2026-05-21,4163,鐿鈦,112.0,112.0,107.0,110.0,106,15,0,0,0,2.78,97.21,100.0
2026-05-21,4164,承業醫,28.4,29.05,28.35,28.6,558,91,153,0,-3,19.59,80.4,100.0
2026-05-21,4166,友霖,25.1,25.15,23.45,24.4,1333,180,367,0,0,10.89,89.1,100.0
2026-05-21,4167,松瑞藥,19.2,19.4,19.0,19.35,696,55,247,0,0,10.42,89.57,100.0
2026-05-21,4168,醣聯,25.1,25.8,24.85,25.7,251,0,56,0,0,4.64,95.35,100.0
2026-05-21,4169,泰宗,152.0,162.0,152.0,157.5,216,0,36,0,0,6.48,93.51,100.0
2026-05-21,4170,鑫品生醫,13.35,13.75,13.35,13.6,11,0,0,0,0,0.0,0.0,0.0
2026-05-21,4171,瑞基,18.3,18.4,18.15,18.2,92,9,5,0,0,13.51,86.48,100.0
2026-05-21,4172,因華,13.71,14.05,13.35,13.85,177,0,-10,0,0,0.0,0.0,0.0
2026-05-21,4173,久裕,18.25,18.3,18.2,18.3,109,5,27,0,0,0.72,99.27,100.0
2026-05-21,4174,浩鼎,32.45,32.55,32.2,32.4,256,48,17,0,0,6.64,93.35,100.0
2026-05-21,4175,杏一,53.3,53.6,53.3,53.4,15,0,-2,0,0,0.18,99.81,100.0
2026-05-21,4178,永笙-KY,19.0,19.15,18.95,19.0,432,0,-16,0,0,5.65,94.34,100.0
2026-05-21,4183,福永生技,13.0,13.0,12.5,12.5,12,0,0,0,0,0.0,99.99,100.0
2026-05-21,4186,尖端醫,10.18,10.4,9.96,10.3,181,0,-8,0,0,0.0,0.0,0.0
2026-05-21,4188,安克,11.15,11.2,11.0,11.2,70,0,-2,0,0,0.05,99.94,100.0
2026-05-21,4190,佐登-KY,24.55,24.8,24.0,24.75,121,27,15,0,-2,58.71,41.28,100.0
2026-05-21,4192,杏國,19.65,20.0,19.65,20.0,17,0,0,0,0,0.31,99.68,100.0
2026-05-21,4194,禾生技,7.1,7.2,6.81,7.17,153,0,-14,0,0,0.0,0.0,0.0
2026-05-21,4195,基米-創,19.1,19.1,18.4,18.7,347,0,98,0,0,0.45,99.54,100.0
2026-05-21,4197,暐世,8.89,9.14,8.71,9.1,50,0,0,0,0,0.0,0.0,0.0
2026-05-21,4198,欣大健康,38.7,38.7,37.2,38.3,3,0,0,0,0,1.16,98.83,100.0
2026-05-21,4205,中華食,73.2,73.2,73.1,73.1,10,0,0,0,0,0.59,99.4,100.0
2026-05-21,4207,環泰,19.3,19.3,19.1,19.2,104,1,-26,0,0,1.55,98.44,100.0
2026-05-21,4303,信立,48.9,50.3,48.6,48.75,885,362,-138,0,0,2.17,97.82,100.0
2026-05-21,4304,勝昱,28.9,28.9,28.35,28.35,5,0,0,0,0,0.03,99.96,100.0
2026-05-21,4305,世坤,44.5,44.5,44.5,44.5,1,0,0,0,0,0.06,99.93,100.0
2026-05-21,4306,炎洲,13.8,13.9,13.75,13.8,1668,100,1094,0,0,5.2,94.79,100.0
2026-05-21,4401,東隆興,14.4,14.4,13.95,13.95,191,15,-10,0,0,1.35,98.64,100.0
2026-05-21,4402,郡都開發,11.95,11.95,11.8,11.85,23,0,-2,0,0,2.28,97.71,100.0
2026-05-21,4406,新昕纖,10.0,10.0,10.0,10.0,5,0,0,0,0,0.22,99.77,100.0
2026-05-21,4413,飛寶企業,0.0,0.0,0.0,0.0,0,0,0,0,0,5.73,94.26,100.0
2026-05-21,4414,如興,8.11,8.4,8.06,8.28,430,147,-58,0,0,26.72,73.27,100.0
2026-05-21,4416,三圓,11.3,11.75,11.3,11.55,74,20,-1,0,0,1.16,98.83,100.0
2026-05-21,4417,金洲,44.85,45.1,44.8,45.0,165,12,61,0,0,4.13,95.86,100.0
2026-05-21,4419,元勝,46.1,46.1,46.1,46.1,1,0,1,0,0,0.0,99.99,100.0
2026-05-21,4419,皇家美食,46.1,46.1,46.1,46.1,1,0,1,0,0,0.0,99.99,100.0
2026-05-21,4420,光明,39.95,40.0,39.35,39.6,93,4,-6,0,0,0.52,99.47,100.0
2026-05-21,4426,利勤,7.99,7.99,7.65,7.71,330,27,-52,0,1,2.23,97.76,100.0
2026-05-21,4430,耀億,16.8,16.9,16.65,16.9,26,5,0,0,0,2.27,97.72,100.0
2026-05-21,4431,敏成健康,16.47,16.8,16.05,16.45,27,0,0,0,0,0.0,0.0,0.0
2026-05-21,4432,銘旺實,16.55,17.15,16.55,17.0,69,10,14,0,0,0.85,99.14,100.0
2026-05-21,4433,興采,20.4,20.9,20.4,20.5,19,0,0,0,0,0.18,99.81,100.0
2026-05-21,4438,廣越,57.6,58.9,57.1,57.9,58,8,3,0,-4,1.82,98.17,100.0
2026-05-21,4439,冠星-KY,91.0,93.0,90.0,92.0,15,2,3,0,1,61.36,38.63,100.0
2026-05-21,4440,宜新實業,18.15,18.2,18.05,18.1,32,0,0,0,-1,0.74,99.25,100.0
2026-05-21,4441,振大環球,202.0,205.0,199.5,203.0,141,32,48,-53,-1,1.58,98.41,100.0
2026-05-21,4442,竣邦-KY,51.3,52.4,51.0,51.8,90,2,-66,0,0,62.26,37.73,100.0
2026-05-21,4502,健信,15.8,16.15,15.5,15.75,31,0,13,0,0,4.04,95.95,100.0
2026-05-21,4503,金雨,42.55,43.5,41.8,42.15,253,90,28,0,0,3.45,96.54,100.0
2026-05-21,4506,崇友,118.5,119.0,118.0,118.5,55,5,6,0,0,3.2,96.79,100.0
2026-05-21,4510,高鋒,47.15,48.25,46.65,47.6,1416,455,467,0,20,4.59,95.4,100.0
2026-05-21,4513,福裕,14.8,15.15,14.75,14.95,388,68,160,0,0,2.27,97.72,100.0
2026-05-21,4523,永彰,28.05,28.65,28.05,28.35,121,9,29,0,0,2.4,97.59,100.0
2026-05-21,4526,東台,37.45,39.25,37.45,38.05,8200,2368,3645,0,87,6.09,93.9,100.0
2026-05-21,4527,方土霖,43.8,43.8,43.6,43.65,12,0,0,0,0,1.87,98.12,100.0
2026-05-21,4528,江興鍛,15.45,15.6,15.4,15.6,19,0,1,0,0,0.13,99.86,100.0
2026-05-21,4529,淳紳,6.19,6.19,5.75,5.88,76,0,0,0,0,38.05,61.94,100.0
2026-05-21,4530,宏易,25.25,25.25,25.15,25.2,7,0,-2,0,0,3.0,96.99,100.0
2026-05-21,4532,瑞智,23.25,23.5,23.2,23.4,618,96,239,-6,-39,16.93,83.06,100.0
2026-05-21,4533,協易機,32.35,33.15,32.0,32.7,3709,873,1448,0,30,4.87,95.12,100.0
2026-05-21,4534,慶騰,22.2,22.35,22.0,22.05,300,0,70,0,0,0.72,99.27,100.0
2026-05-21,4535,至興,27.3,27.3,27.3,27.3,8,0,0,0,5,0.08,99.91,100.0
2026-05-21,4536,拓凱,159.0,161.5,158.5,161.0,297,27,121,0,0,11.47,88.52,100.0
2026-05-21,4537,旭東,164.73,172.0,166.0,169.5,137,0,5,0,0,0.0,0.0,0.0
2026-05-21,4538,大詠城,18.35,18.45,18.25,18.45,23,0,0,0,0,0.12,99.87,100.0
2026-05-21,4540,全球傳動,68.1,69.8,67.3,69.5,6590,3718,-29,0,3,9.05,90.94,100.0
2026-05-21,4541,晟田,43.6,44.35,43.5,44.1,483,103,194,0,0,6.48,93.51,100.0
2026-05-21,4542,科嶠,244.5,259.5,227.0,259.5,2638,1095,-165,0,6,7.67,92.32,100.0
2026-05-21,4543,萬在,38.4,39.35,38.15,39.35,350,73,44,0,0,9.03,90.96,100.0
2026-05-21,4544,春日,15.05,15.05,15.05,15.05,1,0,0,0,0,0.0,0.0,0.0
2026-05-21,4545,銘鈺,30.85,32.4,30.75,31.75,380,112,-2,0,7,28.99,71.0,100.0
2026-05-21,4546,長亨,111.28,112.0,108.0,110.0,40,0,-1,0,0,0.0,0.0,0.0
2026-05-21,4549,桓達,104.0,104.0,101.0,102.0,381,125,53,83,-2,4.11,95.88,100.0
2026-05-21,4550,長佳,24.7,25.0,24.7,24.9,18,2,-2,0,0,1.54,98.45,100.0
2026-05-21,4551,智伸科,152.5,162.0,151.5,158.5,2183,865,265,230,37,52.5,47.49,100.0
2026-05-21,4552,力達-KY,19.65,20.0,19.65,19.95,164,6,-32,0,-11,42.79,57.2,100.0
2026-05-21,4553,盛復,18.48,18.4,17.8,18.4,23,0,3,0,0,0.0,0.0,0.0
2026-05-21,4554,橙的,31.4,32.3,31.4,31.55,146,12,-3,0,0,24.45,75.54,100.0
2026-05-21,4555,氣立,43.4,46.6,42.8,46.6,2255,629,182,0,60,2.09,97.9,100.0
2026-05-21,4556,旭然,38.95,40.5,38.95,39.7,234,63,0,0,0,10.66,89.33,100.0
2026-05-21,4557,永新-KY,47.45,47.75,47.05,47.2,81,7,23,0,-1,30.77,69.22,100.0
2026-05-21,4558,寶緯,20.25,20.25,19.8,20.0,28,7,-1,0,0,0.25,99.75,100.0
2026-05-21,4559,久裕興,9.79,9.94,9.45,9.55,10,0,0,0,0,0.0,0.0,0.0
2026-05-21,4560,強信-KY,32.4,33.35,32.4,32.9,209,148,15,0,-9,84.91,15.08,100.0
2026-05-21,4561,健椿,48.0,50.0,48.0,49.1,335,0,1,0,-3,2.6,97.39,100.0
2026-05-21,4562,穎漢,40.6,41.2,39.8,40.8,1908,869,-205,0,7,1.81,98.18,100.0
2026-05-21,4563,百德,47.65,49.0,47.65,47.8,144,30,6,0,-2,1.04,98.95,100.0
2026-05-21,4564,元翎,16.3,16.35,16.0,16.0,724,103,-254,0,4,2.46,97.53,100.0
2026-05-21,4565,宏偉,115.51,120.0,116.0,118.5,10,0,0,0,0,0.0,0.0,0.0
2026-05-21,4566,時碩工業,61.0,62.2,61.0,62.0,408,70,66,0,-1,1.64,98.35,100.0
2026-05-21,4568,科際精密,40.3,40.4,40.3,40.35,8,0,-2,0,0,20.07,79.92,100.0
2026-05-21,4569,六方科-KY,175.5,183.5,175.5,177.0,150,53,13,0,0,66.89,33.1,100.0
2026-05-21,4570,傑生,73.11,71.0,71.0,71.0,1,0,0,0,0,0.0,0.0,0.0
2026-05-21,4571,鈞興-KY,212.5,221.0,208.0,216.0,1413,701,-9,0,53,64.99,35.0,100.0
2026-05-21,4572,駐龍,144.0,145.5,142.0,143.0,48,6,3,0,0,1.98,98.01,100.0
2026-05-21,4573,高明鐵,396.93,410.0,398.0,405.0,487,0,0,0,0,0.0,0.0,0.0
2026-05-21,4575,銓寶,25.96,26.2,25.5,25.8,93,0,0,0,0,0.0,0.0,0.0
2026-05-21,4576,大銀微系統,242.0,250.5,237.5,248.0,3331,1701,3,0,30,6.61,93.38,100.0
2026-05-21,4577,達航科技,121.5,125.0,120.5,122.0,597,266,57,0,0,4.31,95.68,100.0
2026-05-21,4580,捷流閥業,82.5,82.9,81.4,82.0,65,9,8,0,0,3.75,96.24,100.0
2026-05-21,4581,光隆精密-KY,49.7,49.7,49.45,49.45,7,0,1,0,0,23.94,76.05,100.0
2026-05-21,4582,聚恆-創,30.92,31.9,30.4,31.9,403,0,0,0,0,0.0,100.0,100.0
2026-05-21,4583,台灣精銳,698.0,710.0,691.0,707.0,86,30,-2,0,0,1.33,98.66,100.0
2026-05-21,4584,君帆,47.0,47.0,43.2,46.8,29,0,1,0,0,0.02,99.97,100.0
2026-05-21,4585,達明,330.0,340.5,330.0,339.0,458,183,96,0,5,0.39,99.6,100.0
2026-05-21,4587,寶元數控,66.93,75.7,69.0,74.9,318,0,15,0,0,0.0,0.0,0.0
2026-05-21,4588,玖鼎電力,55.7,56.3,55.2,55.3,49,8,-8,0,0,2.59,97.4,100.0
2026-05-21,4589,碩陽電機,37.21,38.5,36.9,38.5,29,0,0,0,0,0.0,0.0,0.0
2026-05-21,4590,富田-創,73.2,75.3,73.1,74.7,106,0,52,0,0,1.94,98.05,100.0
2026-05-21,4609,唐鋒,0.0,0.0,0.0,0.0,0,0,0,0,0,0.0,99.99,100.0
2026-05-21,4702,中美實,9.68,9.78,9.66,9.71,63,15,-10,0,0,43.08,56.91,100.0
2026-05-21,4706,大恭,31.5,31.5,31.0,31.0,4,0,0,0,0,29.44,70.55,100.0
2026-05-21,4707,磐亞,14.45,14.8,14.45,14.8,955,133,279,0,10,1.11,98.88,100.0
2026-05-21,4711,永純,16.6,16.8,16.55,16.65,161,6,31,0,0,0.86,99.13,100.0
2026-05-21,4714,永捷,13.35,13.55,13.3,13.4,851,115,95,0,0,2.91,97.08,100.0
2026-05-21,4716,大立,14.55,15.15,14.55,15.05,464,133,221,0,-3,3.64,96.35,100.0
2026-05-21,4720,德淵,24.7,26.15,24.7,25.4,2803,1161,589,0,12,6.32,93.67,100.0
2026-05-21,4721,美琪瑪,85.2,86.8,85.0,86.3,781,197,253,0,6,8.4,91.59,100.0
2026-05-21,4722,國精化,244.0,260.5,244.0,260.5,2634,729,236,0,131,5.85,94.14,100.0
2026-05-21,4724,宣捷幹細胞,12.26,12.4,11.45,12.15,275,0,0,0,0,0.0,0.0,0.0
2026-05-21,4726,永昕,28.25,28.7,28.2,28.55,215,0,78,0,0,20.74,79.25,100.0
2026-05-21,4728,雙美,381.5,382.0,370.5,382.0,35,13,0,0,0,19.66,80.33,100.0
2026-05-21,4729,熒茂,23.95,24.3,23.65,24.05,2099,897,130,0,0,2.41,97.58,100.0
2026-05-21,4732,彥臣,18.94,19.05,18.3,19.05,16,0,0,0,0,0.0,0.0,0.0
2026-05-21,4735,豪展,30.75,31.25,30.75,31.2,34,4,1,0,0,0.19,99.8,100.0
2026-05-21,4736,泰博,121.5,124.5,121.5,123.0,218,38,-64,-2,-2,5.07,94.92,100.0
2026-05-21,4737,華廣,58.0,58.0,56.6,57.5,50,9,-17,0,4,28.64,71.35,100.0
2026-05-21,4738,大同精化,7.98,8.25,7.68,8.2,1027,0,27,0,0,0.0,0.0,0.0
2026-05-21,4739,康普,93.0,96.2,93.0,94.6,2180,642,750,-85,0,8.85,91.14,100.0
2026-05-21,4741,泓瀚,54.5,58.8,53.9,58.8,965,337,89,0,0,1.9,98.09,100.0
2026-05-21,4743,合一,53.0,53.9,53.0,53.9,2687,3,-177,0,24,7.24,92.75,100.0
2026-05-21,4744,皇將,33.35,34.5,33.2,33.75,192,19,-80,0,0,4.31,95.68,100.0
2026-05-21,4745,合富-KY,16.65,16.75,16.6,16.6,212,6,-1,0,0,8.65,91.34,100.0
2026-05-21,4746,台耀,52.6,53.5,52.1,53.1,767,140,347,0,0,9.18,90.81,100.0
2026-05-21,4747,強生,56.7,58.0,56.1,58.0,21,1,-1,0,0,0.63,99.36,100.0
2026-05-21,4749,新應材,1055.0,1090.0,1055.0,1090.0,1854,285,701,-1,170,13.29,86.7,100.0
2026-05-21,4754,國碳科,38.0,38.15,37.9,38.0,18,0,-3,0,0,0.22,99.77,100.0
2026-05-21,4755,三福化,138.5,141.0,136.5,140.5,576,201,6,56,0,23.18,76.81,100.0
2026-05-21,4760,勤凱,310.0,310.0,310.0,310.0,690,5,20,0,-81,17.21,82.78,100.0
2026-05-21,4763,材料*-KY,41.5,42.65,41.4,42.3,5698,772,3520,0,24,46.27,53.72,100.0
2026-05-21,4764,雙鍵,362.0,363.0,307.5,320.0,6095,3094,-850,0,-64,30.3,69.69,100.0
2026-05-21,4765,磐采,19.05,20.0,19.9,20.0,6,0,0,0,0,0.0,0.0,0.0
2026-05-21,4766,南寶,361.0,372.0,361.0,372.0,783,148,369,0,8,14.22,85.77,100.0
2026-05-21,4767,誠泰科技,26.05,26.7,26.05,26.5,6,3,0,0,0,0.04,99.95,100.0
2026-05-21,4768,晶呈科技,446.0,446.0,446.0,446.0,734,0,-12,0,81,6.9,93.09,100.0
2026-05-21,4770,上品,229.5,235.0,229.5,230.0,481,117,190,0,9,6.59,93.4,100.0
2026-05-21,4771,望隼,194.5,195.0,192.0,194.5,247,69,6,0,-31,6.75,93.24,100.0
2026-05-21,4772,台特化,291.0,305.0,291.0,298.0,1434,601,127,-20,53,4.7,95.29,100.0
2026-05-21,4806,桂田文創,10.1,10.1,9.91,9.96,7,0,0,0,0,1.88,98.11,100.0
2026-05-21,4807,日成-KY,22.4,24.5,22.4,22.9,268,59,-13,0,-2,66.64,33.35,100.0
2026-05-21,4903,聯光通,44.9,45.9,44.9,45.3,1921,643,-89,0,0,3.04,96.95,100.0
2026-05-21,4904,遠傳,97.2,97.5,95.7,95.7,8184,997,-3554,1117,385,22.43,26.39,49.0
2026-05-21,4905,台聯電,74.1,79.7,74.1,78.0,25,9,5,0,0,9.63,90.36,100.0
2026-05-21,4906,正文,38.1,39.65,38.0,38.9,12561,4802,2390,0,396,11.8,88.19,100.0
2026-05-21,4907,富宇,38.8,38.8,38.3,38.5,15,1,1,0,0,0.17,99.82,100.0
2026-05-21,4908,前鼎,252.5,271.5,231.0,243.0,6427,3490,186,0,-112,12.3,87.69,100.0
2026-05-21,4909,新復興,51.2,52.1,51.2,51.5,674,155,237,0,0,8.94,91.05,100.0
2026-05-21,4911,德英,31.7,32.7,31.25,31.25,96,6,9,0,0,0.29,99.7,100.0
2026-05-21,4912,聯德控股-KY,103.5,104.5,101.0,101.5,568,134,-63,0,1,25.88,74.11,100.0
2026-05-21,4915,致伸,72.3,72.3,71.6,71.6,2746,490,-1024,158,9,34.15,65.84,100.0
2026-05-21,4916,事欣科,92.8,98.8,87.0,98.8,46915,33438,-632,-127,34,18.96,81.03,100.0
2026-05-21,4919,新唐,170.0,181.5,166.0,181.5,63209,42497,1092,3076,774,7.66,92.33,100.0
2026-05-21,4923,力士,38.05,39.35,37.45,38.7,825,160,94,0,-7,1.06,98.93,100.0
2026-05-21,4924,欣厚-KY,11.5,11.85,11.45,11.55,191,65,1,0,4,38.25,61.74,100.0
2026-05-21,4925,智微,157.28,175.5,154.5,171.0,756,0,5,0,0,0.0,0.0,0.0
2026-05-21,4927,泰鼎-KY,48.35,51.9,48.35,51.2,9166,2934,2136,0,7,7.66,92.33,100.0
2026-05-21,4930,燦星網,16.5,16.6,16.4,16.6,172,3,29,0,0,2.14,97.85,100.0
2026-05-21,4931,新盛力,193.0,202.0,191.5,193.0,9766,6153,-182,0,97,7.08,92.91,100.0
2026-05-21,4933,友輝,74.0,74.5,72.9,73.5,1449,458,-184,113,0,5.37,94.62,100.0
2026-05-21,4934,太極,16.55,17.15,16.55,16.95,774,0,295,0,18,2.46,97.53,100.0
2026-05-21,4935,茂林-KY,36.0,36.7,36.0,36.6,91,4,51,0,0,26.81,73.18,100.0
2026-05-21,4938,和碩,78.0,79.5,77.7,79.1,12044,2979,1582,891,-101,30.67,69.32,100.0
2026-05-21,4939,亞電,38.05,38.8,37.85,38.05,1749,552,243,0,3,4.87,95.12,100.0
2026-05-21,4942,嘉彰,37.15,37.3,37.05,37.2,100,1,47,0,0,6.6,93.39,100.0
2026-05-21,4943,康控-KY,9.18,9.18,8.72,8.95,66,0,0,0,0,15.6,84.39,100.0
2026-05-21,4946,辣椒,109.5,109.5,105.5,107.5,26,0,8,0,0,4.55,95.44,100.0
2026-05-21,4949,有成精密,89.4,96.0,88.1,96.0,3330,1113,481,0,5,3.81,96.18,100.0
2026-05-21,4950,金耘國際,16.2,17.05,16.2,17.05,22,0,3,0,0,0.08,99.91,100.0
2026-05-21,4951,精拓科,128.0,135.0,128.0,132.5,804,0,2,0,-6,5.94,94.05,100.0
2026-05-21,4952,凌通,50.5,53.5,49.95,52.5,2619,1103,217,0,-4,6.36,93.63,100.0
2026-05-21,4953,緯軟,118.0,120.0,118.0,120.0,290,43,112,-7,0,11.17,88.82,100.0
2026-05-21,4956,光鋐,43.8,45.3,43.6,44.15,3217,1425,384,0,2,12.03,87.96,100.0
2026-05-21,4958,臻鼎-KY,463.5,475.5,458.5,469.5,52414,29996,779,3420,269,60.27,39.72,100.0
2026-05-21,4960,誠美材,34.0,36.45,34.0,36.45,14574,3917,2572,0,169,20.33,79.66,100.0
2026-05-21,4961,天鈺,174.5,182.5,173.5,179.0,3218,726,958,4,24,20.84,79.15,100.0
2026-05-21,4966,譜瑞-KY,785.0,820.0,760.0,789.0,2029,0,-199,-1,91,34.02,65.97,100.0
2026-05-21,4967,十銓,269.0,274.0,264.0,266.5,4788,2419,-440,0,-15,7.92,92.07,100.0
2026-05-21,4968,立積,115.0,116.0,114.0,116.0,821,154,334,-15,6,4.12,95.87,100.0
2026-05-21,4971,IET-KY,691.0,719.0,691.0,718.0,216,0,65,0,-1,12.93,87.06,100.0
2026-05-21,4972,湯石照明,16.45,16.5,16.45,16.45,25,1,2,0,0,2.25,97.74,100.0
2026-05-21,4973,廣穎,114.0,114.5,107.5,108.0,3977,1876,-927,0,6,6.39,93.6,100.0
2026-05-21,4974,亞泰,75.0,75.7,74.7,75.1,269,27,138,0,0,4.62,95.37,100.0
2026-05-21,4976,佳凌,31.65,33.2,31.05,32.95,2600,544,871,0,5,4.14,95.85,100.0
2026-05-21,4977,眾達-KY,207.5,211.5,204.5,204.5,3182,1461,-394,0,54,15.95,84.04,100.0
2026-05-21,4979,華星光,579.0,596.0,574.0,593.0,1101,0,106,46,-62,13.51,86.48,100.0
2026-05-21,4980,佐臻,50.86,57.6,49.7,52.5,1273,0,-24,0,0,0.0,0.0,0.0
2026-05-21,4989,榮科,94.9,98.8,93.9,96.3,13983,6904,-1011,0,3,5.41,94.58,100.0
2026-05-21,4991,環宇-KY,723.0,750.0,720.0,740.0,985,0,369,0,8,18.32,81.67,100.0
2026-05-21,4994,傳奇,90.5,90.5,88.5,90.0,15,1,0,0,-1,2.72,97.27,100.0
2026-05-21,4995,晶達,46.15,46.15,45.55,46.0,41,2,6,0,0,0.4,99.59,100.0
2026-05-21,4999,鑫禾,19.65,20.0,19.55,19.55,85,7,5,0,0,1.65,98.34,100.0
2026-05-21,5007,三星,55.5,56.5,55.5,56.2,277,2,4,0,-1,2.91,97.08,100.0
2026-05-21,5009,榮剛,35.8,35.8,35.15,35.55,2699,321,-187,0,-35,10.26,89.73,100.0
2026-05-21,5011,久陽,15.1,16.1,15.1,15.75,692,45,252,0,-4,2.62,97.37,100.0
2026-05-21,5013,強新,27.2,27.2,27.2,27.2,6,0,2,0,0,12.2,87.79,100.0
2026-05-21,5014,建錩,10.25,10.35,10.2,10.25,139,2,43,0,0,1.51,98.48,100.0
2026-05-21,5015,華祺,22.0,22.1,21.85,22.0,42,2,1,0,0,6.7,93.29,100.0
2026-05-21,5016,松和,25.1,25.15,24.8,24.9,27,2,0,0,0,0.43,99.56,100.0
2026-05-21,5201,凱衛,29.45,29.9,28.9,29.4,42,11,1,0,0,7.21,92.78,100.0
2026-05-21,5202,力新,11.75,12.1,11.75,12.1,165,41,18,0,0,1.2,98.79,100.0
2026-05-21,5203,訊連,64.6,65.5,64.4,64.6,162,24,18,-6,-1,11.92,88.07,100.0
2026-05-21,5205,中茂,22.95,22.95,22.4,22.7,7,0,0,0,0,0.04,99.95,100.0
2026-05-21,5206,坤悅,22.85,22.9,22.65,22.8,89,3,-6,0,-17,6.29,93.7,100.0
2026-05-21,5209,新鼎,166.5,166.5,165.5,166.0,81,3,27,0,0,1.8,98.19,100.0
2026-05-21,5210,寶碩,27.95,27.95,26.85,27.0,221,0,-47,0,0,0.51,99.48,100.0
2026-05-21,5211,蒙恬,18.0,18.15,17.6,17.65,254,14,-2,0,0,8.14,91.85,100.0
2026-05-21,5212,凌網,47.25,47.25,46.5,46.5,4,1,-2,0,0,21.76,78.23,100.0
2026-05-21,5213,亞昕,26.5,26.95,26.3,26.9,1205,113,579,0,40,1.16,98.83,100.0
2026-05-21,5215,科嘉-KY,45.0,45.0,44.6,44.75,185,27,14,0,-14,25.39,74.6,100.0
2026-05-21,5220,萬達光電,22.25,22.75,22.25,22.4,60,8,2,0,0,0.38,99.61,100.0
2026-05-21,5222,全訊,124.0,126.5,123.5,124.5,430,116,79,9,-3,4.28,5.71,10.0
2026-05-21,5223,安力-KY,24.0,24.1,23.8,23.95,52,3,12,0,0,41.99,58.0,100.0
2026-05-21,5225,東科-KY,70.6,71.4,70.6,71.1,191,21,89,0,-1,40.71,59.28,100.0
2026-05-21,5227,立凱-KY,26.5,26.5,25.4,25.75,294,0,58,0,0,12.68,87.31,100.0
2026-05-21,5228,鈺鎧,50.8,52.5,50.5,52.5,504,0,29,0,0,1.88,98.11,100.0
2026-05-21,5230,雷笛克光學,17.4,17.4,17.05,17.2,140,21,16,0,-4,1.19,98.8,100.0
2026-05-21,5234,達興材料,412.0,424.0,409.5,414.5,739,253,248,0,34,10.77,89.22,100.0
2026-05-21,5236,凌陽創新,176.0,178.5,173.0,177.0,885,294,115,0,15,5.97,94.02,100.0
2026-05-21,5240,建騰,24.75,25.85,24.05,25.85,37,0,0,0,0,0.0,0.0,0.0
2026-05-21,5243,乙盛-KY,105.5,114.5,104.5,112.0,15511,6269,3798,0,213,57.17,42.82,100.0
2026-05-21,5244,弘凱,37.65,38.4,37.6,38.25,255,61,-23,0,7,2.08,97.91,100.0
2026-05-21,5245,智晶,26.85,26.85,26.0,26.3,161,34,43,0,0,3.12,96.87,100.0
2026-05-21,5246,勵威,138.27,143.0,129.0,138.5,658,0,-4,0,0,0.0,0.0,0.0
2026-05-21,5248,景傳,42.57,42.95,40.85,41.95,161,0,2,0,0,0.0,0.0,0.0
2026-05-21,5251,天鉞電,26.95,27.45,26.95,26.95,74,6,-3,0,0,28.6,71.39,100.0
2026-05-21,5254,欣訊科技,46.38,47.3,38.8,45.05,306,0,3,0,0,0.0,0.0,0.0
2026-05-21,5258,虹堡,58.3,60.0,57.0,57.2,2773,825,-313,0,0,3.95,96.04,100.0
2026-05-21,5262,立達,51.13,52.2,50.2,50.6,236,0,-5,0,0,0.0,0.0,0.0
2026-05-21,5263,智崴,112.5,114.0,111.0,112.0,304,75,-5,0,0,15.1,84.89,100.0
2026-05-21,5267,龍翩,54.42,56.8,52.9,53.8,109,0,-22,0,0,0.0,0.0,0.0
2026-05-21,5269,祥碩,1420.0,1455.0,1395.0,1410.0,2141,839,224,158,12,7.48,92.51,100.0
2026-05-21,5271,紘通,19.73,20.3,19.2,20.25,822,0,-64,0,0,0.0,0.0,0.0
2026-05-21,5272,笙科,22.8,23.5,22.75,23.15,333,83,15,0,0,3.14,96.85,100.0
2026-05-21,5274,信驊,16370.0,16825.0,16140.0,16440.0,321,121,60,-21,0,53.04,46.95,100.0
2026-05-21,5276,達輝-KY,19.15,20.1,19.1,19.55,38,0,-5,0,0,76.99,23.0,100.0
2026-05-21,5278,尚凡,24.0,24.7,23.9,24.6,678,111,200,0,2,0.7,99.29,100.0
2026-05-21,5278,尚凡*,24.0,24.7,23.9,24.6,678,111,200,0,2,0.7,99.29,100.0
2026-05-21,5283,禾聯碩,51.8,52.3,51.8,52.1,88,3,27,0,0,1.24,98.75,100.0
2026-05-21,5284,jpp-KY,383.0,396.0,378.5,391.0,1743,614,100,0,30,54.59,45.4,100.0
2026-05-21,5285,界霖,81.0,85.5,80.2,82.0,8665,4812,-736,0,0,4.37,95.62,100.0
2026-05-21,5287,數字,150.5,151.5,150.5,150.5,30,2,5,0,0,16.73,83.26,100.0
2026-05-21,5288,豐祥-KY,148.0,151.5,147.5,151.5,128,22,8,0,0,58.55,41.44,100.0
2026-05-21,5289,宜鼎,1760.0,1770.0,1695.0,1710.0,2997,1748,-231,-165,2,27.15,72.84,100.0
2026-05-21,5291,邑昇,72.4,78.8,72.2,78.8,3628,1352,662,0,146,5.46,94.53,100.0
2026-05-21,5292,華懋,224.0,225.0,220.5,220.5,111,18,-2,0,0,6.61,93.38,100.0
2026-05-21,5297,廣化,104.64,109.0,100.0,105.5,853,0,32,0,0,0.0,0.0,0.0
2026-05-21,5299,杰力,106.5,110.5,104.5,105.0,1353,493,-124,0,0,2.75,97.24,100.0
2026-05-21,5301,寶得利,6.82,6.84,6.7,6.8,24,0,0,0,0,2.09,97.9,100.0
2026-05-21,5302,太欣,9.88,10.2,9.88,10.15,460,0,167,0,0,0.61,99.38,100.0
2026-05-21,5306,桂盟,83.3,83.8,82.0,83.4,206,21,84,0,1,12.52,87.47,100.0
2026-05-21,5309,系統電,69.6,70.9,67.4,67.5,12572,5847,-631,-1,-197,7.99,92.0,100.0
2026-05-21,5310,天剛,23.05,24.4,23.05,24.4,6,0,0,0,0,0.06,99.93,100.0
2026-05-21,5312,寶島科,94.7,94.7,93.0,93.5,110,5,-2,0,0,7.77,92.22,100.0
2026-05-21,5314,世紀*,68.9,73.5,68.5,69.8,10514,4917,-1319,0,-41,12.68,87.31,100.0
2026-05-21,5315,光聯,21.8,22.05,21.75,21.95,215,18,9,0,0,9.2,90.79,100.0
2026-05-21,5321,美而快,32.95,35.4,32.95,35.4,1285,98,38,0,11,1.61,98.38,100.0
2026-05-21,5324,士開,11.9,11.95,11.8,11.9,360,0,-72,0,0,5.26,94.73,100.0
2026-05-21,5328,華容,31.6,33.95,31.55,33.95,33439,16881,336,0,165,7.7,92.29,100.0
2026-05-21,5340,建榮,101.0,103.5,100.0,100.5,1799,551,-18,0,-10,49.94,50.05,100.0
2026-05-21,5344,立衛,15.7,16.6,15.6,16.35,147,0,-5,0,0,0.1,99.89,100.0
2026-05-21,5345,天揚,20.3,21.0,20.2,20.2,21,0,0,0,0,0.0,99.99,100.0
2026-05-21,5345,馥鴻,20.3,21.0,20.2,20.2,21,0,0,0,0,0.0,99.99,100.0
2026-05-21,5347,世界,162.5,166.0,160.5,163.5,21615,9405,-885,38,1021,28.5,71.49,100.0
2026-05-21,5348,正能量智能,16.8,16.8,16.8,16.8,1,0,0,0,0,0.02,99.97,100.0
2026-05-21,5351,鈺創,76.4,77.1,74.7,75.2,16322,7840,-1492,15,-23,18.05,81.94,100.0
2026-05-21,5353,台林,26.25,26.25,25.85,26.05,48,3,13,0,0,0.61,99.38,100.0
2026-05-21,5355,佳總,6.39,6.45,6.2,6.45,34,0,0,0,0,0.19,99.8,100.0
2026-05-21,5356,協益,26.5,27.35,26.5,26.6,63,12,-11,0,0,3.27,96.72,100.0
2026-05-21,5364,力麗店,9.13,9.22,9.01,9.04,122,21,18,0,0,0.5,99.49,100.0
2026-05-21,5371,中光電,71.1,72.8,70.9,71.9,4806,1157,2204,-1173,164,18.58,81.41,100.0
2026-05-21,5381,光譜,25.2,25.65,25.0,25.3,681,108,155,0,0,0.88,99.11,100.0
2026-05-21,5386,青雲,447.0,470.0,447.0,468.0,572,0,-34,0,-27,2.81,97.18,100.0
2026-05-21,5388,中磊,82.8,83.5,81.5,83.0,4445,1462,615,-27,-5,18.01,81.95,100.0
2026-05-21,5392,能率,40.8,42.5,40.8,41.55,2835,1492,599,0,11,10.19,89.8,100.0
2026-05-21,5398,慕康生醫,19.85,19.85,18.3,18.3,81,1,-6,0,0,5.56,94.43,100.0
2026-05-21,5403,中菲,87.4,87.4,85.9,86.2,92,4,-37,0,0,6.14,93.85,100.0
2026-05-21,5410,國眾,38.0,39.0,37.9,38.65,1025,123,331,0,0,9.36,90.63,100.0
2026-05-21,5425,台半,90.6,93.5,86.6,90.4,57571,38542,-2510,0,1537,18.48,81.51,100.0
2026-05-21,5426,振發,18.2,18.55,18.2,18.4,362,56,74,0,0,2.37,97.62,100.0
2026-05-21,5432,新門,143.5,146.0,142.0,144.0,89,28,7,0,0,0.96,99.03,100.0
2026-05-21,5434,崇越,402.0,419.5,402.0,419.0,772,182,122,-11,0,31.32,68.67,100.0
2026-05-21,5438,東友,18.7,18.95,18.6,18.7,55,2,15,0,0,1.28,98.71,100.0
2026-05-21,5439,高技,374.0,383.0,373.0,376.5,2223,1091,353,-20,79,19.41,80.58,100.0
2026-05-21,5443,均豪,118.5,123.0,117.0,117.5,7202,3076,1149,0,160,7.81,92.18,100.0
2026-05-21,5450,寶聯通,12.7,13.15,12.7,12.8,78,15,7,0,0,0.11,99.88,100.0
2026-05-21,5450,南良,12.7,13.15,12.7,12.8,78,15,7,0,0,0.11,99.88,100.0
2026-05-21,5452,佶優,31.9,33.3,31.9,32.8,1819,273,1065,0,-1,14.81,85.18,100.0
2026-05-21,5455,昇益,24.0,24.95,23.7,24.2,59,51,-4,0,0,0.09,99.9,100.0
2026-05-21,5457,宣德,28.1,28.8,28.1,28.5,914,166,301,0,9,28.58,71.41,100.0
2026-05-21,5460,同協,15.35,15.75,15.3,15.5,84,13,6,0,0,0.35,99.64,100.0
2026-05-21,5464,霖宏,68.0,72.0,68.0,71.5,732,0,34,0,0,4.07,95.92,100.0
2026-05-21,5465,富驊,24.1,24.6,24.05,24.35,149,12,54,0,-3,2.22,97.77,100.0
2026-05-21,5468,凱鈺,17.75,17.85,17.35,17.7,55,0,-8,0,0,0.16,99.83,100.0
2026-05-21,5469,瀚宇博,80.0,82.4,79.8,81.6,2696,564,1189,0,9,11.22,88.77,100.0
2026-05-21,5471,松翰,52.7,53.2,51.6,52.5,6889,3208,-456,0,-13,13.21,86.78,100.0
2026-05-21,5474,聰泰,166.0,172.0,165.5,169.0,620,248,40,0,-6,2.37,97.62,100.0
2026-05-21,5475,德宏,283.0,297.5,280.5,287.0,1941,0,73,0,-10,6.6,93.39,100.0
2026-05-21,5478,智冠,99.5,99.7,99.0,99.3,101,15,-27,0,5,17.96,82.03,100.0
2026-05-21,5481,新華,19.3,19.8,19.3,19.8,155,19,-23,0,0,25.87,74.12,100.0
2026-05-21,5483,中美晶,141.0,146.0,140.5,142.5,11735,4948,-155,59,119,22.11,77.88,100.0
2026-05-21,5484,慧友,39.9,42.8,39.9,41.95,1316,0,599,0,4,2.75,97.24,100.0
2026-05-21,5487,通泰,27.75,28.0,27.1,27.2,144,127,7,0,0,0.55,99.44,100.0
2026-05-21,5488,松普,11.7,12.1,11.35,11.8,2534,920,-78,0,0,1.15,98.84,100.0
2026-05-21,5489,彩富,40.15,40.15,40.0,40.0,17,1,-1,0,0,1.41,98.58,100.0
2026-05-21,5490,同亨,28.85,29.05,28.45,28.7,870,217,218,0,0,7.43,92.56,100.0
2026-05-21,5493,三聯,91.4,93.0,91.4,92.7,167,15,87,0,0,2.1,97.89,100.0
2026-05-21,5498,凱崴,62.8,64.6,62.5,62.7,4427,1915,-21,0,-5,3.02,96.97,100.0
2026-05-21,5508,永信建,48.5,48.9,48.25,48.6,287,65,101,0,0,7.31,92.68,100.0
2026-05-21,5511,德昌,72.1,72.4,71.9,72.0,136,24,11,0,0,4.48,95.51,100.0
2026-05-21,5512,力麒,6.88,6.94,6.87,6.91,1048,40,221,0,0,5.0,94.99,100.0
2026-05-21,5514,三豐,0.0,0.0,0.0,0.0,0,0,0,0,0,0.02,99.97,100.0
2026-05-21,5515,建國,39.95,40.6,39.75,40.1,1249,574,110,-2,-39,12.09,87.9,100.0
2026-05-21,5516,雙喜,11.0,11.15,11.0,11.0,25,0,-6,0,0,0.06,99.93,100.0
2026-05-21,5519,隆大,32.65,32.85,32.65,32.75,230,16,41,0,-1,4.24,95.75,100.0
2026-05-21,5520,力泰,82.2,82.6,82.2,82.2,8,0,0,0,0,0.02,99.97,100.0
2026-05-21,5521,工信,10.8,11.0,10.55,10.95,5286,1820,504,0,-3,7.99,92.0,100.0
2026-05-21,5522,遠雄,71.5,71.5,70.1,70.4,472,103,-105,0,1,4.51,95.48,100.0
2026-05-21,5523,豐謙,30.1,30.5,30.05,30.2,112,32,7,0,0,0.13,99.86,100.0
2026-05-21,5525,順天,22.25,22.45,22.15,22.3,87,6,10,0,0,1.63,98.36,100.0
2026-05-21,5529,鉅陞,25.6,27.0,24.6,25.4,473,144,-67,0,-1,0.59,99.4,100.0
2026-05-21,5530,龍巖,46.9,47.1,46.25,46.6,493,77,-143,0,0,54.18,45.81,100.0
2026-05-21,5531,鄉林,7.75,7.84,7.74,7.78,335,25,62,0,0,2.54,97.45,100.0
2026-05-21,5533,皇鼎,13.85,13.95,13.8,13.85,63,4,-11,0,0,2.7,97.29,100.0
2026-05-21,5534,長虹,76.2,76.2,75.0,75.8,739,118,-304,0,0,9.01,90.98,100.0
2026-05-21,5536,聖暉*,942.0,954.0,912.0,929.0,1542,781,-63,75,36,37.24,62.75,100.0
2026-05-21,5538,東明-KY,34.5,34.85,34.1,34.35,41,15,-5,0,3,63.79,36.2,100.0
2026-05-21,5543,桓鼎-KY,29.35,30.3,29.2,29.9,15,0,-1,0,0,0.0,99.99,100.0
2026-05-21,5546,永固-KY,16.45,17.1,16.45,17.05,57,13,1,0,-1,53.68,46.31,100.0
2026-05-21,5547,久舜,21.5,21.5,21.4,21.4,26,0,0,0,0,0.16,99.83,100.0
2026-05-21,5548,安倉,23.65,23.65,23.6,23.65,28,1,-6,0,0,0.21,99.78,100.0
2026-05-21,5601,台聯櫃,0.0,0.0,0.0,0.0,0,0,0,0,0,4.43,95.56,100.0
2026-05-21,5603,陸海,15.9,16.0,15.75,15.85,210,8,-10,0,0,4.94,95.05,100.0
2026-05-21,5604,中連貨,31.1,31.65,31.1,31.5,10,3,0,0,0,3.04,96.95,100.0
2026-05-21,5604,中連,31.1,31.65,31.1,31.5,10,3,0,0,0,3.04,96.95,100.0
2026-05-21,5607,遠雄港,48.45,49.15,48.35,49.0,409,76,138,0,-17,2.91,97.08,100.0
2026-05-21,5608,四維航,14.25,14.4,14.15,14.35,1010,168,168,0,-5,5.1,42.39,47.5
2026-05-21,5609,中菲行,80.0,80.9,80.0,80.8,263,16,78,0,12,14.49,85.5,100.0
2026-05-21,5701,劍湖山,3.29,3.47,3.28,3.41,61,0,0,0,0,0.0,99.99,100.0
2026-05-21,5703,亞都,13.65,13.65,13.65,13.65,2,0,0,0,0,6.62,93.37,100.0
2026-05-21,5704,老爺知,21.3,21.5,21.15,21.4,52,2,0,0,0,0.17,99.82,100.0
2026-05-21,5706,鳳凰,49.85,50.1,49.65,50.1,117,3,-12,0,-2,1.53,98.46,100.0
2026-05-21,5859,遠壽,14.52,14.55,14.45,14.55,31,0,0,0,0,0.0,0.0,0.0
2026-05-21,5863,瑞興銀,10.8,11.15,10.5,11.1,73,0,1,0,0,0.0,0.0,0.0
2026-05-21,5864,致和證,31.95,32.35,31.45,32.3,4927,1148,54,0,0,4.52,95.47,100.0
2026-05-21,5871,中租-KY,111.5,113.0,110.0,112.0,8456,1739,-857,1848,4,46.33,53.66,100.0
2026-05-21,5876,上海商銀,40.5,40.5,40.0,40.15,8033,1739,-2529,3075,-469,54.11,45.88,100.0
2026-05-21,5878,台名,40.5,41.0,40.5,40.65,8,0,0,0,0,0.58,99.41,100.0
2026-05-21,5880,合庫金,22.8,22.85,22.65,22.7,13084,1089,-6733,-119,-21,15.27,84.72,100.0
2026-05-21,5902,德記,37.8,37.8,37.35,37.5,12,2,0,0,0,1.16,98.83,100.0
2026-05-21,5903,全家,189.0,189.0,187.5,187.5,78,3,-8,0,0,50.94,49.05,100.0
2026-05-21,5904,寶雅,566.0,566.0,550.0,560.0,483,92,-51,0,0,29.05,70.94,100.0
2026-05-21,5905,南仁湖,8.05,8.17,8.04,8.08,271,0,42,0,0,1.3,98.69,100.0
2026-05-21,5906,台南-KY,46.0,46.0,46.0,46.0,9,0,2,0,0,19.36,80.63,100.0
2026-05-21,5907,大洋-KY,4.87,4.91,4.66,4.71,1066,166,-57,0,0,51.96,48.03,100.0
2026-05-21,6005,群益證,30.95,31.75,30.9,31.6,10442,1955,5540,-606,0,16.34,83.65,100.0
2026-05-21,6015,宏遠證,14.85,15.45,14.75,15.4,3427,572,1541,0,0,7.27,92.72,100.0
2026-05-21,6016,康和證,22.15,22.6,22.1,22.45,4451,938,-39,0,0,11.12,88.87,100.0
2026-05-21,6020,大展證,21.5,21.5,21.0,21.4,24,2,2,0,0,0.01,99.98,100.0
2026-05-21,6021,美好證,31.7,32.0,31.5,32.0,115,21,30,0,0,7.52,92.47,100.0
2026-05-21,6023,元大期,97.5,98.5,97.5,98.1,82,8,-47,0,0,2.01,97.98,100.0
2026-05-21,6024,群益期,56.0,56.6,56.0,56.6,274,40,-90,0,0,4.12,95.87,100.0
2026-05-21,6026,福邦證,15.25,15.5,15.2,15.35,1471,232,-231,0,0,5.79,94.2,100.0
2026-05-21,6027,德信,11.73,12.05,12.05,12.05,1,0,0,0,0,0.0,0.0,0.0
2026-05-21,6028,公勝保經,80.1,81.0,80.0,80.1,25,0,0,0,0,0.66,99.34,100.0
2026-05-21,6035,悠遊卡,52.5,53.0,50.5,53.0,1,0,1,0,0,0.0,0.0,0.0
2026-05-21,6101,寬魚國際,38.7,39.0,38.4,38.4,89,7,-12,0,0,0.35,99.64,100.0
2026-05-21,6103,合邦,0.0,0.0,0.0,0.0,0,0,0,0,0,0.72,99.27,100.0
2026-05-21,6104,創惟,99.1,102.0,98.2,101.5,3025,728,1428,0,77,10.73,89.26,100.0
2026-05-21,6108,競國,19.2,19.35,19.1,19.25,857,163,229,0,2,3.96,96.03,100.0
2026-05-21,6109,亞元,10.65,11.0,10.65,10.95,253,0,1,0,0,2.06,97.93,100.0
2026-05-21,6111,光聚晶電,46.9,47.8,46.45,47.4,266,28,101,0,0,10.39,89.6,100.0
2026-05-21,6112,邁達特,42.1,42.55,42.1,42.4,445,121,-29,0,42,0.98,99.01,100.0
2026-05-21,6113,亞矽,25.05,25.8,24.85,25.35,604,142,124,0,0,2.42,97.57,100.0
2026-05-21,6114,久威,29.8,30.6,29.8,29.95,51,9,9,0,0,0.7,99.29,100.0
2026-05-21,6115,鎰勝,47.0,47.0,46.8,47.0,70,3,-22,0,0,5.47,94.52,100.0
2026-05-21,6116,彩晶,10.0,10.8,10.0,10.8,86611,28798,31811,0,289,8.24,91.75,100.0
2026-05-21,6117,迎廣,80.0,83.7,79.8,82.6,699,130,302,0,11,1.99,98.0,100.0
2026-05-21,6118,建達,17.7,17.95,17.35,17.55,429,260,52,0,0,1.58,98.41,100.0
2026-05-21,6120,達運,12.9,13.5,12.9,13.4,5778,1454,2887,83,32,7.91,92.08,100.0
2026-05-21,6121,新普,377.0,382.5,376.5,381.5,477,97,162,-77,-13,36.78,63.21,100.0
2026-05-21,6122,擎邦,48.1,48.1,47.2,47.6,134,10,-16,0,0,4.64,95.35,100.0
2026-05-21,6123,上奇,44.75,44.85,44.35,44.85,47,9,3,0,0,2.63,97.36,100.0
2026-05-21,6124,業強,29.7,30.6,28.9,29.0,116,35,8,0,0,50.9,49.09,100.0
2026-05-21,6125,廣運,55.5,57.7,54.8,56.5,1629,482,148,0,36,7.67,92.32,100.0
2026-05-21,6126,信音,34.8,36.3,34.7,35.7,3953,1078,488,0,50,3.44,96.55,100.0
2026-05-21,6127,九豪,52.7,56.6,51.5,53.0,69344,47597,-733,0,111,11.44,88.55,100.0
2026-05-21,6128,上福,18.85,19.3,18.85,19.2,190,8,121,0,0,4.26,95.73,100.0
2026-05-21,6129,普誠,15.15,15.7,15.15,15.55,703,0,93,0,0,2.71,97.28,100.0
2026-05-21,6130,上亞科技,21.1,22.55,21.1,22.15,153,41,17,0,0,0.55,99.44,100.0
2026-05-21,6133,金橋,24.0,24.7,23.6,24.0,4356,1711,-152,0,0,1.77,98.22,100.0
2026-05-21,6134,萬旭,30.5,31.1,30.5,30.95,241,31,83,0,-9,25.0,74.99,100.0
2026-05-21,6136,富爾特,25.45,25.55,25.35,25.45,406,59,17,0,0,3.52,96.47,100.0
2026-05-21,6138,茂達,312.0,316.0,300.5,302.0,3036,1341,-808,1,56,17.69,82.3,100.0
2026-05-21,6139,亞翔,732.0,790.0,728.0,784.0,7819,3121,1498,190,389,31.87,68.12,100.0
2026-05-21,6140,訊達,19.35,19.95,19.35,19.75,75,0,11,0,0,1.56,98.43,100.0
2026-05-21,6141,柏承,33.0,34.5,31.5,34.0,3412,0,-817,0,-21,2.62,97.37,100.0
2026-05-21,6142,友勁,7.86,8.18,7.86,8.01,631,0,9,0,0,2.47,97.52,100.0
2026-05-21,6143,振曜,95.6,96.5,95.3,96.1,556,81,145,0,0,9.14,90.85,100.0
2026-05-21,6144,得利影,15.0,15.45,14.65,14.95,71,0,0,0,0,33.4,66.59,100.0
2026-05-21,6146,耕興,219.5,220.5,216.0,220.5,463,120,24,0,-2,30.49,69.5,100.0
2026-05-21,6147,頎邦,221.0,230.5,217.0,222.5,81865,50139,-10285,4111,-128,21.91,78.08,100.0
2026-05-21,6148,驊宏資,28.25,29.3,28.25,28.8,134,39,6,0,0,2.6,97.39,100.0
2026-05-21,6150,撼訊,66.6,69.3,66.6,67.9,736,210,309,0,22,6.6,93.39,100.0
2026-05-21,6151,晉倫,43.15,46.55,42.75,46.55,2040,312,328,0,6,6.05,93.94,100.0
2026-05-21,6152,百一,15.05,15.45,15.0,15.4,1208,0,418,0,3,1.38,98.61,100.0
2026-05-21,6153,嘉聯益,17.9,18.65,17.75,18.35,6867,1092,4516,0,103,11.22,88.77,100.0
2026-05-21,6154,順發,13.3,13.3,13.1,13.3,46,5,-1,0,0,0.72,99.27,100.0
2026-05-21,6155,鈞寶,56.5,61.0,55.4,59.4,28328,19441,-1570,0,-37,9.19,90.8,100.0
2026-05-21,6156,松上,18.6,18.75,18.4,18.5,694,84,286,0,0,7.71,92.28,100.0
2026-05-21,6158,禾昌,18.3,18.4,17.75,18.1,106,23,-12,0,0,0.77,99.22,100.0
2026-05-21,6160,欣技,16.1,16.25,16.05,16.2,69,0,18,0,0,3.96,96.03,100.0
2026-05-21,6161,捷波,52.1,52.1,50.6,51.0,655,139,-14,0,0,2.75,97.24,100.0
2026-05-21,6163,華電網,51.4,54.7,51.4,53.2,3271,1212,606,0,11,2.45,97.54,100.0
2026-05-21,6164,華興,11.9,12.15,11.85,12.15,397,87,93,0,36,4.34,95.65,100.0
2026-05-21,6165,浪凡,48.75,48.85,48.3,48.3,358,63,41,0,3,17.92,82.07,100.0
2026-05-21,6166,凌華,116.5,123.0,113.5,118.5,4536,2184,654,0,-16,19.58,80.41,100.0
2026-05-21,6167,久正,11.45,11.7,11.25,11.4,715,212,89,0,0,5.03,94.96,100.0
2026-05-21,6168,宏齊,27.75,28.6,27.2,28.0,10919,2848,3111,0,-7,4.63,95.36,100.0
2026-05-21,6169,昱泉,14.05,14.5,14.05,14.4,11,0,2,0,0,0.12,99.87,100.0
2026-05-21,6170,統振,50.5,50.8,50.5,50.6,136,22,-2,0,0,2.78,97.21,100.0
2026-05-21,6171,大城地產,24.75,24.75,23.75,23.95,61,3,-9,0,0,0.17,99.82,100.0
2026-05-21,6173,信昌電,173.0,175.0,173.0,175.0,1064,0,51,0,17,24.78,75.21,100.0
2026-05-21,6174,安碁,45.35,46.0,42.5,42.5,11041,6892,-539,0,-1,3.63,96.36,100.0
2026-05-21,6175,立敦,83.0,87.0,81.1,85.2,26403,16824,-2190,0,25,20.43,79.56,100.0
2026-05-21,6176,瑞儀,105.0,107.0,104.0,105.0,7078,2201,296,72,63,24.61,75.38,100.0
2026-05-21,6177,達麗,44.75,45.25,44.6,44.65,916,119,8,-50,-26,6.58,93.41,100.0
2026-05-21,6179,亞通,24.9,26.0,24.55,25.95,2791,553,1030,0,128,5.54,94.45,100.0
2026-05-21,6180,橘子,39.4,39.8,39.35,39.65,263,52,66,0,0,23.19,76.8,100.0
2026-05-21,6182,合晶,62.8,63.6,61.5,63.6,31543,0,641,0,3548,17.98,82.01,100.0
2026-05-21,6183,關貿,92.3,92.6,91.5,91.5,15,2,-4,0,0,1.04,98.95,100.0
2026-05-21,6184,大豐電,46.1,46.1,46.1,46.1,13,1,-1,0,0,2.82,16.17,19.0
2026-05-21,6185,幃翔,14.15,14.25,14.1,14.1,253,37,47,0,0,1.97,98.02,100.0
2026-05-21,6186,新潤,40.2,40.3,39.9,40.1,927,102,449,0,4,2.37,97.62,100.0
2026-05-21,6187,萬潤,1105.0,1140.0,1085.0,1090.0,1535,642,-294,24,2,31.78,68.21,100.0
2026-05-21,6188,廣明,81.5,84.0,81.5,83.5,2564,254,2042,-582,-2,8.16,91.83,100.0
2026-05-21,6189,豐藝,51.8,51.8,50.2,51.5,2315,631,236,-5,-5,8.15,91.84,100.0
2026-05-21,6190,萬泰科,78.4,79.9,77.8,79.0,6441,2379,1356,0,-45,11.29,88.7,100.0
2026-05-21,6191,精成科,95.4,98.0,94.8,95.5,5789,2257,-42,84,26,4.47,95.52,100.0
2026-05-21,6192,巨路,127.0,131.5,127.0,131.0,603,78,240,0,-3,25.55,74.44,100.0
2026-05-21,6194,育富,32.3,32.6,32.3,32.4,39,0,12,0,0,2.71,97.28,100.0
2026-05-21,6195,詩肯,26.5,26.65,26.1,26.4,17,3,0,0,-2,44.95,55.04,100.0
2026-05-21,6196,帆宣,415.0,430.0,412.0,429.5,3030,1111,782,231,68,16.79,83.2,100.0
2026-05-21,6197,佳必琪,224.0,238.5,222.0,238.0,6691,2681,721,0,102,9.55,90.44,100.0
2026-05-21,6198,瑞築,21.65,22.25,21.65,22.1,7,0,-1,0,0,0.04,99.95,100.0
2026-05-21,6199,天品,100.0,100.5,98.9,100.5,1426,271,37,0,-7,5.64,94.35,100.0
2026-05-21,6201,亞弘電,46.95,47.15,46.75,46.85,64,6,13,0,0,1.09,98.9,100.0
2026-05-21,6202,盛群,57.0,59.8,56.4,58.9,6006,1955,2340,198,18,10.81,89.18,100.0
2026-05-21,6203,海韻電,69.5,71.1,69.4,70.7,339,59,-47,58,-1,2.87,97.12,100.0
2026-05-21,6204,艾華,83.7,88.3,83.7,84.7,567,274,73,0,0,0.77,99.22,100.0
2026-05-21,6205,詮欣,74.5,79.5,73.2,77.2,2854,1225,-276,0,0,2.52,97.47,100.0
2026-05-21,6206,飛捷,136.5,137.0,133.5,137.0,3787,1319,-1055,-1,16,13.37,86.62,100.0
2026-05-21,6207,雷科,83.1,88.7,81.5,88.7,18822,9507,1527,0,-82,10.72,89.27,100.0
2026-05-21,6208,日揚,96.3,103.0,96.1,102.0,2836,1011,386,0,26,2.74,97.25,100.0
2026-05-21,6209,今國光,85.6,86.7,79.5,86.7,52264,29185,1473,0,-445,10.37,89.62,100.0
2026-05-21,6210,慶生,21.05,21.05,20.5,21.05,38,3,1,0,0,0.23,99.76,100.0
2026-05-21,6212,理銘,27.75,27.75,27.5,27.5,2,0,-1,0,0,0.47,99.52,100.0
2026-05-21,6213,聯茂,244.0,253.0,244.0,246.5,8211,3461,-973,-1,15,11.76,88.08,100.0
2026-05-21,6214,精誠,125.0,127.5,125.0,127.5,1771,273,835,-12,44,11.88,88.11,100.0
2026-05-21,6215,和椿,123.0,126.0,122.5,126.0,3397,1279,421,0,114,8.32,91.67,100.0
2026-05-21,6216,居易,22.4,22.75,22.35,22.55,139,24,-13,0,0,3.16,96.83,100.0
2026-05-21,6217,中探針,232.5,249.5,216.0,247.5,4489,0,170,0,353,18.26,81.73,100.0
2026-05-21,6218,豪勉,38.1,40.5,38.1,39.55,1240,512,-26,0,0,2.03,97.96,100.0
2026-05-21,6219,富旺,12.4,12.45,12.15,12.3,321,21,-8,0,0,1.99,98.0,100.0
2026-05-21,6220,岳豐,31.15,31.75,30.4,30.65,672,218,-169,0,4,4.1,95.89,100.0
2026-05-21,6221,晉泰,23.0,23.25,22.95,23.0,82,10,-18,0,0,1.12,98.87,100.0
2026-05-21,6222,立軒,20.75,20.75,20.75,20.75,2,0,0,0,0,0.1,99.89,100.0
2026-05-21,6223,旺矽,6160.0,6160.0,5530.0,5650.0,1251,559,-168,-84,14,29.6,70.39,100.0
2026-05-21,6224,聚鼎,85.7,86.6,80.6,83.4,7507,4198,-1047,0,0,3.5,96.49,100.0
2026-05-21,6225,天瀚,26.0,26.95,25.0,26.05,36,0,0,0,0,0.04,99.95,100.0
2026-05-21,6226,光鼎,12.35,12.65,12.3,12.5,940,0,137,0,16,1.23,98.76,100.0
2026-05-21,6227,茂綸,117.0,120.0,115.0,116.5,1133,481,126,0,-15,5.74,94.25,100.0
2026-05-21,6228,全譜,22.85,22.85,21.4,22.6,5,0,0,0,0,0.33,99.66,100.0
2026-05-21,6229,研通,26.75,27.4,26.75,27.05,232,59,6,0,0,1.31,98.68,100.0
2026-05-21,6230,尼得科超眾,131.5,134.5,130.5,134.0,87,16,15,0,0,86.99,13.0,100.0
2026-05-21,6231,系微,284.5,294.0,283.0,284.5,606,219,-66,0,0,12.55,87.44,100.0
2026-05-21,6233,旺玖,25.8,26.35,25.75,26.05,329,69,84,0,0,5.76,94.23,100.0
2026-05-21,6234,高僑,45.9,47.8,45.4,46.8,2641,1061,-290,0,7,13.28,86.71,100.0
2026-05-21,6235,華孚,40.1,41.4,40.1,41.3,963,142,447,0,9,4.47,95.52,100.0
2026-05-21,6236,中湛,20.0,20.0,20.0,20.0,1,0,0,0,0,0.02,99.97,100.0
2026-05-21,6237,驊訊,51.0,53.4,49.6,53.4,7161,2736,1021,0,37,10.81,89.18,100.0
2026-05-21,6239,力成,246.5,257.5,246.5,257.5,25307,7827,1986,1213,714,34.98,65.01,100.0
2026-05-21,6240,松崗,17.9,17.9,17.7,17.8,12,0,-3,0,0,0.29,99.7,100.0
2026-05-21,6241,鑫永洋,10.7,10.9,10.45,10.8,114,0,2,0,0,0.03,99.96,100.0
2026-05-21,6242,立康,37.5,37.5,37.5,37.5,4,0,0,0,0,0.49,99.5,100.0
2026-05-21,6243,迅杰,33.7,35.15,33.7,34.35,333,108,2,0,-3,2.53,97.46,100.0
2026-05-21,6244,茂迪,28.6,28.9,28.35,28.35,2906,1051,578,0,11,18.16,81.83,100.0
2026-05-21,6245,立端,83.0,87.5,82.8,85.1,3050,830,748,0,50,12.75,87.24,100.0
2026-05-21,6246,臺龍,14.5,15.5,14.3,15.45,117,61,6,0,0,0.28,99.71,100.0
2026-05-21,6248,沛波,18.3,18.3,18.2,18.25,46,2,7,0,0,0.8,99.19,100.0
2026-05-21,6257,矽格,212.5,221.0,212.5,216.5,14639,3471,8029,-2782,188,28.25,71.74,100.0
2026-05-21,6259,百徽,23.95,25.5,23.5,24.7,850,280,50,0,1,38.57,61.42,100.0
2026-05-21,6261,久元,118.0,119.0,112.5,113.0,3861,1542,-520,0,52,6.75,93.24,100.0
2026-05-21,6263,普萊德,173.5,179.0,173.5,177.0,222,0,1,0,4,2.04,97.95,100.0
2026-05-21,6264,富裔,6.2,6.25,6.0,6.17,109,0,0,0,0,0.02,99.97,100.0
2026-05-21,6265,方土昶,42.6,44.15,42.4,43.75,5387,2449,1154,0,-3,3.95,96.04,100.0
2026-05-21,6266,泰詠,27.0,27.15,26.85,27.05,227,18,-45,0,0,2.01,97.98,100.0
2026-05-21,6269,台郡,59.0,59.8,58.3,58.7,2349,562,280,0,-15,16.79,83.2,100.0
2026-05-21,6270,倍微,26.65,27.3,26.55,26.8,433,75,147,0,0,3.18,96.81,100.0
2026-05-21,6271,同欣電,193.0,206.0,188.5,206.0,21336,6672,2971,1077,512,32.18,67.81,100.0
2026-05-21,6272,驊陞,31.65,32.4,31.65,32.05,255,0,150,0,11,3.98,96.01,100.0
2026-05-21,6274,台燿,1325.0,1325.0,1325.0,1325.0,737,0,264,-47,7,38.49,61.5,100.0
2026-05-21,6275,元山,47.5,48.15,47.4,47.6,378,76,46,0,0,3.87,96.12,100.0
2026-05-21,6276,安鈦克,29.15,30.3,28.8,29.1,101,31,-16,0,0,2.32,97.67,100.0
2026-05-21,6277,宏正,72.9,74.9,72.6,74.6,421,109,70,0,-5,8.33,91.66,100.0
2026-05-21,6278,台表科,213.0,223.0,212.0,223.0,13847,4825,1200,-318,292,18.78,81.21,100.0
2026-05-21,6279,胡連,118.5,120.5,118.5,119.5,947,138,-119,-2,-4,4.74,95.25,100.0
2026-05-21,6281,全國電,50.7,50.7,50.2,50.7,64,0,36,0,0,2.14,97.85,100.0
2026-05-21,6282,康舒,51.7,54.5,51.7,53.6,44229,13944,18682,21,1932,16.87,83.12,100.0
2026-05-21,6283,淳安,24.45,24.7,24.4,24.65,174,13,23,0,4,18.35,81.64,100.0
2026-05-21,6284,佳邦,91.1,94.8,90.3,93.4,7770,3054,1781,-6,175,15.31,84.68,100.0
2026-05-21,6285,啟碁,287.0,293.0,276.0,280.5,24906,13802,-2169,-1700,-135,22.9,77.09,100.0
2026-05-21,6290,良維,268.0,276.0,267.0,272.5,3838,1230,93,0,24,15.71,84.28,100.0
2026-05-21,6291,沛亨,472.0,498.0,472.0,492.0,1453,677,128,110,54,2.25,97.74,100.0
2026-05-21,6292,迅德,54.5,54.7,53.3,53.5,260,61,-14,0,0,1.55,98.44,100.0
2026-05-21,6294,智基,27.1,27.25,27.0,27.2,29,1,8,0,0,0.38,99.61,100.0
2026-05-21,6405,悅城,56.0,57.2,54.5,57.1,453,0,-34,0,-8,4.99,95.0,100.0
2026-05-21,6407,相互,30.44,32.4,30.85,31.5,877,0,2,0,0,0.0,0.0,0.0
2026-05-21,6409,旭隼,675.0,695.0,663.0,663.0,965,214,-99,-2,11,50.82,49.17,100.0
2026-05-21,6411,晶焱,89.0,94.6,87.5,94.6,3238,754,341,0,25,9.41,90.58,100.0
2026-05-21,6412,群電,96.0,99.5,94.0,97.1,4712,1779,1172,118,53,4.19,95.8,100.0
2026-05-21,6414,樺漢,338.0,347.5,334.5,347.5,2103,714,873,45,-28,35.5,64.49,100.0
2026-05-21,6415,矽力*-KY,532.0,557.0,520.0,557.0,4861,1139,-210,32,154,80.61,19.38,100.0
2026-05-21,6416,瑞祺電通,89.9,91.4,89.5,90.9,509,80,217,0,-2,4.63,95.36,100.0
2026-05-21,6417,韋僑,125.5,135.0,124.5,130.0,277,134,-39,0,1,10.43,89.56,100.0
2026-05-21,6418,詠昇,30.95,32.45,30.8,31.35,293,97,-42,0,0,3.22,96.77,100.0
2026-05-21,6419,京晨科,144.5,150.5,144.5,145.0,1896,913,-211,0,0,11.07,88.92,100.0
2026-05-21,6423,億而得-創,98.2,100.5,98.0,98.9,113,28,-42,0,0,4.12,95.87,100.0
2026-05-21,6423,億而得,98.2,100.5,98.0,98.9,113,28,-42,0,0,4.12,95.87,100.0
2026-05-21,6425,易發,88.2,92.8,87.4,90.2,5387,2883,314,0,1,4.03,95.96,100.0
2026-05-21,6426,統新,243.0,262.5,243.0,262.5,2200,956,529,0,17,8.78,91.21,100.0
2026-05-21,6428,台灣淘米,13.9,0.0,0.0,0.0,0,0,0,0,0,0.0,0.0,0.0
2026-05-21,6431,光麗-KY,22.0,22.0,21.25,21.9,76,0,18,0,1,56.82,43.17,100.0
2026-05-21,6432,今展科,53.4,57.9,53.3,56.9,7948,5357,27,0,-4,5.39,94.6,100.0
2026-05-21,6434,達輝光電,20.3,23.0,19.8,20.7,1435,0,6,0,0,0.0,0.0,0.0
2026-05-21,6435,大中,238.0,242.5,230.0,230.5,863,348,-122,0,-2,13.03,86.96,100.0
2026-05-21,6438,迅得,162.0,165.5,162.0,164.0,730,169,254,0,1,7.27,92.72,100.0
2026-05-21,6441,廣錠,23.95,24.7,23.95,24.45,126,13,-53,0,0,0.9,99.09,100.0
2026-05-21,6442,光聖,1825.0,1830.0,1730.0,1785.0,2942,1616,-757,132,-9,32.71,67.28,100.0
2026-05-21,6443,元晶,41.5,41.6,40.0,40.1,19776,8645,-2712,0,-687,12.99,87.0,100.0
2026-05-21,6446,藥華藥,795.0,804.0,784.0,798.0,1628,749,236,1,3,23.65,76.34,100.0
2026-05-21,6449,鈺邦,289.0,295.0,289.0,295.0,1958,0,345,38,12,6.13,93.86,100.0
2026-05-21,6451,訊芯-KY,495.5,523.0,492.5,499.0,4553,2595,-577,0,3,66.97,33.02,100.0
2026-05-21,6456,GIS-KY,65.0,69.9,64.7,69.9,10396,2344,3910,0,255,44.33,55.66,100.0
2026-05-21,6461,益得,16.85,16.85,16.35,16.4,77,0,14,0,0,0.64,99.35,100.0
2026-05-21,6462,神盾,140.0,144.0,137.0,140.5,4006,1739,945,20,-52,23.36,76.63,100.0
2026-05-21,6464,台數科,78.0,78.0,77.8,78.0,9,0,-1,0,0,0.75,19.23,19.99
2026-05-21,6465,威潤,49.2,53.3,49.2,52.5,723,254,90,0,-2,1.41,98.58,100.0
2026-05-21,6467,泰合,136.0,141.0,133.5,136.0,134,0,0,0,0,0.0,0.0,0.0
2026-05-21,6469,大樹,71.0,71.9,70.7,71.7,383,49,133,0,1,8.48,91.51,100.0
2026-05-21,6470,宇智,47.5,48.5,47.2,48.2,158,6,88,0,0,6.11,93.88,100.0
2026-05-21,6472,保瑞,393.0,393.0,376.5,384.0,1595,719,96,0,-12,10.24,89.75,100.0
2026-05-21,6473,美賣*,8.65,8.94,8.5,8.85,120,0,0,0,0,0.0,0.0,0.0
2026-05-21,6474,華豫寧,38.0,38.2,37.7,37.75,46,0,3,0,0,0.1,99.89,100.0
2026-05-21,6477,安集,34.25,34.5,34.0,34.45,496,107,136,0,0,2.68,97.31,100.0
2026-05-21,6482,弘煜科,29.9,30.55,29.7,29.7,7,2,-1,0,0,2.46,97.53,100.0
2026-05-21,6483,原創生醫,13.15,13.35,12.95,13.0,92,0,0,0,0,0.0,0.0,0.0
2026-05-21,6485,點序,113.0,115.0,104.0,104.5,5242,2398,13,0,-33,12.28,87.71,100.0
2026-05-21,6486,互動,81.2,81.9,81.2,81.6,94,6,-26,0,0,4.14,95.85,100.0
2026-05-21,6488,環球晶,701.0,701.0,701.0,701.0,3482,0,-504,-680,62,26.26,73.73,100.0
2026-05-21,6491,晶碩,302.0,307.5,300.0,307.0,616,164,59,0,3,10.3,89.69,100.0
2026-05-21,6492,生華科,46.0,46.35,45.6,46.35,96,0,28,0,0,6.33,93.66,100.0
2026-05-21,6493,雷虎生,29.57,29.9,29.0,29.55,124,0,0,0,0,0.0,0.0,0.0
2026-05-21,6494,九齊,54.6,56.4,54.0,56.1,459,158,117,0,2,9.59,90.4,100.0
2026-05-21,6496,科懋,24.1,25.75,24.1,24.7,85,75,5,0,0,0.3,99.69,100.0
2026-05-21,6498,久禾光,105.0,109.5,105.0,106.5,445,143,124,0,2,2.37,97.62,100.0
2026-05-21,6499,益安,95.0,96.3,92.3,94.9,1057,423,-188,0,70,12.56,87.43,100.0
2026-05-21,6504,南六,38.8,39.25,38.7,38.75,65,27,15,0,-6,0.98,99.01,100.0
2026-05-21,6505,台塑化,51.4,51.7,50.9,51.3,4249,993,-936,-11,2,6.01,93.98,100.0
2026-05-21,6506,雙邦,19.1,19.15,18.95,19.0,183,26,19,0,0,0.7,99.29,100.0
2026-05-21,6508,惠光,23.3,23.75,23.1,23.7,70,4,11,0,0,1.08,98.91,100.0
2026-05-21,6509,聚和,47.75,50.5,47.75,49.15,7627,2473,1620,5,-14,9.49,90.5,100.0
2026-05-21,6510,精測,3425.0,3495.0,3350.0,3350.0,813,369,-102,-121,27,22.08,77.91,100.0
2026-05-21,6512,啟發電,19.45,19.45,18.95,18.95,19,0,0,0,0,0.07,99.92,100.0
2026-05-21,6515,穎崴,9405.0,9630.0,9150.0,9510.0,286,150,-44,49,-1,21.04,78.95,100.0
2026-05-21,6516,勤崴國際,57.4,58.0,56.0,57.1,88,43,1,0,0,1.16,98.83,100.0
2026-05-21,6517,保勝光學,61.0,62.8,61.0,61.8,313,70,110,0,0,2.07,97.92,100.0
2026-05-21,6518,康科特,29.96,30.8,29.8,30.8,14,0,0,0,0,0.0,0.0,0.0
2026-05-21,6523,達爾膚,98.8,99.8,98.8,99.8,13,0,-1,0,0,1.5,98.49,100.0
2026-05-21,6525,捷敏-KY,115.5,118.0,113.5,114.0,1271,492,-97,-1,-1,15.82,84.17,100.0
2026-05-21,6526,達發,680.0,712.0,680.0,704.0,1927,829,-260,135,24,7.33,92.66,100.0
2026-05-21,6527,明達醫,70.0,70.2,69.6,70.0,23,0,1,0,0,0.17,99.82,100.0
2026-05-21,6530,創威,104.5,108.0,103.5,105.0,1166,602,47,0,0,4.32,95.67,100.0
2026-05-21,6531,愛普*,995.0,1010.0,876.0,876.0,17381,8336,-2126,525,109,28.51,71.48,100.0
2026-05-21,6532,瑞耘,98.0,101.0,96.9,98.5,1498,523,360,0,0,5.12,94.87,100.0
2026-05-21,6533,晶心科,222.0,235.0,220.5,230.0,1103,356,384,12,0,12.33,87.66,100.0
2026-05-21,6534,正瀚-創,95.8,97.8,94.6,96.9,166,18,95,0,-1,40.96,59.03,100.0
2026-05-21,6535,順藥,129.5,130.5,128.0,129.0,76,0,24,0,0,5.68,94.31,100.0
2026-05-21,6536,碩豐,24.75,25.2,24.25,24.35,10,0,0,0,0,0.0,0.0,0.0
2026-05-21,6538,倉和,117.0,117.0,117.0,117.0,1042,68,26,0,20,4.7,95.29,100.0
2026-05-21,6539,麗彤,43.62,45.0,43.0,45.0,0,0,0,0,0,0.0,0.0,0.0
2026-05-21,6541,泰福-KY,38.2,39.0,38.2,38.95,291,35,139,0,0,13.85,86.14,100.0
2026-05-21,6542,隆中,46.2,46.95,46.2,46.35,6,0,-1,0,0,18.1,81.89,100.0
2026-05-21,6543,普惠醫工,22.23,22.5,22.0,22.05,12,0,0,0,0,0.0,0.0,0.0
2026-05-21,6546,正基,72.8,76.0,71.6,75.6,1209,311,188,0,31,7.78,92.21,100.0
2026-05-21,6547,高端疫苗,49.3,49.45,48.6,48.7,1131,313,-7,0,30,9.75,90.24,100.0
2026-05-21,6548,長科*,49.8,51.5,49.7,51.4,4470,840,1718,-75,67,3.25,96.74,100.0
2026-05-21,6549,景凱,8.06,8.3,7.91,8.12,55,0,6,0,0,0.0,0.0,0.0
2026-05-21,6550,北極星藥業-KY,16.25,16.3,15.9,16.1,1948,0,-79,0,19,67.11,32.88,100.0
2026-05-21,6552,易華電,28.75,29.1,28.55,28.7,158,28,32,0,1,0.84,99.15,100.0
2026-05-21,6555,榮炭,20.91,21.65,21.05,21.5,99,0,8,0,0,0.0,0.0,0.0
2026-05-21,6556,勝品,70.1,70.1,69.9,69.9,5,0,0,0,0,0.57,99.42,100.0
2026-05-21,6558,興能高,32.35,32.85,31.7,31.85,1783,757,-60,0,0,0.81,99.18,100.0
2026-05-21,6559,研晶,24.18,26.6,23.9,26.45,158,0,16,0,0,0.0,0.0,0.0
2026-05-21,6560,欣普羅,37.6,38.45,37.6,38.2,29,2,2,0,0,5.04,94.95,100.0
2026-05-21,6561,是方,354.5,358.5,354.0,355.0,120,25,7,9,1,6.17,93.82,100.0
2026-05-21,6563,映智,31.24,32.35,30.4,31.5,148,0,0,0,0,0.0,0.0,0.0
2026-05-21,6564,安特羅,18.49,18.9,18.15,18.7,8,0,0,0,0,0.0,0.0,0.0
2026-05-21,6565,物聯,22.28,22.6,21.5,22.4,92,0,0,0,0,0.0,0.0,0.0
2026-05-21,6568,宏觀,216.5,220.5,211.5,217.0,550,347,11,0,15,6.61,93.38,100.0
2026-05-21,6569,醫揚,98.8,98.8,95.9,98.6,47,7,6,0,0,3.16,96.83,100.0
2026-05-21,6570,維田,44.85,49.35,44.85,49.35,646,28,40,0,6,1.71,98.28,100.0
2026-05-21,6572,博錸,9.56,9.35,8.76,9.2,120,0,-2,0,0,0.0,0.0,0.0
2026-05-21,6573,虹揚-KY,13.1,13.4,13.0,13.15,107,0,-3,0,0,54.68,45.31,100.0
2026-05-21,6574,霈方,117.5,121.0,115.5,117.5,79,0,-20,0,1,0.76,99.23,100.0
2026-05-21,6576,逸達,82.3,82.4,81.2,81.8,210,0,53,0,0,22.45,77.54,100.0
2026-05-21,6577,勁豐,78.6,80.0,78.6,79.7,65,4,24,0,0,1.05,98.94,100.0
2026-05-21,6578,達邦蛋白,17.0,17.6,17.0,17.2,114,18,-31,0,0,0.75,99.24,100.0
2026-05-21,6579,研揚,153.0,156.5,150.5,152.5,891,208,345,0,-1,3.35,96.64,100.0
2026-05-21,6580,台睿,15.31,16.8,15.4,16.4,206,0,20,0,0,0.0,0.0,0.0
2026-05-21,6581,鋼聯,107.0,107.0,106.5,106.5,16,0,-3,0,-2,0.97,99.02,100.0
2026-05-21,6582,申豐,31.05,31.05,30.65,30.8,30,3,4,0,0,12.97,87.02,100.0
2026-05-21,6583,友松,12.38,12.45,12.45,12.45,1,0,0,0,0,0.0,0.0,0.0
2026-05-21,6584,南俊國際,644.0,688.0,640.0,680.0,816,295,26,183,-1,14.49,85.5,100.0
2026-05-21,6585,鼎基,94.0,96.2,93.6,95.0,216,30,99,0,0,6.74,93.25,100.0
2026-05-21,6586,醣基,65.87,70.1,65.1,67.3,467,0,1,0,0,0.0,0.0,0.0
2026-05-21,6588,東典光電,126.0,130.5,125.5,126.0,967,564,-42,0,0,2.09,97.9,100.0
2026-05-21,6589,台康生技,44.0,44.0,43.4,43.65,875,129,-184,0,0,6.15,93.84,100.0
2026-05-21,6590,普鴻,67.0,67.0,66.3,66.9,21,0,0,0,0,0.06,99.93,100.0
2026-05-21,6591,動力-KY,52.0,53.5,51.9,53.2,182,64,-7,0,0,20.75,79.24,100.0
2026-05-21,6592,和潤企業,61.5,61.5,60.6,60.8,316,70,-79,0,0,25.96,74.03,100.0
2026-05-21,6593,台灣銘板,35.1,35.25,34.75,35.1,82,8,19,0,0,1.33,98.66,100.0
2026-05-21,6595,光禹國際,32.15,32.15,30.65,32.15,2,0,0,0,0,0.0,0.0,0.0
2026-05-21,6596,寬宏藝術,96.9,98.0,96.7,97.9,201,39,28,0,1,1.58,98.41,100.0
2026-05-21,6597,立誠,74.0,74.0,72.2,73.0,22,0,0,0,-1,0.0,99.99,100.0
2026-05-21,6598,ABC-KY,24.2,24.5,24.1,24.3,141,0,75,0,0,23.6,76.39,100.0
2026-05-21,6599,普達系統,43.97,44.0,44.0,44.0,2,0,0,0,0,0.0,0.0,0.0
2026-05-21,6603,富強鑫,22.0,22.45,22.0,22.35,764,137,-112,0,1,2.35,97.64,100.0
2026-05-21,6604,儒億,31.0,31.5,30.0,30.65,192,0,0,0,0,0.0,0.0,0.0
2026-05-21,6605,帝寶,130.5,131.0,130.0,131.0,230,20,135,0,-1,15.66,84.33,100.0
2026-05-21,6606,建德工業,24.6,24.6,24.3,24.55,64,3,2,0,1,3.29,96.7,100.0
2026-05-21,6609,瀧澤科,42.0,42.4,41.8,42.15,314,58,138,0,0,53.72,46.27,100.0
2026-05-21,6610,安成生技,29.06,30.0,29.0,29.3,128,0,0,0,0,0.0,0.0,0.0
2026-05-21,6612,奈米醫材,70.8,77.8,70.7,77.0,184,57,-57,0,0,26.02,73.97,100.0
2026-05-21,6613,朋億*,250.5,259.0,249.0,258.0,449,70,230,0,6,7.67,92.32,100.0
2026-05-21,6614,資拓宏宇,39.35,39.95,39.35,39.7,55,0,6,0,-9,0.81,99.18,100.0
2026-05-21,6615,慧智,32.45,32.85,32.45,32.7,27,2,2,0,0,0.25,99.74,100.0
2026-05-21,6616,特昇-KY,9.76,9.84,9.65,9.83,13,1,0,0,0,56.68,43.31,100.0
2026-05-21,6617,共信-KY,65.0,66.5,64.9,65.5,107,39,1,0,0,38.25,61.74,100.0
2026-05-21,6618,永虹先進,18.95,19.2,18.7,19.1,664,0,0,0,0,0.0,0.0,0.0
2026-05-21,6620,漢達,76.3,77.8,74.5,75.3,340,92,-45,0,0,24.93,75.06,100.0
2026-05-21,6621,華宇藥,12.27,12.35,12.05,12.2,42,0,2,0,0,0.0,0.0,0.0
2026-05-21,6622,百聿數碼,6.98,7.05,6.74,6.74,17,0,0,0,0,0.0,0.0,0.0
2026-05-21,6624,萬年清,46.6,47.35,44.75,47.3,38,17,6,0,0,0.42,99.57,100.0
2026-05-21,6625,必應,72.4,73.8,72.3,73.5,131,13,-6,0,0,0.98,99.01,100.0
2026-05-21,6629,泰金-KY,123.0,123.0,121.5,122.5,40,3,6,0,0,76.64,23.35,100.0
2026-05-21,6634,欣耀,66.28,66.3,64.8,65.5,148,0,0,0,0,0.0,0.0,0.0
2026-05-21,6637,醫影,66.2,66.4,65.7,65.7,27,3,1,0,0,0.19,99.8,100.0
2026-05-21,6638,沅聖,50.76,67.4,51.1,62.8,256,0,0,0,0,0.0,0.0,0.0
2026-05-21,6639,源大環能,7.41,7.57,7.11,7.15,64,0,0,0,0,0.0,0.0,0.0
2026-05-21,6640,均華,1290.0,1375.0,1290.0,1375.0,321,128,69,1,18,6.99,93.0,100.0
2026-05-21,6641,基士德-KY,18.3,18.5,18.3,18.3,22,2,3,0,0,29.91,70.08,100.0
2026-05-21,6642,富致,85.0,89.4,83.2,87.2,2980,1584,137,0,0,2.2,97.79,100.0
2026-05-21,6643,M31,585.0,603.0,583.0,588.0,755,323,-20,-15,18,11.07,88.92,100.0
2026-05-21,6645,金萬林-創,12.05,12.05,11.8,12.0,24,0,-1,0,-4,0.74,99.25,100.0
2026-05-21,6648,斯其大,16.32,16.4,15.7,16.4,34,0,0,0,0,0.0,0.0,0.0
2026-05-21,6649,台生材,39.9,40.8,39.3,39.55,18,4,-2,0,0,6.48,93.51,100.0
2026-05-21,6650,帝圖,29.5,30.45,29.0,30.45,14,0,0,0,0,0.0,0.0,0.0
2026-05-21,6651,全宇昕,125.5,127.5,125.0,125.0,383,127,9,0,0,7.18,92.81,100.0
2026-05-21,6654,天正國際,96.5,97.3,96.5,97.0,45,3,3,0,0,0.57,99.42,100.0
2026-05-21,6655,科定,132.0,132.0,131.0,132.0,8,0,-2,0,0,0.49,99.5,100.0
2026-05-21,6657,華安,40.0,40.2,39.55,39.85,129,10,56,0,2,6.98,93.01,100.0
2026-05-21,6658,聯策,173.0,179.0,168.5,175.5,1692,766,-390,0,-1,6.06,93.93,100.0
2026-05-21,6659,天明製藥,20.17,20.5,19.55,20.45,37,0,0,0,0,0.0,0.0,0.0
2026-05-21,6661,威健生技,17.45,17.5,17.45,17.5,3,0,0,0,0,0.02,99.97,100.0
2026-05-21,6662,樂斯科,29.0,29.0,29.0,29.0,4,0,-1,0,0,0.2,99.79,100.0
2026-05-21,6664,群翊,403.0,414.5,400.0,406.0,652,222,-4,13,53,5.88,94.11,100.0
2026-05-21,6665,康聯生醫,22.52,22.7,19.8,20.5,120,0,0,0,0,0.0,0.0,0.0
2026-05-21,6666,羅麗芬-KY,40.15,42.6,40.15,41.65,40,11,0,0,-3,75.14,24.85,100.0
2026-05-21,6667,信紘科,254.0,255.5,252.0,254.0,266,40,-1,0,0,8.49,91.5,100.0
2026-05-21,6668,中揚光,38.65,39.5,38.4,39.45,656,141,286,0,0,11.61,88.38,100.0
2026-05-21,6669,緯穎,5350.0,5400.0,5190.0,5345.0,2379,1032,-207,72,80,30.5,69.49,100.0
2026-05-21,6670,復盛應用,261.5,264.5,261.0,262.0,111,13,25,-2,-1,25.61,74.38,100.0
2026-05-21,6671,三能-KY,29.05,29.05,27.95,28.25,39,20,-7,0,-2,39.8,60.19,100.0
2026-05-21,6672,騰輝電子-KY,180.0,184.5,178.0,178.5,2366,828,-391,0,-7,22.17,77.82,100.0
2026-05-21,6673,和詮,20.76,21.45,19.25,21.0,359,0,8,0,0,0.0,0.0,0.0
2026-05-21,6674,鋐寶科技,16.9,17.05,16.85,16.85,76,5,34,0,-1,0.47,99.52,100.0
2026-05-21,6676,祥翊,14.84,15.3,14.65,15.05,196,0,-4,0,0,0.0,0.0,0.0
2026-05-21,6677,瑩碩生技,18.08,18.4,17.8,18.2,76,0,0,0,0,0.0,0.0,0.0
2026-05-21,6679,鈺太,324.0,337.0,321.5,335.0,1012,296,143,16,56,8.85,91.14,100.0
2026-05-21,6680,鑫創電子,0.0,0.0,0.0,0.0,0,0,0,0,0,0.2,99.79,100.0
2026-05-21,6682,華旭先進,57.07,58.2,55.3,57.1,2769,0,10,0,0,0.0,0.0,0.0
2026-05-21,6683,雍智科技,1880.0,1940.0,1620.0,1685.0,3260,1352,436,-378,-44,13.28,86.71,100.0
2026-05-21,6684,安格,46.15,46.7,46.1,46.3,109,25,30,0,0,5.26,94.73,100.0
2026-05-21,6689,伊雲谷,66.0,67.7,65.4,66.8,272,78,26,0,-1,4.57,95.42,100.0
2026-05-21,6690,安碁資訊,168.0,168.5,167.5,168.5,46,2,24,0,0,3.73,96.26,100.0
2026-05-21,6691,洋基工程,619.0,628.0,615.0,621.0,480,136,48,-41,0,15.4,84.59,100.0
2026-05-21,6692,進能服,28.85,28.85,28.45,28.7,38,3,-2,0,0,0.45,99.54,100.0
2026-05-21,6693,廣閎科,140.5,144.0,139.0,142.0,425,99,-20,0,-2,11.92,88.07,100.0
2026-05-21,6695,芯鼎,51.2,51.9,50.4,51.5,1499,563,198,0,-2,3.26,96.73,100.0
2026-05-21,6696,仁新,391.6,400.5,390.0,400.5,316,0,1,0,0,0.0,0.0,0.0
2026-05-21,6697,東捷資訊,41.0,41.2,40.6,41.1,34,1,13,0,0,0.9,99.09,100.0
2026-05-21,6698,旭暉應材,31.5,32.15,31.35,31.8,160,36,36,0,0,2.35,97.64,100.0
2026-05-21,6703,軒郁,114.5,115.5,113.5,115.0,47,6,0,0,0,13.57,86.42,100.0
2026-05-21,6704,國璽幹細胞,21.03,21.35,20.45,21.1,182,0,-4,0,0,0.0,0.0,0.0
2026-05-21,6705,振躍精密,89.91,100.5,89.0,94.0,92,0,2,0,0,0.0,0.0,0.0
2026-05-21,6706,惠特,165.0,176.5,163.5,168.5,10011,5519,1915,147,61,12.27,87.72,100.0
2026-05-21,6707,富基電通,33.28,34.7,32.5,33.65,579,0,0,0,0,0.0,0.0,0.0
2026-05-21,6708,天擎,40.5,40.5,39.5,40.3,52,0,-1,0,0,3.15,96.84,100.0
2026-05-21,6709,昱厚生技,25.19,26.1,25.2,26.0,34,0,-4,0,0,0.0,0.0,0.0
2026-05-21,6712,長聖,134.5,136.0,133.5,135.5,290,20,102,0,2,3.47,96.52,100.0
2026-05-21,6715,嘉基,496.0,500.0,474.5,477.0,630,248,-143,0,1,3.48,96.51,100.0
2026-05-21,6716,應廣,99.8,102.0,98.0,99.8,1049,472,-14,0,0,3.49,96.5,100.0
2026-05-21,6719,力智,237.0,243.0,228.5,233.5,5716,2862,-590,-15,-34,7.14,92.85,100.0
2026-05-21,6720,久昌,158.0,158.0,151.5,158.0,132,26,-61,0,0,0.93,99.06,100.0
2026-05-21,6721,信實,58.3,61.4,58.3,60.0,16,0,0,0,0,0.0,99.99,100.0
2026-05-21,6722,輝創,37.5,38.6,37.45,37.8,43,0,-9,0,-4,2.5,97.49,100.0
2026-05-21,6723,傑智環境,38.78,40.65,38.75,40.4,72,0,0,0,0,0.0,0.0,0.0
2026-05-21,6725,矽科宏晟,289.0,295.0,289.0,293.0,203,55,-22,0,0,4.46,95.53,100.0
2026-05-21,6727,亞泰金屬,516.0,546.0,511.0,546.0,2103,637,635,0,21,14.2,85.79,100.0
2026-05-21,6728,上洋,111.5,112.0,111.5,112.0,17,1,3,0,0,0.74,99.25,100.0
2026-05-21,6729,機光科技,50.56,52.5,49.5,52.0,186,0,0,0,0,0.0,0.0,0.0
2026-05-21,6730,常廣,37.0,37.8,36.9,37.8,35,0,0,0,0,0.03,99.96,100.0
2026-05-21,6732,昇佳電子,169.5,175.0,169.0,175.0,446,85,136,-6,-2,5.07,94.92,100.0
2026-05-21,6733,博晟生醫,28.5,28.5,27.75,27.8,152,0,-12,0,0,1.26,98.73,100.0
2026-05-21,6734,安盛生,6.7,7.04,6.3,6.8,62,0,0,0,0,0.0,0.0,0.0
2026-05-21,6735,美達科技,108.5,109.5,103.5,108.5,1044,471,-7,0,-1,2.21,97.78,100.0
2026-05-21,6737,秀育,33.39,34.5,32.95,34.5,12,0,0,0,0,0.0,0.0,0.0
2026-05-21,6738,鼎恒,68.16,68.5,66.1,68.3,24,0,0,0,0,0.0,0.0,0.0
2026-05-21,6739,竹陞科技,1310.0,1350.0,1250.0,1250.0,345,121,-118,0,-1,4.92,95.07,100.0
2026-05-21,6741,91APP*-KY,62.0,63.5,61.6,62.9,265,51,105,-3,-1,42.79,57.2,100.0
2026-05-21,6742,澤米,57.3,61.7,55.1,61.7,10790,6052,441,0,50,2.61,97.38,100.0
2026-05-21,6743,安普新,29.0,29.75,28.85,28.9,327,96,-29,0,-10,3.72,96.27,100.0
2026-05-21,6744,豐技生技,15.96,17.65,16.2,17.45,100,0,0,0,0,0.0,0.0,0.0
2026-05-21,6748,亞果生醫,69.44,70.2,67.7,68.6,327,0,0,0,0,0.0,0.0,0.0
2026-05-21,6750,泰創工程,66.83,71.0,67.1,68.5,422,0,11,0,0,0.0,0.0,0.0
2026-05-21,6751,智聯服務,46.6,47.85,46.6,47.7,44,7,13,0,0,0.7,99.29,100.0
2026-05-21,6752,叡揚,102.5,102.5,100.0,101.0,37,5,-10,0,0,2.64,97.35,100.0
2026-05-21,6753,龍德造船,126.0,129.0,125.0,129.0,811,100,-6,0,-2,3.35,6.14,9.5
2026-05-21,6754,匯僑設計,44.0,44.1,43.5,43.95,15,2,-3,0,1,15.46,84.53,100.0
2026-05-21,6755,連鋐科技,22.08,22.8,20.55,20.9,118,0,3,0,0,0.0,0.0,0.0
2026-05-21,6756,威鋒電子,98.0,101.5,98.0,101.5,451,183,77,0,-2,3.26,96.73,100.0
2026-05-21,6757,台灣虎航-創,52.9,54.4,52.9,54.2,1212,208,353,0,-1,1.61,48.37,49.99
2026-05-21,6757,台灣虎航,52.9,54.4,52.9,54.2,1212,208,353,0,-1,1.61,48.37,49.99
2026-05-21,6758,冠亞,31.77,32.5,31.15,32.5,9,0,0,0,0,0.0,0.0,0.0
2026-05-21,6761,穩得,185.5,198.0,184.5,195.5,878,291,-3,0,26,2.94,97.05,100.0
2026-05-21,6762,達亞,194.0,194.0,188.0,188.0,4,0,-1,0,0,5.86,94.13,100.0
2026-05-21,6763,綠界科技,44.75,45.6,44.7,45.6,336,15,168,-12,0,3.59,96.4,100.0
2026-05-21,6763,綠界科技*,44.75,45.6,44.7,45.6,336,15,168,-12,0,3.59,96.4,100.0
2026-05-21,6767,台微醫,26.95,27.0,26.2,27.0,21,0,-1,0,0,0.22,99.77,100.0
2026-05-21,6768,志強-KY,84.5,86.0,84.4,85.2,389,119,-20,-1,-3,58.09,41.9,100.0
2026-05-21,6770,力積電,59.3,61.2,58.9,59.1,96108,55341,2337,0,-379,11.27,88.72,100.0
2026-05-21,6771,平和環保-創,42.15,42.15,41.85,41.95,25,0,5,0,-2,0.49,99.5,100.0
2026-05-21,6775,穎台科技,48.57,56.2,48.55,51.9,2403,0,-29,0,0,0.0,0.0,0.0
2026-05-21,6776,展碁國際,57.6,58.9,57.6,58.5,567,85,289,0,-1,1.87,98.12,100.0
2026-05-21,6780,學習王,41.68,42.65,40.55,42.5,17,0,0,0,0,0.0,0.0,0.0
2026-05-21,6781,AES-KY,1125.0,1150.0,1120.0,1140.0,746,336,119,0,34,67.88,32.11,100.0
2026-05-21,6782,視陽,193.0,193.0,190.5,191.0,194,37,-51,-20,4,7.63,92.36,100.0
2026-05-21,6784,天凱科技,27.52,27.85,27.0,27.65,84,0,12,0,0,0.0,0.0,0.0
2026-05-21,6785,昱展新藥,125.0,128.0,125.0,126.0,43,8,21,0,0,8.28,91.71,100.0
2026-05-21,6786,芯測,91.41,98.5,89.7,97.9,455,0,24,0,0,0.0,0.0,0.0
2026-05-21,6787,晶瑞光,33.8,35.7,33.45,35.45,413,0,16,0,0,0.0,0.0,0.0
2026-05-21,6788,華景電,403.0,408.0,403.0,407.5,435,100,-36,0,6,11.11,88.88,100.0
2026-05-21,6789,采鈺,532.0,537.0,522.0,525.0,3171,1160,-543,2,12,3.42,96.57,100.0
2026-05-21,6790,永豐實,39.5,39.65,39.45,39.55,133,5,-43,0,0,1.89,98.1,100.0
2026-05-21,6791,虎門科技,114.5,117.5,110.0,110.0,93,10,22,0,1,11.71,88.28,100.0
2026-05-21,6792,詠業,64.9,67.2,64.3,64.5,213,60,48,0,0,1.67,98.32,100.0
2026-05-21,6793,天力離岸,5.43,5.5,5.0,5.3,278,0,-4,0,0,0.0,0.0,0.0
2026-05-21,6794,向榮生技-創,80.2,80.2,79.1,80.0,32,4,4,0,-1,0.39,99.6,100.0
2026-05-21,6794,向榮生技,80.2,80.2,79.1,80.0,32,4,4,0,-1,0.39,99.6,100.0
2026-05-21,6796,晉弘,61.9,62.9,61.7,62.9,28,6,9,0,2,15.37,84.62,100.0
2026-05-21,6797,圓點奈米,15.07,15.7,15.0,15.7,17,0,0,0,0,0.0,0.0,0.0
2026-05-21,6798,展逸,50.3,50.0,49.85,50.0,1,0,0,0,0,0.0,0.0,0.0
2026-05-21,6799,來頡,96.0,98.0,95.0,96.5,557,207,119,0,0,9.99,90.0,100.0
2026-05-21,6803,崑鼎,288.0,288.0,286.5,288.0,84,3,-7,0,18,3.27,96.72,100.0
2026-05-21,6804,明係,15.4,15.85,15.4,15.4,49,12,3,0,0,4.2,95.79,100.0
2026-05-21,6805,富世達,1770.0,1810.0,1755.0,1810.0,759,357,5,99,13,16.99,83.0,100.0
2026-05-21,6806,森崴能源,10.3,10.3,10.3,10.3,190,0,41,0,0,2.61,97.38,100.0
2026-05-21,6807,峰源-KY,33.15,33.35,32.8,33.35,5,1,-3,0,0,43.52,56.47,100.0
2026-05-21,6808,三鼎生技,31.44,32.6,30.45,30.9,111,0,-15,0,0,0.0,0.0,0.0
2026-05-21,6810,新穎生醫,29.24,30.75,29.1,30.4,394,0,27,0,0,0.0,0.0,0.0
2026-05-21,6811,宏碁資訊,207.0,209.0,207.0,209.0,50,0,12,0,0,1.94,98.05,100.0
2026-05-21,6812,梭特,75.1,75.3,73.7,74.5,104,0,0,0,0,0.0,0.0,0.0
2026-05-21,6814,路迦生醫,25.0,25.0,24.0,25.0,8,0,0,0,0,0.0,0.0,0.0
2026-05-21,6815,晶鑽生醫,27.32,33.7,27.5,33.7,120,0,9,0,0,0.0,0.0,0.0
2026-05-21,6816,捷智商訊,39.35,37.45,37.45,37.45,0,0,0,0,0,0.0,0.0,0.0
2026-05-21,6817,溫士頓,61.33,62.5,61.2,61.7,16,0,0,0,0,0.0,0.0,0.0
2026-05-21,6818,連騰,60.57,61.2,58.0,60.0,151,0,0,0,0,0.0,0.0,0.0
2026-05-21,6819,眾智,59.88,61.4,55.1,58.6,357,0,-2,0,0,0.0,0.0,0.0
2026-05-21,6820,連訊,246.62,294.0,247.0,271.0,150,0,15,0,0,0.0,0.0,0.0
2026-05-21,6821,聯寶,53.7,57.2,53.0,57.2,1277,198,206,0,-18,1.25,98.74,100.0
2026-05-21,6823,濾能,78.6,80.6,78.6,78.7,274,65,-53,0,0,25.25,74.74,100.0
2026-05-21,6825,和暢科技,43.18,42.35,42.35,42.35,3,0,0,0,0,0.0,0.0,0.0
2026-05-21,6826,和淞,530.66,577.0,530.0,569.0,331,0,27,0,0,0.0,0.0,0.0
2026-05-21,6827,巨生醫,13.47,13.5,12.15,12.8,564,0,-16,0,0,0.0,0.0,0.0
2026-05-21,6829,千附精密,189.0,193.0,184.0,192.5,228,0,-28,0,1,2.61,97.38,100.0
2026-05-21,6830,汎銓,713.0,721.0,678.0,693.0,1752,955,-23,0,-59,5.62,94.37,100.0
2026-05-21,6831,邁科,729.0,792.0,727.0,781.0,869,0,2,158,3,14.76,85.23,100.0
2026-05-21,6832,金鼎科,104.58,109.5,103.5,105.0,116,0,0,0,0,0.0,0.0,0.0
2026-05-21,6833,太康精密,26.64,27.6,26.4,27.55,41,0,0,0,0,0.0,0.0,0.0
2026-05-21,6834,天二科技,66.6,66.6,66.6,66.6,1091,0,-139,0,25,14.12,85.87,100.0
2026-05-21,6835,圓裕,38.0,39.3,37.6,39.2,1067,764,120,0,0,6.43,93.56,100.0
2026-05-21,6838,台新藥,25.9,26.15,25.85,26.05,86,0,-6,0,0,1.33,98.66,100.0
2026-05-21,6839,開陽能源,11.88,12.2,11.85,11.9,170,0,13,0,0,0.0,0.0,0.0
2026-05-21,6840,東研信超,64.3,64.3,63.3,63.4,96,14,-35,0,0,2.83,97.16,100.0
2026-05-21,6841,長佳智能,59.3,60.4,59.0,60.2,223,38,67,0,0,2.84,97.15,100.0
2026-05-21,6842,瑞宇,101.31,116.5,107.0,110.5,453,0,-3,0,0,0.0,0.0,0.0
2026-05-21,6843,進典,42.55,42.8,42.55,42.8,6,0,0,0,0,0.21,99.78,100.0
2026-05-21,6844,諾貝兒,66.4,66.8,66.0,66.6,28,0,-3,0,0,0.02,99.97,100.0
2026-05-21,6846,綠茵,69.8,70.0,69.5,70.0,4,0,0,0,0,0.19,99.8,100.0
2026-05-21,6847,普瑞博,62.3,65.3,62.2,65.3,0,0,0,0,0,0.0,0.0,0.0
2026-05-21,6848,拉法醫,19.12,19.5,19.0,19.5,40,0,0,0,0,0.0,0.0,0.0
2026-05-21,6849,奇鼎科技,205.69,211.0,199.0,201.0,403,0,0,0,0,0.0,0.0,0.0
2026-05-21,6850,光鼎生技,35.44,36.5,34.2,35.2,92,0,0,0,0,0.0,0.0,0.0
2026-05-21,6854,錼創科技-KY創,148.5,160.0,148.0,158.5,1239,276,231,0,-1,32.54,67.45,100.0
2026-05-21,6855,數泓科,102.0,103.5,102.0,102.5,16,0,-1,0,0,0.21,99.78,100.0
2026-05-21,6856,鑫傳,51.0,52.9,51.0,52.9,5,0,0,0,0,0.0,49.98,49.99
2026-05-21,6857,宏碁智醫,94.1,95.8,94.0,94.0,0,0,0,0,0,0.0,0.0,0.0
2026-05-21,6858,愛比科技,23.92,24.15,23.8,24.15,20,0,0,0,0,0.0,0.0,0.0
2026-05-21,6859,伯特光,118.0,119.5,117.5,119.0,161,40,57,0,0,15.69,84.3,100.0
2026-05-21,6861,睿生光電,420.0,435.0,420.0,427.5,611,0,56,0,36,2.15,97.84,100.0
2026-05-21,6862,三集瑞-KY,170.0,182.5,169.0,182.5,1106,163,183,0,47,65.44,34.55,100.0
2026-05-21,6863,永道-KY,110.5,111.5,108.5,111.5,69,13,4,0,0,69.56,30.43,100.0
2026-05-21,6864,元樟生技,54.22,55.2,53.6,54.8,46,0,0,0,0,0.0,0.0,0.0
2026-05-21,6865,偉康科技,27.5,28.3,27.0,27.65,59,4,5,0,0,0.25,99.74,100.0
2026-05-21,6867,坦德科技,21.85,22.1,21.25,21.9,18,0,0,0,0,0.0,0.0,0.0
2026-05-21,6868,采威國際,27.79,28.4,28.35,28.4,6,0,0,0,0,0.0,0.0,0.0
2026-05-21,6869,雲豹能源-創,81.0,82.8,80.9,81.6,874,139,472,0,14,2.42,97.57,100.0
2026-05-21,6869,雲豹能源,81.0,82.8,80.9,81.6,874,139,472,0,14,2.42,97.57,100.0
2026-05-21,6870,騰雲,217.0,224.0,213.0,224.0,255,27,11,0,7,1.1,98.89,100.0
2026-05-21,6872,浩宇生醫,18.3,18.5,18.2,18.45,33,0,4,0,0,0.34,99.65,100.0
2026-05-21,6873,泓德能源-創,85.0,89.0,84.5,88.0,528,116,149,0,0,8.04,91.95,100.0
2026-05-21,6873,泓德能源,85.0,89.0,84.5,88.0,528,116,149,0,0,8.04,91.95,100.0
2026-05-21,6874,倍力,80.3,80.5,79.0,79.8,37,13,-12,0,0,0.84,99.15,100.0
2026-05-21,6875,國邑*,38.2,39.0,37.35,38.1,91,0,-2,0,0,1.83,98.16,100.0
2026-05-21,6876,朗齊生醫*,19.57,20.0,19.55,19.85,69,0,0,0,0,0.0,0.0,0.0
2026-05-21,6877,鏵友益,150.0,157.5,149.0,152.0,376,123,-128,0,0,4.62,95.37,100.0
2026-05-21,6878,歐付寶,10.07,10.2,10.15,10.15,6,0,0,0,0,0.0,0.0,0.0
2026-05-21,6879,大江基因,35.65,36.0,35.4,36.0,12,0,0,0,0,0.0,0.0,0.0
2026-05-21,6881,潤德,270.5,272.0,270.5,272.0,14,0,-1,0,0,0.1,99.89,100.0
2026-05-21,6882,甲尚,19.72,21.1,19.6,21.1,217,0,1,0,0,0.0,0.0,0.0
2026-05-21,6883,微電能源,16.62,17.75,16.45,17.75,62,0,0,0,0,0.0,0.0,0.0
2026-05-21,6884,海柏特,33.15,33.4,33.0,33.35,23,0,0,0,0,5.55,94.44,100.0
2026-05-21,6885,全福生技,22.25,22.75,22.2,22.45,287,57,92,0,-14,3.17,96.82,100.0
2026-05-21,6886,遠東生技,46.46,48.4,46.4,48.4,0,0,0,0,0,0.0,0.0,0.0
2026-05-21,6887,寶綠特-KY,34.55,35.0,34.5,34.65,59,10,15,0,1,53.29,46.7,100.0
2026-05-21,6890,來億-KY,169.5,170.0,166.0,166.0,415,156,57,0,-6,87.53,12.46,100.0
2026-05-21,6891,樂迦再生,49.74,50.5,47.5,48.2,702,0,-30,0,0,0.0,0.0,0.0
2026-05-21,6892,台寶生醫,27.66,27.85,27.0,27.65,181,0,-10,0,0,0.0,0.0,0.0
2026-05-21,6894,衛司特,345.5,361.5,342.0,354.5,235,40,109,0,2,2.65,97.34,100.0
2026-05-21,6895,宏碩系統,155.0,155.5,151.5,152.0,43,5,-15,0,0,4.5,95.49,100.0
2026-05-21,6898,程曦資訊,101.54,102.5,101.0,102.5,18,0,0,0,0,0.0,0.0,0.0
2026-05-21,6899,創為精密,60.6,63.2,57.5,60.9,368,140,-8,0,0,5.16,94.83,100.0
2026-05-21,6901,鑽石投資,13.7,14.5,13.7,14.1,2501,540,627,0,6,0.53,99.46,100.0
2026-05-21,6902,GOGOLOOK-創,129.5,133.5,127.5,130.5,420,201,24,0,3,3.48,96.51,100.0
2026-05-21,6902,GOGOLOOK,129.5,133.5,127.5,130.5,420,201,24,0,3,3.48,96.51,100.0
2026-05-21,6903,巨漢,376.0,387.0,376.0,385.5,537,179,32,0,14,2.16,97.83,100.0
2026-05-21,6904,伯鑫,113.0,115.0,113.0,115.0,3,0,0,0,0,0.07,99.92,100.0
2026-05-21,6906,現觀科,76.7,76.7,76.7,76.7,630,294,-100,0,-146,7.4,92.59,100.0
2026-05-21,6907,雅特力-KY,113.0,119.5,112.5,114.0,614,251,42,0,1,52.04,47.95,100.0
2026-05-21,6908,宏碁遊戲-創,38.6,38.6,38.3,38.5,3,0,0,0,0,0.55,99.44,100.0
2026-05-21,6909,創控,52.5,54.3,51.4,53.2,798,258,5,0,3,8.47,91.52,100.0
2026-05-21,6910,德鴻,28.6,28.6,27.45,28.0,45,0,-10,0,-1,4.81,95.18,100.0
2026-05-21,6911,群運,31.96,32.45,31.8,31.8,3,0,0,0,0,0.0,0.0,0.0
2026-05-21,6912,益鈞環科*,15.55,16.1,15.4,16.0,88,0,0,0,0,0.0,0.0,0.0
2026-05-21,6913,鴻呈,132.0,138.5,131.0,137.0,725,191,229,26,10,2.16,97.83,100.0
2026-05-21,6914,阜爾運通,144.0,144.0,143.0,143.5,36,4,-8,0,0,2.24,97.75,100.0
2026-05-21,6915,美強光,58.77,75.2,59.8,75.2,258,0,36,0,0,0.0,0.0,0.0
2026-05-21,6916,華凌,16.9,17.5,16.9,17.4,19,1,2,0,-2,0.51,99.48,100.0
2026-05-21,6917,竟天,35.79,35.75,34.85,35.0,152,0,0,0,0,0.0,0.0,0.0
2026-05-21,6918,愛派司,74.2,75.2,74.0,75.2,27,1,8,0,0,0.82,99.17,100.0
2026-05-21,6919,康霈*,100.0,105.5,99.5,101.5,6216,2492,-11,-4,-14,12.69,87.3,100.0
2026-05-21,6920,恆勁科技,97.32,99.8,95.5,97.9,1454,0,30,0,0,0.0,0.0,0.0
2026-05-21,6921,嘉雨思-創,76.3,76.5,76.0,76.2,20,0,-3,0,-3,29.76,70.23,100.0
2026-05-21,6922,宸曜,185.0,189.0,182.0,182.0,166,28,34,0,-4,1.5,98.49,100.0
2026-05-21,6923,中台,76.2,78.9,75.9,78.6,218,85,-2,0,-1,1.28,98.71,100.0
2026-05-21,6924,榮惠-KY創,166.0,167.0,159.5,164.0,90,0,8,0,0,76.93,23.06,100.0
2026-05-21,6925,意藍,60.0,60.5,59.7,59.7,31,2,-2,0,0,4.0,95.99,100.0
2026-05-21,6926,聖安生醫,63.11,65.0,62.1,64.0,11,0,0,0,0,0.0,0.0,0.0
2026-05-21,6927,聯合聚晶,62.3,64.0,60.8,62.2,67,0,-2,0,0,0.0,0.0,0.0
2026-05-21,6928,攸泰科技,46.2,47.0,46.2,46.5,63,15,17,0,0,0.49,99.5,100.0
2026-05-21,6929,佑全,23.15,23.2,22.7,23.0,17,0,1,0,0,0.0,99.99,100.0
2026-05-21,6931,青松健康,40.6,42.3,40.1,41.15,176,72,50,0,1,0.57,99.42,100.0
2026-05-21,6932,水星生醫*,6.92,7.03,6.8,6.99,232,0,0,0,0,0.0,0.0,0.0
2026-05-21,6933,AMAX-KY,159.0,163.0,159.0,160.0,165,49,22,0,0,28.14,71.85,100.0
2026-05-21,6934,心誠鎂,76.8,77.0,75.6,76.0,67,0,5,0,1,12.34,87.65,100.0
2026-05-21,6935,王子製藥,30.09,30.0,28.8,29.9,18,0,0,0,0,0.0,0.0,0.0
2026-05-21,6936,永鴻生技,33.85,34.25,33.6,34.0,39,1,-3,0,0,0.5,99.49,100.0
2026-05-21,6937,天虹,287.0,294.5,287.0,294.5,457,140,113,0,23,2.34,97.65,100.0
2026-05-21,6938,藍新資訊,92.27,94.7,89.5,91.6,23,0,0,0,0,0.0,0.0,0.0
2026-05-21,6939,啟弘生技,22.74,0.0,0.0,0.0,0,0,0,0,0,0.0,0.0,0.0
2026-05-21,6940,格斯科技*,22.38,23.1,22.2,22.3,983,0,3,0,0,0.0,0.0,0.0
2026-05-21,6944,兆聯實業,906.0,934.0,903.0,919.0,671,189,220,-1,33,13.12,86.87,100.0
2026-05-21,6945,圓祥生技,156.49,157.5,148.0,149.5,753,0,0,0,0,0.0,0.0,0.0
2026-05-21,6946,三地能源,11.6,11.6,10.65,11.6,115,0,0,0,0,0.0,0.0,0.0
2026-05-21,6947,台鎔科技,76.68,81.9,76.9,79.6,346,0,-2,0,0,0.0,0.0,0.0
2026-05-21,6949,沛爾生醫-創,702.0,710.0,674.0,674.0,86,16,-32,0,1,2.13,97.86,100.0
2026-05-21,6951,青新-創,81.2,82.0,81.2,81.6,49,6,-7,0,-2,1.9,98.09,100.0
2026-05-21,6952,大武山,37.95,37.95,36.9,37.0,12,3,-4,0,2,0.34,99.65,100.0
2026-05-21,6953,家碩,253.0,260.0,253.0,255.5,76,14,-25,0,1,1.27,98.72,100.0
2026-05-21,6955,邦睿生技-創,153.0,153.0,151.5,152.0,13,0,-2,0,0,17.7,82.29,100.0
2026-05-21,6957,裕慶-KY,160.0,162.0,160.0,160.0,60,3,18,0,0,6.37,93.62,100.0
2026-05-21,6958,日盛台駿,17.5,17.5,17.1,17.25,31,6,-12,0,10,0.43,99.56,100.0
2026-05-21,6959,兆捷科技,116.81,124.0,115.0,117.5,603,0,0,0,0,0.0,0.0,0.0
2026-05-21,6961,旅天下,58.5,58.8,58.1,58.5,31,0,-3,0,0,0.47,99.52,100.0
2026-05-21,6962,奕力-KY,40.5,41.4,39.55,39.55,16866,5810,-334,12,8,42.33,57.66,100.0
2026-05-21,6963,品元,27.1,27.1,25.8,25.8,1,0,0,0,0,0.0,0.0,0.0
2026-05-21,6965,中傑-KY,75.8,76.8,75.0,76.3,82,23,-2,0,0,77.24,22.75,100.0
2026-05-21,6967,汎瑋材料,72.5,73.5,71.5,72.5,69,12,8,0,0,2.42,97.57,100.0
2026-05-21,6968,萬達寵物,44.2,46.0,44.2,45.0,101,9,12,0,0,1.18,98.81,100.0
2026-05-21,6969,成信實業*-創,28.05,28.3,28.0,28.1,38,0,0,0,4,0.52,99.47,100.0
2026-05-21,6971,惠民實業,27.3,27.9,27.3,27.4,21,0,1,0,0,0.24,99.75,100.0
2026-05-21,6972,博瑞達應材,24.23,24.45,23.35,24.45,3,0,0,0,0,0.0,0.0,0.0
2026-05-21,6973,永立榮,33.9,34.1,33.35,34.0,31,0,0,0,0,0.0,0.0,0.0
2026-05-21,6976,育世博-KY,13.29,13.85,12.8,13.3,1402,0,6,0,0,0.0,0.0,0.0
2026-05-21,6977,聯純,284.98,290.0,280.0,286.5,55,0,0,0,0,0.0,0.0,0.0
2026-05-21,6979,勝釩,243.87,244.5,231.0,231.0,13,0,0,0,0,0.0,0.0,0.0
2026-05-21,6980,鐳洋科技,180.42,187.5,171.0,174.0,224,0,-1,0,0,0.0,0.0,0.0
2026-05-21,6982,大井泵浦,51.5,52.2,51.5,52.0,28,0,10,0,0,1.42,98.57,100.0
2026-05-21,6983,華洋精機,362.35,369.5,343.0,358.0,138,0,0,0,0,0.0,0.0,0.0
2026-05-21,6984,ACpay,14.01,14.3,13.35,13.7,16,0,0,0,0,0.0,0.0,0.0
2026-05-21,6986,和迅,60.18,60.3,59.8,60.0,55,0,1,0,0,0.0,0.0,0.0
2026-05-21,6987,寶晶能源*,19.85,20.05,19.65,19.8,40,0,0,0,0,0.0,0.0,0.0
2026-05-21,6988,威力暘-創,16.95,17.2,16.3,16.7,127,0,1,0,5,3.79,96.2,100.0
2026-05-21,6990,華鉬,126.74,170.0,129.0,170.0,2099,0,-10,0,0,0.0,0.0,0.0
2026-05-21,6994,富威電力,52.9,53.7,52.2,53.4,342,62,121,0,3,1.21,98.78,100.0
2026-05-21,6995,野獸國,48.68,49.05,48.4,49.05,0,0,0,0,0,0.0,0.0,0.0
2026-05-21,6996,力領科技,195.0,204.0,193.0,198.0,521,175,94,0,0,3.05,96.94,100.0
2026-05-21,6997,博弘,70.3,70.3,68.5,68.5,3,0,0,0,0,20.12,79.87,100.0
2026-05-21,6999,瀚醫生技,29.56,0.0,0.0,0.0,0,0,0,0,0,0.0,0.0,0.0
2026-05-21,7402,邑錡,93.8,96.6,93.6,94.8,416,82,182,-118,-3,11.25,88.74,100.0
2026-05-21,7419,達勝,84.59,94.7,79.1,89.5,728,0,4,0,0,0.0,0.0,0.0
2026-05-21,7427,華上生醫,40.04,40.2,38.85,40.0,329,0,-1,0,0,0.0,0.0,0.0
2026-05-21,7443,凡事康,9.18,9.3,9.05,9.3,27,0,0,0,0,0.0,0.0,0.0
2026-05-21,7455,樺緯物聯,62.49,61.5,61.5,61.5,3,0,0,0,0,0.0,0.0,0.0
2026-05-21,7507,環拓科技,24.34,24.8,23.55,23.55,29,0,0,0,0,0.0,0.0,0.0
2026-05-21,7516,清淨海,8.87,9.4,8.6,9.36,121,0,0,0,0,0.0,0.0,0.0
2026-05-21,7530,鋒魁科技,39.17,40.45,38.75,39.05,295,0,0,0,0,0.0,0.0,0.0
2026-05-21,7547,碩網,70.9,71.1,67.8,68.3,93,18,-12,0,0,24.4,75.59,100.0
2026-05-21,7551,知識科技,13.58,14.25,13.2,14.0,73,0,0,0,0,0.0,0.0,0.0
2026-05-21,7556,意德士,255.5,273.5,255.0,269.0,272,93,-9,0,0,3.42,96.57,100.0
2026-05-21,7558,群利科技,21.12,21.3,21.0,21.0,33,0,-1,0,0,0.0,0.0,0.0
2026-05-21,7561,光晟生技,19.8,19.8,19.0,19.0,6,0,0,0,0,0.0,0.0,0.0
2026-05-21,7562,博來科技,50.02,50.5,50.2,50.5,8,0,2,0,0,0.0,0.0,0.0
2026-05-21,7566,亞果遊艇,13.08,13.2,12.95,13.15,98,0,0,0,0,0.0,0.0,0.0
2026-05-21,7575,安美得,20.02,20.25,19.8,20.05,44,0,0,0,0,0.0,0.0,0.0
2026-05-21,7578,利百景,30.54,32.6,31.0,32.1,138,0,16,0,0,0.0,0.0,0.0
2026-05-21,7583,國際海洋,54.29,54.0,48.7,51.0,28,0,0,0,0,0.0,0.0,0.0
2026-05-21,7584,樂意,27.0,27.65,26.95,27.55,27,7,-5,0,0,19.59,80.4,100.0
2026-05-21,7590,怡和國際,22.99,25.05,22.9,23.75,280,0,0,0,0,0.0,0.0,0.0
2026-05-21,7595,世基生醫,9.1,9.51,8.93,9.2,59,0,-1,0,0,0.0,0.0,0.0
2026-05-21,7607,通用幹細胞*,13.4,13.0,13.0,13.0,5,0,0,0,0,0.0,0.0,0.0
2026-05-21,7610,聯友金屬-創,1170.0,1230.0,1155.0,1230.0,960,307,-108,0,6,15.02,84.97,100.0
2026-05-21,7631,聚賢研發-創,122.5,127.0,122.0,127.0,13,0,2,0,-4,0.59,99.4,100.0
2026-05-21,7642,昶瑞機電,67.3,69.7,67.2,69.7,22,3,-3,0,0,0.38,99.61,100.0
2026-05-21,7669,碩正科技,753.65,785.0,751.0,760.0,97,0,0,0,0,0.0,0.0,0.0
2026-05-21,7689,大鵬科CLMX,245.32,253.0,238.0,249.5,46,0,0,0,0,0.0,0.0,0.0
2026-05-21,7702,前端風電,19.78,20.7,19.7,20.25,17,0,0,0,0,0.0,0.0,0.0
2026-05-21,7703,銳澤,210.0,210.0,206.5,208.5,170,13,90,0,0,1.96,98.03,100.0
2026-05-21,7704,明遠精密,62.5,64.2,61.8,62.8,137,28,1,0,0,0.79,99.2,100.0
2026-05-21,7705,三商餐飲,31.0,32.05,30.7,31.3,124,25,-3,0,0,1.47,98.52,100.0
2026-05-21,7706,宏碁創達,40.0,0.0,0.0,0.0,0,0,0,0,0,0.0,0.0,0.0
2026-05-21,7707,益芯科,153.43,165.5,153.0,162.5,129,0,0,0,0,0.0,0.0,0.0
2026-05-21,7708,全家餐飲,92.1,92.1,92.0,92.0,7,0,-1,0,0,0.4,99.59,100.0
2026-05-21,7709,榮田,97.8,97.9,92.8,92.9,1974,1240,-33,0,6,1.62,98.37,100.0
2026-05-21,7710,東擎科技,253.64,255.0,250.0,251.0,3,0,0,0,0,0.0,0.0,0.0
2026-05-21,7711,永擎,366.0,381.0,362.5,375.0,766,319,-84,0,-3,1.25,98.74,100.0
2026-05-21,7712,博盛半導體,175.5,175.5,165.5,165.5,2335,1035,-95,0,22,2.69,97.3,100.0
2026-05-21,7713,威力德生醫,67.2,67.5,67.1,67.5,10,0,1,0,0,0.1,99.89,100.0
2026-05-21,7714,創泓科技,125.5,125.5,123.5,125.0,24,1,0,0,0,1.11,98.88,100.0
2026-05-21,7715,裕山,29.45,29.8,29.45,29.6,104,3,-12,0,0,0.88,99.11,100.0
2026-05-21,7716,昱臺國際,25.0,25.0,25.0,25.0,1,0,0,0,0,0.02,99.97,100.0
2026-05-21,7717,萊德光電-KY,696.0,700.0,675.0,687.0,272,91,-25,0,-5,16.66,83.33,100.0
2026-05-21,7718,友鋮,49.0,50.5,49.0,50.0,89,56,17,0,0,0.78,99.21,100.0
2026-05-21,7719,碳基,40.38,41.6,38.95,41.1,289,0,20,0,0,0.0,0.0,0.0
2026-05-21,7721,微程式,72.6,74.5,72.4,72.8,191,55,-7,0,-3,1.42,98.57,100.0
2026-05-21,7722,LINEPAY,258.0,262.0,256.0,259.0,89,14,40,0,0,59.59,40.4,100.0
2026-05-21,7723,築間,24.9,25.1,24.75,24.85,95,6,-4,0,0,0.38,99.61,100.0
2026-05-21,7724,諾亞克,23.6,0.0,0.0,0.0,0,0,0,0,0,0.0,0.0,0.0
2026-05-21,7725,列特博,21.42,22.2,21.5,21.5,14,0,0,0,0,0.0,0.0,0.0
2026-05-21,7726,暄達,33.85,33.85,33.85,33.85,0,0,0,0,0,0.0,0.0,0.0
2026-05-21,7728,光焱科技,712.0,720.0,705.0,718.0,58,12,-14,0,-1,1.71,98.28,100.0
2026-05-21,7729,仲恩生醫,74.54,75.0,72.5,73.9,259,0,1,0,0,0.0,0.0,0.0
2026-05-21,7730,暉盛-創,231.5,231.5,211.5,222.5,266,101,13,0,-30,2.26,97.73,100.0
2026-05-21,7731,火星生技*,5.96,6.2,5.88,5.9,1096,0,1,0,0,0.0,0.0,0.0
2026-05-21,7732,金興精密,34.55,35.0,34.5,35.0,10,1,-1,0,0,0.27,99.72,100.0
2026-05-21,7734,印能科技,3565.0,3660.0,3430.0,3455.0,237,90,-69,0,0,3.91,96.08,100.0
2026-05-21,7736,虎山,72.0,72.0,71.5,71.9,14,2,4,0,0,1.12,98.87,100.0
2026-05-21,7737,凱鈿,44.7,45.75,44.0,45.0,32,0,0,0,0,0.0,0.0,0.0
2026-05-21,7738,東聯互動,167.0,167.0,165.0,165.5,47,6,-4,0,0,0.31,99.68,100.0
2026-05-21,7740,熙特爾-創,176.0,176.0,171.5,176.0,739,316,17,0,-3,4.75,95.24,100.0
2026-05-21,7742,天弘化,151.75,166.0,152.0,165.5,714,0,-1,0,0,0.0,0.0,0.0
2026-05-21,7743,金利食安,19.4,19.4,19.3,19.3,18,0,0,0,0,2.88,97.11,100.0
2026-05-21,7744,崴寶,507.0,516.0,496.5,504.0,135,28,16,0,1,27.95,72.04,100.0
2026-05-21,7745,紅陽,17.54,17.4,17.2,17.3,10,0,0,0,0,0.0,0.0,0.0
2026-05-21,7747,昕奇雲端,128.0,128.0,123.0,127.5,9,0,2,0,0,0.74,99.25,100.0
2026-05-21,7748,鑫囍創業,21.15,22.6,21.5,21.5,15,0,0,0,0,0.0,0.0,0.0
2026-05-21,7749,意騰-KY,487.0,514.0,487.0,512.0,752,179,167,8,26,22.85,77.14,100.0
2026-05-21,7750,新代,2570.0,2570.0,2405.0,2405.0,709,286,-257,0,5,17.13,82.86,100.0
2026-05-21,7751,竑騰,1630.0,1650.0,1600.0,1650.0,134,0,7,-3,-2,4.22,95.77,100.0
2026-05-21,7752,世紀樺欣,30.31,30.9,30.0,30.7,41,0,0,0,0,0.0,0.0,0.0
2026-05-21,7753,星亞,41.6,41.9,41.0,41.3,26,2,8,0,0,0.22,99.77,100.0
2026-05-21,7754,安基生技,59.91,60.0,59.0,59.3,82,0,-1,0,0,0.0,0.0,0.0
2026-05-21,7756,多那之,42.53,43.35,42.5,43.35,20,0,0,0,0,0.0,0.0,0.0
2026-05-21,7757,金色三麥,105.0,106.5,104.0,104.5,17,3,1,0,0,19.48,80.51,100.0
2026-05-21,7758,睿騰能源,48.5,50.8,47.0,49.5,90,0,0,0,0,0.0,0.0,0.0
2026-05-21,7759,視航生醫,36.89,37.0,36.2,37.0,14,0,0,0,0,0.0,0.0,0.0
2026-05-21,7760,享溫馨,33.15,33.85,33.15,33.45,132,0,-2,0,-80,0.06,99.93,100.0
2026-05-21,7761,三大未來,39.97,40.65,39.2,40.65,112,0,0,0,0,0.0,0.0,0.0
2026-05-21,7762,吉晟生,55.6,57.7,55.4,57.7,94,0,2,0,0,0.0,0.0,0.0
2026-05-21,7763,崇舜,191.52,220.5,192.0,220.5,203,0,0,0,0,0.0,0.0,0.0
2026-05-21,7764,聖州,13.22,13.5,13.0,13.25,137,0,0,0,0,0.0,0.0,0.0
2026-05-21,7765,中華資安,249.5,252.5,245.0,250.0,112,14,33,0,-3,0.69,99.3,100.0
2026-05-21,7767,仁大資訊,43.5,43.9,43.5,43.6,14,0,0,0,0,0.11,99.88,100.0
2026-05-21,7768,頌勝科技,377.0,377.0,360.5,374.0,185,0,-29,0,0,0.7,99.29,100.0
2026-05-21,7769,鴻勁,7325.0,7675.0,7325.0,7675.0,339,0,46,35,0,20.09,79.9,100.0
2026-05-21,7770,君曜,40.25,43.0,40.25,42.0,21,0,0,0,-4,0.22,99.77,100.0
2026-05-21,7771,綠基,55.71,58.0,55.5,58.0,16,0,0,0,0,0.0,0.0,0.0
2026-05-21,7772,耀穎,151.0,156.5,150.0,150.5,220,0,2,0,0,0.82,99.17,100.0
2026-05-21,7773,富禾生醫,30.01,31.1,29.0,30.2,105,0,0,0,0,0.0,0.0,0.0
2026-05-21,7776,奧孟亞,26.81,27.3,26.4,27.1,7,0,0,0,0,0.0,0.0,0.0
2026-05-21,7777,能率亞洲,33.2,34.35,32.75,32.85,1678,390,58,0,-12,0.34,99.65,100.0
2026-05-21,7779,鍇睿國際,13.5,13.05,12.9,13.05,9,0,0,0,0,0.0,0.0,0.0
2026-05-21,7780,大研生醫*,18.5,18.65,18.4,18.5,1053,90,-138,0,6,0.5,99.49,100.0
2026-05-21,7781,昕力資*,29.46,30.1,28.9,29.4,2525,0,0,0,0,0.0,0.0,0.0
2026-05-21,7782,光速火箭,26.65,27.0,26.65,26.75,7,0,-2,0,0,0.31,99.68,100.0
2026-05-21,7783,佳運,100.8,100.5,96.2,98.9,12,0,0,0,0,0.0,0.0,0.0
2026-05-21,7784,安邦生技*,9.67,11.0,9.5,10.25,865,0,0,0,0,0.0,0.0,0.0
2026-05-21,7785,北祥科服,35.02,34.1,34.1,34.1,4,0,0,0,0,0.0,0.0,0.0
2026-05-21,7786,東方風能,115.0,117.5,115.0,117.0,196,0,90,0,0,1.4,98.59,100.0
2026-05-21,7788,松川精密,190.5,193.5,183.0,185.0,1276,487,-152,0,0,7.43,92.56,100.0
2026-05-21,7789,開展,33.6,35.15,33.45,33.45,2,0,0,0,0,0.0,0.0,0.0
2026-05-21,7790,思必瑞特,57.26,59.0,56.2,59.0,5,0,0,0,0,0.0,0.0,0.0
2026-05-21,7791,皇家可口,62.9,63.8,62.9,63.3,62,1,28,0,0,0.58,99.41,100.0
2026-05-21,7792,安葆,274.5,274.5,264.0,267.0,180,49,-16,0,1,18.04,81.95,100.0
2026-05-21,7794,宏碁智新,28.8,28.85,28.8,28.85,40,0,0,0,-8,1.35,98.64,100.0
2026-05-21,7795,長廣,349.5,379.5,349.0,379.5,632,0,295,0,0,6.85,93.14,100.0
2026-05-21,7796,擷發科,99.28,106.5,99.5,101.0,156,0,-1,0,0,0.0,0.0,0.0
2026-05-21,7797,Q Burger,58.1,58.8,58.0,58.8,0,0,0,0,0,0.0,0.0,0.0
2026-05-21,7798,將捷,16.1,16.1,15.75,16.05,28,0,0,0,0,0.0,0.0,0.0
2026-05-21,7799,禾榮科,310.0,320.0,308.0,317.0,186,49,10,0,0,3.87,96.12,100.0
2026-05-21,7801,華芸科技,142.65,144.0,142.5,143.0,41,0,0,0,0,0.0,0.0,0.0
2026-05-21,7803,雲象科技-創,22.2,23.45,22.05,22.8,448,0,8,0,0,2.46,97.53,100.0
2026-05-21,7805,威聯通,713.0,728.0,713.0,718.0,139,38,61,0,5,9.63,90.36,100.0
2026-05-21,7806,精華生醫,65.61,68.8,66.0,68.8,1,0,0,0,0,0.0,0.0,0.0
2026-05-21,7808,訊聯智藥,39.17,39.15,38.65,39.15,77,0,0,0,0,0.0,0.0,0.0
2026-05-21,7810,捷創科技,229.5,233.0,225.5,226.0,168,31,-17,0,-36,0.43,99.56,100.0
2026-05-21,7811,民盛,77.5,78.0,77.5,77.7,9,0,-2,0,0,0.32,99.67,100.0
2026-05-21,7812,稜研科技*,79.99,83.4,79.3,80.6,123,0,0,0,0,0.0,0.0,0.0
2026-05-21,7813,宇辰系統,136.51,145.5,137.0,140.0,43,0,0,0,0,0.0,0.0,0.0
2026-05-21,7814,海昌生技,42.58,42.9,42.0,42.2,18,0,0,0,0,0.0,0.0,0.0
2026-05-21,7815,新特,447.03,462.0,438.5,447.5,117,0,0,0,0,0.0,0.0,0.0
2026-05-21,7816,來穎,66.3,67.2,65.6,66.8,31,0,0,0,0,0.0,0.0,0.0
2026-05-21,7818,溢泰實業,68.0,68.1,65.9,66.9,701,0,-13,0,0,0.03,99.96,100.0
2026-05-21,7819,精誠金融,57.73,60.0,56.0,57.0,84,0,0,0,0,0.0,0.0,0.0
2026-05-21,7820,立盈,134.5,135.0,134.0,135.0,30,0,3,0,0,0.05,99.94,100.0
2026-05-21,7821,神數,43.6,44.2,43.45,43.9,191,0,46,0,0,0.41,99.58,100.0
2026-05-21,7822,倍利科,1065.0,1090.0,1050.0,1055.0,182,0,-43,0,0,1.1,98.89,100.0
2026-05-21,7823,奧義賽博-KY創,107.5,111.0,106.5,109.0,84,0,-22,0,-2,25.95,74.04,100.0
2026-05-21,7824,智寶,46.5,47.0,45.0,45.0,3,0,0,0,0,0.0,0.0,0.0
2026-05-21,7825,和亞智慧,99.94,124.0,99.7,122.5,444,0,0,0,0,0.0,0.0,0.0
2026-05-21,7826,極風雲創,45.85,45.25,43.65,45.25,2,0,0,0,0,0.0,0.0,0.0
2026-05-21,7827,漢康-KY創,130.61,135.0,130.5,134.5,164,0,0,0,0,0.0,0.0,0.0
2026-05-21,7828,創新服務,1075.0,1095.0,1050.0,1060.0,265,0,-78,15,2,21.76,78.23,100.0
2026-05-21,7829,思捷優達-KY,39.84,41.6,39.85,39.85,44,0,0,0,0,0.0,0.0,0.0
2026-05-21,7831,捷博,37.1,0.0,0.0,0.0,0,0,0,0,0,0.0,0.0,0.0
2026-05-21,7832,智新生技*,12.15,12.35,11.9,12.35,1105,0,0,0,0,0.0,0.0,0.0
2026-05-21,7833,綠岩能源,28.87,29.8,28.4,29.45,37,0,0,0,0,0.0,0.0,0.0
2026-05-21,7834,來毅數位,20.03,20.1,19.1,19.1,2,0,0,0,0,0.0,0.0,0.0
2026-05-21,7836,智生活,54.13,55.0,53.6,55.0,22,0,0,0,0,0.0,0.0,0.0
2026-05-21,7837,啟新生,102.2,0.0,0.0,0.0,0,0,0,0,0,0.0,0.0,0.0
2026-05-21,7839,達人網,60.5,60.5,60.5,60.5,0,0,0,0,0,0.0,0.0,0.0
2026-05-21,7840,祥圃,38.0,38.0,36.5,36.5,0,0,0,0,0,0.0,0.0,0.0
2026-05-21,7841,經貿聯網,28.93,29.2,28.4,28.6,31,0,0,0,0,0.0,0.0,0.0
2026-05-21,7842,天能綠電,103.5,103.5,100.5,102.0,47,0,6,0,0,0.45,99.54,100.0
2026-05-21,7843,英柏得,128.76,136.5,128.5,131.0,138,0,0,0,0,0.0,0.0,0.0
2026-05-21,7846,德揚,82.18,84.8,80.9,84.0,55,0,0,0,0,0.0,0.0,0.0
2026-05-21,7847,豊漁,22.18,23.0,22.1,23.0,4,0,0,0,0,0.0,0.0,0.0
2026-05-21,7848,騏億鑫,438.58,443.0,435.5,440.0,58,0,0,0,0,0.0,0.0,0.0
2026-05-21,7849,旭誼,136.41,160.0,141.0,155.0,28,0,0,0,0,0.0,0.0,0.0
2026-05-21,7850,寶泰生醫,18.41,18.55,18.0,18.5,87,0,0,0,0,0.0,0.0,0.0
2026-05-21,7851,慧康生技*-KY,39.61,43.6,40.0,41.55,116,0,0,0,0,0.0,0.0,0.0
2026-05-21,7853,政美應用,341.13,350.5,334.0,345.5,402,0,0,0,0,0.0,0.0,0.0
2026-05-21,7854,佐茂,86.33,93.5,85.0,93.0,77,0,0,0,0,0.0,0.0,0.0
2026-05-21,7855,和運租車,99.47,103.0,99.5,99.8,3,0,0,0,0,0.0,0.0,0.0
2026-05-21,7856,漢測,3060.47,3275.0,3010.0,3185.0,122,0,7,0,0,0.0,0.0,0.0
2026-05-21,7857,合水先進,48.99,50.9,48.45,50.9,36,0,0,0,0,0.0,0.0,0.0
2026-05-21,7858,芝普,203.45,213.5,201.0,213.5,149,0,0,0,0,0.0,0.0,0.0
2026-05-21,7860,得生製藥,55.9,55.9,55.9,55.9,1,0,0,0,0,0.0,0.0,0.0
2026-05-21,7861,貝爾威勒,1223.52,1285.0,1195.0,1250.0,229,0,25,0,0,0.0,0.0,0.0
2026-05-21,7862,聚泰,34.9,35.3,35.3,35.3,0,0,0,0,0,0.0,0.0,0.0
2026-05-21,7863,中科物流,52.88,53.3,50.7,53.3,0,0,0,0,0,0.0,0.0,0.0
2026-05-21,7865,金聯成,43.0,46.3,43.75,46.3,38,0,0,0,0,0.0,0.0,0.0
2026-05-21,7866,丹立,229.0,248.0,230.0,246.0,332,0,1,0,0,0.0,0.0,0.0
2026-05-21,7867,特力屋,57.71,58.2,57.1,58.2,35,0,0,0,0,0.0,0.0,0.0
2026-05-21,7868,聖育,100.54,104.5,96.3,102.0,285,0,0,0,0,0.0,0.0,0.0
2026-05-21,7869,宏于電機,392.05,399.5,380.5,380.5,1,0,0,0,0,0.0,0.0,0.0
2026-05-21,7870,聯剛科技,158.42,161.0,155.0,159.0,4,0,0,0,0,0.0,0.0,0.0
2026-05-21,7871,安立璽榮-KY,70.55,71.3,69.7,70.0,355,0,0,0,0,0.0,0.0,0.0
2026-05-21,7872,登豐,55.7,60.9,56.8,59.9,63,0,0,0,0,0.0,0.0,0.0
2026-05-21,7875,安圖斯,126.87,130.5,124.0,126.0,22,0,0,0,0,0.0,0.0,0.0
2026-05-21,7876,鼎晉生技,35.79,36.25,34.85,36.0,107,0,5,0,0,0.0,0.0,0.0
2026-05-21,7877,海利普,40.65,47.2,41.05,44.15,182,0,0,0,0,0.0,0.0,0.0
2026-05-21,7878,藥祇,287.49,293.0,287.5,290.5,199,0,0,0,0,0.0,0.0,0.0
2026-05-21,7879,益材科技,114.03,119.5,117.0,119.0,467,0,0,0,0,0.0,0.0,0.0
2026-05-21,7880,聖凰,198.94,203.0,197.5,201.0,69,0,0,0,0,0.0,0.0,0.0
2026-05-21,7881,科明,104.17,105.0,101.0,102.5,28,0,0,0,0,0.0,0.0,0.0
2026-05-21,7882,倍利創投,22.64,23.0,22.3,22.4,189,0,0,0,0,0.0,0.0,0.0
2026-05-21,7883,饗賓,286.73,300.0,285.0,300.0,56,0,0,0,0,0.0,0.0,0.0
2026-05-21,7885,宏羚,24.06,24.15,23.05,24.15,0,0,0,0,0,0.0,0.0,0.0
2026-05-21,7886,科建,184.27,196.0,186.0,187.5,42,0,0,0,0,0.0,0.0,0.0
2026-05-21,7887,宇川精材,239.29,261.0,247.5,255.0,685,0,0,0,0,0.0,0.0,0.0
2026-05-21,7888,麗寶新藥,38.12,38.5,38.5,38.5,0,0,0,0,0,0.0,0.0,0.0
2026-05-21,7889,騰勢,86.04,85.8,85.0,85.0,18,0,0,0,0,0.0,0.0,0.0
2026-05-21,7890,明曜科技,114.1,115.5,112.5,114.5,28,0,0,0,0,0.0,0.0,0.0
2026-05-21,7891,博研醫藥,20.85,22.55,20.85,22.4,27,0,0,0,0,0.0,0.0,0.0
2026-05-21,7892,元鈦科,835.22,859.0,824.0,829.0,174,0,0,0,0,0.0,0.0,0.0
2026-05-21,7893,睿信,203.39,208.0,202.0,208.0,31,0,0,0,0,0.0,0.0,0.0
2026-05-21,7895,元進莊,70.05,70.3,70.0,70.0,24,0,0,0,0,0.0,0.0,0.0
2026-05-21,7896,喬越,243.16,254.0,244.5,249.5,9,0,0,0,0,0.0,0.0,0.0
2026-05-21,7897,禾迅綠電,40.16,41.0,39.75,39.75,0,0,0,0,0,0.0,0.0,0.0
2026-05-21,7899,景美,437.25,459.0,431.5,451.0,147,0,0,0,0,0.0,0.0,0.0
2026-05-21,7901,大大寬頻,77.37,78.5,72.3,72.8,29,0,0,0,0,0.0,0.0,0.0
2026-05-21,7902,宇越生醫*,39.33,40.15,38.0,39.95,408,0,0,0,0,0.0,0.0,0.0
2026-05-21,7904,任開數位,25.3,24.1,24.1,24.1,0,0,0,0,0,0.0,0.0,0.0
2026-05-21,7907,錸恩帕斯,279.73,295.0,277.0,290.0,36,0,0,0,0,0.0,0.0,0.0
2026-05-21,7909,鈺祥,672.29,802.0,669.0,767.0,236,0,0,0,0,0.0,0.0,0.0
2026-05-21,7911,阿波羅電力,127.74,128.0,123.0,127.0,106,0,0,0,0,0.0,0.0,0.0
2026-05-21,7912,新聿科,463.52,488.5,453.0,470.0,98,0,0,0,0,0.0,0.0,0.0
2026-05-21,7913,通寶半導體,369.82,440.0,337.5,401.5,224,0,0,0,0,0.0,0.0,0.0
2026-05-21,7915,廌家,702.91,747.0,690.0,746.0,67,0,0,0,0,0.0,0.0,0.0
2026-05-21,7918,創鉅材料,1220.37,1355.0,1160.0,1275.0,248,0,0,0,0,0.0,0.0,0.0
2026-05-21,7919,禾蒼,76.2,84.9,74.7,76.0,315,0,0,0,0,0.0,0.0,0.0
2026-05-21,7920,瀚陽*,7.96,7.26,5.91,6.03,12391,0,0,0,0,0.0,0.0,0.0
2026-05-21,8011,台通,18.0,18.4,18.0,18.05,2477,1467,350,0,0,2.79,97.2,100.0
2026-05-21,8016,矽創,292.5,300.0,287.5,297.5,3070,1135,-247,661,66,36.38,63.61,100.0
2026-05-21,8021,尖點,378.5,389.0,372.5,384.0,10079,5415,-714,-47,27,18.09,81.9,100.0
2026-05-21,8024,佑華,12.45,12.5,12.1,12.35,81,0,1,0,0,1.77,98.22,100.0
2026-05-21,8027,鈦昇,245.5,263.0,238.0,241.5,12024,7164,-908,0,-1,17.83,82.16,100.0
2026-05-21,8028,昇陽半導體,269.0,281.5,263.5,267.5,12476,7082,-136,-38,107,26.17,73.82,100.0
2026-05-21,8032,光菱,41.4,42.25,41.25,42.2,112,17,33,0,0,0.95,99.04,100.0
2026-05-21,8033,雷虎,134.5,137.0,133.0,135.5,2690,825,288,0,-30,4.15,95.84,100.0
2026-05-21,8034,榮群,24.0,24.3,24.0,24.1,277,45,49,0,0,9.27,90.72,100.0
2026-05-21,8038,長園科,40.6,41.2,40.6,40.9,173,0,46,0,0,0.54,99.45,100.0
2026-05-21,8039,台虹,130.0,139.0,129.5,139.0,7976,2305,2118,-93,216,15.35,84.64,100.0
2026-05-21,8040,九暘,99.7,108.5,96.3,108.5,9360,5936,-111,0,-15,5.14,94.85,100.0
2026-05-21,8042,金山電,120.0,128.0,120.0,125.0,1387,0,26,0,22,17.89,82.1,100.0
2026-05-21,8043,蜜望實,118.0,125.5,117.5,125.5,27292,17127,1565,0,398,5.85,94.14,100.0
2026-05-21,8044,網家,28.5,29.9,28.1,28.8,4169,1993,-187,0,-4,5.58,94.41,100.0
2026-05-21,8045,達運光電,71.7,73.3,71.7,72.2,148,17,83,0,0,1.15,98.84,100.0
2026-05-21,8046,南電,885.0,903.0,862.0,872.0,18744,10708,-813,1060,55,11.47,88.52,100.0
2026-05-21,8047,星雲,42.3,45.85,42.3,45.85,189,0,-1,0,0,0.53,99.46,100.0
2026-05-21,8048,德勝,61.0,62.0,61.0,61.0,233,46,32,0,0,14.29,85.7,100.0
2026-05-21,8049,晶采,26.0,26.7,26.0,26.45,412,68,95,0,0,2.58,97.41,100.0
2026-05-21,8050,廣積,51.8,52.0,50.9,51.3,1293,402,-108,0,0,3.52,96.47,100.0
2026-05-21,8054,安國,109.0,111.5,106.5,109.5,3211,1752,-269,0,-14,3.06,96.93,100.0
2026-05-21,8058,耐特,101.71,104.0,99.7,103.0,228,0,0,0,0,0.0,0.0,0.0
2026-05-21,8059,凱碩,18.5,18.8,18.3,18.45,238,0,-9,0,0,0.79,99.2,100.0
2026-05-21,8064,東捷,123.5,130.5,119.5,120.5,19178,9316,-4473,0,18,9.26,90.73,100.0
2026-05-21,8066,來思達,16.45,18.0,16.45,17.35,156,41,-7,0,0,3.06,96.93,100.0
2026-05-21,8067,志旭,13.75,14.95,13.7,14.85,85,0,0,0,0,8.42,91.57,100.0
2026-05-21,8068,全達,20.6,20.85,20.5,20.55,216,57,44,0,0,9.94,90.05,100.0
2026-05-21,8069,元太,232.0,236.0,228.0,230.5,5385,0,93,748,-15,41.36,58.63,100.0
2026-05-21,8070,長華*,43.5,44.75,43.3,44.15,2652,900,398,-61,43,8.98,91.01,100.0
2026-05-21,8071,能率網通,19.7,20.25,19.6,19.9,1244,274,-21,0,0,3.72,96.27,100.0
2026-05-21,8072,陞泰,27.3,28.05,27.3,27.6,227,63,98,0,9,1.96,98.03,100.0
2026-05-21,8074,鉅橡,74.0,75.4,73.6,74.5,1307,489,131,0,3,6.53,93.46,100.0
2026-05-21,8076,伍豐,23.9,24.2,23.8,24.05,938,112,385,0,-16,6.14,93.85,100.0
2026-05-21,8077,洛碁,43.35,44.8,43.35,44.8,10,0,0,0,0,51.12,48.87,100.0
2026-05-21,8080,永利聯合,28.55,28.55,27.35,28.0,25,0,-7,0,0,0.09,99.9,100.0
2026-05-21,8080,泰霖,28.55,28.55,27.35,28.0,25,0,-7,0,0,0.09,99.9,100.0
2026-05-21,8081,致新,276.5,283.0,272.0,274.0,1935,684,-261,-11,-15,20.79,79.2,100.0
2026-05-21,8083,瑞穎,169.0,170.5,168.0,170.5,131,89,23,0,0,3.28,96.71,100.0
2026-05-21,8084,巨虹,43.5,43.8,42.55,43.1,50,0,-17,0,0,1.05,98.94,100.0
2026-05-21,8085,福華,11.4,11.6,11.3,11.55,292,0,44,0,0,4.43,95.56,100.0
2026-05-21,8086,宏捷科,146.0,151.0,145.0,149.0,3711,1557,-452,0,68,28.79,71.2,100.0
2026-05-21,8087,華鎂鑫,34.3,36.5,34.15,34.15,58,9,-12,0,0,3.12,96.87,100.0
2026-05-21,8087,麗升能源,34.3,36.5,34.15,34.15,58,9,-12,0,0,3.12,96.87,100.0
2026-05-21,8088,品安,52.5,55.6,52.2,54.1,3517,1406,1071,0,0,4.5,95.49,100.0
2026-05-21,8089,康全電訊,20.0,20.5,20.0,20.35,149,34,33,0,0,4.49,95.5,100.0
2026-05-21,8091,翔名,254.0,257.0,240.5,246.0,933,0,21,0,-10,13.4,86.59,100.0
2026-05-21,8092,建暐,17.9,18.55,17.85,18.2,263,60,-22,0,-4,0.54,99.45,100.0
2026-05-21,8093,保銳,18.4,18.5,18.05,18.05,25,0,0,0,0,0.07,99.92,100.0
2026-05-21,8096,擎亞,108.5,113.5,106.5,108.0,21719,13057,51,0,8,28.25,71.74,100.0
2026-05-21,8097,常珵,57.0,57.3,56.1,57.0,63,5,-1,0,0,2.64,97.35,100.0
2026-05-21,8098,慶康科技,374.06,390.0,371.5,379.5,36,0,0,0,0,0.0,0.0,0.0
2026-05-21,8099,大世科,61.4,61.5,59.7,60.1,73,9,-10,0,0,3.45,96.54,100.0
2026-05-21,8101,華冠,13.0,13.0,13.0,13.0,1,0,0,0,0,0.05,99.94,100.0
2026-05-21,8102,傑霖科技,65.5,65.6,61.5,65.2,21,0,1,0,0,0.17,99.82,100.0
2026-05-21,8103,瀚荃,105.0,107.0,103.0,103.5,1340,386,-104,0,-10,25.06,74.93,100.0
2026-05-21,8104,錸寶,34.25,34.95,34.0,34.5,746,152,363,0,-1,1.84,98.15,100.0
2026-05-21,8105,凌巨,15.75,16.65,15.75,16.45,7709,2332,2776,0,8,41.67,58.32,100.0
2026-05-21,8107,大億金茂,11.95,11.95,11.6,11.6,54,7,1,0,0,0.41,99.58,100.0
2026-05-21,8109,博大,130.5,134.5,124.0,127.5,1416,621,-338,116,-8,4.95,95.04,100.0
2026-05-21,8110,華東,47.2,47.9,46.9,47.05,4565,1556,786,0,-1,1.58,98.41,100.0
2026-05-21,8111,立碁,62.2,63.1,61.9,62.5,865,190,74,0,-6,5.19,94.8,100.0
2026-05-21,8112,至上,85.0,85.9,84.7,85.5,18031,4328,7382,-7,264,20.02,79.97,100.0
2026-05-21,8114,振樺電,248.0,248.0,235.0,242.0,635,0,8,0,6,12.33,87.59,100.0
2026-05-21,8119,公信,10.67,10.95,10.5,10.6,220,0,0,0,0,0.0,0.0,0.0
2026-05-21,8121,越峰,36.5,38.7,36.0,37.35,5007,0,-448,0,18,2.16,97.83,100.0
2026-05-21,8131,福懋科,62.0,62.4,61.5,62.2,2363,785,-116,0,-4,2.47,97.52,100.0
2026-05-21,8147,正淩,186.0,188.0,173.5,175.0,1094,251,-439,0,-2,21.71,78.28,100.0
2026-05-21,8150,南茂,76.5,78.6,75.9,75.9,13812,5786,-2983,-11,-109,45.05,54.94,100.0
2026-05-21,8155,博智,403.0,416.0,402.0,413.0,1568,637,-12,0,-4,10.86,89.13,100.0
2026-05-21,8162,微矽電子-創,54.5,56.4,54.3,55.3,575,122,168,0,-5,2.2,97.79,100.0
2026-05-21,8163,達方,33.85,36.3,33.85,35.55,12232,5178,1537,0,47,7.08,92.91,100.0
2026-05-21,8171,天宇,23.35,23.75,23.35,23.35,117,8,24,0,0,2.91,97.08,100.0
2026-05-21,8176,智捷,10.1,10.1,9.94,9.98,127,0,-2,0,0,0.74,99.25,100.0
2026-05-21,8182,加高,37.4,38.8,37.35,37.6,2399,1010,85,0,-1,52.14,47.85,100.0
2026-05-21,8183,精星,30.75,31.4,30.75,30.8,387,66,-63,0,2,3.74,96.25,100.0
2026-05-21,8201,無敵,12.7,13.15,12.45,13.05,120,0,-1,0,0,0.7,99.29,100.0
2026-05-21,8210,勤誠,1340.0,1345.0,1295.0,1335.0,1318,437,-579,216,15,11.76,88.23,100.0
2026-05-21,8213,志超,37.4,37.85,37.2,37.7,716,108,279,0,-6,22.53,77.46,100.0
2026-05-21,8215,明基材,27.1,27.95,26.8,27.8,2231,427,758,21,2,1.57,98.42,100.0
2026-05-21,8222,寶一,35.7,36.6,35.7,36.35,435,67,243,0,2,2.73,97.26,100.0
2026-05-21,8227,巨有科技,202.0,208.5,201.5,206.5,660,0,0,-41,68,4.15,95.84,100.0
2026-05-21,8234,新漢,66.5,68.1,66.3,67.6,606,164,222,-84,-4,2.4,97.59,100.0
2026-05-21,8240,華宏,62.7,64.0,62.2,63.1,613,168,104,0,2,5.43,94.56,100.0
2026-05-21,8249,菱光,51.1,52.2,51.1,52.2,1027,200,20,0,0,1.15,98.84,100.0
2026-05-21,8255,朋程,157.0,160.0,154.5,154.5,2040,720,74,0,18,12.81,87.18,100.0
2026-05-21,8261,富鼎,149.0,156.0,143.5,150.0,19882,11743,-431,30,-26,9.31,90.68,100.0
2026-05-21,8271,宇瞻,223.0,224.0,216.5,220.0,2981,1274,-844,0,-4,13.04,86.95,100.0
2026-05-21,8272,全景軟體,70.2,71.6,69.5,70.2,36,0,3,0,0,0.21,99.78,100.0
2026-05-21,8277,商丞,6.95,7.07,6.63,6.98,220,0,4,0,0,1.88,98.11,100.0
2026-05-21,8279,生展,97.0,98.4,97.0,97.5,21,1,2,0,0,5.48,94.51,100.0
2026-05-21,8284,三竹,63.5,63.7,63.5,63.7,8,0,-1,0,0,0.89,99.1,100.0
2026-05-21,8289,泰藝,56.3,60.8,55.9,60.8,10420,5294,1000,0,4,5.74,94.25,100.0
2026-05-21,8291,尚茂,82.9,82.9,82.9,82.9,183,0,2,0,0,73.45,26.54,100.0
2026-05-21,8298,威睿,48.07,50.0,48.7,50.0,11,0,1,0,0,0.0,0.0,0.0
2026-05-21,8299,群聯,2380.0,2425.0,2305.0,2335.0,7664,3308,-986,-426,161,37.27,62.72,100.0
2026-05-21,8329,台視,10.22,10.55,10.15,10.15,14,0,0,0,0,0.0,0.0,0.0
2026-05-21,8341,日友,76.1,76.7,75.8,76.7,193,22,92,0,0,4.27,95.72,100.0
2026-05-21,8342,益張,92.3,92.4,89.2,90.3,6,3,-1,0,0,0.13,99.86,100.0
2026-05-21,8345,超秦,54.68,55.0,54.1,54.1,10,0,0,0,0,0.0,0.0,0.0
2026-05-21,8349,恒耀,41.6,42.15,41.5,41.5,101,4,20,0,0,0.99,99.0,100.0
2026-05-21,8354,冠好,16.1,16.5,16.1,16.45,55,15,-2,0,0,0.71,99.28,100.0
2026-05-21,8358,金居,485.0,498.0,480.0,498.0,4747,0,1967,0,231,32.57,67.42,100.0
2026-05-21,8359,錢櫃,64.96,65.6,64.6,65.3,37,0,1,0,0,0.0,0.0,0.0
2026-05-21,8367,建新國際,41.55,41.55,41.2,41.4,38,2,1,0,0,1.57,98.42,100.0
2026-05-21,8374,羅昇,97.1,101.5,96.6,99.1,3362,1973,-475,0,27,2.84,97.15,100.0
2026-05-21,8383,千附,55.6,56.8,55.2,56.6,1226,254,173,0,16,13.51,86.48,100.0
2026-05-21,8390,金益鼎,115.0,120.0,113.0,120.0,1412,414,296,0,102,21.7,78.29,100.0
2026-05-21,8401,白紗科,23.0,23.0,22.8,23.0,72,1,0,0,0,0.2,99.79,100.0
2026-05-21,8403,盛弘,20.15,20.2,19.85,20.05,176,16,-25,0,0,1.76,98.23,100.0
2026-05-21,8404,百和興業-KY,16.4,16.6,16.3,16.6,368,70,36,0,-9,52.93,47.06,100.0
2026-05-21,8409,商之器,18.95,19.5,18.95,19.45,28,0,0,0,0,0.12,99.87,100.0
2026-05-21,8410,森田,34.4,35.2,34.4,35.15,17,4,-1,0,-5,0.64,99.35,100.0
2026-05-21,8411,福貞-KY,11.9,12.0,11.9,12.0,42,3,4,0,0,53.76,46.23,100.0
2026-05-21,8415,大國鋼,36.45,36.55,35.85,36.25,1544,229,288,0,-331,6.65,93.34,100.0
2026-05-21,8416,實威,173.5,174.0,172.0,174.0,8,0,0,0,0,0.76,99.23,100.0
2026-05-21,8421,旭源,13.6,13.65,13.6,13.6,41,0,0,0,0,0.54,99.45,100.0
2026-05-21,8422,可寧衛,25.9,26.4,25.85,26.3,5711,935,1397,-226,1,4.69,95.3,100.0
2026-05-21,8422,可寧衛*,25.9,26.4,25.85,26.3,5711,935,1397,-226,1,4.69,95.3,100.0
2026-05-21,8423,保綠-KY,17.75,18.0,17.75,17.85,20,0,0,0,0,24.91,75.08,100.0
2026-05-21,8424,惠普,73.2,74.0,72.8,73.0,49,3,0,0,0,0.53,99.46,100.0
2026-05-21,8426,紅木-KY,22.45,22.8,22.3,22.4,55,23,4,0,0,67.56,32.43,100.0
2026-05-21,8429,金麗-KY,6.05,6.14,6.03,6.14,206,23,-18,0,0,30.3,69.69,100.0
2026-05-21,8431,匯鑽科,58.3,58.7,57.5,57.6,693,293,105,0,9,2.77,97.22,100.0
2026-05-21,8432,東生華,50.3,51.1,49.95,51.0,56,8,7,0,0,0.88,99.11,100.0
2026-05-21,8433,弘帆,52.6,53.5,52.6,53.2,50,7,13,0,0,1.46,98.53,100.0
2026-05-21,8435,鉅邁,55.8,55.9,55.7,55.8,15,0,0,0,0,0.56,99.43,100.0
2026-05-21,8436,大江,120.5,121.0,120.0,120.0,296,34,152,-3,0,14.84,85.14,100.0
2026-05-21,8437,大地-KY,11.35,12.35,11.35,12.05,161,48,10,0,0,24.14,75.85,100.0
2026-05-21,8438,昶昕,90.8,91.0,87.4,88.1,578,176,-142,0,-1,3.62,96.37,100.0
2026-05-21,8440,綠電,22.9,23.5,22.7,22.7,190,38,-19,0,0,0.91,99.08,100.0
2026-05-21,8442,威宏-KY,40.3,41.5,40.3,40.8,101,27,50,0,0,57.88,42.11,100.0
2026-05-21,8443,阿瘦,11.4,11.4,11.35,11.35,47,0,-5,0,0,3.71,96.28,100.0
2026-05-21,8444,綠河-KY,7.0,7.0,6.66,6.66,60,0,-3,0,0,58.55,41.44,100.0
2026-05-21,8446,華研,85.8,86.3,85.2,85.5,107,15,-4,0,0,4.6,95.39,100.0
2026-05-21,8450,霹靂,16.1,16.15,15.9,15.9,45,0,4,0,0,0.1,49.88,49.99
2026-05-21,8454,富邦媒,194.5,196.0,191.0,191.0,908,232,-174,-2,25,12.91,87.08,100.0
2026-05-21,8455,大拓-KY,46.8,46.8,41.0,42.8,196,0,-5,0,0,87.79,12.2,100.0
2026-05-21,8458,影一,14.63,15.65,15.0,15.65,11,0,0,0,0,0.0,0.0,0.0
2026-05-21,8462,柏文,138.5,140.0,138.5,139.5,69,7,-6,0,-1,3.96,96.03,100.0
2026-05-21,8463,潤泰材,21.05,21.15,21.0,21.05,59,3,6,0,1,0.34,99.65,100.0
2026-05-21,8464,億豐,315.0,320.5,313.0,318.0,1331,140,251,-54,2,42.29,57.7,100.0
2026-05-21,8466,美吉吉-KY,14.5,14.5,14.05,14.2,481,40,3,0,0,50.29,49.7,100.0
2026-05-21,8467,波力-KY,126.0,129.5,125.5,126.5,59,19,6,0,0,46.49,53.5,100.0
2026-05-21,8472,夠麻吉,70.0,72.9,70.0,72.9,13,1,-3,0,0,1.4,98.59,100.0
2026-05-21,8473,山林水,41.0,41.2,39.2,40.7,4295,1722,576,0,-6,2.6,97.39,100.0
2026-05-21,8476,台境,16.05,16.25,15.95,16.1,194,25,36,0,-1,1.2,98.79,100.0
2026-05-21,8476,台境*,16.05,16.25,15.95,16.1,194,25,36,0,-1,1.2,98.79,100.0
2026-05-21,8477,創業家,15.5,16.45,15.45,16.35,69,0,14,0,-2,0.18,99.81,100.0
2026-05-21,8478,東哥遊艇,152.0,154.5,150.5,152.0,282,117,49,0,1,39.56,60.43,100.0
2026-05-21,8481,政伸,40.65,40.65,40.3,40.3,9,1,-1,0,0,0.37,99.62,100.0
2026-05-21,8482,商億-KY,48.7,48.7,48.7,48.7,1,0,0,0,0,91.72,8.27,100.0
2026-05-21,8487,愛爾達-創,79.0,79.2,79.0,79.2,6,0,0,0,0,0.95,49.03,49.99
2026-05-21,8488,吉源-KY,9.8,9.8,9.52,9.69,76,25,-2,0,-1,69.54,30.45,100.0
2026-05-21,8489,三貝德,24.9,25.2,24.15,24.4,188,24,-37,0,0,3.18,96.81,100.0
2026-05-21,8499,鼎炫-KY,279.5,290.5,279.5,289.0,118,35,3,10,0,71.44,28.55,100.0
2026-05-21,8905,裕國,29.2,29.55,29.2,29.55,2,0,0,0,0,0.49,99.5,100.0
2026-05-21,8906,花王,25.4,25.8,25.4,25.8,48,4,7,0,0,0.45,99.54,100.0
2026-05-21,8908,欣雄,40.3,40.7,40.2,40.7,226,56,-9,0,0,0.33,99.66,100.0
2026-05-21,8916,光隆,46.65,46.7,46.35,46.5,58,8,-23,0,0,2.97,97.02,100.0
2026-05-21,8917,欣泰,52.9,53.0,52.9,53.0,23,8,-6,0,0,1.38,98.61,100.0
2026-05-21,8921,沈氏,0.0,0.0,0.0,0.0,0,0,0,0,0,0.18,99.81,100.0
2026-05-21,8923,時報,19.6,19.6,19.6,19.6,3,0,0,0,0,4.14,95.85,100.0
2026-05-21,8924,大田,64.4,64.7,64.0,64.2,128,4,-7,0,0,2.65,97.34,100.0
2026-05-21,8926,台汽電,60.5,62.1,59.3,61.0,11422,4123,2042,56,6,11.02,88.97,100.0
2026-05-21,8927,北基,19.7,19.8,19.45,19.5,270,19,146,0,0,0.86,99.13,100.0
2026-05-21,8928,鉅明,21.55,21.9,21.55,21.55,13,0,-2,0,0,0.32,99.67,100.0
2026-05-21,8929,富堡,14.35,14.35,13.85,14.3,127,23,8,0,0,0.5,99.49,100.0
2026-05-21,8930,青鋼,28.5,28.6,28.4,28.4,38,1,11,0,0,2.64,97.35,100.0
2026-05-21,8931,大汽電,42.05,42.3,41.5,42.0,31,2,-5,0,0,0.29,99.7,100.0
2026-05-21,8932,智通*,102.0,103.5,99.6,100.0,3459,777,22,0,154,28.41,71.58,100.0
2026-05-21,8933,愛地雅,4.38,4.51,4.3,4.45,2568,0,342,0,0,1.03,98.96,100.0
2026-05-21,8935,邦泰,20.6,20.65,20.0,20.25,429,0,112,0,0,1.86,98.13,100.0
2026-05-21,8936,國統,49.6,50.2,49.45,50.0,1124,87,361,-3,-1,8.0,91.99,100.0
2026-05-21,8937,合騏*,33.9,33.95,31.85,32.0,912,65,-18,0,5,5.56,94.43,100.0
2026-05-21,8938,明安,54.1,54.5,54.1,54.1,180,2,64,0,0,6.44,93.55,100.0
2026-05-21,8940,新天地,17.0,17.0,16.8,16.9,37,2,-1,0,-1,8.31,91.68,100.0
2026-05-21,8941,關中,44.3,44.35,44.3,44.35,2,0,0,0,0,0.18,99.81,100.0
2026-05-21,8942,森鉅,41.5,42.05,41.5,41.85,302,60,5,0,0,13.74,86.25,100.0
2026-05-21,8996,高力,1040.0,1075.0,1025.0,1065.0,2153,854,-113,281,19,33.14,66.85,100.0
2026-05-21,8999,台灣積層,38.1,38.1,36.8,38.1,0,0,0,0,0,0.0,0.0,0.0
2026-05-21,9103,美德醫療-DR,4.97,5.03,4.92,5.0,806,175,44,0,0,0.99,99.0,100.0
2026-05-21,9105,泰金寶-DR,5.85,6.14,5.77,6.14,63807,7043,17714,0,218,2.6,97.39,100.0
2026-05-21,9110,越南控-DR,2.62,2.67,2.5,2.52,164,0,0,0,0,0.04,99.95,100.0
2026-05-21,9136,巨騰-DR,11.4,11.45,10.6,10.7,1882,249,-705,0,0,2.97,97.02,100.0
2026-05-21,9802,鈺齊-KY,76.5,76.5,75.4,75.4,838,99,-98,-50,-3,42.06,57.93,100.0
2026-05-21,9902,台火,13.75,13.95,13.7,13.7,128,21,6,0,0,1.58,98.41,100.0
2026-05-21,9904,寶成,25.75,25.9,25.6,25.8,16077,3348,-3353,-281,-388,37.97,62.02,100.0
2026-05-21,9905,大華,20.8,20.9,20.45,20.7,507,19,2,0,5,2.17,97.82,100.0
2026-05-21,9906,欣巴巴,33.15,35.0,32.8,35.0,295,145,-28,0,-2,1.53,98.46,100.0
2026-05-21,9907,統一實,16.0,16.15,15.9,16.05,2750,312,-407,-24,-12,14.82,85.17,100.0
2026-05-21,9908,大台北,29.2,29.3,29.15,29.2,198,11,63,0,0,1.42,98.57,100.0
2026-05-21,9910,豐泰,70.5,70.7,69.2,69.2,1951,536,-620,-15,-32,9.12,90.87,100.0
2026-05-21,9911,櫻花,82.9,83.2,82.6,82.9,234,38,31,-20,-9,18.55,81.44,100.0
2026-05-21,9912,偉聯,12.6,12.6,12.4,12.4,49,0,2,0,0,15.81,84.18,100.0
2026-05-21,9914,美利達,68.6,70.7,68.5,70.0,2660,892,800,0,-8,23.41,76.58,100.0
2026-05-21,9917,中保科,113.0,113.0,112.0,112.5,540,129,-75,20,0,39.61,60.38,100.0
2026-05-21,9918,欣天然,42.9,43.3,42.9,43.3,50,5,26,0,0,2.6,97.39,100.0
2026-05-21,9919,康那香,14.4,14.4,14.2,14.3,570,24,306,0,-6,4.51,95.48,100.0
2026-05-21,9921,巨大,70.8,71.6,70.6,70.8,1075,295,291,0,-33,27.36,72.63,100.0
2026-05-21,9924,福興,42.0,42.4,42.0,42.15,85,3,2,0,-6,10.74,89.25,100.0
2026-05-21,9925,新保,40.15,40.3,40.1,40.3,211,10,-42,0,0,17.4,82.59,100.0
2026-05-21,9926,新海,49.0,49.05,48.95,48.95,42,4,-1,0,0,0.44,99.55,100.0
2026-05-21,9927,泰銘,67.0,67.7,66.8,67.5,112,1,-8,0,-9,6.43,93.56,100.0
2026-05-21,9928,中視,17.6,17.7,17.6,17.65,18,1,0,0,0,0.0,0.0,0.0
2026-05-21,9929,秋雨,11.4,11.4,11.1,11.4,50,0,-2,0,0,0.44,99.55,100.0
2026-05-21,9930,中聯資源,67.6,68.2,67.6,67.9,97,3,-46,0,0,1.91,98.08,100.0
2026-05-21,9931,欣高,34.0,34.15,33.8,33.85,59,14,10,0,0,0.8,99.19,100.0
2026-05-21,9933,中鼎,38.9,39.7,38.75,39.6,8055,2645,2623,161,198,16.42,83.57,100.0
2026-05-21,9934,成霖,9.72,9.83,9.72,9.82,471,36,182,0,0,12.93,87.06,100.0
2026-05-21,9935,慶豐富,18.65,18.65,18.5,18.55,110,10,5,0,0,5.45,94.54,100.0
2026-05-21,9937,全國,55.8,55.9,55.6,55.9,52,21,-14,0,-8,1.7,98.29,100.0
2026-05-21,9938,百和,43.6,43.75,43.35,43.35,1199,161,-207,-3,-22,11.72,88.27,100.0
2026-05-21,9939,宏全,125.0,127.0,124.5,126.0,1179,258,414,-2,1,14.36,85.63,100.0
2026-05-21,9940,信義,18.9,19.05,18.7,18.8,324,42,-140,0,42,3.54,96.45,100.0
2026-05-21,9941,裕融,73.7,74.3,73.7,73.7,889,227,149,-3,-3,6.87,93.12,100.0
2026-05-21,9942,茂順,117.5,118.0,117.0,117.0,59,3,-1,0,-2,4.38,95.61,100.0
2026-05-21,9943,好樂迪,55.2,55.6,55.2,55.6,28,1,1,0,0,1.16,98.83,100.0
2026-05-21,9944,新麗,17.3,17.3,16.85,17.0,148,6,8,0,0,1.03,98.96,100.0
2026-05-21,9945,潤泰新,23.55,23.55,23.3,23.4,6967,1365,-1540,0,21,8.15,91.84,100.0
2026-05-21,9946,三發地產,16.8,16.9,16.75,16.8,380,33,127,0,0,2.46,97.53,100.0
2026-05-21,9949,琉園,23.35,23.55,23.35,23.55,8,0,-2,0,0,2.59,97.4,100.0
2026-05-21,9950,萬國通,11.05,11.35,11.0,11.35,78,0,17,0,0,0.04,99.95,100.0
2026-05-21,9951,皇田,53.1,53.3,53.0,53.1,77,8,-20,0,0,4.69,95.3,100.0
2026-05-21,9955,佳龍,28.1,28.3,28.05,28.2,190,16,62,0,5,4.97,95.02,100.0
2026-05-21,9957,燁聯,6.06,6.2,6.0,6.07,351,0,0,0,0,0.0,0.0,0.0
2026-05-21,9958,世紀鋼,102.5,104.0,101.5,103.0,867,208,261,0,4,11.88,88.11,100.0
2026-05-21,9960,邁達康,31.2,31.45,31.2,31.25,13,1,2,0,0,8.99,91.0,100.0
2026-05-21,9962,有益,9.39,9.55,9.37,9.45,40,0,8,0,0,0.31,99.68,100.0
