date,stock_id,stock_name,open,high,low,close,volume,foreign_buy,trust_buy,dealer_buy,foreign_hold_ratio,foreign_remain_ratio,foreign_limit_ratio
2026-06-10,0050,元大台灣50,102.6,102.95,100.2,100.25,192916,-62998,1250,-48623,6.23,93.76,100.0
2026-06-10,0051,元大中型100,140.4,141.3,136.15,136.15,183,14,0,-118,0.56,99.43,100.0
2026-06-10,0052,富邦科技,59.5,59.9,58.25,58.25,46858,-1756,0,-12295,1.56,98.43,100.0
2026-06-10,0053,元大電子,237.7,237.7,227.3,227.3,58,-7,0,-36,1.09,98.9,100.0
2026-06-10,0055,元大MSCI金融,39.97,40.09,39.46,39.55,1344,93,0,-262,1.07,98.92,100.0
2026-06-10,0056,元大高股息,50.5,51.05,49.59,49.62,73135,-12115,0,-14076,0.7,99.29,100.0
2026-06-10,0057,富邦摩台,303.6,304.1,293.7,293.7,71,-15,0,-8,5.9,94.09,100.0
2026-06-10,0061,元大寶滬深,24.49,24.5,24.26,24.26,335,-49,0,156,5.11,94.88,100.0
2026-06-10,1101,台泥,23.95,24.25,23.85,23.9,31959,-3731,268,-266,14.24,85.75,100.0
2026-06-10,1102,亞泥,33.8,34.6,33.8,34.4,16526,-2353,128,138,12.35,87.64,100.0
2026-06-10,1103,嘉泥,13.3,13.5,13.25,13.45,224,36,0,0,4.56,95.43,100.0
2026-06-10,1104,環泥,29.05,29.25,28.75,29.0,895,207,0,3,15.17,84.82,100.0
2026-06-10,1108,幸福,13.75,13.8,13.55,13.6,881,185,0,2,1.36,98.63,100.0
2026-06-10,1109,信大,14.65,14.65,14.4,14.6,455,80,0,23,2.34,97.65,100.0
2026-06-10,1110,東泥,15.3,15.5,15.25,15.4,281,2,0,-8,5.8,94.19,100.0
2026-06-10,1201,味全,12.2,12.45,12.15,12.4,388,43,0,3,5.0,94.99,100.0
2026-06-10,1203,味王,41.15,41.95,41.15,41.7,26,-9,0,0,1.72,98.27,100.0
2026-06-10,1210,大成,54.6,56.0,54.5,55.4,10026,-596,4990,75,9.12,90.87,100.0
2026-06-10,1213,大飲,8.4,8.4,8.28,8.4,4,0,0,0,0.01,99.98,100.0
2026-06-10,1215,卜蜂,116.0,119.0,115.0,118.0,3893,2082,-1810,4,37.53,62.46,100.0
2026-06-10,1216,統一,73.3,74.7,73.3,74.4,16700,2575,-27,563,31.48,68.51,100.0
2026-06-10,1217,愛之味,9.85,9.92,9.84,9.87,678,76,0,4,7.93,92.06,100.0
2026-06-10,1218,泰山,19.4,19.45,19.3,19.35,1386,-24,0,5,4.06,95.93,100.0
2026-06-10,1219,福壽,12.35,12.55,12.35,12.5,405,107,0,-3,5.52,94.47,100.0
2026-06-10,1220,台榮,11.65,11.75,11.6,11.65,142,-30,0,-2,7.08,92.91,100.0
2026-06-10,1225,福懋油,29.75,31.0,29.7,30.35,527,53,0,-2,1.38,98.61,100.0
2026-06-10,1227,佳格,28.6,28.8,28.35,28.35,5228,3826,0,7,6.61,93.38,100.0
2026-06-10,1229,聯華,41.5,41.95,41.2,41.55,2784,1036,0,0,8.99,91.0,100.0
2026-06-10,1231,聯華食,87.2,87.8,86.4,87.1,279,30,0,1,2.71,97.28,100.0
2026-06-10,1232,大統益,148.5,150.0,148.0,149.5,157,-13,0,-1,2.51,97.48,100.0
2026-06-10,1233,天仁,27.6,27.75,27.55,27.55,24,-5,0,-1,5.76,94.23,100.0
2026-06-10,1234,黑松,34.4,34.9,34.4,34.9,108,13,0,0,4.72,95.27,100.0
2026-06-10,1235,興泰,36.35,37.6,36.35,37.6,24,-8,0,-1,0.25,99.74,100.0
2026-06-10,1236,宏亞,25.9,25.9,25.3,25.6,69,-20,0,-1,0.45,99.54,100.0
2026-06-10,1240,茂生農經,58.0,58.0,57.7,57.7,12,0,0,0,3.66,96.33,100.0
2026-06-10,1256,鮮活果汁-KY,180.0,183.0,175.5,178.0,107,-21,0,2,4.51,95.48,100.0
2026-06-10,1259,安心,58.3,58.4,58.3,58.4,4,-1,0,0,26.12,73.87,100.0
2026-06-10,1260,富味鄉,23.79,24.15,23.0,24.15,23,0,0,0,0.0,0.0,0.0
2026-06-10,1264,德麥,269.0,269.5,266.5,267.0,41,-9,0,0,1.74,98.25,100.0
2026-06-10,1268,漢來美食,168.0,169.5,167.5,168.5,23,3,0,0,1.7,98.29,100.0
2026-06-10,1269,乾杯,65.73,68.4,63.2,68.4,14,1,0,0,0.0,0.0,0.0
2026-06-10,1271,晨暉生技,67.72,66.8,62.8,63.9,254,-10,0,0,0.0,0.0,0.0
2026-06-10,1293,利統,27.07,27.3,26.7,26.9,11,0,0,0,0.0,0.0,0.0
2026-06-10,1294,漢田生技,83.5,83.5,78.1,78.2,146,-6,0,0,0.61,99.38,100.0
2026-06-10,1295,生合,48.2,49.45,48.2,49.1,49,-12,0,0,2.28,97.71,100.0
2026-06-10,1301,台塑,45.3,45.5,44.4,44.4,32304,-16032,0,-2,30.2,69.79,100.0
2026-06-10,1303,南亞,97.6,101.0,94.6,94.8,44236,-4146,123,-1744,34.39,65.6,100.0
2026-06-10,1304,台聚,12.65,12.85,12.55,12.75,3271,706,0,26,28.24,71.75,100.0
2026-06-10,1305,華夏,12.55,12.75,12.25,12.55,2521,573,0,-5,4.46,95.53,100.0
2026-06-10,1307,三芳,34.8,35.5,34.7,35.0,2064,1130,-9,27,7.6,92.39,100.0
2026-06-10,1308,亞聚,13.4,13.6,13.35,13.45,1597,490,0,0,4.05,95.94,100.0
2026-06-10,1309,台達化,15.1,15.4,15.0,15.0,3727,372,0,-13,2.73,97.26,100.0
2026-06-10,1310,台苯,8.61,8.78,8.54,8.57,2979,560,0,-13,4.8,95.19,100.0
2026-06-10,1312,國喬,13.5,13.95,13.2,13.2,13999,780,0,-317,3.44,96.55,100.0
2026-06-10,1313,聯成,10.8,11.25,10.75,11.05,4679,1259,0,-14,5.44,94.55,100.0
2026-06-10,1314,中石化,7.73,7.85,7.65,7.73,25129,4624,0,419,8.72,91.27,100.0
2026-06-10,1315,達新,60.8,61.2,60.8,61.2,22,-11,0,-1,1.24,98.75,100.0
2026-06-10,1316,上曜,10.5,11.45,10.45,11.0,14804,-2651,0,51,4.28,95.71,100.0
2026-06-10,1319,東陽,103.0,108.0,102.0,107.0,10501,-1084,3421,1,6.66,93.33,100.0
2026-06-10,1321,大洋,29.1,31.5,29.1,31.15,538,-53,0,-3,6.82,93.17,100.0
2026-06-10,1323,永裕,19.7,19.8,19.55,19.55,54,-18,0,1,1.25,98.74,100.0
2026-06-10,1324,地球,10.45,10.7,10.4,10.4,55,-7,0,-1,0.88,99.11,100.0
2026-06-10,1325,恆大,26.4,26.55,26.05,26.05,219,8,0,0,1.51,98.48,100.0
2026-06-10,1326,台化,47.7,48.35,46.15,46.2,24802,-7074,0,-819,37.45,62.54,100.0
2026-06-10,1336,台翰,13.95,13.95,13.55,13.75,89,6,0,0,3.3,96.69,100.0
2026-06-10,1337,再生-KY,5.01,5.02,4.94,4.94,400,42,0,-7,25.87,74.12,100.0
2026-06-10,1338,廣華-KY,16.65,16.85,16.5,16.65,123,-12,0,2,6.87,93.12,100.0
2026-06-10,1339,昭輝,43.6,44.4,43.3,43.5,176,0,0,0,1.15,98.84,100.0
2026-06-10,1340,勝悅-KY,5.5,5.64,5.43,5.62,261,-4,0,-8,26.27,73.72,100.0
2026-06-10,1341,富林-KY,60.5,62.0,60.5,61.6,13,1,0,0,79.9,20.09,100.0
2026-06-10,1342,八貫,109.5,111.5,107.0,108.0,1261,-15,0,-1,31.01,68.98,100.0
2026-06-10,1343,旭東環保,19.11,19.75,18.95,19.5,54,0,0,0,0.0,0.0,0.0
2026-06-10,1402,遠東新,27.55,27.95,27.15,27.65,49549,-17149,25114,-471,15.72,84.27,100.0
2026-06-10,1409,新纖,25.45,26.0,25.0,25.45,13203,1195,0,64,14.23,85.76,100.0
2026-06-10,1410,南染,25.35,25.6,25.0,25.0,109,-9,0,0,18.89,81.1,100.0
2026-06-10,1413,宏洲,9.4,9.5,9.39,9.5,9,-1,0,-1,0.41,99.58,100.0
2026-06-10,1414,東和,17.6,17.6,16.45,16.75,241,-140,0,-1,1.31,98.68,100.0
2026-06-10,1416,廣豐,10.9,11.05,10.9,10.9,327,-30,0,-1,6.02,93.97,100.0
2026-06-10,1417,嘉裕,8.29,8.45,8.29,8.44,190,18,0,-4,0.95,99.04,100.0
2026-06-10,1418,東華,18.45,19.0,18.35,18.45,15,-5,0,-2,0.92,99.07,100.0
2026-06-10,1419,新紡,63.8,65.6,63.8,64.6,112,14,0,-1,1.15,98.84,100.0
2026-06-10,1423,利華,44.25,44.8,43.45,43.95,3445,38,0,-1,1.38,98.61,100.0
2026-06-10,1432,大魯閣,17.4,17.55,17.2,17.3,732,84,0,-1,0.5,99.49,100.0
2026-06-10,1434,福懋,16.25,16.6,16.25,16.45,2106,1191,0,-4,7.49,92.5,100.0
2026-06-10,1436,華友聯,45.0,48.25,44.75,47.3,1334,103,0,1,6.34,93.65,100.0
2026-06-10,1437,勤益控,28.5,28.8,28.5,28.75,102,-21,0,4,8.36,91.63,100.0
2026-06-10,1438,三地開發,19.85,21.9,19.75,21.9,268,35,0,-5,0.6,99.39,100.0
2026-06-10,1439,雋揚,24.7,25.6,24.4,25.25,101,58,0,-3,1.08,98.91,100.0
2026-06-10,1440,南紡,13.1,13.45,13.0,13.2,3062,864,0,-4,7.2,92.79,100.0
2026-06-10,1441,大東,9.1,9.18,9.02,9.18,85,-5,0,-1,1.37,98.62,100.0
2026-06-10,1442,名軒,26.35,28.35,26.35,28.0,1348,-43,0,0,8.57,91.42,100.0
2026-06-10,1443,立益,25.9,27.25,25.9,26.4,49,-6,0,-1,0.3,99.69,100.0
2026-06-10,1443,立益物流,25.9,27.25,25.9,26.4,49,-6,0,-1,0.3,99.69,100.0
2026-06-10,1444,力麗,6.95,6.96,6.78,6.78,1939,267,0,-11,5.36,94.63,100.0
2026-06-10,1445,大宇,11.2,11.25,11.2,11.2,75,-34,0,-1,3.1,96.89,100.0
2026-06-10,1446,宏和,16.45,16.95,16.35,16.75,434,95,0,17,6.46,93.53,100.0
2026-06-10,1447,力鵬,6.57,6.62,6.48,6.5,1694,253,0,-9,3.24,96.75,100.0
2026-06-10,1449,佳和,16.55,16.8,14.75,14.75,19191,788,0,-22,7.55,92.44,100.0
2026-06-10,1451,年興,16.55,16.65,16.55,16.55,197,-13,0,-2,5.39,94.6,100.0
2026-06-10,1452,宏益,10.75,10.95,10.75,10.8,45,-18,0,2,1.83,98.16,100.0
2026-06-10,1453,大將,11.15,12.25,11.1,11.7,1278,88,0,1,0.66,99.33,100.0
2026-06-10,1454,台富,13.0,13.1,12.85,12.85,54,-5,0,0,0.41,99.58,100.0
2026-06-10,1455,集盛,9.96,10.0,9.76,9.85,2234,155,0,8,2.68,97.31,100.0
2026-06-10,1456,怡華,13.6,14.3,13.5,13.9,121,-15,0,5,0.49,99.5,100.0
2026-06-10,1457,宜進,14.85,15.45,14.45,14.65,879,-45,0,-1,1.68,98.31,100.0
2026-06-10,1459,聯發,11.65,11.7,11.6,11.6,75,-5,0,-4,1.72,98.27,100.0
2026-06-10,1460,宏遠,6.95,7.14,6.92,7.05,900,262,0,-9,2.07,97.92,100.0
2026-06-10,1463,強盛新,17.5,17.7,17.45,17.7,32,4,0,-1,11.49,88.5,100.0
2026-06-10,1464,得力,10.25,10.4,10.2,10.35,729,360,0,-4,2.0,97.99,100.0
2026-06-10,1465,偉全,12.35,12.4,12.2,12.2,115,-20,0,-2,0.46,99.53,100.0
2026-06-10,1466,聚隆,14.25,14.25,13.9,14.15,222,10,0,-2,0.73,99.26,100.0
2026-06-10,1467,南緯,7.7,7.73,7.61,7.61,193,-24,0,-3,19.08,80.91,100.0
2026-06-10,1468,昶和,11.5,11.75,11.4,11.65,40,-4,0,-1,2.05,97.94,100.0
2026-06-10,1470,大統新創,22.2,22.65,22.2,22.6,12,-5,0,0,0.28,99.71,100.0
2026-06-10,1471,首利,11.1,11.35,10.8,10.8,845,-217,0,-2,1.03,98.96,100.0
2026-06-10,1472,三洋實業,88.6,89.1,88.5,88.9,133,-6,0,0,0.87,99.12,100.0
2026-06-10,1473,台南,20.55,21.0,20.35,20.5,157,-69,0,2,5.06,94.93,100.0
2026-06-10,1474,弘裕,10.2,10.3,10.15,10.2,72,-16,0,4,0.59,99.4,100.0
2026-06-10,1475,業旺,26.65,27.15,26.65,27.1,20,-8,0,-1,0.41,99.58,100.0
2026-06-10,1476,儒鴻,346.0,349.5,340.5,344.0,1039,-276,0,-33,29.88,70.11,100.0
2026-06-10,1477,聚陽,226.0,227.5,221.0,222.0,2035,482,-266,39,16.48,83.51,100.0
2026-06-10,1480,東盟開發,9.08,0.0,0.0,0.0,0,0,0,0,0.0,0.0,0.0
2026-06-10,1503,士電,225.5,228.5,216.0,217.0,5857,531,0,-393,30.65,69.34,100.0
2026-06-10,1504,東元,72.5,73.0,69.5,69.5,25561,-5839,61,-708,7.08,92.91,100.0
2026-06-10,1506,正道,10.2,10.4,10.0,10.0,645,97,0,3,0.68,99.31,100.0
2026-06-10,1512,瑞利,6.93,6.93,6.8,6.82,76,2,0,0,5.39,94.6,100.0
2026-06-10,1513,中興電,168.0,171.5,164.5,164.5,9464,432,-2,-383,11.98,88.01,100.0
2026-06-10,1514,亞力,124.5,126.0,118.0,119.0,5915,-762,0,-174,15.04,84.95,100.0
2026-06-10,1515,力山,23.25,23.8,23.1,23.35,956,-16,0,0,3.65,96.34,100.0
2026-06-10,1516,川飛,22.2,22.2,20.65,21.95,156,45,0,-1,5.81,94.18,100.0
2026-06-10,1517,利奇,10.15,10.25,10.05,10.15,195,-1,0,0,2.31,97.68,100.0
2026-06-10,1519,華城,830.0,832.0,791.0,791.0,3074,-566,23,-91,19.55,80.44,100.0
2026-06-10,1521,大億,27.35,27.35,25.9,26.0,72,-26,0,0,32.98,67.01,100.0
2026-06-10,1522,堤維西,30.5,31.6,30.5,30.85,823,101,0,2,2.46,97.53,100.0
2026-06-10,1524,耿鼎,30.25,31.25,30.1,30.1,943,46,0,-1,1.87,98.12,100.0
2026-06-10,1525,江申,67.3,67.9,65.0,67.9,60,-8,0,0,0.27,99.72,100.0
2026-06-10,1526,日馳,14.5,14.6,14.4,14.5,76,0,0,-1,2.74,97.25,100.0
2026-06-10,1527,鑽全,33.15,33.45,33.1,33.25,206,53,0,27,10.44,89.55,100.0
2026-06-10,1528,恩德,26.0,27.15,25.3,25.3,4725,-1109,-2,-2,2.74,97.25,100.0
2026-06-10,1529,樂事綠能,22.4,22.85,22.0,22.0,562,-87,0,-1,1.48,98.51,100.0
2026-06-10,1530,亞崴,31.7,32.1,31.15,31.6,168,17,0,-3,0.69,99.3,100.0
2026-06-10,1531,高林股,12.7,12.95,12.7,12.85,201,-36,0,-2,1.54,98.45,100.0
2026-06-10,1532,勤美,21.85,23.6,21.85,22.95,1565,-53,0,-16,7.07,92.92,100.0
2026-06-10,1533,車王電,38.1,39.2,38.1,38.25,341,57,0,-4,6.73,93.26,100.0
2026-06-10,1535,中宇,49.5,50.1,49.25,49.4,92,-10,0,-2,1.13,98.86,100.0
2026-06-10,1536,和大,49.4,51.0,49.15,49.2,2142,124,-70,32,5.02,94.97,100.0
2026-06-10,1537,廣隆,126.5,127.5,126.5,126.5,93,-10,0,1,15.81,84.18,100.0
2026-06-10,1538,正峰,0.0,0.0,0.0,0.0,0,0,0,0,0.06,99.93,100.0
2026-06-10,1539,巨庭,15.9,15.9,15.5,15.65,100,-12,0,2,0.83,99.16,100.0
2026-06-10,1540,喬福,22.05,22.25,21.55,21.55,386,42,0,1,2.62,97.37,100.0
2026-06-10,1541,錩泰,20.75,21.05,20.65,20.7,63,-5,0,2,9.84,90.15,100.0
2026-06-10,1558,伸興,90.0,90.6,90.0,90.6,31,3,0,0,6.68,93.31,100.0
2026-06-10,1560,中砂,655.0,665.0,602.0,609.0,1587,56,-89,-29,38.5,61.49,100.0
2026-06-10,1563,巧新,60.7,62.0,57.8,58.0,1154,-359,0,9,4.32,95.67,100.0
2026-06-10,1565,精華,95.0,95.0,93.5,94.3,301,10,0,4,6.44,93.55,100.0
2026-06-10,1568,倉佑,40.45,40.55,37.45,38.0,865,74,0,-6,2.58,97.41,100.0
2026-06-10,1569,濱川,49.5,50.1,48.8,48.8,924,-82,0,-27,5.69,94.3,100.0
2026-06-10,1570,力肯,44.05,44.05,41.4,41.45,405,52,0,0,2.72,97.27,100.0
2026-06-10,1580,新麥,125.0,125.0,124.0,124.0,115,-30,0,0,5.13,94.86,100.0
2026-06-10,1582,信錦,93.0,95.4,88.5,88.5,6311,234,-1132,-76,4.88,95.11,100.0
2026-06-10,1583,程泰,51.2,52.9,48.9,49.3,101,1,0,0,0.35,99.64,100.0
2026-06-10,1584,精剛,20.05,20.05,19.35,19.55,988,-236,0,-19,5.15,94.84,100.0
2026-06-10,1586,和勤,21.6,21.8,21.35,21.55,414,12,0,0,1.02,98.93,100.0
2026-06-10,1587,吉茂,28.4,29.05,27.7,27.9,516,-89,0,-2,20.58,79.41,100.0
2026-06-10,1590,亞德客-KY,1345.0,1345.0,1270.0,1285.0,562,13,0,-5,80.08,19.91,100.0
2026-06-10,1591,駿吉-KY,31.15,33.3,31.15,31.15,1849,686,0,0,6.9,93.09,100.0
2026-06-10,1593,祺驊,31.65,32.0,31.35,31.5,30,2,0,0,6.01,93.98,100.0
2026-06-10,1594,日高,8.93,9.47,8.74,9.47,15,0,0,0,0.0,0.0,0.0
2026-06-10,1595,川寶,74.2,79.7,71.2,71.2,1424,-87,0,0,4.13,95.86,100.0
2026-06-10,1597,直得,155.0,163.0,147.5,147.5,2773,530,-1,-16,5.68,94.31,100.0
2026-06-10,1598,岱宇,21.0,21.55,20.9,21.0,333,15,0,0,2.25,97.74,100.0
2026-06-10,1599,宏佳騰,23.7,23.7,23.25,23.25,80,-5,0,0,7.34,92.65,100.0
2026-06-10,1603,華電,31.7,32.2,31.6,31.6,331,-46,0,5,1.96,98.03,100.0
2026-06-10,1604,聲寶,23.25,23.35,23.15,23.3,232,49,0,1,7.5,92.49,100.0
2026-06-10,1605,華新,36.3,36.7,34.75,34.8,43859,-1573,172,-1023,15.8,84.19,100.0
2026-06-10,1608,華榮,33.9,34.7,33.6,33.65,4362,-728,-9,-11,3.58,96.41,100.0
2026-06-10,1609,大亞,37.2,38.05,36.6,36.65,6287,-64,0,-124,11.56,88.43,100.0
2026-06-10,1611,中電,13.5,13.9,13.45,13.55,1463,153,0,26,10.44,89.55,100.0
2026-06-10,1612,宏泰,37.8,38.2,37.3,37.35,1759,-125,-8,-82,18.32,81.67,100.0
2026-06-10,1614,三洋電,31.6,32.0,31.45,31.55,108,-34,0,-3,2.24,97.75,100.0
2026-06-10,1615,大山,44.55,44.85,44.55,44.6,191,15,0,1,0.96,99.03,100.0
2026-06-10,1616,億泰,22.65,22.85,22.05,22.15,693,26,0,3,1.68,98.31,100.0
2026-06-10,1617,榮星,16.6,16.8,16.1,16.15,197,16,0,0,19.36,80.63,100.0
2026-06-10,1618,合機,46.45,46.5,43.2,43.4,6713,380,0,181,1.53,98.46,100.0
2026-06-10,1623,大東電,221.0,222.5,215.5,215.5,233,-4,0,-6,0.46,99.53,100.0
2026-06-10,1626,艾美特-KY,10.0,10.05,9.97,9.98,160,0,0,-2,43.81,56.18,100.0
2026-06-10,1702,南僑,31.05,31.5,31.05,31.45,366,150,0,0,7.82,92.17,100.0
2026-06-10,1707,葡萄王,102.0,103.0,101.0,102.0,325,98,0,0,14.03,85.96,100.0
2026-06-10,1708,東鹼,45.5,47.95,45.45,46.5,14202,-124,0,-31,14.38,85.61,100.0
2026-06-10,1709,和益,20.6,21.7,20.5,21.15,5010,1735,0,-5,4.6,95.39,100.0
2026-06-10,1710,東聯,14.45,14.55,14.2,14.25,6869,993,0,-99,5.46,94.53,100.0
2026-06-10,1711,永光,45.6,46.65,42.2,42.3,10829,-801,0,-135,4.51,95.48,100.0
2026-06-10,1712,興農,39.1,39.5,38.95,39.15,807,194,0,2,13.94,86.05,100.0
2026-06-10,1713,國化,48.7,49.0,48.2,48.2,139,-50,0,-2,1.34,98.65,100.0
2026-06-10,1714,和桐,14.25,14.7,12.9,13.1,110513,2728,0,-6114,22.69,77.3,100.0
2026-06-10,1717,長興,71.1,72.2,67.5,67.8,13879,-923,0,-778,9.98,90.01,100.0
2026-06-10,1718,中纖,9.41,9.41,8.85,8.9,17099,752,0,335,6.59,93.4,100.0
2026-06-10,1720,生達,62.6,62.9,62.0,62.6,348,-2,0,7,5.26,94.73,100.0
2026-06-10,1721,三晃,24.9,25.3,23.45,23.5,2394,-33,0,-1,1.62,98.37,100.0
2026-06-10,1722,台肥,47.45,47.75,47.15,47.3,2421,879,0,-7,7.94,92.05,100.0
2026-06-10,1723,中碳,82.6,84.1,82.4,83.9,590,198,21,-16,8.44,91.55,100.0
2026-06-10,1725,元禎,31.1,31.65,30.75,30.95,125,-13,0,0,0.41,99.58,100.0
2026-06-10,1726,永記,77.6,78.6,77.6,78.2,37,-8,0,-3,12.8,87.19,100.0
2026-06-10,1727,中華化,92.9,94.5,86.4,87.1,6768,9,0,1,3.02,96.97,100.0
2026-06-10,1730,花仙子,53.3,53.3,52.6,52.6,67,-34,0,2,6.62,93.37,100.0
2026-06-10,1731,美吾華,21.45,21.6,21.45,21.5,92,-53,0,-2,0.93,99.06,100.0
2026-06-10,1732,毛寶,26.45,26.55,26.25,26.3,118,27,0,0,2.58,97.41,100.0
2026-06-10,1733,五鼎,28.5,29.1,28.5,28.7,175,-1,0,-1,3.18,96.81,100.0
2026-06-10,1734,杏輝,31.25,31.45,31.25,31.3,199,73,0,-2,5.23,94.76,100.0
2026-06-10,1735,日勝化,23.8,24.2,22.95,22.95,392,-53,-1,-3,51.04,48.95,100.0
2026-06-10,1736,喬山,108.5,117.0,107.5,112.0,1182,363,67,0,4.7,95.29,100.0
2026-06-10,1737,臺鹽,31.5,31.75,31.5,31.7,95,3,0,-3,8.6,91.39,100.0
2026-06-10,1742,台蠟,15.0,15.2,14.6,14.6,52,0,0,0,0.21,99.78,100.0
2026-06-10,1752,南光,33.1,33.15,32.85,32.85,57,-23,0,-1,1.55,98.44,100.0
2026-06-10,1760,寶齡富錦,61.4,62.3,61.1,61.5,248,87,0,-1,11.08,88.91,100.0
2026-06-10,1762,中化生,40.25,41.2,39.2,39.5,628,-75,0,6,2.86,97.13,100.0
2026-06-10,1773,勝一,172.0,175.5,168.0,168.5,666,-28,0,-32,7.5,92.49,100.0
2026-06-10,1776,展宇,18.9,18.9,17.9,17.9,183,7,0,-1,0.92,99.07,100.0
2026-06-10,1777,生泰,71.6,72.1,71.6,72.1,26,1,0,0,0.97,99.02,100.0
2026-06-10,1780,立弘,30.55,30.5,29.0,29.3,392,2,0,0,0.0,0.0,0.0
2026-06-10,1781,合世,12.35,12.35,11.9,11.9,111,3,0,0,0.64,99.35,100.0
2026-06-10,1783,和康生,38.7,39.0,38.7,38.9,81,-20,0,1,7.11,92.88,100.0
2026-06-10,1784,訊聯,67.8,68.5,66.2,66.3,171,1,0,-3,3.75,96.24,100.0
2026-06-10,1785,光洋科,132.0,140.0,131.5,132.5,11833,668,3,0,12.98,87.01,100.0
2026-06-10,1786,科妍,58.6,59.8,56.2,56.9,570,3,0,0,1.77,98.22,100.0
2026-06-10,1788,杏昌,135.0,135.0,134.5,135.0,44,-1,0,0,11.12,88.87,100.0
2026-06-10,1789,神隆,20.25,20.3,19.75,20.0,1572,-38,0,6,1.71,98.28,100.0
2026-06-10,1795,美時,200.0,205.5,200.0,202.0,2507,484,1,15,52.5,47.49,100.0
2026-06-10,1796,金穎生技,34.6,34.6,33.55,34.35,16,-1,0,0,0.78,99.21,100.0
2026-06-10,1799,易威,33.15,33.15,31.1,31.8,114,19,0,0,11.83,88.16,100.0
2026-06-10,1802,台玻,62.0,63.6,60.0,60.1,37816,733,0,-973,4.02,95.97,100.0
2026-06-10,1805,寶徠,10.3,11.1,10.2,10.55,413,-15,0,18,0.39,99.6,100.0
2026-06-10,1806,冠軍,8.38,8.38,8.13,8.19,867,47,0,0,9.57,90.42,100.0
2026-06-10,1808,潤隆,30.8,31.9,30.0,31.5,3339,-239,0,-9,4.16,95.83,100.0
2026-06-10,1809,中釉,55.9,59.0,50.7,50.7,25167,-992,0,-2,1.77,98.22,100.0
2026-06-10,1810,和成,21.2,21.9,21.1,21.1,6119,1012,0,9,3.85,96.14,100.0
2026-06-10,1813,寶利徠,11.7,11.8,11.55,11.8,24,5,0,0,9.47,90.52,100.0
2026-06-10,1815,富喬,97.1,97.9,91.2,91.4,20186,-77,-40,-732,7.12,92.87,100.0
2026-06-10,1817,凱撒衛,39.5,39.5,39.1,39.2,69,-15,0,-1,1.63,98.36,100.0
2026-06-10,1903,士紙,47.4,48.4,47.4,47.65,229,14,0,-3,10.69,89.3,100.0
2026-06-10,1904,正隆,22.85,23.95,22.8,23.15,9441,1967,0,68,9.83,90.16,100.0
2026-06-10,1905,華紙,12.95,13.4,12.9,12.95,7744,466,-6,159,2.1,97.89,100.0
2026-06-10,1906,寶隆,11.05,11.6,11.05,11.15,474,-105,0,0,0.66,99.33,100.0
2026-06-10,1907,永豐餘,25.25,26.35,25.25,26.1,2197,653,0,-5,12.18,87.81,100.0
2026-06-10,1909,榮成,9.54,10.1,9.54,9.8,7301,1596,0,153,8.03,91.96,100.0
2026-06-10,2002,中鋼,18.75,19.1,18.65,18.7,45094,5174,370,373,12.21,87.78,100.0
2026-06-10,2006,東和鋼鐵,66.3,67.4,66.1,66.6,2596,1216,-12,23,19.16,80.83,100.0
2026-06-10,2007,燁興,7.36,7.44,7.3,7.3,425,-111,0,-6,0.71,99.28,100.0
2026-06-10,2008,高興昌,29.55,29.8,29.45,29.45,62,-21,0,-4,7.71,92.28,100.0
2026-06-10,2009,第一銅,39.5,40.05,39.0,39.0,2932,-740,0,-55,1.21,98.78,100.0
2026-06-10,2010,春源,23.95,24.15,23.9,24.0,1384,269,0,4,8.91,91.08,100.0
2026-06-10,2012,春雨,14.25,14.3,14.0,14.15,71,-18,0,-6,1.38,98.61,100.0
2026-06-10,2013,中鋼構,42.3,42.7,42.15,42.6,155,4,0,1,7.09,92.9,100.0
2026-06-10,2014,中鴻,17.8,18.1,17.45,17.5,5587,-120,0,24,5.58,94.41,100.0
2026-06-10,2015,豐興,61.5,62.6,61.5,61.9,331,141,0,-1,12.37,87.62,100.0
2026-06-10,2017,官田鋼,9.16,9.35,9.16,9.22,535,-37,0,-6,1.98,98.01,100.0
2026-06-10,2020,美亞,21.55,21.6,21.35,21.5,501,166,0,10,1.65,98.34,100.0
2026-06-10,2022,聚亨,7.8,7.94,7.79,7.79,897,-3,0,-4,2.42,97.57,100.0
2026-06-10,2023,燁輝,13.6,13.8,13.6,13.7,1437,650,0,-6,3.9,96.09,100.0
2026-06-10,2024,志聯,13.9,14.0,13.9,13.9,9,-5,0,-1,0.45,99.54,100.0
2026-06-10,2025,千興,14.9,14.95,14.0,14.45,1502,36,0,3,0.88,99.11,100.0
2026-06-10,2027,大成鋼,42.6,43.55,42.35,42.5,21898,11823,-8527,-12,21.41,78.58,100.0
2026-06-10,2028,威致,16.45,16.65,16.45,16.45,134,-47,0,-3,0.76,99.23,100.0
2026-06-10,2029,盛餘,20.55,20.8,20.45,20.7,352,68,0,-1,66.83,33.16,100.0
2026-06-10,2030,彰源,18.9,19.25,18.5,18.65,2521,124,0,0,4.25,95.74,100.0
2026-06-10,2031,新光鋼,41.6,42.35,41.45,41.65,1804,-338,-7,1,8.12,91.87,100.0
2026-06-10,2032,新鋼,17.6,18.0,17.2,17.25,801,143,0,11,3.93,96.06,100.0
2026-06-10,2033,佳大,15.65,15.65,15.4,15.65,117,-9,0,-1,0.79,99.2,100.0
2026-06-10,2034,允強,19.95,20.2,19.95,19.95,1456,515,0,-4,3.94,96.05,100.0
2026-06-10,2035,唐榮,27.5,28.0,27.5,28.0,2,0,0,0,0.0,99.99,100.0
2026-06-10,2038,海光,13.7,13.85,13.55,13.55,436,-53,0,-9,1.64,98.35,100.0
2026-06-10,2049,上銀,338.0,341.5,325.5,326.0,3457,167,-21,-107,35.66,64.33,100.0
2026-06-10,2059,川湖,6610.0,6875.0,6345.0,6370.0,934,30,8,-22,24.22,75.77,100.0
2026-06-10,2061,風青,36.7,37.95,36.6,36.6,379,27,0,0,5.07,94.92,100.0
2026-06-10,2062,橋椿,18.9,19.1,18.75,18.9,304,88,0,-4,7.25,92.74,100.0
2026-06-10,2063,世鎧,24.95,25.35,24.9,25.2,26,-2,0,0,1.01,98.98,100.0
2026-06-10,2064,晉椿,14.85,16.3,14.85,15.4,300,17,0,2,0.08,99.91,100.0
2026-06-10,2065,世豐,34.4,34.4,33.15,33.9,51,-1,0,0,0.65,99.34,100.0
2026-06-10,2066,世德,60.6,61.0,59.0,60.5,129,-37,0,0,9.42,90.57,100.0
2026-06-10,2067,嘉鋼,6.26,6.28,6.24,6.28,17,0,0,0,11.28,88.71,100.0
2026-06-10,2069,運錩,19.85,20.0,19.5,19.65,475,-44,0,8,2.79,97.2,100.0
2026-06-10,2070,精湛,62.3,65.5,62.3,62.7,587,-25,0,0,1.18,98.81,100.0
2026-06-10,2071,震南鐵,20.14,20.75,19.95,20.75,55,0,0,0,0.0,0.0,0.0
2026-06-10,2072,世紀風電,182.0,187.0,182.0,182.0,509,-72,100,3,2.07,97.92,100.0
2026-06-10,2073,雄順,26.2,26.2,26.0,26.0,2,0,0,0,0.04,99.96,100.0
2026-06-10,2101,南港,32.35,33.25,32.1,32.75,2716,1195,0,-8,5.93,94.06,100.0
2026-06-10,2102,泰豐,17.85,18.45,17.85,18.2,427,98,0,-19,2.82,97.17,100.0
2026-06-10,2103,台橡,21.0,21.45,20.95,21.05,3283,1080,0,148,22.39,77.6,100.0
2026-06-10,2104,國際中橡,10.5,10.7,10.45,10.55,2526,207,0,8,5.55,94.44,100.0
2026-06-10,2105,正新,33.8,34.9,33.8,34.55,27878,-11833,14094,-26,7.46,92.53,100.0
2026-06-10,2106,建大,17.6,18.3,17.6,18.15,767,253,0,-2,8.46,91.53,100.0
2026-06-10,2107,厚生,25.5,25.9,25.45,25.85,496,40,0,-4,6.12,93.87,100.0
2026-06-10,2108,南帝,28.85,29.4,28.05,28.25,2033,-173,0,3,5.16,94.83,100.0
2026-06-10,2109,華豐,14.25,14.3,14.15,14.15,79,0,0,-3,15.11,84.88,100.0
2026-06-10,2114,鑫永銓,89.0,89.2,88.5,88.6,115,-12,0,-2,3.91,96.08,100.0
2026-06-10,2115,六暉-KY,22.0,22.25,21.95,21.95,102,0,0,1,44.23,55.76,100.0
2026-06-10,2201,裕隆,27.75,28.1,27.5,27.6,3127,1582,0,-59,4.45,95.54,100.0
2026-06-10,2204,中華,55.5,56.3,55.0,55.9,1422,279,-5,1,17.94,82.05,100.0
2026-06-10,2206,三陽工業,60.5,62.0,60.5,61.5,749,281,0,11,5.9,94.09,100.0
2026-06-10,2207,和泰車,481.0,493.0,473.5,487.0,1870,-622,1,8,20.84,79.15,100.0
2026-06-10,2208,台船,17.65,18.15,17.65,17.85,2655,410,-4,-12,7.57,92.42,100.0
2026-06-10,2211,長榮鋼,92.5,93.4,92.4,92.4,636,124,-3,26,3.84,96.15,100.0
2026-06-10,2221,大甲,43.7,44.85,41.85,42.0,806,-160,0,0,1.21,98.78,100.0
2026-06-10,2227,裕日車,48.45,48.95,48.45,48.9,44,-17,0,-2,40.35,59.64,100.0
2026-06-10,2228,劍麟,85.1,87.0,84.1,84.1,219,55,0,-1,3.31,96.68,100.0
2026-06-10,2230,泰茂,28.0,28.0,27.0,27.0,244,3,0,-2,2.77,97.22,100.0
2026-06-10,2231,為升,95.4,96.4,92.7,93.0,359,4,0,-10,4.77,95.22,100.0
2026-06-10,2233,宇隆,297.0,311.5,290.0,290.0,950,31,0,-35,6.41,93.58,100.0
2026-06-10,2235,謚源,30.0,30.0,30.0,30.0,1,0,0,0,0.03,99.96,100.0
2026-06-10,2236,百達-KY,134.0,135.5,131.5,134.0,339,-158,0,-1,51.59,48.4,100.0
2026-06-10,2237,華德動能,38.06,42.5,38.15,39.0,696,22,0,0,0.0,0.0,0.0
2026-06-10,2239,英利-KY,23.55,23.55,22.95,22.95,51,-2,0,0,75.32,24.67,100.0
2026-06-10,2241,艾姆勒,39.7,42.7,39.6,41.55,6079,1155,0,-6,11.51,88.48,100.0
2026-06-10,2243,宏旭-KY,28.0,31.2,28.0,30.8,2128,496,0,0,29.45,70.54,100.0
2026-06-10,2245,詠勝昌*,27.08,28.0,26.6,27.0,19,0,0,0,0.0,0.0,0.0
2026-06-10,2247,汎德永業,224.5,233.0,224.5,231.0,159,29,0,-1,3.74,96.25,100.0
2026-06-10,2248,華勝-KY,55.7,57.4,55.7,56.4,52,12,0,-1,50.37,49.62,100.0
2026-06-10,2249,湧盛,119.05,120.0,117.0,118.5,21,0,0,0,0.0,0.0,0.0
2026-06-10,2250,IKKA-KY,61.4,62.1,60.5,60.5,84,-21,0,1,7.08,92.9,100.0
2026-06-10,2252,為昇科,16.39,16.95,16.1,16.9,47,0,0,0,0.0,0.0,0.0
2026-06-10,2254,巨鎧精密-創,61.2,63.6,59.9,60.2,85,-7,0,-5,23.79,76.2,100.0
2026-06-10,2255,凱銳光電,18.11,18.5,18.0,18.0,11,0,0,0,0.0,0.0,0.0
2026-06-10,2256,歐特明,84.73,85.5,77.5,80.0,187,-5,0,0,0.0,0.0,0.0
2026-06-10,2258,鴻華先進-創,30.2,30.75,30.05,30.05,777,-169,-9,-168,0.3,99.69,100.0
2026-06-10,2301,光寶科,227.0,230.5,212.0,213.0,37263,-1722,-54,-832,40.45,59.54,100.0
2026-06-10,2302,麗正,33.0,33.55,32.0,32.0,918,-71,0,9,2.75,97.24,100.0
2026-06-10,2303,聯電,126.5,130.5,117.5,118.5,346766,14600,-71828,2812,39.79,60.2,100.0
2026-06-10,2305,全友,23.0,25.3,22.45,22.65,11663,184,0,5,6.31,93.68,100.0
2026-06-10,2308,台達電,2370.0,2410.0,2190.0,2200.0,18810,-6909,-252,-76,64.01,35.98,100.0
2026-06-10,2312,金寶,35.9,37.85,34.8,34.85,69192,-5532,0,-1191,8.98,91.01,100.0
2026-06-10,2313,華通,270.0,281.5,258.5,259.0,86302,-3974,-33,-365,22.18,77.81,100.0
2026-06-10,2314,台揚,15.3,15.8,15.3,15.55,169,-5,0,0,1.6,98.39,100.0
2026-06-10,2316,楠梓電,166.5,171.0,156.5,157.0,5662,483,0,-147,34.8,65.19,100.0
2026-06-10,2317,鴻海,271.0,274.0,262.5,263.0,93369,-15652,-164,-2576,41.3,58.69,100.0
2026-06-10,2321,東訊,13.2,13.2,13.2,13.2,4,0,0,0,0.01,99.98,100.0
2026-06-10,2323,中環,11.05,11.5,10.85,10.9,12341,1917,0,-234,10.82,89.17,100.0
2026-06-10,2324,仁寶,37.65,39.35,36.95,37.1,130375,-11713,0,-2153,36.22,63.77,100.0
2026-06-10,2327,國巨*,864.0,908.0,803.0,819.0,100512,-6205,8362,-1623,49.51,50.48,100.0
2026-06-10,2328,廣宇,52.1,55.0,51.2,51.3,8018,446,0,-249,8.63,91.36,100.0
2026-06-10,2329,華泰,55.4,56.6,52.7,52.7,8107,-690,0,-515,9.88,90.11,100.0
2026-06-10,2330,台積電,2285.0,2300.0,2255.0,2255.0,54194,-15542,-3,-730,69.98,30.01,100.0
2026-06-10,2331,精英,21.75,22.6,20.55,21.15,6175,840,-8,-40,5.73,94.26,100.0
2026-06-10,2332,友訊,15.4,16.25,15.25,15.6,7600,822,0,42,11.7,88.29,100.0
2026-06-10,2337,旺宏,141.5,144.0,135.0,135.0,24873,-3868,-380,-1822,30.29,69.7,100.0
2026-06-10,2338,光罩,47.0,48.1,44.3,44.45,4942,-1521,0,-113,4.3,95.69,100.0
2026-06-10,2340,台亞,34.05,35.3,32.75,32.75,5240,-70,0,-193,8.56,91.43,100.0
2026-06-10,2342,茂矽,41.0,42.0,38.8,38.85,7074,-2119,0,-4,5.85,94.14,100.0
2026-06-10,2344,華邦電,152.0,163.5,148.0,149.0,185310,27744,783,-2432,23.1,76.89,100.0
2026-06-10,2345,智邦,2590.0,2630.0,2360.0,2365.0,4169,-142,18,-131,58.21,41.78,100.0
2026-06-10,2347,聯強,90.0,97.1,90.0,92.2,18930,-7027,7943,28,29.78,70.21,100.0
2026-06-10,2348,海悅,71.0,78.1,70.2,78.1,5909,-15,0,40,0.93,99.06,100.0
2026-06-10,2349,錸德,13.4,13.75,13.0,13.05,5689,-1981,0,-9,14.57,85.42,100.0
2026-06-10,2351,順德,189.0,189.0,173.5,175.0,8943,1290,234,-157,16.39,83.6,100.0
2026-06-10,2352,佳世達,30.2,31.15,30.0,30.1,8307,1117,116,-125,9.87,90.12,100.0
2026-06-10,2353,宏碁,36.6,37.8,36.15,36.2,54151,-1275,-31,-67,9.29,90.7,100.0
2026-06-10,2354,鴻準,57.7,58.4,56.1,56.3,9575,-2146,0,-204,10.69,89.3,100.0
2026-06-10,2355,敬鵬,54.8,56.7,53.3,53.4,11907,22,-4,-65,14.64,85.35,100.0
2026-06-10,2356,英業達,68.6,71.1,65.6,66.2,66829,8768,-70,-1240,17.17,82.82,100.0
2026-06-10,2357,華碩,820.0,826.0,793.0,796.0,6712,282,-719,80,34.43,65.56,100.0
2026-06-10,2359,所羅門,147.5,150.0,135.0,135.5,10883,492,0,-257,3.9,96.09,100.0
2026-06-10,2360,致茂,2330.0,2370.0,2205.0,2210.0,3194,396,-457,29,58.45,41.54,100.0
2026-06-10,2362,藍天,46.95,48.3,46.1,46.15,2612,355,0,10,10.2,89.79,100.0
2026-06-10,2363,矽統,57.5,59.3,55.0,55.1,7035,-357,0,-172,8.38,91.61,100.0
2026-06-10,2364,倫飛,70.9,71.4,68.4,68.6,552,73,0,-13,15.37,84.62,100.0
2026-06-10,2365,昆盈,35.4,35.95,33.8,33.8,2167,-567,0,-8,2.57,97.42,100.0
2026-06-10,2367,燿華,63.6,68.0,63.2,63.3,63545,11096,0,141,7.71,92.28,100.0
2026-06-10,2368,金像電,1500.0,1580.0,1415.0,1420.0,9767,61,387,-172,26.66,73.33,100.0
2026-06-10,2369,菱生,32.6,33.45,31.0,31.1,11975,-2820,0,-142,17.11,82.88,100.0
2026-06-10,2371,大同,28.7,28.95,28.25,28.25,12369,-1920,126,-581,6.71,93.28,100.0
2026-06-10,2373,震旦行,56.7,57.6,56.7,57.2,40,-8,0,-3,0.85,99.14,100.0
2026-06-10,2374,佳能,73.5,77.5,71.6,71.6,8882,-870,0,-153,4.36,95.63,100.0
2026-06-10,2375,凱美,162.0,178.0,158.5,158.5,8342,1054,0,24,14.92,85.07,100.0
2026-06-10,2376,技嘉,350.0,357.0,343.0,344.5,15746,1213,17,-357,23.47,76.52,100.0
2026-06-10,2377,微星,135.0,140.5,132.0,132.0,25851,1091,39,-369,13.59,86.4,100.0
2026-06-10,2379,瑞昱,635.0,657.0,633.0,645.0,6677,-1418,2572,-101,48.64,51.35,100.0
2026-06-10,2380,虹光,5.7,5.7,5.6,5.6,228,1,0,0,0.27,99.72,100.0
2026-06-10,2382,廣達,370.0,380.5,363.5,380.5,46184,-9201,20635,-425,20.83,79.16,100.0
2026-06-10,2383,台光電,5080.0,5245.0,4875.0,4940.0,2802,302,97,-43,43.49,56.5,100.0
2026-06-10,2385,群光,137.0,140.0,136.5,139.0,3886,-1451,-30,-5,18.42,81.57,100.0
2026-06-10,2387,精元,41.0,41.5,40.05,40.2,815,-70,0,0,10.05,89.94,100.0
2026-06-10,2388,威盛,65.5,67.1,64.0,64.1,3989,-132,-7,234,12.99,87.0,100.0
2026-06-10,2390,云辰,12.0,12.5,11.55,11.55,1753,104,0,-8,3.93,96.06,100.0
2026-06-10,2392,正崴,39.0,39.35,37.3,37.4,2694,-163,0,-206,7.04,92.95,100.0
2026-06-10,2393,億光,69.0,71.3,68.2,68.5,6268,-389,-18,161,29.39,70.6,100.0
2026-06-10,2395,研華,485.0,493.0,462.0,465.5,3732,74,15,-61,35.32,64.67,100.0
2026-06-10,2397,友通,60.6,65.0,60.6,62.2,1134,204,0,0,13.02,86.97,100.0
2026-06-10,2399,映泰,47.55,49.2,44.1,44.15,9318,-2212,-2,-2,7.99,92.0,100.0
2026-06-10,2401,凌陽,25.75,26.95,25.3,25.35,4590,468,0,-213,13.77,86.22,100.0
2026-06-10,2402,毅嘉,63.0,64.5,59.7,59.7,5577,-357,0,-322,6.07,93.92,100.0
2026-06-10,2404,漢唐,1170.0,1210.0,1150.0,1150.0,4162,221,-76,-74,35.81,64.18,100.0
2026-06-10,2405,輔信,19.5,20.25,18.55,18.6,7479,604,0,4,4.84,95.15,100.0
2026-06-10,2406,國碩,34.1,37.9,34.1,35.85,37490,1739,0,-2,17.3,82.69,100.0
2026-06-10,2408,南亞科,351.5,366.5,330.0,333.0,99760,-1155,522,-2861,13.97,86.02,100.0
2026-06-10,2409,友達,23.4,24.7,22.85,22.95,368098,9835,-4,-2101,11.07,88.92,100.0
2026-06-10,2412,中華電,141.5,144.0,141.5,144.0,14713,5096,129,187,16.87,32.12,49.0
2026-06-10,2413,環科,55.1,59.6,55.1,59.6,21280,5676,0,39,8.78,91.21,100.0
2026-06-10,2414,精技,57.0,62.5,56.9,57.5,2482,-4,0,-4,5.62,94.37,100.0
2026-06-10,2415,錩新,27.3,27.35,26.7,26.7,124,-21,0,-1,21.04,78.95,100.0
2026-06-10,2417,圓剛,47.0,48.55,45.6,45.85,1643,143,0,-3,2.58,97.41,100.0
2026-06-10,2419,仲琦,28.15,29.25,27.8,27.85,2412,-735,-2,-56,1.15,98.84,100.0
2026-06-10,2420,新巨,64.2,64.7,63.0,63.2,610,25,0,-1,8.07,91.92,100.0
2026-06-10,2421,建準,152.0,155.0,145.0,145.0,6936,-1741,-1,-139,29.05,70.94,100.0
2026-06-10,2423,固緯,76.9,77.7,73.2,74.0,262,28,0,4,4.99,95.0,100.0
2026-06-10,2424,隴華,12.05,12.05,10.95,10.95,118,-13,0,0,0.56,48.43,49.0
2026-06-10,2425,承啟,33.4,34.75,33.05,33.15,665,-186,0,0,10.28,89.71,100.0
2026-06-10,2426,鼎元,67.2,69.6,61.4,61.4,21341,-3181,0,-68,5.12,94.87,100.0
2026-06-10,2427,三商電,22.95,23.15,22.25,22.3,2250,-75,0,-1,2.69,97.3,100.0
2026-06-10,2428,興勤,283.0,307.0,283.0,286.0,7506,-101,-1,-41,19.0,80.99,100.0
2026-06-10,2429,銘旺科,40.9,41.35,39.5,39.5,506,-27,0,0,0.67,99.32,100.0
2026-06-10,2430,燦坤,18.55,18.6,18.4,18.55,161,9,0,2,2.7,97.29,100.0
2026-06-10,2431,聯昌,10.85,11.1,10.7,10.7,470,-42,0,-2,1.53,98.46,100.0
2026-06-10,2432,倚天,28.4,28.55,27.95,27.95,69,-31,0,6,0.64,99.35,100.0
2026-06-10,2432,倚天酷碁-創,28.4,28.55,27.95,27.95,69,-31,0,6,0.64,99.35,100.0
2026-06-10,2433,互盛電,43.2,43.7,43.2,43.7,48,-6,0,-2,0.9,99.09,100.0
2026-06-10,2434,統懋,34.2,34.5,32.1,32.45,75,4,0,-1,1.06,98.93,100.0
2026-06-10,2436,偉詮電,66.0,68.7,64.1,64.3,3821,-235,0,-80,9.37,90.62,100.0
2026-06-10,2438,翔耀,22.5,23.5,22.5,22.5,228,-18,0,-1,1.28,98.71,100.0
2026-06-10,2439,美律,90.6,91.6,89.5,89.5,1607,242,-2,-117,13.11,86.88,100.0
2026-06-10,2440,太空梭,17.35,17.95,17.0,17.05,1153,229,0,8,2.46,97.53,100.0
2026-06-10,2441,超豐,124.0,129.0,120.0,120.5,8777,-2001,-183,-488,9.36,90.63,100.0
2026-06-10,2442,新美齊,19.25,20.3,19.25,20.0,5199,1033,0,6,2.04,97.95,100.0
2026-06-10,2444,兆勁,13.25,13.65,12.95,12.95,682,183,0,-1,4.43,95.56,100.0
2026-06-10,2449,京元電子,287.0,291.0,271.5,272.0,31183,-12901,-61,-906,29.13,70.86,100.0
2026-06-10,2450,神腦,30.3,30.9,30.3,30.8,217,78,0,-1,1.39,98.6,100.0
2026-06-10,2451,創見,302.0,313.0,291.5,293.0,7192,1577,-2600,-41,13.88,86.11,100.0
2026-06-10,2453,凌群,57.9,58.2,56.1,56.2,530,-41,0,0,5.3,94.69,100.0
2026-06-10,2454,聯發科,4315.0,4520.0,4120.0,4155.0,17412,-2148,418,132,55.83,44.16,100.0
2026-06-10,2455,全新,365.5,382.0,355.5,355.5,14717,-2633,120,-818,25.4,74.59,100.0
2026-06-10,2457,飛宏,30.05,32.7,29.4,29.5,34043,783,0,-163,6.94,93.05,100.0
2026-06-10,2458,義隆,158.0,159.0,146.0,146.5,5684,-2489,-343,-143,23.29,76.7,100.0
2026-06-10,2459,敦吉,68.0,70.0,68.0,69.1,258,-43,0,0,16.28,83.71,100.0
2026-06-10,2460,建通,31.0,32.2,30.9,31.05,581,-34,0,0,0.75,99.24,100.0
2026-06-10,2461,光群雷,19.2,20.8,19.0,19.45,8279,997,0,18,7.85,92.14,100.0
2026-06-10,2462,良得電,25.35,27.3,25.3,25.95,3608,-97,0,6,1.31,98.68,100.0
2026-06-10,2464,盟立,150.0,158.5,145.0,146.0,14658,1116,0,-57,11.19,88.8,100.0
2026-06-10,2465,麗臺,79.6,82.0,77.0,77.1,1684,26,0,-1,3.9,96.09,100.0
2026-06-10,2466,冠西電,43.5,45.0,43.5,44.0,272,-9,0,-2,10.45,89.54,100.0
2026-06-10,2467,志聖,568.0,579.0,540.0,540.0,1663,125,-19,-12,19.89,80.1,100.0
2026-06-10,2468,華經,43.1,46.0,41.25,41.25,4996,42,0,0,0.55,99.44,100.0
2026-06-10,2471,資通,53.4,54.3,53.0,53.0,288,0,0,11,5.72,94.27,100.0
2026-06-10,2472,立隆電,365.0,400.0,335.5,335.5,4630,49,-2,-23,10.21,89.78,100.0
2026-06-10,2474,可成,214.5,214.5,203.5,204.5,13200,-2741,-1132,-162,20.01,79.98,100.0
2026-06-10,2476,鉅祥,123.5,127.5,118.0,118.5,5077,294,0,-165,11.55,88.44,100.0
2026-06-10,2477,美隆電,22.2,22.45,21.85,21.9,248,-63,0,0,23.75,76.24,100.0
2026-06-10,2478,大毅,164.0,183.5,163.5,170.0,27954,4185,0,22,15.83,84.16,100.0
2026-06-10,2480,敦陽科,158.5,161.0,158.0,158.5,598,4,-2,-1,9.97,90.02,100.0
2026-06-10,2481,強茂,143.0,149.0,135.0,135.5,36784,2442,-66,-1787,22.32,77.67,100.0
2026-06-10,2482,連宇,16.75,16.75,16.5,16.6,218,-108,0,0,1.49,98.5,100.0
2026-06-10,2483,百容,32.4,35.85,31.3,31.5,10201,462,0,-2,1.82,98.17,100.0
2026-06-10,2484,希華,60.6,65.1,57.2,58.1,99701,3216,0,21,8.72,91.27,100.0
2026-06-10,2485,兆赫,66.0,69.7,63.4,63.4,19331,383,-3,-284,1.82,98.17,100.0
2026-06-10,2486,一詮,249.0,276.0,245.0,246.0,13560,788,0,-340,12.49,87.5,100.0
2026-06-10,2488,漢平,52.6,53.9,52.5,52.7,121,-18,0,0,6.8,93.19,100.0
2026-06-10,2489,瑞軒,43.6,45.0,40.7,40.8,26669,1578,0,-1117,5.18,94.81,100.0
2026-06-10,2491,吉祥全,30.45,31.0,29.5,29.55,427,-13,0,2,7.33,92.66,100.0
2026-06-10,2492,華新科,450.0,482.5,407.5,407.5,5260,414,33,-114,26.77,73.22,100.0
2026-06-10,2493,揚博,166.0,185.5,163.5,180.5,13303,2477,-2,18,6.52,93.47,100.0
2026-06-10,2495,普安,50.4,51.7,47.6,48.1,12595,-200,0,-61,9.24,90.75,100.0
2026-06-10,2496,卓越,65.6,65.6,64.4,64.5,17,-8,0,0,23.27,76.72,100.0
2026-06-10,2497,怡利電,64.2,69.0,63.5,63.7,1905,202,0,-14,4.1,95.89,100.0
2026-06-10,2498,宏達電,42.5,43.75,41.8,41.8,6148,-337,0,-100,8.31,91.68,100.0
2026-06-10,2501,國建,24.4,26.6,23.9,26.6,21728,1352,0,32,12.31,87.68,100.0
2026-06-10,2504,國產,35.85,37.5,35.7,37.2,7933,1144,-115,66,6.72,93.27,100.0
2026-06-10,2505,國揚,19.05,20.5,18.4,19.3,2213,-1,0,-1,3.56,96.43,100.0
2026-06-10,2506,太設,8.94,9.14,8.89,9.0,356,13,0,-5,4.88,95.11,100.0
2026-06-10,2509,全坤建,12.95,14.3,12.95,14.3,857,27,0,141,1.33,98.66,100.0
2026-06-10,2511,太子,7.97,8.3,7.95,8.16,3798,805,0,7,2.5,97.49,100.0
2026-06-10,2514,龍邦,13.4,14.15,13.4,13.75,680,10,0,7,2.27,97.72,100.0
2026-06-10,2515,中工,12.75,13.15,12.75,12.8,18454,518,0,66,7.34,92.65,100.0
2026-06-10,2516,新建,13.25,13.45,12.9,13.1,274,46,0,-3,2.49,97.5,100.0
2026-06-10,2520,冠德,32.35,35.6,32.05,35.6,9908,34,0,53,12.47,87.52,100.0
2026-06-10,2524,京城,33.9,37.5,33.7,37.5,475,-2,0,2,0.77,99.22,100.0
2026-06-10,2527,宏璟,34.45,35.95,34.2,34.6,697,-166,0,2,42.44,57.55,100.0
2026-06-10,2528,皇普,21.5,22.9,21.1,22.35,1433,-285,0,-5,1.01,98.98,100.0
2026-06-10,2530,華建,18.85,20.35,18.8,20.25,2288,358,-8,-85,3.17,96.82,100.0
2026-06-10,2534,宏盛,17.95,19.05,17.95,18.75,3696,-240,0,27,5.79,94.2,100.0
2026-06-10,2535,達欣工,90.5,90.5,86.6,89.7,905,-17,0,-45,6.85,93.14,100.0
2026-06-10,2536,宏普,20.8,21.95,20.8,21.6,1307,269,0,-4,9.07,90.92,100.0
2026-06-10,2537,聯上發,10.1,11.1,10.1,11.1,9551,-618,0,3,2.45,97.54,100.0
2026-06-10,2538,基泰,9.99,10.4,9.92,10.15,1049,66,0,-4,9.97,90.02,100.0
2026-06-10,2539,櫻花建,36.85,40.5,36.5,39.35,4116,-519,0,19,1.76,98.23,100.0
2026-06-10,2540,愛山林,50.5,55.9,50.5,55.3,4230,-147,0,0,1.43,98.56,100.0
2026-06-10,2542,興富發,43.2,46.1,42.65,45.45,60906,-2079,9021,1149,8.65,91.34,100.0
2026-06-10,2543,皇昌,49.5,51.4,48.15,48.9,5928,-326,0,8,1.2,98.79,100.0
2026-06-10,2545,皇翔,37.6,39.9,37.4,39.2,2323,518,0,-2,2.89,97.1,100.0
2026-06-10,2546,根基,90.1,91.7,89.2,90.9,267,57,0,0,3.55,96.44,100.0
2026-06-10,2547,日勝生,10.9,11.5,10.75,11.15,25092,-1413,0,22,12.91,87.08,100.0
2026-06-10,2548,華固,101.5,108.5,100.5,105.5,8431,676,-65,446,16.66,83.33,100.0
2026-06-10,2596,綠意,29.1,31.6,29.1,31.55,241,13,0,0,0.62,99.37,100.0
2026-06-10,2597,潤弘,191.5,200.0,188.5,195.0,4273,68,1710,-1,2.11,97.88,100.0
2026-06-10,2601,益航,5.88,5.99,5.82,5.83,1899,13,0,1,12.75,37.23,49.99
2026-06-10,2603,長榮,223.5,225.5,221.0,223.0,21589,-4625,-665,2248,18.8,31.18,49.99
2026-06-10,2605,新興,30.6,31.2,30.15,30.3,5048,-463,0,-86,48.36,1.62,49.99
2026-06-10,2606,裕民,69.1,69.7,68.1,68.6,5159,-1607,80,-125,14.83,35.15,49.99
2026-06-10,2607,榮運,49.35,49.5,48.9,49.4,446,-44,0,2,8.2,41.78,49.99
2026-06-10,2608,嘉里大榮,30.2,30.5,30.05,30.4,615,-14,0,1,3.0,96.99,100.0
2026-06-10,2609,陽明,51.9,52.1,50.5,50.6,56863,10238,-28958,-90,17.87,32.11,49.99
2026-06-10,2610,華航,19.5,19.85,19.45,19.55,40631,-2254,-3404,25,12.14,37.84,49.99
2026-06-10,2611,志信,14.05,14.05,13.8,13.8,219,45,0,14,1.34,98.65,100.0
2026-06-10,2612,中航,55.7,55.8,54.5,54.6,717,-221,0,-7,3.84,96.15,100.0
2026-06-10,2613,中櫃,21.95,22.25,21.9,21.95,315,54,0,0,1.48,31.84,33.33
2026-06-10,2614,東森,18.95,20.5,18.95,19.4,5067,412,0,-2,3.2,46.78,49.99
2026-06-10,2615,萬海,85.1,85.7,83.1,83.1,11894,-1238,-1,-39,43.23,6.75,49.99
2026-06-10,2616,山隆,13.7,13.75,13.6,13.6,334,24,0,0,2.04,97.95,100.0
2026-06-10,2617,台航,29.65,29.75,29.5,29.65,887,263,0,0,8.8,41.18,49.99
2026-06-10,2618,長榮航,37.0,37.75,36.9,37.25,42301,2989,-5451,1152,19.35,30.63,49.99
2026-06-10,2630,亞航,40.0,40.3,39.3,39.3,766,-173,0,-4,3.72,96.27,100.0
2026-06-10,2633,台灣高鐵,25.25,25.8,25.25,25.8,9342,3682,-30,-18,7.55,41.43,48.99
2026-06-10,2634,漢翔,47.0,47.35,46.5,46.6,4431,419,-4,-46,2.75,7.24,10.0
2026-06-10,2636,台驊控股,70.4,71.0,70.2,70.3,477,259,0,8,9.99,90.0,100.0
2026-06-10,2637,慧洋-KY,77.2,78.2,75.6,76.0,11440,6308,-2147,-164,21.42,78.57,100.0
2026-06-10,2640,大車隊,160.0,160.0,157.5,158.0,43,-14,0,0,4.64,95.35,100.0
2026-06-10,2641,正德,19.25,19.3,18.65,18.65,3166,-201,0,-43,2.75,97.24,100.0
2026-06-10,2642,宅配通,22.3,24.5,21.6,23.05,1695,-209,0,-8,5.19,94.8,100.0
2026-06-10,2643,捷迅,67.0,67.0,65.7,65.8,33,-2,0,0,1.47,98.52,100.0
2026-06-10,2644,中信造船,78.96,78.9,76.1,77.5,102,-3,0,0,0.0,0.0,0.0
2026-06-10,2645,長榮航太,172.5,173.0,168.5,168.5,1733,-352,-2,-31,7.68,92.31,100.0
2026-06-10,2646,星宇航空,20.2,20.35,20.05,20.15,3742,1397,0,-22,2.71,47.27,49.99
2026-06-10,2701,萬企,10.3,10.4,10.3,10.4,94,-40,0,2,0.53,99.46,100.0
2026-06-10,2702,華園,12.75,13.0,12.7,12.7,93,-35,0,5,39.37,60.62,100.0
2026-06-10,2704,國賓,42.65,42.75,42.45,42.75,144,15,0,-1,9.81,90.18,100.0
2026-06-10,2705,六福,15.65,15.65,15.45,15.6,164,-19,0,-3,1.34,98.65,100.0
2026-06-10,2706,第一店,12.1,12.15,12.05,12.15,129,-29,0,-10,2.67,97.32,100.0
2026-06-10,2707,晶華,178.0,181.0,177.5,179.5,258,128,0,0,6.16,93.83,100.0
2026-06-10,2712,遠雄來,14.7,14.7,14.35,14.6,26,-8,0,-2,0.31,99.68,100.0
2026-06-10,2718,晶悅,47.45,48.0,47.05,47.85,49,12,0,0,0.59,99.4,100.0
2026-06-10,2718,全心投控,47.45,48.0,47.05,47.85,49,12,0,0,0.59,99.4,100.0
2026-06-10,2719,燦星旅,25.1,25.15,24.9,24.9,10,-2,0,0,0.18,99.81,100.0
2026-06-10,2722,夏都,22.6,23.0,22.55,22.65,50,-11,0,2,0.34,99.65,100.0
2026-06-10,2723,美食-KY,62.9,64.4,62.4,64.0,401,87,0,0,46.03,53.96,100.0
2026-06-10,2724,富驛-KY,12.85,13.5,11.7,13.5,56,0,0,0,15.09,84.9,100.0
2026-06-10,2724,藝舍-KY,12.85,13.5,11.7,13.5,56,0,0,0,15.09,84.9,100.0
2026-06-10,2726,雅茗-KY,9.83,9.83,9.6,9.7,15,0,0,0,23.57,76.42,100.0
2026-06-10,2727,王品,245.0,247.0,243.0,243.5,494,94,0,-1,28.71,71.28,100.0
2026-06-10,2729,瓦城,156.5,156.5,154.5,154.5,37,-9,0,0,2.11,97.88,100.0
2026-06-10,2731,雄獅,156.0,156.5,154.5,154.5,1438,-418,-139,-78,10.91,89.08,100.0
2026-06-10,2732,六角,68.4,68.4,65.6,65.6,93,-31,0,0,4.33,95.66,100.0
2026-06-10,2733,維格餅家,10.9,10.9,10.4,10.9,36,0,0,0,0.0,0.0,0.0
2026-06-10,2734,易飛網,15.05,15.4,15.05,15.2,60,11,0,0,3.82,96.17,100.0
2026-06-10,2736,富野,11.9,12.0,11.9,11.95,22,-1,0,0,0.73,99.26,100.0
2026-06-10,2739,寒舍,35.95,36.25,35.8,36.2,256,36,0,-1,2.76,97.23,100.0
2026-06-10,2740,天蔥,28.1,28.1,28.1,28.1,1,0,0,0,1.66,98.33,100.0
2026-06-10,2740,華軒,28.1,28.1,28.1,28.1,1,0,0,0,1.66,98.33,100.0
2026-06-10,2741,老四川,20.9,21.0,20.1,20.1,38,0,0,0,0.0,0.0,0.0
2026-06-10,2743,山富,67.6,67.8,66.5,66.5,118,-48,0,0,1.54,98.45,100.0
2026-06-10,2745,五福,104.5,106.0,104.0,104.0,266,-20,0,0,1.66,98.33,100.0
2026-06-10,2748,雲品,39.55,39.75,39.3,39.6,128,36,0,3,1.25,98.74,100.0
2026-06-10,2751,王座,52.0,53.5,52.0,53.5,8,0,0,0,0.42,99.57,100.0
2026-06-10,2752,豆府,176.0,178.0,176.0,176.5,22,-1,0,0,1.37,98.62,100.0
2026-06-10,2753,八方雲集,184.0,187.0,183.5,185.5,513,229,-1,2,4.3,95.69,100.0
2026-06-10,2754,亞洲藏壽司,68.0,68.5,67.8,68.5,29,3,0,0,67.88,32.11,100.0
2026-06-10,2755,揚秦,135.0,137.5,134.0,134.5,84,10,0,0,1.22,98.77,100.0
2026-06-10,2756,聯發國際,60.7,62.9,58.8,61.7,128,-3,0,0,1.25,98.74,100.0
2026-06-10,2758,路易莎咖啡,66.57,67.0,64.0,67.0,0,0,0,0,0.0,0.0,0.0
2026-06-10,2760,巨宇翔,18.98,18.5,18.35,18.4,22,0,0,0,0.0,0.0,0.0
2026-06-10,2761,橘焱胡同,14.98,15.55,14.8,15.55,1,0,0,0,0.0,0.0,0.0
2026-06-10,2762,世界健身-KY,88.5,90.8,88.1,89.0,220,57,0,6,82.81,17.18,100.0
2026-06-10,2801,彰銀,22.05,22.5,22.0,22.35,62205,27707,-664,-242,17.84,82.15,100.0
2026-06-10,2812,台中銀,19.6,19.65,19.3,19.4,18308,-2680,43,-11,7.61,92.38,100.0
2026-06-10,2816,旺旺保,34.0,34.0,33.35,33.4,262,-92,0,-2,2.18,97.81,100.0
2026-06-10,2820,華票,17.35,17.65,17.35,17.6,5339,2750,0,4,9.41,90.58,100.0
2026-06-10,2832,台產,55.0,55.2,54.5,54.9,386,-14,0,-4,4.03,95.96,100.0
2026-06-10,2834,臺企銀,16.95,17.15,16.85,16.95,36091,3311,-6,231,17.37,82.62,100.0
2026-06-10,2836,高雄銀,12.25,12.3,12.15,12.25,2659,61,0,4,7.44,92.55,100.0
2026-06-10,2838,聯邦銀,21.7,21.85,21.5,21.65,1801,-107,0,1,4.36,95.63,100.0
2026-06-10,2845,遠東銀,12.7,12.85,12.65,12.8,15726,9106,0,-220,9.52,90.47,100.0
2026-06-10,2849,安泰銀,13.75,13.85,13.7,13.8,185,-61,0,-22,58.9,41.09,100.0
2026-06-10,2850,新產,148.0,151.0,147.5,148.0,470,-112,0,13,10.28,89.71,100.0
2026-06-10,2851,中再保,36.7,37.25,36.5,36.6,1271,-156,0,-13,9.06,90.93,100.0
2026-06-10,2852,第一保,27.7,27.9,27.65,27.7,436,54,0,-2,4.92,95.07,100.0
2026-06-10,2855,統一證,53.8,54.5,51.1,51.3,24955,-9729,8819,0,9.24,90.75,100.0
2026-06-10,2867,三商壽,8.21,8.27,8.06,8.16,16003,1003,0,1280,19.44,80.55,100.0
2026-06-10,2880,華南金,34.8,35.9,34.55,35.35,28108,-4329,4241,666,14.91,85.08,100.0
2026-06-10,2881,富邦金,124.0,126.0,122.5,122.5,68450,-21478,20469,295,17.83,82.16,100.0
2026-06-10,2882,國泰金,102.0,102.5,99.4,99.9,42154,-5083,-1813,341,21.94,78.05,100.0
2026-06-10,2883,凱基金,28.45,28.85,27.85,28.2,202927,-92624,93764,1627,25.35,74.64,100.0
2026-06-10,2884,玉山金,34.0,34.15,33.15,33.65,59541,-248,85,729,31.13,68.86,100.0
2026-06-10,2885,元大金,64.3,64.5,62.2,62.3,30654,-7108,477,398,26.6,73.39,100.0
2026-06-10,2886,兆豐金,43.45,43.7,42.7,43.4,38695,-4610,64,683,21.44,78.55,100.0
2026-06-10,2887,台新新光金,29.5,29.55,28.5,28.9,111385,-27334,18461,2897,22.69,77.3,100.0
2026-06-10,2889,國票金,15.0,15.2,14.95,15.05,9037,2792,0,-7,8.61,91.38,100.0
2026-06-10,2890,永豐金,34.3,34.3,33.0,33.0,52876,-843,43,365,29.22,70.77,100.0
2026-06-10,2891,中信金,68.3,68.7,67.1,68.2,63864,-3154,-7462,2514,34.2,65.79,100.0
2026-06-10,2892,第一金,30.4,30.95,30.2,30.55,68192,30117,20,263,25.75,74.24,100.0
2026-06-10,2897,王道銀行,10.45,10.5,10.35,10.4,6487,443,0,-23,7.77,92.22,100.0
2026-06-10,2901,欣欣,23.15,23.5,22.65,23.15,16,-4,0,0,0.34,99.65,100.0
2026-06-10,2903,遠百,23.15,23.5,23.1,23.25,3951,1964,0,77,8.04,91.95,100.0
2026-06-10,2904,匯僑,13.95,14.05,13.9,14.05,90,5,0,-1,0.65,99.34,100.0
2026-06-10,2905,三商,14.25,14.5,14.25,14.4,644,-21,0,-2,3.72,96.27,100.0
2026-06-10,2906,高林,12.65,12.7,12.55,12.7,96,-6,0,0,1.73,98.26,100.0
2026-06-10,2908,特力,21.2,21.45,21.2,21.3,187,78,0,-7,1.7,98.29,100.0
2026-06-10,2910,統領,21.35,21.5,21.3,21.35,13,-2,0,-1,0.28,99.71,100.0
2026-06-10,2911,麗嬰房,8.61,8.68,8.0,8.0,325,-1,0,14,20.97,79.02,100.0
2026-06-10,2912,統一超,222.0,228.0,221.0,227.5,3446,-672,-19,-223,14.34,85.65,100.0
2026-06-10,2913,農林,10.95,11.65,10.9,11.45,12436,224,0,4,5.47,94.52,100.0
2026-06-10,2915,潤泰全,48.5,49.8,48.15,49.15,2922,759,-25,80,5.27,94.72,100.0
2026-06-10,2916,滿心,42.35,42.55,42.15,42.15,171,-10,0,0,21.14,78.85,100.0
2026-06-10,2923,鼎固-KY,21.15,22.0,21.15,22.0,139,-8,0,-19,99.41,0.58,100.0
2026-06-10,2924,宏太-KY,16.55,16.9,16.55,16.8,4,0,0,0,66.79,33.2,100.0
2026-06-10,2926,誠品生活,35.95,35.95,34.5,34.7,24,0,0,0,1.13,98.86,100.0
2026-06-10,2929,淘帝-KY,5.74,6.04,5.71,5.83,323,-45,0,-2,17.07,82.92,100.0
2026-06-10,2937,集雅社,47.4,47.65,47.4,47.65,2,0,0,1,0.07,99.92,100.0
2026-06-10,2938,床的世界,21.63,22.15,22.0,22.0,15,0,0,0,0.0,0.0,0.0
2026-06-10,2939,永邑-KY,21.8,21.8,20.55,20.55,15,-3,0,-1,19.71,80.28,100.0
2026-06-10,2940,歐都納,24.7,24.85,24.7,24.85,5,0,0,0,0.0,0.0,0.0
2026-06-10,2941,米斯特,30.0,30.0,30.0,30.0,2,0,0,0,0.49,99.5,100.0
2026-06-10,2942,京站,37.57,38.5,38.0,38.2,12,0,0,0,0.0,0.0,0.0
2026-06-10,2945,三商家購,41.0,41.0,40.55,41.0,20,-6,0,-1,0.4,99.59,100.0
2026-06-10,2947,振宇五金,76.9,77.8,76.2,76.2,29,1,0,0,0.09,99.9,100.0
2026-06-10,2948,寶陞,37.9,37.9,37.85,37.85,4,0,0,0,0.01,99.98,100.0
2026-06-10,2949,欣新網,64.9,67.2,64.8,64.8,11,-1,0,0,0.02,99.97,100.0
2026-06-10,3002,歐格,19.7,20.3,19.1,19.1,519,-49,0,0,2.13,97.86,100.0
2026-06-10,3003,健和興,64.2,66.6,64.0,64.1,2481,-13,0,-4,3.91,96.08,100.0
2026-06-10,3004,豐達科,134.5,137.5,130.5,131.5,943,97,0,24,3.99,96.0,100.0
2026-06-10,3005,神基,106.0,108.5,104.0,104.0,5235,130,-11,31,11.62,88.37,100.0
2026-06-10,3006,晶豪科,208.5,217.5,201.5,202.0,9648,708,-3,-622,31.8,68.19,100.0
2026-06-10,3008,大立光,4180.0,4270.0,4100.0,4130.0,5970,922,152,-129,34.42,65.57,100.0
2026-06-10,3010,華立,132.0,133.0,128.0,128.5,1133,-161,-96,-3,18.51,81.48,100.0
2026-06-10,3011,今皓,14.55,14.8,13.9,13.95,1381,-296,0,-1,5.31,94.68,100.0
2026-06-10,3013,晟銘電,112.5,115.0,108.5,108.5,4271,-266,0,-170,3.38,96.61,100.0
2026-06-10,3014,聯陽,140.0,141.5,136.5,136.5,1287,-400,-8,3,22.17,77.82,100.0
2026-06-10,3015,全漢,60.1,61.5,59.1,59.7,2665,148,33,-10,8.2,91.79,100.0
2026-06-10,3016,嘉晶,107.0,113.5,103.0,103.0,5033,813,0,-92,5.25,94.74,100.0
2026-06-10,3017,奇鋐,2490.0,2505.0,2350.0,2360.0,5878,-768,-264,-157,52.46,47.53,100.0
2026-06-10,3018,隆銘綠能,12.1,12.1,12.0,12.0,9,28,0,-13,0.22,99.77,100.0
2026-06-10,3019,亞光,150.0,163.5,146.0,146.5,26252,1063,0,46,6.51,93.48,100.0
2026-06-10,3021,鴻名,26.5,27.9,26.5,27.0,663,4,0,10,3.81,96.18,100.0
2026-06-10,3022,威強電,86.9,88.6,84.9,85.0,6124,318,0,-136,18.25,81.74,100.0
2026-06-10,3023,信邦,322.0,329.5,305.5,306.5,3032,-539,73,-42,45.6,54.39,100.0
2026-06-10,3024,憶聲,12.7,12.95,12.25,12.25,2242,-188,0,-11,3.06,96.93,100.0
2026-06-10,3025,星通,71.2,72.6,68.7,69.0,849,129,0,2,6.85,93.14,100.0
2026-06-10,3026,禾伸堂,661.0,725.0,639.0,642.0,2749,484,136,-75,17.85,82.14,100.0
2026-06-10,3027,盛達,21.0,21.8,20.4,20.4,1058,-60,0,16,2.19,97.8,100.0
2026-06-10,3028,增你強,76.4,79.3,75.5,75.7,2560,-207,0,-44,12.08,87.91,100.0
2026-06-10,3029,零壹,105.5,107.5,104.5,105.0,2074,181,-3,10,3.81,96.18,100.0
2026-06-10,3030,德律,340.0,345.0,323.0,323.0,3535,478,0,-32,12.09,87.9,100.0
2026-06-10,3031,佰鴻,28.6,30.85,27.4,27.4,3224,-540,-1,0,2.67,97.32,100.0
2026-06-10,3032,偉訓,89.0,90.4,84.1,84.5,1498,-156,0,-25,1.31,98.68,100.0
2026-06-10,3033,威健,50.2,52.2,50.0,50.2,23826,-3880,-9,-227,21.51,78.48,100.0
2026-06-10,3034,聯詠,478.0,494.0,477.0,478.5,4923,1093,-56,-40,36.83,63.16,100.0
2026-06-10,3035,智原,182.0,185.5,174.0,174.5,5691,1030,0,-399,7.53,92.46,100.0
2026-06-10,3036,文曄,250.0,251.0,238.0,239.5,19661,4129,-6590,-74,25.23,74.73,100.0
2026-06-10,3037,欣興,938.0,960.0,875.0,884.0,26494,-2251,263,-466,38.4,61.59,100.0
2026-06-10,3038,全台,23.25,23.65,22.7,22.85,503,-47,0,0,9.07,90.92,100.0
2026-06-10,3040,遠見,37.15,37.35,36.2,36.55,354,-50,-1,-1,0.61,99.38,100.0
2026-06-10,3041,揚智,23.35,25.9,23.3,23.75,2759,-223,0,-1,5.1,94.89,100.0
2026-06-10,3042,晶技,230.0,245.0,211.0,214.0,91570,3317,249,-278,18.58,81.41,100.0
2026-06-10,3043,科風,23.8,24.0,22.8,22.85,393,-45,0,-2,1.74,98.25,100.0
2026-06-10,3044,健鼎,490.0,502.0,477.0,479.0,6576,-253,133,36,48.68,51.31,100.0
2026-06-10,3045,台灣大,116.5,118.0,116.0,118.0,12154,6137,71,8,14.24,32.3,46.55
2026-06-10,3046,建碁,57.3,58.4,55.7,55.8,593,-13,0,0,4.3,95.69,100.0
2026-06-10,3047,訊舟,15.5,16.9,15.45,15.6,3745,-61,0,-4,3.33,96.66,100.0
2026-06-10,3048,益登,71.1,77.0,70.9,73.3,46626,777,0,22,8.21,91.78,100.0
2026-06-10,3049,精金,14.4,15.0,13.8,13.8,15009,1255,0,-241,2.6,97.39,100.0
2026-06-10,3050,鈺德,12.8,13.15,12.65,12.85,1134,-72,0,4,8.12,91.87,100.0
2026-06-10,3051,力特,26.8,27.8,26.0,26.0,2099,216,0,5,2.53,97.46,100.0
2026-06-10,3052,夆典,10.9,11.15,10.85,10.9,992,198,0,-2,2.33,97.66,100.0
2026-06-10,3054,立萬利,69.7,72.0,67.8,67.8,380,7,0,3,0.32,99.67,100.0
2026-06-10,3055,蔚華科,87.8,90.7,81.6,82.0,2226,-125,0,-31,2.57,97.42,100.0
2026-06-10,3056,富華新,14.25,15.15,14.25,14.8,3819,20,0,20,3.82,96.17,100.0
2026-06-10,3057,喬鼎,22.0,23.0,20.55,20.75,440,-86,0,-2,3.73,96.26,100.0
2026-06-10,3058,立德,9.43,9.99,9.31,9.32,1256,-12,0,3,2.47,97.52,100.0
2026-06-10,3059,華晶科,46.0,51.0,45.9,47.0,20002,3804,0,81,8.29,91.7,100.0
2026-06-10,3060,銘異,29.9,31.45,29.0,29.15,2870,185,0,1,10.05,89.94,100.0
2026-06-10,3062,建漢,26.2,26.8,25.3,25.3,5855,-2035,0,-146,11.56,88.43,100.0
2026-06-10,3064,泰偉,0.0,0.0,0.0,0.0,0,0,0,0,0.12,99.87,100.0
2026-06-10,3066,李洲,21.55,21.8,20.0,20.2,367,9,0,0,2.27,97.72,100.0
2026-06-10,3067,全域,18.65,18.95,18.65,18.95,3,0,0,0,0.02,99.97,100.0
2026-06-10,3071,協禧,33.8,35.4,32.65,32.65,4846,695,0,0,4.53,95.46,100.0
2026-06-10,3073,天方能源,21.4,21.5,20.5,20.55,109,-46,0,0,1.67,98.32,100.0
2026-06-10,3078,僑威,55.5,57.0,54.2,54.3,2124,-787,0,-29,12.4,87.59,100.0
2026-06-10,3081,聯亞,2365.0,2365.0,2245.0,2245.0,2384,-405,-85,-162,20.83,79.16,100.0
2026-06-10,3083,網龍,27.8,30.55,27.8,30.55,870,44,0,2,1.14,98.85,100.0
2026-06-10,3085,新零售,12.7,12.7,12.2,12.25,18,1,0,0,5.69,94.3,100.0
2026-06-10,3086,華義*,36.2,39.0,35.9,37.65,1116,-67,0,8,39.93,60.06,100.0
2026-06-10,3088,艾訊,139.5,144.0,139.0,139.5,3270,778,0,31,17.41,82.58,100.0
2026-06-10,3090,日電貿,238.0,253.0,211.0,212.0,22645,-265,340,-117,13.14,86.85,100.0
2026-06-10,3092,鴻碩,29.2,29.9,28.5,28.5,489,-10,0,-1,1.36,98.63,100.0
2026-06-10,3093,港建*,63.4,67.9,60.4,60.6,5838,-367,0,0,68.05,31.94,100.0
2026-06-10,3094,聯傑,30.1,30.8,28.85,28.9,894,-284,0,-2,2.87,97.12,100.0
2026-06-10,3095,及成,40.25,41.05,40.0,40.0,15,-5,0,0,3.59,96.4,100.0
2026-06-10,3097,拍檔,26.2,26.2,24.95,26.2,1,0,0,0,0.0,0.0,0.0
2026-06-10,3105,穩懋,493.5,524.0,476.0,478.0,35496,874,777,-770,21.18,78.81,100.0
2026-06-10,3114,好德,40.85,43.15,40.0,41.5,1273,81,0,0,1.2,98.79,100.0
2026-06-10,3115,富榮綱,9.73,9.73,9.73,9.73,1,0,0,0,1.84,98.15,100.0
2026-06-10,3117,年程,32.71,35.05,28.8,30.3,683,-38,0,0,0.0,0.0,0.0
2026-06-10,3118,進階,31.05,31.35,30.85,31.1,147,-11,0,0,0.23,99.76,100.0
2026-06-10,3122,笙泉,29.0,29.65,27.95,27.95,375,41,0,1,3.13,96.86,100.0
2026-06-10,3128,昇銳,24.25,24.65,23.8,23.8,213,-40,0,0,0.77,99.22,100.0
2026-06-10,3130,一零四,221.5,223.0,221.5,222.5,38,-4,0,0,20.45,79.54,100.0
2026-06-10,3131,弘塑,3080.0,3265.0,3080.0,3105.0,466,-36,124,-11,34.83,65.16,100.0
2026-06-10,3135,凌航,213.0,222.0,207.5,208.5,3545,-58,0,-1,4.22,95.77,100.0
2026-06-10,3138,耀登,150.5,154.0,142.5,142.5,810,-53,0,-1,2.09,97.9,100.0
2026-06-10,3141,晶宏,76.3,78.0,73.2,73.5,3181,-683,0,23,8.45,91.54,100.0
2026-06-10,3147,大綜,343.5,343.5,313.0,320.0,1930,262,0,3,7.28,92.71,100.0
2026-06-10,3149,正達,87.9,91.0,80.0,82.2,8001,976,0,-1,6.68,93.31,100.0
2026-06-10,3150,鈺寶-創,18.8,19.0,18.3,18.65,87,-14,0,7,0.85,99.14,100.0
2026-06-10,3152,璟德,190.0,206.5,189.0,206.5,3397,899,0,78,21.09,78.9,100.0
2026-06-10,3158,嘉實,83.5,84.4,83.3,83.6,9,0,0,0,1.38,98.61,100.0
2026-06-10,3162,精確,86.0,89.6,85.5,85.5,4322,-29,0,-13,48.02,51.97,100.0
2026-06-10,3163,波若威,923.0,937.0,884.0,884.0,7056,-692,-1037,-194,13.34,86.65,100.0
2026-06-10,3164,景岳,16.25,16.6,16.25,16.35,68,-2,0,-2,0.61,99.38,100.0
2026-06-10,3167,大量,940.0,1015.0,856.0,858.0,8216,-52,227,-193,9.91,90.08,100.0
2026-06-10,3168,眾福科,48.85,48.85,46.65,47.05,59,-24,0,-2,1.2,98.79,100.0
2026-06-10,3169,亞信,108.0,111.0,106.0,106.5,397,106,0,-1,4.04,95.95,100.0
2026-06-10,3171,新洲,78.1,78.1,72.1,72.1,236,-20,0,0,1.19,98.8,100.0
2026-06-10,3171,炎洲流通,78.1,78.1,72.1,72.1,236,-20,0,0,1.19,98.8,100.0
2026-06-10,3176,基亞,35.5,35.5,32.95,33.15,1984,-511,0,-5,4.29,95.7,100.0
2026-06-10,3178,公準,63.0,66.1,63.0,63.5,139,4,0,0,1.11,98.88,100.0
2026-06-10,3184,微邦,20.77,21.2,19.6,20.15,537,5,0,0,0.0,0.0,0.0
2026-06-10,3188,鑫龍騰,24.15,25.95,23.9,25.95,2389,-262,0,0,1.41,98.58,100.0
2026-06-10,3189,景碩,705.0,723.0,650.0,660.0,6573,1859,-346,-148,24.6,75.39,100.0
2026-06-10,3191,雲嘉南,20.8,20.8,20.0,20.0,73,0,0,0,0.1,99.89,100.0
2026-06-10,3205,佰研,53.7,55.0,52.9,53.4,350,75,0,0,0.71,99.28,100.0
2026-06-10,3206,志豐,38.0,39.3,38.0,38.25,158,-6,0,0,2.49,97.5,100.0
2026-06-10,3207,耀勝,65.4,69.1,64.9,66.2,1310,192,0,-9,2.18,97.81,100.0
2026-06-10,3209,全科,70.0,70.8,64.3,64.9,6431,-994,-3,-57,19.45,80.54,100.0
2026-06-10,3211,順達,414.0,427.0,405.0,405.0,7780,546,204,-115,26.95,73.04,100.0
2026-06-10,3213,茂訊,134.0,140.5,128.5,129.0,2828,419,0,-16,10.68,89.31,100.0
2026-06-10,3217,優群,174.0,179.0,171.0,171.0,1111,-259,0,3,10.62,89.37,100.0
2026-06-10,3218,大學光,134.0,135.0,132.5,132.5,232,61,-2,0,6.31,93.68,100.0
2026-06-10,3219,倚強股份,79.3,82.6,75.6,75.7,753,-36,0,7,1.15,98.84,100.0
2026-06-10,3219,倚強科,79.3,82.6,75.6,75.7,753,-36,0,7,1.15,98.84,100.0
2026-06-10,3221,台嘉碩,63.4,67.9,58.1,58.5,46674,232,0,-195,6.38,93.61,100.0
2026-06-10,3224,三顧,38.1,38.1,36.85,36.9,61,-14,0,0,0.85,99.14,100.0
2026-06-10,3226,龍鋒,49.8,49.8,48.2,48.5,16,-2,0,0,0.05,99.94,100.0
2026-06-10,3227,原相,217.0,222.0,212.0,212.0,1101,-107,-7,-9,21.32,78.66,100.0
2026-06-10,3228,金麗科,167.5,173.0,159.0,161.0,627,23,0,-8,7.07,92.92,100.0
2026-06-10,3229,晟鈦,45.2,46.95,43.0,43.0,684,-88,0,-5,1.29,98.7,100.0
2026-06-10,3230,錦明,29.95,30.65,29.0,29.0,289,-80,0,0,1.84,98.15,100.0
2026-06-10,3231,緯創,162.5,165.0,158.0,158.0,42514,-9128,-4,-1069,31.23,68.76,100.0
2026-06-10,3232,昱捷,23.8,23.8,23.0,23.5,69,-11,0,0,7.88,92.11,100.0
2026-06-10,3234,光環,114.5,121.0,112.5,113.0,3595,100,0,0,7.73,92.26,100.0
2026-06-10,3236,千如,54.9,59.3,52.3,52.3,4752,-186,0,-180,18.29,81.7,100.0
2026-06-10,3252,海灣,18.15,18.15,18.0,18.0,32,0,0,0,2.1,97.89,100.0
2026-06-10,3257,虹冠電,55.2,56.1,53.0,53.0,619,-70,0,0,1.04,98.95,100.0
2026-06-10,3259,鑫創,17.05,17.05,16.35,16.95,8,-2,0,0,10.9,89.09,100.0
2026-06-10,3260,威剛,412.0,420.5,390.0,390.0,11852,-1393,2,-448,17.34,82.65,100.0
2026-06-10,3264,欣銓,215.0,228.5,211.0,211.5,7747,-1021,10,6,33.22,66.77,100.0
2026-06-10,3265,台星科,172.5,178.5,171.0,171.5,1102,-52,27,-18,8.57,91.42,100.0
2026-06-10,3266,昇陽,12.55,13.5,12.5,13.15,221,-4,0,-7,8.29,91.7,100.0
2026-06-10,3268,海德威,19.4,20.55,19.25,19.5,306,13,0,0,0.8,99.19,100.0
2026-06-10,3272,東碩,16.45,16.85,16.45,16.5,71,3,0,0,0.67,99.32,100.0
2026-06-10,3276,宇環,14.3,14.4,14.0,14.15,173,-6,0,0,0.75,99.24,100.0
2026-06-10,3284,太普高,20.1,20.75,19.5,19.65,781,24,0,0,0.51,99.48,100.0
2026-06-10,3285,微端,31.8,34.25,30.5,34.25,488,18,0,2,12.99,87.0,100.0
2026-06-10,3287,廣寰科,34.6,35.45,33.6,33.6,167,5,0,0,1.27,98.72,100.0
2026-06-10,3288,點晶,24.0,25.6,24.0,25.55,274,0,0,0,0.14,99.85,100.0
2026-06-10,3289,宜特,172.5,174.0,157.5,157.5,4911,-466,0,-117,6.33,93.66,100.0
2026-06-10,3290,東浦,54.1,59.4,53.0,57.9,6107,390,0,41,8.63,91.36,100.0
2026-06-10,3293,鈊象,796.0,833.0,792.0,799.0,5801,-172,1324,134,20.72,79.27,100.0
2026-06-10,3294,英濟,38.4,40.25,37.0,37.0,1778,-38,0,-4,7.48,92.51,100.0
2026-06-10,3296,勝德,21.45,23.15,21.45,22.25,375,-48,0,6,2.09,97.9,100.0
2026-06-10,3297,杭特,33.45,33.45,31.4,31.5,124,-10,0,0,2.64,97.35,100.0
2026-06-10,3303,岱稜,51.1,53.0,50.9,51.3,878,217,0,7,4.64,95.35,100.0
2026-06-10,3305,昇貿,140.5,147.0,136.0,136.5,7135,1089,0,-29,8.41,91.58,100.0
2026-06-10,3306,鼎天,47.8,47.8,46.15,46.2,283,-68,0,0,2.86,97.13,100.0
2026-06-10,3308,聯德,20.25,21.1,20.2,20.35,215,-66,0,0,1.17,98.82,100.0
2026-06-10,3310,佳穎,70.1,70.1,68.0,68.4,17,-11,0,0,0.27,99.72,100.0
2026-06-10,3311,閎暉,39.7,40.4,37.15,37.35,1431,360,0,-2,2.16,97.83,100.0
2026-06-10,3312,弘憶股,61.8,65.4,59.2,59.4,8757,-145,0,-60,3.79,96.2,100.0
2026-06-10,3313,斐成,11.35,12.55,11.25,12.55,1181,-53,0,0,4.71,95.28,100.0
2026-06-10,3317,尼克森,78.3,81.8,76.5,76.5,5901,-799,0,-20,10.99,89.0,100.0
2026-06-10,3321,同泰,20.7,21.7,20.1,20.1,1005,48,0,-2,2.71,97.28,100.0
2026-06-10,3322,建舜電,15.65,16.0,15.0,15.05,3462,112,0,-3,3.8,96.19,100.0
2026-06-10,3323,加百裕,35.65,36.4,34.1,34.15,1903,-237,0,-29,6.29,93.7,100.0
2026-06-10,3324,雙鴻,1070.0,1075.0,1010.0,1010.0,4123,-1014,0,-209,25.68,74.31,100.0
2026-06-10,3325,旭品,13.0,13.0,12.55,12.7,282,-5,0,0,0.58,99.41,100.0
2026-06-10,3332,幸康,64.0,64.5,63.4,63.9,36,-1,0,0,0.96,99.03,100.0
2026-06-10,3338,泰碩,77.2,78.4,73.7,73.7,1493,-174,0,3,3.73,96.26,100.0
2026-06-10,3339,泰谷,46.65,46.85,43.6,43.6,1676,-192,0,0,3.01,96.98,100.0
2026-06-10,3346,麗清,25.0,25.5,24.3,24.3,843,-6,0,141,2.74,97.25,100.0
2026-06-10,3349,寶德,17.8,19.2,17.8,17.85,250,-69,0,0,2.22,97.77,100.0
2026-06-10,3354,律勝,28.4,29.25,27.25,27.3,586,-125,0,0,1.51,98.48,100.0
2026-06-10,3356,奇偶,57.6,57.6,55.2,55.2,2229,-905,0,-4,7.28,92.71,100.0
2026-06-10,3357,臺慶科,295.0,327.5,292.5,295.5,33922,-467,201,-67,18.55,81.44,100.0
2026-06-10,3360,尚立,14.35,15.0,14.3,14.6,864,-222,0,0,1.77,98.22,100.0
2026-06-10,3362,先進光,168.0,171.0,160.0,171.0,10061,262,0,-117,5.1,94.89,100.0
2026-06-10,3363,上詮,790.0,802.0,747.0,747.0,5783,-1572,0,-70,17.01,82.98,100.0
2026-06-10,3372,典範,20.0,20.4,19.3,19.3,1072,-289,0,0,2.88,97.11,100.0
2026-06-10,3373,熱映,16.85,16.95,16.75,16.75,85,-3,0,0,2.03,97.96,100.0
2026-06-10,3374,精材,236.0,240.0,224.5,224.5,5481,618,0,-93,10.59,89.4,100.0
2026-06-10,3376,新日興,226.5,230.5,211.5,211.5,19698,-4887,-875,-411,22.28,77.71,100.0
2026-06-10,3379,彬台,38.0,38.15,36.4,36.4,210,-53,0,0,1.1,98.89,100.0
2026-06-10,3380,明泰,34.05,35.25,33.25,33.3,3775,-790,0,-83,6.84,93.15,100.0
2026-06-10,3388,崇越電,94.5,95.3,91.2,91.9,607,-25,0,0,6.87,93.12,100.0
2026-06-10,3390,旭軟,27.0,27.95,26.25,26.25,750,-59,0,0,4.08,95.91,100.0
2026-06-10,3402,漢科,134.5,138.5,132.0,132.0,498,0,0,-5,4.0,95.99,100.0
2026-06-10,3406,玉晶光,724.0,754.0,676.0,677.0,12773,838,95,7,44.43,55.56,100.0
2026-06-10,3413,京鼎,307.0,318.0,299.0,299.0,1618,-133,49,-39,18.64,81.35,100.0
2026-06-10,3416,融程電,173.5,178.5,169.5,174.5,511,14,0,-3,2.85,97.14,100.0
2026-06-10,3419,譁裕,13.8,13.9,13.55,13.7,368,6,0,-3,2.16,97.83,100.0
2026-06-10,3430,奇鈦科,140.0,148.0,130.0,130.0,798,0,0,0,3.24,96.75,100.0
2026-06-10,3432,台端,17.35,18.2,17.35,17.9,52,2,0,-1,3.03,96.96,100.0
2026-06-10,3434,哲固,32.0,33.45,30.6,30.6,464,54,0,0,1.92,98.07,100.0
2026-06-10,3437,榮創,21.25,22.05,20.75,20.75,1708,-241,0,-4,4.62,95.37,100.0
2026-06-10,3438,類比科,69.2,72.4,67.0,67.4,279,-26,0,0,2.57,97.42,100.0
2026-06-10,3441,聯一光,64.4,65.0,64.2,65.0,3642,283,0,-89,6.5,93.49,100.0
2026-06-10,3443,創意,4220.0,4365.0,4000.0,4025.0,2697,238,7,-143,29.39,70.6,100.0
2026-06-10,3444,利機,97.6,105.0,92.1,92.1,1494,-22,0,0,10.69,89.3,100.0
2026-06-10,3447,展達,41.9,42.55,39.1,39.1,905,-49,0,-6,0.84,99.15,100.0
2026-06-10,3450,聯鈞,507.0,528.0,466.0,472.0,19983,-1869,718,-94,18.17,81.82,100.0
2026-06-10,3455,由田,210.0,220.0,205.0,205.5,1212,-26,0,-69,18.85,81.14,100.0
2026-06-10,3465,進泰電子,33.0,35.6,30.3,32.1,196,6,0,0,5.05,94.94,100.0
2026-06-10,3466,德晉,33.5,34.5,32.3,32.95,1183,-94,0,0,9.88,90.11,100.0
2026-06-10,3467,台灣精材,66.8,67.7,63.3,63.4,178,-45,0,0,2.36,97.63,100.0
2026-06-10,3473,智通聯網,89.83,91.3,87.2,90.2,15,0,0,0,0.0,0.0,0.0
2026-06-10,3479,安勤,122.5,135.0,122.5,130.5,4210,-464,0,6,6.52,93.47,100.0
2026-06-10,3481,群創,47.4,50.0,44.3,44.3,130115,14704,-4,-6718,23.43,76.56,100.0
2026-06-10,3483,力致,93.6,97.4,90.0,90.0,1389,-189,0,-33,10.13,89.86,100.0
2026-06-10,3484,崧騰,45.0,45.8,44.75,44.85,373,51,0,4,7.87,92.12,100.0
2026-06-10,3485,敘豐,325.5,325.5,295.5,295.5,328,-3,0,0,0.64,99.35,100.0
2026-06-10,3489,森寶,21.9,22.65,21.7,22.45,458,113,0,0,0.47,99.52,100.0
2026-06-10,3490,單井,33.7,35.35,32.5,32.5,1626,-71,0,0,5.27,94.72,100.0
2026-06-10,3491,昇達科,1750.0,1790.0,1635.0,1635.0,2781,-290,-56,-54,33.38,66.61,100.0
2026-06-10,3492,長盛,22.2,23.6,22.2,22.5,110,-14,0,0,0.55,99.44,100.0
2026-06-10,3494,誠研,8.05,8.33,8.0,8.13,296,33,0,1,1.98,98.01,100.0
2026-06-10,3498,陽程,127.5,132.5,122.5,123.0,1856,271,0,-35,14.19,85.8,100.0
2026-06-10,3499,環天科,14.7,14.9,14.5,14.75,85,-6,0,0,0.57,99.42,100.0
2026-06-10,3501,維熹,41.5,42.3,41.1,41.25,290,-20,0,8,3.07,96.92,100.0
2026-06-10,3504,揚明光,78.5,86.4,77.3,79.0,4798,-207,0,-25,3.76,96.23,100.0
2026-06-10,3508,位速,18.85,19.4,18.6,18.75,236,-3,0,0,0.85,99.14,100.0
2026-06-10,3511,矽瑪,24.4,25.0,23.15,23.3,944,50,0,0,3.27,96.72,100.0
2026-06-10,3512,皇龍,20.55,21.55,20.5,21.0,150,23,0,0,0.45,99.54,100.0
2026-06-10,3515,華擎,247.5,251.0,241.5,243.0,794,4,0,-27,7.52,92.47,100.0
2026-06-10,3516,亞帝歐,23.2,24.1,23.2,23.5,207,24,0,0,0.62,99.37,100.0
2026-06-10,3518,柏騰,30.35,30.4,27.5,27.65,1561,-91,0,1,7.26,92.73,100.0
2026-06-10,3520,華盈,18.55,18.75,17.5,17.75,2168,84,0,0,1.13,98.86,100.0
2026-06-10,3521,鴻翊,12.3,13.2,12.25,12.9,203,1,0,0,0.33,99.66,100.0
2026-06-10,3521,台鋼建設,12.3,13.2,12.25,12.9,203,1,0,0,0.33,99.66,100.0
2026-06-10,3522,御頂,11.5,11.9,11.4,11.4,188,3,0,0,0.26,99.73,100.0
2026-06-10,3522,御嵿,11.5,11.9,11.4,11.4,188,3,0,0,0.26,99.73,100.0
2026-06-10,3523,迎輝,17.75,17.75,16.05,16.05,38,0,0,0,0.08,99.91,100.0
2026-06-10,3526,凡甲,344.0,349.5,325.0,325.0,1206,42,-145,-43,19.87,80.12,100.0
2026-06-10,3527,聚積,59.9,61.1,58.8,58.8,197,-40,0,0,8.03,91.96,100.0
2026-06-10,3528,安馳,130.0,138.0,122.0,123.0,532,19,0,0,6.34,93.65,100.0
2026-06-10,3529,力旺,3145.0,3145.0,2945.0,2980.0,470,64,-8,-71,65.21,34.78,100.0
2026-06-10,3530,晶相光,61.5,66.0,61.0,62.1,426,-39,0,0,41.11,58.88,100.0
2026-06-10,3531,先益,23.4,23.45,23.4,23.45,7,0,0,0,19.26,80.73,100.0
2026-06-10,3532,台勝科,274.5,283.5,270.0,270.0,908,-376,0,193,43.91,56.08,100.0
2026-06-10,3533,嘉澤,2255.0,2295.0,2165.0,2175.0,1313,268,-5,-15,46.38,53.61,100.0
2026-06-10,3535,晶彩科,129.0,134.0,123.0,123.0,1624,240,0,0,4.32,95.67,100.0
2026-06-10,3537,堡達,81.6,89.1,79.3,80.0,17939,1185,0,0,8.26,91.73,100.0
2026-06-10,3540,曜越,26.0,26.05,25.5,25.5,711,-214,0,0,2.37,97.62,100.0
2026-06-10,3541,西柏,22.0,22.1,21.85,22.05,46,-3,0,0,0.88,99.11,100.0
2026-06-10,3543,州巧,33.9,34.7,32.05,32.1,1376,-207,0,2,6.2,93.79,100.0
2026-06-10,3545,敦泰,53.3,56.4,52.9,53.1,1740,-226,0,-1,13.63,86.36,100.0
2026-06-10,3546,宇峻,81.6,84.3,81.6,82.7,972,76,0,6,8.85,91.14,100.0
2026-06-10,3548,兆利,96.0,96.5,89.0,89.3,1484,-296,0,-25,4.05,95.94,100.0
2026-06-10,3550,聯穎,28.2,28.45,26.7,28.45,19668,794,0,-7,10.44,89.55,100.0
2026-06-10,3551,世禾,188.5,191.0,181.0,181.0,862,-181,0,-22,5.42,94.57,100.0
2026-06-10,3552,同致,49.0,50.2,48.6,48.65,204,-21,0,-9,9.95,90.04,100.0
2026-06-10,3555,博士旺,199.5,206.0,187.5,187.5,249,-47,0,0,1.84,98.15,100.0
2026-06-10,3556,禾瑞亞,71.0,71.1,67.5,68.0,603,0,0,51,5.63,94.36,100.0
2026-06-10,3557,嘉威,24.0,25.4,24.0,25.4,149,38,0,7,1.88,98.11,100.0
2026-06-10,3558,神準,139.5,142.5,136.0,136.0,740,-35,0,-5,1.45,98.54,100.0
2026-06-10,3563,牧德,736.0,745.0,691.0,692.0,1261,169,-160,-28,6.62,93.37,100.0
2026-06-10,3564,其陽,50.0,51.0,47.3,47.3,425,96,0,0,1.95,98.04,100.0
2026-06-10,3567,逸昌,27.9,27.9,26.9,26.9,69,-25,0,0,3.48,96.51,100.0
2026-06-10,3570,大塚,188.0,191.0,184.0,184.5,103,22,0,0,45.11,54.88,100.0
2026-06-10,3576,聯合再生,17.3,18.95,17.25,18.25,57258,2161,0,-42,12.23,87.76,100.0
2026-06-10,3577,泓格,132.0,133.5,126.5,126.5,858,-73,0,-5,3.11,96.88,100.0
2026-06-10,3580,友威科,100.0,111.0,99.3,103.0,4795,1312,0,1,13.02,86.97,100.0
2026-06-10,3581,博磊,127.5,141.0,127.5,135.0,1224,36,0,41,12.44,87.55,100.0
2026-06-10,3583,辛耘,846.0,859.0,785.0,786.0,2577,-692,318,-78,17.29,82.7,100.0
2026-06-10,3585,聯致,77.84,78.3,71.9,73.1,1297,-34,0,0,0.0,0.0,0.0
2026-06-10,3587,閎康,294.0,303.0,283.5,283.5,1050,90,0,-50,11.5,88.49,100.0
2026-06-10,3588,通嘉,55.6,56.6,53.1,53.3,420,-106,0,0,4.58,95.41,100.0
2026-06-10,3591,艾笛森,22.55,23.35,22.0,22.05,834,30,0,6,6.04,93.95,100.0
2026-06-10,3592,瑞鼎,261.0,266.0,256.0,256.5,493,-65,-3,1,15.15,84.84,100.0
2026-06-10,3593,力銘,17.95,17.95,15.85,17.8,47,3,0,0,0.25,99.74,100.0
2026-06-10,3594,磐儀,45.2,47.0,44.15,44.15,175,-1,0,0,3.03,96.96,100.0
2026-06-10,3595,山太士,2507.06,2505.0,2285.0,2295.0,601,-1,0,0,0.0,0.0,0.0
2026-06-10,3596,智易,184.0,189.5,181.0,184.5,1921,260,0,-58,33.02,66.97,100.0
2026-06-10,3597,映興,26.85,27.2,26.65,26.8,42,-6,0,0,0.79,99.2,100.0
2026-06-10,3603,建祥國際,7.79,7.94,7.55,7.89,32,0,0,0,0.0,0.0,0.0
2026-06-10,3605,宏致,71.5,73.0,68.4,68.4,2195,-211,0,-56,11.18,88.81,100.0
2026-06-10,3607,谷崧,16.6,16.85,16.15,16.2,1029,48,0,-2,5.78,94.21,100.0
2026-06-10,3609,三一東林,28.7,29.85,27.6,27.7,289,36,0,0,1.86,98.13,100.0
2026-06-10,3611,鼎翰,190.0,192.0,190.0,191.5,49,19,0,0,11.97,88.02,100.0
2026-06-10,3615,安可,53.0,58.8,53.0,53.8,13919,2037,0,0,5.56,94.43,100.0
2026-06-10,3617,碩天,219.5,228.0,212.0,212.5,952,-9,-12,-14,8.83,91.16,100.0
2026-06-10,3622,洋華,56.5,58.3,55.6,55.6,502,-101,0,0,3.95,96.04,100.0
2026-06-10,3623,富晶通,23.85,23.85,23.0,23.15,62,6,0,0,2.32,97.67,100.0
2026-06-10,3624,光頡,112.0,123.5,112.0,113.5,27192,8690,-20,-97,56.52,43.47,100.0
2026-06-10,3625,西勝,15.3,15.55,15.0,15.15,374,0,0,0,5.64,94.35,100.0
2026-06-10,3628,盈正,71.6,76.0,71.3,72.1,364,-40,0,-1,4.48,95.51,100.0
2026-06-10,3629,地心引力,0.0,0.0,0.0,0.0,0,0,0,0,0.02,99.97,100.0
2026-06-10,3630,新鉅科,32.0,33.65,30.1,30.4,12044,53,0,-8,39.8,60.19,100.0
2026-06-10,3631,晟楠,33.45,33.85,32.25,32.25,103,3,0,7,7.42,92.57,100.0
2026-06-10,3632,研勤,8.3,8.3,8.12,8.12,8,0,0,0,0.29,99.7,100.0
2026-06-10,3633,云光,122.98,125.0,122.5,124.0,13,0,0,0,0.0,0.0,0.0
2026-06-10,3645,達邁,97.0,98.1,89.1,90.0,5719,341,-2,-290,13.05,86.94,100.0
2026-06-10,3646,艾恩特,24.15,24.3,23.45,23.6,16,0,0,0,6.69,93.3,100.0
2026-06-10,3652,精聯,33.05,34.1,32.5,32.65,188,6,0,2,1.19,98.8,100.0
2026-06-10,3653,健策,3800.0,4000.0,3740.0,3800.0,2153,-206,254,-55,25.46,74.53,100.0
2026-06-10,3659,百辰,22.08,22.7,21.8,21.9,14,2,0,0,0.0,0.0,0.0
2026-06-10,3661,世芯-KY,4250.0,4270.0,4015.0,4040.0,1473,-60,-6,-58,53.9,46.09,100.0
2026-06-10,3663,鑫科,71.1,73.9,67.0,67.0,2583,-438,0,-26,3.99,96.0,100.0
2026-06-10,3664,安瑞-KY,7.26,7.26,7.26,7.26,11,0,0,0,37.96,62.03,100.0
2026-06-10,3665,貿聯-KY,0.0,0.0,0.0,0.0,0,175,55,219,55.77,44.22,100.0
2026-06-10,3666,光耀,25.45,26.1,25.35,26.1,117,-6,0,-3,0.25,99.74,100.0
2026-06-10,3669,圓展,36.4,37.1,34.75,34.8,495,-60,0,-2,2.39,97.6,100.0
2026-06-10,3672,康聯訊,11.2,12.5,11.2,11.8,118,-1,0,2,2.5,97.49,100.0
2026-06-10,3673,TPK-KY,85.0,88.1,80.5,80.8,22604,960,0,-218,40.95,59.04,100.0
2026-06-10,3675,德微,294.0,327.5,290.0,296.0,3711,831,0,-77,60.47,39.52,100.0
2026-06-10,3678,聯享,56.03,58.3,54.3,56.4,44,2,0,0,0.0,0.0,0.0
2026-06-10,3679,新至陞,128.0,128.0,124.5,124.5,223,-70,0,0,8.61,91.38,100.0
2026-06-10,3680,家登,512.0,548.0,495.0,495.5,1777,-73,0,-131,23.44,76.55,100.0
2026-06-10,3684,榮昌,59.5,59.6,57.9,57.9,89,-3,0,0,2.17,97.82,100.0
2026-06-10,3685,元創精密,27.75,28.9,27.65,28.25,497,7,0,0,0.54,99.45,100.0
2026-06-10,3686,達能,16.9,17.6,16.55,16.6,310,-50,0,-2,1.97,98.02,100.0
2026-06-10,3687,歐買尬,80.2,83.3,79.1,80.8,938,-7,0,4,4.7,95.29,100.0
2026-06-10,3689,湧德,120.0,125.5,115.0,115.0,4491,-1100,0,-81,12.49,87.5,100.0
2026-06-10,3691,碩禾,165.0,178.0,163.0,163.0,7951,786,0,-59,5.2,94.79,100.0
2026-06-10,3693,營邦,520.0,547.0,497.5,498.5,1292,110,0,-9,13.76,86.23,100.0
2026-06-10,3694,海華,62.3,64.5,60.8,60.8,1334,-57,0,-16,3.97,96.02,100.0
2026-06-10,3701,大眾控,52.1,52.1,48.1,48.1,1832,-338,0,-6,4.52,95.47,100.0
2026-06-10,3702,大聯大,110.0,113.5,109.0,109.0,12426,6017,-5891,9,38.73,61.26,100.0
2026-06-10,3703,欣陸,21.35,22.0,21.2,21.8,2423,524,0,-106,20.36,79.63,100.0
2026-06-10,3704,合勤控,48.45,49.55,45.0,45.05,6806,-702,0,0,13.73,86.26,100.0
2026-06-10,3705,永信,56.6,57.4,56.6,57.0,248,79,0,2,7.27,92.72,100.0
2026-06-10,3706,神達,90.2,90.4,86.1,86.1,29555,-9632,0,-1175,11.78,88.21,100.0
2026-06-10,3707,漢磊,71.7,77.3,71.7,71.9,8632,1607,0,-14,13.68,86.31,100.0
2026-06-10,3708,上緯投控,120.0,123.5,118.0,119.0,671,97,14,17,8.31,91.68,100.0
2026-06-10,3709,鑫聯大投控,77.1,77.7,74.0,74.0,1625,-401,0,10,6.8,93.19,100.0
2026-06-10,3710,連展投控,5.93,6.1,5.89,5.99,603,-159,0,0,2.04,97.95,100.0
2026-06-10,3711,日月光投控,556.0,564.0,537.0,539.0,19729,-5242,2,-39,76.88,23.11,100.0
2026-06-10,3712,永崴投控,18.35,18.65,17.8,18.0,646,-14,0,4,1.9,98.09,100.0
2026-06-10,3713,新晶投控,16.3,16.65,16.0,16.15,107,1,0,-1,0.33,99.66,100.0
2026-06-10,3714,富采,64.6,69.6,62.7,62.7,22388,544,0,-354,10.26,89.73,100.0
2026-06-10,3715,定穎投控,172.5,175.5,162.5,162.5,11657,-1090,-4,-320,9.94,90.05,100.0
2026-06-10,3716,中化控股,35.25,35.8,35.15,35.2,351,139,0,-3,8.89,91.1,100.0
2026-06-10,3717,聯嘉投控,21.0,21.3,20.1,20.2,2731,-495,0,-354,3.81,96.18,100.0
2026-06-10,4102,永日,17.85,17.85,17.6,17.8,59,-15,0,0,1.37,98.62,100.0
2026-06-10,4104,佳醫,70.0,70.4,69.2,69.7,463,86,0,-1,3.3,96.69,100.0
2026-06-10,4105,東洋,74.4,75.0,74.1,74.7,1195,719,-215,-2,21.33,78.66,100.0
2026-06-10,4106,雃博,24.25,24.3,23.75,24.0,152,-20,0,2,2.17,97.82,100.0
2026-06-10,4107,邦特,117.0,117.0,115.5,115.5,83,11,0,0,7.78,92.21,100.0
2026-06-10,4108,懷特,12.45,12.45,12.2,12.25,229,10,0,0,1.23,98.76,100.0
2026-06-10,4109,加捷生醫,12.3,12.4,12.15,12.15,297,-41,0,0,0.74,99.25,100.0
2026-06-10,4111,濟生,30.0,30.0,29.8,29.95,86,-2,0,0,2.74,97.25,100.0
2026-06-10,4113,聯上,14.95,16.5,14.9,16.5,3365,-298,0,3,1.73,98.26,100.0
2026-06-10,4114,健喬,30.5,30.65,30.35,30.4,1015,41,0,0,5.87,94.12,100.0
2026-06-10,4115,善德生技,7.59,7.85,7.47,7.83,48,0,0,0,0.0,0.0,0.0
2026-06-10,4116,明基醫,37.7,37.7,37.2,37.5,55,-7,0,0,0.45,99.54,100.0
2026-06-10,4119,旭富,42.5,43.0,40.9,42.95,719,-187,0,3,5.19,94.8,100.0
2026-06-10,4120,友華,46.55,47.1,46.3,46.5,35,2,0,0,6.2,93.79,100.0
2026-06-10,4121,優盛,13.8,13.95,13.65,13.7,94,-34,0,0,2.03,97.96,100.0
2026-06-10,4123,晟德,37.85,38.3,37.65,37.95,2160,507,0,1,9.32,90.67,100.0
2026-06-10,4126,太醫,79.3,79.6,79.0,79.3,31,-5,0,0,8.99,91.0,100.0
2026-06-10,4127,天良,60.8,70.4,60.8,67.0,660,-5,0,0,0.96,99.03,100.0
2026-06-10,4128,中天,15.0,15.2,14.85,14.85,1055,293,0,-4,4.36,95.63,100.0
2026-06-10,4129,聯合,90.2,91.3,89.9,90.5,273,72,0,-1,11.43,88.56,100.0
2026-06-10,4130,健亞,26.0,26.6,25.9,26.1,135,44,0,1,2.19,97.8,100.0
2026-06-10,4131,浩泰,36.5,36.5,36.5,36.5,1,0,0,0,1.16,98.83,100.0
2026-06-10,4133,亞諾法,20.9,21.0,20.8,20.8,106,-44,0,-1,12.08,87.91,100.0
2026-06-10,4137,麗豐-KY,109.0,112.0,108.5,108.5,203,11,0,0,55.95,44.04,100.0
2026-06-10,4138,曜亞,51.4,51.7,51.2,51.2,25,-2,0,0,1.2,98.79,100.0
2026-06-10,4139,馬光-KY,23.1,24.85,23.1,24.75,38,-1,0,0,16.91,83.08,100.0
2026-06-10,4142,國光生,18.3,18.45,17.8,17.8,2986,-55,0,3,4.78,95.21,100.0
2026-06-10,4147,中裕,56.0,57.8,55.3,57.6,1925,63,0,0,8.17,91.82,100.0
2026-06-10,4148,全宇生技-KY,31.5,31.5,30.25,30.3,146,-5,0,0,71.12,28.87,100.0
2026-06-10,4150,優你康,5.08,5.19,4.93,5.09,344,55,0,0,0.0,0.0,0.0
2026-06-10,4153,鈺緯,31.5,31.85,31.5,31.65,29,1,0,0,0.33,99.66,100.0
2026-06-10,4154,樂威科-KY,0.0,0.0,0.0,0.0,0,0,0,0,29.99,70.0,100.0
2026-06-10,4155,訊映,14.9,15.75,14.75,15.65,1119,41,0,0,1.36,98.63,100.0
2026-06-10,4157,太景*-KY,8.96,8.96,8.6,8.6,2212,56,0,-14,1.95,98.04,100.0
2026-06-10,4160,訊聯基因,41.35,41.35,40.05,40.1,39,-10,0,0,0.87,99.12,100.0
2026-06-10,4161,聿新科,22.8,23.0,22.7,22.9,68,8,0,0,0.34,99.65,100.0
2026-06-10,4162,智擎,57.0,58.4,57.0,57.2,1264,47,0,4,8.91,91.08,100.0
2026-06-10,4163,鐿鈦,116.0,116.5,109.0,109.0,188,-22,0,0,2.68,97.31,100.0
2026-06-10,4164,承業醫,30.0,31.75,29.75,30.95,1318,67,0,-3,18.8,81.19,100.0
2026-06-10,4166,友霖,25.6,25.6,25.0,25.6,3557,-65,0,1,10.7,89.29,100.0
2026-06-10,4167,松瑞藥,20.7,20.7,19.9,19.95,1485,26,0,0,11.49,88.5,100.0
2026-06-10,4168,醣聯,25.5,25.85,25.1,25.25,205,8,0,0,4.59,95.4,100.0
2026-06-10,4169,泰宗,151.0,152.5,149.0,149.0,88,1,0,0,6.48,93.51,100.0
2026-06-10,4170,鑫品生醫,12.94,13.0,12.35,13.0,63,0,0,0,0.0,0.0,0.0
2026-06-10,4171,瑞基,17.75,17.75,17.5,17.5,82,-10,0,0,13.64,86.35,100.0
2026-06-10,4172,因華,10.94,11.15,10.6,10.95,298,-16,0,0,0.0,0.0,0.0
2026-06-10,4173,久裕,18.3,18.3,18.05,18.15,144,0,0,0,0.74,99.25,100.0
2026-06-10,4174,浩鼎,28.9,29.4,28.15,28.15,426,-44,0,0,6.95,93.04,100.0
2026-06-10,4175,杏一,52.6,53.0,52.5,52.6,38,0,0,0,0.18,99.81,100.0
2026-06-10,4178,永笙-KY,18.4,18.5,18.15,18.2,277,-5,0,0,5.33,94.66,100.0
2026-06-10,4183,福永生技,0.0,0.0,0.0,0.0,0,0,0,0,0.0,99.99,100.0
2026-06-10,4186,尖端醫,9.96,10.15,9.5,10.05,356,5,0,0,0.0,0.0,0.0
2026-06-10,4188,安克,10.55,10.55,10.5,10.5,11,-4,0,0,0.08,99.91,100.0
2026-06-10,4190,佐登-KY,25.05,25.05,24.65,24.65,65,-19,0,-1,58.67,41.32,100.0
2026-06-10,4192,杏國,20.8,20.8,20.5,20.5,14,0,0,0,0.31,99.68,100.0
2026-06-10,4194,禾生技,7.03,7.17,6.75,6.9,147,-2,0,0,0.0,0.0,0.0
2026-06-10,4195,基米-創,16.1,16.25,15.85,16.25,298,-13,0,0,1.0,98.99,100.0
2026-06-10,4197,暐世,8.73,8.95,8.52,8.58,51,0,0,0,0.0,0.0,0.0
2026-06-10,4198,欣大健康,37.0,38.5,36.15,36.15,14,1,0,0,1.17,98.82,100.0
2026-06-10,4205,中華食,72.5,72.8,72.3,72.6,36,8,0,0,0.62,99.37,100.0
2026-06-10,4207,環泰,19.55,19.6,19.35,19.35,141,48,0,0,1.7,98.29,100.0
2026-06-10,4303,信立,46.25,47.9,46.15,46.15,737,85,0,1,3.18,96.81,100.0
2026-06-10,4304,勝昱,24.2,25.0,23.9,24.7,61,3,0,-1,0.04,99.95,100.0
2026-06-10,4305,世坤,44.05,44.05,44.0,44.0,7,0,0,0,0.06,99.93,100.0
2026-06-10,4306,炎洲,15.1,15.55,15.1,15.3,2674,1147,0,9,6.37,93.62,100.0
2026-06-10,4401,東隆興,13.8,13.9,13.7,13.85,83,-10,0,0,1.49,98.5,100.0
2026-06-10,4402,郡都開發,14.55,17.7,14.55,17.4,475,-140,0,-4,2.23,97.76,100.0
2026-06-10,4406,新昕纖,9.99,9.99,9.9,9.9,2,-1,0,0,0.17,99.82,100.0
2026-06-10,4413,飛寶企業,16.4,16.4,15.5,15.55,15,2,0,0,5.72,94.27,100.0
2026-06-10,4414,如興,8.4,8.52,8.36,8.4,250,-9,0,-3,26.37,73.62,100.0
2026-06-10,4416,三圓,10.7,10.85,10.55,10.6,214,-15,0,0,1.66,98.33,100.0
2026-06-10,4417,金洲,46.1,46.1,45.75,45.75,150,-58,0,0,3.67,96.32,100.0
2026-06-10,4419,元勝,45.7,45.9,45.05,45.5,53,0,0,0,0.0,99.99,100.0
2026-06-10,4419,皇家美食,45.7,45.9,45.05,45.5,53,0,0,0,0.0,99.99,100.0
2026-06-10,4420,光明,38.3,38.65,37.7,38.0,82,-1,0,0,0.67,99.32,100.0
2026-06-10,4426,利勤,8.25,8.25,7.92,7.93,375,-127,0,33,2.16,97.83,100.0
2026-06-10,4430,耀億,17.4,17.6,17.3,17.55,17,1,0,0,2.32,97.67,100.0
2026-06-10,4431,敏成健康,16.25,17.35,16.4,16.6,34,1,0,0,0.0,0.0,0.0
2026-06-10,4432,銘旺實,16.75,16.75,16.3,16.35,44,-1,0,0,0.97,99.02,100.0
2026-06-10,4433,興采,20.25,20.75,20.25,20.45,66,5,0,0,0.17,99.82,100.0
2026-06-10,4438,廣越,61.3,61.3,59.8,60.5,176,15,0,-2,1.88,98.11,100.0
2026-06-10,4439,冠星-KY,89.2,89.5,87.8,87.8,28,1,0,-1,61.39,38.6,100.0
2026-06-10,4440,宜新實業,17.35,17.35,17.0,17.0,133,-28,0,-2,0.64,99.35,100.0
2026-06-10,4441,振大環球,195.0,198.5,190.5,190.5,337,-110,0,0,1.38,98.61,100.0
2026-06-10,4442,竣邦-KY,51.9,55.0,51.9,54.0,92,18,0,0,61.0,38.99,100.0
2026-06-10,4502,健信,15.65,15.9,15.65,15.8,16,0,0,0,4.07,95.92,100.0
2026-06-10,4503,金雨,37.8,38.35,36.95,37.0,137,-7,0,0,3.64,96.35,100.0
2026-06-10,4506,崇友,117.5,118.5,117.5,117.5,55,16,0,0,3.35,96.64,100.0
2026-06-10,4510,高鋒,46.2,48.45,44.9,44.9,1611,134,0,-25,4.82,95.17,100.0
2026-06-10,4513,福裕,15.3,16.45,15.15,16.4,2105,-108,0,-3,4.49,95.5,100.0
2026-06-10,4523,永彰,29.0,29.3,28.4,28.65,93,-22,0,0,2.85,97.14,100.0
2026-06-10,4526,東台,38.7,40.8,38.0,38.0,5382,614,0,-113,7.08,92.91,100.0
2026-06-10,4527,方土霖,41.4,41.4,40.55,41.0,57,0,0,0,1.78,98.21,100.0
2026-06-10,4528,江興鍛,15.8,16.35,15.8,15.95,44,3,0,0,0.15,99.84,100.0
2026-06-10,4529,淳紳,5.15,5.15,4.9,5.06,80,-2,0,0,38.05,61.94,100.0
2026-06-10,4530,宏易,24.8,25.9,24.05,24.05,18,0,0,0,2.31,97.68,100.0
2026-06-10,4532,瑞智,24.4,24.55,24.0,24.1,868,202,-12,2,17.85,82.14,100.0
2026-06-10,4533,協易機,31.0,31.8,29.75,29.85,1883,-236,0,-25,4.48,95.51,100.0
2026-06-10,4534,慶騰,34.95,36.0,31.5,31.5,6936,-967,0,-24,2.9,97.09,100.0
2026-06-10,4535,至興,27.1,27.1,27.1,27.1,15,0,0,0,0.11,99.88,100.0
2026-06-10,4536,拓凱,162.5,165.5,162.0,163.5,241,82,0,0,11.92,88.07,100.0
2026-06-10,4537,旭東,197.47,202.0,175.0,181.5,695,-16,0,0,0.0,0.0,0.0
2026-06-10,4538,大詠城,18.45,18.45,18.0,18.4,49,6,0,0,0.16,99.83,100.0
2026-06-10,4540,全球傳動,65.4,68.6,61.6,61.9,4378,110,0,-3,4.08,95.91,100.0
2026-06-10,4541,晟田,47.0,47.45,46.05,46.7,865,75,0,0,6.96,93.03,100.0
2026-06-10,4542,科嶠,374.0,380.0,323.5,327.0,7992,1123,0,-18,11.58,88.41,100.0
2026-06-10,4543,萬在,39.2,39.95,37.6,37.8,354,-41,0,-5,9.33,90.66,100.0
2026-06-10,4544,春日,14.78,15.4,14.85,15.3,28,0,0,0,0.0,0.0,0.0
2026-06-10,4545,銘鈺,38.6,38.6,37.35,37.45,171,16,0,0,29.71,70.28,100.0
2026-06-10,4546,長亨,100.77,103.0,98.8,100.5,21,0,0,0,0.0,0.0,0.0
2026-06-10,4549,桓達,110.5,115.5,107.5,107.5,332,2,0,0,2.17,97.82,100.0
2026-06-10,4550,長佳,25.3,25.3,25.05,25.3,89,5,0,0,1.6,98.39,100.0
2026-06-10,4551,智伸科,141.5,144.0,136.0,137.5,1144,6,-331,-7,54.11,45.88,100.0
2026-06-10,4552,力達-KY,20.75,21.2,20.75,20.85,106,-23,0,-1,42.78,57.21,100.0
2026-06-10,4553,盛復,17.36,17.95,17.0,17.7,15,-1,0,0,0.0,0.0,0.0
2026-06-10,4554,橙的,30.15,30.45,30.1,30.2,35,1,0,0,24.44,75.55,100.0
2026-06-10,4555,氣立,50.0,52.0,46.1,46.45,976,149,0,-55,3.11,96.88,100.0
2026-06-10,4556,旭然,55.3,55.3,55.3,55.3,477,16,0,-4,11.08,88.91,100.0
2026-06-10,4557,永新-KY,46.15,46.2,45.0,45.4,85,0,0,-2,30.37,69.62,100.0
2026-06-10,4558,寶緯,18.8,19.0,18.2,18.5,90,-3,0,0,0.38,99.61,100.0
2026-06-10,4559,久裕興,7.96,8.37,7.86,8.37,52,0,0,0,0.0,0.0,0.0
2026-06-10,4560,強信-KY,31.95,33.1,31.9,32.45,544,-70,0,1,84.67,15.32,100.0
2026-06-10,4561,健椿,44.35,45.55,41.25,41.85,483,26,0,0,2.85,97.14,100.0
2026-06-10,4562,穎漢,38.5,39.8,36.3,36.3,897,-24,0,53,1.12,98.87,100.0
2026-06-10,4563,百德,45.0,46.05,44.25,44.3,193,-48,0,-10,1.5,98.49,100.0
2026-06-10,4564,元翎,15.1,15.55,15.1,15.15,921,223,0,-3,2.6,97.39,100.0
2026-06-10,4565,宏偉,119.41,119.5,116.5,118.0,7,0,0,0,0.0,0.0,0.0
2026-06-10,4566,時碩工業,62.3,64.6,61.1,61.2,906,-105,0,-1,1.46,98.53,100.0
2026-06-10,4568,科際精密,40.6,41.15,40.3,40.3,42,-1,0,0,20.1,79.89,100.0
2026-06-10,4569,六方科-KY,167.5,167.5,158.5,158.5,62,-9,0,-1,66.93,33.06,100.0
2026-06-10,4570,傑生,71.99,68.9,68.9,68.9,0,0,0,0,0.0,0.0,0.0
2026-06-10,4571,鈞興-KY,188.5,192.5,180.0,180.5,573,3,0,-3,66.14,33.85,100.0
2026-06-10,4572,駐龍,143.5,144.0,142.0,142.5,34,-5,0,2,2.17,97.82,100.0
2026-06-10,4573,高明鐵,399.85,402.5,386.5,392.0,450,-20,0,0,0.0,0.0,0.0
2026-06-10,4575,銓寶,26.64,26.7,26.5,26.6,17,0,0,0,0.0,0.0,0.0
2026-06-10,4576,大銀微系統,210.0,216.5,200.0,201.0,1768,88,10,-17,5.92,94.07,100.0
2026-06-10,4577,達航科技,93.7,97.3,85.5,86.7,1083,-27,0,0,4.21,95.78,100.0
2026-06-10,4580,捷流閥業,82.0,82.0,80.5,80.6,85,-5,0,0,4.1,95.89,100.0
2026-06-10,4581,光隆精密-KY,49.4,50.0,49.4,49.7,10,-3,0,-1,24.01,75.98,100.0
2026-06-10,4582,聚恆-創,26.5,28.05,26.5,27.7,1171,216,0,-2,1.46,98.53,100.0
2026-06-10,4583,台灣精銳,647.0,650.0,621.0,621.0,94,-38,0,-3,1.17,98.82,100.0
2026-06-10,4584,君帆,40.9,41.45,40.45,41.45,9,0,0,0,0.0,99.99,100.0
2026-06-10,4585,達明,326.5,332.5,321.0,322.5,288,-45,0,-14,0.22,99.77,100.0
2026-06-10,4587,寶元數控,59.1,60.4,56.7,58.3,40,-4,0,0,0.0,0.0,0.0
2026-06-10,4588,玖鼎電力,58.9,59.4,57.6,57.8,97,-13,0,0,2.52,97.47,100.0
2026-06-10,4589,碩陽電機,37.14,38.0,37.0,37.25,3,0,0,0,0.0,0.0,0.0
2026-06-10,4590,富田-創,75.9,75.9,73.4,74.5,194,24,0,0,2.12,97.87,100.0
2026-06-10,4609,唐鋒,5.78,5.78,5.38,5.38,5,0,0,0,0.0,99.99,100.0
2026-06-10,4702,中美實,10.15,10.15,9.98,10.0,101,5,0,0,43.7,56.29,100.0
2026-06-10,4706,大恭,31.7,32.4,31.2,31.4,27,3,0,0,29.49,70.5,100.0
2026-06-10,4707,磐亞,20.3,20.4,19.0,19.0,1501,-61,0,15,1.38,98.61,100.0
2026-06-10,4711,永純,17.45,17.7,16.85,16.85,579,70,0,6,1.72,98.27,100.0
2026-06-10,4714,永捷,13.45,14.25,13.3,13.5,1845,265,0,0,3.15,96.84,100.0
2026-06-10,4716,大立,16.4,16.65,16.3,16.45,691,230,0,0,4.47,95.52,100.0
2026-06-10,4720,德淵,24.4,25.0,23.7,23.7,2856,-1026,-1,-3,5.25,94.74,100.0
2026-06-10,4721,美琪瑪,94.0,99.5,93.5,93.5,5928,1520,0,51,7.87,92.12,100.0
2026-06-10,4722,國精化,239.0,240.0,220.5,220.5,2876,-151,70,-69,5.5,94.49,100.0
2026-06-10,4724,宣捷幹細胞,11.17,11.2,10.65,10.95,207,0,0,0,0.0,0.0,0.0
2026-06-10,4726,永昕,26.8,26.8,25.7,25.7,709,-297,0,0,20.67,79.32,100.0
2026-06-10,4728,雙美,375.5,381.0,374.0,381.0,19,-1,0,0,19.66,80.33,100.0
2026-06-10,4729,熒茂,22.9,23.4,22.0,22.0,649,46,0,0,1.74,98.25,100.0
2026-06-10,4732,彥臣,18.24,18.3,17.45,17.6,45,0,0,0,0.0,0.0,0.0
2026-06-10,4735,豪展,31.75,31.75,31.3,31.55,18,-2,0,0,0.17,99.82,100.0
2026-06-10,4736,泰博,124.0,126.0,124.0,126.0,267,138,0,-1,5.68,94.31,100.0
2026-06-10,4737,華廣,55.0,55.1,54.1,54.8,47,-9,0,-1,28.6,71.39,100.0
2026-06-10,4738,大同精化,7.89,8.05,7.5,7.61,369,-48,0,0,0.0,0.0,0.0
2026-06-10,4739,康普,128.5,134.5,124.0,125.0,14848,1898,0,-142,12.33,87.66,100.0
2026-06-10,4741,泓瀚,80.7,83.6,77.0,80.9,5334,1116,0,-4,9.03,90.96,100.0
2026-06-10,4743,合一,49.8,50.5,49.0,49.0,1711,-267,0,16,7.67,92.32,100.0
2026-06-10,4744,皇將,37.8,38.35,37.25,37.45,471,12,0,0,4.49,95.5,100.0
2026-06-10,4745,合富-KY,16.3,16.6,16.3,16.5,1248,-159,0,0,9.93,90.06,100.0
2026-06-10,4746,台耀,53.0,53.0,51.4,51.8,620,78,0,-3,8.55,91.44,100.0
2026-06-10,4747,強生,55.0,55.1,55.0,55.0,13,-3,0,0,0.6,99.39,100.0
2026-06-10,4749,新應材,985.0,1005.0,925.0,925.0,1695,-405,3,-100,11.41,88.58,100.0
2026-06-10,4754,國碳科,39.55,40.0,38.8,38.85,69,-8,0,0,0.25,99.74,100.0
2026-06-10,4755,三福化,138.0,138.0,133.0,133.5,627,-134,0,14,24.59,75.4,100.0
2026-06-10,4760,勤凱,387.5,428.5,373.0,373.5,3137,126,0,-84,7.6,92.39,100.0
2026-06-10,4763,材料*-KY,44.75,46.1,44.05,44.25,10083,-108,0,-10,46.51,53.48,100.0
2026-06-10,4764,雙鍵,271.0,278.0,255.5,258.0,1501,207,0,-51,27.12,72.87,100.0
2026-06-10,4765,磐采,17.35,17.4,16.6,17.3,64,1,0,0,0.0,0.0,0.0
2026-06-10,4766,南寶,367.5,376.0,366.0,366.0,534,196,7,-4,14.2,85.79,100.0
2026-06-10,4767,誠泰科技,27.3,27.3,26.6,27.1,3,0,0,0,0.04,99.95,100.0
2026-06-10,4768,晶呈科技,408.0,419.0,380.0,380.0,1244,-281,0,0,5.88,94.11,100.0
2026-06-10,4770,上品,218.5,222.5,215.5,216.0,651,-268,0,3,6.67,93.32,100.0
2026-06-10,4771,望隼,191.0,193.5,189.0,190.0,137,25,0,-14,6.99,93.0,100.0
2026-06-10,4772,台特化,279.0,283.5,271.5,271.5,1450,32,0,-40,5.06,94.93,100.0
2026-06-10,4806,桂田文創,9.94,9.96,9.94,9.94,10,0,0,0,1.88,98.11,100.0
2026-06-10,4807,日成-KY,33.1,35.35,33.1,33.95,323,4,0,-4,67.37,32.62,100.0
2026-06-10,4903,聯光通,40.95,41.95,39.2,39.2,1452,-106,0,0,2.4,97.59,100.0
2026-06-10,4904,遠傳,105.5,107.5,105.0,106.5,9561,746,125,48,21.54,27.28,49.0
2026-06-10,4905,台聯電,76.5,76.5,74.1,74.1,10,0,0,0,9.66,90.33,100.0
2026-06-10,4906,正文,44.1,45.4,41.15,41.55,17613,1354,-5,-312,12.41,87.58,100.0
2026-06-10,4907,富宇,38.0,39.9,37.45,39.3,409,18,0,0,0.28,99.71,100.0
2026-06-10,4908,前鼎,212.5,222.5,200.0,200.0,2261,595,0,-3,6.7,93.29,100.0
2026-06-10,4909,新復興,48.5,50.3,48.15,48.4,907,79,0,-14,9.61,90.38,100.0
2026-06-10,4911,德英,31.6,32.1,31.1,31.2,17,5,0,0,0.29,99.7,100.0
2026-06-10,4912,聯德控股-KY,95.7,99.3,92.8,93.0,1111,4,0,-2,24.32,75.67,100.0
2026-06-10,4915,致伸,76.5,77.6,75.4,75.4,5170,-1951,-25,903,32.37,67.62,100.0
2026-06-10,4916,事欣科,120.0,122.5,111.0,111.5,13995,728,0,-162,20.18,79.81,100.0
2026-06-10,4919,新唐,167.5,180.0,159.0,159.0,5436,-597,-6,-17,8.47,91.52,100.0
2026-06-10,4923,力士,45.45,47.0,43.5,43.5,893,7,0,0,0.96,99.03,100.0
2026-06-10,4924,欣厚-KY,12.3,12.3,11.95,11.95,43,-4,0,6,38.18,61.81,100.0
2026-06-10,4925,智微,153.84,170.0,145.5,152.5,609,-17,0,0,0.0,0.0,0.0
2026-06-10,4927,泰鼎-KY,54.4,56.2,49.7,49.7,12758,-2264,0,0,7.39,92.6,100.0
2026-06-10,4930,燦星網,17.4,17.55,17.3,17.3,79,-22,0,-1,2.11,97.88,100.0
2026-06-10,4931,新盛力,263.0,270.0,252.0,252.0,15558,-3429,0,-76,10.16,89.83,100.0
2026-06-10,4933,友輝,69.4,70.1,65.9,66.6,519,-91,0,-2,7.59,92.4,100.0
2026-06-10,4934,太極,15.6,17.55,15.6,16.25,1906,182,0,-5,2.43,97.56,100.0
2026-06-10,4935,茂林-KY,38.0,38.6,37.3,37.6,157,-60,0,-1,26.69,73.3,100.0
2026-06-10,4938,和碩,93.0,99.4,92.4,94.8,40678,-7607,12868,-274,27.73,72.26,100.0
2026-06-10,4939,亞電,65.5,68.9,59.1,60.1,35025,-124,0,-151,7.02,92.97,100.0
2026-06-10,4942,嘉彰,37.2,37.7,37.1,37.45,113,-9,0,-1,6.85,93.14,100.0
2026-06-10,4943,康控-KY,9.25,9.25,9.0,9.05,23,-355,37,31,15.6,84.39,100.0
2026-06-10,4946,辣椒,104.5,114.0,104.5,114.0,220,20,0,0,5.01,94.98,100.0
2026-06-10,4949,有成精密,92.6,98.6,92.0,92.0,1714,250,-1,1,3.28,96.71,100.0
2026-06-10,4950,金耘國際,16.1,16.45,16.1,16.1,35,0,0,0,0.08,99.91,100.0
2026-06-10,4951,精拓科,105.0,108.5,100.0,101.0,852,75,0,0,4.45,95.54,100.0
2026-06-10,4952,凌通,48.45,49.75,47.0,47.15,391,-69,0,-2,5.29,94.7,100.0
2026-06-10,4953,緯軟,141.5,144.5,137.0,137.5,1256,233,0,-7,14.26,85.73,100.0
2026-06-10,4956,光鋐,39.7,41.5,37.5,37.8,2210,-115,-1,1,10.52,89.47,100.0
2026-06-10,4958,臻鼎-KY,531.0,550.0,502.0,502.0,12649,-170,-975,-342,63.54,36.45,100.0
2026-06-10,4960,誠美材,30.0,31.65,29.0,29.15,6514,-34,0,-9,19.44,80.55,100.0
2026-06-10,4961,天鈺,166.5,170.0,163.5,163.5,946,-128,3,-4,19.43,80.56,100.0
2026-06-10,4966,譜瑞-KY,679.0,707.0,658.0,662.0,2061,361,-183,-56,37.44,62.55,100.0
2026-06-10,4967,十銓,280.0,286.5,268.0,269.0,7527,-1361,0,-73,8.06,91.93,100.0
2026-06-10,4968,立積,107.5,110.5,106.0,106.0,581,-60,0,-20,4.0,95.99,100.0
2026-06-10,4971,IET-KY,593.0,594.0,547.0,547.0,2214,586,0,-15,15.15,84.84,100.0
2026-06-10,4972,湯石照明,16.5,16.6,16.5,16.6,10,-1,0,0,2.1,97.89,100.0
2026-06-10,4973,廣穎,186.5,193.5,186.5,193.0,4799,161,0,12,8.89,91.1,100.0
2026-06-10,4974,亞泰,76.1,78.1,75.1,75.1,342,-68,0,0,4.86,95.13,100.0
2026-06-10,4976,佳凌,35.45,38.65,33.55,33.8,9873,-1346,0,46,3.0,96.99,100.0
2026-06-10,4977,眾達-KY,188.5,190.0,176.0,176.0,3112,262,-1,-110,15.68,84.31,100.0
2026-06-10,4979,華星光,530.0,531.0,504.0,504.0,1566,133,-107,-58,13.13,86.86,100.0
2026-06-10,4980,佐臻,44.15,46.25,42.85,44.5,326,-1,0,0,0.0,0.0,0.0
2026-06-10,4989,榮科,85.0,89.0,82.0,82.1,4860,163,0,-1,2.66,97.33,100.0
2026-06-10,4991,環宇-KY,572.0,584.0,539.0,539.0,5336,1056,-661,-10,18.49,81.5,100.0
2026-06-10,4994,傳奇,86.1,90.0,85.4,85.4,42,-5,0,-1,2.62,97.37,100.0
2026-06-10,4995,晶達,45.25,45.25,44.2,45.0,57,-2,0,0,0.43,99.56,100.0
2026-06-10,4999,鑫禾,20.5,21.05,20.4,20.65,177,-7,0,0,1.66,98.33,100.0
2026-06-10,5007,三星,55.6,56.5,55.5,55.6,35,-14,0,-5,2.93,97.06,100.0
2026-06-10,5009,榮剛,35.6,37.0,35.25,35.45,2826,1141,0,29,11.05,88.94,100.0
2026-06-10,5011,久陽,17.6,18.0,17.5,17.5,433,74,0,0,2.86,97.13,100.0
2026-06-10,5013,強新,0.0,0.0,0.0,0.0,1,0,0,0,12.22,87.77,100.0
2026-06-10,5014,建錩,10.95,11.15,10.95,10.95,313,-90,0,0,1.66,98.33,100.0
2026-06-10,5015,華祺,24.9,24.9,23.55,23.6,13,2,0,0,6.82,93.17,100.0
2026-06-10,5016,松和,25.15,25.15,25.0,25.1,50,4,0,0,0.66,99.33,100.0
2026-06-10,5201,凱衛,29.45,29.45,28.65,29.3,79,-11,0,0,6.74,93.25,100.0
2026-06-10,5202,力新,16.0,16.95,15.35,15.35,1591,-2,0,0,0.72,99.27,100.0
2026-06-10,5203,訊連,68.9,69.9,67.0,68.0,581,78,0,1,10.97,89.02,100.0
2026-06-10,5205,中茂,23.5,23.5,23.5,23.5,1,0,0,0,0.04,99.95,100.0
2026-06-10,5206,坤悅,22.6,24.2,22.5,24.1,610,70,0,0,6.4,93.59,100.0
2026-06-10,5209,新鼎,172.5,173.0,171.5,172.0,36,-7,0,0,2.08,97.91,100.0
2026-06-10,5210,寶碩,31.05,32.0,30.75,30.95,921,85,0,-1,1.62,98.37,100.0
2026-06-10,5211,蒙恬,18.9,19.15,18.5,18.5,56,-3,0,0,7.94,92.05,100.0
2026-06-10,5212,凌網,47.0,47.0,46.65,47.0,12,-1,0,0,21.77,78.22,100.0
2026-06-10,5213,亞昕,23.2,23.95,23.0,23.7,1327,-277,0,0,1.07,98.92,100.0
2026-06-10,5215,科嘉-KY,44.35,44.75,43.4,44.0,243,43,0,0,26.02,73.97,100.0
2026-06-10,5220,萬達光電,21.7,22.4,21.0,21.15,101,-6,0,-1,0.4,99.59,100.0
2026-06-10,5222,全訊,117.0,118.5,113.0,113.0,444,-67,0,-11,3.73,6.26,10.0
2026-06-10,5223,安力-KY,25.95,25.95,25.25,25.25,25,1,0,0,42.0,57.99,100.0
2026-06-10,5225,東科-KY,72.0,73.5,71.6,72.2,450,57,0,11,39.75,60.24,100.0
2026-06-10,5227,立凱-KY,25.5,27.2,25.5,25.55,370,-2,0,0,12.98,87.01,100.0
2026-06-10,5228,鈺鎧,73.3,80.7,70.0,71.1,4197,167,0,8,3.0,96.99,100.0
2026-06-10,5230,雷笛克光學,17.9,18.15,17.3,17.3,230,40,0,0,1.59,98.4,100.0
2026-06-10,5234,達興材料,388.5,407.0,383.5,384.0,605,9,4,-8,9.94,90.05,100.0
2026-06-10,5236,凌陽創新,160.0,162.0,151.0,152.0,451,120,0,-2,5.79,94.2,100.0
2026-06-10,5240,建騰,24.55,25.25,24.1,25.0,8,2,0,0,0.0,0.0,0.0
2026-06-10,5243,乙盛-KY,112.0,120.5,109.0,110.0,4670,650,0,-32,55.07,44.92,100.0
2026-06-10,5244,弘凱,37.45,38.55,36.7,36.7,556,27,0,1,1.93,98.06,100.0
2026-06-10,5245,智晶,26.25,27.25,26.05,26.3,73,-12,0,0,3.36,96.63,100.0
2026-06-10,5246,勵威,170.49,234.5,173.0,194.0,1851,-7,0,0,0.0,0.0,0.0
2026-06-10,5248,景傳,38.96,40.0,38.15,38.25,60,-8,0,0,0.0,0.0,0.0
2026-06-10,5251,天鉞電,30.55,32.1,29.95,29.95,391,-27,0,0,26.33,73.66,100.0
2026-06-10,5254,欣訊科技,43.39,47.0,42.8,44.6,96,2,0,0,0.0,0.0,0.0
2026-06-10,5258,虹堡,48.75,50.8,48.6,48.85,611,-124,0,-2,4.81,95.18,100.0
2026-06-10,5262,立達,47.86,48.35,46.65,46.85,127,-4,0,0,0.0,0.0,0.0
2026-06-10,5263,智崴,106.0,107.0,101.5,101.5,162,40,0,4,13.47,86.52,100.0
2026-06-10,5267,龍翩,57.92,58.2,56.0,56.9,109,22,0,0,0.0,0.0,0.0
2026-06-10,5269,祥碩,1385.0,1410.0,1320.0,1325.0,2290,-14,-1,-53,7.12,92.87,100.0
2026-06-10,5271,紘通,17.33,17.7,15.95,16.6,797,0,0,0,0.0,0.0,0.0
2026-06-10,5272,笙科,20.8,21.5,20.2,20.25,315,-19,0,0,3.42,96.57,100.0
2026-06-10,5274,信驊,17460.0,18195.0,16810.0,16840.0,212,-23,5,-2,53.52,46.47,100.0
2026-06-10,5276,達輝-KY,18.25,18.25,18.0,18.25,22,0,0,0,77.03,22.96,100.0
2026-06-10,5278,尚凡,23.95,24.25,23.7,23.8,256,27,0,0,0.69,99.3,100.0
2026-06-10,5278,尚凡*,23.95,24.25,23.7,23.8,256,27,0,0,0.69,99.3,100.0
2026-06-10,5283,禾聯碩,52.1,52.2,51.8,51.9,69,-6,0,-1,1.38,98.61,100.0
2026-06-10,5284,jpp-KY,394.5,395.5,361.5,363.0,1361,142,0,-47,51.88,48.11,100.0
2026-06-10,5285,界霖,87.6,90.3,84.5,84.5,2510,519,10,-8,6.42,93.57,100.0
2026-06-10,5287,數字,146.5,147.5,146.0,146.0,104,-4,0,0,16.07,83.92,100.0
2026-06-10,5288,豐祥-KY,177.5,187.5,177.5,184.5,1086,307,0,-1,59.78,40.21,100.0
2026-06-10,5289,宜鼎,1950.0,2005.0,1795.0,1795.0,5917,-542,306,-54,24.98,75.01,100.0
2026-06-10,5291,邑昇,67.2,69.7,65.8,65.8,629,77,0,1,4.38,95.61,100.0
2026-06-10,5292,華懋,207.0,210.5,201.5,202.5,207,2,0,0,6.14,93.85,100.0
2026-06-10,5297,廣化,87.22,89.0,79.8,81.4,1174,-24,0,0,0.0,0.0,0.0
2026-06-10,5299,杰力,101.5,106.0,100.0,100.0,482,-105,0,0,2.36,97.63,100.0
2026-06-10,5301,寶得利,6.83,6.9,6.83,6.9,26,0,0,0,2.1,97.89,100.0
2026-06-10,5302,太欣,10.8,10.95,10.65,10.8,511,11,0,0,1.64,98.35,100.0
2026-06-10,5306,桂盟,84.4,85.4,84.0,84.7,194,46,0,-2,12.7,87.29,100.0
2026-06-10,5309,系統電,73.1,73.3,67.5,67.6,12110,-1903,27,-403,8.97,91.02,100.0
2026-06-10,5310,天剛,28.85,28.85,24.5,25.0,43,2,0,0,0.04,99.95,100.0
2026-06-10,5312,寶島科,97.2,97.2,95.0,95.6,28,-1,0,1,7.86,92.13,100.0
2026-06-10,5314,世紀*,60.4,62.9,58.8,58.8,3307,-131,-4,7,12.4,87.59,100.0
2026-06-10,5315,光聯,22.4,22.5,22.15,22.15,407,-169,0,0,9.4,90.59,100.0
2026-06-10,5321,美而快,41.2,41.45,37.1,37.1,315,0,0,15,1.75,98.24,100.0
2026-06-10,5324,士開,11.9,12.25,11.9,12.05,357,99,0,0,5.45,94.54,100.0
2026-06-10,5328,華容,42.15,47.0,42.1,44.85,70100,7039,0,-107,9.26,90.73,100.0
2026-06-10,5340,建榮,91.3,92.4,85.6,85.7,2105,358,0,-28,50.23,49.76,100.0
2026-06-10,5344,立衛,16.3,16.4,15.5,15.55,84,-12,0,0,0.15,99.84,100.0
2026-06-10,5345,天揚,32.15,32.15,32.15,32.15,501,89,0,58,0.27,99.72,100.0
2026-06-10,5345,馥鴻,32.15,32.15,32.15,32.15,501,89,0,58,0.27,99.72,100.0
2026-06-10,5347,世界,158.0,161.5,151.5,152.5,24971,6705,-8182,-373,31.24,68.75,100.0
2026-06-10,5348,正能量智能,15.9,15.9,15.9,15.9,2,0,0,0,0.02,99.97,100.0
2026-06-10,5351,鈺創,87.0,93.7,85.1,85.5,39395,9496,0,1,23.94,76.05,100.0
2026-06-10,5353,台林,33.8,34.95,32.45,33.1,921,-108,0,0,0.52,99.47,100.0
2026-06-10,5355,佳總,6.38,6.94,6.38,6.8,92,1,0,0,0.18,99.81,100.0
2026-06-10,5356,協益,27.5,27.85,27.5,27.85,528,56,0,-3,3.38,96.61,100.0
2026-06-10,5364,力麗店,8.69,8.89,8.61,8.66,107,-1,0,0,0.67,99.32,100.0
2026-06-10,5371,中光電,71.5,72.2,68.0,68.0,4058,-1563,0,11,7.44,92.55,100.0
2026-06-10,5381,光譜,33.1,35.3,32.3,34.05,11093,186,0,0,0.85,99.14,100.0
2026-06-10,5386,青雲,500.0,542.0,493.5,495.0,2947,49,0,-79,4.1,95.89,100.0
2026-06-10,5388,中磊,85.4,89.0,83.8,84.0,4904,320,0,-62,19.11,80.88,100.0
2026-06-10,5392,能率,43.95,46.1,42.5,42.55,3440,-160,0,-21,4.01,95.98,100.0
2026-06-10,5398,慕康生醫,17.5,18.05,17.5,17.8,52,-14,0,0,5.56,94.43,100.0
2026-06-10,5403,中菲,92.5,93.8,92.5,93.1,158,-37,0,0,6.22,93.77,100.0
2026-06-10,5410,國眾,40.4,40.85,39.75,40.15,802,139,0,-1,10.33,89.66,100.0
2026-06-10,5425,台半,91.7,96.3,86.8,87.3,21019,2262,0,-663,17.65,82.34,100.0
2026-06-10,5426,振發,35.3,35.4,32.45,32.45,5083,120,0,1,2.83,97.16,100.0
2026-06-10,5432,新門,126.5,138.0,126.5,136.5,273,71,0,0,1.15,98.84,100.0
2026-06-10,5434,崇越,456.0,466.0,443.5,449.5,1059,334,5,-6,31.36,68.63,100.0
2026-06-10,5438,東友,19.2,19.2,18.7,18.9,75,-15,0,0,1.14,98.85,100.0
2026-06-10,5439,高技,355.0,381.0,355.0,355.5,3152,319,60,4,19.13,80.86,100.0
2026-06-10,5443,均豪,103.0,108.0,100.0,100.5,3610,-201,0,-86,7.74,92.25,100.0
2026-06-10,5450,寶聯通,14.25,14.4,13.9,14.3,147,-7,0,0,0.1,99.89,100.0
2026-06-10,5450,南良,14.25,14.4,13.9,14.3,147,-7,0,0,0.1,99.89,100.0
2026-06-10,5452,佶優,32.9,33.5,31.05,31.1,3449,-179,0,-124,10.15,89.84,100.0
2026-06-10,5455,昇益,24.6,25.5,24.3,25.5,9,-3,0,0,0.11,99.88,100.0
2026-06-10,5457,宣德,29.65,30.25,29.3,29.5,573,-190,0,-11,28.0,71.99,100.0
2026-06-10,5460,同協,15.0,15.0,14.7,14.7,45,-22,0,0,0.36,99.63,100.0
2026-06-10,5464,霖宏,70.1,75.0,67.2,67.5,1515,-345,0,-8,3.23,96.76,100.0
2026-06-10,5465,富驊,26.45,26.6,26.0,26.05,142,-44,0,0,1.03,98.96,100.0
2026-06-10,5468,凱鈺,17.25,18.85,17.0,18.0,184,-2,0,0,0.17,99.82,100.0
2026-06-10,5469,瀚宇博,82.0,86.6,80.5,80.6,4051,-32,0,-127,11.2,88.79,100.0
2026-06-10,5471,松翰,48.6,51.8,48.25,48.45,1840,138,0,-52,10.56,89.43,100.0
2026-06-10,5474,聰泰,171.5,183.0,170.0,175.5,988,151,0,1,2.54,97.45,100.0
2026-06-10,5475,德宏,253.0,269.0,245.0,245.0,2135,252,0,-7,9.23,90.76,100.0
2026-06-10,5478,智冠,104.5,109.5,104.5,105.0,683,64,0,0,18.19,81.8,100.0
2026-06-10,5481,新華,19.35,19.85,19.1,19.45,290,-60,0,0,25.83,74.16,100.0
2026-06-10,5483,中美晶,148.0,151.0,143.5,143.5,11180,-1095,0,-148,23.18,76.81,100.0
2026-06-10,5484,慧友,54.0,55.5,49.9,49.95,1953,23,0,-1,1.74,98.25,100.0
2026-06-10,5487,通泰,28.15,28.5,27.05,28.4,96,-8,0,0,0.58,99.41,100.0
2026-06-10,5488,松普,12.5,12.6,12.1,12.1,1021,38,0,0,1.63,98.36,100.0
2026-06-10,5489,彩富,39.9,39.9,39.35,39.65,48,2,0,0,0.62,99.37,100.0
2026-06-10,5490,同亨,28.85,29.4,28.5,28.6,474,55,0,0,6.87,93.12,100.0
2026-06-10,5493,三聯,100.0,107.5,99.6,100.0,1223,59,0,0,3.48,96.51,100.0
2026-06-10,5498,凱崴,63.0,67.9,60.7,60.7,12810,81,0,-7,3.12,96.87,100.0
2026-06-10,5508,永信建,52.0,57.5,51.6,57.5,2933,-27,0,42,3.43,96.56,100.0
2026-06-10,5511,德昌,73.5,74.5,73.1,74.5,275,48,0,0,4.48,95.51,100.0
2026-06-10,5512,力麒,7.8,8.3,7.67,7.99,3646,529,0,0,5.05,94.94,100.0
2026-06-10,5514,三豐,13.95,13.95,13.8,13.8,3,-1,0,0,0.03,99.96,100.0
2026-06-10,5515,建國,41.8,43.4,41.8,43.0,1439,134,-3,4,12.65,87.34,100.0
2026-06-10,5516,雙喜,10.8,11.35,10.6,11.0,80,1,0,0,0.11,99.88,100.0
2026-06-10,5519,隆大,32.45,35.4,32.25,33.8,2241,355,0,7,4.32,95.67,100.0
2026-06-10,5520,力泰,82.7,82.7,82.4,82.5,4,-1,0,0,0.03,99.96,100.0
2026-06-10,5521,工信,10.25,11.25,10.2,11.25,10164,-658,0,6,7.91,92.08,100.0
2026-06-10,5522,遠雄,75.5,83.3,74.6,82.2,5246,689,0,296,4.8,95.19,100.0
2026-06-10,5523,豐謙,30.3,30.4,30.3,30.4,24,-1,0,0,0.12,99.87,100.0
2026-06-10,5525,順天,21.3,22.75,21.25,22.3,385,44,0,-13,1.68,98.31,100.0
2026-06-10,5529,鉅陞,22.85,23.75,22.85,23.3,290,51,0,0,0.82,99.17,100.0
2026-06-10,5530,龍巖,50.1,51.0,49.35,49.4,755,-145,0,0,53.94,46.05,100.0
2026-06-10,5531,鄉林,8.04,8.8,7.92,8.5,3257,-1115,0,-22,2.5,97.49,100.0
2026-06-10,5533,皇鼎,13.7,14.35,13.7,14.1,269,-1,0,7,2.73,97.26,100.0
2026-06-10,5534,長虹,77.5,84.5,77.2,83.5,7398,908,230,278,9.05,90.94,100.0
2026-06-10,5536,聖暉*,1120.0,1160.0,1090.0,1090.0,1209,140,20,-5,39.36,60.63,100.0
2026-06-10,5538,東明-KY,31.9,31.95,31.25,31.7,142,-12,0,-2,63.8,36.19,100.0
2026-06-10,5543,桓鼎-KY,30.6,30.6,29.2,29.7,18,-2,0,0,0.01,99.98,100.0
2026-06-10,5546,永固-KY,16.65,16.65,16.15,16.4,45,6,0,-3,53.79,46.2,100.0
2026-06-10,5547,久舜,21.9,21.95,21.55,21.9,33,0,0,0,0.15,99.84,100.0
2026-06-10,5548,安倉,23.45,23.55,23.3,23.4,66,14,0,0,0.26,99.73,100.0
2026-06-10,5601,台聯櫃,32.0,32.9,31.0,31.25,23,-1,0,0,4.44,95.55,100.0
2026-06-10,5603,陸海,15.3,15.45,15.1,15.35,162,1,0,0,5.15,94.84,100.0
2026-06-10,5604,中連貨,31.0,31.0,30.9,30.9,10,0,0,0,3.06,96.93,100.0
2026-06-10,5604,中連,31.0,31.0,30.9,30.9,10,0,0,0,3.06,96.93,100.0
2026-06-10,5607,遠雄港,52.8,54.7,52.8,53.5,1475,396,0,-33,3.76,96.23,100.0
2026-06-10,5608,四維航,15.1,15.1,14.8,14.8,1199,228,0,-3,5.02,42.47,47.5
2026-06-10,5609,中菲行,83.9,83.9,82.8,83.0,277,-30,0,6,14.57,85.42,100.0
2026-06-10,5701,劍湖山,5.46,5.46,4.98,4.98,814,5,0,0,0.05,99.94,100.0
2026-06-10,5703,亞都,13.75,14.3,13.35,14.3,11,0,0,0,6.62,93.37,100.0
2026-06-10,5704,老爺知,21.4,21.4,21.1,21.2,27,-4,0,0,0.2,99.79,100.0
2026-06-10,5706,鳳凰,52.3,53.1,52.3,52.6,259,91,0,1,2.19,97.8,100.0
2026-06-10,5859,遠壽,13.77,14.2,13.3,13.65,140,19,0,0,0.0,0.0,0.0
2026-06-10,5863,瑞興銀,11.04,11.35,10.85,11.3,0,0,0,0,0.0,0.0,0.0
2026-06-10,5864,致和證,45.4,45.9,43.6,43.65,11074,839,0,0,5.47,94.52,100.0
2026-06-10,5871,中租-KY,118.5,121.0,116.5,119.5,18917,-3956,8415,32,43.59,56.4,100.0
2026-06-10,5876,上海商銀,42.25,42.6,41.7,42.05,13514,-1274,67,399,53.85,46.14,100.0
2026-06-10,5878,台名,39.05,39.3,39.0,39.05,20,1,0,0,0.56,99.43,100.0
2026-06-10,5880,合庫金,23.6,23.95,23.6,23.8,24784,2327,17,550,15.4,84.59,100.0
2026-06-10,5902,德記,36.7,36.7,35.6,36.0,67,-8,0,0,1.18,98.81,100.0
2026-06-10,5903,全家,189.0,189.5,188.5,188.5,32,1,0,0,50.93,49.06,100.0
2026-06-10,5904,寶雅,625.0,631.0,597.0,602.0,666,110,1,-7,29.77,70.22,100.0
2026-06-10,5905,南仁湖,8.02,8.15,8.02,8.13,900,379,0,0,1.78,98.21,100.0
2026-06-10,5906,台南-KY,43.5,46.0,43.5,46.0,8,0,0,-1,19.42,80.57,100.0
2026-06-10,5907,大洋-KY,5.12,5.15,4.99,5.03,649,16,0,-3,52.24,47.75,100.0
2026-06-10,6005,群益證,40.4,40.4,38.0,38.25,32125,-1912,-3772,0,17.33,82.66,100.0
2026-06-10,6015,宏遠證,18.75,19.15,17.85,18.0,9051,1935,0,0,8.5,91.49,100.0
2026-06-10,6016,康和證,28.65,29.05,27.3,27.35,20319,-197,0,0,7.65,92.34,100.0
2026-06-10,6020,大展證,22.5,22.5,21.5,21.65,183,-8,0,0,0.04,99.95,100.0
2026-06-10,6021,美好證,39.8,40.1,38.15,38.8,757,66,0,0,7.53,92.46,100.0
2026-06-10,6023,元大期,100.0,100.0,99.0,99.2,168,19,0,0,2.16,97.83,100.0
2026-06-10,6024,群益期,61.4,61.4,60.5,60.6,519,-86,0,2,4.39,95.6,100.0
2026-06-10,6026,福邦證,17.0,17.2,16.7,16.7,7464,-2795,0,0,7.7,92.29,100.0
2026-06-10,6027,德信,11.9,12.1,11.45,11.6,70,-3,0,0,0.0,0.0,0.0
2026-06-10,6028,公勝保經,78.8,78.8,78.4,78.5,27,0,0,0,0.64,99.35,100.0
2026-06-10,6035,悠遊卡,50.49,52.6,51.5,52.6,13,0,0,0,0.0,0.0,0.0
2026-06-10,6101,寬魚國際,40.6,40.6,39.55,39.65,236,-34,0,0,0.36,99.63,100.0
2026-06-10,6103,合邦,0.0,0.0,0.0,0.0,0,0,0,0,0.68,99.31,100.0
2026-06-10,6104,創惟,102.5,109.0,100.0,100.0,7671,1,0,17,13.13,86.86,100.0
2026-06-10,6108,競國,18.55,19.0,18.25,18.3,741,-240,0,-2,3.66,96.33,100.0
2026-06-10,6109,亞元,11.5,11.5,11.05,11.1,175,19,0,0,1.95,98.04,100.0
2026-06-10,6111,光聚晶電,44.05,45.0,43.9,44.0,259,46,0,1,10.83,89.16,100.0
2026-06-10,6112,邁達特,48.2,50.5,47.6,47.6,2579,41,0,-93,1.38,98.61,100.0
2026-06-10,6113,亞矽,25.15,27.2,25.15,26.25,1105,-70,0,45,3.4,96.59,100.0
2026-06-10,6114,久威,29.45,29.85,29.1,29.35,45,-8,0,0,0.78,99.21,100.0
2026-06-10,6115,鎰勝,48.9,49.0,48.25,48.4,336,-10,0,1,5.63,94.36,100.0
2026-06-10,6116,彩晶,14.95,15.5,14.35,14.4,39966,12224,0,-386,8.11,91.88,100.0
2026-06-10,6117,迎廣,79.5,80.2,77.6,77.8,694,-83,0,-4,1.88,98.11,100.0
2026-06-10,6118,建達,17.2,17.5,16.9,16.9,322,-76,0,0,1.35,98.64,100.0
2026-06-10,6120,達運,13.7,14.3,13.5,13.5,3957,-292,0,-9,9.11,90.88,100.0
2026-06-10,6121,新普,416.0,429.5,403.0,403.0,1527,528,-503,-4,40.02,59.97,100.0
2026-06-10,6122,擎邦,48.0,48.5,47.8,47.8,171,2,0,0,4.85,95.14,100.0
2026-06-10,6123,上奇,47.0,47.25,46.25,46.25,162,-10,0,0,2.51,97.48,100.0
2026-06-10,6124,業強,31.9,32.55,30.6,30.85,195,1,0,-1,50.98,49.01,100.0
2026-06-10,6125,廣運,61.9,63.6,59.5,59.5,1750,-274,0,-58,9.34,90.65,100.0
2026-06-10,6126,信音,39.95,41.8,38.55,38.6,4105,50,0,-54,5.39,94.6,100.0
2026-06-10,6127,九豪,83.2,91.2,76.0,77.0,96810,3520,0,-421,12.42,87.57,100.0
2026-06-10,6128,上福,20.6,20.65,20.3,20.3,185,-95,0,2,4.37,95.62,100.0
2026-06-10,6129,普誠,15.8,15.8,15.15,15.2,722,-205,0,0,2.1,97.89,100.0
2026-06-10,6130,上亞科技,24.2,26.3,24.2,24.25,1061,-57,0,0,0.47,99.52,100.0
2026-06-10,6133,金橋,23.05,23.55,22.75,22.75,1413,167,0,99,2.58,97.41,100.0
2026-06-10,6134,萬旭,33.55,37.55,33.55,34.2,3851,-77,0,-1,27.12,72.87,100.0
2026-06-10,6136,富爾特,25.3,25.8,25.3,25.3,366,-11,0,2,3.56,96.43,100.0
2026-06-10,6138,茂達,305.0,313.0,290.0,291.0,706,76,-62,-4,17.4,82.59,100.0
2026-06-10,6139,亞翔,737.0,797.0,733.0,737.0,6037,892,162,-72,29.41,70.58,100.0
2026-06-10,6140,訊達,23.2,23.7,22.0,22.0,455,9,0,0,1.41,98.58,100.0
2026-06-10,6141,柏承,35.0,36.0,32.0,32.5,1682,-158,0,-3,3.14,96.85,100.0
2026-06-10,6142,友勁,8.31,8.39,8.2,8.3,400,18,0,1,2.61,97.38,100.0
2026-06-10,6143,振曜,90.4,92.6,89.6,89.8,639,-99,0,-3,9.94,90.05,100.0
2026-06-10,6144,得利影,14.35,14.65,14.35,14.5,9,-1,0,0,33.4,66.59,100.0
2026-06-10,6146,耕興,217.0,220.5,212.5,214.0,707,-248,-1,-6,29.68,70.31,100.0
2026-06-10,6147,頎邦,245.0,256.0,226.0,226.0,60415,2125,-3401,-1293,24.16,75.83,100.0
2026-06-10,6148,驊宏資,37.25,38.75,34.5,34.5,3082,181,0,0,2.12,97.87,100.0
2026-06-10,6150,撼訊,65.0,66.2,62.3,62.3,445,-61,0,-14,2.31,97.68,100.0
2026-06-10,6151,晉倫,41.25,42.2,39.2,39.4,721,111,0,-45,5.59,94.4,100.0
2026-06-10,6152,百一,15.2,15.7,14.7,14.7,2139,-447,0,-2,1.84,98.15,100.0
2026-06-10,6153,嘉聯益,20.8,22.55,20.6,20.75,52166,1349,0,-248,12.46,87.53,100.0
2026-06-10,6154,順發,13.95,14.0,13.8,13.9,57,1,0,0,0.76,99.23,100.0
2026-06-10,6155,鈞寶,79.2,88.5,76.4,76.5,34412,584,0,2,10.32,89.67,100.0
2026-06-10,6156,松上,18.9,19.45,18.6,18.6,647,-49,0,6,5.24,94.75,100.0
2026-06-10,6158,禾昌,18.0,18.0,17.7,17.85,77,-8,0,0,0.81,99.18,100.0
2026-06-10,6160,欣技,17.0,17.05,16.55,16.55,97,-17,0,0,2.36,97.63,100.0
2026-06-10,6161,捷波,52.8,54.1,52.1,52.1,287,54,0,0,3.45,96.54,100.0
2026-06-10,6163,華電網,52.2,53.0,49.9,49.9,1940,-121,0,-10,3.13,96.86,100.0
2026-06-10,6164,華興,12.8,13.1,12.4,12.4,644,46,0,-2,6.34,93.65,100.0
2026-06-10,6165,浪凡,50.2,50.6,48.7,48.75,722,-236,0,0,18.0,81.99,100.0
2026-06-10,6166,凌華,137.5,147.5,125.0,125.5,6915,482,0,-89,21.06,78.93,100.0
2026-06-10,6167,久正,11.8,11.95,11.45,11.45,474,-84,0,0,4.69,95.3,100.0
2026-06-10,6168,宏齊,24.65,25.4,23.85,23.85,2455,-270,0,-3,2.82,97.17,100.0
2026-06-10,6169,昱泉,14.35,15.5,14.35,15.5,174,17,0,2,0.29,99.7,100.0
2026-06-10,6170,統振,52.1,52.6,52.0,52.0,253,131,0,0,3.5,96.49,100.0
2026-06-10,6171,大城地產,23.35,25.1,23.3,24.45,110,12,0,0,0.19,99.8,100.0
2026-06-10,6173,信昌電,244.0,253.0,229.0,229.0,3127,41,0,-112,17.62,82.37,100.0
2026-06-10,6174,安碁,48.8,51.6,47.0,47.0,12500,30,0,-34,4.64,95.35,100.0
2026-06-10,6175,立敦,102.5,111.5,99.5,99.9,25074,3186,0,-87,22.52,77.47,100.0
2026-06-10,6176,瑞儀,91.2,92.5,89.1,89.1,14175,3645,-5429,225,29.13,70.86,100.0
2026-06-10,6177,達麗,45.1,47.85,44.7,46.6,5487,-242,0,13,6.96,93.03,100.0
2026-06-10,6179,亞通,24.4,24.45,23.7,23.95,2021,-165,0,25,4.89,95.1,100.0
2026-06-10,6180,橘子,42.55,47.05,42.25,47.05,2509,686,0,17,23.0,76.99,100.0
2026-06-10,6182,合晶,85.5,89.4,78.5,78.5,8993,384,0,-1027,22.49,77.5,100.0
2026-06-10,6183,關貿,88.8,88.9,88.1,88.6,99,-34,0,-1,1.02,98.97,100.0
2026-06-10,6184,大豐電,46.05,46.75,46.05,46.25,59,7,0,-2,2.79,16.2,19.0
2026-06-10,6185,幃翔,14.6,14.6,14.2,14.2,356,-63,0,0,1.89,98.1,100.0
2026-06-10,6186,新潤,40.0,43.0,39.75,42.0,3534,-106,0,11,2.84,97.15,100.0
2026-06-10,6187,萬潤,1120.0,1145.0,1060.0,1065.0,2099,-102,46,-2,27.49,72.5,100.0
2026-06-10,6188,廣明,81.7,82.5,79.3,79.3,1760,-502,0,-28,9.48,90.51,100.0
2026-06-10,6189,豐藝,54.3,55.8,53.0,53.1,3727,94,-6,12,7.28,92.71,100.0
2026-06-10,6190,萬泰科,80.1,85.8,79.8,80.0,6529,875,0,-46,11.95,88.04,100.0
2026-06-10,6191,精成科,97.1,99.8,92.2,92.4,6765,-1147,0,-112,4.34,95.65,100.0
2026-06-10,6192,巨路,128.5,131.5,128.5,129.0,383,170,0,2,25.7,74.29,100.0
2026-06-10,6194,育富,32.1,32.2,32.1,32.2,52,-10,0,0,2.4,97.59,100.0
2026-06-10,6195,詩肯,26.3,27.7,26.25,27.0,149,3,0,0,45.05,54.94,100.0
2026-06-10,6196,帆宣,520.0,545.0,500.0,500.0,3581,-122,40,-35,17.33,82.66,100.0
2026-06-10,6197,佳必琪,336.0,351.5,324.5,325.5,7812,680,0,-199,7.19,92.8,100.0
2026-06-10,6198,瑞築,20.1,21.45,19.9,20.65,57,-3,0,0,0.04,99.95,100.0
2026-06-10,6199,天品,96.6,97.8,94.8,96.5,1123,-137,0,0,5.39,94.6,100.0
2026-06-10,6201,亞弘電,47.05,47.2,46.9,47.0,62,-36,0,-1,1.12,98.87,100.0
2026-06-10,6202,盛群,52.2,53.6,50.2,50.5,1627,-280,0,-29,11.21,88.78,100.0
2026-06-10,6203,海韻電,68.8,69.3,67.3,67.5,364,-80,0,0,3.12,96.87,100.0
2026-06-10,6204,艾華,112.5,122.5,111.5,112.5,2550,142,0,-4,2.94,97.05,100.0
2026-06-10,6205,詮欣,80.4,82.2,75.0,75.2,1932,120,0,0,1.11,98.88,100.0
2026-06-10,6206,飛捷,138.0,143.5,131.5,132.5,2728,77,-4,-28,15.43,84.56,100.0
2026-06-10,6207,雷科,125.0,134.5,124.5,134.5,12274,853,0,44,8.63,91.36,100.0
2026-06-10,6208,日揚,81.7,83.3,78.6,78.6,694,62,0,0,2.49,97.5,100.0
2026-06-10,6209,今國光,88.0,95.9,80.9,81.0,60441,972,0,-500,7.36,92.63,100.0
2026-06-10,6210,慶生,21.9,22.0,21.5,21.5,68,3,0,0,0.22,99.77,100.0
2026-06-10,6212,理銘,0.0,0.0,0.0,0.0,0,0,0,0,0.47,99.52,100.0
2026-06-10,6213,聯茂,250.0,272.0,249.5,254.0,15359,2607,-3,-199,12.64,87.33,100.0
2026-06-10,6214,精誠,146.0,148.5,143.5,143.5,3045,12,0,5,14.04,85.95,100.0
2026-06-10,6215,和椿,114.0,119.0,108.5,108.5,2560,-418,0,-26,6.4,93.59,100.0
2026-06-10,6216,居易,22.85,22.85,22.35,22.4,345,15,0,0,3.06,96.93,100.0
2026-06-10,6217,中探針,251.5,269.0,231.0,233.0,11573,-1039,0,-14,17.86,82.13,100.0
2026-06-10,6218,豪勉,33.05,35.4,32.3,32.75,888,-61,0,0,0.84,99.15,100.0
2026-06-10,6219,富旺,13.05,13.85,12.9,13.6,1062,-114,0,0,2.25,97.74,100.0
2026-06-10,6220,岳豐,33.8,34.65,33.8,33.9,1148,170,0,-59,4.07,95.92,100.0
2026-06-10,6221,晉泰,24.35,24.5,23.8,23.95,93,12,0,0,1.27,98.72,100.0
2026-06-10,6222,立軒,20.85,20.85,20.3,20.45,17,-1,0,0,0.11,99.88,100.0
2026-06-10,6223,旺矽,6190.0,6235.0,5735.0,5770.0,1608,-21,116,1,29.65,70.34,100.0
2026-06-10,6224,聚鼎,82.7,89.5,79.6,79.6,4734,-24,0,0,4.74,95.25,100.0
2026-06-10,6225,天瀚,23.55,23.55,23.55,23.55,4,0,0,0,0.06,99.93,100.0
2026-06-10,6226,光鼎,13.0,13.3,12.35,12.35,1717,-231,0,-1,4.5,95.49,100.0
2026-06-10,6227,茂綸,130.0,136.0,124.0,124.5,1435,13,0,-9,6.14,93.85,100.0
2026-06-10,6228,全譜,21.5,21.5,21.0,21.5,29,-22,0,0,0.18,99.81,100.0
2026-06-10,6229,研通,26.2,26.75,25.5,26.55,234,-48,0,0,1.44,98.55,100.0
2026-06-10,6230,尼得科超眾,133.0,136.5,131.0,132.5,109,-23,0,0,86.98,13.01,100.0
2026-06-10,6231,系微,294.0,299.5,278.0,278.0,817,83,0,-14,13.82,86.17,100.0
2026-06-10,6233,旺玖,24.55,24.65,23.4,23.4,463,-109,0,0,6.09,93.9,100.0
2026-06-10,6234,高僑,46.4,48.0,46.25,46.4,2616,-90,0,1,10.08,89.91,100.0
2026-06-10,6235,華孚,41.75,42.95,40.5,41.0,840,17,0,2,3.59,96.4,100.0
2026-06-10,6236,中湛,19.0,19.0,19.0,19.0,1,0,0,0,0.02,99.97,100.0
2026-06-10,6237,驊訊,45.0,47.0,44.0,44.0,904,62,0,-20,5.34,94.65,100.0
2026-06-10,6239,力成,319.0,328.5,296.0,303.0,13977,3819,-4690,-1508,38.37,61.62,100.0
2026-06-10,6240,松崗,18.3,18.5,18.05,18.05,29,-1,0,0,0.25,99.74,100.0
2026-06-10,6241,鑫永洋,11.95,12.0,11.35,11.5,1006,-45,0,-1,0.11,99.88,100.0
2026-06-10,6242,立康,0.0,0.0,0.0,0.0,0,0,0,0,0.49,99.5,100.0
2026-06-10,6243,迅杰,30.15,30.9,29.45,29.45,232,-37,0,0,1.93,98.06,100.0
2026-06-10,6244,茂迪,28.1,31.2,28.05,31.2,20384,1658,0,580,20.06,79.93,100.0
2026-06-10,6245,立端,85.0,89.7,85.0,85.0,1495,248,0,-7,9.86,90.13,100.0
2026-06-10,6246,臺龍,15.2,15.6,15.2,15.25,9,-2,0,0,0.21,99.78,100.0
2026-06-10,6248,沛波,18.4,18.4,18.3,18.35,105,4,0,0,0.88,99.11,100.0
2026-06-10,6257,矽格,206.0,218.0,203.5,203.5,7985,-73,-5,-78,28.66,71.33,100.0
2026-06-10,6259,百徽,27.0,28.55,26.9,27.05,1096,20,0,-6,40.71,59.28,100.0
2026-06-10,6261,久元,99.6,102.5,94.7,94.8,2975,561,0,-345,8.35,91.64,100.0
2026-06-10,6263,普萊德,161.0,169.0,159.0,162.0,871,-88,0,0,1.49,98.5,100.0
2026-06-10,6264,富裔,6.08,6.12,6.03,6.1,78,0,0,0,0.03,99.96,100.0
2026-06-10,6265,方土昶,57.2,60.5,56.1,56.3,15570,-127,0,-130,8.76,91.23,100.0
2026-06-10,6266,泰詠,28.2,28.2,27.4,27.4,1006,-191,0,0,2.13,97.86,100.0
2026-06-10,6269,台郡,67.4,74.5,67.4,68.3,11947,2416,0,164,17.94,82.05,100.0
2026-06-10,6270,倍微,42.4,42.4,36.7,36.7,18348,672,0,1,6.89,93.1,100.0
2026-06-10,6271,同欣電,235.0,244.0,225.0,225.0,3044,-605,0,-176,33.13,66.86,100.0
2026-06-10,6272,驊陞,37.0,37.25,35.15,35.35,581,104,0,-2,2.5,97.49,100.0
2026-06-10,6274,台燿,1590.0,1705.0,1490.0,1500.0,9011,-37,462,-307,29.97,70.02,100.0
2026-06-10,6275,元山,47.9,48.45,47.0,47.0,549,-131,0,-10,2.15,97.84,100.0
2026-06-10,6276,安鈦克,25.3,26.25,25.3,25.4,47,-3,0,0,1.61,98.38,100.0
2026-06-10,6277,宏正,74.0,74.9,72.2,73.2,521,158,0,1,9.15,90.84,100.0
2026-06-10,6278,台表科,194.5,208.0,186.5,188.0,15863,3744,-1918,-126,19.57,80.42,100.0
2026-06-10,6279,胡連,123.0,125.0,120.0,120.0,1093,-91,-3,4,4.26,95.73,100.0
2026-06-10,6281,全國電,51.5,51.7,51.4,51.5,116,0,0,-1,2.45,97.54,100.0
2026-06-10,6282,康舒,61.8,67.0,58.1,58.5,89582,6988,56,-1871,19.03,80.96,100.0
2026-06-10,6283,淳安,24.3,25.15,24.15,24.4,618,-143,0,-1,18.67,81.32,100.0
2026-06-10,6284,佳邦,102.5,111.5,96.8,98.0,14387,2176,0,-286,10.25,89.74,100.0
2026-06-10,6285,啟碁,280.0,295.0,269.0,270.0,16489,-612,220,42,24.25,75.74,100.0
2026-06-10,6290,良維,314.0,324.5,291.0,293.0,7484,-1,0,-147,18.22,81.77,100.0
2026-06-10,6291,沛亨,547.0,558.0,503.0,503.0,620,-9,0,-14,3.36,96.63,100.0
2026-06-10,6292,迅德,58.7,61.5,58.2,58.2,616,-52,0,-1,1.46,98.53,100.0
2026-06-10,6294,智基,27.95,30.65,27.75,29.1,141,7,0,0,0.7,99.29,100.0
2026-06-10,6405,悅城,72.0,75.8,69.0,69.6,540,-29,0,12,4.95,95.04,100.0
2026-06-10,6407,相互,30.68,30.6,29.1,30.0,756,-1,0,0,0.0,0.0,0.0
2026-06-10,6409,旭隼,897.0,909.0,850.0,855.0,1867,-55,1,-19,53.16,46.83,100.0
2026-06-10,6411,晶焱,89.8,96.7,89.8,91.6,1761,332,0,13,9.84,90.15,100.0
2026-06-10,6412,群電,88.0,89.5,86.2,87.0,4133,1031,-2280,6,7.33,92.66,100.0
2026-06-10,6414,樺漢,395.0,412.0,385.5,388.0,2471,249,-91,-59,36.6,63.39,100.0
2026-06-10,6415,矽力*-KY,515.0,527.0,490.5,492.5,5672,705,-41,-40,80.79,19.2,100.0
2026-06-10,6416,瑞祺電通,83.5,85.7,81.0,81.7,342,35,0,1,4.85,95.14,100.0
2026-06-10,6417,韋僑,138.5,139.5,130.5,132.0,210,-20,0,-15,10.52,89.47,100.0
2026-06-10,6418,詠昇,32.1,33.9,31.05,31.05,216,-31,0,0,2.82,97.17,100.0
2026-06-10,6419,京晨科,126.5,136.5,126.5,127.5,314,-5,0,-1,9.41,90.58,100.0
2026-06-10,6423,億而得-創,85.0,88.1,82.0,82.9,213,-84,0,0,4.71,95.28,100.0
2026-06-10,6423,億而得,85.0,88.1,82.0,82.9,213,-84,0,0,4.71,95.28,100.0
2026-06-10,6425,易發,78.4,84.0,76.8,76.9,1386,-69,0,0,3.45,96.54,100.0
2026-06-10,6426,統新,220.0,226.5,208.0,208.0,2312,-367,0,-1,8.23,91.76,100.0
2026-06-10,6428,台灣淘米,13.15,14.7,13.6,14.7,55,0,0,0,0.0,0.0,0.0
2026-06-10,6431,光麗-KY,17.5,17.5,17.05,17.4,166,-43,0,1,56.43,43.56,100.0
2026-06-10,6432,今展科,74.2,78.8,74.2,75.9,7508,1147,0,-8,9.45,90.54,100.0
2026-06-10,6434,達輝光電,19.55,20.35,17.75,18.6,941,-70,0,0,0.0,0.0,0.0
2026-06-10,6435,大中,269.5,280.0,261.0,261.0,479,-25,0,-1,13.73,86.26,100.0
2026-06-10,6438,迅得,149.0,151.5,146.0,146.0,875,-84,0,-7,5.98,94.01,100.0
2026-06-10,6441,廣錠,24.05,24.3,23.3,24.3,241,-67,0,0,0.66,99.33,100.0
2026-06-10,6442,光聖,2075.0,2090.0,1890.0,1890.0,1710,35,-4,-30,33.23,66.76,100.0
2026-06-10,6443,元晶,39.5,43.65,39.45,40.1,77909,6635,0,-541,14.82,85.17,100.0
2026-06-10,6446,藥華藥,993.0,1020.0,980.0,986.0,4662,973,-9,-2,24.75,75.24,100.0
2026-06-10,6449,鈺邦,383.0,407.5,367.5,368.0,648,92,0,-26,5.99,94.0,100.0
2026-06-10,6451,訊芯-KY,583.0,613.0,555.0,555.0,5744,-576,0,-58,67.51,32.48,100.0
2026-06-10,6456,GIS-KY,74.1,76.5,71.2,71.3,10103,-697,0,-116,45.58,54.41,100.0
2026-06-10,6461,益得,15.8,15.9,15.45,15.9,142,-30,0,0,0.6,99.39,100.0
2026-06-10,6462,神盾,109.0,114.5,107.5,107.5,1160,-138,0,-6,20.23,79.76,100.0
2026-06-10,6464,台數科,77.3,78.0,77.0,78.0,33,-13,0,-2,0.8,19.18,19.99
2026-06-10,6465,威潤,49.65,53.2,49.6,50.4,567,44,0,0,2.05,97.94,100.0
2026-06-10,6467,泰合,123.47,124.5,117.5,119.5,90,0,0,0,0.0,0.0,0.0
2026-06-10,6469,大樹,76.0,76.0,74.2,74.8,544,6,0,-1,5.46,94.53,100.0
2026-06-10,6470,宇智,48.75,49.85,48.1,48.7,84,-28,0,0,6.82,93.17,100.0
2026-06-10,6472,保瑞,393.0,413.0,393.0,398.0,3305,619,0,-17,10.95,89.04,100.0
2026-06-10,6473,美賣*,8.43,8.51,7.89,8.01,185,-5,0,0,0.0,0.0,0.0
2026-06-10,6474,華豫寧,37.4,37.4,37.1,37.1,49,-1,0,0,0.28,99.71,100.0
2026-06-10,6477,安集,32.5,34.6,32.1,32.1,1919,-242,0,0,2.88,97.11,100.0
2026-06-10,6482,弘煜科,29.6,31.4,29.5,30.55,120,-7,0,-6,2.41,97.58,100.0
2026-06-10,6483,原創生醫,13.03,13.35,12.4,12.9,147,0,0,0,0.0,0.0,0.0
2026-06-10,6485,點序,93.6,95.7,87.9,88.4,1864,143,0,-47,11.65,88.34,100.0
2026-06-10,6486,互動,81.8,82.1,81.1,81.1,103,-25,0,0,3.86,96.13,100.0
2026-06-10,6488,環球晶,780.0,800.0,745.0,775.0,3268,372,-771,143,26.17,73.82,100.0
2026-06-10,6491,晶碩,327.0,331.0,325.0,326.0,583,305,0,1,12.82,87.17,100.0
2026-06-10,6492,生華科,44.0,44.15,43.05,43.1,181,-21,0,0,6.86,93.13,100.0
2026-06-10,6493,雷虎生,27.08,27.75,26.85,26.85,11,0,0,0,0.0,0.0,0.0
2026-06-10,6494,九齊,52.5,53.9,51.5,52.6,339,17,0,-3,9.77,90.22,100.0
2026-06-10,6496,科懋,24.4,24.45,23.6,23.6,13,-1,0,0,0.32,99.67,100.0
2026-06-10,6498,久禾光,101.0,105.0,98.0,98.0,186,-50,0,1,2.17,97.82,100.0
2026-06-10,6499,益安,78.8,78.8,75.1,75.1,572,-38,0,0,13.84,86.15,100.0
2026-06-10,6504,南六,36.05,36.1,35.7,35.7,56,-12,0,0,0.88,99.11,100.0
2026-06-10,6505,台塑化,52.0,52.2,50.7,51.0,9674,-1508,15,22,6.15,93.84,100.0
2026-06-10,6506,雙邦,19.15,19.2,18.55,18.55,449,-22,0,0,0.92,99.07,100.0
2026-06-10,6508,惠光,23.35,23.6,23.35,23.45,27,1,0,0,0.98,99.01,100.0
2026-06-10,6509,聚和,49.65,50.3,47.85,48.45,3671,27,40,-65,11.64,88.35,100.0
2026-06-10,6510,精測,3365.0,3375.0,3200.0,3200.0,935,28,-245,16,20.99,79.0,100.0
2026-06-10,6512,啟發電,19.7,19.8,19.7,19.8,10,0,0,0,0.07,99.92,100.0
2026-06-10,6515,穎崴,8510.0,8735.0,8125.0,8125.0,227,-14,9,0,20.76,79.23,100.0
2026-06-10,6516,勤崴國際,56.2,57.2,55.7,55.7,91,-3,0,0,1.2,98.79,100.0
2026-06-10,6517,保勝光學,66.9,71.4,62.8,62.8,2641,20,0,0,3.08,96.91,100.0
2026-06-10,6518,康科特,29.38,30.0,28.9,30.0,23,0,0,0,0.0,0.0,0.0
2026-06-10,6523,達爾膚,97.9,98.0,97.5,98.0,61,-1,0,0,1.49,98.5,100.0
2026-06-10,6525,捷敏-KY,118.0,122.5,114.0,114.0,1588,-148,-3,-1,14.21,85.78,100.0
2026-06-10,6526,達發,633.0,649.0,612.0,615.0,702,98,-15,-22,6.74,93.25,100.0
2026-06-10,6527,明達醫,72.0,72.1,71.5,71.5,32,0,0,0,0.19,99.8,100.0
2026-06-10,6530,創威,101.0,103.5,99.3,99.3,1245,47,0,0,4.49,95.5,100.0
2026-06-10,6531,愛普*,928.0,989.0,892.0,894.0,5662,781,53,-26,29.17,70.82,100.0
2026-06-10,6532,瑞耘,92.2,95.0,87.1,87.1,598,18,0,0,6.23,93.76,100.0
2026-06-10,6533,晶心科,207.0,208.0,199.5,199.5,514,-118,0,0,10.55,89.44,100.0
2026-06-10,6534,正瀚-創,89.2,90.6,89.2,89.5,49,11,0,-2,40.65,59.34,100.0
2026-06-10,6535,順藥,109.5,110.5,106.5,108.0,179,48,0,0,5.35,94.64,100.0
2026-06-10,6536,碩豐,20.87,22.4,20.8,20.8,22,-3,0,0,0.0,0.0,0.0
2026-06-10,6538,倉和,103.5,110.5,99.0,99.7,937,154,0,5,6.36,93.63,100.0
2026-06-10,6539,麗彤,40.86,41.5,39.9,39.9,1,0,0,0,0.0,0.0,0.0
2026-06-10,6541,泰福-KY,40.8,41.0,39.5,39.55,581,-149,0,-3,13.83,86.16,100.0
2026-06-10,6542,隆中,45.8,49.6,45.8,46.45,43,6,0,0,17.99,82.0,100.0
2026-06-10,6543,普惠醫工,20.48,20.2,19.55,19.6,43,0,0,0,0.0,0.0,0.0
2026-06-10,6546,正基,76.4,78.3,73.2,74.2,857,-179,0,40,10.54,89.45,100.0
2026-06-10,6547,高端疫苗,47.45,48.3,47.0,47.15,1825,328,0,-4,9.61,90.38,100.0
2026-06-10,6548,長科*,85.5,92.0,80.0,81.8,5237,1236,0,-141,5.88,94.11,100.0
2026-06-10,6549,景凱,7.59,7.66,7.35,7.58,109,-16,0,0,0.0,0.0,0.0
2026-06-10,6550,北極星藥業-KY,13.15,13.25,12.95,13.0,1101,91,0,-6,68.63,31.36,100.0
2026-06-10,6552,易華電,29.9,30.35,28.9,28.9,287,-11,0,3,1.2,98.79,100.0
2026-06-10,6555,榮炭,20.7,21.1,20.4,20.75,104,-11,0,0,0.0,0.0,0.0
2026-06-10,6556,勝品,72.0,73.0,71.6,71.6,6,0,0,0,0.58,99.41,100.0
2026-06-10,6558,興能高,32.4,32.8,30.75,30.95,730,-112,0,-1,1.32,98.67,100.0
2026-06-10,6559,研晶,22.1,23.35,19.9,21.65,254,-12,0,0,0.0,0.0,0.0
2026-06-10,6560,欣普羅,38.0,39.2,37.5,37.55,178,-35,0,0,4.79,95.2,100.0
2026-06-10,6561,是方,354.0,356.0,348.0,348.0,112,-22,0,0,6.73,93.26,100.0
2026-06-10,6563,映智,27.98,28.45,27.2,27.85,33,0,0,0,0.0,0.0,0.0
2026-06-10,6564,安特羅,17.03,17.5,16.8,16.95,53,0,0,0,0.0,0.0,0.0
2026-06-10,6565,物聯,20.91,21.35,20.45,21.25,28,0,0,0,0.0,0.0,0.0
2026-06-10,6568,宏觀,174.0,181.0,170.0,171.0,556,31,0,-32,6.6,93.39,100.0
2026-06-10,6569,醫揚,128.0,129.0,115.0,115.5,415,16,0,-7,3.16,96.83,100.0
2026-06-10,6570,維田,59.8,60.0,58.0,58.0,441,-1,0,-41,1.81,98.18,100.0
2026-06-10,6572,博錸,7.92,7.79,7.42,7.63,90,-5,0,0,0.0,0.0,0.0
2026-06-10,6573,虹揚-KY,15.2,15.75,14.8,15.05,258,-44,0,-1,54.75,45.24,100.0
2026-06-10,6574,霈方,117.5,127.0,117.5,126.5,214,-7,0,-1,1.0,98.99,100.0
2026-06-10,6576,逸達,80.2,81.0,79.0,80.0,322,100,0,0,22.42,77.57,100.0
2026-06-10,6577,勁豐,80.5,81.3,79.5,79.5,71,4,0,0,1.09,98.9,100.0
2026-06-10,6578,達邦蛋白,17.35,17.5,16.8,17.05,100,-6,0,0,0.75,99.24,100.0
2026-06-10,6579,研揚,164.0,171.0,161.5,162.5,1504,1,0,-13,3.45,96.54,100.0
2026-06-10,6580,台睿,14.55,14.7,13.7,14.0,208,10,0,0,0.0,0.0,0.0
2026-06-10,6581,鋼聯,106.5,108.0,106.0,107.5,154,-10,0,-1,1.01,98.98,100.0
2026-06-10,6582,申豐,31.3,31.95,31.25,31.25,104,-3,0,-1,13.06,86.93,100.0
2026-06-10,6583,友松,11.9,0.0,0.0,0.0,0,0,0,0,0.0,0.0,0.0
2026-06-10,6584,南俊國際,661.0,662.0,601.0,601.0,1068,-332,0,-3,11.96,88.03,100.0
2026-06-10,6585,鼎基,124.0,128.5,121.5,126.0,1449,308,0,-2,3.52,96.47,100.0
2026-06-10,6586,醣基,68.28,69.4,66.3,67.7,479,0,0,0,0.0,0.0,0.0
2026-06-10,6588,東典光電,100.5,113.5,100.0,100.0,1736,-293,0,0,2.26,97.73,100.0
2026-06-10,6589,台康生技,44.5,45.85,44.1,45.5,1267,36,0,-3,4.5,95.49,100.0
2026-06-10,6590,普鴻,67.0,67.0,66.2,66.2,11,0,0,0,0.06,99.93,100.0
2026-06-10,6591,動力-KY,56.1,56.1,55.1,55.1,595,-111,0,0,19.53,80.46,100.0
2026-06-10,6592,和潤企業,65.7,67.4,65.2,67.1,1539,361,0,-1,26.45,73.54,100.0
2026-06-10,6593,台灣銘板,35.0,35.05,34.35,34.35,123,-4,0,0,1.53,98.46,100.0
2026-06-10,6595,光禹國際,31.05,31.1,29.6,31.1,19,0,0,0,0.0,0.0,0.0
2026-06-10,6596,寬宏藝術,96.8,97.7,94.3,94.5,447,-172,0,-4,1.48,98.51,100.0
2026-06-10,6597,立誠,70.0,70.4,65.0,67.5,55,2,0,0,0.04,99.95,100.0
2026-06-10,6598,ABC-KY,25.0,25.1,24.45,24.9,152,11,0,-1,23.79,76.2,100.0
2026-06-10,6599,普達系統,46.4,46.55,46.4,46.4,5,0,0,0,0.0,0.0,0.0
2026-06-10,6603,富強鑫,21.9,22.75,21.9,21.9,805,24,0,0,1.84,98.15,100.0
2026-06-10,6604,儒億,34.79,34.95,34.05,34.05,87,0,0,0,0.0,0.0,0.0
2026-06-10,6605,帝寶,147.0,149.5,146.0,147.5,1081,-52,0,3,15.34,84.65,100.0
2026-06-10,6606,建德工業,25.9,26.2,25.7,26.0,273,14,0,0,3.32,96.67,100.0
2026-06-10,6609,瀧澤科,43.5,45.0,42.35,43.0,809,-188,0,0,53.22,46.77,100.0
2026-06-10,6610,安成生技,26.99,27.95,26.5,27.15,172,-6,0,0,0.0,0.0,0.0
2026-06-10,6612,奈米醫材,73.0,73.8,72.5,73.0,49,3,0,0,26.06,73.93,100.0
2026-06-10,6613,朋億*,266.5,270.0,260.5,260.5,402,69,0,2,7.87,92.12,100.0
2026-06-10,6614,資拓宏宇,39.75,40.05,39.6,39.9,72,-10,0,-7,0.75,99.24,100.0
2026-06-10,6615,慧智,33.55,34.0,33.0,33.0,41,2,0,0,0.26,99.73,100.0
2026-06-10,6616,特昇-KY,9.69,9.71,9.5,9.7,35,-9,0,0,56.0,43.99,100.0
2026-06-10,6617,共信-KY,70.0,70.0,67.4,67.6,121,-21,0,0,38.44,61.55,100.0
2026-06-10,6618,永虹先進,18.45,18.9,18.25,18.65,441,-21,0,0,0.0,0.0,0.0
2026-06-10,6620,漢達,69.9,70.7,68.7,69.8,818,102,0,90,25.12,74.87,100.0
2026-06-10,6621,華宇藥,11.33,11.6,11.25,11.45,57,0,0,0,0.0,0.0,0.0
2026-06-10,6622,百聿數碼,6.95,7.14,6.85,6.85,18,0,0,0,0.0,0.0,0.0
2026-06-10,6624,萬年清,45.55,45.65,43.6,44.2,27,2,0,0,0.39,99.6,100.0
2026-06-10,6625,必應,74.8,75.8,74.8,75.0,256,36,0,9,1.38,98.61,100.0
2026-06-10,6629,泰金-KY,115.0,115.0,113.5,114.0,16,-5,0,0,77.0,22.99,100.0
2026-06-10,6634,欣耀,55.81,56.5,52.8,54.2,210,8,0,0,0.0,0.0,0.0
2026-06-10,6637,醫影,64.5,64.6,63.2,63.4,87,-9,0,0,0.24,99.75,100.0
2026-06-10,6638,沅聖,61.25,62.3,54.8,58.1,56,3,0,0,0.0,0.0,0.0
2026-06-10,6639,源大環能,6.74,7.05,6.76,6.76,16,0,0,0,0.0,0.0,0.0
2026-06-10,6640,均華,1055.0,1095.0,1035.0,1035.0,292,35,-5,-5,8.31,91.68,100.0
2026-06-10,6641,基士德-KY,18.4,18.55,18.2,18.25,50,-6,0,0,30.02,69.97,100.0
2026-06-10,6642,富致,87.5,92.9,84.0,84.4,4511,-81,0,-21,2.1,97.89,100.0
2026-06-10,6643,M31,493.0,502.0,466.0,466.0,786,19,0,-17,10.89,89.1,100.0
2026-06-10,6645,金萬林-創,13.1,13.45,13.0,13.2,69,-18,0,-2,0.67,99.32,100.0
2026-06-10,6648,斯其大,17.69,17.9,17.05,17.15,32,-1,0,0,0.0,0.0,0.0
2026-06-10,6649,台生材,38.5,39.3,38.1,38.9,15,-6,0,0,3.86,96.13,100.0
2026-06-10,6650,帝圖,26.77,27.0,26.2,26.25,6,0,0,0,0.0,0.0,0.0
2026-06-10,6651,全宇昕,136.0,137.0,126.5,128.0,271,-4,0,0,4.64,95.35,100.0
2026-06-10,6654,天正國際,163.0,178.0,163.0,165.0,116,2,0,0,0.57,99.42,100.0
2026-06-10,6655,科定,120.0,121.0,120.0,120.5,15,-3,0,-1,0.5,99.49,100.0
2026-06-10,6657,華安,36.85,37.85,34.8,35.0,427,12,0,-1,7.12,92.87,100.0
2026-06-10,6658,聯策,185.0,193.0,176.0,176.0,1239,197,-1,-3,4.04,95.95,100.0
2026-06-10,6659,天明製藥,20.04,20.35,19.35,20.3,39,0,0,0,0.0,0.0,0.0
2026-06-10,6661,威健生技,16.75,16.75,16.5,16.5,9,0,0,0,0.0,99.99,100.0
2026-06-10,6662,樂斯科,29.7,32.4,29.7,30.0,10,0,0,0,0.21,99.78,100.0
2026-06-10,6664,群翊,391.5,402.0,366.5,367.5,917,43,0,-35,6.93,93.06,100.0
2026-06-10,6665,康聯生醫,18.77,20.75,19.0,20.0,71,5,0,0,0.0,0.0,0.0
2026-06-10,6666,羅麗芬-KY,40.7,41.75,40.5,41.25,31,-4,0,-1,75.3,24.69,100.0
2026-06-10,6667,信紘科,276.5,277.0,264.0,264.0,759,-142,0,-11,8.67,91.32,100.0
2026-06-10,6668,中揚光,38.35,40.65,37.15,37.15,1310,-134,0,0,9.78,90.21,100.0
2026-06-10,6669,緯穎,5350.0,5350.0,5020.0,5065.0,2174,-180,-107,-91,30.26,69.73,100.0
2026-06-10,6670,復盛應用,276.0,288.0,276.0,281.5,957,282,-3,5,25.12,74.87,100.0
2026-06-10,6671,三能-KY,26.2,26.3,25.95,26.0,128,-17,0,3,39.82,60.17,100.0
2026-06-10,6672,騰輝電子-KY,226.5,232.5,218.0,218.5,6082,206,0,-91,19.6,80.39,100.0
2026-06-10,6673,和詮,16.28,16.7,14.95,15.35,380,-3,0,0,0.0,0.0,0.0
2026-06-10,6674,鋐寶科技,17.6,17.6,17.25,17.45,20,-2,0,-1,0.49,99.5,100.0
2026-06-10,6676,祥翊,13.02,13.4,12.75,12.75,598,-9,0,0,0.0,0.0,0.0
2026-06-10,6677,瑩碩生技,17.01,17.6,16.35,16.9,107,-5,0,0,0.0,0.0,0.0
2026-06-10,6679,鈺太,274.5,281.5,261.0,261.5,424,-33,4,-45,9.8,90.19,100.0
2026-06-10,6680,鑫創電子,55.5,55.7,55.5,55.6,5,-1,0,0,0.15,99.84,100.0
2026-06-10,6682,華旭先進,67.55,75.2,65.6,67.4,4462,158,0,0,0.0,0.0,0.0
2026-06-10,6683,雍智科技,1510.0,1545.0,1395.0,1410.0,1059,186,-1,9,16.2,83.79,100.0
2026-06-10,6684,安格,48.5,52.3,48.5,49.4,980,110,0,0,2.16,97.83,100.0
2026-06-10,6689,伊雲谷,71.3,71.8,68.1,68.5,325,61,0,3,4.56,95.43,100.0
2026-06-10,6690,安碁資訊,172.5,173.5,170.0,172.0,225,-23,0,14,4.43,95.56,100.0
2026-06-10,6691,洋基工程,653.0,667.0,631.0,632.0,962,66,0,3,15.94,84.05,100.0
2026-06-10,6692,進能服,25.2,26.45,25.0,25.35,53,-6,0,0,0.15,99.84,100.0
2026-06-10,6693,廣閎科,174.0,180.0,160.5,160.5,3339,-320,0,65,12.72,87.27,100.0
2026-06-10,6695,芯鼎,51.1,55.2,51.1,51.2,1209,88,0,2,2.78,97.21,100.0
2026-06-10,6696,仁新,395.74,403.0,383.0,391.5,301,-22,0,0,0.0,0.0,0.0
2026-06-10,6697,東捷資訊,41.65,41.7,41.4,41.6,38,-2,0,0,0.72,99.27,100.0
2026-06-10,6698,旭暉應材,39.8,40.3,37.5,37.5,1441,236,0,0,1.9,98.09,100.0
2026-06-10,6703,軒郁,111.5,112.0,110.5,110.5,32,-1,0,0,13.86,86.13,100.0
2026-06-10,6704,國璽幹細胞,20.3,21.15,20.1,21.1,318,-2,0,0,0.0,0.0,0.0
2026-06-10,6705,振躍精密,95.6,98.3,94.6,94.6,16,0,0,0,0.0,0.0,0.0
2026-06-10,6706,惠特,171.5,180.5,162.0,163.0,3631,26,0,-67,7.47,92.52,100.0
2026-06-10,6707,富基電通,33.64,34.65,32.75,34.5,161,-5,0,0,0.0,0.0,0.0
2026-06-10,6708,天擎,39.2,39.65,38.75,38.75,47,-1,0,0,3.24,96.75,100.0
2026-06-10,6709,昱厚生技,25.11,25.9,23.85,24.0,101,3,0,0,0.0,0.0,0.0
2026-06-10,6712,長聖,136.0,138.0,135.0,136.0,266,34,0,0,2.77,97.22,100.0
2026-06-10,6715,嘉基,410.0,410.0,380.0,380.0,841,-195,0,-2,3.17,96.82,100.0
2026-06-10,6716,應廣,88.0,92.7,87.8,88.0,639,2,0,0,3.9,96.09,100.0
2026-06-10,6719,力智,222.0,224.5,212.5,213.0,1217,257,0,41,5.72,94.27,100.0
2026-06-10,6720,久昌,152.5,157.0,150.0,150.0,87,-8,0,0,1.22,98.77,100.0
2026-06-10,6721,信實,58.7,59.2,58.5,58.9,16,0,0,0,0.01,99.98,100.0
2026-06-10,6722,輝創,39.1,39.45,38.4,38.9,59,-13,0,-2,2.63,97.36,100.0
2026-06-10,6723,傑智環境,37.56,39.25,37.3,38.45,31,3,0,0,0.0,0.0,0.0
2026-06-10,6725,矽科宏晟,280.0,293.0,278.0,278.0,208,-29,0,3,3.81,96.18,100.0
2026-06-10,6727,亞泰金屬,460.0,498.0,421.5,422.5,5591,-211,0,-13,10.4,89.59,100.0
2026-06-10,6728,上洋,109.0,109.5,108.5,109.5,52,-3,0,0,0.72,99.27,100.0
2026-06-10,6729,機光科技,53.03,55.6,50.5,52.0,95,1,0,0,0.0,0.0,0.0
2026-06-10,6730,常廣,35.0,36.0,34.8,36.0,13,0,0,0,0.0,99.99,100.0
2026-06-10,6732,昇佳電子,159.5,162.5,152.5,153.0,220,-28,0,0,5.2,94.79,100.0
2026-06-10,6733,博晟生醫,26.15,26.6,26.1,26.25,144,28,0,0,1.55,98.44,100.0
2026-06-10,6734,安盛生,7.03,7.13,6.66,6.78,50,0,0,0,0.0,0.0,0.0
2026-06-10,6735,美達科技,92.8,97.8,91.4,91.4,443,84,0,1,2.15,97.84,100.0
2026-06-10,6737,秀育,30.28,31.0,28.35,29.9,38,0,0,0,0.0,0.0,0.0
2026-06-10,6738,鼎恒,65.15,67.3,64.5,67.2,314,4,0,0,0.0,0.0,0.0
2026-06-10,6739,竹陞科技,1235.0,1305.0,1165.0,1165.0,290,9,0,-1,2.09,97.9,100.0
2026-06-10,6741,91APP*-KY,63.0,63.2,61.9,61.9,394,147,0,0,42.21,57.78,100.0
2026-06-10,6742,澤米,61.0,65.1,59.8,59.8,8065,-632,0,-2,1.82,98.17,100.0
2026-06-10,6743,安普新,30.05,30.5,30.0,30.05,497,-23,0,-3,3.86,96.13,100.0
2026-06-10,6744,豐技生技,15.6,15.9,15.5,15.5,10,0,0,0,0.0,0.0,0.0
2026-06-10,6748,亞果生醫,114.6,129.0,104.5,127.5,1388,-1,0,0,0.0,0.0,0.0
2026-06-10,6750,泰創工程,64.67,66.3,61.3,63.0,412,4,0,0,0.0,0.0,0.0
2026-06-10,6751,智聯服務,50.7,50.8,48.35,48.35,20,-6,0,0,0.56,99.43,100.0
2026-06-10,6752,叡揚,99.8,101.0,98.4,98.4,50,-5,0,0,2.78,97.21,100.0
2026-06-10,6753,龍德造船,124.0,124.0,120.0,120.5,474,-33,0,-15,2.43,7.06,9.5
2026-06-10,6754,匯僑設計,44.85,44.85,44.65,44.7,22,-4,0,-1,15.49,84.5,100.0
2026-06-10,6755,連鋐科技,16.49,16.8,16.55,16.55,16,5,0,0,0.0,0.0,0.0
2026-06-10,6756,威鋒電子,92.7,96.0,92.7,93.8,290,-87,0,0,2.57,97.42,100.0
2026-06-10,6757,台灣虎航-創,52.8,54.1,52.6,53.6,5600,2788,-3370,25,4.87,45.11,49.99
2026-06-10,6757,台灣虎航,52.8,54.1,52.6,53.6,5600,2788,-3370,25,4.87,45.11,49.99
2026-06-10,6758,冠亞,29.53,30.0,29.0,29.0,3,0,0,0,0.0,0.0,0.0
2026-06-10,6761,穩得,210.5,211.0,200.0,200.0,887,-157,0,-19,5.59,94.4,100.0
2026-06-10,6762,達亞,0.0,0.0,0.0,0.0,0,0,0,0,5.85,94.14,100.0
2026-06-10,6763,綠界科技,48.7,51.5,47.55,47.85,3035,101,0,26,1.33,98.66,100.0
2026-06-10,6763,綠界科技*,48.7,51.5,47.55,47.85,3035,101,0,26,1.33,98.66,100.0
2026-06-10,6767,台微醫,25.5,25.5,25.35,25.35,3,0,0,0,0.23,99.76,100.0
2026-06-10,6768,志強-KY,94.3,95.4,93.3,94.7,1115,-61,-3,-21,57.0,42.99,100.0
2026-06-10,6770,力積電,67.0,67.8,64.4,64.4,132801,-73783,0,-2622,16.63,83.36,100.0
2026-06-10,6771,平和環保-創,41.85,41.85,41.75,41.75,12,3,0,0,0.66,99.33,100.0
2026-06-10,6775,穎台科技,43.28,45.65,39.5,40.3,596,-61,0,0,0.0,0.0,0.0
2026-06-10,6776,展碁國際,60.3,61.4,59.8,59.8,419,-9,0,0,2.33,97.66,100.0
2026-06-10,6780,學習王,41.16,41.05,41.05,41.05,5,0,0,0,0.0,0.0,0.0
2026-06-10,6781,AES-KY,1110.0,1135.0,1070.0,1080.0,1636,124,0,-36,67.88,32.11,100.0
2026-06-10,6782,視陽,195.5,198.5,194.5,194.5,252,131,0,1,7.9,92.09,100.0
2026-06-10,6784,天凱科技,24.86,25.2,24.45,25.1,52,-8,0,0,0.0,0.0,0.0
2026-06-10,6785,昱展新藥,119.0,123.0,115.0,115.0,95,-27,0,0,8.02,91.97,100.0
2026-06-10,6786,芯測,86.04,88.3,83.6,83.7,115,-13,0,0,0.0,0.0,0.0
2026-06-10,6787,晶瑞光,32.05,32.5,29.55,30.7,676,20,0,0,0.0,0.0,0.0
2026-06-10,6788,華景電,453.5,465.0,424.0,424.0,2619,-426,0,-87,10.28,89.71,100.0
2026-06-10,6789,采鈺,484.5,492.0,460.0,460.0,3075,221,-3,-36,3.28,96.71,100.0
2026-06-10,6790,永豐實,39.1,39.7,39.1,39.65,210,78,0,-3,1.97,98.02,100.0
2026-06-10,6791,虎門科技,104.5,105.0,102.0,102.5,58,1,0,0,11.87,88.12,100.0
2026-06-10,6792,詠業,69.1,69.8,66.0,66.0,132,9,0,0,2.05,97.94,100.0
2026-06-10,6793,天力離岸,4.94,5.15,4.9,5.15,102,0,0,0,0.0,0.0,0.0
2026-06-10,6794,向榮生技-創,81.9,81.9,79.8,80.7,60,-13,0,-1,0.46,99.53,100.0
2026-06-10,6794,向榮生技,81.9,81.9,79.8,80.7,60,-13,0,-1,0.46,99.53,100.0
2026-06-10,6796,晉弘,60.3,60.5,59.6,59.7,78,-5,0,-1,15.63,84.36,100.0
2026-06-10,6797,圓點奈米,13.2,13.2,12.45,12.5,68,4,0,0,0.0,0.0,0.0
2026-06-10,6798,展逸,49.0,50.1,49.0,50.1,4,0,0,0,0.0,0.0,0.0
2026-06-10,6799,來頡,88.2,91.7,84.3,84.5,841,8,0,0,9.25,90.72,100.0
2026-06-10,6803,崑鼎,286.0,288.0,286.0,286.0,69,-12,0,0,3.26,96.73,100.0
2026-06-10,6804,明係,16.4,16.4,15.9,16.15,18,0,0,0,4.17,95.82,100.0
2026-06-10,6805,富世達,1890.0,1900.0,1755.0,1755.0,2532,-1001,-30,-40,19.45,80.54,100.0
2026-06-10,6806,森崴能源,5.8,5.8,4.97,4.97,2311,95,0,0,2.39,97.6,100.0
2026-06-10,6807,峰源-KY,33.1,33.3,32.15,33.3,32,-7,0,-1,43.54,56.45,100.0
2026-06-10,6808,三鼎生技,25.76,26.1,24.8,25.5,76,-13,0,0,0.0,0.0,0.0
2026-06-10,6810,新穎生醫,29.18,29.05,27.9,28.2,131,0,0,0,0.0,0.0,0.0
2026-06-10,6811,宏碁資訊,235.0,235.0,225.5,225.5,147,18,0,0,3.08,96.91,100.0
2026-06-10,6812,梭特,69.51,70.5,67.0,70.2,86,-2,0,0,0.0,0.0,0.0
2026-06-10,6814,路迦生醫,21.87,22.55,21.45,22.1,9,0,0,0,0.0,0.0,0.0
2026-06-10,6815,晶鑽生醫,31.66,31.9,30.0,31.85,13,0,0,0,0.0,0.0,0.0
2026-06-10,6816,捷智商訊,36.83,37.5,35.85,37.5,1,0,0,0,0.0,0.0,0.0
2026-06-10,6817,溫士頓,62.64,63.5,61.8,63.5,9,0,0,0,0.0,0.0,0.0
2026-06-10,6818,連騰,59.25,61.0,56.1,57.6,98,5,0,0,0.0,0.0,0.0
2026-06-10,6819,眾智,46.21,45.0,39.55,42.0,338,-1,0,0,0.0,0.0,0.0
2026-06-10,6820,連訊,274.2,282.0,254.0,260.0,67,-4,0,0,0.0,0.0,0.0
2026-06-10,6821,聯寶,65.3,68.8,64.1,65.0,314,10,0,2,2.12,97.87,100.0
2026-06-10,6823,濾能,69.3,69.9,66.5,66.5,103,-22,0,0,24.84,75.15,100.0
2026-06-10,6825,和暢科技,45.01,46.8,44.8,46.7,11,2,0,0,0.0,0.0,0.0
2026-06-10,6826,和淞,559.77,555.0,530.0,540.0,443,-3,0,0,0.0,0.0,0.0
2026-06-10,6827,巨生醫,12.37,12.45,11.9,12.2,89,-4,0,0,0.0,0.0,0.0
2026-06-10,6829,千附精密,199.5,209.5,192.5,193.0,687,133,0,-16,2.45,97.54,100.0
2026-06-10,6830,汎銓,535.0,546.0,494.5,499.5,3784,1226,-40,-16,8.19,91.8,100.0
2026-06-10,6831,邁科,770.0,784.0,709.0,731.0,1141,-81,0,-30,13.74,86.25,100.0
2026-06-10,6832,金鼎科,90.06,90.3,81.7,84.4,46,-4,0,0,0.0,0.0,0.0
2026-06-10,6833,太康精密,23.74,23.8,23.2,23.3,12,0,0,0,0.0,0.0,0.0
2026-06-10,6834,天二科技,75.0,79.7,70.0,70.0,1236,-3,0,7,16.31,83.68,100.0
2026-06-10,6835,圓裕,37.0,37.65,36.85,36.85,136,-81,0,-1,6.18,93.81,100.0
2026-06-10,6838,台新藥,24.75,25.1,24.7,24.8,93,1,0,-5,1.33,98.66,100.0
2026-06-10,6839,開陽能源,12.53,13.25,12.7,13.2,74,-2,0,0,0.0,0.0,0.0
2026-06-10,6840,東研信超,66.4,68.1,65.2,65.2,111,6,0,0,3.83,96.16,100.0
2026-06-10,6841,長佳智能,62.7,62.9,60.6,60.7,987,162,0,-19,3.45,96.54,100.0
2026-06-10,6842,瑞宇,93.23,94.9,90.7,92.4,127,-21,0,0,0.0,0.0,0.0
2026-06-10,6843,進典,40.25,40.25,39.8,40.25,18,-6,0,0,0.08,99.91,100.0
2026-06-10,6844,諾貝兒,64.7,65.4,64.4,64.8,42,7,0,0,0.03,99.96,100.0
2026-06-10,6846,綠茵,69.3,69.3,68.0,68.5,13,-2,0,0,0.17,99.82,100.0
2026-06-10,6847,普瑞博,80.71,83.8,76.1,79.5,25,1,0,0,0.0,0.0,0.0
2026-06-10,6848,拉法醫,19.52,19.7,19.1,19.6,14,0,0,0,0.0,0.0,0.0
2026-06-10,6849,奇鼎科技,190.0,201.0,187.0,188.0,211,0,0,0,0.0,0.0,0.0
2026-06-10,6850,光鼎生技,34.76,35.4,34.55,34.75,12,0,0,0,0.0,0.0,0.0
2026-06-10,6854,錼創科技-KY創,137.0,137.0,128.0,128.0,656,-99,0,1,31.02,68.97,100.0
2026-06-10,6855,數泓科,127.0,129.0,126.5,126.5,19,-1,0,2,0.22,99.77,100.0
2026-06-10,6856,鑫傳,48.35,48.4,48.0,48.0,4,0,0,0,0.0,49.98,49.99
2026-06-10,6857,宏碁智醫,96.0,96.0,96.0,96.0,0,0,0,0,0.0,0.0,0.0
2026-06-10,6858,愛比科技,23.6,23.6,23.6,23.6,1,0,0,0,0.0,0.0,0.0
2026-06-10,6859,伯特光,126.5,130.0,125.5,126.0,79,-7,0,0,14.01,85.98,100.0
2026-06-10,6861,睿生光電,346.0,359.0,317.0,317.0,964,159,0,0,1.53,98.46,100.0
2026-06-10,6862,三集瑞-KY,198.0,219.5,192.0,194.5,4343,-7,0,-36,67.2,32.79,100.0
2026-06-10,6863,永道-KY,102.5,103.5,99.5,100.5,115,-34,0,0,69.3,30.69,100.0
2026-06-10,6864,元樟生技,49.71,49.95,48.6,49.95,32,4,0,0,0.0,0.0,0.0
2026-06-10,6865,偉康科技,27.7,27.7,27.5,27.5,4,-1,0,0,0.2,99.79,100.0
2026-06-10,6867,坦德科技,20.95,20.95,19.95,20.85,10,0,0,0,0.0,0.0,0.0
2026-06-10,6868,采威國際,29.39,29.9,29.4,29.4,20,0,0,0,0.0,0.0,0.0
2026-06-10,6869,雲豹能源-創,81.3,82.8,81.0,82.0,470,106,0,-6,2.76,97.23,100.0
2026-06-10,6869,雲豹能源,81.3,82.8,81.0,82.0,470,106,0,-6,2.76,97.23,100.0
2026-06-10,6870,騰雲,301.0,331.5,287.5,313.5,789,63,0,-48,1.37,98.62,100.0
2026-06-10,6872,浩宇生醫,16.7,17.35,16.5,16.9,34,0,0,0,0.36,99.63,100.0
2026-06-10,6873,泓德能源-創,86.5,88.8,86.0,86.0,462,91,0,-5,7.09,92.9,100.0
2026-06-10,6873,泓德能源,86.5,88.8,86.0,86.0,462,91,0,-5,7.09,92.9,100.0
2026-06-10,6874,倍力,84.5,87.4,83.6,84.6,130,8,0,0,0.78,99.21,100.0
2026-06-10,6875,國邑*,34.6,35.5,33.8,33.85,182,-37,0,0,1.83,98.16,100.0
2026-06-10,6876,朗齊生醫*,17.99,18.0,16.9,17.1,100,0,0,0,0.0,0.0,0.0
2026-06-10,6877,鏵友益,139.5,139.5,132.5,137.0,290,-23,0,0,4.1,95.89,100.0
2026-06-10,6878,歐付寶,9.91,9.99,9.99,9.99,3,0,0,0,0.0,0.0,0.0
2026-06-10,6879,大江基因,35.9,37.0,37.0,37.0,0,0,0,0,0.0,0.0,0.0
2026-06-10,6881,潤德,272.0,272.5,267.5,267.5,9,0,0,0,0.06,99.93,100.0
2026-06-10,6882,甲尚,19.67,20.2,19.05,19.95,112,11,0,0,0.0,0.0,0.0
2026-06-10,6883,微電能源,12.16,12.3,11.9,12.15,153,0,0,0,0.0,0.0,0.0
2026-06-10,6884,海柏特,34.8,35.2,34.2,34.2,16,-1,0,0,5.58,94.41,100.0
2026-06-10,6885,全福生技,25.75,25.85,24.05,24.1,850,-325,0,10,2.53,97.46,100.0
2026-06-10,6886,遠東生技,46.0,48.0,48.0,48.0,0,0,0,0,0.0,0.0,0.0
2026-06-10,6887,寶綠特-KY,33.75,36.7,33.25,35.65,18,-3,0,0,53.32,46.67,100.0
2026-06-10,6890,來億-KY,273.0,285.5,270.0,280.0,2780,-166,1794,20,86.19,13.8,100.0
2026-06-10,6891,樂迦再生,49.96,50.2,48.05,48.65,553,-40,0,0,0.0,0.0,0.0
2026-06-10,6892,台寶生醫,25.93,27.25,25.7,26.25,105,0,0,0,0.0,0.0,0.0
2026-06-10,6894,衛司特,354.0,355.0,334.0,334.5,244,-38,0,-1,3.38,96.61,100.0
2026-06-10,6895,宏碩系統,168.0,170.0,163.5,163.5,180,18,0,1,3.28,96.71,100.0
2026-06-10,6898,程曦資訊,90.87,91.9,89.1,90.0,30,0,0,0,0.0,0.0,0.0
2026-06-10,6899,創為精密,62.5,65.6,60.2,60.7,311,0,0,0,5.11,94.88,100.0
2026-06-10,6901,鑽石投資,15.7,16.75,15.6,16.1,5087,-21,0,-6,0.81,99.18,100.0
2026-06-10,6902,GOGOLOOK-創,145.5,153.0,141.0,144.5,227,-82,0,-1,3.96,96.03,100.0
2026-06-10,6902,GOGOLOOK,145.5,153.0,141.0,144.5,227,-82,0,-1,3.96,96.03,100.0
2026-06-10,6903,巨漢,394.0,410.5,370.0,370.0,1251,-145,0,-9,3.33,96.66,100.0
2026-06-10,6904,伯鑫,0.0,0.0,0.0,0.0,0,0,0,0,0.06,99.93,100.0
2026-06-10,6906,現觀科,100.0,104.0,95.0,95.0,200,-2,0,-26,7.42,92.57,100.0
2026-06-10,6907,雅特力-KY,142.0,146.5,131.0,132.0,2136,235,0,0,54.69,45.3,100.0
2026-06-10,6908,宏碁遊戲-創,39.3,40.35,38.3,39.4,17,-10,0,-2,0.64,99.35,100.0
2026-06-10,6909,創控,45.75,47.9,43.35,43.45,801,-55,0,-1,8.49,91.5,100.0
2026-06-10,6910,德鴻,29.0,29.0,28.2,29.0,36,-10,0,0,4.73,95.26,100.0
2026-06-10,6911,群運,31.57,31.65,31.45,31.65,42,0,0,0,0.0,0.0,0.0
2026-06-10,6912,益鈞環科*,13.46,13.8,13.05,13.05,184,0,0,0,0.0,0.0,0.0
2026-06-10,6913,鴻呈,134.0,135.5,125.0,125.0,335,-90,0,19,3.06,96.93,100.0
2026-06-10,6914,阜爾運通,142.0,142.0,140.5,141.0,107,8,0,-1,2.11,97.88,100.0
2026-06-10,6915,美強光,54.44,54.2,51.6,53.5,17,0,0,0,0.0,0.0,0.0
2026-06-10,6916,華凌,19.0,20.4,19.0,19.5,593,-155,0,2,0.51,99.48,100.0
2026-06-10,6917,竟天,31.24,31.3,30.4,30.7,225,-5,0,0,0.0,0.0,0.0
2026-06-10,6918,愛派司,74.0,74.1,72.9,73.1,52,14,0,1,0.97,99.02,100.0
2026-06-10,6919,康霈*,91.0,91.9,88.3,88.4,4672,-345,0,0,12.61,87.38,100.0
2026-06-10,6920,恆勁科技,111.02,111.0,99.8,100.5,2475,-64,0,0,0.0,0.0,0.0
2026-06-10,6921,嘉雨思-創,73.0,73.0,69.3,69.5,49,-26,0,6,29.44,70.55,100.0
2026-06-10,6922,宸曜,200.5,209.5,187.0,189.0,644,85,0,-3,1.83,98.16,100.0
2026-06-10,6923,中台,76.7,79.5,76.7,78.5,145,48,0,-2,1.29,98.7,100.0
2026-06-10,6924,榮惠-KY創,132.0,132.0,132.0,132.0,99,0,0,2,76.56,23.43,100.0
2026-06-10,6925,意藍,75.7,78.0,69.3,70.0,457,23,0,0,1.74,98.25,100.0
2026-06-10,6926,聖安生醫,62.39,64.1,61.5,63.6,24,2,0,0,0.0,0.0,0.0
2026-06-10,6927,聯合聚晶,63.6,64.8,62.0,63.6,69,-2,0,0,0.0,0.0,0.0
2026-06-10,6928,攸泰科技,44.5,44.5,43.0,43.0,120,-9,0,0,0.64,99.35,100.0
2026-06-10,6929,佑全,24.95,25.0,23.25,23.25,8,0,0,0,0.02,99.97,100.0
2026-06-10,6931,青松健康,41.0,41.05,40.5,40.95,50,1,0,0,0.69,99.3,100.0
2026-06-10,6932,水星生醫*,6.62,6.8,6.37,6.6,292,1,0,0,0.0,0.0,0.0
2026-06-10,6933,AMAX-KY,153.5,158.5,150.0,150.0,173,-18,0,-5,28.29,71.7,100.0
2026-06-10,6934,心誠鎂,70.2,70.2,69.2,69.4,27,-4,0,-1,12.44,87.55,100.0
2026-06-10,6935,王子製藥,31.23,31.35,29.85,29.95,30,0,0,0,0.0,0.0,0.0
2026-06-10,6936,永鴻生技,32.95,33.5,32.95,33.0,32,-12,0,0,0.44,99.55,100.0
2026-06-10,6937,天虹,280.0,294.5,270.0,272.5,711,46,-40,-31,2.01,97.97,100.0
2026-06-10,6938,藍新資訊,98.07,105.5,99.0,102.5,66,0,0,0,0.0,0.0,0.0
2026-06-10,6939,啟弘生技,19.98,20.5,19.65,20.0,2,0,0,0,0.0,0.0,0.0
2026-06-10,6940,格斯科技*,25.4,27.2,25.0,25.55,1162,-56,0,0,0.0,0.0,0.0
2026-06-10,6944,兆聯實業,919.0,948.0,906.0,908.0,988,141,0,8,15.03,84.96,100.0
2026-06-10,6945,圓祥生技,102.0,104.5,101.0,102.0,332,70,0,0,2.74,97.25,100.0
2026-06-10,6946,三地能源,10.85,11.35,10.8,11.35,17,0,0,0,0.0,0.0,0.0
2026-06-10,6947,台鎔科技,93.97,96.0,89.2,91.7,900,0,0,0,0.0,0.0,0.0
2026-06-10,6949,沛爾生醫-創,709.0,747.0,709.0,725.0,314,69,0,0,2.2,97.79,100.0
2026-06-10,6951,青新-創,82.8,83.6,82.8,83.0,111,-15,0,0,1.93,98.06,100.0
2026-06-10,6952,大武山,35.7,36.55,35.55,35.8,29,-16,0,-3,0.3,99.69,100.0
2026-06-10,6953,家碩,225.0,231.0,217.5,217.5,104,-4,0,-1,0.65,99.34,100.0
2026-06-10,6955,邦睿生技-創,141.0,141.0,138.0,138.0,27,-8,0,4,17.71,82.28,100.0
2026-06-10,6957,裕慶-KY,189.0,193.5,188.0,189.0,254,52,0,0,6.03,93.96,100.0
2026-06-10,6958,日盛台駿,16.05,16.8,16.0,16.7,148,-21,0,-1,0.42,99.57,100.0
2026-06-10,6959,兆捷科技,137.37,140.0,134.5,138.0,251,0,0,0,0.0,0.0,0.0
2026-06-10,6961,旅天下,62.3,62.3,61.3,61.4,328,-72,0,0,0.25,99.74,100.0
2026-06-10,6962,奕力-KY,34.1,36.1,34.1,34.2,3072,140,0,5,38.17,61.82,100.0
2026-06-10,6963,品元,27.6,26.4,26.4,26.4,1,0,0,0,0.0,0.0,0.0
2026-06-10,6965,中傑-KY,80.9,81.5,80.6,80.8,49,-10,0,-2,77.23,22.76,100.0
2026-06-10,6967,汎瑋材料,70.1,73.2,70.0,70.9,113,-16,0,-1,1.75,98.24,100.0
2026-06-10,6968,萬達寵物,42.65,43.6,42.35,42.35,63,4,0,0,1.3,98.69,100.0
2026-06-10,6969,成信實業*-創,27.35,27.35,26.8,26.8,75,-6,0,0,0.48,99.51,100.0
2026-06-10,6971,惠民實業,26.75,26.8,26.6,26.8,11,1,0,0,0.2,99.79,100.0
2026-06-10,6972,博瑞達應材,23.53,24.6,24.2,24.6,3,0,0,0,0.0,0.0,0.0
2026-06-10,6973,永立榮,33.12,33.9,32.55,33.3,16,0,0,0,0.0,0.0,0.0
2026-06-10,6976,育世博-KY,12.69,13.0,12.0,12.35,1002,-14,0,0,0.0,0.0,0.0
2026-06-10,6977,聯純,281.35,291.5,272.0,278.5,55,-3,0,0,0.0,0.0,0.0
2026-06-10,6979,勝釩,182.19,180.5,171.0,175.0,38,0,0,0,0.0,0.0,0.0
2026-06-10,6980,鐳洋科技,148.73,164.5,148.5,153.0,199,0,0,0,0.0,0.0,0.0
2026-06-10,6982,大井泵浦,60.5,60.5,57.5,57.9,75,-8,0,0,1.19,98.8,100.0
2026-06-10,6983,華洋精機,358.0,358.0,333.0,350.0,109,-2,0,0,0.12,99.87,100.0
2026-06-10,6984,ACpay,18.23,18.7,17.8,18.0,28,0,0,0,0.0,0.0,0.0
2026-06-10,6986,和迅,64.89,64.5,61.8,62.0,121,-1,0,0,0.0,0.0,0.0
2026-06-10,6987,寶晶能源*,19.92,20.25,19.8,20.0,135,0,0,0,0.0,0.0,0.0
2026-06-10,6988,威力暘-創,14.8,14.8,14.6,14.6,46,-3,0,-3,3.81,96.18,100.0
2026-06-10,6990,華鉬,196.59,236.5,199.0,210.0,1866,7,0,0,0.0,0.0,0.0
2026-06-10,6994,富威電力,60.6,61.3,58.5,58.5,401,85,0,0,1.1,98.89,100.0
2026-06-10,6995,野獸國,46.26,46.55,44.9,46.1,6,0,0,0,0.0,0.0,0.0
2026-06-10,6996,力領科技,202.0,211.5,199.0,199.5,449,70,0,1,3.97,96.02,100.0
2026-06-10,6997,博弘,74.3,74.4,74.3,74.4,7,1,0,0,20.13,79.86,100.0
2026-06-10,6999,瀚醫生技,30.25,0.0,0.0,0.0,0,0,0,0,0.0,0.0,0.0
2026-06-10,7402,邑錡,96.7,98.1,92.5,92.5,272,-14,0,0,6.02,93.97,100.0
2026-06-10,7419,達勝,86.9,90.4,78.6,82.5,567,-34,0,0,0.0,0.0,0.0
2026-06-10,7427,華上生醫,34.17,34.65,33.65,34.4,308,-40,0,0,0.0,0.0,0.0
2026-06-10,7443,凡事康,9.83,9.5,9.4,9.49,24,0,0,0,0.0,0.0,0.0
2026-06-10,7455,樺緯物聯,58.11,58.2,57.5,58.1,3,0,0,0,0.0,0.0,0.0
2026-06-10,7507,環拓科技,19.75,20.65,20.0,20.65,27,0,0,0,0.0,0.0,0.0
2026-06-10,7516,清淨海,8.76,9.02,8.6,9.02,8,0,0,0,0.0,0.0,0.0
2026-06-10,7530,鋒魁科技,43.15,47.8,41.7,45.0,1579,34,0,0,0.0,0.0,0.0
2026-06-10,7547,碩網,60.9,61.0,57.8,58.7,82,6,0,0,23.97,76.02,100.0
2026-06-10,7551,知識科技,13.03,13.4,12.35,13.0,46,0,0,0,0.0,0.0,0.0
2026-06-10,7556,意德士,286.0,292.0,268.5,268.5,182,-59,0,-7,4.13,95.86,100.0
2026-06-10,7558,群利科技,22.53,22.8,21.65,21.85,45,2,0,0,0.0,0.0,0.0
2026-06-10,7561,光晟生技,19.06,19.6,19.0,19.0,19,0,0,0,0.0,0.0,0.0
2026-06-10,7562,博來科技,59.54,61.0,57.0,58.8,30,-2,0,0,0.0,0.0,0.0
2026-06-10,7566,亞果遊艇,12.76,13.0,12.5,12.6,226,1,0,0,0.0,0.0,0.0
2026-06-10,7575,安美得,18.7,19.1,18.2,18.2,2,0,0,0,0.0,0.0,0.0
2026-06-10,7578,利百景,32.22,32.6,31.3,31.45,56,-8,0,0,0.0,0.0,0.0
2026-06-10,7583,國際海洋,51.62,50.0,43.45,45.7,45,-2,0,0,0.0,0.0,0.0
2026-06-10,7584,樂意,24.15,26.7,24.0,25.5,68,6,0,0,19.7,80.29,100.0
2026-06-10,7590,怡和國際,21.46,22.0,20.0,20.8,221,7,0,0,0.0,0.0,0.0
2026-06-10,7595,世基生醫,7.82,8.02,7.0,7.45,106,1,0,0,0.0,0.0,0.0
2026-06-10,7607,通用幹細胞*,13.25,14.1,13.25,13.9,36,0,0,0,0.0,0.0,0.0
2026-06-10,7610,聯友金屬-創,1950.0,2000.0,1725.0,1725.0,335,69,0,-1,14.6,85.39,100.0
2026-06-10,7631,聚賢研發-創,129.5,132.5,125.5,126.5,121,37,0,-3,0.85,99.14,100.0
2026-06-10,7642,昶瑞機電,75.2,76.0,71.6,72.5,38,-2,0,0,0.28,99.71,100.0
2026-06-10,7669,碩正科技,671.73,681.0,626.0,649.0,233,-6,0,0,0.0,0.0,0.0
2026-06-10,7689,大鵬科CLMX,245.63,250.5,237.0,241.5,24,0,0,0,0.0,0.0,0.0
2026-06-10,7702,前端風電,20.13,22.7,20.6,22.0,32,1,0,0,0.0,0.0,0.0
2026-06-10,7703,銳澤,194.0,198.0,188.0,188.0,146,-18,0,0,2.5,97.49,100.0
2026-06-10,7704,明遠精密,60.5,63.5,60.0,60.0,164,7,0,0,1.14,98.85,100.0
2026-06-10,7705,三商餐飲,31.55,31.9,31.4,31.4,49,-9,0,0,2.28,97.71,100.0
2026-06-10,7706,宏碁創達,36.95,37.0,36.0,36.0,1,0,0,0,0.0,0.0,0.0
2026-06-10,7707,益芯科,151.27,155.0,143.0,145.0,137,0,0,0,0.0,0.0,0.0
2026-06-10,7708,全家餐飲,92.4,93.5,92.4,93.1,29,0,0,0,0.42,99.57,100.0
2026-06-10,7709,榮田,116.0,121.0,116.0,116.0,205,-16,0,27,2.13,97.86,100.0
2026-06-10,7710,東擎科技,259.87,271.5,260.0,271.0,40,0,0,0,0.0,0.0,0.0
2026-06-10,7711,永擎,366.5,372.5,352.5,353.0,597,-129,0,0,1.07,98.92,100.0
2026-06-10,7712,博盛半導體,144.5,151.5,140.5,140.5,413,-9,0,-3,2.0,97.99,100.0
2026-06-10,7713,威力德生醫,71.5,71.5,70.0,71.0,21,8,0,0,0.1,99.89,100.0
2026-06-10,7714,創泓科技,135.0,138.5,130.5,130.5,195,5,0,0,1.2,98.79,100.0
2026-06-10,7715,裕山,27.6,29.8,27.6,28.7,278,-18,0,0,0.71,99.28,100.0
2026-06-10,7716,昱臺國際,25.15,25.15,25.15,25.15,1,0,0,0,0.0,99.99,100.0
2026-06-10,7717,萊德光電-KY,581.0,654.0,580.0,654.0,677,-1,0,29,17.08,82.91,100.0
2026-06-10,7718,友鋮,46.35,47.9,45.15,47.1,73,0,0,0,0.8,99.19,100.0
2026-06-10,7719,碳基,39.43,42.65,39.55,40.65,1019,32,0,0,0.0,0.0,0.0
2026-06-10,7721,微程式,80.3,82.6,76.0,76.6,872,-23,0,-2,2.2,97.79,100.0
2026-06-10,7722,LINEPAY,330.0,352.5,329.0,347.0,1613,-325,0,1,58.8,41.19,100.0
2026-06-10,7723,築間,23.0,23.3,22.8,22.8,81,31,0,0,0.89,99.1,100.0
2026-06-10,7724,諾亞克,21.55,21.55,21.3,21.55,6,0,0,0,0.0,0.0,0.0
2026-06-10,7725,列特博,22.4,0.0,0.0,0.0,0,0,0,0,0.0,0.0,0.0
2026-06-10,7726,暄達,32.5,0.0,0.0,0.0,0,0,0,0,0.0,0.0,0.0
2026-06-10,7728,光焱科技,737.0,755.0,703.0,703.0,93,-15,0,1,1.84,98.15,100.0
2026-06-10,7729,仲恩生醫,73.86,74.9,73.7,74.4,148,0,0,0,0.0,0.0,0.0
2026-06-10,7730,暉盛-創,188.5,197.0,183.0,183.0,115,-22,0,0,2.18,97.81,100.0
2026-06-10,7731,火星生技*,5.7,5.83,5.56,5.62,2171,0,0,0,0.0,0.0,0.0
2026-06-10,7732,金興精密,35.25,35.95,35.1,35.5,52,-5,0,-1,0.32,99.67,100.0
2026-06-10,7734,印能科技,3290.0,3500.0,3215.0,3320.0,430,38,12,3,3.08,96.91,100.0
2026-06-10,7735,台智雲,232.35,247.0,221.0,229.0,85,0,0,0,0.0,0.0,0.0
2026-06-10,7736,虎山,72.0,73.4,71.5,71.5,23,-8,0,-1,1.19,98.8,100.0
2026-06-10,7737,凱鈿,42.1,43.55,41.85,43.55,17,0,0,0,0.0,0.0,0.0
2026-06-10,7738,東聯互動,169.0,171.0,167.0,169.0,64,9,0,0,0.4,99.59,100.0
2026-06-10,7740,熙特爾-創,171.5,171.5,167.0,169.0,109,-19,0,0,5.7,94.29,100.0
2026-06-10,7742,天弘化,152.87,172.0,157.5,160.5,1459,8,0,0,0.0,0.0,0.0
2026-06-10,7743,金利食安,0.0,0.0,0.0,0.0,0,0,0,0,2.87,97.12,100.0
2026-06-10,7744,崴寶,470.0,510.0,469.0,484.0,352,76,0,6,28.67,71.32,100.0
2026-06-10,7745,紅陽,16.32,16.75,16.05,16.05,9,0,0,0,0.0,0.0,0.0
2026-06-10,7747,昕奇雲端,128.0,133.0,128.0,128.5,30,-2,0,0,0.71,99.28,100.0
2026-06-10,7748,鑫囍創業,19.8,19.8,18.95,19.1,9,0,0,0,0.0,0.0,0.0
2026-06-10,7749,意騰-KY,489.0,536.0,489.0,523.0,2894,977,0,80,24.86,75.13,100.0
2026-06-10,7750,新代,2215.0,2255.0,2115.0,2135.0,208,30,0,-2,17.7,82.29,100.0
2026-06-10,7751,竑騰,1450.0,1455.0,1345.0,1390.0,367,63,-15,-19,5.83,94.16,100.0
2026-06-10,7752,世紀樺欣,38.21,39.2,38.2,38.45,43,0,0,0,0.0,0.0,0.0
2026-06-10,7753,星亞,41.9,42.3,41.5,41.8,23,-4,0,0,0.19,99.8,100.0
2026-06-10,7754,安基生技,58.72,60.0,57.1,58.4,235,0,0,0,0.0,0.0,0.0
2026-06-10,7756,多那之,39.01,40.0,38.0,40.0,0,0,0,0,0.0,0.0,0.0
2026-06-10,7757,金色三麥,102.5,103.0,101.0,102.5,44,-2,0,0,19.39,80.6,100.0
2026-06-10,7758,睿騰能源,40.6,42.0,40.4,41.2,6,0,0,0,0.0,0.0,0.0
2026-06-10,7759,視航生醫,32.01,32.0,29.4,29.5,79,0,0,0,0.0,0.0,0.0
2026-06-10,7760,享溫馨,31.8,32.15,31.5,32.0,81,23,0,-7,0.35,99.64,100.0
2026-06-10,7761,三大未來,39.76,40.25,38.0,39.5,58,0,0,0,0.0,0.0,0.0
2026-06-10,7762,吉晟生,49.67,50.3,48.65,50.2,31,0,0,0,0.0,0.0,0.0
2026-06-10,7763,崇舜,207.76,205.0,189.5,192.5,167,0,0,0,0.0,0.0,0.0
2026-06-10,7764,聖州,12.87,13.0,12.35,12.9,90,0,0,0,0.0,0.0,0.0
2026-06-10,7765,中華資安,247.5,255.0,246.5,246.5,109,-2,0,-2,0.42,99.57,100.0
2026-06-10,7767,仁大資訊,41.7,42.45,41.6,42.25,35,0,0,0,0.1,99.89,100.0
2026-06-10,7768,頌勝科技,400.0,402.0,384.0,384.0,305,101,0,0,1.02,98.97,100.0
2026-06-10,7769,鴻勁,6895.0,7455.0,6830.0,6840.0,877,-28,-36,0,19.68,80.31,100.0
2026-06-10,7770,君曜,42.9,42.9,42.0,42.1,6,0,0,-1,0.19,99.8,100.0
2026-06-10,7771,綠基,54.28,55.8,52.6,52.8,17,0,0,0,0.0,0.0,0.0
2026-06-10,7772,耀穎,146.0,151.0,142.5,142.5,425,13,0,0,0.16,99.83,100.0
2026-06-10,7773,富禾生醫,28.24,28.9,28.9,28.9,0,0,0,0,0.0,0.0,0.0
2026-06-10,7776,奧孟亞,25.1,24.65,23.9,24.65,42,0,0,0,0.0,0.0,0.0
2026-06-10,7777,能率亞洲,39.6,41.8,38.1,38.2,4375,-405,0,-70,0.49,99.5,100.0
2026-06-10,7779,鍇睿國際,12.97,13.15,12.55,13.1,14,0,0,0,0.0,0.0,0.0
2026-06-10,7780,大研生醫*,18.5,18.85,18.35,18.5,3413,-127,0,-1,0.51,99.48,100.0
2026-06-10,7781,昕力資*,29.71,30.05,29.15,29.35,1552,-3,0,0,0.0,0.0,0.0
2026-06-10,7782,光速火箭,25.3,25.3,24.7,25.15,25,-2,0,-2,0.35,99.64,100.0
2026-06-10,7783,佳運,92.37,93.0,86.6,90.9,45,-8,0,0,0.0,0.0,0.0
2026-06-10,7784,安邦生技*,13.78,14.2,11.35,11.95,2276,-10,0,0,0.0,0.0,0.0
2026-06-10,7785,北祥科服,38.42,41.05,38.0,41.0,69,0,0,0,0.0,0.0,0.0
2026-06-10,7786,東方風能,120.5,123.0,119.0,120.5,195,-38,0,-2,1.2,98.79,100.0
2026-06-10,7788,松川精密,253.0,258.5,251.0,258.5,3257,345,0,80,8.99,91.0,100.0
2026-06-10,7789,開展,33.17,33.9,32.3,33.9,4,0,0,0,0.0,0.0,0.0
2026-06-10,7790,思必瑞特,48.37,49.45,48.55,49.45,2,0,0,0,0.0,0.0,0.0
2026-06-10,7791,皇家可口,63.5,63.6,62.8,62.9,84,-37,0,-1,0.38,99.61,100.0
2026-06-10,7792,安葆,266.0,275.0,259.0,259.0,144,-11,0,-4,17.77,82.22,100.0
2026-06-10,7794,宏碁智新,32.15,33.15,32.0,32.45,126,6,0,-11,1.55,98.44,100.0
2026-06-10,7795,長廣,377.5,386.5,356.5,358.0,360,-117,0,-1,8.39,91.6,100.0
2026-06-10,7796,擷發科,95.18,95.5,92.0,92.0,84,0,0,0,0.0,0.0,0.0
2026-06-10,7797,Q Burger,65.42,65.5,63.7,65.0,3,0,0,0,0.0,0.0,0.0
2026-06-10,7798,將捷,16.1,16.8,16.4,16.8,160,0,0,0,0.0,0.0,0.0
2026-06-10,7799,禾榮科,364.0,366.0,338.5,340.5,647,-53,0,-2,3.54,96.45,100.0
2026-06-10,7801,華芸科技,133.15,136.5,132.5,132.5,91,0,0,0,0.0,0.0,0.0
2026-06-10,7803,雲象科技-創,23.35,23.9,22.75,22.75,227,-28,0,0,2.64,97.35,100.0
2026-06-10,7805,威聯通,726.0,728.0,699.0,704.0,232,-70,0,-37,10.36,89.63,100.0
2026-06-10,7806,精華生醫,64.0,64.0,64.0,64.0,1,0,0,0,0.0,0.0,0.0
2026-06-10,7808,訊聯智藥,37.45,37.95,36.15,37.95,4,0,0,0,0.0,0.0,0.0
2026-06-10,7810,捷創科技,211.5,211.5,200.5,201.0,79,-3,0,-4,0.43,99.56,100.0
2026-06-10,7811,民盛,79.3,79.5,79.0,79.0,5,-1,0,0,0.35,99.64,100.0
2026-06-10,7812,稜研科技*,82.0,84.0,80.1,81.4,120,0,0,0,0.0,0.0,0.0
2026-06-10,7813,宇辰系統,121.9,132.5,122.0,129.0,69,2,0,0,0.0,0.0,0.0
2026-06-10,7814,海昌生技,38.67,39.8,38.05,38.25,74,0,0,0,0.0,0.0,0.0
2026-06-10,7815,新特,422.29,428.5,395.0,407.5,116,0,0,0,0.0,0.0,0.0
2026-06-10,7816,來穎,64.12,64.4,63.0,64.4,29,0,0,0,0.0,0.0,0.0
2026-06-10,7818,溢泰實業,63.6,64.4,63.0,63.0,270,-19,0,0,0.16,99.83,100.0
2026-06-10,7819,精誠金融,47.9,48.2,47.0,47.0,76,-7,0,-1,2.03,97.96,100.0
2026-06-10,7820,立盈,119.0,119.5,116.5,117.0,25,-2,0,0,0.31,99.68,100.0
2026-06-10,7821,神數,43.85,45.9,43.7,43.9,156,-47,0,6,0.72,99.27,100.0
2026-06-10,7822,倍利科,1035.0,1070.0,996.0,999.0,346,-17,0,-1,0.57,99.42,100.0
2026-06-10,7823,奧義賽博-KY創,84.0,86.0,82.7,84.9,31,4,0,0,25.91,74.08,100.0
2026-06-10,7824,智寶,45.95,46.0,46.0,46.0,1,0,0,0,0.0,0.0,0.0
2026-06-10,7825,和亞智慧,105.65,106.0,101.0,102.5,137,0,0,0,0.0,0.0,0.0
2026-06-10,7826,極風雲創,43.25,43.25,41.2,43.25,0,0,0,0,0.0,0.0,0.0
2026-06-10,7827,漢康-KY創,156.0,158.0,153.0,155.5,519,-84,0,2,21.63,78.36,100.0
2026-06-10,7828,創新服務,1500.0,1670.0,1500.0,1630.0,425,76,139,-1,22.8,77.19,100.0
2026-06-10,7829,思捷優達-KY,40.2,44.0,39.5,44.0,101,0,0,0,0.0,0.0,0.0
2026-06-10,7831,捷博,35.95,0.0,0.0,0.0,0,0,0,0,0.0,0.0,0.0
2026-06-10,7832,智新生技*,11.27,11.3,11.05,11.2,155,0,0,0,0.0,0.0,0.0
2026-06-10,7833,綠岩能源,26.47,27.1,24.9,25.55,67,17,0,0,0.0,0.0,0.0
2026-06-10,7834,來毅數位,18.95,0.0,0.0,0.0,0,0,0,0,0.0,0.0,0.0
2026-06-10,7836,智生活,51.92,52.4,49.9,52.4,35,0,0,0,0.0,0.0,0.0
2026-06-10,7837,啟新生,99.2,99.2,95.5,99.2,2,0,0,0,0.0,0.0,0.0
2026-06-10,7839,達人網,58.17,58.9,56.0,56.5,15,0,0,0,0.0,0.0,0.0
2026-06-10,7840,祥圃,36.63,37.5,36.5,36.5,11,0,0,0,0.0,0.0,0.0
2026-06-10,7841,經貿聯網,28.36,28.4,27.7,28.4,1,0,0,0,0.0,0.0,0.0
2026-06-10,7842,天能綠電,103.5,108.0,102.5,107.5,66,-13,0,0,0.03,99.96,100.0
2026-06-10,7843,英柏得,138.33,141.0,135.0,138.0,110,-1,0,0,0.0,0.0,0.0
2026-06-10,7846,德揚,62.75,62.8,60.5,62.8,15,0,0,0,0.0,0.0,0.0
2026-06-10,7847,豊漁,20.33,20.25,20.0,20.25,22,0,0,0,0.0,0.0,0.0
2026-06-10,7848,騏億鑫,434.63,442.5,432.0,432.0,30,1,0,0,0.0,0.0,0.0
2026-06-10,7849,旭誼,151.48,155.0,149.0,155.0,3,0,0,0,0.0,0.0,0.0
2026-06-10,7850,寶泰生醫,17.44,17.9,17.0,17.4,99,0,0,0,0.0,0.0,0.0
2026-06-10,7851,慧康生技*-KY,34.42,34.75,34.1,34.65,12,0,0,0,0.0,0.0,0.0
2026-06-10,7853,政美應用,361.35,389.5,351.0,364.5,846,3,0,0,0.0,0.0,0.0
2026-06-10,7854,佐茂,85.81,89.5,85.3,89.4,29,0,0,0,0.0,0.0,0.0
2026-06-10,7855,和運租車,99.87,98.9,95.1,98.8,6,0,0,0,0.0,0.0,0.0
2026-06-10,7856,漢測,3042.35,3195.0,2900.0,2980.0,129,13,0,0,0.0,0.0,0.0
2026-06-10,7857,合水先進,47.89,48.45,46.15,48.45,7,0,0,0,0.0,0.0,0.0
2026-06-10,7858,芝普,197.23,204.0,187.0,187.0,129,-2,0,0,0.0,0.0,0.0
2026-06-10,7860,得生製藥,54.93,0.0,0.0,0.0,0,0,0,0,0.0,0.0,0.0
2026-06-10,7861,貝爾威勒,1402.21,1440.0,1340.0,1385.0,144,0,0,0,0.0,0.0,0.0
2026-06-10,7862,聚泰,29.15,29.95,29.75,29.95,2,0,0,0,0.0,0.0,0.0
2026-06-10,7863,中科物流,50.82,50.7,50.4,50.6,6,0,0,0,0.0,0.0,0.0
2026-06-10,7865,金聯成,64.47,69.1,64.3,67.4,182,2,0,0,0.0,0.0,0.0
2026-06-10,7866,丹立,203.09,214.0,200.5,206.0,273,11,0,0,0.0,0.0,0.0
2026-06-10,7867,特力屋,55.09,57.0,55.2,56.2,56,0,0,0,0.0,0.0,0.0
2026-06-10,7868,聖育,79.5,85.9,78.0,79.9,121,0,0,0,0.0,0.0,0.0
2026-06-10,7869,宏于電機,389.84,400.0,381.5,399.5,0,0,0,0,0.0,0.0,0.0
2026-06-10,7870,聯剛科技,158.38,159.0,153.0,155.0,3,0,0,0,0.0,0.0,0.0
2026-06-10,7871,安立璽榮-KY,73.06,76.1,73.3,74.4,1491,31,0,0,0.0,0.0,0.0
2026-06-10,7872,登豐,54.23,56.5,51.6,53.9,99,3,0,0,0.0,0.0,0.0
2026-06-10,7873,瑞峰,220.92,230.0,209.5,218.5,510,3,0,0,0.0,0.0,0.0
2026-06-10,7875,安圖斯,141.5,143.5,136.5,142.0,14,0,0,0,0.0,0.0,0.0
2026-06-10,7876,鼎晉生技,35.55,36.05,35.35,36.05,57,0,0,0,0.0,0.0,0.0
2026-06-10,7877,海利普,40.27,41.65,40.0,41.55,131,0,0,0,0.0,0.0,0.0
2026-06-10,7878,藥祇,254.48,255.0,244.0,253.5,252,0,0,0,0.0,0.0,0.0
2026-06-10,7879,益材科技,107.53,109.5,99.6,103.0,253,-1,0,0,0.0,0.0,0.0
2026-06-10,7880,聖凰,176.79,179.5,175.0,175.0,72,0,0,0,0.0,0.0,0.0
2026-06-10,7881,科明,99.11,100.5,96.5,97.5,4,0,0,0,0.0,0.0,0.0
2026-06-10,7882,倍利創投,20.87,21.5,20.4,20.8,190,0,0,0,0.0,0.0,0.0
2026-06-10,7883,饗賓,250.2,261.5,239.0,256.5,91,1,0,0,0.0,0.0,0.0
2026-06-10,7885,宏羚,28.0,29.2,27.7,28.55,21,0,0,0,0.0,0.0,0.0
2026-06-10,7886,科建,169.79,172.0,164.5,165.5,52,0,0,0,0.0,0.0,0.0
2026-06-10,7887,宇川精材,216.21,217.5,191.0,195.5,1342,6,0,0,0.0,0.0,0.0
2026-06-10,7888,麗寶新藥,37.84,38.0,37.05,37.55,6,0,0,0,0.0,0.0,0.0
2026-06-10,7889,騰勢,81.0,82.0,80.8,81.2,22,0,0,0,0.0,0.0,0.0
2026-06-10,7890,明曜科技,114.3,114.5,114.5,114.5,0,0,0,0,0.0,0.0,0.0
2026-06-10,7891,博研醫藥,24.55,25.25,24.2,24.5,20,0,0,0,0.0,0.0,0.0
2026-06-10,7892,元鈦科,837.79,838.0,799.0,811.0,117,0,0,0,0.0,0.0,0.0
2026-06-10,7893,睿信,208.36,210.0,196.0,197.0,40,0,0,0,0.0,0.0,0.0
2026-06-10,7895,元進莊,68.7,69.5,68.2,68.2,5,0,0,0,0.0,0.0,0.0
2026-06-10,7896,喬越,238.27,243.5,200.0,223.0,26,0,0,0,0.0,0.0,0.0
2026-06-10,7897,禾迅綠電,42.71,42.6,41.4,42.6,2,0,0,0,0.0,0.0,0.0
2026-06-10,7898,乾瞻,619.34,621.0,576.0,597.0,116,-1,0,0,0.0,0.0,0.0
2026-06-10,7899,景美,462.75,470.0,445.5,450.0,191,22,0,0,0.0,0.0,0.0
2026-06-10,7901,大大寬頻,72.66,73.1,70.1,73.1,0,0,0,0,0.0,0.0,0.0
2026-06-10,7902,宇越生醫*,37.42,39.0,35.0,37.0,374,0,0,0,0.0,0.0,0.0
2026-06-10,7904,任開數位,20.69,19.3,18.15,18.75,12,0,0,0,0.0,0.0,0.0
2026-06-10,7907,錸恩帕斯,251.06,256.0,245.0,250.0,39,0,0,0,0.0,0.0,0.0
2026-06-10,7909,鈺祥,714.04,725.0,671.0,678.0,100,-2,0,0,0.0,0.0,0.0
2026-06-10,7911,阿波羅電力,167.95,172.0,164.0,171.0,199,0,0,0,0.0,0.0,0.0
2026-06-10,7912,新聿科,488.75,506.0,440.5,467.5,101,1,0,0,0.0,0.0,0.0
2026-06-10,7913,通寶半導體,350.72,362.0,340.0,344.0,110,2,0,0,0.0,0.0,0.0
2026-06-10,7915,廌家,554.38,569.0,531.0,531.0,16,0,0,0,0.0,0.0,0.0
2026-06-10,7918,創鉅材料,1257.93,1280.0,1125.0,1275.0,257,2,0,0,0.0,0.0,0.0
2026-06-10,7919,禾蒼,68.58,69.0,65.5,67.0,90,0,0,0,0.0,0.0,0.0
2026-06-10,7920,瀚陽*,15.76,16.1,14.5,14.6,3515,73,0,0,0.0,0.0,0.0
2026-06-10,7921,台普威,129.79,129.5,120.0,125.0,155,0,0,0,0.0,0.0,0.0
2026-06-10,7922,源點*,105.88,105.5,103.5,104.5,23,0,0,0,0.0,0.0,0.0
2026-06-10,8011,台通,18.15,18.45,17.85,17.85,734,-64,0,-2,3.27,96.72,100.0
2026-06-10,8016,矽創,295.0,302.0,286.0,286.5,1535,82,11,-12,36.34,63.65,100.0
2026-06-10,8021,尖點,519.0,556.0,517.0,556.0,18225,3241,242,-225,23.93,76.06,100.0
2026-06-10,8024,佑華,11.5,12.3,11.5,12.15,98,-2,0,0,1.8,98.19,100.0
2026-06-10,8027,鈦昇,249.0,273.0,228.0,228.5,23981,56,0,-507,7.7,92.29,100.0
2026-06-10,8028,昇陽半導體,305.0,339.5,305.0,315.0,9291,994,22,-76,25.13,74.86,100.0
2026-06-10,8032,光菱,43.7,46.1,43.7,43.85,360,67,0,6,1.65,98.34,100.0
2026-06-10,8033,雷虎,133.5,133.5,129.0,129.0,2748,-243,0,-36,3.52,96.47,100.0
2026-06-10,8034,榮群,23.25,23.5,22.8,23.4,520,-223,0,-4,6.86,93.13,100.0
2026-06-10,8038,長園科,41.6,44.0,40.8,41.0,964,193,0,0,0.82,99.17,100.0
2026-06-10,8039,台虹,131.5,137.5,128.0,129.0,6219,-275,0,-50,14.63,85.36,100.0
2026-06-10,8040,九暘,95.8,104.5,94.0,94.9,2015,-81,0,0,3.95,96.04,100.0
2026-06-10,8042,金山電,145.0,157.5,141.0,141.0,1659,-116,0,-123,15.16,84.83,100.0
2026-06-10,8043,蜜望實,198.5,211.5,197.0,199.0,31808,5294,0,-222,12.64,87.35,100.0
2026-06-10,8044,網家,31.7,32.45,30.2,30.2,3336,153,0,7,5.68,94.31,100.0
2026-06-10,8045,達運光電,63.2,64.7,61.3,61.3,293,26,0,-1,1.33,98.66,100.0
2026-06-10,8046,南電,894.0,912.0,843.0,847.0,17501,188,360,-502,13.19,86.8,100.0
2026-06-10,8047,星雲,50.6,52.4,50.6,51.7,31,-7,0,0,5.39,94.6,100.0
2026-06-10,8048,德勝,63.1,65.7,61.1,61.1,456,-114,0,0,7.39,92.6,100.0
2026-06-10,8049,晶采,26.35,26.7,26.15,26.15,239,-46,0,0,2.81,97.18,100.0
2026-06-10,8050,廣積,57.7,60.4,56.7,56.8,3113,74,0,-36,2.52,97.47,100.0
2026-06-10,8054,安國,102.5,108.5,99.5,99.5,3334,122,0,-7,4.01,95.98,100.0
2026-06-10,8058,耐特,98.61,99.7,96.7,97.5,83,0,0,0,0.0,0.0,0.0
2026-06-10,8059,凱碩,18.9,18.9,18.0,18.0,626,0,0,0,0.62,99.37,100.0
2026-06-10,8064,東捷,140.0,163.0,138.0,138.5,24602,1033,0,52,9.29,90.7,100.0
2026-06-10,8066,來思達,15.9,17.45,15.4,15.4,391,37,0,0,3.18,96.81,100.0
2026-06-10,8067,志旭,13.2,13.2,13.05,13.1,13,0,0,0,8.37,91.62,100.0
2026-06-10,8068,全達,19.35,20.0,18.8,18.85,274,-55,0,0,8.79,91.2,100.0
2026-06-10,8069,元太,197.0,203.5,191.0,191.0,6996,-1315,0,-214,41.5,58.49,100.0
2026-06-10,8070,長華*,59.0,59.9,57.2,57.6,15991,5694,-5036,-90,13.86,86.13,100.0
2026-06-10,8071,能率網通,23.3,23.7,22.7,22.7,11200,126,0,0,3.41,96.58,100.0
2026-06-10,8072,陞泰,29.3,29.45,28.3,28.3,279,19,0,2,1.95,98.04,100.0
2026-06-10,8074,鉅橡,74.4,79.4,71.1,71.1,5600,-406,0,55,5.86,94.13,100.0
2026-06-10,8076,伍豐,27.2,28.15,26.6,26.6,2661,316,0,-21,5.98,94.01,100.0
2026-06-10,8077,洛碁,53.0,53.0,52.9,52.9,2,0,0,0,51.12,48.87,100.0
2026-06-10,8080,永利聯合,28.0,28.0,27.8,28.0,29,-1,0,0,0.1,99.89,100.0
2026-06-10,8080,泰霖,28.0,28.0,27.8,28.0,29,-1,0,0,0.1,99.89,100.0
2026-06-10,8081,致新,267.0,269.0,258.5,258.5,777,-192,-2,-1,19.42,80.57,100.0
2026-06-10,8083,瑞穎,172.5,173.0,171.0,172.0,28,0,0,0,3.31,96.68,100.0
2026-06-10,8084,巨虹,48.0,48.0,46.05,47.4,100,13,0,0,1.01,98.98,100.0
2026-06-10,8085,福華,13.6,13.6,12.8,12.8,684,-104,0,0,2.31,97.68,100.0
2026-06-10,8086,宏捷科,151.0,158.5,147.0,147.0,5631,-900,0,-127,23.06,76.93,100.0
2026-06-10,8087,華鎂鑫,38.6,38.6,37.3,37.85,105,-13,0,-4,3.29,96.7,100.0
2026-06-10,8087,麗升能源,38.6,38.6,37.3,37.85,105,-13,0,-4,3.29,96.7,100.0
2026-06-10,8088,品安,59.1,62.0,57.5,57.5,2439,24,0,0,4.06,95.93,100.0
2026-06-10,8089,康全電訊,20.55,22.55,20.55,21.15,2436,-88,0,0,4.37,95.62,100.0
2026-06-10,8091,翔名,248.5,265.0,235.0,235.0,1371,121,0,-19,11.46,88.53,100.0
2026-06-10,8092,建暐,15.65,15.65,14.65,14.8,144,-5,0,0,0.25,99.74,100.0
2026-06-10,8093,保銳,18.5,18.65,18.3,18.3,14,0,0,0,0.05,99.94,100.0
2026-06-10,8096,擎亞,124.0,131.0,117.5,118.0,9138,798,0,-219,34.85,65.14,100.0
2026-06-10,8097,常珵,58.6,59.0,56.1,59.0,56,0,0,0,2.7,97.29,100.0
2026-06-10,8098,慶康科技,369.96,374.5,353.5,369.5,46,-8,0,0,0.0,0.0,0.0
2026-06-10,8099,大世科,62.3,63.2,60.0,60.0,358,-48,0,0,2.84,97.15,100.0
2026-06-10,8101,華冠,14.7,16.6,14.7,16.6,5,3,0,0,0.05,99.94,100.0
2026-06-10,8102,傑霖科技,75.2,77.1,73.3,73.3,32,-4,0,0,0.08,99.91,100.0
2026-06-10,8103,瀚荃,98.9,101.5,94.5,94.8,1612,46,0,-99,22.33,77.66,100.0
2026-06-10,8104,錸寶,40.3,42.6,38.85,39.25,2707,-107,0,0,2.13,97.86,100.0
2026-06-10,8105,凌巨,20.8,21.95,20.35,20.7,33678,-6690,0,-4,39.48,60.51,100.0
2026-06-10,8107,大億金茂,12.3,12.5,12.2,12.4,94,17,0,0,0.61,99.38,100.0
2026-06-10,8109,博大,121.0,125.0,119.0,120.0,408,-27,13,0,5.1,94.89,100.0
2026-06-10,8110,華東,53.0,56.0,51.7,51.8,8936,680,0,-103,1.8,98.19,100.0
2026-06-10,8111,立碁,58.1,60.0,56.3,56.4,1586,-113,0,-34,5.09,94.9,100.0
2026-06-10,8112,至上,92.4,98.4,91.6,92.6,60537,1335,-256,-1358,19.87,80.12,100.0
2026-06-10,8114,振樺電,206.5,211.5,201.5,202.5,1114,101,-1,-39,12.7,87.29,100.0
2026-06-10,8119,公信,10.41,10.75,10.1,10.35,127,-5,0,0,0.0,0.0,0.0
2026-06-10,8121,越峰,43.9,45.95,42.8,44.5,9209,804,0,-17,3.43,96.56,100.0
2026-06-10,8131,福懋科,68.0,72.2,66.5,66.9,5416,147,0,-107,4.42,95.57,100.0
2026-06-10,8147,正淩,148.0,159.0,145.5,148.0,1019,34,0,19,19.8,80.19,100.0
2026-06-10,8150,南茂,92.8,102.0,88.2,88.3,78380,-2639,4769,-1727,41.84,58.15,100.0
2026-06-10,8155,博智,354.0,376.5,354.0,355.0,1403,-21,55,26,10.15,89.84,100.0
2026-06-10,8162,微矽電子-創,68.8,70.9,66.4,66.4,495,53,0,10,1.1,98.89,100.0
2026-06-10,8163,達方,42.95,46.85,42.0,42.05,16596,-803,0,-42,8.66,91.33,100.0
2026-06-10,8171,天宇,23.7,24.3,23.7,23.8,222,6,0,0,3.19,96.8,100.0
2026-06-10,8176,智捷,10.45,10.45,10.1,10.1,110,-46,0,0,1.13,98.86,100.0
2026-06-10,8182,加高,51.8,55.7,49.35,49.6,20803,275,0,37,53.4,46.59,100.0
2026-06-10,8183,精星,32.05,32.25,30.8,30.8,470,-75,0,-2,4.21,95.78,100.0
2026-06-10,8201,無敵,13.25,13.45,13.1,13.2,126,-43,-1,-44,0.91,99.08,100.0
2026-06-10,8210,勤誠,1490.0,1565.0,1425.0,1445.0,3592,-425,396,-79,9.73,90.26,100.0
2026-06-10,8213,志超,35.85,36.35,35.0,35.0,542,-122,0,-2,22.26,77.73,100.0
2026-06-10,8215,明基材,28.1,30.9,28.1,28.85,7658,-709,63,211,2.21,97.78,100.0
2026-06-10,8222,寶一,35.1,35.55,34.4,34.4,468,-155,0,3,2.51,97.48,100.0
2026-06-10,8227,巨有科技,190.0,203.5,175.0,175.0,2000,341,0,-129,4.13,95.86,100.0
2026-06-10,8234,新漢,66.6,68.3,63.0,63.4,639,-64,0,-4,2.49,97.5,100.0
2026-06-10,8240,華宏,56.1,60.1,55.1,55.6,763,15,0,-1,5.58,94.41,100.0
2026-06-10,8249,菱光,51.8,52.5,50.1,50.1,719,-23,0,-3,1.05,98.94,100.0
2026-06-10,8255,朋程,165.0,172.0,161.0,162.5,1291,235,0,-91,10.39,89.6,100.0
2026-06-10,8261,富鼎,160.0,168.0,156.5,156.5,7147,-1330,0,-23,4.82,95.17,100.0
2026-06-10,8271,宇瞻,214.5,216.0,201.0,202.0,2622,19,-1,-20,10.52,89.47,100.0
2026-06-10,8272,全景軟體,70.5,72.9,70.5,70.6,13,-1,0,0,0.19,99.8,100.0
2026-06-10,8277,商丞,11.0,11.0,10.3,10.3,312,-17,0,0,1.54,98.45,100.0
2026-06-10,8279,生展,97.0,97.0,94.3,96.0,94,-1,0,0,5.5,94.49,100.0
2026-06-10,8284,三竹,63.5,63.7,63.3,63.3,11,-1,0,0,0.91,99.08,100.0
2026-06-10,8289,泰藝,68.8,74.0,66.8,68.2,9005,197,0,0,3.08,96.91,100.0
2026-06-10,8291,尚茂,51.9,51.9,51.9,51.9,57,0,0,0,73.47,26.52,100.0
2026-06-10,8298,威睿,53.88,57.7,51.9,53.7,83,1,0,0,0.0,0.0,0.0
2026-06-10,8299,群聯,2305.0,2375.0,2135.0,2155.0,7107,551,-209,-308,36.07,63.92,100.0
2026-06-10,8329,台視,10.09,10.3,10.1,10.15,30,0,0,0,0.0,0.0,0.0
2026-06-10,8341,日友,80.9,82.0,80.5,81.3,698,224,0,2,4.76,95.23,100.0
2026-06-10,8342,益張,87.6,87.6,87.6,87.6,1,0,0,0,0.15,99.84,100.0
2026-06-10,8345,超秦,56.4,57.0,55.1,56.4,12,0,0,0,0.0,0.0,0.0
2026-06-10,8349,恒耀,42.3,42.45,41.9,42.2,96,-4,0,0,1.4,98.59,100.0
2026-06-10,8354,冠好,16.65,16.65,16.35,16.5,343,-24,0,0,0.52,99.47,100.0
2026-06-10,8358,金居,596.0,605.0,555.0,555.0,1976,549,12,-245,33.59,66.4,100.0
2026-06-10,8359,錢櫃,64.71,65.1,64.3,65.0,43,0,0,0,0.0,0.0,0.0
2026-06-10,8367,建新國際,39.9,40.15,39.75,40.1,146,-18,0,-1,1.52,98.47,100.0
2026-06-10,8374,羅昇,92.0,97.1,89.5,89.5,1002,57,0,-39,2.13,97.86,100.0
2026-06-10,8383,千附,59.0,60.1,58.0,58.0,1090,245,0,-4,13.91,86.08,100.0
2026-06-10,8390,金益鼎,128.0,132.0,117.0,117.0,2973,-364,0,-102,21.93,78.06,100.0
2026-06-10,8401,白紗科,22.85,22.9,22.75,22.8,90,-1,0,0,0.26,99.73,100.0
2026-06-10,8403,盛弘,19.4,19.55,19.3,19.5,156,42,0,0,1.64,98.35,100.0
2026-06-10,8404,百和興業-KY,17.2,17.85,17.2,17.45,597,106,0,2,52.93,47.06,100.0
2026-06-10,8409,商之器,19.1,19.15,19.0,19.0,6,0,0,0,0.13,99.86,100.0
2026-06-10,8410,森田,34.25,34.25,33.5,34.2,30,-4,0,0,0.51,99.48,100.0
2026-06-10,8411,福貞-KY,12.1,12.3,12.1,12.25,153,-5,0,-4,53.77,46.22,100.0
2026-06-10,8415,大國鋼,35.15,35.45,35.0,35.05,831,162,0,-200,6.75,93.24,100.0
2026-06-10,8416,實威,181.5,182.5,181.5,182.0,16,1,0,0,0.75,99.24,100.0
2026-06-10,8421,旭源,12.7,12.9,12.65,12.8,20,-7,0,0,0.54,99.45,100.0
2026-06-10,8422,可寧衛,31.5,31.65,30.1,30.25,91841,-4860,-3506,384,5.63,94.36,100.0
2026-06-10,8422,可寧衛*,31.5,31.65,30.1,30.25,91841,-4860,-3506,384,5.63,94.36,100.0
2026-06-10,8423,保綠-KY,17.85,17.95,17.8,17.8,23,1,0,0,24.94,75.05,100.0
2026-06-10,8424,惠普,73.3,73.3,72.8,73.1,137,-5,0,0,0.51,99.48,100.0
2026-06-10,8426,紅木-KY,20.65,21.8,20.65,21.25,89,-3,0,0,67.31,32.68,100.0
2026-06-10,8429,金麗-KY,6.67,6.72,6.53,6.62,295,12,0,-2,28.67,71.32,100.0
2026-06-10,8431,匯鑽科,49.95,51.0,48.05,48.05,752,30,0,-6,2.67,97.32,100.0
2026-06-10,8432,東生華,53.0,53.4,52.1,53.0,121,-6,0,0,0.87,99.12,100.0
2026-06-10,8433,弘帆,53.0,54.4,53.0,53.8,75,-9,0,0,1.03,98.96,100.0
2026-06-10,8435,鉅邁,57.0,57.0,56.3,56.4,16,1,0,0,0.67,99.32,100.0
2026-06-10,8436,大江,119.0,121.5,118.5,118.5,458,141,-4,-4,14.08,85.91,100.0
2026-06-10,8437,大地-KY,10.6,10.7,10.5,10.5,76,-1,0,0,22.19,77.8,100.0
2026-06-10,8438,昶昕,85.2,87.8,78.1,80.4,521,-8,0,-2,2.65,97.34,100.0
2026-06-10,8440,綠電,23.15,23.5,22.5,22.5,161,-31,0,0,0.87,99.12,100.0
2026-06-10,8442,威宏-KY,40.3,40.9,40.3,40.55,96,19,0,-1,56.15,43.84,100.0
2026-06-10,8443,阿瘦,11.0,11.3,11.0,11.3,18,-7,0,-1,3.69,96.3,100.0
2026-06-10,8444,綠河-KY,4.86,4.97,4.86,4.97,138,0,0,0,58.54,41.45,100.0
2026-06-10,8446,華研,88.3,88.5,87.0,87.5,114,-24,0,0,4.66,95.33,100.0
2026-06-10,8450,霹靂,15.85,15.9,15.55,15.85,40,6,0,0,0.1,49.88,49.99
2026-06-10,8454,富邦媒,416.0,467.0,389.0,449.5,4053,184,2898,-32,11.56,88.43,100.0
2026-06-10,8455,大拓-KY,30.0,30.0,28.8,28.8,31,0,0,0,87.81,12.18,100.0
2026-06-10,8458,影一,16.83,16.75,16.05,16.75,20,-1,0,0,0.0,0.0,0.0
2026-06-10,8462,柏文,140.0,143.0,140.0,142.0,114,5,0,5,3.72,96.27,100.0
2026-06-10,8463,潤泰材,21.8,22.1,21.8,21.95,55,2,0,-1,0.41,99.58,100.0
2026-06-10,8464,億豐,332.0,342.5,326.0,337.5,631,52,0,1,42.27,57.72,100.0
2026-06-10,8466,美吉吉-KY,15.6,15.9,15.35,15.45,109,-11,0,8,50.14,49.85,100.0
2026-06-10,8467,波力-KY,131.5,134.0,128.5,128.5,33,-8,0,-1,46.53,53.46,100.0
2026-06-10,8472,夠麻吉,89.0,90.0,84.0,90.0,49,-4,0,0,1.38,98.61,100.0
2026-06-10,8473,山林水,53.6,54.5,50.1,50.3,3520,918,0,4,4.03,95.96,100.0
2026-06-10,8476,台境,18.25,19.5,18.2,19.05,2801,212,0,-1,1.24,98.75,100.0
2026-06-10,8476,台境*,18.25,19.5,18.2,19.05,2801,212,0,-1,1.24,98.75,100.0
2026-06-10,8477,創業家,18.8,18.9,16.95,18.3,118,-8,0,0,0.19,99.8,100.0
2026-06-10,8478,東哥遊艇,161.5,171.0,161.5,166.0,618,115,0,3,39.58,60.41,100.0
2026-06-10,8481,政伸,40.7,41.1,40.7,40.85,15,-7,0,-2,0.39,99.6,100.0
2026-06-10,8482,商億-KY,47.0,47.0,46.9,46.9,10,1,0,-1,91.73,8.26,100.0
2026-06-10,8487,愛爾達-創,81.7,81.7,79.6,80.2,66,-7,0,3,1.08,48.9,49.99
2026-06-10,8488,吉源-KY,9.65,9.67,9.65,9.66,7,-4,0,0,69.57,30.42,100.0
2026-06-10,8489,三貝德,22.95,23.0,22.35,22.65,64,-20,0,0,3.35,96.64,100.0
2026-06-10,8499,鼎炫-KY,270.5,283.0,270.0,270.0,66,-31,0,0,71.98,28.01,100.0
2026-06-10,8905,裕國,29.5,29.85,29.5,29.85,4,0,0,0,0.49,99.5,100.0
2026-06-10,8906,花王,23.5,26.1,23.5,26.1,197,38,0,0,0.38,99.61,100.0
2026-06-10,8908,欣雄,41.2,41.7,41.1,41.6,66,39,0,0,0.41,99.58,100.0
2026-06-10,8916,光隆,45.1,45.1,44.8,45.0,62,-11,0,0,2.95,97.04,100.0
2026-06-10,8917,欣泰,52.5,52.5,51.5,51.5,22,0,0,0,1.43,98.56,100.0
2026-06-10,8921,沈氏,17.8,18.2,17.8,18.2,2,0,0,0,0.18,99.81,100.0
2026-06-10,8923,時報,0.0,0.0,0.0,0.0,0,0,0,0,4.15,95.84,100.0
2026-06-10,8924,大田,57.2,57.2,56.3,56.7,117,-24,0,0,2.54,97.45,100.0
2026-06-10,8926,台汽電,73.5,78.0,73.1,75.0,23702,296,58,-101,11.89,88.1,100.0
2026-06-10,8927,北基,20.1,20.7,20.1,20.65,550,373,0,0,1.25,98.74,100.0
2026-06-10,8928,鉅明,20.65,20.9,20.6,20.65,39,8,0,0,0.34,99.65,100.0
2026-06-10,8929,富堡,14.5,14.5,14.3,14.3,23,0,0,0,0.25,99.74,100.0
2026-06-10,8930,青鋼,27.9,27.9,27.5,27.6,67,0,0,0,2.64,97.35,100.0
2026-06-10,8931,大汽電,43.45,43.7,42.5,42.9,110,-3,0,0,0.18,99.81,100.0
2026-06-10,8932,智通*,101.0,102.5,98.3,98.6,2718,154,0,-59,28.73,71.26,100.0
2026-06-10,8933,愛地雅,4.73,4.73,4.48,4.48,320,4,0,0,0.96,99.03,100.0
2026-06-10,8935,邦泰,22.6,23.4,21.5,21.5,1009,217,0,0,1.98,98.01,100.0
2026-06-10,8936,國統,56.5,57.1,54.1,54.9,11998,1012,-6,14,9.82,90.17,100.0
2026-06-10,8937,合騏*,24.0,24.0,22.7,22.8,394,-97,0,-1,5.43,94.56,100.0
2026-06-10,8938,明安,52.8,53.3,52.7,52.7,183,49,0,0,6.31,93.68,100.0
2026-06-10,8940,新天地,16.75,16.75,16.25,16.3,94,-10,0,-2,8.41,91.58,100.0
2026-06-10,8941,關中,42.45,43.95,42.45,43.5,16,0,0,0,0.19,99.8,100.0
2026-06-10,8942,森鉅,40.2,40.4,39.95,40.1,351,41,0,0,13.9,86.09,100.0
2026-06-10,8996,高力,1335.0,1385.0,1215.0,1220.0,6537,-120,474,-134,35.37,64.62,100.0
2026-06-10,8999,台灣積層,36.97,38.1,36.7,36.7,4,0,0,0,0.0,0.0,0.0
2026-06-10,9103,美德醫療-DR,6.0,6.2,5.87,5.88,3411,179,0,-2,2.65,97.34,100.0
2026-06-10,9105,泰金寶-DR,9.6,10.2,9.19,9.23,138951,11276,0,-599,1.88,98.11,100.0
2026-06-10,9110,越南控-DR,3.74,3.74,3.4,3.4,28,0,0,0,0.04,99.95,100.0
2026-06-10,9136,巨騰-DR,16.25,16.5,14.6,14.85,4470,-321,0,0,3.44,96.55,100.0
2026-06-10,9802,鈺齊-KY,80.7,82.9,79.6,80.9,1521,427,-225,0,41.36,58.63,100.0
2026-06-10,9902,台火,13.75,13.9,13.7,13.7,156,-4,0,0,1.48,98.51,100.0
2026-06-10,9904,寶成,26.6,26.9,26.35,26.5,28067,1434,-286,260,31.7,68.29,100.0
2026-06-10,9905,大華,20.55,20.65,20.4,20.55,636,18,0,-4,2.27,97.72,100.0
2026-06-10,9906,欣巴巴,41.95,46.25,41.95,46.25,582,-9,0,7,1.05,98.94,100.0
2026-06-10,9907,統一實,16.55,16.8,16.55,16.7,3527,1120,-227,5,13.8,86.19,100.0
2026-06-10,9908,大台北,29.35,29.4,29.25,29.4,194,4,0,4,2.1,97.89,100.0
2026-06-10,9910,豐泰,86.3,94.0,85.5,94.0,15574,-2056,5395,11,5.69,94.3,100.0
2026-06-10,9911,櫻花,84.9,86.0,84.5,85.2,744,260,0,1,18.82,81.17,100.0
2026-06-10,9912,偉聯,12.45,12.65,12.45,12.5,52,-1,0,-1,15.95,84.04,100.0
2026-06-10,9914,美利達,67.7,69.5,67.7,69.0,1220,387,0,-2,22.93,77.06,100.0
2026-06-10,9917,中保科,118.0,119.0,117.5,118.5,623,232,0,1,40.01,59.98,100.0
2026-06-10,9918,欣天然,42.75,43.0,42.55,42.95,96,-18,0,-2,2.67,97.32,100.0
2026-06-10,9919,康那香,14.3,14.3,14.05,14.05,504,6,0,-1,4.9,95.09,100.0
2026-06-10,9921,巨大,70.4,72.4,70.4,72.0,1899,575,0,8,27.25,72.74,100.0
2026-06-10,9924,福興,40.4,40.95,40.3,40.65,218,-20,0,0,10.13,89.86,100.0
2026-06-10,9925,新保,40.2,40.65,40.2,40.6,366,247,0,1,17.44,82.55,100.0
2026-06-10,9926,新海,48.8,49.3,48.8,48.85,40,-8,0,-2,0.68,99.31,100.0
2026-06-10,9927,泰銘,68.3,69.2,68.3,68.9,54,-3,0,1,6.59,93.4,100.0
2026-06-10,9928,中視,17.9,18.0,17.7,17.8,54,0,0,-1,0.0,0.0,0.0
2026-06-10,9929,秋雨,13.45,13.45,11.75,12.65,68,-5,0,-3,0.43,99.56,100.0
2026-06-10,9930,中聯資源,68.8,69.5,68.5,69.3,81,4,0,3,1.97,98.02,100.0
2026-06-10,9931,欣高,34.35,34.55,34.25,34.5,65,16,0,-2,0.82,99.17,100.0
2026-06-10,9933,中鼎,40.4,41.3,39.85,40.5,7970,822,75,-48,18.16,81.83,100.0
2026-06-10,9934,成霖,10.6,10.65,10.3,10.4,2390,876,0,-1,13.32,86.67,100.0
2026-06-10,9935,慶豐富,18.85,19.15,18.85,18.9,343,166,0,-2,5.58,94.41,100.0
2026-06-10,9937,全國,54.8,55.2,54.5,55.2,65,-21,0,-3,1.73,98.26,100.0
2026-06-10,9938,百和,45.7,46.55,45.65,46.0,2413,901,-6,26,9.82,90.17,100.0
2026-06-10,9939,宏全,128.0,133.0,127.5,130.5,3305,1338,-2,76,14.33,85.66,100.0
2026-06-10,9940,信義,18.8,19.75,18.75,19.55,2253,201,0,-84,3.51,96.48,100.0
2026-06-10,9941,裕融,83.7,89.0,83.3,86.4,9201,-197,3529,25,4.83,95.16,100.0
2026-06-10,9942,茂順,118.5,119.5,118.5,119.5,46,0,0,0,4.52,95.47,100.0
2026-06-10,9943,好樂迪,56.8,57.2,56.4,56.8,122,15,0,-1,1.31,98.68,100.0
2026-06-10,9944,新麗,16.9,17.2,16.75,17.2,48,-4,0,-1,1.07,98.92,100.0
2026-06-10,9945,潤泰新,25.0,26.55,24.85,26.15,23282,-2150,-15,351,7.86,92.13,100.0
2026-06-10,9946,三發地產,16.75,17.85,16.75,17.8,2743,96,0,-3,2.89,97.1,100.0
2026-06-10,9949,琉園,23.95,24.1,23.6,23.6,6,1,0,1,2.48,97.51,100.0
2026-06-10,9950,萬國通,10.7,10.85,10.65,10.7,57,-8,0,0,0.04,99.95,100.0
2026-06-10,9951,皇田,53.1,53.2,52.7,52.9,74,-4,0,0,4.68,95.31,100.0
2026-06-10,9955,佳龍,27.35,27.6,26.75,26.75,633,-362,0,-2,4.53,95.46,100.0
2026-06-10,9957,燁聯,6.09,6.23,5.93,6.1,364,17,0,0,0.0,0.0,0.0
2026-06-10,9958,世紀鋼,113.0,116.0,111.0,111.0,3523,-442,0,-75,10.5,89.49,100.0
2026-06-10,9960,邁達康,31.9,32.0,31.3,31.4,23,-6,0,0,9.09,90.9,100.0
2026-06-10,9962,有益,9.85,9.85,9.71,9.85,31,-7,0,0,0.35,99.64,100.0
