date,stock_id,stock_name,open,high,low,close,volume,day_trading_volume,foreign_buy,trust_buy,dealer_buy,foreign_hold_ratio,foreign_remain_ratio,foreign_limit_ratio
2026-06-05,0050,元大台灣50,105.0,105.35,102.8,104.15,337031,18797,-62925,6297,-52712,5.04,94.95,100.0
2026-06-05,0051,元大中型100,144.85,144.85,139.45,143.25,120,7,8,0,-39,0.52,99.47,100.0
2026-06-05,0052,富邦科技,61.6,61.85,60.3,61.0,47085,8380,-6187,0,-4827,1.71,98.28,100.0
2026-06-05,0053,元大電子,241.8,241.8,236.7,239.3,65,12,-8,0,-10,1.2,98.79,100.0
2026-06-05,0055,元大MSCI金融,38.82,39.14,38.17,39.14,932,157,-113,0,34,0.99,99.0,100.0
2026-06-05,0056,元大高股息,52.0,52.2,50.7,51.8,71486,18856,148,0,5084,0.83,99.16,100.0
2026-06-05,0057,富邦摩台,310.3,310.3,305.55,308.0,19,0,0,0,-2,6.88,93.11,100.0
2026-06-05,0061,元大寶滬深,25.1,25.24,25.0,25.0,263,1,10,0,128,5.07,94.92,100.0
2026-06-05,1101,台泥,24.5,24.6,24.2,24.4,31313,7287,-7828,216,-75,14.87,85.12,100.0
2026-06-05,1102,亞泥,34.3,34.55,34.1,34.4,14863,4302,-6086,105,-49,12.97,87.02,100.0
2026-06-05,1103,嘉泥,13.6,13.75,13.5,13.6,422,77,1,0,1,4.57,95.42,100.0
2026-06-05,1104,環泥,29.25,29.4,28.9,29.4,1284,238,-28,-1,256,15.2,84.79,100.0
2026-06-05,1108,幸福,14.1,14.1,13.8,13.8,1029,106,79,0,-1,1.31,98.68,100.0
2026-06-05,1109,信大,14.8,14.9,14.75,14.85,72,6,-5,0,-4,2.34,97.65,100.0
2026-06-05,1110,東泥,16.0,16.0,15.5,16.0,630,153,-127,0,-3,5.82,94.17,100.0
2026-06-05,1201,味全,12.6,12.6,12.35,12.45,417,52,-40,0,-6,5.03,94.96,100.0
2026-06-05,1203,味王,42.45,42.95,42.45,42.85,8,2,0,0,1,1.73,98.26,100.0
2026-06-05,1210,大成,54.2,55.2,53.8,54.4,10924,3716,-5108,5356,-15,9.83,90.16,100.0
2026-06-05,1213,大飲,8.85,8.85,8.11,8.43,25,0,0,0,0,0.01,99.98,100.0
2026-06-05,1215,卜蜂,116.0,119.0,116.0,119.0,4556,1190,1051,-1710,-17,36.63,63.36,100.0
2026-06-05,1216,統一,73.5,74.3,73.5,73.8,9454,2503,285,41,18,31.41,68.58,100.0
2026-06-05,1217,愛之味,10.0,10.0,9.9,9.92,875,57,-118,0,-7,7.87,92.12,100.0
2026-06-05,1218,泰山,19.5,19.6,19.25,19.35,1631,159,-393,0,-3,4.1,95.89,100.0
2026-06-05,1219,福壽,13.0,13.1,12.95,13.0,1030,42,-101,0,-5,5.5,94.49,100.0
2026-06-05,1220,台榮,11.9,11.95,11.85,11.95,80,1,32,0,0,7.11,92.88,100.0
2026-06-05,1225,福懋油,29.65,29.85,29.2,29.5,180,32,-41,0,-5,1.4,98.59,100.0
2026-06-05,1227,佳格,28.7,28.9,28.55,28.85,2950,588,41,-1,-25,6.14,93.85,100.0
2026-06-05,1229,聯華,42.55,42.6,41.85,42.0,4034,617,-1443,-16,-14,8.92,91.07,100.0
2026-06-05,1231,聯華食,86.9,89.4,86.9,89.0,668,94,140,-1,-4,2.83,97.16,100.0
2026-06-05,1232,大統益,148.0,150.0,148.0,149.5,160,28,-2,0,-1,2.54,97.45,100.0
2026-06-05,1233,天仁,27.95,28.0,27.7,27.7,19,0,2,0,-3,5.66,94.33,100.0
2026-06-05,1234,黑松,35.15,35.15,34.85,35.15,170,14,-52,0,16,4.73,95.26,100.0
2026-06-05,1235,興泰,41.45,41.5,38.3,38.7,15,7,-1,0,-2,0.27,99.72,100.0
2026-06-05,1236,宏亞,25.55,25.55,25.2,25.5,37,11,2,0,3,0.5,99.49,100.0
2026-06-05,1240,茂生農經,57.3,57.4,57.3,57.3,16,1,0,0,0,3.66,96.33,100.0
2026-06-05,1256,鮮活果汁-KY,203.5,203.5,180.0,181.0,470,131,-18,0,7,4.63,95.36,100.0
2026-06-05,1259,安心,57.8,58.6,57.5,58.6,5,1,-1,0,0,26.14,73.85,100.0
2026-06-05,1260,富味鄉,23.52,24.15,23.05,24.15,7,0,0,0,0,0.0,0.0,0.0
2026-06-05,1264,德麥,270.0,271.0,270.0,271.0,47,1,2,0,-15,1.69,98.3,100.0
2026-06-05,1268,漢來美食,170.5,171.0,169.0,170.5,19,0,4,0,0,1.67,98.32,100.0
2026-06-05,1269,乾杯,68.73,69.7,66.0,66.3,28,0,-1,0,0,0.0,0.0,0.0
2026-06-05,1271,晨暉生技,59.72,60.0,59.3,59.8,68,0,-5,0,0,0.0,0.0,0.0
2026-06-05,1293,利統,26.99,28.0,27.1,28.0,0,0,0,0,0,0.0,0.0,0.0
2026-06-05,1294,漢田生技,80.6,80.6,78.5,78.8,51,3,1,0,0,0.68,99.31,100.0
2026-06-05,1295,生合,47.6,50.0,47.6,50.0,56,20,17,0,2,2.29,97.7,100.0
2026-06-05,1301,台塑,51.0,51.0,48.6,48.9,27307,8151,-4794,-5,-231,30.84,69.15,100.0
2026-06-05,1303,南亞,109.0,109.0,100.5,104.5,53708,28185,3182,985,-998,34.5,65.49,100.0
2026-06-05,1304,台聚,13.55,13.75,13.1,13.4,5829,2153,919,0,-293,28.3,71.69,100.0
2026-06-05,1305,華夏,13.65,13.65,13.0,13.2,3788,1058,291,0,-116,4.49,95.5,100.0
2026-06-05,1307,三芳,34.45,34.95,33.5,34.3,2012,611,597,-24,31,7.29,92.7,100.0
2026-06-05,1308,亞聚,14.1,14.1,13.6,13.85,2369,811,0,0,0,4.23,95.76,100.0
2026-06-05,1309,台達化,16.95,17.25,16.15,16.35,5234,1946,-115,0,-9,2.77,97.22,100.0
2026-06-05,1310,台苯,9.18,9.18,8.8,8.95,6374,2040,619,0,0,4.81,95.18,100.0
2026-06-05,1312,國喬,14.2,14.45,13.35,14.4,29686,13955,494,0,-317,3.24,96.75,100.0
2026-06-05,1313,聯成,11.45,11.45,11.05,11.25,5532,1462,482,0,-61,5.37,94.62,100.0
2026-06-05,1314,中石化,8.26,8.37,8.03,8.09,49831,22418,1376,0,-103,9.1,90.89,100.0
2026-06-05,1315,達新,61.7,61.7,61.5,61.5,19,0,1,0,0,1.27,98.72,100.0
2026-06-05,1316,上曜,10.65,10.85,10.5,10.6,2172,794,212,0,-15,4.8,95.19,100.0
2026-06-05,1319,東陽,96.8,98.0,94.3,97.9,8960,3300,-1775,3603,-287,6.74,93.25,100.0
2026-06-05,1321,大洋,28.95,29.7,28.7,29.7,356,70,110,0,-28,6.88,93.11,100.0
2026-06-05,1323,永裕,20.35,20.35,19.8,20.15,104,28,-5,0,-13,1.27,98.72,100.0
2026-06-05,1324,地球,10.65,10.75,10.6,10.7,86,0,30,0,0,0.9,99.09,100.0
2026-06-05,1325,恆大,27.35,27.4,26.6,26.65,382,74,-149,0,0,1.36,98.63,100.0
2026-06-05,1326,台化,54.9,55.0,51.6,52.8,32740,11915,-1922,-4,-1203,37.9,62.09,100.0
2026-06-05,1336,台翰,14.6,14.6,14.2,14.35,136,13,-15,0,0,3.28,96.71,100.0
2026-06-05,1337,再生-KY,5.15,5.15,5.0,5.06,443,105,-99,0,0,25.92,74.07,100.0
2026-06-05,1338,廣華-KY,17.45,17.5,16.9,17.45,298,77,1,0,0,6.91,93.08,100.0
2026-06-05,1339,昭輝,43.8,43.8,43.0,43.5,171,23,-5,0,0,1.04,98.95,100.0
2026-06-05,1340,勝悅-KY,6.01,6.01,5.8,5.95,352,143,-24,0,0,26.35,73.64,100.0
2026-06-05,1341,富林-KY,63.5,63.5,63.0,63.5,5,0,-1,0,0,79.91,20.08,100.0
2026-06-05,1342,八貫,100.5,104.0,100.5,104.0,1384,340,272,0,-3,31.0,68.99,100.0
2026-06-05,1343,旭東環保,19.83,20.0,19.1,19.95,31,0,0,0,0,0.0,0.0,0.0
2026-06-05,1402,遠東新,27.75,28.1,27.2,27.55,71493,27712,-20648,26605,-554,16.97,83.02,100.0
2026-06-05,1409,新纖,26.1,27.1,24.6,26.15,44948,0,1209,-8,-826,14.27,85.72,100.0
2026-06-05,1410,南染,26.7,26.7,25.85,25.85,50,26,-3,0,0,18.95,81.04,100.0
2026-06-05,1413,宏洲,9.68,9.72,9.47,9.5,28,0,-1,0,0,0.42,99.57,100.0
2026-06-05,1414,東和,16.0,16.9,15.85,16.9,345,148,96,0,0,1.48,98.51,100.0
2026-06-05,1416,廣豐,11.85,11.85,11.65,11.7,414,35,-49,0,0,6.04,93.95,100.0
2026-06-05,1417,嘉裕,8.43,8.58,8.38,8.54,354,92,-30,0,0,1.03,98.96,100.0
2026-06-05,1418,東華,18.75,18.75,18.4,18.65,10,2,1,0,0,0.95,99.04,100.0
2026-06-05,1419,新紡,66.6,67.6,65.5,67.1,111,31,4,-1,-2,1.16,98.83,100.0
2026-06-05,1423,利華,43.9,44.0,43.75,43.75,60,2,14,0,3,1.31,98.68,100.0
2026-06-05,1432,大魯閣,17.15,17.4,17.1,17.2,561,80,51,0,0,0.52,99.47,100.0
2026-06-05,1434,福懋,16.9,16.9,16.3,16.6,2844,706,-142,-2,10,7.44,92.55,100.0
2026-06-05,1436,華友聯,46.35,46.35,45.7,45.7,260,55,12,-2,4,6.32,93.67,100.0
2026-06-05,1437,勤益控,29.1,29.25,29.0,29.15,55,5,-12,0,0,8.4,91.59,100.0
2026-06-05,1438,三地開發,20.3,21.1,20.25,20.6,161,14,39,0,0,0.58,99.41,100.0
2026-06-05,1439,雋揚,25.35,25.5,25.2,25.5,17,2,3,0,0,1.04,98.95,100.0
2026-06-05,1440,南紡,14.65,14.7,13.85,14.25,10042,3508,238,-3,-11,7.37,92.62,100.0
2026-06-05,1441,大東,9.6,9.6,9.48,9.5,52,0,0,0,0,1.39,98.6,100.0
2026-06-05,1442,名軒,27.8,28.25,27.3,27.3,811,187,196,0,3,8.71,91.28,100.0
2026-06-05,1443,立益,26.55,27.1,26.1,27.0,72,21,6,0,-5,0.32,99.67,100.0
2026-06-05,1443,立益物流,26.55,27.1,26.1,27.0,72,21,6,0,-5,0.32,99.67,100.0
2026-06-05,1444,力麗,7.15,7.15,6.7,6.85,4225,0,1446,0,1,5.36,94.63,100.0
2026-06-05,1445,大宇,11.6,11.7,11.6,11.65,56,1,-23,0,12,3.15,96.84,100.0
2026-06-05,1446,宏和,16.65,16.75,16.6,16.6,274,18,-42,0,0,6.31,93.68,100.0
2026-06-05,1447,力鵬,6.58,6.69,6.3,6.41,2679,0,480,0,11,3.24,96.75,100.0
2026-06-05,1449,佳和,13.65,13.85,13.4,13.55,872,215,-137,0,3,6.03,93.96,100.0
2026-06-05,1451,年興,16.8,16.85,16.7,16.8,115,3,-36,0,1,5.45,94.54,100.0
2026-06-05,1452,宏益,10.95,11.05,10.9,11.05,89,0,-24,0,0,1.95,98.04,100.0
2026-06-05,1453,大將,11.45,11.5,11.2,11.4,51,3,7,0,1,0.62,99.37,100.0
2026-06-05,1454,台富,13.05,13.1,12.85,13.05,33,1,-7,0,-3,0.43,99.56,100.0
2026-06-05,1455,集盛,9.35,9.35,9.03,9.1,1222,497,-231,0,-13,2.6,97.39,100.0
2026-06-05,1456,怡華,14.3,14.55,13.85,14.45,217,96,-3,0,-4,0.54,99.45,100.0
2026-06-05,1457,宜進,15.75,15.8,15.05,15.5,1087,270,-456,0,-5,1.72,98.27,100.0
2026-06-05,1459,聯發,11.9,11.9,11.7,11.75,202,5,7,0,0,1.73,98.26,100.0
2026-06-05,1460,宏遠,7.54,7.54,7.3,7.42,931,0,-25,0,0,2.07,97.92,100.0
2026-06-05,1463,強盛新,17.85,17.95,17.6,17.7,75,4,-21,0,-1,11.48,88.51,100.0
2026-06-05,1464,得力,10.75,10.85,10.55,10.6,736,153,-124,0,0,1.96,98.03,100.0
2026-06-05,1465,偉全,12.5,12.5,12.25,12.45,218,33,6,0,3,0.5,99.49,100.0
2026-06-05,1466,聚隆,14.4,14.5,13.95,14.5,169,77,-42,0,-1,0.66,99.33,100.0
2026-06-05,1467,南緯,7.71,7.8,7.52,7.71,255,39,-42,0,-19,19.17,80.82,100.0
2026-06-05,1468,昶和,12.0,12.1,11.8,12.05,64,0,0,0,-4,2.07,97.92,100.0
2026-06-05,1470,大統新創,22.4,22.4,22.4,22.4,21,0,0,0,0,0.3,99.69,100.0
2026-06-05,1471,首利,11.8,11.8,11.3,11.45,907,0,148,0,-2,1.15,98.84,100.0
2026-06-05,1472,三洋實業,89.9,90.5,89.9,90.1,168,0,1,0,0,0.9,99.09,100.0
2026-06-05,1473,台南,21.5,21.5,21.2,21.3,89,0,10,0,4,5.28,94.71,100.0
2026-06-05,1474,弘裕,10.2,10.95,10.2,10.55,387,63,72,0,1,0.61,99.38,100.0
2026-06-05,1475,業旺,25.55,26.2,25.5,25.95,25,6,5,0,0,0.48,99.51,100.0
2026-06-05,1476,儒鴻,359.5,364.0,353.0,355.5,1395,340,-493,-4,-41,30.29,69.7,100.0
2026-06-05,1477,聚陽,233.0,234.0,226.5,228.0,2479,677,-399,0,-24,15.84,84.15,100.0
2026-06-05,1480,東盟開發,9.36,0.0,0.0,0.0,0,0,0,0,0,0.0,0.0,0.0
2026-06-05,1503,士電,268.0,269.5,241.5,241.5,27220,9565,770,0,-232,30.84,69.15,100.0
2026-06-05,1504,東元,85.6,86.1,78.3,78.4,102441,38817,-9542,15,-1987,7.92,92.07,100.0
2026-06-05,1506,正道,10.45,10.65,10.2,10.2,520,0,40,0,-10,0.63,99.36,100.0
2026-06-05,1512,瑞利,7.29,7.58,7.07,7.08,160,0,-19,0,-6,5.39,94.6,100.0
2026-06-05,1513,中興電,187.0,187.5,169.0,170.5,40328,16592,1147,-10,-690,12.34,87.65,100.0
2026-06-05,1514,亞力,145.5,145.5,135.0,135.0,13749,3000,-2274,0,-748,15.64,84.35,100.0
2026-06-05,1515,力山,27.8,27.8,25.15,26.3,7961,3919,-660,0,-28,3.75,96.24,100.0
2026-06-05,1516,川飛,21.0,21.05,21.0,21.0,19,0,5,0,0,5.7,94.29,100.0
2026-06-05,1517,利奇,10.85,10.85,10.4,10.45,404,64,-105,0,-2,2.35,97.64,100.0
2026-06-05,1519,華城,914.0,921.0,841.0,851.0,7358,3980,-286,0,-180,19.87,80.12,100.0
2026-06-05,1521,大億,27.5,28.05,26.85,27.7,105,12,7,0,-4,33.01,66.98,100.0
2026-06-05,1522,堤維西,32.8,32.8,32.05,32.1,848,158,-59,-1,-4,2.36,97.63,100.0
2026-06-05,1524,耿鼎,32.5,32.95,32.0,32.3,1247,279,257,0,-3,1.72,98.27,100.0
2026-06-05,1525,江申,65.9,66.5,65.3,66.5,16,9,1,0,0,0.3,99.69,100.0
2026-06-05,1526,日馳,15.4,15.4,15.15,15.25,102,21,-5,0,0,2.8,97.19,100.0
2026-06-05,1527,鑽全,33.6,34.0,33.3,33.4,319,39,2,0,0,10.33,89.66,100.0
2026-06-05,1528,恩德,29.0,29.6,27.5,27.8,8150,4038,-535,0,-2,3.89,96.1,100.0
2026-06-05,1529,樂事綠能,24.05,24.15,22.7,23.05,1374,360,281,0,-15,1.31,98.68,100.0
2026-06-05,1530,亞崴,33.2,33.2,32.05,32.05,237,27,25,0,0,0.63,99.36,100.0
2026-06-05,1531,高林股,13.15,13.25,12.8,13.15,604,143,-59,0,4,1.59,98.4,100.0
2026-06-05,1532,勤美,22.2,22.45,22.1,22.4,952,144,103,-1,-1,7.15,92.84,100.0
2026-06-05,1533,車王電,38.35,41.0,38.0,39.9,1040,254,292,0,-8,6.91,93.08,100.0
2026-06-05,1535,中宇,52.1,52.9,50.8,51.1,189,48,-51,0,-2,1.14,98.85,100.0
2026-06-05,1536,和大,50.8,51.8,50.1,50.5,2336,835,-264,0,22,5.43,94.56,100.0
2026-06-05,1537,廣隆,128.5,130.0,127.5,128.5,153,27,-6,0,-1,15.8,84.19,100.0
2026-06-05,1538,正峰,12.0,12.0,12.0,12.0,2,0,0,0,0,0.06,99.93,100.0
2026-06-05,1539,巨庭,16.6,16.6,16.35,16.35,114,4,-45,0,-4,0.89,99.1,100.0
2026-06-05,1540,喬福,23.3,23.65,22.5,22.6,799,326,-2,0,0,2.4,97.59,100.0
2026-06-05,1541,錩泰,22.0,23.0,21.65,22.35,78,42,-2,0,0,9.86,90.13,100.0
2026-06-05,1558,伸興,91.6,91.8,91.2,91.8,45,3,9,0,-1,6.7,93.29,100.0
2026-06-05,1560,中砂,715.0,715.0,694.0,698.0,1136,472,22,1,-25,38.52,61.47,100.0
2026-06-05,1563,巧新,66.0,66.0,63.4,65.3,905,0,145,0,37,4.79,95.2,100.0
2026-06-05,1565,精華,96.2,96.7,95.5,95.6,137,31,-23,0,0,6.21,93.78,100.0
2026-06-05,1568,倉佑,40.6,44.7,40.6,43.8,548,0,35,0,0,2.37,97.62,100.0
2026-06-05,1569,濱川,52.3,52.3,50.2,51.1,678,190,-13,0,-20,5.7,94.29,100.0
2026-06-05,1570,力肯,50.2,50.9,48.5,48.65,571,160,78,0,0,3.04,96.95,100.0
2026-06-05,1580,新麥,127.0,128.0,125.5,127.0,70,13,0,0,0,5.27,94.72,100.0
2026-06-05,1582,信錦,107.0,110.5,102.0,103.5,4744,1960,392,-750,-152,5.06,94.93,100.0
2026-06-05,1583,程泰,55.9,56.2,54.3,55.2,41,13,-4,0,3,0.37,99.62,100.0
2026-06-05,1584,精剛,20.2,20.3,20.0,20.0,725,65,-171,0,27,5.16,94.83,100.0
2026-06-05,1586,和勤,21.7,21.7,21.4,21.45,130,41,-37,0,0,0.98,98.98,100.0
2026-06-05,1587,吉茂,29.9,31.3,29.7,30.3,750,263,15,0,0,20.17,79.82,100.0
2026-06-05,1590,亞德客-KY,1280.0,1330.0,1260.0,1320.0,469,158,7,-1,-1,80.06,19.93,100.0
2026-06-05,1591,駿吉-KY,41.95,41.95,38.25,41.0,184,0,52,0,0,4.89,95.1,100.0
2026-06-05,1593,祺驊,31.55,32.05,31.5,32.05,9,0,-1,0,0,6.01,93.98,100.0
2026-06-05,1594,日高,10.19,10.5,9.6,10.1,22,0,-3,0,0,0.0,0.0,0.0
2026-06-05,1595,川寶,77.1,78.0,73.7,76.0,848,340,-46,0,0,3.95,96.04,100.0
2026-06-05,1597,直得,169.5,174.0,165.0,167.5,2756,1265,393,0,-5,4.54,95.45,100.0
2026-06-05,1598,岱宇,20.95,21.45,20.95,21.3,637,152,208,0,-3,2.12,97.87,100.0
2026-06-05,1599,宏佳騰,24.0,24.2,23.75,24.15,44,2,3,0,0,7.34,92.65,100.0
2026-06-05,1603,華電,33.75,33.8,32.75,32.9,678,126,-212,0,16,2.0,97.99,100.0
2026-06-05,1604,聲寶,23.7,23.7,23.5,23.5,231,37,37,0,-5,7.54,92.45,100.0
2026-06-05,1605,華新,41.3,41.3,38.25,39.55,70754,33263,-4009,134,-2480,15.8,84.19,100.0
2026-06-05,1608,華榮,38.05,38.7,35.45,36.1,14595,4704,102,-31,-301,4.16,95.83,100.0
2026-06-05,1609,大亞,42.35,42.7,38.9,39.1,23436,7636,616,-1,-453,11.72,88.27,100.0
2026-06-05,1611,中電,15.0,15.0,13.5,14.1,10935,4172,233,0,-32,10.4,89.59,100.0
2026-06-05,1612,宏泰,40.15,40.15,38.9,39.5,3772,1057,640,-22,56,18.55,81.44,100.0
2026-06-05,1614,三洋電,33.25,33.3,32.9,32.95,44,7,-18,0,-1,2.27,97.72,100.0
2026-06-05,1615,大山,46.55,46.55,45.5,45.65,279,65,-2,0,0,0.93,99.06,100.0
2026-06-05,1616,億泰,24.3,24.35,23.0,23.25,2317,810,-435,0,16,1.64,98.35,100.0
2026-06-05,1617,榮星,16.6,16.8,16.2,16.7,394,104,23,0,2,19.35,80.64,100.0
2026-06-05,1618,合機,44.2,44.2,41.85,42.0,2144,584,-84,0,-20,1.12,98.87,100.0
2026-06-05,1623,大東電,239.0,239.0,226.0,229.0,362,0,-92,0,-5,0.46,99.53,100.0
2026-06-05,1626,艾美特-KY,10.0,10.15,9.99,10.05,251,21,31,0,0,43.78,56.21,100.0
2026-06-05,1702,南僑,31.15,31.4,31.1,31.4,368,51,85,0,-4,7.87,92.12,100.0
2026-06-05,1707,葡萄王,102.0,102.5,101.0,101.5,294,44,-91,0,-1,13.96,86.03,100.0
2026-06-05,1708,東鹼,47.0,49.95,46.6,49.1,42986,25539,3108,0,71,17.42,82.57,100.0
2026-06-05,1709,和益,20.45,20.5,20.0,20.2,1375,314,306,0,-19,4.1,95.89,100.0
2026-06-05,1710,東聯,15.6,16.0,14.9,15.7,18116,9633,786,0,999,5.71,94.28,100.0
2026-06-05,1711,永光,48.05,48.05,44.75,47.45,12252,6712,54,0,-108,4.68,95.31,100.0
2026-06-05,1712,興農,39.6,39.6,39.3,39.3,995,99,-438,-1,-45,14.01,85.98,100.0
2026-06-05,1713,國化,49.8,49.8,49.05,49.55,232,35,57,0,4,1.39,98.6,100.0
2026-06-05,1714,和桐,12.1,12.15,10.9,11.5,64868,28808,-813,0,-100,22.49,77.5,100.0
2026-06-05,1717,長興,75.3,78.2,72.1,77.4,22850,10003,-4149,-1,142,10.79,89.2,100.0
2026-06-05,1718,中纖,9.89,10.2,8.72,9.85,205424,94762,15061,0,-1441,6.42,93.57,100.0
2026-06-05,1720,生達,63.1,63.6,62.8,63.1,496,60,11,0,-12,5.07,94.92,100.0
2026-06-05,1721,三晃,27.5,28.0,26.25,26.8,2274,0,-94,0,0,1.56,98.43,100.0
2026-06-05,1722,台肥,48.6,48.65,47.6,48.25,5612,898,1750,-8,-15,8.0,91.99,100.0
2026-06-05,1723,中碳,86.0,87.0,84.8,85.3,928,259,67,17,-5,8.21,91.78,100.0
2026-06-05,1725,元禎,33.2,33.55,31.9,33.55,175,76,42,0,-9,0.46,99.53,100.0
2026-06-05,1726,永記,79.9,79.9,78.9,79.1,70,5,-14,0,0,12.86,87.13,100.0
2026-06-05,1727,中華化,91.0,95.8,89.8,93.0,6545,3968,150,0,-2,2.87,97.12,100.0
2026-06-05,1730,花仙子,53.0,53.0,52.8,52.8,59,0,-12,0,0,6.7,93.29,100.0
2026-06-05,1731,美吾華,21.8,21.8,21.6,21.7,116,12,-24,0,0,1.0,98.99,100.0
2026-06-05,1732,毛寶,27.0,27.5,26.35,26.5,307,58,-96,0,0,2.37,97.62,100.0
2026-06-05,1733,五鼎,31.2,31.35,30.65,30.8,357,40,-26,0,-2,3.42,96.57,100.0
2026-06-05,1734,杏輝,31.45,31.55,31.25,31.45,445,51,70,0,0,5.06,94.93,100.0
2026-06-05,1735,日勝化,26.1,26.1,24.45,25.25,438,145,40,0,-4,51.05,48.94,100.0
2026-06-05,1736,喬山,111.5,111.5,108.5,110.5,528,177,-30,-11,-4,4.51,95.48,100.0
2026-06-05,1737,臺鹽,31.8,31.8,31.6,31.75,115,4,57,0,0,8.59,91.4,100.0
2026-06-05,1742,台蠟,17.2,17.2,16.05,16.1,106,43,-2,0,0,0.21,99.78,100.0
2026-06-05,1752,南光,34.0,35.0,33.6,33.7,128,24,-27,0,2,1.69,98.3,100.0
2026-06-05,1760,寶齡富錦,61.7,61.9,60.8,61.3,262,31,-19,0,-3,11.05,88.94,100.0
2026-06-05,1762,中化生,41.6,44.75,41.6,42.3,3849,2134,-13,0,11,2.93,97.06,100.0
2026-06-05,1773,勝一,178.0,178.5,174.0,175.0,786,188,-209,-1,-4,7.62,92.37,100.0
2026-06-05,1776,展宇,18.75,18.75,18.3,18.5,169,37,8,0,-4,1.03,98.96,100.0
2026-06-05,1777,生泰,72.0,72.3,71.7,71.9,37,1,-1,0,0,0.96,99.03,100.0
2026-06-05,1780,立弘,32.63,32.5,31.6,32.2,104,0,-2,0,0,0.0,0.0,0.0
2026-06-05,1781,合世,12.0,12.1,11.9,11.95,55,0,-7,0,0,0.64,99.35,100.0
2026-06-05,1783,和康生,39.8,40.8,39.5,40.0,215,52,1,0,-2,7.15,92.84,100.0
2026-06-05,1784,訊聯,68.0,68.6,66.5,67.2,193,49,-43,0,-1,3.67,96.32,100.0
2026-06-05,1785,光洋科,137.0,140.0,132.5,136.5,12157,4153,1781,0,-65,12.84,87.15,100.0
2026-06-05,1786,科妍,55.7,56.0,54.7,55.1,207,77,-12,0,1,1.65,98.34,100.0
2026-06-05,1788,杏昌,134.0,135.0,134.0,135.0,50,0,20,0,0,11.12,88.87,100.0
2026-06-05,1789,神隆,20.5,20.55,20.05,20.1,804,103,353,0,-10,1.7,98.29,100.0
2026-06-05,1795,美時,202.0,206.0,197.0,198.5,2539,972,-606,0,-56,52.26,47.73,100.0
2026-06-05,1796,金穎生技,36.5,36.5,36.2,36.4,5,0,0,0,0,0.79,99.2,100.0
2026-06-05,1799,易威,34.4,35.1,33.95,34.0,75,0,-24,0,0,11.83,88.16,100.0
2026-06-05,1802,台玻,68.5,68.5,65.0,67.6,54773,28282,-8980,-3,-1784,4.54,95.45,100.0
2026-06-05,1805,寶徠,10.9,11.6,10.9,11.05,1110,190,-478,0,-3,0.45,99.54,100.0
2026-06-05,1806,冠軍,8.33,8.33,8.12,8.2,602,40,-56,0,-3,9.6,90.39,100.0
2026-06-05,1808,潤隆,31.7,32.15,31.1,31.6,1628,402,347,0,0,4.12,95.87,100.0
2026-06-05,1809,中釉,57.9,61.2,56.5,59.6,25658,17054,-1303,0,0,3.97,96.02,100.0
2026-06-05,1810,和成,22.1,22.6,21.85,22.6,23846,9234,-1153,-15,67,3.6,96.39,100.0
2026-06-05,1813,寶利徠,12.2,12.2,12.15,12.15,38,0,-10,0,0,9.44,90.55,100.0
2026-06-05,1815,富喬,104.0,104.0,98.6,102.0,15676,5927,-1442,0,-448,7.37,92.62,100.0
2026-06-05,1817,凱撒衛,39.5,39.85,39.5,39.6,13,0,-1,0,0,1.67,98.32,100.0
2026-06-05,1903,士紙,50.3,50.3,48.8,48.9,304,63,-107,0,-3,10.72,89.27,100.0
2026-06-05,1904,正隆,21.9,22.9,20.8,21.9,17508,7920,1371,-2,49,9.63,90.36,100.0
2026-06-05,1905,華紙,13.4,13.55,12.65,13.05,17669,6445,-1372,0,116,1.93,98.06,100.0
2026-06-05,1906,寶隆,12.55,12.55,12.55,12.55,1001,0,33,0,12,0.54,99.45,100.0
2026-06-05,1907,永豐餘,26.45,26.65,25.5,26.05,3605,1014,234,-12,-34,12.18,87.81,100.0
2026-06-05,1909,榮成,9.75,9.87,9.55,9.74,7808,2475,2448,0,-63,7.88,92.11,100.0
2026-06-05,2002,中鋼,19.35,19.4,19.1,19.3,52447,13305,5924,282,394,12.45,87.54,100.0
2026-06-05,2006,東和鋼鐵,67.6,67.7,66.5,67.0,1611,347,-71,-54,-11,18.84,81.15,100.0
2026-06-05,2007,燁興,7.88,7.88,7.74,7.75,309,0,-84,0,0,0.76,99.23,100.0
2026-06-05,2008,高興昌,30.0,30.3,30.0,30.3,88,0,3,0,0,7.72,92.27,100.0
2026-06-05,2009,第一銅,42.95,43.0,41.35,42.0,6662,1789,-2165,0,-137,1.44,98.55,100.0
2026-06-05,2010,春源,24.05,24.35,23.95,24.25,1761,305,477,0,-7,8.9,91.09,100.0
2026-06-05,2012,春雨,14.65,14.7,14.55,14.6,43,4,-2,0,0,1.41,98.58,100.0
2026-06-05,2013,中鋼構,43.8,43.8,43.1,43.35,107,16,6,0,-1,7.13,92.86,100.0
2026-06-05,2014,中鴻,18.75,18.85,18.35,18.75,6357,1591,1639,0,-45,6.01,93.98,100.0
2026-06-05,2015,豐興,62.5,62.5,61.7,62.0,311,77,-141,0,-2,12.33,87.66,100.0
2026-06-05,2017,官田鋼,9.83,9.83,9.54,9.63,726,170,-93,0,-21,2.15,97.84,100.0
2026-06-05,2020,美亞,21.9,21.9,21.5,21.6,441,103,28,0,8,1.77,98.22,100.0
2026-06-05,2022,聚亨,8.05,8.05,7.88,8.02,949,237,76,0,-51,2.44,97.55,100.0
2026-06-05,2023,燁輝,13.9,14.05,13.75,13.95,1414,325,409,-3,-18,3.92,96.07,100.0
2026-06-05,2024,志聯,14.0,14.0,13.95,14.0,7,1,0,0,0,0.46,99.53,100.0
2026-06-05,2025,千興,12.35,13.4,12.3,13.4,2025,0,-33,0,0,0.84,99.15,100.0
2026-06-05,2027,大成鋼,44.5,44.5,43.35,43.8,22945,4764,10403,-8964,-424,20.18,79.81,100.0
2026-06-05,2028,威致,17.35,17.4,16.95,17.0,148,12,-30,0,-10,0.8,99.19,100.0
2026-06-05,2029,盛餘,20.75,21.0,20.7,20.9,302,36,170,0,-3,66.81,33.18,100.0
2026-06-05,2030,彰源,18.75,18.75,18.15,18.5,1187,381,206,0,-8,4.07,95.92,100.0
2026-06-05,2031,新光鋼,42.95,43.4,42.35,43.35,2247,431,605,-20,-3,8.59,91.4,100.0
2026-06-05,2032,新鋼,18.3,18.3,17.85,18.3,663,180,67,0,-7,3.81,96.18,100.0
2026-06-05,2033,佳大,15.65,15.7,15.4,15.6,132,52,-22,0,0,0.87,99.12,100.0
2026-06-05,2034,允強,20.45,20.5,20.0,20.5,1961,784,554,0,-4,3.95,96.04,100.0
2026-06-05,2035,唐榮,27.95,27.95,27.95,27.95,1,0,0,0,0,0.0,99.99,100.0
2026-06-05,2038,海光,14.35,14.5,14.0,14.1,579,102,-106,0,-3,1.84,98.15,100.0
2026-06-05,2049,上銀,351.0,355.0,340.5,345.0,7178,2740,-72,-2,-211,35.77,64.22,100.0
2026-06-05,2059,川湖,5250.0,5805.0,4945.0,5620.0,1330,604,-191,-6,14,24.21,75.78,100.0
2026-06-05,2061,風青,44.3,44.3,39.45,39.8,1051,0,42,0,0,5.08,94.91,100.0
2026-06-05,2062,橋椿,19.55,19.55,19.2,19.25,221,52,33,0,-2,7.32,92.67,100.0
2026-06-05,2063,世鎧,25.25,25.25,25.05,25.15,18,0,6,0,0,1.01,98.98,100.0
2026-06-05,2064,晉椿,14.9,15.3,14.45,14.65,33,8,0,0,0,0.07,99.92,100.0
2026-06-05,2065,世豐,34.8,35.0,34.2,34.3,80,11,-11,0,0,0.65,99.34,100.0
2026-06-05,2066,世德,58.5,59.0,57.3,59.0,105,11,9,0,0,9.45,90.54,100.0
2026-06-05,2067,嘉鋼,6.53,6.54,6.52,6.53,30,0,0,0,0,11.28,88.71,100.0
2026-06-05,2069,運錩,20.3,20.35,19.85,20.35,930,162,268,0,7,2.85,97.14,100.0
2026-06-05,2070,精湛,66.7,66.7,64.0,64.4,460,141,-58,0,0,1.19,98.8,100.0
2026-06-05,2071,震南鐵,20.2,20.5,20.0,20.0,40,0,0,0,0,0.0,0.0,0.0
2026-06-05,2072,世紀風電,204.0,207.0,190.5,195.0,1736,0,-167,106,-3,2.01,97.98,100.0
2026-06-05,2073,雄順,26.0,26.0,26.0,26.0,2,0,0,0,0,0.04,99.96,100.0
2026-06-05,2101,南港,32.3,32.4,31.75,31.9,1434,277,310,0,-24,5.61,94.38,100.0
2026-06-05,2102,泰豐,18.2,18.2,17.85,18.15,348,69,-50,0,1,2.8,97.19,100.0
2026-06-05,2103,台橡,22.25,22.25,20.9,21.7,7037,2547,634,0,-607,22.31,77.68,100.0
2026-06-05,2104,國際中橡,11.25,11.25,10.65,10.9,4102,1204,-58,0,-9,5.63,94.36,100.0
2026-06-05,2105,正新,34.5,34.9,33.2,34.1,39167,11288,-18263,15431,616,8.97,91.02,100.0
2026-06-05,2106,建大,18.4,18.4,17.85,18.05,1419,301,-445,-2,-52,8.46,91.53,100.0
2026-06-05,2107,厚生,25.9,26.1,25.85,26.0,246,15,24,0,0,6.1,93.89,100.0
2026-06-05,2108,南帝,32.2,32.7,30.85,32.15,13801,5834,-2527,0,-25,5.26,94.73,100.0
2026-06-05,2109,華豐,14.7,14.7,14.45,14.55,201,8,-43,0,0,15.15,84.84,100.0
2026-06-05,2114,鑫永銓,91.5,93.9,90.8,93.5,271,13,48,0,7,4.04,95.95,100.0
2026-06-05,2115,六暉-KY,21.9,22.15,21.9,22.0,87,3,6,0,0,44.23,55.76,100.0
2026-06-05,2201,裕隆,28.75,28.9,28.05,28.7,3257,1103,487,-11,-43,4.39,95.6,100.0
2026-06-05,2204,中華,56.4,56.8,55.4,56.6,2066,288,0,-19,-2,18.0,81.99,100.0
2026-06-05,2206,三陽工業,62.9,63.5,62.9,63.3,1501,162,494,-5,-6,6.02,93.97,100.0
2026-06-05,2207,和泰車,482.0,502.0,482.0,495.0,1145,253,-461,1,10,21.19,78.8,100.0
2026-06-05,2208,台船,18.15,18.4,17.9,18.35,4199,0,-1107,-3,2,7.79,92.2,100.0
2026-06-05,2211,長榮鋼,94.6,94.9,93.8,93.8,622,145,-88,-9,0,3.78,96.21,100.0
2026-06-05,2221,大甲,44.0,46.8,43.85,46.8,3323,1645,40,0,8,2.0,97.99,100.0
2026-06-05,2227,裕日車,50.0,50.1,49.95,49.95,38,0,-5,0,0,40.38,59.61,100.0
2026-06-05,2228,劍麟,85.5,87.0,85.0,86.3,240,58,21,0,-1,3.26,96.73,100.0
2026-06-05,2230,泰茂,28.75,28.85,28.0,28.25,265,79,7,0,2,2.7,97.29,100.0
2026-06-05,2231,為升,102.0,102.0,99.1,100.5,405,126,-6,0,-30,4.67,95.32,100.0
2026-06-05,2233,宇隆,319.0,323.0,306.0,311.0,1196,490,35,0,-5,6.58,93.41,100.0
2026-06-05,2235,謚源,30.0,30.45,30.0,30.45,12,0,0,0,0,0.03,99.96,100.0
2026-06-05,2236,百達-KY,136.0,140.0,135.0,140.0,298,88,69,0,0,52.26,47.73,100.0
2026-06-05,2237,華德動能,37.97,39.0,37.6,38.65,105,0,-2,0,0,0.0,0.0,0.0
2026-06-05,2239,英利-KY,25.05,25.05,24.2,24.35,95,52,4,0,-4,75.36,24.63,100.0
2026-06-05,2241,艾姆勒,32.5,35.4,31.85,35.4,3727,785,890,0,1,8.88,91.11,100.0
2026-06-05,2243,宏旭-KY,27.55,29.1,27.55,28.05,1848,741,-229,0,-8,28.8,71.19,100.0
2026-06-05,2245,詠勝昌*,27.29,28.05,26.8,28.05,4,0,0,0,0,0.0,0.0,0.0
2026-06-05,2247,汎德永業,235.0,235.0,228.0,231.5,142,52,-21,0,0,3.75,96.24,100.0
2026-06-05,2248,華勝-KY,57.6,58.0,57.1,57.5,61,11,0,0,0,50.27,49.72,100.0
2026-06-05,2249,湧盛,122.84,122.5,119.0,121.5,44,0,0,0,0,0.0,0.0,0.0
2026-06-05,2250,IKKA-KY,66.1,66.5,63.8,64.5,111,28,-17,0,0,7.07,92.91,100.0
2026-06-05,2252,為昇科,16.13,16.1,15.3,15.9,90,0,0,0,0,0.0,0.0,0.0
2026-06-05,2254,巨鎧精密-創,64.5,64.6,64.5,64.5,34,0,-3,0,-26,23.84,76.15,100.0
2026-06-05,2255,凱銳光電,18.76,18.4,18.0,18.25,78,0,0,0,0,0.0,0.0,0.0
2026-06-05,2256,歐特明,75.56,82.1,74.1,80.9,254,0,7,0,0,0.0,0.0,0.0
2026-06-05,2258,鴻華先進-創,32.3,32.3,31.25,31.3,828,187,-121,0,-35,0.33,99.66,100.0
2026-06-05,2301,光寶科,247.0,249.0,229.5,230.0,45960,14341,650,71,-440,40.63,59.36,100.0
2026-06-05,2302,麗正,35.0,35.0,31.7,33.8,1579,0,240,0,24,2.78,97.21,100.0
2026-06-05,2303,聯電,127.0,133.0,125.0,131.5,377903,192366,79930,-75575,8778,39.48,60.51,100.0
2026-06-05,2305,全友,22.35,22.9,21.35,22.5,3673,1601,662,0,-38,6.06,93.93,100.0
2026-06-05,2308,台達電,2380.0,2380.0,2275.0,2300.0,12283,3402,-2360,-66,54,64.29,35.7,100.0
2026-06-05,2312,金寶,40.0,40.7,37.5,39.3,67007,33463,10036,-11,-1244,10.65,89.34,100.0
2026-06-05,2313,華通,267.0,272.0,251.0,259.0,64234,39603,-11629,46,-311,21.26,78.73,100.0
2026-06-05,2314,台揚,16.65,16.65,15.2,15.8,336,0,5,0,0,1.61,98.38,100.0
2026-06-05,2316,楠梓電,162.0,171.0,161.5,167.0,10573,6651,862,0,39,34.13,65.86,100.0
2026-06-05,2317,鴻海,290.5,292.5,278.0,284.5,93158,35014,-3318,262,-2323,41.54,58.45,100.0
2026-06-05,2321,東訊,14.0,14.0,13.8,13.8,12,0,0,0,0,0.01,99.98,100.0
2026-06-05,2323,中環,12.2,12.35,11.65,11.9,21135,9829,-3126,0,-842,10.9,89.09,100.0
2026-06-05,2324,仁寶,40.7,41.8,39.1,41.4,194674,94655,-995,49,233,38.31,61.68,100.0
2026-06-05,2327,國巨*,708.0,778.0,670.0,769.0,29037,0,-1818,797,-1,50.78,49.21,100.0
2026-06-05,2328,廣宇,57.0,57.5,54.6,56.0,11752,4850,-137,0,-683,8.64,91.35,100.0
2026-06-05,2329,華泰,57.7,57.7,54.5,56.3,9960,4068,-1768,0,-663,10.68,89.31,100.0
2026-06-05,2330,台積電,2395.0,2405.0,2350.0,2365.0,43403,5712,-17839,2900,516,70.22,29.77,100.0
2026-06-05,2331,精英,23.1,23.15,22.25,22.7,3920,1013,260,-11,-109,5.73,94.26,100.0
2026-06-05,2332,友訊,16.5,16.65,16.05,16.3,4136,1555,-224,0,-78,11.92,88.07,100.0
2026-06-05,2337,旺宏,148.0,150.0,141.0,150.0,54586,0,-1237,-89,-2826,30.35,69.64,100.0
2026-06-05,2338,光罩,52.5,53.4,50.0,51.4,4843,1708,-283,0,-302,5.43,94.56,100.0
2026-06-05,2340,台亞,37.1,37.1,34.7,35.65,4443,2003,-1013,0,-132,9.02,90.97,100.0
2026-06-05,2342,茂矽,43.05,43.3,40.0,41.4,8124,4027,-2335,0,-1,7.06,92.93,100.0
2026-06-05,2344,華邦電,169.0,172.5,162.0,162.0,228440,78467,-33721,-9513,-1694,22.87,77.12,100.0
2026-06-05,2345,智邦,2460.0,2545.0,2430.0,2490.0,2517,1012,-229,190,-101,58.25,41.74,100.0
2026-06-05,2347,聯強,89.7,91.0,88.0,88.3,15802,4407,-9462,8417,632,31.12,68.87,100.0
2026-06-05,2348,海悅,73.7,73.7,72.1,72.4,537,112,6,0,-7,0.83,99.16,100.0
2026-06-05,2349,錸德,14.35,14.9,13.75,14.0,14444,0,1905,0,2,15.21,84.78,100.0
2026-06-05,2351,順德,201.5,207.5,196.0,200.5,5867,2770,-147,4,-21,14.43,85.56,100.0
2026-06-05,2352,佳世達,33.5,33.65,30.9,31.1,26702,7898,-4857,82,-371,9.97,90.02,100.0
2026-06-05,2353,宏碁,38.1,38.7,37.05,38.4,87069,34355,7797,2060,-19,10.11,89.88,100.0
2026-06-05,2354,鴻準,61.6,62.0,59.7,60.6,11897,3097,-2777,0,-391,10.82,89.17,100.0
2026-06-05,2355,敬鵬,55.9,57.3,53.8,55.4,13645,5241,97,0,-255,14.53,85.46,100.0
2026-06-05,2356,英業達,76.5,79.2,73.2,76.8,113333,71271,9677,-96,-1218,17.59,82.4,100.0
2026-06-05,2357,華碩,910.0,927.0,875.0,900.0,7938,3352,-400,-534,-10,34.26,65.73,100.0
2026-06-05,2359,所羅門,143.0,153.0,141.5,142.0,15353,9686,-408,0,254,3.21,96.78,100.0
2026-06-05,2360,致茂,2645.0,2660.0,2470.0,2565.0,2347,812,58,159,-2,58.26,41.73,100.0
2026-06-05,2362,藍天,47.8,47.8,46.1,46.95,2141,561,308,0,-15,10.23,89.76,100.0
2026-06-05,2363,矽統,62.6,64.0,61.3,62.5,9558,4381,555,0,-60,8.45,91.54,100.0
2026-06-05,2364,倫飛,80.8,80.8,74.6,76.1,1062,320,-187,0,4,15.06,84.93,100.0
2026-06-05,2365,昆盈,36.2,38.0,35.7,36.0,6314,2817,-2286,0,0,2.51,97.48,100.0
2026-06-05,2367,燿華,61.5,64.9,61.1,63.1,35579,24203,-2697,0,-1396,5.58,94.41,100.0
2026-06-05,2368,金像電,1290.0,1350.0,1270.0,1315.0,5359,2399,305,-186,20,26.73,73.26,100.0
2026-06-05,2369,菱生,35.15,35.2,33.3,34.9,10572,4311,227,0,84,18.94,81.05,100.0
2026-06-05,2371,大同,32.0,32.2,30.2,30.3,29509,8673,-5322,104,-461,6.88,93.11,100.0
2026-06-05,2373,震旦行,59.0,59.0,58.3,58.3,26,2,-11,0,0,0.87,99.12,100.0
2026-06-05,2374,佳能,80.9,83.3,79.5,79.7,15546,8723,-3399,-1,-101,4.69,95.3,100.0
2026-06-05,2375,凱美,142.5,156.0,132.0,156.0,3597,0,676,0,1,13.93,86.06,100.0
2026-06-05,2376,技嘉,370.0,375.0,358.5,369.0,17414,6728,5346,-768,-126,23.64,76.35,100.0
2026-06-05,2377,微星,138.5,142.5,135.5,141.5,30129,14937,-643,22,-205,13.2,86.79,100.0
2026-06-05,2379,瑞昱,629.0,660.0,605.0,643.0,8952,2232,-2833,2817,10,49.96,50.03,100.0
2026-06-05,2380,虹光,5.94,5.94,5.7,5.7,262,0,11,0,0,0.27,99.72,100.0
2026-06-05,2382,廣達,392.5,395.5,375.0,390.5,69275,25733,-21411,19824,90,21.75,78.24,100.0
2026-06-05,2383,台光電,4780.0,5025.0,4545.0,4885.0,2909,1508,18,105,-18,43.5,56.49,100.0
2026-06-05,2385,群光,144.0,146.5,141.5,143.0,6144,1497,-1041,310,58,18.51,81.48,100.0
2026-06-05,2387,精元,42.3,42.5,41.6,42.45,662,180,110,0,10,10.14,89.85,100.0
2026-06-05,2388,威盛,73.4,74.0,68.3,68.9,10466,3938,-1731,0,-646,13.1,86.89,100.0
2026-06-05,2390,云辰,13.0,13.05,12.05,12.1,2848,876,107,0,-1,3.54,96.45,100.0
2026-06-05,2392,正崴,41.7,41.8,40.35,40.7,2462,651,86,-1,-12,7.18,92.81,100.0
2026-06-05,2393,億光,67.0,67.4,65.0,66.0,2955,605,298,-31,85,28.97,71.02,100.0
2026-06-05,2395,研華,511.0,515.0,493.0,496.0,5250,1465,-884,5,-46,35.33,64.66,100.0
2026-06-05,2397,友通,65.3,65.3,63.2,64.1,991,281,-43,0,-2,12.58,87.41,100.0
2026-06-05,2399,映泰,49.2,49.7,47.4,48.75,5732,2633,135,0,-1,8.98,91.01,100.0
2026-06-05,2401,凌陽,28.0,28.15,26.7,27.45,6301,1882,637,0,-424,13.59,86.4,100.0
2026-06-05,2402,毅嘉,68.9,69.0,65.6,66.3,7255,2110,-2020,0,-391,5.5,93.88,100.0
2026-06-05,2404,漢唐,1210.0,1280.0,1190.0,1205.0,6169,2524,1627,-824,-93,35.15,64.84,100.0
2026-06-05,2405,輔信,20.05,21.2,19.95,20.5,15464,7285,-1881,0,-6,4.24,95.75,100.0
2026-06-05,2406,國碩,37.8,38.75,34.65,34.65,26786,6368,-12530,0,-6,16.82,83.17,100.0
2026-06-05,2408,南亞科,370.0,374.0,355.5,360.0,121599,52046,-11331,-331,-1013,14.46,85.53,100.0
2026-06-05,2409,友達,28.0,28.4,26.35,27.1,607774,372796,-34521,24,-2207,12.16,87.83,100.0
2026-06-05,2412,中華電,141.0,142.0,140.0,141.0,11585,2782,-5149,198,980,16.9,32.09,49.0
2026-06-05,2413,環科,51.6,52.1,50.2,51.1,1779,507,367,0,0,3.84,96.15,100.0
2026-06-05,2414,精技,53.9,54.0,52.3,52.8,624,109,44,0,2,5.67,94.32,100.0
2026-06-05,2415,錩新,27.65,28.0,27.25,27.7,185,38,-51,0,-5,21.05,78.94,100.0
2026-06-05,2417,圓剛,48.4,49.45,47.65,48.8,1826,815,-14,0,0,3.0,96.99,100.0
2026-06-05,2419,仲琦,31.6,31.6,30.05,30.45,2015,619,0,0,-49,1.59,98.4,100.0
2026-06-05,2420,新巨,65.3,65.4,64.2,65.2,591,118,69,0,-1,8.13,91.86,100.0
2026-06-05,2421,建準,168.0,170.0,161.0,161.5,5382,996,-490,-5,-273,30.41,69.58,100.0
2026-06-05,2423,固緯,80.6,80.6,75.6,76.1,283,68,34,0,4,5.02,94.97,100.0
2026-06-05,2424,隴華,13.2,13.2,12.55,12.75,90,0,13,0,0,0.55,48.44,49.0
2026-06-05,2425,承啟,35.75,35.75,34.3,35.45,586,187,114,0,-3,10.48,89.51,100.0
2026-06-05,2426,鼎元,72.1,72.5,65.5,68.8,13575,5749,1128,0,497,5.91,94.08,100.0
2026-06-05,2427,三商電,23.75,24.4,23.6,23.65,1998,692,-142,0,-4,2.9,97.09,100.0
2026-06-05,2428,興勤,263.0,287.0,257.0,283.0,3351,1643,-485,0,66,19.01,80.98,100.0
2026-06-05,2429,銘旺科,45.3,45.4,43.7,44.7,270,0,-4,0,0,0.69,99.3,100.0
2026-06-05,2430,燦坤,19.05,19.15,18.75,18.9,128,14,-49,0,-2,2.78,97.21,100.0
2026-06-05,2431,聯昌,11.25,11.35,10.75,11.05,578,0,-87,0,0,1.66,98.33,100.0
2026-06-05,2432,倚天,28.8,29.3,28.3,28.5,188,32,19,0,-6,0.69,99.3,100.0
2026-06-05,2432,倚天酷碁-創,28.8,29.3,28.3,28.5,188,32,19,0,-6,0.69,99.3,100.0
2026-06-05,2433,互盛電,45.2,45.2,44.25,44.3,37,4,-3,0,-2,0.95,99.04,100.0
2026-06-05,2434,統懋,36.6,36.6,34.2,35.2,66,11,3,0,0,1.02,98.97,100.0
2026-06-05,2436,偉詮電,71.6,71.6,68.6,71.4,4215,1513,-339,0,-93,10.39,89.6,100.0
2026-06-05,2438,翔耀,25.55,25.55,24.1,24.15,463,0,26,0,0,1.17,98.82,100.0
2026-06-05,2439,美律,92.0,92.4,90.9,91.9,2164,410,502,-6,-51,13.01,86.98,100.0
2026-06-05,2440,太空梭,22.55,22.55,18.45,18.45,12956,7659,-787,0,-39,2.16,97.83,100.0
2026-06-05,2441,超豐,135.0,135.0,128.5,131.5,7320,2507,271,-363,-271,10.16,89.83,100.0
2026-06-05,2442,新美齊,19.85,20.05,19.5,19.9,4321,839,218,0,5,1.96,98.03,100.0
2026-06-05,2444,兆勁,13.5,13.75,13.15,13.5,921,0,215,0,0,4.24,95.75,100.0
2026-06-05,2449,京元電子,317.5,317.5,300.5,309.5,28827,11220,-6618,-412,-506,30.92,69.07,100.0
2026-06-05,2450,神腦,31.0,31.2,30.6,30.9,342,87,25,0,-10,1.32,98.67,100.0
2026-06-05,2451,創見,349.0,349.0,321.5,321.5,10889,2220,-5063,-1152,-107,12.43,87.56,100.0
2026-06-05,2453,凌群,60.8,61.2,59.9,60.5,862,241,101,0,0,5.3,94.69,100.0
2026-06-05,2454,聯發科,4360.0,4430.0,4130.0,4300.0,11919,4761,414,-108,-357,56.28,43.71,100.0
2026-06-05,2455,全新,390.0,399.0,374.0,399.0,2141,0,552,-237,-184,27.02,72.97,100.0
2026-06-05,2457,飛宏,31.25,31.5,28.85,30.15,29528,14639,-3047,0,401,6.47,93.52,100.0
2026-06-05,2458,義隆,161.5,163.0,157.0,158.5,2441,654,-8,-15,-36,23.85,76.14,100.0
2026-06-05,2459,敦吉,69.5,70.0,68.9,69.3,193,39,-51,0,3,16.5,83.49,100.0
2026-06-05,2460,建通,33.5,33.85,31.55,32.15,851,0,-74,0,-1,0.86,99.13,100.0
2026-06-05,2461,光群雷,18.0,19.5,18.0,19.5,9408,2267,1802,0,10,7.42,92.57,100.0
2026-06-05,2462,良得電,25.45,26.0,24.35,24.95,2635,975,-158,0,-7,1.58,98.41,100.0
2026-06-05,2464,盟立,170.5,173.5,161.0,165.0,14881,8695,-500,0,-80,11.31,88.68,100.0
2026-06-05,2465,麗臺,85.1,85.9,81.6,83.3,1252,559,-98,0,-8,4.25,95.74,100.0
2026-06-05,2466,冠西電,45.05,45.15,44.0,44.6,251,40,-5,0,0,10.49,89.5,100.0
2026-06-05,2467,志聖,626.0,626.0,580.0,580.0,3038,843,-720,0,-18,19.67,80.32,100.0
2026-06-05,2468,華經,44.5,47.1,40.9,40.9,12036,7987,127,0,-32,1.24,98.75,100.0
2026-06-05,2471,資通,54.6,55.2,53.5,53.6,307,76,2,0,5,5.58,94.41,100.0
2026-06-05,2472,立隆電,340.0,367.0,315.0,363.5,3424,0,-7,0,-57,10.52,89.47,100.0
2026-06-05,2474,可成,241.5,241.5,229.0,230.5,18645,4803,5452,-830,-1,20.71,79.28,100.0
2026-06-05,2476,鉅祥,120.5,123.0,115.5,120.0,3069,1268,400,0,-72,10.06,89.93,100.0
2026-06-05,2477,美隆電,23.8,23.8,23.1,23.35,288,60,-13,0,7,23.9,76.09,100.0
2026-06-05,2478,大毅,134.5,150.0,126.0,150.0,4349,0,32,0,-46,16.06,83.93,100.0
2026-06-05,2480,敦陽科,160.5,161.5,158.0,161.5,494,103,51,-5,-13,10.06,89.93,100.0
2026-06-05,2481,強茂,159.5,172.0,158.5,165.0,74311,54746,8380,-3807,788,22.76,77.23,100.0
2026-06-05,2482,連宇,17.15,17.3,16.75,17.3,319,76,20,0,-1,1.68,98.31,100.0
2026-06-05,2483,百容,27.35,30.45,25.8,30.45,10502,4016,-99,0,-1,3.08,96.91,100.0
2026-06-05,2484,希華,50.2,53.0,47.0,52.8,17729,9337,1149,0,-69,7.07,92.92,100.0
2026-06-05,2485,兆赫,65.0,69.6,65.0,67.5,25121,17623,-60,0,-429,1.74,98.25,100.0
2026-06-05,2486,一詮,270.5,280.5,250.5,279.5,9639,5190,-830,0,-187,13.34,86.65,100.0
2026-06-05,2488,漢平,53.4,53.8,53.2,53.5,72,9,-4,0,3,6.91,93.08,100.0
2026-06-05,2489,瑞軒,48.0,49.3,46.2,48.4,24065,11739,938,-3,-59,5.42,94.57,100.0
2026-06-05,2491,吉祥全,37.4,37.4,32.6,34.7,9166,4024,418,0,-519,7.34,92.65,100.0
2026-06-05,2492,華新科,374.0,422.0,353.5,416.0,4462,0,1255,678,264,26.15,73.84,100.0
2026-06-05,2493,揚博,177.0,190.5,171.0,178.0,18953,12250,758,25,-86,5.06,94.93,100.0
2026-06-05,2495,普安,50.1,50.4,48.0,49.5,6580,2609,661,-4,-87,9.54,90.45,100.0
2026-06-05,2496,卓越,65.3,66.2,65.0,65.3,30,11,0,0,0,23.31,76.68,100.0
2026-06-05,2497,怡利電,61.1,62.8,61.1,62.6,643,199,69,-1,-1,3.35,96.64,100.0
2026-06-05,2498,宏達電,47.6,48.15,45.8,45.9,12521,4634,-1456,-10,-644,8.67,91.32,100.0
2026-06-05,2501,國建,23.45,24.2,23.4,24.1,7339,877,5065,0,-15,11.93,88.06,100.0
2026-06-05,2504,國產,36.15,36.7,35.8,36.3,4459,1001,-39,-21,-9,6.73,93.26,100.0
2026-06-05,2505,國揚,17.95,18.0,17.7,17.95,307,30,19,0,-4,3.59,96.4,100.0
2026-06-05,2506,太設,8.87,9.0,8.81,8.98,128,11,65,0,-1,4.88,95.11,100.0
2026-06-05,2509,全坤建,13.05,13.2,12.9,13.1,205,21,-86,0,0,1.36,98.63,100.0
2026-06-05,2511,太子,8.02,8.07,7.98,8.03,2098,336,62,0,-22,2.43,97.56,100.0
2026-06-05,2514,龍邦,13.9,14.0,13.65,13.75,167,27,-37,0,-16,2.27,97.72,100.0
2026-06-05,2515,中工,13.25,13.25,13.0,13.15,5715,1144,1368,-3,-53,7.48,92.51,100.0
2026-06-05,2516,新建,12.3,12.7,12.3,12.65,239,0,50,0,-4,2.47,97.52,100.0
2026-06-05,2520,冠德,31.8,32.25,31.55,32.1,2529,300,591,-5,-8,12.42,87.57,100.0
2026-06-05,2524,京城,36.25,36.45,35.7,36.25,70,15,13,0,-5,0.8,99.19,100.0
2026-06-05,2527,宏璟,36.6,36.65,36.0,36.35,358,115,56,0,-5,42.5,57.49,100.0
2026-06-05,2528,皇普,21.5,23.35,21.3,23.35,2961,869,1091,-2,0,1.35,98.64,100.0
2026-06-05,2530,華建,19.1,19.6,18.85,19.6,1186,216,361,-12,27,3.08,96.91,100.0
2026-06-05,2534,宏盛,18.0,18.45,17.9,18.4,760,119,6,0,15,6.12,93.87,100.0
2026-06-05,2535,達欣工,80.2,84.0,79.7,83.4,972,285,73,0,-27,6.63,93.36,100.0
2026-06-05,2536,宏普,20.15,21.3,20.0,20.6,637,95,-37,0,18,8.91,91.08,100.0
2026-06-05,2537,聯上發,10.15,10.35,10.05,10.15,1780,466,327,0,-28,2.51,97.48,100.0
2026-06-05,2538,基泰,9.98,10.2,9.98,10.1,481,61,188,0,2,9.96,90.03,100.0
2026-06-05,2539,櫻花建,38.5,38.5,37.15,37.35,1336,276,-727,4,-17,1.76,98.23,100.0
2026-06-05,2540,愛山林,54.2,54.2,52.8,53.0,535,136,67,0,2,1.49,98.5,100.0
2026-06-05,2542,興富發,43.35,43.7,42.6,43.0,21648,4319,-12786,10084,-149,9.23,90.76,100.0
2026-06-05,2543,皇昌,47.0,49.85,47.0,49.3,6513,1704,2003,-1,33,1.52,98.47,100.0
2026-06-05,2545,皇翔,38.1,38.45,37.75,38.35,282,60,63,0,-5,2.78,97.21,100.0
2026-06-05,2546,根基,87.8,88.0,86.9,87.9,105,11,-22,0,1,3.48,96.51,100.0
2026-06-05,2547,日勝生,10.4,10.6,10.35,10.5,4529,1443,626,-7,-18,12.97,87.02,100.0
2026-06-05,2548,華固,100.5,103.5,100.0,103.5,5322,1288,1599,54,149,15.9,84.09,100.0
2026-06-05,2596,綠意,29.6,29.95,29.4,29.6,87,16,-25,0,0,0.64,99.35,100.0
2026-06-05,2597,潤弘,178.0,186.5,178.0,184.5,3810,1573,-366,1849,34,2.41,97.58,100.0
2026-06-05,2601,益航,6.08,6.38,6.02,6.17,5436,0,-1503,0,-13,12.74,37.24,49.99
2026-06-05,2603,長榮,239.0,241.0,232.0,232.0,23664,4999,-4573,-463,-522,19.32,30.66,49.99
2026-06-05,2605,新興,32.3,33.4,31.7,32.1,8953,4113,-807,-1,-79,48.89,1.09,49.99
2026-06-05,2606,裕民,69.9,72.1,69.6,70.8,8020,2935,1127,357,-162,15.33,34.65,49.99
2026-06-05,2607,榮運,49.55,49.55,49.15,49.4,467,48,-226,0,-6,8.42,41.56,49.99
2026-06-05,2608,嘉里大榮,30.2,30.35,29.95,30.1,260,43,-47,0,-5,3.01,96.98,100.0
2026-06-05,2609,陽明,53.8,55.2,53.3,54.5,78583,23696,40555,-28971,324,17.7,32.28,49.99
2026-06-05,2610,華航,19.95,20.15,19.65,19.95,49346,13753,-6726,-88,246,12.59,37.39,49.99
2026-06-05,2611,志信,13.9,14.3,13.85,14.15,1184,212,114,0,-13,1.25,98.74,100.0
2026-06-05,2612,中航,55.7,58.2,55.5,57.4,1972,715,388,0,12,4.06,95.93,100.0
2026-06-05,2613,中櫃,22.45,22.8,22.35,22.4,455,154,25,0,0,1.39,31.93,33.33
2026-06-05,2614,東森,19.0,19.45,18.65,19.25,1203,320,134,0,0,3.1,46.88,49.99
2026-06-05,2615,萬海,85.0,87.1,84.5,86.1,26268,7587,9605,-17,433,43.19,6.79,49.99
2026-06-05,2616,山隆,14.15,14.15,13.8,13.85,299,53,-3,0,-9,1.96,98.03,100.0
2026-06-05,2617,台航,29.5,29.8,29.4,29.6,868,220,83,0,-3,8.7,41.28,49.99
2026-06-05,2618,長榮航,37.95,38.1,37.35,37.7,39384,10359,-12123,-3070,-103,19.45,30.53,49.99
2026-06-05,2630,亞航,42.2,42.7,41.5,41.75,899,188,-274,0,-4,3.8,96.19,100.0
2026-06-05,2633,台灣高鐵,25.55,25.8,25.5,25.5,8673,2157,1051,179,-46,7.55,41.43,48.99
2026-06-05,2634,漢翔,46.85,47.2,45.85,46.55,4754,1288,-1123,-5,-40,2.59,7.4,10.0
2026-06-05,2636,台驊控股,70.4,70.9,69.7,70.7,731,118,262,0,5,9.85,90.14,100.0
2026-06-05,2637,慧洋-KY,78.2,84.0,78.2,80.6,15502,2700,5605,149,54,20.65,79.34,100.0
2026-06-05,2640,大車隊,159.0,163.0,158.5,163.0,3,0,-1,0,0,4.7,95.29,100.0
2026-06-05,2641,正德,19.6,20.5,19.3,19.55,16724,6135,1300,0,27,3.05,96.94,100.0
2026-06-05,2642,宅配通,20.8,20.8,20.45,20.8,129,19,-10,0,0,5.23,94.76,100.0
2026-06-05,2643,捷迅,66.8,66.8,66.2,66.6,11,1,0,0,0,1.44,98.55,100.0
2026-06-05,2644,中信造船,76.39,78.0,75.7,77.0,26,0,0,0,0,0.0,0.0,0.0
2026-06-05,2645,長榮航太,166.5,172.0,161.5,169.5,2336,617,1,-2,56,7.45,92.54,100.0
2026-06-05,2646,星宇航空,20.75,20.75,20.4,20.5,5252,1035,-1685,-2,-94,2.72,47.26,49.99
2026-06-05,2701,萬企,10.55,10.6,10.45,10.6,78,2,-50,0,-1,0.56,99.43,100.0
2026-06-05,2702,華園,13.9,13.9,13.3,13.3,102,20,-25,0,-8,39.41,60.58,100.0
2026-06-05,2704,國賓,43.75,43.75,42.6,42.6,98,25,0,0,0,9.82,90.17,100.0
2026-06-05,2705,六福,15.75,15.8,15.5,15.7,261,57,-5,0,0,1.38,98.61,100.0
2026-06-05,2706,第一店,12.35,12.35,12.2,12.35,106,8,19,0,0,2.69,97.3,100.0
2026-06-05,2707,晶華,182.0,182.0,180.0,181.0,361,63,98,0,-1,6.02,93.97,100.0
2026-06-05,2712,遠雄來,15.5,15.5,15.15,15.15,22,0,1,0,0,0.33,99.66,100.0
2026-06-05,2718,晶悅,47.0,47.4,46.5,47.4,56,2,6,0,0,0.59,99.4,100.0
2026-06-05,2718,全心投控,47.0,47.4,46.5,47.4,56,2,6,0,0,0.59,99.4,100.0
2026-06-05,2719,燦星旅,25.8,25.8,25.25,25.4,22,0,-4,0,0,0.19,99.8,100.0
2026-06-05,2722,夏都,23.25,24.45,23.25,23.35,124,36,-5,0,-2,0.38,99.61,100.0
2026-06-05,2723,美食-KY,64.2,64.3,63.5,63.9,262,47,-71,0,-5,45.99,54.0,100.0
2026-06-05,2724,富驛-KY,12.3,12.3,12.2,12.3,60,0,0,0,0,15.09,84.9,100.0
2026-06-05,2724,藝舍-KY,12.3,12.3,12.2,12.3,60,0,0,0,0,15.09,84.9,100.0
2026-06-05,2726,雅茗-KY,10.3,10.35,10.0,10.15,24,0,8,0,0,23.58,76.41,100.0
2026-06-05,2727,王品,243.0,248.0,243.0,246.0,847,108,284,-1,3,28.21,71.78,100.0
2026-06-05,2729,瓦城,158.5,158.5,158.5,158.5,9,0,1,0,0,2.09,97.9,100.0
2026-06-05,2731,雄獅,177.0,177.5,173.0,173.5,2400,403,181,0,-30,12.11,87.88,100.0
2026-06-05,2732,六角,64.3,65.0,63.8,65.0,70,5,-15,0,0,4.33,95.66,100.0
2026-06-05,2733,維格餅家,10.48,11.3,10.8,11.3,14,0,0,0,0,0.0,0.0,0.0
2026-06-05,2734,易飛網,15.7,15.7,15.4,15.5,86,3,-27,0,0,3.82,96.17,100.0
2026-06-05,2736,富野,12.4,12.4,12.15,12.35,63,12,6,0,0,1.07,98.92,100.0
2026-06-05,2739,寒舍,36.05,36.35,35.7,35.95,173,28,-3,0,0,2.77,97.22,100.0
2026-06-05,2740,天蔥,30.0,30.0,27.65,29.35,11,0,0,0,0,1.66,98.33,100.0
2026-06-05,2740,華軒,30.0,30.0,27.65,29.35,11,0,0,0,0,1.66,98.33,100.0
2026-06-05,2741,老四川,20.6,21.0,20.9,21.0,1,0,0,0,0,0.0,0.0,0.0
2026-06-05,2743,山富,70.7,70.9,69.7,69.9,133,36,0,0,0,1.65,98.34,100.0
2026-06-05,2745,五福,109.0,109.0,106.0,106.5,413,114,64,0,-4,1.99,98.0,100.0
2026-06-05,2748,雲品,40.5,40.5,39.95,40.05,183,22,-44,0,-2,1.15,98.84,100.0
2026-06-05,2751,王座,53.1,53.1,53.1,53.1,7,0,-1,0,0,0.41,99.58,100.0
2026-06-05,2752,豆府,177.5,178.0,175.0,178.0,32,0,-3,0,0,1.36,98.63,100.0
2026-06-05,2753,八方雲集,182.5,182.5,180.5,180.5,163,19,-47,-4,0,3.45,96.54,100.0
2026-06-05,2754,亞洲藏壽司,67.8,69.1,67.6,68.6,54,3,0,0,0,67.86,32.13,100.0
2026-06-05,2755,揚秦,136.0,136.5,135.0,136.0,24,4,-7,0,0,1.17,98.82,100.0
2026-06-05,2756,聯發國際,59.3,59.4,58.3,59.0,38,8,2,0,0,1.28,98.71,100.0
2026-06-05,2758,路易莎咖啡,65.68,67.2,64.7,67.2,2,0,0,0,0,0.0,0.0,0.0
2026-06-05,2760,巨宇翔,20.03,0.0,0.0,0.0,0,0,0,0,0,0.0,0.0,0.0
2026-06-05,2761,橘焱胡同,15.55,15.55,15.4,15.4,2,0,0,0,0,0.0,0.0,0.0
2026-06-05,2762,世界健身-KY,85.8,86.0,84.3,85.7,239,33,-76,0,0,82.64,17.35,100.0
2026-06-05,2801,彰銀,21.35,21.5,21.05,21.45,33928,8706,-67,-60,-24,17.16,82.83,100.0
2026-06-05,2812,台中銀,19.45,19.55,19.15,19.3,20260,4059,-5337,60,-59,7.61,92.38,100.0
2026-06-05,2816,旺旺保,34.8,34.9,34.1,34.25,399,100,50,0,0,2.14,97.85,100.0
2026-06-05,2820,華票,17.1,17.25,17.05,17.2,2429,360,358,0,-13,9.06,90.93,100.0
2026-06-05,2832,台產,54.7,55.0,54.3,54.8,243,14,-26,0,2,4.06,95.93,100.0
2026-06-05,2834,臺企銀,17.05,17.1,16.7,16.9,58196,12308,6604,-34,-56,17.01,82.98,100.0
2026-06-05,2836,高雄銀,12.1,12.15,12.0,12.05,1442,423,-333,-2,-103,7.35,92.64,100.0
2026-06-05,2838,聯邦銀,21.3,21.6,21.0,21.55,2439,695,853,-6,-21,4.33,95.66,100.0
2026-06-05,2845,遠東銀,12.55,12.55,12.35,12.4,15514,4429,-2644,-11,-19,8.85,91.14,100.0
2026-06-05,2849,安泰銀,14.35,14.35,14.0,14.2,61,19,11,0,-2,58.92,41.07,100.0
2026-06-05,2850,新產,145.0,148.0,144.0,146.0,611,256,-70,0,28,10.39,89.6,100.0
2026-06-05,2851,中再保,36.75,37.2,36.55,36.9,1517,368,265,0,-30,8.99,91.0,100.0
2026-06-05,2852,第一保,27.9,28.0,27.6,27.85,543,53,45,-1,0,4.84,95.15,100.0
2026-06-05,2855,統一證,58.1,59.8,55.2,59.1,40683,16170,-12608,9448,0,11.24,88.75,100.0
2026-06-05,2867,三商壽,8.14,8.17,7.99,8.08,13567,4321,3583,0,446,18.92,81.07,100.0
2026-06-05,2880,華南金,37.15,37.25,34.5,34.8,40543,10088,-15823,-3558,-246,14.94,85.05,100.0
2026-06-05,2881,富邦金,114.0,119.0,112.0,118.0,61781,25816,-4349,1959,57,18.38,81.61,100.0
2026-06-05,2882,國泰金,94.4,100.0,93.7,100.0,69269,22207,10810,-278,98,22.14,77.85,100.0
2026-06-05,2883,凱基金,27.3,28.5,27.0,27.6,312820,119382,-101851,102341,-802,28.84,71.15,100.0
2026-06-05,2884,玉山金,33.45,33.6,32.9,33.35,49409,17906,2543,475,-58,30.83,69.16,100.0
2026-06-05,2885,元大金,63.7,66.7,62.0,65.3,40414,15537,7575,-4892,99,26.71,73.28,100.0
2026-06-05,2886,兆豐金,41.85,42.35,41.55,41.95,31754,8224,-8311,168,-79,21.42,78.57,100.0
2026-06-05,2887,台新新光金,28.5,28.8,27.9,28.6,143711,47506,15793,15675,1696,22.67,77.32,100.0
2026-06-05,2889,國票金,15.15,15.2,14.9,15.05,5975,1680,-656,0,-59,8.51,91.48,100.0
2026-06-05,2890,永豐金,33.05,33.15,32.45,32.7,43990,13583,9106,399,-388,28.96,71.03,100.0
2026-06-05,2891,中信金,66.3,68.0,66.0,66.6,63844,12116,-13432,-6756,412,34.28,65.71,100.0
2026-06-05,2892,第一金,29.5,29.55,28.95,29.3,57303,22588,-9224,53,-10,25.12,74.87,100.0
2026-06-05,2897,王道銀行,10.35,10.4,10.25,10.3,5109,827,2830,0,108,7.44,92.55,100.0
2026-06-05,2901,欣欣,23.35,23.95,23.3,23.35,23,2,8,0,-7,0.35,99.64,100.0
2026-06-05,2903,遠百,23.05,23.6,22.8,23.5,7017,618,3577,-5,-69,7.9,92.09,100.0
2026-06-05,2904,匯僑,14.35,14.35,14.15,14.25,48,3,0,0,0,0.72,99.27,100.0
2026-06-05,2905,三商,14.25,14.35,14.1,14.2,442,99,-82,0,-22,3.68,96.31,100.0
2026-06-05,2906,高林,12.75,12.9,12.6,12.7,225,45,37,0,-1,1.74,98.25,100.0
2026-06-05,2908,特力,21.6,21.6,21.5,21.6,249,18,21,0,2,1.74,98.25,100.0
2026-06-05,2910,統領,21.55,22.05,21.55,22.05,2,0,-2,0,0,0.28,99.71,100.0
2026-06-05,2911,麗嬰房,8.31,9.0,8.31,8.8,294,0,34,0,-9,21.01,78.98,100.0
2026-06-05,2912,統一超,242.5,247.0,232.0,232.0,5516,2067,-724,-3,-14,14.74,85.25,100.0
2026-06-05,2913,農林,11.55,11.55,11.2,11.25,3299,655,40,0,-7,5.35,94.64,100.0
2026-06-05,2915,潤泰全,48.7,49.45,48.1,49.0,3501,633,477,0,-8,5.12,94.87,100.0
2026-06-05,2916,滿心,43.35,43.7,43.2,43.5,110,13,-11,0,0,21.21,78.78,100.0
2026-06-05,2923,鼎固-KY,25.0,25.3,24.95,25.0,31,0,-4,0,10,99.42,0.57,100.0
2026-06-05,2924,宏太-KY,17.25,18.95,17.25,18.95,45,0,1,0,0,66.79,33.2,100.0
2026-06-05,2926,誠品生活,34.4,34.9,34.15,34.75,18,4,-1,0,0,1.13,98.86,100.0
2026-06-05,2929,淘帝-KY,6.15,6.32,6.08,6.09,312,66,18,0,0,17.23,82.76,100.0
2026-06-05,2937,集雅社,45.7,48.25,45.7,48.0,12,0,-4,0,5,0.07,99.92,100.0
2026-06-05,2938,床的世界,22.46,22.6,21.9,22.6,5,0,0,0,0,0.0,0.0,0.0
2026-06-05,2939,永邑-KY,20.85,22.15,20.85,22.0,27,17,-3,0,0,19.74,80.25,100.0
2026-06-05,2940,歐都納,24.6,24.8,24.8,24.8,0,0,0,0,0,0.0,0.0,0.0
2026-06-05,2941,米斯特,29.85,29.85,29.85,29.85,2,0,0,0,0,0.49,99.5,100.0
2026-06-05,2942,京站,37.68,37.6,37.6,37.6,2,0,0,0,0,0.0,0.0,0.0
2026-06-05,2945,三商家購,41.25,42.5,41.05,42.0,27,0,6,0,0,0.42,99.57,100.0
2026-06-05,2947,振宇五金,77.8,77.8,76.5,76.5,7,0,0,0,0,0.09,99.9,100.0
2026-06-05,2948,寶陞,0.0,0.0,0.0,0.0,0,0,0,0,0,0.01,99.98,100.0
2026-06-05,2949,欣新網,64.0,65.0,64.0,65.0,11,0,1,0,0,0.03,99.96,100.0
2026-06-05,3002,歐格,20.0,20.5,19.5,19.85,571,156,-158,0,-6,2.23,97.76,100.0
2026-06-05,3003,健和興,63.0,63.4,61.4,62.9,1293,411,-228,0,-1,3.61,96.38,100.0
2026-06-05,3004,豐達科,127.0,130.5,122.5,130.0,976,232,106,0,5,3.26,96.73,100.0
2026-06-05,3005,神基,110.0,111.5,109.0,109.0,6464,1943,501,-19,-23,11.51,88.48,100.0
2026-06-05,3006,晶豪科,236.0,238.5,220.5,222.5,18612,8573,-643,-1,-217,31.63,68.36,100.0
2026-06-05,3008,大立光,3750.0,3750.0,3570.0,3680.0,2295,959,29,-147,-63,33.64,66.35,100.0
2026-06-05,3010,華立,139.5,140.0,136.0,139.0,848,261,150,-113,-23,18.55,81.44,100.0
2026-06-05,3011,今皓,15.2,15.2,14.55,14.8,1565,499,-262,0,0,5.34,94.65,100.0
2026-06-05,3013,晟銘電,128.0,128.5,120.0,122.0,6191,2139,111,0,-215,3.97,96.02,100.0
2026-06-05,3014,聯陽,151.5,153.0,149.5,152.0,2624,608,980,-10,-4,23.17,76.82,100.0
2026-06-05,3015,全漢,65.0,68.9,64.2,68.9,23541,13105,-755,26,153,8.33,91.66,100.0
2026-06-05,3016,嘉晶,108.5,110.5,103.0,108.0,4538,2021,646,0,27,5.1,94.89,100.0
2026-06-05,3017,奇鋐,2680.0,2680.0,2505.0,2600.0,4900,2078,-503,-192,-108,52.73,47.26,100.0
2026-06-05,3018,隆銘綠能,10.7,11.75,10.7,11.75,140,0,0,0,0,0.22,99.77,100.0
2026-06-05,3019,亞光,153.5,159.5,151.0,152.5,23499,14284,-2119,0,-89,6.05,93.94,100.0
2026-06-05,3021,鴻名,32.4,32.4,32.4,32.4,403,0,8,0,0,3.82,96.17,100.0
2026-06-05,3022,威強電,76.3,77.5,75.3,77.4,1446,351,293,0,-52,16.79,83.2,100.0
2026-06-05,3023,信邦,312.0,332.0,309.0,329.0,4294,1717,1359,228,116,46.31,53.68,100.0
2026-06-05,3024,憶聲,13.7,13.7,13.1,13.15,2435,635,-567,0,8,3.09,96.9,100.0
2026-06-05,3025,星通,70.2,72.4,68.5,70.6,815,304,-123,0,1,6.92,93.07,100.0
2026-06-05,3026,禾伸堂,595.0,640.0,562.0,626.0,1633,0,293,10,-159,17.31,82.68,100.0
2026-06-05,3027,盛達,24.2,24.25,22.2,22.7,7091,2634,-483,0,-18,2.36,97.63,100.0
2026-06-05,3028,增你強,83.5,83.5,78.1,78.7,5010,1137,-1782,-2,-42,12.15,87.84,100.0
2026-06-05,3029,零壹,110.0,112.0,106.5,107.5,1902,561,-94,-10,-33,3.13,96.86,100.0
2026-06-05,3030,德律,365.0,367.5,347.5,366.0,2982,1488,-93,-1,-24,12.42,87.57,100.0
2026-06-05,3031,佰鴻,31.4,31.95,30.6,31.0,1320,396,148,0,4,2.98,97.01,100.0
2026-06-05,3032,偉訓,89.8,89.9,87.3,87.6,1060,243,-108,0,-7,1.33,98.66,100.0
2026-06-05,3033,威健,52.0,54.0,49.85,51.8,31939,15052,-3976,-24,135,21.0,78.99,100.0
2026-06-05,3034,聯詠,491.0,492.0,480.0,492.0,5463,1254,349,-74,-201,36.53,63.46,100.0
2026-06-05,3035,智原,190.5,195.5,183.0,192.0,8741,4659,-456,0,-33,7.63,92.36,100.0
2026-06-05,3036,文曄,283.0,284.5,273.0,281.0,15071,4576,4752,-6874,-62,23.73,76.23,100.0
2026-06-05,3037,欣興,950.0,969.0,890.0,933.0,26076,12378,-833,-1480,-219,38.6,61.39,100.0
2026-06-05,3038,全台,25.0,25.0,24.1,24.1,606,166,-101,0,-4,9.13,90.86,100.0
2026-06-05,3040,遠見,39.9,39.9,38.3,38.4,273,26,-18,0,-12,0.69,99.3,100.0
2026-06-05,3041,揚智,25.25,25.35,24.15,24.65,1305,356,-366,0,0,5.4,94.59,100.0
2026-06-05,3042,晶技,203.5,216.0,195.0,212.0,15946,9537,735,24,-245,18.96,81.03,100.0
2026-06-05,3043,科風,24.3,24.6,22.35,22.35,1725,782,-22,0,-4,2.21,97.78,100.0
2026-06-05,3044,健鼎,509.0,511.0,485.5,498.0,3630,1651,-637,332,-14,48.59,51.4,100.0
2026-06-05,3045,台灣大,116.0,116.5,115.0,116.0,7035,1774,1216,285,-46,13.76,32.78,46.55
2026-06-05,3046,建碁,61.1,62.5,59.3,60.3,932,323,-110,0,-5,4.29,95.7,100.0
2026-06-05,3047,訊舟,16.45,16.45,15.6,16.15,2189,814,155,0,-14,3.51,96.48,100.0
2026-06-05,3048,益登,67.8,68.0,64.0,66.3,7314,3584,1373,0,-112,8.4,91.59,100.0
2026-06-05,3049,精金,17.35,17.4,15.6,15.9,41814,0,-7203,0,-3,2.73,97.26,100.0
2026-06-05,3050,鈺德,13.6,13.9,13.0,13.45,1557,773,-210,0,0,8.15,91.84,100.0
2026-06-05,3051,力特,28.8,29.05,28.1,28.5,2345,610,490,0,-1,2.14,97.85,100.0
2026-06-05,3052,夆典,10.9,11.0,10.8,10.95,481,117,-54,0,35,1.82,98.17,100.0
2026-06-05,3054,立萬利,83.0,83.9,75.3,83.8,1631,661,-68,0,-7,0.47,99.52,100.0
2026-06-05,3055,蔚華科,102.5,103.5,98.0,99.5,1449,487,107,0,-15,2.3,97.69,100.0
2026-06-05,3056,富華新,14.55,14.6,14.2,14.3,2133,399,-827,0,0,3.84,96.15,100.0
2026-06-05,3057,喬鼎,23.55,23.8,21.9,21.9,526,0,-60,0,0,3.57,96.42,100.0
2026-06-05,3058,立德,10.5,10.5,9.8,9.91,2915,0,-868,0,-2,2.5,97.49,100.0
2026-06-05,3059,華晶科,51.0,53.5,48.85,48.9,25945,12757,-3035,-5,-98,7.45,92.54,100.0
2026-06-05,3060,銘異,31.5,31.7,29.8,30.8,3353,1211,-10,0,0,10.13,89.86,100.0
2026-06-05,3062,建漢,29.55,29.65,28.0,28.55,7164,2486,-808,0,-118,13.28,86.71,100.0
2026-06-05,3064,泰偉,18.6,20.0,17.0,18.6,5,0,0,0,0,0.12,99.87,100.0
2026-06-05,3066,李洲,23.4,23.45,21.6,21.6,2056,525,-426,0,-7,2.17,97.82,100.0
2026-06-05,3067,全域,19.65,19.65,19.65,19.65,4,0,0,0,0,0.02,99.97,100.0
2026-06-05,3071,協禧,33.65,34.65,32.6,33.75,1241,439,89,0,0,3.93,96.06,100.0
2026-06-05,3073,天方能源,22.35,22.8,22.35,22.4,764,158,-325,0,-4,1.87,98.12,100.0
2026-06-05,3078,僑威,58.9,58.9,57.2,57.5,1280,245,-268,-2,-11,12.65,87.34,100.0
2026-06-05,3081,聯亞,2580.0,2750.0,2445.0,2655.0,3093,1773,-128,38,-24,21.36,78.63,100.0
2026-06-05,3083,網龍,28.85,28.85,28.15,28.5,223,39,-59,0,0,1.1,98.89,100.0
2026-06-05,3085,新零售,12.85,12.9,12.8,12.85,4,0,1,0,0,5.69,94.3,100.0
2026-06-05,3086,華義*,38.0,38.85,36.2,36.8,561,187,-66,0,-3,40.02,59.97,100.0
2026-06-05,3088,艾訊,138.5,139.0,135.5,138.5,1236,333,322,0,-6,16.03,83.96,100.0
2026-06-05,3090,日電貿,206.0,221.5,200.0,221.0,1832,0,99,0,-114,13.2,86.79,100.0
2026-06-05,3092,鴻碩,31.2,31.2,29.95,30.15,574,161,-61,0,0,1.38,98.61,100.0
2026-06-05,3093,港建*,61.5,64.0,58.6,64.0,7060,3661,262,0,9,68.66,31.33,100.0
2026-06-05,3094,聯傑,32.9,33.25,31.65,31.85,1029,380,32,0,0,3.03,96.96,100.0
2026-06-05,3095,及成,42.0,42.1,41.6,42.1,6,1,0,0,0,3.6,96.39,100.0
2026-06-05,3097,拍檔,26.95,27.35,26.05,26.9,29,0,0,0,0,0.0,0.0,0.0
2026-06-05,3105,穩懋,486.5,498.0,451.0,483.5,30445,21132,-806,-513,-597,20.31,79.68,100.0
2026-06-05,3114,好德,42.5,44.65,41.6,44.65,7102,2856,-321,0,-7,1.26,98.73,100.0
2026-06-05,3115,富榮綱,8.68,9.78,8.68,9.78,27,0,10,0,0,1.84,98.15,100.0
2026-06-05,3117,年程,27.8,28.6,27.0,27.7,77,0,-1,0,0,0.0,0.0,0.0
2026-06-05,3118,進階,33.6,34.3,33.5,34.1,266,3,-11,0,0,0.32,99.67,100.0
2026-06-05,3122,笙泉,31.15,31.35,30.25,30.4,296,0,45,0,0,3.02,96.97,100.0
2026-06-05,3128,昇銳,25.5,26.35,24.8,25.0,689,259,-111,0,0,0.86,99.13,100.0
2026-06-05,3130,一零四,222.0,222.5,222.0,222.0,36,2,-8,0,0,20.57,79.42,100.0
2026-06-05,3131,弘塑,3180.0,3245.0,3060.0,3150.0,418,230,11,-63,-8,35.02,64.97,100.0
2026-06-05,3135,凌航,235.5,235.5,220.0,227.5,4473,1976,-584,0,0,4.75,95.24,100.0
2026-06-05,3138,耀登,163.0,168.5,157.5,159.5,1195,636,7,0,-5,2.43,97.56,100.0
2026-06-05,3141,晶宏,74.1,75.9,73.1,74.3,1185,393,71,0,-2,8.19,91.8,100.0
2026-06-05,3147,大綜,263.0,293.0,262.5,284.5,5386,2860,851,0,-27,6.63,93.36,100.0
2026-06-05,3149,正達,90.0,92.4,85.0,90.8,34190,21437,2745,0,-50,6.67,93.32,100.0
2026-06-05,3150,鈺寶-創,19.85,20.1,19.7,19.85,48,5,7,0,-1,0.97,99.02,100.0
2026-06-05,3152,璟德,179.5,182.0,173.0,179.0,778,280,259,0,-5,19.37,80.62,100.0
2026-06-05,3158,嘉實,85.1,85.1,84.6,84.7,4,0,0,0,0,1.39,98.6,100.0
2026-06-05,3162,精確,82.6,84.7,82.0,83.2,1949,724,345,0,5,46.83,53.16,100.0
2026-06-05,3163,波若威,993.0,1055.0,947.0,1020.0,4865,2880,-67,219,3,14.05,85.94,100.0
2026-06-05,3164,景岳,16.65,16.65,16.4,16.5,34,4,-1,0,0,0.69,99.3,100.0
2026-06-05,3167,大量,899.0,950.0,857.0,950.0,670,0,65,0,-2,10.27,89.72,100.0
2026-06-05,3168,眾福科,48.6,48.6,47.5,48.0,45,7,-4,0,-1,1.25,98.74,100.0
2026-06-05,3169,亞信,113.0,114.5,108.5,111.5,346,133,-27,0,-9,3.71,96.28,100.0
2026-06-05,3171,新洲,72.0,72.5,70.4,72.0,20,6,2,0,0,0.98,99.01,100.0
2026-06-05,3171,炎洲流通,72.0,72.5,70.4,72.0,20,6,2,0,0,0.98,99.01,100.0
2026-06-05,3176,基亞,33.55,33.55,31.95,32.05,739,194,-122,0,0,4.42,95.57,100.0
2026-06-05,3178,公準,70.4,70.4,67.7,68.3,92,13,-26,0,3,1.87,98.12,100.0
2026-06-05,3184,微邦,23.01,25.3,22.3,23.8,578,0,-42,0,0,0.0,0.0,0.0
2026-06-05,3188,鑫龍騰,23.3,24.15,23.15,23.8,574,174,-72,0,0,1.53,98.46,100.0
2026-06-05,3189,景碩,662.0,725.0,623.0,712.0,7602,0,2327,-516,-807,23.64,76.35,100.0
2026-06-05,3191,雲嘉南,21.0,21.35,19.9,20.0,382,0,4,0,0,0.1,99.89,100.0
2026-06-05,3205,佰研,57.2,59.3,56.2,57.1,1732,653,-273,0,0,0.77,99.22,100.0
2026-06-05,3206,志豐,38.6,39.1,37.75,38.7,135,30,-5,0,0,2.55,97.44,100.0
2026-06-05,3207,耀勝,69.4,72.3,65.0,69.7,3333,1806,-227,0,-1,1.84,98.15,100.0
2026-06-05,3209,全科,76.4,76.7,73.3,73.5,2687,810,-370,-1,-95,19.47,80.52,100.0
2026-06-05,3211,順達,450.5,451.5,415.0,423.0,10395,4694,-520,-304,-574,26.07,73.92,100.0
2026-06-05,3213,茂訊,131.0,139.0,130.0,139.0,5323,1275,1198,0,30,10.31,89.68,100.0
2026-06-05,3217,優群,190.0,190.0,184.5,187.5,1005,188,195,0,-33,10.72,89.27,100.0
2026-06-05,3218,大學光,135.0,137.5,135.0,135.0,205,43,22,-6,0,6.17,93.82,100.0
2026-06-05,3219,倚強股份,79.3,79.3,75.6,76.1,345,76,13,0,-22,1.08,98.91,100.0
2026-06-05,3219,倚強科,79.3,79.3,75.6,76.1,345,76,13,0,-22,1.08,98.91,100.0
2026-06-05,3221,台嘉碩,54.1,57.2,52.0,57.1,7204,4325,296,0,22,6.3,93.69,100.0
2026-06-05,3224,三顧,38.8,39.95,38.4,38.5,227,44,20,0,0,0.87,99.12,100.0
2026-06-05,3226,龍鋒,47.65,48.6,47.65,48.5,14,0,2,0,0,0.05,99.94,100.0
2026-06-05,3227,原相,228.0,229.5,217.5,225.0,1942,644,31,-3,-74,21.53,78.45,100.0
2026-06-05,3228,金麗科,185.5,188.5,178.5,180.5,732,0,-99,0,-8,7.17,92.82,100.0
2026-06-05,3229,晟鈦,47.9,47.9,44.3,44.35,473,0,19,0,5,1.49,98.5,100.0
2026-06-05,3230,錦明,31.3,31.5,30.35,30.55,551,177,-60,0,0,2.07,97.92,100.0
2026-06-05,3231,緯創,172.5,174.0,165.5,171.0,75786,33366,4079,137,-509,32.13,67.86,100.0
2026-06-05,3232,昱捷,23.2,23.75,22.8,23.6,155,24,7,0,0,7.93,92.06,100.0
2026-06-05,3234,光環,131.0,133.0,124.0,125.0,4474,0,-260,0,0,9.09,90.9,100.0
2026-06-05,3236,千如,50.6,54.0,47.8,53.9,1799,0,114,0,6,18.7,81.29,100.0
2026-06-05,3252,海灣,18.1,18.2,17.8,17.9,35,2,4,0,0,2.3,97.69,100.0
2026-06-05,3257,虹冠電,62.7,62.7,60.3,60.6,549,100,-10,0,-1,0.79,99.2,100.0
2026-06-05,3259,鑫創,17.75,17.85,16.85,17.05,33,0,-5,0,0,10.91,89.08,100.0
2026-06-05,3260,威剛,444.5,444.5,414.5,421.5,19137,9005,-2591,-31,-498,17.81,82.18,100.0
2026-06-05,3264,欣銓,233.5,233.5,220.5,228.5,8226,3892,-1439,-2,-102,33.53,66.46,100.0
2026-06-05,3265,台星科,191.0,191.0,174.5,180.0,2581,772,-930,47,-166,8.67,91.32,100.0
2026-06-05,3266,昇陽,12.85,13.05,12.85,13.0,70,3,-9,0,0,8.29,91.7,100.0
2026-06-05,3268,海德威,20.5,20.7,19.5,20.3,608,226,116,0,-1,1.12,98.87,100.0
2026-06-05,3272,東碩,16.9,17.15,16.4,17.05,164,41,5,0,0,0.65,99.34,100.0
2026-06-05,3276,宇環,14.8,14.85,14.5,14.8,89,21,6,0,0,0.74,99.25,100.0
2026-06-05,3284,太普高,19.7,21.0,19.45,19.55,4224,1673,-523,0,0,0.63,99.36,100.0
2026-06-05,3285,微端,33.25,34.0,31.7,31.7,112,26,-3,0,0,12.95,87.04,100.0
2026-06-05,3287,廣寰科,37.65,38.0,36.65,36.75,504,144,-114,0,0,1.04,98.95,100.0
2026-06-05,3288,點晶,26.6,26.6,21.85,23.45,423,0,-34,0,-2,0.14,99.85,100.0
2026-06-05,3289,宜特,178.5,183.0,175.0,182.5,5890,2882,-200,0,174,6.35,93.64,100.0
2026-06-05,3290,東浦,50.2,53.0,48.85,50.2,5265,1340,-596,0,-16,6.76,93.23,100.0
2026-06-05,3293,鈊象,795.0,795.0,777.0,790.0,3841,1128,-1335,1525,-142,20.96,79.03,100.0
2026-06-05,3294,英濟,39.4,39.4,37.7,38.3,1122,355,87,0,-6,7.25,92.74,100.0
2026-06-05,3296,勝德,22.25,22.45,21.75,21.8,137,33,-28,0,-1,2.17,97.82,100.0
2026-06-05,3297,杭特,34.9,36.0,33.2,33.2,469,219,-51,0,0,2.66,97.33,100.0
2026-06-05,3303,岱稜,50.1,52.0,49.6,52.0,678,72,41,0,8,4.54,95.45,100.0
2026-06-05,3305,昇貿,158.0,158.5,149.0,156.0,5940,2630,1320,0,-121,8.74,91.25,100.0
2026-06-05,3306,鼎天,48.6,49.8,48.35,49.0,341,146,19,0,0,3.0,96.99,100.0
2026-06-05,3308,聯德,23.05,23.65,21.6,21.7,972,364,30,0,-13,1.38,98.61,100.0
2026-06-05,3310,佳穎,75.4,75.4,71.1,72.2,121,23,-41,0,0,0.27,99.72,100.0
2026-06-05,3311,閎暉,42.1,42.75,39.7,39.75,6032,2689,-1093,0,0,1.27,98.72,100.0
2026-06-05,3312,弘憶股,72.1,72.1,66.0,67.5,23578,9027,3776,0,-81,6.27,93.72,100.0
2026-06-05,3313,斐成,11.3,11.35,11.1,11.25,208,0,19,0,0,4.74,95.25,100.0
2026-06-05,3317,尼克森,80.3,81.1,77.6,81.1,2083,797,105,0,-12,11.34,88.65,100.0
2026-06-05,3321,同泰,20.7,20.7,18.7,19.1,935,0,-342,0,0,2.19,97.8,100.0
2026-06-05,3322,建舜電,14.6,14.95,14.0,14.25,1057,344,29,0,0,3.2,96.79,100.0
2026-06-05,3323,加百裕,39.7,40.7,37.3,37.8,4214,2041,-765,0,-33,6.26,93.73,100.0
2026-06-05,3324,雙鴻,1165.0,1165.0,1080.0,1110.0,4595,2034,-342,10,-106,26.54,73.45,100.0
2026-06-05,3325,旭品,13.85,13.85,13.35,13.65,364,0,-42,0,-1,0.59,99.4,100.0
2026-06-05,3332,幸康,72.6,72.6,67.6,68.0,168,47,-1,0,2,0.95,99.04,100.0
2026-06-05,3338,泰碩,80.6,81.4,77.6,78.6,2176,765,-9,0,-1,4.14,95.85,100.0
2026-06-05,3339,泰谷,50.6,51.0,48.3,48.85,2083,930,-7,0,-1,3.16,96.83,100.0
2026-06-05,3346,麗清,26.0,27.0,25.75,26.7,2783,0,-134,0,-14,2.89,97.1,100.0
2026-06-05,3349,寶德,17.75,18.0,17.65,18.0,54,0,8,0,0,2.45,97.54,100.0
2026-06-05,3354,律勝,31.0,31.0,29.5,30.3,662,253,-96,0,0,1.42,98.57,100.0
2026-06-05,3356,奇偶,58.9,61.3,57.2,60.4,3026,396,272,0,-10,7.89,92.1,100.0
2026-06-05,3357,臺慶科,263.0,297.5,254.0,296.0,14206,7008,1339,12,74,16.94,83.05,100.0
2026-06-05,3360,尚立,14.95,14.95,14.4,14.55,453,117,29,0,0,2.1,97.89,100.0
2026-06-05,3362,先進光,152.0,157.5,145.5,148.0,16385,9134,270,0,10,5.15,94.84,100.0
2026-06-05,3363,上詮,830.0,923.0,793.0,908.0,7307,3467,1417,0,-16,19.31,80.68,100.0
2026-06-05,3372,典範,22.5,22.5,20.95,21.2,2278,0,-668,0,0,3.19,96.8,100.0
2026-06-05,3373,熱映,17.25,17.25,16.85,16.9,108,11,8,0,0,2.05,97.94,100.0
2026-06-05,3374,精材,248.0,250.5,234.0,246.5,11155,5150,-502,0,-301,10.41,89.58,100.0
2026-06-05,3376,新日興,215.0,237.0,212.5,237.0,15188,4042,2559,0,673,25.48,74.51,100.0
2026-06-05,3379,彬台,39.25,41.9,39.25,39.8,1009,549,-17,0,0,1.3,98.69,100.0
2026-06-05,3380,明泰,39.0,39.5,37.35,37.5,4671,1691,416,-1,-41,7.21,92.78,100.0
2026-06-05,3388,崇越電,99.0,100.5,96.6,100.5,709,287,-62,0,0,6.83,93.16,100.0
2026-06-05,3390,旭軟,27.7,28.05,26.8,26.8,1154,215,65,0,0,3.95,96.04,100.0
2026-06-05,3402,漢科,144.5,144.5,139.0,141.0,795,189,-169,0,-11,3.78,96.21,100.0
2026-06-05,3406,玉晶光,658.0,704.0,636.0,682.0,7004,2677,-585,403,17,44.8,55.19,100.0
2026-06-05,3413,京鼎,322.0,323.0,311.5,317.0,2160,740,55,0,-31,19.31,80.68,100.0
2026-06-05,3416,融程電,180.0,181.0,176.5,181.0,327,83,-32,0,-5,2.84,97.15,100.0
2026-06-05,3419,譁裕,14.3,14.3,13.9,14.2,262,0,39,0,2,2.17,97.82,100.0
2026-06-05,3430,奇鈦科,144.0,149.0,141.0,144.5,716,270,103,0,-2,2.76,97.23,100.0
2026-06-05,3432,台端,18.5,18.8,18.25,18.45,69,0,-1,0,0,3.04,96.95,100.0
2026-06-05,3434,哲固,35.0,36.0,33.1,34.0,582,194,90,0,0,1.69,98.3,100.0
2026-06-05,3437,榮創,23.85,24.2,22.85,23.4,1262,345,22,0,1,4.75,95.24,100.0
2026-06-05,3438,類比科,72.0,72.8,69.5,70.3,566,204,4,0,0,2.44,97.55,100.0
2026-06-05,3441,聯一光,55.7,60.2,55.2,60.2,8974,3633,794,0,16,5.27,94.72,100.0
2026-06-05,3443,創意,4335.0,4570.0,4130.0,4410.0,2408,941,202,-57,13,29.47,70.52,100.0
2026-06-05,3444,利機,104.0,106.0,99.9,103.0,1511,711,-233,0,0,10.63,89.36,100.0
2026-06-05,3447,展達,40.35,41.9,38.8,41.0,688,191,-275,0,-1,0.86,99.13,100.0
2026-06-05,3450,聯鈞,525.0,544.0,498.0,501.0,18963,12947,-1678,39,-56,19.41,80.58,100.0
2026-06-05,3455,由田,225.0,227.0,216.5,220.0,1738,578,428,0,0,18.54,81.45,100.0
2026-06-05,3465,進泰電子,32.0,32.45,31.5,32.0,60,1,-10,0,0,4.99,95.0,100.0
2026-06-05,3466,德晉,34.0,34.0,32.65,33.05,334,91,-18,0,0,9.95,90.04,100.0
2026-06-05,3467,台灣精材,68.7,68.7,66.0,66.5,305,80,37,0,0,2.53,97.46,100.0
2026-06-05,3473,智通聯網,89.73,90.9,89.2,90.9,1,0,0,0,0,0.0,0.0,0.0
2026-06-05,3479,安勤,127.0,130.0,125.0,129.0,1002,235,312,0,-46,6.62,93.37,100.0
2026-06-05,3481,群創,53.3,54.0,50.3,53.7,177087,0,12947,9,-8942,23.38,76.61,100.0
2026-06-05,3483,力致,105.0,105.0,98.0,98.0,2885,787,-879,0,-38,9.67,90.32,100.0
2026-06-05,3484,崧騰,45.35,45.4,44.45,44.65,322,53,-20,0,3,7.44,92.55,100.0
2026-06-05,3485,敘豐,366.0,366.0,332.0,350.0,457,0,30,0,0,0.67,99.32,100.0
2026-06-05,3489,森寶,22.0,22.5,22.0,22.45,147,8,39,0,0,0.37,99.62,100.0
2026-06-05,3490,單井,37.5,37.75,36.4,36.7,1070,351,32,0,0,4.64,95.35,100.0
2026-06-05,3491,昇達科,1940.0,1950.0,1780.0,1935.0,1077,0,-150,-9,-28,34.26,65.73,100.0
2026-06-05,3492,長盛,23.1,23.4,22.7,22.8,37,4,-5,0,0,0.55,99.44,100.0
2026-06-05,3494,誠研,8.34,8.34,8.09,8.11,174,0,30,0,0,1.95,98.04,100.0
2026-06-05,3498,陽程,130.0,139.0,128.5,130.5,2432,1379,-122,0,14,13.8,86.19,100.0
2026-06-05,3499,環天科,15.3,15.45,14.5,15.05,80,0,-5,0,0,0.72,99.27,100.0
2026-06-05,3501,維熹,42.85,43.75,42.4,43.75,431,87,-89,0,-4,3.22,96.77,100.0
2026-06-05,3504,揚明光,81.3,84.0,79.6,80.9,3267,1663,463,0,-1,3.53,96.46,100.0
2026-06-05,3508,位速,19.7,20.0,19.3,19.55,252,0,7,0,0,0.84,99.15,100.0
2026-06-05,3511,矽瑪,26.9,27.55,24.5,25.5,2987,865,603,0,0,3.18,96.81,100.0
2026-06-05,3512,皇龍,20.8,20.85,20.5,20.85,65,5,-24,0,0,0.43,99.56,100.0
2026-06-05,3515,華擎,249.0,250.5,240.5,249.5,1200,372,-55,-1,-22,7.84,92.15,100.0
2026-06-05,3516,亞帝歐,23.2,23.65,23.2,23.55,126,11,11,0,0,0.54,99.45,100.0
2026-06-05,3518,柏騰,31.9,32.15,31.0,31.85,651,188,-92,0,-8,7.47,92.52,100.0
2026-06-05,3520,華盈,15.6,17.05,15.0,17.05,2051,510,198,0,4,1.91,98.08,100.0
2026-06-05,3521,鴻翊,12.35,12.8,12.35,12.55,134,26,-1,0,0,0.33,99.66,100.0
2026-06-05,3521,台鋼建設,12.35,12.8,12.35,12.55,134,26,-1,0,0,0.33,99.66,100.0
2026-06-05,3522,御頂,11.6,11.7,11.3,11.7,92,0,12,0,0,0.28,99.71,100.0
2026-06-05,3522,御嵿,11.6,11.7,11.3,11.7,92,0,12,0,0,0.28,99.71,100.0
2026-06-05,3523,迎輝,23.0,23.0,20.95,20.95,233,0,0,0,0,0.08,99.91,100.0
2026-06-05,3526,凡甲,387.5,398.0,375.5,384.0,1157,468,38,-2,4,20.23,79.76,100.0
2026-06-05,3527,聚積,59.3,63.8,58.4,61.3,352,101,78,0,0,8.07,91.92,100.0
2026-06-05,3528,安馳,139.0,139.0,128.0,138.0,532,0,73,0,2,6.27,93.72,100.0
2026-06-05,3529,力旺,3500.0,3525.0,3385.0,3435.0,486,139,23,5,-15,64.67,35.32,100.0
2026-06-05,3530,晶相光,66.6,66.7,63.5,65.0,349,126,-27,0,0,41.34,58.65,100.0
2026-06-05,3531,先益,23.65,23.65,23.65,23.65,1,0,0,0,0,19.26,80.73,100.0
2026-06-05,3532,台勝科,281.0,290.0,268.5,290.0,669,0,30,-1,82,44.02,55.97,100.0
2026-06-05,3533,嘉澤,2345.0,2390.0,2240.0,2365.0,1739,415,577,-173,-33,46.18,53.81,100.0
2026-06-05,3535,晶彩科,133.5,134.0,126.5,130.5,1799,0,126,0,-1,3.96,96.03,100.0
2026-06-05,3537,堡達,74.9,83.6,71.0,83.6,8542,4201,592,0,0,6.39,93.6,100.0
2026-06-05,3540,曜越,28.0,28.0,26.75,27.0,322,51,-58,0,0,2.64,97.35,100.0
2026-06-05,3541,西柏,22.6,22.7,22.55,22.6,40,1,-3,0,0,0.91,99.08,100.0
2026-06-05,3543,州巧,35.45,35.45,34.55,34.95,562,156,-95,0,0,6.44,93.55,100.0
2026-06-05,3545,敦泰,56.0,56.6,54.4,55.9,1489,441,243,0,-36,13.7,86.29,100.0
2026-06-05,3546,宇峻,82.6,83.5,82.2,82.3,350,84,83,0,-1,8.47,91.52,100.0
2026-06-05,3548,兆利,95.0,104.5,91.7,104.5,3463,1360,8,0,165,4.54,95.45,100.0
2026-06-05,3550,聯穎,24.1,24.9,22.65,24.05,10952,6000,-436,0,-14,8.29,91.7,100.0
2026-06-05,3551,世禾,205.0,205.5,197.5,201.0,727,201,-164,0,-23,5.73,94.26,100.0
2026-06-05,3552,同致,55.2,55.3,53.7,54.0,166,25,-39,0,-8,10.02,89.97,100.0
2026-06-05,3555,博士旺,235.0,256.0,226.0,226.0,1424,793,167,0,3,2.15,97.84,100.0
2026-06-05,3556,禾瑞亞,76.0,76.0,73.3,75.0,1135,0,1,0,0,5.61,94.38,100.0
2026-06-05,3557,嘉威,24.3,24.45,23.9,24.15,77,12,-1,0,3,1.86,98.13,100.0
2026-06-05,3558,神準,139.0,139.0,131.0,133.0,221,49,-16,0,0,1.37,98.62,100.0
2026-06-05,3563,牧德,808.0,808.0,785.0,786.0,828,238,-15,0,-6,6.28,93.71,100.0
2026-06-05,3564,其陽,55.0,55.0,51.6,52.2,586,181,85,0,0,3.63,96.36,100.0
2026-06-05,3567,逸昌,28.9,28.9,28.1,28.35,130,23,17,0,0,3.58,96.41,100.0
2026-06-05,3570,大塚,184.5,192.0,182.5,191.5,224,27,-3,0,0,44.9,55.09,100.0
2026-06-05,3576,聯合再生,17.85,18.05,17.1,17.15,17925,0,-4565,0,5,12.47,87.52,100.0
2026-06-05,3577,泓格,141.0,142.0,135.0,138.0,388,142,41,0,-1,3.14,96.85,100.0
2026-06-05,3580,友威科,105.0,107.5,98.5,100.5,2251,883,32,0,0,9.8,90.19,100.0
2026-06-05,3581,博磊,186.5,188.0,173.5,173.5,1213,155,345,0,0,15.02,84.97,100.0
2026-06-05,3583,辛耘,862.0,896.0,845.0,868.0,2236,1269,196,0,-7,17.45,82.54,100.0
2026-06-05,3585,聯致,82.52,81.1,73.3,75.6,2123,0,30,0,0,0.0,0.0,0.0
2026-06-05,3587,閎康,306.5,310.5,294.5,303.5,1211,387,60,0,-16,11.04,88.95,100.0
2026-06-05,3588,通嘉,60.1,60.1,57.9,58.9,540,163,-55,0,0,4.94,95.05,100.0
2026-06-05,3591,艾笛森,24.05,24.95,23.8,24.25,1201,443,97,0,-1,6.1,93.89,100.0
2026-06-05,3592,瑞鼎,275.5,277.0,268.0,271.5,782,156,-25,-5,2,15.22,84.77,100.0
2026-06-05,3593,力銘,15.55,16.45,15.55,16.45,30,0,0,0,0,0.25,99.74,100.0
2026-06-05,3594,磐儀,48.3,48.4,47.15,47.5,310,66,48,0,0,2.97,97.02,100.0
2026-06-05,3595,山太士,2689.94,2680.0,2505.0,2575.0,300,0,1,0,0,0.0,0.0,0.0
2026-06-05,3596,智易,188.0,191.0,184.0,190.5,1858,524,654,0,5,32.92,67.07,100.0
2026-06-05,3597,映興,29.8,29.9,28.1,28.55,267,129,3,0,5,0.86,99.13,100.0
2026-06-05,3603,建祥國際,7.93,8.42,7.8,8.05,77,0,0,0,0,0.0,0.0,0.0
2026-06-05,3605,宏致,76.3,76.3,73.7,75.0,1915,596,203,0,-58,11.24,88.75,100.0
2026-06-05,3607,谷崧,17.3,17.95,17.2,17.55,2557,992,-505,0,0,5.74,94.25,100.0
2026-06-05,3609,三一東林,28.65,28.65,27.5,27.8,115,7,0,0,0,1.57,98.42,100.0
2026-06-05,3611,鼎翰,190.5,191.0,188.5,190.5,92,12,3,0,0,11.85,88.14,100.0
2026-06-05,3615,安可,57.0,63.6,56.0,60.2,30067,21100,-821,0,19,3.06,96.93,100.0
2026-06-05,3617,碩天,221.5,223.5,214.0,217.0,561,181,81,0,-10,8.8,91.19,100.0
2026-06-05,3622,洋華,61.4,61.4,58.9,59.1,880,269,-190,0,7,4.08,95.91,100.0
2026-06-05,3623,富晶通,25.15,25.65,24.5,24.8,211,40,-12,0,0,2.36,97.63,100.0
2026-06-05,3624,光頡,99.2,113.0,93.2,108.0,24605,15559,460,-1333,66,49.26,50.73,100.0
2026-06-05,3625,西勝,16.4,16.4,15.45,15.7,740,0,-214,0,0,5.63,94.36,100.0
2026-06-05,3628,盈正,77.5,77.5,74.1,74.7,671,237,22,0,3,4.56,95.43,100.0
2026-06-05,3629,地心引力,0.0,0.0,0.0,0.0,0,0,0,0,0,0.02,99.97,100.0
2026-06-05,3630,新鉅科,29.2,31.45,29.2,29.6,10299,5407,-1284,0,18,39.67,60.32,100.0
2026-06-05,3631,晟楠,34.85,35.0,33.65,34.45,138,51,15,0,0,7.46,92.53,100.0
2026-06-05,3632,研勤,8.28,8.3,8.28,8.3,12,0,0,0,0,0.29,99.7,100.0
2026-06-05,3633,云光,124.21,125.5,123.0,125.5,15,0,0,0,0,0.0,0.0,0.0
2026-06-05,3645,達邁,99.6,102.5,95.0,102.5,4667,2400,-420,0,-16,13.22,86.77,100.0
2026-06-05,3646,艾恩特,24.0,24.0,23.5,23.85,25,9,1,0,0,6.7,93.29,100.0
2026-06-05,3652,精聯,34.4,34.4,33.4,33.95,225,31,27,0,2,0.99,99.0,100.0
2026-06-05,3653,健策,3550.0,3680.0,3460.0,3620.0,1169,575,3,0,-17,25.79,74.2,100.0
2026-06-05,3659,百辰,22.86,23.5,22.55,23.5,8,0,0,0,0,0.0,0.0,0.0
2026-06-05,3661,世芯-KY,4325.0,4440.0,4135.0,4285.0,1623,833,-53,-110,-18,54.15,45.84,100.0
2026-06-05,3663,鑫科,82.5,83.0,76.4,78.5,2457,1008,36,0,-88,4.25,95.74,100.0
2026-06-05,3664,安瑞-KY,8.44,8.44,7.97,7.97,67,0,0,0,0,37.96,62.03,100.0
2026-06-05,3665,貿聯-KY,2120.0,2260.0,2120.0,2200.0,2745,1180,140,187,-17,56.1,43.89,100.0
2026-06-05,3666,光耀,26.85,27.35,26.75,26.75,80,25,3,0,-26,0.27,99.72,100.0
2026-06-05,3669,圓展,40.5,41.6,40.0,40.8,259,60,-45,0,-9,2.58,97.41,100.0
2026-06-05,3672,康聯訊,11.3,11.3,11.15,11.3,18,0,0,0,0,2.5,97.49,100.0
2026-06-05,3673,TPK-KY,86.1,88.4,82.7,86.0,23409,13394,-915,0,-1054,40.37,59.62,100.0
2026-06-05,3675,德微,355.0,384.0,340.0,384.0,1020,0,-18,0,-21,61.15,38.84,100.0
2026-06-05,3678,聯享,59.34,59.0,56.7,59.0,42,0,0,0,0,0.0,0.0,0.0
2026-06-05,3679,新至陞,125.5,125.5,124.0,125.0,77,12,-7,0,-1,8.82,91.17,100.0
2026-06-05,3680,家登,530.0,530.0,507.0,520.0,2144,875,-443,0,-53,23.25,76.74,100.0
2026-06-05,3684,榮昌,60.8,60.8,59.3,60.1,80,10,20,0,0,2.22,97.77,100.0
2026-06-05,3685,元創精密,27.95,28.75,27.35,28.75,411,0,119,0,0,0.68,99.31,100.0
2026-06-05,3686,達能,18.0,18.0,17.0,17.1,247,0,-109,0,0,2.16,97.83,100.0
2026-06-05,3687,歐買尬,73.4,77.6,71.0,76.8,731,192,148,0,0,5.05,94.94,100.0
2026-06-05,3689,湧德,139.0,142.0,133.5,141.5,4960,2503,1055,0,59,16.1,83.89,100.0
2026-06-05,3691,碩禾,162.5,165.0,154.0,160.0,3535,1701,-77,0,-1,6.87,93.12,100.0
2026-06-05,3693,營邦,573.0,577.0,541.0,569.0,782,382,-30,0,0,13.66,86.33,100.0
2026-06-05,3694,海華,67.6,68.3,66.0,67.0,1532,317,399,0,-24,4.05,95.94,100.0
2026-06-05,3701,大眾控,58.6,59.0,55.5,56.0,1991,668,-425,0,-9,4.57,95.42,100.0
2026-06-05,3702,大聯大,116.5,116.5,113.0,114.5,16516,3915,8343,-5540,-119,37.26,62.73,100.0
2026-06-05,3703,欣陸,21.45,21.75,21.2,21.55,1350,382,460,-1,-10,20.2,79.79,100.0
2026-06-05,3704,合勤控,47.7,48.05,45.8,47.7,6563,2234,285,0,-5,14.47,85.52,100.0
2026-06-05,3705,永信,57.1,57.5,57.0,57.3,296,22,74,0,1,7.24,92.75,100.0
2026-06-05,3706,神達,92.5,94.8,89.1,92.4,34244,19079,515,-18,-1724,13.32,86.67,100.0
2026-06-05,3707,漢磊,77.5,79.4,75.1,76.5,11174,5932,-418,0,-14,13.55,86.44,100.0
2026-06-05,3708,上緯投控,124.0,124.0,119.0,119.5,758,201,-287,12,-63,8.13,91.86,100.0
2026-06-05,3709,鑫聯大投控,86.3,87.0,83.7,84.3,1394,278,-502,0,-8,7.64,92.35,100.0
2026-06-05,3710,連展投控,6.59,6.79,6.18,6.18,596,0,-44,0,0,2.21,97.78,100.0
2026-06-05,3711,日月光投控,581.0,585.0,562.0,577.0,21540,6078,-850,-707,178,77.22,22.77,100.0
2026-06-05,3712,永崴投控,17.95,18.5,17.9,18.3,979,356,136,0,4,1.91,98.08,100.0
2026-06-05,3713,新晶投控,17.2,17.2,16.05,16.45,92,0,-2,0,-1,0.34,99.65,100.0
2026-06-05,3714,富采,68.6,70.8,65.5,70.2,17072,8505,-1055,0,-202,10.05,89.94,100.0
2026-06-05,3715,定穎投控,165.5,170.5,162.0,170.0,5941,2521,-169,0,-29,8.58,91.41,100.0
2026-06-05,3716,中化控股,35.6,36.6,35.4,35.6,1039,204,139,0,-5,8.76,91.23,100.0
2026-06-05,3717,聯嘉投控,22.85,22.85,22.2,22.25,1306,211,-445,0,22,4.17,95.82,100.0
2026-06-05,4102,永日,17.6,18.0,17.6,18.0,120,15,16,0,0,1.45,98.54,100.0
2026-06-05,4104,佳醫,71.5,71.6,71.0,71.5,149,15,0,0,0,3.18,96.81,100.0
2026-06-05,4105,東洋,75.1,76.3,75.0,75.5,1563,273,773,0,-5,20.9,79.09,100.0
2026-06-05,4106,雃博,24.0,24.0,23.8,24.0,139,6,11,0,-2,2.22,97.77,100.0
2026-06-05,4107,邦特,116.0,117.0,115.5,116.5,83,3,22,0,0,7.69,92.3,100.0
2026-06-05,4108,懷特,12.55,12.95,12.5,12.7,496,0,62,0,-1,1.25,98.74,100.0
2026-06-05,4109,加捷生醫,12.0,13.05,11.8,13.05,1372,122,435,0,0,1.36,98.63,100.0
2026-06-05,4111,濟生,30.3,30.35,30.0,30.15,77,20,-1,0,0,3.45,96.54,100.0
2026-06-05,4113,聯上,15.1,15.4,14.85,15.2,330,46,194,0,0,1.85,98.14,100.0
2026-06-05,4114,健喬,30.65,30.85,30.55,30.7,1023,206,201,0,2,5.74,94.25,100.0
2026-06-05,4115,善德生技,7.89,8.2,7.85,8.08,45,0,0,0,0,0.0,0.0,0.0
2026-06-05,4116,明基醫,38.6,38.65,38.15,38.15,59,7,-5,0,0,0.44,99.55,100.0
2026-06-05,4119,旭富,41.3,41.5,40.8,41.3,232,65,47,0,1,5.45,94.54,100.0
2026-06-05,4120,友華,45.95,46.45,45.65,45.75,15,3,-9,0,0,6.17,93.82,100.0
2026-06-05,4121,優盛,14.35,14.45,14.1,14.2,99,9,-21,0,0,2.04,97.95,100.0
2026-06-05,4123,晟德,38.5,39.4,38.5,38.8,3895,1016,-127,0,1,9.3,90.69,100.0
2026-06-05,4126,太醫,80.1,80.8,79.6,80.4,53,13,7,0,0,8.99,91.0,100.0
2026-06-05,4127,天良,69.5,69.5,66.0,68.9,248,0,15,0,1,0.95,99.04,100.0
2026-06-05,4128,中天,15.15,15.25,14.9,15.15,1226,381,-23,0,-8,4.28,95.71,100.0
2026-06-05,4129,聯合,89.2,90.4,89.1,90.3,203,20,-34,0,-1,11.35,88.64,100.0
2026-06-05,4130,健亞,26.4,26.4,25.95,26.3,94,12,6,0,0,2.16,97.83,100.0
2026-06-05,4131,浩泰,33.0,34.1,33.0,34.0,7,0,0,0,0,1.19,98.8,100.0
2026-06-05,4133,亞諾法,22.2,22.5,21.35,21.35,354,92,-91,0,0,12.46,87.53,100.0
2026-06-05,4137,麗豐-KY,112.5,116.0,112.0,115.5,690,70,226,0,12,56.09,43.9,100.0
2026-06-05,4138,曜亞,52.1,52.4,51.5,52.3,47,8,0,0,0,1.18,98.81,100.0
2026-06-05,4139,馬光-KY,22.2,22.35,22.15,22.35,9,0,2,0,0,16.91,83.08,100.0
2026-06-05,4142,國光生,17.8,17.95,17.55,17.85,1154,282,286,0,-6,4.82,95.17,100.0
2026-06-05,4147,中裕,58.0,58.8,55.2,55.4,1945,562,-443,0,0,8.08,91.91,100.0
2026-06-05,4148,全宇生技-KY,32.5,32.75,32.4,32.5,23,2,-2,0,-3,71.11,28.88,100.0
2026-06-05,4150,優你康,5.35,5.48,5.05,5.35,351,0,10,0,0,0.0,0.0,0.0
2026-06-05,4153,鈺緯,31.5,31.5,31.35,31.45,18,1,0,0,0,0.32,99.67,100.0
2026-06-05,4154,樂威科-KY,13.05,13.5,13.05,13.5,24,0,-2,0,0,29.99,70.0,100.0
2026-06-05,4155,訊映,15.15,15.6,14.9,15.45,1262,317,-68,0,-13,1.39,98.6,100.0
2026-06-05,4157,太景*-KY,9.08,9.31,9.03,9.12,3104,938,-607,0,-1,2.02,97.97,100.0
2026-06-05,4160,訊聯基因,41.5,41.5,40.15,40.7,63,14,-15,0,0,0.94,99.05,100.0
2026-06-05,4161,聿新科,23.25,23.45,22.95,23.25,101,25,17,0,0,0.33,99.66,100.0
2026-06-05,4162,智擎,56.3,57.3,55.3,55.5,664,170,196,0,1,8.68,91.31,100.0
2026-06-05,4163,鐿鈦,124.0,130.0,123.0,124.0,207,66,-32,0,-1,2.66,97.33,100.0
2026-06-05,4164,承業醫,30.2,30.2,29.5,30.05,886,197,63,0,-1,18.79,81.2,100.0
2026-06-05,4166,友霖,23.85,23.95,23.55,23.65,148,24,29,0,0,10.67,89.32,100.0
2026-06-05,4167,松瑞藥,20.65,20.9,20.4,20.65,1514,427,297,0,16,11.28,88.71,100.0
2026-06-05,4168,醣聯,26.25,26.25,25.55,26.1,251,0,-13,0,0,4.7,95.29,100.0
2026-06-05,4169,泰宗,159.0,159.0,152.5,154.0,133,0,-12,0,-15,6.56,93.43,100.0
2026-06-05,4170,鑫品生醫,13.07,13.1,13.0,13.1,23,0,0,0,0,0.0,0.0,0.0
2026-06-05,4171,瑞基,18.2,18.2,17.95,18.0,73,4,2,0,0,13.62,86.37,100.0
2026-06-05,4172,因華,11.28,12.15,10.55,11.0,928,0,-23,0,0,0.0,0.0,0.0
2026-06-05,4173,久裕,18.55,18.65,18.4,18.55,115,12,3,0,0,0.8,99.19,100.0
2026-06-05,4174,浩鼎,29.8,30.3,29.15,29.15,302,80,29,0,0,6.86,93.13,100.0
2026-06-05,4175,杏一,53.5,54.6,53.2,54.1,55,12,-3,0,0,0.16,99.83,100.0
2026-06-05,4178,永笙-KY,18.9,19.0,18.7,18.85,310,0,20,0,0,5.36,94.63,100.0
2026-06-05,4183,福永生技,13.8,13.8,13.8,13.8,1,0,0,0,0,0.0,99.99,100.0
2026-06-05,4186,尖端醫,10.0,10.2,9.93,10.15,167,0,0,0,0,0.0,0.0,0.0
2026-06-05,4188,安克,11.1,11.1,10.25,10.9,198,0,-3,0,0,0.08,99.91,100.0
2026-06-05,4190,佐登-KY,25.2,27.25,25.0,27.25,299,68,22,0,-7,58.87,41.12,100.0
2026-06-05,4192,杏國,20.7,20.7,20.2,20.7,27,0,0,0,0,0.31,99.68,100.0
2026-06-05,4194,禾生技,7.1,7.16,6.8,6.93,62,0,-5,0,0,0.0,0.0,0.0
2026-06-05,4195,基米-創,17.0,17.35,16.6,16.85,204,0,-57,0,0,1.05,98.94,100.0
2026-06-05,4197,暐世,9.19,9.36,8.9,9.35,42,0,0,0,0,0.0,0.0,0.0
2026-06-05,4198,欣大健康,36.5,37.75,36.5,37.75,3,0,0,0,0,1.16,98.83,100.0
2026-06-05,4205,中華食,72.7,73.4,72.7,73.3,67,2,13,0,0,0.61,99.38,100.0
2026-06-05,4207,環泰,19.4,19.55,19.35,19.55,128,18,15,0,0,1.62,98.37,100.0
2026-06-05,4303,信立,48.5,48.85,48.0,48.3,468,93,-5,0,-2,2.86,97.13,100.0
2026-06-05,4304,勝昱,25.15,27.45,25.0,26.35,77,0,3,0,0,0.04,99.95,100.0
2026-06-05,4305,世坤,43.8,43.85,43.7,43.7,10,0,0,0,0,0.06,99.93,100.0
2026-06-05,4306,炎洲,15.15,15.15,14.7,14.95,2097,488,532,0,-7,6.15,93.84,100.0
2026-06-05,4401,東隆興,14.3,14.3,13.8,13.95,147,28,-14,0,0,1.44,98.55,100.0
2026-06-05,4402,郡都開發,12.1,13.35,12.1,13.35,131,0,84,0,1,2.36,97.63,100.0
2026-06-05,4406,新昕纖,10.0,10.0,9.82,9.82,2,1,0,0,0,0.18,99.81,100.0
2026-06-05,4413,飛寶企業,16.5,16.75,16.5,16.75,6,1,-1,0,0,5.71,94.28,100.0
2026-06-05,4414,如興,8.57,8.57,8.4,8.5,379,76,91,0,0,26.51,73.48,100.0
2026-06-05,4416,三圓,11.6,11.7,11.4,11.5,272,60,-40,0,0,1.91,98.08,100.0
2026-06-05,4417,金洲,46.1,46.5,46.05,46.2,173,16,45,0,0,3.77,96.22,100.0
2026-06-05,4419,元勝,45.6,45.6,45.55,45.6,3,0,0,0,0,0.0,99.99,100.0
2026-06-05,4419,皇家美食,45.6,45.6,45.55,45.6,3,0,0,0,0,0.0,99.99,100.0
2026-06-05,4420,光明,38.9,39.15,38.15,38.75,35,2,-11,0,0,0.71,99.28,100.0
2026-06-05,4426,利勤,9.0,9.02,8.46,8.49,1208,263,-696,0,-18,2.28,97.71,100.0
2026-06-05,4430,耀億,18.0,18.0,17.6,17.7,213,28,1,0,0,2.27,97.72,100.0
2026-06-05,4431,敏成健康,16.27,16.95,16.4,16.6,29,0,0,0,0,0.0,0.0,0.0
2026-06-05,4432,銘旺實,17.0,17.0,16.5,16.5,124,21,2,0,0,0.96,99.03,100.0
2026-06-05,4433,興采,20.95,21.0,20.75,20.85,31,2,1,0,0,0.16,99.83,100.0
2026-06-05,4438,廣越,62.7,63.0,61.6,61.9,63,23,-22,0,0,1.85,98.14,100.0
2026-06-05,4439,冠星-KY,90.8,90.8,89.0,90.0,17,2,-1,0,0,61.43,38.56,100.0
2026-06-05,4440,宜新實業,18.25,18.25,18.05,18.25,57,6,5,0,0,0.84,99.15,100.0
2026-06-05,4441,振大環球,215.0,215.0,208.0,211.5,55,10,-24,0,2,1.55,98.44,100.0
2026-06-05,4442,竣邦-KY,51.0,51.4,50.1,50.7,37,4,-3,0,0,60.95,39.04,100.0
2026-06-05,4502,健信,15.75,16.0,15.55,15.95,17,0,0,0,0,4.16,95.83,100.0
2026-06-05,4503,金雨,39.85,39.85,38.75,39.1,206,56,23,0,0,3.65,96.34,100.0
2026-06-05,4506,崇友,118.0,118.0,117.5,117.5,60,5,11,0,0,3.33,96.66,100.0
2026-06-05,4510,高鋒,49.1,51.9,48.85,49.4,3883,2192,-154,0,-3,4.62,95.37,100.0
2026-06-05,4513,福裕,15.35,16.05,15.05,15.25,563,193,-153,0,0,4.55,95.44,100.0
2026-06-05,4523,永彰,30.3,30.3,29.7,30.1,154,29,20,0,0,2.92,97.07,100.0
2026-06-05,4526,東台,44.05,45.3,41.5,42.15,10753,5199,-510,0,-123,6.97,93.02,100.0
2026-06-05,4527,方土霖,42.85,42.85,41.9,41.95,60,7,-2,0,0,1.79,98.2,100.0
2026-06-05,4528,江興鍛,15.8,15.8,15.5,15.8,46,3,0,0,0,0.14,99.85,100.0
2026-06-05,4529,淳紳,4.89,4.89,4.83,4.83,17,0,0,0,0,38.06,61.93,100.0
2026-06-05,4530,宏易,25.5,26.35,25.15,25.3,9,1,-2,0,0,2.31,97.68,100.0
2026-06-05,4532,瑞智,25.4,25.4,24.45,24.55,1946,368,-6,-31,-43,17.81,82.18,100.0
2026-06-05,4533,協易機,32.5,33.25,30.65,31.0,4525,2289,-1344,0,-26,4.52,95.47,100.0
2026-06-05,4534,慶騰,34.2,34.75,29.9,33.15,8292,0,-303,0,-3,2.96,97.03,100.0
2026-06-05,4535,至興,27.3,27.3,27.05,27.2,32,1,10,0,0,0.1,99.89,100.0
2026-06-05,4536,拓凱,163.5,164.5,162.0,162.5,210,29,65,0,8,11.76,88.23,100.0
2026-06-05,4537,旭東,184.63,187.0,174.0,185.0,267,0,6,0,0,0.0,0.0,0.0
2026-06-05,4538,大詠城,18.4,18.65,18.3,18.5,97,14,-1,0,0,0.15,99.84,100.0
2026-06-05,4540,全球傳動,70.9,73.6,69.5,69.6,8619,4938,-1160,0,0,3.64,96.35,100.0
2026-06-05,4541,晟田,47.65,47.65,46.05,47.25,823,278,-63,0,0,6.51,93.48,100.0
2026-06-05,4542,科嶠,283.0,286.0,250.5,286.0,4749,1991,380,0,-791,7.3,92.69,100.0
2026-06-05,4543,萬在,43.5,43.8,41.1,41.85,477,183,31,0,0,9.26,90.73,100.0
2026-06-05,4544,春日,14.2,14.9,14.9,14.9,0,0,0,0,0,0.0,0.0,0.0
2026-06-05,4545,銘鈺,40.4,40.45,38.6,40.1,458,102,206,0,0,29.51,70.48,100.0
2026-06-05,4546,長亨,98.56,100.0,96.2,100.0,31,0,0,0,0,0.0,0.0,0.0
2026-06-05,4549,桓達,118.0,121.5,115.5,120.5,586,173,93,0,0,2.11,97.88,100.0
2026-06-05,4550,長佳,25.2,25.2,25.0,25.0,47,2,1,0,0,1.58,98.41,100.0
2026-06-05,4551,智伸科,149.0,150.5,140.0,141.5,1367,544,120,-192,2,53.06,46.93,100.0
2026-06-05,4552,力達-KY,20.4,20.7,20.4,20.55,124,7,4,0,0,42.79,57.2,100.0
2026-06-05,4553,盛復,17.82,18.55,17.75,18.5,7,0,1,0,0,0.0,0.0,0.0
2026-06-05,4554,橙的,30.1,30.4,30.05,30.4,48,7,1,0,0,24.47,75.52,100.0
2026-06-05,4555,氣立,53.5,55.1,52.5,52.8,587,219,35,0,-1,2.66,97.33,100.0
2026-06-05,4556,旭然,44.5,45.95,40.6,43.7,1163,541,-101,0,0,10.94,89.05,100.0
2026-06-05,4557,永新-KY,45.65,45.7,44.05,45.7,102,24,3,0,-4,30.48,69.51,100.0
2026-06-05,4558,寶緯,19.5,19.6,19.4,19.6,96,11,2,0,0,0.39,99.6,100.0
2026-06-05,4559,久裕興,8.22,8.31,7.92,8.3,8,0,1,0,0,0.0,0.0,0.0
2026-06-05,4560,強信-KY,33.1,33.25,32.4,32.8,405,338,-29,0,-8,84.88,15.11,100.0
2026-06-05,4561,健椿,46.8,49.5,46.8,47.7,722,304,-72,0,0,2.72,97.27,100.0
2026-06-05,4562,穎漢,41.65,44.5,40.55,40.55,4444,2920,-89,0,0,1.15,98.84,100.0
2026-06-05,4563,百德,50.7,50.7,48.6,49.15,204,57,-24,0,-4,1.66,98.33,100.0
2026-06-05,4564,元翎,16.3,16.3,15.8,16.0,586,126,-55,0,0,2.62,97.37,100.0
2026-06-05,4565,宏偉,119.0,118.5,117.5,117.5,0,0,0,0,0,0.0,0.0,0.0
2026-06-05,4566,時碩工業,68.2,69.5,66.0,68.2,1018,444,-107,0,0,1.44,98.55,100.0
2026-06-05,4568,科際精密,41.75,42.0,41.7,41.9,9,1,1,0,0,20.09,79.9,100.0
2026-06-05,4569,六方科-KY,171.0,171.0,166.0,169.5,52,10,-7,0,0,67.04,32.95,100.0
2026-06-05,4570,傑生,72.39,72.4,70.1,70.1,1,0,0,0,0,0.0,0.0,0.0
2026-06-05,4571,鈞興-KY,191.5,198.0,191.5,195.0,880,455,-111,0,0,66.35,33.64,100.0
2026-06-05,4572,駐龍,147.0,147.0,145.5,146.5,13,0,0,0,0,2.14,97.85,100.0
2026-06-05,4573,高明鐵,420.62,423.5,397.5,411.5,567,0,-25,0,0,0.0,0.0,0.0
2026-06-05,4575,銓寶,28.53,28.6,27.4,27.5,69,0,0,0,0,0.0,0.0,0.0
2026-06-05,4576,大銀微系統,228.5,233.0,215.0,220.5,2597,1240,-53,0,-37,6.04,93.95,100.0
2026-06-05,4577,達航科技,98.9,99.4,94.3,97.6,728,269,100,0,1,4.23,95.76,100.0
2026-06-05,4580,捷流閥業,83.5,83.5,82.5,82.5,57,8,0,0,0,4.09,95.9,100.0
2026-06-05,4581,光隆精密-KY,0.0,0.0,0.0,0.0,0,0,0,0,0,24.03,75.96,100.0
2026-06-05,4582,聚恆-創,26.35,26.35,25.5,25.5,293,0,-53,0,6,1.01,98.98,100.0
2026-06-05,4583,台灣精銳,686.0,686.0,660.0,675.0,107,28,-12,0,-3,1.26,98.73,100.0
2026-06-05,4584,君帆,42.7,42.95,42.0,42.15,14,0,0,0,0,0.0,99.99,100.0
2026-06-05,4585,達明,349.5,349.5,336.0,346.0,512,215,-62,0,0,0.28,99.71,100.0
2026-06-05,4587,寶元數控,59.46,61.5,59.1,61.5,37,0,0,0,0,0.0,0.0,0.0
2026-06-05,4588,玖鼎電力,64.4,64.4,59.9,60.2,341,80,8,0,0,2.52,97.47,100.0
2026-06-05,4589,碩陽電機,38.13,39.2,37.35,38.0,4,0,0,0,0,0.0,0.0,0.0
2026-06-05,4590,富田-創,73.6,75.4,73.6,74.9,276,0,31,0,0,1.96,98.03,100.0
2026-06-05,4609,唐鋒,5.66,5.66,5.4,5.4,6,0,0,0,0,0.0,99.99,100.0
2026-06-05,4702,中美實,10.3,10.35,10.0,10.15,267,46,-15,0,0,43.67,56.32,100.0
2026-06-05,4706,大恭,0.0,0.0,0.0,0.0,0,0,0,0,0,29.47,70.52,100.0
2026-06-05,4707,磐亞,20.05,20.3,19.0,20.0,2978,0,-115,0,-51,1.36,98.63,100.0
2026-06-05,4711,永純,17.6,18.4,17.05,18.2,357,86,40,0,0,1.6,98.39,100.0
2026-06-05,4714,永捷,14.05,14.05,13.65,13.75,734,233,5,0,-4,2.75,97.24,100.0
2026-06-05,4716,大立,16.8,16.85,16.55,16.8,724,226,-44,0,-1,4.17,95.82,100.0
2026-06-05,4720,德淵,29.1,29.6,26.75,27.3,11879,4165,-1364,0,-29,6.67,93.32,100.0
2026-06-05,4721,美琪瑪,88.1,88.7,85.5,88.5,1007,508,-98,0,-26,4.82,95.17,100.0
2026-06-05,4722,國精化,272.0,281.0,265.0,277.0,534,0,-10,0,-10,5.92,94.07,100.0
2026-06-05,4724,宣捷幹細胞,11.51,11.7,11.05,11.4,359,0,0,0,0,0.0,0.0,0.0
2026-06-05,4726,永昕,28.2,28.2,27.3,27.35,205,0,-34,0,0,20.83,79.16,100.0
2026-06-05,4728,雙美,379.5,379.5,379.0,379.0,2,0,1,0,0,19.65,80.34,100.0
2026-06-05,4729,熒茂,26.25,26.7,24.15,24.3,2281,1267,-102,0,0,1.56,98.43,100.0
2026-06-05,4732,彥臣,18.62,19.05,18.2,19.05,25,0,0,0,0,0.0,0.0,0.0
2026-06-05,4735,豪展,33.0,33.0,32.45,32.65,40,4,1,0,0,0.22,99.77,100.0
2026-06-05,4736,泰博,126.0,126.5,124.5,126.0,153,25,88,0,2,5.36,94.63,100.0
2026-06-05,4737,華廣,53.9,55.0,53.1,55.0,83,31,-12,0,-1,28.71,71.28,100.0
2026-06-05,4738,大同精化,8.01,9.47,8.23,8.7,650,0,-9,0,0,0.0,0.0,0.0
2026-06-05,4739,康普,115.5,120.5,113.0,118.0,5995,2927,-433,0,162,11.42,88.57,100.0
2026-06-05,4741,泓瀚,63.6,68.3,61.6,62.9,3650,2104,160,0,-1,4.16,95.83,100.0
2026-06-05,4743,合一,50.7,51.3,49.95,50.4,1577,473,127,0,-2,7.64,92.35,100.0
2026-06-05,4744,皇將,35.75,35.8,35.0,35.05,219,21,13,0,0,4.05,95.94,100.0
2026-06-05,4745,合富-KY,15.65,15.65,15.2,15.2,355,16,97,0,0,9.99,90.0,100.0
2026-06-05,4746,台耀,53.1,53.7,52.3,53.2,508,151,98,0,3,8.22,91.77,100.0
2026-06-05,4747,強生,56.0,56.5,54.1,55.7,18,4,-2,0,0,0.61,99.38,100.0
2026-06-05,4749,新應材,1015.0,1025.0,985.0,1015.0,1096,394,-170,-10,-13,12.26,87.73,100.0
2026-06-05,4754,國碳科,38.25,38.55,38.15,38.25,29,0,-2,0,0,0.25,99.74,100.0
2026-06-05,4755,三福化,144.0,149.0,142.5,147.5,457,190,87,0,-2,24.8,75.19,100.0
2026-06-05,4760,勤凱,400.0,437.5,383.5,411.0,2197,1208,-355,0,-57,7.11,92.88,100.0
2026-06-05,4763,材料*-KY,44.85,44.85,42.9,43.55,7719,2556,-1291,-9,-204,46.42,53.57,100.0
2026-06-05,4764,雙鍵,282.0,286.0,261.0,282.0,2179,971,463,0,-4,26.74,73.25,100.0
2026-06-05,4765,磐采,18.46,18.2,17.35,18.15,39,0,-2,0,0,0.0,0.0,0.0
2026-06-05,4766,南寶,374.5,374.5,363.5,366.5,487,130,55,15,-6,14.07,85.92,100.0
2026-06-05,4767,誠泰科技,27.65,27.65,27.3,27.5,9,1,0,0,0,0.04,99.95,100.0
2026-06-05,4768,晶呈科技,450.5,454.0,434.0,440.0,1025,381,-84,0,-11,6.72,93.27,100.0
2026-06-05,4770,上品,242.0,242.0,229.5,237.5,615,243,20,0,-91,6.9,93.09,100.0
2026-06-05,4771,望隼,198.0,199.5,194.5,196.0,553,124,-202,0,3,6.87,93.12,100.0
2026-06-05,4772,台特化,300.0,300.0,291.0,297.5,1044,262,-146,0,-52,5.24,94.75,100.0
2026-06-05,4806,桂田文創,10.1,10.35,10.1,10.35,29,0,0,0,0,1.88,98.11,100.0
2026-06-05,4807,日成-KY,36.15,38.85,35.35,38.5,1767,785,60,0,-6,67.31,32.68,100.0
2026-06-05,4903,聯光通,45.0,45.05,43.9,44.1,1178,388,62,0,3,2.45,97.54,100.0
2026-06-05,4904,遠傳,102.0,103.0,100.0,101.5,8624,4270,-1240,-223,475,21.47,27.35,49.0
2026-06-05,4905,台聯電,81.7,82.0,81.2,81.2,21,5,-3,0,0,9.68,90.31,100.0
2026-06-05,4906,正文,48.0,48.8,45.85,47.95,18710,7649,1963,0,-400,12.86,87.13,100.0
2026-06-05,4907,富宇,38.75,39.1,38.45,39.0,138,44,5,0,12,0.26,99.73,100.0
2026-06-05,4908,前鼎,231.0,234.0,216.0,226.5,1936,914,217,0,-5,10.32,89.67,100.0
2026-06-05,4909,新復興,50.6,51.2,49.45,50.0,795,232,133,0,-18,9.31,90.68,100.0
2026-06-05,4911,德英,32.2,32.2,31.85,32.0,67,4,7,0,0,0.31,99.68,100.0
2026-06-05,4912,聯德控股-KY,95.0,95.0,91.8,92.7,892,264,25,0,0,24.28,75.71,100.0
2026-06-05,4915,致伸,77.0,78.0,75.8,77.4,4917,1132,932,-1,261,33.03,66.96,100.0
2026-06-05,4916,事欣科,122.0,122.0,111.0,120.0,3292,0,255,0,-63,21.03,78.96,100.0
2026-06-05,4919,新唐,184.0,186.5,175.5,178.0,3642,0,9,0,-120,9.3,90.69,100.0
2026-06-05,4923,力士,42.75,47.95,42.7,45.7,1421,744,21,0,0,1.12,98.87,100.0
2026-06-05,4924,欣厚-KY,12.6,12.75,12.55,12.75,31,5,-11,0,0,38.2,61.79,100.0
2026-06-05,4925,智微,136.37,136.5,127.0,128.5,593,0,-7,0,0,0.0,0.0,0.0
2026-06-05,4927,泰鼎-KY,52.9,53.5,50.4,51.8,7685,3351,-1040,0,-1,8.51,91.48,100.0
2026-06-05,4930,燦星網,18.4,18.4,18.0,18.0,55,15,-11,0,0,2.15,97.84,100.0
2026-06-05,4931,新盛力,259.0,266.0,238.0,242.5,13495,8353,-315,-361,-109,12.23,87.76,100.0
2026-06-05,4933,友輝,75.4,75.9,73.0,73.9,568,168,87,0,-66,7.6,92.39,100.0
2026-06-05,4934,太極,17.1,17.1,16.25,16.55,1272,0,-551,0,-41,2.57,97.42,100.0
2026-06-05,4935,茂林-KY,40.5,41.3,40.3,41.1,198,60,15,0,-7,26.71,73.28,100.0
2026-06-05,4938,和碩,97.0,97.4,91.3,96.9,37968,11253,-14167,14532,-560,29.22,70.77,100.0
2026-06-05,4939,亞電,55.4,59.7,55.0,59.7,18049,6046,3780,0,398,9.88,90.11,100.0
2026-06-05,4942,嘉彰,38.1,38.45,38.05,38.2,71,10,1,0,-2,6.88,93.11,100.0
2026-06-05,4943,康控-KY,8.95,9.0,8.82,8.9,18,0,0,0,0,15.6,84.39,100.0
2026-06-05,4946,辣椒,108.5,111.5,103.5,109.5,118,0,25,0,0,4.79,95.2,100.0
2026-06-05,4949,有成精密,97.5,98.3,93.0,93.9,1337,410,-91,0,1,2.78,97.21,100.0
2026-06-05,4950,金耘國際,16.15,16.25,16.1,16.1,12,0,-3,0,0,0.08,99.91,100.0
2026-06-05,4951,精拓科,113.0,118.5,112.0,113.0,746,187,-106,0,0,3.66,96.33,100.0
2026-06-05,4952,凌通,50.4,50.6,49.0,49.4,462,86,-92,0,-5,5.35,94.64,100.0
2026-06-05,4953,緯軟,143.0,145.5,139.0,143.0,2620,945,375,0,23,12.66,87.33,100.0
2026-06-05,4956,光鋐,44.1,44.25,41.9,42.85,2171,760,142,0,-1,10.34,89.65,100.0
2026-06-05,4958,臻鼎-KY,480.0,513.0,450.0,504.0,8176,0,-145,22,-215,63.38,36.61,100.0
2026-06-05,4960,誠美材,32.25,34.1,31.1,32.6,6888,3057,350,0,-2,19.46,80.53,100.0
2026-06-05,4961,天鈺,167.0,169.0,163.0,168.5,794,294,56,21,-16,19.58,80.41,100.0
2026-06-05,4966,譜瑞-KY,742.0,765.0,721.0,736.0,3291,1173,1048,-719,-25,36.59,63.4,100.0
2026-06-05,4967,十銓,295.0,295.0,272.0,279.0,13168,5094,-3740,0,-54,9.87,90.12,100.0
2026-06-05,4968,立積,115.5,116.0,112.0,113.5,999,220,-187,0,-9,4.15,95.84,100.0
2026-06-05,4971,IET-KY,680.0,703.0,640.0,670.0,1538,977,-57,0,-6,12.55,87.44,100.0
2026-06-05,4972,湯石照明,17.0,17.05,16.85,16.95,37,1,-7,0,0,2.1,97.89,100.0
2026-06-05,4973,廣穎,173.5,173.5,160.0,171.5,2701,0,160,0,13,8.21,91.78,100.0
2026-06-05,4974,亞泰,77.8,78.5,76.4,77.2,365,107,34,0,0,4.87,95.12,100.0
2026-06-05,4976,佳凌,34.75,35.2,33.55,33.7,2635,1243,-500,0,0,3.49,96.5,100.0
2026-06-05,4977,眾達-KY,205.0,206.0,196.0,200.5,3475,1492,154,0,-78,15.31,84.68,100.0
2026-06-05,4979,華星光,550.0,596.0,545.0,596.0,1359,0,198,0,32,13.0,86.99,100.0
2026-06-05,4980,佐臻,47.63,48.5,45.6,48.0,103,0,4,0,0,0.0,0.0,0.0
2026-06-05,4989,榮科,92.2,92.2,87.4,90.9,5838,2360,546,0,1,3.17,96.82,100.0
2026-06-05,4991,環宇-KY,682.0,689.0,621.0,654.0,4067,2318,393,-160,-83,17.83,82.16,100.0
2026-06-05,4994,傳奇,87.0,87.7,86.5,87.6,19,4,-2,0,-1,2.67,97.32,100.0
2026-06-05,4995,晶達,45.6,46.15,44.7,46.15,32,7,2,0,0,0.45,99.54,100.0
2026-06-05,4999,鑫禾,22.5,22.5,21.5,21.65,153,15,-42,0,-1,1.67,98.32,100.0
2026-06-05,5007,三星,57.7,57.7,57.1,57.1,8,1,-1,0,0,2.96,97.03,100.0
2026-06-05,5009,榮剛,37.4,37.6,36.35,37.25,3123,934,-61,-5,-124,10.88,89.11,100.0
2026-06-05,5011,久陽,19.15,19.35,18.7,18.7,482,116,-104,0,0,2.79,97.2,100.0
2026-06-05,5013,強新,0.0,0.0,0.0,0.0,0,0,0,0,0,12.22,87.77,100.0
2026-06-05,5014,建錩,11.35,11.5,11.25,11.4,489,18,100,0,0,1.73,98.26,100.0
2026-06-05,5015,華祺,24.95,24.95,24.3,24.3,9,1,-1,0,0,6.77,93.22,100.0
2026-06-05,5016,松和,25.85,25.85,25.5,25.55,33,3,-5,0,0,0.62,99.37,100.0
2026-06-05,5201,凱衛,29.0,29.2,28.4,29.2,42,10,-2,0,0,8.27,91.72,100.0
2026-06-05,5202,力新,16.0,16.2,15.1,15.75,5408,2630,-141,0,-2,0.98,99.01,100.0
2026-06-05,5203,訊連,72.0,73.3,71.0,71.8,585,150,-132,0,-1,10.76,89.23,100.0
2026-06-05,5205,中茂,22.55,23.25,22.55,22.75,7,0,0,0,0,0.04,99.95,100.0
2026-06-05,5206,坤悅,22.55,24.15,22.55,23.6,572,158,8,0,0,6.4,93.59,100.0
2026-06-05,5209,新鼎,174.5,175.5,174.0,175.5,90,9,-19,0,0,2.03,97.96,100.0
2026-06-05,5210,寶碩,31.5,31.5,29.65,29.9,1195,204,-611,0,9,1.18,98.81,100.0
2026-06-05,5211,蒙恬,20.05,20.05,19.15,19.3,122,32,-4,0,0,7.92,92.07,100.0
2026-06-05,5212,凌網,45.5,46.15,45.25,46.15,34,9,0,0,0,21.76,78.23,100.0
2026-06-05,5213,亞昕,27.0,27.05,26.6,26.8,2923,146,-601,0,0,1.1,98.89,100.0
2026-06-05,5215,科嘉-KY,48.9,49.15,47.15,48.4,257,77,57,0,-1,25.89,74.1,100.0
2026-06-05,5220,萬達光電,22.8,23.2,22.75,23.0,40,2,0,0,0,0.45,99.54,100.0
2026-06-05,5222,全訊,123.5,124.0,120.5,121.5,445,94,-87,-1,-5,3.96,6.03,10.0
2026-06-05,5223,安力-KY,26.0,26.4,26.0,26.35,16,0,-8,0,0,41.97,58.02,100.0
2026-06-05,5225,東科-KY,78.9,78.9,74.5,74.9,1034,300,-244,0,2,39.65,60.34,100.0
2026-06-05,5227,立凱-KY,26.5,26.85,25.15,25.2,352,0,-166,0,0,12.81,87.18,100.0
2026-06-05,5228,鈺鎧,61.5,69.4,59.0,69.4,3438,1533,813,0,-8,3.64,96.35,100.0
2026-06-05,5230,雷笛克光學,18.3,18.8,17.75,18.35,419,132,50,0,0,1.61,98.38,100.0
2026-06-05,5234,達興材料,392.0,405.5,378.5,403.5,827,297,-8,-96,7,10.18,89.81,100.0
2026-06-05,5236,凌陽創新,164.5,165.0,161.0,164.5,287,57,56,0,0,5.59,94.4,100.0
2026-06-05,5240,建騰,24.79,25.05,24.1,25.05,1,0,0,0,0,0.0,0.0,0.0
2026-06-05,5243,乙盛-KY,118.5,118.5,111.5,112.5,4098,1494,471,0,-124,54.8,45.19,100.0
2026-06-05,5244,弘凱,39.45,39.45,38.5,38.5,308,71,-37,0,0,1.75,98.24,100.0
2026-06-05,5245,智晶,27.85,28.35,27.15,27.85,235,46,46,0,0,3.43,96.56,100.0
2026-06-05,5246,勵威,176.93,191.0,170.0,184.5,661,0,7,0,0,0.0,0.0,0.0
2026-06-05,5248,景傳,40.77,41.1,39.15,40.85,71,0,0,0,0,0.0,0.0,0.0
2026-06-05,5251,天鉞電,32.8,34.25,30.85,31.15,875,392,-57,0,0,26.93,73.06,100.0
2026-06-05,5254,欣訊科技,47.45,46.7,43.85,44.35,141,0,-2,0,0,0.0,0.0,0.0
2026-06-05,5258,虹堡,50.7,50.8,49.45,50.3,650,183,-2,0,-1,4.84,95.15,100.0
2026-06-05,5262,立達,51.48,51.6,49.9,50.6,147,0,-10,0,0,0.0,0.0,0.0
2026-06-05,5263,智崴,106.0,107.5,104.0,107.5,136,26,9,0,9,13.4,86.59,100.0
2026-06-05,5267,龍翩,61.28,62.1,57.8,61.5,83,0,-4,0,0,0.0,0.0,0.0
2026-06-05,5269,祥碩,1570.0,1570.0,1495.0,1525.0,1332,438,-184,-2,-42,7.28,92.71,100.0
2026-06-05,5271,紘通,17.93,17.85,16.15,16.9,655,0,-1,0,0,0.0,0.0,0.0
2026-06-05,5272,笙科,22.9,22.9,22.2,22.35,217,48,24,0,0,3.52,96.47,100.0
2026-06-05,5274,信驊,18265.0,18600.0,17505.0,17505.0,296,102,-40,-10,-4,53.67,46.32,100.0
2026-06-05,5276,達輝-KY,19.9,19.9,18.0,19.4,125,0,6,0,0,77.02,22.97,100.0
2026-06-05,5278,尚凡,23.95,23.95,23.25,23.3,267,36,27,0,0,0.64,99.35,100.0
2026-06-05,5278,尚凡*,23.95,23.95,23.25,23.3,267,36,27,0,0,0.64,99.35,100.0
2026-06-05,5283,禾聯碩,53.0,53.0,52.2,52.5,89,8,-48,0,0,1.37,98.62,100.0
2026-06-05,5284,jpp-KY,415.0,424.0,402.0,406.5,1045,423,12,0,-25,51.41,48.58,100.0
2026-06-05,5285,界霖,98.4,98.9,90.4,91.8,7401,3849,-75,40,-4,5.29,94.7,100.0
2026-06-05,5287,數字,146.5,150.5,146.5,149.5,122,8,-11,0,0,15.98,84.01,100.0
2026-06-05,5288,豐祥-KY,166.0,168.5,165.0,166.5,96,33,10,0,-2,58.84,41.15,100.0
2026-06-05,5289,宜鼎,1860.0,1860.0,1715.0,1755.0,4262,2027,-520,-54,-37,23.98,76.01,100.0
2026-06-05,5291,邑昇,67.8,69.9,65.6,67.8,715,309,-87,0,-4,3.86,96.13,100.0
2026-06-05,5292,華懋,225.0,225.0,216.0,216.5,219,37,-47,0,0,5.97,94.02,100.0
2026-06-05,5297,廣化,99.7,102.5,94.8,98.5,603,0,-19,0,0,0.0,0.0,0.0
2026-06-05,5299,杰力,110.0,111.5,107.5,110.0,435,178,-43,0,0,2.32,97.67,100.0
2026-06-05,5301,寶得利,7.01,7.01,6.81,6.81,10,0,0,0,0,2.1,97.89,100.0
2026-06-05,5302,太欣,11.15,11.35,10.55,10.7,800,0,87,0,0,1.42,98.57,100.0
2026-06-05,5306,桂盟,84.8,85.3,84.0,85.0,253,15,32,0,1,12.65,87.34,100.0
2026-06-05,5309,系統電,80.3,80.4,73.7,74.3,23931,5668,-9462,21,-1217,8.96,91.03,100.0
2026-06-05,5310,天剛,23.9,23.9,23.15,23.8,17,0,0,0,0,0.06,99.93,100.0
2026-06-05,5312,寶島科,95.0,95.9,94.0,95.6,71,9,8,0,1,7.87,92.12,100.0
2026-06-05,5314,世紀*,62.1,63.0,61.2,61.2,2957,610,-387,0,-6,12.85,87.14,100.0
2026-06-05,5315,光聯,22.75,22.85,22.4,22.5,466,118,50,0,0,9.55,90.44,100.0
2026-06-05,5321,美而快,47.6,47.6,45.45,45.55,496,0,-4,0,7,1.7,98.29,100.0
2026-06-05,5324,士開,11.95,12.15,11.85,12.15,307,0,0,0,0,5.26,94.73,100.0
2026-06-05,5328,華容,36.9,41.0,35.0,40.7,41425,25074,4337,0,201,5.67,94.32,100.0
2026-06-05,5340,建榮,99.0,99.3,94.0,95.1,2537,425,-38,0,-45,49.78,50.21,100.0
2026-06-05,5344,立衛,16.25,16.25,16.05,16.05,103,0,17,0,0,0.18,99.81,100.0
2026-06-05,5345,天揚,22.1,24.2,22.1,24.2,49,0,0,0,0,0.03,99.96,100.0
2026-06-05,5345,馥鴻,22.1,24.2,22.1,24.2,49,0,0,0,0,0.03,99.96,100.0
2026-06-05,5347,世界,161.0,163.0,155.5,161.5,26051,9849,6994,-8665,-104,29.72,70.27,100.0
2026-06-05,5348,正能量智能,15.45,15.45,15.45,15.45,2,0,0,0,0,0.02,99.97,100.0
2026-06-05,5351,鈺創,91.5,96.0,85.8,86.2,66717,41941,-12192,0,-83,20.48,79.51,100.0
2026-06-05,5353,台林,33.1,34.55,32.35,34.05,1070,510,-53,0,0,0.45,99.54,100.0
2026-06-05,5355,佳總,6.77,6.77,6.5,6.7,24,0,0,0,0,0.19,99.8,100.0
2026-06-05,5356,協益,27.45,27.55,27.25,27.35,116,13,-14,0,0,3.29,96.7,100.0
2026-06-05,5364,力麗店,8.84,8.87,8.75,8.86,31,1,-1,0,0,0.69,99.3,100.0
2026-06-05,5371,中光電,75.3,76.1,71.1,73.5,4521,2031,-931,380,-54,7.82,92.17,100.0
2026-06-05,5381,光譜,31.0,31.1,28.1,30.95,5735,2727,-323,0,0,0.8,99.19,100.0
2026-06-05,5386,青雲,530.0,530.0,487.0,511.0,2686,1241,-156,0,-4,3.44,96.55,100.0
2026-06-05,5388,中磊,89.8,90.8,88.3,89.6,4060,1300,120,0,-109,19.23,80.76,100.0
2026-06-05,5392,能率,45.7,47.3,45.05,45.6,7206,4457,-666,0,-9,3.62,96.37,100.0
2026-06-05,5398,慕康生醫,18.0,18.55,17.9,18.1,86,13,7,0,0,5.59,94.4,100.0
2026-06-05,5403,中菲,93.6,93.8,91.5,92.1,250,60,9,0,0,6.22,93.77,100.0
2026-06-05,5410,國眾,40.05,40.35,39.1,40.05,1657,391,602,0,0,9.77,90.22,100.0
2026-06-05,5425,台半,100.0,104.0,97.4,101.0,24903,15253,1846,-621,-638,15.92,84.07,100.0
2026-06-05,5426,振發,29.0,29.95,28.6,29.95,11345,1526,465,0,-268,2.85,97.14,100.0
2026-06-05,5432,新門,129.5,138.0,126.0,135.5,234,118,21,0,-1,0.92,99.07,100.0
2026-06-05,5434,崇越,465.0,465.0,448.0,458.5,1356,367,-69,6,0,31.05,68.94,100.0
2026-06-05,5438,東友,19.75,19.8,19.35,19.8,99,34,6,0,0,1.15,98.84,100.0
2026-06-05,5439,高技,359.0,371.0,347.5,364.5,2763,1421,51,-500,-19,18.76,81.23,100.0
2026-06-05,5443,均豪,117.5,119.0,112.0,115.0,3032,1250,-518,0,-150,7.81,92.18,100.0
2026-06-05,5450,寶聯通,13.45,13.45,13.3,13.3,11,3,-2,0,0,0.13,99.86,100.0
2026-06-05,5450,南良,13.45,13.45,13.3,13.3,11,3,-2,0,0,0.13,99.86,100.0
2026-06-05,5452,佶優,36.35,37.5,34.25,35.6,8441,4311,-1546,0,60,10.2,89.79,100.0
2026-06-05,5455,昇益,25.0,25.0,25.0,25.0,7,0,4,0,0,0.08,99.91,100.0
2026-06-05,5457,宣德,31.4,31.5,30.25,31.0,529,170,-1,0,-12,28.1,71.89,100.0
2026-06-05,5460,同協,15.3,15.3,15.05,15.05,88,2,-1,0,0,0.42,99.57,100.0
2026-06-05,5464,霖宏,66.8,69.1,63.3,67.6,1424,501,-193,0,-9,3.68,96.31,100.0
2026-06-05,5465,富驊,27.3,27.9,27.0,27.15,523,206,146,0,2,1.04,98.95,100.0
2026-06-05,5468,凱鈺,18.1,18.1,17.6,17.8,65,0,1,0,0,0.18,99.81,100.0
2026-06-05,5469,瀚宇博,85.6,85.6,82.2,84.0,3005,1226,-487,-1,-71,11.13,88.86,100.0
2026-06-05,5471,松翰,51.7,52.1,50.3,51.2,1272,374,43,0,0,9.93,90.06,100.0
2026-06-05,5474,聰泰,174.5,180.5,172.5,175.5,516,180,-77,0,-2,2.12,97.87,100.0
2026-06-05,5475,德宏,291.5,297.0,273.0,280.5,2715,0,29,0,26,9.0,90.99,100.0
2026-06-05,5478,智冠,104.0,106.0,104.0,104.0,333,58,97,0,6,18.1,81.89,100.0
2026-06-05,5481,新華,18.8,18.9,18.6,18.7,125,12,-3,0,0,25.92,74.07,100.0
2026-06-05,5483,中美晶,157.5,158.0,149.5,152.5,15056,5444,334,-3772,-281,23.33,76.66,100.0
2026-06-05,5484,慧友,54.1,58.6,52.2,57.9,2629,0,418,0,0,2.09,97.9,100.0
2026-06-05,5487,通泰,27.4,27.8,27.2,27.65,37,28,-6,0,0,0.58,99.41,100.0
2026-06-05,5488,松普,13.2,13.45,12.8,13.0,1015,303,73,0,-1,1.52,98.47,100.0
2026-06-05,5489,彩富,39.95,42.4,39.95,40.45,410,205,-28,0,8,0.6,99.39,100.0
2026-06-05,5490,同亨,29.5,29.6,29.0,29.15,607,133,76,0,0,6.84,93.15,100.0
2026-06-05,5493,三聯,91.6,94.0,87.0,93.1,569,192,96,0,-7,2.73,97.26,100.0
2026-06-05,5498,凱崴,60.5,61.8,57.2,61.8,3776,1686,246,0,-1,3.18,96.81,100.0
2026-06-05,5508,永信建,54.0,56.8,53.6,55.9,1354,352,123,-1,16,3.45,96.54,100.0
2026-06-05,5511,德昌,73.3,74.1,72.9,73.7,231,24,55,0,0,4.39,95.6,100.0
2026-06-05,5512,力麒,7.95,8.22,7.95,8.03,4639,1616,377,0,0,5.01,94.98,100.0
2026-06-05,5514,三豐,13.85,13.85,13.55,13.75,18,3,6,0,0,0.03,99.96,100.0
2026-06-05,5515,建國,41.05,41.75,40.95,41.15,561,178,195,-4,-4,12.49,87.5,100.0
2026-06-05,5516,雙喜,10.95,11.0,10.55,10.8,264,0,0,0,0,0.08,99.91,100.0
2026-06-05,5519,隆大,32.35,32.8,32.05,32.7,635,97,182,0,3,4.4,95.59,100.0
2026-06-05,5520,力泰,81.4,81.4,81.4,81.4,5,0,2,0,0,0.03,99.96,100.0
2026-06-05,5521,工信,10.45,10.55,10.15,10.15,6769,2290,960,0,-2,7.96,92.03,100.0
2026-06-05,5522,遠雄,74.1,76.6,74.0,76.1,1238,389,267,-1,5,4.72,95.27,100.0
2026-06-05,5523,豐謙,30.25,30.45,30.2,30.45,31,11,0,0,0,0.12,99.87,100.0
2026-06-05,5525,順天,22.1,22.8,22.1,22.8,147,7,-26,0,0,1.7,98.29,100.0
2026-06-05,5529,鉅陞,22.65,23.15,22.3,22.7,219,54,-15,0,0,0.75,99.24,100.0
2026-06-05,5530,龍巖,55.0,55.4,50.6,51.6,1415,371,-417,0,0,54.25,45.74,100.0
2026-06-05,5531,鄉林,8.19,8.24,8.05,8.05,779,209,-142,0,0,2.6,97.39,100.0
2026-06-05,5533,皇鼎,14.0,14.05,13.9,14.0,353,22,-29,0,13,2.74,97.25,100.0
2026-06-05,5534,長虹,76.4,78.4,75.3,77.4,4073,823,1209,315,-26,8.68,91.31,100.0
2026-06-05,5536,聖暉*,1115.0,1205.0,1115.0,1130.0,2690,1241,752,3,-26,39.1,60.89,100.0
2026-06-05,5538,東明-KY,36.4,36.4,35.05,35.15,7,2,1,0,-1,63.83,36.16,100.0
2026-06-05,5543,桓鼎-KY,30.3,30.3,29.8,30.0,15,0,-2,0,0,0.01,99.98,100.0
2026-06-05,5546,永固-KY,16.95,17.3,16.85,17.1,45,6,13,0,-2,53.79,46.2,100.0
2026-06-05,5547,久舜,22.35,22.4,22.0,22.1,33,0,0,0,0,0.16,99.83,100.0
2026-06-05,5548,安倉,23.4,23.5,23.1,23.35,55,8,2,0,0,0.2,99.79,100.0
2026-06-05,5601,台聯櫃,32.05,32.05,32.05,32.05,1,0,0,0,0,4.44,95.55,100.0
2026-06-05,5603,陸海,15.3,15.3,15.05,15.3,101,15,10,0,0,5.21,94.78,100.0
2026-06-05,5604,中連貨,31.0,31.6,30.8,31.45,12,0,1,0,0,3.05,96.94,100.0
2026-06-05,5604,中連,31.0,31.6,30.8,31.45,12,0,1,0,0,3.05,96.94,100.0
2026-06-05,5607,遠雄港,52.9,53.5,51.9,53.3,891,194,245,0,5,3.53,96.46,100.0
2026-06-05,5608,四維航,15.05,15.35,15.05,15.05,2730,935,-29,0,-5,5.03,42.46,47.5
2026-06-05,5609,中菲行,82.0,82.4,81.7,82.1,166,18,18,0,9,14.47,85.52,100.0
2026-06-05,5701,劍湖山,6.43,6.43,6.0,6.43,8581,0,24,0,0,0.01,99.98,100.0
2026-06-05,5703,亞都,14.45,14.45,14.45,14.45,4,0,0,0,0,6.62,93.37,100.0
2026-06-05,5704,老爺知,21.0,21.4,21.0,21.15,81,3,30,0,0,0.21,99.78,100.0
2026-06-05,5706,鳳凰,53.7,53.8,53.0,53.2,342,50,71,0,-1,2.12,97.87,100.0
2026-06-05,5859,遠壽,13.4,13.85,13.25,13.75,44,0,-5,0,0,0.0,0.0,0.0
2026-06-05,5863,瑞興銀,10.83,11.0,10.7,10.95,117,0,0,0,0,0.0,0.0,0.0
2026-06-05,5864,致和證,50.2,53.6,48.85,53.6,15314,5619,1077,0,0,6.72,93.27,100.0
2026-06-05,5871,中租-KY,119.0,119.5,116.0,118.0,21923,7701,-7551,9008,-48,44.41,55.58,100.0
2026-06-05,5876,上海商銀,40.75,41.1,40.35,40.75,10573,3516,-2196,-97,-320,53.52,46.47,100.0
2026-06-05,5878,台名,39.3,39.65,39.3,39.5,10,0,0,0,0,0.56,99.43,100.0
2026-06-05,5880,合庫金,23.7,23.7,23.3,23.45,28747,7362,-2375,48,143,15.32,84.67,100.0
2026-06-05,5902,德記,35.25,35.75,34.9,35.45,20,1,-6,0,0,1.19,98.8,100.0
2026-06-05,5903,全家,189.5,189.5,189.0,189.0,27,0,-3,0,0,50.92,49.07,100.0
2026-06-05,5904,寶雅,587.0,590.0,572.0,577.0,409,115,196,-9,0,29.4,70.59,100.0
2026-06-05,5905,南仁湖,8.39,8.55,8.19,8.34,955,0,209,0,0,1.57,98.42,100.0
2026-06-05,5906,台南-KY,46.5,48.05,46.5,48.05,6,1,0,0,0,19.37,80.62,100.0
2026-06-05,5907,大洋-KY,5.48,5.48,5.2,5.2,413,150,-46,0,0,52.27,47.72,100.0
2026-06-05,6005,群益證,42.1,45.55,41.8,45.05,35591,12266,7202,-4603,0,17.81,82.18,100.0
2026-06-05,6015,宏遠證,22.5,22.7,21.0,22.6,15465,7545,-207,0,0,9.11,90.88,100.0
2026-06-05,6016,康和證,35.5,36.1,34.0,36.0,25247,11348,87,0,0,10.63,89.36,100.0
2026-06-05,6020,大展證,25.85,25.85,24.4,25.1,470,98,-5,0,0,0.02,99.97,100.0
2026-06-05,6021,美好證,42.85,44.4,42.0,44.3,1533,874,175,0,0,7.76,92.23,100.0
2026-06-05,6023,元大期,101.5,101.5,99.4,99.7,506,47,191,0,0,2.15,97.84,100.0
2026-06-05,6024,群益期,61.5,61.6,59.7,60.4,1063,230,-97,0,0,4.3,95.69,100.0
2026-06-05,6026,福邦證,18.9,19.2,18.35,19.15,7495,2092,1984,0,0,9.36,90.63,100.0
2026-06-05,6027,德信,12.81,13.45,12.9,13.45,72,0,0,0,0,0.0,0.0,0.0
2026-06-05,6028,公勝保經,79.2,79.8,79.0,79.8,25,0,0,0,0,0.64,99.35,100.0
2026-06-05,6035,悠遊卡,51.84,53.0,52.3,53.0,2,0,0,0,0,0.0,0.0,0.0
2026-06-05,6101,寬魚國際,41.6,41.6,40.75,41.1,250,18,-34,0,-2,0.39,99.6,100.0
2026-06-05,6103,合邦,39.2,39.2,39.2,39.2,3,0,0,0,0,0.68,99.31,100.0
2026-06-05,6104,創惟,102.0,103.0,98.0,103.0,2127,956,-217,0,-62,12.48,87.51,100.0
2026-06-05,6108,競國,19.25,19.7,19.0,19.6,1045,363,329,0,4,3.84,96.15,100.0
2026-06-05,6109,亞元,11.9,11.9,11.4,11.5,224,0,-4,0,0,1.97,98.02,100.0
2026-06-05,6111,光聚晶電,43.5,45.0,43.5,44.0,269,63,-7,0,-4,10.7,89.29,100.0
2026-06-05,6112,邁達特,47.7,51.0,46.0,50.0,4738,2166,73,0,104,1.83,98.16,100.0
2026-06-05,6113,亞矽,26.2,26.55,25.35,26.2,312,88,50,0,0,3.51,96.48,100.0
2026-06-05,6114,久威,31.0,31.0,30.35,30.4,38,9,-2,0,0,0.77,99.22,100.0
2026-06-05,6115,鎰勝,50.0,50.0,48.2,49.4,718,172,-138,0,-8,5.59,94.4,100.0
2026-06-05,6116,彩晶,18.45,18.45,18.45,18.45,18628,0,1184,0,62,7.5,92.49,100.0
2026-06-05,6117,迎廣,84.6,84.6,80.1,83.0,898,331,81,0,-29,1.99,98.0,100.0
2026-06-05,6118,建達,18.3,18.3,17.7,17.9,290,58,-33,0,0,1.41,98.58,100.0
2026-06-05,6120,達運,15.45,15.65,14.6,15.3,5512,2512,582,0,-185,9.53,90.46,100.0
2026-06-05,6121,新普,412.0,423.5,410.0,422.5,2244,509,894,-495,8,39.2,60.79,100.0
2026-06-05,6122,擎邦,48.35,48.8,47.95,48.6,205,37,12,0,0,4.78,95.21,100.0
2026-06-05,6123,上奇,47.35,48.15,46.5,46.7,173,21,-52,0,0,2.57,97.42,100.0
2026-06-05,6124,業強,36.25,36.65,33.5,33.5,578,221,-30,0,-6,50.99,49.0,100.0
2026-06-05,6125,廣運,66.7,67.7,64.0,64.8,2088,616,67,0,-67,9.33,90.66,100.0
2026-06-05,6126,信音,42.8,43.65,38.7,42.5,12510,5743,-2457,0,-37,5.21,94.78,100.0
2026-06-05,6127,九豪,74.0,81.9,71.9,75.6,49294,37388,-198,0,93,8.84,91.15,100.0
2026-06-05,6128,上福,21.15,21.15,20.75,20.8,158,11,-2,0,-2,4.49,95.5,100.0
2026-06-05,6129,普誠,16.65,16.85,16.15,16.4,702,0,5,0,0,2.3,97.69,100.0
2026-06-05,6130,上亞科技,22.25,22.6,21.85,22.1,96,21,-19,0,0,0.45,99.54,100.0
2026-06-05,6133,金橋,24.9,26.9,24.1,24.15,9971,5281,-932,0,-1,2.13,97.86,100.0
2026-06-05,6134,萬旭,36.45,37.3,34.9,35.35,1738,702,-16,0,1,27.28,72.71,100.0
2026-06-05,6136,富爾特,26.5,26.5,25.7,25.85,572,94,112,0,21,3.58,96.41,100.0
2026-06-05,6138,茂達,321.5,327.0,311.0,323.5,714,298,116,0,-10,17.3,82.69,100.0
2026-06-05,6139,亞翔,825.0,850.0,796.0,808.0,9400,5701,-291,365,-50,30.56,69.43,100.0
2026-06-05,6140,訊達,23.8,26.0,23.05,23.2,980,0,-119,0,-1,1.53,98.46,100.0
2026-06-05,6141,柏承,38.1,40.5,37.8,38.5,2200,0,-273,0,2,3.3,96.69,100.0
2026-06-05,6142,友勁,8.82,8.82,8.64,8.71,333,0,-31,0,1,2.67,97.32,100.0
2026-06-05,6143,振曜,98.1,98.2,94.9,95.8,1175,285,-152,0,-4,10.04,89.95,100.0
2026-06-05,6144,得利影,14.75,14.75,14.45,14.6,4,0,0,0,0,33.41,66.58,100.0
2026-06-05,6146,耕興,223.0,223.0,218.0,220.5,415,70,-48,0,0,29.74,70.25,100.0
2026-06-05,6147,頎邦,265.5,275.5,253.0,270.0,48671,32175,2363,-820,-514,22.86,77.13,100.0
2026-06-05,6148,驊宏資,37.25,39.25,35.0,35.0,7369,5062,-83,0,-16,1.8,98.19,100.0
2026-06-05,6150,撼訊,71.0,71.2,67.0,67.8,965,283,-36,0,-23,5.89,94.1,100.0
2026-06-05,6151,晉倫,45.45,45.5,44.3,44.7,559,155,-66,0,0,4.78,95.21,100.0
2026-06-05,6152,百一,15.3,15.8,14.7,15.8,2128,0,243,0,-2,2.28,97.71,100.0
2026-06-05,6153,嘉聯益,18.5,18.7,17.75,18.5,4582,2210,-386,0,-20,11.57,88.42,100.0
2026-06-05,6154,順發,13.75,13.95,13.6,13.9,61,5,9,0,0,0.74,99.25,100.0
2026-06-05,6155,鈞寶,70.7,79.3,69.0,79.3,16373,8401,1407,0,89,10.94,89.05,100.0
2026-06-05,6156,松上,19.5,19.55,19.0,19.35,445,150,27,0,0,5.29,94.7,100.0
2026-06-05,6158,禾昌,18.15,18.15,17.95,18.15,134,10,-4,0,0,0.92,99.07,100.0
2026-06-05,6160,欣技,17.45,17.9,17.15,17.75,315,0,66,0,0,2.4,97.59,100.0
2026-06-05,6161,捷波,54.8,55.0,52.2,53.8,431,118,97,0,0,3.23,96.76,100.0
2026-06-05,6163,華電網,55.5,55.5,52.4,53.7,2034,741,-31,0,-1,3.03,96.96,100.0
2026-06-05,6164,華興,12.9,13.15,12.6,13.1,732,268,174,0,0,6.15,93.84,100.0
2026-06-05,6165,浪凡,49.3,50.5,48.9,49.35,1002,332,-203,0,6,17.73,82.26,100.0
2026-06-05,6166,凌華,133.0,134.0,127.5,133.0,4149,1844,-192,0,-8,20.46,79.53,100.0
2026-06-05,6167,久正,12.4,12.4,11.9,12.0,549,113,-28,0,0,4.76,95.23,100.0
2026-06-05,6168,宏齊,26.35,26.5,25.5,26.05,2166,715,-75,0,-1,3.07,96.92,100.0
2026-06-05,6169,昱泉,14.55,15.0,14.1,14.4,62,0,0,0,0,0.23,99.76,100.0
2026-06-05,6170,統振,53.4,53.7,52.8,53.2,427,67,186,0,0,3.46,96.53,100.0
2026-06-05,6171,大城地產,24.55,24.55,23.95,24.25,25,2,-1,0,0,0.18,99.81,100.0
2026-06-05,6173,信昌電,215.0,230.0,200.0,223.5,941,0,149,0,134,17.49,82.5,100.0
2026-06-05,6174,安碁,43.25,44.2,41.0,43.7,1531,841,196,0,1,3.61,96.38,100.0
2026-06-05,6175,立敦,87.5,96.6,83.7,96.6,15505,8019,959,0,154,23.1,76.89,100.0
2026-06-05,6176,瑞儀,101.0,101.5,98.0,101.0,15181,6505,4399,-5406,-78,28.2,71.79,100.0
2026-06-05,6177,達麗,44.65,45.8,44.6,45.45,1732,306,749,0,-2,6.86,93.13,100.0
2026-06-05,6179,亞通,24.45,24.55,23.7,23.75,1197,263,-316,0,4,4.81,95.18,100.0
2026-06-05,6180,橘子,42.8,44.95,42.4,43.7,1556,390,1,0,0,22.69,77.3,100.0
2026-06-05,6182,合晶,86.0,87.5,83.3,85.5,11150,0,-1908,0,327,22.79,77.2,100.0
2026-06-05,6183,關貿,90.2,90.2,89.4,90.2,53,3,-20,0,0,1.08,98.91,100.0
2026-06-05,6184,大豐電,47.05,47.05,46.9,47.0,49,0,-10,0,0,2.78,16.21,19.0
2026-06-05,6185,幃翔,14.55,14.6,14.25,14.35,163,17,-22,0,0,1.96,98.03,100.0
2026-06-05,6186,新潤,41.0,41.25,40.6,40.85,1319,326,12,0,1,2.82,97.17,100.0
2026-06-05,6187,萬潤,1110.0,1175.0,1100.0,1120.0,4265,2057,86,450,-7,28.8,71.19,100.0
2026-06-05,6188,廣明,86.4,87.4,83.9,84.1,2327,706,-945,0,0,9.57,90.42,100.0
2026-06-05,6189,豐藝,52.3,54.8,51.3,54.3,3748,1100,209,-18,-1,7.93,92.06,100.0
2026-06-05,6190,萬泰科,82.0,82.9,79.5,81.3,4130,1688,331,0,-20,11.15,88.84,100.0
2026-06-05,6191,精成科,97.5,101.5,94.3,100.5,10604,4933,-285,-1,56,4.48,95.51,100.0
2026-06-05,6192,巨路,128.0,129.0,126.0,129.0,192,63,47,0,-15,25.36,74.63,100.0
2026-06-05,6194,育富,33.9,34.5,33.55,34.25,36,10,-7,0,-1,2.43,97.56,100.0
2026-06-05,6195,詩肯,27.4,27.4,26.55,26.6,23,1,-1,0,0,45.04,54.95,100.0
2026-06-05,6196,帆宣,505.0,511.0,486.0,504.0,2147,966,244,19,-37,17.39,82.6,100.0
2026-06-05,6197,佳必琪,325.0,329.5,301.5,325.0,7243,4201,339,0,-111,7.31,92.68,100.0
2026-06-05,6198,瑞築,20.9,20.9,20.4,20.65,3,0,0,0,0,0.04,99.95,100.0
2026-06-05,6199,天品,90.9,91.7,89.1,90.1,759,263,-56,0,-15,5.59,94.4,100.0
2026-06-05,6201,亞弘電,49.3,49.55,48.85,49.0,43,12,9,0,3,1.17,98.82,100.0
2026-06-05,6202,盛群,56.9,57.0,54.2,55.0,2615,730,-604,0,-41,11.61,88.38,100.0
2026-06-05,6203,海韻電,72.0,72.0,70.6,71.1,170,39,-18,0,-5,3.18,96.81,100.0
2026-06-05,6204,艾華,109.0,113.5,103.5,110.5,1219,592,-131,0,0,1.77,98.22,100.0
2026-06-05,6205,詮欣,84.2,86.5,81.0,82.1,1676,707,179,0,0,1.22,98.77,100.0
2026-06-05,6206,飛捷,140.0,143.5,137.0,141.5,1904,590,216,-7,16,15.24,84.75,100.0
2026-06-05,6207,雷科,155.0,164.0,141.5,144.5,54227,38577,-177,0,-227,7.37,92.62,100.0
2026-06-05,6208,日揚,86.7,86.7,81.4,83.5,812,236,108,0,0,2.47,97.52,100.0
2026-06-05,6209,今國光,85.0,89.0,82.2,87.9,38454,26072,-635,0,150,5.66,94.33,100.0
2026-06-05,6210,慶生,21.05,21.1,20.75,21.05,48,0,1,0,-1,0.25,99.74,100.0
2026-06-05,6212,理銘,28.05,28.35,28.05,28.2,11,0,1,0,0,0.47,99.52,100.0
2026-06-05,6213,聯茂,257.5,257.5,240.0,254.5,7795,3490,435,0,-383,11.79,88.18,100.0
2026-06-05,6214,精誠,147.5,147.5,143.0,144.5,2682,686,535,-3,-10,13.84,86.15,100.0
2026-06-05,6215,和椿,119.0,123.0,117.5,118.0,3334,1739,-523,0,14,6.82,93.17,100.0
2026-06-05,6216,居易,23.7,23.7,23.35,23.6,353,49,-27,0,-1,3.04,96.95,100.0
2026-06-05,6217,中探針,269.5,270.5,246.5,254.0,7987,3952,-747,0,-6,17.92,82.07,100.0
2026-06-05,6218,豪勉,37.15,37.25,36.0,36.8,471,117,16,0,0,1.44,98.55,100.0
2026-06-05,6219,富旺,12.9,13.0,12.7,12.95,624,73,39,0,0,2.28,97.71,100.0
2026-06-05,6220,岳豐,34.15,34.9,33.3,33.6,645,222,-175,0,-24,3.72,96.27,100.0
2026-06-05,6221,晉泰,24.8,25.6,24.5,24.7,347,150,11,0,0,1.26,98.73,100.0
2026-06-05,6222,立軒,20.45,20.45,20.4,20.4,4,0,0,0,0,0.12,99.87,100.0
2026-06-05,6223,旺矽,6050.0,6050.0,5540.0,5765.0,1444,686,-79,107,-3,30.09,69.9,100.0
2026-06-05,6224,聚鼎,80.6,85.0,76.5,84.2,2038,1023,-188,0,-1,4.05,95.94,100.0
2026-06-05,6225,天瀚,23.5,23.6,23.2,23.6,6,0,3,0,0,0.05,99.94,100.0
2026-06-05,6226,光鼎,13.6,13.7,12.85,13.6,1947,756,297,0,-1,4.58,95.41,100.0
2026-06-05,6227,茂綸,132.5,133.5,126.5,128.0,1330,480,-175,0,-10,5.71,94.28,100.0
2026-06-05,6228,全譜,20.85,20.85,20.75,20.85,6,0,0,0,0,0.18,99.81,100.0
2026-06-05,6229,研通,27.45,27.7,26.7,26.95,274,102,10,0,0,1.55,98.44,100.0
2026-06-05,6230,尼得科超眾,142.5,142.5,137.0,139.0,60,12,-15,0,0,87.03,12.96,100.0
2026-06-05,6231,系微,317.5,321.5,309.5,312.0,1278,686,-122,0,-24,13.34,86.65,100.0
2026-06-05,6233,旺玖,25.4,25.45,24.7,24.7,868,120,-27,0,0,6.33,93.66,100.0
2026-06-05,6234,高僑,46.4,47.45,44.65,47.35,1214,455,-42,0,-17,10.03,89.96,100.0
2026-06-05,6235,華孚,45.1,45.3,44.0,44.15,1028,252,-261,0,-3,3.44,96.55,100.0
2026-06-05,6236,中湛,0.0,0.0,0.0,0.0,0,0,0,0,0,0.02,99.97,100.0
2026-06-05,6237,驊訊,51.4,51.4,49.1,49.7,1379,521,32,0,-19,4.29,95.7,100.0
2026-06-05,6239,力成,339.0,350.0,323.0,338.0,16699,0,2688,-4639,-2063,36.9,63.09,100.0
2026-06-05,6240,松崗,17.85,18.4,17.85,18.4,7,0,0,0,0,0.25,99.74,100.0
2026-06-05,6241,鑫永洋,10.2,10.45,10.15,10.45,95,0,-3,0,0,0.18,99.81,100.0
2026-06-05,6242,立康,38.1,38.35,38.1,38.35,17,0,1,0,0,0.49,99.5,100.0
2026-06-05,6243,迅杰,33.8,34.3,32.45,32.5,486,96,-200,0,0,2.12,97.87,100.0
2026-06-05,6244,茂迪,30.2,30.6,28.25,28.7,8611,2697,-2557,0,-416,19.73,80.26,100.0
2026-06-05,6245,立端,85.6,88.5,84.9,87.2,1088,318,181,0,22,9.52,90.47,100.0
2026-06-05,6246,臺龍,16.35,16.8,16.1,16.1,97,24,-1,0,0,0.23,99.76,100.0
2026-06-05,6248,沛波,19.15,19.15,18.7,18.95,102,8,-3,0,0,0.9,99.09,100.0
2026-06-05,6257,矽格,228.0,228.0,219.0,223.0,8807,3460,-605,-170,-118,29.93,70.06,100.0
2026-06-05,6259,百徽,26.8,28.5,25.8,27.3,1399,748,99,0,0,40.42,59.57,100.0
2026-06-05,6261,久元,106.5,108.5,102.0,107.5,2057,701,573,0,-7,6.54,93.45,100.0
2026-06-05,6263,普萊德,173.0,173.0,165.0,166.5,511,68,-175,0,-10,1.29,98.7,100.0
2026-06-05,6264,富裔,6.0,6.1,5.98,6.08,146,0,9,0,0,0.03,99.96,100.0
2026-06-05,6265,方土昶,62.0,62.0,57.6,57.6,15187,3093,-6730,0,-121,8.81,91.18,100.0
2026-06-05,6266,泰詠,28.1,28.15,27.8,28.05,265,35,-36,0,0,2.25,97.74,100.0
2026-06-05,6269,台郡,70.4,70.7,66.9,68.1,8750,3629,600,-1,-312,17.44,82.55,100.0
2026-06-05,6270,倍微,30.0,32.6,29.8,32.6,6258,1456,496,0,33,5.87,94.12,100.0
2026-06-05,6271,同欣電,248.0,248.0,226.5,236.5,2111,0,341,0,-125,33.38,66.61,100.0
2026-06-05,6272,驊陞,40.4,40.4,37.2,37.7,831,0,-72,0,0,2.51,97.48,100.0
2026-06-05,6274,台燿,1645.0,1715.0,1530.0,1610.0,8122,4905,-382,286,-322,37.59,62.4,100.0
2026-06-05,6275,元山,51.1,51.1,49.5,50.1,677,170,54,0,-27,2.35,97.64,100.0
2026-06-05,6276,安鈦克,28.2,28.2,27.0,27.95,96,0,9,0,0,1.73,98.26,100.0
2026-06-05,6277,宏正,79.1,79.1,76.8,77.1,344,84,-44,0,-7,8.79,91.2,100.0
2026-06-05,6278,台表科,208.5,210.0,199.0,206.5,7465,3246,1249,-524,-65,17.22,82.77,100.0
2026-06-05,6279,胡連,120.0,123.5,119.5,120.5,1348,319,140,-7,6,4.24,95.75,100.0
2026-06-05,6281,全國電,51.5,52.5,51.2,52.1,235,30,84,0,0,2.47,97.52,100.0
2026-06-05,6282,康舒,68.7,68.8,63.8,63.8,113255,35720,-31906,121,-3193,18.22,81.77,100.0
2026-06-05,6283,淳安,25.3,25.75,24.7,25.35,327,105,24,0,2,18.77,81.22,100.0
2026-06-05,6284,佳邦,101.5,111.0,99.2,111.0,10708,5426,-305,-2,251,9.99,90.0,100.0
2026-06-05,6285,啟碁,293.0,301.5,284.0,292.0,12424,7284,518,51,-122,24.76,75.23,100.0
2026-06-05,6290,良維,359.0,359.0,343.0,350.5,4695,2027,247,0,-147,18.18,81.81,100.0
2026-06-05,6291,沛亨,603.0,606.0,568.0,606.0,326,0,20,0,2,3.46,96.53,100.0
2026-06-05,6292,迅德,61.6,62.2,59.3,61.0,304,92,24,0,0,1.43,98.56,100.0
2026-06-05,6294,智基,27.5,28.1,27.5,28.05,36,4,11,0,0,0.65,99.34,100.0
2026-06-05,6405,悅城,78.7,79.5,73.4,76.0,370,0,-22,0,-20,5.05,94.94,100.0
2026-06-05,6407,相互,32.93,32.95,31.35,31.95,658,0,-2,0,0,0.0,0.0,0.0
2026-06-05,6409,旭隼,882.0,928.0,875.0,928.0,2102,282,400,-1,4,51.3,48.69,100.0
2026-06-05,6411,晶焱,97.8,101.5,96.1,99.0,1571,711,164,0,-11,9.2,90.79,100.0
2026-06-05,6412,群電,102.5,102.5,97.2,97.9,5894,1175,810,-2283,-73,6.3,93.69,100.0
2026-06-05,6414,樺漢,387.5,387.5,372.5,384.0,1803,552,110,-17,-109,36.1,63.89,100.0
2026-06-05,6415,矽力*-KY,574.0,590.0,556.0,582.0,4298,1946,113,-56,-13,80.61,19.38,100.0
2026-06-05,6416,瑞祺電通,88.3,89.0,86.4,87.4,264,56,-5,0,-1,4.79,95.2,100.0
2026-06-05,6417,韋僑,138.0,141.5,134.0,140.5,187,84,18,0,0,10.56,89.43,100.0
2026-06-05,6418,詠昇,36.0,37.8,34.2,34.25,970,400,-197,0,-1,3.02,96.97,100.0
2026-06-05,6419,京晨科,144.5,145.0,135.5,140.0,230,65,25,0,0,9.16,90.83,100.0
2026-06-05,6423,億而得-創,90.4,91.3,87.5,90.2,156,51,-16,0,0,4.74,95.25,100.0
2026-06-05,6423,億而得,90.4,91.3,87.5,90.2,156,51,-16,0,0,4.74,95.25,100.0
2026-06-05,6425,易發,84.1,84.9,82.2,83.0,1142,366,72,0,0,3.51,96.48,100.0
2026-06-05,6426,統新,242.5,242.5,225.0,229.5,1306,648,135,0,0,8.52,91.47,100.0
2026-06-05,6428,台灣淘米,13.7,13.2,13.1,13.2,4,0,0,0,0,0.0,0.0,0.0
2026-06-05,6431,光麗-KY,18.35,18.6,18.0,18.5,118,0,-21,0,0,56.59,43.4,100.0
2026-06-05,6432,今展科,61.3,67.3,59.2,67.3,3796,1986,380,0,0,5.88,94.11,100.0
2026-06-05,6434,達輝光電,19.81,20.25,18.35,19.5,1148,0,-95,0,0,0.0,0.0,0.0
2026-06-05,6435,大中,286.0,287.5,270.0,272.5,655,260,-72,0,-2,13.43,86.56,100.0
2026-06-05,6438,迅得,161.5,161.5,156.0,157.5,1148,178,-230,0,-21,6.15,93.84,100.0
2026-06-05,6441,廣錠,25.15,25.15,24.05,24.05,176,42,-51,0,0,0.67,99.32,100.0
2026-06-05,6442,光聖,2120.0,2170.0,2000.0,2055.0,4582,2814,138,-73,16,33.79,66.2,100.0
2026-06-05,6443,元晶,41.6,42.0,39.3,39.9,12427,5073,-177,0,-811,13.18,86.81,100.0
2026-06-05,6446,藥華藥,958.0,964.0,929.0,937.0,2516,1630,-31,0,-16,24.21,75.78,100.0
2026-06-05,6449,鈺邦,370.0,385.0,355.0,371.0,309,0,-29,0,-22,5.79,94.2,100.0
2026-06-05,6451,訊芯-KY,660.0,739.0,644.0,666.0,10262,7404,-353,0,-16,69.03,30.96,100.0
2026-06-05,6456,GIS-KY,84.2,86.3,79.3,82.5,16185,8981,-289,0,-121,46.47,53.52,100.0
2026-06-05,6461,益得,17.1,17.1,15.75,16.2,332,0,52,0,-9,0.61,99.38,100.0
2026-06-05,6462,神盾,118.0,119.0,114.5,116.0,1343,466,-68,0,-6,20.61,79.38,100.0
2026-06-05,6464,台數科,78.7,79.0,78.0,78.0,23,3,-3,0,2,0.82,19.16,19.99
2026-06-05,6465,威潤,58.0,58.8,53.6,54.9,637,223,-110,0,0,2.37,97.62,100.0
2026-06-05,6467,泰合,122.3,124.5,120.5,122.5,52,0,-2,0,0,0.0,0.0,0.0
2026-06-05,6469,大樹,75.4,77.2,74.8,75.7,1433,513,-346,0,0,5.33,94.66,100.0
2026-06-05,6470,宇智,50.8,50.9,50.0,50.4,70,10,-12,0,0,6.86,93.13,100.0
2026-06-05,6472,保瑞,364.5,377.0,360.5,371.5,1321,582,-102,0,30,10.32,89.67,100.0
2026-06-05,6473,美賣*,8.32,8.77,8.35,8.38,259,0,-31,0,0,0.0,0.0,0.0
2026-06-05,6474,華豫寧,38.2,38.3,38.0,38.2,42,4,-1,0,0,0.29,99.7,100.0
2026-06-05,6477,安集,34.55,34.85,33.15,33.7,608,217,-224,0,-2,3.28,96.71,100.0
2026-06-05,6482,弘煜科,29.6,29.8,29.2,29.3,23,2,0,0,0,2.43,97.56,100.0
2026-06-05,6483,原創生醫,13.45,13.65,13.15,13.15,128,0,0,0,0,0.0,0.0,0.0
2026-06-05,6485,點序,121.0,122.5,112.0,112.0,4778,1048,-842,0,-135,11.92,88.07,100.0
2026-06-05,6486,互動,83.2,83.4,82.7,83.2,153,8,-33,0,0,3.84,96.15,100.0
2026-06-05,6488,環球晶,820.0,820.0,800.0,811.0,2776,0,-155,-392,118,25.97,74.02,100.0
2026-06-05,6491,晶碩,331.0,331.0,323.5,324.5,451,83,221,0,-4,11.79,88.2,100.0
2026-06-05,6492,生華科,44.5,44.7,44.05,44.5,135,0,48,0,0,6.85,93.14,100.0
2026-06-05,6493,雷虎生,28.01,28.5,27.7,28.45,21,0,0,0,0,0.0,0.0,0.0
2026-06-05,6494,九齊,56.5,57.7,55.5,56.5,176,55,-45,0,0,10.07,89.92,100.0
2026-06-05,6496,科懋,23.9,25.2,23.9,24.25,10,6,0,0,0,0.3,99.69,100.0
2026-06-05,6498,久禾光,103.0,104.5,100.0,101.5,206,71,26,0,-2,2.2,97.79,100.0
2026-06-05,6499,益安,83.1,83.8,81.1,81.9,560,87,-5,0,-73,13.75,86.24,100.0
2026-06-05,6504,南六,37.35,37.35,36.85,36.95,41,13,-5,0,-4,0.97,99.02,100.0
2026-06-05,6505,台塑化,57.5,57.7,55.0,55.3,10995,3346,1704,18,-93,6.21,93.78,100.0
2026-06-05,6506,雙邦,20.5,20.55,19.75,20.3,263,65,-17,0,0,0.95,99.04,100.0
2026-06-05,6508,惠光,24.15,24.15,23.75,24.05,105,10,9,0,0,0.96,99.03,100.0
2026-06-05,6509,聚和,52.3,53.1,50.7,51.2,5633,2545,-744,33,-41,11.35,88.64,100.0
2026-06-05,6510,精測,3535.0,3535.0,3280.0,3300.0,863,374,-59,-212,-16,21.31,78.68,100.0
2026-06-05,6512,啟發電,19.85,19.85,19.85,19.85,5,0,0,0,0,0.07,99.92,100.0
2026-06-05,6515,穎崴,8470.0,8735.0,8285.0,8425.0,237,93,-65,-14,0,21.15,78.84,100.0
2026-06-05,6516,勤崴國際,60.6,60.7,59.1,60.2,83,24,4,0,0,1.33,98.66,100.0
2026-06-05,6517,保勝光學,62.7,69.3,62.5,69.3,3121,1302,122,0,2,3.43,96.56,100.0
2026-06-05,6518,康科特,30.52,30.65,29.85,30.55,5,0,0,0,0,0.0,0.0,0.0
2026-06-05,6523,達爾膚,98.8,99.0,98.6,98.8,23,0,7,0,0,1.46,98.53,100.0
2026-06-05,6525,捷敏-KY,116.0,122.5,112.0,121.0,3006,816,-583,-9,-6,14.54,85.45,100.0
2026-06-05,6526,達發,685.0,687.0,660.0,669.0,597,204,21,1,-10,6.78,93.21,100.0
2026-06-05,6527,明達醫,70.7,72.0,70.0,71.3,45,0,-1,0,0,0.18,99.81,100.0
2026-06-05,6530,創威,109.5,110.5,103.5,109.5,1089,601,-9,0,0,4.3,95.69,100.0
2026-06-05,6531,愛普*,1030.0,1055.0,999.0,1010.0,5307,2207,1495,-512,-49,28.84,71.15,100.0
2026-06-05,6532,瑞耘,100.0,100.5,95.6,96.7,707,218,-21,0,0,5.79,94.2,100.0
2026-06-05,6533,晶心科,224.0,227.5,215.0,221.5,616,223,-135,0,-4,10.91,89.08,100.0
2026-06-05,6534,正瀚-創,91.1,92.0,90.2,90.7,103,21,42,0,-1,40.58,59.41,100.0
2026-06-05,6535,順藥,116.0,117.0,112.0,115.0,334,0,-88,0,0,5.35,94.64,100.0
2026-06-05,6536,碩豐,23.52,22.6,20.9,22.35,25,0,-2,0,0,0.0,0.0,0.0
2026-06-05,6538,倉和,134.5,134.5,122.5,123.0,679,0,-9,0,-43,5.44,94.55,100.0
2026-06-05,6539,麗彤,42.18,41.9,41.25,41.25,3,0,0,0,0,0.0,0.0,0.0
2026-06-05,6541,泰福-KY,41.1,42.3,40.5,41.9,361,95,50,0,-1,13.97,86.02,100.0
2026-06-05,6542,隆中,47.0,47.3,46.5,47.3,12,5,3,0,0,18.11,81.88,100.0
2026-06-05,6543,普惠醫工,20.44,21.0,20.15,20.9,26,0,0,0,0,0.0,0.0,0.0
2026-06-05,6546,正基,77.7,78.5,75.6,77.1,720,198,64,0,-4,10.74,89.25,100.0
2026-06-05,6547,高端疫苗,51.5,51.5,47.2,48.7,6436,2925,-1558,0,-8,9.58,90.41,100.0
2026-06-05,6548,長科*,96.9,96.9,89.5,89.7,8488,0,-264,0,-158,5.73,94.26,100.0
2026-06-05,6549,景凱,7.49,7.73,7.35,7.72,87,0,0,0,0,0.0,0.0,0.0
2026-06-05,6550,北極星藥業-KY,13.2,13.65,13.05,13.4,2101,0,584,0,-2,68.62,31.37,100.0
2026-06-05,6552,易華電,34.05,34.05,32.55,32.9,296,83,-5,0,-6,1.4,98.59,100.0
2026-06-05,6555,榮炭,22.8,22.6,20.85,21.75,130,0,-19,0,0,0.0,0.0,0.0
2026-06-05,6556,勝品,71.1,72.5,71.0,72.5,5,0,0,0,0,0.57,99.42,100.0
2026-06-05,6558,興能高,33.8,34.55,32.7,33.2,1477,758,-224,0,0,1.11,98.88,100.0
2026-06-05,6559,研晶,21.76,22.95,20.9,21.95,75,0,14,0,0,0.0,0.0,0.0
2026-06-05,6560,欣普羅,39.9,41.0,38.7,40.05,242,64,-20,0,0,5.01,94.98,100.0
2026-06-05,6561,是方,365.5,365.5,357.0,358.5,148,31,-16,0,0,6.74,93.25,100.0
2026-06-05,6563,映智,28.14,28.35,27.9,28.3,10,0,0,0,0,0.0,0.0,0.0
2026-06-05,6564,安特羅,17.24,17.5,17.15,17.45,38,0,0,0,0,0.0,0.0,0.0
2026-06-05,6565,物聯,22.18,22.6,20.65,21.55,200,0,2,0,0,0.0,0.0,0.0
2026-06-05,6568,宏觀,210.0,213.5,200.5,203.0,456,152,73,0,-99,6.09,93.9,100.0
2026-06-05,6569,醫揚,111.5,113.5,108.0,111.5,232,68,0,0,-1,3.14,96.85,100.0
2026-06-05,6570,維田,58.3,58.6,57.3,58.4,152,0,3,0,3,1.84,98.15,100.0
2026-06-05,6572,博錸,7.7,8.6,7.7,8.44,178,0,6,0,0,0.0,0.0,0.0
2026-06-05,6573,虹揚-KY,16.55,16.6,15.8,16.1,615,0,104,0,-4,54.85,45.14,100.0
2026-06-05,6574,霈方,113.5,115.0,110.5,112.5,42,0,6,0,-3,0.92,99.07,100.0
2026-06-05,6576,逸達,75.9,77.3,75.5,77.2,121,0,33,0,0,22.35,77.64,100.0
2026-06-05,6577,勁豐,81.9,83.6,80.6,82.2,115,12,5,0,0,1.08,98.91,100.0
2026-06-05,6578,達邦蛋白,16.5,17.0,16.5,17.0,60,6,-1,0,0,0.78,99.21,100.0
2026-06-05,6579,研揚,164.5,165.0,160.0,162.5,543,167,-29,0,0,3.38,96.61,100.0
2026-06-05,6580,台睿,14.8,15.7,14.45,15.2,385,0,13,0,0,0.0,0.0,0.0
2026-06-05,6581,鋼聯,109.5,111.5,109.5,110.0,19,1,-5,0,0,1.03,98.96,100.0
2026-06-05,6582,申豐,32.25,32.35,31.9,32.15,82,22,27,0,0,13.0,86.99,100.0
2026-06-05,6583,友松,11.75,12.3,11.85,11.9,3,0,0,0,0,0.0,0.0,0.0
2026-06-05,6584,南俊國際,663.0,663.0,630.0,650.0,648,251,-110,0,-5,11.96,88.03,100.0
2026-06-05,6585,鼎基,109.0,116.0,108.5,112.0,1621,604,-278,0,-11,3.15,96.84,100.0
2026-06-05,6586,醣基,67.8,68.3,65.2,66.0,524,0,0,0,0,0.0,0.0,0.0
2026-06-05,6588,東典光電,108.0,109.0,102.0,109.0,549,239,77,0,0,2.85,97.14,100.0
2026-06-05,6589,台康生技,44.9,45.75,44.35,44.35,825,282,-139,0,-3,4.34,95.65,100.0
2026-06-05,6590,普鴻,66.5,66.5,66.5,66.5,1,0,0,0,0,0.06,99.93,100.0
2026-06-05,6591,動力-KY,59.6,59.6,57.3,57.8,301,45,-144,0,1,19.79,80.2,100.0
2026-06-05,6592,和潤企業,64.0,65.0,63.4,65.0,919,159,124,0,-15,26.37,73.62,100.0
2026-06-05,6593,台灣銘板,34.9,36.9,34.65,35.45,319,110,51,0,0,1.76,98.23,100.0
2026-06-05,6595,光禹國際,30.86,31.2,31.2,31.2,1,0,0,0,0,0.0,0.0,0.0
2026-06-05,6596,寬宏藝術,97.7,98.2,96.8,97.1,203,38,-39,0,0,2.12,97.87,100.0
2026-06-05,6597,立誠,78.1,78.1,75.5,78.1,144,0,10,0,-2,0.03,99.96,100.0
2026-06-05,6598,ABC-KY,25.0,25.2,24.15,24.5,187,0,-50,0,-11,23.78,76.21,100.0
2026-06-05,6599,普達系統,45.11,46.5,46.5,46.5,0,0,0,0,0,0.0,0.0,0.0
2026-06-05,6603,富強鑫,24.0,24.15,23.35,23.5,986,269,124,0,2,1.64,98.35,100.0
2026-06-05,6604,儒億,38.38,38.0,35.7,36.5,266,0,-3,0,0,0.0,0.0,0.0
2026-06-05,6605,帝寶,142.0,146.0,141.5,146.0,1132,228,110,0,0,15.47,84.52,100.0
2026-06-05,6606,建德工業,26.55,26.55,25.8,26.45,266,31,-19,0,4,3.39,96.6,100.0
2026-06-05,6609,瀧澤科,45.85,47.2,44.6,45.9,668,238,-48,0,-4,53.12,46.87,100.0
2026-06-05,6610,安成生技,26.81,27.1,26.0,26.15,173,0,9,0,0,0.0,0.0,0.0
2026-06-05,6612,奈米醫材,72.0,75.0,72.0,72.5,30,5,-5,0,0,26.0,73.99,100.0
2026-06-05,6613,朋億*,266.0,274.0,259.0,262.0,311,125,-47,0,-7,7.68,92.31,100.0
2026-06-05,6614,資拓宏宇,38.6,40.0,38.6,39.85,94,18,28,0,-23,0.74,99.25,100.0
2026-06-05,6615,慧智,33.4,34.5,33.3,34.5,44,5,4,0,0,0.27,99.72,100.0
2026-06-05,6616,特昇-KY,9.78,9.81,9.27,9.75,59,30,10,0,-1,56.02,43.97,100.0
2026-06-05,6617,共信-KY,68.3,70.9,67.8,68.2,313,179,-41,0,0,38.43,61.56,100.0
2026-06-05,6618,永虹先進,18.6,19.1,18.4,18.55,503,0,-34,0,0,0.0,0.0,0.0
2026-06-05,6620,漢達,70.9,71.7,70.8,70.8,302,51,9,0,21,25.1,74.89,100.0
2026-06-05,6621,華宇藥,11.72,11.7,11.3,11.65,39,0,-2,0,0,0.0,0.0,0.0
2026-06-05,6622,百聿數碼,7.03,7.14,6.9,7.13,14,0,0,0,0,0.0,0.0,0.0
2026-06-05,6624,萬年清,47.2,47.3,47.0,47.3,48,3,19,0,0,0.5,99.49,100.0
2026-06-05,6625,必應,74.7,74.9,74.2,74.7,138,23,4,0,4,1.21,98.78,100.0
2026-06-05,6629,泰金-KY,117.5,120.0,117.0,119.0,52,30,-6,0,0,77.0,22.99,100.0
2026-06-05,6634,欣耀,62.35,62.0,57.0,57.4,202,0,0,0,0,0.0,0.0,0.0
2026-06-05,6637,醫影,67.4,67.8,67.0,67.1,43,7,1,0,0,0.36,99.63,100.0
2026-06-05,6638,沅聖,50.85,52.0,50.5,50.5,12,0,0,0,0,0.0,0.0,0.0
2026-06-05,6639,源大環能,6.89,7.05,6.7,7.05,73,0,0,0,0,0.0,0.0,0.0
2026-06-05,6640,均華,1230.0,1230.0,1170.0,1190.0,379,172,-4,0,-2,7.9,92.09,100.0
2026-06-05,6641,基士德-KY,19.35,19.35,18.75,18.75,54,4,3,0,2,30.04,69.95,100.0
2026-06-05,6642,富致,82.3,87.8,81.2,85.3,1320,564,-10,0,3,1.87,98.12,100.0
2026-06-05,6643,M31,557.0,569.0,532.0,556.0,596,290,20,0,-4,10.7,89.29,100.0
2026-06-05,6645,金萬林-創,11.85,12.95,11.85,12.95,217,0,2,0,-15,0.86,99.13,100.0
2026-06-05,6648,斯其大,17.91,19.35,17.2,19.1,276,0,0,0,0,0.0,0.0,0.0
2026-06-05,6649,台生材,40.0,40.0,38.6,39.4,32,1,-2,0,0,3.89,96.1,100.0
2026-06-05,6650,帝圖,27.14,28.25,26.95,28.25,10,0,0,0,0,0.0,0.0,0.0
2026-06-05,6651,全宇昕,139.5,144.0,138.0,141.0,310,115,11,0,-1,4.46,95.53,100.0
2026-06-05,6654,天正國際,169.5,172.5,160.0,171.0,118,0,0,0,0,0.57,99.42,100.0
2026-06-05,6655,科定,127.0,127.0,126.0,126.0,14,0,0,0,0,0.52,99.47,100.0
2026-06-05,6657,華安,40.3,40.3,38.3,38.7,378,0,101,0,1,7.25,92.74,100.0
2026-06-05,6658,聯策,203.0,205.0,184.5,188.0,1782,591,105,0,0,3.89,96.1,100.0
2026-06-05,6659,天明製藥,19.92,20.75,19.25,20.1,141,0,0,0,0,0.0,0.0,0.0
2026-06-05,6661,威健生技,16.2,16.35,16.1,16.35,22,0,0,0,0,0.0,99.99,100.0
2026-06-05,6662,樂斯科,28.8,30.0,28.8,29.5,9,0,0,0,0,0.21,99.78,100.0
2026-06-05,6664,群翊,408.0,413.0,395.5,408.5,606,191,2,0,-11,6.9,93.09,100.0
2026-06-05,6665,康聯生醫,19.23,19.15,18.45,19.1,36,0,0,0,0,0.0,0.0,0.0
2026-06-05,6666,羅麗芬-KY,40.9,42.7,40.1,42.35,63,4,0,0,0,75.19,24.8,100.0
2026-06-05,6667,信紘科,272.5,273.0,265.0,268.5,586,188,-63,0,4,8.81,91.18,100.0
2026-06-05,6668,中揚光,39.0,39.7,38.05,39.0,646,264,9,0,-1,10.08,89.91,100.0
2026-06-05,6669,緯穎,5540.0,5740.0,5305.0,5660.0,2033,972,-137,57,-3,30.87,69.12,100.0
2026-06-05,6670,復盛應用,280.5,284.0,276.0,276.0,473,132,-116,-6,33,24.72,75.27,100.0
2026-06-05,6671,三能-KY,27.2,27.5,26.8,26.9,36,15,-10,0,4,39.88,60.11,100.0
2026-06-05,6672,騰輝電子-KY,222.0,222.0,211.0,219.0,3451,1534,-128,0,0,16.85,83.14,100.0
2026-06-05,6673,和詮,16.94,17.2,15.8,16.7,121,0,-12,0,0,0.0,0.0,0.0
2026-06-05,6674,鋐寶科技,18.55,18.6,18.05,18.4,29,15,3,0,-1,0.52,99.47,100.0
2026-06-05,6676,祥翊,13.78,14.05,13.4,13.9,160,0,0,0,0,0.0,0.0,0.0
2026-06-05,6677,瑩碩生技,17.56,17.9,17.3,17.9,46,0,0,0,0,0.0,0.0,0.0
2026-06-05,6679,鈺太,286.0,286.0,276.5,281.0,380,113,1,13,-25,10.01,89.98,100.0
2026-06-05,6680,鑫創電子,54.5,54.5,54.5,54.5,1,0,0,0,0,0.17,99.82,100.0
2026-06-05,6682,華旭先進,68.92,69.0,62.1,65.1,2992,0,2,0,0,0.0,0.0,0.0
2026-06-05,6683,雍智科技,1650.0,1660.0,1520.0,1610.0,1105,481,71,0,5,14.72,85.27,100.0
2026-06-05,6684,安格,44.5,48.95,44.5,48.95,1231,300,100,0,2,2.36,97.63,100.0
2026-06-05,6689,伊雲谷,72.8,73.5,71.7,73.5,460,143,37,0,-3,4.34,95.65,100.0
2026-06-05,6690,安碁資訊,185.0,185.5,180.5,182.0,184,43,20,0,0,4.24,95.75,100.0
2026-06-05,6691,洋基工程,635.0,643.0,629.0,642.0,496,213,-24,0,0,15.9,84.09,100.0
2026-06-05,6692,進能服,26.4,26.4,25.6,25.75,28,7,2,0,0,0.15,99.84,100.0
2026-06-05,6693,廣閎科,155.0,165.5,144.5,158.0,2241,1173,-176,0,25,13.7,86.29,100.0
2026-06-05,6695,芯鼎,53.2,53.2,50.5,52.8,971,287,-76,0,-3,2.74,97.25,100.0
2026-06-05,6696,仁新,382.16,400.5,378.0,399.0,531,0,12,0,0,0.0,0.0,0.0
2026-06-05,6697,東捷資訊,43.8,43.8,42.15,42.8,69,19,-3,0,0,0.73,99.26,100.0
2026-06-05,6698,旭暉應材,44.3,46.95,44.0,45.75,5078,2631,607,0,-1,1.83,98.16,100.0
2026-06-05,6703,軒郁,111.0,111.0,110.0,110.0,58,4,9,0,0,13.76,86.23,100.0
2026-06-05,6704,國璽幹細胞,19.88,20.1,19.0,19.95,115,0,-2,0,0,0.0,0.0,0.0
2026-06-05,6705,振躍精密,102.14,103.5,94.0,103.5,119,0,3,0,0,0.0,0.0,0.0
2026-06-05,6706,惠特,191.0,192.0,183.0,190.0,4493,2201,617,0,60,7.98,92.01,100.0
2026-06-05,6707,富基電通,35.07,35.8,33.0,34.7,251,0,0,0,0,0.0,0.0,0.0
2026-06-05,6708,天擎,40.85,42.5,40.55,41.5,72,12,0,0,0,3.17,96.82,100.0
2026-06-05,6709,昱厚生技,25.26,25.3,25.1,25.2,62,0,3,0,0,0.0,0.0,0.0
2026-06-05,6712,長聖,139.5,142.0,138.5,140.0,333,81,-23,0,0,2.99,97.0,100.0
2026-06-05,6715,嘉基,444.5,447.0,425.0,434.0,264,100,-9,0,0,3.54,96.45,100.0
2026-06-05,6716,應廣,101.5,101.5,95.5,101.0,838,352,1,0,0,4.27,95.72,100.0
2026-06-05,6719,力智,234.0,244.5,232.5,238.5,1847,835,-161,0,14,4.99,95.0,100.0
2026-06-05,6720,久昌,150.0,150.0,147.0,148.5,94,21,27,0,0,1.26,98.73,100.0
2026-06-05,6721,信實,59.7,59.8,59.0,59.8,4,0,1,0,0,0.0,99.99,100.0
2026-06-05,6722,輝創,39.4,40.4,39.0,39.65,100,0,12,0,1,2.64,97.35,100.0
2026-06-05,6723,傑智環境,37.86,39.6,37.6,39.15,31,0,0,0,0,0.0,0.0,0.0
2026-06-05,6725,矽科宏晟,310.5,310.5,292.5,300.0,318,85,41,0,-4,3.9,96.09,100.0
2026-06-05,6727,亞泰金屬,487.5,493.0,452.0,472.5,2306,1014,534,0,-155,13.66,86.33,100.0
2026-06-05,6728,上洋,112.0,112.5,111.5,112.5,23,4,-4,0,0,0.71,99.28,100.0
2026-06-05,6729,機光科技,56.84,57.3,54.0,55.4,63,0,0,0,0,0.0,0.0,0.0
2026-06-05,6730,常廣,36.8,36.8,36.0,36.0,4,0,-2,0,0,0.0,99.99,100.0
2026-06-05,6732,昇佳電子,167.0,168.0,163.0,163.5,246,58,-48,0,0,5.16,94.83,100.0
2026-06-05,6733,博晟生醫,26.4,27.2,26.3,26.55,237,0,-56,0,0,1.51,98.48,100.0
2026-06-05,6734,安盛生,6.97,7.2,6.84,6.85,23,0,0,0,0,0.0,0.0,0.0
2026-06-05,6735,美達科技,104.5,104.5,98.3,100.5,593,222,-19,0,0,1.96,98.03,100.0
2026-06-05,6737,秀育,30.87,31.2,30.4,30.4,8,0,0,0,0,0.0,0.0,0.0
2026-06-05,6738,鼎恒,67.31,67.8,65.1,67.7,17,0,0,0,0,0.0,0.0,0.0
2026-06-05,6739,竹陞科技,1275.0,1275.0,1185.0,1220.0,239,85,4,-30,-4,1.7,98.29,100.0
2026-06-05,6741,91APP*-KY,64.1,65.0,63.2,64.4,287,49,67,0,-9,41.89,58.1,100.0
2026-06-05,6742,澤米,61.0,61.5,57.3,58.0,1371,0,-64,0,-156,2.0,97.99,100.0
2026-06-05,6743,安普新,30.5,30.6,29.7,30.25,363,88,86,0,5,3.79,96.2,100.0
2026-06-05,6744,豐技生技,15.75,15.75,15.7,15.75,8,0,0,0,0,0.0,0.0,0.0
2026-06-05,6748,亞果生醫,78.97,111.5,82.5,110.5,3733,0,29,0,0,0.0,0.0,0.0
2026-06-05,6750,泰創工程,67.8,68.0,65.1,67.0,184,0,8,0,0,0.0,0.0,0.0
2026-06-05,6751,智聯服務,49.6,50.1,49.55,49.7,22,0,4,0,0,0.62,99.37,100.0
2026-06-05,6752,叡揚,104.0,105.0,103.0,103.5,74,16,26,0,0,2.78,97.21,100.0
2026-06-05,6753,龍德造船,124.0,125.0,120.5,123.0,780,189,-196,0,-46,2.54,6.95,9.5
2026-06-05,6754,匯僑設計,46.0,46.0,45.55,45.6,13,1,-2,0,0,15.56,84.43,100.0
2026-06-05,6755,連鋐科技,17.64,17.9,17.25,17.9,21,0,0,0,0,0.0,0.0,0.0
2026-06-05,6756,威鋒電子,96.0,96.5,93.3,95.3,230,69,-29,0,-1,2.72,97.27,100.0
2026-06-05,6757,台灣虎航-創,54.2,54.9,53.8,54.4,5897,1965,2445,-3370,-6,3.76,46.22,49.99
2026-06-05,6757,台灣虎航,54.2,54.9,53.8,54.4,5897,1965,2445,-3370,-6,3.76,46.22,49.99
2026-06-05,6758,冠亞,28.35,29.0,28.0,29.0,5,0,0,0,0,0.0,0.0,0.0
2026-06-05,6761,穩得,212.5,222.0,206.0,219.0,1291,508,169,0,58,5.87,94.12,100.0
2026-06-05,6762,達亞,0.0,0.0,0.0,0.0,0,0,0,0,0,5.85,94.14,100.0
2026-06-05,6763,綠界科技,46.35,50.4,46.35,50.4,6775,2655,92,0,11,1.81,98.18,100.0
2026-06-05,6763,綠界科技*,46.35,50.4,46.35,50.4,6775,2655,92,0,11,1.81,98.18,100.0
2026-06-05,6767,台微醫,25.05,26.0,25.05,25.7,10,0,0,0,0,0.23,99.76,100.0
2026-06-05,6768,志強-KY,97.0,97.4,94.0,95.5,756,282,-65,-9,-7,57.08,42.91,100.0
2026-06-05,6770,力積電,77.0,77.0,73.0,74.6,112133,0,13159,18,-10039,18.39,81.6,100.0
2026-06-05,6771,平和環保-創,41.5,42.6,41.5,42.55,58,5,5,0,5,0.65,99.34,100.0
2026-06-05,6775,穎台科技,46.93,46.15,43.5,44.65,394,0,4,0,0,0.0,0.0,0.0
2026-06-05,6776,展碁國際,61.5,62.2,59.9,61.2,692,227,90,0,5,2.28,97.71,100.0
2026-06-05,6780,學習王,40.72,40.65,40.65,40.65,3,0,0,0,0,0.0,0.0,0.0
2026-06-05,6781,AES-KY,1160.0,1160.0,1100.0,1135.0,1011,466,-81,0,-42,67.5,32.49,100.0
2026-06-05,6782,視陽,202.0,202.0,197.5,200.5,282,47,100,0,2,7.76,92.23,100.0
2026-06-05,6784,天凱科技,25.96,26.5,24.8,26.0,102,0,8,0,0,0.0,0.0,0.0
2026-06-05,6785,昱展新藥,115.5,119.5,115.5,119.5,75,18,1,0,0,8.05,91.94,100.0
2026-06-05,6786,芯測,90.17,90.5,85.0,88.3,172,0,-19,0,0,0.0,0.0,0.0
2026-06-05,6787,晶瑞光,33.43,33.95,32.8,33.3,201,0,0,0,0,0.0,0.0,0.0
2026-06-05,6788,華景電,407.0,432.0,390.5,430.5,1492,514,183,-1,27,11.06,88.93,100.0
2026-06-05,6789,采鈺,518.0,522.0,490.0,513.0,2837,1298,219,-4,-22,3.19,96.8,100.0
2026-06-05,6790,永豐實,40.1,40.2,39.55,39.75,342,47,-94,0,0,1.94,98.05,100.0
2026-06-05,6791,虎門科技,114.5,116.5,111.5,113.0,90,32,-3,0,0,11.91,88.08,100.0
2026-06-05,6792,詠業,70.7,73.2,70.0,72.8,196,63,33,0,-1,1.96,98.03,100.0
2026-06-05,6793,天力離岸,4.99,5.14,4.71,4.99,343,0,-5,0,0,0.0,0.0,0.0
2026-06-05,6794,向榮生技-創,82.5,83.5,78.9,82.8,32,5,3,0,-1,0.47,99.52,100.0
2026-06-05,6794,向榮生技,82.5,83.5,78.9,82.8,32,5,3,0,-1,0.47,99.52,100.0
2026-06-05,6796,晉弘,63.0,63.0,60.9,61.0,118,18,16,0,0,15.71,84.28,100.0
2026-06-05,6797,圓點奈米,12.69,13.6,12.95,13.6,115,0,0,0,0,0.0,0.0,0.0
2026-06-05,6798,展逸,49.5,50.1,49.5,50.1,0,0,0,0,0,0.0,0.0,0.0
2026-06-05,6799,來頡,98.0,98.7,94.8,97.0,724,295,-28,0,-29,9.49,90.47,100.0
2026-06-05,6803,崑鼎,288.0,289.0,288.0,289.0,105,9,24,0,0,3.24,96.75,100.0
2026-06-05,6804,明係,16.5,16.5,16.2,16.35,19,1,-7,0,0,4.14,95.85,100.0
2026-06-05,6805,富世達,1925.0,2065.0,1890.0,1950.0,1437,782,-219,89,2,20.89,79.1,100.0
2026-06-05,6806,森崴能源,5.64,5.64,5.64,5.64,1281,0,-21,0,0,2.31,97.68,100.0
2026-06-05,6807,峰源-KY,34.05,34.05,33.5,33.8,22,5,-1,0,1,43.55,56.44,100.0
2026-06-05,6808,三鼎生技,23.53,24.7,23.6,24.45,247,0,-10,0,0,0.0,0.0,0.0
2026-06-05,6810,新穎生醫,29.72,30.4,27.85,30.3,259,0,4,0,0,0.0,0.0,0.0
2026-06-05,6811,宏碁資訊,240.0,243.5,236.0,238.5,356,80,125,0,-2,2.62,97.37,100.0
2026-06-05,6812,梭特,69.65,70.9,67.7,70.2,59,0,3,0,0,0.0,0.0,0.0
2026-06-05,6814,路迦生醫,23.17,24.1,22.8,23.9,35,0,2,0,0,0.0,0.0,0.0
2026-06-05,6815,晶鑽生醫,30.26,32.0,30.4,32.0,55,0,6,0,0,0.0,0.0,0.0
2026-06-05,6816,捷智商訊,36.14,37.0,37.0,37.0,0,0,0,0,0,0.0,0.0,0.0
2026-06-05,6817,溫士頓,63.11,63.5,62.6,63.4,7,0,0,0,0,0.0,0.0,0.0
2026-06-05,6818,連騰,62.29,63.5,60.8,63.0,81,0,1,0,0,0.0,0.0,0.0
2026-06-05,6819,眾智,53.14,47.8,42.8,43.7,510,0,-8,0,0,0.0,0.0,0.0
2026-06-05,6820,連訊,312.99,314.0,282.5,291.0,167,0,8,0,0,0.0,0.0,0.0
2026-06-05,6821,聯寶,67.5,68.0,60.9,68.0,407,0,29,0,2,2.04,97.95,100.0
2026-06-05,6823,濾能,71.4,71.9,70.1,70.2,159,49,4,0,0,24.95,75.04,100.0
2026-06-05,6825,和暢科技,44.27,44.95,42.8,44.5,26,0,0,0,0,0.0,0.0,0.0
2026-06-05,6826,和淞,556.87,561.0,538.0,553.0,198,0,-7,0,0,0.0,0.0,0.0
2026-06-05,6827,巨生醫,12.83,13.05,12.55,12.6,33,0,0,0,0,0.0,0.0,0.0
2026-06-05,6829,千附精密,203.5,206.5,197.5,202.0,530,193,56,0,-3,2.28,97.71,100.0
2026-06-05,6830,汎銓,670.0,675.0,620.0,624.0,2516,1049,111,0,-13,5.03,94.96,100.0
2026-06-05,6831,邁科,721.0,750.0,701.0,739.0,1601,694,-57,243,10,12.98,87.01,100.0
2026-06-05,6832,金鼎科,93.6,97.0,87.6,91.9,42,0,-1,0,0,0.0,0.0,0.0
2026-06-05,6833,太康精密,24.84,24.7,23.6,24.7,11,0,0,0,0,0.0,0.0,0.0
2026-06-05,6834,天二科技,70.0,71.9,64.8,70.0,837,0,-45,0,-7,16.21,83.78,100.0
2026-06-05,6835,圓裕,38.5,39.15,37.2,38.55,608,219,-105,0,0,6.49,93.5,100.0
2026-06-05,6838,台新藥,25.65,25.65,25.05,25.2,285,0,47,0,-3,1.37,98.62,100.0
2026-06-05,6839,開陽能源,12.55,13.55,11.95,12.2,231,0,-7,0,0,0.0,0.0,0.0
2026-06-05,6840,東研信超,70.2,70.2,68.0,69.5,106,19,5,0,0,3.87,96.12,100.0
2026-06-05,6841,長佳智能,58.2,61.7,58.1,60.7,1062,326,89,0,3,3.38,96.61,100.0
2026-06-05,6842,瑞宇,104.27,105.0,99.7,101.0,288,0,0,0,0,0.0,0.0,0.0
2026-06-05,6843,進典,40.75,42.0,40.65,41.8,17,4,1,0,0,0.1,99.89,100.0
2026-06-05,6844,諾貝兒,64.0,64.6,63.0,64.5,69,0,0,0,0,0.03,99.96,100.0
2026-06-05,6846,綠茵,69.0,69.0,67.9,68.2,9,0,-2,0,0,0.17,99.82,100.0
2026-06-05,6847,普瑞博,86.35,88.6,83.7,87.2,41,0,3,0,0,0.0,0.0,0.0
2026-06-05,6848,拉法醫,19.42,19.7,19.25,19.6,16,0,0,0,0,0.0,0.0,0.0
2026-06-05,6849,奇鼎科技,209.6,215.0,196.0,199.0,202,0,-2,0,0,0.0,0.0,0.0
2026-06-05,6850,光鼎生技,35.28,35.8,35.8,35.8,1,0,0,0,0,0.0,0.0,0.0
2026-06-05,6854,錼創科技-KY創,143.5,143.5,137.0,140.0,433,91,-166,0,0,32.2,67.79,100.0
2026-06-05,6855,數泓科,127.0,131.0,127.0,130.0,27,0,-2,0,4,0.22,99.77,100.0
2026-06-05,6856,鑫傳,0.0,0.0,0.0,0.0,0,0,0,0,0,0.0,49.98,49.99
2026-06-05,6857,宏碁智醫,98.07,98.5,96.5,96.5,3,0,0,0,0,0.0,0.0,0.0
2026-06-05,6858,愛比科技,24.0,24.1,24.0,24.0,7,0,0,0,0,0.0,0.0,0.0
2026-06-05,6859,伯特光,130.5,133.5,128.5,132.0,58,17,1,0,0,13.92,86.07,100.0
2026-06-05,6861,睿生光電,345.0,357.5,340.0,351.5,689,320,68,0,0,1.33,98.66,100.0
2026-06-05,6862,三集瑞-KY,187.0,204.5,182.0,204.5,1572,539,72,0,32,67.01,32.98,100.0
2026-06-05,6863,永道-KY,106.0,107.5,102.5,104.0,112,28,-39,0,-1,69.34,30.65,100.0
2026-06-05,6864,元樟生技,49.87,50.0,49.5,49.95,16,0,0,0,0,0.0,0.0,0.0
2026-06-05,6865,偉康科技,29.0,29.0,28.0,28.95,21,5,0,0,0,0.2,99.79,100.0
2026-06-05,6867,坦德科技,20.57,20.9,20.3,20.9,18,0,0,0,0,0.0,0.0,0.0
2026-06-05,6868,采威國際,30.56,31.0,30.2,31.0,6,0,0,0,0,0.0,0.0,0.0
2026-06-05,6869,雲豹能源-創,88.1,88.5,83.5,83.9,1001,213,-278,0,-18,2.6,97.39,100.0
2026-06-05,6869,雲豹能源,88.1,88.5,83.5,83.9,1001,213,-278,0,-18,2.6,97.39,100.0
2026-06-05,6870,騰雲,276.5,288.0,255.5,285.5,364,170,-9,0,-2,1.22,98.77,100.0
2026-06-05,6872,浩宇生醫,17.0,17.25,16.75,17.1,32,0,-1,0,0,0.36,99.63,100.0
2026-06-05,6873,泓德能源-創,96.8,98.6,92.1,93.0,1177,260,-479,0,-42,7.1,92.89,100.0
2026-06-05,6873,泓德能源,96.8,98.6,92.1,93.0,1177,260,-479,0,-42,7.1,92.89,100.0
2026-06-05,6874,倍力,83.6,83.6,82.6,82.6,22,5,0,0,0,0.7,99.29,100.0
2026-06-05,6875,國邑*,35.5,35.5,34.7,34.95,128,0,50,0,0,1.85,98.14,100.0
2026-06-05,6876,朗齊生醫*,17.08,20.4,17.0,19.9,796,0,13,0,0,0.0,0.0,0.0
2026-06-05,6877,鏵友益,151.5,155.5,146.0,152.0,196,72,-15,0,0,4.17,95.82,100.0
2026-06-05,6878,歐付寶,9.95,10.05,9.9,10.0,13,0,0,0,0,0.0,0.0,0.0
2026-06-05,6879,大江基因,36.88,37.0,37.0,37.0,0,0,0,0,0,0.0,0.0,0.0
2026-06-05,6881,潤德,266.0,269.0,266.0,269.0,9,0,1,0,0,0.06,99.93,100.0
2026-06-05,6882,甲尚,19.56,20.5,19.5,20.3,106,0,0,0,0,0.0,0.0,0.0
2026-06-05,6883,微電能源,16.69,16.45,14.2,14.7,342,0,0,0,0,0.0,0.0,0.0
2026-06-05,6884,海柏特,33.65,34.9,33.65,34.7,17,0,-2,0,0,5.59,94.4,100.0
2026-06-05,6885,全福生技,24.4,26.55,23.8,26.55,1453,519,245,0,1,3.2,96.79,100.0
2026-06-05,6886,遠東生技,47.98,48.35,48.35,48.35,0,0,0,0,0,0.0,0.0,0.0
2026-06-05,6887,寶綠特-KY,35.65,35.65,34.9,34.95,7,2,0,0,1,53.33,46.66,100.0
2026-06-05,6890,來億-KY,231.5,249.0,230.5,242.5,9871,5452,-1061,3109,42,86.64,13.35,100.0
2026-06-05,6891,樂迦再生,50.36,52.8,50.5,51.7,512,0,53,0,0,0.0,0.0,0.0
2026-06-05,6892,台寶生醫,26.14,26.7,25.9,26.4,74,0,0,0,0,0.0,0.0,0.0
2026-06-05,6894,衛司特,384.5,390.5,372.5,384.0,111,39,2,0,1,3.57,96.42,100.0
2026-06-05,6895,宏碩系統,158.0,169.5,158.0,169.5,695,260,-119,0,0,3.31,96.68,100.0
2026-06-05,6898,程曦資訊,93.32,94.9,92.3,93.0,20,0,0,0,0,0.0,0.0,0.0
2026-06-05,6899,創為精密,61.2,63.5,59.5,62.2,163,67,12,0,0,5.15,94.84,100.0
2026-06-05,6901,鑽石投資,14.4,14.5,14.0,14.3,1183,313,38,0,-10,0.68,99.31,100.0
2026-06-05,6902,GOGOLOOK-創,146.0,146.0,140.5,143.0,138,50,39,0,0,3.85,96.14,100.0
2026-06-05,6902,GOGOLOOK,146.0,146.0,140.5,143.0,138,50,39,0,0,3.85,96.14,100.0
2026-06-05,6903,巨漢,400.0,411.0,391.0,393.0,814,369,-99,0,-6,3.52,96.47,100.0
2026-06-05,6904,伯鑫,118.0,118.0,118.0,118.0,1,0,0,0,0,0.06,99.93,100.0
2026-06-05,6906,現觀科,102.5,102.5,99.8,101.0,164,0,14,0,-1,7.32,92.67,100.0
2026-06-05,6907,雅特力-KY,152.5,169.0,150.0,169.0,7232,4017,-77,0,34,53.64,46.35,100.0
2026-06-05,6908,宏碁遊戲-創,39.55,40.5,39.55,40.45,12,0,4,0,0,0.67,99.32,100.0
2026-06-05,6909,創控,48.25,48.3,46.25,48.05,537,122,53,0,0,8.44,91.55,100.0
2026-06-05,6910,德鴻,29.15,30.3,28.9,30.0,140,0,-6,0,0,4.77,95.22,100.0
2026-06-05,6911,群運,32.05,32.1,31.8,32.0,25,0,-3,0,0,0.0,0.0,0.0
2026-06-05,6912,益鈞環科*,13.62,14.3,13.45,13.95,264,0,3,0,0,0.0,0.0,0.0
2026-06-05,6913,鴻呈,136.5,136.5,133.0,134.0,214,32,-65,0,-17,2.93,97.06,100.0
2026-06-05,6914,阜爾運通,141.5,144.0,141.0,143.5,127,8,19,0,0,2.12,97.87,100.0
2026-06-05,6915,美強光,62.2,62.8,56.6,59.5,25,0,-1,0,0,0.0,0.0,0.0
2026-06-05,6916,華凌,19.55,20.45,18.8,20.45,263,69,-10,0,0,0.55,99.44,100.0
2026-06-05,6917,竟天,30.96,31.7,29.9,30.5,274,0,-2,0,0,0.0,0.0,0.0
2026-06-05,6918,愛派司,74.0,74.6,74.0,74.2,27,2,7,0,3,0.86,99.13,100.0
2026-06-05,6919,康霈*,97.1,99.8,96.0,96.0,4288,1940,-355,-5,-1,12.72,87.27,100.0
2026-06-05,6920,恆勁科技,113.33,113.0,101.0,106.0,2690,0,114,0,0,0.0,0.0,0.0
2026-06-05,6921,嘉雨思-創,73.0,73.0,71.5,72.7,58,0,2,0,0,29.54,70.45,100.0
2026-06-05,6922,宸曜,184.5,187.0,182.5,184.5,148,30,-29,0,-2,0.8,99.19,100.0
2026-06-05,6923,中台,79.8,79.8,78.2,78.7,99,20,5,0,-2,1.36,98.63,100.0
2026-06-05,6924,榮惠-KY創,162.0,163.0,153.0,157.0,172,0,6,0,1,76.54,23.45,100.0
2026-06-05,6925,意藍,69.8,76.2,67.1,76.2,534,90,74,0,5,2.92,97.07,100.0
2026-06-05,6926,聖安生醫,63.21,64.6,61.1,63.9,33,0,0,0,0,0.0,0.0,0.0
2026-06-05,6927,聯合聚晶,65.74,66.2,63.9,65.3,140,0,-3,0,0,0.0,0.0,0.0
2026-06-05,6928,攸泰科技,47.25,47.25,46.1,46.6,116,29,13,0,0,0.62,99.37,100.0
2026-06-05,6929,佑全,24.0,25.5,23.55,25.5,52,0,0,0,0,0.02,99.97,100.0
2026-06-05,6931,青松健康,41.0,42.0,40.9,41.3,73,14,23,0,0,0.7,99.29,100.0
2026-06-05,6932,水星生醫*,6.62,7.05,6.6,6.99,300,0,7,0,0,0.0,0.0,0.0
2026-06-05,6933,AMAX-KY,170.0,172.0,165.0,167.5,217,83,9,0,-1,28.4,71.59,100.0
2026-06-05,6934,心誠鎂,73.9,73.9,71.1,71.6,104,0,-3,0,1,12.52,87.47,100.0
2026-06-05,6935,王子製藥,30.0,30.0,29.85,29.85,7,0,0,0,0,0.0,0.0,0.0
2026-06-05,6936,永鴻生技,34.25,35.0,34.25,34.55,164,10,22,0,-1,0.52,99.47,100.0
2026-06-05,6937,天虹,296.0,296.0,280.0,281.5,899,217,-132,-58,-23,2.11,97.87,100.0
2026-06-05,6938,藍新資訊,99.95,100.5,95.7,100.5,4,0,0,0,0,0.0,0.0,0.0
2026-06-05,6939,啟弘生技,20.02,20.6,20.0,20.5,15,0,0,0,0,0.0,0.0,0.0
2026-06-05,6940,格斯科技*,26.7,26.9,25.4,25.95,1131,0,-28,0,0,0.0,0.0,0.0
2026-06-05,6944,兆聯實業,934.0,960.0,920.0,939.0,668,324,184,0,-5,14.76,85.23,100.0
2026-06-05,6945,圓祥生技,102.0,107.0,98.3,105.0,2632,0,-274,0,0,2.65,97.34,100.0
2026-06-05,6946,三地能源,11.4,11.8,11.25,11.25,70,0,0,0,0,0.0,0.0,0.0
2026-06-05,6947,台鎔科技,87.19,94.0,88.3,93.0,1376,0,-6,0,0,0.0,0.0,0.0
2026-06-05,6949,沛爾生醫-創,645.0,682.0,632.0,658.0,137,27,-6,0,0,1.95,98.04,100.0
2026-06-05,6951,青新-創,82.5,83.0,81.6,82.0,109,12,-27,0,5,1.95,98.04,100.0
2026-06-05,6952,大武山,36.2,36.95,36.2,36.5,13,2,4,0,-3,0.35,99.64,100.0
2026-06-05,6953,家碩,235.0,237.5,232.5,237.0,101,24,0,0,0,0.68,99.31,100.0
2026-06-05,6955,邦睿生技-創,145.0,145.0,145.0,145.0,3,0,0,0,0,17.75,82.24,100.0
2026-06-05,6957,裕慶-KY,197.5,197.5,186.0,191.5,246,50,-49,0,0,5.85,94.14,100.0
2026-06-05,6958,日盛台駿,17.2,17.2,16.9,16.9,49,5,-21,0,-4,0.46,99.53,100.0
2026-06-05,6959,兆捷科技,145.4,146.5,135.0,141.0,400,0,1,0,0,0.0,0.0,0.0
2026-06-05,6961,旅天下,60.8,62.5,60.7,62.2,243,0,26,0,0,0.53,99.46,100.0
2026-06-05,6962,奕力-KY,36.85,36.85,35.6,36.05,3136,777,-524,0,-40,40.87,59.12,100.0
2026-06-05,6963,品元,26.5,27.8,27.8,27.8,0,0,0,0,0,0.0,0.0,0.0
2026-06-05,6965,中傑-KY,80.4,81.9,80.2,81.7,62,14,-6,0,-1,77.23,22.76,100.0
2026-06-05,6967,汎瑋材料,71.3,71.5,69.7,71.5,76,17,-22,0,-2,1.86,98.13,100.0
2026-06-05,6968,萬達寵物,43.8,43.8,43.35,43.45,71,8,9,0,0,1.27,98.72,100.0
2026-06-05,6969,成信實業*-創,28.1,28.1,27.0,27.55,129,0,12,0,-1,0.46,99.53,100.0
2026-06-05,6971,惠民實業,27.15,27.3,27.05,27.2,23,3,-1,0,0,0.35,99.64,100.0
2026-06-05,6972,博瑞達應材,23.36,24.6,22.7,24.6,10,0,0,0,0,0.0,0.0,0.0
2026-06-05,6973,永立榮,32.7,32.8,32.6,32.7,6,0,0,0,0,0.0,0.0,0.0
2026-06-05,6976,育世博-KY,12.89,12.95,12.55,12.75,431,0,-13,0,0,0.0,0.0,0.0
2026-06-05,6977,聯純,293.27,294.0,290.0,292.0,48,0,0,0,0,0.0,0.0,0.0
2026-06-05,6979,勝釩,199.38,200.0,192.5,200.0,7,0,0,0,0,0.0,0.0,0.0
2026-06-05,6980,鐳洋科技,149.74,150.0,143.5,146.0,142,0,0,0,0,0.0,0.0,0.0
2026-06-05,6982,大井泵浦,64.4,64.4,59.6,61.4,313,76,49,0,0,1.2,98.79,100.0
2026-06-05,6983,華洋精機,356.0,361.0,347.5,361.0,72,0,1,0,0,0.16,99.83,100.0
2026-06-05,6984,ACpay,18.84,18.9,17.35,18.7,46,0,0,0,0,0.0,0.0,0.0
2026-06-05,6986,和迅,61.37,61.7,60.8,61.2,23,0,0,0,0,0.0,0.0,0.0
2026-06-05,6987,寶晶能源*,20.22,20.3,20.1,20.3,69,0,0,0,0,0.0,0.0,0.0
2026-06-05,6988,威力暘-創,14.75,15.0,14.35,14.35,45,0,0,0,-5,3.82,96.17,100.0
2026-06-05,6990,華鉬,150.63,172.0,139.5,148.5,626,0,-15,0,0,0.0,0.0,0.0
2026-06-05,6994,富威電力,64.2,64.2,62.5,62.7,388,119,-18,0,3,0.95,99.04,100.0
2026-06-05,6995,野獸國,47.37,47.55,47.1,47.3,4,0,0,0,0,0.0,0.0,0.0
2026-06-05,6996,力領科技,198.5,198.5,191.0,192.5,78,21,-3,0,1,3.58,96.41,100.0
2026-06-05,6997,博弘,75.1,76.6,74.1,76.6,14,0,1,0,0,20.12,79.87,100.0
2026-06-05,6999,瀚醫生技,30.5,31.0,31.0,31.0,0,0,0,0,0,0.0,0.0,0.0
2026-06-05,7402,邑錡,101.5,101.5,97.1,98.6,344,99,61,0,0,5.76,94.23,100.0
2026-06-05,7419,達勝,95.05,93.6,85.7,93.6,416,0,2,0,0,0.0,0.0,0.0
2026-06-05,7427,華上生醫,37.29,37.3,33.05,35.35,1230,0,27,0,0,0.0,0.0,0.0
2026-06-05,7443,凡事康,9.75,10.35,9.85,10.35,11,0,0,0,0,0.0,0.0,0.0
2026-06-05,7455,樺緯物聯,60.4,59.5,58.8,59.5,8,0,0,0,0,0.0,0.0,0.0
2026-06-05,7507,環拓科技,19.66,19.9,19.7,19.9,15,0,-4,0,0,0.0,0.0,0.0
2026-06-05,7516,清淨海,8.97,9.26,8.8,9.25,9,0,0,0,0,0.0,0.0,0.0
2026-06-05,7530,鋒魁科技,41.55,41.65,39.9,40.5,202,0,0,0,0,0.0,0.0,0.0
2026-06-05,7547,碩網,61.7,63.2,60.6,62.5,51,15,12,0,0,23.94,76.05,100.0
2026-06-05,7551,知識科技,12.88,13.65,12.35,13.0,114,0,0,0,0,0.0,0.0,0.0
2026-06-05,7556,意德士,274.5,281.5,271.0,281.5,99,35,-5,0,-1,3.89,96.1,100.0
2026-06-05,7558,群利科技,22.69,23.3,21.9,22.85,30,0,0,0,0,0.0,0.0,0.0
2026-06-05,7561,光晟生技,18.79,19.3,18.4,19.3,15,0,0,0,0,0.0,0.0,0.0
2026-06-05,7562,博來科技,69.19,76.0,61.3,63.3,173,0,0,0,0,0.0,0.0,0.0
2026-06-05,7566,亞果遊艇,12.85,13.0,12.65,12.95,132,0,2,0,0,0.0,0.0,0.0
2026-06-05,7575,安美得,18.76,19.1,18.7,19.1,29,0,0,0,0,0.0,0.0,0.0
2026-06-05,7578,利百景,31.47,32.0,30.95,31.5,67,0,0,0,0,0.0,0.0,0.0
2026-06-05,7583,國際海洋,47.37,56.2,48.5,54.0,100,0,0,0,0,0.0,0.0,0.0
2026-06-05,7584,樂意,25.9,27.0,25.0,26.4,21,15,-2,0,0,19.69,80.3,100.0
2026-06-05,7590,怡和國際,20.78,20.95,20.0,20.95,97,0,-2,0,0,0.0,0.0,0.0
2026-06-05,7595,世基生醫,8.3,8.6,8.03,8.6,32,0,0,0,0,0.0,0.0,0.0
2026-06-05,7607,通用幹細胞*,13.86,16.3,14.0,14.5,128,0,-2,0,0,0.0,0.0,0.0
2026-06-05,7610,聯友金屬-創,1730.0,1800.0,1730.0,1750.0,211,0,61,0,1,14.16,85.83,100.0
2026-06-05,7631,聚賢研發-創,127.0,127.0,124.0,126.5,18,0,1,0,0,0.73,99.26,100.0
2026-06-05,7642,昶瑞機電,75.5,80.3,74.3,76.6,328,115,-44,0,0,0.29,99.7,100.0
2026-06-05,7669,碩正科技,707.81,709.0,653.0,708.0,63,0,-2,0,0,0.0,0.0,0.0
2026-06-05,7689,大鵬科CLMX,248.77,252.5,243.0,251.0,24,0,0,0,0,0.0,0.0,0.0
2026-06-05,7702,前端風電,20.46,22.0,20.4,21.9,42,0,-3,0,0,0.0,0.0,0.0
2026-06-05,7703,銳澤,207.0,207.0,200.0,200.0,282,45,-134,0,0,2.67,97.32,100.0
2026-06-05,7704,明遠精密,61.5,61.9,59.8,61.9,101,17,-20,0,0,1.16,98.83,100.0
2026-06-05,7705,三商餐飲,32.05,32.5,31.7,32.5,103,15,-14,0,-1,2.33,97.66,100.0
2026-06-05,7706,宏碁創達,37.08,38.2,38.2,38.2,1,0,0,0,0,0.0,0.0,0.0
2026-06-05,7707,益芯科,149.54,150.0,146.0,148.5,71,0,0,0,0,0.0,0.0,0.0
2026-06-05,7708,全家餐飲,92.7,92.7,92.2,92.3,12,0,0,0,0,0.42,99.57,100.0
2026-06-05,7709,榮田,113.0,114.5,110.5,111.5,401,0,1,0,0,2.27,97.72,100.0
2026-06-05,7710,東擎科技,260.3,261.0,259.0,261.0,5,0,0,0,0,0.0,0.0,0.0
2026-06-05,7711,永擎,396.0,405.0,386.5,393.0,1455,743,-23,0,0,1.15,98.84,100.0
2026-06-05,7712,博盛半導體,150.0,153.0,141.0,150.0,675,323,56,0,71,2.11,97.88,100.0
2026-06-05,7713,威力德生醫,72.4,72.4,71.0,71.9,23,1,-3,0,0,0.06,99.93,100.0
2026-06-05,7714,創泓科技,128.0,140.0,128.0,140.0,464,82,43,0,18,1.38,98.61,100.0
2026-06-05,7715,裕山,27.9,28.0,27.8,27.8,51,2,-4,0,0,0.83,99.16,100.0
2026-06-05,7716,昱臺國際,24.7,25.5,24.7,25.4,6,0,0,0,0,0.0,99.99,100.0
2026-06-05,7717,萊德光電-KY,632.0,633.0,589.0,604.0,424,135,43,-157,0,16.84,83.15,100.0
2026-06-05,7718,友鋮,48.3,49.2,48.25,48.65,85,39,5,0,0,0.79,99.2,100.0
2026-06-05,7719,碳基,39.95,40.95,39.0,39.95,235,0,2,0,0,0.0,0.0,0.0
2026-06-05,7721,微程式,76.6,79.6,74.8,78.3,927,316,-47,0,3,1.94,98.05,100.0
2026-06-05,7722,LINEPAY,281.5,305.5,279.5,305.5,231,29,-2,0,21,59.53,40.46,100.0
2026-06-05,7723,築間,23.85,24.1,22.85,22.95,244,24,-84,0,0,0.77,99.22,100.0
2026-06-05,7724,諾亞克,21.83,21.85,21.65,21.65,9,0,0,0,0,0.0,0.0,0.0
2026-06-05,7725,列特博,22.73,21.8,21.8,21.8,3,0,0,0,0,0.0,0.0,0.0
2026-06-05,7726,暄達,32.28,33.8,33.75,33.75,0,0,0,0,0,0.0,0.0,0.0
2026-06-05,7728,光焱科技,766.0,766.0,725.0,757.0,57,23,7,0,0,1.85,98.14,100.0
2026-06-05,7729,仲恩生醫,76.7,77.9,73.4,75.6,174,0,0,0,0,0.0,0.0,0.0
2026-06-05,7730,暉盛-創,189.0,189.0,181.0,185.0,110,42,-9,0,0,2.35,97.64,100.0
2026-06-05,7731,火星生技*,5.5,6.36,5.5,6.13,5714,0,185,0,0,0.0,0.0,0.0
2026-06-05,7732,金興精密,36.25,36.25,35.9,36.25,32,0,-6,0,0,0.32,99.67,100.0
2026-06-05,7734,印能科技,3150.0,3205.0,2960.0,3055.0,129,54,-3,0,-3,2.9,97.09,100.0
2026-06-05,7735,台智雲,248.78,251.0,221.0,226.0,162,0,-2,0,0,0.0,0.0,0.0
2026-06-05,7736,虎山,73.0,73.2,72.5,72.8,41,3,24,0,0,1.21,98.78,100.0
2026-06-05,7737,凱鈿,42.76,43.05,41.55,43.05,4,0,0,0,0,0.0,0.0,0.0
2026-06-05,7738,東聯互動,166.0,168.0,165.0,168.0,33,2,0,0,0,0.33,99.66,100.0
2026-06-05,7740,熙特爾-創,179.5,179.5,172.0,172.5,305,87,-103,0,-1,5.92,94.07,100.0
2026-06-05,7742,天弘化,140.34,148.0,135.5,144.0,375,0,1,0,0,0.0,0.0,0.0
2026-06-05,7743,金利食安,0.0,0.0,0.0,0.0,0,0,0,0,0,2.87,97.12,100.0
2026-06-05,7744,崴寶,464.0,464.5,450.0,455.0,132,33,-23,0,0,28.32,71.67,100.0
2026-06-05,7745,紅陽,16.75,17.25,16.5,16.7,34,0,0,0,0,0.0,0.0,0.0
2026-06-05,7747,昕奇雲端,129.0,129.0,129.0,129.0,1,0,0,0,0,0.72,99.27,100.0
2026-06-05,7748,鑫囍創業,19.7,20.6,19.6,20.3,6,0,0,0,0,0.0,0.0,0.0
2026-06-05,7749,意騰-KY,478.5,478.5,460.0,465.0,470,120,-123,0,-10,22.48,77.51,100.0
2026-06-05,7750,新代,2315.0,2315.0,2205.0,2260.0,175,51,4,0,-5,17.54,82.45,100.0
2026-06-05,7751,竑騰,1580.0,1615.0,1525.0,1545.0,249,117,16,0,-4,4.78,95.21,100.0
2026-06-05,7752,世紀樺欣,43.11,47.6,40.0,43.4,421,0,5,0,0,0.0,0.0,0.0
2026-06-05,7753,星亞,43.55,46.5,43.05,43.35,30,7,-5,0,0,0.22,99.77,100.0
2026-06-05,7754,安基生技,60.24,60.2,56.7,59.7,114,0,-31,0,0,0.0,0.0,0.0
2026-06-05,7756,多那之,40.99,42.0,40.0,42.0,1,0,0,0,0,0.0,0.0,0.0
2026-06-05,7757,金色三麥,110.0,110.5,109.0,110.5,68,9,1,0,0,19.49,80.5,100.0
2026-06-05,7758,睿騰能源,44.43,44.75,40.85,40.85,26,0,0,0,0,0.0,0.0,0.0
2026-06-05,7759,視航生醫,29.38,32.1,28.6,32.1,66,0,0,0,0,0.0,0.0,0.0
2026-06-05,7760,享溫馨,32.05,32.05,31.9,32.05,74,0,0,0,-9,0.3,99.69,100.0
2026-06-05,7761,三大未來,38.85,40.1,38.45,40.0,179,0,2,0,0,0.0,0.0,0.0
2026-06-05,7762,吉晟生,51.87,52.5,49.85,50.9,100,0,0,0,0,0.0,0.0,0.0
2026-06-05,7763,崇舜,185.55,216.0,184.0,209.0,274,0,0,0,0,0.0,0.0,0.0
2026-06-05,7764,聖州,12.82,13.05,12.5,13.0,30,0,0,0,0,0.0,0.0,0.0
2026-06-05,7765,中華資安,254.0,260.0,250.0,259.0,78,19,-11,0,1,0.5,99.49,100.0
2026-06-05,7767,仁大資訊,43.0,43.0,42.0,42.5,33,0,0,0,0,0.1,99.89,100.0
2026-06-05,7768,頌勝科技,415.5,415.5,396.5,406.5,251,0,7,0,0,0.82,99.17,100.0
2026-06-05,7769,鴻勁,7195.0,7500.0,7100.0,7275.0,688,297,-1,-1,-1,19.88,80.11,100.0
2026-06-05,7770,君曜,43.0,44.0,42.6,43.2,7,0,-1,0,0,0.21,99.78,100.0
2026-06-05,7771,綠基,56.59,56.3,53.8,54.5,9,0,0,0,0,0.0,0.0,0.0
2026-06-05,7772,耀穎,170.0,185.0,153.0,184.5,1167,0,27,0,-12,0.57,99.42,100.0
2026-06-05,7773,富禾生醫,30.17,30.85,29.5,30.8,23,0,0,0,0,0.0,0.0,0.0
2026-06-05,7776,奧孟亞,24.86,25.85,24.65,24.65,46,0,0,0,0,0.0,0.0,0.0
2026-06-05,7777,能率亞洲,40.0,42.0,39.55,39.75,3108,1375,-132,0,-20,0.37,99.62,100.0
2026-06-05,7779,鍇睿國際,13.0,13.3,13.0,13.2,18,0,0,0,0,0.0,0.0,0.0
2026-06-05,7780,大研生醫*,18.05,18.5,18.0,18.15,2507,566,-388,0,-11,0.51,99.48,100.0
2026-06-05,7781,昕力資*,30.25,30.45,29.6,29.9,3006,0,0,0,0,0.0,0.0,0.0
2026-06-05,7782,光速火箭,25.25,25.25,24.5,25.1,29,1,1,0,0,0.37,99.62,100.0
2026-06-05,7783,佳運,93.25,96.7,92.1,94.0,124,0,-5,0,0,0.0,0.0,0.0
2026-06-05,7784,安邦生技*,13.51,18.2,13.4,16.0,3941,0,-205,0,0,0.0,0.0,0.0
2026-06-05,7785,北祥科服,28.78,0.0,0.0,0.0,0,0,0,0,0,0.0,0.0,0.0
2026-06-05,7786,東方風能,121.5,133.0,121.5,125.0,670,226,-174,0,4,1.24,98.75,100.0
2026-06-05,7788,松川精密,200.0,224.0,200.0,224.0,4318,1831,368,0,44,9.03,90.96,100.0
2026-06-05,7789,開展,35.1,35.1,35.1,35.1,0,0,0,0,0,0.0,0.0,0.0
2026-06-05,7790,思必瑞特,51.5,51.5,51.4,51.4,0,0,0,0,0,0.0,0.0,0.0
2026-06-05,7791,皇家可口,67.7,69.6,66.9,69.2,323,9,42,0,0,0.61,99.38,100.0
2026-06-05,7792,安葆,295.0,295.0,280.5,280.5,177,20,-13,0,-20,17.74,82.25,100.0
2026-06-05,7794,宏碁智新,33.55,34.9,32.95,34.9,555,0,91,0,-45,1.68,98.31,100.0
2026-06-05,7795,長廣,389.5,389.5,376.0,380.0,197,0,28,0,0,8.66,91.33,100.0
2026-06-05,7796,擷發科,102.0,101.0,98.1,98.6,117,0,0,0,0,0.0,0.0,0.0
2026-06-05,7797,Q Burger,63.15,65.0,62.3,64.9,10,0,0,0,0,0.0,0.0,0.0
2026-06-05,7798,將捷,16.06,16.3,16.1,16.3,68,0,0,0,0,0.0,0.0,0.0
2026-06-05,7799,禾榮科,364.0,391.0,358.0,390.0,1992,851,-206,0,-6,3.72,96.27,100.0
2026-06-05,7801,華芸科技,133.31,137.5,133.5,136.0,92,0,0,0,0,0.0,0.0,0.0
2026-06-05,7803,雲象科技-創,23.5,24.0,22.9,23.25,278,0,63,0,0,2.66,97.33,100.0
2026-06-05,7805,威聯通,757.0,770.0,744.0,758.0,108,37,19,0,-1,10.53,89.46,100.0
2026-06-05,7806,精華生醫,66.8,66.8,66.8,66.8,0,0,0,0,0,0.0,0.0,0.0
2026-06-05,7808,訊聯智藥,37.17,37.95,37.4,37.95,20,0,0,0,0,0.0,0.0,0.0
2026-06-05,7810,捷創科技,236.0,236.0,225.0,226.5,131,36,-32,0,-3,0.46,99.53,100.0
2026-06-05,7811,民盛,79.7,79.7,79.0,79.4,4,0,1,0,0,0.36,99.63,100.0
2026-06-05,7812,稜研科技*,89.09,90.9,85.9,87.5,117,0,0,0,0,0.0,0.0,0.0
2026-06-05,7813,宇辰系統,132.29,133.5,129.5,131.0,41,0,0,0,0,0.0,0.0,0.0
2026-06-05,7814,海昌生技,42.22,42.5,39.0,40.0,160,0,0,0,0,0.0,0.0,0.0
2026-06-05,7815,新特,446.28,449.5,428.0,440.5,75,0,0,0,0,0.0,0.0,0.0
2026-06-05,7816,來穎,67.42,68.5,64.3,64.3,30,0,0,0,0,0.0,0.0,0.0
2026-06-05,7818,溢泰實業,65.2,65.2,64.0,64.3,238,0,-34,0,0,0.12,99.87,100.0
2026-06-05,7819,精誠金融,49.25,49.25,48.0,49.1,155,0,-8,0,0,1.97,98.02,100.0
2026-06-05,7820,立盈,121.0,123.0,119.0,121.5,44,0,0,0,0,0.28,99.71,100.0
2026-06-05,7821,神數,45.15,45.5,44.3,45.35,227,0,54,0,4,0.74,99.25,100.0
2026-06-05,7822,倍利科,1170.0,1190.0,1090.0,1150.0,392,0,-9,0,-23,0.71,99.28,100.0
2026-06-05,7823,奧義賽博-KY創,97.8,97.8,94.1,94.1,15,0,-1,0,0,25.88,74.11,100.0
2026-06-05,7824,智寶,46.35,48.4,46.35,46.35,5,0,0,0,0,0.0,0.0,0.0
2026-06-05,7825,和亞智慧,117.64,119.5,115.0,116.0,54,0,0,0,0,0.0,0.0,0.0
2026-06-05,7826,極風雲創,43.25,43.25,43.25,43.25,0,0,0,0,0,0.0,0.0,0.0
2026-06-05,7827,漢康-KY創,161.5,162.0,155.0,159.5,1198,0,139,0,0,21.61,78.38,100.0
2026-06-05,7828,創新服務,1550.0,1600.0,1445.0,1565.0,183,0,4,0,-5,22.53,77.46,100.0
2026-06-05,7829,思捷優達-KY,43.93,43.0,40.05,40.9,100,0,2,0,0,0.0,0.0,0.0
2026-06-05,7831,捷博,37.05,36.1,36.1,36.1,0,0,0,0,0,0.0,0.0,0.0
2026-06-05,7832,智新生技*,11.09,13.35,11.2,12.05,850,0,33,0,0,0.0,0.0,0.0
2026-06-05,7833,綠岩能源,28.24,28.95,27.75,28.55,39,0,4,0,0,0.0,0.0,0.0
2026-06-05,7834,來毅數位,18.59,19.15,19.15,19.15,0,0,0,0,0,0.0,0.0,0.0
2026-06-05,7836,智生活,51.29,51.4,50.8,51.0,12,0,0,0,0,0.0,0.0,0.0
2026-06-05,7837,啟新生,103.5,100.5,100.0,100.0,2,0,0,0,0,0.0,0.0,0.0
2026-06-05,7839,達人網,60.72,62.0,58.0,60.9,8,0,0,0,0,0.0,0.0,0.0
2026-06-05,7840,祥圃,37.85,0.0,0.0,0.0,0,0,0,0,0,0.0,0.0,0.0
2026-06-05,7841,經貿聯網,28.26,30.3,28.8,30.3,10,0,0,0,0,0.0,0.0,0.0
2026-06-05,7842,天能綠電,110.0,110.0,107.0,108.5,63,0,-8,0,0,0.07,99.92,100.0
2026-06-05,7843,英柏得,146.04,147.5,137.0,139.0,166,0,3,0,0,0.0,0.0,0.0
2026-06-05,7846,德揚,60.93,60.9,58.3,60.0,47,0,0,0,0,0.0,0.0,0.0
2026-06-05,7847,豊漁,22.1,22.1,21.1,21.35,43,0,0,0,0,0.0,0.0,0.0
2026-06-05,7848,騏億鑫,439.03,441.0,433.0,436.0,24,0,1,0,0,0.0,0.0,0.0
2026-06-05,7849,旭誼,166.01,167.0,160.0,167.0,1,0,0,0,0,0.0,0.0,0.0
2026-06-05,7850,寶泰生醫,17.83,18.2,17.5,17.85,83,0,0,0,0,0.0,0.0,0.0
2026-06-05,7851,慧康生技*-KY,36.39,36.8,35.85,36.7,11,0,0,0,0,0.0,0.0,0.0
2026-06-05,7853,政美應用,352.58,351.5,333.0,345.5,413,0,-3,0,0,0.0,0.0,0.0
2026-06-05,7854,佐茂,89.87,91.6,86.0,89.9,33,0,1,0,0,0.0,0.0,0.0
2026-06-05,7855,和運租車,102.32,103.0,99.2,100.0,1,0,0,0,0,0.0,0.0,0.0
2026-06-05,7856,漢測,3200.64,3225.0,2970.0,3110.0,196,0,-4,0,0,0.0,0.0,0.0
2026-06-05,7857,合水先進,48.87,49.4,45.9,49.4,22,0,0,0,0,0.0,0.0,0.0
2026-06-05,7858,芝普,184.67,192.0,154.5,180.5,281,0,5,0,0,0.0,0.0,0.0
2026-06-05,7860,得生製藥,55.9,55.9,55.9,55.9,0,0,0,0,0,0.0,0.0,0.0
2026-06-05,7861,貝爾威勒,1294.08,1390.0,1265.0,1390.0,187,0,0,0,0,0.0,0.0,0.0
2026-06-05,7862,聚泰,29.44,30.8,29.85,30.8,4,0,0,0,0,0.0,0.0,0.0
2026-06-05,7863,中科物流,50.72,53.0,53.0,53.0,0,0,0,0,0,0.0,0.0,0.0
2026-06-05,7865,金聯成,57.74,62.9,58.6,60.0,62,0,0,0,0,0.0,0.0,0.0
2026-06-05,7866,丹立,235.23,236.0,204.5,216.0,661,0,28,0,0,0.0,0.0,0.0
2026-06-05,7867,特力屋,55.37,56.7,54.9,55.1,9,0,0,0,0,0.0,0.0,0.0
2026-06-05,7868,聖育,90.4,89.2,67.8,80.3,688,0,11,0,0,0.0,0.0,0.0
2026-06-05,7869,宏于電機,404.94,421.5,400.5,421.5,2,0,0,0,0,0.0,0.0,0.0
2026-06-05,7870,聯剛科技,165.28,166.0,166.0,166.0,0,0,0,0,0,0.0,0.0,0.0
2026-06-05,7871,安立璽榮-KY,78.67,80.7,70.3,73.6,1442,0,0,0,0,0.0,0.0,0.0
2026-06-05,7872,登豐,59.28,59.8,56.1,58.0,60,0,-5,0,0,0.0,0.0,0.0
2026-06-05,7873,瑞峰,205.79,218.5,199.5,210.0,641,0,-4,0,0,0.0,0.0,0.0
2026-06-05,7875,安圖斯,136.08,149.0,140.0,145.0,40,0,0,0,0,0.0,0.0,0.0
2026-06-05,7876,鼎晉生技,35.74,36.15,35.35,36.0,121,0,0,0,0,0.0,0.0,0.0
2026-06-05,7877,海利普,40.36,41.05,39.85,40.55,58,0,0,0,0,0.0,0.0,0.0
2026-06-05,7878,藥祇,270.0,271.5,255.0,269.0,408,0,2,0,0,0.0,0.0,0.0
2026-06-05,7879,益材科技,115.31,117.5,110.0,113.0,249,0,0,0,0,0.0,0.0,0.0
2026-06-05,7880,聖凰,181.07,181.5,179.0,181.5,37,0,0,0,0,0.0,0.0,0.0
2026-06-05,7881,科明,100.95,102.0,100.0,100.0,4,0,0,0,0,0.0,0.0,0.0
2026-06-05,7882,倍利創投,21.31,21.6,20.9,21.6,213,0,0,0,0,0.0,0.0,0.0
2026-06-05,7883,饗賓,264.04,273.5,260.0,272.5,26,0,0,0,0,0.0,0.0,0.0
2026-06-05,7885,宏羚,29.99,29.9,29.0,29.55,68,0,0,0,0,0.0,0.0,0.0
2026-06-05,7886,科建,180.88,180.5,173.0,173.5,88,0,0,0,0,0.0,0.0,0.0
2026-06-05,7887,宇川精材,232.43,231.0,224.0,226.5,552,0,0,0,0,0.0,0.0,0.0
2026-06-05,7888,麗寶新藥,38.82,39.65,38.8,39.0,8,0,0,0,0,0.0,0.0,0.0
2026-06-05,7889,騰勢,81.9,81.9,81.0,81.9,4,0,0,0,0,0.0,0.0,0.0
2026-06-05,7890,明曜科技,119.8,124.0,116.5,118.5,31,0,0,0,0,0.0,0.0,0.0
2026-06-05,7891,博研醫藥,23.75,25.1,23.75,23.8,31,0,0,0,0,0.0,0.0,0.0
2026-06-05,7892,元鈦科,871.62,882.0,861.0,866.0,64,0,0,0,0,0.0,0.0,0.0
2026-06-05,7893,睿信,199.02,200.5,195.0,199.5,52,0,0,0,0,0.0,0.0,0.0
2026-06-05,7895,元進莊,68.2,70.2,67.8,70.0,17,0,0,0,0,0.0,0.0,0.0
2026-06-05,7896,喬越,242.84,252.0,233.0,252.0,8,0,0,0,0,0.0,0.0,0.0
2026-06-05,7897,禾迅綠電,40.25,50.0,40.5,46.8,82,0,0,0,0,0.0,0.0,0.0
2026-06-05,7898,乾瞻,657.51,661.0,623.0,636.0,90,0,1,0,0,0.0,0.0,0.0
2026-06-05,7899,景美,492.87,498.5,430.0,488.5,221,0,20,0,0,0.0,0.0,0.0
2026-06-05,7901,大大寬頻,73.68,74.4,72.0,73.0,64,0,0,0,0,0.0,0.0,0.0
2026-06-05,7902,宇越生醫*,38.72,39.15,38.05,39.15,106,0,0,0,0,0.0,0.0,0.0
2026-06-05,7904,任開數位,25.1,0.0,0.0,0.0,0,0,0,0,0,0.0,0.0,0.0
2026-06-05,7907,錸恩帕斯,251.2,260.5,245.0,257.0,22,0,0,0,0,0.0,0.0,0.0
2026-06-05,7909,鈺祥,708.44,718.0,688.0,710.0,94,0,-5,0,0,0.0,0.0,0.0
2026-06-05,7911,阿波羅電力,175.36,179.0,153.0,163.0,453,0,1,0,0,0.0,0.0,0.0
2026-06-05,7912,新聿科,504.23,531.0,460.5,528.0,99,0,0,0,0,0.0,0.0,0.0
2026-06-05,7913,通寶半導體,379.22,380.0,360.5,375.0,53,0,-2,0,0,0.0,0.0,0.0
2026-06-05,7915,廌家,583.96,590.0,546.0,572.0,47,0,0,0,0,0.0,0.0,0.0
2026-06-05,7918,創鉅材料,1139.96,1180.0,1090.0,1160.0,79,0,0,0,0,0.0,0.0,0.0
2026-06-05,7919,禾蒼,69.63,71.3,67.5,67.7,97,0,0,0,0,0.0,0.0,0.0
2026-06-05,7920,瀚陽*,13.87,20.6,16.0,18.2,15383,0,-265,0,0,0.0,0.0,0.0
2026-06-05,7921,台普威,138.93,140.5,131.0,135.0,197,0,0,0,0,0.0,0.0,0.0
2026-06-05,7922,源點*,107.44,109.0,104.0,108.5,15,0,0,0,0,0.0,0.0,0.0
2026-06-05,8011,台通,19.0,19.15,18.55,18.9,997,304,93,0,0,3.14,96.85,100.0
2026-06-05,8016,矽創,301.5,306.0,298.0,303.5,2132,539,608,24,-8,36.6,63.39,100.0
2026-06-05,8021,尖點,430.0,458.0,415.0,458.0,972,0,379,0,-39,21.86,78.13,100.0
2026-06-05,8024,佑華,12.45,12.5,12.1,12.45,74,0,-3,0,0,1.81,98.18,100.0
2026-06-05,8027,鈦昇,287.0,293.0,279.5,293.0,1661,0,-189,0,-13,8.48,91.51,100.0
2026-06-05,8028,昇陽半導體,340.0,343.0,327.5,337.5,6896,3476,-397,35,-56,24.16,75.83,100.0
2026-06-05,8032,光菱,45.75,45.75,44.3,45.25,301,121,8,0,0,1.26,98.73,100.0
2026-06-05,8033,雷虎,134.5,135.5,131.5,134.5,2281,668,-546,0,-16,3.54,96.45,100.0
2026-06-05,8034,榮群,24.5,24.65,23.75,24.35,690,236,-91,0,0,7.55,92.44,100.0
2026-06-05,8038,長園科,43.2,43.2,40.5,41.2,457,0,-68,0,0,0.52,99.47,100.0
2026-06-05,8039,台虹,140.0,142.5,132.5,140.5,8878,4592,-1203,0,-79,15.11,84.88,100.0
2026-06-05,8040,九暘,102.5,103.5,96.5,102.5,1561,546,249,0,0,4.02,95.97,100.0
2026-06-05,8042,金山電,138.5,150.0,134.5,145.5,1465,0,-62,0,-217,15.29,84.7,100.0
2026-06-05,8043,蜜望實,143.0,159.5,138.0,159.5,27884,18940,3005,0,50,7.19,92.8,100.0
2026-06-05,8044,網家,30.95,30.95,29.85,29.9,1132,374,137,0,0,5.77,94.22,100.0
2026-06-05,8045,達運光電,67.5,67.6,65.3,65.7,219,57,18,0,-92,1.28,98.71,100.0
2026-06-05,8046,南電,865.0,875.0,813.0,845.0,14136,8263,1571,-2475,-6,12.87,87.12,100.0
2026-06-05,8047,星雲,48.0,51.0,48.0,50.5,116,0,-4,0,0,0.62,99.37,100.0
2026-06-05,8048,德勝,64.7,64.7,62.1,63.0,353,101,-45,0,3,7.8,92.19,100.0
2026-06-05,8049,晶采,27.45,27.75,27.05,27.2,470,144,-57,0,0,2.82,97.17,100.0
2026-06-05,8050,廣積,56.9,57.8,56.2,57.2,968,277,218,0,0,2.26,97.73,100.0
2026-06-05,8054,安國,101.5,102.5,99.4,100.5,1379,624,-66,0,0,3.86,96.13,100.0
2026-06-05,8058,耐特,102.42,103.5,98.8,100.5,135,0,0,0,0,0.0,0.0,0.0
2026-06-05,8059,凱碩,19.9,20.45,19.4,20.05,420,0,-105,0,0,0.63,99.36,100.0
2026-06-05,8064,東捷,164.0,173.5,157.0,166.0,25154,18066,-1051,0,-81,9.46,90.53,100.0
2026-06-05,8066,來思達,16.05,16.05,16.05,16.05,12,0,0,0,0,3.02,96.97,100.0
2026-06-05,8067,志旭,14.65,14.65,13.2,13.2,22,0,0,0,0,8.42,91.57,100.0
2026-06-05,8068,全達,20.2,20.2,19.8,20.0,248,62,-2,0,0,8.82,91.17,100.0
2026-06-05,8069,元太,212.0,222.0,210.5,214.0,9486,3515,-555,259,-74,41.23,58.76,100.0
2026-06-05,8070,長華*,62.1,63.4,59.5,62.7,24540,9658,5115,-5048,-250,12.2,87.79,100.0
2026-06-05,8071,能率網通,21.45,22.8,21.25,21.25,1650,735,-274,0,0,4.9,95.09,100.0
2026-06-05,8072,陞泰,30.0,30.6,29.15,29.4,653,263,-55,0,-1,1.9,98.09,100.0
2026-06-05,8074,鉅橡,71.7,73.6,69.1,72.6,1185,477,-3,0,-8,6.16,93.83,100.0
2026-06-05,8076,伍豐,28.2,29.45,28.0,28.2,6443,2477,-779,0,20,5.84,94.15,100.0
2026-06-05,8077,洛碁,54.6,56.3,53.5,54.0,26,0,0,0,0,51.12,48.87,100.0
2026-06-05,8080,永利聯合,28.0,28.0,28.0,28.0,19,0,0,0,0,0.1,99.89,100.0
2026-06-05,8080,泰霖,28.0,28.0,28.0,28.0,19,0,0,0,0,0.1,99.89,100.0
2026-06-05,8081,致新,278.5,283.5,276.5,280.5,776,229,60,-1,-3,19.8,80.19,100.0
2026-06-05,8083,瑞穎,172.0,172.5,170.5,171.5,37,18,7,0,0,3.27,96.72,100.0
2026-06-05,8084,巨虹,50.3,50.3,48.2,49.65,164,0,-49,0,0,0.98,99.01,100.0
2026-06-05,8085,福華,17.5,17.5,14.5,14.7,5113,0,-1793,0,-139,2.67,97.32,100.0
2026-06-05,8086,宏捷科,159.0,161.0,152.0,156.0,4026,1597,206,0,-144,24.12,75.87,100.0
2026-06-05,8087,華鎂鑫,35.35,35.65,35.25,35.6,72,6,12,0,0,3.31,96.68,100.0
2026-06-05,8087,麗升能源,35.35,35.65,35.25,35.6,72,6,12,0,0,3.31,96.68,100.0
2026-06-05,8088,品安,66.0,66.2,61.9,62.8,5379,1977,-395,0,0,3.77,96.22,100.0
2026-06-05,8089,康全電訊,20.55,22.35,20.2,22.35,849,117,181,0,5,4.87,95.12,100.0
2026-06-05,8091,翔名,252.0,253.0,238.0,241.0,970,295,80,0,-61,11.09,88.9,100.0
2026-06-05,8092,建暐,16.9,16.9,16.0,16.3,155,42,-14,0,0,0.27,99.72,100.0
2026-06-05,8093,保銳,18.05,18.25,18.05,18.25,11,0,0,0,0,0.05,99.94,100.0
2026-06-05,8096,擎亞,131.5,137.5,122.5,128.5,15885,9194,815,0,450,33.18,66.81,100.0
2026-06-05,8097,常珵,56.0,58.3,56.0,57.6,44,9,-3,0,0,2.64,97.35,100.0
2026-06-05,8098,慶康科技,365.96,386.5,369.0,380.5,67,0,2,0,0,0.0,0.0,0.0
2026-06-05,8099,大世科,63.6,70.2,62.6,70.2,2005,375,-3,0,36,3.0,96.99,100.0
2026-06-05,8101,華冠,15.85,16.2,15.85,16.2,4,0,0,0,0,0.05,99.94,100.0
2026-06-05,8102,傑霖科技,78.7,78.7,75.1,75.7,77,0,3,0,0,0.13,99.86,100.0
2026-06-05,8103,瀚荃,101.5,103.0,98.4,101.0,1213,498,-52,0,-2,22.57,77.42,100.0
2026-06-05,8104,錸寶,43.8,45.3,41.8,43.1,7896,4445,-295,0,-1,1.52,98.47,100.0
2026-06-05,8105,凌巨,20.0,21.2,18.7,20.4,21072,11339,1282,0,-14,41.38,58.61,100.0
2026-06-05,8107,大億金茂,12.7,12.75,12.4,12.55,200,20,17,0,0,0.59,99.4,100.0
2026-06-05,8109,博大,118.5,120.0,117.5,120.0,178,43,-28,11,1,4.99,95.0,100.0
2026-06-05,8110,華東,59.2,59.2,54.0,56.5,13768,5819,83,0,-139,1.72,98.27,100.0
2026-06-05,8111,立碁,62.8,62.8,61.2,61.8,1075,361,-147,0,-65,5.19,94.8,100.0
2026-06-05,8112,至上,95.1,95.1,89.3,92.6,43713,17630,-10565,-625,-859,19.58,80.41,100.0
2026-06-05,8114,振樺電,237.5,241.0,227.5,229.0,1339,344,253,0,-13,11.82,88.17,100.0
2026-06-05,8119,公信,11.21,11.25,10.5,11.0,206,0,-15,0,0,0.0,0.0,0.0
2026-06-05,8121,越峰,40.7,41.8,38.4,40.75,2012,0,185,0,0,2.7,97.28,100.0
2026-06-05,8131,福懋科,72.1,72.1,66.9,68.9,5816,2052,-1639,0,-176,4.23,95.76,100.0
2026-06-05,8147,正淩,161.0,168.0,157.0,165.0,642,276,-79,0,48,19.77,80.22,100.0
2026-06-05,8150,南茂,96.7,99.3,92.8,96.8,34134,21355,1710,-12,-1057,41.71,58.28,100.0
2026-06-05,8155,博智,378.0,379.5,358.0,371.0,1387,547,65,18,-163,10.18,89.81,100.0
2026-06-05,8162,微矽電子-創,75.9,75.9,68.3,70.7,845,307,48,0,-13,1.13,98.86,100.0
2026-06-05,8163,達方,40.6,41.05,38.95,40.35,3497,1110,1312,0,-182,7.89,92.1,100.0
2026-06-05,8171,天宇,25.9,25.9,24.35,24.75,462,78,-170,0,0,3.17,96.82,100.0
2026-06-05,8176,智捷,10.4,10.5,10.25,10.35,135,0,-17,0,0,1.17,98.82,100.0
2026-06-05,8182,加高,43.25,45.5,40.35,44.9,2196,912,434,0,6,52.83,47.16,100.0
2026-06-05,8183,精星,32.4,32.85,31.4,32.8,466,99,139,0,13,4.12,95.87,100.0
2026-06-05,8201,無敵,15.15,15.15,13.7,13.85,873,0,-59,0,-5,0.93,99.06,100.0
2026-06-05,8210,勤誠,1420.0,1420.0,1320.0,1370.0,1727,773,-497,15,-30,10.14,89.85,100.0
2026-06-05,8213,志超,37.45,37.65,37.0,37.1,796,167,-154,0,-4,22.55,77.44,100.0
2026-06-05,8215,明基材,30.3,30.3,28.9,29.65,2276,839,2,51,-11,2.56,97.43,100.0
2026-06-05,8222,寶一,37.3,37.6,36.4,36.85,333,90,-36,0,-11,3.22,96.77,100.0
2026-06-05,8227,巨有科技,196.0,204.5,191.0,203.0,1301,674,90,0,3,2.87,97.12,100.0
2026-06-05,8234,新漢,70.2,72.5,68.3,69.2,1285,555,-330,0,-3,2.53,97.46,100.0
2026-06-05,8240,華宏,61.1,61.2,59.0,59.7,669,199,54,0,-11,5.22,94.77,100.0
2026-06-05,8249,菱光,54.3,55.4,53.3,53.3,645,193,-16,0,-4,1.13,98.86,100.0
2026-06-05,8255,朋程,177.0,180.0,172.5,175.0,1647,450,445,0,25,9.94,90.05,100.0
2026-06-05,8261,富鼎,173.0,175.0,167.5,171.0,5520,2805,-58,-30,-62,5.0,94.99,100.0
2026-06-05,8271,宇瞻,235.0,235.0,220.5,222.0,7397,1902,-2185,0,-20,10.47,89.52,100.0
2026-06-05,8272,全景軟體,71.4,72.7,71.4,72.1,9,0,1,0,0,0.19,99.8,100.0
2026-06-05,8277,商丞,11.0,11.3,10.8,10.95,1716,0,-8,0,0,1.6,98.39,100.0
2026-06-05,8279,生展,98.0,98.5,98.0,98.5,4,0,0,0,0,5.5,94.49,100.0
2026-06-05,8284,三竹,64.0,64.1,63.1,63.1,49,1,0,0,0,0.91,99.08,100.0
2026-06-05,8289,泰藝,67.2,69.0,65.0,67.4,2345,1122,244,0,0,2.78,97.21,100.0
2026-06-05,8291,尚茂,71.0,71.0,71.0,71.0,16,0,0,0,0,73.47,26.52,100.0
2026-06-05,8298,威睿,49.74,58.0,51.0,57.2,186,0,1,0,0,0.0,0.0,0.0
2026-06-05,8299,群聯,2550.0,2630.0,2385.0,2450.0,11594,5933,292,-1454,-233,35.42,64.57,100.0
2026-06-05,8329,台視,10.2,10.65,10.0,10.3,17,0,0,0,0,0.0,0.0,0.0
2026-06-05,8341,日友,79.4,79.4,78.0,79.0,396,65,60,0,-3,4.53,95.46,100.0
2026-06-05,8342,益張,91.0,91.5,88.0,88.0,14,3,3,0,0,0.15,99.84,100.0
2026-06-05,8345,超秦,56.47,56.9,55.9,56.9,41,0,0,0,0,0.0,0.0,0.0
2026-06-05,8349,恒耀,42.65,43.0,42.15,42.75,172,17,7,0,0,1.32,98.67,100.0
2026-06-05,8354,冠好,17.0,17.0,16.4,16.7,336,36,2,0,0,0.57,99.42,100.0
2026-06-05,8358,金居,543.0,596.0,515.0,596.0,3356,0,352,-5,-306,32.96,67.03,100.0
2026-06-05,8359,錢櫃,64.73,65.2,64.8,65.2,35,0,0,0,0,0.0,0.0,0.0
2026-06-05,8367,建新國際,41.15,41.4,40.8,41.0,54,1,-14,0,0,1.56,98.43,100.0
2026-06-05,8374,羅昇,100.0,106.5,98.3,98.3,3283,2192,-396,0,-5,2.04,97.95,100.0
2026-06-05,8383,千附,60.8,61.0,58.7,58.9,1195,341,-237,0,-25,12.95,87.04,100.0
2026-06-05,8390,金益鼎,123.0,127.5,122.5,125.0,1111,461,-130,0,-49,22.17,77.82,100.0
2026-06-05,8401,白紗科,23.3,23.3,22.9,23.05,29,4,3,0,0,0.26,99.73,100.0
2026-06-05,8403,盛弘,19.9,19.95,19.85,19.95,157,10,-4,0,0,1.61,98.38,100.0
2026-06-05,8404,百和興業-KY,17.5,17.8,17.4,17.45,678,241,81,0,-13,52.91,47.08,100.0
2026-06-05,8409,商之器,19.35,19.6,19.35,19.35,21,0,0,0,0,0.12,99.87,100.0
2026-06-05,8410,森田,36.5,36.5,34.9,35.2,94,16,-13,0,0,0.54,99.45,100.0
2026-06-05,8411,福貞-KY,12.1,12.1,12.1,12.1,23,0,-1,0,0,53.79,46.2,100.0
2026-06-05,8415,大國鋼,35.3,35.55,35.1,35.15,450,73,139,0,-103,6.7,93.29,100.0
2026-06-05,8416,實威,179.5,182.0,178.5,180.5,11,0,0,0,0,0.75,99.24,100.0
2026-06-05,8421,旭源,13.5,13.5,13.0,13.05,22,3,-4,0,0,0.56,99.43,100.0
2026-06-05,8422,可寧衛,28.5,28.5,27.75,28.1,11395,2994,3604,-3647,-32,5.87,94.12,100.0
2026-06-05,8422,可寧衛*,28.5,28.5,27.75,28.1,11395,2994,3604,-3647,-32,5.87,94.12,100.0
2026-06-05,8423,保綠-KY,17.9,17.9,17.65,17.75,15,2,0,0,0,24.94,75.05,100.0
2026-06-05,8424,惠普,73.0,73.1,72.9,72.9,94,0,-18,0,0,0.5,99.49,100.0
2026-06-05,8426,紅木-KY,22.2,22.2,21.6,21.85,20,9,-4,0,0,67.31,32.68,100.0
2026-06-05,8429,金麗-KY,7.07,7.09,6.61,6.76,935,303,-309,0,0,28.73,71.26,100.0
2026-06-05,8431,匯鑽科,56.0,56.0,54.0,54.3,369,111,14,0,-3,2.49,97.5,100.0
2026-06-05,8432,東生華,52.0,52.5,51.7,52.5,81,1,0,0,0,0.91,99.08,100.0
2026-06-05,8433,弘帆,52.8,53.1,52.6,52.7,19,3,-1,0,0,1.02,98.97,100.0
2026-06-05,8435,鉅邁,56.4,57.2,56.3,57.1,80,7,3,0,0,0.74,99.25,100.0
2026-06-05,8436,大江,123.0,124.0,121.5,122.5,470,127,14,-11,-1,15.07,84.92,100.0
2026-06-05,8437,大地-KY,10.8,10.95,10.7,10.95,63,7,13,0,0,22.17,77.82,100.0
2026-06-05,8438,昶昕,86.0,86.0,83.0,83.7,262,66,-118,0,0,2.55,97.44,100.0
2026-06-05,8440,綠電,24.25,24.25,23.0,23.15,217,50,-14,0,0,0.92,99.07,100.0
2026-06-05,8442,威宏-KY,40.1,41.7,39.9,41.55,265,36,84,0,4,56.08,43.91,100.0
2026-06-05,8443,阿瘦,11.35,11.4,11.3,11.4,12,0,1,0,0,3.72,96.27,100.0
2026-06-05,8444,綠河-KY,4.83,5.0,4.83,4.9,21,0,0,0,0,58.55,41.44,100.0
2026-06-05,8446,華研,86.9,87.1,85.8,86.4,73,11,-5,0,0,4.7,95.29,100.0
2026-06-05,8450,霹靂,15.55,15.7,15.35,15.7,54,0,0,0,0,0.09,49.89,49.99
2026-06-05,8454,富邦媒,333.0,353.0,294.5,353.0,4338,0,-121,1743,-101,11.51,88.48,100.0
2026-06-05,8455,大拓-KY,33.0,34.9,33.0,33.35,174,0,0,0,3,87.81,12.18,100.0
2026-06-05,8458,影一,14.0,14.0,13.35,13.9,2,0,0,0,0,0.0,0.0,0.0
2026-06-05,8462,柏文,141.0,141.0,139.0,139.5,128,22,-13,0,-1,3.71,96.28,100.0
2026-06-05,8463,潤泰材,22.4,22.45,22.4,22.4,32,2,0,0,0,0.45,99.54,100.0
2026-06-05,8464,億豐,331.5,334.5,327.0,328.5,583,88,-14,-1,-6,42.17,57.82,100.0
2026-06-05,8466,美吉吉-KY,16.45,16.65,16.2,16.4,25,4,-7,0,0,50.17,49.82,100.0
2026-06-05,8467,波力-KY,130.0,130.0,129.5,129.5,3,0,0,0,0,46.54,53.45,100.0
2026-06-05,8472,夠麻吉,92.0,92.0,88.0,88.5,42,9,-9,0,0,1.42,98.57,100.0
2026-06-05,8473,山林水,53.3,55.6,53.0,54.4,4333,2104,276,0,-7,3.17,96.82,100.0
2026-06-05,8476,台境,15.8,16.05,15.55,15.75,265,61,-19,0,-1,1.56,98.43,100.0
2026-06-05,8476,台境*,15.8,16.05,15.55,15.75,265,61,-19,0,-1,1.56,98.43,100.0
2026-06-05,8477,創業家,19.4,19.9,18.5,19.4,78,0,-1,0,0,0.18,99.81,100.0
2026-06-05,8478,東哥遊艇,159.0,168.0,157.5,162.5,624,248,-61,0,-1,39.45,60.54,100.0
2026-06-05,8481,政伸,41.15,41.5,41.1,41.35,20,2,-2,0,0,0.42,99.57,100.0
2026-06-05,8482,商億-KY,0.0,0.0,0.0,0.0,0,0,0,0,0,91.75,8.24,100.0
2026-06-05,8487,愛爾達-創,79.4,80.5,79.4,80.0,59,2,16,0,-2,1.06,48.92,49.99
2026-06-05,8488,吉源-KY,10.0,10.0,9.82,9.87,6,1,1,0,2,69.59,30.4,100.0
2026-06-05,8489,三貝德,23.4,23.75,23.3,23.7,52,2,-2,0,0,3.48,96.51,100.0
2026-06-05,8499,鼎炫-KY,297.0,297.0,289.5,292.5,61,20,-7,0,1,72.08,27.91,100.0
2026-06-05,8905,裕國,29.8,30.7,29.8,29.9,5,2,0,0,0,0.5,99.49,100.0
2026-06-05,8906,花王,24.55,24.55,23.95,24.5,44,3,11,0,0,0.41,99.58,100.0
2026-06-05,8908,欣雄,42.25,42.85,42.0,42.45,256,30,77,0,0,0.39,99.6,100.0
2026-06-05,8916,光隆,44.85,45.25,44.65,45.15,153,7,69,0,0,2.92,97.07,100.0
2026-06-05,8917,欣泰,52.2,52.5,52.1,52.1,15,4,-1,0,0,1.43,98.56,100.0
2026-06-05,8921,沈氏,0.0,0.0,0.0,0.0,0,0,0,0,0,0.18,99.81,100.0
2026-06-05,8923,時報,0.0,0.0,0.0,0.0,0,0,0,0,0,4.15,95.84,100.0
2026-06-05,8924,大田,57.8,58.2,57.7,57.9,103,6,-23,0,0,2.42,97.57,100.0
2026-06-05,8926,台汽電,73.5,73.5,69.4,69.6,12345,5609,-1099,36,-38,11.33,88.66,100.0
2026-06-05,8927,北基,20.4,20.75,20.0,20.0,664,264,-74,0,3,1.1,98.89,100.0
2026-06-05,8928,鉅明,21.45,21.65,21.15,21.35,41,0,-5,0,0,0.32,99.67,100.0
2026-06-05,8929,富堡,14.65,15.0,14.65,14.95,21,4,-1,0,0,0.26,99.73,100.0
2026-06-05,8930,青鋼,28.75,28.75,28.3,28.5,48,6,-3,0,0,2.64,97.35,100.0
2026-06-05,8931,大汽電,44.0,44.0,42.8,43.1,131,12,-9,0,0,0.21,99.78,100.0
2026-06-05,8932,智通*,102.5,104.0,99.8,102.0,3337,1131,1008,0,-12,28.74,71.25,100.0
2026-06-05,8933,愛地雅,4.79,4.84,4.6,4.77,160,0,-26,0,0,0.99,99.0,100.0
2026-06-05,8935,邦泰,23.45,24.85,22.05,23.75,3113,0,-540,0,0,2.25,97.74,100.0
2026-06-05,8936,國統,59.5,63.0,57.2,62.8,50625,30256,-750,-15,-94,10.2,89.79,100.0
2026-06-05,8937,合騏*,26.0,26.0,25.35,25.55,351,0,-209,0,-1,5.56,94.43,100.0
2026-06-05,8938,明安,53.1,53.2,52.7,53.1,139,14,-27,0,0,6.25,93.74,100.0
2026-06-05,8940,新天地,16.95,17.1,16.85,16.85,85,7,9,0,-1,8.45,91.54,100.0
2026-06-05,8941,關中,42.75,43.35,42.7,43.35,12,0,0,0,0,0.19,99.8,100.0
2026-06-05,8942,森鉅,41.5,41.5,40.75,41.4,427,48,151,0,0,13.9,86.09,100.0
2026-06-05,8996,高力,1120.0,1155.0,1065.0,1125.0,2885,1296,-335,374,77,33.85,66.14,100.0
2026-06-05,8999,台灣積層,38.6,38.6,37.1,37.1,0,0,0,0,0,0.0,0.0,0.0
2026-06-05,9103,美德醫療-DR,6.57,6.57,5.85,5.85,15693,8789,-928,0,269,2.06,97.93,100.0
2026-06-05,9105,泰金寶-DR,13.15,13.9,11.45,11.45,149436,22319,-10763,0,-579,0.85,99.14,100.0
2026-06-05,9110,越南控-DR,3.95,3.95,3.57,3.95,334,0,0,0,0,0.04,99.95,100.0
2026-06-05,9136,巨騰-DR,16.5,17.6,16.0,16.15,9213,3216,784,0,0,3.85,96.14,100.0
2026-06-05,9802,鈺齊-KY,80.9,80.9,78.8,79.0,805,162,65,0,-4,41.43,58.56,100.0
2026-06-05,9902,台火,14.55,14.55,14.1,14.2,257,43,-38,0,-3,1.56,98.43,100.0
2026-06-05,9904,寶成,26.55,26.65,26.35,26.45,21050,6106,-6228,-236,-233,31.62,68.37,100.0
2026-06-05,9905,大華,20.75,20.75,20.5,20.65,324,23,50,0,0,2.27,97.72,100.0
2026-06-05,9906,欣巴巴,41.4,43.8,41.05,42.6,526,166,-105,0,-7,1.01,98.98,100.0
2026-06-05,9907,統一實,16.85,16.85,16.65,16.65,4764,674,-1221,-846,11,14.07,85.92,100.0
2026-06-05,9908,大台北,29.5,29.6,29.4,29.45,259,34,92,0,-9,1.54,98.45,100.0
2026-06-05,9910,豐泰,80.5,81.6,75.5,76.9,12287,3838,-5196,4054,474,6.44,93.55,100.0
2026-06-05,9911,櫻花,84.3,84.6,83.9,84.6,424,62,172,0,3,18.61,81.38,100.0
2026-06-05,9912,偉聯,12.55,12.55,12.45,12.55,22,0,-1,0,0,15.97,84.02,100.0
2026-06-05,9914,美利達,68.7,69.8,67.5,69.1,1217,388,293,-1,-19,22.73,77.26,100.0
2026-06-05,9917,中保科,117.0,118.0,116.5,116.5,711,169,-29,-18,1,39.89,60.1,100.0
2026-06-05,9918,欣天然,44.95,45.9,44.35,44.95,120,41,-6,0,0,2.72,97.27,100.0
2026-06-05,9919,康那香,14.55,14.55,14.15,14.2,647,145,-175,0,-2,4.88,95.11,100.0
2026-06-05,9921,巨大,70.2,71.2,69.2,70.8,1341,450,-102,0,-4,27.05,72.94,100.0
2026-06-05,9924,福興,43.35,43.35,42.85,43.2,190,12,-55,0,-1,10.46,89.53,100.0
2026-06-05,9925,新保,40.5,40.8,40.45,40.45,204,36,-19,0,-4,17.36,82.63,100.0
2026-06-05,9926,新海,49.3,49.35,49.05,49.15,21,5,2,0,0,0.69,99.3,100.0
2026-06-05,9927,泰銘,70.1,70.1,69.7,69.7,91,24,4,0,-2,6.71,93.28,100.0
2026-06-05,9928,中視,17.9,18.0,17.9,17.9,46,0,0,0,0,0.0,0.0,0.0
2026-06-05,9929,秋雨,11.25,11.4,11.25,11.35,20,0,1,0,-3,0.44,99.55,100.0
2026-06-05,9930,中聯資源,69.7,69.8,69.2,69.5,90,27,14,0,-6,1.96,98.03,100.0
2026-06-05,9931,欣高,35.4,35.5,35.1,35.1,38,0,5,0,0,0.85,99.14,100.0
2026-06-05,9933,中鼎,42.15,43.45,41.55,43.45,8685,2186,3080,56,-51,18.21,81.78,100.0
2026-06-05,9934,成霖,11.25,11.3,10.7,11.05,9337,3256,-1468,0,-66,13.06,86.93,100.0
2026-06-05,9935,慶豐富,19.45,19.45,19.1,19.3,292,33,86,0,0,5.74,94.25,100.0
2026-06-05,9937,全國,56.2,56.2,55.7,55.7,22,3,-10,0,-3,1.75,98.24,100.0
2026-06-05,9938,百和,46.0,46.0,45.45,45.55,1306,296,0,-17,0,9.32,90.67,100.0
2026-06-05,9939,宏全,125.5,129.5,124.5,127.5,1877,312,171,-22,-8,13.76,86.23,100.0
2026-06-05,9940,信義,19.5,19.6,19.35,19.5,482,57,-68,0,-9,3.5,96.49,100.0
2026-06-05,9941,裕融,82.1,83.4,80.8,81.9,8343,2677,-3537,3889,-14,5.12,94.87,100.0
2026-06-05,9942,茂順,119.5,120.5,119.5,120.5,126,22,13,0,2,4.49,95.5,100.0
2026-06-05,9943,好樂迪,57.5,57.7,56.5,57.4,160,19,0,0,0,1.27,98.72,100.0
2026-06-05,9944,新麗,16.9,17.1,16.9,16.95,52,5,8,0,0,1.1,98.89,100.0
2026-06-05,9945,潤泰新,25.3,25.45,24.6,25.15,10439,2983,6,-70,-183,8.1,91.89,100.0
2026-06-05,9946,三發地產,17.1,17.25,16.95,17.15,1646,359,595,0,0,2.75,97.24,100.0
2026-06-05,9949,琉園,22.95,23.8,22.9,23.3,45,6,1,0,0,2.49,97.5,100.0
2026-06-05,9950,萬國通,11.25,11.25,10.85,11.0,58,0,6,0,0,0.03,99.96,100.0
2026-06-05,9951,皇田,52.8,53.3,52.6,52.9,134,8,15,0,0,4.72,95.27,100.0
2026-06-05,9955,佳龍,28.85,29.2,28.2,28.4,328,98,37,0,1,4.99,95.0,100.0
2026-06-05,9957,燁聯,6.29,6.39,6.17,6.24,599,0,0,0,0,0.0,0.0,0.0
2026-06-05,9958,世紀鋼,122.0,124.5,114.5,121.0,19788,9891,-3922,0,71,11.39,88.6,100.0
2026-06-05,9960,邁達康,32.15,32.15,31.9,32.0,56,1,1,0,0,9.13,90.86,100.0
2026-06-05,9962,有益,9.92,9.92,9.8,9.87,117,22,8,0,0,0.37,99.62,100.0
