date,stock_id,stock_name,open,high,low,close,volume,foreign_buy,trust_buy,dealer_buy,foreign_hold_ratio,foreign_remain_ratio,foreign_limit_ratio,macd_status
2026-05-06,50,元大台灣50,96.05,96.9,94.7,95.75,111759,-19074,1150,-10147,3.56,96.43,100.0,-
2026-05-06,51,元大中型100,131.35,131.35,127.9,129.9,80,2,0,-23,0.57,99.42,100.0,-
2026-05-06,52,富邦科技,56.2,56.75,55.4,56.1,42282,-4543,0,2854,2.37,97.62,100.0,-
2026-05-06,53,元大電子,221.8,222.55,217.4,219.7,35,2,0,2,1.16,98.83,100.0,-
2026-05-06,55,元大MSCI金融,33.36,33.94,33.36,33.86,447,62,0,98,0.68,99.31,100.0,-
2026-05-06,56,元大高股息,43.59,43.9,43.16,43.86,106691,38937,0,17660,1.35,98.64,100.0,-
2026-05-06,57,富邦摩台,286.05,286.6,280.9,284.05,13,2,0,-4,5.26,94.73,100.0,-
2026-05-06,61,元大寶滬深,24.55,24.96,24.55,24.95,789,203,0,353,4.07,95.92,100.0,-
2026-05-06,1101,台泥,24.25,25.4,24.1,25.05,44638,12934,0,-254,16.54,83.45,100.0,多
2026-05-06,1102,亞泥,34.95,35.3,34.9,35.2,6226,2440,-1505,-215,16.3,83.69,100.0,空
2026-05-06,1103,嘉泥,13.4,13.45,13.25,13.45,335,116,0,0,4.52,95.47,100.0,空
2026-05-06,1104,環泥,28.25,28.45,28.15,28.3,427,-95,0,7,15.76,84.23,100.0,空
2026-05-06,1108,幸福,14.65,14.65,14.55,14.6,188,27,0,-11,1.32,98.67,100.0,空
2026-05-06,1109,信大,15.45,15.45,15.3,15.4,177,44,0,0,2.38,97.61,100.0,空
2026-05-06,1110,東泥,15.15,15.2,14.95,15.1,115,66,0,0,5.87,94.12,100.0,空
2026-05-06,1201,味全,12.35,12.35,12.2,12.3,372,6,0,9,5.14,94.85,100.0,空
2026-05-06,1203,味王,43.8,43.8,42.55,43.7,31,17,0,0,1.71,98.28,100.0,空
2026-05-06,1210,大成,52.4,52.4,51.8,52.0,2593,-1038,-253,-4,12.02,87.97,100.0,空
2026-05-06,1213,大飲,8.92,8.92,8.8,8.85,15,0,0,0,0.01,99.98,100.0,多
2026-05-06,1215,卜蜂,142.0,142.0,139.0,139.5,2226,-1047,-116,379,37.35,62.64,100.0,多
2026-05-06,1216,統一,69.6,69.6,68.5,68.7,16462,-2266,-1385,-687,31.93,68.06,100.0,空
2026-05-06,1217,愛之味,9.73,9.73,9.66,9.69,963,-207,0,-1,7.62,92.37,100.0,空
2026-05-06,1218,泰山,18.8,18.85,18.7,18.85,514,-1,0,-7,4.09,95.9,100.0,空
2026-05-06,1219,福壽,13.45,13.45,13.35,13.4,531,20,0,-26,5.73,94.26,100.0,空
2026-05-06,1220,台榮,12.35,12.45,12.3,12.35,156,62,0,0,7.21,92.78,100.0,空
2026-05-06,1225,福懋油,32.05,33.15,31.9,33.15,462,115,0,-26,1.45,98.54,100.0,空
2026-05-06,1227,佳格,28.9,28.95,28.75,28.75,986,-219,0,2,5.73,94.26,100.0,空
2026-05-06,1229,聯華,41.6,41.6,41.15,41.35,3059,-746,16,5,9.32,90.67,100.0,空
2026-05-06,1231,聯華食,88.0,88.0,86.4,86.8,487,-10,0,8,2.8,97.19,100.0,空
2026-05-06,1232,大統益,148.0,149.0,147.5,148.5,83,1,0,-4,2.62,97.37,100.0,空
2026-05-06,1233,天仁,28.95,29.0,28.85,29.0,23,7,0,-1,5.62,94.37,100.0,多
2026-05-06,1234,黑松,35.0,35.1,35.0,35.05,169,28,0,0,4.82,95.17,100.0,空
2026-05-06,1235,興泰,43.0,45.5,43.0,44.75,30,16,0,1,0.25,99.74,100.0,空
2026-05-06,1236,宏亞,26.1,26.3,25.95,26.15,94,18,0,0,0.51,99.48,100.0,多
2026-05-06,1240,茂生農經,59.0,59.3,58.7,59.0,35,2,0,-8,3.7,96.29,100.0,空
2026-05-06,1256,鮮活果汁-KY,164.5,165.0,161.5,164.0,59,22,0,0,4.63,95.36,100.0,多
2026-05-06,1259,安心,58.0,58.0,57.5,57.5,8,0,0,0,26.11,73.88,100.0,多
2026-05-06,1260,富味鄉,24.39,24.8,23.05,24.5,147,7,0,0,0.0,0.0,0.0,空
2026-05-06,1264,德麥,270.5,271.5,270.5,271.0,39,-7,0,0,1.56,98.43,100.0,空
2026-05-06,1268,漢來美食,154.5,154.5,154.0,154.5,13,-2,0,0,1.53,98.46,100.0,空
2026-05-06,1269,乾杯,73.53,75.6,72.0,72.1,12,-2,0,0,0.0,0.0,0.0,空
2026-05-06,1271,晨暉生技,62.71,67.3,63.8,65.8,301,18,0,0,0.0,0.0,0.0,多
2026-05-06,1293,利統,27.8,27.8,26.75,27.0,5,0,0,0,0.0,0.0,0.0,空
2026-05-06,1294,漢田生技,79.2,79.2,79.0,79.0,16,-2,0,0,0.67,99.32,100.0,空
2026-05-06,1295,生合,55.2,55.2,53.8,55.2,86,5,0,0,1.9,98.09,100.0,多
2026-05-06,1301,台塑,51.8,52.0,50.6,50.7,20753,1560,-10,76,31.11,68.88,100.0,空
2026-05-06,1303,南亞,97.2,101.5,92.0,93.8,151794,-3398,91,-970,33.6,66.39,100.0,多
2026-05-06,1304,台聚,13.65,13.65,13.15,13.2,7910,-560,0,-142,27.65,72.34,100.0,空
2026-05-06,1305,華夏,13.8,13.9,13.1,13.3,6421,-543,0,-5,3.75,96.24,100.0,空
2026-05-06,1307,三芳,31.5,31.6,31.1,31.25,985,-374,250,20,6.16,93.83,100.0,多
2026-05-06,1308,亞聚,14.1,14.1,13.7,13.7,4039,198,0,-61,3.75,96.24,100.0,空
2026-05-06,1309,台達化,18.6,18.8,18.15,18.25,11945,-2914,0,0,2.75,97.24,100.0,空
2026-05-06,1310,台苯,8.99,8.99,8.76,8.78,4106,-98,0,5,5.03,94.96,100.0,空
2026-05-06,1312,國喬,12.0,12.0,11.65,11.65,5961,232,0,-138,4.43,95.56,100.0,空
2026-05-06,1313,聯成,11.0,11.0,10.6,10.8,4514,930,0,42,5.89,94.1,100.0,空
2026-05-06,1314,中石化,7.4,7.4,7.22,7.23,15355,-2393,0,-7,8.81,91.18,100.0,空
2026-05-06,1315,達新,62.6,62.6,62.1,62.4,27,5,0,0,1.31,98.68,100.0,空
2026-05-06,1316,上曜,11.25,11.85,11.2,11.5,4857,-1537,0,3,4.28,95.71,100.0,多
2026-05-06,1319,東陽,77.6,77.6,75.1,75.4,4643,-2677,301,-11,8.11,91.88,100.0,多
2026-05-06,1321,大洋,29.8,29.8,29.15,29.25,657,120,0,0,7.24,92.75,100.0,空
2026-05-06,1323,永裕,19.9,19.9,19.55,19.7,107,-6,0,0,1.3,98.69,100.0,空
2026-05-06,1324,地球,10.4,10.4,10.3,10.4,108,5,0,0,0.74,99.25,100.0,空
2026-05-06,1325,恆大,27.15,27.15,26.0,26.5,325,-127,0,1,1.2,98.79,100.0,多
2026-05-06,1326,台化,52.3,52.9,50.8,51.0,21291,6942,0,-183,37.43,62.56,100.0,空
2026-05-06,1336,台翰,14.0,14.0,13.7,13.75,106,11,0,0,4.24,95.75,100.0,多
2026-05-06,1337,再生-KY,5.06,5.06,4.9,4.96,540,117,0,0,25.73,74.26,100.0,空
2026-05-06,1338,廣華-KY,16.05,16.05,15.65,15.8,62,9,0,-1,6.2,93.79,100.0,空
2026-05-06,1339,昭輝,40.7,40.7,40.3,40.55,55,8,0,4,1.0,98.99,100.0,空
2026-05-06,1340,勝悅-KY,5.65,5.68,5.55,5.6,188,18,0,-5,26.85,73.14,100.0,空
2026-05-06,1341,富林-KY,60.8,61.8,60.8,61.8,16,2,0,0,79.86,20.13,100.0,多
2026-05-06,1342,八貫,94.2,94.7,92.5,93.8,529,-19,0,-16,29.65,70.34,100.0,多
2026-05-06,1343,旭東環保,20.11,20.1,19.55,19.9,39,-1,0,0,0.0,0.0,0.0,空
2026-05-06,1402,遠東新,25.9,26.1,25.65,26.1,9416,2775,-159,37,17.66,82.33,100.0,多
2026-05-06,1409,新纖,17.15,17.3,16.85,16.9,8424,1397,0,-132,12.75,87.24,100.0,空
2026-05-06,1410,南染,28.9,29.15,28.3,28.95,131,-1,0,3,18.9,81.09,100.0,空
2026-05-06,1413,宏洲,9.61,9.66,9.5,9.65,54,12,0,0,0.4,99.59,100.0,多
2026-05-06,1414,東和,16.65,16.65,16.15,16.5,480,125,0,2,1.23,98.76,100.0,多
2026-05-06,1416,廣豐,11.3,11.4,11.3,11.35,169,17,0,1,6.08,93.91,100.0,空
2026-05-06,1417,嘉裕,8.93,8.93,8.82,8.86,115,36,0,-1,0.98,99.01,100.0,空
2026-05-06,1418,東華,19.1,19.6,19.1,19.1,46,4,0,0,0.95,99.04,100.0,多
2026-05-06,1419,新紡,64.4,65.0,62.9,64.3,133,-12,0,-1,1.17,98.82,100.0,多
2026-05-06,1423,利華,40.8,41.2,40.75,41.1,84,21,0,4,1.55,98.44,100.0,空
2026-05-06,1432,大魯閣,16.95,16.95,16.7,16.8,373,2,0,-4,0.35,99.64,100.0,多
2026-05-06,1434,福懋,16.1,16.2,16.0,16.1,2127,964,0,1,7.6,92.39,100.0,空
2026-05-06,1436,華友聯,50.0,50.0,49.05,49.3,259,-45,0,2,4.55,95.44,100.0,空
2026-05-06,1437,勤益控,29.4,29.45,29.25,29.4,79,25,0,0,8.03,91.96,100.0,空
2026-05-06,1438,三地開發,21.1,21.1,20.0,20.45,78,1,0,5,0.4,99.59,100.0,空
2026-05-06,1439,雋揚,26.9,26.9,26.2,26.6,28,8,0,0,0.43,99.56,100.0,空
2026-05-06,1440,南紡,12.6,12.65,12.5,12.55,1488,-356,0,-4,7.73,92.26,100.0,空
2026-05-06,1441,大東,9.9,10.0,9.85,9.87,63,15,0,0,1.33,98.66,100.0,空
2026-05-06,1442,名軒,26.85,26.85,26.2,26.3,449,-68,0,0,8.9,91.09,100.0,空
2026-05-06,1443,立益,22.95,23.95,22.4,23.8,69,26,0,-3,0.3,99.69,100.0,多
2026-05-06,1443,立益物流,22.95,23.95,22.4,23.8,69,26,0,-3,0.3,99.69,100.0,多
2026-05-06,1444,力麗,5.96,6.02,5.93,6.01,1128,222,0,-2,5.17,94.82,100.0,空
2026-05-06,1445,大宇,12.55,13.8,12.55,12.8,143,5,0,-3,2.9,97.09,100.0,多
2026-05-06,1446,宏和,15.55,15.65,15.45,15.6,155,8,0,1,6.19,93.8,100.0,空
2026-05-06,1447,力鵬,5.0,5.0,4.95,4.96,930,257,0,0,3.34,96.65,100.0,空
2026-05-06,1449,佳和,13.5,13.5,12.9,13.0,1252,-108,0,-2,5.96,94.03,100.0,空
2026-05-06,1451,年興,16.95,16.95,16.7,16.95,121,-3,0,5,5.41,94.58,100.0,空
2026-05-06,1452,宏益,11.25,11.3,11.15,11.25,97,14,0,0,1.94,98.05,100.0,空
2026-05-06,1453,大將,11.6,11.85,11.35,11.85,263,31,0,-3,0.57,99.42,100.0,空
2026-05-06,1454,台富,14.0,14.0,13.65,13.95,31,7,0,-3,0.44,99.55,100.0,多
2026-05-06,1455,集盛,8.12,8.12,8.01,8.09,560,59,0,-6,2.37,97.62,100.0,空
2026-05-06,1456,怡華,13.4,13.4,12.8,12.95,67,12,0,1,0.51,99.48,100.0,空
2026-05-06,1457,宜進,14.45,14.6,14.45,14.6,215,116,0,8,1.74,98.25,100.0,空
2026-05-06,1459,聯發,12.05,12.2,12.0,12.1,246,66,0,-1,1.62,98.37,100.0,多
2026-05-06,1460,宏遠,7.0,7.15,6.95,7.12,1277,388,0,-5,1.94,98.05,100.0,多
2026-05-06,1463,強盛新,18.4,18.4,18.2,18.4,39,31,0,0,11.51,88.48,100.0,多
2026-05-06,1464,得力,9.91,9.97,9.89,9.91,751,-83,0,0,1.73,98.26,100.0,空
2026-05-06,1465,偉全,12.2,12.45,12.2,12.35,107,21,0,-12,0.45,99.54,100.0,空
2026-05-06,1466,聚隆,16.1,16.1,15.15,15.95,334,-45,0,-4,0.52,99.47,100.0,空
2026-05-06,1467,南緯,7.18,7.21,7.09,7.16,283,136,0,8,19.24,80.75,100.0,空
2026-05-06,1468,昶和,12.1,12.2,11.95,12.2,50,19,0,-4,2.04,97.95,100.0,空
2026-05-06,1470,大統新創,22.5,22.8,21.9,22.5,40,5,0,0,0.26,99.73,100.0,空
2026-05-06,1471,首利,11.5,11.5,11.0,11.2,779,-10,0,-1,0.69,99.3,100.0,空
2026-05-06,1472,三洋實業,90.7,90.9,89.6,90.5,9,5,0,0,0.82,99.17,100.0,空
2026-05-06,1473,台南,20.7,20.8,20.6,20.7,165,50,0,0,5.29,94.7,100.0,空
2026-05-06,1474,弘裕,9.99,10.0,9.94,9.97,187,24,0,-2,0.59,99.4,100.0,空
2026-05-06,1475,業旺,27.5,27.55,27.4,27.45,57,14,0,0,0.45,99.54,100.0,空
2026-05-06,1476,儒鴻,336.5,342.5,332.0,333.0,771,-147,-2,2,30.58,69.41,100.0,多
2026-05-06,1477,聚陽,211.0,216.0,208.0,212.5,2357,-45,97,4,16.72,83.27,100.0,多
2026-05-06,1480,東盟開發,9.34,9.45,9.34,9.34,2,0,0,0,0.0,0.0,0.0,多
2026-05-06,1503,士電,201.5,201.5,195.0,196.5,2113,-295,33,3,31.29,68.7,100.0,多
2026-05-06,1504,東元,68.2,69.3,67.1,67.3,21955,-2085,16,-187,11.66,88.33,100.0,多
2026-05-06,1506,正道,10.7,10.7,10.5,10.5,228,80,0,-3,0.53,99.46,100.0,空
2026-05-06,1512,瑞利,7.66,7.66,7.3,7.35,133,20,0,6,5.41,94.58,100.0,多
2026-05-06,1513,中興電,157.0,158.0,154.0,155.5,10727,-2631,-158,-45,14.8,85.19,100.0,多
2026-05-06,1514,亞力,122.5,125.0,117.5,118.5,7060,-1482,0,29,17.03,82.96,100.0,多
2026-05-06,1515,力山,22.25,22.25,21.8,21.95,420,4,0,-9,4.39,95.6,100.0,空
2026-05-06,1516,川飛,21.8,21.95,20.55,21.8,151,-12,0,-2,5.97,94.02,100.0,多
2026-05-06,1517,利奇,10.35,10.35,10.2,10.25,322,79,0,-2,2.36,97.63,100.0,空
2026-05-06,1519,華城,903.0,905.0,886.0,887.0,2236,-371,3,-14,21.39,78.6,100.0,多
2026-05-06,1521,大億,25.2,25.2,24.65,24.7,49,8,0,0,33.02,66.97,100.0,空
2026-05-06,1522,堤維西,31.7,31.9,31.05,31.05,1080,-518,-1,0,3.53,96.46,100.0,多
2026-05-06,1524,耿鼎,28.7,28.8,28.2,28.4,740,83,0,-1,0.99,99.0,100.0,空
2026-05-06,1525,江申,63.7,63.7,61.1,62.7,50,5,0,0,0.3,99.69,100.0,多
2026-05-06,1526,日馳,16.15,16.3,16.0,16.05,213,14,0,-2,2.46,97.53,100.0,多
2026-05-06,1527,鑽全,32.95,32.95,32.55,32.65,134,12,0,3,10.09,89.9,100.0,多
2026-05-06,1528,恩德,29.4,29.65,27.8,28.05,11597,-1181,-4,-13,5.05,94.94,100.0,空
2026-05-06,1529,樂事綠能,22.7,22.9,22.3,22.4,554,67,0,1,1.15,98.84,100.0,多
2026-05-06,1530,亞崴,26.1,26.55,25.6,26.3,67,38,0,-2,0.67,99.32,100.0,空
2026-05-06,1531,高林股,13.15,13.25,12.9,13.0,188,48,0,0,1.43,98.56,100.0,空
2026-05-06,1532,勤美,20.9,20.9,20.5,20.6,1011,105,-301,3,7.46,92.53,100.0,空
2026-05-06,1533,車王電,33.0,33.85,32.65,33.7,527,129,0,-1,6.12,93.87,100.0,多
2026-05-06,1535,中宇,50.9,51.3,50.5,51.1,69,20,0,2,1.2,98.79,100.0,空
2026-05-06,1536,和大,57.0,57.1,54.3,54.6,3066,-451,0,-61,7.32,92.67,100.0,多
2026-05-06,1537,廣隆,123.0,123.0,122.0,123.0,56,6,0,0,15.37,84.62,100.0,空
2026-05-06,1538,正峰,12.15,12.95,12.15,12.95,23,0,0,0,0.08,99.91,100.0,多
2026-05-06,1539,巨庭,16.0,16.0,15.7,15.8,186,-17,0,1,0.91,99.08,100.0,空
2026-05-06,1540,喬福,21.6,21.6,20.95,21.1,361,-102,0,-14,1.93,98.06,100.0,多
2026-05-06,1541,錩泰,23.5,23.65,22.9,23.25,83,4,0,-1,9.81,90.18,100.0,空
2026-05-06,1558,伸興,91.9,91.9,91.0,91.7,48,7,0,0,6.56,93.43,100.0,空
2026-05-06,1560,中砂,583.0,601.0,562.0,576.0,3768,-85,-3,-60,38.78,61.21,100.0,多
2026-05-06,1563,巧新,41.4,42.4,40.45,42.05,1132,94,0,-2,1.64,98.35,100.0,空
2026-05-06,1565,精華,102.5,103.5,102.0,102.5,110,-17,0,0,7.98,92.01,100.0,空
2026-05-06,1568,倉佑,29.95,29.95,28.8,29.05,381,-56,0,-5,1.86,98.13,100.0,多
2026-05-06,1569,濱川,63.5,63.5,59.5,61.1,2695,-392,0,-66,5.66,94.33,100.0,多
2026-05-06,1570,力肯,37.5,38.5,37.2,38.05,335,31,0,0,2.8,97.19,100.0,多
2026-05-06,1580,新麥,123.0,123.0,121.5,122.5,47,-9,0,0,5.24,94.75,100.0,空
2026-05-06,1582,信錦,93.7,94.0,88.8,90.6,3868,-373,-3,32,4.64,95.35,100.0,空
2026-05-06,1583,程泰,48.25,48.45,47.0,48.45,63,31,0,0,0.38,99.61,100.0,多
2026-05-06,1584,精剛,20.2,20.2,19.6,20.0,738,53,0,-2,3.45,96.54,100.0,空
2026-05-06,1586,和勤,21.85,22.0,21.55,21.7,806,1,0,-4,1.51,98.18,100.0,空
2026-05-06,1587,吉茂,33.2,33.5,32.7,33.0,486,-130,0,-8,20.6,79.39,100.0,多
2026-05-06,1590,亞德客-KY,1435.0,1475.0,1405.0,1435.0,1062,52,18,9,79.19,20.8,100.0,多
2026-05-06,1591,駿吉-KY,68.7,69.6,64.4,65.2,1969,-404,0,0,5.0,94.99,100.0,多
2026-05-06,1593,祺驊,31.65,31.8,31.2,31.45,37,-1,0,0,5.92,94.07,100.0,空
2026-05-06,1594,日高,11.36,11.9,10.5,10.55,176,0,0,0,0.0,0.0,0.0,空
2026-05-06,1595,川寶,93.1,93.1,87.0,93.1,5815,-346,0,-7,5.2,94.79,100.0,多
2026-05-06,1597,直得,190.0,190.0,169.5,178.0,14885,1821,-2,-274,9.76,90.23,100.0,多
2026-05-06,1598,岱宇,20.6,21.0,20.2,20.75,342,72,0,-3,1.8,98.19,100.0,多
2026-05-06,1599,宏佳騰,25.0,25.0,24.65,24.75,40,-1,0,0,7.85,92.14,100.0,空
2026-05-06,1603,華電,32.25,32.25,31.7,32.0,333,-21,0,-2,2.6,97.39,100.0,多
2026-05-06,1604,聲寶,22.85,22.85,22.7,22.8,362,88,0,16,7.43,92.56,100.0,空
2026-05-06,1605,華新,33.0,33.25,32.25,32.6,31932,8206,0,176,14.48,85.51,100.0,多
2026-05-06,1608,華榮,33.35,33.35,32.85,33.05,2811,288,-14,-4,2.94,97.05,100.0,空
2026-05-06,1609,大亞,33.35,33.45,32.75,32.9,3014,373,0,1,12.39,87.6,100.0,多
2026-05-06,1611,中電,11.8,11.9,11.75,11.8,436,1,0,3,10.03,89.96,100.0,多
2026-05-06,1612,宏泰,36.8,36.9,36.35,36.75,1238,303,200,-13,18.1,81.89,100.0,多
2026-05-06,1614,三洋電,31.85,32.05,31.75,31.95,79,38,0,1,2.28,97.71,100.0,多
2026-05-06,1615,大山,46.95,46.95,45.0,45.5,416,-6,0,5,1.09,98.9,100.0,空
2026-05-06,1616,億泰,22.45,22.45,21.75,21.75,1000,-264,0,0,2.55,97.44,100.0,空
2026-05-06,1617,榮星,15.05,15.15,14.9,15.05,269,50,0,-81,19.54,80.45,100.0,空
2026-05-06,1618,合機,38.7,38.9,38.35,38.5,594,-3,0,-1,0.74,99.25,100.0,空
2026-05-06,1623,大東電,248.0,249.0,243.0,244.5,135,6,0,0,0.41,99.58,100.0,多
2026-05-06,1626,艾美特-KY,11.1,11.25,11.0,11.0,50,24,0,0,43.42,56.57,100.0,空
2026-05-06,1702,南僑,34.8,34.85,34.5,34.6,722,-70,-250,10,8.68,91.31,100.0,空
2026-05-06,1707,葡萄王,112.5,112.5,112.0,112.5,149,-4,0,0,14.55,85.44,100.0,空
2026-05-06,1708,東鹼,40.45,40.45,39.2,39.2,2786,-640,0,-41,15.16,84.83,100.0,空
2026-05-06,1709,和益,18.5,18.75,18.5,18.55,427,135,0,8,3.2,96.79,100.0,空
2026-05-06,1710,東聯,12.65,12.65,12.3,12.35,2782,-42,0,-9,4.47,95.52,100.0,空
2026-05-06,1711,永光,63.0,63.0,58.9,60.9,4591,1168,0,155,6.95,93.04,100.0,多
2026-05-06,1712,興農,41.95,42.2,41.9,42.15,384,98,0,-20,15.33,84.66,100.0,多
2026-05-06,1713,國化,47.15,47.15,46.4,46.6,226,36,0,0,1.03,98.96,100.0,空
2026-05-06,1714,和桐,9.26,9.32,9.12,9.18,3545,-391,-1,-269,20.17,79.82,100.0,空
2026-05-06,1717,長興,79.7,81.2,76.9,79.4,42518,-931,0,452,10.34,89.65,100.0,空
2026-05-06,1718,中纖,6.56,6.56,6.42,6.42,4191,-1545,0,-6,5.61,94.38,100.0,空
2026-05-06,1720,生達,61.5,61.5,60.9,61.3,184,28,0,0,5.14,94.85,100.0,空
2026-05-06,1721,三晃,29.35,29.35,26.7,28.4,7475,-327,0,79,4.39,95.6,100.0,多
2026-05-06,1722,台肥,47.05,47.55,46.55,46.85,5231,-1126,12,9,7.42,92.57,100.0,多
2026-05-06,1723,中碳,78.2,79.0,77.4,78.8,611,78,0,-2,8.01,91.98,100.0,空
2026-05-06,1725,元禎,31.0,31.2,30.55,30.75,123,3,0,0,0.31,99.68,100.0,空
2026-05-06,1726,永記,76.0,76.2,75.6,76.2,40,11,0,0,12.95,87.04,100.0,空
2026-05-06,1727,中華化,79.6,80.8,74.8,78.1,9548,312,0,-5,8.49,91.5,100.0,多
2026-05-06,1730,花仙子,53.8,53.8,52.5,52.9,77,-1,0,0,6.77,93.22,100.0,多
2026-05-06,1731,美吾華,21.6,21.7,21.6,21.7,78,19,0,0,1.18,98.81,100.0,空
2026-05-06,1732,毛寶,27.0,27.0,26.0,26.25,203,-2,0,-8,2.31,97.68,100.0,多
2026-05-06,1733,五鼎,28.65,28.65,28.2,28.2,129,-32,0,2,3.72,96.27,100.0,空
2026-05-06,1734,杏輝,31.4,31.4,30.9,30.9,569,-200,0,4,5.52,94.47,100.0,空
2026-05-06,1735,日勝化,27.05,27.2,25.65,25.8,734,-210,-1,-14,50.55,49.44,100.0,空
2026-05-06,1736,喬山,126.5,127.5,122.5,123.0,491,11,0,6,4.47,95.52,100.0,多
2026-05-06,1737,臺鹽,31.85,31.85,31.5,31.65,95,3,0,-2,8.5,91.49,100.0,空
2026-05-06,1742,台蠟,15.75,15.75,15.5,15.5,17,0,0,0,0.21,99.78,100.0,空
2026-05-06,1752,南光,33.6,33.6,33.3,33.55,79,19,0,1,1.79,98.2,100.0,空
2026-05-06,1760,寶齡富錦,66.8,67.1,65.1,65.2,264,5,0,1,11.88,88.11,100.0,多
2026-05-06,1762,中化生,32.05,32.05,32.05,32.05,415,-4,0,64,2.05,97.94,100.0,多
2026-05-06,1773,勝一,180.0,181.5,173.0,175.5,1447,-90,0,-34,8.05,91.94,100.0,多
2026-05-06,1776,展宇,17.5,17.55,16.9,16.95,111,-2,0,0,0.62,99.37,100.0,多
2026-05-06,1777,生泰,70.4,71.1,70.0,70.9,28,-1,0,0,1.28,98.71,100.0,多
2026-05-06,1780,立弘,31.95,32.0,31.05,31.55,209,0,0,0,0.0,0.0,0.0,多
2026-05-06,1781,合世,10.95,10.95,10.75,10.8,20,-4,0,0,0.57,99.42,100.0,空
2026-05-06,1783,和康生,39.3,39.6,38.95,39.45,94,-5,0,2,7.27,92.72,100.0,空
2026-05-06,1784,訊聯,75.5,76.0,72.2,72.2,230,-63,0,-6,6.51,93.48,100.0,空
2026-05-06,1785,光洋科,162.5,172.0,160.5,168.5,43441,6297,112,205,24.34,75.65,100.0,空
2026-05-06,1786,科妍,56.9,58.5,56.2,58.1,448,6,0,-1,1.79,98.2,100.0,空
2026-05-06,1788,杏昌,135.0,135.5,134.5,135.0,36,0,0,0,10.87,89.12,100.0,空
2026-05-06,1789,神隆,20.55,20.55,20.35,20.35,738,199,0,-5,1.83,98.16,100.0,空
2026-05-06,1795,美時,226.5,227.0,225.0,226.5,1976,-203,0,11,53.53,46.46,100.0,多
2026-05-06,1796,金穎生技,37.7,37.7,37.55,37.6,5,1,0,0,0.87,99.12,100.0,空
2026-05-06,1799,易威,36.75,36.8,35.8,36.2,195,-14,0,0,11.81,88.18,100.0,空
2026-05-06,1802,台玻,73.8,75.5,69.4,71.2,245896,3800,0,-5086,5.76,94.23,100.0,空
2026-05-06,1805,寶徠,10.75,10.75,10.6,10.75,98,17,0,-3,0.6,99.39,100.0,多
2026-05-06,1806,冠軍,8.45,8.46,8.22,8.22,512,-90,0,0,9.47,90.52,100.0,多
2026-05-06,1808,潤隆,28.5,28.6,28.2,28.3,1149,52,0,28,4.05,95.94,100.0,空
2026-05-06,1809,中釉,34.15,34.15,32.9,34.15,19148,597,0,18,4.24,95.75,100.0,多
2026-05-06,1810,和成,20.0,20.0,18.45,18.65,3773,-1001,0,2,3.43,96.56,100.0,多
2026-05-06,1813,寶利徠,12.4,12.45,12.4,12.45,21,1,0,0,9.46,90.53,100.0,空
2026-05-06,1815,富喬,117.5,122.0,111.0,113.5,94811,5595,-126,-275,24.2,75.79,100.0,空
2026-05-06,1817,凱撒衛,38.9,38.9,38.3,38.6,65,1,0,0,1.65,98.34,100.0,空
2026-05-06,1903,士紙,49.75,49.75,47.8,49.15,306,61,0,-1,11.04,88.95,100.0,多
2026-05-06,1904,正隆,17.8,17.8,17.5,17.6,1451,26,0,-1,8.74,91.25,100.0,空
2026-05-06,1905,華紙,12.9,12.95,12.6,12.65,2466,-317,-12,-30,2.53,97.46,100.0,空
2026-05-06,1906,寶隆,11.55,11.55,11.2,11.25,66,3,0,-2,0.52,99.47,100.0,空
2026-05-06,1907,永豐餘,24.0,24.0,23.5,23.85,1248,-45,0,-13,12.05,87.94,100.0,空
2026-05-06,1909,榮成,9.03,9.04,8.94,8.97,3642,-639,0,-27,8.11,91.88,100.0,空
2026-05-06,2002,中鋼,18.6,18.95,18.5,18.8,58218,-5519,-7,252,13.34,86.65,100.0,空
2026-05-06,2006,東和鋼鐵,66.8,67.4,66.3,66.7,1695,-143,-263,-55,18.77,81.22,100.0,空
2026-05-06,2007,燁興,7.47,7.47,7.35,7.39,453,118,0,-6,0.61,99.38,100.0,空
2026-05-06,2008,高興昌,27.6,28.55,27.55,28.0,17,13,0,-1,7.68,92.31,100.0,多
2026-05-06,2009,第一銅,38.35,38.55,37.9,38.4,1581,291,0,-21,2.13,97.86,100.0,空
2026-05-06,2010,春源,24.95,25.05,24.65,24.85,1621,230,0,15,10.05,89.94,100.0,空
2026-05-06,2012,春雨,15.15,15.15,14.9,15.05,104,36,0,0,1.39,98.6,100.0,空
2026-05-06,2013,中鋼構,43.2,43.2,42.6,43.0,97,45,0,-5,7.08,92.91,100.0,空
2026-05-06,2014,中鴻,17.55,18.2,17.4,18.05,8188,4122,0,-196,4.5,95.49,100.0,空
2026-05-06,2015,豐興,61.4,62.5,61.1,62.5,416,285,-33,-22,12.05,87.94,100.0,多
2026-05-06,2017,官田鋼,8.7,8.73,8.63,8.7,783,214,0,1,1.72,98.27,100.0,空
2026-05-06,2020,美亞,21.8,21.85,21.65,21.8,686,18,0,1,1.74,98.25,100.0,空
2026-05-06,2022,聚亨,8.03,8.08,7.93,8.06,897,136,0,12,2.34,97.65,100.0,空
2026-05-06,2023,燁輝,13.95,14.1,13.85,14.05,2269,1137,0,25,4.31,95.68,100.0,多
2026-05-06,2024,志聯,14.35,14.35,13.95,13.95,33,16,0,2,0.44,99.55,100.0,空
2026-05-06,2025,千興,10.95,11.4,10.9,10.9,266,-1,0,7,0.69,99.3,100.0,空
2026-05-06,2027,大成鋼,38.05,38.75,37.75,38.45,31091,16596,-642,964,12.43,87.56,100.0,多
2026-05-06,2028,威致,17.45,17.45,16.8,17.35,219,46,0,-8,0.68,99.31,100.0,空
2026-05-06,2029,盛餘,20.4,20.4,20.1,20.25,119,49,0,-1,66.43,33.56,100.0,空
2026-05-06,2030,彰源,15.9,16.2,15.75,16.1,794,397,0,-22,2.32,97.67,100.0,空
2026-05-06,2031,新光鋼,40.45,40.45,39.25,39.4,2552,-1309,-11,131,7.95,92.04,100.0,空
2026-05-06,2032,新鋼,15.5,15.9,15.4,15.8,450,145,0,-3,0.92,99.07,100.0,空
2026-05-06,2033,佳大,15.3,15.5,15.1,15.5,176,-2,0,-3,1.0,98.99,100.0,空
2026-05-06,2034,允強,20.9,21.5,20.7,21.4,1859,332,0,130,3.91,96.08,100.0,多
2026-05-06,2035,唐榮,27.85,27.85,27.85,27.85,1,0,0,0,0.03,99.96,100.0,多
2026-05-06,2038,海光,13.9,14.1,13.75,13.9,466,-89,0,0,1.12,98.87,100.0,空
2026-05-06,2049,上銀,322.5,328.0,308.0,315.5,7480,-12,-4,102,33.68,66.31,100.0,多
2026-05-06,2059,川湖,4280.0,4530.0,4090.0,4400.0,1317,-56,168,6,24.24,75.75,100.0,多
2026-05-06,2061,風青,20.0,21.65,19.9,20.65,2407,-143,0,0,2.16,97.83,100.0,多
2026-05-06,2062,橋椿,21.35,21.35,20.8,21.0,439,-221,0,-9,7.22,92.77,100.0,空
2026-05-06,2063,世鎧,25.5,25.6,25.0,25.35,45,-1,0,0,0.96,99.03,100.0,空
2026-05-06,2064,晉椿,12.0,12.05,11.85,12.05,39,1,0,0,0.06,99.93,100.0,空
2026-05-06,2065,世豐,28.5,29.0,28.1,28.55,68,7,0,0,1.33,98.66,100.0,空
2026-05-06,2066,世德,45.4,45.95,44.5,44.85,55,2,0,0,10.02,89.97,100.0,空
2026-05-06,2067,嘉鋼,6.81,7.0,6.8,6.82,32,-3,0,0,11.35,88.64,100.0,多
2026-05-06,2069,運錩,18.6,19.05,18.55,18.75,401,120,0,-15,2.03,97.96,100.0,空
2026-05-06,2070,精湛,64.2,66.0,61.4,66.0,1714,-120,0,-4,3.29,96.7,100.0,多
2026-05-06,2071,震南鐵,21.35,21.6,20.35,20.35,95,-10,0,0,0.0,0.0,0.0,空
2026-05-06,2072,世紀風電,181.5,181.5,175.0,176.0,396,-10,0,-18,1.48,98.51,100.0,多
2026-05-06,2073,雄順,25.5,27.35,25.1,27.35,31,0,0,0,0.04,99.96,100.0,多
2026-05-06,2101,南港,34.0,34.05,33.45,33.55,1257,172,0,13,4.93,95.06,100.0,空
2026-05-06,2102,泰豐,18.5,18.6,18.4,18.45,342,-66,0,-4,3.15,96.84,100.0,空
2026-05-06,2103,台橡,19.85,20.65,19.75,19.95,6143,1472,0,-14,21.0,78.99,100.0,多
2026-05-06,2104,國際中橡,10.6,10.6,10.25,10.25,3304,409,0,2,5.69,94.3,100.0,空
2026-05-06,2105,正新,31.2,31.25,30.8,31.05,8194,-2753,-686,-85,11.55,88.44,100.0,空
2026-05-06,2106,建大,17.4,17.45,17.3,17.35,604,80,0,-1,8.03,91.96,100.0,空
2026-05-06,2107,厚生,26.2,26.3,26.0,26.1,261,49,0,-2,6.3,93.69,100.0,空
2026-05-06,2108,南帝,27.3,28.5,26.8,26.85,4025,173,0,10,4.81,95.18,100.0,多
2026-05-06,2109,華豐,14.1,14.2,13.95,14.0,397,43,0,-9,15.09,84.9,100.0,空
2026-05-06,2114,鑫永銓,88.5,88.5,87.5,87.8,75,0,0,0,4.13,95.86,100.0,空
2026-05-06,2115,六暉-KY,20.8,20.95,20.65,20.9,124,20,0,0,44.17,55.82,100.0,空
2026-05-06,2201,裕隆,27.3,27.4,26.95,27.15,2272,-176,0,-31,4.5,95.49,100.0,多
2026-05-06,2204,中華,54.4,54.4,53.9,54.0,1044,207,241,0,18.92,81.07,100.0,多
2026-05-06,2206,三陽工業,57.5,58.0,57.2,57.8,1379,233,-90,-16,6.04,93.95,100.0,多
2026-05-06,2207,和泰車,484.5,484.5,473.0,474.0,385,-76,-30,3,21.82,78.17,100.0,空
2026-05-06,2208,台船,20.4,20.5,20.15,20.15,3274,274,-7,2,10.07,89.92,100.0,多
2026-05-06,2211,長榮鋼,99.4,99.4,98.4,98.7,513,82,-38,0,4.16,95.83,100.0,空
2026-05-06,2221,大甲,37.8,37.8,34.9,36.5,522,-22,0,-77,1.26,98.73,100.0,空
2026-05-06,2227,裕日車,54.0,54.0,52.4,53.2,71,32,0,-2,40.34,59.65,100.0,空
2026-05-06,2228,劍麟,89.5,89.5,87.8,88.8,204,41,0,0,3.04,96.95,100.0,空
2026-05-06,2230,泰茂,29.25,31.9,29.25,31.9,748,62,0,4,8.66,91.33,100.0,多
2026-05-06,2231,為升,120.5,120.5,114.5,116.0,591,-87,0,-16,5.62,94.37,100.0,空
2026-05-06,2233,宇隆,317.5,330.0,306.0,315.5,3335,81,0,-1,7.6,92.39,100.0,多
2026-05-06,2235,謚源,32.6,32.6,31.15,31.2,15,-1,0,0,0.08,99.91,100.0,空
2026-05-06,2236,百達-KY,139.0,139.0,131.0,131.5,1028,-323,0,15,51.76,48.23,100.0,多
2026-05-06,2237,華德動能,33.76,35.2,33.1,34.0,116,0,0,0,0.0,0.0,0.0,多
2026-05-06,2239,英利-KY,22.6,22.6,22.3,22.4,42,20,0,1,75.39,24.6,100.0,多
2026-05-06,2241,艾姆勒,31.5,31.5,30.0,30.25,608,-305,0,2,9.0,90.99,100.0,多
2026-05-06,2243,宏旭-KY,26.1,26.55,25.3,26.4,930,208,-1,1,27.86,72.13,100.0,空
2026-05-06,2245,詠勝昌*,28.6,28.0,27.65,28.0,3,0,0,0,0.0,0.0,0.0,空
2026-05-06,2247,汎德永業,216.0,216.0,212.0,214.5,93,29,0,0,4.1,95.89,100.0,空
2026-05-06,2248,華勝-KY,56.4,56.5,53.9,54.5,66,-2,0,0,50.32,49.67,100.0,空
2026-05-06,2249,湧盛,121.76,121.0,117.0,118.5,71,-2,0,0,0.0,0.0,0.0,多
2026-05-06,2250,IKKA-KY,66.7,66.7,64.2,64.5,115,-4,0,1,7.15,92.79,100.0,多
2026-05-06,2252,為昇科,21.87,21.6,20.25,21.2,285,2,0,0,0.0,0.0,0.0,多
2026-05-06,2254,巨鎧精密-創,68.1,70.1,68.1,70.1,34,21,0,-7,23.65,76.34,100.0,空
2026-05-06,2255,凱銳光電,20.42,20.5,19.6,20.2,80,6,0,0,0.0,0.0,0.0,空
2026-05-06,2256,歐特明,99.07,101.0,87.5,92.0,716,11,0,0,0.0,0.0,0.0,多
2026-05-06,2258,鴻華先進-創,28.6,28.6,27.3,28.35,842,330,0,-2,0.32,99.67,100.0,多
2026-05-06,2301,光寶科,175.0,187.0,173.5,185.0,90200,31309,4,1256,38.14,61.85,100.0,多
2026-05-06,2302,麗正,20.5,20.6,19.75,19.85,2311,408,0,1,2.94,97.05,100.0,多
2026-05-06,2303,聯電,88.5,91.4,87.8,91.4,256466,47825,3740,2270,36.64,63.35,100.0,多
2026-05-06,2305,全友,17.1,17.2,16.45,16.85,2230,53,-1,-13,4.16,95.83,100.0,空
2026-05-06,2308,台達電,2215.0,2270.0,2150.0,2210.0,15562,2676,315,-414,64.36,35.63,100.0,多
2026-05-06,2312,金寶,28.35,28.4,27.4,28.0,35217,6475,0,-73,5.73,94.26,100.0,多
2026-05-06,2313,華通,274.5,274.5,247.5,250.0,105195,-24410,-2076,-1102,24.69,75.3,100.0,空
2026-05-06,2314,台揚,14.1,14.1,13.8,13.8,324,-3,0,0,1.58,98.41,100.0,多
2026-05-06,2316,楠梓電,120.0,120.0,114.5,117.0,5695,1249,0,-340,32.62,67.37,100.0,空
2026-05-06,2317,鴻海,246.5,253.0,245.0,252.0,240330,100890,1761,1350,38.69,61.3,100.0,多
2026-05-06,2321,東訊,13.0,13.0,13.0,13.0,2,0,0,0,0.01,99.98,100.0,多
2026-05-06,2323,中環,10.55,10.75,10.45,10.6,6662,1506,0,462,10.92,89.07,100.0,空
2026-05-06,2324,仁寶,29.5,29.5,28.75,29.2,42782,-633,-125,5,37.95,62.04,100.0,空
2026-05-06,2327,國巨*,360.0,361.5,331.0,338.0,44347,-2554,1079,-545,52.85,47.14,100.0,多
2026-05-06,2328,廣宇,56.0,56.3,52.8,54.2,26908,-675,0,-95,8.35,91.64,100.0,多
2026-05-06,2329,華泰,63.3,64.4,60.6,62.4,36530,-4629,0,207,12.2,87.79,100.0,多
2026-05-06,2330,台積電,2250.0,2285.0,2240.0,2250.0,38026,-4320,1935,-212,70.65,29.34,100.0,多
2026-05-06,2331,精英,21.75,21.75,20.9,21.1,2369,-154,-34,5,6.9,93.09,100.0,多
2026-05-06,2332,友訊,14.25,14.25,13.7,14.1,4491,-961,0,15,9.85,90.14,100.0,空
2026-05-06,2337,旺宏,173.0,176.5,166.5,172.0,258575,13420,7446,1451,27.33,72.66,100.0,多
2026-05-06,2338,光罩,50.8,51.0,48.5,49.4,5421,-294,0,-39,3.27,96.72,100.0,多
2026-05-06,2340,台亞,43.3,43.35,39.35,40.9,25890,696,0,-92,8.82,91.17,100.0,多
2026-05-06,2342,茂矽,42.0,43.6,38.65,41.8,38069,1393,0,-47,5.32,94.67,100.0,多
2026-05-06,2344,華邦電,108.5,108.5,104.0,108.5,241792,32736,2786,1631,20.18,79.81,100.0,多
2026-05-06,2345,智邦,2545.0,2620.0,2325.0,2485.0,6256,132,-70,30,58.07,41.92,100.0,多
2026-05-06,2347,聯強,83.5,85.5,82.5,84.5,5265,695,-80,-34,33.41,66.58,100.0,空
2026-05-06,2348,海悅,71.5,71.8,70.6,71.1,330,-91,0,-2,0.86,99.13,100.0,空
2026-05-06,2349,錸德,12.7,12.75,12.4,12.45,3927,349,0,13,11.45,88.54,100.0,空
2026-05-06,2351,順德,163.5,164.0,153.5,156.5,8247,811,-4,-198,13.71,86.28,100.0,多
2026-05-06,2352,佳世達,25.05,26.0,24.75,25.85,12612,3067,0,79,10.16,89.83,100.0,多
2026-05-06,2353,宏碁,27.9,28.1,27.55,28.1,24606,2006,-286,403,9.79,90.2,100.0,空
2026-05-06,2354,鴻準,62.0,64.3,60.2,64.3,83280,-4531,0,417,11.8,88.19,100.0,多
2026-05-06,2355,敬鵬,52.8,52.9,50.2,51.8,14525,-1863,-19,-60,17.68,82.31,100.0,空
2026-05-06,2356,英業達,47.3,49.45,47.15,49.2,44806,14438,-204,1110,16.38,83.61,100.0,多
2026-05-06,2357,華碩,598.0,634.0,596.0,629.0,8876,1597,831,251,34.99,65.0,100.0,多
2026-05-06,2359,所羅門,125.0,125.5,119.0,121.0,2325,133,0,-28,3.82,96.17,100.0,多
2026-05-06,2360,致茂,2350.0,2450.0,2270.0,2345.0,6415,998,51,-157,57.76,42.23,100.0,多
2026-05-06,2362,藍天,39.5,39.85,39.05,39.4,634,238,0,-3,10.5,89.49,100.0,多
2026-05-06,2363,矽統,57.5,59.4,56.1,57.2,23956,773,35,179,6.73,93.26,100.0,多
2026-05-06,2364,倫飛,64.3,65.4,64.1,65.1,231,87,0,0,15.27,84.72,100.0,多
2026-05-06,2365,昆盈,37.4,38.0,36.25,36.8,6979,463,0,-1,1.4,98.59,100.0,多
2026-05-06,2367,燿華,61.3,61.3,58.0,60.9,47501,1038,0,-44,7.29,92.7,100.0,空
2026-05-06,2368,金像電,1510.0,1520.0,1405.0,1445.0,6284,2,-596,36,25.8,74.19,100.0,多
2026-05-06,2369,菱生,34.25,34.25,31.6,31.9,29516,-4108,0,-1104,15.0,84.99,100.0,多
2026-05-06,2371,大同,31.2,31.2,30.2,30.4,14540,-123,10,11,7.92,92.07,100.0,空
2026-05-06,2373,震旦行,57.0,57.5,56.7,57.5,58,46,0,0,0.8,99.19,100.0,空
2026-05-06,2374,佳能,81.4,81.6,78.4,79.2,10414,540,-1,-172,5.12,94.87,100.0,多
2026-05-06,2375,凱美,91.0,92.5,86.3,88.7,4797,-479,0,-68,9.11,90.88,100.0,多
2026-05-06,2376,技嘉,283.0,304.5,283.0,301.0,24158,6525,-503,1042,21.9,78.09,100.0,多
2026-05-06,2377,微星,96.4,100.5,95.5,100.0,18547,5393,-130,470,12.98,87.01,100.0,多
2026-05-06,2379,瑞昱,543.0,548.0,533.0,544.0,4251,229,1,-40,49.48,50.51,100.0,空
2026-05-06,2380,虹光,6.08,6.1,5.98,5.98,425,0,0,0,0.25,99.74,100.0,多
2026-05-06,2382,廣達,328.0,348.0,328.0,346.5,44808,17456,-292,52,26.79,73.2,100.0,空
2026-05-06,2383,台光電,4855.0,4995.0,4745.0,4950.0,3737,362,311,11,42.53,57.46,100.0,多
2026-05-06,2385,群光,131.5,131.5,128.0,128.5,5027,-1501,-19,-54,19.73,80.26,100.0,多
2026-05-06,2387,精元,41.8,41.8,40.7,41.0,594,-122,0,17,8.61,91.38,100.0,多
2026-05-06,2388,威盛,81.3,85.4,78.7,80.0,31338,908,-9,353,14.94,85.05,100.0,多
2026-05-06,2390,云辰,9.74,9.75,9.48,9.51,697,15,0,3,1.98,98.01,100.0,空
2026-05-06,2392,正崴,38.65,39.25,37.8,39.0,2979,556,0,16,5.92,94.07,100.0,多
2026-05-06,2393,億光,72.7,73.3,70.9,73.1,3504,-284,576,-30,32.98,67.01,100.0,空
2026-05-06,2395,研華,400.5,415.0,399.0,409.5,7142,1330,5,96,34.99,65.0,100.0,多
2026-05-06,2397,友通,60.0,60.4,58.9,59.1,423,69,0,1,15.11,84.88,100.0,空
2026-05-06,2399,映泰,43.5,47.0,43.4,44.8,39573,753,-4,-252,4.69,95.3,100.0,多
2026-05-06,2401,凌陽,25.65,25.75,24.75,25.1,6703,1074,15,-324,12.22,87.77,100.0,多
2026-05-06,2402,毅嘉,73.3,73.7,68.2,70.8,14578,-1115,0,-377,9.18,90.2,100.0,空
2026-05-06,2404,漢唐,984.0,1000.0,965.0,984.0,3757,286,-135,31,25.7,74.29,100.0,多
2026-05-06,2405,輔信,15.7,15.75,15.1,15.2,2374,-444,0,-11,4.74,95.25,100.0,空
2026-05-06,2406,國碩,33.05,33.9,32.4,32.55,10156,1277,0,0,14.17,85.82,100.0,多
2026-05-06,2408,南亞科,282.0,282.0,270.5,282.0,149468,10297,5844,1678,11.24,88.75,100.0,多
2026-05-06,2409,友達,18.15,18.4,17.5,18.05,247854,14423,16,-1001,11.56,88.43,100.0,空
2026-05-06,2412,中華電,137.0,137.0,135.5,136.0,13304,-1971,203,89,17.55,31.44,49.0,空
2026-05-06,2413,環科,46.15,46.2,44.0,44.3,1459,-366,0,2,3.88,96.11,100.0,空
2026-05-06,2414,精技,46.6,48.1,46.6,48.0,776,335,0,-24,5.23,94.76,100.0,多
2026-05-06,2415,錩新,27.15,27.35,26.6,27.2,134,0,0,-2,21.04,78.95,100.0,空
2026-05-06,2417,圓剛,58.4,58.8,52.5,53.8,22150,-127,0,-87,4.21,95.78,100.0,多
2026-05-06,2419,仲琦,31.2,31.25,29.7,30.2,4320,-1142,-3,-113,1.23,98.76,100.0,空
2026-05-06,2420,新巨,55.7,56.0,54.8,55.0,260,-33,0,2,7.28,92.71,100.0,空
2026-05-06,2421,建準,150.0,150.5,145.0,148.0,5075,179,-1,1,29.08,70.91,100.0,多
2026-05-06,2423,固緯,69.8,69.9,63.3,64.0,640,-51,0,8,5.09,94.9,100.0,多
2026-05-06,2424,隴華,19.95,20.45,18.15,18.3,459,-102,0,-8,1.73,47.26,49.0,空
2026-05-06,2425,承啟,32.7,32.7,31.2,31.55,723,-105,0,-6,9.76,90.23,100.0,多
2026-05-06,2426,鼎元,76.2,76.2,66.6,76.2,58846,7893,0,974,9.91,90.08,100.0,多
2026-05-06,2427,三商電,22.0,22.0,21.35,21.45,546,-157,0,4,3.53,96.46,100.0,多
2026-05-06,2428,興勤,187.0,187.5,180.0,185.0,1038,-92,0,-27,16.53,83.46,100.0,多
2026-05-06,2429,銘旺科,52.5,53.4,50.7,53.0,502,-23,0,-2,1.12,98.87,100.0,多
2026-05-06,2430,燦坤,20.0,20.0,19.9,19.9,311,35,0,1,2.71,97.28,100.0,空
2026-05-06,2431,聯昌,11.0,11.05,10.8,10.8,391,-96,0,0,2.04,97.95,100.0,多
2026-05-06,2432,倚天,28.6,29.45,28.6,28.95,143,18,0,-6,0.64,99.35,100.0,空
2026-05-06,2432,倚天酷碁-創,28.6,29.45,28.6,28.95,143,18,0,-6,0.64,99.35,100.0,空
2026-05-06,2433,互盛電,45.3,45.5,45.25,45.45,42,29,0,2,0.99,99.0,100.0,空
2026-05-06,2434,統懋,33.95,33.95,32.1,32.9,176,-9,0,0,1.08,98.91,100.0,多
2026-05-06,2436,偉詮電,75.8,78.8,74.1,74.9,16846,967,11,-20,8.99,91.0,100.0,多
2026-05-06,2438,翔耀,23.8,24.0,23.0,23.35,287,-19,0,0,1.03,98.96,100.0,多
2026-05-06,2439,美律,90.0,90.0,86.5,87.2,3351,-1883,-9,-60,12.85,87.14,100.0,多
2026-05-06,2440,太空梭,19.0,19.0,17.55,17.6,1270,-260,0,4,1.37,98.62,100.0,多
2026-05-06,2441,超豐,96.1,97.6,92.1,93.2,16894,-1246,-539,-13,13.88,86.11,100.0,多
2026-05-06,2442,新美齊,18.5,18.65,18.25,18.5,1684,-123,0,4,2.17,97.82,100.0,空
2026-05-06,2444,兆勁,13.6,13.8,13.5,13.8,683,104,0,0,2.15,97.84,100.0,多
2026-05-06,2449,京元電子,362.0,362.5,325.0,328.5,57121,-15446,53,-609,30.36,69.63,100.0,多
2026-05-06,2450,神腦,29.6,29.6,29.3,29.6,231,77,0,25,1.24,98.75,100.0,空
2026-05-06,2451,創見,304.0,311.0,293.5,302.5,19504,1395,-130,-56,11.05,88.94,100.0,多
2026-05-06,2453,凌群,56.0,56.0,54.4,54.6,418,-12,0,0,4.68,95.31,100.0,多
2026-05-06,2454,聯發科,3470.0,3470.0,3155.0,3430.0,39638,4224,593,-374,56.67,43.32,100.0,多
2026-05-06,2455,全新,373.0,373.0,348.0,348.0,5242,-668,4,751,23.44,76.55,100.0,多
2026-05-06,2457,飛宏,25.7,25.8,24.7,25.05,2820,-35,0,-24,6.5,93.49,100.0,多
2026-05-06,2458,義隆,141.5,142.0,137.5,142.0,4088,1007,-264,-531,21.49,78.5,100.0,多
2026-05-06,2459,敦吉,66.8,67.2,66.3,66.7,205,-55,0,0,16.93,83.06,100.0,空
2026-05-06,2460,建通,34.1,34.5,32.7,32.85,1836,314,0,-20,1.08,98.91,100.0,空
2026-05-06,2461,光群雷,17.3,17.3,16.85,17.1,556,-118,0,-2,4.95,95.04,100.0,空
2026-05-06,2462,良得電,21.25,21.25,20.8,20.95,302,-57,0,-6,1.7,98.29,100.0,空
2026-05-06,2464,盟立,113.0,115.0,105.0,111.0,18892,2583,0,-268,12.42,87.57,100.0,多
2026-05-06,2465,麗臺,93.5,93.8,83.2,85.1,7872,-332,0,-35,4.91,95.08,100.0,多
2026-05-06,2466,冠西電,55.0,55.4,53.3,53.3,379,-24,0,-1,10.46,89.53,100.0,空
2026-05-06,2467,志聖,580.0,583.0,537.0,567.0,3415,326,-117,-89,18.29,81.7,100.0,空
2026-05-06,2468,華經,34.65,35.1,33.9,34.0,317,-92,0,0,2.2,97.79,100.0,多
2026-05-06,2471,資通,52.9,53.1,52.5,52.8,257,-4,0,0,5.62,94.37,100.0,空
2026-05-06,2472,立隆電,192.5,193.0,181.0,186.5,4177,155,26,15,12.69,87.3,100.0,空
2026-05-06,2474,可成,212.0,214.5,207.0,209.5,4740,1149,-27,-1226,25.34,74.65,100.0,空
2026-05-06,2476,鉅祥,117.5,117.5,109.0,114.0,5715,856,0,-63,11.78,88.21,100.0,空
2026-05-06,2477,美隆電,20.55,20.6,20.35,20.4,314,-46,0,0,23.39,76.6,100.0,空
2026-05-06,2478,大毅,77.0,79.0,75.4,76.7,8088,923,0,-1,14.36,85.63,100.0,多
2026-05-06,2480,敦陽科,150.0,150.5,148.0,149.5,488,34,-4,-7,10.31,89.68,100.0,多
2026-05-06,2481,強茂,103.5,107.0,101.0,101.5,23109,-184,0,415,20.45,79.54,100.0,空
2026-05-06,2482,連宇,16.75,16.75,16.5,16.75,181,-2,0,1,1.3,98.69,100.0,空
2026-05-06,2483,百容,24.0,24.5,23.4,23.5,568,-122,0,4,1.54,98.45,100.0,多
2026-05-06,2484,希華,43.0,43.0,40.0,40.8,2860,-174,0,-119,6.27,93.72,100.0,空
2026-05-06,2485,兆赫,69.0,69.4,64.7,66.7,33852,-1641,-7,-59,1.66,98.33,100.0,空
2026-05-06,2486,一詮,302.5,310.5,285.0,288.0,23968,622,-1,-437,17.75,82.24,100.0,多
2026-05-06,2488,漢平,51.7,51.7,50.4,51.0,230,49,0,0,6.94,93.05,100.0,空
2026-05-06,2489,瑞軒,47.9,48.85,43.55,44.4,129770,-2112,0,-915,5.34,94.65,100.0,多
2026-05-06,2491,吉祥全,18.5,19.05,18.3,19.05,2298,-74,0,-3,5.97,94.02,100.0,多
2026-05-06,2492,華新科,153.0,155.0,144.5,147.0,19365,1692,0,-145,16.14,83.85,100.0,多
2026-05-06,2493,揚博,136.5,142.0,127.0,139.0,6839,-663,1,47,2.99,97.0,100.0,空
2026-05-06,2495,普安,42.5,43.8,40.25,42.65,12520,-320,0,78,9.28,90.71,100.0,空
2026-05-06,2496,卓越,64.5,64.6,64.1,64.5,15,2,0,0,23.08,76.91,100.0,多
2026-05-06,2497,怡利電,55.5,55.5,54.5,55.0,629,119,0,-1,3.27,96.72,100.0,空
2026-05-06,2498,宏達電,41.55,41.55,40.0,40.1,8182,-2198,0,-73,9.32,90.67,100.0,多
2026-05-06,2501,國建,22.6,22.85,22.45,22.75,4469,2236,0,18,11.18,88.81,100.0,空
2026-05-06,2504,國產,34.9,34.9,34.25,34.7,2547,-1063,-58,-15,7.98,92.01,100.0,空
2026-05-06,2505,國揚,18.05,18.1,17.75,17.8,960,-278,0,-28,4.01,95.98,100.0,空
2026-05-06,2506,太設,8.75,8.84,8.72,8.72,95,53,0,-2,4.81,95.18,100.0,空
2026-05-06,2509,全坤建,13.65,13.7,13.5,13.5,236,56,0,-6,1.42,98.57,100.0,空
2026-05-06,2511,太子,7.95,7.95,7.88,7.9,854,254,0,15,2.49,97.5,100.0,空
2026-05-06,2514,龍邦,13.3,13.35,13.2,13.35,50,30,0,-3,2.28,97.71,100.0,多
2026-05-06,2515,中工,13.15,13.25,13.05,13.2,4279,1182,0,-2,8.71,91.28,100.0,多
2026-05-06,2516,新建,14.1,14.1,13.45,13.6,171,24,0,3,2.42,97.57,100.0,多
2026-05-06,2520,冠德,28.8,29.2,28.75,29.15,1253,472,0,2,11.98,88.01,100.0,空
2026-05-06,2524,京城,36.55,36.55,36.15,36.35,80,60,0,0,0.71,99.28,100.0,空
2026-05-06,2527,宏璟,34.5,34.5,33.8,33.9,342,56,0,-10,42.31,57.68,100.0,空
2026-05-06,2528,皇普,22.55,22.55,22.0,22.25,1357,-271,0,-4,1.34,98.65,100.0,多
2026-05-06,2530,華建,20.6,20.8,20.05,20.75,2068,-520,-34,23,3.8,96.19,100.0,空
2026-05-06,2534,宏盛,18.75,18.85,18.65,18.8,537,54,0,6,6.46,93.53,100.0,空
2026-05-06,2535,達欣工,73.0,74.0,72.3,73.5,466,182,0,-27,6.92,93.07,100.0,多
2026-05-06,2536,宏普,20.9,21.0,20.25,20.4,656,22,0,-9,9.09,90.9,100.0,空
2026-05-06,2537,聯上發,10.25,10.45,10.25,10.3,819,354,0,3,2.56,97.43,100.0,空
2026-05-06,2538,基泰,9.67,10.0,9.67,10.0,504,94,0,5,9.86,90.13,100.0,空
2026-05-06,2539,櫻花建,40.1,40.15,39.5,39.7,1488,-28,1,0,1.9,98.09,100.0,空
2026-05-06,2540,愛山林,51.9,51.9,50.2,50.6,591,71,0,1,1.55,98.44,100.0,空
2026-05-06,2542,興富發,39.7,39.9,39.15,39.6,9351,2132,0,-1,10.12,89.87,100.0,多
2026-05-06,2543,皇昌,44.5,44.9,43.6,43.65,2910,198,0,-85,1.55,98.44,100.0,空
2026-05-06,2545,皇翔,38.3,38.7,38.25,38.65,579,291,0,56,2.68,97.31,100.0,多
2026-05-06,2546,根基,84.1,85.1,84.1,84.8,124,28,0,1,3.31,96.68,100.0,空
2026-05-06,2547,日勝生,10.35,10.35,10.2,10.25,1695,-528,0,4,13.53,86.46,100.0,空
2026-05-06,2548,華固,122.0,125.0,122.0,125.0,2460,576,361,16,21.06,78.93,100.0,空
2026-05-06,2596,綠意,28.8,28.8,28.5,28.65,53,1,0,0,0.76,99.23,100.0,空
2026-05-06,2597,潤弘,153.0,157.0,152.5,155.5,1265,88,0,10,2.55,97.44,100.0,多
2026-05-06,2601,益航,4.98,5.0,4.87,4.89,3129,106,0,0,12.95,87.04,100.0,空
2026-05-06,2603,長榮,211.0,213.5,209.0,212.0,14157,6802,-1155,506,21.15,28.83,49.99,多
2026-05-06,2605,新興,35.8,36.1,35.15,35.5,6454,8,0,482,49.96,0.02,49.99,多
2026-05-06,2606,裕民,64.6,65.5,64.0,64.2,6072,1838,-692,29,11.35,38.63,49.99,多
2026-05-06,2607,榮運,47.8,47.8,47.2,47.5,387,17,-1,0,9.05,40.93,49.99,空
2026-05-06,2608,嘉里大榮,30.35,30.35,29.8,29.95,490,-229,0,5,3.56,96.43,100.0,空
2026-05-06,2609,陽明,50.4,50.6,49.8,50.6,18046,1504,-5,236,14.2,35.78,49.99,多
2026-05-06,2610,華航,18.15,18.15,17.9,17.95,20692,-7497,-105,-23,13.23,36.75,49.99,多
2026-05-06,2611,志信,13.45,13.5,13.25,13.35,389,-41,0,-1,1.48,98.51,100.0,空
2026-05-06,2612,中航,58.3,58.5,56.9,57.4,909,270,0,0,4.36,95.63,100.0,多
2026-05-06,2613,中櫃,22.45,22.6,22.25,22.4,341,57,0,-1,1.33,31.99,33.33,多
2026-05-06,2614,東森,20.45,20.6,20.3,20.4,884,229,0,2,4.5,45.48,49.99,多
2026-05-06,2615,萬海,77.6,77.9,77.0,77.8,6928,3482,-129,98,42.47,7.51,49.99,多
2026-05-06,2616,山隆,14.15,14.15,13.9,14.0,249,28,0,-7,1.85,98.14,100.0,空
2026-05-06,2617,台航,29.7,29.7,29.25,29.5,610,169,0,8,8.8,41.18,49.99,空
2026-05-06,2618,長榮航,34.2,34.25,33.7,33.95,34613,-14098,428,-441,23.48,26.5,49.99,空
2026-05-06,2630,亞航,50.8,50.9,49.05,49.3,800,16,0,-6,4.68,95.31,100.0,多
2026-05-06,2633,台灣高鐵,26.6,26.6,26.4,26.4,4548,-360,-4,7,9.55,39.43,48.99,空
2026-05-06,2634,漢翔,50.5,50.5,48.85,48.95,4608,-635,-7,-58,3.22,6.77,10.0,多
2026-05-06,2636,台驊控股,68.1,68.1,67.4,68.0,294,-27,0,2,9.79,90.2,100.0,空
2026-05-06,2637,慧洋-KY,75.9,77.3,75.3,76.0,4976,2688,-100,169,18.55,81.44,100.0,多
2026-05-06,2640,大車隊,175.0,175.5,173.5,175.5,25,6,0,0,4.88,95.11,100.0,空
2026-05-06,2641,正德,17.6,17.65,17.4,17.6,1448,183,0,-9,4.29,95.7,100.0,多
2026-05-06,2642,宅配通,21.6,21.6,21.4,21.45,141,30,0,0,5.26,94.73,100.0,空
2026-05-06,2643,捷迅,66.5,66.9,65.8,66.9,62,-11,0,0,1.49,98.5,100.0,空
2026-05-06,2644,中信造船,82.81,84.0,82.0,83.4,94,30,0,0,0.0,0.0,0.0,多
2026-05-06,2645,長榮航太,161.0,161.0,156.5,157.0,961,-51,-23,-48,6.99,93.0,100.0,空
2026-05-06,2646,星宇航空,20.6,20.6,20.2,20.3,5153,-618,0,6,2.54,47.44,49.99,多
2026-05-06,2701,萬企,10.8,10.85,10.7,10.8,101,71,0,0,0.53,99.46,100.0,空
2026-05-06,2702,華園,15.45,16.2,14.95,15.9,348,47,0,-15,39.46,60.53,100.0,空
2026-05-06,2704,國賓,42.8,42.8,41.8,42.05,111,22,0,21,9.9,90.09,100.0,空
2026-05-06,2705,六福,16.5,16.5,16.1,16.25,360,98,0,1,1.82,98.17,100.0,空
2026-05-06,2706,第一店,12.5,12.6,12.4,12.5,206,28,0,0,2.69,97.3,100.0,多
2026-05-06,2707,晶華,170.0,170.5,168.5,170.0,231,-51,0,-2,5.69,94.3,100.0,空
2026-05-06,2712,遠雄來,17.9,17.9,17.0,17.0,15,7,0,1,0.27,99.72,100.0,多
2026-05-06,2718,晶悅,43.0,43.1,42.7,43.0,45,2,0,0,0.86,99.13,100.0,空
2026-05-06,2718,全心投控,43.0,43.1,42.7,43.0,45,2,0,0,0.86,99.13,100.0,空
2026-05-06,2719,燦星旅,26.7,27.25,26.7,26.8,9,1,0,0,0.16,99.83,100.0,空
2026-05-06,2722,夏都,23.3,24.0,23.3,23.5,33,20,0,-1,0.37,99.62,100.0,空
2026-05-06,2723,美食-KY,67.7,67.9,65.9,66.5,339,-36,-1,0,46.66,53.33,100.0,多
2026-05-06,2724,富驛-KY,14.5,14.5,13.85,14.35,6,0,0,0,15.09,84.9,100.0,空
2026-05-06,2724,藝舍-KY,14.5,14.5,13.85,14.35,6,0,0,0,15.09,84.9,100.0,空
2026-05-06,2726,雅茗-KY,10.35,10.55,10.3,10.45,78,18,0,0,23.65,76.34,100.0,多
2026-05-06,2727,王品,228.0,232.0,227.5,232.0,490,165,61,4,26.02,73.97,100.0,多
2026-05-06,2729,瓦城,164.0,165.0,163.0,163.0,24,-2,0,0,2.05,97.94,100.0,空
2026-05-06,2731,雄獅,161.0,161.0,159.0,160.5,936,-477,142,0,16.07,83.92,100.0,多
2026-05-06,2732,六角,64.9,65.1,64.2,64.7,43,-4,0,0,3.91,96.08,100.0,空
2026-05-06,2733,維格餅家,12.41,12.45,12.45,12.45,0,0,0,0,0.0,0.0,0.0,空
2026-05-06,2734,易飛網,16.3,16.3,16.15,16.15,71,-1,0,0,4.18,95.81,100.0,空
2026-05-06,2736,富野,13.0,13.0,12.55,12.7,97,7,0,0,0.98,99.01,100.0,空
2026-05-06,2739,寒舍,34.85,34.9,34.45,34.7,96,26,0,0,2.67,97.32,100.0,空
2026-05-06,2740,天蔥,40.95,40.95,37.95,39.4,8,0,0,0,1.67,98.32,100.0,多
2026-05-06,2740,華軒,40.95,40.95,37.95,39.4,8,0,0,0,1.67,98.32,100.0,多
2026-05-06,2741,老四川,22.17,22.5,21.9,22.5,98,0,0,0,0.0,0.0,0.0,空
2026-05-06,2743,山富,70.8,71.0,69.9,70.0,104,19,0,0,2.86,97.13,100.0,空
2026-05-06,2745,五福,102.0,102.5,101.0,101.5,315,-73,0,0,3.78,96.21,100.0,空
2026-05-06,2748,雲品,41.5,42.45,41.2,41.8,218,-27,0,-1,1.27,98.72,100.0,多
2026-05-06,2751,王座,54.3,54.5,53.7,54.4,57,1,0,0,0.47,99.52,100.0,空
2026-05-06,2752,豆府,184.5,184.5,180.0,181.0,67,3,0,0,1.27,98.72,100.0,空
2026-05-06,2753,八方雲集,179.5,180.5,179.0,180.5,149,-50,-3,0,5.11,94.88,100.0,多
2026-05-06,2754,亞洲藏壽司,69.6,69.6,67.8,69.1,19,-2,0,0,68.1,31.89,100.0,多
2026-05-06,2755,揚秦,137.0,137.0,132.0,136.0,147,-57,0,0,1.97,98.02,100.0,空
2026-05-06,2756,聯發國際,66.2,66.2,65.9,66.0,20,0,0,0,1.57,98.42,100.0,多
2026-05-06,2758,路易莎咖啡,76.54,77.7,75.1,77.7,22,0,0,0,0.0,0.0,0.0,空
2026-05-06,2760,巨宇翔,21.59,22.0,22.0,22.0,1,0,0,0,0.0,0.0,0.0,空
2026-05-06,2761,橘焱胡同,15.46,16.0,15.0,15.35,44,0,0,0,0.0,0.0,0.0,空
2026-05-06,2762,世界健身-KY,72.7,73.3,72.6,73.0,237,-92,0,2,87.11,12.88,100.0,多
2026-05-06,2801,彰銀,20.8,20.95,20.8,20.9,13561,1018,-682,130,18.28,81.71,100.0,空
2026-05-06,2812,台中銀,19.8,19.8,19.65,19.75,16516,-3947,7,71,8.33,91.66,100.0,空
2026-05-06,2816,旺旺保,30.0,30.4,29.95,30.0,137,29,0,-6,1.86,98.13,100.0,空
2026-05-06,2820,華票,16.95,16.95,16.75,16.85,2647,-1309,0,0,8.83,91.16,100.0,空
2026-05-06,2832,台產,52.0,52.6,52.0,52.5,148,52,0,2,3.88,96.11,100.0,多
2026-05-06,2834,臺企銀,16.25,16.3,16.1,16.2,33847,-8584,17,99,17.44,82.55,100.0,空
2026-05-06,2836,高雄銀,11.95,11.95,11.85,11.9,747,94,0,1,7.48,92.51,100.0,空
2026-05-06,2838,聯邦銀,20.5,20.75,20.35,20.7,1727,767,0,-81,4.29,95.7,100.0,空
2026-05-06,2845,遠東銀,12.3,12.3,12.2,12.25,7696,-472,4,6,9.13,90.86,100.0,空
2026-05-06,2849,安泰銀,13.8,13.95,13.65,13.95,198,171,0,0,58.89,41.1,100.0,空
2026-05-06,2850,新產,132.0,132.0,130.5,131.0,195,23,-33,-1,10.17,89.82,100.0,多
2026-05-06,2851,中再保,30.75,31.35,30.55,31.3,2730,679,0,34,7.24,92.75,100.0,空
2026-05-06,2852,第一保,26.1,26.2,25.95,26.05,288,23,-1,-2,4.67,95.32,100.0,多
2026-05-06,2855,統一證,39.55,40.2,38.75,39.0,12414,-1624,-7,0,14.03,85.96,100.0,多
2026-05-06,2867,三商壽,7.67,7.71,7.6,7.69,7002,3286,0,1276,17.82,82.17,100.0,空
2026-05-06,2880,華南金,32.95,33.0,32.65,32.7,17806,1107,-1714,-375,17.43,82.56,100.0,空
2026-05-06,2881,富邦金,93.0,94.0,92.4,92.8,24441,10426,-3796,3,16.05,83.94,100.0,多
2026-05-06,2882,國泰金,77.7,79.2,77.6,78.7,31579,13256,-3143,-68,20.15,79.84,100.0,多
2026-05-06,2883,凱基金,21.95,22.3,21.95,22.2,68298,40519,-7207,-220,30.55,69.44,100.0,多
2026-05-06,2884,玉山金,31.65,31.95,31.5,31.85,40013,7916,-8076,-473,30.47,69.52,100.0,空
2026-05-06,2885,元大金,56.0,56.9,55.6,56.2,26222,-752,178,-146,26.06,73.93,100.0,多
2026-05-06,2886,兆豐金,39.4,39.7,39.15,39.55,16708,4265,287,-88,21.58,78.41,100.0,空
2026-05-06,2887,台新新光金,24.0,24.15,23.7,23.95,150859,54603,-43877,-1910,22.52,77.47,100.0,空
2026-05-06,2889,國票金,14.6,14.65,14.45,14.55,2488,-244,0,-28,8.57,91.42,100.0,空
2026-05-06,2890,永豐金,30.75,31.15,30.7,31.0,32133,16726,812,-377,27.82,72.17,100.0,空
2026-05-06,2891,中信金,54.4,55.2,54.2,54.7,68048,22651,-7806,176,33.7,66.29,100.0,多
2026-05-06,2892,第一金,28.6,29.0,28.45,28.8,46380,26611,323,244,26.81,73.18,100.0,多
2026-05-06,2897,王道銀行,10.1,10.15,10.05,10.15,2851,1140,-4,65,6.77,93.22,100.0,空
2026-05-06,2901,欣欣,24.55,24.55,24.0,24.4,22,7,0,-2,0.32,99.67,100.0,多
2026-05-06,2903,遠百,22.5,22.5,22.2,22.4,1734,-512,-193,-38,8.36,91.63,100.0,空
2026-05-06,2904,匯僑,16.2,16.2,15.9,16.0,116,6,0,0,0.51,99.48,100.0,空
2026-05-06,2905,三商,13.6,13.6,13.35,13.5,541,54,0,4,3.71,96.28,100.0,空
2026-05-06,2906,高林,12.5,12.5,12.3,12.45,150,12,0,2,1.65,98.34,100.0,空
2026-05-06,2908,特力,20.9,20.9,20.6,20.7,216,99,0,-5,1.63,98.36,100.0,多
2026-05-06,2910,統領,22.3,22.3,22.1,22.2,17,13,0,0,0.26,99.73,100.0,空
2026-05-06,2911,麗嬰房,5.1,5.19,5.0,5.02,58,8,0,0,20.75,79.24,100.0,空
2026-05-06,2912,統一超,225.5,228.0,225.0,227.0,2170,410,0,-1,19.62,80.37,100.0,空
2026-05-06,2913,農林,11.2,11.2,11.05,11.1,1855,230,0,6,5.04,94.95,100.0,空
2026-05-06,2915,潤泰全,43.3,43.5,43.1,43.45,2046,-64,2,3,5.53,94.46,100.0,多
2026-05-06,2916,滿心,45.1,45.1,44.75,44.8,164,10,0,0,21.32,78.67,100.0,空
2026-05-06,2923,鼎固-KY,23.0,24.55,23.0,24.55,107,65,0,-14,99.41,0.58,100.0,空
2026-05-06,2924,宏太-KY,0.0,0.0,0.0,0.0,0,0,0,0,66.79,33.2,100.0,空
2026-05-06,2926,誠品生活,37.55,37.55,37.0,37.45,34,1,0,0,1.13,98.86,100.0,多
2026-05-06,2929,淘帝-KY,5.7,5.7,5.58,5.63,239,18,0,-1,18.03,81.96,100.0,多
2026-05-06,2937,集雅社,43.95,43.95,43.5,43.5,4,0,0,2,0.08,99.91,100.0,多
2026-05-06,2938,床的世界,23.05,23.2,22.8,23.2,19,1,0,0,0.0,0.0,0.0,多
2026-05-06,2939,永邑-KY,25.0,25.0,24.65,24.9,5,2,0,0,19.91,80.08,100.0,空
2026-05-06,2940,歐都納,24.4,23.6,23.5,23.6,6,0,0,0,0.0,0.0,0.0,多
2026-05-06,2941,米斯特,30.4,30.4,29.8,29.8,15,1,0,0,0.45,99.54,100.0,多
2026-05-06,2942,京站,37.91,38.45,37.35,38.4,0,0,0,0,0.0,0.0,0.0,空
2026-05-06,2945,三商家購,41.0,41.3,40.5,41.05,18,9,0,0,0.37,99.62,100.0,空
2026-05-06,2947,振宇五金,77.8,78.5,77.8,78.5,5,1,0,0,0.06,99.93,100.0,多
2026-05-06,2948,寶陞,37.9,38.0,37.8,37.8,7,0,0,0,0.01,99.98,100.0,多
2026-05-06,2949,欣新網,52.3,54.0,51.8,54.0,31,0,0,0,0.02,99.97,100.0,空
2026-05-06,3002,歐格,18.65,18.65,18.0,18.2,319,75,0,0,2.48,97.51,100.0,多
2026-05-06,3003,健和興,56.0,56.4,54.5,56.0,740,34,0,3,3.93,96.06,100.0,多
2026-05-06,3004,豐達科,125.5,125.5,118.5,121.5,1076,-69,0,39,3.4,96.59,100.0,多
2026-05-06,3005,神基,98.8,98.8,97.0,97.5,2916,-1273,-93,-125,9.38,90.61,100.0,多
2026-05-06,3006,晶豪科,200.0,200.0,193.0,200.0,33684,4135,-6,354,27.02,72.97,100.0,多
2026-05-06,3008,大立光,2550.0,2550.0,2490.0,2520.0,1403,8,4,-13,31.3,68.69,100.0,空
2026-05-06,3010,華立,138.0,138.0,134.0,136.0,1242,-138,-42,-8,18.33,81.66,100.0,空
2026-05-06,3011,今皓,14.0,14.1,13.55,13.65,1094,-15,0,0,2.42,97.57,100.0,空
2026-05-06,3013,晟銘電,111.5,111.5,105.0,107.5,3095,7,0,-96,4.2,95.79,100.0,空
2026-05-06,3014,聯陽,133.0,133.5,131.0,132.5,2001,0,-5,-7,19.66,80.33,100.0,多
2026-05-06,3015,全漢,51.6,52.1,50.3,50.8,579,57,-150,1,8.88,91.11,100.0,多
2026-05-06,3016,嘉晶,118.5,118.5,112.5,114.5,22662,1981,0,-270,7.85,92.14,100.0,多
2026-05-06,3017,奇鋐,2680.0,2685.0,2435.0,2435.0,11438,-360,-2900,-90,54.38,45.61,100.0,空
2026-05-06,3018,隆銘綠能,10.6,10.6,10.4,10.45,34,0,0,0,0.22,99.77,100.0,多
2026-05-06,3019,亞光,145.0,145.0,139.0,143.0,6343,687,0,-63,4.81,95.18,100.0,多
2026-05-06,3021,鴻名,16.3,16.55,16.15,16.45,125,5,0,-4,3.93,96.06,100.0,多
2026-05-06,3022,威強電,76.5,76.5,73.2,74.0,1679,-175,-4,-6,15.45,84.54,100.0,多
2026-05-06,3023,信邦,296.5,306.0,295.0,305.5,5173,2233,-8,-23,45.1,54.89,100.0,多
2026-05-06,3024,憶聲,14.0,14.1,13.6,13.85,3917,-962,0,4,2.15,97.84,100.0,多
2026-05-06,3025,星通,64.0,64.9,62.9,64.9,1125,24,0,1,7.55,92.44,100.0,多
2026-05-06,3026,禾伸堂,273.0,273.0,260.0,273.0,21608,495,3574,-146,13.85,86.14,100.0,空
2026-05-06,3027,盛達,19.2,19.2,18.5,18.5,310,-131,0,2,1.95,98.04,100.0,多
2026-05-06,3028,增你強,72.2,76.5,72.0,76.5,6698,55,0,134,13.22,86.77,100.0,多
2026-05-06,3029,零壹,103.0,103.0,99.7,101.5,1406,-348,-4,3,3.63,96.36,100.0,多
2026-05-06,3030,德律,426.0,435.5,400.0,413.0,13359,764,41,-81,14.92,85.07,100.0,多
2026-05-06,3031,佰鴻,31.75,32.3,30.4,30.5,3954,343,-2,43,2.11,97.88,100.0,空
2026-05-06,3032,偉訓,66.7,67.7,65.4,66.5,899,-195,0,-13,3.53,96.46,100.0,多
2026-05-06,3033,威健,40.8,42.4,40.45,42.4,51739,11813,-15,-665,16.74,83.25,100.0,多
2026-05-06,3034,聯詠,426.0,441.5,425.0,441.5,8811,2795,22,365,35.09,64.9,100.0,多
2026-05-06,3035,智原,180.0,186.0,175.0,181.5,18503,1,-19,-146,7.91,92.08,100.0,多
2026-05-06,3036,文曄,214.5,219.0,211.5,214.0,13521,-389,82,39,23.91,75.87,100.0,空
2026-05-06,3037,欣興,908.0,928.0,846.0,858.0,44744,-4455,-845,-1529,38.37,61.62,100.0,多
2026-05-06,3038,全台,23.3,23.45,23.1,23.2,477,39,0,-5,8.72,91.27,100.0,多
2026-05-06,3040,遠見,43.55,43.6,42.05,42.8,169,8,-1,-4,0.57,99.42,100.0,空
2026-05-06,3041,揚智,24.95,25.6,24.3,24.4,2056,-55,0,3,4.02,95.97,100.0,多
2026-05-06,3042,晶技,172.0,174.0,149.0,150.5,20181,-1618,0,-988,17.68,82.31,100.0,空
2026-05-06,3043,科風,20.15,20.4,19.9,20.05,166,0,0,2,1.21,98.78,100.0,空
2026-05-06,3044,健鼎,495.0,506.0,477.5,488.0,8234,-288,203,-88,48.0,51.99,100.0,多
2026-05-06,3045,台灣大,110.5,110.5,110.0,110.0,5488,649,-632,-121,13.73,32.81,46.55,空
2026-05-06,3046,建碁,49.95,50.0,49.2,49.65,220,-10,0,38,3.88,96.11,100.0,多
2026-05-06,3047,訊舟,15.0,15.0,14.4,14.5,1305,-442,0,3,2.48,97.51,100.0,空
2026-05-06,3048,益登,40.45,42.85,39.95,41.2,15354,894,0,287,4.07,95.92,100.0,多
2026-05-06,3049,精金,13.15,13.55,12.8,12.85,8504,370,0,-53,2.41,97.58,100.0,多
2026-05-06,3050,鈺德,12.4,12.4,12.1,12.15,663,-200,0,6,6.67,93.32,100.0,空
2026-05-06,3051,力特,29.85,29.85,27.3,27.3,8103,-53,0,-17,1.48,98.51,100.0,多
2026-05-06,3052,夆典,11.0,11.0,10.7,10.75,624,-86,0,12,1.6,98.39,100.0,多
2026-05-06,3054,立萬利,73.0,73.8,70.3,73.8,1700,129,0,13,0.45,99.54,100.0,空
2026-05-06,3055,蔚華科,80.8,85.5,79.1,79.1,2599,135,0,113,1.42,98.57,100.0,多
2026-05-06,3056,富華新,13.5,13.5,13.2,13.2,2649,595,0,-3,4.21,95.78,100.0,空
2026-05-06,3057,喬鼎,20.15,21.7,19.9,21.3,989,150,0,-9,2.92,97.07,100.0,多
2026-05-06,3058,立德,8.6,8.6,8.05,8.32,1168,85,0,3,2.43,97.56,100.0,空
2026-05-06,3059,華晶科,40.6,40.7,39.35,40.1,4198,1244,0,-4,9.42,90.57,100.0,多
2026-05-06,3060,銘異,29.25,29.4,28.05,28.15,1953,-183,0,-5,7.34,92.65,100.0,空
2026-05-06,3062,建漢,27.05,27.05,25.55,26.15,6234,-356,0,-23,10.53,89.46,100.0,空
2026-05-06,3064,泰偉,21.0,21.0,21.0,21.0,1,0,0,0,0.12,99.87,100.0,多
2026-05-06,3066,李洲,19.1,19.1,18.15,18.2,248,-32,0,-4,0.71,99.28,100.0,空
2026-05-06,3067,全域,0.0,0.0,0.0,0.0,0,0,0,0,0.01,99.98,100.0,空
2026-05-06,3071,協禧,31.2,31.2,29.6,30.35,1117,-363,0,42,2.21,97.78,100.0,空
2026-05-06,3073,天方能源,22.8,22.8,22.05,22.3,75,2,0,0,1.82,98.17,100.0,空
2026-05-06,3078,僑威,57.5,57.7,56.2,56.6,1045,-324,-7,-10,18.12,81.87,100.0,多
2026-05-06,3081,聯亞,2880.0,2905.0,2565.0,2655.0,4743,-396,-100,-62,20.33,79.66,100.0,空
2026-05-06,3083,網龍,27.55,27.55,26.8,26.85,163,17,0,0,1.36,98.63,100.0,多
2026-05-06,3085,新零售,11.95,11.95,11.9,11.95,4,0,0,0,5.69,94.3,100.0,空
2026-05-06,3086,華義*,44.25,45.4,43.1,43.5,1642,-169,0,0,40.95,59.04,100.0,空
2026-05-06,3088,艾訊,119.5,121.5,115.5,120.5,3428,603,0,-121,14.02,85.97,100.0,多
2026-05-06,3090,日電貿,110.0,110.5,104.0,105.5,7144,-1292,0,-280,9.31,90.68,100.0,多
2026-05-06,3092,鴻碩,32.3,32.9,31.1,31.4,707,-123,0,2,1.39,98.6,100.0,空
2026-05-06,3093,港建*,69.3,70.2,63.9,64.7,10855,135,0,-12,68.64,31.35,100.0,空
2026-05-06,3094,聯傑,28.3,30.35,28.15,30.35,7112,302,0,10,2.82,97.17,100.0,多
2026-05-06,3095,及成,42.3,43.5,41.15,42.0,31,1,0,0,3.87,96.12,100.0,多
2026-05-06,3097,拍檔,24.63,27.7,25.5,27.65,111,6,0,0,0.0,0.0,0.0,空
2026-05-06,3105,穩懋,555.0,556.0,499.5,500.0,44321,-9967,-446,-1366,27.34,72.65,100.0,空
2026-05-06,3114,好德,25.95,26.25,25.75,26.0,102,0,0,0,0.91,99.08,100.0,空
2026-05-06,3115,富榮綱,9.76,9.76,9.76,9.76,2,-1,0,0,1.72,98.27,100.0,空
2026-05-06,3117,年程,30.85,31.1,28.9,29.1,218,0,0,0,0.0,0.0,0.0,空
2026-05-06,3118,進階,33.7,33.7,33.55,33.7,15,1,0,0,0.45,99.54,100.0,多
2026-05-06,3122,笙泉,33.9,36.3,33.3,36.3,1669,73,0,29,2.22,97.77,100.0,多
2026-05-06,3128,昇銳,24.15,24.15,23.75,23.9,142,-9,0,0,3.99,96.0,100.0,空
2026-05-06,3130,一零四,221.0,221.5,221.0,221.0,16,-3,0,0,20.94,79.05,100.0,多
2026-05-06,3131,弘塑,2990.0,3200.0,2950.0,3200.0,1303,280,-7,5,36.72,63.27,100.0,空
2026-05-06,3135,凌航,173.5,176.0,163.0,172.5,11565,-283,0,-66,3.5,96.49,100.0,多
2026-05-06,3138,耀登,161.5,162.0,151.0,154.5,1726,-286,0,-6,1.41,98.58,100.0,空
2026-05-06,3141,晶宏,52.4,52.7,50.5,51.0,1050,177,0,-8,11.34,88.65,100.0,多
2026-05-06,3147,大綜,178.5,181.0,174.5,177.0,346,22,0,-1,2.56,97.43,100.0,多
2026-05-06,3149,正達,49.7,51.8,48.55,49.5,17394,-1797,0,-4,2.64,97.35,100.0,多
2026-05-06,3150,鈺寶-創,19.4,19.4,18.55,18.55,69,9,0,-3,1.03,98.96,100.0,空
2026-05-06,3152,璟德,174.5,174.5,165.0,170.5,1396,12,0,-33,14.94,85.05,100.0,空
2026-05-06,3158,嘉實,89.5,89.5,89.0,89.1,29,0,0,0,1.61,98.38,100.0,空
2026-05-06,3162,精確,87.9,91.3,85.9,89.8,23888,756,0,-117,48.42,51.57,100.0,多
2026-05-06,3163,波若威,1220.0,1225.0,1100.0,1135.0,6331,946,-148,-60,32.23,67.76,100.0,空
2026-05-06,3164,景岳,17.9,17.9,17.5,17.6,94,8,0,1,0.57,99.42,100.0,空
2026-05-06,3167,大量,782.0,795.0,714.0,795.0,1298,104,-24,36,12.93,87.06,100.0,多
2026-05-06,3168,眾福科,45.05,46.3,44.0,45.8,146,-15,0,1,1.27,98.72,100.0,空
2026-05-06,3169,亞信,113.0,115.5,108.0,111.5,1520,-121,0,-2,4.0,95.99,100.0,多
2026-05-06,3171,新洲,69.0,69.8,68.6,69.5,27,5,0,0,0.73,99.26,100.0,空
2026-05-06,3171,炎洲流通,69.0,69.8,68.6,69.5,27,5,0,0,0.73,99.26,100.0,空
2026-05-06,3176,基亞,33.0,33.4,32.7,33.15,370,-29,0,0,4.87,95.12,100.0,多
2026-05-06,3178,公準,73.3,75.0,68.6,70.3,280,-66,0,0,1.87,98.12,100.0,空
2026-05-06,3184,微邦,27.07,33.35,27.6,31.75,10161,-81,0,0,0.0,0.0,0.0,多
2026-05-06,3188,鑫龍騰,26.25,26.25,25.0,25.1,800,-283,0,0,2.26,97.73,100.0,多
2026-05-06,3189,景碩,532.0,537.0,475.0,482.5,32577,-2661,-365,-1159,17.62,82.37,100.0,多
2026-05-06,3191,雲嘉南,14.1,14.1,13.6,13.8,31,0,0,0,0.05,99.94,100.0,空
2026-05-06,3205,佰研,56.1,56.3,55.1,56.3,138,-4,0,0,6.5,93.49,100.0,空
2026-05-06,3206,志豐,34.3,34.65,33.9,34.0,147,-3,0,0,2.3,97.69,100.0,空
2026-05-06,3207,耀勝,62.6,62.6,59.8,60.8,597,-50,0,-4,4.28,95.71,100.0,空
2026-05-06,3209,全科,55.1,56.3,54.0,55.9,5270,14,-6,4,18.02,81.97,100.0,多
2026-05-06,3211,順達,365.0,376.0,355.5,374.5,12025,205,-304,176,29.77,70.22,100.0,空
2026-05-06,3213,茂訊,110.0,111.0,108.5,111.0,980,49,0,42,8.89,91.1,100.0,多
2026-05-06,3217,優群,177.0,180.0,173.0,177.5,1634,-17,26,28,6.23,93.76,100.0,多
2026-05-06,3218,大學光,138.0,138.0,135.0,135.0,231,-49,-3,0,5.02,94.97,100.0,多
2026-05-06,3219,倚強股份,68.3,68.3,66.6,67.6,503,-46,0,0,1.66,98.33,100.0,多
2026-05-06,3219,倚強科,68.3,68.3,66.6,67.6,503,-46,0,0,1.66,98.33,100.0,多
2026-05-06,3221,台嘉碩,45.8,45.8,43.5,43.9,1603,-153,0,98,5.67,94.32,100.0,空
2026-05-06,3224,三顧,45.0,47.0,45.0,46.85,337,-10,0,0,0.82,99.17,100.0,多
2026-05-06,3226,龍鋒,41.15,42.95,40.65,42.95,20,0,0,0,0.06,99.93,100.0,多
2026-05-06,3227,原相,216.0,217.0,210.0,216.0,2194,54,1,-54,24.85,75.06,100.0,多
2026-05-06,3228,金麗科,231.0,242.0,221.0,242.0,1502,64,2,18,7.23,92.76,100.0,多
2026-05-06,3229,晟鈦,44.95,44.95,42.5,42.7,222,0,0,-3,1.31,98.68,100.0,多
2026-05-06,3230,錦明,36.7,36.7,34.65,34.7,807,-149,0,-2,3.7,96.29,100.0,空
2026-05-06,3231,緯創,143.5,146.5,142.5,146.5,71828,25838,39,1706,29.36,70.63,100.0,多
2026-05-06,3232,昱捷,21.6,21.6,21.05,21.15,73,-7,0,0,8.23,91.76,100.0,空
2026-05-06,3234,光環,110.0,110.5,102.0,103.0,2634,-101,0,-19,2.26,97.73,100.0,空
2026-05-06,3236,千如,32.45,32.75,30.55,30.95,2090,-197,0,-1,14.35,85.64,100.0,空
2026-05-06,3252,海灣,18.65,18.8,18.6,18.8,19,2,0,0,2.23,97.76,100.0,空
2026-05-06,3257,虹冠電,56.0,56.4,54.5,54.7,572,-155,0,2,0.99,99.0,100.0,多
2026-05-06,3259,鑫創,17.3,17.35,16.9,17.0,57,0,0,0,10.95,89.04,100.0,空
2026-05-06,3260,威剛,473.5,487.0,455.5,461.5,48526,-1529,99,268,17.32,82.67,100.0,多
2026-05-06,3264,欣銓,244.0,249.0,218.5,226.0,27408,-2737,1672,-204,29.67,70.32,100.0,多
2026-05-06,3265,台星科,192.0,193.0,181.5,186.0,4651,67,0,-95,10.64,89.35,100.0,多
2026-05-06,3266,昇陽,13.9,13.9,13.55,13.65,65,32,0,-2,8.26,91.73,100.0,空
2026-05-06,3268,海德威,18.1,18.1,17.4,17.7,136,18,0,0,0.99,99.0,100.0,空
2026-05-06,3272,東碩,19.5,19.7,18.25,18.35,473,-77,0,-2,0.66,99.33,100.0,多
2026-05-06,3276,宇環,15.3,15.3,14.6,15.0,243,-7,0,0,0.99,99.0,100.0,多
2026-05-06,3284,太普高,15.9,16.2,15.85,16.2,188,56,0,-4,1.02,98.97,100.0,空
2026-05-06,3285,微端,29.3,29.3,28.6,28.6,28,-1,0,0,12.91,87.08,100.0,多
2026-05-06,3287,廣寰科,28.5,28.5,28.1,28.1,82,-7,0,0,1.39,98.6,100.0,空
2026-05-06,3288,點晶,14.75,15.25,14.75,15.15,21,0,0,0,0.14,99.85,100.0,空
2026-05-06,3289,宜特,192.0,194.5,175.0,180.0,9045,-1092,0,-74,10.49,89.5,100.0,空
2026-05-06,3290,東浦,47.35,48.65,45.75,48.05,1044,-112,0,-3,6.71,93.28,100.0,空
2026-05-06,3293,鈊象,738.0,740.0,724.0,731.0,2007,-274,-45,-11,27.73,72.26,100.0,空
2026-05-06,3294,英濟,31.2,31.4,30.15,30.45,640,-126,0,0,11.92,88.07,100.0,空
2026-05-06,3296,勝德,20.4,20.4,20.05,20.2,80,-4,0,-3,2.37,97.62,100.0,空
2026-05-06,3297,杭特,31.75,31.75,31.05,31.5,158,-26,0,0,3.16,96.83,100.0,空
2026-05-06,3303,岱稜,54.5,54.6,50.2,51.3,2088,-532,0,0,4.93,95.06,100.0,多
2026-05-06,3305,昇貿,114.0,121.5,112.0,116.0,9401,111,0,24,3.6,96.39,100.0,空
2026-05-06,3306,鼎天,47.6,47.85,47.0,47.6,224,0,0,0,3.39,96.6,100.0,空
2026-05-06,3308,聯德,21.15,21.2,20.65,20.85,112,11,0,-9,0.75,99.24,100.0,多
2026-05-06,3310,佳穎,69.0,70.7,69.0,70.7,22,-4,0,0,0.22,99.77,100.0,多
2026-05-06,3311,閎暉,31.0,31.1,30.35,30.55,235,-63,0,1,1.25,98.74,100.0,空
2026-05-06,3312,弘憶股,42.7,42.8,41.3,41.65,1687,27,0,-7,2.69,97.3,100.0,空
2026-05-06,3313,斐成,11.95,11.95,11.55,11.8,359,-30,0,0,4.7,95.29,100.0,空
2026-05-06,3317,尼克森,62.8,65.9,61.5,64.9,12482,-1044,0,-127,10.63,89.36,100.0,多
2026-05-06,3321,同泰,16.35,16.35,16.05,16.2,283,41,0,0,1.66,98.33,100.0,多
2026-05-06,3322,建舜電,13.5,13.55,13.0,13.05,941,184,0,0,2.74,97.25,100.0,空
2026-05-06,3323,加百裕,35.3,35.3,33.9,34.95,1410,-112,0,-6,12.04,87.95,100.0,多
2026-05-06,3324,雙鴻,1190.0,1190.0,1055.0,1105.0,6377,-643,2,-160,29.3,70.69,100.0,多
2026-05-06,3325,旭品,12.9,13.3,12.75,12.95,231,-58,0,0,0.76,99.23,100.0,空
2026-05-06,3332,幸康,65.3,65.3,63.5,64.9,49,-2,0,0,0.9,99.09,100.0,多
2026-05-06,3338,泰碩,74.5,76.3,73.1,74.9,2318,-100,0,3,3.8,96.19,100.0,空
2026-05-06,3339,泰谷,60.0,60.2,58.1,59.5,870,37,0,0,8.08,91.91,100.0,空
2026-05-06,3346,麗清,17.25,17.45,16.75,17.0,666,-6,0,-6,2.43,97.56,100.0,空
2026-05-06,3349,寶德,25.0,25.35,24.0,24.8,173,-20,0,0,0.37,99.62,100.0,空
2026-05-06,3354,律勝,28.9,31.7,26.75,31.1,3626,410,0,5,3.03,96.96,100.0,多
2026-05-06,3356,奇偶,57.5,57.6,55.0,55.1,1659,-253,0,-4,7.17,92.82,100.0,多
2026-05-06,3357,臺慶科,175.5,175.5,166.5,170.0,3067,-682,0,-45,14.2,85.79,100.0,空
2026-05-06,3360,尚立,13.35,13.7,13.3,13.4,344,-97,0,0,4.25,95.74,100.0,空
2026-05-06,3362,先進光,111.5,111.5,106.5,107.5,707,-180,0,0,7.79,92.2,100.0,空
2026-05-06,3363,上詮,870.0,870.0,812.0,815.0,1009,-11,-3,40,18.72,81.27,100.0,空
2026-05-06,3372,典範,19.8,20.35,19.4,19.75,1395,-159,0,0,1.08,98.91,100.0,多
2026-05-06,3373,熱映,17.0,17.0,16.8,16.85,70,-7,0,0,1.5,98.49,100.0,多
2026-05-06,3374,精材,205.5,205.5,192.5,199.0,9774,-1243,0,-314,10.59,89.4,100.0,多
2026-05-06,3376,新日興,207.5,208.0,199.0,205.0,4446,-333,4,-49,17.69,82.3,100.0,空
2026-05-06,3379,彬台,40.15,40.15,38.35,38.5,593,-156,0,0,2.5,97.49,100.0,多
2026-05-06,3380,明泰,34.0,34.0,31.5,31.75,10915,-4332,0,-106,5.96,94.03,100.0,空
2026-05-06,3388,崇越電,122.0,122.0,112.0,115.0,1277,-86,0,-44,7.27,92.72,100.0,多
2026-05-06,3390,旭軟,25.85,28.05,25.3,28.05,5038,153,0,-5,3.89,96.1,100.0,多
2026-05-06,3402,漢科,148.5,148.5,142.5,146.5,3524,-66,0,-16,7.81,92.18,100.0,多
2026-05-06,3406,玉晶光,526.0,526.0,510.0,515.0,1090,30,-30,-20,42.18,57.81,100.0,空
2026-05-06,3413,京鼎,325.5,325.5,314.0,318.0,2743,-315,-5,-5,14.19,85.8,100.0,空
2026-05-06,3416,融程電,159.0,161.0,156.0,161.0,461,33,0,23,2.78,97.21,100.0,多
2026-05-06,3419,譁裕,15.35,15.35,14.85,14.95,383,44,0,0,2.09,97.9,100.0,空
2026-05-06,3426,台興,47.7,47.7,47.7,47.7,15,0,0,0,0.44,99.55,100.0,空
2026-05-06,3430,奇鈦科,161.5,161.5,140.0,153.0,2461,-53,0,0,9.01,90.98,100.0,多
2026-05-06,3432,台端,22.6,22.8,20.7,21.05,543,19,0,0,2.98,97.01,100.0,多
2026-05-06,3434,哲固,29.55,29.85,29.0,29.15,77,-3,0,0,1.91,98.08,100.0,空
2026-05-06,3437,榮創,28.25,28.3,26.65,27.0,7067,-221,0,39,3.83,96.16,100.0,多
2026-05-06,3438,類比科,65.5,67.2,62.2,63.2,1792,-44,0,-4,3.35,96.64,100.0,多
2026-05-06,3441,聯一光,39.6,40.55,38.75,39.8,4567,-246,0,0,3.4,96.59,100.0,多
2026-05-06,3443,創意,4925.0,4965.0,4520.0,4955.0,4890,-645,605,-83,27.66,72.33,100.0,多
2026-05-06,3444,利機,97.0,98.1,92.1,93.2,1279,-296,0,-1,11.6,88.39,100.0,空
2026-05-06,3447,展達,39.05,39.1,38.0,38.4,211,-57,0,2,1.12,98.87,100.0,多
2026-05-06,3450,聯鈞,374.0,375.0,330.0,343.5,26217,-2958,1241,-474,15.13,84.86,100.0,空
2026-05-06,3455,由田,322.5,322.5,295.0,298.0,10133,-425,0,-10,19.53,80.46,100.0,多
2026-05-06,3465,進泰電子,30.25,30.25,28.05,28.1,80,2,0,0,4.64,95.35,100.0,空
2026-05-06,3466,德晉,39.4,40.15,39.0,39.35,701,1,0,0,17.02,82.97,100.0,空
2026-05-06,3467,台灣精材,66.6,67.4,63.1,63.9,445,-63,0,0,1.02,98.97,100.0,多
2026-05-06,3473,智通聯網,97.42,97.8,95.0,97.4,0,0,0,0,0.0,0.0,0.0,空
2026-05-06,3479,安勤,97.3,97.7,95.5,96.5,714,-6,0,0,5.4,94.59,100.0,多
2026-05-06,3481,群創,27.8,28.9,26.8,28.1,845750,78310,46,12993,23.7,76.29,100.0,多
2026-05-06,3483,力致,95.6,96.3,93.1,93.3,1141,-205,0,5,6.73,93.26,100.0,多
2026-05-06,3484,崧騰,45.25,45.6,44.55,45.6,318,-49,0,0,8.06,91.93,100.0,多
2026-05-06,3485,敘豐,320.5,323.0,268.5,305.5,1402,-6,0,0,0.0,100.0,100.0,空
2026-05-06,3489,森寶,22.0,22.0,21.75,21.9,100,7,0,0,0.74,99.25,100.0,空
2026-05-06,3490,單井,29.7,29.7,28.8,29.3,771,148,0,0,5.19,94.8,100.0,空
2026-05-06,3491,昇達科,1735.0,1740.0,1575.0,1620.0,2129,-448,-4,-28,30.02,69.97,100.0,空
2026-05-06,3492,長盛,22.65,22.65,22.2,22.4,74,0,0,0,0.52,99.47,100.0,空
2026-05-06,3494,誠研,8.23,8.39,8.05,8.05,132,-12,0,2,1.73,98.26,100.0,多
2026-05-06,3498,陽程,102.0,103.5,93.1,98.9,5784,299,0,-61,16.83,83.16,100.0,多
2026-05-06,3499,環天科,15.45,15.5,15.0,15.35,195,-24,0,0,0.59,99.4,100.0,空
2026-05-06,3501,維熹,48.35,48.35,47.35,47.4,143,14,0,2,3.48,96.51,100.0,多
2026-05-06,3504,揚明光,66.8,66.8,63.6,65.0,824,-81,0,-1,3.36,96.63,100.0,空
2026-05-06,3508,位速,21.0,21.85,20.5,20.7,830,65,0,0,0.65,99.34,100.0,空
2026-05-06,3511,矽瑪,23.35,23.4,22.05,22.35,841,-28,0,0,2.9,97.09,100.0,多
2026-05-06,3512,皇龍,20.75,20.75,20.4,20.6,203,-34,0,0,0.5,99.49,100.0,空
2026-05-06,3515,華擎,240.0,244.5,236.0,244.0,1850,370,0,23,7.51,92.48,100.0,多
2026-05-06,3516,亞帝歐,20.4,20.4,19.9,20.05,90,1,0,12,0.55,99.44,100.0,空
2026-05-06,3518,柏騰,38.5,40.0,37.0,38.9,2497,-38,0,73,6.36,93.63,100.0,多
2026-05-06,3520,華盈,14.9,16.1,14.9,15.7,1274,123,0,1,1.76,98.23,100.0,多
2026-05-06,3521,鴻翊,14.95,15.1,13.85,13.9,286,-7,0,0,0.38,99.61,100.0,多
2026-05-06,3521,台鋼建設,14.95,15.1,13.85,13.9,286,-7,0,0,0.38,99.61,100.0,多
2026-05-06,3522,御頂,12.95,12.95,12.35,12.45,72,-2,0,0,0.35,99.64,100.0,多
2026-05-06,3522,御嵿,12.95,12.95,12.35,12.45,72,-2,0,0,0.35,99.64,100.0,多
2026-05-06,3523,迎輝,12.7,12.95,12.6,12.95,6,0,0,0,0.09,99.9,100.0,多
2026-05-06,3526,凡甲,367.0,369.0,335.5,343.5,1721,-40,158,-40,18.52,81.47,100.0,多
2026-05-06,3527,聚積,59.6,61.0,59.1,60.1,440,-32,0,0,6.84,93.15,100.0,多
2026-05-06,3528,安馳,83.5,84.8,82.9,84.3,574,97,0,-3,5.28,94.71,100.0,多
2026-05-06,3529,力旺,4360.0,4400.0,4005.0,4400.0,986,-38,-24,-2,66.18,33.81,100.0,多
2026-05-06,3530,晶相光,71.1,72.8,68.0,70.5,1128,-37,0,12,41.61,58.38,100.0,多
2026-05-06,3531,先益,22.95,22.95,22.95,22.95,4,0,0,0,19.28,80.71,100.0,多
2026-05-06,3532,台勝科,242.0,250.5,214.0,250.5,16611,551,777,-113,49.31,50.68,100.0,多
2026-05-06,3533,嘉澤,2610.0,2735.0,2530.0,2735.0,2293,496,112,46,45.41,54.58,100.0,空
2026-05-06,3535,晶彩科,150.5,151.0,135.0,136.5,21426,-2510,0,4,3.45,96.54,100.0,多
2026-05-06,3537,堡達,43.65,43.9,42.8,43.4,192,-33,0,0,2.11,97.88,100.0,空
2026-05-06,3540,曜越,28.2,28.2,27.2,27.2,428,-73,0,0,2.92,97.07,100.0,多
2026-05-06,3541,西柏,23.4,23.4,23.25,23.3,103,1,0,0,1.02,98.97,100.0,空
2026-05-06,3543,州巧,40.9,40.9,39.1,39.2,1047,-211,0,0,7.58,92.41,100.0,空
2026-05-06,3545,敦泰,54.2,54.2,52.0,53.0,1752,33,5,4,13.32,86.67,100.0,多
2026-05-06,3546,宇峻,69.0,69.2,67.7,68.3,212,-26,0,-2,10.0,89.99,100.0,空
2026-05-06,3548,兆利,106.5,107.0,102.0,104.0,920,-190,0,-33,8.05,91.94,100.0,空
2026-05-06,3550,聯穎,24.25,24.5,21.9,22.25,12506,-569,0,-46,4.31,95.68,100.0,多
2026-05-06,3551,世禾,209.5,212.5,199.5,208.5,3458,-221,0,-90,11.09,88.9,100.0,空
2026-05-06,3552,同致,55.5,55.5,53.8,53.9,306,-70,0,-4,11.52,88.47,100.0,空
2026-05-06,3555,博士旺,250.0,274.5,248.5,249.5,1023,4,0,3,2.02,97.97,100.0,空
2026-05-06,3556,禾瑞亞,53.6,53.7,51.1,52.6,519,-42,0,-48,5.77,94.22,100.0,空
2026-05-06,3557,嘉威,30.65,30.65,30.0,30.1,60,0,0,-1,1.77,98.22,100.0,空
2026-05-06,3558,神準,112.0,113.0,109.0,110.0,218,-34,0,2,4.05,95.94,100.0,多
2026-05-06,3563,牧德,874.0,877.0,805.0,835.0,2695,278,-1,-3,7.8,92.19,100.0,空
2026-05-06,3564,其陽,40.7,41.0,40.0,40.05,272,-53,0,0,3.17,96.82,100.0,空
2026-05-06,3567,逸昌,30.8,30.8,29.15,29.65,453,-19,0,0,2.79,97.2,100.0,多
2026-05-06,3570,大塚,164.0,164.5,163.0,164.0,45,2,0,0,45.47,54.52,100.0,多
2026-05-06,3576,聯合再生,15.75,16.6,15.5,15.65,22315,-3003,0,4,10.88,89.11,100.0,多
2026-05-06,3577,泓格,89.8,90.5,86.5,89.7,176,20,0,6,2.61,97.38,100.0,多
2026-05-06,3580,友威科,99.5,101.0,91.5,92.0,4113,-501,0,0,8.49,91.5,100.0,多
2026-05-06,3581,博磊,238.0,238.0,220.0,234.0,939,77,0,1,16.93,83.06,100.0,多
2026-05-06,3583,辛耘,805.0,812.0,756.0,803.0,3496,642,199,-19,19.87,80.12,100.0,空
2026-05-06,3585,聯致,117.04,142.0,116.0,132.5,6568,50,0,0,0.0,0.0,0.0,多
2026-05-06,3587,閎康,335.5,337.5,309.0,327.0,2932,400,0,-27,10.83,89.16,100.0,空
2026-05-06,3588,通嘉,63.0,63.5,60.5,61.0,835,-51,0,-1,3.5,96.49,100.0,空
2026-05-06,3591,艾笛森,25.15,25.15,23.9,24.65,3406,185,0,1,5.16,94.83,100.0,空
2026-05-06,3592,瑞鼎,241.5,241.5,228.0,235.5,1911,-237,181,-3,16.37,83.62,100.0,空
2026-05-06,3593,力銘,20.0,20.0,19.2,19.2,51,-3,0,0,0.24,99.75,100.0,空
2026-05-06,3594,磐儀,54.9,54.9,51.4,54.7,1720,-62,0,2,2.2,97.79,100.0,多
2026-05-06,3595,山太士,2591.44,2655.0,2450.0,2505.0,489,-1,0,0,0.0,0.0,0.0,空
2026-05-06,3596,智易,168.0,169.0,164.0,169.0,1282,-273,0,-2,31.24,68.75,100.0,多
2026-05-06,3597,映興,27.15,27.15,25.3,25.6,324,-69,0,0,0.93,99.06,100.0,多
2026-05-06,3603,建祥國際,10.15,11.0,10.1,10.55,56,0,0,0,0.0,0.0,0.0,空
2026-05-06,3605,宏致,91.4,91.5,85.5,87.7,13645,-2221,0,-59,11.97,88.02,100.0,多
2026-05-06,3607,谷崧,14.45,14.55,14.2,14.35,315,28,0,0,6.49,93.5,100.0,空
2026-05-06,3609,三一東林,22.8,23.0,22.0,22.2,215,-87,0,0,2.95,97.04,100.0,空
2026-05-06,3611,鼎翰,190.0,190.0,187.5,188.5,69,18,0,0,12.19,87.8,100.0,多
2026-05-06,3615,安可,34.2,35.3,33.0,33.45,3210,-281,0,0,4.3,95.69,100.0,多
2026-05-06,3617,碩天,194.5,198.0,192.0,197.5,532,125,0,10,9.33,90.66,100.0,多
2026-05-06,3622,洋華,57.0,57.0,55.4,55.6,391,-129,0,1,4.02,95.97,100.0,多
2026-05-06,3623,富晶通,23.65,24.65,23.05,23.3,208,-30,0,0,2.76,97.23,100.0,多
2026-05-06,3624,光頡,55.5,56.4,53.2,54.0,1895,-278,0,-5,48.21,51.78,100.0,多
2026-05-06,3625,西勝,16.6,16.6,15.0,15.6,2368,140,0,0,5.54,94.45,100.0,空
2026-05-06,3628,盈正,70.4,70.4,67.9,68.4,150,-39,0,-1,4.98,95.01,100.0,空
2026-05-06,3629,地心引力,16.2,16.45,16.2,16.45,2,0,0,0,0.02,99.97,100.0,多
2026-05-06,3630,新鉅科,28.95,28.95,27.55,27.65,1107,-361,0,-1,41.95,58.04,100.0,空
2026-05-06,3631,晟楠,39.7,39.7,38.75,38.9,110,5,0,0,8.11,91.88,100.0,多
2026-05-06,3632,研勤,8.72,8.73,8.7,8.7,52,0,0,0,0.27,99.72,100.0,空
2026-05-06,3633,云光,143.18,152.5,131.5,134.5,418,-8,0,0,0.0,0.0,0.0,多
2026-05-06,3645,達邁,102.5,103.0,95.0,98.3,9286,-828,-3,-211,13.71,86.28,100.0,空
2026-05-06,3646,艾恩特,23.3,23.3,23.1,23.3,23,0,0,0,6.82,93.17,100.0,空
2026-05-06,3652,精聯,30.45,30.45,29.5,29.8,130,2,0,9,0.62,99.37,100.0,多
2026-05-06,3653,健策,4305.0,4305.0,4305.0,4305.0,920,-121,-100,7,27.77,72.22,100.0,空
2026-05-06,3659,百辰,25.01,25.55,24.7,24.8,72,0,0,0,0.0,0.0,0.0,空
2026-05-06,3661,世芯-KY,4270.0,4565.0,4150.0,4565.0,3304,879,123,155,54.72,45.27,100.0,多
2026-05-06,3663,鑫科,76.0,76.0,70.1,70.3,3510,-988,0,-59,3.02,96.97,100.0,空
2026-05-06,3664,安瑞-KY,5.77,6.46,5.77,6.46,112,0,0,0,37.89,62.1,100.0,多
2026-05-06,3665,貿聯-KY,2885.0,2885.0,2590.0,2745.0,6251,1641,-1392,-38,52.3,47.69,100.0,多
2026-05-06,3666,光耀,26.0,26.0,25.5,25.6,110,-25,0,0,0.26,99.73,100.0,多
2026-05-06,3669,圓展,42.8,42.8,39.5,40.2,840,0,0,-12,2.05,97.94,100.0,多
2026-05-06,3672,康聯訊,11.9,13.15,11.9,11.9,520,8,0,-137,2.42,97.57,100.0,多
2026-05-06,3673,TPK-KY,63.0,63.2,58.1,59.5,13790,-677,0,-513,44.45,55.54,100.0,空
2026-05-06,3675,德微,228.0,229.5,216.5,220.0,1120,-176,0,-29,60.08,39.91,100.0,空
2026-05-06,3678,聯享,65.6,66.7,60.1,62.9,146,-1,0,0,0.0,0.0,0.0,空
2026-05-06,3679,新至陞,120.5,120.5,119.0,119.5,58,2,0,0,8.93,91.06,100.0,空
2026-05-06,3680,家登,587.0,604.0,554.0,581.0,5517,202,0,-56,22.37,77.62,100.0,多
2026-05-06,3684,榮昌,59.4,59.9,58.8,59.0,74,-22,0,0,1.26,98.73,100.0,多
2026-05-06,3685,元創精密,30.45,30.45,29.0,30.4,358,11,0,0,0.36,99.63,100.0,空
2026-05-06,3686,達能,18.3,18.3,17.5,17.6,248,-38,0,2,1.59,98.4,100.0,多
2026-05-06,3687,歐買尬,67.0,67.1,65.7,66.0,127,0,0,0,6.68,93.31,100.0,空
2026-05-06,3689,湧德,142.0,143.0,135.0,142.0,8287,268,0,124,1.13,98.86,100.0,多
2026-05-06,3691,碩禾,136.5,139.5,134.0,136.0,1911,297,0,-41,9.59,90.4,100.0,多
2026-05-06,3693,營邦,691.0,703.0,626.0,664.0,3060,-65,6,-2,10.19,89.8,100.0,空
2026-05-06,3694,海華,62.8,62.8,59.4,60.6,2077,-678,0,-6,4.96,95.03,100.0,空
2026-05-06,3701,大眾控,67.2,67.3,62.4,64.5,6003,-848,0,-132,4.79,95.2,100.0,空
2026-05-06,3702,大聯大,103.5,104.5,102.0,104.0,4524,2185,-326,-270,35.67,64.32,100.0,空
2026-05-06,3703,欣陸,20.6,20.6,20.45,20.55,1091,317,0,-1,20.57,79.42,100.0,空
2026-05-06,3704,合勤控,35.2,35.6,34.35,35.1,2765,-88,0,0,9.5,90.49,100.0,空
2026-05-06,3705,永信,55.5,55.6,55.0,55.6,150,65,0,0,6.64,93.35,100.0,空
2026-05-06,3706,神達,85.3,88.3,83.6,87.8,36666,10966,1,1353,11.33,88.66,100.0,多
2026-05-06,3707,漢磊,77.6,80.3,72.6,73.1,66288,-8400,0,-177,11.95,88.04,100.0,多
2026-05-06,3708,上緯投控,126.0,127.5,119.5,121.0,1442,54,0,-92,5.75,94.24,100.0,多
2026-05-06,3709,鑫聯大投控,85.7,85.9,81.4,82.5,4264,-289,0,11,12.44,87.55,100.0,多
2026-05-06,3710,連展投控,6.84,6.84,6.22,6.47,724,19,0,0,2.37,97.62,100.0,空
2026-05-06,3711,日月光投控,541.0,544.0,514.0,524.0,31498,-936,1171,-351,78.68,21.31,100.0,多
2026-05-06,3712,永崴投控,20.3,20.45,19.95,20.1,636,217,0,-4,1.28,98.71,100.0,多
2026-05-06,3713,新晶投控,14.55,14.55,14.2,14.45,58,-11,0,0,0.42,99.57,100.0,空
2026-05-06,3714,富采,76.0,77.0,69.5,73.3,55637,-7303,0,-163,11.39,88.6,100.0,空
2026-05-06,3715,定穎投控,198.0,200.0,183.0,186.5,44004,1342,54,-662,12.75,87.24,100.0,空
2026-05-06,3716,中化控股,34.0,34.15,33.2,33.45,1091,228,0,0,8.06,91.93,100.0,多
2026-05-06,3717,聯嘉投控,22.9,23.45,22.25,22.9,7636,-277,0,-652,3.63,96.36,100.0,空
2026-05-06,4102,永日,17.7,17.85,17.65,17.85,123,20,0,0,1.41,98.58,100.0,空
2026-05-06,4104,佳醫,70.8,70.8,70.4,70.6,362,-47,0,0,4.02,95.97,100.0,空
2026-05-06,4105,東洋,74.5,74.5,73.1,73.5,997,-660,180,-12,19.73,80.26,100.0,多
2026-05-06,4106,雃博,22.1,22.25,22.1,22.25,106,35,0,5,1.9,98.09,100.0,空
2026-05-06,4107,邦特,115.0,117.0,115.0,116.0,114,-17,0,0,7.38,92.61,100.0,空
2026-05-06,4108,懷特,12.15,12.2,12.0,12.15,187,39,0,-1,1.12,98.87,100.0,空
2026-05-06,4109,加捷生醫,11.65,11.65,11.4,11.45,121,-29,0,0,1.78,98.21,100.0,空
2026-05-06,4111,濟生,29.25,29.5,29.25,29.5,65,-8,0,0,3.43,96.56,100.0,多
2026-05-06,4113,聯上,17.1,17.35,16.1,16.3,1187,-570,0,-6,2.08,97.91,100.0,多
2026-05-06,4114,健喬,30.95,31.05,30.7,30.95,884,83,0,0,6.29,93.7,100.0,空
2026-05-06,4115,善德生技,8.93,11.05,9.34,10.3,384,10,0,0,0.0,0.0,0.0,空
2026-05-06,4116,明基醫,41.0,41.0,39.6,39.6,34,-2,0,0,0.81,99.18,100.0,空
2026-05-06,4119,旭富,47.1,47.7,46.9,47.1,193,13,0,0,5.58,94.41,100.0,空
2026-05-06,4120,友華,46.65,46.9,46.6,46.6,69,1,0,0,6.24,93.75,100.0,空
2026-05-06,4121,優盛,14.6,14.6,14.35,14.35,145,-12,0,0,2.23,97.76,100.0,多
2026-05-06,4123,晟德,38.6,38.65,37.9,38.0,4260,-355,0,3,9.27,90.72,100.0,空
2026-05-06,4126,太醫,80.1,80.1,79.2,79.8,19,-1,0,0,8.99,91.0,100.0,多
2026-05-06,4127,天良,39.9,39.9,38.5,38.75,195,-6,0,0,0.55,99.44,100.0,多
2026-05-06,4128,中天,16.2,16.25,15.4,15.4,1504,-557,0,-33,6.73,93.26,100.0,空
2026-05-06,4129,聯合,98.8,99.0,98.1,99.0,240,-60,0,0,13.5,86.49,100.0,空
2026-05-06,4130,健亞,27.1,27.3,26.65,27.0,154,-43,0,1,1.74,98.25,100.0,空
2026-05-06,4131,浩泰,34.65,37.0,34.65,36.0,85,21,0,0,1.22,98.77,100.0,多
2026-05-06,4133,亞諾法,21.95,21.95,21.6,21.9,149,-7,0,-1,12.54,87.45,100.0,空
2026-05-06,4137,麗豐-KY,106.0,106.5,104.5,106.5,268,45,0,1,56.11,43.88,100.0,空
2026-05-06,4138,曜亞,55.3,55.3,55.0,55.1,98,35,0,0,1.3,98.69,100.0,空
2026-05-06,4139,馬光-KY,23.55,23.95,23.5,23.9,12,0,0,0,19.95,80.04,100.0,空
2026-05-06,4142,國光生,18.15,18.25,17.85,17.95,928,102,0,-6,4.85,95.14,100.0,空
2026-05-06,4147,中裕,49.8,50.1,49.3,49.45,582,-128,0,0,10.17,89.82,100.0,空
2026-05-06,4148,全宇生技-KY,36.85,36.95,36.1,36.45,90,-17,0,-3,71.11,28.88,100.0,空
2026-05-06,4150,優你康,5.48,5.64,5.45,5.57,236,0,0,0,0.0,0.0,0.0,空
2026-05-06,4153,鈺緯,30.45,30.45,30.15,30.2,34,0,0,0,0.38,99.61,100.0,空
2026-05-06,4154,樂威科-KY,12.65,12.95,12.0,12.0,53,0,0,0,27.08,72.91,100.0,空
2026-05-06,4155,訊映,13.3,13.3,13.1,13.2,201,-9,0,0,1.01,98.98,100.0,多
2026-05-06,4157,太景*-KY,10.0,10.05,9.68,9.68,2388,-770,0,0,1.49,98.5,100.0,空
2026-05-06,4160,訊聯基因,43.8,43.8,42.5,42.7,91,1,0,0,0.74,99.25,100.0,多
2026-05-06,4161,聿新科,23.35,23.6,22.9,23.35,122,2,0,0,0.69,99.3,100.0,空
2026-05-06,4162,智擎,56.8,57.3,56.3,56.9,411,29,0,1,11.43,88.56,100.0,多
2026-05-06,4163,鐿鈦,96.1,97.0,95.1,95.1,18,3,0,1,2.72,97.27,100.0,空
2026-05-06,4164,承業醫,29.6,29.7,29.05,29.2,1034,-234,0,-3,21.35,78.64,100.0,空
2026-05-06,4166,友霖,26.35,26.7,25.9,25.9,359,61,0,0,10.66,89.33,100.0,空
2026-05-06,4167,松瑞藥,19.1,19.1,18.6,18.7,845,-270,0,0,10.43,89.56,100.0,空
2026-05-06,4168,醣聯,23.8,23.9,22.4,22.9,295,-13,0,0,4.91,95.08,100.0,多
2026-05-06,4169,泰宗,158.5,159.5,155.0,155.0,285,-24,0,0,6.45,93.54,100.0,多
2026-05-06,4170,鑫品生醫,13.83,14.1,13.6,13.8,18,0,0,0,0.0,0.0,0.0,空
2026-05-06,4171,瑞基,19.3,19.3,18.5,18.6,65,-23,0,0,14.4,85.59,100.0,空
2026-05-06,4172,因華,15.06,15.2,14.05,14.65,523,-15,0,0,0.0,0.0,0.0,空
2026-05-06,4173,久裕,18.8,18.8,18.5,18.5,171,-24,0,0,1.4,98.59,100.0,空
2026-05-06,4174,浩鼎,34.4,37.3,34.3,35.25,2037,-641,0,-4,6.48,93.51,100.0,多
2026-05-06,4175,杏一,54.1,54.1,53.8,53.8,40,0,0,0,0.2,99.79,100.0,空
2026-05-06,4178,永笙-KY,19.15,19.15,18.75,19.0,1167,94,0,0,5.36,94.63,100.0,空
2026-05-06,4183,福永生技,14.3,14.3,13.8,13.85,8,0,0,0,0.0,99.99,100.0,空
2026-05-06,4186,尖端醫,10.53,10.65,10.0,10.5,478,7,0,0,0.0,0.0,0.0,空
2026-05-06,4188,安克,12.0,12.2,11.8,11.95,34,-2,0,0,0.09,99.9,100.0,多
2026-05-06,4190,佐登-KY,25.15,25.15,24.8,25.0,25,-1,0,-1,61.53,38.46,100.0,空
2026-05-06,4192,杏國,20.05,20.45,19.95,20.45,46,0,0,0,0.31,99.68,100.0,多
2026-05-06,4194,禾生技,7.87,8.15,7.4,7.7,102,-3,0,0,0.0,0.0,0.0,空
2026-05-06,4195,基米-創,28.4,29.05,27.65,28.6,506,0,0,0,0.0,0.0,0.0,空
2026-05-06,4197,暐世,11.51,12.1,11.1,11.45,232,-3,0,0,0.0,0.0,0.0,空
2026-05-06,4198,欣大健康,40.4,40.4,40.4,40.4,1,0,0,0,1.17,98.82,100.0,多
2026-05-06,4205,中華食,74.0,74.0,73.8,74.0,49,1,0,0,0.6,99.39,100.0,空
2026-05-06,4207,環泰,17.5,17.5,17.3,17.5,180,-66,0,0,1.37,98.62,100.0,多
2026-05-06,4303,信立,53.2,53.2,52.2,52.3,927,-107,0,0,1.89,98.1,100.0,多
2026-05-06,4304,勝昱,30.5,30.7,30.1,30.1,56,3,0,0,0.03,99.96,100.0,多
2026-05-06,4305,世坤,44.0,44.0,44.0,44.0,2,0,0,0,0.06,99.93,100.0,空
2026-05-06,4306,炎洲,13.15,13.25,13.1,13.1,1237,-114,0,11,4.57,95.42,100.0,空
2026-05-06,4401,東隆興,14.15,14.25,14.1,14.1,72,-5,0,0,1.45,98.54,100.0,空
2026-05-06,4402,郡都開發,14.2,14.2,13.5,13.9,49,-3,0,0,2.29,97.7,100.0,空
2026-05-06,4406,新昕纖,10.0,10.0,10.0,10.0,11,-1,0,0,0.21,99.78,100.0,多
2026-05-06,4413,飛寶企業,18.95,18.95,18.55,18.6,8,-1,0,0,5.73,94.26,100.0,多
2026-05-06,4414,如興,10.25,10.25,9.98,9.99,619,-17,0,-28,26.74,73.25,100.0,空
2026-05-06,4416,三圓,12.75,12.75,12.5,12.6,157,-75,0,-17,1.41,98.58,100.0,多
2026-05-06,4417,金洲,46.7,46.7,46.05,46.3,201,-72,0,0,4.07,95.92,100.0,空
2026-05-06,4419,元勝,45.8,45.9,45.8,45.9,2,0,0,0,0.0,99.99,100.0,多
2026-05-06,4419,皇家美食,45.8,45.9,45.8,45.9,2,0,0,0,0.0,99.99,100.0,多
2026-05-06,4420,光明,42.9,42.9,41.3,41.5,53,-14,0,0,1.08,98.91,100.0,多
2026-05-06,4426,利勤,8.33,8.33,8.11,8.12,185,25,0,-1,2.3,97.69,100.0,空
2026-05-06,4430,耀億,17.1,17.4,17.0,17.05,20,0,0,0,2.27,97.72,100.0,空
2026-05-06,4431,敏成健康,17.13,17.25,16.65,17.25,50,0,0,0,0.0,0.0,0.0,空
2026-05-06,4432,銘旺實,14.2,14.35,14.0,14.35,120,6,0,0,0.96,99.03,100.0,空
2026-05-06,4433,興采,19.9,20.0,19.7,19.8,97,5,0,0,0.12,99.87,100.0,空
2026-05-06,4438,廣越,58.8,58.8,56.2,57.0,105,-30,0,1,2.03,97.96,100.0,多
2026-05-06,4439,冠星-KY,98.0,99.5,98.0,99.4,8,4,0,-1,61.52,38.47,100.0,空
2026-05-06,4440,宜新實業,17.8,17.85,17.65,17.8,49,10,0,0,0.71,99.28,100.0,空
2026-05-06,4441,振大環球,196.5,198.0,192.0,194.0,51,-14,0,1,1.47,98.52,100.0,多
2026-05-06,4442,竣邦-KY,55.6,55.6,55.3,55.6,10,0,0,0,63.28,36.71,100.0,多
2026-05-06,4502,健信,16.0,16.05,15.7,16.05,62,0,0,0,3.87,96.12,100.0,多
2026-05-06,4503,金雨,43.7,44.95,43.6,44.2,222,7,0,0,3.44,96.55,100.0,空
2026-05-06,4506,崇友,119.0,119.0,117.0,118.5,96,11,0,0,3.1,96.89,100.0,空
2026-05-06,4510,高鋒,48.85,49.1,46.15,47.2,3840,-351,0,-39,4.59,95.4,100.0,多
2026-05-06,4513,福裕,15.5,15.5,14.9,14.9,518,-140,0,0,4.46,95.53,100.0,空
2026-05-06,4523,永彰,31.15,31.15,30.45,30.65,294,-121,0,0,2.58,97.41,100.0,多
2026-05-06,4526,東台,40.0,40.0,36.8,37.0,15596,-2851,0,-159,4.7,95.29,100.0,多
2026-05-06,4527,方土霖,43.85,43.9,42.75,42.75,24,0,0,0,2.02,97.97,100.0,空
2026-05-06,4528,江興鍛,15.45,15.75,15.45,15.75,52,7,0,0,0.13,99.86,100.0,空
2026-05-06,4529,淳紳,5.01,5.01,4.7,4.9,91,0,0,0,38.04,61.95,100.0,多
2026-05-06,4530,宏易,25.4,25.4,25.4,25.4,4,0,0,1,2.99,97.0,100.0,空
2026-05-06,4532,瑞智,23.25,23.25,22.8,22.85,792,-255,-19,1,16.6,83.39,100.0,空
2026-05-06,4533,協易機,32.75,32.8,31.15,31.7,2820,-720,0,-53,8.53,91.46,100.0,多
2026-05-06,4534,慶騰,24.6,24.6,23.6,23.9,787,-77,0,0,0.65,99.34,100.0,空
2026-05-06,4535,至興,27.35,27.35,27.3,27.35,9,0,0,0,0.1,99.89,100.0,空
2026-05-06,4536,拓凱,151.5,152.5,150.0,151.0,299,-57,0,0,12.37,87.62,100.0,空
2026-05-06,4537,旭東,157.98,187.0,157.5,185.0,997,151,0,0,0.0,0.0,0.0,空
2026-05-06,4538,大詠城,18.6,18.7,18.3,18.5,27,0,0,0,0.12,99.87,100.0,空
2026-05-06,4540,全球傳動,69.7,70.6,65.5,68.9,13811,165,0,-26,10.56,89.43,100.0,多
2026-05-06,4541,晟田,51.7,51.7,48.1,48.7,2613,-965,0,-53,7.01,92.98,100.0,多
2026-05-06,4542,科嶠,264.0,264.0,217.0,232.0,2300,89,0,29,8.13,91.86,100.0,多
2026-05-06,4543,萬在,41.9,42.0,40.6,40.75,634,-19,0,-7,9.36,90.63,100.0,多
2026-05-06,4544,春日,16.1,16.05,16.05,16.05,5,0,0,0,0.0,0.0,0.0,空
2026-05-06,4545,銘鈺,31.95,31.95,29.2,29.85,227,-36,0,2,29.12,70.87,100.0,多
2026-05-06,4546,長亨,122.83,125.5,120.0,123.5,24,0,0,0,0.0,0.0,0.0,空
2026-05-06,4549,桓達,104.0,109.0,101.5,108.5,452,24,0,0,4.21,95.78,100.0,多
2026-05-06,4550,長佳,24.75,24.75,24.45,24.6,29,-1,0,0,1.58,98.41,100.0,多
2026-05-06,4551,智伸科,144.5,144.5,132.0,135.0,1048,-451,0,-25,51.49,48.5,100.0,空
2026-05-06,4552,力達-KY,20.0,20.2,19.9,20.1,118,29,0,5,42.94,57.05,100.0,空
2026-05-06,4553,盛復,24.39,24.0,20.3,21.2,91,-4,0,0,0.0,0.0,0.0,空
2026-05-06,4554,橙的,30.55,30.55,29.85,29.95,79,0,0,0,24.47,75.52,100.0,空
2026-05-06,4555,氣立,42.45,45.5,41.5,42.4,1945,-357,0,-5,1.62,98.37,100.0,多
2026-05-06,4556,旭然,41.3,43.25,39.6,43.25,2340,99,0,1,10.93,89.06,100.0,多
2026-05-06,4557,永新-KY,55.6,55.6,51.7,52.4,360,-158,0,1,31.13,68.86,100.0,多
2026-05-06,4558,寶緯,19.1,19.3,18.95,19.0,44,-10,0,0,0.47,99.53,100.0,空
2026-05-06,4559,久裕興,9.45,9.74,9.02,9.35,26,0,0,0,0.0,0.0,0.0,空
2026-05-06,4560,強信-KY,35.85,35.95,34.95,35.0,245,36,0,-9,84.88,15.11,100.0,多
2026-05-06,4561,健椿,44.3,44.35,42.65,44.2,1180,105,0,0,2.74,97.25,100.0,多
2026-05-06,4562,穎漢,40.35,40.5,37.65,38.1,3033,-357,0,-2,1.59,98.4,100.0,多
2026-05-06,4563,百德,50.3,53.0,49.5,50.0,1036,-39,0,0,2.57,97.42,100.0,多
2026-05-06,4564,元翎,18.6,18.95,18.55,18.8,705,52,0,-11,2.73,97.26,100.0,空
2026-05-06,4565,宏偉,104.83,107.0,105.0,107.0,9,0,0,0,0.0,0.0,0.0,空
2026-05-06,4566,時碩工業,71.2,71.3,66.9,67.8,2129,25,0,0,1.81,98.18,100.0,空
2026-05-06,4568,科際精密,40.3,41.05,40.25,41.05,14,2,0,0,20.1,79.89,100.0,多
2026-05-06,4569,六方科-KY,183.5,183.5,171.0,173.0,201,37,0,0,67.36,32.63,100.0,空
2026-05-06,4570,傑生,70.25,70.5,70.0,70.0,1,0,0,0,0.0,0.0,0.0,多
2026-05-06,4571,鈞興-KY,201.0,201.0,190.0,191.0,1218,2,-1,-13,60.49,39.5,100.0,多
2026-05-06,4572,駐龍,151.0,151.0,147.0,150.5,60,24,0,0,2.01,97.98,100.0,多
2026-05-06,4573,高明鐵,506.63,513.0,450.0,470.5,1402,9,0,0,0.0,0.0,0.0,空
2026-05-06,4575,銓寶,27.18,28.0,27.0,28.0,89,1,0,0,0.0,0.0,0.0,空
2026-05-06,4576,大銀微系統,237.0,240.5,220.0,233.0,7157,572,0,-4,3.63,96.36,100.0,多
2026-05-06,4577,達航科技,169.0,170.0,157.0,160.0,1648,-111,0,0,2.27,97.72,100.0,空
2026-05-06,4580,捷流閥業,81.9,82.1,81.3,81.5,53,-1,0,0,3.64,96.35,100.0,多
2026-05-06,4581,光隆精密-KY,50.4,52.8,50.4,50.7,85,-4,0,14,23.96,76.03,100.0,空
2026-05-06,4582,聚恆-創,34.91,35.5,33.65,33.85,211,0,0,0,0.0,0.0,0.0,空
2026-05-06,4583,台灣精銳,769.0,770.0,721.0,745.0,285,5,0,-18,1.48,98.51,100.0,多
2026-05-06,4584,君帆,40.6,40.6,40.35,40.35,3,0,0,0,0.0,99.99,100.0,多
2026-05-06,4585,達明,345.5,356.0,331.0,338.0,973,35,0,-9,0.58,99.41,100.0,多
2026-05-06,4587,寶元數控,55.38,76.0,55.6,67.8,842,15,0,0,0.0,0.0,0.0,多
2026-05-06,4588,玖鼎電力,61.5,61.6,59.1,60.2,130,3,0,1,3.43,96.56,100.0,多
2026-05-06,4589,碩陽電機,38.84,40.0,36.65,38.45,28,-2,0,0,0.0,0.0,0.0,空
2026-05-06,4590,富田-創,80.8,81.8,77.4,78.2,476,-137,0,-1,1.67,98.32,100.0,多
2026-05-06,4609,唐鋒,5.53,5.53,5.08,5.1,19,0,0,0,0.0,99.99,100.0,多
2026-05-06,4702,中美實,9.63,9.9,9.56,9.71,155,-12,0,0,43.57,56.42,100.0,空
2026-05-06,4706,大恭,31.5,31.5,30.3,30.85,8,0,0,0,29.42,70.57,100.0,空
2026-05-06,4707,磐亞,15.0,15.15,14.75,15.15,2224,518,0,-14,1.69,98.3,100.0,空
2026-05-06,4711,永純,15.65,15.75,15.5,15.65,115,-1,0,0,0.85,99.14,100.0,空
2026-05-06,4714,永捷,15.2,15.2,14.85,14.85,859,-213,0,20,10.4,89.59,100.0,空
2026-05-06,4716,大立,14.8,14.9,14.4,14.45,428,-47,0,-14,3.43,96.56,100.0,空
2026-05-06,4720,德淵,26.3,26.75,25.0,25.4,3848,499,-2,-2,6.55,93.44,100.0,空
2026-05-06,4721,美琪瑪,90.0,94.9,88.5,93.3,7488,-361,0,224,8.81,91.18,100.0,空
2026-05-06,4722,國精化,193.0,206.0,179.0,202.5,7459,-253,0,175,4.73,95.26,100.0,多
2026-05-06,4724,宣捷幹細胞,12.88,13.15,12.6,12.85,158,0,0,0,0.0,0.0,0.0,空
2026-05-06,4726,永昕,29.35,29.35,28.6,28.6,288,-91,0,0,20.79,79.2,100.0,空
2026-05-06,4728,雙美,383.5,383.5,383.5,383.5,2,0,0,0,19.5,80.49,100.0,空
2026-05-06,4729,熒茂,19.65,19.8,19.55,19.7,99,-5,0,0,1.89,98.1,100.0,空
2026-05-06,4732,彥臣,19.7,19.5,18.65,18.9,73,0,0,0,0.0,0.0,0.0,多
2026-05-06,4735,豪展,30.0,30.0,30.0,30.0,6,0,0,0,0.16,99.83,100.0,空
2026-05-06,4736,泰博,126.5,129.0,125.0,129.0,598,-117,0,1,5.63,94.36,100.0,多
2026-05-06,4737,華廣,60.0,60.0,56.6,57.3,117,20,0,-1,28.95,71.04,100.0,空
2026-05-06,4738,大同精化,9.63,10.3,9.31,9.6,991,0,0,0,0.0,0.0,0.0,空
2026-05-06,4739,康普,93.0,95.6,88.8,90.9,5736,-344,0,-8,6.27,93.72,100.0,空
2026-05-06,4741,泓瀚,59.0,63.2,56.3,63.2,4466,-30,0,0,2.22,97.77,100.0,空
2026-05-06,4743,合一,59.0,59.0,54.1,54.1,4088,-1516,0,-9,13.67,86.32,100.0,多
2026-05-06,4744,皇將,32.35,32.75,31.85,31.9,433,-80,0,-8,4.69,95.3,100.0,多
2026-05-06,4745,合富-KY,20.05,20.15,20.05,20.1,727,-395,0,0,9.66,90.33,100.0,多
2026-05-06,4746,台耀,55.3,56.2,54.4,55.4,1712,-215,200,-5,10.69,89.3,100.0,多
2026-05-06,4747,強生,55.1,55.2,54.2,55.1,89,0,0,0,1.31,98.68,100.0,多
2026-05-06,4749,新應材,993.0,1030.0,953.0,1010.0,6347,605,-903,142,21.8,78.19,100.0,多
2026-05-06,4754,國碳科,37.1,37.1,37.0,37.1,24,0,0,0,0.23,99.76,100.0,多
2026-05-06,4755,三福化,149.0,149.5,142.0,147.0,809,-154,0,-3,23.99,76.0,100.0,空
2026-05-06,4760,勤凱,240.0,245.0,221.0,243.0,2210,-343,0,57,19.18,80.81,100.0,空
2026-05-06,4763,材料*-KY,43.85,43.85,42.55,42.75,5509,-1488,11,-95,46.66,53.33,100.0,空
2026-05-06,4764,雙鍵,334.0,342.0,325.0,342.0,3707,-415,0,-116,30.89,69.1,100.0,多
2026-05-06,4765,磐采,20.67,22.5,20.95,20.95,45,5,0,0,0.0,0.0,0.0,空
2026-05-06,4766,南寶,368.5,371.5,356.5,366.5,1400,-138,-8,11,14.97,85.02,100.0,多
2026-05-06,4767,誠泰科技,26.4,27.3,26.3,26.45,13,-1,0,0,0.04,99.95,100.0,空
2026-05-06,4768,晶呈科技,537.0,539.0,505.0,521.0,523,0,0,15,16.32,83.67,100.0,多
2026-05-06,4770,上品,237.0,237.0,225.0,227.5,547,-63,0,-11,6.96,93.03,100.0,多
2026-05-06,4771,望隼,194.0,195.0,190.0,193.0,659,198,0,8,5.86,94.13,100.0,空
2026-05-06,4772,台特化,311.5,313.0,301.0,306.5,2806,-254,0,5,11.33,88.66,100.0,多
2026-05-06,4806,桂田文創,10.4,10.4,10.2,10.3,9,0,0,0,1.88,98.11,100.0,空
2026-05-06,4807,日成-KY,21.55,23.1,20.6,21.35,450,26,0,-6,66.58,33.41,100.0,多
2026-05-06,4903,聯光通,46.1,46.4,44.0,44.6,2623,-183,0,0,2.2,97.79,100.0,空
2026-05-06,4904,遠傳,96.8,96.8,95.1,95.1,5452,-116,-1348,19,22.31,26.51,49.0,空
2026-05-06,4905,台聯電,80.2,80.2,77.4,79.5,46,2,0,-3,9.66,90.33,100.0,空
2026-05-06,4906,正文,36.25,36.25,34.25,35.2,11226,-460,-10,-40,9.11,90.88,100.0,空
2026-05-06,4907,富宇,37.5,37.8,37.0,37.8,24,-6,0,0,0.18,99.81,100.0,空
2026-05-06,4908,前鼎,267.5,274.5,230.5,246.5,9183,-708,250,-108,10.79,89.2,100.0,多
2026-05-06,4909,新復興,57.0,57.1,54.5,55.0,1131,-190,0,-6,8.69,91.3,100.0,空
2026-05-06,4911,德英,34.65,34.65,34.1,34.55,43,0,0,0,0.33,99.66,100.0,空
2026-05-06,4912,聯德控股-KY,83.2,83.6,80.2,83.1,470,-59,0,-1,24.18,75.81,100.0,空
2026-05-06,4915,致伸,74.7,75.0,73.8,74.8,2783,-397,148,-6,38.04,61.93,100.0,多
2026-05-06,4916,事欣科,66.0,66.0,62.6,63.3,4187,-572,0,-78,10.98,89.01,100.0,空
2026-05-06,4919,新唐,172.0,172.0,153.0,161.0,9011,103,8,7,10.87,89.12,100.0,多
2026-05-06,4923,力士,37.45,37.55,35.5,37.4,259,47,0,-3,0.5,99.49,100.0,多
2026-05-06,4924,欣厚-KY,10.45,10.85,10.45,10.45,27,0,0,2,38.19,61.8,100.0,多
2026-05-06,4925,智微,203.37,227.5,201.0,204.5,1708,-21,0,0,0.0,0.0,0.0,多
2026-05-06,4927,泰鼎-KY,58.7,61.4,55.7,57.3,28573,-1688,0,61,10.79,89.2,100.0,多
2026-05-06,4930,燦星網,18.2,18.2,17.9,18.0,104,14,0,2,2.02,97.97,100.0,空
2026-05-06,4931,新盛力,157.0,169.0,153.0,166.5,11902,182,0,181,12.26,87.73,100.0,多
2026-05-06,4933,友輝,72.1,74.5,70.5,73.5,2062,-42,0,-2,7.01,92.98,100.0,多
2026-05-06,4934,太極,18.3,19.4,18.1,18.45,6953,-1236,0,8,1.9,98.09,100.0,多
2026-05-06,4935,茂林-KY,38.65,38.65,37.45,37.55,82,8,0,3,26.84,73.15,100.0,空
2026-05-06,4938,和碩,82.3,83.6,81.7,83.6,11744,3644,-419,55,31.87,68.12,100.0,空
2026-05-06,4939,亞電,44.0,44.0,42.5,43.0,1852,-84,0,-110,8.65,91.34,100.0,多
2026-05-06,4942,嘉彰,38.4,38.4,37.7,37.9,112,0,0,2,6.75,93.24,100.0,空
2026-05-06,4943,康控-KY,9.17,9.46,9.17,9.2,22,0,0,0,15.6,84.39,100.0,空
2026-05-06,4946,辣椒,114.0,114.0,110.0,111.0,40,-2,0,0,4.08,95.91,100.0,多
2026-05-06,4949,有成精密,102.0,103.5,95.0,96.2,3577,222,-2,-22,3.39,96.6,100.0,多
2026-05-06,4950,金耘國際,18.2,18.65,17.9,18.4,62,-3,0,0,0.05,99.94,100.0,多
2026-05-06,4951,精拓科,132.0,143.0,126.5,131.0,3339,-9,0,-5,4.96,95.03,100.0,多
2026-05-06,4952,凌通,47.9,48.3,46.75,47.1,658,-67,0,0,5.4,94.59,100.0,空
2026-05-06,4953,緯軟,123.5,126.5,121.5,123.5,952,-175,9,13,11.46,88.53,100.0,多
2026-05-06,4956,光鋐,50.3,50.3,47.55,48.0,2132,-124,-2,-109,13.43,86.56,100.0,空
2026-05-06,4958,臻鼎-KY,435.0,440.0,400.0,412.0,56667,3280,-320,-323,59.28,40.71,100.0,多
2026-05-06,4960,誠美材,42.6,42.7,40.8,41.05,4366,-1047,0,169,22.39,77.6,100.0,多
2026-05-06,4961,天鈺,160.0,160.5,155.0,156.5,1037,-169,-1,-4,18.09,81.9,100.0,空
2026-05-06,4966,譜瑞-KY,569.0,576.0,553.0,574.0,1478,-89,70,3,26.88,73.11,100.0,空
2026-05-06,4967,十銓,303.5,313.0,292.5,298.0,31955,-1774,0,-118,12.74,87.25,100.0,多
2026-05-06,4968,立積,122.5,123.0,117.0,117.5,2325,-614,7,-25,3.91,96.08,100.0,多
2026-05-06,4971,IET-KY,819.0,819.0,733.0,800.0,468,-28,0,49,31.02,68.97,100.0,空
2026-05-06,4972,湯石照明,16.5,16.55,16.4,16.5,252,-159,0,0,2.18,97.81,100.0,空
2026-05-06,4973,廣穎,92.5,96.4,91.7,91.7,12273,1574,0,32,5.54,94.45,100.0,空
2026-05-06,4974,亞泰,75.0,75.2,72.7,74.3,290,-36,0,0,3.84,96.15,100.0,多
2026-05-06,4976,佳凌,29.65,29.65,28.45,28.7,560,-209,0,-7,3.1,96.89,100.0,空
2026-05-06,4977,眾達-KY,235.5,235.5,216.0,223.0,10391,-626,-2,-183,18.41,81.58,100.0,空
2026-05-06,4979,華星光,745.0,762.0,654.0,703.0,19854,-1964,1003,-193,15.04,84.95,100.0,多
2026-05-06,4980,佐臻,36.37,41.35,36.15,38.15,436,-5,0,0,0.0,0.0,0.0,多
2026-05-06,4987,科誠,81.5,81.5,81.5,81.5,22,0,0,0,3.17,96.82,100.0,空
2026-05-06,4989,榮科,107.5,108.0,100.0,105.0,10488,739,0,-88,9.22,90.77,100.0,空
2026-05-06,4991,環宇-KY,752.0,771.0,685.0,725.0,11817,-463,-35,-130,14.94,85.05,100.0,多
2026-05-06,4994,傳奇,96.4,98.0,95.8,98.0,18,3,0,-2,2.8,97.19,100.0,空
2026-05-06,4995,晶達,44.7,45.0,43.85,45.0,112,3,0,0,0.52,99.47,100.0,多
2026-05-06,4999,鑫禾,21.25,21.45,21.15,21.15,82,14,0,0,1.67,98.32,100.0,空
2026-05-06,5007,三星,58.0,58.5,57.3,58.3,96,46,0,1,2.95,97.04,100.0,多
2026-05-06,5009,榮剛,35.0,35.3,34.2,35.1,5784,1252,500,300,10.2,89.79,100.0,多
2026-05-06,5011,久陽,15.4,15.4,14.85,15.05,357,-9,0,0,1.72,98.27,100.0,多
2026-05-06,5013,強新,28.7,28.75,27.9,27.9,24,-2,0,0,12.22,87.77,100.0,多
2026-05-06,5014,建錩,9.47,9.47,9.31,9.42,434,-24,0,0,2.11,97.88,100.0,空
2026-05-06,5015,華祺,23.5,23.5,23.2,23.4,45,15,0,0,6.67,93.32,100.0,多
2026-05-06,5016,松和,25.8,25.95,25.65,25.65,45,-2,0,0,0.33,99.66,100.0,空
2026-05-06,5201,凱衛,31.25,31.25,30.35,30.7,48,-16,0,0,7.21,92.78,100.0,空
2026-05-06,5202,力新,13.2,13.2,12.95,13.0,250,-26,0,0,1.22,98.77,100.0,空
2026-05-06,5203,訊連,67.6,67.6,65.2,65.8,287,-88,0,0,12.14,87.85,100.0,多
2026-05-06,5205,中茂,21.2,21.65,20.15,21.65,11,0,0,0,0.04,99.95,100.0,空
2026-05-06,5206,坤悅,23.6,23.6,22.85,23.15,129,-24,0,0,6.31,93.68,100.0,空
2026-05-06,5209,新鼎,165.0,165.5,163.0,165.5,15,-6,0,0,1.88,98.11,100.0,多
2026-05-06,5210,寶碩,28.5,29.5,27.4,28.6,1797,-49,0,-1,0.52,99.47,100.0,多
2026-05-06,5211,蒙恬,20.1,20.25,20.1,20.2,103,0,0,0,8.42,91.57,100.0,空
2026-05-06,5212,凌網,46.5,46.6,46.1,46.5,16,4,0,0,21.86,78.13,100.0,空
2026-05-06,5213,亞昕,25.6,26.05,25.6,25.65,812,96,0,6,0.95,99.04,100.0,空
2026-05-06,5215,科嘉-KY,37.6,38.2,37.5,37.95,74,28,0,0,25.57,74.42,100.0,空
2026-05-06,5220,萬達光電,20.55,20.55,20.0,20.25,64,-3,0,0,0.27,99.72,100.0,空
2026-05-06,5222,全訊,139.5,139.5,133.0,134.0,509,-71,1,-7,5.03,4.96,10.0,空
2026-05-06,5223,安力-KY,25.2,25.25,25.0,25.0,53,-4,0,0,42.01,57.98,100.0,多
2026-05-06,5225,東科-KY,77.9,78.0,76.9,76.9,248,-30,0,0,40.29,59.7,100.0,多
2026-05-06,5227,立凱-KY,21.6,21.6,20.7,20.7,130,13,0,0,12.42,87.57,100.0,多
2026-05-06,5228,鈺鎧,33.35,34.8,32.25,33.05,751,-23,0,-6,2.24,97.75,100.0,空
2026-05-06,5230,雷笛克光學,17.3,17.3,16.8,16.9,222,0,0,0,1.85,98.14,100.0,空
2026-05-06,5234,達興材料,432.5,433.5,400.0,413.5,1078,-159,-5,-2,10.94,89.05,100.0,空
2026-05-06,5236,凌陽創新,165.0,165.0,161.5,164.5,348,62,2,-3,4.26,95.73,100.0,多
2026-05-06,5240,建騰,28.21,29.35,27.9,28.1,56,0,0,0,0.0,0.0,0.0,空
2026-05-06,5243,乙盛-KY,110.5,110.5,101.5,104.5,6640,-171,-1,-507,57.01,42.98,100.0,空
2026-05-06,5244,弘凱,42.7,42.7,40.7,40.9,909,-300,0,0,2.08,97.91,100.0,空
2026-05-06,5245,智晶,24.35,24.35,23.9,24.0,53,10,0,0,3.8,96.19,100.0,多
2026-05-06,5246,勵威,215.97,230.0,199.0,209.5,1119,0,0,0,0.0,0.0,0.0,空
2026-05-06,5248,景傳,60.28,60.2,55.7,58.1,398,11,0,0,0.0,0.0,0.0,空
2026-05-06,5251,天鉞電,29.05,29.2,28.5,28.6,109,-17,0,0,28.68,71.31,100.0,空
2026-05-06,5254,欣訊科技,34.08,34.5,33.5,34.3,21,0,0,0,0.0,0.0,0.0,空
2026-05-06,5258,虹堡,49.9,49.9,48.05,48.45,565,-174,0,-4,6.53,93.46,100.0,空
2026-05-06,5262,立達,49.39,52.4,49.0,51.8,368,-7,0,0,0.0,0.0,0.0,空
2026-05-06,5263,智崴,103.0,106.5,99.5,104.0,478,-94,0,16,14.62,85.37,100.0,多
2026-05-06,5267,龍翩,70.14,72.6,65.9,67.2,391,-2,0,0,0.0,0.0,0.0,多
2026-05-06,5269,祥碩,1380.0,1380.0,1295.0,1340.0,1793,137,10,0,9.18,90.81,100.0,多
2026-05-06,5271,紘通,23.2,23.6,21.85,23.0,2649,-35,0,0,0.0,0.0,0.0,空
2026-05-06,5272,笙科,25.3,25.3,23.9,24.4,489,-102,0,0,3.31,96.68,100.0,空
2026-05-06,5274,信驊,18550.0,19195.0,17790.0,18700.0,428,51,25,0,52.58,47.41,100.0,多
2026-05-06,5276,達輝-KY,22.1,22.15,20.6,21.2,98,2,0,6,76.99,23.0,100.0,多
2026-05-06,5278,尚凡,23.45,23.5,23.15,23.35,600,43,0,0,1.83,98.16,100.0,多
2026-05-06,5278,尚凡*,23.45,23.5,23.15,23.35,600,43,0,0,1.83,98.16,100.0,多
2026-05-06,5283,禾聯碩,52.4,53.0,52.0,53.0,183,26,0,1,1.28,98.71,100.0,空
2026-05-06,5284,jpp-KY,365.5,367.5,345.5,356.0,2465,-314,0,-102,54.85,45.14,100.0,多
2026-05-06,5285,界霖,56.5,56.7,55.0,55.9,354,46,0,0,3.88,96.11,100.0,多
2026-05-06,5287,數字,152.5,152.5,150.5,151.0,238,-115,0,0,16.58,83.41,100.0,空
2026-05-06,5288,豐祥-KY,168.0,168.0,154.0,156.0,905,-201,0,3,59.78,40.21,100.0,空
2026-05-06,5289,宜鼎,1560.0,1560.0,1430.0,1475.0,8127,-713,314,-14,26.76,73.23,100.0,多
2026-05-06,5291,邑昇,69.5,69.5,63.8,65.0,1419,-317,0,-10,0.98,99.01,100.0,空
2026-05-06,5292,華懋,231.5,233.5,225.0,231.5,321,-8,-1,0,6.75,93.24,100.0,空
2026-05-06,5297,廣化,181.84,183.0,153.0,167.0,1696,37,0,0,0.0,0.0,0.0,空
2026-05-06,5299,杰力,93.7,94.1,91.4,92.3,335,-33,0,0,2.98,97.01,100.0,多
2026-05-06,5301,寶得利,7.8,8.18,7.8,7.86,37,0,0,0,2.1,97.89,100.0,多
2026-05-06,5302,太欣,11.55,11.85,11.4,11.5,821,-84,0,0,0.78,99.21,100.0,多
2026-05-06,5306,桂盟,81.5,81.9,79.8,80.3,219,12,0,1,12.27,87.72,100.0,空
2026-05-06,5309,系統電,65.0,65.5,61.5,63.2,8672,-61,0,-245,3.43,96.56,100.0,多
2026-05-06,5310,天剛,22.1,22.5,22.1,22.5,6,0,0,0,0.06,99.93,100.0,空
2026-05-06,5312,寶島科,97.0,97.4,96.6,96.9,33,-10,0,0,7.95,92.04,100.0,空
2026-05-06,5314,世紀*,74.6,74.6,71.9,72.1,4586,-875,1,-18,12.39,87.6,100.0,空
2026-05-06,5315,光聯,22.5,22.5,22.15,22.2,687,-390,0,0,10.46,89.53,100.0,空
2026-05-06,5321,美而快,21.8,23.45,21.45,21.75,292,-30,0,0,0.91,99.08,100.0,空
2026-05-06,5324,士開,10.65,10.65,10.6,10.6,177,-3,0,0,5.26,94.73,100.0,空
2026-05-06,5328,華容,26.8,27.2,25.7,26.0,5412,-681,0,3,5.05,94.94,100.0,多
2026-05-06,5340,建榮,127.0,132.0,118.0,118.5,11335,-2890,0,-346,50.94,49.05,100.0,多
2026-05-06,5344,立衛,16.45,16.8,16.2,16.25,60,-2,0,0,0.12,99.87,100.0,空
2026-05-06,5345,天揚,20.95,21.2,20.8,21.2,9,0,0,0,0.0,99.99,100.0,多
2026-05-06,5345,馥鴻,20.95,21.2,20.8,21.2,9,0,0,0,0.0,99.99,100.0,多
2026-05-06,5347,世界,169.0,169.0,165.5,169.0,55462,14977,2213,147,22.99,77.0,100.0,多
2026-05-06,5348,正能量智能,14.95,14.95,14.5,14.85,26,0,0,0,0.02,99.97,100.0,多
2026-05-06,5351,鈺創,81.0,81.5,78.3,78.5,43683,7730,25,22,32.19,67.8,100.0,多
2026-05-06,5353,台林,27.1,28.45,26.8,26.9,212,-6,0,0,0.62,99.37,100.0,多
2026-05-06,5355,佳總,6.72,6.83,6.66,6.83,118,0,0,0,0.2,99.79,100.0,多
2026-05-06,5356,協益,27.0,27.15,26.65,26.75,101,-5,0,0,3.33,96.66,100.0,空
2026-05-06,5364,力麗店,9.87,9.91,9.83,9.87,49,-7,0,0,0.52,99.47,100.0,空
2026-05-06,5371,中光電,75.6,75.6,71.1,73.2,6204,-1355,500,-153,17.11,82.88,100.0,空
2026-05-06,5381,光譜,24.0,24.0,23.45,23.65,604,-57,0,0,2.71,97.28,100.0,多
2026-05-06,5386,青雲,472.5,481.0,446.0,475.0,5733,-242,0,-23,6.84,93.15,100.0,多
2026-05-06,5388,中磊,79.9,79.9,77.5,78.4,4823,-212,0,-27,15.6,84.38,100.0,空
2026-05-06,5392,能率,43.3,43.75,41.9,42.05,3982,-128,0,-62,8.89,91.1,100.0,多
2026-05-06,5398,慕康生醫,20.4,20.4,19.8,20.0,61,14,0,0,5.69,94.3,100.0,空
2026-05-06,5403,中菲,96.6,96.6,95.4,95.5,76,-43,0,0,6.03,93.96,100.0,多
2026-05-06,5410,國眾,33.5,35.2,33.35,34.8,1077,31,0,0,8.4,91.59,100.0,多
2026-05-06,5425,台半,68.9,70.9,67.2,68.5,21466,4512,0,520,22.14,77.85,100.0,多
2026-05-06,5426,振發,18.2,18.45,17.75,17.9,431,-151,0,0,3.9,96.09,100.0,空
2026-05-06,5432,新門,142.0,142.5,137.0,137.0,137,-18,0,0,1.04,98.95,100.0,多
2026-05-06,5434,崇越,416.5,426.0,415.5,425.0,749,0,1,-41,31.73,68.26,100.0,空
2026-05-06,5438,東友,19.6,19.65,19.25,19.65,100,-19,0,0,1.23,98.76,100.0,多
2026-05-06,5439,高技,414.0,415.5,391.0,406.0,6898,-613,731,-34,37.16,62.83,100.0,空
2026-05-06,5443,均豪,136.0,137.0,125.0,129.0,10220,-325,75,-432,9.2,90.79,100.0,多
2026-05-06,5450,寶聯通,13.1,13.1,12.75,12.8,82,0,0,0,0.13,99.86,100.0,空
2026-05-06,5450,南良,13.1,13.1,12.75,12.8,82,0,0,0,0.13,99.86,100.0,空
2026-05-06,5452,佶優,33.85,34.5,32.45,33.6,3175,-47,0,18,13.68,86.31,100.0,空
2026-05-06,5455,昇益,25.5,25.6,24.25,25.0,115,-5,0,0,0.1,99.89,100.0,多
2026-05-06,5457,宣德,37.7,37.7,36.05,36.5,643,-31,0,-24,29.48,70.51,100.0,空
2026-05-06,5460,同協,14.6,15.2,14.6,15.0,54,4,0,0,0.38,99.61,100.0,空
2026-05-06,5464,霖宏,43.35,43.35,43.35,43.35,1425,-105,0,10,2.24,97.75,100.0,多
2026-05-06,5465,富驊,24.7,24.8,24.5,24.65,124,-5,0,0,2.22,97.77,100.0,空
2026-05-06,5468,凱鈺,18.25,18.25,17.85,18.0,104,0,0,0,0.19,99.8,100.0,空
2026-05-06,5469,瀚宇博,85.5,85.7,82.5,83.7,4326,-589,0,-14,11.7,88.29,100.0,空
2026-05-06,5471,松翰,45.1,45.2,43.2,43.9,1078,-121,0,3,12.44,87.55,100.0,多
2026-05-06,5474,聰泰,180.0,185.0,170.5,175.5,2437,-139,0,-9,1.81,98.18,100.0,多
2026-05-06,5475,德宏,388.0,390.5,360.0,378.5,1561,-53,0,-4,5.81,94.18,100.0,空
2026-05-06,5478,智冠,97.0,97.6,96.4,96.6,110,-37,0,0,17.95,82.04,100.0,多
2026-05-06,5481,新華,21.95,21.95,20.6,20.6,205,-29,0,0,25.91,74.08,100.0,空
2026-05-06,5483,中美晶,145.5,149.5,140.0,145.5,35602,-4114,5615,10,27.37,72.62,100.0,多
2026-05-06,5484,慧友,39.8,39.8,38.05,38.6,456,-76,-1,0,1.22,98.77,100.0,多
2026-05-06,5487,通泰,29.3,29.35,28.85,28.85,17,-2,0,1,0.56,99.43,100.0,空
2026-05-06,5488,松普,10.15,10.15,9.96,10.1,212,-15,0,0,0.99,99.0,100.0,空
2026-05-06,5489,彩富,40.55,40.75,40.15,40.55,75,-5,0,0,1.43,98.56,100.0,空
2026-05-06,5490,同亨,28.1,28.35,27.65,28.05,980,118,0,0,6.12,93.87,100.0,多
2026-05-06,5493,三聯,91.5,91.5,86.5,87.0,441,-38,0,-3,2.92,97.07,100.0,多
2026-05-06,5498,凱崴,82.1,82.1,72.0,74.9,3884,-302,0,60,4.9,95.09,100.0,多
2026-05-06,5508,永信建,49.5,49.75,49.1,49.3,326,56,0,0,7.23,92.76,100.0,多
2026-05-06,5511,德昌,70.0,70.4,69.8,70.1,86,26,0,-32,4.56,95.43,100.0,空
2026-05-06,5512,力麒,7.05,7.1,6.95,7.04,1741,-142,0,-33,5.45,94.54,100.0,空
2026-05-06,5514,三豐,15.95,15.95,15.5,15.5,3,-1,0,0,0.02,99.97,100.0,多
2026-05-06,5515,建國,39.85,40.1,39.3,39.8,343,82,-11,-5,12.59,87.4,100.0,空
2026-05-06,5516,雙喜,11.1,11.35,11.05,11.05,17,0,0,0,0.07,99.92,100.0,空
2026-05-06,5519,隆大,32.65,32.7,32.4,32.5,474,14,0,8,4.4,95.59,100.0,空
2026-05-06,5520,力泰,81.0,81.0,79.0,79.0,2,1,0,0,0.01,99.98,100.0,多
2026-05-06,5521,工信,11.85,12.55,11.65,12.15,9545,-2981,0,-7,8.36,91.63,100.0,多
2026-05-06,5522,遠雄,69.5,69.5,68.8,69.1,634,45,-32,22,4.54,95.45,100.0,空
2026-05-06,5523,豐謙,30.15,30.35,30.05,30.35,101,-16,0,0,0.18,99.81,100.0,多
2026-05-06,5525,順天,23.2,23.2,23.0,23.15,71,40,0,-4,1.68,98.31,100.0,空
2026-05-06,5529,鉅陞,22.0,22.2,21.9,22.2,49,1,0,0,0.65,99.34,100.0,空
2026-05-06,5530,龍巖,44.25,44.9,44.05,44.5,316,-8,0,0,54.13,45.86,100.0,多
2026-05-06,5531,鄉林,8.15,8.35,8.15,8.33,900,38,0,5,2.47,97.52,100.0,空
2026-05-06,5533,皇鼎,14.15,14.2,14.05,14.2,115,-24,0,0,2.8,97.19,100.0,空
2026-05-06,5534,長虹,77.7,78.2,77.3,77.7,607,-176,198,6,9.87,90.12,100.0,空
2026-05-06,5536,聖暉*,870.0,885.0,841.0,877.0,1763,229,-150,134,35.19,64.8,100.0,空
2026-05-06,5538,東明-KY,32.3,32.3,31.3,31.9,68,28,0,7,63.83,36.16,100.0,空
2026-05-06,5543,桓鼎-KY,29.8,30.0,29.2,29.65,36,0,0,0,0.0,99.99,100.0,多
2026-05-06,5546,永固-KY,16.35,16.75,16.3,16.55,22,8,0,-1,53.62,46.37,100.0,多
2026-05-06,5547,久舜,21.6,21.9,21.5,21.7,45,-5,0,0,0.12,99.87,100.0,多
2026-05-06,5548,安倉,23.6,23.6,23.55,23.6,11,0,0,0,0.25,99.74,100.0,空
2026-05-06,5601,台聯櫃,35.4,35.4,35.4,35.4,10,0,0,0,3.75,96.24,100.0,多
2026-05-06,5603,陸海,16.0,16.1,15.65,15.85,487,27,0,0,4.97,95.02,100.0,空
2026-05-06,5604,中連貨,31.75,32.0,31.3,31.6,26,-1,0,0,3.09,96.9,100.0,空
2026-05-06,5604,中連,31.75,32.0,31.3,31.6,26,-1,0,0,3.09,96.9,100.0,空
2026-05-06,5607,遠雄港,48.25,48.25,47.4,47.6,352,29,0,11,2.75,97.24,100.0,多
2026-05-06,5608,四維航,15.45,15.55,15.2,15.5,1630,410,0,0,5.13,42.36,47.5,空
2026-05-06,5609,中菲行,78.3,79.0,78.1,78.7,208,19,0,22,14.24,85.75,100.0,空
2026-05-06,5701,劍湖山,3.45,3.45,3.4,3.4,125,0,0,0,0.0,99.99,100.0,空
2026-05-06,5703,亞都,13.95,14.0,13.95,14.0,4,0,0,0,6.62,93.37,100.0,空
2026-05-06,5704,老爺知,21.35,21.8,21.3,21.65,26,0,0,0,0.19,99.8,100.0,空
2026-05-06,5706,鳳凰,51.5,51.8,51.2,51.4,348,75,0,0,1.87,98.12,100.0,空
2026-05-06,5859,遠壽,15.14,15.15,14.75,15.0,227,0,0,0,0.0,0.0,0.0,空
2026-05-06,5863,瑞興銀,11.19,11.5,10.75,11.45,186,-2,0,0,0.0,0.0,0.0,多
2026-05-06,5864,致和證,30.85,31.2,30.45,31.2,4114,959,0,0,6.24,93.75,100.0,多
2026-05-06,5871,中租-KY,115.5,117.0,115.0,116.0,4646,615,-361,-5,46.95,53.04,100.0,空
2026-05-06,5876,上海商銀,38.6,38.6,38.2,38.4,8180,-3188,-411,-166,53.3,46.69,100.0,空
2026-05-06,5878,台名,40.75,40.75,40.55,40.6,16,0,0,0,0.56,99.43,100.0,多
2026-05-06,5880,合庫金,23.05,23.1,22.9,22.95,15005,-843,337,230,15.74,84.25,100.0,空
2026-05-06,5902,德記,38.7,38.7,37.7,38.1,29,0,0,0,1.15,98.84,100.0,多
2026-05-06,5903,全家,189.0,191.0,189.0,189.5,40,12,0,-5,51.06,48.93,100.0,多
2026-05-06,5904,寶雅,575.0,602.0,575.0,598.0,695,201,0,-15,30.04,69.95,100.0,多
2026-05-06,5905,南仁湖,8.05,8.07,7.93,7.97,338,-115,0,0,2.63,97.36,100.0,空
2026-05-06,5906,台南-KY,50.0,50.0,50.0,50.0,1,1,0,0,19.34,80.65,100.0,多
2026-05-06,5907,大洋-KY,5.4,5.4,5.26,5.3,273,57,0,-14,52.27,47.72,100.0,空
2026-05-06,6005,群益證,30.5,30.75,29.8,30.0,32590,5274,-7824,0,15.27,84.72,100.0,多
2026-05-06,6015,宏遠證,14.9,15.25,14.85,15.05,4056,1140,0,0,7.58,92.41,100.0,多
2026-05-06,6016,康和證,20.2,20.6,19.85,20.4,9206,2487,0,0,11.74,88.25,100.0,多
2026-05-06,6020,大展證,19.2,19.5,19.0,19.2,28,-4,0,0,0.0,99.99,100.0,空
2026-05-06,6021,美好證,34.3,34.3,33.7,34.05,306,39,0,0,7.47,92.52,100.0,多
2026-05-06,6023,元大期,101.0,101.0,100.0,100.5,87,-1,0,0,2.05,97.94,100.0,空
2026-05-06,6024,群益期,57.6,57.9,57.2,57.6,346,138,0,0,4.19,95.8,100.0,多
2026-05-06,6026,福邦證,15.85,15.95,15.75,15.9,3201,1341,0,0,7.08,92.91,100.0,多
2026-05-06,6027,德信,13.08,13.6,13.45,13.6,128,2,0,0,0.0,0.0,0.0,多
2026-05-06,6028,公勝保經,79.1,79.3,78.8,78.8,10,1,0,0,0.38,99.61,100.0,多
2026-05-06,6035,悠遊卡,52.11,53.4,50.9,52.0,5,0,0,0,0.0,0.0,0.0,空
2026-05-06,6101,寬魚國際,40.2,40.4,39.9,40.4,123,-9,0,0,0.75,99.24,100.0,多
2026-05-06,6103,合邦,39.6,39.6,39.6,39.6,1,0,0,0,0.73,99.26,100.0,多
2026-05-06,6104,創惟,99.9,99.9,97.4,99.0,1527,164,3,-3,16.65,83.34,100.0,多
2026-05-06,6108,競國,20.2,22.0,19.8,22.0,10594,-86,0,-6,4.04,95.95,100.0,多
2026-05-06,6109,亞元,12.15,12.45,12.1,12.4,540,81,0,-21,1.94,98.05,100.0,多
2026-05-06,6111,光聚晶電,47.0,47.0,45.7,46.55,338,17,0,3,12.79,87.2,100.0,空
2026-05-06,6112,邁達特,47.9,48.5,47.05,47.15,722,123,0,-10,1.73,98.26,100.0,多
2026-05-06,6113,亞矽,23.55,23.55,22.65,22.8,257,-59,0,0,2.76,97.23,100.0,空
2026-05-06,6114,久威,31.3,31.3,30.45,30.45,126,-6,0,0,1.08,98.91,100.0,多
2026-05-06,6115,鎰勝,47.7,47.7,47.45,47.7,134,14,0,2,5.52,94.47,100.0,空
2026-05-06,6116,彩晶,8.6,8.72,8.39,8.55,21453,4519,0,801,6.55,93.44,100.0,空
2026-05-06,6117,迎廣,89.0,89.0,85.6,85.9,1199,-280,0,-2,2.29,97.7,100.0,多
2026-05-06,6118,建達,18.05,18.65,17.65,17.7,596,-30,0,0,2.88,97.11,100.0,多
2026-05-06,6120,達運,13.2,13.3,12.85,13.05,2710,287,0,139,7.56,92.43,100.0,空
2026-05-06,6121,新普,367.0,367.0,356.5,363.0,770,-311,97,0,37.6,62.39,100.0,空
2026-05-06,6122,擎邦,50.1,50.4,49.25,49.4,319,-92,0,-3,4.72,95.27,100.0,多
2026-05-06,6123,上奇,45.0,45.5,44.55,44.9,105,4,0,0,2.69,97.3,100.0,多
2026-05-06,6124,業強,30.9,31.2,30.5,30.95,89,38,0,0,50.97,49.02,100.0,多
2026-05-06,6125,廣運,59.8,60.8,58.0,58.9,2811,-323,0,4,14.65,85.34,100.0,多
2026-05-06,6126,信音,34.1,34.1,32.8,33.55,1296,-110,0,-3,2.42,97.57,100.0,多
2026-05-06,6127,九豪,48.3,48.4,45.1,46.6,9431,-1820,0,-83,5.11,94.88,100.0,空
2026-05-06,6128,上福,20.85,20.9,20.65,20.7,194,-25,0,-4,4.36,95.63,100.0,多
2026-05-06,6129,普誠,18.2,18.2,17.25,17.45,1492,-137,0,0,2.87,97.12,100.0,多
2026-05-06,6130,上亞科技,24.75,24.75,23.55,23.8,95,8,0,0,1.98,98.01,100.0,多
2026-05-06,6133,金橋,23.0,23.2,22.3,22.45,1183,-187,0,1,2.68,97.31,100.0,多
2026-05-06,6134,萬旭,31.6,32.1,30.7,31.2,815,27,0,1,24.08,75.91,100.0,空
2026-05-06,6136,富爾特,25.0,25.0,24.6,24.6,470,20,0,-2,3.74,96.25,100.0,空
2026-05-06,6138,茂達,257.0,257.0,249.5,250.5,1525,-38,4,6,29.01,70.98,100.0,多
2026-05-06,6139,亞翔,703.0,717.0,682.0,715.0,4233,362,56,116,31.23,68.76,100.0,空
2026-05-06,6140,訊達,19.0,20.5,18.95,20.5,296,214,0,7,2.47,97.52,100.0,多
2026-05-06,6141,柏承,37.0,38.0,34.0,35.7,929,4,0,5,2.61,97.38,100.0,多
2026-05-06,6142,友勁,9.14,9.14,8.89,8.91,588,-152,0,-2,2.52,97.47,100.0,空
2026-05-06,6143,振曜,91.4,91.4,89.2,90.6,635,-80,0,-1,10.85,89.14,100.0,多
2026-05-06,6144,得利影,14.55,14.9,14.5,14.8,6,0,0,0,33.42,66.57,100.0,空
2026-05-06,6146,耕興,230.0,230.0,218.0,221.0,781,14,-1,-16,30.64,69.35,100.0,多
2026-05-06,6147,頎邦,180.0,182.5,167.0,175.0,71639,2973,2439,-195,22.52,77.47,100.0,多
2026-05-06,6148,驊宏資,32.8,33.3,31.5,31.7,244,-63,0,0,6.04,93.95,100.0,多
2026-05-06,6150,撼訊,66.0,66.0,65.8,66.0,950,148,0,25,5.63,94.36,100.0,多
2026-05-06,6151,晉倫,35.7,35.8,34.65,35.65,492,75,0,0,6.04,93.95,100.0,空
2026-05-06,6152,百一,14.0,14.05,13.65,13.7,1233,228,0,3,2.93,97.06,100.0,空
2026-05-06,6153,嘉聯益,19.5,19.5,18.25,18.55,7384,-1553,0,2,11.04,88.95,100.0,空
2026-05-06,6154,順發,12.95,12.95,12.8,12.9,58,3,0,0,0.73,99.26,100.0,空
2026-05-06,6155,鈞寶,49.15,50.3,45.6,46.35,2254,-203,0,0,8.09,91.9,100.0,空
2026-05-06,6156,松上,21.4,21.4,20.65,21.0,474,-220,0,-13,7.56,92.43,100.0,多
2026-05-06,6158,禾昌,19.05,19.05,18.5,18.9,87,-2,0,0,0.82,99.17,100.0,多
2026-05-06,6160,欣技,16.05,16.05,15.65,15.65,83,-10,0,0,3.99,96.0,100.0,空
2026-05-06,6161,捷波,45.6,45.6,43.7,44.0,285,-52,0,0,3.69,96.3,100.0,多
2026-05-06,6163,華電網,59.5,59.8,56.0,57.3,3002,-777,0,-14,9.92,90.07,100.0,空
2026-05-06,6164,華興,13.1,13.2,12.5,12.55,2285,-282,0,-6,4.96,95.03,100.0,多
2026-05-06,6165,浪凡,52.1,53.0,51.2,52.2,2198,888,0,2,16.37,83.62,100.0,多
2026-05-06,6166,凌華,79.6,79.9,77.1,79.4,1342,385,0,1,16.78,83.21,100.0,多
2026-05-06,6167,久正,12.5,12.5,11.95,12.1,844,-144,0,0,5.25,94.74,100.0,空
2026-05-06,6168,宏齊,28.05,28.25,26.85,27.2,6021,366,0,2,2.66,97.33,100.0,空
2026-05-06,6169,昱泉,16.6,16.75,16.55,16.55,7,-2,0,0,0.2,99.79,100.0,空
2026-05-06,6170,統振,52.8,53.0,52.2,52.4,268,-3,0,0,3.25,96.74,100.0,多
2026-05-06,6171,大城地產,24.25,24.7,24.25,24.4,6,-1,0,0,0.22,99.77,100.0,空
2026-05-06,6173,信昌電,94.0,101.0,90.3,101.0,36342,3135,0,294,18.31,81.68,100.0,多
2026-05-06,6174,安碁,41.3,41.3,39.8,41.3,4480,-77,0,-113,3.96,96.03,100.0,多
2026-05-06,6175,立敦,65.4,66.2,63.0,64.3,4110,-475,0,0,22.62,77.37,100.0,空
2026-05-06,6176,瑞儀,104.0,104.0,101.5,102.5,7522,-1041,-110,-103,24.99,75.0,100.0,多
2026-05-06,6177,達麗,45.4,45.75,45.35,45.55,770,185,0,24,6.7,93.29,100.0,多
2026-05-06,6179,亞通,24.15,24.25,23.6,23.7,943,-182,0,-1,4.84,95.15,100.0,多
2026-05-06,6180,橘子,39.0,39.0,37.95,38.1,839,-140,0,-5,22.91,77.08,100.0,空
2026-05-06,6182,合晶,51.5,53.0,48.6,50.6,150163,8924,0,-83,16.1,83.89,100.0,多
2026-05-06,6183,關貿,91.8,92.8,91.7,92.0,63,33,0,1,1.04,98.95,100.0,空
2026-05-06,6184,大豐電,46.8,47.2,46.8,46.95,50,31,0,0,2.97,16.02,19.0,空
2026-05-06,6185,幃翔,13.95,14.0,13.7,13.85,458,8,0,0,2.01,97.98,100.0,空
2026-05-06,6186,新潤,40.15,40.15,39.9,39.95,722,-119,0,28,4.64,95.35,100.0,空
2026-05-06,6187,萬潤,1330.0,1330.0,1215.0,1215.0,3783,-636,14,-35,28.99,71.0,100.0,空
2026-05-06,6188,廣明,88.1,88.2,85.6,86.8,4132,-996,0,-31,6.54,93.45,100.0,多
2026-05-06,6189,豐藝,49.95,49.95,48.75,48.8,1017,-11,-14,-8,7.61,92.38,100.0,多
2026-05-06,6190,萬泰科,74.3,76.5,72.2,75.0,13128,-24,0,-364,10.74,89.25,100.0,多
2026-05-06,6191,精成科,101.5,103.0,98.0,99.5,9275,-781,1,-10,5.74,94.25,100.0,空
2026-05-06,6192,巨路,122.0,122.0,118.0,120.5,339,-30,0,19,24.1,75.89,100.0,多
2026-05-06,6194,育富,32.45,32.5,32.3,32.45,175,-16,0,0,2.76,97.23,100.0,空
2026-05-06,6195,詩肯,23.55,23.9,23.45,23.5,23,-1,0,0,44.82,55.17,100.0,空
2026-05-06,6196,帆宣,382.5,397.0,377.0,395.5,4627,763,0,137,16.64,83.35,100.0,空
2026-05-06,6197,佳必琪,258.5,259.0,231.0,234.5,8956,-35,0,-245,10.34,89.65,100.0,多
2026-05-06,6198,瑞築,21.1,22.1,21.1,22.0,101,-1,0,0,0.05,99.94,100.0,多
2026-05-06,6199,天品,93.0,98.4,93.0,98.3,1184,105,0,1,5.87,94.12,100.0,空
2026-05-06,6201,亞弘電,50.4,51.0,50.3,50.6,47,26,0,0,1.21,98.78,100.0,多
2026-05-06,6202,盛群,58.0,58.0,55.6,56.9,3038,73,7,1,9.28,90.71,100.0,多
2026-05-06,6203,海韻電,76.6,78.1,72.1,75.3,3775,-178,0,121,3.35,96.64,100.0,多
2026-05-06,6204,艾華,76.7,77.5,72.5,72.8,520,-178,0,0,2.69,97.3,100.0,多
2026-05-06,6205,詮欣,103.0,104.5,91.7,94.1,15877,-762,0,0,2.22,97.77,100.0,多
2026-05-06,6206,飛捷,111.0,112.5,109.5,110.5,1023,24,-1,7,10.18,89.81,100.0,多
2026-05-06,6207,雷科,68.3,69.5,63.8,68.7,14119,-1526,0,111,8.47,91.52,100.0,多
2026-05-06,6208,日揚,83.3,84.6,75.0,75.2,2033,-71,0,0,1.74,98.25,100.0,空
2026-05-06,6209,今國光,68.5,69.0,64.6,68.2,14048,-97,0,-129,7.55,92.44,100.0,多
2026-05-06,6210,慶生,20.35,20.7,20.35,20.35,32,-1,0,0,0.29,99.7,100.0,多
2026-05-06,6212,理銘,28.3,28.35,28.0,28.0,21,0,0,0,0.49,99.5,100.0,空
2026-05-06,6213,聯茂,291.5,291.5,272.5,285.0,6961,282,-6,27,13.52,86.32,100.0,空
2026-05-06,6214,精誠,126.5,126.5,123.5,125.5,1500,430,0,-19,11.63,88.36,100.0,空
2026-05-06,6215,和椿,117.0,117.5,110.5,112.0,3089,81,0,-42,6.38,93.61,100.0,多
2026-05-06,6216,居易,24.05,24.05,23.35,23.55,569,-218,0,3,3.03,96.96,100.0,空
2026-05-06,6217,中探針,305.0,306.5,268.0,283.0,2807,-93,0,17,19.43,80.56,100.0,空
2026-05-06,6218,豪勉,39.15,39.3,37.0,38.25,2577,316,0,0,1.94,98.05,100.0,多
2026-05-06,6219,富旺,12.55,12.8,12.45,12.75,289,76,0,-7,1.12,98.87,100.0,空
2026-05-06,6220,岳豐,30.05,30.2,29.8,29.85,269,-32,0,0,4.41,95.58,100.0,空
2026-05-06,6221,晉泰,26.1,26.1,25.6,25.8,171,1,0,0,1.11,98.88,100.0,空
2026-05-06,6222,立軒,22.65,22.75,22.55,22.55,15,-1,0,0,0.17,99.82,100.0,多
2026-05-06,6223,旺矽,5095.0,5115.0,4850.0,4950.0,1311,187,23,-9,28.9,71.09,100.0,空
2026-05-06,6224,聚鼎,88.3,88.3,80.0,88.3,4669,498,0,0,3.71,96.28,100.0,多
2026-05-06,6225,天瀚,20.65,24.6,20.65,23.45,58,-1,0,0,0.01,99.98,100.0,多
2026-05-06,6226,光鼎,13.15,13.15,12.3,12.35,1861,-328,0,2,0.87,99.12,100.0,空
2026-05-06,6227,茂綸,97.1,97.6,95.1,96.9,804,126,0,13,4.44,95.55,100.0,多
2026-05-06,6228,全譜,24.45,24.45,23.25,23.3,22,1,0,0,0.33,99.66,100.0,空
2026-05-06,6229,研通,26.6,28.45,26.3,28.45,1246,45,0,0,1.84,98.15,100.0,多
2026-05-06,6230,尼得科超眾,159.5,160.5,154.5,157.5,118,0,0,0,87.17,12.82,100.0,空
2026-05-06,6231,系微,318.0,320.0,294.5,302.0,1889,-18,0,-21,12.55,87.44,100.0,空
2026-05-06,6233,旺玖,29.4,29.4,26.6,26.6,2201,-271,0,0,5.18,94.81,100.0,多
2026-05-06,6234,高僑,63.3,63.3,56.0,58.0,4207,-130,0,-117,12.29,87.7,100.0,多
2026-05-06,6235,華孚,43.25,43.4,42.05,42.8,820,-46,0,-1,4.25,95.74,100.0,空
2026-05-06,6236,中湛,0.0,0.0,0.0,0.0,0,0,0,0,0.02,99.97,100.0,空
2026-05-06,6237,驊訊,40.9,40.9,38.85,39.1,389,32,0,0,9.4,90.59,100.0,多
2026-05-06,6239,力成,236.0,250.0,233.5,234.5,48489,3356,-504,379,35.0,64.99,100.0,多
2026-05-06,6240,松崗,18.8,18.8,18.0,18.6,89,-4,0,0,0.27,99.72,100.0,空
2026-05-06,6241,鑫永洋,9.8,9.99,9.79,9.79,76,-5,0,0,0.15,99.84,100.0,多
2026-05-06,6242,立康,38.6,38.6,37.9,38.2,14,4,0,0,0.48,99.51,100.0,多
2026-05-06,6243,迅杰,34.75,34.75,33.5,33.9,391,-9,0,2,1.8,98.19,100.0,多
2026-05-06,6244,茂迪,28.25,28.75,27.3,27.55,5840,145,0,-82,23.37,76.62,100.0,多
2026-05-06,6245,立端,84.6,85.5,81.6,82.1,2442,-1105,0,-13,11.34,88.65,100.0,空
2026-05-06,6246,臺龍,17.15,17.65,16.85,17.3,224,8,0,-1,0.18,99.81,100.0,多
2026-05-06,6248,沛波,19.35,19.5,19.25,19.5,106,3,0,0,0.73,99.26,100.0,空
2026-05-06,6257,矽格,202.5,204.5,191.0,203.5,24188,883,172,-322,27.81,72.18,100.0,多
2026-05-06,6259,百徽,21.65,21.65,20.5,20.5,262,-6,0,0,37.87,62.12,100.0,空
2026-05-06,6261,久元,121.5,121.5,121.5,121.5,2596,-165,0,386,8.97,91.02,100.0,多
2026-05-06,6263,普萊德,140.5,140.5,137.0,137.0,142,-28,0,0,1.88,98.11,100.0,空
2026-05-06,6264,富裔,6.09,6.1,5.99,6.08,124,0,0,0,0.02,99.97,100.0,空
2026-05-06,6265,方土昶,45.0,46.75,42.9,44.1,23839,-1899,0,26,5.54,94.45,100.0,多
2026-05-06,6266,泰詠,28.05,28.05,27.6,27.85,258,-70,0,0,2.11,97.88,100.0,多
2026-05-06,6269,台郡,69.5,69.5,65.3,68.1,5339,-143,0,-135,19.38,80.61,100.0,多
2026-05-06,6270,倍微,26.95,27.4,26.4,26.95,756,25,0,0,2.51,97.48,100.0,空
2026-05-06,6271,同欣電,179.0,182.0,175.5,179.5,7692,432,0,-93,28.49,71.5,100.0,空
2026-05-06,6272,驊陞,32.4,32.4,31.2,31.9,510,-163,0,0,3.96,96.03,100.0,多
2026-05-06,6274,台燿,1275.0,1340.0,1160.0,1315.0,16724,-2040,2078,-582,38.35,61.64,100.0,多
2026-05-06,6275,元山,52.9,53.6,51.6,52.7,1134,-33,0,3,5.06,94.93,100.0,空
2026-05-06,6276,安鈦克,31.0,32.0,30.2,30.3,86,12,0,0,2.24,97.75,100.0,空
2026-05-06,6277,宏正,71.2,72.3,70.8,71.3,289,123,0,-1,7.96,92.03,100.0,空
2026-05-06,6278,台表科,187.5,188.0,166.5,166.5,14563,-1331,16,-238,25.47,74.52,100.0,多
2026-05-06,6279,胡連,110.5,116.5,108.5,116.0,2509,-519,121,0,6.09,93.9,100.0,多
2026-05-06,6281,全國電,49.6,49.7,48.7,48.85,264,-9,0,-1,2.01,97.98,100.0,空
2026-05-06,6282,康舒,50.2,50.6,48.05,50.1,24896,-1279,0,-50,12.42,87.57,100.0,多
2026-05-06,6283,淳安,22.9,24.25,22.15,24.25,1538,97,0,1,18.96,81.03,100.0,多
2026-05-06,6284,佳邦,79.1,79.2,76.5,77.8,1264,-268,0,0,9.18,90.81,100.0,空
2026-05-06,6285,啟碁,235.0,238.5,222.0,233.0,31647,1215,-377,-175,17.96,82.03,100.0,空
2026-05-06,6290,良維,295.5,297.0,270.5,280.5,9355,-1703,1,-107,16.83,83.16,100.0,多
2026-05-06,6291,沛亨,454.0,460.0,420.0,438.5,1822,-183,251,-33,4.17,95.82,100.0,空
2026-05-06,6292,迅德,47.7,47.7,46.0,46.25,133,-20,0,0,1.48,98.51,100.0,空
2026-05-06,6294,智基,33.25,33.25,32.3,32.7,66,-18,0,0,1.13,98.86,100.0,空
2026-05-06,6405,悅城,60.0,60.6,55.3,55.6,3854,-89,0,5,5.54,94.45,100.0,多
2026-05-06,6407,相互,42.58,43.15,40.15,40.55,3402,-38,0,0,0.0,0.0,0.0,空
2026-05-06,6409,旭隼,797.0,809.0,778.0,798.0,1275,47,-1,1,53.42,46.57,100.0,多
2026-05-06,6411,晶焱,82.0,82.5,79.8,80.9,604,27,0,0,8.02,91.97,100.0,多
2026-05-06,6412,群電,89.9,89.9,86.5,87.2,3935,-1076,0,-21,4.59,95.4,100.0,多
2026-05-06,6414,樺漢,348.0,350.0,340.0,348.5,1945,415,-27,-89,32.12,67.87,100.0,多
2026-05-06,6415,矽力*-KY,450.0,450.0,413.0,424.0,3211,157,80,-38,80.8,19.19,100.0,多
2026-05-06,6416,瑞祺電通,88.0,88.0,84.8,85.6,447,-47,0,1,4.04,95.95,100.0,多
2026-05-06,6417,韋僑,116.0,120.0,113.5,118.5,154,14,0,20,11.36,88.63,100.0,空
2026-05-06,6418,詠昇,34.7,34.7,32.8,32.8,333,-49,0,0,4.4,95.59,100.0,多
2026-05-06,6419,京晨科,142.0,142.0,132.0,138.5,745,-25,0,0,10.88,89.11,100.0,空
2026-05-06,6423,億而得-創,122.0,122.0,115.0,116.5,191,-2,0,20,4.38,95.61,100.0,多
2026-05-06,6423,億而得,122.0,122.0,115.0,116.5,191,-2,0,20,4.38,95.61,100.0,多
2026-05-06,6425,易發,83.2,84.7,81.0,82.2,1456,-133,0,0,6.45,93.54,100.0,空
2026-05-06,6426,統新,267.5,267.5,232.0,237.0,4821,-320,0,-12,7.82,92.17,100.0,空
2026-05-06,6428,台灣淘米,14.1,0.0,0.0,0.0,0,0,0,0,0.0,0.0,0.0,空
2026-05-06,6431,光麗-KY,19.05,19.5,18.5,19.35,230,33,0,0,57.02,42.97,100.0,空
2026-05-06,6432,今展科,42.65,42.95,40.8,42.25,1884,-103,0,0,3.89,96.1,100.0,多
2026-05-06,6434,達輝光電,27.82,30.0,27.05,28.4,2648,-3,0,0,0.0,0.0,0.0,多
2026-05-06,6435,大中,217.5,226.5,213.5,217.0,1815,-243,0,-6,13.28,86.71,100.0,多
2026-05-06,6438,迅得,183.0,183.5,173.5,179.0,2772,-486,0,-107,7.81,92.18,100.0,空
2026-05-06,6441,廣錠,28.35,28.35,26.1,26.25,745,-25,0,0,0.8,99.19,100.0,多
2026-05-06,6442,光聖,2070.0,2070.0,1860.0,2060.0,1611,262,-56,-7,34.77,65.22,100.0,空
2026-05-06,6443,元晶,38.0,38.0,37.7,37.85,2500,951,0,138,13.77,86.22,100.0,多
2026-05-06,6446,藥華藥,661.0,664.0,651.0,655.0,1728,307,0,1,21.99,78.0,100.0,多
2026-05-06,6449,鈺邦,176.5,176.5,167.0,171.0,782,19,0,-6,2.73,97.26,100.0,多
2026-05-06,6451,訊芯-KY,531.0,556.0,469.0,477.5,9570,-807,-1,-133,65.13,34.86,100.0,空
2026-05-06,6456,GIS-KY,78.0,79.0,72.7,72.9,18343,-4647,0,-244,43.57,56.42,100.0,空
2026-05-06,6461,益得,17.55,18.35,17.3,17.3,218,-30,0,0,0.65,99.34,100.0,空
2026-05-06,6462,神盾,131.0,134.5,125.5,129.0,2805,-73,2,-42,17.76,82.23,100.0,多
2026-05-06,6464,台數科,77.1,77.1,76.1,76.4,36,18,0,0,0.79,19.19,19.99,多
2026-05-06,6465,威潤,46.0,48.75,45.3,48.4,427,-14,0,-6,0.77,99.22,100.0,空
2026-05-06,6467,泰合,118.5,132.0,118.5,130.0,672,-1,0,0,0.0,0.0,0.0,多
2026-05-06,6469,大樹,79.6,79.7,77.2,77.2,655,-244,0,-1,8.61,91.38,100.0,空
2026-05-06,6470,宇智,48.0,48.0,47.35,47.55,88,-2,0,0,5.57,94.42,100.0,多
2026-05-06,6472,保瑞,411.0,416.5,408.0,409.5,820,62,0,16,10.17,89.82,100.0,多
2026-05-06,6473,美賣*,9.48,9.74,8.98,8.98,62,0,0,0,0.0,0.0,0.0,空
2026-05-06,6474,華豫寧,40.0,40.45,39.6,40.3,147,-13,0,0,0.08,99.91,100.0,多
2026-05-06,6477,安集,35.5,35.65,34.6,34.6,575,92,0,3,2.73,97.26,100.0,多
2026-05-06,6482,弘煜科,29.8,29.8,29.5,29.6,9,1,0,0,2.5,97.49,100.0,空
2026-05-06,6483,原創生醫,14.98,15.0,14.8,14.9,180,0,0,0,0.0,0.0,0.0,空
2026-05-06,6485,點序,93.4,95.5,89.1,89.1,2182,-136,0,3,8.44,91.55,100.0,多
2026-05-06,6486,互動,84.8,85.0,84.2,84.8,210,-28,0,0,4.96,95.03,100.0,空
2026-05-06,6488,環球晶,660.0,732.0,629.0,721.0,28039,1779,1100,441,28.59,71.4,100.0,多
2026-05-06,6491,晶碩,281.5,285.0,278.5,281.5,545,133,0,5,9.64,90.35,100.0,空
2026-05-06,6492,生華科,50.4,50.4,49.4,49.6,311,-18,0,0,7.67,92.32,100.0,空
2026-05-06,6493,雷虎生,31.72,32.0,30.85,31.0,201,-5,0,0,0.0,0.0,0.0,多
2026-05-06,6494,九齊,55.7,55.7,53.2,53.8,198,-42,0,-9,7.16,92.83,100.0,空
2026-05-06,6496,科懋,25.2,25.2,24.35,24.75,7,1,0,0,0.35,99.64,100.0,多
2026-05-06,6498,久禾光,93.9,99.6,93.6,99.0,366,57,0,-3,2.31,97.68,100.0,多
2026-05-06,6499,益安,83.5,83.8,82.2,82.3,492,-32,0,0,18.32,81.67,100.0,多
2026-05-06,6504,南六,40.4,40.4,39.3,39.9,41,8,0,-5,1.03,98.96,100.0,空
2026-05-06,6505,台塑化,55.6,55.9,54.4,54.8,7279,2066,88,76,6.03,93.96,100.0,多
2026-05-06,6506,雙邦,17.75,17.75,17.45,17.6,76,-15,0,0,0.61,99.38,100.0,多
2026-05-06,6508,惠光,25.35,25.35,24.5,25.0,72,-16,0,0,0.84,99.15,100.0,空
2026-05-06,6509,聚和,40.9,41.0,39.9,40.2,1427,-169,0,-3,4.15,95.84,100.0,空
2026-05-06,6510,精測,3810.0,3925.0,3710.0,3800.0,1213,197,-36,19,33.59,66.4,100.0,多
2026-05-06,6512,啟發電,19.0,19.1,19.0,19.1,12,0,0,0,0.07,99.92,100.0,空
2026-05-06,6515,穎崴,10400.0,10410.0,9620.0,10130.0,490,33,-22,0,21.45,78.54,100.0,空
2026-05-06,6516,勤崴國際,59.7,60.3,59.7,60.1,85,9,0,0,1.39,98.6,100.0,空
2026-05-06,6517,保勝光學,60.3,60.4,58.3,59.0,214,-18,0,-1,4.99,95.0,100.0,多
2026-05-06,6518,康科特,34.68,34.5,33.25,33.25,25,0,0,0,0.0,0.0,0.0,空
2026-05-06,6523,達爾膚,98.5,98.5,97.5,98.1,86,-7,0,0,1.93,98.06,100.0,空
2026-05-06,6525,捷敏-KY,106.0,107.0,100.5,103.0,2242,-630,153,-9,15.56,84.43,100.0,多
2026-05-06,6526,達發,642.0,655.0,640.0,655.0,5119,1080,41,43,7.56,92.43,100.0,多
2026-05-06,6527,明達醫,70.0,71.7,70.0,71.0,32,5,0,0,0.02,99.97,100.0,多
2026-05-06,6530,創威,121.5,122.5,110.0,114.5,3902,-130,0,0,4.75,95.24,100.0,空
2026-05-06,6531,愛普*,949.0,999.0,905.0,965.0,2775,37,26,-11,32.03,67.96,100.0,多
2026-05-06,6532,瑞耘,99.7,99.7,92.5,94.8,1529,66,0,0,3.9,96.09,100.0,空
2026-05-06,6533,晶心科,250.5,250.5,238.0,241.5,1499,36,1,-2,11.69,88.3,100.0,多
2026-05-06,6534,正瀚-創,95.8,95.9,94.1,94.4,84,22,0,1,41.23,58.76,100.0,空
2026-05-06,6535,順藥,141.0,141.0,134.0,134.5,185,-45,0,0,5.7,94.29,100.0,多
2026-05-06,6536,碩豐,27.53,28.95,27.6,28.95,37,0,0,0,0.0,0.0,0.0,空
2026-05-06,6538,倉和,81.6,81.6,80.0,80.0,256,-44,0,30,5.4,94.59,100.0,多
2026-05-06,6539,麗彤,46.68,46.5,45.8,45.8,0,0,0,0,0.0,0.0,0.0,空
2026-05-06,6541,泰福-KY,40.35,40.55,39.65,40.15,261,34,0,1,13.87,86.12,100.0,多
2026-05-06,6542,隆中,48.35,49.6,48.35,48.9,21,3,0,0,18.11,81.88,100.0,空
2026-05-06,6543,普惠醫工,23.01,23.0,22.4,22.85,87,0,0,0,0.0,0.0,0.0,多
2026-05-06,6546,正基,66.6,66.6,62.8,63.5,697,-360,0,-3,6.5,93.49,100.0,空
2026-05-06,6547,高端疫苗,49.9,50.5,48.8,48.8,1865,-218,0,-6,9.33,90.66,100.0,空
2026-05-06,6548,長科*,53.4,53.4,49.6,51.8,8925,-2968,-2,-79,6.63,93.36,100.0,空
2026-05-06,6549,景凱,7.99,8.25,7.78,8.02,141,-2,0,0,0.0,0.0,0.0,空
2026-05-06,6550,北極星藥業-KY,18.0,18.0,17.7,17.95,634,230,0,-8,67.36,32.63,100.0,多
2026-05-06,6552,易華電,32.4,32.6,31.0,31.1,371,15,0,-7,0.88,99.11,100.0,多
2026-05-06,6555,榮炭,25.51,25.45,23.9,25.0,397,-42,0,0,0.0,0.0,0.0,空
2026-05-06,6556,勝品,69.5,70.9,69.3,70.9,28,3,0,0,0.57,99.42,100.0,多
2026-05-06,6558,興能高,29.5,29.8,28.65,29.55,599,26,0,2,2.58,97.41,100.0,多
2026-05-06,6559,研晶,31.71,34.25,30.3,31.85,391,-29,0,0,0.0,0.0,0.0,空
2026-05-06,6560,欣普羅,39.1,39.2,38.15,38.8,87,-7,0,0,5.0,94.99,100.0,多
2026-05-06,6561,是方,332.0,336.5,330.5,333.0,179,5,0,-1,5.74,94.25,100.0,空
2026-05-06,6563,映智,31.14,34.65,30.25,33.05,681,0,0,0,0.0,0.0,0.0,多
2026-05-06,6564,安特羅,18.69,19.0,18.0,19.0,155,5,0,0,0.0,0.0,0.0,空
2026-05-06,6565,物聯,25.8,25.9,23.5,24.8,125,-12,0,0,0.0,0.0,0.0,空
2026-05-06,6568,宏觀,265.5,268.0,243.0,244.5,1712,-739,0,-59,6.45,93.54,100.0,空
2026-05-06,6569,醫揚,109.5,111.5,105.0,105.5,87,-11,0,0,2.85,97.14,100.0,多
2026-05-06,6570,維田,42.9,42.9,41.0,41.4,240,5,0,8,1.32,98.67,100.0,多
2026-05-06,6572,博錸,10.83,11.5,10.45,10.8,480,10,0,0,0.0,0.0,0.0,空
2026-05-06,6573,虹揚-KY,13.0,13.1,12.6,12.6,121,-8,0,1,54.81,45.18,100.0,多
2026-05-06,6574,霈方,108.0,109.5,105.5,106.0,78,-4,0,0,0.65,99.34,100.0,多
2026-05-06,6576,逸達,80.8,81.0,79.5,79.5,183,49,0,0,22.41,77.58,100.0,多
2026-05-06,6577,勁豐,81.4,82.1,81.1,81.6,41,-1,0,0,1.25,98.74,100.0,多
2026-05-06,6578,達邦蛋白,15.5,15.7,15.3,15.35,125,4,0,0,0.78,99.21,100.0,空
2026-05-06,6579,研揚,142.0,142.0,131.5,134.5,1290,-65,0,-8,3.08,96.91,100.0,多
2026-05-06,6580,台睿,16.63,16.95,15.85,16.6,130,0,0,0,0.0,0.0,0.0,多
2026-05-06,6581,鋼聯,109.0,109.5,109.0,109.5,23,14,0,0,0.99,99.0,100.0,多
2026-05-06,6582,申豐,31.2,31.3,30.4,30.4,58,10,0,0,12.99,87.0,100.0,空
2026-05-06,6583,友松,12.77,13.2,12.6,13.15,8,0,0,0,0.0,0.0,0.0,空
2026-05-06,6584,南俊國際,728.0,728.0,689.0,712.0,1079,-40,-6,-3,16.31,83.68,100.0,空
2026-05-06,6585,鼎基,87.5,87.5,84.5,84.8,93,-9,0,0,6.73,93.26,100.0,空
2026-05-06,6586,醣基,47.57,48.0,44.85,45.4,736,46,0,0,0.0,0.0,0.0,空
2026-05-06,6588,東典光電,161.5,165.5,151.0,151.5,4689,184,0,-5,4.2,95.79,100.0,空
2026-05-06,6589,台康生技,46.5,46.5,45.5,45.55,577,-43,0,-1,6.12,93.87,100.0,空
2026-05-06,6590,普鴻,70.2,71.3,68.5,69.7,15,0,0,0,0.04,99.95,100.0,多
2026-05-06,6591,動力-KY,57.6,58.3,56.5,57.1,494,34,0,0,21.51,78.48,100.0,多
2026-05-06,6592,和潤企業,62.0,62.1,61.1,61.4,465,54,0,0,26.36,73.63,100.0,空
2026-05-06,6593,台灣銘板,36.05,37.3,35.65,35.7,151,-12,0,0,1.2,98.79,100.0,空
2026-05-06,6595,光禹國際,30.58,32.55,31.0,32.55,17,0,0,0,0.0,0.0,0.0,多
2026-05-06,6596,寬宏藝術,98.3,99.0,97.4,97.5,359,-47,0,0,4.36,95.63,100.0,多
2026-05-06,6597,立誠,82.7,82.8,75.0,78.3,237,-2,0,0,0.01,99.98,100.0,多
2026-05-06,6598,ABC-KY,23.0,23.0,22.1,22.9,84,15,0,-1,23.35,76.64,100.0,多
2026-05-06,6599,普達系統,52.58,52.6,50.5,50.6,15,0,0,0,0.0,0.0,0.0,多
2026-05-06,6603,富強鑫,25.95,26.05,25.0,25.1,1828,-423,0,-19,4.45,95.54,100.0,空
2026-05-06,6604,儒億,27.21,27.8,26.9,27.05,70,0,0,0,0.0,0.0,0.0,空
2026-05-06,6605,帝寶,131.5,133.5,125.5,126.0,925,-434,-17,-1,15.66,84.33,100.0,多
2026-05-06,6606,建德工業,24.2,24.4,24.15,24.25,122,43,0,2,3.31,96.68,100.0,空
2026-05-06,6609,瀧澤科,41.25,44.5,40.45,44.0,2280,181,0,0,53.94,46.05,100.0,多
2026-05-06,6610,安成生技,29.26,30.0,28.15,28.75,781,-6,0,0,0.0,0.0,0.0,多
2026-05-06,6612,奈米醫材,68.3,68.3,67.6,67.6,31,-3,0,0,26.41,73.58,100.0,空
2026-05-06,6613,朋億*,241.0,249.5,236.5,247.5,537,136,0,10,6.76,93.23,100.0,空
2026-05-06,6614,資拓宏宇,42.0,42.0,41.0,41.7,114,39,0,-18,0.84,99.15,100.0,多
2026-05-06,6615,慧智,32.8,32.8,32.65,32.65,16,0,0,0,0.01,99.98,100.0,空
2026-05-06,6616,特昇-KY,9.85,10.0,9.82,9.99,35,-1,0,0,56.72,43.27,100.0,空
2026-05-06,6617,共信-KY,67.4,67.4,63.8,64.3,194,12,0,0,38.31,61.68,100.0,多
2026-05-06,6618,永虹先進,22.19,23.1,21.3,21.8,728,-21,0,0,0.0,0.0,0.0,多
2026-05-06,6620,漢達,72.6,72.9,70.3,70.7,517,-12,0,0,24.81,75.18,100.0,空
2026-05-06,6621,華宇藥,12.32,12.35,12.15,12.3,137,-6,0,0,0.0,0.0,0.0,空
2026-05-06,6622,百聿數碼,7.65,7.83,7.46,7.8,12,-1,0,0,0.0,0.0,0.0,空
2026-05-06,6624,萬年清,50.6,50.6,48.9,50.0,42,3,0,0,0.38,99.61,100.0,空
2026-05-06,6625,必應,73.5,74.3,73.1,74.1,242,-54,0,2,1.0,98.99,100.0,空
2026-05-06,6629,泰金-KY,116.0,119.0,116.0,119.0,45,5,0,0,76.5,23.49,100.0,空
2026-05-06,6634,欣耀,50.79,53.5,47.8,49.15,341,1,0,0,0.0,0.0,0.0,多
2026-05-06,6637,醫影,72.3,72.3,71.8,71.8,31,0,0,0,0.47,99.52,100.0,多
2026-05-06,6638,沅聖,43.1,45.0,42.3,43.0,49,0,0,0,0.0,0.0,0.0,空
2026-05-06,6639,源大環能,8.04,8.3,7.9,7.9,40,2,0,0,0.0,0.0,0.0,空
2026-05-06,6640,均華,1525.0,1565.0,1405.0,1425.0,715,-4,1,2,6.83,93.16,100.0,空
2026-05-06,6641,基士德-KY,19.4,19.95,18.9,19.95,421,174,0,0,30.39,69.6,100.0,多
2026-05-06,6642,富致,63.2,64.7,59.0,60.9,927,-89,0,-11,1.3,98.69,100.0,多
2026-05-06,6643,M31,662.0,662.0,610.0,650.0,1112,29,2,-29,11.16,88.83,100.0,多
2026-05-06,6645,金萬林-創,12.95,12.95,12.7,12.8,66,7,0,3,0.84,99.15,100.0,多
2026-05-06,6648,斯其大,18.63,18.6,17.9,17.9,136,0,0,0,0.0,0.0,0.0,空
2026-05-06,6649,台生材,40.0,40.0,39.4,39.6,20,1,0,0,6.42,93.57,100.0,多
2026-05-06,6650,帝圖,34.24,0.0,0.0,0.0,0,0,0,0,0.0,0.0,0.0,空
2026-05-06,6651,全宇昕,106.0,106.5,103.5,105.0,176,45,0,-2,6.89,93.1,100.0,多
2026-05-06,6654,天正國際,91.0,91.5,90.6,91.1,38,6,0,0,0.59,99.4,100.0,多
2026-05-06,6655,科定,138.5,138.5,135.5,137.5,15,5,0,-1,0.5,99.49,100.0,空
2026-05-06,6657,華安,42.45,42.45,40.9,40.9,423,-53,0,-5,7.13,92.86,100.0,空
2026-05-06,6658,聯策,167.0,167.0,146.0,155.5,779,23,-1,-41,7.35,92.64,100.0,多
2026-05-06,6659,天明製藥,20.09,20.5,19.55,20.45,44,0,0,0,0.0,0.0,0.0,空
2026-05-06,6661,威健生技,17.75,18.1,17.7,17.9,5,0,0,0,0.02,99.97,100.0,空
2026-05-06,6662,樂斯科,30.0,30.0,29.05,29.2,15,1,0,0,0.22,99.77,100.0,空
2026-05-06,6664,群翊,470.0,476.5,437.5,461.0,2615,421,-8,-51,14.45,85.54,100.0,多
2026-05-06,6665,康聯生醫,23.39,24.35,23.2,23.9,74,1,0,0,0.0,0.0,0.0,多
2026-05-06,6666,羅麗芬-KY,41.2,42.0,40.75,41.1,37,2,0,0,75.18,24.81,100.0,空
2026-05-06,6667,信紘科,272.0,273.0,264.0,268.5,645,-80,0,-22,9.75,90.24,100.0,空
2026-05-06,6668,中揚光,37.0,39.9,35.95,38.4,1081,-22,0,1,10.97,89.02,100.0,多
2026-05-06,6669,緯穎,4855.0,4985.0,4630.0,4970.0,2694,155,236,56,31.91,68.08,100.0,多
2026-05-06,6670,復盛應用,260.0,260.0,255.0,257.5,362,-66,59,-41,25.96,74.03,100.0,多
2026-05-06,6671,三能-KY,29.9,30.35,29.6,29.8,31,-5,0,-1,39.83,60.16,100.0,空
2026-05-06,6672,騰輝電子-KY,223.5,223.5,205.5,214.5,7917,667,-1,-6,21.27,78.72,100.0,多
2026-05-06,6673,和詮,27.1,30.0,23.55,25.7,1899,-48,0,0,0.0,0.0,0.0,空
2026-05-06,6674,鋐寶科技,18.55,18.6,18.3,18.3,20,7,0,0,0.48,99.51,100.0,空
2026-05-06,6676,祥翊,13.56,14.25,13.2,13.7,223,0,0,0,0.0,0.0,0.0,空
2026-05-06,6677,瑩碩生技,18.88,19.0,18.75,18.95,39,0,0,0,0.0,0.0,0.0,空
2026-05-06,6679,鈺太,294.5,309.0,292.0,302.0,1905,932,1,53,9.66,90.33,100.0,多
2026-05-06,6680,鑫創電子,55.3,55.3,53.6,54.5,19,-2,0,0,0.18,99.81,100.0,多
2026-05-06,6682,華旭先進,60.03,67.0,58.0,59.0,7521,-2,0,0,0.0,0.0,0.0,多
2026-05-06,6683,雍智科技,2420.0,2530.0,2310.0,2395.0,2688,221,-19,-96,10.92,89.07,100.0,多
2026-05-06,6684,安格,49.3,49.3,47.0,47.4,242,-30,0,0,4.94,95.05,100.0,多
2026-05-06,6689,伊雲谷,71.5,72.5,70.6,70.7,425,-46,0,0,4.4,95.59,100.0,空
2026-05-06,6690,安碁資訊,171.5,171.5,168.0,168.5,63,-21,0,0,4.25,95.74,100.0,空
2026-05-06,6691,洋基工程,645.0,680.0,634.0,677.0,1057,258,0,45,15.86,84.13,100.0,空
2026-05-06,6692,進能服,31.8,32.4,31.2,31.25,76,-5,0,0,0.54,99.45,100.0,空
2026-05-06,6693,廣閎科,153.5,153.5,146.5,150.5,1010,-170,0,6,13.09,86.9,100.0,空
2026-05-06,6695,芯鼎,51.0,51.0,48.4,48.9,2175,-262,0,-3,1.12,98.87,100.0,多
2026-05-06,6696,仁新,402.25,405.0,396.5,401.0,446,0,0,0,0.0,0.0,0.0,空
2026-05-06,6697,東捷資訊,41.45,42.15,41.0,41.3,68,0,0,0,0.73,99.26,100.0,空
2026-05-06,6698,旭暉應材,31.55,31.6,30.25,30.65,319,-25,0,0,2.13,97.86,100.0,多
2026-05-06,6703,軒郁,112.0,112.0,110.0,110.5,59,6,0,0,13.81,86.18,100.0,空
2026-05-06,6704,國璽幹細胞,21.42,22.15,21.15,21.7,178,-10,0,0,0.0,0.0,0.0,多
2026-05-06,6705,振躍精密,101.32,108.5,98.0,103.0,108,1,0,0,0.0,0.0,0.0,空
2026-05-06,6706,惠特,186.0,187.5,165.0,168.0,16199,-154,0,-63,19.11,80.88,100.0,多
2026-05-06,6707,富基電通,30.05,32.0,30.05,31.95,858,25,0,0,0.0,0.0,0.0,多
2026-05-06,6708,天擎,42.9,43.6,42.3,42.5,44,0,0,0,3.12,96.87,100.0,多
2026-05-06,6709,昱厚生技,26.03,26.15,24.55,25.8,194,-2,0,0,0.0,0.0,0.0,多
2026-05-06,6712,長聖,139.5,141.0,136.5,136.5,373,-127,0,0,3.31,96.68,100.0,多
2026-05-06,6715,嘉基,480.0,484.5,419.5,435.0,2231,252,111,0,2.23,97.76,100.0,空
2026-05-06,6716,應廣,88.2,88.2,81.5,81.8,591,-78,0,-18,3.11,96.88,100.0,多
2026-05-06,6719,力智,193.0,193.0,183.0,188.0,1374,106,3,-29,7.53,92.46,100.0,多
2026-05-06,6720,久昌,163.0,163.0,158.0,158.5,95,-33,0,0,1.14,98.85,100.0,空
2026-05-06,6721,信實,58.0,58.0,58.0,58.0,6,0,0,0,0.02,99.97,100.0,多
2026-05-06,6722,輝創,39.8,40.1,39.5,40.05,142,59,0,-1,2.71,97.28,100.0,多
2026-05-06,6723,傑智環境,40.05,41.45,39.6,39.6,73,4,0,0,0.0,0.0,0.0,空
2026-05-06,6725,矽科宏晟,342.0,347.0,330.0,331.0,503,16,0,-2,4.03,95.96,100.0,空
2026-05-06,6727,亞泰金屬,447.5,447.5,401.5,417.0,4731,-975,0,306,8.54,91.45,100.0,空
2026-05-06,6728,上洋,115.0,116.5,114.0,116.5,51,8,0,0,0.76,99.23,100.0,多
2026-05-06,6729,機光科技,59.82,62.5,57.0,59.4,118,0,0,0,0.0,0.0,0.0,空
2026-05-06,6730,常廣,38.25,38.25,37.85,37.9,46,0,0,0,0.06,99.93,100.0,空
2026-05-06,6732,昇佳電子,157.5,157.5,152.0,154.0,162,-16,1,0,6.69,93.3,100.0,多
2026-05-06,6733,博晟生醫,29.2,29.4,28.0,28.5,520,-231,0,0,1.28,98.71,100.0,多
2026-05-06,6734,安盛生,6.8,7.09,6.75,7.09,33,0,0,0,0.0,0.0,0.0,空
2026-05-06,6735,美達科技,145.5,145.5,128.0,133.0,896,4,0,0,1.23,98.76,100.0,多
2026-05-06,6737,秀育,35.11,35.7,33.35,35.7,35,-1,0,0,0.0,0.0,0.0,空
2026-05-06,6738,鼎恒,70.13,72.4,69.0,70.0,75,2,0,0,0.0,0.0,0.0,空
2026-05-06,6739,竹陞科技,1475.0,1520.0,1415.0,1455.0,846,-20,8,4,4.89,95.1,100.0,空
2026-05-06,6741,91APP*-KY,65.9,66.2,64.8,66.1,293,-4,0,0,43.33,56.66,100.0,多
2026-05-06,6742,澤米,40.8,40.95,38.5,38.95,407,-115,0,-1,1.92,98.07,100.0,空
2026-05-06,6743,安普新,29.55,29.55,28.5,29.15,549,-36,0,-4,3.72,96.27,100.0,多
2026-05-06,6744,豐技生技,17.39,17.5,17.2,17.4,21,0,0,0,0.0,0.0,0.0,多
2026-05-06,6748,亞果生醫,69.95,70.6,68.1,70.3,239,0,0,0,0.0,0.0,0.0,多
2026-05-06,6750,泰創工程,66.4,68.4,65.0,68.1,326,0,0,0,0.0,0.0,0.0,多
2026-05-06,6751,智聯服務,52.2,52.2,51.3,51.3,36,-6,0,0,0.84,99.15,100.0,多
2026-05-06,6752,叡揚,108.0,108.0,105.0,105.0,63,-33,0,0,2.81,97.18,100.0,多
2026-05-06,6753,龍德造船,145.0,145.0,139.0,140.5,845,-187,0,-95,6.33,3.16,9.5,多
2026-05-06,6754,匯僑設計,46.85,46.85,45.05,45.45,30,-10,0,1,15.48,84.51,100.0,空
2026-05-06,6755,連鋐科技,20.86,20.8,19.7,20.5,148,7,0,0,0.0,0.0,0.0,空
2026-05-06,6756,威鋒電子,93.4,93.4,87.7,88.5,589,-83,0,9,2.92,97.07,100.0,多
2026-05-06,6757,台灣虎航-創,50.7,50.7,49.6,50.2,864,-31,0,-7,1.72,48.26,49.99,多
2026-05-06,6757,台灣虎航,50.7,50.7,49.6,50.2,864,-31,0,-7,1.72,48.26,49.99,多
2026-05-06,6758,冠亞,35.84,36.0,36.0,36.0,3,0,0,0,0.0,0.0,0.0,多
2026-05-06,6761,穩得,211.0,218.0,200.0,204.0,1424,-86,0,-13,2.48,97.51,100.0,空
2026-05-06,6762,達亞,140.0,144.5,138.0,144.5,18,10,0,0,5.79,94.2,100.0,空
2026-05-06,6763,綠界科技,48.5,48.6,47.95,47.95,321,-20,0,-2,3.48,96.51,100.0,多
2026-05-06,6763,綠界科技*,48.5,48.6,47.95,47.95,321,-20,0,-2,3.48,96.51,100.0,多
2026-05-06,6767,台微醫,27.5,27.7,27.5,27.5,21,0,0,0,0.23,99.76,100.0,空
2026-05-06,6768,志強-KY,81.0,81.0,77.1,79.7,827,-57,158,-3,58.46,41.53,100.0,多
2026-05-06,6770,力積電,58.8,59.8,56.3,58.1,255770,-15622,9,6442,11.02,88.97,100.0,多
2026-05-06,6771,平和環保-創,44.1,44.5,44.1,44.1,21,3,0,0,0.61,99.38,100.0,空
2026-05-06,6775,穎台科技,48.23,55.0,48.6,50.2,3077,-165,0,0,0.0,0.0,0.0,多
2026-05-06,6776,展碁國際,58.4,59.3,57.6,58.2,802,-6,0,5,1.84,98.15,100.0,空
2026-05-06,6780,學習王,38.35,40.0,39.3,39.3,6,0,0,0,0.0,0.0,0.0,多
2026-05-06,6781,AES-KY,1145.0,1155.0,1075.0,1140.0,1972,46,0,62,67.61,32.38,100.0,多
2026-05-06,6782,視陽,225.5,227.0,221.0,226.0,629,119,0,19,11.25,88.74,100.0,空
2026-05-06,6784,天凱科技,31.94,32.65,30.0,31.2,157,-1,0,0,0.0,0.0,0.0,空
2026-05-06,6785,昱展新藥,140.5,140.5,137.0,138.0,125,15,0,0,8.24,91.75,100.0,空
2026-05-06,6786,芯測,111.58,121.0,109.5,113.0,729,-15,0,0,0.0,0.0,0.0,空
2026-05-06,6787,晶瑞光,41.15,44.8,40.05,40.95,1544,-25,0,0,0.0,0.0,0.0,空
2026-05-06,6788,華景電,446.0,447.0,420.0,439.5,1828,-223,0,-7,20.44,79.55,100.0,空
2026-05-06,6789,采鈺,609.0,609.0,551.0,560.0,13126,-46,36,-139,3.06,96.93,100.0,多
2026-05-06,6790,永豐實,40.0,40.05,39.7,40.0,171,43,0,5,1.94,98.05,100.0,空
2026-05-06,6791,虎門科技,122.5,126.5,117.0,117.5,137,-20,0,0,11.58,88.41,100.0,空
2026-05-06,6792,詠業,58.0,58.0,56.9,57.9,85,-22,0,0,1.45,98.54,100.0,空
2026-05-06,6793,天力離岸,6.24,6.57,6.06,6.4,75,5,0,0,0.0,0.0,0.0,空
2026-05-06,6794,向榮生技-創,82.3,89.0,81.7,86.9,175,45,0,0,0.49,99.5,100.0,多
2026-05-06,6794,向榮生技,82.3,89.0,81.7,86.9,175,45,0,0,0.49,99.5,100.0,多
2026-05-06,6796,晉弘,70.3,70.7,68.3,68.6,137,-29,0,-1,15.08,84.91,100.0,空
2026-05-06,6797,圓點奈米,14.32,15.15,14.4,15.1,5,0,0,0,0.0,0.0,0.0,空
2026-05-06,6798,展逸,50.03,51.2,49.8,50.0,87,1,0,0,0.0,0.0,0.0,多
2026-05-06,6799,來頡,92.7,93.2,88.4,88.5,504,0,0,-7,9.15,90.84,100.0,多
2026-05-06,6803,崑鼎,289.0,291.5,289.0,291.0,58,10,0,0,3.46,96.53,100.0,多
2026-05-06,6804,明係,15.55,15.55,14.95,15.0,131,-2,0,0,4.11,95.88,100.0,空
2026-05-06,6805,富世達,2015.0,2015.0,1805.0,1880.0,5137,406,-1855,38,16.53,83.46,100.0,空
2026-05-06,6806,森崴能源,20.8,20.85,19.7,20.2,771,154,0,0,2.06,97.93,100.0,多
2026-05-06,6807,峰源-KY,37.4,37.4,35.45,36.2,27,-11,0,0,43.58,56.41,100.0,空
2026-05-06,6808,三鼎生技,32.06,32.3,30.35,31.5,210,7,0,0,0.0,0.0,0.0,多
2026-05-06,6810,新穎生醫,27.16,27.55,25.8,26.8,442,-5,0,0,0.0,0.0,0.0,空
2026-05-06,6811,宏碁資訊,212.0,216.0,205.0,215.0,431,4,0,0,1.53,98.46,100.0,多
2026-05-06,6812,梭特,86.61,86.0,78.7,82.9,464,-4,0,0,0.0,0.0,0.0,空
2026-05-06,6814,路迦生醫,24.75,25.4,24.2,25.3,0,0,0,0,0.0,0.0,0.0,多
2026-05-06,6815,晶鑽生醫,31.53,31.6,30.3,30.5,88,0,0,0,0.0,0.0,0.0,空
2026-05-06,6816,捷智商訊,38.05,40.0,38.2,38.8,14,0,0,0,0.0,0.0,0.0,空
2026-05-06,6817,溫士頓,68.46,69.2,66.5,68.2,65,0,0,0,0.0,0.0,0.0,多
2026-05-06,6818,連騰,68.75,70.2,66.6,67.5,187,0,0,0,0.0,0.0,0.0,空
2026-05-06,6819,眾智,29.25,30.1,28.0,29.4,64,0,0,0,0.0,0.0,0.0,空
2026-05-06,6820,連訊,316.84,315.5,275.0,277.5,254,-1,0,0,0.0,0.0,0.0,空
2026-05-06,6821,聯寶,54.0,57.0,53.0,54.0,1500,-78,0,-39,1.17,98.82,100.0,空
2026-05-06,6823,濾能,105.0,105.0,95.1,96.2,1138,37,0,0,25.73,74.26,100.0,多
2026-05-06,6825,和暢科技,41.92,45.3,42.0,43.3,99,3,0,0,0.0,0.0,0.0,多
2026-05-06,6826,和淞,543.86,546.0,538.0,542.0,261,12,0,0,0.0,0.0,0.0,空
2026-05-06,6827,巨生醫,12.94,13.45,12.9,13.1,328,0,0,0,0.0,0.0,0.0,多
2026-05-06,6829,千附精密,269.5,269.5,246.0,265.0,625,-23,0,-11,2.42,97.57,100.0,多
2026-05-06,6830,汎銓,990.0,1000.0,878.0,878.0,3250,-269,13,-18,4.35,95.64,100.0,空
2026-05-06,6831,邁科,535.0,569.0,490.0,561.0,3268,-224,0,4,12.17,87.82,100.0,空
2026-05-06,6832,金鼎科,89.79,91.0,86.1,88.5,146,0,0,0,0.0,0.0,0.0,多
2026-05-06,6833,太康精密,27.16,28.8,26.8,27.75,109,-6,0,0,0.0,0.0,0.0,空
2026-05-06,6834,天二科技,39.5,39.95,38.15,39.8,1337,-166,0,0,13.17,86.82,100.0,多
2026-05-06,6835,圓裕,38.1,38.1,37.35,37.5,116,-42,0,0,6.48,93.51,100.0,空
2026-05-06,6838,台新藥,27.15,27.15,26.85,26.9,189,18,0,-3,1.38,98.61,100.0,空
2026-05-06,6839,開陽能源,13.86,14.0,12.85,13.2,131,0,0,0,0.0,0.0,0.0,空
2026-05-06,6840,東研信超,66.4,68.1,66.0,66.9,158,-29,0,0,3.24,96.75,100.0,空
2026-05-06,6841,長佳智能,62.3,62.3,60.6,60.9,281,63,0,0,2.38,97.61,100.0,多
2026-05-06,6842,瑞宇,157.16,161.5,146.5,153.0,763,-12,0,0,0.0,0.0,0.0,多
2026-05-06,6843,進典,47.0,47.45,46.1,47.45,18,1,0,0,0.21,99.78,100.0,多
2026-05-06,6844,諾貝兒,64.0,64.0,62.7,63.3,46,-1,0,0,0.03,99.96,100.0,多
2026-05-06,6846,綠茵,70.1,70.1,68.5,68.5,21,0,0,0,0.16,99.83,100.0,空
2026-05-06,6847,普瑞博,58.15,65.5,57.9,63.0,100,0,0,0,0.0,0.0,0.0,多
2026-05-06,6848,拉法醫,19.04,19.7,18.85,19.3,98,0,0,0,0.0,0.0,0.0,空
2026-05-06,6849,奇鼎科技,255.03,266.0,247.0,251.5,573,0,0,0,0.0,0.0,0.0,多
2026-05-06,6850,光鼎生技,35.55,35.5,34.5,35.5,31,0,0,0,0.0,0.0,0.0,多
2026-05-06,6854,錼創科技-KY創,164.0,164.0,153.5,154.0,733,-152,0,0,32.52,67.47,100.0,空
2026-05-06,6855,數泓科,105.0,105.0,105.0,105.0,1,0,0,0,0.17,99.82,100.0,多
2026-05-06,6856,鑫傳,0.0,0.0,0.0,0.0,0,0,0,0,0.0,49.98,49.99,空
2026-05-06,6857,宏碁智醫,98.47,98.5,98.5,98.5,0,0,0,0,0.0,0.0,0.0,空
2026-05-06,6858,愛比科技,26.46,26.1,26.0,26.0,10,0,0,0,0.0,0.0,0.0,空
2026-05-06,6859,伯特光,124.0,125.0,121.0,124.0,77,0,0,0,15.36,84.63,100.0,多
2026-05-06,6861,睿生光電,435.0,435.0,366.0,376.0,1046,-35,0,-1,1.89,98.1,100.0,多
2026-05-06,6862,三集瑞-KY,176.0,176.0,165.5,167.5,571,-124,0,-43,65.83,34.16,100.0,空
2026-05-06,6863,永道-KY,104.0,104.0,99.9,101.0,127,-12,0,-1,69.58,30.41,100.0,多
2026-05-06,6864,元樟生技,59.48,60.0,58.9,59.0,28,0,0,0,0.0,0.0,0.0,多
2026-05-06,6865,偉康科技,35.8,36.0,35.15,36.0,16,2,0,0,0.37,99.62,100.0,空
2026-05-06,6867,坦德科技,23.41,24.45,23.4,24.3,32,0,0,0,0.0,0.0,0.0,空
2026-05-06,6868,采威國際,32.79,32.1,29.0,30.1,30,0,0,0,0.0,0.0,0.0,空
2026-05-06,6869,雲豹能源-創,83.8,84.3,82.4,83.0,486,20,0,-4,2.53,97.46,100.0,多
2026-05-06,6869,雲豹能源,83.8,84.3,82.4,83.0,486,20,0,-4,2.53,97.46,100.0,多
2026-05-06,6870,騰雲,187.5,187.5,180.5,182.5,68,-23,0,1,1.16,98.83,100.0,多
2026-05-06,6872,浩宇生醫,18.25,18.5,18.2,18.35,64,9,0,0,0.34,99.65,100.0,多
2026-05-06,6873,泓德能源-創,90.0,90.9,88.9,89.1,520,-78,0,0,7.89,92.1,100.0,多
2026-05-06,6873,泓德能源,90.0,90.9,88.9,89.1,520,-78,0,0,7.89,92.1,100.0,多
2026-05-06,6874,倍力,91.4,91.4,89.0,89.3,27,10,0,0,1.15,98.84,100.0,空
2026-05-06,6875,國邑*,36.8,36.8,35.7,36.45,95,-28,0,0,2.31,97.68,100.0,多
2026-05-06,6876,朗齊生醫*,19.35,20.6,19.2,20.5,288,0,0,0,0.0,0.0,0.0,空
2026-05-06,6877,鏵友益,179.0,180.0,159.5,174.5,2028,-153,0,0,6.98,93.01,100.0,空
2026-05-06,6878,歐付寶,9.93,10.3,9.56,10.0,96,5,0,0,0.0,0.0,0.0,空
2026-05-06,6879,大江基因,35.78,36.0,34.2,34.85,7,0,0,0,0.0,0.0,0.0,空
2026-05-06,6881,潤德,272.0,273.5,271.5,273.5,17,-2,0,0,0.09,99.9,100.0,多
2026-05-06,6882,甲尚,18.66,20.1,18.5,18.95,198,0,0,0,0.0,0.0,0.0,多
2026-05-06,6883,微電能源,16.8,16.6,15.8,16.2,22,0,0,0,0.0,0.0,0.0,多
2026-05-06,6884,海柏特,34.3,34.65,34.0,34.65,8,0,0,0,5.55,94.44,100.0,空
2026-05-06,6885,全福生技,23.9,23.9,23.3,23.4,232,-7,0,-8,3.12,96.87,100.0,多
2026-05-06,6886,遠東生技,47.12,48.9,46.5,48.9,14,0,0,0,0.0,0.0,0.0,空
2026-05-06,6887,寶綠特-KY,38.7,39.25,38.3,39.0,41,18,0,2,53.28,46.71,100.0,多
2026-05-06,6890,來億-KY,160.0,160.0,154.0,155.0,530,-152,0,10,87.37,12.62,100.0,多
2026-05-06,6891,樂迦再生,60.98,66.1,60.8,63.9,3407,-58,0,0,0.0,0.0,0.0,空
2026-05-06,6892,台寶生醫,26.17,27.1,25.65,26.5,79,0,0,0,0.0,0.0,0.0,多
2026-05-06,6894,衛司特,348.0,350.5,341.0,345.5,109,-10,0,0,1.91,98.08,100.0,空
2026-05-06,6895,宏碩系統,174.5,174.5,167.0,168.5,107,-41,0,-2,4.51,95.48,100.0,空
2026-05-06,6898,程曦資訊,108.02,110.0,107.5,110.0,17,0,0,0,0.0,0.0,0.0,空
2026-05-06,6899,創為精密,54.4,54.4,52.8,53.8,15,-2,0,0,5.17,94.82,100.0,空
2026-05-06,6901,鑽石投資,13.8,13.8,13.05,13.1,1134,-207,0,-1,0.51,99.48,100.0,空
2026-05-06,6902,GOGOLOOK-創,104.0,107.5,101.5,105.0,190,14,0,0,3.4,96.58,100.0,空
2026-05-06,6902,GOGOLOOK,104.0,107.5,101.5,105.0,190,14,0,0,3.4,96.58,100.0,空
2026-05-06,6903,巨漢,411.0,419.0,397.5,412.0,1849,439,0,1,4.62,95.37,100.0,空
2026-05-06,6904,伯鑫,113.5,113.5,113.0,113.0,7,0,0,0,0.07,99.92,100.0,多
2026-05-06,6906,現觀科,62.5,62.6,60.3,60.9,245,-33,0,1,9.61,90.38,100.0,空
2026-05-06,6907,雅特力-KY,132.0,141.0,126.5,129.0,3319,-130,0,0,51.64,48.35,100.0,空
2026-05-06,6908,宏碁遊戲-創,41.5,41.5,40.5,40.55,19,10,0,0,0.51,99.48,100.0,多
2026-05-06,6909,創控,59.0,60.5,57.6,57.7,1394,-29,0,0,8.09,91.9,100.0,空
2026-05-06,6910,德鴻,29.6,29.65,29.05,29.1,100,-5,0,0,4.89,95.1,100.0,多
2026-05-06,6911,群運,33.22,33.6,32.85,33.0,34,0,0,0,0.0,0.0,0.0,空
2026-05-06,6912,益鈞環科*,17.59,18.3,17.3,17.45,99,0,0,0,0.0,0.0,0.0,空
2026-05-06,6913,鴻呈,131.5,131.5,123.5,127.5,604,121,0,-4,2.17,97.82,100.0,空
2026-05-06,6914,阜爾運通,147.0,147.0,145.0,145.0,116,-13,0,0,2.39,97.6,100.0,空
2026-05-06,6915,美強光,98.17,98.1,86.6,90.9,300,-3,0,0,0.0,0.0,0.0,多
2026-05-06,6916,華凌,18.85,18.85,18.15,18.25,29,3,0,-3,0.52,99.47,100.0,空
2026-05-06,6917,竟天,40.69,42.35,39.85,40.2,795,-9,0,0,0.0,0.0,0.0,多
2026-05-06,6918,愛派司,73.6,74.0,73.4,73.5,49,20,0,0,0.86,99.13,100.0,多
2026-05-06,6919,康霈*,102.5,108.5,100.5,101.5,6886,518,0,50,12.7,87.29,100.0,多
2026-05-06,6920,恆勁科技,126.04,130.5,111.5,115.0,9827,-1,0,0,0.0,0.0,0.0,多
2026-05-06,6921,嘉雨思-創,91.1,93.2,90.0,91.5,91,-2,0,4,30.07,69.92,100.0,空
2026-05-06,6922,宸曜,188.0,190.0,183.0,184.0,251,-9,0,3,1.06,98.93,100.0,多
2026-05-06,6923,中台,85.8,85.8,82.4,82.7,340,-167,0,0,1.5,98.49,100.0,多
2026-05-06,6924,榮惠-KY創,95.8,95.8,92.0,93.9,21,3,0,-1,77.8,22.19,100.0,空
2026-05-06,6925,意藍,67.2,67.5,66.0,66.1,68,-17,0,0,4.1,95.89,100.0,空
2026-05-06,6926,聖安生醫,64.34,65.5,63.5,64.0,37,1,0,0,0.0,0.0,0.0,空
2026-05-06,6927,聯合聚晶,53.46,54.0,52.8,53.0,40,0,0,0,0.0,0.0,0.0,空
2026-05-06,6928,攸泰科技,57.3,57.3,50.3,50.6,718,-169,0,0,0.64,99.35,100.0,多
2026-05-06,6929,佑全,25.9,25.9,24.25,24.25,58,3,0,0,0.01,99.98,100.0,空
2026-05-06,6931,青松健康,44.3,44.3,43.2,43.2,218,16,0,-2,0.46,99.53,100.0,空
2026-05-06,6932,水星生醫*,8.04,8.18,7.4,7.8,542,0,0,0,0.0,0.0,0.0,多
2026-05-06,6933,AMAX-KY,174.5,174.5,166.5,170.0,254,13,0,-2,31.12,68.87,100.0,空
2026-05-06,6934,心誠鎂,80.8,80.8,79.4,79.4,92,-14,0,1,12.44,87.55,100.0,空
2026-05-06,6935,王子製藥,30.44,32.45,30.0,31.1,205,0,0,0,0.0,0.0,0.0,多
2026-05-06,6936,永鴻生技,34.9,34.95,34.35,34.65,38,7,0,0,0.57,99.42,100.0,空
2026-05-06,6937,天虹,343.0,348.5,314.5,319.0,1788,-76,0,-71,2.77,97.22,100.0,多
2026-05-06,6938,藍新資訊,100.01,133.0,107.0,115.5,410,0,0,0,0.0,0.0,0.0,多
2026-05-06,6939,啟弘生技,25.03,26.7,25.4,26.65,56,1,0,0,0.0,0.0,0.0,多
2026-05-06,6940,格斯科技*,20.8,20.95,20.5,20.7,786,0,0,0,0.0,0.0,0.0,空
2026-05-06,6944,兆聯實業,957.0,998.0,940.0,953.0,1297,220,0,-3,13.99,86.0,100.0,空
2026-05-06,6945,圓祥生技,162.11,175.0,164.0,173.0,497,0,0,0,0.0,0.0,0.0,空
2026-05-06,6946,三地能源,14.12,14.55,13.35,13.7,141,0,0,0,0.0,0.0,0.0,空
2026-05-06,6947,台鎔科技,80.05,80.3,78.1,79.3,253,0,0,0,0.0,0.0,0.0,空
2026-05-06,6949,沛爾生醫-創,856.0,856.0,702.0,702.0,753,-162,0,4,2.4,97.59,100.0,空
2026-05-06,6951,青新-創,81.9,81.9,80.6,80.7,57,10,0,-2,2.13,97.86,100.0,空
2026-05-06,6952,大武山,38.5,38.5,36.9,37.4,29,-4,0,1,0.37,99.62,100.0,空
2026-05-06,6953,家碩,295.0,297.0,281.0,287.5,459,-2,0,-5,1.39,98.6,100.0,多
2026-05-06,6955,邦睿生技-創,161.5,162.5,159.5,160.0,21,2,0,1,17.73,82.26,100.0,多
2026-05-06,6957,裕慶-KY,162.0,162.0,159.0,162.0,82,13,0,0,6.6,93.39,100.0,多
2026-05-06,6958,日盛台駿,19.6,19.6,19.1,19.3,64,38,0,0,0.43,99.56,100.0,空
2026-05-06,6959,兆捷科技,136.3,136.5,123.5,129.5,600,1,0,0,0.0,0.0,0.0,空
2026-05-06,6961,旅天下,58.0,58.9,58.0,58.9,52,-1,0,0,0.4,99.59,100.0,多
2026-05-06,6962,奕力-KY,36.2,36.5,34.7,35.0,4730,-728,-1,0,42.04,57.95,100.0,空
2026-05-06,6963,品元,26.05,27.2,27.2,27.2,0,0,0,0,0.0,0.0,0.0,空
2026-05-06,6965,中傑-KY,86.7,87.6,85.9,86.8,106,58,0,0,77.32,22.67,100.0,空
2026-05-06,6967,汎瑋材料,82.0,87.6,81.8,86.7,641,29,0,0,2.95,97.04,100.0,多
2026-05-06,6968,萬達寵物,42.8,43.3,42.35,43.05,109,8,0,0,1.03,98.96,100.0,空
2026-05-06,6969,成信實業*-創,29.8,29.8,28.55,29.0,58,8,0,0,0.46,99.53,100.0,空
2026-05-06,6971,惠民實業,28.5,28.55,28.35,28.35,81,2,0,0,0.27,99.72,100.0,空
2026-05-06,6972,博瑞達應材,24.26,24.95,23.75,24.7,3,0,0,0,0.0,0.0,0.0,空
2026-05-06,6973,永立榮,35.76,36.0,35.35,35.95,6,0,0,0,0.0,0.0,0.0,空
2026-05-06,6976,育世博-KY,12.83,13.0,12.65,12.8,388,0,0,0,0.0,0.0,0.0,多
2026-05-06,6977,聯純,339.06,375.0,334.0,374.5,277,0,0,0,0.0,0.0,0.0,空
2026-05-06,6979,勝釩,222.18,245.0,219.0,242.0,98,0,0,0,0.0,0.0,0.0,多
2026-05-06,6980,鐳洋科技,189.19,195.0,174.0,176.5,317,3,0,0,0.0,0.0,0.0,空
2026-05-06,6982,大井泵浦,54.0,54.5,52.8,53.0,42,-5,0,0,1.37,98.62,100.0,空
2026-05-06,6983,華洋精機,479.26,495.5,464.0,466.0,95,2,0,0,0.0,0.0,0.0,空
2026-05-06,6984,ACpay,19.59,21.15,20.15,21.15,9,0,0,0,0.0,0.0,0.0,空
2026-05-06,6986,和迅,61.67,62.2,61.2,62.1,85,0,0,0,0.0,0.0,0.0,空
2026-05-06,6987,寶晶能源*,20.33,20.3,20.0,20.0,186,0,0,0,0.0,0.0,0.0,空
2026-05-06,6988,威力暘-創,15.1,15.1,14.3,14.4,51,-5,0,-15,3.8,96.19,100.0,多
2026-05-06,6990,華鉬,79.77,80.4,69.0,71.0,202,1,0,0,0.0,0.0,0.0,空
2026-05-06,6994,富威電力,65.0,65.5,63.6,64.0,325,-84,0,3,1.12,98.87,100.0,多
2026-05-06,6995,野獸國,47.78,48.2,48.0,48.15,12,0,0,0,0.0,0.0,0.0,空
2026-05-06,6996,力領科技,183.5,184.0,180.5,184.0,155,2,0,13,2.8,97.19,100.0,多
2026-05-06,6997,博弘,77.7,77.7,73.0,73.1,80,-4,0,0,20.11,79.88,100.0,多
2026-05-06,6999,瀚醫生技,30.69,31.05,30.4,31.05,36,0,0,0,0.0,0.0,0.0,空
2026-05-06,7402,邑錡,126.5,126.5,121.5,122.5,372,-78,0,-4,9.93,90.06,100.0,空
2026-05-06,7419,達勝,126.21,136.5,130.0,131.5,532,3,0,0,0.0,0.0,0.0,空
2026-05-06,7427,華上生醫,41.74,42.65,40.85,41.4,258,0,0,0,0.0,0.0,0.0,多
2026-05-06,7443,凡事康,10.51,10.55,10.45,10.55,20,0,0,0,0.0,0.0,0.0,空
2026-05-06,7455,樺緯物聯,63.2,65.9,65.9,65.9,0,0,0,0,0.0,0.0,0.0,多
2026-05-06,7507,環拓科技,25.68,26.45,24.8,25.5,111,0,0,0,0.0,0.0,0.0,多
2026-05-06,7516,清淨海,9.31,9.4,8.85,9.26,99,0,0,0,0.0,0.0,0.0,空
2026-05-06,7530,鋒魁科技,49.16,50.4,46.85,47.65,900,0,0,0,0.0,0.0,0.0,空
2026-05-06,7547,碩網,75.8,81.2,71.1,71.8,1694,-16,0,0,24.12,75.87,100.0,空
2026-05-06,7551,知識科技,13.8,14.8,12.9,14.0,225,0,0,0,0.0,0.0,0.0,空
2026-05-06,7556,意德士,285.5,291.0,273.0,287.0,346,-21,0,-10,3.36,96.63,100.0,空
2026-05-06,7558,群利科技,27.02,27.6,26.7,27.05,242,2,0,0,0.0,0.0,0.0,多
2026-05-06,7561,光晟生技,20.45,20.5,20.35,20.35,9,0,0,0,0.0,0.0,0.0,多
2026-05-06,7562,博來科技,55.57,55.9,55.0,55.5,14,0,0,0,0.0,0.0,0.0,多
2026-05-06,7566,亞果遊艇,12.7,12.85,12.55,12.7,133,-2,0,0,0.0,0.0,0.0,空
2026-05-06,7575,安美得,21.08,21.5,20.9,21.1,27,-2,0,0,0.0,0.0,0.0,多
2026-05-06,7578,利百景,33.79,34.45,33.35,33.5,92,0,0,0,0.0,0.0,0.0,空
2026-05-06,7583,國際海洋,66.82,67.7,67.7,67.7,0,0,0,0,0.0,0.0,0.0,多
2026-05-06,7584,樂意,32.55,32.9,32.4,32.5,14,1,0,0,14.15,85.84,100.0,多
2026-05-06,7590,怡和國際,31.0,31.5,26.5,27.05,1925,-2,0,0,0.0,0.0,0.0,多
2026-05-06,7595,世基生醫,9.73,9.95,9.52,9.95,10,0,0,0,0.0,0.0,0.0,空
2026-05-06,7607,通用幹細胞*,14.84,14.6,14.5,14.6,18,0,0,0,0.0,0.0,0.0,多
2026-05-06,7610,聯友金屬-創,730.0,755.0,657.0,690.0,2022,-609,0,-7,16.04,83.95,100.0,空
2026-05-06,7631,聚賢研發-創,126.0,129.5,126.0,127.5,84,26,0,1,0.87,99.12,100.0,空
2026-05-06,7642,昶瑞機電,65.0,69.5,65.0,69.5,68,9,0,0,0.48,99.51,100.0,空
2026-05-06,7669,碩正科技,841.45,852.0,821.0,832.0,197,0,0,0,0.0,0.0,0.0,空
2026-05-06,7689,大鵬科CLMX,230.84,230.0,207.0,225.0,183,0,0,0,0.0,0.0,0.0,空
2026-05-06,7702,前端風電,19.3,18.65,18.55,18.65,16,0,0,0,0.0,0.0,0.0,多
2026-05-06,7703,銳澤,220.5,222.5,216.0,218.0,188,19,0,0,1.5,98.49,100.0,空
2026-05-06,7704,明遠精密,64.9,64.9,61.0,61.4,280,-3,0,0,0.47,99.52,100.0,空
2026-05-06,7705,三商餐飲,32.4,32.7,32.4,32.55,82,35,0,-1,1.52,98.47,100.0,空
2026-05-06,7706,宏碁創達,43.15,43.15,41.0,43.15,1,0,0,0,0.0,0.0,0.0,多
2026-05-06,7707,益芯科,176.44,181.0,168.5,177.0,364,0,0,0,0.0,0.0,0.0,空
2026-05-06,7708,全家餐飲,91.3,91.3,91.1,91.3,20,0,0,0,0.11,99.88,100.0,多
2026-05-06,7709,榮田,88.0,89.2,79.0,80.3,1478,94,0,-3,1.92,98.07,100.0,多
2026-05-06,7710,東擎科技,260.0,265.0,260.0,261.0,1,0,0,0,0.0,0.0,0.0,空
2026-05-06,7711,永擎,435.0,435.0,413.0,428.5,297,33,0,0,1.57,98.42,100.0,多
2026-05-06,7712,博盛半導體,122.0,123.0,116.0,118.0,444,-118,0,0,1.85,98.14,100.0,空
2026-05-06,7713,威力德生醫,67.2,67.2,66.8,67.1,4,0,0,0,0.09,99.9,100.0,多
2026-05-06,7714,創泓科技,136.0,136.5,132.0,133.5,95,-9,0,0,0.95,99.04,100.0,多
2026-05-06,7715,裕山,28.2,28.45,28.0,28.45,220,-13,0,0,0.94,99.05,100.0,多
2026-05-06,7716,昱臺國際,0.0,0.0,0.0,0.0,0,0,0,0,0.02,99.97,100.0,多
2026-05-06,7717,萊德光電-KY,737.0,744.0,660.0,679.0,833,-16,-165,-17,16.56,83.43,100.0,空
2026-05-06,7718,友鋮,49.0,49.0,47.8,48.85,10,-1,0,-1,0.88,99.11,100.0,多
2026-05-06,7719,碳基,45.69,46.4,42.8,45.0,510,0,0,0,0.0,0.0,0.0,多
2026-05-06,7721,微程式,78.5,78.9,74.0,74.9,738,-27,0,1,1.37,98.62,100.0,空
2026-05-06,7722,LINEPAY,283.0,283.0,276.5,281.0,120,41,0,0,59.53,40.46,100.0,多
2026-05-06,7723,築間,28.35,28.35,27.5,27.6,205,-20,0,0,0.45,99.54,100.0,空
2026-05-06,7724,諾亞克,23.6,24.8,23.0,24.6,52,0,0,0,0.0,0.0,0.0,多
2026-05-06,7725,列特博,22.23,23.0,21.85,23.0,9,0,0,0,0.0,0.0,0.0,多
2026-05-06,7726,暄達,34.05,34.05,34.05,34.05,0,0,0,0,0.0,0.0,0.0,空
2026-05-06,7728,光焱科技,837.0,849.0,771.0,772.0,865,24,0,-8,3.65,96.34,100.0,多
2026-05-06,7729,仲恩生醫,76.72,78.4,74.6,76.7,383,0,0,0,0.0,0.0,0.0,空
2026-05-06,7730,暉盛-創,172.0,172.5,166.5,166.5,23,-7,0,0,2.21,97.78,100.0,空
2026-05-06,7731,火星生技*,6.3,6.72,6.27,6.32,2119,0,0,0,0.0,0.0,0.0,空
2026-05-06,7732,金興精密,35.0,36.0,35.0,35.85,19,6,0,0,0.42,99.57,100.0,多
2026-05-06,7734,印能科技,3800.0,3885.0,3510.0,3885.0,113,78,0,0,3.98,96.01,100.0,多
2026-05-06,7736,虎山,73.6,73.8,72.6,73.5,45,7,0,3,0.9,99.09,100.0,空
2026-05-06,7737,凱鈿,45.22,46.0,44.35,45.15,11,0,0,0,0.0,0.0,0.0,多
2026-05-06,7738,東聯互動,180.0,180.5,179.5,180.5,18,0,0,0,0.5,99.49,100.0,空
2026-05-06,7740,熙特爾-創,187.0,187.0,173.0,175.0,309,-30,0,-3,4.82,95.17,100.0,空
2026-05-06,7742,天弘化,173.82,180.0,161.5,167.5,900,1,0,0,0.0,0.0,0.0,空
2026-05-06,7743,金利食安,20.1,20.1,19.0,20.0,33,0,0,-1,2.88,97.11,100.0,空
2026-05-06,7744,崴寶,575.0,581.0,540.0,562.0,408,-18,0,-7,28.4,71.59,100.0,多
2026-05-06,7745,紅陽,18.6,19.0,18.5,19.0,12,0,0,0,0.0,0.0,0.0,多
2026-05-06,7747,昕奇雲端,132.5,132.5,130.5,132.0,7,0,0,0,0.73,99.26,100.0,多
2026-05-06,7748,鑫囍創業,21.62,22.1,21.4,22.1,1,0,0,0,0.0,0.0,0.0,空
2026-05-06,7749,意騰-KY,547.0,555.0,505.0,515.0,3446,-237,3,31,24.45,75.54,100.0,多
2026-05-06,7750,新代,2705.0,2705.0,2415.0,2595.0,1039,66,0,-26,15.09,84.9,100.0,多
2026-05-06,7751,竑騰,2390.0,2390.0,2390.0,2390.0,145,9,0,-7,5.17,94.82,100.0,多
2026-05-06,7752,世紀樺欣,37.65,38.2,35.85,36.35,118,0,0,0,0.0,0.0,0.0,空
2026-05-06,7753,星亞,43.0,43.0,41.45,42.05,98,-3,0,0,0.12,99.87,100.0,空
2026-05-06,7754,安基生技,60.91,61.4,60.5,61.0,496,47,0,0,0.0,0.0,0.0,空
2026-05-06,7756,多那之,41.5,43.15,43.0,43.15,6,0,0,0,0.0,0.0,0.0,多
2026-05-06,7757,金色三麥,106.0,106.0,104.5,105.0,26,0,0,0,19.52,80.47,100.0,空
2026-05-06,7758,睿騰能源,42.46,0.0,0.0,0.0,0,0,0,0,0.0,0.0,0.0,空
2026-05-06,7759,視航生醫,40.02,40.95,38.4,39.0,40,0,0,0,0.0,0.0,0.0,多
2026-05-06,7760,享溫馨,34.75,34.75,33.8,33.8,288,17,0,-6,0.02,99.97,100.0,空
2026-05-06,7761,三大未來,43.91,46.05,41.75,43.95,248,2,0,0,0.0,0.0,0.0,多
2026-05-06,7762,吉晟生,48.13,49.0,47.25,48.15,50,0,0,0,0.0,0.0,0.0,多
2026-05-06,7763,崇舜,258.63,282.0,266.5,278.5,684,0,0,0,0.0,0.0,0.0,空
2026-05-06,7764,聖州,13.76,13.95,13.45,13.9,10,0,0,0,0.0,0.0,0.0,空
2026-05-06,7765,中華資安,223.0,244.0,223.0,244.0,275,-4,0,-26,0.52,99.47,100.0,多
2026-05-06,7767,仁大資訊,44.9,44.9,44.5,44.55,25,0,0,0,0.1,99.89,100.0,多
2026-05-06,7768,頌勝科技,439.91,452.0,435.5,439.0,301,0,0,0,0.0,100.0,100.0,空
2026-05-06,7769,鴻勁,5690.0,5780.0,5435.0,5705.0,1442,201,159,-9,19.97,80.02,100.0,多
2026-05-06,7770,君曜,49.1,49.1,47.5,48.05,14,-1,0,-1,0.22,99.77,100.0,空
2026-05-06,7771,綠基,65.6,67.5,61.8,61.8,20,0,0,0,0.0,0.0,0.0,多
2026-05-06,7772,耀穎,223.09,226.0,204.5,214.0,468,0,0,0,0.0,0.0,0.0,空
2026-05-06,7773,富禾生醫,27.09,27.6,26.8,27.6,136,0,0,0,0.0,0.0,0.0,多
2026-05-06,7776,奧孟亞,26.27,27.45,26.15,26.7,27,0,0,0,0.0,0.0,0.0,空
2026-05-06,7777,能率亞洲,31.2,31.3,28.7,29.05,4013,-651,0,-5,0.29,99.7,100.0,多
2026-05-06,7779,鍇睿國際,15.15,15.1,15.05,15.05,1,0,0,0,0.0,0.0,0.0,多
2026-05-06,7780,大研生醫*,19.0,19.0,18.6,18.6,1982,102,0,-4,0.61,99.38,100.0,空
2026-05-06,7781,昕力資*,30.34,31.4,29.45,29.7,4462,-1,0,0,0.0,0.0,0.0,空
2026-05-06,7782,光速火箭,27.8,27.9,27.0,27.9,15,-1,0,0,0.29,99.7,100.0,空
2026-05-06,7783,佳運,94.24,98.3,95.2,98.0,32,0,0,0,0.0,0.0,0.0,多
2026-05-06,7784,安邦生技*,14.06,11.5,8.5,10.3,5560,-9,0,0,0.0,0.0,0.0,-
2026-05-06,7785,北祥科服,37.5,38.0,37.35,37.35,2,0,0,0,0.0,0.0,0.0,空
2026-05-06,7786,東方風能,137.5,139.5,134.0,135.0,149,7,0,0,1.34,98.65,100.0,多
2026-05-06,7788,松川精密,168.0,171.5,163.0,164.0,698,-78,0,-30,4.6,95.39,100.0,多
2026-05-06,7789,開展,33.43,35.2,33.45,33.65,8,0,0,0,0.0,0.0,0.0,多
2026-05-06,7790,思必瑞特,48.96,50.5,48.0,50.4,8,0,0,0,0.0,0.0,0.0,多
2026-05-06,7791,皇家可口,65.0,65.4,64.5,64.9,67,16,0,0,0.6,99.39,100.0,空
2026-05-06,7792,安葆,351.0,351.0,327.5,332.0,365,-47,0,-9,18.95,81.04,100.0,空
2026-05-06,7794,宏碁智新,33.15,33.2,32.65,32.8,72,0,0,-7,1.35,98.64,100.0,空
2026-05-06,7795,長廣,382.0,394.0,372.0,376.0,410,32,0,-1,6.61,93.38,100.0,空
2026-05-06,7796,擷發科,123.7,128.0,114.0,116.0,510,0,0,0,0.0,0.0,0.0,多
2026-05-06,7797,Q Burger,57.17,58.3,55.4,55.4,0,0,0,0,0.0,0.0,0.0,空
2026-05-06,7798,將捷,15.37,15.55,14.85,15.4,28,0,0,0,0.0,0.0,0.0,空
2026-05-06,7799,禾榮科,355.0,362.0,351.5,354.0,307,-3,0,-3,4.02,95.97,100.0,空
2026-05-06,7801,華芸科技,167.65,182.5,170.0,181.0,270,0,0,0,0.0,0.0,0.0,多
2026-05-06,7803,雲象科技-創,30.11,30.45,29.8,30.15,112,0,0,0,0.0,0.0,0.0,空
2026-05-06,7805,威聯通,735.0,735.0,710.0,718.0,83,-8,0,0,9.07,90.92,100.0,多
2026-05-06,7806,精華生醫,71.0,73.0,69.7,73.0,16,0,0,0,0.0,0.0,0.0,空
2026-05-06,7808,訊聯智藥,41.26,42.1,40.0,41.0,121,0,0,0,0.0,0.0,0.0,空
2026-05-06,7810,捷創科技,229.0,229.0,218.0,218.0,157,-23,0,0,0.57,99.42,100.0,空
2026-05-06,7811,民盛,83.6,83.6,79.8,81.5,149,-1,0,-18,0.32,99.67,100.0,多
2026-05-06,7812,稜研科技*,90.25,92.0,84.4,88.2,286,-29,0,0,0.0,0.0,0.0,空
2026-05-06,7813,宇辰系統,145.37,166.0,140.5,166.0,365,0,0,0,0.0,0.0,0.0,空
2026-05-06,7814,海昌生技,41.64,42.0,40.0,42.0,56,0,0,0,0.0,0.0,0.0,多
2026-05-06,7815,新特,502.6,505.0,443.0,471.0,363,0,0,0,0.0,0.0,0.0,空
2026-05-06,7816,來穎,70.41,69.3,68.0,68.5,59,3,0,0,0.0,0.0,0.0,空
2026-05-06,7818,溢泰實業,109.28,111.0,107.5,109.0,65,0,0,0,0.0,0.0,0.0,空
2026-05-06,7819,精誠金融,71.01,75.2,69.3,71.6,62,0,0,0,0.0,0.0,0.0,多
2026-05-06,7820,立盈,150.0,150.0,140.5,143.0,220,-6,0,-8,0.08,99.91,100.0,空
2026-05-06,7821,神數,47.6,47.6,46.45,46.65,481,-5,0,-1,0.23,99.76,100.0,空
2026-05-06,7822,倍利科,1425.0,1425.0,1320.0,1330.0,327,-38,0,1,0.46,99.53,100.0,空
2026-05-06,7823,奧義賽博-KY創,86.1,93.8,85.8,93.6,71,0,0,-1,25.75,74.24,100.0,多
2026-05-06,7824,智寶,43.94,44.0,43.75,44.0,3,0,0,0,0.0,0.0,0.0,多
2026-05-06,7825,和亞智慧,133.37,136.5,119.0,127.0,399,0,0,0,0.0,0.0,0.0,空
2026-05-06,7826,極風雲創,55.8,56.8,53.0,54.5,38,0,0,0,0.0,0.0,0.0,多
2026-05-06,7827,漢康-KY創,141.17,143.0,135.0,139.0,483,2,0,0,0.0,0.0,0.0,空
2026-05-06,7828,創新服務,1275.0,1280.0,1200.0,1230.0,396,37,0,-1,21.71,78.28,100.0,空
2026-05-06,7829,思捷優達-KY,44.44,45.0,43.0,43.55,325,0,0,0,0.0,0.0,0.0,空
2026-05-06,7831,捷博,37.1,0.0,0.0,0.0,0,0,0,0,0.0,0.0,0.0,空
2026-05-06,7832,智新生技*,12.94,13.15,12.85,13.0,222,0,0,0,0.0,0.0,0.0,空
2026-05-06,7833,綠岩能源,28.98,30.05,28.5,29.95,62,12,0,0,0.0,0.0,0.0,多
2026-05-06,7834,來毅數位,19.7,19.75,19.5,19.6,13,0,0,0,0.0,0.0,0.0,空
2026-05-06,7836,智生活,53.83,53.1,52.8,53.0,16,0,0,0,0.0,0.0,0.0,空
2026-05-06,7837,啟新生,101.69,0.0,0.0,0.0,0,0,0,0,0.0,0.0,0.0,空
2026-05-06,7839,達人網,60.0,62.0,62.0,62.0,0,0,0,0,0.0,0.0,0.0,多
2026-05-06,7840,祥圃,36.6,37.0,36.6,36.8,7,0,0,0,0.0,0.0,0.0,多
2026-05-06,7841,經貿聯網,30.2,30.4,30.4,30.4,0,0,0,0,0.0,0.0,0.0,空
2026-05-06,7842,天能綠電,151.01,155.0,151.5,152.5,40,0,0,0,0.0,0.0,0.0,空
2026-05-06,7843,英柏得,110.22,122.0,111.5,116.5,316,0,0,0,0.0,0.0,0.0,空
2026-05-06,7846,德揚,95.23,95.7,93.7,93.7,2,0,0,0,0.0,0.0,0.0,空
2026-05-06,7847,豊漁,22.42,23.4,22.4,23.0,5,0,0,0,0.0,0.0,0.0,多
2026-05-06,7848,騏億鑫,492.52,500.0,471.0,481.0,52,0,0,0,0.0,0.0,0.0,空
2026-05-06,7849,旭誼,142.82,149.5,136.0,138.0,30,0,0,0,0.0,0.0,0.0,空
2026-05-06,7850,寶泰生醫,20.81,21.1,20.5,20.65,107,0,0,0,0.0,0.0,0.0,空
2026-05-06,7851,慧康生技*-KY,30.83,32.0,30.15,32.0,27,0,0,0,0.0,0.0,0.0,空
2026-05-06,7853,政美應用,386.62,398.0,374.0,378.5,1127,2,0,0,0.0,0.0,0.0,空
2026-05-06,7854,佐茂,77.62,79.5,77.1,79.0,55,0,0,0,0.0,0.0,0.0,空
2026-05-06,7855,和運租車,102.41,104.5,99.9,99.9,14,0,0,0,0.0,0.0,0.0,空
2026-05-06,7856,漢測,3255.29,3565.0,3295.0,3395.0,136,-1,0,0,0.0,0.0,0.0,空
2026-05-06,7857,合水先進,49.88,55.2,48.5,55.1,109,0,0,0,0.0,0.0,0.0,空
2026-05-06,7858,芝普,256.75,259.5,238.0,238.5,344,0,0,0,0.0,0.0,0.0,空
2026-05-06,7860,得生製藥,61.4,61.4,61.4,61.4,0,0,0,0,0.0,0.0,0.0,空
2026-05-06,7861,貝爾威勒,875.76,914.0,867.0,904.0,193,0,0,0,0.0,0.0,0.0,空
2026-05-06,7862,聚泰,41.45,41.45,40.65,41.3,3,0,0,0,0.0,0.0,0.0,多
2026-05-06,7863,中科物流,45.6,45.6,45.6,45.6,0,0,0,0,0.0,0.0,0.0,空
2026-05-06,7865,金聯成,43.55,45.75,43.0,45.0,24,0,0,0,0.0,0.0,0.0,多
2026-05-06,7866,丹立,244.39,266.0,249.0,260.5,774,1,0,0,0.0,0.0,0.0,多
2026-05-06,7867,特力屋,54.89,55.2,54.8,55.0,27,0,0,0,0.0,0.0,0.0,多
2026-05-06,7868,聖育,92.77,101.5,90.1,95.0,222,0,0,0,0.0,0.0,0.0,空
2026-05-06,7869,宏于電機,408.7,415.0,400.0,402.0,8,0,0,0,0.0,0.0,0.0,空
2026-05-06,7870,聯剛科技,171.3,172.0,167.5,170.0,9,0,0,0,0.0,0.0,0.0,空
2026-05-06,7871,安立璽榮-KY,73.23,74.3,69.7,71.0,1123,0,0,0,0.0,0.0,0.0,空
2026-05-06,7872,登豐,76.38,78.0,68.4,74.7,246,0,0,0,0.0,0.0,0.0,空
2026-05-06,7875,安圖斯,139.93,152.5,144.0,145.0,36,0,0,0,0.0,0.0,0.0,空
2026-05-06,7876,鼎晉生技,38.87,39.65,38.5,38.5,156,0,0,0,0.0,0.0,0.0,空
2026-05-06,7877,海利普,41.27,42.3,40.15,41.0,106,0,0,0,0.0,0.0,0.0,多
2026-05-06,7878,藥祇,293.91,299.0,289.0,294.5,253,10,0,0,0.0,0.0,0.0,多
2026-05-06,7879,益材科技,141.5,148.5,133.0,139.5,934,0,0,0,0.0,0.0,0.0,多
2026-05-06,7880,聖凰,221.16,228.0,215.0,217.5,176,0,0,0,0.0,0.0,0.0,空
2026-05-06,7881,科明,99.92,113.0,99.6,108.5,134,0,0,0,0.0,0.0,0.0,多
2026-05-06,7882,倍利創投,22.96,23.1,22.45,22.95,261,0,0,0,0.0,0.0,0.0,多
2026-05-06,7883,饗賓,279.15,290.0,277.0,290.0,72,0,0,0,0.0,0.0,0.0,多
2026-05-06,7885,宏羚,22.8,22.4,22.4,22.4,0,0,0,0,0.0,0.0,0.0,空
2026-05-06,7886,科建,224.53,222.0,203.5,208.5,142,0,0,0,0.0,0.0,0.0,空
2026-05-06,7887,宇川精材,294.76,298.0,260.0,268.5,2477,0,0,0,0.0,0.0,0.0,空
2026-05-06,7888,麗寶新藥,39.92,40.6,40.0,40.0,5,0,0,0,0.0,0.0,0.0,空
2026-05-06,7889,騰勢,90.75,90.9,90.9,90.9,0,0,0,0,0.0,0.0,0.0,空
2026-05-06,7890,明曜科技,117.62,120.0,115.5,118.5,23,0,0,0,0.0,0.0,0.0,空
2026-05-06,7891,博研醫藥,22.53,22.95,22.3,22.55,15,0,0,0,0.0,0.0,0.0,空
2026-05-06,7892,元鈦科,993.04,1005.0,982.0,993.0,192,0,0,0,0.0,0.0,0.0,空
2026-05-06,7893,睿信,228.51,232.0,214.0,221.0,107,0,0,0,0.0,0.0,0.0,空
2026-05-06,7895,元進莊,70.64,70.8,70.0,70.5,30,0,0,0,0.0,0.0,0.0,空
2026-05-06,7896,喬越,325.39,329.0,300.0,314.0,44,0,0,0,0.0,0.0,0.0,空
2026-05-06,7897,禾迅綠電,41.72,40.05,39.0,39.0,11,0,0,0,0.0,0.0,0.0,空
2026-05-06,7899,景美,601.91,624.0,598.0,601.0,369,4,0,0,0.0,0.0,0.0,空
2026-05-06,7901,大大寬頻,75.71,76.5,73.6,76.4,11,0,0,0,0.0,0.0,0.0,空
2026-05-06,7902,宇越生醫*,41.8,42.7,40.25,42.25,143,0,0,0,0.0,0.0,0.0,空
2026-05-06,7904,任開數位,24.35,0.0,0.0,0.0,0,0,0,0,0.0,0.0,0.0,空
2026-05-06,7907,錸恩帕斯,289.24,313.5,281.5,290.0,150,0,0,0,0.0,0.0,0.0,-
2026-05-06,7909,鈺祥,989.64,1000.0,936.0,950.0,369,64,0,0,0.0,0.0,0.0,多
2026-05-06,7911,阿波羅電力,136.11,146.0,134.0,140.0,224,0,0,0,0.0,0.0,0.0,-
2026-05-06,7912,新聿科,422.2,431.5,361.5,380.0,410,0,0,0,0.0,0.0,0.0,-
2026-05-06,7915,廌家,772.69,799.0,686.0,711.0,228,10,0,0,0.0,0.0,0.0,-
2026-05-06,8011,台通,20.5,20.5,19.6,19.8,1757,-367,0,1,2.84,97.15,100.0,空
2026-05-06,8016,矽創,239.0,242.5,235.0,241.5,1703,336,-1,25,33.54,66.45,100.0,多
2026-05-06,8021,尖點,430.0,433.0,402.0,424.0,837,23,-40,-20,18.69,81.3,100.0,空
2026-05-06,8024,佑華,12.75,12.8,12.5,12.65,71,0,0,0,2.49,97.5,100.0,空
2026-05-06,8027,鈦昇,200.0,203.5,193.0,195.5,4258,698,0,-50,17.62,82.37,100.0,多
2026-05-06,8028,昇陽半導體,243.0,247.0,230.5,236.5,14362,-248,495,-356,21.8,78.19,100.0,多
2026-05-06,8032,光菱,43.25,43.3,41.55,41.8,236,-64,0,0,1.07,98.92,100.0,多
2026-05-06,8033,雷虎,155.0,155.0,149.0,150.5,3075,56,0,23,7.67,92.32,100.0,多
2026-05-06,8034,榮群,24.2,24.2,23.55,23.65,597,-170,0,0,9.39,90.6,100.0,空
2026-05-06,8038,長園科,44.2,44.45,42.7,44.3,488,-10,0,0,0.78,99.21,100.0,多
2026-05-06,8039,台虹,140.5,143.5,135.5,135.5,10953,-1153,-5,-47,13.95,86.04,100.0,空
2026-05-06,8040,九暘,89.9,89.9,79.7,80.6,10886,-858,0,6,2.35,97.64,100.0,多
2026-05-06,8042,金山電,75.0,77.8,71.5,77.3,25650,4831,0,-51,12.95,87.04,100.0,多
2026-05-06,8043,蜜望實,95.5,99.7,91.0,91.8,7197,-354,0,3,4.77,95.22,100.0,多
2026-05-06,8044,網家,22.55,22.7,22.15,22.55,374,-101,0,0,6.01,93.98,100.0,空
2026-05-06,8045,達運光電,76.8,76.8,73.0,75.5,243,-104,0,24,1.28,98.71,100.0,多
2026-05-06,8046,南電,1005.0,1025.0,901.0,940.0,22794,358,-331,-433,11.49,88.5,100.0,多
2026-05-06,8047,星雲,56.4,56.4,54.0,56.1,116,13,0,0,0.71,99.28,100.0,空
2026-05-06,8048,德勝,63.8,63.8,61.0,61.2,441,-175,0,-3,14.23,85.76,100.0,空
2026-05-06,8049,晶采,25.45,25.45,25.05,25.2,182,-63,0,0,2.59,97.4,100.0,多
2026-05-06,8050,廣積,45.2,45.2,44.0,44.35,979,-368,0,-17,3.33,96.66,100.0,多
2026-05-06,8054,安國,114.0,116.0,107.5,111.5,3420,-415,7,-13,12.88,87.11,100.0,多
2026-05-06,8058,耐特,120.57,122.0,117.0,119.5,367,-1,0,0,0.0,0.0,0.0,空
2026-05-06,8059,凱碩,21.9,21.9,20.5,20.6,554,-187,0,0,0.74,99.25,100.0,空
2026-05-06,8064,東捷,127.5,127.5,112.5,112.5,30156,-4219,0,-48,13.11,86.88,100.0,多
2026-05-06,8066,來思達,17.45,17.45,17.0,17.0,126,-14,0,0,2.94,97.05,100.0,空
2026-05-06,8067,志旭,13.4,13.4,12.75,13.15,3,0,0,0,8.42,91.57,100.0,多
2026-05-06,8068,全達,24.75,25.0,23.65,23.8,352,-75,0,0,10.04,89.95,100.0,多
2026-05-06,8069,元太,141.5,151.5,141.0,145.5,15898,-1206,0,80,36.51,63.48,100.0,空
2026-05-06,8070,長華*,49.5,49.95,48.25,48.85,3555,167,-11,-33,9.54,90.45,100.0,多
2026-05-06,8071,能率網通,17.9,18.15,17.15,17.7,1444,-17,0,-5,4.76,95.23,100.0,多
2026-05-06,8072,陞泰,28.65,28.65,27.95,28.35,151,-19,0,-3,1.6,98.39,100.0,空
2026-05-06,8074,鉅橡,92.6,93.5,81.8,84.5,8620,-703,0,-80,9.53,90.46,100.0,多
2026-05-06,8076,伍豐,22.75,22.85,22.35,22.45,1278,-110,0,0,5.78,94.21,100.0,空
2026-05-06,8077,洛碁,0.0,0.0,0.0,0.0,0,0,0,0,51.12,48.87,100.0,空
2026-05-06,8080,永利聯合,28.55,29.7,28.5,29.65,49,0,0,0,0.12,99.87,100.0,多
2026-05-06,8080,泰霖,28.55,29.7,28.5,29.65,49,0,0,0,0.12,99.87,100.0,多
2026-05-06,8081,致新,268.0,271.0,262.5,265.0,1185,12,0,8,21.85,78.14,100.0,多
2026-05-06,8083,瑞穎,178.0,179.0,175.5,176.0,59,-13,0,0,3.75,96.24,100.0,多
2026-05-06,8084,巨虹,45.0,45.3,44.85,45.3,93,11,0,0,1.17,98.82,100.0,多
2026-05-06,8085,福華,12.7,12.75,12.25,12.3,698,153,0,0,3.99,96.0,100.0,空
2026-05-06,8086,宏捷科,159.5,163.0,151.5,156.0,14436,379,0,-211,29.42,70.57,100.0,多
2026-05-06,8087,華鎂鑫,33.0,33.6,32.9,33.1,63,3,0,0,3.13,96.86,100.0,空
2026-05-06,8087,麗升能源,33.0,33.6,32.9,33.1,63,3,0,0,3.13,96.86,100.0,空
2026-05-06,8088,品安,55.2,56.4,53.8,54.2,7018,-94,0,0,4.16,95.83,100.0,多
2026-05-06,8089,康全電訊,21.65,21.65,20.35,20.5,343,-18,0,0,3.82,96.17,100.0,多
2026-05-06,8091,翔名,194.0,194.0,185.5,190.0,723,102,0,4,12.22,87.77,100.0,空
2026-05-06,8092,建暐,16.8,18.5,16.8,17.95,228,1,0,0,0.52,99.47,100.0,多
2026-05-06,8093,保銳,19.75,19.9,19.5,19.5,10,2,0,0,0.04,99.95,100.0,空
2026-05-06,8096,擎亞,100.5,105.5,96.6,96.8,37228,4292,0,-30,26.38,73.61,100.0,空
2026-05-06,8097,常珵,52.0,52.1,51.1,51.3,26,5,0,0,2.01,97.98,100.0,空
2026-05-06,8098,慶康科技,390.67,401.5,374.5,389.0,82,-3,0,0,0.0,0.0,0.0,空
2026-05-06,8099,大世科,64.0,64.0,62.9,62.9,53,-18,0,0,3.47,96.52,100.0,空
2026-05-06,8101,華冠,12.55,12.55,12.5,12.5,4,0,0,0,0.05,99.94,100.0,空
2026-05-06,8102,傑霖科技,71.5,71.5,69.4,69.5,49,-2,0,0,0.08,99.91,100.0,空
2026-05-06,8103,瀚荃,123.0,125.0,113.0,117.0,3788,-8,0,-87,25.63,74.36,100.0,多
2026-05-06,8104,錸寶,35.8,35.8,34.5,34.55,840,-110,0,0,1.63,98.36,100.0,空
2026-05-06,8105,凌巨,13.6,13.7,13.25,13.4,1259,155,0,-14,40.39,59.6,100.0,空
2026-05-06,8107,大億金茂,12.75,12.75,12.5,12.55,189,-1,0,0,0.82,99.17,100.0,空
2026-05-06,8109,博大,123.5,123.5,118.0,121.0,383,-48,0,2,5.64,94.35,100.0,多
2026-05-06,8110,華東,53.0,54.3,51.7,51.9,45484,-3196,0,61,2.93,97.06,100.0,多
2026-05-06,8111,立碁,71.5,71.7,66.2,68.6,3919,-684,0,-346,12.7,87.29,100.0,空
2026-05-06,8112,至上,86.8,90.5,86.0,86.8,29907,4111,63,47,25.19,74.8,100.0,空
2026-05-06,8114,振樺電,181.0,181.0,176.0,177.5,694,-82,0,-2,12.45,87.46,100.0,空
2026-05-06,8119,公信,12.37,14.3,12.3,13.7,936,0,0,0,0.0,0.0,0.0,空
2026-05-06,8121,越峰,32.95,33.15,29.8,30.75,3160,-52,0,-1,1.68,98.3,100.0,多
2026-05-06,8131,福懋科,72.6,75.0,70.6,72.8,27974,-636,0,340,3.35,96.64,100.0,多
2026-05-06,8147,正淩,180.0,180.0,160.0,169.0,1701,-411,0,-6,14.8,85.19,100.0,多
2026-05-06,8150,南茂,92.5,92.5,87.5,89.2,74820,15843,100,275,52.39,47.6,100.0,多
2026-05-06,8155,博智,474.5,475.0,412.0,444.0,7531,-910,604,19,11.96,88.03,100.0,多
2026-05-06,8162,微矽電子-創,53.0,57.2,52.3,52.8,1274,-166,0,-1,1.18,98.81,100.0,多
2026-05-06,8163,達方,27.8,28.4,27.55,28.3,1634,447,0,-22,6.37,93.62,100.0,多
2026-05-06,8171,天宇,22.55,22.65,22.05,22.2,259,37,0,0,2.89,97.1,100.0,空
2026-05-06,8176,智捷,10.25,10.3,10.1,10.3,266,-8,0,0,0.91,99.08,100.0,空
2026-05-06,8182,加高,41.8,41.8,38.8,39.2,558,-10,0,-78,51.57,48.42,100.0,空
2026-05-06,8183,精星,34.85,34.9,33.55,33.8,404,-132,0,-10,3.71,96.28,100.0,空
2026-05-06,8201,無敵,12.8,12.8,12.6,12.7,65,8,0,0,0.73,99.26,100.0,空
2026-05-06,8210,勤誠,1275.0,1350.0,1215.0,1325.0,5188,-643,642,18,13.01,86.93,100.0,多
2026-05-06,8213,志超,37.4,37.4,36.65,37.0,657,114,0,-104,21.87,78.12,100.0,空
2026-05-06,8215,明基材,30.95,31.2,29.95,31.2,8642,592,0,22,2.89,97.1,100.0,多
2026-05-06,8222,寶一,38.2,38.3,36.5,37.1,375,-6,0,3,2.82,97.17,100.0,多
2026-05-06,8227,巨有科技,190.0,190.5,176.0,185.5,5638,-66,0,183,3.54,96.45,100.0,多
2026-05-06,8234,新漢,77.7,78.4,72.9,74.0,5374,-1328,0,-8,6.32,93.67,100.0,多
2026-05-06,8240,華宏,70.0,70.0,64.5,69.9,4959,-559,0,-3,7.43,92.56,100.0,空
2026-05-06,8249,菱光,51.5,51.5,49.45,49.9,717,-69,0,-3,1.64,98.35,100.0,多
2026-05-06,8255,朋程,150.0,150.5,141.0,143.0,1402,-196,0,-28,11.65,88.34,100.0,多
2026-05-06,8261,富鼎,127.0,127.0,120.5,122.0,3324,-131,3,-76,7.65,92.34,100.0,空
2026-05-06,8271,宇瞻,245.0,245.0,236.5,243.0,1546,175,-4,84,17.72,82.27,100.0,多
2026-05-06,8272,全景軟體,71.5,71.5,69.0,69.0,34,0,0,0,0.24,99.75,100.0,空
2026-05-06,8277,商丞,7.58,7.58,7.31,7.31,142,-12,0,0,1.9,98.09,100.0,多
2026-05-06,8279,生展,97.0,97.0,96.2,96.9,16,1,0,0,5.5,94.49,100.0,空
2026-05-06,8284,三竹,64.1,65.0,63.7,63.7,31,0,0,0,0.99,99.0,100.0,空
2026-05-06,8289,泰藝,50.0,50.0,47.35,47.8,1025,-52,0,-52,4.61,95.38,100.0,空
2026-05-06,8291,尚茂,29.3,29.3,27.0,29.3,163,0,0,0,73.43,26.56,100.0,多
2026-05-06,8298,威睿,51.41,53.5,47.0,50.5,90,-1,0,0,0.0,0.0,0.0,空
2026-05-06,8299,群聯,2300.0,2325.0,2235.0,2325.0,13302,2478,864,335,39.43,60.56,100.0,多
2026-05-06,8329,台視,10.51,10.65,10.6,10.65,49,0,0,0,0.0,0.0,0.0,空
2026-05-06,8341,日友,75.6,76.6,75.0,75.3,500,76,0,2,4.17,95.82,100.0,空
2026-05-06,8342,益張,87.1,90.0,87.0,87.6,4,1,0,0,0.17,99.82,100.0,空
2026-05-06,8345,超秦,55.8,56.9,55.8,56.8,21,0,0,0,0.0,0.0,0.0,多
2026-05-06,8349,恒耀,44.9,44.9,43.5,43.5,156,-39,0,0,1.32,98.67,100.0,空
2026-05-06,8354,冠好,15.6,15.75,15.1,15.25,165,8,0,0,0.74,99.25,100.0,空
2026-05-06,8358,金居,448.5,458.5,406.5,458.5,10916,2454,6,-272,35.6,64.39,100.0,多
2026-05-06,8359,錢櫃,66.53,66.9,63.7,65.7,117,0,0,0,0.0,0.0,0.0,空
2026-05-06,8367,建新國際,41.9,42.8,41.9,42.05,123,1,0,0,2.06,97.93,100.0,空
2026-05-06,8374,羅昇,95.0,96.0,90.0,91.0,2870,238,0,9,2.47,97.52,100.0,多
2026-05-06,8383,千附,65.0,65.1,61.9,63.5,2179,266,0,-6,16.58,83.41,100.0,空
2026-05-06,8390,金益鼎,90.4,91.9,89.3,91.6,892,150,0,22,16.71,83.28,100.0,多
2026-05-06,8401,白紗科,24.6,24.65,24.4,24.45,67,5,0,0,0.23,99.76,100.0,多
2026-05-06,8403,盛弘,21.4,21.4,21.1,21.25,424,-81,0,0,1.75,98.24,100.0,空
2026-05-06,8404,百和興業-KY,16.9,17.15,16.65,16.85,320,20,0,0,53.07,46.92,100.0,多
2026-05-06,8409,商之器,20.1,20.15,19.85,19.85,47,0,0,0,0.12,99.87,100.0,空
2026-05-06,8410,森田,36.5,36.9,36.45,36.7,11,1,0,0,0.78,99.21,100.0,空
2026-05-06,8411,福貞-KY,12.2,12.2,12.05,12.15,85,22,0,-1,53.77,46.22,100.0,空
2026-05-06,8415,大國鋼,33.85,33.9,33.6,33.85,378,-28,0,-37,6.18,93.81,100.0,多
2026-05-06,8416,實威,171.5,172.5,171.5,172.5,4,0,0,0,0.76,99.23,100.0,空
2026-05-06,8421,旭源,13.75,14.0,13.65,13.65,69,-2,0,0,0.87,99.12,100.0,多
2026-05-06,8422,可寧衛,28.7,28.7,27.8,27.85,9948,-3217,-158,-26,4.28,95.71,100.0,空
2026-05-06,8422,可寧衛*,28.7,28.7,27.8,27.85,9948,-3217,-158,-26,4.28,95.71,100.0,空
2026-05-06,8423,保綠-KY,17.9,17.9,17.9,17.9,3,0,0,0,24.81,75.18,100.0,空
2026-05-06,8424,惠普,74.2,74.3,74.0,74.2,20,-1,0,0,0.5,99.49,100.0,空
2026-05-06,8426,紅木-KY,23.9,24.2,23.15,23.15,42,-4,0,0,67.53,32.46,100.0,空
2026-05-06,8429,金麗-KY,6.48,6.54,6.46,6.48,246,-1,0,-1,30.26,69.73,100.0,空
2026-05-06,8431,匯鑽科,63.5,63.5,61.3,62.0,1137,-144,0,12,2.78,97.21,100.0,空
2026-05-06,8432,東生華,50.3,50.8,50.1,50.3,45,0,0,0,1.02,98.97,100.0,空
2026-05-06,8433,弘帆,54.2,54.4,53.8,54.0,52,-13,0,-4,1.33,98.66,100.0,空
2026-05-06,8435,鉅邁,56.0,56.4,56.0,56.4,28,1,0,0,0.54,99.45,100.0,空
2026-05-06,8436,大江,121.0,121.0,118.5,119.0,437,-137,-14,-1,14.51,85.48,100.0,多
2026-05-06,8437,大地-KY,11.8,12.0,11.7,11.7,45,-1,0,0,24.09,75.9,100.0,空
2026-05-06,8438,昶昕,93.4,93.8,85.8,89.4,1627,-263,0,-3,3.78,96.21,100.0,空
2026-05-06,8440,綠電,21.1,21.4,21.0,21.1,119,-3,0,0,1.37,98.62,100.0,空
2026-05-06,8442,威宏-KY,50.3,50.3,49.6,50.0,23,0,0,0,58.02,41.97,100.0,多
2026-05-06,8443,阿瘦,11.75,11.75,11.7,11.75,25,5,0,0,3.83,96.16,100.0,空
2026-05-06,8444,綠河-KY,6.0,6.61,6.0,6.5,59,-7,0,0,58.59,41.4,100.0,多
2026-05-06,8446,華研,83.3,85.0,82.8,84.5,182,-47,0,0,4.86,95.13,100.0,空
2026-05-06,8450,霹靂,16.6,16.6,16.1,16.35,51,6,0,0,0.62,49.36,49.99,空
2026-05-06,8454,富邦媒,181.0,181.0,178.5,180.5,633,134,80,0,12.83,87.16,100.0,多
2026-05-06,8455,大拓-KY,26.0,26.7,23.3,26.1,109,0,0,0,87.8,12.19,100.0,多
2026-05-06,8458,影一,14.76,16.2,15.4,16.15,32,0,0,0,0.0,0.0,0.0,多
2026-05-06,8462,柏文,148.5,149.5,146.0,147.5,112,3,0,0,4.11,95.88,100.0,多
2026-05-06,8463,潤泰材,22.7,22.7,22.1,22.4,36,18,0,-2,0.43,99.56,100.0,多
2026-05-06,8464,億豐,348.5,350.0,338.5,340.0,1316,52,-122,-3,41.89,58.1,100.0,空
2026-05-06,8466,美吉吉-KY,15.4,15.5,15.2,15.45,69,12,0,0,50.34,49.65,100.0,空
2026-05-06,8467,波力-KY,142.5,144.5,136.0,139.5,88,-1,0,0,46.47,53.52,100.0,空
2026-05-06,8472,夠麻吉,69.9,70.8,68.2,70.8,49,0,0,0,1.28,98.71,100.0,空
2026-05-06,8473,山林水,35.2,35.4,35.0,35.15,566,-85,0,0,1.73,98.26,100.0,空
2026-05-06,8476,台境,17.3,17.3,17.1,17.2,354,-40,0,0,1.24,98.75,100.0,空
2026-05-06,8476,台境*,17.3,17.3,17.1,17.2,354,-40,0,0,1.24,98.75,100.0,空
2026-05-06,8477,創業家,14.3,14.3,13.9,14.05,54,-3,0,0,0.17,99.82,100.0,多
2026-05-06,8478,東哥遊艇,170.0,173.5,168.0,169.5,379,-1,0,-6,40.21,59.78,100.0,空
2026-05-06,8481,政伸,41.5,41.5,40.9,40.9,16,7,0,0,0.37,99.62,100.0,空
2026-05-06,8482,商億-KY,50.4,50.4,50.0,50.1,15,10,0,0,91.73,8.26,100.0,多
2026-05-06,8487,愛爾達-創,76.5,77.0,76.1,76.6,28,3,0,1,0.95,49.03,49.99,空
2026-05-06,8488,吉源-KY,10.1,10.2,9.99,10.1,12,3,0,-2,69.84,30.15,100.0,多
2026-05-06,8489,三貝德,25.45,25.6,24.9,25.15,134,3,0,-4,3.68,96.31,100.0,空
2026-05-06,8499,鼎炫-KY,264.5,265.0,258.5,262.0,103,-20,0,0,71.67,28.32,100.0,空
2026-05-06,8905,裕國,38.3,38.3,37.1,38.3,19,-6,0,-1,0.48,99.51,100.0,空
2026-05-06,8906,花王,26.95,26.95,25.8,25.8,88,-14,0,-1,0.5,99.49,100.0,空
2026-05-06,8908,欣雄,39.3,39.3,38.9,38.95,276,-30,0,0,0.27,99.72,100.0,空
2026-05-06,8916,光隆,47.0,47.3,46.2,47.0,246,-4,0,-10,3.13,96.86,100.0,空
2026-05-06,8917,欣泰,52.5,53.5,52.5,53.3,18,2,0,-2,1.35,98.64,100.0,多
2026-05-06,8921,沈氏,18.8,18.8,18.8,18.8,1,0,0,0,0.18,99.81,100.0,多
2026-05-06,8923,時報,0.0,0.0,0.0,0.0,0,0,0,0,4.14,95.85,100.0,空
2026-05-06,8924,大田,63.4,65.0,62.0,64.0,1590,-114,0,109,2.82,97.17,100.0,空
2026-05-06,8926,台汽電,47.8,47.8,46.3,46.7,1887,-419,0,-16,9.73,90.26,100.0,多
2026-05-06,8927,北基,23.0,23.0,21.0,21.15,996,-511,0,0,3.74,96.25,100.0,空
2026-05-06,8928,鉅明,21.0,21.0,20.6,20.75,39,-4,0,0,0.27,99.72,100.0,空
2026-05-06,8929,富堡,14.8,14.85,14.6,14.6,111,8,0,0,0.5,99.49,100.0,空
2026-05-06,8930,青鋼,29.9,30.15,29.7,29.95,49,-16,0,0,2.67,97.32,100.0,多
2026-05-06,8931,大汽電,42.4,42.4,41.3,41.6,49,-4,0,0,0.29,99.7,100.0,多
2026-05-06,8932,智通*,93.1,93.9,89.9,92.0,2953,-748,0,-29,28.7,71.29,100.0,多
2026-05-06,8933,愛地雅,5.97,5.97,5.89,5.92,524,-80,0,0,0.92,99.07,100.0,空
2026-05-06,8935,邦泰,18.9,18.95,18.4,18.55,270,-37,0,0,0.93,99.06,100.0,多
2026-05-06,8936,國統,52.6,52.9,52.0,52.5,2851,606,-9,13,10.52,89.47,100.0,多
2026-05-06,8937,合騏*,36.95,37.45,36.0,36.0,484,-17,0,-12,5.54,94.45,100.0,多
2026-05-06,8938,明安,58.1,58.1,56.5,56.8,785,-150,0,-1,8.1,91.89,100.0,空
2026-05-06,8940,新天地,18.05,18.5,17.85,18.3,88,12,0,-3,8.4,91.59,100.0,多
2026-05-06,8941,關中,43.8,44.5,43.6,44.15,38,1,0,0,0.18,99.81,100.0,空
2026-05-06,8942,森鉅,43.85,43.85,42.6,42.9,486,-107,0,23,13.92,86.07,100.0,空
2026-05-06,8996,高力,1220.0,1240.0,1080.0,1165.0,4149,1026,-485,-188,33.79,66.2,100.0,空
2026-05-06,8999,台灣積層,36.99,37.5,36.6,37.4,12,0,0,0,0.0,0.0,0.0,多
2026-05-06,9103,美德醫療-DR,4.65,4.65,4.59,4.63,537,-35,0,0,1.07,98.92,100.0,空
2026-05-06,9105,泰金寶-DR,5.88,5.94,5.74,5.8,20763,-1113,0,-55,1.58,98.41,100.0,多
2026-05-06,9110,越南控-DR,2.98,3.05,2.82,2.98,13,0,0,0,0.04,99.95,100.0,多
2026-05-06,9136,巨騰-DR,0.0,0.0,0.0,0.0,0,0,0,0,3.39,96.6,100.0,空
2026-05-06,9802,鈺齊-KY,82.0,82.0,78.2,79.9,1147,-340,221,-3,42.08,57.91,100.0,多
2026-05-06,9902,台火,14.5,14.5,14.25,14.35,125,-2,0,-7,1.72,98.27,100.0,多
2026-05-06,9904,寶成,25.7,25.8,25.5,25.6,10258,-3630,-1009,-112,39.21,60.78,100.0,空
2026-05-06,9905,大華,21.3,21.5,21.3,21.45,72,37,0,-1,2.22,97.77,100.0,空
2026-05-06,9906,欣巴巴,37.6,37.8,37.45,37.6,92,45,0,2,1.33,98.66,100.0,空
2026-05-06,9907,統一實,17.5,17.5,17.3,17.3,7444,-3406,319,-108,15.84,84.15,100.0,空
2026-05-06,9908,大台北,29.7,29.7,29.3,29.5,486,99,0,0,1.31,98.68,100.0,多
2026-05-06,9910,豐泰,69.3,69.3,67.7,68.8,2913,-1111,511,-5,9.14,90.85,100.0,空
2026-05-06,9911,櫻花,83.1,83.6,82.9,83.3,347,210,0,-11,18.51,81.48,100.0,多
2026-05-06,9912,偉聯,12.85,13.0,12.6,12.65,264,6,0,4,15.76,84.23,100.0,多
2026-05-06,9914,美利達,58.1,58.1,56.0,56.4,1736,-409,0,-6,21.65,78.34,100.0,多
2026-05-06,9917,中保科,113.5,113.5,112.0,113.5,380,116,0,-5,39.86,60.13,100.0,空
2026-05-06,9918,欣天然,43.85,43.85,43.35,43.6,69,22,0,0,2.56,97.43,100.0,多
2026-05-06,9919,康那香,14.2,14.35,14.15,14.25,260,7,0,2,4.5,95.49,100.0,空
2026-05-06,9921,巨大,69.5,69.9,68.7,68.8,1581,179,0,2,27.04,72.95,100.0,多
2026-05-06,9924,福興,43.8,43.8,43.1,43.3,169,-2,0,0,10.74,89.25,100.0,空
2026-05-06,9925,新保,40.6,40.6,40.25,40.35,227,41,0,0,17.61,82.38,100.0,空
2026-05-06,9926,新海,49.6,49.6,49.25,49.45,52,23,0,0,0.44,99.55,100.0,空
2026-05-06,9927,泰銘,68.3,68.5,67.8,68.5,136,-29,0,3,6.65,93.34,100.0,空
2026-05-06,9928,中視,17.85,17.85,17.55,17.7,38,0,0,0,0.0,0.0,0.0,空
2026-05-06,9929,秋雨,11.9,11.9,11.5,11.85,26,11,0,2,0.42,99.57,100.0,空
2026-05-06,9930,中聯資源,69.9,70.0,69.5,70.0,102,16,0,-19,2.03,97.96,100.0,空
2026-05-06,9931,欣高,35.15,35.15,34.0,34.35,223,19,0,0,0.75,99.24,100.0,空
2026-05-06,9933,中鼎,36.8,37.0,36.35,36.8,2948,1049,0,-3,15.51,84.48,100.0,空
2026-05-06,9934,成霖,9.15,9.15,9.02,9.08,528,-98,0,33,12.69,87.3,100.0,空
2026-05-06,9935,慶豐富,18.1,18.2,18.0,18.05,345,-58,0,-11,5.44,94.55,100.0,空
2026-05-06,9937,全國,56.6,56.9,56.3,56.8,82,68,0,0,1.71,98.28,100.0,空
2026-05-06,9938,百和,45.6,45.9,45.1,45.6,2009,-350,344,-5,11.12,88.87,100.0,多
2026-05-06,9939,宏全,112.5,112.5,111.0,111.0,891,-335,-35,1,13.76,86.23,100.0,空
2026-05-06,9940,信義,19.75,19.8,19.6,19.75,571,-217,0,27,3.74,96.25,100.0,多
2026-05-06,9941,裕融,75.7,76.1,75.4,75.8,1552,-244,218,-49,7.5,92.49,100.0,空
2026-05-06,9942,茂順,120.0,120.0,118.5,119.5,130,34,0,0,4.31,95.68,100.0,多
2026-05-06,9943,好樂迪,57.5,58.1,57.1,57.2,147,17,0,3,1.21,98.78,100.0,多
2026-05-06,9944,新麗,16.25,16.45,16.2,16.45,68,24,0,-2,1.06,98.93,100.0,空
2026-05-06,9945,潤泰新,23.55,23.65,23.3,23.45,6349,1863,0,31,8.61,91.38,100.0,空
2026-05-06,9946,三發地產,15.85,15.85,15.55,15.65,428,30,0,-16,2.35,97.64,100.0,空
2026-05-06,9949,琉園,24.75,24.75,24.4,24.4,35,-2,0,0,2.6,97.39,100.0,空
2026-05-06,9950,萬國通,10.65,10.65,10.5,10.5,51,-8,0,0,0.06,99.93,100.0,空
2026-05-06,9951,皇田,54.3,54.3,53.4,53.8,149,-19,0,0,5.16,94.83,100.0,空
2026-05-06,9955,佳龍,30.2,30.2,29.55,29.6,360,-63,0,-2,4.96,95.03,100.0,空
2026-05-06,9957,燁聯,6.74,6.79,6.48,6.5,878,0,0,0,0.0,0.0,0.0,空
2026-05-06,9958,世紀鋼,102.5,103.5,100.5,101.5,1444,-116,0,-16,12.69,87.3,100.0,多
2026-05-06,9960,邁達康,34.9,35.15,34.8,34.8,691,22,0,18,8.91,91.08,100.0,多
2026-05-06,9962,有益,9.56,9.56,9.4,9.52,85,2,0,0,0.32,99.67,100.0,空
