date,stock_id,stock_name,open,high,low,close,volume,foreign_buy,trust_buy,dealer_buy,foreign_hold_ratio,foreign_remain_ratio,foreign_limit_ratio
2026-05-22,0050,元大台灣50,96.3,97.3,96.0,97.3,64288,7809,85,16868,3.06,96.93,100.0
2026-05-22,0051,元大中型100,133.6,136.4,133.6,136.4,91,0,0,25,0.59,99.4,100.0
2026-05-22,0052,富邦科技,56.85,57.7,56.6,57.65,33005,8676,0,5976,2.29,97.7,100.0
2026-05-22,0053,元大電子,224.95,226.5,224.4,225.85,26,0,0,8,1.36,98.63,100.0
2026-05-22,0055,元大MSCI金融,33.95,34.0,33.71,33.9,321,29,0,-29,0.71,99.28,100.0
2026-05-22,0056,元大高股息,45.82,46.41,45.66,46.35,56808,10407,0,24693,0.87,99.12,100.0
2026-05-22,0057,富邦摩台,287.5,289.45,286.6,289.4,6,0,0,1,6.75,93.24,100.0
2026-05-22,0061,元大寶滬深,24.88,24.88,24.6,24.69,279,-13,0,102,4.44,95.55,100.0
2026-05-22,1101,台泥,24.2,24.2,23.95,24.1,22434,-9598,-20,-273,15.16,84.83,100.0
2026-05-22,1102,亞泥,34.6,34.8,34.4,34.4,11752,-4437,299,-291,15.84,84.15,100.0
2026-05-22,1103,嘉泥,13.0,13.15,12.95,13.1,183,13,0,0,4.49,95.5,100.0
2026-05-22,1104,環泥,27.5,27.6,27.45,27.55,410,-149,0,0,15.5,84.49,100.0
2026-05-22,1108,幸福,13.8,13.8,13.5,13.55,687,148,0,0,1.23,98.76,100.0
2026-05-22,1109,信大,14.65,14.65,14.4,14.55,402,-5,0,4,2.25,97.74,100.0
2026-05-22,1110,東泥,14.0,14.2,14.0,14.2,151,-28,0,0,5.81,94.18,100.0
2026-05-22,1201,味全,12.1,12.1,11.95,12.05,496,-128,0,0,5.01,94.98,100.0
2026-05-22,1203,味王,42.4,42.8,42.3,42.6,42,-2,0,0,1.71,98.28,100.0
2026-05-22,1210,大成,53.0,53.0,52.3,52.4,2137,-1442,-10,0,11.97,88.02,100.0
2026-05-22,1213,大飲,8.75,8.75,8.25,8.47,15,0,0,0,0.01,99.98,100.0
2026-05-22,1215,卜蜂,143.0,145.0,143.0,143.0,1442,-527,37,-1,34.88,65.11,100.0
2026-05-22,1216,統一,72.8,72.9,71.4,71.5,18384,-12079,5472,-336,32.42,67.57,100.0
2026-05-22,1217,愛之味,9.42,9.45,9.37,9.42,523,109,0,0,7.46,92.53,100.0
2026-05-22,1218,泰山,18.55,18.65,18.45,18.65,470,-133,0,0,3.83,96.16,100.0
2026-05-22,1219,福壽,12.55,12.55,12.4,12.45,585,-313,0,0,5.56,94.43,100.0
2026-05-22,1220,台榮,11.9,11.9,11.8,11.85,122,-10,0,0,7.09,92.9,100.0
2026-05-22,1225,福懋油,29.1,29.45,28.9,29.45,81,-13,0,1,1.3,98.69,100.0
2026-05-22,1227,佳格,28.5,28.55,28.35,28.45,634,-29,0,4,5.54,94.45,100.0
2026-05-22,1229,聯華,38.9,39.05,38.55,38.7,3163,-1267,0,3,8.99,91.0,100.0
2026-05-22,1231,聯華食,86.6,86.6,85.8,85.8,302,-124,0,-1,2.58,97.41,100.0
2026-05-22,1232,大統益,148.0,148.0,147.5,147.5,74,-21,0,0,2.59,97.4,100.0
2026-05-22,1233,天仁,28.9,28.9,28.8,28.8,5,0,0,0,5.68,94.31,100.0
2026-05-22,1234,黑松,33.75,33.85,33.55,33.55,137,-24,0,0,4.7,95.29,100.0
2026-05-22,1235,興泰,37.3,39.25,37.15,38.35,14,1,0,-1,0.25,99.74,100.0
2026-05-22,1236,宏亞,23.6,24.0,23.6,24.0,23,3,0,0,0.45,99.54,100.0
2026-05-22,1240,茂生農經,57.7,57.8,57.7,57.7,14,0,0,-7,3.65,96.34,100.0
2026-05-22,1256,鮮活果汁-KY,189.5,189.5,183.0,183.5,90,-27,0,0,4.73,95.26,100.0
2026-05-22,1259,安心,56.3,57.0,55.9,56.8,26,-5,0,0,26.12,73.87,100.0
2026-05-22,1260,富味鄉,24.21,25.8,23.8,24.8,94,11,0,0,0.0,0.0,0.0
2026-05-22,1264,德麥,273.0,273.0,272.5,273.0,16,-3,0,-3,1.72,98.27,100.0
2026-05-22,1268,漢來美食,170.0,171.5,167.5,171.5,144,-2,0,0,1.57,98.42,100.0
2026-05-22,1269,乾杯,70.71,70.8,67.5,70.8,0,0,0,0,0.0,0.0,0.0
2026-05-22,1271,晨暉生技,62.46,63.0,61.3,63.0,48,0,0,0,0.0,0.0,0.0
2026-05-22,1293,利統,27.9,28.25,26.9,28.25,6,0,0,0,0.0,0.0,0.0
2026-05-22,1294,漢田生技,78.0,78.0,77.8,77.8,15,1,0,0,0.69,99.3,100.0
2026-05-22,1295,生合,51.0,52.0,51.0,51.9,38,11,0,0,2.26,97.73,100.0
2026-05-22,1301,台塑,45.85,45.95,45.2,45.25,12293,-3576,-6,3,30.45,69.54,100.0
2026-05-22,1303,南亞,88.0,89.1,86.7,86.7,45973,-13197,-18,-98,32.71,67.28,100.0
2026-05-22,1304,台聚,12.25,12.35,12.0,12.3,5023,716,0,41,28.16,71.83,100.0
2026-05-22,1305,華夏,12.5,12.5,12.2,12.4,3403,446,0,-1,4.26,95.73,100.0
2026-05-22,1307,三芳,31.6,31.8,31.5,31.5,517,2,-9,0,6.89,93.1,100.0
2026-05-22,1308,亞聚,13.1,13.4,13.0,13.3,2355,644,0,-9,4.26,95.73,100.0
2026-05-22,1309,台達化,15.35,15.8,15.25,15.75,4331,888,0,-15,2.78,97.21,100.0
2026-05-22,1310,台苯,8.03,8.08,7.9,7.98,3803,-729,0,-17,4.5,95.49,100.0
2026-05-22,1312,國喬,10.65,10.65,10.25,10.4,5402,-662,0,-12,4.1,95.89,100.0
2026-05-22,1313,聯成,10.7,10.7,10.45,10.65,2240,702,0,9,5.87,94.12,100.0
2026-05-22,1314,中石化,7.21,7.24,7.06,7.08,19582,-6088,0,17,8.73,91.26,100.0
2026-05-22,1315,達新,60.4,61.1,60.4,60.9,21,-3,0,0,1.25,98.74,100.0
2026-05-22,1316,上曜,10.75,10.75,10.35,10.4,2522,-661,0,0,4.24,95.75,100.0
2026-05-22,1319,東陽,80.9,82.4,80.1,81.6,3108,435,-6,-26,7.6,92.39,100.0
2026-05-22,1321,大洋,29.5,29.65,29.1,29.35,303,-74,0,0,6.74,93.25,100.0
2026-05-22,1323,永裕,20.4,20.4,19.7,20.1,114,-10,0,-2,1.09,98.9,100.0
2026-05-22,1324,地球,10.35,10.35,10.15,10.2,116,20,0,2,0.82,99.17,100.0
2026-05-22,1325,恆大,26.95,26.95,26.55,26.6,428,-104,0,0,1.18,98.81,100.0
2026-05-22,1326,台化,45.5,45.75,45.15,45.55,11219,-2858,0,43,36.78,63.21,100.0
2026-05-22,1336,台翰,13.05,13.15,13.05,13.1,119,39,0,0,4.42,95.57,100.0
2026-05-22,1337,再生-KY,4.81,4.83,4.68,4.8,455,-42,0,0,26.04,73.95,100.0
2026-05-22,1338,廣華-KY,15.5,16.0,15.5,15.85,178,50,0,0,6.13,93.86,100.0
2026-05-22,1339,昭輝,41.2,41.2,40.5,40.7,98,13,0,0,1.05,98.94,100.0
2026-05-22,1340,勝悅-KY,5.45,5.52,5.3,5.45,259,61,0,-11,26.57,73.42,100.0
2026-05-22,1341,富林-KY,62.0,62.0,61.3,61.3,8,1,0,0,79.88,20.11,100.0
2026-05-22,1342,八貫,93.2,95.3,93.0,94.2,354,74,0,0,30.37,69.62,100.0
2026-05-22,1343,旭東環保,19.81,21.25,19.7,20.6,35,-7,0,0,0.0,0.0,0.0
2026-05-22,1402,遠東新,27.1,27.15,26.75,27.0,35815,-129,-8771,1,18.33,81.66,100.0
2026-05-22,1409,新纖,17.0,17.25,16.9,17.2,8991,6442,6,13,13.74,86.25,100.0
2026-05-22,1410,南染,26.8,26.8,26.4,26.5,17,1,0,0,18.92,81.07,100.0
2026-05-22,1413,宏洲,9.52,9.55,9.42,9.42,4,-1,0,0,0.39,99.6,100.0
2026-05-22,1414,東和,15.8,15.8,15.4,15.45,245,-100,0,0,1.24,98.75,100.0
2026-05-22,1416,廣豐,11.15,11.15,11.0,11.15,265,17,0,0,6.03,93.96,100.0
2026-05-22,1417,嘉裕,8.18,8.27,8.16,8.16,183,16,0,0,0.92,99.07,100.0
2026-05-22,1418,東華,18.0,18.0,17.7,17.75,31,-1,0,0,0.91,99.08,100.0
2026-05-22,1419,新紡,62.5,63.0,62.1,62.6,133,-56,0,0,1.12,98.87,100.0
2026-05-22,1423,利華,40.8,41.8,40.75,40.9,31,1,0,9,1.19,98.8,100.0
2026-05-22,1432,大魯閣,16.5,16.5,16.3,16.45,145,-21,0,-2,0.31,99.68,100.0
2026-05-22,1434,福懋,15.25,15.3,15.15,15.2,1689,-786,0,3,7.25,92.74,100.0
2026-05-22,1436,華友聯,45.35,45.45,44.9,45.45,248,-78,0,1,6.42,93.57,100.0
2026-05-22,1437,勤益控,28.2,28.55,28.2,28.5,159,17,0,0,8.25,91.74,100.0
2026-05-22,1438,三地開發,20.45,20.7,20.45,20.7,30,3,0,0,0.48,99.51,100.0
2026-05-22,1439,雋揚,24.95,26.2,24.95,25.9,169,148,0,0,0.87,99.12,100.0
2026-05-22,1440,南紡,11.35,11.4,11.25,11.35,1668,-634,0,-3,7.35,92.64,100.0
2026-05-22,1441,大東,9.32,9.34,9.28,9.34,91,5,0,0,1.33,98.66,100.0
2026-05-22,1442,名軒,26.05,26.1,25.7,26.0,707,-536,0,-1,8.64,91.35,100.0
2026-05-22,1443,立益,26.4,26.6,26.1,26.1,11,3,0,0,0.3,99.69,100.0
2026-05-22,1443,立益物流,26.4,26.6,26.1,26.1,11,3,0,0,0.3,99.69,100.0
2026-05-22,1444,力麗,5.95,5.96,5.9,5.95,986,127,0,0,5.13,94.86,100.0
2026-05-22,1445,大宇,12.1,12.1,11.8,11.8,211,36,0,1,3.05,96.94,100.0
2026-05-22,1446,宏和,15.5,15.8,15.45,15.7,142,11,0,-6,6.22,93.77,100.0
2026-05-22,1447,力鵬,5.9,6.05,5.74,6.0,2293,488,0,0,3.15,96.84,100.0
2026-05-22,1449,佳和,12.4,12.8,12.3,12.65,960,254,0,0,6.24,93.75,100.0
2026-05-22,1451,年興,16.75,16.75,16.65,16.7,385,5,0,0,5.34,94.65,100.0
2026-05-22,1452,宏益,10.5,10.6,10.5,10.6,52,3,0,0,1.89,98.1,100.0
2026-05-22,1453,大將,11.4,11.55,11.25,11.35,54,8,0,2,0.51,99.48,100.0
2026-05-22,1454,台富,12.85,12.85,12.55,12.6,48,-1,0,1,0.41,99.58,100.0
2026-05-22,1455,集盛,8.21,8.21,8.09,8.17,555,-247,0,20,2.28,97.71,100.0
2026-05-22,1456,怡華,12.95,13.25,12.85,12.85,20,-1,0,2,0.49,99.5,100.0
2026-05-22,1457,宜進,14.1,14.1,14.0,14.05,153,-10,0,0,1.7,98.29,100.0
2026-05-22,1459,聯發,11.75,11.85,11.75,11.75,99,-2,0,0,1.66,98.33,100.0
2026-05-22,1460,宏遠,7.05,7.05,6.92,6.98,565,-152,0,0,1.93,98.06,100.0
2026-05-22,1463,強盛新,17.9,18.0,17.9,17.9,35,-9,0,0,11.46,88.53,100.0
2026-05-22,1464,得力,10.25,10.25,10.05,10.1,445,-95,0,0,1.85,98.14,100.0
2026-05-22,1465,偉全,12.0,12.05,12.0,12.05,15,4,0,0,0.45,99.54,100.0
2026-05-22,1466,聚隆,14.8,14.8,14.45,14.75,137,7,0,-3,0.48,99.51,100.0
2026-05-22,1467,南緯,6.99,7.0,6.9,6.95,481,65,0,0,19.17,80.82,100.0
2026-05-22,1468,昶和,11.85,12.05,11.6,12.05,43,-1,0,4,2.03,97.96,100.0
2026-05-22,1470,大統新創,21.95,22.0,21.95,22.0,11,-1,0,0,0.26,99.73,100.0
2026-05-22,1471,首利,10.5,10.95,10.5,10.85,557,92,0,-2,0.78,99.21,100.0
2026-05-22,1472,三洋實業,88.9,89.5,88.9,89.5,5,2,0,0,0.82,99.17,100.0
2026-05-22,1473,台南,20.45,20.6,20.35,20.45,67,20,0,0,5.26,94.73,100.0
2026-05-22,1474,弘裕,9.87,9.87,9.75,9.81,292,-29,0,0,0.49,99.5,100.0
2026-05-22,1475,業旺,25.0,25.1,24.8,25.1,43,5,0,0,0.32,99.67,100.0
2026-05-22,1476,儒鴻,344.5,346.0,341.0,342.5,1765,370,-26,-33,30.54,69.45,100.0
2026-05-22,1477,聚陽,218.0,222.0,215.5,219.0,2453,603,-17,0,16.06,83.93,100.0
2026-05-22,1480,東盟開發,9.3,9.35,9.3,9.35,5,0,0,0,0.0,0.0,0.0
2026-05-22,1503,士電,190.5,198.0,189.5,197.0,2587,904,0,110,31.21,68.78,100.0
2026-05-22,1504,東元,71.5,72.9,71.0,72.1,16736,2392,4,141,11.67,88.32,100.0
2026-05-22,1506,正道,10.1,11.1,10.0,10.95,904,91,0,0,0.55,99.44,100.0
2026-05-22,1512,瑞利,6.87,6.99,6.84,6.99,77,-11,0,0,5.39,94.6,100.0
2026-05-22,1513,中興電,155.0,157.0,153.5,156.5,6295,2100,264,81,13.87,86.12,100.0
2026-05-22,1514,亞力,120.0,123.0,118.0,122.5,4919,1357,0,59,16.63,83.36,100.0
2026-05-22,1515,力山,22.15,22.85,22.0,22.65,469,20,0,-1,3.85,96.14,100.0
2026-05-22,1516,川飛,21.5,21.5,20.6,20.75,18,-2,0,0,5.73,94.26,100.0
2026-05-22,1517,利奇,10.05,10.1,10.0,10.0,423,32,0,-2,2.45,97.54,100.0
2026-05-22,1519,華城,809.0,835.0,802.0,826.0,1840,-28,-38,59,20.22,79.77,100.0
2026-05-22,1521,大億,24.35,24.35,24.1,24.15,23,1,0,0,33.02,66.97,100.0
2026-05-22,1522,堤維西,29.65,29.7,29.25,29.45,729,-126,0,0,2.91,97.08,100.0
2026-05-22,1524,耿鼎,29.65,29.85,29.4,29.55,1763,259,0,0,1.73,98.26,100.0
2026-05-22,1525,江申,58.8,64.9,58.8,64.8,225,-9,0,-3,0.27,99.72,100.0
2026-05-22,1526,日馳,14.7,14.75,14.5,14.6,86,19,0,0,2.81,97.18,100.0
2026-05-22,1527,鑽全,32.75,33.0,32.45,32.95,422,-161,0,0,9.78,90.21,100.0
2026-05-22,1528,恩德,26.1,26.65,25.85,26.3,5565,1145,-1,0,3.79,96.2,100.0
2026-05-22,1529,樂事綠能,20.8,21.1,20.7,21.0,723,241,0,-3,1.39,98.6,100.0
2026-05-22,1530,亞崴,28.2,28.2,27.55,28.0,76,-4,0,0,0.65,99.34,100.0
2026-05-22,1531,高林股,12.55,12.55,12.35,12.35,148,23,0,0,1.39,98.6,100.0
2026-05-22,1532,勤美,21.0,21.0,20.5,20.55,703,-375,0,0,7.09,92.9,100.0
2026-05-22,1533,車王電,40.0,40.35,38.0,38.85,1290,-80,0,5,6.8,93.19,100.0
2026-05-22,1535,中宇,49.0,49.5,49.0,49.45,34,-7,0,0,1.09,98.9,100.0
2026-05-22,1536,和大,50.5,52.2,50.0,51.6,2231,495,-10,58,7.74,92.25,100.0
2026-05-22,1537,廣隆,125.0,125.5,124.5,125.5,63,13,0,0,15.46,84.53,100.0
2026-05-22,1538,正峰,11.55,12.0,11.55,12.0,3,0,0,0,0.07,99.92,100.0
2026-05-22,1539,巨庭,15.45,15.5,15.25,15.45,89,31,0,0,0.99,99.0,100.0
2026-05-22,1540,喬福,21.05,21.4,20.85,21.35,417,244,0,0,2.33,97.66,100.0
2026-05-22,1541,錩泰,20.9,20.9,20.4,20.7,21,-3,0,0,9.8,90.19,100.0
2026-05-22,1558,伸興,90.3,91.0,90.0,90.8,51,6,0,0,6.55,93.44,100.0
2026-05-22,1560,中砂,678.0,690.0,660.0,688.0,4019,78,-19,1,39.11,60.88,100.0
2026-05-22,1563,巧新,45.7,46.1,45.1,46.05,728,150,0,0,2.88,97.11,100.0
2026-05-22,1565,精華,97.1,97.1,94.9,94.9,159,-81,0,-2,7.49,92.5,100.0
2026-05-22,1568,倉佑,28.95,29.2,28.65,29.05,279,30,0,2,1.69,98.3,100.0
2026-05-22,1569,濱川,51.5,53.8,50.4,52.7,1278,-88,0,23,5.47,94.52,100.0
2026-05-22,1570,力肯,40.2,42.3,39.85,42.1,651,212,0,0,2.72,97.27,100.0
2026-05-22,1580,新麥,123.0,123.0,122.0,122.5,56,-6,0,0,5.23,94.76,100.0
2026-05-22,1582,信錦,119.0,120.5,112.5,115.0,16417,-2916,248,75,7.73,92.26,100.0
2026-05-22,1583,程泰,47.85,47.85,47.25,47.25,20,-4,0,0,0.36,99.63,100.0
2026-05-22,1584,精剛,19.65,19.75,19.4,19.65,766,54,0,0,4.02,95.97,100.0
2026-05-22,1586,和勤,23.05,23.45,23.0,23.45,331,-17,0,0,0.98,98.98,100.0
2026-05-22,1587,吉茂,28.35,28.6,28.1,28.55,304,32,0,-2,20.86,79.13,100.0
2026-05-22,1590,亞德客-KY,1430.0,1450.0,1375.0,1410.0,1344,-34,0,24,80.04,19.95,100.0
2026-05-22,1591,駿吉-KY,32.5,37.8,32.5,37.8,975,-35,0,0,4.94,95.05,100.0
2026-05-22,1593,祺驊,31.6,31.65,31.4,31.4,8,-1,0,0,5.96,94.03,100.0
2026-05-22,1594,日高,9.51,9.56,9.08,9.56,81,0,0,0,0.0,0.0,0.0
2026-05-22,1595,川寶,97.5,101.5,96.1,98.1,1227,-34,0,-58,5.38,94.61,100.0
2026-05-22,1597,直得,169.0,183.0,161.5,183.0,4946,313,0,47,7.95,92.04,100.0
2026-05-22,1598,岱宇,20.2,20.2,19.95,20.1,226,-9,0,2,1.58,98.41,100.0
2026-05-22,1599,宏佳騰,23.6,24.6,23.3,23.5,52,-1,0,0,7.24,92.75,100.0
2026-05-22,1603,華電,30.55,30.9,30.4,30.7,312,64,0,-2,2.1,97.89,100.0
2026-05-22,1604,聲寶,23.1,23.3,22.9,23.2,361,-23,0,0,7.5,92.49,100.0
2026-05-22,1605,華新,35.7,37.1,35.3,36.5,60349,12081,-12,1798,14.86,85.13,100.0
2026-05-22,1608,華榮,32.8,33.6,32.45,33.3,3336,903,-16,41,3.56,96.43,100.0
2026-05-22,1609,大亞,35.3,35.6,34.8,35.5,5018,1405,-1,4,12.7,87.29,100.0
2026-05-22,1611,中電,11.45,11.5,11.3,11.5,464,153,0,0,9.96,90.03,100.0
2026-05-22,1612,宏泰,36.6,36.75,36.3,36.6,773,-123,-8,0,18.39,81.6,100.0
2026-05-22,1614,三洋電,30.7,31.0,30.6,30.8,63,11,0,0,2.23,97.76,100.0
2026-05-22,1615,大山,42.9,43.0,42.7,42.9,119,-16,0,0,0.95,99.04,100.0
2026-05-22,1616,億泰,22.0,22.1,21.5,22.05,585,50,0,-3,2.29,97.7,100.0
2026-05-22,1617,榮星,14.55,15.0,14.35,14.9,381,68,0,0,19.49,80.5,100.0
2026-05-22,1618,合機,39.15,39.6,38.8,39.3,586,183,0,1,0.96,99.03,100.0
2026-05-22,1623,大東電,225.0,226.0,221.0,224.5,186,31,0,-20,0.32,99.67,100.0
2026-05-22,1626,艾美特-KY,9.98,9.99,9.91,9.96,39,0,0,0,43.65,56.34,100.0
2026-05-22,1702,南僑,33.35,33.35,33.0,33.25,382,-157,0,-1,7.67,92.32,100.0
2026-05-22,1707,葡萄王,104.0,104.0,102.0,103.0,529,-14,0,-1,14.28,85.71,100.0
2026-05-22,1708,東鹼,39.65,39.7,39.05,39.15,2613,-1198,0,-7,15.97,84.02,100.0
2026-05-22,1709,和益,18.4,18.5,18.3,18.4,575,89,0,3,3.41,96.58,100.0
2026-05-22,1710,東聯,13.0,13.15,12.85,12.95,5602,-388,0,174,4.11,95.88,100.0
2026-05-22,1711,永光,51.2,52.1,50.5,51.1,15376,-594,0,-5,4.53,95.46,100.0
2026-05-22,1712,興農,40.2,40.2,39.75,39.9,1645,-1082,0,1,14.47,85.52,100.0
2026-05-22,1713,國化,47.95,48.3,47.8,47.8,188,29,0,0,1.09,98.9,100.0
2026-05-22,1714,和桐,9.8,9.8,9.62,9.67,2312,-1001,0,2,21.55,78.44,100.0
2026-05-22,1717,長興,80.6,84.4,80.1,83.0,67986,23653,540,143,13.83,86.16,100.0
2026-05-22,1718,中纖,6.47,6.5,6.4,6.46,2980,-407,0,170,5.58,94.41,100.0
2026-05-22,1720,生達,62.2,62.2,61.8,62.1,195,-79,0,1,4.91,95.08,100.0
2026-05-22,1721,三晃,28.7,29.65,28.3,29.0,8117,-1505,0,-19,2.07,97.92,100.0
2026-05-22,1722,台肥,46.25,46.4,45.9,46.05,1997,-545,3,-1,7.19,92.8,100.0
2026-05-22,1723,中碳,81.4,82.4,81.2,81.7,707,163,-1,7,8.01,91.98,100.0
2026-05-22,1725,元禎,31.3,31.4,31.0,31.1,121,20,0,0,0.3,99.69,100.0
2026-05-22,1726,永記,76.7,77.0,76.7,76.7,21,-17,0,0,12.84,87.15,100.0
2026-05-22,1727,中華化,94.0,102.0,94.0,102.0,15109,3003,0,22,9.14,90.85,100.0
2026-05-22,1730,花仙子,52.9,52.9,52.5,52.5,96,0,0,0,6.75,93.24,100.0
2026-05-22,1731,美吾華,21.6,21.6,21.5,21.5,133,16,0,0,1.07,98.92,100.0
2026-05-22,1732,毛寶,26.85,26.9,26.05,26.55,372,-43,0,0,1.95,98.04,100.0
2026-05-22,1733,五鼎,29.55,29.75,29.5,29.65,122,42,0,0,3.46,96.53,100.0
2026-05-22,1734,杏輝,30.8,30.85,30.55,30.75,285,-116,0,0,4.98,95.01,100.0
2026-05-22,1735,日勝化,26.85,27.45,25.95,26.8,650,87,-1,0,51.08,48.91,100.0
2026-05-22,1736,喬山,121.0,121.5,118.0,118.5,521,-66,0,2,4.55,95.44,100.0
2026-05-22,1737,臺鹽,31.55,31.6,31.5,31.55,103,39,0,0,8.45,91.54,100.0
2026-05-22,1742,台蠟,15.0,15.0,14.8,15.0,24,0,0,0,0.21,99.78,100.0
2026-05-22,1752,南光,32.85,32.85,32.65,32.75,60,0,0,0,1.65,98.34,100.0
2026-05-22,1760,寶齡富錦,62.8,62.8,61.1,61.8,153,-33,0,0,11.53,88.46,100.0
2026-05-22,1762,中化生,37.85,38.85,37.55,37.95,443,71,0,1,2.03,97.96,100.0
2026-05-22,1773,勝一,179.5,188.0,177.0,184.5,2788,527,280,49,8.23,91.76,100.0
2026-05-22,1776,展宇,18.2,19.15,18.2,18.95,411,51,0,-16,0.63,99.36,100.0
2026-05-22,1777,生泰,71.0,71.9,71.0,71.5,13,0,0,0,0.95,99.04,100.0
2026-05-22,1780,立弘,30.86,33.1,30.85,32.85,645,25,0,0,0.0,0.0,0.0
2026-05-22,1781,合世,10.9,11.1,10.9,11.0,137,30,0,0,0.63,99.36,100.0
2026-05-22,1783,和康生,38.9,39.0,38.8,39.0,79,-10,0,1,7.19,92.8,100.0
2026-05-22,1784,訊聯,71.9,72.4,71.0,71.3,136,-19,0,-2,2.84,97.15,100.0
2026-05-22,1785,光洋科,143.0,147.5,142.5,144.0,13977,-2233,-177,-95,15.87,84.12,100.0
2026-05-22,1786,科妍,58.7,59.0,58.2,58.2,293,-23,0,-1,1.56,98.43,100.0
2026-05-22,1788,杏昌,136.0,136.0,135.0,135.5,32,1,0,0,10.9,89.09,100.0
2026-05-22,1789,神隆,19.25,19.4,19.1,19.35,745,-7,0,4,1.67,98.32,100.0
2026-05-22,1795,美時,200.0,202.5,197.5,201.0,2978,177,0,7,52.93,47.06,100.0
2026-05-22,1796,金穎生技,36.05,39.0,36.05,38.5,51,-10,0,0,0.76,99.23,100.0
2026-05-22,1799,易威,35.0,35.2,34.0,34.15,183,50,0,0,11.69,88.3,100.0
2026-05-22,1802,台玻,67.1,70.6,67.0,70.5,125407,36032,11,1418,5.16,94.83,100.0
2026-05-22,1805,寶徠,10.05,10.1,9.7,10.1,234,4,0,1,0.48,99.51,100.0
2026-05-22,1806,冠軍,8.14,8.14,8.05,8.06,209,-69,0,0,9.39,90.6,100.0
2026-05-22,1808,潤隆,29.4,29.4,28.6,28.65,2503,-1673,0,0,3.91,96.08,100.0
2026-05-22,1809,中釉,38.95,41.55,38.85,41.5,4046,-66,0,80,6.25,93.74,100.0
2026-05-22,1810,和成,19.25,19.4,18.9,19.05,1421,-12,-15,-16,4.25,95.74,100.0
2026-05-22,1813,寶利徠,12.15,12.15,12.15,12.15,11,1,0,0,9.43,90.56,100.0
2026-05-22,1815,富喬,104.0,108.0,104.0,107.0,28250,4925,-96,1115,20.24,79.75,100.0
2026-05-22,1817,凱撒衛,40.6,40.6,39.25,39.35,100,5,0,0,1.56,98.43,100.0
2026-05-22,1903,士紙,48.0,48.5,47.9,47.95,182,-58,0,0,10.78,89.21,100.0
2026-05-22,1904,正隆,19.15,19.3,18.8,19.1,2034,-296,0,23,9.07,90.92,100.0
2026-05-22,1905,華紙,12.15,12.15,11.9,12.1,2769,-425,-6,-10,2.27,97.72,100.0
2026-05-22,1906,寶隆,10.55,10.55,10.0,10.5,222,20,0,0,0.62,99.37,100.0
2026-05-22,1907,永豐餘,24.55,24.75,24.4,24.45,792,-288,-9,-14,12.08,87.91,100.0
2026-05-22,1909,榮成,8.95,9.0,8.93,8.96,2533,-1244,0,-11,7.84,92.15,100.0
2026-05-22,2002,中鋼,18.25,18.25,18.1,18.15,33263,-14672,-62,17,12.58,87.41,100.0
2026-05-22,2006,東和鋼鐵,65.7,65.8,65.1,65.5,1082,-318,-57,-64,18.33,81.66,100.0
2026-05-22,2007,燁興,7.0,7.0,6.93,6.97,243,-17,0,-3,0.61,99.38,100.0
2026-05-22,2008,高興昌,27.5,27.85,27.5,27.55,15,-4,0,0,7.67,92.32,100.0
2026-05-22,2009,第一銅,39.0,39.6,38.55,39.3,1666,500,0,-1,2.2,97.79,100.0
2026-05-22,2010,春源,22.55,22.6,22.35,22.4,1353,-568,0,0,8.63,91.36,100.0
2026-05-22,2012,春雨,14.35,14.4,14.05,14.2,72,-7,0,0,1.37,98.62,100.0
2026-05-22,2013,中鋼構,42.05,42.15,41.9,41.9,99,-11,0,0,7.0,92.99,100.0
2026-05-22,2014,中鴻,17.3,17.3,17.0,17.15,5288,-9,0,-4,4.71,95.28,100.0
2026-05-22,2015,豐興,62.5,62.5,61.5,61.6,225,-64,-9,8,12.22,87.77,100.0
2026-05-22,2017,官田鋼,8.56,8.64,8.47,8.52,583,-75,0,8,1.7,98.29,100.0
2026-05-22,2020,美亞,21.45,21.6,21.25,21.3,443,-66,0,0,1.52,98.47,100.0
2026-05-22,2022,聚亨,7.63,7.63,7.5,7.59,628,-23,0,0,2.22,97.77,100.0
2026-05-22,2023,燁輝,13.6,13.7,13.45,13.7,4350,-1615,0,44,3.75,96.24,100.0
2026-05-22,2024,志聯,0.0,0.0,0.0,0.0,0,0,0,0,0.43,99.56,100.0
2026-05-22,2025,千興,12.8,12.8,12.05,12.4,895,-29,0,-9,0.65,99.34,100.0
2026-05-22,2027,大成鋼,42.5,42.9,41.75,41.95,24351,4099,-433,-2085,17.81,82.18,100.0
2026-05-22,2028,威致,17.0,17.25,16.95,17.1,288,99,0,0,0.74,99.25,100.0
2026-05-22,2029,盛餘,20.35,20.4,20.15,20.3,256,30,0,0,66.47,33.52,100.0
2026-05-22,2030,彰源,17.1,17.2,16.8,17.1,1214,227,0,6,3.59,96.4,100.0
2026-05-22,2031,新光鋼,38.4,38.5,38.2,38.25,910,-197,-7,0,7.5,92.49,100.0
2026-05-22,2032,新鋼,16.75,16.75,16.25,16.5,405,-52,0,-11,2.4,97.59,100.0
2026-05-22,2033,佳大,15.0,15.45,15.0,15.45,164,23,0,0,0.85,99.14,100.0
2026-05-22,2034,允強,19.9,19.95,19.75,19.8,948,-411,0,-3,3.29,96.7,100.0
2026-05-22,2035,唐榮,28.35,28.35,28.35,28.35,1,0,0,0,0.0,99.99,100.0
2026-05-22,2038,海光,13.4,13.4,13.0,13.2,722,55,0,10,1.41,98.58,100.0
2026-05-22,2049,上銀,381.0,386.0,373.0,376.5,5779,-960,0,-63,36.1,63.89,100.0
2026-05-22,2059,川湖,4605.0,5200.0,4605.0,5090.0,218,-17,-5,-3,24.6,75.39,100.0
2026-05-22,2061,風青,24.7,26.95,24.1,26.65,7123,184,0,-40,2.63,97.36,100.0
2026-05-22,2062,橋椿,18.65,18.65,18.35,18.5,878,257,-277,0,7.16,92.83,100.0
2026-05-22,2063,世鎧,25.1,25.3,25.0,25.3,36,2,0,0,0.99,99.0,100.0
2026-05-22,2064,晉椿,13.1,13.7,12.85,13.05,299,9,0,0,0.1,99.89,100.0
2026-05-22,2065,世豐,34.5,35.2,34.5,35.15,229,54,0,0,1.43,98.56,100.0
2026-05-22,2066,世德,56.4,58.0,56.4,57.9,76,24,0,0,9.22,90.77,100.0
2026-05-22,2067,嘉鋼,6.87,7.09,6.71,6.92,49,-1,0,0,11.33,88.66,100.0
2026-05-22,2069,運錩,19.3,19.55,19.15,19.2,655,-72,0,0,2.37,97.62,100.0
2026-05-22,2070,精湛,65.0,67.5,65.0,66.8,643,147,0,0,2.82,97.17,100.0
2026-05-22,2071,震南鐵,20.13,20.5,19.9,20.2,1068,0,0,0,0.0,0.0,0.0
2026-05-22,2072,世紀風電,172.5,172.5,168.5,169.0,443,-196,0,0,1.53,98.46,100.0
2026-05-22,2073,雄順,25.9,25.9,25.9,25.9,2,0,0,0,0.04,99.96,100.0
2026-05-22,2101,南港,31.1,31.3,30.55,30.7,2199,-499,0,0,5.33,94.66,100.0
2026-05-22,2102,泰豐,18.3,18.5,18.15,18.3,412,-147,0,-14,2.91,97.08,100.0
2026-05-22,2103,台橡,20.5,20.5,19.75,19.8,5476,-2029,-1,-17,21.02,78.97,100.0
2026-05-22,2104,國際中橡,10.05,10.1,9.9,9.95,1873,-647,0,-50,5.3,94.69,100.0
2026-05-22,2105,正新,32.5,32.6,31.75,31.9,12982,-6935,-204,-375,11.1,88.89,100.0
2026-05-22,2106,建大,16.85,16.9,16.6,16.7,1245,-613,0,-20,8.28,91.71,100.0
2026-05-22,2107,厚生,25.25,25.4,25.2,25.25,288,-151,0,0,6.13,93.86,100.0
2026-05-22,2108,南帝,28.2,28.3,27.7,27.95,1043,149,0,0,5.03,94.96,100.0
2026-05-22,2109,華豐,14.0,14.05,13.95,14.0,124,19,0,0,15.04,84.95,100.0
2026-05-22,2114,鑫永銓,89.2,90.6,89.2,90.1,107,22,0,0,4.16,95.83,100.0
2026-05-22,2115,六暉-KY,20.65,20.85,20.65,20.7,29,5,0,0,44.05,55.94,100.0
2026-05-22,2201,裕隆,26.8,27.0,26.55,26.85,2402,217,-1,33,4.34,95.65,100.0
2026-05-22,2204,中華,52.8,53.2,52.0,53.1,1727,-545,-5,0,17.95,82.04,100.0
2026-05-22,2206,三陽工業,59.8,60.5,59.8,60.1,1635,-372,-19,0,5.9,94.09,100.0
2026-05-22,2207,和泰車,464.0,465.0,460.0,462.0,385,-48,-64,-1,21.46,78.53,100.0
2026-05-22,2208,台船,18.8,18.9,18.35,18.55,3365,-893,0,0,9.05,90.94,100.0
2026-05-22,2211,長榮鋼,91.8,92.2,91.5,92.0,797,-229,-3,0,3.72,96.27,100.0
2026-05-22,2221,大甲,43.4,45.9,42.3,44.4,899,99,0,-5,1.17,98.82,100.0
2026-05-22,2227,裕日車,48.65,49.25,48.65,49.2,19,2,0,0,40.33,59.66,100.0
2026-05-22,2228,劍麟,83.7,84.7,83.6,83.6,167,-56,0,0,3.14,96.85,100.0
2026-05-22,2230,泰茂,29.65,29.65,28.8,29.5,223,-7,0,0,2.53,97.46,100.0
2026-05-22,2231,為升,107.5,108.0,105.5,106.5,325,-17,0,-15,5.63,94.36,100.0
2026-05-22,2233,宇隆,345.0,372.5,338.0,347.0,4445,-412,0,-3,7.21,92.78,100.0
2026-05-22,2235,謚源,31.45,31.45,30.1,30.1,8,0,0,0,0.03,99.96,100.0
2026-05-22,2236,百達-KY,139.5,148.0,137.5,146.5,1003,312,0,40,53.31,46.68,100.0
2026-05-22,2237,華德動能,37.18,37.8,36.9,37.5,208,-8,0,0,0.0,0.0,0.0
2026-05-22,2239,英利-KY,22.7,23.8,22.25,22.4,170,10,0,2,75.4,24.59,100.0
2026-05-22,2241,艾姆勒,38.5,39.05,37.25,37.85,5313,86,0,-11,9.05,90.94,100.0
2026-05-22,2243,宏旭-KY,22.45,22.95,22.2,22.8,627,86,-1,-8,26.04,73.95,100.0
2026-05-22,2245,詠勝昌*,26.95,27.05,26.7,27.05,3,0,0,0,0.0,0.0,0.0
2026-05-22,2247,汎德永業,204.5,207.0,204.5,207.0,61,4,0,0,4.28,95.71,100.0
2026-05-22,2248,華勝-KY,55.4,55.4,54.4,54.6,48,1,0,0,50.11,49.88,100.0
2026-05-22,2249,湧盛,125.39,125.5,123.0,124.5,73,0,0,0,0.0,0.0,0.0
2026-05-22,2250,IKKA-KY,62.4,63.1,62.3,63.0,75,19,0,0,7.18,92.79,100.0
2026-05-22,2252,為昇科,17.88,19.25,17.7,19.0,160,16,0,0,0.0,0.0,0.0
2026-05-22,2254,巨鎧精密-創,57.5,58.1,57.5,58.1,3,0,0,1,23.82,76.17,100.0
2026-05-22,2255,凱銳光電,20.41,21.1,20.0,20.6,35,-3,0,0,0.0,0.0,0.0
2026-05-22,2256,歐特明,69.13,81.0,72.0,80.1,575,8,0,0,0.0,0.0,0.0
2026-05-22,2258,鴻華先進-創,28.05,30.5,28.05,30.4,2178,327,0,-26,0.33,99.66,100.0
2026-05-22,2301,光寶科,205.0,209.0,202.5,207.0,20418,1124,-61,-4,40.47,59.52,100.0
2026-05-22,2302,麗正,26.5,29.0,26.35,28.1,7990,465,0,6,5.14,94.85,100.0
2026-05-22,2303,聯電,119.5,119.5,113.0,114.0,203495,-30346,-24885,766,35.91,64.08,100.0
2026-05-22,2305,全友,18.3,19.1,17.85,18.8,8991,2356,-1,51,7.77,92.22,100.0
2026-05-22,2308,台達電,2125.0,2125.0,2050.0,2095.0,8534,-121,-111,48,64.12,35.87,100.0
2026-05-22,2312,金寶,31.85,33.1,31.35,33.1,134951,18945,-4063,1019,11.62,88.37,100.0
2026-05-22,2313,華通,261.5,281.0,261.5,278.0,99747,29085,119,2231,27.15,72.84,100.0
2026-05-22,2314,台揚,17.6,17.6,15.8,15.8,1909,-2,0,0,1.57,98.42,100.0
2026-05-22,2316,楠梓電,160.0,163.5,153.0,153.5,17207,-633,0,-80,33.98,66.01,100.0
2026-05-22,2317,鴻海,249.0,251.5,245.0,250.0,56310,20814,-84,301,39.98,60.01,100.0
2026-05-22,2321,東訊,13.0,13.0,12.8,12.8,15,0,0,0,0.01,99.98,100.0
2026-05-22,2323,中環,9.93,10.25,9.88,10.2,10539,347,815,413,10.31,89.68,100.0
2026-05-22,2324,仁寶,30.95,32.2,30.5,31.5,199926,21201,-24282,314,38.95,61.04,100.0
2026-05-22,2327,國巨*,605.0,629.0,600.0,629.0,73991,-68,2114,1179,51.83,48.16,100.0
2026-05-22,2328,廣宇,52.5,55.6,52.1,54.8,16768,4150,167,920,9.09,90.9,100.0
2026-05-22,2329,華泰,53.5,55.1,53.2,54.6,11498,1112,38,-176,9.72,90.27,100.0
2026-05-22,2330,台積電,2245.0,2260.0,2225.0,2255.0,26823,732,-464,187,70.37,29.62,100.0
2026-05-22,2331,精英,19.7,21.3,19.4,20.85,8000,-2159,-26,8,6.52,93.47,100.0
2026-05-22,2332,友訊,14.65,15.7,14.45,15.45,12015,4104,0,68,11.22,88.77,100.0
2026-05-22,2337,旺宏,144.0,152.5,143.5,149.5,112827,9084,24,597,24.8,75.19,100.0
2026-05-22,2338,光罩,53.0,54.8,52.6,54.4,9340,3757,0,131,6.23,93.76,100.0
2026-05-22,2340,台亞,35.85,38.65,35.6,38.65,10858,3509,0,195,9.21,90.78,100.0
2026-05-22,2342,茂矽,41.3,41.6,40.4,41.4,4583,166,0,0,5.95,94.04,100.0
2026-05-22,2344,華邦電,116.5,125.0,115.5,125.0,193146,51442,-1191,1878,21.88,78.11,100.0
2026-05-22,2345,智邦,2535.0,2535.0,2450.0,2470.0,2750,-45,-387,-7,58.08,41.91,100.0
2026-05-22,2347,聯強,84.0,84.7,83.5,84.1,4798,924,-1987,-43,33.22,66.77,100.0
2026-05-22,2348,海悅,69.3,69.5,69.0,69.0,198,-38,0,0,0.88,99.11,100.0
2026-05-22,2349,錸德,12.9,13.15,12.65,13.0,7113,3005,0,-3,12.15,87.84,100.0
2026-05-22,2351,順德,196.0,197.0,183.5,186.5,8467,-2086,-2,-164,14.95,85.04,100.0
2026-05-22,2352,佳世達,28.2,29.3,28.05,28.75,31150,-1347,575,517,10.68,89.31,100.0
2026-05-22,2353,宏碁,28.6,29.95,28.5,29.55,70184,14415,-442,1385,10.61,89.38,100.0
2026-05-22,2354,鴻準,59.1,60.4,58.7,60.2,10293,1551,-4,42,10.39,89.6,100.0
2026-05-22,2355,敬鵬,64.8,67.1,63.1,65.2,68692,-10262,-7,396,19.03,80.96,100.0
2026-05-22,2356,英業達,56.8,59.5,54.8,59.5,122964,16238,1330,1557,19.47,80.52,100.0
2026-05-22,2357,華碩,656.0,685.0,655.0,682.0,5480,1434,852,82,33.08,66.91,100.0
2026-05-22,2359,所羅門,135.0,141.5,132.5,141.0,7522,807,0,189,4.31,95.68,100.0
2026-05-22,2360,致茂,2380.0,2380.0,2245.0,2270.0,3643,-231,284,-6,58.07,41.92,100.0
2026-05-22,2362,藍天,40.0,41.2,39.65,40.85,1602,790,0,0,10.66,89.33,100.0
2026-05-22,2363,矽統,65.2,68.7,64.0,66.7,45743,4140,4,596,10.54,89.45,100.0
2026-05-22,2364,倫飛,68.4,70.0,67.8,69.7,342,125,0,-1,15.53,84.46,100.0
2026-05-22,2365,昆盈,37.8,39.45,37.15,39.15,12081,4251,0,46,5.32,94.67,100.0
2026-05-22,2367,燿華,64.5,67.5,64.5,66.8,61068,22863,0,855,9.46,90.53,100.0
2026-05-22,2368,金像電,1325.0,1365.0,1305.0,1330.0,5646,-2,-70,2,26.01,73.98,100.0
2026-05-22,2369,菱生,30.5,32.7,30.3,32.05,20618,10419,0,315,17.02,82.97,100.0
2026-05-22,2371,大同,28.5,29.6,28.5,29.5,19180,3442,-22,384,7.43,92.56,100.0
2026-05-22,2373,震旦行,56.6,58.0,56.4,56.8,102,19,0,0,0.8,99.19,100.0
2026-05-22,2374,佳能,81.0,84.0,80.4,83.4,15438,6269,0,436,7.48,92.51,100.0
2026-05-22,2375,凱美,131.5,134.5,125.5,134.5,28362,2380,0,-372,16.11,83.88,100.0
2026-05-22,2376,技嘉,318.5,325.0,311.5,322.5,13226,2172,-147,-32,22.5,77.49,100.0
2026-05-22,2377,微星,114.5,124.0,113.5,124.0,54500,19983,2656,785,14.59,85.4,100.0
2026-05-22,2379,瑞昱,574.0,578.0,566.0,578.0,3741,-40,-23,-40,52.09,47.9,100.0
2026-05-22,2380,虹光,5.96,5.96,5.82,5.82,157,-2,0,0,0.26,99.73,100.0
2026-05-22,2382,廣達,310.0,317.0,305.5,316.0,36233,-3588,12271,-703,25.86,74.13,100.0
2026-05-22,2383,台光電,4925.0,5085.0,4800.0,5005.0,3037,271,230,2,43.24,56.75,100.0
2026-05-22,2385,群光,131.0,132.0,130.5,131.5,2058,94,-163,50,18.89,81.1,100.0
2026-05-22,2387,精元,39.1,39.95,38.95,39.65,590,161,0,0,8.64,91.35,100.0
2026-05-22,2388,威盛,88.5,90.5,84.2,88.0,35608,2430,74,188,16.04,83.95,100.0
2026-05-22,2390,云辰,10.7,10.75,10.4,10.6,1687,422,0,3,2.78,97.21,100.0
2026-05-22,2392,正崴,37.05,38.2,36.3,38.05,3893,1156,0,88,6.6,93.39,100.0
2026-05-22,2393,億光,65.0,65.7,64.1,65.2,3044,184,-41,-2,30.5,69.49,100.0
2026-05-22,2395,研華,467.0,472.5,458.5,469.0,5009,812,-6,43,35.69,64.3,100.0
2026-05-22,2397,友通,61.5,62.7,60.6,62.1,692,331,0,0,12.23,87.76,100.0
2026-05-22,2399,映泰,44.2,46.8,43.85,46.55,16785,4635,-2,-544,6.34,93.65,100.0
2026-05-22,2401,凌陽,30.45,31.75,29.2,30.75,57498,-6000,100,-670,13.91,86.08,100.0
2026-05-22,2402,毅嘉,62.4,66.3,62.4,65.9,6332,1079,-541,332,9.59,89.79,100.0
2026-05-22,2404,漢唐,1125.0,1170.0,1105.0,1155.0,5166,1473,-11,25,30.71,69.28,100.0
2026-05-22,2405,輔信,16.35,16.85,16.15,16.55,5532,2199,0,0,6.3,93.69,100.0
2026-05-22,2406,國碩,31.05,31.8,30.9,31.75,4409,1033,0,0,15.78,84.21,100.0
2026-05-22,2408,南亞科,299.5,321.0,296.0,310.5,157819,-309,-249,810,11.43,88.56,100.0
2026-05-22,2409,友達,20.85,22.2,20.55,22.2,394425,28252,-21,5180,16.39,83.6,100.0
2026-05-22,2412,中華電,137.5,138.0,137.0,137.0,8350,-5978,-34,10,17.54,31.45,49.0
2026-05-22,2413,環科,51.5,52.7,51.2,51.5,6775,-671,0,0,3.51,96.48,100.0
2026-05-22,2414,精技,50.1,50.5,49.7,50.2,315,53,0,-1,5.3,94.69,100.0
2026-05-22,2415,錩新,27.5,27.5,27.25,27.25,150,-54,0,0,21.01,78.98,100.0
2026-05-22,2417,圓剛,49.5,51.6,49.0,50.9,3800,330,0,0,3.48,96.51,100.0
2026-05-22,2419,仲琦,30.9,31.7,30.8,31.6,3753,1270,-2,50,1.73,98.26,100.0
2026-05-22,2420,新巨,62.6,63.2,62.1,62.7,1115,-180,33,0,7.82,92.17,100.0
2026-05-22,2421,建準,154.5,163.5,153.5,158.5,16310,1973,947,184,28.81,71.18,100.0
2026-05-22,2423,固緯,76.2,76.2,73.0,74.7,342,102,0,6,5.19,94.8,100.0
2026-05-22,2424,隴華,14.6,14.6,14.6,14.6,93,8,0,0,0.63,48.36,49.0
2026-05-22,2425,承啟,34.4,34.85,34.15,34.7,618,259,0,5,10.32,89.67,100.0
2026-05-22,2426,鼎元,78.6,83.2,75.7,83.2,19053,-1814,0,-80,7.52,92.47,100.0
2026-05-22,2427,三商電,20.4,20.75,20.25,20.7,844,303,0,0,3.74,96.25,100.0
2026-05-22,2428,興勤,230.5,243.5,230.0,242.5,2117,340,0,59,19.59,80.4,100.0
2026-05-22,2429,銘旺科,48.4,48.6,46.3,48.45,721,219,0,1,0.97,99.02,100.0
2026-05-22,2430,燦坤,18.3,18.3,18.2,18.3,118,18,0,0,2.72,97.27,100.0
2026-05-22,2431,聯昌,10.4,10.75,10.3,10.65,560,141,0,-9,2.28,97.71,100.0
2026-05-22,2432,倚天,26.3,26.5,26.05,26.25,36,-2,0,-2,0.63,99.36,100.0
2026-05-22,2432,倚天酷碁-創,26.3,26.5,26.05,26.25,36,-2,0,-2,0.63,99.36,100.0
2026-05-22,2433,互盛電,44.4,44.55,44.2,44.45,70,-2,0,0,0.89,99.1,100.0
2026-05-22,2434,統懋,29.5,30.0,29.4,29.95,34,2,0,0,1.13,98.86,100.0
2026-05-22,2436,偉詮電,76.2,78.0,75.7,77.6,12500,3999,10,203,10.33,89.66,100.0
2026-05-22,2438,翔耀,22.0,22.4,21.5,22.0,135,52,0,-1,1.2,98.79,100.0
2026-05-22,2439,美律,86.1,88.5,86.1,88.3,4072,1907,-567,92,13.79,86.2,100.0
2026-05-22,2440,太空梭,17.75,18.2,17.45,18.0,1090,459,0,-12,2.15,97.84,100.0
2026-05-22,2441,超豐,110.5,117.0,110.5,117.0,16320,2927,-18,412,11.62,88.37,100.0
2026-05-22,2442,新美齊,18.8,18.8,18.45,18.5,1394,-681,0,0,1.98,98.01,100.0
2026-05-22,2444,兆勁,12.8,13.0,12.6,12.65,727,87,0,0,2.0,97.99,100.0
2026-05-22,2449,京元電子,292.0,301.0,290.5,296.0,26407,1264,-2869,255,25.81,74.18,100.0
2026-05-22,2450,神腦,29.1,29.35,29.05,29.2,142,-45,0,0,1.17,98.82,100.0
2026-05-22,2451,創見,318.0,324.0,314.5,316.5,4258,336,-29,44,11.61,88.38,100.0
2026-05-22,2453,凌群,56.2,57.2,55.9,57.2,1184,187,0,0,5.46,94.53,100.0
2026-05-22,2454,聯發科,3765.0,3880.0,3675.0,3860.0,20839,-1570,1536,452,56.05,43.94,100.0
2026-05-22,2455,全新,398.5,425.0,398.5,425.0,15989,5032,153,335,27.33,72.66,100.0
2026-05-22,2457,飛宏,25.2,26.2,25.05,26.2,5288,2172,0,102,7.32,92.67,100.0
2026-05-22,2458,義隆,160.0,164.5,157.0,162.0,4498,798,61,25,24.37,75.62,100.0
2026-05-22,2459,敦吉,66.4,67.2,66.4,67.1,198,16,0,0,16.93,83.06,100.0
2026-05-22,2460,建通,32.0,33.3,31.3,32.55,720,-49,0,0,0.77,99.22,100.0
2026-05-22,2461,光群雷,16.3,17.05,16.2,16.75,1280,353,0,-8,5.21,94.78,100.0
2026-05-22,2462,良得電,20.55,20.8,20.25,20.8,414,37,0,0,1.36,98.63,100.0
2026-05-22,2464,盟立,134.5,149.0,134.0,144.0,37571,-1519,155,-35,10.33,89.66,100.0
2026-05-22,2465,麗臺,83.5,88.9,83.4,85.9,4282,830,0,-17,5.57,94.42,100.0
2026-05-22,2466,冠西電,47.9,50.3,47.9,50.3,572,62,0,0,10.47,89.52,100.0
2026-05-22,2467,志聖,598.0,625.0,591.0,603.0,2458,-209,386,8,20.05,79.94,100.0
2026-05-22,2468,華經,33.0,34.65,33.0,34.2,280,57,0,0,1.59,98.4,100.0
2026-05-22,2471,資通,50.4,50.6,50.0,50.5,180,-44,0,0,5.02,94.97,100.0
2026-05-22,2472,立隆電,265.0,271.0,258.0,260.0,16654,-1669,52,-22,9.15,90.84,100.0
2026-05-22,2474,可成,185.0,188.5,184.0,187.5,5636,410,-1503,-44,24.09,75.9,100.0
2026-05-22,2476,鉅祥,123.5,124.5,119.0,121.0,7045,887,0,204,10.78,89.21,100.0
2026-05-22,2477,美隆電,20.95,21.25,20.85,21.15,191,49,0,-5,23.33,76.66,100.0
2026-05-22,2478,大毅,125.5,127.5,125.5,127.5,3699,54,0,25,15.62,84.37,100.0
2026-05-22,2480,敦陽科,147.0,149.5,146.5,149.5,292,118,-2,0,10.35,89.64,100.0
2026-05-22,2481,強茂,134.0,141.0,130.5,133.5,50103,-1322,0,79,24.93,75.06,100.0
2026-05-22,2482,連宇,16.15,17.0,16.15,16.9,281,99,0,-5,1.53,98.46,100.0
2026-05-22,2483,百容,24.85,26.0,24.65,25.95,985,127,0,-12,2.49,97.5,100.0
2026-05-22,2484,希華,45.4,49.3,45.3,49.3,34513,63,0,115,5.5,94.49,100.0
2026-05-22,2485,兆赫,70.3,73.5,70.1,73.0,36889,6169,-4,489,3.34,96.65,100.0
2026-05-22,2486,一詮,280.0,283.5,268.5,271.0,9762,-3146,0,-69,14.8,85.19,100.0
2026-05-22,2488,漢平,52.9,54.5,52.6,54.4,593,117,0,0,7.13,92.86,100.0
2026-05-22,2489,瑞軒,50.7,51.4,50.7,51.4,29542,1179,0,342,9.77,90.22,100.0
2026-05-22,2491,吉祥全,22.0,23.8,22.0,22.15,2287,-53,0,-1,6.36,93.63,100.0
2026-05-22,2492,華新科,280.5,292.5,280.5,292.5,11024,2801,885,291,23.44,76.55,100.0
2026-05-22,2493,揚博,137.5,140.5,136.0,137.5,2529,401,0,49,3.61,96.38,100.0
2026-05-22,2495,普安,41.4,44.7,40.55,44.2,24118,1640,210,265,9.12,90.87,100.0
2026-05-22,2496,卓越,64.2,64.7,64.2,64.5,12,3,0,0,23.13,76.86,100.0
2026-05-22,2497,怡利電,56.9,57.4,56.3,57.0,353,59,0,-1,2.88,97.11,100.0
2026-05-22,2498,宏達電,46.0,46.7,45.65,46.4,15829,3082,0,250,8.81,91.18,100.0
2026-05-22,2501,國建,22.3,22.3,21.95,22.05,2757,-1795,0,-3,10.99,89.0,100.0
2026-05-22,2504,國產,34.85,35.05,34.6,34.65,1673,-597,-51,52,7.33,92.66,100.0
2026-05-22,2505,國揚,17.95,18.2,17.95,18.1,490,-93,0,0,3.62,96.37,100.0
2026-05-22,2506,太設,8.7,8.71,8.62,8.67,126,40,0,0,4.75,95.24,100.0
2026-05-22,2509,全坤建,12.8,12.9,12.7,12.9,80,22,0,-1,1.37,98.62,100.0
2026-05-22,2511,太子,7.67,7.76,7.65,7.74,898,-226,0,-4,2.34,97.65,100.0
2026-05-22,2514,龍邦,12.95,13.0,12.85,12.95,110,-27,0,0,2.17,97.82,100.0
2026-05-22,2515,中工,13.95,13.95,13.15,13.35,21266,-7769,0,-5,7.67,92.32,100.0
2026-05-22,2516,新建,12.35,12.35,12.2,12.35,93,-22,0,0,2.44,97.55,100.0
2026-05-22,2520,冠德,30.5,30.65,30.0,30.45,1501,-486,0,2,12.17,87.82,100.0
2026-05-22,2524,京城,34.05,34.15,33.3,33.35,79,-20,0,0,0.69,99.3,100.0
2026-05-22,2527,宏璟,33.35,33.55,33.05,33.55,339,-10,0,-6,42.03,57.96,100.0
2026-05-22,2528,皇普,22.0,22.25,22.0,22.15,329,-110,0,0,1.14,98.85,100.0
2026-05-22,2530,華建,20.65,20.75,20.25,20.45,1353,-702,-26,71,2.89,97.1,100.0
2026-05-22,2534,宏盛,17.85,18.1,17.75,18.1,384,-31,0,10,6.18,93.81,100.0
2026-05-22,2535,達欣工,75.9,77.6,75.9,77.5,916,155,0,0,6.39,93.6,100.0
2026-05-22,2536,宏普,20.05,20.05,19.9,19.95,431,-146,0,-22,8.91,91.08,100.0
2026-05-22,2537,聯上發,9.89,9.89,9.5,9.57,2015,-617,0,0,1.93,98.06,100.0
2026-05-22,2538,基泰,9.43,9.48,9.37,9.41,197,-8,0,0,9.85,90.14,100.0
2026-05-22,2539,櫻花建,38.25,38.4,38.05,38.2,645,-42,-6,-21,1.87,98.12,100.0
2026-05-22,2540,愛山林,55.2,55.9,54.7,55.8,959,-181,0,0,1.47,98.52,100.0
2026-05-22,2542,興富發,43.6,43.6,42.9,43.2,9161,-266,0,-19,11.22,88.77,100.0
2026-05-22,2543,皇昌,46.7,49.3,45.35,45.5,6869,-932,0,-9,1.28,98.71,100.0
2026-05-22,2545,皇翔,37.15,37.25,36.8,36.95,430,-268,0,9,2.75,97.24,100.0
2026-05-22,2546,根基,84.2,84.8,84.0,84.6,94,-8,0,1,3.34,96.65,100.0
2026-05-22,2547,日勝生,10.1,10.1,9.98,10.0,1767,-510,0,68,12.76,87.23,100.0
2026-05-22,2548,華固,123.5,123.5,122.5,123.5,1776,-1163,0,3,19.31,80.68,100.0
2026-05-22,2596,綠意,28.9,28.9,28.35,28.6,123,-5,0,0,0.7,99.29,100.0
2026-05-22,2597,潤弘,163.5,165.5,162.0,163.5,835,-105,0,0,3.05,96.94,100.0
2026-05-22,2601,益航,5.01,5.05,4.95,5.03,2223,346,0,0,12.9,87.09,100.0
2026-05-22,2603,長榮,214.5,219.0,214.0,219.0,30119,6895,5061,652,22.13,27.85,49.99
2026-05-22,2605,新興,30.7,31.35,30.65,31.3,4496,14,0,-34,49.96,0.02,49.99
2026-05-22,2606,裕民,65.0,65.6,64.4,65.4,4979,-475,-65,16,14.9,35.08,49.99
2026-05-22,2607,榮運,47.8,48.2,47.45,47.9,537,-101,0,-1,8.78,41.2,49.99
2026-05-22,2608,嘉里大榮,29.1,29.1,28.9,29.0,570,-215,0,0,3.35,96.64,100.0
2026-05-22,2609,陽明,51.9,53.9,51.8,53.0,44488,16972,-26,742,14.33,35.65,49.99
2026-05-22,2610,華航,18.75,18.8,18.5,18.55,30673,-12052,-694,55,13.7,36.28,49.99
2026-05-22,2611,志信,13.05,13.05,12.9,12.95,520,-196,0,0,1.16,98.83,100.0
2026-05-22,2612,中航,55.4,56.2,55.2,55.8,1097,-51,0,0,3.84,96.15,100.0
2026-05-22,2613,中櫃,22.05,22.45,21.85,21.95,344,8,0,0,1.16,32.16,33.33
2026-05-22,2614,東森,18.25,18.3,17.9,18.1,1263,-284,0,0,3.48,46.5,49.99
2026-05-22,2615,萬海,82.7,85.2,82.4,84.3,23283,7408,1782,314,42.85,7.13,49.99
2026-05-22,2616,山隆,13.95,13.95,13.7,13.75,302,6,0,5,1.96,98.03,100.0
2026-05-22,2617,台航,29.05,29.3,28.85,29.0,624,-215,0,0,8.54,41.44,49.99
2026-05-22,2618,長榮航,35.5,35.65,35.1,35.5,45237,-9328,10953,18,23.38,26.6,49.99
2026-05-22,2630,亞航,43.8,43.95,43.0,43.5,794,-124,0,-7,3.76,96.23,100.0
2026-05-22,2633,台灣高鐵,25.8,25.95,25.8,25.8,8569,-3218,-4,16,9.17,39.81,48.99
2026-05-22,2634,漢翔,46.6,46.65,46.25,46.5,3324,115,0,-2,2.69,7.3,10.0
2026-05-22,2636,台驊控股,65.7,67.2,65.7,67.2,450,139,0,0,8.99,91.0,100.0
2026-05-22,2637,慧洋-KY,72.0,72.2,70.7,71.2,3253,-1765,-12,-37,18.19,81.8,100.0
2026-05-22,2640,大車隊,164.0,165.0,163.0,164.0,32,-25,0,0,4.74,95.25,100.0
2026-05-22,2641,正德,17.8,17.85,17.55,17.75,1798,-255,0,-1,2.69,97.3,100.0
2026-05-22,2642,宅配通,20.4,20.45,20.3,20.4,92,-13,0,0,5.28,94.71,100.0
2026-05-22,2643,捷迅,67.7,67.7,66.4,66.9,29,3,0,0,1.39,98.6,100.0
2026-05-22,2644,中信造船,78.5,79.9,78.5,79.1,40,0,0,0,0.0,0.0,0.0
2026-05-22,2645,長榮航太,163.0,164.5,159.0,160.5,1489,-104,-2,-35,7.28,92.71,100.0
2026-05-22,2646,星宇航空,20.3,20.5,20.2,20.45,5230,2791,0,31,2.79,47.19,49.99
2026-05-22,2701,萬企,10.25,10.3,10.2,10.25,221,-2,0,0,0.5,99.49,100.0
2026-05-22,2702,華園,13.0,13.25,12.85,13.05,56,24,0,-4,39.39,60.6,100.0
2026-05-22,2704,國賓,41.75,42.05,41.75,41.85,85,-25,0,0,9.82,90.17,100.0
2026-05-22,2705,六福,15.4,15.4,15.15,15.15,266,-137,0,0,1.41,98.58,100.0
2026-05-22,2706,第一店,12.0,12.05,11.95,11.95,193,-9,0,0,2.63,97.36,100.0
2026-05-22,2707,晶華,174.0,174.0,172.0,174.0,174,-2,0,0,5.58,94.41,100.0
2026-05-22,2712,遠雄來,15.25,15.5,15.25,15.5,8,-1,0,0,0.28,99.71,100.0
2026-05-22,2718,晶悅,46.2,46.2,45.2,46.1,49,-18,0,0,0.59,99.4,100.0
2026-05-22,2718,全心投控,46.2,46.2,45.2,46.1,49,-18,0,0,0.59,99.4,100.0
2026-05-22,2719,燦星旅,0.0,0.0,0.0,0.0,0,0,0,0,0.17,99.82,100.0
2026-05-22,2722,夏都,22.6,22.65,22.2,22.65,21,-1,0,0,0.33,99.66,100.0
2026-05-22,2723,美食-KY,63.2,63.3,62.5,62.8,403,-152,0,0,46.24,53.75,100.0
2026-05-22,2724,富驛-KY,13.85,13.95,13.85,13.95,13,0,0,0,15.09,84.9,100.0
2026-05-22,2724,藝舍-KY,13.85,13.95,13.85,13.95,13,0,0,0,15.09,84.9,100.0
2026-05-22,2726,雅茗-KY,10.0,10.0,9.91,9.95,25,-2,0,0,23.4,76.59,100.0
2026-05-22,2727,王品,234.5,234.5,231.0,232.0,354,-92,-6,0,27.51,72.48,100.0
2026-05-22,2729,瓦城,160.5,161.0,159.0,160.0,33,1,0,0,2.04,97.95,100.0
2026-05-22,2731,雄獅,161.5,162.0,160.0,160.0,456,-230,0,4,11.99,88.0,100.0
2026-05-22,2732,六角,64.5,65.5,64.5,65.4,30,2,0,0,4.14,95.85,100.0
2026-05-22,2733,維格餅家,10.55,11.0,11.0,11.0,1,0,0,0,0.0,0.0,0.0
2026-05-22,2734,易飛網,15.55,15.6,15.35,15.5,72,-1,0,0,3.83,96.16,100.0
2026-05-22,2736,富野,12.0,12.3,12.0,12.3,130,23,0,0,1.1,98.89,100.0
2026-05-22,2739,寒舍,35.1,35.1,34.55,34.7,125,-17,0,1,2.5,97.49,100.0
2026-05-22,2740,天蔥,36.2,36.2,35.95,35.95,5,0,0,0,1.66,98.33,100.0
2026-05-22,2740,華軒,36.2,36.2,35.95,35.95,5,0,0,0,1.66,98.33,100.0
2026-05-22,2741,老四川,21.22,21.2,20.9,21.15,17,1,0,0,0.0,0.0,0.0
2026-05-22,2743,山富,68.1,68.1,67.2,67.3,96,-4,0,0,1.06,98.93,100.0
2026-05-22,2745,五福,102.5,102.5,101.0,101.5,103,-10,0,0,0.63,99.36,100.0
2026-05-22,2748,雲品,39.7,39.7,39.0,39.25,216,-37,0,0,1.05,98.94,100.0
2026-05-22,2751,王座,52.0,52.2,52.0,52.2,4,0,0,0,0.41,99.58,100.0
2026-05-22,2752,豆府,177.0,177.0,175.5,177.0,17,-6,0,0,1.38,98.61,100.0
2026-05-22,2753,八方雲集,174.5,174.5,172.5,173.5,464,-203,-1,0,3.95,96.04,100.0
2026-05-22,2754,亞洲藏壽司,74.7,74.7,72.0,72.7,165,9,0,0,67.76,32.23,100.0
2026-05-22,2755,揚秦,132.0,133.0,131.5,132.5,36,-15,0,0,1.22,98.77,100.0
2026-05-22,2756,聯發國際,60.2,61.4,59.2,61.4,37,-1,0,0,1.22,98.77,100.0
2026-05-22,2758,路易莎咖啡,66.19,67.8,65.1,67.7,12,-3,0,0,0.0,0.0,0.0
2026-05-22,2760,巨宇翔,19.91,20.1,20.1,20.1,0,0,0,0,0.0,0.0,0.0
2026-05-22,2761,橘焱胡同,15.12,15.25,15.0,15.0,13,0,0,0,0.0,0.0,0.0
2026-05-22,2762,世界健身-KY,81.7,83.0,81.7,82.9,123,-9,0,-2,82.4,17.59,100.0
2026-05-22,2801,彰銀,20.3,20.45,20.25,20.3,25690,-6460,1497,40,17.37,82.62,100.0
2026-05-22,2812,台中銀,19.0,19.05,18.9,18.95,9345,-1395,-14,-9,7.76,92.23,100.0
2026-05-22,2816,旺旺保,30.95,31.2,30.8,31.0,81,-21,0,0,1.95,98.04,100.0
2026-05-22,2820,華票,16.85,16.9,16.75,16.9,932,-303,0,2,8.64,91.35,100.0
2026-05-22,2832,台產,53.3,53.5,53.1,53.2,122,-23,0,0,4.0,95.99,100.0
2026-05-22,2834,臺企銀,16.1,16.2,16.0,16.0,20984,-4891,-36,48,16.22,83.77,100.0
2026-05-22,2836,高雄銀,11.85,11.95,11.8,11.85,1290,112,0,0,7.36,92.63,100.0
2026-05-22,2838,聯邦銀,20.1,20.3,20.1,20.15,1277,-275,-5,4,4.22,95.77,100.0
2026-05-22,2845,遠東銀,12.0,12.1,11.95,12.1,10330,-102,-6,3,8.61,91.38,100.0
2026-05-22,2849,安泰銀,13.15,13.35,13.15,13.3,87,-14,0,3,58.88,41.11,100.0
2026-05-22,2850,新產,139.0,139.0,135.5,136.5,332,-115,-6,0,10.25,89.74,100.0
2026-05-22,2851,中再保,35.4,35.65,34.65,34.8,3284,-955,0,-7,8.22,91.77,100.0
2026-05-22,2852,第一保,27.1,27.1,26.9,26.95,409,-25,0,-1,4.85,95.14,100.0
2026-05-22,2855,統一證,40.35,40.8,40.05,40.75,5524,-962,-31,0,13.45,86.54,100.0
2026-05-22,2867,三商壽,7.72,7.74,7.61,7.63,7897,-2443,0,-386,18.26,81.73,100.0
2026-05-22,2880,華南金,32.0,32.4,31.6,31.95,32193,-12352,8433,-849,17.42,82.57,100.0
2026-05-22,2881,富邦金,95.4,96.0,94.3,95.1,41801,3731,-16212,-207,16.94,83.05,100.0
2026-05-22,2882,國泰金,78.5,79.8,78.2,79.7,40807,27782,-22136,136,20.85,79.14,100.0
2026-05-22,2883,凱基金,21.45,21.75,21.25,21.7,43900,-11435,4835,-598,30.54,69.45,100.0
2026-05-22,2884,玉山金,31.5,31.8,31.3,31.3,40828,-11826,-7757,-741,30.39,69.6,100.0
2026-05-22,2885,元大金,54.5,55.5,54.4,55.1,25396,10559,-9862,-913,26.12,73.87,100.0
2026-05-22,2886,兆豐金,40.1,40.3,39.9,39.9,28876,-5398,8224,-514,21.8,78.19,100.0
2026-05-22,2887,台新新光金,23.9,24.15,23.75,23.8,105580,-28739,29605,-316,23.58,76.41,100.0
2026-05-22,2889,國票金,14.65,14.85,14.6,14.65,1892,24,-5,53,8.48,91.51,100.0
2026-05-22,2890,永豐金,29.65,29.8,29.1,29.1,48666,-21852,-75,-992,28.04,71.95,100.0
2026-05-22,2891,中信金,57.5,58.2,57.2,57.6,37279,10103,-2088,-1434,34.61,65.38,100.0
2026-05-22,2892,第一金,27.8,27.8,27.4,27.55,84956,-69439,2461,115,25.53,74.46,100.0
2026-05-22,2897,王道銀行,10.1,10.1,10.0,10.0,2713,-93,0,0,6.94,93.05,100.0
2026-05-22,2901,欣欣,22.55,22.65,22.55,22.6,16,-1,0,0,0.3,99.69,100.0
2026-05-22,2903,遠百,22.15,22.3,22.1,22.25,1324,-504,-16,30,7.89,92.1,100.0
2026-05-22,2904,匯僑,14.25,14.25,14.05,14.25,77,9,0,1,0.57,99.42,100.0
2026-05-22,2905,三商,13.55,13.95,13.55,13.65,839,102,0,-8,3.65,96.34,100.0
2026-05-22,2906,高林,12.7,12.7,12.55,12.65,142,-1,0,3,1.6,98.39,100.0
2026-05-22,2908,特力,21.0,21.15,20.85,21.15,383,68,0,0,1.64,98.35,100.0
2026-05-22,2910,統領,21.2,21.25,21.15,21.15,6,-2,0,0,0.25,99.74,100.0
2026-05-22,2911,麗嬰房,8.69,8.69,8.69,8.69,766,0,0,25,20.77,79.22,100.0
2026-05-22,2912,統一超,221.0,222.0,219.5,220.0,6284,-2783,1828,2,19.11,80.88,100.0
2026-05-22,2913,農林,11.0,11.05,10.85,10.9,1280,-134,0,4,5.17,94.82,100.0
2026-05-22,2915,潤泰全,44.0,44.15,43.3,43.3,3990,-651,-171,0,5.25,94.74,100.0
2026-05-22,2916,滿心,47.6,47.65,47.3,47.55,158,6,0,0,21.2,78.79,100.0
2026-05-22,2923,鼎固-KY,20.75,21.85,20.5,21.45,95,-26,0,7,99.4,0.59,100.0
2026-05-22,2924,宏太-KY,16.35,16.35,16.35,16.35,1,0,0,0,66.79,33.2,100.0
2026-05-22,2926,誠品生活,36.5,36.8,36.1,36.8,5,0,0,0,1.09,98.9,100.0
2026-05-22,2929,淘帝-KY,5.8,6.18,5.72,5.73,1378,-333,0,-4,17.63,82.36,100.0
2026-05-22,2937,集雅社,47.5,47.55,47.5,47.5,6,0,0,3,0.08,99.91,100.0
2026-05-22,2938,床的世界,23.76,23.8,23.4,23.4,26,0,0,0,0.0,0.0,0.0
2026-05-22,2939,永邑-KY,22.5,22.85,22.5,22.5,10,1,0,0,19.88,80.11,100.0
2026-05-22,2940,歐都納,24.3,23.7,23.6,23.6,8,0,0,0,0.0,0.0,0.0
2026-05-22,2941,米斯特,0.0,0.0,0.0,0.0,0,0,0,0,0.48,99.51,100.0
2026-05-22,2942,京站,38.47,38.6,38.0,38.0,17,0,0,0,0.0,0.0,0.0
2026-05-22,2945,三商家購,40.15,40.95,40.15,40.95,10,1,0,0,0.37,99.62,100.0
2026-05-22,2947,振宇五金,77.8,77.8,77.8,77.8,13,0,0,0,0.08,99.91,100.0
2026-05-22,2948,寶陞,37.0,37.0,37.0,37.0,2,0,0,0,0.01,99.98,100.0
2026-05-22,2949,欣新網,60.0,61.9,60.0,61.9,15,0,0,0,0.03,99.96,100.0
2026-05-22,3002,歐格,17.2,17.6,17.05,17.55,300,118,0,-1,2.88,97.11,100.0
2026-05-22,3003,健和興,60.9,62.2,59.4,61.9,1655,638,0,1,4.31,95.68,100.0
2026-05-22,3004,豐達科,127.0,132.0,126.0,130.5,949,143,158,0,2.73,97.26,100.0
2026-05-22,3005,神基,103.5,105.0,102.0,104.0,7379,1961,-1402,-33,11.22,88.77,100.0
2026-05-22,3006,晶豪科,225.0,244.0,224.0,237.5,29748,9505,-23,410,33.04,66.95,100.0
2026-05-22,3008,大立光,3450.0,3595.0,3450.0,3540.0,1289,0,2,15,34.37,65.62,100.0
2026-05-22,3010,華立,135.0,138.0,134.0,138.0,1469,665,-7,0,17.74,82.25,100.0
2026-05-22,3011,今皓,13.6,13.75,13.4,13.7,1311,265,0,0,3.27,96.72,100.0
2026-05-22,3013,晟銘電,101.5,110.5,101.5,110.5,6115,1021,0,261,4.88,95.11,100.0
2026-05-22,3014,聯陽,146.0,149.0,143.0,148.0,4648,1542,-5,49,23.1,76.89,100.0
2026-05-22,3015,全漢,51.0,51.6,50.7,51.5,509,133,63,3,8.82,91.17,100.0
2026-05-22,3016,嘉晶,118.0,123.0,118.0,121.0,1522,-33,0,85,7.8,92.19,100.0
2026-05-22,3017,奇鋐,2550.0,2610.0,2470.0,2545.0,5501,-84,133,16,52.73,47.26,100.0
2026-05-22,3018,隆銘綠能,9.33,9.88,9.33,9.88,9,0,0,0,0.22,99.77,100.0
2026-05-22,3019,亞光,152.5,157.5,150.5,153.5,12803,4002,0,285,6.77,93.22,100.0
2026-05-22,3021,鴻名,17.55,18.8,17.35,18.8,1360,210,0,2,4.01,95.98,100.0
2026-05-22,3022,威強電,69.9,72.2,69.9,71.6,1022,402,-1,0,15.51,84.48,100.0
2026-05-22,3023,信邦,317.0,322.0,314.0,314.5,2355,697,-4,-43,44.79,55.2,100.0
2026-05-22,3024,憶聲,17.1,17.75,16.6,17.6,3534,896,0,27,2.46,97.53,100.0
2026-05-22,3025,星通,71.0,71.0,70.8,71.0,2775,359,0,35,8.04,91.95,100.0
2026-05-22,3026,禾伸堂,460.0,476.5,460.0,476.5,1700,88,39,259,16.48,83.51,100.0
2026-05-22,3027,盛達,17.6,18.2,17.4,18.15,546,233,0,-16,2.0,97.99,100.0
2026-05-22,3028,增你強,84.2,86.2,81.9,82.3,5644,-57,0,3,12.63,87.36,100.0
2026-05-22,3029,零壹,96.2,97.3,95.8,97.0,973,94,-7,0,3.37,96.62,100.0
2026-05-22,3030,德律,395.0,419.5,395.0,419.5,5603,391,0,150,14.89,85.1,100.0
2026-05-22,3031,佰鴻,34.75,34.8,33.2,33.75,10695,-1281,-1,0,2.8,97.19,100.0
2026-05-22,3032,偉訓,80.0,87.2,79.6,87.2,5603,-330,0,-2,2.35,97.64,100.0
2026-05-22,3033,威健,53.0,55.3,52.3,53.9,24025,2873,-9,-1152,20.89,79.1,100.0
2026-05-22,3034,聯詠,482.0,490.0,476.0,485.5,8287,412,-70,53,37.77,62.22,100.0
2026-05-22,3035,智原,210.0,216.5,205.0,211.0,28366,-1014,0,-235,11.18,88.81,100.0
2026-05-22,3036,文曄,291.0,301.5,288.5,289.0,12509,-1307,-693,-185,20.68,79.28,100.0
2026-05-22,3037,欣興,932.0,986.0,931.0,970.0,42132,4659,771,-185,38.04,61.95,100.0
2026-05-22,3038,全台,22.5,23.2,22.4,23.15,626,401,0,0,8.75,91.24,100.0
2026-05-22,3040,遠見,39.95,40.2,39.35,39.6,117,-3,-1,0,0.77,99.22,100.0
2026-05-22,3041,揚智,25.4,27.2,24.9,27.15,5202,1477,0,0,6.71,93.28,100.0
2026-05-22,3042,晶技,165.5,176.0,161.0,176.0,31527,-406,73,686,21.9,78.09,100.0
2026-05-22,3043,科風,21.6,21.6,21.0,21.4,342,81,0,0,1.36,98.63,100.0
2026-05-22,3044,健鼎,494.5,497.5,485.0,490.5,3674,-303,-149,32,48.21,51.78,100.0
2026-05-22,3045,台灣大,113.5,113.5,111.5,112.0,17110,-8443,4771,-194,14.5,32.04,46.55
2026-05-22,3046,建碁,52.5,53.4,52.3,53.4,463,118,0,0,4.56,95.43,100.0
2026-05-22,3047,訊舟,14.7,15.75,14.65,15.4,3564,679,0,25,3.48,96.51,100.0
2026-05-22,3048,益登,74.0,74.5,71.2,74.5,21793,3356,0,423,13.24,86.75,100.0
2026-05-22,3049,精金,12.05,12.75,12.05,12.45,6060,254,0,-4,2.47,97.52,100.0
2026-05-22,3050,鈺德,12.25,12.5,12.15,12.5,762,59,0,0,7.14,92.85,100.0
2026-05-22,3051,力特,26.35,28.2,26.25,28.2,7126,1176,0,8,2.84,97.15,100.0
2026-05-22,3052,夆典,10.55,10.55,10.45,10.55,266,-40,0,0,1.41,98.58,100.0
2026-05-22,3054,立萬利,66.8,68.5,66.8,67.6,194,82,0,0,0.46,99.53,100.0
2026-05-22,3055,蔚華科,117.0,122.5,116.0,118.0,4735,196,0,-144,1.49,98.5,100.0
2026-05-22,3056,富華新,13.9,13.95,13.55,13.6,1562,-703,0,1,3.69,96.3,100.0
2026-05-22,3057,喬鼎,19.15,20.0,19.15,19.75,280,69,0,1,2.34,97.65,100.0
2026-05-22,3058,立德,8.17,8.43,8.15,8.42,980,410,0,-1,2.64,97.35,100.0
2026-05-22,3059,華晶科,43.35,44.3,42.8,43.55,8797,441,1,74,8.13,91.86,100.0
2026-05-22,3060,銘異,27.75,28.85,27.75,28.85,2515,1131,0,0,8.93,91.06,100.0
2026-05-22,3062,建漢,28.7,29.5,28.45,29.35,12614,4932,0,108,12.27,87.72,100.0
2026-05-22,3064,泰偉,18.1,18.1,17.45,18.0,9,0,0,0,0.12,99.87,100.0
2026-05-22,3066,李洲,21.15,21.4,20.55,20.8,1275,131,0,0,1.22,98.77,100.0
2026-05-22,3067,全域,17.1,17.25,17.1,17.25,6,0,0,0,0.02,99.97,100.0
2026-05-22,3071,協禧,29.75,30.6,29.7,30.6,761,350,0,-1,2.75,97.24,100.0
2026-05-22,3073,天方能源,20.65,20.65,20.25,20.45,82,19,0,0,1.9,98.09,100.0
2026-05-22,3078,僑威,56.0,56.9,55.2,56.7,1717,302,66,35,12.44,87.55,100.0
2026-05-22,3081,聯亞,2715.0,2790.0,2670.0,2710.0,2249,0,345,37,22.35,77.64,100.0
2026-05-22,3083,網龍,28.1,28.2,27.5,27.7,151,6,0,0,1.3,98.69,100.0
2026-05-22,3085,新零售,12.0,12.1,11.55,11.55,21,0,0,0,5.69,94.3,100.0
2026-05-22,3086,華義*,37.35,37.4,36.7,36.9,310,-18,0,-1,40.4,59.59,100.0
2026-05-22,3088,艾訊,139.5,144.5,138.5,142.0,2512,410,82,11,15.1,84.89,100.0
2026-05-22,3090,日電貿,196.0,215.5,188.0,215.0,9230,1006,0,-76,11.71,88.28,100.0
2026-05-22,3092,鴻碩,28.95,31.9,28.95,30.7,1042,-23,0,0,1.41,98.58,100.0
2026-05-22,3093,港建*,48.7,53.2,48.7,52.1,3035,-488,0,0,68.54,31.45,100.0
2026-05-22,3094,聯傑,35.95,36.6,35.2,35.35,3206,-22,0,0,2.78,97.21,100.0
2026-05-22,3095,及成,47.35,47.5,46.5,46.9,44,-1,0,0,3.61,96.38,100.0
2026-05-22,3097,拍檔,26.04,26.5,25.2,26.45,36,-2,0,0,0.0,0.0,0.0
2026-05-22,3105,穩懋,506.0,531.0,499.5,531.0,28968,3923,651,859,23.09,76.9,100.0
2026-05-22,3114,好德,27.8,28.9,27.8,28.25,622,10,0,0,0.95,99.04,100.0
2026-05-22,3115,富榮綱,8.7,8.7,8.15,8.15,90,26,0,0,1.77,98.22,100.0
2026-05-22,3117,年程,26.2,27.35,23.0,24.4,229,-9,0,0,0.0,0.0,0.0
2026-05-22,3118,進階,33.4,33.6,33.2,33.4,21,2,0,0,0.34,99.65,100.0
2026-05-22,3122,笙泉,35.6,36.2,35.05,35.85,412,92,0,0,3.05,96.94,100.0
2026-05-22,3128,昇銳,24.1,24.55,23.55,24.25,300,30,0,0,3.8,96.19,100.0
2026-05-22,3130,一零四,221.5,222.0,221.0,221.0,34,-15,0,0,20.79,79.2,100.0
2026-05-22,3131,弘塑,2750.0,2910.0,2735.0,2820.0,542,10,-9,4,36.47,63.52,100.0
2026-05-22,3135,凌航,199.5,214.0,199.0,211.5,1785,26,0,13,4.03,95.96,100.0
2026-05-22,3138,耀登,166.0,172.0,165.0,169.5,2013,291,0,9,1.61,98.38,100.0
2026-05-22,3141,晶宏,74.5,78.2,70.5,77.4,9285,98,0,41,10.15,89.84,100.0
2026-05-22,3147,大綜,183.0,186.5,182.0,186.0,498,173,0,-5,2.68,97.31,100.0
2026-05-22,3149,正達,58.0,61.1,57.9,59.1,34321,7445,0,14,6.75,93.24,100.0
2026-05-22,3150,鈺寶-創,19.65,20.15,19.5,20.15,134,25,0,-3,0.95,99.04,100.0
2026-05-22,3152,璟德,174.0,181.5,173.0,181.5,2423,1149,0,36,18.98,81.01,100.0
2026-05-22,3158,嘉實,85.2,86.5,85.2,85.8,23,1,0,0,1.61,98.38,100.0
2026-05-22,3162,精確,88.5,90.3,87.1,87.6,4691,-684,0,0,47.33,52.66,100.0
2026-05-22,3163,波若威,1135.0,1145.0,1080.0,1145.0,3594,-716,430,83,16.16,83.83,100.0
2026-05-22,3164,景岳,16.85,16.85,16.45,16.8,164,-4,0,0,0.48,99.51,100.0
2026-05-22,3167,大量,770.0,831.0,753.0,831.0,6220,650,81,54,10.28,89.71,100.0
2026-05-22,3168,眾福科,45.8,45.8,44.25,45.35,53,2,0,0,1.23,98.76,100.0
2026-05-22,3169,亞信,119.5,124.0,116.5,122.0,1824,-67,0,12,4.1,95.89,100.0
2026-05-22,3171,新洲,68.9,68.9,66.8,68.1,18,5,0,0,0.71,99.28,100.0
2026-05-22,3171,炎洲流通,68.9,68.9,66.8,68.1,18,5,0,0,0.71,99.28,100.0
2026-05-22,3176,基亞,43.6,43.6,37.25,37.25,3760,-460,0,0,4.72,95.27,100.0
2026-05-22,3178,公準,67.5,70.0,67.4,69.1,83,31,0,0,2.21,97.78,100.0
2026-05-22,3184,微邦,24.09,24.4,21.9,23.1,2136,84,0,0,0.0,0.0,0.0
2026-05-22,3188,鑫龍騰,24.35,24.35,24.05,24.15,198,-131,0,0,2.2,97.79,100.0
2026-05-22,3189,景碩,588.0,609.0,588.0,609.0,11454,1394,584,-145,22.05,77.94,100.0
2026-05-22,3191,雲嘉南,15.5,16.95,15.5,16.5,77,0,0,0,0.05,99.94,100.0
2026-05-22,3205,佰研,55.6,55.6,54.3,54.5,187,-54,0,-1,0.99,99.0,100.0
2026-05-22,3206,志豐,38.3,38.3,37.8,38.25,116,16,0,0,2.4,97.59,100.0
2026-05-22,3207,耀勝,57.8,57.8,56.6,56.6,359,45,0,0,5.0,94.99,100.0
2026-05-22,3209,全科,79.6,80.5,78.0,78.0,5672,667,-3,45,19.2,80.79,100.0
2026-05-22,3211,順達,356.5,388.0,356.0,388.0,8868,1105,-481,442,17.95,82.04,100.0
2026-05-22,3213,茂訊,120.5,122.0,119.0,119.5,917,174,0,9,6.7,93.29,100.0
2026-05-22,3217,優群,200.5,208.0,193.5,207.0,4861,-101,-21,166,8.67,91.32,100.0
2026-05-22,3218,大學光,130.0,131.0,129.0,131.0,340,99,-2,0,5.02,94.97,100.0
2026-05-22,3219,倚強股份,84.0,92.9,83.9,92.9,2002,229,0,254,1.59,98.4,100.0
2026-05-22,3219,倚強科,84.0,92.9,83.9,92.9,2002,229,0,254,1.59,98.4,100.0
2026-05-22,3221,台嘉碩,53.0,56.4,53.0,56.4,12420,2406,0,125,6.97,93.02,100.0
2026-05-22,3224,三顧,41.5,41.5,40.6,40.7,120,-12,0,0,0.62,99.37,100.0
2026-05-22,3226,龍鋒,40.0,40.0,39.5,40.0,3,-1,0,0,0.06,99.93,100.0
2026-05-22,3227,原相,234.0,234.0,227.5,233.0,2739,778,-11,44,22.4,77.58,100.0
2026-05-22,3228,金麗科,211.5,222.0,208.0,211.5,1072,-194,6,3,6.73,93.26,100.0
2026-05-22,3229,晟鈦,38.9,40.3,38.05,39.6,523,131,0,2,0.99,99.0,100.0
2026-05-22,3230,錦明,32.6,32.85,32.2,32.35,326,51,0,0,0.74,99.25,100.0
2026-05-22,3231,緯創,142.5,146.0,139.5,144.5,70277,32967,-202,955,29.2,70.79,100.0
2026-05-22,3232,昱捷,22.75,22.75,22.0,22.3,155,-18,0,0,8.29,91.7,100.0
2026-05-22,3234,光環,100.0,106.5,100.0,104.0,2132,462,0,0,2.95,97.04,100.0
2026-05-22,3236,千如,52.6,53.0,52.0,53.0,6054,736,0,121,16.82,83.17,100.0
2026-05-22,3252,海灣,18.55,18.55,17.9,18.05,16,1,0,0,2.24,97.75,100.0
2026-05-22,3257,虹冠電,53.6,53.6,51.8,52.8,918,-44,0,0,0.68,99.31,100.0
2026-05-22,3259,鑫創,16.6,16.6,16.0,16.35,41,4,0,0,10.93,89.06,100.0
2026-05-22,3260,威剛,419.5,428.0,414.0,417.5,14177,-459,-1721,63,16.92,83.07,100.0
2026-05-22,3264,欣銓,221.0,229.5,218.0,221.5,7236,-391,-353,40,30.84,69.15,100.0
2026-05-22,3265,台星科,181.5,191.0,181.0,186.0,3964,1690,-26,79,8.65,91.34,100.0
2026-05-22,3266,昇陽,12.4,12.6,12.25,12.4,155,8,0,1,8.32,91.67,100.0
2026-05-22,3268,海德威,17.5,17.85,17.5,17.6,157,28,0,2,0.68,99.31,100.0
2026-05-22,3272,東碩,17.1,17.35,17.0,17.35,91,-11,0,5,0.64,99.35,100.0
2026-05-22,3276,宇環,14.15,14.5,14.1,14.35,255,13,0,-1,1.03,98.96,100.0
2026-05-22,3284,太普高,17.0,17.0,16.6,16.8,134,-24,0,0,0.87,99.12,100.0
2026-05-22,3285,微端,28.5,29.1,28.5,28.8,28,2,0,0,12.97,87.02,100.0
2026-05-22,3287,廣寰科,31.6,32.6,31.6,31.85,265,15,0,0,1.72,98.27,100.0
2026-05-22,3288,點晶,15.0,15.0,14.9,14.95,8,0,0,0,0.14,99.85,100.0
2026-05-22,3289,宜特,164.5,171.5,164.5,169.0,1831,0,0,66,7.18,92.81,100.0
2026-05-22,3290,東浦,47.3,48.75,47.15,48.25,739,189,0,0,6.32,93.67,100.0
2026-05-22,3293,鈊象,746.0,756.0,741.0,748.0,2169,161,464,11,22.59,77.4,100.0
2026-05-22,3294,英濟,40.45,42.15,39.6,41.1,7654,-144,0,0,6.77,93.22,100.0
2026-05-22,3296,勝德,19.05,19.65,19.05,19.65,166,-7,0,0,2.19,97.8,100.0
2026-05-22,3297,杭特,30.5,30.9,30.4,30.75,63,6,0,0,3.16,96.83,100.0
2026-05-22,3303,岱稜,49.3,49.5,48.8,49.35,227,-43,0,0,4.53,95.46,100.0
2026-05-22,3305,昇貿,139.0,149.0,138.0,146.0,12605,2382,0,141,6.9,93.09,100.0
2026-05-22,3306,鼎天,46.0,47.25,45.4,46.85,339,35,0,0,2.12,97.87,100.0
2026-05-22,3308,聯德,20.65,20.8,20.1,20.5,158,43,0,0,0.87,99.12,100.0
2026-05-22,3310,佳穎,69.5,76.9,69.0,76.9,226,38,0,0,0.25,99.74,100.0
2026-05-22,3311,閎暉,32.7,34.45,32.55,33.85,627,281,0,2,1.92,98.07,100.0
2026-05-22,3312,弘憶股,47.0,47.7,46.35,47.65,2829,627,0,3,4.35,95.64,100.0
2026-05-22,3313,斐成,11.75,11.8,11.6,11.8,162,2,0,0,4.69,95.3,100.0
2026-05-22,3317,尼克森,75.5,77.7,75.5,76.1,4709,383,0,19,13.46,86.53,100.0
2026-05-22,3321,同泰,15.45,15.95,15.35,15.95,358,128,0,-2,1.51,98.48,100.0
2026-05-22,3322,建舜電,12.85,13.65,12.8,13.45,1202,550,0,0,2.57,97.42,100.0
2026-05-22,3323,加百裕,35.5,36.85,35.5,36.7,1579,809,0,24,5.51,94.48,100.0
2026-05-22,3324,雙鴻,1035.0,1040.0,1005.0,1010.0,3661,-761,-11,-36,19.71,80.28,100.0
2026-05-22,3325,旭品,12.1,12.15,11.9,11.95,400,122,0,0,1.15,98.84,100.0
2026-05-22,3332,幸康,63.8,65.4,63.8,64.0,12,-4,0,0,0.88,99.11,100.0
2026-05-22,3338,泰碩,73.7,77.5,73.1,77.0,2172,463,0,-1,3.8,96.19,100.0
2026-05-22,3339,泰谷,47.7,51.2,47.7,50.2,3921,702,0,0,4.8,95.19,100.0
2026-05-22,3346,麗清,16.35,16.45,16.15,16.35,438,112,0,2,2.46,97.53,100.0
2026-05-22,3349,寶德,18.55,18.95,18.0,18.9,208,54,0,0,1.72,98.27,100.0
2026-05-22,3354,律勝,32.65,34.75,32.0,34.75,1673,405,0,0,2.46,97.53,100.0
2026-05-22,3356,奇偶,62.9,64.6,62.6,63.3,2091,468,0,5,9.0,90.99,100.0
2026-05-22,3357,臺慶科,262.0,279.0,260.0,279.0,12527,1362,0,-63,18.05,81.94,100.0
2026-05-22,3360,尚立,14.65,15.05,14.6,14.95,568,129,0,0,1.92,98.07,100.0
2026-05-22,3362,先進光,120.0,120.5,118.0,120.0,1851,-340,0,-3,3.71,96.28,100.0
2026-05-22,3363,上詮,841.0,865.0,835.0,852.0,2326,-28,6,0,16.73,83.26,100.0
2026-05-22,3372,典範,20.0,20.25,19.7,20.25,1437,781,0,0,2.35,97.64,100.0
2026-05-22,3373,熱映,17.15,17.15,16.8,16.9,94,3,0,0,1.73,98.26,100.0
2026-05-22,3374,精材,248.5,257.5,246.5,253.0,14335,1,-1,259,10.72,89.27,100.0
2026-05-22,3376,新日興,211.0,216.0,207.0,210.0,5985,636,2,-38,20.5,79.49,100.0
2026-05-22,3379,彬台,41.5,43.3,41.1,42.8,1287,48,0,0,1.09,98.9,100.0
2026-05-22,3380,明泰,33.0,34.3,32.95,34.15,5385,1992,0,193,5.78,94.21,100.0
2026-05-22,3388,崇越電,100.5,104.0,99.9,102.0,1314,-135,0,0,7.39,92.6,100.0
2026-05-22,3390,旭軟,28.35,29.0,28.0,28.65,2117,597,0,0,5.47,94.52,100.0
2026-05-22,3402,漢科,137.5,140.0,136.5,139.5,648,187,0,-1,7.96,92.03,100.0
2026-05-22,3406,玉晶光,577.0,585.0,570.0,576.0,1967,157,-16,58,43.26,56.73,100.0
2026-05-22,3413,京鼎,327.5,328.5,324.0,325.0,1110,190,23,-9,14.88,85.11,100.0
2026-05-22,3416,融程電,173.5,190.0,173.0,183.0,1900,167,0,48,3.51,96.48,100.0
2026-05-22,3419,譁裕,13.9,14.3,13.45,14.0,558,67,0,5,1.83,98.16,100.0
2026-05-22,3426,台興,47.7,47.8,47.7,47.8,18,0,0,0,0.44,99.55,100.0
2026-05-22,3430,奇鈦科,180.5,184.5,176.0,183.5,5173,-320,0,-23,4.24,95.75,100.0
2026-05-22,3432,台端,19.0,19.15,18.6,19.15,73,-4,0,0,2.9,97.09,100.0
2026-05-22,3434,哲固,28.5,29.0,28.5,29.0,64,1,0,0,1.94,98.05,100.0
2026-05-22,3437,榮創,25.1,26.6,25.0,26.15,4693,1250,0,-18,5.57,94.42,100.0
2026-05-22,3438,類比科,68.3,71.5,68.0,71.4,960,280,0,0,3.04,96.95,100.0
2026-05-22,3441,聯一光,52.5,53.4,51.5,52.2,5700,23,0,-28,2.8,97.19,100.0
2026-05-22,3443,創意,5105.0,5195.0,4955.0,5140.0,2682,-302,73,104,28.82,71.17,100.0
2026-05-22,3444,利機,95.1,97.8,95.1,97.0,544,196,0,0,12.04,87.95,100.0
2026-05-22,3447,展達,38.05,38.5,37.4,38.05,254,108,0,0,1.39,98.6,100.0
2026-05-22,3450,聯鈞,455.0,460.0,450.0,459.5,2939,-236,0,55,25.32,74.67,100.0
2026-05-22,3455,由田,306.0,306.5,291.5,293.0,4080,-1011,24,-12,18.62,81.37,100.0
2026-05-22,3465,進泰電子,27.05,28.3,27.05,27.75,40,7,0,0,5.0,94.99,100.0
2026-05-22,3466,德晉,35.3,35.3,33.3,33.8,1475,-152,0,0,17.47,82.52,100.0
2026-05-22,3467,台灣精材,62.1,64.3,61.9,63.8,281,46,0,-2,1.6,98.39,100.0
2026-05-22,3473,智通聯網,93.38,96.8,91.0,93.4,29,0,0,0,0.0,0.0,0.0
2026-05-22,3479,安勤,117.5,128.0,116.5,125.5,6005,175,0,4,5.13,94.86,100.0
2026-05-22,3481,群創,42.45,44.65,42.35,44.65,388361,11908,-29,2834,29.16,70.83,100.0
2026-05-22,3483,力致,92.5,95.5,92.3,94.6,1340,486,0,30,8.52,91.47,100.0
2026-05-22,3484,崧騰,44.8,44.8,43.45,44.15,404,-16,0,0,7.16,92.83,100.0
2026-05-22,3485,敘豐,225.5,265.0,225.5,265.0,424,34,0,1,0.06,99.93,100.0
2026-05-22,3489,森寶,22.0,22.0,21.85,22.0,90,0,0,0,0.63,99.36,100.0
2026-05-22,3490,單井,42.6,44.75,41.15,43.5,13143,-627,0,19,7.35,92.64,100.0
2026-05-22,3491,昇達科,1850.0,1980.0,1825.0,1930.0,3591,378,4,43,32.49,67.5,100.0
2026-05-22,3492,長盛,22.4,22.75,22.05,22.6,126,12,0,0,0.57,99.42,100.0
2026-05-22,3494,誠研,7.98,7.99,7.75,7.95,353,23,0,-1,1.69,98.3,100.0
2026-05-22,3498,陽程,152.0,160.0,149.5,160.0,1340,113,0,-1,17.63,82.36,100.0
2026-05-22,3499,環天科,14.9,15.0,14.6,14.7,102,-20,0,0,0.69,99.3,100.0
2026-05-22,3501,維熹,40.3,40.3,39.9,40.05,333,-92,0,-6,3.33,96.66,100.0
2026-05-22,3504,揚明光,86.1,86.4,82.5,83.4,4148,251,0,-1,2.88,97.11,100.0
2026-05-22,3508,位速,19.75,20.35,19.6,20.1,224,13,0,0,0.59,99.4,100.0
2026-05-22,3511,矽瑪,20.05,21.5,19.95,21.45,598,58,0,0,2.74,97.25,100.0
2026-05-22,3512,皇龍,20.3,20.35,20.2,20.35,73,21,0,0,0.45,99.54,100.0
2026-05-22,3515,華擎,227.5,232.0,225.0,232.0,680,350,0,20,7.36,92.63,100.0
2026-05-22,3516,亞帝歐,23.65,23.65,23.0,23.1,127,1,0,0,0.4,99.59,100.0
2026-05-22,3518,柏騰,34.15,35.75,33.8,35.65,1418,195,0,8,7.48,92.51,100.0
2026-05-22,3520,華盈,15.05,15.3,14.9,15.1,304,-15,0,0,1.26,98.73,100.0
2026-05-22,3521,鴻翊,13.05,13.2,13.0,13.05,48,3,0,0,0.33,99.66,100.0
2026-05-22,3521,台鋼建設,13.05,13.2,13.0,13.05,48,3,0,0,0.33,99.66,100.0
2026-05-22,3522,御頂,12.25,12.4,12.25,12.4,111,27,0,0,0.27,99.72,100.0
2026-05-22,3522,御嵿,12.25,12.4,12.25,12.4,111,27,0,0,0.27,99.72,100.0
2026-05-22,3523,迎輝,9.56,10.0,9.56,9.99,18,3,0,0,0.08,99.91,100.0
2026-05-22,3526,凡甲,371.5,374.5,363.5,366.5,525,-49,-1,1,21.62,78.37,100.0
2026-05-22,3527,聚積,59.0,61.5,58.0,61.3,308,121,0,0,7.39,92.6,100.0
2026-05-22,3528,安馳,86.8,93.8,85.4,93.8,1916,311,0,2,6.18,93.81,100.0
2026-05-22,3529,力旺,3700.0,3765.0,3600.0,3625.0,504,-32,30,1,68.26,31.73,100.0
2026-05-22,3530,晶相光,69.1,69.7,67.0,69.0,384,69,0,0,41.6,58.39,100.0
2026-05-22,3531,先益,22.75,23.35,22.75,23.35,3,0,0,0,19.27,80.72,100.0
2026-05-22,3532,台勝科,235.0,248.5,235.0,248.5,1358,-80,-282,285,44.37,55.62,100.0
2026-05-22,3533,嘉澤,2600.0,2625.0,2480.0,2555.0,1568,-161,98,-3,44.75,55.24,100.0
2026-05-22,3535,晶彩科,125.0,128.0,124.5,127.5,2535,123,0,-2,2.26,97.73,100.0
2026-05-22,3537,堡達,69.8,69.8,69.8,69.8,1280,-2,0,129,3.77,96.22,100.0
2026-05-22,3540,曜越,25.65,26.5,25.65,26.25,262,26,0,0,2.25,97.74,100.0
2026-05-22,3541,西柏,22.9,22.9,22.8,22.9,34,-1,0,0,0.93,99.06,100.0
2026-05-22,3543,州巧,35.3,37.7,35.2,37.0,1243,-166,0,-6,7.32,92.67,100.0
2026-05-22,3545,敦泰,61.2,62.0,59.8,61.6,4399,233,3,38,14.72,85.27,100.0
2026-05-22,3546,宇峻,80.5,81.4,79.2,81.3,688,109,0,21,7.44,92.55,100.0
2026-05-22,3548,兆利,98.4,99.6,96.9,98.8,478,129,0,2,9.24,90.75,100.0
2026-05-22,3550,聯穎,21.35,22.2,21.2,21.75,3203,624,0,-1,6.56,93.43,100.0
2026-05-22,3551,世禾,199.5,204.0,198.5,202.5,1280,463,0,85,5.74,94.25,100.0
2026-05-22,3552,同致,53.2,53.3,52.6,53.3,181,13,0,-1,10.09,89.9,100.0
2026-05-22,3555,博士旺,235.5,235.5,235.5,235.5,232,17,0,16,1.72,98.27,100.0
2026-05-22,3556,禾瑞亞,54.6,54.7,52.9,54.7,635,238,0,3,6.72,93.27,100.0
2026-05-22,3557,嘉威,24.5,25.9,24.1,25.9,427,11,0,-1,1.71,98.28,100.0
2026-05-22,3558,神準,121.0,128.0,120.5,127.0,548,92,32,11,3.99,96.0,100.0
2026-05-22,3563,牧德,935.0,939.0,891.0,896.0,4206,-966,-8,-37,8.05,91.94,100.0
2026-05-22,3564,其陽,42.75,46.15,41.4,45.3,757,104,0,0,3.65,96.34,100.0
2026-05-22,3567,逸昌,29.0,29.2,28.7,28.9,228,37,0,0,3.24,96.75,100.0
2026-05-22,3570,大塚,173.0,174.5,171.0,172.5,46,5,0,0,44.88,55.11,100.0
2026-05-22,3576,聯合再生,17.55,18.45,17.2,18.25,29282,7084,0,-37,11.81,88.18,100.0
2026-05-22,3577,泓格,143.0,145.5,135.5,145.5,2039,299,67,32,2.23,97.76,100.0
2026-05-22,3580,友威科,100.5,109.0,99.2,104.0,4639,158,0,0,8.61,91.38,100.0
2026-05-22,3581,博磊,248.0,248.0,248.0,248.0,357,-9,0,65,17.27,82.72,100.0
2026-05-22,3583,辛耘,881.0,916.0,867.0,875.0,2131,-288,4,25,17.42,82.57,100.0
2026-05-22,3585,聯致,90.7,91.0,83.0,85.1,3434,0,0,0,0.0,0.0,0.0
2026-05-22,3587,閎康,333.5,349.5,333.0,342.0,2068,-344,0,-6,11.73,88.26,100.0
2026-05-22,3588,通嘉,63.3,64.0,62.0,63.1,730,105,0,0,4.87,95.12,100.0
2026-05-22,3591,艾笛森,26.3,27.05,26.05,26.75,3874,1500,0,-12,7.01,92.98,100.0
2026-05-22,3592,瑞鼎,268.5,269.5,262.5,265.5,907,-136,-2,-2,17.05,82.94,100.0
2026-05-22,3593,力銘,16.5,17.65,16.5,17.45,22,0,0,0,0.25,99.74,100.0
2026-05-22,3594,磐儀,51.4,52.6,50.8,52.0,693,325,0,-1,2.71,97.28,100.0
2026-05-22,3595,山太士,2770.24,2910.0,2755.0,2865.0,549,4,0,0,0.0,0.0,0.0
2026-05-22,3596,智易,186.0,189.0,184.0,189.0,1806,1021,0,17,30.53,69.46,100.0
2026-05-22,3597,映興,28.3,28.6,27.85,28.2,89,7,0,0,0.73,99.26,100.0
2026-05-22,3603,建祥國際,7.7,8.08,7.61,8.01,18,0,0,0,0.0,0.0,0.0
2026-05-22,3605,宏致,81.8,82.2,80.7,80.9,5098,-314,0,30,10.48,89.51,100.0
2026-05-22,3607,谷崧,14.6,15.05,14.55,14.95,856,357,0,-2,6.62,93.37,100.0
2026-05-22,3609,三一東林,28.05,29.0,27.95,28.35,326,37,0,0,2.48,97.51,100.0
2026-05-22,3611,鼎翰,187.5,188.0,187.0,187.5,45,-10,0,0,11.8,88.19,100.0
2026-05-22,3615,安可,44.15,47.55,44.15,47.55,15568,2699,0,95,10.82,89.17,100.0
2026-05-22,3617,碩天,200.0,201.5,196.0,200.5,409,56,0,-48,8.92,91.07,100.0
2026-05-22,3622,洋華,54.8,56.1,54.8,55.9,514,191,0,0,3.69,96.3,100.0
2026-05-22,3623,富晶通,23.35,24.55,23.35,24.3,275,49,0,0,3.3,96.69,100.0
2026-05-22,3624,光頡,91.7,92.8,89.0,91.5,4036,-133,0,84,52.79,47.2,100.0
2026-05-22,3625,西勝,14.8,14.8,14.45,14.8,304,98,0,0,5.43,94.56,100.0
2026-05-22,3628,盈正,63.9,64.5,63.0,64.4,80,-3,0,0,4.65,95.34,100.0
2026-05-22,3629,地心引力,16.55,16.55,16.1,16.1,9,0,0,0,0.02,99.97,100.0
2026-05-22,3630,新鉅科,27.8,27.8,26.95,27.6,831,129,0,-3,39.73,60.26,100.0
2026-05-22,3631,晟楠,38.05,38.45,37.5,37.8,205,-5,0,0,8.12,91.87,100.0
2026-05-22,3632,研勤,7.32,7.35,7.32,7.35,32,0,0,0,0.29,99.7,100.0
2026-05-22,3633,云光,130.26,132.0,129.5,131.0,22,0,0,0,0.0,0.0,0.0
2026-05-22,3645,達邁,109.5,112.0,107.0,109.0,9565,58,-2,22,15.11,84.88,100.0
2026-05-22,3646,艾恩特,23.4,23.4,23.2,23.4,9,0,0,0,6.69,93.3,100.0
2026-05-22,3652,精聯,30.0,31.8,30.0,31.35,155,24,0,-5,0.68,99.31,100.0
2026-05-22,3653,健策,3505.0,3660.0,3475.0,3660.0,638,226,1,-3,26.93,73.06,100.0
2026-05-22,3659,百辰,24.05,24.2,23.5,23.75,94,-4,0,0,0.0,0.0,0.0
2026-05-22,3661,世芯-KY,4955.0,4960.0,4750.0,4895.0,1648,-178,5,10,54.71,45.28,100.0
2026-05-22,3663,鑫科,84.5,90.9,83.3,86.9,16885,-2495,0,103,3.14,96.85,100.0
2026-05-22,3664,安瑞-KY,9.66,9.66,9.0,9.15,34,0,0,0,37.96,62.03,100.0
2026-05-22,3665,貿聯-KY,2255.0,2270.0,2200.0,2225.0,2291,479,-69,-37,56.01,43.98,100.0
2026-05-22,3666,光耀,27.5,27.5,26.8,27.25,123,42,0,0,0.28,99.71,100.0
2026-05-22,3669,圓展,37.0,38.7,37.0,38.5,308,84,0,2,2.53,97.46,100.0
2026-05-22,3672,康聯訊,11.35,11.65,11.0,11.4,77,2,0,0,2.49,97.5,100.0
2026-05-22,3673,TPK-KY,75.5,81.6,74.8,77.0,46498,3070,0,674,44.85,55.14,100.0
2026-05-22,3675,德微,316.5,321.0,305.0,319.5,2269,-43,0,10,60.82,39.17,100.0
2026-05-22,3678,聯享,58.06,59.5,57.8,58.5,26,0,0,0,0.0,0.0,0.0
2026-05-22,3679,新至陞,118.5,120.0,117.5,119.5,75,8,0,0,8.93,91.06,100.0
2026-05-22,3680,家登,550.0,581.0,541.0,568.0,2465,-413,0,143,23.46,76.53,100.0
2026-05-22,3684,榮昌,61.3,62.6,60.8,61.5,202,91,0,0,1.82,98.17,100.0
2026-05-22,3685,元創精密,27.55,30.0,27.5,30.0,779,112,0,0,0.51,99.48,100.0
2026-05-22,3686,達能,16.8,18.3,16.8,18.25,825,322,0,-16,1.56,98.43,100.0
2026-05-22,3687,歐買尬,70.9,70.9,69.2,69.7,178,-24,0,-1,4.65,95.34,100.0
2026-05-22,3689,湧德,122.5,124.0,121.5,123.5,1831,281,0,-5,6.03,93.96,100.0
2026-05-22,3691,碩禾,143.5,146.5,140.5,143.5,1631,-24,0,35,10.59,89.4,100.0
2026-05-22,3693,營邦,589.0,589.0,589.0,589.0,537,-22,-19,22,13.04,86.95,100.0
2026-05-22,3694,海華,70.7,72.0,69.6,70.5,5841,-742,0,-32,3.55,96.44,100.0
2026-05-22,3701,大眾控,55.1,57.5,54.8,57.0,2715,-380,0,2,4.68,95.31,100.0
2026-05-22,3702,大聯大,125.0,126.0,117.5,118.0,15708,-3980,-1306,-610,35.0,64.99,100.0
2026-05-22,3703,欣陸,20.2,20.25,20.0,20.15,1129,-506,0,0,20.13,79.86,100.0
2026-05-22,3704,合勤控,41.45,44.4,39.7,44.0,13709,2518,0,122,13.18,86.81,100.0
2026-05-22,3705,永信,55.6,55.8,55.5,55.7,186,-109,0,0,7.15,92.84,100.0
2026-05-22,3706,神達,84.3,88.4,83.6,87.8,37196,10470,2587,682,10.33,89.66,100.0
2026-05-22,3707,漢磊,81.0,85.8,80.5,83.5,30784,3735,0,-3,17.7,82.29,100.0
2026-05-22,3708,上緯投控,126.0,128.0,125.0,126.0,1321,122,-1,19,7.92,92.07,100.0
2026-05-22,3709,鑫聯大投控,87.6,90.4,87.5,88.2,3288,581,0,-179,7.96,92.03,100.0
2026-05-22,3710,連展投控,6.21,6.6,6.19,6.39,421,-6,0,0,2.18,97.81,100.0
2026-05-22,3711,日月光投控,535.0,561.0,524.0,561.0,31183,2979,1248,-253,78.2,21.79,100.0
2026-05-22,3712,永崴投控,15.8,16.45,15.3,16.15,1609,235,0,-29,2.09,97.9,100.0
2026-05-22,3713,新晶投控,13.0,13.0,12.7,12.95,90,11,0,0,0.38,99.61,100.0
2026-05-22,3714,富采,75.8,81.4,74.5,81.4,76568,17324,0,162,15.86,84.13,100.0
2026-05-22,3715,定穎投控,165.5,178.5,165.5,174.5,13230,1907,-210,729,8.18,91.81,100.0
2026-05-22,3716,中化控股,34.6,34.75,34.3,34.35,188,43,0,0,8.37,91.62,100.0
2026-05-22,3717,聯嘉投控,24.1,25.0,24.05,24.65,4702,616,0,126,5.74,94.25,100.0
2026-05-22,4102,永日,17.3,17.7,17.3,17.55,106,15,0,0,1.21,98.78,100.0
2026-05-22,4104,佳醫,70.8,70.8,70.0,70.4,159,-47,0,0,2.89,97.1,100.0
2026-05-22,4105,東洋,74.1,74.4,73.5,74.1,812,38,0,-28,19.7,80.29,100.0
2026-05-22,4106,雃博,23.1,23.35,23.05,23.3,103,6,0,0,1.85,98.14,100.0
2026-05-22,4107,邦特,116.5,117.0,115.5,116.5,189,-32,0,0,7.56,92.43,100.0
2026-05-22,4108,懷特,12.45,13.15,12.4,12.9,949,119,0,-3,1.03,98.96,100.0
2026-05-22,4109,加捷生醫,11.6,11.75,11.4,11.5,159,-18,0,0,0.81,99.18,100.0
2026-05-22,4111,濟生,30.1,30.15,29.95,30.0,54,1,0,0,3.36,96.63,100.0
2026-05-22,4113,聯上,15.5,15.5,15.05,15.45,251,-32,0,0,1.78,98.21,100.0
2026-05-22,4114,健喬,30.95,31.05,30.75,30.8,845,118,0,0,5.72,94.27,100.0
2026-05-22,4115,善德生技,8.34,8.59,8.15,8.41,57,1,0,0,0.0,0.0,0.0
2026-05-22,4116,明基醫,38.0,38.05,37.6,37.8,52,15,0,0,0.39,99.6,100.0
2026-05-22,4119,旭富,43.0,43.0,42.2,42.25,194,-110,0,0,5.2,94.79,100.0
2026-05-22,4120,友華,46.2,46.2,46.0,46.0,29,-1,0,0,6.24,93.75,100.0
2026-05-22,4121,優盛,14.2,14.4,14.1,14.4,125,42,0,0,1.79,98.2,100.0
2026-05-22,4123,晟德,38.85,38.9,38.45,38.7,1689,-350,0,-45,9.22,90.77,100.0
2026-05-22,4126,太醫,79.8,79.8,79.2,79.2,110,-2,0,0,8.96,91.03,100.0
2026-05-22,4127,天良,62.9,62.9,54.6,62.9,4871,97,0,3,0.91,99.08,100.0
2026-05-22,4128,中天,16.05,16.25,15.55,15.75,5699,-854,0,-155,4.15,95.84,100.0
2026-05-22,4129,聯合,91.0,92.0,90.7,91.2,645,-141,0,0,12.18,87.81,100.0
2026-05-22,4130,健亞,27.4,27.75,27.35,27.5,62,-2,0,0,2.02,97.97,100.0
2026-05-22,4131,浩泰,34.7,34.7,34.0,34.0,217,-11,0,2,1.26,98.73,100.0
2026-05-22,4133,亞諾法,21.3,21.3,21.0,21.3,145,31,0,0,12.57,87.42,100.0
2026-05-22,4137,麗豐-KY,104.5,104.5,103.5,104.0,146,-61,0,13,56.01,43.98,100.0
2026-05-22,4138,曜亞,52.1,52.5,51.4,51.8,33,-1,0,0,1.1,98.89,100.0
2026-05-22,4139,馬光-KY,23.05,23.75,23.0,23.75,27,-1,0,0,16.91,83.08,100.0
2026-05-22,4142,國光生,17.6,17.7,17.3,17.5,1157,-244,0,1,4.78,95.21,100.0
2026-05-22,4147,中裕,49.25,51.2,49.25,50.5,1631,285,0,0,8.62,91.37,100.0
2026-05-22,4148,全宇生技-KY,34.5,34.5,34.1,34.25,26,-1,0,0,71.0,28.99,100.0
2026-05-22,4150,優你康,5.7,6.02,5.5,6.02,590,31,0,0,0.0,0.0,0.0
2026-05-22,4153,鈺緯,31.0,31.05,30.8,31.0,15,1,0,0,0.39,99.6,100.0
2026-05-22,4154,樂威科-KY,13.8,13.9,13.7,13.9,7,-2,0,0,30.02,69.97,100.0
2026-05-22,4155,訊映,15.5,15.5,15.2,15.2,547,30,0,0,1.11,98.88,100.0
2026-05-22,4157,太景*-KY,9.21,9.33,9.09,9.26,1511,-371,0,1,1.79,98.2,100.0
2026-05-22,4160,訊聯基因,42.6,42.6,41.0,41.3,126,6,0,0,0.92,99.07,100.0
2026-05-22,4161,聿新科,23.55,23.8,23.05,23.6,167,-3,0,0,0.3,99.69,100.0
2026-05-22,4162,智擎,57.1,57.3,56.3,56.4,358,18,0,0,8.38,91.61,100.0
2026-05-22,4163,鐿鈦,111.0,111.0,109.0,110.5,51,0,0,0,2.78,97.21,100.0
2026-05-22,4164,承業醫,28.7,28.85,28.35,28.85,776,-411,0,1,19.42,80.57,100.0
2026-05-22,4166,友霖,24.4,24.4,23.9,24.35,217,-49,0,0,10.87,89.12,100.0
2026-05-22,4167,松瑞藥,19.35,19.4,19.05,19.1,711,-171,0,-3,10.38,89.61,100.0
2026-05-22,4168,醣聯,25.8,27.1,25.5,26.9,623,156,0,0,4.78,95.21,100.0
2026-05-22,4169,泰宗,158.0,161.0,157.0,159.0,134,-1,0,0,6.48,93.51,100.0
2026-05-22,4170,鑫品生醫,13.63,14.0,12.9,13.8,117,0,0,0,0.0,0.0,0.0
2026-05-22,4171,瑞基,18.2,18.2,18.0,18.05,119,-19,0,0,13.48,86.51,100.0
2026-05-22,4172,因華,13.56,14.05,13.35,14.05,181,0,0,0,0.0,0.0,0.0
2026-05-22,4173,久裕,18.35,18.35,18.25,18.35,98,-1,0,0,0.72,99.27,100.0
2026-05-22,4174,浩鼎,32.3,32.6,31.55,31.65,666,-147,0,0,6.56,93.43,100.0
2026-05-22,4175,杏一,53.1,53.3,52.8,53.0,46,0,0,0,0.18,99.81,100.0
2026-05-22,4178,永笙-KY,19.0,19.0,18.8,18.95,354,-88,0,0,5.61,94.38,100.0
2026-05-22,4183,福永生技,12.45,12.45,12.45,12.45,1,0,0,0,0.0,99.99,100.0
2026-05-22,4186,尖端醫,10.08,10.3,9.96,10.3,82,0,0,0,0.0,0.0,0.0
2026-05-22,4188,安克,11.2,11.45,11.2,11.3,43,2,0,0,0.06,99.93,100.0
2026-05-22,4190,佐登-KY,24.35,24.8,24.15,24.75,43,-3,0,2,58.7,41.29,100.0
2026-05-22,4192,杏國,19.4,20.1,19.4,19.8,23,0,0,0,0.31,99.68,100.0
2026-05-22,4194,禾生技,7.04,7.3,6.91,7.22,139,6,0,0,0.0,0.0,0.0
2026-05-22,4195,基米-創,18.75,19.0,18.5,18.85,363,75,0,0,0.55,99.44,100.0
2026-05-22,4197,暐世,8.95,9.05,8.6,9.05,101,0,0,0,0.0,0.0,0.0
2026-05-22,4198,欣大健康,38.25,38.95,38.25,38.95,25,0,0,0,1.16,98.83,100.0
2026-05-22,4205,中華食,73.2,73.2,73.1,73.2,22,1,0,0,0.59,99.4,100.0
2026-05-22,4207,環泰,19.2,19.6,19.1,19.6,394,-119,0,0,1.49,98.5,100.0
2026-05-22,4303,信立,48.8,48.8,48.0,48.05,706,-80,0,0,2.08,97.91,100.0
2026-05-22,4304,勝昱,28.5,28.7,28.35,28.5,38,5,0,0,0.03,99.96,100.0
2026-05-22,4305,世坤,44.55,44.55,43.9,44.25,5,-1,0,0,0.06,99.93,100.0
2026-05-22,4306,炎洲,13.8,14.1,13.8,14.05,2840,1530,0,0,5.43,94.56,100.0
2026-05-22,4401,東隆興,14.0,14.0,13.9,13.95,73,0,0,0,1.35,98.64,100.0
2026-05-22,4402,郡都開發,12.4,12.5,11.65,12.0,57,-2,0,0,2.27,97.72,100.0
2026-05-22,4406,新昕纖,10.0,10.15,10.0,10.0,6,0,0,0,0.22,99.77,100.0
2026-05-22,4413,飛寶企業,17.5,17.7,17.35,17.7,16,-2,0,0,5.73,94.26,100.0
2026-05-22,4414,如興,8.32,8.32,8.04,8.04,410,-99,0,0,26.67,73.32,100.0
2026-05-22,4416,三圓,11.55,11.55,11.2,11.2,420,7,0,0,1.17,98.82,100.0
2026-05-22,4417,金洲,45.0,45.0,44.45,44.65,317,-135,0,0,4.0,95.99,100.0
2026-05-22,4419,元勝,46.1,46.1,45.0,45.1,27,2,0,0,0.0,99.99,100.0
2026-05-22,4419,皇家美食,46.1,46.1,45.0,45.1,27,2,0,0,0.0,99.99,100.0
2026-05-22,4420,光明,39.1,39.35,39.05,39.35,100,8,0,0,0.54,99.45,100.0
2026-05-22,4426,利勤,7.72,7.72,7.46,7.61,260,1,0,0,2.24,97.75,100.0
2026-05-22,4430,耀億,16.65,16.95,16.65,16.9,16,1,0,0,2.27,97.72,100.0
2026-05-22,4431,敏成健康,16.33,16.4,16.1,16.3,61,0,0,0,0.0,0.0,0.0
2026-05-22,4432,銘旺實,16.9,17.15,16.9,17.15,66,6,0,0,0.86,99.13,100.0
2026-05-22,4433,興采,20.5,20.55,20.3,20.55,22,0,0,0,0.18,99.81,100.0
2026-05-22,4438,廣越,57.7,58.5,57.4,57.9,65,-11,0,2,1.81,98.18,100.0
2026-05-22,4439,冠星-KY,93.0,93.0,90.4,92.0,16,-4,0,0,61.35,38.64,100.0
2026-05-22,4440,宜新實業,18.1,18.25,18.05,18.25,53,14,0,0,0.76,99.23,100.0
2026-05-22,4441,振大環球,204.5,208.5,201.5,207.5,143,1,0,-3,1.58,98.41,100.0
2026-05-22,4442,竣邦-KY,51.5,51.5,50.9,50.9,39,-35,0,0,62.15,37.84,100.0
2026-05-22,4502,健信,15.75,15.8,15.5,15.7,31,16,0,0,4.06,95.93,100.0
2026-05-22,4503,金雨,42.8,43.3,42.5,43.2,209,47,0,0,3.57,96.42,100.0
2026-05-22,4506,崇友,118.5,119.5,118.0,119.0,48,15,0,0,3.21,96.78,100.0
2026-05-22,4510,高鋒,48.15,49.9,48.0,49.6,3968,1665,0,44,6.14,93.85,100.0
2026-05-22,4513,福裕,15.25,15.3,14.9,15.05,390,132,0,0,2.37,97.62,100.0
2026-05-22,4523,永彰,28.35,28.65,28.3,28.6,123,-18,0,0,2.37,97.62,100.0
2026-05-22,4526,東台,38.2,39.9,37.7,39.45,12211,3089,0,82,7.23,92.76,100.0
2026-05-22,4527,方土霖,43.65,44.0,43.65,43.9,41,2,0,6,1.87,98.12,100.0
2026-05-22,4528,江興鍛,15.5,15.9,15.5,15.75,30,6,0,0,0.14,99.85,100.0
2026-05-22,4529,淳紳,5.88,5.88,5.57,5.78,112,0,0,0,38.05,61.94,100.0
2026-05-22,4530,宏易,25.2,25.95,25.2,25.95,2,0,0,0,3.0,96.99,100.0
2026-05-22,4532,瑞智,23.3,23.5,23.25,23.4,688,169,-12,0,16.97,83.02,100.0
2026-05-22,4533,協易機,33.15,33.7,32.4,33.4,5055,1326,0,229,5.72,94.27,100.0
2026-05-22,4534,慶騰,22.4,24.25,22.4,24.25,971,97,0,6,0.83,99.16,100.0
2026-05-22,4535,至興,27.3,27.5,27.2,27.45,23,0,0,0,0.08,99.91,100.0
2026-05-22,4536,拓凱,161.5,163.5,160.5,163.0,356,46,0,0,11.46,88.53,100.0
2026-05-22,4537,旭東,168.55,173.5,169.0,171.0,73,-4,0,0,0.0,0.0,0.0
2026-05-22,4538,大詠城,18.3,18.45,18.25,18.35,23,2,0,0,0.12,99.87,100.0
2026-05-22,4540,全球傳動,69.1,74.1,68.7,72.6,11091,3352,0,3,12.03,87.96,100.0
2026-05-22,4541,晟田,44.45,44.45,43.75,44.3,805,-59,0,-1,6.43,93.56,100.0
2026-05-22,4542,科嶠,269.0,285.0,257.5,277.5,3579,-136,0,-12,7.25,92.74,100.0
2026-05-22,4543,萬在,39.8,39.8,38.8,38.9,338,19,0,0,9.06,90.93,100.0
2026-05-22,4544,春日,15.05,15.05,14.3,14.6,15,-1,0,0,0.0,0.0,0.0
2026-05-22,4545,銘鈺,32.9,34.0,32.15,33.2,599,-20,0,-7,28.96,71.03,100.0
2026-05-22,4546,長亨,109.35,110.0,106.5,108.5,30,0,0,0,0.0,0.0,0.0
2026-05-22,4549,桓達,103.0,105.5,102.5,104.5,271,56,85,0,4.22,95.77,100.0
2026-05-22,4550,長佳,24.75,25.0,24.7,25.0,20,4,0,0,1.55,98.44,100.0
2026-05-22,4551,智伸科,159.5,159.5,154.5,155.5,1104,-273,0,-7,52.27,47.72,100.0
2026-05-22,4552,力達-KY,19.8,19.95,19.75,19.9,145,-19,0,0,42.77,57.22,100.0
2026-05-22,4553,盛復,17.93,18.2,17.75,17.9,8,0,0,0,0.0,0.0,0.0
2026-05-22,4554,橙的,32.0,32.0,31.6,31.8,93,3,0,0,24.47,75.52,100.0
2026-05-22,4555,氣立,46.95,51.0,46.45,49.7,4884,-68,0,-9,1.99,98.0,100.0
2026-05-22,4556,旭然,39.7,41.6,39.7,41.1,258,30,0,0,10.73,89.26,100.0
2026-05-22,4557,永新-KY,47.3,47.3,47.0,47.0,80,-20,0,1,30.71,69.28,100.0
2026-05-22,4558,寶緯,20.0,20.15,19.7,19.7,28,-2,0,0,0.24,99.75,100.0
2026-05-22,4559,久裕興,9.46,9.55,8.89,9.33,43,-5,0,0,0.0,0.0,0.0
2026-05-22,4560,強信-KY,33.05,33.05,32.25,32.3,267,-83,0,2,84.8,15.19,100.0
2026-05-22,4561,健椿,50.2,51.0,49.2,51.0,685,9,0,5,2.62,97.37,100.0
2026-05-22,4562,穎漢,40.5,43.5,40.25,42.8,3708,-107,0,-6,1.66,98.33,100.0
2026-05-22,4563,百德,48.0,50.8,48.0,50.5,394,82,0,0,1.2,98.79,100.0
2026-05-22,4564,元翎,16.0,16.0,15.3,15.8,2589,106,0,10,2.49,97.5,100.0
2026-05-22,4565,宏偉,116.62,119.5,117.5,118.0,2,0,0,0,0.0,0.0,0.0
2026-05-22,4566,時碩工業,62.1,63.5,61.9,63.2,758,131,0,0,1.8,98.19,100.0
2026-05-22,4568,科際精密,40.35,40.4,40.35,40.35,4,0,0,0,20.04,79.95,100.0
2026-05-22,4569,六方科-KY,179.5,192.0,176.5,187.0,244,13,0,0,66.92,33.07,100.0
2026-05-22,4570,傑生,71.0,73.3,71.0,71.0,0,0,0,0,0.0,0.0,0.0
2026-05-22,4571,鈞興-KY,219.5,237.5,218.5,229.5,2160,163,0,-12,65.3,34.69,100.0
2026-05-22,4572,駐龍,144.5,144.5,143.0,143.0,33,6,0,0,1.96,98.03,100.0
2026-05-22,4573,高明鐵,401.69,472.5,400.5,466.0,1408,6,0,0,0.0,0.0,0.0
2026-05-22,4575,銓寶,25.93,26.2,25.75,25.9,97,0,0,0,0.0,0.0,0.0
2026-05-22,4576,大銀微系統,252.0,270.0,250.5,261.5,4359,495,0,51,7.08,92.91,100.0
2026-05-22,4577,達航科技,122.0,134.0,122.0,134.0,1300,53,0,1,4.42,95.57,100.0
2026-05-22,4580,捷流閥業,81.6,82.4,81.6,82.3,77,17,0,0,3.79,96.2,100.0
2026-05-22,4581,光隆精密-KY,49.45,49.8,49.45,49.45,15,-4,0,0,23.93,76.06,100.0
2026-05-22,4582,聚恆-創,23.7,24.5,23.0,24.15,1980,-2,0,0,0.58,99.41,100.0
2026-05-22,4583,台灣精銳,705.0,743.0,699.0,729.0,152,32,0,11,1.39,98.6,100.0
2026-05-22,4584,君帆,46.8,46.8,44.4,46.0,13,0,0,0,0.02,99.97,100.0
2026-05-22,4585,達明,339.0,351.0,337.0,351.0,810,287,0,18,0.65,99.34,100.0
2026-05-22,4587,寶元數控,72.94,77.8,67.6,73.2,418,-16,0,0,0.0,0.0,0.0
2026-05-22,4588,玖鼎電力,57.4,57.4,55.0,56.2,82,15,0,0,2.63,97.36,100.0
2026-05-22,4589,碩陽電機,37.36,38.5,38.0,38.45,6,0,0,0,0.0,0.0,0.0
2026-05-22,4590,富田-創,74.7,75.0,73.5,74.0,179,-2,0,0,1.94,98.05,100.0
2026-05-22,4609,唐鋒,5.16,5.16,5.16,5.16,1,0,0,0,0.0,99.99,100.0
2026-05-22,4702,中美實,9.79,9.79,9.68,9.73,65,-6,0,0,43.41,56.58,100.0
2026-05-22,4706,大恭,30.15,31.0,30.15,31.0,10,3,0,0,29.46,70.53,100.0
2026-05-22,4707,磐亞,15.0,15.5,14.8,15.25,1806,409,0,4,1.23,98.76,100.0
2026-05-22,4711,永純,16.65,16.65,16.3,16.5,167,27,0,0,0.9,99.09,100.0
2026-05-22,4714,永捷,13.4,13.45,13.1,13.3,1156,250,0,0,3.06,96.93,100.0
2026-05-22,4716,大立,14.95,15.15,14.8,14.9,404,-46,0,0,3.6,96.39,100.0
2026-05-22,4720,德淵,25.75,26.35,25.6,25.8,2501,543,-1,-1,6.76,93.23,100.0
2026-05-22,4721,美琪瑪,88.0,91.8,87.2,90.4,1288,237,0,3,8.74,91.25,100.0
2026-05-22,4722,國精化,272.5,286.5,269.0,286.5,6927,1105,0,-18,6.91,93.08,100.0
2026-05-22,4724,宣捷幹細胞,11.97,13.65,11.45,13.5,715,0,0,0,0.0,0.0,0.0
2026-05-22,4726,永昕,28.95,28.95,28.2,28.6,171,-38,0,0,20.72,79.27,100.0
2026-05-22,4728,雙美,382.0,383.0,382.0,383.0,2,0,0,0,19.66,80.33,100.0
2026-05-22,4729,熒茂,24.3,26.45,24.15,25.6,4464,-435,0,0,1.9,98.09,100.0
2026-05-22,4732,彥臣,18.9,19.05,18.35,18.4,19,0,0,0,0.0,0.0,0.0
2026-05-22,4735,豪展,31.2,31.3,31.1,31.15,27,-1,0,0,0.19,99.8,100.0
2026-05-22,4736,泰博,122.5,124.0,122.5,123.0,126,-25,0,0,5.16,94.83,100.0
2026-05-22,4737,華廣,57.3,57.3,56.5,57.0,47,-7,0,-1,28.65,71.34,100.0
2026-05-22,4738,大同精化,7.92,8.24,7.85,8.0,333,-25,0,0,0.0,0.0,0.0
2026-05-22,4739,康普,96.0,103.0,95.2,101.0,5434,1783,-84,-96,10.28,89.71,100.0
2026-05-22,4741,泓瀚,60.3,63.3,59.6,62.8,1873,0,0,-2,1.95,98.04,100.0
2026-05-22,4743,合一,53.0,55.2,51.9,53.0,9729,217,0,1,7.38,92.61,100.0
2026-05-22,4744,皇將,33.75,34.0,33.5,33.5,109,-13,0,0,4.3,95.69,100.0
2026-05-22,4745,合富-KY,16.6,16.65,16.55,16.55,78,4,0,0,8.66,91.33,100.0
2026-05-22,4746,台耀,53.1,53.1,52.2,52.3,626,-280,0,1,8.88,91.11,100.0
2026-05-22,4747,強生,56.8,56.8,56.8,56.8,1,1,0,0,0.63,99.36,100.0
2026-05-22,4749,新應材,1125.0,1195.0,1125.0,1170.0,4301,733,0,-57,14.23,85.76,100.0
2026-05-22,4754,國碳科,38.0,39.0,38.0,38.6,68,-10,0,0,0.19,99.8,100.0
2026-05-22,4755,三福化,140.0,148.5,140.0,146.5,1125,262,65,4,23.45,76.54,100.0
2026-05-22,4760,勤凱,329.0,341.0,328.0,341.0,1747,663,0,-53,19.35,80.64,100.0
2026-05-22,4763,材料*-KY,42.85,44.2,42.3,43.7,10996,2602,-5,79,46.53,53.46,100.0
2026-05-22,4764,雙鍵,325.0,338.5,308.5,320.0,3738,-657,0,6,29.66,70.33,100.0
2026-05-22,4765,磐采,19.93,20.15,19.2,20.15,30,0,0,0,0.0,0.0,0.0
2026-05-22,4766,南寶,378.0,384.0,376.0,381.5,1319,272,-5,23,14.39,85.6,100.0
2026-05-22,4767,誠泰科技,26.8,26.85,26.6,26.75,10,-3,0,0,0.03,99.96,100.0
2026-05-22,4768,晶呈科技,475.5,490.0,448.0,455.0,3339,71,0,-80,7.23,92.76,100.0
2026-05-22,4770,上品,234.0,234.5,228.0,228.5,388,-141,0,-1,6.41,93.58,100.0
2026-05-22,4771,望隼,194.5,194.5,191.5,192.5,287,-61,0,11,6.64,93.35,100.0
2026-05-22,4772,台特化,303.5,308.0,301.5,306.5,1577,370,-20,104,4.97,95.02,100.0
2026-05-22,4806,桂田文創,9.95,10.4,9.91,10.4,19,0,0,0,1.88,98.11,100.0
2026-05-22,4807,日成-KY,22.95,23.7,22.85,22.95,160,-29,0,5,66.58,33.41,100.0
2026-05-22,4903,聯光通,45.75,48.55,45.65,47.55,3793,1212,0,0,4.21,95.78,100.0
2026-05-22,4904,遠傳,95.7,96.7,94.7,95.5,8262,-1788,1040,17,22.38,26.43,49.0
2026-05-22,4905,台聯電,78.2,80.2,78.2,79.8,22,3,0,0,9.64,90.35,100.0
2026-05-22,4906,正文,39.5,40.7,39.05,40.3,20646,3457,-5,43,12.61,87.38,100.0
2026-05-22,4907,富宇,38.4,38.45,38.0,38.4,45,0,0,0,0.17,99.82,100.0
2026-05-22,4908,前鼎,249.5,267.0,248.0,267.0,4243,279,0,-40,12.74,87.25,100.0
2026-05-22,4909,新復興,52.3,53.4,51.8,53.4,896,310,0,0,9.27,90.72,100.0
2026-05-22,4911,德英,31.0,32.6,30.7,32.15,41,3,0,0,0.3,99.69,100.0
2026-05-22,4912,聯德控股-KY,102.0,106.5,101.0,106.0,1121,312,0,0,26.32,73.67,100.0
2026-05-22,4915,致伸,71.8,72.4,71.3,72.0,5477,-478,-454,-1,34.1,65.89,100.0
2026-05-22,4916,事欣科,100.0,105.0,97.4,98.3,50432,1695,-126,-332,20.31,79.68,100.0
2026-05-22,4919,新唐,190.5,199.5,188.5,199.5,42517,4659,1028,167,8.65,91.34,100.0
2026-05-22,4923,力士,39.1,42.1,38.5,40.2,3055,82,0,0,1.3,98.69,100.0
2026-05-22,4924,欣厚-KY,11.85,12.7,11.85,12.45,351,3,0,0,38.26,61.73,100.0
2026-05-22,4925,智微,166.77,171.0,164.5,167.5,376,-5,0,0,0.0,0.0,0.0
2026-05-22,4927,泰鼎-KY,51.5,56.3,51.4,56.3,27506,10627,0,104,11.65,88.34,100.0
2026-05-22,4930,燦星網,16.6,16.75,16.55,16.7,89,21,0,0,2.17,97.82,100.0
2026-05-22,4931,新盛力,196.5,212.0,195.5,212.0,12328,2064,0,183,10.25,89.74,100.0
2026-05-22,4933,友輝,74.2,74.6,73.0,73.9,920,59,113,3,5.46,94.53,100.0
2026-05-22,4934,太極,17.15,17.55,17.0,17.4,1178,328,0,-10,2.61,97.38,100.0
2026-05-22,4935,茂林-KY,36.55,37.5,36.55,37.0,106,30,0,0,26.83,73.16,100.0
2026-05-22,4938,和碩,79.1,81.1,79.1,80.7,14071,-346,1333,-148,30.66,69.33,100.0
2026-05-22,4939,亞電,38.55,40.75,38.55,39.55,3442,318,0,13,5.2,94.79,100.0
2026-05-22,4942,嘉彰,37.25,37.65,37.0,37.65,198,40,0,0,6.63,93.36,100.0
2026-05-22,4943,康控-KY,8.99,8.99,8.65,8.94,70,0,0,0,15.6,84.39,100.0
2026-05-22,4946,辣椒,107.5,109.5,106.0,109.0,66,33,0,0,4.92,95.07,100.0
2026-05-22,4949,有成精密,97.8,100.5,96.5,98.2,5882,-465,0,17,3.14,96.85,100.0
2026-05-22,4950,金耘國際,16.8,17.5,16.8,17.25,26,0,0,0,0.08,99.91,100.0
2026-05-22,4951,精拓科,134.0,143.0,126.5,140.0,4963,-111,0,5,5.62,94.37,100.0
2026-05-22,4952,凌通,52.6,54.3,52.0,53.9,2348,808,0,0,7.01,92.98,100.0
2026-05-22,4953,緯軟,120.0,122.5,119.0,122.0,515,-9,0,0,11.23,88.76,100.0
2026-05-22,4956,光鋐,44.8,48.55,44.8,48.2,11403,1484,-1,5,13.5,86.49,100.0
2026-05-22,4958,臻鼎-KY,481.0,516.0,480.0,516.0,53330,-4206,3536,425,59.82,40.17,100.0
2026-05-22,4960,誠美材,37.0,37.35,35.6,35.8,25559,-5397,0,-171,19.39,80.6,100.0
2026-05-22,4961,天鈺,179.5,179.5,172.5,175.5,1886,-382,-1,30,20.51,79.48,100.0
2026-05-22,4966,譜瑞-KY,808.0,808.0,780.0,795.0,1325,0,-19,-11,34.21,65.78,100.0
2026-05-22,4967,十銓,270.0,275.5,268.0,270.5,4681,-431,0,-15,7.42,92.57,100.0
2026-05-22,4968,立積,117.0,120.0,115.5,119.5,1392,576,5,35,4.73,95.26,100.0
2026-05-22,4971,IET-KY,758.0,758.0,725.0,733.0,249,-34,0,8,12.85,87.14,100.0
2026-05-22,4972,湯石照明,16.5,16.5,16.4,16.4,68,0,0,0,2.25,97.74,100.0
2026-05-22,4973,廣穎,109.5,118.0,108.5,115.0,6161,-497,0,27,5.69,94.3,100.0
2026-05-22,4974,亞泰,76.2,76.4,75.1,76.2,324,66,0,0,4.71,95.28,100.0
2026-05-22,4976,佳凌,33.1,33.4,32.4,32.9,1857,155,0,-4,4.26,95.73,100.0
2026-05-22,4977,眾達-KY,211.0,222.0,210.5,219.5,5200,418,-2,13,16.51,83.48,100.0
2026-05-22,4979,華星光,625.0,630.0,620.0,630.0,1159,74,-4,4,13.56,86.43,100.0
2026-05-22,4980,佐臻,52.95,53.0,45.95,49.9,1044,-7,0,0,0.0,0.0,0.0
2026-05-22,4989,榮科,97.8,102.0,97.6,99.4,17701,-370,0,0,5.06,94.93,100.0
2026-05-22,4991,環宇-KY,766.0,814.0,750.0,814.0,2014,1053,0,1,19.19,80.8,100.0
2026-05-22,4994,傳奇,89.1,93.1,88.0,89.4,29,-1,0,0,2.72,97.27,100.0
2026-05-22,4995,晶達,46.0,49.45,45.9,48.75,294,40,0,0,0.5,99.49,100.0
2026-05-22,4999,鑫禾,19.45,20.1,19.45,20.1,148,20,0,2,1.68,98.31,100.0
2026-05-22,5007,三星,57.0,57.0,56.2,56.8,62,10,0,0,2.92,97.07,100.0
2026-05-22,5009,榮剛,35.45,36.65,35.25,35.6,3322,183,0,214,10.32,89.67,100.0
2026-05-22,5011,久陽,15.9,16.2,15.5,16.1,601,152,0,0,3.01,96.98,100.0
2026-05-22,5013,強新,27.25,27.5,27.15,27.2,19,-1,0,0,12.2,87.79,100.0
2026-05-22,5014,建錩,10.25,10.5,10.25,10.45,299,132,0,0,1.58,98.41,100.0
2026-05-22,5015,華祺,22.0,22.05,21.9,22.0,23,6,0,0,6.71,93.28,100.0
2026-05-22,5016,松和,24.9,25.15,24.9,25.1,62,21,0,0,0.48,99.51,100.0
2026-05-22,5201,凱衛,29.0,29.2,27.55,28.95,445,-151,0,0,6.83,93.16,100.0
2026-05-22,5202,力新,12.05,12.2,11.85,11.9,249,-15,0,0,1.18,98.81,100.0
2026-05-22,5203,訊連,64.4,65.0,64.1,64.9,247,9,-2,0,11.93,88.06,100.0
2026-05-22,5205,中茂,23.35,23.65,20.9,23.65,21,0,0,0,0.04,99.95,100.0
2026-05-22,5206,坤悅,22.8,22.85,22.6,22.7,64,8,0,-12,6.29,93.7,100.0
2026-05-22,5209,新鼎,166.5,167.0,166.0,166.5,97,43,0,-1,1.95,98.04,100.0
2026-05-22,5210,寶碩,26.5,27.2,26.5,26.75,197,43,0,0,0.56,99.43,100.0
2026-05-22,5211,蒙恬,17.65,17.85,17.4,17.6,438,17,0,0,8.0,91.99,100.0
2026-05-22,5212,凌網,46.5,46.5,46.0,46.4,19,1,0,0,21.76,78.23,100.0
2026-05-22,5213,亞昕,26.95,27.0,26.45,26.75,975,-40,0,180,1.16,98.83,100.0
2026-05-22,5215,科嘉-KY,45.0,46.0,44.75,45.55,265,9,0,-10,25.4,74.59,100.0
2026-05-22,5220,萬達光電,22.4,22.6,22.2,22.5,60,4,0,0,0.39,99.6,100.0
2026-05-22,5222,全訊,125.5,128.0,125.5,128.0,618,-128,0,-22,4.15,5.84,10.0
2026-05-22,5223,安力-KY,23.95,24.3,23.95,24.05,36,-1,0,0,41.98,58.01,100.0
2026-05-22,5225,東科-KY,71.1,71.5,70.5,71.2,234,35,0,0,40.74,59.25,100.0
2026-05-22,5227,立凱-KY,25.75,27.25,25.5,26.4,380,33,0,0,12.73,87.26,100.0
2026-05-22,5228,鈺鎧,52.5,52.5,50.5,51.6,452,26,0,0,1.58,98.41,100.0
2026-05-22,5230,雷笛克光學,17.25,17.4,17.15,17.3,133,49,0,0,1.28,98.71,100.0
2026-05-22,5234,達興材料,420.0,451.0,420.0,443.5,1290,314,-1,158,11.08,88.91,100.0
2026-05-22,5236,凌陽創新,179.0,182.5,178.0,181.0,648,55,0,-8,6.07,93.92,100.0
2026-05-22,5240,建騰,25.03,26.1,24.9,26.0,16,1,0,0,0.0,0.0,0.0
2026-05-22,5243,乙盛-KY,117.5,123.0,113.5,123.0,10265,618,461,273,57.55,42.44,100.0
2026-05-22,5244,弘凱,38.35,42.0,38.35,41.2,1694,-229,0,-6,1.88,98.11,100.0
2026-05-22,5245,智晶,26.65,26.65,26.0,26.25,121,19,0,0,3.16,96.83,100.0
2026-05-22,5246,勵威,136.74,163.5,137.0,160.5,962,28,0,0,0.0,0.0,0.0
2026-05-22,5248,景傳,41.36,52.5,40.7,51.5,502,50,0,0,0.0,0.0,0.0
2026-05-22,5251,天鉞電,26.85,27.4,26.8,27.1,132,41,0,0,28.73,71.26,100.0
2026-05-22,5254,欣訊科技,43.28,45.4,42.0,45.4,164,-2,0,0,0.0,0.0,0.0
2026-05-22,5258,虹堡,57.3,59.2,56.1,57.6,1997,257,0,0,4.31,95.68,100.0
2026-05-22,5262,立達,50.84,52.7,50.6,52.3,116,-1,0,0,0.0,0.0,0.0
2026-05-22,5263,智崴,114.0,115.0,112.0,113.5,259,36,0,5,15.15,84.84,100.0
2026-05-22,5267,龍翩,54.45,63.5,51.6,60.8,172,25,0,0,0.0,0.0,0.0
2026-05-22,5269,祥碩,1430.0,1495.0,1420.0,1480.0,1861,214,143,60,7.8,92.19,100.0
2026-05-22,5271,紘通,19.81,20.7,19.05,20.35,1221,55,0,0,0.0,0.0,0.0
2026-05-22,5272,笙科,23.2,23.45,23.15,23.2,210,49,0,0,3.23,96.76,100.0
2026-05-22,5274,信驊,17235.0,17780.0,16285.0,17780.0,355,76,-35,0,53.24,46.75,100.0
2026-05-22,5276,達輝-KY,18.7,19.35,18.65,18.9,26,5,0,0,77.0,22.99,100.0
2026-05-22,5278,尚凡,24.65,24.7,24.3,24.6,407,-50,0,0,0.69,99.3,100.0
2026-05-22,5278,尚凡*,24.65,24.7,24.3,24.6,407,-50,0,0,0.69,99.3,100.0
2026-05-22,5283,禾聯碩,52.0,52.2,51.7,52.1,104,-11,0,0,1.36,98.63,100.0
2026-05-22,5284,jpp-KY,391.0,418.5,389.0,410.0,2571,17,26,6,54.66,45.33,100.0
2026-05-22,5285,界霖,81.0,82.8,76.2,79.1,5906,-180,0,1,4.23,95.76,100.0
2026-05-22,5287,數字,151.0,157.0,151.0,154.0,186,-13,0,0,16.72,83.27,100.0
2026-05-22,5288,豐祥-KY,149.5,151.5,149.5,150.5,92,-35,0,0,58.5,41.49,100.0
2026-05-22,5289,宜鼎,1755.0,1810.0,1725.0,1725.0,3125,-43,77,6,23.58,76.41,100.0
2026-05-22,5291,邑昇,80.0,80.5,76.7,76.9,4338,-317,0,-38,4.7,95.29,100.0
2026-05-22,5292,華懋,220.5,223.5,219.0,219.5,98,-8,0,0,6.59,93.4,100.0
2026-05-22,5297,廣化,104.15,131.5,104.0,125.0,1437,55,0,0,0.0,0.0,0.0
2026-05-22,5299,杰力,108.5,108.5,105.0,107.0,624,89,0,0,2.92,97.07,100.0
2026-05-22,5301,寶得利,6.76,7.13,6.76,6.96,21,1,0,0,2.09,97.9,100.0
2026-05-22,5302,太欣,10.15,10.15,9.95,10.1,669,139,0,0,0.7,99.29,100.0
2026-05-22,5306,桂盟,82.7,83.2,82.1,83.2,128,-21,0,0,12.51,87.48,100.0
2026-05-22,5309,系統電,67.8,70.0,67.1,69.3,11042,2997,-2,520,9.31,90.68,100.0
2026-05-22,5310,天剛,23.9,24.3,23.9,24.0,8,0,0,0,0.06,99.93,100.0
2026-05-22,5312,寶島科,93.0,94.0,93.0,93.6,31,-1,0,0,7.77,92.22,100.0
2026-05-22,5314,世紀*,69.5,69.5,66.9,67.0,5221,-291,0,-32,12.62,87.37,100.0
2026-05-22,5315,光聯,21.95,22.2,21.85,22.05,357,-143,0,0,9.1,90.89,100.0
2026-05-22,5321,美而快,38.9,38.9,35.3,38.9,2570,-31,0,-10,1.59,98.4,100.0
2026-05-22,5324,士開,11.8,11.95,11.8,11.95,283,-6,0,0,5.25,94.74,100.0
2026-05-22,5328,華容,35.3,36.85,34.15,35.5,56818,1058,0,47,8.39,91.6,100.0
2026-05-22,5340,建榮,104.0,108.0,104.0,107.5,3869,-371,0,30,49.75,50.24,100.0
2026-05-22,5344,立衛,16.2,16.6,16.2,16.2,126,17,0,0,0.12,99.87,100.0
2026-05-22,5345,天揚,20.2,20.2,19.4,19.4,51,0,0,0,0.0,99.99,100.0
2026-05-22,5345,馥鴻,20.2,20.2,19.4,19.4,51,0,0,0,0.0,99.99,100.0
2026-05-22,5347,世界,165.0,167.5,158.0,162.0,30767,-6264,-1939,1,28.2,71.79,100.0
2026-05-22,5348,正能量智能,15.55,17.7,15.55,17.7,4,0,0,0,0.02,99.97,100.0
2026-05-22,5351,鈺創,76.9,82.5,76.8,80.5,27221,105,-10,1,18.28,81.71,100.0
2026-05-22,5353,台林,26.25,26.65,26.1,26.4,92,10,0,0,0.62,99.37,100.0
2026-05-22,5355,佳總,6.38,6.45,6.3,6.3,190,5,0,0,0.19,99.8,100.0
2026-05-22,5356,協益,26.65,26.85,26.55,26.7,89,19,0,0,3.29,96.7,100.0
2026-05-22,5364,力麗店,9.15,9.15,8.81,9.06,131,-5,0,0,0.49,99.5,100.0
2026-05-22,5371,中光電,72.0,73.0,71.6,72.1,3717,1334,0,-23,18.96,81.03,100.0
2026-05-22,5381,光譜,25.65,25.75,25.25,25.45,810,297,0,0,1.05,98.94,100.0
2026-05-22,5386,青雲,472.0,513.0,471.0,497.0,3918,-63,0,-41,2.67,97.32,100.0
2026-05-22,5388,中磊,83.5,86.1,82.9,85.1,5975,3228,-2,64,19.12,80.85,100.0
2026-05-22,5392,能率,42.0,44.2,41.65,44.05,5638,1654,0,20,11.12,88.87,100.0
2026-05-22,5398,慕康生醫,17.85,18.25,17.75,17.8,293,-1,0,0,5.56,94.43,100.0
2026-05-22,5403,中菲,86.2,86.2,85.5,85.9,129,-23,0,0,6.12,93.87,100.0
2026-05-22,5410,國眾,38.95,38.95,38.55,38.8,712,103,0,0,9.47,90.52,100.0
2026-05-22,5425,台半,89.5,92.0,87.1,87.1,30835,-4242,260,54,16.89,83.1,100.0
2026-05-22,5426,振發,18.4,19.2,18.35,19.2,724,188,0,0,2.51,97.48,100.0
2026-05-22,5432,新門,145.5,146.5,143.0,144.0,116,16,0,0,1.04,98.95,100.0
2026-05-22,5434,崇越,424.0,454.5,422.0,449.5,2028,379,-7,55,31.53,68.46,100.0
2026-05-22,5438,東友,18.55,19.0,18.55,18.95,100,12,0,0,1.29,98.7,100.0
2026-05-22,5439,高技,380.5,394.0,379.0,387.5,2468,198,0,46,19.67,80.32,100.0
2026-05-22,5443,均豪,120.0,127.0,119.0,121.5,6670,664,0,48,8.22,91.77,100.0
2026-05-22,5450,寶聯通,13.0,13.05,12.9,13.0,75,7,0,0,0.12,99.87,100.0
2026-05-22,5450,南良,13.0,13.05,12.9,13.0,75,7,0,0,0.12,99.87,100.0
2026-05-22,5452,佶優,33.4,34.95,33.05,34.6,4443,1874,0,63,16.07,83.92,100.0
2026-05-22,5455,昇益,23.95,24.0,23.75,24.0,6,0,0,0,0.09,99.9,100.0
2026-05-22,5457,宣德,28.65,29.45,28.5,29.05,604,-173,0,2,28.54,71.45,100.0
2026-05-22,5460,同協,15.5,15.6,15.45,15.55,78,5,0,0,0.36,99.63,100.0
2026-05-22,5464,霖宏,71.5,72.0,70.0,71.0,537,62,0,0,4.15,95.84,100.0
2026-05-22,5465,富驊,24.35,25.3,24.3,25.3,148,55,0,0,2.26,97.73,100.0
2026-05-22,5468,凱鈺,17.7,17.95,17.4,17.9,69,6,0,0,0.17,99.82,100.0
2026-05-22,5469,瀚宇博,82.5,83.5,82.4,82.9,2093,440,0,6,11.31,88.68,100.0
2026-05-22,5471,松翰,52.7,54.1,52.1,54.0,4079,1093,0,1,13.83,86.16,100.0
2026-05-22,5474,聰泰,175.0,175.0,171.0,172.5,994,-93,0,-49,2.14,97.85,100.0
2026-05-22,5475,德宏,296.5,315.5,295.0,297.0,4470,-571,0,-6,6.15,93.84,100.0
2026-05-22,5478,智冠,99.4,99.4,97.9,99.1,158,-17,0,-1,17.95,82.04,100.0
2026-05-22,5481,新華,19.8,19.8,19.35,19.7,188,-6,0,0,25.87,74.12,100.0
2026-05-22,5483,中美晶,145.5,149.5,143.5,147.5,11094,402,-285,252,22.17,77.82,100.0
2026-05-22,5484,慧友,43.0,45.3,42.35,44.7,2154,46,-1,-3,2.82,97.17,100.0
2026-05-22,5487,通泰,27.2,27.7,27.0,27.65,73,1,0,-1,0.56,99.43,100.0
2026-05-22,5488,松普,11.85,12.4,11.55,11.55,1707,148,0,7,1.31,98.68,100.0
2026-05-22,5489,彩富,39.65,40.2,39.5,40.15,49,-6,0,0,1.4,98.59,100.0
2026-05-22,5490,同亨,29.2,29.75,28.9,29.75,1008,357,0,0,7.8,92.19,100.0
2026-05-22,5493,三聯,94.4,94.4,92.2,93.4,251,93,0,0,2.32,97.67,100.0
2026-05-22,5498,凱崴,63.2,68.3,63.2,66.8,6348,392,0,4,3.23,96.76,100.0
2026-05-22,5508,永信建,48.6,48.6,48.0,48.15,444,-101,0,-1,7.28,92.71,100.0
2026-05-22,5511,德昌,72.0,72.3,71.6,71.9,362,-64,0,0,4.43,95.56,100.0
2026-05-22,5512,力麒,6.91,7.0,6.84,6.92,1687,-358,0,0,4.95,95.04,100.0
2026-05-22,5514,三豐,15.2,16.1,14.7,15.2,78,-2,0,0,0.02,99.97,100.0
2026-05-22,5515,建國,40.2,40.35,39.65,40.2,531,-7,-9,-12,12.19,87.8,100.0
2026-05-22,5516,雙喜,11.0,11.05,10.5,10.7,111,2,0,0,0.07,99.92,100.0
2026-05-22,5519,隆大,32.75,32.95,32.6,32.65,365,-215,0,0,4.29,95.7,100.0
2026-05-22,5520,力泰,82.2,82.2,82.1,82.2,4,0,0,0,0.02,99.97,100.0
2026-05-22,5521,工信,11.05,11.1,10.5,10.7,5641,-2080,0,0,7.61,92.38,100.0
2026-05-22,5522,遠雄,70.3,70.3,69.5,69.5,931,-473,-7,18,4.42,95.57,100.0
2026-05-22,5523,豐謙,30.25,33.05,30.2,30.4,72,-17,0,0,0.12,99.87,100.0
2026-05-22,5525,順天,22.15,22.3,21.55,21.7,292,-22,0,0,1.63,98.36,100.0
2026-05-22,5529,鉅陞,25.9,25.9,23.7,24.15,208,-47,0,0,0.55,99.44,100.0
2026-05-22,5530,龍巖,46.6,46.7,45.75,46.45,625,-128,0,0,54.15,45.84,100.0
2026-05-22,5531,鄉林,7.77,7.77,7.64,7.72,613,-23,0,1,2.54,97.45,100.0
2026-05-22,5533,皇鼎,13.85,13.9,13.75,13.85,86,9,0,0,2.7,97.29,100.0
2026-05-22,5534,長虹,75.6,75.6,75.0,75.5,679,-444,0,-4,8.89,91.1,100.0
2026-05-22,5536,聖暉*,935.0,952.0,922.0,927.0,1289,23,-28,3,37.35,62.64,100.0
2026-05-22,5538,東明-KY,34.3,35.7,33.95,34.0,54,-2,0,-2,63.79,36.2,100.0
2026-05-22,5543,桓鼎-KY,29.85,29.9,29.15,29.9,34,6,0,0,0.01,99.98,100.0
2026-05-22,5546,永固-KY,17.05,17.1,16.8,16.9,21,-5,0,0,53.67,46.32,100.0
2026-05-22,5547,久舜,21.4,21.6,21.35,21.6,27,0,0,0,0.16,99.83,100.0
2026-05-22,5548,安倉,23.35,23.65,23.35,23.6,27,1,0,0,0.22,99.77,100.0
2026-05-22,5601,台聯櫃,35.1,35.4,34.75,34.75,17,0,0,0,4.43,95.56,100.0
2026-05-22,5603,陸海,15.85,15.85,15.35,15.45,467,102,0,0,5.04,94.95,100.0
2026-05-22,5604,中連貨,31.5,31.5,31.0,31.3,41,7,0,0,3.05,96.94,100.0
2026-05-22,5604,中連,31.5,31.5,31.0,31.3,41,7,0,0,3.05,96.94,100.0
2026-05-22,5607,遠雄港,49.05,50.2,49.05,50.1,796,45,0,-10,2.92,97.07,100.0
2026-05-22,5608,四維航,14.5,14.55,14.2,14.25,1719,-558,0,-1,4.99,42.5,47.5
2026-05-22,5609,中菲行,81.0,81.2,80.3,80.5,163,-9,0,9,14.48,85.51,100.0
2026-05-22,5701,劍湖山,3.4,3.45,3.35,3.35,36,0,0,0,0.0,99.99,100.0
2026-05-22,5703,亞都,13.7,13.7,13.65,13.65,4,0,0,0,6.62,93.37,100.0
2026-05-22,5704,老爺知,21.4,21.4,21.1,21.3,47,-6,0,0,0.16,99.83,100.0
2026-05-22,5706,鳳凰,50.4,50.4,49.75,49.95,293,-136,0,1,1.42,98.57,100.0
2026-05-22,5859,遠壽,14.49,14.6,13.9,14.4,247,6,0,0,0.0,0.0,0.0
2026-05-22,5863,瑞興銀,10.72,11.15,10.65,11.1,30,0,0,0,0.0,0.0,0.0
2026-05-22,5864,致和證,32.6,33.4,32.35,33.2,5502,387,0,0,4.62,95.37,100.0
2026-05-22,5871,中租-KY,112.0,113.5,111.0,111.0,10269,-2236,1868,0,46.24,53.75,100.0
2026-05-22,5876,上海商銀,40.05,40.3,40.0,40.05,10515,-907,1750,-333,54.11,45.88,100.0
2026-05-22,5878,台名,40.65,41.0,40.65,41.0,4,0,0,0,0.58,99.41,100.0
2026-05-22,5880,合庫金,22.7,22.8,22.65,22.7,15434,-4898,-54,85,15.25,84.74,100.0
2026-05-22,5902,德記,37.6,37.75,37.1,37.55,18,-1,0,0,1.15,98.84,100.0
2026-05-22,5903,全家,187.5,189.0,187.5,188.0,51,-9,0,5,50.94,49.05,100.0
2026-05-22,5904,寶雅,564.0,572.0,555.0,568.0,521,-94,104,54,28.96,71.03,100.0
2026-05-22,5905,南仁湖,8.11,8.15,8.05,8.07,306,28,0,0,1.31,98.68,100.0
2026-05-22,5906,台南-KY,46.0,46.2,46.0,46.0,5,-1,0,0,19.35,80.64,100.0
2026-05-22,5907,大洋-KY,4.78,5.1,4.76,5.02,708,263,0,0,52.09,47.9,100.0
2026-05-22,6005,群益證,31.5,32.0,31.3,31.9,8226,1192,-541,0,16.38,83.61,100.0
2026-05-22,6015,宏遠證,15.55,15.65,15.25,15.65,2841,114,0,0,7.31,92.68,100.0
2026-05-22,6016,康和證,22.75,22.95,22.4,22.9,5357,-312,0,0,11.08,88.91,100.0
2026-05-22,6020,大展證,21.2,21.6,21.15,21.25,28,2,0,0,0.01,99.98,100.0
2026-05-22,6021,美好證,31.85,32.25,31.65,32.25,147,-75,0,0,7.5,92.49,100.0
2026-05-22,6023,元大期,98.5,98.5,97.7,98.5,108,-56,0,0,1.95,98.04,100.0
2026-05-22,6024,群益期,56.6,56.6,56.2,56.5,358,-176,0,0,4.04,95.95,100.0
2026-05-22,6026,福邦證,15.45,15.45,15.2,15.3,1795,-981,0,0,5.56,94.43,100.0
2026-05-22,6027,德信,12.05,12.3,11.95,12.3,11,0,0,0,0.0,0.0,0.0
2026-05-22,6028,公勝保經,80.7,80.7,79.1,79.6,10,-1,0,0,0.65,99.34,100.0
2026-05-22,6035,悠遊卡,51.54,53.0,50.8,52.2,4,-1,0,0,0.0,0.0,0.0
2026-05-22,6101,寬魚國際,38.5,39.05,38.05,38.05,107,17,0,0,0.37,99.62,100.0
2026-05-22,6103,合邦,36.2,36.2,36.2,36.2,1,0,0,0,0.72,99.27,100.0
2026-05-22,6104,創惟,102.0,103.5,101.0,103.0,2236,884,5,9,11.7,88.29,100.0
2026-05-22,6108,競國,19.0,19.65,18.9,19.45,1492,357,0,-25,4.19,95.8,100.0
2026-05-22,6109,亞元,10.8,10.95,10.75,10.95,158,-19,0,0,2.04,97.95,100.0
2026-05-22,6111,光聚晶電,47.4,48.0,47.15,47.6,327,66,0,2,10.46,89.53,100.0
2026-05-22,6112,邁達特,42.75,43.35,42.5,43.05,548,89,0,-46,1.03,98.96,100.0
2026-05-22,6113,亞矽,25.7,27.85,25.6,27.6,2131,344,0,0,3.08,96.91,100.0
2026-05-22,6114,久威,30.0,30.9,29.95,30.55,68,21,0,0,0.75,99.24,100.0
2026-05-22,6115,鎰勝,47.05,47.05,46.75,46.95,142,-78,0,0,5.44,94.55,100.0
2026-05-22,6116,彩晶,11.1,11.85,11.05,11.85,101107,24560,0,745,9.05,90.94,100.0
2026-05-22,6117,迎廣,83.5,88.6,83.1,88.5,1400,541,0,37,2.59,97.4,100.0
2026-05-22,6118,建達,17.6,19.3,17.5,19.3,2664,240,0,0,1.85,98.14,100.0
2026-05-22,6120,達運,13.4,14.7,13.4,14.7,13984,6592,84,519,9.0,90.99,100.0
2026-05-22,6121,新普,379.0,381.0,377.0,380.0,423,-47,-40,4,36.75,63.24,100.0
2026-05-22,6122,擎邦,47.6,47.65,47.35,47.55,196,-37,0,0,4.63,95.36,100.0
2026-05-22,6123,上奇,45.0,45.0,44.4,44.5,99,1,0,0,2.63,97.36,100.0
2026-05-22,6124,業強,29.05,29.9,28.8,29.6,101,41,0,0,50.92,49.07,100.0
2026-05-22,6125,廣運,57.0,60.2,56.7,59.5,2714,670,0,48,7.93,92.06,100.0
2026-05-22,6126,信音,36.5,36.8,35.75,36.0,3976,-230,0,-30,3.31,96.68,100.0
2026-05-22,6127,九豪,54.7,55.4,52.5,52.5,29827,-248,0,-27,11.22,88.77,100.0
2026-05-22,6128,上福,18.95,19.05,18.8,18.8,377,36,0,0,4.28,95.71,100.0
2026-05-22,6129,普誠,15.75,15.9,15.55,15.9,673,126,0,0,2.78,97.21,100.0
2026-05-22,6130,上亞科技,21.95,22.15,21.6,22.0,100,-10,0,0,0.53,99.46,100.0
2026-05-22,6133,金橋,24.0,24.25,23.65,24.1,2771,80,0,0,1.91,98.08,100.0
2026-05-22,6134,萬旭,31.0,32.1,31.0,31.85,677,236,0,-5,25.29,74.7,100.0
2026-05-22,6136,富爾特,25.45,25.8,25.05,25.75,568,21,0,0,3.56,96.43,100.0
2026-05-22,6138,茂達,305.0,325.0,298.0,318.5,2633,327,78,96,18.15,81.84,100.0
2026-05-22,6139,亞翔,808.0,808.0,767.0,769.0,6471,-2102,1043,-121,30.99,69.0,100.0
2026-05-22,6140,訊達,19.7,20.4,19.4,20.35,182,78,0,0,1.7,98.29,100.0
2026-05-22,6141,柏承,33.8,36.5,33.3,34.0,2552,-38,0,-17,2.58,97.41,100.0
2026-05-22,6142,友勁,8.01,8.25,7.98,8.25,789,258,0,0,2.55,97.44,100.0
2026-05-22,6143,振曜,96.3,98.4,95.8,98.1,817,120,0,1,9.31,90.68,100.0
2026-05-22,6144,得利影,15.15,15.15,14.5,14.9,22,0,0,0,33.4,66.59,100.0
2026-05-22,6146,耕興,220.5,221.0,216.5,218.5,526,-103,0,3,30.42,69.57,100.0
2026-05-22,6147,頎邦,224.5,228.0,213.0,215.5,61669,-12926,152,-1219,20.7,79.29,100.0
2026-05-22,6148,驊宏資,29.2,29.2,28.3,29.05,194,0,0,0,2.63,97.36,100.0
2026-05-22,6150,撼訊,68.3,70.6,68.3,70.1,751,78,0,-7,6.74,93.25,100.0
2026-05-22,6151,晉倫,48.5,50.5,47.4,49.8,5272,-227,0,-2,5.74,94.25,100.0
2026-05-22,6152,百一,15.6,16.2,15.45,16.1,3023,1156,0,0,2.07,97.92,100.0
2026-05-22,6153,嘉聯益,18.75,19.6,18.4,19.35,8414,3799,0,-12,11.83,88.16,100.0
2026-05-22,6154,順發,13.35,13.75,13.3,13.6,71,8,0,0,0.73,99.26,100.0
2026-05-22,6155,鈞寶,59.2,65.3,57.0,61.2,23088,-40,0,3,9.14,90.85,100.0
2026-05-22,6156,松上,18.5,19.55,18.5,19.25,1109,398,0,0,5.14,94.85,100.0
2026-05-22,6158,禾昌,18.1,18.1,17.85,18.05,61,-1,0,0,0.78,99.21,100.0
2026-05-22,6160,欣技,16.5,16.5,16.1,16.35,124,-2,0,0,3.95,96.04,100.0
2026-05-22,6161,捷波,52.0,54.1,51.0,53.8,1578,301,0,0,3.31,96.68,100.0
2026-05-22,6163,華電網,54.3,54.3,52.0,53.2,2743,-292,0,-6,2.41,97.58,100.0
2026-05-22,6164,華興,12.15,12.8,12.15,12.6,1155,466,0,-29,4.92,95.07,100.0
2026-05-22,6165,浪凡,49.0,49.5,48.35,49.45,472,58,0,-2,18.0,81.99,100.0
2026-05-22,6166,凌華,122.0,130.0,119.0,127.0,4729,-157,0,-4,19.51,80.48,100.0
2026-05-22,6167,久正,11.4,12.1,11.4,11.8,775,76,0,0,5.08,94.91,100.0
2026-05-22,6168,宏齊,29.3,30.8,28.9,30.8,24535,3891,0,3,6.55,93.44,100.0
2026-05-22,6169,昱泉,14.9,15.0,14.5,14.75,31,8,0,0,0.16,99.83,100.0
2026-05-22,6170,統振,50.5,50.5,50.2,50.4,227,-122,0,0,2.65,97.34,100.0
2026-05-22,6171,大城地產,24.45,24.45,23.9,24.0,38,-1,0,0,0.17,99.82,100.0
2026-05-22,6173,信昌電,182.5,192.5,182.5,192.5,1919,101,0,282,24.84,75.15,100.0
2026-05-22,6174,安碁,42.85,46.75,42.85,46.75,8040,604,0,29,4.84,95.15,100.0
2026-05-22,6175,立敦,85.0,89.5,84.3,88.3,14680,1985,0,102,21.83,78.16,100.0
2026-05-22,6176,瑞儀,105.5,108.0,104.5,107.5,7163,1152,164,167,24.89,75.1,100.0
2026-05-22,6177,達麗,44.6,44.7,44.1,44.25,1750,-1181,0,15,6.38,93.61,100.0
2026-05-22,6179,亞通,26.0,26.05,25.3,25.75,1734,-235,0,180,5.41,94.58,100.0
2026-05-22,6180,橘子,39.7,39.7,39.1,39.45,528,-40,0,0,23.18,76.81,100.0
2026-05-22,6182,合晶,65.5,69.9,65.4,69.9,29306,1486,0,3426,18.26,81.73,100.0
2026-05-22,6183,關貿,91.5,92.0,91.5,91.6,26,-4,0,1,1.03,98.96,100.0
2026-05-22,6184,大豐電,46.1,46.25,46.0,46.15,59,-2,0,0,2.81,16.18,19.0
2026-05-22,6185,幃翔,14.1,14.25,14.1,14.15,172,13,0,0,1.98,98.01,100.0
2026-05-22,6186,新潤,40.15,40.15,39.55,40.0,741,-261,0,1,2.25,97.74,100.0
2026-05-22,6187,萬潤,1120.0,1170.0,1115.0,1140.0,2534,-188,-6,-2,31.76,68.23,100.0
2026-05-22,6188,廣明,84.4,86.4,83.6,86.4,3336,1747,-509,-7,8.82,91.17,100.0
2026-05-22,6189,豐藝,51.7,52.1,50.8,51.7,1855,735,-7,-3,8.43,91.56,100.0
2026-05-22,6190,萬泰科,79.5,82.5,79.4,80.0,8933,285,0,19,11.53,88.46,100.0
2026-05-22,6191,精成科,96.6,97.4,96.2,96.8,5335,1460,79,24,4.74,95.25,100.0
2026-05-22,6192,巨路,130.5,132.0,128.5,132.0,374,114,0,1,25.4,74.59,100.0
2026-05-22,6194,育富,32.7,35.6,32.7,33.95,1059,-83,0,0,2.53,97.46,100.0
2026-05-22,6195,詩肯,26.9,26.9,26.15,26.6,35,-8,0,0,44.96,55.03,100.0
2026-05-22,6196,帆宣,444.0,447.5,436.0,442.0,2960,177,402,53,16.87,83.12,100.0
2026-05-22,6197,佳必琪,244.5,258.0,240.5,256.0,9330,-1062,0,-37,8.93,91.06,100.0
2026-05-22,6198,瑞築,21.7,21.85,21.7,21.85,8,1,0,0,0.04,99.95,100.0
2026-05-22,6199,天品,101.0,102.0,99.3,99.3,538,-19,0,-5,5.61,94.38,100.0
2026-05-22,6201,亞弘電,46.75,47.05,46.7,47.0,29,3,0,0,1.1,98.89,100.0
2026-05-22,6202,盛群,59.7,61.5,58.9,60.8,9031,3605,180,24,12.53,87.46,100.0
2026-05-22,6203,海韻電,71.1,72.3,70.4,72.3,430,33,65,-2,3.0,96.99,100.0
2026-05-22,6204,艾華,84.7,91.0,84.6,90.0,858,326,0,0,2.18,97.81,100.0
2026-05-22,6205,詮欣,77.8,84.9,77.2,84.9,4617,-51,0,22,2.44,97.55,100.0
2026-05-22,6206,飛捷,136.5,142.0,133.5,140.0,3440,1151,-3,34,14.39,85.6,100.0
2026-05-22,6207,雷科,90.0,93.5,88.1,89.9,29966,-2492,0,-184,7.6,92.39,100.0
2026-05-22,6208,日揚,103.0,104.0,98.6,99.0,3050,-307,0,-26,2.61,97.38,100.0
2026-05-22,6209,今國光,89.0,89.5,84.1,85.8,40358,318,0,24,10.29,89.7,100.0
2026-05-22,6210,慶生,20.6,22.0,20.6,21.05,56,1,0,0,0.23,99.76,100.0
2026-05-22,6212,理銘,27.5,28.3,27.5,27.6,4,-1,0,0,0.47,99.52,100.0
2026-05-22,6213,聯茂,253.0,270.5,250.0,262.0,12036,-280,-3,128,11.6,88.23,100.0
2026-05-22,6214,精誠,128.5,131.0,127.0,130.0,2833,1307,1,56,12.34,87.65,100.0
2026-05-22,6215,和椿,127.0,137.5,125.5,134.5,12353,1373,0,82,9.98,90.01,100.0
2026-05-22,6216,居易,22.35,22.8,22.3,22.7,220,-25,0,1,3.13,96.86,100.0
2026-05-22,6217,中探針,255.0,272.0,255.0,272.0,1695,298,0,23,18.54,81.45,100.0
2026-05-22,6218,豪勉,39.55,41.1,39.55,40.0,1316,185,0,0,2.36,97.63,100.0
2026-05-22,6219,富旺,12.3,12.3,12.1,12.2,233,-8,0,0,1.99,98.0,100.0
2026-05-22,6220,岳豐,31.25,31.25,30.55,30.7,328,-45,0,1,4.07,95.92,100.0
2026-05-22,6221,晉泰,23.0,23.45,22.65,23.2,183,33,0,0,1.15,98.84,100.0
2026-05-22,6222,立軒,20.6,20.6,20.2,20.6,13,2,0,0,0.11,99.88,100.0
2026-05-22,6223,旺矽,5880.0,6035.0,5765.0,6035.0,1252,-165,22,-2,29.43,70.56,100.0
2026-05-22,6224,聚鼎,83.0,91.0,83.0,86.1,4767,-88,0,0,3.6,96.39,100.0
2026-05-22,6225,天瀚,26.2,26.85,25.0,25.0,18,0,0,-1,0.04,99.95,100.0
2026-05-22,6226,光鼎,12.4,13.7,12.15,13.15,3367,758,0,-15,1.88,98.11,100.0
2026-05-22,6227,茂綸,120.0,128.0,119.0,128.0,2683,812,0,31,6.81,93.18,100.0
2026-05-22,6228,全譜,22.95,22.95,21.65,21.85,18,0,0,0,0.33,99.66,100.0
2026-05-22,6229,研通,27.15,27.8,26.65,27.55,368,101,0,0,1.56,98.43,100.0
2026-05-22,6230,尼得科超眾,135.0,139.0,134.5,138.5,96,-4,0,0,86.97,13.02,100.0
2026-05-22,6231,系微,291.0,297.0,286.5,293.5,686,8,0,21,12.71,87.28,100.0
2026-05-22,6233,旺玖,26.05,26.65,25.8,26.55,647,156,0,0,5.96,94.03,100.0
2026-05-22,6234,高僑,47.2,50.2,46.05,49.0,3020,-357,0,92,12.96,87.03,100.0
2026-05-22,6235,華孚,41.4,42.15,41.25,41.9,867,82,0,-5,4.53,95.46,100.0
2026-05-22,6236,中湛,0.0,0.0,0.0,0.0,0,0,0,0,0.02,99.97,100.0
2026-05-22,6237,驊訊,54.2,56.1,53.5,54.8,5832,-171,0,23,10.61,89.38,100.0
2026-05-22,6239,力成,283.0,283.0,283.0,283.0,7198,-797,-1809,-3,34.86,65.13,100.0
2026-05-22,6240,松崗,17.4,17.8,17.4,17.65,18,0,0,0,0.29,99.7,100.0
2026-05-22,6241,鑫永洋,10.7,10.85,10.55,10.65,201,17,0,0,0.07,99.92,100.0
2026-05-22,6242,立康,37.5,37.5,37.5,37.5,5,0,0,0,0.49,99.5,100.0
2026-05-22,6243,迅杰,34.35,36.95,34.35,36.3,1260,261,0,0,3.12,96.87,100.0
2026-05-22,6244,茂迪,28.7,29.4,28.5,29.4,4466,1655,0,16,18.59,81.4,100.0
2026-05-22,6245,立端,85.3,89.0,84.8,88.0,2588,442,0,0,13.05,86.94,100.0
2026-05-22,6246,臺龍,15.65,16.2,15.45,16.0,133,-22,0,0,0.22,99.77,100.0
2026-05-22,6248,沛波,18.25,18.3,18.05,18.25,106,20,0,0,0.82,99.17,100.0
2026-05-22,6257,矽格,221.0,235.0,219.5,222.0,13548,1154,-1371,69,28.47,71.52,100.0
2026-05-22,6259,百徽,25.15,26.6,24.4,25.2,941,57,0,-12,38.79,61.2,100.0
2026-05-22,6261,久元,114.5,124.0,113.5,124.0,4898,617,0,240,7.24,92.75,100.0
2026-05-22,6263,普萊德,183.5,185.0,179.0,182.0,276,-4,0,2,1.68,98.31,100.0
2026-05-22,6264,富裔,6.01,6.14,5.98,6.03,200,13,0,0,0.03,99.96,100.0
2026-05-22,6265,方土昶,45.35,48.1,45.35,48.1,17069,6763,0,0,9.67,90.32,100.0
2026-05-22,6266,泰詠,27.1,27.2,26.8,27.05,207,-28,0,0,2.0,97.99,100.0
2026-05-22,6269,台郡,58.8,62.9,58.8,62.4,4292,2075,0,138,17.4,82.59,100.0
2026-05-22,6270,倍微,27.05,27.75,26.85,27.65,596,143,0,0,3.38,96.61,100.0
2026-05-22,6271,同欣電,217.0,226.5,217.0,226.5,8498,923,26,209,32.58,67.41,100.0
2026-05-22,6272,驊陞,32.2,33.8,32.2,33.65,519,28,0,-3,4.01,95.98,100.0
2026-05-22,6274,台燿,1455.0,1455.0,1445.0,1455.0,1681,448,12,0,38.66,61.33,100.0
2026-05-22,6275,元山,47.7,48.85,47.45,48.6,651,63,0,-3,2.16,97.83,100.0
2026-05-22,6276,安鈦克,29.1,29.75,28.9,29.3,79,28,0,0,1.68,98.31,100.0
2026-05-22,6277,宏正,74.8,75.0,73.7,74.5,332,-82,0,2,8.27,91.72,100.0
2026-05-22,6278,台表科,229.0,245.0,228.5,245.0,19577,1553,-13,322,19.18,80.81,100.0
2026-05-22,6279,胡連,119.5,120.5,118.5,120.0,1154,-43,-4,-3,4.71,95.28,100.0
2026-05-22,6281,全國電,50.6,50.8,50.6,50.7,112,47,0,0,2.19,97.8,100.0
2026-05-22,6282,康舒,54.6,58.3,54.4,57.4,78458,18893,-4,1641,19.02,80.97,100.0
2026-05-22,6283,淳安,24.55,25.05,24.5,24.6,176,34,0,3,18.39,81.6,100.0
2026-05-22,6284,佳邦,96.1,102.5,95.5,102.5,11337,1010,0,338,16.01,83.98,100.0
2026-05-22,6285,啟碁,281.0,298.0,279.0,296.0,30884,6023,-1623,688,24.13,75.86,100.0
2026-05-22,6290,良維,277.0,281.5,273.5,278.0,4512,-516,0,114,15.54,84.45,100.0
2026-05-22,6291,沛亨,520.0,541.0,513.0,541.0,3071,534,-1,35,3.52,96.47,100.0
2026-05-22,6292,迅德,53.7,55.3,53.7,54.2,249,39,0,1,1.64,98.35,100.0
2026-05-22,6294,智基,27.2,28.35,27.2,28.3,77,16,0,0,0.44,99.55,100.0
2026-05-22,6405,悅城,59.8,62.8,58.9,62.8,963,-63,0,-23,4.89,95.1,100.0
2026-05-22,6407,相互,31.38,33.1,30.9,32.35,1334,81,0,0,0.0,0.0,0.0
2026-05-22,6409,旭隼,671.0,685.0,671.0,677.0,1076,65,-6,15,50.93,49.06,100.0
2026-05-22,6411,晶焱,95.8,99.8,92.6,94.9,7152,-708,0,-15,8.73,91.26,100.0
2026-05-22,6412,群電,99.8,101.0,96.5,100.5,4925,1098,110,41,4.48,95.51,100.0
2026-05-22,6414,樺漢,352.0,353.5,347.0,350.5,1454,168,19,-27,35.64,64.35,100.0
2026-05-22,6415,矽力*-KY,564.0,573.0,547.0,562.0,12171,858,893,-108,80.9,19.09,100.0
2026-05-22,6416,瑞祺電通,90.7,91.9,90.7,91.5,441,159,0,0,4.84,95.15,100.0
2026-05-22,6417,韋僑,130.5,135.0,129.0,132.5,234,1,0,0,10.43,89.56,100.0
2026-05-22,6418,詠昇,31.8,31.8,31.0,31.4,168,-9,0,0,3.21,96.78,100.0
2026-05-22,6419,京晨科,157.0,159.5,157.0,159.5,620,-22,0,87,10.91,89.08,100.0
2026-05-22,6423,億而得-創,99.5,101.0,98.9,100.0,136,35,0,0,4.24,95.75,100.0
2026-05-22,6423,億而得,99.5,101.0,98.9,100.0,136,35,0,0,4.24,95.75,100.0
2026-05-22,6425,易發,91.0,94.3,89.1,90.4,5685,-315,0,0,3.46,96.53,100.0
2026-05-22,6426,統新,268.0,279.0,266.0,268.0,2482,-37,0,-17,8.62,91.37,100.0
2026-05-22,6428,台灣淘米,13.9,14.3,13.6,13.6,0,0,0,0,0.0,0.0,0.0
2026-05-22,6431,光麗-KY,21.2,21.7,20.8,20.8,69,12,0,-1,56.83,43.16,100.0
2026-05-22,6432,今展科,57.2,57.5,55.0,55.7,5023,114,0,1,5.73,94.26,100.0
2026-05-22,6434,達輝光電,20.89,20.75,18.9,20.35,1456,62,0,0,0.0,0.0,0.0
2026-05-22,6435,大中,231.0,239.0,224.0,231.0,1084,44,0,0,13.18,86.81,100.0
2026-05-22,6438,迅得,165.5,171.0,163.5,169.0,1365,276,0,61,7.6,92.39,100.0
2026-05-22,6441,廣錠,25.0,25.0,23.8,24.4,245,-70,0,0,0.77,99.22,100.0
2026-05-22,6442,光聖,1830.0,1930.0,1830.0,1875.0,3554,-156,91,56,32.49,67.5,100.0
2026-05-22,6443,元晶,40.1,40.4,39.7,40.05,14131,-932,0,-31,13.02,86.97,100.0
2026-05-22,6446,藥華藥,800.0,810.0,799.0,810.0,1343,328,-1,7,23.74,76.25,100.0
2026-05-22,6449,鈺邦,295.0,316.5,286.5,305.5,1167,-27,0,25,5.96,94.03,100.0
2026-05-22,6451,訊芯-KY,516.0,533.0,502.0,524.0,4693,134,-1,-19,66.99,33.0,100.0
2026-05-22,6456,GIS-KY,70.8,76.8,70.4,76.1,22341,4877,0,44,45.61,54.38,100.0
2026-05-22,6461,益得,16.35,16.45,16.0,16.3,65,6,0,0,0.64,99.35,100.0
2026-05-22,6462,神盾,148.5,150.0,140.0,144.5,5997,-459,5,49,22.94,77.05,100.0
2026-05-22,6464,台數科,77.3,78.1,77.1,78.1,36,1,0,0,0.75,19.23,19.99
2026-05-22,6465,威潤,52.5,53.8,51.2,52.8,465,86,0,0,1.59,98.4,100.0
2026-05-22,6467,泰合,136.05,140.0,132.5,136.5,202,0,0,0,0.0,0.0,0.0
2026-05-22,6469,大樹,72.0,72.0,70.6,71.5,320,-95,0,6,4.77,95.22,100.0
2026-05-22,6470,宇智,48.0,48.3,47.65,47.8,158,72,0,0,6.46,93.53,100.0
2026-05-22,6472,保瑞,386.0,391.0,376.0,379.5,1938,317,0,3,10.43,89.56,100.0
2026-05-22,6473,美賣*,8.69,9.03,8.58,9.03,76,-1,0,0,0.0,0.0,0.0
2026-05-22,6474,華豫寧,37.9,38.25,37.8,38.25,52,0,0,0,0.1,99.89,100.0
2026-05-22,6477,安集,34.45,34.7,34.35,34.45,531,49,0,0,2.73,97.26,100.0
2026-05-22,6482,弘煜科,29.95,30.65,29.45,30.0,17,-1,0,0,2.45,97.54,100.0
2026-05-22,6483,原創生醫,13.01,13.5,12.7,13.25,102,0,0,0,0.0,0.0,0.0
2026-05-22,6485,點序,104.5,109.5,101.5,106.0,3481,-158,0,5,11.99,88.0,100.0
2026-05-22,6486,互動,82.3,82.4,81.6,82.1,124,-60,0,0,4.08,95.91,100.0
2026-05-22,6488,環球晶,716.0,747.0,711.0,717.0,6555,-2261,-140,644,26.06,73.93,100.0
2026-05-22,6491,晶碩,307.0,309.0,305.0,308.0,440,-113,0,-1,10.18,89.81,100.0
2026-05-22,6492,生華科,47.0,47.0,45.9,46.35,193,26,0,0,6.36,93.63,100.0
2026-05-22,6493,雷虎生,29.31,29.6,28.55,29.15,59,0,0,0,0.0,0.0,0.0
2026-05-22,6494,九齊,56.8,58.8,56.8,58.0,472,144,0,0,10.05,89.94,100.0
2026-05-22,6496,科懋,24.0,24.35,24.0,24.35,10,1,0,0,0.3,99.69,100.0
2026-05-22,6498,久禾光,108.0,108.5,105.0,106.5,288,59,0,-3,2.5,97.49,100.0
2026-05-22,6499,益安,95.0,95.0,93.0,93.7,886,-223,0,0,12.46,87.53,100.0
2026-05-22,6504,南六,38.45,38.95,38.45,38.55,70,0,0,0,0.98,99.01,100.0
2026-05-22,6505,台塑化,51.1,51.3,50.6,51.0,5352,-1204,-6,-23,6.0,93.99,100.0
2026-05-22,6506,雙邦,19.05,19.2,19.0,19.2,187,6,0,-12,0.7,99.29,100.0
2026-05-22,6508,惠光,23.85,24.3,23.8,24.1,75,2,0,0,0.91,99.08,100.0
2026-05-22,6509,聚和,49.95,50.6,49.25,50.1,5974,909,-3,-91,10.18,89.81,100.0
2026-05-22,6510,精測,3410.0,3510.0,3300.0,3405.0,697,38,-96,15,22.2,77.79,100.0
2026-05-22,6512,啟發電,18.95,19.0,18.95,19.0,15,0,0,0,0.07,99.92,100.0
2026-05-22,6515,穎崴,9590.0,9700.0,8615.0,8700.0,882,-79,-209,6,20.84,79.15,100.0
2026-05-22,6516,勤崴國際,56.7,58.0,56.2,56.8,81,7,0,0,1.17,98.82,100.0
2026-05-22,6517,保勝光學,62.0,63.0,61.1,62.3,539,213,0,0,2.77,97.22,100.0
2026-05-22,6518,康科特,30.02,31.1,30.0,30.8,9,-1,0,0,0.0,0.0,0.0
2026-05-22,6523,達爾膚,99.0,100.0,98.8,99.0,17,-3,0,0,1.5,98.49,100.0
2026-05-22,6525,捷敏-KY,114.0,117.0,112.5,116.0,994,303,-3,3,15.91,84.08,100.0
2026-05-22,6526,達發,709.0,725.0,695.0,725.0,1994,51,15,5,7.41,92.58,100.0
2026-05-22,6527,明達醫,70.0,70.2,70.0,70.2,23,-1,0,0,0.17,99.82,100.0
2026-05-22,6530,創威,107.5,114.0,107.5,111.5,1659,171,0,0,4.82,95.17,100.0
2026-05-22,6531,愛普*,919.0,963.0,906.0,963.0,8159,687,258,16,28.88,71.11,100.0
2026-05-22,6532,瑞耘,99.7,103.0,99.7,102.0,1103,219,0,0,5.71,94.28,100.0
2026-05-22,6533,晶心科,234.0,246.0,230.5,240.0,1031,250,0,3,12.76,87.23,100.0
2026-05-22,6534,正瀚-創,96.1,97.0,95.2,97.0,171,-34,0,-10,40.92,59.07,100.0
2026-05-22,6535,順藥,129.0,129.0,125.0,127.5,254,-59,0,0,5.65,94.34,100.0
2026-05-22,6536,碩豐,24.56,25.05,24.15,24.2,25,0,0,0,0.0,0.0,0.0
2026-05-22,6538,倉和,125.5,128.5,120.0,127.5,3684,10,0,-29,4.8,95.19,100.0
2026-05-22,6539,麗彤,43.47,45.0,45.0,45.0,1,0,0,0,0.0,0.0,0.0
2026-05-22,6541,泰福-KY,38.9,39.1,37.95,38.6,343,-69,0,0,13.83,86.16,100.0
2026-05-22,6542,隆中,46.5,47.0,46.5,47.0,9,2,0,0,18.11,81.88,100.0
2026-05-22,6543,普惠醫工,22.13,22.3,21.55,21.55,8,0,0,0,0.0,0.0,0.0
2026-05-22,6546,正基,74.9,79.3,74.9,78.9,1994,384,0,110,8.37,91.62,100.0
2026-05-22,6547,高端疫苗,49.05,49.05,47.7,47.95,2651,-814,0,-9,9.63,90.36,100.0
2026-05-22,6548,長科*,51.8,52.2,51.2,51.9,3495,589,0,93,3.32,96.67,100.0
2026-05-22,6549,景凱,7.96,8.21,7.86,8.03,106,-6,0,0,0.0,0.0,0.0
2026-05-22,6550,北極星藥業-KY,16.0,16.35,16.0,16.25,861,54,0,-7,67.11,32.88,100.0
2026-05-22,6552,易華電,28.8,31.55,28.8,31.55,1391,201,0,3,1.09,98.9,100.0
2026-05-22,6555,榮炭,21.42,22.05,20.85,21.95,249,28,0,0,0.0,0.0,0.0
2026-05-22,6556,勝品,70.5,70.7,70.4,70.7,10,-1,0,0,0.57,99.42,100.0
2026-05-22,6558,興能高,31.85,33.3,31.4,33.0,1889,323,0,0,1.27,98.72,100.0
2026-05-22,6559,研晶,25.42,27.65,24.7,25.95,142,-9,0,0,0.0,0.0,0.0
2026-05-22,6560,欣普羅,38.9,38.9,38.0,38.05,83,5,0,0,5.06,94.93,100.0
2026-05-22,6561,是方,358.5,363.0,355.5,361.5,163,44,0,3,6.23,93.76,100.0
2026-05-22,6563,映智,31.12,31.8,30.6,31.4,170,0,0,0,0.0,0.0,0.0
2026-05-22,6564,安特羅,18.31,18.85,17.95,18.0,60,0,0,0,0.0,0.0,0.0
2026-05-22,6565,物聯,21.93,22.5,21.5,22.35,91,0,0,0,0.0,0.0,0.0
2026-05-22,6568,宏觀,220.0,224.5,213.5,217.0,621,-107,0,0,6.31,93.68,100.0
2026-05-22,6569,醫揚,98.6,99.8,91.9,93.1,531,-95,0,0,2.91,97.08,100.0
2026-05-22,6570,維田,53.0,54.2,52.6,54.2,638,87,0,0,1.94,98.05,100.0
2026-05-22,6572,博錸,8.95,9.2,8.86,9.14,52,0,0,0,0.0,0.0,0.0
2026-05-22,6573,虹揚-KY,13.0,13.45,13.0,13.15,112,9,0,1,54.69,45.3,100.0
2026-05-22,6574,霈方,116.0,116.0,112.5,114.0,63,-5,0,0,0.74,99.25,100.0
2026-05-22,6576,逸達,82.2,82.2,80.0,80.5,239,-92,0,0,22.4,77.59,100.0
2026-05-22,6577,勁豐,81.0,82.0,80.8,81.0,99,4,0,0,1.05,98.94,100.0
2026-05-22,6578,達邦蛋白,17.1,17.8,17.1,17.3,118,-4,0,0,0.74,99.25,100.0
2026-05-22,6579,研揚,153.5,156.5,152.5,154.5,773,255,0,0,3.5,96.49,100.0
2026-05-22,6580,台睿,16.05,16.55,15.35,16.0,146,-9,0,0,0.0,0.0,0.0
2026-05-22,6581,鋼聯,106.5,107.5,106.5,107.0,10,-2,0,0,0.97,99.02,100.0
2026-05-22,6582,申豐,30.85,30.85,30.7,30.85,61,-5,0,1,12.96,87.03,100.0
2026-05-22,6583,友松,12.45,12.45,12.25,12.45,2,0,0,0,0.0,0.0,0.0
2026-05-22,6584,南俊國際,700.0,700.0,676.0,681.0,593,-157,0,1,14.32,85.67,100.0
2026-05-22,6585,鼎基,95.2,95.9,94.9,95.3,118,12,0,0,6.77,93.22,100.0
2026-05-22,6586,醣基,67.2,73.3,67.0,69.8,1413,97,0,0,0.0,0.0,0.0
2026-05-22,6588,東典光電,129.5,135.5,129.5,130.5,1330,80,0,0,2.33,97.66,100.0
2026-05-22,6589,台康生技,43.85,43.9,42.75,43.7,1259,-97,0,0,6.15,93.84,100.0
2026-05-22,6590,普鴻,66.9,67.0,66.8,67.0,34,0,0,0,0.06,99.93,100.0
2026-05-22,6591,動力-KY,53.4,53.5,52.8,53.5,223,1,0,0,20.78,79.21,100.0
2026-05-22,6592,和潤企業,60.8,60.8,60.2,60.6,435,-19,0,0,26.04,73.95,100.0
2026-05-22,6593,台灣銘板,35.1,35.2,34.9,35.2,72,-2,0,0,1.45,98.54,100.0
2026-05-22,6595,光禹國際,30.66,32.15,30.35,32.05,12,0,0,0,0.0,0.0,0.0
2026-05-22,6596,寬宏藝術,97.9,98.2,97.7,98.0,126,-11,0,0,1.56,98.43,100.0
2026-05-22,6597,立誠,72.3,72.3,71.5,71.5,11,0,0,-3,0.0,99.99,100.0
2026-05-22,6598,ABC-KY,24.5,24.5,24.05,24.3,88,29,0,1,23.65,76.34,100.0
2026-05-22,6599,普達系統,44.0,44.5,42.6,44.5,6,0,0,0,0.0,0.0,0.0
2026-05-22,6603,富強鑫,22.75,22.75,22.1,22.4,864,-299,0,0,2.26,97.73,100.0
2026-05-22,6604,儒億,30.71,30.65,29.35,30.6,45,0,0,0,0.0,0.0,0.0
2026-05-22,6605,帝寶,130.5,131.0,129.0,130.0,246,-36,0,0,15.65,84.34,100.0
2026-05-22,6606,建德工業,24.55,24.7,24.4,24.7,122,8,0,0,3.3,96.69,100.0
2026-05-22,6609,瀧澤科,42.85,46.35,42.5,46.35,3579,425,0,-28,54.32,45.67,100.0
2026-05-22,6610,安成生技,29.26,29.9,27.55,28.7,197,0,0,0,0.0,0.0,0.0
2026-05-22,6612,奈米醫材,77.0,77.0,74.0,74.0,87,-12,0,0,25.99,74.0,100.0
2026-05-22,6613,朋億*,256.5,259.5,252.5,257.0,321,-64,0,4,7.58,92.41,100.0
2026-05-22,6614,資拓宏宇,39.8,39.85,39.35,39.4,70,-6,0,-6,0.8,99.19,100.0
2026-05-22,6615,慧智,32.4,33.4,32.4,33.1,23,1,0,0,0.26,99.73,100.0
2026-05-22,6616,特昇-KY,9.63,10.6,9.63,9.94,113,7,0,0,55.98,44.01,100.0
2026-05-22,6617,共信-KY,65.6,66.0,63.2,63.5,126,-50,0,0,38.33,61.66,100.0
2026-05-22,6618,永虹先進,18.95,21.4,18.5,20.35,872,78,0,0,0.0,0.0,0.0
2026-05-22,6620,漢達,76.1,76.1,73.6,75.4,442,35,0,5,24.93,75.06,100.0
2026-05-22,6621,華宇藥,12.13,12.2,11.95,12.1,61,0,0,0,0.0,0.0,0.0
2026-05-22,6622,百聿數碼,6.78,8.05,7.0,7.87,94,0,0,0,0.0,0.0,0.0
2026-05-22,6624,萬年清,45.85,46.2,42.6,42.6,174,-5,0,0,0.4,99.59,100.0
2026-05-22,6625,必應,73.6,73.6,72.7,73.1,154,-26,0,0,0.98,99.01,100.0
2026-05-22,6629,泰金-KY,120.5,123.0,119.5,120.5,70,-1,0,0,76.63,23.36,100.0
2026-05-22,6634,欣耀,65.1,65.6,60.9,63.5,270,0,0,0,0.0,0.0,0.0
2026-05-22,6637,醫影,65.9,66.3,65.7,66.2,39,0,0,0,0.19,99.8,100.0
2026-05-22,6638,沅聖,59.55,72.3,59.5,62.4,197,-1,0,0,0.0,0.0,0.0
2026-05-22,6639,源大環能,7.31,7.47,7.1,7.25,81,-5,0,0,0.0,0.0,0.0
2026-05-22,6640,均華,1415.0,1430.0,1355.0,1360.0,451,-42,5,-9,6.85,93.14,100.0
2026-05-22,6641,基士德-KY,18.35,18.35,18.3,18.35,10,0,0,0,29.91,70.08,100.0
2026-05-22,6642,富致,88.0,90.6,85.0,88.5,2647,28,0,0,2.42,97.57,100.0
2026-05-22,6643,M31,598.0,605.0,591.0,601.0,605,-34,0,28,11.03,88.96,100.0
2026-05-22,6645,金萬林-創,12.1,12.1,11.5,11.95,139,6,0,1,0.75,99.24,100.0
2026-05-22,6648,斯其大,15.97,16.4,16.0,16.3,24,0,0,0,0.0,0.0,0.0
2026-05-22,6649,台生材,39.6,39.6,38.5,38.5,50,5,0,0,6.5,93.49,100.0
2026-05-22,6650,帝圖,29.55,29.6,29.25,29.25,8,0,0,0,0.0,0.0,0.0
2026-05-22,6651,全宇昕,125.5,137.5,125.5,137.5,976,244,0,0,7.89,92.1,100.0
2026-05-22,6654,天正國際,97.0,97.0,94.0,96.1,26,5,0,0,0.58,99.41,100.0
2026-05-22,6655,科定,130.0,132.5,130.0,132.5,10,-2,0,0,0.48,99.51,100.0
2026-05-22,6657,華安,40.75,41.05,39.7,40.35,213,85,0,-2,7.06,92.93,100.0
2026-05-22,6658,聯策,178.0,193.0,177.0,193.0,1381,169,0,25,6.45,93.54,100.0
2026-05-22,6659,天明製藥,20.1,21.65,20.0,21.65,418,0,0,0,0.0,0.0,0.0
2026-05-22,6661,威健生技,17.85,17.85,17.85,17.85,1,0,0,0,0.02,99.97,100.0
2026-05-22,6662,樂斯科,28.6,29.1,28.6,29.1,7,0,0,0,0.2,99.79,100.0
2026-05-22,6664,群翊,412.0,435.0,409.5,432.5,1555,48,1,58,6.05,93.94,100.0
2026-05-22,6665,康聯生醫,20.76,20.6,19.4,20.55,192,1,0,0,0.0,0.0,0.0
2026-05-22,6666,羅麗芬-KY,41.55,41.6,40.6,40.6,14,-2,0,0,75.14,24.85,100.0
2026-05-22,6667,信紘科,255.0,256.5,254.5,256.0,421,-117,0,-1,8.3,91.69,100.0
2026-05-22,6668,中揚光,39.6,40.0,39.05,39.65,635,112,0,0,11.72,88.27,100.0
2026-05-22,6669,緯穎,5460.0,5575.0,5330.0,5525.0,1969,136,-65,30,30.57,69.42,100.0
2026-05-22,6670,復盛應用,260.5,261.5,259.5,260.5,182,-89,-13,8,25.58,74.41,100.0
2026-05-22,6671,三能-KY,28.55,28.55,27.85,28.0,44,-8,0,0,39.8,60.19,100.0
2026-05-22,6672,騰輝電子-KY,180.5,194.5,180.5,193.0,7301,-1533,-1,102,20.4,79.59,100.0
2026-05-22,6673,和詮,20.28,20.9,19.85,19.85,304,-6,0,0,0.0,0.0,0.0
2026-05-22,6674,鋐寶科技,17.15,17.95,16.95,17.6,71,6,0,0,0.48,99.51,100.0
2026-05-22,6676,祥翊,14.96,15.05,14.75,14.95,326,0,0,0,0.0,0.0,0.0
2026-05-22,6677,瑩碩生技,17.91,18.35,17.75,18.25,46,0,0,0,0.0,0.0,0.0
2026-05-22,6679,鈺太,341.0,343.5,333.5,335.5,968,176,5,-67,9.17,90.82,100.0
2026-05-22,6680,鑫創電子,54.5,55.9,54.5,55.9,6,0,0,0,0.2,99.79,100.0
2026-05-22,6682,華旭先進,56.93,58.0,53.8,57.9,2696,-6,0,0,0.0,0.0,0.0
2026-05-22,6683,雍智科技,1690.0,1760.0,1580.0,1650.0,3317,333,-635,-1,14.66,85.33,100.0
2026-05-22,6684,安格,47.0,48.45,46.7,47.75,345,110,0,0,5.51,94.48,100.0
2026-05-22,6689,伊雲谷,67.0,67.4,65.8,66.9,252,83,0,0,4.68,95.31,100.0
2026-05-22,6690,安碁資訊,168.5,171.0,168.5,171.0,86,40,0,0,3.86,96.13,100.0
2026-05-22,6691,洋基工程,624.0,632.0,619.0,628.0,285,-11,-3,-1,15.39,84.6,100.0
2026-05-22,6692,進能服,29.25,29.25,28.3,28.85,21,0,0,0,0.45,99.54,100.0
2026-05-22,6693,廣閎科,142.5,147.5,141.5,146.0,539,-29,0,-3,11.89,88.1,100.0
2026-05-22,6695,芯鼎,52.5,56.6,52.1,56.6,7404,1580,0,33,4.89,95.1,100.0
2026-05-22,6696,仁新,394.95,401.5,391.5,396.0,270,1,0,0,0.0,0.0,0.0
2026-05-22,6697,東捷資訊,41.2,41.2,40.7,40.9,33,3,0,0,0.91,99.08,100.0
2026-05-22,6698,旭暉應材,31.6,34.95,31.35,34.2,1220,443,0,0,3.04,96.95,100.0
2026-05-22,6703,軒郁,114.0,114.0,112.0,112.0,110,-35,0,0,13.46,86.53,100.0
2026-05-22,6704,國璽幹細胞,20.7,21.15,20.55,21.15,101,-1,0,0,0.0,0.0,0.0
2026-05-22,6705,振躍精密,93.63,97.2,93.5,93.5,35,0,0,0,0.0,0.0,0.0
2026-05-22,6706,惠特,174.0,185.0,173.0,185.0,9381,737,0,126,13.34,86.65,100.0
2026-05-22,6707,富基電通,33.13,35.5,33.5,34.95,324,4,0,0,0.0,0.0,0.0
2026-05-22,6708,天擎,39.05,40.0,39.05,40.0,37,0,0,0,3.15,96.84,100.0
2026-05-22,6709,昱厚生技,25.93,28.0,25.05,27.0,78,2,0,0,0.0,0.0,0.0
2026-05-22,6712,長聖,135.5,136.5,132.0,133.5,293,-130,0,0,3.38,96.61,100.0
2026-05-22,6715,嘉基,481.5,492.0,457.5,461.5,750,-143,0,-1,3.26,96.73,100.0
2026-05-22,6716,應廣,100.5,105.0,99.9,101.5,893,43,0,0,3.64,96.35,100.0
2026-05-22,6719,力智,238.5,238.5,228.5,232.0,2208,-277,10,-24,6.86,93.13,100.0
2026-05-22,6720,久昌,159.0,159.0,156.0,156.0,66,-4,0,-1,0.93,99.06,100.0
2026-05-22,6721,信實,59.8,61.3,58.5,59.5,22,-2,0,0,0.0,100.0,100.0
2026-05-22,6722,輝創,37.5,37.95,37.3,37.6,102,12,0,0,2.51,97.48,100.0
2026-05-22,6723,傑智環境,39.77,42.05,38.9,40.7,65,-1,0,0,0.0,0.0,0.0
2026-05-22,6725,矽科宏晟,296.5,322.0,296.5,322.0,464,85,0,21,4.69,95.3,100.0
2026-05-22,6727,亞泰金屬,600.0,600.0,581.0,600.0,782,106,0,6,14.59,85.4,100.0
2026-05-22,6728,上洋,112.5,112.5,111.0,111.0,33,11,0,0,0.77,99.22,100.0
2026-05-22,6729,機光科技,50.23,54.1,51.0,52.4,63,0,0,0,0.0,0.0,0.0
2026-05-22,6730,常廣,37.7,37.7,37.0,37.7,20,-2,0,0,0.03,99.96,100.0
2026-05-22,6732,昇佳電子,176.0,182.5,173.5,181.0,544,-55,-2,0,5.02,94.97,100.0
2026-05-22,6733,博晟生醫,28.0,28.05,27.45,27.7,216,26,0,0,1.28,98.71,100.0
2026-05-22,6734,安盛生,6.71,6.8,6.47,6.62,20,0,0,0,0.0,0.0,0.0
2026-05-22,6735,美達科技,109.5,115.0,109.0,113.0,754,-38,0,0,2.15,97.84,100.0
2026-05-22,6737,秀育,33.57,34.5,33.35,33.9,25,0,0,0,0.0,0.0,0.0
2026-05-22,6738,鼎恒,67.28,68.3,65.0,68.0,101,5,0,0,0.0,0.0,0.0
2026-05-22,6739,竹陞科技,1270.0,1285.0,1230.0,1280.0,294,30,-24,3,5.08,94.91,100.0
2026-05-22,6741,91APP*-KY,63.4,63.5,62.2,63.0,244,-94,-2,0,42.71,57.28,100.0
2026-05-22,6742,澤米,61.0,63.7,60.0,61.5,10296,-477,0,-50,1.93,98.06,100.0
2026-05-22,6743,安普新,29.1,29.55,28.9,29.15,369,161,0,0,3.83,96.16,100.0
2026-05-22,6744,豐技生技,17.08,17.55,17.4,17.55,10,0,0,0,0.0,0.0,0.0
2026-05-22,6748,亞果生醫,68.48,70.3,68.1,69.0,204,2,0,0,0.0,0.0,0.0
2026-05-22,6750,泰創工程,68.47,70.9,67.0,68.4,518,-13,0,0,0.0,0.0,0.0
2026-05-22,6751,智聯服務,47.25,48.0,46.35,47.5,58,2,0,0,0.71,99.28,100.0
2026-05-22,6752,叡揚,100.0,100.5,99.3,100.5,47,-3,0,0,2.63,97.36,100.0
2026-05-22,6753,龍德造船,129.0,129.5,126.0,126.5,1590,-217,0,-14,3.17,6.32,9.5
2026-05-22,6754,匯僑設計,44.0,45.0,44.0,44.35,22,3,0,0,15.46,84.53,100.0
2026-05-22,6755,連鋐科技,20.98,20.9,19.8,20.0,62,-10,0,0,0.0,0.0,0.0
2026-05-22,6756,威鋒電子,101.5,105.5,101.0,105.0,716,216,0,0,3.55,96.44,100.0
2026-05-22,6757,台灣虎航-創,54.0,54.4,53.5,54.1,1296,57,0,12,1.63,48.35,49.99
2026-05-22,6757,台灣虎航,54.0,54.4,53.5,54.1,1296,57,0,12,1.63,48.35,49.99
2026-05-22,6758,冠亞,31.32,32.5,32.5,32.5,0,0,0,0,0.0,0.0,0.0
2026-05-22,6761,穩得,195.0,204.0,195.0,201.5,804,96,0,-11,3.22,96.77,100.0
2026-05-22,6762,達亞,188.0,189.0,188.0,188.0,7,0,0,0,5.86,94.13,100.0
2026-05-22,6763,綠界科技,45.7,45.95,44.9,45.3,413,2,0,0,3.6,96.39,100.0
2026-05-22,6763,綠界科技*,45.7,45.95,44.9,45.3,413,2,0,0,3.6,96.39,100.0
2026-05-22,6767,台微醫,27.0,27.0,26.1,26.1,50,-4,0,0,0.21,99.78,100.0
2026-05-22,6768,志強-KY,85.2,85.3,84.0,84.2,549,-105,-3,1,58.06,41.93,100.0
2026-05-22,6770,力積電,60.3,64.8,60.2,63.8,218295,96770,588,1415,13.61,86.38,100.0
2026-05-22,6771,平和環保-創,42.0,42.2,41.3,41.7,83,2,0,7,0.5,99.49,100.0
2026-05-22,6775,穎台科技,51.16,52.0,46.85,47.05,2080,-45,0,0,0.0,0.0,0.0
2026-05-22,6776,展碁國際,59.2,59.6,58.3,59.1,588,190,0,0,2.06,97.93,100.0
2026-05-22,6780,學習王,42.31,41.05,41.05,41.05,0,0,0,0,0.0,0.0,0.0
2026-05-22,6781,AES-KY,1160.0,1220.0,1135.0,1210.0,1250,7,0,71,67.85,32.14,100.0
2026-05-22,6782,視陽,192.0,192.0,189.0,191.0,258,2,0,1,7.71,92.28,100.0
2026-05-22,6784,天凱科技,27.58,27.7,25.65,27.0,132,1,0,0,0.0,0.0,0.0
2026-05-22,6785,昱展新藥,126.0,137.0,125.5,128.5,326,-78,0,0,8.17,91.82,100.0
2026-05-22,6786,芯測,92.31,101.0,95.0,96.2,307,-20,0,0,0.0,0.0,0.0
2026-05-22,6787,晶瑞光,35.06,36.45,34.0,34.9,359,-10,0,0,0.0,0.0,0.0
2026-05-22,6788,華景電,411.0,425.0,411.0,423.5,769,-84,45,37,10.92,89.07,100.0
2026-05-22,6789,采鈺,533.0,560.0,532.0,556.0,4577,117,-3,32,3.47,96.52,100.0
2026-05-22,6790,永豐實,39.5,39.5,39.2,39.2,257,-160,0,0,1.85,98.14,100.0
2026-05-22,6791,虎門科技,113.0,115.0,108.0,115.0,227,13,0,0,11.77,88.22,100.0
2026-05-22,6792,詠業,65.0,70.3,64.8,68.5,398,108,0,0,1.89,98.1,100.0
2026-05-22,6793,天力離岸,5.26,5.55,4.95,5.19,279,2,0,0,0.0,0.0,0.0
2026-05-22,6794,向榮生技-創,81.5,81.5,79.0,79.5,41,-16,0,0,0.36,99.63,100.0
2026-05-22,6794,向榮生技,81.5,81.5,79.0,79.5,41,-16,0,0,0.36,99.63,100.0
2026-05-22,6796,晉弘,62.0,62.0,61.0,61.6,46,0,0,0,15.37,84.62,100.0
2026-05-22,6797,圓點奈米,15.45,15.85,15.0,15.7,41,0,0,0,0.0,0.0,0.0
2026-05-22,6798,展逸,50.0,50.3,49.3,49.5,5,0,0,0,0.0,0.0,0.0
2026-05-22,6799,來頡,98.3,102.5,97.7,100.5,1206,193,0,27,10.44,89.55,100.0
2026-05-22,6803,崑鼎,288.0,288.0,286.5,288.0,72,-12,0,-10,3.26,96.73,100.0
2026-05-22,6804,明係,15.75,15.8,15.4,15.7,43,0,0,0,4.2,95.79,100.0
2026-05-22,6805,富世達,1830.0,1845.0,1785.0,1795.0,989,-174,85,-5,16.78,83.21,100.0
2026-05-22,6806,森崴能源,9.27,9.27,9.27,9.27,700,63,0,0,2.64,97.35,100.0
2026-05-22,6807,峰源-KY,33.0,33.6,33.0,33.3,8,2,0,0,43.52,56.47,100.0
2026-05-22,6808,三鼎生技,31.21,31.35,29.9,30.9,208,15,0,0,0.0,0.0,0.0
2026-05-22,6810,新穎生醫,29.86,30.85,29.65,30.85,400,0,0,0,0.0,0.0,0.0
2026-05-22,6811,宏碁資訊,210.0,217.5,209.0,217.0,248,20,0,0,1.99,98.0,100.0
2026-05-22,6812,梭特,74.29,75.2,67.8,71.0,216,0,0,0,0.0,0.0,0.0
2026-05-22,6814,路迦生醫,24.15,25.0,24.0,25.0,6,0,0,0,0.0,0.0,0.0
2026-05-22,6815,晶鑽生醫,30.2,33.3,32.05,33.05,239,-12,0,0,0.0,0.0,0.0
2026-05-22,6816,捷智商訊,37.45,39.35,39.35,39.35,1,0,0,0,0.0,0.0,0.0
2026-05-22,6817,溫士頓,61.57,62.7,61.8,62.2,19,-1,0,0,0.0,0.0,0.0
2026-05-22,6818,連騰,59.86,62.0,59.0,60.4,297,20,0,0,0.0,0.0,0.0
2026-05-22,6819,眾智,58.26,62.0,53.0,60.5,403,-13,0,0,0.0,0.0,0.0
2026-05-22,6820,連訊,271.77,297.0,275.0,295.5,233,-13,0,0,0.0,0.0,0.0
2026-05-22,6821,聯寶,59.7,60.8,56.9,57.4,2985,-248,0,-38,0.5,99.49,100.0
2026-05-22,6823,濾能,80.0,82.8,80.0,82.2,250,-28,0,-2,25.21,74.78,100.0
2026-05-22,6825,和暢科技,42.35,44.45,42.3,44.45,12,-5,0,0,0.0,0.0,0.0
2026-05-22,6826,和淞,556.74,573.0,559.0,570.0,289,-9,0,0,0.0,0.0,0.0
2026-05-22,6827,巨生醫,12.9,13.85,13.15,13.85,237,5,0,0,0.0,0.0,0.0
2026-05-22,6829,千附精密,211.5,211.5,207.5,211.5,548,-28,0,35,2.61,97.38,100.0
2026-05-22,6830,汎銓,705.0,732.0,702.0,716.0,1830,-93,0,-48,5.61,94.38,100.0
2026-05-22,6831,邁科,769.0,787.0,767.0,786.0,451,64,0,-1,14.86,85.13,100.0
2026-05-22,6832,金鼎科,105.36,104.5,99.7,101.0,112,0,0,0,0.0,0.0,0.0
2026-05-22,6833,太康精密,27.46,28.85,26.3,26.6,108,3,0,0,0.0,0.0,0.0
2026-05-22,6834,天二科技,73.2,73.2,68.8,70.5,12289,496,0,13,14.73,85.26,100.0
2026-05-22,6835,圓裕,39.0,39.8,38.65,39.3,916,46,0,0,6.5,93.49,100.0
2026-05-22,6838,台新藥,26.1,26.1,25.75,25.9,171,-22,0,0,1.31,98.68,100.0
2026-05-22,6839,開陽能源,12.04,12.15,11.7,11.75,56,1,0,0,0.0,0.0,0.0
2026-05-22,6840,東研信超,63.4,64.2,62.5,62.5,135,-27,0,0,3.73,96.26,100.0
2026-05-22,6841,長佳智能,60.5,60.5,59.0,59.3,259,-27,0,-1,2.94,97.05,100.0
2026-05-22,6842,瑞宇,112.06,113.0,107.5,109.0,157,-6,0,0,0.0,0.0,0.0
2026-05-22,6843,進典,42.8,43.4,42.2,43.4,48,-1,0,0,0.21,99.78,100.0
2026-05-22,6844,諾貝兒,66.7,66.8,66.1,66.8,20,0,0,0,0.02,99.97,100.0
2026-05-22,6846,綠茵,69.4,69.5,68.0,69.0,26,1,0,0,0.19,99.8,100.0
2026-05-22,6847,普瑞博,65.24,68.0,64.0,67.2,12,2,0,0,0.0,0.0,0.0
2026-05-22,6848,拉法醫,19.1,19.55,19.0,19.55,7,0,0,0,0.0,0.0,0.0
2026-05-22,6849,奇鼎科技,202.12,226.0,195.0,223.5,766,0,0,0,0.0,0.0,0.0
2026-05-22,6850,光鼎生技,35.07,36.4,34.9,35.3,26,0,0,0,0.0,0.0,0.0
2026-05-22,6854,錼創科技-KY創,160.0,170.0,157.5,169.5,1261,298,0,3,32.79,67.2,100.0
2026-05-22,6855,數泓科,102.0,104.0,102.0,104.0,6,1,0,0,0.21,99.78,100.0
2026-05-22,6856,鑫傳,51.5,52.5,51.4,52.5,4,0,0,0,0.0,49.98,49.99
2026-05-22,6857,宏碁智醫,94.11,96.0,94.0,96.0,0,0,0,0,0.0,0.0,0.0
2026-05-22,6858,愛比科技,24.04,27.35,24.75,26.7,28,3,0,0,0.0,0.0,0.0
2026-05-22,6859,伯特光,119.0,120.5,117.5,120.5,75,12,0,0,13.75,86.24,100.0
2026-05-22,6861,睿生光電,412.0,470.0,397.0,449.0,4317,-57,0,-1,2.01,97.98,100.0
2026-05-22,6862,三集瑞-KY,182.5,194.5,180.0,189.0,2798,240,0,114,65.93,34.06,100.0
2026-05-22,6863,永道-KY,111.5,112.5,109.0,110.0,124,5,0,0,69.58,30.41,100.0
2026-05-22,6864,元樟生技,54.51,55.2,52.8,55.2,74,0,0,0,0.0,0.0,0.0
2026-05-22,6865,偉康科技,27.65,28.95,27.55,28.45,41,-1,0,0,0.24,99.75,100.0
2026-05-22,6867,坦德科技,21.47,22.05,21.2,21.8,32,0,0,0,0.0,0.0,0.0
2026-05-22,6868,采威國際,28.38,28.35,28.25,28.35,20,0,0,0,0.0,0.0,0.0
2026-05-22,6869,雲豹能源-創,81.7,81.9,80.5,80.7,568,64,0,0,2.45,97.54,100.0
2026-05-22,6869,雲豹能源,81.7,81.9,80.5,80.7,568,64,0,0,2.45,97.54,100.0
2026-05-22,6870,騰雲,226.5,235.5,220.0,235.0,441,-61,0,-14,0.89,99.1,100.0
2026-05-22,6872,浩宇生醫,18.45,18.45,18.3,18.3,5,0,0,0,0.34,99.65,100.0
2026-05-22,6873,泓德能源-創,88.2,89.0,85.5,87.4,492,-119,0,1,7.96,92.03,100.0
2026-05-22,6873,泓德能源,88.2,89.0,85.5,87.4,492,-119,0,1,7.96,92.03,100.0
2026-05-22,6874,倍力,79.6,81.4,79.4,81.0,52,-9,0,0,0.8,99.19,100.0
2026-05-22,6875,國邑*,38.9,39.0,37.75,38.0,149,-9,0,0,1.83,98.16,100.0
2026-05-22,6876,朗齊生醫*,19.7,19.9,19.3,19.6,116,0,0,0,0.0,0.0,0.0
2026-05-22,6877,鏵友益,155.0,158.0,152.5,152.5,235,-8,0,0,4.63,95.36,100.0
2026-05-22,6878,歐付寶,10.19,10.25,10.0,10.25,19,0,0,0,0.0,0.0,0.0
2026-05-22,6879,大江基因,35.78,36.5,35.85,36.5,12,0,0,0,0.0,0.0,0.0
2026-05-22,6881,潤德,272.0,273.0,272.0,273.0,18,0,0,0,0.1,99.89,100.0
2026-05-22,6882,甲尚,20.15,21.1,19.6,20.5,111,1,0,0,0.0,0.0,0.0
2026-05-22,6883,微電能源,17.31,18.35,17.6,18.1,88,0,0,0,0.0,0.0,0.0
2026-05-22,6884,海柏特,33.05,33.75,32.8,32.8,38,-1,0,0,5.54,94.45,100.0
2026-05-22,6885,全福生技,22.45,22.45,22.05,22.4,260,-70,0,1,3.09,96.9,100.0
2026-05-22,6886,遠東生技,46.8,48.4,46.4,48.4,0,0,0,0,0.0,0.0,0.0
2026-05-22,6887,寶綠特-KY,34.65,34.8,33.95,33.95,81,-10,0,0,53.26,46.73,100.0
2026-05-22,6890,來億-KY,167.0,169.0,166.0,169.0,344,97,0,-2,87.57,12.42,100.0
2026-05-22,6891,樂迦再生,48.42,50.0,47.05,49.3,858,39,0,0,0.0,0.0,0.0
2026-05-22,6892,台寶生醫,27.46,28.9,27.3,27.7,160,3,0,0,0.0,0.0,0.0
2026-05-22,6894,衛司特,360.5,368.0,350.0,358.5,199,-7,0,1,2.62,97.37,100.0
2026-05-22,6895,宏碩系統,153.0,153.0,150.0,153.0,83,-18,0,0,4.48,95.51,100.0
2026-05-22,6898,程曦資訊,101.78,102.5,100.0,102.0,18,0,0,0,0.0,0.0,0.0
2026-05-22,6899,創為精密,60.9,65.0,60.2,62.5,320,-19,0,0,5.13,94.86,100.0
2026-05-22,6901,鑽石投資,14.15,14.2,13.75,14.0,1342,-64,0,0,0.52,99.47,100.0
2026-05-22,6902,GOGOLOOK-創,141.5,141.5,125.0,129.5,705,-94,0,-1,3.21,96.78,100.0
2026-05-22,6902,GOGOLOOK,141.5,141.5,125.0,129.5,705,-94,0,-1,3.21,96.78,100.0
2026-05-22,6903,巨漢,387.5,396.0,386.0,392.5,776,49,0,-6,2.27,97.72,100.0
2026-05-22,6904,伯鑫,0.0,0.0,0.0,0.0,0,0,0,0,0.07,99.92,100.0
2026-05-22,6906,現觀科,84.3,84.3,84.3,84.3,379,-37,0,3,7.29,92.7,100.0
2026-05-22,6907,雅特力-KY,116.0,125.0,114.0,121.5,1107,54,0,2,52.13,47.86,100.0
2026-05-22,6908,宏碁遊戲-創,38.6,38.85,38.3,38.3,12,3,0,1,0.56,99.43,100.0
2026-05-22,6909,創控,53.2,54.4,53.1,53.7,867,131,0,0,8.57,91.42,100.0
2026-05-22,6910,德鴻,28.2,28.8,28.0,28.8,64,-17,0,0,4.76,95.23,100.0
2026-05-22,6911,群運,31.81,32.45,31.8,31.9,19,3,0,0,0.0,0.0,0.0
2026-05-22,6912,益鈞環科*,15.62,15.75,14.9,15.5,221,0,0,0,0.0,0.0,0.0
2026-05-22,6913,鴻呈,139.5,140.0,134.5,140.0,668,33,13,-5,2.25,97.74,100.0
2026-05-22,6914,阜爾運通,144.5,146.0,143.0,143.5,120,-25,0,0,2.21,97.78,100.0
2026-05-22,6915,美強光,66.26,80.4,68.6,70.9,195,-30,0,0,0.0,0.0,0.0
2026-05-22,6916,華凌,17.3,17.85,17.3,17.8,39,-1,0,1,0.5,99.49,100.0
2026-05-22,6917,竟天,35.26,34.95,34.35,34.8,152,0,0,0,0.0,0.0,0.0
2026-05-22,6918,愛派司,75.3,75.7,74.5,74.5,37,-8,0,0,0.8,99.19,100.0
2026-05-22,6919,康霈*,101.5,104.0,100.0,104.0,5230,957,-1,-4,12.75,87.24,100.0
2026-05-22,6920,恆勁科技,97.32,103.5,97.0,102.0,2180,71,0,0,0.0,0.0,0.0
2026-05-22,6921,嘉雨思-創,75.5,79.2,75.5,78.2,38,-15,0,-7,29.71,70.28,100.0
2026-05-22,6922,宸曜,181.5,187.5,179.5,187.5,260,46,0,5,1.67,98.32,100.0
2026-05-22,6923,中台,78.0,79.2,77.0,79.2,173,-47,0,0,1.27,98.72,100.0
2026-05-22,6924,榮惠-KY創,164.5,170.0,164.5,168.5,65,-3,0,0,76.91,23.08,100.0
2026-05-22,6925,意藍,59.0,60.5,58.9,59.3,69,7,0,0,4.04,95.95,100.0
2026-05-22,6926,聖安生醫,63.17,65.1,62.2,64.5,23,0,0,0,0.0,0.0,0.0
2026-05-22,6927,聯合聚晶,61.68,63.7,61.7,63.1,38,0,0,0,0.0,0.0,0.0
2026-05-22,6928,攸泰科技,46.9,47.25,46.25,47.0,81,9,0,0,0.5,99.49,100.0
2026-05-22,6929,佑全,22.65,23.0,22.3,23.0,18,3,0,0,0.01,99.98,100.0
2026-05-22,6931,青松健康,41.7,41.95,40.95,40.95,119,-2,0,0,0.57,99.42,100.0
2026-05-22,6932,水星生醫*,6.91,7.05,6.85,7.05,251,5,0,0,0.0,0.0,0.0
2026-05-22,6933,AMAX-KY,162.0,168.0,162.0,165.0,206,51,0,0,28.26,71.73,100.0
2026-05-22,6934,心誠鎂,74.3,77.1,74.0,76.8,28,-4,0,0,12.33,87.66,100.0
2026-05-22,6935,王子製藥,29.59,30.0,29.2,29.8,19,0,0,0,0.0,0.0,0.0
2026-05-22,6936,永鴻生技,34.1,34.1,33.6,33.6,26,-4,0,0,0.5,99.49,100.0
2026-05-22,6937,天虹,301.0,323.5,296.0,323.5,1646,489,170,67,3.08,96.91,100.0
2026-05-22,6938,藍新資訊,91.64,98.5,91.0,94.5,14,0,0,0,0.0,0.0,0.0
2026-05-22,6939,啟弘生技,22.74,22.1,21.15,22.1,15,0,0,0,0.0,0.0,0.0
2026-05-22,6940,格斯科技*,22.5,23.1,22.3,22.65,721,-4,0,0,0.0,0.0,0.0
2026-05-22,6944,兆聯實業,931.0,936.0,918.0,924.0,479,80,0,-14,13.23,86.76,100.0
2026-05-22,6945,圓祥生技,149.76,149.5,143.0,143.0,789,0,0,0,0.0,0.0,0.0
2026-05-22,6946,三地能源,11.12,11.85,10.9,10.9,50,0,0,0,0.0,0.0,0.0
2026-05-22,6947,台鎔科技,79.34,81.5,78.5,79.7,348,0,0,0,0.0,0.0,0.0
2026-05-22,6949,沛爾生醫-創,674.0,685.0,669.0,669.0,94,-2,0,1,2.13,97.86,100.0
2026-05-22,6951,青新-創,81.6,81.8,81.0,81.0,45,-9,0,0,1.88,98.11,100.0
2026-05-22,6952,大武山,36.8,37.0,36.7,36.75,42,4,0,0,0.35,99.64,100.0
2026-05-22,6953,家碩,258.0,262.0,256.0,261.0,129,-12,0,17,0.99,99.0,100.0
2026-05-22,6955,邦睿生技-創,152.0,152.0,151.5,151.5,3,0,0,0,17.7,82.29,100.0
2026-05-22,6957,裕慶-KY,161.5,163.5,160.5,160.5,84,5,0,0,6.38,93.61,100.0
2026-05-22,6958,日盛台駿,17.0,17.65,17.0,17.35,54,9,0,-6,0.43,99.56,100.0
2026-05-22,6959,兆捷科技,120.79,125.5,118.0,120.5,331,0,0,0,0.0,0.0,0.0
2026-05-22,6961,旅天下,58.4,58.5,58.3,58.4,43,0,0,0,0.47,99.52,100.0
2026-05-22,6962,奕力-KY,39.75,40.0,38.7,39.85,8761,-154,13,25,42.34,57.65,100.0
2026-05-22,6963,品元,27.09,25.8,25.8,25.8,1,0,0,0,0.0,0.0,0.0
2026-05-22,6965,中傑-KY,75.3,77.0,75.2,77.0,44,0,0,0,77.24,22.75,100.0
2026-05-22,6967,汎瑋材料,73.4,74.3,72.4,74.1,92,39,0,0,2.57,97.42,100.0
2026-05-22,6968,萬達寵物,45.05,45.2,44.5,45.0,58,-19,0,-1,1.14,98.85,100.0
2026-05-22,6969,成信實業*-創,27.9,28.1,27.85,28.0,65,0,0,-1,0.52,99.47,100.0
2026-05-22,6971,惠民實業,27.4,28.0,27.4,27.9,49,7,0,0,0.26,99.73,100.0
2026-05-22,6972,博瑞達應材,23.99,24.5,23.8,24.45,10,0,0,0,0.0,0.0,0.0
2026-05-22,6973,永立榮,33.73,35.0,33.85,34.5,8,0,0,0,0.0,0.0,0.0
2026-05-22,6976,育世博-KY,13.09,13.6,13.15,13.25,454,-9,0,0,0.0,0.0,0.0
2026-05-22,6977,聯純,287.16,299.0,287.0,298.0,69,0,0,0,0.0,0.0,0.0
2026-05-22,6979,勝釩,240.46,241.0,231.0,233.0,10,0,0,0,0.0,0.0,0.0
2026-05-22,6980,鐳洋科技,175.91,180.0,172.0,177.0,166,1,0,0,0.0,0.0,0.0
2026-05-22,6982,大井泵浦,52.9,57.2,52.3,57.2,268,1,0,-4,1.43,98.56,100.0
2026-05-22,6983,華洋精機,353.88,406.0,347.0,406.0,172,0,0,0,0.02,99.97,100.0
2026-05-22,6984,ACpay,13.81,14.05,14.0,14.05,6,0,0,0,0.0,0.0,0.0
2026-05-22,6986,和迅,60.0,60.2,59.5,59.8,93,-1,0,0,0.0,0.0,0.0
2026-05-22,6987,寶晶能源*,19.86,19.9,19.55,19.9,90,0,0,0,0.0,0.0,0.0
2026-05-22,6988,威力暘-創,16.95,17.4,16.7,16.7,93,-2,0,3,3.79,96.2,100.0
2026-05-22,6990,華鉬,153.29,192.5,157.5,162.0,1783,-4,0,0,0.0,0.0,0.0
2026-05-22,6994,富威電力,54.0,56.8,52.8,56.0,512,18,0,0,1.26,98.73,100.0
2026-05-22,6995,野獸國,48.87,48.95,48.3,48.45,29,0,0,0,0.0,0.0,0.0
2026-05-22,6996,力領科技,199.5,201.0,191.0,194.0,434,-3,0,-8,3.05,96.94,100.0
2026-05-22,6997,博弘,70.9,72.2,70.7,71.0,15,1,0,0,20.13,79.86,100.0
2026-05-22,6999,瀚醫生技,29.56,31.0,30.05,30.5,15,0,0,0,0.0,0.0,0.0
2026-05-22,7402,邑錡,95.3,98.0,95.3,96.7,301,-44,0,2,11.17,88.82,100.0
2026-05-22,7419,達勝,86.42,89.8,84.1,88.9,451,-14,0,0,0.0,0.0,0.0
2026-05-22,7427,華上生醫,39.61,39.9,38.95,39.55,250,0,0,0,0.0,0.0,0.0
2026-05-22,7443,凡事康,9.29,9.57,9.57,9.57,0,0,0,0,0.0,0.0,0.0
2026-05-22,7455,樺緯物聯,61.5,62.8,61.5,62.8,6,0,0,0,0.0,0.0,0.0
2026-05-22,7507,環拓科技,24.0,23.9,23.5,23.9,29,-1,0,0,0.0,0.0,0.0
2026-05-22,7516,清淨海,9.07,9.65,9.12,9.6,268,0,0,0,0.0,0.0,0.0
2026-05-22,7530,鋒魁科技,39.02,45.1,38.85,44.6,904,45,0,0,0.0,0.0,0.0
2026-05-22,7547,碩網,69.9,69.9,67.7,68.2,96,-6,0,0,24.38,75.61,100.0
2026-05-22,7551,知識科技,13.63,14.05,12.85,13.0,319,0,0,0,0.0,0.0,0.0
2026-05-22,7556,意德士,278.0,282.0,274.0,276.0,205,17,0,-4,3.5,96.49,100.0
2026-05-22,7558,群利科技,21.07,21.3,20.3,21.3,69,7,0,0,0.0,0.0,0.0
2026-05-22,7561,光晟生技,19.27,19.3,18.9,19.3,55,1,0,0,0.0,0.0,0.0
2026-05-22,7562,博來科技,50.29,51.7,51.6,51.7,6,0,0,0,0.0,0.0,0.0
2026-05-22,7566,亞果遊艇,13.11,13.55,13.15,13.55,137,13,0,0,0.0,0.0,0.0
2026-05-22,7575,安美得,19.93,20.1,19.85,20.0,44,0,0,0,0.0,0.0,0.0
2026-05-22,7578,利百景,31.53,35.95,31.8,34.45,344,0,0,0,0.0,0.0,0.0
2026-05-22,7583,國際海洋,50.92,50.9,46.55,46.55,31,0,0,0,0.0,0.0,0.0
2026-05-22,7584,樂意,28.5,28.5,27.6,27.7,10,-1,0,0,19.59,80.4,100.0
2026-05-22,7590,怡和國際,23.78,24.15,23.35,23.5,185,0,0,0,0.0,0.0,0.0
2026-05-22,7595,世基生醫,9.18,9.54,8.79,9.54,43,-2,0,0,0.0,0.0,0.0
2026-05-22,7607,通用幹細胞*,13.0,13.45,13.05,13.45,6,1,0,0,0.0,0.0,0.0
2026-05-22,7610,聯友金屬-創,1270.0,1310.0,1215.0,1250.0,1894,166,0,-24,15.43,84.56,100.0
2026-05-22,7631,聚賢研發-創,126.0,127.5,124.5,126.0,40,-5,0,0,0.56,99.43,100.0
2026-05-22,7642,昶瑞機電,70.2,70.6,69.7,69.7,18,-1,0,0,0.37,99.62,100.0
2026-05-22,7669,碩正科技,765.02,760.0,740.0,755.0,97,0,0,0,0.0,0.0,0.0
2026-05-22,7689,大鵬科CLMX,247.29,251.5,238.0,248.5,56,0,0,0,0.0,0.0,0.0
2026-05-22,7702,前端風電,20.17,20.25,19.5,20.2,1,0,0,0,0.0,0.0,0.0
2026-05-22,7703,銳澤,211.0,211.0,206.0,209.0,489,176,0,0,2.48,97.51,100.0
2026-05-22,7704,明遠精密,64.7,65.6,63.5,65.6,159,9,0,0,0.82,99.17,100.0
2026-05-22,7705,三商餐飲,31.9,31.9,31.65,31.9,67,-4,0,0,1.46,98.53,100.0
2026-05-22,7706,宏碁創達,40.0,0.0,0.0,0.0,0,0,0,0,0.0,0.0,0.0
2026-05-22,7707,益芯科,159.77,165.5,158.5,165.0,136,0,0,0,0.0,0.0,0.0
2026-05-22,7708,全家餐飲,92.0,92.0,91.5,91.8,21,-1,0,0,0.39,99.6,100.0
2026-05-22,7709,榮田,92.0,94.8,89.1,90.6,696,-35,0,-6,1.58,98.41,100.0
2026-05-22,7710,東擎科技,254.9,250.0,250.0,250.0,0,0,0,0,0.0,0.0,0.0
2026-05-22,7711,永擎,375.5,393.5,374.5,389.0,835,-108,0,-6,1.23,98.76,100.0
2026-05-22,7712,博盛半導體,168.5,168.5,163.0,167.5,1132,87,0,-3,2.99,97.0,100.0
2026-05-22,7713,威力德生醫,67.3,67.9,67.3,67.9,13,-1,0,0,0.09,99.9,100.0
2026-05-22,7714,創泓科技,124.5,125.0,121.0,122.5,87,-10,0,0,1.07,98.92,100.0
2026-05-22,7715,裕山,29.95,31.4,29.95,31.4,506,-2,0,0,0.87,99.12,100.0
2026-05-22,7716,昱臺國際,25.0,25.3,24.25,25.2,8,-3,0,0,0.01,99.98,100.0
2026-05-22,7717,萊德光電-KY,698.0,712.0,692.0,697.0,511,14,0,3,16.81,83.18,100.0
2026-05-22,7718,友鋮,50.3,50.3,49.6,49.9,36,-2,0,0,0.77,99.22,100.0
2026-05-22,7719,碳基,40.6,42.55,40.5,41.15,409,0,0,0,0.0,0.0,0.0
2026-05-22,7721,微程式,73.4,80.0,72.7,80.0,940,16,0,8,1.5,98.49,100.0
2026-05-22,7722,LINEPAY,259.5,271.5,258.5,266.0,153,46,0,3,59.67,40.32,100.0
2026-05-22,7723,築間,24.8,24.9,24.6,24.75,104,9,0,0,0.4,99.59,100.0
2026-05-22,7724,諾亞克,23.6,24.0,24.0,24.0,0,0,0,0,0.0,0.0,0.0
2026-05-22,7725,列特博,21.86,0.0,0.0,0.0,0,0,0,0,0.0,0.0,0.0
2026-05-22,7726,暄達,33.85,33.85,32.65,33.85,1,0,0,0,0.0,0.0,0.0
2026-05-22,7728,光焱科技,719.0,737.0,715.0,720.0,71,-11,0,0,1.63,98.36,100.0
2026-05-22,7729,仲恩生醫,73.34,74.3,72.0,73.2,249,0,0,0,0.0,0.0,0.0
2026-05-22,7730,暉盛-創,227.0,244.5,227.0,230.0,634,112,0,-23,2.56,97.43,100.0
2026-05-22,7731,火星生技*,5.92,6.09,5.76,5.81,2318,0,0,0,0.0,0.0,0.0
2026-05-22,7732,金興精密,34.9,35.3,34.5,35.2,14,-1,0,0,0.27,99.72,100.0
2026-05-22,7734,印能科技,3595.0,3735.0,3370.0,3385.0,375,-41,49,2,3.76,96.23,100.0
2026-05-22,7736,虎山,72.0,72.0,71.2,71.5,25,7,0,0,1.13,98.86,100.0
2026-05-22,7737,凱鈿,44.69,46.25,44.05,45.0,21,-3,0,0,0.0,0.0,0.0
2026-05-22,7738,東聯互動,174.0,174.0,164.5,167.5,55,-1,0,0,0.3,99.69,100.0
2026-05-22,7740,熙特爾-創,184.5,188.5,176.0,182.5,669,-40,0,-3,4.72,95.27,100.0
2026-05-22,7742,天弘化,158.42,174.5,161.5,170.0,921,0,0,0,0.0,0.0,0.0
2026-05-22,7743,金利食安,19.8,19.8,19.2,19.2,21,0,0,0,2.88,97.11,100.0
2026-05-22,7744,崴寶,513.0,525.0,491.0,501.0,220,20,0,-1,28.01,71.98,100.0
2026-05-22,7745,紅陽,17.26,17.75,17.05,17.75,20,0,0,0,0.0,0.0,0.0
2026-05-22,7747,昕奇雲端,127.5,127.5,123.0,125.0,4,0,0,0,0.74,99.25,100.0
2026-05-22,7748,鑫囍創業,22.18,21.1,20.15,21.1,12,0,0,0,0.0,0.0,0.0
2026-05-22,7749,意騰-KY,520.0,550.0,506.0,544.0,1542,149,-5,44,23.31,76.68,100.0
2026-05-22,7750,新代,2380.0,2440.0,2340.0,2390.0,405,-46,3,4,17.06,82.93,100.0
2026-05-22,7751,竑騰,1760.0,1815.0,1730.0,1815.0,211,-36,0,1,4.09,95.9,100.0
2026-05-22,7752,世紀樺欣,30.45,30.8,29.9,30.1,66,0,0,0,0.0,0.0,0.0
2026-05-22,7753,星亞,41.3,43.2,41.3,43.0,44,-2,0,0,0.21,99.78,100.0
2026-05-22,7754,安基生技,59.55,60.8,59.4,60.0,192,-3,0,0,0.0,0.0,0.0
2026-05-22,7756,多那之,42.92,43.35,43.35,43.35,0,0,0,0,0.0,0.0,0.0
2026-05-22,7757,金色三麥,105.5,106.0,103.5,104.0,10,-1,0,0,19.47,80.52,100.0
2026-05-22,7758,睿騰能源,49.84,47.5,47.4,47.4,2,0,0,0,0.0,0.0,0.0
2026-05-22,7759,視航生醫,36.74,37.1,35.2,37.1,18,0,0,0,0.0,0.0,0.0
2026-05-22,7760,享溫馨,33.55,33.55,33.4,33.4,81,-11,0,-30,0.04,99.95,100.0
2026-05-22,7761,三大未來,40.32,40.65,38.95,39.5,150,0,0,0,0.0,0.0,0.0
2026-05-22,7762,吉晟生,56.38,57.8,54.8,55.0,65,0,0,0,0.0,0.0,0.0
2026-05-22,7763,崇舜,211.66,235.0,219.0,233.0,166,0,0,0,0.0,0.0,0.0
2026-05-22,7764,聖州,13.3,13.25,12.95,13.1,55,0,0,0,0.0,0.0,0.0
2026-05-22,7765,中華資安,249.5,250.0,248.5,249.0,50,-1,0,-1,0.7,99.29,100.0
2026-05-22,7767,仁大資訊,43.65,43.65,43.55,43.65,25,0,0,0,0.11,99.88,100.0
2026-05-22,7768,頌勝科技,373.0,382.0,368.0,378.0,295,143,0,0,0.9,99.09,100.0
2026-05-22,7769,鴻勁,7750.0,7785.0,7205.0,7730.0,567,52,-157,-6,20.12,79.87,100.0
2026-05-22,7770,君曜,42.4,43.0,42.0,42.4,23,-4,0,-2,0.21,99.78,100.0
2026-05-22,7771,綠基,56.0,58.3,54.0,55.8,33,0,0,0,0.0,0.0,0.0
2026-05-22,7772,耀穎,155.0,165.5,151.5,165.5,410,70,0,1,1.09,98.9,100.0
2026-05-22,7773,富禾生醫,30.12,31.0,30.0,31.0,69,0,0,0,0.0,0.0,0.0
2026-05-22,7776,奧孟亞,26.76,27.3,26.0,27.1,54,0,0,0,0.0,0.0,0.0
2026-05-22,7777,能率亞洲,33.25,35.3,32.65,34.45,2993,601,0,-3,0.67,99.32,100.0
2026-05-22,7779,鍇睿國際,12.99,12.95,12.55,12.65,29,0,0,0,0.0,0.0,0.0
2026-05-22,7780,大研生醫*,18.5,18.55,18.1,18.5,1959,-121,0,-3,0.5,99.49,100.0
2026-05-22,7781,昕力資*,29.18,29.6,28.9,29.3,2175,-3,0,0,0.0,0.0,0.0
2026-05-22,7782,光速火箭,26.6,26.75,26.35,26.35,36,0,0,0,0.31,99.68,100.0
2026-05-22,7783,佳運,97.28,100.0,93.6,96.3,31,0,0,0,0.0,0.0,0.0
2026-05-22,7784,安邦生技*,9.94,10.25,9.55,10.15,421,0,0,0,0.0,0.0,0.0
2026-05-22,7785,北祥科服,34.1,34.05,34.0,34.0,8,0,0,0,0.0,0.0,0.0
2026-05-22,7786,東方風能,117.0,120.0,115.5,118.5,248,8,0,1,1.4,98.59,100.0
2026-05-22,7788,松川精密,185.0,195.0,182.5,192.5,878,-39,0,-3,7.38,92.61,100.0
2026-05-22,7789,開展,33.79,35.15,35.15,35.15,0,0,0,0,0.0,0.0,0.0
2026-05-22,7790,思必瑞特,56.91,59.0,52.4,52.5,26,0,0,0,0.0,0.0,0.0
2026-05-22,7791,皇家可口,63.4,63.4,62.9,63.2,23,4,0,0,0.59,99.4,100.0
2026-05-22,7792,安葆,267.0,277.0,267.0,273.0,165,7,0,2,18.06,81.93,100.0
2026-05-22,7794,宏碁智新,28.85,29.1,28.85,29.1,24,0,0,-7,1.35,98.64,100.0
2026-05-22,7795,長廣,397.5,417.0,387.0,414.5,1578,918,0,1,8.02,91.97,100.0
2026-05-22,7796,擷發科,102.09,103.0,99.6,103.0,103,-7,0,0,0.0,0.0,0.0
2026-05-22,7797,Q Burger,58.72,58.8,57.5,58.8,2,0,0,0,0.0,0.0,0.0
2026-05-22,7798,將捷,15.86,16.1,15.75,16.05,14,0,0,0,0.0,0.0,0.0
2026-05-22,7799,禾榮科,317.0,330.0,316.0,328.5,205,20,0,0,3.89,96.1,100.0
2026-05-22,7801,華芸科技,143.04,150.0,143.0,148.0,198,0,0,0,0.0,0.0,0.0
2026-05-22,7803,雲象科技-創,23.0,23.95,22.95,23.9,518,88,0,0,2.55,97.44,100.0
2026-05-22,7805,威聯通,729.0,788.0,729.0,764.0,439,129,0,18,10.02,89.97,100.0
2026-05-22,7806,精華生醫,66.06,68.7,65.0,65.0,10,0,0,0,0.0,0.0,0.0
2026-05-22,7808,訊聯智藥,38.92,40.0,38.5,39.95,64,0,0,0,0.0,0.0,0.0
2026-05-22,7810,捷創科技,229.5,230.0,226.0,229.0,95,12,0,0,0.48,99.51,100.0
2026-05-22,7811,民盛,77.7,77.7,77.0,77.0,29,1,0,0,0.33,99.66,100.0
2026-05-22,7812,稜研科技*,80.38,83.7,78.3,80.8,178,-10,0,0,0.0,0.0,0.0
2026-05-22,7813,宇辰系統,140.4,142.5,136.0,142.5,131,0,0,0,0.0,0.0,0.0
2026-05-22,7814,海昌生技,42.37,43.0,42.0,42.2,40,0,0,0,0.0,0.0,0.0
2026-05-22,7815,新特,445.86,462.5,439.5,462.5,190,0,0,0,0.0,0.0,0.0
2026-05-22,7816,來穎,66.77,67.3,64.8,66.8,25,0,0,0,0.0,0.0,0.0
2026-05-22,7818,溢泰實業,66.8,66.8,64.0,65.0,1099,30,0,0,0.05,99.94,100.0
2026-05-22,7819,精誠金融,57.07,60.8,55.6,58.0,108,0,0,0,0.0,0.0,0.0
2026-05-22,7820,立盈,135.5,135.5,132.5,134.0,69,10,0,0,0.08,99.91,100.0
2026-05-22,7821,神數,44.0,44.6,43.9,44.4,232,80,0,0,0.48,99.51,100.0
2026-05-22,7822,倍利科,1030.0,1100.0,1030.0,1070.0,250,-6,0,1,1.09,98.9,100.0
2026-05-22,7823,奧義賽博-KY創,109.0,109.0,100.0,107.0,107,-18,0,-5,25.9,74.09,100.0
2026-05-22,7824,智寶,46.33,46.9,45.55,46.7,19,0,0,0,0.0,0.0,0.0
2026-05-22,7825,和亞智慧,109.53,143.0,118.0,141.5,686,0,0,0,0.0,0.0,0.0
2026-05-22,7826,極風雲創,43.65,45.25,43.6,45.25,1,0,0,0,0.0,0.0,0.0
2026-05-22,7827,漢康-KY創,133.3,135.0,130.5,132.5,273,-2,0,0,0.0,0.0,0.0
2026-05-22,7828,創新服務,1105.0,1165.0,1105.0,1165.0,107,2,0,18,21.77,78.22,100.0
2026-05-22,7829,思捷優達-KY,40.15,41.65,39.9,41.55,93,0,0,0,0.0,0.0,0.0
2026-05-22,7831,捷博,37.1,0.0,0.0,0.0,0,0,0,0,0.0,0.0,0.0
2026-05-22,7832,智新生技*,12.02,12.6,11.95,11.95,268,0,0,0,0.0,0.0,0.0
2026-05-22,7833,綠岩能源,29.07,29.5,28.15,29.35,43,0,0,0,0.0,0.0,0.0
2026-05-22,7834,來毅數位,19.1,19.1,19.1,19.1,1,0,0,0,0.0,0.0,0.0
2026-05-22,7836,智生活,54.59,55.0,53.6,55.0,17,0,0,0,0.0,0.0,0.0
2026-05-22,7837,啟新生,102.2,103.0,103.0,103.0,1,0,0,0,0.0,0.0,0.0
2026-05-22,7839,達人網,60.5,62.5,57.5,62.5,14,0,0,0,0.0,0.0,0.0
2026-05-22,7840,祥圃,37.93,38.0,38.0,38.0,2,0,0,0,0.0,0.0,0.0
2026-05-22,7841,經貿聯網,28.64,29.0,28.6,29.0,23,0,0,0,0.0,0.0,0.0
2026-05-22,7842,天能綠電,102.5,103.0,100.5,101.0,69,29,0,0,0.61,99.38,100.0
2026-05-22,7843,英柏得,131.83,132.0,122.0,127.0,478,0,0,0,0.0,0.0,0.0
2026-05-22,7846,德揚,83.31,84.7,83.0,83.8,30,0,0,0,0.0,0.0,0.0
2026-05-22,7847,豊漁,22.31,23.05,22.35,22.45,25,0,0,0,0.0,0.0,0.0
2026-05-22,7848,騏億鑫,438.18,457.5,440.5,448.0,36,0,0,0,0.0,0.0,0.0
2026-05-22,7849,旭誼,152.4,171.5,152.0,168.5,41,0,0,0,0.0,0.0,0.0
2026-05-22,7850,寶泰生醫,18.33,18.5,18.1,18.4,64,5,0,0,0.0,0.0,0.0
2026-05-22,7851,慧康生技*-KY,41.94,43.15,40.0,41.5,147,0,0,0,0.0,0.0,0.0
2026-05-22,7853,政美應用,343.38,388.5,345.5,381.5,1693,-54,0,0,0.0,0.0,0.0
2026-05-22,7854,佐茂,89.81,96.8,88.6,94.0,86,0,0,0,0.0,0.0,0.0
2026-05-22,7855,和運租車,101.0,103.5,99.7,103.5,3,0,0,0,0.0,0.0,0.0
2026-05-22,7856,漢測,3132.16,3250.0,3055.0,3240.0,132,-14,0,0,0.0,0.0,0.0
2026-05-22,7857,合水先進,48.97,50.9,50.0,50.3,20,0,0,0,0.0,0.0,0.0
2026-05-22,7858,芝普,209.63,215.0,208.5,212.5,167,-1,0,0,0.0,0.0,0.0
2026-05-22,7860,得生製藥,55.9,55.9,53.3,55.9,0,0,0,0,0.0,0.0,0.0
2026-05-22,7861,貝爾威勒,1233.79,1460.0,1230.0,1395.0,415,0,0,0,0.0,0.0,0.0
2026-05-22,7862,聚泰,35.3,35.25,34.55,35.0,7,0,0,0,0.0,0.0,0.0
2026-05-22,7863,中科物流,52.97,53.3,53.3,53.3,0,0,0,0,0.0,0.0,0.0
2026-05-22,7865,金聯成,45.23,72.1,46.3,64.5,947,0,0,0,0.0,0.0,0.0
2026-05-22,7866,丹立,240.39,271.0,246.0,266.0,461,0,0,0,0.0,0.0,0.0
2026-05-22,7867,特力屋,57.94,58.5,57.8,58.1,24,0,0,0,0.0,0.0,0.0
2026-05-22,7868,聖育,100.33,104.5,94.7,101.0,206,0,0,0,0.0,0.0,0.0
2026-05-22,7869,宏于電機,390.72,386.5,375.0,380.0,13,0,0,0,0.0,0.0,0.0
2026-05-22,7870,聯剛科技,159.49,159.0,154.5,159.0,2,0,0,0,0.0,0.0,0.0
2026-05-22,7871,安立璽榮-KY,70.14,70.2,68.1,69.1,1028,0,0,0,0.0,0.0,0.0
2026-05-22,7872,登豐,59.34,60.8,56.7,60.6,98,0,0,0,0.0,0.0,0.0
2026-05-22,7875,安圖斯,126.24,157.5,131.5,145.0,42,0,0,0,0.0,0.0,0.0
2026-05-22,7876,鼎晉生技,35.57,36.05,33.85,35.15,216,1,0,0,0.0,0.0,0.0
2026-05-22,7877,海利普,43.98,44.2,42.05,44.1,94,0,0,0,0.0,0.0,0.0
2026-05-22,7878,藥祇,290.23,291.0,287.0,287.0,89,0,0,0,0.0,0.0,0.0
2026-05-22,7879,益材科技,118.31,125.0,115.5,124.5,814,0,0,0,0.0,0.0,0.0
2026-05-22,7880,聖凰,200.57,205.0,199.0,203.0,106,0,0,0,0.0,0.0,0.0
2026-05-22,7881,科明,102.44,103.0,102.0,102.5,12,0,0,0,0.0,0.0,0.0
2026-05-22,7882,倍利創投,22.68,22.95,22.1,22.15,224,0,0,0,0.0,0.0,0.0
2026-05-22,7883,饗賓,288.59,303.5,287.0,303.5,86,0,0,0,0.0,0.0,0.0
2026-05-22,7885,宏羚,23.64,24.15,24.15,24.15,0,0,0,0,0.0,0.0,0.0
2026-05-22,7886,科建,190.2,192.0,186.0,192.0,68,0,0,0,0.0,0.0,0.0
2026-05-22,7887,宇川精材,253.7,260.0,252.0,259.0,738,-2,0,0,0.0,0.0,0.0
2026-05-22,7888,麗寶新藥,38.5,38.35,37.0,37.5,63,0,0,0,0.0,0.0,0.0
2026-05-22,7889,騰勢,85.23,85.3,85.0,85.0,0,0,0,0,0.0,0.0,0.0
2026-05-22,7890,明曜科技,113.16,117.0,111.0,116.0,29,0,0,0,0.0,0.0,0.0
2026-05-22,7891,博研醫藥,21.91,24.5,23.2,24.5,39,0,0,0,0.0,0.0,0.0
2026-05-22,7892,元鈦科,834.78,914.0,835.0,892.0,151,0,0,0,0.0,0.0,0.0
2026-05-22,7893,睿信,204.84,240.5,208.0,217.0,147,0,0,0,0.0,0.0,0.0
2026-05-22,7895,元進莊,70.11,70.3,70.0,70.3,13,0,0,0,0.0,0.0,0.0
2026-05-22,7896,喬越,248.38,280.5,247.0,277.5,24,0,0,0,0.0,0.0,0.0
2026-05-22,7897,禾迅綠電,39.81,40.0,38.95,40.0,7,0,0,0,0.0,0.0,0.0
2026-05-22,7899,景美,449.89,455.0,430.5,451.0,317,0,0,0,0.0,0.0,0.0
2026-05-22,7901,大大寬頻,74.56,76.0,72.8,76.0,17,0,0,0,0.0,0.0,0.0
2026-05-22,7902,宇越生醫*,39.14,40.15,38.85,40.05,100,0,0,0,0.0,0.0,0.0
2026-05-22,7904,任開數位,24.1,0.0,0.0,0.0,0,0,0,0,0.0,0.0,0.0
2026-05-22,7907,錸恩帕斯,282.19,299.5,282.5,286.5,22,0,0,0,0.0,0.0,0.0
2026-05-22,7909,鈺祥,739.64,768.0,717.0,729.0,173,4,0,0,0.0,0.0,0.0
2026-05-22,7911,阿波羅電力,126.06,126.0,121.0,125.0,134,0,0,0,0.0,0.0,0.0
2026-05-22,7912,新聿科,468.62,472.0,445.5,463.0,129,0,0,0,0.0,0.0,0.0
2026-05-22,7913,通寶半導體,390.65,403.0,358.0,382.0,189,0,0,0,0.0,0.0,0.0
2026-05-22,7915,廌家,710.89,757.0,710.0,735.0,78,0,0,0,0.0,0.0,0.0
2026-05-22,7918,創鉅材料,1251.1,1330.0,1145.0,1205.0,226,2,0,0,0.0,0.0,0.0
2026-05-22,7919,禾蒼,77.28,76.3,71.7,72.9,239,0,0,0,0.0,0.0,0.0
2026-05-22,7920,瀚陽*,6.22,6.49,5.95,6.14,2998,10,0,0,0.0,0.0,0.0
2026-05-22,7922,源點*,0.0,335.0,92.0,146.5,501,1,0,0,0.0,0.0,0.0
2026-05-22,8011,台通,18.1,18.4,17.85,18.4,1701,296,0,0,2.99,97.0,100.0
2026-05-22,8016,矽創,297.0,297.0,287.0,292.0,2245,-512,-2,-53,35.98,64.01,100.0
2026-05-22,8021,尖點,396.5,422.0,396.0,422.0,6017,834,140,263,18.56,81.43,100.0
2026-05-22,8024,佑華,12.35,12.95,12.25,12.9,217,4,0,0,1.78,98.21,100.0
2026-05-22,8027,鈦昇,240.0,260.0,237.0,244.5,15334,-844,0,-51,7.07,92.92,100.0
2026-05-22,8028,昇陽半導體,280.5,294.0,280.5,294.0,8520,1175,-39,137,26.83,73.16,100.0
2026-05-22,8032,光菱,42.5,43.3,41.8,42.85,252,66,0,0,1.08,98.91,100.0
2026-05-22,8033,雷虎,137.0,138.0,135.0,138.0,2955,-285,0,-55,4.17,95.82,100.0
2026-05-22,8034,榮群,24.25,24.6,24.15,24.6,392,9,0,0,9.3,90.69,100.0
2026-05-22,8038,長園科,40.95,41.8,40.6,41.7,499,14,0,0,0.57,99.42,100.0
2026-05-22,8039,台虹,141.0,152.5,141.0,151.0,21867,8217,-92,280,18.49,81.5,100.0
2026-05-22,8040,九暘,119.0,119.0,118.0,119.0,1946,38,0,19,5.18,94.81,100.0
2026-05-22,8042,金山電,122.0,123.0,120.0,123.0,1678,-107,0,68,17.81,82.18,100.0
2026-05-22,8043,蜜望實,129.5,138.0,126.5,130.5,29063,-858,0,-64,4.82,95.17,100.0
2026-05-22,8044,網家,28.8,29.8,28.65,28.9,2629,-113,0,-3,5.56,94.43,100.0
2026-05-22,8045,達運光電,72.1,73.2,71.2,71.8,238,59,0,0,1.2,98.79,100.0
2026-05-22,8046,南電,904.0,952.0,904.0,934.0,17476,1855,1756,179,11.73,88.26,100.0
2026-05-22,8047,星雲,45.85,47.95,45.0,45.0,111,-16,0,0,0.49,99.5,100.0
2026-05-22,8048,德勝,61.5,63.4,60.8,62.7,481,121,0,0,14.51,85.48,100.0
2026-05-22,8049,晶采,26.6,26.9,26.55,26.8,468,186,0,0,2.74,97.25,100.0
2026-05-22,8050,廣積,51.8,54.5,51.4,53.8,2099,433,0,3,3.73,96.26,100.0
2026-05-22,8054,安國,112.0,118.0,107.0,111.5,6784,667,0,5,3.71,96.28,100.0
2026-05-22,8058,耐特,102.37,108.0,104.0,106.5,420,0,0,0,0.0,0.0,0.0
2026-05-22,8059,凱碩,19.0,19.4,18.5,19.4,589,165,0,0,0.87,99.12,100.0
2026-05-22,8064,東捷,121.0,132.5,117.0,132.5,14743,586,0,217,9.83,90.16,100.0
2026-05-22,8066,來思達,17.25,17.25,16.0,16.8,66,-6,0,0,3.05,96.94,100.0
2026-05-22,8067,志旭,14.4,14.4,13.5,13.65,35,0,0,0,8.42,91.57,100.0
2026-05-22,8068,全達,20.6,20.85,20.4,20.7,429,45,0,0,9.99,90.0,100.0
2026-05-22,8069,元太,228.5,229.5,224.0,224.0,5296,-1357,733,-13,41.32,58.67,100.0
2026-05-22,8070,長華*,44.2,45.05,44.1,44.9,2943,631,-4,27,9.07,90.92,100.0
2026-05-22,8071,能率網通,19.85,20.25,19.4,20.05,1850,369,0,0,4.35,95.64,100.0
2026-05-22,8072,陞泰,27.95,28.1,27.6,27.9,142,29,0,-3,2.13,97.86,100.0
2026-05-22,8074,鉅橡,75.0,79.5,75.0,78.8,3032,35,0,101,6.58,93.41,100.0
2026-05-22,8076,伍豐,24.15,24.2,23.9,24.05,1359,231,0,1,6.23,93.76,100.0
2026-05-22,8077,洛碁,44.95,45.55,44.95,45.55,20,0,0,0,51.12,48.87,100.0
2026-05-22,8080,永利聯合,28.85,28.85,27.75,27.75,69,4,0,0,0.1,99.89,100.0
2026-05-22,8080,泰霖,28.85,28.85,27.75,27.75,69,4,0,0,0.1,99.89,100.0
2026-05-22,8081,致新,275.5,281.0,272.0,279.5,1514,177,0,23,21.07,78.92,100.0
2026-05-22,8083,瑞穎,171.0,171.5,168.0,168.5,77,-17,0,0,3.25,96.74,100.0
2026-05-22,8084,巨虹,43.2,43.2,41.5,42.3,175,-23,0,0,1.01,98.98,100.0
2026-05-22,8085,福華,11.5,11.8,11.35,11.65,344,132,0,0,4.52,95.47,100.0
2026-05-22,8086,宏捷科,151.0,162.0,150.0,159.5,8438,2423,0,402,30.03,69.96,100.0
2026-05-22,8087,華鎂鑫,34.2,34.2,33.2,33.85,150,-28,0,-3,3.05,96.94,100.0
2026-05-22,8087,麗升能源,34.2,34.2,33.2,33.85,150,-28,0,-3,3.05,96.94,100.0
2026-05-22,8088,品安,54.8,57.5,54.3,56.9,4472,720,0,0,5.7,94.29,100.0
2026-05-22,8089,康全電訊,20.6,21.25,20.2,20.75,360,150,0,0,4.73,95.26,100.0
2026-05-22,8091,翔名,248.5,267.0,244.0,267.0,954,-43,0,14,13.32,86.67,100.0
2026-05-22,8092,建暐,19.6,19.6,18.2,18.3,208,-29,0,0,0.48,99.51,100.0
2026-05-22,8093,保銳,18.05,18.5,18.05,18.3,15,0,0,0,0.07,99.92,100.0
2026-05-22,8096,擎亞,110.5,118.5,110.0,118.5,22821,4259,0,217,31.16,68.83,100.0
2026-05-22,8097,常珵,56.5,58.3,56.5,57.3,93,0,0,0,2.66,97.33,100.0
2026-05-22,8098,慶康科技,376.01,393.5,378.0,386.0,78,1,0,0,0.0,0.0,0.0
2026-05-22,8099,大世科,60.1,60.1,57.5,59.5,224,2,0,0,3.45,96.54,100.0
2026-05-22,8101,華冠,13.0,13.0,13.0,13.0,2,0,0,0,0.05,99.94,100.0
2026-05-22,8102,傑霖科技,65.6,65.6,62.7,64.9,14,-1,0,0,0.16,99.83,100.0
2026-05-22,8103,瀚荃,104.5,106.0,103.5,105.5,1085,-251,0,-5,24.74,75.25,100.0
2026-05-22,8104,錸寶,34.35,35.75,34.35,35.4,1196,459,0,0,2.26,97.73,100.0
2026-05-22,8105,凌巨,16.5,17.45,16.45,17.4,16041,2516,0,-16,42.22,57.77,100.0
2026-05-22,8107,大億金茂,11.65,11.7,11.5,11.65,50,11,0,0,0.43,99.56,100.0
2026-05-22,8109,博大,126.5,127.5,122.0,125.0,879,101,-1,1,5.08,94.91,100.0
2026-05-22,8110,華東,47.7,49.95,47.6,49.15,10422,3644,0,42,2.26,97.73,100.0
2026-05-22,8111,立碁,63.1,68.1,63.1,66.8,3374,335,0,212,5.5,94.49,100.0
2026-05-22,8112,至上,86.5,87.9,86.0,86.2,20963,3681,-3,-196,20.66,79.33,100.0
2026-05-22,8114,振樺電,238.0,242.0,236.0,236.5,491,-8,0,0,12.31,87.6,100.0
2026-05-22,8119,公信,10.62,11.05,10.6,10.65,270,-13,0,0,0.0,0.0,0.0
2026-05-22,8121,越峰,37.55,41.0,37.55,39.55,4479,824,0,6,2.55,97.44,100.0
2026-05-22,8131,福懋科,62.6,65.4,62.5,64.7,4310,1233,-1,94,2.75,97.24,100.0
2026-05-22,8147,正淩,176.0,182.0,175.0,175.5,751,64,0,26,21.86,78.13,100.0
2026-05-22,8150,南茂,77.4,82.4,76.3,79.1,46238,-17099,-6,1380,42.73,57.26,100.0
2026-05-22,8155,博智,417.0,426.0,404.0,413.5,2226,-242,0,-41,10.47,89.52,100.0
2026-05-22,8162,微矽電子-創,56.0,60.8,55.7,60.8,821,116,0,-3,2.37,97.62,100.0
2026-05-22,8163,達方,36.25,36.95,35.5,35.65,9408,-1163,0,-18,6.61,93.38,100.0
2026-05-22,8171,天宇,23.35,23.7,23.15,23.7,147,34,0,0,2.94,97.05,100.0
2026-05-22,8176,智捷,10.0,10.05,9.95,10.05,169,17,0,0,0.76,99.23,100.0
2026-05-22,8182,加高,38.5,41.35,38.35,41.35,5579,1237,0,7,53.32,46.67,100.0
2026-05-22,8183,精星,31.0,31.8,31.0,31.65,508,-11,0,0,3.75,96.24,100.0
2026-05-22,8201,無敵,12.85,13.8,12.85,13.3,441,-11,0,1,0.68,99.31,100.0
2026-05-22,8210,勤誠,1350.0,1380.0,1330.0,1345.0,1307,-476,20,32,11.38,88.61,100.0
2026-05-22,8213,志超,38.3,38.95,37.9,38.55,947,358,0,1,22.66,77.33,100.0
2026-05-22,8215,明基材,28.15,29.85,27.9,29.35,6436,1116,-4,-3,2.05,97.94,100.0
2026-05-22,8222,寶一,36.8,36.8,36.0,36.35,277,-25,0,0,2.69,97.3,100.0
2026-05-22,8227,巨有科技,213.5,227.0,213.5,227.0,1313,-13,-40,138,4.12,95.87,100.0
2026-05-22,8234,新漢,67.8,70.5,67.6,70.2,1280,300,-83,-2,2.62,97.37,100.0
2026-05-22,8240,華宏,63.2,67.2,63.2,65.8,1881,-70,0,0,5.36,94.63,100.0
2026-05-22,8249,菱光,52.4,53.3,51.8,52.8,1527,282,0,0,1.35,98.64,100.0
2026-05-22,8255,朋程,156.5,158.0,155.0,157.0,1789,333,0,12,9.98,90.01,100.0
2026-05-22,8261,富鼎,151.0,164.5,149.0,160.0,11495,-787,15,21,8.48,91.51,100.0
2026-05-22,8271,宇瞻,223.0,230.5,220.5,224.5,3421,-424,-1,29,12.78,87.21,100.0
2026-05-22,8272,全景軟體,71.2,71.2,70.3,70.3,9,-1,0,0,0.21,99.78,100.0
2026-05-22,8277,商丞,6.97,7.1,6.84,7.0,190,1,0,0,1.88,98.11,100.0
2026-05-22,8279,生展,97.0,98.0,97.0,97.5,10,0,0,0,5.48,94.51,100.0
2026-05-22,8284,三竹,63.2,63.6,63.2,63.5,25,7,0,0,0.91,99.08,100.0
2026-05-22,8289,泰藝,61.3,66.8,61.1,66.8,9483,484,0,19,6.44,93.55,100.0
2026-05-22,8291,尚茂,91.1,91.1,91.1,91.1,388,1,0,0,73.46,26.53,100.0
2026-05-22,8298,威睿,48.95,51.0,49.05,50.9,14,1,0,0,0.0,0.0,0.0
2026-05-22,8299,群聯,2425.0,2480.0,2400.0,2430.0,6123,-887,-6,92,36.88,63.11,100.0
2026-05-22,8329,台視,10.27,10.5,10.2,10.5,11,0,0,0,0.0,0.0,0.0
2026-05-22,8341,日友,76.5,76.5,76.0,76.2,142,-27,0,0,4.26,95.73,100.0
2026-05-22,8342,益張,91.8,92.0,91.8,92.0,3,0,0,0,0.13,99.86,100.0
2026-05-22,8345,超秦,54.67,55.0,54.1,54.1,6,0,0,0,0.0,0.0,0.0
2026-05-22,8349,恒耀,41.9,41.9,40.65,41.5,192,21,0,0,1.06,98.93,100.0
2026-05-22,8354,冠好,16.5,17.2,16.5,16.65,43,9,0,0,0.72,99.27,100.0
2026-05-22,8358,金居,506.0,528.0,505.0,522.0,4434,1600,-4,71,33.2,66.79,100.0
2026-05-22,8359,錢櫃,65.11,65.3,64.6,65.3,17,0,0,0,0.0,0.0,0.0
2026-05-22,8367,建新國際,41.4,41.4,40.95,41.1,214,-40,0,0,1.53,98.46,100.0
2026-05-22,8374,羅昇,99.9,109.0,99.6,109.0,5607,1098,0,70,3.79,96.2,100.0
2026-05-22,8383,千附,58.9,60.9,58.1,59.3,2596,-318,0,54,13.29,86.7,100.0
2026-05-22,8390,金益鼎,124.0,124.0,117.5,120.0,1435,-137,0,-67,21.56,78.43,100.0
2026-05-22,8401,白紗科,23.0,23.05,22.85,22.9,55,25,0,0,0.23,99.76,100.0
2026-05-22,8403,盛弘,19.95,19.95,19.8,19.95,185,-81,0,0,1.74,98.25,100.0
2026-05-22,8404,百和興業-KY,16.5,16.6,16.4,16.6,364,-102,0,1,52.92,47.07,100.0
2026-05-22,8409,商之器,19.45,19.95,19.45,19.95,30,0,0,0,0.12,99.87,100.0
2026-05-22,8410,森田,34.3,34.9,34.3,34.5,71,6,0,0,0.66,99.33,100.0
2026-05-22,8411,福貞-KY,12.0,12.1,11.9,12.0,27,1,0,-1,53.76,46.23,100.0
2026-05-22,8415,大國鋼,36.45,36.45,35.7,35.8,690,31,0,5,6.66,93.33,100.0
2026-05-22,8416,實威,175.0,175.0,170.5,173.0,19,0,0,0,0.76,99.23,100.0
2026-05-22,8421,旭源,13.6,13.6,13.45,13.6,21,0,0,0,0.54,99.45,100.0
2026-05-22,8422,可寧衛,26.5,26.8,26.35,26.8,7159,345,-138,22,4.74,95.25,100.0
2026-05-22,8422,可寧衛*,26.5,26.8,26.35,26.8,7159,345,-138,22,4.74,95.25,100.0
2026-05-22,8423,保綠-KY,17.85,17.85,17.7,17.8,43,1,0,0,24.92,75.07,100.0
2026-05-22,8424,惠普,72.9,74.0,72.8,73.0,43,3,0,0,0.54,99.45,100.0
2026-05-22,8426,紅木-KY,22.45,22.5,22.05,22.15,39,1,0,0,67.56,32.43,100.0
2026-05-22,8429,金麗-KY,6.15,6.42,6.15,6.27,357,49,0,0,30.33,69.66,100.0
2026-05-22,8431,匯鑽科,57.8,62.0,57.8,60.8,1461,128,0,72,3.04,96.95,100.0
2026-05-22,8432,東生華,51.0,51.2,50.4,51.1,20,3,0,0,0.89,99.1,100.0
2026-05-22,8433,弘帆,53.1,53.5,53.0,53.5,29,-9,0,0,1.45,98.54,100.0
2026-05-22,8435,鉅邁,55.8,55.8,55.4,55.5,52,0,0,0,0.56,99.43,100.0
2026-05-22,8436,大江,120.5,121.0,119.5,120.5,520,186,-9,0,15.0,84.98,100.0
2026-05-22,8437,大地-KY,11.95,12.9,11.85,12.35,135,-16,0,0,24.1,75.89,100.0
2026-05-22,8438,昶昕,88.1,94.6,87.9,92.5,1153,-164,0,0,3.49,96.5,100.0
2026-05-22,8440,綠電,22.45,23.0,22.4,22.55,139,-1,0,0,0.94,99.05,100.0
2026-05-22,8442,威宏-KY,40.65,40.75,40.2,40.5,51,3,0,0,55.66,44.33,100.0
2026-05-22,8443,阿瘦,11.35,11.35,11.3,11.3,21,0,0,0,3.71,96.28,100.0
2026-05-22,8444,綠河-KY,6.01,6.67,6.0,6.67,117,-1,0,0,58.55,41.44,100.0
2026-05-22,8446,華研,85.5,85.5,84.5,84.8,65,-16,0,0,4.57,95.42,100.0
2026-05-22,8450,霹靂,16.05,16.05,15.8,16.0,10,-1,0,0,0.09,49.89,49.99
2026-05-22,8454,富邦媒,194.0,194.0,188.0,191.5,975,-358,0,2,12.78,87.21,100.0
2026-05-22,8455,大拓-KY,43.0,43.0,39.15,40.1,135,1,0,0,87.8,12.19,100.0
2026-05-22,8458,影一,15.23,15.6,14.95,15.6,9,4,0,0,0.0,0.0,0.0
2026-05-22,8462,柏文,140.0,140.0,137.5,138.5,148,-57,0,0,3.87,96.12,100.0
2026-05-22,8463,潤泰材,21.1,21.65,21.05,21.25,93,-3,0,3,0.34,99.65,100.0
2026-05-22,8464,億豐,318.0,318.0,311.5,316.5,992,-162,-9,-1,42.24,57.75,100.0
2026-05-22,8466,美吉吉-KY,14.3,14.3,14.0,14.1,67,4,0,1,50.3,49.69,100.0
2026-05-22,8467,波力-KY,127.0,127.0,126.0,126.0,21,-2,0,0,46.48,53.51,100.0
2026-05-22,8472,夠麻吉,74.1,74.1,69.1,69.4,38,-2,0,0,1.39,98.6,100.0
2026-05-22,8473,山林水,40.55,40.55,39.7,39.8,1512,73,0,-4,2.67,97.32,100.0
2026-05-22,8476,台境,16.1,16.1,15.85,15.85,380,-102,0,1,1.18,98.81,100.0
2026-05-22,8476,台境*,16.1,16.1,15.85,15.85,380,-102,0,1,1.18,98.81,100.0
2026-05-22,8477,創業家,15.85,15.85,15.5,15.65,90,-8,0,0,0.17,99.82,100.0
2026-05-22,8478,東哥遊艇,152.5,154.0,152.0,152.5,113,-29,0,0,39.56,60.43,100.0
2026-05-22,8481,政伸,40.25,40.6,40.05,40.6,10,1,0,0,0.37,99.62,100.0
2026-05-22,8482,商億-KY,47.85,49.45,47.85,49.0,9,0,0,0,91.72,8.27,100.0
2026-05-22,8487,愛爾達-創,79.0,80.5,79.0,80.4,41,0,0,-5,0.95,49.03,49.99
2026-05-22,8488,吉源-KY,9.62,9.87,9.62,9.85,14,-2,0,0,69.56,30.43,100.0
2026-05-22,8489,三貝德,24.35,24.35,23.0,23.9,445,25,0,0,3.22,96.77,100.0
2026-05-22,8499,鼎炫-KY,289.0,317.0,286.5,316.5,336,136,0,7,71.78,28.21,100.0
2026-05-22,8905,裕國,29.15,30.3,29.15,30.3,5,1,0,0,0.49,99.5,100.0
2026-05-22,8906,花王,25.8,25.8,25.0,25.05,14,0,0,0,0.45,99.54,100.0
2026-05-22,8908,欣雄,40.35,40.6,40.1,40.6,273,-65,0,0,0.27,99.72,100.0
2026-05-22,8916,光隆,46.75,46.75,46.15,46.5,134,-30,0,0,2.95,97.04,100.0
2026-05-22,8917,欣泰,53.7,53.7,52.8,53.1,10,-1,0,0,1.38,98.61,100.0
2026-05-22,8921,沈氏,18.45,18.45,18.45,18.45,1,0,0,0,0.18,99.81,100.0
2026-05-22,8923,時報,19.5,19.85,19.5,19.85,13,0,0,0,4.14,95.85,100.0
2026-05-22,8924,大田,64.0,64.5,64.0,64.2,138,-16,0,0,2.63,97.36,100.0
2026-05-22,8926,台汽電,60.8,62.3,60.5,60.9,6817,1121,-1,2,11.15,88.84,100.0
2026-05-22,8927,北基,19.35,19.5,18.95,19.15,620,-90,0,0,0.84,99.15,100.0
2026-05-22,8928,鉅明,21.9,21.9,21.5,21.5,30,4,0,0,0.33,99.66,100.0
2026-05-22,8929,富堡,14.3,14.3,14.1,14.2,37,-1,0,0,0.49,99.5,100.0
2026-05-22,8930,青鋼,28.5,29.2,28.4,28.7,110,23,0,0,2.67,97.32,100.0
2026-05-22,8931,大汽電,41.9,42.95,41.6,42.25,46,-3,0,0,0.29,99.7,100.0
2026-05-22,8932,智通*,102.0,102.5,99.0,101.0,3516,-517,0,-43,28.3,71.69,100.0
2026-05-22,8933,愛地雅,4.31,4.44,4.3,4.4,846,99,0,0,1.06,98.93,100.0
2026-05-22,8935,邦泰,20.4,20.4,20.0,20.0,542,48,0,0,1.9,98.09,100.0
2026-05-22,8936,國統,50.2,50.3,49.75,50.2,1342,272,-6,-1,8.12,91.87,100.0
2026-05-22,8937,合騏*,32.35,32.8,31.1,31.3,626,-15,0,-5,5.55,94.44,100.0
2026-05-22,8938,明安,54.4,54.4,54.1,54.4,133,-13,0,0,6.43,93.56,100.0
2026-05-22,8940,新天地,17.2,17.2,16.8,17.0,39,-1,0,0,8.31,91.68,100.0
2026-05-22,8941,關中,43.65,44.3,43.65,44.3,3,0,0,0,0.18,99.81,100.0
2026-05-22,8942,森鉅,42.0,42.0,40.75,40.8,606,-158,0,0,13.66,86.33,100.0
2026-05-22,8996,高力,1110.0,1170.0,1110.0,1170.0,3643,695,37,40,33.88,66.11,100.0
2026-05-22,8999,台灣積層,38.06,38.35,38.05,38.35,7,0,0,0,0.0,0.0,0.0
2026-05-22,9103,美德醫療-DR,5.1,5.25,5.01,5.2,3214,1454,0,0,1.71,98.28,100.0
2026-05-22,9105,泰金寶-DR,6.3,6.75,6.26,6.75,129475,15477,0,2471,3.52,96.47,100.0
2026-05-22,9110,越南控-DR,2.69,2.69,2.5,2.51,28,0,0,0,0.04,99.95,100.0
2026-05-22,9136,巨騰-DR,10.9,11.25,10.55,10.95,1150,80,0,0,3.04,96.95,100.0
2026-05-22,9802,鈺齊-KY,75.4,75.9,74.9,75.1,611,-94,-60,9,42.06,57.93,100.0
2026-05-22,9902,台火,13.8,13.9,13.5,13.65,173,-40,0,0,1.54,98.45,100.0
2026-05-22,9904,寶成,25.8,25.9,25.7,25.8,12592,-6038,-523,-193,37.77,62.22,100.0
2026-05-22,9905,大華,20.7,20.8,20.65,20.7,95,40,0,0,2.19,97.8,100.0
2026-05-22,9906,欣巴巴,34.95,35.05,33.2,34.5,389,-161,0,3,1.37,98.62,100.0
2026-05-22,9907,統一實,16.05,16.15,15.9,15.95,3990,-2203,-100,0,14.68,85.31,100.0
2026-05-22,9908,大台北,29.2,29.3,29.15,29.2,205,-8,0,0,1.43,98.56,100.0
2026-05-22,9910,豐泰,69.2,69.8,67.8,68.7,3534,-1712,-47,-8,8.94,91.05,100.0
2026-05-22,9911,櫻花,82.5,82.9,82.4,82.7,207,-15,0,0,18.54,81.45,100.0
2026-05-22,9912,偉聯,12.35,12.6,12.35,12.5,87,2,0,0,15.81,84.18,100.0
2026-05-22,9914,美利達,69.6,69.6,67.5,67.8,3290,-1861,0,-12,22.8,77.19,100.0
2026-05-22,9917,中保科,113.0,113.0,112.0,112.0,332,-117,-9,11,39.59,60.4,100.0
2026-05-22,9918,欣天然,43.1,43.65,43.1,43.55,93,46,0,0,2.63,97.36,100.0
2026-05-22,9919,康那香,14.35,14.4,14.15,14.25,481,-139,0,1,4.44,95.55,100.0
2026-05-22,9921,巨大,71.0,71.4,69.9,70.3,1560,-167,0,-16,27.3,72.69,100.0
2026-05-22,9924,福興,42.05,42.15,41.8,41.9,190,-28,0,0,10.73,89.26,100.0
2026-05-22,9925,新保,40.1,40.2,40.1,40.15,223,-61,0,0,17.39,82.6,100.0
2026-05-22,9926,新海,48.8,49.0,48.8,49.0,31,-5,0,0,0.44,99.55,100.0
2026-05-22,9927,泰銘,67.5,67.8,67.1,67.7,78,-38,0,0,6.42,93.57,100.0
2026-05-22,9928,中視,17.7,17.95,17.7,17.95,125,0,0,0,0.0,0.0,0.0
2026-05-22,9929,秋雨,11.4,11.4,11.25,11.4,25,0,0,0,0.44,99.55,100.0
2026-05-22,9930,中聯資源,67.6,67.8,67.5,67.7,111,-20,-1,0,1.9,98.09,100.0
2026-05-22,9931,欣高,33.9,34.0,33.8,33.85,65,-38,0,0,0.77,99.22,100.0
2026-05-22,9933,中鼎,39.75,40.0,39.15,39.3,5063,655,0,9,16.5,83.49,100.0
2026-05-22,9934,成霖,9.79,9.84,9.66,9.71,609,-270,0,0,12.86,87.13,100.0
2026-05-22,9935,慶豐富,18.55,18.7,18.45,18.6,267,-15,0,0,5.44,94.55,100.0
2026-05-22,9937,全國,55.7,55.7,55.2,55.6,57,-9,0,-1,1.69,98.3,100.0
2026-05-22,9938,百和,43.35,43.35,42.7,43.15,2271,-593,-6,-1,11.45,88.54,100.0
2026-05-22,9939,宏全,127.5,128.5,125.5,127.0,1407,-134,-10,1,14.31,85.68,100.0
2026-05-22,9940,信義,18.8,18.8,18.6,18.75,287,-108,0,-24,3.53,96.46,100.0
2026-05-22,9941,裕融,74.6,74.6,73.0,73.5,1691,-849,-5,0,6.77,93.22,100.0
2026-05-22,9942,茂順,117.0,117.5,117.0,117.0,70,-16,0,0,4.36,95.63,100.0
2026-05-22,9943,好樂迪,55.5,55.8,55.3,55.7,70,-36,0,0,1.14,98.85,100.0
2026-05-22,9944,新麗,16.95,17.0,16.85,17.0,160,4,0,0,1.03,98.96,100.0
2026-05-22,9945,潤泰新,23.45,23.6,23.1,23.3,9798,-4196,0,-33,8.02,91.97,100.0
2026-05-22,9946,三發地產,16.8,16.85,16.7,16.8,485,-103,0,0,2.43,97.56,100.0
2026-05-22,9949,琉園,23.8,23.8,23.45,23.45,925,-2,0,0,2.58,97.41,100.0
2026-05-22,9950,萬國通,11.35,11.35,10.95,11.0,95,1,0,0,0.04,99.95,100.0
2026-05-22,9951,皇田,53.1,53.3,53.0,53.1,126,-11,0,0,4.68,95.31,100.0
2026-05-22,9955,佳龍,28.2,28.3,27.95,28.15,326,-154,0,0,4.84,95.15,100.0
2026-05-22,9957,燁聯,6.08,6.11,6.03,6.11,434,0,0,0,0.0,0.0,0.0
2026-05-22,9958,世紀鋼,103.5,103.5,101.5,101.5,2097,-254,0,-15,11.83,88.16,100.0
2026-05-22,9960,邁達康,31.25,31.8,31.25,31.65,30,-2,0,0,8.98,91.01,100.0
2026-05-22,9962,有益,9.45,9.54,9.31,9.4,142,1,0,0,0.31,99.68,100.0
